date,destination,latitude,longitude,temp,humidity,wind_speed,cloud_cover,pressure,rain
2020-01-01,Lang_Son,21.8537,106.761,18.6,74,14.9,53,992.9,0
2020-01-02,Lang_Son,21.8537,106.761,19.2,85,15.2,81,991.5,1
2020-01-03,Lang_Son,21.8537,106.761,19.7,83,13.2,74,989.8,1
2020-01-04,Lang_Son,21.8537,106.761,19.4,83,16.9,72,988.0,1
2020-01-05,Lang_Son,21.8537,106.761,19.5,79,18.0,50,986.9,0
2020-01-06,Lang_Son,21.8537,106.761,20.3,81,23.0,65,985.6,1
2020-01-07,Lang_Son,21.8537,106.761,20.5,84,11.5,35,985.9,1
2020-01-08,Lang_Son,21.8537,106.761,20.3,81,18.1,73,986.2,0
2020-01-09,Lang_Son,21.8537,106.761,20.1,84,16.2,67,984.6,1
2020-01-10,Lang_Son,21.8537,106.761,21.0,86,20.7,66,983.0,1
2020-01-11,Lang_Son,21.8537,106.761,16.4,85,25.8,92,984.9,1
2020-01-12,Lang_Son,21.8537,106.761,11.4,78,21.1,65,987.0,1
2020-01-13,Lang_Son,21.8537,106.761,15.5,84,12.8,88,984.7,1
2020-01-14,Lang_Son,21.8537,106.761,17.8,96,12.7,96,984.4,1
2020-01-15,Lang_Son,21.8537,106.761,19.4,88,24.9,73,983.2,1
2020-01-16,Lang_Son,21.8537,106.761,16.0,88,23.7,90,986.0,1
2020-01-17,Lang_Son,21.8537,106.761,10.9,83,19.4,100,989.3,1
2020-01-18,Lang_Son,21.8537,106.761,11.6,88,16.1,100,987.5,1
2020-01-19,Lang_Son,21.8537,106.761,11.1,85,23.2,99,990.0,1
2020-01-20,Lang_Son,21.8537,106.761,13.4,87,11.6,99,988.9,1
2020-01-21,Lang_Son,21.8537,106.761,17.3,93,17.3,84,987.8,1
2020-01-22,Lang_Son,21.8537,106.761,20.0,87,22.7,91,985.5,1
2020-01-23,Lang_Son,21.8537,106.761,20.5,87,19.9,72,983.8,1
2020-01-24,Lang_Son,21.8537,106.761,19.6,92,23.8,89,983.9,1
2020-01-25,Lang_Son,21.8537,106.761,11.3,92,30.3,97,985.6,1
2020-01-26,Lang_Son,21.8537,106.761,10.6,68,24.3,34,987.3,1
2020-01-27,Lang_Son,21.8537,106.761,10.1,70,17.6,18,986.2,0
2020-01-28,Lang_Son,21.8537,106.761,10.1,67,16.9,57,988.1,0
2020-01-29,Lang_Son,21.8537,106.761,10.6,64,21.3,65,990.9,0
2020-01-30,Lang_Son,21.8537,106.761,11.7,65,14.3,16,990.2,0
2020-01-31,Lang_Son,21.8537,106.761,13.0,70,15.5,33,988.6,0
2020-02-01,Lang_Son,21.8537,106.761,14.6,90,12.5,88,987.7,1
2020-02-02,Lang_Son,21.8537,106.761,17.5,92,19.5,69,987.5,1
2020-02-03,Lang_Son,21.8537,106.761,13.7,95,22.5,86,987.8,1
2020-02-04,Lang_Son,21.8537,106.761,10.9,92,18.5,100,988.7,1
2020-02-05,Lang_Son,21.8537,106.761,12.4,94,13.6,99,987.1,1
2020-02-06,Lang_Son,21.8537,106.761,18.3,91,19.9,84,985.3,1
2020-02-07,Lang_Son,21.8537,106.761,15.6,92,18.1,95,988.5,1
2020-02-08,Lang_Son,21.8537,106.761,12.2,91,19.1,99,992.2,1
2020-02-09,Lang_Son,21.8537,106.761,11.4,81,22.3,83,994.4,1
2020-02-10,Lang_Son,21.8537,106.761,13.8,81,12.4,99,990.2,1
2020-02-11,Lang_Son,21.8537,106.761,17.5,90,19.1,88,986.9,1
2020-02-12,Lang_Son,21.8537,106.761,19.4,93,15.9,94,984.5,1
2020-02-13,Lang_Son,21.8537,106.761,20.6,91,22.1,83,981.1,1
2020-02-14,Lang_Son,21.8537,106.761,21.0,92,21.3,85,978.0,1
2020-02-15,Lang_Son,21.8537,106.761,20.8,88,33.6,85,981.0,1
2020-02-16,Lang_Son,21.8537,106.761,11.4,55,36.1,95,991.8,1
2020-02-17,Lang_Son,21.8537,106.761,12.7,48,24.0,59,995.4,0
2020-02-18,Lang_Son,21.8537,106.761,13.3,54,14.3,41,993.4,0
2020-02-19,Lang_Son,21.8537,106.761,15.1,74,13.0,72,990.8,0
2020-02-20,Lang_Son,21.8537,106.761,17.9,84,15.8,83,990.9,1
2020-02-21,Lang_Son,21.8537,106.761,18.5,83,12.2,64,993.9,1
2020-02-22,Lang_Son,21.8537,106.761,17.8,83,14.8,57,994.6,1
2020-02-23,Lang_Son,21.8537,106.761,17.7,78,15.3,40,991.7,0
2020-02-24,Lang_Son,21.8537,106.761,17.8,81,17.8,43,987.4,0
2020-02-25,Lang_Son,21.8537,106.761,18.5,83,15.6,36,985.8,0
2020-02-26,Lang_Son,21.8537,106.761,18.9,84,13.1,85,986.5,0
2020-02-27,Lang_Son,21.8537,106.761,19.8,83,15.5,87,986.4,1
2020-02-28,Lang_Son,21.8537,106.761,20.6,83,14.3,87,984.7,1
2020-02-29,Lang_Son,21.8537,106.761,20.8,84,18.4,65,982.8,1
2020-03-01,Lang_Son,21.8537,106.761,21.4,87,11.9,87,982.7,1
2020-03-02,Lang_Son,21.8537,106.761,21.2,86,17.1,63,983.3,1
2020-03-03,Lang_Son,21.8537,106.761,20.5,89,19.2,83,984.0,1
2020-03-04,Lang_Son,21.8537,106.761,13.2,92,26.9,98,987.2,1
2020-03-05,Lang_Son,21.8537,106.761,13.6,84,15.8,100,987.5,1
2020-03-06,Lang_Son,21.8537,106.761,17.3,90,16.4,86,983.7,1
2020-03-07,Lang_Son,21.8537,106.761,20.0,89,17.6,66,980.3,0
2020-03-08,Lang_Son,21.8537,106.761,22.6,87,20.6,42,975.4,0
2020-03-09,Lang_Son,21.8537,106.761,24.1,78,20.1,3,975.4,0
2020-03-10,Lang_Son,21.8537,106.761,18.6,64,29.9,63,984.2,1
2020-03-11,Lang_Son,21.8537,106.761,18.0,77,12.6,99,984.5,1
2020-03-12,Lang_Son,21.8537,106.761,21.2,89,19.5,91,981.5,1
2020-03-13,Lang_Son,21.8537,106.761,22.4,88,23.0,93,983.4,1
2020-03-14,Lang_Son,21.8537,106.761,17.7,77,23.3,100,987.6,1
2020-03-15,Lang_Son,21.8537,106.761,18.0,83,12.3,100,986.8,1
2020-03-16,Lang_Son,21.8537,106.761,20.3,94,12.6,100,984.8,1
2020-03-17,Lang_Son,21.8537,106.761,20.0,94,19.8,97,985.4,1
2020-03-18,Lang_Son,21.8537,106.761,16.4,91,16.4,100,983.8,1
2020-03-19,Lang_Son,21.8537,106.761,16.9,92,19.2,99,983.7,1
2020-03-20,Lang_Son,21.8537,106.761,19.4,90,13.2,100,982.9,1
2020-03-21,Lang_Son,21.8537,106.761,22.8,90,23.8,94,981.3,1
2020-03-22,Lang_Son,21.8537,106.761,23.1,89,18.9,87,981.6,1
2020-03-23,Lang_Son,21.8537,106.761,22.8,87,15.7,75,982.2,1
2020-03-24,Lang_Son,21.8537,106.761,21.7,86,15.5,52,981.8,1
2020-03-25,Lang_Son,21.8537,106.761,22.3,89,22.6,64,980.1,1
2020-03-26,Lang_Son,21.8537,106.761,23.3,88,26.1,62,979.4,1
2020-03-27,Lang_Son,21.8537,106.761,24.2,88,21.8,62,979.3,1
2020-03-28,Lang_Son,21.8537,106.761,19.0,85,24.5,88,981.8,1
2020-03-29,Lang_Son,21.8537,106.761,20.8,85,22.0,88,979.2,1
2020-03-30,Lang_Son,21.8537,106.761,14.2,89,21.1,100,980.6,1
2020-03-31,Lang_Son,21.8537,106.761,14.8,88,21.1,100,982.5,1
2020-04-01,Lang_Son,21.8537,106.761,17.3,87,12.7,100,982.8,1
2020-04-02,Lang_Son,21.8537,106.761,19.4,92,15.2,85,982.9,1
2020-04-03,Lang_Son,21.8537,106.761,18.0,94,17.1,100,984.1,1
2020-04-04,Lang_Son,21.8537,106.761,15.6,91,22.1,100,986.7,1
2020-04-05,Lang_Son,21.8537,106.761,14.6,91,19.3,100,987.7,1
2020-04-06,Lang_Son,21.8537,106.761,15.1,88,17.1,72,985.8,1
2020-04-07,Lang_Son,21.8537,106.761,17.6,81,14.0,95,984.7,1
2020-04-08,Lang_Son,21.8537,106.761,19.7,79,11.3,96,985.0,1
2020-04-09,Lang_Son,21.8537,106.761,20.3,81,10.2,53,985.7,1
2020-04-10,Lang_Son,21.8537,106.761,21.9,88,19.1,88,984.5,1
2020-04-11,Lang_Son,21.8537,106.761,23.2,89,22.5,82,983.7,1
2020-04-12,Lang_Son,21.8537,106.761,16.7,61,30.8,85,988.4,1
2020-04-13,Lang_Son,21.8537,106.761,13.5,81,15.3,84,989.0,1
2020-04-14,Lang_Son,21.8537,106.761,15.8,78,10.0,38,986.0,0
2020-04-15,Lang_Son,21.8537,106.761,18.3,85,15.5,70,983.4,0
2020-04-16,Lang_Son,21.8537,106.761,21.6,88,22.7,87,981.1,1
2020-04-17,Lang_Son,21.8537,106.761,22.5,88,20.9,88,981.4,1
2020-04-18,Lang_Son,21.8537,106.761,23.5,88,23.6,93,980.4,1
2020-04-19,Lang_Son,21.8537,106.761,24.3,87,15.5,80,979.7,1
2020-04-20,Lang_Son,21.8537,106.761,24.4,87,20.1,77,980.1,1
2020-04-21,Lang_Son,21.8537,106.761,25.0,87,15.9,72,979.5,1
2020-04-22,Lang_Son,21.8537,106.761,19.5,90,22.9,93,982.7,1
2020-04-23,Lang_Son,21.8537,106.761,16.1,88,23.8,100,986.5,1
2020-04-24,Lang_Son,21.8537,106.761,14.0,93,21.7,100,989.2,1
2020-04-25,Lang_Son,21.8537,106.761,15.9,86,16.6,99,988.2,1
2020-04-26,Lang_Son,21.8537,106.761,17.6,82,15.6,96,988.7,1
2020-04-27,Lang_Son,21.8537,106.761,19.8,75,14.5,52,987.8,0
2020-04-28,Lang_Son,21.8537,106.761,21.9,72,10.1,59,986.4,0
2020-04-29,Lang_Son,21.8537,106.761,21.9,73,10.1,49,985.1,0
2020-04-30,Lang_Son,21.8537,106.761,21.7,81,12.8,67,983.9,0
2020-05-01,Lang_Son,21.8537,106.761,22.4,88,17.0,59,981.1,1
2020-05-02,Lang_Son,21.8537,106.761,23.8,89,17.6,61,979.0,1
2020-05-03,Lang_Son,21.8537,106.761,24.9,87,16.3,83,978.7,1
2020-05-04,Lang_Son,21.8537,106.761,26.3,84,19.2,71,978.4,0
2020-05-05,Lang_Son,21.8537,106.761,27.1,82,19.6,46,976.9,0
2020-05-06,Lang_Son,21.8537,106.761,27.3,79,21.3,53,975.8,0
2020-05-07,Lang_Son,21.8537,106.761,28.1,78,23.0,22,975.0,0
2020-05-08,Lang_Son,21.8537,106.761,28.3,79,19.8,28,975.1,0
2020-05-09,Lang_Son,21.8537,106.761,28.9,78,20.8,64,976.6,0
2020-05-10,Lang_Son,21.8537,106.761,27.9,83,15.5,54,977.9,1
2020-05-11,Lang_Son,21.8537,106.761,27.0,84,15.9,62,979.4,1
2020-05-12,Lang_Son,21.8537,106.761,23.9,86,17.2,95,981.6,1
2020-05-13,Lang_Son,21.8537,106.761,25.2,86,19.5,79,980.1,1
2020-05-14,Lang_Son,21.8537,106.761,25.5,85,24.2,69,977.7,1
2020-05-15,Lang_Son,21.8537,106.761,26.7,83,22.7,44,975.2,1
2020-05-16,Lang_Son,21.8537,106.761,26.8,84,18.8,52,975.8,1
2020-05-17,Lang_Son,21.8537,106.761,24.9,91,9.1,83,975.3,1
2020-05-18,Lang_Son,21.8537,106.761,25.2,89,9.7,63,974.6,1
2020-05-19,Lang_Son,21.8537,106.761,25.9,89,14.7,55,974.6,1
2020-05-20,Lang_Son,21.8537,106.761,28.0,83,19.5,89,972.9,1
2020-05-21,Lang_Son,21.8537,106.761,29.7,78,13.6,89,972.0,0
2020-05-22,Lang_Son,21.8537,106.761,26.6,82,19.5,98,975.2,1
2020-05-23,Lang_Son,21.8537,106.761,26.4,83,11.8,97,977.3,1
2020-05-24,Lang_Son,21.8537,106.761,26.9,85,12.8,73,977.7,1
2020-05-25,Lang_Son,21.8537,106.761,26.7,86,20.1,85,977.6,1
2020-05-26,Lang_Son,21.8537,106.761,23.5,82,19.7,72,979.6,1
2020-05-27,Lang_Son,21.8537,106.761,23.6,80,18.0,58,980.6,1
2020-05-28,Lang_Son,21.8537,106.761,25.0,81,11.5,66,979.9,0
2020-05-29,Lang_Son,21.8537,106.761,25.3,89,18.6,71,978.0,1
2020-05-30,Lang_Son,21.8537,106.761,26.5,89,15.2,65,978.6,1
2020-05-31,Lang_Son,21.8537,106.761,27.6,82,18.4,85,978.3,1
2020-06-01,Lang_Son,21.8537,106.761,27.2,85,17.7,86,977.5,1
2020-06-02,Lang_Son,21.8537,106.761,27.7,82,19.3,67,975.9,1
2020-06-03,Lang_Son,21.8537,106.761,27.2,84,17.9,71,975.6,1
2020-06-04,Lang_Son,21.8537,106.761,27.8,82,19.1,82,975.1,1
2020-06-05,Lang_Son,21.8537,106.761,27.6,84,17.2,97,974.7,1
2020-06-06,Lang_Son,21.8537,106.761,27.7,84,15.3,95,974.1,1
2020-06-07,Lang_Son,21.8537,106.761,29.1,73,19.8,95,972.1,0
2020-06-08,Lang_Son,21.8537,106.761,29.3,71,18.4,100,972.5,0
2020-06-09,Lang_Son,21.8537,106.761,28.9,76,15.9,100,975.2,1
2020-06-10,Lang_Son,21.8537,106.761,27.4,86,17.4,99,976.8,1
2020-06-11,Lang_Son,21.8537,106.761,27.5,84,21.1,89,975.3,1
2020-06-12,Lang_Son,21.8537,106.761,28.3,80,22.4,82,973.1,1
2020-06-13,Lang_Son,21.8537,106.761,28.0,82,15.9,55,973.2,1
2020-06-14,Lang_Son,21.8537,106.761,26.6,90,12.4,83,975.6,1
2020-06-15,Lang_Son,21.8537,106.761,24.9,93,20.1,99,977.3,1
2020-06-16,Lang_Son,21.8537,106.761,26.0,91,20.9,63,975.9,1
2020-06-17,Lang_Son,21.8537,106.761,26.7,86,22.3,30,974.1,1
2020-06-18,Lang_Son,21.8537,106.761,27.1,86,17.3,36,975.4,1
2020-06-19,Lang_Son,21.8537,106.761,26.8,87,14.9,57,976.9,1
2020-06-20,Lang_Son,21.8537,106.761,27.2,85,19.4,51,976.2,1
2020-06-21,Lang_Son,21.8537,106.761,28.2,82,23.4,59,973.5,1
2020-06-22,Lang_Son,21.8537,106.761,29.3,77,20.6,76,973.1,1
2020-06-23,Lang_Son,21.8537,106.761,29.3,78,18.8,96,974.7,0
2020-06-24,Lang_Son,21.8537,106.761,29.3,77,16.6,98,973.9,1
2020-06-25,Lang_Son,21.8537,106.761,27.5,88,16.2,100,973.3,1
2020-06-26,Lang_Son,21.8537,106.761,28.0,83,20.2,95,973.7,1
2020-06-27,Lang_Son,21.8537,106.761,28.6,79,21.6,71,974.8,1
2020-06-28,Lang_Son,21.8537,106.761,28.1,82,20.2,66,975.0,1
2020-06-29,Lang_Son,21.8537,106.761,27.8,83,20.0,83,974.5,1
2020-06-30,Lang_Son,21.8537,106.761,27.7,85,15.0,96,973.6,1
2020-07-01,Lang_Son,21.8537,106.761,27.9,84,15.0,98,973.0,1
2020-07-02,Lang_Son,21.8537,106.761,27.2,87,15.2,98,973.2,1
2020-07-03,Lang_Son,21.8537,106.761,26.7,88,15.5,99,975.9,1
2020-07-04,Lang_Son,21.8537,106.761,26.6,87,16.1,97,976.9,1
2020-07-05,Lang_Son,21.8537,106.761,27.0,87,17.9,61,975.2,1
2020-07-06,Lang_Son,21.8537,106.761,27.5,85,20.9,74,974.8,1
2020-07-07,Lang_Son,21.8537,106.761,27.7,86,21.0,97,976.8,1
2020-07-08,Lang_Son,21.8537,106.761,28.8,78,20.5,97,975.1,1
2020-07-09,Lang_Son,21.8537,106.761,29.6,72,19.8,99,971.6,0
2020-07-10,Lang_Son,21.8537,106.761,29.6,73,23.7,100,971.5,0
2020-07-11,Lang_Son,21.8537,106.761,28.6,75,22.6,100,972.8,1
2020-07-12,Lang_Son,21.8537,106.761,28.6,77,22.0,85,974.1,0
2020-07-13,Lang_Son,21.8537,106.761,28.1,81,18.4,25,976.6,1
2020-07-14,Lang_Son,21.8537,106.761,28.4,79,14.5,30,977.4,1
2020-07-15,Lang_Son,21.8537,106.761,28.7,78,18.2,65,975.8,1
2020-07-16,Lang_Son,21.8537,106.761,28.3,79,21.2,52,975.1,1
2020-07-17,Lang_Son,21.8537,106.761,28.8,76,19.9,95,975.6,1
2020-07-18,Lang_Son,21.8537,106.761,29.4,74,22.1,98,975.6,1
2020-07-19,Lang_Son,21.8537,106.761,29.7,74,23.3,98,975.0,1
2020-07-20,Lang_Son,21.8537,106.761,27.1,87,20.0,99,977.1,1
2020-07-21,Lang_Son,21.8537,106.761,27.4,83,20.9,62,978.7,1
2020-07-22,Lang_Son,21.8537,106.761,27.7,76,19.8,27,978.1,1
2020-07-23,Lang_Son,21.8537,106.761,28.2,74,16.0,20,978.1,1
2020-07-24,Lang_Son,21.8537,106.761,28.3,74,15.3,24,978.2,1
2020-07-25,Lang_Son,21.8537,106.761,28.8,75,16.3,62,977.4,1
2020-07-26,Lang_Son,21.8537,106.761,28.8,77,21.7,90,976.1,1
2020-07-27,Lang_Son,21.8537,106.761,27.4,86,14.8,97,975.3,1
2020-07-28,Lang_Son,21.8537,106.761,26.3,90,10.8,92,976.8,1
2020-07-29,Lang_Son,21.8537,106.761,27.3,85,11.3,84,977.0,1
2020-07-30,Lang_Son,21.8537,106.761,28.1,78,12.4,54,976.6,1
2020-07-31,Lang_Son,21.8537,106.761,28.0,80,14.5,85,974.8,1
2020-08-01,Lang_Son,21.8537,106.761,25.9,87,27.0,91,970.9,1
2020-08-02,Lang_Son,21.8537,106.761,25.0,93,27.5,96,969.9,1
2020-08-03,Lang_Son,21.8537,106.761,25.2,93,17.3,100,971.5,1
2020-08-04,Lang_Son,21.8537,106.761,24.9,94,10.3,94,972.4,1
2020-08-05,Lang_Son,21.8537,106.761,25.1,94,10.9,97,974.5,1
2020-08-06,Lang_Son,21.8537,106.761,24.9,95,16.2,95,976.8,1
2020-08-07,Lang_Son,21.8537,106.761,26.1,90,17.3,76,977.0,1
2020-08-08,Lang_Son,21.8537,106.761,26.6,85,15.0,96,975.5,1
2020-08-09,Lang_Son,21.8537,106.761,27.1,87,16.3,95,973.7,1
2020-08-10,Lang_Son,21.8537,106.761,27.7,87,16.7,94,972.8,1
2020-08-11,Lang_Son,21.8537,106.761,27.9,84,17.2,93,973.1,1
2020-08-12,Lang_Son,21.8537,106.761,27.2,89,19.1,74,975.9,1
2020-08-13,Lang_Son,21.8537,106.761,25.7,91,16.0,79,977.2,1
2020-08-14,Lang_Son,21.8537,106.761,24.2,96,16.9,94,977.1,1
2020-08-15,Lang_Son,21.8537,106.761,25.2,91,19.1,69,976.5,1
2020-08-16,Lang_Son,21.8537,106.761,24.8,92,18.8,79,975.9,1
2020-08-17,Lang_Son,21.8537,106.761,24.0,95,17.7,97,976.2,1
2020-08-18,Lang_Son,21.8537,106.761,24.2,93,13.8,97,976.5,1
2020-08-19,Lang_Son,21.8537,106.761,24.7,93,13.6,98,976.1,1
2020-08-20,Lang_Son,21.8537,106.761,24.7,92,8.6,97,977.6,1
2020-08-21,Lang_Son,21.8537,106.761,25.0,91,8.0,98,979.1,1
2020-08-22,Lang_Son,21.8537,106.761,25.5,91,8.6,84,978.7,1
2020-08-23,Lang_Son,21.8537,106.761,26.1,87,14.2,33,977.2,1
2020-08-24,Lang_Son,21.8537,106.761,27.2,86,15.2,41,975.3,1
2020-08-25,Lang_Son,21.8537,106.761,26.6,90,10.7,86,974.3,1
2020-08-26,Lang_Son,21.8537,106.761,27.1,87,10.6,52,973.1,1
2020-08-27,Lang_Son,21.8537,106.761,27.8,83,10.2,52,972.3,1
2020-08-28,Lang_Son,21.8537,106.761,27.6,82,11.0,33,973.5,1
2020-08-29,Lang_Son,21.8537,106.761,27.3,88,9.3,69,975.4,1
2020-08-30,Lang_Son,21.8537,106.761,27.6,82,10.5,26,976.3,0
2020-08-31,Lang_Son,21.8537,106.761,27.3,84,6.4,66,978.2,1
2020-09-01,Lang_Son,21.8537,106.761,27.7,79,10.0,30,978.0,1
2020-09-02,Lang_Son,21.8537,106.761,28.2,75,9.3,35,978.3,0
2020-09-03,Lang_Son,21.8537,106.761,27.7,82,7.7,58,979.3,1
2020-09-04,Lang_Son,21.8537,106.761,27.4,84,9.3,54,978.9,1
2020-09-05,Lang_Son,21.8537,106.761,27.9,80,12.9,25,976.7,1
2020-09-06,Lang_Son,21.8537,106.761,28.2,82,13.7,83,975.1,1
2020-09-07,Lang_Son,21.8537,106.761,25.3,94,8.6,100,976.2,1
2020-09-08,Lang_Son,21.8537,106.761,25.2,94,6.4,98,979.3,1
2020-09-09,Lang_Son,21.8537,106.761,25.1,93,15.0,94,979.3,1
2020-09-10,Lang_Son,21.8537,106.761,25.8,93,15.6,90,976.3,1
2020-09-11,Lang_Son,21.8537,106.761,26.0,92,14.6,97,977.5,1
2020-09-12,Lang_Son,21.8537,106.761,26.2,91,10.6,95,980.4,1
2020-09-13,Lang_Son,21.8537,106.761,25.8,90,13.0,80,981.1,1
2020-09-14,Lang_Son,21.8537,106.761,25.3,91,14.8,79,979.8,1
2020-09-15,Lang_Son,21.8537,106.761,26.2,86,14.7,78,978.4,1
2020-09-16,Lang_Son,21.8537,106.761,26.5,88,14.1,81,977.2,1
2020-09-17,Lang_Son,21.8537,106.761,26.7,85,24.9,83,976.8,1
2020-09-18,Lang_Son,21.8537,106.761,22.3,81,35.0,90,978.6,1
2020-09-19,Lang_Son,21.8537,106.761,22.6,86,29.4,89,979.5,1
2020-09-20,Lang_Son,21.8537,106.761,23.2,95,13.4,98,979.8,1
2020-09-21,Lang_Son,21.8537,106.761,24.5,93,17.5,97,979.5,1
2020-09-22,Lang_Son,21.8537,106.761,25.3,93,15.5,98,979.2,1
2020-09-23,Lang_Son,21.8537,106.761,24.6,93,17.4,97,980.4,1
2020-09-24,Lang_Son,21.8537,106.761,22.6,87,18.4,85,981.9,1
2020-09-25,Lang_Son,21.8537,106.761,24.4,90,14.1,95,979.0,1
2020-09-26,Lang_Son,21.8537,106.761,25.2,92,12.8,94,978.2,1
2020-09-27,Lang_Son,21.8537,106.761,22.5,89,20.6,95,980.1,1
2020-09-28,Lang_Son,21.8537,106.761,23.7,88,16.6,84,979.8,1
2020-09-29,Lang_Son,21.8537,106.761,25.4,90,11.6,78,978.2,1
2020-09-30,Lang_Son,21.8537,106.761,25.4,92,12.2,83,977.5,1
2020-10-01,Lang_Son,21.8537,106.761,24.6,91,13.3,86,978.3,1
2020-10-02,Lang_Son,21.8537,106.761,24.9,93,9.7,76,979.0,1
2020-10-03,Lang_Son,21.8537,106.761,24.7,94,9.6,78,979.9,1
2020-10-04,Lang_Son,21.8537,106.761,25.4,91,13.1,70,980.1,1
2020-10-05,Lang_Son,21.8537,106.761,23.9,89,21.0,55,981.5,1
2020-10-06,Lang_Son,21.8537,106.761,20.5,82,21.8,31,984.3,1
2020-10-07,Lang_Son,21.8537,106.761,19.6,80,22.8,50,985.8,0
2020-10-08,Lang_Son,21.8537,106.761,19.2,78,23.7,25,986.2,0
2020-10-09,Lang_Son,21.8537,106.761,19.5,76,25.0,11,986.4,0
2020-10-10,Lang_Son,21.8537,106.761,19.5,78,21.3,10,984.5,0
2020-10-11,Lang_Son,21.8537,106.761,20.2,79,18.8,58,981.9,0
2020-10-12,Lang_Son,21.8537,106.761,21.8,76,25.2,84,980.8,0
2020-10-13,Lang_Son,21.8537,106.761,22.8,73,25.1,52,980.0,1
2020-10-14,Lang_Son,21.8537,106.761,20.1,93,31.9,100,978.5,1
2020-10-15,Lang_Son,21.8537,106.761,19.7,97,21.8,100,981.5,1
2020-10-16,Lang_Son,21.8537,106.761,20.4,82,30.9,92,984.4,1
2020-10-17,Lang_Son,21.8537,106.761,18.9,71,30.8,82,985.9,1
2020-10-18,Lang_Son,21.8537,106.761,18.4,76,27.0,89,986.1,1
2020-10-19,Lang_Son,21.8537,106.761,17.6,74,27.4,94,986.8,0
2020-10-20,Lang_Son,21.8537,106.761,17.4,77,24.3,71,987.4,1
2020-10-21,Lang_Son,21.8537,106.761,18.4,64,26.5,5,986.7,0
2020-10-22,Lang_Son,21.8537,106.761,19.2,61,27.0,38,984.0,0
2020-10-23,Lang_Son,21.8537,106.761,18.5,62,22.5,52,984.3,0
2020-10-24,Lang_Son,21.8537,106.761,18.2,71,15.0,78,984.4,0
2020-10-25,Lang_Son,21.8537,106.761,19.7,72,16.6,85,984.0,0
2020-10-26,Lang_Son,21.8537,106.761,19.5,88,18.0,82,984.3,1
2020-10-27,Lang_Son,21.8537,106.761,21.8,84,18.9,64,983.2,0
2020-10-28,Lang_Son,21.8537,106.761,22.5,80,28.7,92,983.7,1
2020-10-29,Lang_Son,21.8537,106.761,19.2,84,31.2,81,986.5,1
2020-10-30,Lang_Son,21.8537,106.761,18.5,86,21.9,90,988.1,1
2020-10-31,Lang_Son,21.8537,106.761,19.9,88,12.3,85,987.4,0
2020-11-01,Lang_Son,21.8537,106.761,22.2,85,5.6,67,985.9,1
2020-11-02,Lang_Son,21.8537,106.761,19.6,85,23.4,69,987.8,1
2020-11-03,Lang_Son,21.8537,106.761,18.1,69,19.9,72,988.7,0
2020-11-04,Lang_Son,21.8537,106.761,18.2,73,15.8,79,987.5,0
2020-11-05,Lang_Son,21.8537,106.761,19.7,82,7.9,66,986.8,1
2020-11-06,Lang_Son,21.8537,106.761,20.7,83,16.3,41,988.0,0
2020-11-07,Lang_Son,21.8537,106.761,20.5,70,22.0,14,989.2,0
2020-11-08,Lang_Son,21.8537,106.761,20.4,65,22.7,22,989.8,0
2020-11-09,Lang_Son,21.8537,106.761,18.9,59,24.0,6,989.3,0
2020-11-10,Lang_Son,21.8537,106.761,17.7,60,20.3,34,989.4,0
2020-11-11,Lang_Son,21.8537,106.761,18.2,58,16.6,27,990.5,0
2020-11-12,Lang_Son,21.8537,106.761,18.7,62,15.6,15,989.8,0
2020-11-13,Lang_Son,21.8537,106.761,18.8,62,17.3,2,987.8,0
2020-11-14,Lang_Son,21.8537,106.761,18.7,59,19.1,47,987.5,0
2020-11-15,Lang_Son,21.8537,106.761,17.8,82,21.7,100,988.0,1
2020-11-16,Lang_Son,21.8537,106.761,19.1,92,14.2,98,986.5,1
2020-11-17,Lang_Son,21.8537,106.761,21.8,91,16.7,84,983.0,1
2020-11-18,Lang_Son,21.8537,106.761,22.4,88,16.9,59,981.5,1
2020-11-19,Lang_Son,21.8537,106.761,22.5,90,14.6,60,981.0,1
2020-11-20,Lang_Son,21.8537,106.761,22.3,88,15.0,66,981.7,1
2020-11-21,Lang_Son,21.8537,106.761,22.9,86,14.5,63,982.4,0
2020-11-22,Lang_Son,21.8537,106.761,22.9,84,8.5,43,985.7,1
2020-11-23,Lang_Son,21.8537,106.761,21.0,82,13.3,52,988.1,1
2020-11-24,Lang_Son,21.8537,106.761,19.8,82,12.9,67,988.0,1
2020-11-25,Lang_Son,21.8537,106.761,20.9,85,11.3,45,987.1,1
2020-11-26,Lang_Son,21.8537,106.761,20.8,84,17.1,55,988.7,1
2020-11-27,Lang_Son,21.8537,106.761,16.9,76,20.5,13,991.5,0
2020-11-28,Lang_Son,21.8537,106.761,14.8,70,22.6,24,992.9,0
2020-11-29,Lang_Son,21.8537,106.761,13.4,64,20.6,63,992.7,0
2020-11-30,Lang_Son,21.8537,106.761,13.7,62,22.6,18,992.9,0
2020-12-01,Lang_Son,21.8537,106.761,14.5,64,19.2,58,992.1,0
2020-12-02,Lang_Son,21.8537,106.761,15.1,70,18.4,97,991.0,1
2020-12-03,Lang_Son,21.8537,106.761,14.3,63,22.8,27,991.9,0
2020-12-04,Lang_Son,21.8537,106.761,11.7,64,22.6,18,992.4,0
2020-12-05,Lang_Son,21.8537,106.761,10.7,68,18.5,1,992.1,0
2020-12-06,Lang_Son,21.8537,106.761,12.3,75,10.7,4,989.8,0
2020-12-07,Lang_Son,21.8537,106.761,13.6,71,16.8,8,991.5,0
2020-12-08,Lang_Son,21.8537,106.761,13.3,70,19.4,22,990.8,0
2020-12-09,Lang_Son,21.8537,106.761,13.8,77,8.7,14,986.8,0
2020-12-10,Lang_Son,21.8537,106.761,15.1,77,14.6,32,986.7,0
2020-12-11,Lang_Son,21.8537,106.761,16.8,78,8.8,22,984.9,0
2020-12-12,Lang_Son,21.8537,106.761,17.5,84,11.6,59,983.8,0
2020-12-13,Lang_Son,21.8537,106.761,20.4,84,15.7,72,981.4,1
2020-12-14,Lang_Son,21.8537,106.761,13.7,87,26.2,94,986.8,1
2020-12-15,Lang_Son,21.8537,106.761,7.7,82,24.1,100,992.1,1
2020-12-16,Lang_Son,21.8537,106.761,7.6,78,22.0,100,993.6,1
2020-12-17,Lang_Son,21.8537,106.761,7.7,77,18.8,100,992.1,1
2020-12-18,Lang_Son,21.8537,106.761,8.5,69,23.2,98,993.2,1
2020-12-19,Lang_Son,21.8537,106.761,9.7,58,26.8,90,994.9,0
2020-12-20,Lang_Son,21.8537,106.761,10.3,51,27.2,47,995.3,0
2020-12-21,Lang_Son,21.8537,106.761,10.8,53,23.2,21,992.9,0
2020-12-22,Lang_Son,21.8537,106.761,12.3,59,12.1,75,989.1,0
2020-12-23,Lang_Son,21.8537,106.761,13.8,69,12.8,98,987.0,1
2020-12-24,Lang_Son,21.8537,106.761,14.1,74,15.8,76,987.2,1
2020-12-25,Lang_Son,21.8537,106.761,14.6,72,12.8,66,987.0,0
2020-12-26,Lang_Son,21.8537,106.761,16.3,86,9.2,86,985.0,1
2020-12-27,Lang_Son,21.8537,106.761,18.1,93,8.4,96,984.3,1
2020-12-28,Lang_Son,21.8537,106.761,18.9,93,18.4,77,982.1,1
2020-12-29,Lang_Son,21.8537,106.761,18.7,83,30.7,74,984.5,1
2020-12-30,Lang_Son,21.8537,106.761,11.7,51,33.4,84,994.2,0
2020-12-31,Lang_Son,21.8537,106.761,8.7,44,23.4,57,995.7,0
2021-01-01,Lang_Son,21.8537,106.761,8.4,53,15.4,48,994.0,0
2021-01-02,Lang_Son,21.8537,106.761,9.7,60,10.4,12,990.2,0
2021-01-03,Lang_Son,21.8537,106.761,10.6,67,14.6,53,990.6,0
2021-01-04,Lang_Son,21.8537,106.761,12.6,67,11.2,34,989.7,0
2021-01-05,Lang_Son,21.8537,106.761,13.7,67,13.5,75,989.5,0
2021-01-06,Lang_Son,21.8537,106.761,13.3,57,17.3,100,988.8,0
2021-01-07,Lang_Son,21.8537,106.761,9.1,74,24.0,100,990.5,1
2021-01-08,Lang_Son,21.8537,106.761,5.2,64,28.3,86,995.0,1
2021-01-09,Lang_Son,21.8537,106.761,6.4,44,19.8,82,993.4,0
2021-01-10,Lang_Son,21.8537,106.761,7.8,45,17.6,60,992.5,0
2021-01-11,Lang_Son,21.8537,106.761,8.0,35,32.0,57,997.2,0
2021-01-12,Lang_Son,21.8537,106.761,9.9,45,19.8,35,994.2,0
2021-01-13,Lang_Son,21.8537,106.761,11.3,52,10.5,10,987.2,0
2021-01-14,Lang_Son,21.8537,106.761,12.5,72,8.4,21,985.9,0
2021-01-15,Lang_Son,21.8537,106.761,13.4,83,11.8,70,984.1,0
2021-01-16,Lang_Son,21.8537,106.761,15.4,85,9.9,86,985.2,1
2021-01-17,Lang_Son,21.8537,106.761,11.6,66,36.1,93,994.6,1
2021-01-18,Lang_Son,21.8537,106.761,10.6,52,18.7,10,992.8,0
2021-01-19,Lang_Son,21.8537,106.761,12.1,67,13.5,0,987.1,0
2021-01-20,Lang_Son,21.8537,106.761,13.5,82,13.6,50,985.5,0
2021-01-21,Lang_Son,21.8537,106.761,15.7,81,9.8,70,984.8,1
2021-01-22,Lang_Son,21.8537,106.761,15.5,81,14.3,51,984.7,0
2021-01-23,Lang_Son,21.8537,106.761,16.6,76,11.6,35,983.9,0
2021-01-24,Lang_Son,21.8537,106.761,17.1,79,24.4,21,982.6,0
2021-01-25,Lang_Son,21.8537,106.761,18.5,88,14.0,87,984.5,1
2021-01-26,Lang_Son,21.8537,106.761,16.7,86,16.4,78,986.0,1
2021-01-27,Lang_Son,21.8537,106.761,17.0,84,11.9,63,985.4,0
2021-01-28,Lang_Son,21.8537,106.761,14.7,69,28.5,74,991.2,1
2021-01-29,Lang_Son,21.8537,106.761,15.3,62,13.3,51,989.9,0
2021-01-30,Lang_Son,21.8537,106.761,15.5,79,14.5,77,988.7,1
2021-01-31,Lang_Son,21.8537,106.761,16.6,85,17.6,85,988.3,0
2021-02-01,Lang_Son,21.8537,106.761,18.4,81,12.7,66,987.5,1
2021-02-02,Lang_Son,21.8537,106.761,17.6,85,11.9,55,988.0,1
2021-02-03,Lang_Son,21.8537,106.761,18.3,77,14.2,47,988.6,0
2021-02-04,Lang_Son,21.8537,106.761,17.7,81,15.7,46,988.9,1
2021-02-05,Lang_Son,21.8537,106.761,17.9,77,10.4,39,987.6,1
2021-02-06,Lang_Son,21.8537,106.761,18.1,70,11.2,5,986.0,0
2021-02-07,Lang_Son,21.8537,106.761,18.9,71,16.5,9,985.4,0
2021-02-08,Lang_Son,21.8537,106.761,18.0,82,19.2,65,986.9,1
2021-02-09,Lang_Son,21.8537,106.761,12.8,95,21.0,98,986.6,1
2021-02-10,Lang_Son,21.8537,106.761,14.2,79,18.3,27,985.2,0
2021-02-11,Lang_Son,21.8537,106.761,14.8,76,14.0,17,985.5,0
2021-02-12,Lang_Son,21.8537,106.761,16.0,73,9.4,44,986.3,0
2021-02-13,Lang_Son,21.8537,106.761,16.7,74,10.7,59,986.0,0
2021-02-14,Lang_Son,21.8537,106.761,17.9,75,10.5,44,985.5,0
2021-02-15,Lang_Son,21.8537,106.761,18.5,75,17.1,30,983.1,0
2021-02-16,Lang_Son,21.8537,106.761,17.9,82,19.8,63,984.8,1
2021-02-17,Lang_Son,21.8537,106.761,17.5,63,21.7,88,989.8,0
2021-02-18,Lang_Son,21.8537,106.761,17.8,63,12.0,77,992.4,0
2021-02-19,Lang_Son,21.8537,106.761,17.6,68,8.2,53,991.9,0
2021-02-20,Lang_Son,21.8537,106.761,17.8,71,11.9,38,988.4,0
2021-02-21,Lang_Son,21.8537,106.761,18.4,68,16.7,8,984.8,0
2021-02-22,Lang_Son,21.8537,106.761,19.9,76,14.2,62,984.3,0
2021-02-23,Lang_Son,21.8537,106.761,19.9,76,13.4,31,983.7,0
2021-02-24,Lang_Son,21.8537,106.761,19.7,78,24.8,43,980.5,0
2021-02-25,Lang_Son,21.8537,106.761,20.1,87,22.8,77,977.4,1
2021-02-26,Lang_Son,21.8537,106.761,20.5,79,26.3,80,978.2,1
2021-02-27,Lang_Son,21.8537,106.761,13.4,80,20.5,99,982.4,1
2021-02-28,Lang_Son,21.8537,106.761,17.2,92,15.7,100,981.7,1
2021-03-01,Lang_Son,21.8537,106.761,19.9,89,25.1,88,984.6,1
2021-03-02,Lang_Son,21.8537,106.761,15.5,59,27.2,98,988.8,1
2021-03-03,Lang_Son,21.8537,106.761,14.3,83,17.7,100,988.0,1
2021-03-04,Lang_Son,21.8537,106.761,15.0,90,11.8,100,985.7,1
2021-03-05,Lang_Son,21.8537,106.761,19.4,92,16.2,99,982.2,1
2021-03-06,Lang_Son,21.8537,106.761,21.7,86,19.4,81,984.0,1
2021-03-07,Lang_Son,21.8537,106.761,18.6,75,21.6,86,987.1,1
2021-03-08,Lang_Son,21.8537,106.761,20.5,88,19.1,80,986.0,1
2021-03-09,Lang_Son,21.8537,106.761,20.7,90,18.2,91,986.0,1
2021-03-10,Lang_Son,21.8537,106.761,21.2,85,24.4,71,985.7,1
2021-03-11,Lang_Son,21.8537,106.761,21.4,85,13.7,74,986.8,1
2021-03-12,Lang_Son,21.8537,106.761,21.3,84,11.3,65,987.2,1
2021-03-13,Lang_Son,21.8537,106.761,20.7,85,8.8,79,986.7,1
2021-03-14,Lang_Son,21.8537,106.761,20.9,80,16.6,46,983.6,1
2021-03-15,Lang_Son,21.8537,106.761,21.0,87,23.9,85,981.2,1
2021-03-16,Lang_Son,21.8537,106.761,21.5,86,17.7,81,981.0,1
2021-03-17,Lang_Son,21.8537,106.761,21.7,86,18.6,82,980.7,1
2021-03-18,Lang_Son,21.8537,106.761,22.1,85,17.9,83,980.4,0
2021-03-19,Lang_Son,21.8537,106.761,22.8,84,21.3,90,979.1,0
2021-03-20,Lang_Son,21.8537,106.761,22.9,88,15.3,90,979.2,1
2021-03-21,Lang_Son,21.8537,106.761,14.7,78,32.7,100,987.0,1
2021-03-22,Lang_Son,21.8537,106.761,13.5,62,26.7,75,992.9,1
2021-03-23,Lang_Son,21.8537,106.761,15.8,63,10.3,50,989.3,0
2021-03-24,Lang_Son,21.8537,106.761,17.9,77,12.1,63,985.0,0
2021-03-25,Lang_Son,21.8537,106.761,20.3,83,17.0,88,983.4,1
2021-03-26,Lang_Son,21.8537,106.761,21.2,90,20.9,98,981.3,1
2021-03-27,Lang_Son,21.8537,106.761,22.3,89,19.9,98,979.6,1
2021-03-28,Lang_Son,21.8537,106.761,22.7,89,17.4,96,978.4,1
2021-03-29,Lang_Son,21.8537,106.761,24.1,87,20.0,69,974.7,1
2021-03-30,Lang_Son,21.8537,106.761,25.5,82,19.4,56,972.4,0
2021-03-31,Lang_Son,21.8537,106.761,26.3,77,19.7,21,972.1,0
2021-04-01,Lang_Son,21.8537,106.761,25.8,79,20.1,16,973.8,0
2021-04-02,Lang_Son,21.8537,106.761,25.3,84,20.9,57,976.8,1
2021-04-03,Lang_Son,21.8537,106.761,24.1,88,10.0,84,980.4,1
2021-04-04,Lang_Son,21.8537,106.761,20.7,90,19.1,95,983.5,1
2021-04-05,Lang_Son,21.8537,106.761,19.8,86,15.9,94,985.6,1
2021-04-06,Lang_Son,21.8537,106.761,19.8,90,11.9,80,985.6,1
2021-04-07,Lang_Son,21.8537,106.761,22.1,90,14.3,60,983.3,1
2021-04-08,Lang_Son,21.8537,106.761,20.6,90,22.5,82,982.7,1
2021-04-09,Lang_Son,21.8537,106.761,17.1,80,19.3,98,985.3,1
2021-04-10,Lang_Son,21.8537,106.761,18.6,89,12.5,100,986.1,1
2021-04-11,Lang_Son,21.8537,106.761,22.6,87,18.4,85,985.4,1
2021-04-12,Lang_Son,21.8537,106.761,23.0,87,19.1,97,983.8,1
2021-04-13,Lang_Son,21.8537,106.761,23.6,83,16.1,93,982.3,1
2021-04-14,Lang_Son,21.8537,106.761,23.8,85,14.5,97,980.8,1
2021-04-15,Lang_Son,21.8537,106.761,23.6,87,17.0,87,979.8,1
2021-04-16,Lang_Son,21.8537,106.761,22.7,90,15.5,99,981.5,1
2021-04-17,Lang_Son,21.8537,106.761,19.1,94,20.9,100,985.1,1
2021-04-18,Lang_Son,21.8537,106.761,19.9,90,11.9,96,983.2,1
2021-04-19,Lang_Son,21.8537,106.761,22.4,92,13.9,71,979.2,1
2021-04-20,Lang_Son,21.8537,106.761,24.2,90,19.1,72,978.4,1
2021-04-21,Lang_Son,21.8537,106.761,24.5,90,23.4,72,979.1,1
2021-04-22,Lang_Son,21.8537,106.761,25.0,88,16.3,68,978.7,1
2021-04-23,Lang_Son,21.8537,106.761,25.1,85,21.3,68,976.5,1
2021-04-24,Lang_Son,21.8537,106.761,25.7,87,21.5,77,976.7,1
2021-04-25,Lang_Son,21.8537,106.761,24.8,90,12.6,97,979.4,1
2021-04-26,Lang_Son,21.8537,106.761,19.8,94,21.3,100,981.6,1
2021-04-27,Lang_Son,21.8537,106.761,19.6,90,14.8,100,983.9,1
2021-04-28,Lang_Son,21.8537,106.761,19.7,92,20.0,99,985.6,1
2021-04-29,Lang_Son,21.8537,106.761,19.3,82,20.3,70,985.2,1
2021-04-30,Lang_Son,21.8537,106.761,21.6,82,13.2,62,982.0,0
2021-05-01,Lang_Son,21.8537,106.761,22.7,88,12.6,71,981.8,1
2021-05-02,Lang_Son,21.8537,106.761,23.8,92,21.0,87,980.6,1
2021-05-03,Lang_Son,21.8537,106.761,24.9,89,23.7,61,978.3,1
2021-05-04,Lang_Son,21.8537,106.761,26.0,84,19.2,55,978.5,1
2021-05-05,Lang_Son,21.8537,106.761,22.8,93,13.9,97,982.3,1
2021-05-06,Lang_Son,21.8537,106.761,23.8,87,18.2,94,983.2,1
2021-05-07,Lang_Son,21.8537,106.761,24.9,87,18.5,68,982.0,1
2021-05-08,Lang_Son,21.8537,106.761,25.0,87,15.1,77,979.6,1
2021-05-09,Lang_Son,21.8537,106.761,25.5,84,17.9,56,977.5,0
2021-05-10,Lang_Son,21.8537,106.761,26.5,85,23.3,48,976.2,1
2021-05-11,Lang_Son,21.8537,106.761,27.2,83,18.4,42,975.2,1
2021-05-12,Lang_Son,21.8537,106.761,27.2,82,22.4,55,975.2,1
2021-05-13,Lang_Son,21.8537,106.761,26.3,87,23.1,65,975.7,1
2021-05-14,Lang_Son,21.8537,106.761,26.6,85,24.8,54,975.6,1
2021-05-15,Lang_Son,21.8537,106.761,27.3,84,26.3,72,975.9,1
2021-05-16,Lang_Son,21.8537,106.761,27.8,83,21.6,48,976.3,1
2021-05-17,Lang_Son,21.8537,106.761,27.2,83,19.8,43,977.7,1
2021-05-18,Lang_Son,21.8537,106.761,26.7,86,22.0,69,977.4,1
2021-05-19,Lang_Son,21.8537,106.761,27.9,82,23.8,79,975.0,1
2021-05-20,Lang_Son,21.8537,106.761,27.4,87,19.7,88,975.6,1
2021-05-21,Lang_Son,21.8537,106.761,27.9,83,22.7,61,974.8,1
2021-05-22,Lang_Son,21.8537,106.761,28.8,78,22.3,62,973.4,1
2021-05-23,Lang_Son,21.8537,106.761,27.6,85,16.8,84,975.7,1
2021-05-24,Lang_Son,21.8537,106.761,24.2,84,24.2,88,980.5,1
2021-05-25,Lang_Son,21.8537,106.761,23.9,85,19.5,69,979.7,1
2021-05-26,Lang_Son,21.8537,106.761,26.2,88,18.0,80,977.7,1
2021-05-27,Lang_Son,21.8537,106.761,26.9,85,14.7,60,978.8,1
2021-05-28,Lang_Son,21.8537,106.761,26.4,88,14.6,89,978.9,1
2021-05-29,Lang_Son,21.8537,106.761,27.6,85,21.3,84,976.5,1
2021-05-30,Lang_Son,21.8537,106.761,28.0,84,14.3,99,974.6,1
2021-05-31,Lang_Son,21.8537,106.761,28.9,80,14.8,98,972.8,1
2021-06-01,Lang_Son,21.8537,106.761,30.2,75,15.9,99,973.0,1
2021-06-02,Lang_Son,21.8537,106.761,28.1,86,16.6,100,973.9,1
2021-06-03,Lang_Son,21.8537,106.761,30.0,78,16.7,90,974.0,1
2021-06-04,Lang_Son,21.8537,106.761,22.5,83,22.4,86,978.0,1
2021-06-05,Lang_Son,21.8537,106.761,24.9,74,10.9,75,976.7,0
2021-06-06,Lang_Son,21.8537,106.761,26.2,80,10.5,69,975.1,1
2021-06-07,Lang_Son,21.8537,106.761,26.2,78,11.8,67,976.0,1
2021-06-08,Lang_Son,21.8537,106.761,25.5,88,11.0,86,976.8,1
2021-06-09,Lang_Son,21.8537,106.761,25.6,90,12.9,94,975.6,1
2021-06-10,Lang_Son,21.8537,106.761,26.0,89,11.3,99,974.4,1
2021-06-11,Lang_Son,21.8537,106.761,25.5,91,13.0,98,975.0,1
2021-06-12,Lang_Son,21.8537,106.761,25.7,89,22.0,96,974.3,1
2021-06-13,Lang_Son,21.8537,106.761,25.6,88,21.7,91,973.9,1
2021-06-14,Lang_Son,21.8537,106.761,26.3,85,18.9,54,972.8,1
2021-06-15,Lang_Son,21.8537,106.761,27.3,79,20.6,64,971.1,0
2021-06-16,Lang_Son,21.8537,106.761,28.5,79,18.0,75,973.0,1
2021-06-17,Lang_Son,21.8537,106.761,29.0,77,17.1,62,974.8,0
2021-06-18,Lang_Son,21.8537,106.761,29.2,76,18.5,13,974.8,0
2021-06-19,Lang_Son,21.8537,106.761,29.9,71,16.3,54,972.7,0
2021-06-20,Lang_Son,21.8537,106.761,30.5,68,14.0,75,970.9,0
2021-06-21,Lang_Son,21.8537,106.761,30.5,70,12.0,96,971.8,1
2021-06-22,Lang_Son,21.8537,106.761,27.5,84,13.6,96,975.0,1
2021-06-23,Lang_Son,21.8537,106.761,27.5,83,11.3,100,975.2,1
2021-06-24,Lang_Son,21.8537,106.761,26.7,90,10.1,96,974.2,1
2021-06-25,Lang_Son,21.8537,106.761,26.5,90,17.7,78,973.9,1
2021-06-26,Lang_Son,21.8537,106.761,27.2,86,21.5,77,974.6,1
2021-06-27,Lang_Son,21.8537,106.761,29.0,76,20.9,78,973.6,0
2021-06-28,Lang_Son,21.8537,106.761,29.2,73,17.2,99,971.5,1
2021-06-29,Lang_Son,21.8537,106.761,27.9,84,15.0,100,971.7,1
2021-06-30,Lang_Son,21.8537,106.761,28.2,80,19.6,100,972.2,1
2021-07-01,Lang_Son,21.8537,106.761,28.8,74,22.8,100,972.4,0
2021-07-02,Lang_Son,21.8537,106.761,29.5,70,20.8,99,973.5,0
2021-07-03,Lang_Son,21.8537,106.761,29.4,74,14.3,100,973.8,1
2021-07-04,Lang_Son,21.8537,106.761,28.8,80,13.4,93,974.6,1
2021-07-05,Lang_Son,21.8537,106.761,28.5,79,17.0,73,975.8,1
2021-07-06,Lang_Son,21.8537,106.761,27.7,78,10.1,45,975.6,1
2021-07-07,Lang_Son,21.8537,106.761,27.7,79,17.7,48,975.8,1
2021-07-08,Lang_Son,21.8537,106.761,25.8,88,16.3,79,977.8,1
2021-07-09,Lang_Son,21.8537,106.761,26.7,85,16.6,49,979.4,1
2021-07-10,Lang_Son,21.8537,106.761,26.6,83,13.7,77,979.6,1
2021-07-11,Lang_Son,21.8537,106.761,26.9,81,15.1,86,980.4,1
2021-07-12,Lang_Son,21.8537,106.761,27.6,80,19.3,36,979.3,1
2021-07-13,Lang_Son,21.8537,106.761,28.1,77,18.6,21,977.2,0
2021-07-14,Lang_Son,21.8537,106.761,28.5,74,17.1,17,977.0,0
2021-07-15,Lang_Son,21.8537,106.761,28.1,75,18.8,30,978.5,1
2021-07-16,Lang_Son,21.8537,106.761,28.6,73,13.5,36,978.9,0
2021-07-17,Lang_Son,21.8537,106.761,29.0,70,14.3,60,975.5,0
2021-07-18,Lang_Son,21.8537,106.761,27.6,78,11.8,96,973.2,1
2021-07-19,Lang_Son,21.8537,106.761,27.2,83,11.7,87,973.4,1
2021-07-20,Lang_Son,21.8537,106.761,26.7,88,10.9,99,973.7,1
2021-07-21,Lang_Son,21.8537,106.761,26.8,88,11.9,88,972.7,1
2021-07-22,Lang_Son,21.8537,106.761,25.0,94,10.0,100,971.0,1
2021-07-23,Lang_Son,21.8537,106.761,24.8,94,22.9,98,969.1,1
2021-07-24,Lang_Son,21.8537,106.761,27.3,85,19.0,37,970.0,1
2021-07-25,Lang_Son,21.8537,106.761,26.6,89,12.2,74,971.3,1
2021-07-26,Lang_Son,21.8537,106.761,27.0,89,11.4,54,970.6,1
2021-07-27,Lang_Son,21.8537,106.761,27.5,89,9.4,75,969.4,1
2021-07-28,Lang_Son,21.8537,106.761,27.2,90,6.7,70,969.2,1
2021-07-29,Lang_Son,21.8537,106.761,27.1,91,8.1,98,970.6,1
2021-07-30,Lang_Son,21.8537,106.761,27.5,88,11.1,97,971.2,1
2021-07-31,Lang_Son,21.8537,106.761,27.9,88,14.4,95,970.6,1
2021-08-01,Lang_Son,21.8537,106.761,24.8,96,9.8,99,970.1,1
2021-08-02,Lang_Son,21.8537,106.761,26.8,88,6.7,89,969.9,1
2021-08-03,Lang_Son,21.8537,106.761,27.4,89,12.0,73,971.1,1
2021-08-04,Lang_Son,21.8537,106.761,28.6,83,9.8,59,971.4,1
2021-08-05,Lang_Son,21.8537,106.761,29.3,80,8.9,94,970.0,1
2021-08-06,Lang_Son,21.8537,106.761,29.8,81,9.4,95,970.7,1
2021-08-07,Lang_Son,21.8537,106.761,29.9,78,9.7,99,971.9,0
2021-08-08,Lang_Son,21.8537,106.761,28.3,86,16.3,98,973.3,1
2021-08-09,Lang_Son,21.8537,106.761,27.8,89,11.3,95,973.5,1
2021-08-10,Lang_Son,21.8537,106.761,26.3,92,12.7,96,973.5,1
2021-08-11,Lang_Son,21.8537,106.761,26.1,92,16.6,99,975.9,1
2021-08-12,Lang_Son,21.8537,106.761,26.5,92,17.4,94,977.0,1
2021-08-13,Lang_Son,21.8537,106.761,27.3,87,18.5,86,973.7,1
2021-08-14,Lang_Son,21.8537,106.761,26.6,91,16.7,100,973.0,1
2021-08-15,Lang_Son,21.8537,106.761,25.8,94,15.7,98,976.7,1
2021-08-16,Lang_Son,21.8537,106.761,26.5,88,17.3,81,980.2,1
2021-08-17,Lang_Son,21.8537,106.761,26.7,87,15.5,53,979.5,1
2021-08-18,Lang_Son,21.8537,106.761,26.9,87,15.5,73,977.5,1
2021-08-19,Lang_Son,21.8537,106.761,26.9,86,13.9,78,977.7,1
2021-08-20,Lang_Son,21.8537,106.761,27.0,86,14.1,55,978.8,1
2021-08-21,Lang_Son,21.8537,106.761,27.3,87,15.4,86,977.9,1
2021-08-22,Lang_Son,21.8537,106.761,27.8,86,18.8,68,975.7,1
2021-08-23,Lang_Son,21.8537,106.761,27.6,85,22.4,87,974.7,1
2021-08-24,Lang_Son,21.8537,106.761,27.3,87,14.9,100,975.6,1
2021-08-25,Lang_Son,21.8537,106.761,27.2,85,14.8,81,976.9,1
2021-08-26,Lang_Son,21.8537,106.761,26.0,89,10.9,72,979.2,1
2021-08-27,Lang_Son,21.8537,106.761,25.9,85,12.0,87,980.7,1
2021-08-28,Lang_Son,21.8537,106.761,25.0,89,11.3,76,980.4,1
2021-08-29,Lang_Son,21.8537,106.761,25.1,87,11.5,41,980.3,1
2021-08-30,Lang_Son,21.8537,106.761,25.5,87,12.1,74,980.8,1
2021-08-31,Lang_Son,21.8537,106.761,25.6,88,10.1,60,980.6,1
2021-09-01,Lang_Son,21.8537,106.761,26.0,86,7.8,83,979.8,1
2021-09-02,Lang_Son,21.8537,106.761,25.4,89,10.5,84,978.5,1
2021-09-03,Lang_Son,21.8537,106.761,25.8,89,11.1,63,976.6,1
2021-09-04,Lang_Son,21.8537,106.761,26.2,87,11.7,56,976.9,1
2021-09-05,Lang_Son,21.8537,106.761,25.7,88,10.2,62,979.4,1
2021-09-06,Lang_Son,21.8537,106.761,25.9,86,9.1,76,981.2,1
2021-09-07,Lang_Son,21.8537,106.761,25.1,89,21.8,80,981.0,1
2021-09-08,Lang_Son,21.8537,106.761,25.0,90,17.7,71,979.7,1
2021-09-09,Lang_Son,21.8537,106.761,25.7,89,10.1,60,980.4,1
2021-09-10,Lang_Son,21.8537,106.761,26.5,82,8.1,77,979.5,0
2021-09-11,Lang_Son,21.8537,106.761,27.4,83,13.7,47,976.8,1
2021-09-12,Lang_Son,21.8537,106.761,28.1,83,14.8,53,974.3,1
2021-09-13,Lang_Son,21.8537,106.761,26.5,88,13.2,81,977.3,1
2021-09-14,Lang_Son,21.8537,106.761,25.7,90,12.5,98,980.8,1
2021-09-15,Lang_Son,21.8537,106.761,25.1,92,7.3,99,982.2,1
2021-09-16,Lang_Son,21.8537,106.761,25.0,90,11.3,89,981.0,1
2021-09-17,Lang_Son,21.8537,106.761,25.9,87,15.6,83,979.5,1
2021-09-18,Lang_Son,21.8537,106.761,26.1,87,16.7,46,980.2,1
2021-09-19,Lang_Son,21.8537,106.761,26.1,86,15.5,47,980.4,1
2021-09-20,Lang_Son,21.8537,106.761,25.7,87,12.2,69,980.8,1
2021-09-21,Lang_Son,21.8537,106.761,25.9,87,8.5,58,980.0,1
2021-09-22,Lang_Son,21.8537,106.761,24.7,92,8.7,83,980.0,1
2021-09-23,Lang_Son,21.8537,106.761,25.2,89,9.6,80,981.8,1
2021-09-24,Lang_Son,21.8537,106.761,24.7,93,15.1,92,982.4,1
2021-09-25,Lang_Son,21.8537,106.761,24.6,93,13.0,77,982.1,1
2021-09-26,Lang_Son,21.8537,106.761,24.6,92,12.0,85,982.3,1
2021-09-27,Lang_Son,21.8537,106.761,24.7,92,11.0,79,981.8,1
2021-09-28,Lang_Son,21.8537,106.761,25.6,85,8.4,33,980.5,0
2021-09-29,Lang_Son,21.8537,106.761,26.2,83,7.6,37,979.4,1
2021-09-30,Lang_Son,21.8537,106.761,26.5,83,9.0,30,979.5,1
2021-10-01,Lang_Son,21.8537,106.761,26.3,83,8.8,68,979.7,1
2021-10-02,Lang_Son,21.8537,106.761,26.0,82,10.7,68,980.5,0
2021-10-03,Lang_Son,21.8537,106.761,25.8,80,11.5,36,981.0,1
2021-10-04,Lang_Son,21.8537,106.761,25.7,82,11.8,21,981.9,1
2021-10-05,Lang_Son,21.8537,106.761,26.0,80,12.4,37,981.7,1
2021-10-06,Lang_Son,21.8537,106.761,26.0,83,8.7,35,978.9,1
2021-10-07,Lang_Son,21.8537,106.761,27.2,71,18.4,27,976.5,1
2021-10-08,Lang_Son,21.8537,106.761,26.8,56,29.9,64,975.8,0
2021-10-09,Lang_Son,21.8537,106.761,22.2,82,26.1,100,974.8,1
2021-10-10,Lang_Son,21.8537,106.761,21.3,95,32.4,100,973.8,1
2021-10-11,Lang_Son,21.8537,106.761,19.8,92,27.2,91,979.7,1
2021-10-12,Lang_Son,21.8537,106.761,20.3,71,32.5,31,979.9,0
2021-10-13,Lang_Son,21.8537,106.761,19.9,77,34.8,100,976.4,1
2021-10-14,Lang_Son,21.8537,106.761,18.6,91,37.7,100,977.7,1
2021-10-15,Lang_Son,21.8537,106.761,19.3,93,26.7,100,981.6,1
2021-10-16,Lang_Son,21.8537,106.761,18.0,81,29.5,100,987.2,1
2021-10-17,Lang_Son,21.8537,106.761,17.6,73,35.1,93,989.8,1
2021-10-18,Lang_Son,21.8537,106.761,16.9,86,22.5,100,988.2,1
2021-10-19,Lang_Son,21.8537,106.761,20.5,91,12.8,93,987.0,1
2021-10-20,Lang_Son,21.8537,106.761,24.1,89,19.1,79,984.0,1
2021-10-21,Lang_Son,21.8537,106.761,18.2,83,27.4,100,986.4,1
2021-10-22,Lang_Son,21.8537,106.761,16.0,68,25.3,100,990.4,0
2021-10-23,Lang_Son,21.8537,106.761,16.3,71,19.0,77,990.7,0
2021-10-24,Lang_Son,21.8537,106.761,17.4,74,19.9,17,989.9,0
2021-10-25,Lang_Son,21.8537,106.761,18.2,79,13.0,0,987.0,0
2021-10-26,Lang_Son,21.8537,106.761,19.3,80,11.8,6,985.8,0
2021-10-27,Lang_Son,21.8537,106.761,20.4,76,17.6,24,986.9,0
2021-10-28,Lang_Son,21.8537,106.761,19.8,83,18.5,93,987.5,1
2021-10-29,Lang_Son,21.8537,106.761,19.7,94,17.9,100,988.0,1
2021-10-30,Lang_Son,21.8537,106.761,17.5,93,18.7,100,988.8,1
2021-10-31,Lang_Son,21.8537,106.761,18.3,94,13.8,99,987.6,1
2021-11-01,Lang_Son,21.8537,106.761,18.6,93,18.4,99,987.8,1
2021-11-02,Lang_Son,21.8537,106.761,18.6,94,17.3,99,987.8,1
2021-11-03,Lang_Son,21.8537,106.761,20.7,92,10.7,81,985.6,1
2021-11-04,Lang_Son,21.8537,106.761,23.0,87,15.0,51,983.1,1
2021-11-05,Lang_Son,21.8537,106.761,23.6,89,21.3,64,980.5,1
2021-11-06,Lang_Son,21.8537,106.761,23.8,88,17.2,56,978.7,1
2021-11-07,Lang_Son,21.8537,106.761,23.0,87,32.4,86,982.5,1
2021-11-08,Lang_Son,21.8537,106.761,14.1,64,34.4,70,990.3,1
2021-11-09,Lang_Son,21.8537,106.761,14.6,57,19.0,9,990.1,0
2021-11-10,Lang_Son,21.8537,106.761,15.4,61,18.4,46,989.6,0
2021-11-11,Lang_Son,21.8537,106.761,16.5,70,10.5,60,986.9,0
2021-11-12,Lang_Son,21.8537,106.761,17.9,66,19.5,97,989.4,0
2021-11-13,Lang_Son,21.8537,106.761,16.9,63,21.5,77,989.0,0
2021-11-14,Lang_Son,21.8537,106.761,16.5,72,14.8,62,987.6,0
2021-11-15,Lang_Son,21.8537,106.761,18.7,79,13.6,84,985.7,0
2021-11-16,Lang_Son,21.8537,106.761,18.9,85,10.1,86,985.6,1
2021-11-17,Lang_Son,21.8537,106.761,17.1,86,22.1,98,987.9,1
2021-11-18,Lang_Son,21.8537,106.761,16.6,77,18.0,90,985.3,0
2021-11-19,Lang_Son,21.8537,106.761,18.1,87,14.9,84,980.7,0
2021-11-20,Lang_Son,21.8537,106.761,21.2,91,17.8,86,979.9,1
2021-11-21,Lang_Son,21.8537,106.761,22.0,89,19.5,66,983.0,1
2021-11-22,Lang_Son,21.8537,106.761,15.1,76,30.9,90,989.1,1
2021-11-23,Lang_Son,21.8537,106.761,13.4,64,23.8,85,991.3,0
2021-11-24,Lang_Son,21.8537,106.761,13.9,66,18.7,81,990.8,1
2021-11-25,Lang_Son,21.8537,106.761,14.7,79,15.8,23,988.6,1
2021-11-26,Lang_Son,21.8537,106.761,16.4,69,17.1,47,988.7,0
2021-11-27,Lang_Son,21.8537,106.761,16.7,66,14.2,44,989.9,0
2021-11-28,Lang_Son,21.8537,106.761,16.6,72,14.2,12,989.3,0
2021-11-29,Lang_Son,21.8537,106.761,17.5,75,15.9,74,988.3,0
2021-11-30,Lang_Son,21.8537,106.761,17.1,61,32.0,25,991.2,0
2021-12-01,Lang_Son,21.8537,106.761,14.1,58,19.5,54,991.7,0
2021-12-02,Lang_Son,21.8537,106.761,13.1,62,14.5,53,991.8,0
2021-12-03,Lang_Son,21.8537,106.761,13.5,64,13.5,56,991.4,0
2021-12-04,Lang_Son,21.8537,106.761,13.9,65,13.2,38,991.0,0
2021-12-05,Lang_Son,21.8537,106.761,14.6,63,13.2,8,990.7,0
2021-12-06,Lang_Son,21.8537,106.761,14.4,62,14.7,0,990.1,0
2021-12-07,Lang_Son,21.8537,106.761,14.3,63,10.0,0,989.6,0
2021-12-08,Lang_Son,21.8537,106.761,15.7,62,11.0,54,990.7,0
2021-12-09,Lang_Son,21.8537,106.761,16.7,82,15.9,66,991.7,1
2021-12-10,Lang_Son,21.8537,106.761,18.5,77,11.8,72,989.0,0
2021-12-11,Lang_Son,21.8537,106.761,18.9,72,10.0,55,989.2,0
2021-12-12,Lang_Son,21.8537,106.761,16.4,78,23.9,37,992.2,1
2021-12-13,Lang_Son,21.8537,106.761,14.0,68,21.1,43,991.7,0
2021-12-14,Lang_Son,21.8537,106.761,14.8,78,10.6,27,987.1,0
2021-12-15,Lang_Son,21.8537,106.761,16.5,85,17.4,47,984.0,1
2021-12-16,Lang_Son,21.8537,106.761,19.0,85,11.5,81,985.3,1
2021-12-17,Lang_Son,21.8537,106.761,17.5,68,26.8,65,990.3,1
2021-12-18,Lang_Son,21.8537,106.761,14.3,53,21.9,15,992.4,0
2021-12-19,Lang_Son,21.8537,106.761,13.9,51,20.9,46,991.4,0
2021-12-20,Lang_Son,21.8537,106.761,14.6,56,18.0,99,987.3,0
2021-12-21,Lang_Son,21.8537,106.761,15.5,68,16.5,66,986.7,1
2021-12-22,Lang_Son,21.8537,106.761,15.2,73,10.6,11,986.2,0
2021-12-23,Lang_Son,21.8537,106.761,16.0,77,8.5,3,984.8,0
2021-12-24,Lang_Son,21.8537,106.761,17.5,84,10.5,77,985.6,0
2021-12-25,Lang_Son,21.8537,106.761,17.5,79,18.6,92,989.1,0
2021-12-26,Lang_Son,21.8537,106.761,12.3,74,27.2,97,993.1,1
2021-12-27,Lang_Son,21.8537,106.761,7.4,67,26.2,100,996.4,1
2021-12-28,Lang_Son,21.8537,106.761,8.9,74,15.1,100,993.8,0
2021-12-29,Lang_Son,21.8537,106.761,10.5,78,20.1,100,993.7,1
2021-12-30,Lang_Son,21.8537,106.761,12.3,70,18.8,86,995.0,1
2021-12-31,Lang_Son,21.8537,106.761,12.9,76,16.0,82,993.9,1
2022-01-01,Lang_Son,21.8537,106.761,12.3,82,18.5,79,993.7,0
2022-01-02,Lang_Son,21.8537,106.761,14.5,78,14.0,66,991.7,0
2022-01-03,Lang_Son,21.8537,106.761,16.0,82,12.2,59,988.9,0
2022-01-04,Lang_Son,21.8537,106.761,16.1,88,15.1,60,986.9,1
2022-01-05,Lang_Son,21.8537,106.761,17.0,90,8.3,71,985.6,1
2022-01-06,Lang_Son,21.8537,106.761,18.4,85,11.6,62,987.0,1
2022-01-07,Lang_Son,21.8537,106.761,16.7,88,14.8,90,989.0,1
2022-01-08,Lang_Son,21.8537,106.761,14.1,81,17.9,100,988.5,1
2022-01-09,Lang_Son,21.8537,106.761,10.5,91,18.6,100,987.9,1
2022-01-10,Lang_Son,21.8537,106.761,11.6,94,22.5,100,987.0,1
2022-01-11,Lang_Son,21.8537,106.761,11.9,74,23.7,76,990.4,1
2022-01-12,Lang_Son,21.8537,106.761,12.7,80,10.4,77,988.5,0
2022-01-13,Lang_Son,21.8537,106.761,12.2,82,19.7,99,990.5,1
2022-01-14,Lang_Son,21.8537,106.761,14.3,85,16.6,89,987.5,0
2022-01-15,Lang_Son,21.8537,106.761,17.2,92,12.9,91,986.4,1
2022-01-16,Lang_Son,21.8537,106.761,15.5,94,23.0,98,988.1,1
2022-01-17,Lang_Son,21.8537,106.761,10.6,90,22.9,98,991.1,1
2022-01-18,Lang_Son,21.8537,106.761,12.6,77,18.3,30,990.8,0
2022-01-19,Lang_Son,21.8537,106.761,12.5,79,12.5,50,988.4,0
2022-01-20,Lang_Son,21.8537,106.761,13.8,88,10.2,97,985.7,1
2022-01-21,Lang_Son,21.8537,106.761,15.7,93,9.8,100,984.4,1
2022-01-22,Lang_Son,21.8537,106.761,17.6,94,16.3,91,980.7,1
2022-01-23,Lang_Son,21.8537,106.761,19.4,92,12.5,77,980.6,1
2022-01-24,Lang_Son,21.8537,106.761,18.3,89,17.8,98,982.3,1
2022-01-25,Lang_Son,21.8537,106.761,17.4,83,14.4,76,983.9,1
2022-01-26,Lang_Son,21.8537,106.761,18.8,90,18.5,88,983.8,1
2022-01-27,Lang_Son,21.8537,106.761,19.8,88,15.4,72,984.0,1
2022-01-28,Lang_Son,21.8537,106.761,19.5,85,18.4,81,983.5,1
2022-01-29,Lang_Son,21.8537,106.761,9.8,88,23.3,100,984.7,1
2022-01-30,Lang_Son,21.8537,106.761,8.3,78,21.4,100,986.7,1
2022-01-31,Lang_Son,21.8537,106.761,7.6,90,26.4,100,988.1,1
2022-02-01,Lang_Son,21.8537,106.761,7.8,84,20.6,100,988.4,1
2022-02-02,Lang_Son,21.8537,106.761,7.7,89,23.6,100,989.3,1
2022-02-03,Lang_Son,21.8537,106.761,8.7,78,17.7,76,989.5,1
2022-02-04,Lang_Son,21.8537,106.761,9.2,76,19.8,51,991.4,0
2022-02-05,Lang_Son,21.8537,106.761,10.3,77,17.1,87,991.4,1
2022-02-06,Lang_Son,21.8537,106.761,11.2,94,11.2,100,987.7,1
2022-02-07,Lang_Son,21.8537,106.761,14.7,92,15.2,100,984.4,1
2022-02-08,Lang_Son,21.8537,106.761,11.3,91,17.8,100,986.3,1
2022-02-09,Lang_Son,21.8537,106.761,8.1,91,22.3,100,988.3,1
2022-02-10,Lang_Son,21.8537,106.761,10.6,91,11.3,100,985.4,1
2022-02-11,Lang_Son,21.8537,106.761,12.5,93,12.9,100,984.8,1
2022-02-12,Lang_Son,21.8537,106.761,10.7,94,16.9,100,984.5,1
2022-02-13,Lang_Son,21.8537,106.761,9.4,94,24.6,100,985.0,1
2022-02-14,Lang_Son,21.8537,106.761,12.0,80,20.0,48,986.8,0
2022-02-15,Lang_Son,21.8537,106.761,12.4,90,16.7,93,985.8,1
2022-02-16,Lang_Son,21.8537,106.761,14.7,96,7.2,100,981.9,1
2022-02-17,Lang_Son,21.8537,106.761,18.4,95,13.6,100,979.4,1
2022-02-18,Lang_Son,21.8537,106.761,16.7,96,20.5,100,980.9,1
2022-02-19,Lang_Son,21.8537,106.761,7.7,94,27.6,100,987.5,1
2022-02-20,Lang_Son,21.8537,106.761,4.7,93,26.0,100,991.5,1
2022-02-21,Lang_Son,21.8537,106.761,6.1,81,24.2,94,992.4,1
2022-02-22,Lang_Son,21.8537,106.761,7.0,71,24.8,100,993.7,1
2022-02-23,Lang_Son,21.8537,106.761,8.0,64,24.7,7,995.4,0
2022-02-24,Lang_Son,21.8537,106.761,8.8,69,19.7,10,995.4,0
2022-02-25,Lang_Son,21.8537,106.761,10.9,77,9.0,27,992.5,0
2022-02-26,Lang_Son,21.8537,106.761,13.1,80,10.2,47,991.0,0
2022-02-27,Lang_Son,21.8537,106.761,14.6,81,13.5,46,987.5,0
2022-02-28,Lang_Son,21.8537,106.761,16.1,84,18.7,63,985.1,0
2022-03-01,Lang_Son,21.8537,106.761,18.1,90,8.8,97,986.0,1
2022-03-02,Lang_Son,21.8537,106.761,19.2,86,13.0,80,986.3,1
2022-03-03,Lang_Son,21.8537,106.761,19.0,84,16.5,51,983.7,0
2022-03-04,Lang_Son,21.8537,106.761,19.5,88,16.3,89,982.5,1
2022-03-05,Lang_Son,21.8537,106.761,20.0,89,14.1,89,981.6,1
2022-03-06,Lang_Son,21.8537,106.761,20.3,92,18.8,92,981.8,1
2022-03-07,Lang_Son,21.8537,106.761,17.7,81,27.9,54,987.7,1
2022-03-08,Lang_Son,21.8537,106.761,16.6,72,15.6,17,985.1,0
2022-03-09,Lang_Son,21.8537,106.761,16.5,82,16.7,68,983.3,1
2022-03-10,Lang_Son,21.8537,106.761,18.5,83,12.5,100,983.6,1
2022-03-11,Lang_Son,21.8537,106.761,19.5,83,14.9,85,982.0,0
2022-03-12,Lang_Son,21.8537,106.761,20.2,84,17.1,84,980.9,1
2022-03-13,Lang_Son,21.8537,106.761,20.4,85,15.5,80,981.0,0
2022-03-14,Lang_Son,21.8537,106.761,20.9,85,12.1,74,981.0,1
2022-03-15,Lang_Son,21.8537,106.761,21.4,87,8.6,94,980.1,1
2022-03-16,Lang_Son,21.8537,106.761,20.7,91,20.0,96,978.1,1
2022-03-17,Lang_Son,21.8537,106.761,22.0,89,16.2,84,978.0,1
2022-03-18,Lang_Son,21.8537,106.761,22.4,88,13.0,79,978.7,1
2022-03-19,Lang_Son,21.8537,106.761,22.4,88,17.6,87,977.1,1
2022-03-20,Lang_Son,21.8537,106.761,23.3,86,28.8,78,977.1,1
2022-03-21,Lang_Son,21.8537,106.761,23.9,87,27.1,64,978.4,1
2022-03-22,Lang_Son,21.8537,106.761,23.5,86,23.4,65,980.3,1
2022-03-23,Lang_Son,21.8537,106.761,13.7,89,25.7,100,984.6,1
2022-03-24,Lang_Son,21.8537,106.761,16.9,90,19.1,100,980.3,1
2022-03-25,Lang_Son,21.8537,106.761,21.9,90,22.6,72,977.1,0
2022-03-26,Lang_Son,21.8537,106.761,24.5,85,23.2,54,978.5,1
2022-03-27,Lang_Son,21.8537,106.761,17.5,76,29.2,98,984.6,1
2022-03-28,Lang_Son,21.8537,106.761,16.9,75,17.9,57,985.9,0
2022-03-29,Lang_Son,21.8537,106.761,18.0,89,15.0,84,983.9,1
2022-03-30,Lang_Son,21.8537,106.761,21.0,92,14.3,91,983.4,1
2022-03-31,Lang_Son,21.8537,106.761,21.6,88,23.5,92,985.5,1
2022-04-01,Lang_Son,21.8537,106.761,15.6,75,37.0,90,991.0,1
2022-04-02,Lang_Son,21.8537,106.761,13.7,70,30.6,85,993.9,1
2022-04-03,Lang_Son,21.8537,106.761,15.1,66,17.8,4,991.2,0
2022-04-04,Lang_Son,21.8537,106.761,16.9,64,14.2,8,990.0,0
2022-04-05,Lang_Son,21.8537,106.761,18.0,68,9.2,28,989.1,0
2022-04-06,Lang_Son,21.8537,106.761,19.7,71,14.0,23,987.7,0
2022-04-07,Lang_Son,21.8537,106.761,20.4,67,16.9,13,986.7,0
2022-04-08,Lang_Son,21.8537,106.761,20.9,69,11.9,6,984.8,0
2022-04-09,Lang_Son,21.8537,106.761,20.6,64,15.7,0,982.0,0
2022-04-10,Lang_Son,21.8537,106.761,21.0,67,15.3,16,980.7,0
2022-04-11,Lang_Son,21.8537,106.761,21.6,76,14.2,37,979.8,0
2022-04-12,Lang_Son,21.8537,106.761,21.8,85,19.1,59,977.0,0
2022-04-13,Lang_Son,21.8537,106.761,23.6,75,10.8,26,977.3,0
2022-04-14,Lang_Son,21.8537,106.761,24.2,76,18.2,28,977.5,0
2022-04-15,Lang_Son,21.8537,106.761,23.9,81,23.2,83,978.3,1
2022-04-16,Lang_Son,21.8537,106.761,18.8,91,24.9,100,980.8,1
2022-04-17,Lang_Son,21.8537,106.761,14.7,89,20.8,100,984.3,1
2022-04-18,Lang_Son,21.8537,106.761,15.8,79,28.5,100,987.3,1
2022-04-19,Lang_Son,21.8537,106.761,17.5,75,16.6,71,987.0,0
2022-04-20,Lang_Son,21.8537,106.761,18.4,80,10.1,65,984.3,1
2022-04-21,Lang_Son,21.8537,106.761,20.2,86,17.1,81,981.3,0
2022-04-22,Lang_Son,21.8537,106.761,22.8,89,24.9,68,979.1,1
2022-04-23,Lang_Son,21.8537,106.761,24.4,87,15.9,70,978.1,1
2022-04-24,Lang_Son,21.8537,106.761,25.3,84,23.2,46,975.3,1
2022-04-25,Lang_Son,21.8537,106.761,26.3,82,23.5,18,974.6,1
2022-04-26,Lang_Son,21.8537,106.761,27.3,80,17.9,8,974.4,0
2022-04-27,Lang_Son,21.8537,106.761,26.4,85,18.9,47,976.0,1
2022-04-28,Lang_Son,21.8537,106.761,26.1,85,22.5,79,977.9,1
2022-04-29,Lang_Son,21.8537,106.761,26.0,81,17.7,92,979.7,1
2022-04-30,Lang_Son,21.8537,106.761,24.4,86,26.7,93,980.3,1
2022-05-01,Lang_Son,21.8537,106.761,17.0,76,35.4,97,984.2,1
2022-05-02,Lang_Son,21.8537,106.761,18.9,59,26.7,65,985.8,0
2022-05-03,Lang_Son,21.8537,106.761,19.9,65,16.4,10,986.0,0
2022-05-04,Lang_Son,21.8537,106.761,21.2,64,12.4,37,984.1,0
2022-05-05,Lang_Son,21.8537,106.761,22.3,68,12.0,72,981.5,0
2022-05-06,Lang_Son,21.8537,106.761,22.3,78,8.3,65,981.1,1
2022-05-07,Lang_Son,21.8537,106.761,23.6,87,14.8,82,981.1,1
2022-05-08,Lang_Son,21.8537,106.761,23.8,88,18.0,98,980.8,1
2022-05-09,Lang_Son,21.8537,106.761,24.1,87,19.9,88,979.8,1
2022-05-10,Lang_Son,21.8537,106.761,24.1,93,17.2,95,977.3,1
2022-05-11,Lang_Son,21.8537,106.761,25.1,90,15.0,90,975.4,1
2022-05-12,Lang_Son,21.8537,106.761,24.0,90,14.4,98,975.1,1
2022-05-13,Lang_Son,21.8537,106.761,22.6,90,21.2,79,975.3,1
2022-05-14,Lang_Son,21.8537,106.761,22.9,87,13.3,100,977.7,1
2022-05-15,Lang_Son,21.8537,106.761,21.2,83,27.9,91,980.5,1
2022-05-16,Lang_Son,21.8537,106.761,18.3,73,28.0,91,983.7,1
2022-05-17,Lang_Son,21.8537,106.761,20.7,72,11.7,97,983.1,0
2022-05-18,Lang_Son,21.8537,106.761,22.0,80,14.1,100,982.3,0
2022-05-19,Lang_Son,21.8537,106.761,23.2,83,11.0,81,981.0,1
2022-05-20,Lang_Son,21.8537,106.761,24.4,82,13.0,99,979.2,1
2022-05-21,Lang_Son,21.8537,106.761,22.4,91,15.3,100,977.3,1
2022-05-22,Lang_Son,21.8537,106.761,22.4,94,14.3,100,973.7,1
2022-05-23,Lang_Son,21.8537,106.761,23.6,94,16.6,100,974.2,1
2022-05-24,Lang_Son,21.8537,106.761,23.1,96,13.6,100,977.0,1
2022-05-25,Lang_Son,21.8537,106.761,24.8,92,12.6,100,976.3,1
2022-05-26,Lang_Son,21.8537,106.761,25.6,89,10.6,100,973.2,1
2022-05-27,Lang_Son,21.8537,106.761,25.4,92,12.2,100,971.9,1
2022-05-28,Lang_Son,21.8537,106.761,25.9,88,16.6,100,972.1,1
2022-05-29,Lang_Son,21.8537,106.761,26.5,87,17.5,99,973.0,1
2022-05-30,Lang_Son,21.8537,106.761,25.6,90,12.4,100,974.6,1
2022-05-31,Lang_Son,21.8537,106.761,24.8,92,11.6,100,975.3,1
2022-06-01,Lang_Son,21.8537,106.761,25.8,89,19.2,96,974.9,1
2022-06-02,Lang_Son,21.8537,106.761,26.6,86,21.6,100,973.0,1
2022-06-03,Lang_Son,21.8537,106.761,27.4,83,22.7,100,971.7,1
2022-06-04,Lang_Son,21.8537,106.761,28.2,79,17.6,100,971.9,1
2022-06-05,Lang_Son,21.8537,106.761,27.0,84,13.9,100,972.2,1
2022-06-06,Lang_Son,21.8537,106.761,24.6,94,13.3,100,973.7,1
2022-06-07,Lang_Son,21.8537,106.761,24.9,91,8.2,100,974.3,1
2022-06-08,Lang_Son,21.8537,106.761,25.2,91,8.2,95,974.2,1
2022-06-09,Lang_Son,21.8537,106.761,25.5,90,11.0,100,973.8,1
2022-06-10,Lang_Son,21.8537,106.761,25.7,92,11.3,100,973.1,1
2022-06-11,Lang_Son,21.8537,106.761,24.3,95,9.4,100,974.6,1
2022-06-12,Lang_Son,21.8537,106.761,26.8,87,16.7,99,974.8,1
2022-06-13,Lang_Son,21.8537,106.761,26.8,86,12.1,100,975.2,1
2022-06-14,Lang_Son,21.8537,106.761,24.6,89,13.4,100,977.6,1
2022-06-15,Lang_Son,21.8537,106.761,24.9,89,9.5,92,978.0,1
2022-06-16,Lang_Son,21.8537,106.761,25.5,89,20.9,100,976.8,1
2022-06-17,Lang_Son,21.8537,106.761,27.4,83,20.1,100,974.0,1
2022-06-18,Lang_Son,21.8537,106.761,28.3,76,19.2,100,971.8,1
2022-06-19,Lang_Son,21.8537,106.761,28.3,75,18.7,100,971.0,0
2022-06-20,Lang_Son,21.8537,106.761,28.6,75,18.8,100,970.2,1
2022-06-21,Lang_Son,21.8537,106.761,28.9,76,20.1,100,971.2,0
2022-06-22,Lang_Son,21.8537,106.761,28.2,78,20.7,93,975.6,1
2022-06-23,Lang_Son,21.8537,106.761,27.1,84,19.2,81,978.3,1
2022-06-24,Lang_Son,21.8537,106.761,27.2,80,16.5,75,977.5,1
2022-06-25,Lang_Son,21.8537,106.761,27.2,80,17.5,77,976.3,1
2022-06-26,Lang_Son,21.8537,106.761,27.4,80,18.9,51,976.9,1
2022-06-27,Lang_Son,21.8537,106.761,28.2,79,23.8,94,975.4,1
2022-06-28,Lang_Son,21.8537,106.761,28.8,79,15.2,99,973.0,1
2022-06-29,Lang_Son,21.8537,106.761,26.3,89,10.3,100,971.7,1
2022-06-30,Lang_Son,21.8537,106.761,25.6,90,11.0,99,972.6,1
2022-07-01,Lang_Son,21.8537,106.761,25.8,89,15.5,99,972.3,1
2022-07-02,Lang_Son,21.8537,106.761,26.6,87,20.6,100,968.7,1
2022-07-03,Lang_Son,21.8537,106.761,27.4,86,10.3,99,968.8,1
2022-07-04,Lang_Son,21.8537,106.761,27.7,88,15.2,100,969.7,1
2022-07-05,Lang_Son,21.8537,106.761,27.2,89,11.2,100,972.0,1
2022-07-06,Lang_Son,21.8537,106.761,25.5,92,16.1,100,974.0,1
2022-07-07,Lang_Son,21.8537,106.761,25.5,91,14.8,100,974.4,1
2022-07-08,Lang_Son,21.8537,106.761,25.0,91,14.7,100,975.5,1
2022-07-09,Lang_Son,21.8537,106.761,25.5,90,10.7,95,975.3,1
2022-07-10,Lang_Son,21.8537,106.761,25.5,89,12.1,81,975.9,1
2022-07-11,Lang_Son,21.8537,106.761,26.5,87,9.4,75,976.1,1
2022-07-12,Lang_Son,21.8537,106.761,26.9,86,12.0,47,975.9,1
2022-07-13,Lang_Son,21.8537,106.761,26.8,86,13.2,40,975.3,1
2022-07-14,Lang_Son,21.8537,106.761,26.4,87,12.0,49,975.3,1
2022-07-15,Lang_Son,21.8537,106.761,26.9,87,11.2,93,975.8,1
2022-07-16,Lang_Son,21.8537,106.761,27.7,85,15.9,81,975.3,1
2022-07-17,Lang_Son,21.8537,106.761,28.4,85,16.3,100,974.3,0
2022-07-18,Lang_Son,21.8537,106.761,28.6,84,16.7,100,972.3,1
2022-07-19,Lang_Son,21.8537,106.761,28.1,86,18.4,100,973.2,1
2022-07-20,Lang_Son,21.8537,106.761,26.9,88,14.9,100,977.4,1
2022-07-21,Lang_Son,21.8537,106.761,26.2,87,17.3,72,980.0,1
2022-07-22,Lang_Son,21.8537,106.761,25.8,88,14.9,42,981.4,1
2022-07-23,Lang_Son,21.8537,106.761,26.6,85,14.1,37,980.0,1
2022-07-24,Lang_Son,21.8537,106.761,27.2,83,13.8,14,978.2,0
2022-07-25,Lang_Son,21.8537,106.761,27.0,82,12.0,1,978.6,0
2022-07-26,Lang_Son,21.8537,106.761,26.7,83,14.4,14,977.9,0
2022-07-27,Lang_Son,21.8537,106.761,26.7,81,14.9,8,977.4,0
2022-07-28,Lang_Son,21.8537,106.761,26.6,81,11.0,73,977.3,0
2022-07-29,Lang_Son,21.8537,106.761,26.7,80,11.4,100,976.2,0
2022-07-30,Lang_Son,21.8537,106.761,26.3,87,11.6,79,975.1,1
2022-07-31,Lang_Son,21.8537,106.761,26.0,87,15.2,95,974.6,1
2022-08-01,Lang_Son,21.8537,106.761,26.8,85,11.8,58,975.6,1
2022-08-02,Lang_Son,21.8537,106.761,27.3,82,9.2,21,977.3,1
2022-08-03,Lang_Son,21.8537,106.761,27.9,79,9.5,54,977.1,1
2022-08-04,Lang_Son,21.8537,106.761,27.3,84,10.1,96,974.9,1
2022-08-05,Lang_Son,21.8537,106.761,25.7,89,10.2,100,974.0,1
2022-08-06,Lang_Son,21.8537,106.761,25.0,89,14.8,100,975.0,1
2022-08-07,Lang_Son,21.8537,106.761,25.4,89,11.5,100,976.4,1
2022-08-08,Lang_Son,21.8537,106.761,25.4,89,19.9,56,976.1,1
2022-08-09,Lang_Son,21.8537,106.761,25.3,90,10.9,66,974.4,1
2022-08-10,Lang_Son,21.8537,106.761,24.6,94,18.2,94,971.8,1
2022-08-11,Lang_Son,21.8537,106.761,24.4,93,21.8,100,972.1,1
2022-08-12,Lang_Son,21.8537,106.761,24.4,93,11.5,98,977.1,1
2022-08-13,Lang_Son,21.8537,106.761,25.4,88,13.0,87,977.1,1
2022-08-14,Lang_Son,21.8537,106.761,26.2,86,13.7,58,976.5,1
2022-08-15,Lang_Son,21.8537,106.761,26.7,87,12.7,66,975.8,1
2022-08-16,Lang_Son,21.8537,106.761,27.1,87,9.7,74,975.7,1
2022-08-17,Lang_Son,21.8537,106.761,26.5,88,14.4,89,975.7,1
2022-08-18,Lang_Son,21.8537,106.761,27.0,84,11.7,79,974.9,1
2022-08-19,Lang_Son,21.8537,106.761,27.5,83,12.8,70,974.3,1
2022-08-20,Lang_Son,21.8537,106.761,25.3,91,15.0,94,974.0,1
2022-08-21,Lang_Son,21.8537,106.761,25.0,90,18.3,88,974.7,1
2022-08-22,Lang_Son,21.8537,106.761,26.4,86,14.8,80,976.3,1
2022-08-23,Lang_Son,21.8537,106.761,26.8,88,9.2,53,976.8,1
2022-08-24,Lang_Son,21.8537,106.761,27.2,86,11.4,79,975.2,1
2022-08-25,Lang_Son,21.8537,106.761,26.0,91,23.7,100,970.6,1
2022-08-26,Lang_Son,21.8537,106.761,24.4,93,29.4,100,974.9,1
2022-08-27,Lang_Son,21.8537,106.761,26.4,85,14.8,76,978.7,1
2022-08-28,Lang_Son,21.8537,106.761,26.8,85,16.7,81,978.5,1
2022-08-29,Lang_Son,21.8537,106.761,26.9,84,15.0,62,980.0,1
2022-08-30,Lang_Son,21.8537,106.761,26.5,85,11.3,82,979.7,0
2022-08-31,Lang_Son,21.8537,106.761,26.7,83,10.7,95,978.3,1
2022-09-01,Lang_Son,21.8537,106.761,24.8,89,23.7,79,980.2,1
2022-09-02,Lang_Son,21.8537,106.761,26.2,82,12.8,98,979.3,1
2022-09-03,Lang_Son,21.8537,106.761,26.4,87,6.9,97,977.1,1
2022-09-04,Lang_Son,21.8537,106.761,26.2,76,16.9,88,978.2,0
2022-09-05,Lang_Son,21.8537,106.761,25.8,70,14.9,36,978.6,0
2022-09-06,Lang_Son,21.8537,106.761,25.6,72,14.7,73,979.4,0
2022-09-07,Lang_Son,21.8537,106.761,26.0,81,14.5,83,982.0,1
2022-09-08,Lang_Son,21.8537,106.761,24.2,94,13.0,100,983.5,1
2022-09-09,Lang_Son,21.8537,106.761,24.7,91,14.3,99,983.6,1
2022-09-10,Lang_Son,21.8537,106.761,24.2,91,13.3,99,982.6,1
2022-09-11,Lang_Son,21.8537,106.761,24.4,91,8.2,90,981.0,1
2022-09-12,Lang_Son,21.8537,106.761,24.5,88,10.9,84,980.0,1
2022-09-13,Lang_Son,21.8537,106.761,25.5,84,11.5,82,980.2,1
2022-09-14,Lang_Son,21.8537,106.761,25.8,84,8.7,44,979.8,1
2022-09-15,Lang_Son,21.8537,106.761,26.0,85,10.1,62,977.3,1
2022-09-16,Lang_Son,21.8537,106.761,25.4,91,12.7,98,975.7,1
2022-09-17,Lang_Son,21.8537,106.761,25.2,92,8.7,67,977.2,1
2022-09-18,Lang_Son,21.8537,106.761,26.0,84,8.3,51,977.7,0
2022-09-19,Lang_Son,21.8537,106.761,26.7,80,8.4,50,977.6,0
2022-09-20,Lang_Son,21.8537,106.761,25.3,91,20.4,62,978.0,1
2022-09-21,Lang_Son,21.8537,106.761,24.9,90,12.5,97,979.6,1
2022-09-22,Lang_Son,21.8537,106.761,24.9,86,11.7,49,980.5,1
2022-09-23,Lang_Son,21.8537,106.761,24.2,86,16.9,73,981.2,1
2022-09-24,Lang_Son,21.8537,106.761,23.9,81,19.9,60,981.3,1
2022-09-25,Lang_Son,21.8537,106.761,24.3,85,15.5,43,981.5,1
2022-09-26,Lang_Son,21.8537,106.761,24.9,84,14.1,10,980.4,1
2022-09-27,Lang_Son,21.8537,106.761,25.8,75,16.3,56,978.0,0
2022-09-28,Lang_Son,21.8537,106.761,24.2,80,26.5,99,976.8,1
2022-09-29,Lang_Son,21.8537,106.761,23.0,94,18.8,100,978.0,1
2022-09-30,Lang_Son,21.8537,106.761,23.7,93,14.1,100,979.5,1
2022-10-01,Lang_Son,21.8537,106.761,23.7,94,13.4,100,980.4,1
2022-10-02,Lang_Son,21.8537,106.761,24.3,91,10.4,88,981.6,1
2022-10-03,Lang_Son,21.8537,106.761,24.3,89,9.0,65,983.0,1
2022-10-04,Lang_Son,21.8537,106.761,23.9,92,11.0,43,984.1,1
2022-10-05,Lang_Son,21.8537,106.761,24.7,85,8.7,40,983.8,0
2022-10-06,Lang_Son,21.8537,106.761,24.5,85,10.4,19,984.0,1
2022-10-07,Lang_Son,21.8537,106.761,23.7,86,13.5,55,984.8,1
2022-10-08,Lang_Son,21.8537,106.761,22.1,82,16.1,64,985.3,1
2022-10-09,Lang_Son,21.8537,106.761,20.9,82,29.2,86,988.2,1
2022-10-10,Lang_Son,21.8537,106.761,19.1,63,26.4,47,990.2,0
2022-10-11,Lang_Son,21.8537,106.761,18.7,64,18.5,3,987.5,0
2022-10-12,Lang_Son,21.8537,106.761,19.3,65,12.5,4,986.1,0
2022-10-13,Lang_Son,21.8537,106.761,19.7,65,15.6,14,984.8,0
2022-10-14,Lang_Son,21.8537,106.761,20.5,59,22.2,31,983.1,0
2022-10-15,Lang_Son,21.8537,106.761,20.6,56,24.0,67,983.2,0
2022-10-16,Lang_Son,21.8537,106.761,21.9,57,27.6,32,984.5,0
2022-10-17,Lang_Son,21.8537,106.761,22.9,52,29.4,37,985.0,0
2022-10-18,Lang_Son,21.8537,106.761,21.9,45,29.3,51,985.4,0
2022-10-19,Lang_Son,21.8537,106.761,18.8,48,21.5,99,986.3,1
2022-10-20,Lang_Son,21.8537,106.761,15.6,89,20.8,99,987.1,1
2022-10-21,Lang_Son,21.8537,106.761,19.1,85,15.1,77,987.9,1
2022-10-22,Lang_Son,21.8537,106.761,22.6,81,15.4,20,986.9,0
2022-10-23,Lang_Son,21.8537,106.761,23.5,79,15.7,1,985.5,0
2022-10-24,Lang_Son,21.8537,106.761,22.9,80,14.8,8,984.8,0
2022-10-25,Lang_Son,21.8537,106.761,23.4,82,7.7,66,986.1,1
2022-10-26,Lang_Son,21.8537,106.761,23.0,79,8.4,25,985.1,0
2022-10-27,Lang_Son,21.8537,106.761,23.1,80,8.4,30,984.8,0
2022-10-28,Lang_Son,21.8537,106.761,22.8,78,13.5,25,985.5,0
2022-10-29,Lang_Son,21.8537,106.761,21.5,75,15.6,7,985.6,0
2022-10-30,Lang_Son,21.8537,106.761,22.0,69,24.0,29,984.6,0
2022-10-31,Lang_Son,21.8537,106.761,21.1,58,34.4,55,985.0,0
2022-11-01,Lang_Son,21.8537,106.761,20.4,53,25.9,75,984.2,0
2022-11-02,Lang_Son,21.8537,106.761,19.2,62,16.4,37,982.2,0
2022-11-03,Lang_Son,21.8537,106.761,19.7,67,13.9,48,983.4,0
2022-11-04,Lang_Son,21.8537,106.761,20.7,65,17.1,50,986.6,0
2022-11-05,Lang_Son,21.8537,106.761,19.8,66,18.1,17,988.5,0
2022-11-06,Lang_Son,21.8537,106.761,18.7,77,11.4,1,987.6,0
2022-11-07,Lang_Son,21.8537,106.761,19.6,81,7.9,51,986.4,0
2022-11-08,Lang_Son,21.8537,106.761,20.3,77,10.5,10,986.3,0
2022-11-09,Lang_Son,21.8537,106.761,21.3,77,8.0,18,986.1,0
2022-11-10,Lang_Son,21.8537,106.761,21.7,84,9.2,33,985.6,1
2022-11-11,Lang_Son,21.8537,106.761,22.7,83,12.2,40,985.0,1
2022-11-12,Lang_Son,21.8537,106.761,22.7,82,10.6,38,984.0,0
2022-11-13,Lang_Son,21.8537,106.761,23.2,75,10.2,14,984.8,0
2022-11-14,Lang_Son,21.8537,106.761,23.7,76,8.7,34,984.9,1
2022-11-15,Lang_Son,21.8537,106.761,23.1,84,9.7,67,984.0,1
2022-11-16,Lang_Son,21.8537,106.761,22.7,89,12.0,59,982.5,1
2022-11-17,Lang_Son,21.8537,106.761,23.9,84,13.5,69,982.2,1
2022-11-18,Lang_Son,21.8537,106.761,24.0,84,14.1,67,983.5,1
2022-11-19,Lang_Son,21.8537,106.761,21.6,88,19.8,76,984.8,1
2022-11-20,Lang_Son,21.8537,106.761,21.7,79,11.8,60,983.6,0
2022-11-21,Lang_Son,21.8537,106.761,21.8,81,7.8,50,981.9,0
2022-11-22,Lang_Son,21.8537,106.761,23.2,80,18.4,79,981.8,0
2022-11-23,Lang_Son,21.8537,106.761,21.6,85,17.7,99,982.9,1
2022-11-24,Lang_Son,21.8537,106.761,20.2,87,20.1,98,984.0,1
2022-11-25,Lang_Son,21.8537,106.761,19.7,94,12.3,100,984.7,1
2022-11-26,Lang_Son,21.8537,106.761,20.5,94,14.0,99,983.1,1
2022-11-27,Lang_Son,21.8537,106.761,23.4,91,22.9,69,979.0,1
2022-11-28,Lang_Son,21.8537,106.761,24.4,89,20.8,44,978.9,1
2022-11-29,Lang_Son,21.8537,106.761,24.5,90,17.2,25,980.9,1
2022-11-30,Lang_Son,21.8537,106.761,18.3,86,26.5,92,986.2,1
2022-12-01,Lang_Son,21.8537,106.761,9.1,81,27.8,100,991.2,1
2022-12-02,Lang_Son,21.8537,106.761,9.0,75,26.0,94,990.2,1
2022-12-03,Lang_Son,21.8537,106.761,11.5,78,13.4,100,987.0,1
2022-12-04,Lang_Son,21.8537,106.761,12.0,85,22.7,100,989.2,1
2022-12-05,Lang_Son,21.8537,106.761,11.5,73,24.8,66,991.3,1
2022-12-06,Lang_Son,21.8537,106.761,11.4,77,15.9,3,988.8,0
2022-12-07,Lang_Son,21.8537,106.761,11.7,78,16.0,90,988.7,0
2022-12-08,Lang_Son,21.8537,106.761,13.7,79,15.7,100,988.0,0
2022-12-09,Lang_Son,21.8537,106.761,13.5,84,15.7,100,986.6,1
2022-12-10,Lang_Son,21.8537,106.761,14.8,80,18.0,75,986.1,1
2022-12-11,Lang_Son,21.8537,106.761,13.8,68,18.6,73,987.4,0
2022-12-12,Lang_Son,21.8537,106.761,13.4,62,24.8,32,989.7,0
2022-12-13,Lang_Son,21.8537,106.761,12.4,56,15.8,0,989.2,0
2022-12-14,Lang_Son,21.8537,106.761,12.5,54,23.7,20,990.9,0
2022-12-15,Lang_Son,21.8537,106.761,12.7,62,7.9,5,985.9,0
2022-12-16,Lang_Son,21.8537,106.761,14.5,69,21.2,1,987.0,0
2022-12-17,Lang_Son,21.8537,106.761,12.3,43,36.7,50,996.1,0
2022-12-18,Lang_Son,21.8537,106.761,10.9,38,25.5,90,995.5,0
2022-12-19,Lang_Son,21.8537,106.761,10.6,49,10.4,25,989.2,0
2022-12-20,Lang_Son,21.8537,106.761,13.4,55,17.1,60,986.3,0
2022-12-21,Lang_Son,21.8537,106.761,13.9,51,24.0,58,987.8,0
2022-12-22,Lang_Son,21.8537,106.761,14.3,53,13.6,50,985.8,0
2022-12-23,Lang_Son,21.8537,106.761,15.6,49,9.8,52,987.0,0
2022-12-24,Lang_Son,21.8537,106.761,14.9,53,14.0,35,989.2,0
2022-12-25,Lang_Son,21.8537,106.761,15.0,62,13.2,2,988.8,0
2022-12-26,Lang_Son,21.8537,106.761,15.7,76,10.1,65,989.5,1
2022-12-27,Lang_Son,21.8537,106.761,17.6,58,15.1,88,989.0,0
2022-12-28,Lang_Son,21.8537,106.761,11.6,65,29.0,99,992.4,1
2022-12-29,Lang_Son,21.8537,106.761,9.5,66,23.0,97,995.3,1
2022-12-30,Lang_Son,21.8537,106.761,9.9,66,20.1,81,995.5,0
2022-12-31,Lang_Son,21.8537,106.761,11.9,63,14.5,26,994.0,0
2023-01-01,Lang_Son,21.8537,106.761,13.3,64,13.5,25,992.6,0
2023-01-02,Lang_Son,21.8537,106.761,13.2,74,18.6,96,993.5,1
2023-01-03,Lang_Son,21.8537,106.761,12.6,73,19.3,86,993.5,1
2023-01-04,Lang_Son,21.8537,106.761,15.6,66,10.9,86,991.4,0
2023-01-05,Lang_Son,21.8537,106.761,15.9,77,13.4,81,992.2,1
2023-01-06,Lang_Son,21.8537,106.761,15.6,64,26.5,38,994.2,0
2023-01-07,Lang_Son,21.8537,106.761,14.5,61,13.7,31,989.8,0
2023-01-08,Lang_Son,21.8537,106.761,15.1,72,7.4,78,988.2,0
2023-01-09,Lang_Son,21.8537,106.761,16.2,80,11.5,87,988.5,0
2023-01-10,Lang_Son,21.8537,106.761,16.3,91,18.1,99,987.6,1
2023-01-11,Lang_Son,21.8537,106.761,17.2,89,10.2,89,984.7,1
2023-01-12,Lang_Son,21.8537,106.761,17.9,88,15.4,58,981.2,0
2023-01-13,Lang_Son,21.8537,106.761,19.7,86,22.8,42,978.1,0
2023-01-14,Lang_Son,21.8537,106.761,21.6,73,11.5,4,976.9,0
2023-01-15,Lang_Son,21.8537,106.761,12.9,66,30.2,86,985.5,0
2023-01-16,Lang_Son,21.8537,106.761,8.1,54,28.2,92,991.3,0
2023-01-17,Lang_Son,21.8537,106.761,8.1,57,19.8,99,993.3,0
2023-01-18,Lang_Son,21.8537,106.761,9.3,52,20.9,68,993.8,0
2023-01-19,Lang_Son,21.8537,106.761,10.9,58,14.7,22,991.7,0
2023-01-20,Lang_Son,21.8537,106.761,12.4,61,11.5,59,990.4,0
2023-01-21,Lang_Son,21.8537,106.761,13.8,73,19.9,33,986.5,0
2023-01-22,Lang_Son,21.8537,106.761,16.5,86,10.2,76,984.2,1
2023-01-23,Lang_Son,21.8537,106.761,14.9,82,27.1,94,986.2,1
2023-01-24,Lang_Son,21.8537,106.761,11.4,50,37.3,66,994.9,0
2023-01-25,Lang_Son,21.8537,106.761,10.2,53,12.6,8,989.6,0
2023-01-26,Lang_Son,21.8537,106.761,13.2,78,19.1,67,986.2,1
2023-01-27,Lang_Son,21.8537,106.761,11.4,60,32.1,63,993.6,1
2023-01-28,Lang_Son,21.8537,106.761,10.4,35,22.6,22,993.3,0
2023-01-29,Lang_Son,21.8537,106.761,11.5,39,15.9,9,992.7,0
2023-01-30,Lang_Son,21.8537,106.761,12.5,47,10.7,0,989.8,0
2023-01-31,Lang_Son,21.8537,106.761,13.7,57,16.7,0,983.9,0
2023-02-01,Lang_Son,21.8537,106.761,17.4,80,17.2,61,982.2,1
2023-02-02,Lang_Son,21.8537,106.761,19.8,83,14.9,91,985.2,1
2023-02-03,Lang_Son,21.8537,106.761,18.1,96,8.5,94,985.3,1
2023-02-04,Lang_Son,21.8537,106.761,19.0,93,13.5,100,983.2,1
2023-02-05,Lang_Son,21.8537,106.761,15.7,96,13.9,100,982.4,1
2023-02-06,Lang_Son,21.8537,106.761,16.7,96,10.4,100,981.5,1
2023-02-07,Lang_Son,21.8537,106.761,18.4,95,8.7,100,982.3,1
2023-02-08,Lang_Son,21.8537,106.761,19.7,93,18.4,99,981.9,1
2023-02-09,Lang_Son,21.8537,106.761,20.6,92,15.4,99,982.6,1
2023-02-10,Lang_Son,21.8537,106.761,21.1,91,24.7,93,981.8,1
2023-02-11,Lang_Son,21.8537,106.761,21.3,91,26.7,98,979.2,1
2023-02-12,Lang_Son,21.8537,106.761,22.2,89,22.8,49,978.2,1
2023-02-13,Lang_Son,21.8537,106.761,20.4,82,25.3,50,981.4,1
2023-02-14,Lang_Son,21.8537,106.761,13.4,67,28.7,100,988.8,1
2023-02-15,Lang_Son,21.8537,106.761,12.5,66,21.5,92,992.0,1
2023-02-16,Lang_Son,21.8537,106.761,14.1,70,13.5,85,992.0,0
2023-02-17,Lang_Son,21.8537,106.761,15.4,81,13.8,68,988.5,1
2023-02-18,Lang_Son,21.8537,106.761,17.9,79,15.3,96,986.1,1
2023-02-19,Lang_Son,21.8537,106.761,17.2,83,24.1,75,988.9,1
2023-02-20,Lang_Son,21.8537,106.761,17.5,70,15.0,46,988.4,0
2023-02-21,Lang_Son,21.8537,106.761,17.9,77,11.0,57,989.0,1
2023-02-22,Lang_Son,21.8537,106.761,17.6,75,14.0,59,988.7,0
2023-02-23,Lang_Son,21.8537,106.761,18.3,73,16.2,84,986.0,0
2023-02-24,Lang_Son,21.8537,106.761,16.2,69,23.4,100,990.0,1
2023-02-25,Lang_Son,21.8537,106.761,15.2,51,25.1,37,995.6,0
2023-02-26,Lang_Son,21.8537,106.761,14.1,49,19.1,0,997.2,0
2023-02-27,Lang_Son,21.8537,106.761,14.6,62,12.6,9,993.9,0
2023-02-28,Lang_Son,21.8537,106.761,16.4,72,13.2,32,990.7,0
2023-03-01,Lang_Son,21.8537,106.761,18.1,74,10.7,56,990.6,0
2023-03-02,Lang_Son,21.8537,106.761,19.4,63,16.9,29,992.1,0
2023-03-03,Lang_Son,21.8537,106.761,18.9,71,17.9,55,992.4,1
2023-03-04,Lang_Son,21.8537,106.761,18.5,69,14.2,83,993.4,0
2023-03-05,Lang_Son,21.8537,106.761,18.9,71,15.4,47,991.0,0
2023-03-06,Lang_Son,21.8537,106.761,19.6,65,17.7,52,988.6,0
2023-03-07,Lang_Son,21.8537,106.761,20.4,64,16.6,77,987.6,0
2023-03-08,Lang_Son,21.8537,106.761,20.5,74,10.2,63,988.0,0
2023-03-09,Lang_Son,21.8537,106.761,22.1,68,14.0,48,987.6,1
2023-03-10,Lang_Son,21.8537,106.761,21.5,68,18.4,23,984.4,0
2023-03-11,Lang_Son,21.8537,106.761,20.8,75,13.5,76,985.8,0
2023-03-12,Lang_Son,21.8537,106.761,20.2,74,27.6,100,988.9,1
2023-03-13,Lang_Son,21.8537,106.761,16.7,51,25.6,100,990.7,1
2023-03-14,Lang_Son,21.8537,106.761,18.4,66,20.5,31,983.4,0
2023-03-15,Lang_Son,21.8537,106.761,19.8,84,17.6,86,984.0,1
2023-03-16,Lang_Son,21.8537,106.761,20.6,80,19.9,78,985.2,1
2023-03-17,Lang_Son,21.8537,106.761,20.9,84,15.8,79,984.1,1
2023-03-18,Lang_Son,21.8537,106.761,21.4,79,17.5,83,983.0,0
2023-03-19,Lang_Son,21.8537,106.761,21.2,83,21.4,99,981.2,1
2023-03-20,Lang_Son,21.8537,106.761,21.9,86,23.4,96,978.3,1
2023-03-21,Lang_Son,21.8537,106.761,24.3,82,18.8,95,975.7,0
2023-03-22,Lang_Son,21.8537,106.761,26.8,70,21.1,29,973.8,0
2023-03-23,Lang_Son,21.8537,106.761,27.4,69,21.4,11,973.9,0
2023-03-24,Lang_Son,21.8537,106.761,25.2,76,13.4,18,977.1,1
2023-03-25,Lang_Son,21.8537,106.761,20.7,85,24.1,97,980.8,1
2023-03-26,Lang_Son,21.8537,106.761,16.9,82,21.7,100,982.3,1
2023-03-27,Lang_Son,21.8537,106.761,15.8,82,26.1,100,984.7,1
2023-03-28,Lang_Son,21.8537,106.761,15.3,83,17.3,100,985.8,1
2023-03-29,Lang_Son,21.8537,106.761,15.9,87,14.3,92,984.2,1
2023-03-30,Lang_Son,21.8537,106.761,18.1,82,13.0,85,981.9,1
2023-03-31,Lang_Son,21.8537,106.761,19.8,85,9.8,97,981.0,0
2023-04-01,Lang_Son,21.8537,106.761,21.2,91,15.3,100,979.5,1
2023-04-02,Lang_Son,21.8537,106.761,23.3,91,23.9,77,977.0,1
2023-04-03,Lang_Son,21.8537,106.761,24.3,86,25.9,57,975.5,1
2023-04-04,Lang_Son,21.8537,106.761,25.4,82,22.9,53,974.4,1
2023-04-05,Lang_Son,21.8537,106.761,25.9,79,14.6,10,975.4,0
2023-04-06,Lang_Son,21.8537,106.761,22.1,80,27.2,55,980.2,1
2023-04-07,Lang_Son,21.8537,106.761,20.2,63,17.6,88,984.8,0
2023-04-08,Lang_Son,21.8537,106.761,17.6,80,21.9,100,988.5,1
2023-04-09,Lang_Son,21.8537,106.761,17.6,85,9.3,100,986.0,1
2023-04-10,Lang_Son,21.8537,106.761,20.2,91,13.8,100,981.4,1
2023-04-11,Lang_Son,21.8537,106.761,23.2,92,16.5,95,979.4,1
2023-04-12,Lang_Son,21.8537,106.761,23.7,90,15.6,100,980.0,1
2023-04-13,Lang_Son,21.8537,106.761,23.5,91,19.7,100,979.0,1
2023-04-14,Lang_Son,21.8537,106.761,24.0,90,17.6,97,978.8,1
2023-04-15,Lang_Son,21.8537,106.761,23.2,83,25.0,74,981.5,1
2023-04-16,Lang_Son,21.8537,106.761,23.2,79,12.6,72,979.2,0
2023-04-17,Lang_Son,21.8537,106.761,23.8,84,24.6,72,977.3,1
2023-04-18,Lang_Son,21.8537,106.761,26.0,85,20.9,66,975.6,1
2023-04-19,Lang_Son,21.8537,106.761,27.2,79,13.4,38,972.9,0
2023-04-20,Lang_Son,21.8537,106.761,26.6,82,14.2,41,971.9,1
2023-04-21,Lang_Son,21.8537,106.761,26.9,81,19.2,44,972.5,1
2023-04-22,Lang_Son,21.8537,106.761,27.3,78,21.9,42,974.5,1
2023-04-23,Lang_Son,21.8537,106.761,26.9,80,22.2,59,977.9,1
2023-04-24,Lang_Son,21.8537,106.761,23.9,86,16.3,96,981.7,1
2023-04-25,Lang_Son,21.8537,106.761,18.6,73,26.4,100,985.0,1
2023-04-26,Lang_Son,21.8537,106.761,20.9,68,13.7,66,983.7,0
2023-04-27,Lang_Son,21.8537,106.761,22.0,82,22.7,62,981.2,1
2023-04-28,Lang_Son,21.8537,106.761,24.3,87,23.7,84,980.2,1
2023-04-29,Lang_Son,21.8537,106.761,22.5,81,27.7,85,982.2,1
2023-04-30,Lang_Son,21.8537,106.761,19.6,72,12.8,52,983.0,0
2023-05-01,Lang_Son,21.8537,106.761,22.1,74,15.0,29,981.7,0
2023-05-02,Lang_Son,21.8537,106.761,23.6,83,23.5,40,981.2,1
2023-05-03,Lang_Son,21.8537,106.761,24.9,85,26.0,76,979.7,1
2023-05-04,Lang_Son,21.8537,106.761,26.4,82,27.5,61,975.0,1
2023-05-05,Lang_Son,21.8537,106.761,28.6,75,20.4,6,970.7,0
2023-05-06,Lang_Son,21.8537,106.761,30.1,70,16.9,1,969.8,0
2023-05-07,Lang_Son,21.8537,106.761,26.8,80,20.9,76,974.0,1
2023-05-08,Lang_Son,21.8537,106.761,21.3,80,21.8,100,979.9,1
2023-05-09,Lang_Son,21.8537,106.761,22.3,86,14.4,90,980.9,1
2023-05-10,Lang_Son,21.8537,106.761,25.0,87,12.9,96,980.3,1
2023-05-11,Lang_Son,21.8537,106.761,23.1,87,26.2,97,983.0,1
2023-05-12,Lang_Son,21.8537,106.761,20.8,75,22.4,93,984.7,1
2023-05-13,Lang_Son,21.8537,106.761,19.1,86,20.5,100,983.9,1
2023-05-14,Lang_Son,21.8537,106.761,20.5,82,13.0,94,982.2,1
2023-05-15,Lang_Son,21.8537,106.761,23.2,83,14.9,96,979.4,0
2023-05-16,Lang_Son,21.8537,106.761,26.4,81,22.7,72,975.7,1
2023-05-17,Lang_Son,21.8537,106.761,28.6,72,16.1,17,974.2,0
2023-05-18,Lang_Son,21.8537,106.761,28.7,70,14.6,13,974.9,1
2023-05-19,Lang_Son,21.8537,106.761,28.0,81,17.7,39,975.3,1
2023-05-20,Lang_Son,21.8537,106.761,28.2,78,18.8,16,975.3,1
2023-05-21,Lang_Son,21.8537,106.761,29.6,73,19.9,17,975.7,0
2023-05-22,Lang_Son,21.8537,106.761,30.6,70,18.7,24,975.7,0
2023-05-23,Lang_Son,21.8537,106.761,25.4,79,19.6,97,977.9,1
2023-05-24,Lang_Son,21.8537,106.761,24.4,87,14.5,98,978.2,1
2023-05-25,Lang_Son,21.8537,106.761,26.0,87,17.6,100,978.3,1
2023-05-26,Lang_Son,21.8537,106.761,26.7,82,18.8,82,978.9,1
2023-05-27,Lang_Son,21.8537,106.761,26.8,82,18.4,49,978.0,1
2023-05-28,Lang_Son,21.8537,106.761,27.1,80,13.0,55,978.6,1
2023-05-29,Lang_Son,21.8537,106.761,27.8,76,12.4,20,978.8,1
2023-05-30,Lang_Son,21.8537,106.761,28.5,74,11.0,22,977.2,0
2023-05-31,Lang_Son,21.8537,106.761,29.6,69,15.2,30,974.4,0
2023-06-01,Lang_Son,21.8537,106.761,29.8,69,18.1,62,972.5,0
2023-06-02,Lang_Son,21.8537,106.761,30.9,69,19.6,78,973.6,0
2023-06-03,Lang_Son,21.8537,106.761,29.9,71,16.6,57,976.1,1
2023-06-04,Lang_Son,21.8537,106.761,29.3,73,18.7,86,976.5,1
2023-06-05,Lang_Son,21.8537,106.761,28.4,75,12.1,77,976.5,1
2023-06-06,Lang_Son,21.8537,106.761,26.9,79,16.1,91,976.9,1
2023-06-07,Lang_Son,21.8537,106.761,28.1,73,16.4,94,976.3,1
2023-06-08,Lang_Son,21.8537,106.761,26.9,83,13.3,90,975.6,1
2023-06-09,Lang_Son,21.8537,106.761,27.3,75,15.6,80,974.0,1
2023-06-10,Lang_Son,21.8537,106.761,28.9,67,14.8,83,972.8,1
2023-06-11,Lang_Son,21.8537,106.761,28.2,77,16.1,100,972.8,1
2023-06-12,Lang_Son,21.8537,106.761,28.5,75,17.3,93,973.1,1
2023-06-13,Lang_Son,21.8537,106.761,26.6,88,10.5,99,973.4,1
2023-06-14,Lang_Son,21.8537,106.761,25.9,86,10.8,94,975.4,1
2023-06-15,Lang_Son,21.8537,106.761,26.6,85,11.6,99,974.9,1
2023-06-16,Lang_Son,21.8537,106.761,27.2,86,16.2,100,973.9,1
2023-06-17,Lang_Son,21.8537,106.761,27.8,82,21.4,100,974.6,1
2023-06-18,Lang_Son,21.8537,106.761,26.7,87,18.1,100,975.2,1
2023-06-19,Lang_Son,21.8537,106.761,27.0,85,17.1,100,974.7,1
2023-06-20,Lang_Son,21.8537,106.761,27.8,84,15.4,96,974.7,1
2023-06-21,Lang_Son,21.8537,106.761,27.9,83,17.4,94,975.4,1
2023-06-22,Lang_Son,21.8537,106.761,26.8,89,13.3,100,975.4,1
2023-06-23,Lang_Son,21.8537,106.761,25.3,90,9.9,100,975.1,1
2023-06-24,Lang_Son,21.8537,106.761,24.2,96,9.2,100,975.2,1
2023-06-25,Lang_Son,21.8537,106.761,23.6,96,9.8,100,976.1,1
2023-06-26,Lang_Son,21.8537,106.761,23.5,96,9.4,95,977.1,1
2023-06-27,Lang_Son,21.8537,106.761,25.1,89,18.0,90,978.3,1
2023-06-28,Lang_Son,21.8537,106.761,26.7,83,20.6,33,978.5,1
2023-06-29,Lang_Son,21.8537,106.761,27.5,82,18.9,61,975.7,1
2023-06-30,Lang_Son,21.8537,106.761,28.4,82,22.1,99,973.6,1
2023-07-01,Lang_Son,21.8537,106.761,29.1,81,17.6,90,973.8,1
2023-07-02,Lang_Son,21.8537,106.761,29.0,80,16.8,98,974.6,1
2023-07-03,Lang_Son,21.8537,106.761,28.2,80,18.0,94,975.2,1
2023-07-04,Lang_Son,21.8537,106.761,27.6,83,19.2,86,975.9,1
2023-07-05,Lang_Son,21.8537,106.761,27.6,81,18.4,65,975.8,1
2023-07-06,Lang_Son,21.8537,106.761,28.6,78,23.0,50,975.9,1
2023-07-07,Lang_Son,21.8537,106.761,29.2,77,22.0,56,976.1,1
2023-07-08,Lang_Son,21.8537,106.761,28.8,79,24.0,79,977.5,1
2023-07-09,Lang_Son,21.8537,106.761,28.5,78,20.2,92,977.9,1
2023-07-10,Lang_Son,21.8537,106.761,28.6,77,18.7,68,977.1,1
2023-07-11,Lang_Son,21.8537,106.761,28.9,77,19.1,24,976.2,1
2023-07-12,Lang_Son,21.8537,106.761,29.5,74,21.3,27,975.7,1
2023-07-13,Lang_Son,21.8537,106.761,29.7,71,18.6,27,974.7,0
2023-07-14,Lang_Son,21.8537,106.761,29.3,76,14.0,87,974.6,1
2023-07-15,Lang_Son,21.8537,106.761,28.1,77,17.1,79,974.0,1
2023-07-16,Lang_Son,21.8537,106.761,29.5,67,18.9,86,971.6,1
2023-07-17,Lang_Son,21.8537,106.761,29.3,61,25.5,97,969.9,1
2023-07-18,Lang_Son,21.8537,106.761,23.1,91,26.8,100,967.9,1
2023-07-19,Lang_Son,21.8537,106.761,24.3,92,16.3,100,974.6,1
2023-07-20,Lang_Son,21.8537,106.761,25.6,92,10.7,100,977.1,1
2023-07-21,Lang_Son,21.8537,106.761,26.4,88,11.0,89,979.3,1
2023-07-22,Lang_Son,21.8537,106.761,27.1,86,11.6,86,980.3,1
2023-07-23,Lang_Son,21.8537,106.761,27.6,83,11.5,47,979.0,1
2023-07-24,Lang_Son,21.8537,106.761,27.8,80,10.8,58,977.3,0
2023-07-25,Lang_Son,21.8537,106.761,27.8,81,11.3,86,976.9,1
2023-07-26,Lang_Son,21.8537,106.761,28.1,79,11.6,92,975.2,0
2023-07-27,Lang_Son,21.8537,106.761,28.7,77,6.9,95,972.1,0
2023-07-28,Lang_Son,21.8537,106.761,29.1,80,10.4,89,970.0,1
2023-07-29,Lang_Son,21.8537,106.761,28.8,80,10.1,85,971.6,1
2023-07-30,Lang_Son,21.8537,106.761,27.6,84,14.2,94,973.0,1
2023-07-31,Lang_Son,21.8537,106.761,27.0,84,13.3,90,974.5,1
2023-08-01,Lang_Son,21.8537,106.761,26.2,89,13.1,97,974.1,1
2023-08-02,Lang_Son,21.8537,106.761,26.1,89,14.5,99,973.3,1
2023-08-03,Lang_Son,21.8537,106.761,25.4,93,13.6,100,972.4,1
2023-08-04,Lang_Son,21.8537,106.761,24.9,96,13.4,100,972.8,1
2023-08-05,Lang_Son,21.8537,106.761,25.3,93,14.6,98,972.4,1
2023-08-06,Lang_Son,21.8537,106.761,25.2,95,12.2,100,970.0,1
2023-08-07,Lang_Son,21.8537,106.761,25.9,90,10.8,91,969.6,1
2023-08-08,Lang_Son,21.8537,106.761,26.3,88,12.6,81,971.7,1
2023-08-09,Lang_Son,21.8537,106.761,26.7,88,6.5,85,974.0,1
2023-08-10,Lang_Son,21.8537,106.761,26.4,92,9.4,89,974.8,1
2023-08-11,Lang_Son,21.8537,106.761,25.7,92,11.0,82,973.3,1
2023-08-12,Lang_Son,21.8537,106.761,26.0,88,16.1,88,972.8,1
2023-08-13,Lang_Son,21.8537,106.761,26.5,88,12.1,89,973.2,1
2023-08-14,Lang_Son,21.8537,106.761,26.1,91,6.8,84,974.1,1
2023-08-15,Lang_Son,21.8537,106.761,25.4,93,7.3,91,975.4,1
2023-08-16,Lang_Son,21.8537,106.761,26.9,84,10.2,56,976.5,1
2023-08-17,Lang_Son,21.8537,106.761,27.9,85,12.0,65,976.1,1
2023-08-18,Lang_Son,21.8537,106.761,27.7,86,11.2,100,974.8,1
2023-08-19,Lang_Son,21.8537,106.761,26.3,92,6.3,100,975.9,1
2023-08-20,Lang_Son,21.8537,106.761,25.1,93,12.9,100,976.7,1
2023-08-21,Lang_Son,21.8537,106.761,26.5,87,10.4,94,977.2,1
2023-08-22,Lang_Son,21.8537,106.761,27.2,85,10.3,100,975.8,1
2023-08-23,Lang_Son,21.8537,106.761,26.8,88,10.8,98,974.5,1
2023-08-24,Lang_Son,21.8537,106.761,25.9,92,10.9,98,975.8,1
2023-08-25,Lang_Son,21.8537,106.761,26.3,90,14.1,93,976.0,1
2023-08-26,Lang_Son,21.8537,106.761,26.9,87,15.5,90,973.7,1
2023-08-27,Lang_Son,21.8537,106.761,27.2,88,10.8,94,971.8,1
2023-08-28,Lang_Son,21.8537,106.761,25.7,84,18.4,100,973.5,1
2023-08-29,Lang_Son,21.8537,106.761,24.9,77,25.0,74,975.9,0
2023-08-30,Lang_Son,21.8537,106.761,25.0,74,24.5,53,977.9,0
2023-08-31,Lang_Son,21.8537,106.761,25.5,73,20.2,19,977.5,0
2023-09-01,Lang_Son,21.8537,106.761,26.3,73,17.6,22,976.4,0
2023-09-02,Lang_Son,21.8537,106.761,27.3,66,22.5,69,974.4,0
2023-09-03,Lang_Son,21.8537,106.761,23.2,81,20.7,100,974.2,1
2023-09-04,Lang_Son,21.8537,106.761,23.9,84,23.0,60,976.0,1
2023-09-05,Lang_Son,21.8537,106.761,26.2,78,18.1,41,977.1,1
2023-09-06,Lang_Son,21.8537,106.761,26.8,80,13.6,72,977.9,1
2023-09-07,Lang_Son,21.8537,106.761,27.2,79,13.7,44,977.9,1
2023-09-08,Lang_Son,21.8537,106.761,25.9,87,15.8,94,977.5,1
2023-09-09,Lang_Son,21.8537,106.761,25.9,89,11.4,92,976.1,1
2023-09-10,Lang_Son,21.8537,106.761,26.1,87,13.6,93,975.2,1
2023-09-11,Lang_Son,21.8537,106.761,25.6,92,10.3,97,974.3,1
2023-09-12,Lang_Son,21.8537,106.761,24.3,96,14.5,100,974.8,1
2023-09-13,Lang_Son,21.8537,106.761,23.2,95,21.7,100,975.6,1
2023-09-14,Lang_Son,21.8537,106.761,22.2,94,20.2,98,977.9,1
2023-09-15,Lang_Son,21.8537,106.761,23.5,85,23.5,85,979.2,1
2023-09-16,Lang_Son,21.8537,106.761,24.9,88,17.1,80,980.0,1
2023-09-17,Lang_Son,21.8537,106.761,24.5,93,10.1,99,979.6,1
2023-09-18,Lang_Son,21.8537,106.761,24.9,93,10.8,95,980.1,1
2023-09-19,Lang_Son,21.8537,106.761,25.9,88,13.0,70,980.6,1
2023-09-20,Lang_Son,21.8537,106.761,26.5,87,11.5,34,980.4,1
2023-09-21,Lang_Son,21.8537,106.761,26.2,87,15.1,29,980.8,1
2023-09-22,Lang_Son,21.8537,106.761,26.3,88,12.8,58,980.4,1
2023-09-23,Lang_Son,21.8537,106.761,26.3,84,10.8,35,980.4,1
2023-09-24,Lang_Son,21.8537,106.761,25.2,90,14.8,40,979.7,1
2023-09-25,Lang_Son,21.8537,106.761,25.6,88,16.0,61,979.7,1
2023-09-26,Lang_Son,21.8537,106.761,23.8,94,18.4,97,979.7,1
2023-09-27,Lang_Son,21.8537,106.761,24.1,95,15.7,99,980.0,1
2023-09-28,Lang_Son,21.8537,106.761,24.2,95,10.3,100,981.9,1
2023-09-29,Lang_Son,21.8537,106.761,24.9,91,11.5,86,982.7,1
2023-09-30,Lang_Son,21.8537,106.761,25.2,90,14.3,52,981.5,1
2023-10-01,Lang_Son,21.8537,106.761,26.0,83,9.1,26,980.1,0
2023-10-02,Lang_Son,21.8537,106.761,25.7,84,9.4,18,981.0,0
2023-10-03,Lang_Son,21.8537,106.761,25.6,85,9.0,39,981.1,0
2023-10-04,Lang_Son,21.8537,106.761,26.2,85,8.4,30,980.7,0
2023-10-05,Lang_Son,21.8537,106.761,26.4,85,6.7,32,979.5,1
2023-10-06,Lang_Son,21.8537,106.761,25.7,88,10.3,87,979.9,1
2023-10-07,Lang_Son,21.8537,106.761,23.4,81,21.9,89,982.3,1
2023-10-08,Lang_Son,21.8537,106.761,22.2,69,22.2,49,984.4,0
2023-10-09,Lang_Son,21.8537,106.761,22.3,69,23.0,60,985.8,0
2023-10-10,Lang_Son,21.8537,106.761,21.8,72,25.6,92,986.8,1
2023-10-11,Lang_Son,21.8537,106.761,21.4,76,23.2,100,987.4,1
2023-10-12,Lang_Son,21.8537,106.761,21.5,82,17.5,66,987.8,0
2023-10-13,Lang_Son,21.8537,106.761,22.5,82,17.3,38,986.3,0
2023-10-14,Lang_Son,21.8537,106.761,21.8,79,18.7,65,984.7,0
2023-10-15,Lang_Son,21.8537,106.761,21.7,74,16.6,38,984.0,0
2023-10-16,Lang_Son,21.8537,106.761,22.4,72,14.0,52,984.7,0
2023-10-17,Lang_Son,21.8537,106.761,22.7,75,9.8,45,984.3,0
2023-10-18,Lang_Son,21.8537,106.761,23.7,78,13.5,99,983.3,0
2023-10-19,Lang_Son,21.8537,106.761,23.5,86,24.1,99,982.1,1
2023-10-20,Lang_Son,21.8537,106.761,23.7,60,34.9,78,985.5,0
2023-10-21,Lang_Son,21.8537,106.761,20.7,57,26.1,79,988.6,0
2023-10-22,Lang_Son,21.8537,106.761,20.5,75,16.9,94,988.4,1
2023-10-23,Lang_Son,21.8537,106.761,22.3,80,11.0,77,987.0,0
2023-10-24,Lang_Son,21.8537,106.761,23.4,84,6.8,52,985.9,1
2023-10-25,Lang_Son,21.8537,106.761,24.7,78,8.9,44,985.0,1
2023-10-26,Lang_Son,21.8537,106.761,25.1,72,9.4,32,983.9,0
2023-10-27,Lang_Son,21.8537,106.761,24.8,76,12.0,39,983.5,1
2023-10-28,Lang_Son,21.8537,106.761,22.2,85,16.8,98,984.6,1
2023-10-29,Lang_Son,21.8537,106.761,20.8,91,22.7,100,985.8,1
2023-10-30,Lang_Son,21.8537,106.761,21.2,78,19.4,85,987.7,0
2023-10-31,Lang_Son,21.8537,106.761,21.3,79,14.2,52,988.3,0
2023-11-01,Lang_Son,21.8537,106.761,20.9,78,8.0,9,987.2,0
2023-11-02,Lang_Son,21.8537,106.761,21.6,78,9.5,21,984.2,0
2023-11-03,Lang_Son,21.8537,106.761,23.7,85,14.8,54,981.8,1
2023-11-04,Lang_Son,21.8537,106.761,24.1,85,14.8,57,982.2,1
2023-11-05,Lang_Son,21.8537,106.761,24.8,83,17.4,69,982.9,0
2023-11-06,Lang_Son,21.8537,106.761,22.6,83,22.1,93,985.8,1
2023-11-07,Lang_Son,21.8537,106.761,20.8,82,13.3,92,986.1,1
2023-11-08,Lang_Son,21.8537,106.761,23.0,83,10.2,68,983.6,1
2023-11-09,Lang_Son,21.8537,106.761,24.7,85,15.6,52,983.1,1
2023-11-10,Lang_Son,21.8537,106.761,25.1,83,12.9,33,984.5,1
2023-11-11,Lang_Son,21.8537,106.761,24.7,82,11.2,33,985.6,1
2023-11-12,Lang_Son,21.8537,106.761,21.6,83,25.4,78,988.8,1
2023-11-13,Lang_Son,21.8537,106.761,13.1,79,28.6,100,993.4,1
2023-11-14,Lang_Son,21.8537,106.761,14.0,76,19.5,74,992.4,0
2023-11-15,Lang_Son,21.8537,106.761,16.4,81,16.5,81,990.7,0
2023-11-16,Lang_Son,21.8537,106.761,16.6,65,37.4,73,996.5,1
2023-11-17,Lang_Son,21.8537,106.761,16.2,57,21.7,33,995.1,0
2023-11-18,Lang_Son,21.8537,106.761,16.0,59,13.3,35,992.3,0
2023-11-19,Lang_Son,21.8537,106.761,16.6,64,10.0,49,989.9,0
2023-11-20,Lang_Son,21.8537,106.761,17.4,69,8.4,0,988.1,0
2023-11-21,Lang_Son,21.8537,106.761,18.1,73,12.2,2,985.5,0
2023-11-22,Lang_Son,21.8537,106.761,18.9,81,8.6,68,984.7,0
2023-11-23,Lang_Son,21.8537,106.761,21.2,76,12.0,60,986.1,0
2023-11-24,Lang_Son,21.8537,106.761,21.1,72,14.5,24,988.0,0
2023-11-25,Lang_Son,21.8537,106.761,20.9,69,9.5,51,988.3,0
2023-11-26,Lang_Son,21.8537,106.761,20.6,70,13.6,63,989.3,0
2023-11-27,Lang_Son,21.8537,106.761,20.2,72,11.8,25,988.6,0
2023-11-28,Lang_Son,21.8537,106.761,19.5,68,13.2,26,987.7,0
2023-11-29,Lang_Son,21.8537,106.761,20.3,75,14.2,68,986.5,0
2023-11-30,Lang_Son,21.8537,106.761,20.3,83,17.9,94,989.2,1
2023-12-01,Lang_Son,21.8537,106.761,15.8,71,22.7,99,991.1,1
2023-12-02,Lang_Son,21.8537,106.761,15.3,67,16.9,100,990.6,1
2023-12-03,Lang_Son,21.8537,106.761,15.3,80,16.6,93,989.7,1
2023-12-04,Lang_Son,21.8537,106.761,15.3,81,16.8,98,987.8,1
2023-12-05,Lang_Son,21.8537,106.761,18.1,79,13.5,100,984.7,1
2023-12-06,Lang_Son,21.8537,106.761,18.1,74,27.9,87,988.6,1
2023-12-07,Lang_Son,21.8537,106.761,17.3,67,12.6,67,987.8,0
2023-12-08,Lang_Son,21.8537,106.761,18.6,68,15.2,48,983.7,0
2023-12-09,Lang_Son,21.8537,106.761,20.8,86,20.3,65,981.6,1
2023-12-10,Lang_Son,21.8537,106.761,22.6,87,21.3,89,980.6,1
2023-12-11,Lang_Son,21.8537,106.761,22.9,88,14.4,85,983.1,1
2023-12-12,Lang_Son,21.8537,106.761,21.6,89,18.2,90,985.3,1
2023-12-13,Lang_Son,21.8537,106.761,20.7,84,17.5,70,986.3,1
2023-12-14,Lang_Son,21.8537,106.761,22.1,84,20.8,76,985.6,1
2023-12-15,Lang_Son,21.8537,106.761,22.1,86,17.9,74,984.2,1
2023-12-16,Lang_Son,21.8537,106.761,13.0,71,38.8,99,991.0,1
2023-12-17,Lang_Son,21.8537,106.761,8.3,66,26.2,86,993.8,1
2023-12-18,Lang_Son,21.8537,106.761,9.5,75,17.3,100,991.2,1
2023-12-19,Lang_Son,21.8537,106.761,8.5,77,24.5,100,992.6,1
2023-12-20,Lang_Son,21.8537,106.761,10.5,54,26.3,76,994.1,0
2023-12-21,Lang_Son,21.8537,106.761,9.3,52,27.4,61,996.4,0
2023-12-22,Lang_Son,21.8537,106.761,8.2,48,26.7,69,999.1,0
2023-12-23,Lang_Son,21.8537,106.761,9.6,44,22.9,71,998.5,0
2023-12-24,Lang_Son,21.8537,106.761,11.0,39,21.6,75,998.5,0
2023-12-25,Lang_Son,21.8537,106.761,11.7,42,17.0,2,994.7,0
2023-12-26,Lang_Son,21.8537,106.761,13.5,56,7.9,1,992.7,0
2023-12-27,Lang_Son,21.8537,106.761,15.2,70,8.4,1,991.9,0
2023-12-28,Lang_Son,21.8537,106.761,17.3,69,10.2,3,990.0,0
2023-12-29,Lang_Son,21.8537,106.761,19.4,70,13.0,55,988.7,1
2023-12-30,Lang_Son,21.8537,106.761,19.7,76,6.6,58,987.3,1
2023-12-31,Lang_Son,21.8537,106.761,20.4,79,11.0,56,986.9,1
2024-01-01,Lang_Son,21.8537,106.761,20.0,74,16.7,36,986.3,1
2024-01-02,Lang_Son,21.8537,106.761,20.8,80,18.2,70,985.9,1
2024-01-03,Lang_Son,21.8537,106.761,15.4,69,28.2,72,989.9,1
2024-01-04,Lang_Son,21.8537,106.761,16.5,65,16.5,54,988.0,0
2024-01-05,Lang_Son,21.8537,106.761,17.9,82,15.7,85,987.0,0
2024-01-06,Lang_Son,21.8537,106.761,19.9,77,12.4,61,988.2,0
2024-01-07,Lang_Son,21.8537,106.761,19.2,77,16.6,55,987.6,0
2024-01-08,Lang_Son,21.8537,106.761,20.1,81,16.9,65,986.0,1
2024-01-09,Lang_Son,21.8537,106.761,19.6,86,14.2,76,985.4,1
2024-01-10,Lang_Son,21.8537,106.761,15.7,95,18.6,100,986.8,1
2024-01-11,Lang_Son,21.8537,106.761,15.4,95,13.7,100,986.9,1
2024-01-12,Lang_Son,21.8537,106.761,15.2,97,13.7,100,986.4,1
2024-01-13,Lang_Son,21.8537,106.761,15.9,97,11.0,100,987.3,1
2024-01-14,Lang_Son,21.8537,106.761,17.8,90,11.2,82,988.7,1
2024-01-15,Lang_Son,21.8537,106.761,18.2,83,14.3,55,988.7,1
2024-01-16,Lang_Son,21.8537,106.761,18.5,79,18.5,52,987.9,1
2024-01-17,Lang_Son,21.8537,106.761,19.2,86,21.4,60,986.6,1
2024-01-18,Lang_Son,21.8537,106.761,19.6,86,18.5,71,984.8,1
2024-01-19,Lang_Son,21.8537,106.761,20.1,86,21.7,61,983.6,1
2024-01-20,Lang_Son,21.8537,106.761,16.7,86,27.5,92,985.9,1
2024-01-21,Lang_Son,21.8537,106.761,11.4,82,19.1,100,988.7,1
2024-01-22,Lang_Son,21.8537,106.761,6.7,94,28.3,100,993.7,1
2024-01-23,Lang_Son,21.8537,106.761,4.9,71,26.3,99,997.6,1
2024-01-24,Lang_Son,21.8537,106.761,5.3,63,20.1,100,997.6,0
2024-01-25,Lang_Son,21.8537,106.761,6.2,60,17.3,100,997.4,0
2024-01-26,Lang_Son,21.8537,106.761,7.4,70,17.2,100,996.1,1
2024-01-27,Lang_Son,21.8537,106.761,7.3,83,20.5,100,995.0,1
2024-01-28,Lang_Son,21.8537,106.761,8.6,84,19.8,100,994.6,1
2024-01-29,Lang_Son,21.8537,106.761,10.1,89,12.4,100,991.1,1
2024-01-30,Lang_Son,21.8537,106.761,14.1,88,13.7,99,987.7,0
2024-01-31,Lang_Son,21.8537,106.761,17.5,93,13.7,100,985.8,1
2024-02-01,Lang_Son,21.8537,106.761,20.2,91,18.4,85,985.1,1
2024-02-02,Lang_Son,21.8537,106.761,20.8,89,20.3,75,984.0,1
2024-02-03,Lang_Son,21.8537,106.761,21.0,87,22.5,91,984.1,1
2024-02-04,Lang_Son,21.8537,106.761,21.1,90,21.0,86,983.6,1
2024-02-05,Lang_Son,21.8537,106.761,15.6,90,13.2,100,985.3,1
2024-02-06,Lang_Son,21.8537,106.761,13.3,91,17.1,100,986.2,1
2024-02-07,Lang_Son,21.8537,106.761,9.2,90,23.5,100,986.5,1
2024-02-08,Lang_Son,21.8537,106.761,8.0,80,23.5,100,988.3,1
2024-02-09,Lang_Son,21.8537,106.761,10.6,67,19.8,100,993.3,1
2024-02-10,Lang_Son,21.8537,106.761,13.5,60,16.8,95,995.7,0
2024-02-11,Lang_Son,21.8537,106.761,14.6,67,12.9,26,995.2,0
2024-02-12,Lang_Son,21.8537,106.761,15.6,67,16.1,10,991.4,0
2024-02-13,Lang_Son,21.8537,106.761,17.7,85,21.4,85,988.8,1
2024-02-14,Lang_Son,21.8537,106.761,19.3,83,21.0,99,986.7,1
2024-02-15,Lang_Son,21.8537,106.761,19.9,81,19.9,94,988.3,1
2024-02-16,Lang_Son,21.8537,106.761,17.9,74,18.5,81,988.5,0
2024-02-17,Lang_Son,21.8537,106.761,17.9,88,21.6,68,983.0,1
2024-02-18,Lang_Son,21.8537,106.761,21.2,87,26.1,77,980.7,1
2024-02-19,Lang_Son,21.8537,106.761,22.2,88,22.9,52,980.6,1
2024-02-20,Lang_Son,21.8537,106.761,23.0,86,25.9,58,979.0,1
2024-02-21,Lang_Son,21.8537,106.761,23.3,88,21.1,59,979.4,1
2024-02-22,Lang_Son,21.8537,106.761,20.7,89,21.0,78,983.1,1
2024-02-23,Lang_Son,21.8537,106.761,10.6,83,20.9,100,988.1,1
2024-02-24,Lang_Son,21.8537,106.761,8.1,88,23.0,100,990.4,1
2024-02-25,Lang_Son,21.8537,106.761,9.2,82,19.8,96,990.2,1
2024-02-26,Lang_Son,21.8537,106.761,9.6,80,18.0,100,990.1,1
2024-02-27,Lang_Son,21.8537,106.761,8.9,80,23.1,100,990.2,1
2024-02-28,Lang_Son,21.8537,106.761,11.1,83,13.3,100,986.2,1
2024-02-29,Lang_Son,21.8537,106.761,11.0,85,24.4,100,988.1,1
2024-03-01,Lang_Son,21.8537,106.761,10.0,71,23.7,100,991.1,1
2024-03-02,Lang_Son,21.8537,106.761,10.5,71,20.0,66,990.3,0
2024-03-03,Lang_Son,21.8537,106.761,13.3,85,22.5,82,983.4,0
2024-03-04,Lang_Son,21.8537,106.761,19.8,89,25.6,60,976.2,1
2024-03-05,Lang_Son,21.8537,106.761,23.9,77,17.1,0,974.5,0
2024-03-06,Lang_Son,21.8537,106.761,19.0,72,27.9,19,980.1,0
2024-03-07,Lang_Son,21.8537,106.761,16.9,66,18.3,68,985.1,0
2024-03-08,Lang_Son,21.8537,106.761,16.5,64,17.9,100,986.5,0
2024-03-09,Lang_Son,21.8537,106.761,14.2,86,16.5,100,986.2,1
2024-03-10,Lang_Son,21.8537,106.761,14.0,90,18.6,99,987.8,1
2024-03-11,Lang_Son,21.8537,106.761,16.7,80,24.4,49,989.1,1
2024-03-12,Lang_Son,21.8537,106.761,18.0,78,14.3,30,986.0,0
2024-03-13,Lang_Son,21.8537,106.761,19.1,89,16.0,98,983.8,1
2024-03-14,Lang_Son,21.8537,106.761,17.8,91,15.3,100,983.7,1
2024-03-15,Lang_Son,21.8537,106.761,19.7,95,17.4,100,982.7,1
2024-03-16,Lang_Son,21.8537,106.761,22.4,88,17.8,94,984.1,1
2024-03-17,Lang_Son,21.8537,106.761,22.6,88,18.5,86,983.5,1
2024-03-18,Lang_Son,21.8537,106.761,22.4,91,13.5,100,983.4,1
2024-03-19,Lang_Son,21.8537,106.761,17.1,77,31.3,100,989.5,1
2024-03-20,Lang_Son,21.8537,106.761,16.6,64,16.0,98,991.1,0
2024-03-21,Lang_Son,21.8537,106.761,17.9,74,24.8,52,984.4,0
2024-03-22,Lang_Son,21.8537,106.761,20.7,90,24.3,92,978.4,1
2024-03-23,Lang_Son,21.8537,106.761,23.2,88,27.3,70,977.5,1
2024-03-24,Lang_Son,21.8537,106.761,23.6,87,25.6,60,980.1,1
2024-03-25,Lang_Son,21.8537,106.761,24.1,88,15.2,42,982.0,1
2024-03-26,Lang_Son,21.8537,106.761,24.0,85,15.1,84,985.5,1
2024-03-27,Lang_Son,21.8537,106.761,22.8,88,19.1,100,984.6,1
2024-03-28,Lang_Son,21.8537,106.761,22.8,85,13.7,99,983.1,1
2024-03-29,Lang_Son,21.8537,106.761,21.4,88,15.1,52,982.8,1
2024-03-30,Lang_Son,21.8537,106.761,23.1,90,21.9,76,980.7,1
2024-03-31,Lang_Son,21.8537,106.761,26.0,82,15.8,41,977.9,0
2024-04-01,Lang_Son,21.8537,106.761,27.2,74,23.2,34,974.5,0
2024-04-02,Lang_Son,21.8537,106.761,27.5,71,23.2,8,973.4,0
2024-04-03,Lang_Son,21.8537,106.761,27.9,72,19.8,1,974.6,0
2024-04-04,Lang_Son,21.8537,106.761,27.5,75,18.6,3,975.9,0
2024-04-05,Lang_Son,21.8537,106.761,22.0,83,18.9,99,978.9,1
2024-04-06,Lang_Son,21.8537,106.761,21.4,83,12.9,100,980.0,1
2024-04-07,Lang_Son,21.8537,106.761,20.5,90,14.1,100,979.2,1
2024-04-08,Lang_Son,21.8537,106.761,20.9,80,20.8,93,982.6,1
2024-04-09,Lang_Son,21.8537,106.761,21.6,77,15.7,100,984.6,1
2024-04-10,Lang_Son,21.8537,106.761,22.8,85,16.5,83,984.1,1
2024-04-11,Lang_Son,21.8537,106.761,23.6,89,20.2,81,983.5,1
2024-04-12,Lang_Son,21.8537,106.761,24.3,88,20.3,97,981.7,1
2024-04-13,Lang_Son,21.8537,106.761,24.6,88,23.4,83,979.0,1
2024-04-14,Lang_Son,21.8537,106.761,25.7,80,19.1,64,978.9,0
2024-04-15,Lang_Son,21.8537,106.761,25.7,80,22.3,92,980.2,1
2024-04-16,Lang_Son,21.8537,106.761,25.6,79,25.7,66,978.2,0
2024-04-17,Lang_Son,21.8537,106.761,26.3,80,22.9,60,977.1,1
2024-04-18,Lang_Son,21.8537,106.761,25.3,85,23.7,58,975.4,1
2024-04-19,Lang_Son,21.8537,106.761,26.9,80,30.4,48,972.8,1
2024-04-20,Lang_Son,21.8537,106.761,27.4,77,26.6,36,972.6,1
2024-04-21,Lang_Son,21.8537,106.761,24.5,84,19.5,81,975.8,1
2024-04-22,Lang_Son,21.8537,106.761,23.9,89,13.1,72,976.8,1
2024-04-23,Lang_Son,21.8537,106.761,24.2,88,19.2,76,977.6,1
2024-04-24,Lang_Son,21.8537,106.761,25.1,84,16.7,81,977.4,1
2024-04-25,Lang_Son,21.8537,106.761,26.9,85,24.0,56,974.1,1
2024-04-26,Lang_Son,21.8537,106.761,28.1,81,12.9,13,972.2,0
2024-04-27,Lang_Son,21.8537,106.761,28.6,75,15.9,1,971.2,0
2024-04-28,Lang_Son,21.8537,106.761,27.9,78,13.7,0,973.6,0
2024-04-29,Lang_Son,21.8537,106.761,29.5,73,21.3,12,973.0,0
2024-04-30,Lang_Son,21.8537,106.761,29.3,71,25.9,23,971.6,1
2024-05-01,Lang_Son,21.8537,106.761,23.4,81,24.3,92,977.0,0
2024-05-02,Lang_Son,21.8537,106.761,22.2,89,18.9,98,979.0,1
2024-05-03,Lang_Son,21.8537,106.761,23.8,91,20.6,94,978.2,1
2024-05-04,Lang_Son,21.8537,106.761,24.6,87,20.9,62,976.1,1
2024-05-05,Lang_Son,21.8537,106.761,23.1,85,17.7,87,979.4,1
2024-05-06,Lang_Son,21.8537,106.761,23.6,92,9.7,91,981.4,1
2024-05-07,Lang_Son,21.8537,106.761,24.6,88,11.9,89,983.1,1
2024-05-08,Lang_Son,21.8537,106.761,23.8,93,15.0,100,982.9,1
2024-05-09,Lang_Son,21.8537,106.761,23.4,92,12.8,98,982.9,1
2024-05-10,Lang_Son,21.8537,106.761,24.7,87,19.6,77,981.5,1
2024-05-11,Lang_Son,21.8537,106.761,25.4,86,20.7,45,981.1,1
2024-05-12,Lang_Son,21.8537,106.761,25.6,85,12.0,66,981.6,1
2024-05-13,Lang_Son,21.8537,106.761,24.8,78,19.6,60,982.3,1
2024-05-14,Lang_Son,21.8537,106.761,25.4,77,13.5,22,981.6,1
2024-05-15,Lang_Son,21.8537,106.761,24.6,89,13.7,71,983.0,1
2024-05-16,Lang_Son,21.8537,106.761,25.0,77,12.5,76,983.6,1
2024-05-17,Lang_Son,21.8537,106.761,25.1,73,14.8,72,980.5,0
2024-05-18,Lang_Son,21.8537,106.761,25.1,89,18.7,100,976.1,1
2024-05-19,Lang_Son,21.8537,106.761,24.7,91,18.2,100,974.1,1
2024-05-20,Lang_Son,21.8537,106.761,24.9,84,18.4,94,976.9,0
2024-05-21,Lang_Son,21.8537,106.761,24.8,87,13.9,91,978.9,1
2024-05-22,Lang_Son,21.8537,106.761,24.9,86,13.5,76,979.6,1
2024-05-23,Lang_Son,21.8537,106.761,25.4,84,8.6,78,978.7,1
2024-05-24,Lang_Son,21.8537,106.761,26.0,84,13.6,62,978.7,1
2024-05-25,Lang_Son,21.8537,106.761,25.5,88,19.2,94,978.4,1
2024-05-26,Lang_Son,21.8537,106.761,26.5,90,23.2,89,975.8,1
2024-05-27,Lang_Son,21.8537,106.761,28.7,83,15.7,80,972.2,0
2024-05-28,Lang_Son,21.8537,106.761,26.1,91,16.1,90,972.9,1
2024-05-29,Lang_Son,21.8537,106.761,27.4,87,17.8,100,972.3,1
2024-05-30,Lang_Son,21.8537,106.761,25.9,86,22.2,99,974.1,1
2024-05-31,Lang_Son,21.8537,106.761,24.2,79,23.2,81,977.2,1
2024-06-01,Lang_Son,21.8537,106.761,26.1,80,10.2,61,978.5,1
2024-06-02,Lang_Son,21.8537,106.761,27.1,87,12.8,70,977.5,1
2024-06-03,Lang_Son,21.8537,106.761,26.5,90,8.6,99,975.4,1
2024-06-04,Lang_Son,21.8537,106.761,25.8,91,12.7,99,976.0,1
2024-06-05,Lang_Son,21.8537,106.761,23.9,91,24.3,98,978.7,1
2024-06-06,Lang_Son,21.8537,106.761,24.7,86,17.1,98,978.9,1
2024-06-07,Lang_Son,21.8537,106.761,25.3,92,11.9,90,976.1,1
2024-06-08,Lang_Son,21.8537,106.761,25.4,92,9.7,100,974.5,1
2024-06-09,Lang_Son,21.8537,106.761,24.7,96,12.5,100,975.2,1
2024-06-10,Lang_Son,21.8537,106.761,25.6,94,12.2,98,976.5,1
2024-06-11,Lang_Son,21.8537,106.761,27.1,86,16.2,92,976.2,1
2024-06-12,Lang_Son,21.8537,106.761,27.4,87,16.2,100,975.1,1
2024-06-13,Lang_Son,21.8537,106.761,28.7,81,16.1,100,972.4,1
2024-06-14,Lang_Son,21.8537,106.761,28.4,81,13.0,100,971.3,1
2024-06-15,Lang_Son,21.8537,106.761,27.1,89,8.9,100,972.8,1
2024-06-16,Lang_Son,21.8537,106.761,27.5,89,17.3,99,973.9,1
2024-06-17,Lang_Son,21.8537,106.761,28.2,85,17.7,100,973.3,1
2024-06-18,Lang_Son,21.8537,106.761,28.0,84,13.7,100,972.5,1
2024-06-19,Lang_Son,21.8537,106.761,28.3,83,18.0,100,972.1,1
2024-06-20,Lang_Son,21.8537,106.761,28.5,82,17.0,100,972.2,1
2024-06-21,Lang_Son,21.8537,106.761,28.5,83,20.0,95,973.1,1
2024-06-22,Lang_Son,21.8537,106.761,28.2,84,15.7,100,974.5,1
2024-06-23,Lang_Son,21.8537,106.761,26.9,89,11.3,100,974.4,1
2024-06-24,Lang_Son,21.8537,106.761,25.7,91,10.0,100,974.4,1
2024-06-25,Lang_Son,21.8537,106.761,25.2,92,15.1,100,976.4,1
2024-06-26,Lang_Son,21.8537,106.761,25.6,90,13.5,100,978.9,1
2024-06-27,Lang_Son,21.8537,106.761,25.3,90,13.7,88,979.5,1
2024-06-28,Lang_Son,21.8537,106.761,26.8,86,21.3,90,976.8,1
2024-06-29,Lang_Son,21.8537,106.761,28.2,83,20.9,99,974.6,1
2024-06-30,Lang_Son,21.8537,106.761,28.8,80,20.5,100,973.2,0
2024-07-01,Lang_Son,21.8537,106.761,28.5,78,19.5,100,971.4,1
2024-07-02,Lang_Son,21.8537,106.761,27.3,84,14.8,99,973.3,1
2024-07-03,Lang_Son,21.8537,106.761,26.4,89,18.9,96,978.0,1
2024-07-04,Lang_Son,21.8537,106.761,26.6,86,16.4,67,979.8,1
2024-07-05,Lang_Son,21.8537,106.761,26.7,84,14.8,29,977.3,1
2024-07-06,Lang_Son,21.8537,106.761,27.0,85,17.1,38,976.6,1
2024-07-07,Lang_Son,21.8537,106.761,27.2,82,19.5,28,977.2,1
2024-07-08,Lang_Son,21.8537,106.761,27.5,80,18.5,34,976.3,1
2024-07-09,Lang_Son,21.8537,106.761,27.9,82,18.0,75,976.0,1
2024-07-10,Lang_Son,21.8537,106.761,27.9,83,16.7,39,976.2,1
2024-07-11,Lang_Son,21.8537,106.761,28.1,81,15.3,62,974.6,1
2024-07-12,Lang_Son,21.8537,106.761,28.2,81,15.0,84,972.7,1
2024-07-13,Lang_Son,21.8537,106.761,27.9,82,16.8,81,972.7,1
2024-07-14,Lang_Son,21.8537,106.761,27.3,83,15.0,95,975.6,1
2024-07-15,Lang_Son,21.8537,106.761,27.2,84,13.3,85,977.0,1
2024-07-16,Lang_Son,21.8537,106.761,27.0,84,11.5,64,977.0,1
2024-07-17,Lang_Son,21.8537,106.761,26.2,88,12.6,90,976.1,1
2024-07-18,Lang_Son,21.8537,106.761,26.4,86,14.1,91,975.6,1
2024-07-19,Lang_Son,21.8537,106.761,26.4,87,14.8,75,975.3,1
2024-07-20,Lang_Son,21.8537,106.761,26.7,87,13.2,69,976.2,1
2024-07-21,Lang_Son,21.8537,106.761,26.7,87,14.0,58,976.2,1
2024-07-22,Lang_Son,21.8537,106.761,25.9,91,18.0,100,973.5,1
2024-07-23,Lang_Son,21.8537,106.761,25.3,93,29.3,96,967.8,1
2024-07-24,Lang_Son,21.8537,106.761,25.9,90,11.3,94,967.0,1
2024-07-25,Lang_Son,21.8537,106.761,27.3,85,15.2,81,966.5,1
2024-07-26,Lang_Son,21.8537,106.761,28.7,84,13.4,68,967.3,1
2024-07-27,Lang_Son,21.8537,106.761,29.1,86,14.1,90,970.9,1
2024-07-28,Lang_Son,21.8537,106.761,27.0,90,10.0,100,973.1,1
2024-07-29,Lang_Son,21.8537,106.761,25.5,93,13.3,100,973.0,1
2024-07-30,Lang_Son,21.8537,106.761,25.4,92,12.9,100,973.1,1
2024-07-31,Lang_Son,21.8537,106.761,25.3,91,16.9,100,973.9,1
2024-08-01,Lang_Son,21.8537,106.761,26.2,85,23.0,95,974.5,1
2024-08-02,Lang_Son,21.8537,106.761,25.5,85,22.3,72,974.3,1
2024-08-03,Lang_Son,21.8537,106.761,26.4,83,18.0,30,976.3,1
2024-08-04,Lang_Son,21.8537,106.761,26.8,84,12.8,19,978.0,1
2024-08-05,Lang_Son,21.8537,106.761,27.1,84,12.2,16,977.2,1
2024-08-06,Lang_Son,21.8537,106.761,27.6,83,13.6,68,976.4,1
2024-08-07,Lang_Son,21.8537,106.761,28.0,81,14.9,14,976.6,1
2024-08-08,Lang_Son,21.8537,106.761,28.2,82,17.0,10,976.3,1
2024-08-09,Lang_Son,21.8537,106.761,29.0,79,19.5,63,973.9,0
2024-08-10,Lang_Son,21.8537,106.761,29.3,78,13.9,75,972.6,1
2024-08-11,Lang_Son,21.8537,106.761,26.5,87,13.2,100,972.8,1
2024-08-12,Lang_Son,21.8537,106.761,26.4,89,12.8,100,973.4,1
2024-08-13,Lang_Son,21.8537,106.761,25.9,91,10.5,99,975.7,1
2024-08-14,Lang_Son,21.8537,106.761,25.7,91,4.6,99,976.5,1
2024-08-15,Lang_Son,21.8537,106.761,25.7,94,7.2,100,975.6,1
2024-08-16,Lang_Son,21.8537,106.761,26.7,88,12.9,57,975.5,1
2024-08-17,Lang_Son,21.8537,106.761,26.3,89,7.7,92,976.8,1
2024-08-18,Lang_Son,21.8537,106.761,27.0,89,7.5,96,976.7,1
2024-08-19,Lang_Son,21.8537,106.761,27.2,90,10.9,98,975.2,1
2024-08-20,Lang_Son,21.8537,106.761,26.6,90,11.5,92,975.6,1
2024-08-21,Lang_Son,21.8537,106.761,26.7,88,12.4,98,977.1,1
2024-08-22,Lang_Son,21.8537,106.761,26.8,88,19.6,93,978.5,1
2024-08-23,Lang_Son,21.8537,106.761,25.2,95,12.2,100,979.8,1
2024-08-24,Lang_Son,21.8537,106.761,25.2,93,10.8,100,979.2,1
2024-08-25,Lang_Son,21.8537,106.761,26.0,86,11.4,93,978.0,1
2024-08-26,Lang_Son,21.8537,106.761,26.3,85,14.7,55,977.6,1
2024-08-27,Lang_Son,21.8537,106.761,27.0,84,11.7,29,977.3,1
2024-08-28,Lang_Son,21.8537,106.761,27.9,84,7.7,56,975.7,1
2024-08-29,Lang_Son,21.8537,106.761,27.3,88,5.2,93,975.6,1
2024-08-30,Lang_Son,21.8537,106.761,26.4,90,8.5,76,976.7,1
2024-08-31,Lang_Son,21.8537,106.761,26.7,87,7.2,61,978.0,1
2024-09-01,Lang_Son,21.8537,106.761,26.1,90,12.5,99,978.4,1
2024-09-02,Lang_Son,21.8537,106.761,26.7,88,6.5,90,978.9,1
2024-09-03,Lang_Son,21.8537,106.761,26.8,88,10.6,76,978.3,1
2024-09-04,Lang_Son,21.8537,106.761,27.5,84,4.8,58,974.8,0
2024-09-05,Lang_Son,21.8537,106.761,28.2,82,15.1,27,972.8,1
2024-09-06,Lang_Son,21.8537,106.761,27.3,82,25.4,97,971.6,1
2024-09-07,Lang_Son,21.8537,106.761,24.2,94,53.1,100,965.3,1
2024-09-08,Lang_Son,21.8537,106.761,24.8,95,26.6,100,972.6,1
2024-09-09,Lang_Son,21.8537,106.761,24.9,93,19.7,100,975.6,1
2024-09-10,Lang_Son,21.8537,106.761,23.9,96,14.2,100,977.2,1
2024-09-11,Lang_Son,21.8537,106.761,24.0,95,16.7,100,978.8,1
2024-09-12,Lang_Son,21.8537,106.761,25.2,90,12.2,95,978.2,1
2024-09-13,Lang_Son,21.8537,106.761,25.8,87,11.8,27,976.2,1
2024-09-14,Lang_Son,21.8537,106.761,25.9,90,11.0,84,974.3,1
2024-09-15,Lang_Son,21.8537,106.761,26.0,91,12.8,91,974.0,1
2024-09-16,Lang_Son,21.8537,106.761,25.8,86,13.7,51,975.9,1
2024-09-17,Lang_Son,21.8537,106.761,25.8,87,21.5,85,976.8,1
2024-09-18,Lang_Son,21.8537,106.761,26.2,85,19.4,42,975.6,1
2024-09-19,Lang_Son,21.8537,106.761,26.2,86,19.6,72,974.5,1
2024-09-20,Lang_Son,21.8537,106.761,26.4,87,18.8,77,974.7,1
2024-09-21,Lang_Son,21.8537,106.761,25.6,91,18.3,86,975.8,1
2024-09-22,Lang_Son,21.8537,106.761,24.3,84,33.1,100,977.5,1
2024-09-23,Lang_Son,21.8537,106.761,23.4,70,24.4,92,980.3,1
2024-09-24,Lang_Son,21.8537,106.761,23.6,76,15.8,64,980.8,0
2024-09-25,Lang_Son,21.8537,106.761,23.9,83,7.7,82,981.7,1
2024-09-26,Lang_Son,21.8537,106.761,24.9,85,7.0,56,981.7,1
2024-09-27,Lang_Son,21.8537,106.761,25.6,84,13.2,58,981.0,1
2024-09-28,Lang_Son,21.8537,106.761,26.5,83,16.5,54,978.9,1
2024-09-29,Lang_Son,21.8537,106.761,26.3,87,17.5,73,977.8,1
2024-09-30,Lang_Son,21.8537,106.761,26.1,89,15.4,56,977.5,1
2024-10-01,Lang_Son,21.8537,106.761,22.6,82,29.1,64,981.9,1
2024-10-02,Lang_Son,21.8537,106.761,20.1,65,26.1,63,985.6,0
2024-10-03,Lang_Son,21.8537,106.761,20.1,65,19.7,45,986.0,0
2024-10-04,Lang_Son,21.8537,106.761,20.2,71,13.6,59,985.6,0
2024-10-05,Lang_Son,21.8537,106.761,21.1,72,12.3,2,984.6,0
2024-10-06,Lang_Son,21.8537,106.761,22.4,72,14.5,0,985.2,0
2024-10-07,Lang_Son,21.8537,106.761,23.5,69,19.2,1,986.5,0
2024-10-08,Lang_Son,21.8537,106.761,23.1,67,18.2,5,986.0,0
2024-10-09,Lang_Son,21.8537,106.761,22.6,67,16.8,23,984.7,0
2024-10-10,Lang_Son,21.8537,106.761,22.9,70,13.4,29,983.7,0
2024-10-11,Lang_Son,21.8537,106.761,23.6,70,8.6,22,983.3,0
2024-10-12,Lang_Son,21.8537,106.761,24.2,74,13.5,31,983.9,0
2024-10-13,Lang_Son,21.8537,106.761,24.9,72,12.6,30,983.7,0
2024-10-14,Lang_Son,21.8537,106.761,25.6,72,13.8,32,982.9,1
2024-10-15,Lang_Son,21.8537,106.761,23.9,85,16.5,56,983.5,1
2024-10-16,Lang_Son,21.8537,106.761,24.8,79,14.5,45,983.9,1
2024-10-17,Lang_Son,21.8537,106.761,24.8,84,14.6,53,982.2,1
2024-10-18,Lang_Son,21.8537,106.761,25.7,82,9.7,47,981.9,1
2024-10-19,Lang_Son,21.8537,106.761,25.3,86,14.8,49,984.1,1
2024-10-20,Lang_Son,21.8537,106.761,25.5,78,12.6,67,986.0,1
2024-10-21,Lang_Son,21.8537,106.761,24.8,85,11.3,88,985.0,1
2024-10-22,Lang_Son,21.8537,106.761,24.7,81,21.4,84,985.7,1
2024-10-23,Lang_Son,21.8537,106.761,22.1,59,27.6,44,986.4,0
2024-10-24,Lang_Son,21.8537,106.761,21.8,50,17.1,76,983.2,0
2024-10-25,Lang_Son,21.8537,106.761,22.4,47,19.8,77,980.7,0
2024-10-26,Lang_Son,21.8537,106.761,23.5,46,29.2,87,979.7,0
2024-10-27,Lang_Son,21.8537,106.761,20.4,67,32.2,97,981.0,1
2024-10-28,Lang_Son,21.8537,106.761,18.7,73,24.8,94,982.2,1
2024-10-29,Lang_Son,21.8537,106.761,19.8,78,25.7,76,981.8,1
2024-10-30,Lang_Son,21.8537,106.761,21.8,72,15.6,22,982.3,0
2024-10-31,Lang_Son,21.8537,106.761,23.1,70,14.2,3,980.9,0
2024-11-01,Lang_Son,21.8537,106.761,23.7,51,25.6,10,983.7,0
2024-11-02,Lang_Son,21.8537,106.761,22.2,47,21.7,9,987.5,0
2024-11-03,Lang_Son,21.8537,106.761,22.7,56,16.6,74,987.6,0
2024-11-04,Lang_Son,21.8537,106.761,22.6,66,22.9,73,987.8,0
2024-11-05,Lang_Son,21.8537,106.761,22.6,60,21.2,91,989.1,0
2024-11-06,Lang_Son,21.8537,106.761,22.4,55,18.9,42,989.7,0
2024-11-07,Lang_Son,21.8537,106.761,21.8,56,17.1,23,989.5,0
2024-11-08,Lang_Son,21.8537,106.761,21.3,54,13.2,15,987.7,0
2024-11-09,Lang_Son,21.8537,106.761,21.8,51,11.4,3,985.4,0
2024-11-10,Lang_Son,21.8537,106.761,22.6,52,14.3,5,985.6,0
2024-11-11,Lang_Son,21.8537,106.761,24.3,61,12.6,31,984.8,0
2024-11-12,Lang_Son,21.8537,106.761,24.8,71,11.4,51,983.0,0
2024-11-13,Lang_Son,21.8537,106.761,23.9,77,12.2,35,981.5,0
2024-11-14,Lang_Son,21.8537,106.761,24.3,74,10.3,22,980.9,0
2024-11-15,Lang_Son,21.8537,106.761,25.2,77,10.8,47,980.2,0
2024-11-16,Lang_Son,21.8537,106.761,24.9,76,11.9,46,981.6,0
2024-11-17,Lang_Son,21.8537,106.761,24.4,73,8.3,20,984.0,1
2024-11-18,Lang_Son,21.8537,106.761,21.8,76,17.9,40,986.8,1
2024-11-19,Lang_Son,21.8537,106.761,21.4,62,17.6,9,988.1,0
2024-11-20,Lang_Son,21.8537,106.761,19.5,61,17.7,0,988.5,0
2024-11-21,Lang_Son,21.8537,106.761,18.6,62,16.6,0,988.2,0
2024-11-22,Lang_Son,21.8537,106.761,18.2,64,16.0,47,988.5,0
2024-11-23,Lang_Son,21.8537,106.761,18.5,66,14.7,49,988.5,0
2024-11-24,Lang_Son,21.8537,106.761,19.7,74,8.8,45,987.3,0
2024-11-25,Lang_Son,21.8537,106.761,21.1,78,21.5,53,987.0,1
2024-11-26,Lang_Son,21.8537,106.761,16.9,64,24.3,85,989.5,0
2024-11-27,Lang_Son,21.8537,106.761,16.7,55,22.1,96,991.0,0
2024-11-28,Lang_Son,21.8537,106.761,17.0,46,22.0,63,992.9,0
2024-11-29,Lang_Son,21.8537,106.761,16.7,52,15.2,16,990.4,0
2024-11-30,Lang_Son,21.8537,106.761,17.1,60,8.5,51,986.0,0
2024-12-01,Lang_Son,21.8537,106.761,17.5,71,11.7,53,982.7,0
2024-12-02,Lang_Son,21.8537,106.761,20.3,73,10.9,70,983.3,0
2024-12-03,Lang_Son,21.8537,106.761,20.7,78,11.4,56,984.0,1
2024-12-04,Lang_Son,21.8537,106.761,21.2,68,13.1,41,984.2,0
2024-12-05,Lang_Son,21.8537,106.761,21.0,64,14.3,56,984.3,0
2024-12-06,Lang_Son,21.8537,106.761,18.3,71,15.4,98,984.9,1
2024-12-07,Lang_Son,21.8537,106.761,14.6,76,22.2,100,988.5,1
2024-12-08,Lang_Son,21.8537,106.761,14.2,64,20.7,95,990.7,1
2024-12-09,Lang_Son,21.8537,106.761,15.7,69,12.5,78,987.4,0
2024-12-10,Lang_Son,21.8537,106.761,18.7,86,16.7,91,983.5,1
2024-12-11,Lang_Son,21.8537,106.761,15.3,81,28.3,98,986.8,1
2024-12-12,Lang_Son,21.8537,106.761,12.4,74,17.9,100,988.2,1
2024-12-13,Lang_Son,21.8537,106.761,12.2,68,22.1,99,991.2,1
2024-12-14,Lang_Son,21.8537,106.761,11.3,59,23.3,100,995.0,1
2024-12-15,Lang_Son,21.8537,106.761,11.5,45,22.8,98,995.0,1
2024-12-16,Lang_Son,21.8537,106.761,13.4,54,11.5,50,991.8,0
2024-12-17,Lang_Son,21.8537,106.761,14.1,63,12.0,56,989.2,0
2024-12-18,Lang_Son,21.8537,106.761,15.3,53,18.4,48,990.7,0
2024-12-19,Lang_Son,21.8537,106.761,13.6,48,16.0,35,990.9,0
2024-12-20,Lang_Son,21.8537,106.761,12.9,57,9.9,3,988.3,0
2024-12-21,Lang_Son,21.8537,106.761,13.1,60,14.5,46,989.4,0
2024-12-22,Lang_Son,21.8537,106.761,13.1,60,14.4,43,989.7,0
2024-12-23,Lang_Son,21.8537,106.761,12.9,61,15.1,74,989.1,0
2024-12-24,Lang_Son,21.8537,106.761,13.2,58,15.5,74,990.5,0
2024-12-25,Lang_Son,21.8537,106.761,15.6,60,7.6,50,989.4,0
2024-12-26,Lang_Son,21.8537,106.761,16.2,58,17.3,94,991.6,0
2024-12-27,Lang_Son,21.8537,106.761,13.5,72,21.0,100,993.9,1
2024-12-28,Lang_Son,21.8537,106.761,14.0,50,25.6,34,995.0,1
2024-12-29,Lang_Son,21.8537,106.761,13.2,59,13.5,7,990.3,0
2024-12-30,Lang_Son,21.8537,106.761,14.5,76,12.9,59,989.5,1
2024-12-31,Lang_Son,21.8537,106.761,15.2,69,18.4,47,990.0,0
2025-01-01,Lang_Son,21.8537,106.761,15.1,69,5.6,1,986.2,0
2025-01-02,Lang_Son,21.8537,106.761,16.3,65,10.2,22,987.5,0
2025-01-03,Lang_Son,21.8537,106.761,16.0,63,15.8,19,989.4,0
2025-01-04,Lang_Son,21.8537,106.761,15.3,64,9.7,37,987.8,0
2025-01-05,Lang_Son,21.8537,106.761,15.7,62,16.2,9,989.4,0
2025-01-06,Lang_Son,21.8537,106.761,15.0,68,9.2,12,986.9,0
2025-01-07,Lang_Son,21.8537,106.761,15.4,68,12.4,21,986.3,0
2025-01-08,Lang_Son,21.8537,106.761,16.5,70,16.1,69,987.5,0
2025-01-09,Lang_Son,21.8537,106.761,13.5,61,22.0,78,991.6,0
2025-01-10,Lang_Son,21.8537,106.761,11.6,53,24.0,83,997.0,0
2025-01-11,Lang_Son,21.8537,106.761,11.8,41,25.1,44,999.0,0
2025-01-12,Lang_Son,21.8537,106.761,11.2,42,14.2,21,994.8,0
2025-01-13,Lang_Son,21.8537,106.761,11.9,57,7.6,1,990.1,0
2025-01-14,Lang_Son,21.8537,106.761,14.1,73,14.9,57,990.0,1
2025-01-15,Lang_Son,21.8537,106.761,15.1,60,23.0,46,993.8,1
2025-01-16,Lang_Son,21.8537,106.761,13.9,53,18.2,1,993.8,0
2025-01-17,Lang_Son,21.8537,106.761,13.2,61,13.2,0,989.6,0
2025-01-18,Lang_Son,21.8537,106.761,14.0,64,6.3,24,987.6,0
2025-01-19,Lang_Son,21.8537,106.761,15.0,66,10.9,18,985.6,0
2025-01-20,Lang_Son,21.8537,106.761,15.6,66,8.0,16,984.4,0
2025-01-21,Lang_Son,21.8537,106.761,16.3,59,14.8,8,984.0,0
2025-01-22,Lang_Son,21.8537,106.761,16.9,69,12.6,52,984.4,1
2025-01-23,Lang_Son,21.8537,106.761,17.2,81,14.7,77,983.7,0
2025-01-24,Lang_Son,21.8537,106.761,18.1,87,18.7,79,980.6,1
2025-01-25,Lang_Son,21.8537,106.761,19.0,86,22.8,88,982.7,1
2025-01-26,Lang_Son,21.8537,106.761,11.2,69,33.2,100,992.9,1
2025-01-27,Lang_Son,21.8537,106.761,11.5,43,19.0,57,992.3,0
2025-01-28,Lang_Son,21.8537,106.761,10.7,46,11.9,60,993.2,0
2025-01-29,Lang_Son,21.8537,106.761,11.3,58,9.4,37,991.2,0
2025-01-30,Lang_Son,21.8537,106.761,14.3,75,21.4,46,984.8,1
2025-01-31,Lang_Son,21.8537,106.761,18.4,85,25.1,92,981.9,1
2025-02-01,Lang_Son,21.8537,106.761,18.9,83,14.9,94,980.7,1
2025-02-02,Lang_Son,21.8537,106.761,17.2,82,18.1,96,982.5,1
2025-02-03,Lang_Son,21.8537,106.761,11.8,75,28.1,100,990.1,1
2025-02-04,Lang_Son,21.8537,106.761,12.4,59,17.7,55,990.7,0
2025-02-05,Lang_Son,21.8537,106.761,13.5,79,11.5,87,985.8,0
2025-02-06,Lang_Son,21.8537,106.761,12.7,91,17.9,100,985.2,1
2025-02-07,Lang_Son,21.8537,106.761,10.4,83,23.7,100,991.1,1
2025-02-08,Lang_Son,21.8537,106.761,10.1,66,20.9,100,993.5,1
2025-02-09,Lang_Son,21.8537,106.761,10.4,53,16.1,72,991.7,0
2025-02-10,Lang_Son,21.8537,106.761,12.1,72,11.9,69,988.6,0
2025-02-11,Lang_Son,21.8537,106.761,15.3,81,18.9,74,985.5,1
2025-02-12,Lang_Son,21.8537,106.761,18.6,80,19.7,97,986.1,1
2025-02-13,Lang_Son,21.8537,106.761,17.0,67,20.0,80,987.4,1
2025-02-14,Lang_Son,21.8537,106.761,17.0,84,14.6,92,984.3,1
2025-02-15,Lang_Son,21.8537,106.761,18.2,86,15.2,93,982.8,1
2025-02-16,Lang_Son,21.8537,106.761,12.9,90,19.6,100,986.9,1
2025-02-17,Lang_Son,21.8537,106.761,15.3,85,15.4,100,988.2,1
2025-02-18,Lang_Son,21.8537,106.761,13.6,84,17.6,100,989.4,1
2025-02-19,Lang_Son,21.8537,106.761,15.1,85,11.8,100,988.0,1
2025-02-20,Lang_Son,21.8537,106.761,17.7,89,12.2,99,987.8,1
2025-02-21,Lang_Son,21.8537,106.761,15.1,86,14.6,100,989.6,1
2025-02-22,Lang_Son,21.8537,106.761,14.7,87,12.7,100,989.9,1
2025-02-23,Lang_Son,21.8537,106.761,12.6,80,25.2,100,994.4,1
2025-02-24,Lang_Son,21.8537,106.761,10.7,77,18.4,91,996.1,1
2025-02-25,Lang_Son,21.8537,106.761,10.6,95,14.0,100,994.3,1
2025-02-26,Lang_Son,21.8537,106.761,12.9,89,14.7,100,991.3,1
2025-02-27,Lang_Son,21.8537,106.761,16.6,87,17.6,91,986.0,0
2025-02-28,Lang_Son,21.8537,106.761,19.3,87,19.6,96,983.7,1
2025-03-01,Lang_Son,21.8537,106.761,20.6,86,21.4,75,980.6,1
2025-03-02,Lang_Son,21.8537,106.761,21.4,87,22.0,56,978.6,1
2025-03-03,Lang_Son,21.8537,106.761,22.3,90,18.2,72,977.9,1
2025-03-04,Lang_Son,21.8537,106.761,23.3,87,15.7,79,977.2,1
2025-03-05,Lang_Son,21.8537,106.761,16.2,82,24.9,99,980.7,1
2025-03-06,Lang_Son,21.8537,106.761,10.8,76,27.9,100,989.3,1
2025-03-07,Lang_Son,21.8537,106.761,12.0,67,20.3,98,990.1,1
2025-03-08,Lang_Son,21.8537,106.761,13.5,74,13.1,100,988.7,1
2025-03-09,Lang_Son,21.8537,106.761,15.0,82,8.0,95,989.1,1
2025-03-10,Lang_Son,21.8537,106.761,17.9,86,14.3,80,988.0,1
2025-03-11,Lang_Son,21.8537,106.761,19.5,88,18.5,90,983.8,1
2025-03-12,Lang_Son,21.8537,106.761,21.8,86,18.1,89,981.2,1
2025-03-13,Lang_Son,21.8537,106.761,22.5,86,19.1,87,980.8,1
2025-03-14,Lang_Son,21.8537,106.761,22.9,90,21.1,92,981.0,1
2025-03-15,Lang_Son,21.8537,106.761,20.3,81,27.1,95,984.1,1
2025-03-16,Lang_Son,21.8537,106.761,15.0,56,29.1,65,989.1,1
2025-03-17,Lang_Son,21.8537,106.761,14.9,54,16.1,93,989.4,0
2025-03-18,Lang_Son,21.8537,106.761,14.9,52,19.8,76,992.4,0
2025-03-19,Lang_Son,21.8537,106.761,16.3,48,18.6,71,993.8,0
2025-03-20,Lang_Son,21.8537,106.761,16.6,55,11.7,16,992.6,0
2025-03-21,Lang_Son,21.8537,106.761,18.0,60,10.7,18,990.7,0
2025-03-22,Lang_Son,21.8537,106.761,18.4,56,12.0,35,988.4,0
2025-03-23,Lang_Son,21.8537,106.761,19.0,71,10.3,0,986.0,0
2025-03-24,Lang_Son,21.8537,106.761,20.7,75,13.8,0,982.7,0
2025-03-25,Lang_Son,21.8537,106.761,22.1,76,16.5,5,977.9,0
2025-03-26,Lang_Son,21.8537,106.761,22.7,73,20.5,6,975.0,0
2025-03-27,Lang_Son,21.8537,106.761,24.4,78,23.7,25,972.8,0
2025-03-28,Lang_Son,21.8537,106.761,24.3,75,25.9,57,977.4,1
2025-03-29,Lang_Son,21.8537,106.761,12.3,84,27.9,100,986.2,1
2025-03-30,Lang_Son,21.8537,106.761,10.9,73,24.6,100,990.2,1
2025-03-31,Lang_Son,21.8537,106.761,12.3,62,16.5,100,989.1,0
2025-04-01,Lang_Son,21.8537,106.761,16.0,57,14.8,52,987.7,0
2025-04-02,Lang_Son,21.8537,106.761,17.3,63,9.6,68,987.5,0
2025-04-03,Lang_Son,21.8537,106.761,19.0,67,21.2,16,986.3,0
2025-04-04,Lang_Son,21.8537,106.761,19.4,74,19.0,66,982.6,0
2025-04-05,Lang_Son,21.8537,106.761,20.4,82,11.3,100,983.7,1
2025-04-06,Lang_Son,21.8537,106.761,20.4,86,9.9,97,984.1,1
2025-04-07,Lang_Son,21.8537,106.761,20.4,87,10.1,97,985.1,1
2025-04-08,Lang_Son,21.8537,106.761,21.6,89,15.1,96,984.4,1
2025-04-09,Lang_Son,21.8537,106.761,23.2,83,17.6,97,980.8,1
2025-04-10,Lang_Son,21.8537,106.761,23.5,84,16.6,94,977.2,1
2025-04-11,Lang_Son,21.8537,106.761,24.9,81,20.3,76,975.1,1
2025-04-12,Lang_Son,21.8537,106.761,24.3,69,32.9,80,979.1,1
2025-04-13,Lang_Son,21.8537,106.761,19.8,57,19.1,79,986.2,1
2025-04-14,Lang_Son,21.8537,106.761,21.0,64,6.5,80,984.0,0
2025-04-15,Lang_Son,21.8537,106.761,22.4,54,13.3,78,982.0,0
2025-04-16,Lang_Son,21.8537,106.761,22.7,56,18.7,91,978.5,0
2025-04-17,Lang_Son,21.8537,106.761,24.9,77,18.4,55,976.1,0
2025-04-18,Lang_Son,21.8537,106.761,26.8,73,19.3,51,975.3,0
2025-04-19,Lang_Son,21.8537,106.761,27.4,74,17.2,28,975.9,1
2025-04-20,Lang_Son,21.8537,106.761,27.5,73,19.8,38,977.2,0
2025-04-21,Lang_Son,21.8537,106.761,27.5,70,27.3,38,978.4,0
2025-04-22,Lang_Son,21.8537,106.761,27.5,75,19.5,44,977.6,1
2025-04-23,Lang_Son,21.8537,106.761,26.6,81,14.1,90,976.9,1
2025-04-24,Lang_Son,21.8537,106.761,25.4,83,15.7,91,977.6,1
2025-04-25,Lang_Son,21.8537,106.761,23.6,78,20.7,98,980.9,1
2025-04-26,Lang_Son,21.8537,106.761,24.4,84,17.2,86,980.9,1
2025-04-27,Lang_Son,21.8537,106.761,25.7,83,21.5,78,980.5,1
2025-04-28,Lang_Son,21.8537,106.761,24.2,80,18.6,98,982.2,1
2025-04-29,Lang_Son,21.8537,106.761,24.1,81,12.0,80,982.1,1
2025-04-30,Lang_Son,21.8537,106.761,24.1,88,13.2,86,981.7,1
2025-05-01,Lang_Son,21.8537,106.761,23.3,86,12.4,90,983.6,1
2025-05-02,Lang_Son,21.8537,106.761,25.2,75,12.6,49,980.5,0
2025-05-03,Lang_Son,21.8537,106.761,25.3,80,17.1,62,978.1,1
2025-05-04,Lang_Son,21.8537,106.761,26.6,82,19.5,48,975.7,1
2025-05-05,Lang_Son,21.8537,106.761,27.8,77,15.3,13,975.5,0
2025-05-06,Lang_Son,21.8537,106.761,26.2,84,12.8,74,976.6,1
2025-05-07,Lang_Son,21.8537,106.761,26.9,84,17.2,78,974.8,1
2025-05-08,Lang_Son,21.8537,106.761,28.5,77,23.8,53,973.5,1
2025-05-09,Lang_Son,21.8537,106.761,26.8,77,16.9,79,976.7,1
2025-05-10,Lang_Son,21.8537,106.761,24.5,82,25.0,78,979.4,1
2025-05-11,Lang_Son,21.8537,106.761,19.7,72,23.6,100,982.2,1
2025-05-12,Lang_Son,21.8537,106.761,21.9,64,11.4,49,980.3,0
2025-05-13,Lang_Son,21.8537,106.761,23.4,74,18.1,22,979.9,1
2025-05-14,Lang_Son,21.8537,106.761,25.5,82,15.1,58,980.4,1
2025-05-15,Lang_Son,21.8537,106.761,25.3,85,14.1,89,980.4,1
2025-05-16,Lang_Son,21.8537,106.761,24.5,94,15.1,97,979.3,1
2025-05-17,Lang_Son,21.8537,106.761,25.8,88,18.8,98,979.2,1
2025-05-18,Lang_Son,21.8537,106.761,25.9,87,17.9,98,979.2,1
2025-05-19,Lang_Son,21.8537,106.761,24.4,94,15.4,89,977.7,1
2025-05-20,Lang_Son,21.8537,106.761,26.6,85,20.4,91,976.1,1
2025-05-21,Lang_Son,21.8537,106.761,27.4,81,18.4,68,976.3,1
2025-05-22,Lang_Son,21.8537,106.761,26.9,83,20.9,99,975.6,1
2025-05-23,Lang_Son,21.8537,106.761,25.4,93,12.1,100,976.6,1
2025-05-24,Lang_Son,21.8537,106.761,21.2,89,22.0,100,981.6,1
2025-05-25,Lang_Son,21.8537,106.761,21.1,74,21.6,87,984.5,1
2025-05-26,Lang_Son,21.8537,106.761,21.3,74,15.0,96,984.4,0
2025-05-27,Lang_Son,21.8537,106.761,22.6,84,9.2,88,981.6,1
2025-05-28,Lang_Son,21.8537,106.761,25.1,88,13.2,90,978.5,1
2025-05-29,Lang_Son,21.8537,106.761,23.4,91,18.4,99,978.6,1
2025-05-30,Lang_Son,21.8537,106.761,24.8,81,12.9,98,977.7,0
2025-05-31,Lang_Son,21.8537,106.761,26.9,83,19.0,87,974.7,1
2025-06-01,Lang_Son,21.8537,106.761,29.6,74,20.7,71,970.4,0
2025-06-02,Lang_Son,21.8537,106.761,29.3,77,16.7,95,971.2,1
2025-06-03,Lang_Son,21.8537,106.761,26.5,76,15.8,98,974.9,1
2025-06-04,Lang_Son,21.8537,106.761,27.2,76,10.0,81,977.2,1
2025-06-05,Lang_Son,21.8537,106.761,27.2,83,13.1,50,977.7,1
2025-06-06,Lang_Son,21.8537,106.761,27.8,80,17.2,19,976.7,1
2025-06-07,Lang_Son,21.8537,106.761,28.2,81,15.5,65,975.8,1
2025-06-08,Lang_Son,21.8537,106.761,27.2,86,15.3,92,975.3,1
2025-06-09,Lang_Son,21.8537,106.761,26.4,86,9.0,93,975.2,1
2025-06-10,Lang_Son,21.8537,106.761,26.0,83,19.0,82,975.7,1
2025-06-11,Lang_Son,21.8537,106.761,26.8,79,15.4,51,975.3,1
2025-06-12,Lang_Son,21.8537,106.761,26.4,79,24.1,90,974.3,1
2025-06-13,Lang_Son,21.8537,106.761,26.6,82,22.8,97,973.4,1
2025-06-14,Lang_Son,21.8537,106.761,28.2,75,15.9,93,972.4,1
2025-06-15,Lang_Son,21.8537,106.761,27.7,84,8.5,98,973.7,1
2025-06-16,Lang_Son,21.8537,106.761,26.1,91,11.3,99,975.4,1
2025-06-17,Lang_Son,21.8537,106.761,26.2,90,17.9,98,975.4,1
2025-06-18,Lang_Son,21.8537,106.761,27.1,86,22.8,100,974.5,1
2025-06-19,Lang_Son,21.8537,106.761,27.2,87,20.6,100,974.3,1
2025-06-20,Lang_Son,21.8537,106.761,27.2,84,18.1,100,974.7,1
2025-06-21,Lang_Son,21.8537,106.761,26.3,88,17.1,100,975.8,1
2025-06-22,Lang_Son,21.8537,106.761,25.7,90,17.0,99,976.7,1
2025-06-23,Lang_Son,21.8537,106.761,27.1,84,18.0,96,975.5,1
2025-06-24,Lang_Son,21.8537,106.761,27.4,82,17.4,92,975.9,1
2025-06-25,Lang_Son,21.8537,106.761,27.3,81,13.4,64,977.5,1
2025-06-26,Lang_Son,21.8537,106.761,27.4,78,12.2,70,976.4,1
2025-06-27,Lang_Son,21.8537,106.761,25.8,87,12.3,100,975.2,1
2025-06-28,Lang_Son,21.8537,106.761,26.4,85,13.8,99,974.4,1
2025-06-29,Lang_Son,21.8537,106.761,26.3,87,13.6,99,972.4,1
2025-06-30,Lang_Son,21.8537,106.761,25.8,90,12.7,100,973.0,1
2025-07-01,Lang_Son,21.8537,106.761,25.1,91,14.3,100,975.2,1
2025-07-02,Lang_Son,21.8537,106.761,25.1,91,9.8,99,977.5,1
2025-07-03,Lang_Son,21.8537,106.761,25.5,89,9.2,97,977.7,1
2025-07-04,Lang_Son,21.8537,106.761,25.8,88,11.0,98,976.3,1
2025-07-05,Lang_Son,21.8537,106.761,27.7,76,8.5,46,974.8,1
2025-07-06,Lang_Son,21.8537,106.761,27.9,77,13.0,55,974.6,1
2025-07-07,Lang_Son,21.8537,106.761,27.2,83,12.6,65,973.8,1
2025-07-08,Lang_Son,21.8537,106.761,28.0,83,11.8,70,972.0,1
2025-07-09,Lang_Son,21.8537,106.761,28.0,85,7.6,83,970.8,1
2025-07-10,Lang_Son,21.8537,106.761,27.1,88,10.0,98,969.5,1
2025-07-11,Lang_Son,21.8537,106.761,26.3,88,16.2,98,970.9,1
2025-07-12,Lang_Son,21.8537,106.761,25.8,88,14.4,100,974.8,1
2025-07-13,Lang_Son,21.8537,106.761,26.9,87,8.6,90,976.1,1
2025-07-14,Lang_Son,21.8537,106.761,26.4,89,13.9,100,975.1,1
2025-07-15,Lang_Son,21.8537,106.761,27.2,84,12.1,94,973.1,1
2025-07-16,Lang_Son,21.8537,106.761,27.9,84,12.2,97,973.6,1
2025-07-17,Lang_Son,21.8537,106.761,29.2,75,10.2,34,973.8,0
2025-07-18,Lang_Son,21.8537,106.761,29.7,76,9.1,94,971.5,0
2025-07-19,Lang_Son,21.8537,106.761,28.5,82,15.4,100,968.7,1
2025-07-20,Lang_Son,21.8537,106.761,26.0,90,11.7,100,967.3,1
2025-07-21,Lang_Son,21.8537,106.761,25.8,90,34.4,100,964.1,1
2025-07-22,Lang_Son,21.8537,106.761,25.6,90,35.2,100,964.2,1
2025-07-23,Lang_Son,21.8537,106.761,26.0,87,17.1,98,970.0,1
2025-07-24,Lang_Son,21.8537,106.761,25.5,91,8.7,100,972.6,1
2025-07-25,Lang_Son,21.8537,106.761,25.8,89,9.1,93,972.5,1
2025-07-26,Lang_Son,21.8537,106.761,26.8,83,9.7,64,972.3,1
2025-07-27,Lang_Son,21.8537,106.761,27.7,78,8.9,41,971.8,0
2025-07-28,Lang_Son,21.8537,106.761,28.3,80,9.4,53,970.3,1
2025-07-29,Lang_Son,21.8537,106.761,28.9,81,11.4,99,969.0,1
2025-07-30,Lang_Son,21.8537,106.761,29.0,81,10.3,91,968.9,1
2025-07-31,Lang_Son,21.8537,106.761,27.3,88,19.6,85,969.1,1
2025-08-01,Lang_Son,21.8537,106.761,25.2,93,9.6,85,970.0,1
2025-08-02,Lang_Son,21.8537,106.761,27.8,83,11.4,87,971.7,1
2025-08-03,Lang_Son,21.8537,106.761,29.5,78,14.5,90,971.3,0
2025-08-04,Lang_Son,21.8537,106.761,29.1,79,12.6,100,971.2,1
2025-08-05,Lang_Son,21.8537,106.761,26.6,94,6.9,100,972.8,1
2025-08-06,Lang_Son,21.8537,106.761,25.9,91,15.8,97,974.4,1
2025-08-07,Lang_Son,21.8537,106.761,26.8,87,17.6,98,976.7,1
2025-08-08,Lang_Son,21.8537,106.761,28.0,82,17.8,51,977.1,1
2025-08-09,Lang_Son,21.8537,106.761,28.9,78,16.3,72,976.2,0
2025-08-10,Lang_Son,21.8537,106.761,28.8,80,14.3,91,975.9,1
2025-08-11,Lang_Son,21.8537,106.761,28.3,79,14.7,95,975.8,1
2025-08-12,Lang_Son,21.8537,106.761,28.3,79,13.3,98,976.4,1
2025-08-13,Lang_Son,21.8537,106.761,28.2,80,11.2,94,977.1,1
2025-08-14,Lang_Son,21.8537,106.761,27.9,82,16.1,97,975.4,1
2025-08-15,Lang_Son,21.8537,106.761,24.5,92,12.2,99,976.1,1
2025-08-16,Lang_Son,21.8537,106.761,24.8,90,12.4,91,978.4,1
2025-08-17,Lang_Son,21.8537,106.761,26.0,82,17.0,95,978.7,1
2025-08-18,Lang_Son,21.8537,106.761,24.5,90,19.8,100,976.9,1
2025-08-19,Lang_Son,21.8537,106.761,24.1,95,15.9,100,976.1,1
2025-08-20,Lang_Son,21.8537,106.761,26.1,88,19.4,100,977.6,1
2025-08-21,Lang_Son,21.8537,106.761,25.8,91,18.8,98,978.9,1
2025-08-22,Lang_Son,21.8537,106.761,26.6,83,16.2,100,978.9,1
2025-08-23,Lang_Son,21.8537,106.761,26.8,83,8.3,77,978.8,1
2025-08-24,Lang_Son,21.8537,106.761,25.8,86,15.4,71,978.0,1
2025-08-25,Lang_Son,21.8537,106.761,23.7,93,27.2,100,977.0,1
2025-08-26,Lang_Son,21.8537,106.761,24.4,92,16.2,100,978.8,1
2025-08-27,Lang_Son,21.8537,106.761,24.5,91,6.2,96,978.7,1
2025-08-28,Lang_Son,21.8537,106.761,25.6,85,10.4,62,978.4,1
2025-08-29,Lang_Son,21.8537,106.761,24.3,92,16.7,82,979.5,1
2025-08-30,Lang_Son,21.8537,106.761,24.7,91,20.4,90,979.1,1
2025-08-31,Lang_Son,21.8537,106.761,24.8,93,11.6,99,979.0,1
2025-09-01,Lang_Son,21.8537,106.761,25.7,89,6.9,99,977.8,1
2025-09-02,Lang_Son,21.8537,106.761,26.0,87,10.6,70,977.8,1
2025-09-03,Lang_Son,21.8537,106.761,26.9,82,11.1,60,978.0,1
2025-09-04,Lang_Son,21.8537,106.761,27.0,82,11.8,27,977.7,1
2025-09-05,Lang_Son,21.8537,106.761,27.3,82,9.0,71,978.1,1
2025-09-06,Lang_Son,21.8537,106.761,27.1,82,6.4,68,978.8,1
2025-09-07,Lang_Son,21.8537,106.761,27.0,83,6.2,77,977.2,1
2025-09-08,Lang_Son,21.8537,106.761,27.8,80,10.5,91,976.0,1
2025-09-09,Lang_Son,21.8537,106.761,26.3,88,17.3,100,977.4,1
2025-09-10,Lang_Son,21.8537,106.761,26.8,84,11.5,99,978.7,1
2025-09-11,Lang_Son,21.8537,106.761,26.1,86,15.0,94,979.6,1
2025-09-12,Lang_Son,21.8537,106.761,26.5,83,16.0,69,980.4,1
2025-09-13,Lang_Son,21.8537,106.761,26.4,80,14.8,83,981.0,1
2025-09-14,Lang_Son,21.8537,106.761,25.7,85,7.8,86,980.8,1
2025-09-15,Lang_Son,21.8537,106.761,25.6,86,10.6,79,981.3,1
2025-09-16,Lang_Son,21.8537,106.761,26.4,80,8.9,67,981.1,1
2025-09-17,Lang_Son,21.8537,106.761,25.1,89,11.2,94,980.0,1
2025-09-18,Lang_Son,21.8537,106.761,25.5,87,10.5,80,979.7,1
2025-09-19,Lang_Son,21.8537,106.761,26.9,78,11.2,69,979.4,1
2025-09-20,Lang_Son,21.8537,106.761,28.0,74,7.3,54,977.8,1
2025-09-21,Lang_Son,21.8537,106.761,26.6,82,12.8,76,977.6,1
2025-09-22,Lang_Son,21.8537,106.761,25.0,83,13.6,94,978.6,1
2025-09-23,Lang_Son,21.8537,106.761,26.0,77,13.4,52,976.6,1
2025-09-24,Lang_Son,21.8537,106.761,27.1,64,27.3,79,973.6,0
2025-09-25,Lang_Son,21.8537,106.761,22.7,90,20.4,100,973.6,1
2025-09-26,Lang_Son,21.8537,106.761,23.8,95,13.1,100,981.1,1
2025-09-27,Lang_Son,21.8537,106.761,25.8,85,16.1,83,983.1,1
2025-09-28,Lang_Son,21.8537,106.761,24.8,88,24.2,66,980.3,1
2025-09-29,Lang_Son,21.8537,106.761,22.9,98,24.1,100,979.1,1
2025-09-30,Lang_Son,21.8537,106.761,24.3,93,19.9,100,981.3,1
2025-10-01,Lang_Son,21.8537,106.761,25.3,86,12.2,98,982.3,1
2025-10-02,Lang_Son,21.8537,106.761,26.0,83,9.8,71,982.3,1
2025-10-03,Lang_Son,21.8537,106.761,25.9,83,10.5,21,982.0,0
2025-10-04,Lang_Son,21.8537,106.761,25.9,86,9.7,56,981.6,1
2025-10-05,Lang_Son,21.8537,106.761,26.8,78,20.5,89,977.6,0
2025-10-06,Lang_Son,21.8537,106.761,22.4,96,32.3,100,973.8,1
2025-10-07,Lang_Son,21.8537,106.761,23.7,95,17.2,95,982.6,1
2025-10-08,Lang_Son,21.8537,106.761,24.9,83,7.5,64,983.6,1
2025-10-09,Lang_Son,21.8537,106.761,24.9,81,9.1,26,982.9,1
2025-10-10,Lang_Son,21.8537,106.761,25.3,81,7.4,30,982.3,1
2025-10-11,Lang_Son,21.8537,106.761,25.2,87,7.3,51,981.5,1
2025-10-12,Lang_Son,21.8537,106.761,25.4,86,9.0,41,981.1,1
2025-10-13,Lang_Son,21.8537,106.761,24.7,92,8.8,84,981.8,1
2025-10-14,Lang_Son,21.8537,106.761,23.9,92,8.8,100,982.2,1
2025-10-15,Lang_Son,21.8537,106.761,23.6,93,6.2,94,983.0,1
2025-10-16,Lang_Son,21.8537,106.761,24.9,83,9.8,58,984.3,1
2025-10-17,Lang_Son,21.8537,106.761,25.2,82,8.2,43,984.5,1
2025-10-18,Lang_Son,21.8537,106.761,25.2,79,11.1,15,983.7,1
2025-10-19,Lang_Son,21.8537,106.761,24.4,83,16.3,49,983.9,1
2025-10-20,Lang_Son,21.8537,106.761,22.7,70,22.8,8,984.9,0
2025-10-21,Lang_Son,21.8537,106.761,20.5,63,28.2,34,986.8,0
2025-10-22,Lang_Son,21.8537,106.761,18.6,61,27.7,99,988.1,0
2025-10-23,Lang_Son,21.8537,106.761,15.4,79,24.0,98,989.5,1
2025-10-24,Lang_Son,21.8537,106.761,18.2,74,20.7,96,988.6,1
2025-10-25,Lang_Son,21.8537,106.761,19.8,72,14.3,61,987.2,0
2025-10-26,Lang_Son,21.8537,106.761,20.8,73,17.9,40,987.3,0
2025-10-27,Lang_Son,21.8537,106.761,20.2,69,19.2,30,987.7,0
2025-10-28,Lang_Son,21.8537,106.761,20.1,68,16.7,85,987.4,0
2025-10-29,Lang_Son,21.8537,106.761,21.2,75,12.5,95,986.0,0
2025-10-30,Lang_Son,21.8537,106.761,20.7,90,15.5,100,986.4,1
2025-10-31,Lang_Son,21.8537,106.761,20.6,87,19.2,99,987.1,1
2025-11-01,Lang_Son,21.8537,106.761,18.1,86,20.0,100,987.9,1
2025-11-02,Lang_Son,21.8537,106.761,17.4,87,21.1,100,988.3,1
2025-11-03,Lang_Son,21.8537,106.761,16.1,88,20.2,100,988.4,1
2025-11-04,Lang_Son,21.8537,106.761,15.8,89,23.0,100,987.4,1
2025-11-05,Lang_Son,21.8537,106.761,18.0,84,12.6,100,984.3,1
2025-11-06,Lang_Son,21.8537,106.761,20.2,88,9.9,62,982.9,1
2025-11-07,Lang_Son,21.8537,106.761,21.5,89,17.2,99,982.7,1
2025-11-08,Lang_Son,21.8537,106.761,23.7,88,13.5,68,983.8,1
2025-11-09,Lang_Son,21.8537,106.761,22.9,94,14.7,93,983.3,1
2025-11-10,Lang_Son,21.8537,106.761,20.5,83,14.8,87,982.3,0
2025-11-11,Lang_Son,21.8537,106.761,20.3,72,18.1,96,982.8,0
2025-11-12,Lang_Son,21.8537,106.761,19.3,65,20.9,62,985.5,0
2025-11-13,Lang_Son,21.8537,106.761,19.0,61,20.0,18,987.6,0
2025-11-14,Lang_Son,21.8537,106.761,17.5,67,11.5,17,987.6,0
2025-11-15,Lang_Son,21.8537,106.761,18.3,77,13.7,1,989.1,0
2025-11-16,Lang_Son,21.8537,106.761,19.7,82,11.2,68,989.8,0
2025-11-17,Lang_Son,21.8537,106.761,20.7,86,15.1,92,989.9,1
2025-11-18,Lang_Son,21.8537,106.761,13.5,97,29.1,100,994.3,1
2025-11-19,Lang_Son,21.8537,106.761,11.1,75,26.9,92,996.2,1
2025-11-20,Lang_Son,21.8537,106.761,14.6,56,18.4,8,993.9,0
2025-11-21,Lang_Son,21.8537,106.761,16.3,53,20.6,46,993.2,0
2025-11-22,Lang_Son,21.8537,106.761,16.6,60,11.6,25,990.6,0
2025-11-23,Lang_Son,21.8537,106.761,17.1,67,11.0,17,989.2,0
2025-11-24,Lang_Son,21.8537,106.761,17.5,64,18.1,3,990.0,0
2025-11-25,Lang_Son,21.8537,106.761,16.6,56,24.5,10,990.8,0
2025-11-26,Lang_Son,21.8537,106.761,14.6,64,12.7,24,989.8,0
2025-11-27,Lang_Son,21.8537,106.761,15.7,50,24.7,75,992.6,0
2025-11-28,Lang_Son,21.8537,106.761,14.0,59,12.3,57,988.1,0
2025-11-29,Lang_Son,21.8537,106.761,13.7,68,6.8,0,984.6,0
2025-11-30,Lang_Son,21.8537,106.761,17.0,80,12.4,54,983.5,1
2025-12-01,Lang_Son,21.8537,106.761,18.8,86,10.5,75,984.1,1
2025-12-02,Lang_Son,21.8537,106.761,20.3,85,9.2,54,983.6,1
2025-12-03,Lang_Son,21.8537,106.761,17.4,80,20.1,93,989.1,1
2025-12-04,Lang_Son,21.8537,106.761,16.4,72,12.6,93,989.5,1
2025-12-05,Lang_Son,21.8537,106.761,15.8,82,16.2,85,990.9,1
2025-12-06,Lang_Son,21.8537,106.761,17.1,79,10.4,53,988.5,1
2025-12-07,Lang_Son,21.8537,106.761,18.4,85,11.5,62,988.4,1
2025-12-08,Lang_Son,21.8537,106.761,17.7,78,15.6,11,990.0,0
2025-12-09,Lang_Son,21.8537,106.761,17.0,80,9.1,37,988.5,0
2025-12-10,Lang_Son,21.8537,106.761,18.4,72,7.2,35,987.4,0
2025-12-11,Lang_Son,21.8537,106.761,18.5,84,6.9,97,987.5,0
2025-12-12,Lang_Son,21.8537,106.761,19.4,91,13.1,95,985.2,1
2025-12-13,Lang_Son,21.8537,106.761,17.3,89,25.9,100,989.2,1
2025-12-14,Lang_Son,21.8537,106.761,13.8,59,22.2,37,991.7,0
2025-12-15,Lang_Son,21.8537,106.761,14.8,73,13.8,30,988.6,0
2025-12-16,Lang_Son,21.8537,106.761,17.6,80,7.8,96,987.8,1
2025-12-17,Lang_Son,21.8537,106.761,17.8,82,17.2,58,990.2,1
2025-12-18,Lang_Son,21.8537,106.761,17.5,77,9.7,13,988.3,0
2025-12-19,Lang_Son,21.8537,106.761,17.5,79,11.4,11,984.4,0
2025-12-20,Lang_Son,21.8537,106.761,19.1,85,7.9,62,985.4,1
2025-12-21,Lang_Son,21.8537,106.761,18.5,87,12.7,50,987.7,1
2025-12-22,Lang_Son,21.8537,106.761,18.6,86,17.3,49,985.2,1
2025-12-23,Lang_Son,21.8537,106.761,19.3,92,16.6,80,984.0,1
2025-12-24,Lang_Son,21.8537,106.761,17.4,90,22.0,92,984.4,1
2025-12-25,Lang_Son,21.8537,106.761,13.1,67,25.9,86,990.2,1
2025-12-26,Lang_Son,21.8537,106.761,12.8,53,17.0,27,989.6,0
2025-12-27,Lang_Son,21.8537,106.761,12.3,65,11.9,22,988.9,0
2025-12-28,Lang_Son,21.8537,106.761,15.2,70,5.4,96,987.8,0
2025-12-29,Lang_Son,21.8537,106.761,17.0,77,10.5,83,985.2,0
2025-12-30,Lang_Son,21.8537,106.761,17.5,80,11.5,82,984.3,1
2025-12-31,Lang_Son,21.8537,106.761,17.9,79,16.3,93,981.8,1
