date,destination,latitude,longitude,temp,humidity,wind_speed,cloud_cover,pressure,rain
2020-01-01,Phu_Tho,21.3227,105.401,21.0,82,14.3,80,1020.3,0
2020-01-02,Phu_Tho,21.3227,105.401,21.5,83,13.9,73,1018.6,1
2020-01-03,Phu_Tho,21.3227,105.401,22.4,82,17.7,70,1016.5,1
2020-01-04,Phu_Tho,21.3227,105.401,21.5,88,19.6,79,1014.7,1
2020-01-05,Phu_Tho,21.3227,105.401,21.9,86,20.5,64,1013.5,1
2020-01-06,Phu_Tho,21.3227,105.401,22.9,80,26.7,24,1012.0,0
2020-01-07,Phu_Tho,21.3227,105.401,22.7,88,12.8,64,1012.4,1
2020-01-08,Phu_Tho,21.3227,105.401,23.1,82,20.4,80,1012.7,0
2020-01-09,Phu_Tho,21.3227,105.401,23.2,80,13.6,57,1011.0,1
2020-01-10,Phu_Tho,21.3227,105.401,23.3,79,17.6,32,1009.3,0
2020-01-11,Phu_Tho,21.3227,105.401,21.3,79,19.2,78,1010.6,1
2020-01-12,Phu_Tho,21.3227,105.401,17.2,76,8.4,76,1014.5,1
2020-01-13,Phu_Tho,21.3227,105.401,18.5,77,13.8,96,1012.1,1
2020-01-14,Phu_Tho,21.3227,105.401,21.0,84,17.7,74,1011.0,1
2020-01-15,Phu_Tho,21.3227,105.401,22.6,80,23.7,26,1009.1,0
2020-01-16,Phu_Tho,21.3227,105.401,21.9,81,21.8,79,1011.5,1
2020-01-17,Phu_Tho,21.3227,105.401,17.2,80,12.6,99,1016.0,1
2020-01-18,Phu_Tho,21.3227,105.401,17.3,82,10.8,100,1014.4,1
2020-01-19,Phu_Tho,21.3227,105.401,16.6,84,9.5,100,1017.0,1
2020-01-20,Phu_Tho,21.3227,105.401,16.2,85,9.8,97,1016.7,1
2020-01-21,Phu_Tho,21.3227,105.401,19.6,84,17.6,66,1015.0,0
2020-01-22,Phu_Tho,21.3227,105.401,22.3,82,18.1,70,1012.0,1
2020-01-23,Phu_Tho,21.3227,105.401,23.2,83,19.4,87,1010.0,1
2020-01-24,Phu_Tho,21.3227,105.401,22.0,93,20.7,97,1009.9,1
2020-01-25,Phu_Tho,21.3227,105.401,17.8,87,18.7,99,1011.6,1
2020-01-26,Phu_Tho,21.3227,105.401,15.7,69,11.8,46,1015.0,1
2020-01-27,Phu_Tho,21.3227,105.401,15.1,63,11.5,41,1013.7,1
2020-01-28,Phu_Tho,21.3227,105.401,15.1,64,11.4,75,1015.7,1
2020-01-29,Phu_Tho,21.3227,105.401,14.6,70,11.5,81,1019.1,1
2020-01-30,Phu_Tho,21.3227,105.401,14.8,72,8.9,7,1018.5,0
2020-01-31,Phu_Tho,21.3227,105.401,15.9,70,13.5,44,1016.6,0
2020-02-01,Phu_Tho,21.3227,105.401,16.0,86,8.9,73,1015.5,1
2020-02-02,Phu_Tho,21.3227,105.401,19.0,86,14.8,86,1014.8,0
2020-02-03,Phu_Tho,21.3227,105.401,18.7,90,16.3,96,1014.0,1
2020-02-04,Phu_Tho,21.3227,105.401,16.4,87,6.8,99,1015.9,1
2020-02-05,Phu_Tho,21.3227,105.401,16.1,89,9.5,100,1014.6,1
2020-02-06,Phu_Tho,21.3227,105.401,18.2,88,8.7,87,1012.7,1
2020-02-07,Phu_Tho,21.3227,105.401,19.4,88,12.8,99,1014.9,1
2020-02-08,Phu_Tho,21.3227,105.401,18.1,86,13.2,100,1018.6,1
2020-02-09,Phu_Tho,21.3227,105.401,16.0,83,7.4,100,1021.9,1
2020-02-10,Phu_Tho,21.3227,105.401,17.0,76,12.5,96,1017.9,1
2020-02-11,Phu_Tho,21.3227,105.401,19.3,85,11.9,69,1014.3,1
2020-02-12,Phu_Tho,21.3227,105.401,20.9,88,13.4,79,1011.4,1
2020-02-13,Phu_Tho,21.3227,105.401,22.8,90,16.2,87,1007.3,1
2020-02-14,Phu_Tho,21.3227,105.401,24.3,85,15.9,67,1003.7,1
2020-02-15,Phu_Tho,21.3227,105.401,24.6,82,14.8,74,1006.3,1
2020-02-16,Phu_Tho,21.3227,105.401,17.8,52,13.1,70,1019.2,1
2020-02-17,Phu_Tho,21.3227,105.401,17.4,56,12.4,64,1023.2,0
2020-02-18,Phu_Tho,21.3227,105.401,17.3,52,14.8,48,1021.5,0
2020-02-19,Phu_Tho,21.3227,105.401,16.8,70,13.4,32,1018.8,0
2020-02-20,Phu_Tho,21.3227,105.401,19.1,82,10.9,99,1018.5,1
2020-02-21,Phu_Tho,21.3227,105.401,20.8,82,17.2,78,1021.2,1
2020-02-22,Phu_Tho,21.3227,105.401,20.0,83,11.8,50,1021.9,0
2020-02-23,Phu_Tho,21.3227,105.401,19.9,82,12.5,34,1019.1,1
2020-02-24,Phu_Tho,21.3227,105.401,20.8,78,16.5,34,1014.5,1
2020-02-25,Phu_Tho,21.3227,105.401,21.1,82,13.6,57,1012.7,1
2020-02-26,Phu_Tho,21.3227,105.401,22.3,78,14.8,78,1013.3,0
2020-02-27,Phu_Tho,21.3227,105.401,22.2,82,14.1,92,1013.2,1
2020-02-28,Phu_Tho,21.3227,105.401,23.0,79,16.6,73,1011.2,0
2020-02-29,Phu_Tho,21.3227,105.401,22.8,85,15.2,56,1009.2,1
2020-03-01,Phu_Tho,21.3227,105.401,23.8,84,17.8,68,1008.9,1
2020-03-02,Phu_Tho,21.3227,105.401,24.1,84,21.9,74,1009.3,1
2020-03-03,Phu_Tho,21.3227,105.401,23.1,90,17.7,93,1009.8,1
2020-03-04,Phu_Tho,21.3227,105.401,19.6,85,20.2,93,1013.5,1
2020-03-05,Phu_Tho,21.3227,105.401,17.5,84,10.2,84,1015.0,1
2020-03-06,Phu_Tho,21.3227,105.401,19.7,82,12.6,59,1011.0,0
2020-03-07,Phu_Tho,21.3227,105.401,21.7,86,14.0,51,1007.0,0
2020-03-08,Phu_Tho,21.3227,105.401,23.8,86,13.9,51,1001.6,1
2020-03-09,Phu_Tho,21.3227,105.401,25.6,81,12.8,28,1000.9,0
2020-03-10,Phu_Tho,21.3227,105.401,22.9,68,14.4,89,1010.4,1
2020-03-11,Phu_Tho,21.3227,105.401,21.3,71,12.9,87,1011.6,0
2020-03-12,Phu_Tho,21.3227,105.401,22.7,81,15.3,75,1008.2,0
2020-03-13,Phu_Tho,21.3227,105.401,24.9,84,14.1,84,1009.1,1
2020-03-14,Phu_Tho,21.3227,105.401,22.1,80,10.2,100,1014.1,1
2020-03-15,Phu_Tho,21.3227,105.401,20.7,80,11.3,100,1014.0,1
2020-03-16,Phu_Tho,21.3227,105.401,22.3,84,11.0,100,1011.5,1
2020-03-17,Phu_Tho,21.3227,105.401,23.2,90,20.2,100,1011.2,1
2020-03-18,Phu_Tho,21.3227,105.401,20.8,90,6.4,100,1010.3,1
2020-03-19,Phu_Tho,21.3227,105.401,20.8,88,7.2,100,1010.5,1
2020-03-20,Phu_Tho,21.3227,105.401,22.3,82,14.3,97,1009.7,0
2020-03-21,Phu_Tho,21.3227,105.401,24.3,84,15.0,71,1007.7,1
2020-03-22,Phu_Tho,21.3227,105.401,25.5,87,14.1,75,1007.6,1
2020-03-23,Phu_Tho,21.3227,105.401,24.8,88,15.8,72,1008.2,1
2020-03-24,Phu_Tho,21.3227,105.401,24.8,85,16.8,74,1007.7,1
2020-03-25,Phu_Tho,21.3227,105.401,23.5,91,15.5,66,1006.3,1
2020-03-26,Phu_Tho,21.3227,105.401,26.2,84,18.4,42,1005.0,0
2020-03-27,Phu_Tho,21.3227,105.401,26.9,83,16.6,54,1004.8,0
2020-03-28,Phu_Tho,21.3227,105.401,24.4,85,19.8,98,1006.7,1
2020-03-29,Phu_Tho,21.3227,105.401,24.4,87,16.8,97,1004.7,1
2020-03-30,Phu_Tho,21.3227,105.401,22.0,83,18.4,99,1005.8,1
2020-03-31,Phu_Tho,21.3227,105.401,20.8,85,9.3,98,1008.6,1
2020-04-01,Phu_Tho,21.3227,105.401,20.8,82,12.5,99,1009.5,1
2020-04-02,Phu_Tho,21.3227,105.401,22.2,90,11.1,99,1009.2,1
2020-04-03,Phu_Tho,21.3227,105.401,23.4,89,12.0,100,1009.6,1
2020-04-04,Phu_Tho,21.3227,105.401,21.0,90,7.2,100,1012.8,1
2020-04-05,Phu_Tho,21.3227,105.401,19.7,83,7.3,96,1014.8,1
2020-04-06,Phu_Tho,21.3227,105.401,19.4,81,9.8,85,1013.0,1
2020-04-07,Phu_Tho,21.3227,105.401,20.4,79,8.0,74,1012.0,1
2020-04-08,Phu_Tho,21.3227,105.401,21.3,82,7.6,84,1012.1,1
2020-04-09,Phu_Tho,21.3227,105.401,22.9,80,13.8,65,1012.6,1
2020-04-10,Phu_Tho,21.3227,105.401,24.0,82,16.3,61,1010.9,0
2020-04-11,Phu_Tho,21.3227,105.401,25.5,84,16.4,79,1009.6,1
2020-04-12,Phu_Tho,21.3227,105.401,20.5,81,14.1,82,1015.6,1
2020-04-13,Phu_Tho,21.3227,105.401,17.3,80,11.1,68,1017.0,1
2020-04-14,Phu_Tho,21.3227,105.401,18.5,78,13.7,39,1013.8,0
2020-04-15,Phu_Tho,21.3227,105.401,20.9,80,18.0,61,1010.5,0
2020-04-16,Phu_Tho,21.3227,105.401,23.8,85,19.8,81,1007.3,1
2020-04-17,Phu_Tho,21.3227,105.401,25.3,87,19.7,93,1007.2,1
2020-04-18,Phu_Tho,21.3227,105.401,26.5,83,18.6,92,1006.1,0
2020-04-19,Phu_Tho,21.3227,105.401,26.4,85,15.3,62,1005.3,0
2020-04-20,Phu_Tho,21.3227,105.401,27.0,84,16.7,69,1005.7,1
2020-04-21,Phu_Tho,21.3227,105.401,27.3,84,20.0,78,1004.9,1
2020-04-22,Phu_Tho,21.3227,105.401,24.8,86,18.8,98,1007.7,1
2020-04-23,Phu_Tho,21.3227,105.401,21.1,85,13.2,100,1012.8,1
2020-04-24,Phu_Tho,21.3227,105.401,18.1,87,11.0,99,1017.0,1
2020-04-25,Phu_Tho,21.3227,105.401,19.2,81,12.7,90,1015.7,1
2020-04-26,Phu_Tho,21.3227,105.401,20.3,82,13.4,95,1016.6,1
2020-04-27,Phu_Tho,21.3227,105.401,22.0,78,16.3,63,1015.2,0
2020-04-28,Phu_Tho,21.3227,105.401,23.4,76,12.0,37,1013.0,0
2020-04-29,Phu_Tho,21.3227,105.401,24.2,77,9.3,41,1011.6,0
2020-04-30,Phu_Tho,21.3227,105.401,24.9,82,15.1,64,1010.2,1
2020-05-01,Phu_Tho,21.3227,105.401,24.1,88,11.0,55,1007.3,1
2020-05-02,Phu_Tho,21.3227,105.401,26.1,85,15.4,60,1004.9,1
2020-05-03,Phu_Tho,21.3227,105.401,27.2,84,16.1,83,1004.4,1
2020-05-04,Phu_Tho,21.3227,105.401,28.8,83,21.1,66,1003.7,0
2020-05-05,Phu_Tho,21.3227,105.401,29.4,82,18.6,35,1002.0,0
2020-05-06,Phu_Tho,21.3227,105.401,30.1,79,17.7,71,1000.7,0
2020-05-07,Phu_Tho,21.3227,105.401,30.6,79,17.9,52,999.7,0
2020-05-08,Phu_Tho,21.3227,105.401,30.7,80,16.8,58,999.7,0
2020-05-09,Phu_Tho,21.3227,105.401,31.3,78,16.8,65,1001.4,0
2020-05-10,Phu_Tho,21.3227,105.401,31.4,76,17.3,52,1002.3,0
2020-05-11,Phu_Tho,21.3227,105.401,30.2,78,18.3,60,1004.2,1
2020-05-12,Phu_Tho,21.3227,105.401,26.8,85,15.2,90,1007.2,1
2020-05-13,Phu_Tho,21.3227,105.401,27.5,86,17.3,86,1005.6,1
2020-05-14,Phu_Tho,21.3227,105.401,28.4,83,18.4,57,1002.8,1
2020-05-15,Phu_Tho,21.3227,105.401,29.3,82,20.5,36,1000.0,0
2020-05-16,Phu_Tho,21.3227,105.401,29.4,81,15.7,35,1000.7,0
2020-05-17,Phu_Tho,21.3227,105.401,28.1,86,20.3,74,1000.4,1
2020-05-18,Phu_Tho,21.3227,105.401,28.4,83,12.9,62,999.8,1
2020-05-19,Phu_Tho,21.3227,105.401,28.4,85,17.2,75,999.8,1
2020-05-20,Phu_Tho,21.3227,105.401,30.2,84,18.1,90,997.7,1
2020-05-21,Phu_Tho,21.3227,105.401,32.0,79,14.0,91,996.6,0
2020-05-22,Phu_Tho,21.3227,105.401,29.7,84,12.6,100,1000.0,1
2020-05-23,Phu_Tho,21.3227,105.401,28.1,86,12.1,93,1002.9,1
2020-05-24,Phu_Tho,21.3227,105.401,29.3,83,18.8,86,1002.8,1
2020-05-25,Phu_Tho,21.3227,105.401,30.4,81,15.4,65,1002.2,1
2020-05-26,Phu_Tho,21.3227,105.401,28.3,79,14.4,94,1004.9,1
2020-05-27,Phu_Tho,21.3227,105.401,26.7,81,10.5,87,1006.9,1
2020-05-28,Phu_Tho,21.3227,105.401,27.2,82,9.7,82,1006.0,1
2020-05-29,Phu_Tho,21.3227,105.401,28.6,82,15.6,78,1003.2,1
2020-05-30,Phu_Tho,21.3227,105.401,29.6,81,14.3,62,1003.7,1
2020-05-31,Phu_Tho,21.3227,105.401,30.2,78,14.4,75,1003.4,0
2020-06-01,Phu_Tho,21.3227,105.401,30.0,78,18.3,68,1002.4,1
2020-06-02,Phu_Tho,21.3227,105.401,30.5,78,12.5,53,1000.6,1
2020-06-03,Phu_Tho,21.3227,105.401,30.4,76,16.1,60,1000.2,1
2020-06-04,Phu_Tho,21.3227,105.401,31.2,76,19.4,83,999.6,1
2020-06-05,Phu_Tho,21.3227,105.401,30.8,75,15.6,89,999.4,0
2020-06-06,Phu_Tho,21.3227,105.401,31.5,75,13.7,96,998.7,0
2020-06-07,Phu_Tho,21.3227,105.401,32.7,67,15.6,99,996.7,0
2020-06-08,Phu_Tho,21.3227,105.401,33.4,61,16.0,93,996.9,0
2020-06-09,Phu_Tho,21.3227,105.401,31.8,71,13.4,100,999.7,1
2020-06-10,Phu_Tho,21.3227,105.401,29.2,87,13.3,100,1001.8,1
2020-06-11,Phu_Tho,21.3227,105.401,29.7,83,12.4,90,1000.2,1
2020-06-12,Phu_Tho,21.3227,105.401,31.6,74,17.6,79,997.5,0
2020-06-13,Phu_Tho,21.3227,105.401,31.0,76,19.5,56,997.7,1
2020-06-14,Phu_Tho,21.3227,105.401,27.8,89,15.3,99,1001.1,1
2020-06-15,Phu_Tho,21.3227,105.401,27.3,88,14.7,95,1002.5,1
2020-06-16,Phu_Tho,21.3227,105.401,28.6,86,14.2,75,1000.7,1
2020-06-17,Phu_Tho,21.3227,105.401,29.7,81,15.8,43,998.8,1
2020-06-18,Phu_Tho,21.3227,105.401,29.4,82,11.8,49,1000.1,1
2020-06-19,Phu_Tho,21.3227,105.401,29.1,86,14.7,55,1001.8,1
2020-06-20,Phu_Tho,21.3227,105.401,30.4,79,20.9,41,1001.0,1
2020-06-21,Phu_Tho,21.3227,105.401,31.4,76,14.6,41,998.0,1
2020-06-22,Phu_Tho,21.3227,105.401,32.3,71,15.6,73,997.5,0
2020-06-23,Phu_Tho,21.3227,105.401,32.0,74,22.1,98,999.1,1
2020-06-24,Phu_Tho,21.3227,105.401,32.2,73,18.9,98,998.4,1
2020-06-25,Phu_Tho,21.3227,105.401,30.2,83,11.5,100,998.2,1
2020-06-26,Phu_Tho,21.3227,105.401,30.5,79,15.1,88,998.5,1
2020-06-27,Phu_Tho,21.3227,105.401,31.7,72,19.1,68,999.2,1
2020-06-28,Phu_Tho,21.3227,105.401,31.9,71,17.6,71,999.4,1
2020-06-29,Phu_Tho,21.3227,105.401,31.5,72,16.1,83,999.1,1
2020-06-30,Phu_Tho,21.3227,105.401,31.0,76,17.2,94,998.3,1
2020-07-01,Phu_Tho,21.3227,105.401,29.7,84,13.9,98,997.9,1
2020-07-02,Phu_Tho,21.3227,105.401,28.7,87,14.3,99,998.3,1
2020-07-03,Phu_Tho,21.3227,105.401,28.1,90,13.9,100,1001.2,1
2020-07-04,Phu_Tho,21.3227,105.401,28.2,88,14.5,98,1002.1,1
2020-07-05,Phu_Tho,21.3227,105.401,29.1,84,12.8,74,1000.3,1
2020-07-06,Phu_Tho,21.3227,105.401,30.4,80,15.1,66,999.4,1
2020-07-07,Phu_Tho,21.3227,105.401,30.9,78,17.3,96,1001.3,1
2020-07-08,Phu_Tho,21.3227,105.401,31.9,75,15.3,99,999.7,1
2020-07-09,Phu_Tho,21.3227,105.401,32.9,64,17.7,99,996.4,0
2020-07-10,Phu_Tho,21.3227,105.401,32.5,65,15.3,100,996.4,0
2020-07-11,Phu_Tho,21.3227,105.401,30.9,71,12.8,100,997.9,0
2020-07-12,Phu_Tho,21.3227,105.401,29.8,80,12.8,98,999.0,0
2020-07-13,Phu_Tho,21.3227,105.401,30.3,81,13.4,42,1001.3,1
2020-07-14,Phu_Tho,21.3227,105.401,30.1,79,13.2,29,1002.5,1
2020-07-15,Phu_Tho,21.3227,105.401,31.7,72,20.9,56,1000.4,1
2020-07-16,Phu_Tho,21.3227,105.401,31.7,72,17.8,55,999.6,1
2020-07-17,Phu_Tho,21.3227,105.401,32.4,68,17.4,97,1000.0,1
2020-07-18,Phu_Tho,21.3227,105.401,32.7,68,17.7,97,1000.1,0
2020-07-19,Phu_Tho,21.3227,105.401,32.9,66,12.5,98,999.4,0
2020-07-20,Phu_Tho,21.3227,105.401,29.6,80,17.1,100,1001.8,1
2020-07-21,Phu_Tho,21.3227,105.401,28.9,84,19.2,75,1003.9,1
2020-07-22,Phu_Tho,21.3227,105.401,30.4,76,16.2,18,1003.0,1
2020-07-23,Phu_Tho,21.3227,105.401,31.1,74,16.5,17,1002.9,1
2020-07-24,Phu_Tho,21.3227,105.401,31.4,73,18.4,15,1003.1,1
2020-07-25,Phu_Tho,21.3227,105.401,31.9,70,20.9,42,1002.1,0
2020-07-26,Phu_Tho,21.3227,105.401,32.0,70,15.1,93,1000.8,1
2020-07-27,Phu_Tho,21.3227,105.401,30.1,79,12.3,100,1000.5,1
2020-07-28,Phu_Tho,21.3227,105.401,29.8,80,15.7,97,1002.0,1
2020-07-29,Phu_Tho,21.3227,105.401,29.3,80,11.3,86,1002.4,1
2020-07-30,Phu_Tho,21.3227,105.401,30.6,76,13.8,48,1001.7,1
2020-07-31,Phu_Tho,21.3227,105.401,30.7,77,11.2,89,1000.0,1
2020-08-01,Phu_Tho,21.3227,105.401,29.1,85,16.0,97,996.7,1
2020-08-02,Phu_Tho,21.3227,105.401,27.7,88,20.5,99,994.6,1
2020-08-03,Phu_Tho,21.3227,105.401,26.9,92,18.4,99,996.1,1
2020-08-04,Phu_Tho,21.3227,105.401,26.7,92,12.3,99,997.9,1
2020-08-05,Phu_Tho,21.3227,105.401,26.7,93,13.4,99,999.8,1
2020-08-06,Phu_Tho,21.3227,105.401,26.7,94,14.4,98,1002.1,1
2020-08-07,Phu_Tho,21.3227,105.401,28.1,87,18.6,75,1002.1,1
2020-08-08,Phu_Tho,21.3227,105.401,29.2,86,16.9,95,1000.7,1
2020-08-09,Phu_Tho,21.3227,105.401,29.7,85,12.4,96,998.7,1
2020-08-10,Phu_Tho,21.3227,105.401,30.3,83,15.4,91,997.6,1
2020-08-11,Phu_Tho,21.3227,105.401,30.5,80,13.6,93,997.8,1
2020-08-12,Phu_Tho,21.3227,105.401,29.9,84,16.3,83,1000.4,1
2020-08-13,Phu_Tho,21.3227,105.401,27.7,90,17.2,89,1002.3,1
2020-08-14,Phu_Tho,21.3227,105.401,26.5,93,16.1,94,1002.3,1
2020-08-15,Phu_Tho,21.3227,105.401,27.9,85,16.3,60,1001.4,1
2020-08-16,Phu_Tho,21.3227,105.401,27.1,89,15.9,80,1000.7,1
2020-08-17,Phu_Tho,21.3227,105.401,25.9,92,17.4,93,1001.2,1
2020-08-18,Phu_Tho,21.3227,105.401,26.0,91,16.6,89,1001.8,1
2020-08-19,Phu_Tho,21.3227,105.401,25.8,93,10.9,98,1002.0,1
2020-08-20,Phu_Tho,21.3227,105.401,26.8,89,9.4,91,1003.3,1
2020-08-21,Phu_Tho,21.3227,105.401,26.3,92,11.2,99,1004.9,1
2020-08-22,Phu_Tho,21.3227,105.401,27.5,88,9.7,87,1004.5,1
2020-08-23,Phu_Tho,21.3227,105.401,28.3,88,13.5,48,1002.6,1
2020-08-24,Phu_Tho,21.3227,105.401,29.2,84,15.9,60,1000.5,1
2020-08-25,Phu_Tho,21.3227,105.401,29.6,83,9.3,81,999.8,1
2020-08-26,Phu_Tho,21.3227,105.401,30.9,80,14.2,46,998.4,1
2020-08-27,Phu_Tho,21.3227,105.401,31.1,80,18.4,22,997.2,0
2020-08-28,Phu_Tho,21.3227,105.401,30.6,81,15.3,43,998.4,1
2020-08-29,Phu_Tho,21.3227,105.401,29.8,83,15.0,73,1000.5,1
2020-08-30,Phu_Tho,21.3227,105.401,29.2,86,11.2,57,1001.7,1
2020-08-31,Phu_Tho,21.3227,105.401,28.8,87,13.6,85,1003.8,1
2020-09-01,Phu_Tho,21.3227,105.401,30.3,80,13.0,35,1003.5,0
2020-09-02,Phu_Tho,21.3227,105.401,30.5,81,9.2,30,1003.5,0
2020-09-03,Phu_Tho,21.3227,105.401,30.4,80,9.9,74,1004.6,1
2020-09-04,Phu_Tho,21.3227,105.401,30.2,81,13.0,55,1004.1,1
2020-09-05,Phu_Tho,21.3227,105.401,30.2,82,12.7,43,1001.7,1
2020-09-06,Phu_Tho,21.3227,105.401,30.0,86,14.8,95,1000.1,1
2020-09-07,Phu_Tho,21.3227,105.401,26.8,93,12.8,98,1002.0,1
2020-09-08,Phu_Tho,21.3227,105.401,26.9,89,8.9,96,1005.2,1
2020-09-09,Phu_Tho,21.3227,105.401,27.2,90,14.0,93,1004.9,1
2020-09-10,Phu_Tho,21.3227,105.401,28.2,88,14.1,90,1001.5,1
2020-09-11,Phu_Tho,21.3227,105.401,28.0,89,11.8,98,1002.6,1
2020-09-12,Phu_Tho,21.3227,105.401,27.3,90,13.0,98,1006.0,1
2020-09-13,Phu_Tho,21.3227,105.401,27.5,89,15.7,89,1006.8,1
2020-09-14,Phu_Tho,21.3227,105.401,27.5,89,13.8,89,1005.3,1
2020-09-15,Phu_Tho,21.3227,105.401,28.3,88,15.1,92,1003.7,1
2020-09-16,Phu_Tho,21.3227,105.401,28.5,88,13.0,93,1002.4,1
2020-09-17,Phu_Tho,21.3227,105.401,28.2,89,12.7,88,1002.1,1
2020-09-18,Phu_Tho,21.3227,105.401,26.7,81,15.5,92,1003.9,1
2020-09-19,Phu_Tho,21.3227,105.401,24.2,90,17.3,100,1004.8,1
2020-09-20,Phu_Tho,21.3227,105.401,24.9,91,8.1,100,1006.0,1
2020-09-21,Phu_Tho,21.3227,105.401,27.1,87,14.5,94,1005.0,1
2020-09-22,Phu_Tho,21.3227,105.401,27.1,91,13.8,99,1004.4,1
2020-09-23,Phu_Tho,21.3227,105.401,25.9,95,10.2,100,1005.8,1
2020-09-24,Phu_Tho,21.3227,105.401,25.8,86,9.4,97,1007.8,1
2020-09-25,Phu_Tho,21.3227,105.401,27.3,87,15.5,94,1004.6,1
2020-09-26,Phu_Tho,21.3227,105.401,27.3,89,13.4,96,1003.4,1
2020-09-27,Phu_Tho,21.3227,105.401,26.1,90,5.9,100,1005.5,1
2020-09-28,Phu_Tho,21.3227,105.401,27.0,85,11.6,79,1005.4,1
2020-09-29,Phu_Tho,21.3227,105.401,28.1,86,16.4,76,1003.7,1
2020-09-30,Phu_Tho,21.3227,105.401,27.7,87,14.5,76,1002.7,1
2020-10-01,Phu_Tho,21.3227,105.401,26.8,88,13.0,99,1003.9,1
2020-10-02,Phu_Tho,21.3227,105.401,27.6,88,14.6,90,1004.6,1
2020-10-03,Phu_Tho,21.3227,105.401,27.5,90,12.7,91,1005.5,1
2020-10-04,Phu_Tho,21.3227,105.401,27.5,90,11.8,80,1005.6,1
2020-10-05,Phu_Tho,21.3227,105.401,26.8,90,15.0,81,1006.8,1
2020-10-06,Phu_Tho,21.3227,105.401,25.2,84,9.0,89,1009.8,1
2020-10-07,Phu_Tho,21.3227,105.401,25.3,78,8.3,72,1011.6,1
2020-10-08,Phu_Tho,21.3227,105.401,24.1,76,10.2,53,1012.3,0
2020-10-09,Phu_Tho,21.3227,105.401,23.7,78,12.1,46,1012.9,0
2020-10-10,Phu_Tho,21.3227,105.401,23.3,78,8.0,53,1011.3,0
2020-10-11,Phu_Tho,21.3227,105.401,23.3,80,11.7,60,1008.6,0
2020-10-12,Phu_Tho,21.3227,105.401,24.4,78,12.5,92,1007.3,0
2020-10-13,Phu_Tho,21.3227,105.401,26.8,70,15.0,70,1005.9,1
2020-10-14,Phu_Tho,21.3227,105.401,23.5,90,21.4,100,1004.8,1
2020-10-15,Phu_Tho,21.3227,105.401,23.2,90,15.2,100,1007.5,1
2020-10-16,Phu_Tho,21.3227,105.401,23.5,85,14.0,100,1010.3,1
2020-10-17,Phu_Tho,21.3227,105.401,22.0,70,16.8,99,1012.6,1
2020-10-18,Phu_Tho,21.3227,105.401,21.8,76,13.3,99,1012.8,1
2020-10-19,Phu_Tho,21.3227,105.401,20.5,82,15.5,100,1013.7,1
2020-10-20,Phu_Tho,21.3227,105.401,20.8,77,14.7,99,1014.5,1
2020-10-21,Phu_Tho,21.3227,105.401,22.3,70,12.1,46,1013.7,0
2020-10-22,Phu_Tho,21.3227,105.401,22.6,74,14.1,52,1011.2,0
2020-10-23,Phu_Tho,21.3227,105.401,22.1,70,9.7,50,1011.2,0
2020-10-24,Phu_Tho,21.3227,105.401,21.9,75,7.3,92,1011.3,0
2020-10-25,Phu_Tho,21.3227,105.401,22.1,80,10.2,90,1010.8,1
2020-10-26,Phu_Tho,21.3227,105.401,22.4,86,10.7,100,1011.0,1
2020-10-27,Phu_Tho,21.3227,105.401,24.2,87,10.2,75,1009.6,1
2020-10-28,Phu_Tho,21.3227,105.401,25.6,82,12.5,96,1009.6,1
2020-10-29,Phu_Tho,21.3227,105.401,22.1,90,12.3,100,1012.4,1
2020-10-30,Phu_Tho,21.3227,105.401,21.4,92,10.9,100,1014.9,1
2020-10-31,Phu_Tho,21.3227,105.401,22.4,90,4.2,97,1014.3,1
2020-11-01,Phu_Tho,21.3227,105.401,23.9,85,9.5,56,1012.5,0
2020-11-02,Phu_Tho,21.3227,105.401,23.9,83,11.8,81,1013.8,1
2020-11-03,Phu_Tho,21.3227,105.401,22.6,72,6.8,71,1015.6,0
2020-11-04,Phu_Tho,21.3227,105.401,22.3,74,6.1,70,1014.5,0
2020-11-05,Phu_Tho,21.3227,105.401,22.3,80,9.7,61,1013.7,0
2020-11-06,Phu_Tho,21.3227,105.401,22.8,85,10.2,62,1014.9,1
2020-11-07,Phu_Tho,21.3227,105.401,23.7,79,10.6,45,1016.0,0
2020-11-08,Phu_Tho,21.3227,105.401,23.8,74,7.3,14,1016.5,0
2020-11-09,Phu_Tho,21.3227,105.401,22.7,72,8.5,6,1016.2,0
2020-11-10,Phu_Tho,21.3227,105.401,21.1,72,9.1,34,1016.4,0
2020-11-11,Phu_Tho,21.3227,105.401,21.8,68,10.2,66,1017.6,0
2020-11-12,Phu_Tho,21.3227,105.401,22.5,70,7.9,22,1016.8,0
2020-11-13,Phu_Tho,21.3227,105.401,22.2,72,9.7,3,1014.7,0
2020-11-14,Phu_Tho,21.3227,105.401,22.0,68,11.2,17,1014.4,0
2020-11-15,Phu_Tho,21.3227,105.401,20.3,85,14.8,99,1015.1,1
2020-11-16,Phu_Tho,21.3227,105.401,20.6,94,14.9,100,1013.3,1
2020-11-17,Phu_Tho,21.3227,105.401,23.7,88,16.5,36,1009.3,1
2020-11-18,Phu_Tho,21.3227,105.401,24.6,86,13.8,37,1007.4,1
2020-11-19,Phu_Tho,21.3227,105.401,24.1,89,12.6,52,1007.2,1
2020-11-20,Phu_Tho,21.3227,105.401,24.5,88,14.3,55,1007.7,1
2020-11-21,Phu_Tho,21.3227,105.401,24.9,87,15.1,44,1008.4,1
2020-11-22,Phu_Tho,21.3227,105.401,25.2,86,16.6,39,1011.8,1
2020-11-23,Phu_Tho,21.3227,105.401,24.4,89,13.5,49,1014.1,1
2020-11-24,Phu_Tho,21.3227,105.401,23.5,83,13.2,80,1014.4,1
2020-11-25,Phu_Tho,21.3227,105.401,23.6,83,14.3,48,1013.7,1
2020-11-26,Phu_Tho,21.3227,105.401,23.7,84,13.1,35,1015.1,1
2020-11-27,Phu_Tho,21.3227,105.401,22.5,79,12.3,56,1017.5,1
2020-11-28,Phu_Tho,21.3227,105.401,20.0,74,12.6,73,1019.5,0
2020-11-29,Phu_Tho,21.3227,105.401,18.5,70,11.2,43,1020.0,0
2020-11-30,Phu_Tho,21.3227,105.401,18.5,70,7.2,23,1020.2,0
2020-12-01,Phu_Tho,21.3227,105.401,19.2,67,8.9,88,1019.3,0
2020-12-02,Phu_Tho,21.3227,105.401,19.2,72,5.9,95,1018.2,0
2020-12-03,Phu_Tho,21.3227,105.401,19.3,72,14.8,87,1018.9,0
2020-12-04,Phu_Tho,21.3227,105.401,16.9,63,10.2,63,1019.7,0
2020-12-05,Phu_Tho,21.3227,105.401,15.0,71,8.9,32,1019.9,0
2020-12-06,Phu_Tho,21.3227,105.401,15.9,78,10.9,12,1017.6,0
2020-12-07,Phu_Tho,21.3227,105.401,16.8,78,10.9,51,1019.2,0
2020-12-08,Phu_Tho,21.3227,105.401,17.0,79,7.8,29,1018.5,0
2020-12-09,Phu_Tho,21.3227,105.401,18.1,76,11.3,40,1014.3,0
2020-12-10,Phu_Tho,21.3227,105.401,19.5,74,8.7,65,1014.0,0
2020-12-11,Phu_Tho,21.3227,105.401,19.5,80,14.5,41,1012.1,0
2020-12-12,Phu_Tho,21.3227,105.401,21.4,79,16.6,67,1010.6,1
2020-12-13,Phu_Tho,21.3227,105.401,22.2,82,13.4,62,1007.8,1
2020-12-14,Phu_Tho,21.3227,105.401,20.2,86,13.8,98,1012.3,1
2020-12-15,Phu_Tho,21.3227,105.401,14.5,78,11.2,99,1019.0,1
2020-12-16,Phu_Tho,21.3227,105.401,13.5,71,9.8,99,1021.3,1
2020-12-17,Phu_Tho,21.3227,105.401,13.5,66,10.4,97,1019.8,0
2020-12-18,Phu_Tho,21.3227,105.401,13.4,71,8.2,96,1021.1,1
2020-12-19,Phu_Tho,21.3227,105.401,14.5,59,10.5,93,1023.2,0
2020-12-20,Phu_Tho,21.3227,105.401,14.7,55,14.5,65,1023.7,0
2020-12-21,Phu_Tho,21.3227,105.401,14.0,65,14.6,17,1021.3,0
2020-12-22,Phu_Tho,21.3227,105.401,15.6,65,9.4,57,1017.1,0
2020-12-23,Phu_Tho,21.3227,105.401,16.5,69,11.2,64,1014.4,0
2020-12-24,Phu_Tho,21.3227,105.401,17.5,72,7.7,70,1014.9,1
2020-12-25,Phu_Tho,21.3227,105.401,17.6,73,8.9,55,1014.5,0
2020-12-26,Phu_Tho,21.3227,105.401,18.4,79,10.8,52,1012.5,0
2020-12-27,Phu_Tho,21.3227,105.401,20.1,84,12.2,98,1011.3,1
2020-12-28,Phu_Tho,21.3227,105.401,22.5,82,20.5,59,1008.5,1
2020-12-29,Phu_Tho,21.3227,105.401,22.7,80,18.4,75,1010.2,1
2020-12-30,Phu_Tho,21.3227,105.401,18.3,43,14.3,98,1021.5,0
2020-12-31,Phu_Tho,21.3227,105.401,14.1,45,13.8,41,1023.8,0
2021-01-01,Phu_Tho,21.3227,105.401,12.5,68,7.1,56,1022.5,0
2021-01-02,Phu_Tho,21.3227,105.401,13.5,64,10.6,18,1018.7,0
2021-01-03,Phu_Tho,21.3227,105.401,14.3,69,10.6,43,1018.8,0
2021-01-04,Phu_Tho,21.3227,105.401,15.8,65,9.4,14,1017.7,0
2021-01-05,Phu_Tho,21.3227,105.401,17.0,66,11.7,55,1017.2,0
2021-01-06,Phu_Tho,21.3227,105.401,17.7,60,9.8,96,1016.1,0
2021-01-07,Phu_Tho,21.3227,105.401,15.7,63,13.8,100,1017.3,0
2021-01-08,Phu_Tho,21.3227,105.401,11.5,58,14.5,93,1023.0,1
2021-01-09,Phu_Tho,21.3227,105.401,11.0,45,12.4,81,1022.1,0
2021-01-10,Phu_Tho,21.3227,105.401,11.2,53,9.0,86,1021.3,0
2021-01-11,Phu_Tho,21.3227,105.401,12.1,52,16.0,62,1026.2,0
2021-01-12,Phu_Tho,21.3227,105.401,12.6,51,14.8,54,1023.4,0
2021-01-13,Phu_Tho,21.3227,105.401,14.4,51,16.1,27,1015.5,0
2021-01-14,Phu_Tho,21.3227,105.401,15.4,68,11.8,25,1013.9,0
2021-01-15,Phu_Tho,21.3227,105.401,16.1,81,11.6,62,1012.0,0
2021-01-16,Phu_Tho,21.3227,105.401,18.1,80,10.7,84,1012.8,1
2021-01-17,Phu_Tho,21.3227,105.401,15.8,73,10.8,99,1022.2,1
2021-01-18,Phu_Tho,21.3227,105.401,14.3,59,10.3,11,1021.3,0
2021-01-19,Phu_Tho,21.3227,105.401,15.1,69,18.1,0,1015.1,0
2021-01-20,Phu_Tho,21.3227,105.401,15.6,82,13.8,62,1013.5,0
2021-01-21,Phu_Tho,21.3227,105.401,18.2,78,8.7,86,1012.5,1
2021-01-22,Phu_Tho,21.3227,105.401,18.7,77,8.5,45,1012.3,0
2021-01-23,Phu_Tho,21.3227,105.401,19.4,77,13.1,31,1011.1,0
2021-01-24,Phu_Tho,21.3227,105.401,20.0,78,18.2,42,1009.5,0
2021-01-25,Phu_Tho,21.3227,105.401,21.1,86,15.1,92,1011.3,1
2021-01-26,Phu_Tho,21.3227,105.401,21.0,81,15.6,64,1012.6,1
2021-01-27,Phu_Tho,21.3227,105.401,20.0,80,15.2,73,1012.4,0
2021-01-28,Phu_Tho,21.3227,105.401,18.5,73,12.8,99,1018.4,1
2021-01-29,Phu_Tho,21.3227,105.401,18.5,66,12.6,66,1017.6,0
2021-01-30,Phu_Tho,21.3227,105.401,17.9,82,14.0,83,1016.3,1
2021-01-31,Phu_Tho,21.3227,105.401,18.7,88,15.5,98,1015.7,1
2021-02-01,Phu_Tho,21.3227,105.401,20.6,80,14.5,76,1014.6,0
2021-02-02,Phu_Tho,21.3227,105.401,20.5,82,16.6,74,1015.2,1
2021-02-03,Phu_Tho,21.3227,105.401,20.6,79,15.3,64,1015.8,1
2021-02-04,Phu_Tho,21.3227,105.401,20.5,78,16.5,62,1016.2,0
2021-02-05,Phu_Tho,21.3227,105.401,20.3,80,11.6,62,1014.8,1
2021-02-06,Phu_Tho,21.3227,105.401,20.2,79,10.8,49,1013.5,1
2021-02-07,Phu_Tho,21.3227,105.401,21.1,77,12.8,64,1012.6,0
2021-02-08,Phu_Tho,21.3227,105.401,19.7,88,22.9,73,1014.3,1
2021-02-09,Phu_Tho,21.3227,105.401,16.0,92,20.7,83,1014.6,1
2021-02-10,Phu_Tho,21.3227,105.401,16.9,81,10.0,21,1013.0,0
2021-02-11,Phu_Tho,21.3227,105.401,18.0,76,11.5,15,1012.9,0
2021-02-12,Phu_Tho,21.3227,105.401,18.4,81,11.9,57,1013.8,0
2021-02-13,Phu_Tho,21.3227,105.401,19.2,75,13.0,58,1013.3,0
2021-02-14,Phu_Tho,21.3227,105.401,19.8,77,9.4,35,1013.1,0
2021-02-15,Phu_Tho,21.3227,105.401,20.8,79,16.1,58,1010.0,0
2021-02-16,Phu_Tho,21.3227,105.401,21.2,84,15.1,80,1011.4,1
2021-02-17,Phu_Tho,21.3227,105.401,19.2,79,8.7,99,1017.3,1
2021-02-18,Phu_Tho,21.3227,105.401,19.8,73,8.6,79,1019.9,0
2021-02-19,Phu_Tho,21.3227,105.401,20.0,76,9.7,59,1019.4,0
2021-02-20,Phu_Tho,21.3227,105.401,19.7,74,13.7,35,1016.0,0
2021-02-21,Phu_Tho,21.3227,105.401,20.5,71,18.9,11,1011.8,0
2021-02-22,Phu_Tho,21.3227,105.401,21.0,80,14.5,74,1011.3,1
2021-02-23,Phu_Tho,21.3227,105.401,21.9,78,12.7,63,1010.6,1
2021-02-24,Phu_Tho,21.3227,105.401,22.5,77,21.4,48,1006.8,0
2021-02-25,Phu_Tho,21.3227,105.401,23.7,78,17.9,60,1003.4,1
2021-02-26,Phu_Tho,21.3227,105.401,23.8,81,15.8,67,1003.9,1
2021-02-27,Phu_Tho,21.3227,105.401,18.9,82,15.3,100,1008.8,1
2021-02-28,Phu_Tho,21.3227,105.401,19.3,87,12.1,99,1008.9,1
2021-03-01,Phu_Tho,21.3227,105.401,22.5,83,15.8,94,1010.8,1
2021-03-02,Phu_Tho,21.3227,105.401,19.8,67,12.1,98,1016.0,1
2021-03-03,Phu_Tho,21.3227,105.401,18.8,72,9.2,100,1015.3,1
2021-03-04,Phu_Tho,21.3227,105.401,18.9,82,14.5,100,1012.8,1
2021-03-05,Phu_Tho,21.3227,105.401,21.2,84,12.3,91,1009.2,1
2021-03-06,Phu_Tho,21.3227,105.401,23.5,83,12.6,60,1010.1,1
2021-03-07,Phu_Tho,21.3227,105.401,21.4,81,11.9,94,1013.7,1
2021-03-08,Phu_Tho,21.3227,105.401,22.6,83,18.8,75,1012.6,1
2021-03-09,Phu_Tho,21.3227,105.401,23.2,85,20.4,79,1012.1,1
2021-03-10,Phu_Tho,21.3227,105.401,23.9,82,21.8,72,1011.6,1
2021-03-11,Phu_Tho,21.3227,105.401,23.5,84,21.3,84,1012.9,1
2021-03-12,Phu_Tho,21.3227,105.401,23.5,80,14.8,68,1013.7,1
2021-03-13,Phu_Tho,21.3227,105.401,23.2,83,15.2,73,1013.3,1
2021-03-14,Phu_Tho,21.3227,105.401,22.7,81,17.2,52,1010.3,0
2021-03-15,Phu_Tho,21.3227,105.401,23.9,79,20.8,60,1007.3,0
2021-03-16,Phu_Tho,21.3227,105.401,24.2,84,19.9,76,1007.0,1
2021-03-17,Phu_Tho,21.3227,105.401,24.6,84,18.4,87,1006.6,1
2021-03-18,Phu_Tho,21.3227,105.401,24.8,83,17.0,85,1006.3,1
2021-03-19,Phu_Tho,21.3227,105.401,25.3,84,20.0,87,1004.9,1
2021-03-20,Phu_Tho,21.3227,105.401,25.4,85,18.7,99,1004.8,1
2021-03-21,Phu_Tho,21.3227,105.401,20.6,78,20.5,100,1012.8,1
2021-03-22,Phu_Tho,21.3227,105.401,17.9,58,9.4,70,1020.9,0
2021-03-23,Phu_Tho,21.3227,105.401,18.3,67,12.0,22,1017.2,0
2021-03-24,Phu_Tho,21.3227,105.401,19.7,75,14.1,53,1012.4,0
2021-03-25,Phu_Tho,21.3227,105.401,21.3,85,12.4,95,1010.3,1
2021-03-26,Phu_Tho,21.3227,105.401,23.7,86,19.2,75,1007.5,1
2021-03-27,Phu_Tho,21.3227,105.401,25.1,85,16.8,82,1005.3,1
2021-03-28,Phu_Tho,21.3227,105.401,25.4,86,18.4,90,1004.1,1
2021-03-29,Phu_Tho,21.3227,105.401,26.5,84,17.9,59,1000.4,1
2021-03-30,Phu_Tho,21.3227,105.401,26.1,88,15.1,85,997.9,0
2021-03-31,Phu_Tho,21.3227,105.401,27.8,82,18.4,64,997.3,0
2021-04-01,Phu_Tho,21.3227,105.401,27.3,82,15.6,38,999.1,1
2021-04-02,Phu_Tho,21.3227,105.401,27.2,84,18.5,73,1002.2,1
2021-04-03,Phu_Tho,21.3227,105.401,25.9,89,16.3,99,1006.0,1
2021-04-04,Phu_Tho,21.3227,105.401,25.1,85,17.6,77,1008.8,1
2021-04-05,Phu_Tho,21.3227,105.401,23.2,83,14.8,88,1011.7,1
2021-04-06,Phu_Tho,21.3227,105.401,24.0,83,19.2,86,1011.6,1
2021-04-07,Phu_Tho,21.3227,105.401,25.1,83,14.3,70,1009.4,1
2021-04-08,Phu_Tho,21.3227,105.401,24.7,85,21.2,65,1007.9,1
2021-04-09,Phu_Tho,21.3227,105.401,21.2,82,10.9,100,1011.8,1
2021-04-10,Phu_Tho,21.3227,105.401,21.4,86,8.4,99,1012.9,1
2021-04-11,Phu_Tho,21.3227,105.401,24.4,85,18.4,94,1011.6,1
2021-04-12,Phu_Tho,21.3227,105.401,25.7,83,18.2,93,1009.6,0
2021-04-13,Phu_Tho,21.3227,105.401,25.9,85,17.8,91,1008.0,1
2021-04-14,Phu_Tho,21.3227,105.401,26.1,84,17.4,93,1006.3,1
2021-04-15,Phu_Tho,21.3227,105.401,26.3,87,20.4,97,1005.2,1
2021-04-16,Phu_Tho,21.3227,105.401,26.2,85,21.5,94,1006.8,1
2021-04-17,Phu_Tho,21.3227,105.401,23.0,91,16.2,100,1011.2,1
2021-04-18,Phu_Tho,21.3227,105.401,22.9,88,4.7,98,1009.7,1
2021-04-19,Phu_Tho,21.3227,105.401,25.4,86,16.8,70,1005.0,1
2021-04-20,Phu_Tho,21.3227,105.401,27.4,83,21.5,49,1003.5,1
2021-04-21,Phu_Tho,21.3227,105.401,27.9,83,18.5,58,1004.2,1
2021-04-22,Phu_Tho,21.3227,105.401,27.9,85,17.4,54,1003.9,1
2021-04-23,Phu_Tho,21.3227,105.401,28.4,82,19.2,41,1001.5,1
2021-04-24,Phu_Tho,21.3227,105.401,28.9,82,18.9,74,1001.6,1
2021-04-25,Phu_Tho,21.3227,105.401,26.8,89,20.3,99,1004.6,1
2021-04-26,Phu_Tho,21.3227,105.401,24.1,89,17.6,100,1007.3,1
2021-04-27,Phu_Tho,21.3227,105.401,23.3,85,6.8,100,1010.2,1
2021-04-28,Phu_Tho,21.3227,105.401,23.7,86,6.1,100,1011.7,1
2021-04-29,Phu_Tho,21.3227,105.401,22.7,80,13.0,86,1012.3,1
2021-04-30,Phu_Tho,21.3227,105.401,23.8,80,15.3,64,1008.6,0
2021-05-01,Phu_Tho,21.3227,105.401,25.3,83,13.2,80,1008.0,1
2021-05-02,Phu_Tho,21.3227,105.401,26.6,87,17.2,88,1006.1,1
2021-05-03,Phu_Tho,21.3227,105.401,28.2,84,22.8,37,1003.3,1
2021-05-04,Phu_Tho,21.3227,105.401,28.4,82,20.0,36,1003.5,1
2021-05-05,Phu_Tho,21.3227,105.401,25.5,90,18.8,95,1008.0,1
2021-05-06,Phu_Tho,21.3227,105.401,26.0,84,12.9,99,1009.2,1
2021-05-07,Phu_Tho,21.3227,105.401,27.4,84,17.4,61,1007.6,0
2021-05-08,Phu_Tho,21.3227,105.401,27.2,85,16.3,63,1005.0,0
2021-05-09,Phu_Tho,21.3227,105.401,28.3,83,15.4,64,1002.9,1
2021-05-10,Phu_Tho,21.3227,105.401,29.2,82,14.8,39,1001.2,0
2021-05-11,Phu_Tho,21.3227,105.401,30.0,79,18.2,57,1000.0,0
2021-05-12,Phu_Tho,21.3227,105.401,30.2,79,15.7,48,999.7,1
2021-05-13,Phu_Tho,21.3227,105.401,29.2,82,17.5,50,1000.6,1
2021-05-14,Phu_Tho,21.3227,105.401,29.6,82,17.9,33,1000.2,1
2021-05-15,Phu_Tho,21.3227,105.401,30.6,79,17.3,38,1000.6,1
2021-05-16,Phu_Tho,21.3227,105.401,30.6,80,20.0,37,1000.9,1
2021-05-17,Phu_Tho,21.3227,105.401,30.5,79,19.6,38,1002.2,0
2021-05-18,Phu_Tho,21.3227,105.401,30.5,78,20.0,67,1001.8,1
2021-05-19,Phu_Tho,21.3227,105.401,31.1,76,18.4,79,999.4,0
2021-05-20,Phu_Tho,21.3227,105.401,31.5,75,20.6,85,999.7,0
2021-05-21,Phu_Tho,21.3227,105.401,31.6,74,20.3,64,999.2,1
2021-05-22,Phu_Tho,21.3227,105.401,32.1,72,22.3,66,997.5,0
2021-05-23,Phu_Tho,21.3227,105.401,31.1,76,19.1,88,1000.0,1
2021-05-24,Phu_Tho,21.3227,105.401,26.7,88,14.8,100,1005.9,1
2021-05-25,Phu_Tho,21.3227,105.401,26.3,86,6.6,86,1005.6,1
2021-05-26,Phu_Tho,21.3227,105.401,28.4,83,20.1,73,1003.1,1
2021-05-27,Phu_Tho,21.3227,105.401,29.1,82,16.9,74,1004.0,1
2021-05-28,Phu_Tho,21.3227,105.401,29.3,83,15.6,89,1004.1,1
2021-05-29,Phu_Tho,21.3227,105.401,30.8,78,17.6,84,1001.3,1
2021-05-30,Phu_Tho,21.3227,105.401,31.4,77,13.8,98,999.1,1
2021-05-31,Phu_Tho,21.3227,105.401,31.7,75,14.5,91,997.4,0
2021-06-01,Phu_Tho,21.3227,105.401,33.5,69,12.0,95,997.2,0
2021-06-02,Phu_Tho,21.3227,105.401,32.9,69,14.7,100,998.1,1
2021-06-03,Phu_Tho,21.3227,105.401,33.5,68,15.4,89,998.1,1
2021-06-04,Phu_Tho,21.3227,105.401,27.7,75,13.8,92,1003.7,1
2021-06-05,Phu_Tho,21.3227,105.401,27.8,74,11.8,82,1002.7,1
2021-06-06,Phu_Tho,21.3227,105.401,28.4,80,14.6,77,1000.6,1
2021-06-07,Phu_Tho,21.3227,105.401,28.1,84,15.6,95,1001.4,1
2021-06-08,Phu_Tho,21.3227,105.401,27.0,89,10.7,95,1002.6,1
2021-06-09,Phu_Tho,21.3227,105.401,27.4,88,9.5,98,1001.3,1
2021-06-10,Phu_Tho,21.3227,105.401,27.6,88,7.9,100,999.9,1
2021-06-11,Phu_Tho,21.3227,105.401,27.0,91,9.2,98,1000.5,1
2021-06-12,Phu_Tho,21.3227,105.401,28.1,88,18.1,99,999.9,1
2021-06-13,Phu_Tho,21.3227,105.401,27.2,89,21.0,91,998.6,1
2021-06-14,Phu_Tho,21.3227,105.401,28.7,82,12.5,54,997.7,1
2021-06-15,Phu_Tho,21.3227,105.401,30.1,77,15.6,50,995.9,1
2021-06-16,Phu_Tho,21.3227,105.401,31.2,76,15.0,73,997.6,0
2021-06-17,Phu_Tho,21.3227,105.401,31.7,74,14.3,59,999.4,1
2021-06-18,Phu_Tho,21.3227,105.401,32.1,72,15.1,8,999.4,0
2021-06-19,Phu_Tho,21.3227,105.401,32.8,67,13.0,52,997.3,0
2021-06-20,Phu_Tho,21.3227,105.401,33.0,67,9.4,69,995.5,0
2021-06-21,Phu_Tho,21.3227,105.401,32.9,70,14.2,97,996.1,0
2021-06-22,Phu_Tho,21.3227,105.401,30.9,78,17.2,98,999.9,1
2021-06-23,Phu_Tho,21.3227,105.401,29.3,82,13.1,100,1000.4,1
2021-06-24,Phu_Tho,21.3227,105.401,29.3,83,12.7,99,999.2,1
2021-06-25,Phu_Tho,21.3227,105.401,29.1,84,16.4,90,998.8,1
2021-06-26,Phu_Tho,21.3227,105.401,29.4,83,13.6,92,999.7,1
2021-06-27,Phu_Tho,21.3227,105.401,32.0,71,13.8,73,998.4,0
2021-06-28,Phu_Tho,21.3227,105.401,32.4,66,13.5,98,996.1,1
2021-06-29,Phu_Tho,21.3227,105.401,31.1,77,12.8,100,996.4,1
2021-06-30,Phu_Tho,21.3227,105.401,31.1,77,15.0,99,996.8,1
2021-07-01,Phu_Tho,21.3227,105.401,31.6,74,12.2,100,997.1,0
2021-07-02,Phu_Tho,21.3227,105.401,32.3,66,14.6,100,998.4,0
2021-07-03,Phu_Tho,21.3227,105.401,31.3,77,7.9,100,998.9,0
2021-07-04,Phu_Tho,21.3227,105.401,32.0,74,14.8,97,999.2,1
2021-07-05,Phu_Tho,21.3227,105.401,29.6,84,17.1,90,1000.8,1
2021-07-06,Phu_Tho,21.3227,105.401,29.4,82,14.9,45,1000.9,1
2021-07-07,Phu_Tho,21.3227,105.401,29.2,85,11.8,72,1001.3,1
2021-07-08,Phu_Tho,21.3227,105.401,27.6,89,20.2,95,1002.7,1
2021-07-09,Phu_Tho,21.3227,105.401,27.8,87,15.0,61,1005.0,1
2021-07-10,Phu_Tho,21.3227,105.401,28.3,85,13.0,42,1005.2,1
2021-07-11,Phu_Tho,21.3227,105.401,29.3,80,15.8,76,1005.7,1
2021-07-12,Phu_Tho,21.3227,105.401,30.0,78,20.4,17,1004.3,0
2021-07-13,Phu_Tho,21.3227,105.401,30.2,79,17.3,26,1002.1,1
2021-07-14,Phu_Tho,21.3227,105.401,30.4,79,16.4,28,1001.8,1
2021-07-15,Phu_Tho,21.3227,105.401,30.2,76,17.9,18,1003.4,1
2021-07-16,Phu_Tho,21.3227,105.401,30.4,76,12.8,44,1004.0,1
2021-07-17,Phu_Tho,21.3227,105.401,30.8,75,17.0,57,1000.4,0
2021-07-18,Phu_Tho,21.3227,105.401,29.2,82,15.4,98,998.3,1
2021-07-19,Phu_Tho,21.3227,105.401,28.2,87,12.0,96,998.8,1
2021-07-20,Phu_Tho,21.3227,105.401,27.6,89,10.0,100,999.4,1
2021-07-21,Phu_Tho,21.3227,105.401,28.0,86,12.4,99,998.3,1
2021-07-22,Phu_Tho,21.3227,105.401,28.3,89,5.8,99,996.7,1
2021-07-23,Phu_Tho,21.3227,105.401,27.5,92,12.8,98,995.5,1
2021-07-24,Phu_Tho,21.3227,105.401,29.0,85,13.3,62,995.6,1
2021-07-25,Phu_Tho,21.3227,105.401,29.6,85,11.1,79,996.6,1
2021-07-26,Phu_Tho,21.3227,105.401,29.2,85,11.2,63,996.2,1
2021-07-27,Phu_Tho,21.3227,105.401,30.5,82,8.0,72,994.4,1
2021-07-28,Phu_Tho,21.3227,105.401,30.3,82,12.9,93,994.5,1
2021-07-29,Phu_Tho,21.3227,105.401,29.6,86,11.5,98,995.9,1
2021-07-30,Phu_Tho,21.3227,105.401,30.5,84,10.2,94,996.4,1
2021-07-31,Phu_Tho,21.3227,105.401,31.1,81,13.3,100,995.4,1
2021-08-01,Phu_Tho,21.3227,105.401,27.0,93,10.0,98,996.0,1
2021-08-02,Phu_Tho,21.3227,105.401,28.7,85,10.9,78,995.5,1
2021-08-03,Phu_Tho,21.3227,105.401,30.6,79,11.0,81,996.4,0
2021-08-04,Phu_Tho,21.3227,105.401,31.4,79,11.5,57,996.4,0
2021-08-05,Phu_Tho,21.3227,105.401,32.2,76,10.3,62,995.0,0
2021-08-06,Phu_Tho,21.3227,105.401,32.7,71,9.7,91,995.6,0
2021-08-07,Phu_Tho,21.3227,105.401,32.8,70,9.4,99,996.7,0
2021-08-08,Phu_Tho,21.3227,105.401,31.1,81,9.8,98,998.0,0
2021-08-09,Phu_Tho,21.3227,105.401,30.5,83,14.5,98,998.4,1
2021-08-10,Phu_Tho,21.3227,105.401,27.8,91,11.6,100,998.8,1
2021-08-11,Phu_Tho,21.3227,105.401,28.1,91,17.7,99,1000.9,1
2021-08-12,Phu_Tho,21.3227,105.401,28.8,86,14.0,98,1002.1,1
2021-08-13,Phu_Tho,21.3227,105.401,30.2,83,13.6,86,998.4,1
2021-08-14,Phu_Tho,21.3227,105.401,29.1,88,8.3,100,998.0,1
2021-08-15,Phu_Tho,21.3227,105.401,27.5,92,12.8,100,1002.0,1
2021-08-16,Phu_Tho,21.3227,105.401,28.4,88,11.4,88,1005.4,1
2021-08-17,Phu_Tho,21.3227,105.401,29.5,83,10.4,61,1004.7,1
2021-08-18,Phu_Tho,21.3227,105.401,29.7,82,16.1,80,1002.6,1
2021-08-19,Phu_Tho,21.3227,105.401,28.9,83,16.1,77,1002.9,1
2021-08-20,Phu_Tho,21.3227,105.401,28.7,86,12.1,58,1004.1,1
2021-08-21,Phu_Tho,21.3227,105.401,30.3,84,17.4,77,1002.8,1
2021-08-22,Phu_Tho,21.3227,105.401,31.1,79,17.7,49,1000.2,1
2021-08-23,Phu_Tho,21.3227,105.401,30.5,82,17.4,91,999.3,1
2021-08-24,Phu_Tho,21.3227,105.401,28.5,88,16.6,100,1000.7,1
2021-08-25,Phu_Tho,21.3227,105.401,28.6,88,13.6,80,1002.1,1
2021-08-26,Phu_Tho,21.3227,105.401,27.9,88,14.5,84,1004.7,1
2021-08-27,Phu_Tho,21.3227,105.401,27.2,88,13.1,87,1006.5,1
2021-08-28,Phu_Tho,21.3227,105.401,27.0,88,14.6,64,1006.2,1
2021-08-29,Phu_Tho,21.3227,105.401,27.6,85,12.4,29,1006.1,1
2021-08-30,Phu_Tho,21.3227,105.401,28.3,82,14.0,76,1006.4,1
2021-08-31,Phu_Tho,21.3227,105.401,28.7,83,12.0,46,1006.2,1
2021-09-01,Phu_Tho,21.3227,105.401,28.6,84,10.5,54,1005.3,1
2021-09-02,Phu_Tho,21.3227,105.401,27.6,88,10.8,90,1004.3,1
2021-09-03,Phu_Tho,21.3227,105.401,28.0,83,11.9,57,1002.2,1
2021-09-04,Phu_Tho,21.3227,105.401,28.3,85,13.0,56,1002.2,1
2021-09-05,Phu_Tho,21.3227,105.401,27.1,89,16.1,62,1005.0,1
2021-09-06,Phu_Tho,21.3227,105.401,28.0,87,8.1,49,1007.1,1
2021-09-07,Phu_Tho,21.3227,105.401,27.9,88,13.4,78,1006.8,1
2021-09-08,Phu_Tho,21.3227,105.401,27.0,89,17.5,92,1005.6,1
2021-09-09,Phu_Tho,21.3227,105.401,26.9,89,7.1,80,1006.6,1
2021-09-10,Phu_Tho,21.3227,105.401,28.5,84,13.3,61,1005.4,0
2021-09-11,Phu_Tho,21.3227,105.401,29.6,79,12.8,40,1002.2,0
2021-09-12,Phu_Tho,21.3227,105.401,30.4,79,10.3,67,999.4,0
2021-09-13,Phu_Tho,21.3227,105.401,29.0,87,12.0,83,1002.5,1
2021-09-14,Phu_Tho,21.3227,105.401,27.1,91,8.7,99,1006.8,1
2021-09-15,Phu_Tho,21.3227,105.401,26.9,89,11.8,97,1008.1,1
2021-09-16,Phu_Tho,21.3227,105.401,27.4,86,15.7,86,1006.6,1
2021-09-17,Phu_Tho,21.3227,105.401,28.3,85,12.5,85,1004.9,1
2021-09-18,Phu_Tho,21.3227,105.401,28.6,85,13.0,53,1005.5,1
2021-09-19,Phu_Tho,21.3227,105.401,29.0,82,14.2,93,1005.7,1
2021-09-20,Phu_Tho,21.3227,105.401,27.5,88,11.2,62,1006.6,1
2021-09-21,Phu_Tho,21.3227,105.401,28.0,86,7.6,26,1005.9,1
2021-09-22,Phu_Tho,21.3227,105.401,27.2,89,12.3,61,1005.9,1
2021-09-23,Phu_Tho,21.3227,105.401,26.9,89,7.9,79,1007.8,1
2021-09-24,Phu_Tho,21.3227,105.401,26.4,91,11.4,83,1008.2,1
2021-09-25,Phu_Tho,21.3227,105.401,25.6,92,11.0,90,1008.1,1
2021-09-26,Phu_Tho,21.3227,105.401,26.2,89,10.8,76,1008.4,1
2021-09-27,Phu_Tho,21.3227,105.401,26.6,88,9.4,44,1008.0,1
2021-09-28,Phu_Tho,21.3227,105.401,27.9,83,9.4,12,1006.3,0
2021-09-29,Phu_Tho,21.3227,105.401,28.5,82,8.6,33,1005.0,0
2021-09-30,Phu_Tho,21.3227,105.401,28.9,82,10.7,37,1004.9,1
2021-10-01,Phu_Tho,21.3227,105.401,28.1,88,10.5,64,1005.2,1
2021-10-02,Phu_Tho,21.3227,105.401,27.1,90,11.5,75,1006.2,1
2021-10-03,Phu_Tho,21.3227,105.401,27.7,82,12.3,46,1006.6,0
2021-10-04,Phu_Tho,21.3227,105.401,27.4,84,10.5,12,1007.7,1
2021-10-05,Phu_Tho,21.3227,105.401,27.5,87,8.2,52,1007.8,1
2021-10-06,Phu_Tho,21.3227,105.401,27.9,86,8.8,47,1004.8,1
2021-10-07,Phu_Tho,21.3227,105.401,28.3,84,18.4,67,1002.4,1
2021-10-08,Phu_Tho,21.3227,105.401,29.0,75,12.7,50,1001.4,0
2021-10-09,Phu_Tho,21.3227,105.401,26.4,80,17.2,100,1001.5,1
2021-10-10,Phu_Tho,21.3227,105.401,24.3,91,22.1,100,1000.6,1
2021-10-11,Phu_Tho,21.3227,105.401,23.3,90,16.0,100,1005.5,1
2021-10-12,Phu_Tho,21.3227,105.401,24.7,74,15.9,64,1006.4,0
2021-10-13,Phu_Tho,21.3227,105.401,24.2,71,22.8,100,1003.2,1
2021-10-14,Phu_Tho,21.3227,105.401,21.9,91,22.2,100,1003.8,1
2021-10-15,Phu_Tho,21.3227,105.401,22.4,91,13.0,100,1008.2,1
2021-10-16,Phu_Tho,21.3227,105.401,21.7,86,13.2,100,1013.9,1
2021-10-17,Phu_Tho,21.3227,105.401,21.6,75,17.8,94,1016.8,1
2021-10-18,Phu_Tho,21.3227,105.401,20.0,86,11.2,100,1015.5,1
2021-10-19,Phu_Tho,21.3227,105.401,22.9,86,12.8,92,1013.7,1
2021-10-20,Phu_Tho,21.3227,105.401,25.9,83,16.4,57,1010.0,0
2021-10-21,Phu_Tho,21.3227,105.401,23.2,80,23.0,99,1012.2,1
2021-10-22,Phu_Tho,21.3227,105.401,21.0,67,9.2,100,1017.6,0
2021-10-23,Phu_Tho,21.3227,105.401,20.2,69,9.6,73,1018.2,0
2021-10-24,Phu_Tho,21.3227,105.401,20.8,77,13.9,44,1017.3,0
2021-10-25,Phu_Tho,21.3227,105.401,21.7,77,9.4,14,1014.1,0
2021-10-26,Phu_Tho,21.3227,105.401,22.5,81,7.8,31,1012.6,0
2021-10-27,Phu_Tho,21.3227,105.401,23.6,80,8.2,35,1013.4,0
2021-10-28,Phu_Tho,21.3227,105.401,23.1,84,6.8,100,1014.1,1
2021-10-29,Phu_Tho,21.3227,105.401,22.6,91,8.2,97,1014.5,1
2021-10-30,Phu_Tho,21.3227,105.401,22.2,86,7.5,99,1015.4,1
2021-10-31,Phu_Tho,21.3227,105.401,21.6,90,4.7,100,1014.3,1
2021-11-01,Phu_Tho,21.3227,105.401,22.6,91,5.9,100,1014.1,1
2021-11-02,Phu_Tho,21.3227,105.401,23.1,89,4.4,100,1014.0,1
2021-11-03,Phu_Tho,21.3227,105.401,23.4,87,10.5,84,1012.1,1
2021-11-04,Phu_Tho,21.3227,105.401,25.4,83,14.3,44,1009.2,1
2021-11-05,Phu_Tho,21.3227,105.401,25.9,84,17.3,41,1006.3,1
2021-11-06,Phu_Tho,21.3227,105.401,26.0,86,16.1,60,1004.3,1
2021-11-07,Phu_Tho,21.3227,105.401,25.6,88,14.3,59,1008.0,1
2021-11-08,Phu_Tho,21.3227,105.401,19.9,62,14.5,98,1017.7,1
2021-11-09,Phu_Tho,21.3227,105.401,19.2,71,6.7,20,1017.6,0
2021-11-10,Phu_Tho,21.3227,105.401,19.3,70,5.9,22,1017.2,0
2021-11-11,Phu_Tho,21.3227,105.401,19.6,77,7.4,67,1014.3,0
2021-11-12,Phu_Tho,21.3227,105.401,20.8,73,12.9,87,1016.3,0
2021-11-13,Phu_Tho,21.3227,105.401,20.8,67,6.3,92,1016.3,0
2021-11-14,Phu_Tho,21.3227,105.401,20.6,76,7.7,71,1014.8,0
2021-11-15,Phu_Tho,21.3227,105.401,21.1,78,10.2,76,1012.6,0
2021-11-16,Phu_Tho,21.3227,105.401,21.1,87,5.4,99,1012.4,1
2021-11-17,Phu_Tho,21.3227,105.401,21.4,89,7.9,100,1014.3,1
2021-11-18,Phu_Tho,21.3227,105.401,20.1,79,9.3,84,1012.6,0
2021-11-19,Phu_Tho,21.3227,105.401,20.9,81,13.8,88,1007.4,0
2021-11-20,Phu_Tho,21.3227,105.401,23.8,83,15.2,70,1005.9,1
2021-11-21,Phu_Tho,21.3227,105.401,25.1,86,16.0,61,1008.5,1
2021-11-22,Phu_Tho,21.3227,105.401,20.3,71,14.2,91,1015.7,1
2021-11-23,Phu_Tho,21.3227,105.401,17.8,59,7.4,99,1019.2,0
2021-11-24,Phu_Tho,21.3227,105.401,17.7,65,10.9,86,1018.8,1
2021-11-25,Phu_Tho,21.3227,105.401,17.8,81,10.5,37,1016.5,0
2021-11-26,Phu_Tho,21.3227,105.401,19.2,82,11.8,48,1016.2,0
2021-11-27,Phu_Tho,21.3227,105.401,20.7,72,8.3,54,1017.1,0
2021-11-28,Phu_Tho,21.3227,105.401,19.8,75,7.8,21,1016.6,0
2021-11-29,Phu_Tho,21.3227,105.401,20.2,79,7.1,88,1015.3,0
2021-11-30,Phu_Tho,21.3227,105.401,21.3,68,13.4,80,1018.0,0
2021-12-01,Phu_Tho,21.3227,105.401,18.4,69,8.7,46,1019.2,0
2021-12-02,Phu_Tho,21.3227,105.401,17.0,69,8.2,57,1019.7,0
2021-12-03,Phu_Tho,21.3227,105.401,17.1,74,8.2,51,1019.4,0
2021-12-04,Phu_Tho,21.3227,105.401,17.8,73,9.6,16,1018.8,0
2021-12-05,Phu_Tho,21.3227,105.401,17.9,72,8.7,2,1018.5,0
2021-12-06,Phu_Tho,21.3227,105.401,18.6,75,9.4,3,1017.8,0
2021-12-07,Phu_Tho,21.3227,105.401,17.2,71,10.0,0,1017.5,0
2021-12-08,Phu_Tho,21.3227,105.401,18.2,70,8.6,35,1018.3,1
2021-12-09,Phu_Tho,21.3227,105.401,18.8,84,8.7,98,1019.3,1
2021-12-10,Phu_Tho,21.3227,105.401,19.8,81,13.3,52,1016.3,0
2021-12-11,Phu_Tho,21.3227,105.401,20.1,84,11.0,63,1016.5,1
2021-12-12,Phu_Tho,21.3227,105.401,20.0,80,10.6,72,1019.0,1
2021-12-13,Phu_Tho,21.3227,105.401,18.6,64,10.5,54,1019.3,0
2021-12-14,Phu_Tho,21.3227,105.401,17.7,79,8.7,30,1014.9,0
2021-12-15,Phu_Tho,21.3227,105.401,18.2,85,8.7,50,1011.6,1
2021-12-16,Phu_Tho,21.3227,105.401,19.7,85,9.0,81,1012.3,1
2021-12-17,Phu_Tho,21.3227,105.401,21.2,69,12.9,84,1016.7,1
2021-12-18,Phu_Tho,21.3227,105.401,19.0,59,10.2,57,1019.5,0
2021-12-19,Phu_Tho,21.3227,105.401,17.8,63,7.1,53,1019.1,0
2021-12-20,Phu_Tho,21.3227,105.401,18.7,61,13.4,55,1014.6,0
2021-12-21,Phu_Tho,21.3227,105.401,17.8,72,15.6,5,1014.4,0
2021-12-22,Phu_Tho,21.3227,105.401,18.7,73,10.1,1,1013.6,0
2021-12-23,Phu_Tho,21.3227,105.401,19.2,75,12.9,9,1012.1,0
2021-12-24,Phu_Tho,21.3227,105.401,18.9,86,11.0,56,1013.0,1
2021-12-25,Phu_Tho,21.3227,105.401,20.0,83,17.2,78,1015.8,1
2021-12-26,Phu_Tho,21.3227,105.401,18.4,68,15.6,100,1019.5,1
2021-12-27,Phu_Tho,21.3227,105.401,13.6,71,8.8,100,1024.0,1
2021-12-28,Phu_Tho,21.3227,105.401,14.0,69,6.6,74,1021.7,0
2021-12-29,Phu_Tho,21.3227,105.401,15.2,76,8.1,100,1021.3,0
2021-12-30,Phu_Tho,21.3227,105.401,16.1,76,9.5,99,1022.7,1
2021-12-31,Phu_Tho,21.3227,105.401,16.3,73,6.3,81,1021.8,0
2022-01-01,Phu_Tho,21.3227,105.401,16.9,79,5.9,100,1021.2,0
2022-01-02,Phu_Tho,21.3227,105.401,17.6,78,7.6,68,1019.4,0
2022-01-03,Phu_Tho,21.3227,105.401,17.5,81,11.7,54,1016.7,0
2022-01-04,Phu_Tho,21.3227,105.401,18.9,81,13.5,59,1014.4,1
2022-01-05,Phu_Tho,21.3227,105.401,19.4,85,11.2,68,1013.0,1
2022-01-06,Phu_Tho,21.3227,105.401,20.5,85,13.9,47,1013.8,1
2022-01-07,Phu_Tho,21.3227,105.401,20.6,82,18.7,87,1015.7,1
2022-01-08,Phu_Tho,21.3227,105.401,19.5,80,17.6,100,1014.9,1
2022-01-09,Phu_Tho,21.3227,105.401,16.2,84,7.7,100,1015.0,1
2022-01-10,Phu_Tho,21.3227,105.401,17.0,81,7.0,100,1014.0,1
2022-01-11,Phu_Tho,21.3227,105.401,16.9,76,8.7,81,1018.2,1
2022-01-12,Phu_Tho,21.3227,105.401,16.7,76,12.6,89,1016.1,0
2022-01-13,Phu_Tho,21.3227,105.401,16.5,81,9.6,100,1018.0,1
2022-01-14,Phu_Tho,21.3227,105.401,17.8,76,11.8,84,1015.2,0
2022-01-15,Phu_Tho,21.3227,105.401,19.0,82,10.5,100,1013.9,0
2022-01-16,Phu_Tho,21.3227,105.401,20.3,84,16.4,94,1014.3,1
2022-01-17,Phu_Tho,21.3227,105.401,15.8,86,9.8,100,1018.6,1
2022-01-18,Phu_Tho,21.3227,105.401,17.3,75,6.9,50,1018.7,0
2022-01-19,Phu_Tho,21.3227,105.401,16.8,73,10.0,69,1016.1,0
2022-01-20,Phu_Tho,21.3227,105.401,16.4,84,11.6,89,1013.4,1
2022-01-21,Phu_Tho,21.3227,105.401,17.0,92,11.0,100,1012.0,1
2022-01-22,Phu_Tho,21.3227,105.401,18.6,88,8.8,76,1008.1,1
2022-01-23,Phu_Tho,21.3227,105.401,20.8,84,9.7,62,1007.4,0
2022-01-24,Phu_Tho,21.3227,105.401,22.3,84,18.6,60,1008.4,1
2022-01-25,Phu_Tho,21.3227,105.401,21.1,83,17.5,87,1010.4,1
2022-01-26,Phu_Tho,21.3227,105.401,21.7,81,18.1,77,1010.4,1
2022-01-27,Phu_Tho,21.3227,105.401,22.5,84,22.1,68,1010.3,1
2022-01-28,Phu_Tho,21.3227,105.401,22.8,81,21.7,76,1009.5,1
2022-01-29,Phu_Tho,21.3227,105.401,17.6,81,17.9,100,1010.4,1
2022-01-30,Phu_Tho,21.3227,105.401,14.1,72,8.4,100,1014.2,1
2022-01-31,Phu_Tho,21.3227,105.401,13.5,78,7.9,100,1015.7,1
2022-02-01,Phu_Tho,21.3227,105.401,13.8,71,8.3,100,1016.0,1
2022-02-02,Phu_Tho,21.3227,105.401,13.0,78,9.8,99,1017.0,1
2022-02-03,Phu_Tho,21.3227,105.401,13.2,76,6.4,77,1017.6,1
2022-02-04,Phu_Tho,21.3227,105.401,14.1,74,6.3,87,1019.4,0
2022-02-05,Phu_Tho,21.3227,105.401,15.0,67,9.4,100,1019.4,1
2022-02-06,Phu_Tho,21.3227,105.401,14.4,84,10.5,98,1015.8,1
2022-02-07,Phu_Tho,21.3227,105.401,17.3,82,10.8,72,1011.8,0
2022-02-08,Phu_Tho,21.3227,105.401,17.7,84,16.9,100,1012.5,1
2022-02-09,Phu_Tho,21.3227,105.401,14.7,84,11.5,100,1015.2,1
2022-02-10,Phu_Tho,21.3227,105.401,15.2,80,10.9,100,1012.9,1
2022-02-11,Phu_Tho,21.3227,105.401,17.5,85,10.6,100,1011.8,1
2022-02-12,Phu_Tho,21.3227,105.401,17.1,90,9.7,100,1011.0,1
2022-02-13,Phu_Tho,21.3227,105.401,16.0,85,8.7,100,1011.9,1
2022-02-14,Phu_Tho,21.3227,105.401,16.2,75,8.4,70,1014.5,0
2022-02-15,Phu_Tho,21.3227,105.401,15.7,82,9.7,81,1013.4,0
2022-02-16,Phu_Tho,21.3227,105.401,17.7,83,10.5,100,1009.4,1
2022-02-17,Phu_Tho,21.3227,105.401,20.3,85,14.8,89,1006.3,0
2022-02-18,Phu_Tho,21.3227,105.401,22.3,90,17.3,99,1006.4,1
2022-02-19,Phu_Tho,21.3227,105.401,15.0,86,13.6,100,1014.1,1
2022-02-20,Phu_Tho,21.3227,105.401,10.4,81,8.0,100,1020.0,1
2022-02-21,Phu_Tho,21.3227,105.401,11.3,69,7.2,100,1020.8,1
2022-02-22,Phu_Tho,21.3227,105.401,12.6,64,9.1,100,1021.9,0
2022-02-23,Phu_Tho,21.3227,105.401,13.0,64,13.1,39,1023.7,0
2022-02-24,Phu_Tho,21.3227,105.401,12.8,69,10.6,37,1023.7,0
2022-02-25,Phu_Tho,21.3227,105.401,13.9,75,8.4,26,1020.8,0
2022-02-26,Phu_Tho,21.3227,105.401,15.5,79,8.5,50,1019.0,0
2022-02-27,Phu_Tho,21.3227,105.401,17.9,77,12.6,78,1015.4,0
2022-02-28,Phu_Tho,21.3227,105.401,17.9,84,14.5,60,1012.6,0
2022-03-01,Phu_Tho,21.3227,105.401,19.9,87,11.3,96,1013.2,1
2022-03-02,Phu_Tho,21.3227,105.401,22.0,80,13.1,65,1013.2,1
2022-03-03,Phu_Tho,21.3227,105.401,21.5,82,18.9,58,1010.6,0
2022-03-04,Phu_Tho,21.3227,105.401,21.9,85,17.3,92,1009.1,1
2022-03-05,Phu_Tho,21.3227,105.401,22.5,86,15.9,97,1008.0,1
2022-03-06,Phu_Tho,21.3227,105.401,23.4,87,16.0,99,1008.0,1
2022-03-07,Phu_Tho,21.3227,105.401,22.5,79,12.6,71,1014.6,1
2022-03-08,Phu_Tho,21.3227,105.401,20.4,76,19.2,45,1012.3,0
2022-03-09,Phu_Tho,21.3227,105.401,19.4,80,16.2,72,1010.3,0
2022-03-10,Phu_Tho,21.3227,105.401,21.0,80,17.2,100,1010.3,1
2022-03-11,Phu_Tho,21.3227,105.401,22.1,79,13.4,100,1008.8,1
2022-03-12,Phu_Tho,21.3227,105.401,22.2,83,17.1,99,1007.3,0
2022-03-13,Phu_Tho,21.3227,105.401,23.0,84,16.9,100,1007.3,1
2022-03-14,Phu_Tho,21.3227,105.401,22.7,86,16.3,98,1007.4,1
2022-03-15,Phu_Tho,21.3227,105.401,24.3,82,11.6,100,1006.6,1
2022-03-16,Phu_Tho,21.3227,105.401,23.6,87,19.8,92,1004.1,1
2022-03-17,Phu_Tho,21.3227,105.401,24.3,85,16.3,88,1004.0,1
2022-03-18,Phu_Tho,21.3227,105.401,25.4,83,14.5,69,1004.9,0
2022-03-19,Phu_Tho,21.3227,105.401,24.7,85,21.2,75,1003.0,0
2022-03-20,Phu_Tho,21.3227,105.401,26.0,82,23.0,45,1002.5,0
2022-03-21,Phu_Tho,21.3227,105.401,26.2,84,18.2,73,1003.9,1
2022-03-22,Phu_Tho,21.3227,105.401,27.1,83,17.4,86,1005.3,1
2022-03-23,Phu_Tho,21.3227,105.401,20.6,82,17.1,100,1010.6,1
2022-03-24,Phu_Tho,21.3227,105.401,20.1,81,17.1,100,1007.2,0
2022-03-25,Phu_Tho,21.3227,105.401,23.8,84,14.8,56,1003.5,0
2022-03-26,Phu_Tho,21.3227,105.401,27.1,84,19.0,30,1003.6,0
2022-03-27,Phu_Tho,21.3227,105.401,23.4,74,16.0,92,1010.4,1
2022-03-28,Phu_Tho,21.3227,105.401,20.7,71,10.5,68,1013.1,1
2022-03-29,Phu_Tho,21.3227,105.401,20.7,79,14.5,68,1011.0,0
2022-03-30,Phu_Tho,21.3227,105.401,23.1,86,15.5,93,1010.0,1
2022-03-31,Phu_Tho,21.3227,105.401,23.8,87,14.0,93,1011.6,1
2022-04-01,Phu_Tho,21.3227,105.401,19.9,78,14.0,100,1018.5,1
2022-04-02,Phu_Tho,21.3227,105.401,18.5,66,15.1,80,1022.0,0
2022-04-03,Phu_Tho,21.3227,105.401,18.6,68,11.2,9,1019.0,0
2022-04-04,Phu_Tho,21.3227,105.401,19.5,67,13.0,2,1017.7,0
2022-04-05,Phu_Tho,21.3227,105.401,20.4,73,10.5,40,1016.5,0
2022-04-06,Phu_Tho,21.3227,105.401,22.3,72,8.9,25,1014.8,0
2022-04-07,Phu_Tho,21.3227,105.401,24.2,70,11.8,52,1013.4,0
2022-04-08,Phu_Tho,21.3227,105.401,23.1,71,11.4,1,1011.5,0
2022-04-09,Phu_Tho,21.3227,105.401,23.2,72,17.8,1,1008.4,0
2022-04-10,Phu_Tho,21.3227,105.401,23.6,74,16.6,44,1007.2,1
2022-04-11,Phu_Tho,21.3227,105.401,23.8,82,15.5,53,1006.1,1
2022-04-12,Phu_Tho,21.3227,105.401,25.2,81,16.5,52,1002.8,1
2022-04-13,Phu_Tho,21.3227,105.401,25.8,80,9.3,51,1003.4,0
2022-04-14,Phu_Tho,21.3227,105.401,26.6,78,19.4,36,1003.1,0
2022-04-15,Phu_Tho,21.3227,105.401,26.4,85,22.5,92,1003.7,1
2022-04-16,Phu_Tho,21.3227,105.401,24.1,87,18.5,100,1005.8,1
2022-04-17,Phu_Tho,21.3227,105.401,20.3,84,7.6,100,1010.7,1
2022-04-18,Phu_Tho,21.3227,105.401,20.0,81,8.2,100,1014.4,1
2022-04-19,Phu_Tho,21.3227,105.401,21.4,77,8.8,60,1014.2,0
2022-04-20,Phu_Tho,21.3227,105.401,21.4,78,10.9,65,1011.3,0
2022-04-21,Phu_Tho,21.3227,105.401,22.4,83,13.5,74,1008.0,1
2022-04-22,Phu_Tho,21.3227,105.401,25.3,82,19.2,35,1004.8,1
2022-04-23,Phu_Tho,21.3227,105.401,26.9,83,16.2,51,1003.6,1
2022-04-24,Phu_Tho,21.3227,105.401,27.9,82,20.8,45,1000.4,1
2022-04-25,Phu_Tho,21.3227,105.401,28.8,80,18.8,19,999.6,0
2022-04-26,Phu_Tho,21.3227,105.401,29.3,80,18.3,10,999.3,0
2022-04-27,Phu_Tho,21.3227,105.401,29.0,79,19.5,62,1001.1,1
2022-04-28,Phu_Tho,21.3227,105.401,28.9,82,22.2,76,1002.9,1
2022-04-29,Phu_Tho,21.3227,105.401,28.1,82,16.9,80,1004.9,1
2022-04-30,Phu_Tho,21.3227,105.401,28.3,80,18.6,93,1005.2,1
2022-05-01,Phu_Tho,21.3227,105.401,23.1,67,16.6,97,1010.4,1
2022-05-02,Phu_Tho,21.3227,105.401,23.3,58,13.7,68,1012.9,0
2022-05-03,Phu_Tho,21.3227,105.401,23.6,66,12.5,23,1012.9,0
2022-05-04,Phu_Tho,21.3227,105.401,23.9,66,13.9,30,1010.8,0
2022-05-05,Phu_Tho,21.3227,105.401,24.6,70,13.4,56,1008.0,0
2022-05-06,Phu_Tho,21.3227,105.401,24.9,77,9.2,68,1007.4,1
2022-05-07,Phu_Tho,21.3227,105.401,26.1,81,20.5,72,1007.1,1
2022-05-08,Phu_Tho,21.3227,105.401,26.8,82,18.8,69,1006.3,1
2022-05-09,Phu_Tho,21.3227,105.401,27.0,84,18.7,94,1005.3,1
2022-05-10,Phu_Tho,21.3227,105.401,27.8,84,17.1,81,1002.5,1
2022-05-11,Phu_Tho,21.3227,105.401,28.2,83,20.7,98,1000.5,1
2022-05-12,Phu_Tho,21.3227,105.401,27.3,88,14.2,97,1000.3,1
2022-05-13,Phu_Tho,21.3227,105.401,27.0,84,14.2,93,1000.3,1
2022-05-14,Phu_Tho,21.3227,105.401,26.4,81,11.6,96,1003.3,1
2022-05-15,Phu_Tho,21.3227,105.401,25.8,79,13.6,100,1006.0,1
2022-05-16,Phu_Tho,21.3227,105.401,23.2,68,10.7,100,1010.7,1
2022-05-17,Phu_Tho,21.3227,105.401,23.8,73,8.1,88,1009.9,0
2022-05-18,Phu_Tho,21.3227,105.401,24.6,74,14.5,100,1008.7,0
2022-05-19,Phu_Tho,21.3227,105.401,25.9,79,15.8,81,1007.0,1
2022-05-20,Phu_Tho,21.3227,105.401,26.5,84,14.2,97,1004.9,1
2022-05-21,Phu_Tho,21.3227,105.401,24.9,93,13.0,100,1002.7,1
2022-05-22,Phu_Tho,21.3227,105.401,24.2,92,15.5,100,998.9,1
2022-05-23,Phu_Tho,21.3227,105.401,24.7,93,22.6,100,999.0,1
2022-05-24,Phu_Tho,21.3227,105.401,24.7,91,9.5,100,1003.0,1
2022-05-25,Phu_Tho,21.3227,105.401,27.3,84,16.1,100,1001.9,1
2022-05-26,Phu_Tho,21.3227,105.401,28.3,87,14.3,100,998.3,1
2022-05-27,Phu_Tho,21.3227,105.401,27.3,87,15.6,100,997.2,1
2022-05-28,Phu_Tho,21.3227,105.401,27.0,90,14.0,100,997.3,1
2022-05-29,Phu_Tho,21.3227,105.401,27.1,91,15.9,100,998.3,1
2022-05-30,Phu_Tho,21.3227,105.401,26.7,92,17.2,100,1000.0,1
2022-05-31,Phu_Tho,21.3227,105.401,27.0,86,11.3,99,1001.0,1
2022-06-01,Phu_Tho,21.3227,105.401,27.8,88,14.5,99,1000.1,1
2022-06-02,Phu_Tho,21.3227,105.401,29.5,82,20.4,100,997.8,1
2022-06-03,Phu_Tho,21.3227,105.401,30.5,79,13.3,100,996.5,0
2022-06-04,Phu_Tho,21.3227,105.401,31.5,74,14.9,100,996.5,0
2022-06-05,Phu_Tho,21.3227,105.401,31.0,77,11.5,100,996.9,1
2022-06-06,Phu_Tho,21.3227,105.401,27.3,89,12.0,99,999.7,1
2022-06-07,Phu_Tho,21.3227,105.401,26.8,87,9.5,100,1000.3,1
2022-06-08,Phu_Tho,21.3227,105.401,27.4,89,9.0,100,999.9,1
2022-06-09,Phu_Tho,21.3227,105.401,28.1,87,13.2,100,999.2,1
2022-06-10,Phu_Tho,21.3227,105.401,29.3,84,11.3,100,998.0,1
2022-06-11,Phu_Tho,21.3227,105.401,27.3,93,11.3,100,1000.1,1
2022-06-12,Phu_Tho,21.3227,105.401,29.2,87,8.0,100,1000.0,1
2022-06-13,Phu_Tho,21.3227,105.401,29.1,86,15.7,100,1000.2,1
2022-06-14,Phu_Tho,21.3227,105.401,26.5,90,9.5,100,1003.5,1
2022-06-15,Phu_Tho,21.3227,105.401,27.4,84,7.8,99,1003.9,1
2022-06-16,Phu_Tho,21.3227,105.401,28.1,86,19.1,96,1002.0,1
2022-06-17,Phu_Tho,21.3227,105.401,30.4,75,13.0,81,999.0,0
2022-06-18,Phu_Tho,21.3227,105.401,31.3,65,17.3,100,996.8,0
2022-06-19,Phu_Tho,21.3227,105.401,31.5,69,13.1,100,995.7,0
2022-06-20,Phu_Tho,21.3227,105.401,32.0,69,12.7,100,994.7,0
2022-06-21,Phu_Tho,21.3227,105.401,31.9,72,14.2,100,995.5,0
2022-06-22,Phu_Tho,21.3227,105.401,30.6,76,17.7,97,1000.1,1
2022-06-23,Phu_Tho,21.3227,105.401,28.5,83,16.4,96,1003.5,1
2022-06-24,Phu_Tho,21.3227,105.401,29.1,83,13.7,85,1002.8,1
2022-06-25,Phu_Tho,21.3227,105.401,29.6,78,19.1,62,1001.3,1
2022-06-26,Phu_Tho,21.3227,105.401,30.1,78,14.8,46,1001.9,1
2022-06-27,Phu_Tho,21.3227,105.401,31.4,74,13.3,98,1000.0,1
2022-06-28,Phu_Tho,21.3227,105.401,31.3,75,10.6,98,997.7,0
2022-06-29,Phu_Tho,21.3227,105.401,29.6,81,13.0,100,996.8,1
2022-06-30,Phu_Tho,21.3227,105.401,27.3,89,16.0,100,998.2,1
2022-07-01,Phu_Tho,21.3227,105.401,28.2,86,11.2,92,998.1,1
2022-07-02,Phu_Tho,21.3227,105.401,30.3,80,17.8,96,994.3,1
2022-07-03,Phu_Tho,21.3227,105.401,31.0,79,10.2,96,994.2,1
2022-07-04,Phu_Tho,21.3227,105.401,31.0,82,13.6,98,994.6,1
2022-07-05,Phu_Tho,21.3227,105.401,30.6,80,13.4,100,996.9,1
2022-07-06,Phu_Tho,21.3227,105.401,28.7,87,13.7,100,999.4,1
2022-07-07,Phu_Tho,21.3227,105.401,27.5,89,12.7,97,999.6,1
2022-07-08,Phu_Tho,21.3227,105.401,27.1,88,7.6,100,1001.0,1
2022-07-09,Phu_Tho,21.3227,105.401,27.5,87,14.9,91,1000.8,1
2022-07-10,Phu_Tho,21.3227,105.401,27.7,87,13.5,68,1001.5,1
2022-07-11,Phu_Tho,21.3227,105.401,28.2,87,10.9,77,1001.7,1
2022-07-12,Phu_Tho,21.3227,105.401,28.0,86,11.2,61,1001.6,1
2022-07-13,Phu_Tho,21.3227,105.401,27.9,88,12.5,43,1000.9,1
2022-07-14,Phu_Tho,21.3227,105.401,27.8,86,14.7,65,1001.0,1
2022-07-15,Phu_Tho,21.3227,105.401,28.9,83,11.2,76,1001.2,1
2022-07-16,Phu_Tho,21.3227,105.401,30.5,79,14.0,67,1000.3,1
2022-07-17,Phu_Tho,21.3227,105.401,31.7,76,16.8,100,998.9,0
2022-07-18,Phu_Tho,21.3227,105.401,32.0,77,20.3,100,996.6,0
2022-07-19,Phu_Tho,21.3227,105.401,29.9,82,14.5,100,998.1,1
2022-07-20,Phu_Tho,21.3227,105.401,27.7,88,19.4,100,1002.7,1
2022-07-21,Phu_Tho,21.3227,105.401,26.6,90,20.3,92,1005.7,1
2022-07-22,Phu_Tho,21.3227,105.401,27.1,87,22.1,76,1007.2,1
2022-07-23,Phu_Tho,21.3227,105.401,28.4,84,17.5,34,1005.5,1
2022-07-24,Phu_Tho,21.3227,105.401,29.6,82,10.9,10,1003.4,1
2022-07-25,Phu_Tho,21.3227,105.401,30.2,77,15.5,17,1003.8,0
2022-07-26,Phu_Tho,21.3227,105.401,30.2,76,19.4,17,1003.1,0
2022-07-27,Phu_Tho,21.3227,105.401,30.3,77,17.1,34,1002.4,0
2022-07-28,Phu_Tho,21.3227,105.401,30.5,77,15.6,80,1002.4,1
2022-07-29,Phu_Tho,21.3227,105.401,29.9,80,13.9,100,1001.5,1
2022-07-30,Phu_Tho,21.3227,105.401,27.8,88,13.5,99,1000.6,1
2022-07-31,Phu_Tho,21.3227,105.401,27.9,85,13.8,99,1000.0,1
2022-08-01,Phu_Tho,21.3227,105.401,27.9,86,19.7,76,1001.1,1
2022-08-02,Phu_Tho,21.3227,105.401,28.6,88,13.5,61,1002.6,1
2022-08-03,Phu_Tho,21.3227,105.401,29.8,81,11.5,43,1002.4,1
2022-08-04,Phu_Tho,21.3227,105.401,30.2,80,13.4,90,1000.1,1
2022-08-05,Phu_Tho,21.3227,105.401,27.9,85,14.0,100,999.6,1
2022-08-06,Phu_Tho,21.3227,105.401,26.2,91,17.5,100,1000.6,1
2022-08-07,Phu_Tho,21.3227,105.401,26.1,91,14.8,100,1002.2,1
2022-08-08,Phu_Tho,21.3227,105.401,27.7,87,13.8,79,1002.0,1
2022-08-09,Phu_Tho,21.3227,105.401,27.9,86,10.7,72,1000.3,1
2022-08-10,Phu_Tho,21.3227,105.401,28.4,86,10.6,80,997.9,1
2022-08-11,Phu_Tho,21.3227,105.401,26.1,93,19.6,100,997.2,1
2022-08-12,Phu_Tho,21.3227,105.401,25.3,94,16.6,100,1002.7,1
2022-08-13,Phu_Tho,21.3227,105.401,27.1,90,9.8,95,1002.8,1
2022-08-14,Phu_Tho,21.3227,105.401,28.3,87,11.2,62,1001.9,1
2022-08-15,Phu_Tho,21.3227,105.401,28.7,84,11.3,65,1001.1,1
2022-08-16,Phu_Tho,21.3227,105.401,29.2,82,13.7,72,1001.0,1
2022-08-17,Phu_Tho,21.3227,105.401,29.0,85,14.8,94,1000.9,1
2022-08-18,Phu_Tho,21.3227,105.401,29.6,81,16.1,42,1000.1,1
2022-08-19,Phu_Tho,21.3227,105.401,29.9,81,15.3,72,999.5,1
2022-08-20,Phu_Tho,21.3227,105.401,27.5,88,14.6,100,999.6,1
2022-08-21,Phu_Tho,21.3227,105.401,26.2,91,20.4,98,999.7,1
2022-08-22,Phu_Tho,21.3227,105.401,28.5,85,12.2,80,1001.5,1
2022-08-23,Phu_Tho,21.3227,105.401,29.5,85,12.0,65,1002.0,1
2022-08-24,Phu_Tho,21.3227,105.401,28.8,87,18.7,80,1000.7,1
2022-08-25,Phu_Tho,21.3227,105.401,28.9,89,12.7,100,996.7,1
2022-08-26,Phu_Tho,21.3227,105.401,27.0,90,22.4,99,999.3,1
2022-08-27,Phu_Tho,21.3227,105.401,28.6,82,13.9,94,1003.9,1
2022-08-28,Phu_Tho,21.3227,105.401,29.6,82,15.5,89,1003.7,1
2022-08-29,Phu_Tho,21.3227,105.401,30.1,81,15.9,59,1005.1,1
2022-08-30,Phu_Tho,21.3227,105.401,29.6,80,11.2,88,1005.1,1
2022-08-31,Phu_Tho,21.3227,105.401,29.6,82,10.8,94,1003.5,1
2022-09-01,Phu_Tho,21.3227,105.401,27.3,89,9.0,87,1006.2,1
2022-09-02,Phu_Tho,21.3227,105.401,28.6,83,15.3,92,1005.2,1
2022-09-03,Phu_Tho,21.3227,105.401,28.7,82,19.7,96,1002.6,1
2022-09-04,Phu_Tho,21.3227,105.401,26.4,89,16.8,100,1004.5,1
2022-09-05,Phu_Tho,21.3227,105.401,28.5,74,12.9,60,1004.7,0
2022-09-06,Phu_Tho,21.3227,105.401,28.9,74,13.5,65,1005.1,0
2022-09-07,Phu_Tho,21.3227,105.401,28.3,79,10.7,83,1007.6,1
2022-09-08,Phu_Tho,21.3227,105.401,25.2,93,9.6,100,1009.7,1
2022-09-09,Phu_Tho,21.3227,105.401,25.3,91,11.0,96,1010.1,1
2022-09-10,Phu_Tho,21.3227,105.401,26.8,86,9.2,99,1008.7,1
2022-09-11,Phu_Tho,21.3227,105.401,27.0,86,14.5,87,1006.9,1
2022-09-12,Phu_Tho,21.3227,105.401,26.4,88,14.6,85,1006.0,1
2022-09-13,Phu_Tho,21.3227,105.401,27.9,83,9.4,81,1005.9,1
2022-09-14,Phu_Tho,21.3227,105.401,28.5,83,11.2,60,1005.4,1
2022-09-15,Phu_Tho,21.3227,105.401,28.2,84,13.6,56,1002.8,1
2022-09-16,Phu_Tho,21.3227,105.401,26.7,91,16.0,99,1001.1,1
2022-09-17,Phu_Tho,21.3227,105.401,26.2,90,11.5,85,1003.1,1
2022-09-18,Phu_Tho,21.3227,105.401,28.5,84,8.9,48,1003.4,0
2022-09-19,Phu_Tho,21.3227,105.401,29.3,82,8.5,43,1003.0,1
2022-09-20,Phu_Tho,21.3227,105.401,29.1,82,13.7,40,1003.3,0
2022-09-21,Phu_Tho,21.3227,105.401,27.0,88,11.4,92,1005.6,1
2022-09-22,Phu_Tho,21.3227,105.401,25.5,90,17.2,85,1006.8,1
2022-09-23,Phu_Tho,21.3227,105.401,27.2,84,13.9,53,1007.1,1
2022-09-24,Phu_Tho,21.3227,105.401,26.2,85,17.0,72,1007.3,1
2022-09-25,Phu_Tho,21.3227,105.401,25.6,89,9.2,69,1007.7,1
2022-09-26,Phu_Tho,21.3227,105.401,27.4,84,12.0,13,1006.5,1
2022-09-27,Phu_Tho,21.3227,105.401,28.4,79,14.7,45,1003.9,1
2022-09-28,Phu_Tho,21.3227,105.401,26.5,85,17.6,100,1002.7,1
2022-09-29,Phu_Tho,21.3227,105.401,25.6,91,13.0,100,1003.9,1
2022-09-30,Phu_Tho,21.3227,105.401,25.7,91,13.3,100,1005.4,1
2022-10-01,Phu_Tho,21.3227,105.401,25.2,92,14.7,100,1006.3,1
2022-10-02,Phu_Tho,21.3227,105.401,25.4,91,19.1,84,1007.6,1
2022-10-03,Phu_Tho,21.3227,105.401,26.2,88,9.6,48,1009.1,1
2022-10-04,Phu_Tho,21.3227,105.401,26.7,87,10.8,49,1010.2,1
2022-10-05,Phu_Tho,21.3227,105.401,27.1,84,11.8,23,1010.0,1
2022-10-06,Phu_Tho,21.3227,105.401,27.2,84,10.0,9,1009.9,1
2022-10-07,Phu_Tho,21.3227,105.401,25.9,89,13.2,47,1010.8,1
2022-10-08,Phu_Tho,21.3227,105.401,25.7,83,16.0,70,1011.3,1
2022-10-09,Phu_Tho,21.3227,105.401,24.5,86,14.4,97,1014.2,1
2022-10-10,Phu_Tho,21.3227,105.401,23.1,66,11.6,49,1017.5,1
2022-10-11,Phu_Tho,21.3227,105.401,23.2,69,9.1,8,1014.4,0
2022-10-12,Phu_Tho,21.3227,105.401,23.4,69,11.7,3,1012.8,0
2022-10-13,Phu_Tho,21.3227,105.401,23.8,68,9.5,14,1011.6,0
2022-10-14,Phu_Tho,21.3227,105.401,24.6,64,9.1,40,1009.8,0
2022-10-15,Phu_Tho,21.3227,105.401,24.3,68,10.5,70,1009.7,0
2022-10-16,Phu_Tho,21.3227,105.401,24.9,69,12.9,31,1011.2,0
2022-10-17,Phu_Tho,21.3227,105.401,24.9,64,22.1,32,1011.8,0
2022-10-18,Phu_Tho,21.3227,105.401,24.1,58,14.8,48,1012.1,0
2022-10-19,Phu_Tho,21.3227,105.401,20.8,71,16.0,83,1013.5,1
2022-10-20,Phu_Tho,21.3227,105.401,18.9,87,17.2,100,1014.8,1
2022-10-21,Phu_Tho,21.3227,105.401,20.9,91,12.1,90,1015.2,1
2022-10-22,Phu_Tho,21.3227,105.401,25.1,81,13.8,39,1013.6,1
2022-10-23,Phu_Tho,21.3227,105.401,26.6,76,9.1,5,1011.7,1
2022-10-24,Phu_Tho,21.3227,105.401,26.5,78,12.1,20,1010.9,1
2022-10-25,Phu_Tho,21.3227,105.401,25.8,79,10.5,61,1012.6,1
2022-10-26,Phu_Tho,21.3227,105.401,25.4,82,11.8,60,1011.5,0
2022-10-27,Phu_Tho,21.3227,105.401,26.1,78,14.2,47,1011.0,0
2022-10-28,Phu_Tho,21.3227,105.401,25.9,78,9.5,41,1011.7,0
2022-10-29,Phu_Tho,21.3227,105.401,25.2,78,8.6,52,1011.9,0
2022-10-30,Phu_Tho,21.3227,105.401,25.1,78,8.2,47,1010.9,0
2022-10-31,Phu_Tho,21.3227,105.401,25.1,66,14.3,57,1011.7,0
2022-11-01,Phu_Tho,21.3227,105.401,23.4,64,16.3,76,1011.2,0
2022-11-02,Phu_Tho,21.3227,105.401,22.2,74,9.1,26,1009.1,0
2022-11-03,Phu_Tho,21.3227,105.401,23.0,71,10.9,68,1010.3,0
2022-11-04,Phu_Tho,21.3227,105.401,23.7,71,8.0,40,1013.1,0
2022-11-05,Phu_Tho,21.3227,105.401,23.6,69,12.3,6,1015.0,0
2022-11-06,Phu_Tho,21.3227,105.401,22.9,75,10.1,6,1014.4,0
2022-11-07,Phu_Tho,21.3227,105.401,22.7,79,10.0,25,1013.3,1
2022-11-08,Phu_Tho,21.3227,105.401,23.3,78,10.1,8,1013.2,0
2022-11-09,Phu_Tho,21.3227,105.401,23.6,76,10.0,7,1012.9,0
2022-11-10,Phu_Tho,21.3227,105.401,24.0,81,10.4,20,1012.3,0
2022-11-11,Phu_Tho,21.3227,105.401,25.2,82,13.6,47,1011.4,1
2022-11-12,Phu_Tho,21.3227,105.401,26.1,78,15.6,32,1010.1,1
2022-11-13,Phu_Tho,21.3227,105.401,26.1,76,12.8,30,1011.1,0
2022-11-14,Phu_Tho,21.3227,105.401,26.0,79,13.8,25,1011.2,0
2022-11-15,Phu_Tho,21.3227,105.401,26.2,79,17.7,36,1010.0,1
2022-11-16,Phu_Tho,21.3227,105.401,26.6,79,14.7,59,1008.3,1
2022-11-17,Phu_Tho,21.3227,105.401,26.0,84,13.0,47,1008.0,1
2022-11-18,Phu_Tho,21.3227,105.401,26.1,86,13.5,57,1009.3,1
2022-11-19,Phu_Tho,21.3227,105.401,24.7,88,13.3,80,1010.8,1
2022-11-20,Phu_Tho,21.3227,105.401,24.9,80,8.1,61,1009.7,0
2022-11-21,Phu_Tho,21.3227,105.401,24.6,80,10.3,51,1008.3,1
2022-11-22,Phu_Tho,21.3227,105.401,25.2,80,11.8,63,1008.1,1
2022-11-23,Phu_Tho,21.3227,105.401,25.1,83,12.5,98,1008.9,1
2022-11-24,Phu_Tho,21.3227,105.401,24.2,83,13.2,98,1010.1,1
2022-11-25,Phu_Tho,21.3227,105.401,23.8,87,9.6,100,1011.0,1
2022-11-26,Phu_Tho,21.3227,105.401,24.6,85,15.5,100,1009.1,1
2022-11-27,Phu_Tho,21.3227,105.401,26.6,83,17.6,42,1004.7,1
2022-11-28,Phu_Tho,21.3227,105.401,27.0,84,14.3,24,1004.3,1
2022-11-29,Phu_Tho,21.3227,105.401,27.2,82,14.2,24,1006.3,0
2022-11-30,Phu_Tho,21.3227,105.401,24.3,84,20.0,94,1010.9,1
2022-12-01,Phu_Tho,21.3227,105.401,16.9,74,10.4,100,1017.5,1
2022-12-02,Phu_Tho,21.3227,105.401,15.4,72,9.2,95,1017.7,1
2022-12-03,Phu_Tho,21.3227,105.401,17.3,70,11.3,66,1014.2,0
2022-12-04,Phu_Tho,21.3227,105.401,18.2,80,7.8,100,1015.8,1
2022-12-05,Phu_Tho,21.3227,105.401,17.2,77,8.9,84,1018.8,1
2022-12-06,Phu_Tho,21.3227,105.401,15.8,76,8.6,14,1016.2,0
2022-12-07,Phu_Tho,21.3227,105.401,16.7,78,7.1,96,1016.0,0
2022-12-08,Phu_Tho,21.3227,105.401,17.4,80,5.6,100,1015.5,0
2022-12-09,Phu_Tho,21.3227,105.401,17.6,86,6.1,100,1014.0,1
2022-12-10,Phu_Tho,21.3227,105.401,18.0,86,6.4,100,1013.5,1
2022-12-11,Phu_Tho,21.3227,105.401,17.8,75,7.3,89,1015.1,0
2022-12-12,Phu_Tho,21.3227,105.401,18.0,73,8.4,69,1017.2,0
2022-12-13,Phu_Tho,21.3227,105.401,16.3,68,10.3,9,1016.8,0
2022-12-14,Phu_Tho,21.3227,105.401,17.0,68,8.0,38,1018.5,0
2022-12-15,Phu_Tho,21.3227,105.401,16.1,68,13.4,6,1013.8,0
2022-12-16,Phu_Tho,21.3227,105.401,17.0,77,9.8,17,1014.5,0
2022-12-17,Phu_Tho,21.3227,105.401,17.2,59,17.0,97,1023.7,0
2022-12-18,Phu_Tho,21.3227,105.401,15.7,44,9.0,77,1024.0,0
2022-12-19,Phu_Tho,21.3227,105.401,14.0,62,7.9,39,1017.5,0
2022-12-20,Phu_Tho,21.3227,105.401,15.0,69,9.4,53,1014.0,0
2022-12-21,Phu_Tho,21.3227,105.401,17.4,57,8.9,55,1015.4,0
2022-12-22,Phu_Tho,21.3227,105.401,16.8,66,9.7,41,1013.5,0
2022-12-23,Phu_Tho,21.3227,105.401,18.3,54,16.0,49,1014.6,0
2022-12-24,Phu_Tho,21.3227,105.401,17.7,54,12.5,36,1017.0,0
2022-12-25,Phu_Tho,21.3227,105.401,17.5,67,14.0,8,1016.5,0
2022-12-26,Phu_Tho,21.3227,105.401,18.0,79,14.7,55,1017.1,0
2022-12-27,Phu_Tho,21.3227,105.401,19.5,75,20.1,88,1016.1,1
2022-12-28,Phu_Tho,21.3227,105.401,15.7,79,16.3,100,1019.4,1
2022-12-29,Phu_Tho,21.3227,105.401,13.7,69,10.5,100,1023.4,1
2022-12-30,Phu_Tho,21.3227,105.401,14.4,66,10.9,78,1023.7,0
2022-12-31,Phu_Tho,21.3227,105.401,14.8,75,6.8,46,1022.2,0
2023-01-01,Phu_Tho,21.3227,105.401,15.2,76,7.6,9,1020.7,0
2023-01-02,Phu_Tho,21.3227,105.401,15.7,77,8.2,68,1021.3,0
2023-01-03,Phu_Tho,21.3227,105.401,16.9,74,11.0,92,1021.5,1
2023-01-04,Phu_Tho,21.3227,105.401,18.2,73,14.0,44,1019.0,0
2023-01-05,Phu_Tho,21.3227,105.401,17.2,82,7.6,71,1019.9,0
2023-01-06,Phu_Tho,21.3227,105.401,19.0,70,11.4,56,1021.7,0
2023-01-07,Phu_Tho,21.3227,105.401,17.4,65,13.0,28,1017.7,0
2023-01-08,Phu_Tho,21.3227,105.401,17.8,70,10.5,26,1015.9,0
2023-01-09,Phu_Tho,21.3227,105.401,18.8,74,8.7,58,1016.0,0
2023-01-10,Phu_Tho,21.3227,105.401,19.5,80,11.2,81,1014.9,1
2023-01-11,Phu_Tho,21.3227,105.401,20.4,82,12.6,84,1011.8,1
2023-01-12,Phu_Tho,21.3227,105.401,20.7,82,15.9,63,1008.3,0
2023-01-13,Phu_Tho,21.3227,105.401,21.7,82,13.7,41,1004.8,0
2023-01-14,Phu_Tho,21.3227,105.401,22.8,76,10.3,26,1003.3,0
2023-01-15,Phu_Tho,21.3227,105.401,19.1,67,14.7,81,1011.1,1
2023-01-16,Phu_Tho,21.3227,105.401,14.2,49,13.6,99,1019.0,1
2023-01-17,Phu_Tho,21.3227,105.401,13.9,52,9.4,99,1021.1,0
2023-01-18,Phu_Tho,21.3227,105.401,14.2,54,6.4,71,1022.1,0
2023-01-19,Phu_Tho,21.3227,105.401,14.1,65,9.7,28,1020.0,0
2023-01-20,Phu_Tho,21.3227,105.401,15.3,66,7.9,72,1018.8,0
2023-01-21,Phu_Tho,21.3227,105.401,16.2,73,13.2,30,1014.4,0
2023-01-22,Phu_Tho,21.3227,105.401,17.2,82,12.2,62,1011.8,0
2023-01-23,Phu_Tho,21.3227,105.401,19.3,77,13.0,99,1012.5,1
2023-01-24,Phu_Tho,21.3227,105.401,16.2,54,19.2,73,1023.0,1
2023-01-25,Phu_Tho,21.3227,105.401,13.6,54,14.8,14,1017.9,0
2023-01-26,Phu_Tho,21.3227,105.401,15.6,73,13.2,57,1013.6,1
2023-01-27,Phu_Tho,21.3227,105.401,15.9,64,15.0,80,1021.2,1
2023-01-28,Phu_Tho,21.3227,105.401,13.8,60,9.1,11,1021.5,0
2023-01-29,Phu_Tho,21.3227,105.401,13.7,57,8.0,0,1021.3,0
2023-01-30,Phu_Tho,21.3227,105.401,14.6,61,16.7,0,1018.0,0
2023-01-31,Phu_Tho,21.3227,105.401,16.0,64,17.8,0,1011.7,0
2023-02-01,Phu_Tho,21.3227,105.401,17.3,79,13.7,40,1009.6,0
2023-02-02,Phu_Tho,21.3227,105.401,20.4,83,10.9,91,1012.2,1
2023-02-03,Phu_Tho,21.3227,105.401,20.1,94,13.2,94,1012.3,1
2023-02-04,Phu_Tho,21.3227,105.401,20.9,89,17.9,99,1009.7,1
2023-02-05,Phu_Tho,21.3227,105.401,20.6,93,19.3,100,1008.5,1
2023-02-06,Phu_Tho,21.3227,105.401,21.7,86,17.1,98,1007.8,1
2023-02-07,Phu_Tho,21.3227,105.401,21.8,89,21.8,100,1008.4,1
2023-02-08,Phu_Tho,21.3227,105.401,22.4,88,21.4,92,1008.1,1
2023-02-09,Phu_Tho,21.3227,105.401,23.3,88,19.7,90,1008.6,1
2023-02-10,Phu_Tho,21.3227,105.401,24.3,82,21.9,68,1007.6,1
2023-02-11,Phu_Tho,21.3227,105.401,24.9,82,23.2,51,1004.8,1
2023-02-12,Phu_Tho,21.3227,105.401,25.0,81,15.9,37,1003.9,1
2023-02-13,Phu_Tho,21.3227,105.401,24.7,80,22.8,52,1006.7,1
2023-02-14,Phu_Tho,21.3227,105.401,19.1,71,15.9,100,1015.5,1
2023-02-15,Phu_Tho,21.3227,105.401,17.7,58,11.2,100,1019.7,0
2023-02-16,Phu_Tho,21.3227,105.401,17.7,62,8.8,84,1020.0,0
2023-02-17,Phu_Tho,21.3227,105.401,17.9,76,12.9,71,1016.4,0
2023-02-18,Phu_Tho,21.3227,105.401,19.6,78,14.6,74,1013.3,0
2023-02-19,Phu_Tho,21.3227,105.401,20.1,81,8.0,88,1016.1,1
2023-02-20,Phu_Tho,21.3227,105.401,20.9,69,14.5,55,1015.6,0
2023-02-21,Phu_Tho,21.3227,105.401,20.6,71,16.8,46,1016.2,0
2023-02-22,Phu_Tho,21.3227,105.401,20.0,75,16.0,88,1016.1,1
2023-02-23,Phu_Tho,21.3227,105.401,21.0,72,15.6,99,1013.1,0
2023-02-24,Phu_Tho,21.3227,105.401,19.6,77,13.9,100,1016.9,1
2023-02-25,Phu_Tho,21.3227,105.401,19.4,55,13.8,39,1023.1,0
2023-02-26,Phu_Tho,21.3227,105.401,17.6,60,14.2,0,1025.0,0
2023-02-27,Phu_Tho,21.3227,105.401,17.4,65,12.1,3,1022.1,0
2023-02-28,Phu_Tho,21.3227,105.401,18.7,70,14.9,0,1018.4,0
2023-03-01,Phu_Tho,21.3227,105.401,19.4,80,11.6,74,1018.2,1
2023-03-02,Phu_Tho,21.3227,105.401,21.9,67,14.8,51,1019.1,0
2023-03-03,Phu_Tho,21.3227,105.401,21.2,70,12.3,37,1019.5,0
2023-03-04,Phu_Tho,21.3227,105.401,21.0,69,10.7,83,1020.8,1
2023-03-05,Phu_Tho,21.3227,105.401,21.0,72,16.5,35,1018.4,0
2023-03-06,Phu_Tho,21.3227,105.401,21.6,71,18.4,36,1015.6,0
2023-03-07,Phu_Tho,21.3227,105.401,22.1,74,17.1,68,1014.5,0
2023-03-08,Phu_Tho,21.3227,105.401,22.1,78,14.5,84,1014.9,0
2023-03-09,Phu_Tho,21.3227,105.401,23.3,74,12.7,44,1014.4,0
2023-03-10,Phu_Tho,21.3227,105.401,23.9,69,19.7,40,1010.8,0
2023-03-11,Phu_Tho,21.3227,105.401,23.0,75,17.8,84,1012.3,1
2023-03-12,Phu_Tho,21.3227,105.401,23.7,75,10.3,100,1015.2,1
2023-03-13,Phu_Tho,21.3227,105.401,19.6,62,7.9,98,1018.5,1
2023-03-14,Phu_Tho,21.3227,105.401,20.6,70,20.5,37,1010.6,0
2023-03-15,Phu_Tho,21.3227,105.401,21.3,81,15.5,72,1010.7,1
2023-03-16,Phu_Tho,21.3227,105.401,23.7,77,19.6,77,1011.5,1
2023-03-17,Phu_Tho,21.3227,105.401,23.6,80,16.9,72,1010.3,1
2023-03-18,Phu_Tho,21.3227,105.401,24.1,79,18.3,89,1009.0,1
2023-03-19,Phu_Tho,21.3227,105.401,24.1,78,17.7,76,1007.2,0
2023-03-20,Phu_Tho,21.3227,105.401,25.3,78,18.3,79,1004.2,0
2023-03-21,Phu_Tho,21.3227,105.401,25.6,84,14.8,88,1001.5,0
2023-03-22,Phu_Tho,21.3227,105.401,27.6,75,18.4,49,999.0,0
2023-03-23,Phu_Tho,21.3227,105.401,28.0,76,13.4,9,999.2,0
2023-03-24,Phu_Tho,21.3227,105.401,28.0,75,21.5,10,1001.9,0
2023-03-25,Phu_Tho,21.3227,105.401,24.9,85,18.7,93,1006.1,1
2023-03-26,Phu_Tho,21.3227,105.401,22.1,75,14.2,99,1008.6,1
2023-03-27,Phu_Tho,21.3227,105.401,20.6,78,10.2,100,1011.5,1
2023-03-28,Phu_Tho,21.3227,105.401,19.9,76,10.4,100,1012.8,1
2023-03-29,Phu_Tho,21.3227,105.401,20.6,79,8.8,88,1011.0,1
2023-03-30,Phu_Tho,21.3227,105.401,21.1,79,10.8,99,1008.7,1
2023-03-31,Phu_Tho,21.3227,105.401,22.2,81,11.9,97,1007.7,1
2023-04-01,Phu_Tho,21.3227,105.401,23.3,84,13.6,98,1005.9,1
2023-04-02,Phu_Tho,21.3227,105.401,25.8,86,18.5,73,1002.7,1
2023-04-03,Phu_Tho,21.3227,105.401,26.8,82,17.3,64,1000.9,1
2023-04-04,Phu_Tho,21.3227,105.401,27.1,83,15.2,74,999.8,1
2023-04-05,Phu_Tho,21.3227,105.401,27.2,81,15.4,28,1000.7,0
2023-04-06,Phu_Tho,21.3227,105.401,26.7,74,22.1,38,1005.1,1
2023-04-07,Phu_Tho,21.3227,105.401,23.8,64,12.8,100,1011.1,1
2023-04-08,Phu_Tho,21.3227,105.401,21.5,78,6.5,100,1015.4,1
2023-04-09,Phu_Tho,21.3227,105.401,20.6,79,13.8,94,1013.2,0
2023-04-10,Phu_Tho,21.3227,105.401,21.9,82,11.0,89,1008.2,0
2023-04-11,Phu_Tho,21.3227,105.401,24.8,84,15.9,83,1005.4,0
2023-04-12,Phu_Tho,21.3227,105.401,26.1,86,19.4,88,1005.6,1
2023-04-13,Phu_Tho,21.3227,105.401,26.3,86,22.2,100,1004.5,1
2023-04-14,Phu_Tho,21.3227,105.401,26.9,86,17.4,88,1004.2,1
2023-04-15,Phu_Tho,21.3227,105.401,25.9,88,13.6,78,1007.3,1
2023-04-16,Phu_Tho,21.3227,105.401,26.2,80,13.6,90,1005.3,0
2023-04-17,Phu_Tho,21.3227,105.401,26.4,82,20.3,67,1002.9,1
2023-04-18,Phu_Tho,21.3227,105.401,28.2,83,17.3,54,1000.8,0
2023-04-19,Phu_Tho,21.3227,105.401,28.4,82,14.6,39,998.1,0
2023-04-20,Phu_Tho,21.3227,105.401,28.1,82,15.2,36,997.2,0
2023-04-21,Phu_Tho,21.3227,105.401,28.7,81,20.6,52,997.7,0
2023-04-22,Phu_Tho,21.3227,105.401,29.1,80,21.3,31,999.4,1
2023-04-23,Phu_Tho,21.3227,105.401,29.1,80,20.1,50,1003.1,1
2023-04-24,Phu_Tho,21.3227,105.401,27.4,85,25.8,76,1006.7,1
2023-04-25,Phu_Tho,21.3227,105.401,23.6,77,17.5,98,1010.6,1
2023-04-26,Phu_Tho,21.3227,105.401,23.4,68,9.8,81,1010.6,0
2023-04-27,Phu_Tho,21.3227,105.401,24.8,76,22.1,58,1007.3,0
2023-04-28,Phu_Tho,21.3227,105.401,27.0,82,20.7,54,1005.8,1
2023-04-29,Phu_Tho,21.3227,105.401,25.4,85,12.6,75,1007.9,1
2023-04-30,Phu_Tho,21.3227,105.401,22.1,78,10.5,60,1010.1,1
2023-05-01,Phu_Tho,21.3227,105.401,24.3,76,20.9,37,1008.0,0
2023-05-02,Phu_Tho,21.3227,105.401,26.2,78,19.4,49,1007.0,0
2023-05-03,Phu_Tho,21.3227,105.401,27.7,81,23.0,43,1005.1,1
2023-05-04,Phu_Tho,21.3227,105.401,29.1,81,19.9,23,999.8,0
2023-05-05,Phu_Tho,21.3227,105.401,30.1,79,14.1,17,995.5,0
2023-05-06,Phu_Tho,21.3227,105.401,32.1,73,15.3,6,994.1,0
2023-05-07,Phu_Tho,21.3227,105.401,31.5,72,22.9,40,997.7,1
2023-05-08,Phu_Tho,21.3227,105.401,26.1,79,13.8,100,1005.3,1
2023-05-09,Phu_Tho,21.3227,105.401,25.6,79,14.9,97,1006.8,1
2023-05-10,Phu_Tho,21.3227,105.401,27.4,84,21.0,90,1005.8,1
2023-05-11,Phu_Tho,21.3227,105.401,25.9,90,13.7,93,1008.4,1
2023-05-12,Phu_Tho,21.3227,105.401,24.7,80,8.0,97,1010.9,1
2023-05-13,Phu_Tho,21.3227,105.401,24.2,77,7.1,96,1010.6,1
2023-05-14,Phu_Tho,21.3227,105.401,24.7,78,8.0,93,1008.7,0
2023-05-15,Phu_Tho,21.3227,105.401,26.4,80,16.7,98,1005.3,0
2023-05-16,Phu_Tho,21.3227,105.401,29.0,78,16.1,53,1001.0,0
2023-05-17,Phu_Tho,21.3227,105.401,30.6,72,13.4,28,999.2,0
2023-05-18,Phu_Tho,21.3227,105.401,30.8,70,13.6,11,999.5,0
2023-05-19,Phu_Tho,21.3227,105.401,31.0,73,15.9,8,999.9,0
2023-05-20,Phu_Tho,21.3227,105.401,30.9,75,16.5,23,1000.0,0
2023-05-21,Phu_Tho,21.3227,105.401,31.8,74,17.9,32,1000.2,0
2023-05-22,Phu_Tho,21.3227,105.401,32.2,71,16.3,22,1000.1,0
2023-05-23,Phu_Tho,21.3227,105.401,30.8,72,22.2,97,1001.9,1
2023-05-24,Phu_Tho,21.3227,105.401,28.1,85,18.7,99,1003.3,1
2023-05-25,Phu_Tho,21.3227,105.401,27.9,85,20.8,94,1003.6,1
2023-05-26,Phu_Tho,21.3227,105.401,28.6,85,15.0,68,1004.1,1
2023-05-27,Phu_Tho,21.3227,105.401,28.7,83,15.9,63,1003.0,1
2023-05-28,Phu_Tho,21.3227,105.401,29.3,81,15.7,34,1003.8,1
2023-05-29,Phu_Tho,21.3227,105.401,29.8,79,16.0,20,1004.1,1
2023-05-30,Phu_Tho,21.3227,105.401,30.4,76,14.5,13,1002.3,0
2023-05-31,Phu_Tho,21.3227,105.401,30.9,73,19.5,8,999.4,0
2023-06-01,Phu_Tho,21.3227,105.401,31.6,76,21.7,50,997.2,1
2023-06-02,Phu_Tho,21.3227,105.401,32.3,73,17.9,88,998.2,1
2023-06-03,Phu_Tho,21.3227,105.401,30.1,79,18.0,74,1001.3,1
2023-06-04,Phu_Tho,21.3227,105.401,29.4,83,23.2,98,1001.7,1
2023-06-05,Phu_Tho,21.3227,105.401,28.2,86,11.0,100,1001.9,1
2023-06-06,Phu_Tho,21.3227,105.401,27.8,87,9.7,95,1002.6,1
2023-06-07,Phu_Tho,21.3227,105.401,28.6,86,11.7,97,1002.0,1
2023-06-08,Phu_Tho,21.3227,105.401,29.2,83,10.7,99,1000.9,1
2023-06-09,Phu_Tho,21.3227,105.401,28.9,79,16.8,79,1000.0,1
2023-06-10,Phu_Tho,21.3227,105.401,30.4,77,7.7,82,998.0,1
2023-06-11,Phu_Tho,21.3227,105.401,30.9,76,14.9,98,997.7,0
2023-06-12,Phu_Tho,21.3227,105.401,30.1,80,18.8,97,998.2,1
2023-06-13,Phu_Tho,21.3227,105.401,28.9,86,9.9,100,998.8,1
2023-06-14,Phu_Tho,21.3227,105.401,27.8,86,9.7,89,1001.1,1
2023-06-15,Phu_Tho,21.3227,105.401,28.6,84,13.2,99,1000.2,1
2023-06-16,Phu_Tho,21.3227,105.401,29.1,85,15.7,100,998.7,1
2023-06-17,Phu_Tho,21.3227,105.401,30.2,81,16.0,100,999.3,1
2023-06-18,Phu_Tho,21.3227,105.401,28.7,86,15.2,100,1000.0,1
2023-06-19,Phu_Tho,21.3227,105.401,29.5,83,13.2,100,999.5,1
2023-06-20,Phu_Tho,21.3227,105.401,28.9,85,11.0,100,999.8,1
2023-06-21,Phu_Tho,21.3227,105.401,29.8,82,13.1,100,1000.3,1
2023-06-22,Phu_Tho,21.3227,105.401,29.5,84,12.4,100,1000.3,1
2023-06-23,Phu_Tho,21.3227,105.401,28.1,88,9.4,100,1000.5,1
2023-06-24,Phu_Tho,21.3227,105.401,26.4,92,11.9,99,1000.7,1
2023-06-25,Phu_Tho,21.3227,105.401,26.3,90,7.5,99,1001.9,1
2023-06-26,Phu_Tho,21.3227,105.401,26.9,87,14.0,82,1002.7,1
2023-06-27,Phu_Tho,21.3227,105.401,27.3,87,15.7,84,1003.6,1
2023-06-28,Phu_Tho,21.3227,105.401,28.9,81,18.3,42,1003.7,1
2023-06-29,Phu_Tho,21.3227,105.401,30.4,78,19.6,32,1000.5,1
2023-06-30,Phu_Tho,21.3227,105.401,31.4,77,14.2,93,998.2,1
2023-07-01,Phu_Tho,21.3227,105.401,32.1,75,18.7,95,998.2,1
2023-07-02,Phu_Tho,21.3227,105.401,31.4,75,16.0,100,999.2,1
2023-07-03,Phu_Tho,21.3227,105.401,30.3,81,21.1,99,999.8,1
2023-07-04,Phu_Tho,21.3227,105.401,29.8,81,13.1,83,1000.6,1
2023-07-05,Phu_Tho,21.3227,105.401,29.2,85,13.2,69,1000.9,1
2023-07-06,Phu_Tho,21.3227,105.401,31.1,76,18.1,39,1000.6,1
2023-07-07,Phu_Tho,21.3227,105.401,31.5,75,16.2,44,1000.5,0
2023-07-08,Phu_Tho,21.3227,105.401,30.8,78,18.7,86,1002.0,1
2023-07-09,Phu_Tho,21.3227,105.401,30.3,79,13.0,97,1002.7,1
2023-07-10,Phu_Tho,21.3227,105.401,31.0,75,15.0,78,1001.8,0
2023-07-11,Phu_Tho,21.3227,105.401,31.1,75,17.7,32,1000.8,1
2023-07-12,Phu_Tho,21.3227,105.401,31.5,74,13.7,27,1000.3,1
2023-07-13,Phu_Tho,21.3227,105.401,31.5,73,14.6,40,999.3,1
2023-07-14,Phu_Tho,21.3227,105.401,30.9,76,13.8,72,999.5,1
2023-07-15,Phu_Tho,21.3227,105.401,29.6,79,15.8,88,999.5,1
2023-07-16,Phu_Tho,21.3227,105.401,30.5,76,16.8,88,997.2,1
2023-07-17,Phu_Tho,21.3227,105.401,31.9,66,17.2,97,995.1,0
2023-07-18,Phu_Tho,21.3227,105.401,28.9,71,24.5,100,995.4,1
2023-07-19,Phu_Tho,21.3227,105.401,26.9,87,16.1,100,999.9,1
2023-07-20,Phu_Tho,21.3227,105.401,26.9,90,7.3,100,1002.9,1
2023-07-21,Phu_Tho,21.3227,105.401,28.6,86,9.7,82,1005.0,1
2023-07-22,Phu_Tho,21.3227,105.401,29.8,81,14.8,82,1005.6,1
2023-07-23,Phu_Tho,21.3227,105.401,30.5,76,14.8,42,1004.1,0
2023-07-24,Phu_Tho,21.3227,105.401,30.3,76,16.0,53,1002.4,0
2023-07-25,Phu_Tho,21.3227,105.401,30.7,74,12.9,78,1001.9,0
2023-07-26,Phu_Tho,21.3227,105.401,31.0,74,13.9,80,1000.0,0
2023-07-27,Phu_Tho,21.3227,105.401,31.6,74,11.4,92,996.9,1
2023-07-28,Phu_Tho,21.3227,105.401,29.3,83,15.8,98,995.6,1
2023-07-29,Phu_Tho,21.3227,105.401,29.7,83,16.1,97,996.8,1
2023-07-30,Phu_Tho,21.3227,105.401,28.9,85,13.8,91,998.2,1
2023-07-31,Phu_Tho,21.3227,105.401,27.9,89,12.9,100,999.8,1
2023-08-01,Phu_Tho,21.3227,105.401,28.2,87,10.8,91,999.6,1
2023-08-02,Phu_Tho,21.3227,105.401,27.1,90,13.6,99,998.9,1
2023-08-03,Phu_Tho,21.3227,105.401,28.0,88,10.0,96,998.1,1
2023-08-04,Phu_Tho,21.3227,105.401,27.6,91,8.2,98,999.0,1
2023-08-05,Phu_Tho,21.3227,105.401,27.9,89,7.9,99,998.0,1
2023-08-06,Phu_Tho,21.3227,105.401,28.4,87,6.8,100,995.4,1
2023-08-07,Phu_Tho,21.3227,105.401,27.9,90,6.6,98,995.0,1
2023-08-08,Phu_Tho,21.3227,105.401,27.9,89,8.8,90,997.2,1
2023-08-09,Phu_Tho,21.3227,105.401,29.1,86,8.7,85,999.3,1
2023-08-10,Phu_Tho,21.3227,105.401,29.1,87,10.9,98,1000.3,1
2023-08-11,Phu_Tho,21.3227,105.401,28.0,89,12.3,85,998.9,1
2023-08-12,Phu_Tho,21.3227,105.401,27.8,90,8.5,84,998.4,1
2023-08-13,Phu_Tho,21.3227,105.401,28.9,84,13.7,96,998.7,1
2023-08-14,Phu_Tho,21.3227,105.401,28.6,87,17.7,88,999.5,1
2023-08-15,Phu_Tho,21.3227,105.401,27.9,87,10.2,85,1001.0,1
2023-08-16,Phu_Tho,21.3227,105.401,29.1,83,9.6,63,1001.8,1
2023-08-17,Phu_Tho,21.3227,105.401,30.3,83,10.1,75,1001.3,1
2023-08-18,Phu_Tho,21.3227,105.401,30.5,81,13.9,97,999.8,1
2023-08-19,Phu_Tho,21.3227,105.401,28.2,89,8.7,100,1001.6,1
2023-08-20,Phu_Tho,21.3227,105.401,27.5,90,11.1,100,1002.3,1
2023-08-21,Phu_Tho,21.3227,105.401,28.2,87,14.3,100,1002.6,1
2023-08-22,Phu_Tho,21.3227,105.401,28.8,86,10.3,99,1001.3,1
2023-08-23,Phu_Tho,21.3227,105.401,28.2,87,15.6,100,999.6,1
2023-08-24,Phu_Tho,21.3227,105.401,27.5,89,11.3,100,1001.2,1
2023-08-25,Phu_Tho,21.3227,105.401,27.6,88,11.4,92,1001.6,1
2023-08-26,Phu_Tho,21.3227,105.401,28.7,86,14.5,98,998.9,1
2023-08-27,Phu_Tho,21.3227,105.401,29.9,83,11.5,99,996.6,1
2023-08-28,Phu_Tho,21.3227,105.401,28.1,86,13.5,98,999.4,1
2023-08-29,Phu_Tho,21.3227,105.401,27.9,85,10.4,76,1001.5,1
2023-08-30,Phu_Tho,21.3227,105.401,28.6,75,10.0,46,1003.7,1
2023-08-31,Phu_Tho,21.3227,105.401,28.6,73,8.6,10,1003.3,0
2023-09-01,Phu_Tho,21.3227,105.401,29.2,72,13.5,21,1002.3,0
2023-09-02,Phu_Tho,21.3227,105.401,29.9,72,13.5,43,1000.1,1
2023-09-03,Phu_Tho,21.3227,105.401,27.9,80,10.2,97,999.9,1
2023-09-04,Phu_Tho,21.3227,105.401,26.4,83,17.6,68,1002.2,1
2023-09-05,Phu_Tho,21.3227,105.401,28.4,79,12.5,54,1003.0,0
2023-09-06,Phu_Tho,21.3227,105.401,29.3,80,16.3,93,1003.7,1
2023-09-07,Phu_Tho,21.3227,105.401,29.9,79,18.1,46,1003.4,1
2023-09-08,Phu_Tho,21.3227,105.401,28.1,85,16.9,89,1003.4,1
2023-09-09,Phu_Tho,21.3227,105.401,28.3,87,14.1,97,1001.9,1
2023-09-10,Phu_Tho,21.3227,105.401,28.0,87,8.3,96,1001.0,1
2023-09-11,Phu_Tho,21.3227,105.401,28.2,86,14.7,94,999.8,1
2023-09-12,Phu_Tho,21.3227,105.401,27.9,88,13.4,100,1000.5,1
2023-09-13,Phu_Tho,21.3227,105.401,26.1,88,17.6,100,1002.4,1
2023-09-14,Phu_Tho,21.3227,105.401,25.0,91,12.7,100,1004.2,1
2023-09-15,Phu_Tho,21.3227,105.401,26.3,83,11.8,94,1005.2,1
2023-09-16,Phu_Tho,21.3227,105.401,26.8,86,10.8,76,1005.9,1
2023-09-17,Phu_Tho,21.3227,105.401,26.5,89,12.1,98,1005.6,1
2023-09-18,Phu_Tho,21.3227,105.401,27.5,85,10.6,94,1005.8,1
2023-09-19,Phu_Tho,21.3227,105.401,28.0,88,10.4,74,1006.1,1
2023-09-20,Phu_Tho,21.3227,105.401,28.4,86,12.4,39,1005.7,1
2023-09-21,Phu_Tho,21.3227,105.401,28.9,85,11.3,22,1006.1,1
2023-09-22,Phu_Tho,21.3227,105.401,29.3,82,15.8,41,1005.7,1
2023-09-23,Phu_Tho,21.3227,105.401,29.2,81,12.9,25,1005.7,1
2023-09-24,Phu_Tho,21.3227,105.401,28.7,80,14.2,26,1005.3,0
2023-09-25,Phu_Tho,21.3227,105.401,27.6,87,14.5,50,1005.3,1
2023-09-26,Phu_Tho,21.3227,105.401,26.3,91,15.4,93,1005.3,1
2023-09-27,Phu_Tho,21.3227,105.401,25.6,93,15.5,100,1005.8,1
2023-09-28,Phu_Tho,21.3227,105.401,25.1,94,8.1,100,1008.2,1
2023-09-29,Phu_Tho,21.3227,105.401,26.5,91,8.6,85,1008.7,1
2023-09-30,Phu_Tho,21.3227,105.401,27.7,85,7.0,48,1007.4,1
2023-10-01,Phu_Tho,21.3227,105.401,28.7,81,10.9,5,1005.7,1
2023-10-02,Phu_Tho,21.3227,105.401,28.4,80,11.8,10,1006.6,0
2023-10-03,Phu_Tho,21.3227,105.401,28.3,79,9.7,47,1006.8,0
2023-10-04,Phu_Tho,21.3227,105.401,29.0,80,14.4,3,1006.1,0
2023-10-05,Phu_Tho,21.3227,105.401,29.2,80,11.7,34,1004.8,0
2023-10-06,Phu_Tho,21.3227,105.401,28.8,82,18.5,55,1005.0,1
2023-10-07,Phu_Tho,21.3227,105.401,25.2,89,13.2,100,1008.2,1
2023-10-08,Phu_Tho,21.3227,105.401,26.4,73,7.9,64,1010.5,0
2023-10-09,Phu_Tho,21.3227,105.401,26.4,69,11.6,74,1011.9,0
2023-10-10,Phu_Tho,21.3227,105.401,25.6,78,8.4,80,1013.1,1
2023-10-11,Phu_Tho,21.3227,105.401,25.4,73,10.5,76,1013.7,0
2023-10-12,Phu_Tho,21.3227,105.401,25.4,80,7.4,70,1014.1,0
2023-10-13,Phu_Tho,21.3227,105.401,25.8,80,10.3,38,1012.5,1
2023-10-14,Phu_Tho,21.3227,105.401,25.4,79,8.9,72,1010.6,1
2023-10-15,Phu_Tho,21.3227,105.401,25.2,75,7.2,53,1010.5,0
2023-10-16,Phu_Tho,21.3227,105.401,25.4,76,7.7,64,1011.0,0
2023-10-17,Phu_Tho,21.3227,105.401,25.7,75,8.4,29,1010.5,0
2023-10-18,Phu_Tho,21.3227,105.401,25.9,79,10.2,87,1009.4,0
2023-10-19,Phu_Tho,21.3227,105.401,27.3,78,14.5,64,1007.9,0
2023-10-20,Phu_Tho,21.3227,105.401,27.4,68,17.6,89,1011.9,1
2023-10-21,Phu_Tho,21.3227,105.401,25.0,56,10.4,80,1015.2,0
2023-10-22,Phu_Tho,21.3227,105.401,23.9,72,7.9,48,1015.0,0
2023-10-23,Phu_Tho,21.3227,105.401,24.6,79,7.1,45,1013.5,0
2023-10-24,Phu_Tho,21.3227,105.401,25.8,79,8.9,55,1012.3,0
2023-10-25,Phu_Tho,21.3227,105.401,27.0,76,13.7,33,1011.2,0
2023-10-26,Phu_Tho,21.3227,105.401,27.3,72,10.5,39,1010.0,0
2023-10-27,Phu_Tho,21.3227,105.401,27.4,71,14.0,57,1009.3,0
2023-10-28,Phu_Tho,21.3227,105.401,26.6,78,13.2,92,1010.3,1
2023-10-29,Phu_Tho,21.3227,105.401,24.8,84,10.0,99,1011.9,1
2023-10-30,Phu_Tho,21.3227,105.401,25.0,79,6.7,91,1014.1,0
2023-10-31,Phu_Tho,21.3227,105.401,25.3,75,8.7,57,1014.8,0
2023-11-01,Phu_Tho,21.3227,105.401,24.6,80,8.2,14,1013.8,1
2023-11-02,Phu_Tho,21.3227,105.401,25.1,76,15.4,40,1010.6,0
2023-11-03,Phu_Tho,21.3227,105.401,26.3,77,13.6,41,1007.6,1
2023-11-04,Phu_Tho,21.3227,105.401,27.0,82,16.7,55,1007.9,1
2023-11-05,Phu_Tho,21.3227,105.401,27.8,80,15.1,77,1008.4,1
2023-11-06,Phu_Tho,21.3227,105.401,25.3,88,15.2,93,1011.5,1
2023-11-07,Phu_Tho,21.3227,105.401,24.5,83,5.5,85,1012.4,1
2023-11-08,Phu_Tho,21.3227,105.401,25.5,80,15.3,63,1009.8,0
2023-11-09,Phu_Tho,21.3227,105.401,27.2,81,14.6,21,1008.8,1
2023-11-10,Phu_Tho,21.3227,105.401,27.6,82,14.2,25,1010.1,1
2023-11-11,Phu_Tho,21.3227,105.401,27.7,81,14.8,26,1011.2,1
2023-11-12,Phu_Tho,21.3227,105.401,25.2,89,13.4,74,1014.2,1
2023-11-13,Phu_Tho,21.3227,105.401,19.5,81,8.5,100,1020.0,1
2023-11-14,Phu_Tho,21.3227,105.401,18.9,78,5.8,82,1019.6,0
2023-11-15,Phu_Tho,21.3227,105.401,20.3,82,7.4,86,1017.6,0
2023-11-16,Phu_Tho,21.3227,105.401,20.4,69,17.9,85,1024.0,1
2023-11-17,Phu_Tho,21.3227,105.401,19.4,70,10.9,45,1022.9,0
2023-11-18,Phu_Tho,21.3227,105.401,19.1,71,8.6,26,1019.9,0
2023-11-19,Phu_Tho,21.3227,105.401,19.5,73,7.1,34,1017.6,0
2023-11-20,Phu_Tho,21.3227,105.401,19.4,78,9.4,7,1015.5,0
2023-11-21,Phu_Tho,21.3227,105.401,19.7,79,12.1,0,1012.8,0
2023-11-22,Phu_Tho,21.3227,105.401,20.3,84,10.8,33,1011.8,0
2023-11-23,Phu_Tho,21.3227,105.401,22.1,80,10.5,62,1013.0,0
2023-11-24,Phu_Tho,21.3227,105.401,22.5,83,7.5,30,1014.8,1
2023-11-25,Phu_Tho,21.3227,105.401,22.7,79,12.9,58,1015.3,0
2023-11-26,Phu_Tho,21.3227,105.401,22.3,78,10.2,80,1016.4,0
2023-11-27,Phu_Tho,21.3227,105.401,22.3,82,8.3,29,1015.5,0
2023-11-28,Phu_Tho,21.3227,105.401,21.9,76,11.1,30,1014.7,0
2023-11-29,Phu_Tho,21.3227,105.401,22.0,81,9.4,64,1013.5,1
2023-11-30,Phu_Tho,21.3227,105.401,22.7,83,10.2,92,1015.6,1
2023-12-01,Phu_Tho,21.3227,105.401,20.8,87,7.7,100,1017.6,1
2023-12-02,Phu_Tho,21.3227,105.401,19.3,79,7.4,100,1017.7,1
2023-12-03,Phu_Tho,21.3227,105.401,20.0,78,7.0,100,1016.7,0
2023-12-04,Phu_Tho,21.3227,105.401,20.2,79,4.7,100,1014.7,0
2023-12-05,Phu_Tho,21.3227,105.401,20.6,78,12.9,98,1011.8,0
2023-12-06,Phu_Tho,21.3227,105.401,20.7,86,12.3,94,1015.7,1
2023-12-07,Phu_Tho,21.3227,105.401,19.3,80,9.2,74,1015.3,0
2023-12-08,Phu_Tho,21.3227,105.401,20.9,73,15.6,56,1010.7,0
2023-12-09,Phu_Tho,21.3227,105.401,22.8,79,18.1,31,1008.1,0
2023-12-10,Phu_Tho,21.3227,105.401,24.2,87,14.1,69,1006.6,1
2023-12-11,Phu_Tho,21.3227,105.401,25.6,84,15.5,56,1008.8,0
2023-12-12,Phu_Tho,21.3227,105.401,25.4,83,20.0,63,1011.0,1
2023-12-13,Phu_Tho,21.3227,105.401,24.5,80,21.2,68,1012.6,1
2023-12-14,Phu_Tho,21.3227,105.401,24.9,80,18.1,53,1011.6,0
2023-12-15,Phu_Tho,21.3227,105.401,25.4,81,15.1,88,1010.2,1
2023-12-16,Phu_Tho,21.3227,105.401,20.9,68,20.3,99,1016.4,1
2023-12-17,Phu_Tho,21.3227,105.401,15.2,63,12.3,78,1021.2,1
2023-12-18,Phu_Tho,21.3227,105.401,15.5,68,8.3,92,1018.5,0
2023-12-19,Phu_Tho,21.3227,105.401,15.7,73,8.1,100,1019.5,1
2023-12-20,Phu_Tho,21.3227,105.401,15.3,64,10.2,82,1022.1,0
2023-12-21,Phu_Tho,21.3227,105.401,15.1,55,18.5,96,1024.2,0
2023-12-22,Phu_Tho,21.3227,105.401,13.2,52,11.5,78,1027.5,0
2023-12-23,Phu_Tho,21.3227,105.401,13.1,66,7.4,60,1027.1,0
2023-12-24,Phu_Tho,21.3227,105.401,14.8,60,8.7,82,1027.0,0
2023-12-25,Phu_Tho,21.3227,105.401,15.1,66,9.8,15,1023.0,0
2023-12-26,Phu_Tho,21.3227,105.401,15.1,65,10.0,0,1020.9,0
2023-12-27,Phu_Tho,21.3227,105.401,16.6,74,10.6,1,1020.0,0
2023-12-28,Phu_Tho,21.3227,105.401,18.2,79,12.4,20,1017.8,0
2023-12-29,Phu_Tho,21.3227,105.401,19.8,79,8.1,55,1016.2,0
2023-12-30,Phu_Tho,21.3227,105.401,20.6,83,8.9,84,1014.7,1
2023-12-31,Phu_Tho,21.3227,105.401,21.7,80,11.6,64,1013.9,1
2024-01-01,Phu_Tho,21.3227,105.401,22.2,77,15.3,46,1013.1,1
2024-01-02,Phu_Tho,21.3227,105.401,23.3,78,17.4,55,1012.2,1
2024-01-03,Phu_Tho,21.3227,105.401,19.1,87,16.3,82,1016.8,1
2024-01-04,Phu_Tho,21.3227,105.401,19.3,72,14.8,68,1015.4,0
2024-01-05,Phu_Tho,21.3227,105.401,20.1,80,12.9,78,1014.2,1
2024-01-06,Phu_Tho,21.3227,105.401,21.9,82,16.0,60,1015.0,1
2024-01-07,Phu_Tho,21.3227,105.401,21.5,83,17.9,62,1014.5,1
2024-01-08,Phu_Tho,21.3227,105.401,22.9,79,18.5,54,1012.4,1
2024-01-09,Phu_Tho,21.3227,105.401,23.1,81,16.4,60,1011.4,1
2024-01-10,Phu_Tho,21.3227,105.401,20.8,86,16.1,100,1013.1,1
2024-01-11,Phu_Tho,21.3227,105.401,19.2,89,4.6,100,1014.1,1
2024-01-12,Phu_Tho,21.3227,105.401,19.1,91,5.2,100,1013.5,1
2024-01-13,Phu_Tho,21.3227,105.401,19.6,90,11.5,99,1014.5,1
2024-01-14,Phu_Tho,21.3227,105.401,20.4,86,10.2,97,1015.9,1
2024-01-15,Phu_Tho,21.3227,105.401,21.4,83,17.6,52,1015.8,1
2024-01-16,Phu_Tho,21.3227,105.401,20.2,89,16.9,70,1015.0,1
2024-01-17,Phu_Tho,21.3227,105.401,21.2,86,20.7,64,1013.3,1
2024-01-18,Phu_Tho,21.3227,105.401,22.6,81,16.9,81,1011.2,1
2024-01-19,Phu_Tho,21.3227,105.401,22.9,80,18.1,73,1009.9,1
2024-01-20,Phu_Tho,21.3227,105.401,21.9,82,22.4,83,1011.6,1
2024-01-21,Phu_Tho,21.3227,105.401,17.1,85,9.1,100,1015.4,1
2024-01-22,Phu_Tho,21.3227,105.401,14.0,85,8.3,100,1020.7,1
2024-01-23,Phu_Tho,21.3227,105.401,11.0,68,12.6,100,1025.8,1
2024-01-24,Phu_Tho,21.3227,105.401,11.3,59,8.9,100,1025.8,0
2024-01-25,Phu_Tho,21.3227,105.401,11.9,59,10.7,95,1025.6,0
2024-01-26,Phu_Tho,21.3227,105.401,12.8,64,7.5,100,1024.3,0
2024-01-27,Phu_Tho,21.3227,105.401,12.7,73,5.8,100,1023.1,0
2024-01-28,Phu_Tho,21.3227,105.401,13.1,75,6.1,100,1022.9,1
2024-01-29,Phu_Tho,21.3227,105.401,14.0,82,7.2,97,1019.2,1
2024-01-30,Phu_Tho,21.3227,105.401,16.4,81,9.8,95,1015.7,0
2024-01-31,Phu_Tho,21.3227,105.401,18.6,84,9.4,96,1013.4,0
2024-02-01,Phu_Tho,21.3227,105.401,21.1,86,12.6,74,1012.1,1
2024-02-02,Phu_Tho,21.3227,105.401,23.3,84,18.8,67,1010.3,1
2024-02-03,Phu_Tho,21.3227,105.401,23.8,86,22.5,77,1010.2,1
2024-02-04,Phu_Tho,21.3227,105.401,24.6,83,18.3,56,1009.5,1
2024-02-05,Phu_Tho,21.3227,105.401,23.4,86,23.5,100,1010.8,1
2024-02-06,Phu_Tho,21.3227,105.401,22.3,84,22.2,100,1011.7,1
2024-02-07,Phu_Tho,21.3227,105.401,18.1,78,15.6,100,1012.1,1
2024-02-08,Phu_Tho,21.3227,105.401,14.7,70,12.6,100,1015.1,1
2024-02-09,Phu_Tho,21.3227,105.401,15.0,68,14.5,99,1021.4,1
2024-02-10,Phu_Tho,21.3227,105.401,16.8,70,9.7,94,1024.2,0
2024-02-11,Phu_Tho,21.3227,105.401,17.2,71,8.6,12,1023.3,0
2024-02-12,Phu_Tho,21.3227,105.401,18.1,71,17.1,6,1019.3,0
2024-02-13,Phu_Tho,21.3227,105.401,19.9,80,20.7,98,1016.0,1
2024-02-14,Phu_Tho,21.3227,105.401,21.9,80,20.0,99,1013.3,1
2024-02-15,Phu_Tho,21.3227,105.401,21.9,84,14.1,96,1015.0,1
2024-02-16,Phu_Tho,21.3227,105.401,20.9,79,16.4,91,1015.3,1
2024-02-17,Phu_Tho,21.3227,105.401,20.9,81,20.9,70,1009.8,1
2024-02-18,Phu_Tho,21.3227,105.401,23.7,82,18.2,63,1007.0,0
2024-02-19,Phu_Tho,21.3227,105.401,24.9,83,21.4,50,1006.5,1
2024-02-20,Phu_Tho,21.3227,105.401,25.5,82,21.4,36,1004.2,0
2024-02-21,Phu_Tho,21.3227,105.401,26.1,82,19.1,64,1004.6,1
2024-02-22,Phu_Tho,21.3227,105.401,25.8,84,20.7,83,1008.3,1
2024-02-23,Phu_Tho,21.3227,105.401,20.5,78,22.4,100,1013.2,1
2024-02-24,Phu_Tho,21.3227,105.401,15.8,82,10.9,100,1017.0,1
2024-02-25,Phu_Tho,21.3227,105.401,14.9,80,10.4,100,1017.5,1
2024-02-26,Phu_Tho,21.3227,105.401,16.0,75,12.9,100,1017.0,0
2024-02-27,Phu_Tho,21.3227,105.401,14.9,74,10.7,100,1017.5,1
2024-02-28,Phu_Tho,21.3227,105.401,16.0,73,12.6,100,1013.6,0
2024-02-29,Phu_Tho,21.3227,105.401,16.9,81,9.1,100,1014.9,1
2024-03-01,Phu_Tho,21.3227,105.401,15.5,68,10.0,100,1018.7,1
2024-03-02,Phu_Tho,21.3227,105.401,15.1,64,11.2,68,1018.5,0
2024-03-03,Phu_Tho,21.3227,105.401,16.4,77,20.0,58,1011.0,0
2024-03-04,Phu_Tho,21.3227,105.401,20.2,82,12.5,56,1003.3,0
2024-03-05,Phu_Tho,21.3227,105.401,23.1,82,11.3,32,1000.5,0
2024-03-06,Phu_Tho,21.3227,105.401,23.3,76,16.9,33,1005.1,0
2024-03-07,Phu_Tho,21.3227,105.401,21.4,64,15.6,100,1011.5,0
2024-03-08,Phu_Tho,21.3227,105.401,20.4,66,12.8,100,1013.5,0
2024-03-09,Phu_Tho,21.3227,105.401,18.6,79,10.2,100,1013.3,1
2024-03-10,Phu_Tho,21.3227,105.401,18.5,82,10.9,100,1015.0,1
2024-03-11,Phu_Tho,21.3227,105.401,19.9,77,10.9,63,1016.6,1
2024-03-12,Phu_Tho,21.3227,105.401,20.3,77,17.8,36,1013.2,0
2024-03-13,Phu_Tho,21.3227,105.401,21.5,81,14.5,92,1010.6,1
2024-03-14,Phu_Tho,21.3227,105.401,22.0,86,15.1,100,1010.0,1
2024-03-15,Phu_Tho,21.3227,105.401,22.6,88,14.5,97,1009.3,1
2024-03-16,Phu_Tho,21.3227,105.401,24.4,88,20.5,97,1010.2,1
2024-03-17,Phu_Tho,21.3227,105.401,24.6,87,18.4,95,1009.6,1
2024-03-18,Phu_Tho,21.3227,105.401,24.9,86,18.0,97,1009.2,1
2024-03-19,Phu_Tho,21.3227,105.401,22.0,77,14.8,100,1016.1,1
2024-03-20,Phu_Tho,21.3227,105.401,20.1,68,9.0,87,1018.7,0
2024-03-21,Phu_Tho,21.3227,105.401,21.0,74,22.5,36,1011.4,0
2024-03-22,Phu_Tho,21.3227,105.401,22.2,82,20.0,67,1004.8,0
2024-03-23,Phu_Tho,21.3227,105.401,25.1,85,21.4,54,1003.0,0
2024-03-24,Phu_Tho,21.3227,105.401,25.7,85,20.9,45,1005.6,0
2024-03-25,Phu_Tho,21.3227,105.401,26.5,83,16.7,54,1007.6,0
2024-03-26,Phu_Tho,21.3227,105.401,26.6,81,20.6,82,1011.2,1
2024-03-27,Phu_Tho,21.3227,105.401,25.6,82,19.1,98,1010.5,1
2024-03-28,Phu_Tho,21.3227,105.401,25.4,84,16.1,92,1009.0,1
2024-03-29,Phu_Tho,21.3227,105.401,23.7,85,12.5,80,1009.5,1
2024-03-30,Phu_Tho,21.3227,105.401,25.5,83,18.5,48,1006.6,1
2024-03-31,Phu_Tho,21.3227,105.401,27.5,82,16.1,79,1003.3,0
2024-04-01,Phu_Tho,21.3227,105.401,28.8,77,17.7,40,999.5,0
2024-04-02,Phu_Tho,21.3227,105.401,28.9,75,16.2,10,998.1,0
2024-04-03,Phu_Tho,21.3227,105.401,29.2,78,18.3,3,999.5,0
2024-04-04,Phu_Tho,21.3227,105.401,29.4,78,18.7,10,1000.4,0
2024-04-05,Phu_Tho,21.3227,105.401,27.3,81,21.7,91,1003.5,1
2024-04-06,Phu_Tho,21.3227,105.401,26.7,83,20.5,100,1004.9,1
2024-04-07,Phu_Tho,21.3227,105.401,26.3,84,18.2,100,1004.2,1
2024-04-08,Phu_Tho,21.3227,105.401,24.4,82,13.8,100,1008.4,1
2024-04-09,Phu_Tho,21.3227,105.401,24.7,77,11.7,100,1011.0,1
2024-04-10,Phu_Tho,21.3227,105.401,24.8,82,13.7,96,1010.5,1
2024-04-11,Phu_Tho,21.3227,105.401,26.2,84,16.9,90,1009.4,1
2024-04-12,Phu_Tho,21.3227,105.401,27.6,79,21.4,90,1007.2,0
2024-04-13,Phu_Tho,21.3227,105.401,27.8,81,20.9,70,1004.4,0
2024-04-14,Phu_Tho,21.3227,105.401,28.1,80,19.0,70,1004.4,0
2024-04-15,Phu_Tho,21.3227,105.401,28.1,81,22.0,94,1005.5,1
2024-04-16,Phu_Tho,21.3227,105.401,28.3,78,21.1,54,1003.4,0
2024-04-17,Phu_Tho,21.3227,105.401,28.6,78,17.7,68,1002.3,1
2024-04-18,Phu_Tho,21.3227,105.401,28.9,77,22.4,71,1000.5,1
2024-04-19,Phu_Tho,21.3227,105.401,29.7,76,17.6,52,997.6,1
2024-04-20,Phu_Tho,21.3227,105.401,30.4,73,13.8,46,997.1,0
2024-04-21,Phu_Tho,21.3227,105.401,28.3,79,21.7,52,1000.4,1
2024-04-22,Phu_Tho,21.3227,105.401,26.9,84,15.8,77,1002.3,1
2024-04-23,Phu_Tho,21.3227,105.401,27.5,85,12.2,83,1002.8,1
2024-04-24,Phu_Tho,21.3227,105.401,27.0,83,16.6,82,1003.1,1
2024-04-25,Phu_Tho,21.3227,105.401,29.2,82,15.5,47,999.4,0
2024-04-26,Phu_Tho,21.3227,105.401,30.2,82,17.1,12,996.8,0
2024-04-27,Phu_Tho,21.3227,105.401,30.3,76,15.7,7,995.6,0
2024-04-28,Phu_Tho,21.3227,105.401,30.1,76,18.7,1,997.9,0
2024-04-29,Phu_Tho,21.3227,105.401,31.0,76,20.2,30,997.5,0
2024-04-30,Phu_Tho,21.3227,105.401,31.1,74,18.9,8,995.2,0
2024-05-01,Phu_Tho,21.3227,105.401,27.9,73,14.5,97,1002.0,1
2024-05-02,Phu_Tho,21.3227,105.401,25.9,83,14.7,99,1004.6,1
2024-05-03,Phu_Tho,21.3227,105.401,26.5,86,21.3,86,1003.7,1
2024-05-04,Phu_Tho,21.3227,105.401,28.9,82,15.6,25,1000.8,1
2024-05-05,Phu_Tho,21.3227,105.401,26.9,81,13.8,89,1004.7,1
2024-05-06,Phu_Tho,21.3227,105.401,26.3,87,16.3,88,1007.0,1
2024-05-07,Phu_Tho,21.3227,105.401,26.5,87,15.5,82,1008.9,1
2024-05-08,Phu_Tho,21.3227,105.401,25.8,90,14.8,100,1008.5,1
2024-05-09,Phu_Tho,21.3227,105.401,25.8,87,12.0,93,1008.9,1
2024-05-10,Phu_Tho,21.3227,105.401,27.0,86,18.6,74,1007.2,1
2024-05-11,Phu_Tho,21.3227,105.401,28.3,83,16.9,51,1006.3,1
2024-05-12,Phu_Tho,21.3227,105.401,27.7,88,11.1,63,1007.0,1
2024-05-13,Phu_Tho,21.3227,105.401,26.7,84,12.9,68,1008.5,1
2024-05-14,Phu_Tho,21.3227,105.401,27.8,82,15.8,28,1007.2,1
2024-05-15,Phu_Tho,21.3227,105.401,27.1,88,12.7,78,1008.5,1
2024-05-16,Phu_Tho,21.3227,105.401,26.6,82,14.0,92,1009.6,1
2024-05-17,Phu_Tho,21.3227,105.401,27.8,75,18.3,74,1006.3,1
2024-05-18,Phu_Tho,21.3227,105.401,28.1,84,23.7,99,1001.1,1
2024-05-19,Phu_Tho,21.3227,105.401,27.3,89,16.3,99,999.4,1
2024-05-20,Phu_Tho,21.3227,105.401,27.1,89,11.2,90,1003.0,1
2024-05-21,Phu_Tho,21.3227,105.401,27.4,87,12.5,86,1004.6,1
2024-05-22,Phu_Tho,21.3227,105.401,27.2,87,9.8,89,1005.4,1
2024-05-23,Phu_Tho,21.3227,105.401,27.5,86,8.4,77,1004.6,1
2024-05-24,Phu_Tho,21.3227,105.401,28.1,83,13.0,67,1004.2,1
2024-05-25,Phu_Tho,21.3227,105.401,28.0,87,16.3,95,1003.6,1
2024-05-26,Phu_Tho,21.3227,105.401,29.8,83,12.3,71,1000.7,1
2024-05-27,Phu_Tho,21.3227,105.401,31.1,78,12.0,80,997.2,1
2024-05-28,Phu_Tho,21.3227,105.401,30.1,82,14.1,100,997.6,1
2024-05-29,Phu_Tho,21.3227,105.401,31.3,79,19.5,96,996.8,1
2024-05-30,Phu_Tho,21.3227,105.401,28.6,87,23.0,100,999.2,1
2024-05-31,Phu_Tho,21.3227,105.401,26.3,86,8.4,88,1003.1,1
2024-06-01,Phu_Tho,21.3227,105.401,29.5,75,10.2,35,1003.9,0
2024-06-02,Phu_Tho,21.3227,105.401,29.5,81,19.9,59,1002.5,1
2024-06-03,Phu_Tho,21.3227,105.401,29.5,85,13.9,100,1000.1,1
2024-06-04,Phu_Tho,21.3227,105.401,28.7,88,19.3,99,1001.0,1
2024-06-05,Phu_Tho,21.3227,105.401,26.6,92,7.6,100,1004.2,1
2024-06-06,Phu_Tho,21.3227,105.401,27.5,82,13.3,97,1004.7,1
2024-06-07,Phu_Tho,21.3227,105.401,27.8,85,12.7,99,1001.6,1
2024-06-08,Phu_Tho,21.3227,105.401,27.2,91,12.0,100,999.7,1
2024-06-09,Phu_Tho,21.3227,105.401,27.1,91,13.9,100,1000.4,1
2024-06-10,Phu_Tho,21.3227,105.401,27.5,89,15.0,99,1001.9,1
2024-06-11,Phu_Tho,21.3227,105.401,28.5,87,15.5,98,1001.3,1
2024-06-12,Phu_Tho,21.3227,105.401,30.2,81,13.0,100,1000.1,1
2024-06-13,Phu_Tho,21.3227,105.401,31.2,79,9.0,100,997.2,0
2024-06-14,Phu_Tho,21.3227,105.401,31.7,70,10.0,100,996.0,1
2024-06-15,Phu_Tho,21.3227,105.401,30.1,84,10.5,100,997.8,1
2024-06-16,Phu_Tho,21.3227,105.401,30.0,83,14.4,100,998.9,1
2024-06-17,Phu_Tho,21.3227,105.401,31.4,78,15.9,100,997.8,1
2024-06-18,Phu_Tho,21.3227,105.401,30.7,79,13.3,100,997.2,1
2024-06-19,Phu_Tho,21.3227,105.401,31.3,78,16.7,100,996.6,1
2024-06-20,Phu_Tho,21.3227,105.401,31.7,74,14.5,100,996.6,1
2024-06-21,Phu_Tho,21.3227,105.401,31.1,78,19.7,100,997.5,1
2024-06-22,Phu_Tho,21.3227,105.401,29.9,84,15.6,97,999.3,1
2024-06-23,Phu_Tho,21.3227,105.401,29.8,83,19.3,93,999.6,1
2024-06-24,Phu_Tho,21.3227,105.401,27.2,90,14.1,100,1000.0,1
2024-06-25,Phu_Tho,21.3227,105.401,27.0,90,12.5,100,1001.7,1
2024-06-26,Phu_Tho,21.3227,105.401,27.1,89,17.1,98,1004.3,1
2024-06-27,Phu_Tho,21.3227,105.401,27.9,85,17.4,88,1005.0,1
2024-06-28,Phu_Tho,21.3227,105.401,29.5,82,17.6,89,1001.7,1
2024-06-29,Phu_Tho,21.3227,105.401,31.0,77,15.3,99,999.2,1
2024-06-30,Phu_Tho,21.3227,105.401,31.9,75,14.8,100,997.8,0
2024-07-01,Phu_Tho,21.3227,105.401,32.2,66,16.2,98,996.0,0
2024-07-02,Phu_Tho,21.3227,105.401,29.2,82,11.7,100,998.3,1
2024-07-03,Phu_Tho,21.3227,105.401,27.8,90,16.5,100,1003.1,1
2024-07-04,Phu_Tho,21.3227,105.401,28.1,86,13.6,93,1005.2,1
2024-07-05,Phu_Tho,21.3227,105.401,29.1,81,16.8,39,1002.4,1
2024-07-06,Phu_Tho,21.3227,105.401,29.4,82,15.4,36,1001.6,1
2024-07-07,Phu_Tho,21.3227,105.401,29.8,80,18.9,19,1002.2,1
2024-07-08,Phu_Tho,21.3227,105.401,30.1,80,16.9,43,1001.0,1
2024-07-09,Phu_Tho,21.3227,105.401,30.6,79,18.4,76,1000.6,1
2024-07-10,Phu_Tho,21.3227,105.401,30.1,81,14.4,53,1001.1,1
2024-07-11,Phu_Tho,21.3227,105.401,30.2,81,15.5,65,999.4,1
2024-07-12,Phu_Tho,21.3227,105.401,30.1,81,14.4,94,997.5,1
2024-07-13,Phu_Tho,21.3227,105.401,29.7,85,15.5,96,997.5,1
2024-07-14,Phu_Tho,21.3227,105.401,28.0,88,17.3,94,1000.8,1
2024-07-15,Phu_Tho,21.3227,105.401,27.8,89,11.4,92,1002.9,1
2024-07-16,Phu_Tho,21.3227,105.401,27.7,88,17.2,89,1002.8,1
2024-07-17,Phu_Tho,21.3227,105.401,27.4,88,16.3,98,1001.9,1
2024-07-18,Phu_Tho,21.3227,105.401,27.1,90,18.9,100,1001.0,1
2024-07-19,Phu_Tho,21.3227,105.401,27.5,88,15.8,84,1000.7,1
2024-07-20,Phu_Tho,21.3227,105.401,27.9,88,15.9,87,1001.5,1
2024-07-21,Phu_Tho,21.3227,105.401,28.6,86,15.5,64,1001.7,1
2024-07-22,Phu_Tho,21.3227,105.401,29.0,86,13.0,94,999.3,1
2024-07-23,Phu_Tho,21.3227,105.401,27.1,93,11.2,100,995.0,1
2024-07-24,Phu_Tho,21.3227,105.401,27.9,88,11.2,98,992.6,1
2024-07-25,Phu_Tho,21.3227,105.401,29.3,87,12.7,86,992.0,1
2024-07-26,Phu_Tho,21.3227,105.401,31.6,79,11.6,86,992.3,0
2024-07-27,Phu_Tho,21.3227,105.401,32.5,77,25.2,94,995.3,1
2024-07-28,Phu_Tho,21.3227,105.401,28.8,87,12.2,100,998.3,1
2024-07-29,Phu_Tho,21.3227,105.401,26.7,92,12.8,100,998.3,1
2024-07-30,Phu_Tho,21.3227,105.401,27.2,93,12.7,100,998.1,1
2024-07-31,Phu_Tho,21.3227,105.401,27.7,92,10.8,100,999.0,1
2024-08-01,Phu_Tho,21.3227,105.401,28.1,88,13.7,100,999.7,1
2024-08-02,Phu_Tho,21.3227,105.401,26.4,95,13.6,96,999.6,1
2024-08-03,Phu_Tho,21.3227,105.401,28.0,85,10.1,64,1001.4,1
2024-08-04,Phu_Tho,21.3227,105.401,28.7,85,10.4,48,1003.2,1
2024-08-05,Phu_Tho,21.3227,105.401,28.9,84,11.4,46,1002.7,1
2024-08-06,Phu_Tho,21.3227,105.401,29.4,84,10.9,78,1001.6,1
2024-08-07,Phu_Tho,21.3227,105.401,29.9,82,14.8,51,1001.7,1
2024-08-08,Phu_Tho,21.3227,105.401,30.6,80,14.0,27,1001.1,1
2024-08-09,Phu_Tho,21.3227,105.401,31.7,76,16.6,43,998.4,1
2024-08-10,Phu_Tho,21.3227,105.401,32.0,76,9.8,78,997.0,1
2024-08-11,Phu_Tho,21.3227,105.401,29.6,81,21.9,100,998.1,1
2024-08-12,Phu_Tho,21.3227,105.401,28.4,85,11.0,100,998.8,1
2024-08-13,Phu_Tho,21.3227,105.401,27.5,89,9.8,100,1001.4,1
2024-08-14,Phu_Tho,21.3227,105.401,27.8,89,8.3,98,1002.2,1
2024-08-15,Phu_Tho,21.3227,105.401,28.7,88,11.8,92,1001.2,1
2024-08-16,Phu_Tho,21.3227,105.401,29.4,83,16.0,63,1001.0,1
2024-08-17,Phu_Tho,21.3227,105.401,28.8,85,12.0,95,1002.5,1
2024-08-18,Phu_Tho,21.3227,105.401,29.6,86,10.6,91,1002.2,1
2024-08-19,Phu_Tho,21.3227,105.401,29.6,86,8.4,100,1000.6,1
2024-08-20,Phu_Tho,21.3227,105.401,29.3,87,9.8,96,1000.9,1
2024-08-21,Phu_Tho,21.3227,105.401,28.3,88,12.5,99,1002.5,1
2024-08-22,Phu_Tho,21.3227,105.401,28.5,87,11.8,100,1003.7,1
2024-08-23,Phu_Tho,21.3227,105.401,27.3,89,12.8,100,1005.4,1
2024-08-24,Phu_Tho,21.3227,105.401,27.3,88,13.8,100,1004.6,1
2024-08-25,Phu_Tho,21.3227,105.401,26.8,90,11.4,100,1003.6,1
2024-08-26,Phu_Tho,21.3227,105.401,27.8,87,13.4,78,1003.3,1
2024-08-27,Phu_Tho,21.3227,105.401,28.7,86,14.5,44,1002.8,1
2024-08-28,Phu_Tho,21.3227,105.401,30.2,81,7.6,39,1000.9,0
2024-08-29,Phu_Tho,21.3227,105.401,30.6,81,10.5,80,1000.6,0
2024-08-30,Phu_Tho,21.3227,105.401,28.0,85,16.6,74,1002.2,1
2024-08-31,Phu_Tho,21.3227,105.401,28.4,84,12.5,64,1003.6,1
2024-09-01,Phu_Tho,21.3227,105.401,27.9,88,12.5,97,1004.2,1
2024-09-02,Phu_Tho,21.3227,105.401,28.9,83,13.2,96,1004.5,1
2024-09-03,Phu_Tho,21.3227,105.401,29.0,84,14.6,97,1003.9,1
2024-09-04,Phu_Tho,21.3227,105.401,30.3,79,4.9,58,1000.2,0
2024-09-05,Phu_Tho,21.3227,105.401,30.6,82,14.5,23,998.3,1
2024-09-06,Phu_Tho,21.3227,105.401,28.9,83,18.9,84,997.6,1
2024-09-07,Phu_Tho,21.3227,105.401,26.4,89,48.2,100,993.0,1
2024-09-08,Phu_Tho,21.3227,105.401,27.4,90,28.5,100,995.0,1
2024-09-09,Phu_Tho,21.3227,105.401,26.4,93,17.9,100,1000.0,1
2024-09-10,Phu_Tho,21.3227,105.401,25.6,93,8.9,100,1003.0,1
2024-09-11,Phu_Tho,21.3227,105.401,25.4,94,10.7,100,1004.8,1
2024-09-12,Phu_Tho,21.3227,105.401,27.0,88,9.4,76,1004.3,1
2024-09-13,Phu_Tho,21.3227,105.401,27.9,86,13.4,46,1002.1,1
2024-09-14,Phu_Tho,21.3227,105.401,28.3,86,10.6,93,999.8,1
2024-09-15,Phu_Tho,21.3227,105.401,28.5,85,17.0,81,999.3,1
2024-09-16,Phu_Tho,21.3227,105.401,27.5,87,16.1,65,1001.8,1
2024-09-17,Phu_Tho,21.3227,105.401,26.7,89,20.4,90,1002.8,1
2024-09-18,Phu_Tho,21.3227,105.401,27.5,86,16.1,74,1001.6,1
2024-09-19,Phu_Tho,21.3227,105.401,26.9,87,17.2,65,1000.4,1
2024-09-20,Phu_Tho,21.3227,105.401,27.7,88,16.3,90,1000.5,1
2024-09-21,Phu_Tho,21.3227,105.401,27.5,89,16.3,94,1001.8,1
2024-09-22,Phu_Tho,21.3227,105.401,26.6,90,14.0,100,1003.2,1
2024-09-23,Phu_Tho,21.3227,105.401,26.4,79,10.9,96,1006.5,1
2024-09-24,Phu_Tho,21.3227,105.401,26.5,77,9.1,32,1006.9,0
2024-09-25,Phu_Tho,21.3227,105.401,25.9,83,8.8,69,1007.7,0
2024-09-26,Phu_Tho,21.3227,105.401,27.3,80,10.9,46,1007.6,0
2024-09-27,Phu_Tho,21.3227,105.401,28.1,79,16.7,35,1006.5,0
2024-09-28,Phu_Tho,21.3227,105.401,29.2,80,18.6,66,1004.0,0
2024-09-29,Phu_Tho,21.3227,105.401,28.3,88,17.8,94,1002.9,1
2024-09-30,Phu_Tho,21.3227,105.401,26.5,91,17.9,98,1003.0,1
2024-10-01,Phu_Tho,21.3227,105.401,26.5,78,15.6,94,1007.5,1
2024-10-02,Phu_Tho,21.3227,105.401,25.2,65,12.2,82,1012.0,0
2024-10-03,Phu_Tho,21.3227,105.401,24.4,69,10.4,61,1012.6,0
2024-10-04,Phu_Tho,21.3227,105.401,23.9,74,8.1,67,1012.1,0
2024-10-05,Phu_Tho,21.3227,105.401,24.6,74,8.6,3,1011.1,0
2024-10-06,Phu_Tho,21.3227,105.401,25.5,76,10.3,4,1011.6,0
2024-10-07,Phu_Tho,21.3227,105.401,26.5,74,9.8,21,1012.4,0
2024-10-08,Phu_Tho,21.3227,105.401,26.1,76,12.8,17,1011.9,0
2024-10-09,Phu_Tho,21.3227,105.401,26.3,73,8.7,31,1010.8,1
2024-10-10,Phu_Tho,21.3227,105.401,26.0,74,9.9,9,1009.9,0
2024-10-11,Phu_Tho,21.3227,105.401,25.9,75,12.1,20,1009.4,0
2024-10-12,Phu_Tho,21.3227,105.401,26.5,77,13.8,29,1010.0,1
2024-10-13,Phu_Tho,21.3227,105.401,27.1,77,13.2,20,1009.7,1
2024-10-14,Phu_Tho,21.3227,105.401,27.3,78,9.2,47,1008.8,0
2024-10-15,Phu_Tho,21.3227,105.401,26.3,85,11.3,46,1009.5,1
2024-10-16,Phu_Tho,21.3227,105.401,26.3,84,10.3,71,1010.1,1
2024-10-17,Phu_Tho,21.3227,105.401,26.9,85,14.0,54,1008.2,1
2024-10-18,Phu_Tho,21.3227,105.401,27.6,82,12.1,48,1007.5,1
2024-10-19,Phu_Tho,21.3227,105.401,27.6,82,11.8,33,1009.9,1
2024-10-20,Phu_Tho,21.3227,105.401,27.2,81,9.2,60,1011.9,1
2024-10-21,Phu_Tho,21.3227,105.401,26.1,87,11.3,79,1011.3,1
2024-10-22,Phu_Tho,21.3227,105.401,26.9,82,11.7,58,1011.6,1
2024-10-23,Phu_Tho,21.3227,105.401,26.3,67,10.2,54,1012.5,1
2024-10-24,Phu_Tho,21.3227,105.401,24.9,72,8.3,76,1009.6,0
2024-10-25,Phu_Tho,21.3227,105.401,24.3,75,7.3,72,1007.1,0
2024-10-26,Phu_Tho,21.3227,105.401,25.2,68,11.2,93,1005.8,0
2024-10-27,Phu_Tho,21.3227,105.401,22.9,74,23.8,100,1007.8,1
2024-10-28,Phu_Tho,21.3227,105.401,22.6,78,15.1,98,1008.8,1
2024-10-29,Phu_Tho,21.3227,105.401,23.3,77,8.9,66,1008.4,0
2024-10-30,Phu_Tho,21.3227,105.401,24.3,78,10.7,20,1008.6,0
2024-10-31,Phu_Tho,21.3227,105.401,25.4,80,8.8,14,1007.2,0
2024-11-01,Phu_Tho,21.3227,105.401,26.4,71,13.2,22,1009.5,0
2024-11-02,Phu_Tho,21.3227,105.401,24.4,62,9.8,2,1014.0,0
2024-11-03,Phu_Tho,21.3227,105.401,23.8,69,10.3,21,1014.2,0
2024-11-04,Phu_Tho,21.3227,105.401,24.7,69,7.5,93,1014.2,0
2024-11-05,Phu_Tho,21.3227,105.401,24.3,76,11.3,96,1015.8,1
2024-11-06,Phu_Tho,21.3227,105.401,24.4,71,6.0,95,1016.3,0
2024-11-07,Phu_Tho,21.3227,105.401,23.9,70,9.2,49,1016.0,0
2024-11-08,Phu_Tho,21.3227,105.401,23.2,72,6.9,23,1014.6,0
2024-11-09,Phu_Tho,21.3227,105.401,23.2,74,7.9,3,1012.3,0
2024-11-10,Phu_Tho,21.3227,105.401,24.1,72,7.6,4,1012.2,0
2024-11-11,Phu_Tho,21.3227,105.401,24.9,73,10.9,23,1011.1,0
2024-11-12,Phu_Tho,21.3227,105.401,26.0,73,12.3,39,1009.2,0
2024-11-13,Phu_Tho,21.3227,105.401,27.0,70,16.8,9,1007.5,0
2024-11-14,Phu_Tho,21.3227,105.401,27.0,75,11.1,48,1007.0,1
2024-11-15,Phu_Tho,21.3227,105.401,27.5,75,12.1,43,1006.1,0
2024-11-16,Phu_Tho,21.3227,105.401,27.6,76,16.1,28,1007.4,1
2024-11-17,Phu_Tho,21.3227,105.401,26.6,77,8.3,27,1010.1,1
2024-11-18,Phu_Tho,21.3227,105.401,24.5,83,9.8,57,1013.0,1
2024-11-19,Phu_Tho,21.3227,105.401,25.4,70,15.9,45,1014.2,1
2024-11-20,Phu_Tho,21.3227,105.401,24.3,61,12.6,12,1014.6,0
2024-11-21,Phu_Tho,21.3227,105.401,22.6,65,10.5,18,1014.8,0
2024-11-22,Phu_Tho,21.3227,105.401,22.8,64,8.1,65,1015.2,0
2024-11-23,Phu_Tho,21.3227,105.401,23.4,56,12.0,59,1015.2,0
2024-11-24,Phu_Tho,21.3227,105.401,22.9,71,12.4,43,1014.1,0
2024-11-25,Phu_Tho,21.3227,105.401,24.6,73,13.2,73,1013.5,1
2024-11-26,Phu_Tho,21.3227,105.401,21.3,79,9.7,100,1016.2,1
2024-11-27,Phu_Tho,21.3227,105.401,20.3,74,8.3,100,1018.1,1
2024-11-28,Phu_Tho,21.3227,105.401,20.3,54,12.3,63,1020.5,0
2024-11-29,Phu_Tho,21.3227,105.401,19.3,65,8.6,13,1018.1,0
2024-11-30,Phu_Tho,21.3227,105.401,19.6,65,13.8,55,1013.4,0
2024-12-01,Phu_Tho,21.3227,105.401,20.4,73,15.7,72,1009.7,0
2024-12-02,Phu_Tho,21.3227,105.401,22.7,75,14.3,92,1010.1,1
2024-12-03,Phu_Tho,21.3227,105.401,22.9,82,16.2,82,1010.4,1
2024-12-04,Phu_Tho,21.3227,105.401,23.5,76,19.6,90,1010.7,1
2024-12-05,Phu_Tho,21.3227,105.401,23.1,74,17.3,88,1011.1,0
2024-12-06,Phu_Tho,21.3227,105.401,21.7,79,21.3,91,1011.0,1
2024-12-07,Phu_Tho,21.3227,105.401,19.6,79,10.9,100,1014.9,1
2024-12-08,Phu_Tho,21.3227,105.401,17.9,72,9.3,90,1018.1,1
2024-12-09,Phu_Tho,21.3227,105.401,18.5,69,12.2,85,1014.9,0
2024-12-10,Phu_Tho,21.3227,105.401,20.5,79,13.0,81,1010.5,1
2024-12-11,Phu_Tho,21.3227,105.401,20.4,77,12.9,100,1013.0,1
2024-12-12,Phu_Tho,21.3227,105.401,18.1,72,8.2,100,1015.1,1
2024-12-13,Phu_Tho,21.3227,105.401,17.6,69,6.2,100,1018.3,1
2024-12-14,Phu_Tho,21.3227,105.401,16.5,59,8.7,100,1022.8,1
2024-12-15,Phu_Tho,21.3227,105.401,15.3,59,9.9,99,1023.5,1
2024-12-16,Phu_Tho,21.3227,105.401,15.7,73,9.4,52,1020.2,0
2024-12-17,Phu_Tho,21.3227,105.401,16.3,71,9.5,20,1016.9,0
2024-12-18,Phu_Tho,21.3227,105.401,18.0,66,9.9,56,1018.2,0
2024-12-19,Phu_Tho,21.3227,105.401,16.9,63,13.3,43,1018.3,0
2024-12-20,Phu_Tho,21.3227,105.401,16.5,63,16.8,3,1016.0,0
2024-12-21,Phu_Tho,21.3227,105.401,16.4,70,10.5,84,1017.3,0
2024-12-22,Phu_Tho,21.3227,105.401,17.0,67,13.2,64,1017.2,0
2024-12-23,Phu_Tho,21.3227,105.401,16.4,70,6.7,83,1016.7,0
2024-12-24,Phu_Tho,21.3227,105.401,16.7,68,8.1,62,1017.9,0
2024-12-25,Phu_Tho,21.3227,105.401,17.8,70,9.3,39,1016.9,0
2024-12-26,Phu_Tho,21.3227,105.401,19.3,65,9.9,92,1018.9,0
2024-12-27,Phu_Tho,21.3227,105.401,19.1,66,9.6,100,1021.0,1
2024-12-28,Phu_Tho,21.3227,105.401,18.0,64,9.5,58,1023.0,1
2024-12-29,Phu_Tho,21.3227,105.401,17.0,62,16.8,14,1018.0,0
2024-12-30,Phu_Tho,21.3227,105.401,17.3,76,11.5,67,1017.2,0
2024-12-31,Phu_Tho,21.3227,105.401,18.0,76,8.8,62,1017.8,0
2025-01-01,Phu_Tho,21.3227,105.401,17.6,76,11.0,11,1014.0,0
2025-01-02,Phu_Tho,21.3227,105.401,18.8,71,11.6,29,1015.2,0
2025-01-03,Phu_Tho,21.3227,105.401,19.7,66,12.3,27,1016.7,0
2025-01-04,Phu_Tho,21.3227,105.401,19.2,61,13.9,25,1015.4,0
2025-01-05,Phu_Tho,21.3227,105.401,19.6,64,8.9,32,1017.2,0
2025-01-06,Phu_Tho,21.3227,105.401,18.9,63,12.1,4,1014.4,0
2025-01-07,Phu_Tho,21.3227,105.401,18.8,73,15.2,25,1013.8,0
2025-01-08,Phu_Tho,21.3227,105.401,19.8,77,18.0,54,1014.6,1
2025-01-09,Phu_Tho,21.3227,105.401,19.3,62,15.5,98,1018.1,0
2025-01-10,Phu_Tho,21.3227,105.401,17.6,47,9.4,77,1024.4,0
2025-01-11,Phu_Tho,21.3227,105.401,16.0,45,12.8,68,1027.3,0
2025-01-12,Phu_Tho,21.3227,105.401,14.7,59,7.3,22,1023.3,0
2025-01-13,Phu_Tho,21.3227,105.401,15.2,58,10.8,1,1018.4,0
2025-01-14,Phu_Tho,21.3227,105.401,16.9,71,10.1,4,1017.7,0
2025-01-15,Phu_Tho,21.3227,105.401,18.7,60,14.0,42,1021.4,0
2025-01-16,Phu_Tho,21.3227,105.401,17.8,58,13.5,14,1021.4,0
2025-01-17,Phu_Tho,21.3227,105.401,17.6,64,20.2,3,1017.4,0
2025-01-18,Phu_Tho,21.3227,105.401,16.7,72,13.7,61,1015.6,0
2025-01-19,Phu_Tho,21.3227,105.401,18.1,66,10.4,43,1013.6,0
2025-01-20,Phu_Tho,21.3227,105.401,18.3,67,10.9,8,1012.2,0
2025-01-21,Phu_Tho,21.3227,105.401,19.3,63,20.3,17,1011.3,0
2025-01-22,Phu_Tho,21.3227,105.401,18.9,79,15.0,79,1011.9,1
2025-01-23,Phu_Tho,21.3227,105.401,19.6,81,17.3,70,1010.8,1
2025-01-24,Phu_Tho,21.3227,105.401,21.4,78,18.4,59,1007.0,1
2025-01-25,Phu_Tho,21.3227,105.401,22.6,80,22.0,91,1008.7,1
2025-01-26,Phu_Tho,21.3227,105.401,16.8,64,20.6,100,1020.8,1
2025-01-27,Phu_Tho,21.3227,105.401,15.9,47,12.1,86,1020.5,1
2025-01-28,Phu_Tho,21.3227,105.401,14.3,54,6.9,55,1021.5,0
2025-01-29,Phu_Tho,21.3227,105.401,14.0,64,14.7,21,1019.9,0
2025-01-30,Phu_Tho,21.3227,105.401,17.6,68,23.3,18,1012.3,0
2025-01-31,Phu_Tho,21.3227,105.401,21.1,75,19.3,58,1008.7,0
2025-02-01,Phu_Tho,21.3227,105.401,21.7,80,21.1,95,1007.1,0
2025-02-02,Phu_Tho,21.3227,105.401,21.4,80,19.2,97,1008.5,1
2025-02-03,Phu_Tho,21.3227,105.401,17.9,65,17.3,100,1017.0,1
2025-02-04,Phu_Tho,21.3227,105.401,16.9,50,11.2,83,1018.7,0
2025-02-05,Phu_Tho,21.3227,105.401,17.1,69,15.9,94,1013.4,0
2025-02-06,Phu_Tho,21.3227,105.401,18.0,80,14.7,100,1011.9,1
2025-02-07,Phu_Tho,21.3227,105.401,16.3,79,9.0,100,1018.2,1
2025-02-08,Phu_Tho,21.3227,105.401,14.8,64,14.9,100,1021.4,0
2025-02-09,Phu_Tho,21.3227,105.401,14.7,54,10.9,64,1019.9,0
2025-02-10,Phu_Tho,21.3227,105.401,15.2,68,11.3,49,1016.8,0
2025-02-11,Phu_Tho,21.3227,105.401,17.8,78,21.7,54,1013.2,1
2025-02-12,Phu_Tho,21.3227,105.401,19.8,80,13.5,76,1013.2,1
2025-02-13,Phu_Tho,21.3227,105.401,20.2,74,15.5,81,1014.1,1
2025-02-14,Phu_Tho,21.3227,105.401,20.1,76,16.6,93,1011.5,0
2025-02-15,Phu_Tho,21.3227,105.401,21.8,81,17.9,86,1009.2,0
2025-02-16,Phu_Tho,21.3227,105.401,18.8,82,16.7,98,1013.0,1
2025-02-17,Phu_Tho,21.3227,105.401,18.8,82,8.8,100,1015.3,1
2025-02-18,Phu_Tho,21.3227,105.401,18.0,84,11.3,100,1016.3,1
2025-02-19,Phu_Tho,21.3227,105.401,18.1,82,12.8,100,1015.3,1
2025-02-20,Phu_Tho,21.3227,105.401,20.2,84,14.2,96,1015.0,1
2025-02-21,Phu_Tho,21.3227,105.401,20.2,83,20.8,98,1015.9,1
2025-02-22,Phu_Tho,21.3227,105.401,19.0,86,13.1,100,1016.8,1
2025-02-23,Phu_Tho,21.3227,105.401,18.0,83,9.8,100,1021.1,1
2025-02-24,Phu_Tho,21.3227,105.401,15.0,83,7.1,100,1024.1,1
2025-02-25,Phu_Tho,21.3227,105.401,15.1,88,6.5,100,1022.2,1
2025-02-26,Phu_Tho,21.3227,105.401,16.7,83,13.0,86,1019.0,1
2025-02-27,Phu_Tho,21.3227,105.401,18.9,81,19.0,68,1013.5,0
2025-02-28,Phu_Tho,21.3227,105.401,20.8,83,21.7,88,1010.6,1
2025-03-01,Phu_Tho,21.3227,105.401,23.6,81,24.6,78,1006.9,1
2025-03-02,Phu_Tho,21.3227,105.401,24.4,83,20.9,60,1004.7,1
2025-03-03,Phu_Tho,21.3227,105.401,24.7,86,17.4,69,1004.0,1
2025-03-04,Phu_Tho,21.3227,105.401,25.9,83,20.5,65,1002.8,1
2025-03-05,Phu_Tho,21.3227,105.401,24.0,83,21.3,99,1005.5,1
2025-03-06,Phu_Tho,21.3227,105.401,17.5,73,14.7,100,1016.0,1
2025-03-07,Phu_Tho,21.3227,105.401,17.1,57,12.5,80,1017.8,0
2025-03-08,Phu_Tho,21.3227,105.401,17.1,65,12.3,82,1016.4,0
2025-03-09,Phu_Tho,21.3227,105.401,18.7,78,12.7,99,1016.5,0
2025-03-10,Phu_Tho,21.3227,105.401,20.6,83,14.6,88,1015.2,1
2025-03-11,Phu_Tho,21.3227,105.401,22.0,84,19.5,81,1010.4,0
2025-03-12,Phu_Tho,21.3227,105.401,23.8,86,20.3,83,1007.3,1
2025-03-13,Phu_Tho,21.3227,105.401,24.4,87,23.2,82,1006.6,1
2025-03-14,Phu_Tho,21.3227,105.401,25.4,85,18.7,75,1006.7,0
2025-03-15,Phu_Tho,21.3227,105.401,25.1,80,18.6,98,1009.1,1
2025-03-16,Phu_Tho,21.3227,105.401,20.3,62,15.5,60,1016.3,1
2025-03-17,Phu_Tho,21.3227,105.401,18.7,57,16.3,83,1017.0,0
2025-03-18,Phu_Tho,21.3227,105.401,18.4,58,15.5,98,1020.3,0
2025-03-19,Phu_Tho,21.3227,105.401,18.9,57,14.9,72,1021.8,0
2025-03-20,Phu_Tho,21.3227,105.401,18.9,63,11.5,26,1020.6,0
2025-03-21,Phu_Tho,21.3227,105.401,19.8,60,13.6,34,1018.3,0
2025-03-22,Phu_Tho,21.3227,105.401,20.6,62,13.5,32,1015.6,0
2025-03-23,Phu_Tho,21.3227,105.401,21.8,75,16.4,15,1013.0,0
2025-03-24,Phu_Tho,21.3227,105.401,23.2,75,17.3,10,1009.5,0
2025-03-25,Phu_Tho,21.3227,105.401,24.2,77,20.0,33,1004.2,0
2025-03-26,Phu_Tho,21.3227,105.401,24.6,79,20.4,35,1001.1,1
2025-03-27,Phu_Tho,21.3227,105.401,26.1,81,19.4,43,998.2,1
2025-03-28,Phu_Tho,21.3227,105.401,26.8,78,18.7,57,1002.6,1
2025-03-29,Phu_Tho,21.3227,105.401,20.2,71,17.4,100,1011.9,1
2025-03-30,Phu_Tho,21.3227,105.401,16.8,68,14.4,94,1017.5,1
2025-03-31,Phu_Tho,21.3227,105.401,17.0,58,11.2,84,1016.7,0
2025-04-01,Phu_Tho,21.3227,105.401,19.0,63,11.3,69,1015.6,0
2025-04-02,Phu_Tho,21.3227,105.401,19.8,72,7.0,77,1015.1,0
2025-04-03,Phu_Tho,21.3227,105.401,21.5,66,20.5,9,1013.5,0
2025-04-04,Phu_Tho,21.3227,105.401,22.1,75,24.3,52,1009.1,1
2025-04-05,Phu_Tho,21.3227,105.401,22.7,81,15.7,100,1010.2,1
2025-04-06,Phu_Tho,21.3227,105.401,23.7,80,16.7,97,1010.7,1
2025-04-07,Phu_Tho,21.3227,105.401,23.0,83,13.8,90,1011.8,1
2025-04-08,Phu_Tho,21.3227,105.401,24.3,82,20.0,82,1010.7,0
2025-04-09,Phu_Tho,21.3227,105.401,25.8,81,20.5,95,1006.5,0
2025-04-10,Phu_Tho,21.3227,105.401,25.7,82,18.6,87,1003.0,1
2025-04-11,Phu_Tho,21.3227,105.401,27.2,79,19.6,66,1000.7,0
2025-04-12,Phu_Tho,21.3227,105.401,26.4,82,16.7,81,1004.8,1
2025-04-13,Phu_Tho,21.3227,105.401,22.5,63,22.3,59,1013.7,1
2025-04-14,Phu_Tho,21.3227,105.401,21.8,75,10.6,98,1011.4,1
2025-04-15,Phu_Tho,21.3227,105.401,24.3,69,16.4,74,1008.5,0
2025-04-16,Phu_Tho,21.3227,105.401,24.6,67,23.5,92,1004.7,0
2025-04-17,Phu_Tho,21.3227,105.401,26.3,79,20.5,57,1001.7,0
2025-04-18,Phu_Tho,21.3227,105.401,28.2,80,17.5,43,1000.6,0
2025-04-19,Phu_Tho,21.3227,105.401,29.5,76,18.7,32,1000.8,0
2025-04-20,Phu_Tho,21.3227,105.401,29.8,74,18.9,29,1002.0,1
2025-04-21,Phu_Tho,21.3227,105.401,29.8,74,20.5,23,1003.3,0
2025-04-22,Phu_Tho,21.3227,105.401,29.4,77,15.5,38,1002.6,0
2025-04-23,Phu_Tho,21.3227,105.401,28.7,82,20.4,71,1001.5,1
2025-04-24,Phu_Tho,21.3227,105.401,28.6,79,16.3,78,1002.6,1
2025-04-25,Phu_Tho,21.3227,105.401,26.5,79,18.1,69,1006.8,1
2025-04-26,Phu_Tho,21.3227,105.401,26.8,81,20.0,83,1006.6,1
2025-04-27,Phu_Tho,21.3227,105.401,28.4,81,19.2,71,1005.7,1
2025-04-28,Phu_Tho,21.3227,105.401,25.8,86,20.1,96,1008.1,1
2025-04-29,Phu_Tho,21.3227,105.401,26.4,84,15.7,84,1008.2,1
2025-04-30,Phu_Tho,21.3227,105.401,26.6,86,14.3,81,1007.4,1
2025-05-01,Phu_Tho,21.3227,105.401,25.6,85,11.9,82,1010.0,1
2025-05-02,Phu_Tho,21.3227,105.401,27.1,77,14.8,37,1006.5,0
2025-05-03,Phu_Tho,21.3227,105.401,27.8,80,16.7,60,1003.4,0
2025-05-04,Phu_Tho,21.3227,105.401,29.1,80,17.7,42,1000.8,1
2025-05-05,Phu_Tho,21.3227,105.401,29.8,79,17.8,19,1000.3,0
2025-05-06,Phu_Tho,21.3227,105.401,29.9,79,19.1,60,1001.1,1
2025-05-07,Phu_Tho,21.3227,105.401,30.1,81,21.4,83,999.5,1
2025-05-08,Phu_Tho,21.3227,105.401,30.9,79,20.3,65,998.0,0
2025-05-09,Phu_Tho,21.3227,105.401,29.3,80,13.6,65,1001.6,1
2025-05-10,Phu_Tho,21.3227,105.401,27.2,84,20.5,96,1005.0,1
2025-05-11,Phu_Tho,21.3227,105.401,24.0,74,19.2,96,1008.9,1
2025-05-12,Phu_Tho,21.3227,105.401,24.3,69,14.5,48,1006.9,0
2025-05-13,Phu_Tho,21.3227,105.401,25.9,73,20.6,15,1005.8,0
2025-05-14,Phu_Tho,21.3227,105.401,27.2,82,19.9,52,1006.0,1
2025-05-15,Phu_Tho,21.3227,105.401,26.8,88,14.5,98,1005.9,1
2025-05-16,Phu_Tho,21.3227,105.401,27.2,90,16.1,99,1004.5,1
2025-05-17,Phu_Tho,21.3227,105.401,27.8,88,15.3,94,1004.4,1
2025-05-18,Phu_Tho,21.3227,105.401,27.6,88,24.8,96,1004.5,1
2025-05-19,Phu_Tho,21.3227,105.401,27.7,86,16.4,94,1003.2,1
2025-05-20,Phu_Tho,21.3227,105.401,29.5,83,21.0,82,1000.8,1
2025-05-21,Phu_Tho,21.3227,105.401,29.8,81,18.0,87,1001.1,1
2025-05-22,Phu_Tho,21.3227,105.401,29.0,85,19.6,100,1000.3,1
2025-05-23,Phu_Tho,21.3227,105.401,27.3,88,16.5,100,1002.0,1
2025-05-24,Phu_Tho,21.3227,105.401,25.1,84,23.2,98,1007.7,1
2025-05-25,Phu_Tho,21.3227,105.401,25.5,70,12.6,100,1010.7,1
2025-05-26,Phu_Tho,21.3227,105.401,25.6,71,11.6,98,1010.4,0
2025-05-27,Phu_Tho,21.3227,105.401,25.2,82,14.0,100,1007.8,1
2025-05-28,Phu_Tho,21.3227,105.401,27.6,83,14.7,78,1004.0,1
2025-05-29,Phu_Tho,21.3227,105.401,27.2,87,13.6,99,1003.8,1
2025-05-30,Phu_Tho,21.3227,105.401,27.1,83,17.2,90,1003.5,1
2025-05-31,Phu_Tho,21.3227,105.401,30.0,78,20.7,85,999.5,1
2025-06-01,Phu_Tho,21.3227,105.401,32.8,65,20.4,74,995.2,0
2025-06-02,Phu_Tho,21.3227,105.401,33.2,63,19.7,90,995.6,0
2025-06-03,Phu_Tho,21.3227,105.401,28.7,83,12.1,100,1000.5,1
2025-06-04,Phu_Tho,21.3227,105.401,27.9,86,12.1,90,1003.1,1
2025-06-05,Phu_Tho,21.3227,105.401,28.8,82,16.6,62,1003.2,1
2025-06-06,Phu_Tho,21.3227,105.401,29.6,82,18.4,34,1001.6,1
2025-06-07,Phu_Tho,21.3227,105.401,29.7,84,22.5,88,1000.7,1
2025-06-08,Phu_Tho,21.3227,105.401,29.5,83,14.1,95,1000.3,1
2025-06-09,Phu_Tho,21.3227,105.401,28.6,86,9.6,91,1000.5,1
2025-06-10,Phu_Tho,21.3227,105.401,27.4,85,19.7,93,1001.7,1
2025-06-11,Phu_Tho,21.3227,105.401,29.0,75,14.7,74,1001.0,0
2025-06-12,Phu_Tho,21.3227,105.401,29.8,73,15.5,97,999.8,1
2025-06-13,Phu_Tho,21.3227,105.401,29.1,80,23.5,97,999.1,1
2025-06-14,Phu_Tho,21.3227,105.401,30.8,77,13.4,84,997.7,0
2025-06-15,Phu_Tho,21.3227,105.401,29.6,83,13.5,98,998.8,1
2025-06-16,Phu_Tho,21.3227,105.401,28.3,82,14.9,91,1000.7,1
2025-06-17,Phu_Tho,21.3227,105.401,29.1,85,20.1,98,1000.2,1
2025-06-18,Phu_Tho,21.3227,105.401,30.5,78,18.7,100,999.1,1
2025-06-19,Phu_Tho,21.3227,105.401,30.5,80,17.8,100,998.8,1
2025-06-20,Phu_Tho,21.3227,105.401,29.4,84,17.9,100,999.5,1
2025-06-21,Phu_Tho,21.3227,105.401,27.5,90,15.5,100,1001.0,1
2025-06-22,Phu_Tho,21.3227,105.401,27.3,88,17.2,100,1002.0,1
2025-06-23,Phu_Tho,21.3227,105.401,28.7,84,16.1,91,1000.7,1
2025-06-24,Phu_Tho,21.3227,105.401,28.9,84,18.2,98,1001.0,1
2025-06-25,Phu_Tho,21.3227,105.401,28.7,84,14.3,69,1002.8,1
2025-06-26,Phu_Tho,21.3227,105.401,29.1,85,11.5,68,1001.7,1
2025-06-27,Phu_Tho,21.3227,105.401,27.3,90,17.4,100,1000.5,1
2025-06-28,Phu_Tho,21.3227,105.401,27.0,90,12.1,100,999.8,1
2025-06-29,Phu_Tho,21.3227,105.401,27.3,89,12.6,100,997.6,1
2025-06-30,Phu_Tho,21.3227,105.401,27.4,90,20.6,100,998.0,1
2025-07-01,Phu_Tho,21.3227,105.401,27.2,88,17.6,100,1000.3,1
2025-07-02,Phu_Tho,21.3227,105.401,27.0,88,16.3,99,1002.9,1
2025-07-03,Phu_Tho,21.3227,105.401,26.9,88,14.4,97,1003.6,1
2025-07-04,Phu_Tho,21.3227,105.401,28.2,84,14.9,91,1002.0,1
2025-07-05,Phu_Tho,21.3227,105.401,29.6,77,11.4,70,1000.2,0
2025-07-06,Phu_Tho,21.3227,105.401,29.4,79,17.3,95,999.9,0
2025-07-07,Phu_Tho,21.3227,105.401,29.4,80,12.3,61,999.0,1
2025-07-08,Phu_Tho,21.3227,105.401,30.9,77,12.8,76,996.9,1
2025-07-09,Phu_Tho,21.3227,105.401,30.9,79,13.0,96,995.8,1
2025-07-10,Phu_Tho,21.3227,105.401,29.7,82,11.3,99,995.0,1
2025-07-11,Phu_Tho,21.3227,105.401,28.0,87,15.3,100,996.7,1
2025-07-12,Phu_Tho,21.3227,105.401,27.3,89,13.8,100,1000.9,1
2025-07-13,Phu_Tho,21.3227,105.401,28.8,85,11.5,95,1001.8,1
2025-07-14,Phu_Tho,21.3227,105.401,29.2,85,10.6,99,1000.3,1
2025-07-15,Phu_Tho,21.3227,105.401,29.7,81,11.4,80,998.3,1
2025-07-16,Phu_Tho,21.3227,105.401,28.6,87,13.1,100,998.8,1
2025-07-17,Phu_Tho,21.3227,105.401,30.3,82,8.0,40,999.0,1
2025-07-18,Phu_Tho,21.3227,105.401,31.7,76,8.2,90,996.4,0
2025-07-19,Phu_Tho,21.3227,105.401,30.4,79,14.1,99,994.0,1
2025-07-20,Phu_Tho,21.3227,105.401,29.3,84,19.4,99,993.3,1
2025-07-21,Phu_Tho,21.3227,105.401,28.9,86,20.3,100,991.1,1
2025-07-22,Phu_Tho,21.3227,105.401,27.9,84,29.6,100,989.3,1
2025-07-23,Phu_Tho,21.3227,105.401,28.1,82,17.7,98,994.7,1
2025-07-24,Phu_Tho,21.3227,105.401,27.5,88,20.3,100,998.0,1
2025-07-25,Phu_Tho,21.3227,105.401,28.1,87,10.3,100,998.2,1
2025-07-26,Phu_Tho,21.3227,105.401,28.9,83,16.7,86,997.9,1
2025-07-27,Phu_Tho,21.3227,105.401,29.4,82,11.2,71,997.3,1
2025-07-28,Phu_Tho,21.3227,105.401,30.4,78,10.4,29,995.6,0
2025-07-29,Phu_Tho,21.3227,105.401,31.7,75,11.1,68,993.8,0
2025-07-30,Phu_Tho,21.3227,105.401,32.4,75,12.0,98,993.6,1
2025-07-31,Phu_Tho,21.3227,105.401,30.8,79,14.3,96,994.0,1
2025-08-01,Phu_Tho,21.3227,105.401,29.4,83,14.5,78,995.4,1
2025-08-02,Phu_Tho,21.3227,105.401,30.4,79,15.5,74,996.9,1
2025-08-03,Phu_Tho,21.3227,105.401,32.5,71,13.9,70,996.0,0
2025-08-04,Phu_Tho,21.3227,105.401,33.0,67,11.0,100,995.8,0
2025-08-05,Phu_Tho,21.3227,105.401,30.6,82,12.4,100,997.8,1
2025-08-06,Phu_Tho,21.3227,105.401,28.7,87,20.4,99,999.5,1
2025-08-07,Phu_Tho,21.3227,105.401,28.6,87,12.3,99,1001.8,1
2025-08-08,Phu_Tho,21.3227,105.401,30.9,77,16.7,52,1001.9,1
2025-08-09,Phu_Tho,21.3227,105.401,31.5,73,15.7,60,1000.8,0
2025-08-10,Phu_Tho,21.3227,105.401,31.2,78,16.0,92,1000.6,1
2025-08-11,Phu_Tho,21.3227,105.401,30.2,80,14.3,95,1000.8,1
2025-08-12,Phu_Tho,21.3227,105.401,30.5,80,14.8,95,1001.4,1
2025-08-13,Phu_Tho,21.3227,105.401,29.8,78,9.8,98,1002.7,1
2025-08-14,Phu_Tho,21.3227,105.401,30.1,82,10.6,96,1000.7,1
2025-08-15,Phu_Tho,21.3227,105.401,27.1,88,12.8,99,1001.6,1
2025-08-16,Phu_Tho,21.3227,105.401,26.2,88,10.8,95,1004.5,1
2025-08-17,Phu_Tho,21.3227,105.401,27.3,85,15.1,100,1004.7,1
2025-08-18,Phu_Tho,21.3227,105.401,27.1,86,20.5,98,1003.0,1
2025-08-19,Phu_Tho,21.3227,105.401,27.0,91,13.2,100,1002.3,1
2025-08-20,Phu_Tho,21.3227,105.401,28.9,84,14.7,96,1002.6,1
2025-08-21,Phu_Tho,21.3227,105.401,27.8,87,20.0,99,1004.0,1
2025-08-22,Phu_Tho,21.3227,105.401,28.2,86,15.6,100,1004.0,1
2025-08-23,Phu_Tho,21.3227,105.401,28.1,84,16.7,89,1004.4,1
2025-08-24,Phu_Tho,21.3227,105.401,28.2,85,15.8,60,1003.8,1
2025-08-25,Phu_Tho,21.3227,105.401,26.2,91,23.3,100,1002.5,1
2025-08-26,Phu_Tho,21.3227,105.401,25.1,93,27.5,100,1003.8,1
2025-08-27,Phu_Tho,21.3227,105.401,25.7,91,8.3,97,1004.8,1
2025-08-28,Phu_Tho,21.3227,105.401,27.3,85,11.5,46,1004.2,1
2025-08-29,Phu_Tho,21.3227,105.401,27.6,85,13.7,71,1005.3,1
2025-08-30,Phu_Tho,21.3227,105.401,27.2,86,21.7,93,1004.9,1
2025-08-31,Phu_Tho,21.3227,105.401,26.1,92,14.2,94,1005.1,1
2025-09-01,Phu_Tho,21.3227,105.401,27.6,86,14.7,76,1003.7,1
2025-09-02,Phu_Tho,21.3227,105.401,28.6,82,16.8,74,1003.3,1
2025-09-03,Phu_Tho,21.3227,105.401,29.4,79,14.8,30,1003.4,1
2025-09-04,Phu_Tho,21.3227,105.401,29.7,77,14.3,7,1002.9,0
2025-09-05,Phu_Tho,21.3227,105.401,30.1,76,15.0,57,1003.1,0
2025-09-06,Phu_Tho,21.3227,105.401,30.0,78,13.5,87,1004.1,1
2025-09-07,Phu_Tho,21.3227,105.401,29.9,76,11.0,56,1002.7,1
2025-09-08,Phu_Tho,21.3227,105.401,30.9,71,17.2,69,1001.2,0
2025-09-09,Phu_Tho,21.3227,105.401,28.9,82,14.8,98,1002.7,1
2025-09-10,Phu_Tho,21.3227,105.401,28.3,84,11.0,99,1004.1,1
2025-09-11,Phu_Tho,21.3227,105.401,27.5,88,17.6,97,1004.9,1
2025-09-12,Phu_Tho,21.3227,105.401,27.7,86,17.9,90,1005.8,1
2025-09-13,Phu_Tho,21.3227,105.401,28.9,81,13.5,95,1006.4,1
2025-09-14,Phu_Tho,21.3227,105.401,29.0,79,14.0,87,1006.4,0
2025-09-15,Phu_Tho,21.3227,105.401,28.2,81,16.2,95,1006.9,1
2025-09-16,Phu_Tho,21.3227,105.401,28.5,78,14.2,62,1006.9,1
2025-09-17,Phu_Tho,21.3227,105.401,27.9,82,19.2,63,1005.7,1
2025-09-18,Phu_Tho,21.3227,105.401,27.5,84,13.2,95,1005.8,1
2025-09-19,Phu_Tho,21.3227,105.401,28.7,79,11.7,61,1005.2,1
2025-09-20,Phu_Tho,21.3227,105.401,30.0,72,11.6,31,1003.2,0
2025-09-21,Phu_Tho,21.3227,105.401,29.4,78,14.8,72,1002.6,1
2025-09-22,Phu_Tho,21.3227,105.401,27.1,86,9.4,88,1004.3,1
2025-09-23,Phu_Tho,21.3227,105.401,28.0,82,13.9,48,1002.7,1
2025-09-24,Phu_Tho,21.3227,105.401,29.2,72,22.8,78,1000.0,1
2025-09-25,Phu_Tho,21.3227,105.401,26.8,78,19.9,100,1000.2,1
2025-09-26,Phu_Tho,21.3227,105.401,25.9,86,10.7,100,1007.1,1
2025-09-27,Phu_Tho,21.3227,105.401,27.2,86,13.2,96,1009.1,1
2025-09-28,Phu_Tho,21.3227,105.401,26.9,86,19.9,75,1005.9,1
2025-09-29,Phu_Tho,21.3227,105.401,24.8,93,40.7,99,1003.0,1
2025-09-30,Phu_Tho,21.3227,105.401,25.3,93,19.1,99,1006.6,1
2025-10-01,Phu_Tho,21.3227,105.401,25.8,92,14.5,100,1008.1,1
2025-10-02,Phu_Tho,21.3227,105.401,28.5,79,14.9,84,1007.8,0
2025-10-03,Phu_Tho,21.3227,105.401,28.7,76,17.4,14,1007.4,0
2025-10-04,Phu_Tho,21.3227,105.401,28.6,82,12.3,26,1007.2,0
2025-10-05,Phu_Tho,21.3227,105.401,28.9,83,12.5,87,1003.6,0
2025-10-06,Phu_Tho,21.3227,105.401,26.3,88,22.6,100,1001.5,1
2025-10-07,Phu_Tho,21.3227,105.401,24.4,95,19.4,100,1008.1,1
2025-10-08,Phu_Tho,21.3227,105.401,26.5,86,6.3,58,1009.9,1
2025-10-09,Phu_Tho,21.3227,105.401,27.5,82,10.5,33,1008.9,0
2025-10-10,Phu_Tho,21.3227,105.401,27.8,79,7.7,16,1008.2,0
2025-10-11,Phu_Tho,21.3227,105.401,26.9,86,11.6,68,1007.7,1
2025-10-12,Phu_Tho,21.3227,105.401,28.3,80,12.3,26,1006.9,1
2025-10-13,Phu_Tho,21.3227,105.401,27.3,85,15.8,70,1007.7,1
2025-10-14,Phu_Tho,21.3227,105.401,25.7,90,11.8,99,1008.3,1
2025-10-15,Phu_Tho,21.3227,105.401,25.9,88,14.3,90,1008.9,1
2025-10-16,Phu_Tho,21.3227,105.401,26.0,87,11.5,75,1010.5,1
2025-10-17,Phu_Tho,21.3227,105.401,27.4,80,9.2,16,1010.6,1
2025-10-18,Phu_Tho,21.3227,105.401,27.7,78,8.3,15,1009.7,1
2025-10-19,Phu_Tho,21.3227,105.401,26.5,83,14.4,42,1009.8,1
2025-10-20,Phu_Tho,21.3227,105.401,26.4,78,14.3,24,1010.7,1
2025-10-21,Phu_Tho,21.3227,105.401,25.2,69,17.3,30,1012.9,0
2025-10-22,Phu_Tho,21.3227,105.401,24.1,62,14.7,92,1014.7,0
2025-10-23,Phu_Tho,21.3227,105.401,21.8,65,8.8,99,1016.5,1
2025-10-24,Phu_Tho,21.3227,105.401,21.5,81,6.8,100,1016.0,1
2025-10-25,Phu_Tho,21.3227,105.401,22.7,79,6.0,91,1014.1,0
2025-10-26,Phu_Tho,21.3227,105.401,24.3,77,8.3,67,1013.7,0
2025-10-27,Phu_Tho,21.3227,105.401,23.8,80,9.4,50,1014.1,0
2025-10-28,Phu_Tho,21.3227,105.401,24.9,70,13.7,97,1013.8,0
2025-10-29,Phu_Tho,21.3227,105.401,24.6,71,8.1,84,1012.6,0
2025-10-30,Phu_Tho,21.3227,105.401,24.9,81,9.0,100,1012.6,1
2025-10-31,Phu_Tho,21.3227,105.401,24.5,87,6.3,99,1013.4,1
2025-11-01,Phu_Tho,21.3227,105.401,22.8,87,6.5,100,1014.4,1
2025-11-02,Phu_Tho,21.3227,105.401,21.7,84,7.7,100,1015.0,1
2025-11-03,Phu_Tho,21.3227,105.401,20.9,75,12.0,100,1015.3,1
2025-11-04,Phu_Tho,21.3227,105.401,20.9,75,13.8,98,1014.5,1
2025-11-05,Phu_Tho,21.3227,105.401,21.7,80,5.3,82,1011.2,0
2025-11-06,Phu_Tho,21.3227,105.401,22.5,85,13.8,43,1009.6,0
2025-11-07,Phu_Tho,21.3227,105.401,23.5,88,14.2,100,1008.8,1
2025-11-08,Phu_Tho,21.3227,105.401,24.9,92,15.3,76,1009.7,1
2025-11-09,Phu_Tho,21.3227,105.401,24.9,92,11.5,77,1009.1,1
2025-11-10,Phu_Tho,21.3227,105.401,25.2,81,15.3,82,1007.7,1
2025-11-11,Phu_Tho,21.3227,105.401,23.1,83,7.7,100,1009.1,1
2025-11-12,Phu_Tho,21.3227,105.401,23.0,73,11.1,81,1012.3,0
2025-11-13,Phu_Tho,21.3227,105.401,23.3,73,5.7,37,1014.6,0
2025-11-14,Phu_Tho,21.3227,105.401,21.6,73,6.0,2,1014.7,0
2025-11-15,Phu_Tho,21.3227,105.401,21.5,75,7.0,2,1016.3,0
2025-11-16,Phu_Tho,21.3227,105.401,22.6,79,12.4,66,1016.9,0
2025-11-17,Phu_Tho,21.3227,105.401,23.1,85,8.9,81,1016.7,1
2025-11-18,Phu_Tho,21.3227,105.401,19.9,88,11.4,100,1020.8,1
2025-11-19,Phu_Tho,21.3227,105.401,16.3,72,12.6,86,1024.5,1
2025-11-20,Phu_Tho,21.3227,105.401,17.6,73,9.0,9,1021.9,0
2025-11-21,Phu_Tho,21.3227,105.401,18.8,70,8.9,10,1021.0,0
2025-11-22,Phu_Tho,21.3227,105.401,19.1,71,8.0,17,1018.2,0
2025-11-23,Phu_Tho,21.3227,105.401,20.1,71,8.9,31,1016.6,0
2025-11-24,Phu_Tho,21.3227,105.401,20.1,76,9.2,1,1017.1,0
2025-11-25,Phu_Tho,21.3227,105.401,19.8,61,16.0,23,1018.4,0
2025-11-26,Phu_Tho,21.3227,105.401,17.8,74,7.2,27,1017.5,0
2025-11-27,Phu_Tho,21.3227,105.401,18.5,67,16.3,39,1020.6,0
2025-11-28,Phu_Tho,21.3227,105.401,17.1,67,14.6,54,1016.0,0
2025-11-29,Phu_Tho,21.3227,105.401,16.5,73,10.1,0,1012.5,0
2025-11-30,Phu_Tho,21.3227,105.401,17.5,78,9.7,0,1011.0,0
2025-12-01,Phu_Tho,21.3227,105.401,19.5,81,14.4,54,1011.3,1
2025-12-02,Phu_Tho,21.3227,105.401,22.0,83,11.7,50,1010.4,1
2025-12-03,Phu_Tho,21.3227,105.401,21.1,83,11.4,87,1015.7,1
2025-12-04,Phu_Tho,21.3227,105.401,20.7,70,12.3,75,1016.3,0
2025-12-05,Phu_Tho,21.3227,105.401,19.8,84,8.5,94,1017.8,1
2025-12-06,Phu_Tho,21.3227,105.401,20.7,77,15.7,82,1015.6,1
2025-12-07,Phu_Tho,21.3227,105.401,21.3,83,12.7,68,1015.4,1
2025-12-08,Phu_Tho,21.3227,105.401,20.8,81,8.0,43,1017.2,1
2025-12-09,Phu_Tho,21.3227,105.401,20.0,80,11.9,18,1015.7,0
2025-12-10,Phu_Tho,21.3227,105.401,20.5,79,10.1,23,1014.6,0
2025-12-11,Phu_Tho,21.3227,105.401,20.4,81,8.4,79,1014.8,0
2025-12-12,Phu_Tho,21.3227,105.401,20.8,87,7.3,78,1012.3,1
2025-12-13,Phu_Tho,21.3227,105.401,21.3,86,18.6,97,1015.7,1
2025-12-14,Phu_Tho,21.3227,105.401,18.9,66,10.4,46,1019.0,0
2025-12-15,Phu_Tho,21.3227,105.401,18.2,71,12.3,16,1016.2,0
2025-12-16,Phu_Tho,21.3227,105.401,18.8,83,11.6,89,1015.3,0
2025-12-17,Phu_Tho,21.3227,105.401,20.2,83,13.4,68,1017.4,1
2025-12-18,Phu_Tho,21.3227,105.401,20.3,80,9.9,29,1015.7,0
2025-12-19,Phu_Tho,21.3227,105.401,20.0,81,15.4,8,1011.5,0
2025-12-20,Phu_Tho,21.3227,105.401,21.5,83,14.6,58,1012.3,1
2025-12-21,Phu_Tho,21.3227,105.401,21.1,85,12.3,48,1014.7,1
2025-12-22,Phu_Tho,21.3227,105.401,21.7,83,20.2,30,1011.9,1
2025-12-23,Phu_Tho,21.3227,105.401,23.1,83,16.9,62,1010.2,1
2025-12-24,Phu_Tho,21.3227,105.401,23.0,83,19.9,75,1009.7,1
2025-12-25,Phu_Tho,21.3227,105.401,19.2,65,16.9,94,1017.2,1
2025-12-26,Phu_Tho,21.3227,105.401,17.0,54,14.5,24,1017.4,0
2025-12-27,Phu_Tho,21.3227,105.401,16.4,68,9.2,62,1016.8,0
2025-12-28,Phu_Tho,21.3227,105.401,17.9,71,7.5,78,1015.6,0
2025-12-29,Phu_Tho,21.3227,105.401,19.9,74,15.4,85,1012.4,1
2025-12-30,Phu_Tho,21.3227,105.401,20.6,79,17.7,80,1011.1,1
2025-12-31,Phu_Tho,21.3227,105.401,21.4,80,22.7,66,1008.1,1
2026-01-01,Phu_Tho,21.3227,105.401,20.4,81,17.4,83,1012.3,1
2026-01-02,Phu_Tho,21.3227,105.401,17.1,74,11.6,100,1019.0,1
2026-01-03,Phu_Tho,21.3227,105.401,16.5,69,12.4,99,1019.2,0
2026-01-04,Phu_Tho,21.3227,105.401,18.1,77,15.3,96,1016.7,0
2026-01-05,Phu_Tho,21.3227,105.401,17.0,80,13.6,100,1018.5,1
2026-01-06,Phu_Tho,21.3227,105.401,15.0,72,6.6,93,1023.1,1
2026-01-07,Phu_Tho,21.3227,105.401,14.5,75,5.2,23,1023.2,0
2026-01-08,Phu_Tho,21.3227,105.401,14.6,73,8.3,31,1023.0,0
2026-01-09,Phu_Tho,21.3227,105.401,15.3,71,10.7,65,1019.4,0
2026-01-10,Phu_Tho,21.3227,105.401,15.8,73,11.1,26,1017.5,0
2026-01-11,Phu_Tho,21.3227,105.401,17.0,67,15.8,30,1019.7,0
2026-01-12,Phu_Tho,21.3227,105.401,17.1,75,11.0,41,1017.2,0
2026-01-13,Phu_Tho,21.3227,105.401,18.1,73,11.6,1,1016.0,0
2026-01-14,Phu_Tho,21.3227,105.401,19.3,75,16.2,36,1012.5,0
2026-01-15,Phu_Tho,21.3227,105.401,19.9,81,12.2,92,1012.7,1
2026-01-16,Phu_Tho,21.3227,105.401,21.3,81,15.0,61,1009.0,0
2026-01-17,Phu_Tho,21.3227,105.401,21.5,85,17.1,60,1008.6,1
2026-01-18,Phu_Tho,21.3227,105.401,21.5,81,18.8,62,1007.8,1
2026-01-19,Phu_Tho,21.3227,105.401,22.1,79,18.0,63,1008.2,1
2026-01-20,Phu_Tho,21.3227,105.401,22.7,80,21.2,48,1010.5,1
2026-01-21,Phu_Tho,21.3227,105.401,17.7,74,22.8,96,1015.8,1
2026-01-22,Phu_Tho,21.3227,105.401,13.2,75,9.5,100,1021.0,1
2026-01-23,Phu_Tho,21.3227,105.401,13.5,67,11.7,94,1021.2,0
2026-01-24,Phu_Tho,21.3227,105.401,14.3,76,12.4,97,1018.8,0
2026-01-25,Phu_Tho,21.3227,105.401,17.0,81,11.4,87,1014.3,0
2026-01-26,Phu_Tho,21.3227,105.401,18.8,84,9.0,72,1016.0,1
2026-01-27,Phu_Tho,21.3227,105.401,20.1,82,14.8,66,1016.4,1
2026-01-28,Phu_Tho,21.3227,105.401,20.1,73,20.7,39,1016.0,0
2026-01-29,Phu_Tho,21.3227,105.401,20.2,79,20.0,54,1012.9,1
2026-01-30,Phu_Tho,21.3227,105.401,21.6,83,17.8,67,1013.6,1
2026-01-31,Phu_Tho,21.3227,105.401,19.7,80,14.9,79,1017.4,1
2026-02-01,Phu_Tho,21.3227,105.401,18.5,65,12.3,79,1018.9,0
2026-02-02,Phu_Tho,21.3227,105.401,16.9,74,13.2,77,1021.0,1
2026-02-03,Phu_Tho,21.3227,105.401,17.0,77,12.0,54,1019.5,0
2026-02-04,Phu_Tho,21.3227,105.401,18.8,81,14.7,51,1014.3,1
2026-02-05,Phu_Tho,21.3227,105.401,20.6,83,14.3,61,1011.1,0
2026-02-06,Phu_Tho,21.3227,105.401,22.5,84,15.3,66,1010.2,1
2026-02-07,Phu_Tho,21.3227,105.401,23.0,80,22.9,72,1012.2,1
2026-02-08,Phu_Tho,21.3227,105.401,17.2,85,16.8,100,1019.0,1
2026-02-09,Phu_Tho,21.3227,105.401,15.0,83,14.1,81,1017.6,1
2026-02-10,Phu_Tho,21.3227,105.401,17.4,80,5.6,86,1015.2,0
2026-02-11,Phu_Tho,21.3227,105.401,19.2,81,12.4,100,1016.7,1
2026-02-12,Phu_Tho,21.3227,105.401,19.9,82,15.7,97,1014.0,1
2026-02-13,Phu_Tho,21.3227,105.401,21.9,84,16.5,71,1011.5,1
2026-02-14,Phu_Tho,21.3227,105.401,22.8,80,19.8,63,1011.1,1
2026-02-15,Phu_Tho,21.3227,105.401,23.2,79,21.1,40,1009.9,1
2026-02-16,Phu_Tho,21.3227,105.401,23.4,77,16.2,64,1010.3,0
2026-02-17,Phu_Tho,21.3227,105.401,23.2,76,19.5,70,1013.2,1
2026-02-18,Phu_Tho,21.3227,105.401,19.6,76,13.6,100,1017.0,1
2026-02-19,Phu_Tho,21.3227,105.401,19.8,80,5.2,100,1018.4,1
2026-02-20,Phu_Tho,21.3227,105.401,20.6,77,15.7,72,1015.9,1
2026-02-21,Phu_Tho,21.3227,105.401,21.2,82,20.0,48,1006.7,0
2026-02-22,Phu_Tho,21.3227,105.401,22.8,86,19.2,98,1006.1,1
2026-02-23,Phu_Tho,21.3227,105.401,24.0,81,21.1,90,1006.2,1
2026-02-24,Phu_Tho,21.3227,105.401,23.5,86,15.2,94,1007.8,0
2026-02-25,Phu_Tho,21.3227,105.401,23.5,88,16.2,77,1008.6,1
2026-02-26,Phu_Tho,21.3227,105.401,22.6,89,16.5,82,1006.0,1
2026-02-27,Phu_Tho,21.3227,105.401,23.9,82,18.8,41,1003.3,0
2026-02-28,Phu_Tho,21.3227,105.401,25.8,84,21.0,62,1001.4,1
2026-03-01,Phu_Tho,21.3227,105.401,26.2,83,18.9,70,1001.5,1
2026-03-02,Phu_Tho,21.3227,105.401,27.0,80,17.8,61,1003.6,1
2026-03-03,Phu_Tho,21.3227,105.401,23.1,74,16.8,97,1009.6,1
2026-03-04,Phu_Tho,21.3227,105.401,21.2,66,12.8,60,1013.0,0
2026-03-05,Phu_Tho,21.3227,105.401,20.4,77,13.5,62,1012.6,0
2026-03-06,Phu_Tho,21.3227,105.401,22.0,77,13.9,66,1013.4,1
2026-03-07,Phu_Tho,21.3227,105.401,22.0,77,22.7,65,1013.4,0
2026-03-08,Phu_Tho,21.3227,105.401,22.0,82,21.5,88,1013.3,1
2026-03-09,Phu_Tho,21.3227,105.401,20.8,82,16.6,100,1017.7,1
2026-03-10,Phu_Tho,21.3227,105.401,19.6,66,15.0,52,1019.3,0
2026-03-11,Phu_Tho,21.3227,105.401,19.2,76,14.3,66,1015.7,0
2026-03-12,Phu_Tho,21.3227,105.401,20.7,76,13.0,83,1015.2,0
2026-03-13,Phu_Tho,21.3227,105.401,21.3,67,17.2,52,1016.4,1
2026-03-14,Phu_Tho,21.3227,105.401,21.0,76,19.7,78,1016.5,1
2026-03-15,Phu_Tho,21.3227,105.401,21.8,80,19.2,79,1015.3,1
2026-03-16,Phu_Tho,21.3227,105.401,23.0,77,23.5,50,1011.5,0
2026-03-17,Phu_Tho,21.3227,105.401,23.9,76,26.5,26,1009.2,0
2026-03-18,Phu_Tho,21.3227,105.401,24.0,82,20.8,37,1009.5,0
2026-03-19,Phu_Tho,21.3227,105.401,25.0,80,27.6,40,1007.7,1
2026-03-20,Phu_Tho,21.3227,105.401,24.8,82,21.7,71,1008.2,1
2026-03-21,Phu_Tho,21.3227,105.401,24.1,83,22.3,96,1010.1,1
2026-03-22,Phu_Tho,21.3227,105.401,24.9,81,23.7,68,1008.7,1
2026-03-23,Phu_Tho,21.3227,105.401,25.5,80,25.2,74,1007.4,1
2026-03-24,Phu_Tho,21.3227,105.401,26.3,79,21.3,58,1006.4,1
2026-03-25,Phu_Tho,21.3227,105.401,26.0,79,22.4,68,1006.8,1
2026-03-26,Phu_Tho,21.3227,105.401,26.7,81,21.0,52,1005.2,1
2026-03-27,Phu_Tho,21.3227,105.401,26.7,80,19.4,64,1004.5,1
2026-03-28,Phu_Tho,21.3227,105.401,27.0,80,19.9,71,1004.7,1
2026-03-29,Phu_Tho,21.3227,105.401,27.3,80,24.4,52,1003.3,1
2026-03-30,Phu_Tho,21.3227,105.401,27.4,80,20.9,33,1002.1,0
2026-03-31,Phu_Tho,21.3227,105.401,28.8,75,25.1,27,1002.1,1
2026-04-01,Phu_Tho,21.3227,105.401,25.5,73,15.6,69,1007.7,1
2026-04-02,Phu_Tho,21.3227,105.401,25.7,79,24.4,42,1005.6,1
2026-04-03,Phu_Tho,21.3227,105.401,28.1,81,16.9,45,1001.3,1
2026-04-04,Phu_Tho,21.3227,105.401,27.3,76,17.4,62,1001.9,1
2026-04-05,Phu_Tho,21.3227,105.401,27.8,78,19.4,60,999.0,0
2026-04-06,Phu_Tho,21.3227,105.401,29.6,81,12.2,34,998.5,0
2026-04-07,Phu_Tho,21.3227,105.401,30.5,76,14.9,18,999.4,0
2026-04-08,Phu_Tho,21.3227,105.401,30.5,75,19.7,14,1000.8,0
2026-04-09,Phu_Tho,21.3227,105.401,29.3,79,15.3,9,1001.8,0
2026-04-10,Phu_Tho,21.3227,105.401,30.0,78,16.7,4,1000.4,0
2026-04-11,Phu_Tho,21.3227,105.401,30.0,77,13.8,8,998.8,0
2026-04-12,Phu_Tho,21.3227,105.401,30.2,73,20.5,2,998.5,0
2026-04-13,Phu_Tho,21.3227,105.401,29.3,80,18.5,6,1001.2,0
2026-04-14,Phu_Tho,21.3227,105.401,29.4,82,20.3,20,1002.0,1
2026-04-15,Phu_Tho,21.3227,105.401,29.4,81,23.0,44,1001.4,0
2026-04-16,Phu_Tho,21.3227,105.401,29.2,81,20.2,46,1002.8,0
2026-04-17,Phu_Tho,21.3227,105.401,26.5,87,21.0,76,1005.9,1
2026-04-18,Phu_Tho,21.3227,105.401,25.5,85,17.1,86,1007.5,1
2026-04-19,Phu_Tho,21.3227,105.401,26.2,83,19.9,68,1005.8,1
2026-04-20,Phu_Tho,21.3227,105.401,26.5,82,21.9,68,1004.0,1
2026-04-21,Phu_Tho,21.3227,105.401,28.2,80,27.5,32,1001.5,1
2026-04-22,Phu_Tho,21.3227,105.401,29.0,81,21.6,27,1000.5,0
2026-04-23,Phu_Tho,21.3227,105.401,25.8,78,21.9,86,1004.5,1
2026-04-24,Phu_Tho,21.3227,105.401,25.2,79,12.1,95,1008.3,1
2026-04-25,Phu_Tho,21.3227,105.401,26.4,76,13.4,44,1010.2,1
2026-04-26,Phu_Tho,21.3227,105.401,26.0,79,18.1,88,1007.7,0
2026-04-27,Phu_Tho,21.3227,105.401,27.1,78,21.1,53,1003.9,0
2026-04-28,Phu_Tho,21.3227,105.401,27.6,82,17.3,59,1002.3,0
2026-04-29,Phu_Tho,21.3227,105.401,25.5,70,18.4,93,1008.8,1
2026-04-30,Phu_Tho,21.3227,105.401,24.4,62,15.5,49,1011.7,0
2026-05-01,Phu_Tho,21.3227,105.401,24.8,75,22.1,71,1008.1,0
2026-05-02,Phu_Tho,21.3227,105.401,25.9,83,20.0,88,1005.3,1
2026-05-03,Phu_Tho,21.3227,105.401,25.2,89,14.8,85,1007.1,1
2026-05-04,Phu_Tho,21.3227,105.401,24.6,72,16.3,47,1011.5,1
2026-05-05,Phu_Tho,21.3227,105.401,25.8,75,19.5,10,1008.3,0
2026-05-06,Phu_Tho,21.3227,105.401,27.4,77,23.7,31,1004.5,0
2026-05-07,Phu_Tho,21.3227,105.401,27.4,86,17.4,67,1005.5,1
2026-05-08,Phu_Tho,21.3227,105.401,26.6,84,11.4,93,1009.1,1
2026-05-09,Phu_Tho,21.3227,105.401,25.4,82,8.3,92,1010.8,1
2026-05-10,Phu_Tho,21.3227,105.401,25.2,81,6.4,95,1010.4,1
2026-05-11,Phu_Tho,21.3227,105.401,27.4,77,13.8,78,1007.9,0
2026-05-12,Phu_Tho,21.3227,105.401,28.0,82,19.7,84,1003.7,1
2026-05-13,Phu_Tho,21.3227,105.401,29.4,79,20.2,42,999.6,0
2026-05-14,Phu_Tho,21.3227,105.401,30.0,77,18.0,46,998.1,0
2026-05-15,Phu_Tho,21.3227,105.401,30.6,75,15.2,73,998.5,0
2026-05-16,Phu_Tho,21.3227,105.401,28.6,87,19.8,97,999.9,1
2026-05-17,Phu_Tho,21.3227,105.401,27.6,88,19.1,98,1001.3,1
2026-05-18,Phu_Tho,21.3227,105.401,28.0,86,17.7,89,1001.0,1
2026-05-19,Phu_Tho,21.3227,105.401,27.8,89,18.0,97,1000.0,1
