date,destination,latitude,longitude,temp,humidity,wind_speed,cloud_cover,pressure,rain
2020-01-01,Lai_Chau,22.3964,103.4582,17.7,77,3.7,81,919.5,1
2020-01-02,Lai_Chau,22.3964,103.4582,17.3,78,5.4,42,918.3,0
2020-01-03,Lai_Chau,22.3964,103.4582,18.6,73,5.4,38,916.2,0
2020-01-04,Lai_Chau,22.3964,103.4582,18.3,76,9.1,70,914.2,1
2020-01-05,Lai_Chau,22.3964,103.4582,17.6,81,9.4,68,913.2,1
2020-01-06,Lai_Chau,22.3964,103.4582,17.6,82,7.2,54,912.6,1
2020-01-07,Lai_Chau,22.3964,103.4582,17.6,82,6.0,28,912.9,1
2020-01-08,Lai_Chau,22.3964,103.4582,18.2,78,6.6,34,913.1,1
2020-01-09,Lai_Chau,22.3964,103.4582,18.7,73,5.5,47,911.9,0
2020-01-10,Lai_Chau,22.3964,103.4582,19.0,70,5.5,8,910.1,1
2020-01-11,Lai_Chau,22.3964,103.4582,17.8,75,6.6,24,910.3,1
2020-01-12,Lai_Chau,22.3964,103.4582,16.3,79,6.9,57,911.3,1
2020-01-13,Lai_Chau,22.3964,103.4582,15.9,76,8.3,41,909.9,0
2020-01-14,Lai_Chau,22.3964,103.4582,16.4,79,7.2,54,910.3,1
2020-01-15,Lai_Chau,22.3964,103.4582,17.9,69,8.3,14,909.7,1
2020-01-16,Lai_Chau,22.3964,103.4582,18.0,57,7.9,21,911.1,0
2020-01-17,Lai_Chau,22.3964,103.4582,16.9,65,7.4,30,912.6,1
2020-01-18,Lai_Chau,22.3964,103.4582,16.7,68,6.9,9,911.7,0
2020-01-19,Lai_Chau,22.3964,103.4582,17.5,65,10.2,20,913.1,0
2020-01-20,Lai_Chau,22.3964,103.4582,16.1,81,5.5,90,913.5,1
2020-01-21,Lai_Chau,22.3964,103.4582,17.0,79,8.2,38,913.8,1
2020-01-22,Lai_Chau,22.3964,103.4582,19.0,67,6.6,14,912.3,0
2020-01-23,Lai_Chau,22.3964,103.4582,19.2,57,9.2,1,910.4,0
2020-01-24,Lai_Chau,22.3964,103.4582,19.6,45,7.6,5,910.1,0
2020-01-25,Lai_Chau,22.3964,103.4582,15.8,63,8.4,28,909.1,1
2020-01-26,Lai_Chau,22.3964,103.4582,13.1,65,8.1,11,910.3,0
2020-01-27,Lai_Chau,22.3964,103.4582,13.0,69,9.9,34,908.7,1
2020-01-28,Lai_Chau,22.3964,103.4582,11.8,77,8.3,56,910.3,1
2020-01-29,Lai_Chau,22.3964,103.4582,11.2,81,9.2,60,913.8,0
2020-01-30,Lai_Chau,22.3964,103.4582,12.0,71,9.1,43,913.9,0
2020-01-31,Lai_Chau,22.3964,103.4582,12.3,75,7.2,80,912.8,1
2020-02-01,Lai_Chau,22.3964,103.4582,13.3,84,5.8,71,912.9,1
2020-02-02,Lai_Chau,22.3964,103.4582,16.3,72,7.6,39,913.3,1
2020-02-03,Lai_Chau,22.3964,103.4582,16.9,76,6.4,42,912.5,1
2020-02-04,Lai_Chau,22.3964,103.4582,16.2,85,7.6,79,912.1,1
2020-02-05,Lai_Chau,22.3964,103.4582,15.2,87,9.4,79,911.3,1
2020-02-06,Lai_Chau,22.3964,103.4582,16.5,82,7.4,56,911.7,1
2020-02-07,Lai_Chau,22.3964,103.4582,17.9,74,7.5,34,913.8,0
2020-02-08,Lai_Chau,22.3964,103.4582,17.8,86,6.7,90,915.8,1
2020-02-09,Lai_Chau,22.3964,103.4582,15.8,90,10.1,83,917.0,1
2020-02-10,Lai_Chau,22.3964,103.4582,13.9,88,7.2,81,914.2,1
2020-02-11,Lai_Chau,22.3964,103.4582,15.8,83,6.1,56,913.2,1
2020-02-12,Lai_Chau,22.3964,103.4582,17.3,76,7.8,37,911.6,1
2020-02-13,Lai_Chau,22.3964,103.4582,18.2,65,8.6,12,908.6,0
2020-02-14,Lai_Chau,22.3964,103.4582,18.6,59,10.6,10,905.8,0
2020-02-15,Lai_Chau,22.3964,103.4582,19.5,52,9.3,13,908.3,0
2020-02-16,Lai_Chau,22.3964,103.4582,16.4,68,9.3,44,913.5,1
2020-02-17,Lai_Chau,22.3964,103.4582,14.1,68,6.0,45,917.6,0
2020-02-18,Lai_Chau,22.3964,103.4582,12.2,80,6.6,83,916.8,1
2020-02-19,Lai_Chau,22.3964,103.4582,15.1,76,6.9,58,915.8,1
2020-02-20,Lai_Chau,22.3964,103.4582,17.9,64,10.4,33,916.2,0
2020-02-21,Lai_Chau,22.3964,103.4582,17.5,75,7.6,62,919.3,0
2020-02-22,Lai_Chau,22.3964,103.4582,17.9,72,8.2,58,920.1,1
2020-02-23,Lai_Chau,22.3964,103.4582,18.0,64,8.4,36,917.8,0
2020-02-24,Lai_Chau,22.3964,103.4582,18.6,62,6.8,18,914.1,0
2020-02-25,Lai_Chau,22.3964,103.4582,19.6,63,5.3,24,912.7,1
2020-02-26,Lai_Chau,22.3964,103.4582,20.7,64,5.5,82,913.5,1
2020-02-27,Lai_Chau,22.3964,103.4582,20.8,64,9.3,89,912.9,0
2020-02-28,Lai_Chau,22.3964,103.4582,19.6,70,9.8,58,911.4,1
2020-02-29,Lai_Chau,22.3964,103.4582,19.7,72,4.7,47,910.5,1
2020-03-01,Lai_Chau,22.3964,103.4582,20.9,64,7.1,10,910.2,0
2020-03-02,Lai_Chau,22.3964,103.4582,21.0,65,7.6,28,910.4,0
2020-03-03,Lai_Chau,22.3964,103.4582,18.0,87,7.9,69,910.8,1
2020-03-04,Lai_Chau,22.3964,103.4582,17.8,86,7.3,65,911.8,1
2020-03-05,Lai_Chau,22.3964,103.4582,16.3,87,8.0,69,912.3,1
2020-03-06,Lai_Chau,22.3964,103.4582,17.7,84,5.6,71,911.1,1
2020-03-07,Lai_Chau,22.3964,103.4582,19.7,71,7.0,9,909.3,1
2020-03-08,Lai_Chau,22.3964,103.4582,21.8,54,10.9,11,905.9,0
2020-03-09,Lai_Chau,22.3964,103.4582,21.9,48,7.4,2,905.7,0
2020-03-10,Lai_Chau,22.3964,103.4582,20.0,62,8.0,38,909.0,1
2020-03-11,Lai_Chau,22.3964,103.4582,18.8,75,9.4,56,910.4,0
2020-03-12,Lai_Chau,22.3964,103.4582,20.9,70,6.6,36,909.7,0
2020-03-13,Lai_Chau,22.3964,103.4582,23.5,54,8.2,0,911.0,0
2020-03-14,Lai_Chau,22.3964,103.4582,21.8,69,10.9,54,912.7,0
2020-03-15,Lai_Chau,22.3964,103.4582,20.1,77,8.8,80,912.8,0
2020-03-16,Lai_Chau,22.3964,103.4582,20.6,80,7.1,80,911.9,1
2020-03-17,Lai_Chau,22.3964,103.4582,20.4,84,5.6,60,912.3,1
2020-03-18,Lai_Chau,22.3964,103.4582,19.9,87,7.8,84,909.6,1
2020-03-19,Lai_Chau,22.3964,103.4582,19.8,88,7.4,88,910.1,1
2020-03-20,Lai_Chau,22.3964,103.4582,19.8,82,7.5,70,910.4,1
2020-03-21,Lai_Chau,22.3964,103.4582,19.8,84,6.5,64,910.5,1
2020-03-22,Lai_Chau,22.3964,103.4582,19.9,79,6.8,24,910.6,1
2020-03-23,Lai_Chau,22.3964,103.4582,19.6,80,7.6,35,910.7,1
2020-03-24,Lai_Chau,22.3964,103.4582,18.4,84,6.3,45,909.6,1
2020-03-25,Lai_Chau,22.3964,103.4582,18.3,87,7.0,60,908.3,1
2020-03-26,Lai_Chau,22.3964,103.4582,20.4,81,7.2,28,908.1,1
2020-03-27,Lai_Chau,22.3964,103.4582,21.4,73,6.5,4,908.2,0
2020-03-28,Lai_Chau,22.3964,103.4582,23.0,68,7.6,11,908.0,0
2020-03-29,Lai_Chau,22.3964,103.4582,22.8,76,6.8,29,906.6,1
2020-03-30,Lai_Chau,22.3964,103.4582,24.2,69,7.6,4,906.9,0
2020-03-31,Lai_Chau,22.3964,103.4582,23.6,68,7.9,2,908.1,0
2020-04-01,Lai_Chau,22.3964,103.4582,22.2,75,5.8,21,909.2,1
2020-04-02,Lai_Chau,22.3964,103.4582,21.6,81,7.9,31,909.5,1
2020-04-03,Lai_Chau,22.3964,103.4582,21.5,83,6.5,43,910.8,1
2020-04-04,Lai_Chau,22.3964,103.4582,20.4,91,6.2,88,911.9,1
2020-04-05,Lai_Chau,22.3964,103.4582,18.4,94,7.4,84,912.5,1
2020-04-06,Lai_Chau,22.3964,103.4582,17.9,87,8.7,71,910.9,1
2020-04-07,Lai_Chau,22.3964,103.4582,17.8,85,9.8,64,910.4,1
2020-04-08,Lai_Chau,22.3964,103.4582,18.0,83,6.9,85,911.6,1
2020-04-09,Lai_Chau,22.3964,103.4582,18.9,82,8.4,69,912.8,1
2020-04-10,Lai_Chau,22.3964,103.4582,20.5,82,7.3,73,912.7,1
2020-04-11,Lai_Chau,22.3964,103.4582,21.5,79,6.4,65,912.1,1
2020-04-12,Lai_Chau,22.3964,103.4582,18.6,89,6.6,85,913.3,1
2020-04-13,Lai_Chau,22.3964,103.4582,13.5,95,7.7,93,913.4,1
2020-04-14,Lai_Chau,22.3964,103.4582,16.1,84,6.5,57,912.5,1
2020-04-15,Lai_Chau,22.3964,103.4582,19.2,77,7.7,46,910.6,0
2020-04-16,Lai_Chau,22.3964,103.4582,21.1,79,7.1,26,908.8,1
2020-04-17,Lai_Chau,22.3964,103.4582,21.5,86,7.1,60,909.7,1
2020-04-18,Lai_Chau,22.3964,103.4582,20.9,85,7.9,82,910.2,1
2020-04-19,Lai_Chau,22.3964,103.4582,23.0,73,5.9,32,909.1,1
2020-04-20,Lai_Chau,22.3964,103.4582,24.1,72,7.1,11,909.6,1
2020-04-21,Lai_Chau,22.3964,103.4582,24.4,71,5.6,36,908.9,0
2020-04-22,Lai_Chau,22.3964,103.4582,23.8,73,9.5,69,909.6,1
2020-04-23,Lai_Chau,22.3964,103.4582,19.6,95,9.7,94,911.6,1
2020-04-24,Lai_Chau,22.3964,103.4582,16.1,99,5.4,97,913.7,1
2020-04-25,Lai_Chau,22.3964,103.4582,15.3,97,5.4,95,913.8,1
2020-04-26,Lai_Chau,22.3964,103.4582,15.6,99,4.3,97,915.3,1
2020-04-27,Lai_Chau,22.3964,103.4582,18.2,78,6.1,88,916.1,0
2020-04-28,Lai_Chau,22.3964,103.4582,21.3,64,6.9,68,914.6,0
2020-04-29,Lai_Chau,22.3964,103.4582,18.3,79,5.5,72,913.1,1
2020-04-30,Lai_Chau,22.3964,103.4582,20.3,77,7.2,80,912.5,1
2020-05-01,Lai_Chau,22.3964,103.4582,19.8,89,5.8,57,910.2,1
2020-05-02,Lai_Chau,22.3964,103.4582,21.5,79,7.3,67,908.5,1
2020-05-03,Lai_Chau,22.3964,103.4582,23.2,84,5.4,58,909.0,1
2020-05-04,Lai_Chau,22.3964,103.4582,23.8,84,5.8,50,909.4,1
2020-05-05,Lai_Chau,22.3964,103.4582,24.9,74,7.3,20,908.1,1
2020-05-06,Lai_Chau,22.3964,103.4582,26.4,66,8.2,26,907.0,1
2020-05-07,Lai_Chau,22.3964,103.4582,26.5,69,8.0,22,906.4,1
2020-05-08,Lai_Chau,22.3964,103.4582,25.9,77,9.2,50,906.9,1
2020-05-09,Lai_Chau,22.3964,103.4582,24.7,81,5.6,65,908.8,1
2020-05-10,Lai_Chau,22.3964,103.4582,25.8,76,4.8,55,909.5,1
2020-05-11,Lai_Chau,22.3964,103.4582,26.2,67,6.4,36,909.5,1
2020-05-12,Lai_Chau,22.3964,103.4582,24.1,77,8.3,71,910.0,1
2020-05-13,Lai_Chau,22.3964,103.4582,22.7,88,4.7,92,909.9,1
2020-05-14,Lai_Chau,22.3964,103.4582,23.3,81,7.6,65,908.8,1
2020-05-15,Lai_Chau,22.3964,103.4582,24.3,76,5.6,24,906.2,1
2020-05-16,Lai_Chau,22.3964,103.4582,24.9,71,6.6,17,905.9,1
2020-05-17,Lai_Chau,22.3964,103.4582,26.0,67,7.7,24,905.1,1
2020-05-18,Lai_Chau,22.3964,103.4582,25.0,74,5.8,19,904.8,1
2020-05-19,Lai_Chau,22.3964,103.4582,24.3,81,7.6,46,905.1,1
2020-05-20,Lai_Chau,22.3964,103.4582,24.2,88,6.2,70,905.0,1
2020-05-21,Lai_Chau,22.3964,103.4582,26.0,78,4.8,82,905.8,1
2020-05-22,Lai_Chau,22.3964,103.4582,25.6,81,5.5,97,906.3,1
2020-05-23,Lai_Chau,22.3964,103.4582,25.7,78,7.4,70,907.1,1
2020-05-24,Lai_Chau,22.3964,103.4582,25.4,82,6.8,69,907.7,1
2020-05-25,Lai_Chau,22.3964,103.4582,25.1,82,5.4,51,908.2,1
2020-05-26,Lai_Chau,22.3964,103.4582,24.9,82,6.4,52,908.6,1
2020-05-27,Lai_Chau,22.3964,103.4582,22.9,90,6.6,62,909.5,1
2020-05-28,Lai_Chau,22.3964,103.4582,21.8,92,6.2,86,909.3,1
2020-05-29,Lai_Chau,22.3964,103.4582,23.1,84,7.6,81,908.5,1
2020-05-30,Lai_Chau,22.3964,103.4582,23.1,84,5.7,78,909.4,1
2020-05-31,Lai_Chau,22.3964,103.4582,22.8,88,7.7,84,909.6,1
2020-06-01,Lai_Chau,22.3964,103.4582,23.2,89,5.8,93,908.7,1
2020-06-02,Lai_Chau,22.3964,103.4582,23.4,87,8.4,62,907.1,1
2020-06-03,Lai_Chau,22.3964,103.4582,23.9,84,6.5,69,906.5,1
2020-06-04,Lai_Chau,22.3964,103.4582,24.2,83,6.5,83,906.2,1
2020-06-05,Lai_Chau,22.3964,103.4582,24.2,83,7.2,83,906.3,1
2020-06-06,Lai_Chau,22.3964,103.4582,23.6,88,6.9,92,906.0,1
2020-06-07,Lai_Chau,22.3964,103.4582,23.4,89,7.2,87,905.2,1
2020-06-08,Lai_Chau,22.3964,103.4582,23.7,86,5.8,97,905.1,1
2020-06-09,Lai_Chau,22.3964,103.4582,23.9,88,5.2,100,906.8,1
2020-06-10,Lai_Chau,22.3964,103.4582,23.0,91,5.2,99,907.7,1
2020-06-11,Lai_Chau,22.3964,103.4582,22.4,94,6.4,92,906.5,1
2020-06-12,Lai_Chau,22.3964,103.4582,23.8,86,7.3,75,904.7,1
2020-06-13,Lai_Chau,22.3964,103.4582,24.5,87,6.9,93,904.2,1
2020-06-14,Lai_Chau,22.3964,103.4582,24.2,88,6.6,100,905.8,1
2020-06-15,Lai_Chau,22.3964,103.4582,22.4,96,6.3,95,906.7,1
2020-06-16,Lai_Chau,22.3964,103.4582,22.7,92,7.6,82,906.1,1
2020-06-17,Lai_Chau,22.3964,103.4582,22.6,94,6.2,81,904.9,1
2020-06-18,Lai_Chau,22.3964,103.4582,22.8,92,6.4,92,906.0,1
2020-06-19,Lai_Chau,22.3964,103.4582,24.0,87,6.2,81,906.9,1
2020-06-20,Lai_Chau,22.3964,103.4582,24.1,86,8.1,71,906.8,1
2020-06-21,Lai_Chau,22.3964,103.4582,23.7,90,6.1,89,905.1,1
2020-06-22,Lai_Chau,22.3964,103.4582,24.1,88,7.2,87,905.2,1
2020-06-23,Lai_Chau,22.3964,103.4582,23.8,90,8.9,97,906.6,1
2020-06-24,Lai_Chau,22.3964,103.4582,24.0,90,6.7,100,906.3,1
2020-06-25,Lai_Chau,22.3964,103.4582,23.2,93,5.2,100,905.4,1
2020-06-26,Lai_Chau,22.3964,103.4582,22.2,96,6.3,97,905.1,1
2020-06-27,Lai_Chau,22.3964,103.4582,22.9,91,6.4,98,905.8,1
2020-06-28,Lai_Chau,22.3964,103.4582,24.3,84,7.6,81,906.0,1
2020-06-29,Lai_Chau,22.3964,103.4582,25.0,83,7.6,93,905.5,1
2020-06-30,Lai_Chau,22.3964,103.4582,24.4,87,5.4,98,905.0,1
2020-07-01,Lai_Chau,22.3964,103.4582,23.3,92,5.2,100,904.1,1
2020-07-02,Lai_Chau,22.3964,103.4582,23.4,92,5.1,100,903.7,1
2020-07-03,Lai_Chau,22.3964,103.4582,23.1,96,5.8,100,905.8,1
2020-07-04,Lai_Chau,22.3964,103.4582,23.2,93,6.8,88,906.7,1
2020-07-05,Lai_Chau,22.3964,103.4582,23.3,91,5.7,92,905.8,1
2020-07-06,Lai_Chau,22.3964,103.4582,24.0,87,8.3,96,905.6,1
2020-07-07,Lai_Chau,22.3964,103.4582,23.9,88,6.9,98,907.5,1
2020-07-08,Lai_Chau,22.3964,103.4582,23.9,89,5.9,100,907.1,1
2020-07-09,Lai_Chau,22.3964,103.4582,23.3,91,6.0,100,904.9,1
2020-07-10,Lai_Chau,22.3964,103.4582,22.1,98,6.9,100,904.3,1
2020-07-11,Lai_Chau,22.3964,103.4582,21.4,99,7.8,100,904.6,1
2020-07-12,Lai_Chau,22.3964,103.4582,21.3,99,7.3,100,904.9,1
2020-07-13,Lai_Chau,22.3964,103.4582,23.5,85,7.6,77,907.0,1
2020-07-14,Lai_Chau,22.3964,103.4582,24.5,76,5.9,61,908.2,1
2020-07-15,Lai_Chau,22.3964,103.4582,24.5,78,7.6,55,906.6,1
2020-07-16,Lai_Chau,22.3964,103.4582,24.6,83,6.9,82,905.8,1
2020-07-17,Lai_Chau,22.3964,103.4582,24.2,87,7.0,100,906.7,1
2020-07-18,Lai_Chau,22.3964,103.4582,23.8,86,6.6,99,907.4,1
2020-07-19,Lai_Chau,22.3964,103.4582,22.9,93,5.2,98,906.8,1
2020-07-20,Lai_Chau,22.3964,103.4582,22.3,96,5.0,98,907.2,1
2020-07-21,Lai_Chau,22.3964,103.4582,22.4,94,6.6,95,908.6,1
2020-07-22,Lai_Chau,22.3964,103.4582,23.9,84,8.7,83,908.1,1
2020-07-23,Lai_Chau,22.3964,103.4582,24.8,77,6.6,39,908.5,1
2020-07-24,Lai_Chau,22.3964,103.4582,25.1,78,6.1,36,908.6,1
2020-07-25,Lai_Chau,22.3964,103.4582,25.6,78,6.2,53,908.0,1
2020-07-26,Lai_Chau,22.3964,103.4582,24.6,87,5.4,99,907.5,1
2020-07-27,Lai_Chau,22.3964,103.4582,22.6,96,5.4,98,906.9,1
2020-07-28,Lai_Chau,22.3964,103.4582,22.9,89,6.1,85,907.5,1
2020-07-29,Lai_Chau,22.3964,103.4582,24.1,82,5.0,71,907.6,1
2020-07-30,Lai_Chau,22.3964,103.4582,25.1,77,5.4,71,907.3,1
2020-07-31,Lai_Chau,22.3964,103.4582,24.8,82,6.3,65,905.8,1
2020-08-01,Lai_Chau,22.3964,103.4582,25.8,77,4.2,64,903.1,1
2020-08-02,Lai_Chau,22.3964,103.4582,25.0,84,6.6,95,900.3,1
2020-08-03,Lai_Chau,22.3964,103.4582,24.2,90,6.8,92,900.6,1
2020-08-04,Lai_Chau,22.3964,103.4582,23.6,90,6.9,93,902.7,1
2020-08-05,Lai_Chau,22.3964,103.4582,23.5,91,6.5,94,904.9,1
2020-08-06,Lai_Chau,22.3964,103.4582,22.1,99,7.2,100,906.2,1
2020-08-07,Lai_Chau,22.3964,103.4582,23.4,92,7.5,95,906.6,1
2020-08-08,Lai_Chau,22.3964,103.4582,24.2,88,6.2,98,905.9,1
2020-08-09,Lai_Chau,22.3964,103.4582,24.1,89,6.6,98,905.1,1
2020-08-10,Lai_Chau,22.3964,103.4582,23.0,93,4.9,98,904.8,1
2020-08-11,Lai_Chau,22.3964,103.4582,22.9,94,6.3,98,904.8,1
2020-08-12,Lai_Chau,22.3964,103.4582,23.1,92,7.2,93,906.0,1
2020-08-13,Lai_Chau,22.3964,103.4582,23.1,93,6.1,99,906.7,1
2020-08-14,Lai_Chau,22.3964,103.4582,21.7,98,7.4,97,906.4,1
2020-08-15,Lai_Chau,22.3964,103.4582,21.5,98,5.9,97,905.8,1
2020-08-16,Lai_Chau,22.3964,103.4582,21.8,95,5.7,96,905.1,1
2020-08-17,Lai_Chau,22.3964,103.4582,21.3,97,5.6,100,905.0,1
2020-08-18,Lai_Chau,22.3964,103.4582,20.9,99,5.0,100,905.4,1
2020-08-19,Lai_Chau,22.3964,103.4582,21.2,98,4.7,98,905.8,1
2020-08-20,Lai_Chau,22.3964,103.4582,22.9,88,5.8,68,907.2,1
2020-08-21,Lai_Chau,22.3964,103.4582,22.4,90,5.4,94,908.3,1
2020-08-22,Lai_Chau,22.3964,103.4582,23.5,88,5.5,82,908.4,1
2020-08-23,Lai_Chau,22.3964,103.4582,23.9,84,5.1,72,907.4,1
2020-08-24,Lai_Chau,22.3964,103.4582,23.0,91,6.7,88,906.8,1
2020-08-25,Lai_Chau,22.3964,103.4582,22.7,92,5.0,89,906.9,1
2020-08-26,Lai_Chau,22.3964,103.4582,25.2,81,5.9,42,905.7,1
2020-08-27,Lai_Chau,22.3964,103.4582,25.5,80,5.9,35,904.2,1
2020-08-28,Lai_Chau,22.3964,103.4582,25.8,71,7.8,36,904.2,1
2020-08-29,Lai_Chau,22.3964,103.4582,25.5,76,5.4,83,905.9,1
2020-08-30,Lai_Chau,22.3964,103.4582,24.0,88,5.4,93,907.2,1
2020-08-31,Lai_Chau,22.3964,103.4582,22.2,92,4.8,80,909.1,1
2020-09-01,Lai_Chau,22.3964,103.4582,23.8,77,4.4,25,909.2,0
2020-09-02,Lai_Chau,22.3964,103.4582,24.9,73,5.1,55,909.2,1
2020-09-03,Lai_Chau,22.3964,103.4582,25.1,75,4.8,56,909.7,1
2020-09-04,Lai_Chau,22.3964,103.4582,25.2,75,5.8,54,909.2,1
2020-09-05,Lai_Chau,22.3964,103.4582,24.1,84,4.9,89,907.5,1
2020-09-06,Lai_Chau,22.3964,103.4582,23.5,92,5.1,100,906.3,1
2020-09-07,Lai_Chau,22.3964,103.4582,21.7,98,4.0,96,906.7,1
2020-09-08,Lai_Chau,22.3964,103.4582,23.0,91,5.1,79,909.0,1
2020-09-09,Lai_Chau,22.3964,103.4582,22.9,89,6.8,83,909.3,1
2020-09-10,Lai_Chau,22.3964,103.4582,22.5,91,6.1,92,907.0,1
2020-09-11,Lai_Chau,22.3964,103.4582,22.8,92,4.8,97,907.8,1
2020-09-12,Lai_Chau,22.3964,103.4582,22.7,92,5.7,99,910.1,1
2020-09-13,Lai_Chau,22.3964,103.4582,22.9,87,4.4,97,910.7,1
2020-09-14,Lai_Chau,22.3964,103.4582,23.2,88,4.3,89,909.6,1
2020-09-15,Lai_Chau,22.3964,103.4582,22.5,91,5.5,98,908.5,1
2020-09-16,Lai_Chau,22.3964,103.4582,23.2,89,5.4,98,907.8,1
2020-09-17,Lai_Chau,22.3964,103.4582,23.6,87,5.1,98,907.1,1
2020-09-18,Lai_Chau,22.3964,103.4582,23.8,76,8.3,64,907.5,1
2020-09-19,Lai_Chau,22.3964,103.4582,22.5,82,5.8,63,907.5,1
2020-09-20,Lai_Chau,22.3964,103.4582,22.6,89,7.7,55,908.7,1
2020-09-21,Lai_Chau,22.3964,103.4582,21.7,95,7.2,88,909.1,1
2020-09-22,Lai_Chau,22.3964,103.4582,22.4,93,5.4,98,909.3,1
2020-09-23,Lai_Chau,22.3964,103.4582,22.3,94,4.0,94,909.6,1
2020-09-24,Lai_Chau,22.3964,103.4582,21.9,92,6.4,98,910.4,1
2020-09-25,Lai_Chau,22.3964,103.4582,22.1,94,4.8,92,908.5,1
2020-09-26,Lai_Chau,22.3964,103.4582,22.7,92,5.2,99,908.0,1
2020-09-27,Lai_Chau,22.3964,103.4582,22.2,94,5.2,87,908.6,1
2020-09-28,Lai_Chau,22.3964,103.4582,23.5,86,6.2,56,908.8,1
2020-09-29,Lai_Chau,22.3964,103.4582,24.4,81,4.1,74,908.0,1
2020-09-30,Lai_Chau,22.3964,103.4582,23.8,86,5.1,83,907.2,1
2020-10-01,Lai_Chau,22.3964,103.4582,23.1,89,5.7,82,907.6,1
2020-10-02,Lai_Chau,22.3964,103.4582,24.3,79,6.5,65,908.6,1
2020-10-03,Lai_Chau,22.3964,103.4582,23.9,85,5.1,73,909.5,1
2020-10-04,Lai_Chau,22.3964,103.4582,23.5,86,6.3,85,909.9,1
2020-10-05,Lai_Chau,22.3964,103.4582,22.7,90,4.1,80,910.2,1
2020-10-06,Lai_Chau,22.3964,103.4582,22.6,87,8.7,55,911.7,1
2020-10-07,Lai_Chau,22.3964,103.4582,22.4,80,7.9,40,912.6,1
2020-10-08,Lai_Chau,22.3964,103.4582,21.4,75,6.1,54,912.6,1
2020-10-09,Lai_Chau,22.3964,103.4582,20.8,73,5.1,27,913.1,1
2020-10-10,Lai_Chau,22.3964,103.4582,19.4,78,7.4,35,911.7,0
2020-10-11,Lai_Chau,22.3964,103.4582,19.4,77,6.9,40,909.8,0
2020-10-12,Lai_Chau,22.3964,103.4582,20.4,71,5.5,41,909.1,0
2020-10-13,Lai_Chau,22.3964,103.4582,21.8,71,5.1,19,909.2,0
2020-10-14,Lai_Chau,22.3964,103.4582,21.6,77,9.4,94,908.5,1
2020-10-15,Lai_Chau,22.3964,103.4582,21.2,87,4.1,70,909.3,1
2020-10-16,Lai_Chau,22.3964,103.4582,20.1,91,5.7,88,911.5,1
2020-10-17,Lai_Chau,22.3964,103.4582,18.3,75,6.4,60,912.5,0
2020-10-18,Lai_Chau,22.3964,103.4582,20.2,71,4.5,83,912.5,0
2020-10-19,Lai_Chau,22.3964,103.4582,18.3,89,3.8,100,913.1,1
2020-10-20,Lai_Chau,22.3964,103.4582,18.0,95,4.4,94,914.0,1
2020-10-21,Lai_Chau,22.3964,103.4582,19.0,81,4.3,81,914.1,1
2020-10-22,Lai_Chau,22.3964,103.4582,19.6,65,7.2,6,912.4,0
2020-10-23,Lai_Chau,22.3964,103.4582,18.8,57,4.8,79,912.1,0
2020-10-24,Lai_Chau,22.3964,103.4582,18.5,67,6.6,74,912.1,0
2020-10-25,Lai_Chau,22.3964,103.4582,19.6,70,4.7,44,912.0,0
2020-10-26,Lai_Chau,22.3964,103.4582,20.7,76,7.6,34,911.6,0
2020-10-27,Lai_Chau,22.3964,103.4582,21.3,80,6.1,35,911.9,0
2020-10-28,Lai_Chau,22.3964,103.4582,22.3,78,4.3,96,912.3,1
2020-10-29,Lai_Chau,22.3964,103.4582,20.5,81,6.9,89,912.8,1
2020-10-30,Lai_Chau,22.3964,103.4582,21.1,77,7.3,72,914.6,1
2020-10-31,Lai_Chau,22.3964,103.4582,20.4,83,7.4,49,914.9,0
2020-11-01,Lai_Chau,22.3964,103.4582,21.0,81,6.0,42,913.9,0
2020-11-02,Lai_Chau,22.3964,103.4582,21.3,83,7.6,72,914.4,1
2020-11-03,Lai_Chau,22.3964,103.4582,18.8,85,6.3,95,914.8,1
2020-11-04,Lai_Chau,22.3964,103.4582,17.4,90,7.0,100,913.8,1
2020-11-05,Lai_Chau,22.3964,103.4582,18.1,90,5.2,91,913.7,1
2020-11-06,Lai_Chau,22.3964,103.4582,19.6,84,7.4,56,915.3,1
2020-11-07,Lai_Chau,22.3964,103.4582,19.8,80,6.5,29,916.6,1
2020-11-08,Lai_Chau,22.3964,103.4582,19.8,73,4.8,43,917.0,0
2020-11-09,Lai_Chau,22.3964,103.4582,19.1,67,5.1,6,916.3,0
2020-11-10,Lai_Chau,22.3964,103.4582,17.7,62,4.7,1,915.7,0
2020-11-11,Lai_Chau,22.3964,103.4582,17.1,65,6.8,2,916.6,0
2020-11-12,Lai_Chau,22.3964,103.4582,17.8,66,5.8,28,916.6,0
2020-11-13,Lai_Chau,22.3964,103.4582,18.8,64,4.9,0,915.0,0
2020-11-14,Lai_Chau,22.3964,103.4582,17.7,60,4.6,0,914.2,0
2020-11-15,Lai_Chau,22.3964,103.4582,18.8,62,5.4,26,914.6,0
2020-11-16,Lai_Chau,22.3964,103.4582,19.1,80,6.8,74,913.8,1
2020-11-17,Lai_Chau,22.3964,103.4582,19.6,84,6.5,54,911.4,1
2020-11-18,Lai_Chau,22.3964,103.4582,19.6,81,4.6,41,910.3,1
2020-11-19,Lai_Chau,22.3964,103.4582,20.4,69,6.1,12,909.9,0
2020-11-20,Lai_Chau,22.3964,103.4582,19.8,66,6.8,3,909.8,0
2020-11-21,Lai_Chau,22.3964,103.4582,19.5,65,6.5,0,910.4,0
2020-11-22,Lai_Chau,22.3964,103.4582,20.2,59,6.9,3,913.1,0
2020-11-23,Lai_Chau,22.3964,103.4582,20.4,68,6.9,25,914.9,0
2020-11-24,Lai_Chau,22.3964,103.4582,20.3,73,4.7,52,915.1,1
2020-11-25,Lai_Chau,22.3964,103.4582,19.5,73,5.5,54,914.5,1
2020-11-26,Lai_Chau,22.3964,103.4582,18.4,65,5.4,11,915.1,0
2020-11-27,Lai_Chau,22.3964,103.4582,18.5,69,5.8,60,916.8,1
2020-11-28,Lai_Chau,22.3964,103.4582,18.0,74,8.9,70,917.1,0
2020-11-29,Lai_Chau,22.3964,103.4582,16.5,76,8.6,60,916.8,1
2020-11-30,Lai_Chau,22.3964,103.4582,15.6,71,6.2,20,917.0,0
2020-12-01,Lai_Chau,22.3964,103.4582,15.2,73,6.0,37,916.5,0
2020-12-02,Lai_Chau,22.3964,103.4582,15.6,72,6.9,28,915.2,0
2020-12-03,Lai_Chau,22.3964,103.4582,15.4,77,8.5,85,915.6,1
2020-12-04,Lai_Chau,22.3964,103.4582,14.5,77,9.5,76,915.2,1
2020-12-05,Lai_Chau,22.3964,103.4582,13.6,74,6.8,33,915.2,0
2020-12-06,Lai_Chau,22.3964,103.4582,13.9,74,8.4,31,914.1,0
2020-12-07,Lai_Chau,22.3964,103.4582,15.3,70,9.7,35,915.6,0
2020-12-08,Lai_Chau,22.3964,103.4582,13.9,78,5.5,61,915.5,0
2020-12-09,Lai_Chau,22.3964,103.4582,14.1,75,6.3,41,912.1,0
2020-12-10,Lai_Chau,22.3964,103.4582,16.0,69,6.8,36,912.1,0
2020-12-11,Lai_Chau,22.3964,103.4582,15.5,72,7.4,25,911.0,0
2020-12-12,Lai_Chau,22.3964,103.4582,17.0,68,8.2,7,910.0,0
2020-12-13,Lai_Chau,22.3964,103.4582,17.6,66,8.2,11,908.4,0
2020-12-14,Lai_Chau,22.3964,103.4582,18.8,65,8.3,18,911.1,0
2020-12-15,Lai_Chau,22.3964,103.4582,17.3,83,8.7,63,914.0,1
2020-12-16,Lai_Chau,22.3964,103.4582,14.1,90,6.9,87,914.9,1
2020-12-17,Lai_Chau,22.3964,103.4582,12.8,93,6.6,91,913.5,1
2020-12-18,Lai_Chau,22.3964,103.4582,11.7,95,8.4,100,914.3,1
2020-12-19,Lai_Chau,22.3964,103.4582,11.7,83,6.8,90,916.7,1
2020-12-20,Lai_Chau,22.3964,103.4582,11.6,74,3.7,50,918.0,0
2020-12-21,Lai_Chau,22.3964,103.4582,11.9,68,4.6,20,916.6,0
2020-12-22,Lai_Chau,22.3964,103.4582,10.7,76,6.0,5,913.5,0
2020-12-23,Lai_Chau,22.3964,103.4582,12.0,72,5.7,7,911.6,0
2020-12-24,Lai_Chau,22.3964,103.4582,14.6,62,5.9,4,912.2,0
2020-12-25,Lai_Chau,22.3964,103.4582,14.2,69,6.5,9,912.2,0
2020-12-26,Lai_Chau,22.3964,103.4582,14.3,73,7.2,14,910.8,0
2020-12-27,Lai_Chau,22.3964,103.4582,16.0,74,7.9,24,910.2,0
2020-12-28,Lai_Chau,22.3964,103.4582,16.9,75,7.9,32,909.1,0
2020-12-29,Lai_Chau,22.3964,103.4582,17.7,66,6.1,2,910.1,0
2020-12-30,Lai_Chau,22.3964,103.4582,14.7,70,7.7,60,915.6,0
2020-12-31,Lai_Chau,22.3964,103.4582,11.1,70,7.8,37,916.7,0
2021-01-01,Lai_Chau,22.3964,103.4582,10.1,69,6.1,50,916.3,0
2021-01-02,Lai_Chau,22.3964,103.4582,11.1,62,7.0,5,914.2,0
2021-01-03,Lai_Chau,22.3964,103.4582,12.7,59,7.6,15,913.7,0
2021-01-04,Lai_Chau,22.3964,103.4582,12.5,69,6.3,25,914.4,0
2021-01-05,Lai_Chau,22.3964,103.4582,14.9,66,7.3,42,913.3,0
2021-01-06,Lai_Chau,22.3964,103.4582,13.8,77,7.8,34,912.0,0
2021-01-07,Lai_Chau,22.3964,103.4582,14.3,78,10.1,65,911.6,0
2021-01-08,Lai_Chau,22.3964,103.4582,10.6,86,6.9,100,914.4,1
2021-01-09,Lai_Chau,22.3964,103.4582,6.6,94,7.0,100,914.2,1
2021-01-10,Lai_Chau,22.3964,103.4582,5.9,96,6.7,100,913.5,1
2021-01-11,Lai_Chau,22.3964,103.4582,6.3,89,3.6,100,918.5,1
2021-01-12,Lai_Chau,22.3964,103.4582,7.5,76,6.3,89,918.2,1
2021-01-13,Lai_Chau,22.3964,103.4582,9.9,70,7.0,30,912.2,0
2021-01-14,Lai_Chau,22.3964,103.4582,11.6,73,6.2,26,910.9,0
2021-01-15,Lai_Chau,22.3964,103.4582,12.9,68,6.8,30,909.3,0
2021-01-16,Lai_Chau,22.3964,103.4582,15.0,70,4.9,67,910.1,1
2021-01-17,Lai_Chau,22.3964,103.4582,12.3,75,6.9,88,916.7,1
2021-01-18,Lai_Chau,22.3964,103.4582,11.5,64,5.2,32,916.8,0
2021-01-19,Lai_Chau,22.3964,103.4582,13.2,68,8.0,15,911.9,0
2021-01-20,Lai_Chau,22.3964,103.4582,13.6,75,6.2,63,910.2,0
2021-01-21,Lai_Chau,22.3964,103.4582,15.6,72,5.1,40,910.4,1
2021-01-22,Lai_Chau,22.3964,103.4582,15.1,78,5.5,41,910.8,1
2021-01-23,Lai_Chau,22.3964,103.4582,14.7,79,6.9,60,909.6,0
2021-01-24,Lai_Chau,22.3964,103.4582,16.9,68,9.2,25,908.9,1
2021-01-25,Lai_Chau,22.3964,103.4582,17.4,61,6.9,18,910.4,0
2021-01-26,Lai_Chau,22.3964,103.4582,17.3,65,7.6,28,911.5,0
2021-01-27,Lai_Chau,22.3964,103.4582,17.7,66,7.1,35,911.0,0
2021-01-28,Lai_Chau,22.3964,103.4582,17.1,70,9.3,54,914.6,1
2021-01-29,Lai_Chau,22.3964,103.4582,13.8,81,8.3,77,914.1,1
2021-01-30,Lai_Chau,22.3964,103.4582,14.0,87,8.0,97,913.3,1
2021-01-31,Lai_Chau,22.3964,103.4582,14.3,92,6.9,93,913.4,1
2021-02-01,Lai_Chau,22.3964,103.4582,16.0,85,4.4,62,913.7,1
2021-02-02,Lai_Chau,22.3964,103.4582,17.1,78,4.4,45,914.0,1
2021-02-03,Lai_Chau,22.3964,103.4582,17.5,82,7.6,51,914.5,1
2021-02-04,Lai_Chau,22.3964,103.4582,17.0,78,7.6,45,914.6,1
2021-02-05,Lai_Chau,22.3964,103.4582,18.3,66,4.6,28,913.6,0
2021-02-06,Lai_Chau,22.3964,103.4582,17.8,71,6.5,33,912.7,0
2021-02-07,Lai_Chau,22.3964,103.4582,17.3,79,5.9,58,912.2,1
2021-02-08,Lai_Chau,22.3964,103.4582,13.6,98,8.8,99,913.2,1
2021-02-09,Lai_Chau,22.3964,103.4582,12.7,83,5.4,82,912.4,1
2021-02-10,Lai_Chau,22.3964,103.4582,14.1,71,6.6,28,911.5,0
2021-02-11,Lai_Chau,22.3964,103.4582,14.2,70,7.8,22,910.7,0
2021-02-12,Lai_Chau,22.3964,103.4582,16.7,65,7.5,17,911.8,0
2021-02-13,Lai_Chau,22.3964,103.4582,16.4,76,7.2,42,911.7,0
2021-02-14,Lai_Chau,22.3964,103.4582,16.5,82,5.9,49,912.0,1
2021-02-15,Lai_Chau,22.3964,103.4582,17.1,78,5.5,26,909.7,1
2021-02-16,Lai_Chau,22.3964,103.4582,17.5,76,6.4,16,910.5,1
2021-02-17,Lai_Chau,22.3964,103.4582,16.9,81,8.0,62,914.4,1
2021-02-18,Lai_Chau,22.3964,103.4582,15.9,78,8.9,70,917.4,1
2021-02-19,Lai_Chau,22.3964,103.4582,15.1,81,5.9,77,917.6,0
2021-02-20,Lai_Chau,22.3964,103.4582,16.1,78,5.9,67,915.0,0
2021-02-21,Lai_Chau,22.3964,103.4582,18.1,73,5.1,35,912.1,1
2021-02-22,Lai_Chau,22.3964,103.4582,18.8,65,6.3,4,911.0,0
2021-02-23,Lai_Chau,22.3964,103.4582,19.5,59,6.6,10,910.5,1
2021-02-24,Lai_Chau,22.3964,103.4582,18.8,80,7.2,43,907.6,1
2021-02-25,Lai_Chau,22.3964,103.4582,19.0,76,7.2,28,905.1,1
2021-02-26,Lai_Chau,22.3964,103.4582,19.8,56,7.9,17,905.2,0
2021-02-27,Lai_Chau,22.3964,103.4582,19.5,63,9.0,42,907.3,1
2021-02-28,Lai_Chau,22.3964,103.4582,18.1,78,6.5,48,908.3,0
2021-03-01,Lai_Chau,22.3964,103.4582,20.2,58,6.7,9,911.2,0
2021-03-02,Lai_Chau,22.3964,103.4582,18.3,71,10.5,32,912.5,0
2021-03-03,Lai_Chau,22.3964,103.4582,16.8,82,10.1,48,912.4,1
2021-03-04,Lai_Chau,22.3964,103.4582,17.5,88,6.6,71,911.4,1
2021-03-05,Lai_Chau,22.3964,103.4582,19.4,77,6.9,47,909.7,1
2021-03-06,Lai_Chau,22.3964,103.4582,20.5,51,5.7,2,911.5,0
2021-03-07,Lai_Chau,22.3964,103.4582,19.5,61,9.4,22,912.1,0
2021-03-08,Lai_Chau,22.3964,103.4582,19.8,74,6.8,30,912.6,0
2021-03-09,Lai_Chau,22.3964,103.4582,20.0,76,6.5,43,912.6,1
2021-03-10,Lai_Chau,22.3964,103.4582,20.3,69,5.8,25,912.4,1
2021-03-11,Lai_Chau,22.3964,103.4582,21.5,59,6.6,7,913.1,0
2021-03-12,Lai_Chau,22.3964,103.4582,20.6,69,7.4,18,913.6,0
2021-03-13,Lai_Chau,22.3964,103.4582,20.6,71,6.5,26,913.2,1
2021-03-14,Lai_Chau,22.3964,103.4582,19.7,76,7.2,28,910.6,1
2021-03-15,Lai_Chau,22.3964,103.4582,20.8,73,7.6,33,908.8,1
2021-03-16,Lai_Chau,22.3964,103.4582,21.8,71,7.4,20,908.5,1
2021-03-17,Lai_Chau,22.3964,103.4582,22.7,62,9.0,28,908.2,0
2021-03-18,Lai_Chau,22.3964,103.4582,24.1,50,6.2,6,908.5,0
2021-03-19,Lai_Chau,22.3964,103.4582,24.5,55,7.6,47,907.6,0
2021-03-20,Lai_Chau,22.3964,103.4582,24.8,57,8.9,38,907.1,1
2021-03-21,Lai_Chau,22.3964,103.4582,21.0,78,5.9,66,910.7,1
2021-03-22,Lai_Chau,22.3964,103.4582,15.7,75,7.6,92,916.1,1
2021-03-23,Lai_Chau,22.3964,103.4582,15.6,78,6.8,65,914.5,1
2021-03-24,Lai_Chau,22.3964,103.4582,17.4,80,6.8,54,911.1,1
2021-03-25,Lai_Chau,22.3964,103.4582,19.4,77,8.6,45,909.6,1
2021-03-26,Lai_Chau,22.3964,103.4582,20.6,77,7.4,34,908.9,1
2021-03-27,Lai_Chau,22.3964,103.4582,23.1,66,5.6,45,907.8,1
2021-03-28,Lai_Chau,22.3964,103.4582,22.9,65,8.9,7,906.9,1
2021-03-29,Lai_Chau,22.3964,103.4582,24.6,60,7.9,25,905.6,0
2021-03-30,Lai_Chau,22.3964,103.4582,25.4,40,9.2,24,903.6,0
2021-03-31,Lai_Chau,22.3964,103.4582,25.4,38,11.3,8,903.5,0
2021-04-01,Lai_Chau,22.3964,103.4582,25.6,41,11.3,9,904.2,0
2021-04-02,Lai_Chau,22.3964,103.4582,26.0,40,8.8,10,906.2,0
2021-04-03,Lai_Chau,22.3964,103.4582,26.3,47,9.7,29,908.8,0
2021-04-04,Lai_Chau,22.3964,103.4582,19.9,95,6.4,97,911.0,1
2021-04-05,Lai_Chau,22.3964,103.4582,17.5,99,6.4,100,912.2,1
2021-04-06,Lai_Chau,22.3964,103.4582,17.7,96,6.5,98,912.5,1
2021-04-07,Lai_Chau,22.3964,103.4582,18.8,76,6.6,30,911.9,1
2021-04-08,Lai_Chau,22.3964,103.4582,21.2,71,4.8,14,909.9,1
2021-04-09,Lai_Chau,22.3964,103.4582,20.4,84,10.2,61,910.9,1
2021-04-10,Lai_Chau,22.3964,103.4582,19.9,88,9.5,86,912.5,1
2021-04-11,Lai_Chau,22.3964,103.4582,20.3,91,5.8,95,913.2,1
2021-04-12,Lai_Chau,22.3964,103.4582,21.8,82,7.2,94,912.4,1
2021-04-13,Lai_Chau,22.3964,103.4582,22.5,83,6.5,91,910.9,1
2021-04-14,Lai_Chau,22.3964,103.4582,22.8,83,5.2,88,909.9,1
2021-04-15,Lai_Chau,22.3964,103.4582,23.1,74,7.2,53,908.4,1
2021-04-16,Lai_Chau,22.3964,103.4582,23.7,67,6.9,36,909.2,1
2021-04-17,Lai_Chau,22.3964,103.4582,19.6,96,5.2,100,912.0,1
2021-04-18,Lai_Chau,22.3964,103.4582,19.0,99,6.8,93,910.6,1
2021-04-19,Lai_Chau,22.3964,103.4582,21.1,86,6.5,55,908.0,1
2021-04-20,Lai_Chau,22.3964,103.4582,22.5,75,7.6,34,907.6,1
2021-04-21,Lai_Chau,22.3964,103.4582,23.1,71,8.0,13,908.1,1
2021-04-22,Lai_Chau,22.3964,103.4582,23.8,66,7.4,8,907.5,0
2021-04-23,Lai_Chau,22.3964,103.4582,24.4,67,9.4,6,905.5,0
2021-04-24,Lai_Chau,22.3964,103.4582,25.4,63,9.0,24,906.0,0
2021-04-25,Lai_Chau,22.3964,103.4582,24.2,74,8.1,67,908.3,1
2021-04-26,Lai_Chau,22.3964,103.4582,21.9,88,9.7,89,909.2,1
2021-04-27,Lai_Chau,22.3964,103.4582,20.5,93,7.3,99,911.2,1
2021-04-28,Lai_Chau,22.3964,103.4582,20.6,92,5.5,97,912.7,1
2021-04-29,Lai_Chau,22.3964,103.4582,21.0,80,5.9,86,913.1,1
2021-04-30,Lai_Chau,22.3964,103.4582,21.8,77,5.9,64,910.8,1
2021-05-01,Lai_Chau,22.3964,103.4582,22.5,80,5.3,76,911.1,1
2021-05-02,Lai_Chau,22.3964,103.4582,22.4,84,6.8,70,910.1,1
2021-05-03,Lai_Chau,22.3964,103.4582,22.8,84,6.5,50,908.3,1
2021-05-04,Lai_Chau,22.3964,103.4582,23.7,77,6.1,37,908.7,1
2021-05-05,Lai_Chau,22.3964,103.4582,22.6,82,6.6,63,910.3,1
2021-05-06,Lai_Chau,22.3964,103.4582,21.7,87,4.7,97,912.9,1
2021-05-07,Lai_Chau,22.3964,103.4582,22.7,80,5.9,70,912.0,1
2021-05-08,Lai_Chau,22.3964,103.4582,23.4,79,6.8,33,909.6,1
2021-05-09,Lai_Chau,22.3964,103.4582,23.4,78,8.0,26,908.1,1
2021-05-10,Lai_Chau,22.3964,103.4582,22.5,85,5.8,60,907.2,1
2021-05-11,Lai_Chau,22.3964,103.4582,23.7,78,6.5,35,906.7,1
2021-05-12,Lai_Chau,22.3964,103.4582,22.7,85,7.3,65,906.5,1
2021-05-13,Lai_Chau,22.3964,103.4582,22.6,84,7.6,53,906.3,1
2021-05-14,Lai_Chau,22.3964,103.4582,23.2,86,7.7,62,906.2,1
2021-05-15,Lai_Chau,22.3964,103.4582,23.3,86,6.0,44,906.8,1
2021-05-16,Lai_Chau,22.3964,103.4582,24.7,77,5.8,30,907.1,1
2021-05-17,Lai_Chau,22.3964,103.4582,25.9,66,7.2,57,907.4,1
2021-05-18,Lai_Chau,22.3964,103.4582,25.5,74,7.1,67,907.2,1
2021-05-19,Lai_Chau,22.3964,103.4582,24.8,81,6.5,61,906.0,1
2021-05-20,Lai_Chau,22.3964,103.4582,25.1,83,6.9,56,906.5,1
2021-05-21,Lai_Chau,22.3964,103.4582,25.4,82,7.8,50,905.9,1
2021-05-22,Lai_Chau,22.3964,103.4582,25.6,81,6.6,65,904.5,1
2021-05-23,Lai_Chau,22.3964,103.4582,26.2,78,5.8,93,906.1,1
2021-05-24,Lai_Chau,22.3964,103.4582,23.4,91,5.8,91,909.1,1
2021-05-25,Lai_Chau,22.3964,103.4582,24.1,81,7.2,56,908.7,1
2021-05-26,Lai_Chau,22.3964,103.4582,23.7,91,5.3,94,907.3,1
2021-05-27,Lai_Chau,22.3964,103.4582,23.7,90,4.3,92,908.5,1
2021-05-28,Lai_Chau,22.3964,103.4582,24.8,82,5.8,81,909.0,1
2021-05-29,Lai_Chau,22.3964,103.4582,24.9,83,7.6,82,907.7,1
2021-05-30,Lai_Chau,22.3964,103.4582,24.0,89,6.2,94,906.4,1
2021-05-31,Lai_Chau,22.3964,103.4582,23.3,91,5.2,99,905.4,1
2021-06-01,Lai_Chau,22.3964,103.4582,24.4,88,6.5,91,905.9,1
2021-06-02,Lai_Chau,22.3964,103.4582,24.4,87,8.0,94,905.9,1
2021-06-03,Lai_Chau,22.3964,103.4582,24.9,85,5.8,85,906.2,1
2021-06-04,Lai_Chau,22.3964,103.4582,23.4,88,6.9,97,907.4,1
2021-06-05,Lai_Chau,22.3964,103.4582,23.1,89,7.1,96,906.6,1
2021-06-06,Lai_Chau,22.3964,103.4582,23.3,88,5.3,88,905.5,1
2021-06-07,Lai_Chau,22.3964,103.4582,22.6,94,5.5,99,905.6,1
2021-06-08,Lai_Chau,22.3964,103.4582,23.6,88,6.2,98,906.7,1
2021-06-09,Lai_Chau,22.3964,103.4582,23.7,86,8.3,95,905.9,1
2021-06-10,Lai_Chau,22.3964,103.4582,23.1,89,4.9,99,904.6,1
2021-06-11,Lai_Chau,22.3964,103.4582,23.3,91,4.6,96,905.0,1
2021-06-12,Lai_Chau,22.3964,103.4582,24.6,85,4.6,92,905.6,1
2021-06-13,Lai_Chau,22.3964,103.4582,25.3,76,5.6,75,903.1,1
2021-06-14,Lai_Chau,22.3964,103.4582,23.5,85,10.2,78,902.9,1
2021-06-15,Lai_Chau,22.3964,103.4582,22.8,90,8.4,89,902.9,1
2021-06-16,Lai_Chau,22.3964,103.4582,23.8,89,6.2,90,904.9,1
2021-06-17,Lai_Chau,22.3964,103.4582,24.5,83,6.8,60,906.7,1
2021-06-18,Lai_Chau,22.3964,103.4582,25.0,79,7.1,56,907.3,1
2021-06-19,Lai_Chau,22.3964,103.4582,25.9,74,6.7,43,905.8,1
2021-06-20,Lai_Chau,22.3964,103.4582,26.7,69,8.0,56,904.4,1
2021-06-21,Lai_Chau,22.3964,103.4582,26.3,70,5.8,87,904.5,1
2021-06-22,Lai_Chau,22.3964,103.4582,25.4,78,6.1,88,906.3,1
2021-06-23,Lai_Chau,22.3964,103.4582,23.6,90,5.2,98,906.7,1
2021-06-24,Lai_Chau,22.3964,103.4582,22.4,96,5.2,99,905.4,1
2021-06-25,Lai_Chau,22.3964,103.4582,22.0,98,6.7,98,904.5,1
2021-06-26,Lai_Chau,22.3964,103.4582,22.4,92,6.6,96,906.0,1
2021-06-27,Lai_Chau,22.3964,103.4582,23.3,89,8.3,97,906.2,1
2021-06-28,Lai_Chau,22.3964,103.4582,23.0,93,5.9,100,904.4,1
2021-06-29,Lai_Chau,22.3964,103.4582,22.6,95,6.1,100,903.8,1
2021-06-30,Lai_Chau,22.3964,103.4582,22.0,96,7.3,100,903.8,1
2021-07-01,Lai_Chau,22.3964,103.4582,21.5,99,6.6,100,904.3,1
2021-07-02,Lai_Chau,22.3964,103.4582,22.1,94,5.8,100,906.0,1
2021-07-03,Lai_Chau,22.3964,103.4582,22.4,96,6.1,100,906.1,1
2021-07-04,Lai_Chau,22.3964,103.4582,23.9,89,6.1,97,906.0,1
2021-07-05,Lai_Chau,22.3964,103.4582,23.7,90,5.4,99,906.2,1
2021-07-06,Lai_Chau,22.3964,103.4582,23.2,93,5.8,75,905.8,1
2021-07-07,Lai_Chau,22.3964,103.4582,24.5,84,6.6,63,906.9,1
2021-07-08,Lai_Chau,22.3964,103.4582,24.3,82,8.5,95,906.5,1
2021-07-09,Lai_Chau,22.3964,103.4582,24.1,86,6.5,59,908.5,1
2021-07-10,Lai_Chau,22.3964,103.4582,24.3,80,8.3,75,909.1,1
2021-07-11,Lai_Chau,22.3964,103.4582,24.5,77,6.9,69,909.9,1
2021-07-12,Lai_Chau,22.3964,103.4582,25.0,78,8.4,54,909.6,1
2021-07-13,Lai_Chau,22.3964,103.4582,24.8,82,6.8,62,907.7,1
2021-07-14,Lai_Chau,22.3964,103.4582,24.3,84,5.8,74,907.2,1
2021-07-15,Lai_Chau,22.3964,103.4582,24.4,83,5.6,75,908.3,1
2021-07-16,Lai_Chau,22.3964,103.4582,24.5,81,3.8,88,909.4,1
2021-07-17,Lai_Chau,22.3964,103.4582,25.3,76,5.4,77,906.6,1
2021-07-18,Lai_Chau,22.3964,103.4582,22.3,97,4.7,99,904.0,1
2021-07-19,Lai_Chau,22.3964,103.4582,22.3,97,5.2,99,903.8,1
2021-07-20,Lai_Chau,22.3964,103.4582,22.7,93,7.6,98,904.5,1
2021-07-21,Lai_Chau,22.3964,103.4582,23.3,89,6.8,88,903.9,1
2021-07-22,Lai_Chau,22.3964,103.4582,22.5,93,5.0,99,903.2,1
2021-07-23,Lai_Chau,22.3964,103.4582,23.8,88,4.7,99,902.6,1
2021-07-24,Lai_Chau,22.3964,103.4582,24.8,86,6.6,83,902.4,1
2021-07-25,Lai_Chau,22.3964,103.4582,22.5,96,4.2,100,903.2,1
2021-07-26,Lai_Chau,22.3964,103.4582,23.0,88,4.7,86,902.7,1
2021-07-27,Lai_Chau,22.3964,103.4582,23.7,88,5.1,88,902.0,1
2021-07-28,Lai_Chau,22.3964,103.4582,23.6,90,4.0,94,902.2,1
2021-07-29,Lai_Chau,22.3964,103.4582,23.3,90,4.5,95,903.1,1
2021-07-30,Lai_Chau,22.3964,103.4582,23.6,90,4.8,99,903.9,1
2021-07-31,Lai_Chau,22.3964,103.4582,23.5,92,4.8,100,903.5,1
2021-08-01,Lai_Chau,22.3964,103.4582,22.4,95,4.8,100,902.3,1
2021-08-02,Lai_Chau,22.3964,103.4582,24.8,80,6.0,63,902.7,1
2021-08-03,Lai_Chau,22.3964,103.4582,24.0,85,5.8,81,904.2,1
2021-08-04,Lai_Chau,22.3964,103.4582,25.0,81,6.1,45,904.6,1
2021-08-05,Lai_Chau,22.3964,103.4582,25.3,83,5.2,65,904.1,1
2021-08-06,Lai_Chau,22.3964,103.4582,25.5,82,5.6,65,904.9,1
2021-08-07,Lai_Chau,22.3964,103.4582,24.8,86,4.4,85,905.7,1
2021-08-08,Lai_Chau,22.3964,103.4582,24.5,88,5.1,97,905.9,1
2021-08-09,Lai_Chau,22.3964,103.4582,24.1,91,5.4,99,905.4,1
2021-08-10,Lai_Chau,22.3964,103.4582,23.0,97,5.1,100,904.6,1
2021-08-11,Lai_Chau,22.3964,103.4582,22.1,98,6.3,100,906.1,1
2021-08-12,Lai_Chau,22.3964,103.4582,22.6,94,5.6,99,908.0,1
2021-08-13,Lai_Chau,22.3964,103.4582,22.9,94,6.1,99,905.2,1
2021-08-14,Lai_Chau,22.3964,103.4582,22.3,97,5.0,100,904.1,1
2021-08-15,Lai_Chau,22.3964,103.4582,21.7,99,6.2,100,906.6,1
2021-08-16,Lai_Chau,22.3964,103.4582,22.5,92,7.3,94,910.4,1
2021-08-17,Lai_Chau,22.3964,103.4582,21.6,98,5.6,98,910.5,1
2021-08-18,Lai_Chau,22.3964,103.4582,22.4,92,6.5,93,908.8,1
2021-08-19,Lai_Chau,22.3964,103.4582,23.0,90,5.2,78,908.1,1
2021-08-20,Lai_Chau,22.3964,103.4582,23.9,81,5.7,53,909.4,1
2021-08-21,Lai_Chau,22.3964,103.4582,24.0,81,5.8,73,908.9,1
2021-08-22,Lai_Chau,22.3964,103.4582,24.6,82,6.9,78,907.0,1
2021-08-23,Lai_Chau,22.3964,103.4582,23.3,91,6.7,95,905.9,1
2021-08-24,Lai_Chau,22.3964,103.4582,22.9,93,5.4,99,905.9,1
2021-08-25,Lai_Chau,22.3964,103.4582,23.7,88,6.0,92,906.6,1
2021-08-26,Lai_Chau,22.3964,103.4582,23.8,86,7.2,86,908.5,1
2021-08-27,Lai_Chau,22.3964,103.4582,24.0,84,8.6,63,909.7,1
2021-08-28,Lai_Chau,22.3964,103.4582,23.7,82,6.9,47,909.5,1
2021-08-29,Lai_Chau,22.3964,103.4582,23.4,80,6.7,44,909.7,1
2021-08-30,Lai_Chau,22.3964,103.4582,23.9,77,5.2,24,910.3,1
2021-08-31,Lai_Chau,22.3964,103.4582,24.5,79,6.0,33,910.4,1
2021-09-01,Lai_Chau,22.3964,103.4582,24.2,80,5.1,61,909.8,1
2021-09-02,Lai_Chau,22.3964,103.4582,23.5,82,5.1,76,908.5,1
2021-09-03,Lai_Chau,22.3964,103.4582,23.4,86,5.9,46,906.7,1
2021-09-04,Lai_Chau,22.3964,103.4582,24.1,82,5.6,69,906.8,1
2021-09-05,Lai_Chau,22.3964,103.4582,23.6,86,5.8,51,908.8,1
2021-09-06,Lai_Chau,22.3964,103.4582,23.2,84,5.4,42,911.0,1
2021-09-07,Lai_Chau,22.3964,103.4582,23.9,82,6.4,68,911.1,1
2021-09-08,Lai_Chau,22.3964,103.4582,23.7,80,5.8,67,908.9,1
2021-09-09,Lai_Chau,22.3964,103.4582,23.1,84,7.2,58,909.9,1
2021-09-10,Lai_Chau,22.3964,103.4582,23.3,78,5.4,38,909.9,1
2021-09-11,Lai_Chau,22.3964,103.4582,23.9,65,4.7,5,907.9,0
2021-09-12,Lai_Chau,22.3964,103.4582,25.2,67,5.5,8,905.5,0
2021-09-13,Lai_Chau,22.3964,103.4582,25.8,73,6.5,40,907.5,1
2021-09-14,Lai_Chau,22.3964,103.4582,24.5,82,6.3,95,910.3,1
2021-09-15,Lai_Chau,22.3964,103.4582,24.0,86,6.1,86,911.4,1
2021-09-16,Lai_Chau,22.3964,103.4582,23.6,85,5.5,92,910.5,1
2021-09-17,Lai_Chau,22.3964,103.4582,23.6,83,6.8,92,909.7,1
2021-09-18,Lai_Chau,22.3964,103.4582,23.4,83,6.5,91,910.1,1
2021-09-19,Lai_Chau,22.3964,103.4582,23.2,90,6.0,95,910.3,1
2021-09-20,Lai_Chau,22.3964,103.4582,22.0,93,3.6,77,910.4,1
2021-09-21,Lai_Chau,22.3964,103.4582,23.0,81,5.5,34,909.8,1
2021-09-22,Lai_Chau,22.3964,103.4582,23.0,81,4.5,21,909.1,1
2021-09-23,Lai_Chau,22.3964,103.4582,23.0,81,6.9,32,910.8,1
2021-09-24,Lai_Chau,22.3964,103.4582,24.6,72,5.5,34,911.4,0
2021-09-25,Lai_Chau,22.3964,103.4582,21.7,91,4.6,76,910.7,1
2021-09-26,Lai_Chau,22.3964,103.4582,22.7,85,5.5,41,911.3,1
2021-09-27,Lai_Chau,22.3964,103.4582,22.1,83,5.6,42,911.1,1
2021-09-28,Lai_Chau,22.3964,103.4582,23.0,79,5.2,25,910.4,0
2021-09-29,Lai_Chau,22.3964,103.4582,23.6,79,5.1,35,909.7,1
2021-09-30,Lai_Chau,22.3964,103.4582,23.3,85,4.5,73,909.8,1
2021-10-01,Lai_Chau,22.3964,103.4582,23.0,88,6.1,78,909.8,1
2021-10-02,Lai_Chau,22.3964,103.4582,22.6,87,6.6,71,910.1,1
2021-10-03,Lai_Chau,22.3964,103.4582,22.4,89,5.4,76,910.3,1
2021-10-04,Lai_Chau,22.3964,103.4582,23.1,78,7.2,45,911.1,1
2021-10-05,Lai_Chau,22.3964,103.4582,23.2,74,5.5,14,911.2,1
2021-10-06,Lai_Chau,22.3964,103.4582,23.0,76,6.0,10,909.0,0
2021-10-07,Lai_Chau,22.3964,103.4582,22.8,80,5.4,24,907.1,1
2021-10-08,Lai_Chau,22.3964,103.4582,24.0,70,4.4,13,906.6,1
2021-10-09,Lai_Chau,22.3964,103.4582,24.7,65,6.6,85,906.4,1
2021-10-10,Lai_Chau,22.3964,103.4582,21.9,84,8.5,97,905.9,1
2021-10-11,Lai_Chau,22.3964,103.4582,20.0,95,7.0,98,907.7,1
2021-10-12,Lai_Chau,22.3964,103.4582,22.7,70,8.1,42,909.0,0
2021-10-13,Lai_Chau,22.3964,103.4582,21.9,66,11.4,75,907.3,0
2021-10-14,Lai_Chau,22.3964,103.4582,20.5,89,8.2,100,906.8,1
2021-10-15,Lai_Chau,22.3964,103.4582,19.9,95,5.6,97,909.4,1
2021-10-16,Lai_Chau,22.3964,103.4582,20.3,77,6.6,91,913.8,1
2021-10-17,Lai_Chau,22.3964,103.4582,19.6,69,5.9,69,916.1,0
2021-10-18,Lai_Chau,22.3964,103.4582,19.3,78,6.6,47,914.9,0
2021-10-19,Lai_Chau,22.3964,103.4582,20.9,81,7.0,71,915.0,0
2021-10-20,Lai_Chau,22.3964,103.4582,21.9,84,5.7,73,913.2,1
2021-10-21,Lai_Chau,22.3964,103.4582,21.2,89,5.2,89,912.6,1
2021-10-22,Lai_Chau,22.3964,103.4582,17.1,99,5.1,100,915.2,1
2021-10-23,Lai_Chau,22.3964,103.4582,15.8,93,5.0,90,916.2,1
2021-10-24,Lai_Chau,22.3964,103.4582,18.0,84,7.5,88,916.3,1
2021-10-25,Lai_Chau,22.3964,103.4582,17.8,81,8.1,53,914.1,0
2021-10-26,Lai_Chau,22.3964,103.4582,19.3,78,5.9,46,913.1,0
2021-10-27,Lai_Chau,22.3964,103.4582,20.1,79,8.1,54,914.4,0
2021-10-28,Lai_Chau,22.3964,103.4582,20.3,79,6.8,63,914.7,0
2021-10-29,Lai_Chau,22.3964,103.4582,20.7,83,6.8,38,915.4,1
2021-10-30,Lai_Chau,22.3964,103.4582,19.9,90,6.6,75,915.0,1
2021-10-31,Lai_Chau,22.3964,103.4582,19.4,90,7.6,95,914.4,1
2021-11-01,Lai_Chau,22.3964,103.4582,19.4,95,5.1,94,914.4,1
2021-11-02,Lai_Chau,22.3964,103.4582,19.5,95,5.1,83,914.6,1
2021-11-03,Lai_Chau,22.3964,103.4582,19.8,93,5.1,81,913.2,1
2021-11-04,Lai_Chau,22.3964,103.4582,20.7,88,5.5,84,912.0,1
2021-11-05,Lai_Chau,22.3964,103.4582,21.2,86,4.4,65,910.2,1
2021-11-06,Lai_Chau,22.3964,103.4582,21.4,84,5.1,53,908.3,1
2021-11-07,Lai_Chau,22.3964,103.4582,21.2,78,4.4,25,910.3,1
2021-11-08,Lai_Chau,22.3964,103.4582,17.9,72,5.0,67,914.4,1
2021-11-09,Lai_Chau,22.3964,103.4582,15.8,83,6.0,86,914.9,0
2021-11-10,Lai_Chau,22.3964,103.4582,16.0,83,7.7,86,915.0,1
2021-11-11,Lai_Chau,22.3964,103.4582,16.7,82,5.6,69,913.0,0
2021-11-12,Lai_Chau,22.3964,103.4582,17.2,82,8.6,100,914.7,1
2021-11-13,Lai_Chau,22.3964,103.4582,16.7,80,6.6,90,914.7,0
2021-11-14,Lai_Chau,22.3964,103.4582,15.6,91,7.0,96,913.4,1
2021-11-15,Lai_Chau,22.3964,103.4582,16.2,96,5.8,100,911.9,1
2021-11-16,Lai_Chau,22.3964,103.4582,18.6,89,8.4,100,912.2,1
2021-11-17,Lai_Chau,22.3964,103.4582,18.5,95,5.2,98,913.6,1
2021-11-18,Lai_Chau,22.3964,103.4582,17.9,90,4.5,100,912.1,1
2021-11-19,Lai_Chau,22.3964,103.4582,19.3,84,6.9,75,908.2,1
2021-11-20,Lai_Chau,22.3964,103.4582,19.2,79,7.9,56,907.7,1
2021-11-21,Lai_Chau,22.3964,103.4582,19.7,75,5.8,13,910.3,0
2021-11-22,Lai_Chau,22.3964,103.4582,18.2,77,6.3,76,912.9,1
2021-11-23,Lai_Chau,22.3964,103.4582,14.6,84,6.2,100,914.8,1
2021-11-24,Lai_Chau,22.3964,103.4582,12.6,97,4.8,97,915.2,1
2021-11-25,Lai_Chau,22.3964,103.4582,13.8,91,4.7,80,914.3,1
2021-11-26,Lai_Chau,22.3964,103.4582,15.0,89,6.6,86,914.6,0
2021-11-27,Lai_Chau,22.3964,103.4582,16.5,80,6.1,56,916.0,1
2021-11-28,Lai_Chau,22.3964,103.4582,15.8,79,4.1,29,915.5,0
2021-11-29,Lai_Chau,22.3964,103.4582,15.2,82,4.1,66,914.4,0
2021-11-30,Lai_Chau,22.3964,103.4582,16.0,72,4.8,49,916.2,0
2021-12-01,Lai_Chau,22.3964,103.4582,14.5,74,7.0,80,916.1,0
2021-12-02,Lai_Chau,22.3964,103.4582,13.7,73,8.7,48,916.1,0
2021-12-03,Lai_Chau,22.3964,103.4582,12.8,71,5.4,55,916.3,0
2021-12-04,Lai_Chau,22.3964,103.4582,13.2,71,6.9,37,916.2,0
2021-12-05,Lai_Chau,22.3964,103.4582,14.1,70,7.0,38,916.2,0
2021-12-06,Lai_Chau,22.3964,103.4582,14.7,70,6.9,23,915.5,0
2021-12-07,Lai_Chau,22.3964,103.4582,14.5,64,5.0,5,915.1,0
2021-12-08,Lai_Chau,22.3964,103.4582,15.4,62,4.5,0,916.2,0
2021-12-09,Lai_Chau,22.3964,103.4582,15.6,70,6.2,26,917.2,0
2021-12-10,Lai_Chau,22.3964,103.4582,14.3,85,5.6,59,915.0,0
2021-12-11,Lai_Chau,22.3964,103.4582,17.6,74,4.9,54,915.4,0
2021-12-12,Lai_Chau,22.3964,103.4582,16.2,88,6.4,98,917.1,1
2021-12-13,Lai_Chau,22.3964,103.4582,15.1,80,6.5,60,916.3,1
2021-12-14,Lai_Chau,22.3964,103.4582,14.1,79,7.4,47,912.8,0
2021-12-15,Lai_Chau,22.3964,103.4582,14.9,78,6.1,45,910.7,1
2021-12-16,Lai_Chau,22.3964,103.4582,15.1,76,7.5,3,911.5,0
2021-12-17,Lai_Chau,22.3964,103.4582,15.8,73,8.1,57,914.9,1
2021-12-18,Lai_Chau,22.3964,103.4582,14.4,74,7.3,58,916.0,0
2021-12-19,Lai_Chau,22.3964,103.4582,12.2,73,5.8,54,915.5,0
2021-12-20,Lai_Chau,22.3964,103.4582,11.4,72,5.8,23,912.7,0
2021-12-21,Lai_Chau,22.3964,103.4582,13.3,62,5.0,0,912.4,0
2021-12-22,Lai_Chau,22.3964,103.4582,14.0,65,5.1,4,912.0,0
2021-12-23,Lai_Chau,22.3964,103.4582,14.6,72,7.2,16,910.9,0
2021-12-24,Lai_Chau,22.3964,103.4582,14.3,83,6.2,39,911.8,1
2021-12-25,Lai_Chau,22.3964,103.4582,13.5,92,4.7,74,913.8,1
2021-12-26,Lai_Chau,22.3964,103.4582,14.2,95,5.9,90,915.7,1
2021-12-27,Lai_Chau,22.3964,103.4582,13.2,91,8.6,87,917.1,1
2021-12-28,Lai_Chau,22.3964,103.4582,12.0,90,5.7,87,916.6,0
2021-12-29,Lai_Chau,22.3964,103.4582,13.9,88,5.5,79,916.7,0
2021-12-30,Lai_Chau,22.3964,103.4582,13.0,90,6.3,85,918.2,0
2021-12-31,Lai_Chau,22.3964,103.4582,12.9,90,5.6,100,917.5,0
2022-01-01,Lai_Chau,22.3964,103.4582,14.4,88,6.6,97,917.3,1
2022-01-02,Lai_Chau,22.3964,103.4582,14.2,85,6.1,87,916.5,0
2022-01-03,Lai_Chau,22.3964,103.4582,14.1,83,5.5,55,914.3,1
2022-01-04,Lai_Chau,22.3964,103.4582,14.6,81,5.8,40,913.1,0
2022-01-05,Lai_Chau,22.3964,103.4582,14.9,78,7.2,20,911.8,1
2022-01-06,Lai_Chau,22.3964,103.4582,15.4,70,6.3,26,912.4,0
2022-01-07,Lai_Chau,22.3964,103.4582,15.6,74,6.5,38,914.1,1
2022-01-08,Lai_Chau,22.3964,103.4582,15.4,80,6.2,46,912.7,1
2022-01-09,Lai_Chau,22.3964,103.4582,14.9,84,6.5,51,911.2,1
2022-01-10,Lai_Chau,22.3964,103.4582,15.8,78,6.0,38,911.1,0
2022-01-11,Lai_Chau,22.3964,103.4582,14.1,82,8.4,74,914.1,0
2022-01-12,Lai_Chau,22.3964,103.4582,14.9,83,6.6,92,913.0,0
2022-01-13,Lai_Chau,22.3964,103.4582,14.3,90,9.5,100,913.8,1
2022-01-14,Lai_Chau,22.3964,103.4582,15.1,87,5.9,92,913.3,1
2022-01-15,Lai_Chau,22.3964,103.4582,15.9,86,5.7,81,912.6,1
2022-01-16,Lai_Chau,22.3964,103.4582,14.8,97,5.5,97,912.9,1
2022-01-17,Lai_Chau,22.3964,103.4582,14.5,90,6.6,75,914.5,1
2022-01-18,Lai_Chau,22.3964,103.4582,13.2,81,7.6,45,915.2,0
2022-01-19,Lai_Chau,22.3964,103.4582,12.6,83,8.3,72,912.5,1
2022-01-20,Lai_Chau,22.3964,103.4582,13.4,87,7.2,83,910.4,1
2022-01-21,Lai_Chau,22.3964,103.4582,13.2,94,5.8,93,909.7,1
2022-01-22,Lai_Chau,22.3964,103.4582,13.7,91,4.6,76,907.9,1
2022-01-23,Lai_Chau,22.3964,103.4582,14.8,78,5.4,42,908.3,1
2022-01-24,Lai_Chau,22.3964,103.4582,15.6,72,8.0,9,909.1,0
2022-01-25,Lai_Chau,22.3964,103.4582,15.9,72,8.0,16,909.5,1
2022-01-26,Lai_Chau,22.3964,103.4582,15.7,78,6.6,31,910.0,1
2022-01-27,Lai_Chau,22.3964,103.4582,16.2,81,6.6,34,910.5,1
2022-01-28,Lai_Chau,22.3964,103.4582,16.2,81,6.2,36,909.6,1
2022-01-29,Lai_Chau,22.3964,103.4582,14.5,80,7.6,52,908.0,1
2022-01-30,Lai_Chau,22.3964,103.4582,13.1,84,9.8,82,908.3,1
2022-01-31,Lai_Chau,22.3964,103.4582,12.0,89,8.4,94,909.5,1
2022-02-01,Lai_Chau,22.3964,103.4582,11.6,88,7.2,92,910.1,1
2022-02-02,Lai_Chau,22.3964,103.4582,12.1,92,6.9,93,910.9,1
2022-02-03,Lai_Chau,22.3964,103.4582,12.1,89,7.4,76,912.0,1
2022-02-04,Lai_Chau,22.3964,103.4582,11.5,88,8.0,65,913.7,0
2022-02-05,Lai_Chau,22.3964,103.4582,10.7,91,7.6,96,913.8,1
2022-02-06,Lai_Chau,22.3964,103.4582,11.3,95,7.8,99,911.3,1
2022-02-07,Lai_Chau,22.3964,103.4582,14.9,83,5.5,53,910.4,1
2022-02-08,Lai_Chau,22.3964,103.4582,15.5,79,7.5,48,910.0,1
2022-02-09,Lai_Chau,22.3964,103.4582,15.3,80,7.2,65,910.9,0
2022-02-10,Lai_Chau,22.3964,103.4582,15.3,79,5.9,37,909.6,0
2022-02-11,Lai_Chau,22.3964,103.4582,16.5,66,6.8,25,909.5,0
2022-02-12,Lai_Chau,22.3964,103.4582,16.2,79,7.6,51,908.7,1
2022-02-13,Lai_Chau,22.3964,103.4582,16.3,86,5.2,58,908.6,1
2022-02-14,Lai_Chau,22.3964,103.4582,13.9,83,8.3,57,911.0,0
2022-02-15,Lai_Chau,22.3964,103.4582,15.5,79,7.5,31,910.2,0
2022-02-16,Lai_Chau,22.3964,103.4582,15.6,85,6.3,64,907.5,1
2022-02-17,Lai_Chau,22.3964,103.4582,17.0,85,6.5,71,906.5,1
2022-02-18,Lai_Chau,22.3964,103.4582,18.2,88,7.1,77,907.7,1
2022-02-19,Lai_Chau,22.3964,103.4582,16.5,95,6.9,100,909.1,1
2022-02-20,Lai_Chau,22.3964,103.4582,9.4,87,5.3,98,911.5,1
2022-02-21,Lai_Chau,22.3964,103.4582,7.7,90,7.2,100,913.2,1
2022-02-22,Lai_Chau,22.3964,103.4582,8.3,95,6.2,100,914.6,1
2022-02-23,Lai_Chau,22.3964,103.4582,8.4,89,5.7,95,917.7,1
2022-02-24,Lai_Chau,22.3964,103.4582,10.3,86,6.6,83,917.7,1
2022-02-25,Lai_Chau,22.3964,103.4582,11.4,85,6.9,65,916.0,0
2022-02-26,Lai_Chau,22.3964,103.4582,14.1,80,6.9,7,914.8,0
2022-02-27,Lai_Chau,22.3964,103.4582,14.6,84,7.6,50,913.3,0
2022-02-28,Lai_Chau,22.3964,103.4582,17.5,76,6.4,14,911.9,0
2022-03-01,Lai_Chau,22.3964,103.4582,18.9,71,5.4,12,912.1,0
2022-03-02,Lai_Chau,22.3964,103.4582,17.4,81,8.7,65,912.6,0
2022-03-03,Lai_Chau,22.3964,103.4582,18.9,83,6.7,58,911.2,1
2022-03-04,Lai_Chau,22.3964,103.4582,19.7,76,6.8,40,909.6,1
2022-03-05,Lai_Chau,22.3964,103.4582,19.9,77,6.6,24,908.4,1
2022-03-06,Lai_Chau,22.3964,103.4582,20.4,84,5.8,61,909.6,1
2022-03-07,Lai_Chau,22.3964,103.4582,21.0,66,7.1,57,914.1,1
2022-03-08,Lai_Chau,22.3964,103.4582,17.6,56,7.2,1,911.7,0
2022-03-09,Lai_Chau,22.3964,103.4582,19.2,69,8.3,10,909.1,0
2022-03-10,Lai_Chau,22.3964,103.4582,18.9,84,8.8,78,909.2,0
2022-03-11,Lai_Chau,22.3964,103.4582,19.1,86,7.2,81,908.7,1
2022-03-12,Lai_Chau,22.3964,103.4582,19.9,84,7.6,54,908.0,0
2022-03-13,Lai_Chau,22.3964,103.4582,20.9,83,7.6,50,908.2,0
2022-03-14,Lai_Chau,22.3964,103.4582,22.2,80,7.4,41,908.4,0
2022-03-15,Lai_Chau,22.3964,103.4582,20.8,88,7.1,89,908.4,1
2022-03-16,Lai_Chau,22.3964,103.4582,20.7,86,7.9,70,907.2,1
2022-03-17,Lai_Chau,22.3964,103.4582,21.3,82,6.7,43,906.9,1
2022-03-18,Lai_Chau,22.3964,103.4582,21.9,74,5.8,17,907.4,1
2022-03-19,Lai_Chau,22.3964,103.4582,20.8,84,7.6,26,905.8,1
2022-03-20,Lai_Chau,22.3964,103.4582,20.7,86,6.9,55,906.1,1
2022-03-21,Lai_Chau,22.3964,103.4582,21.0,87,6.5,86,908.0,1
2022-03-22,Lai_Chau,22.3964,103.4582,21.3,87,4.5,89,909.9,1
2022-03-23,Lai_Chau,22.3964,103.4582,19.6,96,5.4,98,910.0,1
2022-03-24,Lai_Chau,22.3964,103.4582,19.3,92,8.7,99,907.1,1
2022-03-25,Lai_Chau,22.3964,103.4582,20.4,88,5.8,76,907.2,1
2022-03-26,Lai_Chau,22.3964,103.4582,21.6,79,5.9,18,909.1,1
2022-03-27,Lai_Chau,22.3964,103.4582,20.7,79,10.7,33,910.3,1
2022-03-28,Lai_Chau,22.3964,103.4582,18.4,85,9.0,77,911.6,1
2022-03-29,Lai_Chau,22.3964,103.4582,17.7,88,6.5,91,910.4,1
2022-03-30,Lai_Chau,22.3964,103.4582,19.8,84,6.6,69,910.8,1
2022-03-31,Lai_Chau,22.3964,103.4582,21.6,80,6.8,62,912.6,1
2022-04-01,Lai_Chau,22.3964,103.4582,18.7,72,8.1,68,915.8,1
2022-04-02,Lai_Chau,22.3964,103.4582,14.4,70,6.3,74,918.8,1
2022-04-03,Lai_Chau,22.3964,103.4582,15.0,66,6.8,1,916.3,0
2022-04-04,Lai_Chau,22.3964,103.4582,16.0,66,7.6,1,915.5,0
2022-04-05,Lai_Chau,22.3964,103.4582,19.0,68,7.6,41,915.5,0
2022-04-06,Lai_Chau,22.3964,103.4582,19.2,79,4.6,73,915.5,1
2022-04-07,Lai_Chau,22.3964,103.4582,20.8,69,7.3,39,915.2,1
2022-04-08,Lai_Chau,22.3964,103.4582,19.6,63,7.1,7,912.6,0
2022-04-09,Lai_Chau,22.3964,103.4582,20.2,66,6.6,10,909.5,0
2022-04-10,Lai_Chau,22.3964,103.4582,21.2,74,5.4,29,908.6,1
2022-04-11,Lai_Chau,22.3964,103.4582,20.9,81,6.6,43,907.9,1
2022-04-12,Lai_Chau,22.3964,103.4582,21.0,80,5.8,40,906.1,1
2022-04-13,Lai_Chau,22.3964,103.4582,22.1,72,8.0,5,906.1,0
2022-04-14,Lai_Chau,22.3964,103.4582,22.7,75,7.9,44,905.8,1
2022-04-15,Lai_Chau,22.3964,103.4582,24.0,74,8.8,62,906.7,1
2022-04-16,Lai_Chau,22.3964,103.4582,22.6,81,7.5,62,907.6,1
2022-04-17,Lai_Chau,22.3964,103.4582,20.2,93,7.4,94,909.9,1
2022-04-18,Lai_Chau,22.3964,103.4582,19.3,88,10.5,99,912.7,1
2022-04-19,Lai_Chau,22.3964,103.4582,18.1,83,9.4,88,913.5,1
2022-04-20,Lai_Chau,22.3964,103.4582,19.0,79,7.6,62,911.5,1
2022-04-21,Lai_Chau,22.3964,103.4582,18.5,89,5.8,86,909.2,1
2022-04-22,Lai_Chau,22.3964,103.4582,20.6,85,6.9,68,908.3,1
2022-04-23,Lai_Chau,22.3964,103.4582,22.1,80,6.2,51,907.9,1
2022-04-24,Lai_Chau,22.3964,103.4582,22.6,82,6.7,36,905.9,1
2022-04-25,Lai_Chau,22.3964,103.4582,23.7,74,7.3,24,905.6,1
2022-04-26,Lai_Chau,22.3964,103.4582,25.1,63,6.0,2,905.4,0
2022-04-27,Lai_Chau,22.3964,103.4582,24.6,60,7.6,10,906.0,0
2022-04-28,Lai_Chau,22.3964,103.4582,24.5,62,6.3,12,907.1,0
2022-04-29,Lai_Chau,22.3964,103.4582,24.4,67,6.6,82,908.3,1
2022-04-30,Lai_Chau,22.3964,103.4582,22.6,84,7.5,73,909.0,1
2022-05-01,Lai_Chau,22.3964,103.4582,21.1,76,8.6,88,910.1,1
2022-05-02,Lai_Chau,22.3964,103.4582,19.0,66,5.8,69,912.9,1
2022-05-03,Lai_Chau,22.3964,103.4582,20.4,59,6.4,45,913.8,0
2022-05-04,Lai_Chau,22.3964,103.4582,20.1,67,6.5,75,911.9,0
2022-05-05,Lai_Chau,22.3964,103.4582,20.2,72,7.1,87,910.2,0
2022-05-06,Lai_Chau,22.3964,103.4582,20.5,80,6.5,59,909.7,1
2022-05-07,Lai_Chau,22.3964,103.4582,22.4,74,7.4,49,909.8,1
2022-05-08,Lai_Chau,22.3964,103.4582,21.8,86,7.9,92,909.6,1
2022-05-09,Lai_Chau,22.3964,103.4582,21.0,92,5.5,90,909.1,1
2022-05-10,Lai_Chau,22.3964,103.4582,22.8,85,5.2,94,907.7,1
2022-05-11,Lai_Chau,22.3964,103.4582,22.3,88,6.8,97,906.4,1
2022-05-12,Lai_Chau,22.3964,103.4582,22.3,90,5.4,98,905.4,1
2022-05-13,Lai_Chau,22.3964,103.4582,22.8,87,5.8,86,904.9,1
2022-05-14,Lai_Chau,22.3964,103.4582,22.5,89,7.9,89,906.7,1
2022-05-15,Lai_Chau,22.3964,103.4582,21.7,92,6.7,86,908.5,1
2022-05-16,Lai_Chau,22.3964,103.4582,20.3,86,7.0,98,910.6,1
2022-05-17,Lai_Chau,22.3964,103.4582,19.8,81,9.4,92,910.8,1
2022-05-18,Lai_Chau,22.3964,103.4582,20.2,79,7.9,99,910.3,0
2022-05-19,Lai_Chau,22.3964,103.4582,22.4,78,6.3,73,909.4,1
2022-05-20,Lai_Chau,22.3964,103.4582,21.5,94,6.0,99,908.0,1
2022-05-21,Lai_Chau,22.3964,103.4582,21.3,94,5.4,100,904.9,1
2022-05-22,Lai_Chau,22.3964,103.4582,21.3,95,4.1,100,901.9,1
2022-05-23,Lai_Chau,22.3964,103.4582,21.9,92,5.5,100,902.5,1
2022-05-24,Lai_Chau,22.3964,103.4582,22.6,89,5.2,100,906.3,1
2022-05-25,Lai_Chau,22.3964,103.4582,23.0,87,6.0,99,906.6,1
2022-05-26,Lai_Chau,22.3964,103.4582,23.6,86,5.4,100,904.0,1
2022-05-27,Lai_Chau,22.3964,103.4582,23.3,88,6.4,96,902.5,1
2022-05-28,Lai_Chau,22.3964,103.4582,23.5,86,7.6,96,902.4,1
2022-05-29,Lai_Chau,22.3964,103.4582,23.7,88,5.9,97,903.7,1
2022-05-30,Lai_Chau,22.3964,103.4582,23.1,88,5.4,100,904.9,1
2022-05-31,Lai_Chau,22.3964,103.4582,22.7,89,6.6,96,905.3,1
2022-06-01,Lai_Chau,22.3964,103.4582,23.2,86,7.2,95,905.6,1
2022-06-02,Lai_Chau,22.3964,103.4582,22.0,93,6.2,97,904.6,1
2022-06-03,Lai_Chau,22.3964,103.4582,22.5,88,8.7,100,904.2,1
2022-06-04,Lai_Chau,22.3964,103.4582,22.6,90,7.2,100,904.7,1
2022-06-05,Lai_Chau,22.3964,103.4582,22.5,92,5.4,100,904.9,1
2022-06-06,Lai_Chau,22.3964,103.4582,21.7,96,4.5,94,904.9,1
2022-06-07,Lai_Chau,22.3964,103.4582,21.6,93,6.8,100,905.1,1
2022-06-08,Lai_Chau,22.3964,103.4582,21.7,92,6.8,99,905.4,1
2022-06-09,Lai_Chau,22.3964,103.4582,21.9,94,4.7,100,905.2,1
2022-06-10,Lai_Chau,22.3964,103.4582,22.3,92,6.0,100,904.9,1
2022-06-11,Lai_Chau,22.3964,103.4582,21.7,95,5.4,100,905.9,1
2022-06-12,Lai_Chau,22.3964,103.4582,22.4,91,6.2,99,906.6,1
2022-06-13,Lai_Chau,22.3964,103.4582,22.8,90,6.1,100,906.6,1
2022-06-14,Lai_Chau,22.3964,103.4582,21.8,95,5.5,98,907.6,1
2022-06-15,Lai_Chau,22.3964,103.4582,21.8,92,6.4,100,908.2,1
2022-06-16,Lai_Chau,22.3964,103.4582,21.5,93,5.4,100,907.7,1
2022-06-17,Lai_Chau,22.3964,103.4582,21.8,93,7.4,100,906.4,1
2022-06-18,Lai_Chau,22.3964,103.4582,22.7,88,7.9,96,904.9,1
2022-06-19,Lai_Chau,22.3964,103.4582,23.5,87,5.8,98,904.0,1
2022-06-20,Lai_Chau,22.3964,103.4582,23.9,84,6.6,100,902.9,1
2022-06-21,Lai_Chau,22.3964,103.4582,23.7,86,6.5,100,903.3,1
2022-06-22,Lai_Chau,22.3964,103.4582,22.5,90,4.5,100,906.6,1
2022-06-23,Lai_Chau,22.3964,103.4582,22.2,91,6.9,100,908.5,1
2022-06-24,Lai_Chau,22.3964,103.4582,23.2,84,4.9,98,907.8,1
2022-06-25,Lai_Chau,22.3964,103.4582,23.8,81,7.7,67,906.4,1
2022-06-26,Lai_Chau,22.3964,103.4582,23.6,84,8.1,98,907.5,1
2022-06-27,Lai_Chau,22.3964,103.4582,23.6,86,8.0,100,907.1,1
2022-06-28,Lai_Chau,22.3964,103.4582,23.2,89,5.2,100,905.4,1
2022-06-29,Lai_Chau,22.3964,103.4582,22.5,91,5.4,99,903.5,1
2022-06-30,Lai_Chau,22.3964,103.4582,23.1,91,5.2,100,903.1,1
2022-07-01,Lai_Chau,22.3964,103.4582,24.1,85,5.9,91,903.5,1
2022-07-02,Lai_Chau,22.3964,103.4582,24.8,81,6.3,55,901.8,1
2022-07-03,Lai_Chau,22.3964,103.4582,25.5,79,4.8,96,902.2,1
2022-07-04,Lai_Chau,22.3964,103.4582,24.6,86,5.9,100,902.8,1
2022-07-05,Lai_Chau,22.3964,103.4582,23.5,90,5.5,100,904.4,1
2022-07-06,Lai_Chau,22.3964,103.4582,23.7,88,7.2,84,905.5,1
2022-07-07,Lai_Chau,22.3964,103.4582,24.4,84,7.6,74,905.2,1
2022-07-08,Lai_Chau,22.3964,103.4582,23.5,85,6.2,96,905.5,1
2022-07-09,Lai_Chau,22.3964,103.4582,23.4,87,9.2,93,905.2,1
2022-07-10,Lai_Chau,22.3964,103.4582,24.4,82,6.2,62,906.0,1
2022-07-11,Lai_Chau,22.3964,103.4582,25.1,80,7.2,70,906.3,1
2022-07-12,Lai_Chau,22.3964,103.4582,24.9,83,7.3,58,905.9,1
2022-07-13,Lai_Chau,22.3964,103.4582,25.1,82,8.0,41,905.4,1
2022-07-14,Lai_Chau,22.3964,103.4582,25.4,79,7.7,41,905.2,0
2022-07-15,Lai_Chau,22.3964,103.4582,25.4,80,6.6,74,906.1,1
2022-07-16,Lai_Chau,22.3964,103.4582,25.4,82,6.8,81,906.4,1
2022-07-17,Lai_Chau,22.3964,103.4582,26.5,77,6.2,93,906.0,1
2022-07-18,Lai_Chau,22.3964,103.4582,25.3,82,5.4,100,904.5,1
2022-07-19,Lai_Chau,22.3964,103.4582,24.4,88,8.5,100,904.4,1
2022-07-20,Lai_Chau,22.3964,103.4582,24.4,86,5.6,100,907.0,1
2022-07-21,Lai_Chau,22.3964,103.4582,24.1,86,6.3,100,909.1,1
2022-07-22,Lai_Chau,22.3964,103.4582,24.1,84,7.9,70,910.3,1
2022-07-23,Lai_Chau,22.3964,103.4582,23.7,83,9.8,45,910.0,1
2022-07-24,Lai_Chau,22.3964,103.4582,24.8,78,7.2,32,908.9,1
2022-07-25,Lai_Chau,22.3964,103.4582,25.6,76,5.3,29,909.4,1
2022-07-26,Lai_Chau,22.3964,103.4582,26.7,69,5.6,27,908.6,1
2022-07-27,Lai_Chau,22.3964,103.4582,26.3,73,6.3,58,908.1,1
2022-07-28,Lai_Chau,22.3964,103.4582,26.3,73,5.0,100,908.1,0
2022-07-29,Lai_Chau,22.3964,103.4582,25.7,78,5.1,98,907.5,1
2022-07-30,Lai_Chau,22.3964,103.4582,24.5,83,8.0,86,906.1,1
2022-07-31,Lai_Chau,22.3964,103.4582,24.1,83,7.0,99,905.1,1
2022-08-01,Lai_Chau,22.3964,103.4582,24.3,82,7.2,96,905.6,1
2022-08-02,Lai_Chau,22.3964,103.4582,24.1,86,9.0,66,907.3,1
2022-08-03,Lai_Chau,22.3964,103.4582,24.4,84,4.5,68,908.2,1
2022-08-04,Lai_Chau,22.3964,103.4582,25.2,80,4.8,95,906.6,1
2022-08-05,Lai_Chau,22.3964,103.4582,23.6,90,7.1,100,905.1,1
2022-08-06,Lai_Chau,22.3964,103.4582,22.6,93,5.4,95,904.8,1
2022-08-07,Lai_Chau,22.3964,103.4582,22.2,95,6.9,87,905.9,1
2022-08-08,Lai_Chau,22.3964,103.4582,23.4,82,7.6,67,906.6,1
2022-08-09,Lai_Chau,22.3964,103.4582,23.8,82,5.9,59,905.5,1
2022-08-10,Lai_Chau,22.3964,103.4582,24.0,82,4.6,82,904.1,1
2022-08-11,Lai_Chau,22.3964,103.4582,23.3,93,7.2,99,902.3,1
2022-08-12,Lai_Chau,22.3964,103.4582,22.5,93,7.4,99,905.9,1
2022-08-13,Lai_Chau,22.3964,103.4582,22.4,90,7.6,89,907.4,1
2022-08-14,Lai_Chau,22.3964,103.4582,23.0,87,7.6,81,907.4,1
2022-08-15,Lai_Chau,22.3964,103.4582,23.5,88,5.9,79,906.4,1
2022-08-16,Lai_Chau,22.3964,103.4582,24.8,80,6.2,63,906.1,1
2022-08-17,Lai_Chau,22.3964,103.4582,24.0,82,5.2,98,906.1,1
2022-08-18,Lai_Chau,22.3964,103.4582,24.2,82,5.9,56,905.9,1
2022-08-19,Lai_Chau,22.3964,103.4582,24.6,84,4.7,82,905.8,1
2022-08-20,Lai_Chau,22.3964,103.4582,24.5,87,6.4,100,904.7,1
2022-08-21,Lai_Chau,22.3964,103.4582,23.1,92,6.6,90,903.8,1
2022-08-22,Lai_Chau,22.3964,103.4582,23.9,86,8.6,88,906.4,1
2022-08-23,Lai_Chau,22.3964,103.4582,25.1,81,4.4,56,908.0,1
2022-08-24,Lai_Chau,22.3964,103.4582,25.2,80,5.2,68,906.8,1
2022-08-25,Lai_Chau,22.3964,103.4582,24.7,84,6.2,100,903.8,1
2022-08-26,Lai_Chau,22.3964,103.4582,22.2,95,7.3,100,903.0,1
2022-08-27,Lai_Chau,22.3964,103.4582,23.1,88,5.1,94,908.5,1
2022-08-28,Lai_Chau,22.3964,103.4582,23.9,82,6.8,94,909.2,1
2022-08-29,Lai_Chau,22.3964,103.4582,24.4,80,7.6,82,910.0,1
2022-08-30,Lai_Chau,22.3964,103.4582,24.4,82,4.2,91,910.3,1
2022-08-31,Lai_Chau,22.3964,103.4582,24.0,85,4.6,97,909.0,1
2022-09-01,Lai_Chau,22.3964,103.4582,23.5,86,5.9,84,910.3,1
2022-09-02,Lai_Chau,22.3964,103.4582,24.2,77,4.5,76,909.9,1
2022-09-03,Lai_Chau,22.3964,103.4582,24.0,83,6.5,95,907.7,1
2022-09-04,Lai_Chau,22.3964,103.4582,22.1,95,4.6,100,908.5,1
2022-09-05,Lai_Chau,22.3964,103.4582,24.3,78,6.1,73,909.5,1
2022-09-06,Lai_Chau,22.3964,103.4582,24.6,63,6.6,55,910.1,0
2022-09-07,Lai_Chau,22.3964,103.4582,24.6,63,7.7,75,911.7,0
2022-09-08,Lai_Chau,22.3964,103.4582,24.0,78,5.5,98,912.3,1
2022-09-09,Lai_Chau,22.3964,103.4582,22.0,92,4.9,96,912.6,1
2022-09-10,Lai_Chau,22.3964,103.4582,22.6,88,5.5,97,912.1,1
2022-09-11,Lai_Chau,22.3964,103.4582,22.6,84,6.5,89,910.7,1
2022-09-12,Lai_Chau,22.3964,103.4582,21.6,92,4.3,95,909.7,1
2022-09-13,Lai_Chau,22.3964,103.4582,21.7,92,3.6,85,910.2,1
2022-09-14,Lai_Chau,22.3964,103.4582,22.6,86,5.8,52,910.0,1
2022-09-15,Lai_Chau,22.3964,103.4582,22.8,84,4.9,89,907.8,1
2022-09-16,Lai_Chau,22.3964,103.4582,22.0,91,5.8,96,905.7,1
2022-09-17,Lai_Chau,22.3964,103.4582,22.4,90,8.5,72,907.1,1
2022-09-18,Lai_Chau,22.3964,103.4582,23.3,82,5.2,35,908.1,1
2022-09-19,Lai_Chau,22.3964,103.4582,24.0,81,4.7,48,908.5,1
2022-09-20,Lai_Chau,22.3964,103.4582,23.6,82,4.6,50,908.3,1
2022-09-21,Lai_Chau,22.3964,103.4582,23.4,80,5.4,69,909.1,1
2022-09-22,Lai_Chau,22.3964,103.4582,22.6,84,7.8,56,909.4,1
2022-09-23,Lai_Chau,22.3964,103.4582,23.4,77,5.8,39,910.4,1
2022-09-24,Lai_Chau,22.3964,103.4582,23.0,77,5.5,49,910.1,1
2022-09-25,Lai_Chau,22.3964,103.4582,23.5,78,4.0,36,910.6,1
2022-09-26,Lai_Chau,22.3964,103.4582,22.1,82,5.6,23,910.3,1
2022-09-27,Lai_Chau,22.3964,103.4582,22.4,79,6.4,54,908.3,1
2022-09-28,Lai_Chau,22.3964,103.4582,24.1,67,6.2,83,907.0,1
2022-09-29,Lai_Chau,22.3964,103.4582,23.8,76,7.9,93,907.5,1
2022-09-30,Lai_Chau,22.3964,103.4582,24.4,78,4.9,98,908.3,1
2022-10-01,Lai_Chau,22.3964,103.4582,22.6,89,8.0,97,908.8,1
2022-10-02,Lai_Chau,22.3964,103.4582,21.4,95,4.9,96,910.1,1
2022-10-03,Lai_Chau,22.3964,103.4582,23.0,86,5.7,82,912.0,1
2022-10-04,Lai_Chau,22.3964,103.4582,22.4,82,5.0,33,913.2,1
2022-10-05,Lai_Chau,22.3964,103.4582,22.5,78,5.2,18,912.9,1
2022-10-06,Lai_Chau,22.3964,103.4582,22.8,78,8.2,30,913.1,1
2022-10-07,Lai_Chau,22.3964,103.4582,22.5,81,4.8,59,913.1,1
2022-10-08,Lai_Chau,22.3964,103.4582,21.9,82,8.7,43,913.2,1
2022-10-09,Lai_Chau,22.3964,103.4582,21.9,81,7.6,66,915.4,1
2022-10-10,Lai_Chau,22.3964,103.4582,20.3,67,8.1,36,917.1,0
2022-10-11,Lai_Chau,22.3964,103.4582,19.5,74,5.1,26,914.7,0
2022-10-12,Lai_Chau,22.3964,103.4582,20.6,75,6.0,49,913.4,0
2022-10-13,Lai_Chau,22.3964,103.4582,21.4,73,8.2,67,913.0,0
2022-10-14,Lai_Chau,22.3964,103.4582,21.3,70,5.9,44,911.8,0
2022-10-15,Lai_Chau,22.3964,103.4582,20.6,67,5.0,40,911.5,0
2022-10-16,Lai_Chau,22.3964,103.4582,20.9,62,8.4,37,913.6,0
2022-10-17,Lai_Chau,22.3964,103.4582,20.4,59,8.5,52,914.6,0
2022-10-18,Lai_Chau,22.3964,103.4582,19.8,52,7.1,35,914.1,0
2022-10-19,Lai_Chau,22.3964,103.4582,19.4,50,5.9,54,913.1,0
2022-10-20,Lai_Chau,22.3964,103.4582,19.0,72,8.7,84,913.9,1
2022-10-21,Lai_Chau,22.3964,103.4582,20.9,77,6.3,42,915.6,1
2022-10-22,Lai_Chau,22.3964,103.4582,21.3,77,8.7,37,916.0,1
2022-10-23,Lai_Chau,22.3964,103.4582,23.3,67,7.1,16,914.9,1
2022-10-24,Lai_Chau,22.3964,103.4582,22.6,71,6.9,42,913.5,1
2022-10-25,Lai_Chau,22.3964,103.4582,21.9,74,9.6,33,914.2,1
2022-10-26,Lai_Chau,22.3964,103.4582,20.8,78,7.9,46,913.4,0
2022-10-27,Lai_Chau,22.3964,103.4582,21.4,75,6.5,27,912.6,0
2022-10-28,Lai_Chau,22.3964,103.4582,22.3,76,8.0,41,913.3,1
2022-10-29,Lai_Chau,22.3964,103.4582,21.9,74,6.4,56,913.7,0
2022-10-30,Lai_Chau,22.3964,103.4582,21.7,73,7.6,48,913.1,1
2022-10-31,Lai_Chau,22.3964,103.4582,21.4,64,8.6,25,913.7,0
2022-11-01,Lai_Chau,22.3964,103.4582,19.3,57,6.4,48,912.9,0
2022-11-02,Lai_Chau,22.3964,103.4582,19.2,58,6.5,10,910.4,0
2022-11-03,Lai_Chau,22.3964,103.4582,19.1,62,5.4,4,911.1,0
2022-11-04,Lai_Chau,22.3964,103.4582,19.3,64,8.0,18,914.2,0
2022-11-05,Lai_Chau,22.3964,103.4582,18.7,67,6.0,16,915.4,1
2022-11-06,Lai_Chau,22.3964,103.4582,18.7,69,5.8,12,914.7,1
2022-11-07,Lai_Chau,22.3964,103.4582,19.7,63,5.9,23,913.7,0
2022-11-08,Lai_Chau,22.3964,103.4582,19.0,68,6.6,33,913.8,0
2022-11-09,Lai_Chau,22.3964,103.4582,19.1,67,4.9,16,914.0,0
2022-11-10,Lai_Chau,22.3964,103.4582,18.8,67,5.8,5,913.5,0
2022-11-11,Lai_Chau,22.3964,103.4582,18.6,66,6.3,0,913.0,0
2022-11-12,Lai_Chau,22.3964,103.4582,18.8,65,6.3,0,912.1,0
2022-11-13,Lai_Chau,22.3964,103.4582,20.5,59,5.2,4,912.7,0
2022-11-14,Lai_Chau,22.3964,103.4582,21.7,67,5.4,30,913.4,0
2022-11-15,Lai_Chau,22.3964,103.4582,21.2,77,5.4,53,912.2,1
2022-11-16,Lai_Chau,22.3964,103.4582,20.9,80,4.9,57,911.1,1
2022-11-17,Lai_Chau,22.3964,103.4582,20.2,84,6.2,59,910.8,1
2022-11-18,Lai_Chau,22.3964,103.4582,20.7,84,6.0,76,912.2,1
2022-11-19,Lai_Chau,22.3964,103.4582,21.4,77,5.5,66,912.7,1
2022-11-20,Lai_Chau,22.3964,103.4582,20.2,85,5.9,61,911.3,1
2022-11-21,Lai_Chau,22.3964,103.4582,20.1,81,6.9,58,910.1,0
2022-11-22,Lai_Chau,22.3964,103.4582,19.9,77,5.5,34,910.3,0
2022-11-23,Lai_Chau,22.3964,103.4582,19.7,75,4.4,52,910.9,0
2022-11-24,Lai_Chau,22.3964,103.4582,20.7,78,4.1,84,911.8,1
2022-11-25,Lai_Chau,22.3964,103.4582,20.6,90,3.8,94,912.8,1
2022-11-26,Lai_Chau,22.3964,103.4582,19.7,92,4.1,99,911.3,1
2022-11-27,Lai_Chau,22.3964,103.4582,20.2,91,6.6,70,908.8,1
2022-11-28,Lai_Chau,22.3964,103.4582,21.0,86,6.2,54,909.2,1
2022-11-29,Lai_Chau,22.3964,103.4582,20.6,82,6.2,50,910.6,1
2022-11-30,Lai_Chau,22.3964,103.4582,20.0,74,5.7,9,911.9,0
2022-12-01,Lai_Chau,22.3964,103.4582,18.6,84,9.5,91,913.3,1
2022-12-02,Lai_Chau,22.3964,103.4582,15.9,90,7.5,99,913.1,1
2022-12-03,Lai_Chau,22.3964,103.4582,16.8,88,5.9,84,912.1,1
2022-12-04,Lai_Chau,22.3964,103.4582,17.3,91,6.5,68,913.2,1
2022-12-05,Lai_Chau,22.3964,103.4582,16.2,88,7.4,98,914.9,1
2022-12-06,Lai_Chau,22.3964,103.4582,15.2,84,6.9,79,912.8,0
2022-12-07,Lai_Chau,22.3964,103.4582,14.6,91,6.9,100,912.4,1
2022-12-08,Lai_Chau,22.3964,103.4582,15.5,93,6.5,97,912.7,1
2022-12-09,Lai_Chau,22.3964,103.4582,15.2,93,7.1,93,911.5,0
2022-12-10,Lai_Chau,22.3964,103.4582,15.8,89,6.6,72,911.0,1
2022-12-11,Lai_Chau,22.3964,103.4582,14.1,91,8.6,93,911.9,1
2022-12-12,Lai_Chau,22.3964,103.4582,13.8,84,5.8,76,913.8,1
2022-12-13,Lai_Chau,22.3964,103.4582,13.3,81,6.9,92,913.6,0
2022-12-14,Lai_Chau,22.3964,103.4582,13.9,78,5.0,74,915.2,1
2022-12-15,Lai_Chau,22.3964,103.4582,13.5,78,5.6,18,911.3,0
2022-12-16,Lai_Chau,22.3964,103.4582,15.4,79,6.9,31,911.5,0
2022-12-17,Lai_Chau,22.3964,103.4582,13.2,68,8.2,65,918.4,0
2022-12-18,Lai_Chau,22.3964,103.4582,10.7,56,6.6,15,918.3,0
2022-12-19,Lai_Chau,22.3964,103.4582,10.8,64,6.1,38,913.4,0
2022-12-20,Lai_Chau,22.3964,103.4582,13.0,73,6.2,55,910.8,0
2022-12-21,Lai_Chau,22.3964,103.4582,12.4,81,6.0,82,912.2,1
2022-12-22,Lai_Chau,22.3964,103.4582,13.6,81,4.0,85,911.1,1
2022-12-23,Lai_Chau,22.3964,103.4582,14.4,82,4.7,98,912.0,1
2022-12-24,Lai_Chau,22.3964,103.4582,13.8,82,7.4,90,914.1,1
2022-12-25,Lai_Chau,22.3964,103.4582,13.6,80,6.0,97,914.1,1
2022-12-26,Lai_Chau,22.3964,103.4582,15.0,80,5.2,73,914.6,1
2022-12-27,Lai_Chau,22.3964,103.4582,14.8,85,8.0,84,913.8,1
2022-12-28,Lai_Chau,22.3964,103.4582,13.7,95,5.2,97,914.7,1
2022-12-29,Lai_Chau,22.3964,103.4582,10.9,97,5.1,100,917.2,1
2022-12-30,Lai_Chau,22.3964,103.4582,10.0,98,5.2,99,918.1,1
2022-12-31,Lai_Chau,22.3964,103.4582,10.9,93,6.6,92,917.2,1
2023-01-01,Lai_Chau,22.3964,103.4582,11.8,84,6.1,40,916.8,0
2023-01-02,Lai_Chau,22.3964,103.4582,11.7,82,4.7,44,917.2,0
2023-01-03,Lai_Chau,22.3964,103.4582,11.1,87,6.9,63,917.3,0
2023-01-04,Lai_Chau,22.3964,103.4582,12.8,84,5.9,64,916.2,0
2023-01-05,Lai_Chau,22.3964,103.4582,12.9,83,4.7,42,916.7,0
2023-01-06,Lai_Chau,22.3964,103.4582,14.1,74,5.1,58,918.9,1
2023-01-07,Lai_Chau,22.3964,103.4582,12.2,70,5.1,3,914.9,0
2023-01-08,Lai_Chau,22.3964,103.4582,13.5,68,5.4,1,914.0,0
2023-01-09,Lai_Chau,22.3964,103.4582,14.4,61,5.0,2,914.3,0
2023-01-10,Lai_Chau,22.3964,103.4582,15.3,67,6.4,23,913.4,0
2023-01-11,Lai_Chau,22.3964,103.4582,15.3,80,4.9,48,910.9,1
2023-01-12,Lai_Chau,22.3964,103.4582,15.4,82,5.2,42,908.6,1
2023-01-13,Lai_Chau,22.3964,103.4582,17.6,67,10.1,14,907.7,0
2023-01-14,Lai_Chau,22.3964,103.4582,17.6,60,6.8,6,906.8,0
2023-01-15,Lai_Chau,22.3964,103.4582,16.6,60,7.3,4,908.4,0
2023-01-16,Lai_Chau,22.3964,103.4582,13.2,77,8.8,70,912.2,0
2023-01-17,Lai_Chau,22.3964,103.4582,10.2,86,7.3,66,913.9,0
2023-01-18,Lai_Chau,22.3964,103.4582,10.0,82,8.3,76,915.8,0
2023-01-19,Lai_Chau,22.3964,103.4582,12.1,82,4.7,70,914.4,0
2023-01-20,Lai_Chau,22.3964,103.4582,11.3,87,7.2,71,914.1,1
2023-01-21,Lai_Chau,22.3964,103.4582,12.1,83,8.7,63,911.2,0
2023-01-22,Lai_Chau,22.3964,103.4582,15.0,72,7.8,12,909.8,0
2023-01-23,Lai_Chau,22.3964,103.4582,15.4,67,7.9,35,909.9,0
2023-01-24,Lai_Chau,22.3964,103.4582,13.0,64,5.9,61,916.9,0
2023-01-25,Lai_Chau,22.3964,103.4582,10.7,68,8.8,16,912.9,0
2023-01-26,Lai_Chau,22.3964,103.4582,13.9,72,8.7,10,909.8,0
2023-01-27,Lai_Chau,22.3964,103.4582,12.5,70,6.1,84,915.5,0
2023-01-28,Lai_Chau,22.3964,103.4582,11.6,70,5.8,77,915.8,0
2023-01-29,Lai_Chau,22.3964,103.4582,13.1,58,7.1,24,916.5,0
2023-01-30,Lai_Chau,22.3964,103.4582,12.9,62,6.8,0,914.4,0
2023-01-31,Lai_Chau,22.3964,103.4582,14.3,65,8.1,1,909.3,0
2023-02-01,Lai_Chau,22.3964,103.4582,16.9,69,8.9,15,908.4,0
2023-02-02,Lai_Chau,22.3964,103.4582,18.5,67,6.9,1,910.7,0
2023-02-03,Lai_Chau,22.3964,103.4582,17.3,79,8.7,57,911.8,1
2023-02-04,Lai_Chau,22.3964,103.4582,17.6,84,6.9,78,910.2,1
2023-02-05,Lai_Chau,22.3964,103.4582,18.1,83,5.2,84,909.1,1
2023-02-06,Lai_Chau,22.3964,103.4582,18.2,80,7.4,56,908.5,1
2023-02-07,Lai_Chau,22.3964,103.4582,18.8,71,6.2,14,908.2,1
2023-02-08,Lai_Chau,22.3964,103.4582,18.3,69,6.8,13,908.4,1
2023-02-09,Lai_Chau,22.3964,103.4582,19.3,56,9.0,1,909.7,0
2023-02-10,Lai_Chau,22.3964,103.4582,19.6,56,8.7,42,909.0,0
2023-02-11,Lai_Chau,22.3964,103.4582,19.4,53,9.3,10,907.3,0
2023-02-12,Lai_Chau,22.3964,103.4582,20.4,46,9.0,0,907.6,0
2023-02-13,Lai_Chau,22.3964,103.4582,20.0,50,8.3,0,908.8,0
2023-02-14,Lai_Chau,22.3964,103.4582,19.5,59,8.5,34,912.0,1
2023-02-15,Lai_Chau,22.3964,103.4582,15.9,74,11.5,55,914.9,0
2023-02-16,Lai_Chau,22.3964,103.4582,14.6,79,8.8,85,916.0,0
2023-02-17,Lai_Chau,22.3964,103.4582,15.6,79,5.5,84,914.0,0
2023-02-18,Lai_Chau,22.3964,103.4582,17.6,74,5.4,93,912.3,1
2023-02-19,Lai_Chau,22.3964,103.4582,18.4,66,8.0,26,914.1,1
2023-02-20,Lai_Chau,22.3964,103.4582,17.4,71,9.0,47,914.0,0
2023-02-21,Lai_Chau,22.3964,103.4582,15.7,81,8.3,80,914.1,1
2023-02-22,Lai_Chau,22.3964,103.4582,16.4,85,8.7,86,914.0,1
2023-02-23,Lai_Chau,22.3964,103.4582,16.4,79,6.5,44,911.9,0
2023-02-24,Lai_Chau,22.3964,103.4582,18.3,69,6.9,41,914.2,1
2023-02-25,Lai_Chau,22.3964,103.4582,16.6,65,4.7,69,919.4,0
2023-02-26,Lai_Chau,22.3964,103.4582,16.4,59,11.3,29,920.5,0
2023-02-27,Lai_Chau,22.3964,103.4582,15.4,57,7.2,7,918.3,0
2023-02-28,Lai_Chau,22.3964,103.4582,17.4,54,8.6,2,916.3,0
2023-03-01,Lai_Chau,22.3964,103.4582,20.3,50,5.5,10,916.0,0
2023-03-02,Lai_Chau,22.3964,103.4582,17.7,72,9.4,46,917.4,0
2023-03-03,Lai_Chau,22.3964,103.4582,17.8,73,6.9,39,917.4,1
2023-03-04,Lai_Chau,22.3964,103.4582,16.6,78,8.3,51,918.5,1
2023-03-05,Lai_Chau,22.3964,103.4582,17.1,72,8.1,47,917.0,0
2023-03-06,Lai_Chau,22.3964,103.4582,18.3,71,8.3,44,914.8,1
2023-03-07,Lai_Chau,22.3964,103.4582,18.7,74,7.7,35,913.7,1
2023-03-08,Lai_Chau,22.3964,103.4582,20.4,70,5.8,11,914.0,1
2023-03-09,Lai_Chau,22.3964,103.4582,19.4,76,6.4,53,914.8,1
2023-03-10,Lai_Chau,22.3964,103.4582,20.2,71,7.3,40,911.5,0
2023-03-11,Lai_Chau,22.3964,103.4582,22.4,63,6.8,70,911.9,0
2023-03-12,Lai_Chau,22.3964,103.4582,20.0,74,6.5,91,914.8,0
2023-03-13,Lai_Chau,22.3964,103.4582,17.8,65,7.4,98,915.6,0
2023-03-14,Lai_Chau,22.3964,103.4582,17.2,69,6.4,50,910.8,0
2023-03-15,Lai_Chau,22.3964,103.4582,20.9,61,6.5,36,910.2,1
2023-03-16,Lai_Chau,22.3964,103.4582,18.8,77,7.2,54,912.4,1
2023-03-17,Lai_Chau,22.3964,103.4582,21.1,62,6.4,26,911.4,0
2023-03-18,Lai_Chau,22.3964,103.4582,21.2,66,8.6,35,910.1,0
2023-03-19,Lai_Chau,22.3964,103.4582,21.0,73,13.3,45,909.2,1
2023-03-20,Lai_Chau,22.3964,103.4582,22.2,70,7.1,74,907.8,1
2023-03-21,Lai_Chau,22.3964,103.4582,23.6,56,9.0,33,907.0,1
2023-03-22,Lai_Chau,22.3964,103.4582,23.6,51,11.3,31,905.8,0
2023-03-23,Lai_Chau,22.3964,103.4582,22.9,56,9.4,42,905.9,1
2023-03-24,Lai_Chau,22.3964,103.4582,25.1,44,10.5,7,907.3,0
2023-03-25,Lai_Chau,22.3964,103.4582,24.9,43,7.7,28,908.2,0
2023-03-26,Lai_Chau,22.3964,103.4582,22.0,66,8.6,17,907.9,1
2023-03-27,Lai_Chau,22.3964,103.4582,20.8,70,9.5,28,909.7,0
2023-03-28,Lai_Chau,22.3964,103.4582,19.4,74,10.1,60,910.9,1
2023-03-29,Lai_Chau,22.3964,103.4582,19.3,79,7.6,50,910.5,1
2023-03-30,Lai_Chau,22.3964,103.4582,20.3,75,7.6,38,908.3,0
2023-03-31,Lai_Chau,22.3964,103.4582,21.6,67,6.0,12,908.0,1
2023-04-01,Lai_Chau,22.3964,103.4582,23.6,57,5.8,14,907.4,1
2023-04-02,Lai_Chau,22.3964,103.4582,23.5,59,6.4,34,906.1,1
2023-04-03,Lai_Chau,22.3964,103.4582,23.9,51,8.2,56,905.4,0
2023-04-04,Lai_Chau,22.3964,103.4582,25.3,42,12.9,17,905.3,1
2023-04-05,Lai_Chau,22.3964,103.4582,25.2,41,9.7,16,906.1,0
2023-04-06,Lai_Chau,22.3964,103.4582,25.4,41,7.4,10,908.2,0
2023-04-07,Lai_Chau,22.3964,103.4582,23.6,65,9.3,52,910.7,1
2023-04-08,Lai_Chau,22.3964,103.4582,20.9,76,11.5,58,913.8,0
2023-04-09,Lai_Chau,22.3964,103.4582,20.3,76,9.8,61,912.3,1
2023-04-10,Lai_Chau,22.3964,103.4582,23.0,70,8.2,31,908.8,0
2023-04-11,Lai_Chau,22.3964,103.4582,25.2,52,7.3,0,907.7,0
2023-04-12,Lai_Chau,22.3964,103.4582,27.1,37,9.2,16,908.1,0
2023-04-13,Lai_Chau,22.3964,103.4582,26.0,49,9.2,44,907.5,0
2023-04-14,Lai_Chau,22.3964,103.4582,27.5,41,6.3,0,907.4,0
2023-04-15,Lai_Chau,22.3964,103.4582,24.3,68,7.9,33,909.7,1
2023-04-16,Lai_Chau,22.3964,103.4582,24.0,71,8.0,64,908.1,1
2023-04-17,Lai_Chau,22.3964,103.4582,26.2,61,9.3,15,906.6,1
2023-04-18,Lai_Chau,22.3964,103.4582,28.5,44,10.1,7,906.0,0
2023-04-19,Lai_Chau,22.3964,103.4582,29.3,35,9.4,0,904.0,0
2023-04-20,Lai_Chau,22.3964,103.4582,29.6,32,11.1,2,902.6,0
2023-04-21,Lai_Chau,22.3964,103.4582,28.1,41,10.1,8,903.2,0
2023-04-22,Lai_Chau,22.3964,103.4582,28.9,37,11.7,20,905.1,0
2023-04-23,Lai_Chau,22.3964,103.4582,29.0,34,9.4,37,908.0,0
2023-04-24,Lai_Chau,22.3964,103.4582,25.8,57,9.1,34,910.4,1
2023-04-25,Lai_Chau,22.3964,103.4582,23.7,68,9.2,21,910.7,1
2023-04-26,Lai_Chau,22.3964,103.4582,21.9,70,8.6,68,911.1,1
2023-04-27,Lai_Chau,22.3964,103.4582,23.0,70,8.7,59,909.7,1
2023-04-28,Lai_Chau,22.3964,103.4582,24.3,69,9.8,47,909.4,1
2023-04-29,Lai_Chau,22.3964,103.4582,22.8,76,7.2,45,910.1,1
2023-04-30,Lai_Chau,22.3964,103.4582,21.0,79,9.0,91,910.7,1
2023-05-01,Lai_Chau,22.3964,103.4582,22.2,75,8.2,67,909.9,1
2023-05-02,Lai_Chau,22.3964,103.4582,23.4,73,7.6,66,909.7,1
2023-05-03,Lai_Chau,22.3964,103.4582,24.3,73,7.4,42,909.7,1
2023-05-04,Lai_Chau,22.3964,103.4582,26.6,58,9.4,8,905.8,0
2023-05-05,Lai_Chau,22.3964,103.4582,27.1,56,10.4,18,903.0,0
2023-05-06,Lai_Chau,22.3964,103.4582,28.2,53,10.5,4,903.0,0
2023-05-07,Lai_Chau,22.3964,103.4582,28.7,51,7.2,13,903.8,0
2023-05-08,Lai_Chau,22.3964,103.4582,24.3,78,8.6,72,907.3,1
2023-05-09,Lai_Chau,22.3964,103.4582,23.3,83,6.2,87,908.7,1
2023-05-10,Lai_Chau,22.3964,103.4582,24.7,77,6.4,71,909.4,1
2023-05-11,Lai_Chau,22.3964,103.4582,23.9,78,9.7,64,911.2,1
2023-05-12,Lai_Chau,22.3964,103.4582,21.9,89,6.2,92,912.4,1
2023-05-13,Lai_Chau,22.3964,103.4582,20.2,93,4.2,100,911.8,1
2023-05-14,Lai_Chau,22.3964,103.4582,19.7,95,4.7,100,910.8,1
2023-05-15,Lai_Chau,22.3964,103.4582,21.4,85,9.8,100,908.7,1
2023-05-16,Lai_Chau,22.3964,103.4582,23.0,77,6.9,60,907.2,1
2023-05-17,Lai_Chau,22.3964,103.4582,25.1,63,8.9,29,907.2,1
2023-05-18,Lai_Chau,22.3964,103.4582,25.3,63,6.9,20,906.9,1
2023-05-19,Lai_Chau,22.3964,103.4582,26.3,59,7.3,9,905.9,1
2023-05-20,Lai_Chau,22.3964,103.4582,26.5,58,9.0,7,905.7,1
2023-05-21,Lai_Chau,22.3964,103.4582,27.2,53,9.2,4,906.9,0
2023-05-22,Lai_Chau,22.3964,103.4582,27.4,52,7.1,4,907.1,0
2023-05-23,Lai_Chau,22.3964,103.4582,27.3,52,9.7,32,906.5,0
2023-05-24,Lai_Chau,22.3964,103.4582,26.9,60,9.8,52,907.0,1
2023-05-25,Lai_Chau,22.3964,103.4582,24.0,79,5.6,82,908.1,1
2023-05-26,Lai_Chau,22.3964,103.4582,24.3,77,7.6,54,908.6,1
2023-05-27,Lai_Chau,22.3964,103.4582,24.9,75,7.6,61,907.5,1
2023-05-28,Lai_Chau,22.3964,103.4582,25.2,75,7.6,92,908.1,1
2023-05-29,Lai_Chau,22.3964,103.4582,26.1,73,6.1,55,909.0,1
2023-05-30,Lai_Chau,22.3964,103.4582,27.4,69,6.8,41,907.7,1
2023-05-31,Lai_Chau,22.3964,103.4582,28.1,66,6.1,41,905.6,1
2023-06-01,Lai_Chau,22.3964,103.4582,28.8,61,7.3,44,904.2,1
2023-06-02,Lai_Chau,22.3964,103.4582,27.9,63,8.0,92,905.1,1
2023-06-03,Lai_Chau,22.3964,103.4582,24.5,83,6.9,88,907.2,1
2023-06-04,Lai_Chau,22.3964,103.4582,24.4,84,5.4,89,907.0,1
2023-06-05,Lai_Chau,22.3964,103.4582,23.9,86,7.9,100,906.7,1
2023-06-06,Lai_Chau,22.3964,103.4582,24.2,86,5.8,98,906.9,1
2023-06-07,Lai_Chau,22.3964,103.4582,24.6,81,7.6,72,907.1,1
2023-06-08,Lai_Chau,22.3964,103.4582,24.5,84,5.2,78,906.7,1
2023-06-09,Lai_Chau,22.3964,103.4582,23.5,87,4.8,83,905.9,1
2023-06-10,Lai_Chau,22.3964,103.4582,25.5,74,6.6,88,904.8,1
2023-06-11,Lai_Chau,22.3964,103.4582,25.2,80,4.8,100,904.4,1
2023-06-12,Lai_Chau,22.3964,103.4582,24.6,83,6.6,100,904.6,1
2023-06-13,Lai_Chau,22.3964,103.4582,22.9,93,4.7,100,904.8,1
2023-06-14,Lai_Chau,22.3964,103.4582,22.9,91,6.9,94,906.0,1
2023-06-15,Lai_Chau,22.3964,103.4582,23.1,90,7.2,98,905.6,1
2023-06-16,Lai_Chau,22.3964,103.4582,24.5,82,7.3,100,904.9,1
2023-06-17,Lai_Chau,22.3964,103.4582,24.6,81,6.3,83,905.6,1
2023-06-18,Lai_Chau,22.3964,103.4582,24.6,83,7.7,95,905.7,1
2023-06-19,Lai_Chau,22.3964,103.4582,23.2,88,9.0,100,905.6,1
2023-06-20,Lai_Chau,22.3964,103.4582,22.9,90,6.3,99,906.2,1
2023-06-21,Lai_Chau,22.3964,103.4582,22.6,92,5.1,100,906.9,1
2023-06-22,Lai_Chau,22.3964,103.4582,23.0,91,5.9,100,906.9,1
2023-06-23,Lai_Chau,22.3964,103.4582,22.7,91,6.8,99,906.1,1
2023-06-24,Lai_Chau,22.3964,103.4582,22.3,92,5.3,97,905.3,1
2023-06-25,Lai_Chau,22.3964,103.4582,23.9,83,8.3,50,906.0,1
2023-06-26,Lai_Chau,22.3964,103.4582,24.9,77,7.2,24,906.6,1
2023-06-27,Lai_Chau,22.3964,103.4582,24.2,81,9.4,63,907.4,1
2023-06-28,Lai_Chau,22.3964,103.4582,24.4,82,7.6,54,908.5,1
2023-06-29,Lai_Chau,22.3964,103.4582,24.7,81,6.6,94,906.5,1
2023-06-30,Lai_Chau,22.3964,103.4582,24.7,85,6.5,98,905.1,1
2023-07-01,Lai_Chau,22.3964,103.4582,24.9,84,7.6,100,905.4,1
2023-07-02,Lai_Chau,22.3964,103.4582,24.8,84,7.6,99,906.2,1
2023-07-03,Lai_Chau,22.3964,103.4582,23.6,89,8.4,100,906.5,1
2023-07-04,Lai_Chau,22.3964,103.4582,23.4,91,6.3,100,906.6,1
2023-07-05,Lai_Chau,22.3964,103.4582,23.1,91,6.9,99,906.7,1
2023-07-06,Lai_Chau,22.3964,103.4582,24.2,86,6.9,80,907.4,1
2023-07-07,Lai_Chau,22.3964,103.4582,25.2,83,6.8,91,907.7,1
2023-07-08,Lai_Chau,22.3964,103.4582,24.6,84,6.5,100,908.4,1
2023-07-09,Lai_Chau,22.3964,103.4582,23.5,86,6.6,100,908.7,1
2023-07-10,Lai_Chau,22.3964,103.4582,24.0,82,6.0,63,908.4,1
2023-07-11,Lai_Chau,22.3964,103.4582,23.4,88,6.6,75,907.6,1
2023-07-12,Lai_Chau,22.3964,103.4582,23.3,88,6.6,78,907.6,1
2023-07-13,Lai_Chau,22.3964,103.4582,23.9,86,6.5,65,906.7,1
2023-07-14,Lai_Chau,22.3964,103.4582,24.3,86,4.8,88,906.3,1
2023-07-15,Lai_Chau,22.3964,103.4582,24.4,84,6.4,85,905.6,1
2023-07-16,Lai_Chau,22.3964,103.4582,27.0,62,10.0,69,904.3,0
2023-07-17,Lai_Chau,22.3964,103.4582,27.2,58,10.6,44,902.9,1
2023-07-18,Lai_Chau,22.3964,103.4582,25.7,60,10.6,90,902.6,1
2023-07-19,Lai_Chau,22.3964,103.4582,22.2,91,5.2,92,904.2,1
2023-07-20,Lai_Chau,22.3964,103.4582,23.7,88,9.9,68,906.9,1
2023-07-21,Lai_Chau,22.3964,103.4582,24.6,83,7.7,63,909.5,1
2023-07-22,Lai_Chau,22.3964,103.4582,25.8,75,4.5,75,910.4,1
2023-07-23,Lai_Chau,22.3964,103.4582,25.2,80,5.2,74,909.5,1
2023-07-24,Lai_Chau,22.3964,103.4582,24.7,82,4.7,56,907.7,1
2023-07-25,Lai_Chau,22.3964,103.4582,25.2,77,5.9,87,907.7,1
2023-07-26,Lai_Chau,22.3964,103.4582,25.5,78,6.1,87,906.5,1
2023-07-27,Lai_Chau,22.3964,103.4582,25.4,78,5.4,97,904.1,1
2023-07-28,Lai_Chau,22.3964,103.4582,24.3,87,7.7,100,902.3,1
2023-07-29,Lai_Chau,22.3964,103.4582,24.1,88,5.1,99,902.6,1
2023-07-30,Lai_Chau,22.3964,103.4582,24.1,89,5.8,93,903.7,1
2023-07-31,Lai_Chau,22.3964,103.4582,23.7,89,7.9,100,905.2,1
2023-08-01,Lai_Chau,22.3964,103.4582,22.9,92,4.7,100,905.3,1
2023-08-02,Lai_Chau,22.3964,103.4582,22.9,93,5.2,100,904.3,1
2023-08-03,Lai_Chau,22.3964,103.4582,22.4,96,4.1,100,903.6,1
2023-08-04,Lai_Chau,22.3964,103.4582,23.1,93,4.6,98,904.8,1
2023-08-05,Lai_Chau,22.3964,103.4582,23.0,93,5.8,100,904.2,1
2023-08-06,Lai_Chau,22.3964,103.4582,22.3,96,5.2,100,902.1,1
2023-08-07,Lai_Chau,22.3964,103.4582,22.4,97,4.7,100,901.2,1
2023-08-08,Lai_Chau,22.3964,103.4582,22.3,96,6.8,100,902.7,1
2023-08-09,Lai_Chau,22.3964,103.4582,22.7,96,5.5,100,905.4,1
2023-08-10,Lai_Chau,22.3964,103.4582,23.7,91,4.6,92,906.6,1
2023-08-11,Lai_Chau,22.3964,103.4582,23.2,93,6.9,94,905.0,1
2023-08-12,Lai_Chau,22.3964,103.4582,23.1,91,7.0,93,904.3,1
2023-08-13,Lai_Chau,22.3964,103.4582,24.1,86,6.6,96,904.8,1
2023-08-14,Lai_Chau,22.3964,103.4582,23.6,88,4.4,99,905.2,1
2023-08-15,Lai_Chau,22.3964,103.4582,23.3,89,6.3,79,906.2,1
2023-08-16,Lai_Chau,22.3964,103.4582,23.6,86,6.1,72,907.4,1
2023-08-17,Lai_Chau,22.3964,103.4582,24.1,85,4.7,91,907.8,1
2023-08-18,Lai_Chau,22.3964,103.4582,24.3,84,5.1,98,906.8,1
2023-08-19,Lai_Chau,22.3964,103.4582,24.2,88,4.9,100,907.1,1
2023-08-20,Lai_Chau,22.3964,103.4582,23.6,91,6.6,100,907.0,1
2023-08-21,Lai_Chau,22.3964,103.4582,22.9,92,5.3,100,907.5,1
2023-08-22,Lai_Chau,22.3964,103.4582,23.3,87,3.8,95,907.1,1
2023-08-23,Lai_Chau,22.3964,103.4582,22.7,92,5.9,100,905.7,1
2023-08-24,Lai_Chau,22.3964,103.4582,22.7,93,4.6,100,905.9,1
2023-08-25,Lai_Chau,22.3964,103.4582,23.1,89,6.6,97,906.5,1
2023-08-26,Lai_Chau,22.3964,103.4582,23.2,91,6.0,99,905.2,1
2023-08-27,Lai_Chau,22.3964,103.4582,23.5,92,4.8,100,903.9,1
2023-08-28,Lai_Chau,22.3964,103.4582,23.0,91,6.4,89,904.8,1
2023-08-29,Lai_Chau,22.3964,103.4582,24.1,83,5.8,82,906.2,1
2023-08-30,Lai_Chau,22.3964,103.4582,24.5,79,6.1,45,908.0,1
2023-08-31,Lai_Chau,22.3964,103.4582,23.7,75,7.2,12,907.8,1
2023-09-01,Lai_Chau,22.3964,103.4582,24.3,68,5.9,10,907.4,1
2023-09-02,Lai_Chau,22.3964,103.4582,24.8,66,9.0,18,906.4,1
2023-09-03,Lai_Chau,22.3964,103.4582,25.2,66,10.1,24,905.3,1
2023-09-04,Lai_Chau,22.3964,103.4582,23.7,78,7.3,70,906.2,1
2023-09-05,Lai_Chau,22.3964,103.4582,24.7,78,5.1,41,907.8,1
2023-09-06,Lai_Chau,22.3964,103.4582,24.2,81,8.2,62,908.8,1
2023-09-07,Lai_Chau,22.3964,103.4582,24.3,77,6.8,41,908.8,1
2023-09-08,Lai_Chau,22.3964,103.4582,24.2,79,4.9,61,908.2,1
2023-09-09,Lai_Chau,22.3964,103.4582,23.8,84,5.3,84,906.8,1
2023-09-10,Lai_Chau,22.3964,103.4582,23.8,85,5.6,76,906.0,1
2023-09-11,Lai_Chau,22.3964,103.4582,23.5,88,5.1,84,905.5,1
2023-09-12,Lai_Chau,22.3964,103.4582,23.1,90,5.8,95,906.2,1
2023-09-13,Lai_Chau,22.3964,103.4582,23.2,88,4.1,98,907.1,1
2023-09-14,Lai_Chau,22.3964,103.4582,23.7,85,6.3,62,907.7,1
2023-09-15,Lai_Chau,22.3964,103.4582,23.7,84,8.1,45,908.4,1
2023-09-16,Lai_Chau,22.3964,103.4582,23.3,85,6.5,19,909.2,1
2023-09-17,Lai_Chau,22.3964,103.4582,23.2,87,7.2,48,909.0,1
2023-09-18,Lai_Chau,22.3964,103.4582,23.3,86,4.7,93,909.9,1
2023-09-19,Lai_Chau,22.3964,103.4582,22.7,87,5.7,88,910.6,1
2023-09-20,Lai_Chau,22.3964,103.4582,23.5,83,5.8,45,910.2,1
2023-09-21,Lai_Chau,22.3964,103.4582,24.2,81,5.5,51,910.6,1
2023-09-22,Lai_Chau,22.3964,103.4582,23.7,84,4.8,65,910.5,1
2023-09-23,Lai_Chau,22.3964,103.4582,23.6,85,6.1,35,910.1,1
2023-09-24,Lai_Chau,22.3964,103.4582,23.4,86,7.1,43,909.6,1
2023-09-25,Lai_Chau,22.3964,103.4582,23.5,86,5.8,32,909.4,1
2023-09-26,Lai_Chau,22.3964,103.4582,24.2,73,4.7,41,909.0,1
2023-09-27,Lai_Chau,22.3964,103.4582,23.8,86,6.9,99,908.8,1
2023-09-28,Lai_Chau,22.3964,103.4582,22.4,91,5.8,98,910.6,1
2023-09-29,Lai_Chau,22.3964,103.4582,22.8,89,5.4,80,912.0,1
2023-09-30,Lai_Chau,22.3964,103.4582,22.6,87,8.2,34,911.2,1
2023-10-01,Lai_Chau,22.3964,103.4582,23.0,85,6.9,36,910.0,1
2023-10-02,Lai_Chau,22.3964,103.4582,23.6,84,7.0,59,910.7,1
2023-10-03,Lai_Chau,22.3964,103.4582,24.1,79,5.4,33,910.8,1
2023-10-04,Lai_Chau,22.3964,103.4582,24.6,77,5.0,47,910.5,1
2023-10-05,Lai_Chau,22.3964,103.4582,24.0,84,5.9,29,909.7,1
2023-10-06,Lai_Chau,22.3964,103.4582,23.2,86,4.9,72,909.7,1
2023-10-07,Lai_Chau,22.3964,103.4582,22.4,89,5.6,70,910.6,1
2023-10-08,Lai_Chau,22.3964,103.4582,21.0,89,5.0,71,912.3,1
2023-10-09,Lai_Chau,22.3964,103.4582,21.8,84,7.0,72,913.7,1
2023-10-10,Lai_Chau,22.3964,103.4582,22.0,80,7.0,62,914.5,1
2023-10-11,Lai_Chau,22.3964,103.4582,21.8,78,7.9,60,914.8,1
2023-10-12,Lai_Chau,22.3964,103.4582,21.1,78,7.3,16,915.4,0
2023-10-13,Lai_Chau,22.3964,103.4582,21.5,79,7.6,56,914.3,1
2023-10-14,Lai_Chau,22.3964,103.4582,20.7,91,5.9,88,912.4,1
2023-10-15,Lai_Chau,22.3964,103.4582,21.3,84,5.5,54,912.0,1
2023-10-16,Lai_Chau,22.3964,103.4582,20.3,80,5.4,62,912.9,1
2023-10-17,Lai_Chau,22.3964,103.4582,21.0,78,5.7,23,913.0,0
2023-10-18,Lai_Chau,22.3964,103.4582,21.1,78,5.6,45,912.3,0
2023-10-19,Lai_Chau,22.3964,103.4582,22.5,75,4.0,58,911.6,0
2023-10-20,Lai_Chau,22.3964,103.4582,22.4,77,4.7,53,914.0,1
2023-10-21,Lai_Chau,22.3964,103.4582,21.2,71,7.4,35,915.6,0
2023-10-22,Lai_Chau,22.3964,103.4582,20.3,73,6.9,47,915.6,0
2023-10-23,Lai_Chau,22.3964,103.4582,20.4,76,5.4,15,914.6,0
2023-10-24,Lai_Chau,22.3964,103.4582,20.7,76,6.5,18,914.1,0
2023-10-25,Lai_Chau,22.3964,103.4582,21.2,79,5.5,52,913.7,0
2023-10-26,Lai_Chau,22.3964,103.4582,22.7,73,4.9,30,913.0,0
2023-10-27,Lai_Chau,22.3964,103.4582,22.7,78,5.4,78,912.8,1
2023-10-28,Lai_Chau,22.3964,103.4582,20.1,93,4.6,99,912.6,1
2023-10-29,Lai_Chau,22.3964,103.4582,20.7,88,5.1,85,913.4,1
2023-10-30,Lai_Chau,22.3964,103.4582,21.4,83,5.3,90,915.3,1
2023-10-31,Lai_Chau,22.3964,103.4582,20.1,80,6.2,68,916.0,1
2023-11-01,Lai_Chau,22.3964,103.4582,19.9,79,5.5,38,915.1,0
2023-11-02,Lai_Chau,22.3964,103.4582,20.5,75,7.1,33,912.6,0
2023-11-03,Lai_Chau,22.3964,103.4582,21.7,75,4.8,56,910.4,0
2023-11-04,Lai_Chau,22.3964,103.4582,21.4,79,7.9,47,910.9,1
2023-11-05,Lai_Chau,22.3964,103.4582,21.7,85,6.9,83,912.3,1
2023-11-06,Lai_Chau,22.3964,103.4582,22.0,76,5.5,86,913.6,1
2023-11-07,Lai_Chau,22.3964,103.4582,19.6,93,5.9,91,913.8,1
2023-11-08,Lai_Chau,22.3964,103.4582,19.7,91,4.7,86,912.3,1
2023-11-09,Lai_Chau,22.3964,103.4582,20.3,87,5.9,53,912.2,1
2023-11-10,Lai_Chau,22.3964,103.4582,21.0,82,5.9,26,913.6,1
2023-11-11,Lai_Chau,22.3964,103.4582,21.0,81,6.3,16,914.2,1
2023-11-12,Lai_Chau,22.3964,103.4582,20.9,83,5.2,60,915.4,1
2023-11-13,Lai_Chau,22.3964,103.4582,19.7,86,5.4,91,917.2,1
2023-11-14,Lai_Chau,22.3964,103.4582,17.6,85,6.8,77,917.2,1
2023-11-15,Lai_Chau,22.3964,103.4582,18.7,83,4.1,83,916.3,0
2023-11-16,Lai_Chau,22.3964,103.4582,17.2,72,8.0,72,920.7,1
2023-11-17,Lai_Chau,22.3964,103.4582,15.8,67,6.5,68,920.5,0
2023-11-18,Lai_Chau,22.3964,103.4582,15.7,69,5.6,62,917.7,0
2023-11-19,Lai_Chau,22.3964,103.4582,16.4,74,7.1,68,916.8,1
2023-11-20,Lai_Chau,22.3964,103.4582,15.9,79,4.7,49,914.8,0
2023-11-21,Lai_Chau,22.3964,103.4582,16.3,74,7.1,21,912.3,0
2023-11-22,Lai_Chau,22.3964,103.4582,16.7,74,5.0,8,911.3,0
2023-11-23,Lai_Chau,22.3964,103.4582,16.8,79,5.9,34,912.8,0
2023-11-24,Lai_Chau,22.3964,103.4582,17.3,75,6.0,14,914.5,0
2023-11-25,Lai_Chau,22.3964,103.4582,16.9,79,5.8,42,915.0,0
2023-11-26,Lai_Chau,22.3964,103.4582,17.6,75,6.3,64,916.4,0
2023-11-27,Lai_Chau,22.3964,103.4582,16.8,79,6.9,54,915.4,0
2023-11-28,Lai_Chau,22.3964,103.4582,16.8,73,7.7,34,914.2,1
2023-11-29,Lai_Chau,22.3964,103.4582,16.1,75,5.9,53,913.5,0
2023-11-30,Lai_Chau,22.3964,103.4582,16.8,77,5.0,87,915.4,0
2023-12-01,Lai_Chau,22.3964,103.4582,18.8,81,5.9,95,916.1,1
2023-12-02,Lai_Chau,22.3964,103.4582,18.1,85,7.2,93,915.7,1
2023-12-03,Lai_Chau,22.3964,103.4582,17.6,89,7.6,98,915.2,1
2023-12-04,Lai_Chau,22.3964,103.4582,18.6,89,5.0,92,913.6,1
2023-12-05,Lai_Chau,22.3964,103.4582,17.8,91,5.2,99,911.9,1
2023-12-06,Lai_Chau,22.3964,103.4582,18.2,78,5.2,68,914.6,1
2023-12-07,Lai_Chau,22.3964,103.4582,16.7,73,5.7,61,914.4,0
2023-12-08,Lai_Chau,22.3964,103.4582,18.7,77,5.6,93,911.9,1
2023-12-09,Lai_Chau,22.3964,103.4582,19.3,89,5.1,70,910.3,1
2023-12-10,Lai_Chau,22.3964,103.4582,18.8,89,5.0,65,909.4,1
2023-12-11,Lai_Chau,22.3964,103.4582,19.3,80,5.4,23,911.3,0
2023-12-12,Lai_Chau,22.3964,103.4582,19.5,77,5.6,48,912.4,1
2023-12-13,Lai_Chau,22.3964,103.4582,18.6,92,6.6,76,913.4,1
2023-12-14,Lai_Chau,22.3964,103.4582,18.8,83,6.5,33,913.0,1
2023-12-15,Lai_Chau,22.3964,103.4582,18.3,81,5.3,81,912.6,1
2023-12-16,Lai_Chau,22.3964,103.4582,18.5,74,7.5,38,913.7,1
2023-12-17,Lai_Chau,22.3964,103.4582,15.1,83,9.4,73,915.6,0
2023-12-18,Lai_Chau,22.3964,103.4582,15.3,83,5.6,38,914.4,0
2023-12-19,Lai_Chau,22.3964,103.4582,14.8,89,5.1,89,914.6,1
2023-12-20,Lai_Chau,22.3964,103.4582,13.6,89,6.3,89,916.3,1
2023-12-21,Lai_Chau,22.3964,103.4582,12.7,80,7.1,88,917.8,1
2023-12-22,Lai_Chau,22.3964,103.4582,12.2,69,4.9,85,919.9,0
2023-12-23,Lai_Chau,22.3964,103.4582,11.3,74,5.2,66,920.9,0
2023-12-24,Lai_Chau,22.3964,103.4582,12.0,74,3.9,70,921.0,0
2023-12-25,Lai_Chau,22.3964,103.4582,11.5,73,6.9,14,918.1,0
2023-12-26,Lai_Chau,22.3964,103.4582,13.3,70,4.6,14,917.3,0
2023-12-27,Lai_Chau,22.3964,103.4582,14.5,70,6.1,11,917.4,0
2023-12-28,Lai_Chau,22.3964,103.4582,14.8,71,5.9,8,915.7,0
2023-12-29,Lai_Chau,22.3964,103.4582,15.5,72,6.5,39,914.8,1
2023-12-30,Lai_Chau,22.3964,103.4582,16.5,71,5.8,20,914.2,0
2023-12-31,Lai_Chau,22.3964,103.4582,16.4,74,6.3,30,913.9,1
2024-01-01,Lai_Chau,22.3964,103.4582,16.9,73,5.7,21,913.1,1
2024-01-02,Lai_Chau,22.3964,103.4582,16.6,77,6.0,13,912.6,1
2024-01-03,Lai_Chau,22.3964,103.4582,16.3,76,5.8,29,914.0,1
2024-01-04,Lai_Chau,22.3964,103.4582,14.5,85,5.4,68,913.5,1
2024-01-05,Lai_Chau,22.3964,103.4582,15.2,83,5.2,32,913.0,1
2024-01-06,Lai_Chau,22.3964,103.4582,16.2,79,4.7,28,914.0,1
2024-01-07,Lai_Chau,22.3964,103.4582,15.4,86,4.9,67,913.8,1
2024-01-08,Lai_Chau,22.3964,103.4582,15.6,84,5.5,42,912.5,1
2024-01-09,Lai_Chau,22.3964,103.4582,17.2,73,5.7,16,911.8,0
2024-01-10,Lai_Chau,22.3964,103.4582,16.6,80,7.2,53,911.8,1
2024-01-11,Lai_Chau,22.3964,103.4582,17.5,87,5.8,78,912.4,1
2024-01-12,Lai_Chau,22.3964,103.4582,17.2,88,5.4,69,912.2,1
2024-01-13,Lai_Chau,22.3964,103.4582,17.0,83,8.0,59,913.2,1
2024-01-14,Lai_Chau,22.3964,103.4582,17.1,82,5.7,53,914.6,1
2024-01-15,Lai_Chau,22.3964,103.4582,17.0,81,8.3,64,914.7,1
2024-01-16,Lai_Chau,22.3964,103.4582,16.0,90,7.2,77,913.7,1
2024-01-17,Lai_Chau,22.3964,103.4582,15.7,90,8.4,75,912.8,1
2024-01-18,Lai_Chau,22.3964,103.4582,16.0,85,5.4,78,911.9,1
2024-01-19,Lai_Chau,22.3964,103.4582,15.5,84,6.2,67,910.8,1
2024-01-20,Lai_Chau,22.3964,103.4582,16.1,79,6.6,21,911.3,1
2024-01-21,Lai_Chau,22.3964,103.4582,16.3,81,7.6,62,911.9,1
2024-01-22,Lai_Chau,22.3964,103.4582,14.1,86,6.7,90,914.2,1
2024-01-23,Lai_Chau,22.3964,103.4582,10.1,82,8.8,100,917.3,1
2024-01-24,Lai_Chau,22.3964,103.4582,8.5,89,7.9,100,917.6,1
2024-01-25,Lai_Chau,22.3964,103.4582,9.0,92,7.6,100,917.9,1
2024-01-26,Lai_Chau,22.3964,103.4582,10.1,96,7.6,100,917.5,1
2024-01-27,Lai_Chau,22.3964,103.4582,11.6,94,5.9,99,916.4,1
2024-01-28,Lai_Chau,22.3964,103.4582,11.4,93,8.0,97,916.2,1
2024-01-29,Lai_Chau,22.3964,103.4582,12.4,90,6.9,86,914.8,1
2024-01-30,Lai_Chau,22.3964,103.4582,14.6,87,5.8,65,913.2,1
2024-01-31,Lai_Chau,22.3964,103.4582,16.4,83,6.4,54,912.8,1
2024-02-01,Lai_Chau,22.3964,103.4582,16.3,78,9.0,21,912.5,1
2024-02-02,Lai_Chau,22.3964,103.4582,16.8,72,7.2,6,911.2,1
2024-02-03,Lai_Chau,22.3964,103.4582,17.2,68,8.2,7,911.1,0
2024-02-04,Lai_Chau,22.3964,103.4582,18.1,59,9.9,3,911.8,1
2024-02-05,Lai_Chau,22.3964,103.4582,17.8,63,8.4,0,911.6,0
2024-02-06,Lai_Chau,22.3964,103.4582,19.0,61,10.2,2,912.1,0
2024-02-07,Lai_Chau,22.3964,103.4582,18.8,62,10.0,9,910.6,1
2024-02-08,Lai_Chau,22.3964,103.4582,17.4,67,8.1,9,909.8,0
2024-02-09,Lai_Chau,22.3964,103.4582,14.5,76,10.1,76,915.0,0
2024-02-10,Lai_Chau,22.3964,103.4582,12.2,87,5.2,88,919.4,1
2024-02-11,Lai_Chau,22.3964,103.4582,12.6,86,6.6,77,919.9,1
2024-02-12,Lai_Chau,22.3964,103.4582,14.4,76,6.0,51,917.0,0
2024-02-13,Lai_Chau,22.3964,103.4582,16.9,72,5.6,50,914.7,0
2024-02-14,Lai_Chau,22.3964,103.4582,18.2,74,5.7,67,913.1,1
2024-02-15,Lai_Chau,22.3964,103.4582,19.4,66,6.2,93,914.2,0
2024-02-16,Lai_Chau,22.3964,103.4582,17.7,78,7.2,62,914.4,1
2024-02-17,Lai_Chau,22.3964,103.4582,18.6,76,6.6,52,910.1,1
2024-02-18,Lai_Chau,22.3964,103.4582,20.2,58,11.1,8,909.6,0
2024-02-19,Lai_Chau,22.3964,103.4582,20.6,45,10.2,0,909.4,0
2024-02-20,Lai_Chau,22.3964,103.4582,21.1,47,12.3,0,907.9,0
2024-02-21,Lai_Chau,22.3964,103.4582,21.5,48,12.0,17,908.7,0
2024-02-22,Lai_Chau,22.3964,103.4582,21.9,44,10.6,59,910.9,0
2024-02-23,Lai_Chau,22.3964,103.4582,22.1,49,9.1,18,912.0,0
2024-02-24,Lai_Chau,22.3964,103.4582,20.2,75,8.3,49,913.1,0
2024-02-25,Lai_Chau,22.3964,103.4582,18.6,76,8.7,39,913.3,0
2024-02-26,Lai_Chau,22.3964,103.4582,18.9,72,7.4,14,912.9,0
2024-02-27,Lai_Chau,22.3964,103.4582,17.5,78,10.4,44,912.5,0
2024-02-28,Lai_Chau,22.3964,103.4582,17.7,81,6.3,41,910.2,1
2024-02-29,Lai_Chau,22.3964,103.4582,18.6,81,9.1,25,911.0,1
2024-03-01,Lai_Chau,22.3964,103.4582,15.3,83,10.7,66,913.1,1
2024-03-02,Lai_Chau,22.3964,103.4582,13.3,84,8.4,90,913.1,1
2024-03-03,Lai_Chau,22.3964,103.4582,16.7,80,7.4,62,909.3,0
2024-03-04,Lai_Chau,22.3964,103.4582,21.3,57,8.2,0,906.5,0
2024-03-05,Lai_Chau,22.3964,103.4582,22.2,51,7.3,0,906.4,0
2024-03-06,Lai_Chau,22.3964,103.4582,22.3,44,7.6,4,907.5,0
2024-03-07,Lai_Chau,22.3964,103.4582,21.5,50,8.7,13,909.8,0
2024-03-08,Lai_Chau,22.3964,103.4582,18.3,77,11.5,61,911.2,1
2024-03-09,Lai_Chau,22.3964,103.4582,17.7,81,7.9,52,910.8,1
2024-03-10,Lai_Chau,22.3964,103.4582,17.8,83,7.1,52,912.4,1
2024-03-11,Lai_Chau,22.3964,103.4582,18.7,74,10.5,20,914.7,0
2024-03-12,Lai_Chau,22.3964,103.4582,18.8,75,8.3,38,912.2,0
2024-03-13,Lai_Chau,22.3964,103.4582,20.0,78,6.1,48,910.4,1
2024-03-14,Lai_Chau,22.3964,103.4582,20.9,69,6.2,12,910.1,1
2024-03-15,Lai_Chau,22.3964,103.4582,19.9,70,7.4,7,910.2,0
2024-03-16,Lai_Chau,22.3964,103.4582,22.6,52,10.5,2,911.5,0
2024-03-17,Lai_Chau,22.3964,103.4582,23.7,56,6.2,53,911.6,0
2024-03-18,Lai_Chau,22.3964,103.4582,24.5,53,7.2,58,911.1,0
2024-03-19,Lai_Chau,22.3964,103.4582,21.5,68,8.0,60,914.2,1
2024-03-20,Lai_Chau,22.3964,103.4582,18.9,70,10.3,66,916.6,0
2024-03-21,Lai_Chau,22.3964,103.4582,19.2,70,8.3,65,911.9,0
2024-03-22,Lai_Chau,22.3964,103.4582,19.9,80,7.6,76,907.4,1
2024-03-23,Lai_Chau,22.3964,103.4582,21.2,69,8.9,29,907.1,1
2024-03-24,Lai_Chau,22.3964,103.4582,22.7,53,8.4,7,908.6,0
2024-03-25,Lai_Chau,22.3964,103.4582,23.7,46,7.2,1,910.5,0
2024-03-26,Lai_Chau,22.3964,103.4582,23.1,58,8.1,56,912.5,0
2024-03-27,Lai_Chau,22.3964,103.4582,21.5,75,7.7,68,913.1,1
2024-03-28,Lai_Chau,22.3964,103.4582,21.4,71,8.4,40,910.9,1
2024-03-29,Lai_Chau,22.3964,103.4582,19.7,79,7.3,46,911.0,1
2024-03-30,Lai_Chau,22.3964,103.4582,20.8,80,5.2,45,910.0,1
2024-03-31,Lai_Chau,22.3964,103.4582,23.6,64,7.7,64,908.4,1
2024-04-01,Lai_Chau,22.3964,103.4582,25.1,51,11.8,13,905.8,0
2024-04-02,Lai_Chau,22.3964,103.4582,25.8,46,10.2,13,905.1,0
2024-04-03,Lai_Chau,22.3964,103.4582,26.9,43,9.8,7,906.2,0
2024-04-04,Lai_Chau,22.3964,103.4582,27.6,42,9.6,5,906.6,0
2024-04-05,Lai_Chau,22.3964,103.4582,27.9,39,8.3,11,906.7,0
2024-04-06,Lai_Chau,22.3964,103.4582,25.6,61,8.5,18,907.2,1
2024-04-07,Lai_Chau,22.3964,103.4582,27.4,54,7.1,5,907.2,0
2024-04-08,Lai_Chau,22.3964,103.4582,26.6,58,15.8,8,909.7,0
2024-04-09,Lai_Chau,22.3964,103.4582,23.6,76,12.3,47,911.6,1
2024-04-10,Lai_Chau,22.3964,103.4582,24.0,70,9.4,77,912.3,0
2024-04-11,Lai_Chau,22.3964,103.4582,24.7,66,8.0,62,912.2,1
2024-04-12,Lai_Chau,22.3964,103.4582,24.6,67,6.6,74,910.8,1
2024-04-13,Lai_Chau,22.3964,103.4582,27.1,50,13.4,22,908.8,0
2024-04-14,Lai_Chau,22.3964,103.4582,27.5,41,11.8,16,908.7,0
2024-04-15,Lai_Chau,22.3964,103.4582,27.9,39,9.4,63,909.6,0
2024-04-16,Lai_Chau,22.3964,103.4582,26.9,47,9.1,19,908.3,0
2024-04-17,Lai_Chau,22.3964,103.4582,27.3,49,10.9,47,907.9,1
2024-04-18,Lai_Chau,22.3964,103.4582,24.5,63,8.9,31,906.2,1
2024-04-19,Lai_Chau,22.3964,103.4582,24.9,62,9.8,57,904.3,1
2024-04-20,Lai_Chau,22.3964,103.4582,23.1,73,6.8,40,904.7,1
2024-04-21,Lai_Chau,22.3964,103.4582,24.0,69,6.3,14,905.5,0
2024-04-22,Lai_Chau,22.3964,103.4582,26.1,55,8.1,29,906.1,0
2024-04-23,Lai_Chau,22.3964,103.4582,27.5,48,8.9,13,906.2,0
2024-04-24,Lai_Chau,22.3964,103.4582,24.7,75,8.3,40,906.9,1
2024-04-25,Lai_Chau,22.3964,103.4582,25.6,64,6.8,9,906.3,1
2024-04-26,Lai_Chau,22.3964,103.4582,27.2,51,12.7,4,904.7,0
2024-04-27,Lai_Chau,22.3964,103.4582,27.7,44,12.6,3,904.1,0
2024-04-28,Lai_Chau,22.3964,103.4582,29.0,38,12.2,2,905.4,0
2024-04-29,Lai_Chau,22.3964,103.4582,29.9,34,13.6,40,905.5,0
2024-04-30,Lai_Chau,22.3964,103.4582,29.0,37,11.7,15,903.5,0
2024-05-01,Lai_Chau,22.3964,103.4582,27.9,46,9.4,24,905.2,1
2024-05-02,Lai_Chau,22.3964,103.4582,25.0,72,12.5,59,907.2,1
2024-05-03,Lai_Chau,22.3964,103.4582,23.5,81,7.9,66,907.8,1
2024-05-04,Lai_Chau,22.3964,103.4582,24.6,65,8.1,12,905.8,1
2024-05-05,Lai_Chau,22.3964,103.4582,24.5,60,8.6,34,907.4,1
2024-05-06,Lai_Chau,22.3964,103.4582,22.7,85,8.5,75,910.3,1
2024-05-07,Lai_Chau,22.3964,103.4582,23.3,79,10.1,84,912.3,1
2024-05-08,Lai_Chau,22.3964,103.4582,22.8,84,5.2,91,911.5,1
2024-05-09,Lai_Chau,22.3964,103.4582,21.5,90,6.6,88,911.3,1
2024-05-10,Lai_Chau,22.3964,103.4582,22.5,83,5.1,79,911.1,1
2024-05-11,Lai_Chau,22.3964,103.4582,23.4,76,5.7,42,911.2,1
2024-05-12,Lai_Chau,22.3964,103.4582,23.6,75,8.2,39,911.0,1
2024-05-13,Lai_Chau,22.3964,103.4582,22.3,83,7.1,52,911.3,1
2024-05-14,Lai_Chau,22.3964,103.4582,23.2,80,6.6,46,910.8,1
2024-05-15,Lai_Chau,22.3964,103.4582,23.7,83,5.5,64,911.5,1
2024-05-16,Lai_Chau,22.3964,103.4582,23.6,81,7.6,56,912.1,1
2024-05-17,Lai_Chau,22.3964,103.4582,23.2,83,9.1,84,909.6,1
2024-05-18,Lai_Chau,22.3964,103.4582,23.5,87,5.4,95,906.3,1
2024-05-19,Lai_Chau,22.3964,103.4582,23.6,86,6.4,75,904.8,1
2024-05-20,Lai_Chau,22.3964,103.4582,23.4,84,8.7,84,907.3,1
2024-05-21,Lai_Chau,22.3964,103.4582,24.1,78,8.1,92,909.3,1
2024-05-22,Lai_Chau,22.3964,103.4582,23.0,84,4.4,73,909.6,1
2024-05-23,Lai_Chau,22.3964,103.4582,23.2,78,7.4,61,908.8,1
2024-05-24,Lai_Chau,22.3964,103.4582,24.2,78,5.6,42,908.4,1
2024-05-25,Lai_Chau,22.3964,103.4582,22.5,90,7.5,95,908.4,1
2024-05-26,Lai_Chau,22.3964,103.4582,22.8,91,6.6,86,907.6,1
2024-05-27,Lai_Chau,22.3964,103.4582,23.9,89,5.0,95,905.6,1
2024-05-28,Lai_Chau,22.3964,103.4582,23.5,92,4.7,100,905.1,1
2024-05-29,Lai_Chau,22.3964,103.4582,24.6,87,6.6,95,904.4,1
2024-05-30,Lai_Chau,22.3964,103.4582,25.4,84,4.5,98,904.9,1
2024-05-31,Lai_Chau,22.3964,103.4582,24.4,86,4.7,85,906.9,1
2024-06-01,Lai_Chau,22.3964,103.4582,24.8,80,7.2,79,908.7,1
2024-06-02,Lai_Chau,22.3964,103.4582,23.0,92,4.7,98,908.6,1
2024-06-03,Lai_Chau,22.3964,103.4582,23.1,92,5.9,100,906.7,1
2024-06-04,Lai_Chau,22.3964,103.4582,24.5,86,5.6,95,906.4,1
2024-06-05,Lai_Chau,22.3964,103.4582,23.3,92,4.7,100,908.0,1
2024-06-06,Lai_Chau,22.3964,103.4582,23.3,88,8.3,100,908.6,1
2024-06-07,Lai_Chau,22.3964,103.4582,22.9,91,5.8,100,906.4,1
2024-06-08,Lai_Chau,22.3964,103.4582,23.0,91,5.2,98,904.8,1
2024-06-09,Lai_Chau,22.3964,103.4582,23.1,92,7.6,100,905.2,1
2024-06-10,Lai_Chau,22.3964,103.4582,23.3,89,6.8,87,906.7,1
2024-06-11,Lai_Chau,22.3964,103.4582,23.5,89,7.3,96,907.1,1
2024-06-12,Lai_Chau,22.3964,103.4582,23.0,92,6.6,99,907.3,1
2024-06-13,Lai_Chau,22.3964,103.4582,23.5,90,5.2,95,905.6,1
2024-06-14,Lai_Chau,22.3964,103.4582,24.1,89,5.8,100,904.5,1
2024-06-15,Lai_Chau,22.3964,103.4582,23.7,89,5.8,96,905.2,1
2024-06-16,Lai_Chau,22.3964,103.4582,23.2,91,6.8,98,905.7,1
2024-06-17,Lai_Chau,22.3964,103.4582,23.4,91,7.9,100,905.4,1
2024-06-18,Lai_Chau,22.3964,103.4582,23.7,89,7.2,91,904.5,1
2024-06-19,Lai_Chau,22.3964,103.4582,23.6,91,5.5,99,904.1,1
2024-06-20,Lai_Chau,22.3964,103.4582,24.2,87,6.1,99,904.1,1
2024-06-21,Lai_Chau,22.3964,103.4582,24.6,86,6.7,100,904.4,1
2024-06-22,Lai_Chau,22.3964,103.4582,25.2,82,5.6,100,905.0,1
2024-06-23,Lai_Chau,22.3964,103.4582,25.1,84,5.4,99,905.1,1
2024-06-24,Lai_Chau,22.3964,103.4582,23.9,87,6.3,100,904.7,1
2024-06-25,Lai_Chau,22.3964,103.4582,23.0,95,4.9,94,905.6,1
2024-06-26,Lai_Chau,22.3964,103.4582,23.1,93,8.7,95,907.9,1
2024-06-27,Lai_Chau,22.3964,103.4582,24.0,86,8.7,84,909.2,1
2024-06-28,Lai_Chau,22.3964,103.4582,24.0,87,8.7,96,907.1,1
2024-06-29,Lai_Chau,22.3964,103.4582,24.4,87,5.8,98,906.5,1
2024-06-30,Lai_Chau,22.3964,103.4582,23.4,91,7.2,98,906.3,1
2024-07-01,Lai_Chau,22.3964,103.4582,23.7,89,5.8,100,904.8,1
2024-07-02,Lai_Chau,22.3964,103.4582,23.4,91,5.2,100,905.0,1
2024-07-03,Lai_Chau,22.3964,103.4582,23.0,91,6.9,100,907.7,1
2024-07-04,Lai_Chau,22.3964,103.4582,23.5,86,6.4,98,909.5,1
2024-07-05,Lai_Chau,22.3964,103.4582,23.7,87,6.3,95,907.1,1
2024-07-06,Lai_Chau,22.3964,103.4582,24.3,85,6.8,73,906.7,1
2024-07-07,Lai_Chau,22.3964,103.4582,24.3,82,6.7,67,907.3,1
2024-07-08,Lai_Chau,22.3964,103.4582,24.5,83,7.2,86,906.8,1
2024-07-09,Lai_Chau,22.3964,103.4582,24.8,81,6.9,79,906.8,1
2024-07-10,Lai_Chau,22.3964,103.4582,23.4,91,7.2,92,907.2,1
2024-07-11,Lai_Chau,22.3964,103.4582,23.5,88,6.8,98,905.7,1
2024-07-12,Lai_Chau,22.3964,103.4582,23.9,87,5.2,99,903.9,1
2024-07-13,Lai_Chau,22.3964,103.4582,24.0,87,7.6,99,903.3,1
2024-07-14,Lai_Chau,22.3964,103.4582,24.1,89,7.3,100,905.4,1
2024-07-15,Lai_Chau,22.3964,103.4582,24.4,88,5.7,67,907.3,1
2024-07-16,Lai_Chau,22.3964,103.4582,25.5,77,7.9,68,906.6,1
2024-07-17,Lai_Chau,22.3964,103.4582,25.3,80,6.5,86,906.1,1
2024-07-18,Lai_Chau,22.3964,103.4582,25.0,86,10.9,97,905.4,1
2024-07-19,Lai_Chau,22.3964,103.4582,24.6,86,9.0,96,904.9,1
2024-07-20,Lai_Chau,22.3964,103.4582,24.2,87,9.7,100,906.2,1
2024-07-21,Lai_Chau,22.3964,103.4582,23.4,92,8.7,76,906.8,1
2024-07-22,Lai_Chau,22.3964,103.4582,24.7,84,4.5,54,905.6,1
2024-07-23,Lai_Chau,22.3964,103.4582,23.9,88,6.2,88,902.1,1
2024-07-24,Lai_Chau,22.3964,103.4582,24.2,89,7.3,97,899.4,1
2024-07-25,Lai_Chau,22.3964,103.4582,24.6,87,8.3,66,899.7,1
2024-07-26,Lai_Chau,22.3964,103.4582,26.0,81,5.8,80,901.4,1
2024-07-27,Lai_Chau,22.3964,103.4582,26.2,80,5.0,93,904.0,1
2024-07-28,Lai_Chau,22.3964,103.4582,24.4,91,3.9,100,904.4,1
2024-07-29,Lai_Chau,22.3964,103.4582,22.9,95,5.4,100,903.5,1
2024-07-30,Lai_Chau,22.3964,103.4582,22.0,99,5.8,100,903.4,1
2024-07-31,Lai_Chau,22.3964,103.4582,22.2,96,6.3,100,904.3,1
2024-08-01,Lai_Chau,22.3964,103.4582,21.7,98,7.9,100,905.1,1
2024-08-02,Lai_Chau,22.3964,103.4582,22.7,91,7.2,98,904.8,1
2024-08-03,Lai_Chau,22.3964,103.4582,22.2,93,6.9,99,906.5,1
2024-08-04,Lai_Chau,22.3964,103.4582,23.1,89,8.0,98,908.0,1
2024-08-05,Lai_Chau,22.3964,103.4582,23.6,86,6.1,81,907.9,1
2024-08-06,Lai_Chau,22.3964,103.4582,24.0,83,6.8,75,907.4,1
2024-08-07,Lai_Chau,22.3964,103.4582,23.7,84,5.9,86,907.8,1
2024-08-08,Lai_Chau,22.3964,103.4582,23.6,88,6.5,71,908.0,1
2024-08-09,Lai_Chau,22.3964,103.4582,24.9,83,6.1,80,906.4,1
2024-08-10,Lai_Chau,22.3964,103.4582,24.7,85,4.2,75,905.1,1
2024-08-11,Lai_Chau,22.3964,103.4582,23.7,90,5.2,100,904.6,1
2024-08-12,Lai_Chau,22.3964,103.4582,23.0,95,4.3,99,904.0,1
2024-08-13,Lai_Chau,22.3964,103.4582,23.2,91,5.1,98,906.4,1
2024-08-14,Lai_Chau,22.3964,103.4582,23.3,92,6.1,99,907.4,1
2024-08-15,Lai_Chau,22.3964,103.4582,24.2,84,7.0,85,906.7,1
2024-08-16,Lai_Chau,22.3964,103.4582,25.0,78,5.2,89,906.7,1
2024-08-17,Lai_Chau,22.3964,103.4582,24.6,82,5.8,96,908.0,1
2024-08-18,Lai_Chau,22.3964,103.4582,23.8,88,3.9,90,908.3,1
2024-08-19,Lai_Chau,22.3964,103.4582,22.9,92,4.0,99,907.1,1
2024-08-20,Lai_Chau,22.3964,103.4582,23.6,92,4.6,96,907.1,1
2024-08-21,Lai_Chau,22.3964,103.4582,23.2,92,5.8,100,907.8,1
2024-08-22,Lai_Chau,22.3964,103.4582,22.5,94,9.1,99,908.7,1
2024-08-23,Lai_Chau,22.3964,103.4582,22.8,89,7.9,99,910.3,1
2024-08-24,Lai_Chau,22.3964,103.4582,22.5,91,4.1,99,909.6,1
2024-08-25,Lai_Chau,22.3964,103.4582,22.0,92,6.3,97,907.9,1
2024-08-26,Lai_Chau,22.3964,103.4582,22.7,90,5.6,89,907.8,1
2024-08-27,Lai_Chau,22.3964,103.4582,23.1,88,5.5,65,908.1,1
2024-08-28,Lai_Chau,22.3964,103.4582,24.1,82,6.1,59,907.2,1
2024-08-29,Lai_Chau,22.3964,103.4582,25.2,79,4.8,60,907.1,1
2024-08-30,Lai_Chau,22.3964,103.4582,24.4,83,5.1,96,907.4,1
2024-08-31,Lai_Chau,22.3964,103.4582,23.5,89,5.2,87,908.3,1
2024-09-01,Lai_Chau,22.3964,103.4582,23.7,86,4.5,90,908.7,1
2024-09-02,Lai_Chau,22.3964,103.4582,24.0,86,4.2,96,909.0,1
2024-09-03,Lai_Chau,22.3964,103.4582,24.4,83,4.3,84,909.1,1
2024-09-04,Lai_Chau,22.3964,103.4582,24.4,84,5.2,72,906.5,1
2024-09-05,Lai_Chau,22.3964,103.4582,24.8,80,5.4,35,905.2,1
2024-09-06,Lai_Chau,22.3964,103.4582,25.7,77,7.1,29,904.6,1
2024-09-07,Lai_Chau,22.3964,103.4582,23.8,83,11.2,99,903.1,1
2024-09-08,Lai_Chau,22.3964,103.4582,21.7,99,6.9,100,901.7,1
2024-09-09,Lai_Chau,22.3964,103.4582,21.6,98,5.5,100,903.1,1
2024-09-10,Lai_Chau,22.3964,103.4582,22.2,94,4.7,100,906.4,1
2024-09-11,Lai_Chau,22.3964,103.4582,23.2,88,7.4,95,908.4,1
2024-09-12,Lai_Chau,22.3964,103.4582,23.3,83,5.2,97,908.6,1
2024-09-13,Lai_Chau,22.3964,103.4582,22.4,90,5.1,81,907.1,1
2024-09-14,Lai_Chau,22.3964,103.4582,24.2,79,5.1,39,905.3,1
2024-09-15,Lai_Chau,22.3964,103.4582,24.9,78,5.1,46,904.8,1
2024-09-16,Lai_Chau,22.3964,103.4582,23.9,85,5.7,74,906.6,1
2024-09-17,Lai_Chau,22.3964,103.4582,24.4,81,5.7,82,907.3,1
2024-09-18,Lai_Chau,22.3964,103.4582,24.7,78,4.6,39,906.5,1
2024-09-19,Lai_Chau,22.3964,103.4582,25.3,72,7.1,24,905.6,1
2024-09-20,Lai_Chau,22.3964,103.4582,25.0,75,5.8,96,905.6,1
2024-09-21,Lai_Chau,22.3964,103.4582,24.8,77,4.8,93,906.4,1
2024-09-22,Lai_Chau,22.3964,103.4582,24.5,84,7.9,100,907.4,1
2024-09-23,Lai_Chau,22.3964,103.4582,24.9,73,7.9,89,909.8,0
2024-09-24,Lai_Chau,22.3964,103.4582,23.2,79,7.9,51,910.2,1
2024-09-25,Lai_Chau,22.3964,103.4582,22.9,80,7.7,82,910.9,1
2024-09-26,Lai_Chau,22.3964,103.4582,23.8,76,5.5,67,911.2,0
2024-09-27,Lai_Chau,22.3964,103.4582,23.6,80,5.2,73,911.0,1
2024-09-28,Lai_Chau,22.3964,103.4582,23.5,85,6.0,75,909.2,1
2024-09-29,Lai_Chau,22.3964,103.4582,23.8,86,6.9,98,907.9,1
2024-09-30,Lai_Chau,22.3964,103.4582,23.0,92,6.2,100,907.1,1
2024-10-01,Lai_Chau,22.3964,103.4582,22.3,81,8.0,86,910.1,1
2024-10-02,Lai_Chau,22.3964,103.4582,21.3,72,5.1,86,913.0,0
2024-10-03,Lai_Chau,22.3964,103.4582,21.4,76,6.9,57,913.6,0
2024-10-04,Lai_Chau,22.3964,103.4582,20.9,77,6.7,75,913.4,0
2024-10-05,Lai_Chau,22.3964,103.4582,21.4,78,6.9,20,912.9,0
2024-10-06,Lai_Chau,22.3964,103.4582,21.8,76,8.7,16,913.8,0
2024-10-07,Lai_Chau,22.3964,103.4582,21.5,74,8.0,16,914.9,0
2024-10-08,Lai_Chau,22.3964,103.4582,21.4,74,7.1,15,914.0,0
2024-10-09,Lai_Chau,22.3964,103.4582,22.2,77,5.8,60,913.0,0
2024-10-10,Lai_Chau,22.3964,103.4582,22.2,78,8.2,75,912.4,0
2024-10-11,Lai_Chau,22.3964,103.4582,22.1,77,9.2,77,912.0,1
2024-10-12,Lai_Chau,22.3964,103.4582,22.3,76,6.7,64,912.5,1
2024-10-13,Lai_Chau,22.3964,103.4582,22.6,77,6.4,68,912.5,1
2024-10-14,Lai_Chau,22.3964,103.4582,21.6,87,5.3,71,912.3,1
2024-10-15,Lai_Chau,22.3964,103.4582,21.0,88,5.8,56,912.1,1
2024-10-16,Lai_Chau,22.3964,103.4582,20.9,90,7.1,88,912.7,1
2024-10-17,Lai_Chau,22.3964,103.4582,21.8,86,4.2,57,911.6,1
2024-10-18,Lai_Chau,22.3964,103.4582,22.0,84,5.4,33,911.1,1
2024-10-19,Lai_Chau,22.3964,103.4582,22.1,84,4.3,38,912.6,1
2024-10-20,Lai_Chau,22.3964,103.4582,22.1,84,4.6,74,914.6,1
2024-10-21,Lai_Chau,22.3964,103.4582,21.9,81,6.6,68,914.0,1
2024-10-22,Lai_Chau,22.3964,103.4582,22.3,84,5.0,63,914.5,1
2024-10-23,Lai_Chau,22.3964,103.4582,22.4,76,7.0,31,914.3,1
2024-10-24,Lai_Chau,22.3964,103.4582,21.3,77,5.9,59,911.9,0
2024-10-25,Lai_Chau,22.3964,103.4582,22.5,76,5.2,50,910.1,0
2024-10-26,Lai_Chau,22.3964,103.4582,22.5,72,7.9,77,908.8,0
2024-10-27,Lai_Chau,22.3964,103.4582,20.0,64,7.2,83,908.8,0
2024-10-28,Lai_Chau,22.3964,103.4582,20.6,67,8.0,38,909.7,0
2024-10-29,Lai_Chau,22.3964,103.4582,20.3,74,6.3,10,909.6,0
2024-10-30,Lai_Chau,22.3964,103.4582,21.2,75,5.1,8,910.9,0
2024-10-31,Lai_Chau,22.3964,103.4582,21.3,77,4.1,15,910.0,0
2024-11-01,Lai_Chau,22.3964,103.4582,21.7,78,4.0,33,912.0,1
2024-11-02,Lai_Chau,22.3964,103.4582,22.0,68,4.9,22,914.8,0
2024-11-03,Lai_Chau,22.3964,103.4582,20.2,71,8.3,15,914.7,0
2024-11-04,Lai_Chau,22.3964,103.4582,19.9,69,5.9,18,915.0,0
2024-11-05,Lai_Chau,22.3964,103.4582,19.9,74,7.0,30,916.2,1
2024-11-06,Lai_Chau,22.3964,103.4582,19.3,83,7.1,82,916.8,1
2024-11-07,Lai_Chau,22.3964,103.4582,18.6,75,7.3,86,916.0,0
2024-11-08,Lai_Chau,22.3964,103.4582,18.3,74,4.7,54,915.3,0
2024-11-09,Lai_Chau,22.3964,103.4582,20.0,71,4.7,36,914.0,1
2024-11-10,Lai_Chau,22.3964,103.4582,21.6,71,5.2,24,914.2,0
2024-11-11,Lai_Chau,22.3964,103.4582,20.5,76,5.2,28,913.0,0
2024-11-12,Lai_Chau,22.3964,103.4582,21.1,71,5.1,31,911.9,0
2024-11-13,Lai_Chau,22.3964,103.4582,21.4,75,4.2,16,910.5,1
2024-11-14,Lai_Chau,22.3964,103.4582,20.9,75,5.5,12,910.2,0
2024-11-15,Lai_Chau,22.3964,103.4582,19.7,67,6.9,8,909.5,0
2024-11-16,Lai_Chau,22.3964,103.4582,18.5,62,6.0,13,910.0,0
2024-11-17,Lai_Chau,22.3964,103.4582,18.2,59,4.0,1,911.8,0
2024-11-18,Lai_Chau,22.3964,103.4582,18.7,77,5.2,31,913.7,0
2024-11-19,Lai_Chau,22.3964,103.4582,19.1,80,5.2,19,914.9,0
2024-11-20,Lai_Chau,22.3964,103.4582,18.9,82,7.0,29,914.6,1
2024-11-21,Lai_Chau,22.3964,103.4582,17.5,78,7.6,23,914.2,0
2024-11-22,Lai_Chau,22.3964,103.4582,16.8,78,6.6,49,914.4,0
2024-11-23,Lai_Chau,22.3964,103.4582,16.7,78,9.2,33,914.5,1
2024-11-24,Lai_Chau,22.3964,103.4582,17.2,81,6.9,76,913.9,1
2024-11-25,Lai_Chau,22.3964,103.4582,17.6,83,4.4,62,913.8,1
2024-11-26,Lai_Chau,22.3964,103.4582,17.5,83,9.8,71,914.3,1
2024-11-27,Lai_Chau,22.3964,103.4582,16.2,90,8.0,98,915.3,1
2024-11-28,Lai_Chau,22.3964,103.4582,15.8,78,7.2,84,917.6,1
2024-11-29,Lai_Chau,22.3964,103.4582,14.5,78,7.3,70,916.3,0
2024-11-30,Lai_Chau,22.3964,103.4582,14.5,80,7.1,40,912.1,0
2024-12-01,Lai_Chau,22.3964,103.4582,16.3,75,5.4,31,909.5,0
2024-12-02,Lai_Chau,22.3964,103.4582,16.9,75,4.3,47,910.0,1
2024-12-03,Lai_Chau,22.3964,103.4582,17.5,78,5.2,16,910.5,0
2024-12-04,Lai_Chau,22.3964,103.4582,17.5,85,6.3,67,910.7,1
2024-12-05,Lai_Chau,22.3964,103.4582,18.3,89,7.9,98,911.0,1
2024-12-06,Lai_Chau,22.3964,103.4582,18.0,90,9.8,92,910.5,1
2024-12-07,Lai_Chau,22.3964,103.4582,17.8,91,7.0,80,912.6,1
2024-12-08,Lai_Chau,22.3964,103.4582,15.9,86,10.7,92,914.3,1
2024-12-09,Lai_Chau,22.3964,103.4582,14.5,89,6.3,100,912.5,1
2024-12-10,Lai_Chau,22.3964,103.4582,16.9,86,6.4,86,910.2,1
2024-12-11,Lai_Chau,22.3964,103.4582,16.6,86,7.0,95,911.4,0
2024-12-12,Lai_Chau,22.3964,103.4582,15.6,86,6.6,81,912.0,1
2024-12-13,Lai_Chau,22.3964,103.4582,14.9,87,7.7,73,914.0,0
2024-12-14,Lai_Chau,22.3964,103.4582,14.7,77,10.4,97,917.0,0
2024-12-15,Lai_Chau,22.3964,103.4582,11.5,84,7.7,86,918.1,1
2024-12-16,Lai_Chau,22.3964,103.4582,11.2,88,7.0,82,916.5,0
2024-12-17,Lai_Chau,22.3964,103.4582,12.1,82,5.3,48,913.6,0
2024-12-18,Lai_Chau,22.3964,103.4582,13.5,75,7.4,98,915.1,1
2024-12-19,Lai_Chau,22.3964,103.4582,13.2,75,7.3,79,914.9,0
2024-12-20,Lai_Chau,22.3964,103.4582,13.6,76,4.2,76,912.8,0
2024-12-21,Lai_Chau,22.3964,103.4582,13.6,85,10.1,86,913.6,1
2024-12-22,Lai_Chau,22.3964,103.4582,13.2,80,6.8,96,913.9,0
2024-12-23,Lai_Chau,22.3964,103.4582,13.9,76,7.6,73,913.5,0
2024-12-24,Lai_Chau,22.3964,103.4582,12.3,80,5.2,73,914.2,0
2024-12-25,Lai_Chau,22.3964,103.4582,13.3,72,6.7,40,914.7,0
2024-12-26,Lai_Chau,22.3964,103.4582,14.7,72,6.2,2,916.2,0
2024-12-27,Lai_Chau,22.3964,103.4582,14.8,80,6.6,26,917.5,0
2024-12-28,Lai_Chau,22.3964,103.4582,14.3,80,7.7,54,918.6,0
2024-12-29,Lai_Chau,22.3964,103.4582,14.1,78,4.8,58,915.1,0
2024-12-30,Lai_Chau,22.3964,103.4582,15.1,80,7.6,51,913.9,0
2024-12-31,Lai_Chau,22.3964,103.4582,12.8,89,7.8,86,914.7,1
2025-01-01,Lai_Chau,22.3964,103.4582,13.1,83,5.3,54,912.1,0
2025-01-02,Lai_Chau,22.3964,103.4582,15.1,77,6.0,61,913.0,0
2025-01-03,Lai_Chau,22.3964,103.4582,14.9,75,7.2,55,915.0,0
2025-01-04,Lai_Chau,22.3964,103.4582,13.3,76,6.7,45,912.9,0
2025-01-05,Lai_Chau,22.3964,103.4582,13.9,76,4.8,53,915.1,1
2025-01-06,Lai_Chau,22.3964,103.4582,13.2,71,7.1,31,912.2,0
2025-01-07,Lai_Chau,22.3964,103.4582,13.8,70,6.6,49,911.4,0
2025-01-08,Lai_Chau,22.3964,103.4582,13.6,78,10.2,57,912.0,1
2025-01-09,Lai_Chau,22.3964,103.4582,14.7,79,7.2,75,914.8,1
2025-01-10,Lai_Chau,22.3964,103.4582,13.8,77,8.2,94,918.7,1
2025-01-11,Lai_Chau,22.3964,103.4582,11.4,69,5.1,72,921.1,0
2025-01-12,Lai_Chau,22.3964,103.4582,9.4,70,7.2,1,917.9,0
2025-01-13,Lai_Chau,22.3964,103.4582,11.3,65,8.6,4,914.2,0
2025-01-14,Lai_Chau,22.3964,103.4582,12.0,62,4.7,0,914.3,0
2025-01-15,Lai_Chau,22.3964,103.4582,12.0,74,8.6,18,917.1,0
2025-01-16,Lai_Chau,22.3964,103.4582,11.7,72,5.1,11,917.5,0
2025-01-17,Lai_Chau,22.3964,103.4582,12.4,66,6.8,15,914.2,0
2025-01-18,Lai_Chau,22.3964,103.4582,13.3,72,7.1,25,911.6,0
2025-01-19,Lai_Chau,22.3964,103.4582,12.0,80,8.2,31,911.0,0
2025-01-20,Lai_Chau,22.3964,103.4582,13.7,77,7.6,37,909.8,0
2025-01-21,Lai_Chau,22.3964,103.4582,14.9,76,8.9,74,909.5,0
2025-01-22,Lai_Chau,22.3964,103.4582,15.9,77,7.6,55,909.7,0
2025-01-23,Lai_Chau,22.3964,103.4582,16.0,76,7.4,39,909.5,1
2025-01-24,Lai_Chau,22.3964,103.4582,17.2,69,9.6,6,907.3,0
2025-01-25,Lai_Chau,22.3964,103.4582,17.9,64,8.8,8,908.4,0
2025-01-26,Lai_Chau,22.3964,103.4582,12.8,70,8.7,90,914.8,1
2025-01-27,Lai_Chau,22.3964,103.4582,9.6,79,6.7,91,915.6,1
2025-01-28,Lai_Chau,22.3964,103.4582,9.5,85,8.9,100,916.2,1
2025-01-29,Lai_Chau,22.3964,103.4582,10.4,83,6.1,100,915.8,1
2025-01-30,Lai_Chau,22.3964,103.4582,12.4,85,6.0,82,910.4,1
2025-01-31,Lai_Chau,22.3964,103.4582,14.8,80,7.2,70,908.3,1
2025-02-01,Lai_Chau,22.3964,103.4582,16.8,65,9.7,87,907.2,0
2025-02-02,Lai_Chau,22.3964,103.4582,17.2,57,9.8,62,907.6,0
2025-02-03,Lai_Chau,22.3964,103.4582,15.3,64,6.0,83,912.3,0
2025-02-04,Lai_Chau,22.3964,103.4582,12.5,73,9.2,91,914.1,0
2025-02-05,Lai_Chau,22.3964,103.4582,13.1,86,7.3,95,909.9,1
2025-02-06,Lai_Chau,22.3964,103.4582,14.5,85,6.8,77,909.3,1
2025-02-07,Lai_Chau,22.3964,103.4582,14.3,83,8.7,91,912.9,1
2025-02-08,Lai_Chau,22.3964,103.4582,12.3,81,10.8,100,915.0,1
2025-02-09,Lai_Chau,22.3964,103.4582,10.0,93,8.1,100,914.4,1
2025-02-10,Lai_Chau,22.3964,103.4582,13.6,84,4.4,80,912.6,1
2025-02-11,Lai_Chau,22.3964,103.4582,15.5,78,5.5,40,911.1,0
2025-02-12,Lai_Chau,22.3964,103.4582,17.3,73,7.6,17,911.3,0
2025-02-13,Lai_Chau,22.3964,103.4582,16.4,81,10.0,56,912.0,1
2025-02-14,Lai_Chau,22.3964,103.4582,16.8,78,8.0,42,910.1,1
2025-02-15,Lai_Chau,22.3964,103.4582,18.0,70,8.6,18,908.7,0
2025-02-16,Lai_Chau,22.3964,103.4582,18.0,70,8.9,35,910.6,0
2025-02-17,Lai_Chau,22.3964,103.4582,17.5,81,6.2,57,912.9,1
2025-02-18,Lai_Chau,22.3964,103.4582,16.5,84,9.4,69,913.4,0
2025-02-19,Lai_Chau,22.3964,103.4582,17.3,85,9.0,75,913.0,1
2025-02-20,Lai_Chau,22.3964,103.4582,17.7,82,6.4,55,913.5,1
2025-02-21,Lai_Chau,22.3964,103.4582,16.8,88,9.4,78,914.2,1
2025-02-22,Lai_Chau,22.3964,103.4582,17.5,84,8.5,61,914.7,1
2025-02-23,Lai_Chau,22.3964,103.4582,17.2,83,9.6,80,917.3,1
2025-02-24,Lai_Chau,22.3964,103.4582,14.1,89,10.2,89,918.4,1
2025-02-25,Lai_Chau,22.3964,103.4582,15.0,85,10.2,93,917.8,1
2025-02-26,Lai_Chau,22.3964,103.4582,15.4,84,8.6,69,915.9,1
2025-02-27,Lai_Chau,22.3964,103.4582,17.5,72,8.6,68,912.9,0
2025-02-28,Lai_Chau,22.3964,103.4582,18.9,66,8.3,70,910.5,0
2025-03-01,Lai_Chau,22.3964,103.4582,21.1,57,9.8,4,908.3,0
2025-03-02,Lai_Chau,22.3964,103.4582,22.5,49,10.4,7,907.2,0
2025-03-03,Lai_Chau,22.3964,103.4582,22.0,43,12.0,17,907.1,0
2025-03-04,Lai_Chau,22.3964,103.4582,21.9,45,11.7,16,906.3,0
2025-03-05,Lai_Chau,22.3964,103.4582,22.2,43,11.4,26,906.7,0
2025-03-06,Lai_Chau,22.3964,103.4582,18.0,69,8.5,66,911.3,0
2025-03-07,Lai_Chau,22.3964,103.4582,15.6,69,11.5,72,912.9,0
2025-03-08,Lai_Chau,22.3964,103.4582,14.7,78,6.9,89,912.5,1
2025-03-09,Lai_Chau,22.3964,103.4582,17.3,80,5.1,68,913.8,1
2025-03-10,Lai_Chau,22.3964,103.4582,18.0,80,7.1,42,914.3,1
2025-03-11,Lai_Chau,22.3964,103.4582,19.8,75,5.5,37,910.9,1
2025-03-12,Lai_Chau,22.3964,103.4582,20.9,70,6.3,15,908.5,1
2025-03-13,Lai_Chau,22.3964,103.4582,20.7,72,7.8,12,908.4,1
2025-03-14,Lai_Chau,22.3964,103.4582,20.7,69,9.9,19,909.4,1
2025-03-15,Lai_Chau,22.3964,103.4582,22.1,53,7.4,23,910.0,0
2025-03-16,Lai_Chau,22.3964,103.4582,19.3,65,11.4,69,912.7,1
2025-03-17,Lai_Chau,22.3964,103.4582,14.8,75,9.6,100,912.9,1
2025-03-18,Lai_Chau,22.3964,103.4582,13.2,83,9.2,100,915.8,1
2025-03-19,Lai_Chau,22.3964,103.4582,12.1,84,4.0,98,918.7,1
2025-03-20,Lai_Chau,22.3964,103.4582,14.3,70,5.9,80,918.2,0
2025-03-21,Lai_Chau,22.3964,103.4582,17.5,63,7.4,38,916.9,0
2025-03-22,Lai_Chau,22.3964,103.4582,18.8,63,7.7,14,914.7,0
2025-03-23,Lai_Chau,22.3964,103.4582,20.8,66,5.7,16,913.2,0
2025-03-24,Lai_Chau,22.3964,103.4582,20.9,74,3.9,33,911.4,1
2025-03-25,Lai_Chau,22.3964,103.4582,21.3,67,6.4,19,907.5,1
2025-03-26,Lai_Chau,22.3964,103.4582,21.9,63,6.1,13,904.9,1
2025-03-27,Lai_Chau,22.3964,103.4582,23.1,50,11.0,0,903.0,0
2025-03-28,Lai_Chau,22.3964,103.4582,23.8,47,9.9,20,905.5,0
2025-03-29,Lai_Chau,22.3964,103.4582,21.8,70,13.3,68,908.8,1
2025-03-30,Lai_Chau,22.3964,103.4582,17.7,77,10.5,93,912.7,1
2025-03-31,Lai_Chau,22.3964,103.4582,14.1,85,7.8,99,912.0,1
2025-04-01,Lai_Chau,22.3964,103.4582,14.1,84,8.9,92,912.7,1
2025-04-02,Lai_Chau,22.3964,103.4582,14.9,85,7.6,81,913.6,1
2025-04-03,Lai_Chau,22.3964,103.4582,17.7,76,5.9,70,913.0,1
2025-04-04,Lai_Chau,22.3964,103.4582,20.7,74,7.0,73,909.7,0
2025-04-05,Lai_Chau,22.3964,103.4582,20.7,81,10.0,92,910.0,1
2025-04-06,Lai_Chau,22.3964,103.4582,20.1,86,8.9,98,911.6,1
2025-04-07,Lai_Chau,22.3964,103.4582,20.0,85,6.3,98,912.8,1
2025-04-08,Lai_Chau,22.3964,103.4582,21.8,73,8.4,84,912.7,1
2025-04-09,Lai_Chau,22.3964,103.4582,22.5,68,5.8,87,909.2,1
2025-04-10,Lai_Chau,22.3964,103.4582,22.8,61,8.3,52,906.2,1
2025-04-11,Lai_Chau,22.3964,103.4582,23.8,62,10.0,78,905.2,1
2025-04-12,Lai_Chau,22.3964,103.4582,22.8,77,4.7,98,908.9,1
2025-04-13,Lai_Chau,22.3964,103.4582,17.2,79,8.8,100,913.6,1
2025-04-14,Lai_Chau,22.3964,103.4582,17.3,82,7.0,98,912.4,0
2025-04-15,Lai_Chau,22.3964,103.4582,22.2,62,7.9,96,911.3,0
2025-04-16,Lai_Chau,22.3964,103.4582,23.3,65,6.9,99,908.2,1
2025-04-17,Lai_Chau,22.3964,103.4582,23.8,69,6.1,44,906.5,1
2025-04-18,Lai_Chau,22.3964,103.4582,24.0,67,6.8,22,906.4,1
2025-04-19,Lai_Chau,22.3964,103.4582,23.7,72,5.9,28,907.3,1
2025-04-20,Lai_Chau,22.3964,103.4582,22.0,82,11.0,49,908.5,1
2025-04-21,Lai_Chau,22.3964,103.4582,21.9,84,9.5,57,909.6,1
2025-04-22,Lai_Chau,22.3964,103.4582,23.1,77,8.8,73,909.0,1
2025-04-23,Lai_Chau,22.3964,103.4582,23.2,78,5.4,59,907.2,1
2025-04-24,Lai_Chau,22.3964,103.4582,22.4,84,7.0,64,907.6,1
2025-04-25,Lai_Chau,22.3964,103.4582,23.0,74,9.3,26,908.6,1
2025-04-26,Lai_Chau,22.3964,103.4582,23.0,77,10.1,24,909.3,1
2025-04-27,Lai_Chau,22.3964,103.4582,24.0,74,7.9,35,910.1,1
2025-04-28,Lai_Chau,22.3964,103.4582,22.7,79,5.4,69,910.5,1
2025-04-29,Lai_Chau,22.3964,103.4582,21.0,85,4.5,98,911.3,1
2025-04-30,Lai_Chau,22.3964,103.4582,21.3,80,7.7,92,910.9,1
2025-05-01,Lai_Chau,22.3964,103.4582,21.4,85,5.9,95,912.8,1
2025-05-02,Lai_Chau,22.3964,103.4582,22.6,71,4.7,62,910.6,1
2025-05-03,Lai_Chau,22.3964,103.4582,22.7,76,6.1,57,908.3,1
2025-05-04,Lai_Chau,22.3964,103.4582,22.4,79,8.4,49,907.0,1
2025-05-05,Lai_Chau,22.3964,103.4582,23.6,77,7.0,31,906.9,1
2025-05-06,Lai_Chau,22.3964,103.4582,25.0,68,7.6,46,906.4,1
2025-05-07,Lai_Chau,22.3964,103.4582,25.7,69,6.4,68,905.4,1
2025-05-08,Lai_Chau,22.3964,103.4582,24.9,77,7.2,34,905.4,1
2025-05-09,Lai_Chau,22.3964,103.4582,25.7,71,5.9,28,906.7,1
2025-05-10,Lai_Chau,22.3964,103.4582,24.0,78,7.1,54,908.3,1
2025-05-11,Lai_Chau,22.3964,103.4582,21.3,77,7.7,59,909.8,1
2025-05-12,Lai_Chau,22.3964,103.4582,20.9,70,8.1,55,908.5,0
2025-05-13,Lai_Chau,22.3964,103.4582,22.7,66,5.3,40,908.2,1
2025-05-14,Lai_Chau,22.3964,103.4582,23.6,77,5.7,75,909.5,1
2025-05-15,Lai_Chau,22.3964,103.4582,22.2,90,5.4,100,910.0,1
2025-05-16,Lai_Chau,22.3964,103.4582,22.1,90,7.1,97,909.6,1
2025-05-17,Lai_Chau,22.3964,103.4582,22.6,88,8.5,90,909.5,1
2025-05-18,Lai_Chau,22.3964,103.4582,22.3,88,4.7,96,909.3,1
2025-05-19,Lai_Chau,22.3964,103.4582,22.6,85,4.6,94,907.7,1
2025-05-20,Lai_Chau,22.3964,103.4582,24.2,79,6.3,61,906.7,1
2025-05-21,Lai_Chau,22.3964,103.4582,24.2,82,5.9,84,907.2,1
2025-05-22,Lai_Chau,22.3964,103.4582,24.6,81,9.3,92,906.1,1
2025-05-23,Lai_Chau,22.3964,103.4582,23.7,85,5.0,100,906.6,1
2025-05-24,Lai_Chau,22.3964,103.4582,22.3,77,6.9,96,909.8,1
2025-05-25,Lai_Chau,22.3964,103.4582,22.5,69,5.6,98,912.1,1
2025-05-26,Lai_Chau,22.3964,103.4582,21.6,78,7.5,95,911.8,1
2025-05-27,Lai_Chau,22.3964,103.4582,21.8,81,8.8,100,909.9,0
2025-05-28,Lai_Chau,22.3964,103.4582,23.1,86,7.7,90,907.9,1
2025-05-29,Lai_Chau,22.3964,103.4582,23.1,88,4.3,93,907.8,1
2025-05-30,Lai_Chau,22.3964,103.4582,23.2,89,8.5,96,907.4,1
2025-05-31,Lai_Chau,22.3964,103.4582,23.7,88,7.6,98,906.4,1
2025-06-01,Lai_Chau,22.3964,103.4582,24.6,85,7.2,96,904.4,1
2025-06-02,Lai_Chau,22.3964,103.4582,24.7,84,5.8,99,904.7,1
2025-06-03,Lai_Chau,22.3964,103.4582,23.1,91,7.6,93,905.6,1
2025-06-04,Lai_Chau,22.3964,103.4582,23.5,87,3.9,90,907.4,1
2025-06-05,Lai_Chau,22.3964,103.4582,23.4,86,6.8,93,908.0,1
2025-06-06,Lai_Chau,22.3964,103.4582,24.3,82,8.1,90,907.3,1
2025-06-07,Lai_Chau,22.3964,103.4582,24.8,81,7.0,94,906.6,1
2025-06-08,Lai_Chau,22.3964,103.4582,23.3,92,6.0,100,906.3,1
2025-06-09,Lai_Chau,22.3964,103.4582,23.4,87,5.4,91,906.0,1
2025-06-10,Lai_Chau,22.3964,103.4582,22.4,89,7.2,96,906.7,1
2025-06-11,Lai_Chau,22.3964,103.4582,24.0,78,5.9,75,906.4,1
2025-06-12,Lai_Chau,22.3964,103.4582,25.1,74,5.8,36,905.2,1
2025-06-13,Lai_Chau,22.3964,103.4582,25.4,75,6.9,48,904.8,1
2025-06-14,Lai_Chau,22.3964,103.4582,24.8,81,8.3,53,904.9,1
2025-06-15,Lai_Chau,22.3964,103.4582,23.4,89,6.0,90,905.7,1
2025-06-16,Lai_Chau,22.3964,103.4582,22.9,91,6.6,100,906.5,1
2025-06-17,Lai_Chau,22.3964,103.4582,22.8,91,6.4,100,906.8,1
2025-06-18,Lai_Chau,22.3964,103.4582,22.6,92,7.6,100,905.9,1
2025-06-19,Lai_Chau,22.3964,103.4582,22.8,92,7.8,100,905.7,1
2025-06-20,Lai_Chau,22.3964,103.4582,22.7,94,4.9,100,905.6,1
2025-06-21,Lai_Chau,22.3964,103.4582,22.0,97,7.2,100,905.9,1
2025-06-22,Lai_Chau,22.3964,103.4582,22.3,93,7.8,99,906.6,1
2025-06-23,Lai_Chau,22.3964,103.4582,22.9,90,7.9,98,906.2,1
2025-06-24,Lai_Chau,22.3964,103.4582,23.2,87,7.2,95,906.5,1
2025-06-25,Lai_Chau,22.3964,103.4582,24.0,80,4.5,91,907.8,1
2025-06-26,Lai_Chau,22.3964,103.4582,23.1,90,3.0,99,907.0,1
2025-06-27,Lai_Chau,22.3964,103.4582,22.3,92,6.7,99,905.3,1
2025-06-28,Lai_Chau,22.3964,103.4582,22.4,90,7.0,95,904.4,1
2025-06-29,Lai_Chau,22.3964,103.4582,22.5,91,6.9,98,903.1,1
2025-06-30,Lai_Chau,22.3964,103.4582,22.5,92,5.8,100,903.5,1
2025-07-01,Lai_Chau,22.3964,103.4582,22.2,94,4.9,100,904.7,1
2025-07-02,Lai_Chau,22.3964,103.4582,22.4,94,7.0,99,906.5,1
2025-07-03,Lai_Chau,22.3964,103.4582,22.9,89,9.7,84,907.5,1
2025-07-04,Lai_Chau,22.3964,103.4582,23.2,85,7.1,84,907.0,1
2025-07-05,Lai_Chau,22.3964,103.4582,23.5,86,4.9,94,905.9,1
2025-07-06,Lai_Chau,22.3964,103.4582,23.2,87,9.4,100,905.7,1
2025-07-07,Lai_Chau,22.3964,103.4582,23.3,87,6.3,88,905.3,1
2025-07-08,Lai_Chau,22.3964,103.4582,23.8,88,6.5,96,904.6,1
2025-07-09,Lai_Chau,22.3964,103.4582,23.5,88,5.5,95,903.9,1
2025-07-10,Lai_Chau,22.3964,103.4582,23.4,90,4.3,100,902.3,1
2025-07-11,Lai_Chau,22.3964,103.4582,23.8,89,4.2,99,902.3,1
2025-07-12,Lai_Chau,22.3964,103.4582,23.6,87,5.2,98,905.3,1
2025-07-13,Lai_Chau,22.3964,103.4582,23.7,85,6.1,88,906.8,1
2025-07-14,Lai_Chau,22.3964,103.4582,23.9,87,6.2,96,906.3,1
2025-07-15,Lai_Chau,22.3964,103.4582,23.5,88,7.3,98,904.5,1
2025-07-16,Lai_Chau,22.3964,103.4582,22.8,95,6.0,100,904.5,1
2025-07-17,Lai_Chau,22.3964,103.4582,24.1,86,8.1,62,905.6,1
2025-07-18,Lai_Chau,22.3964,103.4582,25.1,80,6.0,99,904.3,1
2025-07-19,Lai_Chau,22.3964,103.4582,25.2,80,5.1,100,902.0,1
2025-07-20,Lai_Chau,22.3964,103.4582,24.9,81,5.8,86,901.4,1
2025-07-21,Lai_Chau,22.3964,103.4582,24.4,86,6.4,99,900.2,1
2025-07-22,Lai_Chau,22.3964,103.4582,23.9,94,7.9,100,897.2,1
2025-07-23,Lai_Chau,22.3964,103.4582,25.1,83,9.0,99,899.2,1
2025-07-24,Lai_Chau,22.3964,103.4582,23.5,90,8.1,100,903.0,1
2025-07-25,Lai_Chau,22.3964,103.4582,22.8,94,4.1,99,903.9,1
2025-07-26,Lai_Chau,22.3964,103.4582,22.5,94,4.5,100,903.8,1
2025-07-27,Lai_Chau,22.3964,103.4582,23.4,89,7.6,99,903.3,1
2025-07-28,Lai_Chau,22.3964,103.4582,24.6,81,4.4,40,902.4,1
2025-07-29,Lai_Chau,22.3964,103.4582,25.0,81,4.2,55,901.8,1
2025-07-30,Lai_Chau,22.3964,103.4582,24.6,85,5.0,93,902.4,1
2025-07-31,Lai_Chau,22.3964,103.4582,23.4,90,5.5,98,902.3,1
2025-08-01,Lai_Chau,22.3964,103.4582,24.0,87,4.5,72,902.2,1
2025-08-02,Lai_Chau,22.3964,103.4582,24.4,82,5.9,84,904.3,1
2025-08-03,Lai_Chau,22.3964,103.4582,24.0,88,5.8,91,905.0,1
2025-08-04,Lai_Chau,22.3964,103.4582,23.8,91,5.7,99,904.8,1
2025-08-05,Lai_Chau,22.3964,103.4582,23.3,91,6.7,100,905.3,1
2025-08-06,Lai_Chau,22.3964,103.4582,22.0,95,8.0,98,905.3,1
2025-08-07,Lai_Chau,22.3964,103.4582,21.6,94,6.8,93,907.6,1
2025-08-08,Lai_Chau,22.3964,103.4582,22.8,88,7.3,89,908.8,1
2025-08-09,Lai_Chau,22.3964,103.4582,24.0,86,5.9,91,907.8,1
2025-08-10,Lai_Chau,22.3964,103.4582,24.5,84,6.1,94,906.8,1
2025-08-11,Lai_Chau,22.3964,103.4582,24.4,84,4.5,100,906.5,1
2025-08-12,Lai_Chau,22.3964,103.4582,24.2,84,4.0,100,907.2,1
2025-08-13,Lai_Chau,22.3964,103.4582,23.7,86,4.9,99,908.5,1
2025-08-14,Lai_Chau,22.3964,103.4582,23.7,86,5.1,90,906.9,1
2025-08-15,Lai_Chau,22.3964,103.4582,21.9,95,5.9,100,905.6,1
2025-08-16,Lai_Chau,22.3964,103.4582,21.9,93,9.4,87,907.6,1
2025-08-17,Lai_Chau,22.3964,103.4582,23.1,83,4.9,43,909.1,1
2025-08-18,Lai_Chau,22.3964,103.4582,23.9,74,5.1,86,907.8,1
2025-08-19,Lai_Chau,22.3964,103.4582,23.6,83,6.9,89,907.2,1
2025-08-20,Lai_Chau,22.3964,103.4582,22.1,93,6.5,100,908.1,1
2025-08-21,Lai_Chau,22.3964,103.4582,22.2,89,6.8,100,909.1,1
2025-08-22,Lai_Chau,22.3964,103.4582,21.6,92,5.2,100,908.7,1
2025-08-23,Lai_Chau,22.3964,103.4582,21.7,89,4.4,96,908.8,1
2025-08-24,Lai_Chau,22.3964,103.4582,23.0,85,5.2,90,908.4,1
2025-08-25,Lai_Chau,22.3964,103.4582,23.8,76,6.4,77,906.9,1
2025-08-26,Lai_Chau,22.3964,103.4582,21.6,93,8.3,99,906.1,1
2025-08-27,Lai_Chau,22.3964,103.4582,22.4,91,8.3,87,907.8,1
2025-08-28,Lai_Chau,22.3964,103.4582,22.4,88,8.2,60,908.2,1
2025-08-29,Lai_Chau,22.3964,103.4582,22.6,86,5.0,66,909.3,1
2025-08-30,Lai_Chau,22.3964,103.4582,24.7,74,5.7,84,909.1,1
2025-08-31,Lai_Chau,22.3964,103.4582,24.1,81,8.3,75,908.3,1
2025-09-01,Lai_Chau,22.3964,103.4582,23.4,84,5.5,61,907.7,1
2025-09-02,Lai_Chau,22.3964,103.4582,24.0,81,5.6,60,907.9,1
2025-09-03,Lai_Chau,22.3964,103.4582,24.5,80,6.2,48,908.4,1
2025-09-04,Lai_Chau,22.3964,103.4582,24.4,81,6.5,30,908.1,1
2025-09-05,Lai_Chau,22.3964,103.4582,24.5,82,3.9,73,908.4,1
2025-09-06,Lai_Chau,22.3964,103.4582,23.6,84,4.8,96,909.1,1
2025-09-07,Lai_Chau,22.3964,103.4582,23.5,82,3.9,70,907.9,1
2025-09-08,Lai_Chau,22.3964,103.4582,24.6,76,2.8,49,907.4,1
2025-09-09,Lai_Chau,22.3964,103.4582,22.6,90,7.2,100,908.3,1
2025-09-10,Lai_Chau,22.3964,103.4582,22.5,90,4.5,100,908.9,1
2025-09-11,Lai_Chau,22.3964,103.4582,22.4,88,6.8,99,909.4,1
2025-09-12,Lai_Chau,22.3964,103.4582,22.7,87,3.9,98,910.1,1
2025-09-13,Lai_Chau,22.3964,103.4582,22.4,90,6.0,100,910.8,1
2025-09-14,Lai_Chau,22.3964,103.4582,22.7,86,6.0,90,910.9,1
2025-09-15,Lai_Chau,22.3964,103.4582,22.8,87,4.1,89,910.9,1
2025-09-16,Lai_Chau,22.3964,103.4582,22.6,85,5.8,71,911.0,1
2025-09-17,Lai_Chau,22.3964,103.4582,22.7,83,7.6,49,909.5,1
2025-09-18,Lai_Chau,22.3964,103.4582,22.4,87,5.5,45,909.1,1
2025-09-19,Lai_Chau,22.3964,103.4582,23.4,80,4.7,50,909.3,1
2025-09-20,Lai_Chau,22.3964,103.4582,23.3,83,4.6,55,908.1,1
2025-09-21,Lai_Chau,22.3964,103.4582,24.1,79,4.8,68,907.8,1
2025-09-22,Lai_Chau,22.3964,103.4582,22.6,90,4.4,96,908.2,1
2025-09-23,Lai_Chau,22.3964,103.4582,22.3,91,3.8,92,907.2,1
2025-09-24,Lai_Chau,22.3964,103.4582,24.3,75,8.3,55,905.8,1
2025-09-25,Lai_Chau,22.3964,103.4582,22.9,72,11.1,93,905.3,1
2025-09-26,Lai_Chau,22.3964,103.4582,22.7,85,3.9,94,910.1,1
2025-09-27,Lai_Chau,22.3964,103.4582,22.7,87,6.5,91,912.4,1
2025-09-28,Lai_Chau,22.3964,103.4582,23.2,83,7.4,48,909.9,1
2025-09-29,Lai_Chau,22.3964,103.4582,21.4,92,12.1,99,905.7,1
2025-09-30,Lai_Chau,22.3964,103.4582,21.1,95,6.5,99,908.7,1
2025-10-01,Lai_Chau,22.3964,103.4582,21.5,91,8.3,100,911.5,1
2025-10-02,Lai_Chau,22.3964,103.4582,21.9,89,5.6,92,911.9,1
2025-10-03,Lai_Chau,22.3964,103.4582,23.0,84,6.6,51,911.1,1
2025-10-04,Lai_Chau,22.3964,103.4582,22.6,88,4.3,57,911.5,1
2025-10-05,Lai_Chau,22.3964,103.4582,23.1,85,5.2,76,909.4,1
2025-10-06,Lai_Chau,22.3964,103.4582,22.6,89,6.1,92,907.2,1
2025-10-07,Lai_Chau,22.3964,103.4582,20.4,98,7.3,100,910.2,1
2025-10-08,Lai_Chau,22.3964,103.4582,21.7,87,4.0,78,912.8,1
2025-10-09,Lai_Chau,22.3964,103.4582,22.5,81,4.6,30,912.4,1
2025-10-10,Lai_Chau,22.3964,103.4582,21.8,78,5.6,45,911.5,0
2025-10-11,Lai_Chau,22.3964,103.4582,21.5,78,4.6,17,910.5,0
2025-10-12,Lai_Chau,22.3964,103.4582,22.2,77,4.2,15,910.4,1
2025-10-13,Lai_Chau,22.3964,103.4582,22.4,82,6.5,21,910.8,0
2025-10-14,Lai_Chau,22.3964,103.4582,22.0,86,4.7,84,910.9,1
2025-10-15,Lai_Chau,22.3964,103.4582,22.0,87,7.7,94,911.4,1
2025-10-16,Lai_Chau,22.3964,103.4582,22.0,85,6.8,80,913.1,1
2025-10-17,Lai_Chau,22.3964,103.4582,22.2,80,6.6,27,913.6,1
2025-10-18,Lai_Chau,22.3964,103.4582,21.4,83,4.7,35,912.8,0
2025-10-19,Lai_Chau,22.3964,103.4582,21.1,84,5.2,33,912.3,0
2025-10-20,Lai_Chau,22.3964,103.4582,21.1,87,5.0,38,912.6,1
2025-10-21,Lai_Chau,22.3964,103.4582,21.1,83,4.2,49,913.9,1
2025-10-22,Lai_Chau,22.3964,103.4582,19.9,71,7.4,51,914.7,0
2025-10-23,Lai_Chau,22.3964,103.4582,19.0,76,7.3,53,915.1,0
2025-10-24,Lai_Chau,22.3964,103.4582,18.4,86,6.2,76,915.1,1
2025-10-25,Lai_Chau,22.3964,103.4582,19.1,86,8.7,70,914.3,1
2025-10-26,Lai_Chau,22.3964,103.4582,19.5,82,6.9,48,914.6,0
2025-10-27,Lai_Chau,22.3964,103.4582,19.1,80,8.1,55,914.8,0
2025-10-28,Lai_Chau,22.3964,103.4582,20.3,79,6.9,85,914.8,0
2025-10-29,Lai_Chau,22.3964,103.4582,19.7,78,6.6,79,913.7,0
2025-10-30,Lai_Chau,22.3964,103.4582,19.9,81,5.5,79,913.7,0
2025-10-31,Lai_Chau,22.3964,103.4582,21.3,80,6.7,73,914.3,1
2025-11-01,Lai_Chau,22.3964,103.4582,20.2,90,7.9,92,914.0,1
2025-11-02,Lai_Chau,22.3964,103.4582,19.3,86,8.7,98,913.9,1
2025-11-03,Lai_Chau,22.3964,103.4582,18.6,80,6.3,96,913.8,1
2025-11-04,Lai_Chau,22.3964,103.4582,17.9,84,6.9,82,913.6,0
2025-11-05,Lai_Chau,22.3964,103.4582,18.5,87,6.2,78,911.5,1
2025-11-06,Lai_Chau,22.3964,103.4582,19.2,83,5.9,59,910.5,0
2025-11-07,Lai_Chau,22.3964,103.4582,20.4,82,5.2,91,910.5,0
2025-11-08,Lai_Chau,22.3964,103.4582,21.7,87,5.0,73,911.6,1
2025-11-09,Lai_Chau,22.3964,103.4582,21.7,87,8.8,85,911.4,1
2025-11-10,Lai_Chau,22.3964,103.4582,20.8,91,5.9,80,910.1,1
2025-11-11,Lai_Chau,22.3964,103.4582,20.7,90,6.3,77,909.9,1
2025-11-12,Lai_Chau,22.3964,103.4582,19.6,90,8.7,60,912.3,1
2025-11-13,Lai_Chau,22.3964,103.4582,18.6,84,5.5,52,914.7,1
2025-11-14,Lai_Chau,22.3964,103.4582,18.2,81,7.3,47,914.5,0
2025-11-15,Lai_Chau,22.3964,103.4582,18.0,79,6.3,45,916.1,0
2025-11-16,Lai_Chau,22.3964,103.4582,16.8,74,4.9,9,917.0,0
2025-11-17,Lai_Chau,22.3964,103.4582,17.4,88,4.2,72,917.0,1
2025-11-18,Lai_Chau,22.3964,103.4582,17.2,94,4.0,100,917.8,1
2025-11-19,Lai_Chau,22.3964,103.4582,13.1,89,4.7,86,919.3,1
2025-11-20,Lai_Chau,22.3964,103.4582,13.2,84,6.4,76,918.3,1
2025-11-21,Lai_Chau,22.3964,103.4582,14.5,79,8.5,43,918.3,0
2025-11-22,Lai_Chau,22.3964,103.4582,13.6,80,5.1,18,916.0,0
2025-11-23,Lai_Chau,22.3964,103.4582,13.8,79,5.2,23,915.1,0
2025-11-24,Lai_Chau,22.3964,103.4582,14.9,76,6.9,29,915.8,0
2025-11-25,Lai_Chau,22.3964,103.4582,14.2,66,6.8,7,916.3,0
2025-11-26,Lai_Chau,22.3964,103.4582,12.3,66,5.8,6,914.8,0
2025-11-27,Lai_Chau,22.3964,103.4582,12.6,63,7.3,38,917.5,0
2025-11-28,Lai_Chau,22.3964,103.4582,11.3,68,5.2,0,913.7,0
2025-11-29,Lai_Chau,22.3964,103.4582,12.8,62,6.0,0,911.1,0
2025-11-30,Lai_Chau,22.3964,103.4582,13.5,58,6.7,1,910.5,0
2025-12-01,Lai_Chau,22.3964,103.4582,14.3,61,5.6,6,910.9,0
2025-12-02,Lai_Chau,22.3964,103.4582,15.3,66,5.8,2,910.7,0
2025-12-03,Lai_Chau,22.3964,103.4582,16.1,75,7.7,27,914.4,0
2025-12-04,Lai_Chau,22.3964,103.4582,15.3,83,5.7,66,914.9,1
2025-12-05,Lai_Chau,22.3964,103.4582,14.9,83,7.1,39,915.6,0
2025-12-06,Lai_Chau,22.3964,103.4582,15.4,84,3.6,68,914.3,0
2025-12-07,Lai_Chau,22.3964,103.4582,16.4,82,8.5,60,914.3,0
2025-12-08,Lai_Chau,22.3964,103.4582,15.6,81,6.9,66,915.7,0
2025-12-09,Lai_Chau,22.3964,103.4582,14.7,80,8.0,56,914.8,1
2025-12-10,Lai_Chau,22.3964,103.4582,13.2,81,5.8,26,913.8,0
2025-12-11,Lai_Chau,22.3964,103.4582,14.0,83,6.6,44,913.9,1
2025-12-12,Lai_Chau,22.3964,103.4582,16.0,82,5.1,68,912.9,0
2025-12-13,Lai_Chau,22.3964,103.4582,16.7,75,5.9,16,914.7,0
2025-12-14,Lai_Chau,22.3964,103.4582,15.3,81,6.8,47,915.9,1
2025-12-15,Lai_Chau,22.3964,103.4582,14.0,81,5.1,49,913.9,0
2025-12-16,Lai_Chau,22.3964,103.4582,15.2,76,3.6,40,913.2,0
2025-12-17,Lai_Chau,22.3964,103.4582,15.2,80,5.0,49,915.7,1
2025-12-18,Lai_Chau,22.3964,103.4582,14.4,83,4.5,45,914.8,1
2025-12-19,Lai_Chau,22.3964,103.4582,14.0,82,5.4,66,911.5,1
2025-12-20,Lai_Chau,22.3964,103.4582,14.8,79,3.9,29,911.6,0
2025-12-21,Lai_Chau,22.3964,103.4582,14.5,80,5.5,43,913.9,0
2025-12-22,Lai_Chau,22.3964,103.4582,14.7,79,7.6,42,911.9,1
2025-12-23,Lai_Chau,22.3964,103.4582,15.8,77,3.1,42,910.7,1
2025-12-24,Lai_Chau,22.3964,103.4582,16.3,76,3.9,56,910.4,1
2025-12-25,Lai_Chau,22.3964,103.4582,15.3,70,5.4,64,913.4,1
2025-12-26,Lai_Chau,22.3964,103.4582,12.9,84,7.5,100,913.6,1
2025-12-27,Lai_Chau,22.3964,103.4582,13.6,85,7.4,96,913.0,1
2025-12-28,Lai_Chau,22.3964,103.4582,13.7,86,5.0,94,912.9,1
2025-12-29,Lai_Chau,22.3964,103.4582,15.0,82,3.7,66,911.1,1
2025-12-30,Lai_Chau,22.3964,103.4582,14.6,80,6.3,77,910.1,1
2025-12-31,Lai_Chau,22.3964,103.4582,15.0,80,5.8,41,908.1,1
