date,destination,latitude,longitude,temp,humidity,wind_speed,cloud_cover,pressure,rain
2020-01-01,Quang_Tri,16.75,107.2,23.1,89,23.8,84,1020.2,1
2020-01-02,Quang_Tri,16.75,107.2,23.0,87,16.5,82,1020.6,1
2020-01-03,Quang_Tri,16.75,107.2,23.1,86,19.5,95,1019.0,1
2020-01-04,Quang_Tri,16.75,107.2,22.6,84,20.9,78,1017.1,1
2020-01-05,Quang_Tri,16.75,107.2,22.6,84,19.1,47,1016.3,1
2020-01-06,Quang_Tri,16.75,107.2,22.2,86,13.3,19,1015.5,0
2020-01-07,Quang_Tri,16.75,107.2,22.8,88,15.7,57,1014.8,1
2020-01-08,Quang_Tri,16.75,107.2,23.6,86,17.6,80,1015.3,1
2020-01-09,Quang_Tri,16.75,107.2,23.5,84,18.0,57,1014.2,1
2020-01-10,Quang_Tri,16.75,107.2,22.5,86,16.7,29,1012.8,0
2020-01-11,Quang_Tri,16.75,107.2,22.9,87,14.6,61,1012.4,1
2020-01-12,Quang_Tri,16.75,107.2,22.4,90,13.1,70,1013.8,1
2020-01-13,Quang_Tri,16.75,107.2,22.7,84,21.4,36,1013.6,1
2020-01-14,Quang_Tri,16.75,107.2,22.2,78,23.1,15,1014.1,0
2020-01-15,Quang_Tri,16.75,107.2,22.2,79,16.2,1,1013.5,0
2020-01-16,Quang_Tri,16.75,107.2,21.8,87,14.1,23,1013.9,0
2020-01-17,Quang_Tri,16.75,107.2,23.0,85,15.5,33,1016.2,0
2020-01-18,Quang_Tri,16.75,107.2,22.8,81,17.5,12,1015.4,0
2020-01-19,Quang_Tri,16.75,107.2,22.5,78,21.0,3,1016.2,0
2020-01-20,Quang_Tri,16.75,107.2,22.4,77,19.9,46,1017.4,1
2020-01-21,Quang_Tri,16.75,107.2,22.7,75,19.8,40,1017.6,0
2020-01-22,Quang_Tri,16.75,107.2,22.6,81,15.3,44,1015.6,0
2020-01-23,Quang_Tri,16.75,107.2,22.9,88,13.4,59,1013.2,0
2020-01-24,Quang_Tri,16.75,107.2,24.5,85,17.3,93,1012.4,0
2020-01-25,Quang_Tri,16.75,107.2,24.3,84,16.2,92,1010.4,0
2020-01-26,Quang_Tri,16.75,107.2,19.9,87,28.6,99,1014.3,1
2020-01-27,Quang_Tri,16.75,107.2,18.6,91,16.9,100,1013.8,1
2020-01-28,Quang_Tri,16.75,107.2,18.7,92,14.8,100,1015.0,1
2020-01-29,Quang_Tri,16.75,107.2,19.2,92,17.5,100,1017.8,1
2020-01-30,Quang_Tri,16.75,107.2,18.6,81,17.2,100,1019.0,1
2020-01-31,Quang_Tri,16.75,107.2,19.6,79,17.7,66,1017.9,1
2020-02-01,Quang_Tri,16.75,107.2,20.9,76,22.1,48,1016.9,1
2020-02-02,Quang_Tri,16.75,107.2,21.0,80,17.3,1,1017.1,0
2020-02-03,Quang_Tri,16.75,107.2,21.4,84,18.2,20,1015.7,0
2020-02-04,Quang_Tri,16.75,107.2,22.0,83,18.0,51,1015.3,1
2020-02-05,Quang_Tri,16.75,107.2,22.1,81,19.1,25,1015.4,1
2020-02-06,Quang_Tri,16.75,107.2,21.9,81,14.1,19,1014.4,0
2020-02-07,Quang_Tri,16.75,107.2,21.4,86,15.9,58,1016.6,0
2020-02-08,Quang_Tri,16.75,107.2,22.5,83,20.6,48,1018.8,1
2020-02-09,Quang_Tri,16.75,107.2,22.1,80,25.9,58,1020.3,1
2020-02-10,Quang_Tri,16.75,107.2,21.1,85,16.3,89,1018.7,1
2020-02-11,Quang_Tri,16.75,107.2,22.3,89,17.5,39,1016.6,1
2020-02-12,Quang_Tri,16.75,107.2,23.7,88,11.9,43,1014.1,0
2020-02-13,Quang_Tri,16.75,107.2,25.0,90,12.6,65,1010.8,1
2020-02-14,Quang_Tri,16.75,107.2,25.8,87,12.6,67,1008.4,1
2020-02-15,Quang_Tri,16.75,107.2,26.3,83,16.5,32,1008.9,0
2020-02-16,Quang_Tri,16.75,107.2,21.5,85,26.0,84,1016.7,1
2020-02-17,Quang_Tri,16.75,107.2,19.0,86,21.3,100,1022.4,1
2020-02-18,Quang_Tri,16.75,107.2,19.1,91,18.9,100,1021.5,1
2020-02-19,Quang_Tri,16.75,107.2,21.1,86,17.0,65,1019.8,1
2020-02-20,Quang_Tri,16.75,107.2,21.7,84,19.5,52,1019.6,1
2020-02-21,Quang_Tri,16.75,107.2,21.5,83,21.3,53,1022.2,1
2020-02-22,Quang_Tri,16.75,107.2,21.5,86,19.0,66,1022.8,1
2020-02-23,Quang_Tri,16.75,107.2,20.9,86,17.8,37,1021.0,1
2020-02-24,Quang_Tri,16.75,107.2,20.6,85,16.3,19,1017.3,0
2020-02-25,Quang_Tri,16.75,107.2,20.9,87,14.8,54,1015.4,0
2020-02-26,Quang_Tri,16.75,107.2,22.3,89,18.4,35,1015.6,1
2020-02-27,Quang_Tri,16.75,107.2,23.1,86,18.3,69,1015.2,1
2020-02-28,Quang_Tri,16.75,107.2,23.1,86,18.2,80,1013.8,1
2020-02-29,Quang_Tri,16.75,107.2,23.3,89,15.6,55,1012.1,1
2020-03-01,Quang_Tri,16.75,107.2,24.2,89,12.2,49,1011.7,1
2020-03-02,Quang_Tri,16.75,107.2,24.5,87,20.3,61,1011.8,0
2020-03-03,Quang_Tri,16.75,107.2,24.6,84,20.0,61,1012.2,0
2020-03-04,Quang_Tri,16.75,107.2,24.6,85,20.3,59,1012.7,1
2020-03-05,Quang_Tri,16.75,107.2,23.4,87,13.7,98,1014.6,1
2020-03-06,Quang_Tri,16.75,107.2,22.2,89,10.5,92,1014.1,1
2020-03-07,Quang_Tri,16.75,107.2,25.2,84,14.6,64,1010.7,0
2020-03-08,Quang_Tri,16.75,107.2,26.4,83,13.8,30,1007.0,0
2020-03-09,Quang_Tri,16.75,107.2,27.5,74,13.9,3,1004.8,0
2020-03-10,Quang_Tri,16.75,107.2,24.5,83,23.0,46,1009.2,1
2020-03-11,Quang_Tri,16.75,107.2,23.8,87,10.4,93,1013.1,1
2020-03-12,Quang_Tri,16.75,107.2,25.8,86,11.1,34,1011.3,0
2020-03-13,Quang_Tri,16.75,107.2,26.8,86,13.6,38,1010.8,0
2020-03-14,Quang_Tri,16.75,107.2,25.3,88,16.5,72,1013.6,1
2020-03-15,Quang_Tri,16.75,107.2,24.3,89,14.7,98,1014.9,1
2020-03-16,Quang_Tri,16.75,107.2,25.5,85,19.9,55,1013.7,1
2020-03-17,Quang_Tri,16.75,107.2,25.5,85,20.9,70,1013.3,0
2020-03-18,Quang_Tri,16.75,107.2,25.7,83,14.9,48,1011.4,0
2020-03-19,Quang_Tri,16.75,107.2,25.8,87,9.0,77,1010.4,1
2020-03-20,Quang_Tri,16.75,107.2,25.2,90,14.0,60,1012.0,1
2020-03-21,Quang_Tri,16.75,107.2,26.4,85,14.6,43,1011.0,0
2020-03-22,Quang_Tri,16.75,107.2,26.4,83,13.5,20,1010.4,0
2020-03-23,Quang_Tri,16.75,107.2,25.8,83,14.3,34,1010.5,0
2020-03-24,Quang_Tri,16.75,107.2,25.5,83,17.0,40,1010.3,0
2020-03-25,Quang_Tri,16.75,107.2,26.7,79,18.6,32,1009.0,0
2020-03-26,Quang_Tri,16.75,107.2,27.3,81,14.8,18,1009.1,1
2020-03-27,Quang_Tri,16.75,107.2,28.5,78,15.9,35,1008.5,0
2020-03-28,Quang_Tri,16.75,107.2,28.5,79,10.4,48,1008.1,1
2020-03-29,Quang_Tri,16.75,107.2,28.1,79,15.1,11,1007.6,0
2020-03-30,Quang_Tri,16.75,107.2,29.3,75,13.8,17,1006.9,1
2020-03-31,Quang_Tri,16.75,107.2,29.1,77,15.1,9,1008.3,0
2020-04-01,Quang_Tri,16.75,107.2,27.2,83,16.6,72,1010.4,1
2020-04-02,Quang_Tri,16.75,107.2,27.3,79,19.1,44,1010.7,0
2020-04-03,Quang_Tri,16.75,107.2,27.5,79,17.4,37,1011.1,0
2020-04-04,Quang_Tri,16.75,107.2,27.3,82,20.5,45,1012.1,1
2020-04-05,Quang_Tri,16.75,107.2,26.0,83,20.2,62,1013.6,1
2020-04-06,Quang_Tri,16.75,107.2,24.1,79,22.7,100,1013.3,1
2020-04-07,Quang_Tri,16.75,107.2,23.7,84,18.7,100,1012.7,1
2020-04-08,Quang_Tri,16.75,107.2,23.9,81,18.0,88,1013.5,1
2020-04-09,Quang_Tri,16.75,107.2,24.1,89,19.1,96,1014.3,1
2020-04-10,Quang_Tri,16.75,107.2,25.3,88,17.0,83,1013.8,1
2020-04-11,Quang_Tri,16.75,107.2,26.3,85,15.0,78,1012.0,0
2020-04-12,Quang_Tri,16.75,107.2,24.6,90,29.3,92,1013.5,1
2020-04-13,Quang_Tri,16.75,107.2,21.6,84,19.1,100,1016.7,1
2020-04-14,Quang_Tri,16.75,107.2,22.0,86,13.4,99,1015.4,1
2020-04-15,Quang_Tri,16.75,107.2,23.3,87,15.1,77,1013.3,1
2020-04-16,Quang_Tri,16.75,107.2,24.8,88,15.3,87,1010.7,0
2020-04-17,Quang_Tri,16.75,107.2,25.6,88,17.3,89,1010.3,0
2020-04-18,Quang_Tri,16.75,107.2,26.2,89,12.5,89,1011.0,1
2020-04-19,Quang_Tri,16.75,107.2,27.4,85,14.5,31,1009.0,0
2020-04-20,Quang_Tri,16.75,107.2,27.8,86,13.4,61,1009.0,0
2020-04-21,Quang_Tri,16.75,107.2,28.3,84,13.2,63,1008.1,0
2020-04-22,Quang_Tri,16.75,107.2,26.7,89,11.7,80,1009.3,1
2020-04-23,Quang_Tri,16.75,107.2,26.0,90,18.9,97,1011.6,1
2020-04-24,Quang_Tri,16.75,107.2,24.2,91,28.4,99,1014.3,1
2020-04-25,Quang_Tri,16.75,107.2,22.0,93,21.8,100,1015.2,1
2020-04-26,Quang_Tri,16.75,107.2,22.7,94,21.8,100,1016.1,1
2020-04-27,Quang_Tri,16.75,107.2,22.4,90,20.8,99,1016.7,1
2020-04-28,Quang_Tri,16.75,107.2,23.4,83,14.5,77,1015.4,1
2020-04-29,Quang_Tri,16.75,107.2,24.5,85,15.9,59,1013.8,0
2020-04-30,Quang_Tri,16.75,107.2,25.4,88,14.8,68,1012.9,1
2020-05-01,Quang_Tri,16.75,107.2,26.2,88,14.5,35,1010.2,0
2020-05-02,Quang_Tri,16.75,107.2,26.5,89,13.5,52,1008.2,0
2020-05-03,Quang_Tri,16.75,107.2,27.9,86,14.4,61,1007.5,0
2020-05-04,Quang_Tri,16.75,107.2,28.5,87,10.8,74,1007.9,1
2020-05-05,Quang_Tri,16.75,107.2,28.8,84,15.2,56,1006.8,0
2020-05-06,Quang_Tri,16.75,107.2,29.8,81,14.0,53,1005.7,0
2020-05-07,Quang_Tri,16.75,107.2,30.0,80,15.5,39,1005.1,0
2020-05-08,Quang_Tri,16.75,107.2,31.3,74,16.2,48,1004.9,0
2020-05-09,Quang_Tri,16.75,107.2,31.3,75,16.3,41,1006.3,0
2020-05-10,Quang_Tri,16.75,107.2,30.2,80,16.0,36,1006.8,1
2020-05-11,Quang_Tri,16.75,107.2,30.0,80,14.5,66,1007.5,0
2020-05-12,Quang_Tri,16.75,107.2,28.6,82,14.2,67,1008.9,1
2020-05-13,Quang_Tri,16.75,107.2,28.4,84,14.1,32,1008.7,0
2020-05-14,Quang_Tri,16.75,107.2,28.2,84,12.4,51,1008.1,0
2020-05-15,Quang_Tri,16.75,107.2,29.5,80,12.1,50,1005.1,0
2020-05-16,Quang_Tri,16.75,107.2,30.0,75,13.8,50,1004.6,0
2020-05-17,Quang_Tri,16.75,107.2,30.7,74,12.5,57,1003.6,1
2020-05-18,Quang_Tri,16.75,107.2,30.1,72,15.1,45,1003.6,1
2020-05-19,Quang_Tri,16.75,107.2,30.7,73,20.3,60,1003.9,1
2020-05-20,Quang_Tri,16.75,107.2,31.2,69,16.7,88,1004.1,1
2020-05-21,Quang_Tri,16.75,107.2,32.3,65,22.8,97,1003.5,0
2020-05-22,Quang_Tri,16.75,107.2,32.6,63,19.5,98,1003.6,0
2020-05-23,Quang_Tri,16.75,107.2,30.5,77,12.1,96,1005.4,1
2020-05-24,Quang_Tri,16.75,107.2,30.4,72,18.7,97,1007.2,0
2020-05-25,Quang_Tri,16.75,107.2,31.3,69,17.8,55,1007.6,0
2020-05-26,Quang_Tri,16.75,107.2,32.4,58,20.5,87,1007.2,0
2020-05-27,Quang_Tri,16.75,107.2,30.0,72,14.4,69,1008.5,1
2020-05-28,Quang_Tri,16.75,107.2,27.5,86,11.4,96,1009.0,1
2020-05-29,Quang_Tri,16.75,107.2,29.0,80,12.2,68,1008.2,1
2020-05-30,Quang_Tri,16.75,107.2,29.8,73,18.0,74,1009.3,0
2020-05-31,Quang_Tri,16.75,107.2,29.8,75,14.2,56,1009.2,1
2020-06-01,Quang_Tri,16.75,107.2,30.2,73,10.0,59,1008.5,1
2020-06-02,Quang_Tri,16.75,107.2,30.2,72,23.3,47,1007.4,1
2020-06-03,Quang_Tri,16.75,107.2,30.2,68,13.3,48,1006.3,1
2020-06-04,Quang_Tri,16.75,107.2,30.9,68,16.0,65,1005.8,1
2020-06-05,Quang_Tri,16.75,107.2,31.5,64,17.4,83,1005.6,1
2020-06-06,Quang_Tri,16.75,107.2,31.8,61,20.1,63,1005.5,1
2020-06-07,Quang_Tri,16.75,107.2,33.0,52,23.3,84,1004.3,0
2020-06-08,Quang_Tri,16.75,107.2,33.0,54,21.6,89,1004.3,0
2020-06-09,Quang_Tri,16.75,107.2,32.6,58,17.1,90,1005.2,1
2020-06-10,Quang_Tri,16.75,107.2,31.7,65,14.3,90,1006.0,1
2020-06-11,Quang_Tri,16.75,107.2,31.5,65,14.0,89,1005.2,1
2020-06-12,Quang_Tri,16.75,107.2,31.9,64,20.7,33,1003.1,1
2020-06-13,Quang_Tri,16.75,107.2,32.2,63,14.1,76,1002.1,1
2020-06-14,Quang_Tri,16.75,107.2,30.9,67,19.0,99,1004.4,1
2020-06-15,Quang_Tri,16.75,107.2,29.7,71,13.4,96,1007.0,1
2020-06-16,Quang_Tri,16.75,107.2,28.9,74,8.6,89,1007.0,1
2020-06-17,Quang_Tri,16.75,107.2,29.0,72,20.1,91,1006.5,1
2020-06-18,Quang_Tri,16.75,107.2,30.4,64,19.0,35,1005.9,1
2020-06-19,Quang_Tri,16.75,107.2,30.9,64,20.8,39,1006.1,1
2020-06-20,Quang_Tri,16.75,107.2,31.0,67,18.4,52,1005.9,1
2020-06-21,Quang_Tri,16.75,107.2,32.2,64,14.5,16,1004.2,1
2020-06-22,Quang_Tri,16.75,107.2,32.6,59,18.9,18,1003.9,1
2020-06-23,Quang_Tri,16.75,107.2,33.5,55,18.4,58,1005.1,0
2020-06-24,Quang_Tri,16.75,107.2,34.2,53,16.5,83,1004.5,0
2020-06-25,Quang_Tri,16.75,107.2,33.4,56,17.8,94,1003.9,1
2020-06-26,Quang_Tri,16.75,107.2,32.6,58,19.4,65,1004.8,1
2020-06-27,Quang_Tri,16.75,107.2,31.5,63,18.1,37,1005.5,1
2020-06-28,Quang_Tri,16.75,107.2,31.1,66,17.7,50,1004.9,1
2020-06-29,Quang_Tri,16.75,107.2,30.9,68,18.1,60,1004.4,1
2020-06-30,Quang_Tri,16.75,107.2,31.8,58,23.4,81,1003.4,1
2020-07-01,Quang_Tri,16.75,107.2,31.3,59,23.6,88,1002.8,0
2020-07-02,Quang_Tri,16.75,107.2,31.0,64,21.1,86,1002.6,1
2020-07-03,Quang_Tri,16.75,107.2,29.2,76,16.4,88,1005.0,1
2020-07-04,Quang_Tri,16.75,107.2,29.4,76,17.4,89,1006.3,1
2020-07-05,Quang_Tri,16.75,107.2,30.0,69,18.3,40,1005.0,1
2020-07-06,Quang_Tri,16.75,107.2,30.8,69,15.6,22,1004.5,1
2020-07-07,Quang_Tri,16.75,107.2,31.2,69,17.6,40,1006.5,1
2020-07-08,Quang_Tri,16.75,107.2,32.2,62,16.6,69,1006.2,1
2020-07-09,Quang_Tri,16.75,107.2,33.8,50,22.1,97,1003.5,0
2020-07-10,Quang_Tri,16.75,107.2,34.3,49,18.9,93,1003.6,0
2020-07-11,Quang_Tri,16.75,107.2,33.4,52,21.3,96,1004.5,0
2020-07-12,Quang_Tri,16.75,107.2,31.4,63,15.9,33,1004.6,1
2020-07-13,Quang_Tri,16.75,107.2,30.3,72,13.7,25,1005.5,1
2020-07-14,Quang_Tri,16.75,107.2,30.6,70,14.3,37,1006.1,1
2020-07-15,Quang_Tri,16.75,107.2,30.5,70,11.5,49,1005.4,1
2020-07-16,Quang_Tri,16.75,107.2,31.0,67,15.0,26,1005.0,1
2020-07-17,Quang_Tri,16.75,107.2,31.3,64,16.6,29,1005.8,1
2020-07-18,Quang_Tri,16.75,107.2,32.1,64,16.9,31,1006.0,1
2020-07-19,Quang_Tri,16.75,107.2,32.1,61,18.0,55,1005.2,1
2020-07-20,Quang_Tri,16.75,107.2,31.2,66,16.9,98,1005.9,0
2020-07-21,Quang_Tri,16.75,107.2,30.5,71,21.6,42,1007.2,1
2020-07-22,Quang_Tri,16.75,107.2,29.6,76,14.7,35,1007.0,1
2020-07-23,Quang_Tri,16.75,107.2,29.7,76,14.6,19,1007.1,1
2020-07-24,Quang_Tri,16.75,107.2,29.8,73,13.3,46,1007.1,1
2020-07-25,Quang_Tri,16.75,107.2,30.1,71,15.4,23,1006.5,1
2020-07-26,Quang_Tri,16.75,107.2,31.2,69,13.9,34,1005.6,1
2020-07-27,Quang_Tri,16.75,107.2,31.3,64,17.4,75,1004.6,1
2020-07-28,Quang_Tri,16.75,107.2,30.8,67,15.5,62,1005.6,1
2020-07-29,Quang_Tri,16.75,107.2,31.6,63,15.0,59,1005.4,1
2020-07-30,Quang_Tri,16.75,107.2,31.1,67,16.5,71,1004.5,1
2020-07-31,Quang_Tri,16.75,107.2,28.2,81,17.1,99,1002.1,1
2020-08-01,Quang_Tri,16.75,107.2,26.0,88,26.9,100,997.9,1
2020-08-02,Quang_Tri,16.75,107.2,28.0,82,21.8,100,998.0,1
2020-08-03,Quang_Tri,16.75,107.2,28.8,81,15.7,99,1000.6,1
2020-08-04,Quang_Tri,16.75,107.2,28.9,78,13.3,100,1002.0,1
2020-08-05,Quang_Tri,16.75,107.2,28.6,79,13.3,93,1004.5,1
2020-08-06,Quang_Tri,16.75,107.2,28.4,84,9.4,88,1006.0,1
2020-08-07,Quang_Tri,16.75,107.2,28.4,83,15.6,44,1005.3,1
2020-08-08,Quang_Tri,16.75,107.2,28.5,83,9.9,19,1004.4,1
2020-08-09,Quang_Tri,16.75,107.2,29.0,79,17.6,22,1003.6,1
2020-08-10,Quang_Tri,16.75,107.2,30.0,69,24.3,25,1003.7,0
2020-08-11,Quang_Tri,16.75,107.2,30.1,70,21.5,72,1004.3,1
2020-08-12,Quang_Tri,16.75,107.2,29.0,77,17.4,76,1005.8,1
2020-08-13,Quang_Tri,16.75,107.2,27.4,88,13.7,99,1006.8,1
2020-08-14,Quang_Tri,16.75,107.2,27.0,86,10.6,100,1007.2,1
2020-08-15,Quang_Tri,16.75,107.2,28.1,77,18.0,97,1007.0,1
2020-08-16,Quang_Tri,16.75,107.2,28.7,72,18.2,90,1006.3,1
2020-08-17,Quang_Tri,16.75,107.2,28.6,75,21.0,95,1005.7,1
2020-08-18,Quang_Tri,16.75,107.2,28.1,78,9.4,83,1005.2,1
2020-08-19,Quang_Tri,16.75,107.2,29.1,75,17.5,88,1004.7,1
2020-08-20,Quang_Tri,16.75,107.2,28.3,78,12.0,92,1006.1,1
2020-08-21,Quang_Tri,16.75,107.2,27.8,83,12.6,88,1007.4,1
2020-08-22,Quang_Tri,16.75,107.2,27.7,84,9.4,91,1007.4,1
2020-08-23,Quang_Tri,16.75,107.2,28.0,83,12.7,91,1007.1,1
2020-08-24,Quang_Tri,16.75,107.2,29.8,72,21.3,89,1006.3,1
2020-08-25,Quang_Tri,16.75,107.2,30.9,65,25.6,64,1005.0,1
2020-08-26,Quang_Tri,16.75,107.2,31.5,60,28.1,73,1003.4,1
2020-08-27,Quang_Tri,16.75,107.2,29.3,68,26.0,99,1002.4,1
2020-08-28,Quang_Tri,16.75,107.2,31.4,59,22.2,67,1002.4,0
2020-08-29,Quang_Tri,16.75,107.2,30.8,64,14.7,65,1003.8,1
2020-08-30,Quang_Tri,16.75,107.2,30.9,63,14.7,27,1004.5,1
2020-08-31,Quang_Tri,16.75,107.2,30.3,69,15.0,13,1005.9,1
2020-09-01,Quang_Tri,16.75,107.2,29.6,75,17.4,34,1006.4,1
2020-09-02,Quang_Tri,16.75,107.2,30.5,71,16.8,35,1006.7,1
2020-09-03,Quang_Tri,16.75,107.2,30.6,70,17.3,63,1007.4,1
2020-09-04,Quang_Tri,16.75,107.2,30.7,68,15.3,87,1007.1,1
2020-09-05,Quang_Tri,16.75,107.2,31.3,66,12.6,68,1005.7,1
2020-09-06,Quang_Tri,16.75,107.2,32.2,62,22.1,83,1004.5,1
2020-09-07,Quang_Tri,16.75,107.2,32.3,58,20.4,95,1005.2,1
2020-09-08,Quang_Tri,16.75,107.2,31.1,64,14.7,98,1007.6,1
2020-09-09,Quang_Tri,16.75,107.2,30.6,71,13.0,94,1007.7,1
2020-09-10,Quang_Tri,16.75,107.2,30.2,73,14.7,78,1005.4,1
2020-09-11,Quang_Tri,16.75,107.2,30.3,71,12.5,45,1006.4,1
2020-09-12,Quang_Tri,16.75,107.2,30.0,73,14.7,77,1008.5,1
2020-09-13,Quang_Tri,16.75,107.2,30.2,72,17.8,69,1008.8,0
2020-09-14,Quang_Tri,16.75,107.2,30.3,72,17.1,74,1007.7,1
2020-09-15,Quang_Tri,16.75,107.2,30.6,67,15.6,44,1007.1,1
2020-09-16,Quang_Tri,16.75,107.2,31.1,64,13.8,88,1005.9,1
2020-09-17,Quang_Tri,16.75,107.2,29.2,76,13.7,100,1003.4,1
2020-09-18,Quang_Tri,16.75,107.2,27.5,87,38.4,100,997.9,1
2020-09-19,Quang_Tri,16.75,107.2,27.0,84,7.7,99,1005.0,1
2020-09-20,Quang_Tri,16.75,107.2,27.0,89,9.2,100,1008.9,1
2020-09-21,Quang_Tri,16.75,107.2,26.7,93,5.8,90,1009.0,1
2020-09-22,Quang_Tri,16.75,107.2,28.4,84,10.7,39,1008.1,1
2020-09-23,Quang_Tri,16.75,107.2,28.4,82,14.9,83,1008.2,1
2020-09-24,Quang_Tri,16.75,107.2,28.1,83,11.8,69,1009.1,1
2020-09-25,Quang_Tri,16.75,107.2,28.8,79,14.1,66,1007.9,1
2020-09-26,Quang_Tri,16.75,107.2,29.2,77,12.1,76,1006.7,1
2020-09-27,Quang_Tri,16.75,107.2,28.6,78,18.0,72,1006.7,1
2020-09-28,Quang_Tri,16.75,107.2,27.9,85,15.4,96,1006.7,1
2020-09-29,Quang_Tri,16.75,107.2,27.8,86,11.7,93,1006.6,1
2020-09-30,Quang_Tri,16.75,107.2,28.2,82,10.2,61,1005.7,1
2020-10-01,Quang_Tri,16.75,107.2,27.7,85,14.6,76,1005.9,1
2020-10-02,Quang_Tri,16.75,107.2,27.8,86,16.0,85,1006.7,1
2020-10-03,Quang_Tri,16.75,107.2,27.2,88,11.9,95,1007.9,1
2020-10-04,Quang_Tri,16.75,107.2,27.5,88,12.0,92,1008.4,1
2020-10-05,Quang_Tri,16.75,107.2,27.0,88,14.8,49,1008.6,1
2020-10-06,Quang_Tri,16.75,107.2,25.8,92,19.4,70,1009.4,1
2020-10-07,Quang_Tri,16.75,107.2,25.8,93,36.9,100,1008.3,1
2020-10-08,Quang_Tri,16.75,107.2,25.7,92,34.8,100,1008.2,1
2020-10-09,Quang_Tri,16.75,107.2,25.5,91,37.5,100,1009.2,1
2020-10-10,Quang_Tri,16.75,107.2,25.4,87,24.2,100,1009.4,1
2020-10-11,Quang_Tri,16.75,107.2,24.9,88,28.8,100,1006.6,1
2020-10-12,Quang_Tri,16.75,107.2,25.2,92,32.2,100,1004.4,1
2020-10-13,Quang_Tri,16.75,107.2,25.5,88,21.3,100,1005.1,1
2020-10-14,Quang_Tri,16.75,107.2,25.5,84,14.4,98,1005.6,1
2020-10-15,Quang_Tri,16.75,107.2,25.3,93,14.3,98,1006.6,1
2020-10-16,Quang_Tri,16.75,107.2,25.5,93,33.7,99,1006.2,1
2020-10-17,Quang_Tri,16.75,107.2,25.5,93,35.6,100,1005.8,1
2020-10-18,Quang_Tri,16.75,107.2,24.8,93,17.6,100,1007.1,1
2020-10-19,Quang_Tri,16.75,107.2,22.7,88,20.5,100,1009.4,1
2020-10-20,Quang_Tri,16.75,107.2,23.4,94,22.5,100,1011.0,1
2020-10-21,Quang_Tri,16.75,107.2,24.5,81,28.2,88,1012.6,1
2020-10-22,Quang_Tri,16.75,107.2,23.4,73,23.2,100,1012.0,1
2020-10-23,Quang_Tri,16.75,107.2,24.2,68,21.0,99,1011.8,1
2020-10-24,Quang_Tri,16.75,107.2,23.9,71,18.4,98,1012.0,1
2020-10-25,Quang_Tri,16.75,107.2,21.6,86,21.4,99,1009.9,1
2020-10-26,Quang_Tri,16.75,107.2,24.3,83,14.3,87,1009.9,1
2020-10-27,Quang_Tri,16.75,107.2,25.1,84,20.2,100,1009.5,1
2020-10-28,Quang_Tri,16.75,107.2,24.7,90,48.3,99,1002.8,1
2020-10-29,Quang_Tri,16.75,107.2,26.7,83,24.4,80,1006.4,1
2020-10-30,Quang_Tri,16.75,107.2,25.8,90,17.6,73,1012.7,1
2020-10-31,Quang_Tri,16.75,107.2,25.3,90,20.9,77,1013.7,1
2020-11-01,Quang_Tri,16.75,107.2,25.5,81,15.1,75,1013.8,1
2020-11-02,Quang_Tri,16.75,107.2,24.7,86,13.6,76,1014.3,1
2020-11-03,Quang_Tri,16.75,107.2,24.2,85,16.0,86,1015.1,1
2020-11-04,Quang_Tri,16.75,107.2,23.9,83,16.6,99,1014.5,1
2020-11-05,Quang_Tri,16.75,107.2,23.6,89,14.0,100,1014.2,1
2020-11-06,Quang_Tri,16.75,107.2,24.4,92,23.2,99,1013.9,1
2020-11-07,Quang_Tri,16.75,107.2,24.1,87,22.3,78,1016.1,1
2020-11-08,Quang_Tri,16.75,107.2,24.6,79,23.6,55,1016.0,1
2020-11-09,Quang_Tri,16.75,107.2,24.8,72,24.8,97,1014.8,1
2020-11-10,Quang_Tri,16.75,107.2,23.2,84,28.2,100,1014.2,1
2020-11-11,Quang_Tri,16.75,107.2,23.2,92,28.4,100,1014.9,1
2020-11-12,Quang_Tri,16.75,107.2,24.1,79,23.9,85,1016.4,1
2020-11-13,Quang_Tri,16.75,107.2,23.9,72,22.7,69,1014.7,0
2020-11-14,Quang_Tri,16.75,107.2,22.9,81,33.0,100,1012.2,1
2020-11-15,Quang_Tri,16.75,107.2,21.8,91,50.3,97,1009.0,1
2020-11-16,Quang_Tri,16.75,107.2,23.8,91,15.1,64,1013.8,1
2020-11-17,Quang_Tri,16.75,107.2,25.2,87,17.0,56,1012.3,1
2020-11-18,Quang_Tri,16.75,107.2,24.9,91,13.5,35,1010.9,1
2020-11-19,Quang_Tri,16.75,107.2,25.3,91,13.4,56,1010.2,1
2020-11-20,Quang_Tri,16.75,107.2,25.3,91,14.7,54,1010.9,1
2020-11-21,Quang_Tri,16.75,107.2,25.3,88,14.0,43,1011.5,0
2020-11-22,Quang_Tri,16.75,107.2,24.9,88,14.1,31,1014.0,1
2020-11-23,Quang_Tri,16.75,107.2,24.6,89,19.4,68,1015.3,1
2020-11-24,Quang_Tri,16.75,107.2,24.3,90,17.0,79,1015.3,1
2020-11-25,Quang_Tri,16.75,107.2,24.1,88,18.3,71,1015.2,1
2020-11-26,Quang_Tri,16.75,107.2,23.7,92,18.8,90,1016.1,1
2020-11-27,Quang_Tri,16.75,107.2,23.9,86,26.1,60,1016.9,1
2020-11-28,Quang_Tri,16.75,107.2,22.6,91,20.1,98,1017.6,1
2020-11-29,Quang_Tri,16.75,107.2,21.9,88,23.7,100,1017.9,1
2020-11-30,Quang_Tri,16.75,107.2,21.6,87,24.1,100,1018.1,1
2020-12-01,Quang_Tri,16.75,107.2,21.8,91,21.4,100,1017.9,1
2020-12-02,Quang_Tri,16.75,107.2,22.5,83,19.6,97,1017.3,1
2020-12-03,Quang_Tri,16.75,107.2,21.5,85,18.1,92,1017.8,1
2020-12-04,Quang_Tri,16.75,107.2,20.5,77,24.2,79,1018.1,1
2020-12-05,Quang_Tri,16.75,107.2,19.8,83,18.9,100,1018.9,1
2020-12-06,Quang_Tri,16.75,107.2,19.5,89,10.7,99,1018.3,1
2020-12-07,Quang_Tri,16.75,107.2,20.5,92,11.4,90,1018.2,1
2020-12-08,Quang_Tri,16.75,107.2,20.7,89,19.8,100,1018.0,1
2020-12-09,Quang_Tri,16.75,107.2,20.8,82,13.0,100,1015.8,1
2020-12-10,Quang_Tri,16.75,107.2,21.0,91,16.3,98,1014.7,1
2020-12-11,Quang_Tri,16.75,107.2,21.8,90,14.5,100,1014.1,1
2020-12-12,Quang_Tri,16.75,107.2,22.5,93,7.9,89,1012.4,1
2020-12-13,Quang_Tri,16.75,107.2,23.8,91,15.1,80,1010.8,1
2020-12-14,Quang_Tri,16.75,107.2,24.3,93,13.5,79,1012.6,1
2020-12-15,Quang_Tri,16.75,107.2,23.3,91,19.1,98,1016.2,1
2020-12-16,Quang_Tri,16.75,107.2,21.9,89,20.6,99,1018.3,1
2020-12-17,Quang_Tri,16.75,107.2,20.1,94,12.5,100,1017.8,1
2020-12-18,Quang_Tri,16.75,107.2,19.5,93,21.4,100,1018.1,1
2020-12-19,Quang_Tri,16.75,107.2,18.7,89,24.5,100,1020.4,1
2020-12-20,Quang_Tri,16.75,107.2,18.1,86,27.8,100,1021.1,1
2020-12-21,Quang_Tri,16.75,107.2,18.0,81,23.8,100,1019.8,1
2020-12-22,Quang_Tri,16.75,107.2,18.7,84,17.0,100,1017.4,1
2020-12-23,Quang_Tri,16.75,107.2,18.6,87,15.3,100,1015.1,1
2020-12-24,Quang_Tri,16.75,107.2,19.8,93,16.2,100,1014.9,1
2020-12-25,Quang_Tri,16.75,107.2,20.1,92,15.5,100,1015.5,1
2020-12-26,Quang_Tri,16.75,107.2,21.0,91,11.0,81,1014.5,1
2020-12-27,Quang_Tri,16.75,107.2,22.4,91,15.4,56,1013.0,1
2020-12-28,Quang_Tri,16.75,107.2,22.4,89,15.2,41,1012.0,0
2020-12-29,Quang_Tri,16.75,107.2,21.9,90,11.9,51,1012.6,1
2020-12-30,Quang_Tri,16.75,107.2,21.1,84,34.5,84,1018.0,1
2020-12-31,Quang_Tri,16.75,107.2,18.0,83,27.2,97,1021.5,1
2021-01-01,Quang_Tri,16.75,107.2,17.4,82,21.3,99,1021.4,1
2021-01-02,Quang_Tri,16.75,107.2,18.0,82,8.9,99,1019.4,1
2021-01-03,Quang_Tri,16.75,107.2,18.5,90,11.2,89,1018.2,1
2021-01-04,Quang_Tri,16.75,107.2,19.7,86,16.6,100,1018.1,1
2021-01-05,Quang_Tri,16.75,107.2,18.9,90,15.6,100,1017.6,1
2021-01-06,Quang_Tri,16.75,107.2,20.7,94,14.8,99,1015.9,1
2021-01-07,Quang_Tri,16.75,107.2,19.8,92,19.8,100,1015.4,1
2021-01-08,Quang_Tri,16.75,107.2,18.3,90,24.9,100,1018.9,1
2021-01-09,Quang_Tri,16.75,107.2,15.6,91,18.8,100,1020.3,1
2021-01-10,Quang_Tri,16.75,107.2,14.4,91,16.6,100,1019.8,1
2021-01-11,Quang_Tri,16.75,107.2,14.5,88,23.9,100,1023.3,1
2021-01-12,Quang_Tri,16.75,107.2,15.1,71,22.0,100,1023.1,1
2021-01-13,Quang_Tri,16.75,107.2,16.3,73,11.7,78,1017.9,0
2021-01-14,Quang_Tri,16.75,107.2,17.8,84,13.7,84,1015.9,0
2021-01-15,Quang_Tri,16.75,107.2,18.6,89,13.2,72,1013.9,1
2021-01-16,Quang_Tri,16.75,107.2,19.9,87,13.9,41,1014.1,1
2021-01-17,Quang_Tri,16.75,107.2,19.7,87,28.2,86,1019.3,1
2021-01-18,Quang_Tri,16.75,107.2,16.8,81,27.4,97,1021.6,1
2021-01-19,Quang_Tri,16.75,107.2,17.4,85,10.8,89,1017.6,1
2021-01-20,Quang_Tri,16.75,107.2,18.4,88,12.7,55,1015.3,0
2021-01-21,Quang_Tri,16.75,107.2,20.1,91,13.4,88,1014.2,1
2021-01-22,Quang_Tri,16.75,107.2,20.5,88,17.6,96,1014.0,1
2021-01-23,Quang_Tri,16.75,107.2,19.6,86,11.0,92,1014.2,0
2021-01-24,Quang_Tri,16.75,107.2,21.4,86,15.7,46,1013.3,0
2021-01-25,Quang_Tri,16.75,107.2,20.8,90,14.1,55,1013.6,0
2021-01-26,Quang_Tri,16.75,107.2,21.0,90,17.6,56,1014.8,1
2021-01-27,Quang_Tri,16.75,107.2,21.4,90,18.0,83,1014.6,1
2021-01-28,Quang_Tri,16.75,107.2,21.6,85,20.3,73,1017.9,1
2021-01-29,Quang_Tri,16.75,107.2,20.6,81,20.9,66,1018.5,1
2021-01-30,Quang_Tri,16.75,107.2,20.3,84,20.3,60,1017.4,1
2021-01-31,Quang_Tri,16.75,107.2,21.2,86,20.2,57,1017.3,1
2021-02-01,Quang_Tri,16.75,107.2,21.1,86,15.6,54,1017.0,1
2021-02-02,Quang_Tri,16.75,107.2,21.4,87,15.9,54,1017.5,1
2021-02-03,Quang_Tri,16.75,107.2,21.3,87,21.0,40,1017.7,1
2021-02-04,Quang_Tri,16.75,107.2,20.7,89,18.1,70,1018.3,1
2021-02-05,Quang_Tri,16.75,107.2,21.3,86,15.2,35,1017.0,1
2021-02-06,Quang_Tri,16.75,107.2,21.2,87,17.1,71,1015.7,1
2021-02-07,Quang_Tri,16.75,107.2,22.0,86,16.2,57,1014.8,1
2021-02-08,Quang_Tri,16.75,107.2,22.7,87,19.2,72,1014.6,1
2021-02-09,Quang_Tri,16.75,107.2,21.3,90,29.5,94,1013.4,1
2021-02-10,Quang_Tri,16.75,107.2,18.4,89,18.9,83,1014.8,1
2021-02-11,Quang_Tri,16.75,107.2,18.0,83,12.4,36,1015.5,0
2021-02-12,Quang_Tri,16.75,107.2,18.1,82,12.2,36,1016.3,0
2021-02-13,Quang_Tri,16.75,107.2,18.6,85,11.2,35,1016.0,1
2021-02-14,Quang_Tri,16.75,107.2,19.6,86,11.7,47,1015.9,1
2021-02-15,Quang_Tri,16.75,107.2,19.9,85,15.9,5,1013.4,0
2021-02-16,Quang_Tri,16.75,107.2,20.1,87,16.0,41,1013.5,0
2021-02-17,Quang_Tri,16.75,107.2,21.2,86,14.6,21,1017.4,1
2021-02-18,Quang_Tri,16.75,107.2,21.3,83,23.1,42,1020.3,1
2021-02-19,Quang_Tri,16.75,107.2,20.9,80,19.4,43,1020.7,1
2021-02-20,Quang_Tri,16.75,107.2,19.9,79,17.5,50,1018.6,0
2021-02-21,Quang_Tri,16.75,107.2,20.0,81,16.2,51,1015.6,0
2021-02-22,Quang_Tri,16.75,107.2,20.1,86,14.2,30,1013.9,0
2021-02-23,Quang_Tri,16.75,107.2,20.5,86,13.3,39,1013.6,0
2021-02-24,Quang_Tri,16.75,107.2,21.7,82,15.1,47,1010.9,0
2021-02-25,Quang_Tri,16.75,107.2,23.0,84,13.5,40,1007.4,0
2021-02-26,Quang_Tri,16.75,107.2,24.7,84,14.4,30,1005.6,0
2021-02-27,Quang_Tri,16.75,107.2,24.1,87,13.0,65,1008.7,0
2021-02-28,Quang_Tri,16.75,107.2,25.1,85,19.5,49,1010.3,0
2021-03-01,Quang_Tri,16.75,107.2,25.2,87,12.1,45,1012.4,0
2021-03-02,Quang_Tri,16.75,107.2,23.7,91,18.2,95,1015.2,1
2021-03-03,Quang_Tri,16.75,107.2,22.7,90,16.0,89,1015.6,1
2021-03-04,Quang_Tri,16.75,107.2,23.2,89,11.4,88,1014.7,1
2021-03-05,Quang_Tri,16.75,107.2,25.0,87,11.3,41,1011.9,0
2021-03-06,Quang_Tri,16.75,107.2,25.7,86,10.6,39,1012.2,0
2021-03-07,Quang_Tri,16.75,107.2,24.5,91,16.6,41,1014.3,1
2021-03-08,Quang_Tri,16.75,107.2,24.3,89,15.7,63,1015.1,1
2021-03-09,Quang_Tri,16.75,107.2,24.4,85,20.9,34,1014.7,0
2021-03-10,Quang_Tri,16.75,107.2,24.7,83,18.4,60,1014.6,1
2021-03-11,Quang_Tri,16.75,107.2,24.4,86,18.0,48,1015.3,1
2021-03-12,Quang_Tri,16.75,107.2,24.3,86,17.3,40,1015.8,1
2021-03-13,Quang_Tri,16.75,107.2,24.1,85,16.9,43,1015.5,1
2021-03-14,Quang_Tri,16.75,107.2,24.2,83,18.0,39,1013.1,1
2021-03-15,Quang_Tri,16.75,107.2,24.4,82,16.9,14,1010.7,0
2021-03-16,Quang_Tri,16.75,107.2,24.8,84,18.8,35,1010.2,0
2021-03-17,Quang_Tri,16.75,107.2,25.1,83,16.0,72,1010.0,0
2021-03-18,Quang_Tri,16.75,107.2,25.0,84,15.2,95,1009.5,0
2021-03-19,Quang_Tri,16.75,107.2,25.9,83,17.4,48,1008.5,0
2021-03-20,Quang_Tri,16.75,107.2,26.1,84,18.7,50,1007.3,0
2021-03-21,Quang_Tri,16.75,107.2,26.0,85,22.1,84,1010.9,1
2021-03-22,Quang_Tri,16.75,107.2,21.2,90,26.3,100,1018.4,1
2021-03-23,Quang_Tri,16.75,107.2,21.1,90,18.0,99,1017.6,1
2021-03-24,Quang_Tri,16.75,107.2,22.5,90,12.8,88,1013.9,1
2021-03-25,Quang_Tri,16.75,107.2,24.3,86,18.5,57,1012.1,1
2021-03-26,Quang_Tri,16.75,107.2,25.2,87,19.5,47,1010.5,0
2021-03-27,Quang_Tri,16.75,107.2,25.5,89,14.8,73,1008.3,0
2021-03-28,Quang_Tri,16.75,107.2,26.4,88,13.0,85,1007.1,0
2021-03-29,Quang_Tri,16.75,107.2,27.8,85,12.3,63,1005.0,0
2021-03-30,Quang_Tri,16.75,107.2,29.0,78,12.8,11,1003.3,0
2021-03-31,Quang_Tri,16.75,107.2,28.9,79,13.3,24,1002.7,0
2021-04-01,Quang_Tri,16.75,107.2,29.3,77,15.8,18,1003.3,0
2021-04-02,Quang_Tri,16.75,107.2,28.4,81,15.8,77,1005.7,1
2021-04-03,Quang_Tri,16.75,107.2,27.1,85,16.2,67,1007.7,0
2021-04-04,Quang_Tri,16.75,107.2,25.8,85,19.8,33,1010.3,1
2021-04-05,Quang_Tri,16.75,107.2,25.7,84,19.5,40,1012.9,0
2021-04-06,Quang_Tri,16.75,107.2,25.8,85,17.2,24,1013.4,1
2021-04-07,Quang_Tri,16.75,107.2,26.1,83,17.7,23,1012.1,1
2021-04-08,Quang_Tri,16.75,107.2,26.5,82,17.1,29,1010.4,0
2021-04-09,Quang_Tri,16.75,107.2,26.3,81,17.7,21,1011.6,1
2021-04-10,Quang_Tri,16.75,107.2,25.8,82,18.4,50,1013.6,1
2021-04-11,Quang_Tri,16.75,107.2,26.4,80,20.9,32,1013.8,0
2021-04-12,Quang_Tri,16.75,107.2,26.4,82,18.3,55,1012.9,0
2021-04-13,Quang_Tri,16.75,107.2,26.8,81,17.7,51,1011.3,0
2021-04-14,Quang_Tri,16.75,107.2,27.1,81,15.0,54,1009.7,0
2021-04-15,Quang_Tri,16.75,107.2,27.3,82,13.4,94,1008.8,1
2021-04-16,Quang_Tri,16.75,107.2,27.3,83,16.2,54,1009.2,0
2021-04-17,Quang_Tri,16.75,107.2,26.8,83,14.6,84,1011.8,1
2021-04-18,Quang_Tri,16.75,107.2,26.9,79,15.3,34,1011.2,0
2021-04-19,Quang_Tri,16.75,107.2,27.6,77,12.1,71,1008.6,1
2021-04-20,Quang_Tri,16.75,107.2,28.1,78,12.7,82,1008.0,1
2021-04-21,Quang_Tri,16.75,107.2,28.2,79,15.6,62,1008.3,1
2021-04-22,Quang_Tri,16.75,107.2,28.7,76,15.2,81,1007.4,1
2021-04-23,Quang_Tri,16.75,107.2,29.3,74,16.3,49,1005.9,1
2021-04-24,Quang_Tri,16.75,107.2,29.8,74,18.8,36,1005.9,1
2021-04-25,Quang_Tri,16.75,107.2,30.0,75,15.7,60,1007.2,1
2021-04-26,Quang_Tri,16.75,107.2,29.5,76,14.1,89,1007.9,1
2021-04-27,Quang_Tri,16.75,107.2,27.5,84,13.4,87,1010.8,1
2021-04-28,Quang_Tri,16.75,107.2,27.5,81,18.1,58,1012.2,1
2021-04-29,Quang_Tri,16.75,107.2,25.7,86,17.1,78,1012.6,1
2021-04-30,Quang_Tri,16.75,107.2,25.5,82,15.1,86,1011.7,1
2021-05-01,Quang_Tri,16.75,107.2,27.5,80,12.7,52,1010.7,1
2021-05-02,Quang_Tri,16.75,107.2,28.6,78,11.9,80,1009.9,1
2021-05-03,Quang_Tri,16.75,107.2,29.5,74,13.6,81,1008.0,1
2021-05-04,Quang_Tri,16.75,107.2,29.9,70,15.2,76,1007.5,0
2021-05-05,Quang_Tri,16.75,107.2,28.9,77,19.9,49,1009.0,1
2021-05-06,Quang_Tri,16.75,107.2,28.6,78,19.7,69,1011.8,1
2021-05-07,Quang_Tri,16.75,107.2,28.3,74,19.5,77,1011.2,0
2021-05-08,Quang_Tri,16.75,107.2,28.5,75,16.5,38,1008.6,0
2021-05-09,Quang_Tri,16.75,107.2,30.2,69,15.5,53,1006.8,0
2021-05-10,Quang_Tri,16.75,107.2,30.6,71,12.7,37,1006.2,1
2021-05-11,Quang_Tri,16.75,107.2,30.8,70,14.2,53,1005.7,1
2021-05-12,Quang_Tri,16.75,107.2,31.6,65,10.7,80,1005.2,1
2021-05-13,Quang_Tri,16.75,107.2,31.4,68,15.8,57,1005.1,1
2021-05-14,Quang_Tri,16.75,107.2,30.9,73,13.6,61,1005.2,1
2021-05-15,Quang_Tri,16.75,107.2,31.2,71,10.2,40,1006.0,1
2021-05-16,Quang_Tri,16.75,107.2,31.0,73,15.1,42,1006.2,1
2021-05-17,Quang_Tri,16.75,107.2,31.0,68,18.3,24,1006.5,0
2021-05-18,Quang_Tri,16.75,107.2,31.4,68,15.3,81,1006.5,1
2021-05-19,Quang_Tri,16.75,107.2,31.7,68,15.9,80,1005.5,1
2021-05-20,Quang_Tri,16.75,107.2,32.3,63,19.1,94,1005.4,1
2021-05-21,Quang_Tri,16.75,107.2,32.2,63,17.1,56,1005.0,1
2021-05-22,Quang_Tri,16.75,107.2,32.4,61,16.4,33,1003.7,1
2021-05-23,Quang_Tri,16.75,107.2,31.5,65,16.2,10,1004.0,1
2021-05-24,Quang_Tri,16.75,107.2,28.7,82,16.8,56,1006.3,1
2021-05-25,Quang_Tri,16.75,107.2,28.3,83,16.6,83,1006.4,1
2021-05-26,Quang_Tri,16.75,107.2,28.8,80,16.9,26,1005.9,1
2021-05-27,Quang_Tri,16.75,107.2,28.8,81,16.6,56,1006.5,1
2021-05-28,Quang_Tri,16.75,107.2,29.8,77,7.9,62,1007.8,1
2021-05-29,Quang_Tri,16.75,107.2,30.7,71,12.9,53,1006.8,1
2021-05-30,Quang_Tri,16.75,107.2,32.4,61,17.4,42,1005.1,1
2021-05-31,Quang_Tri,16.75,107.2,33.2,56,20.7,39,1003.4,0
2021-06-01,Quang_Tri,16.75,107.2,34.3,52,20.9,52,1003.5,0
2021-06-02,Quang_Tri,16.75,107.2,34.4,53,14.8,88,1003.9,0
2021-06-03,Quang_Tri,16.75,107.2,34.8,51,19.4,94,1004.2,0
2021-06-04,Quang_Tri,16.75,107.2,32.5,65,22.7,90,1004.9,1
2021-06-05,Quang_Tri,16.75,107.2,30.0,76,16.5,85,1005.4,1
2021-06-06,Quang_Tri,16.75,107.2,31.1,66,20.6,90,1004.1,1
2021-06-07,Quang_Tri,16.75,107.2,29.5,73,20.5,98,1004.8,1
2021-06-08,Quang_Tri,16.75,107.2,28.9,77,13.3,99,1005.6,1
2021-06-09,Quang_Tri,16.75,107.2,29.3,70,19.2,99,1005.1,0
2021-06-10,Quang_Tri,16.75,107.2,29.9,64,21.5,79,1003.3,1
2021-06-11,Quang_Tri,16.75,107.2,29.1,72,20.7,99,1002.5,1
2021-06-12,Quang_Tri,16.75,107.2,26.0,88,19.8,100,1001.8,1
2021-06-13,Quang_Tri,16.75,107.2,27.5,77,20.6,95,1003.7,1
2021-06-14,Quang_Tri,16.75,107.2,28.8,69,18.2,61,1004.3,0
2021-06-15,Quang_Tri,16.75,107.2,29.2,71,21.4,20,1003.5,0
2021-06-16,Quang_Tri,16.75,107.2,30.0,66,23.5,24,1005.0,0
2021-06-17,Quang_Tri,16.75,107.2,30.3,65,23.2,13,1006.6,0
2021-06-18,Quang_Tri,16.75,107.2,31.0,62,22.9,11,1006.7,0
2021-06-19,Quang_Tri,16.75,107.2,31.9,58,27.3,32,1005.1,0
2021-06-20,Quang_Tri,16.75,107.2,33.0,53,28.0,28,1002.9,0
2021-06-21,Quang_Tri,16.75,107.2,33.3,53,24.0,48,1002.6,0
2021-06-22,Quang_Tri,16.75,107.2,33.0,54,22.1,96,1004.3,0
2021-06-23,Quang_Tri,16.75,107.2,32.6,54,24.6,88,1005.1,0
2021-06-24,Quang_Tri,16.75,107.2,32.0,57,22.6,98,1004.4,1
2021-06-25,Quang_Tri,16.75,107.2,31.6,62,20.5,87,1004.1,1
2021-06-26,Quang_Tri,16.75,107.2,32.0,59,15.0,62,1005.5,1
2021-06-27,Quang_Tri,16.75,107.2,32.9,55,23.0,45,1006.1,1
2021-06-28,Quang_Tri,16.75,107.2,33.0,51,28.8,66,1004.4,0
2021-06-29,Quang_Tri,16.75,107.2,33.5,49,21.8,79,1003.7,1
2021-06-30,Quang_Tri,16.75,107.2,33.5,50,24.0,87,1004.1,1
2021-07-01,Quang_Tri,16.75,107.2,33.8,48,23.2,82,1004.5,0
2021-07-02,Quang_Tri,16.75,107.2,33.7,49,25.7,94,1005.3,0
2021-07-03,Quang_Tri,16.75,107.2,34.4,48,21.3,48,1004.5,0
2021-07-04,Quang_Tri,16.75,107.2,33.2,55,17.5,38,1003.8,1
2021-07-05,Quang_Tri,16.75,107.2,32.1,62,13.4,69,1003.6,1
2021-07-06,Quang_Tri,16.75,107.2,28.5,79,14.7,85,1003.6,1
2021-07-07,Quang_Tri,16.75,107.2,26.5,89,18.5,100,1003.8,1
2021-07-08,Quang_Tri,16.75,107.2,28.2,81,13.6,49,1005.2,1
2021-07-09,Quang_Tri,16.75,107.2,28.6,78,26.7,33,1006.1,1
2021-07-10,Quang_Tri,16.75,107.2,29.3,74,20.7,26,1006.9,1
2021-07-11,Quang_Tri,16.75,107.2,29.8,73,18.8,25,1008.5,1
2021-07-12,Quang_Tri,16.75,107.2,29.8,74,19.1,28,1008.3,1
2021-07-13,Quang_Tri,16.75,107.2,30.2,72,16.2,51,1006.7,1
2021-07-14,Quang_Tri,16.75,107.2,29.9,71,19.0,28,1005.7,1
2021-07-15,Quang_Tri,16.75,107.2,30.1,68,17.3,79,1006.8,1
2021-07-16,Quang_Tri,16.75,107.2,29.4,75,15.1,71,1007.7,1
2021-07-17,Quang_Tri,16.75,107.2,31.0,65,17.0,45,1004.8,1
2021-07-18,Quang_Tri,16.75,107.2,31.3,61,21.6,61,1002.2,1
2021-07-19,Quang_Tri,16.75,107.2,31.0,60,24.2,78,1002.4,1
2021-07-20,Quang_Tri,16.75,107.2,31.1,58,30.9,98,1003.1,0
2021-07-21,Quang_Tri,16.75,107.2,31.5,56,25.2,89,1002.6,1
2021-07-22,Quang_Tri,16.75,107.2,30.8,61,31.9,100,1001.7,1
2021-07-23,Quang_Tri,16.75,107.2,28.9,67,31.6,100,1000.5,1
2021-07-24,Quang_Tri,16.75,107.2,29.8,64,33.2,86,998.9,1
2021-07-25,Quang_Tri,16.75,107.2,27.3,79,29.4,99,999.8,1
2021-07-26,Quang_Tri,16.75,107.2,30.1,64,30.9,59,1000.7,0
2021-07-27,Quang_Tri,16.75,107.2,31.5,60,30.0,73,1000.0,0
2021-07-28,Quang_Tri,16.75,107.2,32.0,59,31.7,90,999.4,0
2021-07-29,Quang_Tri,16.75,107.2,32.3,57,30.8,89,1000.5,0
2021-07-30,Quang_Tri,16.75,107.2,32.2,58,31.4,89,1001.8,0
2021-07-31,Quang_Tri,16.75,107.2,32.2,57,32.8,81,1001.6,0
2021-08-01,Quang_Tri,16.75,107.2,32.2,57,30.1,92,1000.3,0
2021-08-02,Quang_Tri,16.75,107.2,32.1,56,29.4,87,1000.4,0
2021-08-03,Quang_Tri,16.75,107.2,31.0,61,36.0,96,1001.5,0
2021-08-04,Quang_Tri,16.75,107.2,31.6,58,32.1,100,1001.7,0
2021-08-05,Quang_Tri,16.75,107.2,32.0,57,35.4,93,1001.3,0
2021-08-06,Quang_Tri,16.75,107.2,32.3,56,35.4,96,1002.0,0
2021-08-07,Quang_Tri,16.75,107.2,33.2,54,37.0,99,1002.9,0
2021-08-08,Quang_Tri,16.75,107.2,33.9,52,26.0,92,1003.6,0
2021-08-09,Quang_Tri,16.75,107.2,33.7,53,22.9,73,1003.3,1
2021-08-10,Quang_Tri,16.75,107.2,33.1,55,18.2,96,1002.9,1
2021-08-11,Quang_Tri,16.75,107.2,30.6,70,15.3,91,1005.6,1
2021-08-12,Quang_Tri,16.75,107.2,31.5,64,20.3,95,1007.5,1
2021-08-13,Quang_Tri,16.75,107.2,31.6,62,24.0,86,1005.1,1
2021-08-14,Quang_Tri,16.75,107.2,31.6,56,25.6,94,1004.1,0
2021-08-15,Quang_Tri,16.75,107.2,30.8,63,17.6,90,1007.0,1
2021-08-16,Quang_Tri,16.75,107.2,31.4,62,18.2,59,1010.2,1
2021-08-17,Quang_Tri,16.75,107.2,32.1,58,14.3,49,1009.1,1
2021-08-18,Quang_Tri,16.75,107.2,32.8,55,14.0,45,1006.7,1
2021-08-19,Quang_Tri,16.75,107.2,31.3,65,11.5,90,1006.5,1
2021-08-20,Quang_Tri,16.75,107.2,30.7,69,15.7,52,1007.6,1
2021-08-21,Quang_Tri,16.75,107.2,30.9,66,15.6,20,1007.3,1
2021-08-22,Quang_Tri,16.75,107.2,32.0,58,16.7,91,1005.8,0
2021-08-23,Quang_Tri,16.75,107.2,32.1,59,21.9,47,1004.6,1
2021-08-24,Quang_Tri,16.75,107.2,31.3,61,20.2,42,1004.5,1
2021-08-25,Quang_Tri,16.75,107.2,30.0,69,12.2,57,1005.3,1
2021-08-26,Quang_Tri,16.75,107.2,29.2,73,18.2,34,1006.5,1
2021-08-27,Quang_Tri,16.75,107.2,29.0,73,22.1,64,1007.6,1
2021-08-28,Quang_Tri,16.75,107.2,28.9,72,18.1,90,1007.8,1
2021-08-29,Quang_Tri,16.75,107.2,27.3,83,15.1,73,1008.3,1
2021-08-30,Quang_Tri,16.75,107.2,27.0,87,14.0,98,1008.9,1
2021-08-31,Quang_Tri,16.75,107.2,26.9,88,10.5,93,1009.1,1
2021-09-01,Quang_Tri,16.75,107.2,27.8,82,11.4,58,1008.1,1
2021-09-02,Quang_Tri,16.75,107.2,28.1,79,12.1,89,1007.1,1
2021-09-03,Quang_Tri,16.75,107.2,28.5,78,14.5,94,1005.9,1
2021-09-04,Quang_Tri,16.75,107.2,28.0,81,13.2,98,1006.2,1
2021-09-05,Quang_Tri,16.75,107.2,27.7,80,12.4,84,1007.6,1
2021-09-06,Quang_Tri,16.75,107.2,27.7,83,15.3,70,1008.8,1
2021-09-07,Quang_Tri,16.75,107.2,25.9,92,8.8,100,1008.1,1
2021-09-08,Quang_Tri,16.75,107.2,27.0,85,15.6,80,1005.6,1
2021-09-09,Quang_Tri,16.75,107.2,27.4,87,15.7,95,1007.4,1
2021-09-10,Quang_Tri,16.75,107.2,26.6,92,11.0,100,1007.4,1
2021-09-11,Quang_Tri,16.75,107.2,25.7,93,20.1,100,1004.3,1
2021-09-12,Quang_Tri,16.75,107.2,25.4,94,12.9,98,1002.5,1
2021-09-13,Quang_Tri,16.75,107.2,26.3,92,17.4,89,1003.9,1
2021-09-14,Quang_Tri,16.75,107.2,27.6,87,15.9,75,1007.0,1
2021-09-15,Quang_Tri,16.75,107.2,28.0,85,16.5,96,1009.1,1
2021-09-16,Quang_Tri,16.75,107.2,27.8,86,8.4,84,1009.1,1
2021-09-17,Quang_Tri,16.75,107.2,27.7,87,8.2,48,1008.4,1
2021-09-18,Quang_Tri,16.75,107.2,27.9,83,12.0,42,1008.8,1
2021-09-19,Quang_Tri,16.75,107.2,27.8,84,17.1,76,1008.7,1
2021-09-20,Quang_Tri,16.75,107.2,26.7,89,14.8,62,1008.3,1
2021-09-21,Quang_Tri,16.75,107.2,26.8,88,13.7,86,1007.9,1
2021-09-22,Quang_Tri,16.75,107.2,26.9,88,10.8,87,1007.9,1
2021-09-23,Quang_Tri,16.75,107.2,26.1,92,29.5,84,1008.5,1
2021-09-24,Quang_Tri,16.75,107.2,27.5,84,34.0,100,1005.3,1
2021-09-25,Quang_Tri,16.75,107.2,27.2,85,18.0,89,1007.8,1
2021-09-26,Quang_Tri,16.75,107.2,26.9,88,14.7,67,1009.1,1
2021-09-27,Quang_Tri,16.75,107.2,27.0,86,13.6,20,1009.5,1
2021-09-28,Quang_Tri,16.75,107.2,27.2,87,11.2,33,1009.4,1
2021-09-29,Quang_Tri,16.75,107.2,27.4,85,12.0,28,1008.3,1
2021-09-30,Quang_Tri,16.75,107.2,27.3,85,12.7,9,1008.3,1
2021-10-01,Quang_Tri,16.75,107.2,27.4,84,13.6,39,1008.3,0
2021-10-02,Quang_Tri,16.75,107.2,27.1,83,14.8,42,1008.9,0
2021-10-03,Quang_Tri,16.75,107.2,27.0,83,15.6,64,1009.3,1
2021-10-04,Quang_Tri,16.75,107.2,26.5,87,15.0,50,1009.2,1
2021-10-05,Quang_Tri,16.75,107.2,26.1,92,16.2,95,1008.3,1
2021-10-06,Quang_Tri,16.75,107.2,26.6,89,15.2,100,1005.4,1
2021-10-07,Quang_Tri,16.75,107.2,25.6,94,24.4,100,1002.4,1
2021-10-08,Quang_Tri,16.75,107.2,25.5,91,20.6,100,1001.8,1
2021-10-09,Quang_Tri,16.75,107.2,27.4,77,22.1,100,1002.8,1
2021-10-10,Quang_Tri,16.75,107.2,26.5,87,15.2,93,1003.4,1
2021-10-11,Quang_Tri,16.75,107.2,27.1,90,15.6,82,1004.9,1
2021-10-12,Quang_Tri,16.75,107.2,25.2,86,29.5,98,1005.7,1
2021-10-13,Quang_Tri,16.75,107.2,22.6,86,23.9,100,1002.8,1
2021-10-14,Quang_Tri,16.75,107.2,24.9,81,18.2,99,1003.8,1
2021-10-15,Quang_Tri,16.75,107.2,25.2,91,15.3,100,1007.1,1
2021-10-16,Quang_Tri,16.75,107.2,24.6,93,28.4,100,1009.6,1
2021-10-17,Quang_Tri,16.75,107.2,24.4,91,42.1,100,1010.1,1
2021-10-18,Quang_Tri,16.75,107.2,23.8,93,15.6,100,1012.7,1
2021-10-19,Quang_Tri,16.75,107.2,23.7,88,14.7,96,1015.0,1
2021-10-20,Quang_Tri,16.75,107.2,25.7,89,12.2,74,1013.5,1
2021-10-21,Quang_Tri,16.75,107.2,26.3,88,11.2,75,1012.0,1
2021-10-22,Quang_Tri,16.75,107.2,23.5,91,22.8,98,1015.1,1
2021-10-23,Quang_Tri,16.75,107.2,23.3,90,25.4,100,1016.7,1
2021-10-24,Quang_Tri,16.75,107.2,24.3,83,27.0,93,1015.9,1
2021-10-25,Quang_Tri,16.75,107.2,23.3,87,20.5,96,1014.5,1
2021-10-26,Quang_Tri,16.75,107.2,24.7,79,20.3,91,1013.1,1
2021-10-27,Quang_Tri,16.75,107.2,24.8,90,23.1,100,1012.2,1
2021-10-28,Quang_Tri,16.75,107.2,25.0,91,18.4,96,1012.7,1
2021-10-29,Quang_Tri,16.75,107.2,25.2,89,13.8,92,1014.6,1
2021-10-30,Quang_Tri,16.75,107.2,25.4,90,12.0,88,1014.6,1
2021-10-31,Quang_Tri,16.75,107.2,24.8,91,13.5,88,1014.5,1
2021-11-01,Quang_Tri,16.75,107.2,25.5,88,14.8,76,1014.3,1
2021-11-02,Quang_Tri,16.75,107.2,25.4,88,16.9,72,1014.4,1
2021-11-03,Quang_Tri,16.75,107.2,25.3,88,15.0,69,1013.5,1
2021-11-04,Quang_Tri,16.75,107.2,25.8,87,13.7,41,1012.3,1
2021-11-05,Quang_Tri,16.75,107.2,25.7,87,13.6,28,1010.4,1
2021-11-06,Quang_Tri,16.75,107.2,26.0,88,12.7,66,1008.2,0
2021-11-07,Quang_Tri,16.75,107.2,26.1,83,14.8,37,1009.7,1
2021-11-08,Quang_Tri,16.75,107.2,23.7,88,32.5,91,1014.0,1
2021-11-09,Quang_Tri,16.75,107.2,21.7,88,21.6,100,1016.7,1
2021-11-10,Quang_Tri,16.75,107.2,21.7,87,19.2,100,1016.5,1
2021-11-11,Quang_Tri,16.75,107.2,21.5,91,14.2,100,1015.1,1
2021-11-12,Quang_Tri,16.75,107.2,23.0,91,12.8,100,1015.5,1
2021-11-13,Quang_Tri,16.75,107.2,23.3,80,24.1,100,1015.6,1
2021-11-14,Quang_Tri,16.75,107.2,23.0,87,15.2,100,1015.1,1
2021-11-15,Quang_Tri,16.75,107.2,22.8,92,14.9,99,1013.1,1
2021-11-16,Quang_Tri,16.75,107.2,25.1,85,18.0,84,1012.8,1
2021-11-17,Quang_Tri,16.75,107.2,24.7,90,16.3,94,1013.4,1
2021-11-18,Quang_Tri,16.75,107.2,24.2,88,19.0,91,1012.6,1
2021-11-19,Quang_Tri,16.75,107.2,24.2,87,13.0,83,1010.1,1
2021-11-20,Quang_Tri,16.75,107.2,24.4,88,14.8,31,1009.3,0
2021-11-21,Quang_Tri,16.75,107.2,24.6,89,13.7,38,1010.8,0
2021-11-22,Quang_Tri,16.75,107.2,24.3,90,22.1,74,1013.5,1
2021-11-23,Quang_Tri,16.75,107.2,21.9,91,22.7,100,1016.7,1
2021-11-24,Quang_Tri,16.75,107.2,21.4,90,17.5,100,1017.4,1
2021-11-25,Quang_Tri,16.75,107.2,20.3,93,19.7,100,1016.7,1
2021-11-26,Quang_Tri,16.75,107.2,21.7,86,22.5,100,1016.2,1
2021-11-27,Quang_Tri,16.75,107.2,23.3,74,24.1,95,1016.4,1
2021-11-28,Quang_Tri,16.75,107.2,23.5,82,22.8,100,1015.4,1
2021-11-29,Quang_Tri,16.75,107.2,23.2,85,20.7,100,1014.6,1
2021-11-30,Quang_Tri,16.75,107.2,23.3,78,29.2,72,1016.7,1
2021-12-01,Quang_Tri,16.75,107.2,21.5,75,20.5,96,1018.5,1
2021-12-02,Quang_Tri,16.75,107.2,20.9,77,19.5,96,1018.9,1
2021-12-03,Quang_Tri,16.75,107.2,20.5,73,20.6,84,1019.6,1
2021-12-04,Quang_Tri,16.75,107.2,19.9,73,17.7,57,1019.1,1
2021-12-05,Quang_Tri,16.75,107.2,21.3,69,20.2,100,1018.3,1
2021-12-06,Quang_Tri,16.75,107.2,21.1,64,19.9,82,1018.2,0
2021-12-07,Quang_Tri,16.75,107.2,19.8,80,14.0,79,1018.2,1
2021-12-08,Quang_Tri,16.75,107.2,20.7,89,19.5,100,1017.9,1
2021-12-09,Quang_Tri,16.75,107.2,22.8,86,22.7,64,1018.5,1
2021-12-10,Quang_Tri,16.75,107.2,21.8,84,17.5,25,1017.9,1
2021-12-11,Quang_Tri,16.75,107.2,21.2,86,17.1,48,1017.7,1
2021-12-12,Quang_Tri,16.75,107.2,22.0,89,15.9,100,1018.4,1
2021-12-13,Quang_Tri,16.75,107.2,21.4,85,19.9,92,1018.4,1
2021-12-14,Quang_Tri,16.75,107.2,21.0,92,14.1,100,1016.1,1
2021-12-15,Quang_Tri,16.75,107.2,21.4,95,10.7,100,1014.0,1
2021-12-16,Quang_Tri,16.75,107.2,23.3,90,14.7,83,1013.5,1
2021-12-17,Quang_Tri,16.75,107.2,22.9,89,21.3,100,1016.0,1
2021-12-18,Quang_Tri,16.75,107.2,21.3,89,18.8,98,1017.6,1
2021-12-19,Quang_Tri,16.75,107.2,19.8,83,25.2,100,1017.4,1
2021-12-20,Quang_Tri,16.75,107.2,19.0,80,21.9,98,1015.7,1
2021-12-21,Quang_Tri,16.75,107.2,19.9,84,18.9,99,1016.0,1
2021-12-22,Quang_Tri,16.75,107.2,20.5,84,12.3,100,1015.7,1
2021-12-23,Quang_Tri,16.75,107.2,21.3,88,14.5,96,1014.6,1
2021-12-24,Quang_Tri,16.75,107.2,21.6,90,13.7,55,1014.4,1
2021-12-25,Quang_Tri,16.75,107.2,22.2,92,17.8,98,1016.0,1
2021-12-26,Quang_Tri,16.75,107.2,21.8,92,21.5,99,1018.0,1
2021-12-27,Quang_Tri,16.75,107.2,20.2,91,24.3,100,1020.8,1
2021-12-28,Quang_Tri,16.75,107.2,20.1,91,19.5,100,1020.4,1
2021-12-29,Quang_Tri,16.75,107.2,20.2,96,11.7,100,1019.7,1
2021-12-30,Quang_Tri,16.75,107.2,21.4,88,21.3,73,1021.2,1
2021-12-31,Quang_Tri,16.75,107.2,20.9,87,20.5,83,1021.0,1
2022-01-01,Quang_Tri,16.75,107.2,21.0,89,20.4,86,1020.2,1
2022-01-02,Quang_Tri,16.75,107.2,21.1,87,16.1,100,1019.4,1
2022-01-03,Quang_Tri,16.75,107.2,21.0,89,15.8,97,1017.7,1
2022-01-04,Quang_Tri,16.75,107.2,21.4,90,14.5,83,1016.6,1
2022-01-05,Quang_Tri,16.75,107.2,22.3,90,13.2,93,1015.0,1
2022-01-06,Quang_Tri,16.75,107.2,22.6,89,16.3,90,1015.8,1
2022-01-07,Quang_Tri,16.75,107.2,22.2,86,17.0,70,1017.4,1
2022-01-08,Quang_Tri,16.75,107.2,21.8,90,17.1,90,1016.6,1
2022-01-09,Quang_Tri,16.75,107.2,22.6,87,15.7,77,1015.0,1
2022-01-10,Quang_Tri,16.75,107.2,22.5,88,13.5,46,1014.4,1
2022-01-11,Quang_Tri,16.75,107.2,20.8,92,20.9,86,1017.6,1
2022-01-12,Quang_Tri,16.75,107.2,20.1,87,12.4,92,1017.8,1
2022-01-13,Quang_Tri,16.75,107.2,21.1,89,17.7,57,1017.6,1
2022-01-14,Quang_Tri,16.75,107.2,21.3,89,13.2,53,1017.0,1
2022-01-15,Quang_Tri,16.75,107.2,21.6,86,18.4,69,1015.9,1
2022-01-16,Quang_Tri,16.75,107.2,21.7,86,14.8,14,1015.8,0
2022-01-17,Quang_Tri,16.75,107.2,22.1,89,13.8,49,1016.8,1
2022-01-18,Quang_Tri,16.75,107.2,19.6,94,19.0,100,1018.5,1
2022-01-19,Quang_Tri,16.75,107.2,19.9,91,13.6,100,1016.6,1
2022-01-20,Quang_Tri,16.75,107.2,21.1,88,15.7,89,1014.6,1
2022-01-21,Quang_Tri,16.75,107.2,21.7,87,19.1,79,1013.4,1
2022-01-22,Quang_Tri,16.75,107.2,22.2,89,16.2,38,1010.5,1
2022-01-23,Quang_Tri,16.75,107.2,22.5,92,9.2,56,1010.0,1
2022-01-24,Quang_Tri,16.75,107.2,23.0,92,13.7,62,1010.8,1
2022-01-25,Quang_Tri,16.75,107.2,23.4,91,14.0,77,1012.5,1
2022-01-26,Quang_Tri,16.75,107.2,22.8,91,16.9,56,1013.1,1
2022-01-27,Quang_Tri,16.75,107.2,22.6,90,14.8,36,1013.3,0
2022-01-28,Quang_Tri,16.75,107.2,22.4,89,14.8,46,1012.8,0
2022-01-29,Quang_Tri,16.75,107.2,23.3,88,14.8,34,1010.7,0
2022-01-30,Quang_Tri,16.75,107.2,21.9,87,24.3,94,1012.4,1
2022-01-31,Quang_Tri,16.75,107.2,19.5,83,23.9,100,1014.2,1
2022-02-01,Quang_Tri,16.75,107.2,18.2,84,17.7,100,1015.8,1
2022-02-02,Quang_Tri,16.75,107.2,19.4,85,17.4,100,1016.2,1
2022-02-03,Quang_Tri,16.75,107.2,19.1,91,19.8,100,1017.1,1
2022-02-04,Quang_Tri,16.75,107.2,19.3,89,21.3,100,1018.4,1
2022-02-05,Quang_Tri,16.75,107.2,19.4,92,16.9,100,1018.5,1
2022-02-06,Quang_Tri,16.75,107.2,19.5,91,16.1,93,1016.8,1
2022-02-07,Quang_Tri,16.75,107.2,21.9,90,11.9,35,1013.2,0
2022-02-08,Quang_Tri,16.75,107.2,23.2,91,15.5,79,1013.1,1
2022-02-09,Quang_Tri,16.75,107.2,23.4,91,16.1,80,1014.2,1
2022-02-10,Quang_Tri,16.75,107.2,21.8,90,14.4,100,1013.9,1
2022-02-11,Quang_Tri,16.75,107.2,23.1,90,18.8,83,1012.6,1
2022-02-12,Quang_Tri,16.75,107.2,23.4,86,21.2,82,1011.7,1
2022-02-13,Quang_Tri,16.75,107.2,23.4,88,20.5,83,1010.2,1
2022-02-14,Quang_Tri,16.75,107.2,19.5,91,24.1,100,1014.5,1
2022-02-15,Quang_Tri,16.75,107.2,19.3,87,15.0,99,1014.0,1
2022-02-16,Quang_Tri,16.75,107.2,20.6,89,10.4,100,1011.5,1
2022-02-17,Quang_Tri,16.75,107.2,23.2,90,11.7,84,1008.9,1
2022-02-18,Quang_Tri,16.75,107.2,24.5,91,12.2,74,1009.1,0
2022-02-19,Quang_Tri,16.75,107.2,23.4,89,28.8,70,1011.2,1
2022-02-20,Quang_Tri,16.75,107.2,17.7,82,25.6,100,1017.3,1
2022-02-21,Quang_Tri,16.75,107.2,14.2,90,19.0,100,1019.1,1
2022-02-22,Quang_Tri,16.75,107.2,17.1,87,21.5,100,1020.2,1
2022-02-23,Quang_Tri,16.75,107.2,16.9,80,23.8,100,1023.1,1
2022-02-24,Quang_Tri,16.75,107.2,17.0,90,19.9,100,1023.2,1
2022-02-25,Quang_Tri,16.75,107.2,18.4,90,11.3,100,1021.4,1
2022-02-26,Quang_Tri,16.75,107.2,20.1,89,15.1,100,1019.4,1
2022-02-27,Quang_Tri,16.75,107.2,20.9,85,14.5,99,1017.5,1
2022-02-28,Quang_Tri,16.75,107.2,21.3,86,15.3,74,1015.0,1
2022-03-01,Quang_Tri,16.75,107.2,22.1,88,16.1,81,1014.5,1
2022-03-02,Quang_Tri,16.75,107.2,23.2,86,15.6,87,1015.3,1
2022-03-03,Quang_Tri,16.75,107.2,22.7,86,16.3,69,1013.7,1
2022-03-04,Quang_Tri,16.75,107.2,23.0,88,13.4,59,1011.8,0
2022-03-05,Quang_Tri,16.75,107.2,23.6,91,15.3,82,1010.6,1
2022-03-06,Quang_Tri,16.75,107.2,24.7,89,14.4,79,1010.3,0
2022-03-07,Quang_Tri,16.75,107.2,23.9,91,19.6,90,1014.0,1
2022-03-08,Quang_Tri,16.75,107.2,22.4,78,19.8,56,1014.4,1
2022-03-09,Quang_Tri,16.75,107.2,21.8,77,17.6,58,1012.8,0
2022-03-10,Quang_Tri,16.75,107.2,21.9,79,16.6,42,1012.3,0
2022-03-11,Quang_Tri,16.75,107.2,22.4,86,16.9,59,1011.3,1
2022-03-12,Quang_Tri,16.75,107.2,23.1,86,17.3,72,1010.3,1
2022-03-13,Quang_Tri,16.75,107.2,23.0,88,15.6,74,1010.1,1
2022-03-14,Quang_Tri,16.75,107.2,23.7,89,14.8,83,1009.7,1
2022-03-15,Quang_Tri,16.75,107.2,24.5,88,14.9,84,1009.1,1
2022-03-16,Quang_Tri,16.75,107.2,24.3,88,13.8,86,1008.5,1
2022-03-17,Quang_Tri,16.75,107.2,24.7,89,10.5,52,1006.8,0
2022-03-18,Quang_Tri,16.75,107.2,24.5,92,14.6,88,1008.0,1
2022-03-19,Quang_Tri,16.75,107.2,25.3,89,12.3,87,1006.8,0
2022-03-20,Quang_Tri,16.75,107.2,26.0,86,11.0,84,1007.3,1
2022-03-21,Quang_Tri,16.75,107.2,27.3,86,6.8,84,1008.6,1
2022-03-22,Quang_Tri,16.75,107.2,27.8,85,8.3,41,1009.3,1
2022-03-23,Quang_Tri,16.75,107.2,26.4,89,11.0,79,1009.9,1
2022-03-24,Quang_Tri,16.75,107.2,24.3,88,14.1,94,1010.1,1
2022-03-25,Quang_Tri,16.75,107.2,27.1,83,14.5,70,1008.4,1
2022-03-26,Quang_Tri,16.75,107.2,28.5,78,14.2,15,1009.0,1
2022-03-27,Quang_Tri,16.75,107.2,27.5,82,15.3,53,1009.7,1
2022-03-28,Quang_Tri,16.75,107.2,23.2,86,19.6,97,1014.1,1
2022-03-29,Quang_Tri,16.75,107.2,23.6,85,14.8,90,1013.0,1
2022-03-30,Quang_Tri,16.75,107.2,24.6,89,17.6,78,1011.6,1
2022-03-31,Quang_Tri,16.75,107.2,24.4,90,18.1,98,1011.8,1
2022-04-01,Quang_Tri,16.75,107.2,23.3,92,33.6,100,1013.5,1
2022-04-02,Quang_Tri,16.75,107.2,20.0,89,34.7,100,1019.0,1
2022-04-03,Quang_Tri,16.75,107.2,19.3,85,23.4,100,1019.3,1
2022-04-04,Quang_Tri,16.75,107.2,20.5,87,11.9,95,1018.6,1
2022-04-05,Quang_Tri,16.75,107.2,22.5,85,17.7,88,1017.5,1
2022-04-06,Quang_Tri,16.75,107.2,22.9,85,19.5,85,1016.3,1
2022-04-07,Quang_Tri,16.75,107.2,22.4,83,18.1,76,1015.5,1
2022-04-08,Quang_Tri,16.75,107.2,22.1,84,12.8,67,1014.1,0
2022-04-09,Quang_Tri,16.75,107.2,21.8,84,12.8,45,1011.9,0
2022-04-10,Quang_Tri,16.75,107.2,23.0,83,14.2,26,1010.3,0
2022-04-11,Quang_Tri,16.75,107.2,24.1,87,12.4,40,1009.1,0
2022-04-12,Quang_Tri,16.75,107.2,25.0,88,15.4,73,1006.7,0
2022-04-13,Quang_Tri,16.75,107.2,25.8,90,9.4,60,1005.9,1
2022-04-14,Quang_Tri,16.75,107.2,25.7,91,11.9,74,1006.8,1
2022-04-15,Quang_Tri,16.75,107.2,26.8,87,13.7,65,1007.0,1
2022-04-16,Quang_Tri,16.75,107.2,26.8,86,17.0,75,1007.4,1
2022-04-17,Quang_Tri,16.75,107.2,26.3,85,21.1,78,1010.0,1
2022-04-18,Quang_Tri,16.75,107.2,25.0,86,22.0,94,1013.1,1
2022-04-19,Quang_Tri,16.75,107.2,22.7,89,23.4,100,1014.9,1
2022-04-20,Quang_Tri,16.75,107.2,22.6,89,15.3,99,1013.3,1
2022-04-21,Quang_Tri,16.75,107.2,24.6,90,12.6,63,1010.7,1
2022-04-22,Quang_Tri,16.75,107.2,26.2,90,10.5,78,1009.2,0
2022-04-23,Quang_Tri,16.75,107.2,27.3,87,10.2,57,1007.9,1
2022-04-24,Quang_Tri,16.75,107.2,28.3,83,14.5,36,1005.8,1
2022-04-25,Quang_Tri,16.75,107.2,28.8,81,12.0,57,1005.2,1
2022-04-26,Quang_Tri,16.75,107.2,29.5,78,10.6,73,1004.7,1
2022-04-27,Quang_Tri,16.75,107.2,29.4,80,12.6,73,1005.4,1
2022-04-28,Quang_Tri,16.75,107.2,28.5,82,19.1,65,1006.3,0
2022-04-29,Quang_Tri,16.75,107.2,27.5,83,18.8,92,1007.8,1
2022-04-30,Quang_Tri,16.75,107.2,26.7,87,19.5,96,1007.6,1
2022-05-01,Quang_Tri,16.75,107.2,24.7,93,23.9,100,1007.8,1
2022-05-02,Quang_Tri,16.75,107.2,21.6,91,28.0,100,1012.7,1
2022-05-03,Quang_Tri,16.75,107.2,22.1,85,19.3,99,1014.3,1
2022-05-04,Quang_Tri,16.75,107.2,22.8,80,15.5,89,1013.1,0
2022-05-05,Quang_Tri,16.75,107.2,24.2,83,12.9,77,1010.6,1
2022-05-06,Quang_Tri,16.75,107.2,25.7,87,16.1,93,1009.4,1
2022-05-07,Quang_Tri,16.75,107.2,26.2,87,16.7,89,1009.5,1
2022-05-08,Quang_Tri,16.75,107.2,26.4,87,17.4,96,1009.3,1
2022-05-09,Quang_Tri,16.75,107.2,26.6,90,16.4,83,1008.9,1
2022-05-10,Quang_Tri,16.75,107.2,27.5,88,13.8,65,1007.3,1
2022-05-11,Quang_Tri,16.75,107.2,28.0,84,18.0,52,1006.0,1
2022-05-12,Quang_Tri,16.75,107.2,28.6,81,14.2,78,1005.1,1
2022-05-13,Quang_Tri,16.75,107.2,28.8,82,21.3,94,1004.3,1
2022-05-14,Quang_Tri,16.75,107.2,28.3,83,13.5,100,1006.3,1
2022-05-15,Quang_Tri,16.75,107.2,28.4,84,14.4,88,1007.1,1
2022-05-16,Quang_Tri,16.75,107.2,24.7,89,21.5,100,1010.3,1
2022-05-17,Quang_Tri,16.75,107.2,23.9,88,18.4,100,1011.6,1
2022-05-18,Quang_Tri,16.75,107.2,24.3,90,10.5,100,1011.4,1
2022-05-19,Quang_Tri,16.75,107.2,25.8,88,13.7,83,1010.0,1
2022-05-20,Quang_Tri,16.75,107.2,26.2,89,11.6,98,1007.8,1
2022-05-21,Quang_Tri,16.75,107.2,25.9,90,11.5,98,1005.1,1
2022-05-22,Quang_Tri,16.75,107.2,27.1,88,14.0,100,1001.8,1
2022-05-23,Quang_Tri,16.75,107.2,27.7,85,13.0,97,1002.3,1
2022-05-24,Quang_Tri,16.75,107.2,28.3,83,17.1,99,1005.6,1
2022-05-25,Quang_Tri,16.75,107.2,28.4,81,16.6,92,1005.8,1
2022-05-26,Quang_Tri,16.75,107.2,29.0,76,16.3,93,1003.1,1
2022-05-27,Quang_Tri,16.75,107.2,28.3,80,17.4,92,1001.8,1
2022-05-28,Quang_Tri,16.75,107.2,28.3,77,18.8,46,1001.9,1
2022-05-29,Quang_Tri,16.75,107.2,28.4,78,18.0,22,1002.8,1
2022-05-30,Quang_Tri,16.75,107.2,28.1,81,12.9,64,1003.5,1
2022-05-31,Quang_Tri,16.75,107.2,27.9,86,12.0,82,1004.2,1
2022-06-01,Quang_Tri,16.75,107.2,28.7,83,13.2,81,1004.8,1
2022-06-02,Quang_Tri,16.75,107.2,28.5,83,12.5,100,1004.4,1
2022-06-03,Quang_Tri,16.75,107.2,29.3,76,20.9,94,1004.2,1
2022-06-04,Quang_Tri,16.75,107.2,30.1,65,24.3,91,1004.7,0
2022-06-05,Quang_Tri,16.75,107.2,30.4,64,23.5,99,1003.8,0
2022-06-06,Quang_Tri,16.75,107.2,30.2,67,21.5,98,1003.3,1
2022-06-07,Quang_Tri,16.75,107.2,29.9,71,24.5,100,1003.9,0
2022-06-08,Quang_Tri,16.75,107.2,29.1,71,20.9,100,1004.8,0
2022-06-09,Quang_Tri,16.75,107.2,30.1,66,18.4,99,1004.3,1
2022-06-10,Quang_Tri,16.75,107.2,30.7,61,24.7,100,1003.9,0
2022-06-11,Quang_Tri,16.75,107.2,30.8,63,21.1,100,1005.0,1
2022-06-12,Quang_Tri,16.75,107.2,30.8,65,16.4,98,1005.5,1
2022-06-13,Quang_Tri,16.75,107.2,31.2,67,17.1,99,1005.2,1
2022-06-14,Quang_Tri,16.75,107.2,30.2,70,20.5,100,1005.9,1
2022-06-15,Quang_Tri,16.75,107.2,29.2,78,13.8,100,1007.5,1
2022-06-16,Quang_Tri,16.75,107.2,30.5,69,13.0,95,1007.4,1
2022-06-17,Quang_Tri,16.75,107.2,31.1,65,19.9,67,1006.2,1
2022-06-18,Quang_Tri,16.75,107.2,32.2,56,23.7,88,1004.9,1
2022-06-19,Quang_Tri,16.75,107.2,33.3,51,25.4,77,1003.6,0
2022-06-20,Quang_Tri,16.75,107.2,33.2,54,18.4,82,1002.2,1
2022-06-21,Quang_Tri,16.75,107.2,32.7,57,19.3,84,1002.4,1
2022-06-22,Quang_Tri,16.75,107.2,30.6,68,17.1,100,1005.9,1
2022-06-23,Quang_Tri,16.75,107.2,30.0,71,17.9,73,1007.2,0
2022-06-24,Quang_Tri,16.75,107.2,29.2,75,13.5,72,1006.3,1
2022-06-25,Quang_Tri,16.75,107.2,28.6,77,11.7,99,1005.6,1
2022-06-26,Quang_Tri,16.75,107.2,29.4,75,11.5,57,1006.8,1
2022-06-27,Quang_Tri,16.75,107.2,30.7,66,14.3,60,1006.0,1
2022-06-28,Quang_Tri,16.75,107.2,32.4,59,19.5,65,1003.2,1
2022-06-29,Quang_Tri,16.75,107.2,32.6,56,23.4,87,1000.5,1
2022-06-30,Quang_Tri,16.75,107.2,30.8,66,21.8,100,1000.3,1
2022-07-01,Quang_Tri,16.75,107.2,28.0,79,19.5,100,1000.4,1
2022-07-02,Quang_Tri,16.75,107.2,28.0,74,22.6,100,999.5,1
2022-07-03,Quang_Tri,16.75,107.2,30.4,63,25.6,100,1000.5,0
2022-07-04,Quang_Tri,16.75,107.2,31.6,59,23.1,100,1001.0,0
2022-07-05,Quang_Tri,16.75,107.2,32.2,59,21.8,100,1002.4,1
2022-07-06,Quang_Tri,16.75,107.2,30.7,69,14.7,100,1004.1,1
2022-07-07,Quang_Tri,16.75,107.2,30.2,71,20.0,100,1004.2,1
2022-07-08,Quang_Tri,16.75,107.2,30.0,72,14.3,100,1004.4,1
2022-07-09,Quang_Tri,16.75,107.2,28.1,78,13.7,100,1003.8,1
2022-07-10,Quang_Tri,16.75,107.2,26.5,88,8.8,100,1004.0,1
2022-07-11,Quang_Tri,16.75,107.2,26.6,90,12.6,89,1003.6,1
2022-07-12,Quang_Tri,16.75,107.2,27.1,86,18.5,57,1003.3,1
2022-07-13,Quang_Tri,16.75,107.2,27.1,87,14.8,81,1002.4,1
2022-07-14,Quang_Tri,16.75,107.2,27.1,87,11.2,77,1002.9,1
2022-07-15,Quang_Tri,16.75,107.2,27.9,84,10.9,35,1004.3,1
2022-07-16,Quang_Tri,16.75,107.2,28.3,84,14.9,82,1004.9,1
2022-07-17,Quang_Tri,16.75,107.2,29.2,79,16.3,53,1004.8,1
2022-07-18,Quang_Tri,16.75,107.2,30.5,69,20.8,87,1003.2,1
2022-07-19,Quang_Tri,16.75,107.2,29.6,74,15.7,100,1003.2,1
2022-07-20,Quang_Tri,16.75,107.2,28.5,80,11.9,98,1005.0,1
2022-07-21,Quang_Tri,16.75,107.2,27.7,84,12.3,70,1007.3,1
2022-07-22,Quang_Tri,16.75,107.2,28.3,80,12.6,67,1009.3,1
2022-07-23,Quang_Tri,16.75,107.2,28.6,79,7.6,29,1008.5,1
2022-07-24,Quang_Tri,16.75,107.2,28.7,77,14.2,1,1007.1,0
2022-07-25,Quang_Tri,16.75,107.2,29.1,75,14.8,32,1007.5,0
2022-07-26,Quang_Tri,16.75,107.2,29.2,73,15.4,63,1007.0,0
2022-07-27,Quang_Tri,16.75,107.2,29.9,70,15.4,38,1006.3,1
2022-07-28,Quang_Tri,16.75,107.2,30.5,68,13.3,17,1005.9,1
2022-07-29,Quang_Tri,16.75,107.2,31.1,65,14.8,59,1004.8,1
2022-07-30,Quang_Tri,16.75,107.2,31.4,64,19.2,82,1003.7,1
2022-07-31,Quang_Tri,16.75,107.2,30.2,69,12.9,40,1003.3,1
2022-08-01,Quang_Tri,16.75,107.2,29.5,72,14.6,48,1004.2,1
2022-08-02,Quang_Tri,16.75,107.2,29.3,74,14.2,39,1005.6,1
2022-08-03,Quang_Tri,16.75,107.2,29.7,72,18.4,77,1006.2,1
2022-08-04,Quang_Tri,16.75,107.2,30.0,69,21.6,82,1004.6,1
2022-08-05,Quang_Tri,16.75,107.2,29.9,67,25.4,98,1003.9,1
2022-08-06,Quang_Tri,16.75,107.2,29.2,70,16.1,98,1003.8,1
2022-08-07,Quang_Tri,16.75,107.2,27.4,83,12.8,100,1004.3,1
2022-08-08,Quang_Tri,16.75,107.2,25.9,87,15.6,100,1003.6,1
2022-08-09,Quang_Tri,16.75,107.2,25.5,88,16.3,100,1002.6,1
2022-08-10,Quang_Tri,16.75,107.2,27.3,77,23.7,100,1001.2,0
2022-08-11,Quang_Tri,16.75,107.2,28.3,76,10.6,100,1002.6,1
2022-08-12,Quang_Tri,16.75,107.2,28.4,78,14.7,100,1005.6,1
2022-08-13,Quang_Tri,16.75,107.2,28.6,77,12.1,78,1006.6,1
2022-08-14,Quang_Tri,16.75,107.2,29.3,74,17.4,49,1006.3,1
2022-08-15,Quang_Tri,16.75,107.2,28.6,75,19.2,64,1005.1,1
2022-08-16,Quang_Tri,16.75,107.2,28.7,75,15.2,68,1004.5,1
2022-08-17,Quang_Tri,16.75,107.2,29.2,71,17.4,94,1004.9,1
2022-08-18,Quang_Tri,16.75,107.2,29.5,68,19.4,67,1004.6,1
2022-08-19,Quang_Tri,16.75,107.2,29.1,73,23.2,93,1003.6,1
2022-08-20,Quang_Tri,16.75,107.2,27.1,80,16.9,100,1002.5,1
2022-08-21,Quang_Tri,16.75,107.2,27.8,81,12.1,84,1003.5,1
2022-08-22,Quang_Tri,16.75,107.2,28.7,77,13.8,47,1005.3,1
2022-08-23,Quang_Tri,16.75,107.2,29.3,75,14.8,97,1005.7,1
2022-08-24,Quang_Tri,16.75,107.2,29.1,74,21.3,97,1003.7,1
2022-08-25,Quang_Tri,16.75,107.2,28.9,73,22.3,100,1001.8,1
2022-08-26,Quang_Tri,16.75,107.2,28.3,78,12.3,91,1005.5,1
2022-08-27,Quang_Tri,16.75,107.2,29.6,70,13.7,88,1008.0,0
2022-08-28,Quang_Tri,16.75,107.2,29.8,72,15.1,54,1007.3,1
2022-08-29,Quang_Tri,16.75,107.2,30.0,69,19.4,57,1008.3,1
2022-08-30,Quang_Tri,16.75,107.2,29.8,73,18.6,76,1008.3,1
2022-08-31,Quang_Tri,16.75,107.2,30.0,69,15.3,90,1006.5,1
2022-09-01,Quang_Tri,16.75,107.2,29.3,73,13.4,44,1007.4,1
2022-09-02,Quang_Tri,16.75,107.2,27.8,83,15.1,88,1007.6,1
2022-09-03,Quang_Tri,16.75,107.2,28.8,78,13.6,100,1005.7,1
2022-09-04,Quang_Tri,16.75,107.2,29.0,76,15.3,77,1005.9,1
2022-09-05,Quang_Tri,16.75,107.2,28.3,75,17.7,71,1007.1,1
2022-09-06,Quang_Tri,16.75,107.2,28.7,71,18.3,67,1007.3,1
2022-09-07,Quang_Tri,16.75,107.2,25.9,88,11.7,100,1009.0,1
2022-09-08,Quang_Tri,16.75,107.2,27.3,83,18.9,99,1009.0,1
2022-09-09,Quang_Tri,16.75,107.2,26.7,88,16.8,98,1010.4,1
2022-09-10,Quang_Tri,16.75,107.2,26.5,87,14.3,88,1010.6,1
2022-09-11,Quang_Tri,16.75,107.2,27.6,81,13.1,38,1009.3,1
2022-09-12,Quang_Tri,16.75,107.2,27.8,78,13.7,12,1008.4,1
2022-09-13,Quang_Tri,16.75,107.2,28.2,75,13.7,24,1008.7,1
2022-09-14,Quang_Tri,16.75,107.2,27.8,80,10.5,56,1008.6,1
2022-09-15,Quang_Tri,16.75,107.2,27.7,81,16.1,63,1006.8,1
2022-09-16,Quang_Tri,16.75,107.2,28.2,76,17.0,31,1004.7,1
2022-09-17,Quang_Tri,16.75,107.2,28.0,80,17.6,36,1005.8,1
2022-09-18,Quang_Tri,16.75,107.2,27.9,78,11.8,62,1006.7,1
2022-09-19,Quang_Tri,16.75,107.2,29.0,71,14.7,96,1006.4,1
2022-09-20,Quang_Tri,16.75,107.2,29.2,69,14.4,99,1005.8,1
2022-09-21,Quang_Tri,16.75,107.2,27.4,79,13.9,98,1007.0,1
2022-09-22,Quang_Tri,16.75,107.2,26.2,86,13.0,99,1007.6,1
2022-09-23,Quang_Tri,16.75,107.2,25.3,92,9.4,100,1008.0,1
2022-09-24,Quang_Tri,16.75,107.2,25.4,90,8.6,100,1007.6,1
2022-09-25,Quang_Tri,16.75,107.2,25.0,92,9.7,88,1008.7,1
2022-09-26,Quang_Tri,16.75,107.2,26.1,86,11.7,81,1008.2,1
2022-09-27,Quang_Tri,16.75,107.2,24.9,90,31.9,100,1004.2,1
2022-09-28,Quang_Tri,16.75,107.2,27.1,83,39.7,97,995.9,1
2022-09-29,Quang_Tri,16.75,107.2,26.9,82,13.2,94,1002.1,1
2022-09-30,Quang_Tri,16.75,107.2,27.0,87,9.2,99,1006.5,1
2022-10-01,Quang_Tri,16.75,107.2,26.7,89,10.1,100,1008.2,1
2022-10-02,Quang_Tri,16.75,107.2,27.0,86,20.1,96,1008.8,1
2022-10-03,Quang_Tri,16.75,107.2,26.7,85,18.8,50,1010.2,1
2022-10-04,Quang_Tri,16.75,107.2,26.1,87,14.9,80,1012.0,1
2022-10-05,Quang_Tri,16.75,107.2,25.6,89,15.3,96,1012.1,1
2022-10-06,Quang_Tri,16.75,107.2,25.6,89,17.1,84,1012.0,1
2022-10-07,Quang_Tri,16.75,107.2,25.9,89,15.0,83,1011.9,1
2022-10-08,Quang_Tri,16.75,107.2,25.1,90,15.5,99,1012.3,1
2022-10-09,Quang_Tri,16.75,107.2,24.5,93,17.4,100,1013.4,1
2022-10-10,Quang_Tri,16.75,107.2,24.9,85,27.5,88,1015.3,1
2022-10-11,Quang_Tri,16.75,107.2,25.1,76,21.1,100,1014.5,1
2022-10-12,Quang_Tri,16.75,107.2,24.2,78,19.6,93,1013.5,1
2022-10-13,Quang_Tri,16.75,107.2,25.1,68,21.4,96,1011.8,1
2022-10-14,Quang_Tri,16.75,107.2,24.0,83,41.9,100,1008.2,1
2022-10-15,Quang_Tri,16.75,107.2,24.9,92,41.7,100,1006.4,1
2022-10-16,Quang_Tri,16.75,107.2,25.4,76,22.6,99,1011.2,1
2022-10-17,Quang_Tri,16.75,107.2,24.1,73,28.5,97,1012.2,1
2022-10-18,Quang_Tri,16.75,107.2,25.2,65,28.4,100,1011.8,1
2022-10-19,Quang_Tri,16.75,107.2,23.1,82,28.5,100,1011.8,1
2022-10-20,Quang_Tri,16.75,107.2,21.3,80,26.3,99,1013.0,1
2022-10-21,Quang_Tri,16.75,107.2,23.4,83,19.6,90,1013.9,1
2022-10-22,Quang_Tri,16.75,107.2,23.9,92,23.9,100,1013.8,1
2022-10-23,Quang_Tri,16.75,107.2,24.7,86,17.3,63,1013.8,1
2022-10-24,Quang_Tri,16.75,107.2,25.4,85,16.2,64,1012.3,1
2022-10-25,Quang_Tri,16.75,107.2,24.5,94,14.4,100,1012.6,1
2022-10-26,Quang_Tri,16.75,107.2,25.9,82,19.8,84,1012.5,1
2022-10-27,Quang_Tri,16.75,107.2,25.3,86,16.6,99,1012.6,1
2022-10-28,Quang_Tri,16.75,107.2,25.0,82,20.3,99,1012.6,1
2022-10-29,Quang_Tri,16.75,107.2,24.9,79,23.2,85,1012.1,1
2022-10-30,Quang_Tri,16.75,107.2,24.9,80,21.2,100,1011.5,1
2022-10-31,Quang_Tri,16.75,107.2,24.7,72,28.4,94,1011.9,1
2022-11-01,Quang_Tri,16.75,107.2,24.1,66,26.3,90,1012.2,0
2022-11-02,Quang_Tri,16.75,107.2,22.9,72,15.3,93,1011.5,0
2022-11-03,Quang_Tri,16.75,107.2,22.0,78,13.6,53,1012.6,0
2022-11-04,Quang_Tri,16.75,107.2,22.2,87,19.9,49,1014.9,1
2022-11-05,Quang_Tri,16.75,107.2,23.1,88,16.5,63,1016.5,1
2022-11-06,Quang_Tri,16.75,107.2,23.3,86,17.6,55,1016.1,1
2022-11-07,Quang_Tri,16.75,107.2,23.1,84,16.6,48,1015.0,1
2022-11-08,Quang_Tri,16.75,107.2,23.6,83,20.0,46,1014.8,1
2022-11-09,Quang_Tri,16.75,107.2,24.2,87,14.8,80,1014.3,1
2022-11-10,Quang_Tri,16.75,107.2,24.4,91,15.2,55,1013.8,1
2022-11-11,Quang_Tri,16.75,107.2,24.8,88,15.9,60,1013.6,1
2022-11-12,Quang_Tri,16.75,107.2,24.5,89,14.5,93,1012.7,1
2022-11-13,Quang_Tri,16.75,107.2,25.3,88,18.1,75,1012.7,1
2022-11-14,Quang_Tri,16.75,107.2,25.5,88,15.8,61,1013.0,1
2022-11-15,Quang_Tri,16.75,107.2,25.2,89,13.9,65,1012.4,1
2022-11-16,Quang_Tri,16.75,107.2,25.5,87,15.6,24,1011.1,1
2022-11-17,Quang_Tri,16.75,107.2,25.9,86,15.2,25,1010.6,1
2022-11-18,Quang_Tri,16.75,107.2,25.8,87,17.1,59,1011.8,1
2022-11-19,Quang_Tri,16.75,107.2,25.0,88,17.7,99,1011.7,1
2022-11-20,Quang_Tri,16.75,107.2,24.2,92,14.8,99,1010.2,1
2022-11-21,Quang_Tri,16.75,107.2,24.8,90,16.7,100,1008.6,1
2022-11-22,Quang_Tri,16.75,107.2,25.4,90,12.9,94,1008.2,1
2022-11-23,Quang_Tri,16.75,107.2,25.5,90,14.4,99,1009.6,1
2022-11-24,Quang_Tri,16.75,107.2,25.7,90,15.0,89,1010.5,1
2022-11-25,Quang_Tri,16.75,107.2,26.1,88,15.2,75,1012.0,1
2022-11-26,Quang_Tri,16.75,107.2,25.5,90,15.7,58,1011.3,1
2022-11-27,Quang_Tri,16.75,107.2,25.7,89,11.5,55,1009.4,1
2022-11-28,Quang_Tri,16.75,107.2,26.5,88,11.1,80,1009.4,1
2022-11-29,Quang_Tri,16.75,107.2,26.8,87,15.3,17,1010.1,1
2022-11-30,Quang_Tri,16.75,107.2,25.9,86,17.7,39,1012.1,1
2022-12-01,Quang_Tri,16.75,107.2,24.3,91,17.7,95,1014.1,1
2022-12-02,Quang_Tri,16.75,107.2,22.6,92,26.8,100,1014.2,1
2022-12-03,Quang_Tri,16.75,107.2,21.8,93,14.8,100,1013.6,1
2022-12-04,Quang_Tri,16.75,107.2,24.1,90,14.6,96,1014.1,1
2022-12-05,Quang_Tri,16.75,107.2,22.7,91,27.0,100,1015.7,1
2022-12-06,Quang_Tri,16.75,107.2,21.6,93,16.9,100,1015.5,1
2022-12-07,Quang_Tri,16.75,107.2,22.4,90,14.9,99,1014.7,1
2022-12-08,Quang_Tri,16.75,107.2,22.8,92,14.5,100,1014.5,1
2022-12-09,Quang_Tri,16.75,107.2,22.7,93,14.7,100,1013.6,1
2022-12-10,Quang_Tri,16.75,107.2,22.5,90,11.3,86,1013.3,1
2022-12-11,Quang_Tri,16.75,107.2,21.4,90,12.2,91,1014.6,1
2022-12-12,Quang_Tri,16.75,107.2,21.1,79,23.8,70,1016.5,1
2022-12-13,Quang_Tri,16.75,107.2,20.6,68,20.1,53,1017.2,1
2022-12-14,Quang_Tri,16.75,107.2,20.3,73,24.4,79,1018.1,1
2022-12-15,Quang_Tri,16.75,107.2,20.1,75,9.4,88,1015.3,1
2022-12-16,Quang_Tri,16.75,107.2,20.0,87,15.5,79,1014.4,1
2022-12-17,Quang_Tri,16.75,107.2,20.3,87,33.3,100,1019.4,1
2022-12-18,Quang_Tri,16.75,107.2,17.9,74,29.3,100,1021.9,1
2022-12-19,Quang_Tri,16.75,107.2,18.2,82,13.0,100,1017.7,1
2022-12-20,Quang_Tri,16.75,107.2,19.5,84,13.6,100,1014.8,0
2022-12-21,Quang_Tri,16.75,107.2,20.1,87,24.4,96,1014.9,1
2022-12-22,Quang_Tri,16.75,107.2,19.3,77,14.4,88,1014.8,1
2022-12-23,Quang_Tri,16.75,107.2,19.0,84,12.6,71,1015.5,1
2022-12-24,Quang_Tri,16.75,107.2,20.1,79,20.3,66,1017.1,1
2022-12-25,Quang_Tri,16.75,107.2,20.0,80,18.4,42,1017.9,1
2022-12-26,Quang_Tri,16.75,107.2,20.2,82,13.3,45,1018.7,1
2022-12-27,Quang_Tri,16.75,107.2,20.2,86,18.4,66,1018.1,1
2022-12-28,Quang_Tri,16.75,107.2,20.3,88,17.8,85,1018.4,1
2022-12-29,Quang_Tri,16.75,107.2,19.6,92,23.5,100,1020.3,1
2022-12-30,Quang_Tri,16.75,107.2,18.7,92,22.3,100,1022.2,1
2022-12-31,Quang_Tri,16.75,107.2,18.8,88,19.5,100,1021.4,1
2023-01-01,Quang_Tri,16.75,107.2,18.8,88,20.1,100,1020.6,1
2023-01-02,Quang_Tri,16.75,107.2,19.1,93,18.3,100,1020.5,1
2023-01-03,Quang_Tri,16.75,107.2,19.5,91,20.9,100,1020.7,1
2023-01-04,Quang_Tri,16.75,107.2,19.7,95,11.3,100,1019.3,1
2023-01-05,Quang_Tri,16.75,107.2,21.4,87,17.4,100,1019.3,1
2023-01-06,Quang_Tri,16.75,107.2,21.1,83,27.9,96,1020.1,1
2023-01-07,Quang_Tri,16.75,107.2,20.8,76,21.7,100,1018.1,1
2023-01-08,Quang_Tri,16.75,107.2,19.7,88,15.4,100,1016.7,1
2023-01-09,Quang_Tri,16.75,107.2,19.8,93,16.9,100,1017.0,1
2023-01-10,Quang_Tri,16.75,107.2,20.0,91,13.8,100,1015.9,1
2023-01-11,Quang_Tri,16.75,107.2,20.9,88,13.8,100,1013.9,1
2023-01-12,Quang_Tri,16.75,107.2,21.6,92,8.4,91,1011.9,1
2023-01-13,Quang_Tri,16.75,107.2,24.0,84,18.4,44,1010.0,0
2023-01-14,Quang_Tri,16.75,107.2,23.9,74,21.2,0,1007.8,0
2023-01-15,Quang_Tri,16.75,107.2,22.5,82,18.9,16,1010.2,1
2023-01-16,Quang_Tri,16.75,107.2,19.8,86,21.7,93,1017.2,1
2023-01-17,Quang_Tri,16.75,107.2,18.2,91,23.5,100,1019.5,1
2023-01-18,Quang_Tri,16.75,107.2,18.1,91,26.1,100,1021.2,1
2023-01-19,Quang_Tri,16.75,107.2,18.3,91,14.4,91,1019.5,1
2023-01-20,Quang_Tri,16.75,107.2,19.4,87,19.0,99,1018.9,1
2023-01-21,Quang_Tri,16.75,107.2,19.1,92,10.5,99,1016.5,1
2023-01-22,Quang_Tri,16.75,107.2,20.8,90,12.8,82,1013.7,1
2023-01-23,Quang_Tri,16.75,107.2,22.3,91,13.8,94,1013.2,1
2023-01-24,Quang_Tri,16.75,107.2,19.2,88,31.1,100,1019.8,1
2023-01-25,Quang_Tri,16.75,107.2,18.2,80,21.1,90,1018.6,1
2023-01-26,Quang_Tri,16.75,107.2,18.3,89,14.6,68,1015.0,1
2023-01-27,Quang_Tri,16.75,107.2,19.7,86,29.8,98,1018.2,1
2023-01-28,Quang_Tri,16.75,107.2,16.8,84,24.6,100,1020.5,1
2023-01-29,Quang_Tri,16.75,107.2,17.3,73,22.9,95,1020.8,1
2023-01-30,Quang_Tri,16.75,107.2,18.0,66,14.8,80,1019.7,0
2023-01-31,Quang_Tri,16.75,107.2,17.0,85,11.9,48,1014.7,0
2023-02-01,Quang_Tri,16.75,107.2,20.0,90,13.7,45,1012.0,0
2023-02-02,Quang_Tri,16.75,107.2,21.7,93,13.3,92,1013.3,1
2023-02-03,Quang_Tri,16.75,107.2,23.6,90,19.5,45,1013.2,1
2023-02-04,Quang_Tri,16.75,107.2,23.4,89,17.6,62,1011.9,0
2023-02-05,Quang_Tri,16.75,107.2,23.7,88,14.5,60,1011.0,0
2023-02-06,Quang_Tri,16.75,107.2,23.4,89,13.6,70,1010.4,0
2023-02-07,Quang_Tri,16.75,107.2,23.3,91,13.0,69,1010.8,0
2023-02-08,Quang_Tri,16.75,107.2,24.3,88,15.9,66,1011.0,1
2023-02-09,Quang_Tri,16.75,107.2,24.2,88,14.3,56,1011.1,1
2023-02-10,Quang_Tri,16.75,107.2,24.6,87,14.4,62,1011.1,0
2023-02-11,Quang_Tri,16.75,107.2,24.6,88,14.5,40,1009.8,0
2023-02-12,Quang_Tri,16.75,107.2,25.5,86,15.9,59,1009.3,0
2023-02-13,Quang_Tri,16.75,107.2,25.8,85,15.9,45,1009.4,0
2023-02-14,Quang_Tri,16.75,107.2,23.1,92,25.3,96,1013.4,1
2023-02-15,Quang_Tri,16.75,107.2,21.1,92,21.8,100,1017.4,1
2023-02-16,Quang_Tri,16.75,107.2,21.6,84,24.3,50,1019.1,1
2023-02-17,Quang_Tri,16.75,107.2,20.8,85,15.8,71,1017.7,1
2023-02-18,Quang_Tri,16.75,107.2,21.8,86,13.8,96,1015.4,1
2023-02-19,Quang_Tri,16.75,107.2,22.1,87,18.8,94,1016.1,1
2023-02-20,Quang_Tri,16.75,107.2,21.5,87,12.7,89,1016.5,1
2023-02-21,Quang_Tri,16.75,107.2,21.5,84,19.9,74,1017.6,1
2023-02-22,Quang_Tri,16.75,107.2,21.4,82,19.5,84,1017.5,1
2023-02-23,Quang_Tri,16.75,107.2,21.9,82,16.9,61,1015.5,1
2023-02-24,Quang_Tri,16.75,107.2,20.8,85,16.3,58,1016.9,1
2023-02-25,Quang_Tri,16.75,107.2,19.9,88,26.5,100,1022.2,1
2023-02-26,Quang_Tri,16.75,107.2,19.9,80,23.4,88,1024.2,1
2023-02-27,Quang_Tri,16.75,107.2,19.6,83,16.4,99,1022.8,1
2023-02-28,Quang_Tri,16.75,107.2,20.8,86,15.6,100,1020.3,1
2023-03-01,Quang_Tri,16.75,107.2,21.3,88,19.0,60,1019.3,1
2023-03-02,Quang_Tri,16.75,107.2,21.4,84,14.5,49,1020.8,1
2023-03-03,Quang_Tri,16.75,107.2,20.8,84,18.7,39,1021.0,1
2023-03-04,Quang_Tri,16.75,107.2,21.0,87,17.8,53,1021.7,1
2023-03-05,Quang_Tri,16.75,107.2,20.4,86,17.9,41,1020.6,1
2023-03-06,Quang_Tri,16.75,107.2,20.7,85,15.8,29,1018.5,1
2023-03-07,Quang_Tri,16.75,107.2,21.1,83,19.1,32,1017.4,1
2023-03-08,Quang_Tri,16.75,107.2,20.6,86,16.3,22,1016.9,0
2023-03-09,Quang_Tri,16.75,107.2,21.4,87,12.9,32,1017.2,1
2023-03-10,Quang_Tri,16.75,107.2,21.4,85,16.3,5,1014.9,0
2023-03-11,Quang_Tri,16.75,107.2,21.4,86,17.0,72,1014.8,0
2023-03-12,Quang_Tri,16.75,107.2,22.6,86,14.3,78,1016.5,1
2023-03-13,Quang_Tri,16.75,107.2,22.0,85,21.0,98,1017.6,1
2023-03-14,Quang_Tri,16.75,107.2,20.6,87,12.4,82,1014.3,1
2023-03-15,Quang_Tri,16.75,107.2,22.1,87,18.8,74,1013.0,0
2023-03-16,Quang_Tri,16.75,107.2,23.6,84,18.1,95,1014.7,1
2023-03-17,Quang_Tri,16.75,107.2,23.5,86,14.1,91,1013.5,1
2023-03-18,Quang_Tri,16.75,107.2,23.8,85,15.2,76,1012.5,1
2023-03-19,Quang_Tri,16.75,107.2,23.8,86,15.7,77,1010.7,1
2023-03-20,Quang_Tri,16.75,107.2,24.8,87,12.7,55,1008.3,0
2023-03-21,Quang_Tri,16.75,107.2,27.3,81,17.4,37,1006.5,0
2023-03-22,Quang_Tri,16.75,107.2,27.9,76,15.5,17,1005.0,0
2023-03-23,Quang_Tri,16.75,107.2,28.6,76,14.5,30,1005.0,0
2023-03-24,Quang_Tri,16.75,107.2,28.4,80,15.1,45,1006.3,0
2023-03-25,Quang_Tri,16.75,107.2,27.6,85,13.0,40,1007.3,1
2023-03-26,Quang_Tri,16.75,107.2,26.1,87,16.0,57,1008.8,1
2023-03-27,Quang_Tri,16.75,107.2,25.9,87,15.9,80,1010.6,1
2023-03-28,Quang_Tri,16.75,107.2,24.2,88,17.5,100,1012.9,1
2023-03-29,Quang_Tri,16.75,107.2,24.0,87,14.8,94,1012.3,1
2023-03-30,Quang_Tri,16.75,107.2,24.3,89,16.7,100,1010.5,1
2023-03-31,Quang_Tri,16.75,107.2,26.1,86,11.7,64,1009.6,1
2023-04-01,Quang_Tri,16.75,107.2,26.4,88,12.9,56,1008.4,0
2023-04-02,Quang_Tri,16.75,107.2,26.9,87,13.7,65,1007.2,1
2023-04-03,Quang_Tri,16.75,107.2,27.8,84,12.6,39,1006.4,1
2023-04-04,Quang_Tri,16.75,107.2,28.6,79,12.5,29,1005.1,1
2023-04-05,Quang_Tri,16.75,107.2,29.4,74,13.4,10,1005.5,0
2023-04-06,Quang_Tri,16.75,107.2,29.3,75,13.1,34,1007.0,0
2023-04-07,Quang_Tri,16.75,107.2,27.0,86,15.3,59,1011.5,1
2023-04-08,Quang_Tri,16.75,107.2,26.7,83,16.3,51,1014.6,1
2023-04-09,Quang_Tri,16.75,107.2,24.8,85,14.1,92,1014.5,1
2023-04-10,Quang_Tri,16.75,107.2,26.7,83,19.9,84,1010.6,1
2023-04-11,Quang_Tri,16.75,107.2,27.5,83,15.9,65,1008.0,0
2023-04-12,Quang_Tri,16.75,107.2,27.3,85,15.5,43,1008.1,0
2023-04-13,Quang_Tri,16.75,107.2,27.7,85,18.2,84,1008.1,1
2023-04-14,Quang_Tri,16.75,107.2,28.4,83,18.8,93,1007.0,0
2023-04-15,Quang_Tri,16.75,107.2,27.2,88,16.9,94,1008.4,1
2023-04-16,Quang_Tri,16.75,107.2,26.4,88,13.2,99,1008.6,1
2023-04-17,Quang_Tri,16.75,107.2,28.5,82,19.1,87,1007.4,0
2023-04-18,Quang_Tri,16.75,107.2,30.3,73,14.9,15,1006.2,0
2023-04-19,Quang_Tri,16.75,107.2,31.5,67,22.1,7,1002.7,0
2023-04-20,Quang_Tri,16.75,107.2,31.4,67,18.8,29,1001.3,0
2023-04-21,Quang_Tri,16.75,107.2,31.0,68,20.3,24,1002.4,1
2023-04-22,Quang_Tri,16.75,107.2,30.4,70,16.1,18,1004.3,0
2023-04-23,Quang_Tri,16.75,107.2,29.9,77,12.1,52,1007.0,1
2023-04-24,Quang_Tri,16.75,107.2,28.7,78,14.5,55,1009.6,1
2023-04-25,Quang_Tri,16.75,107.2,27.7,82,17.9,66,1010.2,1
2023-04-26,Quang_Tri,16.75,107.2,26.0,83,17.7,90,1011.5,1
2023-04-27,Quang_Tri,16.75,107.2,26.8,80,17.6,54,1010.7,1
2023-04-28,Quang_Tri,16.75,107.2,27.6,79,16.3,33,1009.3,0
2023-04-29,Quang_Tri,16.75,107.2,27.7,82,19.3,39,1009.0,1
2023-04-30,Quang_Tri,16.75,107.2,26.1,83,16.9,78,1010.9,1
2023-05-01,Quang_Tri,16.75,107.2,26.1,78,13.5,83,1011.2,1
2023-05-02,Quang_Tri,16.75,107.2,27.6,77,20.2,34,1010.4,0
2023-05-03,Quang_Tri,16.75,107.2,28.7,76,16.2,23,1009.3,0
2023-05-04,Quang_Tri,16.75,107.2,31.1,69,14.1,56,1005.4,0
2023-05-05,Quang_Tri,16.75,107.2,32.9,61,20.5,61,1002.1,0
2023-05-06,Quang_Tri,16.75,107.2,33.9,58,19.6,55,1000.7,0
2023-05-07,Quang_Tri,16.75,107.2,34.0,58,17.9,54,1001.1,1
2023-05-08,Quang_Tri,16.75,107.2,30.1,70,16.1,88,1005.9,1
2023-05-09,Quang_Tri,16.75,107.2,28.4,80,12.7,85,1008.3,1
2023-05-10,Quang_Tri,16.75,107.2,28.6,80,15.9,62,1008.5,1
2023-05-11,Quang_Tri,16.75,107.2,27.7,85,14.3,96,1009.9,1
2023-05-12,Quang_Tri,16.75,107.2,26.2,89,12.0,100,1010.6,1
2023-05-13,Quang_Tri,16.75,107.2,25.9,81,18.4,92,1011.3,1
2023-05-14,Quang_Tri,16.75,107.2,26.1,82,18.0,100,1010.9,1
2023-05-15,Quang_Tri,16.75,107.2,27.6,82,12.7,94,1009.5,1
2023-05-16,Quang_Tri,16.75,107.2,29.9,74,19.8,64,1007.2,0
2023-05-17,Quang_Tri,16.75,107.2,30.7,66,22.6,64,1006.4,0
2023-05-18,Quang_Tri,16.75,107.2,31.5,60,21.6,50,1005.5,0
2023-05-19,Quang_Tri,16.75,107.2,32.5,56,17.9,35,1004.6,1
2023-05-20,Quang_Tri,16.75,107.2,32.5,58,12.3,59,1004.8,1
2023-05-21,Quang_Tri,16.75,107.2,32.6,60,18.2,58,1006.0,1
2023-05-22,Quang_Tri,16.75,107.2,32.8,59,17.3,66,1006.1,0
2023-05-23,Quang_Tri,16.75,107.2,32.7,57,21.8,37,1005.7,1
2023-05-24,Quang_Tri,16.75,107.2,30.9,65,19.3,54,1006.4,1
2023-05-25,Quang_Tri,16.75,107.2,29.4,72,17.9,81,1007.4,1
2023-05-26,Quang_Tri,16.75,107.2,29.0,75,12.9,46,1007.8,1
2023-05-27,Quang_Tri,16.75,107.2,29.1,76,12.4,19,1006.4,1
2023-05-28,Quang_Tri,16.75,107.2,28.5,80,17.0,29,1006.5,1
2023-05-29,Quang_Tri,16.75,107.2,28.1,83,15.9,28,1007.0,1
2023-05-30,Quang_Tri,16.75,107.2,29.0,80,11.7,26,1005.9,1
2023-05-31,Quang_Tri,16.75,107.2,30.9,66,17.9,37,1003.6,0
2023-06-01,Quang_Tri,16.75,107.2,32.4,59,23.0,52,1002.2,1
2023-06-02,Quang_Tri,16.75,107.2,32.8,56,23.7,47,1003.3,1
2023-06-03,Quang_Tri,16.75,107.2,32.2,59,18.1,53,1005.0,1
2023-06-04,Quang_Tri,16.75,107.2,30.7,68,18.7,65,1005.3,1
2023-06-05,Quang_Tri,16.75,107.2,29.1,75,17.2,94,1004.6,1
2023-06-06,Quang_Tri,16.75,107.2,28.3,79,14.2,95,1004.5,1
2023-06-07,Quang_Tri,16.75,107.2,27.9,83,19.6,100,1005.6,1
2023-06-08,Quang_Tri,16.75,107.2,30.1,66,21.3,99,1004.8,1
2023-06-09,Quang_Tri,16.75,107.2,30.7,62,25.0,99,1003.4,1
2023-06-10,Quang_Tri,16.75,107.2,28.9,71,27.9,100,1002.3,1
2023-06-11,Quang_Tri,16.75,107.2,30.8,62,31.1,100,1001.6,0
2023-06-12,Quang_Tri,16.75,107.2,32.2,57,24.7,100,1002.4,1
2023-06-13,Quang_Tri,16.75,107.2,32.8,53,28.7,100,1003.0,0
2023-06-14,Quang_Tri,16.75,107.2,32.1,56,29.2,100,1004.8,1
2023-06-15,Quang_Tri,16.75,107.2,33.1,52,20.9,100,1004.7,0
2023-06-16,Quang_Tri,16.75,107.2,31.9,61,21.3,99,1004.4,1
2023-06-17,Quang_Tri,16.75,107.2,31.0,69,22.6,98,1005.4,1
2023-06-18,Quang_Tri,16.75,107.2,31.4,63,22.5,96,1005.5,1
2023-06-19,Quang_Tri,16.75,107.2,32.1,58,23.1,79,1005.0,1
2023-06-20,Quang_Tri,16.75,107.2,32.2,57,20.4,39,1004.9,1
2023-06-21,Quang_Tri,16.75,107.2,32.3,59,22.1,28,1005.6,1
2023-06-22,Quang_Tri,16.75,107.2,32.9,55,23.8,25,1005.3,1
2023-06-23,Quang_Tri,16.75,107.2,33.0,55,25.4,93,1004.2,1
2023-06-24,Quang_Tri,16.75,107.2,30.4,72,17.3,100,1004.2,1
2023-06-25,Quang_Tri,16.75,107.2,29.1,78,9.5,100,1005.2,1
2023-06-26,Quang_Tri,16.75,107.2,28.6,81,8.8,100,1005.7,1
2023-06-27,Quang_Tri,16.75,107.2,29.1,78,12.3,97,1006.7,1
2023-06-28,Quang_Tri,16.75,107.2,29.4,76,11.2,60,1007.4,1
2023-06-29,Quang_Tri,16.75,107.2,30.1,74,15.9,28,1005.6,1
2023-06-30,Quang_Tri,16.75,107.2,31.6,65,20.6,42,1004.0,0
2023-07-01,Quang_Tri,16.75,107.2,31.8,62,22.9,56,1004.3,1
2023-07-02,Quang_Tri,16.75,107.2,31.4,63,23.1,99,1005.5,1
2023-07-03,Quang_Tri,16.75,107.2,30.9,66,19.3,99,1006.2,0
2023-07-04,Quang_Tri,16.75,107.2,31.0,61,22.7,88,1006.7,1
2023-07-05,Quang_Tri,16.75,107.2,31.6,57,18.3,44,1006.2,1
2023-07-06,Quang_Tri,16.75,107.2,32.0,57,17.0,13,1006.7,1
2023-07-07,Quang_Tri,16.75,107.2,32.5,59,19.8,24,1006.7,1
2023-07-08,Quang_Tri,16.75,107.2,32.4,64,11.7,23,1007.1,1
2023-07-09,Quang_Tri,16.75,107.2,31.0,66,13.1,40,1007.6,1
2023-07-10,Quang_Tri,16.75,107.2,30.5,69,14.1,64,1007.1,1
2023-07-11,Quang_Tri,16.75,107.2,31.9,60,17.8,49,1006.6,1
2023-07-12,Quang_Tri,16.75,107.2,32.3,59,21.6,79,1006.4,1
2023-07-13,Quang_Tri,16.75,107.2,32.8,57,22.2,44,1004.8,1
2023-07-14,Quang_Tri,16.75,107.2,33.0,57,22.8,95,1003.7,1
2023-07-15,Quang_Tri,16.75,107.2,31.6,61,28.5,91,1002.2,1
2023-07-16,Quang_Tri,16.75,107.2,30.8,62,27.6,100,1000.2,1
2023-07-17,Quang_Tri,16.75,107.2,28.0,77,25.6,100,999.2,1
2023-07-18,Quang_Tri,16.75,107.2,31.4,59,30.0,98,999.6,1
2023-07-19,Quang_Tri,16.75,107.2,30.3,68,14.8,73,1002.6,1
2023-07-20,Quang_Tri,16.75,107.2,29.4,77,14.0,72,1004.2,1
2023-07-21,Quang_Tri,16.75,107.2,29.7,76,18.7,66,1006.7,1
2023-07-22,Quang_Tri,16.75,107.2,29.8,74,19.2,25,1008.5,1
2023-07-23,Quang_Tri,16.75,107.2,29.6,74,16.0,37,1007.6,1
2023-07-24,Quang_Tri,16.75,107.2,29.6,73,15.9,36,1005.8,1
2023-07-25,Quang_Tri,16.75,107.2,29.4,71,16.3,61,1005.6,1
2023-07-26,Quang_Tri,16.75,107.2,31.0,65,16.6,53,1004.2,1
2023-07-27,Quang_Tri,16.75,107.2,32.4,58,28.2,100,1001.3,1
2023-07-28,Quang_Tri,16.75,107.2,32.8,56,31.7,96,999.2,0
2023-07-29,Quang_Tri,16.75,107.2,31.8,62,24.1,89,1000.8,1
2023-07-30,Quang_Tri,16.75,107.2,31.7,58,23.6,97,1002.6,1
2023-07-31,Quang_Tri,16.75,107.2,31.4,59,26.1,98,1003.9,0
2023-08-01,Quang_Tri,16.75,107.2,29.6,67,26.6,100,1003.8,1
2023-08-02,Quang_Tri,16.75,107.2,27.5,76,24.3,100,1003.6,1
2023-08-03,Quang_Tri,16.75,107.2,27.7,80,21.9,100,1003.3,1
2023-08-04,Quang_Tri,16.75,107.2,27.7,77,20.8,100,1005.4,1
2023-08-05,Quang_Tri,16.75,107.2,30.0,65,27.9,100,1005.5,0
2023-08-06,Quang_Tri,16.75,107.2,30.1,64,29.7,100,1003.2,0
2023-08-07,Quang_Tri,16.75,107.2,30.4,60,33.0,80,1002.4,0
2023-08-08,Quang_Tri,16.75,107.2,31.5,59,26.9,34,1003.8,0
2023-08-09,Quang_Tri,16.75,107.2,31.7,56,28.6,75,1005.6,0
2023-08-10,Quang_Tri,16.75,107.2,33.2,52,27.9,69,1004.9,0
2023-08-11,Quang_Tri,16.75,107.2,32.6,54,29.4,95,1003.7,1
2023-08-12,Quang_Tri,16.75,107.2,32.1,56,28.7,86,1003.1,1
2023-08-13,Quang_Tri,16.75,107.2,32.6,55,24.5,99,1003.2,1
2023-08-14,Quang_Tri,16.75,107.2,32.6,54,26.6,98,1003.8,1
2023-08-15,Quang_Tri,16.75,107.2,31.9,59,23.5,97,1005.0,1
2023-08-16,Quang_Tri,16.75,107.2,32.1,60,19.6,96,1005.9,1
2023-08-17,Quang_Tri,16.75,107.2,32.3,60,18.3,72,1005.6,1
2023-08-18,Quang_Tri,16.75,107.2,32.6,59,18.7,66,1003.9,1
2023-08-19,Quang_Tri,16.75,107.2,32.7,58,16.9,85,1004.2,1
2023-08-20,Quang_Tri,16.75,107.2,31.3,64,17.2,99,1004.6,1
2023-08-21,Quang_Tri,16.75,107.2,29.8,73,11.5,93,1005.7,1
2023-08-22,Quang_Tri,16.75,107.2,30.2,69,20.4,99,1005.2,1
2023-08-23,Quang_Tri,16.75,107.2,31.4,60,24.1,97,1004.0,1
2023-08-24,Quang_Tri,16.75,107.2,31.1,60,23.3,96,1004.7,1
2023-08-25,Quang_Tri,16.75,107.2,32.1,57,19.3,90,1004.9,1
2023-08-26,Quang_Tri,16.75,107.2,32.5,56,23.6,92,1004.0,0
2023-08-27,Quang_Tri,16.75,107.2,32.5,55,31.2,97,1002.2,1
2023-08-28,Quang_Tri,16.75,107.2,31.9,60,30.6,100,1001.7,1
2023-08-29,Quang_Tri,16.75,107.2,29.1,73,22.7,100,1003.5,1
2023-08-30,Quang_Tri,16.75,107.2,27.5,82,20.5,98,1005.6,1
2023-08-31,Quang_Tri,16.75,107.2,26.2,91,12.9,98,1005.9,1
2023-09-01,Quang_Tri,16.75,107.2,28.6,74,15.9,73,1004.7,1
2023-09-02,Quang_Tri,16.75,107.2,30.0,65,18.5,62,1002.8,1
2023-09-03,Quang_Tri,16.75,107.2,29.6,69,20.1,72,1002.3,1
2023-09-04,Quang_Tri,16.75,107.2,28.3,76,17.6,62,1003.5,1
2023-09-05,Quang_Tri,16.75,107.2,28.7,78,12.2,84,1005.3,1
2023-09-06,Quang_Tri,16.75,107.2,27.8,84,17.0,99,1006.5,1
2023-09-07,Quang_Tri,16.75,107.2,27.7,83,13.4,96,1006.7,1
2023-09-08,Quang_Tri,16.75,107.2,27.7,85,13.0,97,1006.3,1
2023-09-09,Quang_Tri,16.75,107.2,28.5,82,15.5,99,1005.0,1
2023-09-10,Quang_Tri,16.75,107.2,28.4,81,16.7,100,1004.5,1
2023-09-11,Quang_Tri,16.75,107.2,28.7,72,19.7,100,1004.8,0
2023-09-12,Quang_Tri,16.75,107.2,29.4,68,22.6,100,1005.1,0
2023-09-13,Quang_Tri,16.75,107.2,28.8,70,27.6,99,1005.4,1
2023-09-14,Quang_Tri,16.75,107.2,27.6,80,16.3,100,1005.9,1
2023-09-15,Quang_Tri,16.75,107.2,26.8,88,10.3,100,1006.7,1
2023-09-16,Quang_Tri,16.75,107.2,26.8,88,11.5,96,1008.0,1
2023-09-17,Quang_Tri,16.75,107.2,26.7,89,7.6,98,1007.9,1
2023-09-18,Quang_Tri,16.75,107.2,27.6,85,13.0,94,1008.9,1
2023-09-19,Quang_Tri,16.75,107.2,28.2,84,11.0,50,1009.7,1
2023-09-20,Quang_Tri,16.75,107.2,28.5,82,14.4,17,1008.8,1
2023-09-21,Quang_Tri,16.75,107.2,28.4,83,14.2,33,1009.0,1
2023-09-22,Quang_Tri,16.75,107.2,28.3,84,13.7,44,1008.9,1
2023-09-23,Quang_Tri,16.75,107.2,28.2,81,14.1,62,1008.7,1
2023-09-24,Quang_Tri,16.75,107.2,27.6,83,11.3,88,1007.0,1
2023-09-25,Quang_Tri,16.75,107.2,25.3,93,17.2,100,1004.8,1
2023-09-26,Quang_Tri,16.75,107.2,26.5,90,12.7,100,1002.9,1
2023-09-27,Quang_Tri,16.75,107.2,27.1,88,10.9,100,1006.3,1
2023-09-28,Quang_Tri,16.75,107.2,26.7,91,7.1,99,1009.3,1
2023-09-29,Quang_Tri,16.75,107.2,26.8,87,7.1,98,1010.8,1
2023-09-30,Quang_Tri,16.75,107.2,27.1,87,10.8,66,1010.3,1
2023-10-01,Quang_Tri,16.75,107.2,27.4,85,13.2,32,1008.5,1
2023-10-02,Quang_Tri,16.75,107.2,27.8,84,13.3,57,1009.3,1
2023-10-03,Quang_Tri,16.75,107.2,27.1,88,12.3,75,1009.7,1
2023-10-04,Quang_Tri,16.75,107.2,26.9,89,11.1,70,1009.5,1
2023-10-05,Quang_Tri,16.75,107.2,28.0,86,11.2,52,1008.0,1
2023-10-06,Quang_Tri,16.75,107.2,28.1,84,8.9,61,1007.9,1
2023-10-07,Quang_Tri,16.75,107.2,27.3,84,15.3,84,1009.0,1
2023-10-08,Quang_Tri,16.75,107.2,25.8,90,16.4,77,1011.2,1
2023-10-09,Quang_Tri,16.75,107.2,26.6,82,19.4,99,1012.4,1
2023-10-10,Quang_Tri,16.75,107.2,25.7,88,13.6,95,1012.8,1
2023-10-11,Quang_Tri,16.75,107.2,25.5,89,16.6,95,1013.6,1
2023-10-12,Quang_Tri,16.75,107.2,24.7,94,12.3,100,1014.2,1
2023-10-13,Quang_Tri,16.75,107.2,24.2,95,12.3,100,1013.1,1
2023-10-14,Quang_Tri,16.75,107.2,24.6,93,9.8,100,1011.2,1
2023-10-15,Quang_Tri,16.75,107.2,25.7,83,24.0,99,1010.3,1
2023-10-16,Quang_Tri,16.75,107.2,25.9,86,25.2,99,1010.9,1
2023-10-17,Quang_Tri,16.75,107.2,25.3,90,23.1,100,1010.2,1
2023-10-18,Quang_Tri,16.75,107.2,24.6,93,23.6,100,1009.6,1
2023-10-19,Quang_Tri,16.75,107.2,26.5,84,13.0,99,1010.5,1
2023-10-20,Quang_Tri,16.75,107.2,26.1,87,18.2,78,1012.5,1
2023-10-21,Quang_Tri,16.75,107.2,24.8,84,23.6,81,1015.4,1
2023-10-22,Quang_Tri,16.75,107.2,24.2,88,22.6,96,1015.1,1
2023-10-23,Quang_Tri,16.75,107.2,24.6,93,15.6,100,1013.9,1
2023-10-24,Quang_Tri,16.75,107.2,25.0,93,14.7,100,1012.7,1
2023-10-25,Quang_Tri,16.75,107.2,25.5,92,13.4,96,1012.4,1
2023-10-26,Quang_Tri,16.75,107.2,26.1,90,8.7,89,1012.1,1
2023-10-27,Quang_Tri,16.75,107.2,26.2,91,12.4,87,1011.8,1
2023-10-28,Quang_Tri,16.75,107.2,26.1,91,13.7,89,1011.6,1
2023-10-29,Quang_Tri,16.75,107.2,25.8,91,15.3,96,1012.3,1
2023-10-30,Quang_Tri,16.75,107.2,24.4,94,17.7,100,1013.8,1
2023-10-31,Quang_Tri,16.75,107.2,25.5,84,19.5,78,1015.2,1
2023-11-01,Quang_Tri,16.75,107.2,25.7,83,15.3,84,1014.9,1
2023-11-02,Quang_Tri,16.75,107.2,25.6,88,12.8,94,1013.1,1
2023-11-03,Quang_Tri,16.75,107.2,25.9,88,14.7,67,1010.8,1
2023-11-04,Quang_Tri,16.75,107.2,26.2,89,15.2,16,1010.9,1
2023-11-05,Quang_Tri,16.75,107.2,26.5,88,12.0,31,1011.9,1
2023-11-06,Quang_Tri,16.75,107.2,25.9,90,14.0,79,1012.8,1
2023-11-07,Quang_Tri,16.75,107.2,24.8,92,13.8,98,1013.3,1
2023-11-08,Quang_Tri,16.75,107.2,25.6,88,14.8,88,1012.1,1
2023-11-09,Quang_Tri,16.75,107.2,26.0,89,12.8,83,1012.0,1
2023-11-10,Quang_Tri,16.75,107.2,26.5,87,14.0,53,1013.2,1
2023-11-11,Quang_Tri,16.75,107.2,26.6,89,14.5,44,1014.0,1
2023-11-12,Quang_Tri,16.75,107.2,25.7,90,15.9,76,1015.1,1
2023-11-13,Quang_Tri,16.75,107.2,24.5,92,20.8,99,1016.3,1
2023-11-14,Quang_Tri,16.75,107.2,24.6,89,19.7,98,1017.2,1
2023-11-15,Quang_Tri,16.75,107.2,24.8,90,19.7,96,1016.8,1
2023-11-16,Quang_Tri,16.75,107.2,24.5,86,34.1,87,1019.5,1
2023-11-17,Quang_Tri,16.75,107.2,22.6,68,33.0,95,1022.0,1
2023-11-18,Quang_Tri,16.75,107.2,22.4,68,17.4,92,1019.9,1
2023-11-19,Quang_Tri,16.75,107.2,22.2,72,15.9,69,1018.1,0
2023-11-20,Quang_Tri,16.75,107.2,22.5,84,12.5,71,1016.6,1
2023-11-21,Quang_Tri,16.75,107.2,22.5,83,13.8,73,1014.6,1
2023-11-22,Quang_Tri,16.75,107.2,22.3,90,10.5,93,1013.2,1
2023-11-23,Quang_Tri,16.75,107.2,24.0,86,18.9,75,1013.7,1
2023-11-24,Quang_Tri,16.75,107.2,23.7,79,18.9,57,1015.7,1
2023-11-25,Quang_Tri,16.75,107.2,23.3,85,17.5,91,1015.8,1
2023-11-26,Quang_Tri,16.75,107.2,24.0,91,23.2,100,1016.1,1
2023-11-27,Quang_Tri,16.75,107.2,23.2,80,18.4,70,1016.6,1
2023-11-28,Quang_Tri,16.75,107.2,22.5,80,18.2,54,1015.8,0
2023-11-29,Quang_Tri,16.75,107.2,23.4,88,11.4,96,1014.9,1
2023-11-30,Quang_Tri,16.75,107.2,24.6,92,17.6,96,1015.4,1
2023-12-01,Quang_Tri,16.75,107.2,23.9,93,18.8,97,1015.5,1
2023-12-02,Quang_Tri,16.75,107.2,24.3,89,23.1,95,1015.8,1
2023-12-03,Quang_Tri,16.75,107.2,24.3,88,21.4,99,1016.0,1
2023-12-04,Quang_Tri,16.75,107.2,24.4,89,16.1,94,1014.7,1
2023-12-05,Quang_Tri,16.75,107.2,24.4,89,14.1,62,1013.5,1
2023-12-06,Quang_Tri,16.75,107.2,24.2,88,23.2,79,1014.9,1
2023-12-07,Quang_Tri,16.75,107.2,22.8,81,22.9,100,1016.3,1
2023-12-08,Quang_Tri,16.75,107.2,22.5,81,8.7,71,1014.2,0
2023-12-09,Quang_Tri,16.75,107.2,23.1,90,13.7,80,1011.8,0
2023-12-10,Quang_Tri,16.75,107.2,24.1,91,11.9,74,1010.3,0
2023-12-11,Quang_Tri,16.75,107.2,24.3,91,12.2,64,1012.2,0
2023-12-12,Quang_Tri,16.75,107.2,24.4,89,15.2,84,1013.7,1
2023-12-13,Quang_Tri,16.75,107.2,24.0,87,12.2,56,1015.3,1
2023-12-14,Quang_Tri,16.75,107.2,24.2,90,14.2,62,1015.0,1
2023-12-15,Quang_Tri,16.75,107.2,25.0,90,12.0,78,1013.6,1
2023-12-16,Quang_Tri,16.75,107.2,24.5,89,19.9,78,1015.1,1
2023-12-17,Quang_Tri,16.75,107.2,22.6,91,26.5,100,1017.6,1
2023-12-18,Quang_Tri,16.75,107.2,21.5,95,15.0,100,1017.5,1
2023-12-19,Quang_Tri,16.75,107.2,22.3,92,19.8,99,1017.4,1
2023-12-20,Quang_Tri,16.75,107.2,20.5,90,26.0,100,1019.6,1
2023-12-21,Quang_Tri,16.75,107.2,18.6,88,27.1,100,1022.0,1
2023-12-22,Quang_Tri,16.75,107.2,17.2,87,26.3,100,1024.8,1
2023-12-23,Quang_Tri,16.75,107.2,18.2,87,25.9,100,1024.7,1
2023-12-24,Quang_Tri,16.75,107.2,18.8,84,24.3,100,1025.1,1
2023-12-25,Quang_Tri,16.75,107.2,18.8,78,18.1,100,1023.0,1
2023-12-26,Quang_Tri,16.75,107.2,18.8,89,14.5,100,1021.4,1
2023-12-27,Quang_Tri,16.75,107.2,19.9,93,19.3,100,1020.7,1
2023-12-28,Quang_Tri,16.75,107.2,21.0,94,18.4,100,1018.8,1
2023-12-29,Quang_Tri,16.75,107.2,21.5,94,23.4,99,1016.9,1
2023-12-30,Quang_Tri,16.75,107.2,22.9,92,13.5,98,1015.4,1
2023-12-31,Quang_Tri,16.75,107.2,23.0,91,14.5,97,1015.7,1
2024-01-01,Quang_Tri,16.75,107.2,22.5,90,17.1,80,1015.5,1
2024-01-02,Quang_Tri,16.75,107.2,22.7,90,14.1,79,1014.8,1
2024-01-03,Quang_Tri,16.75,107.2,22.6,87,19.8,59,1016.0,1
2024-01-04,Quang_Tri,16.75,107.2,22.5,82,19.1,50,1016.4,1
2024-01-05,Quang_Tri,16.75,107.2,21.9,83,18.4,45,1016.3,1
2024-01-06,Quang_Tri,16.75,107.2,22.1,84,18.6,59,1016.8,1
2024-01-07,Quang_Tri,16.75,107.2,22.7,84,17.7,73,1016.7,1
2024-01-08,Quang_Tri,16.75,107.2,22.9,84,15.9,56,1015.5,1
2024-01-09,Quang_Tri,16.75,107.2,22.3,87,13.8,47,1014.2,1
2024-01-10,Quang_Tri,16.75,107.2,23.5,85,18.8,40,1014.3,1
2024-01-11,Quang_Tri,16.75,107.2,23.9,79,22.8,68,1014.7,1
2024-01-12,Quang_Tri,16.75,107.2,23.5,78,20.0,32,1014.6,1
2024-01-13,Quang_Tri,16.75,107.2,22.5,80,21.6,26,1015.4,1
2024-01-14,Quang_Tri,16.75,107.2,22.0,84,19.5,61,1016.9,1
2024-01-15,Quang_Tri,16.75,107.2,22.5,82,21.6,42,1017.2,1
2024-01-16,Quang_Tri,16.75,107.2,22.5,80,20.5,27,1016.5,1
2024-01-17,Quang_Tri,16.75,107.2,22.6,80,20.0,78,1015.6,1
2024-01-18,Quang_Tri,16.75,107.2,22.4,84,15.3,58,1014.6,1
2024-01-19,Quang_Tri,16.75,107.2,22.0,86,13.6,71,1013.7,0
2024-01-20,Quang_Tri,16.75,107.2,21.4,86,15.7,65,1014.1,0
2024-01-21,Quang_Tri,16.75,107.2,22.4,79,19.2,45,1015.8,0
2024-01-22,Quang_Tri,16.75,107.2,22.6,81,26.3,71,1017.1,1
2024-01-23,Quang_Tri,16.75,107.2,18.5,86,27.2,100,1022.7,1
2024-01-24,Quang_Tri,16.75,107.2,17.9,92,17.6,100,1023.4,1
2024-01-25,Quang_Tri,16.75,107.2,17.5,94,16.3,100,1023.9,1
2024-01-26,Quang_Tri,16.75,107.2,18.1,87,22.5,99,1022.9,1
2024-01-27,Quang_Tri,16.75,107.2,18.7,83,19.5,100,1021.8,1
2024-01-28,Quang_Tri,16.75,107.2,18.5,85,16.9,100,1021.4,1
2024-01-29,Quang_Tri,16.75,107.2,18.8,82,12.0,100,1020.1,0
2024-01-30,Quang_Tri,16.75,107.2,20.5,87,10.9,99,1017.7,1
2024-01-31,Quang_Tri,16.75,107.2,22.1,88,12.9,58,1015.6,0
2024-02-01,Quang_Tri,16.75,107.2,22.5,91,11.5,69,1014.8,0
2024-02-02,Quang_Tri,16.75,107.2,23.3,91,12.6,62,1013.7,0
2024-02-03,Quang_Tri,16.75,107.2,23.9,90,14.4,59,1013.6,0
2024-02-04,Quang_Tri,16.75,107.2,24.7,90,11.4,54,1013.4,1
2024-02-05,Quang_Tri,16.75,107.2,24.7,91,11.3,37,1013.5,1
2024-02-06,Quang_Tri,16.75,107.2,24.7,90,14.2,59,1014.1,1
2024-02-07,Quang_Tri,16.75,107.2,24.8,91,10.8,71,1012.5,1
2024-02-08,Quang_Tri,16.75,107.2,23.6,88,23.7,91,1013.6,1
2024-02-09,Quang_Tri,16.75,107.2,20.2,87,22.7,100,1019.8,1
2024-02-10,Quang_Tri,16.75,107.2,18.8,88,20.0,100,1024.0,1
2024-02-11,Quang_Tri,16.75,107.2,19.4,84,20.4,100,1024.1,1
2024-02-12,Quang_Tri,16.75,107.2,20.8,85,16.9,76,1021.4,1
2024-02-13,Quang_Tri,16.75,107.2,21.4,84,18.4,63,1018.7,1
2024-02-14,Quang_Tri,16.75,107.2,22.3,87,16.3,55,1016.5,1
2024-02-15,Quang_Tri,16.75,107.2,23.0,89,17.4,93,1016.8,1
2024-02-16,Quang_Tri,16.75,107.2,22.8,87,15.2,50,1017.6,1
2024-02-17,Quang_Tri,16.75,107.2,22.2,87,14.1,52,1013.5,1
2024-02-18,Quang_Tri,16.75,107.2,23.7,89,16.3,70,1011.4,0
2024-02-19,Quang_Tri,16.75,107.2,25.1,89,15.0,71,1010.8,0
2024-02-20,Quang_Tri,16.75,107.2,25.7,89,15.5,59,1010.0,0
2024-02-21,Quang_Tri,16.75,107.2,26.1,88,16.3,48,1009.8,0
2024-02-22,Quang_Tri,16.75,107.2,25.7,90,12.4,44,1011.5,0
2024-02-23,Quang_Tri,16.75,107.2,24.9,90,22.1,78,1013.7,1
2024-02-24,Quang_Tri,16.75,107.2,24.1,86,22.0,26,1016.0,1
2024-02-25,Quang_Tri,16.75,107.2,23.3,87,17.6,55,1016.8,1
2024-02-26,Quang_Tri,16.75,107.2,23.3,85,17.6,71,1016.8,1
2024-02-27,Quang_Tri,16.75,107.2,22.8,90,15.8,98,1016.5,1
2024-02-28,Quang_Tri,16.75,107.2,22.5,89,14.6,84,1014.5,1
2024-02-29,Quang_Tri,16.75,107.2,23.3,88,14.8,64,1014.2,1
2024-03-01,Quang_Tri,16.75,107.2,21.0,90,21.4,100,1017.3,1
2024-03-02,Quang_Tri,16.75,107.2,19.6,88,21.6,100,1018.4,1
2024-03-03,Quang_Tri,16.75,107.2,20.9,88,11.9,72,1014.2,1
2024-03-04,Quang_Tri,16.75,107.2,24.5,88,13.2,41,1008.5,0
2024-03-05,Quang_Tri,16.75,107.2,27.7,77,17.6,17,1006.2,0
2024-03-06,Quang_Tri,16.75,107.2,27.7,76,18.4,39,1006.6,0
2024-03-07,Quang_Tri,16.75,107.2,23.6,86,17.2,100,1012.0,1
2024-03-08,Quang_Tri,16.75,107.2,23.3,87,17.1,93,1013.7,1
2024-03-09,Quang_Tri,16.75,107.2,23.1,87,15.6,100,1013.9,1
2024-03-10,Quang_Tri,16.75,107.2,22.4,87,16.8,100,1015.7,1
2024-03-11,Quang_Tri,16.75,107.2,21.5,90,23.8,100,1017.5,1
2024-03-12,Quang_Tri,16.75,107.2,21.7,86,11.9,89,1016.1,1
2024-03-13,Quang_Tri,16.75,107.2,23.8,87,17.8,34,1013.0,1
2024-03-14,Quang_Tri,16.75,107.2,25.0,89,12.3,83,1011.7,1
2024-03-15,Quang_Tri,16.75,107.2,25.4,88,15.2,50,1011.7,1
2024-03-16,Quang_Tri,16.75,107.2,25.1,90,12.9,76,1012.6,1
2024-03-17,Quang_Tri,16.75,107.2,25.3,88,15.1,44,1012.3,0
2024-03-18,Quang_Tri,16.75,107.2,25.2,89,15.9,61,1011.4,1
2024-03-19,Quang_Tri,16.75,107.2,24.8,89,23.1,78,1014.5,1
2024-03-20,Quang_Tri,16.75,107.2,21.6,92,23.5,100,1018.5,1
2024-03-21,Quang_Tri,16.75,107.2,21.6,90,16.8,80,1015.0,1
2024-03-22,Quang_Tri,16.75,107.2,24.4,87,15.4,23,1008.8,0
2024-03-23,Quang_Tri,16.75,107.2,26.4,87,14.9,34,1007.7,1
2024-03-24,Quang_Tri,16.75,107.2,26.7,87,10.6,41,1010.1,1
2024-03-25,Quang_Tri,16.75,107.2,26.7,89,11.2,45,1010.6,1
2024-03-26,Quang_Tri,16.75,107.2,26.1,88,18.8,91,1013.3,0
2024-03-27,Quang_Tri,16.75,107.2,26.1,85,18.5,47,1013.8,0
2024-03-28,Quang_Tri,16.75,107.2,25.9,90,13.0,85,1011.0,1
2024-03-29,Quang_Tri,16.75,107.2,26.2,89,12.1,99,1011.9,1
2024-03-30,Quang_Tri,16.75,107.2,27.5,88,7.9,68,1011.3,0
2024-03-31,Quang_Tri,16.75,107.2,29.2,77,18.1,9,1009.1,0
2024-04-01,Quang_Tri,16.75,107.2,30.3,71,15.5,5,1006.2,0
2024-04-02,Quang_Tri,16.75,107.2,30.1,73,16.9,3,1004.8,0
2024-04-03,Quang_Tri,16.75,107.2,30.3,73,14.3,11,1005.7,0
2024-04-04,Quang_Tri,16.75,107.2,30.1,76,18.8,14,1005.7,0
2024-04-05,Quang_Tri,16.75,107.2,29.3,81,15.5,31,1005.7,0
2024-04-06,Quang_Tri,16.75,107.2,28.6,82,13.8,35,1006.9,0
2024-04-07,Quang_Tri,16.75,107.2,28.9,80,17.7,14,1006.3,0
2024-04-08,Quang_Tri,16.75,107.2,28.3,84,13.3,54,1008.7,0
2024-04-09,Quang_Tri,16.75,107.2,27.3,84,17.2,87,1012.0,0
2024-04-10,Quang_Tri,16.75,107.2,27.5,80,17.4,37,1012.5,1
2024-04-11,Quang_Tri,16.75,107.2,27.4,81,19.5,37,1012.1,0
2024-04-12,Quang_Tri,16.75,107.2,27.2,82,17.7,35,1010.7,0
2024-04-13,Quang_Tri,16.75,107.2,28.1,80,15.2,41,1008.6,0
2024-04-14,Quang_Tri,16.75,107.2,28.9,77,16.0,30,1008.1,0
2024-04-15,Quang_Tri,16.75,107.2,28.9,78,12.2,26,1008.7,0
2024-04-16,Quang_Tri,16.75,107.2,28.4,81,13.8,48,1008.0,0
2024-04-17,Quang_Tri,16.75,107.2,30.4,73,14.8,34,1006.3,0
2024-04-18,Quang_Tri,16.75,107.2,30.6,70,16.6,17,1005.2,1
2024-04-19,Quang_Tri,16.75,107.2,31.4,66,15.1,31,1003.9,0
2024-04-20,Quang_Tri,16.75,107.2,32.2,62,13.3,45,1003.4,1
2024-04-21,Quang_Tri,16.75,107.2,32.0,64,21.4,58,1004.3,0
2024-04-22,Quang_Tri,16.75,107.2,31.5,68,15.7,57,1004.3,0
2024-04-23,Quang_Tri,16.75,107.2,32.4,65,10.1,61,1004.3,1
2024-04-24,Quang_Tri,16.75,107.2,30.6,73,17.2,41,1005.6,1
2024-04-25,Quang_Tri,16.75,107.2,32.4,67,18.6,24,1004.2,1
2024-04-26,Quang_Tri,16.75,107.2,33.3,58,24.0,16,1002.9,1
2024-04-27,Quang_Tri,16.75,107.2,33.8,56,25.5,24,1002.4,1
2024-04-28,Quang_Tri,16.75,107.2,34.0,54,17.3,11,1003.7,1
2024-04-29,Quang_Tri,16.75,107.2,34.1,54,21.6,9,1004.1,0
2024-04-30,Quang_Tri,16.75,107.2,34.5,52,27.4,44,1001.5,1
2024-05-01,Quang_Tri,16.75,107.2,32.8,59,21.9,69,1002.6,1
2024-05-02,Quang_Tri,16.75,107.2,30.3,79,15.5,72,1006.1,1
2024-05-03,Quang_Tri,16.75,107.2,29.4,79,20.8,59,1006.9,1
2024-05-04,Quang_Tri,16.75,107.2,29.0,79,16.7,54,1005.5,1
2024-05-05,Quang_Tri,16.75,107.2,31.1,68,17.9,72,1006.1,1
2024-05-06,Quang_Tri,16.75,107.2,29.0,81,13.8,82,1009.0,1
2024-05-07,Quang_Tri,16.75,107.2,29.0,79,14.4,87,1010.8,1
2024-05-08,Quang_Tri,16.75,107.2,28.9,77,17.8,59,1010.5,0
2024-05-09,Quang_Tri,16.75,107.2,29.2,75,19.4,57,1010.2,1
2024-05-10,Quang_Tri,16.75,107.2,29.3,76,18.6,76,1010.1,1
2024-05-11,Quang_Tri,16.75,107.2,29.7,77,11.7,90,1010.1,1
2024-05-12,Quang_Tri,16.75,107.2,30.5,76,14.3,82,1009.0,1
2024-05-13,Quang_Tri,16.75,107.2,28.8,83,15.3,87,1009.5,1
2024-05-14,Quang_Tri,16.75,107.2,28.5,80,13.6,95,1010.1,1
2024-05-15,Quang_Tri,16.75,107.2,28.7,81,15.5,65,1010.3,1
2024-05-16,Quang_Tri,16.75,107.2,28.2,81,17.7,53,1010.7,1
2024-05-17,Quang_Tri,16.75,107.2,28.3,80,12.3,93,1009.1,1
2024-05-18,Quang_Tri,16.75,107.2,29.3,79,12.4,100,1005.7,1
2024-05-19,Quang_Tri,16.75,107.2,31.5,68,21.9,98,1002.8,1
2024-05-20,Quang_Tri,16.75,107.2,28.9,81,17.3,99,1004.6,1
2024-05-21,Quang_Tri,16.75,107.2,26.9,90,11.2,98,1007.3,1
2024-05-22,Quang_Tri,16.75,107.2,26.9,90,12.6,99,1007.7,1
2024-05-23,Quang_Tri,16.75,107.2,27.1,88,6.1,98,1007.4,1
2024-05-24,Quang_Tri,16.75,107.2,28.0,86,14.6,88,1007.7,1
2024-05-25,Quang_Tri,16.75,107.2,28.9,85,11.4,85,1007.3,1
2024-05-26,Quang_Tri,16.75,107.2,30.4,77,15.3,99,1006.4,1
2024-05-27,Quang_Tri,16.75,107.2,31.8,65,21.9,77,1003.7,0
2024-05-28,Quang_Tri,16.75,107.2,32.1,60,26.4,100,1002.9,1
2024-05-29,Quang_Tri,16.75,107.2,32.8,58,29.8,98,1002.1,0
2024-05-30,Quang_Tri,16.75,107.2,32.6,60,33.2,99,1001.6,1
2024-05-31,Quang_Tri,16.75,107.2,30.0,71,25.2,98,1004.6,1
2024-06-01,Quang_Tri,16.75,107.2,28.4,84,9.4,98,1008.0,1
2024-06-02,Quang_Tri,16.75,107.2,30.7,68,20.9,79,1007.7,1
2024-06-03,Quang_Tri,16.75,107.2,32.1,60,22.8,97,1005.5,0
2024-06-04,Quang_Tri,16.75,107.2,32.6,62,24.9,100,1004.8,1
2024-06-05,Quang_Tri,16.75,107.2,31.2,69,21.5,99,1006.2,1
2024-06-06,Quang_Tri,16.75,107.2,31.4,66,20.5,100,1007.3,1
2024-06-07,Quang_Tri,16.75,107.2,30.8,69,20.4,99,1005.4,1
2024-06-08,Quang_Tri,16.75,107.2,29.7,76,20.3,100,1004.0,1
2024-06-09,Quang_Tri,16.75,107.2,29.6,75,15.3,98,1004.3,1
2024-06-10,Quang_Tri,16.75,107.2,29.2,79,17.2,96,1005.7,1
2024-06-11,Quang_Tri,16.75,107.2,31.2,65,21.0,100,1006.3,1
2024-06-12,Quang_Tri,16.75,107.2,32.3,57,24.0,94,1006.3,0
2024-06-13,Quang_Tri,16.75,107.2,33.6,51,27.1,95,1004.3,0
2024-06-14,Quang_Tri,16.75,107.2,34.9,47,27.1,92,1002.4,0
2024-06-15,Quang_Tri,16.75,107.2,35.0,48,21.8,95,1002.5,1
2024-06-16,Quang_Tri,16.75,107.2,33.2,58,13.4,95,1003.9,1
2024-06-17,Quang_Tri,16.75,107.2,33.1,60,21.5,99,1003.9,1
2024-06-18,Quang_Tri,16.75,107.2,32.5,60,24.6,100,1003.4,1
2024-06-19,Quang_Tri,16.75,107.2,32.8,59,24.6,88,1002.7,1
2024-06-20,Quang_Tri,16.75,107.2,32.9,60,20.7,83,1002.2,1
2024-06-21,Quang_Tri,16.75,107.2,32.1,64,16.7,70,1002.3,1
2024-06-22,Quang_Tri,16.75,107.2,30.4,72,13.7,84,1002.4,1
2024-06-23,Quang_Tri,16.75,107.2,27.6,85,18.7,100,1003.1,1
2024-06-24,Quang_Tri,16.75,107.2,28.6,80,18.7,100,1003.5,1
2024-06-25,Quang_Tri,16.75,107.2,28.7,79,12.2,99,1004.6,1
2024-06-26,Quang_Tri,16.75,107.2,28.7,81,11.5,96,1006.6,1
2024-06-27,Quang_Tri,16.75,107.2,28.6,83,13.7,95,1007.9,1
2024-06-28,Quang_Tri,16.75,107.2,29.5,77,13.9,46,1006.7,1
2024-06-29,Quang_Tri,16.75,107.2,30.6,70,14.4,73,1006.1,1
2024-06-30,Quang_Tri,16.75,107.2,31.9,59,24.1,94,1006.1,0
2024-07-01,Quang_Tri,16.75,107.2,32.2,56,27.3,80,1004.6,0
2024-07-02,Quang_Tri,16.75,107.2,32.2,57,20.4,96,1004.0,1
2024-07-03,Quang_Tri,16.75,107.2,31.0,67,17.0,100,1006.7,1
2024-07-04,Quang_Tri,16.75,107.2,28.8,79,14.3,70,1008.2,1
2024-07-05,Quang_Tri,16.75,107.2,28.7,78,13.9,38,1006.3,1
2024-07-06,Quang_Tri,16.75,107.2,29.5,75,15.5,17,1005.4,1
2024-07-07,Quang_Tri,16.75,107.2,29.3,76,11.5,22,1006.1,1
2024-07-08,Quang_Tri,16.75,107.2,29.2,77,9.4,26,1005.8,1
2024-07-09,Quang_Tri,16.75,107.2,29.8,74,13.7,90,1006.1,1
2024-07-10,Quang_Tri,16.75,107.2,30.7,66,16.7,76,1006.4,1
2024-07-11,Quang_Tri,16.75,107.2,30.6,66,22.0,43,1004.8,1
2024-07-12,Quang_Tri,16.75,107.2,31.5,60,23.1,86,1002.4,1
2024-07-13,Quang_Tri,16.75,107.2,30.9,64,21.0,77,1001.8,1
2024-07-14,Quang_Tri,16.75,107.2,27.0,87,9.7,99,1003.4,1
2024-07-15,Quang_Tri,16.75,107.2,26.4,92,21.9,96,1002.2,1
2024-07-16,Quang_Tri,16.75,107.2,27.6,88,13.0,94,1003.2,1
2024-07-17,Quang_Tri,16.75,107.2,27.1,89,13.3,99,1003.5,1
2024-07-18,Quang_Tri,16.75,107.2,27.1,89,12.1,100,1004.0,1
2024-07-19,Quang_Tri,16.75,107.2,27.3,88,13.4,94,1003.9,1
2024-07-20,Quang_Tri,16.75,107.2,28.5,83,17.4,80,1004.7,1
2024-07-21,Quang_Tri,16.75,107.2,28.0,82,18.7,100,1003.9,1
2024-07-22,Quang_Tri,16.75,107.2,28.7,75,26.6,100,1002.7,1
2024-07-23,Quang_Tri,16.75,107.2,29.2,71,29.8,100,1001.0,1
2024-07-24,Quang_Tri,16.75,107.2,29.8,67,25.5,100,998.8,0
2024-07-25,Quang_Tri,16.75,107.2,30.0,66,31.4,78,997.5,1
2024-07-26,Quang_Tri,16.75,107.2,29.6,68,33.0,99,998.7,1
2024-07-27,Quang_Tri,16.75,107.2,30.3,68,26.9,100,1001.7,0
2024-07-28,Quang_Tri,16.75,107.2,29.7,69,21.5,100,1002.8,1
2024-07-29,Quang_Tri,16.75,107.2,28.9,72,21.9,100,1003.3,1
2024-07-30,Quang_Tri,16.75,107.2,28.6,72,18.4,100,1004.6,1
2024-07-31,Quang_Tri,16.75,107.2,29.1,71,23.7,100,1006.1,0
2024-08-01,Quang_Tri,16.75,107.2,28.9,71,23.1,100,1007.0,0
2024-08-02,Quang_Tri,16.75,107.2,29.2,70,20.2,96,1006.8,0
2024-08-03,Quang_Tri,16.75,107.2,30.1,67,22.3,76,1007.3,1
2024-08-04,Quang_Tri,16.75,107.2,29.4,74,17.4,36,1007.5,1
2024-08-05,Quang_Tri,16.75,107.2,29.9,74,17.8,36,1006.4,1
2024-08-06,Quang_Tri,16.75,107.2,30.2,73,14.7,54,1005.8,1
2024-08-07,Quang_Tri,16.75,107.2,30.6,71,15.4,34,1006.1,1
2024-08-08,Quang_Tri,16.75,107.2,32.0,62,17.3,17,1006.4,1
2024-08-09,Quang_Tri,16.75,107.2,32.7,57,22.3,39,1005.1,1
2024-08-10,Quang_Tri,16.75,107.2,33.0,55,27.1,62,1003.3,1
2024-08-11,Quang_Tri,16.75,107.2,32.7,57,25.6,97,1002.0,1
2024-08-12,Quang_Tri,16.75,107.2,32.1,59,22.7,92,1002.5,1
2024-08-13,Quang_Tri,16.75,107.2,31.8,63,21.9,93,1004.7,1
2024-08-14,Quang_Tri,16.75,107.2,31.4,67,14.4,93,1005.2,1
2024-08-15,Quang_Tri,16.75,107.2,31.9,66,21.6,77,1004.4,1
2024-08-16,Quang_Tri,16.75,107.2,30.7,72,21.3,100,1004.3,1
2024-08-17,Quang_Tri,16.75,107.2,30.4,73,16.8,100,1006.0,1
2024-08-18,Quang_Tri,16.75,107.2,31.8,65,18.0,92,1006.1,1
2024-08-19,Quang_Tri,16.75,107.2,32.5,59,25.0,98,1005.1,1
2024-08-20,Quang_Tri,16.75,107.2,32.1,61,18.4,100,1006.1,1
2024-08-21,Quang_Tri,16.75,107.2,32.4,58,13.1,92,1007.2,1
2024-08-22,Quang_Tri,16.75,107.2,31.4,64,15.5,58,1007.7,1
2024-08-23,Quang_Tri,16.75,107.2,31.1,65,15.3,98,1008.8,1
2024-08-24,Quang_Tri,16.75,107.2,30.8,66,13.2,98,1008.1,1
2024-08-25,Quang_Tri,16.75,107.2,30.3,69,13.4,96,1007.0,1
2024-08-26,Quang_Tri,16.75,107.2,29.9,73,15.4,41,1006.4,1
2024-08-27,Quang_Tri,16.75,107.2,30.2,70,18.9,42,1006.2,1
2024-08-28,Quang_Tri,16.75,107.2,31.6,63,22.7,54,1005.0,1
2024-08-29,Quang_Tri,16.75,107.2,31.4,61,23.7,31,1004.6,1
2024-08-30,Quang_Tri,16.75,107.2,31.2,61,21.3,72,1005.1,1
2024-08-31,Quang_Tri,16.75,107.2,29.8,71,14.2,80,1005.9,1
2024-09-01,Quang_Tri,16.75,107.2,29.4,77,15.0,47,1005.8,1
2024-09-02,Quang_Tri,16.75,107.2,29.0,78,16.3,65,1006.5,1
2024-09-03,Quang_Tri,16.75,107.2,27.9,83,12.6,67,1006.8,1
2024-09-04,Quang_Tri,16.75,107.2,29.0,75,17.6,87,1003.6,1
2024-09-05,Quang_Tri,16.75,107.2,30.7,65,21.8,100,1001.0,1
2024-09-06,Quang_Tri,16.75,107.2,28.4,76,30.6,100,999.5,1
2024-09-07,Quang_Tri,16.75,107.2,29.3,71,32.6,100,1000.0,1
2024-09-08,Quang_Tri,16.75,107.2,31.1,64,22.9,100,1003.7,0
2024-09-09,Quang_Tri,16.75,107.2,29.7,74,17.6,100,1004.4,1
2024-09-10,Quang_Tri,16.75,107.2,28.5,82,13.7,100,1005.0,1
2024-09-11,Quang_Tri,16.75,107.2,27.2,88,13.7,100,1006.9,1
2024-09-12,Quang_Tri,16.75,107.2,28.2,83,18.5,93,1006.5,1
2024-09-13,Quang_Tri,16.75,107.2,27.6,85,18.4,70,1004.6,1
2024-09-14,Quang_Tri,16.75,107.2,28.0,82,17.3,94,1002.7,1
2024-09-15,Quang_Tri,16.75,107.2,27.5,84,17.3,98,1002.3,1
2024-09-16,Quang_Tri,16.75,107.2,27.6,85,15.4,34,1003.1,1
2024-09-17,Quang_Tri,16.75,107.2,27.3,86,15.6,92,1003.1,1
2024-09-18,Quang_Tri,16.75,107.2,24.8,94,16.6,100,1001.5,1
2024-09-19,Quang_Tri,16.75,107.2,25.3,93,27.7,100,997.0,1
2024-09-20,Quang_Tri,16.75,107.2,27.1,89,10.4,99,1000.4,1
2024-09-21,Quang_Tri,16.75,107.2,27.7,86,14.1,100,1003.4,1
2024-09-22,Quang_Tri,16.75,107.2,27.1,88,17.2,100,1004.5,1
2024-09-23,Quang_Tri,16.75,107.2,25.9,92,13.2,100,1007.6,1
2024-09-24,Quang_Tri,16.75,107.2,25.1,90,10.1,96,1010.1,1
2024-09-25,Quang_Tri,16.75,107.2,26.6,88,9.7,58,1010.8,1
2024-09-26,Quang_Tri,16.75,107.2,27.3,86,14.2,22,1010.7,1
2024-09-27,Quang_Tri,16.75,107.2,27.8,85,15.1,45,1010.0,1
2024-09-28,Quang_Tri,16.75,107.2,28.5,84,10.2,45,1008.3,1
2024-09-29,Quang_Tri,16.75,107.2,28.9,84,13.5,53,1007.1,1
2024-09-30,Quang_Tri,16.75,107.2,28.9,81,13.6,50,1005.9,1
2024-10-01,Quang_Tri,16.75,107.2,27.9,82,11.7,50,1007.2,1
2024-10-02,Quang_Tri,16.75,107.2,24.9,88,20.2,100,1011.9,1
2024-10-03,Quang_Tri,16.75,107.2,25.7,75,18.2,99,1013.4,1
2024-10-04,Quang_Tri,16.75,107.2,25.7,74,16.6,99,1013.2,1
2024-10-05,Quang_Tri,16.75,107.2,25.7,75,18.5,75,1012.2,1
2024-10-06,Quang_Tri,16.75,107.2,26.6,75,20.4,84,1012.6,1
2024-10-07,Quang_Tri,16.75,107.2,24.8,92,13.5,99,1013.2,1
2024-10-08,Quang_Tri,16.75,107.2,25.6,89,15.2,68,1012.9,1
2024-10-09,Quang_Tri,16.75,107.2,25.5,86,14.4,68,1012.1,1
2024-10-10,Quang_Tri,16.75,107.2,25.6,84,19.2,62,1011.6,1
2024-10-11,Quang_Tri,16.75,107.2,25.5,88,13.1,82,1011.6,1
2024-10-12,Quang_Tri,16.75,107.2,26.2,87,14.7,46,1012.2,1
2024-10-13,Quang_Tri,16.75,107.2,26.1,88,13.3,49,1012.0,1
2024-10-14,Quang_Tri,16.75,107.2,26.1,88,13.2,58,1010.8,1
2024-10-15,Quang_Tri,16.75,107.2,26.0,89,14.1,92,1010.9,1
2024-10-16,Quang_Tri,16.75,107.2,25.9,89,11.8,99,1011.4,1
2024-10-17,Quang_Tri,16.75,107.2,26.3,89,11.8,86,1010.7,1
2024-10-18,Quang_Tri,16.75,107.2,26.5,87,13.5,86,1010.3,1
2024-10-19,Quang_Tri,16.75,107.2,26.5,87,16.9,77,1011.5,1
2024-10-20,Quang_Tri,16.75,107.2,26.1,88,16.3,84,1012.9,1
2024-10-21,Quang_Tri,16.75,107.2,24.9,92,16.6,99,1012.3,1
2024-10-22,Quang_Tri,16.75,107.2,25.5,90,17.8,80,1012.2,1
2024-10-23,Quang_Tri,16.75,107.2,24.8,89,20.0,92,1012.2,1
2024-10-24,Quang_Tri,16.75,107.2,24.6,79,19.2,95,1011.2,1
2024-10-25,Quang_Tri,16.75,107.2,23.7,75,16.7,90,1009.0,0
2024-10-26,Quang_Tri,16.75,107.2,22.8,76,19.6,100,1005.7,1
2024-10-27,Quang_Tri,16.75,107.2,23.7,92,37.7,100,1000.6,1
2024-10-28,Quang_Tri,16.75,107.2,24.2,90,30.4,99,1003.6,1
2024-10-29,Quang_Tri,16.75,107.2,22.3,92,28.7,100,1006.2,1
2024-10-30,Quang_Tri,16.75,107.2,23.7,90,27.9,99,1008.4,1
2024-10-31,Quang_Tri,16.75,107.2,24.3,84,16.0,87,1009.7,1
2024-11-01,Quang_Tri,16.75,107.2,24.0,81,19.8,84,1011.2,0
2024-11-02,Quang_Tri,16.75,107.2,24.7,79,22.0,87,1014.1,1
2024-11-03,Quang_Tri,16.75,107.2,23.6,91,18.4,100,1014.3,1
2024-11-04,Quang_Tri,16.75,107.2,23.8,94,8.5,98,1013.3,1
2024-11-05,Quang_Tri,16.75,107.2,23.8,92,17.9,100,1014.9,1
2024-11-06,Quang_Tri,16.75,107.2,24.8,82,20.8,92,1015.8,1
2024-11-07,Quang_Tri,16.75,107.2,24.0,85,20.4,80,1016.4,1
2024-11-08,Quang_Tri,16.75,107.2,23.5,87,15.7,90,1015.7,1
2024-11-09,Quang_Tri,16.75,107.2,22.9,80,12.5,34,1014.3,1
2024-11-10,Quang_Tri,16.75,107.2,23.4,80,15.0,66,1014.0,0
2024-11-11,Quang_Tri,16.75,107.2,24.6,83,22.9,79,1012.6,1
2024-11-12,Quang_Tri,16.75,107.2,24.8,92,16.6,98,1011.0,1
2024-11-13,Quang_Tri,16.75,107.2,25.4,87,15.2,66,1010.6,1
2024-11-14,Quang_Tri,16.75,107.2,25.4,88,14.9,19,1010.3,0
2024-11-15,Quang_Tri,16.75,107.2,25.8,88,14.6,61,1009.4,1
2024-11-16,Quang_Tri,16.75,107.2,26.0,89,15.2,43,1010.0,0
2024-11-17,Quang_Tri,16.75,107.2,25.5,86,16.2,39,1011.8,1
2024-11-18,Quang_Tri,16.75,107.2,24.0,89,18.8,82,1013.4,1
2024-11-19,Quang_Tri,16.75,107.2,24.5,86,22.2,83,1014.5,1
2024-11-20,Quang_Tri,16.75,107.2,24.3,86,20.5,69,1014.4,1
2024-11-21,Quang_Tri,16.75,107.2,23.9,87,22.7,86,1014.4,1
2024-11-22,Quang_Tri,16.75,107.2,24.5,86,21.1,81,1014.6,1
2024-11-23,Quang_Tri,16.75,107.2,24.7,82,22.5,82,1015.2,1
2024-11-24,Quang_Tri,16.75,107.2,24.7,85,22.8,91,1014.7,1
2024-11-25,Quang_Tri,16.75,107.2,24.4,91,16.5,98,1014.1,1
2024-11-26,Quang_Tri,16.75,107.2,24.1,91,23.2,91,1014.6,1
2024-11-27,Quang_Tri,16.75,107.2,24.3,80,23.9,73,1016.1,1
2024-11-28,Quang_Tri,16.75,107.2,22.6,78,24.6,96,1018.9,1
2024-11-29,Quang_Tri,16.75,107.2,21.8,73,22.5,88,1018.3,1
2024-11-30,Quang_Tri,16.75,107.2,22.1,68,15.7,86,1014.9,0
2024-12-01,Quang_Tri,16.75,107.2,22.8,78,14.9,63,1012.1,0
2024-12-02,Quang_Tri,16.75,107.2,23.0,86,16.3,69,1011.9,1
2024-12-03,Quang_Tri,16.75,107.2,24.1,84,18.6,56,1012.5,1
2024-12-04,Quang_Tri,16.75,107.2,23.8,84,18.7,54,1012.7,1
2024-12-05,Quang_Tri,16.75,107.2,23.4,85,15.5,66,1012.8,1
2024-12-06,Quang_Tri,16.75,107.2,24.2,86,22.0,87,1012.4,1
2024-12-07,Quang_Tri,16.75,107.2,25.0,76,18.3,57,1014.0,1
2024-12-08,Quang_Tri,16.75,107.2,23.1,81,21.5,83,1016.4,1
2024-12-09,Quang_Tri,16.75,107.2,23.0,83,19.0,94,1014.9,1
2024-12-10,Quang_Tri,16.75,107.2,23.6,86,20.2,100,1012.4,1
2024-12-11,Quang_Tri,16.75,107.2,23.4,91,16.5,100,1012.5,1
2024-12-12,Quang_Tri,16.75,107.2,23.1,92,20.8,100,1013.0,1
2024-12-13,Quang_Tri,16.75,107.2,22.7,91,26.2,100,1015.0,1
2024-12-14,Quang_Tri,16.75,107.2,21.3,92,24.1,100,1018.9,1
2024-12-15,Quang_Tri,16.75,107.2,20.2,84,25.3,100,1020.8,1
2024-12-16,Quang_Tri,16.75,107.2,19.1,87,17.6,100,1020.1,1
2024-12-17,Quang_Tri,16.75,107.2,20.1,87,13.7,99,1017.6,1
2024-12-18,Quang_Tri,16.75,107.2,21.2,86,22.0,96,1017.4,1
2024-12-19,Quang_Tri,16.75,107.2,20.2,91,17.4,99,1017.9,1
2024-12-20,Quang_Tri,16.75,107.2,19.5,91,18.1,99,1016.7,1
2024-12-21,Quang_Tri,16.75,107.2,19.4,88,15.2,88,1017.1,1
2024-12-22,Quang_Tri,16.75,107.2,20.3,75,19.9,99,1017.0,1
2024-12-23,Quang_Tri,16.75,107.2,20.0,84,19.3,100,1016.2,1
2024-12-24,Quang_Tri,16.75,107.2,20.9,75,24.1,100,1017.5,1
2024-12-25,Quang_Tri,16.75,107.2,20.9,86,17.8,100,1017.4,1
2024-12-26,Quang_Tri,16.75,107.2,21.5,92,15.5,100,1018.5,1
2024-12-27,Quang_Tri,16.75,107.2,21.7,93,20.4,100,1019.2,1
2024-12-28,Quang_Tri,16.75,107.2,20.3,88,27.8,100,1021.4,1
2024-12-29,Quang_Tri,16.75,107.2,20.5,84,15.8,85,1019.1,1
2024-12-30,Quang_Tri,16.75,107.2,21.0,83,16.3,87,1017.8,1
2024-12-31,Quang_Tri,16.75,107.2,20.9,83,19.8,100,1017.8,1
2025-01-01,Quang_Tri,16.75,107.2,20.9,74,14.8,93,1015.9,0
2025-01-02,Quang_Tri,16.75,107.2,20.9,86,16.4,100,1015.9,1
2025-01-03,Quang_Tri,16.75,107.2,21.2,79,24.9,100,1017.4,1
2025-01-04,Quang_Tri,16.75,107.2,20.9,77,18.7,75,1016.7,1
2025-01-05,Quang_Tri,16.75,107.2,20.3,74,20.3,93,1018.2,1
2025-01-06,Quang_Tri,16.75,107.2,20.4,74,14.7,67,1016.3,1
2025-01-07,Quang_Tri,16.75,107.2,20.6,84,17.7,54,1015.5,1
2025-01-08,Quang_Tri,16.75,107.2,21.1,86,19.4,62,1015.8,1
2025-01-09,Quang_Tri,16.75,107.2,21.2,89,21.3,93,1017.7,1
2025-01-10,Quang_Tri,16.75,107.2,20.9,75,26.0,92,1022.5,1
2025-01-11,Quang_Tri,16.75,107.2,19.3,76,29.8,79,1024.8,1
2025-01-12,Quang_Tri,16.75,107.2,18.6,66,26.3,92,1023.2,1
2025-01-13,Quang_Tri,16.75,107.2,18.7,69,15.9,73,1019.5,0
2025-01-14,Quang_Tri,16.75,107.2,19.5,81,16.4,100,1018.5,1
2025-01-15,Quang_Tri,16.75,107.2,20.2,94,23.0,100,1020.0,1
2025-01-16,Quang_Tri,16.75,107.2,20.1,82,15.8,99,1021.4,1
2025-01-17,Quang_Tri,16.75,107.2,19.8,80,18.8,86,1018.9,1
2025-01-18,Quang_Tri,16.75,107.2,19.5,80,16.9,58,1016.5,0
2025-01-19,Quang_Tri,16.75,107.2,19.4,87,14.1,54,1015.3,1
2025-01-20,Quang_Tri,16.75,107.2,20.0,78,13.1,67,1014.2,1
2025-01-21,Quang_Tri,16.75,107.2,19.4,77,13.7,50,1014.1,0
2025-01-22,Quang_Tri,16.75,107.2,19.9,80,16.0,77,1014.0,0
2025-01-23,Quang_Tri,16.75,107.2,19.7,87,13.7,34,1013.7,0
2025-01-24,Quang_Tri,16.75,107.2,20.9,88,17.6,40,1011.0,0
2025-01-25,Quang_Tri,16.75,107.2,20.9,88,18.2,50,1011.1,1
2025-01-26,Quang_Tri,16.75,107.2,20.3,87,31.6,68,1016.8,1
2025-01-27,Quang_Tri,16.75,107.2,16.8,85,24.5,100,1020.1,1
2025-01-28,Quang_Tri,16.75,107.2,17.6,85,16.2,99,1020.9,1
2025-01-29,Quang_Tri,16.75,107.2,18.9,86,16.1,85,1020.4,1
2025-01-30,Quang_Tri,16.75,107.2,18.9,88,15.7,27,1015.5,1
2025-01-31,Quang_Tri,16.75,107.2,19.6,87,14.3,33,1012.3,0
2025-02-01,Quang_Tri,16.75,107.2,19.8,88,14.6,67,1010.4,0
2025-02-02,Quang_Tri,16.75,107.2,20.2,91,15.7,80,1010.6,1
2025-02-03,Quang_Tri,16.75,107.2,21.9,87,22.1,66,1015.1,1
2025-02-04,Quang_Tri,16.75,107.2,18.9,91,21.5,100,1018.5,1
2025-02-05,Quang_Tri,16.75,107.2,20.0,84,15.6,82,1015.1,1
2025-02-06,Quang_Tri,16.75,107.2,21.2,82,17.3,39,1013.5,1
2025-02-07,Quang_Tri,16.75,107.2,21.1,85,20.1,44,1016.2,1
2025-02-08,Quang_Tri,16.75,107.2,19.1,92,22.2,98,1019.1,1
2025-02-09,Quang_Tri,16.75,107.2,19.7,79,23.4,78,1018.9,1
2025-02-10,Quang_Tri,16.75,107.2,19.2,83,16.1,99,1017.9,1
2025-02-11,Quang_Tri,16.75,107.2,20.5,85,14.3,80,1015.7,1
2025-02-12,Quang_Tri,16.75,107.2,21.4,92,15.7,94,1014.7,1
2025-02-13,Quang_Tri,16.75,107.2,21.8,93,16.7,99,1015.5,1
2025-02-14,Quang_Tri,16.75,107.2,22.2,89,17.1,93,1014.1,1
2025-02-15,Quang_Tri,16.75,107.2,22.9,91,15.9,84,1011.8,1
2025-02-16,Quang_Tri,16.75,107.2,23.5,88,19.8,72,1013.7,1
2025-02-17,Quang_Tri,16.75,107.2,22.7,86,20.1,64,1016.2,1
2025-02-18,Quang_Tri,16.75,107.2,22.4,86,20.4,67,1017.0,1
2025-02-19,Quang_Tri,16.75,107.2,22.5,84,22.1,94,1016.4,1
2025-02-20,Quang_Tri,16.75,107.2,22.4,86,22.3,57,1016.5,1
2025-02-21,Quang_Tri,16.75,107.2,22.4,88,21.7,80,1017.1,1
2025-02-22,Quang_Tri,16.75,107.2,22.6,88,23.2,79,1017.5,1
2025-02-23,Quang_Tri,16.75,107.2,22.4,90,26.3,97,1019.7,1
2025-02-24,Quang_Tri,16.75,107.2,21.8,82,28.5,95,1021.9,1
2025-02-25,Quang_Tri,16.75,107.2,19.9,91,20.7,100,1021.8,1
2025-02-26,Quang_Tri,16.75,107.2,20.0,89,23.2,98,1020.0,1
2025-02-27,Quang_Tri,16.75,107.2,21.0,87,12.4,91,1016.4,1
2025-02-28,Quang_Tri,16.75,107.2,22.2,87,16.0,63,1013.9,1
2025-03-01,Quang_Tri,16.75,107.2,22.9,90,19.3,60,1010.8,0
2025-03-02,Quang_Tri,16.75,107.2,24.3,89,13.7,92,1008.4,0
2025-03-03,Quang_Tri,16.75,107.2,25.0,89,13.6,82,1007.2,0
2025-03-04,Quang_Tri,16.75,107.2,26.5,88,16.2,49,1006.3,1
2025-03-05,Quang_Tri,16.75,107.2,26.4,89,14.5,59,1006.9,1
2025-03-06,Quang_Tri,16.75,107.2,22.5,93,33.4,100,1013.1,1
2025-03-07,Quang_Tri,16.75,107.2,19.3,91,24.5,100,1017.2,1
2025-03-08,Quang_Tri,16.75,107.2,19.1,88,15.3,100,1017.3,1
2025-03-09,Quang_Tri,16.75,107.2,21.0,89,15.3,89,1017.3,1
2025-03-10,Quang_Tri,16.75,107.2,22.8,90,17.7,95,1017.0,1
2025-03-11,Quang_Tri,16.75,107.2,23.8,92,17.3,97,1013.4,1
2025-03-12,Quang_Tri,16.75,107.2,24.8,90,14.5,84,1010.2,0
2025-03-13,Quang_Tri,16.75,107.2,25.1,90,11.2,76,1010.0,1
2025-03-14,Quang_Tri,16.75,107.2,25.4,90,13.1,77,1010.5,0
2025-03-15,Quang_Tri,16.75,107.2,26.0,89,12.2,45,1010.3,0
2025-03-16,Quang_Tri,16.75,107.2,21.8,90,28.0,100,1015.4,1
2025-03-17,Quang_Tri,16.75,107.2,20.5,88,17.3,100,1017.0,1
2025-03-18,Quang_Tri,16.75,107.2,19.7,90,22.7,100,1019.6,1
2025-03-19,Quang_Tri,16.75,107.2,19.1,85,19.7,100,1022.3,1
2025-03-20,Quang_Tri,16.75,107.2,20.1,82,19.9,88,1021.7,1
2025-03-21,Quang_Tri,16.75,107.2,20.6,79,16.0,73,1020.5,1
2025-03-22,Quang_Tri,16.75,107.2,21.2,79,15.0,78,1018.1,0
2025-03-23,Quang_Tri,16.75,107.2,22.3,83,15.9,27,1015.8,0
2025-03-24,Quang_Tri,16.75,107.2,21.9,87,14.7,35,1012.9,1
2025-03-25,Quang_Tri,16.75,107.2,22.0,88,14.6,30,1007.9,0
2025-03-26,Quang_Tri,16.75,107.2,23.3,88,12.1,56,1005.2,0
2025-03-27,Quang_Tri,16.75,107.2,26.5,86,14.5,50,1003.2,0
2025-03-28,Quang_Tri,16.75,107.2,26.9,88,13.2,74,1005.3,1
2025-03-29,Quang_Tri,16.75,107.2,25.1,91,23.2,100,1009.9,1
2025-03-30,Quang_Tri,16.75,107.2,21.5,90,23.7,100,1015.9,1
2025-03-31,Quang_Tri,16.75,107.2,20.1,89,20.3,100,1016.6,1
2025-04-01,Quang_Tri,16.75,107.2,19.9,86,23.9,100,1016.5,1
2025-04-02,Quang_Tri,16.75,107.2,20.4,84,14.6,100,1016.8,1
2025-04-03,Quang_Tri,16.75,107.2,22.2,84,15.8,96,1016.0,1
2025-04-04,Quang_Tri,16.75,107.2,22.9,86,18.3,54,1012.5,1
2025-04-05,Quang_Tri,16.75,107.2,23.4,90,15.0,73,1011.4,0
2025-04-06,Quang_Tri,16.75,107.2,23.9,90,14.5,94,1012.9,1
2025-04-07,Quang_Tri,16.75,107.2,24.7,90,16.8,93,1013.9,1
2025-04-08,Quang_Tri,16.75,107.2,24.9,88,17.3,60,1013.5,0
2025-04-09,Quang_Tri,16.75,107.2,25.4,88,16.5,88,1010.2,1
2025-04-10,Quang_Tri,16.75,107.2,27.0,83,10.6,82,1006.9,1
2025-04-11,Quang_Tri,16.75,107.2,27.5,82,15.0,46,1005.6,1
2025-04-12,Quang_Tri,16.75,107.2,29.2,76,25.6,94,1006.8,1
2025-04-13,Quang_Tri,16.75,107.2,22.5,79,26.5,98,1014.7,1
2025-04-14,Quang_Tri,16.75,107.2,22.2,76,17.5,60,1013.9,0
2025-04-15,Quang_Tri,16.75,107.2,22.5,77,11.5,46,1012.3,0
2025-04-16,Quang_Tri,16.75,107.2,24.0,82,17.9,96,1008.9,0
2025-04-17,Quang_Tri,16.75,107.2,27.9,81,13.0,58,1006.6,1
2025-04-18,Quang_Tri,16.75,107.2,29.6,77,14.9,68,1006.1,0
2025-04-19,Quang_Tri,16.75,107.2,29.3,77,14.5,70,1006.5,1
2025-04-20,Quang_Tri,16.75,107.2,28.8,82,14.8,94,1007.1,0
2025-04-21,Quang_Tri,16.75,107.2,28.5,83,11.8,77,1008.8,0
2025-04-22,Quang_Tri,16.75,107.2,29.1,82,13.1,72,1008.1,1
2025-04-23,Quang_Tri,16.75,107.2,29.8,72,15.3,51,1006.8,1
2025-04-24,Quang_Tri,16.75,107.2,29.9,72,18.5,53,1006.3,1
2025-04-25,Quang_Tri,16.75,107.2,28.0,80,16.8,78,1008.4,1
2025-04-26,Quang_Tri,16.75,107.2,27.4,85,13.2,74,1009.9,1
2025-04-27,Quang_Tri,16.75,107.2,28.0,82,15.9,90,1009.5,0
2025-04-28,Quang_Tri,16.75,107.2,27.3,85,15.8,95,1009.3,0
2025-04-29,Quang_Tri,16.75,107.2,26.9,84,16.1,61,1010.7,0
2025-04-30,Quang_Tri,16.75,107.2,27.3,82,17.6,37,1010.2,1
2025-05-01,Quang_Tri,16.75,107.2,27.6,82,18.6,24,1011.4,1
2025-05-02,Quang_Tri,16.75,107.2,27.5,82,15.2,32,1009.9,1
2025-05-03,Quang_Tri,16.75,107.2,28.5,79,16.5,82,1007.6,1
2025-05-04,Quang_Tri,16.75,107.2,28.4,82,15.5,76,1006.3,1
2025-05-05,Quang_Tri,16.75,107.2,29.5,77,14.9,87,1005.8,1
2025-05-06,Quang_Tri,16.75,107.2,30.2,74,15.3,92,1005.4,0
2025-05-07,Quang_Tri,16.75,107.2,30.2,76,14.2,90,1004.5,0
2025-05-08,Quang_Tri,16.75,107.2,30.4,74,15.4,99,1004.5,0
2025-05-09,Quang_Tri,16.75,107.2,30.6,72,17.0,98,1004.8,1
2025-05-10,Quang_Tri,16.75,107.2,28.2,83,12.8,100,1006.7,1
2025-05-11,Quang_Tri,16.75,107.2,25.0,92,16.0,100,1007.9,1
2025-05-12,Quang_Tri,16.75,107.2,24.9,85,18.0,96,1009.1,1
2025-05-13,Quang_Tri,16.75,107.2,25.8,86,11.0,97,1009.0,1
2025-05-14,Quang_Tri,16.75,107.2,26.8,87,11.2,76,1009.5,1
2025-05-15,Quang_Tri,16.75,107.2,27.7,86,10.7,85,1009.3,1
2025-05-16,Quang_Tri,16.75,107.2,28.8,82,13.9,62,1008.3,1
2025-05-17,Quang_Tri,16.75,107.2,29.0,84,12.3,64,1008.1,1
2025-05-18,Quang_Tri,16.75,107.2,29.2,84,11.7,83,1007.9,1
2025-05-19,Quang_Tri,16.75,107.2,29.1,82,9.6,80,1006.7,1
2025-05-20,Quang_Tri,16.75,107.2,29.0,81,14.0,74,1006.6,1
2025-05-21,Quang_Tri,16.75,107.2,29.3,81,12.1,88,1006.6,1
2025-05-22,Quang_Tri,16.75,107.2,29.0,81,15.2,94,1005.0,1
2025-05-23,Quang_Tri,16.75,107.2,29.6,80,10.3,94,1003.9,1
2025-05-24,Quang_Tri,16.75,107.2,28.3,85,16.9,97,1006.5,1
2025-05-25,Quang_Tri,16.75,107.2,26.5,89,17.8,91,1009.7,1
2025-05-26,Quang_Tri,16.75,107.2,25.8,88,19.2,96,1010.8,1
2025-05-27,Quang_Tri,16.75,107.2,27.2,85,19.1,93,1008.8,1
2025-05-28,Quang_Tri,16.75,107.2,27.5,87,12.5,93,1006.9,1
2025-05-29,Quang_Tri,16.75,107.2,28.1,86,12.5,92,1006.0,1
2025-05-30,Quang_Tri,16.75,107.2,29.2,75,23.0,100,1006.5,1
2025-05-31,Quang_Tri,16.75,107.2,29.9,66,29.4,94,1005.9,0
2025-06-01,Quang_Tri,16.75,107.2,31.0,58,38.2,79,1003.4,0
2025-06-02,Quang_Tri,16.75,107.2,32.0,57,37.0,56,1002.1,0
2025-06-03,Quang_Tri,16.75,107.2,31.6,61,32.7,93,1003.1,1
2025-06-04,Quang_Tri,16.75,107.2,30.2,70,18.5,100,1005.5,1
2025-06-05,Quang_Tri,16.75,107.2,29.1,79,14.3,84,1006.5,1
2025-06-06,Quang_Tri,16.75,107.2,30.1,76,14.2,37,1005.9,1
2025-06-07,Quang_Tri,16.75,107.2,30.6,72,16.0,30,1005.1,1
2025-06-08,Quang_Tri,16.75,107.2,30.1,75,20.4,38,1004.2,1
2025-06-09,Quang_Tri,16.75,107.2,30.3,72,18.8,53,1003.3,1
2025-06-10,Quang_Tri,16.75,107.2,29.3,75,17.3,98,1003.1,1
2025-06-11,Quang_Tri,16.75,107.2,26.1,90,18.5,100,1002.4,1
2025-06-12,Quang_Tri,16.75,107.2,25.1,93,31.9,100,999.1,1
2025-06-13,Quang_Tri,16.75,107.2,25.6,88,35.4,100,1000.0,1
2025-06-14,Quang_Tri,16.75,107.2,28.7,72,26.8,100,1003.7,1
2025-06-15,Quang_Tri,16.75,107.2,30.2,67,21.5,56,1004.3,0
2025-06-16,Quang_Tri,16.75,107.2,29.9,74,18.9,92,1005.4,1
2025-06-17,Quang_Tri,16.75,107.2,30.0,77,17.7,99,1006.1,1
2025-06-18,Quang_Tri,16.75,107.2,29.5,79,12.2,100,1006.2,1
2025-06-19,Quang_Tri,16.75,107.2,29.0,78,18.3,92,1005.6,1
2025-06-20,Quang_Tri,16.75,107.2,29.2,80,20.2,98,1005.3,1
2025-06-21,Quang_Tri,16.75,107.2,28.5,84,10.7,94,1005.5,1
2025-06-22,Quang_Tri,16.75,107.2,28.5,82,12.0,83,1005.8,1
2025-06-23,Quang_Tri,16.75,107.2,28.8,79,11.8,74,1005.2,1
2025-06-24,Quang_Tri,16.75,107.2,28.6,80,10.8,78,1005.3,1
2025-06-25,Quang_Tri,16.75,107.2,27.9,83,12.7,46,1006.2,1
2025-06-26,Quang_Tri,16.75,107.2,28.0,81,17.9,66,1005.6,1
2025-06-27,Quang_Tri,16.75,107.2,28.3,79,19.2,100,1004.9,1
2025-06-28,Quang_Tri,16.75,107.2,28.7,75,19.8,95,1004.0,1
2025-06-29,Quang_Tri,16.75,107.2,29.3,71,22.3,100,1002.5,0
2025-06-30,Quang_Tri,16.75,107.2,29.4,72,19.6,100,1002.6,1
2025-07-01,Quang_Tri,16.75,107.2,28.6,79,15.6,100,1004.1,1
2025-07-02,Quang_Tri,16.75,107.2,28.1,80,14.4,97,1005.5,1
2025-07-03,Quang_Tri,16.75,107.2,28.1,78,16.8,100,1005.6,1
2025-07-04,Quang_Tri,16.75,107.2,27.9,79,17.7,97,1004.8,1
2025-07-05,Quang_Tri,16.75,107.2,28.1,80,17.3,100,1003.9,1
2025-07-06,Quang_Tri,16.75,107.2,28.6,79,19.0,95,1003.9,1
2025-07-07,Quang_Tri,16.75,107.2,29.6,71,22.4,87,1004.0,1
2025-07-08,Quang_Tri,16.75,107.2,30.3,66,24.9,98,1003.2,0
2025-07-09,Quang_Tri,16.75,107.2,29.6,68,32.0,99,1001.9,1
2025-07-10,Quang_Tri,16.75,107.2,30.3,63,31.8,100,999.3,0
2025-07-11,Quang_Tri,16.75,107.2,28.3,76,28.9,98,999.7,1
2025-07-12,Quang_Tri,16.75,107.2,29.2,75,16.4,89,1003.1,1
2025-07-13,Quang_Tri,16.75,107.2,28.8,81,10.3,61,1004.9,1
2025-07-14,Quang_Tri,16.75,107.2,29.6,78,14.8,92,1004.2,1
2025-07-15,Quang_Tri,16.75,107.2,30.1,74,20.9,90,1002.9,1
2025-07-16,Quang_Tri,16.75,107.2,30.3,69,28.2,85,1003.9,0
2025-07-17,Quang_Tri,16.75,107.2,30.7,66,22.1,46,1004.0,0
2025-07-18,Quang_Tri,16.75,107.2,31.2,61,30.0,91,1001.7,0
2025-07-19,Quang_Tri,16.75,107.2,31.2,60,32.6,100,998.1,0
2025-07-20,Quang_Tri,16.75,107.2,28.7,70,35.3,100,997.7,1
2025-07-21,Quang_Tri,16.75,107.2,28.5,71,33.4,100,996.9,1
2025-07-22,Quang_Tri,16.75,107.2,29.1,67,37.4,100,996.4,1
2025-07-23,Quang_Tri,16.75,107.2,30.5,62,22.7,100,999.6,1
2025-07-24,Quang_Tri,16.75,107.2,29.0,69,29.8,100,1001.6,1
2025-07-25,Quang_Tri,16.75,107.2,27.4,79,22.2,99,1002.3,1
2025-07-26,Quang_Tri,16.75,107.2,28.1,75,27.6,91,1002.1,1
2025-07-27,Quang_Tri,16.75,107.2,27.9,76,25.4,96,1001.7,1
2025-07-28,Quang_Tri,16.75,107.2,27.9,78,20.8,94,1000.9,1
2025-07-29,Quang_Tri,16.75,107.2,29.4,73,25.9,99,1000.0,1
2025-07-30,Quang_Tri,16.75,107.2,29.7,69,34.1,97,1000.3,0
2025-07-31,Quang_Tri,16.75,107.2,30.6,66,32.8,92,1000.3,0
2025-08-01,Quang_Tri,16.75,107.2,31.2,63,26.7,95,1000.6,0
2025-08-02,Quang_Tri,16.75,107.2,30.9,65,27.5,90,1002.6,0
2025-08-03,Quang_Tri,16.75,107.2,31.7,61,28.9,86,1003.6,0
2025-08-04,Quang_Tri,16.75,107.2,32.0,58,27.2,89,1003.5,0
2025-08-05,Quang_Tri,16.75,107.2,31.6,63,25.0,89,1003.7,0
2025-08-06,Quang_Tri,16.75,107.2,31.0,67,20.7,100,1005.0,1
2025-08-07,Quang_Tri,16.75,107.2,30.4,73,12.2,92,1006.9,1
2025-08-08,Quang_Tri,16.75,107.2,30.1,72,15.8,21,1007.5,1
2025-08-09,Quang_Tri,16.75,107.2,30.6,68,21.7,81,1006.4,1
2025-08-10,Quang_Tri,16.75,107.2,30.4,68,19.3,38,1005.1,1
2025-08-11,Quang_Tri,16.75,107.2,29.7,73,14.2,46,1004.7,1
2025-08-12,Quang_Tri,16.75,107.2,29.8,75,15.4,55,1005.1,1
2025-08-13,Quang_Tri,16.75,107.2,29.9,72,19.0,79,1006.0,1
2025-08-14,Quang_Tri,16.75,107.2,29.7,71,23.9,78,1004.4,1
2025-08-15,Quang_Tri,16.75,107.2,28.6,76,15.1,100,1003.9,1
2025-08-16,Quang_Tri,16.75,107.2,27.1,85,14.6,91,1005.0,1
2025-08-17,Quang_Tri,16.75,107.2,25.4,93,17.6,100,1005.1,1
2025-08-18,Quang_Tri,16.75,107.2,27.3,79,22.0,100,1005.9,1
2025-08-19,Quang_Tri,16.75,107.2,28.8,76,16.2,93,1007.1,1
2025-08-20,Quang_Tri,16.75,107.2,28.9,78,12.2,96,1007.5,1
2025-08-21,Quang_Tri,16.75,107.2,29.3,76,19.7,94,1008.0,1
2025-08-22,Quang_Tri,16.75,107.2,28.1,79,14.8,85,1007.8,1
2025-08-23,Quang_Tri,16.75,107.2,28.2,81,14.0,85,1006.8,1
2025-08-24,Quang_Tri,16.75,107.2,26.1,86,23.3,100,1003.8,1
2025-08-25,Quang_Tri,16.75,107.2,26.1,84,30.0,100,1000.0,1
2025-08-26,Quang_Tri,16.75,107.2,27.0,86,14.2,100,1005.5,1
2025-08-27,Quang_Tri,16.75,107.2,26.6,88,12.2,100,1007.1,1
2025-08-28,Quang_Tri,16.75,107.2,27.0,85,12.3,84,1006.2,1
2025-08-29,Quang_Tri,16.75,107.2,25.7,90,18.4,96,1005.7,1
2025-08-30,Quang_Tri,16.75,107.2,26.1,90,20.5,100,1002.8,1
2025-08-31,Quang_Tri,16.75,107.2,26.7,88,13.3,92,1005.9,1
2025-09-01,Quang_Tri,16.75,107.2,26.3,90,12.8,87,1005.9,1
2025-09-02,Quang_Tri,16.75,107.2,26.9,88,13.3,84,1006.3,1
2025-09-03,Quang_Tri,16.75,107.2,27.6,84,16.6,44,1006.5,1
2025-09-04,Quang_Tri,16.75,107.2,27.8,84,14.9,60,1006.5,1
2025-09-05,Quang_Tri,16.75,107.2,28.1,84,12.3,68,1006.5,1
2025-09-06,Quang_Tri,16.75,107.2,28.2,84,13.5,98,1006.8,1
2025-09-07,Quang_Tri,16.75,107.2,27.9,84,13.5,97,1005.9,1
2025-09-08,Quang_Tri,16.75,107.2,29.1,76,20.8,91,1005.9,1
2025-09-09,Quang_Tri,16.75,107.2,29.2,73,18.3,99,1007.6,1
2025-09-10,Quang_Tri,16.75,107.2,28.7,78,16.4,99,1008.6,1
2025-09-11,Quang_Tri,16.75,107.2,28.9,77,15.6,63,1008.5,1
2025-09-12,Quang_Tri,16.75,107.2,28.2,79,18.9,39,1008.9,1
2025-09-13,Quang_Tri,16.75,107.2,27.6,79,14.3,47,1009.4,1
2025-09-14,Quang_Tri,16.75,107.2,27.6,83,11.7,100,1009.8,1
2025-09-15,Quang_Tri,16.75,107.2,26.9,87,12.5,86,1009.8,1
2025-09-16,Quang_Tri,16.75,107.2,27.8,81,17.2,46,1009.1,1
2025-09-17,Quang_Tri,16.75,107.2,26.4,87,10.8,96,1007.8,1
2025-09-18,Quang_Tri,16.75,107.2,26.1,90,13.3,96,1007.1,1
2025-09-19,Quang_Tri,16.75,107.2,26.3,92,8.5,98,1007.6,1
2025-09-20,Quang_Tri,16.75,107.2,27.3,87,12.6,92,1006.8,1
2025-09-21,Quang_Tri,16.75,107.2,27.6,85,14.8,100,1005.8,1
2025-09-22,Quang_Tri,16.75,107.2,27.0,86,10.8,91,1006.2,1
2025-09-23,Quang_Tri,16.75,107.2,27.1,85,13.6,96,1004.9,1
2025-09-24,Quang_Tri,16.75,107.2,27.2,82,22.6,100,1002.5,1
2025-09-25,Quang_Tri,16.75,107.2,28.1,78,22.6,95,1003.1,1
2025-09-26,Quang_Tri,16.75,107.2,26.0,90,13.2,100,1008.0,1
2025-09-27,Quang_Tri,16.75,107.2,24.8,95,18.2,100,1008.3,1
2025-09-28,Quang_Tri,16.75,107.2,24.8,93,37.8,100,998.5,1
2025-09-29,Quang_Tri,16.75,107.2,25.8,92,19.2,100,1004.1,1
2025-09-30,Quang_Tri,16.75,107.2,27.0,87,14.1,96,1009.1,1
2025-10-01,Quang_Tri,16.75,107.2,27.3,83,16.1,87,1010.3,1
2025-10-02,Quang_Tri,16.75,107.2,27.4,80,13.3,15,1010.9,1
2025-10-03,Quang_Tri,16.75,107.2,27.9,80,14.2,38,1010.6,1
2025-10-04,Quang_Tri,16.75,107.2,27.6,84,14.3,79,1010.2,1
2025-10-05,Quang_Tri,16.75,107.2,28.9,70,24.9,96,1007.2,0
2025-10-06,Quang_Tri,16.75,107.2,29.7,65,18.5,100,1007.4,0
2025-10-07,Quang_Tri,16.75,107.2,28.2,79,13.7,85,1010.4,1
2025-10-08,Quang_Tri,16.75,107.2,27.7,78,15.5,50,1011.2,1
2025-10-09,Quang_Tri,16.75,107.2,26.0,87,15.0,85,1011.2,1
2025-10-10,Quang_Tri,16.75,107.2,25.4,89,14.1,91,1010.6,1
2025-10-11,Quang_Tri,16.75,107.2,25.8,89,11.1,98,1009.7,1
2025-10-12,Quang_Tri,16.75,107.2,25.8,90,12.2,96,1009.7,1
2025-10-13,Quang_Tri,16.75,107.2,26.0,90,12.5,98,1009.7,1
2025-10-14,Quang_Tri,16.75,107.2,26.2,89,13.0,100,1009.7,1
2025-10-15,Quang_Tri,16.75,107.2,26.3,88,16.4,81,1010.2,1
2025-10-16,Quang_Tri,16.75,107.2,25.5,90,16.6,99,1011.5,1
2025-10-17,Quang_Tri,16.75,107.2,25.6,91,16.9,99,1011.8,1
2025-10-18,Quang_Tri,16.75,107.2,25.2,90,14.3,93,1011.2,1
2025-10-19,Quang_Tri,16.75,107.2,25.8,85,18.6,84,1010.3,1
2025-10-20,Quang_Tri,16.75,107.2,26.5,83,25.9,39,1009.7,1
2025-10-21,Quang_Tri,16.75,107.2,26.0,80,33.8,96,1010.8,1
2025-10-22,Quang_Tri,16.75,107.2,24.1,85,33.0,100,1011.8,1
2025-10-23,Quang_Tri,16.75,107.2,23.6,90,32.0,100,1012.6,1
2025-10-24,Quang_Tri,16.75,107.2,23.7,91,19.4,100,1013.8,1
2025-10-25,Quang_Tri,16.75,107.2,24.2,85,22.5,99,1013.3,1
2025-10-26,Quang_Tri,16.75,107.2,24.7,87,28.5,100,1012.4,1
2025-10-27,Quang_Tri,16.75,107.2,24.5,91,33.2,100,1012.2,1
2025-10-28,Quang_Tri,16.75,107.2,24.4,91,32.2,100,1012.2,1
2025-10-29,Quang_Tri,16.75,107.2,24.6,91,30.7,100,1011.2,1
2025-10-30,Quang_Tri,16.75,107.2,25.4,92,19.9,100,1011.3,1
2025-10-31,Quang_Tri,16.75,107.2,25.4,91,16.7,99,1012.8,1
2025-11-01,Quang_Tri,16.75,107.2,25.1,90,19.3,94,1013.7,1
2025-11-02,Quang_Tri,16.75,107.2,24.7,92,23.5,100,1012.6,1
2025-11-03,Quang_Tri,16.75,107.2,24.4,92,34.2,100,1010.6,1
2025-11-04,Quang_Tri,16.75,107.2,22.5,84,36.1,100,1012.2,1
2025-11-05,Quang_Tri,16.75,107.2,22.3,94,21.7,100,1011.2,1
2025-11-06,Quang_Tri,16.75,107.2,24.4,89,34.9,100,1009.1,1
2025-11-07,Quang_Tri,16.75,107.2,26.5,87,31.7,82,1005.7,1
2025-11-08,Quang_Tri,16.75,107.2,26.3,88,16.0,62,1010.3,1
2025-11-09,Quang_Tri,16.75,107.2,26.6,88,15.4,60,1010.5,1
2025-11-10,Quang_Tri,16.75,107.2,26.3,87,11.5,93,1009.4,1
2025-11-11,Quang_Tri,16.75,107.2,25.9,86,16.4,93,1010.0,1
2025-11-12,Quang_Tri,16.75,107.2,25.1,77,17.6,82,1013.1,1
2025-11-13,Quang_Tri,16.75,107.2,24.0,72,22.2,49,1015.9,1
2025-11-14,Quang_Tri,16.75,107.2,24.2,67,20.9,38,1015.6,1
2025-11-15,Quang_Tri,16.75,107.2,23.3,87,18.3,100,1015.8,1
2025-11-16,Quang_Tri,16.75,107.2,24.3,92,25.3,100,1015.1,1
2025-11-17,Quang_Tri,16.75,107.2,24.5,90,22.7,100,1015.6,1
2025-11-18,Quang_Tri,16.75,107.2,25.1,74,31.0,99,1016.9,1
2025-11-19,Quang_Tri,16.75,107.2,21.1,82,31.0,100,1020.2,1
2025-11-20,Quang_Tri,16.75,107.2,21.4,71,25.8,100,1020.2,1
2025-11-21,Quang_Tri,16.75,107.2,22.8,63,26.0,98,1020.0,1
2025-11-22,Quang_Tri,16.75,107.2,22.8,71,19.4,98,1018.0,1
2025-11-23,Quang_Tri,16.75,107.2,22.3,89,18.1,100,1016.6,1
2025-11-24,Quang_Tri,16.75,107.2,22.5,90,25.5,100,1016.3,1
2025-11-25,Quang_Tri,16.75,107.2,22.2,79,25.8,97,1017.2,1
2025-11-26,Quang_Tri,16.75,107.2,21.9,73,21.8,96,1016.7,1
2025-11-27,Quang_Tri,16.75,107.2,22.3,58,34.1,100,1018.6,1
2025-11-28,Quang_Tri,16.75,107.2,22.0,56,23.6,71,1016.2,1
2025-11-29,Quang_Tri,16.75,107.2,21.3,71,16.6,93,1014.0,1
2025-11-30,Quang_Tri,16.75,107.2,22.7,77,11.5,86,1012.6,0
2025-12-01,Quang_Tri,16.75,107.2,23.2,87,18.5,99,1012.6,1
2025-12-02,Quang_Tri,16.75,107.2,24.1,88,13.8,70,1012.5,1
2025-12-03,Quang_Tri,16.75,107.2,23.4,91,22.7,100,1015.2,1
2025-12-04,Quang_Tri,16.75,107.2,23.5,91,21.3,96,1016.2,1
2025-12-05,Quang_Tri,16.75,107.2,23.6,85,20.9,86,1017.4,1
2025-12-06,Quang_Tri,16.75,107.2,22.7,83,19.9,55,1017.0,1
2025-12-07,Quang_Tri,16.75,107.2,22.2,79,20.1,46,1016.7,1
2025-12-08,Quang_Tri,16.75,107.2,21.7,82,14.3,73,1017.3,1
2025-12-09,Quang_Tri,16.75,107.2,21.9,83,18.9,99,1016.8,1
2025-12-10,Quang_Tri,16.75,107.2,22.3,87,21.3,100,1015.7,1
2025-12-11,Quang_Tri,16.75,107.2,23.8,89,19.6,83,1014.9,1
2025-12-12,Quang_Tri,16.75,107.2,24.2,86,20.2,52,1014.1,1
2025-12-13,Quang_Tri,16.75,107.2,24.2,84,21.3,56,1015.2,1
2025-12-14,Quang_Tri,16.75,107.2,22.0,90,25.8,97,1017.5,1
2025-12-15,Quang_Tri,16.75,107.2,20.9,93,16.7,100,1017.2,1
2025-12-16,Quang_Tri,16.75,107.2,22.1,90,15.9,89,1016.0,1
2025-12-17,Quang_Tri,16.75,107.2,22.5,89,19.1,99,1017.0,1
2025-12-18,Quang_Tri,16.75,107.2,22.7,83,14.5,37,1016.5,1
2025-12-19,Quang_Tri,16.75,107.2,22.2,85,15.9,58,1014.0,1
2025-12-20,Quang_Tri,16.75,107.2,22.5,85,16.9,82,1013.8,1
2025-12-21,Quang_Tri,16.75,107.2,22.7,90,15.6,87,1014.9,1
2025-12-22,Quang_Tri,16.75,107.2,23.2,85,22.1,72,1014.2,1
2025-12-23,Quang_Tri,16.75,107.2,23.8,84,21.8,40,1012.9,1
2025-12-24,Quang_Tri,16.75,107.2,23.5,87,15.4,57,1012.2,1
2025-12-25,Quang_Tri,16.75,107.2,22.3,86,25.4,98,1015.2,1
2025-12-26,Quang_Tri,16.75,107.2,20.4,78,22.8,100,1017.9,1
2025-12-27,Quang_Tri,16.75,107.2,19.9,92,17.1,98,1017.2,1
2025-12-28,Quang_Tri,16.75,107.2,21.0,89,14.8,89,1016.8,1
2025-12-29,Quang_Tri,16.75,107.2,21.6,87,14.5,64,1014.7,1
2025-12-30,Quang_Tri,16.75,107.2,22.0,83,16.6,32,1013.3,1
2025-12-31,Quang_Tri,16.75,107.2,22.0,78,19.3,50,1011.4,0
2026-01-01,Quang_Tri,16.75,107.2,21.3,79,14.9,42,1014.0,0
2026-01-02,Quang_Tri,16.75,107.2,21.3,81,25.4,52,1017.7,1
2026-01-03,Quang_Tri,16.75,107.2,20.4,84,21.0,75,1019.1,1
2026-01-04,Quang_Tri,16.75,107.2,21.1,80,17.0,67,1017.8,1
2026-01-05,Quang_Tri,16.75,107.2,21.7,81,19.9,70,1018.3,1
2026-01-06,Quang_Tri,16.75,107.2,20.2,86,23.7,82,1020.5,1
2026-01-07,Quang_Tri,16.75,107.2,18.1,89,23.6,100,1022.6,1
2026-01-08,Quang_Tri,16.75,107.2,19.2,70,26.5,85,1022.7,1
2026-01-09,Quang_Tri,16.75,107.2,18.7,72,14.3,73,1020.5,0
2026-01-10,Quang_Tri,16.75,107.2,18.5,76,12.5,51,1018.8,0
2026-01-11,Quang_Tri,16.75,107.2,19.4,71,14.0,37,1020.9,1
2026-01-12,Quang_Tri,16.75,107.2,18.7,81,16.1,23,1019.1,0
2026-01-13,Quang_Tri,16.75,107.2,19.6,78,13.7,33,1018.1,1
2026-01-14,Quang_Tri,16.75,107.2,20.5,84,17.1,44,1015.2,0
2026-01-15,Quang_Tri,16.75,107.2,21.4,84,16.0,75,1014.9,1
2026-01-16,Quang_Tri,16.75,107.2,22.2,81,16.9,22,1012.4,0
2026-01-17,Quang_Tri,16.75,107.2,21.4,88,14.1,74,1011.1,1
2026-01-18,Quang_Tri,16.75,107.2,21.7,84,15.5,53,1011.0,1
2026-01-19,Quang_Tri,16.75,107.2,21.6,86,19.0,33,1011.6,0
2026-01-20,Quang_Tri,16.75,107.2,22.2,84,20.5,39,1013.4,0
2026-01-21,Quang_Tri,16.75,107.2,22.1,79,22.2,14,1016.3,1
2026-01-22,Quang_Tri,16.75,107.2,21.0,83,20.2,62,1019.0,1
2026-01-23,Quang_Tri,16.75,107.2,19.5,91,12.8,97,1020.7,1
2026-01-24,Quang_Tri,16.75,107.2,19.9,86,15.7,49,1019.5,1
2026-01-25,Quang_Tri,16.75,107.2,20.4,84,19.7,44,1016.8,0
2026-01-26,Quang_Tri,16.75,107.2,20.7,84,17.9,29,1017.6,1
2026-01-27,Quang_Tri,16.75,107.2,20.9,88,15.4,57,1018.4,1
2026-01-28,Quang_Tri,16.75,107.2,20.8,88,16.5,64,1018.1,1
2026-01-29,Quang_Tri,16.75,107.2,21.5,83,21.4,24,1016.5,1
2026-01-30,Quang_Tri,16.75,107.2,20.9,87,16.8,38,1016.7,0
2026-01-31,Quang_Tri,16.75,107.2,21.9,84,14.3,80,1018.4,1
2026-02-01,Quang_Tri,16.75,107.2,20.9,87,14.0,66,1019.5,1
2026-02-02,Quang_Tri,16.75,107.2,20.7,88,17.9,99,1020.4,1
2026-02-03,Quang_Tri,16.75,107.2,21.2,82,19.4,97,1020.5,1
2026-02-04,Quang_Tri,16.75,107.2,21.5,87,15.3,87,1017.3,1
2026-02-05,Quang_Tri,16.75,107.2,22.4,88,19.5,40,1014.2,0
2026-02-06,Quang_Tri,16.75,107.2,22.5,90,16.6,50,1012.8,0
2026-02-07,Quang_Tri,16.75,107.2,23.3,85,18.7,43,1014.6,1
2026-02-08,Quang_Tri,16.75,107.2,22.7,79,27.6,92,1017.4,1
2026-02-09,Quang_Tri,16.75,107.2,21.9,82,22.9,88,1017.3,1
2026-02-10,Quang_Tri,16.75,107.2,22.4,81,17.9,70,1016.6,1
2026-02-11,Quang_Tri,16.75,107.2,22.7,82,16.8,77,1018.0,1
2026-02-12,Quang_Tri,16.75,107.2,22.7,83,18.3,50,1016.2,1
2026-02-13,Quang_Tri,16.75,107.2,22.6,81,21.3,44,1014.5,0
2026-02-14,Quang_Tri,16.75,107.2,22.5,83,19.6,61,1014.2,0
2026-02-15,Quang_Tri,16.75,107.2,22.7,84,21.1,21,1013.2,0
2026-02-16,Quang_Tri,16.75,107.2,23.3,87,16.9,77,1012.7,0
2026-02-17,Quang_Tri,16.75,107.2,24.0,88,22.6,50,1014.3,1
2026-02-18,Quang_Tri,16.75,107.2,23.5,84,26.6,50,1016.8,1
2026-02-19,Quang_Tri,16.75,107.2,23.2,82,23.3,48,1018.3,1
2026-02-20,Quang_Tri,16.75,107.2,22.8,82,19.1,48,1017.6,1
2026-02-21,Quang_Tri,16.75,107.2,22.4,86,16.7,21,1010.6,0
2026-02-22,Quang_Tri,16.75,107.2,23.5,87,19.3,54,1008.3,0
2026-02-23,Quang_Tri,16.75,107.2,24.7,84,14.9,35,1009.2,0
2026-02-24,Quang_Tri,16.75,107.2,24.4,86,15.8,50,1010.5,0
2026-02-25,Quang_Tri,16.75,107.2,24.2,83,15.4,79,1011.6,1
2026-02-26,Quang_Tri,16.75,107.2,24.8,83,15.6,66,1009.3,1
2026-02-27,Quang_Tri,16.75,107.2,24.1,93,11.1,79,1007.2,1
2026-02-28,Quang_Tri,16.75,107.2,25.6,84,14.9,40,1006.3,1
2026-03-01,Quang_Tri,16.75,107.2,26.8,83,16.8,47,1006.1,1
2026-03-02,Quang_Tri,16.75,107.2,27.9,79,15.7,52,1007.3,1
2026-03-03,Quang_Tri,16.75,107.2,26.6,85,17.3,57,1009.0,1
2026-03-04,Quang_Tri,16.75,107.2,23.2,89,24.2,96,1013.0,1
2026-03-05,Quang_Tri,16.75,107.2,22.4,93,11.3,100,1013.4,1
2026-03-06,Quang_Tri,16.75,107.2,22.6,88,17.3,77,1014.4,1
2026-03-07,Quang_Tri,16.75,107.2,23.4,81,22.5,46,1015.4,1
2026-03-08,Quang_Tri,16.75,107.2,23.3,82,20.4,40,1015.6,1
2026-03-09,Quang_Tri,16.75,107.2,23.0,87,25.0,67,1017.2,1
2026-03-10,Quang_Tri,16.75,107.2,21.4,91,22.6,100,1018.9,1
2026-03-11,Quang_Tri,16.75,107.2,21.6,87,15.5,95,1016.8,1
2026-03-12,Quang_Tri,16.75,107.2,21.5,92,18.2,99,1016.0,1
2026-03-13,Quang_Tri,16.75,107.2,21.6,87,17.1,93,1017.0,1
2026-03-14,Quang_Tri,16.75,107.2,22.2,82,23.0,66,1017.9,1
2026-03-15,Quang_Tri,16.75,107.2,22.8,77,19.8,26,1017.4,1
2026-03-16,Quang_Tri,16.75,107.2,22.7,80,18.2,31,1015.0,0
2026-03-17,Quang_Tri,16.75,107.2,23.4,81,18.4,8,1013.2,0
2026-03-18,Quang_Tri,16.75,107.2,23.0,87,16.3,20,1012.8,0
2026-03-19,Quang_Tri,16.75,107.2,23.6,86,16.5,42,1012.0,0
2026-03-20,Quang_Tri,16.75,107.2,23.8,88,16.9,41,1011.3,0
2026-03-21,Quang_Tri,16.75,107.2,24.3,87,18.2,44,1012.8,0
2026-03-22,Quang_Tri,16.75,107.2,24.6,86,18.5,37,1012.0,0
2026-03-23,Quang_Tri,16.75,107.2,24.7,86,15.1,28,1011.1,0
2026-03-24,Quang_Tri,16.75,107.2,24.4,89,15.0,36,1009.7,0
2026-03-25,Quang_Tri,16.75,107.2,24.2,88,17.1,43,1010.5,1
2026-03-26,Quang_Tri,16.75,107.2,25.0,88,14.0,32,1009.3,0
2026-03-27,Quang_Tri,16.75,107.2,26.2,87,15.5,39,1007.5,0
2026-03-28,Quang_Tri,16.75,107.2,26.3,87,13.3,18,1007.6,0
2026-03-29,Quang_Tri,16.75,107.2,26.4,87,16.8,44,1007.8,0
2026-03-30,Quang_Tri,16.75,107.2,27.1,82,18.3,25,1007.5,0
2026-03-31,Quang_Tri,16.75,107.2,28.6,73,14.5,40,1007.3,0
2026-04-01,Quang_Tri,16.75,107.2,26.3,85,20.2,31,1009.1,0
2026-04-02,Quang_Tri,16.75,107.2,26.8,86,12.8,40,1009.4,0
2026-04-03,Quang_Tri,16.75,107.2,27.9,81,15.8,26,1006.4,0
2026-04-04,Quang_Tri,16.75,107.2,29.6,69,22.2,21,1004.7,0
2026-04-05,Quang_Tri,16.75,107.2,29.6,72,12.7,18,1004.4,0
2026-04-06,Quang_Tri,16.75,107.2,30.3,65,21.1,1,1005.0,0
2026-04-07,Quang_Tri,16.75,107.2,30.9,59,22.4,3,1005.7,0
2026-04-08,Quang_Tri,16.75,107.2,29.9,66,18.3,12,1006.6,0
2026-04-09,Quang_Tri,16.75,107.2,29.5,73,18.5,3,1007.1,0
2026-04-10,Quang_Tri,16.75,107.2,30.7,63,21.7,2,1006.7,0
2026-04-11,Quang_Tri,16.75,107.2,30.9,63,18.6,4,1005.5,0
2026-04-12,Quang_Tri,16.75,107.2,30.4,65,17.5,3,1004.7,0
2026-04-13,Quang_Tri,16.75,107.2,30.1,67,19.2,3,1006.3,0
2026-04-14,Quang_Tri,16.75,107.2,29.9,73,21.1,7,1006.4,0
2026-04-15,Quang_Tri,16.75,107.2,29.1,74,18.6,9,1005.5,0
2026-04-16,Quang_Tri,16.75,107.2,29.1,74,17.9,8,1006.4,0
2026-04-17,Quang_Tri,16.75,107.2,28.6,80,20.7,28,1007.8,0
2026-04-18,Quang_Tri,16.75,107.2,27.5,81,17.6,55,1009.2,0
2026-04-19,Quang_Tri,16.75,107.2,27.0,82,15.2,75,1009.2,0
2026-04-20,Quang_Tri,16.75,107.2,27.1,85,15.1,49,1008.5,1
2026-04-21,Quang_Tri,16.75,107.2,28.1,78,13.6,39,1007.0,0
2026-04-22,Quang_Tri,16.75,107.2,29.2,76,14.1,44,1005.7,1
2026-04-23,Quang_Tri,16.75,107.2,29.4,78,13.7,70,1005.6,1
2026-04-24,Quang_Tri,16.75,107.2,26.0,89,14.5,100,1009.7,1
2026-04-25,Quang_Tri,16.75,107.2,25.9,85,15.0,77,1012.5,1
2026-04-26,Quang_Tri,16.75,107.2,26.3,84,15.2,85,1011.0,1
2026-04-27,Quang_Tri,16.75,107.2,27.7,81,12.2,85,1008.2,1
2026-04-28,Quang_Tri,16.75,107.2,28.6,76,16.1,86,1007.2,1
2026-04-29,Quang_Tri,16.75,107.2,27.1,80,22.8,62,1009.7,1
2026-04-30,Quang_Tri,16.75,107.2,25.7,78,15.7,84,1013.6,1
2026-05-01,Quang_Tri,16.75,107.2,25.5,83,16.6,78,1011.6,1
2026-05-02,Quang_Tri,16.75,107.2,27.4,84,10.8,85,1009.0,0
2026-05-03,Quang_Tri,16.75,107.2,28.7,82,8.8,71,1008.5,1
2026-05-04,Quang_Tri,16.75,107.2,26.2,89,17.7,90,1012.2,1
2026-05-05,Quang_Tri,16.75,107.2,26.2,85,15.9,83,1011.5,1
2026-05-06,Quang_Tri,16.75,107.2,27.0,83,16.3,36,1009.1,0
2026-05-07,Quang_Tri,16.75,107.2,28.1,82,16.1,39,1008.0,0
2026-05-08,Quang_Tri,16.75,107.2,27.6,83,17.3,86,1010.2,1
2026-05-09,Quang_Tri,16.75,107.2,27.1,85,15.3,52,1011.5,1
2026-05-10,Quang_Tri,16.75,107.2,27.3,84,16.0,61,1011.5,1
2026-05-11,Quang_Tri,16.75,107.2,27.8,82,16.8,44,1010.6,1
2026-05-12,Quang_Tri,16.75,107.2,28.5,82,14.2,65,1007.6,0
2026-05-13,Quang_Tri,16.75,107.2,30.4,72,15.7,54,1005.2,1
2026-05-14,Quang_Tri,16.75,107.2,30.5,73,19.2,84,1004.4,1
2026-05-15,Quang_Tri,16.75,107.2,30.7,72,21.7,90,1004.3,1
2026-05-16,Quang_Tri,16.75,107.2,31.0,66,17.4,98,1004.4,1
2026-05-17,Quang_Tri,16.75,107.2,29.1,80,16.4,96,1004.9,1
2026-05-18,Quang_Tri,16.75,107.2,28.6,84,10.9,95,1004.9,1
2026-05-19,Quang_Tri,16.75,107.2,28.6,86,13.2,96,1004.2,1
