date,province,temp_max,temp_min,temp_mean,humidity,wind_speed,cloud_cover,pressure,rain
2021-01-01,Ha_Noi,17.4,8.0,12.1,46,14.7,48,1023.4,0
2021-01-02,Ha_Noi,18.5,6.1,12.5,65,12.5,8,1019.8,0
2021-01-03,Ha_Noi,18.7,8.2,13.7,66,11.3,73,1019.7,0
2021-01-04,Ha_Noi,21.4,11.8,15.8,59,10.9,33,1018.7,0
2021-01-05,Ha_Noi,20.9,10.4,16.0,70,9.4,74,1018.2,0
2021-01-06,Ha_Noi,19.9,15.4,17.3,60,12.3,97,1017.0,0
2021-01-07,Ha_Noi,16.3,10.9,14.2,62,18.4,100,1018.4,1
2021-01-08,Ha_Noi,11.9,7.8,9.6,55,21.6,90,1024.0,1
2021-01-09,Ha_Noi,12.9,7.9,10.1,42,14.0,82,1023.1,0
2021-01-10,Ha_Noi,13.5,8.7,11.1,37,14.5,96,1022.1,0
2021-01-11,Ha_Noi,15.4,9.4,11.8,32,23.3,69,1026.8,0
2021-01-12,Ha_Noi,17.5,7.7,12.5,42,16.6,55,1024.0,0
2021-01-13,Ha_Noi,20.5,9.1,14.9,49,17.6,36,1016.6,0
2021-01-14,Ha_Noi,21.5,9.9,15.4,70,10.4,30,1014.9,0
2021-01-15,Ha_Noi,20.4,11.5,16.0,83,10.9,82,1013.1,0
2021-01-16,Ha_Noi,21.0,15.9,18.1,79,9.2,90,1013.8,1
2021-01-17,Ha_Noi,17.0,12.9,14.9,68,28.1,100,1022.9,1
2021-01-18,Ha_Noi,19.4,9.8,14.2,45,15.7,9,1022.2,0
2021-01-19,Ha_Noi,21.6,8.0,14.6,72,18.1,0,1016.4,0
2021-01-20,Ha_Noi,21.4,10.4,16.2,80,12.4,66,1014.4,0
2021-01-21,Ha_Noi,21.0,15.3,17.8,83,11.0,92,1013.5,1
2021-01-22,Ha_Noi,23.1,13.9,18.8,77,7.2,56,1013.2,0
2021-01-23,Ha_Noi,24.5,14.1,19.1,76,13.2,42,1012.3,0
2021-01-24,Ha_Noi,25.3,14.8,19.4,81,18.5,64,1011.0,0
2021-01-25,Ha_Noi,23.4,18.6,20.4,88,16.4,94,1012.4,1
2021-01-26,Ha_Noi,25.2,16.8,20.1,84,15.5,63,1013.9,1
2021-01-27,Ha_Noi,22.7,16.2,19.2,83,15.5,81,1013.7,0
2021-01-28,Ha_Noi,18.8,16.8,17.7,70,21.3,92,1019.3,1
2021-01-29,Ha_Noi,23.0,14.9,18.3,61,14.3,70,1018.6,0
2021-01-30,Ha_Noi,21.5,14.4,18.0,79,13.8,93,1017.4,1
2021-01-31,Ha_Noi,21.9,15.9,18.8,83,16.6,94,1016.8,1
2021-02-01,Ha_Noi,25.1,17.8,20.3,80,15.9,86,1015.9,0
2021-02-02,Ha_Noi,23.9,16.6,19.5,85,13.5,72,1016.5,1
2021-02-03,Ha_Noi,25.5,16.5,20.2,81,16.2,63,1017.0,0
2021-02-04,Ha_Noi,24.5,17.0,19.9,82,12.6,62,1017.5,1
2021-02-05,Ha_Noi,25.0,16.2,20.0,81,13.5,66,1016.0,1
2021-02-06,Ha_Noi,25.4,15.6,19.9,79,13.0,60,1014.7,0
2021-02-07,Ha_Noi,26.1,16.8,21.2,76,13.0,70,1013.8,0
2021-02-08,Ha_Noi,25.5,17.5,20.5,82,10.9,66,1015.0,1
2021-02-09,Ha_Noi,18.0,13.9,16.5,90,18.2,88,1015.1,1
2021-02-10,Ha_Noi,22.9,12.4,17.2,77,12.9,28,1013.9,0
2021-02-11,Ha_Noi,23.4,13.1,18.1,76,11.8,29,1014.0,0
2021-02-12,Ha_Noi,22.8,14.7,18.4,77,10.9,47,1014.9,0
2021-02-13,Ha_Noi,24.2,14.1,18.9,74,16.0,50,1014.5,0
2021-02-14,Ha_Noi,25.0,15.4,19.9,76,12.4,48,1014.1,0
2021-02-15,Ha_Noi,25.0,16.3,20.4,81,17.1,63,1011.3,1
2021-02-16,Ha_Noi,24.8,17.7,20.9,83,14.0,84,1012.6,1
2021-02-17,Ha_Noi,21.9,18.0,19.5,67,18.9,90,1018.0,1
2021-02-18,Ha_Noi,23.8,17.7,20.1,71,9.7,93,1020.8,0
2021-02-19,Ha_Noi,24.5,17.0,20.3,70,10.3,77,1020.4,0
2021-02-20,Ha_Noi,25.5,14.2,19.6,71,13.9,21,1017.1,0
2021-02-21,Ha_Noi,27.4,15.6,20.6,72,21.2,8,1013.1,0
2021-02-22,Ha_Noi,24.9,17.5,20.9,81,17.3,87,1012.4,1
2021-02-23,Ha_Noi,26.0,17.9,21.7,78,14.4,58,1011.8,1
2021-02-24,Ha_Noi,26.1,18.5,21.8,80,23.2,64,1008.4,1
2021-02-25,Ha_Noi,28.6,19.8,22.9,83,21.3,70,1004.8,1
2021-02-26,Ha_Noi,26.5,20.4,23.1,85,15.3,78,1005.1,1
2021-02-27,Ha_Noi,19.1,16.2,17.7,79,19.4,100,1010.0,1
2021-02-28,Ha_Noi,20.9,16.9,18.6,92,8.0,100,1009.9,1
2021-03-01,Ha_Noi,25.5,19.9,22.0,89,23.2,99,1011.8,1
2021-03-02,Ha_Noi,19.9,16.6,18.4,62,20.9,100,1017.0,1
2021-03-03,Ha_Noi,19.6,16.2,17.7,80,9.7,100,1016.2,1
2021-03-04,Ha_Noi,21.0,15.7,18.2,86,10.0,99,1013.9,1
2021-03-05,Ha_Noi,24.6,18.0,21.0,87,12.5,97,1010.3,1
2021-03-06,Ha_Noi,29.0,21.2,23.9,84,13.9,61,1011.1,1
2021-03-07,Ha_Noi,22.1,19.1,20.8,77,20.9,95,1014.8,1
2021-03-08,Ha_Noi,26.4,19.7,22.3,84,18.3,86,1013.9,1
2021-03-09,Ha_Noi,27.0,20.6,22.9,86,23.8,81,1013.5,1
2021-03-10,Ha_Noi,26.7,20.5,23.1,84,24.3,77,1013.2,1
2021-03-11,Ha_Noi,26.0,20.6,23.1,84,18.9,80,1014.3,1
2021-03-12,Ha_Noi,27.2,19.8,22.9,85,17.1,70,1015.0,1
2021-03-13,Ha_Noi,25.6,19.8,22.4,86,14.0,70,1014.5,1
2021-03-14,Ha_Noi,26.6,18.8,22.2,83,15.3,58,1011.6,1
2021-03-15,Ha_Noi,26.2,20.2,23.2,83,20.4,83,1008.8,1
2021-03-16,Ha_Noi,27.0,21.5,23.4,88,19.4,93,1008.5,1
2021-03-17,Ha_Noi,27.1,21.8,23.8,87,19.9,96,1008.1,1
2021-03-18,Ha_Noi,27.7,21.7,24.1,85,17.5,90,1007.7,1
2021-03-19,Ha_Noi,27.9,22.6,24.8,84,20.4,97,1006.4,1
2021-03-20,Ha_Noi,27.6,23.2,24.7,87,16.8,96,1006.2,1
2021-03-21,Ha_Noi,23.4,15.8,18.8,77,33.6,99,1013.9,1
2021-03-22,Ha_Noi,19.5,15.1,16.8,55,20.0,72,1021.7,0
2021-03-23,Ha_Noi,21.8,14.2,17.5,62,12.4,32,1018.2,0
2021-03-24,Ha_Noi,23.9,14.5,19.1,79,13.3,58,1013.5,0
2021-03-25,Ha_Noi,24.2,19.0,21.0,88,10.7,86,1011.3,1
2021-03-26,Ha_Noi,26.7,20.0,22.8,90,18.2,97,1008.9,1
2021-03-27,Ha_Noi,27.4,22.5,24.2,89,20.8,95,1006.7,1
2021-03-28,Ha_Noi,27.0,22.6,24.4,90,18.0,96,1005.5,1
2021-03-29,Ha_Noi,31.4,23.1,26.0,86,16.9,60,1001.8,0
2021-03-30,Ha_Noi,32.5,23.2,27.1,83,16.2,62,999.1,0
2021-03-31,Ha_Noi,33.5,23.4,27.7,80,19.6,43,998.6,0
2021-04-01,Ha_Noi,32.7,23.0,26.9,83,17.1,27,1000.4,0
2021-04-02,Ha_Noi,31.2,23.6,26.6,86,17.1,72,1003.5,1
2021-04-03,Ha_Noi,27.0,23.3,25.2,92,16.1,99,1007.2,1
2021-04-04,Ha_Noi,28.6,22.2,24.3,88,16.8,77,1010.0,1
2021-04-05,Ha_Noi,26.9,20.0,22.7,84,12.8,71,1012.8,1
2021-04-06,Ha_Noi,26.0,21.0,23.3,86,18.8,74,1012.8,1
2021-04-07,Ha_Noi,27.5,21.8,24.3,87,13.3,73,1010.8,1
2021-04-08,Ha_Noi,27.8,20.8,24.3,89,19.5,78,1009.3,1
2021-04-09,Ha_Noi,22.0,17.8,20.1,80,18.3,100,1012.7,1
2021-04-10,Ha_Noi,23.8,18.6,20.8,87,10.5,100,1013.8,1
2021-04-11,Ha_Noi,28.2,21.5,24.4,85,18.5,87,1012.8,1
2021-04-12,Ha_Noi,28.8,22.0,25.1,87,18.5,96,1011.0,1
2021-04-13,Ha_Noi,27.5,23.5,25.3,86,16.9,99,1009.4,1
2021-04-14,Ha_Noi,28.5,23.0,25.5,86,16.8,98,1007.7,1
2021-04-15,Ha_Noi,28.0,24.1,25.5,90,20.5,96,1006.6,1
2021-04-16,Ha_Noi,28.1,23.8,25.8,86,18.7,97,1008.1,1
2021-04-17,Ha_Noi,24.1,20.9,22.2,92,18.4,99,1012.1,1
2021-04-18,Ha_Noi,25.5,20.2,22.6,87,9.5,99,1010.6,1
2021-04-19,Ha_Noi,28.9,22.5,25.3,88,17.3,60,1006.2,1
2021-04-20,Ha_Noi,30.1,24.1,26.8,87,19.4,66,1005.0,1
2021-04-21,Ha_Noi,29.8,25.1,27.1,86,20.4,71,1005.7,1
2021-04-22,Ha_Noi,30.9,25.3,27.3,86,16.6,61,1005.3,1
2021-04-23,Ha_Noi,31.8,25.2,27.6,84,19.6,55,1003.1,1
2021-04-24,Ha_Noi,32.4,25.1,28.1,85,18.3,75,1003.0,1
2021-04-25,Ha_Noi,29.9,24.4,26.4,91,17.1,94,1005.9,1
2021-04-26,Ha_Noi,24.5,20.9,23.0,92,22.4,100,1008.4,1
2021-04-27,Ha_Noi,24.8,20.4,22.5,87,10.9,100,1011.1,1
2021-04-28,Ha_Noi,25.5,21.0,22.9,88,16.7,95,1012.7,1
2021-04-29,Ha_Noi,23.9,19.7,21.4,81,14.2,94,1013.3,1
2021-04-30,Ha_Noi,27.6,18.4,23.1,82,14.5,52,1009.8,0
2021-05-01,Ha_Noi,28.6,21.2,24.7,87,12.8,86,1009.1,1
2021-05-02,Ha_Noi,29.0,23.9,26.2,91,15.9,91,1007.5,1
2021-05-03,Ha_Noi,30.6,25.5,27.5,86,21.4,66,1004.9,1
2021-05-04,Ha_Noi,32.8,25.1,28.3,82,17.1,43,1004.8,0
2021-05-05,Ha_Noi,27.0,23.2,25.5,92,15.1,96,1009.0,1
2021-05-06,Ha_Noi,30.1,22.5,26.0,83,15.0,92,1010.4,1
2021-05-07,Ha_Noi,31.5,24.6,27.3,84,18.8,52,1008.9,1
2021-05-08,Ha_Noi,31.2,24.2,27.3,84,16.5,66,1006.3,0
2021-05-09,Ha_Noi,32.8,24.7,28.1,84,17.3,63,1004.2,1
2021-05-10,Ha_Noi,34.2,25.8,29.4,82,16.9,36,1002.5,0
2021-05-11,Ha_Noi,35.0,26.5,30.1,79,17.9,49,1001.4,0
2021-05-12,Ha_Noi,34.9,27.0,30.4,78,16.8,46,1001.1,0
2021-05-13,Ha_Noi,33.0,26.5,29.1,83,17.7,58,1002.0,1
2021-05-14,Ha_Noi,32.0,27.0,29.4,81,22.7,48,1001.8,1
2021-05-15,Ha_Noi,34.4,27.5,30.4,78,19.8,54,1002.1,0
2021-05-16,Ha_Noi,35.2,27.2,30.6,79,19.7,49,1002.3,0
2021-05-17,Ha_Noi,33.2,27.5,29.9,80,21.7,45,1003.7,1
2021-05-18,Ha_Noi,34.0,27.4,29.9,81,19.6,60,1003.4,1
2021-05-19,Ha_Noi,35.7,27.5,30.8,77,19.9,72,1000.9,1
2021-05-20,Ha_Noi,36.2,27.8,31.2,75,19.2,93,1001.2,1
2021-05-21,Ha_Noi,35.5,27.4,31.0,76,21.6,76,1000.7,1
2021-05-22,Ha_Noi,36.7,28.3,31.7,72,22.2,62,999.1,1
2021-05-23,Ha_Noi,35.0,27.5,30.7,79,21.0,80,1001.3,1
2021-05-24,Ha_Noi,30.1,25.2,27.5,80,17.5,98,1006.5,1
2021-05-25,Ha_Noi,27.8,23.8,25.6,85,18.4,82,1006.5,1
2021-05-26,Ha_Noi,30.5,24.5,27.6,87,17.7,74,1004.4,1
2021-05-27,Ha_Noi,31.5,25.5,28.5,85,19.1,65,1005.3,1
2021-05-28,Ha_Noi,31.9,25.9,28.8,84,14.7,86,1005.4,1
2021-05-29,Ha_Noi,34.5,26.7,30.4,79,17.2,84,1002.7,1
2021-05-30,Ha_Noi,35.4,27.7,31.4,75,14.6,98,1000.3,1
2021-05-31,Ha_Noi,36.5,27.6,31.8,74,12.3,95,998.5,0
2021-06-01,Ha_Noi,37.3,28.5,32.9,69,18.0,88,998.6,0
2021-06-02,Ha_Noi,37.0,29.0,32.5,72,16.3,99,999.4,0
2021-06-03,Ha_Noi,38.2,29.0,33.1,70,17.8,90,999.4,1
2021-06-04,Ha_Noi,29.7,25.1,27.0,74,25.1,96,1004.5,1
2021-06-05,Ha_Noi,30.9,24.4,27.4,73,8.2,76,1003.7,1
2021-06-06,Ha_Noi,31.5,25.2,28.1,82,13.2,73,1001.7,1
2021-06-07,Ha_Noi,32.0,25.5,27.8,87,15.9,89,1002.5,1
2021-06-08,Ha_Noi,29.7,24.8,26.9,90,11.2,96,1003.4,1
2021-06-09,Ha_Noi,30.5,25.2,27.3,89,7.3,98,1002.2,1
2021-06-10,Ha_Noi,31.2,24.7,27.5,89,13.0,99,1000.8,1
2021-06-11,Ha_Noi,31.0,25.2,27.2,91,13.3,97,1001.4,1
2021-06-12,Ha_Noi,31.5,25.4,27.8,87,20.4,99,1000.5,1
2021-06-13,Ha_Noi,30.0,25.4,27.3,87,24.8,86,999.4,1
2021-06-14,Ha_Noi,32.6,25.2,28.9,80,15.3,43,998.9,1
2021-06-15,Ha_Noi,33.1,26.8,29.8,74,14.4,58,997.3,1
2021-06-16,Ha_Noi,34.5,27.6,31.2,72,16.5,80,999.0,0
2021-06-17,Ha_Noi,35.5,27.4,31.6,69,16.9,58,1000.7,0
2021-06-18,Ha_Noi,36.2,27.5,31.8,70,16.6,6,1000.8,0
2021-06-19,Ha_Noi,37.0,28.5,32.5,65,15.7,48,998.7,0
2021-06-20,Ha_Noi,37.3,29.0,33.0,63,14.0,54,996.8,0
2021-06-21,Ha_Noi,37.2,28.9,33.0,65,13.0,89,997.3,0
2021-06-22,Ha_Noi,33.7,27.7,30.7,77,15.9,99,1000.9,1
2021-06-23,Ha_Noi,33.0,26.4,29.1,83,12.4,100,1001.5,1
2021-06-24,Ha_Noi,31.8,27.0,29.2,85,10.1,97,1000.3,1
2021-06-25,Ha_Noi,32.5,26.8,28.7,87,14.4,92,1000.1,1
2021-06-26,Ha_Noi,32.8,26.5,29.8,81,13.4,90,1000.9,1
2021-06-27,Ha_Noi,35.7,27.5,31.6,69,15.8,85,999.8,0
2021-06-28,Ha_Noi,35.8,28.5,31.6,69,15.0,97,997.5,0
2021-06-29,Ha_Noi,33.8,28.3,31.0,76,9.8,100,997.6,1
2021-06-30,Ha_Noi,34.8,28.2,31.3,73,15.3,100,998.1,1
2021-07-01,Ha_Noi,34.8,28.3,31.3,68,15.9,99,998.5,0
2021-07-02,Ha_Noi,36.3,28.2,31.8,66,13.3,99,999.7,0
2021-07-03,Ha_Noi,35.7,28.5,31.7,71,9.8,98,999.9,0
2021-07-04,Ha_Noi,35.9,28.2,31.4,77,15.0,93,1000.4,1
2021-07-05,Ha_Noi,32.5,28.0,29.8,82,15.2,90,1001.9,1
2021-07-06,Ha_Noi,32.5,26.5,29.4,82,13.4,46,1001.9,1
2021-07-07,Ha_Noi,31.9,26.8,28.5,87,12.3,73,1002.1,1
2021-07-08,Ha_Noi,29.1,25.8,27.3,89,21.8,93,1003.7,1
2021-07-09,Ha_Noi,31.1,25.5,27.8,86,17.3,56,1006.0,1
2021-07-10,Ha_Noi,31.3,25.5,28.1,84,16.7,45,1006.4,1
2021-07-11,Ha_Noi,32.5,25.5,28.8,80,15.8,52,1007.0,1
2021-07-12,Ha_Noi,33.5,25.9,29.5,78,18.6,17,1005.8,0
2021-07-13,Ha_Noi,33.8,26.6,29.8,80,20.5,27,1003.6,1
2021-07-14,Ha_Noi,33.6,27.5,30.1,78,17.2,24,1003.2,1
2021-07-15,Ha_Noi,32.8,26.8,29.7,77,16.3,24,1004.8,1
2021-07-16,Ha_Noi,34.0,26.4,30.0,77,14.9,36,1005.3,1
2021-07-17,Ha_Noi,34.5,26.1,30.3,77,15.5,69,1001.7,0
2021-07-18,Ha_Noi,32.0,27.0,29.0,85,13.4,98,999.4,1
2021-07-19,Ha_Noi,32.0,26.4,28.3,88,11.3,93,999.8,1
2021-07-20,Ha_Noi,31.1,24.5,27.3,89,8.7,100,1000.4,1
2021-07-21,Ha_Noi,31.1,25.4,28.1,86,9.2,98,999.3,1
2021-07-22,Ha_Noi,30.1,26.6,28.0,90,8.2,100,997.7,1
2021-07-23,Ha_Noi,27.4,25.8,26.6,95,20.7,98,996.1,1
2021-07-24,Ha_Noi,31.5,24.9,28.3,87,15.3,79,996.4,1
2021-07-25,Ha_Noi,32.6,26.0,29.2,87,12.4,79,997.6,1
2021-07-26,Ha_Noi,33.1,26.5,29.0,85,11.5,65,997.2,1
2021-07-27,Ha_Noi,33.9,26.3,29.9,82,10.8,72,995.5,1
2021-07-28,Ha_Noi,33.0,27.6,29.7,86,11.2,90,995.5,1
2021-07-29,Ha_Noi,32.2,27.0,29.0,89,8.4,99,997.0,1
2021-07-30,Ha_Noi,33.2,26.6,29.9,85,13.9,93,997.5,1
2021-07-31,Ha_Noi,34.4,27.4,30.9,81,15.5,95,996.4,1
2021-08-01,Ha_Noi,27.2,26.0,26.6,94,11.8,99,996.9,1
2021-08-02,Ha_Noi,33.1,25.2,29.2,85,10.3,83,996.5,1
2021-08-03,Ha_Noi,33.9,26.8,29.9,84,12.1,90,997.5,1
2021-08-04,Ha_Noi,35.6,27.2,31.2,79,10.1,69,997.5,1
2021-08-05,Ha_Noi,36.0,27.9,31.9,76,13.9,79,996.1,0
2021-08-06,Ha_Noi,36.2,28.8,32.2,72,12.2,98,996.7,0
2021-08-07,Ha_Noi,36.4,28.0,32.4,70,11.4,99,997.9,0
2021-08-08,Ha_Noi,34.2,28.4,31.2,79,7.9,98,999.1,0
2021-08-09,Ha_Noi,33.2,28.2,30.4,84,11.5,98,999.5,1
2021-08-10,Ha_Noi,31.0,26.0,27.9,93,12.1,100,999.8,1
2021-08-11,Ha_Noi,31.1,26.1,27.7,93,15.1,99,1002.2,1
2021-08-12,Ha_Noi,33.2,25.5,28.7,87,12.6,97,1003.3,1
2021-08-13,Ha_Noi,32.9,27.2,30.0,82,13.4,88,999.7,1
2021-08-14,Ha_Noi,32.2,27.0,29.4,86,8.5,100,999.0,1
2021-08-15,Ha_Noi,30.6,25.6,27.3,91,9.6,98,1003.1,1
2021-08-16,Ha_Noi,31.9,25.0,28.6,85,11.0,90,1006.6,1
2021-08-17,Ha_Noi,33.0,26.0,29.3,83,11.6,54,1005.8,1
2021-08-18,Ha_Noi,32.5,26.8,29.5,85,16.0,75,1003.8,1
2021-08-19,Ha_Noi,31.2,26.0,28.4,86,13.4,80,1004.1,1
2021-08-20,Ha_Noi,31.9,26.1,28.8,86,13.5,57,1005.3,1
2021-08-21,Ha_Noi,33.2,27.2,30.0,84,17.1,75,1004.2,1
2021-08-22,Ha_Noi,34.5,27.7,30.8,80,16.6,47,1001.7,0
2021-08-23,Ha_Noi,34.8,28.4,30.6,80,15.5,89,1000.6,1
2021-08-24,Ha_Noi,32.7,27.0,29.2,88,14.0,99,1001.7,1
2021-08-25,Ha_Noi,31.5,25.9,28.7,85,15.2,79,1003.2,1
2021-08-26,Ha_Noi,30.6,25.9,27.6,89,14.7,73,1005.8,1
2021-08-27,Ha_Noi,30.1,24.4,26.8,88,9.5,87,1007.5,1
2021-08-28,Ha_Noi,29.5,24.6,26.3,89,12.8,80,1007.4,1
2021-08-29,Ha_Noi,30.9,24.3,27.0,87,13.3,43,1007.2,1
2021-08-30,Ha_Noi,31.4,25.0,27.6,85,11.7,87,1007.6,1
2021-08-31,Ha_Noi,31.4,25.1,27.9,86,11.8,49,1007.4,1
2021-09-01,Ha_Noi,31.5,25.4,28.1,85,11.7,62,1006.4,1
2021-09-02,Ha_Noi,30.0,25.0,27.0,88,8.2,91,1005.4,1
2021-09-03,Ha_Noi,31.0,24.8,27.7,87,12.5,61,1003.3,1
2021-09-04,Ha_Noi,31.0,25.0,27.7,88,12.4,59,1003.4,1
2021-09-05,Ha_Noi,30.0,24.4,26.8,90,14.2,73,1006.1,1
2021-09-06,Ha_Noi,31.2,25.1,27.9,87,8.3,70,1008.0,1
2021-09-07,Ha_Noi,29.9,25.8,27.4,88,15.8,80,1007.6,1
2021-09-08,Ha_Noi,29.2,24.6,26.5,88,18.4,90,1006.3,1
2021-09-09,Ha_Noi,30.2,24.2,26.7,89,11.1,64,1007.5,1
2021-09-10,Ha_Noi,32.8,24.3,28.4,82,11.5,54,1006.2,0
2021-09-11,Ha_Noi,33.3,26.1,29.6,79,8.2,52,1003.2,0
2021-09-12,Ha_Noi,34.3,26.7,30.5,79,9.7,71,1000.5,1
2021-09-13,Ha_Noi,31.5,26.5,28.8,88,12.4,78,1003.5,1
2021-09-14,Ha_Noi,29.0,25.2,26.7,91,10.1,99,1007.6,1
2021-09-15,Ha_Noi,29.8,25.0,26.7,90,8.9,95,1009.1,1
2021-09-16,Ha_Noi,29.8,25.2,26.9,88,13.8,87,1007.8,1
2021-09-17,Ha_Noi,31.5,25.4,27.8,87,13.9,86,1006.1,1
2021-09-18,Ha_Noi,31.4,25.9,28.4,86,16.0,56,1006.7,1
2021-09-19,Ha_Noi,32.5,25.5,28.7,82,12.7,72,1006.9,0
2021-09-20,Ha_Noi,31.1,25.5,27.8,88,10.5,65,1007.4,1
2021-09-21,Ha_Noi,31.0,25.1,27.8,86,11.2,46,1006.9,1
2021-09-22,Ha_Noi,27.8,24.9,26.2,90,11.2,69,1007.0,1
2021-09-23,Ha_Noi,29.4,24.8,26.8,90,11.3,77,1008.7,1
2021-09-24,Ha_Noi,28.6,24.7,26.0,92,15.1,88,1009.1,1
2021-09-25,Ha_Noi,29.0,24.0,25.8,92,12.9,92,1008.9,1
2021-09-26,Ha_Noi,29.9,24.0,26.1,91,13.0,78,1009.3,1
2021-09-27,Ha_Noi,29.5,24.2,26.2,90,6.4,85,1008.9,1
2021-09-28,Ha_Noi,31.7,24.1,27.7,83,12.4,31,1007.4,0
2021-09-29,Ha_Noi,32.1,24.5,28.3,83,12.5,25,1006.1,1
2021-09-30,Ha_Noi,32.4,25.4,28.7,82,12.0,16,1006.1,1
2021-10-01,Ha_Noi,31.8,25.6,28.3,85,12.7,48,1006.3,1
2021-10-02,Ha_Noi,31.1,25.3,27.8,83,13.0,64,1007.2,1
2021-10-03,Ha_Noi,30.6,24.2,27.3,82,11.1,45,1007.8,0
2021-10-04,Ha_Noi,30.8,24.4,27.2,87,13.2,30,1008.7,1
2021-10-05,Ha_Noi,31.2,24.8,27.1,87,12.6,59,1008.7,1
2021-10-06,Ha_Noi,31.8,24.4,27.5,85,6.9,51,1005.8,1
2021-10-07,Ha_Noi,32.3,25.5,28.6,78,14.5,63,1003.0,1
2021-10-08,Ha_Noi,32.7,26.2,28.8,63,21.6,71,1002.1,0
2021-10-09,Ha_Noi,27.9,23.2,25.6,78,17.7,100,1002.1,1
2021-10-10,Ha_Noi,24.4,23.1,23.7,91,25.0,100,1000.8,1
2021-10-11,Ha_Noi,23.5,22.1,22.7,87,25.1,98,1005.9,1
2021-10-12,Ha_Noi,28.4,21.6,24.4,63,25.8,57,1007.1,0
2021-10-13,Ha_Noi,26.2,22.1,23.4,73,25.8,100,1003.7,1
2021-10-14,Ha_Noi,22.5,20.9,21.4,85,29.1,100,1003.9,1
2021-10-15,Ha_Noi,23.8,21.0,21.6,89,21.6,100,1008.7,1
2021-10-16,Ha_Noi,23.4,19.9,21.3,77,28.1,100,1014.4,1
2021-10-17,Ha_Noi,23.6,19.5,21.3,64,25.2,94,1017.4,1
2021-10-18,Ha_Noi,20.7,17.9,19.2,86,15.9,100,1016.2,1
2021-10-19,Ha_Noi,25.8,19.8,21.7,90,10.7,95,1014.8,1
2021-10-20,Ha_Noi,30.7,20.6,25.6,85,18.0,69,1011.2,0
2021-10-21,Ha_Noi,24.7,20.2,22.2,78,31.4,98,1013.2,1
2021-10-22,Ha_Noi,20.7,18.9,19.8,60,17.2,100,1018.5,1
2021-10-23,Ha_Noi,23.3,17.9,19.8,64,16.3,73,1019.1,0
2021-10-24,Ha_Noi,24.3,17.0,20.3,70,15.2,32,1018.1,0
2021-10-25,Ha_Noi,25.9,17.5,21.3,74,13.1,8,1015.0,0
2021-10-26,Ha_Noi,26.5,17.1,22.1,78,7.6,23,1013.5,0
2021-10-27,Ha_Noi,27.8,19.2,23.4,73,14.0,55,1014.3,0
2021-10-28,Ha_Noi,23.4,20.8,22.3,81,12.7,100,1014.9,1
2021-10-29,Ha_Noi,22.6,20.8,21.6,93,15.1,100,1015.3,1
2021-10-30,Ha_Noi,21.0,19.6,20.3,89,15.9,100,1016.3,1
2021-10-31,Ha_Noi,23.4,19.6,21.1,89,11.8,100,1015.1,1
2021-11-01,Ha_Noi,24.9,20.3,22.1,88,13.0,100,1014.9,1
2021-11-02,Ha_Noi,25.0,20.7,22.0,88,12.8,100,1015.0,1
2021-11-03,Ha_Noi,27.4,20.3,23.3,86,10.0,70,1013.1,1
2021-11-04,Ha_Noi,29.5,21.5,25.1,84,15.5,54,1010.5,1
2021-11-05,Ha_Noi,30.2,23.3,26.1,83,18.8,51,1007.7,0
2021-11-06,Ha_Noi,30.5,23.2,26.1,84,16.5,54,1005.6,1
2021-11-07,Ha_Noi,29.9,23.3,25.4,88,29.1,78,1009.1,1
2021-11-08,Ha_Noi,22.2,15.5,17.9,64,32.8,100,1018.5,1
2021-11-09,Ha_Noi,21.5,14.4,18.1,57,12.1,13,1018.6,0
2021-11-10,Ha_Noi,21.8,14.3,18.6,59,15.0,22,1018.1,0
2021-11-11,Ha_Noi,23.4,14.9,19.2,67,9.6,72,1015.3,0
2021-11-12,Ha_Noi,24.0,17.2,20.8,64,17.3,93,1017.1,0
2021-11-13,Ha_Noi,23.6,17.5,20.2,63,15.5,81,1017.2,0
2021-11-14,Ha_Noi,24.0,16.3,19.9,68,12.4,61,1015.7,0
2021-11-15,Ha_Noi,25.2,16.3,20.9,77,10.8,85,1013.5,0
2021-11-16,Ha_Noi,22.4,18.5,20.7,88,6.7,90,1013.4,1
2021-11-17,Ha_Noi,23.2,19.6,21.1,78,20.5,100,1015.1,1
2021-11-18,Ha_Noi,22.5,17.5,19.7,68,13.8,79,1013.6,0
2021-11-19,Ha_Noi,24.3,16.0,20.7,82,15.3,81,1008.6,1
2021-11-20,Ha_Noi,28.5,20.9,23.6,85,17.9,74,1007.1,1
2021-11-21,Ha_Noi,29.0,21.9,24.8,86,18.7,68,1009.7,1
2021-11-22,Ha_Noi,21.6,16.9,19.2,67,24.9,93,1016.5,1
2021-11-23,Ha_Noi,18.6,15.2,16.9,58,17.4,89,1020.0,0
2021-11-24,Ha_Noi,20.0,15.6,17.4,60,15.0,84,1019.6,1
2021-11-25,Ha_Noi,22.8,13.6,17.8,78,11.3,38,1017.3,1
2021-11-26,Ha_Noi,24.2,14.9,19.4,73,11.2,34,1017.0,0
2021-11-27,Ha_Noi,24.6,17.1,20.4,63,12.0,31,1018.0,0
2021-11-28,Ha_Noi,24.4,15.6,19.3,69,11.2,27,1017.5,0
2021-11-29,Ha_Noi,25.5,16.4,20.8,68,10.1,76,1016.2,0
2021-11-30,Ha_Noi,24.7,17.5,20.9,57,21.8,58,1018.9,0
2021-12-01,Ha_Noi,21.8,14.9,17.8,55,14.7,51,1020.2,0
2021-12-02,Ha_Noi,21.6,12.2,16.3,59,13.7,59,1020.5,0
2021-12-03,Ha_Noi,22.4,11.6,16.4,61,12.8,43,1020.3,0
2021-12-04,Ha_Noi,23.0,11.4,16.8,63,10.9,16,1019.7,0
2021-12-05,Ha_Noi,23.4,12.0,17.3,66,11.4,1,1019.4,0
2021-12-06,Ha_Noi,23.5,12.1,17.3,63,11.0,0,1018.7,0
2021-12-07,Ha_Noi,23.5,10.8,16.9,65,9.4,0,1018.5,0
2021-12-08,Ha_Noi,24.0,11.6,18.3,67,9.1,46,1019.1,1
2021-12-09,Ha_Noi,21.4,17.4,19.2,80,11.5,96,1020.1,1
2021-12-10,Ha_Noi,25.5,16.9,20.5,78,15.8,68,1017.3,0
2021-12-11,Ha_Noi,25.5,16.5,20.4,82,9.4,59,1017.5,1
2021-12-12,Ha_Noi,25.5,16.1,19.9,75,24.9,65,1019.8,1
2021-12-13,Ha_Noi,21.1,14.3,18.0,61,17.3,51,1020.3,0
2021-12-14,Ha_Noi,22.9,11.6,17.5,75,9.4,31,1015.9,0
2021-12-15,Ha_Noi,23.2,14.6,18.2,89,9.0,68,1012.6,1
2021-12-16,Ha_Noi,23.4,18.5,20.1,88,10.5,85,1013.3,1
2021-12-17,Ha_Noi,25.5,17.0,21.0,66,20.6,49,1017.6,1
2021-12-18,Ha_Noi,21.8,15.0,18.2,49,18.2,42,1020.5,0
2021-12-19,Ha_Noi,20.8,12.9,17.1,48,17.2,53,1019.9,0
2021-12-20,Ha_Noi,23.1,14.7,18.6,52,14.6,88,1015.5,0
2021-12-21,Ha_Noi,23.8,15.2,19.0,59,13.1,53,1015.3,0
2021-12-22,Ha_Noi,25.1,12.8,18.6,69,11.8,7,1014.6,0
2021-12-23,Ha_Noi,25.5,13.7,19.0,76,14.3,13,1013.3,0
2021-12-24,Ha_Noi,23.6,15.5,19.4,85,10.3,72,1013.8,1
2021-12-25,Ha_Noi,25.1,17.5,20.4,82,14.4,75,1016.8,1
2021-12-26,Ha_Noi,21.5,13.9,17.9,70,25.1,100,1020.5,1
2021-12-27,Ha_Noi,13.8,9.9,12.1,60,18.8,100,1025.1,1
2021-12-28,Ha_Noi,16.0,10.9,13.5,63,10.2,98,1022.7,0
2021-12-29,Ha_Noi,16.2,14.4,15.2,68,11.5,100,1022.1,1
2021-12-30,Ha_Noi,18.8,13.5,15.8,66,14.0,100,1023.6,1
2021-12-31,Ha_Noi,18.2,13.8,16.0,70,11.4,92,1022.7,1
2021-01-01,Hue,20.0,16.5,18.1,81,20.2,97,1020.7,1
2021-01-02,Hue,19.6,16.1,17.6,85,8.2,99,1018.9,1
2021-01-03,Hue,20.6,15.8,18.6,89,9.1,85,1017.7,1
2021-01-04,Hue,21.0,18.5,19.4,91,16.7,100,1017.6,1
2021-01-05,Hue,20.6,18.2,19.3,91,16.7,100,1017.0,1
2021-01-06,Hue,22.3,18.6,20.5,93,14.3,99,1015.3,1
2021-01-07,Hue,20.8,18.7,20.1,92,16.8,99,1014.8,1
2021-01-08,Hue,20.4,16.4,18.6,92,22.1,100,1018.1,1
2021-01-09,Hue,17.1,13.2,16.0,92,15.6,100,1019.5,1
2021-01-10,Hue,16.4,12.6,14.1,93,19.9,100,1019.1,1
2021-01-11,Hue,16.8,13.4,14.7,90,25.3,100,1022.4,1
2021-01-12,Hue,16.4,14.1,15.1,79,19.8,100,1022.4,1
2021-01-13,Hue,19.8,13.6,16.4,75,10.0,82,1017.4,0
2021-01-14,Hue,21.8,12.6,17.4,84,12.1,61,1015.4,0
2021-01-15,Hue,22.8,13.7,18.8,86,13.2,59,1013.4,1
2021-01-16,Hue,24.5,15.3,19.7,87,14.6,31,1013.6,1
2021-01-17,Hue,23.0,18.0,20.0,88,24.9,80,1018.6,1
2021-01-18,Hue,18.0,15.7,17.2,80,25.9,99,1020.9,1
2021-01-19,Hue,20.3,14.5,17.2,85,10.1,83,1017.1,1
2021-01-20,Hue,23.0,13.2,18.3,88,13.9,43,1014.8,0
2021-01-21,Hue,23.3,17.0,20.2,91,10.9,76,1013.6,1
2021-01-22,Hue,22.3,19.1,20.7,89,16.9,95,1013.4,1
2021-01-23,Hue,22.3,18.6,19.9,87,11.9,99,1013.7,1
2021-01-24,Hue,25.5,19.0,21.5,87,17.7,47,1012.9,0
2021-01-25,Hue,25.6,17.6,21.0,89,15.1,39,1013.0,0
2021-01-26,Hue,23.6,16.7,20.6,90,16.1,74,1014.4,1
2021-01-27,Hue,23.1,18.4,21.2,89,18.1,80,1014.2,1
2021-01-28,Hue,23.0,18.7,21.4,84,16.8,72,1017.5,1
2021-01-29,Hue,22.5,18.0,20.2,84,19.2,61,1018.2,1
2021-01-30,Hue,23.4,17.0,20.2,86,20.8,61,1017.0,1
2021-01-31,Hue,23.3,18.9,21.1,88,21.2,50,1016.8,1
2021-02-01,Hue,24.7,17.3,20.8,87,15.9,55,1016.6,1
2021-02-02,Hue,24.4,18.0,21.0,88,15.0,47,1017.1,1
2021-02-03,Hue,24.4,18.0,21.1,88,19.6,34,1017.2,1
2021-02-04,Hue,22.6,17.3,20.4,90,16.0,67,1017.9,1
2021-02-05,Hue,24.2,19.8,21.5,86,14.5,41,1016.5,1
2021-02-06,Hue,23.9,17.4,21.0,87,16.2,66,1015.2,1
2021-02-07,Hue,25.1,18.0,22.0,85,17.7,45,1014.3,1
2021-02-08,Hue,25.0,19.7,22.7,86,19.3,61,1014.1,1
2021-02-09,Hue,25.4,18.8,21.7,91,26.5,87,1012.7,1
2021-02-10,Hue,20.2,17.2,18.6,92,17.7,90,1014.2,1
2021-02-11,Hue,22.4,14.4,18.5,81,12.2,53,1015.0,1
2021-02-12,Hue,22.5,14.6,18.3,81,11.0,41,1015.8,0
2021-02-13,Hue,23.0,14.4,18.5,84,12.3,41,1015.6,0
2021-02-14,Hue,24.2,14.9,19.4,86,12.1,36,1015.4,0
2021-02-15,Hue,24.7,14.3,19.6,86,17.2,0,1012.9,0
2021-02-16,Hue,25.4,15.4,20.2,88,16.9,14,1012.8,0
2021-02-17,Hue,24.4,18.1,21.0,87,14.9,20,1016.9,1
2021-02-18,Hue,23.5,18.8,21.1,85,21.8,51,1019.9,1
2021-02-19,Hue,23.9,17.6,20.8,81,17.5,45,1020.2,1
2021-02-20,Hue,23.5,16.9,19.6,81,15.6,49,1018.2,0
2021-02-21,Hue,24.5,13.9,19.4,84,18.8,28,1015.1,0
2021-02-22,Hue,25.5,15.3,20.3,85,14.8,16,1013.4,0
2021-02-23,Hue,24.6,15.1,20.3,85,11.1,22,1013.2,0
2021-02-24,Hue,26.0,15.9,21.2,84,15.8,28,1010.4,0
2021-02-25,Hue,29.1,17.2,22.9,87,11.6,46,1006.9,0
2021-02-26,Hue,31.2,19.4,24.6,86,13.5,6,1005.2,0
2021-02-27,Hue,27.5,21.3,23.8,90,15.0,69,1008.2,0
2021-02-28,Hue,29.6,22.2,24.9,86,23.5,22,1009.7,0
2021-03-01,Hue,29.6,21.5,25.3,88,13.8,32,1011.8,0
2021-03-02,Hue,26.3,22.8,24.0,95,14.3,82,1014.6,1
2021-03-03,Hue,26.3,22.0,23.7,89,18.2,44,1014.9,1
2021-03-04,Hue,26.8,21.0,23.7,89,16.4,40,1014.2,1
2021-03-05,Hue,29.2,21.1,25.1,89,9.7,38,1011.5,0
2021-03-06,Hue,30.4,20.8,25.8,84,11.6,12,1011.8,0
2021-03-07,Hue,28.5,22.0,24.9,88,18.0,51,1013.6,1
2021-03-08,Hue,27.5,21.5,24.2,87,18.8,36,1014.5,1
2021-03-09,Hue,27.5,20.6,24.1,84,25.2,18,1014.2,1
2021-03-10,Hue,27.4,22.1,24.3,84,22.3,58,1014.2,1
2021-03-11,Hue,27.5,21.8,24.3,87,16.8,36,1014.9,1
2021-03-12,Hue,27.1,20.6,23.8,86,16.9,24,1015.4,1
2021-03-13,Hue,27.2,20.1,23.7,85,15.0,40,1015.1,1
2021-03-14,Hue,27.3,20.6,23.9,83,19.5,24,1012.6,1
2021-03-15,Hue,28.9,19.4,24.2,82,18.8,24,1010.2,0
2021-03-16,Hue,29.6,20.6,24.8,83,19.2,11,1009.6,0
2021-03-17,Hue,29.5,20.5,24.6,85,17.5,68,1009.4,0
2021-03-18,Hue,29.8,20.4,24.8,85,18.1,93,1009.0,0
2021-03-19,Hue,29.9,20.9,25.4,85,19.1,52,1008.1,0
2021-03-20,Hue,31.2,21.6,26.1,85,18.5,38,1006.7,0
2021-03-21,Hue,29.1,23.4,25.8,86,19.9,48,1010.3,1
2021-03-22,Hue,23.6,20.4,22.0,91,20.9,97,1017.5,1
2021-03-23,Hue,22.1,20.8,21.5,91,14.0,97,1017.1,1
2021-03-24,Hue,24.9,20.5,22.6,89,13.8,75,1013.5,1
2021-03-25,Hue,27.4,20.7,24.0,87,19.9,45,1011.6,1
2021-03-26,Hue,28.5,22.1,25.0,88,23.8,47,1009.9,0
2021-03-27,Hue,30.4,21.5,25.7,89,14.6,48,1007.8,0
2021-03-28,Hue,30.7,22.8,26.5,88,10.2,75,1006.7,1
2021-03-29,Hue,32.5,23.4,27.8,85,9.8,56,1004.8,0
2021-03-30,Hue,35.0,23.8,28.6,80,13.1,12,1003.1,1
2021-03-31,Hue,33.8,24.5,28.6,80,13.4,33,1002.5,0
2021-04-01,Hue,34.6,25.5,29.1,79,16.6,24,1003.1,0
2021-04-02,Hue,32.1,25.7,28.0,83,13.6,71,1005.5,1
2021-04-03,Hue,31.0,24.8,27.2,85,21.3,47,1007.2,1
2021-04-04,Hue,29.5,22.0,25.7,85,24.8,15,1009.7,1
2021-04-05,Hue,29.4,21.2,25.2,84,22.9,28,1012.4,0
2021-04-06,Hue,29.3,22.2,25.5,84,19.4,21,1012.9,1
2021-04-07,Hue,29.4,22.8,25.9,83,22.0,17,1011.6,1
2021-04-08,Hue,30.2,23.0,26.3,82,18.2,16,1009.9,1
2021-04-09,Hue,29.4,22.6,26.0,81,19.1,18,1011.1,0
2021-04-10,Hue,28.4,23.2,25.6,83,19.8,55,1013.2,1
2021-04-11,Hue,29.3,23.5,26.1,81,23.1,47,1013.4,1
2021-04-12,Hue,30.9,22.2,26.2,82,21.9,45,1012.4,0
2021-04-13,Hue,31.2,22.4,26.4,84,18.7,34,1010.8,0
2021-04-14,Hue,32.0,23.0,27.0,83,16.5,64,1009.3,0
2021-04-15,Hue,31.8,24.5,27.6,82,13.8,94,1008.4,1
2021-04-16,Hue,31.5,24.5,27.7,80,14.1,63,1008.7,0
2021-04-17,Hue,31.1,24.9,27.3,79,17.2,53,1011.2,1
2021-04-18,Hue,31.7,23.0,26.9,77,17.9,39,1010.7,0
2021-04-19,Hue,31.9,23.6,27.8,76,10.9,68,1008.2,0
2021-04-20,Hue,32.2,24.3,28.3,76,12.6,79,1007.7,1
2021-04-21,Hue,33.1,24.4,28.5,76,16.6,66,1008.0,1
2021-04-22,Hue,33.7,25.0,29.0,74,16.4,87,1007.0,1
2021-04-23,Hue,33.7,24.2,29.1,74,17.0,44,1005.7,1
2021-04-24,Hue,35.3,25.5,30.1,70,17.0,30,1005.6,0
2021-04-25,Hue,35.6,25.6,30.3,72,15.8,53,1006.9,1
2021-04-26,Hue,35.5,25.5,29.8,74,19.3,91,1007.3,1
2021-04-27,Hue,30.7,25.8,27.7,82,15.5,95,1010.3,1
2021-04-28,Hue,32.9,24.5,27.9,78,22.0,75,1011.6,1
2021-04-29,Hue,29.7,23.2,26.4,85,14.8,71,1012.0,1
2021-04-30,Hue,31.4,22.8,26.4,77,14.5,86,1011.2,1
2021-05-01,Hue,32.5,23.4,28.0,79,11.5,52,1010.3,1
2021-05-02,Hue,33.2,24.5,28.8,78,12.3,79,1009.5,1
2021-05-03,Hue,35.0,26.1,29.9,71,14.1,78,1007.6,1
2021-05-04,Hue,35.5,24.8,29.9,69,16.8,88,1007.2,0
2021-05-05,Hue,35.2,24.4,29.1,74,25.6,48,1008.4,0
2021-05-06,Hue,32.3,25.7,28.6,77,23.4,68,1011.4,0
2021-05-07,Hue,32.8,24.2,28.2,72,22.1,67,1010.7,0
2021-05-08,Hue,33.9,23.3,28.4,74,17.2,38,1008.2,0
2021-05-09,Hue,36.2,23.8,29.9,71,17.0,32,1006.4,0
2021-05-10,Hue,36.3,25.4,30.8,68,13.0,42,1005.9,1
2021-05-11,Hue,35.8,26.2,31.1,65,14.6,67,1005.4,1
2021-05-12,Hue,36.3,27.6,31.1,67,9.4,77,1004.9,1
2021-05-13,Hue,35.5,26.5,31.3,66,15.8,46,1004.8,1
2021-05-14,Hue,36.5,27.0,31.0,71,17.1,62,1004.9,1
2021-05-15,Hue,36.1,27.2,31.0,69,11.6,53,1005.8,1
2021-05-16,Hue,35.8,26.2,31.1,71,17.3,31,1005.9,1
2021-05-17,Hue,36.1,26.0,31.1,67,20.1,6,1006.1,0
2021-05-18,Hue,35.3,27.0,31.2,68,14.2,78,1006.2,1
2021-05-19,Hue,36.0,26.9,31.6,64,14.7,77,1005.3,1
2021-05-20,Hue,36.0,26.9,31.7,64,16.8,93,1005.2,1
2021-05-21,Hue,36.7,27.4,32.0,62,16.7,56,1004.8,1
2021-05-22,Hue,36.0,27.8,31.8,62,16.1,33,1003.6,1
2021-05-23,Hue,35.6,27.1,31.3,64,17.0,12,1003.7,1
2021-05-24,Hue,31.8,26.5,28.7,81,15.0,53,1005.8,1
2021-05-25,Hue,31.8,25.4,28.4,83,19.2,66,1005.8,1
2021-05-26,Hue,32.0,25.4,28.5,83,18.1,27,1005.5,1
2021-05-27,Hue,32.5,25.5,28.8,81,16.9,53,1006.0,1
2021-05-28,Hue,34.0,25.9,29.5,79,13.0,65,1007.5,1
2021-05-29,Hue,34.5,25.6,30.3,75,10.9,55,1006.5,1
2021-05-30,Hue,37.5,26.5,31.8,66,9.8,43,1004.8,1
2021-05-31,Hue,38.5,27.5,33.0,59,11.8,46,1003.1,1
2021-06-01,Hue,39.5,27.8,33.6,56,18.4,57,1003.3,0
2021-06-02,Hue,38.9,28.5,33.8,56,16.2,94,1003.7,0
2021-06-03,Hue,38.8,28.7,33.9,53,13.8,93,1004.0,0
2021-06-04,Hue,40.4,28.1,32.5,63,16.4,88,1004.6,1
2021-06-05,Hue,34.0,27.5,29.7,81,10.3,94,1005.0,1
2021-06-06,Hue,34.8,26.6,30.3,75,9.6,91,1003.8,1
2021-06-07,Hue,31.7,26.6,28.9,81,9.8,98,1004.4,1
2021-06-08,Hue,32.5,26.2,28.6,82,13.4,99,1005.2,1
2021-06-09,Hue,30.6,26.8,28.6,83,8.9,98,1004.8,1
2021-06-10,Hue,34.3,26.0,29.5,76,7.6,86,1003.0,1
2021-06-11,Hue,33.5,25.8,29.0,77,14.0,99,1002.0,1
2021-06-12,Hue,26.9,25.7,26.2,93,11.3,100,1001.4,1
2021-06-13,Hue,31.9,24.4,27.5,82,9.9,95,1003.4,1
2021-06-14,Hue,34.7,24.4,28.9,72,11.1,66,1004.1,0
2021-06-15,Hue,34.1,24.8,29.3,73,11.2,17,1003.1,1
2021-06-16,Hue,34.9,25.5,30.2,66,11.9,35,1004.6,0
2021-06-17,Hue,36.0,26.1,30.5,67,11.9,15,1006.2,1
2021-06-18,Hue,36.9,25.9,31.1,63,10.1,16,1006.4,1
2021-06-19,Hue,38.7,26.6,32.5,56,14.2,36,1004.6,0
2021-06-20,Hue,38.9,27.6,33.2,53,12.6,33,1002.5,0
2021-06-21,Hue,39.0,27.8,33.5,52,13.5,53,1002.2,0
2021-06-22,Hue,39.0,28.4,32.8,55,16.2,94,1003.9,1
2021-06-23,Hue,38.7,28.4,33.0,54,15.8,94,1004.7,1
2021-06-24,Hue,37.2,28.0,31.6,62,13.7,98,1004.0,1
2021-06-25,Hue,36.8,27.5,30.9,69,13.7,85,1003.8,1
2021-06-26,Hue,36.0,26.4,30.8,69,10.0,71,1005.2,1
2021-06-27,Hue,38.4,27.1,32.1,62,10.4,43,1005.7,1
2021-06-28,Hue,39.0,27.6,33.2,52,16.6,70,1003.9,0
2021-06-29,Hue,39.2,28.9,33.2,53,11.5,78,1003.4,1
2021-06-30,Hue,39.2,28.6,32.9,55,14.4,84,1003.7,1
2021-07-01,Hue,39.3,27.6,33.1,53,11.9,66,1004.1,1
2021-07-02,Hue,38.8,28.4,33.0,53,19.2,79,1005.0,1
2021-07-03,Hue,39.5,28.3,33.3,53,15.2,59,1004.3,1
2021-07-04,Hue,36.8,28.1,32.4,57,16.6,52,1003.6,1
2021-07-05,Hue,36.4,28.1,31.6,63,14.3,68,1003.3,1
2021-07-06,Hue,29.1,27.0,28.1,86,9.3,92,1003.2,1
2021-07-07,Hue,28.1,26.0,26.8,92,9.2,100,1003.4,1
2021-07-08,Hue,32.2,25.4,28.2,81,17.3,48,1004.9,1
2021-07-09,Hue,31.7,25.0,28.3,79,27.8,42,1005.7,1
2021-07-10,Hue,32.4,25.0,28.7,78,23.8,29,1006.5,1
2021-07-11,Hue,33.3,26.0,29.3,75,23.4,16,1008.1,0
2021-07-12,Hue,33.5,25.4,29.4,74,20.9,25,1007.9,1
2021-07-13,Hue,34.0,25.8,29.4,73,16.6,55,1006.4,1
2021-07-14,Hue,33.5,25.1,29.4,73,19.1,39,1005.4,1
2021-07-15,Hue,34.2,26.1,29.6,72,19.0,70,1006.5,1
2021-07-16,Hue,33.7,25.5,28.5,80,17.1,70,1007.4,1
2021-07-17,Hue,35.2,25.0,29.5,76,14.4,28,1004.5,1
2021-07-18,Hue,36.1,25.5,29.9,72,13.2,54,1001.9,1
2021-07-19,Hue,35.5,26.3,30.6,69,11.5,85,1001.9,1
2021-07-20,Hue,36.4,26.6,31.4,61,17.1,96,1002.5,1
2021-07-21,Hue,36.7,27.4,31.8,54,12.4,94,1002.1,0
2021-07-22,Hue,36.4,27.9,31.9,55,15.6,100,1001.0,0
2021-07-23,Hue,32.8,28.7,30.8,57,16.2,99,999.8,1
2021-07-24,Hue,35.5,27.2,30.5,61,16.8,75,998.5,1
2021-07-25,Hue,31.1,25.8,27.8,86,11.4,98,999.4,1
2021-07-26,Hue,36.0,26.6,31.0,63,16.1,51,1000.1,1
2021-07-27,Hue,38.0,26.1,32.2,58,19.2,71,999.4,0
2021-07-28,Hue,38.8,28.4,33.1,53,20.5,82,998.9,1
2021-07-29,Hue,38.7,28.5,33.7,51,23.4,87,999.9,1
2021-07-30,Hue,38.8,29.2,33.7,50,18.2,88,1001.2,1
2021-07-31,Hue,38.6,29.6,33.7,49,18.6,80,1001.1,1
2021-08-01,Hue,39.3,29.6,33.8,49,22.0,90,999.7,0
2021-08-02,Hue,37.3,30.4,33.5,49,17.1,91,999.8,0
2021-08-03,Hue,36.7,29.1,32.5,52,24.1,97,1000.6,0
2021-08-04,Hue,38.4,29.1,33.0,51,20.7,100,1001.0,0
2021-08-05,Hue,38.8,29.0,33.4,50,19.1,98,1000.6,0
2021-08-06,Hue,39.2,29.0,33.7,50,15.9,96,1001.4,0
2021-08-07,Hue,40.6,29.6,34.5,47,15.4,99,1002.5,1
2021-08-08,Hue,39.8,30.1,34.2,49,15.9,97,1003.2,1
2021-08-09,Hue,39.2,30.5,33.9,52,15.5,80,1003.0,1
2021-08-10,Hue,38.8,29.2,33.3,54,15.5,90,1002.6,1
2021-08-11,Hue,34.5,27.4,30.4,73,13.1,88,1005.3,1
2021-08-12,Hue,34.3,26.9,29.7,80,13.0,92,1007.2,1
2021-08-13,Hue,36.5,26.1,30.2,73,12.2,85,1004.7,1
2021-08-14,Hue,36.3,27.0,30.5,71,12.4,88,1003.6,1
2021-08-15,Hue,34.1,27.1,29.8,71,11.0,92,1006.7,1
2021-08-16,Hue,34.3,25.7,29.5,75,18.0,50,1010.1,1
2021-08-17,Hue,34.5,25.5,29.8,72,12.7,48,1009.0,0
2021-08-18,Hue,36.8,26.1,31.1,65,12.6,37,1006.6,1
2021-08-19,Hue,35.4,26.8,30.6,66,12.5,71,1006.2,1
2021-08-20,Hue,35.0,25.9,30.2,70,16.3,57,1007.3,0
2021-08-21,Hue,35.6,25.0,30.4,64,14.8,17,1007.1,1
2021-08-22,Hue,37.2,26.7,30.9,64,16.6,77,1005.6,1
2021-08-23,Hue,37.4,26.5,30.9,65,16.4,56,1004.4,1
2021-08-24,Hue,34.7,25.5,30.0,67,22.0,44,1004.3,1
2021-08-25,Hue,33.9,26.3,29.8,70,14.8,53,1005.0,1
2021-08-26,Hue,33.8,25.6,29.1,73,21.0,33,1006.1,1
2021-08-27,Hue,33.0,25.3,28.7,74,23.1,64,1007.2,1
2021-08-28,Hue,33.2,24.9,28.7,71,19.1,47,1007.4,0
2021-08-29,Hue,31.0,25.5,27.4,81,16.0,75,1007.9,1
2021-08-30,Hue,30.5,24.9,27.1,88,14.1,97,1008.5,1
2021-08-31,Hue,29.5,24.5,26.7,90,9.7,96,1008.7,1
2021-09-01,Hue,31.2,24.0,27.4,84,10.7,57,1007.7,1
2021-09-02,Hue,31.6,25.0,27.8,80,10.3,94,1006.8,1
2021-09-03,Hue,30.8,25.6,27.9,80,12.6,97,1005.7,1
2021-09-04,Hue,31.5,25.5,27.6,83,10.0,98,1006.0,1
2021-09-05,Hue,31.0,25.0,27.2,83,12.1,80,1007.3,1
2021-09-06,Hue,30.8,24.7,27.5,85,16.6,68,1008.4,1
2021-09-07,Hue,27.0,24.7,25.7,94,7.1,99,1007.7,1
2021-09-08,Hue,30.7,24.1,27.1,85,22.7,72,1005.2,1
2021-09-09,Hue,30.2,24.8,27.3,87,15.0,93,1007.0,1
2021-09-10,Hue,28.5,24.0,26.0,92,13.0,100,1006.9,1
2021-09-11,Hue,26.5,25.1,25.7,91,27.0,99,1003.2,1
2021-09-12,Hue,26.6,23.8,24.9,95,17.2,100,1001.8,1
2021-09-13,Hue,28.5,24.0,26.1,92,16.9,97,1003.2,1
2021-09-14,Hue,31.0,24.6,27.5,88,15.5,80,1006.5,1
2021-09-15,Hue,31.9,24.2,27.9,84,22.0,95,1008.7,1
2021-09-16,Hue,31.5,25.0,27.7,85,10.1,77,1008.7,1
2021-09-17,Hue,31.2,24.5,27.8,86,11.5,38,1008.0,1
2021-09-18,Hue,31.6,24.3,27.9,83,13.3,56,1008.5,1
2021-09-19,Hue,31.0,24.5,27.4,86,16.9,76,1008.3,1
2021-09-20,Hue,29.6,24.5,26.8,88,13.3,63,1007.7,1
2021-09-21,Hue,29.5,24.6,26.7,88,10.7,96,1007.4,1
2021-09-22,Hue,29.5,24.4,26.8,90,9.4,86,1007.5,1
2021-09-23,Hue,28.3,24.2,25.8,93,30.9,81,1007.8,1
2021-09-24,Hue,31.0,25.5,27.3,84,34.7,98,1004.9,1
2021-09-25,Hue,29.8,24.7,27.0,85,17.5,90,1007.4,1
2021-09-26,Hue,29.6,24.6,26.8,88,14.7,66,1008.6,1
2021-09-27,Hue,30.0,23.5,26.6,88,13.6,28,1009.0,1
2021-09-28,Hue,30.0,24.5,27.0,87,10.0,43,1008.9,1
2021-09-29,Hue,30.5,24.1,27.2,87,11.8,44,1007.9,1
2021-09-30,Hue,30.8,23.3,27.1,85,12.4,24,1008.0,0
2021-10-01,Hue,31.3,23.2,27.0,86,13.7,24,1007.9,0
2021-10-02,Hue,31.1,22.6,26.8,84,14.1,39,1008.5,0
2021-10-03,Hue,30.8,22.5,26.8,82,16.5,50,1008.9,1
2021-10-04,Hue,29.5,23.6,26.0,89,14.3,62,1008.9,1
2021-10-05,Hue,27.9,24.6,26.1,92,15.5,97,1007.7,1
2021-10-06,Hue,27.5,24.4,26.0,92,18.5,100,1004.9,1
2021-10-07,Hue,26.5,23.9,25.4,95,25.7,100,1001.5,1
2021-10-08,Hue,26.5,24.5,25.3,91,27.7,100,1001.0,1
2021-10-09,Hue,30.9,25.0,27.5,76,24.8,100,1002.1,1
2021-10-10,Hue,30.0,23.9,26.7,88,13.8,84,1003.0,1
2021-10-11,Hue,30.4,24.7,26.9,90,12.7,83,1004.4,1
2021-10-12,Hue,26.8,23.0,25.4,88,28.2,90,1005.0,1
2021-10-13,Hue,23.5,22.2,22.7,85,27.6,100,1002.1,1
2021-10-14,Hue,28.0,22.2,24.9,82,11.8,100,1003.4,1
2021-10-15,Hue,28.5,23.6,25.3,90,9.4,100,1006.5,1
2021-10-16,Hue,26.8,23.3,24.6,94,17.8,100,1009.0,1
2021-10-17,Hue,25.6,24.0,24.7,91,40.8,100,1009.2,1
2021-10-18,Hue,28.0,22.9,24.5,93,10.1,100,1012.1,1
2021-10-19,Hue,25.6,22.2,23.8,91,13.9,89,1014.5,1
2021-10-20,Hue,29.2,21.8,25.5,91,12.2,83,1013.1,1
2021-10-21,Hue,30.0,22.7,26.1,89,11.6,68,1011.5,1
2021-10-22,Hue,25.9,23.0,24.0,92,17.3,99,1014.5,1
2021-10-23,Hue,24.1,23.0,23.6,91,18.7,100,1015.9,1
2021-10-24,Hue,26.2,23.2,24.3,85,24.4,97,1015.2,1
2021-10-25,Hue,26.1,21.5,23.8,86,19.2,99,1013.9,1
2021-10-26,Hue,26.8,21.0,23.9,86,17.8,90,1012.5,1
2021-10-27,Hue,25.8,23.8,24.7,92,20.4,100,1011.6,1
2021-10-28,Hue,27.0,22.9,25.0,91,19.5,91,1012.2,1
2021-10-29,Hue,27.5,23.4,25.2,90,11.0,96,1014.1,1
2021-10-30,Hue,27.5,23.5,25.3,90,10.5,86,1014.1,1
2021-10-31,Hue,27.5,22.9,25.1,90,12.1,78,1014.0,1
2021-11-01,Hue,28.3,23.0,25.4,89,15.5,57,1013.9,1
2021-11-02,Hue,28.0,22.8,25.2,90,15.3,66,1013.9,1
2021-11-03,Hue,28.2,23.2,25.3,89,13.4,68,1013.1,1
2021-11-04,Hue,28.9,22.4,25.6,88,13.9,54,1011.9,1
2021-11-05,Hue,29.2,21.8,25.6,87,15.3,29,1009.9,0
2021-11-06,Hue,29.5,22.4,26.0,86,12.8,48,1007.7,0
2021-11-07,Hue,29.2,23.3,26.1,84,15.5,51,1009.2,0
2021-11-08,Hue,26.2,22.1,24.0,90,26.9,97,1013.2,1
2021-11-09,Hue,24.0,21.0,22.4,88,20.4,100,1015.9,1
2021-11-10,Hue,23.5,20.5,22.1,91,18.4,100,1015.8,1
2021-11-11,Hue,22.5,19.9,21.4,92,10.9,100,1014.6,1
2021-11-12,Hue,25.8,20.0,22.9,89,10.6,100,1015.0,1
2021-11-13,Hue,24.4,22.0,23.0,88,19.1,100,1014.9,1
2021-11-14,Hue,24.1,21.2,22.5,92,8.3,100,1014.6,1
2021-11-15,Hue,24.6,21.5,23.0,94,14.4,96,1012.5,1
2021-11-16,Hue,27.8,23.3,25.1,84,17.3,85,1012.4,1
2021-11-17,Hue,26.4,23.9,24.6,91,17.9,100,1012.9,1
2021-11-18,Hue,26.6,23.0,24.5,88,17.3,80,1012.0,1
2021-11-19,Hue,27.1,22.3,24.4,87,14.0,58,1009.6,1
2021-11-20,Hue,28.0,21.1,24.5,87,16.5,31,1008.9,0
2021-11-21,Hue,28.5,20.6,24.7,88,13.9,30,1010.3,0
2021-11-22,Hue,27.6,21.0,23.8,91,14.9,84,1013.0,1
2021-11-23,Hue,23.2,21.9,22.5,91,20.7,100,1015.8,1
2021-11-24,Hue,23.5,21.2,21.9,92,15.9,100,1016.5,1
2021-11-25,Hue,21.5,18.6,20.5,95,15.8,99,1016.1,1
2021-11-26,Hue,24.5,19.5,21.9,86,21.2,92,1015.6,1
2021-11-27,Hue,24.9,21.1,23.1,81,17.3,100,1015.8,1
2021-11-28,Hue,24.7,22.5,23.3,87,21.7,100,1014.8,1
2021-11-29,Hue,23.8,22.5,23.0,90,21.9,100,1014.0,1
2021-11-30,Hue,25.4,21.6,23.1,82,21.7,85,1016.1,1
2021-12-01,Hue,22.7,19.8,21.5,80,18.9,98,1017.9,1
2021-12-02,Hue,23.4,19.5,21.0,80,17.1,97,1018.4,1
2021-12-03,Hue,22.9,17.1,19.7,84,13.1,58,1019.1,1
2021-12-04,Hue,23.4,15.5,19.3,77,13.2,47,1018.7,0
2021-12-05,Hue,22.2,18.5,20.3,76,15.3,100,1017.8,1
2021-12-06,Hue,22.8,18.8,20.7,70,18.9,100,1017.7,1
2021-12-07,Hue,22.4,17.9,19.9,78,9.5,75,1017.7,0
2021-12-08,Hue,22.9,18.3,20.2,89,16.6,97,1017.4,1
2021-12-09,Hue,25.4,19.6,22.4,87,20.5,61,1018.1,1
2021-12-10,Hue,24.6,18.8,21.4,86,18.4,39,1017.5,1
2021-12-11,Hue,24.6,17.5,21.1,86,12.0,55,1017.3,1
2021-12-12,Hue,23.8,21.0,22.1,89,16.1,99,1017.8,1
2021-12-13,Hue,23.4,20.4,21.6,85,18.1,94,1017.8,1
2021-12-14,Hue,23.7,19.8,21.4,89,13.1,98,1015.6,1
2021-12-15,Hue,23.0,19.6,21.6,94,8.0,98,1013.5,1
2021-12-16,Hue,26.5,21.0,23.6,89,13.5,91,1013.1,1
2021-12-17,Hue,24.8,21.6,22.8,90,14.2,96,1015.4,1
2021-12-18,Hue,23.2,20.0,21.4,89,20.7,99,1016.9,1
2021-12-19,Hue,21.2,17.8,19.7,90,21.2,100,1016.6,1
2021-12-20,Hue,20.8,17.5,19.0,82,24.2,100,1015.0,1
2021-12-21,Hue,21.2,18.9,19.9,87,17.1,100,1015.5,1
2021-12-22,Hue,23.0,18.5,20.4,89,13.0,100,1015.2,1
2021-12-23,Hue,24.9,19.1,21.7,89,12.8,95,1014.1,1
2021-12-24,Hue,25.3,19.0,21.9,91,14.5,73,1013.9,1
2021-12-25,Hue,24.1,21.5,22.1,93,18.8,94,1015.5,1
2021-12-26,Hue,23.0,21.5,22.0,92,21.3,100,1017.3,1
2021-12-27,Hue,21.8,19.5,20.4,92,23.8,100,1020.1,1
2021-12-28,Hue,21.1,19.6,20.4,92,15.9,100,1019.7,1
2021-12-29,Hue,22.4,18.1,20.6,95,14.6,98,1019.1,1
2021-12-30,Hue,23.5,19.4,21.6,88,21.5,78,1020.7,1
2021-12-31,Hue,23.2,18.6,20.5,90,20.2,90,1020.6,1
2021-01-01,Lai_Chau,16.2,5.0,10.1,69,6.1,50,916.3,0
2021-01-02,Lai_Chau,17.8,7.0,11.1,62,7.0,5,914.2,0
2021-01-03,Lai_Chau,19.9,6.9,12.7,59,7.6,15,913.7,0
2021-01-04,Lai_Chau,19.9,6.6,12.5,69,6.3,25,914.4,0
2021-01-05,Lai_Chau,22.3,8.9,14.9,66,7.3,42,913.3,0
2021-01-06,Lai_Chau,20.2,9.1,13.8,77,7.8,34,912.0,0
2021-01-07,Lai_Chau,19.8,9.1,14.3,78,10.1,65,911.6,0
2021-01-08,Lai_Chau,13.0,7.7,10.6,86,6.9,100,914.4,1
2021-01-09,Lai_Chau,7.7,5.4,6.6,94,7.0,100,914.2,1
2021-01-10,Lai_Chau,7.5,4.7,5.9,96,6.7,100,913.5,1
2021-01-11,Lai_Chau,7.1,5.8,6.3,89,3.6,100,918.5,1
2021-01-12,Lai_Chau,10.9,4.9,7.5,76,6.3,89,918.2,1
2021-01-13,Lai_Chau,16.0,4.9,9.9,70,7.0,30,912.2,0
2021-01-14,Lai_Chau,17.5,6.6,11.6,73,6.2,26,910.9,0
2021-01-15,Lai_Chau,19.1,6.2,12.9,68,6.8,30,909.3,0
2021-01-16,Lai_Chau,19.7,11.2,15.0,70,4.9,67,910.1,1
2021-01-17,Lai_Chau,14.3,8.6,12.3,75,6.9,88,916.7,1
2021-01-18,Lai_Chau,16.1,7.3,11.5,64,5.2,32,916.8,0
2021-01-19,Lai_Chau,18.8,4.9,13.2,68,8.0,15,911.9,0
2021-01-20,Lai_Chau,18.5,10.1,13.6,75,6.2,63,910.2,0
2021-01-21,Lai_Chau,21.0,11.3,15.6,72,5.1,40,910.4,1
2021-01-22,Lai_Chau,19.1,11.6,15.1,78,5.5,41,910.8,1
2021-01-23,Lai_Chau,21.5,7.7,14.7,79,6.9,60,909.6,0
2021-01-24,Lai_Chau,24.4,11.2,16.9,68,9.2,25,908.9,1
2021-01-25,Lai_Chau,24.0,11.0,17.4,61,6.9,18,910.4,0
2021-01-26,Lai_Chau,21.9,14.1,17.3,65,7.6,28,911.5,0
2021-01-27,Lai_Chau,24.3,13.2,17.7,66,7.1,35,911.0,0
2021-01-28,Lai_Chau,21.2,13.1,17.1,70,9.3,54,914.6,1
2021-01-29,Lai_Chau,16.8,11.1,13.8,81,8.3,77,914.1,1
2021-01-30,Lai_Chau,16.4,12.2,14.0,87,8.0,97,913.3,1
2021-01-31,Lai_Chau,16.6,12.4,14.3,92,6.9,93,913.4,1
2021-02-01,Lai_Chau,19.9,13.0,16.0,85,4.4,62,913.7,1
2021-02-02,Lai_Chau,20.6,14.6,17.1,78,4.4,45,914.0,1
2021-02-03,Lai_Chau,21.1,14.1,17.5,82,7.6,51,914.5,1
2021-02-04,Lai_Chau,21.2,13.4,17.0,78,7.6,45,914.6,1
2021-02-05,Lai_Chau,23.1,13.3,18.3,66,4.6,28,913.6,0
2021-02-06,Lai_Chau,21.9,13.5,17.8,71,6.5,33,912.7,0
2021-02-07,Lai_Chau,22.0,14.4,17.3,79,5.9,58,912.2,1
2021-02-08,Lai_Chau,14.9,11.3,13.6,98,8.8,99,913.2,1
2021-02-09,Lai_Chau,16.7,10.3,12.7,83,5.4,82,912.4,1
2021-02-10,Lai_Chau,19.5,7.4,14.1,71,6.6,28,911.5,0
2021-02-11,Lai_Chau,20.1,8.5,14.2,70,7.8,22,910.7,0
2021-02-12,Lai_Chau,21.0,13.1,16.7,65,7.5,17,911.8,0
2021-02-13,Lai_Chau,20.8,11.6,16.4,76,7.2,42,911.7,0
2021-02-14,Lai_Chau,20.4,13.9,16.5,82,5.9,49,912.0,1
2021-02-15,Lai_Chau,22.5,12.2,17.1,78,5.5,26,909.7,1
2021-02-16,Lai_Chau,23.0,11.4,17.5,76,6.4,16,910.5,1
2021-02-17,Lai_Chau,19.9,13.8,16.9,81,8.0,62,914.4,1
2021-02-18,Lai_Chau,19.8,12.0,15.9,78,8.9,70,917.4,1
2021-02-19,Lai_Chau,18.5,12.6,15.1,81,5.9,77,917.6,0
2021-02-20,Lai_Chau,20.0,11.4,16.1,78,5.9,67,915.0,0
2021-02-21,Lai_Chau,23.3,12.3,18.1,73,5.1,35,912.1,1
2021-02-22,Lai_Chau,24.8,12.2,18.8,65,6.3,4,911.0,0
2021-02-23,Lai_Chau,24.5,15.9,19.5,59,6.6,10,910.5,1
2021-02-24,Lai_Chau,24.4,13.9,18.8,80,7.2,43,907.6,1
2021-02-25,Lai_Chau,25.2,13.5,19.0,76,7.2,28,905.1,1
2021-02-26,Lai_Chau,26.2,13.9,19.8,56,7.9,17,905.2,0
2021-02-27,Lai_Chau,22.0,15.9,19.5,63,9.0,42,907.3,1
2021-02-28,Lai_Chau,23.3,14.0,18.1,78,6.5,48,908.3,0
2021-03-01,Lai_Chau,27.4,13.1,20.2,58,6.7,9,911.2,0
2021-03-02,Lai_Chau,23.1,14.2,18.3,71,10.5,32,912.5,0
2021-03-03,Lai_Chau,21.2,12.4,16.8,82,10.1,48,912.4,1
2021-03-04,Lai_Chau,21.0,15.1,17.5,88,6.6,71,911.4,1
2021-03-05,Lai_Chau,25.2,15.2,19.4,77,6.9,47,909.7,1
2021-03-06,Lai_Chau,27.2,13.2,20.5,51,5.7,2,911.5,0
2021-03-07,Lai_Chau,25.4,13.1,19.5,61,9.4,22,912.1,0
2021-03-08,Lai_Chau,25.1,16.4,19.8,74,6.8,30,912.6,0
2021-03-09,Lai_Chau,23.9,16.8,20.0,76,6.5,43,912.6,1
2021-03-10,Lai_Chau,25.2,15.9,20.3,69,5.8,25,912.4,1
2021-03-11,Lai_Chau,26.9,16.2,21.5,59,6.6,7,913.1,0
2021-03-12,Lai_Chau,26.1,16.1,20.6,69,7.4,18,913.6,0
2021-03-13,Lai_Chau,26.0,16.1,20.6,71,6.5,26,913.2,1
2021-03-14,Lai_Chau,25.9,14.9,19.7,76,7.2,28,910.6,1
2021-03-15,Lai_Chau,26.2,16.4,20.8,73,7.6,33,908.8,1
2021-03-16,Lai_Chau,28.2,17.0,21.8,71,7.4,20,908.5,1
2021-03-17,Lai_Chau,30.6,16.3,22.7,62,9.0,28,908.2,0
2021-03-18,Lai_Chau,31.1,16.9,24.1,50,6.2,6,908.5,0
2021-03-19,Lai_Chau,31.9,17.5,24.5,55,7.6,47,907.6,0
2021-03-20,Lai_Chau,31.5,19.5,24.8,57,8.9,38,907.1,1
2021-03-21,Lai_Chau,25.1,16.2,21.0,78,5.9,66,910.7,1
2021-03-22,Lai_Chau,19.7,13.5,15.7,75,7.6,92,916.1,1
2021-03-23,Lai_Chau,20.9,11.4,15.6,78,6.8,65,914.5,1
2021-03-24,Lai_Chau,22.8,12.8,17.4,80,6.8,54,911.1,1
2021-03-25,Lai_Chau,25.2,14.8,19.4,77,8.6,45,909.6,1
2021-03-26,Lai_Chau,26.6,14.9,20.6,77,7.4,34,908.9,1
2021-03-27,Lai_Chau,30.0,18.0,23.1,66,5.6,45,907.8,1
2021-03-28,Lai_Chau,29.6,16.3,22.9,65,8.9,7,906.9,1
2021-03-29,Lai_Chau,30.5,17.9,24.6,60,7.9,25,905.6,0
2021-03-30,Lai_Chau,31.3,17.8,25.4,40,9.2,24,903.6,0
2021-03-31,Lai_Chau,31.0,17.8,25.4,38,11.3,8,903.5,0
2021-04-01,Lai_Chau,33.0,17.2,25.6,41,11.3,9,904.2,0
2021-04-02,Lai_Chau,33.0,18.0,26.0,40,8.8,10,906.2,0
2021-04-03,Lai_Chau,32.3,20.8,26.3,47,9.7,29,908.8,0
2021-04-04,Lai_Chau,22.8,18.1,19.9,95,6.4,97,911.0,1
2021-04-05,Lai_Chau,18.8,16.3,17.5,99,6.4,100,912.2,1
2021-04-06,Lai_Chau,20.8,15.6,17.7,96,6.5,98,912.5,1
2021-04-07,Lai_Chau,24.8,14.0,18.8,76,6.6,30,911.9,1
2021-04-08,Lai_Chau,26.5,14.7,21.2,71,4.8,14,909.9,1
2021-04-09,Lai_Chau,23.6,17.2,20.4,84,10.2,61,910.9,1
2021-04-10,Lai_Chau,23.2,17.4,19.9,88,9.5,86,912.5,1
2021-04-11,Lai_Chau,23.5,18.1,20.3,91,5.8,95,913.2,1
2021-04-12,Lai_Chau,26.0,18.4,21.8,82,7.2,94,912.4,1
2021-04-13,Lai_Chau,27.5,18.5,22.5,83,6.5,91,910.9,1
2021-04-14,Lai_Chau,27.4,18.1,22.8,83,5.2,88,909.9,1
2021-04-15,Lai_Chau,28.4,18.4,23.1,74,7.2,53,908.4,1
2021-04-16,Lai_Chau,28.4,19.0,23.7,67,6.9,36,909.2,1
2021-04-17,Lai_Chau,22.0,18.4,19.6,96,5.2,100,912.0,1
2021-04-18,Lai_Chau,20.7,17.5,19.0,99,6.8,93,910.6,1
2021-04-19,Lai_Chau,25.5,17.8,21.1,86,6.5,55,908.0,1
2021-04-20,Lai_Chau,27.5,18.0,22.5,75,7.6,34,907.6,1
2021-04-21,Lai_Chau,28.8,17.6,23.1,71,8.0,13,908.1,1
2021-04-22,Lai_Chau,29.7,18.3,23.8,66,7.4,8,907.5,0
2021-04-23,Lai_Chau,30.5,18.4,24.4,67,9.4,6,905.5,0
2021-04-24,Lai_Chau,31.2,20.0,25.4,63,9.0,24,906.0,0
2021-04-25,Lai_Chau,29.2,20.2,24.2,74,8.1,67,908.3,1
2021-04-26,Lai_Chau,25.4,18.6,21.9,88,9.7,89,909.2,1
2021-04-27,Lai_Chau,23.1,19.0,20.5,93,7.3,99,911.2,1
2021-04-28,Lai_Chau,23.2,18.8,20.6,92,5.5,97,912.7,1
2021-04-29,Lai_Chau,25.4,17.8,21.0,80,5.9,86,913.1,1
2021-04-30,Lai_Chau,26.6,16.8,21.8,77,5.9,64,910.8,1
2021-05-01,Lai_Chau,26.2,19.0,22.5,80,5.3,76,911.1,1
2021-05-02,Lai_Chau,27.0,19.0,22.4,84,6.8,70,910.1,1
2021-05-03,Lai_Chau,27.5,19.0,22.8,84,6.5,50,908.3,1
2021-05-04,Lai_Chau,28.9,18.8,23.7,77,6.1,37,908.7,1
2021-05-05,Lai_Chau,27.4,18.5,22.6,82,6.6,63,910.3,1
2021-05-06,Lai_Chau,25.0,18.7,21.7,87,4.7,97,912.9,1
2021-05-07,Lai_Chau,26.6,19.4,22.7,80,5.9,70,912.0,1
2021-05-08,Lai_Chau,28.5,18.5,23.4,79,6.8,33,909.6,1
2021-05-09,Lai_Chau,28.4,18.5,23.4,78,8.0,26,908.1,1
2021-05-10,Lai_Chau,27.5,19.0,22.5,85,5.8,60,907.2,1
2021-05-11,Lai_Chau,29.0,18.4,23.7,78,6.5,35,906.7,1
2021-05-12,Lai_Chau,27.1,18.5,22.7,85,7.3,65,906.5,1
2021-05-13,Lai_Chau,27.2,18.9,22.6,84,7.6,53,906.3,1
2021-05-14,Lai_Chau,28.0,19.8,23.2,86,7.7,62,906.2,1
2021-05-15,Lai_Chau,28.1,18.6,23.3,86,6.0,44,906.8,1
2021-05-16,Lai_Chau,29.4,20.0,24.7,77,5.8,30,907.1,1
2021-05-17,Lai_Chau,31.5,20.5,25.9,66,7.2,57,907.4,1
2021-05-18,Lai_Chau,30.3,20.7,25.5,74,7.1,67,907.2,1
2021-05-19,Lai_Chau,28.6,21.7,24.8,81,6.5,61,906.0,1
2021-05-20,Lai_Chau,28.4,21.1,25.1,83,6.9,56,906.5,1
2021-05-21,Lai_Chau,29.4,21.5,25.4,82,7.8,50,905.9,1
2021-05-22,Lai_Chau,30.0,20.6,25.6,81,6.6,65,904.5,1
2021-05-23,Lai_Chau,30.1,21.6,26.2,78,5.8,93,906.1,1
2021-05-24,Lai_Chau,26.5,21.3,23.4,91,5.8,91,909.1,1
2021-05-25,Lai_Chau,28.8,20.0,24.1,81,7.2,56,908.7,1
2021-05-26,Lai_Chau,26.1,21.0,23.7,91,5.3,94,907.3,1
2021-05-27,Lai_Chau,26.1,21.4,23.7,90,4.3,92,908.5,1
2021-05-28,Lai_Chau,28.0,21.5,24.8,82,5.8,81,909.0,1
2021-05-29,Lai_Chau,29.2,21.2,24.9,83,7.6,82,907.7,1
2021-05-30,Lai_Chau,27.3,21.2,24.0,89,6.2,94,906.4,1
2021-05-31,Lai_Chau,26.5,21.0,23.3,91,5.2,99,905.4,1
2021-06-01,Lai_Chau,28.3,20.6,24.4,88,6.5,91,905.9,1
2021-06-02,Lai_Chau,28.3,21.2,24.4,87,8.0,94,905.9,1
2021-06-03,Lai_Chau,29.5,20.3,24.9,85,5.8,85,906.2,1
2021-06-04,Lai_Chau,27.2,21.2,23.4,88,6.9,97,907.4,1
2021-06-05,Lai_Chau,26.5,20.8,23.1,89,7.1,96,906.6,1
2021-06-06,Lai_Chau,26.6,20.5,23.3,88,5.3,88,905.5,1
2021-06-07,Lai_Chau,24.6,21.0,22.6,94,5.5,99,905.6,1
2021-06-08,Lai_Chau,26.8,21.1,23.6,88,6.2,98,906.7,1
2021-06-09,Lai_Chau,26.9,21.0,23.7,86,8.3,95,905.9,1
2021-06-10,Lai_Chau,26.4,19.6,23.1,89,4.9,99,904.6,1
2021-06-11,Lai_Chau,26.2,21.0,23.3,91,4.6,96,905.0,1
2021-06-12,Lai_Chau,28.2,21.7,24.6,85,4.6,92,905.6,1
2021-06-13,Lai_Chau,30.2,20.7,25.3,76,5.6,75,903.1,1
2021-06-14,Lai_Chau,26.5,21.5,23.5,85,10.2,78,902.9,1
2021-06-15,Lai_Chau,26.0,20.8,22.8,90,8.4,89,902.9,1
2021-06-16,Lai_Chau,27.2,20.5,23.8,89,6.2,90,904.9,1
2021-06-17,Lai_Chau,29.0,20.7,24.5,83,6.8,60,906.7,1
2021-06-18,Lai_Chau,29.8,20.7,25.0,79,7.1,56,907.3,1
2021-06-19,Lai_Chau,31.0,21.6,25.9,74,6.7,43,905.8,1
2021-06-20,Lai_Chau,31.3,22.2,26.7,69,8.0,56,904.4,1
2021-06-21,Lai_Chau,29.6,22.4,26.3,70,5.8,87,904.5,1
2021-06-22,Lai_Chau,29.3,22.2,25.4,78,6.1,88,906.3,1
2021-06-23,Lai_Chau,25.8,21.5,23.6,90,5.2,98,906.7,1
2021-06-24,Lai_Chau,25.0,20.9,22.4,96,5.2,99,905.4,1
2021-06-25,Lai_Chau,24.1,20.8,22.0,98,6.7,98,904.5,1
2021-06-26,Lai_Chau,24.9,20.5,22.4,92,6.6,96,906.0,1
2021-06-27,Lai_Chau,27.0,20.6,23.3,89,8.3,97,906.2,1
2021-06-28,Lai_Chau,26.4,21.0,23.0,93,5.9,100,904.4,1
2021-06-29,Lai_Chau,25.3,20.8,22.6,95,6.1,100,903.8,1
2021-06-30,Lai_Chau,24.1,20.8,22.0,96,7.3,100,903.8,1
2021-07-01,Lai_Chau,23.4,20.4,21.5,99,6.6,100,904.3,1
2021-07-02,Lai_Chau,25.0,20.2,22.1,94,5.8,100,906.0,1
2021-07-03,Lai_Chau,24.4,20.4,22.4,96,6.1,100,906.1,1
2021-07-04,Lai_Chau,27.5,20.0,23.9,89,6.1,97,906.0,1
2021-07-05,Lai_Chau,27.4,20.8,23.7,90,5.4,99,906.2,1
2021-07-06,Lai_Chau,26.5,20.8,23.2,93,5.8,75,905.8,1
2021-07-07,Lai_Chau,28.5,20.8,24.5,84,6.6,63,906.9,1
2021-07-08,Lai_Chau,29.3,20.8,24.3,82,8.5,95,906.5,1
2021-07-09,Lai_Chau,27.6,21.4,24.1,86,6.5,59,908.5,1
2021-07-10,Lai_Chau,28.8,18.9,24.3,80,8.3,75,909.1,1
2021-07-11,Lai_Chau,28.9,20.1,24.5,77,6.9,69,909.9,1
2021-07-12,Lai_Chau,29.2,21.9,25.0,78,8.4,54,909.6,1
2021-07-13,Lai_Chau,29.5,21.2,24.8,82,6.8,62,907.7,1
2021-07-14,Lai_Chau,28.4,20.9,24.3,84,5.8,74,907.2,1
2021-07-15,Lai_Chau,28.1,21.4,24.4,83,5.6,75,908.3,1
2021-07-16,Lai_Chau,28.7,21.2,24.5,81,3.8,88,909.4,1
2021-07-17,Lai_Chau,28.9,20.6,25.3,76,5.4,77,906.6,1
2021-07-18,Lai_Chau,23.5,21.1,22.3,97,4.7,99,904.0,1
2021-07-19,Lai_Chau,23.9,20.8,22.3,97,5.2,99,903.8,1
2021-07-20,Lai_Chau,27.2,20.3,22.7,93,7.6,98,904.5,1
2021-07-21,Lai_Chau,26.9,20.5,23.3,89,6.8,88,903.9,1
2021-07-22,Lai_Chau,24.6,20.5,22.5,93,5.0,99,903.2,1
2021-07-23,Lai_Chau,26.9,21.5,23.8,88,4.7,99,902.6,1
2021-07-24,Lai_Chau,28.8,21.5,24.8,86,6.6,83,902.4,1
2021-07-25,Lai_Chau,25.0,20.6,22.5,96,4.2,100,903.2,1
2021-07-26,Lai_Chau,25.9,20.1,23.0,88,4.7,86,902.7,1
2021-07-27,Lai_Chau,27.1,21.6,23.7,88,5.1,88,902.0,1
2021-07-28,Lai_Chau,26.1,20.8,23.6,90,4.0,94,902.2,1
2021-07-29,Lai_Chau,26.4,21.0,23.3,90,4.5,95,903.1,1
2021-07-30,Lai_Chau,27.1,21.0,23.6,90,4.8,99,903.9,1
2021-07-31,Lai_Chau,27.5,21.0,23.5,92,4.8,100,903.5,1
2021-08-01,Lai_Chau,24.1,20.9,22.4,95,4.8,100,902.3,1
2021-08-02,Lai_Chau,29.6,20.0,24.8,80,6.0,63,902.7,1
2021-08-03,Lai_Chau,28.6,20.9,24.0,85,5.8,81,904.2,1
2021-08-04,Lai_Chau,30.3,20.6,25.0,81,6.1,45,904.6,1
2021-08-05,Lai_Chau,29.2,21.8,25.3,83,5.2,65,904.1,1
2021-08-06,Lai_Chau,29.8,22.3,25.5,82,5.6,65,904.9,1
2021-08-07,Lai_Chau,27.9,22.0,24.8,86,4.4,85,905.7,1
2021-08-08,Lai_Chau,28.3,21.7,24.5,88,5.1,97,905.9,1
2021-08-09,Lai_Chau,26.5,21.5,24.1,91,5.4,99,905.4,1
2021-08-10,Lai_Chau,25.4,21.5,23.0,97,5.1,100,904.6,1
2021-08-11,Lai_Chau,23.6,21.2,22.1,98,6.3,100,906.1,1
2021-08-12,Lai_Chau,24.7,20.5,22.6,94,5.6,99,908.0,1
2021-08-13,Lai_Chau,25.5,21.1,22.9,94,6.1,99,905.2,1
2021-08-14,Lai_Chau,23.9,21.0,22.3,97,5.0,100,904.1,1
2021-08-15,Lai_Chau,23.5,20.5,21.7,99,6.2,100,906.6,1
2021-08-16,Lai_Chau,25.9,20.5,22.5,92,7.3,94,910.4,1
2021-08-17,Lai_Chau,22.9,20.5,21.6,98,5.6,98,910.5,1
2021-08-18,Lai_Chau,25.6,20.0,22.4,92,6.5,93,908.8,1
2021-08-19,Lai_Chau,26.8,19.6,23.0,90,5.2,78,908.1,1
2021-08-20,Lai_Chau,27.9,20.0,23.9,81,5.7,53,909.4,1
2021-08-21,Lai_Chau,27.7,20.7,24.0,81,5.8,73,908.9,1
2021-08-22,Lai_Chau,28.0,21.6,24.6,82,6.9,78,907.0,1
2021-08-23,Lai_Chau,26.7,20.9,23.3,91,6.7,95,905.9,1
2021-08-24,Lai_Chau,26.1,21.0,22.9,93,5.4,99,905.9,1
2021-08-25,Lai_Chau,27.4,20.9,23.7,88,6.0,92,906.6,1
2021-08-26,Lai_Chau,28.2,19.9,23.8,86,7.2,86,908.5,1
2021-08-27,Lai_Chau,28.0,21.3,24.0,84,8.6,63,909.7,1
2021-08-28,Lai_Chau,27.4,20.9,23.7,82,6.9,47,909.5,1
2021-08-29,Lai_Chau,26.9,19.8,23.4,80,6.7,44,909.7,1
2021-08-30,Lai_Chau,28.3,19.4,23.9,77,5.2,24,910.3,1
2021-08-31,Lai_Chau,28.2,21.0,24.5,79,6.0,33,910.4,1
2021-09-01,Lai_Chau,27.0,21.5,24.2,80,5.1,61,909.8,1
2021-09-02,Lai_Chau,27.1,19.4,23.5,82,5.1,76,908.5,1
2021-09-03,Lai_Chau,26.8,19.4,23.4,86,5.9,46,906.7,1
2021-09-04,Lai_Chau,27.8,20.4,24.1,82,5.6,69,906.8,1
2021-09-05,Lai_Chau,27.0,20.7,23.6,86,5.8,51,908.8,1
2021-09-06,Lai_Chau,27.8,18.5,23.2,84,5.4,42,911.0,1
2021-09-07,Lai_Chau,28.4,20.0,23.9,82,6.4,68,911.1,1
2021-09-08,Lai_Chau,28.4,19.0,23.7,80,5.8,67,908.9,1
2021-09-09,Lai_Chau,28.4,19.2,23.1,84,7.2,58,909.9,1
2021-09-10,Lai_Chau,28.4,18.4,23.3,78,5.4,38,909.9,1
2021-09-11,Lai_Chau,30.1,18.2,23.9,65,4.7,5,907.9,0
2021-09-12,Lai_Chau,30.5,19.9,25.2,67,5.5,8,905.5,0
2021-09-13,Lai_Chau,31.0,20.9,25.8,73,6.5,40,907.5,1
2021-09-14,Lai_Chau,28.7,20.7,24.5,82,6.3,95,910.3,1
2021-09-15,Lai_Chau,28.2,21.0,24.0,86,6.1,86,911.4,1
2021-09-16,Lai_Chau,27.2,20.9,23.6,85,5.5,92,910.5,1
2021-09-17,Lai_Chau,27.0,20.7,23.6,83,6.8,92,909.7,1
2021-09-18,Lai_Chau,27.1,21.1,23.4,83,6.5,91,910.1,1
2021-09-19,Lai_Chau,27.3,20.5,23.2,90,6.0,95,910.3,1
2021-09-20,Lai_Chau,24.5,20.0,22.0,93,3.6,77,910.4,1
2021-09-21,Lai_Chau,27.2,19.5,23.0,81,5.5,34,909.8,1
2021-09-22,Lai_Chau,27.3,18.4,23.0,81,4.5,21,909.1,1
2021-09-23,Lai_Chau,27.9,18.4,23.0,81,6.9,32,910.8,1
2021-09-24,Lai_Chau,29.4,20.0,24.6,72,5.5,34,911.4,0
2021-09-25,Lai_Chau,23.5,19.0,21.7,91,4.6,76,910.7,1
2021-09-26,Lai_Chau,27.0,19.0,22.7,85,5.5,41,911.3,1
2021-09-27,Lai_Chau,26.8,17.5,22.1,83,5.6,42,911.1,1
2021-09-28,Lai_Chau,27.6,18.4,23.0,79,5.2,25,910.4,0
2021-09-29,Lai_Chau,28.1,19.0,23.6,79,5.1,35,909.7,1
2021-09-30,Lai_Chau,27.1,20.5,23.3,85,4.5,73,909.8,1
2021-10-01,Lai_Chau,26.2,19.8,23.0,88,6.1,78,909.8,1
2021-10-02,Lai_Chau,26.9,19.8,22.6,87,6.6,71,910.1,1
2021-10-03,Lai_Chau,25.5,19.6,22.4,89,5.4,76,910.3,1
2021-10-04,Lai_Chau,27.8,19.6,23.1,78,7.2,45,911.1,1
2021-10-05,Lai_Chau,28.2,17.8,23.2,74,5.5,14,911.2,1
2021-10-06,Lai_Chau,28.0,17.7,23.0,76,6.0,10,909.0,0
2021-10-07,Lai_Chau,28.0,16.9,22.8,80,5.4,24,907.1,1
2021-10-08,Lai_Chau,28.9,19.0,24.0,70,4.4,13,906.6,1
2021-10-09,Lai_Chau,30.0,18.3,24.7,65,6.6,85,906.4,1
2021-10-10,Lai_Chau,25.6,19.6,21.9,84,8.5,97,905.9,1
2021-10-11,Lai_Chau,23.5,18.1,20.0,95,7.0,98,907.7,1
2021-10-12,Lai_Chau,27.6,17.9,22.7,70,8.1,42,909.0,0
2021-10-13,Lai_Chau,27.2,16.2,21.9,66,11.4,75,907.3,0
2021-10-14,Lai_Chau,22.9,18.6,20.5,89,8.2,100,906.8,1
2021-10-15,Lai_Chau,22.1,18.0,19.9,95,5.6,97,909.4,1
2021-10-16,Lai_Chau,23.9,17.7,20.3,77,6.6,91,913.8,1
2021-10-17,Lai_Chau,24.0,16.5,19.6,69,5.9,69,916.1,0
2021-10-18,Lai_Chau,23.6,15.5,19.3,78,6.6,47,914.9,0
2021-10-19,Lai_Chau,26.0,16.1,20.9,81,7.0,71,915.0,0
2021-10-20,Lai_Chau,25.5,19.0,21.9,84,5.7,73,913.2,1
2021-10-21,Lai_Chau,24.4,18.8,21.2,89,5.2,89,912.6,1
2021-10-22,Lai_Chau,18.0,16.0,17.1,99,5.1,100,915.2,1
2021-10-23,Lai_Chau,17.5,14.5,15.8,93,5.0,90,916.2,1
2021-10-24,Lai_Chau,21.2,15.5,18.0,84,7.5,88,916.3,1
2021-10-25,Lai_Chau,22.1,13.6,17.8,81,8.1,53,914.1,0
2021-10-26,Lai_Chau,23.2,14.2,19.3,78,5.9,46,913.1,0
2021-10-27,Lai_Chau,24.0,16.2,20.1,79,8.1,54,914.4,0
2021-10-28,Lai_Chau,25.1,15.1,20.3,79,6.8,63,914.7,0
2021-10-29,Lai_Chau,24.2,17.9,20.7,83,6.8,38,915.4,1
2021-10-30,Lai_Chau,23.8,17.0,19.9,90,6.6,75,915.0,1
2021-10-31,Lai_Chau,22.5,17.4,19.4,90,7.6,95,914.4,1
2021-11-01,Lai_Chau,21.4,17.6,19.4,95,5.1,94,914.4,1
2021-11-02,Lai_Chau,23.0,17.9,19.5,95,5.1,83,914.6,1
2021-11-03,Lai_Chau,22.8,17.8,19.8,93,5.1,81,913.2,1
2021-11-04,Lai_Chau,23.6,18.5,20.7,88,5.5,84,912.0,1
2021-11-05,Lai_Chau,25.0,18.6,21.2,86,4.4,65,910.2,1
2021-11-06,Lai_Chau,25.5,18.5,21.4,84,5.1,53,908.3,1
2021-11-07,Lai_Chau,26.4,15.7,21.2,78,4.4,25,910.3,1
2021-11-08,Lai_Chau,19.9,14.6,17.9,72,5.0,67,914.4,1
2021-11-09,Lai_Chau,19.0,12.9,15.8,83,6.0,86,914.9,0
2021-11-10,Lai_Chau,18.5,13.9,16.0,83,7.7,86,915.0,1
2021-11-11,Lai_Chau,20.7,12.4,16.7,82,5.6,69,913.0,0
2021-11-12,Lai_Chau,19.8,15.2,17.2,82,8.6,100,914.7,1
2021-11-13,Lai_Chau,19.6,14.5,16.7,80,6.6,90,914.7,0
2021-11-14,Lai_Chau,17.2,13.4,15.6,91,7.0,96,913.4,1
2021-11-15,Lai_Chau,17.6,15.1,16.2,96,5.8,100,911.9,1
2021-11-16,Lai_Chau,21.4,15.9,18.6,89,8.4,100,912.2,1
2021-11-17,Lai_Chau,20.5,17.0,18.5,95,5.2,98,913.6,1
2021-11-18,Lai_Chau,20.0,15.6,17.9,90,4.5,100,912.1,1
2021-11-19,Lai_Chau,23.6,17.0,19.3,84,6.9,75,908.2,1
2021-11-20,Lai_Chau,23.5,16.5,19.2,79,7.9,56,907.7,1
2021-11-21,Lai_Chau,24.6,15.8,19.7,75,5.8,13,910.3,0
2021-11-22,Lai_Chau,21.7,15.4,18.2,77,6.3,76,912.9,1
2021-11-23,Lai_Chau,16.5,13.1,14.6,84,6.2,100,914.8,1
2021-11-24,Lai_Chau,14.6,11.4,12.6,97,4.8,97,915.2,1
2021-11-25,Lai_Chau,17.1,11.6,13.8,91,4.7,80,914.3,1
2021-11-26,Lai_Chau,19.2,10.7,15.0,89,6.6,86,914.6,0
2021-11-27,Lai_Chau,20.2,12.7,16.5,80,6.1,56,916.0,1
2021-11-28,Lai_Chau,20.6,10.9,15.8,79,4.1,29,915.5,0
2021-11-29,Lai_Chau,21.2,8.6,15.2,82,4.1,66,914.4,0
2021-11-30,Lai_Chau,21.2,11.1,16.0,72,4.8,49,916.2,0
2021-12-01,Lai_Chau,18.8,9.6,14.5,74,7.0,80,916.1,0
2021-12-02,Lai_Chau,19.8,7.6,13.7,73,8.7,48,916.1,0
2021-12-03,Lai_Chau,17.8,7.8,12.8,71,5.4,55,916.3,0
2021-12-04,Lai_Chau,18.1,9.1,13.2,71,6.9,37,916.2,0
2021-12-05,Lai_Chau,18.6,9.3,14.1,70,7.0,38,916.2,0
2021-12-06,Lai_Chau,19.5,9.5,14.7,70,6.9,23,915.5,0
2021-12-07,Lai_Chau,19.0,10.9,14.5,64,5.0,5,915.1,0
2021-12-08,Lai_Chau,19.8,11.7,15.4,62,4.5,0,916.2,0
2021-12-09,Lai_Chau,20.6,11.9,15.6,70,6.2,26,917.2,0
2021-12-10,Lai_Chau,19.2,9.4,14.3,85,5.6,59,915.0,0
2021-12-11,Lai_Chau,21.9,12.7,17.6,74,4.9,54,915.4,0
2021-12-12,Lai_Chau,18.0,14.1,16.2,88,6.4,98,917.1,1
2021-12-13,Lai_Chau,18.4,12.1,15.1,80,6.5,60,916.3,1
2021-12-14,Lai_Chau,19.5,7.4,14.1,79,7.4,47,912.8,0
2021-12-15,Lai_Chau,20.9,10.4,14.9,78,6.1,45,910.7,1
2021-12-16,Lai_Chau,21.4,9.6,15.1,76,7.5,3,911.5,0
2021-12-17,Lai_Chau,21.4,10.8,15.8,73,8.1,57,914.9,1
2021-12-18,Lai_Chau,18.9,10.1,14.4,74,7.3,58,916.0,0
2021-12-19,Lai_Chau,18.0,7.8,12.2,73,5.8,54,915.5,0
2021-12-20,Lai_Chau,18.4,3.9,11.4,72,5.8,23,912.7,0
2021-12-21,Lai_Chau,19.2,7.1,13.3,62,5.0,0,912.4,0
2021-12-22,Lai_Chau,19.9,8.6,14.0,65,5.1,4,912.0,0
2021-12-23,Lai_Chau,20.9,8.6,14.6,72,7.2,16,910.9,0
2021-12-24,Lai_Chau,19.5,10.4,14.3,83,6.2,39,911.8,1
2021-12-25,Lai_Chau,18.2,9.2,13.5,92,4.7,74,913.8,1
2021-12-26,Lai_Chau,16.5,12.2,14.2,95,5.9,90,915.7,1
2021-12-27,Lai_Chau,14.6,10.0,13.2,91,8.6,87,917.1,1
2021-12-28,Lai_Chau,15.4,9.4,12.0,90,5.7,87,916.6,0
2021-12-29,Lai_Chau,19.3,8.8,13.9,88,5.5,79,916.7,0
2021-12-30,Lai_Chau,17.4,9.5,13.0,90,6.3,85,918.2,0
2021-12-31,Lai_Chau,16.6,9.0,12.9,90,5.6,100,917.5,0
2021-01-01,Dien_Bien,21.8,6.7,13.2,51,10.5,40,965.4,0
2021-01-02,Dien_Bien,23.7,5.5,13.9,56,6.6,5,962.8,0
2021-01-03,Dien_Bien,25.7,6.8,15.5,57,8.7,8,962.0,0
2021-01-04,Dien_Bien,25.6,8.1,16.1,66,7.1,4,963.0,0
2021-01-05,Dien_Bien,28.6,8.8,18.0,67,8.3,34,961.2,0
2021-01-06,Dien_Bien,27.3,11.9,18.4,71,8.3,40,960.2,0
2021-01-07,Dien_Bien,26.3,12.9,18.2,73,12.0,45,959.6,0
2021-01-08,Dien_Bien,15.3,10.1,13.4,69,15.5,81,962.8,1
2021-01-09,Dien_Bien,14.0,7.9,10.6,69,12.3,95,963.4,1
2021-01-10,Dien_Bien,14.5,8.5,11.1,68,9.7,98,962.7,1
2021-01-11,Dien_Bien,10.4,7.1,8.9,73,14.0,100,968.0,1
2021-01-12,Dien_Bien,13.4,7.2,10.1,58,7.6,85,968.1,0
2021-01-13,Dien_Bien,16.9,6.1,11.4,67,6.6,64,962.2,0
2021-01-14,Dien_Bien,23.1,7.2,15.1,66,8.4,25,960.1,0
2021-01-15,Dien_Bien,24.5,6.8,16.4,64,8.5,23,957.8,0
2021-01-16,Dien_Bien,25.8,10.6,17.9,70,9.1,47,957.6,0
2021-01-17,Dien_Bien,19.2,11.4,15.9,71,12.5,79,964.8,1
2021-01-18,Dien_Bien,22.6,8.2,14.4,57,7.9,13,965.5,0
2021-01-19,Dien_Bien,24.6,6.6,15.3,69,8.2,1,960.2,0
2021-01-20,Dien_Bien,25.6,9.2,17.3,69,12.5,22,958.2,0
2021-01-21,Dien_Bien,26.8,11.4,18.5,68,9.0,38,958.0,0
2021-01-22,Dien_Bien,26.1,12.7,19.1,71,7.6,36,958.3,1
2021-01-23,Dien_Bien,28.5,13.8,20.3,67,11.2,46,957.6,0
2021-01-24,Dien_Bien,29.2,13.2,21.1,63,16.1,21,957.0,0
2021-01-25,Dien_Bien,29.5,14.2,21.9,56,7.4,59,958.3,0
2021-01-26,Dien_Bien,29.7,14.7,21.2,67,9.2,29,958.8,0
2021-01-27,Dien_Bien,30.1,13.1,20.9,69,9.8,36,958.4,0
2021-01-28,Dien_Bien,26.8,15.1,20.0,72,14.1,49,962.0,0
2021-01-29,Dien_Bien,24.5,13.7,18.5,70,11.5,38,962.1,0
2021-01-30,Dien_Bien,22.9,14.1,17.9,77,9.4,67,961.4,1
2021-01-31,Dien_Bien,23.7,15.3,18.3,81,7.9,70,961.6,1
2021-02-01,Dien_Bien,26.2,13.6,19.3,77,6.9,28,961.4,1
2021-02-02,Dien_Bien,26.9,13.7,20.0,76,7.1,35,961.3,1
2021-02-03,Dien_Bien,28.2,15.0,21.2,72,8.4,40,961.8,0
2021-02-04,Dien_Bien,28.3,14.8,21.0,70,7.6,45,962.2,0
2021-02-05,Dien_Bien,29.4,13.7,21.5,65,7.6,31,961.0,0
2021-02-06,Dien_Bien,28.7,14.6,21.2,70,7.3,28,959.9,0
2021-02-07,Dien_Bien,28.8,14.7,21.1,74,11.7,39,959.4,1
2021-02-08,Dien_Bien,20.2,14.7,17.6,93,12.1,89,960.7,1
2021-02-09,Dien_Bien,19.9,13.0,15.5,88,9.3,70,960.5,1
2021-02-10,Dien_Bien,21.3,9.0,15.3,79,8.4,42,960.1,1
2021-02-11,Dien_Bien,23.6,9.9,16.5,71,5.4,1,959.2,0
2021-02-12,Dien_Bien,25.0,10.3,17.4,80,6.6,18,959.1,0
2021-02-13,Dien_Bien,25.5,12.6,18.6,83,6.5,57,959.3,0
2021-02-14,Dien_Bien,25.7,14.5,19.2,85,6.3,22,959.3,1
2021-02-15,Dien_Bien,26.2,13.5,19.5,82,10.3,24,957.4,1
2021-02-16,Dien_Bien,27.1,13.2,20.3,77,7.6,21,957.8,0
2021-02-17,Dien_Bien,25.3,16.0,20.1,77,12.2,27,961.8,1
2021-02-18,Dien_Bien,23.5,15.1,19.1,72,13.8,63,965.4,0
2021-02-19,Dien_Bien,24.2,14.9,19.1,72,8.4,65,965.6,0
2021-02-20,Dien_Bien,25.6,11.6,18.6,76,7.1,42,962.8,0
2021-02-21,Dien_Bien,28.1,13.0,20.4,75,6.9,14,959.7,0
2021-02-22,Dien_Bien,29.5,15.9,22.6,64,5.1,4,958.5,0
2021-02-23,Dien_Bien,29.2,14.6,21.6,71,7.1,19,957.6,1
2021-02-24,Dien_Bien,30.3,16.6,22.8,75,11.0,22,955.0,1
2021-02-25,Dien_Bien,31.7,17.3,24.2,59,15.4,8,952.5,0
2021-02-26,Dien_Bien,32.0,17.2,24.1,43,11.9,19,952.3,0
2021-02-27,Dien_Bien,31.9,15.8,22.6,66,13.9,44,953.9,1
2021-02-28,Dien_Bien,31.4,15.9,22.9,65,12.6,38,955.4,0
2021-03-01,Dien_Bien,32.2,15.4,23.6,58,6.9,18,958.1,0
2021-03-02,Dien_Bien,28.7,16.9,22.0,71,13.0,17,959.7,1
2021-03-03,Dien_Bien,27.5,16.2,21.2,75,7.2,42,960.0,1
2021-03-04,Dien_Bien,29.4,17.9,22.4,78,9.9,46,958.7,1
2021-03-05,Dien_Bien,32.8,17.7,24.5,59,14.6,13,956.8,1
2021-03-06,Dien_Bien,32.7,15.9,24.0,36,6.8,0,958.6,0
2021-03-07,Dien_Bien,32.7,14.3,22.8,60,11.4,28,959.1,0
2021-03-08,Dien_Bien,31.7,16.8,22.9,72,12.0,22,959.5,1
2021-03-09,Dien_Bien,31.4,16.3,23.4,67,11.6,13,959.3,0
2021-03-10,Dien_Bien,31.6,16.1,23.2,69,12.7,10,959.4,0
2021-03-11,Dien_Bien,33.1,16.6,24.2,59,8.9,6,959.9,0
2021-03-12,Dien_Bien,32.5,17.1,24.2,65,7.9,15,960.5,0
2021-03-13,Dien_Bien,31.2,17.6,24.1,67,9.0,18,960.1,1
2021-03-14,Dien_Bien,31.5,17.5,24.0,72,7.3,24,957.7,1
2021-03-15,Dien_Bien,29.3,18.8,22.9,81,6.1,41,956.0,1
2021-03-16,Dien_Bien,33.4,18.2,25.1,68,10.8,9,955.3,1
2021-03-17,Dien_Bien,34.7,17.7,26.1,56,10.5,42,955.0,0
2021-03-18,Dien_Bien,34.3,19.0,26.4,55,9.2,17,954.9,0
2021-03-19,Dien_Bien,33.8,19.3,26.5,65,12.1,50,954.3,1
2021-03-20,Dien_Bien,33.7,19.6,26.5,68,13.0,52,953.5,1
2021-03-21,Dien_Bien,30.3,18.4,22.9,80,16.4,50,957.1,1
2021-03-22,Dien_Bien,21.6,15.8,18.6,64,15.5,81,963.8,1
2021-03-23,Dien_Bien,26.1,14.5,18.9,67,9.0,41,962.4,0
2021-03-24,Dien_Bien,28.1,14.5,20.5,77,5.6,21,958.4,1
2021-03-25,Dien_Bien,31.4,17.0,23.2,76,6.6,28,956.5,1
2021-03-26,Dien_Bien,30.4,17.8,23.6,82,10.0,34,955.9,1
2021-03-27,Dien_Bien,33.7,20.2,26.0,68,9.7,45,954.2,1
2021-03-28,Dien_Bien,33.2,18.0,24.1,79,9.5,20,953.6,1
2021-03-29,Dien_Bien,34.6,19.2,26.0,72,13.7,15,952.3,0
2021-03-30,Dien_Bien,33.8,21.0,26.8,58,13.0,50,950.4,0
2021-03-31,Dien_Bien,35.6,19.6,27.0,48,15.5,10,949.9,0
2021-04-01,Dien_Bien,35.8,19.8,27.1,42,11.0,16,950.6,0
2021-04-02,Dien_Bien,36.2,18.7,26.9,49,11.7,12,952.2,0
2021-04-03,Dien_Bien,35.2,20.7,27.0,61,11.6,54,954.8,1
2021-04-04,Dien_Bien,25.2,21.6,23.1,95,6.6,100,957.9,1
2021-04-05,Dien_Bien,25.3,21.1,22.5,93,7.0,93,959.6,1
2021-04-06,Dien_Bien,25.9,19.5,21.9,92,9.4,87,960.1,1
2021-04-07,Dien_Bien,27.5,17.8,22.2,83,5.4,46,959.6,1
2021-04-08,Dien_Bien,29.0,18.7,23.3,83,6.6,12,956.9,0
2021-04-09,Dien_Bien,28.4,19.5,23.7,83,9.0,34,957.3,1
2021-04-10,Dien_Bien,28.0,20.1,23.6,85,10.3,70,959.3,1
2021-04-11,Dien_Bien,29.0,20.4,23.6,89,6.4,82,960.1,1
2021-04-12,Dien_Bien,28.3,20.2,23.5,90,6.2,98,959.4,0
2021-04-13,Dien_Bien,30.1,19.8,24.6,87,10.2,92,957.7,1
2021-04-14,Dien_Bien,30.7,20.7,25.2,87,5.9,89,956.5,1
2021-04-15,Dien_Bien,32.1,20.6,25.6,76,7.9,64,954.9,0
2021-04-16,Dien_Bien,32.1,19.3,25.7,72,11.2,53,955.5,0
2021-04-17,Dien_Bien,26.5,21.4,22.9,94,5.6,95,959.0,1
2021-04-18,Dien_Bien,23.4,20.4,22.0,97,4.7,90,957.9,1
2021-04-19,Dien_Bien,28.3,20.0,23.3,90,6.3,46,955.1,1
2021-04-20,Dien_Bien,30.1,20.1,24.4,86,8.4,21,954.6,1
2021-04-21,Dien_Bien,32.2,19.8,25.4,80,6.8,27,955.0,1
2021-04-22,Dien_Bien,33.1,19.9,26.0,77,7.3,5,954.0,1
2021-04-23,Dien_Bien,34.3,20.0,26.9,70,9.2,7,951.8,0
2021-04-24,Dien_Bien,34.3,22.5,28.4,66,8.2,64,952.3,0
2021-04-25,Dien_Bien,32.5,22.5,26.5,82,8.4,84,954.6,1
2021-04-26,Dien_Bien,29.0,21.3,24.6,91,7.1,84,955.7,1
2021-04-27,Dien_Bien,26.0,21.7,23.6,91,6.3,98,958.0,1
2021-04-28,Dien_Bien,27.7,21.3,23.9,91,6.8,87,959.7,1
2021-04-29,Dien_Bien,27.0,18.7,22.7,83,10.7,80,960.1,1
2021-04-30,Dien_Bien,29.3,16.7,22.8,84,4.6,62,957.8,0
2021-05-01,Dien_Bien,29.5,20.7,24.5,86,7.1,70,957.9,1
2021-05-02,Dien_Bien,29.7,21.3,24.2,89,6.5,75,957.2,1
2021-05-03,Dien_Bien,30.8,20.8,25.3,85,10.0,38,955.1,1
2021-05-04,Dien_Bien,31.9,21.4,26.7,78,8.5,14,955.3,1
2021-05-05,Dien_Bien,31.4,21.1,25.2,84,8.1,53,956.8,1
2021-05-06,Dien_Bien,29.8,21.4,25.1,83,7.0,89,959.9,1
2021-05-07,Dien_Bien,29.4,21.0,25.0,81,3.6,67,959.0,0
2021-05-08,Dien_Bien,32.5,21.0,26.1,80,10.8,28,956.5,1
2021-05-09,Dien_Bien,30.9,20.8,25.8,79,8.9,32,955.2,1
2021-05-10,Dien_Bien,32.8,21.2,26.7,76,11.1,35,954.0,1
2021-05-11,Dien_Bien,31.3,22.3,26.4,80,11.2,51,953.7,1
2021-05-12,Dien_Bien,30.6,22.0,25.6,84,9.4,66,953.3,1
2021-05-13,Dien_Bien,28.9,21.6,25.0,86,8.4,46,953.1,1
2021-05-14,Dien_Bien,31.9,21.6,26.4,81,13.5,29,952.6,1
2021-05-15,Dien_Bien,32.3,22.5,27.1,80,13.1,30,953.3,1
2021-05-16,Dien_Bien,34.1,23.2,28.1,76,8.5,17,953.5,1
2021-05-17,Dien_Bien,35.8,23.1,29.4,65,9.4,49,953.9,1
2021-05-18,Dien_Bien,34.6,24.3,29.4,67,12.0,61,953.7,1
2021-05-19,Dien_Bien,34.2,24.9,28.9,73,13.0,82,952.7,1
2021-05-20,Dien_Bien,33.4,24.3,28.2,79,11.0,64,953.1,1
2021-05-21,Dien_Bien,35.0,25.4,30.0,68,13.2,47,952.5,1
2021-05-22,Dien_Bien,35.5,25.2,30.0,67,13.5,59,951.1,1
2021-05-23,Dien_Bien,35.6,24.1,29.9,68,9.6,81,952.2,1
2021-05-24,Dien_Bien,28.0,24.5,26.0,96,5.2,97,955.3,1
2021-05-25,Dien_Bien,31.3,22.3,26.4,83,6.6,71,955.0,1
2021-05-26,Dien_Bien,30.2,23.4,26.3,87,7.2,86,953.8,1
2021-05-27,Dien_Bien,31.1,23.8,26.8,87,6.3,94,954.6,1
2021-05-28,Dien_Bien,31.5,23.7,27.1,87,6.9,84,955.4,1
2021-05-29,Dien_Bien,31.3,23.9,27.3,83,10.0,78,954.3,1
2021-05-30,Dien_Bien,32.2,23.9,27.1,84,9.4,92,953.1,1
2021-05-31,Dien_Bien,30.8,23.6,26.6,87,8.8,97,952.1,1
2021-06-01,Dien_Bien,32.5,23.1,27.4,86,10.1,82,952.4,1
2021-06-02,Dien_Bien,31.3,23.6,27.4,83,8.2,93,952.4,1
2021-06-03,Dien_Bien,33.0,24.4,28.2,80,11.3,84,952.8,1
2021-06-04,Dien_Bien,30.9,24.3,26.9,86,4.9,98,953.6,1
2021-06-05,Dien_Bien,29.2,23.5,25.7,91,6.9,98,953.3,1
2021-06-06,Dien_Bien,28.5,23.4,25.5,91,4.4,99,952.0,1
2021-06-07,Dien_Bien,29.3,23.7,25.5,91,5.6,99,952.1,1
2021-06-08,Dien_Bien,27.7,23.8,25.4,93,5.4,98,952.9,1
2021-06-09,Dien_Bien,27.7,22.8,24.9,94,4.3,99,952.4,1
2021-06-10,Dien_Bien,28.5,22.5,25.1,91,6.6,100,951.2,1
2021-06-11,Dien_Bien,28.0,23.0,25.0,92,3.3,99,951.3,1
2021-06-12,Dien_Bien,29.9,22.5,26.0,89,5.2,98,951.8,1
2021-06-13,Dien_Bien,32.5,23.2,26.7,87,7.7,97,948.9,1
2021-06-14,Dien_Bien,26.5,23.4,24.7,90,14.7,91,949.6,1
2021-06-15,Dien_Bien,28.3,22.7,24.8,88,13.2,73,950.2,1
2021-06-16,Dien_Bien,29.7,22.6,25.7,86,12.8,73,951.9,1
2021-06-17,Dien_Bien,30.7,22.9,26.7,82,12.2,37,953.6,1
2021-06-18,Dien_Bien,32.6,23.0,27.4,75,11.5,24,954.2,1
2021-06-19,Dien_Bien,33.4,23.0,27.8,72,13.3,44,952.8,1
2021-06-20,Dien_Bien,34.0,23.4,28.2,69,12.8,60,951.2,1
2021-06-21,Dien_Bien,33.3,24.2,28.5,71,8.8,86,951.0,1
2021-06-22,Dien_Bien,32.4,25.1,28.7,72,7.1,84,952.6,1
2021-06-23,Dien_Bien,29.5,23.5,26.4,86,7.1,96,953.4,1
2021-06-24,Dien_Bien,28.5,23.2,25.6,90,8.4,99,952.3,1
2021-06-25,Dien_Bien,27.0,23.3,24.8,95,7.9,99,951.6,1
2021-06-26,Dien_Bien,27.5,23.2,24.9,93,11.0,98,953.1,1
2021-06-27,Dien_Bien,30.7,23.0,25.8,90,12.5,94,953.5,1
2021-06-28,Dien_Bien,29.7,23.7,25.8,88,15.1,100,951.7,1
2021-06-29,Dien_Bien,27.8,23.5,25.2,94,9.1,100,951.0,1
2021-06-30,Dien_Bien,27.0,22.9,24.7,96,8.6,100,951.2,1
2021-07-01,Dien_Bien,26.6,23.2,24.5,96,9.0,100,951.8,1
2021-07-02,Dien_Bien,27.3,22.8,24.7,93,6.2,99,953.2,1
2021-07-03,Dien_Bien,26.6,23.2,24.6,96,5.2,99,953.2,1
2021-07-04,Dien_Bien,31.3,22.4,26.5,88,6.0,96,952.6,1
2021-07-05,Dien_Bien,31.3,23.7,27.1,87,4.5,99,952.2,1
2021-07-06,Dien_Bien,28.4,23.4,25.8,93,5.5,78,952.2,1
2021-07-07,Dien_Bien,30.4,22.3,25.9,90,4.7,77,953.1,1
2021-07-08,Dien_Bien,28.2,23.2,25.0,95,6.2,97,952.7,1
2021-07-09,Dien_Bien,31.5,21.6,25.9,83,9.7,55,954.3,1
2021-07-10,Dien_Bien,31.8,20.7,25.9,83,7.4,44,955.1,1
2021-07-11,Dien_Bien,31.9,21.5,26.6,82,4.8,67,956.1,1
2021-07-12,Dien_Bien,32.2,22.8,27.3,80,8.0,38,955.9,1
2021-07-13,Dien_Bien,31.9,23.6,27.4,82,7.6,42,954.1,1
2021-07-14,Dien_Bien,31.7,23.8,27.2,85,6.3,89,953.4,1
2021-07-15,Dien_Bien,29.9,23.4,26.5,87,5.4,76,954.6,1
2021-07-16,Dien_Bien,31.2,22.8,26.8,84,4.4,73,955.7,1
2021-07-17,Dien_Bien,31.6,23.6,27.6,79,6.5,52,953.0,1
2021-07-18,Dien_Bien,28.1,24.4,26.1,87,7.1,100,950.6,1
2021-07-19,Dien_Bien,26.2,23.2,24.5,98,4.0,99,950.4,1
2021-07-20,Dien_Bien,26.5,22.7,24.5,96,3.6,99,950.9,1
2021-07-21,Dien_Bien,28.3,23.0,25.1,93,8.7,96,950.6,1
2021-07-22,Dien_Bien,26.3,23.0,24.5,96,8.2,100,950.0,1
2021-07-23,Dien_Bien,26.2,22.7,24.3,99,4.7,100,949.4,1
2021-07-24,Dien_Bien,31.2,23.0,26.2,90,6.4,91,948.7,1
2021-07-25,Dien_Bien,26.3,23.1,24.6,97,3.7,100,949.8,1
2021-07-26,Dien_Bien,27.4,22.9,24.5,93,6.4,93,949.4,1
2021-07-27,Dien_Bien,30.1,22.6,25.6,90,11.8,81,948.6,1
2021-07-28,Dien_Bien,30.0,23.2,25.7,91,10.9,93,948.7,1
2021-07-29,Dien_Bien,27.3,23.1,24.9,95,7.8,99,949.8,1
2021-07-30,Dien_Bien,29.8,23.0,25.3,93,7.4,99,950.8,1
2021-07-31,Dien_Bien,28.1,23.4,25.8,92,7.7,100,950.3,1
2021-08-01,Dien_Bien,26.8,23.6,24.7,98,6.7,100,949.0,1
2021-08-02,Dien_Bien,30.4,22.6,25.7,89,8.9,87,949.4,1
2021-08-03,Dien_Bien,30.1,23.2,26.3,87,8.4,82,950.8,1
2021-08-04,Dien_Bien,31.0,22.9,26.3,87,9.7,71,951.4,1
2021-08-05,Dien_Bien,30.9,22.5,26.7,85,8.8,61,950.8,1
2021-08-06,Dien_Bien,31.3,22.6,26.5,89,8.5,74,951.6,1
2021-08-07,Dien_Bien,30.8,22.8,26.5,87,10.4,94,952.3,1
2021-08-08,Dien_Bien,30.4,24.0,27.0,87,7.7,98,952.4,1
2021-08-09,Dien_Bien,29.7,24.0,26.6,90,7.7,99,951.8,1
2021-08-10,Dien_Bien,27.5,23.5,25.2,97,6.4,100,951.4,1
2021-08-11,Dien_Bien,25.7,23.5,24.5,97,6.5,100,953.1,1
2021-08-12,Dien_Bien,28.6,23.1,25.4,92,8.4,98,954.9,1
2021-08-13,Dien_Bien,26.7,23.2,24.8,94,8.8,99,952.4,1
2021-08-14,Dien_Bien,27.1,23.4,24.9,94,6.9,100,951.1,1
2021-08-15,Dien_Bien,26.2,23.0,24.4,97,5.1,100,953.6,1
2021-08-16,Dien_Bien,28.0,22.4,24.9,90,9.0,97,957.6,1
2021-08-17,Dien_Bien,25.9,22.9,24.2,95,6.2,98,957.9,1
2021-08-18,Dien_Bien,27.2,21.0,24.0,96,4.7,86,955.7,1
2021-08-19,Dien_Bien,29.0,22.1,24.9,92,7.6,85,955.0,1
2021-08-20,Dien_Bien,30.2,22.3,25.8,86,7.0,53,956.1,1
2021-08-21,Dien_Bien,30.6,21.6,26.1,85,8.2,77,955.6,1
2021-08-22,Dien_Bien,31.1,22.5,26.8,85,8.9,59,953.4,1
2021-08-23,Dien_Bien,29.7,23.0,25.5,93,11.2,93,952.4,1
2021-08-24,Dien_Bien,29.3,22.5,25.4,93,5.1,98,952.4,1
2021-08-25,Dien_Bien,29.6,23.1,25.7,91,6.6,86,952.9,1
2021-08-26,Dien_Bien,31.3,22.8,26.1,90,7.2,74,954.5,1
2021-08-27,Dien_Bien,30.4,21.2,25.7,82,9.6,56,955.7,1
2021-08-28,Dien_Bien,30.6,20.8,25.5,85,7.2,50,955.5,1
2021-08-29,Dien_Bien,30.7,20.4,25.6,83,6.2,32,955.9,1
2021-08-30,Dien_Bien,31.0,21.8,26.0,84,4.4,44,956.7,1
2021-08-31,Dien_Bien,30.7,21.5,25.8,86,6.3,43,956.7,1
2021-09-01,Dien_Bien,29.2,21.7,25.7,87,4.3,38,956.1,1
2021-09-02,Dien_Bien,30.2,22.4,25.7,88,6.0,77,954.9,1
2021-09-03,Dien_Bien,29.1,22.8,25.2,91,6.3,78,953.3,1
2021-09-04,Dien_Bien,29.7,22.5,25.6,88,4.7,57,953.2,1
2021-09-05,Dien_Bien,29.7,22.5,25.3,90,5.1,52,955.1,1
2021-09-06,Dien_Bien,30.9,20.5,25.1,86,11.5,38,957.4,1
2021-09-07,Dien_Bien,30.6,20.8,25.4,86,9.0,56,957.4,1
2021-09-08,Dien_Bien,29.5,21.7,25.4,86,11.5,91,955.3,1
2021-09-09,Dien_Bien,28.4,22.0,25.0,84,11.2,79,956.1,1
2021-09-10,Dien_Bien,31.4,19.3,25.1,81,7.8,28,956.2,0
2021-09-11,Dien_Bien,32.3,20.0,25.8,77,5.2,9,954.4,0
2021-09-12,Dien_Bien,32.8,22.8,27.1,76,5.7,18,951.9,1
2021-09-13,Dien_Bien,33.4,22.8,27.4,79,7.9,56,953.7,1
2021-09-14,Dien_Bien,30.9,22.6,25.8,86,9.0,96,956.4,1
2021-09-15,Dien_Bien,30.4,22.0,25.5,90,8.5,76,957.6,1
2021-09-16,Dien_Bien,30.3,21.5,25.3,89,5.5,94,956.9,1
2021-09-17,Dien_Bien,28.5,22.3,25.4,90,5.1,96,956.5,1
2021-09-18,Dien_Bien,29.0,22.2,25.5,90,6.2,83,956.9,1
2021-09-19,Dien_Bien,29.8,22.6,25.8,89,6.2,94,956.8,1
2021-09-20,Dien_Bien,29.3,22.9,25.0,90,5.7,77,956.9,1
2021-09-21,Dien_Bien,30.7,20.7,25.3,82,7.3,22,956.0,0
2021-09-22,Dien_Bien,30.6,19.6,25.2,80,7.2,11,955.4,1
2021-09-23,Dien_Bien,30.5,19.8,24.9,83,9.7,33,957.2,1
2021-09-24,Dien_Bien,31.3,20.5,25.3,83,10.7,43,957.5,1
2021-09-25,Dien_Bien,27.0,22.1,24.1,90,8.8,86,957.0,1
2021-09-26,Dien_Bien,30.2,19.6,24.5,84,11.5,50,957.5,1
2021-09-27,Dien_Bien,30.8,20.0,24.6,85,10.5,35,957.8,1
2021-09-28,Dien_Bien,30.8,20.4,25.3,83,5.1,27,957.3,1
2021-09-29,Dien_Bien,31.4,22.5,26.4,84,6.9,32,956.3,1
2021-09-30,Dien_Bien,30.6,22.1,25.8,86,6.4,55,956.4,1
2021-10-01,Dien_Bien,29.1,22.2,25.3,91,6.2,81,956.5,1
2021-10-02,Dien_Bien,29.2,22.4,24.7,92,6.5,69,956.8,1
2021-10-03,Dien_Bien,29.1,21.2,24.3,90,4.8,57,956.9,1
2021-10-04,Dien_Bien,31.0,21.7,25.2,81,7.6,26,957.3,1
2021-10-05,Dien_Bien,30.7,18.9,24.7,81,6.9,34,957.7,1
2021-10-06,Dien_Bien,30.7,20.1,24.8,84,5.0,32,955.5,1
2021-10-07,Dien_Bien,31.6,19.8,25.3,78,4.7,63,953.6,1
2021-10-08,Dien_Bien,32.1,20.6,25.9,72,5.1,23,952.8,0
2021-10-09,Dien_Bien,32.1,19.4,26.1,71,6.4,91,952.5,1
2021-10-10,Dien_Bien,28.7,23.3,25.1,81,8.0,100,952.0,1
2021-10-11,Dien_Bien,24.7,21.5,23.0,94,7.8,89,954.0,1
2021-10-12,Dien_Bien,28.7,19.2,23.5,81,10.5,54,955.2,1
2021-10-13,Dien_Bien,30.0,16.6,23.5,78,14.1,85,953.2,0
2021-10-14,Dien_Bien,25.7,21.9,23.4,87,6.8,100,953.0,1
2021-10-15,Dien_Bien,23.7,20.9,22.0,96,5.1,95,956.1,1
2021-10-16,Dien_Bien,24.3,19.9,21.6,92,6.9,89,960.3,1
2021-10-17,Dien_Bien,25.1,17.1,20.9,78,14.0,73,962.9,1
2021-10-18,Dien_Bien,26.1,17.0,21.2,80,12.6,58,962.3,1
2021-10-19,Dien_Bien,29.6,17.3,23.0,83,6.4,68,962.1,1
2021-10-20,Dien_Bien,29.5,19.7,24.0,88,8.5,63,960.4,1
2021-10-21,Dien_Bien,27.8,20.0,23.7,88,11.5,81,959.4,1
2021-10-22,Dien_Bien,22.2,18.1,19.8,83,14.4,99,962.4,1
2021-10-23,Dien_Bien,25.0,17.3,20.2,74,10.4,75,963.7,1
2021-10-24,Dien_Bien,25.3,16.7,20.4,77,12.3,74,963.7,0
2021-10-25,Dien_Bien,26.0,15.5,20.5,79,7.6,49,961.6,0
2021-10-26,Dien_Bien,27.3,15.3,21.4,81,6.0,33,960.1,0
2021-10-27,Dien_Bien,27.5,16.8,22.2,75,10.1,24,961.4,0
2021-10-28,Dien_Bien,27.2,16.1,21.7,79,12.6,46,961.8,0
2021-10-29,Dien_Bien,26.8,17.6,22.2,85,8.9,42,962.4,1
2021-10-30,Dien_Bien,27.9,19.5,23.4,82,8.8,67,962.2,1
2021-10-31,Dien_Bien,27.6,19.9,22.7,86,6.5,84,961.6,1
2021-11-01,Dien_Bien,27.6,20.5,22.8,91,6.4,86,961.6,1
2021-11-02,Dien_Bien,26.3,20.7,22.9,91,5.5,84,961.8,1
2021-11-03,Dien_Bien,27.8,20.0,22.9,90,5.9,69,960.6,1
2021-11-04,Dien_Bien,27.3,20.3,23.0,88,7.4,73,959.4,1
2021-11-05,Dien_Bien,28.8,19.6,23.8,84,8.8,48,957.4,1
2021-11-06,Dien_Bien,29.8,19.6,23.7,87,5.9,50,955.4,1
2021-11-07,Dien_Bien,30.3,19.3,23.9,85,5.8,28,957.3,1
2021-11-08,Dien_Bien,25.2,17.4,21.9,67,15.7,42,961.3,0
2021-11-09,Dien_Bien,24.5,16.1,19.9,64,9.3,53,962.6,0
2021-11-10,Dien_Bien,23.6,16.3,19.3,65,10.1,70,962.8,1
2021-11-11,Dien_Bien,27.6,14.3,20.6,75,5.8,85,960.5,0
2021-11-12,Dien_Bien,26.3,18.4,21.2,65,10.6,95,962.2,0
2021-11-13,Dien_Bien,25.7,15.8,20.7,67,11.4,80,962.3,0
2021-11-14,Dien_Bien,25.6,17.7,20.9,70,10.2,87,961.0,0
2021-11-15,Dien_Bien,25.0,16.9,20.6,78,7.6,95,959.4,0
2021-11-16,Dien_Bien,28.5,16.2,22.6,75,7.1,60,959.4,1
2021-11-17,Dien_Bien,27.9,17.7,22.4,82,9.7,76,960.9,1
2021-11-18,Dien_Bien,26.5,18.3,22.0,77,8.7,74,959.4,0
2021-11-19,Dien_Bien,29.3,18.5,22.9,82,10.4,67,955.6,1
2021-11-20,Dien_Bien,29.8,18.1,22.9,76,11.9,52,955.2,1
2021-11-21,Dien_Bien,30.6,16.7,23.5,67,7.0,4,957.4,0
2021-11-22,Dien_Bien,28.1,17.2,21.7,74,14.8,27,960.0,1
2021-11-23,Dien_Bien,21.8,15.9,18.4,64,13.4,80,962.5,0
2021-11-24,Dien_Bien,22.8,14.8,17.9,66,13.4,93,963.3,1
2021-11-25,Dien_Bien,22.7,14.8,18.1,75,5.4,78,962.6,0
2021-11-26,Dien_Bien,24.8,13.9,18.7,77,9.1,55,962.8,1
2021-11-27,Dien_Bien,26.1,12.7,19.6,67,9.4,78,963.6,0
2021-11-28,Dien_Bien,26.6,12.1,18.9,70,8.3,10,963.2,0
2021-11-29,Dien_Bien,27.9,11.2,19.0,74,6.2,62,962.3,0
2021-11-30,Dien_Bien,25.1,12.5,18.7,74,14.3,49,964.0,0
2021-12-01,Dien_Bien,25.1,10.7,17.3,68,11.2,69,964.3,0
2021-12-02,Dien_Bien,23.8,8.8,15.7,58,9.4,53,964.5,0
2021-12-03,Dien_Bien,24.0,6.8,15.0,58,7.3,48,964.9,0
2021-12-04,Dien_Bien,24.2,7.3,15.2,62,7.6,25,964.7,0
2021-12-05,Dien_Bien,28.3,8.1,16.3,62,8.0,18,964.5,0
2021-12-06,Dien_Bien,26.0,9.6,17.1,61,9.9,8,963.7,0
2021-12-07,Dien_Bien,25.6,9.0,16.8,46,7.2,1,963.3,0
2021-12-08,Dien_Bien,27.1,9.8,17.5,52,7.2,0,963.9,0
2021-12-09,Dien_Bien,27.0,10.6,18.2,70,9.8,24,965.1,0
2021-12-10,Dien_Bien,27.2,11.9,18.8,76,10.3,36,963.1,0
2021-12-11,Dien_Bien,28.9,13.1,20.6,71,7.2,19,962.7,0
2021-12-12,Dien_Bien,26.6,14.6,20.5,67,10.9,31,964.7,0
2021-12-13,Dien_Bien,25.7,12.7,18.8,66,10.6,29,964.3,0
2021-12-14,Dien_Bien,26.8,10.3,18.4,69,7.9,27,961.2,0
2021-12-15,Dien_Bien,28.1,11.3,19.5,65,8.0,21,959.0,0
2021-12-16,Dien_Bien,27.7,13.3,20.5,60,4.3,18,959.9,0
2021-12-17,Dien_Bien,26.1,11.8,18.7,68,13.9,21,962.7,0
2021-12-18,Dien_Bien,23.5,11.7,17.5,67,13.8,15,964.3,0
2021-12-19,Dien_Bien,22.9,8.4,15.2,64,10.1,42,964.2,0
2021-12-20,Dien_Bien,24.3,6.6,15.2,64,7.0,11,961.7,0
2021-12-21,Dien_Bien,25.4,8.0,16.3,70,7.6,14,960.7,0
2021-12-22,Dien_Bien,25.9,8.6,16.7,72,7.8,14,960.1,0
2021-12-23,Dien_Bien,26.3,9.8,17.8,71,10.7,4,958.9,0
2021-12-24,Dien_Bien,23.9,11.6,17.5,81,8.4,30,959.6,1
2021-12-25,Dien_Bien,25.9,14.4,19.1,79,10.7,65,961.8,1
2021-12-26,Dien_Bien,21.5,15.9,18.1,91,6.3,80,963.9,1
2021-12-27,Dien_Bien,20.5,13.1,16.9,78,13.8,61,965.6,0
2021-12-28,Dien_Bien,24.0,11.3,17.1,78,8.3,49,965.1,0
2021-12-29,Dien_Bien,27.1,10.9,18.1,77,5.9,44,964.8,0
2021-12-30,Dien_Bien,23.5,13.5,18.1,76,11.2,50,966.7,0
2021-12-31,Dien_Bien,22.6,13.1,17.5,79,11.5,58,966.0,0
2021-01-01,Son_La,17.4,6.3,10.8,51,17.6,45,952.0,0
2021-01-02,Son_La,20.6,6.6,12.8,50,12.0,3,949.0,0
2021-01-03,Son_La,20.4,8.4,13.4,59,19.8,12,948.9,0
2021-01-04,Son_La,23.0,9.3,15.3,63,14.9,5,949.2,0
2021-01-05,Son_La,24.0,10.7,16.3,68,20.3,29,948.1,0
2021-01-06,Son_La,21.9,13.0,15.8,76,17.4,48,947.0,0
2021-01-07,Son_La,18.8,11.3,14.4,79,23.2,47,946.9,0
2021-01-08,Son_La,10.9,6.8,8.7,77,23.3,92,950.6,1
2021-01-09,Son_La,10.3,5.1,7.6,69,19.4,99,950.2,1
2021-01-10,Son_La,10.2,5.4,7.3,72,21.1,100,949.6,1
2021-01-11,Son_La,7.1,4.5,5.8,78,21.9,98,954.7,1
2021-01-12,Son_La,12.3,5.6,8.4,58,9.5,88,953.6,0
2021-01-13,Son_La,17.3,6.4,11.3,58,9.3,57,946.9,0
2021-01-14,Son_La,21.3,10.0,14.8,69,11.9,31,945.3,0
2021-01-15,Son_La,23.0,9.5,15.5,73,13.0,9,943.7,0
2021-01-16,Son_La,22.1,13.2,16.5,80,21.6,62,944.5,0
2021-01-17,Son_La,16.6,9.1,13.6,73,20.4,58,951.7,0
2021-01-18,Son_La,18.7,6.9,12.1,57,13.1,9,951.8,0
2021-01-19,Son_La,22.8,7.9,15.0,63,12.7,3,946.3,0
2021-01-20,Son_La,24.1,11.0,16.6,68,17.2,21,944.6,0
2021-01-21,Son_La,25.9,12.5,17.7,72,17.9,34,944.6,0
2021-01-22,Son_La,22.4,13.9,17.4,76,16.5,40,945.0,1
2021-01-23,Son_La,25.3,13.4,18.4,73,14.7,35,944.2,0
2021-01-24,Son_La,28.7,13.6,20.9,63,17.7,17,942.9,0
2021-01-25,Son_La,28.7,14.8,21.0,63,19.2,49,944.4,0
2021-01-26,Son_La,25.6,16.9,20.2,74,15.8,42,945.7,0
2021-01-27,Son_La,29.5,15.9,20.8,71,18.4,45,945.1,0
2021-01-28,Son_La,21.0,13.3,17.2,76,24.6,45,949.3,0
2021-01-29,Son_La,20.9,13.1,15.8,72,20.2,42,948.9,1
2021-01-30,Son_La,18.4,13.4,15.3,83,17.1,63,947.9,1
2021-01-31,Son_La,20.0,14.4,16.4,87,16.3,64,947.9,1
2021-02-01,Son_La,23.4,15.0,18.4,82,15.0,41,947.7,1
2021-02-02,Son_La,22.7,16.7,18.9,84,16.3,59,948.0,1
2021-02-03,Son_La,22.9,16.4,19.0,83,17.4,49,948.5,1
2021-02-04,Son_La,24.6,16.2,19.2,76,16.3,31,948.9,1
2021-02-05,Son_La,25.1,14.4,19.2,74,19.3,19,947.5,0
2021-02-06,Son_La,24.7,15.2,19.2,75,14.5,32,946.6,0
2021-02-07,Son_La,26.6,15.1,19.9,75,15.8,26,945.8,1
2021-02-08,Son_La,21.4,14.1,17.4,87,17.8,78,947.0,1
2021-02-09,Son_La,16.2,11.6,13.4,90,16.1,74,946.4,1
2021-02-10,Son_La,20.6,10.1,14.7,78,10.1,18,945.8,0
2021-02-11,Son_La,23.2,11.7,16.5,74,15.6,4,945.3,0
2021-02-12,Son_La,21.7,13.8,17.0,81,17.8,28,946.0,0
2021-02-13,Son_La,22.7,14.3,17.8,80,15.0,54,945.9,0
2021-02-14,Son_La,22.7,15.1,18.2,78,14.1,33,946.0,1
2021-02-15,Son_La,25.7,15.0,19.7,77,13.1,22,943.6,1
2021-02-16,Son_La,24.2,16.7,19.8,84,18.7,57,944.7,1
2021-02-17,Son_La,19.5,14.7,16.9,82,21.9,51,949.0,1
2021-02-18,Son_La,21.0,14.8,16.9,78,21.5,42,952.0,0
2021-02-19,Son_La,21.4,14.1,16.9,79,15.6,39,951.9,0
2021-02-20,Son_La,23.3,13.0,17.7,76,11.2,45,949.0,0
2021-02-21,Son_La,26.7,13.5,19.9,73,10.1,16,945.6,0
2021-02-22,Son_La,27.2,17.0,21.1,74,16.1,7,944.6,1
2021-02-23,Son_La,26.2,17.4,21.0,78,14.6,37,944.4,1
2021-02-24,Son_La,28.1,16.9,22.0,78,11.2,34,941.3,1
2021-02-25,Son_La,30.4,17.7,22.7,69,13.6,35,938.5,1
2021-02-26,Son_La,30.9,17.7,23.0,62,17.7,19,938.5,0
2021-02-27,Son_La,22.2,17.8,19.7,83,19.8,60,941.3,1
2021-02-28,Son_La,27.5,17.2,21.0,78,15.4,46,942.2,1
2021-03-01,Son_La,29.8,16.6,22.3,73,19.9,20,944.8,1
2021-03-02,Son_La,21.8,15.7,18.5,76,22.5,39,947.4,0
2021-03-03,Son_La,22.5,15.3,17.9,79,18.6,57,946.8,1
2021-03-04,Son_La,23.6,15.4,18.8,88,16.2,56,945.3,1
2021-03-05,Son_La,29.0,16.6,21.4,80,12.2,15,942.9,1
2021-03-06,Son_La,29.3,17.4,22.2,65,15.7,1,944.7,0
2021-03-07,Son_La,25.6,18.5,20.8,83,20.2,55,946.6,1
2021-03-08,Son_La,26.8,18.1,21.1,82,17.1,46,946.4,1
2021-03-09,Son_La,27.9,18.8,22.1,79,17.3,34,946.1,1
2021-03-10,Son_La,27.3,19.7,22.6,78,15.0,45,946.0,1
2021-03-11,Son_La,30.0,19.7,23.0,77,18.4,28,946.9,0
2021-03-12,Son_La,29.2,19.7,23.0,75,19.5,30,947.5,0
2021-03-13,Son_La,27.9,19.1,22.2,78,19.9,37,947.1,1
2021-03-14,Son_La,28.5,18.7,22.6,75,17.6,32,944.4,1
2021-03-15,Son_La,27.8,18.6,22.4,81,12.1,36,942.4,1
2021-03-16,Son_La,30.6,19.1,24.3,75,14.3,13,941.9,1
2021-03-17,Son_La,33.0,18.8,25.1,70,17.2,64,941.6,0
2021-03-18,Son_La,33.3,20.0,25.8,71,16.3,33,941.7,1
2021-03-19,Son_La,33.0,20.5,26.7,65,11.9,43,940.6,1
2021-03-20,Son_La,32.1,21.4,25.7,72,15.9,65,940.3,1
2021-03-21,Son_La,25.8,14.4,20.0,87,25.1,63,944.6,1
2021-03-22,Son_La,19.1,11.7,14.8,72,21.5,60,950.9,1
2021-03-23,Son_La,24.5,12.2,17.1,65,15.9,33,948.8,0
2021-03-24,Son_La,27.1,13.9,19.3,75,14.6,31,945.0,0
2021-03-25,Son_La,27.8,16.8,20.8,80,17.6,46,943.6,1
2021-03-26,Son_La,28.9,18.8,23.2,79,13.5,50,942.5,1
2021-03-27,Son_La,30.2,19.8,24.5,81,16.9,50,940.9,1
2021-03-28,Son_La,30.4,19.8,24.2,83,10.9,35,940.1,1
2021-03-29,Son_La,32.7,20.8,25.9,71,11.3,24,938.1,1
2021-03-30,Son_La,31.6,20.9,25.6,64,10.3,53,935.9,0
2021-03-31,Son_La,34.8,19.1,26.3,51,15.8,12,935.4,0
2021-04-01,Son_La,35.0,19.7,27.2,44,13.7,18,936.4,0
2021-04-02,Son_La,34.6,19.7,27.0,53,17.3,15,938.7,0
2021-04-03,Son_La,32.4,22.5,26.3,75,18.2,59,941.6,1
2021-04-04,Son_La,26.4,21.2,23.0,89,12.1,97,944.2,1
2021-04-05,Son_La,25.8,20.4,22.0,88,17.2,94,945.8,1
2021-04-06,Son_La,26.2,19.9,22.2,84,17.6,83,946.1,1
2021-04-07,Son_La,26.7,18.1,22.1,82,9.0,42,945.3,1
2021-04-08,Son_La,28.8,19.5,23.5,80,19.1,16,943.1,1
2021-04-09,Son_La,24.1,17.7,20.6,85,20.5,61,944.7,1
2021-04-10,Son_La,24.1,18.0,20.6,86,16.8,74,946.3,1
2021-04-11,Son_La,27.6,19.8,23.2,82,13.3,80,946.6,1
2021-04-12,Son_La,28.5,20.1,24.1,83,9.4,96,945.4,1
2021-04-13,Son_La,29.1,20.6,24.5,82,10.2,86,943.8,1
2021-04-14,Son_La,29.6,20.9,24.7,83,10.9,90,942.6,1
2021-04-15,Son_La,32.2,21.7,25.9,72,15.3,72,941.3,0
2021-04-16,Son_La,31.4,22.8,25.5,82,17.7,67,942.5,1
2021-04-17,Son_La,22.2,19.0,20.4,94,15.3,93,945.5,1
2021-04-18,Son_La,22.6,18.6,20.5,93,12.9,88,944.2,1
2021-04-19,Son_La,27.5,19.7,22.8,88,7.1,50,941.1,1
2021-04-20,Son_La,28.9,19.9,24.3,81,9.1,21,940.4,1
2021-04-21,Son_La,31.1,21.2,25.3,74,10.8,22,940.9,1
2021-04-22,Son_La,31.7,21.2,26.2,72,14.2,8,940.5,0
2021-04-23,Son_La,34.4,22.9,27.6,71,14.1,14,938.4,0
2021-04-24,Son_La,33.6,22.8,28.1,71,14.9,40,938.8,1
2021-04-25,Son_La,30.7,23.2,26.0,84,12.2,81,941.2,1
2021-04-26,Son_La,26.0,20.5,23.0,89,18.8,90,942.4,1
2021-04-27,Son_La,24.1,19.6,21.7,90,15.3,96,944.6,1
2021-04-28,Son_La,25.7,19.9,22.1,90,16.6,89,946.1,1
2021-04-29,Son_La,25.0,17.1,20.5,81,14.7,81,946.5,1
2021-04-30,Son_La,27.7,17.1,22.4,79,9.0,66,943.9,0
2021-05-01,Son_La,28.3,20.3,23.9,84,8.7,68,943.9,1
2021-05-02,Son_La,28.4,20.4,23.8,87,8.0,82,943.0,1
2021-05-03,Son_La,30.5,20.7,25.1,81,10.5,32,940.9,1
2021-05-04,Son_La,30.4,21.6,26.0,77,10.2,16,941.2,1
2021-05-05,Son_La,28.1,21.3,24.5,84,17.4,63,943.5,1
2021-05-06,Son_La,29.9,21.4,24.5,83,8.4,97,945.7,1
2021-05-07,Son_La,28.3,21.8,24.8,79,8.4,69,944.7,1
2021-05-08,Son_La,31.1,21.9,25.8,79,13.6,39,942.4,1
2021-05-09,Son_La,31.1,21.9,26.3,72,9.5,35,940.9,1
2021-05-10,Son_La,32.1,21.7,26.0,77,11.5,34,939.7,1
2021-05-11,Son_La,32.1,22.8,26.9,70,11.2,51,939.2,1
2021-05-12,Son_La,30.6,23.5,26.9,71,8.6,67,939.1,1
2021-05-13,Son_La,30.9,23.2,26.0,76,10.5,47,939.1,1
2021-05-14,Son_La,32.6,22.3,26.8,72,11.3,40,938.6,1
2021-05-15,Son_La,33.2,22.9,27.5,71,10.2,38,939.4,1
2021-05-16,Son_La,34.4,23.6,28.6,66,11.7,25,939.7,1
2021-05-17,Son_La,35.2,23.3,29.5,59,12.2,29,940.0,1
2021-05-18,Son_La,34.4,24.3,29.8,61,12.5,59,939.8,1
2021-05-19,Son_La,35.6,25.8,29.3,64,11.6,79,938.5,1
2021-05-20,Son_La,33.6,25.1,29.2,68,11.9,54,938.9,1
2021-05-21,Son_La,34.5,24.3,29.2,68,12.2,60,938.4,1
2021-05-22,Son_La,35.2,25.7,30.4,62,10.5,67,936.9,1
2021-05-23,Son_La,35.7,25.4,29.4,68,17.3,79,938.4,1
2021-05-24,Son_La,26.9,22.5,24.5,87,17.2,94,942.0,1
2021-05-25,Son_La,29.2,22.3,25.2,79,16.8,58,941.6,1
2021-05-26,Son_La,31.4,22.8,26.3,79,13.7,73,940.1,1
2021-05-27,Son_La,31.8,23.4,27.0,78,17.1,86,941.0,1
2021-05-28,Son_La,32.7,22.6,26.9,77,11.5,83,941.5,1
2021-05-29,Son_La,32.9,24.0,28.1,73,10.9,72,940.0,1
2021-05-30,Son_La,34.1,25.0,28.4,72,11.5,96,938.8,1
2021-05-31,Son_La,33.5,23.3,27.6,76,14.9,94,937.8,1
2021-06-01,Son_La,34.0,23.6,28.0,76,12.2,92,938.1,1
2021-06-02,Son_La,32.3,23.7,27.8,77,10.2,98,938.4,1
2021-06-03,Son_La,35.5,25.5,29.2,70,14.6,91,938.5,1
2021-06-04,Son_La,27.0,22.8,24.7,88,12.8,96,940.2,1
2021-06-05,Son_La,27.6,21.7,24.2,90,12.6,96,939.5,1
2021-06-06,Son_La,28.3,22.2,24.6,89,14.5,93,938.2,1
2021-06-07,Son_La,26.7,22.0,24.4,89,16.0,97,938.4,1
2021-06-08,Son_La,26.2,22.4,24.2,89,12.9,98,939.3,1
2021-06-09,Son_La,26.1,22.3,24.1,93,7.7,99,938.5,1
2021-06-10,Son_La,28.4,22.1,24.8,89,6.9,99,937.2,1
2021-06-11,Son_La,27.4,22.2,24.5,89,12.3,99,937.5,1
2021-06-12,Son_La,28.0,21.8,25.1,88,9.5,99,937.9,1
2021-06-13,Son_La,29.1,22.9,24.9,88,17.6,90,935.2,1
2021-06-14,Son_La,28.6,21.7,24.5,84,16.6,85,935.6,1
2021-06-15,Son_La,28.4,22.3,25.0,84,11.4,73,935.7,1
2021-06-16,Son_La,30.9,22.7,26.3,79,11.7,73,937.5,1
2021-06-17,Son_La,31.4,23.2,27.2,75,12.7,42,939.1,1
2021-06-18,Son_La,32.6,24.0,27.9,69,14.6,27,939.8,1
2021-06-19,Son_La,33.2,24.5,28.5,64,18.1,53,938.3,1
2021-06-20,Son_La,34.5,24.5,28.9,63,17.5,60,936.7,0
2021-06-21,Son_La,34.0,24.9,29.0,64,13.2,91,936.7,1
2021-06-22,Son_La,31.4,24.4,28.2,72,8.6,89,938.6,1
2021-06-23,Son_La,28.7,23.3,25.9,85,8.3,99,939.2,1
2021-06-24,Son_La,28.7,22.9,25.2,88,9.0,100,938.1,1
2021-06-25,Son_La,27.0,22.7,24.6,92,6.6,99,937.6,1
2021-06-26,Son_La,28.4,22.5,25.1,88,11.9,96,938.8,1
2021-06-27,Son_La,30.9,23.3,26.5,80,15.4,94,938.9,1
2021-06-28,Son_La,30.8,23.7,26.2,81,14.7,99,937.2,1
2021-06-29,Son_La,28.7,23.0,25.3,90,10.5,100,936.6,1
2021-06-30,Son_La,28.4,22.9,25.5,85,10.2,98,936.8,1
2021-07-01,Son_La,29.0,23.1,25.5,85,11.3,99,937.4,1
2021-07-02,Son_La,29.3,22.9,25.9,80,14.1,100,938.9,1
2021-07-03,Son_La,27.6,23.6,25.7,84,9.9,97,939.0,1
2021-07-04,Son_La,30.6,23.5,27.0,80,6.9,98,938.6,1
2021-07-05,Son_La,30.5,23.9,26.4,85,11.4,97,938.7,1
2021-07-06,Son_La,30.3,23.4,25.9,86,13.2,68,938.4,1
2021-07-07,Son_La,29.5,22.0,25.6,83,10.1,77,939.3,1
2021-07-08,Son_La,26.7,23.2,24.4,90,20.9,95,939.1,1
2021-07-09,Son_La,29.1,22.7,25.3,84,18.8,49,941.3,1
2021-07-10,Son_La,29.8,22.1,25.6,79,16.8,44,942.0,1
2021-07-11,Son_La,31.3,22.6,26.5,75,11.6,79,942.7,1
2021-07-12,Son_La,31.3,22.7,26.7,79,8.9,40,942.2,1
2021-07-13,Son_La,32.2,23.9,27.6,74,10.7,36,940.2,1
2021-07-14,Son_La,31.5,23.2,27.0,78,13.4,80,939.8,1
2021-07-15,Son_La,30.4,22.8,26.6,81,10.3,65,940.9,1
2021-07-16,Son_La,31.4,22.6,26.7,79,10.5,77,941.9,1
2021-07-17,Son_La,32.5,23.8,28.0,72,9.4,57,938.9,1
2021-07-18,Son_La,30.4,23.2,26.0,83,10.5,99,936.6,1
2021-07-19,Son_La,27.3,22.7,24.6,92,5.6,99,936.5,1
2021-07-20,Son_La,27.5,22.6,24.6,92,6.5,99,937.1,1
2021-07-21,Son_La,27.7,22.5,24.9,90,5.5,98,936.5,1
2021-07-22,Son_La,27.4,22.5,24.6,90,11.2,99,935.7,1
2021-07-23,Son_La,26.9,22.3,24.1,95,10.5,100,934.7,1
2021-07-24,Son_La,29.2,22.7,26.1,84,11.5,76,934.4,1
2021-07-25,Son_La,28.4,22.9,25.5,87,9.9,97,935.5,1
2021-07-26,Son_La,27.8,22.5,24.9,88,9.2,91,935.1,1
2021-07-27,Son_La,29.9,22.2,25.7,86,9.8,80,934.2,1
2021-07-28,Son_La,29.3,22.6,25.5,90,8.5,95,934.5,1
2021-07-29,Son_La,27.9,22.8,25.2,91,10.9,99,935.4,1
2021-07-30,Son_La,29.1,22.7,25.5,88,10.7,98,936.2,1
2021-07-31,Son_La,29.0,22.7,25.6,89,11.5,100,935.9,1
2021-08-01,Son_La,26.3,23.1,24.1,97,9.2,100,934.8,1
2021-08-02,Son_La,31.0,22.4,26.1,84,15.1,81,934.8,1
2021-08-03,Son_La,29.8,22.4,25.6,86,11.5,74,936.5,1
2021-08-04,Son_La,32.1,23.1,27.2,78,11.5,40,936.8,1
2021-08-05,Son_La,31.2,23.4,27.1,81,11.2,58,936.3,1
2021-08-06,Son_La,32.0,24.3,27.2,80,12.6,77,937.1,1
2021-08-07,Son_La,31.0,23.8,27.0,81,12.6,97,937.9,1
2021-08-08,Son_La,29.9,23.8,26.6,84,9.6,97,938.2,1
2021-08-09,Son_La,29.3,23.7,26.2,89,7.4,99,937.7,1
2021-08-10,Son_La,27.2,23.3,25.0,94,5.1,100,937.2,1
2021-08-11,Son_La,27.3,23.1,24.5,96,6.0,100,939.2,1
2021-08-12,Son_La,28.3,22.9,25.2,90,7.6,98,940.8,1
2021-08-13,Son_La,27.5,23.0,24.7,92,10.7,98,938.0,1
2021-08-14,Son_La,26.8,23.7,24.8,92,4.6,100,936.9,1
2021-08-15,Son_La,25.2,22.6,24.0,95,4.3,100,939.6,1
2021-08-16,Son_La,27.5,21.8,24.5,91,6.4,95,943.3,1
2021-08-17,Son_La,25.5,22.2,23.8,93,6.5,90,943.5,1
2021-08-18,Son_La,28.8,22.0,25.0,85,9.7,66,941.5,1
2021-08-19,Son_La,28.9,22.5,25.2,87,7.6,85,940.8,1
2021-08-20,Son_La,29.6,22.1,25.7,85,7.1,48,941.9,1
2021-08-21,Son_La,30.8,22.6,26.3,79,8.6,79,941.3,1
2021-08-22,Son_La,31.2,23.3,26.7,78,9.8,56,939.1,1
2021-08-23,Son_La,29.3,22.3,25.4,88,8.8,92,938.4,1
2021-08-24,Son_La,29.6,22.3,25.4,88,11.1,100,938.6,1
2021-08-25,Son_La,29.6,22.2,25.6,87,15.3,85,939.3,1
2021-08-26,Son_La,29.2,22.7,25.4,83,18.0,72,941.2,1
2021-08-27,Son_La,28.9,22.3,25.1,82,18.5,71,942.5,1
2021-08-28,Son_La,29.0,21.4,24.8,82,17.9,62,942.3,1
2021-08-29,Son_La,29.6,21.5,25.1,80,17.1,27,942.5,1
2021-08-30,Son_La,30.5,21.7,25.9,76,16.7,49,943.2,1
2021-08-31,Son_La,30.6,22.2,25.8,80,12.8,40,943.2,1
2021-09-01,Son_La,30.3,22.2,26.1,78,12.4,52,942.4,1
2021-09-02,Son_La,29.2,22.4,25.9,78,14.7,90,941.3,1
2021-09-03,Son_La,29.4,22.5,25.5,83,8.3,68,939.4,1
2021-09-04,Son_La,29.8,22.2,25.5,85,15.3,60,939.4,1
2021-09-05,Son_La,28.8,22.4,25.2,81,15.4,43,941.5,1
2021-09-06,Son_La,29.8,21.5,25.3,79,13.1,30,944.0,1
2021-09-07,Son_La,28.6,22.1,25.1,81,11.1,65,943.9,1
2021-09-08,Son_La,27.1,21.6,24.0,87,22.3,89,941.8,1
2021-09-09,Son_La,27.0,21.8,24.1,84,16.9,80,942.9,1
2021-09-10,Son_La,30.6,21.2,25.5,74,13.4,42,942.9,0
2021-09-11,Son_La,32.1,21.4,26.6,67,9.2,23,940.7,0
2021-09-12,Son_La,32.9,23.7,28.1,65,11.0,40,938.1,0
2021-09-13,Son_La,32.1,24.2,27.6,72,17.3,72,940.3,1
2021-09-14,Son_La,29.2,23.0,25.3,82,16.4,98,943.2,1
2021-09-15,Son_La,28.6,22.8,25.3,83,16.0,78,944.3,1
2021-09-16,Son_La,30.3,23.0,26.0,79,10.5,89,943.3,1
2021-09-17,Son_La,29.5,22.1,25.4,83,5.9,88,942.3,1
2021-09-18,Son_La,30.2,22.0,25.3,84,9.0,62,942.8,1
2021-09-19,Son_La,30.3,22.5,25.7,83,11.3,96,943.0,1
2021-09-20,Son_La,28.5,21.8,24.9,84,15.7,65,943.3,1
2021-09-21,Son_La,30.5,21.1,25.4,77,15.8,15,942.7,1
2021-09-22,Son_La,30.0,21.5,25.4,75,20.3,15,942.2,0
2021-09-23,Son_La,29.3,21.4,24.7,79,18.0,37,944.0,1
2021-09-24,Son_La,29.3,21.6,24.8,78,19.4,57,944.2,1
2021-09-25,Son_La,25.5,21.6,23.2,88,19.7,90,943.8,1
2021-09-26,Son_La,28.4,21.0,24.2,82,17.1,52,944.4,1
2021-09-27,Son_La,28.0,21.4,24.5,79,13.5,40,944.4,1
2021-09-28,Son_La,30.8,20.7,25.6,73,12.1,23,943.4,0
2021-09-29,Son_La,31.9,22.5,26.6,72,11.0,30,942.5,1
2021-09-30,Son_La,30.8,22.8,25.8,80,8.4,49,942.5,1
2021-10-01,Son_La,28.8,21.8,24.9,87,8.0,76,942.5,1
2021-10-02,Son_La,27.7,21.5,24.3,87,10.9,82,943.0,1
2021-10-03,Son_La,28.3,21.5,24.2,88,12.8,64,943.3,1
2021-10-04,Son_La,30.4,21.1,25.1,74,18.5,14,944.0,0
2021-10-05,Son_La,29.2,21.2,24.7,78,18.0,34,944.4,1
2021-10-06,Son_La,29.7,21.2,24.9,76,10.9,50,942.0,1
2021-10-07,Son_La,30.1,20.8,25.3,71,15.4,68,940.1,0
2021-10-08,Son_La,30.7,21.8,25.8,64,14.6,39,939.3,0
2021-10-09,Son_La,31.0,21.1,25.7,64,14.0,96,938.9,1
2021-10-10,Son_La,24.6,21.2,22.4,93,14.1,99,938.0,1
2021-10-11,Son_La,22.1,19.6,21.0,95,11.0,95,940.5,1
2021-10-12,Son_La,26.6,18.7,21.7,81,12.2,58,941.8,0
2021-10-13,Son_La,27.6,17.4,22.3,78,10.4,90,939.4,1
2021-10-14,Son_La,22.1,18.9,20.5,94,12.4,100,939.0,1
2021-10-15,Son_La,22.4,18.5,19.9,93,12.1,99,942.6,1
2021-10-16,Son_La,22.9,17.8,19.8,86,13.2,94,947.0,1
2021-10-17,Son_La,22.1,16.4,18.5,77,13.5,71,949.6,0
2021-10-18,Son_La,22.1,16.2,19.0,82,12.7,81,948.7,1
2021-10-19,Son_La,26.9,17.2,21.9,83,10.6,59,948.5,1
2021-10-20,Son_La,29.0,19.5,24.0,84,8.1,40,946.2,1
2021-10-21,Son_La,24.8,17.5,21.1,89,21.0,88,946.1,1
2021-10-22,Son_La,19.6,15.9,17.2,80,20.8,94,949.4,1
2021-10-23,Son_La,21.1,15.0,17.2,76,16.1,65,950.4,1
2021-10-24,Son_La,22.4,15.0,18.2,76,16.6,46,950.3,0
2021-10-25,Son_La,23.8,15.8,19.3,75,13.0,47,948.0,0
2021-10-26,Son_La,24.8,16.1,20.4,77,16.9,13,946.7,0
2021-10-27,Son_La,25.0,17.5,20.7,76,16.4,33,948.1,0
2021-10-28,Son_La,24.8,18.1,20.6,78,16.5,62,948.4,1
2021-10-29,Son_La,22.9,17.9,20.3,90,15.3,53,948.9,1
2021-10-30,Son_La,23.7,19.2,20.8,84,17.6,59,948.9,0
2021-10-31,Son_La,24.3,18.9,20.9,87,14.2,93,948.1,1
2021-11-01,Son_La,24.9,19.7,21.6,87,16.3,88,948.1,1
2021-11-02,Son_La,24.9,20.3,21.8,88,15.1,86,948.2,1
2021-11-03,Son_La,26.1,19.9,22.0,89,12.9,75,946.8,1
2021-11-04,Son_La,26.9,20.2,22.5,88,9.5,63,945.3,1
2021-11-05,Son_La,27.7,19.4,23.4,84,6.9,33,943.1,1
2021-11-06,Son_La,28.1,20.9,23.8,84,8.9,26,941.2,1
2021-11-07,Son_La,27.9,20.7,23.7,83,18.4,16,943.6,1
2021-11-08,Son_La,21.4,14.5,17.8,71,21.9,29,948.4,0
2021-11-09,Son_La,21.4,13.2,16.5,69,17.0,19,949.2,0
2021-11-10,Son_La,20.6,14.4,16.7,68,19.2,61,949.3,0
2021-11-11,Son_La,23.6,13.9,18.1,70,15.6,72,947.0,0
2021-11-12,Son_La,21.9,16.3,18.3,67,20.4,92,949.0,0
2021-11-13,Son_La,23.2,14.5,17.9,69,16.2,76,948.9,0
2021-11-14,Son_La,23.7,15.5,18.6,70,17.6,64,947.6,0
2021-11-15,Son_La,22.1,16.0,18.7,77,16.5,91,945.9,0
2021-11-16,Son_La,25.3,16.3,20.3,80,16.9,55,946.0,0
2021-11-17,Son_La,25.0,17.4,20.5,83,22.7,82,947.6,0
2021-11-18,Son_La,23.8,16.6,19.6,74,14.2,74,945.9,0
2021-11-19,Son_La,27.9,17.8,22.0,78,13.7,82,941.6,1
2021-11-20,Son_La,29.3,18.1,22.7,75,11.9,55,941.2,1
2021-11-21,Son_La,29.6,18.3,23.3,72,15.6,40,943.8,0
2021-11-22,Son_La,21.5,15.0,18.8,79,22.6,53,947.3,1
2021-11-23,Son_La,16.5,12.7,14.5,68,21.2,78,949.6,1
2021-11-24,Son_La,19.0,12.6,14.9,68,17.4,73,949.9,0
2021-11-25,Son_La,21.0,11.8,15.8,76,10.1,49,948.7,1
2021-11-26,Son_La,20.1,13.2,16.3,79,17.9,52,949.1,0
2021-11-27,Son_La,23.6,13.8,18.0,61,18.9,69,950.1,0
2021-11-28,Son_La,24.2,14.0,18.4,62,14.7,10,949.8,0
2021-11-29,Son_La,25.9,14.1,19.3,68,17.1,69,948.9,0
2021-11-30,Son_La,23.9,15.4,18.5,66,18.9,40,950.7,0
2021-12-01,Son_La,21.5,12.9,16.4,59,15.9,69,951.0,0
2021-12-02,Son_La,21.0,11.4,15.5,47,16.4,53,951.2,0
2021-12-03,Son_La,21.4,11.0,15.7,47,15.7,57,951.4,0
2021-12-04,Son_La,22.1,11.1,16.0,46,14.8,24,951.1,0
2021-12-05,Son_La,22.0,12.2,16.5,52,16.3,10,951.0,0
2021-12-06,Son_La,22.9,13.0,17.0,51,17.6,1,950.2,0
2021-12-07,Son_La,23.2,12.5,17.1,46,15.6,0,949.7,0
2021-12-08,Son_La,24.5,12.0,17.5,54,16.9,0,950.5,0
2021-12-09,Son_La,23.1,14.8,17.9,72,15.5,37,951.8,0
2021-12-10,Son_La,25.0,15.0,18.7,75,13.1,43,949.6,0
2021-12-11,Son_La,26.1,15.9,19.8,74,18.8,46,949.5,0
2021-12-12,Son_La,24.3,15.5,18.8,72,22.5,31,951.4,0
2021-12-13,Son_La,22.0,13.9,17.1,66,18.1,30,951.0,0
2021-12-14,Son_La,25.1,11.6,17.6,68,12.6,30,947.3,0
2021-12-15,Son_La,26.6,12.1,19.0,65,10.1,14,944.8,0
2021-12-16,Son_La,25.9,15.1,19.8,61,16.0,29,945.8,0
2021-12-17,Son_La,23.5,14.8,18.2,74,20.2,41,949.7,1
2021-12-18,Son_La,19.8,12.6,15.8,68,19.7,20,951.1,0
2021-12-19,Son_La,20.6,10.2,14.6,57,16.1,37,950.6,0
2021-12-20,Son_La,22.5,9.9,15.8,58,10.5,15,947.5,0
2021-12-21,Son_La,22.6,10.9,16.3,68,12.7,7,947.0,0
2021-12-22,Son_La,22.9,11.1,16.7,70,14.2,7,946.5,0
2021-12-23,Son_La,24.6,13.0,18.1,69,14.0,15,945.2,0
2021-12-24,Son_La,23.6,13.3,18.2,75,14.1,24,945.9,1
2021-12-25,Son_La,23.6,15.5,18.5,78,19.8,62,948.4,1
2021-12-26,Son_La,19.9,13.6,16.9,86,21.4,90,950.4,1
2021-12-27,Son_La,15.6,11.4,12.9,79,21.7,81,952.7,0
2021-12-28,Son_La,20.7,11.4,14.7,77,16.3,69,951.5,0
2021-12-29,Son_La,22.4,10.5,15.2,81,17.1,32,951.4,0
2021-12-30,Son_La,20.9,13.1,15.5,77,16.1,62,953.2,0
2021-12-31,Son_La,20.0,13.4,15.6,77,14.8,57,952.5,0
2021-01-01,Lang_Son,14.3,3.9,8.4,53,15.4,48,994.0,0
2021-01-02,Lang_Son,16.5,4.1,9.7,60,10.4,12,990.2,0
2021-01-03,Lang_Son,17.0,5.3,10.6,67,14.6,53,990.6,0
2021-01-04,Lang_Son,19.0,8.2,12.6,67,11.2,34,989.7,0
2021-01-05,Lang_Son,18.0,8.4,13.7,67,13.5,75,989.5,0
2021-01-06,Lang_Son,15.1,11.6,13.3,57,17.3,100,988.8,0
2021-01-07,Lang_Son,11.2,6.2,9.1,74,24.0,100,990.5,1
2021-01-08,Lang_Son,7.3,3.4,5.2,64,28.3,86,995.0,1
2021-01-09,Lang_Son,9.7,4.2,6.4,44,19.8,82,993.4,0
2021-01-10,Lang_Son,11.6,4.7,7.8,45,17.6,60,992.5,0
2021-01-11,Lang_Son,10.5,6.2,8.0,35,32.0,57,997.2,0
2021-01-12,Lang_Son,14.6,5.8,9.9,45,19.8,35,994.2,0
2021-01-13,Lang_Son,18.0,4.1,11.3,52,10.5,10,987.2,0
2021-01-14,Lang_Son,19.4,6.6,12.5,72,8.4,21,985.9,0
2021-01-15,Lang_Son,20.5,6.9,13.4,83,11.8,70,984.1,0
2021-01-16,Lang_Son,19.4,10.5,15.4,85,9.9,86,985.2,1
2021-01-17,Lang_Son,14.6,9.4,11.6,66,36.1,93,994.6,1
2021-01-18,Lang_Son,16.6,5.9,10.6,52,18.7,10,992.8,0
2021-01-19,Lang_Son,19.1,6.8,12.1,67,13.5,0,987.1,0
2021-01-20,Lang_Son,19.1,7.4,13.5,82,13.6,50,985.5,0
2021-01-21,Lang_Son,20.8,10.8,15.7,81,9.8,70,984.8,1
2021-01-22,Lang_Son,20.6,11.8,15.5,81,14.3,51,984.7,0
2021-01-23,Lang_Son,22.9,10.4,16.6,76,11.6,35,983.9,0
2021-01-24,Lang_Son,24.0,11.3,17.1,79,24.4,21,982.6,0
2021-01-25,Lang_Son,21.7,15.8,18.5,88,14.0,87,984.5,1
2021-01-26,Lang_Son,19.5,14.4,16.7,86,16.4,78,986.0,1
2021-01-27,Lang_Son,22.0,12.4,17.0,84,11.9,63,985.4,0
2021-01-28,Lang_Son,16.6,11.6,14.7,69,28.5,74,991.2,1
2021-01-29,Lang_Son,21.5,11.3,15.3,62,13.3,51,989.9,0
2021-01-30,Lang_Son,19.9,11.1,15.5,79,14.5,77,988.7,1
2021-01-31,Lang_Son,19.1,13.8,16.6,85,17.6,85,988.3,0
2021-02-01,Lang_Son,22.7,14.6,18.4,81,12.7,66,987.5,1
2021-02-02,Lang_Son,22.6,13.6,17.6,85,11.9,55,988.0,1
2021-02-03,Lang_Son,24.1,13.5,18.3,77,14.2,47,988.6,0
2021-02-04,Lang_Son,22.8,13.5,17.7,81,15.7,46,988.9,1
2021-02-05,Lang_Son,23.5,12.5,17.9,77,10.4,39,987.6,1
2021-02-06,Lang_Son,25.1,11.0,18.1,70,11.2,5,986.0,0
2021-02-07,Lang_Son,26.5,11.6,18.9,71,16.5,9,985.4,0
2021-02-08,Lang_Son,23.8,14.2,18.0,82,19.2,65,986.9,1
2021-02-09,Lang_Son,14.6,11.3,12.8,95,21.0,98,986.6,1
2021-02-10,Lang_Son,19.6,9.6,14.2,79,18.3,27,985.2,0
2021-02-11,Lang_Son,20.6,9.9,14.8,76,14.0,17,985.5,0
2021-02-12,Lang_Son,21.6,11.3,16.0,73,9.4,44,986.3,0
2021-02-13,Lang_Son,22.5,10.6,16.7,74,10.7,59,986.0,0
2021-02-14,Lang_Son,23.1,13.4,17.9,75,10.5,44,985.5,0
2021-02-15,Lang_Son,24.5,12.6,18.5,75,17.1,30,983.1,0
2021-02-16,Lang_Son,23.1,13.1,17.9,82,19.8,63,984.8,1
2021-02-17,Lang_Son,20.8,14.4,17.5,63,21.7,88,989.8,0
2021-02-18,Lang_Son,21.6,14.9,17.8,63,12.0,77,992.4,0
2021-02-19,Lang_Son,22.5,12.7,17.6,68,8.2,53,991.9,0
2021-02-20,Lang_Son,23.5,12.8,17.8,71,11.9,38,988.4,0
2021-02-21,Lang_Son,24.9,12.4,18.4,68,16.7,8,984.8,0
2021-02-22,Lang_Son,25.6,15.1,19.9,76,14.2,62,984.3,0
2021-02-23,Lang_Son,25.9,14.4,19.9,76,13.4,31,983.7,0
2021-02-24,Lang_Son,24.9,15.6,19.7,78,24.8,43,980.5,0
2021-02-25,Lang_Son,24.0,17.4,20.1,87,22.8,77,977.4,1
2021-02-26,Lang_Son,27.0,14.8,20.5,79,26.3,80,978.2,1
2021-02-27,Lang_Son,14.6,11.4,13.4,80,20.5,99,982.4,1
2021-02-28,Lang_Son,20.5,13.1,17.2,92,15.7,100,981.7,1
2021-03-01,Lang_Son,24.6,15.8,19.9,89,25.1,88,984.6,1
2021-03-02,Lang_Son,17.4,13.3,15.5,59,27.2,98,988.8,1
2021-03-03,Lang_Son,15.6,12.7,14.3,83,17.7,100,988.0,1
2021-03-04,Lang_Son,19.3,11.9,15.0,90,11.8,100,985.7,1
2021-03-05,Lang_Son,22.6,16.8,19.4,92,16.2,99,982.2,1
2021-03-06,Lang_Son,25.9,19.5,21.7,86,19.4,81,984.0,1
2021-03-07,Lang_Son,21.3,15.2,18.6,75,21.6,86,987.1,1
2021-03-08,Lang_Son,24.8,17.9,20.5,88,19.1,80,986.0,1
2021-03-09,Lang_Son,24.4,18.6,20.7,90,18.2,91,986.0,1
2021-03-10,Lang_Son,24.8,19.0,21.2,85,24.4,71,985.7,1
2021-03-11,Lang_Son,24.7,18.9,21.4,85,13.7,74,986.8,1
2021-03-12,Lang_Son,26.2,17.6,21.3,84,11.3,65,987.2,1
2021-03-13,Lang_Son,24.9,17.1,20.7,85,8.8,79,986.7,1
2021-03-14,Lang_Son,24.9,16.9,20.9,80,16.6,46,983.6,1
2021-03-15,Lang_Son,25.0,18.5,21.0,87,23.9,85,981.2,1
2021-03-16,Lang_Son,25.2,18.9,21.5,86,17.7,81,981.0,1
2021-03-17,Lang_Son,25.5,18.5,21.7,86,18.6,82,980.7,1
2021-03-18,Lang_Son,25.5,19.4,22.1,85,17.9,83,980.4,0
2021-03-19,Lang_Son,27.0,20.2,22.8,84,21.3,90,979.1,0
2021-03-20,Lang_Son,26.1,20.5,22.9,88,15.3,90,979.2,1
2021-03-21,Lang_Son,20.8,12.9,14.7,78,32.7,100,987.0,1
2021-03-22,Lang_Son,16.9,10.6,13.5,62,26.7,75,992.9,1
2021-03-23,Lang_Son,20.9,12.1,15.8,63,10.3,50,989.3,0
2021-03-24,Lang_Son,23.0,12.6,17.9,77,12.1,63,985.0,0
2021-03-25,Lang_Son,24.4,16.7,20.3,83,17.0,88,983.4,1
2021-03-26,Lang_Son,23.7,19.0,21.2,90,20.9,98,981.3,1
2021-03-27,Lang_Son,25.0,20.3,22.3,89,19.9,98,979.6,1
2021-03-28,Lang_Son,26.0,20.3,22.7,89,17.4,96,978.4,1
2021-03-29,Lang_Son,29.1,21.2,24.1,87,20.0,69,974.7,1
2021-03-30,Lang_Son,30.5,22.2,25.5,82,19.4,56,972.4,0
2021-03-31,Lang_Son,32.2,22.1,26.3,77,19.7,21,972.1,0
2021-04-01,Lang_Son,31.3,21.7,25.8,79,20.1,16,973.8,0
2021-04-02,Lang_Son,29.4,22.2,25.3,84,20.9,57,976.8,1
2021-04-03,Lang_Son,26.6,22.2,24.1,88,10.0,84,980.4,1
2021-04-04,Lang_Son,23.2,17.2,20.7,90,19.1,95,983.5,1
2021-04-05,Lang_Son,25.4,16.4,19.8,86,15.9,94,985.6,1
2021-04-06,Lang_Son,23.2,16.9,19.8,90,11.9,80,985.6,1
2021-04-07,Lang_Son,25.5,19.8,22.1,90,14.3,60,983.3,1
2021-04-08,Lang_Son,25.1,17.0,20.6,90,22.5,82,982.7,1
2021-04-09,Lang_Son,20.1,14.9,17.1,80,19.3,98,985.3,1
2021-04-10,Lang_Son,22.3,15.3,18.6,89,12.5,100,986.1,1
2021-04-11,Lang_Son,25.8,19.8,22.6,87,18.4,85,985.4,1
2021-04-12,Lang_Son,26.2,20.4,23.0,87,19.1,97,983.8,1
2021-04-13,Lang_Son,26.8,20.8,23.6,83,16.1,93,982.3,1
2021-04-14,Lang_Son,27.1,21.2,23.8,85,14.5,97,980.8,1
2021-04-15,Lang_Son,26.5,21.2,23.6,87,17.0,87,979.8,1
2021-04-16,Lang_Son,26.0,20.1,22.7,90,15.5,99,981.5,1
2021-04-17,Lang_Son,20.0,17.9,19.1,94,20.9,100,985.1,1
2021-04-18,Lang_Son,22.5,17.5,19.9,90,11.9,96,983.2,1
2021-04-19,Lang_Son,25.9,19.3,22.4,92,13.9,71,979.2,1
2021-04-20,Lang_Son,26.9,22.2,24.2,90,19.1,72,978.4,1
2021-04-21,Lang_Son,27.1,23.1,24.5,90,23.4,72,979.1,1
2021-04-22,Lang_Son,28.0,23.1,25.0,88,16.3,68,978.7,1
2021-04-23,Lang_Son,28.5,23.0,25.1,85,21.3,68,976.5,1
2021-04-24,Lang_Son,29.2,23.3,25.7,87,21.5,77,976.7,1
2021-04-25,Lang_Son,28.0,22.5,24.8,90,12.6,97,979.4,1
2021-04-26,Lang_Son,22.3,17.4,19.8,94,21.3,100,981.6,1
2021-04-27,Lang_Son,22.5,17.7,19.6,90,14.8,100,983.9,1
2021-04-28,Lang_Son,22.9,17.8,19.7,92,20.0,99,985.6,1
2021-04-29,Lang_Son,23.4,16.8,19.3,82,20.3,70,985.2,1
2021-04-30,Lang_Son,27.1,16.0,21.6,82,13.2,62,982.0,0
2021-05-01,Lang_Son,27.3,17.7,22.7,88,12.6,71,981.8,1
2021-05-02,Lang_Son,26.1,21.9,23.8,92,21.0,87,980.6,1
2021-05-03,Lang_Son,27.6,23.0,24.9,89,23.7,61,978.3,1
2021-05-04,Lang_Son,30.2,23.4,26.0,84,19.2,55,978.5,1
2021-05-05,Lang_Son,25.3,20.4,22.8,93,13.9,97,982.3,1
2021-05-06,Lang_Son,27.8,20.3,23.8,87,18.2,94,983.2,1
2021-05-07,Lang_Son,28.0,22.3,24.9,87,18.5,68,982.0,1
2021-05-08,Lang_Son,28.5,22.1,25.0,87,15.1,77,979.6,1
2021-05-09,Lang_Son,29.3,21.9,25.5,84,17.9,56,977.5,0
2021-05-10,Lang_Son,29.6,23.8,26.5,85,23.3,48,976.2,1
2021-05-11,Lang_Son,31.1,24.6,27.2,83,18.4,42,975.2,1
2021-05-12,Lang_Son,30.1,24.6,27.2,82,22.4,55,975.2,1
2021-05-13,Lang_Son,28.9,24.8,26.3,87,23.1,65,975.7,1
2021-05-14,Lang_Son,29.4,24.5,26.6,85,24.8,54,975.6,1
2021-05-15,Lang_Son,30.5,24.9,27.3,84,26.3,72,975.9,1
2021-05-16,Lang_Son,31.2,25.4,27.8,83,21.6,48,976.3,1
2021-05-17,Lang_Son,30.0,24.8,27.2,83,19.8,43,977.7,1
2021-05-18,Lang_Son,29.8,24.8,26.7,86,22.0,69,977.4,1
2021-05-19,Lang_Son,31.8,25.1,27.9,82,23.8,79,975.0,1
2021-05-20,Lang_Son,31.4,25.0,27.4,87,19.7,88,975.6,1
2021-05-21,Lang_Son,31.9,24.7,27.9,83,22.7,61,974.8,1
2021-05-22,Lang_Son,32.8,25.8,28.8,78,22.3,62,973.4,1
2021-05-23,Lang_Son,31.6,24.6,27.6,85,16.8,84,975.7,1
2021-05-24,Lang_Son,26.5,22.4,24.2,84,24.2,88,980.5,1
2021-05-25,Lang_Son,27.4,20.8,23.9,85,19.5,69,979.7,1
2021-05-26,Lang_Son,29.1,23.9,26.2,88,18.0,80,977.7,1
2021-05-27,Lang_Son,30.8,24.1,26.9,85,14.7,60,978.8,1
2021-05-28,Lang_Son,29.2,23.2,26.4,88,14.6,89,978.9,1
2021-05-29,Lang_Son,30.5,24.8,27.6,85,21.3,84,976.5,1
2021-05-30,Lang_Son,31.0,25.7,28.0,84,14.3,99,974.6,1
2021-05-31,Lang_Son,33.2,24.9,28.9,80,14.8,98,972.8,1
2021-06-01,Lang_Son,34.3,26.0,30.2,75,15.9,99,973.0,1
2021-06-02,Lang_Son,31.0,25.8,28.1,86,16.6,100,973.9,1
2021-06-03,Lang_Son,34.4,25.2,30.0,78,16.7,90,974.0,1
2021-06-04,Lang_Son,25.2,20.1,22.5,83,22.4,86,978.0,1
2021-06-05,Lang_Son,29.8,19.9,24.9,74,10.9,75,976.7,0
2021-06-06,Lang_Son,31.1,21.9,26.2,80,10.5,69,975.1,1
2021-06-07,Lang_Son,31.0,21.9,26.2,78,11.8,67,976.0,1
2021-06-08,Lang_Son,28.9,22.9,25.5,88,11.0,86,976.8,1
2021-06-09,Lang_Son,29.3,22.9,25.6,90,12.9,94,975.6,1
2021-06-10,Lang_Son,29.0,23.5,26.0,89,11.3,99,974.4,1
2021-06-11,Lang_Son,28.2,23.0,25.5,91,13.0,98,975.0,1
2021-06-12,Lang_Son,29.5,23.1,25.7,89,22.0,96,974.3,1
2021-06-13,Lang_Son,28.5,23.5,25.6,88,21.7,91,973.9,1
2021-06-14,Lang_Son,30.0,23.3,26.3,85,18.9,54,972.8,1
2021-06-15,Lang_Son,30.7,24.1,27.3,79,20.6,64,971.1,0
2021-06-16,Lang_Son,31.9,25.1,28.5,79,18.0,75,973.0,1
2021-06-17,Lang_Son,32.7,25.6,29.0,77,17.1,62,974.8,0
2021-06-18,Lang_Son,33.0,25.6,29.2,76,18.5,13,974.8,0
2021-06-19,Lang_Son,34.0,26.0,29.9,71,16.3,54,972.7,0
2021-06-20,Lang_Son,34.7,26.3,30.5,68,14.0,75,970.9,0
2021-06-21,Lang_Son,35.5,26.5,30.5,70,12.0,96,971.8,1
2021-06-22,Lang_Son,31.5,24.9,27.5,84,13.6,96,975.0,1
2021-06-23,Lang_Son,31.0,24.1,27.5,83,11.3,100,975.2,1
2021-06-24,Lang_Son,30.1,24.9,26.7,90,10.1,96,974.2,1
2021-06-25,Lang_Son,30.6,24.1,26.5,90,17.7,78,973.9,1
2021-06-26,Lang_Son,30.2,24.5,27.2,86,21.5,77,974.6,1
2021-06-27,Lang_Son,32.8,25.7,29.0,76,20.9,78,973.6,0
2021-06-28,Lang_Son,32.5,26.2,29.2,73,17.2,99,971.5,1
2021-06-29,Lang_Son,31.4,25.4,27.9,84,15.0,100,971.7,1
2021-06-30,Lang_Son,31.5,25.4,28.2,80,19.6,100,972.2,1
2021-07-01,Lang_Son,32.3,26.4,28.8,74,22.8,100,972.4,0
2021-07-02,Lang_Son,33.0,26.5,29.5,70,20.8,99,973.5,0
2021-07-03,Lang_Son,32.8,27.0,29.4,74,14.3,100,973.8,1
2021-07-04,Lang_Son,31.4,26.6,28.8,80,13.4,93,974.6,1
2021-07-05,Lang_Son,31.8,25.5,28.5,79,17.0,73,975.8,1
2021-07-06,Lang_Son,31.5,23.3,27.7,78,10.1,45,975.6,1
2021-07-07,Lang_Son,32.5,24.1,27.7,79,17.7,48,975.8,1
2021-07-08,Lang_Son,28.5,24.4,25.8,88,16.3,79,977.8,1
2021-07-09,Lang_Son,30.4,23.9,26.7,85,16.6,49,979.4,1
2021-07-10,Lang_Son,30.8,22.7,26.6,83,13.7,77,979.6,1
2021-07-11,Lang_Son,31.0,23.1,26.9,81,15.1,86,980.4,1
2021-07-12,Lang_Son,31.6,24.4,27.6,80,19.3,36,979.3,1
2021-07-13,Lang_Son,32.2,24.2,28.1,77,18.6,21,977.2,0
2021-07-14,Lang_Son,32.9,24.9,28.5,74,17.1,17,977.0,0
2021-07-15,Lang_Son,32.2,24.8,28.1,75,18.8,30,978.5,1
2021-07-16,Lang_Son,33.2,24.0,28.6,73,13.5,36,978.9,0
2021-07-17,Lang_Son,33.8,23.8,29.0,70,14.3,60,975.5,0
2021-07-18,Lang_Son,32.6,24.7,27.6,78,11.8,96,973.2,1
2021-07-19,Lang_Son,32.2,23.6,27.2,83,11.7,87,973.4,1
2021-07-20,Lang_Son,31.2,24.0,26.7,88,10.9,99,973.7,1
2021-07-21,Lang_Son,31.4,24.5,26.8,88,11.9,88,972.7,1
2021-07-22,Lang_Son,26.7,23.5,25.0,94,10.0,100,971.0,1
2021-07-23,Lang_Son,27.2,23.5,24.8,94,22.9,98,969.1,1
2021-07-24,Lang_Son,31.5,23.8,27.3,85,19.0,37,970.0,1
2021-07-25,Lang_Son,30.4,23.9,26.6,89,12.2,74,971.3,1
2021-07-26,Lang_Son,31.9,23.5,27.0,89,11.4,54,970.6,1
2021-07-27,Lang_Son,31.8,24.4,27.5,89,9.4,75,969.4,1
2021-07-28,Lang_Son,30.8,24.6,27.2,90,6.7,70,969.2,1
2021-07-29,Lang_Son,31.0,25.0,27.1,91,8.1,98,970.6,1
2021-07-30,Lang_Son,31.9,24.5,27.5,88,11.1,97,971.2,1
2021-07-31,Lang_Son,32.5,24.9,27.9,88,14.4,95,970.6,1
2021-08-01,Lang_Son,26.5,23.8,24.8,96,9.8,99,970.1,1
2021-08-02,Lang_Son,32.0,23.2,26.8,88,6.7,89,969.9,1
2021-08-03,Lang_Son,31.1,24.5,27.4,89,12.0,73,971.1,1
2021-08-04,Lang_Son,32.9,24.7,28.6,83,9.8,59,971.4,1
2021-08-05,Lang_Son,33.5,25.0,29.3,80,8.9,94,970.0,1
2021-08-06,Lang_Son,34.3,25.8,29.8,81,9.4,95,970.7,1
2021-08-07,Lang_Son,34.2,26.0,29.9,78,9.7,99,971.9,0
2021-08-08,Lang_Son,32.8,26.4,28.3,86,16.3,98,973.3,1
2021-08-09,Lang_Son,30.4,25.8,27.8,89,11.3,95,973.5,1
2021-08-10,Lang_Son,29.0,24.4,26.3,92,12.7,96,973.5,1
2021-08-11,Lang_Son,29.4,24.3,26.1,92,16.6,99,975.9,1
2021-08-12,Lang_Son,30.6,24.4,26.5,92,17.4,94,977.0,1
2021-08-13,Lang_Son,30.1,25.3,27.3,87,18.5,86,973.7,1
2021-08-14,Lang_Son,28.5,25.1,26.6,91,16.7,100,973.0,1
2021-08-15,Lang_Son,28.0,25.0,25.8,94,15.7,98,976.7,1
2021-08-16,Lang_Son,29.6,23.8,26.5,88,17.3,81,980.2,1
2021-08-17,Lang_Son,30.2,24.2,26.7,87,15.5,53,979.5,1
2021-08-18,Lang_Son,30.1,24.4,26.9,87,15.5,73,977.5,1
2021-08-19,Lang_Son,30.8,24.4,26.9,86,13.9,78,977.7,1
2021-08-20,Lang_Son,30.5,24.5,27.0,86,14.1,55,978.8,1
2021-08-21,Lang_Son,30.1,25.0,27.3,87,15.4,86,977.9,1
2021-08-22,Lang_Son,31.0,25.4,27.8,86,18.8,68,975.7,1
2021-08-23,Lang_Son,30.5,25.2,27.6,85,22.4,87,974.7,1
2021-08-24,Lang_Son,30.0,24.8,27.3,87,14.9,100,975.6,1
2021-08-25,Lang_Son,30.2,24.9,27.2,85,14.8,81,976.9,1
2021-08-26,Lang_Son,28.7,24.0,26.0,89,10.9,72,979.2,1
2021-08-27,Lang_Son,29.0,23.4,25.9,85,12.0,87,980.7,1
2021-08-28,Lang_Son,28.0,22.1,25.0,89,11.3,76,980.4,1
2021-08-29,Lang_Son,29.0,21.1,25.1,87,11.5,41,980.3,1
2021-08-30,Lang_Son,29.8,22.4,25.5,87,12.1,74,980.8,1
2021-08-31,Lang_Son,30.5,22.1,25.6,88,10.1,60,980.6,1
2021-09-01,Lang_Son,29.5,22.6,26.0,86,7.8,83,979.8,1
2021-09-02,Lang_Son,28.4,22.9,25.4,89,10.5,84,978.5,1
2021-09-03,Lang_Son,28.8,23.3,25.8,89,11.1,63,976.6,1
2021-09-04,Lang_Son,29.8,23.0,26.2,87,11.7,56,976.9,1
2021-09-05,Lang_Son,28.7,23.2,25.7,88,10.2,62,979.4,1
2021-09-06,Lang_Son,30.4,22.7,25.9,86,9.1,76,981.2,1
2021-09-07,Lang_Son,28.2,22.5,25.1,89,21.8,80,981.0,1
2021-09-08,Lang_Son,28.9,23.0,25.0,90,17.7,71,979.7,1
2021-09-09,Lang_Son,29.4,22.0,25.7,89,10.1,60,980.4,1
2021-09-10,Lang_Son,31.2,22.4,26.5,82,8.1,77,979.5,0
2021-09-11,Lang_Son,32.1,23.1,27.4,83,13.7,47,976.8,1
2021-09-12,Lang_Son,33.2,23.9,28.1,83,14.8,53,974.3,1
2021-09-13,Lang_Son,29.7,24.2,26.5,88,13.2,81,977.3,1
2021-09-14,Lang_Son,27.9,23.9,25.7,90,12.5,98,980.8,1
2021-09-15,Lang_Son,27.6,23.5,25.1,92,7.3,99,982.2,1
2021-09-16,Lang_Son,27.5,23.5,25.0,90,11.3,89,981.0,1
2021-09-17,Lang_Son,29.0,23.7,25.9,87,15.6,83,979.5,1
2021-09-18,Lang_Son,29.1,24.0,26.1,87,16.7,46,980.2,1
2021-09-19,Lang_Son,30.3,22.5,26.1,86,15.5,47,980.4,1
2021-09-20,Lang_Son,29.2,22.7,25.7,87,12.2,69,980.8,1
2021-09-21,Lang_Son,30.5,22.5,25.9,87,8.5,58,980.0,1
2021-09-22,Lang_Son,28.8,22.6,24.7,92,8.7,83,980.0,1
2021-09-23,Lang_Son,28.5,22.9,25.2,89,9.6,80,981.8,1
2021-09-24,Lang_Son,27.8,23.0,24.7,93,15.1,92,982.4,1
2021-09-25,Lang_Son,27.2,23.0,24.6,93,13.0,77,982.1,1
2021-09-26,Lang_Son,27.9,22.0,24.6,92,12.0,85,982.3,1
2021-09-27,Lang_Son,28.8,22.2,24.7,92,11.0,79,981.8,1
2021-09-28,Lang_Son,30.0,22.0,25.6,85,8.4,33,980.5,0
2021-09-29,Lang_Son,30.9,22.3,26.2,83,7.6,37,979.4,1
2021-09-30,Lang_Son,31.1,22.8,26.5,83,9.0,30,979.5,1
2021-10-01,Lang_Son,30.2,22.9,26.3,83,8.8,68,979.7,1
2021-10-02,Lang_Son,30.0,23.0,26.0,82,10.7,68,980.5,0
2021-10-03,Lang_Son,30.4,21.7,25.8,80,11.5,36,981.0,1
2021-10-04,Lang_Son,30.9,21.8,25.7,82,11.8,21,981.9,1
2021-10-05,Lang_Son,31.2,22.4,26.0,80,12.4,37,981.7,1
2021-10-06,Lang_Son,31.0,21.8,26.0,83,8.7,35,978.9,1
2021-10-07,Lang_Son,31.9,23.0,27.2,71,18.4,27,976.5,1
2021-10-08,Lang_Son,30.2,22.9,26.8,56,29.9,64,975.8,0
2021-10-09,Lang_Son,25.8,20.6,22.2,82,26.1,100,974.8,1
2021-10-10,Lang_Son,22.3,20.2,21.3,95,32.4,100,973.8,1
2021-10-11,Lang_Son,21.4,18.9,19.8,92,27.2,91,979.7,1
2021-10-12,Lang_Son,23.6,17.2,20.3,71,32.5,31,979.9,0
2021-10-13,Lang_Son,22.4,18.4,19.9,77,34.8,100,976.4,1
2021-10-14,Lang_Son,19.4,17.7,18.6,91,37.7,100,977.7,1
2021-10-15,Lang_Son,20.3,18.1,19.3,93,26.7,100,981.6,1
2021-10-16,Lang_Son,19.7,16.5,18.0,81,29.5,100,987.2,1
2021-10-17,Lang_Son,19.9,15.9,17.6,73,35.1,93,989.8,1
2021-10-18,Lang_Son,18.5,15.2,16.9,86,22.5,100,988.2,1
2021-10-19,Lang_Son,25.2,17.1,20.5,91,12.8,93,987.0,1
2021-10-20,Lang_Son,27.8,21.1,24.1,89,19.1,79,984.0,1
2021-10-21,Lang_Son,23.4,16.1,18.2,83,27.4,100,986.4,1
2021-10-22,Lang_Son,17.1,14.6,16.0,68,25.3,100,990.4,0
2021-10-23,Lang_Son,19.7,14.1,16.3,71,19.0,77,990.7,0
2021-10-24,Lang_Son,23.7,13.4,17.4,74,19.9,17,989.9,0
2021-10-25,Lang_Son,22.4,14.7,18.2,79,13.0,0,987.0,0
2021-10-26,Lang_Son,23.8,14.4,19.3,80,11.8,6,985.8,0
2021-10-27,Lang_Son,24.2,16.5,20.4,76,17.6,24,986.9,0
2021-10-28,Lang_Son,20.7,19.0,19.8,83,18.5,93,987.5,1
2021-10-29,Lang_Son,22.2,18.0,19.7,94,17.9,100,988.0,1
2021-10-30,Lang_Son,19.0,16.9,17.5,93,18.7,100,988.8,1
2021-10-31,Lang_Son,20.4,16.8,18.3,94,13.8,99,987.6,1
2021-11-01,Lang_Son,20.0,17.5,18.6,93,18.4,99,987.8,1
2021-11-02,Lang_Son,19.9,17.6,18.6,94,17.3,99,987.8,1
2021-11-03,Lang_Son,24.9,17.4,20.7,92,10.7,81,985.6,1
2021-11-04,Lang_Son,26.5,20.2,23.0,87,15.0,51,983.1,1
2021-11-05,Lang_Son,26.9,21.4,23.6,89,21.3,64,980.5,1
2021-11-06,Lang_Son,27.5,21.5,23.8,88,17.2,56,978.7,1
2021-11-07,Lang_Son,27.8,17.6,23.0,87,32.4,86,982.5,1
2021-11-08,Lang_Son,16.5,11.8,14.1,64,34.4,70,990.3,1
2021-11-09,Lang_Son,18.2,11.4,14.6,57,19.0,9,990.1,0
2021-11-10,Lang_Son,19.0,12.8,15.4,61,18.4,46,989.6,0
2021-11-11,Lang_Son,21.0,12.2,16.5,70,10.5,60,986.9,0
2021-11-12,Lang_Son,20.6,16.0,17.9,66,19.5,97,989.4,0
2021-11-13,Lang_Son,20.0,14.5,16.9,63,21.5,77,989.0,0
2021-11-14,Lang_Son,20.6,12.8,16.5,72,14.8,62,987.6,0
2021-11-15,Lang_Son,22.5,15.3,18.7,79,13.6,84,985.7,0
2021-11-16,Lang_Son,22.0,17.0,18.9,85,10.1,86,985.6,1
2021-11-17,Lang_Son,18.5,15.6,17.1,86,22.1,98,987.9,1
2021-11-18,Lang_Son,20.2,14.6,16.6,77,18.0,90,985.3,0
2021-11-19,Lang_Son,21.9,13.2,18.1,87,14.9,84,980.7,0
2021-11-20,Lang_Son,24.7,18.9,21.2,91,17.8,86,979.9,1
2021-11-21,Lang_Son,26.0,18.3,22.0,89,19.5,66,983.0,1
2021-11-22,Lang_Son,17.9,12.5,15.1,76,30.9,90,989.1,1
2021-11-23,Lang_Son,16.8,11.2,13.4,64,23.8,85,991.3,0
2021-11-24,Lang_Son,17.1,12.1,13.9,66,18.7,81,990.8,1
2021-11-25,Lang_Son,19.1,11.4,14.7,79,15.8,23,988.6,1
2021-11-26,Lang_Son,20.0,12.2,16.4,69,17.1,47,988.7,0
2021-11-27,Lang_Son,20.2,13.6,16.7,66,14.2,44,989.9,0
2021-11-28,Lang_Son,21.8,12.4,16.6,72,14.2,12,989.3,0
2021-11-29,Lang_Son,22.7,12.6,17.5,75,15.9,74,988.3,0
2021-11-30,Lang_Son,20.4,14.6,17.1,61,32.0,25,991.2,0
2021-12-01,Lang_Son,18.1,10.9,14.1,58,19.5,54,991.7,0
2021-12-02,Lang_Son,18.5,8.8,13.1,62,14.5,53,991.8,0
2021-12-03,Lang_Son,19.7,8.7,13.5,64,13.5,56,991.4,0
2021-12-04,Lang_Son,20.0,8.6,13.9,65,13.2,38,991.0,0
2021-12-05,Lang_Son,20.3,10.2,14.6,63,13.2,8,990.7,0
2021-12-06,Lang_Son,20.5,9.6,14.4,62,14.7,0,990.1,0
2021-12-07,Lang_Son,21.0,8.4,14.3,63,10.0,0,989.6,0
2021-12-08,Lang_Son,20.2,9.4,15.7,62,11.0,54,990.7,0
2021-12-09,Lang_Son,20.2,13.6,16.7,82,15.9,66,991.7,1
2021-12-10,Lang_Son,23.6,13.8,18.5,77,11.8,72,989.0,0
2021-12-11,Lang_Son,24.6,14.0,18.9,72,10.0,55,989.2,0
2021-12-12,Lang_Son,20.8,13.7,16.4,78,23.9,37,992.2,1
2021-12-13,Lang_Son,18.4,11.4,14.0,68,21.1,43,991.7,0
2021-12-14,Lang_Son,21.4,9.3,14.8,78,10.6,27,987.1,0
2021-12-15,Lang_Son,21.9,11.4,16.5,85,17.4,47,984.0,1
2021-12-16,Lang_Son,23.9,16.0,19.0,85,11.5,81,985.3,1
2021-12-17,Lang_Son,20.0,14.4,17.5,68,26.8,65,990.3,1
2021-12-18,Lang_Son,18.4,10.4,14.3,53,21.9,15,992.4,0
2021-12-19,Lang_Son,18.1,8.9,13.9,51,20.9,46,991.4,0
2021-12-20,Lang_Son,17.4,12.8,14.6,56,18.0,99,987.3,0
2021-12-21,Lang_Son,20.6,12.6,15.5,68,16.5,66,986.7,1
2021-12-22,Lang_Son,21.2,10.4,15.2,73,10.6,11,986.2,0
2021-12-23,Lang_Son,22.4,10.4,16.0,77,8.5,3,984.8,0
2021-12-24,Lang_Son,22.9,12.9,17.5,84,10.5,77,985.6,0
2021-12-25,Lang_Son,19.9,14.9,17.5,79,18.6,92,989.1,0
2021-12-26,Lang_Son,15.4,8.2,12.3,74,27.2,97,993.1,1
2021-12-27,Lang_Son,10.1,5.3,7.4,67,26.2,100,996.4,1
2021-12-28,Lang_Son,12.6,5.8,8.9,74,15.1,100,993.8,0
2021-12-29,Lang_Son,12.2,8.3,10.5,78,20.1,100,993.7,1
2021-12-30,Lang_Son,15.8,9.5,12.3,70,18.8,86,995.0,1
2021-12-31,Lang_Son,16.0,10.6,12.9,76,16.0,82,993.9,1
2021-01-01,Quang_Ninh,16.7,7.5,12.0,50,12.3,42,1024.6,0
2021-01-02,Quang_Ninh,18.2,9.7,13.1,56,13.5,10,1021.2,0
2021-01-03,Quang_Ninh,18.9,11.2,15.2,58,17.1,74,1020.9,1
2021-01-04,Quang_Ninh,20.1,14.3,16.5,52,14.1,71,1019.9,0
2021-01-05,Quang_Ninh,19.3,15.0,17.3,59,15.8,93,1019.5,0
2021-01-06,Quang_Ninh,19.6,15.1,16.9,59,15.8,96,1018.4,0
2021-01-07,Quang_Ninh,16.2,11.0,14.3,69,16.1,100,1019.4,1
2021-01-08,Quang_Ninh,10.8,6.6,8.8,61,19.6,97,1024.7,1
2021-01-09,Quang_Ninh,12.6,7.2,9.7,46,13.8,97,1024.0,0
2021-01-10,Quang_Ninh,13.5,7.4,10.3,53,15.3,89,1023.2,1
2021-01-11,Quang_Ninh,11.7,8.2,9.9,41,19.1,71,1027.5,0
2021-01-12,Quang_Ninh,16.9,7.5,11.5,42,13.8,37,1024.8,0
2021-01-13,Quang_Ninh,18.3,8.9,13.3,57,12.0,16,1018.5,0
2021-01-14,Quang_Ninh,19.9,11.5,14.7,76,13.0,28,1016.6,0
2021-01-15,Quang_Ninh,20.3,10.7,15.3,83,10.7,28,1014.7,0
2021-01-16,Quang_Ninh,20.8,13.7,17.4,74,10.7,76,1015.3,0
2021-01-17,Quang_Ninh,17.5,11.6,15.2,60,25.1,87,1023.3,1
2021-01-18,Quang_Ninh,16.5,8.7,12.1,53,15.1,5,1023.4,0
2021-01-19,Quang_Ninh,18.7,9.5,13.7,67,10.6,0,1018.2,0
2021-01-20,Quang_Ninh,21.3,11.9,16.0,84,10.8,27,1016.3,0
2021-01-21,Quang_Ninh,22.0,14.3,17.1,87,11.6,20,1015.0,0
2021-01-22,Quang_Ninh,22.3,13.6,17.6,86,9.4,35,1014.4,1
2021-01-23,Quang_Ninh,22.2,14.4,17.6,81,13.4,9,1014.0,0
2021-01-24,Quang_Ninh,21.4,14.0,18.0,82,11.6,49,1013.4,1
2021-01-25,Quang_Ninh,21.9,17.6,19.1,91,11.9,76,1014.7,1
2021-01-26,Quang_Ninh,22.0,16.8,18.5,88,12.8,42,1015.9,1
2021-01-27,Quang_Ninh,19.8,15.9,17.4,87,13.3,54,1015.8,0
2021-01-28,Quang_Ninh,22.0,15.1,18.2,74,17.1,56,1020.2,1
2021-01-29,Quang_Ninh,20.0,14.2,16.4,68,16.6,22,1020.2,0
2021-01-30,Quang_Ninh,19.6,14.3,16.9,84,16.2,63,1019.3,1
2021-01-31,Quang_Ninh,20.1,16.0,17.9,89,14.9,82,1018.9,1
2021-02-01,Quang_Ninh,21.9,16.6,18.6,89,11.2,69,1017.9,0
2021-02-02,Quang_Ninh,22.9,15.8,18.6,88,11.9,43,1018.2,0
2021-02-03,Quang_Ninh,22.9,16.0,19.0,83,13.7,26,1018.9,0
2021-02-04,Quang_Ninh,22.7,15.9,18.9,87,12.4,36,1019.3,1
2021-02-05,Quang_Ninh,22.6,16.0,18.6,85,12.7,24,1018.0,0
2021-02-06,Quang_Ninh,23.5,15.0,18.3,83,11.8,6,1016.4,0
2021-02-07,Quang_Ninh,24.2,14.6,19.0,85,10.0,9,1015.7,0
2021-02-08,Quang_Ninh,22.8,17.6,20.0,78,14.9,93,1016.7,1
2021-02-09,Quang_Ninh,17.6,14.0,15.6,97,22.9,100,1015.3,1
2021-02-10,Quang_Ninh,22.1,12.6,16.3,84,12.9,33,1014.8,0
2021-02-11,Quang_Ninh,21.0,12.9,16.6,82,12.5,16,1015.5,0
2021-02-12,Quang_Ninh,22.0,13.4,17.1,77,11.8,5,1016.5,0
2021-02-13,Quang_Ninh,22.0,13.6,17.5,78,12.0,29,1016.4,0
2021-02-14,Quang_Ninh,22.6,15.0,18.7,81,13.4,14,1015.8,0
2021-02-15,Quang_Ninh,22.7,15.2,18.7,82,10.5,4,1013.4,0
2021-02-16,Quang_Ninh,23.4,15.8,19.3,84,11.3,36,1014.5,0
2021-02-17,Quang_Ninh,23.5,17.2,20.2,70,13.8,67,1018.9,0
2021-02-18,Quang_Ninh,22.8,17.5,19.6,68,15.9,24,1022.3,0
2021-02-19,Quang_Ninh,22.4,15.6,18.7,76,12.8,19,1022.1,0
2021-02-20,Quang_Ninh,22.6,15.1,18.5,69,11.4,6,1018.7,0
2021-02-21,Quang_Ninh,22.4,15.4,18.9,84,11.6,22,1015.5,0
2021-02-22,Quang_Ninh,23.0,16.2,19.4,89,16.3,35,1014.5,0
2021-02-23,Quang_Ninh,24.4,16.1,19.8,87,14.9,16,1013.7,0
2021-02-24,Quang_Ninh,22.9,17.0,20.1,90,12.5,53,1011.0,0
2021-02-25,Quang_Ninh,22.7,19.1,20.9,94,12.4,94,1007.6,1
2021-02-26,Quang_Ninh,25.1,19.4,21.7,88,18.0,69,1007.3,1
2021-02-27,Quang_Ninh,19.5,17.3,18.2,87,20.2,97,1011.2,1
2021-02-28,Quang_Ninh,21.7,17.4,19.5,94,16.4,88,1011.8,1
2021-03-01,Quang_Ninh,24.0,18.5,21.7,93,13.8,95,1013.9,1
2021-03-02,Quang_Ninh,21.5,15.1,18.5,68,15.2,96,1017.8,0
2021-03-03,Quang_Ninh,19.2,16.7,17.8,88,16.0,100,1017.3,1
2021-03-04,Quang_Ninh,20.3,17.0,18.3,91,14.5,100,1015.3,1
2021-03-05,Quang_Ninh,22.6,18.1,20.4,94,7.6,100,1012.3,1
2021-03-06,Quang_Ninh,24.7,21.0,22.4,96,16.2,95,1013.3,1
2021-03-07,Quang_Ninh,22.4,18.7,20.6,80,19.5,97,1016.2,1
2021-03-08,Quang_Ninh,23.4,19.6,20.9,94,14.0,74,1016.2,1
2021-03-09,Quang_Ninh,23.7,20.0,21.5,95,13.0,75,1016.0,1
2021-03-10,Quang_Ninh,24.0,20.2,21.6,95,12.8,65,1015.9,1
2021-03-11,Quang_Ninh,24.3,20.2,21.8,93,12.5,58,1016.6,1
2021-03-12,Quang_Ninh,24.5,20.3,21.6,93,13.5,71,1017.0,1
2021-03-13,Quang_Ninh,24.6,19.5,21.7,87,16.0,22,1016.3,0
2021-03-14,Quang_Ninh,24.3,19.5,21.6,92,11.7,64,1013.6,1
2021-03-15,Quang_Ninh,23.4,19.0,21.4,94,14.8,66,1011.3,1
2021-03-16,Quang_Ninh,24.6,20.0,22.2,91,10.5,70,1010.9,1
2021-03-17,Quang_Ninh,25.0,20.3,22.5,92,12.2,73,1010.6,1
2021-03-18,Quang_Ninh,25.2,20.7,22.7,92,12.2,69,1010.2,1
2021-03-19,Quang_Ninh,25.4,21.0,23.1,93,14.4,68,1009.0,1
2021-03-20,Quang_Ninh,26.4,21.6,24.0,91,10.8,93,1008.5,1
2021-03-21,Quang_Ninh,23.6,16.3,18.9,76,23.4,99,1014.8,1
2021-03-22,Quang_Ninh,20.2,13.4,16.2,65,18.2,88,1022.2,1
2021-03-23,Quang_Ninh,20.8,15.0,17.4,68,10.9,56,1019.5,0
2021-03-24,Quang_Ninh,23.2,17.0,19.6,81,10.9,80,1015.1,0
2021-03-25,Quang_Ninh,24.3,18.5,21.3,90,10.8,54,1013.3,1
2021-03-26,Quang_Ninh,24.4,20.6,22.1,95,9.5,93,1011.2,1
2021-03-27,Quang_Ninh,25.0,21.4,22.8,94,8.3,92,1009.3,1
2021-03-28,Quang_Ninh,25.4,21.3,23.2,91,8.3,84,1007.8,1
2021-03-29,Quang_Ninh,26.3,21.7,23.8,94,14.5,87,1004.4,0
2021-03-30,Quang_Ninh,27.1,23.1,24.8,89,14.9,42,1002.0,0
2021-03-31,Quang_Ninh,28.3,22.8,25.1,88,14.8,50,1001.8,0
2021-04-01,Quang_Ninh,28.1,21.9,24.6,91,13.4,24,1003.4,0
2021-04-02,Quang_Ninh,27.9,22.4,25.1,90,10.4,82,1006.3,0
2021-04-03,Quang_Ninh,28.1,23.8,25.6,89,9.1,67,1009.2,0
2021-04-04,Quang_Ninh,25.0,21.4,23.3,94,16.2,92,1012.0,1
2021-04-05,Quang_Ninh,25.3,20.6,22.9,85,16.6,79,1014.7,1
2021-04-06,Quang_Ninh,24.2,21.3,22.6,88,18.2,74,1014.8,1
2021-04-07,Quang_Ninh,25.8,21.9,23.5,94,10.4,68,1012.8,1
2021-04-08,Quang_Ninh,26.2,21.7,23.7,92,17.5,71,1011.5,1
2021-04-09,Quang_Ninh,23.6,19.7,21.4,80,18.5,86,1013.9,1
2021-04-10,Quang_Ninh,24.4,20.4,22.1,84,19.0,89,1015.4,1
2021-04-11,Quang_Ninh,26.3,22.0,23.7,92,12.5,77,1015.1,1
2021-04-12,Quang_Ninh,26.0,21.6,23.6,93,10.1,83,1013.5,1
2021-04-13,Quang_Ninh,27.4,22.1,24.4,89,9.6,72,1011.8,0
2021-04-14,Quang_Ninh,27.3,22.6,24.7,90,12.5,90,1010.2,1
2021-04-15,Quang_Ninh,26.5,23.2,24.6,92,9.5,97,1009.2,1
2021-04-16,Quang_Ninh,27.3,23.4,25.0,90,13.7,84,1010.4,1
2021-04-17,Quang_Ninh,26.0,21.7,23.6,90,19.4,100,1013.5,1
2021-04-18,Quang_Ninh,25.5,20.6,22.9,91,13.8,78,1012.1,1
2021-04-19,Quang_Ninh,25.6,22.7,24.0,96,10.1,86,1008.6,1
2021-04-20,Quang_Ninh,26.1,23.8,24.9,95,12.9,73,1008.1,1
2021-04-21,Quang_Ninh,26.4,24.3,25.1,95,12.1,84,1008.7,1
2021-04-22,Quang_Ninh,27.4,24.0,25.3,92,12.0,52,1008.0,1
2021-04-23,Quang_Ninh,27.4,23.9,25.7,92,15.2,61,1006.0,1
2021-04-24,Quang_Ninh,27.0,24.9,25.9,95,16.1,71,1006.2,1
2021-04-25,Quang_Ninh,29.1,24.1,25.8,94,11.5,92,1008.2,1
2021-04-26,Quang_Ninh,25.5,21.3,23.7,98,15.2,100,1009.9,1
2021-04-27,Quang_Ninh,26.6,21.2,23.5,88,15.0,96,1012.3,1
2021-04-28,Quang_Ninh,27.3,20.6,24.0,84,13.2,71,1013.9,1
2021-04-29,Quang_Ninh,25.2,18.4,21.4,85,13.3,93,1014.2,1
2021-04-30,Quang_Ninh,25.5,20.3,22.9,85,10.1,67,1011.6,0
2021-05-01,Quang_Ninh,27.4,21.4,24.7,88,9.8,75,1011.1,0
2021-05-02,Quang_Ninh,26.7,23.2,25.3,93,10.5,86,1010.0,1
2021-05-03,Quang_Ninh,27.2,24.2,25.8,94,19.1,79,1007.9,1
2021-05-04,Quang_Ninh,28.5,25.2,26.6,91,15.1,59,1007.7,1
2021-05-05,Quang_Ninh,29.1,24.8,26.3,90,16.5,89,1010.8,1
2021-05-06,Quang_Ninh,28.4,24.3,25.9,90,11.2,87,1012.3,1
2021-05-07,Quang_Ninh,28.4,25.2,26.5,91,17.9,70,1011.4,1
2021-05-08,Quang_Ninh,28.6,25.1,26.5,88,16.8,63,1008.7,1
2021-05-09,Quang_Ninh,28.9,25.0,26.9,89,14.1,66,1006.8,1
2021-05-10,Quang_Ninh,29.7,26.1,27.8,90,18.3,44,1005.5,1
2021-05-11,Quang_Ninh,29.8,27.0,28.2,91,19.8,52,1004.4,1
2021-05-12,Quang_Ninh,29.9,27.2,28.3,89,18.2,48,1004.4,1
2021-05-13,Quang_Ninh,29.1,25.8,27.7,90,17.3,83,1005.0,1
2021-05-14,Quang_Ninh,29.3,26.9,28.0,89,19.8,76,1004.9,1
2021-05-15,Quang_Ninh,30.3,26.8,28.4,90,18.3,67,1005.3,1
2021-05-16,Quang_Ninh,29.7,27.5,28.5,89,20.2,43,1005.5,1
2021-05-17,Quang_Ninh,29.7,27.4,28.1,90,17.9,58,1006.7,1
2021-05-18,Quang_Ninh,29.1,27.2,28.1,90,18.1,79,1006.5,1
2021-05-19,Quang_Ninh,30.2,27.6,28.7,88,20.8,81,1004.3,1
2021-05-20,Quang_Ninh,30.2,26.7,28.6,91,19.1,98,1004.4,1
2021-05-21,Quang_Ninh,30.1,27.9,28.8,91,19.4,68,1004.0,1
2021-05-22,Quang_Ninh,30.8,28.1,29.2,88,19.4,34,1002.7,1
2021-05-23,Quang_Ninh,30.8,27.8,29.2,88,14.6,71,1004.2,1
2021-05-24,Quang_Ninh,30.8,25.8,28.1,82,19.0,90,1007.8,1
2021-05-25,Quang_Ninh,30.0,25.1,27.4,82,21.2,64,1007.7,1
2021-05-26,Quang_Ninh,28.7,25.6,27.2,93,12.9,74,1006.7,1
2021-05-27,Quang_Ninh,29.7,26.5,27.9,91,11.0,68,1007.5,1
2021-05-28,Quang_Ninh,29.4,26.0,27.7,90,13.4,87,1007.7,1
2021-05-29,Quang_Ninh,30.7,27.6,29.0,88,21.1,91,1005.4,1
2021-05-30,Quang_Ninh,32.1,28.5,30.0,85,16.8,98,1003.0,0
2021-05-31,Quang_Ninh,32.5,28.6,30.4,84,18.1,97,1001.1,0
2021-06-01,Quang_Ninh,33.0,29.4,30.8,83,18.8,97,1001.5,0
2021-06-02,Quang_Ninh,31.9,29.2,30.4,86,18.7,99,1002.5,1
2021-06-03,Quang_Ninh,32.9,29.3,30.8,85,17.0,93,1002.5,1
2021-06-04,Quang_Ninh,28.5,23.2,25.3,79,21.3,82,1005.6,1
2021-06-05,Quang_Ninh,29.9,22.9,26.4,79,18.8,80,1005.2,1
2021-06-06,Quang_Ninh,30.7,24.5,27.8,81,12.0,63,1003.6,1
2021-06-07,Quang_Ninh,29.4,25.1,27.1,91,11.4,79,1004.5,1
2021-06-08,Quang_Ninh,28.5,25.6,26.8,95,9.5,94,1005.2,1
2021-06-09,Quang_Ninh,29.0,25.4,27.0,94,12.2,94,1004.2,1
2021-06-10,Quang_Ninh,29.9,25.2,27.7,91,10.4,98,1002.8,1
2021-06-11,Quang_Ninh,29.5,25.7,27.4,91,13.7,98,1003.1,1
2021-06-12,Quang_Ninh,30.9,25.0,27.5,89,28.8,99,1001.4,1
2021-06-13,Quang_Ninh,29.1,25.5,27.2,88,25.2,93,1002.3,1
2021-06-14,Quang_Ninh,30.5,27.1,28.8,82,21.4,50,1001.7,1
2021-06-15,Quang_Ninh,30.6,28.5,29.4,80,27.2,64,1000.0,1
2021-06-16,Quang_Ninh,31.4,28.7,29.9,83,21.7,86,1001.8,1
2021-06-17,Quang_Ninh,31.6,29.1,30.1,83,19.7,54,1003.7,1
2021-06-18,Quang_Ninh,32.1,29.0,30.3,82,19.4,13,1003.7,1
2021-06-19,Quang_Ninh,33.6,29.4,31.0,79,19.9,52,1001.4,0
2021-06-20,Quang_Ninh,34.4,29.0,31.5,75,18.8,61,999.2,0
2021-06-21,Quang_Ninh,34.1,29.4,31.5,81,15.5,95,999.7,0
2021-06-22,Quang_Ninh,31.3,27.4,29.4,88,14.0,99,1002.8,1
2021-06-23,Quang_Ninh,32.1,26.8,29.4,87,12.4,100,1003.3,1
2021-06-24,Quang_Ninh,30.9,27.5,28.8,89,9.4,96,1002.6,1
2021-06-25,Quang_Ninh,30.3,25.4,28.1,90,12.0,91,1002.7,1
2021-06-26,Quang_Ninh,31.2,25.6,28.8,87,21.3,90,1003.6,1
2021-06-27,Quang_Ninh,32.2,29.7,30.9,80,24.5,91,1002.5,1
2021-06-28,Quang_Ninh,32.5,29.8,31.0,78,21.3,98,1000.0,1
2021-06-29,Quang_Ninh,31.7,29.3,30.3,83,22.6,100,1000.2,1
2021-06-30,Quang_Ninh,31.1,28.7,29.8,84,22.9,100,1001.0,1
2021-07-01,Quang_Ninh,31.3,29.1,30.2,82,24.8,100,1001.4,1
2021-07-02,Quang_Ninh,32.1,29.3,30.6,81,21.3,99,1002.3,1
2021-07-03,Quang_Ninh,33.0,29.5,30.9,82,17.4,97,1002.1,1
2021-07-04,Quang_Ninh,31.9,28.7,30.3,87,15.4,96,1003.1,1
2021-07-05,Quang_Ninh,31.0,28.4,29.4,89,9.3,70,1004.2,1
2021-07-06,Quang_Ninh,30.6,27.0,28.8,88,11.7,56,1003.8,1
2021-07-07,Quang_Ninh,31.2,25.9,28.1,90,24.9,77,1003.5,1
2021-07-08,Quang_Ninh,29.9,25.8,27.6,89,23.1,73,1006.2,1
2021-07-09,Quang_Ninh,30.5,25.6,28.1,88,10.7,48,1007.9,1
2021-07-10,Quang_Ninh,30.9,26.3,28.1,88,10.3,48,1008.1,1
2021-07-11,Quang_Ninh,30.6,26.0,28.3,86,11.2,37,1009.1,1
2021-07-12,Quang_Ninh,30.4,27.6,29.0,84,17.3,36,1008.2,1
2021-07-13,Quang_Ninh,30.9,28.0,29.4,80,18.2,41,1006.2,1
2021-07-14,Quang_Ninh,30.9,27.7,29.3,82,18.9,28,1005.8,1
2021-07-15,Quang_Ninh,30.5,26.2,28.5,87,13.0,41,1007.2,1
2021-07-16,Quang_Ninh,31.1,26.5,29.0,82,11.2,24,1007.4,1
2021-07-17,Quang_Ninh,31.3,26.8,29.1,83,13.0,75,1004.1,0
2021-07-18,Quang_Ninh,31.1,26.4,28.9,84,11.0,94,1001.6,1
2021-07-19,Quang_Ninh,31.0,26.3,28.8,88,9.5,95,1001.5,1
2021-07-20,Quang_Ninh,31.8,26.6,28.4,90,10.0,97,1001.6,1
2021-07-21,Quang_Ninh,31.3,26.2,27.7,93,10.2,98,1000.8,1
2021-07-22,Quang_Ninh,28.6,25.8,27.0,95,10.9,100,999.1,1
2021-07-23,Quang_Ninh,28.2,25.2,26.2,97,17.1,98,996.7,1
2021-07-24,Quang_Ninh,30.6,25.7,27.9,91,16.9,53,997.8,1
2021-07-25,Quang_Ninh,32.3,26.2,28.5,89,9.7,63,999.0,1
2021-07-26,Quang_Ninh,33.0,26.1,28.7,88,13.4,68,998.6,1
2021-07-27,Quang_Ninh,31.4,27.0,29.2,90,9.5,71,997.4,1
2021-07-28,Quang_Ninh,32.9,27.7,29.4,90,6.4,81,997.0,1
2021-07-29,Quang_Ninh,30.5,26.3,28.1,94,5.9,100,998.7,1
2021-07-30,Quang_Ninh,31.3,26.9,29.0,91,9.4,99,999.5,1
2021-07-31,Quang_Ninh,32.6,27.5,29.7,90,11.1,99,998.5,1
2021-08-01,Quang_Ninh,28.1,25.8,27.0,97,8.7,100,998.0,1
2021-08-02,Quang_Ninh,31.7,25.7,27.9,92,10.0,91,998.0,1
2021-08-03,Quang_Ninh,32.7,26.6,29.2,86,10.2,79,998.9,1
2021-08-04,Quang_Ninh,32.8,27.8,30.1,86,10.8,90,999.1,1
2021-08-05,Quang_Ninh,33.9,28.2,30.8,86,9.4,92,997.7,1
2021-08-06,Quang_Ninh,34.7,29.0,31.2,85,9.3,100,998.4,1
2021-08-07,Quang_Ninh,33.3,28.3,31.0,84,12.1,99,999.9,1
2021-08-08,Quang_Ninh,33.3,28.8,30.8,87,14.8,95,1001.2,0
2021-08-09,Quang_Ninh,32.0,27.0,28.8,93,12.9,99,1001.9,1
2021-08-10,Quang_Ninh,29.6,25.4,27.7,94,11.5,100,1002.1,1
2021-08-11,Quang_Ninh,29.1,26.3,27.6,95,14.8,99,1004.9,1
2021-08-12,Quang_Ninh,30.7,25.2,28.2,90,14.0,96,1005.9,1
2021-08-13,Quang_Ninh,30.7,26.8,29.1,87,17.1,97,1002.5,1
2021-08-14,Quang_Ninh,29.8,27.3,28.6,92,17.3,100,1001.8,1
2021-08-15,Quang_Ninh,29.5,26.5,27.8,93,14.1,94,1005.6,1
2021-08-16,Quang_Ninh,30.0,25.6,28.0,89,15.3,96,1009.2,1
2021-08-17,Quang_Ninh,31.2,25.4,28.7,86,13.4,52,1008.3,1
2021-08-18,Quang_Ninh,30.3,28.1,29.0,87,10.9,81,1006.2,1
2021-08-19,Quang_Ninh,30.5,26.1,28.6,88,10.5,76,1006.4,1
2021-08-20,Quang_Ninh,30.5,26.2,28.7,86,13.4,59,1007.5,1
2021-08-21,Quang_Ninh,31.1,27.1,29.1,85,14.8,74,1006.7,1
2021-08-22,Quang_Ninh,30.9,28.2,29.5,85,16.3,79,1004.6,1
2021-08-23,Quang_Ninh,31.3,25.9,29.0,88,16.4,84,1003.5,1
2021-08-24,Quang_Ninh,30.7,26.2,28.8,89,13.4,100,1004.2,1
2021-08-25,Quang_Ninh,30.1,26.5,28.5,88,12.2,75,1005.6,1
2021-08-26,Quang_Ninh,29.6,25.7,27.7,88,11.3,72,1007.8,1
2021-08-27,Quang_Ninh,29.2,25.5,27.3,90,16.4,95,1009.2,1
2021-08-28,Quang_Ninh,28.1,24.9,26.3,93,11.9,85,1009.2,1
2021-08-29,Quang_Ninh,29.1,25.0,27.0,91,13.0,68,1008.8,1
2021-08-30,Quang_Ninh,29.6,25.1,27.0,91,10.4,94,1009.3,1
2021-08-31,Quang_Ninh,29.2,25.6,27.2,91,11.4,71,1009.2,1
2021-09-01,Quang_Ninh,30.7,25.4,27.8,88,9.7,82,1008.2,1
2021-09-02,Quang_Ninh,29.1,24.3,26.7,92,11.4,94,1007.0,1
2021-09-03,Quang_Ninh,29.1,24.7,27.0,92,9.7,80,1005.2,1
2021-09-04,Quang_Ninh,29.5,25.4,27.4,90,12.2,62,1005.6,1
2021-09-05,Quang_Ninh,29.3,24.9,26.8,92,9.2,84,1008.1,1
2021-09-06,Quang_Ninh,30.4,25.3,27.8,89,8.0,65,1009.5,1
2021-09-07,Quang_Ninh,29.9,25.4,27.4,91,15.3,83,1008.7,1
2021-09-08,Quang_Ninh,28.3,24.8,26.7,93,20.4,80,1007.8,1
2021-09-09,Quang_Ninh,30.8,25.1,27.5,88,13.0,32,1008.7,1
2021-09-10,Quang_Ninh,33.3,24.2,28.5,79,9.4,61,1007.3,0
2021-09-11,Quang_Ninh,32.9,26.2,29.4,83,10.2,71,1004.8,1
2021-09-12,Quang_Ninh,33.4,26.1,29.6,83,7.7,80,1002.2,1
2021-09-13,Quang_Ninh,31.6,26.7,28.7,89,15.5,93,1005.1,1
2021-09-14,Quang_Ninh,28.1,25.4,26.8,95,16.8,97,1009.1,1
2021-09-15,Quang_Ninh,29.1,25.0,26.6,94,12.2,99,1010.8,1
2021-09-16,Quang_Ninh,28.7,25.3,27.1,90,9.2,94,1009.7,1
2021-09-17,Quang_Ninh,29.4,26.5,27.7,87,12.0,82,1008.3,1
2021-09-18,Quang_Ninh,29.9,25.8,27.8,90,9.3,66,1008.9,1
2021-09-19,Quang_Ninh,30.6,25.9,28.2,88,10.3,44,1009.0,1
2021-09-20,Quang_Ninh,30.3,26.1,27.8,90,10.7,79,1009.0,1
2021-09-21,Quang_Ninh,30.5,25.3,27.6,89,6.4,54,1008.5,1
2021-09-22,Quang_Ninh,27.5,25.4,26.4,95,11.3,90,1008.6,1
2021-09-23,Quang_Ninh,29.0,24.6,26.7,93,15.7,89,1010.4,1
2021-09-24,Quang_Ninh,26.8,25.1,25.8,95,19.6,92,1010.7,1
2021-09-25,Quang_Ninh,28.8,24.8,26.3,95,18.6,84,1010.6,1
2021-09-26,Quang_Ninh,28.4,24.3,26.2,94,16.9,83,1010.8,1
2021-09-27,Quang_Ninh,29.9,24.7,27.1,90,9.6,44,1010.2,1
2021-09-28,Quang_Ninh,30.7,24.9,27.6,85,9.9,11,1009.1,1
2021-09-29,Quang_Ninh,30.3,24.9,27.3,87,8.6,11,1007.9,1
2021-09-30,Quang_Ninh,30.8,24.6,27.4,86,11.6,4,1008.0,1
2021-10-01,Quang_Ninh,30.2,24.8,27.3,86,10.9,34,1008.3,0
2021-10-02,Quang_Ninh,30.0,25.1,27.8,82,8.4,38,1009.1,0
2021-10-03,Quang_Ninh,29.8,24.9,27.6,85,9.5,37,1009.7,1
2021-10-04,Quang_Ninh,29.1,25.2,26.9,90,15.1,45,1010.5,1
2021-10-05,Quang_Ninh,29.5,25.1,26.9,89,17.1,79,1010.1,1
2021-10-06,Quang_Ninh,30.5,25.2,27.7,83,9.1,44,1007.1,1
2021-10-07,Quang_Ninh,32.8,25.5,28.7,72,15.6,59,1003.7,0
2021-10-08,Quang_Ninh,31.1,25.7,28.3,58,20.2,74,1002.3,0
2021-10-09,Quang_Ninh,28.1,21.4,22.9,88,29.9,100,1000.8,1
2021-10-10,Quang_Ninh,25.5,21.4,23.8,96,40.5,100,1000.2,1
2021-10-11,Quang_Ninh,25.9,22.1,24.0,88,23.1,81,1006.9,1
2021-10-12,Quang_Ninh,26.2,20.2,23.1,64,25.0,68,1007.0,0
2021-10-13,Quang_Ninh,22.9,21.2,22.1,70,35.7,100,1001.7,1
2021-10-14,Quang_Ninh,23.8,19.4,21.8,89,32.5,100,1003.9,1
2021-10-15,Quang_Ninh,24.8,20.5,22.0,94,20.9,98,1009.1,1
2021-10-16,Quang_Ninh,23.6,19.3,21.4,73,27.4,98,1014.1,0
2021-10-17,Quang_Ninh,24.4,18.4,20.6,68,26.8,82,1017.0,0
2021-10-18,Quang_Ninh,21.7,18.3,20.1,88,17.3,97,1016.4,1
2021-10-19,Quang_Ninh,26.0,21.4,23.4,86,16.9,90,1015.9,1
2021-10-20,Quang_Ninh,28.0,22.6,25.5,90,14.8,84,1013.4,1
2021-10-21,Quang_Ninh,25.3,19.2,22.2,82,17.3,98,1014.2,1
2021-10-22,Quang_Ninh,21.3,17.4,19.0,66,17.4,97,1018.9,0
2021-10-23,Quang_Ninh,23.9,16.8,19.5,71,11.2,71,1019.8,0
2021-10-24,Quang_Ninh,25.1,16.3,20.4,71,10.8,8,1018.9,0
2021-10-25,Quang_Ninh,24.6,17.8,20.9,72,14.5,16,1016.2,0
2021-10-26,Quang_Ninh,25.3,19.1,22.1,74,12.5,1,1015.0,0
2021-10-27,Quang_Ninh,26.5,19.4,23.2,74,13.8,65,1015.4,0
2021-10-28,Quang_Ninh,24.7,21.0,23.2,78,19.6,97,1015.8,1
2021-10-29,Quang_Ninh,24.9,22.2,23.6,84,16.9,99,1016.5,1
2021-10-30,Quang_Ninh,22.8,20.6,21.7,89,15.5,100,1017.1,1
2021-10-31,Quang_Ninh,24.1,21.0,22.5,89,16.0,87,1016.4,1
2021-11-01,Quang_Ninh,24.5,22.1,23.1,89,17.3,95,1016.4,1
2021-11-02,Quang_Ninh,25.2,21.3,23.0,89,18.9,89,1016.3,1
2021-11-03,Quang_Ninh,26.0,22.0,23.4,87,15.1,68,1014.7,1
2021-11-04,Quang_Ninh,27.1,22.6,24.3,91,10.1,50,1012.6,1
2021-11-05,Quang_Ninh,27.2,22.3,24.9,93,13.3,44,1010.2,1
2021-11-06,Quang_Ninh,27.0,23.0,25.1,92,13.8,66,1008.2,1
2021-11-07,Quang_Ninh,28.1,22.5,25.0,91,23.5,73,1011.0,1
2021-11-08,Quang_Ninh,21.0,15.0,17.6,60,25.9,77,1018.4,1
2021-11-09,Quang_Ninh,21.4,13.2,17.1,57,9.9,15,1019.5,0
2021-11-10,Quang_Ninh,22.0,14.7,17.8,64,12.3,21,1018.9,0
2021-11-11,Quang_Ninh,22.7,16.0,19.1,66,11.8,58,1016.6,0
2021-11-12,Quang_Ninh,23.8,19.8,21.1,62,16.7,99,1018.1,0
2021-11-13,Quang_Ninh,23.3,17.3,19.9,64,13.7,78,1018.0,0
2021-11-14,Quang_Ninh,23.6,16.3,19.7,67,15.1,50,1017.0,0
2021-11-15,Quang_Ninh,23.5,18.9,21.2,69,17.2,87,1015.0,0
2021-11-16,Quang_Ninh,22.4,20.5,21.3,77,15.6,74,1014.9,0
2021-11-17,Quang_Ninh,24.3,18.1,21.3,78,18.2,59,1016.2,1
2021-11-18,Quang_Ninh,23.9,17.3,19.7,75,14.1,48,1014.5,0
2021-11-19,Quang_Ninh,23.3,16.6,20.2,86,9.9,71,1010.6,1
2021-11-20,Quang_Ninh,24.3,20.7,22.4,93,13.4,81,1009.5,1
2021-11-21,Quang_Ninh,26.3,21.4,23.5,93,9.4,55,1011.9,1
2021-11-22,Quang_Ninh,22.3,16.6,18.9,71,23.2,87,1017.2,1
2021-11-23,Quang_Ninh,18.9,14.9,16.7,61,11.8,92,1020.6,0
2021-11-24,Quang_Ninh,21.1,14.8,17.5,63,13.1,64,1020.2,0
2021-11-25,Quang_Ninh,21.9,14.9,17.7,73,10.5,39,1018.3,1
2021-11-26,Quang_Ninh,23.7,15.1,19.3,68,14.0,24,1018.0,0
2021-11-27,Quang_Ninh,23.8,16.9,20.1,57,18.1,49,1019.0,0
2021-11-28,Quang_Ninh,24.2,16.8,20.2,61,15.8,42,1018.5,0
2021-11-29,Quang_Ninh,25.2,17.3,20.9,63,15.2,65,1017.3,0
2021-11-30,Quang_Ninh,24.3,16.6,20.0,58,26.7,16,1019.6,0
2021-12-01,Quang_Ninh,21.2,14.2,17.6,49,17.8,47,1021.2,0
2021-12-02,Quang_Ninh,20.9,13.3,16.5,50,15.0,55,1021.6,0
2021-12-03,Quang_Ninh,21.9,11.8,16.4,52,12.1,32,1021.4,0
2021-12-04,Quang_Ninh,22.1,13.4,17.5,54,15.0,25,1020.9,0
2021-12-05,Quang_Ninh,23.0,14.6,17.9,52,14.2,1,1020.4,0
2021-12-06,Quang_Ninh,22.4,13.5,17.4,54,15.9,4,1019.9,0
2021-12-07,Quang_Ninh,22.1,14.8,17.9,50,15.0,0,1019.8,0
2021-12-08,Quang_Ninh,23.2,16.3,19.6,54,16.1,71,1020.3,1
2021-12-09,Quang_Ninh,23.6,18.7,20.5,67,15.5,61,1020.9,1
2021-12-10,Quang_Ninh,24.5,17.5,20.2,77,11.4,18,1019.0,0
2021-12-11,Quang_Ninh,23.9,16.6,19.8,82,12.3,9,1019.2,0
2021-12-12,Quang_Ninh,25.5,17.2,20.9,69,20.9,11,1020.7,0
2021-12-13,Quang_Ninh,21.8,13.6,17.3,65,13.6,4,1021.1,0
2021-12-14,Quang_Ninh,22.4,14.8,17.7,78,12.6,9,1017.4,0
2021-12-15,Quang_Ninh,23.5,15.1,18.8,86,9.3,37,1014.3,1
2021-12-16,Quang_Ninh,25.7,17.8,21.1,88,11.8,70,1014.7,1
2021-12-17,Quang_Ninh,25.4,17.5,21.5,64,17.7,51,1018.5,1
2021-12-18,Quang_Ninh,21.9,14.2,18.1,53,19.1,42,1021.3,0
2021-12-19,Quang_Ninh,21.0,12.5,17.0,46,13.0,66,1020.7,0
2021-12-20,Quang_Ninh,19.6,15.0,17.3,62,11.2,100,1016.7,1
2021-12-21,Quang_Ninh,21.8,15.4,17.9,76,9.7,72,1016.3,1
2021-12-22,Quang_Ninh,22.0,15.3,18.3,75,8.9,68,1016.2,0
2021-12-23,Quang_Ninh,22.9,16.0,18.6,79,10.6,17,1015.0,0
2021-12-24,Quang_Ninh,24.4,16.9,19.8,89,11.9,65,1015.5,0
2021-12-25,Quang_Ninh,23.0,18.2,20.1,78,20.2,39,1018.5,1
2021-12-26,Quang_Ninh,17.9,13.5,16.5,75,22.4,81,1022.3,1
2021-12-27,Quang_Ninh,15.5,10.0,12.5,64,16.3,96,1025.6,1
2021-12-28,Quang_Ninh,16.2,10.7,13.4,71,9.6,94,1023.8,0
2021-12-29,Quang_Ninh,17.7,14.2,15.5,74,13.6,100,1023.0,1
2021-12-30,Quang_Ninh,19.9,12.9,15.9,71,11.5,97,1024.4,0
2021-12-31,Quang_Ninh,18.9,14.9,16.4,75,14.3,86,1023.8,0
2021-01-01,Thanh_Hoa,17.1,8.4,12.6,58,13.0,49,1024.7,0
2021-01-02,Thanh_Hoa,18.4,8.0,12.9,71,12.9,27,1021.3,0
2021-01-03,Thanh_Hoa,18.8,9.1,14.0,77,15.8,82,1020.8,1
2021-01-04,Thanh_Hoa,20.9,13.1,16.5,64,12.7,66,1020.2,0
2021-01-05,Thanh_Hoa,19.7,11.6,16.0,80,11.8,81,1019.6,0
2021-01-06,Thanh_Hoa,19.8,15.3,17.1,76,12.6,98,1018.4,0
2021-01-07,Thanh_Hoa,16.8,12.9,15.4,77,15.7,100,1019.1,1
2021-01-08,Thanh_Hoa,12.4,8.9,10.3,65,20.5,99,1024.7,1
2021-01-09,Thanh_Hoa,12.4,8.4,10.1,54,17.3,78,1024.2,0
2021-01-10,Thanh_Hoa,14.8,8.4,10.9,49,17.3,63,1023.1,0
2021-01-11,Thanh_Hoa,13.1,9.2,11.2,38,28.0,53,1027.8,0
2021-01-12,Thanh_Hoa,16.9,8.6,12.2,43,19.7,51,1025.5,0
2021-01-13,Thanh_Hoa,18.8,5.2,12.3,69,12.6,7,1018.5,0
2021-01-14,Thanh_Hoa,20.9,8.4,14.5,81,14.6,16,1016.5,0
2021-01-15,Thanh_Hoa,19.8,11.4,15.7,90,12.6,87,1014.7,1
2021-01-16,Thanh_Hoa,19.8,15.4,17.6,86,14.1,92,1015.2,1
2021-01-17,Thanh_Hoa,17.2,12.6,15.1,78,23.8,97,1023.3,1
2021-01-18,Thanh_Hoa,18.6,10.2,13.5,55,16.3,7,1023.9,0
2021-01-19,Thanh_Hoa,19.2,6.8,13.2,80,12.9,1,1018.3,0
2021-01-20,Thanh_Hoa,21.1,9.9,15.5,88,12.1,76,1016.0,0
2021-01-21,Thanh_Hoa,22.8,16.3,18.5,86,12.2,68,1014.9,1
2021-01-22,Thanh_Hoa,22.0,15.2,18.0,87,7.7,72,1014.9,1
2021-01-23,Thanh_Hoa,23.7,14.2,17.9,87,14.2,51,1014.2,0
2021-01-24,Thanh_Hoa,23.5,13.9,18.4,90,17.2,71,1013.0,1
2021-01-25,Thanh_Hoa,23.9,18.2,20.5,91,16.7,94,1014.0,1
2021-01-26,Thanh_Hoa,23.4,17.2,19.5,90,15.5,50,1015.6,0
2021-01-27,Thanh_Hoa,23.6,17.6,19.5,88,13.8,74,1015.3,1
2021-01-28,Thanh_Hoa,20.8,15.9,18.1,85,21.1,88,1020.1,1
2021-01-29,Thanh_Hoa,21.1,13.6,17.0,75,16.6,65,1020.3,0
2021-01-30,Thanh_Hoa,20.7,15.2,17.9,88,15.5,80,1018.8,1
2021-01-31,Thanh_Hoa,21.5,16.9,18.9,90,11.9,94,1018.4,1
2021-02-01,Thanh_Hoa,23.5,16.9,19.6,89,13.1,57,1017.6,0
2021-02-02,Thanh_Hoa,22.9,16.1,19.1,91,11.9,62,1018.2,1
2021-02-03,Thanh_Hoa,23.9,17.4,19.5,89,12.4,75,1018.7,1
2021-02-04,Thanh_Hoa,24.6,17.4,19.8,88,13.1,56,1019.1,1
2021-02-05,Thanh_Hoa,24.4,16.8,19.5,88,14.2,55,1017.7,1
2021-02-06,Thanh_Hoa,24.1,17.1,19.7,86,13.7,68,1016.4,0
2021-02-07,Thanh_Hoa,24.2,15.8,19.6,87,11.9,38,1015.5,0
2021-02-08,Thanh_Hoa,23.4,17.5,20.0,84,16.8,89,1016.4,1
2021-02-09,Thanh_Hoa,18.4,14.7,16.8,91,20.4,95,1016.0,1
2021-02-10,Thanh_Hoa,22.8,12.5,17.6,78,16.8,28,1015.4,0
2021-02-11,Thanh_Hoa,22.0,13.1,17.0,88,13.8,61,1015.7,1
2021-02-12,Thanh_Hoa,21.7,13.9,17.5,83,10.2,51,1016.7,0
2021-02-13,Thanh_Hoa,23.1,12.2,17.6,82,14.4,50,1016.3,0
2021-02-14,Thanh_Hoa,24.4,14.9,19.1,84,12.5,35,1015.9,0
2021-02-15,Thanh_Hoa,24.0,15.8,19.6,89,16.8,49,1013.1,0
2021-02-16,Thanh_Hoa,23.3,17.3,20.5,90,18.5,89,1014.1,1
2021-02-17,Thanh_Hoa,23.1,16.5,20.1,82,17.7,79,1019.0,1
2021-02-18,Thanh_Hoa,23.3,15.9,19.1,81,13.7,52,1022.3,0
2021-02-19,Thanh_Hoa,23.1,15.6,18.9,79,14.1,34,1022.2,0
2021-02-20,Thanh_Hoa,24.0,12.2,18.0,81,12.8,21,1019.0,0
2021-02-21,Thanh_Hoa,23.8,13.9,18.8,84,22.1,12,1015.3,0
2021-02-22,Thanh_Hoa,24.5,17.3,20.6,86,14.3,54,1014.1,0
2021-02-23,Thanh_Hoa,24.0,17.9,20.5,88,12.9,64,1013.7,1
2021-02-24,Thanh_Hoa,24.2,17.6,20.8,89,21.0,36,1010.5,1
2021-02-25,Thanh_Hoa,26.2,20.1,22.3,89,22.3,52,1006.5,1
2021-02-26,Thanh_Hoa,27.2,20.0,22.9,88,17.7,65,1006.3,1
2021-02-27,Thanh_Hoa,22.0,19.2,20.1,93,18.1,100,1010.8,1
2021-02-28,Thanh_Hoa,23.3,18.2,20.7,92,10.2,100,1011.2,1
2021-03-01,Thanh_Hoa,25.9,21.8,23.1,94,15.4,96,1012.9,1
2021-03-02,Thanh_Hoa,22.4,16.6,18.7,76,22.9,100,1018.1,1
2021-03-03,Thanh_Hoa,21.0,16.5,18.4,81,10.6,100,1017.4,1
2021-03-04,Thanh_Hoa,20.9,17.2,18.6,89,9.4,79,1015.4,1
2021-03-05,Thanh_Hoa,25.4,18.3,21.3,91,12.7,93,1011.9,1
2021-03-06,Thanh_Hoa,27.9,20.4,23.1,90,12.6,80,1012.4,0
2021-03-07,Thanh_Hoa,21.8,19.7,20.7,88,19.5,100,1016.2,1
2021-03-08,Thanh_Hoa,24.5,19.3,21.4,89,13.2,80,1015.7,1
2021-03-09,Thanh_Hoa,25.0,21.0,22.6,92,22.2,64,1015.3,1
2021-03-10,Thanh_Hoa,25.1,21.1,22.6,91,22.2,72,1015.2,1
2021-03-11,Thanh_Hoa,25.0,19.6,22.4,92,20.6,66,1016.0,1
2021-03-12,Thanh_Hoa,26.5,20.0,22.4,89,13.0,61,1016.6,1
2021-03-13,Thanh_Hoa,25.0,19.9,22.0,91,12.6,80,1016.2,1
2021-03-14,Thanh_Hoa,25.4,19.8,22.0,89,13.5,50,1013.5,1
2021-03-15,Thanh_Hoa,25.0,20.8,22.7,91,19.0,61,1010.7,1
2021-03-16,Thanh_Hoa,25.4,21.6,23.3,91,19.6,76,1010.3,1
2021-03-17,Thanh_Hoa,25.5,22.1,23.5,91,21.5,93,1010.0,1
2021-03-18,Thanh_Hoa,26.1,22.4,23.9,89,18.7,79,1009.6,1
2021-03-19,Thanh_Hoa,25.9,22.6,24.0,91,20.2,86,1008.4,1
2021-03-20,Thanh_Hoa,26.8,23.4,24.6,90,17.7,93,1007.8,1
2021-03-21,Thanh_Hoa,24.5,15.4,20.3,89,23.1,98,1014.2,1
2021-03-22,Thanh_Hoa,19.9,14.1,16.3,66,20.8,72,1022.8,1
2021-03-23,Thanh_Hoa,21.6,14.9,17.8,67,14.6,42,1019.7,0
2021-03-24,Thanh_Hoa,23.3,16.3,19.7,81,11.3,80,1015.0,1
2021-03-25,Thanh_Hoa,24.6,19.3,21.6,91,13.2,79,1012.9,1
2021-03-26,Thanh_Hoa,25.3,20.8,23.1,93,20.6,88,1010.7,1
2021-03-27,Thanh_Hoa,25.9,23.0,24.0,92,19.0,98,1008.5,1
2021-03-28,Thanh_Hoa,26.0,22.8,24.2,93,17.3,97,1007.2,1
2021-03-29,Thanh_Hoa,28.8,23.0,24.9,91,15.1,64,1003.8,0
2021-03-30,Thanh_Hoa,31.4,23.6,26.9,87,16.0,53,1001.1,0
2021-03-31,Thanh_Hoa,31.9,24.5,27.4,82,18.3,53,1000.6,0
2021-04-01,Thanh_Hoa,30.1,23.7,26.2,88,13.9,6,1002.1,0
2021-04-02,Thanh_Hoa,30.2,24.0,26.1,89,14.0,52,1005.0,0
2021-04-03,Thanh_Hoa,27.0,23.6,25.1,93,15.6,91,1008.6,1
2021-04-04,Thanh_Hoa,28.3,22.0,24.5,90,17.6,75,1011.5,1
2021-04-05,Thanh_Hoa,26.0,22.2,23.8,88,19.6,65,1014.1,1
2021-04-06,Thanh_Hoa,27.0,22.3,24.1,89,16.0,54,1014.1,1
2021-04-07,Thanh_Hoa,27.0,21.7,24.4,90,14.7,61,1012.6,1
2021-04-08,Thanh_Hoa,27.3,23.5,25.1,90,16.4,43,1010.7,1
2021-04-09,Thanh_Hoa,23.9,20.4,22.0,91,18.4,98,1013.4,1
2021-04-10,Thanh_Hoa,25.0,21.2,22.9,90,19.0,96,1014.9,1
2021-04-11,Thanh_Hoa,27.1,22.4,24.4,91,20.3,92,1014.6,1
2021-04-12,Thanh_Hoa,27.6,21.8,24.6,91,17.3,95,1013.0,1
2021-04-13,Thanh_Hoa,27.3,22.5,24.9,91,18.8,95,1011.3,1
2021-04-14,Thanh_Hoa,27.8,23.0,25.4,90,16.9,91,1009.4,1
2021-04-15,Thanh_Hoa,28.0,24.4,25.8,91,19.9,89,1008.1,1
2021-04-16,Thanh_Hoa,27.5,24.4,25.7,90,20.2,91,1009.7,1
2021-04-17,Thanh_Hoa,25.5,22.0,24.0,93,20.8,100,1012.9,1
2021-04-18,Thanh_Hoa,26.4,21.1,23.5,89,11.3,97,1011.9,1
2021-04-19,Thanh_Hoa,27.8,23.0,25.1,92,15.3,71,1007.9,1
2021-04-20,Thanh_Hoa,29.8,24.0,26.6,88,16.8,39,1006.8,1
2021-04-21,Thanh_Hoa,29.0,25.0,26.7,89,22.5,54,1007.5,1
2021-04-22,Thanh_Hoa,29.2,25.6,26.9,89,17.2,53,1007.0,1
2021-04-23,Thanh_Hoa,29.7,25.6,27.3,88,18.6,42,1004.8,1
2021-04-24,Thanh_Hoa,30.6,25.9,27.9,86,17.9,53,1004.6,1
2021-04-25,Thanh_Hoa,29.5,25.7,27.2,91,16.6,97,1007.1,1
2021-04-26,Thanh_Hoa,27.4,22.1,25.0,93,13.7,100,1009.2,1
2021-04-27,Thanh_Hoa,25.5,21.5,23.4,92,11.3,99,1012.2,1
2021-04-28,Thanh_Hoa,26.4,23.3,24.8,89,16.0,90,1013.5,1
2021-04-29,Thanh_Hoa,22.9,19.6,20.9,88,18.2,97,1014.8,1
2021-04-30,Thanh_Hoa,26.9,18.0,22.7,84,13.8,66,1011.6,0
2021-05-01,Thanh_Hoa,28.0,21.3,25.1,89,12.7,77,1010.7,1
2021-05-02,Thanh_Hoa,29.5,22.6,26.0,91,16.8,83,1009.4,1
2021-05-03,Thanh_Hoa,30.0,25.4,27.3,88,20.6,74,1007.1,1
2021-05-04,Thanh_Hoa,31.5,25.0,27.7,87,16.4,45,1006.7,0
2021-05-05,Thanh_Hoa,28.8,24.7,26.8,88,17.2,93,1010.2,1
2021-05-06,Thanh_Hoa,29.8,24.0,26.6,87,17.6,86,1012.2,1
2021-05-07,Thanh_Hoa,29.5,24.8,27.0,87,20.6,71,1011.1,1
2021-05-08,Thanh_Hoa,29.9,24.4,27.0,87,15.9,45,1008.3,0
2021-05-09,Thanh_Hoa,31.0,24.2,27.7,88,15.0,65,1006.2,0
2021-05-10,Thanh_Hoa,32.3,25.1,28.5,86,21.3,30,1004.7,1
2021-05-11,Thanh_Hoa,33.2,26.4,29.4,83,21.9,33,1003.7,0
2021-05-12,Thanh_Hoa,34.5,27.0,30.1,80,20.6,41,1003.3,0
2021-05-13,Thanh_Hoa,32.2,27.8,29.3,83,18.0,51,1003.9,1
2021-05-14,Thanh_Hoa,32.0,27.4,29.4,83,22.1,56,1003.9,1
2021-05-15,Thanh_Hoa,32.6,27.5,29.7,83,21.5,32,1004.3,0
2021-05-16,Thanh_Hoa,33.0,27.5,29.8,81,22.8,59,1004.4,0
2021-05-17,Thanh_Hoa,32.0,27.6,29.5,82,21.3,36,1005.6,0
2021-05-18,Thanh_Hoa,32.6,27.4,29.7,82,17.6,56,1005.2,0
2021-05-19,Thanh_Hoa,34.2,27.6,30.4,79,24.6,76,1003.1,0
2021-05-20,Thanh_Hoa,35.2,28.1,30.9,76,23.3,93,1003.1,0
2021-05-21,Thanh_Hoa,34.7,28.2,30.9,77,24.0,81,1002.7,0
2021-05-22,Thanh_Hoa,35.5,28.3,31.2,75,22.6,35,1001.2,1
2021-05-23,Thanh_Hoa,34.2,28.2,30.7,79,18.2,45,1002.8,1
2021-05-24,Thanh_Hoa,31.8,26.1,28.3,86,19.5,78,1007.3,1
2021-05-25,Thanh_Hoa,29.8,24.1,26.6,85,16.4,83,1007.5,1
2021-05-26,Thanh_Hoa,30.5,25.2,28.0,86,16.5,54,1006.0,1
2021-05-27,Thanh_Hoa,30.9,25.3,28.4,84,17.2,69,1006.9,1
2021-05-28,Thanh_Hoa,31.4,25.9,28.6,84,15.0,82,1007.2,1
2021-05-29,Thanh_Hoa,34.3,26.8,30.2,81,19.5,74,1004.8,1
2021-05-30,Thanh_Hoa,36.9,28.2,31.9,67,19.0,80,1002.3,0
2021-05-31,Thanh_Hoa,38.0,29.0,32.8,62,20.9,77,1000.5,0
2021-06-01,Thanh_Hoa,39.0,29.8,33.3,62,21.7,94,1000.9,0
2021-06-02,Thanh_Hoa,37.3,30.0,32.8,67,19.5,99,1001.6,0
2021-06-03,Thanh_Hoa,39.2,29.7,33.6,64,21.7,86,1001.4,0
2021-06-04,Thanh_Hoa,32.7,27.5,29.7,65,22.7,98,1005.1,1
2021-06-05,Thanh_Hoa,31.9,25.6,28.3,71,14.9,92,1005.3,1
2021-06-06,Thanh_Hoa,32.3,25.8,28.4,83,12.6,94,1003.3,1
2021-06-07,Thanh_Hoa,30.8,24.8,27.1,90,10.1,99,1004.0,1
2021-06-08,Thanh_Hoa,29.2,24.5,26.6,90,10.1,99,1004.7,1
2021-06-09,Thanh_Hoa,31.6,24.5,27.4,88,12.1,98,1003.7,1
2021-06-10,Thanh_Hoa,31.2,24.8,28.0,88,8.1,99,1002.1,1
2021-06-11,Thanh_Hoa,29.9,24.9,27.1,91,13.4,98,1002.7,1
2021-06-12,Thanh_Hoa,30.5,24.5,26.8,91,27.8,100,1001.3,1
2021-06-13,Thanh_Hoa,30.0,26.1,28.0,80,37.7,91,998.9,1
2021-06-14,Thanh_Hoa,33.3,27.4,29.8,71,21.0,51,1000.8,0
2021-06-15,Thanh_Hoa,33.4,26.9,30.0,66,19.8,57,999.8,0
2021-06-16,Thanh_Hoa,35.0,27.3,30.9,68,16.1,51,1001.3,0
2021-06-17,Thanh_Hoa,35.5,27.8,31.1,69,16.3,17,1003.1,0
2021-06-18,Thanh_Hoa,35.9,28.0,31.5,66,18.6,4,1003.3,0
2021-06-19,Thanh_Hoa,37.3,29.0,32.4,61,20.9,45,1001.3,0
2021-06-20,Thanh_Hoa,37.9,29.1,33.0,58,20.9,45,999.4,0
2021-06-21,Thanh_Hoa,37.5,29.6,32.9,62,19.6,68,999.6,0
2021-06-22,Thanh_Hoa,36.0,29.0,32.2,67,13.2,98,1002.1,0
2021-06-23,Thanh_Hoa,32.3,27.8,30.4,76,15.5,100,1003.1,1
2021-06-24,Thanh_Hoa,35.7,28.7,31.4,68,14.1,100,1001.7,1
2021-06-25,Thanh_Hoa,35.7,27.0,30.9,74,16.6,85,1001.6,1
2021-06-26,Thanh_Hoa,35.1,28.5,31.5,65,17.9,86,1002.9,1
2021-06-27,Thanh_Hoa,37.2,28.8,32.9,55,22.2,91,1002.4,0
2021-06-28,Thanh_Hoa,38.0,30.2,33.5,53,21.6,95,1000.0,0
2021-06-29,Thanh_Hoa,37.5,30.2,32.9,56,17.2,100,999.9,1
2021-06-30,Thanh_Hoa,36.6,29.6,32.7,56,19.4,100,1000.4,0
2021-07-01,Thanh_Hoa,37.0,29.6,33.0,54,19.8,99,1000.9,0
2021-07-02,Thanh_Hoa,38.5,29.8,33.4,55,18.0,99,1001.9,1
2021-07-03,Thanh_Hoa,38.8,29.8,33.2,59,20.3,93,1001.8,0
2021-07-04,Thanh_Hoa,36.5,29.0,32.2,66,18.1,90,1002.1,0
2021-07-05,Thanh_Hoa,32.3,29.0,30.7,81,16.5,65,1003.2,1
2021-07-06,Thanh_Hoa,33.2,26.2,29.8,78,13.5,53,1003.3,1
2021-07-07,Thanh_Hoa,30.6,25.5,27.6,88,14.0,99,1003.5,1
2021-07-08,Thanh_Hoa,30.6,25.5,27.9,85,31.2,83,1004.1,1
2021-07-09,Thanh_Hoa,30.0,25.2,27.7,86,16.2,51,1007.4,1
2021-07-10,Thanh_Hoa,29.8,25.4,27.8,85,13.3,34,1007.9,1
2021-07-11,Thanh_Hoa,31.3,25.8,28.5,83,14.7,38,1008.8,1
2021-07-12,Thanh_Hoa,31.3,25.2,28.6,83,18.5,14,1008.0,1
2021-07-13,Thanh_Hoa,32.2,26.4,29.3,83,20.3,18,1005.7,1
2021-07-14,Thanh_Hoa,31.5,27.4,29.5,81,18.8,41,1005.1,1
2021-07-15,Thanh_Hoa,31.5,26.8,29.2,80,18.1,43,1006.6,1
2021-07-16,Thanh_Hoa,32.1,26.0,29.2,82,15.6,35,1007.2,1
2021-07-17,Thanh_Hoa,33.2,25.5,29.6,81,15.0,59,1003.6,1
2021-07-18,Thanh_Hoa,33.8,27.1,30.0,81,11.0,98,1000.8,1
2021-07-19,Thanh_Hoa,31.5,26.2,28.6,88,9.5,98,1001.2,1
2021-07-20,Thanh_Hoa,30.6,25.4,28.2,89,9.7,100,1001.7,1
2021-07-21,Thanh_Hoa,30.7,26.6,28.4,89,9.7,100,1001.0,1
2021-07-22,Thanh_Hoa,32.0,26.4,28.9,84,9.7,100,999.3,1
2021-07-23,Thanh_Hoa,27.4,26.1,26.6,92,13.8,100,997.8,1
2021-07-24,Thanh_Hoa,30.1,25.0,27.1,90,24.1,94,997.4,1
2021-07-25,Thanh_Hoa,32.7,25.9,28.7,86,11.2,74,999.2,1
2021-07-26,Thanh_Hoa,31.9,25.8,28.7,88,8.7,65,999.0,1
2021-07-27,Thanh_Hoa,34.6,26.5,30.5,76,11.5,76,997.4,1
2021-07-28,Thanh_Hoa,35.2,27.5,30.6,76,11.5,76,997.1,1
2021-07-29,Thanh_Hoa,33.2,27.0,29.5,86,8.1,100,998.6,1
2021-07-30,Thanh_Hoa,33.7,27.3,30.2,82,15.3,97,999.4,1
2021-07-31,Thanh_Hoa,35.3,28.0,31.5,69,18.4,98,998.4,0
2021-08-01,Thanh_Hoa,30.1,27.5,29.0,83,16.1,100,998.4,1
2021-08-02,Thanh_Hoa,33.3,27.0,29.2,86,7.1,98,998.4,1
2021-08-03,Thanh_Hoa,35.1,25.5,29.8,80,12.1,87,999.3,1
2021-08-04,Thanh_Hoa,35.3,26.4,30.6,76,13.0,84,999.5,0
2021-08-05,Thanh_Hoa,36.4,27.4,31.5,69,16.9,88,998.4,1
2021-08-06,Thanh_Hoa,36.8,28.4,32.3,64,16.4,99,999.1,0
2021-08-07,Thanh_Hoa,36.9,28.7,32.6,61,16.6,97,1000.3,0
2021-08-08,Thanh_Hoa,36.8,29.5,32.8,64,15.3,96,1000.9,0
2021-08-09,Thanh_Hoa,36.2,29.3,32.1,69,11.7,100,1001.0,1
2021-08-10,Thanh_Hoa,33.0,27.8,30.0,84,10.2,100,1001.1,1
2021-08-11,Thanh_Hoa,32.8,26.4,29.4,87,16.8,98,1003.7,1
2021-08-12,Thanh_Hoa,34.8,27.6,30.5,75,14.5,98,1005.0,0
2021-08-13,Thanh_Hoa,35.8,27.4,31.1,69,14.6,90,1001.8,1
2021-08-14,Thanh_Hoa,34.6,28.1,31.3,65,16.8,100,1000.7,0
2021-08-15,Thanh_Hoa,34.0,27.7,30.3,70,17.5,93,1004.4,1
2021-08-16,Thanh_Hoa,34.7,27.0,30.6,69,16.6,95,1008.1,1
2021-08-17,Thanh_Hoa,34.8,26.8,30.8,71,13.0,45,1007.5,1
2021-08-18,Thanh_Hoa,34.7,27.1,31.0,76,13.6,55,1005.4,1
2021-08-19,Thanh_Hoa,33.2,27.6,30.1,81,11.0,68,1005.5,1
2021-08-20,Thanh_Hoa,32.4,25.5,29.3,83,13.9,47,1007.0,1
2021-08-21,Thanh_Hoa,34.1,27.9,30.6,79,15.6,66,1006.1,1
2021-08-22,Thanh_Hoa,35.0,27.9,31.4,75,21.3,65,1003.6,1
2021-08-23,Thanh_Hoa,35.8,28.0,31.6,71,17.8,77,1002.3,1
2021-08-24,Thanh_Hoa,34.8,27.6,31.0,76,17.8,96,1002.9,1
2021-08-25,Thanh_Hoa,32.8,26.5,29.7,81,17.6,78,1004.6,1
2021-08-26,Thanh_Hoa,30.5,25.8,27.7,87,17.1,78,1007.2,1
2021-08-27,Thanh_Hoa,30.0,25.4,27.5,86,14.2,89,1008.8,1
2021-08-28,Thanh_Hoa,28.9,25.1,26.7,88,10.5,95,1008.8,1
2021-08-29,Thanh_Hoa,30.8,24.1,27.2,85,14.1,55,1008.6,1
2021-08-30,Thanh_Hoa,30.0,24.7,27.4,87,10.8,87,1009.1,1
2021-08-31,Thanh_Hoa,29.8,25.0,27.6,87,9.1,87,1009.0,1
2021-09-01,Thanh_Hoa,30.6,25.2,27.9,86,9.9,48,1007.9,1
2021-09-02,Thanh_Hoa,29.4,25.2,27.3,88,10.0,89,1006.8,1
2021-09-03,Thanh_Hoa,31.0,24.7,27.8,86,13.0,78,1005.0,1
2021-09-04,Thanh_Hoa,30.4,25.1,27.7,88,11.6,62,1004.9,1
2021-09-05,Thanh_Hoa,29.4,24.6,26.9,89,10.5,79,1007.4,1
2021-09-06,Thanh_Hoa,30.0,24.7,26.9,89,11.2,89,1009.7,1
2021-09-07,Thanh_Hoa,31.2,24.5,26.7,90,16.6,88,1008.7,1
2021-09-08,Thanh_Hoa,27.3,24.3,25.4,94,23.6,98,1007.1,1
2021-09-09,Thanh_Hoa,30.2,24.0,26.4,89,12.0,75,1008.7,1
2021-09-10,Thanh_Hoa,32.5,24.3,28.1,82,13.0,58,1007.7,1
2021-09-11,Thanh_Hoa,33.5,25.6,29.2,79,12.6,92,1004.8,1
2021-09-12,Thanh_Hoa,34.3,25.8,29.7,82,8.7,91,1002.1,1
2021-09-13,Thanh_Hoa,32.4,25.6,28.0,88,14.6,95,1004.7,1
2021-09-14,Thanh_Hoa,29.3,24.8,26.6,92,15.5,100,1008.6,1
2021-09-15,Thanh_Hoa,29.7,25.5,26.9,91,12.1,93,1010.3,1
2021-09-16,Thanh_Hoa,29.5,25.4,27.2,90,11.5,90,1009.4,1
2021-09-17,Thanh_Hoa,31.2,25.5,28.0,88,14.0,62,1007.8,1
2021-09-18,Thanh_Hoa,30.9,25.5,28.1,87,14.2,23,1008.4,1
2021-09-19,Thanh_Hoa,31.5,25.0,28.1,85,13.3,65,1008.6,1
2021-09-20,Thanh_Hoa,29.7,24.9,27.1,90,9.7,84,1009.0,1
2021-09-21,Thanh_Hoa,30.2,24.1,26.8,87,9.0,74,1008.6,1
2021-09-22,Thanh_Hoa,27.5,24.4,25.8,92,9.0,81,1008.4,1
2021-09-23,Thanh_Hoa,29.5,23.9,26.6,90,11.2,76,1009.8,1
2021-09-24,Thanh_Hoa,26.5,24.1,25.2,96,17.2,97,1009.7,1
2021-09-25,Thanh_Hoa,27.2,24.7,25.7,94,13.8,93,1009.9,1
2021-09-26,Thanh_Hoa,29.6,23.5,25.8,91,14.3,88,1010.4,1
2021-09-27,Thanh_Hoa,29.0,24.0,26.1,89,12.5,81,1010.2,1
2021-09-28,Thanh_Hoa,31.5,23.4,27.1,85,11.6,36,1009.1,1
2021-09-29,Thanh_Hoa,31.6,23.9,27.5,85,11.5,4,1007.9,0
2021-09-30,Thanh_Hoa,31.5,24.5,27.9,86,14.2,15,1007.8,1
2021-10-01,Thanh_Hoa,31.1,24.6,27.8,86,12.2,54,1008.0,1
2021-10-02,Thanh_Hoa,29.7,25.1,27.3,86,11.4,55,1008.9,1
2021-10-03,Thanh_Hoa,30.6,23.6,27.0,83,13.5,25,1009.4,0
2021-10-04,Thanh_Hoa,30.9,23.7,27.0,87,15.7,39,1010.0,1
2021-10-05,Thanh_Hoa,28.5,24.7,26.2,92,18.0,92,1009.8,1
2021-10-06,Thanh_Hoa,29.2,24.0,26.2,90,10.4,91,1007.4,1
2021-10-07,Thanh_Hoa,31.8,24.4,27.8,80,18.4,90,1004.1,1
2021-10-08,Thanh_Hoa,31.1,26.8,28.4,68,24.5,93,1002.9,0
2021-10-09,Thanh_Hoa,29.0,23.2,26.0,77,19.5,100,1003.1,1
2021-10-10,Thanh_Hoa,26.6,23.2,24.6,88,18.6,100,1002.0,1
2021-10-11,Thanh_Hoa,26.1,21.6,23.9,93,22.7,100,1006.0,1
2021-10-12,Thanh_Hoa,27.4,22.1,24.0,68,26.3,75,1007.9,0
2021-10-13,Thanh_Hoa,26.5,22.0,23.8,70,30.2,95,1004.0,1
2021-10-14,Thanh_Hoa,24.7,20.8,21.9,88,28.9,99,1003.3,1
2021-10-15,Thanh_Hoa,23.0,20.5,21.5,93,19.5,100,1009.3,1
2021-10-16,Thanh_Hoa,23.2,20.0,21.5,79,27.4,100,1014.2,1
2021-10-17,Thanh_Hoa,22.6,19.5,20.7,68,26.7,100,1017.3,1
2021-10-18,Thanh_Hoa,22.4,18.0,19.8,82,22.8,100,1016.6,1
2021-10-19,Thanh_Hoa,25.0,19.7,21.7,89,14.8,98,1016.1,1
2021-10-20,Thanh_Hoa,29.5,20.2,24.8,89,15.9,75,1013.2,0
2021-10-21,Thanh_Hoa,30.4,19.8,23.8,85,20.5,92,1013.6,1
2021-10-22,Thanh_Hoa,20.4,18.5,19.5,67,18.8,100,1019.3,1
2021-10-23,Thanh_Hoa,24.1,17.5,20.0,65,17.3,72,1020.1,0
2021-10-24,Thanh_Hoa,23.4,18.0,19.9,72,18.0,52,1019.2,0
2021-10-25,Thanh_Hoa,26.0,17.5,21.6,74,12.6,52,1016.3,0
2021-10-26,Thanh_Hoa,26.8,17.7,22.1,81,13.4,38,1014.8,0
2021-10-27,Thanh_Hoa,27.0,18.9,23.3,77,17.7,77,1015.4,0
2021-10-28,Thanh_Hoa,24.5,21.5,22.7,82,18.2,100,1015.6,1
2021-10-29,Thanh_Hoa,24.1,20.9,22.3,89,15.5,98,1016.2,1
2021-10-30,Thanh_Hoa,21.7,20.2,20.8,92,17.8,100,1017.0,1
2021-10-31,Thanh_Hoa,23.5,20.1,21.6,91,13.4,100,1015.9,1
2021-11-01,Thanh_Hoa,24.1,20.5,22.2,96,12.4,100,1015.9,1
2021-11-02,Thanh_Hoa,26.4,21.8,23.4,91,16.6,98,1015.8,1
2021-11-03,Thanh_Hoa,25.9,21.7,23.5,92,14.0,74,1014.4,1
2021-11-04,Thanh_Hoa,28.4,21.4,24.5,89,12.9,69,1012.4,1
2021-11-05,Thanh_Hoa,29.1,22.7,25.3,89,19.5,52,1009.9,1
2021-11-06,Thanh_Hoa,28.9,22.6,25.5,89,15.5,44,1007.7,1
2021-11-07,Thanh_Hoa,28.7,23.4,26.0,89,13.0,24,1010.2,1
2021-11-08,Thanh_Hoa,23.6,16.6,19.0,69,30.0,98,1018.7,1
2021-11-09,Thanh_Hoa,21.8,14.8,17.9,59,15.2,28,1019.8,0
2021-11-10,Thanh_Hoa,22.1,15.4,18.2,63,16.2,33,1019.4,0
2021-11-11,Thanh_Hoa,24.0,14.9,19.3,71,11.1,64,1016.6,0
2021-11-12,Thanh_Hoa,24.2,17.7,20.9,70,15.1,99,1018.2,0
2021-11-13,Thanh_Hoa,23.0,17.0,20.1,66,15.9,79,1018.4,0
2021-11-14,Thanh_Hoa,24.4,16.0,19.9,75,11.6,58,1017.0,0
2021-11-15,Thanh_Hoa,24.4,16.9,20.7,85,11.2,97,1014.8,1
2021-11-16,Thanh_Hoa,24.6,20.1,22.0,89,13.4,94,1014.5,1
2021-11-17,Thanh_Hoa,25.5,19.8,22.0,86,17.0,92,1015.8,1
2021-11-18,Thanh_Hoa,22.5,17.6,19.6,76,14.4,77,1015.1,0
2021-11-19,Thanh_Hoa,24.7,16.1,20.5,88,13.4,59,1010.2,1
2021-11-20,Thanh_Hoa,27.4,21.0,23.8,88,20.1,66,1008.9,1
2021-11-21,Thanh_Hoa,27.6,22.1,24.6,91,15.3,43,1011.2,1
2021-11-22,Thanh_Hoa,23.6,18.1,20.3,81,22.7,100,1016.9,1
2021-11-23,Thanh_Hoa,17.9,15.8,17.0,61,18.0,96,1021.0,0
2021-11-24,Thanh_Hoa,19.5,16.1,17.5,61,16.9,97,1020.8,0
2021-11-25,Thanh_Hoa,22.6,15.5,18.5,70,13.7,69,1018.6,0
2021-11-26,Thanh_Hoa,24.4,15.4,19.2,73,16.0,40,1018.3,0
2021-11-27,Thanh_Hoa,24.9,16.0,19.8,67,15.1,43,1019.1,0
2021-11-28,Thanh_Hoa,24.6,15.1,19.3,72,12.9,62,1018.7,0
2021-11-29,Thanh_Hoa,25.8,17.4,20.8,72,12.6,80,1017.4,0
2021-11-30,Thanh_Hoa,24.0,17.5,20.4,64,20.5,41,1019.8,0
2021-12-01,Thanh_Hoa,22.1,14.6,17.8,64,15.2,58,1021.3,0
2021-12-02,Thanh_Hoa,21.8,12.8,16.5,63,14.6,66,1021.6,0
2021-12-03,Thanh_Hoa,22.6,11.6,16.1,66,10.7,37,1021.6,0
2021-12-04,Thanh_Hoa,23.4,10.6,16.5,71,13.7,12,1021.1,0
2021-12-05,Thanh_Hoa,23.5,12.5,17.3,70,15.9,19,1020.6,0
2021-12-06,Thanh_Hoa,23.8,12.2,17.1,68,17.3,3,1020.1,0
2021-12-07,Thanh_Hoa,23.1,11.3,16.9,74,13.3,0,1019.9,0
2021-12-08,Thanh_Hoa,24.0,13.1,18.8,75,11.2,63,1020.4,1
2021-12-09,Thanh_Hoa,22.0,17.4,19.3,83,17.2,100,1021.1,1
2021-12-10,Thanh_Hoa,24.5,17.4,20.3,82,11.6,59,1019.0,0
2021-12-11,Thanh_Hoa,23.6,17.3,20.2,88,12.4,65,1019.1,1
2021-12-12,Thanh_Hoa,25.1,17.1,20.5,82,17.4,62,1020.7,1
2021-12-13,Thanh_Hoa,21.8,15.6,18.1,67,15.5,55,1021.4,0
2021-12-14,Thanh_Hoa,23.0,12.4,17.7,81,11.7,35,1017.5,0
2021-12-15,Thanh_Hoa,24.9,13.8,18.8,88,12.2,49,1014.2,0
2021-12-16,Thanh_Hoa,24.9,17.1,20.5,90,10.2,72,1014.6,0
2021-12-17,Thanh_Hoa,24.5,18.9,21.2,82,18.7,77,1018.4,1
2021-12-18,Thanh_Hoa,22.8,15.1,19.0,62,16.6,54,1021.3,0
2021-12-19,Thanh_Hoa,20.1,13.4,17.1,53,18.0,71,1021.0,0
2021-12-20,Thanh_Hoa,23.5,14.1,18.8,54,14.6,82,1016.8,0
2021-12-21,Thanh_Hoa,23.0,16.5,19.1,62,14.1,72,1016.8,0
2021-12-22,Thanh_Hoa,23.8,14.3,18.6,79,12.5,47,1016.3,0
2021-12-23,Thanh_Hoa,24.9,14.1,18.6,84,13.1,36,1015.1,0
2021-12-24,Thanh_Hoa,25.2,14.8,19.3,88,12.3,60,1015.1,1
2021-12-25,Thanh_Hoa,23.5,19.2,20.7,88,22.3,73,1018.0,1
2021-12-26,Thanh_Hoa,20.6,16.9,19.2,88,22.5,100,1020.9,1
2021-12-27,Thanh_Hoa,16.1,12.0,13.2,70,17.3,100,1025.8,1
2021-12-28,Thanh_Hoa,17.4,11.8,14.5,65,11.7,100,1023.9,0
2021-12-29,Thanh_Hoa,17.7,14.8,16.0,71,14.4,100,1023.1,1
2021-12-30,Thanh_Hoa,18.3,12.9,15.5,77,13.8,100,1024.9,1
2021-12-31,Thanh_Hoa,18.9,15.2,16.8,72,13.6,98,1023.8,1
2021-01-01,Nghe_An,15.6,11.1,13.7,74,18.4,89,1023.8,1
2021-01-02,Nghe_An,17.0,9.9,13.7,75,15.4,90,1020.9,0
2021-01-03,Nghe_An,18.3,11.6,15.3,81,21.2,90,1020.0,1
2021-01-04,Nghe_An,19.8,14.0,16.3,76,11.8,67,1019.9,1
2021-01-05,Nghe_An,18.7,12.9,16.6,83,15.0,92,1019.0,1
2021-01-06,Nghe_An,18.4,15.8,17.1,88,16.3,93,1017.9,1
2021-01-07,Nghe_An,17.7,15.5,16.7,88,21.3,100,1018.0,1
2021-01-08,Nghe_An,15.4,10.2,12.5,85,21.3,100,1023.3,1
2021-01-09,Nghe_An,11.6,8.7,10.3,73,15.2,100,1023.4,1
2021-01-10,Nghe_An,12.9,9.5,11.1,68,15.0,100,1022.4,1
2021-01-11,Nghe_An,13.0,10.4,11.8,54,26.2,84,1026.9,1
2021-01-12,Nghe_An,14.9,9.1,11.9,54,20.3,41,1025.2,0
2021-01-13,Nghe_An,18.0,7.4,12.6,66,10.0,5,1018.3,0
2021-01-14,Nghe_An,19.0,10.0,14.4,82,12.2,42,1016.3,0
2021-01-15,Nghe_An,20.6,13.6,17.0,89,14.6,79,1014.2,1
2021-01-16,Nghe_An,22.1,16.5,18.7,91,15.6,71,1014.4,1
2021-01-17,Nghe_An,19.2,13.8,16.8,83,35.0,93,1021.9,1
2021-01-18,Nghe_An,15.9,10.4,13.6,64,16.2,51,1023.7,0
2021-01-19,Nghe_An,18.7,8.1,13.5,81,11.2,18,1018.1,0
2021-01-20,Nghe_An,20.6,11.2,15.8,88,11.7,48,1015.6,0
2021-01-21,Nghe_An,21.3,16.4,18.2,91,14.2,76,1014.5,1
2021-01-22,Nghe_An,20.6,14.7,18.0,90,11.3,88,1014.5,1
2021-01-23,Nghe_An,22.0,14.4,17.6,90,14.5,47,1014.0,0
2021-01-24,Nghe_An,23.5,15.1,18.8,91,13.7,53,1012.7,1
2021-01-25,Nghe_An,23.5,16.9,20.0,92,13.3,88,1013.4,1
2021-01-26,Nghe_An,23.1,18.1,20.2,91,13.6,55,1015.1,1
2021-01-27,Nghe_An,21.9,17.1,19.5,91,12.6,82,1014.9,0
2021-01-28,Nghe_An,22.0,17.0,19.7,88,26.5,82,1018.9,1
2021-01-29,Nghe_An,19.4,15.9,17.7,82,16.9,94,1019.8,1
2021-01-30,Nghe_An,20.4,17.4,18.7,92,14.6,83,1018.1,1
2021-01-31,Nghe_An,20.9,17.5,19.3,92,9.9,89,1017.8,1
2021-02-01,Nghe_An,22.7,17.4,20.0,92,13.8,55,1017.1,1
2021-02-02,Nghe_An,22.0,17.7,19.7,93,13.2,61,1017.6,1
2021-02-03,Nghe_An,21.4,17.0,19.5,93,15.3,52,1018.2,1
2021-02-04,Nghe_An,22.1,16.5,19.2,92,14.5,63,1018.8,1
2021-02-05,Nghe_An,22.0,17.1,19.3,92,12.7,66,1017.3,0
2021-02-06,Nghe_An,21.6,17.5,19.4,91,15.1,85,1016.1,0
2021-02-07,Nghe_An,22.0,16.1,19.3,92,11.4,80,1015.2,0
2021-02-08,Nghe_An,21.6,19.4,20.3,91,18.9,86,1015.6,1
2021-02-09,Nghe_An,19.2,16.5,17.8,92,18.6,98,1015.4,1
2021-02-10,Nghe_An,20.8,14.8,17.6,84,11.6,46,1015.2,0
2021-02-11,Nghe_An,21.5,13.4,17.5,87,13.5,33,1015.3,0
2021-02-12,Nghe_An,21.2,13.9,17.4,87,11.6,60,1016.4,0
2021-02-13,Nghe_An,22.0,13.9,17.6,87,13.5,58,1016.0,0
2021-02-14,Nghe_An,22.7,14.9,18.7,87,11.0,34,1015.7,1
2021-02-15,Nghe_An,24.4,16.5,20.2,87,17.8,38,1012.7,0
2021-02-16,Nghe_An,23.8,16.5,20.7,88,17.3,67,1013.5,1
2021-02-17,Nghe_An,22.5,18.1,20.4,86,22.7,43,1018.3,1
2021-02-18,Nghe_An,22.2,17.4,19.8,85,20.1,42,1021.6,1
2021-02-19,Nghe_An,22.2,18.0,19.5,82,15.1,52,1021.7,1
2021-02-20,Nghe_An,22.5,14.0,18.1,84,12.4,7,1018.8,0
2021-02-21,Nghe_An,23.8,13.9,19.1,86,16.1,47,1015.0,0
2021-02-22,Nghe_An,24.1,16.4,20.2,87,16.3,49,1013.7,0
2021-02-23,Nghe_An,24.1,16.9,20.5,88,15.9,36,1013.4,1
2021-02-24,Nghe_An,25.9,16.3,21.2,84,16.2,37,1010.2,1
2021-02-25,Nghe_An,26.7,17.9,22.1,89,15.0,43,1005.9,0
2021-02-26,Nghe_An,26.0,20.2,22.6,92,16.1,76,1005.7,0
2021-02-27,Nghe_An,22.6,21.0,21.8,94,19.8,100,1009.6,1
2021-02-28,Nghe_An,23.6,20.3,21.9,93,12.3,88,1010.6,1
2021-03-01,Nghe_An,26.5,21.5,23.3,94,13.7,78,1012.2,0
2021-03-02,Nghe_An,22.9,18.9,20.1,87,29.6,100,1017.2,1
2021-03-03,Nghe_An,20.5,18.0,19.3,86,11.5,99,1016.8,1
2021-03-04,Nghe_An,22.5,18.9,20.4,90,9.7,92,1015.0,1
2021-03-05,Nghe_An,25.0,19.4,21.8,93,11.5,81,1011.4,0
2021-03-06,Nghe_An,24.8,20.8,22.4,94,16.1,55,1012.1,0
2021-03-07,Nghe_An,22.2,20.5,21.4,93,17.1,94,1015.4,1
2021-03-08,Nghe_An,24.1,20.1,22.0,91,11.2,72,1015.2,1
2021-03-09,Nghe_An,25.7,20.4,22.8,91,19.1,46,1014.6,1
2021-03-10,Nghe_An,26.1,20.2,23.2,89,16.6,66,1014.6,1
2021-03-11,Nghe_An,25.4,20.5,22.9,92,19.5,43,1015.4,1
2021-03-12,Nghe_An,24.4,20.6,22.4,92,14.3,48,1016.2,1
2021-03-13,Nghe_An,24.3,20.7,22.5,92,15.2,69,1015.6,1
2021-03-14,Nghe_An,24.7,20.5,22.6,90,15.3,39,1013.1,1
2021-03-15,Nghe_An,26.5,19.5,23.1,89,15.2,34,1010.2,1
2021-03-16,Nghe_An,26.8,21.2,23.9,89,16.7,56,1009.6,1
2021-03-17,Nghe_An,26.7,21.6,24.1,89,15.1,72,1009.3,1
2021-03-18,Nghe_An,28.9,21.5,24.4,87,15.5,58,1009.0,0
2021-03-19,Nghe_An,28.0,21.5,24.6,89,16.6,50,1007.8,0
2021-03-20,Nghe_An,28.1,22.6,25.0,90,14.9,78,1007.0,0
2021-03-21,Nghe_An,26.1,17.4,22.3,92,34.4,98,1012.7,1
2021-03-22,Nghe_An,18.2,15.4,17.0,79,20.3,100,1022.1,1
2021-03-23,Nghe_An,20.0,16.0,18.1,74,12.2,97,1019.3,1
2021-03-24,Nghe_An,22.4,17.7,19.9,85,9.7,95,1014.7,1
2021-03-25,Nghe_An,24.9,19.8,21.9,89,13.1,83,1012.5,1
2021-03-26,Nghe_An,26.4,20.4,23.7,90,16.8,83,1010.2,1
2021-03-27,Nghe_An,27.9,22.6,24.6,91,12.7,71,1007.9,0
2021-03-28,Nghe_An,27.1,23.0,24.6,94,9.7,86,1006.6,0
2021-03-29,Nghe_An,29.9,22.8,25.8,92,13.0,55,1003.6,0
2021-03-30,Nghe_An,35.0,23.9,28.9,82,9.7,45,1001.3,0
2021-03-31,Nghe_An,33.8,25.2,28.5,84,12.1,32,1000.8,0
2021-04-01,Nghe_An,32.9,23.9,27.5,83,13.9,10,1001.6,0
2021-04-02,Nghe_An,33.0,23.8,27.1,90,12.1,44,1004.2,1
2021-04-03,Nghe_An,27.9,24.0,25.5,93,15.7,81,1007.8,1
2021-04-04,Nghe_An,27.3,23.7,25.2,91,17.6,59,1010.8,1
2021-04-05,Nghe_An,26.1,23.1,24.4,91,18.4,62,1013.3,1
2021-04-06,Nghe_An,26.9,23.1,24.6,89,16.9,47,1013.5,1
2021-04-07,Nghe_An,27.0,22.5,24.7,90,14.1,60,1012.2,1
2021-04-08,Nghe_An,28.4,22.9,25.5,88,16.6,38,1010.1,1
2021-04-09,Nghe_An,26.0,23.3,24.3,90,17.7,70,1012.2,1
2021-04-10,Nghe_An,25.9,23.0,24.3,90,15.2,59,1014.0,1
2021-04-11,Nghe_An,27.2,22.5,24.9,89,19.7,69,1014.0,1
2021-04-12,Nghe_An,27.9,22.2,25.0,88,16.2,78,1012.6,1
2021-04-13,Nghe_An,28.5,22.9,25.6,88,15.9,86,1010.8,0
2021-04-14,Nghe_An,28.6,23.8,25.8,90,14.1,90,1008.9,1
2021-04-15,Nghe_An,30.5,24.6,26.9,89,12.7,89,1007.5,1
2021-04-16,Nghe_An,29.0,24.2,26.2,90,16.4,81,1008.8,1
2021-04-17,Nghe_An,26.4,24.2,25.0,92,14.6,95,1012.0,1
2021-04-18,Nghe_An,26.2,24.0,24.7,91,15.5,89,1011.3,1
2021-04-19,Nghe_An,29.0,23.5,26.1,88,9.4,77,1007.6,1
2021-04-20,Nghe_An,30.5,23.8,27.0,87,16.5,24,1006.5,0
2021-04-21,Nghe_An,30.5,24.0,27.4,87,14.3,40,1007.0,0
2021-04-22,Nghe_An,30.5,25.0,27.3,87,13.5,47,1006.4,0
2021-04-23,Nghe_An,31.4,24.5,27.9,86,17.6,38,1004.3,0
2021-04-24,Nghe_An,32.5,25.5,28.6,83,18.5,46,1004.1,0
2021-04-25,Nghe_An,33.0,25.5,28.1,87,12.5,84,1006.3,1
2021-04-26,Nghe_An,31.5,25.0,26.9,91,19.9,99,1008.0,1
2021-04-27,Nghe_An,25.5,23.0,24.7,93,16.1,99,1011.3,1
2021-04-28,Nghe_An,26.9,24.1,25.4,89,14.2,78,1012.7,1
2021-04-29,Nghe_An,24.5,20.1,22.0,88,25.6,99,1014.1,1
2021-04-30,Nghe_An,27.2,19.7,23.3,83,13.3,66,1011.5,1
2021-05-01,Nghe_An,28.6,22.4,25.6,88,12.0,86,1010.3,0
2021-05-02,Nghe_An,30.0,23.7,26.9,90,11.8,88,1009.1,0
2021-05-03,Nghe_An,31.0,24.4,27.6,87,16.6,74,1006.7,1
2021-05-04,Nghe_An,31.5,24.4,27.9,85,15.6,49,1006.4,0
2021-05-05,Nghe_An,29.0,24.9,27.0,87,15.9,77,1009.4,1
2021-05-06,Nghe_An,28.5,24.4,26.5,90,13.3,93,1012.0,1
2021-05-07,Nghe_An,30.1,23.4,26.9,85,16.1,75,1010.8,1
2021-05-08,Nghe_An,30.9,23.6,26.9,86,13.7,31,1008.1,0
2021-05-09,Nghe_An,31.6,24.5,27.9,86,11.7,48,1005.9,0
2021-05-10,Nghe_An,33.2,25.4,29.2,85,16.8,40,1004.7,0
2021-05-11,Nghe_An,34.0,26.1,29.9,81,15.6,27,1003.8,0
2021-05-12,Nghe_An,34.8,26.5,30.6,77,9.0,33,1003.3,0
2021-05-13,Nghe_An,33.3,26.9,29.7,79,13.0,70,1003.8,0
2021-05-14,Nghe_An,33.5,26.8,30.0,80,17.4,49,1003.7,0
2021-05-15,Nghe_An,34.1,27.0,30.4,79,14.8,14,1004.2,0
2021-05-16,Nghe_An,34.0,26.9,30.4,78,16.1,39,1004.4,0
2021-05-17,Nghe_An,33.5,27.5,30.3,77,15.1,61,1005.2,0
2021-05-18,Nghe_An,34.9,26.9,30.5,76,17.7,63,1004.9,0
2021-05-19,Nghe_An,36.0,27.2,31.2,73,12.1,76,1003.3,0
2021-05-20,Nghe_An,36.6,28.3,31.8,70,18.2,94,1003.2,0
2021-05-21,Nghe_An,36.3,28.3,32.0,69,14.8,54,1002.9,0
2021-05-22,Nghe_An,37.0,28.5,32.3,66,18.7,16,1001.4,0
2021-05-23,Nghe_An,36.0,28.2,31.7,69,19.5,20,1002.3,1
2021-05-24,Nghe_An,30.9,26.5,28.7,83,18.7,54,1006.5,1
2021-05-25,Nghe_An,28.6,24.8,26.7,90,16.5,83,1006.9,1
2021-05-26,Nghe_An,30.2,25.5,27.8,88,15.3,57,1005.6,1
2021-05-27,Nghe_An,30.9,26.1,28.5,83,16.9,54,1006.4,1
2021-05-28,Nghe_An,31.9,25.5,28.9,83,10.2,70,1006.9,1
2021-05-29,Nghe_An,34.9,26.9,30.7,77,11.1,54,1005.0,0
2021-05-30,Nghe_An,37.2,27.5,32.3,65,14.3,42,1003.0,0
2021-05-31,Nghe_An,37.3,28.1,33.1,60,18.3,69,1001.1,0
2021-06-01,Nghe_An,38.2,30.1,34.1,56,13.6,69,1001.5,0
2021-06-02,Nghe_An,37.8,29.0,33.6,63,12.9,92,1001.9,0
2021-06-03,Nghe_An,38.9,29.8,34.4,58,15.9,77,1002.1,0
2021-06-04,Nghe_An,33.0,28.3,30.6,70,21.4,98,1004.6,1
2021-06-05,Nghe_An,29.8,26.0,28.0,84,17.6,94,1005.0,1
2021-06-06,Nghe_An,33.7,26.8,29.7,79,9.4,88,1002.9,1
2021-06-07,Nghe_An,31.0,26.8,28.4,86,8.7,99,1003.5,1
2021-06-08,Nghe_An,28.8,25.3,27.1,91,9.0,99,1004.3,1
2021-06-09,Nghe_An,30.5,25.6,28.0,86,6.6,98,1003.5,1
2021-06-10,Nghe_An,32.3,27.0,29.2,77,10.2,93,1001.8,1
2021-06-11,Nghe_An,30.5,25.5,28.1,87,12.7,98,1002.1,1
2021-06-12,Nghe_An,27.5,24.8,26.2,94,16.5,100,1001.2,1
2021-06-13,Nghe_An,29.8,24.7,26.9,82,16.5,99,999.2,1
2021-06-14,Nghe_An,32.6,26.1,28.8,70,17.9,58,1001.4,0
2021-06-15,Nghe_An,33.0,25.6,29.3,70,19.4,38,1000.7,0
2021-06-16,Nghe_An,34.2,27.5,30.5,69,15.7,21,1002.2,0
2021-06-17,Nghe_An,34.6,27.7,30.7,68,18.7,39,1003.9,0
2021-06-18,Nghe_An,35.3,27.5,31.0,65,17.6,13,1004.2,0
2021-06-19,Nghe_An,35.9,27.2,31.6,61,20.8,35,1002.4,0
2021-06-20,Nghe_An,36.6,29.6,32.9,55,23.7,27,1000.3,0
2021-06-21,Nghe_An,37.0,29.9,33.1,57,21.9,70,1000.2,0
2021-06-22,Nghe_An,36.2,29.4,32.1,64,17.4,99,1002.5,0
2021-06-23,Nghe_An,35.5,28.7,31.6,66,18.1,99,1003.2,0
2021-06-24,Nghe_An,35.7,27.9,31.5,66,16.3,93,1002.0,0
2021-06-25,Nghe_An,34.7,27.1,30.9,70,10.0,74,1001.9,1
2021-06-26,Nghe_An,35.0,28.0,31.3,66,17.5,82,1003.5,0
2021-06-27,Nghe_An,35.9,27.5,31.7,61,24.3,94,1003.6,0
2021-06-28,Nghe_An,35.6,29.1,32.1,57,28.6,96,1001.3,0
2021-06-29,Nghe_An,35.9,29.2,31.8,59,25.4,99,1001.0,0
2021-06-30,Nghe_An,35.8,28.1,31.7,61,25.0,100,1001.4,0
2021-07-01,Nghe_An,36.7,27.4,31.7,62,23.0,99,1001.9,0
2021-07-02,Nghe_An,37.2,27.6,32.3,59,24.2,97,1002.9,0
2021-07-03,Nghe_An,37.7,28.5,33.0,56,16.9,86,1002.4,0
2021-07-04,Nghe_An,36.4,30.0,32.5,62,22.1,82,1002.1,0
2021-07-05,Nghe_An,35.2,29.5,31.9,73,14.9,77,1002.6,1
2021-07-06,Nghe_An,32.5,26.2,29.5,80,15.7,67,1003.0,1
2021-07-07,Nghe_An,29.5,26.0,27.3,90,11.2,100,1003.3,1
2021-07-08,Nghe_An,31.5,25.4,27.9,84,16.8,78,1003.7,1
2021-07-09,Nghe_An,29.6,25.5,27.6,86,18.8,43,1006.6,1
2021-07-10,Nghe_An,30.5,25.9,28.0,84,19.3,34,1007.2,1
2021-07-11,Nghe_An,31.2,25.7,28.2,86,15.5,39,1008.5,1
2021-07-12,Nghe_An,31.5,25.6,28.5,84,15.6,42,1007.9,1
2021-07-13,Nghe_An,32.6,26.2,29.2,82,14.6,17,1005.6,1
2021-07-14,Nghe_An,31.9,26.5,29.1,82,16.5,43,1004.8,1
2021-07-15,Nghe_An,31.5,26.5,28.9,83,14.8,30,1006.2,1
2021-07-16,Nghe_An,31.6,25.8,29.0,82,12.3,20,1007.0,1
2021-07-17,Nghe_An,34.0,25.8,29.8,77,11.5,37,1003.5,0
2021-07-18,Nghe_An,34.3,27.2,30.6,76,11.0,95,1000.6,1
2021-07-19,Nghe_An,32.1,26.8,29.6,80,9.7,94,1001.0,1
2021-07-20,Nghe_An,34.1,27.4,30.4,68,17.6,97,1001.4,0
2021-07-21,Nghe_An,33.7,27.9,30.4,67,17.1,99,1000.8,1
2021-07-22,Nghe_An,32.8,26.9,29.8,69,23.0,100,999.7,1
2021-07-23,Nghe_An,30.5,26.2,28.9,75,20.6,100,998.0,1
2021-07-24,Nghe_An,27.1,25.4,26.2,92,20.8,100,997.2,1
2021-07-25,Nghe_An,31.6,25.6,28.6,86,14.0,93,999.0,1
2021-07-26,Nghe_An,33.3,26.7,29.8,72,18.7,83,999.0,1
2021-07-27,Nghe_An,34.2,28.5,30.8,66,21.4,66,997.9,0
2021-07-28,Nghe_An,34.9,28.1,31.3,65,22.1,81,997.4,0
2021-07-29,Nghe_An,34.5,28.4,31.1,66,19.5,99,998.6,0
2021-07-30,Nghe_An,34.9,28.8,31.2,67,20.6,97,999.8,0
2021-07-31,Nghe_An,35.0,29.1,31.2,64,23.1,95,999.2,1
2021-08-01,Nghe_An,32.5,29.4,30.8,66,21.6,100,998.4,0
2021-08-02,Nghe_An,33.7,29.2,30.9,64,21.1,98,998.6,1
2021-08-03,Nghe_An,35.2,28.4,31.5,62,20.5,89,999.5,1
2021-08-04,Nghe_An,35.2,28.4,31.4,61,23.0,75,1000.1,1
2021-08-05,Nghe_An,36.4,29.1,32.1,59,23.7,84,999.2,1
2021-08-06,Nghe_An,37.2,29.8,32.9,56,26.4,92,999.9,0
2021-08-07,Nghe_An,37.5,30.3,33.5,54,25.6,94,1001.0,0
2021-08-08,Nghe_An,38.0,31.0,34.0,53,19.2,97,1001.3,1
2021-08-09,Nghe_An,37.7,29.6,33.4,58,16.2,99,1001.2,1
2021-08-10,Nghe_An,35.7,29.4,32.5,68,8.2,99,1001.0,1
2021-08-11,Nghe_An,34.8,29.1,31.7,71,9.7,98,1003.6,1
2021-08-12,Nghe_An,36.6,28.1,32.2,62,18.4,93,1005.3,0
2021-08-13,Nghe_An,36.4,27.7,32.0,60,24.8,79,1002.5,0
2021-08-14,Nghe_An,35.6,28.4,31.8,57,22.8,98,1001.3,0
2021-08-15,Nghe_An,35.3,28.9,31.5,64,11.9,90,1004.5,1
2021-08-16,Nghe_An,36.2,28.0,31.8,59,15.4,78,1008.3,0
2021-08-17,Nghe_An,36.5,29.0,32.3,58,14.2,43,1007.5,0
2021-08-18,Nghe_An,37.1,28.6,32.2,60,18.3,49,1005.2,0
2021-08-19,Nghe_An,35.5,28.5,31.6,67,12.7,72,1005.2,1
2021-08-20,Nghe_An,34.3,27.9,31.1,72,14.3,30,1006.5,1
2021-08-21,Nghe_An,36.1,27.6,31.6,67,16.3,48,1005.8,1
2021-08-22,Nghe_An,37.3,28.0,32.5,62,15.9,67,1003.7,1
2021-08-23,Nghe_An,37.8,29.5,32.9,60,16.5,48,1002.3,0
2021-08-24,Nghe_An,35.3,28.9,31.8,65,20.8,83,1002.7,1
2021-08-25,Nghe_An,33.0,27.0,30.2,75,14.7,62,1004.2,1
2021-08-26,Nghe_An,31.2,25.7,28.7,80,18.1,62,1006.3,1
2021-08-27,Nghe_An,29.9,25.4,27.3,85,16.1,82,1008.2,1
2021-08-28,Nghe_An,28.4,25.0,26.5,88,13.1,96,1008.3,1
2021-08-29,Nghe_An,29.6,25.0,27.2,84,15.9,60,1008.3,1
2021-08-30,Nghe_An,30.0,24.9,27.5,84,11.5,94,1008.8,1
2021-08-31,Nghe_An,30.1,25.8,27.6,84,11.9,90,1008.8,1
2021-09-01,Nghe_An,31.0,25.5,28.2,84,11.7,67,1007.6,1
2021-09-02,Nghe_An,30.0,25.5,27.8,85,14.5,90,1006.6,1
2021-09-03,Nghe_An,31.5,25.0,28.2,82,10.5,87,1004.7,1
2021-09-04,Nghe_An,32.4,26.1,29.0,79,11.4,79,1004.5,1
2021-09-05,Nghe_An,30.5,25.0,27.2,86,10.8,86,1006.8,1
2021-09-06,Nghe_An,28.7,24.2,26.4,89,13.7,84,1009.3,1
2021-09-07,Nghe_An,29.4,24.0,26.3,90,14.7,96,1008.4,1
2021-09-08,Nghe_An,28.1,24.5,26.0,90,26.0,99,1005.7,1
2021-09-09,Nghe_An,28.1,23.4,25.6,92,14.0,82,1008.1,1
2021-09-10,Nghe_An,30.2,24.5,27.2,87,16.4,70,1007.5,1
2021-09-11,Nghe_An,30.6,25.9,28.3,83,11.1,99,1004.8,1
2021-09-12,Nghe_An,33.0,26.4,29.2,82,11.2,92,1002.0,0
2021-09-13,Nghe_An,30.3,26.2,27.7,88,13.9,87,1004.3,1
2021-09-14,Nghe_An,29.1,25.6,27.0,90,15.2,98,1007.7,1
2021-09-15,Nghe_An,29.8,25.3,27.5,87,12.6,96,1009.5,1
2021-09-16,Nghe_An,29.5,25.5,27.4,88,5.9,94,1008.9,1
2021-09-17,Nghe_An,30.6,25.5,28.1,87,8.0,77,1007.6,1
2021-09-18,Nghe_An,31.5,25.5,28.4,85,12.4,10,1008.1,1
2021-09-19,Nghe_An,31.2,24.4,28.1,83,13.7,29,1008.3,1
2021-09-20,Nghe_An,28.5,24.9,26.6,90,14.6,85,1008.7,1
2021-09-21,Nghe_An,28.2,23.7,25.9,91,8.9,82,1008.4,1
2021-09-22,Nghe_An,28.6,24.6,26.2,89,11.6,82,1008.0,1
2021-09-23,Nghe_An,28.6,24.3,26.7,88,12.8,90,1009.3,1
2021-09-24,Nghe_An,27.2,25.5,26.0,93,27.2,100,1008.1,1
2021-09-25,Nghe_An,27.5,25.1,25.9,92,18.6,97,1008.7,1
2021-09-26,Nghe_An,28.4,23.8,25.8,92,14.3,76,1009.7,1
2021-09-27,Nghe_An,28.4,25.0,26.3,90,11.2,73,1009.7,1
2021-09-28,Nghe_An,30.5,24.2,27.0,86,12.9,15,1009.0,1
2021-09-29,Nghe_An,31.4,23.9,27.6,86,13.4,20,1007.7,1
2021-09-30,Nghe_An,31.5,24.4,27.8,84,12.8,10,1007.7,0
2021-10-01,Nghe_An,31.4,24.9,28.0,84,13.0,26,1007.7,0
2021-10-02,Nghe_An,30.8,25.5,27.8,85,13.9,58,1008.5,1
2021-10-03,Nghe_An,30.8,24.3,27.4,83,14.8,33,1009.1,0
2021-10-04,Nghe_An,29.6,24.5,27.2,86,15.3,28,1009.4,1
2021-10-05,Nghe_An,27.5,25.4,26.2,92,18.1,89,1009.0,1
2021-10-06,Nghe_An,28.1,25.1,26.3,90,16.5,95,1006.7,1
2021-10-07,Nghe_An,30.0,23.9,26.9,84,14.1,96,1003.8,1
2021-10-08,Nghe_An,31.0,25.8,28.0,72,22.8,94,1002.5,0
2021-10-09,Nghe_An,31.4,25.5,27.5,74,20.2,100,1002.9,1
2021-10-10,Nghe_An,29.1,24.3,25.9,89,10.3,100,1002.4,1
2021-10-11,Nghe_An,27.1,23.5,25.2,91,19.8,100,1005.1,1
2021-10-12,Nghe_An,26.9,21.9,24.3,75,21.4,88,1007.4,1
2021-10-13,Nghe_An,27.5,22.3,23.9,76,25.2,100,1003.8,1
2021-10-14,Nghe_An,24.9,22.0,23.3,85,20.4,100,1003.4,1
2021-10-15,Nghe_An,24.5,21.8,23.0,90,18.7,100,1008.2,1
2021-10-16,Nghe_An,23.5,20.8,22.0,87,32.8,100,1012.2,1
2021-10-17,Nghe_An,21.9,18.8,20.6,80,34.2,100,1015.8,1
2021-10-18,Nghe_An,20.8,18.9,19.8,90,21.7,100,1015.7,1
2021-10-19,Nghe_An,25.5,19.4,22.6,85,13.4,98,1015.8,1
2021-10-20,Nghe_An,29.4,21.1,25.2,87,14.4,65,1013.0,0
2021-10-21,Nghe_An,30.4,22.0,25.3,88,23.7,81,1012.4,1
2021-10-22,Nghe_An,21.4,18.3,19.9,80,19.1,100,1018.4,1
2021-10-23,Nghe_An,22.4,18.5,20.2,71,19.1,96,1019.6,1
2021-10-24,Nghe_An,23.4,19.4,20.7,75,15.9,78,1018.6,1
2021-10-25,Nghe_An,24.5,18.1,21.1,78,17.8,55,1016.0,1
2021-10-26,Nghe_An,26.0,18.6,22.3,79,14.7,75,1014.3,0
2021-10-27,Nghe_An,25.0,20.0,22.5,85,19.4,100,1014.9,1
2021-10-28,Nghe_An,23.7,21.6,22.8,94,26.8,100,1014.3,1
2021-10-29,Nghe_An,24.9,21.0,23.0,89,14.1,100,1015.6,1
2021-10-30,Nghe_An,24.3,20.8,22.7,91,20.9,100,1015.9,1
2021-10-31,Nghe_An,25.0,20.5,22.4,92,15.5,98,1015.2,1
2021-11-01,Nghe_An,26.5,21.6,23.9,91,15.8,76,1015.0,1
2021-11-02,Nghe_An,26.9,23.1,24.5,91,12.4,72,1014.9,1
2021-11-03,Nghe_An,26.8,23.1,24.6,90,13.0,71,1013.9,1
2021-11-04,Nghe_An,27.9,22.0,24.7,90,11.4,52,1012.1,1
2021-11-05,Nghe_An,28.9,21.6,25.2,88,14.5,32,1009.8,0
2021-11-06,Nghe_An,29.6,22.5,25.8,88,13.4,40,1007.3,0
2021-11-07,Nghe_An,28.8,23.4,25.9,88,15.1,15,1009.6,1
2021-11-08,Nghe_An,23.9,19.0,20.9,78,35.7,94,1017.3,1
2021-11-09,Nghe_An,21.0,17.8,19.1,67,16.4,83,1019.1,0
2021-11-10,Nghe_An,21.6,17.1,19.1,68,13.4,94,1018.8,1
2021-11-11,Nghe_An,23.0,16.3,19.8,76,13.2,92,1016.2,0
2021-11-12,Nghe_An,23.2,19.3,21.3,75,18.8,100,1017.3,1
2021-11-13,Nghe_An,22.8,18.0,20.9,75,17.7,80,1017.8,1
2021-11-14,Nghe_An,22.8,17.0,20.1,81,15.5,83,1016.6,1
2021-11-15,Nghe_An,24.0,18.7,21.3,86,11.9,97,1014.3,1
2021-11-16,Nghe_An,24.1,20.8,22.2,92,12.7,86,1013.8,1
2021-11-17,Nghe_An,24.3,21.5,22.9,91,23.4,98,1014.7,1
2021-11-18,Nghe_An,22.4,18.6,20.4,84,19.3,91,1014.6,1
2021-11-19,Nghe_An,25.3,16.8,21.2,88,12.7,50,1009.9,1
2021-11-20,Nghe_An,27.8,20.1,23.7,89,14.5,60,1008.6,1
2021-11-21,Nghe_An,28.0,20.5,24.2,90,14.3,29,1010.7,1
2021-11-22,Nghe_An,23.5,18.7,21.4,93,27.1,87,1015.6,1
2021-11-23,Nghe_An,18.6,16.9,17.9,75,17.3,100,1020.1,1
2021-11-24,Nghe_An,19.0,15.6,17.6,72,14.8,89,1020.1,1
2021-11-25,Nghe_An,20.5,14.9,17.9,76,11.3,74,1018.4,0
2021-11-26,Nghe_An,22.4,15.7,18.9,80,18.9,83,1017.9,0
2021-11-27,Nghe_An,23.4,16.1,19.6,76,17.3,63,1018.6,0
2021-11-28,Nghe_An,23.0,16.8,19.8,76,17.1,65,1018.2,1
2021-11-29,Nghe_An,24.2,18.8,21.0,75,16.4,97,1017.0,1
2021-11-30,Nghe_An,22.9,16.9,19.9,79,22.7,47,1019.2,1
2021-12-01,Nghe_An,21.0,16.1,18.7,76,20.9,46,1020.6,1
2021-12-02,Nghe_An,21.1,14.1,17.6,76,21.4,82,1020.9,1
2021-12-03,Nghe_An,21.3,13.1,17.1,73,16.5,53,1021.2,0
2021-12-04,Nghe_An,21.9,11.6,17.0,75,17.4,20,1020.6,0
2021-12-05,Nghe_An,21.5,13.4,17.6,74,18.5,35,1020.2,0
2021-12-06,Nghe_An,21.8,13.6,17.5,73,17.8,47,1019.6,0
2021-12-07,Nghe_An,22.3,12.9,17.5,78,15.6,20,1019.4,0
2021-12-08,Nghe_An,22.8,14.4,18.8,80,15.9,63,1019.8,1
2021-12-09,Nghe_An,20.3,17.8,19.2,91,18.6,100,1020.0,1
2021-12-10,Nghe_An,23.0,18.6,20.4,87,15.9,65,1018.6,1
2021-12-11,Nghe_An,23.4,17.0,20.0,90,14.2,43,1018.5,0
2021-12-12,Nghe_An,22.5,17.9,20.2,90,18.9,87,1019.9,1
2021-12-13,Nghe_An,20.0,17.6,19.0,78,23.2,96,1020.7,1
2021-12-14,Nghe_An,20.8,16.2,18.8,81,11.6,99,1017.2,0
2021-12-15,Nghe_An,24.2,17.0,20.0,85,12.9,63,1014.0,0
2021-12-16,Nghe_An,23.0,17.6,20.8,92,11.3,92,1014.0,1
2021-12-17,Nghe_An,23.0,18.2,21.3,87,24.5,67,1017.6,1
2021-12-18,Nghe_An,21.0,18.6,19.8,75,27.2,86,1020.3,1
2021-12-19,Nghe_An,19.1,16.8,18.3,66,22.0,91,1020.2,1
2021-12-20,Nghe_An,21.0,14.9,18.1,66,14.6,81,1016.6,0
2021-12-21,Nghe_An,21.2,17.3,18.6,75,10.5,76,1016.5,0
2021-12-22,Nghe_An,22.9,15.1,18.5,83,13.9,42,1016.0,0
2021-12-23,Nghe_An,23.0,16.1,18.8,87,13.2,45,1014.8,0
2021-12-24,Nghe_An,23.8,15.4,19.4,89,12.6,68,1014.8,1
2021-12-25,Nghe_An,23.0,19.9,21.3,90,21.0,99,1017.0,1
2021-12-26,Nghe_An,22.7,19.7,20.7,91,24.2,98,1019.3,1
2021-12-27,Nghe_An,19.1,14.4,15.9,86,26.1,100,1024.4,1
2021-12-28,Nghe_An,16.8,12.6,15.0,78,13.4,100,1023.3,1
2021-12-29,Nghe_An,18.2,15.7,16.9,80,15.1,100,1022.3,1
2021-12-30,Nghe_An,17.1,14.9,16.2,85,13.5,100,1024.2,1
2021-12-31,Nghe_An,17.5,15.1,16.5,92,18.8,100,1023.0,1
2021-01-01,Ha_Tinh,16.4,13.3,14.7,76,18.1,100,1024.0,1
2021-01-02,Ha_Tinh,17.5,12.4,14.7,72,17.9,89,1021.1,0
2021-01-03,Ha_Tinh,18.1,13.1,16.0,81,22.1,95,1020.1,1
2021-01-04,Ha_Tinh,19.2,14.6,16.5,79,17.4,66,1020.2,1
2021-01-05,Ha_Tinh,19.0,14.4,17.4,80,17.3,95,1019.2,1
2021-01-06,Ha_Tinh,18.8,17.2,18.0,87,19.0,98,1018.1,1
2021-01-07,Ha_Tinh,18.5,16.5,17.3,87,23.6,100,1018.2,1
2021-01-08,Ha_Tinh,16.4,11.6,14.1,83,27.7,100,1023.2,1
2021-01-09,Ha_Tinh,12.3,8.9,10.6,84,21.3,100,1023.5,1
2021-01-10,Ha_Tinh,13.3,8.6,11.1,74,23.5,100,1022.5,1
2021-01-11,Ha_Tinh,13.4,9.4,11.9,63,29.2,89,1027.0,1
2021-01-12,Ha_Tinh,15.2,8.8,12.4,56,20.4,50,1025.5,0
2021-01-13,Ha_Tinh,18.0,8.6,12.9,64,11.5,6,1018.8,0
2021-01-14,Ha_Tinh,19.2,11.1,15.2,81,11.2,51,1016.7,0
2021-01-15,Ha_Tinh,21.0,13.8,17.1,89,14.2,75,1014.6,0
2021-01-16,Ha_Tinh,22.0,15.9,18.8,90,13.2,72,1014.7,1
2021-01-17,Ha_Tinh,20.2,14.3,17.8,81,32.9,90,1022.0,1
2021-01-18,Ha_Tinh,16.1,11.1,14.1,68,19.2,52,1024.0,1
2021-01-19,Ha_Tinh,18.7,9.9,14.1,76,10.7,20,1018.5,0
2021-01-20,Ha_Tinh,20.5,12.4,16.3,87,11.3,43,1015.9,0
2021-01-21,Ha_Tinh,21.7,15.4,18.2,90,14.2,68,1014.9,0
2021-01-22,Ha_Tinh,20.6,15.1,18.5,89,12.9,83,1014.9,1
2021-01-23,Ha_Tinh,20.9,14.4,17.2,91,12.5,43,1014.6,0
2021-01-24,Ha_Tinh,23.2,15.1,19.3,88,16.1,41,1013.1,0
2021-01-25,Ha_Tinh,22.8,17.9,20.3,91,15.5,72,1013.8,1
2021-01-26,Ha_Tinh,23.0,18.8,20.4,91,13.5,58,1015.5,1
2021-01-27,Ha_Tinh,22.0,17.2,19.7,90,12.2,89,1015.4,0
2021-01-28,Ha_Tinh,22.2,18.4,20.2,87,26.8,75,1019.2,1
2021-01-29,Ha_Tinh,20.0,16.3,18.2,87,18.4,92,1020.0,1
2021-01-30,Ha_Tinh,21.0,17.1,18.9,91,15.1,83,1018.5,1
2021-01-31,Ha_Tinh,21.5,18.5,19.9,90,10.0,89,1018.2,1
2021-02-01,Ha_Tinh,22.6,18.0,20.2,92,15.3,52,1017.5,1
2021-02-02,Ha_Tinh,21.9,17.5,19.8,93,12.7,62,1018.1,1
2021-02-03,Ha_Tinh,21.8,17.6,19.8,93,16.6,67,1018.6,1
2021-02-04,Ha_Tinh,21.9,16.8,19.4,91,13.8,41,1019.1,1
2021-02-05,Ha_Tinh,22.0,17.0,19.5,92,15.4,57,1017.7,1
2021-02-06,Ha_Tinh,21.4,17.7,19.4,91,15.9,68,1016.5,1
2021-02-07,Ha_Tinh,21.5,16.9,19.6,92,12.6,81,1015.6,0
2021-02-08,Ha_Tinh,21.5,20.0,20.6,92,16.8,88,1015.9,1
2021-02-09,Ha_Tinh,19.8,16.9,18.3,91,24.4,100,1015.6,1
2021-02-10,Ha_Tinh,20.8,15.4,17.7,82,14.9,44,1015.7,1
2021-02-11,Ha_Tinh,21.0,12.4,17.3,85,12.9,17,1015.9,1
2021-02-12,Ha_Tinh,21.4,13.8,17.5,85,11.8,41,1016.8,1
2021-02-13,Ha_Tinh,21.6,13.3,17.3,86,13.6,23,1016.4,0
2021-02-14,Ha_Tinh,22.3,14.6,18.6,87,11.4,30,1016.2,0
2021-02-15,Ha_Tinh,24.0,16.0,20.1,86,21.4,35,1013.1,0
2021-02-16,Ha_Tinh,23.5,15.6,20.4,89,18.7,54,1013.9,1
2021-02-17,Ha_Tinh,22.7,17.5,20.5,87,22.8,35,1018.7,1
2021-02-18,Ha_Tinh,22.5,17.5,20.1,84,19.7,47,1021.9,1
2021-02-19,Ha_Tinh,22.0,17.1,19.6,82,18.3,60,1022.0,1
2021-02-20,Ha_Tinh,22.0,14.9,18.2,83,12.5,22,1019.2,0
2021-02-21,Ha_Tinh,22.8,14.6,18.9,86,20.3,35,1015.5,0
2021-02-22,Ha_Tinh,23.5,14.9,19.8,87,18.8,20,1014.1,0
2021-02-23,Ha_Tinh,23.5,16.5,20.0,87,14.1,35,1013.9,0
2021-02-24,Ha_Tinh,25.9,16.5,21.1,84,18.9,45,1010.6,1
2021-02-25,Ha_Tinh,26.7,18.0,22.7,87,16.1,39,1006.3,0
2021-02-26,Ha_Tinh,26.1,19.4,22.2,92,17.9,51,1006.0,1
2021-02-27,Ha_Tinh,23.4,20.9,22.3,94,20.6,97,1009.8,1
2021-02-28,Ha_Tinh,24.5,20.5,22.5,92,15.5,85,1010.9,1
2021-03-01,Ha_Tinh,26.4,21.9,23.5,93,14.8,72,1012.5,0
2021-03-02,Ha_Tinh,23.0,19.5,20.5,87,25.0,100,1017.4,1
2021-03-03,Ha_Tinh,20.7,19.0,19.8,87,16.7,100,1017.1,1
2021-03-04,Ha_Tinh,22.8,19.1,20.5,90,11.3,81,1015.3,1
2021-03-05,Ha_Tinh,24.6,19.6,22.2,93,10.8,64,1011.8,0
2021-03-06,Ha_Tinh,24.5,20.9,22.7,94,15.6,63,1012.5,0
2021-03-07,Ha_Tinh,22.6,21.2,21.9,92,16.2,99,1015.7,1
2021-03-08,Ha_Tinh,24.1,20.4,22.1,91,11.6,72,1015.7,1
2021-03-09,Ha_Tinh,25.5,21.2,23.2,91,24.2,50,1015.1,1
2021-03-10,Ha_Tinh,26.5,20.5,23.5,89,23.8,68,1015.0,1
2021-03-11,Ha_Tinh,25.2,21.0,23.0,92,20.9,43,1015.8,1
2021-03-12,Ha_Tinh,24.1,20.9,22.5,93,15.8,79,1016.6,1
2021-03-13,Ha_Tinh,24.1,21.2,22.6,92,15.5,65,1016.1,1
2021-03-14,Ha_Tinh,24.4,20.0,22.3,91,14.3,43,1013.5,1
2021-03-15,Ha_Tinh,27.2,19.6,23.5,87,22.3,32,1010.5,0
2021-03-16,Ha_Tinh,27.2,21.0,24.1,89,20.9,35,1010.0,1
2021-03-17,Ha_Tinh,27.4,21.1,24.2,88,20.9,69,1009.7,1
2021-03-18,Ha_Tinh,28.5,20.5,24.3,87,17.2,65,1009.4,0
2021-03-19,Ha_Tinh,28.2,21.7,24.8,88,21.3,50,1008.2,0
2021-03-20,Ha_Tinh,28.4,22.4,25.1,89,17.0,68,1007.3,0
2021-03-21,Ha_Tinh,26.3,19.5,23.0,92,34.7,98,1012.9,1
2021-03-22,Ha_Tinh,18.9,17.1,17.9,81,23.0,100,1022.1,1
2021-03-23,Ha_Tinh,19.8,15.1,18.0,78,19.6,100,1019.6,1
2021-03-24,Ha_Tinh,22.7,17.9,20.2,85,12.9,94,1015.0,1
2021-03-25,Ha_Tinh,24.9,20.1,22.2,90,12.3,76,1012.8,1
2021-03-26,Ha_Tinh,27.2,20.5,24.0,90,21.8,75,1010.6,0
2021-03-27,Ha_Tinh,27.2,23.1,25.0,90,17.1,80,1008.2,0
2021-03-28,Ha_Tinh,27.0,23.0,24.7,93,12.6,82,1007.0,0
2021-03-29,Ha_Tinh,28.4,23.0,25.7,93,12.0,53,1004.1,0
2021-03-30,Ha_Tinh,34.5,24.2,29.2,77,11.8,41,1001.8,0
2021-03-31,Ha_Tinh,33.8,25.0,28.7,75,17.1,34,1001.3,0
2021-04-01,Ha_Tinh,31.5,24.1,27.5,82,13.4,11,1002.1,0
2021-04-02,Ha_Tinh,34.0,24.3,28.1,86,14.1,46,1004.5,1
2021-04-03,Ha_Tinh,28.3,24.5,26.0,91,18.4,82,1008.1,1
2021-04-04,Ha_Tinh,26.9,24.0,25.2,91,17.4,62,1011.3,1
2021-04-05,Ha_Tinh,26.1,23.1,24.5,92,17.6,64,1013.7,1
2021-04-06,Ha_Tinh,26.6,23.2,24.6,90,18.8,55,1013.9,1
2021-04-07,Ha_Tinh,26.9,22.9,24.8,90,15.5,65,1012.6,1
2021-04-08,Ha_Tinh,28.2,23.0,25.5,89,18.1,40,1010.5,1
2021-04-09,Ha_Tinh,25.9,23.6,24.6,90,14.8,52,1012.4,1
2021-04-10,Ha_Tinh,26.3,23.1,24.5,90,11.8,57,1014.3,1
2021-04-11,Ha_Tinh,27.0,23.0,24.8,89,20.0,71,1014.4,1
2021-04-12,Ha_Tinh,27.5,22.6,25.1,88,18.0,70,1013.1,1
2021-04-13,Ha_Tinh,28.0,22.3,25.3,89,18.8,77,1011.2,0
2021-04-14,Ha_Tinh,28.1,23.6,26.1,89,15.9,88,1009.2,0
2021-04-15,Ha_Tinh,29.7,24.5,27.1,89,16.3,91,1007.9,0
2021-04-16,Ha_Tinh,29.0,24.4,26.5,88,17.2,81,1009.2,1
2021-04-17,Ha_Tinh,27.2,24.5,25.5,92,13.1,96,1012.4,1
2021-04-18,Ha_Tinh,27.2,24.1,25.4,89,13.4,53,1011.6,1
2021-04-19,Ha_Tinh,29.0,23.3,26.3,87,12.6,69,1008.0,1
2021-04-20,Ha_Tinh,29.6,23.8,27.1,85,18.4,30,1007.0,0
2021-04-21,Ha_Tinh,30.7,24.1,27.8,85,16.1,43,1007.5,0
2021-04-22,Ha_Tinh,30.5,25.0,27.6,86,16.0,56,1006.8,0
2021-04-23,Ha_Tinh,32.1,24.8,28.5,82,17.9,24,1004.8,0
2021-04-24,Ha_Tinh,33.0,26.0,29.3,78,20.9,63,1004.5,0
2021-04-25,Ha_Tinh,31.4,26.2,28.5,82,13.5,80,1006.7,1
2021-04-26,Ha_Tinh,31.1,25.2,27.4,90,20.9,99,1008.3,1
2021-04-27,Ha_Tinh,25.8,23.9,24.9,94,10.5,94,1011.7,1
2021-04-28,Ha_Tinh,27.5,24.0,25.6,91,12.8,72,1013.1,1
2021-04-29,Ha_Tinh,24.6,20.5,22.6,88,28.1,94,1014.2,1
2021-04-30,Ha_Tinh,26.0,19.9,23.1,84,14.2,72,1012.0,1
2021-05-01,Ha_Tinh,27.9,22.4,25.6,88,10.8,82,1010.8,0
2021-05-02,Ha_Tinh,29.6,23.9,26.9,90,11.1,88,1009.6,1
2021-05-03,Ha_Tinh,30.6,24.6,27.8,86,16.6,81,1007.2,1
2021-05-04,Ha_Tinh,30.5,25.5,28.1,82,14.8,55,1006.9,0
2021-05-05,Ha_Tinh,29.2,24.9,27.0,88,16.4,82,1009.7,1
2021-05-06,Ha_Tinh,28.5,24.6,26.5,90,13.3,86,1012.4,1
2021-05-07,Ha_Tinh,29.8,24.1,26.8,85,20.7,70,1011.2,1
2021-05-08,Ha_Tinh,30.4,22.8,26.7,85,15.9,36,1008.5,0
2021-05-09,Ha_Tinh,30.8,23.6,27.6,88,13.0,55,1006.3,1
2021-05-10,Ha_Tinh,32.5,25.2,29.1,82,17.4,23,1005.2,1
2021-05-11,Ha_Tinh,34.2,26.5,30.1,76,14.4,29,1004.3,0
2021-05-12,Ha_Tinh,34.4,27.1,30.7,73,13.0,39,1003.9,0
2021-05-13,Ha_Tinh,33.5,28.0,29.8,76,15.9,77,1004.3,0
2021-05-14,Ha_Tinh,33.8,26.4,30.2,76,17.1,48,1004.2,1
2021-05-15,Ha_Tinh,34.8,27.5,31.1,72,12.5,12,1004.7,0
2021-05-16,Ha_Tinh,34.2,26.6,30.3,75,18.0,39,1004.9,0
2021-05-17,Ha_Tinh,33.5,27.3,30.3,76,21.5,51,1005.7,1
2021-05-18,Ha_Tinh,33.8,27.2,30.2,76,16.9,57,1005.4,0
2021-05-19,Ha_Tinh,33.8,28.2,31.2,70,18.8,82,1003.8,0
2021-05-20,Ha_Tinh,34.4,29.7,31.9,66,20.1,94,1003.8,0
2021-05-21,Ha_Tinh,35.0,28.5,32.0,66,17.6,46,1003.4,0
2021-05-22,Ha_Tinh,35.5,29.4,32.4,63,20.6,21,1001.9,1
2021-05-23,Ha_Tinh,34.3,29.1,31.9,65,20.7,18,1002.8,0
2021-05-24,Ha_Tinh,31.1,27.0,29.0,78,17.4,51,1006.8,1
2021-05-25,Ha_Tinh,29.8,25.3,27.2,87,12.8,86,1007.2,1
2021-05-26,Ha_Tinh,29.6,25.7,27.8,87,13.7,62,1006.0,0
2021-05-27,Ha_Tinh,30.7,25.6,28.1,85,20.2,53,1006.8,1
2021-05-28,Ha_Tinh,32.0,25.2,29.0,82,13.8,67,1007.3,1
2021-05-29,Ha_Tinh,34.5,27.0,31.3,68,20.0,50,1005.5,0
2021-05-30,Ha_Tinh,37.0,28.1,32.6,60,20.9,43,1003.4,0
2021-05-31,Ha_Tinh,36.1,28.0,32.8,59,18.0,60,1001.6,0
2021-06-01,Ha_Tinh,37.2,29.6,33.5,59,16.9,71,1001.9,0
2021-06-02,Ha_Tinh,36.5,28.9,33.7,59,19.2,85,1002.4,0
2021-06-03,Ha_Tinh,37.5,29.2,34.3,57,20.7,76,1002.6,0
2021-06-04,Ha_Tinh,34.1,27.6,30.4,74,22.3,97,1004.9,1
2021-06-05,Ha_Tinh,30.1,25.9,27.7,88,20.4,98,1005.4,1
2021-06-06,Ha_Tinh,32.5,26.9,29.3,85,12.1,88,1003.3,1
2021-06-07,Ha_Tinh,30.8,26.1,28.5,84,8.9,99,1003.9,1
2021-06-08,Ha_Tinh,30.0,25.5,27.7,89,7.4,98,1004.7,1
2021-06-09,Ha_Tinh,31.1,26.1,28.2,84,10.9,99,1003.9,1
2021-06-10,Ha_Tinh,31.5,25.5,28.9,78,10.2,96,1002.3,1
2021-06-11,Ha_Tinh,31.0,25.6,28.2,85,12.8,98,1002.5,1
2021-06-12,Ha_Tinh,27.0,24.8,26.0,92,17.4,100,1001.5,1
2021-06-13,Ha_Tinh,29.9,25.4,27.5,77,22.3,100,999.9,1
2021-06-14,Ha_Tinh,33.0,27.1,29.4,66,25.3,67,1002.0,0
2021-06-15,Ha_Tinh,32.5,25.8,29.4,71,15.8,36,1001.2,0
2021-06-16,Ha_Tinh,34.2,26.5,30.6,69,18.0,20,1002.6,0
2021-06-17,Ha_Tinh,34.0,26.7,30.7,71,15.0,38,1004.4,0
2021-06-18,Ha_Tinh,34.2,27.2,30.7,72,11.4,10,1004.7,0
2021-06-19,Ha_Tinh,35.2,27.0,31.2,67,14.2,35,1003.0,0
2021-06-20,Ha_Tinh,35.2,27.7,31.5,68,12.1,34,1000.8,0
2021-06-21,Ha_Tinh,35.0,27.9,31.8,67,19.7,69,1000.7,0
2021-06-22,Ha_Tinh,34.5,28.4,31.8,67,15.5,97,1003.0,0
2021-06-23,Ha_Tinh,34.0,29.1,31.5,66,17.6,99,1003.7,1
2021-06-24,Ha_Tinh,34.5,27.5,31.3,67,18.0,97,1002.5,0
2021-06-25,Ha_Tinh,33.8,28.2,31.0,68,17.7,71,1002.4,1
2021-06-26,Ha_Tinh,35.0,29.1,31.7,62,20.7,85,1004.0,0
2021-06-27,Ha_Tinh,36.3,28.9,32.2,60,18.4,85,1004.1,0
2021-06-28,Ha_Tinh,36.5,28.4,32.3,60,10.1,97,1001.6,0
2021-06-29,Ha_Tinh,35.9,29.5,32.0,59,21.6,98,1001.4,0
2021-06-30,Ha_Tinh,35.8,29.5,32.2,60,23.5,98,1001.8,1
2021-07-01,Ha_Tinh,36.2,29.5,32.3,58,23.1,98,1002.4,0
2021-07-02,Ha_Tinh,36.7,29.4,32.7,57,21.4,96,1003.4,0
2021-07-03,Ha_Tinh,35.6,29.1,32.6,61,16.8,86,1002.9,0
2021-07-04,Ha_Tinh,34.5,27.8,31.7,66,19.8,74,1002.7,0
2021-07-05,Ha_Tinh,35.0,28.0,31.4,71,15.9,75,1003.0,0
2021-07-06,Ha_Tinh,31.5,27.4,29.5,80,14.2,69,1003.4,1
2021-07-07,Ha_Tinh,28.4,25.3,26.9,91,13.4,100,1003.7,1
2021-07-08,Ha_Tinh,32.0,25.7,28.1,83,20.9,74,1004.3,1
2021-07-09,Ha_Tinh,29.8,25.0,27.8,85,19.9,33,1006.9,1
2021-07-10,Ha_Tinh,30.5,26.1,28.2,84,21.4,28,1007.6,1
2021-07-11,Ha_Tinh,30.8,25.9,28.2,86,15.1,47,1008.9,1
2021-07-12,Ha_Tinh,31.0,25.3,28.5,85,16.9,36,1008.4,1
2021-07-13,Ha_Tinh,32.0,25.8,28.9,82,15.6,15,1006.1,1
2021-07-14,Ha_Tinh,31.5,26.0,28.9,81,16.0,32,1005.3,0
2021-07-15,Ha_Tinh,31.6,26.1,28.9,83,16.8,35,1006.7,1
2021-07-16,Ha_Tinh,31.5,26.0,29.1,81,13.7,13,1007.4,1
2021-07-17,Ha_Tinh,33.2,25.2,29.6,76,14.4,36,1004.0,0
2021-07-18,Ha_Tinh,33.6,26.7,30.5,72,14.5,90,1001.0,0
2021-07-19,Ha_Tinh,32.5,27.0,29.9,74,12.2,88,1001.5,1
2021-07-20,Ha_Tinh,34.0,27.9,30.2,69,12.4,94,1001.9,1
2021-07-21,Ha_Tinh,33.4,27.8,30.3,69,14.0,98,1001.3,1
2021-07-22,Ha_Tinh,33.1,27.2,29.9,73,10.2,100,1000.2,1
2021-07-23,Ha_Tinh,31.9,26.3,29.4,75,13.4,100,998.5,1
2021-07-24,Ha_Tinh,28.0,25.6,26.5,91,20.4,100,997.6,1
2021-07-25,Ha_Tinh,31.1,25.8,28.3,86,16.9,94,999.4,1
2021-07-26,Ha_Tinh,32.0,25.4,28.9,80,9.0,94,999.5,1
2021-07-27,Ha_Tinh,34.5,27.0,30.3,75,8.2,67,998.4,1
2021-07-28,Ha_Tinh,34.3,27.4,30.8,74,10.6,88,997.9,1
2021-07-29,Ha_Tinh,33.9,27.2,30.6,76,7.7,99,999.1,1
2021-07-30,Ha_Tinh,34.2,28.3,31.0,73,13.5,98,1000.2,1
2021-07-31,Ha_Tinh,35.3,28.8,31.4,69,10.8,92,999.6,0
2021-08-01,Ha_Tinh,32.2,29.0,30.6,70,14.4,100,998.8,0
2021-08-02,Ha_Tinh,33.0,28.2,30.7,73,6.4,98,999.0,1
2021-08-03,Ha_Tinh,35.3,27.5,31.2,69,10.4,90,999.9,1
2021-08-04,Ha_Tinh,35.8,28.5,31.3,66,7.6,86,1000.5,1
2021-08-05,Ha_Tinh,36.8,28.0,31.9,65,10.5,87,999.6,1
2021-08-06,Ha_Tinh,37.5,28.0,32.6,60,7.3,82,1000.3,0
2021-08-07,Ha_Tinh,36.8,28.5,33.1,61,9.7,97,1001.3,1
2021-08-08,Ha_Tinh,37.6,29.4,33.5,58,12.1,97,1001.8,0
2021-08-09,Ha_Tinh,36.7,30.2,33.4,58,14.6,97,1001.7,1
2021-08-10,Ha_Tinh,36.3,30.4,32.7,63,14.9,98,1001.4,1
2021-08-11,Ha_Tinh,36.8,30.0,32.7,59,16.9,98,1004.1,1
2021-08-12,Ha_Tinh,36.9,29.3,32.5,59,17.6,84,1005.8,1
2021-08-13,Ha_Tinh,36.5,28.3,32.5,58,17.4,83,1003.0,0
2021-08-14,Ha_Tinh,35.2,28.6,31.7,57,25.3,95,1001.8,0
2021-08-15,Ha_Tinh,36.0,29.6,31.8,59,19.2,95,1005.0,1
2021-08-16,Ha_Tinh,34.5,27.8,31.1,64,15.5,85,1008.8,1
2021-08-17,Ha_Tinh,34.2,28.0,31.4,63,14.8,32,1008.1,0
2021-08-18,Ha_Tinh,35.1,26.9,31.6,64,19.1,45,1005.7,0
2021-08-19,Ha_Tinh,34.8,28.0,31.3,67,15.2,66,1005.7,1
2021-08-20,Ha_Tinh,34.3,27.5,31.1,68,15.8,35,1007.0,0
2021-08-21,Ha_Tinh,35.0,28.1,31.7,65,17.3,45,1006.4,0
2021-08-22,Ha_Tinh,35.5,28.1,32.4,61,17.6,69,1004.3,0
2021-08-23,Ha_Tinh,36.1,28.9,32.6,59,18.1,40,1002.8,0
2021-08-24,Ha_Tinh,35.3,28.4,32.0,62,23.2,81,1003.2,0
2021-08-25,Ha_Tinh,34.8,27.6,31.1,66,18.0,59,1004.6,1
2021-08-26,Ha_Tinh,31.8,26.2,29.1,77,20.7,59,1006.6,1
2021-08-27,Ha_Tinh,29.7,25.5,27.5,84,18.4,81,1008.5,1
2021-08-28,Ha_Tinh,28.5,25.2,26.8,87,13.1,98,1008.6,1
2021-08-29,Ha_Tinh,29.4,25.2,27.3,84,15.8,65,1008.7,1
2021-08-30,Ha_Tinh,29.8,25.0,27.4,84,12.5,95,1009.3,1
2021-08-31,Ha_Tinh,29.7,25.6,27.6,83,10.4,94,1009.2,1
2021-09-01,Ha_Tinh,31.0,25.0,28.1,81,13.0,60,1008.1,1
2021-09-02,Ha_Tinh,30.6,25.9,28.0,84,13.0,85,1007.0,1
2021-09-03,Ha_Tinh,31.3,24.9,28.3,80,11.8,92,1005.2,1
2021-09-04,Ha_Tinh,32.7,26.0,29.3,73,12.9,77,1005.0,1
2021-09-05,Ha_Tinh,31.2,25.8,28.2,81,8.9,79,1007.1,1
2021-09-06,Ha_Tinh,29.8,25.0,27.0,87,14.8,75,1009.6,1
2021-09-07,Ha_Tinh,29.0,24.8,26.3,90,13.9,99,1008.8,1
2021-09-08,Ha_Tinh,28.6,24.5,26.3,89,24.7,98,1006.0,1
2021-09-09,Ha_Tinh,28.2,23.9,26.2,90,17.2,74,1008.3,1
2021-09-10,Ha_Tinh,30.2,25.2,27.5,86,16.5,75,1007.9,1
2021-09-11,Ha_Tinh,30.5,26.5,28.4,80,15.1,99,1005.1,1
2021-09-12,Ha_Tinh,32.9,25.4,29.0,82,13.5,90,1002.5,1
2021-09-13,Ha_Tinh,29.2,26.5,27.8,85,12.9,87,1004.7,1
2021-09-14,Ha_Tinh,29.0,25.8,27.2,90,17.7,98,1007.9,1
2021-09-15,Ha_Tinh,30.1,25.3,27.6,88,16.9,98,1009.8,1
2021-09-16,Ha_Tinh,30.1,25.5,27.4,89,8.6,97,1009.4,1
2021-09-17,Ha_Tinh,30.6,25.6,28.0,89,8.7,70,1008.0,1
2021-09-18,Ha_Tinh,31.0,24.8,28.2,84,12.6,6,1008.5,0
2021-09-19,Ha_Tinh,30.9,24.7,28.1,82,15.5,27,1008.8,1
2021-09-20,Ha_Tinh,28.5,25.8,26.8,89,14.8,89,1009.0,1
2021-09-21,Ha_Tinh,28.2,25.0,26.4,90,12.2,80,1008.7,1
2021-09-22,Ha_Tinh,28.5,24.8,26.4,89,9.1,83,1008.4,1
2021-09-23,Ha_Tinh,28.8,24.3,26.8,89,13.4,88,1009.6,1
2021-09-24,Ha_Tinh,27.1,25.6,26.3,92,28.2,100,1008.1,1
2021-09-25,Ha_Tinh,27.8,25.0,26.0,91,19.4,97,1008.9,1
2021-09-26,Ha_Tinh,28.9,24.1,26.0,91,13.8,76,1010.0,1
2021-09-27,Ha_Tinh,28.3,24.5,26.3,89,11.2,64,1010.1,1
2021-09-28,Ha_Tinh,30.1,24.2,27.0,86,13.6,21,1009.5,1
2021-09-29,Ha_Tinh,30.6,24.4,27.5,85,13.3,14,1008.2,1
2021-09-30,Ha_Tinh,31.1,24.6,27.8,83,15.1,1,1008.1,0
2021-10-01,Ha_Tinh,31.0,24.3,27.9,84,14.8,15,1008.1,0
2021-10-02,Ha_Tinh,30.6,25.3,27.9,83,14.4,54,1009.0,1
2021-10-03,Ha_Tinh,30.2,24.1,27.3,83,15.9,30,1009.5,1
2021-10-04,Ha_Tinh,29.6,24.5,27.3,84,16.0,25,1009.7,1
2021-10-05,Ha_Tinh,27.9,25.4,26.4,91,17.5,91,1009.2,1
2021-10-06,Ha_Tinh,28.5,25.4,26.8,89,19.4,94,1006.8,1
2021-10-07,Ha_Tinh,29.3,24.7,26.9,84,20.0,98,1004.1,1
2021-10-08,Ha_Tinh,30.6,26.6,28.3,70,27.4,99,1002.7,0
2021-10-09,Ha_Tinh,30.9,25.6,27.8,72,23.5,100,1003.3,1
2021-10-10,Ha_Tinh,27.3,24.0,25.6,89,12.1,100,1003.0,1
2021-10-11,Ha_Tinh,27.1,22.7,25.2,91,27.2,100,1005.4,1
2021-10-12,Ha_Tinh,26.7,22.1,24.6,75,30.5,99,1007.5,1
2021-10-13,Ha_Tinh,26.5,22.6,24.0,75,26.9,100,1004.0,1
2021-10-14,Ha_Tinh,25.8,22.4,23.9,80,26.1,100,1003.8,1
2021-10-15,Ha_Tinh,25.2,22.1,23.4,91,22.5,100,1008.3,1
2021-10-16,Ha_Tinh,24.9,21.9,23.3,90,34.2,100,1012.0,1
2021-10-17,Ha_Tinh,22.6,20.0,21.5,87,36.0,100,1015.5,1
2021-10-18,Ha_Tinh,22.7,19.0,20.5,88,32.9,100,1015.5,1
2021-10-19,Ha_Tinh,25.5,20.1,22.7,84,19.1,99,1016.1,1
2021-10-20,Ha_Tinh,28.5,22.0,25.5,86,13.5,69,1013.5,0
2021-10-21,Ha_Tinh,29.6,23.2,25.9,89,28.7,79,1012.6,1
2021-10-22,Ha_Tinh,22.0,18.6,20.4,84,25.4,100,1018.3,1
2021-10-23,Ha_Tinh,22.2,18.4,20.5,73,22.2,100,1019.7,1
2021-10-24,Ha_Tinh,22.4,18.9,20.7,80,21.5,86,1018.8,1
2021-10-25,Ha_Tinh,24.5,19.4,22.0,74,19.9,87,1016.2,1
2021-10-26,Ha_Tinh,26.0,20.3,23.3,74,15.8,93,1014.7,1
2021-10-27,Ha_Tinh,24.7,21.3,22.8,87,22.7,100,1015.1,1
2021-10-28,Ha_Tinh,24.8,22.0,23.8,94,25.0,100,1014.3,1
2021-10-29,Ha_Tinh,25.0,21.5,23.5,88,20.1,100,1015.8,1
2021-10-30,Ha_Tinh,24.5,21.5,23.2,91,24.0,99,1016.0,1
2021-10-31,Ha_Tinh,25.9,21.0,23.1,89,20.1,92,1015.4,1
2021-11-01,Ha_Tinh,27.9,22.2,24.4,90,14.5,69,1015.3,1
2021-11-02,Ha_Tinh,27.0,23.3,24.7,91,12.4,64,1015.3,1
2021-11-03,Ha_Tinh,27.5,22.8,24.9,89,13.4,67,1014.1,1
2021-11-04,Ha_Tinh,27.4,22.0,24.6,90,11.9,52,1012.6,1
2021-11-05,Ha_Tinh,28.2,22.2,25.4,88,17.2,14,1010.3,1
2021-11-06,Ha_Tinh,29.1,22.3,25.9,87,15.2,42,1007.8,0
2021-11-07,Ha_Tinh,28.4,23.2,25.8,88,16.2,17,1010.1,1
2021-11-08,Ha_Tinh,24.7,19.5,21.9,79,39.3,92,1017.2,1
2021-11-09,Ha_Tinh,21.4,17.1,19.4,70,18.4,100,1019.3,1
2021-11-10,Ha_Tinh,21.5,17.4,19.5,71,19.8,91,1019.0,1
2021-11-11,Ha_Tinh,23.1,16.9,20.3,70,16.1,97,1016.5,1
2021-11-12,Ha_Tinh,22.4,20.0,21.3,81,18.5,100,1017.5,1
2021-11-13,Ha_Tinh,23.0,18.4,21.7,74,18.4,90,1017.9,1
2021-11-14,Ha_Tinh,23.1,18.2,20.8,78,17.3,92,1016.8,0
2021-11-15,Ha_Tinh,24.5,20.0,21.9,81,15.2,100,1014.5,1
2021-11-16,Ha_Tinh,25.0,20.9,22.7,90,16.0,93,1014.0,1
2021-11-17,Ha_Tinh,24.9,21.6,23.3,91,25.4,95,1015.0,1
2021-11-18,Ha_Tinh,22.9,19.5,21.1,85,24.1,96,1014.8,1
2021-11-19,Ha_Tinh,25.0,17.5,21.7,87,11.2,34,1010.3,1
2021-11-20,Ha_Tinh,27.5,20.4,23.9,89,20.4,54,1009.0,0
2021-11-21,Ha_Tinh,27.7,20.6,24.2,90,13.2,29,1011.1,1
2021-11-22,Ha_Tinh,24.2,20.2,22.2,91,28.0,97,1015.7,1
2021-11-23,Ha_Tinh,20.5,17.5,18.7,86,22.0,100,1020.1,1
2021-11-24,Ha_Tinh,19.1,15.9,17.7,82,18.5,97,1020.3,1
2021-11-25,Ha_Tinh,20.4,16.0,18.5,73,18.4,91,1018.6,1
2021-11-26,Ha_Tinh,21.8,16.9,19.2,80,19.2,86,1018.2,1
2021-11-27,Ha_Tinh,23.2,17.5,20.1,74,18.8,80,1018.9,1
2021-11-28,Ha_Tinh,23.1,18.0,20.3,79,21.0,75,1018.4,1
2021-11-29,Ha_Tinh,24.2,19.2,21.2,75,20.2,98,1017.2,1
2021-11-30,Ha_Tinh,23.1,18.1,20.6,77,26.1,48,1019.5,1
2021-12-01,Ha_Tinh,21.8,16.7,19.6,70,24.5,43,1020.9,1
2021-12-02,Ha_Tinh,22.6,14.7,18.7,70,21.3,87,1021.1,1
2021-12-03,Ha_Tinh,21.0,14.6,17.6,72,19.5,64,1021.5,0
2021-12-04,Ha_Tinh,21.8,14.4,18.3,69,18.8,35,1020.8,0
2021-12-05,Ha_Tinh,21.8,14.6,18.0,76,21.7,35,1020.5,1
2021-12-06,Ha_Tinh,21.7,14.8,18.0,70,20.6,50,1019.9,1
2021-12-07,Ha_Tinh,22.1,15.1,18.3,75,18.4,39,1019.7,0
2021-12-08,Ha_Tinh,22.8,15.8,19.3,79,17.3,73,1020.1,1
2021-12-09,Ha_Tinh,20.8,17.7,19.5,93,21.9,100,1020.2,1
2021-12-10,Ha_Tinh,23.5,19.0,21.0,87,16.8,79,1018.8,1
2021-12-11,Ha_Tinh,23.1,17.8,20.2,89,17.5,50,1018.8,1
2021-12-12,Ha_Tinh,22.2,19.0,20.9,88,20.8,89,1020.2,1
2021-12-13,Ha_Tinh,22.2,19.0,19.9,79,26.3,95,1020.8,1
2021-12-14,Ha_Tinh,21.0,17.4,19.3,81,15.3,96,1017.5,1
2021-12-15,Ha_Tinh,23.2,17.7,19.9,87,11.8,72,1014.5,0
2021-12-16,Ha_Tinh,24.0,17.8,21.3,91,13.8,91,1014.4,1
2021-12-17,Ha_Tinh,23.0,18.5,21.6,87,24.1,78,1017.9,1
2021-12-18,Ha_Tinh,21.2,18.0,20.0,77,29.8,94,1020.5,1
2021-12-19,Ha_Tinh,19.9,17.4,19.0,66,24.5,93,1020.4,1
2021-12-20,Ha_Tinh,21.0,16.1,18.6,63,18.3,91,1017.0,0
2021-12-21,Ha_Tinh,20.9,16.5,18.8,76,12.3,82,1017.0,1
2021-12-22,Ha_Tinh,22.4,16.0,19.1,80,13.1,52,1016.4,0
2021-12-23,Ha_Tinh,22.7,16.6,19.2,86,13.5,37,1015.2,0
2021-12-24,Ha_Tinh,23.0,15.6,19.4,90,12.0,81,1015.2,1
2021-12-25,Ha_Tinh,23.6,18.9,21.6,89,21.1,90,1017.3,1
2021-12-26,Ha_Tinh,22.0,20.2,21.1,90,27.3,100,1019.6,1
2021-12-27,Ha_Tinh,20.0,15.1,17.3,86,27.4,100,1024.3,1
2021-12-28,Ha_Tinh,17.0,12.6,15.3,82,21.4,100,1023.4,1
2021-12-29,Ha_Tinh,19.0,15.5,17.3,82,21.3,100,1022.4,1
2021-12-30,Ha_Tinh,17.5,15.3,16.8,88,20.4,100,1024.3,1
2021-12-31,Ha_Tinh,18.6,16.0,17.6,92,20.0,100,1023.0,1
2021-01-01,Cao_Bang,16.1,5.5,10.5,53,7.4,32,998.8,0
2021-01-02,Cao_Bang,17.9,4.1,10.7,60,9.1,3,994.8,0
2021-01-03,Cao_Bang,19.6,6.5,12.3,61,8.4,26,995.4,0
2021-01-04,Cao_Bang,20.5,7.8,13.3,63,8.0,41,994.3,0
2021-01-05,Cao_Bang,21.1,9.4,15.2,63,7.4,67,994.4,0
2021-01-06,Cao_Bang,17.3,11.1,14.1,60,9.3,85,993.5,1
2021-01-07,Cao_Bang,13.5,8.2,11.1,70,10.3,100,995.6,1
2021-01-08,Cao_Bang,11.9,5.9,8.2,55,9.9,90,1000.2,1
2021-01-09,Cao_Bang,13.0,5.5,8.4,49,6.7,66,998.3,0
2021-01-10,Cao_Bang,13.8,6.1,9.4,50,6.2,76,997.5,1
2021-01-11,Cao_Bang,12.2,7.9,9.6,39,16.6,73,1002.9,0
2021-01-12,Cao_Bang,16.7,3.9,10.7,48,7.6,44,998.9,0
2021-01-13,Cao_Bang,19.6,6.8,12.2,48,7.5,3,991.5,0
2021-01-14,Cao_Bang,21.3,7.7,13.1,63,10.8,12,990.1,0
2021-01-15,Cao_Bang,23.7,8.3,14.7,73,11.1,27,988.0,0
2021-01-16,Cao_Bang,19.9,10.7,15.7,80,5.6,76,989.9,0
2021-01-17,Cao_Bang,15.4,9.1,12.5,63,13.4,92,1000.2,1
2021-01-18,Cao_Bang,19.0,5.2,11.8,55,8.2,4,997.3,0
2021-01-19,Cao_Bang,21.5,6.5,13.4,60,11.5,0,991.0,0
2021-01-20,Cao_Bang,18.4,7.6,13.2,80,10.1,52,989.7,0
2021-01-21,Cao_Bang,21.3,12.0,16.0,81,5.1,86,989.1,1
2021-01-22,Cao_Bang,19.1,11.4,15.4,81,6.5,68,989.5,0
2021-01-23,Cao_Bang,23.5,10.4,16.1,78,7.6,55,988.0,0
2021-01-24,Cao_Bang,25.9,12.6,18.4,77,17.2,44,986.3,0
2021-01-25,Cao_Bang,22.7,16.9,19.3,85,10.8,94,988.6,1
2021-01-26,Cao_Bang,18.3,15.2,17.3,84,8.7,98,990.5,1
2021-01-27,Cao_Bang,21.6,15.4,18.1,78,10.4,100,989.6,1
2021-01-28,Cao_Bang,18.4,12.8,15.5,69,13.4,97,996.3,1
2021-01-29,Cao_Bang,20.5,12.8,15.9,64,9.4,77,994.3,0
2021-01-30,Cao_Bang,18.8,11.7,15.3,85,9.7,90,993.0,1
2021-01-31,Cao_Bang,20.6,14.9,17.2,88,10.0,95,992.4,1
2021-02-01,Cao_Bang,24.4,16.4,19.2,81,10.7,76,991.4,1
2021-02-02,Cao_Bang,23.1,16.1,19.1,83,11.2,74,992.1,1
2021-02-03,Cao_Bang,25.1,14.4,18.9,77,12.6,38,992.6,0
2021-02-04,Cao_Bang,23.3,14.6,18.4,80,12.7,70,992.9,1
2021-02-05,Cao_Bang,23.9,12.0,18.1,79,9.7,64,991.5,0
2021-02-06,Cao_Bang,26.2,13.3,19.4,72,10.6,22,989.9,0
2021-02-07,Cao_Bang,26.5,13.3,19.8,72,8.1,48,989.2,0
2021-02-08,Cao_Bang,18.8,14.5,17.0,93,8.8,92,992.0,1
2021-02-09,Cao_Bang,14.8,13.8,14.4,96,8.6,100,991.6,1
2021-02-10,Cao_Bang,21.3,10.3,15.4,78,9.0,31,989.5,1
2021-02-11,Cao_Bang,20.3,10.3,15.4,78,7.4,49,990.0,0
2021-02-12,Cao_Bang,21.1,13.5,17.1,74,6.1,63,990.7,0
2021-02-13,Cao_Bang,20.9,11.5,16.6,80,6.2,67,990.3,0
2021-02-14,Cao_Bang,23.1,14.5,18.5,78,9.4,51,989.6,0
2021-02-15,Cao_Bang,24.9,13.0,18.7,80,11.9,49,986.8,0
2021-02-16,Cao_Bang,23.8,15.8,19.0,80,10.9,86,989.3,1
2021-02-17,Cao_Bang,22.6,15.4,18.4,64,6.9,96,994.5,1
2021-02-18,Cao_Bang,21.0,15.0,17.9,67,7.9,100,997.2,0
2021-02-19,Cao_Bang,22.8,14.2,18.4,66,5.1,70,996.3,0
2021-02-20,Cao_Bang,22.9,13.4,18.1,74,7.8,52,992.5,0
2021-02-21,Cao_Bang,26.6,12.3,19.3,71,10.3,21,988.3,0
2021-02-22,Cao_Bang,27.2,15.0,20.0,77,12.0,28,988.0,0
2021-02-23,Cao_Bang,26.4,16.1,20.8,78,9.1,53,987.5,0
2021-02-24,Cao_Bang,23.9,16.8,20.5,79,16.6,74,984.0,0
2021-02-25,Cao_Bang,26.5,18.6,21.2,84,11.1,74,981.0,1
2021-02-26,Cao_Bang,27.8,16.4,20.7,80,20.6,73,982.5,1
2021-02-27,Cao_Bang,17.6,14.3,15.9,80,7.0,100,987.1,1
2021-02-28,Cao_Bang,20.7,13.6,16.5,92,10.0,98,986.3,1
2021-03-01,Cao_Bang,26.2,17.0,19.8,84,8.4,94,989.1,1
2021-03-02,Cao_Bang,21.5,14.5,17.7,57,8.7,95,993.4,0
2021-03-03,Cao_Bang,18.0,14.3,16.3,77,6.9,100,992.6,1
2021-03-04,Cao_Bang,18.5,13.6,15.5,88,9.2,100,990.0,1
2021-03-05,Cao_Bang,26.1,14.6,19.4,83,14.8,62,986.0,1
2021-03-06,Cao_Bang,27.7,17.9,21.7,78,10.1,64,988.3,1
2021-03-07,Cao_Bang,23.6,16.7,20.2,68,10.1,86,991.5,0
2021-03-08,Cao_Bang,25.1,17.9,20.9,82,13.0,89,990.0,1
2021-03-09,Cao_Bang,25.8,19.4,21.4,89,15.6,84,989.7,1
2021-03-10,Cao_Bang,24.9,19.5,21.7,88,15.7,78,989.3,1
2021-03-11,Cao_Bang,25.1,19.0,21.3,88,9.8,88,990.9,1
2021-03-12,Cao_Bang,25.6,18.7,21.4,85,11.3,87,991.4,1
2021-03-13,Cao_Bang,25.6,19.0,21.8,83,10.8,89,990.8,1
2021-03-14,Cao_Bang,26.3,18.6,22.1,80,14.1,70,987.3,1
2021-03-15,Cao_Bang,26.0,20.0,22.4,81,14.0,96,984.7,1
2021-03-16,Cao_Bang,27.0,20.5,23.2,81,13.4,97,984.5,1
2021-03-17,Cao_Bang,27.7,20.4,23.5,82,14.8,87,984.1,1
2021-03-18,Cao_Bang,28.1,21.3,24.1,80,15.5,95,983.7,1
2021-03-19,Cao_Bang,28.5,21.9,24.6,81,14.9,94,982.5,1
2021-03-20,Cao_Bang,28.2,22.2,24.7,82,11.2,87,982.9,1
2021-03-21,Cao_Bang,21.4,15.2,17.5,63,16.8,95,992.3,1
2021-03-22,Cao_Bang,20.1,12.9,15.7,54,11.5,67,998.0,0
2021-03-23,Cao_Bang,22.1,11.3,16.4,64,8.2,21,993.7,0
2021-03-24,Cao_Bang,25.5,11.8,18.7,70,12.2,55,989.0,0
2021-03-25,Cao_Bang,23.1,17.5,19.9,86,10.9,99,987.4,1
2021-03-26,Cao_Bang,26.5,19.3,22.3,87,14.8,95,984.9,1
2021-03-27,Cao_Bang,26.6,21.1,23.5,87,11.6,96,983.1,1
2021-03-28,Cao_Bang,29.2,21.4,24.4,85,17.0,77,981.9,1
2021-03-29,Cao_Bang,32.2,22.8,26.2,78,12.6,50,977.7,1
2021-03-30,Cao_Bang,31.3,22.8,26.0,82,11.0,84,975.7,0
2021-03-31,Cao_Bang,34.2,19.9,26.5,79,14.7,30,975.2,0
2021-04-01,Cao_Bang,33.4,21.5,26.6,79,11.9,14,977.1,0
2021-04-02,Cao_Bang,32.0,23.0,26.8,81,13.4,59,980.3,1
2021-04-03,Cao_Bang,29.2,23.6,25.5,86,10.9,79,984.1,1
2021-04-04,Cao_Bang,24.4,18.9,21.9,87,11.3,100,987.8,1
2021-04-05,Cao_Bang,21.8,17.7,19.7,89,7.2,100,990.4,1
2021-04-06,Cao_Bang,23.1,18.5,20.6,85,7.7,100,990.1,1
2021-04-07,Cao_Bang,26.5,20.2,22.4,88,11.5,75,987.1,1
2021-04-08,Cao_Bang,24.4,18.9,21.5,83,10.6,90,987.2,1
2021-04-09,Cao_Bang,20.5,16.4,18.2,82,8.7,100,990.1,1
2021-04-10,Cao_Bang,20.9,16.4,18.4,89,5.8,100,990.7,1
2021-04-11,Cao_Bang,26.4,18.1,21.6,90,11.5,97,989.3,1
2021-04-12,Cao_Bang,27.9,21.2,24.0,84,12.6,98,987.3,1
2021-04-13,Cao_Bang,27.8,21.8,24.4,84,11.6,91,985.9,1
2021-04-14,Cao_Bang,27.1,21.7,24.2,86,9.2,93,984.4,1
2021-04-15,Cao_Bang,25.4,21.9,23.4,95,10.0,94,983.5,1
2021-04-16,Cao_Bang,25.8,20.9,23.0,89,11.9,89,985.7,1
2021-04-17,Cao_Bang,22.0,19.3,20.7,96,4.0,100,989.9,1
2021-04-18,Cao_Bang,21.3,18.7,19.8,96,5.4,100,987.7,1
2021-04-19,Cao_Bang,26.5,19.2,22.0,90,10.4,85,983.2,1
2021-04-20,Cao_Bang,29.0,21.9,24.9,89,12.1,66,981.8,1
2021-04-21,Cao_Bang,29.7,22.9,25.6,87,13.4,57,982.5,1
2021-04-22,Cao_Bang,30.7,23.7,26.6,81,11.5,56,982.0,1
2021-04-23,Cao_Bang,30.6,24.0,26.6,82,16.6,61,979.8,1
2021-04-24,Cao_Bang,32.2,24.1,27.2,83,13.9,64,980.1,1
2021-04-25,Cao_Bang,28.1,23.4,25.2,93,8.6,96,983.3,1
2021-04-26,Cao_Bang,23.3,19.3,21.2,90,6.8,99,986.2,1
2021-04-27,Cao_Bang,23.1,18.9,20.7,88,7.8,100,988.4,1
2021-04-28,Cao_Bang,24.7,19.3,21.3,88,6.3,99,990.3,1
2021-04-29,Cao_Bang,27.6,17.7,22.1,76,7.6,46,989.3,0
2021-04-30,Cao_Bang,29.4,18.2,23.4,74,11.2,68,985.7,0
2021-05-01,Cao_Bang,29.5,19.4,24.4,83,7.8,71,985.4,1
2021-05-02,Cao_Bang,28.7,23.0,25.4,86,14.2,76,983.9,1
2021-05-03,Cao_Bang,29.0,23.3,25.8,87,15.5,72,981.5,1
2021-05-04,Cao_Bang,32.5,22.9,27.0,82,12.6,66,982.1,1
2021-05-05,Cao_Bang,25.9,20.9,22.8,92,9.4,96,986.8,1
2021-05-06,Cao_Bang,29.2,20.4,24.0,83,12.7,100,986.9,1
2021-05-07,Cao_Bang,30.4,23.0,26.1,84,10.4,75,985.5,1
2021-05-08,Cao_Bang,31.4,23.1,26.8,81,9.3,47,983.0,1
2021-05-09,Cao_Bang,31.3,24.2,27.2,81,12.0,55,980.8,1
2021-05-10,Cao_Bang,32.1,24.9,28.1,79,14.4,70,979.3,1
2021-05-11,Cao_Bang,34.1,25.1,28.9,75,12.5,41,978.2,0
2021-05-12,Cao_Bang,31.9,23.1,27.4,84,14.6,75,978.6,1
2021-05-13,Cao_Bang,30.2,23.0,26.6,85,15.8,78,979.0,1
2021-05-14,Cao_Bang,30.2,25.1,27.4,84,17.7,58,978.8,1
2021-05-15,Cao_Bang,31.6,25.0,27.8,84,12.3,54,979.1,1
2021-05-16,Cao_Bang,33.5,26.3,29.4,79,11.2,47,979.4,1
2021-05-17,Cao_Bang,31.7,25.0,27.4,87,14.5,72,981.4,1
2021-05-18,Cao_Bang,30.6,23.3,26.3,91,12.4,75,980.9,1
2021-05-19,Cao_Bang,33.6,24.3,28.3,83,12.6,79,978.3,1
2021-05-20,Cao_Bang,30.8,24.1,26.7,89,11.2,78,979.5,1
2021-05-21,Cao_Bang,33.1,23.6,27.7,86,13.7,59,978.2,1
2021-05-22,Cao_Bang,33.8,26.2,29.6,78,13.7,78,976.6,1
2021-05-23,Cao_Bang,33.1,25.0,27.8,88,7.9,97,979.8,1
2021-05-24,Cao_Bang,29.0,22.5,25.1,81,9.6,90,985.0,1
2021-05-25,Cao_Bang,28.6,21.4,24.9,81,9.2,84,984.0,1
2021-05-26,Cao_Bang,30.4,23.4,26.9,85,17.2,79,981.3,1
2021-05-27,Cao_Bang,31.6,23.8,27.2,85,10.2,76,982.6,1
2021-05-28,Cao_Bang,31.3,23.9,27.5,84,11.8,85,982.4,1
2021-05-29,Cao_Bang,32.4,25.3,28.6,82,12.2,88,979.8,1
2021-05-30,Cao_Bang,31.2,25.4,27.4,88,13.4,100,978.6,1
2021-05-31,Cao_Bang,33.3,24.1,27.6,86,17.9,94,976.7,1
2021-06-01,Cao_Bang,34.9,24.9,28.3,84,12.2,96,976.9,1
2021-06-02,Cao_Bang,31.4,24.8,26.9,91,13.1,100,977.8,1
2021-06-03,Cao_Bang,34.9,24.6,28.8,84,9.7,85,977.9,1
2021-06-04,Cao_Bang,28.8,20.3,23.9,81,9.4,83,982.4,1
2021-06-05,Cao_Bang,30.8,20.5,25.6,78,8.0,76,980.5,0
2021-06-06,Cao_Bang,32.2,23.1,27.2,81,11.2,59,978.8,1
2021-06-07,Cao_Bang,32.0,23.2,27.1,78,10.7,69,980.1,0
2021-06-08,Cao_Bang,31.4,22.5,26.9,80,10.4,75,980.9,1
2021-06-09,Cao_Bang,30.9,23.7,26.6,89,8.9,94,979.7,1
2021-06-10,Cao_Bang,29.7,23.9,26.1,92,9.7,99,978.5,1
2021-06-11,Cao_Bang,30.2,23.9,26.4,90,9.0,96,979.3,1
2021-06-12,Cao_Bang,31.8,23.3,27.0,88,10.3,82,979.2,1
2021-06-13,Cao_Bang,30.8,24.2,26.1,91,9.4,89,978.4,1
2021-06-14,Cao_Bang,31.0,23.6,26.9,87,12.5,57,976.5,1
2021-06-15,Cao_Bang,32.0,24.4,27.5,88,12.6,70,974.5,1
2021-06-16,Cao_Bang,33.4,24.9,28.5,85,9.4,74,976.4,1
2021-06-17,Cao_Bang,34.0,25.2,29.3,79,10.4,34,978.2,1
2021-06-18,Cao_Bang,34.9,25.3,29.8,77,11.9,20,978.0,1
2021-06-19,Cao_Bang,35.7,25.1,30.5,73,9.7,41,975.7,0
2021-06-20,Cao_Bang,36.8,25.1,31.1,72,9.4,63,974.0,0
2021-06-21,Cao_Bang,34.8,26.2,29.7,80,7.6,99,975.8,1
2021-06-22,Cao_Bang,31.9,24.8,27.8,87,7.1,93,979.1,1
2021-06-23,Cao_Bang,32.7,24.6,27.8,86,8.5,97,978.9,1
2021-06-24,Cao_Bang,28.6,24.2,26.2,93,7.8,94,978.0,1
2021-06-25,Cao_Bang,30.2,23.6,26.4,91,10.2,94,977.6,1
2021-06-26,Cao_Bang,31.7,24.1,27.3,87,13.6,92,978.0,1
2021-06-27,Cao_Bang,34.5,24.5,29.3,78,12.7,96,976.7,1
2021-06-28,Cao_Bang,32.6,24.9,28.7,84,6.5,99,975.0,1
2021-06-29,Cao_Bang,30.0,25.0,26.7,94,8.9,100,975.6,1
2021-06-30,Cao_Bang,32.0,24.3,27.3,89,10.5,98,975.8,1
2021-07-01,Cao_Bang,32.0,24.5,27.6,86,8.4,100,975.8,1
2021-07-02,Cao_Bang,32.1,25.3,28.5,81,8.6,100,976.9,1
2021-07-03,Cao_Bang,30.7,25.0,27.6,88,9.4,100,977.4,1
2021-07-04,Cao_Bang,31.3,24.8,27.5,90,12.2,99,978.3,1
2021-07-05,Cao_Bang,30.5,24.3,27.3,90,10.0,94,979.7,1
2021-07-06,Cao_Bang,31.6,23.1,27.6,86,9.8,51,979.5,1
2021-07-07,Cao_Bang,32.2,24.7,27.7,87,11.6,47,980.2,1
2021-07-08,Cao_Bang,27.4,24.5,25.9,93,13.3,88,982.2,1
2021-07-09,Cao_Bang,30.9,23.5,26.5,89,10.4,53,983.4,1
2021-07-10,Cao_Bang,31.7,22.2,27.0,82,9.7,74,983.3,1
2021-07-11,Cao_Bang,32.3,23.4,27.6,79,12.9,70,983.8,1
2021-07-12,Cao_Bang,32.4,23.9,28.1,78,15.5,31,982.5,1
2021-07-13,Cao_Bang,32.4,24.6,28.3,81,13.0,35,980.5,1
2021-07-14,Cao_Bang,32.3,24.8,28.6,79,13.6,28,980.4,1
2021-07-15,Cao_Bang,32.4,24.1,28.3,78,13.7,39,981.9,1
2021-07-16,Cao_Bang,33.3,23.7,28.5,76,8.8,57,982.3,0
2021-07-17,Cao_Bang,34.1,23.5,29.0,77,9.2,70,978.7,0
2021-07-18,Cao_Bang,30.4,24.9,26.8,87,10.2,99,977.1,1
2021-07-19,Cao_Bang,31.8,24.1,27.6,82,9.0,93,977.4,1
2021-07-20,Cao_Bang,32.3,24.2,27.0,89,11.9,98,977.8,1
2021-07-21,Cao_Bang,32.0,23.6,27.1,87,9.5,87,976.7,1
2021-07-22,Cao_Bang,29.7,23.8,25.9,95,7.2,99,975.1,1
2021-07-23,Cao_Bang,30.6,23.9,26.6,91,7.9,91,973.9,1
2021-07-24,Cao_Bang,33.6,23.6,28.6,78,9.0,38,974.2,1
2021-07-25,Cao_Bang,32.2,24.0,27.3,86,10.8,81,975.4,1
2021-07-26,Cao_Bang,32.7,25.0,28.5,81,6.4,48,974.4,1
2021-07-27,Cao_Bang,31.3,26.1,28.6,87,9.1,72,973.2,1
2021-07-28,Cao_Bang,32.6,25.4,28.1,89,5.4,79,973.2,1
2021-07-29,Cao_Bang,31.0,25.1,27.3,91,8.9,92,974.5,1
2021-07-30,Cao_Bang,32.6,24.4,28.2,86,7.8,87,974.8,1
2021-07-31,Cao_Bang,33.5,24.7,27.7,91,13.3,98,974.5,1
2021-08-01,Cao_Bang,28.3,24.0,25.8,95,6.4,96,973.9,1
2021-08-02,Cao_Bang,34.6,23.6,28.7,81,6.0,72,973.7,0
2021-08-03,Cao_Bang,34.5,25.2,29.4,82,8.0,57,974.9,1
2021-08-04,Cao_Bang,33.9,24.6,29.1,85,8.2,52,975.2,1
2021-08-05,Cao_Bang,35.7,25.2,30.0,79,7.4,65,973.6,1
2021-08-06,Cao_Bang,36.0,26.7,30.3,77,7.2,80,974.3,0
2021-08-07,Cao_Bang,35.5,25.9,30.3,80,7.4,97,975.5,1
2021-08-08,Cao_Bang,33.1,26.6,29.3,84,10.3,96,977.0,1
2021-08-09,Cao_Bang,32.3,25.2,28.2,89,6.6,98,977.3,1
2021-08-10,Cao_Bang,28.6,25.0,26.2,95,6.1,100,977.3,1
2021-08-11,Cao_Bang,29.8,24.3,26.2,93,9.8,99,979.6,1
2021-08-12,Cao_Bang,31.0,24.6,27.0,91,10.7,97,980.5,1
2021-08-13,Cao_Bang,30.6,24.8,27.5,89,10.0,97,977.1,1
2021-08-14,Cao_Bang,29.3,24.5,26.0,96,6.5,100,977.0,1
2021-08-15,Cao_Bang,28.2,24.1,25.6,96,11.1,97,980.6,1
2021-08-16,Cao_Bang,29.7,23.8,26.5,90,10.5,92,983.9,1
2021-08-17,Cao_Bang,31.3,24.2,27.3,87,9.7,67,983.0,1
2021-08-18,Cao_Bang,31.8,24.0,27.4,86,12.9,70,981.0,1
2021-08-19,Cao_Bang,31.7,23.8,26.9,87,12.9,81,981.4,1
2021-08-20,Cao_Bang,31.7,24.4,27.6,85,10.8,42,982.3,1
2021-08-21,Cao_Bang,31.6,25.1,28.0,85,11.2,72,981.2,1
2021-08-22,Cao_Bang,32.4,25.5,28.5,85,11.8,65,979.0,1
2021-08-23,Cao_Bang,31.8,25.0,27.9,88,14.1,92,978.2,1
2021-08-24,Cao_Bang,31.2,24.7,27.2,91,13.4,100,979.4,1
2021-08-25,Cao_Bang,30.8,24.4,27.2,87,9.6,86,980.6,1
2021-08-26,Cao_Bang,30.1,23.7,26.4,90,10.5,84,983.2,1
2021-08-27,Cao_Bang,30.1,23.6,26.1,89,7.7,84,984.8,1
2021-08-28,Cao_Bang,29.9,22.7,25.5,89,11.3,61,984.4,1
2021-08-29,Cao_Bang,30.4,22.1,25.8,87,8.7,27,984.2,1
2021-08-30,Cao_Bang,30.7,22.8,26.5,83,8.6,43,984.7,1
2021-08-31,Cao_Bang,31.2,23.3,26.9,87,8.7,42,984.5,1
2021-09-01,Cao_Bang,31.0,23.5,26.8,86,7.7,64,983.7,1
2021-09-02,Cao_Bang,28.7,23.4,25.7,92,6.4,84,982.8,1
2021-09-03,Cao_Bang,31.0,23.4,26.6,87,9.0,57,980.5,1
2021-09-04,Cao_Bang,30.3,23.6,26.7,88,7.6,46,980.7,1
2021-09-05,Cao_Bang,29.9,23.3,26.1,89,8.1,62,983.4,1
2021-09-06,Cao_Bang,31.7,24.1,27.2,84,7.5,43,985.3,1
2021-09-07,Cao_Bang,30.3,23.4,26.7,83,8.7,85,985.5,1
2021-09-08,Cao_Bang,29.8,23.0,25.5,91,8.1,61,984.3,1
2021-09-09,Cao_Bang,31.1,22.5,26.5,87,6.1,46,984.8,1
2021-09-10,Cao_Bang,32.6,23.9,28.0,78,4.7,37,983.6,1
2021-09-11,Cao_Bang,33.4,24.2,28.5,77,7.3,21,980.7,0
2021-09-12,Cao_Bang,34.1,24.1,28.8,79,7.7,13,978.0,0
2021-09-13,Cao_Bang,29.2,24.0,26.7,89,7.9,87,981.7,1
2021-09-14,Cao_Bang,28.9,23.5,25.8,93,6.1,98,985.4,1
2021-09-15,Cao_Bang,27.9,24.3,25.6,92,9.8,94,986.3,1
2021-09-16,Cao_Bang,30.1,23.8,26.3,87,9.0,90,984.5,1
2021-09-17,Cao_Bang,29.8,24.1,26.5,87,8.4,95,983.1,1
2021-09-18,Cao_Bang,29.7,24.4,26.6,87,12.3,64,983.8,1
2021-09-19,Cao_Bang,31.5,24.1,27.0,85,12.8,63,984.2,1
2021-09-20,Cao_Bang,30.1,23.8,26.2,87,4.8,60,984.9,1
2021-09-21,Cao_Bang,31.3,24.0,27.1,80,7.2,19,984.0,1
2021-09-22,Cao_Bang,30.2,23.6,25.8,90,10.7,60,984.0,1
2021-09-23,Cao_Bang,28.5,23.3,25.6,90,8.1,78,986.1,1
2021-09-24,Cao_Bang,29.7,22.8,25.4,91,6.6,68,987.0,1
2021-09-25,Cao_Bang,28.6,23.3,25.7,90,8.2,60,986.6,1
2021-09-26,Cao_Bang,30.3,22.7,26.2,84,7.3,31,986.5,1
2021-09-27,Cao_Bang,30.9,22.8,26.1,85,9.2,38,985.7,1
2021-09-28,Cao_Bang,31.8,22.9,26.8,82,5.7,25,984.2,0
2021-09-29,Cao_Bang,31.7,23.2,27.0,85,10.5,17,983.1,1
2021-09-30,Cao_Bang,32.6,24.1,27.2,85,5.9,30,983.1,1
2021-10-01,Cao_Bang,31.9,23.2,26.9,86,5.8,64,983.3,1
2021-10-02,Cao_Bang,31.4,23.0,26.7,81,8.8,65,984.0,1
2021-10-03,Cao_Bang,31.4,23.2,26.8,77,10.8,28,984.6,1
2021-10-04,Cao_Bang,30.9,21.8,26.2,81,7.7,24,985.9,1
2021-10-05,Cao_Bang,31.5,23.7,27.1,75,6.6,13,985.9,1
2021-10-06,Cao_Bang,32.1,22.2,27.5,72,5.4,14,983.0,1
2021-10-07,Cao_Bang,32.4,22.7,26.8,78,11.9,27,981.1,1
2021-10-08,Cao_Bang,32.5,21.7,26.7,67,13.8,27,980.7,1
2021-10-09,Cao_Bang,26.7,21.3,23.2,85,12.3,100,980.4,1
2021-10-10,Cao_Bang,24.7,20.9,22.2,92,15.4,100,979.8,1
2021-10-11,Cao_Bang,21.8,19.5,21.0,95,8.1,98,985.2,1
2021-10-12,Cao_Bang,27.1,17.5,22.0,71,18.4,31,985.1,0
2021-10-13,Cao_Bang,26.7,20.2,22.6,67,17.4,97,982.1,1
2021-10-14,Cao_Bang,21.9,18.9,20.3,89,15.3,100,983.4,1
2021-10-15,Cao_Bang,21.4,19.3,20.4,97,9.4,100,986.9,1
2021-10-16,Cao_Bang,21.8,17.3,19.6,82,10.1,100,992.9,1
2021-10-17,Cao_Bang,23.3,16.7,19.1,73,13.1,96,995.2,1
2021-10-18,Cao_Bang,20.8,17.3,18.7,89,7.3,100,993.1,1
2021-10-19,Cao_Bang,25.7,18.7,21.9,88,11.5,100,991.1,1
2021-10-20,Cao_Bang,29.0,22.0,24.6,86,12.4,82,987.6,1
2021-10-21,Cao_Bang,23.0,17.4,20.0,78,12.5,100,991.5,1
2021-10-22,Cao_Bang,20.1,16.3,18.1,64,10.9,97,995.6,0
2021-10-23,Cao_Bang,23.2,13.8,17.7,72,13.2,54,995.4,0
2021-10-24,Cao_Bang,23.6,14.3,18.7,75,9.1,38,994.7,0
2021-10-25,Cao_Bang,25.4,15.5,19.5,77,10.2,14,991.4,0
2021-10-26,Cao_Bang,25.4,16.2,20.9,77,5.2,47,990.3,0
2021-10-27,Cao_Bang,26.9,18.5,22.1,76,8.9,22,991.4,0
2021-10-28,Cao_Bang,24.5,16.9,20.8,85,7.9,86,992.3,1
2021-10-29,Cao_Bang,23.6,19.8,21.2,91,5.7,100,992.7,1
2021-10-30,Cao_Bang,23.3,18.3,20.1,86,9.6,100,993.4,1
2021-10-31,Cao_Bang,21.6,18.3,19.7,94,6.7,100,992.2,1
2021-11-01,Cao_Bang,22.0,18.7,20.1,92,4.2,100,992.4,1
2021-11-02,Cao_Bang,21.5,18.9,20.1,93,6.1,100,992.4,1
2021-11-03,Cao_Bang,22.8,18.5,20.5,91,5.3,94,990.1,1
2021-11-04,Cao_Bang,27.7,20.6,23.2,85,11.9,72,986.8,1
2021-11-05,Cao_Bang,29.2,21.9,24.9,84,11.8,71,983.9,1
2021-11-06,Cao_Bang,28.7,22.8,24.9,85,10.7,77,982.2,1
2021-11-07,Cao_Bang,27.0,18.4,23.5,84,14.8,92,987.1,1
2021-11-08,Cao_Bang,19.6,13.4,16.4,61,12.0,69,995.8,1
2021-11-09,Cao_Bang,22.4,14.7,17.6,61,9.5,66,994.8,0
2021-11-10,Cao_Bang,22.2,14.6,17.5,65,7.6,49,994.0,0
2021-11-11,Cao_Bang,22.3,13.5,17.7,69,8.1,42,991.6,0
2021-11-12,Cao_Bang,21.9,16.8,18.7,69,8.1,87,994.3,0
2021-11-13,Cao_Bang,22.5,13.6,18.0,68,11.3,76,993.7,0
2021-11-14,Cao_Bang,22.3,14.9,18.3,75,7.4,83,992.2,1
2021-11-15,Cao_Bang,21.6,16.0,18.9,79,8.0,86,990.2,1
2021-11-16,Cao_Bang,20.1,17.8,18.9,87,5.4,100,990.2,1
2021-11-17,Cao_Bang,19.6,17.2,18.6,83,10.5,100,992.9,1
2021-11-18,Cao_Bang,22.8,14.7,18.2,74,10.7,68,989.5,0
2021-11-19,Cao_Bang,22.8,13.2,18.5,85,11.1,73,984.7,1
2021-11-20,Cao_Bang,24.9,18.8,21.1,89,12.2,76,983.7,1
2021-11-21,Cao_Bang,24.6,19.1,21.2,91,8.2,93,987.5,1
2021-11-22,Cao_Bang,18.8,13.9,16.4,67,13.1,85,994.5,1
2021-11-23,Cao_Bang,18.4,12.8,14.8,62,10.7,70,996.5,0
2021-11-24,Cao_Bang,17.2,12.8,14.8,73,6.2,92,995.6,1
2021-11-25,Cao_Bang,21.4,12.8,16.4,81,8.5,50,993.0,1
2021-11-26,Cao_Bang,23.9,13.5,18.0,76,10.2,30,993.3,0
2021-11-27,Cao_Bang,22.4,11.2,16.9,76,7.7,15,994.7,0
2021-11-28,Cao_Bang,23.0,12.3,17.4,77,4.9,16,994.1,0
2021-11-29,Cao_Bang,24.0,12.9,18.3,77,4.7,40,993.1,0
2021-11-30,Cao_Bang,21.7,11.6,17.4,65,16.6,58,996.5,0
2021-12-01,Cao_Bang,20.6,9.8,14.8,66,9.2,57,996.5,0
2021-12-02,Cao_Bang,20.8,8.7,14.1,71,8.2,52,996.5,0
2021-12-03,Cao_Bang,21.8,8.9,14.6,72,8.3,60,996.0,0
2021-12-04,Cao_Bang,21.7,9.4,15.0,71,7.4,78,995.7,0
2021-12-05,Cao_Bang,22.7,10.5,15.7,73,7.2,33,995.3,0
2021-12-06,Cao_Bang,22.2,10.7,15.6,74,8.1,0,994.8,0
2021-12-07,Cao_Bang,20.9,11.4,15.4,66,8.7,0,994.4,0
2021-12-08,Cao_Bang,21.2,11.4,16.0,68,8.0,22,995.5,0
2021-12-09,Cao_Bang,20.0,14.8,17.2,81,4.1,96,996.4,1
2021-12-10,Cao_Bang,22.6,13.1,17.5,85,8.7,70,993.1,1
2021-12-11,Cao_Bang,23.7,15.5,19.5,79,7.0,94,993.5,1
2021-12-12,Cao_Bang,18.5,14.3,16.6,81,9.5,94,997.4,1
2021-12-13,Cao_Bang,19.8,11.1,15.6,70,6.2,57,996.2,0
2021-12-14,Cao_Bang,20.9,9.9,14.7,80,9.0,44,991.4,0
2021-12-15,Cao_Bang,22.0,10.5,15.9,84,12.7,66,988.0,1
2021-12-16,Cao_Bang,23.3,13.6,17.9,84,6.4,62,989.8,1
2021-12-17,Cao_Bang,20.1,14.7,17.5,70,9.2,87,995.4,1
2021-12-18,Cao_Bang,20.3,11.5,15.7,55,9.3,24,997.4,0
2021-12-19,Cao_Bang,20.7,8.6,14.6,62,8.7,30,996.1,0
2021-12-20,Cao_Bang,19.6,12.5,15.8,64,8.4,78,991.9,0
2021-12-21,Cao_Bang,23.1,8.9,15.5,72,13.7,5,991.1,0
2021-12-22,Cao_Bang,22.7,12.5,17.0,71,7.1,12,990.7,0
2021-12-23,Cao_Bang,23.7,11.3,16.3,76,9.0,19,988.9,0
2021-12-24,Cao_Bang,24.1,13.1,17.8,79,6.9,40,989.8,1
2021-12-25,Cao_Bang,18.7,15.8,17.3,81,10.5,100,994.0,1
2021-12-26,Cao_Bang,15.4,9.7,13.1,83,10.3,100,998.4,1
2021-12-27,Cao_Bang,14.0,8.0,10.1,65,10.2,100,1001.3,1
2021-12-28,Cao_Bang,14.5,8.2,10.4,72,10.4,89,998.3,0
2021-12-29,Cao_Bang,16.2,10.1,12.8,75,7.3,100,998.3,1
2021-12-30,Cao_Bang,17.4,11.9,14.2,68,7.3,95,999.6,0
2021-12-31,Cao_Bang,17.4,11.9,14.1,74,8.0,100,998.5,0
2021-01-01,Tuyen_Quang,16.6,6.9,11.2,57,7.8,50,1021.2,0
2021-01-02,Tuyen_Quang,17.6,5.8,11.5,68,8.2,12,1017.4,0
2021-01-03,Tuyen_Quang,19.7,7.3,13.1,71,8.4,19,1017.5,0
2021-01-04,Tuyen_Quang,20.9,8.1,14.3,69,8.7,16,1016.5,0
2021-01-05,Tuyen_Quang,21.5,8.8,15.3,73,8.2,50,1016.0,0
2021-01-06,Tuyen_Quang,18.5,15.1,16.4,62,8.0,99,1014.8,0
2021-01-07,Tuyen_Quang,15.9,11.2,14.0,65,13.3,100,1016.2,1
2021-01-08,Tuyen_Quang,12.5,8.4,10.6,65,9.4,96,1021.6,1
2021-01-09,Tuyen_Quang,13.5,7.9,9.9,55,8.9,80,1020.7,1
2021-01-10,Tuyen_Quang,13.1,7.1,9.7,65,9.7,67,1020.0,0
2021-01-11,Tuyen_Quang,14.6,7.6,10.6,55,15.2,74,1025.1,0
2021-01-12,Tuyen_Quang,16.4,6.7,11.2,58,9.7,51,1022.1,0
2021-01-13,Tuyen_Quang,18.4,6.6,12.6,59,8.2,18,1014.1,0
2021-01-14,Tuyen_Quang,19.4,7.4,13.2,76,10.0,13,1012.7,0
2021-01-15,Tuyen_Quang,20.8,9.2,14.3,83,9.3,44,1010.7,0
2021-01-16,Tuyen_Quang,19.6,13.6,16.5,89,4.9,99,1011.7,1
2021-01-17,Tuyen_Quang,16.0,11.8,14.5,70,14.7,96,1021.1,1
2021-01-18,Tuyen_Quang,18.4,7.2,12.6,60,8.6,9,1019.9,0
2021-01-19,Tuyen_Quang,20.4,7.8,13.7,69,11.6,2,1013.8,0
2021-01-20,Tuyen_Quang,18.2,9.4,13.9,86,6.9,76,1012.4,1
2021-01-21,Tuyen_Quang,20.3,13.8,16.5,83,6.4,87,1011.4,1
2021-01-22,Tuyen_Quang,21.8,13.1,16.9,83,6.5,67,1011.2,0
2021-01-23,Tuyen_Quang,23.0,13.2,17.8,80,11.2,52,1009.9,0
2021-01-24,Tuyen_Quang,23.8,14.2,18.4,81,13.4,57,1008.3,0
2021-01-25,Tuyen_Quang,23.5,17.5,19.9,87,6.6,97,1010.2,1
2021-01-26,Tuyen_Quang,22.2,17.3,19.1,90,12.6,80,1011.4,1
2021-01-27,Tuyen_Quang,21.9,15.8,18.9,83,8.9,91,1011.2,1
2021-01-28,Tuyen_Quang,18.8,15.8,17.1,76,15.5,100,1017.3,1
2021-01-29,Tuyen_Quang,20.5,14.1,16.9,69,10.7,77,1016.4,0
2021-01-30,Tuyen_Quang,18.5,13.6,16.0,87,8.0,91,1015.1,1
2021-01-31,Tuyen_Quang,20.5,15.6,17.5,92,10.9,98,1014.5,1
2021-02-01,Tuyen_Quang,22.6,16.2,19.1,85,7.9,85,1013.5,1
2021-02-02,Tuyen_Quang,23.5,16.4,19.6,84,11.4,77,1013.9,1
2021-02-03,Tuyen_Quang,23.5,16.1,19.4,82,10.8,56,1014.5,1
2021-02-04,Tuyen_Quang,23.5,15.9,19.2,81,14.4,60,1014.9,1
2021-02-05,Tuyen_Quang,23.0,14.6,18.8,83,10.1,63,1013.7,1
2021-02-06,Tuyen_Quang,23.9,15.6,19.3,79,10.7,40,1012.3,0
2021-02-07,Tuyen_Quang,24.5,15.4,19.4,80,12.4,58,1011.6,0
2021-02-08,Tuyen_Quang,20.7,15.6,18.0,90,14.8,79,1013.4,1
2021-02-09,Tuyen_Quang,16.0,12.1,14.6,97,12.3,83,1013.6,1
2021-02-10,Tuyen_Quang,22.4,11.1,15.9,82,8.9,46,1011.7,0
2021-02-11,Tuyen_Quang,21.6,12.4,17.3,77,8.3,15,1011.7,0
2021-02-12,Tuyen_Quang,20.6,14.4,17.3,83,9.1,74,1012.6,1
2021-02-13,Tuyen_Quang,22.5,13.9,18.0,80,10.8,77,1012.1,1
2021-02-14,Tuyen_Quang,23.6,16.5,19.2,76,7.5,57,1011.9,0
2021-02-15,Tuyen_Quang,23.5,14.7,19.2,83,9.8,69,1008.9,0
2021-02-16,Tuyen_Quang,23.7,17.7,20.4,83,13.8,88,1010.3,1
2021-02-17,Tuyen_Quang,20.1,17.0,18.3,83,10.5,99,1016.3,1
2021-02-18,Tuyen_Quang,22.1,15.6,18.8,72,7.1,77,1018.8,0
2021-02-19,Tuyen_Quang,22.5,14.3,18.0,79,5.1,57,1018.3,1
2021-02-20,Tuyen_Quang,22.8,13.6,18.1,81,9.2,27,1014.8,0
2021-02-21,Tuyen_Quang,24.2,13.1,19.0,76,10.8,6,1010.6,0
2021-02-22,Tuyen_Quang,23.6,16.2,19.6,83,8.5,74,1010.2,1
2021-02-23,Tuyen_Quang,24.1,18.4,20.8,83,8.2,76,1009.5,1
2021-02-24,Tuyen_Quang,25.9,17.2,20.9,82,15.0,68,1005.7,1
2021-02-25,Tuyen_Quang,26.9,18.8,22.0,83,11.6,88,1002.5,1
2021-02-26,Tuyen_Quang,27.0,19.8,22.6,81,16.9,83,1002.9,1
2021-02-27,Tuyen_Quang,19.8,15.8,17.6,81,15.5,100,1007.8,1
2021-02-28,Tuyen_Quang,21.2,16.2,18.5,88,10.4,100,1007.8,1
2021-03-01,Tuyen_Quang,26.8,18.4,21.5,83,17.1,89,1009.8,1
2021-03-02,Tuyen_Quang,21.7,17.4,19.3,62,9.9,92,1014.7,1
2021-03-03,Tuyen_Quang,19.5,16.3,17.8,75,8.0,100,1014.1,1
2021-03-04,Tuyen_Quang,20.8,15.8,17.8,84,8.4,100,1011.7,1
2021-03-05,Tuyen_Quang,23.7,17.1,19.9,85,9.5,91,1008.2,1
2021-03-06,Tuyen_Quang,28.5,19.4,22.8,82,7.6,53,1009.1,1
2021-03-07,Tuyen_Quang,22.1,17.8,20.3,81,13.7,100,1012.7,1
2021-03-08,Tuyen_Quang,25.3,18.8,21.5,87,11.4,89,1011.5,1
2021-03-09,Tuyen_Quang,25.9,20.2,22.3,88,15.7,78,1010.9,1
2021-03-10,Tuyen_Quang,27.5,20.6,23.1,83,17.7,69,1010.3,1
2021-03-11,Tuyen_Quang,26.1,20.4,22.7,85,12.8,90,1011.8,1
2021-03-12,Tuyen_Quang,26.4,19.5,22.7,82,12.6,65,1012.5,1
2021-03-13,Tuyen_Quang,25.4,20.0,22.3,85,11.2,64,1012.1,1
2021-03-14,Tuyen_Quang,26.3,18.7,22.3,81,12.4,62,1009.0,0
2021-03-15,Tuyen_Quang,26.6,19.5,22.8,82,11.6,88,1006.2,1
2021-03-16,Tuyen_Quang,26.9,21.2,23.5,84,11.3,98,1005.9,1
2021-03-17,Tuyen_Quang,27.6,21.4,24.0,85,13.2,96,1005.5,1
2021-03-18,Tuyen_Quang,27.3,21.6,24.1,85,9.9,100,1005.3,1
2021-03-19,Tuyen_Quang,27.9,22.0,24.6,85,11.2,99,1003.9,1
2021-03-20,Tuyen_Quang,27.5,22.2,24.5,88,9.4,98,1003.8,1
2021-03-21,Tuyen_Quang,23.0,16.3,19.4,80,23.2,100,1011.8,1
2021-03-22,Tuyen_Quang,21.4,14.6,17.4,63,6.3,69,1019.4,0
2021-03-23,Tuyen_Quang,22.1,12.3,17.0,70,8.7,18,1015.9,0
2021-03-24,Tuyen_Quang,23.8,13.3,18.6,77,12.0,51,1011.2,0
2021-03-25,Tuyen_Quang,22.8,18.1,19.9,90,5.2,100,1009.2,1
2021-03-26,Tuyen_Quang,26.6,19.7,22.4,89,10.2,96,1006.5,1
2021-03-27,Tuyen_Quang,27.0,21.8,24.1,88,9.8,100,1004.2,1
2021-03-28,Tuyen_Quang,28.2,22.0,24.6,87,10.1,98,1003.0,1
2021-03-29,Tuyen_Quang,30.4,22.5,25.7,84,7.7,59,999.4,1
2021-03-30,Tuyen_Quang,27.2,22.8,24.6,91,8.7,87,997.2,1
2021-03-31,Tuyen_Quang,32.5,21.8,26.5,85,11.2,59,996.4,0
2021-04-01,Tuyen_Quang,32.0,22.4,26.4,83,11.3,44,998.2,0
2021-04-02,Tuyen_Quang,31.1,23.2,26.8,84,10.4,82,1001.2,1
2021-04-03,Tuyen_Quang,28.1,23.9,25.4,89,13.0,98,1005.0,1
2021-04-04,Tuyen_Quang,28.9,21.2,24.5,85,13.8,88,1007.7,1
2021-04-05,Tuyen_Quang,24.0,19.5,21.8,85,10.9,99,1010.8,1
2021-04-06,Tuyen_Quang,26.3,20.5,22.9,83,14.4,90,1010.5,1
2021-04-07,Tuyen_Quang,27.7,21.6,23.9,88,11.9,63,1008.2,1
2021-04-08,Tuyen_Quang,28.2,19.8,23.9,84,18.4,73,1007.0,1
2021-04-09,Tuyen_Quang,22.1,17.9,19.7,83,9.6,98,1010.8,1
2021-04-10,Tuyen_Quang,23.0,18.0,20.2,85,6.5,100,1011.9,1
2021-04-11,Tuyen_Quang,27.5,20.4,23.1,89,11.4,98,1010.6,1
2021-04-12,Tuyen_Quang,28.3,21.4,24.6,86,9.4,97,1008.5,1
2021-04-13,Tuyen_Quang,27.4,22.2,24.7,88,10.7,97,1007.0,1
2021-04-14,Tuyen_Quang,28.0,22.4,25.0,87,8.3,98,1005.3,1
2021-04-15,Tuyen_Quang,28.6,23.4,25.4,89,12.2,91,1004.2,1
2021-04-16,Tuyen_Quang,29.0,22.5,24.9,89,15.6,95,1005.8,1
2021-04-17,Tuyen_Quang,22.9,20.5,21.4,96,10.0,100,1010.4,1
2021-04-18,Tuyen_Quang,23.6,19.2,21.1,92,7.9,100,1008.8,1
2021-04-19,Tuyen_Quang,26.9,20.6,23.2,90,8.7,83,1004.1,1
2021-04-20,Tuyen_Quang,30.9,23.2,26.4,85,11.9,51,1002.5,1
2021-04-21,Tuyen_Quang,30.8,24.0,26.8,86,12.3,62,1003.1,1
2021-04-22,Tuyen_Quang,31.1,24.1,27.0,86,10.9,59,1002.8,1
2021-04-23,Tuyen_Quang,32.2,24.8,27.7,82,15.7,62,1000.4,1
2021-04-24,Tuyen_Quang,32.7,24.9,28.0,83,10.7,67,1000.6,1
2021-04-25,Tuyen_Quang,29.6,24.4,26.2,91,10.9,98,1003.6,1
2021-04-26,Tuyen_Quang,24.6,20.3,22.7,91,18.2,99,1006.5,1
2021-04-27,Tuyen_Quang,24.6,20.2,22.2,85,8.4,99,1009.2,1
2021-04-28,Tuyen_Quang,24.4,19.9,21.9,87,11.4,100,1011.0,1
2021-04-29,Tuyen_Quang,27.3,19.6,22.5,83,8.5,80,1011.0,1
2021-04-30,Tuyen_Quang,28.0,18.1,23.2,82,12.2,64,1007.4,0
2021-05-01,Tuyen_Quang,29.1,20.6,24.8,83,9.7,75,1006.9,1
2021-05-02,Tuyen_Quang,30.1,22.8,25.7,89,10.9,85,1005.1,1
2021-05-03,Tuyen_Quang,31.5,23.8,27.0,87,11.5,46,1002.3,1
2021-05-04,Tuyen_Quang,32.4,23.5,27.6,82,13.3,50,1002.6,1
2021-05-05,Tuyen_Quang,28.0,22.9,24.5,90,14.6,91,1007.1,1
2021-05-06,Tuyen_Quang,28.6,22.4,24.8,84,11.2,100,1008.2,1
2021-05-07,Tuyen_Quang,30.2,23.8,26.6,84,8.4,71,1006.6,0
2021-05-08,Tuyen_Quang,31.2,23.6,26.8,85,10.5,55,1004.1,0
2021-05-09,Tuyen_Quang,31.5,24.5,27.5,84,13.0,61,1001.8,1
2021-05-10,Tuyen_Quang,32.8,24.2,28.4,83,11.6,63,1000.2,1
2021-05-11,Tuyen_Quang,33.8,24.1,29.1,79,9.4,42,999.0,0
2021-05-12,Tuyen_Quang,33.7,24.6,29.0,80,13.9,55,998.9,0
2021-05-13,Tuyen_Quang,32.5,25.2,28.1,82,13.1,62,999.7,1
2021-05-14,Tuyen_Quang,32.2,24.7,28.0,86,13.0,41,999.2,1
2021-05-15,Tuyen_Quang,33.7,25.7,28.9,84,12.0,53,999.7,1
2021-05-16,Tuyen_Quang,34.9,25.3,29.7,81,11.8,46,1000.0,1
2021-05-17,Tuyen_Quang,34.0,25.5,29.3,83,12.9,48,1001.3,1
2021-05-18,Tuyen_Quang,33.2,26.1,29.2,82,13.0,72,1000.9,1
2021-05-19,Tuyen_Quang,35.3,26.0,30.3,77,11.4,71,998.4,1
2021-05-20,Tuyen_Quang,35.8,26.4,30.4,76,14.1,74,999.0,1
2021-05-21,Tuyen_Quang,36.0,26.9,30.8,75,15.5,63,998.3,0
2021-05-22,Tuyen_Quang,37.5,26.5,31.7,70,13.7,67,996.5,0
2021-05-23,Tuyen_Quang,36.2,25.8,30.2,75,22.2,95,999.3,1
2021-05-24,Tuyen_Quang,25.9,24.5,25.1,95,12.6,99,1005.2,1
2021-05-25,Tuyen_Quang,27.6,23.5,25.4,85,7.9,88,1004.7,1
2021-05-26,Tuyen_Quang,32.0,24.0,27.7,83,13.0,78,1002.1,1
2021-05-27,Tuyen_Quang,32.8,24.5,28.0,84,11.3,78,1003.1,1
2021-05-28,Tuyen_Quang,31.9,25.0,28.2,85,11.9,90,1003.1,1
2021-05-29,Tuyen_Quang,34.2,25.6,29.7,80,12.0,80,1000.4,1
2021-05-30,Tuyen_Quang,35.0,26.2,30.3,77,10.7,99,998.4,1
2021-05-31,Tuyen_Quang,35.4,26.2,30.8,75,9.4,91,996.6,0
2021-06-01,Tuyen_Quang,36.6,27.0,31.9,71,9.7,95,996.4,0
2021-06-02,Tuyen_Quang,36.3,27.3,31.5,72,16.3,100,997.3,0
2021-06-03,Tuyen_Quang,37.8,27.0,31.6,73,17.5,88,997.5,1
2021-06-04,Tuyen_Quang,30.5,22.4,25.7,81,14.0,84,1003.0,1
2021-06-05,Tuyen_Quang,30.0,23.9,26.8,76,7.4,82,1001.8,1
2021-06-06,Tuyen_Quang,31.9,23.7,27.6,82,8.6,77,999.7,1
2021-06-07,Tuyen_Quang,32.0,24.6,27.3,88,12.0,93,1000.6,1
2021-06-08,Tuyen_Quang,29.9,24.8,26.6,92,6.9,93,1001.7,1
2021-06-09,Tuyen_Quang,28.9,24.4,26.7,91,7.4,97,1000.3,1
2021-06-10,Tuyen_Quang,29.0,24.5,26.4,93,4.9,99,999.0,1
2021-06-11,Tuyen_Quang,30.5,24.6,26.4,93,7.7,98,999.7,1
2021-06-12,Tuyen_Quang,32.0,24.3,27.4,91,10.5,98,999.3,1
2021-06-13,Tuyen_Quang,29.9,24.8,26.5,89,19.6,89,998.1,1
2021-06-14,Tuyen_Quang,32.0,23.8,27.7,83,12.6,51,996.7,1
2021-06-15,Tuyen_Quang,33.3,25.1,28.8,81,10.5,55,994.9,1
2021-06-16,Tuyen_Quang,34.0,25.4,29.8,79,9.8,67,996.7,0
2021-06-17,Tuyen_Quang,34.4,26.1,30.6,75,10.4,42,998.5,1
2021-06-18,Tuyen_Quang,35.2,26.1,31.0,74,10.3,14,998.5,0
2021-06-19,Tuyen_Quang,35.8,26.4,31.3,70,10.5,46,996.4,0
2021-06-20,Tuyen_Quang,36.2,26.5,31.7,67,9.5,62,994.6,0
2021-06-21,Tuyen_Quang,37.0,27.1,32.0,67,13.1,96,995.3,0
2021-06-22,Tuyen_Quang,33.0,26.6,29.8,80,10.8,89,999.1,1
2021-06-23,Tuyen_Quang,32.3,25.5,28.5,84,6.2,99,999.6,1
2021-06-24,Tuyen_Quang,30.9,25.0,27.2,91,9.9,99,998.5,1
2021-06-25,Tuyen_Quang,30.8,25.0,27.5,89,10.5,90,998.1,1
2021-06-26,Tuyen_Quang,31.8,24.9,28.0,86,10.8,97,998.8,1
2021-06-27,Tuyen_Quang,35.0,25.5,30.4,74,10.3,94,997.4,0
2021-06-28,Tuyen_Quang,35.2,26.8,30.5,76,8.4,99,995.3,0
2021-06-29,Tuyen_Quang,32.6,26.5,29.0,88,9.0,100,995.7,1
2021-06-30,Tuyen_Quang,33.3,26.0,29.0,85,7.9,99,996.1,1
2021-07-01,Tuyen_Quang,33.2,26.0,29.3,85,7.1,99,996.4,1
2021-07-02,Tuyen_Quang,33.8,26.7,30.0,78,8.5,100,997.7,0
2021-07-03,Tuyen_Quang,29.2,26.0,27.8,89,8.7,100,998.3,1
2021-07-04,Tuyen_Quang,34.1,26.1,29.7,81,9.6,97,998.5,1
2021-07-05,Tuyen_Quang,30.5,25.0,27.5,93,10.6,91,1000.1,1
2021-07-06,Tuyen_Quang,31.9,24.8,28.2,87,10.2,53,1000.1,1
2021-07-07,Tuyen_Quang,32.2,25.1,28.2,89,8.8,63,1000.6,1
2021-07-08,Tuyen_Quang,28.7,25.1,26.6,92,16.2,93,1002.1,1
2021-07-09,Tuyen_Quang,30.4,24.4,26.7,90,12.0,55,1004.2,1
2021-07-10,Tuyen_Quang,31.8,23.8,27.5,85,12.5,59,1004.3,1
2021-07-11,Tuyen_Quang,32.0,24.6,28.3,81,13.4,79,1004.7,1
2021-07-12,Tuyen_Quang,33.1,24.9,29.0,78,12.7,28,1003.3,1
2021-07-13,Tuyen_Quang,32.8,25.1,28.9,83,11.2,34,1001.2,1
2021-07-14,Tuyen_Quang,32.2,25.9,28.8,85,12.5,46,1001.0,1
2021-07-15,Tuyen_Quang,32.9,25.4,28.9,79,13.1,34,1002.5,1
2021-07-16,Tuyen_Quang,33.2,24.8,29.1,79,9.7,57,1003.1,1
2021-07-17,Tuyen_Quang,34.2,25.4,29.9,76,8.5,61,999.4,0
2021-07-18,Tuyen_Quang,30.4,26.0,27.5,90,7.9,97,997.6,1
2021-07-19,Tuyen_Quang,28.9,25.0,26.8,92,7.1,98,998.1,1
2021-07-20,Tuyen_Quang,30.3,23.9,26.7,93,8.0,99,998.6,1
2021-07-21,Tuyen_Quang,30.1,24.9,27.3,90,6.3,97,997.4,1
2021-07-22,Tuyen_Quang,29.9,25.1,27.2,92,8.4,99,995.9,1
2021-07-23,Tuyen_Quang,29.2,25.0,26.7,95,8.9,99,994.7,1
2021-07-24,Tuyen_Quang,33.7,24.7,28.7,87,8.6,66,994.8,1
2021-07-25,Tuyen_Quang,33.2,25.4,28.7,86,7.9,85,995.9,1
2021-07-26,Tuyen_Quang,32.0,24.9,28.0,86,7.2,65,995.4,1
2021-07-27,Tuyen_Quang,32.8,26.0,29.4,84,6.8,76,993.6,1
2021-07-28,Tuyen_Quang,32.3,25.5,28.8,87,14.1,88,993.8,1
2021-07-29,Tuyen_Quang,32.2,25.6,28.2,90,8.7,98,995.1,1
2021-07-30,Tuyen_Quang,33.5,26.0,29.1,87,13.3,97,995.6,1
2021-07-31,Tuyen_Quang,33.8,25.4,28.9,87,12.7,100,994.9,1
2021-08-01,Tuyen_Quang,27.6,24.9,25.9,98,5.6,98,995.2,1
2021-08-02,Tuyen_Quang,32.5,24.5,28.4,87,8.4,75,994.5,0
2021-08-03,Tuyen_Quang,34.8,26.3,30.0,81,7.8,87,995.6,1
2021-08-04,Tuyen_Quang,36.2,26.0,30.8,78,7.2,39,995.6,1
2021-08-05,Tuyen_Quang,36.2,26.6,31.1,78,8.0,54,994.2,0
2021-08-06,Tuyen_Quang,36.0,27.1,31.4,78,8.6,86,994.8,0
2021-08-07,Tuyen_Quang,35.2,27.0,31.3,75,11.5,98,995.9,0
2021-08-08,Tuyen_Quang,33.5,27.4,30.5,79,6.5,98,997.1,0
2021-08-09,Tuyen_Quang,31.9,27.1,29.1,88,8.0,98,997.7,1
2021-08-10,Tuyen_Quang,29.9,25.5,27.2,93,9.0,100,997.9,1
2021-08-11,Tuyen_Quang,30.0,25.1,26.8,94,10.6,99,1000.0,1
2021-08-12,Tuyen_Quang,31.3,25.1,27.8,89,10.1,98,1001.2,1
2021-08-13,Tuyen_Quang,31.9,25.4,28.4,86,8.0,96,997.6,1
2021-08-14,Tuyen_Quang,28.6,25.6,27.2,94,7.2,100,997.4,1
2021-08-15,Tuyen_Quang,27.6,25.1,26.0,96,9.4,100,1001.2,1
2021-08-16,Tuyen_Quang,29.8,24.7,26.8,93,8.4,93,1004.7,1
2021-08-17,Tuyen_Quang,31.1,24.5,27.5,88,7.4,82,1004.0,1
2021-08-18,Tuyen_Quang,32.5,25.1,28.3,83,7.3,74,1001.8,1
2021-08-19,Tuyen_Quang,31.5,24.8,27.4,88,12.8,85,1002.1,1
2021-08-20,Tuyen_Quang,31.0,24.0,27.5,88,7.6,59,1003.3,1
2021-08-21,Tuyen_Quang,32.5,25.4,28.7,87,10.0,79,1002.0,1
2021-08-22,Tuyen_Quang,33.5,25.9,29.6,83,9.8,63,999.3,1
2021-08-23,Tuyen_Quang,32.0,25.5,28.2,88,12.4,93,998.6,1
2021-08-24,Tuyen_Quang,31.2,24.6,27.1,93,12.3,100,999.9,1
2021-08-25,Tuyen_Quang,31.1,24.5,27.5,91,10.1,87,1001.2,1
2021-08-26,Tuyen_Quang,29.7,25.1,26.9,92,13.0,84,1003.9,1
2021-08-27,Tuyen_Quang,29.1,23.5,26.1,91,6.7,79,1005.6,1
2021-08-28,Tuyen_Quang,28.5,24.3,25.9,91,8.4,68,1005.3,1
2021-08-29,Tuyen_Quang,30.1,23.6,26.5,88,8.7,29,1005.1,1
2021-08-30,Tuyen_Quang,30.8,24.0,27.3,84,7.2,50,1005.5,1
2021-08-31,Tuyen_Quang,31.0,24.5,27.4,87,10.0,46,1005.3,1
2021-09-01,Tuyen_Quang,30.8,24.3,27.5,87,8.1,62,1004.5,1
2021-09-02,Tuyen_Quang,29.6,24.1,26.2,94,11.2,87,1003.5,1
2021-09-03,Tuyen_Quang,30.6,24.0,27.1,88,8.6,59,1001.2,1
2021-09-04,Tuyen_Quang,29.9,24.8,27.2,88,11.2,48,1001.3,1
2021-09-05,Tuyen_Quang,29.7,23.9,26.1,91,10.4,58,1004.2,1
2021-09-06,Tuyen_Quang,30.4,24.1,27.2,87,6.5,56,1006.3,1
2021-09-07,Tuyen_Quang,30.7,23.7,26.8,90,9.4,80,1006.0,1
2021-09-08,Tuyen_Quang,29.6,24.1,26.0,93,12.6,92,1004.9,1
2021-09-09,Tuyen_Quang,30.5,23.9,26.2,93,8.3,62,1005.7,1
2021-09-10,Tuyen_Quang,32.5,24.0,28.2,82,7.9,63,1004.6,0
2021-09-11,Tuyen_Quang,33.8,24.4,28.7,80,6.9,44,1001.4,0
2021-09-12,Tuyen_Quang,33.9,24.6,29.3,81,5.9,45,998.5,0
2021-09-13,Tuyen_Quang,30.6,25.1,28.1,89,10.8,81,1001.9,1
2021-09-14,Tuyen_Quang,29.0,24.5,26.4,94,8.0,99,1006.0,1
2021-09-15,Tuyen_Quang,28.0,24.5,26.0,93,7.4,92,1007.1,1
2021-09-16,Tuyen_Quang,30.0,24.0,26.6,89,9.8,83,1005.6,1
2021-09-17,Tuyen_Quang,30.2,24.5,27.0,89,6.8,90,1004.0,1
2021-09-18,Tuyen_Quang,30.0,25.1,27.1,90,10.2,69,1004.6,1
2021-09-19,Tuyen_Quang,30.6,25.0,27.2,91,9.2,95,1005.0,1
2021-09-20,Tuyen_Quang,28.5,24.1,26.2,91,9.4,71,1005.8,1
2021-09-21,Tuyen_Quang,30.8,23.6,27.0,87,6.2,14,1004.9,1
2021-09-22,Tuyen_Quang,28.6,23.6,26.0,91,8.2,65,1005.0,1
2021-09-23,Tuyen_Quang,29.1,23.9,26.0,91,6.4,65,1006.9,1
2021-09-24,Tuyen_Quang,28.6,24.0,25.5,94,10.0,89,1007.5,1
2021-09-25,Tuyen_Quang,28.5,23.4,25.2,94,8.3,83,1007.3,1
2021-09-26,Tuyen_Quang,29.7,23.4,25.7,92,9.1,78,1007.6,1
2021-09-27,Tuyen_Quang,29.4,23.0,25.5,92,6.4,47,1007.1,1
2021-09-28,Tuyen_Quang,31.0,23.2,26.8,85,5.8,32,1005.4,1
2021-09-29,Tuyen_Quang,31.3,23.2,27.3,85,4.9,26,1004.1,1
2021-09-30,Tuyen_Quang,31.4,24.2,27.8,85,6.0,39,1004.0,1
2021-10-01,Tuyen_Quang,29.4,24.5,26.9,91,6.4,72,1004.4,1
2021-10-02,Tuyen_Quang,28.5,24.1,25.9,94,7.7,84,1005.4,1
2021-10-03,Tuyen_Quang,30.4,24.0,26.5,83,9.8,59,1005.6,0
2021-10-04,Tuyen_Quang,30.5,22.8,26.5,85,6.7,18,1006.8,1
2021-10-05,Tuyen_Quang,31.0,23.4,26.8,85,7.3,32,1006.9,1
2021-10-06,Tuyen_Quang,31.0,23.7,27.0,87,6.2,28,1003.9,1
2021-10-07,Tuyen_Quang,32.1,24.0,27.3,86,10.4,34,1001.7,1
2021-10-08,Tuyen_Quang,32.8,23.0,27.5,79,9.8,39,1000.7,1
2021-10-09,Tuyen_Quang,29.1,22.6,25.1,80,13.5,99,1000.8,1
2021-10-10,Tuyen_Quang,24.5,21.9,23.1,98,14.1,100,1000.2,1
2021-10-11,Tuyen_Quang,23.5,21.5,22.5,96,11.2,100,1005.0,1
2021-10-12,Tuyen_Quang,28.6,19.8,23.8,70,14.6,38,1005.6,0
2021-10-13,Tuyen_Quang,28.5,20.5,23.3,74,20.1,99,1002.6,1
2021-10-14,Tuyen_Quang,21.7,20.0,20.8,96,15.6,100,1003.4,1
2021-10-15,Tuyen_Quang,23.8,20.4,21.6,96,8.3,100,1007.4,1
2021-10-16,Tuyen_Quang,23.4,18.4,21.2,89,11.7,100,1013.0,1
2021-10-17,Tuyen_Quang,23.8,18.2,20.3,77,15.1,88,1016.0,1
2021-10-18,Tuyen_Quang,20.9,18.0,19.7,89,5.6,100,1014.4,1
2021-10-19,Tuyen_Quang,27.7,19.8,22.5,87,12.4,85,1012.6,0
2021-10-20,Tuyen_Quang,28.8,20.7,24.5,88,8.9,81,1009.0,1
2021-10-21,Tuyen_Quang,24.5,19.1,22.2,82,22.8,98,1011.3,1
2021-10-22,Tuyen_Quang,20.9,18.8,19.7,70,11.4,100,1016.6,1
2021-10-23,Tuyen_Quang,22.6,17.0,19.3,73,7.9,68,1017.0,0
2021-10-24,Tuyen_Quang,24.1,15.6,19.7,77,8.7,51,1016.2,0
2021-10-25,Tuyen_Quang,25.5,16.0,20.8,79,7.2,22,1012.9,0
2021-10-26,Tuyen_Quang,25.9,16.7,21.4,79,6.5,28,1011.5,0
2021-10-27,Tuyen_Quang,27.6,18.1,22.6,80,7.0,29,1012.4,0
2021-10-28,Tuyen_Quang,23.9,19.4,21.8,86,4.5,96,1013.3,1
2021-10-29,Tuyen_Quang,25.2,20.7,22.4,91,9.7,91,1013.5,1
2021-10-30,Tuyen_Quang,24.2,19.6,21.1,87,7.3,99,1014.5,1
2021-10-31,Tuyen_Quang,22.2,19.8,20.9,90,5.8,100,1013.3,1
2021-11-01,Tuyen_Quang,23.5,19.6,21.3,89,8.4,100,1013.2,1
2021-11-02,Tuyen_Quang,23.6,20.4,21.7,87,7.6,100,1013.1,1
2021-11-03,Tuyen_Quang,25.5,19.8,22.2,87,7.8,90,1011.1,1
2021-11-04,Tuyen_Quang,27.9,21.5,24.1,86,11.2,70,1008.1,1
2021-11-05,Tuyen_Quang,28.4,21.6,24.8,87,9.7,59,1005.3,1
2021-11-06,Tuyen_Quang,28.8,22.5,25.0,88,7.3,76,1003.3,1
2021-11-07,Tuyen_Quang,27.9,22.4,24.6,90,8.9,78,1007.1,1
2021-11-08,Tuyen_Quang,20.9,16.4,18.7,69,11.3,67,1016.5,1
2021-11-09,Tuyen_Quang,21.5,14.2,18.1,76,8.7,57,1016.3,0
2021-11-10,Tuyen_Quang,21.9,16.4,18.5,69,8.3,54,1015.9,0
2021-11-11,Tuyen_Quang,23.3,13.7,18.5,75,6.2,59,1013.1,0
2021-11-12,Tuyen_Quang,23.8,16.1,19.9,73,9.7,91,1015.3,0
2021-11-13,Tuyen_Quang,22.7,16.5,19.5,69,7.0,87,1015.2,0
2021-11-14,Tuyen_Quang,24.1,16.4,19.4,71,11.0,77,1013.6,0
2021-11-15,Tuyen_Quang,23.5,15.9,19.6,84,7.4,80,1011.6,1
2021-11-16,Tuyen_Quang,22.1,17.8,20.2,87,7.2,97,1011.4,1
2021-11-17,Tuyen_Quang,22.2,18.6,20.3,89,11.0,97,1013.4,1
2021-11-18,Tuyen_Quang,22.5,16.8,19.1,83,6.6,87,1011.4,0
2021-11-19,Tuyen_Quang,22.7,15.5,19.5,85,8.2,84,1006.4,1
2021-11-20,Tuyen_Quang,25.2,20.0,22.1,89,7.6,94,1005.0,1
2021-11-21,Tuyen_Quang,27.4,20.9,23.7,89,12.6,73,1007.7,1
2021-11-22,Tuyen_Quang,20.4,17.3,18.6,82,10.9,100,1014.8,1
2021-11-23,Tuyen_Quang,19.2,15.3,17.0,63,8.7,98,1017.9,0
2021-11-24,Tuyen_Quang,18.1,13.8,16.1,76,9.7,86,1017.7,0
2021-11-25,Tuyen_Quang,20.6,12.6,16.3,85,6.4,52,1015.4,1
2021-11-26,Tuyen_Quang,23.8,14.1,18.4,82,8.7,42,1015.1,0
2021-11-27,Tuyen_Quang,23.7,15.8,19.2,72,8.6,61,1016.0,0
2021-11-28,Tuyen_Quang,24.5,12.9,18.2,78,7.8,10,1015.5,0
2021-11-29,Tuyen_Quang,25.1,12.9,19.2,78,5.0,58,1014.2,0
2021-11-30,Tuyen_Quang,24.1,16.2,19.7,68,13.4,86,1017.1,0
2021-12-01,Tuyen_Quang,22.4,12.9,16.9,64,8.3,63,1017.9,0
2021-12-02,Tuyen_Quang,21.4,10.1,15.3,68,7.8,48,1018.4,0
2021-12-03,Tuyen_Quang,21.8,9.6,15.4,73,8.4,58,1018.1,0
2021-12-04,Tuyen_Quang,22.8,10.1,16.1,73,7.4,50,1017.5,0
2021-12-05,Tuyen_Quang,23.1,10.6,16.6,73,7.5,18,1017.2,0
2021-12-06,Tuyen_Quang,23.9,11.4,16.9,71,7.2,0,1016.4,0
2021-12-07,Tuyen_Quang,22.8,10.9,16.4,64,10.4,1,1016.1,0
2021-12-08,Tuyen_Quang,23.3,11.1,17.2,67,7.1,18,1017.1,0
2021-12-09,Tuyen_Quang,20.9,15.1,17.9,81,5.1,79,1018.2,0
2021-12-10,Tuyen_Quang,23.8,13.6,18.5,83,11.9,67,1015.1,0
2021-12-11,Tuyen_Quang,23.5,16.6,19.8,82,8.0,85,1015.3,1
2021-12-12,Tuyen_Quang,22.8,16.5,18.9,81,11.3,75,1018.1,1
2021-12-13,Tuyen_Quang,20.4,13.4,17.3,69,7.3,66,1018.1,0
2021-12-14,Tuyen_Quang,21.3,11.6,16.1,80,10.0,35,1013.6,0
2021-12-15,Tuyen_Quang,21.2,12.6,16.6,87,8.4,61,1010.4,0
2021-12-16,Tuyen_Quang,23.5,14.5,18.7,84,6.8,85,1011.3,1
2021-12-17,Tuyen_Quang,24.6,15.7,19.6,70,11.7,80,1015.8,1
2021-12-18,Tuyen_Quang,21.3,13.8,17.1,56,11.1,55,1018.6,0
2021-12-19,Tuyen_Quang,22.0,11.6,16.3,59,8.9,37,1017.8,0
2021-12-20,Tuyen_Quang,22.7,12.1,16.8,66,10.5,44,1013.4,0
2021-12-21,Tuyen_Quang,23.6,10.4,16.5,72,7.2,2,1013.2,0
2021-12-22,Tuyen_Quang,23.5,10.9,17.1,75,8.3,4,1012.4,0
2021-12-23,Tuyen_Quang,23.0,11.8,17.3,78,7.6,5,1011.0,0
2021-12-24,Tuyen_Quang,21.4,12.9,17.2,86,7.0,59,1011.9,1
2021-12-25,Tuyen_Quang,23.4,15.1,18.8,84,14.8,79,1014.6,1
2021-12-26,Tuyen_Quang,17.8,12.4,15.4,84,17.6,100,1018.6,1
2021-12-27,Tuyen_Quang,14.2,10.4,12.1,65,11.9,100,1022.9,1
2021-12-28,Tuyen_Quang,15.9,10.1,12.4,70,7.9,77,1020.5,0
2021-12-29,Tuyen_Quang,17.3,10.1,14.2,78,7.1,93,1020.0,0
2021-12-30,Tuyen_Quang,18.4,13.3,15.5,71,8.5,100,1021.5,0
2021-12-31,Tuyen_Quang,18.2,13.4,15.5,73,6.2,90,1020.6,0
2021-01-01,Lao_Cai,14.6,8.6,10.8,79,6.3,55,1014.7,0
2021-01-02,Lao_Cai,14.9,6.9,10.6,79,5.2,10,1011.2,1
2021-01-03,Lao_Cai,16.3,7.3,11.8,78,5.7,25,1011.6,0
2021-01-04,Lao_Cai,16.8,8.0,12.3,82,6.9,49,1010.6,1
2021-01-05,Lao_Cai,16.4,8.3,12.5,87,7.0,64,1010.1,1
2021-01-06,Lao_Cai,13.9,11.1,12.3,99,6.3,93,1008.6,1
2021-01-07,Lao_Cai,13.8,11.2,12.4,100,5.5,99,1009.2,1
2021-01-08,Lao_Cai,11.5,8.5,9.8,99,5.9,99,1014.6,1
2021-01-09,Lao_Cai,8.6,5.1,7.3,99,4.6,97,1014.4,1
2021-01-10,Lao_Cai,7.1,5.4,6.2,98,4.6,98,1014.2,1
2021-01-11,Lao_Cai,10.4,6.7,8.4,78,8.2,91,1019.9,1
2021-01-12,Lao_Cai,15.4,7.4,11.0,63,4.8,67,1016.4,0
2021-01-13,Lao_Cai,16.1,8.4,11.5,63,6.1,9,1007.7,0
2021-01-14,Lao_Cai,18.6,8.6,12.9,68,5.9,17,1006.4,0
2021-01-15,Lao_Cai,20.2,9.3,14.3,75,7.7,5,1004.1,0
2021-01-16,Lao_Cai,16.0,10.5,13.7,94,6.1,95,1005.8,1
2021-01-17,Lao_Cai,15.8,12.0,14.1,84,10.9,98,1014.9,1
2021-01-18,Lao_Cai,18.7,8.7,13.6,72,5.6,16,1013.3,0
2021-01-19,Lao_Cai,18.5,8.9,13.3,78,8.6,12,1007.0,1
2021-01-20,Lao_Cai,16.4,8.4,11.9,92,6.4,52,1006.1,1
2021-01-21,Lao_Cai,18.6,10.8,14.2,92,5.6,68,1005.4,1
2021-01-22,Lao_Cai,17.4,11.8,14.8,94,6.2,70,1005.5,1
2021-01-23,Lao_Cai,19.0,12.2,15.4,93,7.0,66,1003.9,1
2021-01-24,Lao_Cai,20.9,13.0,15.8,96,9.9,86,1002.0,1
2021-01-25,Lao_Cai,21.6,12.8,16.7,93,5.7,76,1004.2,1
2021-01-26,Lao_Cai,20.6,15.6,18.0,95,9.0,83,1004.8,1
2021-01-27,Lao_Cai,19.7,15.0,17.3,97,9.1,92,1004.6,1
2021-01-28,Lao_Cai,18.5,13.9,16.5,94,9.8,85,1010.6,1
2021-01-29,Lao_Cai,15.0,12.2,13.5,99,5.7,80,1010.5,1
2021-01-30,Lao_Cai,15.7,12.3,13.5,99,6.0,97,1009.2,1
2021-01-31,Lao_Cai,17.7,13.4,15.0,97,6.4,96,1008.4,1
2021-02-01,Lao_Cai,20.8,14.0,16.9,94,6.0,81,1007.4,1
2021-02-02,Lao_Cai,21.0,14.9,18.0,95,9.4,82,1007.5,1
2021-02-03,Lao_Cai,21.4,16.2,18.8,94,8.2,84,1007.9,1
2021-02-04,Lao_Cai,21.2,15.2,18.2,93,12.2,77,1008.4,1
2021-02-05,Lao_Cai,20.8,13.5,17.4,93,5.0,63,1007.5,1
2021-02-06,Lao_Cai,20.3,15.4,17.5,93,6.0,65,1006.2,1
2021-02-07,Lao_Cai,18.6,14.2,16.7,95,4.3,79,1005.8,1
2021-02-08,Lao_Cai,18.4,14.4,16.6,97,7.2,99,1008.3,1
2021-02-09,Lao_Cai,19.3,13.8,15.5,88,6.5,83,1007.8,1
2021-02-10,Lao_Cai,24.9,11.8,17.9,69,8.7,8,1005.1,0
2021-02-11,Lao_Cai,19.9,12.3,16.4,78,5.5,24,1005.3,1
2021-02-12,Lao_Cai,19.1,12.8,16.3,90,6.0,61,1006.4,1
2021-02-13,Lao_Cai,18.2,13.5,15.9,95,5.4,75,1006.0,1
2021-02-14,Lao_Cai,19.6,14.7,16.6,93,5.2,63,1005.9,1
2021-02-15,Lao_Cai,23.6,13.8,18.0,87,10.5,42,1002.5,1
2021-02-16,Lao_Cai,23.8,15.7,19.3,90,8.7,71,1003.8,1
2021-02-17,Lao_Cai,21.3,15.9,18.3,84,7.7,79,1009.8,1
2021-02-18,Lao_Cai,20.0,15.4,17.6,84,6.2,77,1012.8,1
2021-02-19,Lao_Cai,19.5,15.8,17.3,85,4.4,84,1012.4,1
2021-02-20,Lao_Cai,21.0,15.5,17.6,86,4.1,78,1008.6,1
2021-02-21,Lao_Cai,25.1,14.2,18.9,83,8.7,41,1004.0,1
2021-02-22,Lao_Cai,25.1,13.6,19.1,85,8.2,37,1003.7,1
2021-02-23,Lao_Cai,22.9,16.7,19.2,91,5.7,69,1003.3,1
2021-02-24,Lao_Cai,25.5,15.7,19.5,91,14.8,74,999.1,1
2021-02-25,Lao_Cai,27.7,16.9,20.7,90,9.9,64,996.0,1
2021-02-26,Lao_Cai,25.9,16.5,21.0,88,7.3,62,996.5,1
2021-02-27,Lao_Cai,21.2,16.9,18.9,93,10.8,83,1000.5,1
2021-02-28,Lao_Cai,21.5,14.9,17.3,95,6.9,78,1001.3,1
2021-03-01,Lao_Cai,26.5,14.6,20.1,86,7.2,54,1003.6,1
2021-03-02,Lao_Cai,19.4,16.4,17.8,91,8.7,70,1007.8,1
2021-03-03,Lao_Cai,17.9,15.0,16.1,96,4.6,91,1007.6,1
2021-03-04,Lao_Cai,20.6,13.7,16.2,95,6.9,81,1005.2,1
2021-03-05,Lao_Cai,24.6,13.8,18.3,91,9.4,60,1001.9,1
2021-03-06,Lao_Cai,27.3,14.7,20.5,85,10.0,32,1002.9,1
2021-03-07,Lao_Cai,22.7,18.1,20.2,87,9.4,80,1005.8,1
2021-03-08,Lao_Cai,23.4,17.3,19.8,93,8.8,88,1005.2,1
2021-03-09,Lao_Cai,24.0,17.9,20.6,95,7.9,87,1004.4,1
2021-03-10,Lao_Cai,25.6,18.0,21.4,93,8.6,77,1003.8,1
2021-03-11,Lao_Cai,24.9,20.4,22.0,92,12.4,83,1005.2,1
2021-03-12,Lao_Cai,23.6,20.3,21.5,94,9.7,78,1006.1,1
2021-03-13,Lao_Cai,24.5,19.9,21.7,91,7.4,76,1005.7,1
2021-03-14,Lao_Cai,25.5,19.2,21.8,90,10.9,71,1002.3,1
2021-03-15,Lao_Cai,26.1,18.3,21.4,92,8.7,72,999.8,1
2021-03-16,Lao_Cai,26.5,18.5,21.8,92,10.8,82,999.4,1
2021-03-17,Lao_Cai,27.2,19.0,22.4,92,11.4,82,999.0,1
2021-03-18,Lao_Cai,27.9,19.2,23.0,91,9.0,72,998.8,1
2021-03-19,Lao_Cai,28.7,19.7,23.5,91,10.5,87,997.4,1
2021-03-20,Lao_Cai,27.8,20.3,23.7,91,10.7,76,997.3,1
2021-03-21,Lao_Cai,23.1,16.2,20.1,98,12.5,98,1004.8,1
2021-03-22,Lao_Cai,18.2,14.4,16.1,85,5.4,84,1013.3,1
2021-03-23,Lao_Cai,18.7,13.1,15.5,81,4.8,45,1009.7,1
2021-03-24,Lao_Cai,21.6,13.2,16.6,88,4.5,38,1004.9,1
2021-03-25,Lao_Cai,19.7,14.7,16.8,98,6.1,86,1003.3,1
2021-03-26,Lao_Cai,24.6,16.1,19.5,93,6.9,70,1000.6,1
2021-03-27,Lao_Cai,27.1,17.7,21.9,92,9.6,81,998.1,1
2021-03-28,Lao_Cai,28.4,18.9,23.2,91,12.9,73,996.7,1
2021-03-29,Lao_Cai,32.6,19.8,25.1,84,8.8,47,993.0,1
2021-03-30,Lao_Cai,31.3,20.9,25.1,81,11.2,30,990.9,1
2021-03-31,Lao_Cai,34.7,19.0,26.1,67,8.1,14,990.2,0
2021-04-01,Lao_Cai,34.0,20.7,26.8,71,10.4,47,991.7,1
2021-04-02,Lao_Cai,30.9,20.3,25.6,86,10.2,54,995.0,1
2021-04-03,Lao_Cai,28.9,22.1,25.6,90,7.0,82,998.5,1
2021-04-04,Lao_Cai,24.0,21.8,23.2,99,5.8,98,1001.6,1
2021-04-05,Lao_Cai,21.7,20.1,20.9,98,5.7,99,1004.6,1
2021-04-06,Lao_Cai,22.1,19.0,20.4,99,9.4,96,1004.5,1
2021-04-07,Lao_Cai,29.3,18.0,23.3,80,10.2,31,1002.0,1
2021-04-08,Lao_Cai,28.9,18.4,23.6,85,11.5,67,1000.5,1
2021-04-09,Lao_Cai,22.6,19.2,20.9,92,8.5,83,1003.7,1
2021-04-10,Lao_Cai,22.4,17.8,19.4,95,7.7,90,1005.5,1
2021-04-11,Lao_Cai,24.4,17.5,20.3,95,7.1,98,1004.7,1
2021-04-12,Lao_Cai,28.6,19.0,23.0,89,12.2,86,1002.2,1
2021-04-13,Lao_Cai,28.5,20.4,23.9,91,11.6,95,1000.5,1
2021-04-14,Lao_Cai,29.5,21.7,25.1,89,11.1,90,998.8,1
2021-04-15,Lao_Cai,30.0,21.3,25.3,89,12.0,73,997.7,1
2021-04-16,Lao_Cai,28.9,21.7,25.4,91,9.9,75,999.4,1
2021-04-17,Lao_Cai,23.1,20.4,21.9,100,5.2,100,1004.2,1
2021-04-18,Lao_Cai,21.1,19.4,20.3,99,5.1,95,1002.5,1
2021-04-19,Lao_Cai,28.6,18.9,23.1,88,9.7,55,997.8,1
2021-04-20,Lao_Cai,32.2,20.0,25.4,84,9.4,51,996.1,1
2021-04-21,Lao_Cai,32.2,21.4,26.3,86,10.8,61,996.7,1
2021-04-22,Lao_Cai,31.8,22.1,26.5,87,9.5,58,996.3,1
2021-04-23,Lao_Cai,32.4,22.7,27.3,86,13.0,58,993.7,1
2021-04-24,Lao_Cai,32.5,22.8,27.3,87,11.1,60,994.2,1
2021-04-25,Lao_Cai,29.3,23.5,26.2,93,9.2,91,997.3,1
2021-04-26,Lao_Cai,25.0,21.5,23.4,98,8.5,97,999.8,1
2021-04-27,Lao_Cai,23.2,20.1,21.5,96,3.7,99,1003.0,1
2021-04-28,Lao_Cai,24.8,20.8,22.5,93,7.8,98,1004.5,1
2021-04-29,Lao_Cai,28.8,20.8,24.1,75,7.5,71,1004.7,1
2021-04-30,Lao_Cai,29.7,21.5,24.9,74,7.9,57,1000.8,0
2021-05-01,Lao_Cai,30.2,21.5,25.6,82,8.5,80,1000.4,1
2021-05-02,Lao_Cai,31.1,21.9,26.3,84,10.0,66,998.6,1
2021-05-03,Lao_Cai,32.7,22.3,27.0,85,10.5,59,996.0,1
2021-05-04,Lao_Cai,33.8,23.2,28.2,80,9.0,40,996.2,1
2021-05-05,Lao_Cai,28.3,22.7,25.2,90,11.2,88,1000.7,1
2021-05-06,Lao_Cai,29.7,21.8,25.3,86,6.8,93,1001.8,1
2021-05-07,Lao_Cai,29.9,22.3,25.4,85,6.2,71,1000.7,1
2021-05-08,Lao_Cai,32.2,21.2,26.7,84,9.1,43,997.8,1
2021-05-09,Lao_Cai,33.0,22.6,28.0,81,11.4,34,995.5,1
2021-05-10,Lao_Cai,33.1,23.6,28.2,80,9.0,56,994.1,1
2021-05-11,Lao_Cai,35.3,24.2,29.6,66,8.0,16,992.9,0
2021-05-12,Lao_Cai,34.7,24.8,29.3,70,7.4,59,992.7,0
2021-05-13,Lao_Cai,33.3,23.3,28.3,78,10.4,33,993.2,1
2021-05-14,Lao_Cai,33.7,24.7,28.3,83,15.2,52,993.0,1
2021-05-15,Lao_Cai,34.5,23.9,28.8,81,9.7,46,993.6,1
2021-05-16,Lao_Cai,35.2,25.7,30.1,74,11.2,21,993.7,1
2021-05-17,Lao_Cai,34.5,24.7,29.4,83,13.2,75,995.0,1
2021-05-18,Lao_Cai,34.1,24.9,28.9,85,12.6,74,994.6,1
2021-05-19,Lao_Cai,34.6,24.7,29.2,83,9.8,81,992.3,1
2021-05-20,Lao_Cai,36.2,25.9,30.5,74,11.4,43,992.6,1
2021-05-21,Lao_Cai,36.4,24.4,29.8,82,11.6,46,992.1,1
2021-05-22,Lao_Cai,37.5,25.3,31.0,77,10.5,60,990.2,1
2021-05-23,Lao_Cai,35.4,25.3,29.4,84,11.4,92,993.5,1
2021-05-24,Lao_Cai,29.2,24.6,26.4,90,6.3,87,999.2,1
2021-05-25,Lao_Cai,30.3,24.0,26.2,89,8.7,75,998.5,1
2021-05-26,Lao_Cai,30.5,23.1,26.3,91,7.0,86,996.0,1
2021-05-27,Lao_Cai,28.2,24.0,26.4,95,6.1,95,997.5,1
2021-05-28,Lao_Cai,31.1,24.0,27.6,90,6.5,87,997.1,1
2021-05-29,Lao_Cai,34.4,24.3,29.0,83,10.3,78,994.3,1
2021-05-30,Lao_Cai,34.4,24.7,29.5,84,6.5,92,992.7,1
2021-05-31,Lao_Cai,34.7,25.5,29.7,82,7.1,99,991.1,1
2021-06-01,Lao_Cai,37.1,27.9,32.4,66,5.8,80,990.6,0
2021-06-02,Lao_Cai,35.4,27.8,31.2,71,9.9,97,991.2,1
2021-06-03,Lao_Cai,37.4,26.9,32.1,68,8.8,73,991.6,1
2021-06-04,Lao_Cai,30.2,24.5,26.9,80,8.7,94,996.9,1
2021-06-05,Lao_Cai,28.3,22.8,25.0,88,4.3,94,996.0,1
2021-06-06,Lao_Cai,29.8,23.4,26.8,85,4.6,87,993.9,1
2021-06-07,Lao_Cai,28.8,24.4,26.4,92,6.2,98,994.9,1
2021-06-08,Lao_Cai,30.9,25.0,27.7,81,8.4,94,995.9,1
2021-06-09,Lao_Cai,28.4,24.8,26.6,91,4.4,98,994.6,1
2021-06-10,Lao_Cai,29.4,24.0,26.4,92,5.7,99,993.2,1
2021-06-11,Lao_Cai,30.7,24.2,26.7,89,7.1,95,994.1,1
2021-06-12,Lao_Cai,32.9,25.0,29.2,77,7.7,89,994.0,1
2021-06-13,Lao_Cai,31.0,24.8,26.6,92,9.3,86,992.8,1
2021-06-14,Lao_Cai,29.3,24.1,26.3,94,6.9,75,991.0,1
2021-06-15,Lao_Cai,35.0,24.6,29.0,80,7.7,66,988.8,1
2021-06-16,Lao_Cai,35.7,26.1,30.6,72,8.4,73,990.6,1
2021-06-17,Lao_Cai,36.4,26.5,30.9,71,7.6,39,992.4,1
2021-06-18,Lao_Cai,37.5,27.1,32.0,66,6.9,38,992.4,0
2021-06-19,Lao_Cai,39.2,27.1,32.6,62,8.0,30,990.4,0
2021-06-20,Lao_Cai,39.9,27.1,33.1,59,8.5,50,988.8,0
2021-06-21,Lao_Cai,38.3,28.1,33.1,59,8.4,87,989.4,0
2021-06-22,Lao_Cai,33.8,27.4,30.6,74,8.6,86,993.0,1
2021-06-23,Lao_Cai,31.8,25.5,27.8,90,5.9,98,993.7,1
2021-06-24,Lao_Cai,31.7,25.4,27.8,90,6.2,95,992.5,1
2021-06-25,Lao_Cai,29.6,24.6,26.5,96,7.6,98,992.2,1
2021-06-26,Lao_Cai,31.9,24.7,27.8,89,7.3,96,992.7,1
2021-06-27,Lao_Cai,34.8,26.6,30.0,79,8.7,98,991.6,1
2021-06-28,Lao_Cai,36.2,27.0,31.4,72,6.1,100,989.5,1
2021-06-29,Lao_Cai,32.2,27.1,29.7,78,6.1,99,989.9,1
2021-06-30,Lao_Cai,30.7,25.9,27.7,92,5.2,100,990.5,1
2021-07-01,Lao_Cai,27.2,25.4,26.4,97,4.3,100,991.2,1
2021-07-02,Lao_Cai,29.0,24.7,27.1,92,5.7,100,992.5,1
2021-07-03,Lao_Cai,33.6,26.1,28.8,86,6.6,100,992.5,1
2021-07-04,Lao_Cai,34.4,26.5,30.1,75,7.8,99,992.6,0
2021-07-05,Lao_Cai,30.0,25.3,27.1,93,6.3,99,994.3,1
2021-07-06,Lao_Cai,29.7,24.1,26.7,92,6.5,75,994.4,1
2021-07-07,Lao_Cai,33.6,24.7,29.3,77,5.9,56,995.0,1
2021-07-08,Lao_Cai,29.1,24.7,26.0,94,5.9,96,996.6,1
2021-07-09,Lao_Cai,30.2,24.1,26.3,93,9.0,82,998.1,1
2021-07-10,Lao_Cai,29.6,23.4,26.6,92,4.7,89,998.3,1
2021-07-11,Lao_Cai,31.2,23.6,27.3,88,8.3,75,998.6,1
2021-07-12,Lao_Cai,32.2,24.3,28.1,86,10.3,60,997.2,1
2021-07-13,Lao_Cai,32.2,25.1,28.4,87,10.7,68,995.0,1
2021-07-14,Lao_Cai,31.0,24.3,27.4,90,10.6,79,995.1,1
2021-07-15,Lao_Cai,30.1,23.9,26.9,90,8.7,79,996.8,1
2021-07-16,Lao_Cai,32.1,23.7,27.6,86,5.5,84,997.4,1
2021-07-17,Lao_Cai,35.2,23.7,29.5,79,9.8,81,993.3,1
2021-07-18,Lao_Cai,26.9,24.2,25.5,99,5.0,100,992.1,1
2021-07-19,Lao_Cai,28.1,23.9,25.5,96,4.7,98,992.5,1
2021-07-20,Lao_Cai,30.2,23.9,26.5,91,4.8,97,993.1,1
2021-07-21,Lao_Cai,30.3,24.0,27.2,89,5.6,92,991.8,1
2021-07-22,Lao_Cai,29.5,23.9,27.2,92,6.0,98,990.4,1
2021-07-23,Lao_Cai,33.7,24.5,28.0,86,8.4,98,989.3,1
2021-07-24,Lao_Cai,34.9,24.2,29.8,75,7.0,77,989.3,1
2021-07-25,Lao_Cai,31.0,24.7,27.5,88,6.8,98,991.1,1
2021-07-26,Lao_Cai,30.9,25.3,27.9,84,4.3,85,989.9,1
2021-07-27,Lao_Cai,34.5,24.4,29.5,76,6.8,71,988.0,1
2021-07-28,Lao_Cai,34.7,25.1,30.0,80,7.4,81,988.2,1
2021-07-29,Lao_Cai,34.5,25.7,29.7,83,6.0,87,989.3,1
2021-07-30,Lao_Cai,35.3,25.9,29.8,87,7.9,97,989.9,1
2021-07-31,Lao_Cai,35.7,25.7,30.3,83,6.6,100,989.2,1
2021-08-01,Lao_Cai,28.4,25.6,27.0,95,4.8,99,989.5,1
2021-08-02,Lao_Cai,37.4,24.6,30.6,67,6.4,50,988.6,0
2021-08-03,Lao_Cai,35.0,27.3,30.6,67,6.1,77,990.2,0
2021-08-04,Lao_Cai,38.0,25.8,31.7,61,7.3,23,990.0,0
2021-08-05,Lao_Cai,38.7,27.6,32.8,60,7.1,33,988.6,0
2021-08-06,Lao_Cai,39.0,27.8,32.8,63,7.8,57,989.3,0
2021-08-07,Lao_Cai,38.6,28.4,33.0,62,6.6,86,990.2,0
2021-08-08,Lao_Cai,35.7,29.2,32.1,68,8.5,97,991.2,1
2021-08-09,Lao_Cai,33.2,26.9,29.9,84,6.4,99,992.0,1
2021-08-10,Lao_Cai,30.4,25.7,27.2,95,5.8,100,992.1,1
2021-08-11,Lao_Cai,28.6,24.8,26.2,97,5.5,100,994.1,1
2021-08-12,Lao_Cai,30.6,24.6,27.2,91,6.5,98,995.3,1
2021-08-13,Lao_Cai,32.4,25.2,28.3,88,7.6,99,991.8,1
2021-08-14,Lao_Cai,28.6,25.1,26.3,97,4.3,100,991.8,1
2021-08-15,Lao_Cai,26.2,24.6,25.5,99,4.2,100,995.3,1
2021-08-16,Lao_Cai,29.1,23.7,26.0,96,8.3,94,998.7,1
2021-08-17,Lao_Cai,28.5,23.9,25.8,96,5.9,94,998.4,1
2021-08-18,Lao_Cai,32.7,25.2,28.8,80,6.2,82,995.9,1
2021-08-19,Lao_Cai,30.6,24.9,27.6,85,6.1,70,996.1,1
2021-08-20,Lao_Cai,32.0,24.6,27.8,86,7.3,58,997.2,1
2021-08-21,Lao_Cai,33.2,24.0,28.5,82,9.3,69,996.0,1
2021-08-22,Lao_Cai,34.4,26.0,29.6,77,9.2,75,993.2,1
2021-08-23,Lao_Cai,32.0,25.1,28.3,87,7.6,94,992.7,1
2021-08-24,Lao_Cai,30.2,24.6,27.0,92,7.3,98,994.0,1
2021-08-25,Lao_Cai,29.9,24.5,26.6,93,5.4,94,995.3,1
2021-08-26,Lao_Cai,28.6,24.0,26.3,93,7.0,90,997.9,1
2021-08-27,Lao_Cai,30.2,24.1,26.7,88,7.7,64,999.4,1
2021-08-28,Lao_Cai,29.0,23.8,26.4,87,8.4,58,999.2,1
2021-08-29,Lao_Cai,29.5,23.3,26.1,89,6.4,64,999.2,1
2021-08-30,Lao_Cai,31.2,24.2,27.5,80,7.2,41,999.5,1
2021-08-31,Lao_Cai,31.5,24.1,27.6,83,6.6,50,999.4,1
2021-09-01,Lao_Cai,30.3,23.9,27.4,83,6.2,65,998.7,1
2021-09-02,Lao_Cai,31.2,23.8,27.3,83,7.8,88,997.5,1
2021-09-03,Lao_Cai,31.1,23.4,27.3,85,7.4,57,995.2,1
2021-09-04,Lao_Cai,31.0,23.8,27.4,86,8.2,65,995.3,1
2021-09-05,Lao_Cai,29.2,24.5,26.7,88,7.9,61,998.3,1
2021-09-06,Lao_Cai,31.9,23.8,27.8,76,6.3,44,1000.5,1
2021-09-07,Lao_Cai,32.1,24.6,28.2,74,5.1,75,1000.6,1
2021-09-08,Lao_Cai,30.3,24.5,27.1,80,7.6,80,999.2,1
2021-09-09,Lao_Cai,30.1,24.1,26.6,85,5.2,73,1000.2,1
2021-09-10,Lao_Cai,33.3,23.9,28.1,65,6.2,39,999.2,1
2021-09-11,Lao_Cai,35.1,23.4,28.8,59,5.8,6,995.8,0
2021-09-12,Lao_Cai,35.1,24.4,29.5,68,6.1,6,992.8,0
2021-09-13,Lao_Cai,34.6,25.9,29.4,75,11.3,45,996.1,1
2021-09-14,Lao_Cai,30.6,25.2,27.5,87,5.6,96,1000.4,1
2021-09-15,Lao_Cai,28.8,24.9,26.8,89,4.8,90,1001.1,1
2021-09-16,Lao_Cai,28.5,23.8,26.0,93,5.4,93,999.6,1
2021-09-17,Lao_Cai,29.7,23.6,26.3,92,6.6,94,998.1,1
2021-09-18,Lao_Cai,29.1,24.0,26.2,92,7.6,98,998.7,1
2021-09-19,Lao_Cai,29.2,23.5,25.6,96,7.3,95,999.4,1
2021-09-20,Lao_Cai,27.5,23.4,25.4,90,5.6,74,1000.5,1
2021-09-21,Lao_Cai,31.5,23.2,27.0,77,6.0,16,999.2,0
2021-09-22,Lao_Cai,31.0,22.9,26.8,79,9.4,34,998.9,1
2021-09-23,Lao_Cai,28.5,23.9,25.8,89,7.5,60,1001.2,1
2021-09-24,Lao_Cai,30.8,23.6,26.8,83,10.7,57,1001.8,1
2021-09-25,Lao_Cai,26.7,23.5,24.9,94,3.7,87,1001.8,1
2021-09-26,Lao_Cai,27.7,23.2,25.0,91,3.6,71,1002.1,1
2021-09-27,Lao_Cai,30.3,22.6,26.0,80,5.1,51,1001.3,1
2021-09-28,Lao_Cai,31.2,23.5,27.6,72,5.4,33,999.4,1
2021-09-29,Lao_Cai,32.8,24.0,28.5,74,7.2,28,998.3,1
2021-09-30,Lao_Cai,30.5,22.5,27.1,83,5.2,72,998.5,1
2021-10-01,Lao_Cai,30.0,23.5,27.3,84,6.5,79,998.6,1
2021-10-02,Lao_Cai,28.1,23.7,25.4,93,6.6,81,999.6,1
2021-10-03,Lao_Cai,27.3,22.7,24.8,94,6.4,82,999.8,1
2021-10-04,Lao_Cai,29.9,22.2,25.8,86,6.1,49,1000.9,1
2021-10-05,Lao_Cai,31.2,23.2,26.9,76,7.4,21,1001.1,0
2021-10-06,Lao_Cai,31.9,23.0,27.1,73,7.2,15,998.3,0
2021-10-07,Lao_Cai,32.7,23.2,27.7,71,7.1,18,996.2,1
2021-10-08,Lao_Cai,32.6,24.0,28.2,68,7.4,23,995.5,1
2021-10-09,Lao_Cai,33.7,24.5,28.5,63,7.1,95,995.3,1
2021-10-10,Lao_Cai,26.8,22.7,24.5,94,8.3,100,995.9,1
2021-10-11,Lao_Cai,24.7,22.2,23.2,98,6.8,100,999.5,1
2021-10-12,Lao_Cai,30.2,22.7,25.6,69,8.8,36,1000.0,0
2021-10-13,Lao_Cai,31.3,22.1,26.1,62,11.4,87,998.2,1
2021-10-14,Lao_Cai,24.8,21.6,23.0,94,9.4,100,998.4,1
2021-10-15,Lao_Cai,23.5,21.2,22.2,96,4.7,100,1001.8,1
2021-10-16,Lao_Cai,23.3,20.8,21.9,86,6.4,100,1007.3,1
2021-10-17,Lao_Cai,25.2,21.4,22.7,65,7.5,77,1010.0,0
2021-10-18,Lao_Cai,24.0,19.0,21.7,78,6.0,63,1008.0,0
2021-10-19,Lao_Cai,27.2,19.7,23.1,83,9.3,70,1006.1,0
2021-10-20,Lao_Cai,28.9,20.4,24.2,88,11.1,76,1002.9,1
2021-10-21,Lao_Cai,23.5,20.0,22.1,95,12.2,99,1004.9,1
2021-10-22,Lao_Cai,20.9,17.8,18.9,97,4.7,100,1010.5,1
2021-10-23,Lao_Cai,19.8,17.0,18.2,87,4.3,75,1011.1,1
2021-10-24,Lao_Cai,22.6,17.5,20.0,80,4.3,65,1010.3,1
2021-10-25,Lao_Cai,23.9,18.2,21.0,80,4.7,57,1006.8,0
2021-10-26,Lao_Cai,24.7,18.7,21.8,79,4.2,44,1005.4,0
2021-10-27,Lao_Cai,26.0,21.1,23.5,77,7.3,60,1006.6,0
2021-10-28,Lao_Cai,25.7,18.4,22.9,79,5.4,74,1007.0,0
2021-10-29,Lao_Cai,25.4,21.6,23.4,84,4.3,76,1007.4,1
2021-10-30,Lao_Cai,23.7,21.3,22.3,88,6.4,95,1007.8,1
2021-10-31,Lao_Cai,22.2,19.6,20.9,92,4.0,99,1007.0,1
2021-11-01,Lao_Cai,22.8,20.3,21.5,95,8.5,100,1006.9,1
2021-11-02,Lao_Cai,24.1,20.5,21.9,95,8.3,99,1006.8,1
2021-11-03,Lao_Cai,24.6,20.4,21.9,94,7.4,93,1004.8,1
2021-11-04,Lao_Cai,26.9,20.5,23.0,91,8.0,85,1002.1,1
2021-11-05,Lao_Cai,28.8,21.5,24.5,87,8.0,63,999.1,1
2021-11-06,Lao_Cai,28.9,22.1,25.1,86,7.9,48,997.1,1
2021-11-07,Lao_Cai,29.4,22.1,24.8,85,9.4,65,1001.1,1
2021-11-08,Lao_Cai,22.2,16.7,19.0,75,9.0,78,1010.3,1
2021-11-09,Lao_Cai,19.1,15.9,17.6,77,5.9,65,1010.2,0
2021-11-10,Lao_Cai,20.2,16.3,18.1,81,4.7,78,1009.8,1
2021-11-11,Lao_Cai,19.0,15.0,17.3,85,7.6,72,1007.1,0
2021-11-12,Lao_Cai,20.7,17.7,19.2,79,5.6,98,1009.4,1
2021-11-13,Lao_Cai,20.3,17.9,19.1,73,6.7,80,1009.2,0
2021-11-14,Lao_Cai,19.1,16.2,17.5,85,5.2,95,1007.8,1
2021-11-15,Lao_Cai,18.3,15.5,16.7,93,4.4,99,1006.1,1
2021-11-16,Lao_Cai,18.7,15.7,17.2,96,5.2,100,1005.5,1
2021-11-17,Lao_Cai,21.0,17.8,19.0,100,6.6,100,1007.3,1
2021-11-18,Lao_Cai,20.0,16.5,18.0,90,5.5,88,1005.3,0
2021-11-19,Lao_Cai,23.5,15.2,18.4,91,9.2,84,999.9,0
2021-11-20,Lao_Cai,24.7,16.5,19.9,91,8.7,72,999.0,1
2021-11-21,Lao_Cai,26.2,18.2,22.0,89,5.8,65,1001.7,1
2021-11-22,Lao_Cai,21.2,16.9,18.7,95,8.5,98,1008.2,1
2021-11-23,Lao_Cai,16.9,14.5,15.8,85,4.7,98,1011.8,1
2021-11-24,Lao_Cai,15.9,13.8,14.6,92,4.8,93,1012.0,1
2021-11-25,Lao_Cai,18.8,13.1,16.0,88,4.7,65,1009.3,1
2021-11-26,Lao_Cai,21.4,15.3,18.4,83,3.8,72,1009.1,0
2021-11-27,Lao_Cai,22.5,16.8,19.6,77,6.0,48,1009.9,0
2021-11-28,Lao_Cai,22.7,14.6,18.5,77,6.4,20,1009.5,0
2021-11-29,Lao_Cai,23.6,14.5,19.2,76,5.2,59,1008.1,0
2021-11-30,Lao_Cai,23.2,16.9,19.3,75,7.3,68,1011.3,1
2021-12-01,Lao_Cai,21.5,16.1,18.6,70,5.2,61,1011.5,0
2021-12-02,Lao_Cai,21.3,13.1,16.6,72,5.2,36,1012.0,0
2021-12-03,Lao_Cai,21.4,12.7,16.5,69,7.6,55,1011.8,0
2021-12-04,Lao_Cai,22.4,11.9,16.7,67,7.5,45,1011.4,0
2021-12-05,Lao_Cai,23.0,12.6,17.7,65,7.4,29,1011.2,0
2021-12-06,Lao_Cai,22.9,13.7,17.9,68,5.9,2,1010.1,0
2021-12-07,Lao_Cai,22.1,13.3,17.0,71,6.5,1,1009.6,0
2021-12-08,Lao_Cai,21.3,13.4,16.9,70,5.1,0,1010.8,0
2021-12-09,Lao_Cai,21.1,12.4,16.9,78,4.7,26,1011.9,0
2021-12-10,Lao_Cai,21.7,14.7,17.9,83,4.8,62,1008.9,0
2021-12-11,Lao_Cai,21.4,16.1,18.9,89,5.0,94,1009.1,1
2021-12-12,Lao_Cai,20.4,17.1,18.7,91,4.5,91,1012.0,1
2021-12-13,Lao_Cai,18.6,14.5,16.9,82,5.2,75,1011.7,0
2021-12-14,Lao_Cai,19.6,12.3,15.4,86,7.0,52,1007.3,0
2021-12-15,Lao_Cai,22.7,12.4,16.2,86,9.0,58,1004.1,0
2021-12-16,Lao_Cai,22.0,13.1,16.8,85,5.6,46,1005.5,1
2021-12-17,Lao_Cai,22.9,16.4,19.4,76,7.1,82,1009.8,1
2021-12-18,Lao_Cai,20.3,15.4,18.2,70,9.7,69,1011.9,0
2021-12-19,Lao_Cai,19.7,13.0,16.3,69,7.6,72,1011.6,0
2021-12-20,Lao_Cai,22.8,9.7,16.1,69,6.8,20,1007.3,0
2021-12-21,Lao_Cai,21.7,12.8,16.8,67,6.0,1,1007.0,0
2021-12-22,Lao_Cai,21.9,12.0,17.1,70,6.5,4,1006.2,0
2021-12-23,Lao_Cai,21.4,12.9,16.6,78,6.9,17,1004.8,0
2021-12-24,Lao_Cai,20.9,13.8,16.9,84,6.6,37,1005.7,1
2021-12-25,Lao_Cai,18.6,15.0,16.9,97,4.7,88,1008.5,1
2021-12-26,Lao_Cai,17.5,15.9,16.7,95,10.1,100,1011.3,1
2021-12-27,Lao_Cai,15.4,10.7,12.4,89,10.1,99,1015.6,1
2021-12-28,Lao_Cai,12.4,9.0,10.5,91,4.5,88,1014.1,0
2021-12-29,Lao_Cai,15.2,9.7,12.3,92,6.1,85,1013.7,1
2021-12-30,Lao_Cai,15.2,12.8,13.9,95,3.7,92,1015.0,1
2021-12-31,Lao_Cai,15.7,12.5,13.8,91,4.4,90,1014.2,1
2021-01-01,Thai_Nguyen,17.8,6.1,11.3,53,8.9,52,1021.7,0
2021-01-02,Thai_Nguyen,18.6,5.4,11.8,61,10.2,17,1018.0,0
2021-01-03,Thai_Nguyen,21.5,6.3,13.6,64,8.1,41,1018.0,0
2021-01-04,Thai_Nguyen,22.0,7.8,14.6,63,10.0,16,1016.9,0
2021-01-05,Thai_Nguyen,23.1,9.2,16.7,64,10.8,64,1016.4,0
2021-01-06,Thai_Nguyen,19.5,15.7,17.1,52,8.9,99,1015.5,0
2021-01-07,Thai_Nguyen,15.9,10.8,14.0,60,11.8,100,1017.1,1
2021-01-08,Thai_Nguyen,12.6,8.1,10.3,51,13.3,84,1022.5,1
2021-01-09,Thai_Nguyen,14.5,8.2,10.6,40,9.3,69,1021.3,0
2021-01-10,Thai_Nguyen,15.4,8.0,11.0,41,8.9,68,1020.4,0
2021-01-11,Thai_Nguyen,15.8,8.7,11.9,34,19.8,56,1025.3,0
2021-01-12,Thai_Nguyen,18.2,7.1,12.6,42,11.9,34,1022.2,0
2021-01-13,Thai_Nguyen,20.2,6.2,13.6,51,15.0,13,1014.8,0
2021-01-14,Thai_Nguyen,21.9,8.3,14.9,67,9.1,21,1013.2,0
2021-01-15,Thai_Nguyen,21.6,9.6,15.9,78,11.9,58,1011.3,0
2021-01-16,Thai_Nguyen,20.9,15.1,17.6,83,7.4,89,1012.1,1
2021-01-17,Thai_Nguyen,16.4,13.5,15.0,60,17.8,95,1021.6,1
2021-01-18,Thai_Nguyen,19.8,8.1,13.9,46,9.7,8,1020.3,0
2021-01-19,Thai_Nguyen,21.7,7.9,14.6,64,16.0,0,1014.6,0
2021-01-20,Thai_Nguyen,20.5,10.8,16.1,75,10.8,83,1012.8,0
2021-01-21,Thai_Nguyen,21.8,14.4,17.9,79,8.3,70,1011.8,0
2021-01-22,Thai_Nguyen,23.5,14.2,18.5,74,7.9,59,1011.5,0
2021-01-23,Thai_Nguyen,25.8,13.9,19.2,71,13.7,29,1010.4,0
2021-01-24,Thai_Nguyen,25.0,14.4,19.3,77,16.8,58,1009.3,0
2021-01-25,Thai_Nguyen,23.3,18.6,20.5,87,12.7,100,1010.8,1
2021-01-26,Thai_Nguyen,22.6,16.8,19.6,88,10.5,82,1012.2,1
2021-01-27,Thai_Nguyen,22.8,15.6,18.9,83,10.6,80,1012.0,0
2021-01-28,Thai_Nguyen,19.9,16.1,18.1,65,17.1,100,1017.8,1
2021-01-29,Thai_Nguyen,22.0,15.1,18.0,59,8.4,78,1016.9,0
2021-01-30,Thai_Nguyen,21.5,14.2,17.6,82,10.7,93,1015.7,1
2021-01-31,Thai_Nguyen,20.1,16.6,18.3,90,11.1,98,1015.1,1
2021-02-01,Thai_Nguyen,24.0,17.4,20.3,81,12.0,81,1014.1,1
2021-02-02,Thai_Nguyen,24.0,16.5,20.1,81,15.0,63,1014.7,1
2021-02-03,Thai_Nguyen,24.4,16.7,19.7,83,12.0,72,1015.3,1
2021-02-04,Thai_Nguyen,24.2,16.7,19.4,82,12.4,69,1015.7,1
2021-02-05,Thai_Nguyen,24.7,14.2,19.3,81,9.1,57,1014.3,1
2021-02-06,Thai_Nguyen,25.6,14.3,19.5,77,11.7,36,1012.9,0
2021-02-07,Thai_Nguyen,26.6,16.4,21.0,75,12.1,69,1012.0,0
2021-02-08,Thai_Nguyen,24.5,16.9,19.8,83,13.3,65,1013.5,1
2021-02-09,Thai_Nguyen,17.2,13.0,16.0,92,14.3,86,1013.7,1
2021-02-10,Thai_Nguyen,23.2,9.8,16.5,78,11.6,25,1012.1,0
2021-02-11,Thai_Nguyen,22.4,12.4,17.3,76,9.5,26,1012.3,0
2021-02-12,Thai_Nguyen,22.6,15.1,18.3,76,10.0,45,1013.2,0
2021-02-13,Thai_Nguyen,24.1,13.1,18.5,75,11.2,60,1012.8,0
2021-02-14,Thai_Nguyen,23.9,15.4,19.6,75,9.4,52,1012.4,0
2021-02-15,Thai_Nguyen,24.0,15.6,19.9,82,14.8,74,1009.6,1
2021-02-16,Thai_Nguyen,24.8,18.6,20.8,80,12.5,89,1011.0,1
2021-02-17,Thai_Nguyen,20.0,16.5,18.9,68,10.7,100,1016.5,1
2021-02-18,Thai_Nguyen,24.0,17.5,20.1,65,7.8,86,1019.1,0
2021-02-19,Thai_Nguyen,24.0,15.9,19.3,73,7.6,54,1018.7,0
2021-02-20,Thai_Nguyen,24.4,13.6,19.0,73,9.4,26,1015.3,0
2021-02-21,Thai_Nguyen,26.5,13.6,19.9,71,18.9,18,1011.4,0
2021-02-22,Thai_Nguyen,23.8,17.9,20.7,81,11.8,93,1010.8,1
2021-02-23,Thai_Nguyen,25.1,17.7,21.4,79,13.5,69,1010.1,1
2021-02-24,Thai_Nguyen,26.0,18.0,21.6,78,21.7,65,1006.5,1
2021-02-25,Thai_Nguyen,27.2,20.0,22.5,84,16.6,76,1003.1,1
2021-02-26,Thai_Nguyen,27.4,20.5,23.0,79,17.2,82,1003.5,1
2021-02-27,Thai_Nguyen,19.4,16.0,17.5,76,8.4,100,1008.6,1
2021-02-28,Thai_Nguyen,20.6,16.3,18.2,92,6.4,100,1008.4,1
2021-03-01,Thai_Nguyen,25.9,18.9,21.4,86,22.3,99,1010.4,1
2021-03-02,Thai_Nguyen,20.9,17.5,19.1,57,10.9,100,1015.4,0
2021-03-03,Thai_Nguyen,19.4,16.4,17.9,75,6.2,100,1014.6,1
2021-03-04,Thai_Nguyen,20.7,15.8,17.8,85,9.0,100,1012.3,1
2021-03-05,Thai_Nguyen,23.5,17.6,20.3,87,10.0,100,1008.7,1
2021-03-06,Thai_Nguyen,28.4,20.5,23.5,84,10.4,62,1009.4,1
2021-03-07,Thai_Nguyen,22.3,18.6,20.7,74,9.3,93,1013.3,1
2021-03-08,Thai_Nguyen,25.6,19.4,21.9,87,14.3,90,1012.2,1
2021-03-09,Thai_Nguyen,26.4,20.4,22.5,88,19.5,85,1011.7,1
2021-03-10,Thai_Nguyen,26.9,20.5,22.9,85,21.9,75,1011.4,1
2021-03-11,Thai_Nguyen,26.1,20.9,23.2,82,17.4,92,1012.6,1
2021-03-12,Thai_Nguyen,27.4,20.0,23.3,82,12.7,69,1013.2,1
2021-03-13,Thai_Nguyen,26.5,20.4,22.9,84,11.1,66,1012.7,1
2021-03-14,Thai_Nguyen,26.2,17.6,22.0,83,14.4,57,1009.8,1
2021-03-15,Thai_Nguyen,26.2,20.3,23.2,83,19.9,94,1007.0,1
2021-03-16,Thai_Nguyen,26.6,21.3,23.3,86,16.9,99,1006.7,1
2021-03-17,Thai_Nguyen,27.0,21.5,23.8,86,17.1,100,1006.3,1
2021-03-18,Thai_Nguyen,26.6,21.6,24.0,86,16.1,100,1006.0,1
2021-03-19,Thai_Nguyen,28.0,22.2,24.5,86,16.9,100,1004.7,1
2021-03-20,Thai_Nguyen,27.2,22.5,24.4,89,14.4,100,1004.6,1
2021-03-21,Thai_Nguyen,23.2,16.4,18.9,70,24.7,100,1012.6,1
2021-03-22,Thai_Nguyen,20.5,14.9,17.2,53,14.0,78,1020.1,0
2021-03-23,Thai_Nguyen,22.0,12.8,17.1,67,8.4,22,1016.4,0
2021-03-24,Thai_Nguyen,24.0,13.9,19.2,75,10.8,54,1011.7,1
2021-03-25,Thai_Nguyen,22.8,19.0,20.7,87,9.7,97,1009.7,1
2021-03-26,Thai_Nguyen,26.0,20.4,22.6,91,15.3,99,1007.2,1
2021-03-27,Thai_Nguyen,26.5,21.9,23.6,92,15.4,100,1005.0,1
2021-03-28,Thai_Nguyen,27.0,22.1,24.0,91,16.1,100,1003.8,1
2021-03-29,Thai_Nguyen,30.8,22.5,25.6,86,15.5,69,1000.1,1
2021-03-30,Thai_Nguyen,28.6,23.5,25.4,88,13.0,93,997.6,1
2021-03-31,Thai_Nguyen,33.1,21.9,27.0,82,16.5,45,997.0,0
2021-04-01,Thai_Nguyen,31.7,23.0,26.5,83,14.5,49,998.8,1
2021-04-02,Thai_Nguyen,30.6,23.6,26.6,85,15.8,82,1001.9,1
2021-04-03,Thai_Nguyen,27.7,24.2,25.7,88,12.6,99,1005.6,1
2021-04-04,Thai_Nguyen,28.6,21.9,24.6,83,13.3,80,1008.5,1
2021-04-05,Thai_Nguyen,25.8,19.8,22.3,84,7.4,86,1011.3,1
2021-04-06,Thai_Nguyen,26.0,21.0,23.3,83,14.7,97,1011.2,1
2021-04-07,Thai_Nguyen,27.8,21.8,24.3,86,15.3,72,1009.0,1
2021-04-08,Thai_Nguyen,28.5,20.8,23.6,87,14.8,88,1007.8,1
2021-04-09,Thai_Nguyen,21.7,18.0,19.7,80,9.2,100,1011.4,1
2021-04-10,Thai_Nguyen,23.5,18.0,20.5,88,6.6,100,1012.4,1
2021-04-11,Thai_Nguyen,28.0,20.8,23.8,87,17.9,95,1011.1,1
2021-04-12,Thai_Nguyen,28.9,22.3,25.0,86,16.1,97,1009.3,1
2021-04-13,Thai_Nguyen,27.5,23.4,25.1,86,16.3,100,1007.7,1
2021-04-14,Thai_Nguyen,28.0,22.9,25.4,85,15.9,99,1006.1,1
2021-04-15,Thai_Nguyen,27.7,24.0,25.5,88,17.6,99,1004.9,1
2021-04-16,Thai_Nguyen,28.0,22.5,24.8,89,15.3,99,1006.6,1
2021-04-17,Thai_Nguyen,22.9,20.9,21.8,91,11.3,100,1010.8,1
2021-04-18,Thai_Nguyen,25.0,20.2,22.0,88,8.7,99,1009.1,1
2021-04-19,Thai_Nguyen,28.6,21.2,24.4,88,14.5,72,1004.5,1
2021-04-20,Thai_Nguyen,30.0,24.2,26.4,88,19.6,75,1003.3,1
2021-04-21,Thai_Nguyen,29.5,25.0,26.6,89,17.1,78,1004.0,1
2021-04-22,Thai_Nguyen,30.3,24.6,26.7,87,16.4,77,1003.6,1
2021-04-23,Thai_Nguyen,31.5,25.0,27.2,85,18.4,72,1001.4,1
2021-04-24,Thai_Nguyen,32.0,25.3,27.8,85,17.1,76,1001.4,1
2021-04-25,Thai_Nguyen,29.6,24.1,26.3,92,15.6,99,1004.3,1
2021-04-26,Thai_Nguyen,24.3,21.0,22.8,91,16.3,100,1007.0,1
2021-04-27,Thai_Nguyen,25.3,20.4,22.6,84,7.9,99,1009.6,1
2021-04-28,Thai_Nguyen,25.8,20.8,22.6,85,9.7,100,1011.3,1
2021-04-29,Thai_Nguyen,25.5,19.2,21.9,80,12.2,79,1011.4,1
2021-04-30,Thai_Nguyen,27.5,18.1,23.1,81,13.4,67,1008.0,0
2021-05-01,Thai_Nguyen,28.5,20.8,24.7,85,12.3,81,1007.5,1
2021-05-02,Thai_Nguyen,28.6,23.8,25.7,93,15.9,90,1005.7,1
2021-05-03,Thai_Nguyen,30.2,24.4,26.8,88,19.2,68,1003.2,1
2021-05-04,Thai_Nguyen,32.1,25.2,27.9,83,17.1,64,1003.3,1
2021-05-05,Thai_Nguyen,27.8,22.0,24.6,91,12.2,100,1007.6,1
2021-05-06,Thai_Nguyen,29.0,22.0,25.1,84,12.2,98,1008.8,0
2021-05-07,Thai_Nguyen,31.1,24.5,27.2,84,14.7,69,1007.1,1
2021-05-08,Thai_Nguyen,30.8,24.0,27.0,85,13.2,73,1004.6,1
2021-05-09,Thai_Nguyen,32.0,24.5,27.9,83,16.9,65,1002.5,1
2021-05-10,Thai_Nguyen,33.7,25.0,28.4,85,21.5,71,1000.9,1
2021-05-11,Thai_Nguyen,33.8,25.8,29.3,81,13.5,61,999.7,0
2021-05-12,Thai_Nguyen,33.8,26.3,28.7,84,19.9,65,999.6,1
2021-05-13,Thai_Nguyen,30.6,26.4,27.9,87,15.4,59,1000.4,1
2021-05-14,Thai_Nguyen,31.5,26.1,28.3,87,19.5,62,1000.1,1
2021-05-15,Thai_Nguyen,33.6,26.5,29.0,86,17.1,80,1000.5,1
2021-05-16,Thai_Nguyen,34.5,26.7,29.9,82,17.3,55,1000.7,1
2021-05-17,Thai_Nguyen,31.8,26.4,29.0,85,16.8,55,1002.1,1
2021-05-18,Thai_Nguyen,31.8,26.4,28.8,85,16.8,73,1001.8,1
2021-05-19,Thai_Nguyen,34.5,27.0,30.2,79,17.6,75,999.2,1
2021-05-20,Thai_Nguyen,34.2,26.6,29.9,81,17.6,85,999.7,1
2021-05-21,Thai_Nguyen,34.8,27.1,30.1,80,17.1,64,999.1,1
2021-05-22,Thai_Nguyen,35.5,27.6,30.8,76,18.4,67,997.5,0
2021-05-23,Thai_Nguyen,34.0,26.4,29.8,82,18.4,94,999.9,1
2021-05-24,Thai_Nguyen,30.4,25.1,27.0,81,9.9,99,1005.2,1
2021-05-25,Thai_Nguyen,29.0,24.0,26.0,82,10.8,95,1004.9,1
2021-05-26,Thai_Nguyen,30.7,24.6,27.6,87,16.9,80,1002.6,1
2021-05-27,Thai_Nguyen,31.6,25.9,28.4,87,17.1,78,1003.6,1
2021-05-28,Thai_Nguyen,31.8,25.6,28.4,87,15.0,92,1003.7,1
2021-05-29,Thai_Nguyen,33.4,26.4,29.6,84,15.1,88,1001.0,1
2021-05-30,Thai_Nguyen,34.8,26.5,30.5,80,13.0,99,998.7,1
2021-05-31,Thai_Nguyen,34.8,26.4,30.5,80,12.4,94,997.0,1
2021-06-01,Thai_Nguyen,36.6,27.2,31.9,75,13.3,92,996.8,0
2021-06-02,Thai_Nguyen,35.6,27.9,31.5,75,14.3,100,997.8,0
2021-06-03,Thai_Nguyen,36.7,28.0,32.0,76,14.0,90,997.9,1
2021-06-04,Thai_Nguyen,30.7,23.9,26.5,76,16.5,86,1003.1,1
2021-06-05,Thai_Nguyen,30.1,22.6,26.5,78,6.5,73,1002.0,0
2021-06-06,Thai_Nguyen,32.2,23.6,27.6,80,12.9,66,1000.0,1
2021-06-07,Thai_Nguyen,33.0,25.5,28.3,82,16.8,86,1000.8,1
2021-06-08,Thai_Nguyen,30.8,25.4,27.1,90,11.5,90,1001.8,1
2021-06-09,Thai_Nguyen,29.4,25.2,27.0,91,7.4,98,1000.6,1
2021-06-10,Thai_Nguyen,29.8,24.4,27.1,92,10.2,99,999.2,1
2021-06-11,Thai_Nguyen,31.9,25.0,27.3,90,14.8,96,999.9,1
2021-06-12,Thai_Nguyen,31.9,25.3,28.1,85,12.1,98,999.1,1
2021-06-13,Thai_Nguyen,29.5,25.6,27.2,88,17.6,93,998.3,1
2021-06-14,Thai_Nguyen,31.2,24.6,27.6,88,14.6,71,997.3,1
2021-06-15,Thai_Nguyen,33.3,25.3,29.1,80,14.0,54,995.5,1
2021-06-16,Thai_Nguyen,34.2,26.3,30.3,79,13.3,68,997.2,0
2021-06-17,Thai_Nguyen,34.5,27.0,30.9,75,13.8,56,999.0,0
2021-06-18,Thai_Nguyen,35.0,26.8,31.1,75,13.3,13,999.1,0
2021-06-19,Thai_Nguyen,36.2,26.7,31.6,72,14.5,51,996.8,0
2021-06-20,Thai_Nguyen,36.7,26.8,32.0,71,13.8,71,995.0,0
2021-06-21,Thai_Nguyen,36.8,27.2,31.9,71,15.1,96,995.7,0
2021-06-22,Thai_Nguyen,32.9,26.9,30.1,79,13.8,96,999.4,1
2021-06-23,Thai_Nguyen,31.6,25.9,28.5,85,10.9,100,999.9,1
2021-06-24,Thai_Nguyen,30.5,26.2,28.1,90,8.2,99,998.8,1
2021-06-25,Thai_Nguyen,31.3,25.7,27.7,90,11.8,89,998.5,1
2021-06-26,Thai_Nguyen,32.2,25.1,28.3,87,12.8,95,999.3,1
2021-06-27,Thai_Nguyen,34.7,25.3,30.3,77,13.9,79,997.8,0
2021-06-28,Thai_Nguyen,35.0,26.7,30.6,78,10.4,98,995.6,0
2021-06-29,Thai_Nguyen,32.4,27.0,29.4,86,11.8,100,996.0,1
2021-06-30,Thai_Nguyen,33.8,26.5,29.7,82,12.9,99,996.4,1
2021-07-01,Thai_Nguyen,33.5,26.5,30.1,77,11.7,100,996.6,0
2021-07-02,Thai_Nguyen,35.2,26.5,30.7,75,10.4,100,997.8,0
2021-07-03,Thai_Nguyen,32.8,27.4,30.1,80,9.0,100,998.3,0
2021-07-04,Thai_Nguyen,34.5,26.7,30.3,81,15.2,95,998.8,1
2021-07-05,Thai_Nguyen,31.3,27.0,28.6,90,18.0,84,1000.4,1
2021-07-06,Thai_Nguyen,32.2,25.5,28.8,88,15.3,51,1000.3,1
2021-07-07,Thai_Nguyen,32.1,25.7,29.0,85,7.8,58,1000.5,1
2021-07-08,Thai_Nguyen,29.1,25.5,27.1,90,17.2,89,1002.4,1
2021-07-09,Thai_Nguyen,30.4,25.0,27.2,90,14.2,62,1004.5,1
2021-07-10,Thai_Nguyen,31.2,24.8,27.7,86,12.1,63,1004.6,1
2021-07-11,Thai_Nguyen,31.8,24.5,28.3,83,12.9,86,1005.3,1
2021-07-12,Thai_Nguyen,33.2,25.4,29.3,78,16.5,25,1004.0,0
2021-07-13,Thai_Nguyen,33.2,26.2,29.3,83,17.8,50,1001.8,1
2021-07-14,Thai_Nguyen,33.5,27.0,29.8,80,17.7,35,1001.5,1
2021-07-15,Thai_Nguyen,32.4,26.1,29.2,81,16.7,30,1003.1,1
2021-07-16,Thai_Nguyen,33.5,25.4,29.6,78,13.8,50,1003.5,1
2021-07-17,Thai_Nguyen,34.5,25.5,29.9,77,15.0,64,999.9,0
2021-07-18,Thai_Nguyen,30.9,26.3,28.2,88,10.4,98,997.8,1
2021-07-19,Thai_Nguyen,30.9,25.3,27.6,90,9.7,94,998.2,1
2021-07-20,Thai_Nguyen,32.0,24.9,27.4,90,12.3,100,998.7,1
2021-07-21,Thai_Nguyen,31.8,25.0,28.0,88,8.7,94,997.5,1
2021-07-22,Thai_Nguyen,30.5,25.4,27.5,92,6.4,100,996.0,1
2021-07-23,Thai_Nguyen,28.2,25.5,26.9,93,12.0,98,994.5,1
2021-07-24,Thai_Nguyen,33.8,25.4,29.2,83,12.6,49,994.7,1
2021-07-25,Thai_Nguyen,31.8,25.8,28.9,88,8.9,77,995.9,1
2021-07-26,Thai_Nguyen,33.2,25.9,29.0,86,8.6,58,995.4,1
2021-07-27,Thai_Nguyen,33.0,26.1,29.4,86,8.6,73,993.9,1
2021-07-28,Thai_Nguyen,32.5,27.1,29.2,88,8.9,88,993.9,1
2021-07-29,Thai_Nguyen,32.0,26.4,28.7,90,7.9,96,995.3,1
2021-07-30,Thai_Nguyen,33.0,26.0,29.2,87,12.7,95,995.8,1
2021-07-31,Thai_Nguyen,33.8,26.4,29.7,86,18.2,100,994.9,1
2021-08-01,Thai_Nguyen,28.2,25.5,26.6,94,9.5,98,995.2,1
2021-08-02,Thai_Nguyen,33.0,25.0,28.6,88,10.4,71,994.8,1
2021-08-03,Thai_Nguyen,34.7,26.5,29.9,84,10.5,86,995.6,0
2021-08-04,Thai_Nguyen,35.5,26.2,30.7,81,13.3,64,995.7,1
2021-08-05,Thai_Nguyen,35.8,26.9,31.2,82,8.7,67,994.3,0
2021-08-06,Thai_Nguyen,36.2,27.5,31.7,79,8.5,90,994.8,0
2021-08-07,Thai_Nguyen,35.5,27.5,31.5,78,9.4,99,996.1,0
2021-08-08,Thai_Nguyen,34.2,28.0,30.8,82,8.9,98,997.4,0
2021-08-09,Thai_Nguyen,32.7,27.6,29.6,86,6.1,98,998.0,1
2021-08-10,Thai_Nguyen,30.1,25.0,27.4,93,9.9,99,998.2,1
2021-08-11,Thai_Nguyen,30.5,25.3,27.0,94,13.2,100,1000.6,1
2021-08-12,Thai_Nguyen,32.2,25.2,28.0,89,10.4,98,1001.7,1
2021-08-13,Thai_Nguyen,32.8,26.6,28.9,88,12.6,90,998.1,1
2021-08-14,Thai_Nguyen,31.1,26.0,28.1,92,7.9,100,997.5,1
2021-08-15,Thai_Nguyen,29.1,25.1,26.6,94,12.1,99,1001.5,1
2021-08-16,Thai_Nguyen,31.9,24.5,28.1,87,10.5,87,1004.9,1
2021-08-17,Thai_Nguyen,32.6,25.5,28.7,85,11.6,67,1004.2,1
2021-08-18,Thai_Nguyen,31.8,25.0,28.3,88,13.7,74,1002.2,1
2021-08-19,Thai_Nguyen,31.6,25.0,28.1,87,11.6,76,1002.5,1
2021-08-20,Thai_Nguyen,31.1,25.2,28.0,89,11.4,64,1003.6,1
2021-08-21,Thai_Nguyen,32.7,26.1,29.0,87,14.8,84,1002.5,1
2021-08-22,Thai_Nguyen,33.7,27.1,30.0,84,14.3,79,999.9,1
2021-08-23,Thai_Nguyen,32.6,26.2,29.4,86,15.5,92,999.1,1
2021-08-24,Thai_Nguyen,31.5,25.8,28.1,92,10.5,100,1000.2,1
2021-08-25,Thai_Nguyen,31.4,25.6,28.2,88,12.2,84,1001.6,1
2021-08-26,Thai_Nguyen,30.5,25.9,27.4,90,16.1,83,1004.2,1
2021-08-27,Thai_Nguyen,29.8,24.5,26.6,91,11.7,90,1005.9,1
2021-08-28,Thai_Nguyen,29.3,24.3,26.1,91,9.7,68,1005.7,1
2021-08-29,Thai_Nguyen,31.3,23.6,27.0,86,11.6,40,1005.5,1
2021-08-30,Thai_Nguyen,31.2,24.5,27.6,84,12.0,76,1005.8,1
2021-08-31,Thai_Nguyen,31.5,24.4,27.9,86,10.7,51,1005.7,1
2021-09-01,Thai_Nguyen,31.6,24.7,28.0,87,7.7,65,1004.7,1
2021-09-02,Thai_Nguyen,29.5,24.9,26.8,90,8.4,91,1003.7,1
2021-09-03,Thai_Nguyen,31.0,24.2,27.4,87,9.4,65,1001.6,1
2021-09-04,Thai_Nguyen,30.5,24.8,27.5,87,11.1,58,1001.7,1
2021-09-05,Thai_Nguyen,30.2,24.5,26.6,91,9.0,70,1004.5,1
2021-09-06,Thai_Nguyen,31.4,24.5,27.6,87,6.2,44,1006.3,1
2021-09-07,Thai_Nguyen,31.4,25.0,27.5,89,10.4,80,1006.0,1
2021-09-08,Thai_Nguyen,30.8,24.2,26.8,89,12.4,82,1004.9,1
2021-09-09,Thai_Nguyen,30.5,24.3,26.8,90,8.9,51,1005.8,1
2021-09-10,Thai_Nguyen,33.0,24.2,28.3,81,11.5,62,1004.5,0
2021-09-11,Thai_Nguyen,33.2,25.5,29.2,81,10.2,42,1001.4,1
2021-09-12,Thai_Nguyen,34.1,25.9,29.9,82,8.4,53,998.8,0
2021-09-13,Thai_Nguyen,31.9,25.5,28.5,89,11.6,88,1002.0,1
2021-09-14,Thai_Nguyen,29.2,25.2,26.7,93,9.2,99,1006.1,1
2021-09-15,Thai_Nguyen,28.6,24.9,26.3,91,6.9,98,1007.4,1
2021-09-16,Thai_Nguyen,30.1,24.7,26.9,88,13.5,83,1006.1,1
2021-09-17,Thai_Nguyen,30.5,25.1,27.2,88,10.7,94,1004.5,1
2021-09-18,Thai_Nguyen,30.2,25.4,27.6,88,11.0,74,1005.0,1
2021-09-19,Thai_Nguyen,31.9,25.4,28.3,84,12.4,69,1005.3,1
2021-09-20,Thai_Nguyen,30.5,25.0,27.4,89,7.5,64,1005.8,1
2021-09-21,Thai_Nguyen,31.3,24.4,27.6,87,9.0,19,1005.1,1
2021-09-22,Thai_Nguyen,27.6,24.0,26.0,93,12.6,64,1005.4,1
2021-09-23,Thai_Nguyen,30.0,24.0,26.5,91,9.3,78,1007.1,1
2021-09-24,Thai_Nguyen,28.6,24.0,26.0,93,7.0,86,1007.6,1
2021-09-25,Thai_Nguyen,29.2,23.8,25.6,93,9.7,80,1007.4,1
2021-09-26,Thai_Nguyen,29.7,23.4,26.0,91,8.3,74,1007.7,1
2021-09-27,Thai_Nguyen,30.2,23.8,26.3,89,8.6,51,1007.2,1
2021-09-28,Thai_Nguyen,31.4,23.3,27.3,85,8.0,16,1005.7,0
2021-09-29,Thai_Nguyen,31.6,23.5,27.7,84,9.2,26,1004.5,0
2021-09-30,Thai_Nguyen,32.0,24.5,28.2,84,11.3,33,1004.4,0
2021-10-01,Thai_Nguyen,30.9,25.5,27.9,87,8.1,60,1004.6,1
2021-10-02,Thai_Nguyen,30.4,25.2,27.6,84,9.4,82,1005.5,1
2021-10-03,Thai_Nguyen,30.8,23.8,27.2,83,10.2,29,1006.1,1
2021-10-04,Thai_Nguyen,31.0,23.6,26.8,88,11.1,21,1007.1,1
2021-10-05,Thai_Nguyen,31.5,23.9,27.3,84,8.5,39,1006.9,1
2021-10-06,Thai_Nguyen,31.7,24.2,27.6,83,8.6,46,1004.0,1
2021-10-07,Thai_Nguyen,33.0,24.5,28.2,79,13.2,51,1001.5,1
2021-10-08,Thai_Nguyen,32.8,24.1,27.9,71,14.9,57,1000.8,0
2021-10-09,Thai_Nguyen,26.4,22.8,24.9,83,16.4,100,1000.7,1
2021-10-10,Thai_Nguyen,25.2,22.5,23.5,91,20.6,100,999.6,1
2021-10-11,Thai_Nguyen,23.2,21.6,22.5,88,16.6,98,1004.8,1
2021-10-12,Thai_Nguyen,28.7,19.4,23.5,72,21.6,38,1005.7,0
2021-10-13,Thai_Nguyen,27.0,20.0,22.9,78,22.4,100,1002.3,1
2021-10-14,Thai_Nguyen,22.3,20.8,21.5,86,22.2,100,1002.8,1
2021-10-15,Thai_Nguyen,23.5,20.9,21.7,92,12.4,100,1007.5,1
2021-10-16,Thai_Nguyen,22.8,19.2,20.8,86,14.2,100,1013.2,1
2021-10-17,Thai_Nguyen,24.6,18.9,21.0,69,16.4,91,1016.1,1
2021-10-18,Thai_Nguyen,20.8,18.1,19.6,86,12.0,100,1014.8,1
2021-10-19,Thai_Nguyen,26.4,19.5,22.2,90,10.6,93,1013.0,1
2021-10-20,Thai_Nguyen,29.8,21.8,25.6,86,13.4,73,1009.5,1
2021-10-21,Thai_Nguyen,24.9,19.4,22.1,76,15.7,100,1011.9,1
2021-10-22,Thai_Nguyen,20.4,18.9,19.7,62,13.8,100,1017.1,1
2021-10-23,Thai_Nguyen,23.1,17.5,19.4,69,8.5,75,1017.4,0
2021-10-24,Thai_Nguyen,25.6,15.9,20.2,74,8.9,39,1016.5,0
2021-10-25,Thai_Nguyen,25.9,15.4,20.5,80,6.7,16,1013.3,0
2021-10-26,Thai_Nguyen,26.1,16.4,21.6,80,7.8,22,1011.9,0
2021-10-27,Thai_Nguyen,28.0,17.9,22.6,77,7.2,20,1012.8,0
2021-10-28,Thai_Nguyen,23.9,20.8,22.1,84,10.6,98,1013.5,1
2021-10-29,Thai_Nguyen,23.5,20.9,21.9,93,8.0,100,1013.8,1
2021-10-30,Thai_Nguyen,21.6,19.6,20.4,90,8.4,100,1014.9,1
2021-10-31,Thai_Nguyen,22.5,19.5,20.9,92,6.8,100,1013.6,1
2021-11-01,Thai_Nguyen,23.6,20.2,21.7,89,6.6,100,1013.6,1
2021-11-02,Thai_Nguyen,24.5,20.2,21.8,87,9.2,100,1013.6,1
2021-11-03,Thai_Nguyen,26.8,20.0,22.6,88,7.1,82,1011.5,1
2021-11-04,Thai_Nguyen,28.8,21.5,24.5,87,13.6,67,1008.8,1
2021-11-05,Thai_Nguyen,29.1,23.1,25.7,85,16.2,60,1005.9,1
2021-11-06,Thai_Nguyen,29.6,23.5,25.7,87,13.8,72,1003.9,1
2021-11-07,Thai_Nguyen,28.8,23.4,25.3,89,12.9,76,1007.6,1
2021-11-08,Thai_Nguyen,22.4,16.5,18.5,60,15.8,87,1017.1,1
2021-11-09,Thai_Nguyen,22.4,14.6,18.3,65,8.3,25,1016.9,0
2021-11-10,Thai_Nguyen,22.5,15.1,18.7,63,7.7,33,1016.4,0
2021-11-11,Thai_Nguyen,23.4,13.4,18.4,75,6.7,58,1013.6,0
2021-11-12,Thai_Nguyen,24.2,16.4,20.1,69,8.7,97,1015.7,0
2021-11-13,Thai_Nguyen,23.8,17.9,20.2,64,8.4,87,1015.5,0
2021-11-14,Thai_Nguyen,24.1,14.8,19.2,74,8.7,60,1014.1,0
2021-11-15,Thai_Nguyen,24.5,16.7,20.8,78,7.6,80,1011.9,1
2021-11-16,Thai_Nguyen,21.9,19.7,20.9,88,4.7,99,1011.8,1
2021-11-17,Thai_Nguyen,22.0,19.4,20.7,79,7.2,100,1013.8,1
2021-11-18,Thai_Nguyen,22.5,16.4,19.3,71,7.3,83,1011.9,0
2021-11-19,Thai_Nguyen,23.5,15.3,20.0,84,11.4,83,1007.0,1
2021-11-20,Thai_Nguyen,26.7,20.6,22.8,88,12.2,81,1005.5,1
2021-11-21,Thai_Nguyen,27.8,21.8,24.0,88,15.4,82,1008.3,1
2021-11-22,Thai_Nguyen,21.8,15.8,18.8,70,14.8,86,1015.3,1
2021-11-23,Thai_Nguyen,19.0,15.2,16.8,59,9.4,100,1018.5,0
2021-11-24,Thai_Nguyen,19.8,14.3,17.0,66,10.1,87,1018.0,1
2021-11-25,Thai_Nguyen,23.0,13.6,17.8,79,8.4,54,1015.5,1
2021-11-26,Thai_Nguyen,24.0,13.8,19.1,74,7.9,47,1015.5,0
2021-11-27,Thai_Nguyen,23.9,15.3,19.2,69,8.1,53,1016.5,0
2021-11-28,Thai_Nguyen,24.9,13.8,18.8,74,7.9,12,1015.9,0
2021-11-29,Thai_Nguyen,25.4,13.8,19.3,75,10.1,80,1014.6,0
2021-11-30,Thai_Nguyen,24.6,17.8,20.6,59,16.1,63,1017.5,0
2021-12-01,Thai_Nguyen,22.1,11.6,16.7,62,10.9,47,1018.6,0
2021-12-02,Thai_Nguyen,22.0,9.0,15.4,65,8.6,54,1018.9,0
2021-12-03,Thai_Nguyen,22.9,9.2,15.6,70,9.1,49,1018.6,0
2021-12-04,Thai_Nguyen,23.6,9.6,16.1,69,9.3,40,1018.0,0
2021-12-05,Thai_Nguyen,24.0,10.4,16.7,69,7.4,2,1017.7,0
2021-12-06,Thai_Nguyen,24.4,10.9,16.8,66,10.4,0,1017.0,0
2021-12-07,Thai_Nguyen,23.1,9.4,16.2,63,10.5,0,1016.8,0
2021-12-08,Thai_Nguyen,23.6,10.9,17.5,66,7.1,40,1017.5,1
2021-12-09,Thai_Nguyen,21.7,16.1,18.3,87,8.2,82,1018.5,1
2021-12-10,Thai_Nguyen,24.6,15.0,19.4,80,12.2,62,1015.6,0
2021-12-11,Thai_Nguyen,24.8,15.4,19.4,82,8.2,52,1015.8,0
2021-12-12,Thai_Nguyen,24.5,15.6,19.1,73,17.1,69,1018.5,1
2021-12-13,Thai_Nguyen,21.8,13.2,17.8,60,9.8,66,1018.6,0
2021-12-14,Thai_Nguyen,22.3,10.8,16.4,77,9.3,28,1014.2,0
2021-12-15,Thai_Nguyen,22.2,13.7,17.4,88,12.0,78,1011.0,1
2021-12-16,Thai_Nguyen,25.0,17.1,20.3,85,8.7,76,1011.6,1
2021-12-17,Thai_Nguyen,25.5,17.1,20.5,66,17.1,66,1016.3,1
2021-12-18,Thai_Nguyen,22.4,12.5,17.4,50,11.0,43,1019.1,0
2021-12-19,Thai_Nguyen,22.5,11.3,17.2,51,10.8,52,1018.3,0
2021-12-20,Thai_Nguyen,23.6,15.2,18.6,53,13.2,78,1013.9,0
2021-12-21,Thai_Nguyen,25.2,12.2,17.9,64,22.6,10,1013.4,0
2021-12-22,Thai_Nguyen,24.8,11.5,18.0,69,10.9,2,1012.8,0
2021-12-23,Thai_Nguyen,24.5,12.8,18.1,74,11.0,1,1011.6,0
2021-12-24,Thai_Nguyen,23.3,15.0,19.3,81,7.6,69,1012.2,1
2021-12-25,Thai_Nguyen,23.2,16.7,19.9,80,16.0,97,1015.3,1
2021-12-26,Thai_Nguyen,19.5,13.5,17.0,65,18.2,100,1019.3,0
2021-12-27,Thai_Nguyen,14.2,10.6,12.3,58,9.4,100,1023.6,1
2021-12-28,Thai_Nguyen,16.0,10.9,13.1,65,6.2,94,1021.1,0
2021-12-29,Thai_Nguyen,16.9,14.1,15.1,68,6.6,100,1020.6,0
2021-12-30,Thai_Nguyen,20.4,13.9,16.5,60,8.7,100,1022.0,0
2021-12-31,Thai_Nguyen,18.8,13.7,16.1,68,7.2,96,1021.0,0
2021-01-01,Phu_Tho,17.5,8.9,12.5,68,7.1,56,1022.5,0
2021-01-02,Phu_Tho,19.0,7.8,13.5,64,10.6,18,1018.7,0
2021-01-03,Phu_Tho,19.9,9.1,14.3,69,10.6,43,1018.8,0
2021-01-04,Phu_Tho,21.9,10.4,15.8,65,9.4,14,1017.7,0
2021-01-05,Phu_Tho,22.0,11.4,17.0,66,11.7,55,1017.2,0
2021-01-06,Phu_Tho,19.5,16.7,17.7,60,9.8,96,1016.1,0
2021-01-07,Phu_Tho,17.1,12.7,15.7,63,13.8,100,1017.3,0
2021-01-08,Phu_Tho,13.1,10.2,11.5,58,14.5,93,1023.0,1
2021-01-09,Phu_Tho,13.1,9.6,11.0,45,12.4,81,1022.1,0
2021-01-10,Phu_Tho,13.6,9.4,11.2,53,9.0,86,1021.3,0
2021-01-11,Phu_Tho,15.9,9.9,12.1,52,16.0,62,1026.2,0
2021-01-12,Phu_Tho,16.9,8.9,12.6,51,14.8,54,1023.4,0
2021-01-13,Phu_Tho,20.0,8.1,14.4,51,16.1,27,1015.5,0
2021-01-14,Phu_Tho,21.0,10.5,15.4,68,11.8,25,1013.9,0
2021-01-15,Phu_Tho,21.1,11.6,16.1,81,11.6,62,1012.0,0
2021-01-16,Phu_Tho,21.0,15.6,18.1,80,10.7,84,1012.8,1
2021-01-17,Phu_Tho,17.5,13.9,15.8,73,10.8,99,1022.2,1
2021-01-18,Phu_Tho,18.6,9.4,14.3,59,10.3,11,1021.3,0
2021-01-19,Phu_Tho,21.8,9.1,15.1,69,18.1,0,1015.1,0
2021-01-20,Phu_Tho,20.2,11.5,15.6,82,13.8,62,1013.5,0
2021-01-21,Phu_Tho,22.0,15.2,18.2,78,8.7,86,1012.5,1
2021-01-22,Phu_Tho,23.1,15.1,18.7,77,8.5,45,1012.3,0
2021-01-23,Phu_Tho,24.8,15.1,19.4,77,13.1,31,1011.1,0
2021-01-24,Phu_Tho,25.4,15.6,20.0,78,18.2,42,1009.5,0
2021-01-25,Phu_Tho,24.7,18.5,21.1,86,15.1,92,1011.3,1
2021-01-26,Phu_Tho,25.3,18.2,21.0,81,15.6,64,1012.6,1
2021-01-27,Phu_Tho,23.6,17.0,20.0,80,15.2,73,1012.4,0
2021-01-28,Phu_Tho,19.5,16.9,18.5,73,12.8,99,1018.4,1
2021-01-29,Phu_Tho,22.0,15.6,18.5,66,12.6,66,1017.6,0
2021-01-30,Phu_Tho,21.0,15.1,17.9,82,14.0,83,1016.3,1
2021-01-31,Phu_Tho,21.2,17.0,18.7,88,15.5,98,1015.7,1
2021-02-01,Phu_Tho,24.5,17.6,20.6,80,14.5,76,1014.6,0
2021-02-02,Phu_Tho,24.0,17.5,20.5,82,16.6,74,1015.2,1
2021-02-03,Phu_Tho,25.1,17.5,20.6,79,15.3,64,1015.8,1
2021-02-04,Phu_Tho,24.5,17.9,20.5,78,16.5,62,1016.2,0
2021-02-05,Phu_Tho,25.2,16.9,20.3,80,11.6,62,1014.8,1
2021-02-06,Phu_Tho,24.9,16.9,20.2,79,10.8,49,1013.5,1
2021-02-07,Phu_Tho,25.9,16.6,21.1,77,12.8,64,1012.6,0
2021-02-08,Phu_Tho,21.9,17.2,19.7,88,22.9,73,1014.3,1
2021-02-09,Phu_Tho,16.9,13.2,16.0,92,20.7,83,1014.6,1
2021-02-10,Phu_Tho,22.9,11.9,16.9,81,10.0,21,1013.0,0
2021-02-11,Phu_Tho,22.8,13.5,18.0,76,11.5,15,1012.9,0
2021-02-12,Phu_Tho,22.6,15.6,18.4,81,11.9,57,1013.8,0
2021-02-13,Phu_Tho,24.5,14.9,19.2,75,13.0,58,1013.3,0
2021-02-14,Phu_Tho,24.5,16.6,19.8,77,9.4,35,1013.1,0
2021-02-15,Phu_Tho,24.9,16.5,20.8,79,16.1,58,1010.0,0
2021-02-16,Phu_Tho,24.5,18.8,21.2,84,15.1,80,1011.4,1
2021-02-17,Phu_Tho,20.2,17.8,19.2,79,8.7,99,1017.3,1
2021-02-18,Phu_Tho,23.4,17.0,19.8,73,8.6,79,1019.9,0
2021-02-19,Phu_Tho,24.1,16.8,20.0,76,9.7,59,1019.4,0
2021-02-20,Phu_Tho,24.5,15.1,19.7,74,13.7,35,1016.0,0
2021-02-21,Phu_Tho,26.1,15.6,20.5,71,18.9,11,1011.8,0
2021-02-22,Phu_Tho,24.0,18.2,21.0,80,14.5,74,1011.3,1
2021-02-23,Phu_Tho,25.2,19.0,21.9,78,12.7,63,1010.6,1
2021-02-24,Phu_Tho,28.8,18.5,22.5,77,21.4,48,1006.8,0
2021-02-25,Phu_Tho,29.7,20.0,23.7,78,17.9,60,1003.4,1
2021-02-26,Phu_Tho,27.8,21.0,23.8,81,15.8,67,1003.9,1
2021-02-27,Phu_Tho,20.9,17.9,18.9,82,15.3,100,1008.8,1
2021-02-28,Phu_Tho,21.3,17.7,19.3,87,12.1,99,1008.9,1
2021-03-01,Phu_Tho,27.1,19.3,22.5,83,15.8,94,1010.8,1
2021-03-02,Phu_Tho,21.9,18.0,19.8,67,12.1,98,1016.0,1
2021-03-03,Phu_Tho,20.6,17.7,18.8,72,9.2,100,1015.3,1
2021-03-04,Phu_Tho,21.3,17.0,18.9,82,14.5,100,1012.8,1
2021-03-05,Phu_Tho,25.3,18.3,21.2,84,12.3,91,1009.2,1
2021-03-06,Phu_Tho,28.2,20.6,23.5,83,12.6,60,1010.1,1
2021-03-07,Phu_Tho,22.4,20.2,21.4,81,11.9,94,1013.7,1
2021-03-08,Phu_Tho,26.4,19.6,22.6,83,18.8,75,1012.6,1
2021-03-09,Phu_Tho,27.2,21.0,23.2,85,20.4,79,1012.1,1
2021-03-10,Phu_Tho,28.2,21.5,23.9,82,21.8,72,1011.6,1
2021-03-11,Phu_Tho,26.2,21.2,23.5,84,21.3,84,1012.9,1
2021-03-12,Phu_Tho,27.5,20.5,23.5,80,14.8,68,1013.7,1
2021-03-13,Phu_Tho,26.5,20.9,23.2,83,15.2,73,1013.3,1
2021-03-14,Phu_Tho,26.5,19.7,22.7,81,17.2,52,1010.3,0
2021-03-15,Phu_Tho,28.1,20.4,23.9,79,20.8,60,1007.3,0
2021-03-16,Phu_Tho,27.8,22.0,24.2,84,19.9,76,1007.0,1
2021-03-17,Phu_Tho,27.9,22.2,24.6,84,18.4,87,1006.6,1
2021-03-18,Phu_Tho,27.9,22.4,24.8,83,17.0,85,1006.3,1
2021-03-19,Phu_Tho,29.1,22.9,25.3,84,20.0,87,1004.9,1
2021-03-20,Phu_Tho,28.1,23.2,25.4,85,18.7,99,1004.8,1
2021-03-21,Phu_Tho,24.0,17.6,20.6,78,20.5,100,1012.8,1
2021-03-22,Phu_Tho,20.5,15.6,17.9,58,9.4,70,1020.9,0
2021-03-23,Phu_Tho,22.0,14.5,18.3,67,12.0,22,1017.2,0
2021-03-24,Phu_Tho,24.0,15.1,19.7,75,14.1,53,1012.4,0
2021-03-25,Phu_Tho,23.7,19.4,21.3,85,12.4,95,1010.3,1
2021-03-26,Phu_Tho,28.1,20.7,23.7,86,19.2,75,1007.5,1
2021-03-27,Phu_Tho,28.9,22.6,25.1,85,16.8,82,1005.3,1
2021-03-28,Phu_Tho,29.1,23.1,25.4,86,18.4,90,1004.1,1
2021-03-29,Phu_Tho,31.4,23.2,26.5,84,17.9,59,1000.4,1
2021-03-30,Phu_Tho,28.8,23.8,26.1,88,15.1,85,997.9,0
2021-03-31,Phu_Tho,33.7,22.7,27.8,82,18.4,64,997.3,0
2021-04-01,Phu_Tho,32.0,23.5,27.3,82,15.6,38,999.1,1
2021-04-02,Phu_Tho,31.5,24.1,27.2,84,18.5,73,1002.2,1
2021-04-03,Phu_Tho,27.9,24.6,25.9,89,16.3,99,1006.0,1
2021-04-04,Phu_Tho,29.0,23.0,25.1,85,17.6,77,1008.8,1
2021-04-05,Phu_Tho,26.0,21.2,23.2,83,14.8,88,1011.7,1
2021-04-06,Phu_Tho,27.2,22.0,24.0,83,19.2,86,1011.6,1
2021-04-07,Phu_Tho,28.9,22.8,25.1,83,14.3,70,1009.4,1
2021-04-08,Phu_Tho,28.8,22.1,24.7,85,21.2,65,1007.9,1
2021-04-09,Phu_Tho,22.4,20.3,21.2,82,10.9,100,1011.8,1
2021-04-10,Phu_Tho,23.4,20.0,21.4,86,8.4,99,1012.9,1
2021-04-11,Phu_Tho,29.2,21.4,24.4,85,18.4,94,1011.6,1
2021-04-12,Phu_Tho,30.0,22.4,25.7,83,18.2,93,1009.6,0
2021-04-13,Phu_Tho,28.9,23.5,25.9,85,17.8,91,1008.0,1
2021-04-14,Phu_Tho,29.5,23.2,26.1,84,17.4,93,1006.3,1
2021-04-15,Phu_Tho,29.0,24.5,26.3,87,20.4,97,1005.2,1
2021-04-16,Phu_Tho,28.9,23.9,26.2,85,21.5,94,1006.8,1
2021-04-17,Phu_Tho,23.9,22.3,23.0,91,16.2,100,1011.2,1
2021-04-18,Phu_Tho,24.8,21.6,22.9,88,4.7,98,1009.7,1
2021-04-19,Phu_Tho,29.8,22.5,25.4,86,16.8,70,1005.0,1
2021-04-20,Phu_Tho,31.9,24.4,27.4,83,21.5,49,1003.5,1
2021-04-21,Phu_Tho,31.2,25.2,27.9,83,18.5,58,1004.2,1
2021-04-22,Phu_Tho,31.0,25.8,27.9,85,17.4,54,1003.9,1
2021-04-23,Phu_Tho,32.8,25.5,28.4,82,19.2,41,1001.5,1
2021-04-24,Phu_Tho,33.0,25.8,28.9,82,18.9,74,1001.6,1
2021-04-25,Phu_Tho,30.6,25.0,26.8,89,20.3,99,1004.6,1
2021-04-26,Phu_Tho,26.3,22.3,24.1,89,17.6,100,1007.3,1
2021-04-27,Phu_Tho,24.9,21.4,23.3,85,6.8,100,1010.2,1
2021-04-28,Phu_Tho,26.0,22.1,23.7,86,6.1,100,1011.7,1
2021-04-29,Phu_Tho,26.1,20.1,22.7,80,13.0,86,1012.3,1
2021-04-30,Phu_Tho,27.9,19.5,23.8,80,15.3,64,1008.6,0
2021-05-01,Phu_Tho,29.2,21.8,25.3,83,13.2,80,1008.0,1
2021-05-02,Phu_Tho,30.5,24.1,26.6,87,17.2,88,1006.1,1
2021-05-03,Phu_Tho,32.5,25.4,28.2,84,22.8,37,1003.3,1
2021-05-04,Phu_Tho,32.5,24.9,28.4,82,20.0,36,1003.5,1
2021-05-05,Phu_Tho,27.6,23.6,25.5,90,18.8,95,1008.0,1
2021-05-06,Phu_Tho,29.2,23.6,26.0,84,12.9,99,1009.2,1
2021-05-07,Phu_Tho,31.5,24.3,27.4,84,17.4,61,1007.6,0
2021-05-08,Phu_Tho,30.1,24.4,27.2,85,16.3,63,1005.0,0
2021-05-09,Phu_Tho,32.2,25.1,28.3,83,15.4,64,1002.9,1
2021-05-10,Phu_Tho,33.6,25.5,29.2,82,14.8,39,1001.2,0
2021-05-11,Phu_Tho,34.6,25.8,30.0,79,18.2,57,1000.0,0
2021-05-12,Phu_Tho,35.0,26.2,30.2,79,15.7,48,999.7,1
2021-05-13,Phu_Tho,33.0,27.3,29.2,82,17.5,50,1000.6,1
2021-05-14,Phu_Tho,33.5,26.6,29.6,82,17.9,33,1000.2,1
2021-05-15,Phu_Tho,35.0,27.1,30.6,79,17.3,38,1000.6,1
2021-05-16,Phu_Tho,35.2,27.0,30.6,80,20.0,37,1000.9,1
2021-05-17,Phu_Tho,34.5,27.1,30.5,79,19.6,38,1002.2,0
2021-05-18,Phu_Tho,34.6,27.6,30.5,78,20.0,67,1001.8,1
2021-05-19,Phu_Tho,36.0,27.5,31.1,76,18.4,79,999.4,0
2021-05-20,Phu_Tho,35.7,28.0,31.5,75,20.6,85,999.7,0
2021-05-21,Phu_Tho,35.8,28.0,31.6,74,20.3,64,999.2,1
2021-05-22,Phu_Tho,37.2,28.1,32.1,72,22.3,66,997.5,0
2021-05-23,Phu_Tho,35.8,28.0,31.1,76,19.1,88,1000.0,1
2021-05-24,Phu_Tho,27.5,26.0,26.7,88,14.8,100,1005.9,1
2021-05-25,Phu_Tho,27.8,25.2,26.3,86,6.6,86,1005.6,1
2021-05-26,Phu_Tho,31.8,24.9,28.4,83,20.1,73,1003.1,1
2021-05-27,Phu_Tho,32.2,26.0,29.1,82,16.9,74,1004.0,1
2021-05-28,Phu_Tho,32.8,25.9,29.3,83,15.6,89,1004.1,1
2021-05-29,Phu_Tho,35.1,26.9,30.8,78,17.6,84,1001.3,1
2021-05-30,Phu_Tho,35.7,27.5,31.4,77,13.8,98,999.1,1
2021-05-31,Phu_Tho,35.8,28.0,31.7,75,14.5,91,997.4,0
2021-06-01,Phu_Tho,38.7,28.8,33.5,69,12.0,95,997.2,0
2021-06-02,Phu_Tho,37.9,29.2,32.9,69,14.7,100,998.1,1
2021-06-03,Phu_Tho,38.9,28.9,33.5,68,15.4,89,998.1,1
2021-06-04,Phu_Tho,30.0,25.8,27.7,75,13.8,92,1003.7,1
2021-06-05,Phu_Tho,31.4,24.2,27.8,74,11.8,82,1002.7,1
2021-06-06,Phu_Tho,32.7,25.5,28.4,80,14.6,77,1000.6,1
2021-06-07,Phu_Tho,31.4,25.7,28.1,84,15.6,95,1001.4,1
2021-06-08,Phu_Tho,30.2,25.2,27.0,89,10.7,95,1002.6,1
2021-06-09,Phu_Tho,30.1,25.1,27.4,88,9.5,98,1001.3,1
2021-06-10,Phu_Tho,30.9,25.1,27.6,88,7.9,100,999.9,1
2021-06-11,Phu_Tho,29.2,25.5,27.0,91,9.2,98,1000.5,1
2021-06-12,Phu_Tho,32.3,25.2,28.1,88,18.1,99,999.9,1
2021-06-13,Phu_Tho,29.2,25.9,27.2,89,21.0,91,998.6,1
2021-06-14,Phu_Tho,33.2,25.2,28.7,82,12.5,54,997.7,1
2021-06-15,Phu_Tho,34.8,26.0,30.1,77,15.6,50,995.9,1
2021-06-16,Phu_Tho,35.6,26.8,31.2,76,15.0,73,997.6,0
2021-06-17,Phu_Tho,36.0,27.7,31.7,74,14.3,59,999.4,1
2021-06-18,Phu_Tho,37.0,27.9,32.1,72,15.1,8,999.4,0
2021-06-19,Phu_Tho,38.1,28.0,32.8,67,13.0,52,997.3,0
2021-06-20,Phu_Tho,38.5,28.4,33.0,67,9.4,69,995.5,0
2021-06-21,Phu_Tho,37.5,28.1,32.9,70,14.2,97,996.1,0
2021-06-22,Phu_Tho,33.5,27.4,30.9,78,17.2,98,999.9,1
2021-06-23,Phu_Tho,32.1,26.8,29.3,82,13.1,100,1000.4,1
2021-06-24,Phu_Tho,31.9,27.5,29.3,83,12.7,99,999.2,1
2021-06-25,Phu_Tho,32.2,26.2,29.1,84,16.4,90,998.8,1
2021-06-26,Phu_Tho,32.9,26.1,29.4,83,13.6,92,999.7,1
2021-06-27,Phu_Tho,36.8,27.4,32.0,71,13.8,73,998.4,0
2021-06-28,Phu_Tho,37.2,29.1,32.4,66,13.5,98,996.1,1
2021-06-29,Phu_Tho,34.5,28.0,31.1,77,12.8,100,996.4,1
2021-06-30,Phu_Tho,35.8,27.9,31.1,77,15.0,99,996.8,1
2021-07-01,Phu_Tho,36.0,27.9,31.6,74,12.2,100,997.1,0
2021-07-02,Phu_Tho,37.5,29.0,32.3,66,14.6,100,998.4,0
2021-07-03,Phu_Tho,34.8,28.5,31.3,77,7.9,100,998.9,0
2021-07-04,Phu_Tho,36.0,28.6,32.0,74,14.8,97,999.2,1
2021-07-05,Phu_Tho,32.0,27.5,29.6,84,17.1,90,1000.8,1
2021-07-06,Phu_Tho,33.0,25.9,29.4,82,14.9,45,1000.9,1
2021-07-07,Phu_Tho,32.6,26.4,29.2,85,11.8,72,1001.3,1
2021-07-08,Phu_Tho,29.4,26.0,27.6,89,20.2,95,1002.7,1
2021-07-09,Phu_Tho,31.0,25.7,27.8,87,15.0,61,1005.0,1
2021-07-10,Phu_Tho,32.0,25.1,28.3,85,13.0,42,1005.2,1
2021-07-11,Phu_Tho,32.8,25.6,29.3,80,15.8,76,1005.7,1
2021-07-12,Phu_Tho,34.2,26.1,30.0,78,20.4,17,1004.3,0
2021-07-13,Phu_Tho,34.1,26.6,30.2,79,17.3,26,1002.1,1
2021-07-14,Phu_Tho,33.7,27.3,30.4,79,16.4,28,1001.8,1
2021-07-15,Phu_Tho,33.6,26.8,30.2,76,17.9,18,1003.4,1
2021-07-16,Phu_Tho,34.2,26.4,30.4,76,12.8,44,1004.0,1
2021-07-17,Phu_Tho,34.8,26.6,30.8,75,17.0,57,1000.4,0
2021-07-18,Phu_Tho,31.6,27.5,29.2,82,15.4,98,998.3,1
2021-07-19,Phu_Tho,31.4,26.3,28.2,87,12.0,96,998.8,1
2021-07-20,Phu_Tho,31.0,25.0,27.6,89,10.0,100,999.4,1
2021-07-21,Phu_Tho,31.1,25.4,28.0,86,12.4,99,998.3,1
2021-07-22,Phu_Tho,30.5,26.2,28.3,89,5.8,99,996.7,1
2021-07-23,Phu_Tho,28.5,26.5,27.5,92,12.8,98,995.5,1
2021-07-24,Phu_Tho,33.0,25.0,29.0,85,13.3,62,995.6,1
2021-07-25,Phu_Tho,33.6,26.5,29.6,85,11.1,79,996.6,1
2021-07-26,Phu_Tho,32.6,26.8,29.2,85,11.2,63,996.2,1
2021-07-27,Phu_Tho,34.0,26.9,30.5,82,8.0,72,994.4,1
2021-07-28,Phu_Tho,33.5,27.5,30.3,82,12.9,93,994.5,1
2021-07-29,Phu_Tho,32.8,27.1,29.6,86,11.5,98,995.9,1
2021-07-30,Phu_Tho,33.7,27.4,30.5,84,10.2,94,996.4,1
2021-07-31,Phu_Tho,35.0,27.7,31.1,81,13.3,100,995.4,1
2021-08-01,Phu_Tho,27.7,26.4,27.0,93,10.0,98,996.0,1
2021-08-02,Phu_Tho,32.0,25.2,28.7,85,10.9,78,995.5,1
2021-08-03,Phu_Tho,34.7,27.0,30.6,79,11.0,81,996.4,0
2021-08-04,Phu_Tho,35.8,27.1,31.4,79,11.5,57,996.4,0
2021-08-05,Phu_Tho,36.5,28.2,32.2,76,10.3,62,995.0,0
2021-08-06,Phu_Tho,37.1,28.9,32.7,71,9.7,91,995.6,0
2021-08-07,Phu_Tho,36.9,28.8,32.8,70,9.4,99,996.7,0
2021-08-08,Phu_Tho,33.8,28.8,31.1,81,9.8,98,998.0,0
2021-08-09,Phu_Tho,33.7,28.5,30.5,83,14.5,98,998.4,1
2021-08-10,Phu_Tho,31.3,26.0,27.8,91,11.6,100,998.8,1
2021-08-11,Phu_Tho,31.2,26.1,28.1,91,17.7,99,1000.9,1
2021-08-12,Phu_Tho,32.7,26.0,28.8,86,14.0,98,1002.1,1
2021-08-13,Phu_Tho,34.0,27.1,30.2,83,13.6,86,998.4,1
2021-08-14,Phu_Tho,31.8,27.0,29.1,88,8.3,100,998.0,1
2021-08-15,Phu_Tho,29.5,26.0,27.5,92,12.8,100,1002.0,1
2021-08-16,Phu_Tho,32.0,25.8,28.4,88,11.4,88,1005.4,1
2021-08-17,Phu_Tho,33.2,26.5,29.5,83,10.4,61,1004.7,1
2021-08-18,Phu_Tho,32.5,27.1,29.7,82,16.1,80,1002.6,1
2021-08-19,Phu_Tho,33.1,26.4,28.9,83,16.1,77,1002.9,1
2021-08-20,Phu_Tho,31.9,25.6,28.7,86,12.1,58,1004.1,1
2021-08-21,Phu_Tho,33.6,27.1,30.3,84,17.4,77,1002.8,1
2021-08-22,Phu_Tho,35.0,27.7,31.1,79,17.7,49,1000.2,1
2021-08-23,Phu_Tho,34.5,28.1,30.5,82,17.4,91,999.3,1
2021-08-24,Phu_Tho,32.0,26.5,28.5,88,16.6,100,1000.7,1
2021-08-25,Phu_Tho,31.8,26.0,28.6,88,13.6,80,1002.1,1
2021-08-26,Phu_Tho,30.7,26.2,27.9,88,14.5,84,1004.7,1
2021-08-27,Phu_Tho,30.1,24.9,27.2,88,13.1,87,1006.5,1
2021-08-28,Phu_Tho,30.1,25.2,27.0,88,14.6,64,1006.2,1
2021-08-29,Phu_Tho,31.4,24.6,27.6,85,12.4,29,1006.1,1
2021-08-30,Phu_Tho,31.5,25.4,28.3,82,14.0,76,1006.4,1
2021-08-31,Phu_Tho,32.0,25.8,28.7,83,12.0,46,1006.2,1
2021-09-01,Phu_Tho,31.7,25.8,28.6,84,10.5,54,1005.3,1
2021-09-02,Phu_Tho,29.4,25.6,27.6,88,10.8,90,1004.3,1
2021-09-03,Phu_Tho,31.5,24.6,28.0,83,11.9,57,1002.2,1
2021-09-04,Phu_Tho,30.8,25.5,28.3,85,13.0,56,1002.2,1
2021-09-05,Phu_Tho,30.1,25.1,27.1,89,16.1,62,1005.0,1
2021-09-06,Phu_Tho,31.2,25.1,28.0,87,8.1,49,1007.1,1
2021-09-07,Phu_Tho,30.5,26.0,27.9,88,13.4,78,1006.8,1
2021-09-08,Phu_Tho,30.5,24.8,27.0,89,17.5,92,1005.6,1
2021-09-09,Phu_Tho,30.1,24.5,26.9,89,7.1,80,1006.6,1
2021-09-10,Phu_Tho,32.7,24.5,28.5,84,13.3,61,1005.4,0
2021-09-11,Phu_Tho,33.7,26.0,29.6,79,12.8,40,1002.2,0
2021-09-12,Phu_Tho,34.5,26.9,30.4,79,10.3,67,999.4,0
2021-09-13,Phu_Tho,32.2,27.0,29.0,87,12.0,83,1002.5,1
2021-09-14,Phu_Tho,28.9,25.5,27.1,91,8.7,99,1006.8,1
2021-09-15,Phu_Tho,29.0,25.5,26.9,89,11.8,97,1008.1,1
2021-09-16,Phu_Tho,30.2,25.1,27.4,86,15.7,86,1006.6,1
2021-09-17,Phu_Tho,31.5,25.6,28.3,85,12.5,85,1004.9,1
2021-09-18,Phu_Tho,31.5,26.2,28.6,85,13.0,53,1005.5,1
2021-09-19,Phu_Tho,32.5,26.1,29.0,82,14.2,93,1005.7,1
2021-09-20,Phu_Tho,30.1,25.8,27.5,88,11.2,62,1006.6,1
2021-09-21,Phu_Tho,31.5,25.0,28.0,86,7.6,26,1005.9,1
2021-09-22,Phu_Tho,29.8,24.8,27.2,89,12.3,61,1005.9,1
2021-09-23,Phu_Tho,29.5,25.0,26.9,89,7.9,79,1007.8,1
2021-09-24,Phu_Tho,29.1,25.0,26.4,91,11.4,83,1008.2,1
2021-09-25,Phu_Tho,28.7,24.1,25.6,92,11.0,90,1008.1,1
2021-09-26,Phu_Tho,29.9,23.8,26.2,89,10.8,76,1008.4,1
2021-09-27,Phu_Tho,29.6,24.2,26.6,88,9.4,44,1008.0,1
2021-09-28,Phu_Tho,31.8,24.0,27.9,83,9.4,12,1006.3,0
2021-09-29,Phu_Tho,32.0,25.0,28.5,82,8.6,33,1005.0,0
2021-09-30,Phu_Tho,32.3,25.8,28.9,82,10.7,37,1004.9,1
2021-10-01,Phu_Tho,31.0,26.1,28.1,88,10.5,64,1005.2,1
2021-10-02,Phu_Tho,29.9,25.1,27.1,90,11.5,75,1006.2,1
2021-10-03,Phu_Tho,30.8,24.5,27.7,82,12.3,46,1006.6,0
2021-10-04,Phu_Tho,31.0,24.0,27.4,84,10.5,12,1007.7,1
2021-10-05,Phu_Tho,30.6,25.0,27.5,87,8.2,52,1007.8,1
2021-10-06,Phu_Tho,31.0,25.0,27.9,86,8.8,47,1004.8,1
2021-10-07,Phu_Tho,31.8,25.5,28.3,84,18.4,67,1002.4,1
2021-10-08,Phu_Tho,33.2,25.4,29.0,75,12.7,50,1001.4,0
2021-10-09,Phu_Tho,29.8,23.8,26.4,80,17.2,100,1001.5,1
2021-10-10,Phu_Tho,25.0,23.6,24.3,91,22.1,100,1000.6,1
2021-10-11,Phu_Tho,24.0,22.9,23.3,90,16.0,100,1005.5,1
2021-10-12,Phu_Tho,28.9,21.1,24.7,74,15.9,64,1006.4,0
2021-10-13,Phu_Tho,27.8,22.0,24.2,71,22.8,100,1003.2,1
2021-10-14,Phu_Tho,22.6,21.2,21.9,91,22.2,100,1003.8,1
2021-10-15,Phu_Tho,24.2,21.2,22.4,91,13.0,100,1008.2,1
2021-10-16,Phu_Tho,22.9,20.0,21.7,86,13.2,100,1013.9,1
2021-10-17,Phu_Tho,24.2,19.3,21.6,75,17.8,94,1016.8,1
2021-10-18,Phu_Tho,21.3,18.6,20.0,86,11.2,100,1015.5,1
2021-10-19,Phu_Tho,27.8,20.0,22.9,86,12.8,92,1013.7,1
2021-10-20,Phu_Tho,31.4,21.4,25.9,83,16.4,57,1010.0,0
2021-10-21,Phu_Tho,25.0,21.4,23.2,80,23.0,99,1012.2,1
2021-10-22,Phu_Tho,21.9,19.9,21.0,67,9.2,100,1017.6,0
2021-10-23,Phu_Tho,22.3,18.9,20.2,69,9.6,73,1018.2,0
2021-10-24,Phu_Tho,25.7,17.0,20.8,77,13.9,44,1017.3,0
2021-10-25,Phu_Tho,25.9,17.5,21.7,77,9.4,14,1014.1,0
2021-10-26,Phu_Tho,26.5,18.0,22.5,81,7.8,31,1012.6,0
2021-10-27,Phu_Tho,28.1,19.1,23.6,80,8.2,35,1013.4,0
2021-10-28,Phu_Tho,24.5,22.0,23.1,84,6.8,100,1014.1,1
2021-10-29,Phu_Tho,24.5,21.6,22.6,91,8.2,97,1014.5,1
2021-10-30,Phu_Tho,23.6,21.0,22.2,86,7.5,99,1015.4,1
2021-10-31,Phu_Tho,22.5,20.6,21.6,90,4.7,100,1014.3,1
2021-11-01,Phu_Tho,23.9,21.7,22.6,91,5.9,100,1014.1,1
2021-11-02,Phu_Tho,24.9,22.0,23.1,89,4.4,100,1014.0,1
2021-11-03,Phu_Tho,27.0,21.4,23.4,87,10.5,84,1012.1,1
2021-11-04,Phu_Tho,29.9,22.0,25.4,83,14.3,44,1009.2,1
2021-11-05,Phu_Tho,30.5,22.9,25.9,84,17.3,41,1006.3,1
2021-11-06,Phu_Tho,30.0,23.0,26.0,86,16.1,60,1004.3,1
2021-11-07,Phu_Tho,29.7,23.9,25.6,88,14.3,59,1008.0,1
2021-11-08,Phu_Tho,24.0,18.1,19.9,62,14.5,98,1017.7,1
2021-11-09,Phu_Tho,22.0,16.9,19.2,71,6.7,20,1017.6,0
2021-11-10,Phu_Tho,22.1,16.1,19.3,70,5.9,22,1017.2,0
2021-11-11,Phu_Tho,23.5,15.7,19.6,77,7.4,67,1014.3,0
2021-11-12,Phu_Tho,24.0,16.9,20.8,73,12.9,87,1016.3,0
2021-11-13,Phu_Tho,23.5,18.6,20.8,67,6.3,92,1016.3,0
2021-11-14,Phu_Tho,23.8,18.2,20.6,76,7.7,71,1014.8,0
2021-11-15,Phu_Tho,24.6,17.4,21.1,78,10.2,76,1012.6,0
2021-11-16,Phu_Tho,22.4,19.1,21.1,87,5.4,99,1012.4,1
2021-11-17,Phu_Tho,23.2,19.9,21.4,89,7.9,100,1014.3,1
2021-11-18,Phu_Tho,22.7,18.3,20.1,79,9.3,84,1012.6,0
2021-11-19,Phu_Tho,24.3,16.5,20.9,81,13.8,88,1007.4,0
2021-11-20,Phu_Tho,27.9,21.0,23.8,83,15.2,70,1005.9,1
2021-11-21,Phu_Tho,28.8,22.5,25.1,86,16.0,61,1008.5,1
2021-11-22,Phu_Tho,23.0,18.0,20.3,71,14.2,91,1015.7,1
2021-11-23,Phu_Tho,18.9,16.8,17.8,59,7.4,99,1019.2,0
2021-11-24,Phu_Tho,20.0,15.4,17.7,65,10.9,86,1018.8,1
2021-11-25,Phu_Tho,22.1,14.4,17.8,81,10.5,37,1016.5,0
2021-11-26,Phu_Tho,23.7,15.4,19.2,82,11.8,48,1016.2,0
2021-11-27,Phu_Tho,24.8,17.2,20.7,72,8.3,54,1017.1,0
2021-11-28,Phu_Tho,24.4,14.8,19.8,75,7.8,21,1016.6,0
2021-11-29,Phu_Tho,25.2,15.4,20.2,79,7.1,88,1015.3,0
2021-11-30,Phu_Tho,25.2,17.1,21.3,68,13.4,80,1018.0,0
2021-12-01,Phu_Tho,22.2,14.9,18.4,69,8.7,46,1019.2,0
2021-12-02,Phu_Tho,21.2,12.4,17.0,69,8.2,57,1019.7,0
2021-12-03,Phu_Tho,22.0,11.3,17.1,74,8.2,51,1019.4,0
2021-12-04,Phu_Tho,23.0,12.2,17.8,73,9.6,16,1018.8,0
2021-12-05,Phu_Tho,23.4,12.4,17.9,72,8.7,2,1018.5,0
2021-12-06,Phu_Tho,23.8,14.8,18.6,75,9.4,3,1017.8,0
2021-12-07,Phu_Tho,23.2,12.8,17.2,71,10.0,0,1017.5,0
2021-12-08,Phu_Tho,23.5,12.4,18.2,70,8.6,35,1018.3,1
2021-12-09,Phu_Tho,21.1,17.3,18.8,84,8.7,98,1019.3,1
2021-12-10,Phu_Tho,25.0,15.4,19.8,81,13.3,52,1016.3,0
2021-12-11,Phu_Tho,24.5,17.1,20.1,84,11.0,63,1016.5,1
2021-12-12,Phu_Tho,24.9,16.2,20.0,80,10.6,72,1019.0,1
2021-12-13,Phu_Tho,21.6,15.1,18.6,64,10.5,54,1019.3,0
2021-12-14,Phu_Tho,22.4,13.5,17.7,79,8.7,30,1014.9,0
2021-12-15,Phu_Tho,22.7,14.9,18.2,85,8.7,50,1011.6,1
2021-12-16,Phu_Tho,24.2,16.9,19.7,85,9.0,81,1012.3,1
2021-12-17,Phu_Tho,26.0,17.2,21.2,69,12.9,84,1016.7,1
2021-12-18,Phu_Tho,22.6,15.1,19.0,59,10.2,57,1019.5,0
2021-12-19,Phu_Tho,22.0,13.1,17.8,63,7.1,53,1019.1,0
2021-12-20,Phu_Tho,23.8,14.5,18.7,61,13.4,55,1014.6,0
2021-12-21,Phu_Tho,23.7,12.4,17.8,72,15.6,5,1014.4,0
2021-12-22,Phu_Tho,24.4,12.8,18.7,73,10.1,1,1013.6,0
2021-12-23,Phu_Tho,24.9,14.6,19.2,75,12.9,9,1012.1,0
2021-12-24,Phu_Tho,22.6,16.1,18.9,86,11.0,56,1013.0,1
2021-12-25,Phu_Tho,24.5,17.0,20.0,83,17.2,78,1015.8,1
2021-12-26,Phu_Tho,20.5,15.4,18.4,68,15.6,100,1019.5,1
2021-12-27,Phu_Tho,15.1,12.4,13.6,71,8.8,100,1024.0,1
2021-12-28,Phu_Tho,17.0,12.4,14.0,69,6.6,74,1021.7,0
2021-12-29,Phu_Tho,16.5,13.4,15.2,76,8.1,100,1021.3,0
2021-12-30,Phu_Tho,18.9,14.2,16.1,76,9.5,99,1022.7,1
2021-12-31,Phu_Tho,18.1,13.6,16.3,73,6.3,81,1021.8,0
2021-01-01,Bac_Ninh,17.9,7.6,11.9,46,13.1,45,1024.4,0
2021-01-02,Bac_Ninh,19.0,6.2,12.3,62,11.7,13,1020.8,0
2021-01-03,Bac_Ninh,19.4,8.1,13.6,63,9.0,68,1020.7,0
2021-01-04,Bac_Ninh,21.7,10.6,15.7,58,10.5,35,1019.6,0
2021-01-05,Bac_Ninh,21.1,10.6,16.1,67,9.4,79,1019.2,0
2021-01-06,Bac_Ninh,19.9,15.5,17.2,55,13.3,97,1018.0,0
2021-01-07,Bac_Ninh,16.1,10.5,13.6,61,18.2,100,1019.5,1
2021-01-08,Bac_Ninh,11.2,7.3,9.2,54,22.1,96,1025.1,1
2021-01-09,Bac_Ninh,12.7,7.6,9.9,40,14.7,97,1024.1,0
2021-01-10,Bac_Ninh,13.8,8.4,11.1,37,13.9,95,1023.1,0
2021-01-11,Bac_Ninh,14.8,9.1,11.6,30,23.3,65,1027.9,0
2021-01-12,Bac_Ninh,17.9,7.6,12.6,38,17.2,51,1024.9,0
2021-01-13,Bac_Ninh,20.5,8.8,14.5,51,15.8,27,1017.6,0
2021-01-14,Bac_Ninh,22.1,9.9,15.8,67,13.1,33,1015.9,0
2021-01-15,Bac_Ninh,20.8,10.4,16.1,80,11.4,62,1014.1,0
2021-01-16,Bac_Ninh,21.4,15.8,18.1,78,8.4,87,1014.8,1
2021-01-17,Bac_Ninh,17.1,12.6,14.9,63,26.8,100,1023.9,1
2021-01-18,Bac_Ninh,19.8,9.1,14.1,45,13.6,7,1023.1,0
2021-01-19,Bac_Ninh,21.4,7.4,14.2,71,15.9,0,1017.5,0
2021-01-20,Bac_Ninh,21.5,10.1,16.0,80,12.8,63,1015.4,0
2021-01-21,Bac_Ninh,21.8,15.1,18.1,78,10.6,86,1014.5,1
2021-01-22,Bac_Ninh,23.2,13.6,18.7,77,6.5,59,1014.1,0
2021-01-23,Bac_Ninh,24.8,14.0,19.0,76,12.0,52,1013.3,0
2021-01-24,Bac_Ninh,25.5,14.2,19.0,81,17.1,56,1012.1,0
2021-01-25,Bac_Ninh,23.9,18.5,20.5,85,16.5,86,1013.5,1
2021-01-26,Bac_Ninh,24.4,16.5,19.9,83,15.8,44,1014.9,1
2021-01-27,Bac_Ninh,23.5,14.6,18.9,82,14.9,79,1014.8,0
2021-01-28,Bac_Ninh,19.5,16.1,17.9,64,22.2,91,1020.2,1
2021-01-29,Bac_Ninh,22.6,15.4,18.2,59,14.3,67,1019.6,0
2021-01-30,Bac_Ninh,21.1,14.2,18.1,75,15.6,92,1018.3,1
2021-01-31,Bac_Ninh,21.6,16.0,18.8,81,18.8,90,1017.8,1
2021-02-01,Bac_Ninh,24.6,17.6,20.3,79,14.0,82,1016.8,1
2021-02-02,Bac_Ninh,24.1,16.0,19.3,85,12.6,48,1017.5,1
2021-02-03,Bac_Ninh,25.1,15.6,19.6,82,14.8,55,1018.0,0
2021-02-04,Bac_Ninh,24.6,16.0,19.8,81,13.2,52,1018.5,1
2021-02-05,Bac_Ninh,25.0,14.8,19.8,79,13.8,48,1017.0,1
2021-02-06,Bac_Ninh,26.5,14.8,19.8,77,14.3,43,1015.6,0
2021-02-07,Bac_Ninh,26.5,16.6,21.1,74,12.7,62,1014.8,0
2021-02-08,Bac_Ninh,25.6,17.0,20.5,82,12.8,72,1016.0,1
2021-02-09,Bac_Ninh,18.2,13.6,16.2,89,20.5,89,1016.0,1
2021-02-10,Bac_Ninh,23.4,11.5,17.2,73,13.9,22,1014.8,0
2021-02-11,Bac_Ninh,23.6,11.4,17.8,73,14.6,16,1015.0,0
2021-02-12,Bac_Ninh,23.5,14.4,18.6,75,11.1,42,1015.9,0
2021-02-13,Bac_Ninh,24.7,14.1,19.1,73,15.8,45,1015.5,0
2021-02-14,Bac_Ninh,25.2,15.1,20.1,75,13.3,52,1015.1,0
2021-02-15,Bac_Ninh,25.5,16.1,20.2,81,17.4,53,1012.4,1
2021-02-16,Bac_Ninh,24.5,17.1,20.7,81,15.4,74,1013.7,1
2021-02-17,Bac_Ninh,23.5,18.0,20.0,61,17.1,92,1018.8,1
2021-02-18,Bac_Ninh,24.4,17.6,20.4,67,8.9,82,1021.7,0
2021-02-19,Bac_Ninh,24.9,17.0,20.4,68,11.3,60,1021.4,0
2021-02-20,Bac_Ninh,26.6,14.1,19.9,67,12.4,19,1018.0,0
2021-02-21,Bac_Ninh,27.8,15.0,20.5,71,20.8,11,1014.2,0
2021-02-22,Bac_Ninh,26.2,17.4,21.2,79,16.3,74,1013.4,1
2021-02-23,Bac_Ninh,27.1,17.7,21.8,76,14.2,45,1012.8,0
2021-02-24,Bac_Ninh,27.0,18.1,21.8,78,21.6,57,1009.5,0
2021-02-25,Bac_Ninh,27.9,19.6,22.9,82,20.6,68,1005.9,1
2021-02-26,Bac_Ninh,27.5,19.4,23.3,81,19.6,84,1006.1,1
2021-02-27,Bac_Ninh,19.5,15.5,17.5,76,19.1,100,1011.0,1
2021-02-28,Bac_Ninh,20.8,16.7,18.8,93,9.2,100,1010.9,1
2021-03-01,Bac_Ninh,26.0,19.9,22.4,89,22.3,97,1012.8,1
2021-03-02,Bac_Ninh,20.2,16.5,18.4,58,20.7,100,1017.9,1
2021-03-03,Bac_Ninh,19.5,16.4,17.8,77,10.5,100,1017.2,1
2021-03-04,Bac_Ninh,21.2,15.8,18.2,85,9.0,100,1014.9,1
2021-03-05,Bac_Ninh,24.5,18.0,20.8,88,11.2,99,1011.3,1
2021-03-06,Bac_Ninh,29.1,21.1,23.9,85,13.8,70,1012.1,1
2021-03-07,Bac_Ninh,22.6,19.4,21.0,74,19.5,90,1015.7,1
2021-03-08,Bac_Ninh,26.2,19.7,22.2,85,16.9,82,1014.9,1
2021-03-09,Bac_Ninh,26.5,20.5,22.5,87,21.7,73,1014.6,1
2021-03-10,Bac_Ninh,26.8,20.0,22.9,84,22.5,65,1014.3,1
2021-03-11,Bac_Ninh,26.2,20.5,23.0,83,18.5,84,1015.4,1
2021-03-12,Bac_Ninh,27.7,19.0,23.0,83,16.3,65,1015.9,1
2021-03-13,Bac_Ninh,26.4,19.9,22.5,85,12.6,54,1015.5,1
2021-03-14,Bac_Ninh,26.8,18.5,22.2,83,15.3,61,1012.5,1
2021-03-15,Bac_Ninh,26.6,19.9,23.3,82,20.2,76,1009.8,1
2021-03-16,Bac_Ninh,27.0,20.8,23.2,87,19.7,84,1009.5,1
2021-03-17,Bac_Ninh,27.1,21.2,23.6,86,18.8,97,1009.2,1
2021-03-18,Bac_Ninh,27.9,21.2,24.0,85,16.6,89,1008.8,1
2021-03-19,Bac_Ninh,28.6,22.4,24.9,83,19.1,97,1007.5,1
2021-03-20,Bac_Ninh,27.6,23.0,24.8,86,19.0,98,1007.3,1
2021-03-21,Bac_Ninh,23.7,15.3,18.5,74,32.2,100,1014.9,1
2021-03-22,Bac_Ninh,19.9,14.6,16.7,53,22.7,73,1022.6,0
2021-03-23,Bac_Ninh,22.2,14.2,17.7,60,11.2,40,1019.1,0
2021-03-24,Bac_Ninh,24.7,14.5,19.4,76,14.3,61,1014.5,0
2021-03-25,Bac_Ninh,24.4,19.0,21.2,87,11.9,88,1012.3,1
2021-03-26,Bac_Ninh,25.8,20.1,22.7,92,19.4,94,1010.0,1
2021-03-27,Bac_Ninh,26.9,22.0,23.8,89,18.4,98,1007.8,1
2021-03-28,Bac_Ninh,26.5,22.4,24.0,90,18.2,98,1006.6,1
2021-03-29,Bac_Ninh,31.6,23.0,25.9,85,16.3,62,1002.9,1
2021-03-30,Bac_Ninh,32.9,22.9,27.1,82,15.8,58,1000.1,0
2021-03-31,Bac_Ninh,34.0,23.5,27.7,78,18.2,37,999.7,0
2021-04-01,Bac_Ninh,33.2,22.9,26.9,82,17.1,22,1001.5,0
2021-04-02,Bac_Ninh,30.8,23.6,26.5,85,18.1,74,1004.6,1
2021-04-03,Bac_Ninh,27.0,23.7,25.3,90,13.2,97,1008.2,1
2021-04-04,Bac_Ninh,28.5,21.5,24.0,87,17.4,82,1011.1,1
2021-04-05,Bac_Ninh,27.4,20.0,22.8,82,12.6,71,1013.7,1
2021-04-06,Bac_Ninh,25.8,20.8,23.3,84,18.3,77,1013.9,1
2021-04-07,Bac_Ninh,28.2,21.8,24.3,86,13.0,66,1011.8,1
2021-04-08,Bac_Ninh,28.5,20.8,24.0,87,20.9,78,1010.4,1
2021-04-09,Bac_Ninh,23.4,18.0,20.7,73,19.1,100,1013.6,1
2021-04-10,Bac_Ninh,25.1,18.8,21.3,85,10.6,100,1014.8,1
2021-04-11,Bac_Ninh,28.2,21.5,24.5,85,18.0,83,1013.8,1
2021-04-12,Bac_Ninh,29.0,21.9,24.9,87,18.9,95,1012.1,1
2021-04-13,Bac_Ninh,28.0,23.2,25.3,85,16.7,100,1010.5,1
2021-04-14,Bac_Ninh,29.0,22.9,25.6,85,17.1,99,1008.8,1
2021-04-15,Bac_Ninh,28.1,24.1,25.5,88,19.9,96,1007.7,1
2021-04-16,Bac_Ninh,28.4,23.6,25.6,86,18.5,99,1009.2,1
2021-04-17,Bac_Ninh,23.5,20.8,22.1,90,16.9,100,1013.2,1
2021-04-18,Bac_Ninh,26.2,20.3,22.8,84,8.8,98,1011.5,1
2021-04-19,Bac_Ninh,28.9,22.6,25.3,87,16.8,65,1007.2,1
2021-04-20,Bac_Ninh,30.0,24.0,26.5,87,20.4,64,1006.1,1
2021-04-21,Bac_Ninh,29.5,24.9,26.9,87,18.9,80,1006.9,1
2021-04-22,Bac_Ninh,30.8,24.8,27.0,85,18.1,66,1006.4,1
2021-04-23,Bac_Ninh,31.6,25.1,27.5,84,20.3,58,1004.2,1
2021-04-24,Bac_Ninh,32.3,25.0,28.0,85,19.8,68,1004.1,1
2021-04-25,Bac_Ninh,29.5,23.9,26.4,90,18.0,98,1006.9,1
2021-04-26,Bac_Ninh,24.6,20.5,22.8,91,20.5,100,1009.4,1
2021-04-27,Bac_Ninh,25.0,20.2,22.5,84,12.3,100,1012.1,1
2021-04-28,Bac_Ninh,26.0,20.8,22.8,87,16.6,97,1013.7,1
2021-04-29,Bac_Ninh,24.5,19.5,21.4,80,14.7,92,1014.2,1
2021-04-30,Bac_Ninh,27.8,18.0,23.1,82,13.9,50,1010.8,0
2021-05-01,Bac_Ninh,29.2,21.0,24.8,85,12.5,82,1010.1,1
2021-05-02,Bac_Ninh,28.3,23.6,25.9,92,15.1,93,1008.6,1
2021-05-03,Bac_Ninh,30.4,24.7,27.1,86,22.3,63,1006.1,1
2021-05-04,Bac_Ninh,33.0,25.1,28.1,82,18.9,59,1006.0,0
2021-05-05,Bac_Ninh,27.4,22.6,25.3,92,12.0,98,1010.0,1
2021-05-06,Bac_Ninh,29.7,22.4,25.8,84,14.0,92,1011.4,0
2021-05-07,Bac_Ninh,31.1,24.5,27.3,84,17.7,59,1009.9,1
2021-05-08,Bac_Ninh,31.4,24.1,27.2,84,15.1,73,1007.4,1
2021-05-09,Bac_Ninh,32.9,24.5,28.0,83,16.1,64,1005.2,1
2021-05-10,Bac_Ninh,34.4,25.8,29.4,81,18.7,35,1003.6,0
2021-05-11,Bac_Ninh,35.1,26.4,30.0,78,17.1,50,1002.4,0
2021-05-12,Bac_Ninh,35.2,26.9,30.1,78,18.5,43,1002.3,1
2021-05-13,Bac_Ninh,32.2,26.5,28.9,83,17.3,56,1003.1,1
2021-05-14,Bac_Ninh,31.6,26.9,29.1,82,23.5,52,1003.0,1
2021-05-15,Bac_Ninh,34.2,27.3,30.2,78,20.9,62,1003.2,1
2021-05-16,Bac_Ninh,35.0,27.3,30.5,77,18.7,54,1003.4,0
2021-05-17,Bac_Ninh,33.0,27.2,29.7,80,20.0,42,1004.8,1
2021-05-18,Bac_Ninh,32.9,27.1,29.5,82,19.2,62,1004.5,1
2021-05-19,Bac_Ninh,35.3,27.5,30.7,76,21.3,71,1002.0,1
2021-05-20,Bac_Ninh,35.6,27.1,30.8,76,17.4,93,1002.4,1
2021-05-21,Bac_Ninh,35.4,27.4,30.7,76,18.1,74,1001.8,1
2021-05-22,Bac_Ninh,36.5,28.0,31.5,73,20.1,60,1000.3,1
2021-05-23,Bac_Ninh,33.9,27.5,30.4,79,19.2,82,1002.4,1
2021-05-24,Bac_Ninh,30.9,25.4,27.7,76,19.1,93,1007.5,1
2021-05-25,Bac_Ninh,30.1,23.6,26.0,83,17.0,83,1007.3,1
2021-05-26,Bac_Ninh,31.0,24.5,27.8,85,17.5,75,1005.4,1
2021-05-27,Bac_Ninh,31.6,25.8,28.6,85,15.9,61,1006.3,1
2021-05-28,Bac_Ninh,32.2,25.7,28.8,83,14.9,88,1006.4,1
2021-05-29,Bac_Ninh,34.3,26.7,30.3,79,18.1,83,1003.8,1
2021-05-30,Bac_Ninh,35.4,27.6,31.6,73,13.6,99,1001.3,1
2021-05-31,Bac_Ninh,36.3,27.6,31.9,72,14.7,94,999.5,0
2021-06-01,Bac_Ninh,37.5,28.5,33.0,68,17.1,88,999.6,0
2021-06-02,Bac_Ninh,36.7,29.2,32.6,70,16.9,100,1000.4,0
2021-06-03,Bac_Ninh,38.0,29.1,33.0,69,17.8,90,1000.5,1
2021-06-04,Bac_Ninh,29.8,24.9,26.7,73,21.9,89,1005.5,1
2021-06-05,Bac_Ninh,31.4,23.0,27.5,71,9.4,75,1004.6,0
2021-06-06,Bac_Ninh,33.0,25.0,28.6,79,14.7,62,1002.6,1
2021-06-07,Bac_Ninh,32.5,25.6,28.5,81,14.9,79,1003.4,1
2021-06-08,Bac_Ninh,30.0,25.4,27.3,89,12.5,95,1004.3,1
2021-06-09,Bac_Ninh,30.1,25.5,27.1,90,10.8,97,1003.1,1
2021-06-10,Bac_Ninh,31.1,24.9,27.7,88,9.4,99,1001.7,1
2021-06-11,Bac_Ninh,31.1,25.1,27.4,89,13.9,95,1002.3,1
2021-06-12,Bac_Ninh,32.2,25.4,28.2,84,19.3,99,1001.3,1
2021-06-13,Bac_Ninh,30.5,25.2,27.2,87,24.2,86,1000.6,1
2021-06-14,Bac_Ninh,32.8,25.7,28.8,81,16.4,48,999.9,1
2021-06-15,Bac_Ninh,33.3,26.8,30.0,71,14.6,55,998.3,1
2021-06-16,Bac_Ninh,34.9,27.2,31.2,70,16.0,84,1000.0,0
2021-06-17,Bac_Ninh,35.9,27.7,31.8,67,15.6,65,1001.7,0
2021-06-18,Bac_Ninh,36.2,27.8,31.9,68,15.8,8,1001.8,0
2021-06-19,Bac_Ninh,37.2,28.0,32.6,63,15.1,51,999.6,0
2021-06-20,Bac_Ninh,37.5,29.2,33.1,61,14.0,63,997.8,0
2021-06-21,Bac_Ninh,37.9,28.1,33.1,65,11.2,95,998.2,0
2021-06-22,Bac_Ninh,34.0,27.6,30.9,75,15.1,99,1001.8,1
2021-06-23,Bac_Ninh,32.5,26.2,29.3,81,12.0,100,1002.5,1
2021-06-24,Bac_Ninh,32.4,27.1,29.4,84,10.3,97,1001.2,1
2021-06-25,Bac_Ninh,32.8,26.6,28.8,86,13.3,89,1001.1,1
2021-06-26,Bac_Ninh,33.3,26.4,30.0,79,13.9,88,1001.9,1
2021-06-27,Bac_Ninh,35.8,27.8,31.8,67,16.6,86,1000.7,0
2021-06-28,Bac_Ninh,35.8,28.7,32.0,65,15.5,97,998.4,0
2021-06-29,Bac_Ninh,34.2,28.2,31.1,73,11.3,100,998.6,1
2021-06-30,Bac_Ninh,35.0,27.9,31.3,69,15.5,100,999.1,1
2021-07-01,Bac_Ninh,35.6,28.4,31.6,64,15.9,99,999.4,0
2021-07-02,Bac_Ninh,36.4,28.5,32.2,63,15.0,99,1000.6,1
2021-07-03,Bac_Ninh,35.3,28.3,31.8,70,11.7,98,1000.8,0
2021-07-04,Bac_Ninh,36.2,28.8,31.7,73,16.7,93,1001.4,1
2021-07-05,Bac_Ninh,33.8,28.2,30.5,78,17.6,88,1002.9,1
2021-07-06,Bac_Ninh,32.7,26.6,29.8,79,12.2,48,1002.8,1
2021-07-07,Bac_Ninh,32.8,26.6,29.1,83,13.0,65,1003.0,1
2021-07-08,Bac_Ninh,29.5,25.8,27.4,88,22.4,89,1004.8,1
2021-07-09,Bac_Ninh,31.5,24.9,27.9,85,16.6,52,1007.0,1
2021-07-10,Bac_Ninh,31.4,25.3,28.2,83,13.4,48,1007.3,1
2021-07-11,Bac_Ninh,32.7,25.1,28.8,81,15.4,66,1008.0,1
2021-07-12,Bac_Ninh,34.0,25.8,29.7,76,18.0,17,1006.8,1
2021-07-13,Bac_Ninh,33.5,26.6,29.9,79,18.2,34,1004.6,1
2021-07-14,Bac_Ninh,34.3,27.4,30.3,76,17.5,27,1004.2,1
2021-07-15,Bac_Ninh,33.2,26.6,29.7,76,15.3,24,1005.8,1
2021-07-16,Bac_Ninh,34.7,26.2,30.3,74,13.4,40,1006.2,1
2021-07-17,Bac_Ninh,35.0,25.8,30.5,75,17.1,68,1002.7,0
2021-07-18,Bac_Ninh,32.5,27.2,29.1,83,13.2,97,1000.4,1
2021-07-19,Bac_Ninh,32.8,26.7,28.5,87,15.8,95,1000.7,1
2021-07-20,Bac_Ninh,32.7,24.5,27.3,89,13.2,99,1001.3,1
2021-07-21,Bac_Ninh,32.0,25.1,28.4,85,12.6,98,1000.1,1
2021-07-22,Bac_Ninh,29.4,25.7,27.7,91,7.8,100,998.6,1
2021-07-23,Bac_Ninh,27.4,25.3,26.4,94,16.6,99,996.8,1
2021-07-24,Bac_Ninh,32.6,25.1,28.7,85,12.9,69,997.2,1
2021-07-25,Bac_Ninh,33.2,26.1,28.9,87,15.4,62,998.5,1
2021-07-26,Bac_Ninh,33.5,25.7,29.1,84,8.7,60,998.0,1
2021-07-27,Bac_Ninh,33.8,26.5,30.0,82,9.7,71,996.4,1
2021-07-28,Bac_Ninh,34.2,27.4,29.6,87,9.4,89,996.4,1
2021-07-29,Bac_Ninh,32.4,26.4,28.8,89,7.6,99,997.9,1
2021-07-30,Bac_Ninh,33.5,26.4,29.7,85,12.7,94,998.5,1
2021-07-31,Bac_Ninh,33.8,27.3,30.5,83,12.0,93,997.4,1
2021-08-01,Bac_Ninh,28.1,25.6,26.7,94,12.8,100,997.8,1
2021-08-02,Bac_Ninh,33.2,25.0,28.9,84,9.4,86,997.4,1
2021-08-03,Bac_Ninh,34.3,26.2,29.6,85,15.1,88,998.3,1
2021-08-04,Bac_Ninh,36.0,26.2,30.8,80,9.7,70,998.4,1
2021-08-05,Bac_Ninh,36.2,27.3,31.6,79,10.7,84,996.9,0
2021-08-06,Bac_Ninh,35.8,28.2,31.9,76,10.1,99,997.5,0
2021-08-07,Bac_Ninh,36.1,28.4,32.1,70,10.5,99,998.8,0
2021-08-08,Bac_Ninh,34.3,28.9,31.4,80,8.6,98,1000.0,0
2021-08-09,Bac_Ninh,32.5,28.1,30.0,85,9.9,97,1000.5,1
2021-08-10,Bac_Ninh,31.2,25.8,27.8,91,14.0,100,1000.8,1
2021-08-11,Bac_Ninh,31.1,26.1,27.6,92,16.6,99,1003.3,1
2021-08-12,Bac_Ninh,33.0,25.1,28.7,86,11.6,96,1004.3,1
2021-08-13,Bac_Ninh,33.1,27.2,29.9,80,13.0,85,1000.7,1
2021-08-14,Bac_Ninh,32.0,27.5,29.3,85,9.2,100,1000.0,1
2021-08-15,Bac_Ninh,30.3,25.0,27.2,92,11.2,97,1004.1,1
2021-08-16,Bac_Ninh,32.0,24.2,28.5,84,12.6,90,1007.6,1
2021-08-17,Bac_Ninh,33.0,25.5,29.3,82,11.2,51,1006.9,1
2021-08-18,Bac_Ninh,32.0,27.0,29.3,87,13.5,72,1004.9,1
2021-08-19,Bac_Ninh,31.3,25.9,28.3,86,13.4,84,1005.1,1
2021-08-20,Bac_Ninh,32.0,26.0,28.8,86,14.2,54,1006.3,1
2021-08-21,Bac_Ninh,32.8,26.9,29.5,84,16.2,78,1005.3,1
2021-08-22,Bac_Ninh,34.4,27.4,30.5,81,17.7,54,1002.7,1
2021-08-23,Bac_Ninh,34.0,27.1,30.2,82,19.2,88,1001.7,1
2021-08-24,Bac_Ninh,31.6,27.0,29.2,87,15.7,100,1002.7,1
2021-08-25,Bac_Ninh,31.5,26.0,28.7,85,15.3,80,1004.2,1
2021-08-26,Bac_Ninh,30.4,26.0,27.7,88,17.3,72,1006.8,1
2021-08-27,Bac_Ninh,30.0,24.5,26.9,89,9.0,88,1008.4,1
2021-08-28,Bac_Ninh,29.0,24.6,26.2,89,10.6,81,1008.4,1
2021-08-29,Bac_Ninh,30.8,24.0,26.9,87,13.0,46,1008.1,1
2021-08-30,Bac_Ninh,31.0,24.9,27.6,85,11.7,85,1008.5,1
2021-08-31,Bac_Ninh,31.1,25.0,27.8,86,10.7,49,1008.4,1
2021-09-01,Bac_Ninh,31.0,25.4,28.1,85,9.7,67,1007.4,1
2021-09-02,Bac_Ninh,30.4,24.7,27.0,88,8.7,89,1006.3,1
2021-09-03,Bac_Ninh,30.9,24.8,27.5,87,11.9,63,1004.3,1
2021-09-04,Bac_Ninh,30.4,25.0,27.8,86,12.8,62,1004.4,1
2021-09-05,Bac_Ninh,30.0,24.5,26.9,90,12.0,77,1007.1,1
2021-09-06,Bac_Ninh,31.1,24.6,27.8,88,7.9,69,1008.9,1
2021-09-07,Bac_Ninh,30.5,25.5,27.6,87,14.9,78,1008.4,1
2021-09-08,Bac_Ninh,30.1,24.5,27.0,86,17.1,75,1007.2,1
2021-09-09,Bac_Ninh,31.1,24.1,26.7,89,11.6,55,1008.3,1
2021-09-10,Bac_Ninh,32.9,24.0,28.2,81,11.4,82,1007.1,0
2021-09-11,Bac_Ninh,33.5,25.8,29.4,79,10.1,60,1004.1,1
2021-09-12,Bac_Ninh,34.2,26.8,30.4,81,10.2,67,1001.4,0
2021-09-13,Bac_Ninh,31.8,26.2,28.8,87,14.6,77,1004.4,1
2021-09-14,Bac_Ninh,29.0,24.8,26.6,92,10.0,99,1008.6,1
2021-09-15,Bac_Ninh,29.8,24.9,26.7,90,9.3,98,1010.0,1
2021-09-16,Bac_Ninh,30.0,25.0,27.0,88,13.2,87,1008.8,1
2021-09-17,Bac_Ninh,31.5,25.1,27.5,87,15.1,87,1007.2,1
2021-09-18,Bac_Ninh,31.1,25.8,28.1,87,14.0,67,1007.7,1
2021-09-19,Bac_Ninh,32.5,24.9,28.4,83,14.8,56,1008.0,1
2021-09-20,Bac_Ninh,31.4,25.6,27.8,88,9.1,69,1008.3,1
2021-09-21,Bac_Ninh,31.4,24.5,27.8,87,8.2,50,1007.8,1
2021-09-22,Bac_Ninh,27.5,25.0,26.2,92,9.7,78,1008.0,1
2021-09-23,Bac_Ninh,29.4,24.8,26.8,90,9.6,75,1009.6,1
2021-09-24,Bac_Ninh,28.9,24.7,26.0,92,13.0,81,1010.0,1
2021-09-25,Bac_Ninh,30.2,24.4,26.4,90,11.0,82,1009.8,1
2021-09-26,Bac_Ninh,30.2,23.9,26.0,91,14.8,75,1010.2,1
2021-09-27,Bac_Ninh,30.2,24.1,26.2,91,7.9,78,1009.8,1
2021-09-28,Bac_Ninh,31.5,23.5,27.5,84,11.1,32,1008.3,0
2021-09-29,Bac_Ninh,32.2,24.2,28.2,83,12.2,32,1007.1,1
2021-09-30,Bac_Ninh,32.4,25.0,28.6,82,11.3,23,1007.1,0
2021-10-01,Bac_Ninh,31.7,25.4,28.3,84,8.7,49,1007.3,1
2021-10-02,Bac_Ninh,31.5,25.2,28.0,80,8.7,69,1008.2,1
2021-10-03,Bac_Ninh,31.0,24.5,27.5,81,10.1,55,1008.8,1
2021-10-04,Bac_Ninh,30.9,24.5,27.3,87,10.4,33,1009.6,1
2021-10-05,Bac_Ninh,31.2,24.5,27.1,85,9.8,49,1009.5,1
2021-10-06,Bac_Ninh,31.5,24.3,27.6,85,6.1,50,1006.7,1
2021-10-07,Bac_Ninh,33.0,25.2,28.7,75,14.8,58,1003.8,1
2021-10-08,Bac_Ninh,32.2,26.0,28.7,60,24.1,67,1003.0,0
2021-10-09,Bac_Ninh,27.5,23.0,25.0,78,20.0,100,1002.9,1
2021-10-10,Bac_Ninh,24.0,22.6,23.4,91,23.2,100,1001.5,1
2021-10-11,Bac_Ninh,23.5,22.0,22.8,84,28.1,95,1006.8,1
2021-10-12,Bac_Ninh,27.5,20.3,23.7,65,30.2,52,1008.0,0
2021-10-13,Bac_Ninh,25.9,21.6,23.1,72,27.2,99,1004.5,1
2021-10-14,Bac_Ninh,23.6,20.6,21.7,80,31.5,100,1004.7,1
2021-10-15,Bac_Ninh,23.6,20.8,21.7,88,17.2,100,1009.6,1
2021-10-16,Bac_Ninh,23.5,19.5,21.4,73,27.6,100,1015.2,1
2021-10-17,Bac_Ninh,23.5,19.5,21.2,63,25.4,94,1018.2,1
2021-10-18,Bac_Ninh,20.6,17.8,19.1,86,15.8,100,1017.1,1
2021-10-19,Bac_Ninh,26.0,19.2,21.9,90,10.2,96,1015.7,1
2021-10-20,Bac_Ninh,30.4,21.8,25.9,85,16.4,73,1012.2,0
2021-10-21,Bac_Ninh,24.8,19.5,21.7,79,26.4,99,1014.3,1
2021-10-22,Bac_Ninh,20.6,18.2,19.4,60,18.0,100,1019.5,0
2021-10-23,Bac_Ninh,22.6,17.5,19.5,63,15.6,76,1020.0,0
2021-10-24,Bac_Ninh,24.5,16.4,20.1,68,14.1,26,1019.0,0
2021-10-25,Bac_Ninh,25.9,16.9,21.1,74,13.5,4,1015.9,0
2021-10-26,Bac_Ninh,26.5,17.1,22.1,78,7.9,30,1014.5,0
2021-10-27,Bac_Ninh,27.5,18.7,23.1,74,14.2,48,1015.2,0
2021-10-28,Bac_Ninh,23.5,20.6,22.1,83,13.7,97,1015.8,1
2021-10-29,Bac_Ninh,23.1,20.7,21.7,94,16.1,100,1016.2,1
2021-10-30,Bac_Ninh,21.4,19.5,20.4,88,14.7,100,1017.2,1
2021-10-31,Bac_Ninh,24.3,19.6,21.4,89,10.1,100,1016.0,1
2021-11-01,Bac_Ninh,24.4,20.2,22.0,86,12.8,100,1015.9,1
2021-11-02,Bac_Ninh,24.1,20.7,21.7,88,12.6,99,1016.0,1
2021-11-03,Bac_Ninh,27.5,20.2,23.4,86,9.7,70,1014.0,1
2021-11-04,Bac_Ninh,29.4,21.6,25.0,84,14.6,50,1011.5,1
2021-11-05,Bac_Ninh,30.1,23.1,26.1,83,17.7,66,1008.7,1
2021-11-06,Bac_Ninh,30.5,23.0,26.0,85,15.1,56,1006.7,1
2021-11-07,Bac_Ninh,30.0,23.0,25.5,86,29.1,71,1010.1,1
2021-11-08,Bac_Ninh,21.8,14.9,17.5,61,31.8,96,1019.4,1
2021-11-09,Bac_Ninh,21.5,14.2,17.8,54,11.6,12,1019.5,0
2021-11-10,Bac_Ninh,21.9,13.9,18.1,58,14.7,18,1019.1,0
2021-11-11,Bac_Ninh,23.5,14.4,19.1,65,10.9,66,1016.2,0
2021-11-12,Bac_Ninh,24.0,17.2,20.7,64,16.6,96,1018.1,0
2021-11-13,Bac_Ninh,23.2,17.2,20.0,60,14.9,78,1018.1,0
2021-11-14,Bac_Ninh,24.0,15.9,19.6,67,12.8,47,1016.7,0
2021-11-15,Bac_Ninh,25.3,16.5,20.8,76,12.5,83,1014.5,0
2021-11-16,Bac_Ninh,23.1,19.2,21.2,83,5.4,89,1014.3,1
2021-11-17,Bac_Ninh,22.8,19.3,21.0,76,20.0,100,1016.1,1
2021-11-18,Bac_Ninh,22.6,17.0,19.5,68,13.6,83,1014.5,0
2021-11-19,Bac_Ninh,24.5,16.0,20.5,82,13.9,82,1009.6,1
2021-11-20,Bac_Ninh,27.9,20.8,23.4,86,14.7,71,1008.2,1
2021-11-21,Bac_Ninh,28.9,21.6,24.4,87,20.1,76,1010.9,1
2021-11-22,Bac_Ninh,21.5,16.5,18.9,66,24.3,96,1017.6,1
2021-11-23,Bac_Ninh,18.5,14.8,16.7,57,17.1,97,1020.9,0
2021-11-24,Bac_Ninh,20.4,15.7,17.4,59,13.7,84,1020.5,1
2021-11-25,Bac_Ninh,23.0,13.7,17.7,75,10.2,33,1018.2,1
2021-11-26,Bac_Ninh,24.1,14.3,19.1,70,11.8,42,1018.0,0
2021-11-27,Bac_Ninh,24.5,16.9,20.2,62,12.4,32,1018.9,0
2021-11-28,Bac_Ninh,24.8,14.7,19.3,68,9.0,26,1018.4,0
2021-11-29,Bac_Ninh,25.6,15.4,20.3,69,9.7,77,1017.1,0
2021-11-30,Bac_Ninh,24.2,16.9,20.5,56,22.3,55,1019.9,0
2021-12-01,Bac_Ninh,21.6,14.2,17.3,55,14.5,49,1021.2,0
2021-12-02,Bac_Ninh,21.6,11.1,15.8,59,11.8,57,1021.5,0
2021-12-03,Bac_Ninh,22.3,10.9,16.2,61,11.6,48,1021.3,0
2021-12-04,Bac_Ninh,23.1,10.1,16.2,64,9.7,18,1020.7,0
2021-12-05,Bac_Ninh,23.6,11.1,17.0,63,12.1,0,1020.3,0
2021-12-06,Bac_Ninh,23.6,11.9,16.8,64,10.5,2,1019.7,0
2021-12-07,Bac_Ninh,23.2,10.1,16.5,64,12.7,0,1019.5,0
2021-12-08,Bac_Ninh,23.9,11.3,17.9,67,9.0,49,1020.1,0
2021-12-09,Bac_Ninh,23.0,17.3,19.7,78,9.7,96,1020.9,1
2021-12-10,Bac_Ninh,25.6,16.5,20.4,77,15.3,59,1018.3,0
2021-12-11,Bac_Ninh,25.8,16.1,20.2,81,13.0,45,1018.5,0
2021-12-12,Bac_Ninh,25.4,16.1,19.5,74,24.8,40,1020.9,1
2021-12-13,Bac_Ninh,21.4,13.7,17.4,63,18.0,57,1021.2,0
2021-12-14,Bac_Ninh,23.0,11.5,17.4,74,10.5,33,1016.9,0
2021-12-15,Bac_Ninh,23.5,14.4,18.2,89,8.4,66,1013.6,1
2021-12-16,Bac_Ninh,23.9,17.8,20.0,90,8.7,82,1014.2,1
2021-12-17,Bac_Ninh,25.1,17.5,20.9,64,20.9,52,1018.6,0
2021-12-18,Bac_Ninh,22.0,14.3,17.8,49,16.9,24,1021.5,0
2021-12-19,Bac_Ninh,20.9,12.8,17.0,46,14.8,49,1020.9,0
2021-12-20,Bac_Ninh,22.7,14.7,18.2,50,18.2,95,1016.5,0
2021-12-21,Bac_Ninh,23.7,15.8,18.8,59,11.0,62,1016.2,0
2021-12-22,Bac_Ninh,24.4,12.6,18.1,70,12.2,8,1015.6,0
2021-12-23,Bac_Ninh,25.4,12.4,18.6,76,13.0,9,1014.3,0
2021-12-24,Bac_Ninh,24.0,15.5,19.7,83,7.6,82,1014.8,1
2021-12-25,Bac_Ninh,24.7,17.0,20.1,84,13.4,70,1017.8,1
2021-12-26,Bac_Ninh,21.4,13.1,17.3,68,24.0,100,1021.6,1
2021-12-27,Bac_Ninh,13.7,9.4,11.6,59,17.7,100,1026.1,1
2021-12-28,Bac_Ninh,15.8,10.4,13.2,63,10.3,100,1023.7,0
2021-12-29,Bac_Ninh,15.8,14.3,14.8,67,11.7,100,1023.1,1
2021-12-30,Bac_Ninh,19.0,13.5,15.9,64,13.7,100,1024.6,0
2021-12-31,Bac_Ninh,18.5,13.7,16.2,68,12.1,96,1023.6,1
2021-01-01,Hung_Yen,17.2,7.2,11.8,59,11.6,43,1023.6,0
2021-01-02,Hung_Yen,18.6,7.2,12.6,69,10.4,26,1020.1,0
2021-01-03,Hung_Yen,17.5,8.9,13.9,71,14.6,82,1019.9,0
2021-01-04,Hung_Yen,21.2,12.2,16.0,61,12.8,62,1018.9,0
2021-01-05,Hung_Yen,20.0,11.1,16.2,75,9.7,82,1018.5,0
2021-01-06,Hung_Yen,20.2,15.5,17.4,71,11.3,94,1017.2,0
2021-01-07,Hung_Yen,16.3,11.5,14.6,68,14.8,100,1018.4,1
2021-01-08,Hung_Yen,11.4,7.4,9.6,59,22.0,99,1024.1,1
2021-01-09,Hung_Yen,12.6,8.2,10.0,46,14.8,82,1023.2,0
2021-01-10,Hung_Yen,13.8,8.8,11.3,42,14.6,81,1022.2,0
2021-01-11,Hung_Yen,14.0,10.5,11.7,33,26.7,78,1026.9,0
2021-01-12,Hung_Yen,17.5,8.0,12.2,42,17.6,46,1024.3,0
2021-01-13,Hung_Yen,20.4,8.9,14.5,53,16.3,27,1017.1,0
2021-01-14,Hung_Yen,21.9,9.3,15.3,76,13.3,34,1015.2,0
2021-01-15,Hung_Yen,19.9,11.1,15.6,88,8.9,81,1013.5,0
2021-01-16,Hung_Yen,22.0,14.6,18.1,78,12.2,81,1014.0,0
2021-01-17,Hung_Yen,17.6,12.1,14.9,70,23.9,100,1022.7,1
2021-01-18,Hung_Yen,19.0,10.1,13.8,50,17.0,8,1022.5,0
2021-01-19,Hung_Yen,21.2,8.7,14.4,76,18.2,0,1016.9,0
2021-01-20,Hung_Yen,22.0,11.0,16.5,82,12.0,57,1014.7,0
2021-01-21,Hung_Yen,22.9,15.1,18.4,83,11.4,76,1013.7,1
2021-01-22,Hung_Yen,23.4,14.4,18.5,81,7.5,69,1013.5,1
2021-01-23,Hung_Yen,24.1,14.0,18.5,82,15.5,44,1012.8,0
2021-01-24,Hung_Yen,25.0,15.1,19.4,83,17.4,81,1011.6,1
2021-01-25,Hung_Yen,23.5,16.6,20.1,92,16.1,87,1012.8,1
2021-01-26,Hung_Yen,24.0,16.1,19.3,88,14.9,61,1014.4,0
2021-01-27,Hung_Yen,23.8,15.4,18.6,87,17.7,65,1014.1,1
2021-01-28,Hung_Yen,19.6,15.9,17.9,75,16.6,87,1019.2,1
2021-01-29,Hung_Yen,22.6,13.4,17.6,68,13.4,47,1019.0,0
2021-01-30,Hung_Yen,21.5,14.8,17.9,83,15.4,81,1017.6,1
2021-01-31,Hung_Yen,22.0,15.9,18.9,86,16.1,91,1017.2,1
2021-02-01,Hung_Yen,24.4,17.0,20.1,84,14.3,71,1016.2,1
2021-02-02,Hung_Yen,23.5,16.1,19.4,86,12.1,66,1016.9,0
2021-02-03,Hung_Yen,24.9,16.2,19.6,84,14.3,66,1017.4,0
2021-02-04,Hung_Yen,24.7,16.1,19.7,85,12.9,60,1017.8,1
2021-02-05,Hung_Yen,25.0,15.8,19.5,84,14.7,59,1016.4,1
2021-02-06,Hung_Yen,26.0,16.1,20.0,80,12.7,63,1015.1,0
2021-02-07,Hung_Yen,26.1,16.0,20.8,79,14.2,61,1014.2,1
2021-02-08,Hung_Yen,26.2,18.4,20.7,80,16.1,84,1015.3,1
2021-02-09,Hung_Yen,18.7,14.6,16.7,91,21.3,93,1015.0,1
2021-02-10,Hung_Yen,23.1,12.6,17.5,73,18.7,24,1014.1,0
2021-02-11,Hung_Yen,22.9,13.7,17.8,83,14.6,67,1014.4,0
2021-02-12,Hung_Yen,23.0,14.1,18.1,79,12.1,52,1015.3,0
2021-02-13,Hung_Yen,24.2,13.6,18.5,79,14.9,40,1014.9,0
2021-02-14,Hung_Yen,25.6,15.0,19.7,79,12.4,43,1014.5,0
2021-02-15,Hung_Yen,25.5,15.8,20.2,83,16.7,49,1011.7,1
2021-02-16,Hung_Yen,24.1,16.9,20.6,85,13.1,79,1012.9,1
2021-02-17,Hung_Yen,23.5,16.9,20.0,74,13.2,78,1018.0,1
2021-02-18,Hung_Yen,23.8,16.3,19.5,76,13.5,64,1021.1,1
2021-02-19,Hung_Yen,23.9,15.9,19.8,74,10.0,60,1020.8,0
2021-02-20,Hung_Yen,26.1,14.2,19.3,74,17.3,33,1017.5,0
2021-02-21,Hung_Yen,26.8,15.4,20.0,78,20.2,10,1013.7,0
2021-02-22,Hung_Yen,26.0,16.9,20.9,83,16.9,70,1012.8,1
2021-02-23,Hung_Yen,26.4,17.6,21.4,80,14.6,60,1012.3,0
2021-02-24,Hung_Yen,26.0,18.4,21.7,82,23.1,56,1009.0,1
2021-02-25,Hung_Yen,27.5,19.8,22.9,84,21.3,73,1005.3,1
2021-02-26,Hung_Yen,25.0,21.1,22.9,87,16.3,87,1005.4,1
2021-02-27,Hung_Yen,21.2,17.0,18.9,82,15.1,100,1010.0,1
2021-02-28,Hung_Yen,23.2,17.8,20.1,94,12.9,100,1010.1,1
2021-03-01,Hung_Yen,25.4,19.8,22.8,94,18.2,100,1011.9,1
2021-03-02,Hung_Yen,20.0,15.9,18.3,68,17.6,100,1017.2,1
2021-03-03,Hung_Yen,20.0,16.5,18.2,81,9.9,100,1016.4,1
2021-03-04,Hung_Yen,21.5,16.1,18.3,87,9.9,93,1014.2,1
2021-03-05,Hung_Yen,25.4,17.9,21.3,89,12.6,98,1010.7,1
2021-03-06,Hung_Yen,28.1,21.5,23.7,88,12.2,89,1011.4,1
2021-03-07,Hung_Yen,22.2,19.4,21.2,83,12.1,94,1015.0,1
2021-03-08,Hung_Yen,26.3,20.1,22.4,85,19.6,84,1014.3,1
2021-03-09,Hung_Yen,26.3,20.8,22.7,87,22.4,74,1014.0,1
2021-03-10,Hung_Yen,26.5,20.5,23.0,86,22.0,61,1013.8,1
2021-03-11,Hung_Yen,26.3,20.0,23.0,85,18.6,75,1014.8,1
2021-03-12,Hung_Yen,27.0,20.0,22.7,87,14.0,75,1015.4,1
2021-03-13,Hung_Yen,24.8,19.1,22.0,90,11.1,69,1015.0,1
2021-03-14,Hung_Yen,26.5,19.0,22.1,85,15.8,65,1012.0,1
2021-03-15,Hung_Yen,26.5,20.4,23.2,85,20.4,60,1009.3,1
2021-03-16,Hung_Yen,26.3,21.1,23.4,88,20.1,84,1009.0,1
2021-03-17,Hung_Yen,26.4,21.4,23.6,89,19.3,89,1008.6,1
2021-03-18,Hung_Yen,27.8,21.5,24.1,86,17.7,90,1008.3,1
2021-03-19,Hung_Yen,27.6,22.7,24.7,85,20.6,94,1007.0,1
2021-03-20,Hung_Yen,27.6,23.1,24.8,87,18.2,98,1006.6,1
2021-03-21,Hung_Yen,24.0,15.4,19.5,83,23.1,100,1013.7,1
2021-03-22,Hung_Yen,19.4,14.4,16.3,62,21.8,72,1021.8,1
2021-03-23,Hung_Yen,21.9,14.1,17.5,66,11.9,41,1018.5,0
2021-03-24,Hung_Yen,23.3,15.1,19.1,82,10.3,76,1013.9,0
2021-03-25,Hung_Yen,24.9,19.2,21.3,90,13.9,79,1011.6,1
2021-03-26,Hung_Yen,25.6,20.1,22.8,92,20.8,96,1009.4,1
2021-03-27,Hung_Yen,26.8,22.8,24.2,89,20.8,99,1007.2,1
2021-03-28,Hung_Yen,27.1,22.9,24.5,91,18.4,97,1005.9,1
2021-03-29,Hung_Yen,31.2,23.1,25.6,88,16.4,64,1002.4,0
2021-03-30,Hung_Yen,32.5,23.4,27.2,82,17.9,48,999.5,0
2021-03-31,Hung_Yen,33.2,24.1,27.6,79,16.9,49,999.2,0
2021-04-01,Hung_Yen,32.3,23.4,26.8,84,14.9,19,1000.8,0
2021-04-02,Hung_Yen,30.6,23.8,26.6,87,16.5,73,1003.9,1
2021-04-03,Hung_Yen,28.4,22.9,25.5,90,16.8,92,1007.5,1
2021-04-04,Hung_Yen,28.9,22.2,24.8,87,16.6,72,1010.3,1
2021-04-05,Hung_Yen,27.2,21.8,23.7,84,18.5,60,1012.9,1
2021-04-06,Hung_Yen,26.2,21.1,23.6,87,18.0,62,1013.1,1
2021-04-07,Hung_Yen,28.6,21.5,24.6,86,15.3,63,1011.2,1
2021-04-08,Hung_Yen,28.2,23.0,25.1,88,14.7,64,1009.5,1
2021-04-09,Hung_Yen,23.5,19.0,21.6,84,17.6,100,1012.6,1
2021-04-10,Hung_Yen,25.2,19.5,22.3,87,15.3,94,1013.9,1
2021-04-11,Hung_Yen,28.1,22.2,24.7,86,19.5,79,1013.2,1
2021-04-12,Hung_Yen,28.8,22.1,25.0,88,20.1,87,1011.5,1
2021-04-13,Hung_Yen,28.1,23.2,25.2,87,16.6,99,1009.9,1
2021-04-14,Hung_Yen,28.7,23.0,25.5,87,16.6,96,1008.2,1
2021-04-15,Hung_Yen,27.8,24.1,25.7,90,20.3,97,1007.0,1
2021-04-16,Hung_Yen,28.6,24.1,25.9,86,19.0,97,1008.5,1
2021-04-17,Hung_Yen,24.9,21.2,23.4,92,15.0,100,1012.1,1
2021-04-18,Hung_Yen,26.5,20.6,23.4,87,10.0,96,1010.8,1
2021-04-19,Hung_Yen,28.8,22.8,25.2,90,16.9,55,1006.6,1
2021-04-20,Hung_Yen,30.9,24.0,26.8,87,19.1,36,1005.5,1
2021-04-21,Hung_Yen,29.9,25.2,27.1,87,22.2,75,1006.3,1
2021-04-22,Hung_Yen,30.4,25.4,27.2,86,16.5,67,1005.8,1
2021-04-23,Hung_Yen,31.1,25.4,27.5,85,19.6,55,1003.6,1
2021-04-24,Hung_Yen,31.5,25.3,28.0,85,18.9,55,1003.5,1
2021-04-25,Hung_Yen,29.8,25.3,26.9,91,17.6,97,1006.1,1
2021-04-26,Hung_Yen,26.5,21.4,24.0,94,16.4,100,1008.4,1
2021-04-27,Hung_Yen,25.0,20.4,22.7,90,11.7,99,1011.2,1
2021-04-28,Hung_Yen,25.8,22.0,23.7,90,13.9,93,1012.7,1
2021-04-29,Hung_Yen,23.4,19.7,21.2,83,18.0,96,1013.5,1
2021-04-30,Hung_Yen,27.6,18.9,23.0,83,12.7,71,1010.2,1
2021-05-01,Hung_Yen,29.1,22.0,25.1,88,13.0,94,1009.4,1
2021-05-02,Hung_Yen,29.3,23.3,26.3,91,15.8,87,1008.0,1
2021-05-03,Hung_Yen,30.1,25.4,27.4,87,22.3,68,1005.6,1
2021-05-04,Hung_Yen,32.9,25.5,28.2,84,16.6,46,1005.3,0
2021-05-05,Hung_Yen,28.6,24.8,26.4,91,13.9,89,1009.1,1
2021-05-06,Hung_Yen,31.1,23.2,26.3,86,15.9,83,1010.8,1
2021-05-07,Hung_Yen,30.8,25.0,27.3,85,18.5,63,1009.5,1
2021-05-08,Hung_Yen,31.5,24.5,27.2,85,17.0,66,1006.8,0
2021-05-09,Hung_Yen,33.2,24.6,28.1,84,17.6,74,1004.7,0
2021-05-10,Hung_Yen,33.5,26.3,29.3,83,16.9,36,1003.1,0
2021-05-11,Hung_Yen,34.9,26.7,29.9,80,17.4,44,1002.0,0
2021-05-12,Hung_Yen,34.9,27.2,30.2,79,17.1,45,1001.7,0
2021-05-13,Hung_Yen,32.9,27.0,29.4,82,19.1,56,1002.5,1
2021-05-14,Hung_Yen,32.2,27.2,29.4,82,22.7,45,1002.4,1
2021-05-15,Hung_Yen,34.0,27.6,30.1,80,22.0,53,1002.8,0
2021-05-16,Hung_Yen,34.2,27.6,30.3,80,18.8,39,1002.9,0
2021-05-17,Hung_Yen,33.0,27.6,29.6,82,21.2,42,1004.3,1
2021-05-18,Hung_Yen,33.2,27.5,29.8,82,17.7,57,1003.9,1
2021-05-19,Hung_Yen,35.0,28.0,30.8,76,19.9,78,1001.6,0
2021-05-20,Hung_Yen,35.8,28.5,31.2,75,19.6,95,1001.7,0
2021-05-21,Hung_Yen,35.1,28.4,31.0,75,21.0,77,1001.3,1
2021-05-22,Hung_Yen,36.2,28.5,31.5,73,20.1,54,999.8,1
2021-05-23,Hung_Yen,35.2,28.0,30.9,79,18.3,74,1001.6,1
2021-05-24,Hung_Yen,30.3,25.5,27.6,87,17.9,95,1006.5,1
2021-05-25,Hung_Yen,27.8,24.1,25.7,87,20.3,85,1006.6,1
2021-05-26,Hung_Yen,30.1,25.0,27.7,88,16.1,70,1004.8,1
2021-05-27,Hung_Yen,31.4,25.5,28.3,87,16.3,71,1005.7,1
2021-05-28,Hung_Yen,32.0,25.6,28.7,85,16.3,88,1005.8,1
2021-05-29,Hung_Yen,34.5,27.0,30.2,81,18.4,87,1003.3,0
2021-05-30,Hung_Yen,35.7,27.8,31.4,74,15.0,94,1000.7,0
2021-05-31,Hung_Yen,36.8,27.6,32.0,72,15.3,84,998.9,0
2021-06-01,Hung_Yen,37.3,29.1,32.8,68,18.4,86,999.2,0
2021-06-02,Hung_Yen,37.0,29.5,32.7,70,18.4,99,999.9,0
2021-06-03,Hung_Yen,37.8,29.5,33.0,70,17.4,88,1000.0,1
2021-06-04,Hung_Yen,30.3,25.1,27.5,72,25.9,96,1004.5,1
2021-06-05,Hung_Yen,31.0,24.1,27.3,74,10.5,85,1004.1,1
2021-06-06,Hung_Yen,32.3,25.6,28.1,85,13.3,73,1002.0,1
2021-06-07,Hung_Yen,30.5,25.5,27.5,90,14.0,95,1002.7,1
2021-06-08,Hung_Yen,29.5,25.1,26.8,92,13.6,96,1003.6,1
2021-06-09,Hung_Yen,30.6,25.1,27.7,88,7.3,98,1002.4,1
2021-06-10,Hung_Yen,30.9,25.0,28.0,88,14.2,98,1001.0,1
2021-06-11,Hung_Yen,30.6,25.6,27.7,90,16.1,98,1001.5,1
2021-06-12,Hung_Yen,30.8,25.1,27.5,89,19.8,100,1000.4,1
2021-06-13,Hung_Yen,30.3,25.6,28.0,82,23.4,89,999.2,1
2021-06-14,Hung_Yen,32.9,26.5,29.5,77,19.9,34,999.3,1
2021-06-15,Hung_Yen,33.2,26.9,29.8,71,17.6,60,998.0,1
2021-06-16,Hung_Yen,34.6,27.2,31.0,71,15.8,76,999.6,0
2021-06-17,Hung_Yen,35.8,27.4,31.5,69,15.5,26,1001.4,0
2021-06-18,Hung_Yen,36.0,27.6,31.7,68,16.8,5,1001.5,0
2021-06-19,Hung_Yen,37.0,28.4,32.2,65,16.3,40,999.4,0
2021-06-20,Hung_Yen,37.4,28.6,32.7,63,15.6,46,997.5,0
2021-06-21,Hung_Yen,37.5,29.6,33.2,61,13.6,84,997.8,0
2021-06-22,Hung_Yen,34.8,28.8,31.5,77,14.3,99,1001.0,1
2021-06-23,Hung_Yen,32.1,26.4,28.9,87,10.0,100,1001.9,1
2021-06-24,Hung_Yen,34.0,27.8,30.2,80,9.9,97,1000.5,1
2021-06-25,Hung_Yen,33.7,27.2,30.0,82,12.9,94,1000.3,1
2021-06-26,Hung_Yen,34.2,27.6,30.6,76,15.6,95,1001.3,1
2021-06-27,Hung_Yen,36.2,27.7,31.9,65,18.2,89,1000.5,0
2021-06-28,Hung_Yen,35.9,28.8,32.1,63,17.7,98,998.1,0
2021-06-29,Hung_Yen,35.5,29.0,31.9,66,15.7,100,998.2,0
2021-06-30,Hung_Yen,35.3,28.6,31.9,64,17.0,100,998.7,0
2021-07-01,Hung_Yen,36.2,28.9,31.8,63,16.8,100,999.1,0
2021-07-02,Hung_Yen,37.0,28.8,32.5,61,15.7,99,1000.3,0
2021-07-03,Hung_Yen,37.3,29.3,32.9,63,11.6,97,1000.3,0
2021-07-04,Hung_Yen,37.3,28.5,32.5,71,13.7,93,1000.6,1
2021-07-05,Hung_Yen,32.8,28.2,30.5,79,19.9,81,1002.2,1
2021-07-06,Hung_Yen,33.0,26.8,30.0,79,16.2,45,1002.1,1
2021-07-07,Hung_Yen,31.5,26.2,28.3,87,16.9,87,1002.3,1
2021-07-08,Hung_Yen,29.3,25.9,27.4,89,24.9,91,1003.6,1
2021-07-09,Hung_Yen,30.7,25.6,27.9,86,18.1,52,1006.2,1
2021-07-10,Hung_Yen,31.0,25.5,27.9,85,13.5,39,1006.7,1
2021-07-11,Hung_Yen,32.6,25.4,28.7,81,15.9,27,1007.4,1
2021-07-12,Hung_Yen,33.1,25.9,29.3,79,18.7,17,1006.4,1
2021-07-13,Hung_Yen,33.5,26.6,29.8,81,19.2,23,1004.2,1
2021-07-14,Hung_Yen,33.5,27.5,30.0,78,19.1,26,1003.7,1
2021-07-15,Hung_Yen,33.0,27.1,29.6,77,16.4,34,1005.2,1
2021-07-16,Hung_Yen,33.8,26.2,29.8,79,15.7,40,1005.7,0
2021-07-17,Hung_Yen,34.6,25.9,30.1,78,15.8,71,1002.2,0
2021-07-18,Hung_Yen,32.4,27.2,29.5,84,11.1,98,999.7,1
2021-07-19,Hung_Yen,32.1,26.1,28.6,88,10.8,97,1000.0,1
2021-07-20,Hung_Yen,31.0,25.4,27.8,89,10.6,100,1000.6,1
2021-07-21,Hung_Yen,30.9,26.0,28.1,88,8.7,99,999.6,1
2021-07-22,Hung_Yen,30.1,26.8,28.2,90,8.9,100,998.0,1
2021-07-23,Hung_Yen,26.9,25.8,26.3,94,20.4,100,996.1,1
2021-07-24,Hung_Yen,30.4,25.2,27.9,88,18.1,94,996.5,1
2021-07-25,Hung_Yen,32.8,25.2,28.7,88,10.0,73,997.9,1
2021-07-26,Hung_Yen,33.2,26.4,28.7,88,18.1,70,997.5,1
2021-07-27,Hung_Yen,34.2,26.3,30.0,83,11.3,69,995.9,1
2021-07-28,Hung_Yen,33.2,27.6,29.9,86,14.0,79,995.7,1
2021-07-29,Hung_Yen,32.1,27.2,28.9,89,7.2,100,997.3,1
2021-07-30,Hung_Yen,32.7,26.5,29.6,86,10.8,98,998.0,1
2021-07-31,Hung_Yen,34.0,27.5,30.8,81,13.0,98,996.8,1
2021-08-01,Hung_Yen,27.9,26.1,27.1,93,11.5,99,997.2,1
2021-08-02,Hung_Yen,33.2,25.9,28.7,88,9.8,91,996.8,1
2021-08-03,Hung_Yen,34.5,26.2,29.5,86,13.0,92,997.8,1
2021-08-04,Hung_Yen,35.3,26.5,31.0,79,10.9,69,997.8,0
2021-08-05,Hung_Yen,36.1,27.5,31.8,74,12.0,80,996.5,1
2021-08-06,Hung_Yen,35.8,28.2,32.1,70,10.5,99,997.1,0
2021-08-07,Hung_Yen,36.2,28.5,32.3,69,9.9,99,998.4,0
2021-08-08,Hung_Yen,34.5,29.0,31.5,74,7.6,98,999.4,1
2021-08-09,Hung_Yen,34.5,27.6,30.6,86,14.4,99,999.8,1
2021-08-10,Hung_Yen,31.1,27.0,28.5,93,14.5,100,1000.0,1
2021-08-11,Hung_Yen,31.7,26.5,28.5,91,13.7,99,1002.6,1
2021-08-12,Hung_Yen,33.2,25.2,28.9,86,11.7,97,1003.7,1
2021-08-13,Hung_Yen,33.0,27.0,29.9,79,14.6,96,1000.2,1
2021-08-14,Hung_Yen,33.5,27.5,30.0,80,11.5,100,999.3,1
2021-08-15,Hung_Yen,31.7,26.5,28.5,89,11.2,97,1003.2,1
2021-08-16,Hung_Yen,32.5,27.1,29.4,81,12.0,93,1006.8,1
2021-08-17,Hung_Yen,33.5,27.2,30.1,81,10.2,50,1006.1,1
2021-08-18,Hung_Yen,32.8,27.5,30.0,84,11.8,70,1004.2,1
2021-08-19,Hung_Yen,31.5,26.8,28.8,88,11.3,83,1004.4,1
2021-08-20,Hung_Yen,31.7,25.6,28.8,86,12.4,45,1005.7,1
2021-08-21,Hung_Yen,33.5,27.5,29.8,84,15.9,69,1004.8,1
2021-08-22,Hung_Yen,34.5,28.2,30.9,80,16.0,50,1002.2,0
2021-08-23,Hung_Yen,35.2,28.3,31.1,78,15.6,85,1001.0,1
2021-08-24,Hung_Yen,33.8,27.9,30.4,82,13.7,100,1001.8,1
2021-08-25,Hung_Yen,31.9,26.2,28.9,85,15.7,79,1003.5,1
2021-08-26,Hung_Yen,30.2,26.0,27.7,89,14.8,74,1006.1,1
2021-08-27,Hung_Yen,29.8,24.8,26.9,89,10.9,93,1007.8,1
2021-08-28,Hung_Yen,29.1,24.8,26.4,90,10.2,91,1007.6,1
2021-08-29,Hung_Yen,30.8,24.5,27.0,89,12.5,52,1007.5,1
2021-08-30,Hung_Yen,30.5,25.0,27.4,88,11.0,91,1007.9,1
2021-08-31,Hung_Yen,30.6,25.3,27.7,87,12.0,64,1007.7,1
2021-09-01,Hung_Yen,31.2,25.2,27.9,87,9.3,65,1006.7,1
2021-09-02,Hung_Yen,29.6,25.1,27.0,90,9.7,92,1005.6,1
2021-09-03,Hung_Yen,30.8,24.8,27.6,87,9.7,74,1003.7,1
2021-09-04,Hung_Yen,30.3,25.1,27.6,88,12.0,65,1003.7,1
2021-09-05,Hung_Yen,30.0,24.8,27.0,90,10.4,79,1006.3,1
2021-09-06,Hung_Yen,30.7,25.3,27.5,90,8.7,75,1008.3,1
2021-09-07,Hung_Yen,30.2,25.5,27.1,90,17.1,79,1007.6,1
2021-09-08,Hung_Yen,28.4,24.6,26.2,92,18.4,94,1006.4,1
2021-09-09,Hung_Yen,29.6,24.2,26.5,89,9.8,62,1007.6,1
2021-09-10,Hung_Yen,32.5,24.5,28.3,83,14.2,58,1006.4,0
2021-09-11,Hung_Yen,33.0,25.9,29.3,81,11.6,69,1003.6,0
2021-09-12,Hung_Yen,34.5,25.7,30.1,81,8.6,76,1000.8,1
2021-09-13,Hung_Yen,31.2,26.7,28.6,88,14.0,87,1003.7,1
2021-09-14,Hung_Yen,29.3,25.1,26.7,93,10.5,100,1007.7,1
2021-09-15,Hung_Yen,30.3,25.0,27.0,91,6.7,96,1009.2,1
2021-09-16,Hung_Yen,29.1,25.4,27.0,90,12.9,85,1008.2,1
2021-09-17,Hung_Yen,31.6,25.5,27.9,87,11.3,71,1006.5,1
2021-09-18,Hung_Yen,31.2,25.9,28.2,87,12.6,67,1007.1,1
2021-09-19,Hung_Yen,32.6,25.0,28.6,83,12.9,58,1007.3,0
2021-09-20,Hung_Yen,31.8,25.5,27.9,87,7.9,78,1007.6,1
2021-09-21,Hung_Yen,30.5,24.5,27.3,89,9.0,58,1007.3,1
2021-09-22,Hung_Yen,28.3,25.0,26.2,91,10.2,74,1007.2,1
2021-09-23,Hung_Yen,30.4,24.8,26.9,90,14.1,75,1008.8,1
2021-09-24,Hung_Yen,27.8,24.5,25.7,94,15.8,99,1009.1,1
2021-09-25,Hung_Yen,29.0,24.2,25.9,92,16.7,93,1009.0,1
2021-09-26,Hung_Yen,28.6,24.1,26.0,92,13.8,85,1009.4,1
2021-09-27,Hung_Yen,29.9,24.0,26.0,91,9.0,77,1009.1,1
2021-09-28,Hung_Yen,31.6,23.8,27.7,84,11.5,14,1007.8,0
2021-09-29,Hung_Yen,32.3,24.0,28.1,83,10.1,12,1006.5,0
2021-09-30,Hung_Yen,32.6,24.8,28.4,84,13.2,20,1006.5,0
2021-10-01,Hung_Yen,31.8,25.0,28.2,85,10.0,43,1006.7,1
2021-10-02,Hung_Yen,31.0,25.1,27.8,82,10.7,54,1007.6,1
2021-10-03,Hung_Yen,31.7,24.6,27.6,81,12.7,30,1008.1,0
2021-10-04,Hung_Yen,31.0,24.6,27.2,88,16.5,34,1008.9,1
2021-10-05,Hung_Yen,29.8,25.1,26.9,89,13.1,76,1008.8,1
2021-10-06,Hung_Yen,30.5,24.6,26.8,89,10.9,70,1006.1,1
2021-10-07,Hung_Yen,32.0,25.2,28.4,78,19.9,63,1003.0,1
2021-10-08,Hung_Yen,31.6,26.4,28.7,63,24.7,66,1002.0,0
2021-10-09,Hung_Yen,27.9,23.2,25.4,77,21.7,100,1001.9,1
2021-10-10,Hung_Yen,24.9,23.0,23.7,91,33.4,100,1000.0,1
2021-10-11,Hung_Yen,24.8,22.5,23.7,90,20.7,100,1005.4,1
2021-10-12,Hung_Yen,27.5,21.4,24.0,65,27.8,57,1007.0,0
2021-10-13,Hung_Yen,25.2,21.6,23.2,73,31.4,100,1003.3,1
2021-10-14,Hung_Yen,22.5,20.5,21.3,88,34.3,100,1003.1,1
2021-10-15,Hung_Yen,22.8,20.8,21.5,90,18.0,100,1008.5,1
2021-10-16,Hung_Yen,23.4,19.6,21.3,77,30.0,100,1014.0,1
2021-10-17,Hung_Yen,23.1,18.9,21.0,65,27.5,99,1017.0,1
2021-10-18,Hung_Yen,20.4,18.1,19.4,84,20.3,100,1016.0,1
2021-10-19,Hung_Yen,25.7,19.4,22.0,90,14.3,94,1015.0,1
2021-10-20,Hung_Yen,30.6,20.4,25.3,86,18.5,67,1011.7,0
2021-10-21,Hung_Yen,26.0,19.5,22.2,86,22.2,100,1013.0,1
2021-10-22,Hung_Yen,20.4,18.3,19.5,63,19.4,100,1018.5,1
2021-10-23,Hung_Yen,23.0,17.6,19.7,65,17.7,66,1019.1,0
2021-10-24,Hung_Yen,23.5,16.8,20.1,71,15.8,63,1018.2,0
2021-10-25,Hung_Yen,26.5,17.5,21.5,74,10.8,33,1015.1,0
2021-10-26,Hung_Yen,27.2,17.5,22.2,80,10.5,28,1013.7,0
2021-10-27,Hung_Yen,27.7,19.4,23.4,76,14.2,70,1014.3,0
2021-10-28,Hung_Yen,23.4,21.2,22.3,85,14.8,100,1014.9,1
2021-10-29,Hung_Yen,22.5,20.7,21.7,94,16.2,100,1015.3,1
2021-10-30,Hung_Yen,22.2,20.0,20.9,90,16.9,100,1016.2,1
2021-10-31,Hung_Yen,23.8,19.9,21.4,90,12.5,100,1015.1,1
2021-11-01,Hung_Yen,25.3,21.1,22.8,92,11.1,99,1014.9,1
2021-11-02,Hung_Yen,25.2,21.0,22.6,90,11.4,99,1015.1,1
2021-11-03,Hung_Yen,27.6,21.0,23.5,88,10.3,68,1013.3,1
2021-11-04,Hung_Yen,29.5,21.5,25.0,87,13.4,59,1011.0,1
2021-11-05,Hung_Yen,29.9,23.4,25.8,86,18.3,48,1008.3,0
2021-11-06,Hung_Yen,29.9,23.3,26.0,86,16.4,53,1006.2,1
2021-11-07,Hung_Yen,30.1,23.3,25.8,87,17.0,66,1009.2,1
2021-11-08,Hung_Yen,23.2,16.5,18.4,64,28.8,90,1018.2,1
2021-11-09,Hung_Yen,21.4,14.6,17.7,59,14.8,16,1018.7,0
2021-11-10,Hung_Yen,21.8,15.1,18.2,60,15.5,25,1018.3,0
2021-11-11,Hung_Yen,23.8,14.8,19.2,71,9.0,70,1015.5,0
2021-11-12,Hung_Yen,24.1,18.0,21.0,68,14.8,99,1017.2,0
2021-11-13,Hung_Yen,23.1,16.5,20.0,63,15.9,92,1017.3,0
2021-11-14,Hung_Yen,23.9,15.9,19.7,75,10.8,68,1015.9,0
2021-11-15,Hung_Yen,25.0,16.5,20.8,81,11.2,88,1013.8,0
2021-11-16,Hung_Yen,23.2,19.9,21.4,88,7.1,98,1013.5,1
2021-11-17,Hung_Yen,24.5,19.7,21.3,84,16.5,98,1015.1,1
2021-11-18,Hung_Yen,23.0,17.5,19.8,69,16.8,61,1013.8,0
2021-11-19,Hung_Yen,24.2,16.2,20.6,84,14.8,65,1009.0,0
2021-11-20,Hung_Yen,27.9,20.5,23.7,88,19.9,73,1007.5,1
2021-11-21,Hung_Yen,28.4,22.4,24.8,89,14.9,58,1010.0,1
2021-11-22,Hung_Yen,22.9,17.2,19.7,73,22.3,98,1016.4,1
2021-11-23,Hung_Yen,18.1,15.5,17.0,58,18.5,99,1020.0,0
2021-11-24,Hung_Yen,19.7,15.7,17.5,61,14.6,80,1019.7,1
2021-11-25,Hung_Yen,23.0,13.9,18.0,76,13.3,32,1017.5,0
2021-11-26,Hung_Yen,24.4,15.4,19.6,73,15.5,21,1017.1,0
2021-11-27,Hung_Yen,25.6,16.8,20.4,66,12.0,27,1018.0,0
2021-11-28,Hung_Yen,24.9,15.1,19.5,70,11.5,40,1017.6,0
2021-11-29,Hung_Yen,25.7,15.9,20.6,72,10.7,75,1016.3,0
2021-11-30,Hung_Yen,24.1,17.8,20.7,59,22.1,35,1018.9,0
2021-12-01,Hung_Yen,22.0,14.9,17.8,61,14.2,58,1020.2,0
2021-12-02,Hung_Yen,22.0,11.9,16.3,64,10.7,75,1020.7,0
2021-12-03,Hung_Yen,22.6,10.9,16.0,68,11.6,59,1020.5,0
2021-12-04,Hung_Yen,23.5,10.9,16.5,68,11.2,27,1019.9,0
2021-12-05,Hung_Yen,23.7,12.2,17.2,67,13.9,11,1019.5,0
2021-12-06,Hung_Yen,23.8,11.7,17.1,67,9.8,0,1018.9,0
2021-12-07,Hung_Yen,24.1,11.1,17.3,66,12.2,0,1018.7,0
2021-12-08,Hung_Yen,24.4,12.2,18.5,68,10.7,58,1019.3,0
2021-12-09,Hung_Yen,23.2,16.6,19.5,78,13.6,81,1020.1,1
2021-12-10,Hung_Yen,25.6,16.9,20.5,78,13.5,67,1017.7,0
2021-12-11,Hung_Yen,26.0,16.5,20.3,84,12.7,62,1017.8,1
2021-12-12,Hung_Yen,25.5,16.5,20.5,76,20.1,77,1019.8,1
2021-12-13,Hung_Yen,21.6,15.4,18.0,62,17.7,46,1020.4,0
2021-12-14,Hung_Yen,23.2,12.6,18.1,76,10.7,35,1016.2,0
2021-12-15,Hung_Yen,25.0,14.9,19.2,87,11.6,53,1012.9,1
2021-12-16,Hung_Yen,24.2,18.4,20.7,89,10.7,78,1013.5,1
2021-12-17,Hung_Yen,25.6,18.1,21.2,69,17.7,59,1017.5,1
2021-12-18,Hung_Yen,22.4,15.2,18.3,54,15.9,35,1020.5,0
2021-12-19,Hung_Yen,20.4,13.1,17.0,49,18.4,61,1020.0,0
2021-12-20,Hung_Yen,22.9,15.0,18.8,50,13.4,94,1015.7,0
2021-12-21,Hung_Yen,23.4,16.1,18.8,61,15.3,79,1015.5,0
2021-12-22,Hung_Yen,24.8,13.7,18.5,73,15.5,40,1015.0,0
2021-12-23,Hung_Yen,25.5,14.3,19.2,78,14.6,15,1013.7,0
2021-12-24,Hung_Yen,24.5,16.4,20.0,88,6.4,68,1014.0,1
2021-12-25,Hung_Yen,24.8,17.8,20.7,81,20.4,68,1017.0,1
2021-12-26,Hung_Yen,21.9,14.6,18.8,71,19.5,95,1020.5,1
2021-12-27,Hung_Yen,14.3,10.1,12.4,62,18.4,100,1025.1,1
2021-12-28,Hung_Yen,16.9,10.9,14.0,61,11.7,100,1022.9,0
2021-12-29,Hung_Yen,16.3,14.5,15.4,69,15.0,100,1022.2,1
2021-12-30,Hung_Yen,18.5,13.4,15.9,68,15.0,100,1023.7,1
2021-12-31,Hung_Yen,18.0,14.1,16.2,71,11.7,93,1022.8,0
2021-01-01,Hai_Phong,17.5,6.9,11.7,58,9.7,46,1024.5,0
2021-01-02,Hai_Phong,18.9,6.9,12.6,65,11.2,16,1021.1,0
2021-01-03,Hai_Phong,19.0,9.6,13.8,69,11.8,76,1020.8,0
2021-01-04,Hai_Phong,21.0,12.6,16.0,61,13.0,69,1019.8,0
2021-01-05,Hai_Phong,19.6,12.4,16.6,67,9.8,90,1019.4,0
2021-01-06,Hai_Phong,20.4,15.8,17.3,66,12.1,95,1018.2,0
2021-01-07,Hai_Phong,16.0,11.2,14.4,66,12.9,100,1019.3,1
2021-01-08,Hai_Phong,11.0,7.1,9.1,59,13.6,99,1024.9,1
2021-01-09,Hai_Phong,12.1,7.7,9.7,45,12.1,98,1024.1,0
2021-01-10,Hai_Phong,13.9,8.6,11.2,47,12.4,86,1023.1,1
2021-01-11,Hai_Phong,12.8,7.8,10.4,40,17.5,75,1027.8,0
2021-01-12,Hai_Phong,17.2,5.9,11.4,47,11.9,48,1025.0,0
2021-01-13,Hai_Phong,19.3,8.9,13.9,64,13.0,26,1018.2,0
2021-01-14,Hai_Phong,21.7,10.0,15.2,77,16.0,30,1016.2,0
2021-01-15,Hai_Phong,20.3,10.8,15.8,84,9.5,52,1014.4,0
2021-01-16,Hai_Phong,20.9,15.4,18.0,75,11.8,89,1015.1,0
2021-01-17,Hai_Phong,17.3,12.2,15.4,62,21.6,99,1023.4,1
2021-01-18,Hai_Phong,18.5,8.9,13.2,54,14.7,8,1023.4,0
2021-01-19,Hai_Phong,20.1,7.9,13.8,73,14.6,0,1018.0,0
2021-01-20,Hai_Phong,21.5,11.1,16.0,85,13.6,39,1015.8,1
2021-01-21,Hai_Phong,22.6,13.4,17.2,86,9.5,46,1014.8,0
2021-01-22,Hai_Phong,23.1,12.4,17.4,85,7.8,65,1014.4,1
2021-01-23,Hai_Phong,23.9,13.8,17.7,86,12.7,60,1013.8,0
2021-01-24,Hai_Phong,23.7,13.6,18.4,85,19.8,52,1012.9,0
2021-01-25,Hai_Phong,23.0,17.5,19.9,87,16.9,76,1014.1,1
2021-01-26,Hai_Phong,22.7,15.9,18.7,88,15.3,44,1015.5,1
2021-01-27,Hai_Phong,22.2,14.8,18.2,86,13.5,49,1015.3,0
2021-01-28,Hai_Phong,21.1,15.7,18.4,72,15.8,82,1020.0,1
2021-01-29,Hai_Phong,21.4,13.8,17.0,70,13.7,39,1020.0,0
2021-01-30,Hai_Phong,21.3,13.4,17.5,82,20.6,56,1018.8,1
2021-01-31,Hai_Phong,21.4,16.5,18.8,85,20.1,78,1018.3,0
2021-02-01,Hai_Phong,24.0,17.0,19.8,83,13.5,60,1017.4,0
2021-02-02,Hai_Phong,22.8,15.6,18.6,89,11.9,35,1018.0,1
2021-02-03,Hai_Phong,24.0,15.3,19.1,85,14.2,31,1018.5,0
2021-02-04,Hai_Phong,23.5,15.8,19.1,87,13.1,42,1019.0,1
2021-02-05,Hai_Phong,24.8,15.9,19.1,84,13.0,22,1017.5,0
2021-02-06,Hai_Phong,25.1,13.9,18.8,84,13.3,21,1016.2,0
2021-02-07,Hai_Phong,25.6,15.2,19.6,83,12.2,25,1015.3,0
2021-02-08,Hai_Phong,23.8,17.1,20.3,78,14.7,85,1016.3,1
2021-02-09,Hai_Phong,18.0,14.4,16.4,91,15.8,96,1015.6,1
2021-02-10,Hai_Phong,23.6,11.8,17.1,79,15.2,21,1014.8,0
2021-02-11,Hai_Phong,23.6,12.1,17.3,81,15.9,31,1015.3,0
2021-02-12,Hai_Phong,23.0,13.6,17.8,79,12.3,23,1016.3,0
2021-02-13,Hai_Phong,23.4,12.9,18.0,81,12.7,43,1016.1,0
2021-02-14,Hai_Phong,25.1,15.3,19.4,81,12.0,27,1015.5,0
2021-02-15,Hai_Phong,24.4,15.2,19.3,86,14.1,14,1013.1,0
2021-02-16,Hai_Phong,24.1,16.2,20.0,84,12.2,47,1014.1,1
2021-02-17,Hai_Phong,24.7,17.2,20.4,72,12.3,77,1018.8,1
2021-02-18,Hai_Phong,23.7,15.8,19.4,74,14.8,50,1022.1,0
2021-02-19,Hai_Phong,23.6,16.2,19.4,73,14.0,35,1021.8,0
2021-02-20,Hai_Phong,24.8,14.3,18.9,77,14.0,12,1018.5,0
2021-02-21,Hai_Phong,25.0,13.9,19.1,83,18.7,35,1015.1,0
2021-02-22,Hai_Phong,24.0,16.8,20.0,87,16.4,47,1014.0,1
2021-02-23,Hai_Phong,26.4,16.1,20.5,84,15.9,50,1013.4,1
2021-02-24,Hai_Phong,25.1,17.1,20.6,87,21.4,48,1010.4,1
2021-02-25,Hai_Phong,25.0,19.5,22.1,88,23.1,87,1006.8,1
2021-02-26,Hai_Phong,25.2,21.0,22.8,83,17.3,93,1006.6,1
2021-02-27,Hai_Phong,20.8,18.1,19.3,84,13.7,100,1010.9,1
2021-02-28,Hai_Phong,22.6,18.8,20.6,90,18.9,100,1011.1,1
2021-03-01,Hai_Phong,25.2,19.4,22.6,89,18.0,100,1013.3,1
2021-03-02,Hai_Phong,20.9,16.4,18.7,65,13.2,99,1017.9,1
2021-03-03,Hai_Phong,20.8,17.5,18.7,84,8.6,99,1017.2,1
2021-03-04,Hai_Phong,21.6,16.5,18.8,89,10.1,100,1015.1,1
2021-03-05,Hai_Phong,23.7,18.9,21.1,91,9.2,100,1011.8,1
2021-03-06,Hai_Phong,27.4,21.5,23.3,90,12.8,90,1012.6,1
2021-03-07,Hai_Phong,23.0,20.0,21.3,78,13.8,99,1015.9,1
2021-03-08,Hai_Phong,24.6,20.1,21.9,89,16.9,69,1015.5,1
2021-03-09,Hai_Phong,24.5,19.8,21.7,92,17.1,62,1015.4,1
2021-03-10,Hai_Phong,26.0,20.0,22.1,89,19.4,44,1015.2,1
2021-03-11,Hai_Phong,25.9,20.1,22.4,88,15.6,50,1016.0,1
2021-03-12,Hai_Phong,26.3,20.0,22.3,89,14.2,39,1016.5,1
2021-03-13,Hai_Phong,25.2,18.9,21.6,88,15.5,34,1016.0,1
2021-03-14,Hai_Phong,26.6,18.2,21.9,86,14.0,29,1013.1,1
2021-03-15,Hai_Phong,26.0,20.2,22.7,87,22.8,64,1010.7,1
2021-03-16,Hai_Phong,25.1,20.9,22.7,89,19.0,77,1010.3,1
2021-03-17,Hai_Phong,26.2,21.0,23.1,89,19.9,87,1010.0,1
2021-03-18,Hai_Phong,26.8,21.0,23.4,88,17.7,92,1009.6,1
2021-03-19,Hai_Phong,26.6,22.0,24.0,89,20.9,84,1008.4,1
2021-03-20,Hai_Phong,26.6,22.8,24.4,88,20.7,97,1008.0,1
2021-03-21,Hai_Phong,23.7,15.9,19.6,75,23.3,100,1014.6,1
2021-03-22,Hai_Phong,20.6,13.9,16.7,63,14.0,76,1022.4,1
2021-03-23,Hai_Phong,22.4,15.4,17.9,65,13.2,53,1019.4,0
2021-03-24,Hai_Phong,23.8,16.4,19.7,79,12.2,82,1014.8,0
2021-03-25,Hai_Phong,26.2,18.4,21.9,87,16.4,54,1012.8,1
2021-03-26,Hai_Phong,25.5,20.5,22.7,92,17.1,83,1010.7,1
2021-03-27,Hai_Phong,25.4,22.0,23.5,89,19.1,96,1008.6,1
2021-03-28,Hai_Phong,25.5,22.3,23.7,89,15.5,98,1007.3,1
2021-03-29,Hai_Phong,28.4,22.8,24.7,90,15.6,85,1003.8,0
2021-03-30,Hai_Phong,30.1,22.7,25.6,84,13.2,46,1001.2,0
2021-03-31,Hai_Phong,31.5,23.5,26.2,82,18.4,47,1000.8,0
2021-04-01,Hai_Phong,30.7,23.0,25.6,86,17.7,18,1002.5,0
2021-04-02,Hai_Phong,28.8,23.1,25.5,88,18.6,86,1005.5,1
2021-04-03,Hai_Phong,28.1,23.2,25.4,89,15.3,88,1008.7,1
2021-04-04,Hai_Phong,27.6,22.4,24.5,86,18.9,79,1011.4,1
2021-04-05,Hai_Phong,27.3,21.5,24.0,79,20.0,68,1014.0,0
2021-04-06,Hai_Phong,25.4,22.1,23.4,84,22.0,61,1014.2,1
2021-04-07,Hai_Phong,27.4,22.0,24.2,88,12.3,58,1012.3,1
2021-04-08,Hai_Phong,27.2,22.5,24.6,86,14.7,66,1010.9,1
2021-04-09,Hai_Phong,25.4,20.4,22.3,76,13.9,98,1013.4,1
2021-04-10,Hai_Phong,26.5,21.0,23.2,79,20.0,91,1014.8,1
2021-04-11,Hai_Phong,28.1,22.5,24.6,86,16.0,80,1014.5,1
2021-04-12,Hai_Phong,26.8,22.1,24.2,90,20.1,87,1012.9,1
2021-04-13,Hai_Phong,28.2,22.8,25.0,86,17.6,79,1011.2,1
2021-04-14,Hai_Phong,28.5,23.2,25.5,86,17.4,91,1009.5,0
2021-04-15,Hai_Phong,27.3,23.8,25.2,89,21.9,96,1008.5,1
2021-04-16,Hai_Phong,28.0,23.7,25.5,86,17.1,94,1009.8,1
2021-04-17,Hai_Phong,26.5,21.8,23.9,87,14.2,100,1013.0,1
2021-04-18,Hai_Phong,27.2,20.8,23.9,85,10.5,74,1011.6,1
2021-04-19,Hai_Phong,27.7,22.7,24.8,91,16.1,61,1007.9,1
2021-04-20,Hai_Phong,28.5,24.0,26.0,90,20.8,52,1007.1,1
2021-04-21,Hai_Phong,28.5,24.9,26.2,90,24.4,66,1007.8,1
2021-04-22,Hai_Phong,28.6,24.8,26.1,88,17.7,68,1007.3,1
2021-04-23,Hai_Phong,28.8,24.9,26.5,88,23.5,51,1005.2,1
2021-04-24,Hai_Phong,29.8,25.0,27.1,88,23.2,57,1005.1,1
2021-04-25,Hai_Phong,28.7,24.8,26.4,90,21.5,97,1007.5,1
2021-04-26,Hai_Phong,25.4,21.8,23.7,94,14.8,100,1009.4,1
2021-04-27,Hai_Phong,27.0,20.9,23.5,87,11.2,97,1012.0,1
2021-04-28,Hai_Phong,27.7,21.3,24.1,85,11.0,79,1013.6,1
2021-04-29,Hai_Phong,26.0,19.5,22.0,80,10.6,94,1014.2,1
2021-04-30,Hai_Phong,26.5,19.0,22.8,84,11.7,66,1011.4,0
2021-05-01,Hai_Phong,28.4,21.8,24.9,87,13.7,83,1010.6,1
2021-05-02,Hai_Phong,28.4,23.5,26.0,92,16.2,86,1009.3,1
2021-05-03,Hai_Phong,28.9,24.8,26.7,89,26.1,76,1007.1,1
2021-05-04,Hai_Phong,30.0,25.4,27.3,87,18.0,50,1006.8,1
2021-05-05,Hai_Phong,29.6,24.6,26.5,88,13.7,90,1010.2,1
2021-05-06,Hai_Phong,30.3,24.1,26.3,88,15.0,88,1011.9,1
2021-05-07,Hai_Phong,30.0,25.1,27.1,86,19.5,66,1010.8,1
2021-05-08,Hai_Phong,29.8,23.8,26.7,86,19.6,72,1008.1,0
2021-05-09,Hai_Phong,30.6,24.2,27.3,87,16.1,73,1006.1,1
2021-05-10,Hai_Phong,31.9,26.1,28.6,85,20.5,48,1004.6,1
2021-05-11,Hai_Phong,33.2,26.9,29.3,83,22.0,48,1003.4,0
2021-05-12,Hai_Phong,33.2,27.1,29.6,81,19.5,29,1003.2,0
2021-05-13,Hai_Phong,30.8,26.9,28.4,86,19.9,67,1004.0,1
2021-05-14,Hai_Phong,30.8,27.5,28.9,85,22.2,56,1003.9,1
2021-05-15,Hai_Phong,32.2,27.7,29.4,83,23.1,49,1004.3,1
2021-05-16,Hai_Phong,32.3,27.7,29.6,82,22.5,49,1004.5,1
2021-05-17,Hai_Phong,31.1,27.5,29.0,84,22.4,35,1005.8,1
2021-05-18,Hai_Phong,30.8,27.1,28.9,85,20.5,63,1005.5,1
2021-05-19,Hai_Phong,33.0,27.9,29.8,82,25.6,66,1003.2,1
2021-05-20,Hai_Phong,33.5,27.0,29.7,83,19.6,98,1003.3,1
2021-05-21,Hai_Phong,32.7,28.2,29.9,82,20.6,76,1002.9,1
2021-05-22,Hai_Phong,33.5,28.4,30.4,79,20.4,35,1001.5,1
2021-05-23,Hai_Phong,32.7,28.1,30.1,82,19.4,79,1003.3,1
2021-05-24,Hai_Phong,32.5,26.1,28.6,80,12.9,93,1007.3,1
2021-05-25,Hai_Phong,31.4,24.6,27.4,83,18.4,81,1007.2,1
2021-05-26,Hai_Phong,30.0,25.7,28.0,87,18.2,72,1006.0,1
2021-05-27,Hai_Phong,30.8,26.2,28.4,86,16.8,76,1006.9,1
2021-05-28,Hai_Phong,31.0,26.0,28.5,84,16.4,84,1007.0,1
2021-05-29,Hai_Phong,33.5,27.4,30.0,82,19.8,86,1004.6,1
2021-05-30,Hai_Phong,36.5,28.4,31.6,73,15.8,95,1001.9,0
2021-05-31,Hai_Phong,37.4,28.2,32.1,71,16.7,91,1000.1,1
2021-06-01,Hai_Phong,38.0,28.4,32.7,70,19.1,94,1000.4,0
2021-06-02,Hai_Phong,35.8,30.0,32.3,73,23.0,99,1001.2,0
2021-06-03,Hai_Phong,38.4,29.4,33.0,71,21.5,93,1001.2,1
2021-06-04,Hai_Phong,28.9,25.0,27.0,73,16.2,96,1005.3,1
2021-06-05,Hai_Phong,31.6,24.1,27.6,68,11.7,85,1004.9,1
2021-06-06,Hai_Phong,32.8,24.9,28.6,79,16.4,57,1003.0,1
2021-06-07,Hai_Phong,30.9,26.0,28.0,84,13.1,86,1003.8,1
2021-06-08,Hai_Phong,29.6,25.5,27.2,89,14.5,95,1004.6,1
2021-06-09,Hai_Phong,30.5,25.5,27.6,88,15.8,96,1003.4,1
2021-06-10,Hai_Phong,30.8,25.0,28.3,85,13.7,99,1002.1,1
2021-06-11,Hai_Phong,30.1,25.8,27.9,87,17.1,97,1002.6,1
2021-06-12,Hai_Phong,31.8,25.7,28.2,85,24.5,100,1001.0,1
2021-06-13,Hai_Phong,30.4,25.8,27.8,83,28.1,93,1000.9,1
2021-06-14,Hai_Phong,32.2,27.0,29.5,76,21.3,32,1000.7,1
2021-06-15,Hai_Phong,33.3,27.0,29.9,71,19.1,60,999.2,1
2021-06-16,Hai_Phong,34.8,27.4,30.9,72,15.9,87,1000.8,1
2021-06-17,Hai_Phong,35.2,28.2,31.3,72,18.0,44,1002.6,1
2021-06-18,Hai_Phong,36.4,27.6,31.6,70,19.1,7,1002.7,0
2021-06-19,Hai_Phong,37.0,27.5,32.4,64,17.0,48,1000.4,0
2021-06-20,Hai_Phong,37.8,29.0,33.1,60,15.1,49,998.5,0
2021-06-21,Hai_Phong,38.3,28.2,33.0,65,17.3,86,998.8,0
2021-06-22,Hai_Phong,34.3,28.7,31.3,80,12.3,99,1002.0,1
2021-06-23,Hai_Phong,32.8,26.9,29.6,82,10.8,100,1002.8,1
2021-06-24,Hai_Phong,33.5,28.0,30.3,80,11.7,95,1001.7,1
2021-06-25,Hai_Phong,33.2,27.0,29.6,83,14.7,93,1001.7,1
2021-06-26,Hai_Phong,33.5,26.6,30.3,78,18.4,92,1002.6,1
2021-06-27,Hai_Phong,36.2,28.4,32.0,66,19.4,88,1001.6,1
2021-06-28,Hai_Phong,36.7,29.0,32.3,64,16.9,98,999.1,1
2021-06-29,Hai_Phong,35.4,29.1,31.7,67,16.2,100,999.3,1
2021-06-30,Hai_Phong,34.5,28.8,31.3,70,18.0,100,999.9,1
2021-07-01,Hai_Phong,35.3,29.5,31.9,66,19.0,99,1000.3,1
2021-07-02,Hai_Phong,37.5,29.5,32.6,63,17.3,99,1001.4,1
2021-07-03,Hai_Phong,37.5,29.0,33.0,62,12.2,97,1001.3,1
2021-07-04,Hai_Phong,35.7,29.6,32.0,74,19.3,89,1002.0,0
2021-07-05,Hai_Phong,33.5,28.3,30.6,76,17.5,74,1003.5,1
2021-07-06,Hai_Phong,32.9,27.4,29.8,79,14.3,40,1003.2,1
2021-07-07,Hai_Phong,33.6,26.7,29.5,80,17.8,78,1003.0,1
2021-07-08,Hai_Phong,29.5,26.0,27.6,88,29.3,82,1005.2,1
2021-07-09,Hai_Phong,31.5,25.5,28.3,84,19.6,56,1007.3,1
2021-07-10,Hai_Phong,31.4,25.5,28.5,84,14.6,35,1007.7,1
2021-07-11,Hai_Phong,32.2,26.2,28.9,81,15.5,29,1008.5,1
2021-07-12,Hai_Phong,32.5,26.0,29.4,80,19.2,27,1007.6,1
2021-07-13,Hai_Phong,32.8,27.0,29.9,78,20.2,26,1005.5,1
2021-07-14,Hai_Phong,32.8,28.0,30.2,75,19.1,20,1005.0,1
2021-07-15,Hai_Phong,32.8,27.0,29.6,78,16.9,35,1006.5,1
2021-07-16,Hai_Phong,33.5,26.5,29.7,77,15.6,29,1006.9,1
2021-07-17,Hai_Phong,34.0,25.6,29.8,78,14.7,70,1003.4,1
2021-07-18,Hai_Phong,32.8,27.9,29.8,80,15.7,91,1000.9,1
2021-07-19,Hai_Phong,32.5,26.5,29.2,83,10.1,98,1001.0,1
2021-07-20,Hai_Phong,32.8,25.6,28.1,88,11.8,99,1001.4,1
2021-07-21,Hai_Phong,32.5,26.0,28.3,89,8.4,98,1000.4,1
2021-07-22,Hai_Phong,29.0,25.5,27.2,93,9.7,100,998.9,1
2021-07-23,Hai_Phong,27.7,24.9,26.1,95,25.1,99,996.4,1
2021-07-24,Hai_Phong,31.1,25.9,28.1,87,18.9,75,997.3,1
2021-07-25,Hai_Phong,33.0,26.0,28.9,86,6.9,72,998.7,1
2021-07-26,Hai_Phong,33.7,25.4,29.0,87,10.5,65,998.3,1
2021-07-27,Hai_Phong,33.2,26.5,29.8,85,8.0,75,996.9,1
2021-07-28,Hai_Phong,33.0,27.8,29.8,86,8.4,79,996.6,1
2021-07-29,Hai_Phong,31.6,26.6,28.4,90,8.3,100,998.2,1
2021-07-30,Hai_Phong,32.5,26.4,29.1,89,7.6,99,999.0,1
2021-07-31,Hai_Phong,34.2,27.1,30.4,85,17.9,98,997.8,1
2021-08-01,Hai_Phong,27.6,26.0,26.7,94,13.6,100,997.9,1
2021-08-02,Hai_Phong,32.8,25.1,28.4,87,12.4,90,997.8,1
2021-08-03,Hai_Phong,34.0,26.0,29.0,86,18.8,90,998.6,1
2021-08-04,Hai_Phong,35.7,26.1,30.7,82,10.1,86,998.7,1
2021-08-05,Hai_Phong,35.8,26.9,31.4,80,11.6,84,997.3,1
2021-08-06,Hai_Phong,35.8,27.9,31.7,76,10.7,99,998.0,0
2021-08-07,Hai_Phong,36.0,28.1,32.0,73,9.0,99,999.3,0
2021-08-08,Hai_Phong,35.5,28.5,31.9,79,10.4,96,1000.4,1
2021-08-09,Hai_Phong,34.4,27.8,30.0,87,15.7,99,1001.0,1
2021-08-10,Hai_Phong,31.1,24.9,28.2,92,20.7,100,1001.2,1
2021-08-11,Hai_Phong,30.8,26.4,28.6,89,17.9,98,1003.9,1
2021-08-12,Hai_Phong,32.9,25.1,28.9,86,13.1,94,1005.0,1
2021-08-13,Hai_Phong,32.5,28.7,30.3,80,17.5,98,1001.5,1
2021-08-14,Hai_Phong,32.2,28.3,30.3,79,14.1,100,1000.5,1
2021-08-15,Hai_Phong,30.9,27.9,29.4,83,16.2,94,1004.4,1
2021-08-16,Hai_Phong,31.5,27.4,29.2,82,16.2,94,1008.1,1
2021-08-17,Hai_Phong,32.8,24.7,29.4,83,12.2,51,1007.4,1
2021-08-18,Hai_Phong,31.9,27.5,29.6,84,12.5,76,1005.4,1
2021-08-19,Hai_Phong,31.2,26.6,28.9,86,12.1,79,1005.6,1
2021-08-20,Hai_Phong,31.6,25.9,29.0,85,14.2,52,1006.9,1
2021-08-21,Hai_Phong,32.7,27.5,29.6,83,15.0,65,1006.0,1
2021-08-22,Hai_Phong,32.9,28.4,30.1,83,19.9,59,1003.6,1
2021-08-23,Hai_Phong,33.2,27.6,30.0,82,17.7,83,1002.5,1
2021-08-24,Hai_Phong,32.5,27.4,29.8,84,16.6,100,1003.2,1
2021-08-25,Hai_Phong,30.9,26.5,28.9,84,15.6,75,1004.8,1
2021-08-26,Hai_Phong,30.0,25.8,27.8,85,14.1,82,1007.3,1
2021-08-27,Hai_Phong,30.2,24.8,27.3,87,14.0,96,1008.7,1
2021-08-28,Hai_Phong,29.2,24.5,26.5,89,14.1,83,1008.6,1
2021-08-29,Hai_Phong,29.8,24.7,27.1,88,15.0,65,1008.4,1
2021-08-30,Hai_Phong,30.0,25.0,27.4,86,12.4,90,1008.9,1
2021-08-31,Hai_Phong,30.4,25.5,27.6,87,12.2,65,1008.7,1
2021-09-01,Hai_Phong,31.1,25.5,28.1,86,9.3,74,1007.7,1
2021-09-02,Hai_Phong,30.1,24.9,27.0,89,6.5,92,1006.6,1
2021-09-03,Hai_Phong,30.9,24.8,27.3,89,10.3,78,1004.7,1
2021-09-04,Hai_Phong,30.2,25.5,27.9,86,15.0,58,1004.9,1
2021-09-05,Hai_Phong,30.0,25.0,27.0,89,14.5,82,1007.5,1
2021-09-06,Hai_Phong,31.1,25.0,27.8,88,8.8,67,1009.2,1
2021-09-07,Hai_Phong,30.5,25.8,27.6,89,14.3,80,1008.4,1
2021-09-08,Hai_Phong,29.0,25.3,26.7,90,22.0,81,1007.3,1
2021-09-09,Hai_Phong,31.1,25.3,27.6,87,12.6,39,1008.4,1
2021-09-10,Hai_Phong,32.7,24.2,28.3,83,12.4,64,1007.2,0
2021-09-11,Hai_Phong,33.2,25.8,28.9,85,7.6,83,1004.5,1
2021-09-12,Hai_Phong,34.2,26.0,29.6,85,13.7,85,1001.8,1
2021-09-13,Hai_Phong,32.1,26.6,28.8,89,11.8,94,1004.6,1
2021-09-14,Hai_Phong,29.1,26.0,27.1,91,15.6,99,1008.5,1
2021-09-15,Hai_Phong,29.9,25.1,26.9,90,10.9,98,1010.2,1
2021-09-16,Hai_Phong,29.0,25.4,26.9,90,12.1,88,1009.3,1
2021-09-17,Hai_Phong,30.0,25.2,27.5,88,14.8,77,1007.7,1
2021-09-18,Hai_Phong,30.7,25.7,28.1,87,12.9,65,1008.3,1
2021-09-19,Hai_Phong,31.1,25.3,28.2,87,12.6,53,1008.4,1
2021-09-20,Hai_Phong,31.4,25.6,28.0,88,9.8,81,1008.6,1
2021-09-21,Hai_Phong,31.1,24.6,27.5,88,8.0,57,1008.1,1
2021-09-22,Hai_Phong,28.4,24.5,26.2,92,10.8,87,1008.2,1
2021-09-23,Hai_Phong,29.6,24.9,26.9,90,13.0,71,1009.8,1
2021-09-24,Hai_Phong,27.5,25.0,26.0,92,17.3,94,1010.0,1
2021-09-25,Hai_Phong,29.5,25.1,26.7,90,18.2,79,1009.9,1
2021-09-26,Hai_Phong,29.2,24.8,26.7,89,16.2,79,1010.2,1
2021-09-27,Hai_Phong,29.6,24.9,26.8,89,9.6,52,1009.9,1
2021-09-28,Hai_Phong,31.5,24.2,27.4,86,8.4,27,1008.7,1
2021-09-29,Hai_Phong,31.6,24.4,27.7,87,10.9,25,1007.5,1
2021-09-30,Hai_Phong,31.9,24.5,27.8,87,13.2,33,1007.5,1
2021-10-01,Hai_Phong,30.8,24.8,27.7,86,11.7,50,1007.8,1
2021-10-02,Hai_Phong,30.9,25.0,27.5,83,12.6,50,1008.7,1
2021-10-03,Hai_Phong,30.2,24.6,27.1,86,12.9,33,1009.2,1
2021-10-04,Hai_Phong,30.4,24.8,27.4,85,17.0,35,1009.9,1
2021-10-05,Hai_Phong,29.9,25.1,27.0,87,16.7,72,1009.7,1
2021-10-06,Hai_Phong,31.0,23.9,26.9,90,8.3,62,1006.9,1
2021-10-07,Hai_Phong,32.7,25.0,28.3,76,12.3,62,1003.6,1
2021-10-08,Hai_Phong,31.9,25.9,28.0,62,21.1,75,1002.5,0
2021-10-09,Hai_Phong,26.9,22.5,23.8,82,21.7,100,1002.1,1
2021-10-10,Hai_Phong,25.8,22.2,24.0,90,27.7,100,1000.0,1
2021-10-11,Hai_Phong,25.9,22.3,24.5,86,18.4,83,1006.4,1
2021-10-12,Hai_Phong,26.4,20.3,23.2,67,18.1,59,1007.6,0
2021-10-13,Hai_Phong,23.3,21.1,22.0,74,27.6,100,1003.4,1
2021-10-14,Hai_Phong,24.2,20.4,22.2,83,31.1,100,1003.5,1
2021-10-15,Hai_Phong,24.0,21.5,22.4,88,12.8,100,1009.0,1
2021-10-16,Hai_Phong,24.5,20.0,21.8,72,19.2,99,1014.4,1
2021-10-17,Hai_Phong,24.9,18.7,21.2,66,18.1,91,1017.4,1
2021-10-18,Hai_Phong,21.7,18.1,19.8,85,11.6,100,1016.5,1
2021-10-19,Hai_Phong,26.4,19.9,22.6,89,11.1,98,1015.6,1
2021-10-20,Hai_Phong,29.3,22.6,25.8,89,16.5,88,1012.8,1
2021-10-21,Hai_Phong,25.6,19.6,22.7,81,17.4,99,1013.9,1
2021-10-22,Hai_Phong,20.8,18.4,19.3,64,13.8,99,1019.1,0
2021-10-23,Hai_Phong,23.9,17.6,19.9,67,10.7,78,1019.8,0
2021-10-24,Hai_Phong,24.5,16.1,20.2,73,10.8,25,1018.9,0
2021-10-25,Hai_Phong,26.1,16.6,21.1,76,8.5,28,1016.0,0
2021-10-26,Hai_Phong,26.5,18.1,22.0,79,11.9,3,1014.7,0
2021-10-27,Hai_Phong,28.0,18.3,23.0,79,9.4,70,1015.1,0
2021-10-28,Hai_Phong,23.8,21.8,22.9,85,10.4,100,1015.5,1
2021-10-29,Hai_Phong,26.8,21.1,23.7,86,19.5,97,1016.0,1
2021-10-30,Hai_Phong,22.9,20.5,22.0,85,9.7,100,1016.9,1
2021-10-31,Hai_Phong,25.5,20.4,22.8,87,16.2,88,1015.9,1
2021-11-01,Hai_Phong,26.4,22.0,23.8,85,15.8,88,1015.8,0
2021-11-02,Hai_Phong,25.2,22.1,23.2,89,17.4,99,1015.8,1
2021-11-03,Hai_Phong,27.2,22.0,24.0,85,14.4,66,1014.2,1
2021-11-04,Hai_Phong,28.6,21.8,24.8,88,13.4,56,1012.1,1
2021-11-05,Hai_Phong,28.8,23.4,25.5,88,18.0,32,1009.5,1
2021-11-06,Hai_Phong,28.6,22.5,25.5,89,18.3,52,1007.5,1
2021-11-07,Hai_Phong,28.8,22.5,25.3,89,15.2,48,1010.4,1
2021-11-08,Hai_Phong,21.6,15.4,18.2,57,26.4,95,1018.8,1
2021-11-09,Hai_Phong,21.4,13.1,17.4,59,11.8,16,1019.5,0
2021-11-10,Hai_Phong,22.2,13.9,18.1,65,9.4,27,1019.0,0
2021-11-11,Hai_Phong,23.9,14.7,19.3,72,9.6,64,1016.4,0
2021-11-12,Hai_Phong,24.8,19.0,21.3,63,14.4,98,1018.0,0
2021-11-13,Hai_Phong,24.0,18.8,20.5,62,10.9,80,1018.0,0
2021-11-14,Hai_Phong,24.6,15.2,19.9,71,10.9,57,1016.8,0
2021-11-15,Hai_Phong,24.8,17.0,21.1,75,14.8,89,1014.6,1
2021-11-16,Hai_Phong,23.6,19.6,21.6,80,14.8,76,1014.4,0
2021-11-17,Hai_Phong,25.1,18.2,21.3,80,16.4,75,1015.9,1
2021-11-18,Hai_Phong,23.5,17.2,19.9,72,9.0,66,1014.5,0
2021-11-19,Hai_Phong,23.9,15.9,20.3,86,13.7,60,1010.2,1
2021-11-20,Hai_Phong,26.9,21.0,23.6,89,20.0,69,1008.8,1
2021-11-21,Hai_Phong,27.8,22.0,24.1,90,16.9,54,1011.4,1
2021-11-22,Hai_Phong,22.2,17.0,19.1,71,18.4,99,1017.2,1
2021-11-23,Hai_Phong,18.6,15.0,16.9,59,11.1,100,1020.7,0
2021-11-24,Hai_Phong,20.8,15.3,17.7,61,10.6,75,1020.3,0
2021-11-25,Hai_Phong,23.0,15.2,18.2,74,9.3,61,1018.2,0
2021-11-26,Hai_Phong,24.2,14.8,19.5,73,9.2,24,1017.9,0
2021-11-27,Hai_Phong,25.2,15.4,19.9,68,13.3,39,1018.9,0
2021-11-28,Hai_Phong,25.0,14.1,19.3,73,9.4,42,1018.4,0
2021-11-29,Hai_Phong,26.0,16.1,20.7,72,9.0,73,1017.2,0
2021-11-30,Hai_Phong,24.5,16.7,20.0,63,17.1,20,1019.6,0
2021-12-01,Hai_Phong,22.2,13.6,17.4,57,10.8,48,1021.1,0
2021-12-02,Hai_Phong,21.9,11.1,16.4,61,10.2,71,1021.5,0
2021-12-03,Hai_Phong,22.5,9.9,16.2,66,10.0,41,1021.3,0
2021-12-04,Hai_Phong,23.4,10.2,16.7,67,10.2,22,1020.8,0
2021-12-05,Hai_Phong,24.1,10.9,17.0,68,10.1,8,1020.3,0
2021-12-06,Hai_Phong,23.9,10.4,16.8,68,12.0,8,1019.8,0
2021-12-07,Hai_Phong,23.5,10.4,16.4,67,14.6,0,1019.7,0
2021-12-08,Hai_Phong,24.0,12.3,18.6,64,10.8,69,1020.1,0
2021-12-09,Hai_Phong,24.5,17.1,19.9,74,11.7,63,1020.8,0
2021-12-10,Hai_Phong,25.9,16.0,20.0,81,14.8,26,1018.7,0
2021-12-11,Hai_Phong,25.4,16.0,20.1,83,13.4,9,1018.8,0
2021-12-12,Hai_Phong,26.0,15.9,19.9,77,15.0,36,1020.6,1
2021-12-13,Hai_Phong,22.2,13.7,17.3,67,8.8,24,1021.2,0
2021-12-14,Hai_Phong,23.4,12.9,17.8,80,12.5,24,1017.2,0
2021-12-15,Hai_Phong,24.6,14.4,19.2,87,11.2,27,1013.9,1
2021-12-16,Hai_Phong,25.3,16.9,20.9,89,12.6,74,1014.4,1
2021-12-17,Hai_Phong,26.6,18.0,21.6,66,16.1,60,1018.3,1
2021-12-18,Hai_Phong,23.7,13.3,18.3,54,11.6,22,1021.2,0
2021-12-19,Hai_Phong,21.6,12.5,17.2,51,10.2,58,1020.7,0
2021-12-20,Hai_Phong,21.9,15.5,18.5,55,12.0,100,1016.5,0
2021-12-21,Hai_Phong,23.2,15.5,18.6,67,11.5,65,1016.3,1
2021-12-22,Hai_Phong,22.4,15.0,18.1,81,8.6,60,1016.0,0
2021-12-23,Hai_Phong,24.8,13.4,18.6,80,14.3,7,1014.7,0
2021-12-24,Hai_Phong,25.1,15.9,19.8,87,12.0,52,1015.1,1
2021-12-25,Hai_Phong,24.5,16.9,20.5,78,23.7,35,1018.0,1
2021-12-26,Hai_Phong,20.0,13.6,17.5,72,21.7,74,1021.6,1
2021-12-27,Hai_Phong,14.8,10.2,12.4,63,13.5,98,1025.7,1
2021-12-28,Hai_Phong,16.8,11.3,13.9,66,9.0,99,1023.8,0
2021-12-29,Hai_Phong,16.9,14.1,15.3,75,7.8,100,1023.0,1
2021-12-30,Hai_Phong,20.0,13.2,16.3,73,9.1,100,1024.4,1
2021-12-31,Hai_Phong,19.0,14.8,16.7,73,8.4,78,1023.6,0
2021-01-01,Ninh_Binh,17.1,7.2,11.7,61,11.7,43,1024.3,0
2021-01-02,Ninh_Binh,18.6,7.5,12.8,69,9.4,41,1020.8,0
2021-01-03,Ninh_Binh,17.3,9.6,13.9,75,16.0,78,1020.5,0
2021-01-04,Ninh_Binh,21.2,12.1,16.2,63,12.6,67,1019.6,0
2021-01-05,Ninh_Binh,19.8,11.6,16.2,76,11.9,81,1019.1,1
2021-01-06,Ninh_Binh,20.2,15.5,17.3,73,10.9,98,1017.9,1
2021-01-07,Ninh_Binh,16.2,12.2,15.0,72,16.8,100,1018.8,1
2021-01-08,Ninh_Binh,11.6,7.9,9.8,62,21.7,100,1024.5,1
2021-01-09,Ninh_Binh,12.4,8.4,9.9,50,16.4,76,1023.8,0
2021-01-10,Ninh_Binh,14.4,8.6,11.0,46,15.8,54,1022.7,0
2021-01-11,Ninh_Binh,13.1,10.2,11.6,35,29.5,75,1027.4,0
2021-01-12,Ninh_Binh,17.0,8.6,12.4,43,19.9,53,1024.9,0
2021-01-13,Ninh_Binh,20.0,8.2,14.1,56,13.4,11,1017.8,0
2021-01-14,Ninh_Binh,21.8,9.2,15.2,78,15.0,32,1015.9,0
2021-01-15,Ninh_Binh,19.5,11.7,15.9,88,9.8,69,1014.1,1
2021-01-16,Ninh_Binh,21.5,14.9,18.1,79,10.2,82,1014.6,0
2021-01-17,Ninh_Binh,18.0,12.4,15.1,72,28.5,100,1023.1,1
2021-01-18,Ninh_Binh,18.5,10.3,13.8,51,16.7,10,1023.2,0
2021-01-19,Ninh_Binh,21.1,8.8,14.2,76,15.5,1,1017.6,0
2021-01-20,Ninh_Binh,21.5,11.1,16.2,83,11.6,51,1015.4,0
2021-01-21,Ninh_Binh,23.1,15.6,18.5,83,12.7,83,1014.3,0
2021-01-22,Ninh_Binh,22.8,15.0,18.1,84,12.0,64,1014.2,1
2021-01-23,Ninh_Binh,23.9,14.6,18.2,85,13.0,59,1013.5,0
2021-01-24,Ninh_Binh,24.0,14.6,19.1,85,17.9,86,1012.3,1
2021-01-25,Ninh_Binh,23.0,16.6,20.3,90,15.4,81,1013.5,1
2021-01-26,Ninh_Binh,24.5,16.3,19.5,87,15.3,61,1015.0,1
2021-01-27,Ninh_Binh,24.6,16.0,19.4,84,16.7,66,1014.7,0
2021-01-28,Ninh_Binh,19.4,16.7,18.0,80,16.2,91,1019.7,1
2021-01-29,Ninh_Binh,22.3,13.6,17.6,69,12.2,63,1019.6,0
2021-01-30,Ninh_Binh,22.6,14.3,18.1,83,13.8,76,1018.3,1
2021-01-31,Ninh_Binh,22.9,15.6,19.2,85,15.2,87,1017.8,1
2021-02-01,Ninh_Binh,24.3,17.0,20.0,84,13.2,69,1016.9,1
2021-02-02,Ninh_Binh,24.2,16.2,19.5,86,12.1,66,1017.5,1
2021-02-03,Ninh_Binh,25.0,16.1,19.7,84,13.7,68,1018.1,0
2021-02-04,Ninh_Binh,25.8,16.5,20.0,84,15.1,61,1018.5,1
2021-02-05,Ninh_Binh,25.8,16.5,19.7,85,15.8,64,1017.1,1
2021-02-06,Ninh_Binh,25.4,16.4,19.7,83,13.2,76,1015.8,0
2021-02-07,Ninh_Binh,26.1,16.9,20.6,81,13.7,52,1014.8,0
2021-02-08,Ninh_Binh,24.6,17.2,20.2,82,15.2,86,1015.9,1
2021-02-09,Ninh_Binh,18.5,15.0,16.7,91,23.5,93,1015.5,1
2021-02-10,Ninh_Binh,23.0,12.4,17.1,77,19.2,25,1014.8,0
2021-02-11,Ninh_Binh,22.5,13.8,17.4,86,13.7,65,1015.1,0
2021-02-12,Ninh_Binh,22.4,13.9,18.1,81,9.4,55,1016.0,0
2021-02-13,Ninh_Binh,24.5,13.4,18.5,79,14.5,48,1015.6,0
2021-02-14,Ninh_Binh,25.4,14.4,19.5,79,11.8,33,1015.2,0
2021-02-15,Ninh_Binh,25.1,16.5,20.2,84,15.7,44,1012.5,1
2021-02-16,Ninh_Binh,23.9,17.5,20.5,86,14.3,67,1013.6,1
2021-02-17,Ninh_Binh,22.2,15.9,19.7,82,12.3,82,1018.6,1
2021-02-18,Ninh_Binh,23.7,15.9,19.3,77,13.6,65,1021.7,0
2021-02-19,Ninh_Binh,23.6,15.6,19.4,75,13.4,57,1021.5,0
2021-02-20,Ninh_Binh,25.6,13.9,18.7,78,15.3,26,1018.3,0
2021-02-21,Ninh_Binh,25.4,15.5,19.6,80,20.3,9,1014.6,0
2021-02-22,Ninh_Binh,25.2,17.3,20.8,84,16.3,74,1013.4,1
2021-02-23,Ninh_Binh,26.1,16.8,21.0,83,13.7,54,1013.0,1
2021-02-24,Ninh_Binh,25.5,18.9,21.5,84,22.2,45,1009.8,1
2021-02-25,Ninh_Binh,26.8,19.8,22.6,86,21.5,63,1006.0,1
2021-02-26,Ninh_Binh,26.2,20.4,23.2,87,15.7,84,1005.9,1
2021-02-27,Ninh_Binh,21.4,18.4,19.3,90,15.6,100,1010.5,1
2021-02-28,Ninh_Binh,23.2,18.0,20.3,94,9.2,100,1010.7,1
2021-03-01,Ninh_Binh,26.8,21.9,23.4,92,14.7,97,1012.4,1
2021-03-02,Ninh_Binh,20.4,16.2,18.3,71,18.7,100,1017.8,1
2021-03-03,Ninh_Binh,20.4,16.5,18.4,80,11.2,99,1016.9,1
2021-03-04,Ninh_Binh,22.5,16.5,18.6,87,10.7,86,1014.9,1
2021-03-05,Ninh_Binh,25.5,17.4,21.3,89,13.4,97,1011.4,1
2021-03-06,Ninh_Binh,28.0,21.5,23.7,88,13.0,91,1011.9,1
2021-03-07,Ninh_Binh,22.3,19.8,21.1,85,15.6,100,1015.6,1
2021-03-08,Ninh_Binh,25.6,20.0,22.2,86,18.2,79,1015.0,1
2021-03-09,Ninh_Binh,26.2,21.1,22.9,87,22.7,71,1014.7,1
2021-03-10,Ninh_Binh,26.4,21.2,23.1,87,22.7,66,1014.5,1
2021-03-11,Ninh_Binh,26.5,19.5,23.2,85,18.7,71,1015.4,1
2021-03-12,Ninh_Binh,27.2,19.2,22.6,87,15.2,75,1016.1,1
2021-03-13,Ninh_Binh,25.8,19.3,22.4,88,11.1,70,1015.6,1
2021-03-14,Ninh_Binh,27.0,19.3,22.2,85,16.7,60,1012.8,1
2021-03-15,Ninh_Binh,26.0,20.8,23.1,86,21.1,49,1010.1,1
2021-03-16,Ninh_Binh,26.0,21.4,23.5,88,19.8,83,1009.7,1
2021-03-17,Ninh_Binh,26.1,21.6,23.6,88,20.0,91,1009.3,1
2021-03-18,Ninh_Binh,26.8,21.8,23.9,87,18.1,85,1009.0,1
2021-03-19,Ninh_Binh,27.1,22.8,24.5,87,20.2,93,1007.7,1
2021-03-20,Ninh_Binh,27.8,23.4,24.9,86,17.7,99,1007.3,1
2021-03-21,Ninh_Binh,24.1,15.4,19.7,85,25.5,100,1014.0,1
2021-03-22,Ninh_Binh,19.5,14.1,16.3,64,23.4,75,1022.4,1
2021-03-23,Ninh_Binh,22.1,14.8,17.6,66,13.3,43,1019.2,0
2021-03-24,Ninh_Binh,23.0,15.8,19.4,82,13.0,79,1014.5,1
2021-03-25,Ninh_Binh,25.4,19.9,21.5,90,15.3,80,1012.3,1
2021-03-26,Ninh_Binh,25.6,20.3,23.1,92,20.9,95,1010.1,1
2021-03-27,Ninh_Binh,26.7,22.8,24.3,90,20.9,98,1007.9,1
2021-03-28,Ninh_Binh,26.9,22.9,24.5,91,19.2,98,1006.6,1
2021-03-29,Ninh_Binh,30.7,23.0,25.3,89,15.4,69,1003.1,0
2021-03-30,Ninh_Binh,31.4,23.6,26.8,83,17.7,41,1000.4,0
2021-03-31,Ninh_Binh,32.2,24.5,27.3,80,17.4,54,999.9,0
2021-04-01,Ninh_Binh,31.3,23.5,26.5,85,16.3,12,1001.5,0
2021-04-02,Ninh_Binh,30.7,23.7,26.3,88,16.2,68,1004.6,0
2021-04-03,Ninh_Binh,28.0,22.8,25.4,91,17.8,94,1008.1,1
2021-04-04,Ninh_Binh,29.5,21.8,25.0,85,16.9,66,1010.9,1
2021-04-05,Ninh_Binh,27.5,21.7,23.9,84,18.4,62,1013.5,1
2021-04-06,Ninh_Binh,28.0,21.1,24.1,86,15.6,49,1013.6,1
2021-04-07,Ninh_Binh,28.4,21.5,24.3,88,15.7,64,1011.9,1
2021-04-08,Ninh_Binh,28.2,23.1,25.1,89,15.4,46,1010.2,1
2021-04-09,Ninh_Binh,23.6,19.6,21.8,86,16.6,97,1013.1,1
2021-04-10,Ninh_Binh,25.1,20.1,22.6,88,14.7,99,1014.5,1
2021-04-11,Ninh_Binh,27.8,22.4,24.6,87,20.2,74,1014.0,1
2021-04-12,Ninh_Binh,28.6,22.2,25.0,88,18.9,90,1012.3,1
2021-04-13,Ninh_Binh,28.2,22.9,25.2,87,17.9,94,1010.6,1
2021-04-14,Ninh_Binh,28.9,23.0,25.5,87,16.3,94,1008.9,0
2021-04-15,Ninh_Binh,28.0,24.0,25.6,90,20.9,95,1007.7,1
2021-04-16,Ninh_Binh,28.1,24.0,25.8,87,19.7,94,1009.2,1
2021-04-17,Ninh_Binh,25.0,21.9,23.7,92,16.9,100,1012.6,1
2021-04-18,Ninh_Binh,26.1,20.7,23.4,88,10.5,96,1011.4,1
2021-04-19,Ninh_Binh,28.5,22.4,25.2,91,16.5,62,1007.3,1
2021-04-20,Ninh_Binh,30.7,24.1,26.8,86,17.8,37,1006.2,1
2021-04-21,Ninh_Binh,29.5,25.0,26.9,87,23.0,54,1007.0,1
2021-04-22,Ninh_Binh,30.1,25.5,27.1,87,16.8,77,1006.5,1
2021-04-23,Ninh_Binh,30.5,25.5,27.4,86,20.1,54,1004.3,1
2021-04-24,Ninh_Binh,31.2,25.7,28.0,85,18.3,51,1004.1,1
2021-04-25,Ninh_Binh,29.7,25.3,27.1,91,17.6,98,1006.7,1
2021-04-26,Ninh_Binh,26.6,22.1,24.3,94,15.2,100,1008.9,1
2021-04-27,Ninh_Binh,25.0,20.5,22.9,91,13.3,99,1011.8,1
2021-04-28,Ninh_Binh,26.8,22.6,24.3,89,14.3,91,1013.1,1
2021-04-29,Ninh_Binh,23.6,19.5,21.3,83,20.5,100,1014.2,1
2021-04-30,Ninh_Binh,27.4,18.3,22.9,83,12.2,71,1010.9,0
2021-05-01,Ninh_Binh,29.0,22.1,25.3,87,14.0,91,1010.1,1
2021-05-02,Ninh_Binh,29.6,23.0,26.3,89,16.1,88,1008.8,1
2021-05-03,Ninh_Binh,30.0,25.5,27.4,86,22.4,69,1006.4,1
2021-05-04,Ninh_Binh,32.9,25.6,28.1,85,16.7,41,1006.1,0
2021-05-05,Ninh_Binh,28.6,24.5,26.5,89,14.5,90,1009.7,1
2021-05-06,Ninh_Binh,30.8,24.3,26.6,87,16.4,90,1011.5,1
2021-05-07,Ninh_Binh,30.0,25.2,27.2,85,19.2,71,1010.3,1
2021-05-08,Ninh_Binh,30.8,24.9,27.3,85,17.9,64,1007.6,0
2021-05-09,Ninh_Binh,31.9,24.4,28.0,86,15.1,67,1005.5,0
2021-05-10,Ninh_Binh,33.0,26.3,29.2,84,18.9,36,1004.0,1
2021-05-11,Ninh_Binh,33.8,26.6,29.6,82,18.9,44,1002.9,0
2021-05-12,Ninh_Binh,34.2,27.3,30.1,80,18.8,40,1002.6,0
2021-05-13,Ninh_Binh,32.7,27.5,29.4,82,20.6,53,1003.3,1
2021-05-14,Ninh_Binh,31.9,27.5,29.4,82,22.4,61,1003.2,1
2021-05-15,Ninh_Binh,33.0,27.7,29.9,81,21.6,45,1003.7,0
2021-05-16,Ninh_Binh,33.3,27.8,30.1,80,19.7,42,1003.8,0
2021-05-17,Ninh_Binh,32.6,27.8,29.7,81,21.2,39,1005.0,1
2021-05-18,Ninh_Binh,33.5,27.8,29.9,81,17.6,56,1004.6,1
2021-05-19,Ninh_Binh,34.1,28.0,30.6,77,22.0,78,1002.4,0
2021-05-20,Ninh_Binh,35.6,28.5,31.1,76,22.5,94,1002.5,0
2021-05-21,Ninh_Binh,34.4,28.5,30.9,76,21.1,83,1002.0,0
2021-05-22,Ninh_Binh,35.7,28.5,31.3,74,21.1,51,1000.7,1
2021-05-23,Ninh_Binh,34.7,28.1,30.9,78,17.3,63,1002.3,1
2021-05-24,Ninh_Binh,31.1,25.6,27.6,89,12.6,93,1007.0,1
2021-05-25,Ninh_Binh,29.0,23.7,25.9,87,17.3,83,1007.2,1
2021-05-26,Ninh_Binh,30.3,25.1,27.7,88,16.5,72,1005.4,1
2021-05-27,Ninh_Binh,30.9,25.8,28.2,87,17.1,74,1006.4,1
2021-05-28,Ninh_Binh,31.9,26.0,28.6,84,15.8,83,1006.5,1
2021-05-29,Ninh_Binh,33.5,27.4,30.0,82,18.4,80,1004.1,0
2021-05-30,Ninh_Binh,36.0,27.9,31.2,73,16.8,93,1001.6,0
2021-05-31,Ninh_Binh,36.8,28.4,32.0,69,17.2,81,999.7,0
2021-06-01,Ninh_Binh,37.2,29.1,32.5,69,21.0,86,1000.1,0
2021-06-02,Ninh_Binh,36.0,29.5,32.2,72,19.6,95,1000.8,0
2021-06-03,Ninh_Binh,37.8,29.3,32.7,71,18.6,86,1000.7,0
2021-06-04,Ninh_Binh,30.6,26.0,28.0,73,23.5,98,1004.9,1
2021-06-05,Ninh_Binh,30.0,24.4,27.0,75,9.7,92,1004.9,1
2021-06-06,Ninh_Binh,31.5,25.8,28.0,87,12.0,84,1002.7,1
2021-06-07,Ninh_Binh,30.8,25.3,27.2,91,8.9,98,1003.4,1
2021-06-08,Ninh_Binh,29.6,25.0,26.7,91,10.9,97,1004.1,1
2021-06-09,Ninh_Binh,30.9,24.9,27.4,90,10.5,98,1003.1,1
2021-06-10,Ninh_Binh,31.4,25.0,27.7,89,10.5,98,1001.6,1
2021-06-11,Ninh_Binh,30.1,25.0,27.1,90,13.9,98,1002.2,1
2021-06-12,Ninh_Binh,30.8,24.9,27.1,90,25.4,100,1000.9,1
2021-06-13,Ninh_Binh,30.2,26.1,28.1,80,27.2,90,999.4,1
2021-06-14,Ninh_Binh,32.8,27.0,29.6,76,20.4,44,1000.0,1
2021-06-15,Ninh_Binh,33.3,26.7,29.7,70,17.5,63,998.9,0
2021-06-16,Ninh_Binh,34.8,27.1,30.8,70,18.2,74,1000.5,0
2021-06-17,Ninh_Binh,35.3,27.4,31.1,70,17.3,21,1002.2,0
2021-06-18,Ninh_Binh,35.7,27.8,31.4,68,18.1,9,1002.4,0
2021-06-19,Ninh_Binh,36.5,28.3,31.9,64,16.4,41,1000.4,0
2021-06-20,Ninh_Binh,36.9,28.8,32.5,63,17.7,46,998.4,0
2021-06-21,Ninh_Binh,37.3,29.1,32.8,63,17.3,80,998.7,0
2021-06-22,Ninh_Binh,35.2,28.9,31.6,75,14.0,99,1001.6,1
2021-06-23,Ninh_Binh,32.8,27.0,29.4,86,11.7,100,1002.5,1
2021-06-24,Ninh_Binh,34.9,27.7,30.9,74,12.5,97,1001.1,0
2021-06-25,Ninh_Binh,34.2,27.2,30.4,80,15.5,92,1001.0,1
2021-06-26,Ninh_Binh,34.3,28.0,30.9,72,17.3,92,1002.1,1
2021-06-27,Ninh_Binh,36.6,28.0,32.2,60,19.4,91,1001.4,0
2021-06-28,Ninh_Binh,36.5,29.5,32.6,60,18.8,95,999.1,1
2021-06-29,Ninh_Binh,36.0,29.4,32.1,63,18.3,100,999.1,0
2021-06-30,Ninh_Binh,35.0,29.0,31.8,63,18.0,100,999.6,0
2021-07-01,Ninh_Binh,35.7,29.1,31.9,63,19.0,99,1000.0,1
2021-07-02,Ninh_Binh,37.1,29.2,32.4,61,17.7,99,1001.1,0
2021-07-03,Ninh_Binh,37.5,29.4,32.9,60,14.0,96,1001.1,0
2021-07-04,Ninh_Binh,37.1,28.2,32.3,72,17.4,93,1001.3,0
2021-07-05,Ninh_Binh,32.6,28.8,30.5,80,18.1,78,1002.8,1
2021-07-06,Ninh_Binh,33.0,26.4,29.8,80,12.2,47,1002.7,1
2021-07-07,Ninh_Binh,29.9,26.1,28.1,88,12.9,95,1002.9,1
2021-07-08,Ninh_Binh,29.1,25.5,27.4,89,21.9,88,1003.9,1
2021-07-09,Ninh_Binh,30.7,25.5,27.7,86,15.0,57,1006.9,1
2021-07-10,Ninh_Binh,30.9,25.3,27.7,86,15.1,34,1007.3,1
2021-07-11,Ninh_Binh,32.1,25.6,28.6,82,15.6,29,1008.2,1
2021-07-12,Ninh_Binh,32.2,26.0,29.1,80,18.6,14,1007.3,1
2021-07-13,Ninh_Binh,32.8,26.8,29.6,81,20.1,16,1005.0,1
2021-07-14,Ninh_Binh,32.4,27.9,29.8,79,19.2,32,1004.5,1
2021-07-15,Ninh_Binh,32.3,27.4,29.4,78,18.1,46,1006.0,1
2021-07-16,Ninh_Binh,33.3,26.2,29.6,79,16.1,37,1006.5,1
2021-07-17,Ninh_Binh,33.7,26.0,29.8,80,14.7,62,1002.9,1
2021-07-18,Ninh_Binh,32.7,27.1,29.8,83,10.9,98,1000.3,1
2021-07-19,Ninh_Binh,31.8,26.1,28.7,87,10.6,96,1000.7,1
2021-07-20,Ninh_Binh,30.7,24.9,27.7,89,11.3,99,1001.2,1
2021-07-21,Ninh_Binh,30.1,26.4,28.1,90,8.7,99,1000.4,1
2021-07-22,Ninh_Binh,31.1,26.8,28.5,86,7.9,100,998.7,1
2021-07-23,Ninh_Binh,27.4,26.1,26.4,93,16.1,100,997.0,1
2021-07-24,Ninh_Binh,30.4,25.3,27.7,87,23.5,96,997.0,1
2021-07-25,Ninh_Binh,32.9,25.7,28.8,86,9.8,73,998.6,1
2021-07-26,Ninh_Binh,32.8,25.8,28.7,87,12.3,76,998.3,1
2021-07-27,Ninh_Binh,34.3,26.9,30.3,81,8.0,75,996.6,1
2021-07-28,Ninh_Binh,33.6,28.1,30.1,82,11.6,76,996.4,1
2021-07-29,Ninh_Binh,32.0,27.2,29.0,89,6.0,100,998.0,1
2021-07-30,Ninh_Binh,32.5,27.0,29.5,87,9.6,97,998.7,1
2021-07-31,Ninh_Binh,34.8,28.0,31.3,77,15.9,97,997.5,1
2021-08-01,Ninh_Binh,29.1,26.5,27.9,91,8.9,100,997.8,1
2021-08-02,Ninh_Binh,32.5,26.4,28.9,85,11.8,98,997.6,1
2021-08-03,Ninh_Binh,34.8,26.3,29.5,85,15.1,97,998.5,1
2021-08-04,Ninh_Binh,34.8,26.7,30.6,78,11.2,83,998.6,1
2021-08-05,Ninh_Binh,36.3,28.4,31.8,70,14.3,80,997.4,1
2021-08-06,Ninh_Binh,36.4,28.8,32.2,68,14.6,99,998.0,0
2021-08-07,Ninh_Binh,36.2,28.9,32.3,68,13.8,98,999.3,0
2021-08-08,Ninh_Binh,35.3,29.2,32.0,72,12.5,98,1000.1,0
2021-08-09,Ninh_Binh,35.2,28.6,30.7,83,8.9,100,1000.4,1
2021-08-10,Ninh_Binh,31.5,27.5,29.0,92,8.5,100,1000.6,1
2021-08-11,Ninh_Binh,32.0,26.4,29.0,89,17.1,98,1003.2,1
2021-08-12,Ninh_Binh,33.7,27.1,29.8,84,13.5,97,1004.4,1
2021-08-13,Ninh_Binh,34.2,27.2,30.3,75,15.1,96,1001.0,1
2021-08-14,Ninh_Binh,34.2,27.9,30.7,73,12.9,100,1000.0,0
2021-08-15,Ninh_Binh,32.7,26.9,29.3,84,13.5,94,1003.9,1
2021-08-16,Ninh_Binh,32.9,26.6,29.7,76,13.4,94,1007.5,1
2021-08-17,Ninh_Binh,34.7,27.2,30.5,78,11.4,45,1006.8,1
2021-08-18,Ninh_Binh,34.3,28.0,30.7,79,11.9,68,1004.8,1
2021-08-19,Ninh_Binh,32.2,27.4,29.3,86,12.4,78,1005.0,1
2021-08-20,Ninh_Binh,31.9,25.6,28.9,85,14.1,47,1006.4,1
2021-08-21,Ninh_Binh,33.7,27.8,30.2,81,14.4,62,1005.5,1
2021-08-22,Ninh_Binh,34.8,28.6,31.1,78,18.4,64,1003.0,0
2021-08-23,Ninh_Binh,35.5,27.9,31.3,75,18.5,78,1001.7,1
2021-08-24,Ninh_Binh,34.7,27.6,30.9,78,13.0,99,1002.3,1
2021-08-25,Ninh_Binh,32.5,26.3,29.3,82,16.4,74,1004.1,1
2021-08-26,Ninh_Binh,30.7,26.0,27.7,87,16.7,77,1006.7,1
2021-08-27,Ninh_Binh,30.8,24.9,27.1,87,11.0,91,1008.3,1
2021-08-28,Ninh_Binh,29.3,24.2,26.6,88,10.0,91,1008.3,1
2021-08-29,Ninh_Binh,30.4,24.1,27.0,88,11.5,58,1008.1,1
2021-08-30,Ninh_Binh,30.5,25.0,27.3,87,10.0,87,1008.5,1
2021-08-31,Ninh_Binh,30.0,25.0,27.6,87,10.2,73,1008.4,1
2021-09-01,Ninh_Binh,31.0,25.2,27.8,87,9.5,59,1007.3,1
2021-09-02,Ninh_Binh,29.1,25.5,27.0,89,9.5,92,1006.3,1
2021-09-03,Ninh_Binh,31.0,24.6,27.5,88,9.4,78,1004.4,1
2021-09-04,Ninh_Binh,30.5,25.0,27.5,89,10.9,60,1004.4,1
2021-09-05,Ninh_Binh,29.4,24.4,26.8,90,13.7,81,1006.9,1
2021-09-06,Ninh_Binh,29.9,25.0,27.1,90,7.3,78,1009.0,1
2021-09-07,Ninh_Binh,30.0,24.6,26.8,90,17.7,74,1008.2,1
2021-09-08,Ninh_Binh,27.8,24.5,25.8,92,20.2,96,1006.8,1
2021-09-09,Ninh_Binh,29.2,24.1,26.3,90,11.0,69,1008.2,1
2021-09-10,Ninh_Binh,32.2,24.3,28.0,83,14.2,64,1007.1,0
2021-09-11,Ninh_Binh,33.0,25.6,29.1,80,13.5,86,1004.2,0
2021-09-12,Ninh_Binh,34.2,25.6,29.8,82,8.6,87,1001.5,0
2021-09-13,Ninh_Binh,31.8,26.1,28.2,89,16.6,96,1004.3,1
2021-09-14,Ninh_Binh,29.5,24.8,26.4,93,11.3,100,1008.2,1
2021-09-15,Ninh_Binh,30.2,24.8,26.7,91,11.5,96,1009.8,1
2021-09-16,Ninh_Binh,29.5,25.5,27.2,89,13.7,94,1008.8,1
2021-09-17,Ninh_Binh,31.1,25.6,27.9,87,13.8,70,1007.2,1
2021-09-18,Ninh_Binh,31.0,26.1,28.1,88,13.8,57,1007.8,1
2021-09-19,Ninh_Binh,32.2,25.2,28.3,84,12.6,61,1008.0,0
2021-09-20,Ninh_Binh,30.0,25.1,27.1,89,10.5,78,1008.4,1
2021-09-21,Ninh_Binh,30.3,24.8,27.1,88,8.7,68,1007.9,1
2021-09-22,Ninh_Binh,28.8,24.4,25.9,92,9.7,71,1007.8,1
2021-09-23,Ninh_Binh,29.8,24.5,26.7,91,9.9,78,1009.4,1
2021-09-24,Ninh_Binh,27.5,24.5,25.5,95,17.4,100,1009.5,1
2021-09-25,Ninh_Binh,27.6,24.0,25.5,93,14.8,96,1009.6,1
2021-09-26,Ninh_Binh,28.9,23.9,25.8,92,12.2,87,1009.9,1
2021-09-27,Ninh_Binh,29.1,24.2,26.0,91,12.1,75,1009.7,1
2021-09-28,Ninh_Binh,31.5,23.2,27.2,85,11.1,14,1008.5,0
2021-09-29,Ninh_Binh,32.2,24.0,27.8,84,11.3,8,1007.2,0
2021-09-30,Ninh_Binh,32.3,24.8,28.1,85,13.2,19,1007.2,1
2021-10-01,Ninh_Binh,31.1,24.9,28.0,85,11.9,46,1007.4,1
2021-10-02,Ninh_Binh,30.5,25.1,27.5,85,10.6,53,1008.3,1
2021-10-03,Ninh_Binh,31.4,23.7,27.3,82,13.1,21,1008.8,0
2021-10-04,Ninh_Binh,30.8,24.0,27.1,87,15.1,32,1009.5,1
2021-10-05,Ninh_Binh,29.6,24.9,26.5,90,15.5,83,1009.4,1
2021-10-06,Ninh_Binh,29.5,24.3,26.7,89,9.4,83,1006.8,1
2021-10-07,Ninh_Binh,31.6,24.9,27.9,80,20.3,68,1003.6,1
2021-10-08,Ninh_Binh,31.0,26.6,28.4,66,25.6,84,1002.5,0
2021-10-09,Ninh_Binh,27.4,23.2,25.4,77,22.4,100,1002.5,1
2021-10-10,Ninh_Binh,24.4,23.1,23.7,90,27.3,100,1000.7,1
2021-10-11,Ninh_Binh,25.6,22.0,23.4,91,27.4,100,1005.7,1
2021-10-12,Ninh_Binh,27.3,21.6,24.1,65,28.8,67,1007.5,0
2021-10-13,Ninh_Binh,25.6,21.8,23.5,71,34.1,100,1003.6,1
2021-10-14,Ninh_Binh,23.5,20.5,21.6,90,33.7,100,1003.2,1
2021-10-15,Ninh_Binh,22.3,20.9,21.4,92,21.3,100,1008.8,1
2021-10-16,Ninh_Binh,23.5,20.0,21.4,78,31.5,100,1014.2,1
2021-10-17,Ninh_Binh,23.2,18.9,20.9,66,29.2,100,1017.2,1
2021-10-18,Ninh_Binh,21.2,18.4,19.6,83,22.8,100,1016.4,1
2021-10-19,Ninh_Binh,25.5,19.6,21.9,89,15.9,92,1015.5,1
2021-10-20,Ninh_Binh,30.2,20.4,25.0,87,16.6,76,1012.5,0
2021-10-21,Ninh_Binh,27.9,19.8,22.9,86,21.3,96,1013.4,1
2021-10-22,Ninh_Binh,20.2,18.1,19.4,65,21.0,100,1018.9,1
2021-10-23,Ninh_Binh,23.1,18.0,19.9,65,19.5,75,1019.7,0
2021-10-24,Ninh_Binh,23.2,17.0,20.0,72,17.7,55,1018.8,0
2021-10-25,Ninh_Binh,26.1,18.0,21.8,74,12.3,45,1015.8,0
2021-10-26,Ninh_Binh,26.6,17.6,22.1,80,10.8,37,1014.3,0
2021-10-27,Ninh_Binh,27.2,19.1,23.2,77,15.2,72,1014.9,0
2021-10-28,Ninh_Binh,24.6,21.2,22.7,82,17.0,100,1015.3,1
2021-10-29,Ninh_Binh,22.5,20.6,21.6,93,16.6,100,1015.9,1
2021-10-30,Ninh_Binh,22.1,20.2,20.8,92,18.9,100,1016.6,1
2021-10-31,Ninh_Binh,23.5,19.7,21.5,90,13.4,100,1015.6,1
2021-11-01,Ninh_Binh,25.6,21.5,23.1,92,13.9,100,1015.3,1
2021-11-02,Ninh_Binh,25.9,21.3,23.0,90,15.5,99,1015.5,1
2021-11-03,Ninh_Binh,27.1,21.6,23.7,89,10.4,70,1013.9,1
2021-11-04,Ninh_Binh,29.0,21.1,24.6,88,14.3,56,1011.7,1
2021-11-05,Ninh_Binh,29.4,23.4,25.6,87,17.9,52,1009.2,0
2021-11-06,Ninh_Binh,29.3,23.2,25.8,87,17.1,49,1007.0,1
2021-11-07,Ninh_Binh,29.5,22.9,25.9,87,14.8,56,1009.7,1
2021-11-08,Ninh_Binh,23.1,16.5,18.5,67,28.6,97,1018.5,1
2021-11-09,Ninh_Binh,21.4,15.1,17.8,59,15.5,25,1019.3,0
2021-11-10,Ninh_Binh,21.9,15.3,18.2,61,17.3,34,1018.9,0
2021-11-11,Ninh_Binh,23.9,15.6,19.3,71,10.4,60,1016.1,0
2021-11-12,Ninh_Binh,24.2,17.9,21.0,68,15.6,96,1017.7,0
2021-11-13,Ninh_Binh,22.6,16.8,20.0,65,17.0,91,1017.9,0
2021-11-14,Ninh_Binh,24.1,15.9,19.6,77,10.6,69,1016.6,0
2021-11-15,Ninh_Binh,25.4,16.8,20.7,82,12.6,89,1014.4,1
2021-11-16,Ninh_Binh,23.4,20.5,21.7,88,9.9,100,1014.0,1
2021-11-17,Ninh_Binh,25.1,19.4,21.5,86,17.0,90,1015.6,1
2021-11-18,Ninh_Binh,23.0,17.9,19.9,71,16.3,63,1014.5,0
2021-11-19,Ninh_Binh,24.4,16.7,20.6,85,14.3,58,1009.7,1
2021-11-20,Ninh_Binh,27.5,20.6,23.6,88,19.7,77,1008.3,1
2021-11-21,Ninh_Binh,28.1,22.6,24.7,90,16.5,54,1010.7,1
2021-11-22,Ninh_Binh,23.5,17.9,19.9,78,23.0,100,1016.8,1
2021-11-23,Ninh_Binh,17.7,15.9,17.0,59,18.7,99,1020.6,0
2021-11-24,Ninh_Binh,19.3,16.1,17.5,60,15.9,96,1020.3,0
2021-11-25,Ninh_Binh,22.8,15.2,18.3,73,13.6,57,1018.1,0
2021-11-26,Ninh_Binh,24.1,15.6,19.4,73,16.6,27,1017.8,0
2021-11-27,Ninh_Binh,25.2,17.0,20.1,66,12.7,39,1018.6,0
2021-11-28,Ninh_Binh,24.4,15.1,19.3,72,11.7,40,1018.3,0
2021-11-29,Ninh_Binh,25.6,16.1,20.5,73,11.5,78,1016.9,0
2021-11-30,Ninh_Binh,24.0,18.0,20.5,62,23.1,50,1019.4,0
2021-12-01,Ninh_Binh,21.9,14.2,17.7,61,15.9,45,1020.8,0
2021-12-02,Ninh_Binh,21.6,12.1,16.3,64,12.6,68,1021.3,0
2021-12-03,Ninh_Binh,22.4,11.4,16.1,67,11.5,61,1021.1,0
2021-12-04,Ninh_Binh,23.2,10.6,16.3,69,12.0,22,1020.6,0
2021-12-05,Ninh_Binh,23.2,12.1,17.1,67,14.4,18,1020.1,0
2021-12-06,Ninh_Binh,23.5,11.9,17.3,65,12.7,0,1019.6,0
2021-12-07,Ninh_Binh,23.9,10.4,17.3,67,11.5,2,1019.3,0
2021-12-08,Ninh_Binh,24.2,12.0,18.5,70,11.4,56,1019.9,0
2021-12-09,Ninh_Binh,22.5,17.3,19.4,81,15.0,95,1020.7,1
2021-12-10,Ninh_Binh,25.2,16.6,20.5,79,13.0,58,1018.4,0
2021-12-11,Ninh_Binh,24.6,16.5,20.1,87,8.9,66,1018.5,1
2021-12-12,Ninh_Binh,25.3,16.5,20.3,81,18.7,78,1020.3,1
2021-12-13,Ninh_Binh,22.1,14.8,18.1,63,17.3,52,1020.9,0
2021-12-14,Ninh_Binh,22.5,12.1,17.7,79,10.7,42,1016.9,0
2021-12-15,Ninh_Binh,25.8,14.9,19.3,86,13.3,45,1013.6,1
2021-12-16,Ninh_Binh,23.7,18.0,20.6,90,8.8,80,1014.1,1
2021-12-17,Ninh_Binh,25.4,18.4,21.1,76,17.1,63,1018.0,1
2021-12-18,Ninh_Binh,22.2,14.6,18.3,58,16.2,33,1020.9,0
2021-12-19,Ninh_Binh,19.9,13.1,16.8,52,19.1,70,1020.6,0
2021-12-20,Ninh_Binh,23.1,15.1,18.9,51,14.8,88,1016.3,0
2021-12-21,Ninh_Binh,23.1,16.4,18.7,63,16.1,68,1016.2,0
2021-12-22,Ninh_Binh,24.2,15.3,19.0,73,15.5,54,1015.6,0
2021-12-23,Ninh_Binh,26.3,13.9,19.1,79,19.7,19,1014.4,0
2021-12-24,Ninh_Binh,25.0,16.1,20.1,85,11.0,66,1014.6,1
2021-12-25,Ninh_Binh,25.1,17.7,20.8,83,19.8,78,1017.5,1
2021-12-26,Ninh_Binh,21.3,15.6,19.1,77,21.1,100,1020.8,1
2021-12-27,Ninh_Binh,15.0,11.1,12.7,64,19.8,99,1025.5,1
2021-12-28,Ninh_Binh,16.5,11.3,14.1,64,12.6,100,1023.5,0
2021-12-29,Ninh_Binh,16.8,14.6,15.7,71,14.8,100,1022.7,1
2021-12-30,Ninh_Binh,18.3,13.4,15.7,72,15.3,100,1024.3,1
2021-12-31,Ninh_Binh,18.2,14.4,16.4,72,13.4,100,1023.4,0
2021-01-01,Quang_Tri,18.1,16.8,17.4,82,21.3,99,1021.4,1
2021-01-02,Quang_Tri,19.3,16.8,18.0,82,8.9,99,1019.4,1
2021-01-03,Quang_Tri,21.2,15.1,18.5,90,11.2,89,1018.2,1
2021-01-04,Quang_Tri,21.0,18.4,19.7,86,16.6,100,1018.1,1
2021-01-05,Quang_Tri,20.9,17.3,18.9,90,15.6,100,1017.6,1
2021-01-06,Quang_Tri,22.2,18.6,20.7,94,14.8,99,1015.9,1
2021-01-07,Quang_Tri,21.0,18.3,19.8,92,19.8,100,1015.4,1
2021-01-08,Quang_Tri,20.4,15.6,18.3,90,24.9,100,1018.9,1
2021-01-09,Quang_Tri,17.0,13.2,15.6,91,18.8,100,1020.3,1
2021-01-10,Quang_Tri,17.0,12.8,14.4,91,16.6,100,1019.8,1
2021-01-11,Quang_Tri,16.0,13.2,14.5,88,23.9,100,1023.3,1
2021-01-12,Quang_Tri,16.7,13.6,15.1,71,22.0,100,1023.1,1
2021-01-13,Quang_Tri,19.8,12.6,16.3,73,11.7,78,1017.9,0
2021-01-14,Quang_Tri,21.3,14.8,17.8,84,13.7,84,1015.9,0
2021-01-15,Quang_Tri,22.5,14.6,18.6,89,13.2,72,1013.9,1
2021-01-16,Quang_Tri,24.0,15.9,19.9,87,13.9,41,1014.1,1
2021-01-17,Quang_Tri,23.1,17.4,19.7,87,28.2,86,1019.3,1
2021-01-18,Quang_Tri,17.9,15.1,16.8,81,27.4,97,1021.6,1
2021-01-19,Quang_Tri,20.6,15.3,17.4,85,10.8,89,1017.6,1
2021-01-20,Quang_Tri,22.9,13.6,18.4,88,12.7,55,1015.3,0
2021-01-21,Quang_Tri,22.7,17.5,20.1,91,13.4,88,1014.2,1
2021-01-22,Quang_Tri,22.5,18.6,20.5,88,17.6,96,1014.0,1
2021-01-23,Quang_Tri,22.5,17.6,19.6,86,11.0,92,1014.2,0
2021-01-24,Quang_Tri,25.9,18.5,21.4,86,15.7,46,1013.3,0
2021-01-25,Quang_Tri,25.6,18.0,20.8,90,14.1,55,1013.6,0
2021-01-26,Quang_Tri,24.3,17.9,21.0,90,17.6,56,1014.8,1
2021-01-27,Quang_Tri,23.2,19.9,21.4,90,18.0,83,1014.6,1
2021-01-28,Quang_Tri,23.5,19.5,21.6,85,20.3,73,1017.9,1
2021-01-29,Quang_Tri,23.1,19.0,20.6,81,20.9,66,1018.5,1
2021-01-30,Quang_Tri,23.5,16.9,20.3,84,20.3,60,1017.4,1
2021-01-31,Quang_Tri,23.5,19.2,21.2,86,20.2,57,1017.3,1
2021-02-01,Quang_Tri,25.0,17.9,21.1,86,15.6,54,1017.0,1
2021-02-02,Quang_Tri,24.6,19.0,21.4,87,15.9,54,1017.5,1
2021-02-03,Quang_Tri,24.6,19.0,21.3,87,21.0,40,1017.7,1
2021-02-04,Quang_Tri,23.2,17.5,20.7,89,18.1,70,1018.3,1
2021-02-05,Quang_Tri,24.8,18.5,21.3,86,15.2,35,1017.0,1
2021-02-06,Quang_Tri,24.0,17.8,21.2,87,17.1,71,1015.7,1
2021-02-07,Quang_Tri,25.0,18.5,22.0,86,16.2,57,1014.8,1
2021-02-08,Quang_Tri,25.2,20.9,22.7,87,19.2,72,1014.6,1
2021-02-09,Quang_Tri,25.4,18.5,21.3,90,29.5,94,1013.4,1
2021-02-10,Quang_Tri,20.0,15.9,18.4,89,18.9,83,1014.8,1
2021-02-11,Quang_Tri,22.5,12.9,18.0,83,12.4,36,1015.5,0
2021-02-12,Quang_Tri,22.3,14.3,18.1,82,12.2,36,1016.3,0
2021-02-13,Quang_Tri,23.1,14.4,18.6,85,11.2,35,1016.0,1
2021-02-14,Quang_Tri,24.5,15.6,19.6,86,11.7,47,1015.9,1
2021-02-15,Quang_Tri,24.9,14.6,19.9,85,15.9,5,1013.4,0
2021-02-16,Quang_Tri,25.0,16.0,20.1,87,16.0,41,1013.5,0
2021-02-17,Quang_Tri,24.4,18.9,21.2,86,14.6,21,1017.4,1
2021-02-18,Quang_Tri,23.8,18.5,21.3,83,23.1,42,1020.3,1
2021-02-19,Quang_Tri,24.0,18.4,20.9,80,19.4,43,1020.7,1
2021-02-20,Quang_Tri,24.0,16.7,19.9,79,17.5,50,1018.6,0
2021-02-21,Quang_Tri,25.0,13.8,20.0,81,16.2,51,1015.6,0
2021-02-22,Quang_Tri,25.3,15.4,20.1,86,14.2,30,1013.9,0
2021-02-23,Quang_Tri,25.4,16.2,20.5,86,13.3,39,1013.6,0
2021-02-24,Quang_Tri,26.5,16.5,21.7,82,15.1,47,1010.9,0
2021-02-25,Quang_Tri,29.8,17.1,23.0,84,13.5,40,1007.4,0
2021-02-26,Quang_Tri,31.7,20.1,24.7,84,14.4,30,1005.6,0
2021-02-27,Quang_Tri,28.1,21.4,24.1,87,13.0,65,1008.7,0
2021-02-28,Quang_Tri,29.8,23.0,25.1,85,19.5,49,1010.3,0
2021-03-01,Quang_Tri,29.2,22.2,25.2,87,12.1,45,1012.4,0
2021-03-02,Quang_Tri,25.6,21.6,23.7,91,18.2,95,1015.2,1
2021-03-03,Quang_Tri,25.7,20.7,22.7,90,16.0,89,1015.6,1
2021-03-04,Quang_Tri,25.6,21.5,23.2,89,11.4,88,1014.7,1
2021-03-05,Quang_Tri,28.8,21.8,25.0,87,11.3,41,1011.9,0
2021-03-06,Quang_Tri,31.0,22.0,25.7,86,10.6,39,1012.2,0
2021-03-07,Quang_Tri,27.5,22.3,24.5,91,16.6,41,1014.3,1
2021-03-08,Quang_Tri,27.1,23.1,24.3,89,15.7,63,1015.1,1
2021-03-09,Quang_Tri,27.7,21.7,24.4,85,20.9,34,1014.7,0
2021-03-10,Quang_Tri,27.6,22.7,24.7,83,18.4,60,1014.6,1
2021-03-11,Quang_Tri,27.6,22.8,24.4,86,18.0,48,1015.3,1
2021-03-12,Quang_Tri,27.4,22.3,24.3,86,17.3,40,1015.8,1
2021-03-13,Quang_Tri,27.5,22.1,24.1,85,16.9,43,1015.5,1
2021-03-14,Quang_Tri,28.0,21.0,24.2,83,18.0,39,1013.1,1
2021-03-15,Quang_Tri,29.3,20.1,24.4,82,16.9,14,1010.7,0
2021-03-16,Quang_Tri,29.4,21.1,24.8,84,18.8,35,1010.2,0
2021-03-17,Quang_Tri,29.9,21.8,25.1,83,16.0,72,1010.0,0
2021-03-18,Quang_Tri,30.1,20.4,25.0,84,15.2,95,1009.5,0
2021-03-19,Quang_Tri,30.8,22.9,25.9,83,17.4,48,1008.5,0
2021-03-20,Quang_Tri,31.4,22.0,26.1,84,18.7,50,1007.3,0
2021-03-21,Quang_Tri,29.1,22.6,26.0,85,22.1,84,1010.9,1
2021-03-22,Quang_Tri,22.6,19.9,21.2,90,26.3,100,1018.4,1
2021-03-23,Quang_Tri,22.2,20.5,21.1,90,18.0,99,1017.6,1
2021-03-24,Quang_Tri,24.8,20.2,22.5,90,12.8,88,1013.9,1
2021-03-25,Quang_Tri,27.1,21.6,24.3,86,18.5,57,1012.1,1
2021-03-26,Quang_Tri,28.8,22.7,25.2,87,19.5,47,1010.5,0
2021-03-27,Quang_Tri,29.5,22.8,25.5,89,14.8,73,1008.3,0
2021-03-28,Quang_Tri,31.2,23.4,26.4,88,13.0,85,1007.1,0
2021-03-29,Quang_Tri,33.7,23.1,27.8,85,12.3,63,1005.0,0
2021-03-30,Quang_Tri,35.7,23.6,29.0,78,12.8,11,1003.3,0
2021-03-31,Quang_Tri,34.8,24.0,28.9,79,13.3,24,1002.7,0
2021-04-01,Quang_Tri,36.0,24.5,29.3,77,15.8,18,1003.3,0
2021-04-02,Quang_Tri,33.4,25.4,28.4,81,15.8,77,1005.7,1
2021-04-03,Quang_Tri,31.1,25.0,27.1,85,16.2,67,1007.7,0
2021-04-04,Quang_Tri,29.1,22.2,25.8,85,19.8,33,1010.3,1
2021-04-05,Quang_Tri,29.8,23.0,25.7,84,19.5,40,1012.9,0
2021-04-06,Quang_Tri,29.5,23.2,25.8,85,17.2,24,1013.4,1
2021-04-07,Quang_Tri,29.2,23.5,26.1,83,17.7,23,1012.1,1
2021-04-08,Quang_Tri,30.2,23.5,26.5,82,17.1,29,1010.4,0
2021-04-09,Quang_Tri,29.6,23.6,26.3,81,17.7,21,1011.6,1
2021-04-10,Quang_Tri,28.5,23.6,25.8,82,18.4,50,1013.6,1
2021-04-11,Quang_Tri,29.6,23.7,26.4,80,20.9,32,1013.8,0
2021-04-12,Quang_Tri,30.6,23.0,26.4,82,18.3,55,1012.9,0
2021-04-13,Quang_Tri,31.8,23.6,26.8,81,17.7,51,1011.3,0
2021-04-14,Quang_Tri,32.3,22.9,27.1,81,15.0,54,1009.7,0
2021-04-15,Quang_Tri,32.0,24.4,27.3,82,13.4,94,1008.8,1
2021-04-16,Quang_Tri,31.4,24.0,27.3,83,16.2,54,1009.2,0
2021-04-17,Quang_Tri,29.8,24.6,26.8,83,14.6,84,1011.8,1
2021-04-18,Quang_Tri,31.2,23.8,26.9,79,15.3,34,1011.2,0
2021-04-19,Quang_Tri,32.3,23.8,27.6,77,12.1,71,1008.6,1
2021-04-20,Quang_Tri,33.5,24.1,28.1,78,12.7,82,1008.0,1
2021-04-21,Quang_Tri,33.0,24.0,28.2,79,15.6,62,1008.3,1
2021-04-22,Quang_Tri,33.7,24.3,28.7,76,15.2,81,1007.4,1
2021-04-23,Quang_Tri,34.0,24.8,29.3,74,16.3,49,1005.9,1
2021-04-24,Quang_Tri,35.1,25.0,29.8,74,18.8,36,1005.9,1
2021-04-25,Quang_Tri,35.7,25.4,30.0,75,15.7,60,1007.2,1
2021-04-26,Quang_Tri,34.5,25.8,29.5,76,14.1,89,1007.9,1
2021-04-27,Quang_Tri,32.2,25.4,27.5,84,13.4,87,1010.8,1
2021-04-28,Quang_Tri,32.0,24.1,27.5,81,18.1,58,1012.2,1
2021-04-29,Quang_Tri,29.0,22.6,25.7,86,17.1,78,1012.6,1
2021-04-30,Quang_Tri,29.7,22.5,25.5,82,15.1,86,1011.7,1
2021-05-01,Quang_Tri,32.7,23.0,27.5,80,12.7,52,1010.7,1
2021-05-02,Quang_Tri,33.8,24.3,28.6,78,11.9,80,1009.9,1
2021-05-03,Quang_Tri,34.9,25.3,29.5,74,13.6,81,1008.0,1
2021-05-04,Quang_Tri,35.7,25.0,29.9,70,15.2,76,1007.5,0
2021-05-05,Quang_Tri,34.4,24.1,28.9,77,19.9,49,1009.0,1
2021-05-06,Quang_Tri,32.3,25.5,28.6,78,19.7,69,1011.8,1
2021-05-07,Quang_Tri,32.9,23.9,28.3,74,19.5,77,1011.2,0
2021-05-08,Quang_Tri,34.1,23.5,28.5,75,16.5,38,1008.6,0
2021-05-09,Quang_Tri,36.7,24.0,30.2,69,15.5,53,1006.8,0
2021-05-10,Quang_Tri,37.7,25.8,30.6,71,12.7,37,1006.2,1
2021-05-11,Quang_Tri,36.0,25.5,30.8,70,14.2,53,1005.7,1
2021-05-12,Quang_Tri,37.2,27.4,31.6,65,10.7,80,1005.2,1
2021-05-13,Quang_Tri,37.5,26.9,31.4,68,15.8,57,1005.1,1
2021-05-14,Quang_Tri,36.5,27.5,30.9,73,13.6,61,1005.2,1
2021-05-15,Quang_Tri,36.5,27.4,31.2,71,10.2,40,1006.0,1
2021-05-16,Quang_Tri,36.1,26.5,31.0,73,15.1,42,1006.2,1
2021-05-17,Quang_Tri,36.0,26.8,31.0,68,18.3,24,1006.5,0
2021-05-18,Quang_Tri,37.1,26.8,31.4,68,15.3,81,1006.5,1
2021-05-19,Quang_Tri,37.6,26.8,31.7,68,15.9,80,1005.5,1
2021-05-20,Quang_Tri,38.5,27.4,32.3,63,19.1,94,1005.4,1
2021-05-21,Quang_Tri,38.1,26.9,32.2,63,17.1,56,1005.0,1
2021-05-22,Quang_Tri,38.1,27.4,32.4,61,16.4,33,1003.7,1
2021-05-23,Quang_Tri,36.3,27.1,31.5,65,16.2,10,1004.0,1
2021-05-24,Quang_Tri,32.3,26.5,28.7,82,16.8,56,1006.3,1
2021-05-25,Quang_Tri,31.8,25.6,28.3,83,16.6,83,1006.4,1
2021-05-26,Quang_Tri,32.4,25.5,28.8,80,16.9,26,1005.9,1
2021-05-27,Quang_Tri,32.8,25.5,28.8,81,16.6,56,1006.5,1
2021-05-28,Quang_Tri,35.0,26.0,29.8,77,7.9,62,1007.8,1
2021-05-29,Quang_Tri,36.2,26.2,30.7,71,12.9,53,1006.8,1
2021-05-30,Quang_Tri,38.5,26.9,32.4,61,17.4,42,1005.1,1
2021-05-31,Quang_Tri,38.6,28.0,33.2,56,20.7,39,1003.4,0
2021-06-01,Quang_Tri,40.7,28.0,34.3,52,20.9,52,1003.5,0
2021-06-02,Quang_Tri,40.5,29.0,34.4,53,14.8,88,1003.9,0
2021-06-03,Quang_Tri,40.6,29.1,34.8,51,19.4,94,1004.2,0
2021-06-04,Quang_Tri,40.2,28.0,32.5,65,22.7,90,1004.9,1
2021-06-05,Quang_Tri,35.5,26.3,30.0,76,16.5,85,1005.4,1
2021-06-06,Quang_Tri,35.0,27.0,31.1,66,20.6,90,1004.1,1
2021-06-07,Quang_Tri,33.5,27.1,29.5,73,20.5,98,1004.8,1
2021-06-08,Quang_Tri,34.0,25.5,28.9,77,13.3,99,1005.6,1
2021-06-09,Quang_Tri,32.5,26.7,29.3,70,19.2,99,1005.1,0
2021-06-10,Quang_Tri,34.8,26.5,29.9,64,21.5,79,1003.3,1
2021-06-11,Quang_Tri,34.3,26.5,29.1,72,20.7,99,1002.5,1
2021-06-12,Quang_Tri,26.8,25.1,26.0,88,19.8,100,1001.8,1
2021-06-13,Quang_Tri,32.2,25.3,27.5,77,20.6,95,1003.7,1
2021-06-14,Quang_Tri,33.3,24.3,28.8,69,18.2,61,1004.3,0
2021-06-15,Quang_Tri,33.6,25.2,29.2,71,21.4,20,1003.5,0
2021-06-16,Quang_Tri,34.0,26.1,30.0,66,23.5,24,1005.0,0
2021-06-17,Quang_Tri,35.0,26.0,30.3,65,23.2,13,1006.6,0
2021-06-18,Quang_Tri,35.8,26.4,31.0,62,22.9,11,1006.7,0
2021-06-19,Quang_Tri,36.8,27.0,31.9,58,27.3,32,1005.1,0
2021-06-20,Quang_Tri,37.6,29.9,33.0,53,28.0,28,1002.9,0
2021-06-21,Quang_Tri,37.8,30.0,33.3,53,24.0,48,1002.6,0
2021-06-22,Quang_Tri,37.8,29.9,33.0,54,22.1,96,1004.3,0
2021-06-23,Quang_Tri,36.7,29.6,32.6,54,24.6,88,1005.1,0
2021-06-24,Quang_Tri,36.7,28.6,32.0,57,22.6,98,1004.4,1
2021-06-25,Quang_Tri,37.3,27.9,31.6,62,20.5,87,1004.1,1
2021-06-26,Quang_Tri,37.4,27.4,32.0,59,15.0,62,1005.5,1
2021-06-27,Quang_Tri,38.4,27.8,32.9,55,23.0,45,1006.1,1
2021-06-28,Quang_Tri,37.7,28.9,33.0,51,28.8,66,1004.4,0
2021-06-29,Quang_Tri,38.7,30.2,33.5,49,21.8,79,1003.7,1
2021-06-30,Quang_Tri,38.9,29.1,33.5,50,24.0,87,1004.1,1
2021-07-01,Quang_Tri,39.0,29.5,33.8,48,23.2,82,1004.5,0
2021-07-02,Quang_Tri,39.3,28.1,33.7,49,25.7,94,1005.3,0
2021-07-03,Quang_Tri,40.7,28.3,34.4,48,21.3,48,1004.5,0
2021-07-04,Quang_Tri,39.6,28.7,33.2,55,17.5,38,1003.8,1
2021-07-05,Quang_Tri,36.8,28.4,32.1,62,13.4,69,1003.6,1
2021-07-06,Quang_Tri,31.0,26.6,28.5,79,14.7,85,1003.6,1
2021-07-07,Quang_Tri,27.9,25.2,26.5,89,18.5,100,1003.8,1
2021-07-08,Quang_Tri,33.0,24.7,28.2,81,13.6,49,1005.2,1
2021-07-09,Quang_Tri,32.2,24.6,28.6,78,26.7,33,1006.1,1
2021-07-10,Quang_Tri,33.0,25.8,29.3,74,20.7,26,1006.9,1
2021-07-11,Quang_Tri,33.6,26.0,29.8,73,18.8,25,1008.5,1
2021-07-12,Quang_Tri,34.7,25.6,29.8,74,19.1,28,1008.3,1
2021-07-13,Quang_Tri,35.5,26.0,30.2,72,16.2,51,1006.7,1
2021-07-14,Quang_Tri,34.8,25.2,29.9,71,19.0,28,1005.7,1
2021-07-15,Quang_Tri,35.2,25.8,30.1,68,17.3,79,1006.8,1
2021-07-16,Quang_Tri,34.7,26.1,29.4,75,15.1,71,1007.7,1
2021-07-17,Quang_Tri,36.7,26.5,31.0,65,17.0,45,1004.8,1
2021-07-18,Quang_Tri,35.9,27.0,31.3,61,21.6,61,1002.2,1
2021-07-19,Quang_Tri,35.2,27.6,31.0,60,24.2,78,1002.4,1
2021-07-20,Quang_Tri,35.7,28.4,31.1,58,30.9,98,1003.1,0
2021-07-21,Quang_Tri,36.2,29.1,31.5,56,25.2,89,1002.6,1
2021-07-22,Quang_Tri,34.1,29.0,30.8,61,31.9,100,1001.7,1
2021-07-23,Quang_Tri,30.4,27.0,28.9,67,31.6,100,1000.5,1
2021-07-24,Quang_Tri,33.1,26.9,29.8,64,33.2,86,998.9,1
2021-07-25,Quang_Tri,29.2,26.0,27.3,79,29.4,99,999.8,1
2021-07-26,Quang_Tri,33.9,27.1,30.1,64,30.9,59,1000.7,0
2021-07-27,Quang_Tri,35.7,28.2,31.5,60,30.0,73,1000.0,0
2021-07-28,Quang_Tri,36.2,29.2,32.0,59,31.7,90,999.4,0
2021-07-29,Quang_Tri,36.8,29.0,32.3,57,30.8,89,1000.5,0
2021-07-30,Quang_Tri,36.5,29.2,32.2,58,31.4,89,1001.8,0
2021-07-31,Quang_Tri,36.2,29.5,32.2,57,32.8,81,1001.6,0
2021-08-01,Quang_Tri,36.0,29.5,32.2,57,30.1,92,1000.3,0
2021-08-02,Quang_Tri,35.8,29.6,32.1,56,29.4,87,1000.4,0
2021-08-03,Quang_Tri,33.8,28.8,31.0,61,36.0,96,1001.5,0
2021-08-04,Quang_Tri,35.8,29.2,31.6,58,32.1,100,1001.7,0
2021-08-05,Quang_Tri,36.8,29.2,32.0,57,35.4,93,1001.3,0
2021-08-06,Quang_Tri,36.8,29.2,32.3,56,35.4,96,1002.0,0
2021-08-07,Quang_Tri,38.0,30.0,33.2,54,37.0,99,1002.9,0
2021-08-08,Quang_Tri,39.0,30.9,33.9,52,26.0,92,1003.6,0
2021-08-09,Quang_Tri,38.3,29.9,33.7,53,22.9,73,1003.3,1
2021-08-10,Quang_Tri,38.8,28.9,33.1,55,18.2,96,1002.9,1
2021-08-11,Quang_Tri,35.0,27.8,30.6,70,15.3,91,1005.6,1
2021-08-12,Quang_Tri,37.2,27.2,31.5,64,20.3,95,1007.5,1
2021-08-13,Quang_Tri,36.5,27.0,31.6,62,24.0,86,1005.1,1
2021-08-14,Quang_Tri,35.3,28.4,31.6,56,25.6,94,1004.1,0
2021-08-15,Quang_Tri,36.5,28.4,30.8,63,17.6,90,1007.0,1
2021-08-16,Quang_Tri,38.5,25.9,31.4,62,18.2,59,1010.2,1
2021-08-17,Quang_Tri,38.2,27.1,32.1,58,14.3,49,1009.1,1
2021-08-18,Quang_Tri,39.0,28.5,32.8,55,14.0,45,1006.7,1
2021-08-19,Quang_Tri,37.7,27.7,31.3,65,11.5,90,1006.5,1
2021-08-20,Quang_Tri,36.0,27.0,30.7,69,15.7,52,1007.6,1
2021-08-21,Quang_Tri,37.5,24.9,30.9,66,15.6,20,1007.3,1
2021-08-22,Quang_Tri,38.8,27.5,32.0,58,16.7,91,1005.8,0
2021-08-23,Quang_Tri,38.8,27.5,32.1,59,21.9,47,1004.6,1
2021-08-24,Quang_Tri,38.5,27.1,31.3,61,20.2,42,1004.5,1
2021-08-25,Quang_Tri,34.9,26.6,30.0,69,12.2,57,1005.3,1
2021-08-26,Quang_Tri,33.9,25.3,29.2,73,18.2,34,1006.5,1
2021-08-27,Quang_Tri,33.2,25.6,29.0,73,22.1,64,1007.6,1
2021-08-28,Quang_Tri,33.3,24.8,28.9,72,18.1,90,1007.8,1
2021-08-29,Quang_Tri,30.6,25.1,27.3,83,15.1,73,1008.3,1
2021-08-30,Quang_Tri,30.5,25.1,27.0,87,14.0,98,1008.9,1
2021-08-31,Quang_Tri,30.2,24.8,26.9,88,10.5,93,1009.1,1
2021-09-01,Quang_Tri,32.2,24.0,27.8,82,11.4,58,1008.1,1
2021-09-02,Quang_Tri,32.2,24.5,28.1,79,12.1,89,1007.1,1
2021-09-03,Quang_Tri,32.3,25.2,28.5,78,14.5,94,1005.9,1
2021-09-04,Quang_Tri,33.5,25.2,28.0,81,13.2,98,1006.2,1
2021-09-05,Quang_Tri,32.3,24.9,27.7,80,12.4,84,1007.6,1
2021-09-06,Quang_Tri,31.2,25.3,27.7,83,15.3,70,1008.8,1
2021-09-07,Quang_Tri,27.6,24.5,25.9,92,8.8,100,1008.1,1
2021-09-08,Quang_Tri,30.9,23.9,27.0,85,15.6,80,1005.6,1
2021-09-09,Quang_Tri,30.7,25.2,27.4,87,15.7,95,1007.4,1
2021-09-10,Quang_Tri,30.0,24.5,26.6,92,11.0,100,1007.4,1
2021-09-11,Quang_Tri,26.5,24.4,25.7,93,20.1,100,1004.3,1
2021-09-12,Quang_Tri,28.6,24.0,25.4,94,12.9,98,1002.5,1
2021-09-13,Quang_Tri,28.4,24.5,26.3,92,17.4,89,1003.9,1
2021-09-14,Quang_Tri,31.1,24.5,27.6,87,15.9,75,1007.0,1
2021-09-15,Quang_Tri,32.0,24.8,28.0,85,16.5,96,1009.1,1
2021-09-16,Quang_Tri,31.6,25.0,27.8,86,8.4,84,1009.1,1
2021-09-17,Quang_Tri,32.5,24.2,27.7,87,8.2,48,1008.4,1
2021-09-18,Quang_Tri,32.1,24.0,27.9,83,12.0,42,1008.8,1
2021-09-19,Quang_Tri,31.0,25.0,27.8,84,17.1,76,1008.7,1
2021-09-20,Quang_Tri,29.2,24.5,26.7,89,14.8,62,1008.3,1
2021-09-21,Quang_Tri,29.7,24.7,26.8,88,13.7,86,1007.9,1
2021-09-22,Quang_Tri,29.8,24.6,26.9,88,10.8,87,1007.9,1
2021-09-23,Quang_Tri,28.5,24.5,26.1,92,29.5,84,1008.5,1
2021-09-24,Quang_Tri,30.5,25.7,27.5,84,34.0,100,1005.3,1
2021-09-25,Quang_Tri,30.1,24.6,27.2,85,18.0,89,1007.8,1
2021-09-26,Quang_Tri,29.8,24.8,26.9,88,14.7,67,1009.1,1
2021-09-27,Quang_Tri,30.1,24.4,27.0,86,13.6,20,1009.5,1
2021-09-28,Quang_Tri,30.1,24.9,27.2,87,11.2,33,1009.4,1
2021-09-29,Quang_Tri,31.0,24.2,27.4,85,12.0,28,1008.3,1
2021-09-30,Quang_Tri,31.0,23.2,27.3,85,12.7,9,1008.3,1
2021-10-01,Quang_Tri,32.0,23.5,27.4,84,13.6,39,1008.3,0
2021-10-02,Quang_Tri,31.5,22.9,27.1,83,14.8,42,1008.9,0
2021-10-03,Quang_Tri,30.8,22.9,27.0,83,15.6,64,1009.3,1
2021-10-04,Quang_Tri,30.1,23.9,26.5,87,15.0,50,1009.2,1
2021-10-05,Quang_Tri,28.6,24.7,26.1,92,16.2,95,1008.3,1
2021-10-06,Quang_Tri,29.3,25.1,26.6,89,15.2,100,1005.4,1
2021-10-07,Quang_Tri,26.5,25.0,25.6,94,24.4,100,1002.4,1
2021-10-08,Quang_Tri,27.2,24.4,25.5,91,20.6,100,1001.8,1
2021-10-09,Quang_Tri,31.6,24.9,27.4,77,22.1,100,1002.8,1
2021-10-10,Quang_Tri,31.0,24.2,26.5,87,15.2,93,1003.4,1
2021-10-11,Quang_Tri,30.8,24.4,27.1,90,15.6,82,1004.9,1
2021-10-12,Quang_Tri,27.8,23.9,25.2,86,29.5,98,1005.7,1
2021-10-13,Quang_Tri,23.5,22.0,22.6,86,23.9,100,1002.8,1
2021-10-14,Quang_Tri,28.6,22.1,24.9,81,18.2,99,1003.8,1
2021-10-15,Quang_Tri,28.2,23.5,25.2,91,15.3,100,1007.1,1
2021-10-16,Quang_Tri,27.0,23.1,24.6,93,28.4,100,1009.6,1
2021-10-17,Quang_Tri,25.0,23.6,24.4,91,42.1,100,1010.1,1
2021-10-18,Quang_Tri,25.5,22.2,23.8,93,15.6,100,1012.7,1
2021-10-19,Quang_Tri,25.5,22.1,23.7,88,14.7,96,1015.0,1
2021-10-20,Quang_Tri,29.9,22.3,25.7,89,12.2,74,1013.5,1
2021-10-21,Quang_Tri,30.9,23.2,26.3,88,11.2,75,1012.0,1
2021-10-22,Quang_Tri,24.9,22.1,23.5,91,22.8,98,1015.1,1
2021-10-23,Quang_Tri,24.2,21.5,23.3,90,25.4,100,1016.7,1
2021-10-24,Quang_Tri,26.1,22.9,24.3,83,27.0,93,1015.9,1
2021-10-25,Quang_Tri,24.0,22.0,23.3,87,20.5,96,1014.5,1
2021-10-26,Quang_Tri,27.1,21.5,24.7,79,20.3,91,1013.1,1
2021-10-27,Quang_Tri,26.1,23.9,24.8,90,23.1,100,1012.2,1
2021-10-28,Quang_Tri,27.4,23.6,25.0,91,18.4,96,1012.7,1
2021-10-29,Quang_Tri,27.6,23.8,25.2,89,13.8,92,1014.6,1
2021-10-30,Quang_Tri,27.7,23.9,25.4,90,12.0,88,1014.6,1
2021-10-31,Quang_Tri,27.0,23.2,24.8,91,13.5,88,1014.5,1
2021-11-01,Quang_Tri,28.1,23.6,25.5,88,14.8,76,1014.3,1
2021-11-02,Quang_Tri,28.6,23.0,25.4,88,16.9,72,1014.4,1
2021-11-03,Quang_Tri,28.2,22.5,25.3,88,15.0,69,1013.5,1
2021-11-04,Quang_Tri,29.1,24.0,25.8,87,13.7,41,1012.3,1
2021-11-05,Quang_Tri,29.5,22.0,25.7,87,13.6,28,1010.4,1
2021-11-06,Quang_Tri,29.8,22.5,26.0,88,12.7,66,1008.2,0
2021-11-07,Quang_Tri,29.2,22.9,26.1,83,14.8,37,1009.7,1
2021-11-08,Quang_Tri,25.2,21.2,23.7,88,32.5,91,1014.0,1
2021-11-09,Quang_Tri,22.4,21.1,21.7,88,21.6,100,1016.7,1
2021-11-10,Quang_Tri,22.8,20.9,21.7,87,19.2,100,1016.5,1
2021-11-11,Quang_Tri,22.7,19.6,21.5,91,14.2,100,1015.1,1
2021-11-12,Quang_Tri,25.1,21.5,23.0,91,12.8,100,1015.5,1
2021-11-13,Quang_Tri,25.0,22.0,23.3,80,24.1,100,1015.6,1
2021-11-14,Quang_Tri,25.3,22.0,23.0,87,15.2,100,1015.1,1
2021-11-15,Quang_Tri,25.1,20.8,22.8,92,14.9,99,1013.1,1
2021-11-16,Quang_Tri,28.1,23.3,25.1,85,18.0,84,1012.8,1
2021-11-17,Quang_Tri,26.3,23.6,24.7,90,16.3,94,1013.4,1
2021-11-18,Quang_Tri,25.8,23.0,24.2,88,19.0,91,1012.6,1
2021-11-19,Quang_Tri,27.0,21.9,24.2,87,13.0,83,1010.1,1
2021-11-20,Quang_Tri,28.1,20.8,24.4,88,14.8,31,1009.3,0
2021-11-21,Quang_Tri,28.5,20.5,24.6,89,13.7,38,1010.8,0
2021-11-22,Quang_Tri,27.4,22.8,24.3,90,22.1,74,1013.5,1
2021-11-23,Quang_Tri,22.7,20.7,21.9,91,22.7,100,1016.7,1
2021-11-24,Quang_Tri,22.8,20.4,21.4,90,17.5,100,1017.4,1
2021-11-25,Quang_Tri,21.4,18.1,20.3,93,19.7,100,1016.7,1
2021-11-26,Quang_Tri,24.1,19.6,21.7,86,22.5,100,1016.2,1
2021-11-27,Quang_Tri,24.6,21.5,23.3,74,24.1,95,1016.4,1
2021-11-28,Quang_Tri,24.2,22.2,23.5,82,22.8,100,1015.4,1
2021-11-29,Quang_Tri,23.9,22.5,23.2,85,20.7,100,1014.6,1
2021-11-30,Quang_Tri,25.2,21.9,23.3,78,29.2,72,1016.7,1
2021-12-01,Quang_Tri,22.5,20.5,21.5,75,20.5,96,1018.5,1
2021-12-02,Quang_Tri,21.9,20.1,20.9,77,19.5,96,1018.9,1
2021-12-03,Quang_Tri,22.7,18.0,20.5,73,20.6,84,1019.6,1
2021-12-04,Quang_Tri,23.6,16.6,19.9,73,17.7,57,1019.1,1
2021-12-05,Quang_Tri,22.6,19.0,21.3,69,20.2,100,1018.3,1
2021-12-06,Quang_Tri,23.5,19.2,21.1,64,19.9,82,1018.2,0
2021-12-07,Quang_Tri,22.1,17.2,19.8,80,14.0,79,1018.2,1
2021-12-08,Quang_Tri,22.5,18.4,20.7,89,19.5,100,1017.9,1
2021-12-09,Quang_Tri,26.0,21.1,22.8,86,22.7,64,1018.5,1
2021-12-10,Quang_Tri,25.5,18.9,21.8,84,17.5,25,1017.9,1
2021-12-11,Quang_Tri,24.1,17.5,21.2,86,17.1,48,1017.7,1
2021-12-12,Quang_Tri,24.0,20.4,22.0,89,15.9,100,1018.4,1
2021-12-13,Quang_Tri,23.2,20.3,21.4,85,19.9,92,1018.4,1
2021-12-14,Quang_Tri,22.5,20.0,21.0,92,14.1,100,1016.1,1
2021-12-15,Quang_Tri,22.6,19.9,21.4,95,10.7,100,1014.0,1
2021-12-16,Quang_Tri,26.2,21.0,23.3,90,14.7,83,1013.5,1
2021-12-17,Quang_Tri,25.0,21.5,22.9,89,21.3,100,1016.0,1
2021-12-18,Quang_Tri,22.6,19.9,21.3,89,18.8,98,1017.6,1
2021-12-19,Quang_Tri,21.6,17.8,19.8,83,25.2,100,1017.4,1
2021-12-20,Quang_Tri,21.1,16.5,19.0,80,21.9,98,1015.7,1
2021-12-21,Quang_Tri,21.5,18.2,19.9,84,18.9,99,1016.0,1
2021-12-22,Quang_Tri,22.8,18.7,20.5,84,12.3,100,1015.7,1
2021-12-23,Quang_Tri,23.6,19.0,21.3,88,14.5,96,1014.6,1
2021-12-24,Quang_Tri,24.9,17.9,21.6,90,13.7,55,1014.4,1
2021-12-25,Quang_Tri,23.9,21.6,22.2,92,17.8,98,1016.0,1
2021-12-26,Quang_Tri,22.9,21.0,21.8,92,21.5,99,1018.0,1
2021-12-27,Quang_Tri,20.9,19.2,20.2,91,24.3,100,1020.8,1
2021-12-28,Quang_Tri,20.7,19.4,20.1,91,19.5,100,1020.4,1
2021-12-29,Quang_Tri,21.9,18.3,20.2,96,11.7,100,1019.7,1
2021-12-30,Quang_Tri,23.9,19.5,21.4,88,21.3,73,1021.2,1
2021-12-31,Quang_Tri,23.2,19.2,20.9,87,20.5,83,1021.0,1
2021-01-01,Da_Nang,20.5,19.1,19.7,68,27.7,86,1020.3,1
2021-01-02,Da_Nang,20.3,19.0,19.6,77,21.6,100,1018.5,1
2021-01-03,Da_Nang,21.9,18.6,20.5,84,23.7,100,1017.3,1
2021-01-04,Da_Nang,21.9,20.1,21.0,89,23.7,100,1017.0,1
2021-01-05,Da_Nang,23.1,20.1,21.5,88,14.5,99,1016.4,1
2021-01-06,Da_Nang,23.4,21.2,22.1,88,18.3,98,1015.2,1
2021-01-07,Da_Nang,23.4,21.5,22.1,88,16.2,95,1014.5,1
2021-01-08,Da_Nang,22.0,18.2,20.5,87,31.6,100,1017.3,1
2021-01-09,Da_Nang,19.5,18.0,18.8,82,27.8,100,1018.6,1
2021-01-10,Da_Nang,19.8,17.7,18.5,81,22.7,99,1017.9,1
2021-01-11,Da_Nang,19.0,16.7,17.8,79,36.7,100,1020.7,1
2021-01-12,Da_Nang,17.5,16.2,16.9,71,36.1,100,1021.3,1
2021-01-13,Da_Nang,18.8,15.6,17.1,77,10.7,69,1017.4,0
2021-01-14,Da_Nang,21.4,16.1,18.8,81,10.1,72,1015.4,0
2021-01-15,Da_Nang,22.4,15.2,19.2,85,10.1,53,1013.5,1
2021-01-16,Da_Nang,22.9,16.4,20.2,86,16.4,18,1013.6,1
2021-01-17,Da_Nang,23.0,19.6,21.1,83,30.8,70,1018.2,1
2021-01-18,Da_Nang,20.0,17.1,18.7,78,32.0,73,1020.2,1
2021-01-19,Da_Nang,20.0,15.9,18.1,85,13.7,67,1017.0,1
2021-01-20,Da_Nang,22.0,15.5,19.6,87,15.6,58,1014.8,0
2021-01-21,Da_Nang,22.9,18.1,20.9,89,16.6,50,1013.4,1
2021-01-22,Da_Nang,22.9,19.2,21.2,87,22.7,56,1013.0,0
2021-01-23,Da_Nang,22.5,20.0,21.1,85,19.9,83,1013.4,0
2021-01-24,Da_Nang,23.4,19.6,21.5,86,21.0,32,1013.5,0
2021-01-25,Da_Nang,24.4,18.0,21.4,86,14.8,19,1013.6,0
2021-01-26,Da_Nang,23.5,18.0,21.1,89,16.1,49,1014.5,1
2021-01-27,Da_Nang,23.4,20.1,22.0,88,14.8,93,1014.4,1
2021-01-28,Da_Nang,23.7,19.8,21.9,83,20.9,62,1017.5,1
2021-01-29,Da_Nang,23.2,20.2,21.5,78,24.5,52,1018.2,1
2021-01-30,Da_Nang,22.9,18.8,21.1,87,15.0,70,1017.3,1
2021-01-31,Da_Nang,22.9,20.3,21.6,87,17.1,60,1017.1,1
2021-02-01,Da_Nang,23.5,18.7,21.5,89,12.7,37,1016.7,1
2021-02-02,Da_Nang,23.5,20.2,21.8,90,14.0,51,1017.2,1
2021-02-03,Da_Nang,24.0,20.5,22.2,86,17.4,38,1017.4,1
2021-02-04,Da_Nang,23.0,19.9,21.7,89,15.7,85,1017.9,1
2021-02-05,Da_Nang,23.9,21.0,22.3,84,13.0,51,1016.7,1
2021-02-06,Da_Nang,23.4,19.3,21.8,88,14.4,72,1015.3,1
2021-02-07,Da_Nang,24.2,19.7,22.4,88,16.7,58,1014.7,1
2021-02-08,Da_Nang,24.2,21.4,22.8,91,14.2,81,1014.4,1
2021-02-09,Da_Nang,24.5,20.7,22.6,88,31.2,86,1012.3,1
2021-02-10,Da_Nang,21.2,19.6,20.5,84,26.3,84,1013.3,1
2021-02-11,Da_Nang,22.6,17.2,20.2,77,24.9,22,1014.5,0
2021-02-12,Da_Nang,22.4,16.6,19.8,81,22.4,38,1015.5,0
2021-02-13,Da_Nang,22.4,15.6,19.5,86,9.7,45,1015.6,1
2021-02-14,Da_Nang,23.0,16.6,20.1,84,10.2,42,1015.6,0
2021-02-15,Da_Nang,23.4,15.8,20.1,86,18.2,9,1013.6,0
2021-02-16,Da_Nang,24.2,15.9,20.6,86,16.0,13,1013.4,0
2021-02-17,Da_Nang,23.6,17.8,21.2,85,14.3,18,1017.0,1
2021-02-18,Da_Nang,23.9,20.6,22.1,81,26.6,39,1019.9,1
2021-02-19,Da_Nang,23.2,20.8,21.9,75,23.1,24,1020.1,1
2021-02-20,Da_Nang,23.4,18.5,21.1,75,13.8,37,1018.2,0
2021-02-21,Da_Nang,23.0,15.8,20.3,86,17.3,51,1015.6,0
2021-02-22,Da_Nang,24.8,17.2,21.3,84,18.4,22,1013.9,0
2021-02-23,Da_Nang,24.0,17.9,21.2,86,9.4,25,1013.4,0
2021-02-24,Da_Nang,24.7,18.0,21.7,86,16.3,21,1011.2,0
2021-02-25,Da_Nang,25.5,19.5,22.7,88,19.0,39,1008.2,0
2021-02-26,Da_Nang,27.0,21.2,23.8,89,21.0,11,1006.4,0
2021-02-27,Da_Nang,26.3,21.2,23.8,90,23.8,52,1008.5,1
2021-02-28,Da_Nang,26.2,23.0,24.6,90,25.8,56,1010.9,1
2021-03-01,Da_Nang,27.0,22.9,25.0,91,22.5,44,1012.6,1
2021-03-02,Da_Nang,25.6,23.2,24.6,91,18.8,69,1014.6,1
2021-03-03,Da_Nang,25.5,22.3,23.9,90,14.3,35,1015.1,1
2021-03-04,Da_Nang,26.2,21.7,24.0,91,18.6,54,1014.5,1
2021-03-05,Da_Nang,27.5,22.0,24.9,88,25.0,23,1012.3,0
2021-03-06,Da_Nang,28.0,22.4,25.0,91,16.3,32,1012.5,0
2021-03-07,Da_Nang,26.8,23.5,24.9,90,17.3,43,1014.1,1
2021-03-08,Da_Nang,26.1,23.5,24.6,89,14.5,34,1015.1,1
2021-03-09,Da_Nang,26.1,22.7,24.4,88,17.0,31,1015.0,1
2021-03-10,Da_Nang,26.1,23.1,24.6,87,15.6,51,1014.9,1
2021-03-11,Da_Nang,26.1,23.1,24.6,88,13.7,39,1015.2,1
2021-03-12,Da_Nang,26.0,22.8,24.4,88,12.1,46,1015.6,1
2021-03-13,Da_Nang,25.5,22.1,24.0,88,12.5,35,1015.2,1
2021-03-14,Da_Nang,25.8,21.8,24.1,87,13.6,37,1013.1,1
2021-03-15,Da_Nang,26.5,22.0,24.3,86,20.7,44,1011.1,0
2021-03-16,Da_Nang,27.1,22.0,24.7,85,20.7,25,1010.5,0
2021-03-17,Da_Nang,26.9,22.1,24.6,86,16.9,70,1010.4,0
2021-03-18,Da_Nang,27.8,22.0,25.1,88,19.1,91,1009.8,1
2021-03-19,Da_Nang,27.1,23.3,25.4,89,22.3,45,1008.9,1
2021-03-20,Da_Nang,28.0,22.6,25.5,90,20.0,50,1007.8,1
2021-03-21,Da_Nang,27.4,24.6,25.8,88,20.8,48,1010.6,1
2021-03-22,Da_Nang,25.1,21.8,23.8,85,34.7,83,1016.7,1
2021-03-23,Da_Nang,24.0,21.9,22.9,87,29.5,75,1016.5,1
2021-03-24,Da_Nang,24.9,21.6,23.5,86,14.1,88,1013.5,1
2021-03-25,Da_Nang,26.4,22.1,24.6,88,17.8,70,1012.2,1
2021-03-26,Da_Nang,26.5,23.4,25.1,90,22.2,54,1011.0,1
2021-03-27,Da_Nang,27.7,23.8,25.6,90,23.9,80,1008.8,0
2021-03-28,Da_Nang,28.1,24.0,26.0,89,20.6,77,1007.5,0
2021-03-29,Da_Nang,29.2,24.0,26.4,89,20.5,63,1005.6,0
2021-03-30,Da_Nang,28.5,23.0,25.9,91,21.0,25,1004.1,0
2021-03-31,Da_Nang,28.8,24.2,26.4,91,22.6,7,1003.4,0
2021-04-01,Da_Nang,29.0,24.8,26.5,93,19.0,24,1004.0,0
2021-04-02,Da_Nang,27.6,25.0,26.3,94,18.4,68,1006.2,0
2021-04-03,Da_Nang,27.9,25.1,26.2,90,23.7,51,1008.2,0
2021-04-04,Da_Nang,27.5,23.7,25.7,91,16.6,23,1010.4,1
2021-04-05,Da_Nang,27.1,23.9,25.3,90,11.3,69,1012.9,1
2021-04-06,Da_Nang,27.2,23.6,25.3,90,12.3,43,1013.2,1
2021-04-07,Da_Nang,27.0,23.9,25.7,88,15.2,36,1012.3,1
2021-04-08,Da_Nang,27.8,24.6,25.9,88,14.8,25,1010.5,1
2021-04-09,Da_Nang,27.2,23.1,25.6,86,15.0,21,1011.5,1
2021-04-10,Da_Nang,26.5,23.4,25.2,88,16.9,63,1013.4,1
2021-04-11,Da_Nang,27.2,23.2,25.5,87,14.1,53,1014.0,1
2021-04-12,Da_Nang,27.2,24.0,25.7,89,19.5,59,1013.0,1
2021-04-13,Da_Nang,28.0,23.9,25.9,88,21.6,55,1011.5,1
2021-04-14,Da_Nang,28.8,24.5,26.3,87,22.3,77,1010.1,0
2021-04-15,Da_Nang,28.1,24.4,26.3,86,23.4,65,1009.3,0
2021-04-16,Da_Nang,28.1,24.4,26.4,86,22.9,66,1009.6,0
2021-04-17,Da_Nang,28.2,25.3,26.6,82,23.0,67,1011.7,0
2021-04-18,Da_Nang,29.5,23.3,26.2,82,20.8,61,1011.1,1
2021-04-19,Da_Nang,29.1,24.6,26.7,83,21.6,64,1008.9,1
2021-04-20,Da_Nang,29.2,25.4,27.1,86,21.4,75,1008.4,1
2021-04-21,Da_Nang,29.2,25.4,27.2,86,19.6,84,1009.0,1
2021-04-22,Da_Nang,29.2,25.2,27.3,84,21.1,88,1007.9,0
2021-04-23,Da_Nang,30.5,25.6,27.7,84,21.4,45,1006.5,0
2021-04-24,Da_Nang,31.3,25.7,28.2,85,24.1,19,1006.5,0
2021-04-25,Da_Nang,31.2,26.0,28.5,86,20.0,55,1007.4,1
2021-04-26,Da_Nang,30.8,25.7,28.2,84,27.1,86,1008.1,0
2021-04-27,Da_Nang,29.0,25.9,27.3,86,22.0,90,1010.7,1
2021-04-28,Da_Nang,29.6,25.0,27.4,83,18.0,43,1012.0,1
2021-04-29,Da_Nang,28.6,24.5,26.8,85,18.3,48,1011.9,1
2021-04-30,Da_Nang,28.5,24.1,26.6,82,16.9,60,1011.2,1
2021-05-01,Da_Nang,29.8,24.9,27.6,82,18.6,52,1010.7,1
2021-05-02,Da_Nang,30.6,25.9,28.2,82,23.6,65,1010.1,1
2021-05-03,Da_Nang,30.5,26.2,28.1,80,24.7,76,1008.7,1
2021-05-04,Da_Nang,31.1,25.2,28.1,80,24.2,72,1008.2,0
2021-05-05,Da_Nang,30.8,25.4,28.1,83,23.0,45,1009.4,1
2021-05-06,Da_Nang,29.6,26.2,27.9,84,17.3,73,1012.0,1
2021-05-07,Da_Nang,29.8,25.3,27.7,83,19.8,68,1011.5,1
2021-05-08,Da_Nang,30.6,25.1,27.8,81,20.5,22,1008.9,0
2021-05-09,Da_Nang,31.5,24.4,28.1,83,23.7,57,1007.3,0
2021-05-10,Da_Nang,32.0,26.2,28.9,82,24.7,48,1006.6,0
2021-05-11,Da_Nang,32.0,26.8,29.2,82,23.5,59,1006.1,0
2021-05-12,Da_Nang,32.3,27.2,29.3,81,19.2,84,1005.6,0
2021-05-13,Da_Nang,31.8,27.0,29.1,82,25.0,45,1005.6,0
2021-05-14,Da_Nang,32.1,27.0,29.3,80,29.8,68,1005.8,1
2021-05-15,Da_Nang,32.5,27.2,29.5,78,26.5,44,1006.5,0
2021-05-16,Da_Nang,32.5,26.8,29.3,79,26.4,22,1006.7,0
2021-05-17,Da_Nang,31.8,26.5,29.2,81,28.4,15,1007.1,0
2021-05-18,Da_Nang,32.6,26.9,29.4,79,25.8,72,1006.9,0
2021-05-19,Da_Nang,32.2,27.2,29.7,78,26.7,82,1006.0,1
2021-05-20,Da_Nang,33.3,27.4,29.9,77,20.9,93,1005.9,0
2021-05-21,Da_Nang,32.4,27.6,29.9,78,22.0,58,1005.4,0
2021-05-22,Da_Nang,32.2,27.6,30.0,75,17.7,23,1004.1,0
2021-05-23,Da_Nang,32.0,27.5,29.5,79,16.8,20,1004.2,1
2021-05-24,Da_Nang,30.1,27.2,28.5,84,18.3,50,1005.9,1
2021-05-25,Da_Nang,30.6,26.6,28.6,83,22.7,59,1006.1,1
2021-05-26,Da_Nang,30.7,26.5,28.8,82,20.6,38,1005.8,1
2021-05-27,Da_Nang,30.4,26.6,28.6,84,20.7,45,1006.4,1
2021-05-28,Da_Nang,30.9,26.8,29.1,85,16.6,60,1007.7,0
2021-05-29,Da_Nang,32.5,27.5,29.9,82,16.6,54,1006.8,1
2021-05-30,Da_Nang,33.8,27.8,30.9,75,17.1,32,1005.1,0
2021-05-31,Da_Nang,35.0,28.4,31.3,72,16.1,43,1003.6,0
2021-06-01,Da_Nang,34.4,28.8,31.5,73,17.9,62,1004.0,0
2021-06-02,Da_Nang,33.9,28.7,31.1,78,18.5,83,1004.3,0
2021-06-03,Da_Nang,35.1,28.9,31.9,70,16.8,92,1004.5,0
2021-06-04,Da_Nang,36.6,29.1,32.0,63,18.6,80,1004.6,1
2021-06-05,Da_Nang,31.9,28.8,29.9,79,17.9,91,1005.1,1
2021-06-06,Da_Nang,33.0,28.0,30.4,73,14.9,84,1004.2,1
2021-06-07,Da_Nang,32.9,28.2,29.8,75,23.3,97,1004.7,1
2021-06-08,Da_Nang,30.6,27.5,28.9,81,15.8,99,1005.6,1
2021-06-09,Da_Nang,30.4,27.4,28.8,77,13.0,97,1005.1,1
2021-06-10,Da_Nang,32.0,26.8,29.0,75,14.2,94,1003.3,1
2021-06-11,Da_Nang,30.5,26.6,28.3,81,11.6,99,1002.1,1
2021-06-12,Da_Nang,28.5,26.6,27.3,87,15.5,100,1001.6,1
2021-06-13,Da_Nang,32.0,26.5,28.5,77,23.2,97,1003.8,1
2021-06-14,Da_Nang,33.5,26.3,29.3,74,16.5,65,1004.4,0
2021-06-15,Da_Nang,33.8,26.2,29.7,76,15.0,24,1003.5,1
2021-06-16,Da_Nang,35.5,26.6,30.6,74,15.0,22,1004.8,1
2021-06-17,Da_Nang,33.5,27.1,30.2,74,14.0,11,1006.6,1
2021-06-18,Da_Nang,33.8,26.6,30.4,75,16.5,11,1006.7,0
2021-06-19,Da_Nang,34.0,27.8,30.9,72,20.2,29,1005.1,0
2021-06-20,Da_Nang,35.8,28.0,31.6,65,24.3,45,1003.0,0
2021-06-21,Da_Nang,37.4,28.6,32.6,61,20.1,54,1002.6,0
2021-06-22,Da_Nang,34.5,28.6,31.4,66,17.0,90,1004.4,1
2021-06-23,Da_Nang,34.3,27.9,31.0,69,20.4,96,1005.1,1
2021-06-24,Da_Nang,34.5,27.9,31.1,66,18.7,94,1004.4,1
2021-06-25,Da_Nang,35.3,28.4,31.0,68,14.8,73,1004.2,1
2021-06-26,Da_Nang,34.6,28.2,31.0,70,17.8,55,1005.5,1
2021-06-27,Da_Nang,35.5,28.1,31.5,68,23.1,37,1006.1,1
2021-06-28,Da_Nang,38.5,28.5,32.5,63,21.4,81,1004.1,0
2021-06-29,Da_Nang,36.5,29.5,32.1,62,27.5,69,1003.7,1
2021-06-30,Da_Nang,36.8,29.0,31.8,64,26.7,82,1004.0,1
2021-07-01,Da_Nang,37.5,29.0,32.0,62,25.1,77,1004.6,0
2021-07-02,Da_Nang,35.6,28.8,32.0,64,23.0,62,1005.4,0
2021-07-03,Da_Nang,34.8,29.0,31.8,66,20.2,52,1004.8,0
2021-07-04,Da_Nang,33.3,28.8,31.1,68,18.5,69,1004.0,0
2021-07-05,Da_Nang,32.0,29.0,30.4,72,16.3,68,1003.7,1
2021-07-06,Da_Nang,29.7,26.9,28.2,81,21.8,96,1003.1,1
2021-07-07,Da_Nang,28.9,26.5,27.8,85,12.5,100,1003.6,1
2021-07-08,Da_Nang,30.7,26.1,28.2,83,26.7,51,1005.4,1
2021-07-09,Da_Nang,30.5,26.1,28.3,81,31.7,37,1006.5,1
2021-07-10,Da_Nang,30.3,26.6,28.5,81,25.0,24,1007.3,1
2021-07-11,Da_Nang,30.8,26.0,28.8,81,21.0,17,1008.7,1
2021-07-12,Da_Nang,30.5,26.5,28.6,82,20.9,40,1008.5,1
2021-07-13,Da_Nang,31.0,26.2,28.8,81,24.5,62,1006.9,0
2021-07-14,Da_Nang,30.8,25.9,28.8,80,22.5,29,1005.9,1
2021-07-15,Da_Nang,30.9,26.7,29.0,79,22.0,41,1006.9,1
2021-07-16,Da_Nang,31.2,26.6,28.7,80,19.5,38,1007.5,1
2021-07-17,Da_Nang,31.5,25.5,28.7,80,16.8,20,1004.8,1
2021-07-18,Da_Nang,33.0,26.6,29.2,77,18.6,49,1002.4,1
2021-07-19,Da_Nang,31.1,26.1,28.6,83,12.0,76,1002.3,1
2021-07-20,Da_Nang,33.8,27.0,29.5,77,20.5,95,1002.7,0
2021-07-21,Da_Nang,33.2,27.1,29.6,76,16.3,93,1002.4,0
2021-07-22,Da_Nang,34.1,27.2,30.0,72,15.5,99,1001.3,0
2021-07-23,Da_Nang,32.2,27.9,29.7,68,18.2,99,1000.1,1
2021-07-24,Da_Nang,32.0,26.8,28.8,70,21.8,85,999.1,1
2021-07-25,Da_Nang,34.0,26.1,28.9,79,19.5,85,999.5,1
2021-07-26,Da_Nang,34.0,26.6,29.7,73,24.1,36,1000.2,1
2021-07-27,Da_Nang,35.3,26.5,30.3,72,20.4,66,999.7,0
2021-07-28,Da_Nang,35.3,27.4,30.7,71,18.6,86,999.3,1
2021-07-29,Da_Nang,34.8,28.2,31.1,71,19.1,87,1000.4,1
2021-07-30,Da_Nang,35.8,27.9,31.1,70,14.9,79,1001.6,1
2021-07-31,Da_Nang,36.5,29.0,32.0,63,18.1,96,1001.4,1
2021-08-01,Da_Nang,36.3,29.8,31.9,63,23.5,87,1000.0,1
2021-08-02,Da_Nang,36.2,29.4,32.1,60,18.5,98,1000.1,1
2021-08-03,Da_Nang,37.0,30.1,32.9,52,18.4,99,1000.6,1
2021-08-04,Da_Nang,36.5,29.9,32.7,55,21.9,100,1001.1,1
2021-08-05,Da_Nang,36.6,29.8,32.5,57,20.3,98,1000.8,1
2021-08-06,Da_Nang,37.7,30.6,32.9,57,20.3,97,1001.6,0
2021-08-07,Da_Nang,37.8,30.7,33.0,57,24.2,99,1002.9,0
2021-08-08,Da_Nang,36.3,30.0,32.6,62,20.9,98,1003.7,0
2021-08-09,Da_Nang,35.6,29.8,32.5,63,19.5,78,1003.4,1
2021-08-10,Da_Nang,35.8,29.1,31.7,67,17.6,83,1003.1,1
2021-08-11,Da_Nang,33.2,28.6,30.7,74,20.3,88,1005.4,1
2021-08-12,Da_Nang,33.3,27.1,30.1,74,19.5,95,1007.6,1
2021-08-13,Da_Nang,34.6,26.8,29.9,76,17.8,83,1005.2,1
2021-08-14,Da_Nang,34.2,27.5,30.6,69,20.7,93,1003.9,1
2021-08-15,Da_Nang,34.1,27.4,29.8,72,21.7,78,1006.9,1
2021-08-16,Da_Nang,31.9,25.8,28.9,80,20.2,35,1010.4,1
2021-08-17,Da_Nang,31.8,26.0,29.0,78,15.9,25,1009.4,0
2021-08-18,Da_Nang,33.0,26.9,29.9,74,16.9,15,1007.1,0
2021-08-19,Da_Nang,32.4,27.0,29.7,74,19.7,65,1006.6,0
2021-08-20,Da_Nang,32.4,27.1,29.8,74,19.9,56,1007.7,0
2021-08-21,Da_Nang,32.5,26.1,29.6,72,20.1,9,1007.5,0
2021-08-22,Da_Nang,32.6,27.3,30.0,73,17.7,70,1006.1,1
2021-08-23,Da_Nang,33.8,27.0,29.9,71,20.9,55,1004.9,1
2021-08-24,Da_Nang,32.4,26.3,29.7,72,20.3,34,1004.7,0
2021-08-25,Da_Nang,32.7,27.6,30.0,72,18.0,32,1005.1,1
2021-08-26,Da_Nang,31.5,26.6,28.6,77,23.3,49,1006.6,1
2021-08-27,Da_Nang,30.5,26.0,27.9,80,20.0,55,1007.9,1
2021-08-28,Da_Nang,30.1,25.0,27.8,80,15.7,66,1007.8,1
2021-08-29,Da_Nang,28.5,24.5,26.5,87,15.6,90,1008.1,1
2021-08-30,Da_Nang,29.2,25.3,27.2,86,14.0,96,1008.6,1
2021-08-31,Da_Nang,28.9,25.2,27.3,85,11.2,95,1008.7,1
2021-09-01,Da_Nang,30.0,25.1,27.8,83,13.9,59,1007.8,1
2021-09-02,Da_Nang,29.5,25.7,27.7,82,12.6,95,1007.0,1
2021-09-03,Da_Nang,29.0,26.1,27.4,81,8.5,100,1006.0,1
2021-09-04,Da_Nang,30.1,25.4,27.7,83,9.9,98,1006.1,1
2021-09-05,Da_Nang,30.1,24.9,27.3,83,14.6,68,1007.5,1
2021-09-06,Da_Nang,29.0,25.7,27.4,85,12.4,65,1008.6,1
2021-09-07,Da_Nang,27.5,25.0,26.4,88,11.5,100,1007.6,1
2021-09-08,Da_Nang,29.8,25.6,27.3,84,20.5,89,1005.9,1
2021-09-09,Da_Nang,29.8,25.5,27.7,85,15.4,78,1007.2,1
2021-09-10,Da_Nang,28.5,25.0,26.9,88,16.0,100,1006.1,1
2021-09-11,Da_Nang,27.0,25.9,26.4,86,49.0,100,1001.0,1
2021-09-12,Da_Nang,26.6,25.8,26.3,90,33.5,100,1000.3,1
2021-09-13,Da_Nang,28.9,26.0,27.1,88,23.9,83,1002.7,1
2021-09-14,Da_Nang,30.0,26.1,27.9,87,23.6,76,1006.9,1
2021-09-15,Da_Nang,30.0,26.0,27.9,86,27.9,85,1009.5,1
2021-09-16,Da_Nang,30.4,25.2,27.8,86,23.0,92,1009.1,1
2021-09-17,Da_Nang,29.9,25.5,27.8,87,12.3,27,1008.2,0
2021-09-18,Da_Nang,29.6,25.6,27.9,86,12.4,72,1008.7,1
2021-09-19,Da_Nang,28.4,26.0,27.2,87,15.2,80,1008.6,1
2021-09-20,Da_Nang,28.9,25.2,26.8,88,15.6,57,1008.0,1
2021-09-21,Da_Nang,29.1,25.5,27.0,86,11.7,73,1007.6,1
2021-09-22,Da_Nang,29.0,24.8,27.0,86,12.3,75,1007.6,1
2021-09-23,Da_Nang,27.5,24.9,26.3,89,42.4,84,1006.7,1
2021-09-24,Da_Nang,29.3,26.4,27.4,84,39.2,97,1005.9,1
2021-09-25,Da_Nang,29.1,25.5,27.0,87,20.9,85,1008.1,1
2021-09-26,Da_Nang,28.7,25.1,27.0,89,14.1,55,1008.7,1
2021-09-27,Da_Nang,29.4,24.6,27.2,85,15.2,15,1009.0,1
2021-09-28,Da_Nang,29.2,25.1,27.2,87,15.1,52,1009.0,1
2021-09-29,Da_Nang,29.2,25.1,27.4,87,12.7,31,1008.1,1
2021-09-30,Da_Nang,29.9,24.5,27.3,87,16.7,29,1008.2,1
2021-10-01,Da_Nang,29.5,24.1,27.3,87,15.9,35,1008.3,0
2021-10-02,Da_Nang,29.5,24.3,27.2,86,16.6,43,1008.9,1
2021-10-03,Da_Nang,29.3,25.4,27.5,84,13.9,56,1009.1,1
2021-10-04,Da_Nang,28.5,24.9,26.5,89,21.6,78,1008.6,1
2021-10-05,Da_Nang,28.2,25.8,26.8,89,16.7,94,1007.5,1
2021-10-06,Da_Nang,27.2,25.9,26.3,90,36.7,100,1004.1,1
2021-10-07,Da_Nang,27.9,25.6,26.5,88,30.5,100,1000.1,1
2021-10-08,Da_Nang,28.1,26.0,26.8,85,29.9,100,999.8,1
2021-10-09,Da_Nang,32.2,24.8,28.3,75,25.0,96,1001.6,1
2021-10-10,Da_Nang,30.0,24.8,27.4,87,16.6,85,1003.2,1
2021-10-11,Da_Nang,29.5,25.5,27.4,89,19.1,77,1004.4,1
2021-10-12,Da_Nang,27.8,24.7,26.5,83,40.1,92,1003.9,1
2021-10-13,Da_Nang,25.5,23.4,24.2,81,21.1,100,1001.1,1
2021-10-14,Da_Nang,27.8,22.5,25.7,84,14.2,98,1003.7,1
2021-10-15,Da_Nang,28.5,25.0,26.4,88,12.7,99,1006.3,1
2021-10-16,Da_Nang,27.1,24.5,25.7,89,34.6,100,1008.3,1
2021-10-17,Da_Nang,27.5,25.1,26.2,87,51.6,100,1008.6,1
2021-10-18,Da_Nang,27.5,24.1,25.8,89,12.3,100,1012.0,1
2021-10-19,Da_Nang,28.0,25.4,26.3,88,18.7,97,1014.1,1
2021-10-20,Da_Nang,28.8,25.0,26.7,86,12.9,84,1013.3,1
2021-10-21,Da_Nang,29.0,23.6,26.4,89,15.8,38,1011.7,1
2021-10-22,Da_Nang,26.6,23.5,25.1,88,23.8,87,1014.0,1
2021-10-23,Da_Nang,25.2,24.1,24.9,86,33.6,100,1015.2,1
2021-10-24,Da_Nang,26.0,24.2,25.1,84,29.2,100,1014.7,1
2021-10-25,Da_Nang,26.9,23.7,25.2,80,26.7,93,1013.3,1
2021-10-26,Da_Nang,27.2,23.2,25.0,84,29.0,97,1011.7,1
2021-10-27,Da_Nang,26.4,24.4,25.3,90,25.8,100,1011.2,1
2021-10-28,Da_Nang,27.1,23.8,25.4,91,18.2,96,1012.5,1
2021-10-29,Da_Nang,27.6,24.8,25.9,87,14.7,97,1014.0,1
2021-10-30,Da_Nang,26.4,24.3,25.2,89,12.0,91,1014.2,1
2021-10-31,Da_Nang,27.4,23.8,25.4,87,15.0,81,1014.1,1
2021-11-01,Da_Nang,27.3,23.8,25.6,87,10.9,61,1014.0,1
2021-11-02,Da_Nang,27.2,23.7,25.7,88,12.4,73,1013.9,1
2021-11-03,Da_Nang,27.2,23.5,25.6,89,15.5,64,1013.1,1
2021-11-04,Da_Nang,27.9,23.5,26.0,86,11.5,56,1012.0,1
2021-11-05,Da_Nang,28.0,23.1,25.9,89,13.3,49,1010.2,1
2021-11-06,Da_Nang,28.8,23.9,26.3,88,19.2,49,1008.0,1
2021-11-07,Da_Nang,28.2,23.8,26.4,84,14.1,31,1009.4,0
2021-11-08,Da_Nang,27.0,23.4,25.2,86,31.0,99,1012.6,1
2021-11-09,Da_Nang,25.6,23.2,24.3,80,30.5,100,1015.0,1
2021-11-10,Da_Nang,25.1,23.0,23.9,83,25.4,100,1015.0,1
2021-11-11,Da_Nang,24.5,22.4,23.5,88,17.9,99,1014.1,1
2021-11-12,Da_Nang,26.8,23.1,24.9,83,23.4,100,1014.6,1
2021-11-13,Da_Nang,24.6,22.6,23.7,84,31.5,100,1014.5,1
2021-11-14,Da_Nang,24.9,23.1,23.9,87,22.7,100,1014.1,1
2021-11-15,Da_Nang,25.4,24.4,24.8,88,24.7,100,1012.1,1
2021-11-16,Da_Nang,27.5,24.3,25.7,83,20.3,89,1012.3,1
2021-11-17,Da_Nang,26.6,23.6,25.1,89,20.9,98,1012.6,1
2021-11-18,Da_Nang,26.5,24.0,25.0,87,26.6,77,1011.7,1
2021-11-19,Da_Nang,27.0,23.6,25.1,84,12.2,58,1009.8,1
2021-11-20,Da_Nang,26.8,22.4,24.9,88,12.1,57,1009.3,1
2021-11-21,Da_Nang,27.4,22.8,25.3,90,12.3,47,1010.7,1
2021-11-22,Da_Nang,26.9,23.8,25.3,87,15.1,73,1012.8,1
2021-11-23,Da_Nang,24.5,23.2,23.9,86,31.7,99,1015.2,1
2021-11-24,Da_Nang,24.7,23.0,23.8,81,27.7,100,1015.9,1
2021-11-25,Da_Nang,24.9,22.7,23.7,82,23.0,76,1015.4,1
2021-11-26,Da_Nang,25.3,22.2,23.8,80,21.0,74,1015.0,1
2021-11-27,Da_Nang,25.0,23.0,24.1,79,31.2,100,1015.1,1
2021-11-28,Da_Nang,24.8,23.4,24.2,86,37.3,100,1013.9,1
2021-11-29,Da_Nang,25.1,23.8,24.4,86,36.4,100,1013.0,1
2021-11-30,Da_Nang,25.5,22.4,24.3,75,36.1,99,1015.3,1
2021-12-01,Da_Nang,24.8,20.9,23.0,74,25.0,80,1017.5,1
2021-12-02,Da_Nang,24.0,21.0,22.3,76,24.9,75,1017.9,1
2021-12-03,Da_Nang,23.9,19.8,22.0,69,22.7,58,1018.6,1
2021-12-04,Da_Nang,23.4,19.5,21.4,69,21.6,78,1018.4,1
2021-12-05,Da_Nang,22.1,20.4,21.3,80,25.0,100,1017.1,1
2021-12-06,Da_Nang,23.1,20.4,21.4,78,21.4,100,1017.1,1
2021-12-07,Da_Nang,22.6,19.5,21.0,80,16.7,76,1017.4,1
2021-12-08,Da_Nang,23.0,20.9,21.7,86,21.5,98,1016.8,1
2021-12-09,Da_Nang,25.8,21.5,23.4,84,19.1,59,1018.1,1
2021-12-10,Da_Nang,24.9,20.8,22.8,80,17.8,41,1017.5,1
2021-12-11,Da_Nang,24.2,19.5,22.4,83,19.2,69,1017.1,1
2021-12-12,Da_Nang,24.7,22.1,23.3,83,22.7,91,1017.4,1
2021-12-13,Da_Nang,23.5,21.5,22.6,82,26.2,94,1017.5,1
2021-12-14,Da_Nang,23.5,21.2,22.3,86,18.9,100,1015.3,1
2021-12-15,Da_Nang,24.0,21.7,22.9,93,14.8,100,1013.2,1
2021-12-16,Da_Nang,25.8,21.8,23.8,89,12.3,66,1013.1,0
2021-12-17,Da_Nang,25.4,21.5,23.4,86,19.9,94,1015.1,1
2021-12-18,Da_Nang,23.9,22.2,22.8,80,30.3,98,1016.4,1
2021-12-19,Da_Nang,22.7,20.4,21.2,83,37.8,100,1015.2,1
2021-12-20,Da_Nang,22.6,19.6,20.8,80,33.6,87,1013.1,1
2021-12-21,Da_Nang,23.1,18.9,21.1,84,22.6,80,1014.8,0
2021-12-22,Da_Nang,23.8,21.1,22.2,84,21.4,77,1014.7,1
2021-12-23,Da_Nang,23.6,21.1,22.3,88,14.8,94,1013.9,1
2021-12-24,Da_Nang,24.9,20.5,22.6,90,11.0,89,1014.0,1
2021-12-25,Da_Nang,23.4,22.0,22.7,90,18.4,94,1015.4,1
2021-12-26,Da_Nang,23.1,22.4,22.8,89,38.3,100,1017.0,1
2021-12-27,Da_Nang,22.6,20.8,21.6,90,41.2,100,1018.7,1
2021-12-28,Da_Nang,23.0,20.6,22.0,90,30.6,100,1018.8,1
2021-12-29,Da_Nang,24.2,21.6,22.9,87,21.3,55,1018.7,1
2021-12-30,Da_Nang,23.9,21.7,22.5,85,28.0,70,1020.4,1
2021-12-31,Da_Nang,23.4,21.0,22.1,83,23.2,64,1020.4,1
2021-01-01,Quang_Ngai,20.5,18.1,19.4,76,25.6,98,1018.6,1
2021-01-02,Quang_Ngai,20.2,17.2,18.6,88,16.5,100,1017.1,1
2021-01-03,Quang_Ngai,23.0,18.1,20.3,87,18.9,100,1015.9,1
2021-01-04,Quang_Ngai,22.0,19.7,20.6,92,17.6,100,1015.2,1
2021-01-05,Quang_Ngai,24.4,20.1,21.6,88,15.5,97,1015.0,1
2021-01-06,Quang_Ngai,24.0,20.6,22.0,91,12.8,96,1014.0,1
2021-01-07,Quang_Ngai,24.1,20.6,22.1,90,11.7,90,1013.3,1
2021-01-08,Quang_Ngai,23.4,18.2,21.0,90,21.7,94,1015.4,1
2021-01-09,Quang_Ngai,19.5,17.1,18.5,92,19.4,100,1017.0,1
2021-01-10,Quang_Ngai,20.0,17.4,18.3,88,16.3,100,1016.3,1
2021-01-11,Quang_Ngai,19.9,15.9,17.9,80,23.5,100,1018.8,1
2021-01-12,Quang_Ngai,17.9,15.0,16.3,73,22.1,100,1019.6,1
2021-01-13,Quang_Ngai,19.8,15.1,16.9,76,12.5,82,1016.3,0
2021-01-14,Quang_Ngai,22.7,15.6,18.6,82,8.7,84,1014.4,1
2021-01-15,Quang_Ngai,24.0,14.9,19.1,86,9.3,42,1012.5,1
2021-01-16,Quang_Ngai,25.2,15.8,20.0,86,12.6,42,1012.6,1
2021-01-17,Quang_Ngai,23.9,18.6,20.6,87,20.5,85,1016.6,1
2021-01-18,Quang_Ngai,21.9,16.4,19.2,78,25.6,67,1018.3,1
2021-01-19,Quang_Ngai,20.4,16.8,18.6,80,14.0,99,1015.7,1
2021-01-20,Quang_Ngai,24.4,17.2,20.3,84,14.8,69,1013.6,0
2021-01-21,Quang_Ngai,25.7,18.0,21.5,87,14.5,76,1012.2,0
2021-01-22,Quang_Ngai,25.4,19.1,21.9,85,17.2,78,1011.8,1
2021-01-23,Quang_Ngai,24.0,18.9,21.2,86,15.3,74,1012.4,1
2021-01-24,Quang_Ngai,25.5,18.8,21.6,86,10.1,47,1012.8,1
2021-01-25,Quang_Ngai,27.5,17.4,21.7,85,12.7,23,1012.7,0
2021-01-26,Quang_Ngai,25.8,17.9,21.8,85,14.8,49,1013.3,1
2021-01-27,Quang_Ngai,25.1,19.6,22.1,88,12.2,91,1013.3,1
2021-01-28,Quang_Ngai,25.4,19.2,21.6,85,20.3,75,1016.1,1
2021-01-29,Quang_Ngai,23.5,18.9,20.7,82,17.1,65,1017.0,1
2021-01-30,Quang_Ngai,23.9,18.2,20.9,87,13.0,78,1016.1,1
2021-01-31,Quang_Ngai,24.8,19.5,21.7,86,11.0,81,1015.9,1
2021-02-01,Quang_Ngai,25.9,18.0,21.5,85,14.1,61,1015.6,1
2021-02-02,Quang_Ngai,25.9,19.4,22.0,85,14.9,65,1015.9,1
2021-02-03,Quang_Ngai,25.8,20.0,22.1,85,15.0,52,1016.3,1
2021-02-04,Quang_Ngai,24.8,18.9,21.5,87,14.6,81,1016.7,1
2021-02-05,Quang_Ngai,25.4,19.8,22.1,85,14.8,57,1015.5,1
2021-02-06,Quang_Ngai,24.9,19.5,21.9,84,13.5,80,1014.2,1
2021-02-07,Quang_Ngai,25.6,19.0,22.4,85,11.9,73,1013.7,1
2021-02-08,Quang_Ngai,26.0,20.2,22.8,86,8.7,76,1013.4,1
2021-02-09,Quang_Ngai,26.1,20.3,23.0,90,21.3,90,1011.1,1
2021-02-10,Quang_Ngai,22.7,19.2,20.9,81,18.6,81,1012.0,1
2021-02-11,Quang_Ngai,24.0,18.2,20.4,75,20.5,45,1013.2,0
2021-02-12,Quang_Ngai,24.1,16.6,19.8,76,15.9,72,1014.4,0
2021-02-13,Quang_Ngai,24.4,15.4,19.5,81,11.1,57,1014.6,0
2021-02-14,Quang_Ngai,25.0,15.6,20.0,82,13.1,49,1014.6,0
2021-02-15,Quang_Ngai,25.1,15.6,20.2,82,11.5,20,1012.8,0
2021-02-16,Quang_Ngai,26.1,15.3,20.5,82,10.4,18,1012.5,0
2021-02-17,Quang_Ngai,26.5,17.7,21.7,79,17.0,35,1015.7,1
2021-02-18,Quang_Ngai,25.5,19.2,22.0,79,23.4,44,1018.5,1
2021-02-19,Quang_Ngai,25.0,19.0,21.5,78,20.0,55,1018.7,1
2021-02-20,Quang_Ngai,25.0,17.5,20.8,77,13.7,72,1017.1,1
2021-02-21,Quang_Ngai,25.5,15.9,20.8,78,11.6,62,1014.7,1
2021-02-22,Quang_Ngai,27.4,16.4,21.0,81,12.6,16,1013.1,0
2021-02-23,Quang_Ngai,27.1,16.1,21.2,80,14.7,19,1012.4,0
2021-02-24,Quang_Ngai,28.0,16.9,22.0,82,10.1,21,1010.4,0
2021-02-25,Quang_Ngai,28.4,18.3,22.8,83,13.9,35,1007.6,0
2021-02-26,Quang_Ngai,30.0,19.3,24.0,85,16.5,25,1005.9,0
2021-02-27,Quang_Ngai,29.0,20.5,24.3,84,19.7,35,1007.7,0
2021-02-28,Quang_Ngai,28.6,22.8,25.0,84,18.8,57,1010.3,1
2021-03-01,Quang_Ngai,30.3,21.5,25.5,86,15.5,39,1011.9,0
2021-03-02,Quang_Ngai,28.4,23.6,25.5,85,12.9,66,1013.6,1
2021-03-03,Quang_Ngai,28.4,22.1,24.5,84,12.2,40,1014.2,1
2021-03-04,Quang_Ngai,29.6,22.3,25.0,82,13.8,56,1013.6,1
2021-03-05,Quang_Ngai,30.8,20.4,25.0,82,20.4,9,1011.9,0
2021-03-06,Quang_Ngai,32.5,18.5,25.1,80,15.8,4,1011.9,0
2021-03-07,Quang_Ngai,29.9,22.4,25.5,84,14.0,42,1013.2,1
2021-03-08,Quang_Ngai,29.4,22.1,24.8,85,14.4,32,1014.2,1
2021-03-09,Quang_Ngai,29.0,21.1,24.6,83,12.3,22,1014.2,1
2021-03-10,Quang_Ngai,27.9,21.7,24.4,83,12.2,52,1014.1,1
2021-03-11,Quang_Ngai,29.5,21.7,24.8,82,12.7,55,1014.2,1
2021-03-12,Quang_Ngai,29.5,21.2,24.6,82,14.5,43,1014.5,1
2021-03-13,Quang_Ngai,29.1,20.5,24.4,81,14.5,40,1014.1,1
2021-03-14,Quang_Ngai,27.9,21.6,24.3,82,13.1,42,1012.2,1
2021-03-15,Quang_Ngai,29.1,20.7,24.5,80,14.5,51,1010.4,0
2021-03-16,Quang_Ngai,29.9,19.8,24.4,81,13.8,26,1009.9,0
2021-03-17,Quang_Ngai,31.1,20.0,24.9,80,15.5,36,1009.6,0
2021-03-18,Quang_Ngai,32.5,21.2,25.9,80,15.7,88,1009.1,0
2021-03-19,Quang_Ngai,31.4,22.1,26.0,81,17.1,51,1008.2,0
2021-03-20,Quang_Ngai,32.3,21.5,26.5,81,17.8,61,1007.0,0
2021-03-21,Quang_Ngai,30.8,23.8,26.8,81,16.0,58,1009.4,1
2021-03-22,Quang_Ngai,27.8,22.5,24.4,88,22.9,89,1014.9,1
2021-03-23,Quang_Ngai,26.8,21.7,23.7,85,17.3,65,1015.0,1
2021-03-24,Quang_Ngai,25.5,21.3,23.1,89,12.2,80,1012.5,1
2021-03-25,Quang_Ngai,28.5,22.0,24.7,85,12.1,69,1011.4,1
2021-03-26,Quang_Ngai,28.5,22.3,25.2,87,15.3,65,1010.3,1
2021-03-27,Quang_Ngai,30.7,21.9,26.0,84,17.3,60,1008.2,0
2021-03-28,Quang_Ngai,32.2,21.4,26.3,82,14.7,81,1006.9,0
2021-03-29,Quang_Ngai,32.7,22.9,26.7,81,16.9,62,1005.2,0
2021-03-30,Quang_Ngai,32.5,22.5,26.7,82,14.6,21,1003.6,0
2021-03-31,Quang_Ngai,32.7,22.9,27.1,83,17.0,6,1003.0,0
2021-04-01,Quang_Ngai,33.3,23.9,27.8,83,15.8,11,1003.6,0
2021-04-02,Quang_Ngai,32.9,24.5,27.8,82,15.4,17,1005.5,0
2021-04-03,Quang_Ngai,31.9,24.5,27.2,81,18.8,18,1007.4,0
2021-04-04,Quang_Ngai,31.9,24.1,27.1,78,14.9,27,1009.5,1
2021-04-05,Quang_Ngai,31.5,23.0,26.4,79,13.4,68,1011.8,1
2021-04-06,Quang_Ngai,30.8,23.5,26.3,82,12.3,51,1012.2,1
2021-04-07,Quang_Ngai,30.5,23.5,26.5,81,12.4,43,1011.4,1
2021-04-08,Quang_Ngai,31.5,23.6,26.7,81,13.0,36,1009.6,1
2021-04-09,Quang_Ngai,30.5,23.2,26.4,80,14.9,45,1010.4,1
2021-04-10,Quang_Ngai,29.9,23.1,25.9,84,12.1,65,1012.3,1
2021-04-11,Quang_Ngai,31.1,23.5,26.4,80,13.4,44,1013.0,1
2021-04-12,Quang_Ngai,31.1,23.4,26.7,80,14.3,73,1012.2,1
2021-04-13,Quang_Ngai,31.9,22.6,26.8,81,15.8,39,1010.6,0
2021-04-14,Quang_Ngai,32.4,24.4,27.4,79,16.7,67,1009.3,0
2021-04-15,Quang_Ngai,32.0,23.5,27.2,78,15.8,37,1008.6,0
2021-04-16,Quang_Ngai,32.2,23.5,27.2,78,19.7,49,1008.8,0
2021-04-17,Quang_Ngai,32.2,22.0,26.8,74,15.7,68,1010.9,0
2021-04-18,Quang_Ngai,34.0,22.9,27.4,73,16.1,56,1010.3,0
2021-04-19,Quang_Ngai,32.8,23.5,27.8,75,16.3,52,1008.1,1
2021-04-20,Quang_Ngai,33.0,24.9,28.1,79,15.6,78,1007.7,1
2021-04-21,Quang_Ngai,32.3,24.8,27.5,83,14.3,95,1008.4,1
2021-04-22,Quang_Ngai,32.5,23.8,27.9,79,15.3,86,1007.3,1
2021-04-23,Quang_Ngai,33.4,24.5,28.4,79,18.0,44,1005.8,0
2021-04-24,Quang_Ngai,34.3,24.6,29.0,78,14.2,45,1005.8,0
2021-04-25,Quang_Ngai,35.7,25.5,30.1,76,15.5,52,1006.6,1
2021-04-26,Quang_Ngai,34.7,25.5,29.2,80,23.6,59,1007.4,0
2021-04-27,Quang_Ngai,32.8,24.8,28.1,79,16.5,91,1009.9,1
2021-04-28,Quang_Ngai,33.8,24.1,28.3,74,15.6,55,1011.1,0
2021-04-29,Quang_Ngai,33.2,23.5,28.3,72,11.9,49,1010.8,1
2021-04-30,Quang_Ngai,32.7,23.8,28.0,75,12.6,35,1010.2,1
2021-05-01,Quang_Ngai,33.8,23.9,28.6,74,18.7,46,1009.9,1
2021-05-02,Quang_Ngai,34.5,24.6,29.0,75,19.5,55,1009.5,1
2021-05-03,Quang_Ngai,34.0,25.1,29.0,71,20.0,62,1008.1,0
2021-05-04,Quang_Ngai,35.2,23.0,28.8,71,20.3,32,1007.6,0
2021-05-05,Quang_Ngai,35.0,23.5,29.0,75,19.7,64,1008.7,1
2021-05-06,Quang_Ngai,33.8,25.0,28.7,76,15.5,71,1011.1,1
2021-05-07,Quang_Ngai,34.5,24.6,28.9,72,14.8,72,1010.6,1
2021-05-08,Quang_Ngai,35.2,23.6,28.7,73,16.2,52,1008.2,0
2021-05-09,Quang_Ngai,35.5,22.6,29.0,74,20.0,41,1006.6,0
2021-05-10,Quang_Ngai,36.8,24.5,30.0,73,22.3,47,1005.9,0
2021-05-11,Quang_Ngai,35.4,25.9,30.2,73,20.2,58,1005.4,1
2021-05-12,Quang_Ngai,36.5,26.4,30.4,72,21.4,70,1005.0,1
2021-05-13,Quang_Ngai,35.6,26.3,30.2,73,22.4,43,1005.0,1
2021-05-14,Quang_Ngai,34.7,26.6,30.2,73,22.6,72,1005.4,1
2021-05-15,Quang_Ngai,35.9,26.8,30.3,71,23.8,40,1006.0,0
2021-05-16,Quang_Ngai,35.9,24.0,29.9,71,19.2,27,1006.1,1
2021-05-17,Quang_Ngai,35.0,26.6,30.2,74,23.6,19,1006.5,0
2021-05-18,Quang_Ngai,35.2,26.2,30.4,71,21.3,69,1006.5,1
2021-05-19,Quang_Ngai,35.2,26.0,30.4,71,24.2,70,1005.5,0
2021-05-20,Quang_Ngai,36.5,25.8,30.9,66,18.7,77,1005.3,0
2021-05-21,Quang_Ngai,36.8,26.5,31.3,67,19.3,56,1004.8,0
2021-05-22,Quang_Ngai,36.6,26.7,31.3,68,13.5,29,1003.4,1
2021-05-23,Quang_Ngai,36.2,26.9,31.1,70,13.4,35,1003.4,1
2021-05-24,Quang_Ngai,34.0,25.8,29.3,77,15.2,41,1005.0,1
2021-05-25,Quang_Ngai,33.8,26.4,29.6,75,19.6,33,1005.2,1
2021-05-26,Quang_Ngai,33.7,26.2,29.4,74,18.1,33,1004.9,1
2021-05-27,Quang_Ngai,33.8,25.6,29.4,76,20.9,34,1005.5,1
2021-05-28,Quang_Ngai,36.7,26.5,30.8,71,16.7,69,1006.7,1
2021-05-29,Quang_Ngai,36.8,27.2,30.9,75,13.4,46,1006.0,1
2021-05-30,Quang_Ngai,37.3,27.6,32.0,68,14.8,32,1004.4,1
2021-05-31,Quang_Ngai,39.1,27.9,32.5,66,14.2,33,1002.9,1
2021-06-01,Quang_Ngai,39.2,27.6,32.5,66,14.0,46,1003.3,0
2021-06-02,Quang_Ngai,37.8,28.4,32.5,69,16.1,70,1003.7,0
2021-06-03,Quang_Ngai,38.8,27.4,33.0,64,12.4,86,1003.9,1
2021-06-04,Quang_Ngai,40.2,28.6,33.4,57,14.7,72,1003.8,1
2021-06-05,Quang_Ngai,36.9,27.4,30.4,76,13.0,81,1004.4,1
2021-06-06,Quang_Ngai,37.5,26.4,30.8,69,9.2,92,1003.5,1
2021-06-07,Quang_Ngai,37.2,26.8,30.7,72,8.6,98,1003.9,1
2021-06-08,Quang_Ngai,34.8,26.9,29.4,78,7.7,97,1004.8,1
2021-06-09,Quang_Ngai,33.0,26.5,28.9,80,10.5,99,1004.3,1
2021-06-10,Quang_Ngai,33.7,25.7,28.9,81,9.7,91,1002.5,1
2021-06-11,Quang_Ngai,30.2,25.8,28.0,84,7.2,100,1001.5,1
2021-06-12,Quang_Ngai,30.0,26.0,27.5,87,6.6,100,1001.0,1
2021-06-13,Quang_Ngai,35.3,24.6,29.6,70,13.2,82,1003.0,1
2021-06-14,Quang_Ngai,36.2,26.0,30.2,66,12.8,64,1003.9,1
2021-06-15,Quang_Ngai,36.8,25.5,30.8,66,8.8,40,1002.9,1
2021-06-16,Quang_Ngai,37.1,27.0,31.5,65,10.7,19,1004.3,1
2021-06-17,Quang_Ngai,37.0,27.0,31.0,66,11.7,15,1005.9,1
2021-06-18,Quang_Ngai,37.2,25.9,31.1,68,12.1,18,1006.1,0
2021-06-19,Quang_Ngai,37.8,26.8,31.6,65,18.0,40,1004.6,0
2021-06-20,Quang_Ngai,38.1,27.2,32.1,60,16.2,61,1002.4,0
2021-06-21,Quang_Ngai,38.3,27.5,32.6,57,16.6,44,1002.0,1
2021-06-22,Quang_Ngai,37.9,28.0,32.0,60,15.3,74,1003.8,1
2021-06-23,Quang_Ngai,38.8,26.8,31.9,62,12.3,88,1004.4,1
2021-06-24,Quang_Ngai,38.3,27.5,31.7,62,12.6,79,1003.8,1
2021-06-25,Quang_Ngai,37.8,27.0,31.3,66,11.8,80,1003.4,1
2021-06-26,Quang_Ngai,36.2,27.3,30.9,69,12.2,89,1004.9,1
2021-06-27,Quang_Ngai,38.2,26.8,31.6,65,16.8,19,1005.5,0
2021-06-28,Quang_Ngai,38.5,26.3,31.7,64,14.3,79,1003.7,1
2021-06-29,Quang_Ngai,39.2,26.8,32.1,61,17.7,73,1003.1,1
2021-06-30,Quang_Ngai,38.9,27.2,32.0,59,21.6,67,1003.3,1
2021-07-01,Quang_Ngai,38.9,27.1,31.8,59,14.8,52,1003.9,0
2021-07-02,Quang_Ngai,38.2,27.5,32.3,59,15.9,48,1004.7,1
2021-07-03,Quang_Ngai,39.0,27.1,32.2,62,16.8,40,1004.1,0
2021-07-04,Quang_Ngai,37.4,26.8,31.5,64,15.3,75,1003.3,0
2021-07-05,Quang_Ngai,36.2,27.4,31.1,67,13.0,98,1002.7,0
2021-07-06,Quang_Ngai,29.5,26.6,27.8,85,14.5,100,1002.3,1
2021-07-07,Quang_Ngai,33.2,25.8,29.1,79,11.0,97,1002.8,1
2021-07-08,Quang_Ngai,30.5,26.8,28.4,78,17.3,83,1004.8,1
2021-07-09,Quang_Ngai,32.2,25.5,28.6,75,24.5,47,1006.0,1
2021-07-10,Quang_Ngai,33.5,25.1,28.7,75,20.6,19,1006.6,1
2021-07-11,Quang_Ngai,34.3,24.7,29.1,75,18.8,28,1007.9,1
2021-07-12,Quang_Ngai,34.5,25.8,29.5,73,18.3,53,1007.8,1
2021-07-13,Quang_Ngai,34.1,26.0,29.3,73,18.2,67,1006.3,1
2021-07-14,Quang_Ngai,34.5,25.6,29.6,72,19.0,50,1005.2,1
2021-07-15,Quang_Ngai,34.0,26.1,29.6,71,17.4,57,1006.2,1
2021-07-16,Quang_Ngai,35.3,25.7,28.9,77,11.9,69,1006.7,1
2021-07-17,Quang_Ngai,35.2,24.5,29.4,74,10.7,21,1004.0,1
2021-07-18,Quang_Ngai,36.4,26.3,29.3,78,12.9,62,1001.9,1
2021-07-19,Quang_Ngai,34.4,25.8,29.8,75,12.9,69,1001.7,1
2021-07-20,Quang_Ngai,35.7,26.1,30.1,72,11.6,97,1002.1,1
2021-07-21,Quang_Ngai,36.1,25.7,30.6,66,8.1,88,1001.7,1
2021-07-22,Quang_Ngai,36.4,26.4,31.1,63,8.5,98,1000.6,0
2021-07-23,Quang_Ngai,35.3,27.9,30.5,65,8.8,94,999.6,1
2021-07-24,Quang_Ngai,36.6,26.0,30.2,66,16.6,76,998.6,1
2021-07-25,Quang_Ngai,38.0,26.5,31.5,55,14.4,67,998.7,1
2021-07-26,Quang_Ngai,38.3,27.1,32.1,56,12.4,45,999.5,1
2021-07-27,Quang_Ngai,39.2,26.6,32.5,59,14.1,57,998.9,1
2021-07-28,Quang_Ngai,39.8,27.5,32.7,57,12.2,66,998.6,1
2021-07-29,Quang_Ngai,39.3,27.5,32.6,60,10.2,77,999.6,1
2021-07-30,Quang_Ngai,38.5,27.8,32.8,61,11.2,58,1000.9,1
2021-07-31,Quang_Ngai,39.0,28.4,33.3,53,12.4,92,1000.8,1
2021-08-01,Quang_Ngai,40.2,28.2,33.8,50,11.8,95,999.3,1
2021-08-02,Quang_Ngai,39.3,28.7,33.4,52,14.4,99,999.4,1
2021-08-03,Quang_Ngai,38.2,29.8,33.5,49,13.3,99,999.9,1
2021-08-04,Quang_Ngai,38.0,28.8,33.3,49,13.7,98,1000.5,0
2021-08-05,Quang_Ngai,40.3,28.9,33.9,49,12.4,98,1000.1,1
2021-08-06,Quang_Ngai,40.6,29.6,34.0,50,12.0,99,1001.0,1
2021-08-07,Quang_Ngai,40.8,29.4,34.0,53,13.7,98,1002.2,1
2021-08-08,Quang_Ngai,39.8,29.5,33.4,56,16.1,96,1003.0,1
2021-08-09,Quang_Ngai,38.9,29.4,33.4,57,14.8,77,1002.7,1
2021-08-10,Quang_Ngai,38.8,28.6,32.5,63,12.2,79,1002.3,1
2021-08-11,Quang_Ngai,38.0,28.3,30.9,72,11.0,80,1004.7,1
2021-08-12,Quang_Ngai,37.5,27.4,30.8,71,15.4,92,1006.9,1
2021-08-13,Quang_Ngai,36.8,26.0,30.0,77,16.3,80,1004.5,1
2021-08-14,Quang_Ngai,37.8,26.6,30.9,70,7.8,78,1003.3,1
2021-08-15,Quang_Ngai,36.5,28.0,31.1,68,19.6,49,1006.0,0
2021-08-16,Quang_Ngai,36.2,26.0,30.3,74,14.5,13,1009.6,1
2021-08-17,Quang_Ngai,35.2,25.1,29.7,73,15.3,9,1008.8,1
2021-08-18,Quang_Ngai,36.5,24.9,30.2,67,15.5,2,1006.4,0
2021-08-19,Quang_Ngai,36.0,25.0,29.9,69,18.0,58,1005.9,0
2021-08-20,Quang_Ngai,35.0,26.2,29.9,72,17.7,48,1007.0,0
2021-08-21,Quang_Ngai,37.2,25.4,30.5,69,16.2,23,1006.7,0
2021-08-22,Quang_Ngai,36.1,26.0,30.6,67,14.1,54,1005.5,1
2021-08-23,Quang_Ngai,38.0,25.7,30.3,69,12.3,54,1004.3,1
2021-08-24,Quang_Ngai,35.8,25.4,30.3,69,13.2,49,1004.1,1
2021-08-25,Quang_Ngai,36.2,26.5,30.1,70,15.8,50,1004.5,1
2021-08-26,Quang_Ngai,33.5,25.7,28.8,77,17.6,73,1005.9,1
2021-08-27,Quang_Ngai,32.5,25.0,27.6,81,15.3,80,1007.2,1
2021-08-28,Quang_Ngai,33.0,24.6,27.9,78,14.3,69,1006.9,1
2021-08-29,Quang_Ngai,30.0,24.2,26.6,87,14.5,88,1007.1,1
2021-08-30,Quang_Ngai,31.4,24.2,27.3,85,9.5,96,1007.6,1
2021-08-31,Quang_Ngai,30.8,25.3,27.3,87,9.8,95,1007.9,1
2021-09-01,Quang_Ngai,32.8,24.2,27.7,83,9.3,73,1007.1,1
2021-09-02,Quang_Ngai,32.7,24.5,27.8,85,11.6,98,1006.2,1
2021-09-03,Quang_Ngai,28.5,25.4,26.7,86,8.9,100,1005.5,1
2021-09-04,Quang_Ngai,30.5,24.4,26.9,87,8.3,99,1005.5,1
2021-09-05,Quang_Ngai,31.6,24.7,27.5,85,10.0,60,1006.6,1
2021-09-06,Quang_Ngai,30.5,25.0,27.0,88,13.4,75,1007.7,1
2021-09-07,Quang_Ngai,27.0,24.5,25.6,93,6.8,99,1006.8,1
2021-09-08,Quang_Ngai,30.3,24.4,27.0,85,14.8,92,1005.3,1
2021-09-09,Quang_Ngai,31.6,24.3,27.3,86,9.7,86,1006.3,1
2021-09-10,Quang_Ngai,28.9,23.4,26.0,89,17.3,100,1004.8,1
2021-09-11,Quang_Ngai,25.8,24.4,25.1,88,33.2,100,997.8,1
2021-09-12,Quang_Ngai,26.9,24.8,25.6,91,30.3,99,996.8,1
2021-09-13,Quang_Ngai,30.6,24.8,27.3,86,12.0,74,1001.8,1
2021-09-14,Quang_Ngai,31.4,24.8,27.9,86,20.1,73,1006.2,1
2021-09-15,Quang_Ngai,31.1,25.4,27.9,83,21.8,84,1008.9,1
2021-09-16,Quang_Ngai,31.6,24.1,27.5,84,18.1,96,1008.5,1
2021-09-17,Quang_Ngai,31.9,24.0,27.7,86,11.3,32,1007.5,1
2021-09-18,Quang_Ngai,31.4,25.1,27.4,87,11.4,88,1008.0,1
2021-09-19,Quang_Ngai,29.1,24.9,26.3,90,13.6,88,1007.8,1
2021-09-20,Quang_Ngai,29.9,24.1,26.3,91,9.2,86,1007.1,1
2021-09-21,Quang_Ngai,29.6,24.2,26.5,90,8.9,88,1006.7,1
2021-09-22,Quang_Ngai,30.5,24.4,26.9,88,9.3,68,1006.8,1
2021-09-23,Quang_Ngai,25.8,24.0,25.0,95,17.2,98,1004.9,1
2021-09-24,Quang_Ngai,29.4,24.9,26.5,87,21.9,98,1005.6,1
2021-09-25,Quang_Ngai,29.3,24.0,26.2,90,15.1,92,1007.4,1
2021-09-26,Quang_Ngai,30.5,24.1,26.8,88,11.0,53,1007.8,1
2021-09-27,Quang_Ngai,31.2,23.9,26.9,84,12.2,17,1008.0,1
2021-09-28,Quang_Ngai,31.0,23.7,26.9,86,12.0,62,1007.9,1
2021-09-29,Quang_Ngai,31.2,24.9,27.4,86,11.7,37,1007.2,1
2021-09-30,Quang_Ngai,31.4,24.4,27.3,85,12.8,33,1007.5,1
2021-10-01,Quang_Ngai,31.0,24.0,27.2,86,12.5,39,1007.7,1
2021-10-02,Quang_Ngai,31.2,23.5,27.0,86,10.8,83,1008.2,1
2021-10-03,Quang_Ngai,31.0,24.2,27.3,82,9.9,63,1008.3,1
2021-10-04,Quang_Ngai,29.9,24.0,26.2,89,18.8,80,1007.3,1
2021-10-05,Quang_Ngai,29.4,24.2,26.4,91,14.4,83,1006.3,1
2021-10-06,Quang_Ngai,25.6,23.6,24.8,96,17.5,100,1002.7,1
2021-10-07,Quang_Ngai,26.6,23.2,25.0,93,13.9,100,999.0,1
2021-10-08,Quang_Ngai,30.0,24.5,26.8,87,11.4,100,998.8,1
2021-10-09,Quang_Ngai,33.8,23.9,28.1,82,12.6,93,1001.0,1
2021-10-10,Quang_Ngai,31.4,25.2,27.7,86,10.8,70,1002.4,1
2021-10-11,Quang_Ngai,31.3,24.9,27.1,89,12.9,81,1003.4,1
2021-10-12,Quang_Ngai,30.0,24.0,26.5,84,27.1,99,1002.5,1
2021-10-13,Quang_Ngai,27.8,23.3,25.3,81,11.8,100,999.8,1
2021-10-14,Quang_Ngai,28.6,23.1,25.5,91,5.7,100,1002.8,1
2021-10-15,Quang_Ngai,29.5,24.1,26.0,91,9.3,100,1005.3,1
2021-10-16,Quang_Ngai,29.0,23.7,25.3,91,18.9,100,1006.8,1
2021-10-17,Quang_Ngai,28.3,24.7,25.8,90,27.9,100,1006.6,1
2021-10-18,Quang_Ngai,29.4,24.0,26.2,89,11.5,100,1010.9,1
2021-10-19,Quang_Ngai,29.7,24.6,25.6,92,11.1,97,1013.3,1
2021-10-20,Quang_Ngai,30.6,23.6,26.3,89,9.0,82,1012.4,1
2021-10-21,Quang_Ngai,31.1,22.1,26.2,87,11.7,61,1010.8,1
2021-10-22,Quang_Ngai,29.1,22.8,25.1,90,15.7,92,1012.7,1
2021-10-23,Quang_Ngai,25.0,23.2,24.1,95,17.9,100,1013.8,1
2021-10-24,Quang_Ngai,25.3,22.5,23.9,93,15.9,99,1013.4,1
2021-10-25,Quang_Ngai,27.8,23.0,24.8,83,23.9,85,1011.8,1
2021-10-26,Quang_Ngai,26.4,22.2,23.9,89,22.8,100,1010.2,1
2021-10-27,Quang_Ngai,26.0,23.5,24.5,95,17.3,100,1009.7,1
2021-10-28,Quang_Ngai,27.7,22.9,24.7,93,13.4,97,1011.6,1
2021-10-29,Quang_Ngai,28.3,23.4,25.1,91,13.5,95,1013.0,1
2021-10-30,Quang_Ngai,29.1,23.1,25.2,89,9.8,96,1013.2,1
2021-10-31,Quang_Ngai,29.9,22.7,25.4,89,11.5,73,1013.0,1
2021-11-01,Quang_Ngai,29.2,23.3,25.7,88,11.8,59,1012.9,1
2021-11-02,Quang_Ngai,29.0,23.2,25.7,87,12.0,70,1012.7,1
2021-11-03,Quang_Ngai,28.9,23.1,25.7,87,14.7,84,1011.9,1
2021-11-04,Quang_Ngai,29.0,22.6,25.6,87,11.3,67,1011.1,1
2021-11-05,Quang_Ngai,29.4,23.1,25.9,87,9.8,51,1009.3,1
2021-11-06,Quang_Ngai,31.2,22.5,26.1,85,11.5,36,1007.2,0
2021-11-07,Quang_Ngai,30.0,23.0,26.4,83,10.8,59,1008.4,1
2021-11-08,Quang_Ngai,25.8,23.4,24.4,93,16.8,97,1011.1,1
2021-11-09,Quang_Ngai,24.8,22.5,23.6,90,22.3,100,1013.3,1
2021-11-10,Quang_Ngai,23.5,21.9,22.7,93,19.5,100,1013.5,1
2021-11-11,Quang_Ngai,24.8,21.8,22.9,90,14.0,99,1012.8,1
2021-11-12,Quang_Ngai,26.7,22.3,24.0,87,17.0,100,1013.3,1
2021-11-13,Quang_Ngai,23.9,21.1,22.7,93,25.2,100,1012.6,1
2021-11-14,Quang_Ngai,23.5,21.2,22.5,93,11.3,100,1012.7,1
2021-11-15,Quang_Ngai,24.9,22.5,23.7,95,11.3,95,1010.9,1
2021-11-16,Quang_Ngai,26.1,22.6,24.2,93,11.4,100,1011.1,1
2021-11-17,Quang_Ngai,26.8,23.0,24.5,93,14.6,100,1011.3,1
2021-11-18,Quang_Ngai,27.4,22.5,24.2,92,15.8,89,1010.4,1
2021-11-19,Quang_Ngai,28.3,22.2,24.7,86,11.2,53,1008.9,1
2021-11-20,Quang_Ngai,29.1,21.7,25.0,86,11.9,69,1008.4,1
2021-11-21,Quang_Ngai,29.0,21.8,25.2,88,11.3,68,1009.8,1
2021-11-22,Quang_Ngai,28.3,23.1,24.8,90,15.4,90,1011.5,1
2021-11-23,Quang_Ngai,26.1,22.2,23.6,90,19.3,97,1013.7,1
2021-11-24,Quang_Ngai,23.9,22.6,23.1,93,20.3,100,1014.2,1
2021-11-25,Quang_Ngai,25.5,21.8,23.2,87,18.3,87,1014.0,1
2021-11-26,Quang_Ngai,26.6,20.5,23.5,78,22.9,86,1013.6,1
2021-11-27,Quang_Ngai,24.0,21.4,22.7,90,18.7,100,1013.4,1
2021-11-28,Quang_Ngai,24.5,23.4,23.9,93,21.4,100,1011.8,1
2021-11-29,Quang_Ngai,25.0,23.6,24.1,93,20.6,100,1011.2,1
2021-11-30,Quang_Ngai,23.8,21.9,23.0,89,21.7,99,1013.4,1
2021-12-01,Quang_Ngai,25.0,20.5,22.4,78,24.9,78,1016.0,1
2021-12-02,Quang_Ngai,24.0,19.9,21.5,80,20.3,92,1016.4,1
2021-12-03,Quang_Ngai,24.5,18.6,20.9,77,20.7,72,1017.3,1
2021-12-04,Quang_Ngai,24.5,17.2,20.8,68,19.5,90,1016.9,1
2021-12-05,Quang_Ngai,22.0,18.3,20.2,84,14.3,99,1015.4,1
2021-12-06,Quang_Ngai,22.0,18.9,20.2,86,16.0,100,1015.7,1
2021-12-07,Quang_Ngai,24.8,18.0,21.1,78,17.4,73,1016.0,1
2021-12-08,Quang_Ngai,24.3,19.5,21.3,85,14.3,91,1015.3,1
2021-12-09,Quang_Ngai,26.5,20.4,22.7,86,16.6,66,1016.7,1
2021-12-10,Quang_Ngai,26.5,19.7,22.3,82,16.3,36,1016.1,1
2021-12-11,Quang_Ngai,24.9,19.4,22.1,85,17.7,76,1015.7,1
2021-12-12,Quang_Ngai,25.4,20.6,22.5,86,19.0,84,1016.0,1
2021-12-13,Quang_Ngai,24.5,20.2,21.6,88,17.4,91,1015.9,1
2021-12-14,Quang_Ngai,24.6,20.3,21.9,90,17.3,100,1013.9,1
2021-12-15,Quang_Ngai,25.8,21.4,23.0,90,11.5,93,1012.1,1
2021-12-16,Quang_Ngai,27.8,21.1,23.8,88,13.4,66,1012.0,1
2021-12-17,Quang_Ngai,26.5,21.3,23.1,88,23.4,97,1013.7,1
2021-12-18,Quang_Ngai,25.2,20.9,22.7,84,24.2,97,1014.6,1
2021-12-19,Quang_Ngai,21.2,19.6,20.4,90,27.4,100,1012.6,1
2021-12-20,Quang_Ngai,27.0,19.6,22.1,76,20.3,97,1011.3,1
2021-12-21,Quang_Ngai,25.0,19.8,21.9,80,15.2,100,1013.6,0
2021-12-22,Quang_Ngai,25.2,20.9,22.4,84,15.9,92,1013.6,1
2021-12-23,Quang_Ngai,26.5,20.0,22.7,87,11.2,84,1012.9,1
2021-12-24,Quang_Ngai,27.9,20.4,23.3,86,12.2,63,1012.9,1
2021-12-25,Quang_Ngai,26.0,20.0,22.4,92,10.5,89,1014.3,1
2021-12-26,Quang_Ngai,25.6,21.5,22.8,91,13.4,95,1015.6,1
2021-12-27,Quang_Ngai,23.6,20.8,22.4,94,15.8,99,1016.2,1
2021-12-28,Quang_Ngai,24.3,19.9,21.9,90,14.5,99,1016.9,1
2021-12-29,Quang_Ngai,26.2,21.1,23.0,86,17.4,70,1017.2,1
2021-12-30,Quang_Ngai,25.1,20.5,22.2,87,19.0,85,1019.0,1
2021-12-31,Quang_Ngai,26.1,19.8,22.2,81,16.6,73,1018.9,1
2021-01-01,Gia_Lai,20.3,14.1,16.3,70,28.3,85,929.9,0
2021-01-02,Gia_Lai,24.7,14.0,18.4,69,24.7,61,929.5,0
2021-01-03,Gia_Lai,24.7,15.7,19.3,72,28.5,40,929.4,0
2021-01-04,Gia_Lai,26.6,17.9,21.1,72,30.8,85,929.1,0
2021-01-05,Gia_Lai,25.5,17.9,21.2,73,29.6,72,929.7,0
2021-01-06,Gia_Lai,25.1,17.6,20.5,75,30.9,39,928.8,0
2021-01-07,Gia_Lai,26.0,17.0,20.5,75,22.8,46,928.3,0
2021-01-08,Gia_Lai,25.2,16.1,19.8,72,30.1,47,928.9,0
2021-01-09,Gia_Lai,24.1,15.4,18.3,68,30.0,57,928.9,0
2021-01-10,Gia_Lai,24.0,15.1,18.2,71,28.7,30,929.1,0
2021-01-11,Gia_Lai,24.0,13.1,17.6,70,25.6,48,930.1,0
2021-01-12,Gia_Lai,22.6,12.1,16.1,64,29.0,35,930.1,0
2021-01-13,Gia_Lai,22.9,10.9,15.9,68,18.8,6,928.7,0
2021-01-14,Gia_Lai,24.2,11.4,16.8,74,17.7,37,928.3,0
2021-01-15,Gia_Lai,24.9,12.9,18.0,71,19.1,20,927.2,0
2021-01-16,Gia_Lai,26.6,13.9,19.2,65,21.2,9,927.6,0
2021-01-17,Gia_Lai,24.9,14.8,18.7,67,26.2,63,930.2,0
2021-01-18,Gia_Lai,22.3,13.1,17.4,65,30.7,32,930.4,0
2021-01-19,Gia_Lai,23.6,12.4,17.4,69,23.0,44,928.8,0
2021-01-20,Gia_Lai,25.2,15.3,19.6,73,18.1,51,928.7,0
2021-01-21,Gia_Lai,26.0,14.8,20.1,74,15.3,57,927.9,0
2021-01-22,Gia_Lai,26.1,17.4,21.1,73,15.9,64,927.5,0
2021-01-23,Gia_Lai,26.3,17.1,21.0,74,16.8,58,928.0,0
2021-01-24,Gia_Lai,27.5,16.0,20.9,78,17.7,34,928.7,0
2021-01-25,Gia_Lai,29.4,16.6,21.7,72,19.8,44,928.4,0
2021-01-26,Gia_Lai,27.5,17.0,21.3,61,21.5,44,928.4,0
2021-01-27,Gia_Lai,28.2,17.5,21.6,69,20.9,81,928.7,0
2021-01-28,Gia_Lai,27.0,16.6,20.6,70,24.8,65,930.1,0
2021-01-29,Gia_Lai,24.8,15.5,18.9,67,27.1,53,930.3,0
2021-01-30,Gia_Lai,26.0,14.5,19.3,66,24.1,86,930.4,0
2021-01-31,Gia_Lai,26.4,15.9,19.8,70,23.1,69,930.6,0
2021-02-01,Gia_Lai,27.5,15.2,20.4,66,20.0,20,930.5,0
2021-02-02,Gia_Lai,27.1,15.6,20.3,65,22.5,63,930.6,0
2021-02-03,Gia_Lai,26.7,16.5,20.3,65,25.1,16,930.7,0
2021-02-04,Gia_Lai,26.8,16.1,20.2,65,24.7,53,931.1,0
2021-02-05,Gia_Lai,27.5,16.0,20.3,70,23.8,15,930.3,0
2021-02-06,Gia_Lai,27.4,15.6,20.4,68,24.1,29,929.1,0
2021-02-07,Gia_Lai,28.6,17.3,21.7,70,20.7,52,929.4,0
2021-02-08,Gia_Lai,26.6,18.0,21.3,71,24.5,40,929.0,0
2021-02-09,Gia_Lai,26.5,18.2,21.8,73,20.0,61,927.7,0
2021-02-10,Gia_Lai,25.5,17.2,20.7,85,14.8,59,927.5,1
2021-02-11,Gia_Lai,26.0,15.4,19.5,79,17.7,66,927.8,0
2021-02-12,Gia_Lai,27.2,12.9,19.0,72,22.0,59,928.6,0
2021-02-13,Gia_Lai,26.8,13.4,19.0,66,21.3,36,929.2,0
2021-02-14,Gia_Lai,28.0,13.3,19.8,65,21.5,45,929.5,0
2021-02-15,Gia_Lai,28.0,13.8,20.0,67,19.2,23,928.2,0
2021-02-16,Gia_Lai,27.5,15.2,20.5,65,18.6,0,928.1,0
2021-02-17,Gia_Lai,26.0,15.4,20.0,59,25.7,3,930.3,0
2021-02-18,Gia_Lai,25.1,15.3,19.2,64,33.7,24,932.2,0
2021-02-19,Gia_Lai,25.2,15.4,19.1,66,28.4,13,932.5,0
2021-02-20,Gia_Lai,25.0,13.6,18.5,65,22.9,26,931.0,0
2021-02-21,Gia_Lai,26.3,13.3,19.1,66,19.9,34,929.8,0
2021-02-22,Gia_Lai,29.5,12.9,20.3,63,19.4,17,928.5,0
2021-02-23,Gia_Lai,30.9,14.4,21.6,57,18.7,5,927.7,0
2021-02-24,Gia_Lai,30.5,15.8,22.3,57,17.6,19,926.8,0
2021-02-25,Gia_Lai,30.3,16.1,23.3,61,10.2,30,925.6,0
2021-02-26,Gia_Lai,31.5,18.0,24.4,63,13.6,24,924.9,0
2021-02-27,Gia_Lai,31.1,19.5,24.5,59,22.0,16,926.0,0
2021-02-28,Gia_Lai,30.6,19.0,23.6,71,21.8,30,927.9,0
2021-03-01,Gia_Lai,30.1,19.0,24.0,75,18.0,37,930.1,1
2021-03-02,Gia_Lai,29.9,20.0,24.0,73,22.9,19,930.6,1
2021-03-03,Gia_Lai,28.9,18.8,22.8,70,26.3,5,930.4,0
2021-03-04,Gia_Lai,30.6,18.6,23.6,66,19.2,2,930.8,0
2021-03-05,Gia_Lai,31.5,18.4,24.1,61,18.2,5,930.1,0
2021-03-06,Gia_Lai,32.7,17.7,25.1,51,18.4,2,930.7,0
2021-03-07,Gia_Lai,30.8,19.2,24.1,60,21.3,18,930.5,0
2021-03-08,Gia_Lai,29.4,18.3,23.0,67,23.3,7,930.9,0
2021-03-09,Gia_Lai,29.6,17.7,22.7,66,20.9,11,930.7,0
2021-03-10,Gia_Lai,29.9,17.2,22.6,67,22.3,42,930.4,0
2021-03-11,Gia_Lai,29.6,17.8,22.7,67,22.8,20,930.6,1
2021-03-12,Gia_Lai,29.6,18.1,23.0,63,24.1,18,930.7,0
2021-03-13,Gia_Lai,30.1,17.4,23.1,59,21.2,10,930.1,0
2021-03-14,Gia_Lai,30.5,16.8,22.7,62,24.5,14,928.5,0
2021-03-15,Gia_Lai,32.2,17.3,23.7,60,19.9,55,927.6,0
2021-03-16,Gia_Lai,31.8,18.0,24.1,61,18.7,33,927.4,0
2021-03-17,Gia_Lai,32.2,18.1,24.4,56,19.6,58,927.3,0
2021-03-18,Gia_Lai,33.2,18.6,24.9,63,22.8,65,927.2,0
2021-03-19,Gia_Lai,33.8,19.5,25.4,67,17.3,40,926.7,1
2021-03-20,Gia_Lai,31.9,20.2,25.6,70,15.3,76,925.9,1
2021-03-21,Gia_Lai,33.0,19.9,25.3,69,22.1,57,927.1,1
2021-03-22,Gia_Lai,29.5,19.4,23.5,65,34.3,55,929.8,0
2021-03-23,Gia_Lai,29.0,19.2,23.0,65,34.4,40,930.0,0
2021-03-24,Gia_Lai,30.2,18.3,23.1,68,24.5,79,928.3,1
2021-03-25,Gia_Lai,30.4,19.0,23.8,68,23.4,57,928.3,0
2021-03-26,Gia_Lai,31.5,18.6,24.0,71,21.8,30,927.9,0
2021-03-27,Gia_Lai,33.4,19.0,25.5,65,19.6,54,926.9,0
2021-03-28,Gia_Lai,33.8,19.3,26.5,56,18.4,82,926.4,0
2021-03-29,Gia_Lai,34.2,20.2,27.3,50,14.1,62,925.6,0
2021-03-30,Gia_Lai,32.7,22.0,27.1,53,19.2,17,924.5,1
2021-03-31,Gia_Lai,31.2,21.5,26.4,60,17.0,27,924.0,1
2021-04-01,Gia_Lai,31.9,22.0,26.3,67,17.3,41,924.6,1
2021-04-02,Gia_Lai,31.9,21.7,25.5,78,15.2,63,925.8,1
2021-04-03,Gia_Lai,33.4,21.0,25.9,66,24.3,36,926.2,0
2021-04-04,Gia_Lai,32.2,20.0,24.8,67,23.9,21,927.3,0
2021-04-05,Gia_Lai,31.0,19.0,24.3,59,23.0,56,929.1,0
2021-04-06,Gia_Lai,31.8,19.8,24.6,59,25.2,30,929.4,0
2021-04-07,Gia_Lai,31.5,19.5,24.8,65,19.4,27,929.1,0
2021-04-08,Gia_Lai,30.0,19.5,23.9,73,15.5,47,927.9,1
2021-04-09,Gia_Lai,31.4,19.4,24.7,64,21.3,44,928.1,0
2021-04-10,Gia_Lai,30.4,19.3,23.9,71,23.4,47,929.4,1
2021-04-11,Gia_Lai,31.0,19.5,24.3,69,23.8,13,930.3,0
2021-04-12,Gia_Lai,32.2,19.8,24.9,69,20.8,31,930.3,0
2021-04-13,Gia_Lai,31.9,19.9,25.6,69,13.4,39,929.4,1
2021-04-14,Gia_Lai,30.9,20.9,25.2,72,12.8,52,928.6,1
2021-04-15,Gia_Lai,33.0,20.9,26.3,66,14.4,40,927.8,1
2021-04-16,Gia_Lai,33.2,20.5,26.3,62,15.2,69,928.0,1
2021-04-17,Gia_Lai,33.5,19.1,25.6,55,19.4,90,929.1,0
2021-04-18,Gia_Lai,33.0,18.5,25.7,51,14.5,70,928.9,0
2021-04-19,Gia_Lai,28.3,20.5,24.1,75,17.4,72,927.6,1
2021-04-20,Gia_Lai,27.5,20.2,23.2,87,10.6,97,927.2,1
2021-04-21,Gia_Lai,28.8,21.0,23.5,87,12.4,95,927.5,1
2021-04-22,Gia_Lai,26.2,21.0,22.9,91,12.5,94,926.8,1
2021-04-23,Gia_Lai,27.2,20.5,23.2,91,10.2,81,925.9,1
2021-04-24,Gia_Lai,27.4,21.1,24.1,86,10.2,86,926.5,1
2021-04-25,Gia_Lai,28.2,21.6,24.0,84,12.6,79,927.3,1
2021-04-26,Gia_Lai,29.1,20.2,24.4,81,19.2,57,927.1,1
2021-04-27,Gia_Lai,28.2,19.6,23.8,80,16.6,77,928.7,1
2021-04-28,Gia_Lai,28.9,20.2,23.8,74,21.3,69,929.5,0
2021-04-29,Gia_Lai,28.5,19.2,23.6,72,20.5,32,928.9,0
2021-04-30,Gia_Lai,28.8,19.3,23.6,77,16.4,37,928.6,1
2021-05-01,Gia_Lai,29.7,20.2,24.2,76,14.6,46,929.2,1
2021-05-02,Gia_Lai,30.1,20.5,25.1,75,17.7,52,928.7,1
2021-05-03,Gia_Lai,31.6,20.3,25.3,67,18.1,66,927.4,0
2021-05-04,Gia_Lai,33.0,20.1,25.8,65,22.4,54,927.0,0
2021-05-05,Gia_Lai,31.8,20.5,25.7,71,24.1,71,927.6,1
2021-05-06,Gia_Lai,31.1,21.6,25.5,70,25.0,64,929.3,0
2021-05-07,Gia_Lai,31.6,20.8,25.6,64,20.2,88,929.2,0
2021-05-08,Gia_Lai,33.8,20.5,26.5,55,19.7,42,927.5,0
2021-05-09,Gia_Lai,33.5,20.4,26.8,59,15.7,51,926.9,0
2021-05-10,Gia_Lai,30.1,21.6,25.6,76,12.1,35,926.8,1
2021-05-11,Gia_Lai,30.9,22.3,25.9,75,8.7,57,926.3,1
2021-05-12,Gia_Lai,29.8,21.8,25.3,80,11.7,83,925.9,1
2021-05-13,Gia_Lai,30.5,21.9,25.9,76,12.6,48,925.5,1
2021-05-14,Gia_Lai,31.0,21.6,25.2,79,14.2,74,925.8,1
2021-05-15,Gia_Lai,31.6,21.9,26.1,73,13.7,57,926.5,1
2021-05-16,Gia_Lai,33.0,20.8,26.5,70,14.4,28,926.3,1
2021-05-17,Gia_Lai,30.9,22.0,25.7,78,13.4,30,926.8,1
2021-05-18,Gia_Lai,31.8,21.2,25.5,77,10.5,70,926.9,1
2021-05-19,Gia_Lai,29.0,21.2,24.8,84,11.4,93,926.3,1
2021-05-20,Gia_Lai,29.1,21.0,25.1,80,14.1,75,926.5,1
2021-05-21,Gia_Lai,29.0,21.8,24.8,86,15.5,60,926.1,1
2021-05-22,Gia_Lai,26.8,21.6,23.8,90,16.6,72,925.0,1
2021-05-23,Gia_Lai,25.8,21.5,23.2,94,14.1,96,924.5,1
2021-05-24,Gia_Lai,24.8,21.0,22.8,94,11.3,84,924.7,1
2021-05-25,Gia_Lai,27.0,21.6,23.3,92,12.0,68,925.3,1
2021-05-26,Gia_Lai,25.1,20.8,22.8,91,12.0,82,925.1,1
2021-05-27,Gia_Lai,28.0,21.5,23.8,91,14.5,78,925.9,1
2021-05-28,Gia_Lai,28.1,21.4,24.5,84,12.4,75,927.7,1
2021-05-29,Gia_Lai,27.1,21.9,24.3,88,17.4,56,927.5,1
2021-05-30,Gia_Lai,27.3,21.5,24.1,90,14.6,58,926.3,1
2021-05-31,Gia_Lai,27.9,22.5,24.6,88,16.6,44,925.0,1
2021-06-01,Gia_Lai,29.3,21.9,25.1,89,14.8,69,925.3,1
2021-06-02,Gia_Lai,27.6,22.9,24.9,91,14.4,91,925.8,1
2021-06-03,Gia_Lai,27.0,22.8,24.3,94,17.9,93,926.4,1
2021-06-04,Gia_Lai,27.8,22.0,24.5,90,18.9,88,926.3,1
2021-06-05,Gia_Lai,24.4,22.2,23.2,94,15.5,95,926.0,1
2021-06-06,Gia_Lai,25.0,21.7,23.0,92,16.9,97,925.4,1
2021-06-07,Gia_Lai,24.5,21.0,22.3,96,19.3,100,925.8,1
2021-06-08,Gia_Lai,24.4,21.1,22.0,96,22.5,100,926.3,1
2021-06-09,Gia_Lai,23.9,20.8,21.8,96,22.7,100,925.6,1
2021-06-10,Gia_Lai,24.4,20.2,21.7,95,27.2,99,924.1,1
2021-06-11,Gia_Lai,24.2,20.7,21.8,95,25.4,100,922.7,1
2021-06-12,Gia_Lai,21.6,20.6,21.0,98,31.8,100,923.3,1
2021-06-13,Gia_Lai,24.6,20.5,22.1,95,25.4,92,925.1,1
2021-06-14,Gia_Lai,26.0,20.4,22.6,91,20.6,85,925.7,1
2021-06-15,Gia_Lai,25.8,20.9,22.5,94,20.7,86,925.1,1
2021-06-16,Gia_Lai,25.5,21.1,22.8,94,18.6,82,926.5,1
2021-06-17,Gia_Lai,26.4,21.2,23.5,90,16.6,49,927.6,1
2021-06-18,Gia_Lai,27.0,21.5,24.0,88,17.3,56,927.9,1
2021-06-19,Gia_Lai,27.4,21.6,24.0,90,18.4,54,927.0,1
2021-06-20,Gia_Lai,26.9,22.0,24.0,90,20.5,70,925.6,1
2021-06-21,Gia_Lai,26.2,21.7,23.2,95,20.5,77,925.1,1
2021-06-22,Gia_Lai,27.0,21.5,23.4,93,20.0,78,926.2,1
2021-06-23,Gia_Lai,26.6,21.3,23.2,92,22.5,86,926.7,1
2021-06-24,Gia_Lai,26.8,20.9,23.4,91,18.0,78,925.8,1
2021-06-25,Gia_Lai,25.5,21.4,23.1,93,15.5,89,925.3,1
2021-06-26,Gia_Lai,27.5,21.3,24.0,87,15.9,65,926.7,1
2021-06-27,Gia_Lai,27.5,21.6,24.3,84,18.2,55,927.6,1
2021-06-28,Gia_Lai,26.5,21.5,23.6,90,21.9,76,926.6,1
2021-06-29,Gia_Lai,27.6,21.5,24.1,86,17.3,72,926.0,1
2021-06-30,Gia_Lai,26.7,21.7,23.6,91,18.0,77,926.1,1
2021-07-01,Gia_Lai,27.5,21.1,24.0,86,17.0,57,926.4,1
2021-07-02,Gia_Lai,26.8,21.7,23.9,89,17.9,48,926.8,1
2021-07-03,Gia_Lai,29.0,21.4,25.1,82,13.0,35,925.8,1
2021-07-04,Gia_Lai,28.4,21.1,24.1,89,13.8,57,924.7,1
2021-07-05,Gia_Lai,25.8,21.2,23.2,90,11.5,92,923.7,1
2021-07-06,Gia_Lai,25.0,20.8,22.4,92,16.8,100,923.2,1
2021-07-07,Gia_Lai,23.1,21.0,21.8,95,19.2,100,924.2,1
2021-07-08,Gia_Lai,24.0,21.0,22.0,96,13.8,98,925.1,1
2021-07-09,Gia_Lai,26.9,20.2,22.3,89,15.6,84,925.2,1
2021-07-10,Gia_Lai,27.4,20.1,23.5,83,16.1,27,925.8,1
2021-07-11,Gia_Lai,27.9,19.5,23.3,83,15.3,39,927.0,1
2021-07-12,Gia_Lai,28.1,20.5,24.0,84,13.9,51,927.1,1
2021-07-13,Gia_Lai,28.3,19.8,23.5,86,10.8,62,926.0,1
2021-07-14,Gia_Lai,26.7,19.6,23.2,88,15.6,82,924.9,1
2021-07-15,Gia_Lai,27.0,20.1,23.0,88,10.5,99,926.0,1
2021-07-16,Gia_Lai,25.0,20.6,22.1,94,15.8,97,926.8,1
2021-07-17,Gia_Lai,26.1,20.4,22.8,93,16.1,69,924.9,1
2021-07-18,Gia_Lai,24.6,20.6,22.0,95,19.5,85,923.5,1
2021-07-19,Gia_Lai,24.0,20.6,21.5,97,25.8,98,924.0,1
2021-07-20,Gia_Lai,24.9,20.6,22.1,94,28.5,98,924.9,1
2021-07-21,Gia_Lai,25.4,20.7,22.2,95,27.4,91,924.5,1
2021-07-22,Gia_Lai,24.0,20.9,22.1,95,28.9,99,924.0,1
2021-07-23,Gia_Lai,22.5,20.7,21.5,97,28.8,100,923.2,1
2021-07-24,Gia_Lai,22.5,19.6,21.0,97,32.7,99,922.5,1
2021-07-25,Gia_Lai,24.5,19.8,21.6,96,35.7,92,922.7,1
2021-07-26,Gia_Lai,25.9,20.7,22.6,92,31.8,72,922.9,1
2021-07-27,Gia_Lai,26.0,20.8,22.9,93,27.0,89,922.6,1
2021-07-28,Gia_Lai,26.8,21.6,23.0,94,27.0,90,922.4,1
2021-07-29,Gia_Lai,26.1,21.0,22.6,94,26.3,93,923.2,1
2021-07-30,Gia_Lai,25.5,21.2,22.7,96,29.0,95,924.4,1
2021-07-31,Gia_Lai,25.9,21.1,22.7,95,27.6,93,924.5,1
2021-08-01,Gia_Lai,26.0,21.3,22.9,94,26.9,97,923.3,1
2021-08-02,Gia_Lai,26.3,21.4,22.8,95,30.1,96,923.3,1
2021-08-03,Gia_Lai,24.9,21.5,22.4,96,28.5,99,923.9,1
2021-08-04,Gia_Lai,25.7,20.9,22.6,92,27.1,100,924.5,1
2021-08-05,Gia_Lai,26.2,21.2,22.6,96,28.1,99,924.3,1
2021-08-06,Gia_Lai,25.5,21.0,22.6,94,28.5,99,925.1,1
2021-08-07,Gia_Lai,26.5,21.5,23.1,93,23.5,96,925.8,1
2021-08-08,Gia_Lai,27.0,21.8,23.8,93,19.2,98,926.0,1
2021-08-09,Gia_Lai,25.9,21.9,23.6,93,19.1,88,925.3,1
2021-08-10,Gia_Lai,26.1,21.8,23.8,91,16.4,81,924.7,1
2021-08-11,Gia_Lai,26.6,21.6,23.4,91,19.9,79,926.7,1
2021-08-12,Gia_Lai,26.6,21.0,23.2,90,18.3,82,928.3,1
2021-08-13,Gia_Lai,24.5,21.3,22.5,96,16.8,97,926.5,1
2021-08-14,Gia_Lai,24.4,20.8,22.1,96,20.0,96,925.6,1
2021-08-15,Gia_Lai,26.9,20.6,23.2,89,13.5,78,927.5,1
2021-08-16,Gia_Lai,28.5,19.6,23.9,83,8.6,37,929.7,1
2021-08-17,Gia_Lai,28.6,20.1,24.3,81,10.5,16,928.6,1
2021-08-18,Gia_Lai,28.0,19.9,24.1,77,7.4,22,926.9,1
2021-08-19,Gia_Lai,27.1,20.5,23.5,86,10.7,74,926.3,1
2021-08-20,Gia_Lai,27.7,20.0,23.7,86,10.6,71,927.0,1
2021-08-21,Gia_Lai,27.0,20.1,23.5,86,12.5,78,927.3,1
2021-08-22,Gia_Lai,27.6,21.0,23.3,87,13.0,92,926.2,1
2021-08-23,Gia_Lai,26.6,19.8,22.9,88,13.8,88,925.6,1
2021-08-24,Gia_Lai,26.4,20.1,23.3,87,9.8,88,925.0,1
2021-08-25,Gia_Lai,26.6,20.9,23.0,90,10.7,92,925.3,1
2021-08-26,Gia_Lai,25.5,20.5,22.4,90,11.9,99,925.8,1
2021-08-27,Gia_Lai,26.4,20.3,22.4,90,11.9,90,926.0,1
2021-08-28,Gia_Lai,27.5,20.0,22.9,86,16.6,93,925.7,1
2021-08-29,Gia_Lai,26.9,19.5,22.6,87,16.8,66,925.5,1
2021-08-30,Gia_Lai,26.9,20.0,23.0,87,15.6,93,926.4,1
2021-08-31,Gia_Lai,27.0,19.9,23.1,88,11.9,94,927.0,1
2021-09-01,Gia_Lai,27.0,21.0,23.2,90,9.9,92,926.7,1
2021-09-02,Gia_Lai,25.7,20.6,23.0,91,9.5,90,926.1,1
2021-09-03,Gia_Lai,25.8,20.5,22.5,92,11.2,98,925.5,1
2021-09-04,Gia_Lai,25.0,20.2,22.0,93,14.3,100,925.5,1
2021-09-05,Gia_Lai,25.1,20.7,22.1,95,11.9,99,926.2,1
2021-09-06,Gia_Lai,26.4,20.3,22.4,91,11.5,91,926.5,1
2021-09-07,Gia_Lai,24.5,20.5,22.2,94,11.8,99,925.6,1
2021-09-08,Gia_Lai,26.2,20.5,22.7,91,11.3,99,924.7,1
2021-09-09,Gia_Lai,24.9,21.0,22.5,91,12.4,98,926.0,1
2021-09-10,Gia_Lai,23.1,20.8,21.7,96,24.4,100,925.3,1
2021-09-11,Gia_Lai,21.8,20.6,21.2,98,36.0,100,921.9,1
2021-09-12,Gia_Lai,23.1,21.2,21.8,97,33.7,99,919.8,1
2021-09-13,Gia_Lai,25.8,21.0,22.7,95,24.6,87,922.5,1
2021-09-14,Gia_Lai,27.6,21.2,23.5,90,14.3,92,926.2,1
2021-09-15,Gia_Lai,27.9,21.4,23.8,87,21.0,79,927.9,1
2021-09-16,Gia_Lai,27.8,20.2,23.6,84,13.1,96,927.9,1
2021-09-17,Gia_Lai,27.7,20.3,23.0,91,7.6,70,927.2,1
2021-09-18,Gia_Lai,27.0,20.4,23.2,86,13.9,88,927.0,1
2021-09-19,Gia_Lai,24.0,20.9,22.1,90,11.8,97,926.1,1
2021-09-20,Gia_Lai,26.0,20.0,22.7,88,10.5,93,926.0,1
2021-09-21,Gia_Lai,25.8,20.6,22.9,89,11.8,99,926.0,1
2021-09-22,Gia_Lai,26.0,20.7,22.7,89,9.3,88,926.2,1
2021-09-23,Gia_Lai,22.6,20.5,21.4,96,25.2,99,925.3,1
2021-09-24,Gia_Lai,22.0,20.6,21.2,98,23.4,100,925.5,1
2021-09-25,Gia_Lai,25.0,20.4,22.3,92,12.7,98,926.2,1
2021-09-26,Gia_Lai,26.4,20.1,22.8,87,16.6,87,926.3,1
2021-09-27,Gia_Lai,28.0,20.0,23.5,82,16.4,16,926.5,1
2021-09-28,Gia_Lai,28.0,18.7,23.1,83,10.7,71,926.7,1
2021-09-29,Gia_Lai,28.1,20.7,23.8,82,13.4,40,926.2,1
2021-09-30,Gia_Lai,27.0,20.0,23.3,85,12.2,26,926.7,1
2021-10-01,Gia_Lai,26.8,19.9,23.3,89,8.7,71,927.1,1
2021-10-02,Gia_Lai,27.2,20.7,23.3,86,8.5,92,927.4,1
2021-10-03,Gia_Lai,27.5,19.7,23.1,84,13.8,87,926.9,1
2021-10-04,Gia_Lai,28.0,19.8,23.3,81,12.8,88,925.6,1
2021-10-05,Gia_Lai,27.4,20.5,23.4,85,18.4,80,924.5,1
2021-10-06,Gia_Lai,21.9,20.5,21.2,95,20.0,100,921.9,1
2021-10-07,Gia_Lai,22.2,20.7,21.3,98,21.2,100,920.4,1
2021-10-08,Gia_Lai,23.0,20.5,21.2,97,26.0,100,920.8,1
2021-10-09,Gia_Lai,24.3,19.5,21.5,95,23.4,96,923.0,1
2021-10-10,Gia_Lai,24.5,20.9,22.2,94,22.4,90,923.2,1
2021-10-11,Gia_Lai,25.8,21.3,22.9,93,13.4,92,923.2,1
2021-10-12,Gia_Lai,26.5,20.1,22.5,92,15.0,89,922.2,1
2021-10-13,Gia_Lai,22.5,20.1,21.0,96,23.1,100,920.5,1
2021-10-14,Gia_Lai,23.8,19.5,21.4,96,20.1,100,922.8,1
2021-10-15,Gia_Lai,24.0,20.2,21.9,95,12.9,100,924.6,1
2021-10-16,Gia_Lai,26.5,20.5,22.4,91,10.1,100,925.4,1
2021-10-17,Gia_Lai,23.4,19.6,21.0,96,18.1,100,925.2,1
2021-10-18,Gia_Lai,25.6,20.5,22.7,89,21.6,99,928.5,1
2021-10-19,Gia_Lai,26.9,20.4,22.8,88,18.5,95,930.7,1
2021-10-20,Gia_Lai,26.2,20.1,22.8,88,14.3,64,930.5,1
2021-10-21,Gia_Lai,27.1,19.5,22.8,89,10.8,96,929.4,1
2021-10-22,Gia_Lai,25.9,19.6,22.3,89,13.4,86,929.9,1
2021-10-23,Gia_Lai,24.2,20.2,21.8,90,16.6,92,930.0,1
2021-10-24,Gia_Lai,23.6,20.4,21.6,90,18.7,98,929.0,1
2021-10-25,Gia_Lai,27.0,19.2,22.6,75,24.5,97,927.8,0
2021-10-26,Gia_Lai,25.6,19.0,22.1,79,22.2,99,926.7,1
2021-10-27,Gia_Lai,23.4,20.8,21.7,90,24.7,100,925.9,1
2021-10-28,Gia_Lai,26.2,20.4,22.4,90,19.1,71,929.1,1
2021-10-29,Gia_Lai,26.4,19.8,22.3,88,18.5,79,930.1,1
2021-10-30,Gia_Lai,26.5,20.2,22.7,86,21.7,64,930.3,1
2021-10-31,Gia_Lai,26.5,19.8,22.4,86,19.6,49,930.3,1
2021-11-01,Gia_Lai,26.6,19.4,22.4,82,21.8,60,929.8,0
2021-11-02,Gia_Lai,27.2,18.8,22.3,81,22.7,57,929.7,0
2021-11-03,Gia_Lai,27.5,18.6,22.6,79,20.5,58,929.0,0
2021-11-04,Gia_Lai,27.5,19.6,22.9,82,19.0,93,928.6,0
2021-11-05,Gia_Lai,27.3,19.2,22.9,81,14.4,54,927.4,1
2021-11-06,Gia_Lai,28.1,19.2,23.3,83,14.6,25,925.8,0
2021-11-07,Gia_Lai,27.3,19.0,23.1,79,20.7,31,926.2,0
2021-11-08,Gia_Lai,27.2,21.0,23.4,80,21.8,37,927.6,1
2021-11-09,Gia_Lai,26.3,20.5,22.4,77,27.9,81,928.5,1
2021-11-10,Gia_Lai,25.0,20.2,21.9,76,28.7,94,928.5,1
2021-11-11,Gia_Lai,22.8,19.0,20.8,81,23.2,100,927.9,1
2021-11-12,Gia_Lai,24.8,19.1,21.4,80,23.6,100,928.7,1
2021-11-13,Gia_Lai,25.5,20.0,21.7,80,22.1,93,928.4,1
2021-11-14,Gia_Lai,24.1,19.4,21.1,86,20.8,100,928.2,1
2021-11-15,Gia_Lai,25.2,20.3,21.9,86,29.3,96,927.4,1
2021-11-16,Gia_Lai,25.1,20.1,22.3,83,30.3,97,927.5,1
2021-11-17,Gia_Lai,26.9,20.5,22.7,85,23.5,92,927.9,1
2021-11-18,Gia_Lai,26.5,20.6,22.7,82,25.6,43,927.0,1
2021-11-19,Gia_Lai,26.9,19.1,22.4,81,16.2,37,926.2,1
2021-11-20,Gia_Lai,27.5,18.3,22.1,82,17.3,45,926.1,0
2021-11-21,Gia_Lai,27.3,18.8,22.5,82,19.8,55,927.2,1
2021-11-22,Gia_Lai,27.9,20.0,22.6,81,22.7,29,928.1,1
2021-11-23,Gia_Lai,25.9,19.6,22.0,77,31.4,73,928.6,0
2021-11-24,Gia_Lai,25.7,20.5,22.3,74,33.9,87,929.2,0
2021-11-25,Gia_Lai,26.6,18.8,21.9,73,26.8,79,929.0,0
2021-11-26,Gia_Lai,27.5,18.5,21.6,70,24.4,82,928.5,1
2021-11-27,Gia_Lai,22.9,18.5,20.6,77,26.5,98,928.0,1
2021-11-28,Gia_Lai,24.0,20.4,22.0,84,28.1,100,927.1,1
2021-11-29,Gia_Lai,23.8,21.0,21.5,90,27.7,100,927.1,1
2021-11-30,Gia_Lai,22.8,17.9,20.5,86,29.1,100,927.6,1
2021-12-01,Gia_Lai,23.9,16.9,19.3,73,27.7,61,929.2,0
2021-12-02,Gia_Lai,23.4,16.0,18.9,75,29.1,66,930.1,0
2021-12-03,Gia_Lai,23.1,14.2,17.8,72,23.2,63,930.9,0
2021-12-04,Gia_Lai,21.9,13.2,16.7,68,22.7,59,930.5,0
2021-12-05,Gia_Lai,24.0,15.5,19.5,74,27.8,54,929.5,0
2021-12-06,Gia_Lai,23.4,16.4,19.1,75,24.4,52,929.7,0
2021-12-07,Gia_Lai,23.5,15.8,18.6,74,23.0,27,930.1,0
2021-12-08,Gia_Lai,24.5,16.0,20.1,76,25.3,55,930.3,1
2021-12-09,Gia_Lai,25.0,17.9,20.6,74,32.2,50,931.0,0
2021-12-10,Gia_Lai,24.0,16.0,19.1,69,24.3,6,930.5,0
2021-12-11,Gia_Lai,24.4,15.8,19.6,74,25.4,47,930.6,0
2021-12-12,Gia_Lai,25.0,18.0,20.5,75,31.9,50,930.3,0
2021-12-13,Gia_Lai,24.9,17.5,20.1,71,30.1,68,929.8,0
2021-12-14,Gia_Lai,25.9,17.9,20.7,75,25.5,88,928.7,0
2021-12-15,Gia_Lai,27.0,17.8,21.4,80,19.4,41,928.2,0
2021-12-16,Gia_Lai,26.9,18.2,21.7,80,18.6,44,928.5,0
2021-12-17,Gia_Lai,27.4,18.0,21.7,74,23.3,98,928.9,0
2021-12-18,Gia_Lai,25.3,18.3,20.8,70,30.7,97,928.7,1
2021-12-19,Gia_Lai,18.5,16.4,17.7,88,25.6,100,926.9,1
2021-12-20,Gia_Lai,25.8,15.3,20.3,81,14.4,91,928.4,0
2021-12-21,Gia_Lai,24.8,18.0,20.5,87,15.9,69,929.7,1
2021-12-22,Gia_Lai,25.0,17.1,20.3,84,18.4,83,929.4,1
2021-12-23,Gia_Lai,24.2,16.9,20.4,80,20.2,56,929.1,0
2021-12-24,Gia_Lai,25.7,18.0,20.9,79,17.4,62,929.4,0
2021-12-25,Gia_Lai,24.4,18.4,20.6,79,21.8,67,930.1,1
2021-12-26,Gia_Lai,25.6,18.4,21.3,79,26.6,46,931.2,1
2021-12-27,Gia_Lai,26.8,18.8,21.4,80,21.4,54,931.5,1
2021-12-28,Gia_Lai,24.5,18.5,20.8,76,30.8,65,931.5,0
2021-12-29,Gia_Lai,26.3,18.3,21.4,73,30.4,54,931.7,0
2021-12-30,Gia_Lai,25.2,17.6,20.6,71,31.6,61,932.7,0
2021-12-31,Gia_Lai,24.1,16.9,19.5,69,32.1,48,932.4,0
2021-01-01,Khanh_Hoa,22.2,21.2,21.7,77,24.9,100,1014.7,1
2021-01-02,Khanh_Hoa,23.8,21.4,22.4,77,21.4,98,1013.8,1
2021-01-03,Khanh_Hoa,25.8,21.3,23.2,76,24.0,89,1013.3,0
2021-01-04,Khanh_Hoa,25.2,22.6,23.6,87,22.0,99,1012.7,1
2021-01-05,Khanh_Hoa,25.6,22.5,24.0,87,24.2,74,1012.9,1
2021-01-06,Khanh_Hoa,24.9,22.8,23.5,87,25.4,93,1012.3,1
2021-01-07,Khanh_Hoa,26.1,22.2,23.8,82,21.1,60,1011.7,1
2021-01-08,Khanh_Hoa,26.2,22.1,23.6,78,26.7,64,1012.7,1
2021-01-09,Khanh_Hoa,24.1,21.6,22.5,79,29.7,80,1013.7,1
2021-01-10,Khanh_Hoa,24.0,20.9,22.2,79,26.5,43,1013.7,1
2021-01-11,Khanh_Hoa,24.6,20.9,22.2,74,28.2,79,1015.1,1
2021-01-12,Khanh_Hoa,21.9,19.3,20.4,69,29.7,96,1016.0,0
2021-01-13,Khanh_Hoa,22.7,18.4,20.2,70,20.3,48,1014.2,0
2021-01-14,Khanh_Hoa,23.8,18.2,20.7,73,19.8,43,1013.5,0
2021-01-15,Khanh_Hoa,25.7,17.7,21.5,77,17.6,40,1011.8,0
2021-01-16,Khanh_Hoa,25.3,19.4,22.1,77,21.9,55,1011.8,1
2021-01-17,Khanh_Hoa,25.6,20.2,22.6,74,24.3,68,1014.4,1
2021-01-18,Khanh_Hoa,24.4,20.6,22.1,70,30.0,60,1015.2,1
2021-01-19,Khanh_Hoa,23.9,19.8,21.8,70,21.2,79,1013.5,0
2021-01-20,Khanh_Hoa,26.4,20.1,23.0,76,17.1,67,1012.1,0
2021-01-21,Khanh_Hoa,26.4,20.7,23.5,80,17.4,90,1011.1,0
2021-01-22,Khanh_Hoa,27.4,20.7,23.8,79,19.7,70,1010.8,0
2021-01-23,Khanh_Hoa,26.3,21.8,23.6,78,19.7,49,1011.8,0
2021-01-24,Khanh_Hoa,26.2,20.9,23.1,78,21.2,33,1012.5,0
2021-01-25,Khanh_Hoa,26.4,19.9,23.1,78,19.6,80,1012.2,0
2021-01-26,Khanh_Hoa,27.2,20.9,23.7,74,19.2,65,1012.0,0
2021-01-27,Khanh_Hoa,24.9,22.4,23.4,82,15.6,93,1012.3,1
2021-01-28,Khanh_Hoa,26.1,21.4,23.6,73,27.5,78,1014.3,1
2021-01-29,Khanh_Hoa,25.5,21.6,23.1,71,29.9,88,1015.0,1
2021-01-30,Khanh_Hoa,26.7,20.1,23.0,71,22.0,87,1014.6,0
2021-01-31,Khanh_Hoa,25.3,20.8,23.0,76,20.8,98,1014.7,1
2021-02-01,Khanh_Hoa,26.2,20.5,23.1,74,21.8,63,1014.7,1
2021-02-02,Khanh_Hoa,26.0,20.1,22.9,74,21.6,91,1014.7,1
2021-02-03,Khanh_Hoa,26.1,21.3,23.4,76,25.8,49,1014.7,1
2021-02-04,Khanh_Hoa,27.1,21.1,23.8,72,22.5,82,1014.9,0
2021-02-05,Khanh_Hoa,27.7,21.6,24.0,72,22.9,62,1014.3,1
2021-02-06,Khanh_Hoa,26.6,20.9,23.6,70,24.2,49,1013.0,1
2021-02-07,Khanh_Hoa,27.5,22.0,24.3,74,20.4,84,1012.8,0
2021-02-08,Khanh_Hoa,27.5,22.6,24.6,75,20.1,82,1012.3,0
2021-02-09,Khanh_Hoa,28.1,22.1,24.6,78,18.2,36,1010.6,1
2021-02-10,Khanh_Hoa,27.5,22.6,24.3,79,19.7,52,1010.6,1
2021-02-11,Khanh_Hoa,25.6,21.5,23.2,69,22.8,78,1012.2,1
2021-02-12,Khanh_Hoa,25.4,19.3,22.3,69,27.0,56,1013.6,0
2021-02-13,Khanh_Hoa,26.1,18.8,22.2,64,24.9,46,1014.1,0
2021-02-14,Khanh_Hoa,25.6,18.4,22.0,67,24.9,64,1014.3,0
2021-02-15,Khanh_Hoa,26.1,18.4,22.2,70,23.4,53,1012.8,0
2021-02-16,Khanh_Hoa,26.7,18.7,22.6,68,15.3,73,1012.5,0
2021-02-17,Khanh_Hoa,27.6,19.6,23.3,68,24.0,21,1014.4,0
2021-02-18,Khanh_Hoa,26.2,20.6,23.4,72,27.0,57,1016.7,1
2021-02-19,Khanh_Hoa,25.7,21.5,22.9,78,28.0,48,1016.9,1
2021-02-20,Khanh_Hoa,24.9,20.3,22.6,74,26.0,39,1015.8,1
2021-02-21,Khanh_Hoa,26.2,20.1,22.8,68,19.5,64,1014.4,1
2021-02-22,Khanh_Hoa,26.2,18.6,22.2,69,21.1,63,1013.1,0
2021-02-23,Khanh_Hoa,27.1,19.2,23.0,71,24.3,32,1011.7,0
2021-02-24,Khanh_Hoa,27.5,19.4,23.2,74,20.0,25,1010.4,0
2021-02-25,Khanh_Hoa,26.8,19.0,22.9,78,14.8,51,1008.5,0
2021-02-26,Khanh_Hoa,27.7,21.0,24.1,82,12.4,45,1007.4,0
2021-02-27,Khanh_Hoa,28.2,20.9,24.3,81,10.8,17,1008.8,0
2021-02-28,Khanh_Hoa,27.8,22.8,24.9,83,11.1,60,1010.9,1
2021-03-01,Khanh_Hoa,29.1,22.3,25.4,81,13.5,52,1012.7,0
2021-03-02,Khanh_Hoa,29.0,22.9,25.7,79,18.0,53,1013.2,1
2021-03-03,Khanh_Hoa,28.5,23.8,25.8,77,19.9,66,1013.5,1
2021-03-04,Khanh_Hoa,28.3,23.0,25.3,83,16.7,28,1013.9,1
2021-03-05,Khanh_Hoa,29.3,22.2,25.3,78,11.5,11,1013.3,0
2021-03-06,Khanh_Hoa,30.0,21.3,25.3,73,13.2,5,1013.3,0
2021-03-07,Khanh_Hoa,29.0,22.2,25.6,78,14.1,41,1013.3,1
2021-03-08,Khanh_Hoa,28.5,22.8,25.3,80,19.2,30,1014.0,1
2021-03-09,Khanh_Hoa,28.4,22.9,25.3,75,20.2,24,1013.8,1
2021-03-10,Khanh_Hoa,28.2,22.9,25.3,77,20.1,25,1013.6,1
2021-03-11,Khanh_Hoa,27.6,23.2,25.1,82,19.8,37,1013.8,1
2021-03-12,Khanh_Hoa,28.5,22.9,25.5,75,20.8,32,1013.6,1
2021-03-13,Khanh_Hoa,29.8,22.4,25.6,72,23.2,27,1013.1,0
2021-03-14,Khanh_Hoa,28.9,22.2,25.4,71,23.1,26,1011.5,0
2021-03-15,Khanh_Hoa,28.8,21.9,25.0,74,15.8,56,1010.7,0
2021-03-16,Khanh_Hoa,28.3,21.9,24.8,76,15.3,40,1010.4,1
2021-03-17,Khanh_Hoa,29.4,21.8,25.3,78,14.8,83,1010.1,0
2021-03-18,Khanh_Hoa,29.5,23.2,26.1,79,15.8,64,1009.6,0
2021-03-19,Khanh_Hoa,29.9,23.5,26.4,80,14.8,30,1008.8,1
2021-03-20,Khanh_Hoa,30.1,24.0,26.8,80,14.2,54,1007.7,1
2021-03-21,Khanh_Hoa,29.7,24.1,26.7,81,20.1,65,1009.0,1
2021-03-22,Khanh_Hoa,29.5,24.3,26.3,78,28.8,44,1012.5,1
2021-03-23,Khanh_Hoa,27.9,24.1,25.8,77,27.5,82,1012.8,1
2021-03-24,Khanh_Hoa,27.3,24.5,25.5,80,21.6,94,1011.2,1
2021-03-25,Khanh_Hoa,28.3,23.3,25.6,85,20.3,70,1011.1,1
2021-03-26,Khanh_Hoa,28.1,23.8,25.8,86,16.3,52,1010.5,1
2021-03-27,Khanh_Hoa,29.1,24.4,26.2,83,12.2,62,1009.4,1
2021-03-28,Khanh_Hoa,30.2,23.4,26.3,80,12.6,76,1008.4,0
2021-03-29,Khanh_Hoa,30.0,22.7,26.3,79,12.5,39,1007.4,0
2021-03-30,Khanh_Hoa,31.3,22.8,26.5,77,17.1,19,1005.7,0
2021-03-31,Khanh_Hoa,30.5,23.5,26.7,83,17.9,39,1005.1,0
2021-04-01,Khanh_Hoa,30.7,24.4,27.2,83,16.0,52,1005.5,0
2021-04-02,Khanh_Hoa,30.7,24.6,27.2,84,14.8,38,1006.9,0
2021-04-03,Khanh_Hoa,30.4,24.5,26.9,81,13.0,25,1008.3,1
2021-04-04,Khanh_Hoa,29.8,24.6,26.6,84,16.9,64,1009.4,1
2021-04-05,Khanh_Hoa,29.5,23.6,26.4,77,18.2,79,1011.4,1
2021-04-06,Khanh_Hoa,29.1,23.7,26.3,81,18.1,54,1011.9,1
2021-04-07,Khanh_Hoa,28.9,23.9,26.4,77,17.8,54,1011.4,1
2021-04-08,Khanh_Hoa,29.6,23.8,26.5,79,13.9,43,1009.9,1
2021-04-09,Khanh_Hoa,30.0,23.9,26.7,77,21.4,65,1010.1,1
2021-04-10,Khanh_Hoa,28.0,24.4,26.0,84,15.4,48,1012.1,1
2021-04-11,Khanh_Hoa,28.3,23.6,25.7,88,16.5,61,1013.0,1
2021-04-12,Khanh_Hoa,28.4,23.8,26.0,87,11.0,62,1012.7,1
2021-04-13,Khanh_Hoa,29.4,24.3,26.7,83,12.2,42,1011.3,1
2021-04-14,Khanh_Hoa,29.5,24.4,26.6,81,11.9,55,1010.4,1
2021-04-15,Khanh_Hoa,29.7,24.0,26.7,82,13.5,53,1009.7,1
2021-04-16,Khanh_Hoa,29.9,24.8,27.1,80,13.5,43,1009.9,1
2021-04-17,Khanh_Hoa,29.6,24.2,26.5,76,13.7,91,1011.4,1
2021-04-18,Khanh_Hoa,30.1,23.5,26.4,71,14.8,74,1011.0,0
2021-04-19,Khanh_Hoa,29.8,23.3,26.7,76,11.5,88,1009.2,1
2021-04-20,Khanh_Hoa,30.6,24.4,27.4,82,12.3,69,1008.6,1
2021-04-21,Khanh_Hoa,29.2,24.6,26.5,89,10.3,82,1009.2,1
2021-04-22,Khanh_Hoa,29.9,25.1,27.1,84,11.5,68,1008.4,1
2021-04-23,Khanh_Hoa,30.7,25.1,27.8,80,9.8,52,1007.1,1
2021-04-24,Khanh_Hoa,32.0,25.6,28.6,77,10.3,47,1007.2,0
2021-04-25,Khanh_Hoa,32.0,25.7,29.0,75,10.6,53,1007.8,1
2021-04-26,Khanh_Hoa,31.5,26.8,28.7,77,13.3,69,1008.4,1
2021-04-27,Khanh_Hoa,29.8,25.0,27.0,86,13.2,93,1010.6,1
2021-04-28,Khanh_Hoa,29.9,24.7,27.0,81,12.4,78,1011.6,1
2021-04-29,Khanh_Hoa,29.5,24.3,26.8,81,13.8,35,1011.1,1
2021-04-30,Khanh_Hoa,29.1,25.1,26.9,82,12.2,66,1010.7,1
2021-05-01,Khanh_Hoa,30.2,24.9,27.4,81,10.6,36,1010.8,1
2021-05-02,Khanh_Hoa,30.4,25.2,27.6,82,10.3,44,1010.4,1
2021-05-03,Khanh_Hoa,31.2,25.3,27.9,77,12.9,61,1009.2,1
2021-05-04,Khanh_Hoa,31.1,25.2,28.0,76,13.9,43,1008.6,1
2021-05-05,Khanh_Hoa,30.0,25.4,27.4,85,13.2,76,1009.1,1
2021-05-06,Khanh_Hoa,29.0,24.4,26.5,89,15.5,76,1011.0,1
2021-05-07,Khanh_Hoa,30.5,24.9,27.7,79,18.3,74,1010.7,1
2021-05-08,Khanh_Hoa,30.4,25.7,27.6,83,13.1,75,1009.1,1
2021-05-09,Khanh_Hoa,30.4,25.2,28.0,82,11.2,43,1008.1,1
2021-05-10,Khanh_Hoa,31.1,25.3,28.3,81,11.9,14,1007.6,1
2021-05-11,Khanh_Hoa,31.4,25.8,28.6,80,12.3,19,1007.2,1
2021-05-12,Khanh_Hoa,32.0,25.9,29.0,78,13.0,49,1006.7,1
2021-05-13,Khanh_Hoa,31.0,25.7,28.3,83,11.8,27,1006.5,1
2021-05-14,Khanh_Hoa,30.6,25.7,27.9,85,12.3,73,1006.9,1
2021-05-15,Khanh_Hoa,31.3,25.7,28.2,83,11.5,46,1007.5,1
2021-05-16,Khanh_Hoa,30.9,25.9,28.5,79,10.7,39,1007.2,1
2021-05-17,Khanh_Hoa,30.3,25.5,27.9,86,10.5,71,1008.0,1
2021-05-18,Khanh_Hoa,30.9,26.0,28.5,81,12.4,61,1008.0,1
2021-05-19,Khanh_Hoa,31.1,26.0,28.5,81,14.5,76,1007.3,1
2021-05-20,Khanh_Hoa,32.1,25.4,28.8,77,17.9,52,1007.3,0
2021-05-21,Khanh_Hoa,32.3,26.0,28.9,81,18.6,63,1006.7,1
2021-05-22,Khanh_Hoa,31.5,25.5,28.8,79,14.3,83,1005.2,1
2021-05-23,Khanh_Hoa,31.0,25.3,28.0,82,11.7,96,1005.2,1
2021-05-24,Khanh_Hoa,29.9,25.5,27.6,87,12.0,81,1005.9,1
2021-05-25,Khanh_Hoa,27.2,25.1,26.0,92,7.2,82,1006.8,1
2021-05-26,Khanh_Hoa,29.0,24.4,26.8,84,9.7,67,1006.4,1
2021-05-27,Khanh_Hoa,30.6,24.7,27.8,81,20.8,19,1007.1,1
2021-05-28,Khanh_Hoa,31.2,25.2,28.1,82,13.5,50,1008.7,1
2021-05-29,Khanh_Hoa,31.5,26.1,28.7,84,14.3,27,1008.1,1
2021-05-30,Khanh_Hoa,32.6,26.0,29.3,80,11.0,10,1006.4,0
2021-05-31,Khanh_Hoa,33.4,27.5,29.9,78,12.7,24,1004.8,1
2021-06-01,Khanh_Hoa,33.3,26.9,30.0,76,13.5,63,1005.3,1
2021-06-02,Khanh_Hoa,33.1,26.9,30.1,74,10.5,94,1005.6,1
2021-06-03,Khanh_Hoa,34.3,27.3,30.5,73,14.3,88,1006.0,1
2021-06-04,Khanh_Hoa,34.7,27.2,31.0,70,16.3,60,1005.8,1
2021-06-05,Khanh_Hoa,34.7,27.6,30.4,72,13.9,42,1005.8,1
2021-06-06,Khanh_Hoa,33.9,27.1,30.4,70,11.8,90,1005.4,1
2021-06-07,Khanh_Hoa,34.1,27.3,30.4,67,11.6,93,1005.7,1
2021-06-08,Khanh_Hoa,32.9,27.5,29.9,68,12.7,100,1006.8,1
2021-06-09,Khanh_Hoa,32.8,26.1,28.9,72,12.6,94,1006.2,1
2021-06-10,Khanh_Hoa,32.5,26.6,28.9,73,9.4,100,1004.4,1
2021-06-11,Khanh_Hoa,34.1,27.2,29.4,69,12.3,99,1003.3,1
2021-06-12,Khanh_Hoa,33.3,26.3,29.3,72,11.2,98,1004.1,1
2021-06-13,Khanh_Hoa,33.2,26.2,29.5,68,16.5,76,1005.8,1
2021-06-14,Khanh_Hoa,33.7,26.2,29.8,67,14.4,78,1006.0,0
2021-06-15,Khanh_Hoa,33.9,26.2,30.0,68,15.0,30,1005.4,1
2021-06-16,Khanh_Hoa,34.1,26.8,30.1,70,13.4,33,1006.7,1
2021-06-17,Khanh_Hoa,33.4,26.8,30.0,70,14.5,25,1007.9,0
2021-06-18,Khanh_Hoa,33.6,27.0,29.8,72,15.3,34,1008.4,1
2021-06-19,Khanh_Hoa,34.5,26.5,29.9,76,17.2,38,1007.2,1
2021-06-20,Khanh_Hoa,34.6,26.5,30.3,66,15.6,54,1005.4,1
2021-06-21,Khanh_Hoa,35.1,26.7,30.3,67,13.4,48,1005.0,1
2021-06-22,Khanh_Hoa,34.6,26.4,29.8,72,13.3,40,1006.1,1
2021-06-23,Khanh_Hoa,34.1,25.9,29.6,73,14.8,45,1006.7,1
2021-06-24,Khanh_Hoa,33.9,26.8,30.2,66,15.5,28,1005.9,0
2021-06-25,Khanh_Hoa,34.6,27.0,30.5,67,15.3,58,1005.5,1
2021-06-26,Khanh_Hoa,33.6,26.1,29.6,72,21.0,46,1007.1,0
2021-06-27,Khanh_Hoa,33.7,26.6,29.8,72,14.8,42,1008.1,0
2021-06-28,Khanh_Hoa,33.9,25.8,30.1,71,14.7,52,1006.6,1
2021-06-29,Khanh_Hoa,34.4,27.2,30.3,71,16.0,51,1006.0,0
2021-06-30,Khanh_Hoa,33.7,26.7,30.1,71,12.1,68,1006.2,0
2021-07-01,Khanh_Hoa,34.3,26.9,30.6,67,15.0,18,1006.5,0
2021-07-02,Khanh_Hoa,34.7,26.7,30.5,69,13.9,11,1006.7,1
2021-07-03,Khanh_Hoa,34.0,27.0,30.4,66,17.8,40,1005.7,0
2021-07-04,Khanh_Hoa,35.1,27.1,30.8,65,14.6,53,1004.5,0
2021-07-05,Khanh_Hoa,31.3,27.1,28.5,77,11.2,100,1003.9,1
2021-07-06,Khanh_Hoa,31.8,26.6,29.0,75,13.2,100,1003.3,0
2021-07-07,Khanh_Hoa,32.7,26.8,28.9,71,12.8,87,1005.1,1
2021-07-08,Khanh_Hoa,29.8,25.1,27.2,84,9.5,98,1006.8,1
2021-07-09,Khanh_Hoa,29.7,24.1,26.9,85,16.8,60,1007.0,1
2021-07-10,Khanh_Hoa,30.2,25.1,27.5,81,10.8,40,1007.5,1
2021-07-11,Khanh_Hoa,27.7,25.2,26.4,85,8.9,70,1008.9,1
2021-07-12,Khanh_Hoa,30.1,24.6,27.3,84,12.8,51,1008.8,1
2021-07-13,Khanh_Hoa,29.4,25.4,27.2,84,11.8,62,1007.4,1
2021-07-14,Khanh_Hoa,30.5,24.6,27.5,82,12.1,65,1006.3,1
2021-07-15,Khanh_Hoa,29.4,25.2,27.2,83,10.9,94,1007.4,1
2021-07-16,Khanh_Hoa,31.4,25.9,28.1,82,11.4,84,1007.6,1
2021-07-17,Khanh_Hoa,32.3,25.3,28.7,77,16.6,76,1005.3,1
2021-07-18,Khanh_Hoa,32.5,26.4,29.0,76,12.3,90,1003.8,1
2021-07-19,Khanh_Hoa,33.9,27.1,30.0,62,14.0,83,1004.2,0
2021-07-20,Khanh_Hoa,32.8,26.2,29.3,64,12.5,77,1005.0,0
2021-07-21,Khanh_Hoa,34.9,26.4,30.1,63,13.9,68,1004.5,1
2021-07-22,Khanh_Hoa,35.0,26.8,30.6,61,9.0,89,1003.6,0
2021-07-23,Khanh_Hoa,35.2,27.0,30.8,58,7.0,96,1002.8,0
2021-07-24,Khanh_Hoa,34.3,27.1,30.1,61,10.9,92,1002.7,0
2021-07-25,Khanh_Hoa,35.0,26.2,30.5,61,18.0,50,1003.1,1
2021-07-26,Khanh_Hoa,35.7,26.8,31.4,57,9.4,27,1002.7,0
2021-07-27,Khanh_Hoa,35.5,26.9,31.6,57,12.9,32,1001.5,0
2021-07-28,Khanh_Hoa,35.7,28.0,31.9,58,16.3,91,1001.5,1
2021-07-29,Khanh_Hoa,35.2,28.1,31.1,66,20.5,87,1002.7,1
2021-07-30,Khanh_Hoa,35.1,28.1,31.4,65,17.7,67,1004.0,0
2021-07-31,Khanh_Hoa,35.3,27.6,31.2,63,17.7,68,1004.1,1
2021-08-01,Khanh_Hoa,35.4,27.4,31.0,64,22.4,48,1002.7,1
2021-08-02,Khanh_Hoa,36.0,27.3,31.9,56,18.7,48,1002.7,1
2021-08-03,Khanh_Hoa,36.2,28.2,31.8,60,11.5,77,1003.4,1
2021-08-04,Khanh_Hoa,35.9,28.5,31.8,57,7.1,99,1004.3,0
2021-08-05,Khanh_Hoa,35.4,28.6,31.7,63,14.3,88,1003.9,1
2021-08-06,Khanh_Hoa,36.3,28.1,31.7,62,14.9,90,1004.3,0
2021-08-07,Khanh_Hoa,35.7,28.0,31.8,60,18.2,85,1005.1,0
2021-08-08,Khanh_Hoa,34.7,28.5,31.2,66,15.0,98,1005.7,1
2021-08-09,Khanh_Hoa,35.6,28.3,31.4,66,15.2,51,1004.9,0
2021-08-10,Khanh_Hoa,35.2,28.1,30.9,70,15.8,61,1004.3,1
2021-08-11,Khanh_Hoa,34.2,27.3,30.3,69,17.6,50,1006.9,1
2021-08-12,Khanh_Hoa,32.4,26.3,29.2,77,13.3,70,1009.0,1
2021-08-13,Khanh_Hoa,32.8,26.0,29.1,79,16.0,78,1007.0,1
2021-08-14,Khanh_Hoa,32.5,26.4,29.4,77,10.2,85,1005.9,0
2021-08-15,Khanh_Hoa,32.2,26.1,28.6,81,14.5,57,1008.5,1
2021-08-16,Khanh_Hoa,31.6,25.5,28.3,77,12.9,49,1011.2,1
2021-08-17,Khanh_Hoa,31.5,25.0,28.2,74,12.6,20,1010.1,0
2021-08-18,Khanh_Hoa,32.3,24.7,28.5,70,15.8,5,1008.1,0
2021-08-19,Khanh_Hoa,31.9,25.2,28.6,73,17.6,47,1007.3,0
2021-08-20,Khanh_Hoa,32.3,25.5,28.9,72,17.0,26,1008.2,1
2021-08-21,Khanh_Hoa,33.1,25.3,29.2,70,16.2,32,1008.0,1
2021-08-22,Khanh_Hoa,33.4,25.6,28.9,77,14.5,48,1007.0,1
2021-08-23,Khanh_Hoa,32.1,25.6,28.5,80,13.2,68,1006.2,1
2021-08-24,Khanh_Hoa,32.1,26.5,29.1,73,13.8,68,1005.8,0
2021-08-25,Khanh_Hoa,31.8,25.4,28.2,80,10.6,92,1006.2,1
2021-08-26,Khanh_Hoa,30.4,24.9,27.6,83,10.4,98,1007.0,1
2021-08-27,Khanh_Hoa,30.2,24.4,26.8,85,10.4,96,1007.5,1
2021-08-28,Khanh_Hoa,28.9,23.8,26.1,88,11.8,77,1007.4,1
2021-08-29,Khanh_Hoa,29.1,24.4,26.4,87,12.6,79,1007.1,1
2021-08-30,Khanh_Hoa,28.7,24.7,26.5,89,8.3,74,1008.0,1
2021-08-31,Khanh_Hoa,29.6,25.2,27.2,85,9.4,92,1008.5,1
2021-09-01,Khanh_Hoa,30.0,25.0,27.5,83,9.8,65,1008.1,1
2021-09-02,Khanh_Hoa,30.8,25.4,27.9,83,16.7,85,1007.4,1
2021-09-03,Khanh_Hoa,30.8,24.9,27.7,81,9.5,81,1006.7,1
2021-09-04,Khanh_Hoa,31.6,25.1,27.1,84,14.1,92,1006.5,1
2021-09-05,Khanh_Hoa,30.3,24.5,26.8,86,12.0,78,1007.4,1
2021-09-06,Khanh_Hoa,29.1,24.6,26.6,87,7.4,70,1008.0,1
2021-09-07,Khanh_Hoa,29.5,25.2,26.7,87,9.4,96,1007.3,1
2021-09-08,Khanh_Hoa,29.7,24.7,26.5,89,10.5,84,1006.1,1
2021-09-09,Khanh_Hoa,30.3,24.8,26.7,90,9.0,92,1006.9,1
2021-09-10,Khanh_Hoa,28.9,24.8,26.8,87,8.3,100,1005.8,1
2021-09-11,Khanh_Hoa,29.0,25.0,27.0,88,7.3,99,1002.6,1
2021-09-12,Khanh_Hoa,31.8,25.7,28.4,75,8.5,88,1000.9,1
2021-09-13,Khanh_Hoa,31.7,26.6,28.8,77,11.2,78,1003.5,1
2021-09-14,Khanh_Hoa,30.1,26.2,27.6,85,16.1,85,1007.8,1
2021-09-15,Khanh_Hoa,29.9,24.6,27.3,85,13.9,90,1010.2,1
2021-09-16,Khanh_Hoa,29.7,24.8,27.2,83,10.4,89,1009.6,1
2021-09-17,Khanh_Hoa,30.5,24.8,27.6,81,10.5,44,1008.4,0
2021-09-18,Khanh_Hoa,27.5,25.5,26.3,89,8.3,92,1008.6,1
2021-09-19,Khanh_Hoa,26.1,24.2,25.1,97,6.2,98,1007.8,1
2021-09-20,Khanh_Hoa,29.4,24.1,26.1,87,10.9,99,1007.6,1
2021-09-21,Khanh_Hoa,29.6,24.0,26.7,86,10.0,57,1007.2,1
2021-09-22,Khanh_Hoa,29.3,24.7,26.5,86,9.0,88,1007.6,1
2021-09-23,Khanh_Hoa,29.2,23.8,26.1,88,9.4,100,1006.9,1
2021-09-24,Khanh_Hoa,30.1,24.4,26.8,84,7.9,97,1007.6,1
2021-09-25,Khanh_Hoa,29.6,24.7,26.5,89,11.5,98,1008.0,1
2021-09-26,Khanh_Hoa,28.1,24.2,26.2,90,7.6,70,1008.1,1
2021-09-27,Khanh_Hoa,29.8,24.9,27.3,82,13.6,45,1008.2,1
2021-09-28,Khanh_Hoa,30.9,24.1,27.5,80,14.8,77,1007.8,1
2021-09-29,Khanh_Hoa,30.3,25.2,27.4,86,14.8,49,1007.4,1
2021-09-30,Khanh_Hoa,30.2,25.0,27.2,86,11.4,42,1008.1,1
2021-10-01,Khanh_Hoa,29.8,25.2,27.3,86,9.0,78,1008.6,1
2021-10-02,Khanh_Hoa,29.6,25.0,27.2,82,10.0,75,1009.0,1
2021-10-03,Khanh_Hoa,29.5,24.7,27.0,82,9.5,94,1008.5,1
2021-10-04,Khanh_Hoa,29.7,24.7,26.8,82,18.1,87,1006.9,1
2021-10-05,Khanh_Hoa,29.1,24.4,26.1,91,15.6,95,1005.8,1
2021-10-06,Khanh_Hoa,27.2,23.6,25.2,95,9.4,100,1002.5,1
2021-10-07,Khanh_Hoa,31.5,24.1,27.3,85,7.6,100,1000.8,1
2021-10-08,Khanh_Hoa,31.5,26.0,28.4,76,8.9,100,1001.0,0
2021-10-09,Khanh_Hoa,31.6,26.2,28.3,76,9.2,99,1003.3,1
2021-10-10,Khanh_Hoa,31.3,26.7,28.5,79,11.8,94,1004.0,1
2021-10-11,Khanh_Hoa,31.2,25.2,27.4,81,11.5,87,1003.8,1
2021-10-12,Khanh_Hoa,31.2,24.9,26.9,86,10.3,100,1002.9,1
2021-10-13,Khanh_Hoa,28.7,25.1,26.8,87,7.2,100,1001.4,1
2021-10-14,Khanh_Hoa,29.9,25.0,27.4,84,10.0,100,1003.8,1
2021-10-15,Khanh_Hoa,30.0,24.3,26.3,89,9.7,100,1005.7,1
2021-10-16,Khanh_Hoa,29.9,23.9,25.8,91,11.0,100,1006.7,1
2021-10-17,Khanh_Hoa,28.0,24.0,25.8,92,8.7,100,1007.5,1
2021-10-18,Khanh_Hoa,29.1,23.9,26.5,87,10.1,96,1010.7,1
2021-10-19,Khanh_Hoa,29.4,24.2,26.6,87,15.1,97,1012.8,1
2021-10-20,Khanh_Hoa,28.8,23.5,25.5,91,10.4,98,1012.8,1
2021-10-21,Khanh_Hoa,29.0,23.5,26.3,85,10.5,100,1011.5,1
2021-10-22,Khanh_Hoa,29.2,23.8,26.3,86,17.6,62,1012.0,1
2021-10-23,Khanh_Hoa,27.5,24.3,25.6,89,15.1,98,1012.3,1
2021-10-24,Khanh_Hoa,26.9,24.1,25.1,88,14.8,98,1011.3,1
2021-10-25,Khanh_Hoa,26.4,22.9,24.8,91,18.2,100,1009.7,1
2021-10-26,Khanh_Hoa,26.3,22.6,24.3,93,14.8,100,1007.3,1
2021-10-27,Khanh_Hoa,28.6,22.6,25.4,89,20.0,100,1006.9,1
2021-10-28,Khanh_Hoa,28.5,23.6,25.6,90,8.8,90,1011.4,1
2021-10-29,Khanh_Hoa,29.3,23.9,26.0,86,18.0,72,1012.3,1
2021-10-30,Khanh_Hoa,28.2,23.9,25.4,90,12.2,83,1012.9,1
2021-10-31,Khanh_Hoa,27.1,22.8,24.7,92,9.7,97,1013.0,1
2021-11-01,Khanh_Hoa,28.4,24.1,25.9,86,16.8,74,1012.3,1
2021-11-02,Khanh_Hoa,29.1,23.5,26.0,82,18.6,87,1012.0,1
2021-11-03,Khanh_Hoa,28.9,22.6,25.7,84,21.1,92,1011.4,1
2021-11-04,Khanh_Hoa,29.0,22.9,26.0,84,17.9,98,1010.7,1
2021-11-05,Khanh_Hoa,28.5,24.2,26.3,83,14.0,97,1009.4,1
2021-11-06,Khanh_Hoa,29.5,24.1,26.4,82,13.0,63,1007.4,0
2021-11-07,Khanh_Hoa,27.2,24.2,25.2,89,16.1,97,1008.1,1
2021-11-08,Khanh_Hoa,27.3,23.2,25.2,89,15.3,91,1009.8,1
2021-11-09,Khanh_Hoa,26.1,23.0,24.5,93,20.3,98,1011.0,1
2021-11-10,Khanh_Hoa,25.7,23.0,24.0,96,15.7,100,1011.1,1
2021-11-11,Khanh_Hoa,25.8,23.2,24.2,97,22.7,100,1010.9,1
2021-11-12,Khanh_Hoa,26.4,23.4,24.7,92,14.4,100,1011.6,1
2021-11-13,Khanh_Hoa,27.2,23.5,24.6,93,12.5,99,1010.8,1
2021-11-14,Khanh_Hoa,25.3,22.8,23.9,97,19.9,100,1010.9,1
2021-11-15,Khanh_Hoa,25.7,23.3,24.2,96,14.9,100,1010.0,1
2021-11-16,Khanh_Hoa,25.9,23.0,24.3,93,10.9,100,1010.1,1
2021-11-17,Khanh_Hoa,26.8,23.3,24.5,95,15.8,100,1010.3,1
2021-11-18,Khanh_Hoa,25.9,22.7,24.3,91,16.5,98,1009.4,1
2021-11-19,Khanh_Hoa,27.8,23.5,25.6,85,20.6,87,1008.2,1
2021-11-20,Khanh_Hoa,26.8,24.3,25.0,91,11.8,92,1008.2,1
2021-11-21,Khanh_Hoa,27.1,24.2,24.9,93,13.0,99,1009.7,1
2021-11-22,Khanh_Hoa,26.6,24.0,24.9,93,18.7,98,1010.6,1
2021-11-23,Khanh_Hoa,25.6,23.3,24.3,93,23.6,100,1011.4,1
2021-11-24,Khanh_Hoa,26.8,23.1,25.0,87,23.3,98,1011.8,1
2021-11-25,Khanh_Hoa,27.0,23.0,24.9,83,20.5,100,1011.7,1
2021-11-26,Khanh_Hoa,26.5,22.4,24.2,83,15.8,100,1010.9,1
2021-11-27,Khanh_Hoa,23.3,21.6,22.6,98,17.6,100,1010.6,1
2021-11-28,Khanh_Hoa,25.0,22.4,23.6,97,18.4,100,1009.6,1
2021-11-29,Khanh_Hoa,25.0,23.1,24.0,98,14.3,100,1009.6,1
2021-11-30,Khanh_Hoa,25.5,22.7,23.9,95,24.8,100,1011.0,1
2021-12-01,Khanh_Hoa,26.4,23.2,24.6,75,28.8,93,1013.3,1
2021-12-02,Khanh_Hoa,26.0,22.6,23.9,74,26.1,93,1013.9,1
2021-12-03,Khanh_Hoa,26.3,21.5,23.4,68,22.9,81,1015.1,0
2021-12-04,Khanh_Hoa,25.7,19.6,22.6,65,25.3,97,1014.8,0
2021-12-05,Khanh_Hoa,26.1,21.7,23.9,73,21.0,88,1012.7,0
2021-12-06,Khanh_Hoa,25.9,22.1,23.8,79,24.1,68,1013.0,1
2021-12-07,Khanh_Hoa,26.0,21.4,23.7,73,25.2,91,1013.9,1
2021-12-08,Khanh_Hoa,26.6,21.2,23.8,78,15.0,98,1013.2,1
2021-12-09,Khanh_Hoa,26.6,22.7,24.4,82,24.7,88,1014.4,1
2021-12-10,Khanh_Hoa,26.8,22.3,24.2,74,25.7,62,1014.3,0
2021-12-11,Khanh_Hoa,27.0,21.9,24.3,75,20.5,81,1013.9,0
2021-12-12,Khanh_Hoa,27.2,22.7,24.6,77,24.8,87,1013.5,1
2021-12-13,Khanh_Hoa,25.8,22.2,23.7,81,27.6,100,1013.2,1
2021-12-14,Khanh_Hoa,25.4,23.0,24.0,85,23.9,93,1011.8,1
2021-12-15,Khanh_Hoa,27.6,22.9,24.8,82,19.9,56,1011.0,0
2021-12-16,Khanh_Hoa,28.1,23.0,25.0,80,17.6,68,1011.3,0
2021-12-17,Khanh_Hoa,27.8,22.2,24.8,79,22.9,94,1011.6,1
2021-12-18,Khanh_Hoa,26.6,23.3,24.5,73,23.4,100,1011.1,1
2021-12-19,Khanh_Hoa,26.5,22.7,24.4,73,21.1,100,1008.3,1
2021-12-20,Khanh_Hoa,27.6,21.4,24.6,84,10.4,100,1011.4,1
2021-12-21,Khanh_Hoa,25.8,23.3,24.3,86,18.9,84,1013.2,1
2021-12-22,Khanh_Hoa,26.0,22.7,24.3,82,21.9,92,1013.1,1
2021-12-23,Khanh_Hoa,26.9,22.5,24.2,81,19.6,67,1012.6,1
2021-12-24,Khanh_Hoa,27.0,22.2,24.1,80,17.6,39,1012.6,0
2021-12-25,Khanh_Hoa,27.4,22.3,24.6,81,17.5,49,1013.2,1
2021-12-26,Khanh_Hoa,27.1,22.4,24.5,84,20.6,77,1014.2,1
2021-12-27,Khanh_Hoa,26.3,23.0,24.3,85,18.3,62,1014.4,1
2021-12-28,Khanh_Hoa,25.1,22.5,23.9,89,23.4,99,1014.8,1
2021-12-29,Khanh_Hoa,26.2,22.5,24.3,85,27.0,86,1015.0,1
2021-12-30,Khanh_Hoa,26.4,23.1,24.2,79,28.6,93,1016.4,1
2021-12-31,Khanh_Hoa,26.1,22.5,23.9,75,29.4,75,1016.6,1
2021-01-01,Lam_Dong,17.6,12.9,14.5,85,29.0,100,851.4,1
2021-01-02,Lam_Dong,19.1,14.1,15.9,85,29.1,69,851.8,0
2021-01-03,Lam_Dong,22.0,14.4,17.3,81,22.9,58,852.4,0
2021-01-04,Lam_Dong,20.1,15.8,17.3,87,34.0,99,852.2,1
2021-01-05,Lam_Dong,21.0,15.6,17.6,86,28.2,62,852.8,1
2021-01-06,Lam_Dong,20.6,14.9,17.4,84,30.1,69,852.0,0
2021-01-07,Lam_Dong,21.5,14.1,17.0,79,20.1,56,851.4,0
2021-01-08,Lam_Dong,21.1,14.1,16.6,79,29.5,61,851.6,0
2021-01-09,Lam_Dong,19.0,13.1,15.3,80,30.9,67,851.2,0
2021-01-10,Lam_Dong,20.0,12.1,15.3,78,24.4,48,851.4,0
2021-01-11,Lam_Dong,19.8,12.2,15.1,81,28.1,70,852.5,0
2021-01-12,Lam_Dong,17.9,11.1,13.6,81,28.6,69,851.7,0
2021-01-13,Lam_Dong,20.7,11.4,15.5,75,18.5,23,850.9,0
2021-01-14,Lam_Dong,21.6,10.3,15.7,77,8.2,40,851.2,0
2021-01-15,Lam_Dong,22.3,11.1,15.7,70,11.5,49,850.2,0
2021-01-16,Lam_Dong,22.3,11.2,16.0,71,12.9,45,850.6,0
2021-01-17,Lam_Dong,19.6,12.1,14.8,73,28.2,69,851.9,0
2021-01-18,Lam_Dong,18.8,11.4,14.1,76,29.5,68,851.8,0
2021-01-19,Lam_Dong,21.4,11.6,15.5,82,19.7,85,851.5,0
2021-01-20,Lam_Dong,22.9,12.9,17.3,84,14.3,69,852.2,1
2021-01-21,Lam_Dong,21.8,14.3,17.7,87,11.5,85,852.0,1
2021-01-22,Lam_Dong,21.0,13.4,17.2,86,10.4,70,851.4,1
2021-01-23,Lam_Dong,21.3,14.8,17.3,84,10.5,74,852.0,1
2021-01-24,Lam_Dong,22.1,14.1,17.5,87,10.2,62,852.5,1
2021-01-25,Lam_Dong,23.5,13.5,17.8,66,12.1,80,852.1,0
2021-01-26,Lam_Dong,22.2,14.9,17.9,69,13.3,48,852.0,1
2021-01-27,Lam_Dong,22.6,14.3,17.7,82,20.4,84,852.3,0
2021-01-28,Lam_Dong,23.0,13.4,17.0,70,23.4,83,852.8,0
2021-01-29,Lam_Dong,21.5,12.3,15.8,73,24.2,91,852.5,0
2021-01-30,Lam_Dong,21.9,12.1,15.8,65,18.5,87,852.9,0
2021-01-31,Lam_Dong,21.9,12.9,16.6,74,18.3,95,853.4,0
2021-02-01,Lam_Dong,23.3,11.8,17.1,75,13.0,72,853.4,0
2021-02-02,Lam_Dong,23.1,12.1,16.7,62,15.3,90,853.3,0
2021-02-03,Lam_Dong,22.1,13.2,16.8,72,21.7,48,853.4,0
2021-02-04,Lam_Dong,22.8,13.4,17.3,71,19.5,56,854.0,0
2021-02-05,Lam_Dong,24.9,13.1,17.6,76,13.4,66,853.5,1
2021-02-06,Lam_Dong,23.3,13.4,17.6,70,15.0,40,852.5,0
2021-02-07,Lam_Dong,23.2,14.7,18.1,80,15.2,64,853.3,1
2021-02-08,Lam_Dong,24.1,15.0,18.3,75,18.6,63,852.9,0
2021-02-09,Lam_Dong,23.6,15.4,18.6,75,17.1,27,852.1,1
2021-02-10,Lam_Dong,22.8,14.1,17.7,87,10.2,45,851.6,1
2021-02-11,Lam_Dong,21.2,13.6,16.9,89,8.4,82,851.5,1
2021-02-12,Lam_Dong,23.8,12.1,16.9,76,11.8,52,852.1,0
2021-02-13,Lam_Dong,23.4,9.6,16.3,68,10.4,53,852.1,0
2021-02-14,Lam_Dong,23.0,10.6,16.0,65,11.2,43,852.3,0
2021-02-15,Lam_Dong,23.6,10.6,16.3,58,10.8,36,851.4,0
2021-02-16,Lam_Dong,23.8,10.4,16.6,70,14.1,39,851.4,0
2021-02-17,Lam_Dong,21.4,12.3,16.1,57,22.3,23,852.8,0
2021-02-18,Lam_Dong,20.2,11.4,15.1,69,28.5,48,854.0,0
2021-02-19,Lam_Dong,20.6,12.4,15.6,76,32.2,32,854.3,0
2021-02-20,Lam_Dong,21.2,11.1,15.3,68,24.7,42,853.1,0
2021-02-21,Lam_Dong,23.8,8.8,15.7,59,13.8,61,852.2,0
2021-02-22,Lam_Dong,25.0,9.4,17.0,46,12.3,52,851.7,0
2021-02-23,Lam_Dong,25.2,14.1,19.1,41,11.8,42,851.9,0
2021-02-24,Lam_Dong,26.0,13.9,19.3,50,11.3,38,851.2,0
2021-02-25,Lam_Dong,27.0,13.5,19.2,65,11.0,61,850.4,0
2021-02-26,Lam_Dong,27.0,13.1,18.9,73,10.5,64,849.8,1
2021-02-27,Lam_Dong,24.4,13.1,18.4,79,13.8,18,850.7,1
2021-02-28,Lam_Dong,23.0,14.1,18.1,78,18.1,45,852.4,1
2021-03-01,Lam_Dong,24.6,14.7,18.7,85,9.4,64,854.5,1
2021-03-02,Lam_Dong,24.5,14.6,19.0,81,15.5,51,854.6,1
2021-03-03,Lam_Dong,23.9,15.8,18.8,72,24.5,56,854.2,0
2021-03-04,Lam_Dong,24.5,14.8,18.7,71,16.4,4,854.9,0
2021-03-05,Lam_Dong,25.1,13.0,18.2,49,15.0,0,854.5,0
2021-03-06,Lam_Dong,26.5,12.9,19.0,50,13.7,16,854.9,0
2021-03-07,Lam_Dong,25.4,15.4,19.2,55,18.9,24,854.6,0
2021-03-08,Lam_Dong,24.5,14.7,18.5,68,19.2,39,854.6,0
2021-03-09,Lam_Dong,24.5,13.9,18.3,62,17.4,12,854.4,0
2021-03-10,Lam_Dong,24.4,14.6,18.4,71,17.8,13,854.3,1
2021-03-11,Lam_Dong,23.6,14.8,18.3,76,20.1,26,854.4,1
2021-03-12,Lam_Dong,24.1,14.8,18.6,59,21.6,20,854.3,0
2021-03-13,Lam_Dong,26.4,14.1,19.3,58,15.6,15,854.2,0
2021-03-14,Lam_Dong,26.2,14.1,19.4,51,14.2,27,852.5,0
2021-03-15,Lam_Dong,27.2,12.9,19.2,51,12.0,45,851.9,1
2021-03-16,Lam_Dong,26.4,14.4,19.7,52,12.2,29,851.9,0
2021-03-17,Lam_Dong,27.0,12.9,19.4,52,11.5,81,851.9,0
2021-03-18,Lam_Dong,27.5,14.6,20.3,67,13.7,76,852.2,1
2021-03-19,Lam_Dong,27.9,14.7,20.7,75,10.9,56,852.0,1
2021-03-20,Lam_Dong,26.9,14.3,20.5,74,8.9,68,851.2,1
2021-03-21,Lam_Dong,28.0,15.1,20.7,65,20.5,61,851.8,0
2021-03-22,Lam_Dong,24.8,16.0,19.3,69,30.9,19,853.4,0
2021-03-23,Lam_Dong,24.2,16.2,19.3,73,31.3,71,853.5,0
2021-03-24,Lam_Dong,24.5,16.8,19.6,79,24.6,84,852.8,1
2021-03-25,Lam_Dong,25.8,16.0,20.0,74,20.6,61,853.0,0
2021-03-26,Lam_Dong,25.8,15.5,19.8,74,15.9,54,852.7,1
2021-03-27,Lam_Dong,27.5,15.1,20.2,68,15.8,52,852.1,0
2021-03-28,Lam_Dong,27.8,14.1,20.2,64,13.8,74,851.6,0
2021-03-29,Lam_Dong,28.1,13.6,20.4,57,11.5,49,850.8,0
2021-03-30,Lam_Dong,28.3,13.6,20.6,67,9.8,22,849.9,1
2021-03-31,Lam_Dong,27.1,14.6,20.5,73,10.5,44,849.7,1
2021-04-01,Lam_Dong,27.9,16.5,21.2,74,6.6,48,850.5,1
2021-04-02,Lam_Dong,26.4,17.3,20.6,84,7.2,70,851.4,1
2021-04-03,Lam_Dong,25.9,15.7,19.9,79,13.1,46,851.6,0
2021-04-04,Lam_Dong,24.8,15.4,19.5,80,17.0,40,851.9,1
2021-04-05,Lam_Dong,25.6,14.2,19.3,65,16.6,78,853.1,0
2021-04-06,Lam_Dong,24.9,15.1,19.1,70,20.6,59,853.7,0
2021-04-07,Lam_Dong,25.8,15.1,19.5,70,12.8,49,853.5,1
2021-04-08,Lam_Dong,24.5,13.9,18.9,77,7.5,58,852.3,1
2021-04-09,Lam_Dong,26.9,14.9,19.8,73,13.6,70,852.5,1
2021-04-10,Lam_Dong,24.5,15.9,19.3,79,19.5,28,853.7,1
2021-04-11,Lam_Dong,24.3,16.5,19.4,81,19.9,44,854.8,1
2021-04-12,Lam_Dong,23.5,16.5,19.0,87,15.5,77,854.8,1
2021-04-13,Lam_Dong,25.4,15.1,19.8,80,9.4,43,854.1,1
2021-04-14,Lam_Dong,26.0,13.1,19.3,74,9.4,82,853.1,1
2021-04-15,Lam_Dong,26.4,14.8,20.0,76,8.4,42,852.8,1
2021-04-16,Lam_Dong,26.2,13.9,19.6,74,13.6,59,852.8,1
2021-04-17,Lam_Dong,25.3,15.7,19.7,79,9.2,93,854.0,1
2021-04-18,Lam_Dong,25.7,13.8,19.4,73,10.9,62,853.4,1
2021-04-19,Lam_Dong,25.1,15.9,19.4,84,8.8,87,852.5,1
2021-04-20,Lam_Dong,24.4,16.5,19.5,87,11.7,88,852.5,1
2021-04-21,Lam_Dong,23.3,15.9,19.0,91,7.6,94,852.4,1
2021-04-22,Lam_Dong,22.4,16.7,18.7,94,6.9,96,851.7,1
2021-04-23,Lam_Dong,23.4,16.2,19.0,93,12.1,95,851.3,1
2021-04-24,Lam_Dong,24.1,16.2,19.4,89,9.7,67,851.9,1
2021-04-25,Lam_Dong,24.0,17.0,19.5,88,8.4,70,852.5,1
2021-04-26,Lam_Dong,23.0,16.2,19.2,90,10.2,69,852.4,1
2021-04-27,Lam_Dong,23.6,15.5,18.7,87,11.3,90,853.3,1
2021-04-28,Lam_Dong,23.8,15.9,19.1,84,15.5,90,854.1,0
2021-04-29,Lam_Dong,23.6,14.6,18.6,81,16.0,35,853.2,0
2021-04-30,Lam_Dong,22.8,14.1,18.4,85,15.3,70,853.1,1
2021-05-01,Lam_Dong,23.2,15.4,19.1,89,10.6,47,853.8,1
2021-05-02,Lam_Dong,23.9,15.6,19.7,85,12.9,47,853.6,1
2021-05-03,Lam_Dong,24.8,15.5,19.5,76,13.6,77,852.3,0
2021-05-04,Lam_Dong,25.2,15.8,20.1,75,15.2,30,852.1,0
2021-05-05,Lam_Dong,24.0,16.9,19.9,80,19.9,76,852.4,1
2021-05-06,Lam_Dong,23.8,17.3,19.8,83,23.8,73,853.7,1
2021-05-07,Lam_Dong,24.2,17.2,20.0,80,17.8,84,853.8,1
2021-05-08,Lam_Dong,24.8,16.3,20.0,85,12.1,76,852.8,1
2021-05-09,Lam_Dong,25.2,15.3,20.0,81,10.0,57,852.2,1
2021-05-10,Lam_Dong,25.5,15.0,20.2,83,9.4,34,852.1,1
2021-05-11,Lam_Dong,24.4,16.1,20.1,86,8.3,41,851.7,1
2021-05-12,Lam_Dong,25.5,16.5,20.7,84,7.4,77,851.5,1
2021-05-13,Lam_Dong,24.7,16.9,20.5,88,10.1,56,851.1,1
2021-05-14,Lam_Dong,24.3,16.7,19.9,89,16.2,82,851.1,1
2021-05-15,Lam_Dong,23.8,17.1,20.0,87,16.9,76,851.7,1
2021-05-16,Lam_Dong,25.0,15.1,20.2,86,13.2,41,851.5,1
2021-05-17,Lam_Dong,24.0,17.5,20.1,93,14.6,86,852.2,1
2021-05-18,Lam_Dong,24.6,16.6,20.0,88,11.9,67,852.4,1
2021-05-19,Lam_Dong,24.7,15.9,19.9,86,10.6,94,851.8,1
2021-05-20,Lam_Dong,25.1,15.9,20.4,85,7.6,69,852.3,1
2021-05-21,Lam_Dong,23.4,16.6,19.9,91,9.1,93,851.7,1
2021-05-22,Lam_Dong,24.1,17.0,19.4,90,14.4,84,850.4,1
2021-05-23,Lam_Dong,23.9,16.1,19.5,89,9.7,91,849.9,1
2021-05-24,Lam_Dong,21.8,17.8,19.2,94,11.9,95,850.3,1
2021-05-25,Lam_Dong,21.0,15.9,18.5,95,11.2,84,850.4,1
2021-05-26,Lam_Dong,23.1,17.2,18.9,94,13.7,88,850.6,1
2021-05-27,Lam_Dong,23.7,16.4,19.1,93,12.6,61,851.5,1
2021-05-28,Lam_Dong,23.9,16.5,19.7,90,12.3,78,853.2,1
2021-05-29,Lam_Dong,24.0,16.7,19.9,91,11.1,63,853.0,1
2021-05-30,Lam_Dong,24.4,17.6,20.6,87,11.2,57,852.2,1
2021-05-31,Lam_Dong,24.6,18.0,20.6,89,7.6,74,851.0,1
2021-06-01,Lam_Dong,24.5,16.7,20.2,88,7.5,76,851.0,1
2021-06-02,Lam_Dong,24.5,16.0,20.0,86,7.2,94,851.2,1
2021-06-03,Lam_Dong,24.5,16.8,20.1,88,11.3,77,852.1,1
2021-06-04,Lam_Dong,25.4,17.5,20.7,86,13.1,74,852.1,1
2021-06-05,Lam_Dong,23.7,17.0,19.9,91,15.3,81,851.9,1
2021-06-06,Lam_Dong,23.6,17.6,19.9,89,19.4,97,851.3,1
2021-06-07,Lam_Dong,22.9,18.0,19.4,92,23.7,98,851.7,1
2021-06-08,Lam_Dong,21.3,17.0,18.5,91,24.3,100,852.0,1
2021-06-09,Lam_Dong,22.1,16.8,18.8,87,25.1,92,851.2,1
2021-06-10,Lam_Dong,21.3,17.0,18.6,91,25.5,100,849.6,1
2021-06-11,Lam_Dong,21.0,17.4,18.8,90,24.6,99,848.6,1
2021-06-12,Lam_Dong,20.8,17.0,18.2,91,31.4,99,849.4,1
2021-06-13,Lam_Dong,21.5,16.4,18.5,91,24.0,80,851.0,1
2021-06-14,Lam_Dong,23.2,17.0,19.5,87,21.3,89,851.5,1
2021-06-15,Lam_Dong,23.5,16.6,19.5,86,18.1,63,850.9,1
2021-06-16,Lam_Dong,22.6,16.0,19.2,88,16.2,60,852.0,1
2021-06-17,Lam_Dong,24.1,15.9,19.7,83,8.3,37,852.9,1
2021-06-18,Lam_Dong,24.1,16.0,19.7,87,11.9,43,853.3,1
2021-06-19,Lam_Dong,24.9,16.8,19.8,86,14.8,54,852.6,1
2021-06-20,Lam_Dong,23.5,16.2,19.4,88,18.2,59,851.3,1
2021-06-21,Lam_Dong,22.4,16.7,19.3,91,20.1,69,851.0,1
2021-06-22,Lam_Dong,23.5,17.3,19.5,92,19.5,74,851.9,1
2021-06-23,Lam_Dong,23.7,16.4,19.3,90,20.9,57,852.2,1
2021-06-24,Lam_Dong,23.6,16.5,19.7,88,14.2,54,851.5,1
2021-06-25,Lam_Dong,23.4,16.2,19.0,92,11.3,72,851.1,1
2021-06-26,Lam_Dong,23.0,16.5,19.2,91,13.8,55,852.4,1
2021-06-27,Lam_Dong,23.9,15.4,19.5,86,10.2,46,853.2,1
2021-06-28,Lam_Dong,24.2,16.5,19.6,88,17.7,57,852.3,1
2021-06-29,Lam_Dong,23.8,16.5,20.0,86,10.2,61,851.9,1
2021-06-30,Lam_Dong,23.3,17.5,19.8,89,12.1,85,852.0,1
2021-07-01,Lam_Dong,24.4,17.0,20.2,86,13.0,47,852.5,1
2021-07-02,Lam_Dong,24.9,16.2,19.8,88,10.0,29,852.3,1
2021-07-03,Lam_Dong,25.5,16.6,20.5,83,8.4,41,851.5,1
2021-07-04,Lam_Dong,25.1,16.8,20.0,87,10.9,69,850.4,1
2021-07-05,Lam_Dong,23.1,16.7,19.2,90,11.9,93,849.4,1
2021-07-06,Lam_Dong,21.1,17.8,18.9,90,16.1,100,848.9,1
2021-07-07,Lam_Dong,21.7,17.0,18.6,94,17.8,97,850.2,1
2021-07-08,Lam_Dong,21.0,16.6,18.3,94,11.9,99,850.6,1
2021-07-09,Lam_Dong,20.7,16.4,18.3,97,11.3,96,850.5,1
2021-07-10,Lam_Dong,22.7,15.4,18.7,90,13.3,78,851.0,1
2021-07-11,Lam_Dong,23.0,15.1,18.5,88,14.5,58,851.7,1
2021-07-12,Lam_Dong,23.5,15.1,18.8,88,12.6,55,851.9,1
2021-07-13,Lam_Dong,23.5,15.1,18.9,89,8.9,89,850.9,1
2021-07-14,Lam_Dong,23.3,15.9,19.0,91,11.3,86,850.2,1
2021-07-15,Lam_Dong,22.8,16.2,18.8,92,9.8,97,851.1,1
2021-07-16,Lam_Dong,21.6,16.4,18.8,89,23.8,91,852.0,1
2021-07-17,Lam_Dong,23.4,15.8,19.1,87,18.6,83,850.2,1
2021-07-18,Lam_Dong,22.2,17.5,19.2,90,23.5,93,849.3,1
2021-07-19,Lam_Dong,19.4,16.5,17.7,90,32.1,95,849.2,1
2021-07-20,Lam_Dong,22.1,17.0,18.7,89,32.4,75,850.3,1
2021-07-21,Lam_Dong,21.9,17.0,18.8,89,31.3,77,850.3,1
2021-07-22,Lam_Dong,20.1,17.4,18.4,93,31.8,91,849.6,1
2021-07-23,Lam_Dong,21.4,17.5,19.0,90,34.4,97,849.0,1
2021-07-24,Lam_Dong,21.2,17.5,18.9,92,31.0,87,848.8,1
2021-07-25,Lam_Dong,21.7,17.0,18.8,93,30.3,83,849.5,1
2021-07-26,Lam_Dong,23.3,17.3,19.6,87,33.5,65,849.2,1
2021-07-27,Lam_Dong,22.6,17.9,19.6,92,27.7,80,848.9,1
2021-07-28,Lam_Dong,23.5,18.1,19.9,91,29.7,94,848.5,1
2021-07-29,Lam_Dong,22.9,18.1,19.7,94,28.1,97,849.3,1
2021-07-30,Lam_Dong,22.4,18.0,19.6,91,27.2,79,850.5,1
2021-07-31,Lam_Dong,22.9,17.1,19.7,90,26.5,76,850.8,1
2021-08-01,Lam_Dong,23.5,17.9,19.9,90,26.4,68,849.7,1
2021-08-02,Lam_Dong,22.8,18.2,19.7,91,27.2,78,849.8,1
2021-08-03,Lam_Dong,22.0,18.0,19.5,92,30.3,93,850.2,1
2021-08-04,Lam_Dong,22.0,18.1,19.3,92,26.9,100,850.6,1
2021-08-05,Lam_Dong,22.4,17.6,19.4,92,29.9,92,850.6,1
2021-08-06,Lam_Dong,23.2,17.9,19.9,90,31.3,93,851.0,1
2021-08-07,Lam_Dong,24.6,18.4,20.7,88,23.2,90,852.0,1
2021-08-08,Lam_Dong,24.6,18.1,20.7,88,14.1,98,852.2,1
2021-08-09,Lam_Dong,24.0,17.6,20.5,90,14.8,69,851.5,1
2021-08-10,Lam_Dong,23.1,17.7,19.9,93,17.0,84,850.8,1
2021-08-11,Lam_Dong,22.1,17.1,19.2,93,21.0,85,852.5,1
2021-08-12,Lam_Dong,23.0,17.0,19.3,91,17.3,81,853.8,1
2021-08-13,Lam_Dong,23.1,16.5,19.1,91,14.1,93,852.0,1
2021-08-14,Lam_Dong,21.9,16.7,19.1,91,13.3,91,851.1,1
2021-08-15,Lam_Dong,23.6,15.9,19.0,87,10.5,55,852.6,1
2021-08-16,Lam_Dong,23.7,14.9,18.9,85,9.0,62,854.4,1
2021-08-17,Lam_Dong,24.2,14.7,18.9,82,9.0,50,853.4,1
2021-08-18,Lam_Dong,24.4,14.2,19.1,81,9.2,66,851.9,1
2021-08-19,Lam_Dong,24.0,15.1,19.2,86,13.6,64,851.5,1
2021-08-20,Lam_Dong,24.0,14.6,18.9,88,11.7,72,852.1,1
2021-08-21,Lam_Dong,23.7,14.6,19.4,85,9.6,46,852.4,1
2021-08-22,Lam_Dong,23.5,16.5,19.3,90,8.9,71,851.7,1
2021-08-23,Lam_Dong,23.6,16.1,19.1,90,13.0,80,851.1,1
2021-08-24,Lam_Dong,23.5,15.8,19.0,86,10.1,77,850.4,1
2021-08-25,Lam_Dong,21.8,15.6,18.4,91,13.0,94,850.4,1
2021-08-26,Lam_Dong,22.7,16.2,18.2,91,15.2,96,850.7,1
2021-08-27,Lam_Dong,23.4,16.2,18.6,89,9.8,97,850.8,1
2021-08-28,Lam_Dong,21.6,16.0,18.3,95,9.7,93,850.3,1
2021-08-29,Lam_Dong,23.0,14.8,18.4,91,10.9,88,850.2,1
2021-08-30,Lam_Dong,22.4,15.8,18.5,92,14.6,79,851.2,1
2021-08-31,Lam_Dong,22.5,15.5,18.6,92,10.7,94,851.7,1
2021-09-01,Lam_Dong,23.8,14.6,18.8,91,8.9,86,851.6,1
2021-09-02,Lam_Dong,23.5,15.7,18.8,93,10.1,96,851.4,1
2021-09-03,Lam_Dong,22.6,15.4,18.8,90,10.5,97,850.7,1
2021-09-04,Lam_Dong,23.5,17.2,19.1,92,10.2,99,850.7,1
2021-09-05,Lam_Dong,22.4,16.6,18.7,93,9.2,88,851.1,1
2021-09-06,Lam_Dong,21.7,15.4,18.6,95,8.4,88,851.4,1
2021-09-07,Lam_Dong,23.1,17.0,19.1,93,10.8,98,851.0,1
2021-09-08,Lam_Dong,22.2,17.3,18.9,94,12.0,94,850.3,1
2021-09-09,Lam_Dong,19.7,17.4,18.3,95,19.4,99,851.1,1
2021-09-10,Lam_Dong,20.0,17.1,18.1,96,23.6,100,850.4,1
2021-09-11,Lam_Dong,19.9,17.5,18.2,96,30.3,100,848.3,1
2021-09-12,Lam_Dong,21.1,17.1,18.6,94,30.4,89,846.8,1
2021-09-13,Lam_Dong,22.6,17.7,19.0,94,21.3,94,848.7,1
2021-09-14,Lam_Dong,22.8,17.0,19.2,94,14.4,97,851.7,1
2021-09-15,Lam_Dong,22.1,16.6,18.8,94,17.3,93,853.2,1
2021-09-16,Lam_Dong,23.5,15.7,18.8,90,8.7,98,852.8,1
2021-09-17,Lam_Dong,24.2,14.9,18.9,87,9.0,59,852.0,1
2021-09-18,Lam_Dong,22.2,15.6,18.5,90,7.2,87,851.6,1
2021-09-19,Lam_Dong,18.8,15.4,17.2,96,7.2,97,850.7,1
2021-09-20,Lam_Dong,22.5,15.6,18.2,92,17.4,99,851.1,1
2021-09-21,Lam_Dong,22.0,16.5,18.3,90,16.0,88,851.1,1
2021-09-22,Lam_Dong,21.8,16.1,18.5,92,12.3,90,851.2,1
2021-09-23,Lam_Dong,20.4,16.9,18.2,94,21.3,100,850.7,1
2021-09-24,Lam_Dong,20.9,16.2,17.9,96,13.0,98,851.3,1
2021-09-25,Lam_Dong,22.4,15.6,18.4,93,10.3,98,851.2,1
2021-09-26,Lam_Dong,22.0,15.3,18.4,90,14.1,87,851.0,1
2021-09-27,Lam_Dong,23.5,16.2,19.3,86,14.3,59,851.5,1
2021-09-28,Lam_Dong,24.9,14.6,19.4,80,7.3,78,851.5,1
2021-09-29,Lam_Dong,23.7,16.2,19.4,88,9.8,60,851.1,1
2021-09-30,Lam_Dong,23.2,15.5,19.1,93,9.9,72,851.8,1
2021-10-01,Lam_Dong,23.0,16.5,19.3,91,8.1,83,852.3,1
2021-10-02,Lam_Dong,21.8,16.1,18.9,93,6.8,92,852.3,1
2021-10-03,Lam_Dong,21.8,15.4,18.3,90,11.2,94,851.3,1
2021-10-04,Lam_Dong,23.8,14.9,18.5,87,12.5,80,850.1,1
2021-10-05,Lam_Dong,23.4,16.4,19.1,89,14.0,92,849.3,1
2021-10-06,Lam_Dong,19.2,16.7,17.8,96,11.8,100,847.0,1
2021-10-07,Lam_Dong,21.8,16.5,18.5,91,25.2,100,846.6,1
2021-10-08,Lam_Dong,22.3,17.4,19.2,90,27.4,100,847.1,1
2021-10-09,Lam_Dong,22.0,17.0,18.7,92,23.3,99,849.0,1
2021-10-10,Lam_Dong,22.4,17.5,19.3,92,24.5,96,849.2,1
2021-10-11,Lam_Dong,22.3,17.4,19.3,93,17.0,94,848.8,1
2021-10-12,Lam_Dong,22.3,17.4,19.2,94,21.4,100,847.8,1
2021-10-13,Lam_Dong,21.2,17.7,18.9,94,31.3,100,846.6,1
2021-10-14,Lam_Dong,21.5,17.5,18.8,95,23.3,100,848.9,1
2021-10-15,Lam_Dong,22.0,17.2,18.8,92,21.2,100,849.9,1
2021-10-16,Lam_Dong,23.1,17.4,19.2,90,15.9,100,850.5,1
2021-10-17,Lam_Dong,21.1,16.8,18.5,93,9.7,100,850.9,1
2021-10-18,Lam_Dong,23.2,15.9,18.8,91,12.3,100,853.3,1
2021-10-19,Lam_Dong,23.8,16.8,19.3,88,15.6,95,855.3,1
2021-10-20,Lam_Dong,22.0,16.8,18.8,91,18.1,99,854.9,1
2021-10-21,Lam_Dong,23.1,16.5,18.7,91,10.2,100,854.1,1
2021-10-22,Lam_Dong,23.6,15.9,18.6,88,14.4,77,854.2,1
2021-10-23,Lam_Dong,23.0,16.2,19.1,88,13.4,97,854.4,1
2021-10-24,Lam_Dong,22.9,17.0,19.3,86,19.7,93,853.4,1
2021-10-25,Lam_Dong,21.4,17.3,19.0,86,19.4,100,851.9,1
2021-10-26,Lam_Dong,20.0,17.0,18.0,91,31.0,100,850.1,1
2021-10-27,Lam_Dong,21.0,16.6,18.1,96,12.7,100,850.3,1
2021-10-28,Lam_Dong,22.2,14.9,18.2,90,13.6,67,853.6,1
2021-10-29,Lam_Dong,23.0,16.5,18.9,86,15.5,70,854.4,1
2021-10-30,Lam_Dong,21.6,16.8,18.7,90,21.7,85,854.5,1
2021-10-31,Lam_Dong,20.2,16.8,18.1,93,16.9,91,854.5,1
2021-11-01,Lam_Dong,22.1,16.8,18.8,88,19.7,80,854.1,1
2021-11-02,Lam_Dong,23.0,16.0,18.7,82,19.9,87,853.8,0
2021-11-03,Lam_Dong,22.9,16.1,18.9,85,21.3,87,853.2,0
2021-11-04,Lam_Dong,23.4,16.2,18.9,83,19.6,96,853.0,1
2021-11-05,Lam_Dong,22.5,15.9,18.7,85,16.5,95,852.0,1
2021-11-06,Lam_Dong,23.5,15.2,19.1,87,11.1,91,850.6,1
2021-11-07,Lam_Dong,23.1,14.9,18.4,86,15.5,80,850.4,1
2021-11-08,Lam_Dong,22.5,17.1,19.1,89,21.8,84,852.1,1
2021-11-09,Lam_Dong,21.6,17.5,19.1,88,26.7,100,852.5,1
2021-11-10,Lam_Dong,21.0,18.0,19.0,88,24.7,100,852.5,1
2021-11-11,Lam_Dong,20.4,17.0,18.2,95,20.9,100,852.0,1
2021-11-12,Lam_Dong,21.9,17.1,18.7,88,23.8,100,852.9,1
2021-11-13,Lam_Dong,22.3,16.6,18.7,90,21.1,97,852.7,1
2021-11-14,Lam_Dong,20.4,17.2,18.3,94,19.4,100,852.6,1
2021-11-15,Lam_Dong,21.5,17.0,18.4,93,24.9,96,851.5,1
2021-11-16,Lam_Dong,21.0,16.8,18.5,93,21.9,100,851.7,1
2021-11-17,Lam_Dong,22.5,16.6,18.8,90,23.0,98,852.1,1
2021-11-18,Lam_Dong,21.6,17.1,18.6,91,22.7,99,851.4,1
2021-11-19,Lam_Dong,23.3,16.3,19.1,83,16.8,91,850.8,1
2021-11-20,Lam_Dong,22.2,16.7,18.5,91,19.0,88,850.6,1
2021-11-21,Lam_Dong,22.9,17.1,19.0,91,21.7,90,851.8,1
2021-11-22,Lam_Dong,21.4,17.1,18.5,90,23.2,87,852.3,1
2021-11-23,Lam_Dong,20.9,16.7,18.2,86,35.2,99,852.0,1
2021-11-24,Lam_Dong,21.6,16.5,18.4,85,30.8,100,852.6,0
2021-11-25,Lam_Dong,19.6,16.5,17.6,84,25.0,100,852.2,1
2021-11-26,Lam_Dong,19.8,15.9,17.5,87,24.5,100,851.4,1
2021-11-27,Lam_Dong,17.5,16.5,17.1,94,24.5,100,851.1,1
2021-11-28,Lam_Dong,19.5,17.2,18.0,95,24.3,100,850.8,1
2021-11-29,Lam_Dong,19.2,17.2,18.0,97,21.9,100,850.9,1
2021-11-30,Lam_Dong,20.8,16.4,18.2,93,25.5,100,852.0,1
2021-12-01,Lam_Dong,19.6,14.7,16.6,82,28.3,92,852.2,0
2021-12-02,Lam_Dong,20.6,13.8,16.4,82,26.1,100,852.9,0
2021-12-03,Lam_Dong,20.0,11.6,15.2,81,23.4,88,853.0,0
2021-12-04,Lam_Dong,20.0,9.6,14.3,77,21.9,98,852.0,0
2021-12-05,Lam_Dong,21.5,13.3,16.9,84,26.9,92,852.5,0
2021-12-06,Lam_Dong,21.2,14.1,16.9,81,23.1,74,852.5,0
2021-12-07,Lam_Dong,21.6,13.4,16.6,81,22.5,97,852.9,0
2021-12-08,Lam_Dong,21.3,13.6,17.5,82,24.1,85,853.5,1
2021-12-09,Lam_Dong,20.2,14.6,17.3,81,28.6,68,853.9,0
2021-12-10,Lam_Dong,20.6,13.9,16.3,79,24.8,61,853.2,0
2021-12-11,Lam_Dong,21.6,13.9,17.0,80,20.1,86,853.6,0
2021-12-12,Lam_Dong,21.4,14.5,17.2,82,25.0,99,853.3,0
2021-12-13,Lam_Dong,20.5,13.9,16.9,82,30.6,100,852.4,0
2021-12-14,Lam_Dong,21.5,15.9,17.9,84,25.5,76,852.0,0
2021-12-15,Lam_Dong,22.4,16.0,18.4,82,20.8,56,852.0,0
2021-12-16,Lam_Dong,23.5,15.2,18.7,81,15.1,46,852.6,0
2021-12-17,Lam_Dong,23.0,13.4,17.7,77,29.9,100,852.1,0
2021-12-18,Lam_Dong,19.9,13.9,16.1,84,36.1,100,851.0,1
2021-12-19,Lam_Dong,19.9,14.3,16.4,84,36.8,100,850.6,1
2021-12-20,Lam_Dong,22.6,12.8,17.3,83,13.1,100,853.2,0
2021-12-21,Lam_Dong,22.0,13.2,17.5,89,10.7,83,854.0,1
2021-12-22,Lam_Dong,21.1,14.4,17.3,91,12.6,84,853.3,1
2021-12-23,Lam_Dong,21.6,14.1,17.0,87,14.9,47,852.8,0
2021-12-24,Lam_Dong,21.9,13.9,17.1,81,11.9,45,852.8,1
2021-12-25,Lam_Dong,22.0,14.6,17.4,80,19.3,41,853.6,0
2021-12-26,Lam_Dong,22.4,15.1,17.8,83,18.7,78,854.5,1
2021-12-27,Lam_Dong,21.5,15.4,17.8,87,18.1,82,854.8,1
2021-12-28,Lam_Dong,20.2,16.0,17.5,88,29.3,91,854.2,1
2021-12-29,Lam_Dong,20.9,14.9,17.5,85,29.7,96,854.2,1
2021-12-30,Lam_Dong,19.4,14.1,16.2,82,35.2,98,854.6,0
2021-12-31,Lam_Dong,20.1,13.8,16.0,77,33.2,86,854.5,0
2021-01-01,Dak_Lak,18.8,15.9,16.9,86,32.0,99,950.6,1
2021-01-02,Dak_Lak,20.1,15.9,17.6,88,27.9,87,949.9,1
2021-01-03,Dak_Lak,22.4,16.5,19.0,87,33.7,96,949.5,1
2021-01-04,Dak_Lak,23.5,18.4,20.4,90,35.9,100,949.1,1
2021-01-05,Dak_Lak,24.0,18.8,20.7,89,31.2,96,949.4,1
2021-01-06,Dak_Lak,23.8,18.8,20.5,88,32.4,95,948.8,1
2021-01-07,Dak_Lak,24.0,18.4,20.6,85,30.9,70,948.3,1
2021-01-08,Dak_Lak,23.4,18.0,20.1,84,33.4,80,949.1,1
2021-01-09,Dak_Lak,21.0,17.0,18.6,87,33.2,91,949.5,1
2021-01-10,Dak_Lak,21.5,16.8,18.7,85,35.0,67,949.5,1
2021-01-11,Dak_Lak,21.8,15.5,18.3,82,33.7,93,950.9,0
2021-01-12,Dak_Lak,19.8,13.2,16.1,77,30.5,55,951.2,0
2021-01-13,Dak_Lak,19.7,12.6,15.5,81,29.6,27,949.7,0
2021-01-14,Dak_Lak,22.0,13.4,16.9,83,24.5,62,949.2,0
2021-01-15,Dak_Lak,23.5,13.2,17.8,82,27.5,50,947.8,0
2021-01-16,Dak_Lak,24.5,15.1,18.8,83,21.7,55,948.1,0
2021-01-17,Dak_Lak,23.1,16.4,19.3,80,28.8,73,950.7,1
2021-01-18,Dak_Lak,21.8,14.9,18.1,76,31.5,66,951.0,0
2021-01-19,Dak_Lak,20.5,14.8,17.3,83,24.9,82,949.6,0
2021-01-20,Dak_Lak,23.8,14.9,19.1,85,24.6,53,949.0,0
2021-01-21,Dak_Lak,25.0,17.4,20.7,84,20.6,88,948.2,0
2021-01-22,Dak_Lak,26.5,17.5,21.2,81,21.3,79,947.8,0
2021-01-23,Dak_Lak,24.6,17.8,20.4,83,21.3,68,948.4,0
2021-01-24,Dak_Lak,26.2,17.2,20.6,83,20.2,47,948.9,0
2021-01-25,Dak_Lak,26.5,15.9,20.5,79,22.2,71,948.7,0
2021-01-26,Dak_Lak,26.2,17.1,20.8,78,24.7,58,948.6,0
2021-01-27,Dak_Lak,24.7,18.3,20.9,84,28.1,85,948.8,0
2021-01-28,Dak_Lak,24.2,18.0,20.1,79,31.1,91,950.5,0
2021-01-29,Dak_Lak,23.5,16.5,19.4,77,34.2,92,950.8,1
2021-01-30,Dak_Lak,25.0,16.1,19.6,79,32.5,91,950.7,0
2021-01-31,Dak_Lak,24.4,17.6,20.2,83,28.5,91,950.9,1
2021-02-01,Dak_Lak,25.9,16.6,20.2,77,24.1,44,951.0,0
2021-02-02,Dak_Lak,24.6,16.2,20.0,79,29.9,94,951.0,0
2021-02-03,Dak_Lak,25.5,17.6,20.5,79,32.2,54,951.0,0
2021-02-04,Dak_Lak,25.1,17.4,20.7,80,32.9,67,951.4,1
2021-02-05,Dak_Lak,26.2,17.8,21.1,77,26.3,54,950.8,0
2021-02-06,Dak_Lak,25.3,17.3,20.4,80,27.8,57,949.4,0
2021-02-07,Dak_Lak,26.9,17.5,21.2,80,23.8,68,949.5,0
2021-02-08,Dak_Lak,26.2,18.4,21.6,79,27.6,63,949.1,0
2021-02-09,Dak_Lak,28.5,18.8,22.7,81,20.6,59,947.6,1
2021-02-10,Dak_Lak,26.9,18.4,22.3,84,17.7,68,947.6,1
2021-02-11,Dak_Lak,25.7,16.5,20.1,77,23.1,67,948.4,0
2021-02-12,Dak_Lak,26.1,15.1,19.4,75,22.2,32,949.5,0
2021-02-13,Dak_Lak,25.8,14.8,19.2,75,21.0,53,950.0,0
2021-02-14,Dak_Lak,25.5,14.4,19.2,75,20.8,41,950.2,0
2021-02-15,Dak_Lak,26.8,14.4,19.7,74,20.4,42,948.9,0
2021-02-16,Dak_Lak,27.5,15.1,20.4,70,21.5,30,948.5,0
2021-02-17,Dak_Lak,26.2,16.2,20.2,73,31.7,31,950.6,0
2021-02-18,Dak_Lak,24.9,17.0,20.1,75,34.7,52,952.5,1
2021-02-19,Dak_Lak,25.0,17.2,20.2,77,35.9,58,952.6,1
2021-02-20,Dak_Lak,24.5,16.5,19.5,77,34.6,61,951.5,1
2021-02-21,Dak_Lak,25.4,15.5,19.6,76,24.6,55,950.3,0
2021-02-22,Dak_Lak,27.9,15.1,20.0,74,22.3,47,949.2,0
2021-02-23,Dak_Lak,28.5,15.5,20.7,73,22.4,40,948.3,0
2021-02-24,Dak_Lak,29.2,16.4,21.8,70,21.6,43,947.2,0
2021-02-25,Dak_Lak,32.5,16.1,23.5,67,18.3,54,945.6,0
2021-02-26,Dak_Lak,33.5,19.0,25.2,69,17.8,29,944.5,0
2021-02-27,Dak_Lak,31.7,19.5,24.8,68,21.1,11,945.7,0
2021-02-28,Dak_Lak,30.9,19.8,24.5,73,23.1,19,947.5,0
2021-03-01,Dak_Lak,31.4,20.5,25.2,74,19.0,34,949.7,1
2021-03-02,Dak_Lak,31.7,20.4,24.6,76,27.6,44,950.2,0
2021-03-03,Dak_Lak,27.9,20.0,23.3,75,31.2,49,950.2,0
2021-03-04,Dak_Lak,30.6,19.9,24.1,75,24.4,44,950.6,0
2021-03-05,Dak_Lak,32.0,18.5,24.3,66,25.4,25,949.9,0
2021-03-06,Dak_Lak,33.5,17.5,25.1,61,18.4,5,950.2,0
2021-03-07,Dak_Lak,31.3,19.3,24.2,70,25.6,38,950.0,0
2021-03-08,Dak_Lak,29.2,19.4,23.7,74,25.8,42,950.6,1
2021-03-09,Dak_Lak,29.2,19.4,23.3,74,25.9,39,950.6,0
2021-03-10,Dak_Lak,28.9,19.6,23.3,77,26.0,49,950.4,1
2021-03-11,Dak_Lak,28.8,19.8,23.3,77,29.1,41,950.4,1
2021-03-12,Dak_Lak,29.1,19.5,23.4,74,29.2,46,950.5,1
2021-03-13,Dak_Lak,30.3,18.4,23.4,71,26.0,23,950.4,0
2021-03-14,Dak_Lak,29.7,18.8,23.1,71,26.1,43,948.6,0
2021-03-15,Dak_Lak,31.5,18.5,23.8,68,21.6,77,947.7,0
2021-03-16,Dak_Lak,32.0,18.6,24.1,64,20.4,45,947.3,0
2021-03-17,Dak_Lak,32.3,17.7,24.2,70,20.0,86,947.1,0
2021-03-18,Dak_Lak,33.1,19.5,25.2,71,23.4,91,946.8,0
2021-03-19,Dak_Lak,34.0,20.1,25.9,71,22.2,37,946.3,0
2021-03-20,Dak_Lak,34.5,20.7,26.6,71,22.0,51,945.4,0
2021-03-21,Dak_Lak,33.3,21.3,25.9,72,26.4,62,946.5,0
2021-03-22,Dak_Lak,29.0,20.4,23.6,78,37.1,59,949.7,1
2021-03-23,Dak_Lak,27.4,20.2,23.1,78,36.5,72,949.8,1
2021-03-24,Dak_Lak,28.0,19.8,22.9,81,32.4,91,948.2,0
2021-03-25,Dak_Lak,29.6,20.7,24.0,79,26.6,79,948.1,1
2021-03-26,Dak_Lak,30.9,20.6,24.8,77,24.1,39,947.5,0
2021-03-27,Dak_Lak,33.8,20.4,25.7,72,22.6,75,946.6,0
2021-03-28,Dak_Lak,34.8,19.6,26.1,64,18.0,82,945.9,0
2021-03-29,Dak_Lak,35.5,19.4,26.4,64,18.4,58,944.9,0
2021-03-30,Dak_Lak,35.8,21.2,28.1,58,8.7,21,943.7,0
2021-03-31,Dak_Lak,35.9,23.3,28.9,57,15.7,26,943.2,0
2021-04-01,Dak_Lak,33.5,24.1,28.7,59,14.0,51,944.0,1
2021-04-02,Dak_Lak,33.6,23.2,27.5,68,17.4,42,945.1,1
2021-04-03,Dak_Lak,34.0,22.0,26.8,66,26.1,17,945.7,0
2021-04-04,Dak_Lak,31.5,21.5,25.7,71,26.7,48,946.8,1
2021-04-05,Dak_Lak,30.5,20.5,24.8,73,26.5,81,948.7,0
2021-04-06,Dak_Lak,30.8,20.7,24.8,73,27.2,53,949.2,1
2021-04-07,Dak_Lak,31.2,20.2,24.9,74,22.5,47,948.8,0
2021-04-08,Dak_Lak,31.4,20.2,25.2,72,16.9,58,947.6,1
2021-04-09,Dak_Lak,32.0,20.7,25.4,70,24.3,57,947.7,0
2021-04-10,Dak_Lak,29.7,21.3,24.8,77,28.7,50,949.0,1
2021-04-11,Dak_Lak,29.8,21.6,25.0,76,27.6,48,950.0,1
2021-04-12,Dak_Lak,31.5,21.4,25.2,78,21.6,69,949.9,1
2021-04-13,Dak_Lak,33.4,21.0,26.3,73,21.0,42,948.9,0
2021-04-14,Dak_Lak,34.0,21.6,27.1,66,14.8,46,948.2,0
2021-04-15,Dak_Lak,34.2,21.5,26.8,69,19.1,25,947.3,1
2021-04-16,Dak_Lak,34.8,21.0,26.9,68,20.1,69,947.4,0
2021-04-17,Dak_Lak,34.1,21.3,26.4,65,22.2,91,948.8,0
2021-04-18,Dak_Lak,33.9,20.0,26.2,63,19.2,54,948.6,0
2021-04-19,Dak_Lak,31.9,20.8,24.8,78,12.2,85,947.2,1
2021-04-20,Dak_Lak,30.9,22.3,25.5,80,11.2,92,946.8,1
2021-04-21,Dak_Lak,29.4,22.0,24.2,88,11.5,91,947.1,1
2021-04-22,Dak_Lak,29.0,21.8,23.8,90,9.5,92,946.5,1
2021-04-23,Dak_Lak,29.0,21.4,24.7,86,13.4,71,945.5,1
2021-04-24,Dak_Lak,29.9,22.4,25.8,80,13.9,55,945.9,1
2021-04-25,Dak_Lak,30.5,22.6,25.7,81,14.9,59,946.7,1
2021-04-26,Dak_Lak,30.7,22.5,25.9,79,19.6,62,946.6,1
2021-04-27,Dak_Lak,30.0,22.1,25.3,81,17.2,96,948.2,1
2021-04-28,Dak_Lak,29.7,21.4,25.0,77,20.3,90,949.0,0
2021-04-29,Dak_Lak,30.1,21.1,24.8,77,22.2,43,948.5,0
2021-04-30,Dak_Lak,29.2,21.0,24.9,79,19.7,58,948.2,1
2021-05-01,Dak_Lak,31.2,21.6,25.5,80,16.6,58,948.6,1
2021-05-02,Dak_Lak,31.8,21.4,26.2,76,20.6,49,948.0,0
2021-05-03,Dak_Lak,32.4,21.8,26.3,70,23.2,67,946.7,0
2021-05-04,Dak_Lak,33.4,21.5,26.5,73,22.7,22,946.3,0
2021-05-05,Dak_Lak,31.8,22.1,26.3,76,25.5,77,946.8,1
2021-05-06,Dak_Lak,29.3,22.5,25.1,81,26.9,82,948.5,1
2021-05-07,Dak_Lak,30.9,22.2,25.6,78,23.1,94,948.6,1
2021-05-08,Dak_Lak,32.7,22.1,26.4,76,22.7,86,947.0,0
2021-05-09,Dak_Lak,33.7,21.4,26.9,72,17.8,41,946.2,0
2021-05-10,Dak_Lak,34.2,22.6,27.8,70,16.2,28,946.0,1
2021-05-11,Dak_Lak,32.7,24.5,27.9,71,9.4,48,945.7,1
2021-05-12,Dak_Lak,31.1,24.4,27.0,79,8.2,76,945.1,1
2021-05-13,Dak_Lak,32.0,23.2,27.1,76,15.9,21,944.7,1
2021-05-14,Dak_Lak,33.5,23.0,26.9,77,16.8,83,944.9,1
2021-05-15,Dak_Lak,33.3,22.6,27.2,74,14.8,61,945.6,1
2021-05-16,Dak_Lak,34.2,22.4,27.7,73,17.7,35,945.5,1
2021-05-17,Dak_Lak,32.0,23.8,27.3,75,15.6,63,946.0,1
2021-05-18,Dak_Lak,33.0,22.8,26.9,76,11.3,68,946.2,1
2021-05-19,Dak_Lak,32.3,23.0,26.5,80,13.9,89,945.7,1
2021-05-20,Dak_Lak,32.2,22.9,27.5,72,12.2,75,945.9,1
2021-05-21,Dak_Lak,32.5,23.5,26.1,81,13.8,91,945.6,1
2021-05-22,Dak_Lak,29.9,22.8,25.2,84,15.6,66,944.5,1
2021-05-23,Dak_Lak,27.8,22.8,24.6,87,13.9,94,944.1,1
2021-05-24,Dak_Lak,27.0,22.3,24.3,88,17.7,86,944.6,1
2021-05-25,Dak_Lak,27.0,22.1,24.2,88,16.4,79,945.0,1
2021-05-26,Dak_Lak,27.5,22.1,24.0,87,16.3,77,944.9,1
2021-05-27,Dak_Lak,29.4,22.1,25.3,82,14.8,39,945.4,1
2021-05-28,Dak_Lak,31.2,22.2,26.2,79,13.6,47,947.1,0
2021-05-29,Dak_Lak,30.9,23.5,26.6,80,15.0,41,946.9,1
2021-05-30,Dak_Lak,31.7,23.0,26.6,81,16.1,24,945.8,1
2021-05-31,Dak_Lak,30.4,24.0,26.9,80,15.8,42,944.5,1
2021-06-01,Dak_Lak,31.4,23.1,26.7,80,17.4,50,944.9,1
2021-06-02,Dak_Lak,30.2,23.5,26.5,80,14.1,86,945.2,1
2021-06-03,Dak_Lak,30.5,23.5,26.7,79,17.1,90,945.8,1
2021-06-04,Dak_Lak,32.2,24.1,27.1,77,16.4,79,945.8,1
2021-06-05,Dak_Lak,30.5,24.0,26.2,81,19.2,74,945.6,1
2021-06-06,Dak_Lak,29.5,23.1,25.7,81,20.0,94,945.1,1
2021-06-07,Dak_Lak,28.2,23.2,25.2,82,23.7,97,945.6,1
2021-06-08,Dak_Lak,29.7,22.6,25.0,78,25.3,99,946.2,1
2021-06-09,Dak_Lak,29.8,22.1,25.0,77,24.1,97,945.6,1
2021-06-10,Dak_Lak,27.8,22.4,24.2,85,25.6,96,944.0,1
2021-06-11,Dak_Lak,28.2,22.2,24.3,85,23.1,99,942.9,1
2021-06-12,Dak_Lak,26.1,21.9,23.6,85,26.8,100,943.8,1
2021-06-13,Dak_Lak,29.3,22.4,25.2,76,25.6,76,945.2,1
2021-06-14,Dak_Lak,29.6,22.6,25.7,75,18.7,77,945.5,1
2021-06-15,Dak_Lak,29.1,22.9,25.4,78,20.2,36,945.0,1
2021-06-16,Dak_Lak,28.9,22.6,24.8,83,17.4,54,946.4,1
2021-06-17,Dak_Lak,30.2,22.2,25.4,82,12.8,49,947.3,1
2021-06-18,Dak_Lak,30.5,22.2,25.6,80,16.9,38,947.5,1
2021-06-19,Dak_Lak,30.2,22.9,25.9,79,17.8,49,946.7,1
2021-06-20,Dak_Lak,29.2,22.8,25.8,79,20.5,44,945.3,1
2021-06-21,Dak_Lak,29.3,23.1,25.8,79,21.1,60,944.9,1
2021-06-22,Dak_Lak,30.0,22.6,25.3,82,19.6,58,945.8,1
2021-06-23,Dak_Lak,30.0,22.5,25.1,82,20.9,40,946.5,1
2021-06-24,Dak_Lak,29.9,22.2,25.6,81,16.2,43,945.5,1
2021-06-25,Dak_Lak,30.9,23.1,26.0,79,16.3,70,945.0,1
2021-06-26,Dak_Lak,31.0,22.4,26.4,74,20.2,45,946.2,1
2021-06-27,Dak_Lak,31.0,22.6,26.5,76,17.0,51,947.3,1
2021-06-28,Dak_Lak,29.6,22.9,26.2,76,20.3,67,946.3,1
2021-06-29,Dak_Lak,32.0,23.2,26.8,75,17.3,60,945.7,1
2021-06-30,Dak_Lak,30.2,23.8,26.5,76,18.2,73,945.8,1
2021-07-01,Dak_Lak,31.9,23.5,27.0,72,18.9,41,946.1,1
2021-07-02,Dak_Lak,31.6,23.5,26.7,74,17.7,19,946.4,1
2021-07-03,Dak_Lak,33.1,23.3,27.8,69,12.3,33,945.3,1
2021-07-04,Dak_Lak,31.2,23.2,26.1,80,15.3,50,944.2,1
2021-07-05,Dak_Lak,28.6,23.0,25.1,83,16.1,96,943.4,1
2021-07-06,Dak_Lak,27.0,22.8,24.5,84,19.4,100,943.0,1
2021-07-07,Dak_Lak,29.8,22.4,24.8,82,18.5,94,944.2,1
2021-07-08,Dak_Lak,27.4,22.5,24.5,83,19.0,95,945.0,1
2021-07-09,Dak_Lak,28.0,21.3,24.0,87,12.1,79,944.8,1
2021-07-10,Dak_Lak,31.1,21.3,25.2,81,16.0,58,945.3,1
2021-07-11,Dak_Lak,30.1,21.4,25.1,81,18.7,54,946.6,1
2021-07-12,Dak_Lak,31.2,22.0,25.9,79,17.4,58,946.6,1
2021-07-13,Dak_Lak,31.0,22.6,25.6,82,13.1,70,945.5,1
2021-07-14,Dak_Lak,29.8,22.0,24.8,85,11.2,89,944.5,1
2021-07-15,Dak_Lak,30.0,22.1,24.8,84,11.9,98,945.6,1
2021-07-16,Dak_Lak,27.4,22.5,24.3,86,20.0,87,946.6,1
2021-07-17,Dak_Lak,29.1,21.6,24.7,84,17.4,62,944.6,1
2021-07-18,Dak_Lak,28.5,21.9,24.2,88,21.1,83,943.5,1
2021-07-19,Dak_Lak,25.9,22.0,23.6,84,29.1,86,944.2,1
2021-07-20,Dak_Lak,29.2,22.0,24.8,80,29.5,70,944.9,1
2021-07-21,Dak_Lak,28.5,22.5,24.8,82,28.0,74,944.6,1
2021-07-22,Dak_Lak,28.0,22.7,25.0,80,30.7,90,944.0,1
2021-07-23,Dak_Lak,28.0,22.7,24.5,84,31.4,88,943.4,1
2021-07-24,Dak_Lak,28.4,21.9,24.6,79,34.8,92,943.0,1
2021-07-25,Dak_Lak,29.2,21.9,24.8,81,30.6,65,943.3,1
2021-07-26,Dak_Lak,30.2,22.2,25.6,77,27.9,29,943.1,1
2021-07-27,Dak_Lak,29.8,23.0,25.8,79,28.1,53,942.5,1
2021-07-28,Dak_Lak,30.0,23.2,25.6,81,29.4,92,942.3,1
2021-07-29,Dak_Lak,29.0,23.0,25.3,84,25.8,84,943.1,1
2021-07-30,Dak_Lak,28.3,22.9,25.2,83,24.0,74,944.4,1
2021-07-31,Dak_Lak,29.3,22.9,25.6,80,25.6,77,944.5,1
2021-08-01,Dak_Lak,30.2,22.9,25.9,79,27.3,72,943.3,1
2021-08-02,Dak_Lak,29.8,23.4,25.8,79,30.2,67,943.4,1
2021-08-03,Dak_Lak,29.2,23.5,25.7,79,29.7,95,944.0,1
2021-08-04,Dak_Lak,29.1,23.4,25.5,78,26.8,99,944.6,1
2021-08-05,Dak_Lak,30.3,23.6,26.0,77,28.6,96,944.4,1
2021-08-06,Dak_Lak,28.1,23.3,25.4,80,27.5,98,945.1,1
2021-08-07,Dak_Lak,30.4,23.3,26.2,79,22.8,97,945.7,1
2021-08-08,Dak_Lak,31.0,23.5,26.4,80,17.9,99,945.7,1
2021-08-09,Dak_Lak,30.4,23.6,26.6,79,19.1,72,944.9,1
2021-08-10,Dak_Lak,31.0,23.5,26.4,79,17.9,77,944.2,1
2021-08-11,Dak_Lak,31.2,23.5,26.5,75,22.8,60,946.3,1
2021-08-12,Dak_Lak,31.4,22.6,25.8,77,19.4,68,948.0,1
2021-08-13,Dak_Lak,29.9,22.5,25.0,82,18.0,88,946.2,1
2021-08-14,Dak_Lak,29.2,22.8,25.0,83,19.9,87,945.3,1
2021-08-15,Dak_Lak,30.1,22.1,25.1,85,11.8,65,947.2,1
2021-08-16,Dak_Lak,30.4,21.0,24.8,84,7.3,60,949.2,1
2021-08-17,Dak_Lak,31.2,20.5,25.8,77,17.1,46,948.1,1
2021-08-18,Dak_Lak,31.2,21.8,26.0,76,10.8,32,946.4,1
2021-08-19,Dak_Lak,30.1,22.0,25.2,80,12.1,71,945.9,1
2021-08-20,Dak_Lak,30.6,21.4,25.4,80,11.3,44,946.6,1
2021-08-21,Dak_Lak,30.5,21.6,25.6,79,10.1,47,946.9,1
2021-08-22,Dak_Lak,30.4,22.4,25.0,82,14.0,89,945.9,1
2021-08-23,Dak_Lak,29.5,21.7,24.7,83,17.1,78,945.3,1
2021-08-24,Dak_Lak,30.4,22.0,25.1,81,13.0,87,944.6,1
2021-08-25,Dak_Lak,29.0,22.0,24.8,83,18.5,76,944.8,1
2021-08-26,Dak_Lak,29.1,22.2,24.3,84,15.0,99,945.4,1
2021-08-27,Dak_Lak,29.0,21.2,23.7,88,20.5,93,945.6,1
2021-08-28,Dak_Lak,28.5,21.9,24.0,87,16.7,93,945.2,1
2021-08-29,Dak_Lak,29.0,21.3,24.0,87,18.0,85,945.1,1
2021-08-30,Dak_Lak,28.6,21.5,24.3,87,17.6,93,945.8,1
2021-08-31,Dak_Lak,28.9,21.5,24.6,86,14.8,97,946.5,1
2021-09-01,Dak_Lak,29.8,22.1,25.0,86,13.2,84,946.3,1
2021-09-02,Dak_Lak,29.9,21.2,24.5,86,12.8,96,945.6,1
2021-09-03,Dak_Lak,28.9,21.6,24.5,86,14.8,96,945.2,1
2021-09-04,Dak_Lak,27.1,21.6,23.8,87,17.3,100,945.3,1
2021-09-05,Dak_Lak,27.5,21.8,23.7,88,13.0,93,946.0,1
2021-09-06,Dak_Lak,28.0,21.1,24.0,87,8.9,89,946.2,1
2021-09-07,Dak_Lak,28.6,21.3,24.1,88,17.0,98,945.3,1
2021-09-08,Dak_Lak,28.7,21.2,24.0,89,11.0,84,944.3,1
2021-09-09,Dak_Lak,27.2,22.4,24.1,87,19.1,99,945.4,1
2021-09-10,Dak_Lak,26.3,22.1,23.3,91,20.3,100,945.1,1
2021-09-11,Dak_Lak,24.2,21.5,22.9,91,30.1,100,942.8,1
2021-09-12,Dak_Lak,27.5,21.9,23.8,87,31.4,94,940.9,1
2021-09-13,Dak_Lak,26.4,21.9,23.7,91,17.7,89,942.7,1
2021-09-14,Dak_Lak,29.2,22.6,24.9,85,13.0,93,945.7,1
2021-09-15,Dak_Lak,30.6,22.1,25.1,83,17.2,89,947.2,1
2021-09-16,Dak_Lak,29.2,21.2,24.7,84,12.5,97,947.4,1
2021-09-17,Dak_Lak,29.9,21.2,24.7,88,9.6,62,946.8,1
2021-09-18,Dak_Lak,26.3,21.2,23.6,87,13.2,82,946.7,1
2021-09-19,Dak_Lak,24.3,20.9,22.5,93,10.8,99,945.8,1
2021-09-20,Dak_Lak,28.4,20.5,23.5,88,9.2,98,945.7,1
2021-09-21,Dak_Lak,28.6,21.7,24.7,81,15.8,79,945.5,1
2021-09-22,Dak_Lak,28.5,21.8,24.3,85,15.0,94,945.8,1
2021-09-23,Dak_Lak,24.4,21.1,22.5,94,15.9,100,945.6,1
2021-09-24,Dak_Lak,25.8,21.7,23.0,90,14.0,98,945.8,1
2021-09-25,Dak_Lak,28.0,21.0,23.7,89,13.8,98,945.9,1
2021-09-26,Dak_Lak,28.2,21.7,24.2,88,21.1,90,945.8,1
2021-09-27,Dak_Lak,29.4,21.4,24.8,83,18.3,41,946.0,0
2021-09-28,Dak_Lak,29.5,20.5,24.6,82,14.7,84,946.4,1
2021-09-29,Dak_Lak,28.8,22.0,24.8,86,14.6,46,945.8,1
2021-09-30,Dak_Lak,29.5,21.9,24.8,87,13.8,37,946.3,1
2021-10-01,Dak_Lak,29.6,21.6,24.7,87,7.5,80,946.8,1
2021-10-02,Dak_Lak,28.6,21.2,24.4,87,11.1,82,947.0,1
2021-10-03,Dak_Lak,28.3,21.1,24.2,86,17.3,96,946.4,1
2021-10-04,Dak_Lak,28.1,21.6,23.9,88,20.3,87,945.2,1
2021-10-05,Dak_Lak,27.3,22.0,23.6,91,19.4,98,944.1,1
2021-10-06,Dak_Lak,23.0,21.7,22.3,96,15.2,100,941.7,1
2021-10-07,Dak_Lak,26.2,21.5,23.4,88,22.4,100,940.6,1
2021-10-08,Dak_Lak,26.5,22.1,23.6,87,23.7,100,941.2,1
2021-10-09,Dak_Lak,28.3,22.0,23.8,87,21.7,97,943.0,1
2021-10-10,Dak_Lak,28.1,22.5,24.6,85,20.6,96,943.1,1
2021-10-11,Dak_Lak,28.9,22.4,24.3,88,14.4,93,942.8,1
2021-10-12,Dak_Lak,27.6,22.1,23.9,90,14.2,97,942.1,1
2021-10-13,Dak_Lak,24.5,21.6,22.9,92,22.4,100,940.8,1
2021-10-14,Dak_Lak,28.5,21.9,24.2,87,24.3,100,942.8,1
2021-10-15,Dak_Lak,28.1,21.9,24.0,87,17.4,100,944.3,1
2021-10-16,Dak_Lak,27.6,21.6,23.5,89,12.1,100,945.2,1
2021-10-17,Dak_Lak,26.4,21.2,22.8,92,15.5,100,945.5,1
2021-10-18,Dak_Lak,28.3,21.5,24.1,88,19.7,94,948.1,1
2021-10-19,Dak_Lak,29.1,21.9,24.3,87,21.7,91,950.4,1
2021-10-20,Dak_Lak,28.6,21.6,24.1,87,21.7,83,950.0,1
2021-10-21,Dak_Lak,29.2,21.4,24.3,85,14.1,100,949.1,1
2021-10-22,Dak_Lak,28.8,21.4,24.1,86,18.3,84,949.7,1
2021-10-23,Dak_Lak,26.6,21.6,23.0,90,21.1,100,950.0,1
2021-10-24,Dak_Lak,24.5,21.0,22.5,91,24.7,100,948.9,1
2021-10-25,Dak_Lak,25.0,20.8,22.3,90,21.1,100,947.6,1
2021-10-26,Dak_Lak,25.5,20.1,22.5,88,16.9,100,946.4,1
2021-10-27,Dak_Lak,25.1,21.4,22.6,90,23.6,100,944.9,1
2021-10-28,Dak_Lak,28.5,21.0,23.6,89,18.9,80,948.5,1
2021-10-29,Dak_Lak,27.4,21.1,23.4,89,20.5,85,949.8,1
2021-10-30,Dak_Lak,27.5,21.3,23.5,89,23.9,70,949.9,1
2021-10-31,Dak_Lak,26.2,21.7,23.2,90,20.4,98,950.0,1
2021-11-01,Dak_Lak,27.8,21.5,23.8,86,26.5,75,949.5,1
2021-11-02,Dak_Lak,27.8,21.4,23.8,83,25.3,96,949.5,1
2021-11-03,Dak_Lak,27.8,21.4,23.6,85,25.0,93,948.9,1
2021-11-04,Dak_Lak,27.8,20.5,23.6,85,25.3,100,948.2,1
2021-11-05,Dak_Lak,28.1,21.4,23.8,86,19.8,89,947.1,1
2021-11-06,Dak_Lak,29.4,20.6,24.5,81,19.7,63,945.4,0
2021-11-07,Dak_Lak,27.1,21.0,22.7,90,20.8,84,945.9,1
2021-11-08,Dak_Lak,26.8,21.4,23.2,91,25.5,88,947.1,1
2021-11-09,Dak_Lak,24.8,21.0,22.5,90,29.8,98,948.2,1
2021-11-10,Dak_Lak,22.5,21.0,21.6,94,24.6,100,948.2,1
2021-11-11,Dak_Lak,23.0,20.7,21.5,95,28.5,100,947.7,1
2021-11-12,Dak_Lak,23.9,20.2,21.5,92,33.2,100,948.7,1
2021-11-13,Dak_Lak,26.9,20.9,22.7,92,26.6,100,948.1,1
2021-11-14,Dak_Lak,23.0,20.5,21.4,96,24.0,100,948.1,1
2021-11-15,Dak_Lak,25.4,20.6,22.4,92,29.7,100,946.9,1
2021-11-16,Dak_Lak,24.4,21.1,22.3,94,26.9,100,947.1,1
2021-11-17,Dak_Lak,26.0,21.5,23.0,91,29.0,100,947.4,1
2021-11-18,Dak_Lak,26.1,21.1,22.7,90,27.7,98,946.7,1
2021-11-19,Dak_Lak,27.2,21.0,23.2,86,23.1,84,946.0,1
2021-11-20,Dak_Lak,26.5,20.9,22.8,90,22.1,87,945.7,1
2021-11-21,Dak_Lak,26.3,21.0,23.0,90,26.3,100,946.9,1
2021-11-22,Dak_Lak,25.8,21.4,22.9,91,27.7,97,947.8,1
2021-11-23,Dak_Lak,24.9,20.9,22.2,89,37.1,97,948.4,1
2021-11-24,Dak_Lak,25.0,20.7,22.2,89,33.8,99,948.8,1
2021-11-25,Dak_Lak,23.0,19.6,21.2,89,26.0,95,949.0,1
2021-11-26,Dak_Lak,24.5,19.2,21.3,85,27.9,100,948.4,0
2021-11-27,Dak_Lak,21.8,19.1,20.5,93,17.5,100,947.9,1
2021-11-28,Dak_Lak,23.5,20.5,21.7,95,29.9,100,946.7,1
2021-11-29,Dak_Lak,22.4,21.0,21.5,97,25.4,100,946.5,1
2021-11-30,Dak_Lak,23.9,19.9,21.6,93,33.0,100,947.6,1
2021-12-01,Dak_Lak,23.9,18.5,20.6,80,36.8,83,949.7,1
2021-12-02,Dak_Lak,23.6,17.5,19.9,82,33.5,84,950.5,1
2021-12-03,Dak_Lak,22.4,16.4,18.9,80,30.4,80,951.6,1
2021-12-04,Dak_Lak,22.9,14.9,18.3,75,27.3,94,951.2,0
2021-12-05,Dak_Lak,23.0,16.9,19.8,83,23.1,75,949.8,1
2021-12-06,Dak_Lak,23.7,18.0,20.2,85,26.8,77,949.9,1
2021-12-07,Dak_Lak,22.5,16.8,19.4,82,28.2,68,950.5,1
2021-12-08,Dak_Lak,24.0,16.2,20.1,85,21.0,95,950.4,1
2021-12-09,Dak_Lak,24.7,19.0,21.2,83,33.5,81,951.2,1
2021-12-10,Dak_Lak,24.6,17.6,20.2,81,30.9,40,950.8,0
2021-12-11,Dak_Lak,24.5,17.6,20.8,83,26.2,75,950.8,1
2021-12-12,Dak_Lak,24.8,18.9,21.1,85,32.0,93,950.5,1
2021-12-13,Dak_Lak,24.0,18.0,20.4,84,31.6,99,950.1,1
2021-12-14,Dak_Lak,23.5,19.0,20.8,87,32.7,95,948.7,0
2021-12-15,Dak_Lak,25.0,19.4,21.6,88,23.7,88,948.2,1
2021-12-16,Dak_Lak,26.9,19.8,22.4,83,24.3,82,948.4,1
2021-12-17,Dak_Lak,26.8,19.0,22.0,84,25.0,99,949.0,1
2021-12-18,Dak_Lak,24.5,19.6,21.4,80,29.6,100,949.0,1
2021-12-19,Dak_Lak,21.0,18.2,19.6,91,11.9,100,947.6,1
2021-12-20,Dak_Lak,28.0,16.3,21.6,82,17.1,99,948.5,0
2021-12-21,Dak_Lak,26.0,19.9,22.1,88,20.3,88,949.7,1
2021-12-22,Dak_Lak,25.0,19.2,21.4,85,22.3,97,949.7,1
2021-12-23,Dak_Lak,26.0,18.8,21.4,85,24.0,85,949.2,1
2021-12-24,Dak_Lak,26.3,18.8,21.6,82,22.1,60,949.4,1
2021-12-25,Dak_Lak,26.0,18.8,21.9,85,25.3,77,949.9,1
2021-12-26,Dak_Lak,25.9,19.8,22.0,85,27.9,78,950.9,1
2021-12-27,Dak_Lak,25.0,20.0,21.8,89,22.4,86,951.2,1
2021-12-28,Dak_Lak,23.9,20.0,21.2,90,33.5,93,951.1,1
2021-12-29,Dak_Lak,23.8,19.4,21.0,89,32.2,86,951.3,1
2021-12-30,Dak_Lak,24.0,18.8,20.7,84,35.3,89,952.7,1
2021-12-31,Dak_Lak,23.5,17.6,20.0,82,37.6,78,952.6,1
2021-01-01,Ho_Chi_Minh,30.9,22.2,26.1,52,21.6,99,1011.1,0
2021-01-02,Ho_Chi_Minh,32.2,22.4,26.4,56,10.9,78,1010.6,1
2021-01-03,Ho_Chi_Minh,33.2,22.4,27.0,61,18.5,62,1009.8,1
2021-01-04,Ho_Chi_Minh,33.5,23.4,28.0,64,16.4,73,1009.6,1
2021-01-05,Ho_Chi_Minh,33.0,24.0,28.3,66,15.0,61,1009.9,1
2021-01-06,Ho_Chi_Minh,33.3,23.9,28.3,64,14.4,55,1008.9,1
2021-01-07,Ho_Chi_Minh,35.2,24.5,28.7,61,19.8,43,1008.3,0
2021-01-08,Ho_Chi_Minh,34.5,23.4,28.3,61,17.6,53,1008.4,0
2021-01-09,Ho_Chi_Minh,32.5,22.6,27.1,58,18.2,59,1009.4,0
2021-01-10,Ho_Chi_Minh,32.9,21.9,27.0,58,18.9,78,1009.7,0
2021-01-11,Ho_Chi_Minh,34.3,21.4,27.6,56,24.4,69,1010.6,0
2021-01-12,Ho_Chi_Minh,32.9,21.5,26.5,50,15.9,55,1011.0,0
2021-01-13,Ho_Chi_Minh,30.8,19.4,25.0,52,11.3,27,1011.2,0
2021-01-14,Ho_Chi_Minh,31.8,20.5,25.4,64,21.2,53,1010.9,0
2021-01-15,Ho_Chi_Minh,32.8,20.7,25.7,67,20.6,35,1009.5,0
2021-01-16,Ho_Chi_Minh,32.8,21.7,26.2,64,18.8,46,1009.7,0
2021-01-17,Ho_Chi_Minh,34.7,21.8,27.0,59,20.1,58,1011.1,0
2021-01-18,Ho_Chi_Minh,32.6,21.5,26.4,49,16.1,67,1011.5,0
2021-01-19,Ho_Chi_Minh,31.3,20.2,25.8,49,10.7,96,1011.0,0
2021-01-20,Ho_Chi_Minh,32.7,21.6,26.9,65,16.5,90,1010.5,0
2021-01-21,Ho_Chi_Minh,32.8,22.3,27.2,68,18.1,97,1009.8,0
2021-01-22,Ho_Chi_Minh,31.5,23.3,26.6,76,13.2,83,1009.6,1
2021-01-23,Ho_Chi_Minh,29.0,23.7,25.7,81,11.9,65,1010.1,1
2021-01-24,Ho_Chi_Minh,30.8,22.7,26.1,78,13.7,40,1010.5,1
2021-01-25,Ho_Chi_Minh,31.1,22.6,26.0,78,19.5,65,1010.0,1
2021-01-26,Ho_Chi_Minh,31.8,22.3,26.7,73,14.4,67,1009.3,1
2021-01-27,Ho_Chi_Minh,32.5,22.0,27.0,70,11.3,81,1009.4,1
2021-01-28,Ho_Chi_Minh,33.1,22.6,27.1,70,18.7,85,1010.7,1
2021-01-29,Ho_Chi_Minh,31.5,21.9,26.5,59,17.6,90,1011.2,0
2021-01-30,Ho_Chi_Minh,32.8,20.1,26.3,58,12.9,92,1011.6,0
2021-01-31,Ho_Chi_Minh,32.8,22.0,27.2,62,12.0,82,1011.6,0
2021-02-01,Ho_Chi_Minh,33.3,22.6,27.6,61,19.3,41,1011.9,0
2021-02-02,Ho_Chi_Minh,33.2,22.8,27.3,60,19.8,48,1012.0,0
2021-02-03,Ho_Chi_Minh,33.2,21.0,26.6,62,17.6,80,1011.7,0
2021-02-04,Ho_Chi_Minh,34.0,21.3,27.3,62,16.6,67,1012.0,0
2021-02-05,Ho_Chi_Minh,33.1,23.0,27.7,64,19.9,45,1011.3,1
2021-02-06,Ho_Chi_Minh,32.5,23.4,27.8,64,18.7,69,1010.0,1
2021-02-07,Ho_Chi_Minh,33.2,24.1,28.0,63,14.9,81,1010.3,1
2021-02-08,Ho_Chi_Minh,32.5,24.2,27.6,69,10.6,46,1009.8,1
2021-02-09,Ho_Chi_Minh,32.0,23.5,27.5,71,14.8,31,1009.1,1
2021-02-10,Ho_Chi_Minh,31.4,23.5,26.9,76,14.1,63,1009.4,1
2021-02-11,Ho_Chi_Minh,29.9,24.0,26.3,77,13.0,72,1010.1,1
2021-02-12,Ho_Chi_Minh,31.2,22.8,26.2,73,18.7,45,1011.2,1
2021-02-13,Ho_Chi_Minh,31.4,21.8,25.6,72,19.5,54,1011.9,0
2021-02-14,Ho_Chi_Minh,30.6,21.0,25.3,68,21.5,47,1012.6,0
2021-02-15,Ho_Chi_Minh,31.6,20.8,25.3,69,21.6,25,1011.3,0
2021-02-16,Ho_Chi_Minh,32.0,21.4,25.4,69,21.0,46,1010.9,0
2021-02-17,Ho_Chi_Minh,33.0,21.5,26.4,61,23.2,39,1011.8,0
2021-02-18,Ho_Chi_Minh,32.5,20.3,26.5,59,14.3,31,1013.3,0
2021-02-19,Ho_Chi_Minh,32.9,20.5,26.7,53,17.8,20,1013.1,0
2021-02-20,Ho_Chi_Minh,32.8,20.8,26.5,55,16.0,38,1012.6,0
2021-02-21,Ho_Chi_Minh,32.2,20.5,26.0,61,18.3,48,1012.0,0
2021-02-22,Ho_Chi_Minh,33.0,20.9,25.7,63,23.2,57,1011.3,0
2021-02-23,Ho_Chi_Minh,33.3,21.6,26.1,65,23.0,67,1010.3,0
2021-02-24,Ho_Chi_Minh,34.5,22.8,26.9,67,20.2,47,1009.3,0
2021-02-25,Ho_Chi_Minh,34.2,22.6,27.4,69,16.7,68,1007.9,0
2021-02-26,Ho_Chi_Minh,32.7,24.0,27.6,72,17.3,77,1007.0,1
2021-02-27,Ho_Chi_Minh,33.0,24.0,27.6,74,15.5,39,1007.7,1
2021-02-28,Ho_Chi_Minh,32.7,23.6,27.7,71,19.1,19,1009.3,1
2021-03-01,Ho_Chi_Minh,34.0,24.3,28.3,71,19.5,66,1011.4,0
2021-03-02,Ho_Chi_Minh,35.5,24.6,28.6,69,20.6,68,1011.3,1
2021-03-03,Ho_Chi_Minh,36.1,24.0,28.8,63,20.4,37,1010.9,1
2021-03-04,Ho_Chi_Minh,36.8,24.7,29.2,58,27.2,11,1011.5,0
2021-03-05,Ho_Chi_Minh,36.1,22.5,28.4,59,26.9,0,1011.4,0
2021-03-06,Ho_Chi_Minh,36.3,22.5,28.5,60,23.2,19,1011.9,0
2021-03-07,Ho_Chi_Minh,35.7,24.0,28.5,65,23.8,40,1011.2,1
2021-03-08,Ho_Chi_Minh,35.7,23.9,29.1,55,21.6,35,1011.6,0
2021-03-09,Ho_Chi_Minh,34.2,24.3,28.7,58,18.5,25,1011.5,1
2021-03-10,Ho_Chi_Minh,34.3,23.6,28.9,57,16.3,31,1011.2,1
2021-03-11,Ho_Chi_Minh,35.0,25.2,29.3,57,21.4,28,1011.1,1
2021-03-12,Ho_Chi_Minh,36.0,24.9,29.6,51,20.6,24,1011.1,0
2021-03-13,Ho_Chi_Minh,35.7,25.0,29.2,57,22.9,34,1011.0,1
2021-03-14,Ho_Chi_Minh,35.3,23.2,28.3,63,24.5,36,1009.4,0
2021-03-15,Ho_Chi_Minh,35.3,23.5,27.9,66,21.3,38,1009.3,1
2021-03-16,Ho_Chi_Minh,33.5,24.6,28.0,67,23.0,61,1009.2,1
2021-03-17,Ho_Chi_Minh,34.2,24.1,27.8,68,20.5,65,1009.1,1
2021-03-18,Ho_Chi_Minh,34.3,24.1,28.2,71,23.8,71,1008.6,0
2021-03-19,Ho_Chi_Minh,36.0,24.3,28.8,72,21.5,55,1007.8,1
2021-03-20,Ho_Chi_Minh,33.0,25.6,28.9,71,17.6,73,1006.9,1
2021-03-21,Ho_Chi_Minh,34.8,25.6,29.1,70,22.9,54,1007.4,1
2021-03-22,Ho_Chi_Minh,35.8,24.7,29.9,63,19.1,42,1009.3,0
2021-03-23,Ho_Chi_Minh,36.7,25.6,30.7,55,13.2,80,1009.0,1
2021-03-24,Ho_Chi_Minh,35.8,26.0,29.9,61,18.1,96,1008.3,1
2021-03-25,Ho_Chi_Minh,33.0,26.0,29.0,68,19.5,85,1008.7,1
2021-03-26,Ho_Chi_Minh,35.7,24.6,29.1,66,23.7,62,1008.1,0
2021-03-27,Ho_Chi_Minh,35.3,25.1,29.2,68,23.7,49,1007.7,1
2021-03-28,Ho_Chi_Minh,35.8,25.1,29.3,67,19.0,29,1007.4,0
2021-03-29,Ho_Chi_Minh,35.0,25.4,29.2,68,18.1,31,1006.9,0
2021-03-30,Ho_Chi_Minh,34.2,25.2,29.2,69,17.4,31,1006.0,1
2021-03-31,Ho_Chi_Minh,35.8,25.2,29.6,70,18.9,54,1005.1,0
2021-04-01,Ho_Chi_Minh,35.1,25.9,29.6,69,18.2,39,1005.7,1
2021-04-02,Ho_Chi_Minh,34.8,26.3,29.8,73,18.2,70,1006.5,1
2021-04-03,Ho_Chi_Minh,32.2,24.7,27.8,79,16.7,61,1007.2,1
2021-04-04,Ho_Chi_Minh,31.3,25.5,28.0,79,14.6,71,1008.0,1
2021-04-05,Ho_Chi_Minh,32.8,24.5,28.3,76,17.1,89,1009.1,1
2021-04-06,Ho_Chi_Minh,35.4,24.4,28.9,66,23.6,63,1009.6,0
2021-04-07,Ho_Chi_Minh,33.8,24.2,28.6,66,18.0,44,1009.8,1
2021-04-08,Ho_Chi_Minh,32.8,25.5,28.4,72,13.3,66,1009.1,1
2021-04-09,Ho_Chi_Minh,33.0,25.9,28.3,74,15.5,68,1009.1,1
2021-04-10,Ho_Chi_Minh,33.7,24.9,28.7,71,18.7,68,1010.2,1
2021-04-11,Ho_Chi_Minh,35.3,25.1,29.4,66,19.4,51,1011.0,1
2021-04-12,Ho_Chi_Minh,34.3,25.8,29.2,67,14.9,46,1011.2,1
2021-04-13,Ho_Chi_Minh,33.7,25.5,28.8,75,16.3,36,1010.7,1
2021-04-14,Ho_Chi_Minh,33.3,25.4,28.8,73,14.6,64,1010.2,1
2021-04-15,Ho_Chi_Minh,31.7,24.1,27.2,85,14.1,83,1009.4,1
2021-04-16,Ho_Chi_Minh,31.2,24.1,27.1,84,13.0,88,1009.7,1
2021-04-17,Ho_Chi_Minh,32.0,24.6,27.4,84,11.0,94,1010.8,1
2021-04-18,Ho_Chi_Minh,30.0,24.9,26.9,85,13.3,84,1010.7,1
2021-04-19,Ho_Chi_Minh,30.8,24.5,26.9,87,13.0,51,1009.3,1
2021-04-20,Ho_Chi_Minh,32.3,25.0,28.0,83,8.7,83,1008.6,1
2021-04-21,Ho_Chi_Minh,31.6,25.6,28.0,84,9.9,96,1008.7,1
2021-04-22,Ho_Chi_Minh,29.2,24.9,26.6,89,9.8,98,1008.6,1
2021-04-23,Ho_Chi_Minh,31.2,24.7,27.0,87,14.7,97,1007.8,1
2021-04-24,Ho_Chi_Minh,32.3,24.5,27.8,83,14.8,65,1007.9,1
2021-04-25,Ho_Chi_Minh,31.8,24.5,27.7,84,12.0,67,1008.5,1
2021-04-26,Ho_Chi_Minh,32.2,24.9,28.3,82,14.4,78,1008.3,1
2021-04-27,Ho_Chi_Minh,30.8,25.5,27.3,86,12.6,89,1009.9,1
2021-04-28,Ho_Chi_Minh,31.5,25.1,27.7,83,12.8,86,1010.6,1
2021-04-29,Ho_Chi_Minh,32.0,25.3,28.1,78,13.7,36,1009.9,1
2021-04-30,Ho_Chi_Minh,32.5,25.2,28.4,77,14.2,60,1009.6,1
2021-05-01,Ho_Chi_Minh,30.8,25.4,28.0,83,17.0,68,1010.0,1
2021-05-02,Ho_Chi_Minh,32.9,25.4,28.8,78,15.4,50,1009.3,1
2021-05-03,Ho_Chi_Minh,33.5,25.5,28.6,78,18.5,55,1007.8,1
2021-05-04,Ho_Chi_Minh,33.5,24.8,28.9,75,16.0,33,1007.1,1
2021-05-05,Ho_Chi_Minh,34.4,25.6,29.6,73,14.9,68,1007.3,1
2021-05-06,Ho_Chi_Minh,34.1,26.0,29.5,73,16.1,97,1009.1,1
2021-05-07,Ho_Chi_Minh,32.8,25.0,28.4,81,17.2,97,1009.6,1
2021-05-08,Ho_Chi_Minh,32.7,25.7,28.6,80,18.6,98,1008.2,1
2021-05-09,Ho_Chi_Minh,32.6,26.4,28.6,82,12.6,79,1007.9,1
2021-05-10,Ho_Chi_Minh,33.1,26.0,29.3,79,12.1,30,1007.4,1
2021-05-11,Ho_Chi_Minh,33.2,26.0,29.5,78,13.1,43,1007.0,1
2021-05-12,Ho_Chi_Minh,34.5,26.5,29.9,76,12.7,73,1006.4,1
2021-05-13,Ho_Chi_Minh,33.2,26.7,29.3,81,18.4,63,1005.9,1
2021-05-14,Ho_Chi_Minh,31.6,26.5,28.8,82,14.9,82,1006.3,1
2021-05-15,Ho_Chi_Minh,32.8,25.9,28.7,82,16.0,89,1007.0,1
2021-05-16,Ho_Chi_Minh,32.8,25.8,29.0,82,15.0,42,1006.7,1
2021-05-17,Ho_Chi_Minh,31.9,25.0,28.0,84,16.6,92,1007.7,1
2021-05-18,Ho_Chi_Minh,31.5,25.4,28.0,85,13.3,77,1007.9,1
2021-05-19,Ho_Chi_Minh,32.5,25.4,28.1,86,13.0,91,1007.4,1
2021-05-20,Ho_Chi_Minh,32.5,25.5,28.7,82,14.2,71,1007.5,1
2021-05-21,Ho_Chi_Minh,31.5,25.7,27.8,86,11.6,88,1007.5,1
2021-05-22,Ho_Chi_Minh,30.9,25.3,26.9,89,16.8,99,1006.9,1
2021-05-23,Ho_Chi_Minh,31.3,25.2,27.2,88,17.6,96,1006.2,1
2021-05-24,Ho_Chi_Minh,29.7,26.0,27.1,88,16.1,99,1006.9,1
2021-05-25,Ho_Chi_Minh,28.7,24.6,26.5,91,11.7,96,1007.3,1
2021-05-26,Ho_Chi_Minh,29.2,24.8,26.4,91,14.5,98,1007.3,1
2021-05-27,Ho_Chi_Minh,30.2,24.9,26.6,90,14.2,92,1007.7,1
2021-05-28,Ho_Chi_Minh,30.8,24.8,27.4,88,12.4,42,1009.1,1
2021-05-29,Ho_Chi_Minh,31.6,25.3,28.0,85,14.5,38,1009.0,1
2021-05-30,Ho_Chi_Minh,32.9,24.8,28.6,82,11.0,28,1007.5,1
2021-05-31,Ho_Chi_Minh,33.0,25.7,29.0,84,12.2,46,1006.1,1
2021-06-01,Ho_Chi_Minh,32.0,25.9,28.7,85,10.8,70,1006.5,1
2021-06-02,Ho_Chi_Minh,32.3,26.1,28.6,85,11.9,88,1007.0,1
2021-06-03,Ho_Chi_Minh,32.8,25.6,28.6,85,11.2,67,1007.8,1
2021-06-04,Ho_Chi_Minh,33.5,25.2,29.3,82,12.1,73,1007.4,1
2021-06-05,Ho_Chi_Minh,33.0,26.0,28.6,83,17.6,84,1007.6,1
2021-06-06,Ho_Chi_Minh,32.3,25.0,28.0,85,20.6,98,1007.3,1
2021-06-07,Ho_Chi_Minh,31.9,25.7,27.7,84,24.9,98,1008.1,1
2021-06-08,Ho_Chi_Minh,28.9,24.9,26.6,89,16.6,99,1008.9,1
2021-06-09,Ho_Chi_Minh,30.3,25.2,27.0,88,11.6,97,1008.0,1
2021-06-10,Ho_Chi_Minh,30.6,25.0,26.7,90,20.0,95,1006.8,1
2021-06-11,Ho_Chi_Minh,31.5,24.6,27.3,85,20.2,97,1005.7,1
2021-06-12,Ho_Chi_Minh,30.0,24.9,26.6,87,18.3,100,1007.0,1
2021-06-13,Ho_Chi_Minh,31.1,24.8,27.4,83,22.0,86,1008.0,1
2021-06-14,Ho_Chi_Minh,32.2,24.9,27.9,82,17.6,56,1007.9,1
2021-06-15,Ho_Chi_Minh,30.6,24.8,27.1,87,15.5,66,1007.4,1
2021-06-16,Ho_Chi_Minh,31.7,24.9,27.3,87,14.9,86,1008.7,1
2021-06-17,Ho_Chi_Minh,32.9,24.9,28.5,78,11.8,72,1009.2,1
2021-06-18,Ho_Chi_Minh,32.2,24.9,28.2,82,11.4,63,1009.8,1
2021-06-19,Ho_Chi_Minh,31.6,25.0,27.8,85,13.1,63,1009.1,1
2021-06-20,Ho_Chi_Minh,32.4,25.0,27.7,84,16.1,58,1007.9,1
2021-06-21,Ho_Chi_Minh,31.4,24.8,27.5,85,25.2,54,1007.5,1
2021-06-22,Ho_Chi_Minh,31.0,24.5,27.3,86,16.6,56,1008.4,1
2021-06-23,Ho_Chi_Minh,30.9,24.3,27.2,86,20.5,44,1009.1,1
2021-06-24,Ho_Chi_Minh,31.5,24.0,27.5,85,13.9,32,1007.7,1
2021-06-25,Ho_Chi_Minh,32.2,25.0,28.1,82,14.4,60,1007.1,1
2021-06-26,Ho_Chi_Minh,31.9,24.9,28.0,82,14.6,51,1008.4,1
2021-06-27,Ho_Chi_Minh,32.7,24.6,28.4,80,14.3,28,1009.4,1
2021-06-28,Ho_Chi_Minh,32.8,25.0,28.0,83,13.0,51,1008.5,1
2021-06-29,Ho_Chi_Minh,32.5,25.1,28.3,83,11.0,49,1007.8,1
2021-06-30,Ho_Chi_Minh,32.2,25.6,28.1,83,14.5,68,1008.1,1
2021-07-01,Ho_Chi_Minh,32.6,24.7,28.2,82,11.6,34,1008.2,1
2021-07-02,Ho_Chi_Minh,33.0,24.6,28.6,78,12.8,13,1008.3,1
2021-07-03,Ho_Chi_Minh,33.8,25.0,28.9,81,10.0,28,1006.8,1
2021-07-04,Ho_Chi_Minh,32.0,26.0,28.5,83,15.4,81,1006.0,1
2021-07-05,Ho_Chi_Minh,30.3,25.3,26.9,89,13.5,84,1005.5,1
2021-07-06,Ho_Chi_Minh,28.2,25.0,26.3,91,16.9,99,1005.5,1
2021-07-07,Ho_Chi_Minh,29.6,24.7,26.4,89,16.5,98,1006.7,1
2021-07-08,Ho_Chi_Minh,27.2,24.6,25.6,91,15.0,98,1007.4,1
2021-07-09,Ho_Chi_Minh,29.2,23.7,25.8,89,14.6,97,1007.1,1
2021-07-10,Ho_Chi_Minh,30.3,24.3,26.8,86,13.1,68,1007.2,1
2021-07-11,Ho_Chi_Minh,30.9,24.5,27.6,84,11.8,64,1008.3,1
2021-07-12,Ho_Chi_Minh,31.5,25.2,27.7,85,14.3,88,1008.3,1
2021-07-13,Ho_Chi_Minh,30.4,24.4,27.2,87,12.7,97,1007.4,1
2021-07-14,Ho_Chi_Minh,30.5,24.5,26.7,87,10.6,95,1006.6,1
2021-07-15,Ho_Chi_Minh,28.8,24.1,26.0,91,9.7,100,1007.9,1
2021-07-16,Ho_Chi_Minh,31.5,23.9,27.7,82,14.6,70,1008.8,1
2021-07-17,Ho_Chi_Minh,32.2,24.5,27.9,80,17.1,78,1006.8,1
2021-07-18,Ho_Chi_Minh,30.4,25.1,26.9,88,18.1,97,1006.2,1
2021-07-19,Ho_Chi_Minh,29.6,25.4,26.7,87,16.6,98,1007.3,1
2021-07-20,Ho_Chi_Minh,31.2,25.0,27.5,84,23.7,68,1008.0,1
2021-07-21,Ho_Chi_Minh,30.2,25.0,27.1,87,22.9,71,1007.7,1
2021-07-22,Ho_Chi_Minh,29.5,25.0,27.1,87,16.3,84,1007.1,1
2021-07-23,Ho_Chi_Minh,29.8,25.5,27.4,85,27.3,96,1006.6,1
2021-07-24,Ho_Chi_Minh,31.5,25.9,28.1,82,21.9,94,1006.2,1
2021-07-25,Ho_Chi_Minh,29.6,25.9,27.3,86,28.7,73,1006.9,1
2021-07-26,Ho_Chi_Minh,31.3,25.0,27.8,83,19.8,56,1006.2,1
2021-07-27,Ho_Chi_Minh,31.4,25.3,27.8,83,22.4,48,1005.6,1
2021-07-28,Ho_Chi_Minh,30.9,25.8,27.4,84,24.7,84,1005.5,1
2021-07-29,Ho_Chi_Minh,29.8,25.2,26.8,88,21.2,95,1006.5,1
2021-07-30,Ho_Chi_Minh,30.0,24.9,26.8,89,22.0,91,1007.5,1
2021-07-31,Ho_Chi_Minh,31.4,25.0,27.6,85,17.7,90,1007.5,1
2021-08-01,Ho_Chi_Minh,32.2,25.1,27.9,83,23.7,78,1006.3,1
2021-08-02,Ho_Chi_Minh,31.2,25.7,28.1,82,22.1,63,1006.5,1
2021-08-03,Ho_Chi_Minh,30.4,26.0,28.0,81,22.8,88,1007.3,1
2021-08-04,Ho_Chi_Minh,32.5,25.8,28.1,81,23.7,96,1007.8,1
2021-08-05,Ho_Chi_Minh,31.3,25.8,27.7,84,25.0,88,1007.8,1
2021-08-06,Ho_Chi_Minh,32.0,25.4,28.1,82,21.0,88,1008.0,1
2021-08-07,Ho_Chi_Minh,32.3,25.2,28.0,84,19.9,79,1008.3,1
2021-08-08,Ho_Chi_Minh,31.9,25.3,28.2,83,15.3,97,1008.0,1
2021-08-09,Ho_Chi_Minh,32.0,25.9,28.5,82,15.1,75,1007.0,1
2021-08-10,Ho_Chi_Minh,30.7,25.7,27.5,87,19.4,78,1006.5,1
2021-08-11,Ho_Chi_Minh,30.8,25.2,27.3,88,14.5,78,1008.6,1
2021-08-12,Ho_Chi_Minh,29.0,24.9,26.9,90,13.5,90,1010.5,1
2021-08-13,Ho_Chi_Minh,30.9,24.6,26.6,88,15.1,97,1008.8,1
2021-08-14,Ho_Chi_Minh,30.0,25.1,27.1,89,16.2,97,1007.7,1
2021-08-15,Ho_Chi_Minh,29.9,24.5,26.9,83,12.8,89,1009.4,0
2021-08-16,Ho_Chi_Minh,32.3,23.5,27.8,81,8.7,41,1011.1,1
2021-08-17,Ho_Chi_Minh,31.4,24.1,27.2,88,7.9,97,1010.3,1
2021-08-18,Ho_Chi_Minh,31.7,24.0,27.3,85,10.4,84,1008.5,1
2021-08-19,Ho_Chi_Minh,31.2,24.0,27.1,85,9.6,77,1008.0,1
2021-08-20,Ho_Chi_Minh,30.9,24.6,27.1,86,12.7,78,1008.7,1
2021-08-21,Ho_Chi_Minh,31.8,23.9,27.5,83,10.0,32,1008.9,1
2021-08-22,Ho_Chi_Minh,31.8,24.9,27.5,84,17.3,80,1008.2,1
2021-08-23,Ho_Chi_Minh,31.6,24.9,27.2,86,15.8,90,1007.7,1
2021-08-24,Ho_Chi_Minh,29.4,24.4,26.5,88,16.7,86,1007.0,1
2021-08-25,Ho_Chi_Minh,28.6,24.0,25.5,91,17.6,98,1007.5,1
2021-08-26,Ho_Chi_Minh,28.4,23.6,25.4,91,16.6,98,1007.9,1
2021-08-27,Ho_Chi_Minh,31.2,23.5,26.4,88,18.7,95,1007.5,1
2021-08-28,Ho_Chi_Minh,29.9,23.8,26.0,87,9.3,97,1007.3,1
2021-08-29,Ho_Chi_Minh,29.8,23.3,26.3,88,11.1,92,1007.1,1
2021-08-30,Ho_Chi_Minh,30.1,23.5,26.3,89,12.3,92,1007.9,1
2021-08-31,Ho_Chi_Minh,30.8,23.9,26.7,88,12.3,97,1008.4,1
2021-09-01,Ho_Chi_Minh,31.0,23.9,26.7,87,12.3,95,1008.1,1
2021-09-02,Ho_Chi_Minh,29.5,24.1,26.7,87,13.3,98,1007.9,1
2021-09-03,Ho_Chi_Minh,30.1,23.9,26.3,87,16.1,98,1007.5,1
2021-09-04,Ho_Chi_Minh,29.1,24.2,26.1,88,18.8,98,1008.0,1
2021-09-05,Ho_Chi_Minh,30.0,24.1,26.1,87,14.0,91,1008.4,1
2021-09-06,Ho_Chi_Minh,30.6,23.3,26.4,87,11.6,76,1008.5,1
2021-09-07,Ho_Chi_Minh,30.6,24.2,26.5,88,16.6,96,1007.5,1
2021-09-08,Ho_Chi_Minh,30.8,24.3,26.8,88,17.6,93,1006.3,1
2021-09-09,Ho_Chi_Minh,30.0,24.3,26.4,87,18.9,98,1007.8,1
2021-09-10,Ho_Chi_Minh,30.5,24.9,26.9,87,21.2,100,1007.9,1
2021-09-11,Ho_Chi_Minh,30.9,25.0,27.2,83,26.0,100,1006.6,1
2021-09-12,Ho_Chi_Minh,31.0,25.2,27.7,81,27.2,95,1004.3,1
2021-09-13,Ho_Chi_Minh,31.0,25.1,26.9,87,14.9,94,1005.5,1
2021-09-14,Ho_Chi_Minh,29.4,24.4,26.2,90,13.3,98,1007.9,1
2021-09-15,Ho_Chi_Minh,30.1,23.9,26.1,89,14.0,95,1009.5,1
2021-09-16,Ho_Chi_Minh,30.1,24.5,26.9,88,9.7,95,1009.4,1
2021-09-17,Ho_Chi_Minh,31.5,23.9,27.2,86,8.9,85,1008.7,1
2021-09-18,Ho_Chi_Minh,31.8,24.6,27.4,86,8.5,70,1008.3,1
2021-09-19,Ho_Chi_Minh,27.9,23.8,25.3,91,13.6,98,1008.4,1
2021-09-20,Ho_Chi_Minh,30.5,23.4,25.9,90,16.1,92,1008.1,1
2021-09-21,Ho_Chi_Minh,30.4,23.9,26.6,87,17.0,77,1007.7,1
2021-09-22,Ho_Chi_Minh,30.0,23.8,26.4,88,11.2,67,1008.0,1
2021-09-23,Ho_Chi_Minh,30.4,24.5,26.5,89,11.6,100,1008.2,1
2021-09-24,Ho_Chi_Minh,29.9,24.5,26.4,90,15.8,98,1008.3,1
2021-09-25,Ho_Chi_Minh,30.5,24.4,26.5,89,17.4,93,1007.9,1
2021-09-26,Ho_Chi_Minh,31.0,23.9,26.7,87,12.3,96,1007.2,1
2021-09-27,Ho_Chi_Minh,31.7,24.6,27.7,84,13.8,56,1007.5,1
2021-09-28,Ho_Chi_Minh,31.9,25.0,27.7,86,10.3,78,1008.0,1
2021-09-29,Ho_Chi_Minh,31.6,24.7,27.4,86,12.9,53,1007.4,1
2021-09-30,Ho_Chi_Minh,29.9,24.4,26.8,89,9.6,83,1008.3,1
2021-10-01,Ho_Chi_Minh,30.9,24.6,26.9,88,8.8,93,1008.9,1
2021-10-02,Ho_Chi_Minh,29.9,23.9,26.1,90,10.3,93,1009.4,1
2021-10-03,Ho_Chi_Minh,29.2,23.9,26.3,89,7.6,93,1008.3,1
2021-10-04,Ho_Chi_Minh,31.1,24.6,27.5,84,8.2,98,1006.7,1
2021-10-05,Ho_Chi_Minh,30.5,24.3,26.7,87,11.8,96,1005.6,1
2021-10-06,Ho_Chi_Minh,27.9,24.0,25.8,91,9.2,100,1004.3,1
2021-10-07,Ho_Chi_Minh,28.0,24.4,26.0,91,12.6,100,1003.8,1
2021-10-08,Ho_Chi_Minh,29.2,25.0,26.4,89,21.3,99,1004.4,1
2021-10-09,Ho_Chi_Minh,29.5,24.9,26.8,88,21.3,99,1006.0,1
2021-10-10,Ho_Chi_Minh,32.2,25.1,27.5,85,19.6,89,1005.4,1
2021-10-11,Ho_Chi_Minh,28.7,25.3,26.5,90,15.4,98,1005.2,1
2021-10-12,Ho_Chi_Minh,29.0,24.5,26.0,89,25.3,99,1005.0,1
2021-10-13,Ho_Chi_Minh,30.2,24.5,26.1,88,20.7,100,1003.9,1
2021-10-14,Ho_Chi_Minh,31.2,24.2,26.6,89,21.7,100,1005.1,1
2021-10-15,Ho_Chi_Minh,31.2,24.0,26.8,87,15.3,92,1006.1,1
2021-10-16,Ho_Chi_Minh,28.0,24.0,25.8,90,10.1,100,1007.6,1
2021-10-17,Ho_Chi_Minh,29.4,23.6,25.7,89,13.8,99,1008.0,1
2021-10-18,Ho_Chi_Minh,30.8,23.7,27.0,85,14.9,87,1009.6,1
2021-10-19,Ho_Chi_Minh,30.5,24.6,27.2,86,14.5,96,1012.0,1
2021-10-20,Ho_Chi_Minh,28.8,24.0,25.7,91,11.9,94,1012.3,1
2021-10-21,Ho_Chi_Minh,30.5,23.8,26.7,85,11.3,100,1011.0,1
2021-10-22,Ho_Chi_Minh,29.7,24.0,26.2,89,12.7,100,1011.5,1
2021-10-23,Ho_Chi_Minh,30.5,23.4,26.0,88,11.1,80,1011.7,1
2021-10-24,Ho_Chi_Minh,31.1,23.5,26.3,87,6.4,82,1010.3,1
2021-10-25,Ho_Chi_Minh,30.6,23.9,26.7,86,12.3,99,1008.8,1
2021-10-26,Ho_Chi_Minh,31.2,24.0,27.0,81,12.2,96,1007.8,1
2021-10-27,Ho_Chi_Minh,29.4,24.1,26.2,85,14.0,100,1008.2,1
2021-10-28,Ho_Chi_Minh,31.0,23.5,27.0,84,16.2,66,1009.9,1
2021-10-29,Ho_Chi_Minh,31.4,24.1,26.8,85,14.8,63,1011.3,1
2021-10-30,Ho_Chi_Minh,31.6,23.3,26.5,86,18.3,88,1011.1,1
2021-10-31,Ho_Chi_Minh,30.5,24.0,26.2,87,13.9,70,1011.5,1
2021-11-01,Ho_Chi_Minh,31.2,23.8,26.6,88,10.9,86,1010.7,1
2021-11-02,Ho_Chi_Minh,31.3,23.0,26.9,83,11.2,96,1010.4,0
2021-11-03,Ho_Chi_Minh,31.6,23.5,27.3,82,12.9,82,1009.6,1
2021-11-04,Ho_Chi_Minh,31.3,23.7,27.3,81,16.2,86,1009.5,1
2021-11-05,Ho_Chi_Minh,31.5,23.9,26.8,87,15.8,79,1008.4,1
2021-11-06,Ho_Chi_Minh,30.9,24.5,27.0,86,13.0,75,1006.8,1
2021-11-07,Ho_Chi_Minh,30.8,24.7,27.4,85,14.4,74,1006.8,1
2021-11-08,Ho_Chi_Minh,31.8,24.6,27.8,84,18.4,64,1007.8,1
2021-11-09,Ho_Chi_Minh,29.4,23.5,26.6,86,8.4,100,1008.8,1
2021-11-10,Ho_Chi_Minh,31.1,24.1,27.2,82,9.4,89,1008.7,1
2021-11-11,Ho_Chi_Minh,28.8,24.0,25.7,91,14.1,97,1008.8,1
2021-11-12,Ho_Chi_Minh,30.8,23.5,25.9,88,8.7,96,1009.4,1
2021-11-13,Ho_Chi_Minh,30.4,23.1,26.2,87,15.2,98,1009.3,1
2021-11-14,Ho_Chi_Minh,27.5,23.8,25.2,91,7.9,99,1009.8,1
2021-11-15,Ho_Chi_Minh,29.5,23.4,26.0,89,14.7,98,1008.4,1
2021-11-16,Ho_Chi_Minh,29.4,23.9,25.9,90,10.9,100,1008.5,1
2021-11-17,Ho_Chi_Minh,30.5,23.8,26.2,90,13.2,98,1008.8,1
2021-11-18,Ho_Chi_Minh,30.5,23.9,26.2,89,18.7,92,1008.0,1
2021-11-19,Ho_Chi_Minh,30.9,23.3,26.6,86,10.7,76,1007.1,1
2021-11-20,Ho_Chi_Minh,30.0,23.8,26.0,91,13.2,90,1007.0,1
2021-11-21,Ho_Chi_Minh,31.1,22.9,26.5,87,12.6,91,1007.8,1
2021-11-22,Ho_Chi_Minh,28.9,24.5,26.2,88,17.9,83,1009.0,1
2021-11-23,Ho_Chi_Minh,30.8,22.9,26.4,87,9.7,89,1008.7,1
2021-11-24,Ho_Chi_Minh,31.1,23.4,26.6,83,7.6,77,1009.3,1
2021-11-25,Ho_Chi_Minh,30.5,23.5,26.0,87,14.0,97,1009.5,1
2021-11-26,Ho_Chi_Minh,30.5,22.9,26.5,77,12.3,97,1009.0,1
2021-11-27,Ho_Chi_Minh,27.8,23.3,24.9,83,15.0,100,1009.0,1
2021-11-28,Ho_Chi_Minh,29.5,22.8,25.3,87,12.0,100,1008.1,1
2021-11-29,Ho_Chi_Minh,27.5,23.7,25.4,90,11.2,100,1007.8,1
2021-11-30,Ho_Chi_Minh,27.5,23.3,25.4,89,20.5,99,1008.9,1
2021-12-01,Ho_Chi_Minh,29.5,22.4,25.6,84,9.7,90,1010.0,1
2021-12-02,Ho_Chi_Minh,29.8,21.1,25.2,78,8.2,82,1010.9,0
2021-12-03,Ho_Chi_Minh,28.8,20.9,24.7,77,11.2,94,1012.4,0
2021-12-04,Ho_Chi_Minh,27.9,19.8,23.8,77,10.6,100,1012.5,0
2021-12-05,Ho_Chi_Minh,28.8,17.9,23.7,75,12.3,78,1011.5,0
2021-12-06,Ho_Chi_Minh,29.5,20.9,25.2,79,11.4,42,1010.9,1
2021-12-07,Ho_Chi_Minh,29.5,20.8,25.3,78,8.6,93,1011.4,0
2021-12-08,Ho_Chi_Minh,30.5,20.2,25.5,77,9.7,44,1011.6,0
2021-12-09,Ho_Chi_Minh,30.1,22.2,25.7,85,11.7,49,1011.8,1
2021-12-10,Ho_Chi_Minh,30.0,21.2,25.6,78,10.7,77,1011.6,0
2021-12-11,Ho_Chi_Minh,30.0,19.5,24.9,78,8.8,81,1011.9,0
2021-12-12,Ho_Chi_Minh,30.7,21.8,26.2,80,9.4,80,1010.9,0
2021-12-13,Ho_Chi_Minh,30.6,23.2,26.5,75,11.9,90,1010.3,0
2021-12-14,Ho_Chi_Minh,30.6,22.5,26.5,72,8.9,76,1009.1,0
2021-12-15,Ho_Chi_Minh,31.5,22.9,26.8,77,9.7,73,1008.7,0
2021-12-16,Ho_Chi_Minh,31.9,23.8,27.6,79,11.5,44,1009.1,1
2021-12-17,Ho_Chi_Minh,32.5,24.2,27.5,76,15.9,94,1009.2,1
2021-12-18,Ho_Chi_Minh,33.0,21.9,27.4,65,18.8,88,1009.0,0
2021-12-19,Ho_Chi_Minh,29.9,24.3,26.8,55,22.7,100,1009.2,0
2021-12-20,Ho_Chi_Minh,29.9,21.6,26.0,66,10.6,97,1011.2,0
2021-12-21,Ho_Chi_Minh,31.8,22.2,26.8,73,14.8,40,1011.6,0
2021-12-22,Ho_Chi_Minh,32.0,23.8,26.9,76,15.6,59,1010.9,1
2021-12-23,Ho_Chi_Minh,32.0,23.0,26.9,75,15.2,58,1010.6,0
2021-12-24,Ho_Chi_Minh,31.5,22.6,26.9,73,12.7,60,1010.7,1
2021-12-25,Ho_Chi_Minh,32.6,22.5,27.5,71,9.7,41,1011.1,1
2021-12-26,Ho_Chi_Minh,32.6,22.8,27.8,70,10.1,44,1012.0,0
2021-12-27,Ho_Chi_Minh,32.0,23.2,27.0,77,9.7,73,1012.5,1
2021-12-28,Ho_Chi_Minh,31.9,23.1,26.5,82,16.3,72,1012.1,1
2021-12-29,Ho_Chi_Minh,30.5,23.0,26.6,78,11.0,76,1011.9,1
2021-12-30,Ho_Chi_Minh,32.7,22.6,27.3,64,15.8,93,1012.6,1
2021-12-31,Ho_Chi_Minh,31.9,22.5,27.1,61,14.1,74,1012.7,0
2021-01-01,Dong_Nai,30.2,21.6,25.3,58,15.8,98,1010.9,0
2021-01-02,Dong_Nai,30.6,21.6,25.5,61,8.7,71,1010.4,1
2021-01-03,Dong_Nai,32.5,21.6,26.4,68,13.7,55,1009.5,1
2021-01-04,Dong_Nai,32.8,22.2,26.8,70,18.7,66,1009.4,1
2021-01-05,Dong_Nai,32.5,22.9,27.3,72,12.9,57,1009.7,1
2021-01-06,Dong_Nai,32.7,22.8,27.7,68,7.6,63,1008.7,0
2021-01-07,Dong_Nai,34.0,23.7,28.1,65,16.2,43,1008.1,1
2021-01-08,Dong_Nai,34.0,22.5,27.7,62,13.1,60,1008.2,0
2021-01-09,Dong_Nai,32.2,22.1,26.6,62,16.7,64,1009.2,0
2021-01-10,Dong_Nai,32.0,21.4,26.2,63,13.3,79,1009.5,0
2021-01-11,Dong_Nai,33.3,21.0,26.6,60,20.8,70,1010.5,0
2021-01-12,Dong_Nai,32.0,20.9,25.7,55,12.1,70,1010.8,0
2021-01-13,Dong_Nai,29.8,19.0,24.2,60,9.0,32,1011.0,0
2021-01-14,Dong_Nai,30.7,19.9,24.8,71,14.4,41,1010.7,0
2021-01-15,Dong_Nai,31.0,19.8,24.9,70,14.6,29,1009.4,0
2021-01-16,Dong_Nai,32.2,20.5,25.6,69,18.1,43,1009.5,0
2021-01-17,Dong_Nai,33.3,21.1,26.4,60,17.1,58,1010.9,0
2021-01-18,Dong_Nai,32.0,21.1,25.8,54,16.0,74,1011.2,1
2021-01-19,Dong_Nai,30.2,19.4,24.8,57,10.1,91,1010.8,0
2021-01-20,Dong_Nai,31.8,20.5,25.8,70,16.3,89,1010.3,0
2021-01-21,Dong_Nai,32.0,22.2,26.5,72,14.5,97,1009.6,0
2021-01-22,Dong_Nai,30.4,23.2,25.8,83,12.6,88,1009.4,1
2021-01-23,Dong_Nai,28.0,23.2,25.1,85,10.0,81,1009.9,1
2021-01-24,Dong_Nai,29.8,22.1,25.6,81,12.4,46,1010.4,1
2021-01-25,Dong_Nai,30.5,22.0,25.8,80,15.7,67,1009.8,1
2021-01-26,Dong_Nai,30.6,22.5,26.2,76,13.7,69,1009.2,0
2021-01-27,Dong_Nai,30.8,22.0,26.3,76,8.1,83,1009.3,1
2021-01-28,Dong_Nai,31.4,22.2,26.4,76,14.4,84,1010.5,1
2021-01-29,Dong_Nai,29.8,21.1,25.3,69,12.1,89,1011.1,0
2021-01-30,Dong_Nai,30.4,19.2,24.8,69,8.5,91,1011.4,0
2021-01-31,Dong_Nai,30.8,20.9,25.6,74,14.7,87,1011.5,1
2021-02-01,Dong_Nai,31.5,21.4,26.0,71,12.0,47,1011.7,0
2021-02-02,Dong_Nai,31.6,21.5,25.7,68,11.6,67,1011.9,0
2021-02-03,Dong_Nai,31.0,19.9,25.4,72,16.6,72,1011.5,0
2021-02-04,Dong_Nai,30.8,20.0,25.5,70,10.1,62,1011.8,0
2021-02-05,Dong_Nai,31.5,21.7,26.5,70,13.8,44,1011.2,0
2021-02-06,Dong_Nai,31.1,22.4,26.9,72,14.7,75,1009.9,1
2021-02-07,Dong_Nai,31.8,23.9,27.3,69,8.1,82,1010.1,1
2021-02-08,Dong_Nai,30.9,23.0,26.5,81,9.4,49,1009.6,1
2021-02-09,Dong_Nai,31.0,23.3,26.9,78,13.7,35,1008.8,1
2021-02-10,Dong_Nai,30.8,22.9,26.4,81,9.6,57,1009.1,1
2021-02-11,Dong_Nai,29.5,23.3,25.9,82,9.7,71,1009.9,1
2021-02-12,Dong_Nai,30.3,22.0,25.7,75,17.9,47,1011.0,1
2021-02-13,Dong_Nai,30.4,21.0,25.2,74,17.7,45,1011.6,0
2021-02-14,Dong_Nai,29.8,20.1,24.7,71,18.2,43,1012.4,0
2021-02-15,Dong_Nai,29.5,19.4,24.3,74,17.0,12,1011.2,0
2021-02-16,Dong_Nai,30.7,20.4,24.6,73,19.9,51,1010.6,0
2021-02-17,Dong_Nai,31.1,20.3,25.4,67,17.4,46,1011.5,0
2021-02-18,Dong_Nai,30.8,21.0,25.4,65,10.0,39,1013.1,0
2021-02-19,Dong_Nai,31.5,19.3,25.7,62,14.3,18,1012.9,0
2021-02-20,Dong_Nai,31.2,18.9,25.0,65,14.5,46,1012.4,0
2021-02-21,Dong_Nai,30.9,19.5,25.1,66,15.9,48,1011.8,0
2021-02-22,Dong_Nai,31.4,19.2,24.7,68,19.7,51,1011.1,0
2021-02-23,Dong_Nai,31.9,20.2,25.3,70,18.3,67,1010.1,0
2021-02-24,Dong_Nai,32.5,21.5,25.9,73,17.0,47,1009.1,0
2021-02-25,Dong_Nai,33.0,21.5,26.5,73,16.0,66,1007.7,0
2021-02-26,Dong_Nai,32.6,23.1,26.8,76,14.5,81,1006.9,0
2021-02-27,Dong_Nai,32.7,23.6,27.1,75,14.8,47,1007.5,1
2021-02-28,Dong_Nai,32.6,23.0,27.4,71,15.7,19,1009.0,1
2021-03-01,Dong_Nai,33.2,24.1,28.1,70,16.7,64,1011.2,0
2021-03-02,Dong_Nai,34.6,24.0,28.4,69,16.8,71,1011.0,1
2021-03-03,Dong_Nai,35.2,23.1,28.5,65,16.4,48,1010.6,0
2021-03-04,Dong_Nai,36.0,24.0,28.8,59,20.5,9,1011.2,0
2021-03-05,Dong_Nai,36.0,22.0,28.0,58,21.7,1,1011.2,0
2021-03-06,Dong_Nai,35.6,21.4,28.2,59,17.5,16,1011.6,0
2021-03-07,Dong_Nai,35.7,23.0,28.3,65,21.1,37,1010.9,0
2021-03-08,Dong_Nai,34.2,23.0,28.3,59,19.8,26,1011.3,0
2021-03-09,Dong_Nai,33.5,23.1,28.1,62,14.6,18,1011.2,0
2021-03-10,Dong_Nai,34.0,22.2,28.2,61,14.6,28,1010.9,0
2021-03-11,Dong_Nai,34.0,24.1,28.8,60,17.9,29,1010.9,1
2021-03-12,Dong_Nai,35.0,23.8,29.0,55,17.7,22,1010.9,0
2021-03-13,Dong_Nai,34.7,24.4,28.6,59,17.4,40,1010.7,0
2021-03-14,Dong_Nai,34.7,22.5,27.6,68,21.3,40,1009.2,0
2021-03-15,Dong_Nai,34.3,22.1,27.3,71,18.4,35,1009.1,0
2021-03-16,Dong_Nai,33.2,24.0,27.6,68,19.5,45,1008.9,0
2021-03-17,Dong_Nai,34.2,23.2,27.4,71,19.8,65,1008.9,0
2021-03-18,Dong_Nai,35.2,23.2,27.9,72,21.3,69,1008.3,1
2021-03-19,Dong_Nai,36.0,23.5,28.5,73,19.4,59,1007.6,1
2021-03-20,Dong_Nai,33.2,25.3,28.6,72,15.6,52,1006.7,1
2021-03-21,Dong_Nai,34.2,24.9,28.7,73,15.6,56,1007.3,1
2021-03-22,Dong_Nai,35.3,23.8,29.3,68,12.0,36,1009.1,0
2021-03-23,Dong_Nai,35.7,24.1,29.7,61,12.4,81,1008.9,1
2021-03-24,Dong_Nai,35.5,25.0,28.9,66,17.1,96,1008.2,1
2021-03-25,Dong_Nai,32.5,25.0,28.5,71,14.5,77,1008.4,1
2021-03-26,Dong_Nai,34.6,23.5,28.5,69,17.7,54,1007.9,1
2021-03-27,Dong_Nai,34.5,24.2,28.8,68,18.5,51,1007.5,0
2021-03-28,Dong_Nai,34.3,24.4,28.5,70,18.2,37,1007.3,0
2021-03-29,Dong_Nai,33.8,24.2,28.3,72,17.5,27,1006.8,0
2021-03-30,Dong_Nai,32.4,25.0,28.1,76,13.8,36,1005.9,1
2021-03-31,Dong_Nai,34.2,25.2,28.9,76,16.5,51,1005.0,0
2021-04-01,Dong_Nai,33.5,25.8,28.9,74,14.3,43,1005.6,1
2021-04-02,Dong_Nai,34.2,25.4,29.0,77,15.2,71,1006.4,1
2021-04-03,Dong_Nai,32.8,24.0,27.9,77,15.0,56,1007.0,1
2021-04-04,Dong_Nai,32.2,25.0,27.6,79,12.7,69,1007.8,1
2021-04-05,Dong_Nai,33.7,24.2,28.4,73,13.0,85,1008.8,1
2021-04-06,Dong_Nai,35.0,23.6,28.8,63,18.5,66,1009.3,0
2021-04-07,Dong_Nai,33.5,23.6,28.5,66,15.1,40,1009.5,0
2021-04-08,Dong_Nai,32.3,25.0,28.1,73,11.2,68,1008.9,1
2021-04-09,Dong_Nai,33.1,25.3,28.0,76,12.5,71,1008.9,1
2021-04-10,Dong_Nai,33.7,23.6,28.1,75,11.8,63,1010.0,1
2021-04-11,Dong_Nai,35.2,24.1,28.8,70,13.6,43,1010.7,1
2021-04-12,Dong_Nai,34.3,24.5,28.0,75,14.8,47,1011.0,1
2021-04-13,Dong_Nai,33.8,24.9,28.1,78,15.5,44,1010.5,1
2021-04-14,Dong_Nai,32.8,25.1,28.3,76,14.1,66,1010.1,1
2021-04-15,Dong_Nai,31.0,24.3,27.1,85,12.3,73,1009.3,1
2021-04-16,Dong_Nai,31.0,24.0,26.8,85,10.1,78,1009.5,1
2021-04-17,Dong_Nai,31.0,24.0,27.0,85,9.2,94,1010.6,1
2021-04-18,Dong_Nai,30.9,24.5,26.9,82,13.0,75,1010.5,1
2021-04-19,Dong_Nai,30.6,24.5,26.9,86,15.2,57,1009.1,1
2021-04-20,Dong_Nai,32.0,24.5,27.8,85,9.2,83,1008.5,1
2021-04-21,Dong_Nai,31.2,24.8,27.2,89,10.5,96,1008.7,1
2021-04-22,Dong_Nai,29.3,24.5,26.2,91,8.2,98,1008.5,1
2021-04-23,Dong_Nai,31.0,24.7,26.8,89,12.4,97,1007.7,1
2021-04-24,Dong_Nai,32.0,24.2,27.8,84,14.0,59,1007.8,1
2021-04-25,Dong_Nai,31.3,24.8,27.7,85,11.5,67,1008.4,1
2021-04-26,Dong_Nai,32.0,25.0,28.2,83,11.9,75,1008.1,1
2021-04-27,Dong_Nai,30.9,24.9,26.9,88,10.7,85,1009.8,1
2021-04-28,Dong_Nai,31.7,24.7,27.6,82,12.3,85,1010.4,1
2021-04-29,Dong_Nai,31.7,24.6,27.9,76,10.9,31,1009.8,1
2021-04-30,Dong_Nai,32.7,24.8,28.4,75,14.0,60,1009.4,1
2021-05-01,Dong_Nai,32.1,25.0,27.9,83,11.9,65,1009.8,1
2021-05-02,Dong_Nai,33.8,25.3,29.1,73,14.3,45,1009.1,1
2021-05-03,Dong_Nai,33.6,25.1,28.7,76,15.2,63,1007.6,1
2021-05-04,Dong_Nai,33.5,24.2,29.0,73,13.2,40,1006.9,1
2021-05-05,Dong_Nai,34.6,25.2,29.5,72,13.6,69,1007.1,1
2021-05-06,Dong_Nai,34.8,26.1,29.1,77,14.3,97,1008.8,1
2021-05-07,Dong_Nai,33.0,25.1,28.2,82,13.9,98,1009.4,1
2021-05-08,Dong_Nai,32.3,24.9,28.5,79,12.1,98,1008.1,1
2021-05-09,Dong_Nai,32.7,26.0,28.7,81,14.5,65,1007.6,1
2021-05-10,Dong_Nai,32.7,25.5,29.0,79,12.4,31,1007.3,1
2021-05-11,Dong_Nai,33.5,25.3,29.2,78,10.6,43,1006.9,1
2021-05-12,Dong_Nai,33.6,26.0,29.1,81,14.4,73,1006.3,1
2021-05-13,Dong_Nai,32.7,26.0,28.8,82,14.4,70,1005.8,1
2021-05-14,Dong_Nai,32.0,26.0,28.2,85,12.3,86,1006.2,1
2021-05-15,Dong_Nai,33.0,25.6,28.7,82,13.0,87,1006.8,1
2021-05-16,Dong_Nai,33.5,25.1,29.0,81,11.5,40,1006.5,1
2021-05-17,Dong_Nai,31.0,25.1,27.8,85,12.7,92,1007.6,1
2021-05-18,Dong_Nai,31.4,25.0,27.8,85,12.6,77,1007.8,1
2021-05-19,Dong_Nai,32.8,24.9,28.2,84,15.5,91,1007.2,1
2021-05-20,Dong_Nai,32.7,25.3,28.6,82,12.6,68,1007.4,1
2021-05-21,Dong_Nai,30.9,24.8,27.6,86,9.4,93,1007.4,1
2021-05-22,Dong_Nai,30.0,24.4,26.4,91,15.4,100,1006.8,1
2021-05-23,Dong_Nai,29.9,25.0,26.9,90,14.4,96,1006.1,1
2021-05-24,Dong_Nai,29.9,25.4,26.8,90,14.2,99,1006.8,1
2021-05-25,Dong_Nai,28.5,25.0,26.2,93,8.6,96,1007.1,1
2021-05-26,Dong_Nai,29.0,25.0,26.3,92,14.3,98,1007.2,1
2021-05-27,Dong_Nai,29.4,25.0,26.6,91,13.1,86,1007.6,1
2021-05-28,Dong_Nai,30.8,25.0,27.3,89,12.4,42,1009.0,1
2021-05-29,Dong_Nai,31.0,25.5,27.8,87,13.0,44,1008.9,1
2021-05-30,Dong_Nai,32.6,25.1,28.6,83,11.8,26,1007.4,1
2021-05-31,Dong_Nai,32.2,26.0,28.8,85,9.9,52,1005.9,1
2021-06-01,Dong_Nai,31.6,26.0,28.6,87,8.7,69,1006.4,1
2021-06-02,Dong_Nai,32.0,25.9,28.3,87,9.3,91,1006.9,1
2021-06-03,Dong_Nai,32.4,26.0,28.6,86,10.2,64,1007.6,1
2021-06-04,Dong_Nai,33.0,25.3,29.3,81,11.4,75,1007.3,1
2021-06-05,Dong_Nai,32.3,26.3,28.6,84,14.2,84,1007.4,1
2021-06-06,Dong_Nai,32.1,25.4,28.0,85,15.3,98,1007.2,1
2021-06-07,Dong_Nai,31.8,25.7,27.6,85,15.2,98,1008.0,1
2021-06-08,Dong_Nai,29.0,25.2,26.5,91,14.2,99,1008.8,1
2021-06-09,Dong_Nai,29.5,25.4,26.8,90,14.8,95,1007.9,1
2021-06-10,Dong_Nai,30.6,25.0,26.6,91,15.5,96,1006.6,1
2021-06-11,Dong_Nai,31.3,24.7,27.2,86,21.9,97,1005.5,1
2021-06-12,Dong_Nai,28.9,24.9,26.5,87,17.8,100,1006.8,1
2021-06-13,Dong_Nai,30.6,25.2,27.4,83,20.6,85,1007.8,1
2021-06-14,Dong_Nai,31.6,25.0,27.7,83,14.8,53,1007.8,1
2021-06-15,Dong_Nai,30.6,24.9,27.1,88,15.8,63,1007.2,1
2021-06-16,Dong_Nai,31.2,25.3,27.2,88,12.6,86,1008.6,1
2021-06-17,Dong_Nai,32.2,25.0,28.4,79,9.4,72,1009.1,1
2021-06-18,Dong_Nai,31.9,25.0,28.0,83,9.8,62,1009.6,1
2021-06-19,Dong_Nai,31.4,25.0,27.5,86,13.8,66,1009.0,1
2021-06-20,Dong_Nai,32.0,25.3,27.6,85,14.1,57,1007.8,1
2021-06-21,Dong_Nai,30.8,25.4,27.5,86,17.6,62,1007.4,1
2021-06-22,Dong_Nai,30.5,24.9,27.2,87,16.2,59,1008.3,1
2021-06-23,Dong_Nai,30.7,24.5,27.0,87,16.0,46,1008.9,1
2021-06-24,Dong_Nai,31.2,23.8,27.3,86,16.1,36,1007.6,1
2021-06-25,Dong_Nai,32.0,25.3,28.0,82,13.0,58,1006.9,1
2021-06-26,Dong_Nai,31.0,25.2,27.9,85,13.1,46,1008.3,1
2021-06-27,Dong_Nai,32.2,25.0,28.4,81,12.3,27,1009.3,1
2021-06-28,Dong_Nai,32.3,25.2,28.0,84,12.9,52,1008.3,1
2021-06-29,Dong_Nai,31.4,25.4,28.0,87,12.8,51,1007.7,1
2021-06-30,Dong_Nai,31.7,25.8,27.9,85,11.8,70,1007.9,1
2021-07-01,Dong_Nai,32.0,25.0,28.0,83,10.6,36,1008.1,1
2021-07-02,Dong_Nai,32.2,24.6,28.5,79,10.1,15,1008.2,1
2021-07-03,Dong_Nai,33.2,25.2,28.9,81,10.7,37,1006.6,1
2021-07-04,Dong_Nai,31.1,26.1,28.0,88,17.3,82,1005.9,1
2021-07-05,Dong_Nai,29.5,25.4,26.8,90,15.6,88,1005.4,1
2021-07-06,Dong_Nai,27.8,24.6,26.1,92,16.8,99,1005.3,1
2021-07-07,Dong_Nai,28.5,25.0,26.3,91,15.7,97,1006.6,1
2021-07-08,Dong_Nai,27.5,24.9,25.7,92,13.2,98,1007.3,1
2021-07-09,Dong_Nai,28.4,23.7,25.6,90,12.5,96,1007.0,1
2021-07-10,Dong_Nai,30.0,24.5,26.8,88,11.8,66,1007.0,1
2021-07-11,Dong_Nai,31.6,24.1,27.3,85,16.6,57,1008.1,1
2021-07-12,Dong_Nai,31.2,24.9,27.4,85,13.6,81,1008.1,1
2021-07-13,Dong_Nai,29.8,25.1,27.1,89,12.9,97,1007.2,1
2021-07-14,Dong_Nai,30.2,24.1,26.6,88,12.6,94,1006.4,1
2021-07-15,Dong_Nai,28.2,24.4,25.9,92,8.8,100,1007.8,1
2021-07-16,Dong_Nai,31.0,24.8,27.6,82,15.0,81,1008.7,1
2021-07-17,Dong_Nai,31.6,24.5,27.9,81,14.2,86,1006.7,1
2021-07-18,Dong_Nai,30.0,25.0,26.6,90,18.4,96,1006.1,1
2021-07-19,Dong_Nai,29.5,25.4,26.6,86,16.6,99,1007.1,1
2021-07-20,Dong_Nai,31.7,24.9,27.4,85,19.0,76,1007.8,1
2021-07-21,Dong_Nai,29.8,25.0,27.1,87,24.6,74,1007.5,1
2021-07-22,Dong_Nai,29.0,25.1,27.0,87,17.8,85,1006.9,1
2021-07-23,Dong_Nai,29.5,25.5,27.3,86,16.3,96,1006.4,1
2021-07-24,Dong_Nai,31.1,25.8,27.8,83,20.0,96,1006.0,1
2021-07-25,Dong_Nai,30.4,25.7,27.2,86,24.4,72,1006.7,1
2021-07-26,Dong_Nai,31.3,24.8,27.6,84,22.9,55,1006.0,1
2021-07-27,Dong_Nai,31.5,25.4,27.7,83,19.6,47,1005.4,1
2021-07-28,Dong_Nai,29.9,25.6,27.2,86,17.5,85,1005.3,1
2021-07-29,Dong_Nai,30.0,25.2,26.7,88,21.9,95,1006.3,1
2021-07-30,Dong_Nai,29.9,25.0,26.8,89,19.8,91,1007.3,1
2021-07-31,Dong_Nai,30.5,24.8,27.1,87,15.8,88,1007.4,1
2021-08-01,Dong_Nai,31.5,24.9,27.8,83,20.2,77,1006.2,1
2021-08-02,Dong_Nai,30.9,25.7,27.8,83,19.3,66,1006.3,1
2021-08-03,Dong_Nai,30.2,26.0,27.9,81,19.6,86,1007.1,1
2021-08-04,Dong_Nai,31.7,25.8,27.8,82,20.5,94,1007.6,1
2021-08-05,Dong_Nai,31.2,26.0,27.7,84,19.9,88,1007.6,1
2021-08-06,Dong_Nai,31.6,25.5,28.0,82,20.3,89,1007.8,1
2021-08-07,Dong_Nai,31.4,25.3,27.9,85,18.7,81,1008.2,1
2021-08-08,Dong_Nai,31.5,25.2,28.0,84,13.0,97,1007.8,1
2021-08-09,Dong_Nai,32.2,25.6,28.2,83,14.8,74,1006.9,1
2021-08-10,Dong_Nai,30.9,25.1,27.4,88,15.0,78,1006.4,1
2021-08-11,Dong_Nai,30.7,25.0,27.0,89,18.9,81,1008.6,1
2021-08-12,Dong_Nai,29.0,24.8,26.7,91,13.4,86,1010.4,1
2021-08-13,Dong_Nai,30.7,25.0,26.7,88,13.2,95,1008.7,1
2021-08-14,Dong_Nai,29.5,25.4,26.8,90,12.9,96,1007.5,1
2021-08-15,Dong_Nai,29.6,24.9,27.0,85,10.5,85,1009.2,1
2021-08-16,Dong_Nai,31.8,24.0,27.8,82,8.3,39,1011.0,1
2021-08-17,Dong_Nai,31.2,24.5,27.2,87,8.4,97,1010.2,1
2021-08-18,Dong_Nai,31.5,24.0,27.2,85,12.7,84,1008.3,1
2021-08-19,Dong_Nai,30.5,24.3,27.1,86,10.8,80,1007.9,1
2021-08-20,Dong_Nai,30.5,24.5,27.0,87,10.2,78,1008.6,1
2021-08-21,Dong_Nai,31.6,24.1,27.6,82,11.1,31,1008.7,1
2021-08-22,Dong_Nai,31.6,24.8,27.5,84,11.2,84,1008.0,1
2021-08-23,Dong_Nai,31.2,24.7,27.1,86,15.2,87,1007.5,1
2021-08-24,Dong_Nai,29.8,24.6,26.5,89,16.0,87,1006.8,1
2021-08-25,Dong_Nai,28.1,24.5,25.6,90,14.8,98,1007.3,1
2021-08-26,Dong_Nai,29.0,23.8,25.5,92,12.9,98,1007.7,1
2021-08-27,Dong_Nai,30.9,24.3,26.6,87,18.9,96,1007.3,1
2021-08-28,Dong_Nai,28.8,23.5,25.9,89,8.5,96,1007.1,1
2021-08-29,Dong_Nai,30.5,23.8,26.3,89,10.5,86,1006.9,1
2021-08-30,Dong_Nai,29.7,23.9,26.2,90,10.4,92,1007.7,1
2021-08-31,Dong_Nai,30.5,24.0,26.7,88,12.2,95,1008.3,1
2021-09-01,Dong_Nai,30.8,24.6,26.9,87,13.5,95,1007.9,1
2021-09-02,Dong_Nai,29.3,24.1,26.4,89,14.4,98,1007.8,1
2021-09-03,Dong_Nai,29.9,24.0,26.3,88,11.5,98,1007.3,1
2021-09-04,Dong_Nai,29.5,24.4,25.9,89,18.1,99,1007.8,1
2021-09-05,Dong_Nai,30.0,24.2,26.0,89,11.4,90,1008.2,1
2021-09-06,Dong_Nai,29.9,24.0,26.5,88,9.0,77,1008.3,1
2021-09-07,Dong_Nai,30.8,24.3,26.4,89,16.6,94,1007.4,1
2021-09-08,Dong_Nai,30.4,24.6,26.7,88,17.8,91,1006.2,1
2021-09-09,Dong_Nai,29.8,24.6,26.3,89,15.5,97,1007.7,1
2021-09-10,Dong_Nai,30.5,25.0,26.6,89,19.5,100,1007.8,1
2021-09-11,Dong_Nai,30.5,24.9,27.2,83,25.3,100,1006.3,1
2021-09-12,Dong_Nai,31.3,25.0,27.3,83,23.1,90,1004.1,1
2021-09-13,Dong_Nai,30.1,24.9,26.6,88,14.4,89,1005.4,1
2021-09-14,Dong_Nai,29.2,24.4,26.1,91,15.1,98,1007.8,1
2021-09-15,Dong_Nai,29.5,23.6,25.8,89,15.1,94,1009.4,1
2021-09-16,Dong_Nai,29.3,24.2,26.4,89,10.2,95,1009.3,1
2021-09-17,Dong_Nai,31.0,23.8,26.9,88,7.4,89,1008.6,1
2021-09-18,Dong_Nai,31.2,24.3,27.1,87,8.4,71,1008.1,1
2021-09-19,Dong_Nai,27.5,24.2,25.4,91,8.6,98,1008.2,1
2021-09-20,Dong_Nai,29.4,23.9,26.0,90,16.6,95,1007.9,1
2021-09-21,Dong_Nai,29.9,24.3,26.4,88,17.8,75,1007.6,1
2021-09-22,Dong_Nai,29.5,24.2,26.4,89,14.0,67,1007.9,1
2021-09-23,Dong_Nai,29.4,24.5,26.4,89,16.6,100,1008.1,1
2021-09-24,Dong_Nai,29.8,24.8,26.4,90,18.4,98,1008.1,1
2021-09-25,Dong_Nai,30.1,24.2,26.3,90,15.0,92,1007.8,1
2021-09-26,Dong_Nai,30.2,23.5,26.2,88,10.2,93,1007.1,1
2021-09-27,Dong_Nai,31.8,24.9,27.6,84,10.8,58,1007.3,1
2021-09-28,Dong_Nai,31.0,24.6,27.3,88,6.6,81,1007.8,1
2021-09-29,Dong_Nai,31.3,25.2,27.6,85,7.3,59,1007.3,1
2021-09-30,Dong_Nai,29.4,24.8,26.6,90,8.0,82,1008.2,1
2021-10-01,Dong_Nai,29.9,24.6,26.7,88,9.4,90,1008.7,1
2021-10-02,Dong_Nai,30.1,23.9,26.1,90,10.6,89,1009.2,1
2021-10-03,Dong_Nai,29.2,24.2,26.2,88,7.3,94,1008.2,1
2021-10-04,Dong_Nai,30.6,24.6,27.4,85,8.4,98,1006.6,1
2021-10-05,Dong_Nai,30.4,24.6,26.6,88,10.0,95,1005.4,1
2021-10-06,Dong_Nai,27.3,24.6,25.8,92,9.1,100,1004.1,1
2021-10-07,Dong_Nai,27.9,24.6,25.9,92,12.7,100,1003.6,1
2021-10-08,Dong_Nai,29.3,24.8,26.4,91,19.9,99,1004.1,1
2021-10-09,Dong_Nai,29.2,24.9,26.5,90,19.5,99,1005.8,1
2021-10-10,Dong_Nai,31.4,25.2,27.1,87,17.6,90,1005.2,1
2021-10-11,Dong_Nai,28.6,25.3,26.4,91,13.0,98,1005.0,1
2021-10-12,Dong_Nai,28.9,24.1,25.9,90,17.3,100,1004.7,1
2021-10-13,Dong_Nai,29.8,24.1,25.8,90,19.1,100,1003.7,1
2021-10-14,Dong_Nai,30.6,23.9,26.2,91,23.4,100,1005.0,1
2021-10-15,Dong_Nai,31.1,24.5,26.9,87,10.8,94,1006.0,1
2021-10-16,Dong_Nai,27.4,24.7,25.8,91,8.5,100,1007.4,1
2021-10-17,Dong_Nai,28.8,23.8,25.5,89,13.2,100,1007.8,1
2021-10-18,Dong_Nai,30.6,23.5,26.9,85,13.5,95,1009.4,1
2021-10-19,Dong_Nai,30.4,24.1,26.7,88,13.2,97,1011.9,1
2021-10-20,Dong_Nai,28.4,23.9,25.5,92,8.6,98,1012.0,1
2021-10-21,Dong_Nai,30.4,23.7,26.4,87,8.6,100,1010.9,1
2021-10-22,Dong_Nai,29.9,23.6,25.7,91,8.4,100,1011.4,1
2021-10-23,Dong_Nai,30.3,23.4,25.9,89,10.3,81,1011.5,1
2021-10-24,Dong_Nai,30.9,23.2,26.3,87,11.5,75,1010.1,1
2021-10-25,Dong_Nai,30.1,23.7,26.4,88,9.3,98,1008.6,1
2021-10-26,Dong_Nai,31.5,24.0,26.5,83,11.9,99,1007.6,1
2021-10-27,Dong_Nai,28.1,23.8,25.6,88,13.0,100,1007.9,1
2021-10-28,Dong_Nai,30.9,23.0,26.8,82,12.8,57,1009.7,1
2021-10-29,Dong_Nai,31.2,23.5,26.6,85,15.6,66,1011.1,1
2021-10-30,Dong_Nai,31.8,23.5,26.5,86,10.7,86,1010.9,1
2021-10-31,Dong_Nai,30.5,23.9,26.2,88,12.4,66,1011.3,1
2021-11-01,Dong_Nai,31.2,24.0,26.8,88,9.0,78,1010.5,1
2021-11-02,Dong_Nai,31.0,23.5,27.0,84,11.1,97,1010.2,1
2021-11-03,Dong_Nai,31.5,23.3,27.0,83,16.7,83,1009.5,1
2021-11-04,Dong_Nai,31.3,23.6,27.1,81,13.4,90,1009.3,1
2021-11-05,Dong_Nai,31.5,24.1,26.7,88,20.0,75,1008.2,1
2021-11-06,Dong_Nai,31.0,24.1,26.7,88,10.2,81,1006.6,1
2021-11-07,Dong_Nai,31.1,24.3,27.2,86,11.0,64,1006.6,1
2021-11-08,Dong_Nai,31.9,24.8,27.7,84,12.7,60,1007.6,1
2021-11-09,Dong_Nai,29.5,24.0,26.5,89,7.2,100,1008.6,1
2021-11-10,Dong_Nai,30.7,24.2,27.1,83,14.3,90,1008.4,1
2021-11-11,Dong_Nai,29.6,24.2,26.1,91,9.4,99,1008.6,1
2021-11-12,Dong_Nai,31.1,24.2,26.3,88,10.7,98,1009.1,1
2021-11-13,Dong_Nai,30.7,23.2,26.3,88,15.2,97,1009.1,1
2021-11-14,Dong_Nai,28.0,24.2,25.6,90,6.5,99,1009.5,1
2021-11-15,Dong_Nai,30.0,24.0,26.1,90,12.5,95,1008.2,1
2021-11-16,Dong_Nai,28.9,23.9,25.9,90,9.4,100,1008.3,1
2021-11-17,Dong_Nai,30.4,23.6,25.9,91,14.7,98,1008.6,1
2021-11-18,Dong_Nai,30.5,23.8,26.3,89,13.3,91,1007.8,1
2021-11-19,Dong_Nai,30.6,23.5,26.7,85,12.0,87,1006.9,1
2021-11-20,Dong_Nai,29.5,24.0,26.0,91,9.7,85,1006.9,1
2021-11-21,Dong_Nai,31.0,23.5,26.5,88,14.6,93,1007.7,1
2021-11-22,Dong_Nai,29.2,23.9,25.9,90,13.7,86,1008.8,1
2021-11-23,Dong_Nai,30.8,23.0,26.4,88,10.7,84,1008.4,1
2021-11-24,Dong_Nai,31.2,23.5,26.6,85,15.6,74,1009.1,1
2021-11-25,Dong_Nai,30.1,23.8,26.0,88,9.2,97,1009.3,1
2021-11-26,Dong_Nai,29.9,23.0,26.2,77,13.7,96,1008.8,1
2021-11-27,Dong_Nai,27.3,23.5,24.8,85,16.0,100,1008.7,1
2021-11-28,Dong_Nai,29.6,22.8,25.3,89,9.0,100,1007.8,1
2021-11-29,Dong_Nai,27.2,24.0,25.4,92,11.6,100,1007.6,1
2021-11-30,Dong_Nai,28.0,23.3,25.5,89,18.4,98,1008.7,1
2021-12-01,Dong_Nai,28.9,22.9,25.3,86,9.6,90,1009.8,1
2021-12-02,Dong_Nai,29.5,21.0,25.3,79,8.3,79,1010.7,0
2021-12-03,Dong_Nai,28.9,21.2,24.6,79,10.7,93,1012.2,0
2021-12-04,Dong_Nai,27.6,19.8,23.5,78,10.8,100,1012.3,0
2021-12-05,Dong_Nai,28.6,18.9,23.8,77,9.6,82,1011.2,0
2021-12-06,Dong_Nai,29.2,21.0,25.0,80,11.3,53,1010.7,1
2021-12-07,Dong_Nai,28.9,21.0,25.1,79,9.5,90,1011.2,0
2021-12-08,Dong_Nai,29.8,20.8,25.2,79,8.4,61,1011.5,1
2021-12-09,Dong_Nai,29.8,22.4,25.4,86,8.0,38,1011.6,1
2021-12-10,Dong_Nai,29.9,21.1,25.3,79,9.5,68,1011.4,0
2021-12-11,Dong_Nai,29.5,20.6,25.1,81,7.4,71,1011.7,0
2021-12-12,Dong_Nai,30.0,21.9,25.9,78,8.6,70,1010.7,0
2021-12-13,Dong_Nai,30.6,23.4,26.4,73,11.6,90,1010.2,0
2021-12-14,Dong_Nai,30.5,22.8,26.3,74,9.8,61,1008.9,0
2021-12-15,Dong_Nai,31.1,22.9,26.6,78,7.6,66,1008.5,1
2021-12-16,Dong_Nai,31.6,23.6,27.3,81,8.5,53,1008.9,1
2021-12-17,Dong_Nai,32.1,23.9,27.4,78,10.1,97,1009.0,1
2021-12-18,Dong_Nai,31.9,22.0,26.8,67,21.3,89,1008.9,0
2021-12-19,Dong_Nai,29.0,23.5,26.2,61,22.7,100,1008.9,0
2021-12-20,Dong_Nai,29.4,21.4,25.3,72,8.7,98,1011.0,0
2021-12-21,Dong_Nai,30.8,21.2,26.1,75,11.6,48,1011.4,0
2021-12-22,Dong_Nai,30.8,23.2,26.0,83,13.8,65,1010.7,1
2021-12-23,Dong_Nai,31.6,22.4,26.2,80,11.7,67,1010.5,1
2021-12-24,Dong_Nai,30.6,22.4,26.3,79,6.2,60,1010.5,0
2021-12-25,Dong_Nai,31.9,23.0,26.8,79,8.8,48,1010.9,1
2021-12-26,Dong_Nai,31.4,22.6,26.9,78,7.6,50,1011.8,1
2021-12-27,Dong_Nai,31.0,23.4,26.0,85,11.5,73,1012.4,1
2021-12-28,Dong_Nai,31.5,22.9,26.0,85,11.5,70,1011.9,1
2021-12-29,Dong_Nai,30.5,22.9,26.3,78,9.0,87,1011.7,1
2021-12-30,Dong_Nai,32.5,23.0,27.0,66,12.9,92,1012.4,1
2021-12-31,Dong_Nai,31.1,22.6,26.5,65,14.2,79,1012.5,0
2021-01-01,Tay_Ninh,29.1,21.1,24.7,55,19.2,98,1011.5,0
2021-01-02,Tay_Ninh,32.2,21.4,26.0,55,18.9,80,1010.7,0
2021-01-03,Tay_Ninh,32.9,21.6,26.9,55,15.6,78,1009.9,0
2021-01-04,Tay_Ninh,33.9,23.5,28.4,57,19.5,70,1009.5,1
2021-01-05,Tay_Ninh,33.0,24.9,28.5,59,17.2,70,1009.8,1
2021-01-06,Tay_Ninh,34.0,23.5,28.6,55,17.4,56,1008.8,1
2021-01-07,Tay_Ninh,33.6,24.1,28.7,54,12.8,51,1008.3,0
2021-01-08,Tay_Ninh,34.5,22.7,28.4,52,18.9,58,1008.4,0
2021-01-09,Tay_Ninh,32.8,22.0,27.1,52,20.6,67,1009.5,0
2021-01-10,Tay_Ninh,32.5,20.8,26.3,54,20.6,52,1009.8,0
2021-01-11,Tay_Ninh,33.2,20.2,26.5,54,21.1,73,1010.8,0
2021-01-12,Tay_Ninh,31.0,20.4,25.2,49,17.8,57,1011.5,0
2021-01-13,Tay_Ninh,29.9,18.0,23.7,53,11.2,21,1011.3,0
2021-01-14,Tay_Ninh,31.2,18.6,24.7,55,12.2,36,1010.7,0
2021-01-15,Tay_Ninh,31.8,19.0,25.2,66,17.5,45,1009.3,0
2021-01-16,Tay_Ninh,32.4,20.1,25.9,65,11.2,47,1009.5,0
2021-01-17,Tay_Ninh,33.8,20.9,26.7,58,20.5,55,1011.1,0
2021-01-18,Tay_Ninh,31.7,21.5,26.0,46,21.1,46,1011.8,0
2021-01-19,Tay_Ninh,30.9,18.7,24.7,53,10.1,95,1011.1,0
2021-01-20,Tay_Ninh,32.5,20.5,26.5,58,9.9,81,1010.3,0
2021-01-21,Tay_Ninh,33.5,22.0,27.5,60,12.4,97,1009.4,0
2021-01-22,Tay_Ninh,32.2,23.5,27.2,73,10.9,81,1009.1,1
2021-01-23,Tay_Ninh,29.0,23.2,25.5,83,11.5,77,1009.8,1
2021-01-24,Tay_Ninh,32.0,22.6,26.7,73,11.4,43,1010.2,1
2021-01-25,Tay_Ninh,32.6,22.3,27.2,72,15.5,63,1009.7,0
2021-01-26,Tay_Ninh,33.0,23.0,27.5,67,14.2,67,1009.1,1
2021-01-27,Tay_Ninh,33.6,22.4,27.7,64,12.7,86,1009.2,0
2021-01-28,Tay_Ninh,34.4,23.0,28.2,62,16.7,83,1010.4,1
2021-01-29,Tay_Ninh,32.2,21.2,26.6,50,19.7,84,1011.2,0
2021-01-30,Tay_Ninh,31.1,20.2,25.5,58,11.1,92,1011.5,0
2021-01-31,Tay_Ninh,32.8,21.2,26.7,60,9.7,74,1011.5,0
2021-02-01,Tay_Ninh,33.7,21.8,27.4,64,13.4,43,1011.6,0
2021-02-02,Tay_Ninh,33.8,21.6,27.2,62,13.9,36,1011.8,0
2021-02-03,Tay_Ninh,32.8,21.0,26.9,61,13.6,80,1011.5,0
2021-02-04,Tay_Ninh,32.5,20.5,26.9,55,9.6,87,1011.9,0
2021-02-05,Tay_Ninh,33.5,22.5,28.0,62,14.8,34,1011.0,1
2021-02-06,Tay_Ninh,33.8,23.0,28.1,63,14.8,57,1009.8,1
2021-02-07,Tay_Ninh,32.2,23.0,28.0,63,9.2,72,1010.2,1
2021-02-08,Tay_Ninh,32.5,24.5,27.0,77,12.5,57,1009.7,1
2021-02-09,Tay_Ninh,32.3,23.1,27.4,75,10.6,41,1008.9,1
2021-02-10,Tay_Ninh,30.9,23.5,26.6,77,12.4,70,1009.3,1
2021-02-11,Tay_Ninh,29.7,23.4,25.5,87,11.4,78,1009.9,1
2021-02-12,Tay_Ninh,31.0,21.4,25.9,75,14.4,32,1010.8,1
2021-02-13,Tay_Ninh,30.7,20.0,25.6,72,14.8,48,1011.5,0
2021-02-14,Tay_Ninh,30.3,20.1,25.3,71,16.0,50,1012.2,1
2021-02-15,Tay_Ninh,31.0,19.2,25.1,71,15.0,36,1010.9,0
2021-02-16,Tay_Ninh,31.0,19.4,25.0,71,15.6,52,1010.5,0
2021-02-17,Tay_Ninh,31.5,20.2,25.5,66,13.5,22,1011.6,0
2021-02-18,Tay_Ninh,31.6,19.9,25.7,54,15.9,35,1013.2,0
2021-02-19,Tay_Ninh,32.2,20.5,26.5,53,18.6,23,1013.1,0
2021-02-20,Tay_Ninh,31.5,19.6,25.6,58,11.0,19,1012.5,0
2021-02-21,Tay_Ninh,31.9,19.5,25.4,65,14.5,44,1011.7,0
2021-02-22,Tay_Ninh,32.5,18.5,25.6,62,17.3,29,1010.9,0
2021-02-23,Tay_Ninh,32.7,19.7,26.1,65,17.1,53,1009.9,0
2021-02-24,Tay_Ninh,33.2,22.2,27.2,65,13.0,56,1009.0,0
2021-02-25,Tay_Ninh,33.2,22.2,27.4,68,12.4,64,1007.5,0
2021-02-26,Tay_Ninh,33.5,24.3,28.5,68,12.8,68,1006.4,1
2021-02-27,Tay_Ninh,33.8,23.5,28.5,68,13.6,36,1007.0,1
2021-02-28,Tay_Ninh,34.3,23.0,28.1,67,17.3,29,1008.8,1
2021-03-01,Tay_Ninh,34.3,23.9,28.8,67,16.1,62,1011.0,1
2021-03-02,Tay_Ninh,34.5,24.1,28.8,68,14.6,72,1011.0,0
2021-03-03,Tay_Ninh,34.6,24.0,28.9,64,13.7,36,1010.7,1
2021-03-04,Tay_Ninh,34.2,23.6,28.8,61,15.6,8,1011.4,0
2021-03-05,Tay_Ninh,35.5,21.8,28.2,58,18.3,4,1011.1,0
2021-03-06,Tay_Ninh,34.8,20.6,28.0,59,13.5,18,1011.7,0
2021-03-07,Tay_Ninh,35.2,23.1,28.6,64,19.6,33,1010.9,0
2021-03-08,Tay_Ninh,33.3,23.2,28.2,63,14.6,22,1011.5,1
2021-03-09,Tay_Ninh,33.4,23.3,28.3,62,17.7,18,1011.3,1
2021-03-10,Tay_Ninh,34.0,22.8,28.5,59,14.8,28,1011.0,1
2021-03-11,Tay_Ninh,34.5,23.8,29.1,61,15.5,21,1010.9,1
2021-03-12,Tay_Ninh,34.7,23.5,29.1,56,17.7,15,1011.0,0
2021-03-13,Tay_Ninh,35.0,23.5,29.0,55,19.6,37,1010.7,0
2021-03-14,Tay_Ninh,35.0,22.7,28.3,61,16.5,15,1009.2,0
2021-03-15,Tay_Ninh,34.8,22.2,28.0,64,16.5,32,1009.0,0
2021-03-16,Tay_Ninh,34.1,23.5,28.1,67,17.7,42,1008.7,0
2021-03-17,Tay_Ninh,33.8,22.9,28.2,64,14.6,71,1008.7,1
2021-03-18,Tay_Ninh,33.8,23.0,28.3,67,17.1,76,1008.1,0
2021-03-19,Tay_Ninh,35.2,23.3,29.2,68,16.9,40,1007.4,0
2021-03-20,Tay_Ninh,35.0,25.5,29.8,67,16.1,74,1006.4,1
2021-03-21,Tay_Ninh,34.7,24.5,29.2,71,22.7,48,1007.1,1
2021-03-22,Tay_Ninh,36.2,23.4,29.9,59,17.8,49,1009.3,0
2021-03-23,Tay_Ninh,35.3,24.6,29.9,55,17.6,61,1009.1,0
2021-03-24,Tay_Ninh,35.5,24.9,29.4,61,12.5,92,1008.2,1
2021-03-25,Tay_Ninh,34.1,25.0,29.1,72,15.7,72,1008.4,1
2021-03-26,Tay_Ninh,34.3,24.4,29.3,65,14.5,68,1007.9,1
2021-03-27,Tay_Ninh,35.3,23.9,29.4,65,18.7,72,1007.3,0
2021-03-28,Tay_Ninh,35.3,24.5,29.7,64,15.9,54,1007.0,0
2021-03-29,Tay_Ninh,34.8,25.5,29.4,67,15.3,47,1006.5,1
2021-03-30,Tay_Ninh,34.6,25.1,29.7,67,14.0,31,1005.5,1
2021-03-31,Tay_Ninh,36.2,24.9,30.5,61,12.2,37,1004.4,0
2021-04-01,Tay_Ninh,35.8,25.5,30.5,61,13.6,39,1005.0,0
2021-04-02,Tay_Ninh,34.5,26.5,30.5,65,13.7,62,1005.9,1
2021-04-03,Tay_Ninh,33.0,24.4,28.6,76,14.1,67,1006.7,1
2021-04-04,Tay_Ninh,33.0,24.5,27.7,80,13.7,72,1007.8,1
2021-04-05,Tay_Ninh,33.0,23.9,28.0,78,13.3,78,1008.9,1
2021-04-06,Tay_Ninh,33.0,23.8,28.2,69,14.1,57,1009.5,1
2021-04-07,Tay_Ninh,33.6,23.5,28.7,67,14.7,34,1009.6,1
2021-04-08,Tay_Ninh,32.0,24.4,28.1,74,12.4,56,1008.9,1
2021-04-09,Tay_Ninh,32.8,24.7,27.7,78,14.5,75,1008.9,1
2021-04-10,Tay_Ninh,32.4,23.4,27.8,77,12.3,80,1010.1,1
2021-04-11,Tay_Ninh,32.3,24.5,27.6,84,11.2,82,1010.9,1
2021-04-12,Tay_Ninh,32.2,24.0,27.5,81,11.7,58,1011.1,1
2021-04-13,Tay_Ninh,32.5,24.5,27.9,79,13.3,70,1010.5,1
2021-04-14,Tay_Ninh,31.0,24.7,27.0,86,11.6,73,1010.1,1
2021-04-15,Tay_Ninh,31.5,24.0,27.4,85,12.1,85,1009.1,1
2021-04-16,Tay_Ninh,31.2,23.8,26.4,88,12.7,87,1009.4,1
2021-04-17,Tay_Ninh,31.5,23.1,26.8,86,13.5,97,1010.4,1
2021-04-18,Tay_Ninh,29.6,24.1,26.2,88,10.0,88,1010.4,1
2021-04-19,Tay_Ninh,30.9,23.5,26.4,88,11.1,61,1008.9,1
2021-04-20,Tay_Ninh,32.0,23.9,27.3,87,9.6,67,1008.2,1
2021-04-21,Tay_Ninh,32.3,24.6,27.8,84,10.9,86,1008.3,1
2021-04-22,Tay_Ninh,29.8,24.2,26.3,90,12.1,97,1008.3,1
2021-04-23,Tay_Ninh,31.4,24.5,26.7,89,11.7,97,1007.4,1
2021-04-24,Tay_Ninh,32.5,24.0,27.9,81,11.8,68,1007.4,1
2021-04-25,Tay_Ninh,31.5,24.1,27.3,86,18.9,86,1008.2,1
2021-04-26,Tay_Ninh,32.7,24.6,28.0,84,13.9,65,1007.9,1
2021-04-27,Tay_Ninh,30.6,24.0,26.9,88,11.8,98,1009.6,1
2021-04-28,Tay_Ninh,31.6,24.4,27.3,85,10.8,95,1010.4,1
2021-04-29,Tay_Ninh,31.3,24.0,27.4,83,10.8,42,1009.8,1
2021-04-30,Tay_Ninh,31.9,24.2,27.6,83,8.4,53,1009.5,1
2021-05-01,Tay_Ninh,31.0,24.0,27.4,86,10.2,60,1009.9,1
2021-05-02,Tay_Ninh,32.7,24.6,28.5,79,10.1,54,1009.2,1
2021-05-03,Tay_Ninh,32.8,24.9,28.8,76,13.1,59,1007.6,1
2021-05-04,Tay_Ninh,33.8,23.5,28.9,73,13.0,35,1006.8,1
2021-05-05,Tay_Ninh,34.5,25.4,29.3,76,13.9,83,1007.2,1
2021-05-06,Tay_Ninh,33.7,24.8,28.3,82,9.5,97,1009.1,1
2021-05-07,Tay_Ninh,32.7,24.4,28.5,79,10.2,97,1009.4,0
2021-05-08,Tay_Ninh,33.2,25.0,28.8,78,13.0,98,1007.9,1
2021-05-09,Tay_Ninh,32.2,25.5,28.4,81,10.2,80,1007.7,1
2021-05-10,Tay_Ninh,33.0,25.5,28.7,82,11.0,51,1007.3,1
2021-05-11,Tay_Ninh,33.7,25.1,29.1,78,11.2,46,1006.8,1
2021-05-12,Tay_Ninh,33.3,25.1,29.2,79,9.5,78,1006.2,1
2021-05-13,Tay_Ninh,33.5,25.8,29.4,77,9.4,57,1005.7,1
2021-05-14,Tay_Ninh,31.0,25.4,28.1,84,8.5,89,1006.2,1
2021-05-15,Tay_Ninh,32.8,25.8,28.4,83,11.7,95,1006.8,1
2021-05-16,Tay_Ninh,33.6,24.5,28.9,80,10.5,32,1006.4,1
2021-05-17,Tay_Ninh,31.9,25.1,28.1,84,12.6,92,1007.4,1
2021-05-18,Tay_Ninh,32.2,24.9,28.0,84,10.0,91,1007.7,1
2021-05-19,Tay_Ninh,33.0,24.8,28.2,84,13.7,92,1007.1,1
2021-05-20,Tay_Ninh,33.3,24.9,28.7,81,10.9,76,1007.1,1
2021-05-21,Tay_Ninh,32.5,25.1,27.8,86,9.6,91,1007.1,1
2021-05-22,Tay_Ninh,32.2,24.5,27.0,89,13.6,97,1006.4,1
2021-05-23,Tay_Ninh,30.9,25.2,27.4,88,12.7,94,1005.8,1
2021-05-24,Tay_Ninh,29.2,25.2,26.8,88,13.7,99,1006.6,1
2021-05-25,Tay_Ninh,29.0,24.7,26.4,93,8.6,96,1006.9,1
2021-05-26,Tay_Ninh,29.9,24.5,26.1,92,13.0,97,1006.9,1
2021-05-27,Tay_Ninh,30.0,24.4,26.4,91,11.5,83,1007.2,1
2021-05-28,Tay_Ninh,31.0,24.4,27.3,87,9.8,52,1008.7,1
2021-05-29,Tay_Ninh,32.6,24.8,28.2,82,10.4,47,1008.6,1
2021-05-30,Tay_Ninh,32.8,24.8,28.5,82,11.7,35,1007.3,1
2021-05-31,Tay_Ninh,33.4,25.5,28.6,83,14.0,50,1005.8,1
2021-06-01,Tay_Ninh,33.2,26.0,29.1,82,9.8,84,1006.1,1
2021-06-02,Tay_Ninh,32.2,26.0,28.7,84,9.8,85,1006.6,1
2021-06-03,Tay_Ninh,33.1,25.6,28.7,84,11.5,74,1007.4,1
2021-06-04,Tay_Ninh,33.5,25.5,29.4,82,11.1,78,1007.1,1
2021-06-05,Tay_Ninh,33.7,26.3,28.5,84,11.5,89,1007.1,1
2021-06-06,Tay_Ninh,33.2,24.9,28.2,83,13.2,99,1006.8,1
2021-06-07,Tay_Ninh,31.5,25.4,27.4,86,17.2,99,1007.6,1
2021-06-08,Tay_Ninh,28.9,24.9,26.3,91,21.6,89,1008.4,1
2021-06-09,Tay_Ninh,30.1,24.8,26.8,88,11.9,94,1007.7,1
2021-06-10,Tay_Ninh,29.2,24.8,26.4,89,15.7,99,1006.5,1
2021-06-11,Tay_Ninh,32.0,23.6,26.9,87,15.7,97,1005.3,1
2021-06-12,Tay_Ninh,29.2,24.4,26.6,85,15.0,100,1006.4,1
2021-06-13,Tay_Ninh,30.4,25.1,27.5,81,21.3,84,1007.4,1
2021-06-14,Tay_Ninh,31.5,24.6,27.5,83,17.1,52,1007.6,1
2021-06-15,Tay_Ninh,31.1,24.5,27.3,85,13.3,75,1006.9,1
2021-06-16,Tay_Ninh,30.8,25.4,27.3,87,15.5,88,1008.3,1
2021-06-17,Tay_Ninh,32.3,24.2,28.0,82,8.7,57,1009.0,1
2021-06-18,Tay_Ninh,33.2,24.8,28.5,77,10.5,61,1009.4,0
2021-06-19,Tay_Ninh,32.8,24.9,28.0,83,17.7,74,1008.7,1
2021-06-20,Tay_Ninh,31.9,25.1,27.9,82,14.7,60,1007.4,1
2021-06-21,Tay_Ninh,30.5,25.1,27.7,84,18.5,52,1007.0,1
2021-06-22,Tay_Ninh,31.9,24.4,27.4,85,17.1,53,1008.0,1
2021-06-23,Tay_Ninh,31.2,24.4,27.1,86,15.4,55,1008.6,1
2021-06-24,Tay_Ninh,31.9,23.5,27.2,86,11.4,43,1007.3,1
2021-06-25,Tay_Ninh,32.7,24.5,28.2,80,13.9,65,1006.5,1
2021-06-26,Tay_Ninh,32.4,24.8,28.2,80,13.8,48,1007.9,1
2021-06-27,Tay_Ninh,32.7,24.2,28.3,80,12.0,31,1009.0,1
2021-06-28,Tay_Ninh,33.5,24.8,28.7,79,12.3,54,1008.1,1
2021-06-29,Tay_Ninh,33.8,25.4,28.7,80,14.6,59,1007.3,1
2021-06-30,Tay_Ninh,33.2,25.4,28.3,82,15.8,74,1007.5,1
2021-07-01,Tay_Ninh,33.8,25.1,28.9,78,13.0,58,1007.7,1
2021-07-02,Tay_Ninh,34.0,24.8,29.0,76,15.8,23,1007.9,1
2021-07-03,Tay_Ninh,34.7,25.0,29.5,74,7.3,45,1006.4,0
2021-07-04,Tay_Ninh,33.3,26.1,28.8,79,10.1,75,1005.5,1
2021-07-05,Tay_Ninh,32.3,25.4,27.7,84,15.6,92,1005.0,1
2021-07-06,Tay_Ninh,30.2,24.2,26.4,91,16.5,99,1005.0,1
2021-07-07,Tay_Ninh,30.5,24.5,26.4,89,14.3,98,1006.1,1
2021-07-08,Tay_Ninh,28.7,24.5,25.7,91,14.5,99,1006.8,1
2021-07-09,Tay_Ninh,28.5,23.5,25.1,92,17.1,99,1006.6,1
2021-07-10,Tay_Ninh,30.6,23.9,26.4,89,11.6,81,1006.8,1
2021-07-11,Tay_Ninh,30.9,23.4,26.8,86,9.2,66,1008.1,1
2021-07-12,Tay_Ninh,30.9,24.1,26.9,85,10.1,87,1008.2,1
2021-07-13,Tay_Ninh,30.5,24.1,26.7,89,10.0,97,1007.2,1
2021-07-14,Tay_Ninh,30.5,23.5,26.4,87,11.1,97,1006.4,1
2021-07-15,Tay_Ninh,30.2,23.3,25.7,91,10.4,100,1007.7,1
2021-07-16,Tay_Ninh,31.0,24.3,27.5,81,13.1,92,1008.6,1
2021-07-17,Tay_Ninh,32.5,24.5,27.8,79,12.9,68,1006.6,1
2021-07-18,Tay_Ninh,30.7,24.6,26.8,89,18.0,94,1005.8,1
2021-07-19,Tay_Ninh,29.5,24.8,26.9,83,13.3,97,1006.8,1
2021-07-20,Tay_Ninh,32.1,25.1,28.0,77,18.9,76,1007.5,1
2021-07-21,Tay_Ninh,30.8,25.0,27.2,83,21.2,75,1007.2,1
2021-07-22,Tay_Ninh,30.3,25.5,27.5,82,17.8,88,1006.6,1
2021-07-23,Tay_Ninh,30.9,25.5,27.4,83,16.6,96,1006.2,1
2021-07-24,Tay_Ninh,32.3,25.2,28.2,77,21.6,98,1005.8,1
2021-07-25,Tay_Ninh,30.2,25.7,27.4,84,20.6,80,1006.3,1
2021-07-26,Tay_Ninh,32.4,24.3,27.9,80,16.7,48,1005.7,1
2021-07-27,Tay_Ninh,31.7,25.1,28.1,80,17.8,40,1005.1,1
2021-07-28,Tay_Ninh,31.1,25.2,27.3,84,16.9,90,1005.0,1
2021-07-29,Tay_Ninh,31.1,25.0,26.9,87,21.4,91,1005.9,1
2021-07-30,Tay_Ninh,30.0,25.0,27.1,87,14.5,87,1006.9,1
2021-07-31,Tay_Ninh,32.0,25.6,27.8,83,16.6,90,1006.9,1
2021-08-01,Tay_Ninh,32.6,25.0,28.1,81,19.1,61,1005.9,1
2021-08-02,Tay_Ninh,31.4,25.2,28.0,81,17.3,72,1006.0,1
2021-08-03,Tay_Ninh,31.8,25.5,28.2,79,20.2,87,1006.7,1
2021-08-04,Tay_Ninh,31.1,25.2,27.9,80,17.7,97,1007.3,1
2021-08-05,Tay_Ninh,31.6,25.6,27.9,81,19.6,95,1007.1,1
2021-08-06,Tay_Ninh,32.5,25.4,28.2,81,16.4,94,1007.5,1
2021-08-07,Tay_Ninh,32.0,24.9,28.0,84,14.5,91,1007.9,1
2021-08-08,Tay_Ninh,32.8,24.9,27.9,83,13.6,99,1007.6,1
2021-08-09,Tay_Ninh,32.8,25.5,28.3,83,13.0,73,1006.6,1
2021-08-10,Tay_Ninh,30.8,25.2,27.4,88,16.0,79,1006.0,1
2021-08-11,Tay_Ninh,31.6,24.8,27.4,86,18.5,83,1008.1,1
2021-08-12,Tay_Ninh,30.5,24.4,27.0,85,15.3,77,1010.0,1
2021-08-13,Tay_Ninh,30.6,24.3,26.6,87,14.5,93,1008.4,1
2021-08-14,Tay_Ninh,29.6,24.9,26.8,87,13.6,98,1007.3,1
2021-08-15,Tay_Ninh,27.6,24.6,26.1,89,6.8,96,1009.2,1
2021-08-16,Tay_Ninh,31.9,23.1,27.7,82,10.8,45,1010.9,1
2021-08-17,Tay_Ninh,31.3,23.5,27.0,89,8.3,94,1010.2,1
2021-08-18,Tay_Ninh,31.1,23.7,26.8,87,12.4,88,1008.4,1
2021-08-19,Tay_Ninh,30.9,23.3,26.8,86,10.9,86,1007.8,1
2021-08-20,Tay_Ninh,31.8,24.1,27.0,87,11.3,85,1008.4,1
2021-08-21,Tay_Ninh,31.7,22.9,27.1,85,12.5,49,1008.6,1
2021-08-22,Tay_Ninh,32.2,24.1,27.6,83,13.6,85,1007.8,1
2021-08-23,Tay_Ninh,32.0,24.2,27.1,86,13.7,87,1007.2,1
2021-08-24,Tay_Ninh,30.8,23.8,26.4,89,13.9,75,1006.5,1
2021-08-25,Tay_Ninh,28.0,23.8,25.2,94,17.7,96,1007.0,1
2021-08-26,Tay_Ninh,27.5,23.6,25.2,93,13.2,99,1007.4,1
2021-08-27,Tay_Ninh,30.1,23.8,26.3,89,10.7,97,1007.2,1
2021-08-28,Tay_Ninh,30.5,24.0,26.3,88,7.6,93,1007.0,1
2021-08-29,Tay_Ninh,30.1,23.5,26.3,89,12.7,95,1006.9,1
2021-08-30,Tay_Ninh,30.4,23.4,25.8,91,10.0,96,1007.7,1
2021-08-31,Tay_Ninh,30.8,23.1,26.2,89,8.0,97,1008.2,1
2021-09-01,Tay_Ninh,30.8,23.4,26.6,89,8.9,88,1007.8,1
2021-09-02,Tay_Ninh,30.3,23.3,26.3,89,14.5,97,1007.6,1
2021-09-03,Tay_Ninh,30.0,23.7,26.2,89,14.3,97,1007.2,1
2021-09-04,Tay_Ninh,28.5,24.0,25.9,89,16.0,98,1007.7,1
2021-09-05,Tay_Ninh,29.9,24.3,26.2,91,11.3,98,1008.1,1
2021-09-06,Tay_Ninh,30.4,24.4,26.4,90,8.7,93,1008.3,1
2021-09-07,Tay_Ninh,30.5,23.6,26.0,90,13.3,95,1007.3,1
2021-09-08,Tay_Ninh,30.5,23.9,26.3,88,14.9,94,1005.8,1
2021-09-09,Tay_Ninh,30.0,24.2,26.1,89,16.1,99,1007.2,1
2021-09-10,Tay_Ninh,30.1,24.6,26.8,87,15.8,100,1007.5,1
2021-09-11,Tay_Ninh,30.4,24.5,26.9,84,22.4,100,1006.3,1
2021-09-12,Tay_Ninh,30.9,24.7,27.3,82,19.6,93,1004.1,1
2021-09-13,Tay_Ninh,31.2,24.8,26.9,85,12.2,81,1005.1,1
2021-09-14,Tay_Ninh,29.9,24.3,26.5,91,11.8,98,1007.4,1
2021-09-15,Tay_Ninh,30.5,23.5,25.9,88,12.2,94,1009.0,1
2021-09-16,Tay_Ninh,30.3,23.0,26.6,85,8.9,95,1009.1,1
2021-09-17,Tay_Ninh,31.5,23.5,27.1,86,8.4,74,1008.5,1
2021-09-18,Tay_Ninh,31.6,23.8,26.9,87,9.8,73,1008.1,1
2021-09-19,Tay_Ninh,27.4,23.9,25.2,93,11.5,98,1008.1,1
2021-09-20,Tay_Ninh,28.0,23.8,25.4,91,13.2,97,1007.7,1
2021-09-21,Tay_Ninh,31.0,23.5,26.3,87,15.6,78,1007.3,1
2021-09-22,Tay_Ninh,29.8,23.5,25.8,91,12.4,74,1007.6,1
2021-09-23,Tay_Ninh,29.6,24.0,26.1,91,12.4,99,1008.0,1
2021-09-24,Tay_Ninh,29.9,24.2,26.0,92,16.3,98,1007.8,1
2021-09-25,Tay_Ninh,29.5,24.1,26.3,90,12.4,97,1007.5,1
2021-09-26,Tay_Ninh,30.6,23.9,26.5,89,7.9,94,1007.1,1
2021-09-27,Tay_Ninh,31.4,23.9,27.2,86,10.5,55,1007.4,1
2021-09-28,Tay_Ninh,31.1,23.8,27.0,88,7.9,76,1007.9,1
2021-09-29,Tay_Ninh,31.7,23.9,26.9,89,10.4,65,1007.3,1
2021-09-30,Tay_Ninh,29.0,24.0,26.0,91,9.5,87,1008.1,1
2021-10-01,Tay_Ninh,31.0,24.1,26.8,90,10.8,88,1008.5,1
2021-10-02,Tay_Ninh,30.2,23.9,26.0,90,12.6,93,1009.1,1
2021-10-03,Tay_Ninh,29.6,23.7,26.0,89,6.4,92,1008.1,1
2021-10-04,Tay_Ninh,31.0,23.8,27.2,84,9.0,95,1006.6,1
2021-10-05,Tay_Ninh,30.8,23.8,26.4,90,10.0,92,1005.4,1
2021-10-06,Tay_Ninh,27.4,23.5,25.5,93,9.9,100,1004.2,1
2021-10-07,Tay_Ninh,28.5,24.4,25.6,94,9.8,100,1003.5,1
2021-10-08,Tay_Ninh,30.4,24.0,26.3,84,16.1,100,1004.1,1
2021-10-09,Tay_Ninh,29.8,24.4,26.5,89,20.5,99,1005.6,1
2021-10-10,Tay_Ninh,31.0,24.7,27.3,86,17.5,81,1004.9,1
2021-10-11,Tay_Ninh,30.8,25.0,26.6,89,17.3,97,1004.8,1
2021-10-12,Tay_Ninh,29.2,24.2,26.1,90,18.7,97,1004.6,1
2021-10-13,Tay_Ninh,29.4,24.0,25.7,90,17.0,100,1003.6,1
2021-10-14,Tay_Ninh,30.3,24.1,26.4,90,16.8,100,1004.6,1
2021-10-15,Tay_Ninh,31.0,24.0,26.7,88,15.0,90,1005.8,1
2021-10-16,Tay_Ninh,29.2,23.6,25.8,90,9.7,100,1007.3,1
2021-10-17,Tay_Ninh,27.6,23.0,24.8,94,11.9,100,1007.8,1
2021-10-18,Tay_Ninh,30.7,22.5,26.2,86,13.0,100,1009.3,1
2021-10-19,Tay_Ninh,31.0,23.6,26.9,87,12.0,97,1011.8,1
2021-10-20,Tay_Ninh,30.4,23.6,25.7,91,12.4,97,1012.1,1
2021-10-21,Tay_Ninh,30.6,23.5,26.3,87,9.6,99,1010.9,1
2021-10-22,Tay_Ninh,30.0,23.0,25.7,90,9.7,90,1011.3,1
2021-10-23,Tay_Ninh,30.4,22.8,25.8,89,12.6,94,1011.7,1
2021-10-24,Tay_Ninh,30.5,23.0,25.9,89,12.6,85,1010.2,1
2021-10-25,Tay_Ninh,30.8,23.4,26.7,81,14.3,95,1008.8,1
2021-10-26,Tay_Ninh,31.4,24.0,27.3,74,13.7,96,1007.9,0
2021-10-27,Tay_Ninh,27.1,23.7,25.1,89,12.6,100,1007.9,1
2021-10-28,Tay_Ninh,31.2,22.5,26.3,85,15.9,42,1009.6,1
2021-10-29,Tay_Ninh,31.3,22.7,26.7,85,8.4,80,1011.1,1
2021-10-30,Tay_Ninh,31.5,23.1,26.9,84,13.4,86,1011.0,1
2021-10-31,Tay_Ninh,30.8,23.4,26.1,90,10.2,80,1011.4,1
2021-11-01,Tay_Ninh,31.2,23.1,26.6,88,14.1,91,1010.6,1
2021-11-02,Tay_Ninh,31.2,22.5,26.5,83,10.9,95,1010.4,1
2021-11-03,Tay_Ninh,31.6,23.3,27.2,80,9.4,94,1009.5,1
2021-11-04,Tay_Ninh,31.1,22.9,26.9,84,8.7,93,1009.4,1
2021-11-05,Tay_Ninh,31.9,23.6,26.9,85,15.4,75,1008.2,1
2021-11-06,Tay_Ninh,30.9,23.4,26.7,86,11.9,91,1006.7,1
2021-11-07,Tay_Ninh,31.4,23.6,27.2,85,12.2,73,1006.7,1
2021-11-08,Tay_Ninh,31.5,23.9,26.6,88,14.8,77,1007.9,1
2021-11-09,Tay_Ninh,30.8,23.5,26.2,88,13.0,92,1008.9,1
2021-11-10,Tay_Ninh,30.8,24.3,27.4,73,17.3,92,1008.7,1
2021-11-11,Tay_Ninh,29.5,23.8,25.7,87,13.8,98,1008.9,1
2021-11-12,Tay_Ninh,30.0,23.4,26.0,86,11.8,92,1009.4,1
2021-11-13,Tay_Ninh,31.2,23.0,25.9,88,12.0,93,1009.3,1
2021-11-14,Tay_Ninh,29.5,23.2,25.7,91,11.4,100,1009.6,1
2021-11-15,Tay_Ninh,30.2,23.4,25.6,91,13.2,86,1008.4,1
2021-11-16,Tay_Ninh,29.2,23.0,25.6,90,11.2,100,1008.3,1
2021-11-17,Tay_Ninh,31.0,23.5,26.4,88,8.1,93,1008.7,1
2021-11-18,Tay_Ninh,30.5,22.6,25.8,90,10.2,80,1007.9,1
2021-11-19,Tay_Ninh,30.8,22.9,26.5,84,8.1,82,1007.0,1
2021-11-20,Tay_Ninh,30.6,23.6,26.3,89,12.3,81,1006.8,1
2021-11-21,Tay_Ninh,31.5,22.8,26.7,86,9.4,79,1007.7,1
2021-11-22,Tay_Ninh,29.9,23.1,25.7,92,10.8,86,1008.9,1
2021-11-23,Tay_Ninh,30.8,23.0,26.2,86,15.0,71,1008.6,1
2021-11-24,Tay_Ninh,30.8,23.0,26.9,79,17.6,87,1009.3,1
2021-11-25,Tay_Ninh,29.6,23.5,26.5,78,13.8,91,1009.5,0
2021-11-26,Tay_Ninh,30.0,22.5,26.2,74,15.4,94,1009.1,1
2021-11-27,Tay_Ninh,27.2,23.2,24.8,76,19.7,100,1009.3,1
2021-11-28,Tay_Ninh,28.5,22.8,25.1,85,21.1,97,1008.2,1
2021-11-29,Tay_Ninh,27.0,23.4,24.8,93,14.6,100,1007.8,1
2021-11-30,Tay_Ninh,28.2,22.8,24.7,92,14.9,97,1008.9,1
2021-12-01,Tay_Ninh,29.1,22.1,25.3,77,16.3,73,1010.2,0
2021-12-02,Tay_Ninh,29.4,20.5,25.2,69,16.4,63,1011.1,0
2021-12-03,Tay_Ninh,28.4,20.5,24.2,68,14.5,91,1012.6,0
2021-12-04,Tay_Ninh,27.1,18.2,22.9,66,13.1,99,1012.8,0
2021-12-05,Tay_Ninh,28.3,18.3,23.3,70,16.0,74,1011.7,0
2021-12-06,Tay_Ninh,29.9,20.5,25.0,72,16.0,58,1011.1,0
2021-12-07,Tay_Ninh,29.2,19.8,24.7,72,14.5,89,1011.6,0
2021-12-08,Tay_Ninh,29.5,18.9,24.9,73,11.0,52,1011.8,0
2021-12-09,Tay_Ninh,30.0,22.5,26.4,71,15.8,54,1011.8,0
2021-12-10,Tay_Ninh,29.9,20.9,25.1,69,14.8,76,1011.7,0
2021-12-11,Tay_Ninh,29.5,19.4,24.6,71,11.5,84,1011.9,0
2021-12-12,Tay_Ninh,30.3,21.0,25.9,69,14.3,77,1011.0,0
2021-12-13,Tay_Ninh,30.6,22.5,26.5,62,20.5,79,1010.6,0
2021-12-14,Tay_Ninh,30.8,22.8,26.8,66,15.8,59,1009.2,0
2021-12-15,Tay_Ninh,31.7,22.5,27.2,69,10.2,60,1008.6,0
2021-12-16,Tay_Ninh,32.4,23.5,27.6,79,10.9,21,1008.9,0
2021-12-17,Tay_Ninh,32.5,23.6,27.7,71,11.7,95,1009.0,1
2021-12-18,Tay_Ninh,31.9,21.7,27.3,60,19.5,86,1009.3,0
2021-12-19,Tay_Ninh,30.2,23.3,26.2,56,19.1,100,1009.7,0
2021-12-20,Tay_Ninh,29.5,21.3,24.9,69,11.6,92,1011.1,0
2021-12-21,Tay_Ninh,31.4,21.5,26.5,70,10.5,44,1011.3,0
2021-12-22,Tay_Ninh,31.1,22.2,25.8,82,11.5,89,1010.7,1
2021-12-23,Tay_Ninh,28.9,21.6,25.0,87,8.8,79,1010.7,1
2021-12-24,Tay_Ninh,30.0,22.0,25.4,86,13.7,63,1010.6,1
2021-12-25,Tay_Ninh,30.0,21.9,25.5,87,6.0,38,1011.1,1
2021-12-26,Tay_Ninh,30.6,22.4,26.1,82,7.3,34,1012.0,1
2021-12-27,Tay_Ninh,30.8,22.3,25.7,84,12.1,53,1012.5,1
2021-12-28,Tay_Ninh,30.6,22.2,25.5,85,11.3,66,1012.2,1
2021-12-29,Tay_Ninh,30.5,23.2,26.7,70,17.1,69,1011.9,1
2021-12-30,Tay_Ninh,30.9,23.3,26.9,61,19.6,61,1012.8,0
2021-12-31,Tay_Ninh,30.4,22.3,26.2,62,18.0,69,1012.9,0
2021-01-01,Can_Tho,28.0,21.8,24.3,72,13.8,97,1011.4,1
2021-01-02,Can_Tho,26.0,21.5,23.6,75,13.4,87,1011.1,0
2021-01-03,Can_Tho,29.5,21.4,24.5,80,13.2,96,1010.3,0
2021-01-04,Can_Tho,30.1,22.3,26.1,83,9.8,67,1009.9,1
2021-01-05,Can_Tho,28.5,24.0,25.7,85,17.8,81,1010.3,1
2021-01-06,Can_Tho,29.5,22.9,25.8,85,14.5,75,1009.5,1
2021-01-07,Can_Tho,30.6,23.9,26.4,76,15.9,43,1008.8,1
2021-01-08,Can_Tho,30.2,22.6,25.8,82,11.0,98,1008.7,0
2021-01-09,Can_Tho,28.6,22.1,25.1,79,13.4,74,1009.8,0
2021-01-10,Can_Tho,28.2,22.1,24.7,79,9.2,90,1010.2,0
2021-01-11,Can_Tho,28.5,21.5,24.7,82,9.7,80,1011.0,0
2021-01-12,Can_Tho,28.5,21.6,24.1,74,15.2,77,1011.5,0
2021-01-13,Can_Tho,26.6,20.4,22.8,76,10.3,56,1011.9,0
2021-01-14,Can_Tho,28.7,19.6,23.4,76,12.3,81,1011.5,0
2021-01-15,Can_Tho,28.0,19.5,23.7,79,13.3,39,1010.1,0
2021-01-16,Can_Tho,29.1,20.9,24.4,79,15.1,65,1010.2,0
2021-01-17,Can_Tho,29.8,21.5,25.0,77,14.3,52,1011.5,1
2021-01-18,Can_Tho,28.4,20.6,23.8,72,12.5,66,1011.9,0
2021-01-19,Can_Tho,27.5,20.1,23.8,77,10.5,98,1011.5,0
2021-01-20,Can_Tho,29.6,20.5,25.0,74,11.1,87,1011.0,0
2021-01-21,Can_Tho,30.0,21.8,25.6,78,10.9,83,1010.3,0
2021-01-22,Can_Tho,28.8,22.8,25.1,86,11.6,71,1010.2,1
2021-01-23,Can_Tho,30.0,22.2,25.6,82,8.9,58,1010.4,1
2021-01-24,Can_Tho,30.4,23.1,25.9,77,15.6,63,1011.0,1
2021-01-25,Can_Tho,29.5,22.5,25.5,81,12.8,68,1010.5,1
2021-01-26,Can_Tho,30.4,21.9,26.0,75,14.3,73,1009.8,1
2021-01-27,Can_Tho,31.2,22.2,26.5,73,20.0,89,1009.9,1
2021-01-28,Can_Tho,31.0,22.9,26.3,75,14.8,87,1011.1,1
2021-01-29,Can_Tho,30.0,22.3,25.6,75,12.9,92,1011.5,1
2021-01-30,Can_Tho,30.4,20.6,24.9,73,16.4,94,1012.1,1
2021-01-31,Can_Tho,30.5,21.9,25.8,73,13.0,79,1012.1,0
2021-02-01,Can_Tho,30.8,22.4,26.2,72,15.0,63,1012.2,1
2021-02-02,Can_Tho,30.1,22.4,25.8,72,15.1,57,1012.5,0
2021-02-03,Can_Tho,31.2,21.0,25.5,74,16.1,73,1012.1,0
2021-02-04,Can_Tho,31.1,21.5,26.0,72,12.0,69,1012.4,0
2021-02-05,Can_Tho,30.1,22.2,26.3,75,11.0,67,1011.7,1
2021-02-06,Can_Tho,30.1,22.0,26.2,74,13.3,74,1010.6,1
2021-02-07,Can_Tho,30.4,22.8,26.3,74,15.0,85,1010.8,1
2021-02-08,Can_Tho,31.5,23.4,27.0,70,16.6,44,1010.2,1
2021-02-09,Can_Tho,32.0,23.2,27.2,69,15.8,21,1009.4,0
2021-02-10,Can_Tho,30.6,23.0,26.6,80,10.8,80,1009.7,1
2021-02-11,Can_Tho,29.6,23.7,25.8,82,11.2,65,1010.5,1
2021-02-12,Can_Tho,30.2,22.4,25.7,78,13.0,40,1011.5,1
2021-02-13,Can_Tho,28.8,21.8,24.9,79,14.0,41,1012.3,1
2021-02-14,Can_Tho,30.2,20.6,25.1,74,15.8,45,1012.8,0
2021-02-15,Can_Tho,29.4,20.2,24.7,75,13.9,29,1011.6,0
2021-02-16,Can_Tho,29.0,20.6,24.6,75,16.6,54,1011.2,1
2021-02-17,Can_Tho,30.5,21.8,25.1,71,20.0,54,1012.2,0
2021-02-18,Can_Tho,30.0,21.4,25.2,67,16.9,44,1013.6,1
2021-02-19,Can_Tho,30.8,19.9,25.3,70,17.2,28,1013.5,0
2021-02-20,Can_Tho,30.5,21.1,25.3,65,17.8,30,1013.1,0
2021-02-21,Can_Tho,30.5,20.8,25.1,69,14.6,52,1012.3,0
2021-02-22,Can_Tho,31.0,20.6,25.2,71,16.8,68,1011.7,0
2021-02-23,Can_Tho,31.3,20.6,25.5,72,14.5,81,1010.7,0
2021-02-24,Can_Tho,30.2,22.0,26.1,71,13.8,55,1009.9,0
2021-02-25,Can_Tho,31.4,21.6,26.3,75,10.2,74,1008.4,0
2021-02-26,Can_Tho,32.3,22.6,27.2,76,10.7,64,1007.2,1
2021-02-27,Can_Tho,32.9,22.9,27.4,76,14.8,15,1007.7,1
2021-02-28,Can_Tho,31.5,23.0,26.7,80,16.2,37,1009.6,1
2021-03-01,Can_Tho,32.2,24.2,27.6,78,15.9,74,1011.6,1
2021-03-02,Can_Tho,33.2,25.0,28.1,75,18.4,73,1011.6,0
2021-03-03,Can_Tho,32.4,24.5,27.7,69,25.0,30,1011.6,0
2021-03-04,Can_Tho,33.5,24.4,27.9,67,22.0,4,1012.0,0
2021-03-05,Can_Tho,32.8,23.0,27.0,71,20.5,5,1011.9,0
2021-03-06,Can_Tho,33.8,22.6,27.4,70,15.4,24,1012.3,0
2021-03-07,Can_Tho,33.0,23.6,27.4,72,20.6,50,1011.8,0
2021-03-08,Can_Tho,33.3,23.4,27.6,69,19.8,59,1012.2,0
2021-03-09,Can_Tho,32.9,23.6,27.8,66,18.9,32,1011.9,1
2021-03-10,Can_Tho,33.5,23.6,27.9,66,18.1,30,1011.7,1
2021-03-11,Can_Tho,33.3,24.8,28.2,67,19.2,46,1011.6,0
2021-03-12,Can_Tho,33.5,24.3,28.2,63,20.6,23,1011.8,0
2021-03-13,Can_Tho,34.0,24.0,28.4,63,16.7,31,1011.5,1
2021-03-14,Can_Tho,33.2,22.8,27.5,69,17.2,45,1010.0,1
2021-03-15,Can_Tho,32.1,22.7,27.1,72,19.4,52,1009.9,1
2021-03-16,Can_Tho,33.1,23.5,27.4,70,15.3,88,1009.5,1
2021-03-17,Can_Tho,32.9,22.1,27.1,71,14.3,88,1009.3,0
2021-03-18,Can_Tho,33.2,23.0,27.3,73,16.7,76,1008.9,0
2021-03-19,Can_Tho,34.0,23.0,28.1,73,16.8,56,1008.1,0
2021-03-20,Can_Tho,34.0,24.7,28.6,73,17.0,56,1007.1,0
2021-03-21,Can_Tho,34.2,24.9,29.0,72,18.3,63,1007.5,1
2021-03-22,Can_Tho,34.9,25.0,29.1,66,21.0,66,1009.7,1
2021-03-23,Can_Tho,35.2,24.4,29.5,65,17.6,83,1009.4,0
2021-03-24,Can_Tho,34.4,26.1,29.3,66,24.5,83,1008.6,1
2021-03-25,Can_Tho,34.1,25.9,29.0,67,22.4,89,1009.0,1
2021-03-26,Can_Tho,33.8,25.2,28.8,69,23.2,95,1008.6,1
2021-03-27,Can_Tho,34.4,25.7,29.0,70,21.9,76,1008.1,1
2021-03-28,Can_Tho,34.5,25.6,29.3,70,16.8,34,1007.6,1
2021-03-29,Can_Tho,34.6,24.7,29.0,70,15.3,39,1007.2,1
2021-03-30,Can_Tho,34.5,25.1,29.3,68,8.7,48,1006.2,0
2021-03-31,Can_Tho,35.8,24.7,29.8,65,9.5,58,1005.3,0
2021-04-01,Can_Tho,35.2,24.6,29.8,66,13.3,45,1005.8,0
2021-04-02,Can_Tho,35.2,26.0,29.4,73,12.7,59,1006.7,1
2021-04-03,Can_Tho,31.9,24.9,28.3,79,16.4,77,1007.1,1
2021-04-04,Can_Tho,31.2,25.8,27.7,82,19.6,76,1008.3,1
2021-04-05,Can_Tho,32.7,24.8,28.3,76,22.1,68,1009.4,1
2021-04-06,Can_Tho,33.0,25.8,28.6,70,22.8,58,1010.0,0
2021-04-07,Can_Tho,33.0,24.8,28.6,71,16.9,45,1010.2,1
2021-04-08,Can_Tho,31.4,25.0,28.1,77,11.7,53,1009.4,1
2021-04-09,Can_Tho,31.2,24.8,26.6,86,10.8,60,1009.5,1
2021-04-10,Can_Tho,32.3,24.5,28.1,75,16.7,46,1010.5,1
2021-04-11,Can_Tho,31.9,24.9,28.2,77,19.0,46,1011.3,1
2021-04-12,Can_Tho,32.0,25.6,28.5,77,18.0,25,1011.4,1
2021-04-13,Can_Tho,32.5,25.0,28.1,81,12.9,46,1010.9,1
2021-04-14,Can_Tho,32.8,25.1,28.2,79,10.0,58,1010.4,1
2021-04-15,Can_Tho,32.0,24.6,27.8,81,9.7,71,1009.6,1
2021-04-16,Can_Tho,32.1,24.1,27.2,86,17.0,84,1009.7,1
2021-04-17,Can_Tho,32.3,24.4,27.5,83,10.5,85,1010.9,1
2021-04-18,Can_Tho,30.8,24.3,26.1,89,11.1,88,1010.9,1
2021-04-19,Can_Tho,30.5,23.7,26.3,89,13.3,58,1009.6,1
2021-04-20,Can_Tho,31.9,24.3,27.4,84,10.5,68,1008.9,1
2021-04-21,Can_Tho,31.6,24.7,27.4,84,10.2,89,1009.0,1
2021-04-22,Can_Tho,30.5,25.2,26.9,87,11.6,96,1008.7,1
2021-04-23,Can_Tho,30.8,24.5,26.5,90,17.0,94,1008.2,1
2021-04-24,Can_Tho,31.8,24.8,27.1,87,14.4,80,1008.2,1
2021-04-25,Can_Tho,30.6,24.4,27.2,87,13.5,71,1008.9,1
2021-04-26,Can_Tho,32.3,24.6,27.6,85,10.7,61,1008.5,1
2021-04-27,Can_Tho,30.2,24.6,26.9,88,10.9,90,1010.0,1
2021-04-28,Can_Tho,29.9,24.4,26.7,89,12.2,93,1010.8,1
2021-04-29,Can_Tho,30.9,24.6,27.3,86,15.5,56,1010.2,1
2021-04-30,Can_Tho,30.6,24.6,27.4,85,15.5,51,1009.9,1
2021-05-01,Can_Tho,30.4,25.0,27.2,87,14.8,76,1010.1,1
2021-05-02,Can_Tho,31.7,25.0,28.2,83,14.8,39,1009.5,1
2021-05-03,Can_Tho,32.7,25.0,28.4,80,17.4,48,1008.0,1
2021-05-04,Can_Tho,32.8,25.0,28.7,79,15.9,48,1007.3,1
2021-05-05,Can_Tho,33.3,25.9,29.4,77,17.2,76,1007.5,1
2021-05-06,Can_Tho,30.4,25.6,27.6,87,19.4,98,1009.6,1
2021-05-07,Can_Tho,30.9,24.8,27.5,84,14.8,99,1009.9,1
2021-05-08,Can_Tho,30.9,25.2,28.0,84,20.5,95,1008.7,1
2021-05-09,Can_Tho,32.0,25.0,27.9,85,10.0,51,1008.1,1
2021-05-10,Can_Tho,31.9,25.9,28.5,84,10.1,30,1007.7,1
2021-05-11,Can_Tho,32.2,24.9,28.5,83,9.3,42,1007.2,1
2021-05-12,Can_Tho,33.0,25.3,28.8,82,8.5,37,1006.7,1
2021-05-13,Can_Tho,32.8,25.8,29.1,78,11.0,46,1006.1,1
2021-05-14,Can_Tho,32.3,26.0,28.3,85,10.5,68,1006.5,1
2021-05-15,Can_Tho,31.4,25.8,27.9,86,13.3,96,1007.3,1
2021-05-16,Can_Tho,32.5,25.3,28.3,85,13.6,40,1006.9,1
2021-05-17,Can_Tho,31.6,25.6,28.1,85,12.8,88,1007.7,1
2021-05-18,Can_Tho,32.0,24.9,27.4,87,10.6,89,1008.3,1
2021-05-19,Can_Tho,32.0,25.0,27.7,85,8.4,88,1007.6,1
2021-05-20,Can_Tho,31.8,24.4,27.6,86,16.6,78,1007.9,1
2021-05-21,Can_Tho,30.0,25.4,27.5,87,16.6,96,1007.9,1
2021-05-22,Can_Tho,28.5,25.3,26.5,91,21.3,100,1007.5,1
2021-05-23,Can_Tho,28.8,25.4,26.9,89,20.2,97,1006.8,1
2021-05-24,Can_Tho,28.2,26.0,26.8,90,17.0,99,1007.4,1
2021-05-25,Can_Tho,29.1,25.1,26.8,90,15.8,97,1007.7,1
2021-05-26,Can_Tho,27.8,24.8,25.8,93,17.3,100,1007.9,1
2021-05-27,Can_Tho,28.2,25.0,26.2,93,12.2,93,1008.1,1
2021-05-28,Can_Tho,31.6,24.5,27.0,89,11.2,51,1009.4,1
2021-05-29,Can_Tho,31.9,24.5,27.5,86,11.1,53,1009.3,1
2021-05-30,Can_Tho,32.5,24.8,28.1,83,10.1,33,1007.9,1
2021-05-31,Can_Tho,32.3,25.5,28.5,83,12.6,29,1006.6,1
2021-06-01,Can_Tho,32.5,25.8,28.6,84,11.7,63,1006.9,1
2021-06-02,Can_Tho,31.0,25.8,28.0,87,10.9,72,1007.4,1
2021-06-03,Can_Tho,32.7,25.6,28.1,86,16.2,63,1008.2,1
2021-06-04,Can_Tho,32.8,25.1,28.8,84,14.6,52,1007.9,1
2021-06-05,Can_Tho,30.8,25.6,27.8,87,21.2,76,1008.1,1
2021-06-06,Can_Tho,30.2,25.2,27.3,88,20.0,98,1008.0,1
2021-06-07,Can_Tho,30.1,25.4,27.2,87,19.0,96,1008.6,1
2021-06-08,Can_Tho,28.3,24.9,26.3,91,15.6,97,1009.2,1
2021-06-09,Can_Tho,30.9,25.1,26.9,88,17.7,82,1008.5,1
2021-06-10,Can_Tho,28.7,25.1,26.4,91,22.0,94,1007.5,1
2021-06-11,Can_Tho,29.6,24.5,26.7,88,21.9,96,1006.5,1
2021-06-12,Can_Tho,29.2,24.6,26.8,88,18.4,100,1007.5,1
2021-06-13,Can_Tho,28.9,25.0,26.6,87,16.8,91,1008.6,1
2021-06-14,Can_Tho,31.1,24.7,27.3,87,19.5,54,1008.4,1
2021-06-15,Can_Tho,30.0,25.0,27.1,87,14.7,70,1007.8,1
2021-06-16,Can_Tho,29.9,24.8,27.0,88,16.1,85,1009.2,1
2021-06-17,Can_Tho,32.2,24.8,27.8,82,16.9,58,1009.7,1
2021-06-18,Can_Tho,31.3,24.6,27.6,84,17.0,86,1010.4,1
2021-06-19,Can_Tho,31.1,25.0,27.7,83,17.2,61,1009.6,1
2021-06-20,Can_Tho,31.5,25.1,27.3,85,17.7,78,1008.6,1
2021-06-21,Can_Tho,30.5,24.7,26.9,86,22.3,53,1008.2,1
2021-06-22,Can_Tho,30.6,24.4,26.6,89,18.4,72,1009.0,1
2021-06-23,Can_Tho,29.8,24.4,26.8,88,20.6,54,1009.7,1
2021-06-24,Can_Tho,31.0,24.7,27.6,83,17.5,52,1008.2,1
2021-06-25,Can_Tho,31.1,25.2,27.7,84,15.9,62,1007.6,1
2021-06-26,Can_Tho,31.6,24.7,27.5,84,11.9,68,1008.7,1
2021-06-27,Can_Tho,31.9,24.2,27.6,83,11.6,27,1009.8,1
2021-06-28,Can_Tho,31.9,24.8,27.7,84,15.8,46,1008.9,1
2021-06-29,Can_Tho,32.2,25.1,28.1,83,14.0,52,1008.3,1
2021-06-30,Can_Tho,31.4,25.3,27.4,86,15.3,81,1008.6,1
2021-07-01,Can_Tho,32.3,24.7,27.8,85,12.0,36,1008.6,1
2021-07-02,Can_Tho,32.0,24.0,27.9,83,14.7,18,1008.8,1
2021-07-03,Can_Tho,32.2,24.7,28.3,84,14.4,43,1007.3,1
2021-07-04,Can_Tho,31.9,25.9,28.5,83,14.2,79,1006.4,1
2021-07-05,Can_Tho,30.0,25.5,26.9,88,20.8,93,1006.0,1
2021-07-06,Can_Tho,28.2,25.3,26.1,92,15.8,99,1005.9,1
2021-07-07,Can_Tho,28.6,24.4,25.7,92,17.3,98,1007.3,1
2021-07-08,Can_Tho,28.0,24.0,25.7,92,16.4,96,1007.8,1
2021-07-09,Can_Tho,27.0,24.2,25.3,93,12.6,98,1007.3,1
2021-07-10,Can_Tho,30.4,23.8,26.2,89,9.4,95,1007.4,1
2021-07-11,Can_Tho,30.3,24.0,26.9,87,8.6,80,1008.5,1
2021-07-12,Can_Tho,29.5,23.9,26.5,89,9.2,89,1008.7,1
2021-07-13,Can_Tho,29.3,24.5,26.5,89,10.5,97,1007.7,1
2021-07-14,Can_Tho,30.5,24.1,26.2,88,7.9,97,1007.0,1
2021-07-15,Can_Tho,27.5,24.4,25.7,92,14.4,100,1008.3,1
2021-07-16,Can_Tho,31.1,24.4,27.3,83,12.6,85,1009.3,1
2021-07-17,Can_Tho,32.0,24.4,27.8,81,17.8,59,1007.4,1
2021-07-18,Can_Tho,29.6,25.8,27.1,86,20.9,98,1006.7,1
2021-07-19,Can_Tho,29.0,25.2,26.7,88,16.6,93,1007.8,1
2021-07-20,Can_Tho,29.7,25.3,27.1,87,18.2,84,1008.6,1
2021-07-21,Can_Tho,28.6,25.2,26.8,88,22.0,75,1008.3,1
2021-07-22,Can_Tho,30.9,25.5,27.7,84,19.5,82,1007.6,1
2021-07-23,Can_Tho,29.8,25.4,27.6,86,18.8,94,1007.1,1
2021-07-24,Can_Tho,31.1,26.4,28.2,81,20.5,95,1007.0,1
2021-07-25,Can_Tho,29.5,24.8,27.1,87,26.6,76,1007.7,1
2021-07-26,Can_Tho,30.8,25.5,27.5,86,23.1,65,1006.9,1
2021-07-27,Can_Tho,30.0,25.5,27.6,84,22.5,47,1006.5,1
2021-07-28,Can_Tho,28.5,25.7,26.9,87,21.3,85,1006.3,1
2021-07-29,Can_Tho,28.3,24.6,26.0,91,19.3,98,1007.4,1
2021-07-30,Can_Tho,28.1,25.0,26.1,91,21.4,94,1008.3,1
2021-07-31,Can_Tho,31.0,25.0,27.4,85,21.6,93,1008.2,1
2021-08-01,Can_Tho,30.2,25.0,27.3,85,21.0,80,1007.3,1
2021-08-02,Can_Tho,30.0,25.4,27.5,83,24.3,83,1007.5,1
2021-08-03,Can_Tho,30.1,26.1,27.7,82,26.3,80,1008.2,1
2021-08-04,Can_Tho,30.8,26.0,27.7,83,21.7,95,1008.6,1
2021-08-05,Can_Tho,29.6,25.2,27.4,85,22.2,83,1008.5,1
2021-08-06,Can_Tho,31.3,25.4,27.8,84,21.0,84,1008.7,1
2021-08-07,Can_Tho,31.5,25.4,28.0,82,21.9,80,1009.0,1
2021-08-08,Can_Tho,31.0,25.8,28.2,82,22.2,88,1008.6,1
2021-08-09,Can_Tho,31.5,26.0,28.4,81,20.8,68,1007.6,1
2021-08-10,Can_Tho,30.1,25.7,27.4,88,17.3,79,1007.0,1
2021-08-11,Can_Tho,30.9,25.1,27.0,89,17.8,91,1008.9,1
2021-08-12,Can_Tho,29.6,24.6,26.8,88,16.8,95,1010.9,1
2021-08-13,Can_Tho,29.9,25.0,26.5,87,15.2,99,1009.2,1
2021-08-14,Can_Tho,29.4,24.9,26.9,84,14.2,99,1008.1,1
2021-08-15,Can_Tho,29.5,24.2,26.6,86,7.6,94,1009.7,1
2021-08-16,Can_Tho,31.7,23.9,27.7,83,6.9,37,1011.5,1
2021-08-17,Can_Tho,31.6,24.5,27.1,87,10.7,79,1010.5,1
2021-08-18,Can_Tho,31.4,24.5,27.1,86,8.7,95,1008.8,1
2021-08-19,Can_Tho,30.6,24.2,26.7,88,10.8,92,1008.3,1
2021-08-20,Can_Tho,31.3,24.2,26.5,89,10.5,84,1009.0,1
2021-08-21,Can_Tho,31.7,23.2,26.8,87,14.2,21,1009.2,1
2021-08-22,Can_Tho,30.7,24.2,27.1,85,17.5,67,1008.7,1
2021-08-23,Can_Tho,29.6,24.5,26.4,88,16.5,89,1008.1,1
2021-08-24,Can_Tho,30.1,24.6,26.1,90,18.6,93,1007.4,1
2021-08-25,Can_Tho,25.9,24.0,24.9,94,14.9,100,1007.9,1
2021-08-26,Can_Tho,28.5,23.6,25.2,93,15.8,97,1008.2,1
2021-08-27,Can_Tho,29.9,23.9,26.2,89,11.8,95,1007.7,1
2021-08-28,Can_Tho,29.6,23.5,26.0,89,9.3,93,1007.5,1
2021-08-29,Can_Tho,30.3,24.4,26.5,88,8.5,96,1007.4,1
2021-08-30,Can_Tho,30.6,24.4,26.2,90,7.4,96,1008.2,1
2021-08-31,Can_Tho,30.1,24.1,26.2,90,12.9,95,1008.7,1
2021-09-01,Can_Tho,30.3,23.9,26.4,89,11.3,93,1008.4,1
2021-09-02,Can_Tho,30.1,24.2,26.3,88,11.6,97,1008.3,1
2021-09-03,Can_Tho,29.2,23.8,26.5,84,22.0,98,1008.0,1
2021-09-04,Can_Tho,28.8,24.6,26.3,83,20.7,96,1008.5,1
2021-09-05,Can_Tho,29.1,24.2,26.0,89,14.2,92,1008.8,1
2021-09-06,Can_Tho,29.5,23.9,26.4,88,14.3,90,1008.9,1
2021-09-07,Can_Tho,29.2,24.8,26.3,88,18.6,98,1008.1,1
2021-09-08,Can_Tho,29.5,24.3,26.3,88,19.3,93,1006.8,1
2021-09-09,Can_Tho,29.6,24.1,26.2,89,24.4,99,1008.0,1
2021-09-10,Can_Tho,30.0,24.2,26.6,88,21.0,96,1008.6,1
2021-09-11,Can_Tho,30.4,25.1,27.0,85,28.3,100,1007.5,1
2021-09-12,Can_Tho,31.0,25.6,28.1,78,29.9,97,1005.3,1
2021-09-13,Can_Tho,29.5,25.2,26.9,87,21.1,99,1006.3,1
2021-09-14,Can_Tho,28.5,24.5,25.7,91,17.1,100,1008.4,1
2021-09-15,Can_Tho,30.0,23.7,26.0,90,17.7,92,1009.7,1
2021-09-16,Can_Tho,31.2,23.0,27.0,81,6.2,94,1009.5,0
2021-09-17,Can_Tho,31.6,24.7,27.2,84,8.9,85,1008.9,1
2021-09-18,Can_Tho,31.0,24.3,26.8,89,11.7,85,1008.5,1
2021-09-19,Can_Tho,27.9,24.0,25.3,93,11.5,98,1008.8,1
2021-09-20,Can_Tho,30.0,23.7,25.6,90,19.1,93,1008.3,1
2021-09-21,Can_Tho,29.5,23.1,26.1,88,16.1,77,1008.0,1
2021-09-22,Can_Tho,29.7,23.6,26.2,89,19.1,69,1008.3,1
2021-09-23,Can_Tho,30.2,24.6,26.7,88,14.8,96,1008.6,1
2021-09-24,Can_Tho,29.4,24.4,26.1,90,15.9,97,1008.7,1
2021-09-25,Can_Tho,28.8,24.2,26.3,88,17.4,95,1008.2,1
2021-09-26,Can_Tho,30.8,24.1,26.4,89,9.2,95,1007.4,1
2021-09-27,Can_Tho,30.3,24.2,26.7,89,15.5,65,1007.9,1
2021-09-28,Can_Tho,30.6,24.7,27.2,88,9.6,70,1008.3,1
2021-09-29,Can_Tho,31.1,25.0,27.4,86,10.0,38,1007.7,1
2021-09-30,Can_Tho,30.8,24.5,26.9,88,8.4,88,1008.5,1
2021-10-01,Can_Tho,31.3,24.7,26.9,88,16.2,88,1009.1,1
2021-10-02,Can_Tho,29.4,24.1,25.8,90,15.9,95,1009.7,1
2021-10-03,Can_Tho,28.2,23.6,25.8,91,6.5,91,1008.6,1
2021-10-04,Can_Tho,30.5,24.2,26.7,87,10.2,95,1007.1,1
2021-10-05,Can_Tho,30.9,24.3,26.3,89,7.6,96,1005.9,1
2021-10-06,Can_Tho,27.8,24.0,25.6,92,14.4,99,1004.8,1
2021-10-07,Can_Tho,27.5,24.4,25.8,92,18.1,100,1004.4,1
2021-10-08,Can_Tho,29.0,24.6,26.3,88,25.5,100,1005.2,1
2021-10-09,Can_Tho,30.9,24.8,27.1,86,22.2,97,1006.5,1
2021-10-10,Can_Tho,31.8,25.5,28.1,80,24.1,67,1005.8,1
2021-10-11,Can_Tho,29.4,25.5,26.6,89,17.3,99,1005.7,1
2021-10-12,Can_Tho,29.5,24.1,26.4,83,24.5,95,1005.7,1
2021-10-13,Can_Tho,30.2,25.0,27.0,82,23.4,100,1004.5,1
2021-10-14,Can_Tho,30.6,24.9,27.6,82,20.6,100,1005.4,1
2021-10-15,Can_Tho,31.4,24.4,26.8,88,16.1,96,1006.3,1
2021-10-16,Can_Tho,29.1,24.5,26.2,91,10.0,100,1007.8,1
2021-10-17,Can_Tho,29.5,24.5,25.9,91,10.7,100,1008.3,1
2021-10-18,Can_Tho,31.7,23.2,26.5,86,10.0,90,1009.6,1
2021-10-19,Can_Tho,31.4,24.0,27.1,87,15.2,62,1012.0,1
2021-10-20,Can_Tho,27.6,24.0,25.4,92,12.8,100,1012.6,1
2021-10-21,Can_Tho,30.7,23.9,26.1,87,12.2,98,1011.3,1
2021-10-22,Can_Tho,29.7,23.0,26.1,89,11.9,100,1011.6,1
2021-10-23,Can_Tho,30.6,24.0,26.1,88,10.2,94,1011.9,1
2021-10-24,Can_Tho,30.9,23.4,26.3,87,9.5,87,1010.5,1
2021-10-25,Can_Tho,30.9,23.8,26.7,87,13.2,97,1009.1,1
2021-10-26,Can_Tho,31.1,24.2,27.5,80,11.5,100,1008.2,1
2021-10-27,Can_Tho,30.2,24.9,27.4,79,10.1,100,1008.5,0
2021-10-28,Can_Tho,30.8,23.6,27.0,84,11.7,79,1009.9,1
2021-10-29,Can_Tho,30.5,24.2,26.9,87,17.2,80,1011.4,1
2021-10-30,Can_Tho,31.0,24.2,26.5,89,16.9,96,1011.4,1
2021-10-31,Can_Tho,29.2,23.0,26.1,88,15.9,97,1011.8,1
2021-11-01,Can_Tho,31.2,24.3,27.2,84,17.3,78,1010.8,1
2021-11-02,Can_Tho,31.4,23.5,27.1,81,15.6,75,1010.6,0
2021-11-03,Can_Tho,31.1,23.8,27.5,79,14.1,96,1009.9,1
2021-11-04,Can_Tho,29.8,25.0,27.0,85,18.8,93,1009.7,1
2021-11-05,Can_Tho,31.2,24.4,27.0,87,18.2,88,1008.6,1
2021-11-06,Can_Tho,30.0,24.3,26.5,89,16.9,76,1007.1,1
2021-11-07,Can_Tho,30.7,24.4,27.3,86,15.2,75,1007.0,1
2021-11-08,Can_Tho,29.9,24.6,26.7,88,15.9,87,1008.1,1
2021-11-09,Can_Tho,30.8,24.2,26.5,88,18.0,94,1009.1,1
2021-11-10,Can_Tho,30.5,24.2,26.2,87,17.6,98,1009.2,1
2021-11-11,Can_Tho,27.0,23.8,24.9,94,11.8,100,1009.1,1
2021-11-12,Can_Tho,29.2,23.6,25.9,88,20.2,98,1009.6,1
2021-11-13,Can_Tho,30.1,23.5,26.0,88,21.3,82,1009.5,1
2021-11-14,Can_Tho,28.6,23.1,25.0,92,13.2,100,1010.0,1
2021-11-15,Can_Tho,28.6,23.6,25.1,91,15.0,99,1008.7,1
2021-11-16,Can_Tho,27.9,23.3,24.9,93,18.5,98,1008.7,1
2021-11-17,Can_Tho,29.5,24.0,25.8,91,18.9,89,1009.0,1
2021-11-18,Can_Tho,29.6,23.9,26.0,89,15.1,95,1008.3,1
2021-11-19,Can_Tho,30.2,23.8,26.5,88,11.9,79,1007.3,1
2021-11-20,Can_Tho,30.0,24.0,25.9,91,8.6,90,1007.3,1
2021-11-21,Can_Tho,30.9,24.2,26.9,86,15.9,100,1008.0,1
2021-11-22,Can_Tho,28.6,24.3,25.7,90,20.1,98,1009.0,1
2021-11-23,Can_Tho,30.5,24.2,26.4,88,12.2,91,1008.9,1
2021-11-24,Can_Tho,30.1,23.8,26.4,87,12.2,81,1009.7,1
2021-11-25,Can_Tho,30.0,23.5,26.3,87,15.5,89,1009.7,1
2021-11-26,Can_Tho,30.4,24.1,26.6,83,14.4,93,1009.3,1
2021-11-27,Can_Tho,28.3,23.5,25.3,83,18.6,100,1009.2,1
2021-11-28,Can_Tho,28.9,23.0,25.3,86,19.1,100,1008.3,1
2021-11-29,Can_Tho,27.5,23.4,24.7,93,17.2,100,1007.9,1
2021-11-30,Can_Tho,27.0,23.1,24.6,94,14.7,97,1008.8,1
2021-12-01,Can_Tho,28.5,23.5,25.7,86,12.3,100,1010.2,1
2021-12-02,Can_Tho,29.4,22.4,25.4,81,8.6,99,1011.2,0
2021-12-03,Can_Tho,28.8,22.4,24.9,81,11.9,88,1012.7,0
2021-12-04,Can_Tho,27.1,21.4,23.9,81,12.4,99,1012.7,0
2021-12-05,Can_Tho,27.9,18.8,23.5,74,11.3,84,1012.1,0
2021-12-06,Can_Tho,29.2,21.4,25.0,77,13.4,48,1011.3,0
2021-12-07,Can_Tho,29.4,21.6,24.9,84,8.1,93,1011.7,1
2021-12-08,Can_Tho,29.5,21.0,25.1,83,7.9,52,1011.9,0
2021-12-09,Can_Tho,29.6,23.0,25.4,87,11.8,73,1012.1,1
2021-12-10,Can_Tho,29.5,22.5,25.9,79,12.2,58,1011.8,1
2021-12-11,Can_Tho,28.4,21.8,25.2,84,7.6,68,1012.1,1
2021-12-12,Can_Tho,29.9,21.4,25.7,81,9.7,75,1011.2,0
2021-12-13,Can_Tho,29.8,22.7,26.0,80,14.4,89,1010.5,0
2021-12-14,Can_Tho,29.3,23.0,26.1,79,9.5,89,1009.5,1
2021-12-15,Can_Tho,30.1,23.1,26.0,84,16.7,84,1009.1,1
2021-12-16,Can_Tho,30.5,24.0,26.7,81,14.3,66,1009.4,0
2021-12-17,Can_Tho,30.0,24.2,26.7,81,13.4,97,1009.5,1
2021-12-18,Can_Tho,30.6,22.8,26.6,79,15.5,84,1009.4,0
2021-12-19,Can_Tho,28.2,23.2,25.3,66,17.9,100,1010.0,0
2021-12-20,Can_Tho,28.2,22.5,25.0,76,11.3,94,1011.5,0
2021-12-21,Can_Tho,30.2,21.4,25.8,80,10.6,42,1011.7,0
2021-12-22,Can_Tho,28.5,23.9,26.0,84,16.9,84,1011.2,1
2021-12-23,Can_Tho,29.6,23.9,26.2,79,21.6,84,1010.9,1
2021-12-24,Can_Tho,29.9,23.3,26.0,79,16.6,60,1010.9,0
2021-12-25,Can_Tho,30.6,23.1,26.4,76,18.5,55,1011.5,1
2021-12-26,Can_Tho,31.1,23.0,26.7,78,9.3,48,1012.4,1
2021-12-27,Can_Tho,30.4,22.9,25.7,86,15.8,65,1012.9,1
2021-12-28,Can_Tho,30.2,23.0,26.1,83,17.2,51,1012.3,1
2021-12-29,Can_Tho,30.4,23.5,26.5,78,27.8,86,1012.0,1
2021-12-30,Can_Tho,31.2,23.3,26.7,74,17.2,85,1012.7,0
2021-12-31,Can_Tho,30.7,22.9,26.2,69,12.8,60,1012.9,0
2021-01-01,Vinh_Long,28.5,21.9,24.6,67,13.1,97,1011.2,1
2021-01-02,Vinh_Long,27.2,21.8,23.8,71,11.9,88,1010.8,0
2021-01-03,Vinh_Long,29.6,21.8,25.0,77,9.2,89,1010.0,0
2021-01-04,Vinh_Long,30.8,22.2,25.9,84,8.6,70,1009.6,1
2021-01-05,Vinh_Long,29.6,23.5,26.0,83,17.4,75,1010.1,1
2021-01-06,Vinh_Long,30.3,22.9,26.2,82,11.6,75,1009.2,1
2021-01-07,Vinh_Long,31.5,23.9,26.8,74,13.1,47,1008.5,1
2021-01-08,Vinh_Long,30.9,23.0,26.3,79,11.3,94,1008.5,0
2021-01-09,Vinh_Long,29.5,22.5,25.4,75,13.3,72,1009.5,0
2021-01-10,Vinh_Long,29.0,22.1,24.9,77,9.1,87,1009.9,0
2021-01-11,Vinh_Long,30.0,21.8,25.2,77,10.3,79,1010.8,0
2021-01-12,Vinh_Long,29.1,21.4,24.5,69,13.7,51,1011.2,0
2021-01-13,Vinh_Long,26.9,19.6,22.9,72,9.3,45,1011.6,0
2021-01-14,Vinh_Long,28.7,18.7,23.3,75,14.3,84,1011.2,0
2021-01-15,Vinh_Long,29.1,19.5,24.0,77,14.6,41,1009.8,0
2021-01-16,Vinh_Long,29.5,20.6,24.5,77,15.4,61,1009.9,0
2021-01-17,Vinh_Long,30.0,21.5,25.0,75,16.8,47,1011.2,0
2021-01-18,Vinh_Long,29.5,21.0,24.3,67,12.7,66,1011.6,0
2021-01-19,Vinh_Long,28.0,19.9,23.4,74,8.7,97,1011.2,0
2021-01-20,Vinh_Long,30.0,19.6,25.1,72,10.1,86,1010.7,0
2021-01-21,Vinh_Long,30.5,21.6,25.7,78,10.6,82,1009.9,0
2021-01-22,Vinh_Long,28.9,22.6,25.4,84,11.1,60,1009.8,1
2021-01-23,Vinh_Long,30.5,22.6,25.6,83,10.4,68,1010.1,1
2021-01-24,Vinh_Long,30.2,22.9,25.9,78,13.2,62,1010.7,0
2021-01-25,Vinh_Long,29.7,22.4,25.7,80,12.2,66,1010.2,1
2021-01-26,Vinh_Long,30.5,21.8,26.0,75,13.5,72,1009.5,1
2021-01-27,Vinh_Long,31.6,22.2,26.5,72,18.8,87,1009.6,1
2021-01-28,Vinh_Long,31.0,22.8,26.3,76,15.5,88,1010.8,1
2021-01-29,Vinh_Long,30.2,22.3,25.6,73,13.7,92,1011.3,0
2021-01-30,Vinh_Long,30.7,20.8,25.1,72,13.8,93,1011.8,0
2021-01-31,Vinh_Long,31.4,21.4,25.8,73,11.7,77,1011.8,0
2021-02-01,Vinh_Long,30.6,22.4,26.1,73,15.1,62,1012.0,1
2021-02-02,Vinh_Long,30.6,22.2,25.9,71,13.8,49,1012.2,0
2021-02-03,Vinh_Long,31.4,20.9,25.4,74,15.1,66,1011.9,0
2021-02-04,Vinh_Long,31.5,21.5,26.0,72,11.7,71,1012.1,0
2021-02-05,Vinh_Long,30.4,22.0,26.1,75,9.4,56,1011.5,1
2021-02-06,Vinh_Long,30.3,22.0,26.2,74,13.8,68,1010.3,1
2021-02-07,Vinh_Long,30.1,23.1,26.3,73,14.2,88,1010.5,1
2021-02-08,Vinh_Long,31.4,23.2,27.0,71,13.5,42,1009.9,1
2021-02-09,Vinh_Long,32.5,22.6,27.2,68,14.2,26,1009.1,0
2021-02-10,Vinh_Long,30.5,23.2,26.4,81,11.2,68,1009.5,1
2021-02-11,Vinh_Long,29.6,23.4,25.8,82,10.9,67,1010.3,1
2021-02-12,Vinh_Long,31.0,22.1,25.9,75,14.3,41,1011.2,1
2021-02-13,Vinh_Long,29.7,21.6,25.1,77,14.8,50,1012.0,1
2021-02-14,Vinh_Long,29.8,20.8,24.9,73,16.1,43,1012.7,0
2021-02-15,Vinh_Long,29.5,20.0,24.6,74,13.8,25,1011.4,0
2021-02-16,Vinh_Long,28.8,20.9,24.6,74,15.2,53,1011.0,0
2021-02-17,Vinh_Long,30.2,21.8,25.2,70,18.7,55,1012.0,0
2021-02-18,Vinh_Long,30.7,21.5,25.4,68,12.1,46,1013.3,1
2021-02-19,Vinh_Long,30.5,19.6,25.2,69,15.6,13,1013.3,0
2021-02-20,Vinh_Long,31.0,21.2,25.4,65,16.6,39,1012.8,0
2021-02-21,Vinh_Long,30.7,20.4,24.9,70,14.3,51,1012.1,0
2021-02-22,Vinh_Long,31.0,20.6,25.2,70,15.9,61,1011.4,0
2021-02-23,Vinh_Long,32.0,20.2,25.5,71,13.2,73,1010.4,0
2021-02-24,Vinh_Long,30.6,21.7,26.0,71,12.6,62,1009.6,0
2021-02-25,Vinh_Long,31.1,21.2,26.2,75,11.3,76,1008.1,0
2021-02-26,Vinh_Long,32.1,22.9,27.2,76,9.8,73,1007.0,0
2021-02-27,Vinh_Long,33.3,23.0,27.6,74,13.1,12,1007.4,0
2021-02-28,Vinh_Long,30.6,22.7,26.4,80,16.9,38,1009.4,1
2021-03-01,Vinh_Long,32.0,24.4,27.5,77,14.4,76,1011.4,0
2021-03-02,Vinh_Long,33.2,24.8,27.8,75,16.4,72,1011.4,0
2021-03-03,Vinh_Long,32.6,24.5,27.8,68,22.7,24,1011.3,0
2021-03-04,Vinh_Long,33.3,24.5,27.9,66,20.2,2,1011.8,0
2021-03-05,Vinh_Long,32.7,23.1,26.9,70,19.2,6,1011.7,0
2021-03-06,Vinh_Long,33.5,21.9,27.2,69,15.0,25,1012.0,0
2021-03-07,Vinh_Long,33.0,24.0,27.4,71,19.6,49,1011.5,0
2021-03-08,Vinh_Long,33.0,23.8,27.6,67,19.8,53,1011.9,1
2021-03-09,Vinh_Long,32.3,23.9,27.8,65,16.3,33,1011.7,0
2021-03-10,Vinh_Long,33.2,23.7,27.9,65,15.2,25,1011.4,1
2021-03-11,Vinh_Long,32.7,25.1,28.1,67,18.5,39,1011.4,1
2021-03-12,Vinh_Long,33.6,24.4,28.1,63,16.8,25,1011.5,0
2021-03-13,Vinh_Long,34.0,24.5,28.3,63,16.4,28,1011.2,0
2021-03-14,Vinh_Long,33.4,22.9,27.5,69,16.6,43,1009.7,1
2021-03-15,Vinh_Long,32.3,22.6,27.1,72,18.5,42,1009.6,1
2021-03-16,Vinh_Long,33.0,23.4,27.2,71,16.9,80,1009.2,0
2021-03-17,Vinh_Long,33.0,22.0,27.1,70,15.8,80,1009.1,0
2021-03-18,Vinh_Long,32.5,22.4,27.3,73,15.0,78,1008.6,0
2021-03-19,Vinh_Long,34.1,23.4,28.2,73,15.7,54,1007.8,0
2021-03-20,Vinh_Long,33.8,24.6,28.4,73,15.5,60,1006.9,1
2021-03-21,Vinh_Long,34.7,24.9,28.8,72,17.9,62,1007.3,1
2021-03-22,Vinh_Long,34.8,24.8,29.0,67,18.9,57,1009.4,1
2021-03-23,Vinh_Long,35.3,24.4,29.4,64,14.7,83,1009.1,1
2021-03-24,Vinh_Long,33.8,25.9,29.2,66,23.7,88,1008.4,1
2021-03-25,Vinh_Long,33.8,25.9,28.9,67,18.1,95,1008.8,1
2021-03-26,Vinh_Long,33.6,25.4,28.7,69,21.9,91,1008.3,1
2021-03-27,Vinh_Long,33.8,25.4,28.8,71,19.8,72,1007.9,0
2021-03-28,Vinh_Long,34.3,25.5,29.1,70,14.1,35,1007.4,1
2021-03-29,Vinh_Long,34.6,25.5,29.1,69,15.1,43,1006.9,0
2021-03-30,Vinh_Long,33.5,24.3,29.0,70,9.0,38,1006.0,1
2021-03-31,Vinh_Long,35.7,24.8,29.8,66,11.3,57,1005.0,0
2021-04-01,Vinh_Long,35.0,25.0,29.7,66,10.7,44,1005.6,0
2021-04-02,Vinh_Long,35.3,26.7,29.8,71,12.9,60,1006.4,1
2021-04-03,Vinh_Long,31.5,24.5,27.6,83,13.1,72,1007.0,1
2021-04-04,Vinh_Long,31.9,25.5,27.8,81,14.1,71,1008.1,1
2021-04-05,Vinh_Long,33.3,24.6,28.3,75,20.7,72,1009.1,0
2021-04-06,Vinh_Long,33.0,25.9,28.6,69,22.4,68,1009.8,0
2021-04-07,Vinh_Long,33.0,24.9,28.5,70,15.2,46,1010.0,0
2021-04-08,Vinh_Long,31.1,24.5,27.7,78,11.6,52,1009.2,1
2021-04-09,Vinh_Long,31.2,24.4,26.9,88,14.5,60,1009.2,1
2021-04-10,Vinh_Long,32.2,24.6,27.9,76,16.6,58,1010.3,1
2021-04-11,Vinh_Long,32.2,25.1,28.1,77,18.1,52,1011.1,1
2021-04-12,Vinh_Long,32.0,25.8,28.4,77,16.2,22,1011.2,0
2021-04-13,Vinh_Long,32.5,25.1,28.1,81,12.2,44,1010.6,1
2021-04-14,Vinh_Long,31.8,24.4,27.8,82,9.9,57,1010.2,1
2021-04-15,Vinh_Long,31.9,24.0,27.3,85,9.2,80,1009.4,1
2021-04-16,Vinh_Long,32.5,23.7,26.7,89,16.7,82,1009.6,1
2021-04-17,Vinh_Long,31.4,24.2,27.4,85,8.3,91,1010.7,1
2021-04-18,Vinh_Long,29.7,24.0,26.2,89,13.0,89,1010.7,1
2021-04-19,Vinh_Long,31.0,23.5,26.3,89,12.7,66,1009.3,1
2021-04-20,Vinh_Long,32.0,24.4,27.4,85,10.4,67,1008.6,1
2021-04-21,Vinh_Long,32.2,24.8,27.6,85,10.2,93,1008.7,1
2021-04-22,Vinh_Long,30.3,25.2,27.0,87,9.7,97,1008.5,1
2021-04-23,Vinh_Long,30.5,24.5,26.4,91,10.9,94,1007.9,1
2021-04-24,Vinh_Long,31.9,24.8,27.1,86,12.2,74,1008.0,1
2021-04-25,Vinh_Long,30.8,24.3,27.1,88,12.1,70,1008.6,1
2021-04-26,Vinh_Long,32.6,24.5,27.7,84,12.0,67,1008.3,1
2021-04-27,Vinh_Long,31.2,24.6,26.9,88,9.4,90,1009.8,1
2021-04-28,Vinh_Long,29.5,24.4,26.6,89,10.9,93,1010.6,1
2021-04-29,Vinh_Long,31.5,23.9,27.1,86,12.4,45,1010.0,1
2021-04-30,Vinh_Long,30.4,24.4,27.4,84,13.7,54,1009.6,1
2021-05-01,Vinh_Long,29.6,24.9,27.1,88,13.4,80,1009.9,1
2021-05-02,Vinh_Long,32.0,25.2,28.3,83,14.4,34,1009.3,1
2021-05-03,Vinh_Long,32.9,24.8,28.3,79,17.8,47,1007.8,1
2021-05-04,Vinh_Long,33.5,25.0,28.9,78,13.4,38,1007.1,1
2021-05-05,Vinh_Long,33.1,26.5,29.5,75,17.7,69,1007.3,1
2021-05-06,Vinh_Long,31.3,25.6,27.9,86,17.7,96,1009.3,1
2021-05-07,Vinh_Long,31.2,25.1,27.7,83,11.8,99,1009.7,1
2021-05-08,Vinh_Long,31.1,25.5,28.0,84,16.1,90,1008.4,1
2021-05-09,Vinh_Long,31.7,25.0,28.0,84,13.3,67,1007.9,1
2021-05-10,Vinh_Long,32.3,24.7,28.4,81,9.2,31,1007.4,1
2021-05-11,Vinh_Long,33.0,24.6,28.7,80,7.6,41,1007.0,1
2021-05-12,Vinh_Long,33.4,25.0,28.8,81,8.7,44,1006.4,1
2021-05-13,Vinh_Long,33.3,25.7,29.3,78,8.9,60,1005.9,1
2021-05-14,Vinh_Long,32.4,25.8,28.3,84,11.9,76,1006.3,1
2021-05-15,Vinh_Long,32.3,25.5,27.8,87,15.0,97,1007.0,1
2021-05-16,Vinh_Long,32.7,25.7,28.5,84,13.7,45,1006.7,1
2021-05-17,Vinh_Long,32.7,25.5,27.8,88,11.8,88,1007.5,1
2021-05-18,Vinh_Long,32.0,24.5,27.1,89,10.2,85,1008.0,1
2021-05-19,Vinh_Long,32.7,24.4,27.7,85,9.9,88,1007.4,1
2021-05-20,Vinh_Long,32.5,24.8,27.9,85,13.6,76,1007.6,1
2021-05-21,Vinh_Long,31.1,25.1,27.3,89,14.1,96,1007.7,1
2021-05-22,Vinh_Long,28.1,25.4,26.5,91,19.3,99,1007.1,1
2021-05-23,Vinh_Long,30.2,25.7,27.3,88,18.2,97,1006.5,1
2021-05-24,Vinh_Long,28.3,25.8,26.8,89,14.8,100,1007.1,1
2021-05-25,Vinh_Long,28.6,24.8,26.5,92,15.7,98,1007.4,1
2021-05-26,Vinh_Long,27.8,24.6,25.9,93,15.1,100,1007.5,1
2021-05-27,Vinh_Long,28.2,25.1,26.1,95,12.0,94,1007.8,1
2021-05-28,Vinh_Long,31.5,24.5,27.2,88,10.2,45,1009.1,1
2021-05-29,Vinh_Long,31.9,24.7,27.6,85,10.5,44,1009.0,1
2021-05-30,Vinh_Long,32.5,24.9,28.2,83,10.6,28,1007.7,1
2021-05-31,Vinh_Long,32.7,25.6,28.7,83,14.6,28,1006.3,1
2021-06-01,Vinh_Long,32.3,26.0,28.6,85,11.5,68,1006.6,1
2021-06-02,Vinh_Long,32.2,25.8,28.2,86,11.2,76,1007.1,1
2021-06-03,Vinh_Long,32.3,25.6,28.5,84,13.0,61,1007.9,1
2021-06-04,Vinh_Long,33.2,25.5,29.1,82,14.0,59,1007.6,1
2021-06-05,Vinh_Long,31.8,25.8,28.1,85,18.9,83,1007.8,1
2021-06-06,Vinh_Long,31.0,25.3,27.6,86,17.5,98,1007.6,1
2021-06-07,Vinh_Long,30.9,25.2,27.2,86,18.7,97,1008.3,1
2021-06-08,Vinh_Long,28.0,24.9,26.2,93,15.0,99,1009.0,1
2021-06-09,Vinh_Long,31.0,25.0,27.0,89,15.5,84,1008.2,1
2021-06-10,Vinh_Long,30.0,25.0,26.3,91,22.5,93,1007.1,1
2021-06-11,Vinh_Long,30.2,24.0,26.7,88,17.8,97,1006.1,1
2021-06-12,Vinh_Long,29.2,24.1,26.6,88,16.1,100,1007.2,1
2021-06-13,Vinh_Long,29.4,25.1,26.8,86,19.0,91,1008.3,1
2021-06-14,Vinh_Long,31.9,24.8,27.6,84,14.6,60,1008.1,1
2021-06-15,Vinh_Long,30.0,24.9,27.0,87,15.5,71,1007.5,1
2021-06-16,Vinh_Long,31.2,25.0,27.2,86,16.1,88,1008.9,1
2021-06-17,Vinh_Long,32.6,24.9,28.0,81,15.3,67,1009.4,1
2021-06-18,Vinh_Long,31.7,24.8,27.7,84,14.8,84,1010.1,1
2021-06-19,Vinh_Long,31.6,25.2,28.1,81,15.5,69,1009.3,1
2021-06-20,Vinh_Long,31.7,25.5,27.5,84,19.3,73,1008.2,1
2021-06-21,Vinh_Long,31.1,24.8,27.1,85,20.2,54,1007.8,1
2021-06-22,Vinh_Long,29.6,24.3,26.7,89,16.1,68,1008.7,1
2021-06-23,Vinh_Long,29.7,24.5,26.8,87,18.5,49,1009.4,1
2021-06-24,Vinh_Long,31.4,24.6,27.6,83,17.1,43,1007.9,1
2021-06-25,Vinh_Long,31.4,25.3,27.9,81,17.0,61,1007.2,1
2021-06-26,Vinh_Long,32.0,24.8,27.7,82,12.1,70,1008.5,1
2021-06-27,Vinh_Long,32.4,24.5,28.0,81,11.0,27,1009.5,1
2021-06-28,Vinh_Long,32.4,24.9,28.0,83,13.2,48,1008.6,1
2021-06-29,Vinh_Long,32.5,25.1,28.3,82,18.9,45,1008.0,1
2021-06-30,Vinh_Long,31.5,25.2,27.7,84,12.9,80,1008.3,1
2021-07-01,Vinh_Long,32.5,24.8,27.9,84,16.3,38,1008.3,1
2021-07-02,Vinh_Long,32.8,24.1,28.2,81,12.0,15,1008.4,1
2021-07-03,Vinh_Long,33.2,25.0,28.7,81,14.7,40,1007.0,1
2021-07-04,Vinh_Long,31.5,26.0,28.6,82,12.7,79,1006.1,1
2021-07-05,Vinh_Long,30.5,25.0,26.9,89,17.9,91,1005.6,1
2021-07-06,Vinh_Long,28.4,25.0,26.0,94,16.8,99,1005.6,1
2021-07-07,Vinh_Long,29.1,24.4,25.8,92,16.7,98,1006.9,1
2021-07-08,Vinh_Long,27.8,24.0,25.4,94,15.3,98,1007.5,1
2021-07-09,Vinh_Long,26.5,23.9,24.9,96,10.8,99,1007.1,1
2021-07-10,Vinh_Long,30.0,24.0,26.2,90,9.5,91,1007.2,1
2021-07-11,Vinh_Long,30.5,23.5,26.7,88,8.9,80,1008.3,1
2021-07-12,Vinh_Long,30.5,24.0,26.5,90,10.1,89,1008.5,1
2021-07-13,Vinh_Long,29.9,24.3,26.5,90,13.0,96,1007.4,1
2021-07-14,Vinh_Long,30.7,23.9,26.2,89,10.3,98,1006.7,1
2021-07-15,Vinh_Long,28.0,23.9,25.5,94,15.2,100,1008.0,1
2021-07-16,Vinh_Long,31.1,24.5,27.3,83,12.5,83,1009.0,1
2021-07-17,Vinh_Long,31.8,24.5,27.8,82,15.9,58,1007.1,1
2021-07-18,Vinh_Long,29.8,25.9,26.9,87,22.9,98,1006.4,1
2021-07-19,Vinh_Long,29.0,25.4,26.7,88,20.3,94,1007.5,1
2021-07-20,Vinh_Long,30.8,25.1,27.3,86,18.7,80,1008.3,1
2021-07-21,Vinh_Long,29.0,25.1,26.8,88,20.5,70,1008.0,1
2021-07-22,Vinh_Long,30.4,25.5,27.5,85,17.8,90,1007.3,1
2021-07-23,Vinh_Long,30.0,25.5,27.3,87,16.9,96,1006.8,1
2021-07-24,Vinh_Long,30.5,26.1,28.2,80,22.6,94,1006.6,1
2021-07-25,Vinh_Long,30.0,24.9,27.2,87,21.8,75,1007.2,1
2021-07-26,Vinh_Long,30.9,25.5,27.7,84,21.5,63,1006.5,1
2021-07-27,Vinh_Long,30.9,25.5,27.8,83,20.5,51,1006.0,1
2021-07-28,Vinh_Long,28.2,26.0,27.1,86,20.0,84,1005.9,1
2021-07-29,Vinh_Long,27.9,24.7,26.1,92,19.3,98,1007.0,1
2021-07-30,Vinh_Long,29.0,24.6,26.3,91,21.1,92,1007.9,1
2021-07-31,Vinh_Long,30.6,25.1,27.2,86,19.3,92,1007.8,1
2021-08-01,Vinh_Long,30.4,25.3,27.5,83,22.8,81,1006.9,1
2021-08-02,Vinh_Long,30.5,25.7,27.6,83,24.2,72,1007.0,1
2021-08-03,Vinh_Long,30.8,26.5,28.0,80,26.0,78,1007.7,1
2021-08-04,Vinh_Long,31.2,25.9,27.8,82,21.1,95,1008.2,1
2021-08-05,Vinh_Long,30.7,25.1,27.5,85,20.5,86,1008.1,1
2021-08-06,Vinh_Long,31.2,25.4,27.9,83,19.1,84,1008.4,1
2021-08-07,Vinh_Long,31.4,25.5,28.0,82,18.1,77,1008.6,1
2021-08-08,Vinh_Long,31.5,25.9,28.3,81,19.6,90,1008.2,1
2021-08-09,Vinh_Long,31.8,26.2,28.5,80,17.3,73,1007.2,1
2021-08-10,Vinh_Long,31.0,25.8,27.4,88,16.1,79,1006.6,1
2021-08-11,Vinh_Long,31.4,25.2,27.1,89,16.6,89,1008.6,1
2021-08-12,Vinh_Long,28.9,24.9,26.6,91,17.7,93,1010.6,1
2021-08-13,Vinh_Long,30.0,24.8,26.5,87,18.4,98,1008.9,1
2021-08-14,Vinh_Long,29.6,25.0,27.0,84,13.2,99,1007.8,1
2021-08-15,Vinh_Long,29.5,24.2,26.7,84,9.0,98,1009.4,1
2021-08-16,Vinh_Long,32.2,23.9,27.7,83,6.5,43,1011.2,1
2021-08-17,Vinh_Long,31.3,24.3,27.1,89,6.5,83,1010.3,1
2021-08-18,Vinh_Long,31.1,24.5,27.0,88,9.4,95,1008.6,1
2021-08-19,Vinh_Long,30.5,24.4,26.9,87,12.5,89,1008.0,1
2021-08-20,Vinh_Long,31.3,24.1,26.6,89,10.4,83,1008.7,1
2021-08-21,Vinh_Long,31.9,23.2,27.0,85,12.2,17,1009.0,1
2021-08-22,Vinh_Long,30.6,24.1,27.2,85,17.1,74,1008.4,1
2021-08-23,Vinh_Long,29.9,24.6,26.5,88,16.6,94,1007.8,1
2021-08-24,Vinh_Long,30.0,24.5,26.1,91,17.2,94,1007.1,1
2021-08-25,Vinh_Long,27.0,23.5,24.6,95,14.2,99,1007.6,1
2021-08-26,Vinh_Long,27.9,23.3,24.9,96,12.0,95,1007.9,1
2021-08-27,Vinh_Long,29.5,23.1,25.9,91,10.5,95,1007.5,1
2021-08-28,Vinh_Long,30.1,23.6,26.1,90,11.3,95,1007.3,1
2021-08-29,Vinh_Long,30.0,24.1,26.4,90,7.9,96,1007.2,1
2021-08-30,Vinh_Long,30.2,24.0,26.0,92,7.2,96,1008.0,1
2021-08-31,Vinh_Long,31.0,23.8,26.2,90,14.0,95,1008.5,1
2021-09-01,Vinh_Long,30.5,24.2,26.6,90,10.5,94,1008.1,1
2021-09-02,Vinh_Long,29.3,24.0,26.0,91,10.7,97,1008.0,1
2021-09-03,Vinh_Long,29.2,23.6,26.2,87,18.8,98,1007.7,1
2021-09-04,Vinh_Long,28.8,24.0,26.1,85,20.3,97,1008.2,1
2021-09-05,Vinh_Long,29.4,24.0,25.7,91,14.4,91,1008.5,1
2021-09-06,Vinh_Long,30.2,23.8,26.2,89,15.2,84,1008.7,1
2021-09-07,Vinh_Long,29.8,24.7,26.5,88,17.4,97,1007.7,1
2021-09-08,Vinh_Long,30.0,24.2,26.4,88,19.6,92,1006.5,1
2021-09-09,Vinh_Long,30.1,24.0,26.1,89,19.6,99,1007.8,1
2021-09-10,Vinh_Long,29.9,24.4,26.5,88,19.9,98,1008.2,1
2021-09-11,Vinh_Long,31.0,25.0,27.0,86,23.8,100,1007.0,1
2021-09-12,Vinh_Long,31.1,26.0,28.2,77,27.4,97,1004.8,0
2021-09-13,Vinh_Long,29.6,25.0,26.9,88,19.2,98,1005.9,1
2021-09-14,Vinh_Long,29.7,24.5,25.8,93,15.9,99,1008.0,1
2021-09-15,Vinh_Long,30.5,23.6,25.7,92,12.2,95,1009.4,1
2021-09-16,Vinh_Long,30.5,23.0,26.8,83,10.1,91,1009.3,1
2021-09-17,Vinh_Long,31.9,24.5,27.2,87,6.5,87,1008.7,1
2021-09-18,Vinh_Long,30.4,24.6,26.9,91,7.8,81,1008.3,1
2021-09-19,Vinh_Long,26.0,24.1,24.9,98,9.1,99,1008.5,1
2021-09-20,Vinh_Long,29.3,23.3,25.6,90,17.6,95,1008.1,1
2021-09-21,Vinh_Long,29.4,23.6,26.1,88,16.1,76,1007.7,1
2021-09-22,Vinh_Long,30.4,23.9,26.2,90,17.6,72,1008.0,1
2021-09-23,Vinh_Long,30.1,24.8,26.5,91,14.0,99,1008.3,1
2021-09-24,Vinh_Long,30.2,24.4,26.1,91,18.7,98,1008.4,1
2021-09-25,Vinh_Long,29.2,24.2,26.4,88,15.9,92,1007.9,1
2021-09-26,Vinh_Long,30.6,23.8,26.4,90,7.9,92,1007.2,1
2021-09-27,Vinh_Long,30.4,24.0,26.5,91,12.0,69,1007.6,1
2021-09-28,Vinh_Long,31.1,24.2,27.1,89,11.4,67,1008.1,1
2021-09-29,Vinh_Long,32.0,24.5,27.2,89,9.0,38,1007.5,1
2021-09-30,Vinh_Long,30.5,24.4,26.6,91,10.8,88,1008.3,1
2021-10-01,Vinh_Long,31.3,24.2,26.8,88,12.8,90,1008.8,1
2021-10-02,Vinh_Long,29.9,24.0,26.1,90,13.7,94,1009.4,1
2021-10-03,Vinh_Long,28.2,23.9,25.6,93,5.8,88,1008.4,1
2021-10-04,Vinh_Long,30.5,24.0,26.5,90,9.5,96,1006.8,1
2021-10-05,Vinh_Long,30.9,24.1,26.2,91,6.2,94,1005.7,1
2021-10-06,Vinh_Long,28.5,23.6,25.7,91,13.0,100,1004.5,1
2021-10-07,Vinh_Long,28.8,24.0,25.9,92,17.8,100,1004.0,1
2021-10-08,Vinh_Long,29.2,24.3,26.2,90,21.6,100,1004.8,1
2021-10-09,Vinh_Long,30.0,24.8,26.7,89,21.7,98,1006.2,1
2021-10-10,Vinh_Long,31.9,25.1,27.9,81,20.2,74,1005.5,1
2021-10-11,Vinh_Long,29.5,25.1,26.5,90,15.8,99,1005.3,1
2021-10-12,Vinh_Long,28.5,24.0,26.0,87,22.5,98,1005.3,1
2021-10-13,Vinh_Long,30.0,24.8,26.5,86,20.4,100,1004.2,1
2021-10-14,Vinh_Long,30.1,24.8,27.3,84,20.6,100,1005.1,1
2021-10-15,Vinh_Long,31.6,24.4,26.5,90,17.3,96,1006.1,1
2021-10-16,Vinh_Long,27.9,24.5,25.9,95,9.9,100,1007.6,1
2021-10-17,Vinh_Long,29.5,24.5,25.9,91,9.7,100,1008.1,1
2021-10-18,Vinh_Long,31.5,23.7,26.8,85,12.7,89,1009.4,1
2021-10-19,Vinh_Long,31.1,24.4,27.2,87,10.7,75,1011.8,1
2021-10-20,Vinh_Long,27.6,23.5,25.4,94,10.6,95,1012.3,1
2021-10-21,Vinh_Long,30.6,23.6,26.0,88,11.3,97,1011.0,1
2021-10-22,Vinh_Long,29.4,23.5,25.8,91,11.9,100,1011.4,1
2021-10-23,Vinh_Long,30.6,23.6,25.7,91,12.6,88,1011.7,1
2021-10-24,Vinh_Long,30.9,23.1,26.1,87,9.0,87,1010.3,1
2021-10-25,Vinh_Long,31.1,23.6,26.6,88,10.0,95,1008.9,1
2021-10-26,Vinh_Long,30.9,24.5,27.4,81,12.0,100,1007.9,0
2021-10-27,Vinh_Long,28.6,24.8,26.5,85,9.0,100,1008.3,1
2021-10-28,Vinh_Long,31.2,23.8,27.1,82,13.0,78,1009.7,1
2021-10-29,Vinh_Long,31.0,24.4,26.8,87,13.9,72,1011.2,1
2021-10-30,Vinh_Long,30.9,24.6,26.6,88,15.6,97,1011.1,1
2021-10-31,Vinh_Long,29.6,23.5,26.3,89,12.2,97,1011.5,1
2021-11-01,Vinh_Long,31.2,24.1,27.3,84,16.2,73,1010.6,1
2021-11-02,Vinh_Long,31.6,23.1,27.0,81,13.3,73,1010.4,0
2021-11-03,Vinh_Long,31.4,24.0,27.6,79,13.4,97,1009.6,1
2021-11-04,Vinh_Long,29.7,24.8,27.1,83,18.2,89,1009.5,1
2021-11-05,Vinh_Long,31.3,24.7,27.0,86,14.9,95,1008.4,1
2021-11-06,Vinh_Long,30.6,24.6,26.5,89,16.6,76,1006.8,1
2021-11-07,Vinh_Long,30.9,24.1,26.9,86,15.0,76,1006.8,1
2021-11-08,Vinh_Long,29.6,24.4,26.7,88,18.7,82,1007.9,1
2021-11-09,Vinh_Long,30.2,23.8,26.4,88,14.6,95,1008.9,1
2021-11-10,Vinh_Long,31.0,23.5,26.1,88,16.8,96,1008.9,1
2021-11-11,Vinh_Long,26.7,23.1,24.6,96,10.7,100,1008.9,1
2021-11-12,Vinh_Long,29.5,23.4,26.3,86,16.6,98,1009.3,1
2021-11-13,Vinh_Long,30.0,23.4,25.9,89,16.8,84,1009.3,1
2021-11-14,Vinh_Long,28.4,23.0,25.3,92,11.6,99,1009.8,1
2021-11-15,Vinh_Long,28.2,23.4,24.9,93,17.0,99,1008.5,1
2021-11-16,Vinh_Long,27.5,23.2,24.7,95,13.1,100,1008.5,1
2021-11-17,Vinh_Long,29.9,24.2,25.9,90,15.3,86,1008.8,1
2021-11-18,Vinh_Long,30.4,24.0,25.8,89,12.5,93,1008.1,1
2021-11-19,Vinh_Long,30.4,24.0,26.6,85,9.7,78,1007.0,1
2021-11-20,Vinh_Long,29.2,23.6,25.8,92,7.7,91,1007.1,1
2021-11-21,Vinh_Long,31.2,23.4,26.7,87,16.3,100,1007.8,1
2021-11-22,Vinh_Long,28.0,24.1,25.7,90,18.2,99,1008.9,1
2021-11-23,Vinh_Long,30.8,23.9,26.3,89,10.2,94,1008.7,1
2021-11-24,Vinh_Long,30.3,23.5,26.4,87,11.1,82,1009.4,1
2021-11-25,Vinh_Long,30.1,23.6,26.2,88,9.3,97,1009.5,1
2021-11-26,Vinh_Long,30.0,23.7,26.4,82,9.1,99,1009.1,1
2021-11-27,Vinh_Long,27.6,23.4,25.0,84,15.8,100,1009.0,1
2021-11-28,Vinh_Long,28.8,23.0,25.1,88,17.7,100,1008.1,1
2021-11-29,Vinh_Long,28.0,23.5,24.6,95,15.5,100,1007.8,1
2021-11-30,Vinh_Long,26.2,23.1,24.3,97,17.2,98,1008.7,1
2021-12-01,Vinh_Long,28.6,23.0,25.5,86,10.2,99,1010.0,1
2021-12-02,Vinh_Long,29.3,21.9,25.3,80,7.7,93,1011.0,0
2021-12-03,Vinh_Long,29.0,22.0,24.9,79,10.6,91,1012.5,0
2021-12-04,Vinh_Long,27.0,21.7,23.9,78,9.9,93,1012.5,0
2021-12-05,Vinh_Long,28.3,18.9,23.7,73,9.7,72,1011.7,0
2021-12-06,Vinh_Long,29.2,21.2,25.1,76,12.3,52,1011.1,0
2021-12-07,Vinh_Long,29.5,21.6,25.2,82,9.0,96,1011.4,0
2021-12-08,Vinh_Long,29.5,21.7,25.4,81,7.6,65,1011.7,0
2021-12-09,Vinh_Long,29.7,23.5,25.6,87,9.8,66,1011.9,1
2021-12-10,Vinh_Long,30.0,22.3,25.7,80,12.1,62,1011.6,0
2021-12-11,Vinh_Long,28.3,21.3,25.0,83,8.7,57,1011.9,1
2021-12-12,Vinh_Long,30.5,21.5,25.8,80,8.6,74,1010.9,0
2021-12-13,Vinh_Long,30.2,22.9,26.1,78,13.1,79,1010.3,0
2021-12-14,Vinh_Long,30.0,23.1,26.4,76,10.6,85,1009.2,1
2021-12-15,Vinh_Long,31.0,23.0,26.3,82,11.2,78,1008.8,1
2021-12-16,Vinh_Long,31.0,24.2,27.0,80,12.8,65,1009.1,1
2021-12-17,Vinh_Long,30.7,24.4,27.0,80,11.6,92,1009.2,1
2021-12-18,Vinh_Long,31.2,23.1,26.8,75,14.8,84,1009.1,0
2021-12-19,Vinh_Long,28.8,23.3,25.4,63,17.4,100,1009.6,0
2021-12-20,Vinh_Long,28.2,22.5,24.8,77,9.0,94,1011.3,0
2021-12-21,Vinh_Long,30.5,21.2,25.7,79,11.0,45,1011.5,0
2021-12-22,Vinh_Long,29.4,23.7,26.2,82,14.1,79,1010.9,1
2021-12-23,Vinh_Long,30.1,23.4,26.4,77,19.6,78,1010.7,0
2021-12-24,Vinh_Long,30.5,23.4,26.3,75,15.3,53,1010.7,0
2021-12-25,Vinh_Long,31.1,23.0,26.6,75,16.3,45,1011.2,0
2021-12-26,Vinh_Long,31.4,23.1,26.9,76,10.3,47,1012.1,1
2021-12-27,Vinh_Long,31.0,22.8,25.9,84,11.4,68,1012.6,1
2021-12-28,Vinh_Long,31.0,23.0,25.7,86,14.8,57,1012.1,1
2021-12-29,Vinh_Long,30.5,23.4,26.4,80,23.3,82,1011.8,1
2021-12-30,Vinh_Long,31.8,23.2,26.8,72,15.7,84,1012.5,0
2021-12-31,Vinh_Long,31.1,23.0,26.4,67,12.5,53,1012.7,0
2021-01-01,Dong_Thap,29.1,22.0,25.4,56,15.8,98,1011.7,0
2021-01-02,Dong_Thap,29.2,22.2,25.0,59,15.0,79,1011.3,0
2021-01-03,Dong_Thap,30.5,22.5,25.7,64,10.2,83,1010.5,0
2021-01-04,Dong_Thap,32.2,22.4,27.1,73,8.0,70,1009.9,1
2021-01-05,Dong_Thap,30.9,23.8,27.0,75,16.3,80,1010.4,1
2021-01-06,Dong_Thap,31.4,22.5,26.5,75,10.2,79,1009.5,0
2021-01-07,Dong_Thap,32.2,24.2,27.5,71,12.1,55,1008.8,1
2021-01-08,Dong_Thap,31.8,22.5,26.9,74,9.3,92,1008.8,0
2021-01-09,Dong_Thap,31.2,22.5,26.3,63,12.1,72,1009.8,0
2021-01-10,Dong_Thap,31.6,21.5,25.8,67,14.4,83,1010.2,0
2021-01-11,Dong_Thap,31.1,21.4,25.9,69,8.8,75,1011.1,0
2021-01-12,Dong_Thap,30.2,21.6,25.0,56,18.0,50,1011.7,0
2021-01-13,Dong_Thap,27.8,19.2,23.2,61,10.9,33,1012.1,0
2021-01-14,Dong_Thap,29.4,19.3,24.0,62,11.1,70,1011.5,0
2021-01-15,Dong_Thap,30.9,20.1,24.7,72,14.5,37,1010.1,0
2021-01-16,Dong_Thap,30.5,20.4,25.3,71,15.3,53,1010.2,0
2021-01-17,Dong_Thap,31.1,21.1,25.8,70,13.0,62,1011.6,1
2021-01-18,Dong_Thap,31.0,21.6,25.5,55,16.3,61,1012.0,0
2021-01-19,Dong_Thap,28.5,19.6,23.9,62,10.9,97,1011.7,0
2021-01-20,Dong_Thap,31.1,20.9,25.9,64,9.0,84,1011.0,0
2021-01-21,Dong_Thap,31.4,21.9,26.3,72,10.0,82,1010.2,0
2021-01-22,Dong_Thap,30.2,23.0,25.5,85,14.7,74,1010.0,1
2021-01-23,Dong_Thap,30.8,23.0,25.9,83,9.7,74,1010.4,1
2021-01-24,Dong_Thap,30.9,22.4,26.3,78,13.9,66,1011.0,1
2021-01-25,Dong_Thap,31.2,22.0,26.3,78,12.3,69,1010.4,1
2021-01-26,Dong_Thap,31.0,22.1,26.6,73,13.5,67,1009.8,1
2021-01-27,Dong_Thap,31.6,22.3,26.7,72,14.5,89,1009.9,1
2021-01-28,Dong_Thap,32.8,22.0,27.0,73,16.9,88,1011.0,1
2021-01-29,Dong_Thap,31.4,22.5,26.5,68,12.5,91,1011.6,0
2021-01-30,Dong_Thap,30.6,20.5,25.5,66,11.7,84,1012.1,0
2021-01-31,Dong_Thap,31.3,21.0,26.1,70,11.9,71,1012.1,0
2021-02-01,Dong_Thap,32.0,22.2,26.7,70,15.0,53,1012.2,0
2021-02-02,Dong_Thap,30.9,21.7,26.1,71,15.3,45,1012.5,0
2021-02-03,Dong_Thap,32.2,21.0,26.1,70,16.7,61,1012.1,0
2021-02-04,Dong_Thap,32.2,21.0,26.3,72,11.1,77,1012.4,0
2021-02-05,Dong_Thap,31.5,22.3,26.7,72,11.7,51,1011.7,1
2021-02-06,Dong_Thap,31.1,22.1,26.3,77,10.5,70,1010.6,1
2021-02-07,Dong_Thap,30.9,22.4,26.6,73,11.2,81,1010.8,1
2021-02-08,Dong_Thap,31.9,23.4,26.4,79,10.0,55,1010.3,1
2021-02-09,Dong_Thap,31.6,21.9,26.6,75,12.0,40,1009.5,1
2021-02-10,Dong_Thap,30.0,23.1,25.9,85,10.7,79,1009.9,1
2021-02-11,Dong_Thap,29.0,23.5,25.6,86,10.9,71,1010.6,1
2021-02-12,Dong_Thap,29.7,21.7,25.5,79,14.9,31,1011.5,1
2021-02-13,Dong_Thap,29.5,21.5,25.2,78,15.1,49,1012.3,1
2021-02-14,Dong_Thap,29.9,20.9,25.0,74,15.6,40,1012.9,0
2021-02-15,Dong_Thap,29.5,20.2,24.7,75,16.6,32,1011.6,0
2021-02-16,Dong_Thap,29.1,20.0,24.6,76,15.1,58,1011.2,0
2021-02-17,Dong_Thap,30.9,21.0,25.4,71,18.4,38,1012.2,0
2021-02-18,Dong_Thap,29.4,19.5,24.6,73,12.5,50,1013.8,0
2021-02-19,Dong_Thap,29.9,19.9,24.7,69,18.6,19,1013.7,0
2021-02-20,Dong_Thap,30.4,19.7,24.8,69,13.9,20,1013.1,0
2021-02-21,Dong_Thap,30.4,19.4,24.9,72,16.1,46,1012.4,0
2021-02-22,Dong_Thap,30.7,19.1,25.0,70,14.5,57,1011.7,0
2021-02-23,Dong_Thap,31.0,19.9,25.5,72,15.2,77,1010.7,0
2021-02-24,Dong_Thap,31.2,21.9,26.3,71,13.4,45,1009.8,0
2021-02-25,Dong_Thap,31.2,22.1,26.4,76,11.0,76,1008.4,1
2021-02-26,Dong_Thap,32.2,23.0,27.2,78,13.5,73,1007.2,1
2021-02-27,Dong_Thap,32.5,23.2,27.7,74,13.2,18,1007.6,1
2021-02-28,Dong_Thap,31.8,22.8,26.9,78,14.7,31,1009.7,1
2021-03-01,Dong_Thap,32.7,24.5,27.9,75,15.9,74,1011.6,1
2021-03-02,Dong_Thap,33.5,24.4,28.3,72,15.2,64,1011.6,1
2021-03-03,Dong_Thap,33.6,23.9,28.1,67,17.1,27,1011.5,0
2021-03-04,Dong_Thap,34.5,23.5,28.3,64,18.2,5,1012.0,0
2021-03-05,Dong_Thap,33.9,22.5,27.4,67,17.9,2,1011.9,0
2021-03-06,Dong_Thap,34.2,21.6,27.4,68,13.9,21,1012.3,0
2021-03-07,Dong_Thap,33.3,23.7,27.7,70,17.1,43,1011.8,0
2021-03-08,Dong_Thap,34.0,23.2,28.0,65,17.7,35,1012.2,0
2021-03-09,Dong_Thap,32.4,23.1,27.8,65,15.4,26,1012.0,1
2021-03-10,Dong_Thap,33.3,22.6,28.1,62,17.8,29,1011.7,0
2021-03-11,Dong_Thap,33.3,24.3,28.4,66,18.6,47,1011.6,1
2021-03-12,Dong_Thap,33.8,24.0,28.5,60,15.8,21,1011.8,0
2021-03-13,Dong_Thap,33.3,23.0,28.4,62,15.2,28,1011.5,0
2021-03-14,Dong_Thap,33.3,22.6,27.8,68,15.8,35,1010.0,0
2021-03-15,Dong_Thap,32.8,22.5,27.6,69,16.3,33,1009.8,1
2021-03-16,Dong_Thap,33.0,22.9,27.6,69,16.1,72,1009.5,0
2021-03-17,Dong_Thap,33.0,22.8,27.8,67,13.0,83,1009.4,0
2021-03-18,Dong_Thap,32.8,22.9,27.8,70,14.2,80,1008.9,0
2021-03-19,Dong_Thap,35.3,23.5,29.0,68,14.1,58,1008.0,0
2021-03-20,Dong_Thap,34.0,24.9,29.1,70,13.8,63,1007.2,1
2021-03-21,Dong_Thap,34.8,25.0,29.5,69,18.4,58,1007.6,1
2021-03-22,Dong_Thap,35.3,25.0,29.6,64,20.8,59,1009.8,1
2021-03-23,Dong_Thap,35.6,25.5,30.2,57,12.4,79,1009.5,1
2021-03-24,Dong_Thap,35.3,25.5,29.4,65,20.4,89,1008.7,1
2021-03-25,Dong_Thap,33.8,25.8,28.9,68,18.6,87,1009.1,1
2021-03-26,Dong_Thap,35.0,25.2,29.4,65,18.5,92,1008.5,1
2021-03-27,Dong_Thap,35.0,25.1,29.3,68,19.5,68,1008.1,1
2021-03-28,Dong_Thap,35.4,25.9,29.7,66,14.3,41,1007.6,1
2021-03-29,Dong_Thap,35.2,25.4,29.5,66,13.7,43,1007.2,0
2021-03-30,Dong_Thap,34.2,24.7,29.3,70,12.3,38,1006.2,1
2021-03-31,Dong_Thap,35.8,24.9,29.9,65,12.6,50,1005.3,0
2021-04-01,Dong_Thap,35.0,25.1,29.8,68,13.7,35,1005.8,0
2021-04-02,Dong_Thap,35.5,26.6,29.9,72,18.1,45,1006.6,1
2021-04-03,Dong_Thap,31.9,24.5,27.9,81,13.4,71,1007.2,1
2021-04-04,Dong_Thap,30.5,25.5,27.3,85,10.2,74,1008.5,1
2021-04-05,Dong_Thap,32.6,23.5,28.0,77,14.5,62,1009.5,1
2021-04-06,Dong_Thap,32.8,25.2,28.4,70,22.3,42,1010.1,1
2021-04-07,Dong_Thap,32.5,24.3,28.4,72,14.3,40,1010.3,1
2021-04-08,Dong_Thap,31.0,24.5,27.9,77,12.2,50,1009.5,1
2021-04-09,Dong_Thap,31.8,25.2,27.3,82,13.6,72,1009.6,1
2021-04-10,Dong_Thap,32.5,24.5,28.2,74,16.2,66,1010.6,1
2021-04-11,Dong_Thap,32.7,24.9,28.6,73,17.7,54,1011.3,1
2021-04-12,Dong_Thap,32.9,25.1,28.5,75,17.6,26,1011.5,1
2021-04-13,Dong_Thap,33.1,24.5,28.0,80,11.6,50,1011.0,1
2021-04-14,Dong_Thap,32.7,24.8,27.8,82,9.2,70,1010.6,1
2021-04-15,Dong_Thap,31.8,24.0,27.4,85,10.4,85,1009.7,1
2021-04-16,Dong_Thap,31.6,24.1,26.7,88,9.4,83,1009.9,1
2021-04-17,Dong_Thap,32.2,24.2,27.4,86,10.0,88,1011.0,1
2021-04-18,Dong_Thap,30.0,24.3,26.2,90,11.5,89,1010.9,1
2021-04-19,Dong_Thap,30.8,24.0,26.7,88,13.5,61,1009.6,1
2021-04-20,Dong_Thap,31.5,24.6,27.7,84,10.5,70,1008.8,1
2021-04-21,Dong_Thap,32.1,25.0,27.9,84,13.3,95,1008.9,1
2021-04-22,Dong_Thap,30.1,25.5,27.1,87,12.4,96,1008.7,1
2021-04-23,Dong_Thap,30.9,24.6,26.6,90,18.6,96,1008.1,1
2021-04-24,Dong_Thap,31.9,24.8,27.3,85,12.7,76,1008.2,1
2021-04-25,Dong_Thap,31.0,24.5,27.4,86,15.0,77,1008.8,1
2021-04-26,Dong_Thap,32.2,25.0,27.9,84,13.0,71,1008.5,1
2021-04-27,Dong_Thap,31.0,24.8,27.0,88,12.7,90,1010.0,1
2021-04-28,Dong_Thap,30.1,24.2,26.7,88,14.2,95,1010.9,1
2021-04-29,Dong_Thap,31.4,24.1,27.4,84,13.6,51,1010.3,1
2021-04-30,Dong_Thap,30.7,24.7,27.6,84,12.0,62,1010.0,1
2021-05-01,Dong_Thap,30.6,24.7,27.2,87,11.4,73,1010.3,1
2021-05-02,Dong_Thap,32.1,24.8,28.1,82,13.0,44,1009.7,1
2021-05-03,Dong_Thap,33.0,24.9,28.5,78,14.7,59,1008.1,1
2021-05-04,Dong_Thap,33.5,24.0,28.9,76,14.4,35,1007.5,0
2021-05-05,Dong_Thap,34.2,25.6,29.6,74,15.9,74,1007.6,1
2021-05-06,Dong_Thap,32.2,25.8,28.2,82,17.6,97,1009.7,1
2021-05-07,Dong_Thap,31.7,25.0,28.2,80,11.1,99,1010.0,1
2021-05-08,Dong_Thap,32.0,25.2,28.5,81,14.3,97,1008.6,1
2021-05-09,Dong_Thap,32.0,25.4,28.0,85,8.8,86,1008.2,1
2021-05-10,Dong_Thap,32.7,25.0,28.4,83,10.2,39,1007.8,1
2021-05-11,Dong_Thap,33.2,24.6,28.9,79,8.4,46,1007.3,1
2021-05-12,Dong_Thap,34.0,25.1,29.2,79,9.9,60,1006.7,1
2021-05-13,Dong_Thap,33.2,25.9,28.9,82,10.3,68,1006.2,1
2021-05-14,Dong_Thap,33.3,25.6,28.4,84,14.8,73,1006.6,1
2021-05-15,Dong_Thap,32.2,26.0,27.9,86,15.0,97,1007.4,1
2021-05-16,Dong_Thap,33.4,25.0,28.4,85,10.9,46,1007.0,1
2021-05-17,Dong_Thap,31.9,25.8,27.9,87,10.5,94,1007.8,1
2021-05-18,Dong_Thap,31.8,24.6,27.4,85,9.7,90,1008.3,1
2021-05-19,Dong_Thap,32.5,24.4,27.7,86,11.7,88,1007.7,1
2021-05-20,Dong_Thap,32.2,24.5,27.8,86,15.0,78,1007.8,1
2021-05-21,Dong_Thap,31.5,25.9,28.0,85,15.1,97,1007.8,1
2021-05-22,Dong_Thap,30.1,25.6,27.2,88,18.8,99,1007.3,1
2021-05-23,Dong_Thap,30.4,25.8,27.8,85,18.7,95,1006.6,1
2021-05-24,Dong_Thap,28.4,25.9,26.9,89,16.0,100,1007.4,1
2021-05-25,Dong_Thap,29.5,25.1,26.7,91,15.6,98,1007.6,1
2021-05-26,Dong_Thap,28.5,25.0,26.3,91,15.3,99,1007.6,1
2021-05-27,Dong_Thap,29.0,25.2,26.4,91,14.3,93,1008.0,1
2021-05-28,Dong_Thap,31.4,24.6,27.1,88,14.5,55,1009.4,1
2021-05-29,Dong_Thap,31.6,24.7,27.8,86,16.1,42,1009.2,1
2021-05-30,Dong_Thap,32.1,25.3,28.3,85,11.7,39,1008.0,1
2021-05-31,Dong_Thap,33.0,26.1,28.8,84,15.2,32,1006.6,1
2021-06-01,Dong_Thap,33.0,26.3,29.0,84,12.4,70,1006.9,1
2021-06-02,Dong_Thap,32.0,26.2,28.6,85,12.7,75,1007.3,1
2021-06-03,Dong_Thap,33.0,25.9,28.6,85,15.3,73,1008.2,1
2021-06-04,Dong_Thap,33.0,25.4,29.3,80,13.6,69,1007.8,1
2021-06-05,Dong_Thap,31.1,26.4,28.3,85,20.5,83,1008.0,1
2021-06-06,Dong_Thap,31.1,25.7,28.1,84,19.3,98,1007.7,1
2021-06-07,Dong_Thap,30.1,25.9,27.4,86,20.8,98,1008.5,1
2021-06-08,Dong_Thap,27.6,25.4,26.2,93,18.5,94,1009.2,1
2021-06-09,Dong_Thap,30.1,25.3,27.0,89,17.1,90,1008.4,1
2021-06-10,Dong_Thap,29.8,25.3,26.7,89,18.8,96,1007.3,1
2021-06-11,Dong_Thap,30.8,25.0,27.0,87,20.2,97,1006.3,1
2021-06-12,Dong_Thap,29.9,24.9,26.9,85,16.9,100,1007.3,1
2021-06-13,Dong_Thap,29.5,25.3,26.9,85,21.3,88,1008.5,1
2021-06-14,Dong_Thap,31.0,25.0,27.5,85,21.5,56,1008.4,1
2021-06-15,Dong_Thap,30.5,25.1,27.3,86,14.3,74,1007.7,1
2021-06-16,Dong_Thap,30.5,25.1,27.6,84,19.2,92,1009.1,1
2021-06-17,Dong_Thap,32.7,25.0,28.3,80,16.5,70,1009.7,1
2021-06-18,Dong_Thap,32.3,25.3,28.1,82,16.6,81,1010.2,1
2021-06-19,Dong_Thap,32.4,25.5,28.3,81,16.8,74,1009.5,1
2021-06-20,Dong_Thap,31.9,26.0,28.1,81,18.4,55,1008.4,1
2021-06-21,Dong_Thap,30.7,25.5,27.4,85,20.6,55,1008.0,1
2021-06-22,Dong_Thap,29.9,24.8,27.2,85,19.5,67,1008.8,1
2021-06-23,Dong_Thap,30.1,25.0,27.3,85,18.7,52,1009.6,1
2021-06-24,Dong_Thap,31.6,24.9,27.9,81,17.9,41,1008.1,1
2021-06-25,Dong_Thap,31.7,25.4,28.3,80,18.1,55,1007.4,1
2021-06-26,Dong_Thap,32.2,25.0,28.0,81,14.2,60,1008.7,1
2021-06-27,Dong_Thap,33.0,24.9,28.6,77,15.1,25,1009.7,1
2021-06-28,Dong_Thap,32.8,25.2,28.6,79,14.4,56,1008.8,1
2021-06-29,Dong_Thap,33.5,25.5,28.8,81,19.7,51,1008.2,1
2021-06-30,Dong_Thap,31.9,25.4,28.0,83,18.4,74,1008.5,1
2021-07-01,Dong_Thap,33.0,25.2,28.9,78,15.4,40,1008.4,1
2021-07-02,Dong_Thap,33.5,24.8,28.7,78,13.9,15,1008.7,1
2021-07-03,Dong_Thap,34.8,25.5,29.5,77,14.5,40,1007.1,1
2021-07-04,Dong_Thap,32.3,26.6,29.4,78,16.3,84,1006.2,1
2021-07-05,Dong_Thap,31.5,25.6,27.7,85,19.2,86,1005.8,1
2021-07-06,Dong_Thap,27.9,25.4,26.3,92,18.2,99,1005.8,1
2021-07-07,Dong_Thap,30.1,24.6,26.4,89,20.0,99,1007.0,1
2021-07-08,Dong_Thap,28.0,24.1,25.6,92,17.0,98,1007.7,1
2021-07-09,Dong_Thap,26.4,23.4,24.7,95,12.1,100,1007.3,1
2021-07-10,Dong_Thap,30.5,24.0,26.4,88,9.7,93,1007.4,1
2021-07-11,Dong_Thap,30.5,23.9,27.1,87,11.2,76,1008.6,1
2021-07-12,Dong_Thap,30.8,24.1,26.9,88,11.2,88,1008.8,1
2021-07-13,Dong_Thap,30.5,24.5,27.0,87,9.9,98,1007.7,1
2021-07-14,Dong_Thap,30.5,24.0,26.4,88,12.0,97,1007.0,1
2021-07-15,Dong_Thap,28.6,24.2,26.0,92,14.1,100,1008.3,1
2021-07-16,Dong_Thap,31.8,24.8,27.9,81,11.2,84,1009.3,1
2021-07-17,Dong_Thap,31.9,25.0,27.9,81,17.1,61,1007.4,1
2021-07-18,Dong_Thap,29.9,26.0,27.1,87,20.8,97,1006.6,1
2021-07-19,Dong_Thap,29.1,25.3,27.0,85,18.2,95,1007.7,1
2021-07-20,Dong_Thap,30.8,25.8,27.8,82,18.7,79,1008.5,1
2021-07-21,Dong_Thap,28.7,25.1,27.1,86,21.0,70,1008.1,1
2021-07-22,Dong_Thap,30.6,25.2,27.5,84,20.0,88,1007.5,1
2021-07-23,Dong_Thap,29.5,25.9,27.6,84,22.7,95,1007.1,1
2021-07-24,Dong_Thap,31.1,26.5,28.5,79,23.7,98,1006.8,1
2021-07-25,Dong_Thap,30.0,25.7,27.4,85,24.4,81,1007.4,1
2021-07-26,Dong_Thap,31.0,25.7,27.8,83,22.9,58,1006.7,1
2021-07-27,Dong_Thap,31.8,25.6,28.2,81,24.9,56,1006.2,1
2021-07-28,Dong_Thap,29.3,26.5,27.5,84,23.8,88,1006.1,1
2021-07-29,Dong_Thap,28.5,25.4,26.7,88,21.1,96,1007.1,1
2021-07-30,Dong_Thap,29.6,25.0,26.8,88,23.3,90,1007.9,1
2021-07-31,Dong_Thap,31.5,25.8,27.7,83,20.5,93,1008.0,1
2021-08-01,Dong_Thap,31.5,25.4,27.9,82,23.8,81,1007.0,1
2021-08-02,Dong_Thap,30.5,26.0,28.0,81,24.4,65,1007.2,1
2021-08-03,Dong_Thap,31.2,26.5,28.3,79,27.6,91,1007.9,1
2021-08-04,Dong_Thap,31.5,26.1,28.2,80,24.1,96,1008.4,1
2021-08-05,Dong_Thap,31.0,25.1,27.7,84,20.0,91,1008.3,1
2021-08-06,Dong_Thap,31.6,25.5,28.2,80,21.3,88,1008.5,1
2021-08-07,Dong_Thap,31.9,25.9,28.3,80,19.5,82,1008.8,1
2021-08-08,Dong_Thap,32.2,26.0,28.7,79,21.1,97,1008.4,1
2021-08-09,Dong_Thap,32.6,26.5,28.9,79,18.0,76,1007.4,1
2021-08-10,Dong_Thap,31.6,26.1,27.7,86,18.6,79,1006.8,1
2021-08-11,Dong_Thap,32.0,25.1,27.3,87,17.1,84,1008.8,1
2021-08-12,Dong_Thap,29.6,24.6,26.9,86,14.1,92,1010.8,1
2021-08-13,Dong_Thap,30.2,25.4,27.0,86,14.6,97,1009.1,1
2021-08-14,Dong_Thap,30.2,25.2,27.4,83,15.9,99,1008.0,1
2021-08-15,Dong_Thap,29.3,24.6,26.5,85,9.5,97,1009.8,1
2021-08-16,Dong_Thap,32.7,23.8,27.7,83,7.2,45,1011.5,1
2021-08-17,Dong_Thap,31.8,24.0,27.2,85,6.5,90,1010.7,1
2021-08-18,Dong_Thap,31.0,24.5,26.9,87,8.6,96,1008.9,1
2021-08-19,Dong_Thap,31.0,24.2,27.3,85,10.5,86,1008.3,1
2021-08-20,Dong_Thap,31.1,24.5,26.9,87,10.4,86,1009.0,1
2021-08-21,Dong_Thap,32.2,23.5,27.4,84,11.3,34,1009.2,1
2021-08-22,Dong_Thap,31.5,24.4,27.6,83,19.5,83,1008.6,1
2021-08-23,Dong_Thap,30.2,25.0,27.0,85,19.3,95,1008.0,1
2021-08-24,Dong_Thap,30.4,24.6,26.5,89,17.6,86,1007.2,1
2021-08-25,Dong_Thap,25.7,24.0,24.8,96,15.5,99,1007.8,1
2021-08-26,Dong_Thap,26.5,23.9,25.1,94,12.6,98,1008.1,1
2021-08-27,Dong_Thap,30.2,24.0,26.5,88,13.6,96,1007.7,1
2021-08-28,Dong_Thap,29.8,23.9,26.4,87,8.7,95,1007.6,1
2021-08-29,Dong_Thap,30.3,24.1,26.6,88,9.3,97,1007.5,1
2021-08-30,Dong_Thap,31.0,24.2,26.5,89,7.9,94,1008.2,1
2021-08-31,Dong_Thap,31.4,23.9,26.8,87,15.8,94,1008.7,1
2021-09-01,Dong_Thap,30.4,24.5,26.8,89,11.6,97,1008.4,1
2021-09-02,Dong_Thap,30.4,24.4,26.7,88,17.3,98,1008.2,1
2021-09-03,Dong_Thap,30.1,24.0,26.7,85,17.1,97,1007.9,1
2021-09-04,Dong_Thap,29.9,24.8,26.6,84,20.5,99,1008.4,1
2021-09-05,Dong_Thap,29.5,24.9,26.4,86,14.5,96,1008.8,1
2021-09-06,Dong_Thap,31.0,24.7,26.7,86,14.7,90,1008.9,1
2021-09-07,Dong_Thap,30.4,24.6,26.7,86,18.9,96,1008.0,1
2021-09-08,Dong_Thap,30.7,24.6,26.7,86,21.5,94,1006.6,1
2021-09-09,Dong_Thap,30.0,24.4,26.3,88,22.7,98,1007.9,1
2021-09-10,Dong_Thap,29.8,24.6,26.7,87,21.0,99,1008.5,1
2021-09-11,Dong_Thap,31.4,25.1,27.1,85,22.0,100,1007.3,1
2021-09-12,Dong_Thap,31.0,26.0,28.2,76,23.1,97,1005.1,1
2021-09-13,Dong_Thap,31.3,25.8,27.4,84,16.0,95,1006.0,1
2021-09-14,Dong_Thap,31.4,24.8,26.5,90,16.8,99,1008.1,1
2021-09-15,Dong_Thap,30.1,23.6,26.1,89,15.7,95,1009.6,1
2021-09-16,Dong_Thap,31.6,23.0,27.3,79,7.5,92,1009.5,1
2021-09-17,Dong_Thap,32.2,24.4,27.5,85,6.3,87,1009.0,1
2021-09-18,Dong_Thap,31.0,24.7,27.3,88,12.4,85,1008.6,1
2021-09-19,Dong_Thap,27.9,24.0,25.3,94,8.3,99,1008.8,1
2021-09-20,Dong_Thap,28.6,23.4,25.7,89,19.5,96,1008.3,1
2021-09-21,Dong_Thap,29.7,24.0,26.5,86,15.0,86,1007.9,1
2021-09-22,Dong_Thap,30.1,24.1,26.5,87,16.4,82,1008.3,1
2021-09-23,Dong_Thap,29.5,24.5,26.7,89,11.3,98,1008.6,1
2021-09-24,Dong_Thap,29.9,24.8,26.3,90,16.9,99,1008.6,1
2021-09-25,Dong_Thap,29.1,24.5,26.4,88,18.4,96,1008.2,1
2021-09-26,Dong_Thap,30.7,24.2,26.8,87,6.9,95,1007.5,1
2021-09-27,Dong_Thap,31.4,24.0,27.1,86,15.6,68,1007.9,1
2021-09-28,Dong_Thap,31.0,24.5,27.2,87,11.3,75,1008.4,1
2021-09-29,Dong_Thap,31.4,24.2,27.1,86,6.5,47,1007.8,1
2021-09-30,Dong_Thap,31.0,24.5,26.8,89,14.2,89,1008.6,1
2021-10-01,Dong_Thap,31.6,24.5,27.0,87,10.3,95,1009.1,1
2021-10-02,Dong_Thap,29.1,24.1,26.2,89,16.9,94,1009.7,1
2021-10-03,Dong_Thap,28.6,24.1,25.8,91,7.2,91,1008.7,1
2021-10-04,Dong_Thap,31.0,23.9,26.9,87,11.0,89,1007.1,1
2021-10-05,Dong_Thap,31.6,24.0,26.5,88,11.2,95,1006.0,1
2021-10-06,Dong_Thap,28.9,23.9,26.1,89,11.3,100,1004.7,1
2021-10-07,Dong_Thap,28.2,24.0,25.9,91,14.8,100,1004.3,1
2021-10-08,Dong_Thap,29.4,24.5,26.4,90,21.3,100,1005.0,1
2021-10-09,Dong_Thap,29.5,25.0,26.8,87,22.9,98,1006.4,1
2021-10-10,Dong_Thap,32.0,25.3,28.2,80,21.2,70,1005.7,1
2021-10-11,Dong_Thap,29.6,25.6,26.9,88,19.2,99,1005.5,1
2021-10-12,Dong_Thap,28.1,24.5,26.2,87,21.2,98,1005.5,1
2021-10-13,Dong_Thap,31.4,25.1,26.7,86,24.6,100,1004.4,1
2021-10-14,Dong_Thap,30.5,25.0,27.5,83,23.8,100,1005.3,1
2021-10-15,Dong_Thap,31.6,24.9,27.1,87,20.6,96,1006.4,1
2021-10-16,Dong_Thap,29.0,24.1,26.3,91,10.7,100,1007.9,1
2021-10-17,Dong_Thap,29.1,24.1,25.6,91,12.6,100,1008.4,1
2021-10-18,Dong_Thap,31.6,22.6,27.0,81,14.1,90,1009.7,1
2021-10-19,Dong_Thap,31.9,23.7,27.4,85,11.3,78,1012.2,1
2021-10-20,Dong_Thap,29.0,23.9,25.7,91,10.7,87,1012.7,1
2021-10-21,Dong_Thap,31.6,23.7,26.4,85,13.6,99,1011.4,1
2021-10-22,Dong_Thap,31.0,22.8,26.0,89,12.3,88,1011.7,1
2021-10-23,Dong_Thap,31.1,23.5,25.9,89,17.9,88,1012.1,1
2021-10-24,Dong_Thap,31.9,23.2,26.3,86,10.2,75,1010.7,1
2021-10-25,Dong_Thap,31.4,23.4,27.2,82,14.8,95,1009.3,1
2021-10-26,Dong_Thap,32.0,24.5,27.9,73,14.1,99,1008.4,0
2021-10-27,Dong_Thap,29.9,24.9,27.0,79,9.5,100,1008.6,1
2021-10-28,Dong_Thap,32.0,23.4,27.1,81,15.5,74,1010.0,1
2021-10-29,Dong_Thap,32.3,24.0,27.1,85,12.6,73,1011.5,1
2021-10-30,Dong_Thap,31.7,23.9,26.8,86,14.3,89,1011.5,1
2021-10-31,Dong_Thap,30.2,23.7,26.4,88,15.8,84,1011.9,1
2021-11-01,Dong_Thap,32.1,23.5,26.9,84,12.3,69,1011.0,1
2021-11-02,Dong_Thap,32.0,22.9,27.0,79,13.0,77,1010.8,1
2021-11-03,Dong_Thap,31.8,22.8,26.9,83,11.7,97,1010.0,1
2021-11-04,Dong_Thap,31.4,23.5,27.3,81,17.4,80,1009.9,1
2021-11-05,Dong_Thap,32.2,24.0,27.4,83,11.3,93,1008.8,1
2021-11-06,Dong_Thap,31.5,24.0,26.9,86,17.1,78,1007.2,1
2021-11-07,Dong_Thap,31.5,23.9,27.1,84,11.1,79,1007.1,1
2021-11-08,Dong_Thap,30.8,24.2,26.8,85,21.1,87,1008.3,1
2021-11-09,Dong_Thap,31.5,23.5,26.4,87,15.2,91,1009.3,1
2021-11-10,Dong_Thap,31.5,24.2,26.8,82,17.2,93,1009.2,1
2021-11-11,Dong_Thap,28.6,23.4,25.2,89,10.5,100,1009.3,1
2021-11-12,Dong_Thap,30.2,23.2,25.6,88,13.5,99,1009.9,1
2021-11-13,Dong_Thap,30.8,22.6,25.7,88,18.0,91,1009.8,1
2021-11-14,Dong_Thap,29.2,23.8,25.4,90,10.0,99,1010.2,1
2021-11-15,Dong_Thap,29.9,23.1,25.6,91,17.3,100,1008.9,1
2021-11-16,Dong_Thap,28.8,23.7,25.1,93,16.6,100,1008.8,1
2021-11-17,Dong_Thap,30.9,22.9,25.9,89,16.1,83,1009.2,1
2021-11-18,Dong_Thap,31.1,23.7,25.8,90,14.0,99,1008.4,1
2021-11-19,Dong_Thap,30.9,23.4,26.8,85,9.1,71,1007.4,1
2021-11-20,Dong_Thap,30.4,24.0,26.3,89,8.1,95,1007.4,1
2021-11-21,Dong_Thap,31.5,23.5,26.8,85,14.5,100,1008.2,1
2021-11-22,Dong_Thap,28.8,24.4,25.9,88,22.2,98,1009.3,1
2021-11-23,Dong_Thap,31.0,23.0,26.2,87,13.8,100,1009.1,1
2021-11-24,Dong_Thap,31.3,23.0,26.4,84,13.9,91,1009.9,1
2021-11-25,Dong_Thap,31.2,23.5,26.5,85,12.4,95,1009.9,1
2021-11-26,Dong_Thap,30.6,23.3,26.6,76,10.5,93,1009.5,1
2021-11-27,Dong_Thap,27.8,23.4,25.1,80,21.0,100,1009.5,1
2021-11-28,Dong_Thap,29.6,23.2,25.4,84,23.2,100,1008.6,1
2021-11-29,Dong_Thap,28.7,23.5,25.0,91,14.1,100,1008.2,1
2021-11-30,Dong_Thap,28.0,23.1,24.6,93,17.3,100,1009.1,1
2021-12-01,Dong_Thap,29.5,22.6,25.6,81,13.0,90,1010.4,1
2021-12-02,Dong_Thap,29.5,21.5,25.3,73,11.6,85,1011.4,0
2021-12-03,Dong_Thap,28.8,21.3,24.7,72,12.8,87,1013.0,0
2021-12-04,Dong_Thap,27.8,20.7,23.6,68,13.4,97,1013.0,0
2021-12-05,Dong_Thap,28.7,17.7,23.4,69,12.6,80,1012.3,0
2021-12-06,Dong_Thap,29.6,21.2,25.0,73,15.2,57,1011.5,0
2021-12-07,Dong_Thap,29.3,21.4,25.2,75,12.1,97,1011.9,0
2021-12-08,Dong_Thap,29.8,20.7,25.5,71,11.7,65,1012.1,0
2021-12-09,Dong_Thap,30.7,23.9,25.8,82,13.7,76,1012.3,1
2021-12-10,Dong_Thap,30.4,22.0,25.9,71,13.2,57,1012.0,0
2021-12-11,Dong_Thap,28.8,19.7,24.7,77,7.4,75,1012.3,0
2021-12-12,Dong_Thap,30.4,21.8,26.0,73,9.4,62,1011.4,1
2021-12-13,Dong_Thap,30.7,23.2,26.9,64,19.4,75,1010.8,0
2021-12-14,Dong_Thap,31.1,23.2,27.0,67,10.9,72,1009.6,1
2021-12-15,Dong_Thap,31.9,23.2,27.2,72,11.5,75,1009.1,0
2021-12-16,Dong_Thap,31.8,23.7,27.4,79,13.2,70,1009.5,1
2021-12-17,Dong_Thap,32.3,23.5,27.4,77,10.5,95,1009.5,1
2021-12-18,Dong_Thap,32.2,22.8,27.4,68,18.7,84,1009.5,0
2021-12-19,Dong_Thap,28.8,23.4,25.9,57,19.5,100,1010.1,0
2021-12-20,Dong_Thap,29.9,22.9,25.5,68,11.4,91,1011.7,0
2021-12-21,Dong_Thap,31.1,20.6,26.3,73,10.8,44,1011.8,0
2021-12-22,Dong_Thap,30.6,23.4,26.1,84,13.7,86,1011.3,1
2021-12-23,Dong_Thap,31.4,22.6,26.4,77,17.1,76,1011.0,1
2021-12-24,Dong_Thap,31.4,22.4,26.6,74,12.4,56,1011.0,0
2021-12-25,Dong_Thap,32.4,22.5,26.9,73,12.7,42,1011.6,1
2021-12-26,Dong_Thap,31.4,22.3,26.9,76,9.1,41,1012.5,1
2021-12-27,Dong_Thap,30.9,22.9,26.4,80,14.8,55,1013.0,1
2021-12-28,Dong_Thap,31.5,22.6,25.7,86,16.7,64,1012.6,1
2021-12-29,Dong_Thap,31.2,23.1,26.6,77,22.6,80,1012.3,1
2021-12-30,Dong_Thap,32.6,23.4,27.4,63,18.2,85,1012.9,1
2021-12-31,Dong_Thap,32.2,23.4,27.2,59,16.3,65,1013.0,0
2021-01-01,Ca_Mau,27.9,21.8,24.4,77,15.3,90,1010.8,0
2021-01-02,Ca_Mau,27.8,22.0,24.5,72,13.3,87,1010.6,1
2021-01-03,Ca_Mau,28.8,21.1,24.8,77,19.8,94,1009.9,1
2021-01-04,Ca_Mau,29.4,23.2,25.9,82,16.6,77,1009.5,1
2021-01-05,Ca_Mau,27.6,23.6,25.3,85,24.9,90,1009.9,1
2021-01-06,Ca_Mau,28.5,22.8,25.5,80,16.1,75,1009.2,1
2021-01-07,Ca_Mau,30.2,24.5,26.5,72,21.3,62,1008.4,1
2021-01-08,Ca_Mau,30.5,23.2,26.1,74,17.6,97,1008.2,1
2021-01-09,Ca_Mau,29.4,23.4,25.6,75,17.1,80,1009.2,1
2021-01-10,Ca_Mau,29.5,22.4,25.3,76,19.5,73,1009.6,0
2021-01-11,Ca_Mau,29.5,21.6,25.2,78,14.7,80,1010.6,1
2021-01-12,Ca_Mau,27.2,21.6,24.0,78,15.6,81,1011.0,0
2021-01-13,Ca_Mau,26.5,19.8,22.8,78,15.3,68,1011.5,0
2021-01-14,Ca_Mau,29.1,18.7,23.4,76,18.6,93,1011.1,0
2021-01-15,Ca_Mau,28.8,20.2,23.8,79,17.6,45,1009.7,0
2021-01-16,Ca_Mau,29.7,20.5,24.4,78,15.5,52,1009.9,0
2021-01-17,Ca_Mau,28.9,21.9,24.9,77,16.2,57,1011.1,1
2021-01-18,Ca_Mau,28.9,20.2,23.9,75,13.5,76,1011.6,0
2021-01-19,Ca_Mau,28.6,20.1,24.2,78,8.1,96,1011.0,0
2021-01-20,Ca_Mau,29.5,20.6,24.9,78,13.8,98,1010.8,1
2021-01-21,Ca_Mau,29.4,21.8,25.3,80,8.4,82,1010.1,1
2021-01-22,Ca_Mau,28.8,22.4,24.3,90,13.0,76,1010.0,1
2021-01-23,Ca_Mau,29.4,22.0,25.3,82,14.3,61,1010.1,1
2021-01-24,Ca_Mau,29.8,23.4,25.8,76,17.2,51,1010.6,0
2021-01-25,Ca_Mau,28.8,22.5,25.3,80,15.6,70,1010.2,1
2021-01-26,Ca_Mau,30.8,21.2,25.6,75,18.1,71,1009.4,0
2021-01-27,Ca_Mau,30.8,23.5,26.4,75,25.7,85,1009.6,1
2021-01-28,Ca_Mau,29.2,23.1,25.7,78,17.1,89,1010.9,1
2021-01-29,Ca_Mau,30.5,22.4,25.5,70,17.7,93,1011.1,0
2021-01-30,Ca_Mau,30.9,21.5,25.3,69,19.8,91,1011.6,0
2021-01-31,Ca_Mau,30.2,23.0,26.3,69,17.3,83,1011.6,0
2021-02-01,Ca_Mau,31.2,23.0,26.2,72,15.5,95,1011.9,1
2021-02-02,Ca_Mau,29.4,22.3,25.4,76,15.2,53,1012.3,1
2021-02-03,Ca_Mau,30.3,21.9,25.2,75,20.1,56,1011.9,1
2021-02-04,Ca_Mau,31.2,22.5,26.1,67,15.2,60,1012.1,0
2021-02-05,Ca_Mau,29.9,23.2,26.0,73,13.0,75,1011.5,1
2021-02-06,Ca_Mau,30.7,22.3,26.0,72,13.8,66,1010.3,1
2021-02-07,Ca_Mau,30.1,22.0,25.9,76,17.8,78,1010.6,1
2021-02-08,Ca_Mau,31.1,23.4,26.5,73,23.9,50,1010.0,1
2021-02-09,Ca_Mau,31.1,22.9,26.4,75,19.9,24,1009.3,0
2021-02-10,Ca_Mau,30.0,22.3,25.9,81,14.6,68,1009.3,1
2021-02-11,Ca_Mau,30.2,23.7,25.9,81,14.3,78,1010.1,1
2021-02-12,Ca_Mau,29.9,22.5,25.7,78,13.3,36,1011.2,1
2021-02-13,Ca_Mau,28.0,22.4,24.9,78,13.7,47,1012.0,1
2021-02-14,Ca_Mau,29.5,22.4,25.1,74,18.5,49,1012.4,1
2021-02-15,Ca_Mau,30.0,21.2,24.8,75,18.6,28,1011.2,0
2021-02-16,Ca_Mau,28.4,20.8,24.4,76,17.1,53,1010.9,1
2021-02-17,Ca_Mau,30.2,21.5,25.0,72,22.6,58,1011.8,0
2021-02-18,Ca_Mau,31.6,22.5,25.8,64,23.6,41,1013.1,0
2021-02-19,Ca_Mau,30.7,21.7,25.6,67,27.4,31,1013.1,1
2021-02-20,Ca_Mau,30.8,22.8,25.6,64,24.7,27,1012.7,0
2021-02-21,Ca_Mau,31.5,20.8,25.2,71,20.8,36,1012.0,0
2021-02-22,Ca_Mau,31.2,20.5,25.0,74,14.4,84,1011.4,1
2021-02-23,Ca_Mau,31.1,20.6,25.3,75,11.9,79,1010.4,1
2021-02-24,Ca_Mau,31.9,22.7,26.4,69,12.1,66,1009.6,0
2021-02-25,Ca_Mau,33.2,21.1,26.5,75,14.2,61,1008.2,1
2021-02-26,Ca_Mau,31.9,22.6,26.8,78,12.6,62,1007.1,1
2021-02-27,Ca_Mau,33.0,22.2,27.2,76,9.8,24,1007.4,1
2021-02-28,Ca_Mau,32.7,23.8,27.4,75,15.5,29,1009.1,1
2021-03-01,Ca_Mau,33.0,24.5,27.7,76,17.0,62,1011.2,1
2021-03-02,Ca_Mau,33.4,24.3,27.9,75,17.6,78,1011.1,1
2021-03-03,Ca_Mau,32.8,24.7,27.8,69,24.6,26,1011.2,0
2021-03-04,Ca_Mau,33.3,23.9,27.7,71,26.2,7,1011.5,0
2021-03-05,Ca_Mau,32.5,23.8,27.2,71,22.7,33,1011.5,0
2021-03-06,Ca_Mau,33.8,23.4,27.6,70,17.5,27,1011.7,0
2021-03-07,Ca_Mau,32.9,23.1,27.0,74,20.4,51,1011.4,0
2021-03-08,Ca_Mau,33.5,23.7,27.6,70,21.9,79,1011.8,1
2021-03-09,Ca_Mau,32.8,24.2,27.5,70,22.3,44,1011.6,1
2021-03-10,Ca_Mau,33.1,23.3,27.6,71,18.8,29,1011.4,1
2021-03-11,Ca_Mau,33.3,24.6,27.9,72,21.7,52,1011.2,1
2021-03-12,Ca_Mau,33.5,24.1,27.8,68,20.9,21,1011.5,1
2021-03-13,Ca_Mau,33.5,23.6,27.7,69,19.0,36,1011.2,1
2021-03-14,Ca_Mau,32.2,22.8,27.1,72,21.9,44,1009.9,1
2021-03-15,Ca_Mau,32.5,23.1,27.1,70,20.0,48,1009.5,0
2021-03-16,Ca_Mau,33.2,22.2,26.9,71,17.1,90,1009.2,1
2021-03-17,Ca_Mau,33.2,21.8,26.9,70,16.5,92,1009.0,0
2021-03-18,Ca_Mau,33.3,22.9,27.4,71,17.4,86,1008.6,0
2021-03-19,Ca_Mau,33.6,22.1,27.7,73,16.8,60,1007.9,0
2021-03-20,Ca_Mau,34.0,24.1,28.5,73,16.6,69,1006.8,1
2021-03-21,Ca_Mau,35.2,24.5,28.9,74,12.2,66,1007.1,1
2021-03-22,Ca_Mau,35.5,25.0,29.2,66,29.2,65,1009.3,1
2021-03-23,Ca_Mau,35.0,25.8,29.8,61,25.3,86,1009.0,0
2021-03-24,Ca_Mau,34.6,26.8,29.3,63,26.5,74,1008.2,1
2021-03-25,Ca_Mau,34.0,25.8,28.8,69,23.9,91,1008.6,1
2021-03-26,Ca_Mau,34.1,25.8,28.9,70,23.3,98,1008.1,0
2021-03-27,Ca_Mau,32.7,25.8,28.6,74,25.0,75,1007.8,1
2021-03-28,Ca_Mau,33.6,25.5,28.8,74,14.5,31,1007.4,1
2021-03-29,Ca_Mau,34.7,24.2,28.8,72,11.4,42,1006.9,1
2021-03-30,Ca_Mau,35.9,23.4,28.8,70,11.2,40,1006.0,0
2021-03-31,Ca_Mau,36.5,24.1,29.2,69,12.3,58,1005.2,1
2021-04-01,Ca_Mau,35.7,24.8,29.5,69,10.9,57,1005.7,1
2021-04-02,Ca_Mau,35.7,25.1,29.8,71,17.2,63,1006.4,1
2021-04-03,Ca_Mau,33.8,26.6,29.1,77,14.3,75,1006.5,1
2021-04-04,Ca_Mau,31.9,25.9,28.0,79,14.6,71,1007.9,1
2021-04-05,Ca_Mau,32.5,24.6,28.2,77,24.0,65,1008.8,1
2021-04-06,Ca_Mau,33.3,25.7,28.8,71,23.1,44,1009.5,1
2021-04-07,Ca_Mau,33.5,24.6,28.6,71,18.1,41,1009.9,1
2021-04-08,Ca_Mau,32.1,24.4,28.0,77,10.5,43,1009.0,1
2021-04-09,Ca_Mau,34.0,24.4,27.1,85,13.4,58,1009.2,1
2021-04-10,Ca_Mau,32.7,23.9,27.9,78,15.9,35,1010.0,1
2021-04-11,Ca_Mau,32.3,24.9,28.2,76,20.0,43,1010.7,1
2021-04-12,Ca_Mau,33.0,25.2,28.5,76,20.0,29,1010.9,1
2021-04-13,Ca_Mau,33.2,25.0,28.5,77,15.3,38,1010.4,1
2021-04-14,Ca_Mau,32.7,25.0,27.8,82,10.0,72,1010.1,1
2021-04-15,Ca_Mau,33.0,24.4,27.3,83,6.5,64,1009.3,1
2021-04-16,Ca_Mau,32.1,24.6,26.8,86,12.5,66,1009.4,1
2021-04-17,Ca_Mau,32.2,23.8,27.1,82,9.0,87,1010.6,1
2021-04-18,Ca_Mau,31.4,24.0,26.5,86,14.8,83,1010.5,1
2021-04-19,Ca_Mau,30.9,24.1,27.0,85,15.8,74,1009.3,1
2021-04-20,Ca_Mau,32.2,24.8,28.1,79,13.0,69,1008.6,1
2021-04-21,Ca_Mau,32.0,25.5,28.2,80,12.4,73,1008.6,1
2021-04-22,Ca_Mau,31.5,25.3,27.7,83,11.9,99,1008.5,1
2021-04-23,Ca_Mau,30.1,24.6,26.4,90,13.6,97,1008.1,1
2021-04-24,Ca_Mau,32.2,24.9,27.1,87,20.1,86,1008.1,1
2021-04-25,Ca_Mau,31.4,25.0,27.9,82,15.5,71,1008.5,1
2021-04-26,Ca_Mau,32.2,25.0,28.0,83,12.9,58,1008.3,1
2021-04-27,Ca_Mau,30.4,24.5,26.8,87,10.6,86,1009.6,1
2021-04-28,Ca_Mau,30.5,23.8,26.8,86,13.2,96,1010.3,1
2021-04-29,Ca_Mau,31.9,24.1,27.6,81,15.6,67,1009.8,1
2021-04-30,Ca_Mau,31.5,24.3,27.6,82,14.5,53,1009.4,1
2021-05-01,Ca_Mau,31.1,24.7,27.8,80,16.3,67,1009.5,1
2021-05-02,Ca_Mau,32.8,25.0,28.5,80,18.6,38,1009.0,1
2021-05-03,Ca_Mau,33.4,24.7,28.6,76,19.0,35,1007.5,0
2021-05-04,Ca_Mau,33.0,25.3,28.3,81,16.1,69,1007.0,1
2021-05-05,Ca_Mau,33.0,25.5,28.8,79,18.7,85,1007.2,1
2021-05-06,Ca_Mau,31.6,25.4,27.6,85,22.5,97,1009.2,1
2021-05-07,Ca_Mau,31.0,24.7,27.7,82,20.9,98,1009.4,1
2021-05-08,Ca_Mau,30.9,25.2,27.7,83,18.4,99,1008.3,1
2021-05-09,Ca_Mau,32.8,25.3,28.3,82,10.1,64,1007.6,1
2021-05-10,Ca_Mau,32.7,25.1,28.6,82,12.0,33,1007.3,1
2021-05-11,Ca_Mau,33.2,24.5,28.6,81,10.3,67,1006.8,1
2021-05-12,Ca_Mau,33.4,24.8,28.5,81,9.8,48,1006.3,1
2021-05-13,Ca_Mau,33.4,24.8,28.7,78,8.7,40,1005.7,1
2021-05-14,Ca_Mau,33.0,25.5,28.5,82,11.1,54,1006.0,1
2021-05-15,Ca_Mau,32.2,25.2,28.1,84,14.6,95,1006.8,1
2021-05-16,Ca_Mau,32.2,25.0,28.3,84,13.9,55,1006.5,1
2021-05-17,Ca_Mau,33.2,25.4,28.2,84,11.2,78,1007.3,1
2021-05-18,Ca_Mau,32.2,24.9,27.2,88,12.0,96,1008.0,1
2021-05-19,Ca_Mau,31.5,24.5,27.3,88,7.1,83,1007.4,1
2021-05-20,Ca_Mau,31.0,24.8,27.5,85,14.3,87,1007.7,1
2021-05-21,Ca_Mau,30.3,24.9,27.9,83,19.1,96,1008.0,1
2021-05-22,Ca_Mau,27.5,25.5,26.5,91,16.9,99,1007.6,1
2021-05-23,Ca_Mau,29.4,25.0,27.2,87,20.0,99,1007.1,1
2021-05-24,Ca_Mau,29.4,25.6,27.2,86,20.2,99,1007.5,1
2021-05-25,Ca_Mau,31.1,25.4,27.6,85,16.6,92,1007.6,1
2021-05-26,Ca_Mau,28.1,24.8,26.2,93,15.2,100,1007.8,1
2021-05-27,Ca_Mau,28.6,25.5,26.5,89,13.4,98,1008.1,1
2021-05-28,Ca_Mau,31.1,24.7,27.1,88,11.7,86,1009.1,1
2021-05-29,Ca_Mau,31.8,24.5,27.8,82,9.7,57,1008.9,1
2021-05-30,Ca_Mau,32.5,25.4,28.1,83,10.8,52,1007.7,1
2021-05-31,Ca_Mau,32.8,25.5,28.8,82,12.4,33,1006.4,1
2021-06-01,Ca_Mau,32.9,25.4,28.8,83,12.0,49,1006.8,1
2021-06-02,Ca_Mau,32.5,25.9,28.4,84,9.2,77,1007.2,1
2021-06-03,Ca_Mau,32.0,25.9,28.3,85,14.1,65,1008.0,1
2021-06-04,Ca_Mau,32.7,25.5,28.9,81,13.2,59,1007.8,1
2021-06-05,Ca_Mau,31.1,25.4,27.6,87,20.4,79,1008.3,1
2021-06-06,Ca_Mau,30.0,25.4,27.4,87,16.4,99,1008.0,1
2021-06-07,Ca_Mau,30.9,25.2,27.7,82,19.9,97,1008.6,1
2021-06-08,Ca_Mau,28.4,25.4,26.6,89,14.6,98,1009.1,1
2021-06-09,Ca_Mau,31.0,24.7,27.2,86,19.5,85,1008.3,1
2021-06-10,Ca_Mau,29.6,25.5,26.4,90,17.3,96,1007.5,1
2021-06-11,Ca_Mau,31.1,25.1,27.0,85,19.4,90,1006.6,1
2021-06-12,Ca_Mau,31.2,25.6,27.7,82,21.8,100,1007.4,1
2021-06-13,Ca_Mau,29.8,24.9,27.1,86,16.6,89,1008.6,1
2021-06-14,Ca_Mau,32.1,25.4,28.2,80,16.8,52,1008.1,1
2021-06-15,Ca_Mau,30.1,25.1,27.1,87,14.8,58,1007.8,1
2021-06-16,Ca_Mau,29.2,24.8,27.0,87,13.4,60,1009.1,1
2021-06-17,Ca_Mau,31.1,24.5,27.1,86,13.6,59,1009.7,1
2021-06-18,Ca_Mau,31.4,24.1,27.6,82,15.9,85,1010.4,1
2021-06-19,Ca_Mau,30.2,24.6,27.3,85,13.9,84,1009.7,1
2021-06-20,Ca_Mau,31.0,25.1,27.2,85,18.7,92,1008.8,1
2021-06-21,Ca_Mau,30.8,24.8,27.1,85,21.3,74,1008.3,1
2021-06-22,Ca_Mau,31.3,24.9,26.9,88,19.4,69,1008.9,1
2021-06-23,Ca_Mau,29.9,24.4,26.8,88,18.8,61,1009.7,1
2021-06-24,Ca_Mau,31.2,24.9,27.9,79,20.2,56,1008.3,1
2021-06-25,Ca_Mau,30.5,25.9,27.9,81,18.1,62,1007.6,1
2021-06-26,Ca_Mau,30.8,25.1,27.6,82,11.3,74,1008.5,1
2021-06-27,Ca_Mau,32.2,24.5,27.8,82,13.3,31,1009.6,1
2021-06-28,Ca_Mau,31.7,24.8,28.0,82,12.6,43,1008.8,1
2021-06-29,Ca_Mau,30.9,25.0,28.0,82,14.0,37,1008.3,1
2021-06-30,Ca_Mau,31.2,25.1,27.4,85,15.4,80,1008.5,1
2021-07-01,Ca_Mau,31.7,24.4,27.9,82,10.9,41,1008.4,1
2021-07-02,Ca_Mau,31.5,24.5,27.8,83,13.7,34,1008.6,1
2021-07-03,Ca_Mau,32.2,24.1,28.1,83,16.7,33,1007.3,1
2021-07-04,Ca_Mau,32.3,26.0,28.7,80,15.2,82,1006.4,1
2021-07-05,Ca_Mau,29.0,25.8,26.9,88,20.4,94,1006.1,1
2021-07-06,Ca_Mau,29.5,25.0,26.6,89,20.4,98,1006.0,1
2021-07-07,Ca_Mau,27.1,24.0,25.6,94,18.3,97,1007.3,1
2021-07-08,Ca_Mau,30.4,24.5,26.0,90,14.4,96,1007.8,1
2021-07-09,Ca_Mau,27.2,24.0,25.4,94,11.6,98,1007.1,1
2021-07-10,Ca_Mau,31.0,24.0,26.2,89,10.3,97,1006.9,1
2021-07-11,Ca_Mau,30.5,24.0,26.9,87,14.3,91,1008.2,1
2021-07-12,Ca_Mau,30.3,24.0,26.4,88,11.3,88,1008.5,1
2021-07-13,Ca_Mau,30.4,23.2,26.3,89,8.8,96,1007.3,1
2021-07-14,Ca_Mau,29.5,24.0,26.1,89,13.8,97,1006.8,1
2021-07-15,Ca_Mau,28.5,24.2,26.0,91,16.5,100,1008.0,1
2021-07-16,Ca_Mau,31.6,24.5,27.4,83,14.2,87,1009.1,1
2021-07-17,Ca_Mau,31.9,24.4,27.9,80,16.5,47,1007.4,1
2021-07-18,Ca_Mau,30.0,26.0,27.3,86,19.2,98,1006.7,1
2021-07-19,Ca_Mau,30.0,25.4,27.5,84,17.2,96,1007.7,1
2021-07-20,Ca_Mau,31.2,25.4,27.9,83,18.8,68,1008.4,1
2021-07-21,Ca_Mau,30.1,25.2,27.3,88,22.1,61,1008.2,1
2021-07-22,Ca_Mau,31.5,26.0,28.3,81,18.8,87,1007.5,1
2021-07-23,Ca_Mau,31.4,26.0,28.5,80,21.3,88,1007.1,1
2021-07-24,Ca_Mau,31.1,25.9,28.5,79,24.4,96,1007.2,1
2021-07-25,Ca_Mau,30.4,25.5,27.7,86,19.1,77,1007.7,1
2021-07-26,Ca_Mau,30.7,25.2,28.0,83,23.0,74,1007.0,1
2021-07-27,Ca_Mau,31.1,25.1,28.2,82,23.0,37,1006.6,1
2021-07-28,Ca_Mau,29.8,25.8,27.9,82,24.3,81,1006.3,1
2021-07-29,Ca_Mau,29.0,24.9,26.7,89,24.0,98,1007.6,1
2021-07-30,Ca_Mau,28.2,25.2,26.2,91,20.7,97,1008.5,1
2021-07-31,Ca_Mau,31.8,25.8,28.0,81,23.7,81,1008.3,1
2021-08-01,Ca_Mau,29.8,25.1,27.2,86,23.2,78,1007.6,1
2021-08-02,Ca_Mau,29.5,25.1,27.2,84,22.7,84,1007.8,1
2021-08-03,Ca_Mau,30.5,26.6,28.1,80,23.7,69,1008.3,1
2021-08-04,Ca_Mau,31.1,25.8,28.3,80,24.6,93,1008.8,1
2021-08-05,Ca_Mau,29.7,25.5,27.9,83,24.4,81,1008.6,1
2021-08-06,Ca_Mau,31.7,26.1,28.5,78,22.5,73,1008.7,1
2021-08-07,Ca_Mau,31.0,25.6,27.9,82,18.6,67,1009.1,1
2021-08-08,Ca_Mau,31.1,26.3,28.3,81,22.0,84,1008.8,1
2021-08-09,Ca_Mau,31.5,26.4,28.6,79,20.9,70,1007.7,1
2021-08-10,Ca_Mau,30.7,25.8,27.5,86,15.3,80,1006.9,1
2021-08-11,Ca_Mau,31.1,24.9,27.0,88,17.1,91,1008.7,1
2021-08-12,Ca_Mau,30.1,24.5,26.9,88,11.3,95,1010.7,1
2021-08-13,Ca_Mau,30.4,25.2,26.8,88,18.6,96,1009.0,1
2021-08-14,Ca_Mau,29.6,25.1,27.0,85,13.9,98,1008.0,1
2021-08-15,Ca_Mau,30.0,24.9,26.6,88,12.0,92,1009.4,1
2021-08-16,Ca_Mau,31.3,24.1,26.9,88,14.1,50,1011.3,1
2021-08-17,Ca_Mau,31.4,24.0,26.7,88,11.8,71,1010.2,1
2021-08-18,Ca_Mau,31.0,24.4,26.7,88,10.9,95,1008.6,1
2021-08-19,Ca_Mau,28.9,24.2,26.3,89,12.8,96,1008.2,1
2021-08-20,Ca_Mau,29.8,24.2,26.4,89,10.1,96,1008.8,1
2021-08-21,Ca_Mau,31.5,23.5,26.9,85,15.9,41,1008.9,1
2021-08-22,Ca_Mau,29.9,23.8,26.7,86,17.6,65,1008.7,1
2021-08-23,Ca_Mau,28.2,24.5,26.2,89,18.2,96,1008.1,1
2021-08-24,Ca_Mau,29.5,25.0,26.3,89,19.1,97,1007.4,1
2021-08-25,Ca_Mau,26.2,24.2,25.2,93,15.6,100,1007.7,1
2021-08-26,Ca_Mau,26.6,24.0,25.0,94,18.5,99,1008.0,1
2021-08-27,Ca_Mau,30.4,23.5,26.5,86,14.1,97,1007.4,1
2021-08-28,Ca_Mau,29.6,23.6,26.2,88,9.5,98,1007.2,1
2021-08-29,Ca_Mau,29.1,24.1,26.4,88,7.7,98,1007.2,1
2021-08-30,Ca_Mau,28.5,24.7,26.2,88,10.1,97,1007.9,1
2021-08-31,Ca_Mau,30.5,23.8,26.1,88,15.5,94,1008.5,1
2021-09-01,Ca_Mau,29.8,24.0,26.7,85,13.3,93,1008.2,1
2021-09-02,Ca_Mau,30.6,23.8,26.3,88,16.6,97,1008.2,1
2021-09-03,Ca_Mau,27.8,24.1,25.8,87,21.8,98,1008.2,1
2021-09-04,Ca_Mau,28.5,24.1,26.2,86,18.0,93,1008.6,1
2021-09-05,Ca_Mau,28.9,24.2,26.3,87,17.3,85,1008.6,1
2021-09-06,Ca_Mau,30.7,23.8,27.0,82,16.1,86,1008.8,1
2021-09-07,Ca_Mau,29.2,25.3,26.8,84,17.7,96,1008.2,1
2021-09-08,Ca_Mau,29.5,24.8,26.6,87,20.3,96,1007.0,1
2021-09-09,Ca_Mau,29.9,24.5,26.3,89,21.8,97,1007.9,1
2021-09-10,Ca_Mau,29.5,24.5,26.6,88,20.1,92,1008.7,1
2021-09-11,Ca_Mau,29.4,25.0,26.9,85,23.3,100,1007.8,1
2021-09-12,Ca_Mau,29.0,25.8,27.2,84,24.8,96,1005.9,1
2021-09-13,Ca_Mau,27.1,24.8,25.7,91,19.8,100,1007.0,1
2021-09-14,Ca_Mau,26.5,24.5,25.2,93,15.2,100,1008.7,1
2021-09-15,Ca_Mau,29.4,24.0,26.3,85,16.0,95,1009.5,1
2021-09-16,Ca_Mau,31.4,23.5,26.7,82,11.3,94,1009.2,1
2021-09-17,Ca_Mau,31.0,24.4,26.8,85,9.3,81,1008.6,1
2021-09-18,Ca_Mau,31.8,23.0,26.4,88,14.6,83,1008.2,1
2021-09-19,Ca_Mau,28.0,24.0,25.9,92,13.9,92,1008.7,1
2021-09-20,Ca_Mau,29.5,24.4,26.2,89,20.9,92,1008.1,1
2021-09-21,Ca_Mau,29.4,24.5,26.0,89,15.7,96,1007.8,1
2021-09-22,Ca_Mau,29.2,24.2,26.5,88,17.9,76,1008.0,1
2021-09-23,Ca_Mau,30.8,24.8,27.1,85,17.3,98,1008.3,1
2021-09-24,Ca_Mau,29.5,24.5,26.2,90,17.7,95,1008.5,1
2021-09-25,Ca_Mau,28.0,24.1,25.8,90,17.3,89,1008.1,1
2021-09-26,Ca_Mau,30.8,23.7,26.5,88,11.4,96,1007.0,1
2021-09-27,Ca_Mau,31.1,23.6,26.7,88,16.5,60,1007.4,1
2021-09-28,Ca_Mau,31.1,24.1,26.7,88,8.5,71,1007.9,1
2021-09-29,Ca_Mau,31.1,23.4,26.6,88,11.6,66,1007.4,1
2021-09-30,Ca_Mau,31.5,23.9,26.7,88,8.0,74,1008.1,1
2021-10-01,Ca_Mau,31.9,24.5,26.5,89,13.0,87,1008.8,1
2021-10-02,Ca_Mau,27.9,24.0,25.6,91,17.2,98,1009.5,1
2021-10-03,Ca_Mau,28.5,23.2,25.6,90,10.3,94,1008.4,1
2021-10-04,Ca_Mau,29.5,23.6,26.5,89,12.4,92,1006.9,1
2021-10-05,Ca_Mau,27.6,24.3,25.7,92,14.2,98,1005.8,1
2021-10-06,Ca_Mau,28.0,24.1,25.7,91,16.5,100,1004.8,1
2021-10-07,Ca_Mau,28.0,24.6,26.3,87,24.9,99,1004.6,1
2021-10-08,Ca_Mau,30.2,24.9,26.9,85,26.8,100,1005.4,1
2021-10-09,Ca_Mau,31.0,25.2,27.8,81,27.4,87,1006.5,1
2021-10-10,Ca_Mau,31.0,26.2,28.2,80,22.4,67,1006.0,1
2021-10-11,Ca_Mau,29.3,26.6,27.6,82,19.6,99,1005.5,1
2021-10-12,Ca_Mau,28.6,24.5,26.6,81,24.5,97,1005.9,1
2021-10-13,Ca_Mau,30.9,26.4,28.2,76,25.1,100,1004.6,1
2021-10-14,Ca_Mau,31.6,25.7,28.2,79,23.2,99,1005.3,1
2021-10-15,Ca_Mau,30.5,24.5,26.3,90,10.9,100,1006.0,1
2021-10-16,Ca_Mau,30.6,24.1,26.4,89,10.0,100,1007.5,1
2021-10-17,Ca_Mau,28.5,24.4,25.6,92,16.6,100,1008.2,1
2021-10-18,Ca_Mau,31.5,23.4,26.7,85,9.0,90,1009.1,1
2021-10-19,Ca_Mau,31.9,23.5,26.6,86,12.7,81,1011.6,1
2021-10-20,Ca_Mau,29.1,23.9,25.8,89,13.0,94,1012.0,1
2021-10-21,Ca_Mau,30.6,23.5,25.8,89,17.1,100,1011.0,1
2021-10-22,Ca_Mau,30.6,22.9,26.1,89,10.4,98,1011.1,1
2021-10-23,Ca_Mau,30.3,23.4,25.7,90,13.4,85,1011.4,1
2021-10-24,Ca_Mau,31.0,22.3,25.9,86,11.1,91,1010.2,1
2021-10-25,Ca_Mau,31.0,23.5,26.0,88,12.7,91,1008.9,1
2021-10-26,Ca_Mau,31.2,23.6,27.4,83,11.0,100,1008.0,0
2021-10-27,Ca_Mau,30.7,23.5,26.9,86,10.5,100,1008.4,1
2021-10-28,Ca_Mau,31.6,24.9,27.5,81,13.0,93,1009.4,1
2021-10-29,Ca_Mau,30.5,23.9,27.1,84,19.0,98,1010.8,1
2021-10-30,Ca_Mau,30.3,24.3,26.4,88,17.2,98,1010.9,1
2021-10-31,Ca_Mau,29.1,23.7,26.2,86,16.3,83,1011.2,1
2021-11-01,Ca_Mau,31.5,23.8,26.8,85,18.8,84,1010.4,1
2021-11-02,Ca_Mau,31.5,24.2,27.4,81,17.0,70,1010.0,1
2021-11-03,Ca_Mau,30.4,24.1,26.4,85,18.2,94,1009.5,1
2021-11-04,Ca_Mau,30.3,24.3,27.0,83,20.1,92,1009.1,1
2021-11-05,Ca_Mau,31.7,24.2,27.0,84,17.7,82,1008.2,1
2021-11-06,Ca_Mau,30.0,24.5,26.6,87,17.6,93,1006.6,1
2021-11-07,Ca_Mau,31.6,24.2,27.4,83,16.2,83,1006.4,1
2021-11-08,Ca_Mau,30.4,24.9,26.9,85,19.4,87,1007.5,1
2021-11-09,Ca_Mau,29.3,24.5,26.0,89,13.8,100,1008.7,1
2021-11-10,Ca_Mau,30.1,23.6,25.4,90,17.8,97,1008.8,1
2021-11-11,Ca_Mau,25.6,23.0,24.4,94,17.9,100,1008.5,1
2021-11-12,Ca_Mau,27.2,23.6,24.8,92,17.0,100,1009.1,1
2021-11-13,Ca_Mau,29.6,23.6,25.4,90,20.5,99,1009.1,1
2021-11-14,Ca_Mau,27.9,23.0,24.6,92,15.3,99,1009.5,1
2021-11-15,Ca_Mau,29.2,23.1,25.1,90,15.5,100,1008.2,1
2021-11-16,Ca_Mau,27.4,23.0,25.1,91,17.7,100,1007.9,1
2021-11-17,Ca_Mau,29.5,23.7,25.6,90,18.4,98,1008.5,1
2021-11-18,Ca_Mau,29.0,23.1,25.6,89,17.4,96,1007.8,1
2021-11-19,Ca_Mau,30.1,23.1,26.2,86,16.7,68,1006.8,1
2021-11-20,Ca_Mau,31.1,23.5,25.7,89,11.3,95,1006.9,1
2021-11-21,Ca_Mau,30.5,23.4,25.8,89,19.6,100,1007.7,1
2021-11-22,Ca_Mau,29.4,24.0,25.9,88,22.9,100,1008.3,1
2021-11-23,Ca_Mau,30.6,23.8,26.9,81,25.3,69,1008.2,1
2021-11-24,Ca_Mau,30.0,24.2,26.2,84,15.6,94,1009.3,1
2021-11-25,Ca_Mau,30.0,23.5,25.9,84,20.9,94,1009.2,1
2021-11-26,Ca_Mau,28.9,23.2,25.5,89,11.9,95,1009.0,1
2021-11-27,Ca_Mau,27.8,22.9,25.1,85,16.0,100,1008.7,1
2021-11-28,Ca_Mau,29.0,23.5,25.5,82,18.0,100,1007.8,1
2021-11-29,Ca_Mau,27.0,23.3,24.5,94,13.5,100,1007.2,1
2021-11-30,Ca_Mau,28.9,23.2,25.2,90,14.4,97,1007.9,1
2021-12-01,Ca_Mau,30.0,24.1,26.1,80,25.3,92,1009.4,1
2021-12-02,Ca_Mau,30.3,22.5,25.8,78,17.7,90,1010.6,0
2021-12-03,Ca_Mau,28.1,21.5,24.6,80,14.2,99,1012.4,0
2021-12-04,Ca_Mau,28.5,21.1,24.3,80,12.0,83,1012.1,0
2021-12-05,Ca_Mau,28.1,20.0,23.7,76,12.2,89,1011.7,0
2021-12-06,Ca_Mau,29.5,21.6,25.2,75,15.5,61,1010.9,0
2021-12-07,Ca_Mau,28.5,21.5,24.8,85,8.7,77,1011.3,1
2021-12-08,Ca_Mau,30.1,21.0,25.3,82,11.0,58,1011.4,0
2021-12-09,Ca_Mau,29.6,22.9,25.3,87,10.9,71,1011.7,1
2021-12-10,Ca_Mau,30.5,23.0,25.9,81,14.3,55,1011.3,1
2021-12-11,Ca_Mau,30.5,21.6,25.5,82,11.4,83,1011.6,1
2021-12-12,Ca_Mau,30.8,21.4,25.7,82,12.1,64,1010.9,1
2021-12-13,Ca_Mau,30.2,22.5,25.9,83,12.2,100,1010.0,1
2021-12-14,Ca_Mau,30.2,22.8,25.8,82,13.9,97,1009.1,1
2021-12-15,Ca_Mau,30.2,22.8,25.8,84,13.6,97,1008.7,1
2021-12-16,Ca_Mau,31.4,24.2,26.8,77,20.0,78,1008.8,1
2021-12-17,Ca_Mau,31.1,24.3,27.0,75,20.9,97,1009.0,1
2021-12-18,Ca_Mau,31.4,23.1,26.4,82,12.0,82,1008.9,1
2021-12-19,Ca_Mau,29.7,21.5,25.4,72,16.4,100,1009.8,0
2021-12-20,Ca_Mau,29.8,23.3,26.1,69,13.8,95,1011.0,0
2021-12-21,Ca_Mau,31.5,21.6,26.1,77,14.7,72,1011.1,0
2021-12-22,Ca_Mau,29.0,24.0,25.6,86,18.4,92,1010.8,1
2021-12-23,Ca_Mau,28.9,23.6,25.4,84,24.1,99,1010.6,1
2021-12-24,Ca_Mau,29.7,23.1,25.8,82,19.2,67,1010.3,1
2021-12-25,Ca_Mau,30.4,22.9,26.0,80,20.1,47,1011.0,0
2021-12-26,Ca_Mau,31.5,23.0,26.2,80,17.0,64,1012.0,1
2021-12-27,Ca_Mau,30.2,22.1,25.0,87,10.9,67,1012.6,1
2021-12-28,Ca_Mau,31.1,22.4,26.4,79,22.8,69,1011.7,1
2021-12-29,Ca_Mau,30.2,24.9,26.9,72,30.1,70,1011.3,1
2021-12-30,Ca_Mau,31.5,24.5,27.4,67,29.2,92,1012.0,0
2021-12-31,Ca_Mau,31.0,23.5,26.6,68,26.5,96,1012.2,0
2021-01-01,An_Giang,27.2,21.5,24.5,57,19.8,97,1012.0,1
2021-01-02,An_Giang,27.5,22.2,24.5,59,17.3,84,1011.5,0
2021-01-03,An_Giang,28.9,22.1,25.2,66,13.7,92,1010.6,0
2021-01-04,An_Giang,31.5,22.4,26.9,68,12.3,58,1010.1,1
2021-01-05,An_Giang,29.8,23.6,26.2,78,13.4,83,1010.6,1
2021-01-06,An_Giang,31.0,22.5,26.5,77,10.8,73,1009.6,0
2021-01-07,An_Giang,31.2,24.0,27.2,75,12.1,55,1008.9,1
2021-01-08,An_Giang,31.3,22.0,26.5,75,10.5,97,1008.8,0
2021-01-09,An_Giang,30.6,22.5,26.3,63,17.6,75,1009.9,0
2021-01-10,An_Giang,30.0,21.4,25.4,69,12.4,75,1010.4,0
2021-01-11,An_Giang,30.3,21.5,25.3,68,12.0,70,1011.3,0
2021-01-12,An_Giang,29.0,21.3,24.9,52,23.9,51,1012.0,0
2021-01-13,An_Giang,27.6,19.2,22.9,60,17.5,35,1012.3,0
2021-01-14,An_Giang,29.4,19.2,23.9,62,11.0,66,1011.5,0
2021-01-15,An_Giang,30.0,19.0,24.3,73,11.9,25,1010.1,0
2021-01-16,An_Giang,30.2,19.5,24.9,71,11.0,49,1010.3,0
2021-01-17,An_Giang,30.8,20.6,25.5,69,15.3,56,1011.6,0
2021-01-18,An_Giang,30.5,21.5,25.3,56,19.5,69,1012.2,0
2021-01-19,An_Giang,29.2,19.2,23.8,59,12.6,90,1011.8,0
2021-01-20,An_Giang,30.9,20.8,25.4,62,9.1,86,1011.1,0
2021-01-21,An_Giang,31.2,21.1,26.0,71,10.5,80,1010.2,0
2021-01-22,An_Giang,30.1,23.2,26.3,76,13.6,74,1009.9,1
2021-01-23,An_Giang,30.6,23.5,26.2,80,11.9,64,1010.3,1
2021-01-24,An_Giang,30.0,22.9,26.2,78,12.0,48,1011.0,1
2021-01-25,An_Giang,31.0,21.9,26.1,78,14.3,64,1010.5,1
2021-01-26,An_Giang,31.0,22.6,26.9,73,10.1,71,1009.8,1
2021-01-27,An_Giang,31.7,22.0,26.7,70,13.0,90,1010.0,1
2021-01-28,An_Giang,31.6,21.9,26.8,74,12.3,85,1011.0,1
2021-01-29,An_Giang,30.8,22.7,26.4,68,12.7,90,1011.6,1
2021-01-30,An_Giang,30.9,21.3,25.8,66,11.4,84,1012.1,0
2021-01-31,An_Giang,31.5,20.2,26.1,66,9.9,76,1012.1,0
2021-02-01,An_Giang,31.9,21.6,26.7,69,9.0,54,1012.3,0
2021-02-02,An_Giang,31.2,21.9,26.5,70,11.3,47,1012.5,0
2021-02-03,An_Giang,32.8,21.8,26.6,66,13.9,53,1012.1,0
2021-02-04,An_Giang,31.4,21.9,26.2,70,6.9,74,1012.5,0
2021-02-05,An_Giang,31.1,21.9,26.8,70,9.4,61,1011.7,1
2021-02-06,An_Giang,32.0,21.8,26.7,76,13.4,62,1010.6,1
2021-02-07,An_Giang,31.1,22.4,26.9,76,8.4,67,1010.9,1
2021-02-08,An_Giang,31.4,23.4,26.5,80,10.1,56,1010.4,1
2021-02-09,An_Giang,31.8,22.3,27.0,72,11.3,36,1009.6,0
2021-02-10,An_Giang,30.8,23.0,26.4,78,12.6,64,1009.9,1
2021-02-11,An_Giang,30.0,23.6,25.8,86,9.5,68,1010.5,1
2021-02-12,An_Giang,30.0,21.4,25.6,79,9.7,26,1011.5,1
2021-02-13,An_Giang,30.2,21.0,25.4,76,11.2,41,1012.2,1
2021-02-14,An_Giang,30.9,21.3,25.6,71,13.8,49,1012.7,0
2021-02-15,An_Giang,30.9,19.8,25.1,71,12.5,41,1011.5,0
2021-02-16,An_Giang,29.6,19.8,24.7,73,15.4,71,1011.2,0
2021-02-17,An_Giang,31.1,19.5,25.3,70,15.5,52,1012.2,0
2021-02-18,An_Giang,30.0,19.4,24.9,67,11.5,33,1013.7,0
2021-02-19,An_Giang,30.8,20.2,25.2,65,17.6,30,1013.7,0
2021-02-20,An_Giang,30.6,20.5,25.5,65,14.4,27,1013.2,0
2021-02-21,An_Giang,31.0,19.5,25.2,68,12.1,22,1012.3,0
2021-02-22,An_Giang,31.6,18.9,25.4,67,15.6,48,1011.7,0
2021-02-23,An_Giang,31.8,20.5,26.1,67,12.6,77,1010.6,0
2021-02-24,An_Giang,31.9,22.2,26.8,67,15.3,49,1009.8,0
2021-02-25,An_Giang,31.5,23.2,26.9,77,13.7,83,1008.3,1
2021-02-26,An_Giang,32.8,23.8,27.8,76,13.9,73,1007.0,1
2021-02-27,An_Giang,33.2,23.5,28.1,72,11.8,14,1007.5,1
2021-02-28,An_Giang,33.0,23.0,27.9,72,15.0,28,1009.5,1
2021-03-01,An_Giang,33.7,24.7,28.3,74,14.9,76,1011.6,1
2021-03-02,An_Giang,34.2,23.9,28.6,72,16.3,59,1011.5,1
2021-03-03,An_Giang,34.5,23.9,28.6,64,18.9,31,1011.5,0
2021-03-04,An_Giang,35.0,23.4,28.8,61,18.4,5,1011.9,0
2021-03-05,An_Giang,35.0,22.0,28.1,63,18.0,3,1011.8,0
2021-03-06,An_Giang,34.8,21.5,28.1,63,12.8,20,1012.3,0
2021-03-07,An_Giang,34.3,22.8,28.3,63,15.9,40,1011.7,0
2021-03-08,An_Giang,34.0,23.0,28.4,61,18.4,28,1012.2,1
2021-03-09,An_Giang,33.4,23.1,28.3,62,15.1,27,1012.0,1
2021-03-10,An_Giang,34.0,23.1,28.6,60,12.9,33,1011.8,0
2021-03-11,An_Giang,34.0,23.9,28.9,63,16.8,50,1011.7,1
2021-03-12,An_Giang,34.3,24.0,29.0,58,16.5,17,1011.8,0
2021-03-13,An_Giang,34.0,23.8,29.1,57,17.0,29,1011.6,1
2021-03-14,An_Giang,33.9,23.0,28.5,59,11.2,26,1010.1,0
2021-03-15,An_Giang,33.5,22.5,28.2,64,14.7,31,1009.8,0
2021-03-16,An_Giang,34.2,23.0,28.4,64,13.7,71,1009.4,0
2021-03-17,An_Giang,34.3,23.5,28.6,62,12.0,91,1009.2,0
2021-03-18,An_Giang,32.6,22.8,28.2,63,15.5,90,1008.9,0
2021-03-19,An_Giang,35.3,23.2,29.2,66,14.0,60,1008.1,0
2021-03-20,An_Giang,35.2,24.7,29.8,68,10.5,73,1007.0,1
2021-03-21,An_Giang,35.4,25.1,29.8,70,11.2,66,1007.4,1
2021-03-22,An_Giang,34.6,24.5,29.1,66,13.6,70,1009.9,1
2021-03-23,An_Giang,35.7,25.5,29.8,60,13.8,84,1009.6,1
2021-03-24,An_Giang,35.5,25.2,29.7,65,21.1,91,1008.7,1
2021-03-25,An_Giang,34.2,25.2,29.2,67,17.6,89,1009.1,1
2021-03-26,An_Giang,35.2,25.0,29.9,61,18.1,94,1008.5,1
2021-03-27,An_Giang,35.5,24.6,30.0,64,17.1,71,1008.0,1
2021-03-28,An_Giang,35.5,26.1,30.2,65,15.2,50,1007.6,1
2021-03-29,An_Giang,35.8,24.4,30.0,64,13.4,35,1007.1,1
2021-03-30,An_Giang,34.6,24.8,29.6,71,15.3,41,1006.1,1
2021-03-31,An_Giang,36.7,25.3,30.1,66,16.2,66,1005.2,0
2021-04-01,An_Giang,36.5,25.6,30.3,68,17.2,42,1005.6,0
2021-04-02,An_Giang,35.0,26.6,30.3,70,13.3,40,1006.4,1
2021-04-03,An_Giang,33.6,25.1,29.0,75,15.4,70,1007.0,1
2021-04-04,An_Giang,32.5,25.6,27.5,82,14.7,72,1008.5,1
2021-04-05,An_Giang,34.2,24.0,28.9,71,17.0,50,1009.4,1
2021-04-06,An_Giang,34.2,24.9,29.2,65,21.7,35,1010.0,1
2021-04-07,An_Giang,33.8,24.2,29.2,66,16.2,40,1010.3,1
2021-04-08,An_Giang,33.7,25.2,29.1,68,11.8,52,1009.5,1
2021-04-09,An_Giang,33.7,24.4,28.1,77,11.5,68,1009.6,1
2021-04-10,An_Giang,34.1,24.0,28.9,68,16.2,70,1010.5,1
2021-04-11,An_Giang,34.0,25.6,29.3,70,17.1,61,1011.3,1
2021-04-12,An_Giang,34.5,24.2,29.1,71,18.1,26,1011.5,1
2021-04-13,An_Giang,34.5,24.4,29.1,72,13.4,60,1010.9,1
2021-04-14,An_Giang,33.5,24.4,28.3,77,9.9,72,1010.5,1
2021-04-15,An_Giang,33.5,23.6,28.2,79,12.3,81,1009.5,1
2021-04-16,An_Giang,30.9,24.0,27.4,84,14.1,86,1009.7,1
2021-04-17,An_Giang,33.0,24.5,27.6,82,11.4,81,1010.8,1
2021-04-18,An_Giang,29.5,24.4,26.5,88,8.5,87,1010.8,1
2021-04-19,An_Giang,32.3,23.9,27.5,82,12.5,67,1009.4,1
2021-04-20,An_Giang,33.4,24.6,28.8,76,13.8,65,1008.6,1
2021-04-21,An_Giang,32.6,25.5,29.1,75,13.5,86,1008.8,1
2021-04-22,An_Giang,33.6,25.4,28.3,80,12.2,97,1008.6,1
2021-04-23,An_Giang,31.5,25.2,27.2,86,21.4,98,1008.0,1
2021-04-24,An_Giang,32.5,25.4,27.9,81,16.6,90,1008.0,1
2021-04-25,An_Giang,31.2,25.0,27.9,82,15.6,80,1008.7,1
2021-04-26,An_Giang,32.5,24.9,28.3,81,10.3,72,1008.4,1
2021-04-27,An_Giang,31.5,25.1,27.5,83,9.7,94,1009.9,1
2021-04-28,An_Giang,31.0,23.4,26.8,86,12.2,96,1010.8,1
2021-04-29,An_Giang,31.2,23.4,27.0,85,10.3,69,1010.4,1
2021-04-30,An_Giang,32.0,24.5,27.6,83,16.6,71,1010.0,1
2021-05-01,An_Giang,30.8,24.2,27.6,85,14.3,71,1010.2,1
2021-05-02,An_Giang,32.8,24.6,28.4,81,13.4,61,1009.6,1
2021-05-03,An_Giang,33.5,25.1,29.2,73,16.3,55,1008.1,1
2021-05-04,An_Giang,34.0,23.8,29.3,72,13.7,44,1007.5,1
2021-05-05,An_Giang,34.5,25.8,30.1,71,17.3,71,1007.7,1
2021-05-06,An_Giang,32.8,25.7,28.2,81,18.5,96,1009.8,1
2021-05-07,An_Giang,32.2,24.7,28.4,78,13.3,99,1010.0,1
2021-05-08,An_Giang,33.0,25.0,29.2,76,15.5,97,1008.6,1
2021-05-09,An_Giang,32.8,25.6,28.8,78,9.1,85,1008.2,1
2021-05-10,An_Giang,33.9,25.3,29.2,77,8.4,56,1007.8,1
2021-05-11,An_Giang,35.1,24.8,29.8,72,11.8,43,1007.2,1
2021-05-12,An_Giang,34.8,25.1,29.7,73,12.4,43,1006.6,1
2021-05-13,An_Giang,34.4,26.0,29.3,78,8.7,70,1006.1,1
2021-05-14,An_Giang,32.1,26.0,28.6,82,8.8,81,1006.5,1
2021-05-15,An_Giang,32.2,25.4,28.2,85,14.0,97,1007.3,1
2021-05-16,An_Giang,33.6,25.2,28.3,84,10.5,58,1007.1,1
2021-05-17,An_Giang,32.3,25.4,27.8,86,9.7,91,1007.8,1
2021-05-18,An_Giang,32.2,24.4,27.4,86,10.7,94,1008.3,1
2021-05-19,An_Giang,32.8,24.5,27.9,86,18.4,86,1007.6,1
2021-05-20,An_Giang,32.0,24.9,28.1,84,9.5,77,1007.7,1
2021-05-21,An_Giang,32.0,25.8,28.4,82,17.7,94,1007.7,1
2021-05-22,An_Giang,30.0,25.8,27.6,85,19.8,98,1007.2,1
2021-05-23,An_Giang,30.5,25.7,28.1,83,16.2,94,1006.6,1
2021-05-24,An_Giang,28.9,26.0,27.2,87,16.9,100,1007.3,1
2021-05-25,An_Giang,30.5,25.4,27.4,87,17.2,99,1007.6,1
2021-05-26,An_Giang,29.0,24.8,26.8,88,16.4,99,1007.5,1
2021-05-27,An_Giang,28.5,25.5,26.6,90,15.7,94,1007.9,1
2021-05-28,An_Giang,31.0,25.0,27.5,88,12.7,78,1009.2,1
2021-05-29,An_Giang,31.8,25.0,28.0,85,13.3,48,1009.2,1
2021-05-30,An_Giang,31.7,25.2,28.4,84,10.9,47,1007.9,1
2021-05-31,An_Giang,32.2,25.6,28.6,84,13.7,34,1006.6,1
2021-06-01,An_Giang,33.5,26.2,29.1,81,13.2,69,1006.9,1
2021-06-02,An_Giang,32.7,26.4,28.9,83,13.3,79,1007.2,1
2021-06-03,An_Giang,32.3,25.9,28.6,84,15.3,76,1008.1,1
2021-06-04,An_Giang,33.1,26.0,29.4,81,15.3,69,1007.8,1
2021-06-05,An_Giang,31.2,26.5,28.5,84,19.6,84,1008.0,1
2021-06-06,An_Giang,30.0,25.9,28.0,84,19.4,99,1007.7,1
2021-06-07,An_Giang,30.1,25.8,27.6,85,18.2,96,1008.4,1
2021-06-08,An_Giang,27.5,25.6,26.4,92,15.8,95,1009.0,1
2021-06-09,An_Giang,31.0,25.0,26.9,88,17.3,89,1008.4,1
2021-06-10,An_Giang,29.5,25.2,27.1,86,24.4,97,1007.2,1
2021-06-11,An_Giang,31.5,25.0,27.3,85,17.6,97,1006.3,1
2021-06-12,An_Giang,30.2,25.0,27.3,84,18.0,100,1007.3,1
2021-06-13,An_Giang,29.0,24.9,26.6,88,19.5,92,1008.4,1
2021-06-14,An_Giang,30.6,24.8,27.2,86,20.9,57,1008.4,1
2021-06-15,An_Giang,30.2,25.4,27.4,84,22.0,73,1007.7,1
2021-06-16,An_Giang,29.6,25.9,27.8,82,17.4,92,1009.1,1
2021-06-17,An_Giang,32.2,25.1,28.2,80,17.1,66,1009.6,1
2021-06-18,An_Giang,32.5,25.2,28.1,80,15.0,80,1010.2,1
2021-06-19,An_Giang,32.7,25.4,28.5,79,16.4,76,1009.4,1
2021-06-20,An_Giang,32.0,26.4,28.6,78,17.9,56,1008.2,1
2021-06-21,An_Giang,31.2,25.5,27.8,81,21.2,56,1008.0,1
2021-06-22,An_Giang,31.0,25.9,27.6,83,20.1,66,1008.7,1
2021-06-23,An_Giang,30.6,25.5,27.5,83,19.5,68,1009.6,1
2021-06-24,An_Giang,31.8,25.1,28.1,80,17.3,48,1008.0,1
2021-06-25,An_Giang,31.4,25.7,28.4,79,18.4,53,1007.3,1
2021-06-26,An_Giang,32.3,25.2,28.4,77,17.2,64,1008.5,1
2021-06-27,An_Giang,33.1,25.1,28.7,77,17.8,26,1009.7,1
2021-06-28,An_Giang,33.5,25.6,29.1,76,17.7,62,1008.8,1
2021-06-29,An_Giang,33.0,25.9,28.8,79,20.9,54,1008.2,1
2021-06-30,An_Giang,32.5,25.6,28.4,80,20.8,74,1008.4,1
2021-07-01,An_Giang,33.3,26.0,29.3,75,17.3,48,1008.3,0
2021-07-02,An_Giang,34.0,24.9,29.0,76,16.6,18,1008.6,1
2021-07-03,An_Giang,35.2,25.5,29.7,75,13.0,40,1007.1,1
2021-07-04,An_Giang,32.8,26.7,29.7,76,15.9,86,1006.1,1
2021-07-05,An_Giang,32.2,25.9,28.3,82,23.6,89,1005.7,1
2021-07-06,An_Giang,28.2,25.9,26.8,87,19.4,98,1005.7,1
2021-07-07,An_Giang,29.5,25.1,26.7,88,21.4,98,1006.9,1
2021-07-08,An_Giang,28.0,24.6,25.7,91,17.6,97,1007.5,1
2021-07-09,An_Giang,26.4,23.9,24.9,94,14.9,100,1007.0,1
2021-07-10,An_Giang,29.8,24.0,26.4,87,11.7,96,1007.2,1
2021-07-11,An_Giang,30.7,23.6,26.9,87,8.3,85,1008.5,1
2021-07-12,An_Giang,31.6,23.5,27.2,84,11.9,80,1008.8,1
2021-07-13,An_Giang,31.0,24.2,26.9,88,12.9,98,1007.7,1
2021-07-14,An_Giang,30.6,23.5,26.5,86,14.0,98,1007.0,1
2021-07-15,An_Giang,27.9,24.5,26.0,91,15.3,100,1008.3,1
2021-07-16,An_Giang,32.1,24.9,27.9,80,10.5,82,1009.3,1
2021-07-17,An_Giang,32.1,24.9,27.8,82,16.5,59,1007.5,1
2021-07-18,An_Giang,30.1,25.9,27.5,84,22.3,97,1006.6,1
2021-07-19,An_Giang,29.9,25.6,27.6,81,20.5,96,1007.6,1
2021-07-20,An_Giang,30.8,26.1,27.9,81,20.8,84,1008.4,1
2021-07-21,An_Giang,29.9,25.4,27.5,83,22.8,71,1008.1,1
2021-07-22,An_Giang,31.4,25.8,28.2,79,20.6,85,1007.5,1
2021-07-23,An_Giang,30.5,26.1,27.8,82,22.3,94,1007.1,1
2021-07-24,An_Giang,31.6,26.5,28.6,77,25.5,94,1006.8,1
2021-07-25,An_Giang,30.5,25.8,27.6,84,25.0,84,1007.4,1
2021-07-26,An_Giang,31.5,26.0,28.1,81,24.5,58,1006.7,1
2021-07-27,An_Giang,32.2,25.8,28.4,78,23.9,54,1006.3,1
2021-07-28,An_Giang,29.4,26.0,27.7,82,21.4,90,1006.1,1
2021-07-29,An_Giang,29.2,25.6,26.8,88,23.3,97,1007.0,1
2021-07-30,An_Giang,29.6,25.3,27.1,86,22.6,96,1007.9,1
2021-07-31,An_Giang,31.3,25.4,28.0,82,21.5,96,1008.0,1
2021-08-01,An_Giang,32.2,25.0,28.0,80,22.3,77,1007.1,1
2021-08-02,An_Giang,31.3,26.0,28.0,80,23.6,66,1007.3,1
2021-08-03,An_Giang,31.6,26.4,28.3,78,26.1,85,1008.0,1
2021-08-04,An_Giang,31.5,26.4,28.1,81,23.4,98,1008.4,1
2021-08-05,An_Giang,31.8,26.0,28.2,80,25.1,95,1008.3,1
2021-08-06,An_Giang,31.8,25.4,28.3,79,22.1,93,1008.6,1
2021-08-07,An_Giang,33.0,25.9,28.7,78,21.1,85,1008.8,1
2021-08-08,An_Giang,32.7,26.1,29.0,77,21.7,98,1008.4,1
2021-08-09,An_Giang,33.4,26.8,29.4,75,20.9,76,1007.3,1
2021-08-10,An_Giang,30.8,26.6,27.9,84,20.2,80,1006.8,1
2021-08-11,An_Giang,31.0,25.2,27.6,84,21.3,85,1008.7,1
2021-08-12,An_Giang,30.4,24.5,27.3,84,14.9,87,1010.7,1
2021-08-13,An_Giang,30.5,25.8,27.7,81,15.6,95,1009.0,1
2021-08-14,An_Giang,30.5,25.4,27.5,79,15.6,99,1008.0,1
2021-08-15,An_Giang,29.0,24.6,26.7,86,10.2,98,1009.7,1
2021-08-16,An_Giang,33.0,23.9,27.9,81,10.8,44,1011.5,1
2021-08-17,An_Giang,32.5,24.2,27.5,84,8.0,88,1010.6,1
2021-08-18,An_Giang,30.9,24.9,27.0,88,9.8,96,1008.9,1
2021-08-19,An_Giang,31.1,24.0,27.2,85,13.7,85,1008.2,1
2021-08-20,An_Giang,31.4,24.2,27.1,87,13.3,87,1008.9,1
2021-08-21,An_Giang,32.2,23.3,27.7,82,14.3,38,1009.2,1
2021-08-22,An_Giang,31.0,24.4,27.7,82,18.0,84,1008.6,1
2021-08-23,An_Giang,29.5,25.0,27.0,84,19.5,94,1008.0,1
2021-08-24,An_Giang,30.4,25.0,26.5,88,22.5,89,1007.1,1
2021-08-25,An_Giang,25.7,24.0,24.8,95,13.5,99,1007.6,1
2021-08-26,An_Giang,26.8,24.1,25.1,94,12.0,99,1008.0,1
2021-08-27,An_Giang,29.9,23.5,26.4,87,14.6,97,1007.7,1
2021-08-28,An_Giang,31.0,24.0,26.9,84,14.0,87,1007.5,1
2021-08-29,An_Giang,30.1,24.4,26.6,87,9.4,98,1007.5,1
2021-08-30,An_Giang,31.4,24.0,26.6,87,12.0,96,1008.2,1
2021-08-31,An_Giang,30.6,24.0,26.6,87,18.6,97,1008.8,1
2021-09-01,An_Giang,30.6,24.2,26.8,87,11.7,98,1008.3,1
2021-09-02,An_Giang,30.0,24.6,26.8,87,15.6,99,1008.1,1
2021-09-03,An_Giang,30.3,24.4,27.0,81,19.6,97,1007.9,1
2021-09-04,An_Giang,29.4,25.6,26.8,83,15.6,98,1008.4,1
2021-09-05,An_Giang,31.0,24.6,26.5,86,13.5,96,1008.7,1
2021-09-06,An_Giang,31.2,24.7,26.8,86,12.1,95,1008.9,1
2021-09-07,An_Giang,30.2,24.6,26.7,85,15.0,96,1008.0,1
2021-09-08,An_Giang,30.7,25.0,26.8,85,20.6,93,1006.5,1
2021-09-09,An_Giang,29.1,24.3,26.4,88,21.9,95,1007.8,1
2021-09-10,An_Giang,29.2,24.5,26.7,87,17.9,98,1008.5,1
2021-09-11,An_Giang,29.9,25.1,26.8,87,22.0,100,1007.5,1
2021-09-12,An_Giang,31.0,25.9,28.0,78,20.5,98,1005.3,1
2021-09-13,An_Giang,31.4,26.0,27.8,82,15.7,93,1006.0,1
2021-09-14,An_Giang,29.4,24.5,26.5,89,17.0,99,1008.0,1
2021-09-15,An_Giang,30.0,24.0,26.4,87,16.0,95,1009.4,1
2021-09-16,An_Giang,31.0,23.2,27.2,82,9.7,92,1009.5,1
2021-09-17,An_Giang,31.6,24.1,27.5,84,15.8,80,1008.9,1
2021-09-18,An_Giang,31.8,24.3,27.2,87,12.2,84,1008.5,1
2021-09-19,An_Giang,28.6,23.8,25.7,93,9.7,99,1008.7,1
2021-09-20,An_Giang,29.8,24.0,25.9,90,20.0,96,1008.2,1
2021-09-21,An_Giang,29.0,24.1,26.4,87,16.5,92,1007.8,1
2021-09-22,An_Giang,30.0,24.1,26.5,87,16.7,83,1008.2,1
2021-09-23,An_Giang,30.6,24.6,27.3,83,16.8,97,1008.5,1
2021-09-24,An_Giang,29.6,25.0,26.5,89,16.6,100,1008.5,1
2021-09-25,An_Giang,27.9,24.2,25.8,92,16.7,91,1008.1,1
2021-09-26,An_Giang,30.6,24.3,26.7,88,6.2,98,1007.4,1
2021-09-27,An_Giang,31.7,23.8,27.1,86,15.1,69,1007.9,1
2021-09-28,An_Giang,30.5,24.5,27.0,88,13.4,79,1008.5,1
2021-09-29,An_Giang,31.6,24.3,27.0,88,9.1,51,1007.8,1
2021-09-30,An_Giang,30.2,24.3,26.7,89,9.2,92,1008.5,1
2021-10-01,An_Giang,31.4,24.5,27.3,86,14.0,95,1009.0,1
2021-10-02,An_Giang,29.7,24.2,26.1,91,15.6,95,1009.7,1
2021-10-03,An_Giang,29.0,24.4,26.3,88,9.6,86,1008.6,1
2021-10-04,An_Giang,30.5,23.8,26.6,88,9.5,86,1007.2,1
2021-10-05,An_Giang,31.4,24.3,26.3,90,13.7,95,1006.0,1
2021-10-06,An_Giang,28.9,23.9,26.1,90,10.5,100,1004.8,1
2021-10-07,An_Giang,28.1,24.1,25.9,93,12.7,99,1004.3,1
2021-10-08,An_Giang,29.6,24.6,26.4,89,18.6,100,1005.1,1
2021-10-09,An_Giang,29.7,24.9,26.8,87,22.6,98,1006.4,1
2021-10-10,An_Giang,32.0,26.0,28.4,78,22.5,71,1005.7,1
2021-10-11,An_Giang,30.6,25.3,27.1,86,16.3,98,1005.5,1
2021-10-12,An_Giang,29.4,24.5,26.4,86,23.0,98,1005.6,1
2021-10-13,An_Giang,30.6,25.4,27.0,84,21.6,100,1004.4,1
2021-10-14,An_Giang,30.6,25.0,27.4,83,22.9,100,1005.2,1
2021-10-15,An_Giang,31.0,24.1,27.1,85,12.5,98,1006.3,1
2021-10-16,An_Giang,30.5,24.8,26.3,92,15.9,100,1007.9,1
2021-10-17,An_Giang,30.2,24.2,26.1,89,12.0,100,1008.3,1
2021-10-18,An_Giang,31.1,23.0,26.7,80,11.6,93,1009.7,1
2021-10-19,An_Giang,32.2,23.3,27.3,85,7.2,76,1012.1,1
2021-10-20,An_Giang,29.9,23.9,26.0,91,11.4,85,1012.6,1
2021-10-21,An_Giang,31.3,23.6,26.3,87,16.3,98,1011.4,1
2021-10-22,An_Giang,31.2,23.1,26.5,87,12.0,88,1011.6,1
2021-10-23,An_Giang,31.2,23.6,26.2,87,12.3,95,1012.1,1
2021-10-24,An_Giang,31.5,23.6,26.5,86,15.6,87,1010.7,1
2021-10-25,An_Giang,31.4,23.8,27.4,80,17.6,91,1009.3,1
2021-10-26,An_Giang,31.9,24.5,28.0,75,14.1,99,1008.5,0
2021-10-27,An_Giang,31.0,25.0,27.6,77,12.2,100,1008.6,1
2021-10-28,An_Giang,31.6,23.6,27.3,82,13.3,79,1009.8,1
2021-10-29,An_Giang,32.2,23.9,27.4,84,15.6,82,1011.4,1
2021-10-30,An_Giang,31.8,24.0,27.2,85,13.3,97,1011.5,1
2021-10-31,An_Giang,30.9,23.2,26.3,86,13.7,94,1011.9,1
2021-11-01,An_Giang,32.1,23.5,26.9,85,12.2,77,1011.1,1
2021-11-02,An_Giang,32.0,23.2,27.1,79,11.2,83,1010.8,1
2021-11-03,An_Giang,31.9,22.8,27.1,81,16.6,95,1010.1,1
2021-11-04,An_Giang,31.7,23.9,27.3,82,16.7,88,1009.9,1
2021-11-05,An_Giang,32.2,23.8,27.2,86,14.9,95,1008.8,1
2021-11-06,An_Giang,31.2,23.8,27.0,85,16.3,64,1007.2,1
2021-11-07,An_Giang,31.6,23.1,27.0,85,10.9,75,1007.1,1
2021-11-08,An_Giang,31.2,24.0,26.9,85,15.1,80,1008.3,1
2021-11-09,An_Giang,31.5,23.2,26.2,86,16.9,89,1009.5,1
2021-11-10,An_Giang,30.9,24.0,26.4,82,16.9,96,1009.4,1
2021-11-11,An_Giang,28.5,23.6,25.3,89,16.8,100,1009.4,1
2021-11-12,An_Giang,29.9,23.0,25.3,88,12.6,96,1010.0,1
2021-11-13,An_Giang,31.1,22.9,25.6,90,16.6,92,1009.8,1
2021-11-14,An_Giang,29.9,23.9,25.5,90,11.9,100,1010.2,1
2021-11-15,An_Giang,29.7,23.5,25.6,89,14.1,98,1008.9,1
2021-11-16,An_Giang,28.3,23.9,25.2,92,15.5,100,1008.8,1
2021-11-17,An_Giang,30.8,22.9,25.9,89,15.0,91,1009.2,1
2021-11-18,An_Giang,29.6,23.8,25.9,89,15.1,100,1008.5,1
2021-11-19,An_Giang,31.0,23.0,26.6,86,9.7,66,1007.5,1
2021-11-20,An_Giang,30.5,23.8,26.2,87,9.7,92,1007.4,1
2021-11-21,An_Giang,31.5,23.0,26.6,86,17.1,100,1008.3,1
2021-11-22,An_Giang,30.0,24.2,25.9,89,18.7,100,1009.2,1
2021-11-23,An_Giang,31.1,24.0,26.4,87,11.8,97,1009.1,1
2021-11-24,An_Giang,31.0,23.4,26.4,86,15.5,100,1009.9,1
2021-11-25,An_Giang,31.0,23.6,26.9,81,14.8,93,1009.9,1
2021-11-26,An_Giang,30.3,23.5,26.7,76,11.9,92,1009.6,1
2021-11-27,An_Giang,28.0,23.5,25.3,76,23.0,99,1009.7,1
2021-11-28,An_Giang,28.5,23.5,25.6,80,25.2,100,1008.8,1
2021-11-29,An_Giang,27.8,23.5,24.9,92,15.6,100,1008.3,1
2021-11-30,An_Giang,27.5,23.1,24.4,94,15.0,100,1009.1,1
2021-12-01,An_Giang,29.3,22.8,25.7,79,15.6,91,1010.5,1
2021-12-02,An_Giang,29.1,21.5,25.4,70,14.6,90,1011.6,0
2021-12-03,An_Giang,28.6,21.6,24.9,69,18.1,75,1013.1,0
2021-12-04,An_Giang,27.8,20.8,23.8,68,17.2,99,1013.2,0
2021-12-05,An_Giang,27.9,18.7,23.4,68,16.9,83,1012.5,0
2021-12-06,An_Giang,29.4,21.1,24.9,70,18.4,66,1011.7,0
2021-12-07,An_Giang,29.2,21.1,25.0,72,15.6,100,1012.1,0
2021-12-08,An_Giang,29.4,21.1,25.4,71,13.6,55,1012.3,0
2021-12-09,An_Giang,30.6,23.6,26.0,80,12.8,83,1012.4,1
2021-12-10,An_Giang,30.0,22.5,25.8,72,15.3,51,1012.1,0
2021-12-11,An_Giang,29.4,19.5,24.8,75,10.2,67,1012.4,0
2021-12-12,An_Giang,30.8,21.4,25.9,71,12.4,49,1011.5,0
2021-12-13,An_Giang,30.7,23.2,26.5,66,19.1,89,1010.9,0
2021-12-14,An_Giang,30.6,22.8,26.6,68,15.3,77,1009.8,1
2021-12-15,An_Giang,31.7,23.7,27.2,71,15.6,78,1009.2,0
2021-12-16,An_Giang,31.4,23.8,27.5,78,10.7,63,1009.5,1
2021-12-17,An_Giang,32.0,23.0,27.2,78,10.6,83,1009.6,1
2021-12-18,An_Giang,32.0,22.4,27.1,73,19.3,85,1009.6,0
2021-12-19,An_Giang,28.0,23.7,25.7,60,20.5,100,1010.4,0
2021-12-20,An_Giang,29.1,22.8,25.3,68,14.3,88,1011.8,0
2021-12-21,An_Giang,30.8,20.4,25.9,73,10.0,37,1011.8,0
2021-12-22,An_Giang,31.0,23.1,25.6,85,11.4,90,1011.4,1
2021-12-23,An_Giang,30.1,22.6,25.4,88,14.2,89,1011.2,1
2021-12-24,An_Giang,30.2,22.6,25.1,88,11.8,68,1011.1,1
2021-12-25,An_Giang,30.7,21.1,26.0,82,10.7,36,1011.7,1
2021-12-26,An_Giang,30.9,22.2,26.1,79,15.6,42,1012.6,1
2021-12-27,An_Giang,30.4,22.0,25.8,82,14.1,47,1013.1,1
2021-12-28,An_Giang,30.5,22.3,25.3,88,13.8,55,1012.7,1
2021-12-29,An_Giang,30.6,23.0,26.0,81,21.0,68,1012.3,1
2021-12-30,An_Giang,31.1,23.2,26.8,68,18.1,81,1013.0,0
2021-12-31,An_Giang,30.6,22.9,26.5,62,15.0,91,1013.1,0
