date,destination,latitude,longitude,temp,humidity,wind_speed,cloud_cover,pressure,rain
2020-01-01,Thai_Nguyen,21.5942,105.8482,20.5,80,13.2,65,1019.6,1
2020-01-02,Thai_Nguyen,21.5942,105.8482,20.5,87,9.7,81,1018.1,1
2020-01-03,Thai_Nguyen,21.5942,105.8482,21.4,86,12.6,82,1016.1,1
2020-01-04,Thai_Nguyen,21.5942,105.8482,20.9,88,14.5,79,1014.3,1
2020-01-05,Thai_Nguyen,21.5942,105.8482,21.1,85,16.6,92,1013.1,1
2020-01-06,Thai_Nguyen,21.5942,105.8482,22.0,83,21.2,72,1011.7,1
2020-01-07,Thai_Nguyen,21.5942,105.8482,22.1,87,12.3,69,1011.9,1
2020-01-08,Thai_Nguyen,21.5942,105.8482,22.6,82,17.8,84,1012.3,1
2020-01-09,Thai_Nguyen,21.5942,105.8482,22.4,82,14.4,79,1010.6,1
2020-01-10,Thai_Nguyen,21.5942,105.8482,23.2,79,19.6,63,1008.8,1
2020-01-11,Thai_Nguyen,21.5942,105.8482,20.2,78,27.7,84,1010.5,1
2020-01-12,Thai_Nguyen,21.5942,105.8482,15.9,69,7.8,68,1013.9,1
2020-01-13,Thai_Nguyen,21.5942,105.8482,17.5,78,12.2,98,1011.6,1
2020-01-14,Thai_Nguyen,21.5942,105.8482,20.5,86,16.1,92,1010.5,1
2020-01-15,Thai_Nguyen,21.5942,105.8482,21.7,84,26.3,62,1009.0,1
2020-01-16,Thai_Nguyen,21.5942,105.8482,20.2,80,18.9,89,1011.6,1
2020-01-17,Thai_Nguyen,21.5942,105.8482,15.6,77,8.8,100,1015.8,1
2020-01-18,Thai_Nguyen,21.5942,105.8482,15.9,84,8.2,100,1014.0,1
2020-01-19,Thai_Nguyen,21.5942,105.8482,14.8,78,8.2,100,1016.7,1
2020-01-20,Thai_Nguyen,21.5942,105.8482,15.4,85,5.4,100,1016.0,1
2020-01-21,Thai_Nguyen,21.5942,105.8482,19.0,88,13.1,90,1014.4,1
2020-01-22,Thai_Nguyen,21.5942,105.8482,21.4,88,16.6,93,1011.6,1
2020-01-23,Thai_Nguyen,21.5942,105.8482,22.4,88,16.4,99,1009.7,1
2020-01-24,Thai_Nguyen,21.5942,105.8482,21.2,95,17.6,93,1009.6,1
2020-01-25,Thai_Nguyen,21.5942,105.8482,15.5,87,14.6,100,1011.6,1
2020-01-26,Thai_Nguyen,21.5942,105.8482,14.8,67,10.7,41,1014.2,0
2020-01-27,Thai_Nguyen,21.5942,105.8482,13.6,65,8.0,28,1013.2,0
2020-01-28,Thai_Nguyen,21.5942,105.8482,13.9,62,8.0,64,1015.2,1
2020-01-29,Thai_Nguyen,21.5942,105.8482,13.9,69,10.8,73,1018.3,0
2020-01-30,Thai_Nguyen,21.5942,105.8482,14.3,71,9.2,26,1017.6,0
2020-01-31,Thai_Nguyen,21.5942,105.8482,14.9,71,13.2,42,1015.9,0
2020-02-01,Thai_Nguyen,21.5942,105.8482,15.7,87,6.5,89,1014.8,1
2020-02-02,Thai_Nguyen,21.5942,105.8482,18.2,92,7.4,95,1014.2,1
2020-02-03,Thai_Nguyen,21.5942,105.8482,17.1,91,15.9,94,1013.9,1
2020-02-04,Thai_Nguyen,21.5942,105.8482,14.6,87,8.4,100,1015.5,1
2020-02-05,Thai_Nguyen,21.5942,105.8482,15.3,90,4.7,100,1014.0,1
2020-02-06,Thai_Nguyen,21.5942,105.8482,18.0,91,5.8,84,1012.0,1
2020-02-07,Thai_Nguyen,21.5942,105.8482,18.5,91,9.2,96,1014.5,1
2020-02-08,Thai_Nguyen,21.5942,105.8482,16.1,86,9.6,100,1018.5,1
2020-02-09,Thai_Nguyen,21.5942,105.8482,14.9,78,7.9,100,1021.5,1
2020-02-10,Thai_Nguyen,21.5942,105.8482,16.2,77,8.3,96,1017.3,1
2020-02-11,Thai_Nguyen,21.5942,105.8482,18.9,89,12.6,96,1013.7,1
2020-02-12,Thai_Nguyen,21.5942,105.8482,20.8,92,12.3,98,1010.8,1
2020-02-13,Thai_Nguyen,21.5942,105.8482,21.8,92,13.0,100,1006.9,1
2020-02-14,Thai_Nguyen,21.5942,105.8482,23.0,92,15.3,74,1003.4,1
2020-02-15,Thai_Nguyen,21.5942,105.8482,23.8,81,24.7,86,1006.0,1
2020-02-16,Thai_Nguyen,21.5942,105.8482,16.3,51,15.0,75,1018.6,0
2020-02-17,Thai_Nguyen,21.5942,105.8482,16.3,50,11.8,62,1022.6,0
2020-02-18,Thai_Nguyen,21.5942,105.8482,16.1,55,10.7,50,1020.8,0
2020-02-19,Thai_Nguyen,21.5942,105.8482,15.8,72,8.9,55,1018.2,0
2020-02-20,Thai_Nguyen,21.5942,105.8482,19.0,84,10.5,96,1017.8,1
2020-02-21,Thai_Nguyen,21.5942,105.8482,20.4,84,10.8,82,1020.6,1
2020-02-22,Thai_Nguyen,21.5942,105.8482,19.7,81,9.3,41,1021.2,0
2020-02-23,Thai_Nguyen,21.5942,105.8482,19.3,81,12.1,16,1018.4,1
2020-02-24,Thai_Nguyen,21.5942,105.8482,19.1,83,13.1,46,1014.1,1
2020-02-25,Thai_Nguyen,21.5942,105.8482,20.6,85,12.9,72,1012.3,1
2020-02-26,Thai_Nguyen,21.5942,105.8482,21.1,83,11.1,91,1013.0,1
2020-02-27,Thai_Nguyen,21.5942,105.8482,21.2,84,11.9,89,1012.7,1
2020-02-28,Thai_Nguyen,21.5942,105.8482,22.2,82,14.3,81,1010.8,1
2020-02-29,Thai_Nguyen,21.5942,105.8482,22.0,87,13.7,74,1008.8,1
2020-03-01,Thai_Nguyen,21.5942,105.8482,23.2,86,15.0,98,1008.5,1
2020-03-02,Thai_Nguyen,21.5942,105.8482,23.3,85,17.6,80,1009.1,1
2020-03-03,Thai_Nguyen,21.5942,105.8482,22.0,92,18.2,96,1009.6,1
2020-03-04,Thai_Nguyen,21.5942,105.8482,17.7,82,20.6,95,1013.3,1
2020-03-05,Thai_Nguyen,21.5942,105.8482,16.3,83,5.5,92,1014.4,1
2020-03-06,Thai_Nguyen,21.5942,105.8482,18.9,84,9.0,89,1010.4,1
2020-03-07,Thai_Nguyen,21.5942,105.8482,21.2,87,12.5,71,1006.5,1
2020-03-08,Thai_Nguyen,21.5942,105.8482,23.7,87,10.7,56,1001.1,1
2020-03-09,Thai_Nguyen,21.5942,105.8482,24.8,83,11.0,35,1000.4,0
2020-03-10,Thai_Nguyen,21.5942,105.8482,21.8,64,12.8,81,1010.0,1
2020-03-11,Thai_Nguyen,21.5942,105.8482,20.3,73,12.1,98,1011.1,1
2020-03-12,Thai_Nguyen,21.5942,105.8482,22.0,86,11.2,87,1007.6,1
2020-03-13,Thai_Nguyen,21.5942,105.8482,25.0,84,10.5,95,1008.6,1
2020-03-14,Thai_Nguyen,21.5942,105.8482,21.3,75,7.9,100,1013.7,1
2020-03-15,Thai_Nguyen,21.5942,105.8482,20.0,83,7.4,100,1013.3,1
2020-03-16,Thai_Nguyen,21.5942,105.8482,21.7,90,8.4,100,1010.9,1
2020-03-17,Thai_Nguyen,21.5942,105.8482,22.1,94,15.0,100,1010.9,1
2020-03-18,Thai_Nguyen,21.5942,105.8482,19.1,91,6.8,100,1009.9,1
2020-03-19,Thai_Nguyen,21.5942,105.8482,20.1,85,9.9,98,1009.9,1
2020-03-20,Thai_Nguyen,21.5942,105.8482,21.6,83,10.7,100,1009.1,1
2020-03-21,Thai_Nguyen,21.5942,105.8482,24.0,87,13.6,88,1007.2,1
2020-03-22,Thai_Nguyen,21.5942,105.8482,25.0,88,13.6,84,1007.1,1
2020-03-23,Thai_Nguyen,21.5942,105.8482,24.2,89,14.9,82,1007.7,1
2020-03-24,Thai_Nguyen,21.5942,105.8482,23.6,88,18.1,71,1007.5,1
2020-03-25,Thai_Nguyen,21.5942,105.8482,23.5,93,14.3,86,1005.8,1
2020-03-26,Thai_Nguyen,21.5942,105.8482,25.0,90,15.4,68,1004.7,1
2020-03-27,Thai_Nguyen,21.5942,105.8482,26.3,86,15.3,77,1004.4,1
2020-03-28,Thai_Nguyen,21.5942,105.8482,22.5,83,18.0,100,1006.9,1
2020-03-29,Thai_Nguyen,21.5942,105.8482,23.0,90,14.6,97,1004.4,1
2020-03-30,Thai_Nguyen,21.5942,105.8482,18.9,84,22.0,100,1006.0,1
2020-03-31,Thai_Nguyen,21.5942,105.8482,18.9,83,8.9,100,1008.3,1
2020-04-01,Thai_Nguyen,21.5942,105.8482,20.2,85,8.5,99,1008.9,1
2020-04-02,Thai_Nguyen,21.5942,105.8482,21.4,93,5.3,96,1008.7,1
2020-04-03,Thai_Nguyen,21.5942,105.8482,21.7,91,9.1,99,1009.4,1
2020-04-04,Thai_Nguyen,21.5942,105.8482,19.0,88,10.9,100,1012.6,1
2020-04-05,Thai_Nguyen,21.5942,105.8482,18.1,83,8.5,100,1014.3,1
2020-04-06,Thai_Nguyen,21.5942,105.8482,18.7,81,7.2,86,1012.3,1
2020-04-07,Thai_Nguyen,21.5942,105.8482,19.7,79,10.8,78,1011.2,1
2020-04-08,Thai_Nguyen,21.5942,105.8482,20.9,83,7.7,82,1011.3,1
2020-04-09,Thai_Nguyen,21.5942,105.8482,22.6,79,11.8,69,1011.9,0
2020-04-10,Thai_Nguyen,21.5942,105.8482,23.2,85,13.3,87,1010.5,1
2020-04-11,Thai_Nguyen,21.5942,105.8482,25.2,86,10.1,89,1009.1,1
2020-04-12,Thai_Nguyen,21.5942,105.8482,20.3,68,19.9,93,1014.8,1
2020-04-13,Thai_Nguyen,21.5942,105.8482,16.2,79,7.7,76,1016.3,1
2020-04-14,Thai_Nguyen,21.5942,105.8482,17.6,79,11.2,28,1013.0,0
2020-04-15,Thai_Nguyen,21.5942,105.8482,20.1,82,14.5,69,1010.0,0
2020-04-16,Thai_Nguyen,21.5942,105.8482,23.1,88,16.6,93,1006.9,1
2020-04-17,Thai_Nguyen,21.5942,105.8482,24.2,90,18.2,100,1006.9,1
2020-04-18,Thai_Nguyen,21.5942,105.8482,25.5,85,18.7,93,1005.8,1
2020-04-19,Thai_Nguyen,21.5942,105.8482,26.1,86,12.6,86,1005.0,1
2020-04-20,Thai_Nguyen,21.5942,105.8482,26.4,86,15.3,83,1005.4,1
2020-04-21,Thai_Nguyen,21.5942,105.8482,26.7,86,17.6,90,1004.6,1
2020-04-22,Thai_Nguyen,21.5942,105.8482,23.4,84,15.9,100,1007.7,1
2020-04-23,Thai_Nguyen,21.5942,105.8482,19.2,84,9.4,100,1012.6,1
2020-04-24,Thai_Nguyen,21.5942,105.8482,17.0,89,11.1,100,1016.3,1
2020-04-25,Thai_Nguyen,21.5942,105.8482,19.0,82,10.0,92,1014.9,1
2020-04-26,Thai_Nguyen,21.5942,105.8482,19.9,81,10.4,96,1015.6,1
2020-04-27,Thai_Nguyen,21.5942,105.8482,21.9,78,13.2,59,1014.1,0
2020-04-28,Thai_Nguyen,21.5942,105.8482,23.4,75,10.2,41,1012.2,0
2020-04-29,Thai_Nguyen,21.5942,105.8482,23.6,76,8.7,47,1011.1,0
2020-04-30,Thai_Nguyen,21.5942,105.8482,23.8,83,12.1,67,1009.7,1
2020-05-01,Thai_Nguyen,21.5942,105.8482,24.0,88,11.8,62,1006.8,1
2020-05-02,Thai_Nguyen,21.5942,105.8482,26.0,86,13.7,67,1004.3,1
2020-05-03,Thai_Nguyen,21.5942,105.8482,27.0,85,12.8,91,1003.9,1
2020-05-04,Thai_Nguyen,21.5942,105.8482,28.3,83,19.4,79,1003.3,1
2020-05-05,Thai_Nguyen,21.5942,105.8482,28.8,83,18.6,65,1001.7,1
2020-05-06,Thai_Nguyen,21.5942,105.8482,29.1,80,15.1,69,1000.5,0
2020-05-07,Thai_Nguyen,21.5942,105.8482,29.7,80,16.3,52,999.5,0
2020-05-08,Thai_Nguyen,21.5942,105.8482,30.0,80,14.8,55,999.5,0
2020-05-09,Thai_Nguyen,21.5942,105.8482,30.4,80,17.3,73,1001.1,0
2020-05-10,Thai_Nguyen,21.5942,105.8482,30.1,80,12.5,51,1002.2,1
2020-05-11,Thai_Nguyen,21.5942,105.8482,29.5,79,13.8,62,1003.9,1
2020-05-12,Thai_Nguyen,21.5942,105.8482,26.3,82,10.6,97,1006.8,1
2020-05-13,Thai_Nguyen,21.5942,105.8482,26.8,86,15.7,90,1005.2,1
2020-05-14,Thai_Nguyen,21.5942,105.8482,27.7,84,15.6,63,1002.6,1
2020-05-15,Thai_Nguyen,21.5942,105.8482,28.9,82,20.0,68,999.8,1
2020-05-16,Thai_Nguyen,21.5942,105.8482,28.6,84,16.3,65,1000.4,1
2020-05-17,Thai_Nguyen,21.5942,105.8482,27.4,87,11.5,92,1000.1,1
2020-05-18,Thai_Nguyen,21.5942,105.8482,27.8,84,10.8,67,999.3,1
2020-05-19,Thai_Nguyen,21.5942,105.8482,27.8,86,13.2,66,999.4,1
2020-05-20,Thai_Nguyen,21.5942,105.8482,29.9,83,13.8,94,997.4,1
2020-05-21,Thai_Nguyen,21.5942,105.8482,31.3,78,11.9,90,996.1,0
2020-05-22,Thai_Nguyen,21.5942,105.8482,29.7,78,12.7,100,999.5,1
2020-05-23,Thai_Nguyen,21.5942,105.8482,28.1,86,8.7,97,1002.2,1
2020-05-24,Thai_Nguyen,21.5942,105.8482,28.8,83,14.8,90,1002.4,1
2020-05-25,Thai_Nguyen,21.5942,105.8482,29.4,83,15.5,68,1001.9,1
2020-05-26,Thai_Nguyen,21.5942,105.8482,27.3,78,10.2,91,1004.4,1
2020-05-27,Thai_Nguyen,21.5942,105.8482,26.1,81,10.0,76,1006.1,1
2020-05-28,Thai_Nguyen,21.5942,105.8482,26.8,82,11.5,73,1005.2,0
2020-05-29,Thai_Nguyen,21.5942,105.8482,27.7,83,13.8,78,1002.8,1
2020-05-30,Thai_Nguyen,21.5942,105.8482,28.6,84,12.4,73,1003.2,1
2020-05-31,Thai_Nguyen,21.5942,105.8482,29.2,82,16.3,78,1003.0,1
2020-06-01,Thai_Nguyen,21.5942,105.8482,28.9,83,18.2,72,1002.0,1
2020-06-02,Thai_Nguyen,21.5942,105.8482,29.2,83,13.2,65,1000.2,1
2020-06-03,Thai_Nguyen,21.5942,105.8482,29.3,80,12.9,59,999.9,1
2020-06-04,Thai_Nguyen,21.5942,105.8482,30.0,80,15.8,88,999.3,1
2020-06-05,Thai_Nguyen,21.5942,105.8482,29.7,81,13.4,92,999.0,1
2020-06-06,Thai_Nguyen,21.5942,105.8482,30.0,79,12.7,97,998.4,1
2020-06-07,Thai_Nguyen,21.5942,105.8482,31.3,71,14.8,98,996.1,0
2020-06-08,Thai_Nguyen,21.5942,105.8482,31.7,68,14.0,98,996.5,0
2020-06-09,Thai_Nguyen,21.5942,105.8482,31.1,71,13.0,100,999.3,1
2020-06-10,Thai_Nguyen,21.5942,105.8482,28.4,89,13.2,100,1001.4,1
2020-06-11,Thai_Nguyen,21.5942,105.8482,28.4,89,16.3,86,999.9,1
2020-06-12,Thai_Nguyen,21.5942,105.8482,30.3,79,16.5,79,997.3,1
2020-06-13,Thai_Nguyen,21.5942,105.8482,29.9,80,15.0,69,997.4,1
2020-06-14,Thai_Nguyen,21.5942,105.8482,27.6,91,11.8,97,1000.5,1
2020-06-15,Thai_Nguyen,21.5942,105.8482,26.6,91,13.2,99,1002.1,1
2020-06-16,Thai_Nguyen,21.5942,105.8482,27.8,89,16.3,75,1000.4,1
2020-06-17,Thai_Nguyen,21.5942,105.8482,28.5,85,14.0,44,998.5,1
2020-06-18,Thai_Nguyen,21.5942,105.8482,28.8,85,13.6,44,999.8,1
2020-06-19,Thai_Nguyen,21.5942,105.8482,28.4,87,13.4,60,1001.4,1
2020-06-20,Thai_Nguyen,21.5942,105.8482,29.4,84,17.6,53,1000.6,1
2020-06-21,Thai_Nguyen,21.5942,105.8482,30.7,78,17.0,60,997.7,1
2020-06-22,Thai_Nguyen,21.5942,105.8482,31.4,75,16.9,68,997.2,0
2020-06-23,Thai_Nguyen,21.5942,105.8482,31.3,76,17.7,98,998.9,1
2020-06-24,Thai_Nguyen,21.5942,105.8482,31.0,77,13.8,98,998.0,0
2020-06-25,Thai_Nguyen,21.5942,105.8482,28.8,91,11.6,100,997.8,1
2020-06-26,Thai_Nguyen,21.5942,105.8482,29.8,82,15.2,90,997.9,1
2020-06-27,Thai_Nguyen,21.5942,105.8482,31.0,73,18.3,71,998.9,1
2020-06-28,Thai_Nguyen,21.5942,105.8482,30.9,75,16.3,71,999.1,0
2020-06-29,Thai_Nguyen,21.5942,105.8482,29.9,79,15.3,81,998.8,1
2020-06-30,Thai_Nguyen,21.5942,105.8482,29.5,85,14.7,95,998.0,1
2020-07-01,Thai_Nguyen,21.5942,105.8482,28.5,89,12.1,97,997.5,1
2020-07-02,Thai_Nguyen,21.5942,105.8482,27.9,90,12.5,99,997.9,1
2020-07-03,Thai_Nguyen,21.5942,105.8482,27.9,91,9.8,100,1000.7,1
2020-07-04,Thai_Nguyen,21.5942,105.8482,27.5,91,15.4,98,1001.6,1
2020-07-05,Thai_Nguyen,21.5942,105.8482,28.3,88,12.5,70,999.9,1
2020-07-06,Thai_Nguyen,21.5942,105.8482,29.4,84,16.6,69,999.2,1
2020-07-07,Thai_Nguyen,21.5942,105.8482,29.8,84,15.8,97,1001.1,1
2020-07-08,Thai_Nguyen,21.5942,105.8482,31.1,75,15.9,98,999.3,0
2020-07-09,Thai_Nguyen,21.5942,105.8482,31.3,72,15.3,99,995.7,0
2020-07-10,Thai_Nguyen,21.5942,105.8482,31.2,73,14.4,100,995.6,0
2020-07-11,Thai_Nguyen,21.5942,105.8482,30.2,75,15.3,100,997.1,0
2020-07-12,Thai_Nguyen,21.5942,105.8482,29.1,82,13.0,97,998.5,1
2020-07-13,Thai_Nguyen,21.5942,105.8482,29.3,82,14.7,43,1001.0,1
2020-07-14,Thai_Nguyen,21.5942,105.8482,29.3,82,13.0,35,1002.1,1
2020-07-15,Thai_Nguyen,21.5942,105.8482,30.7,78,19.4,65,1000.1,1
2020-07-16,Thai_Nguyen,21.5942,105.8482,30.1,80,17.1,61,999.4,1
2020-07-17,Thai_Nguyen,21.5942,105.8482,31.3,71,16.0,97,999.7,1
2020-07-18,Thai_Nguyen,21.5942,105.8482,31.8,71,16.5,98,999.7,1
2020-07-19,Thai_Nguyen,21.5942,105.8482,31.8,72,15.6,98,999.1,1
2020-07-20,Thai_Nguyen,21.5942,105.8482,28.1,88,15.0,99,1001.6,1
2020-07-21,Thai_Nguyen,21.5942,105.8482,27.7,89,17.5,81,1003.6,1
2020-07-22,Thai_Nguyen,21.5942,105.8482,29.1,82,14.9,45,1002.7,1
2020-07-23,Thai_Nguyen,21.5942,105.8482,29.7,80,15.5,36,1002.6,1
2020-07-24,Thai_Nguyen,21.5942,105.8482,29.9,79,16.1,30,1002.8,1
2020-07-25,Thai_Nguyen,21.5942,105.8482,30.4,77,18.1,61,1001.9,1
2020-07-26,Thai_Nguyen,21.5942,105.8482,30.6,77,17.0,94,1000.5,1
2020-07-27,Thai_Nguyen,21.5942,105.8482,28.5,89,10.8,100,1000.0,1
2020-07-28,Thai_Nguyen,21.5942,105.8482,28.1,87,11.9,98,1001.6,1
2020-07-29,Thai_Nguyen,21.5942,105.8482,27.9,87,12.8,89,1001.9,1
2020-07-30,Thai_Nguyen,21.5942,105.8482,29.5,82,10.8,50,1001.2,1
2020-07-31,Thai_Nguyen,21.5942,105.8482,29.7,82,6.1,86,999.4,1
2020-08-01,Thai_Nguyen,21.5942,105.8482,28.5,85,14.5,96,995.9,1
2020-08-02,Thai_Nguyen,21.5942,105.8482,27.6,86,20.4,97,994.2,1
2020-08-03,Thai_Nguyen,21.5942,105.8482,26.6,93,14.1,100,995.9,1
2020-08-04,Thai_Nguyen,21.5942,105.8482,26.2,94,9.2,99,997.4,1
2020-08-05,Thai_Nguyen,21.5942,105.8482,26.5,93,11.9,98,999.4,1
2020-08-06,Thai_Nguyen,21.5942,105.8482,26.0,96,14.3,98,1001.7,1
2020-08-07,Thai_Nguyen,21.5942,105.8482,27.2,92,17.2,89,1001.8,1
2020-08-08,Thai_Nguyen,21.5942,105.8482,28.3,88,15.6,96,1000.3,1
2020-08-09,Thai_Nguyen,21.5942,105.8482,28.9,89,12.7,98,998.3,1
2020-08-10,Thai_Nguyen,21.5942,105.8482,29.5,87,14.3,90,997.2,1
2020-08-11,Thai_Nguyen,21.5942,105.8482,29.2,84,13.7,93,997.5,1
2020-08-12,Thai_Nguyen,21.5942,105.8482,28.8,89,16.0,75,1000.2,1
2020-08-13,Thai_Nguyen,21.5942,105.8482,26.9,93,13.5,91,1002.0,1
2020-08-14,Thai_Nguyen,21.5942,105.8482,25.9,94,14.3,93,1002.0,1
2020-08-15,Thai_Nguyen,21.5942,105.8482,26.6,91,17.2,69,1001.3,1
2020-08-16,Thai_Nguyen,21.5942,105.8482,26.1,92,15.9,83,1000.6,1
2020-08-17,Thai_Nguyen,21.5942,105.8482,25.5,92,16.1,95,1000.9,1
2020-08-18,Thai_Nguyen,21.5942,105.8482,25.5,93,13.6,98,1001.5,1
2020-08-19,Thai_Nguyen,21.5942,105.8482,26.0,92,8.0,98,1001.4,1
2020-08-20,Thai_Nguyen,21.5942,105.8482,26.5,91,8.4,92,1002.7,1
2020-08-21,Thai_Nguyen,21.5942,105.8482,25.9,93,10.2,98,1004.3,1
2020-08-22,Thai_Nguyen,21.5942,105.8482,27.0,90,11.8,83,1003.9,1
2020-08-23,Thai_Nguyen,21.5942,105.8482,27.6,90,14.7,48,1002.1,1
2020-08-24,Thai_Nguyen,21.5942,105.8482,28.6,85,19.5,57,999.9,1
2020-08-25,Thai_Nguyen,21.5942,105.8482,28.6,86,12.6,84,999.1,1
2020-08-26,Thai_Nguyen,21.5942,105.8482,29.8,83,12.5,39,997.7,1
2020-08-27,Thai_Nguyen,21.5942,105.8482,30.0,83,13.4,9,996.7,0
2020-08-28,Thai_Nguyen,21.5942,105.8482,29.5,86,12.4,42,998.0,1
2020-08-29,Thai_Nguyen,21.5942,105.8482,28.9,88,10.1,72,1000.1,1
2020-08-30,Thai_Nguyen,21.5942,105.8482,28.8,87,8.9,43,1001.0,1
2020-08-31,Thai_Nguyen,21.5942,105.8482,28.7,87,7.6,55,1003.1,1
2020-09-01,Thai_Nguyen,21.5942,105.8482,29.8,79,8.9,26,1002.7,0
2020-09-02,Thai_Nguyen,21.5942,105.8482,30.1,78,11.8,30,1002.9,0
2020-09-03,Thai_Nguyen,21.5942,105.8482,29.5,84,12.0,64,1004.1,1
2020-09-04,Thai_Nguyen,21.5942,105.8482,29.1,82,10.7,56,1003.7,1
2020-09-05,Thai_Nguyen,21.5942,105.8482,29.6,83,12.5,40,1001.3,1
2020-09-06,Thai_Nguyen,21.5942,105.8482,28.7,89,15.1,96,999.7,1
2020-09-07,Thai_Nguyen,21.5942,105.8482,26.7,94,6.9,100,1001.2,1
2020-09-08,Thai_Nguyen,21.5942,105.8482,26.6,91,6.7,97,1004.4,1
2020-09-09,Thai_Nguyen,21.5942,105.8482,26.2,93,10.8,93,1004.5,1
2020-09-10,Thai_Nguyen,21.5942,105.8482,26.9,92,11.7,95,1001.2,1
2020-09-11,Thai_Nguyen,21.5942,105.8482,26.9,93,10.2,99,1002.3,1
2020-09-12,Thai_Nguyen,21.5942,105.8482,26.9,93,8.2,100,1005.4,1
2020-09-13,Thai_Nguyen,21.5942,105.8482,27.0,91,10.2,86,1006.3,1
2020-09-14,Thai_Nguyen,21.5942,105.8482,26.8,92,11.1,94,1004.9,1
2020-09-15,Thai_Nguyen,21.5942,105.8482,27.4,91,11.3,95,1003.4,1
2020-09-16,Thai_Nguyen,21.5942,105.8482,27.5,91,12.9,88,1002.0,1
2020-09-17,Thai_Nguyen,21.5942,105.8482,28.3,89,11.1,87,1001.5,1
2020-09-18,Thai_Nguyen,21.5942,105.8482,25.9,75,19.3,88,1003.3,1
2020-09-19,Thai_Nguyen,21.5942,105.8482,25.5,81,17.1,80,1004.1,1
2020-09-20,Thai_Nguyen,21.5942,105.8482,24.9,93,6.7,99,1005.2,1
2020-09-21,Thai_Nguyen,21.5942,105.8482,26.3,92,11.8,95,1004.6,1
2020-09-22,Thai_Nguyen,21.5942,105.8482,25.9,94,11.4,100,1004.2,1
2020-09-23,Thai_Nguyen,21.5942,105.8482,25.6,94,10.2,100,1005.3,1
2020-09-24,Thai_Nguyen,21.5942,105.8482,24.9,86,8.4,93,1007.3,1
2020-09-25,Thai_Nguyen,21.5942,105.8482,26.5,88,17.4,97,1004.1,1
2020-09-26,Thai_Nguyen,21.5942,105.8482,26.5,92,10.6,98,1003.1,1
2020-09-27,Thai_Nguyen,21.5942,105.8482,25.4,87,11.5,99,1005.1,1
2020-09-28,Thai_Nguyen,21.5942,105.8482,26.3,85,9.0,72,1004.8,1
2020-09-29,Thai_Nguyen,21.5942,105.8482,27.2,89,12.5,84,1003.2,1
2020-09-30,Thai_Nguyen,21.5942,105.8482,27.0,91,9.4,73,1002.3,1
2020-10-01,Thai_Nguyen,21.5942,105.8482,25.9,93,7.0,98,1003.4,1
2020-10-02,Thai_Nguyen,21.5942,105.8482,26.9,91,12.7,87,1004.1,1
2020-10-03,Thai_Nguyen,21.5942,105.8482,26.7,93,11.0,96,1005.0,1
2020-10-04,Thai_Nguyen,21.5942,105.8482,26.8,93,9.7,87,1005.1,1
2020-10-05,Thai_Nguyen,21.5942,105.8482,26.5,89,15.6,80,1006.4,1
2020-10-06,Thai_Nguyen,21.5942,105.8482,24.0,79,9.9,77,1009.5,1
2020-10-07,Thai_Nguyen,21.5942,105.8482,23.7,74,12.8,50,1011.2,0
2020-10-08,Thai_Nguyen,21.5942,105.8482,22.8,74,14.6,30,1011.9,0
2020-10-09,Thai_Nguyen,21.5942,105.8482,22.4,76,14.7,26,1012.4,0
2020-10-10,Thai_Nguyen,21.5942,105.8482,22.1,77,11.2,31,1010.5,0
2020-10-11,Thai_Nguyen,21.5942,105.8482,22.3,79,9.6,48,1007.9,0
2020-10-12,Thai_Nguyen,21.5942,105.8482,23.7,78,15.8,90,1006.5,0
2020-10-13,Thai_Nguyen,21.5942,105.8482,25.6,72,12.3,80,1005.3,1
2020-10-14,Thai_Nguyen,21.5942,105.8482,22.8,90,17.5,100,1004.1,1
2020-10-15,Thai_Nguyen,21.5942,105.8482,22.6,91,11.6,100,1006.9,1
2020-10-16,Thai_Nguyen,21.5942,105.8482,23.6,76,17.5,96,1009.7,1
2020-10-17,Thai_Nguyen,21.5942,105.8482,22.1,67,14.8,98,1011.8,0
2020-10-18,Thai_Nguyen,21.5942,105.8482,21.3,76,10.7,98,1012.1,1
2020-10-19,Thai_Nguyen,21.5942,105.8482,20.6,74,12.1,99,1013.0,1
2020-10-20,Thai_Nguyen,21.5942,105.8482,20.5,73,12.9,96,1013.8,1
2020-10-21,Thai_Nguyen,21.5942,105.8482,21.7,70,14.4,25,1012.9,0
2020-10-22,Thai_Nguyen,21.5942,105.8482,20.9,72,15.5,49,1010.4,0
2020-10-23,Thai_Nguyen,21.5942,105.8482,20.3,69,13.5,51,1010.5,0
2020-10-24,Thai_Nguyen,21.5942,105.8482,20.2,75,9.1,89,1010.6,0
2020-10-25,Thai_Nguyen,21.5942,105.8482,20.9,78,9.9,94,1010.1,1
2020-10-26,Thai_Nguyen,21.5942,105.8482,21.9,88,8.9,98,1010.3,1
2020-10-27,Thai_Nguyen,21.5942,105.8482,23.8,86,8.2,64,1008.8,1
2020-10-28,Thai_Nguyen,21.5942,105.8482,25.0,81,16.6,96,1009.0,1
2020-10-29,Thai_Nguyen,21.5942,105.8482,22.1,78,12.8,98,1011.8,1
2020-10-30,Thai_Nguyen,21.5942,105.8482,21.1,91,9.8,100,1014.2,1
2020-10-31,Thai_Nguyen,21.5942,105.8482,22.2,90,6.4,91,1013.5,1
2020-11-01,Thai_Nguyen,21.5942,105.8482,23.6,87,8.3,36,1011.8,0
2020-11-02,Thai_Nguyen,21.5942,105.8482,22.9,79,13.0,86,1013.4,1
2020-11-03,Thai_Nguyen,21.5942,105.8482,21.5,67,8.6,71,1015.0,0
2020-11-04,Thai_Nguyen,21.5942,105.8482,20.8,75,7.1,77,1013.8,0
2020-11-05,Thai_Nguyen,21.5942,105.8482,21.2,83,10.1,50,1013.0,0
2020-11-06,Thai_Nguyen,21.5942,105.8482,22.1,87,7.8,71,1014.1,1
2020-11-07,Thai_Nguyen,21.5942,105.8482,22.6,77,12.3,36,1015.3,0
2020-11-08,Thai_Nguyen,21.5942,105.8482,22.4,70,10.5,21,1015.9,0
2020-11-09,Thai_Nguyen,21.5942,105.8482,20.7,67,12.3,3,1015.6,0
2020-11-10,Thai_Nguyen,21.5942,105.8482,19.4,64,12.0,24,1015.8,0
2020-11-11,Thai_Nguyen,21.5942,105.8482,20.7,61,11.3,62,1016.8,0
2020-11-12,Thai_Nguyen,21.5942,105.8482,21.5,65,8.2,22,1016.1,0
2020-11-13,Thai_Nguyen,21.5942,105.8482,20.5,67,9.3,3,1014.0,0
2020-11-14,Thai_Nguyen,21.5942,105.8482,20.5,63,10.7,26,1013.7,0
2020-11-15,Thai_Nguyen,21.5942,105.8482,20.1,85,14.0,100,1014.4,1
2020-11-16,Thai_Nguyen,21.5942,105.8482,20.7,94,12.8,100,1012.5,1
2020-11-17,Thai_Nguyen,21.5942,105.8482,23.2,91,14.8,74,1008.8,1
2020-11-18,Thai_Nguyen,21.5942,105.8482,24.4,88,15.3,63,1007.1,1
2020-11-19,Thai_Nguyen,21.5942,105.8482,24.2,90,10.9,81,1006.6,1
2020-11-20,Thai_Nguyen,21.5942,105.8482,24.4,89,13.6,80,1007.2,1
2020-11-21,Thai_Nguyen,21.5942,105.8482,24.7,88,14.6,77,1008.0,1
2020-11-22,Thai_Nguyen,21.5942,105.8482,24.6,90,10.3,65,1011.3,1
2020-11-23,Thai_Nguyen,21.5942,105.8482,24.0,87,10.9,64,1013.5,1
2020-11-24,Thai_Nguyen,21.5942,105.8482,22.7,83,9.2,81,1013.9,1
2020-11-25,Thai_Nguyen,21.5942,105.8482,22.9,84,10.0,61,1013.2,0
2020-11-26,Thai_Nguyen,21.5942,105.8482,22.8,86,9.9,45,1014.6,1
2020-11-27,Thai_Nguyen,21.5942,105.8482,20.9,75,13.3,45,1017.3,1
2020-11-28,Thai_Nguyen,21.5942,105.8482,18.7,68,11.8,64,1019.1,0
2020-11-29,Thai_Nguyen,21.5942,105.8482,17.1,62,8.5,38,1019.5,0
2020-11-30,Thai_Nguyen,21.5942,105.8482,17.2,62,9.5,25,1019.7,0
2020-12-01,Thai_Nguyen,21.5942,105.8482,18.2,61,7.5,86,1018.8,0
2020-12-02,Thai_Nguyen,21.5942,105.8482,18.6,65,9.7,98,1017.6,0
2020-12-03,Thai_Nguyen,21.5942,105.8482,18.4,60,10.5,71,1018.3,0
2020-12-04,Thai_Nguyen,21.5942,105.8482,16.1,55,11.6,61,1019.2,0
2020-12-05,Thai_Nguyen,21.5942,105.8482,13.9,67,8.8,27,1019.3,0
2020-12-06,Thai_Nguyen,21.5942,105.8482,14.5,74,9.3,1,1016.9,0
2020-12-07,Thai_Nguyen,21.5942,105.8482,16.7,70,8.7,30,1018.4,0
2020-12-08,Thai_Nguyen,21.5942,105.8482,16.5,69,9.9,21,1017.7,0
2020-12-09,Thai_Nguyen,21.5942,105.8482,16.4,74,7.6,19,1013.7,0
2020-12-10,Thai_Nguyen,21.5942,105.8482,18.6,72,7.3,50,1013.3,0
2020-12-11,Thai_Nguyen,21.5942,105.8482,19.0,77,10.8,51,1011.5,0
2020-12-12,Thai_Nguyen,21.5942,105.8482,20.2,82,12.5,75,1010.2,1
2020-12-13,Thai_Nguyen,21.5942,105.8482,21.5,86,12.0,84,1007.3,1
2020-12-14,Thai_Nguyen,21.5942,105.8482,18.2,85,18.7,94,1012.4,1
2020-12-15,Thai_Nguyen,21.5942,105.8482,12.6,72,8.8,100,1018.9,1
2020-12-16,Thai_Nguyen,21.5942,105.8482,12.2,65,8.2,98,1020.9,1
2020-12-17,Thai_Nguyen,21.5942,105.8482,12.1,65,9.5,92,1019.3,0
2020-12-18,Thai_Nguyen,21.5942,105.8482,12.4,62,11.2,82,1020.5,0
2020-12-19,Thai_Nguyen,21.5942,105.8482,13.9,50,12.4,89,1022.4,0
2020-12-20,Thai_Nguyen,21.5942,105.8482,13.9,50,14.6,56,1022.8,0
2020-12-21,Thai_Nguyen,21.5942,105.8482,13.4,60,14.1,17,1020.4,0
2020-12-22,Thai_Nguyen,21.5942,105.8482,15.0,63,8.3,73,1016.3,0
2020-12-23,Thai_Nguyen,21.5942,105.8482,16.1,70,7.4,80,1013.8,0
2020-12-24,Thai_Nguyen,21.5942,105.8482,17.3,70,8.2,68,1014.0,0
2020-12-25,Thai_Nguyen,21.5942,105.8482,17.0,71,6.3,68,1013.9,0
2020-12-26,Thai_Nguyen,21.5942,105.8482,17.5,84,7.9,65,1011.9,0
2020-12-27,Thai_Nguyen,21.5942,105.8482,19.9,89,8.9,98,1010.6,1
2020-12-28,Thai_Nguyen,21.5942,105.8482,20.9,91,15.0,89,1008.2,1
2020-12-29,Thai_Nguyen,21.5942,105.8482,21.7,81,18.6,86,1010.0,1
2020-12-30,Thai_Nguyen,21.5942,105.8482,16.7,40,18.6,100,1021.0,0
2020-12-31,Thai_Nguyen,21.5942,105.8482,13.1,39,11.2,46,1023.2,0
2021-01-01,Thai_Nguyen,21.5942,105.8482,11.3,53,8.9,52,1021.7,0
2021-01-02,Thai_Nguyen,21.5942,105.8482,11.8,61,10.2,17,1018.0,0
2021-01-03,Thai_Nguyen,21.5942,105.8482,13.6,64,8.1,41,1018.0,0
2021-01-04,Thai_Nguyen,21.5942,105.8482,14.6,63,10.0,16,1016.9,0
2021-01-05,Thai_Nguyen,21.5942,105.8482,16.7,64,10.8,64,1016.4,0
2021-01-06,Thai_Nguyen,21.5942,105.8482,17.1,52,8.9,99,1015.5,0
2021-01-07,Thai_Nguyen,21.5942,105.8482,14.0,60,11.8,100,1017.1,1
2021-01-08,Thai_Nguyen,21.5942,105.8482,10.3,51,13.3,84,1022.5,1
2021-01-09,Thai_Nguyen,21.5942,105.8482,10.6,40,9.3,69,1021.3,0
2021-01-10,Thai_Nguyen,21.5942,105.8482,11.0,41,8.9,68,1020.4,0
2021-01-11,Thai_Nguyen,21.5942,105.8482,11.9,34,19.8,56,1025.3,0
2021-01-12,Thai_Nguyen,21.5942,105.8482,12.6,42,11.9,34,1022.2,0
2021-01-13,Thai_Nguyen,21.5942,105.8482,13.6,51,15.0,13,1014.8,0
2021-01-14,Thai_Nguyen,21.5942,105.8482,14.9,67,9.1,21,1013.2,0
2021-01-15,Thai_Nguyen,21.5942,105.8482,15.9,78,11.9,58,1011.3,0
2021-01-16,Thai_Nguyen,21.5942,105.8482,17.6,83,7.4,89,1012.1,1
2021-01-17,Thai_Nguyen,21.5942,105.8482,15.0,60,17.8,95,1021.6,1
2021-01-18,Thai_Nguyen,21.5942,105.8482,13.9,46,9.7,8,1020.3,0
2021-01-19,Thai_Nguyen,21.5942,105.8482,14.6,64,16.0,0,1014.6,0
2021-01-20,Thai_Nguyen,21.5942,105.8482,16.1,75,10.8,83,1012.8,0
2021-01-21,Thai_Nguyen,21.5942,105.8482,17.9,79,8.3,70,1011.8,0
2021-01-22,Thai_Nguyen,21.5942,105.8482,18.5,74,7.9,59,1011.5,0
2021-01-23,Thai_Nguyen,21.5942,105.8482,19.2,71,13.7,29,1010.4,0
2021-01-24,Thai_Nguyen,21.5942,105.8482,19.3,77,16.8,58,1009.3,0
2021-01-25,Thai_Nguyen,21.5942,105.8482,20.5,87,12.7,100,1010.8,1
2021-01-26,Thai_Nguyen,21.5942,105.8482,19.6,88,10.5,82,1012.2,1
2021-01-27,Thai_Nguyen,21.5942,105.8482,18.9,83,10.6,80,1012.0,0
2021-01-28,Thai_Nguyen,21.5942,105.8482,18.1,65,17.1,100,1017.8,1
2021-01-29,Thai_Nguyen,21.5942,105.8482,18.0,59,8.4,78,1016.9,0
2021-01-30,Thai_Nguyen,21.5942,105.8482,17.6,82,10.7,93,1015.7,1
2021-01-31,Thai_Nguyen,21.5942,105.8482,18.3,90,11.1,98,1015.1,1
2021-02-01,Thai_Nguyen,21.5942,105.8482,20.3,81,12.0,81,1014.1,1
2021-02-02,Thai_Nguyen,21.5942,105.8482,20.1,81,15.0,63,1014.7,1
2021-02-03,Thai_Nguyen,21.5942,105.8482,19.7,83,12.0,72,1015.3,1
2021-02-04,Thai_Nguyen,21.5942,105.8482,19.4,82,12.4,69,1015.7,1
2021-02-05,Thai_Nguyen,21.5942,105.8482,19.3,81,9.1,57,1014.3,1
2021-02-06,Thai_Nguyen,21.5942,105.8482,19.5,77,11.7,36,1012.9,0
2021-02-07,Thai_Nguyen,21.5942,105.8482,21.0,75,12.1,69,1012.0,0
2021-02-08,Thai_Nguyen,21.5942,105.8482,19.8,83,13.3,65,1013.5,1
2021-02-09,Thai_Nguyen,21.5942,105.8482,16.0,92,14.3,86,1013.7,1
2021-02-10,Thai_Nguyen,21.5942,105.8482,16.5,78,11.6,25,1012.1,0
2021-02-11,Thai_Nguyen,21.5942,105.8482,17.3,76,9.5,26,1012.3,0
2021-02-12,Thai_Nguyen,21.5942,105.8482,18.3,76,10.0,45,1013.2,0
2021-02-13,Thai_Nguyen,21.5942,105.8482,18.5,75,11.2,60,1012.8,0
2021-02-14,Thai_Nguyen,21.5942,105.8482,19.6,75,9.4,52,1012.4,0
2021-02-15,Thai_Nguyen,21.5942,105.8482,19.9,82,14.8,74,1009.6,1
2021-02-16,Thai_Nguyen,21.5942,105.8482,20.8,80,12.5,89,1011.0,1
2021-02-17,Thai_Nguyen,21.5942,105.8482,18.9,68,10.7,100,1016.5,1
2021-02-18,Thai_Nguyen,21.5942,105.8482,20.1,65,7.8,86,1019.1,0
2021-02-19,Thai_Nguyen,21.5942,105.8482,19.3,73,7.6,54,1018.7,0
2021-02-20,Thai_Nguyen,21.5942,105.8482,19.0,73,9.4,26,1015.3,0
2021-02-21,Thai_Nguyen,21.5942,105.8482,19.9,71,18.9,18,1011.4,0
2021-02-22,Thai_Nguyen,21.5942,105.8482,20.7,81,11.8,93,1010.8,1
2021-02-23,Thai_Nguyen,21.5942,105.8482,21.4,79,13.5,69,1010.1,1
2021-02-24,Thai_Nguyen,21.5942,105.8482,21.6,78,21.7,65,1006.5,1
2021-02-25,Thai_Nguyen,21.5942,105.8482,22.5,84,16.6,76,1003.1,1
2021-02-26,Thai_Nguyen,21.5942,105.8482,23.0,79,17.2,82,1003.5,1
2021-02-27,Thai_Nguyen,21.5942,105.8482,17.5,76,8.4,100,1008.6,1
2021-02-28,Thai_Nguyen,21.5942,105.8482,18.2,92,6.4,100,1008.4,1
2021-03-01,Thai_Nguyen,21.5942,105.8482,21.4,86,22.3,99,1010.4,1
2021-03-02,Thai_Nguyen,21.5942,105.8482,19.1,57,10.9,100,1015.4,0
2021-03-03,Thai_Nguyen,21.5942,105.8482,17.9,75,6.2,100,1014.6,1
2021-03-04,Thai_Nguyen,21.5942,105.8482,17.8,85,9.0,100,1012.3,1
2021-03-05,Thai_Nguyen,21.5942,105.8482,20.3,87,10.0,100,1008.7,1
2021-03-06,Thai_Nguyen,21.5942,105.8482,23.5,84,10.4,62,1009.4,1
2021-03-07,Thai_Nguyen,21.5942,105.8482,20.7,74,9.3,93,1013.3,1
2021-03-08,Thai_Nguyen,21.5942,105.8482,21.9,87,14.3,90,1012.2,1
2021-03-09,Thai_Nguyen,21.5942,105.8482,22.5,88,19.5,85,1011.7,1
2021-03-10,Thai_Nguyen,21.5942,105.8482,22.9,85,21.9,75,1011.4,1
2021-03-11,Thai_Nguyen,21.5942,105.8482,23.2,82,17.4,92,1012.6,1
2021-03-12,Thai_Nguyen,21.5942,105.8482,23.3,82,12.7,69,1013.2,1
2021-03-13,Thai_Nguyen,21.5942,105.8482,22.9,84,11.1,66,1012.7,1
2021-03-14,Thai_Nguyen,21.5942,105.8482,22.0,83,14.4,57,1009.8,1
2021-03-15,Thai_Nguyen,21.5942,105.8482,23.2,83,19.9,94,1007.0,1
2021-03-16,Thai_Nguyen,21.5942,105.8482,23.3,86,16.9,99,1006.7,1
2021-03-17,Thai_Nguyen,21.5942,105.8482,23.8,86,17.1,100,1006.3,1
2021-03-18,Thai_Nguyen,21.5942,105.8482,24.0,86,16.1,100,1006.0,1
2021-03-19,Thai_Nguyen,21.5942,105.8482,24.5,86,16.9,100,1004.7,1
2021-03-20,Thai_Nguyen,21.5942,105.8482,24.4,89,14.4,100,1004.6,1
2021-03-21,Thai_Nguyen,21.5942,105.8482,18.9,70,24.7,100,1012.6,1
2021-03-22,Thai_Nguyen,21.5942,105.8482,17.2,53,14.0,78,1020.1,0
2021-03-23,Thai_Nguyen,21.5942,105.8482,17.1,67,8.4,22,1016.4,0
2021-03-24,Thai_Nguyen,21.5942,105.8482,19.2,75,10.8,54,1011.7,1
2021-03-25,Thai_Nguyen,21.5942,105.8482,20.7,87,9.7,97,1009.7,1
2021-03-26,Thai_Nguyen,21.5942,105.8482,22.6,91,15.3,99,1007.2,1
2021-03-27,Thai_Nguyen,21.5942,105.8482,23.6,92,15.4,100,1005.0,1
2021-03-28,Thai_Nguyen,21.5942,105.8482,24.0,91,16.1,100,1003.8,1
2021-03-29,Thai_Nguyen,21.5942,105.8482,25.6,86,15.5,69,1000.1,1
2021-03-30,Thai_Nguyen,21.5942,105.8482,25.4,88,13.0,93,997.6,1
2021-03-31,Thai_Nguyen,21.5942,105.8482,27.0,82,16.5,45,997.0,0
2021-04-01,Thai_Nguyen,21.5942,105.8482,26.5,83,14.5,49,998.8,1
2021-04-02,Thai_Nguyen,21.5942,105.8482,26.6,85,15.8,82,1001.9,1
2021-04-03,Thai_Nguyen,21.5942,105.8482,25.7,88,12.6,99,1005.6,1
2021-04-04,Thai_Nguyen,21.5942,105.8482,24.6,83,13.3,80,1008.5,1
2021-04-05,Thai_Nguyen,21.5942,105.8482,22.3,84,7.4,86,1011.3,1
2021-04-06,Thai_Nguyen,21.5942,105.8482,23.3,83,14.7,97,1011.2,1
2021-04-07,Thai_Nguyen,21.5942,105.8482,24.3,86,15.3,72,1009.0,1
2021-04-08,Thai_Nguyen,21.5942,105.8482,23.6,87,14.8,88,1007.8,1
2021-04-09,Thai_Nguyen,21.5942,105.8482,19.7,80,9.2,100,1011.4,1
2021-04-10,Thai_Nguyen,21.5942,105.8482,20.5,88,6.6,100,1012.4,1
2021-04-11,Thai_Nguyen,21.5942,105.8482,23.8,87,17.9,95,1011.1,1
2021-04-12,Thai_Nguyen,21.5942,105.8482,25.0,86,16.1,97,1009.3,1
2021-04-13,Thai_Nguyen,21.5942,105.8482,25.1,86,16.3,100,1007.7,1
2021-04-14,Thai_Nguyen,21.5942,105.8482,25.4,85,15.9,99,1006.1,1
2021-04-15,Thai_Nguyen,21.5942,105.8482,25.5,88,17.6,99,1004.9,1
2021-04-16,Thai_Nguyen,21.5942,105.8482,24.8,89,15.3,99,1006.6,1
2021-04-17,Thai_Nguyen,21.5942,105.8482,21.8,91,11.3,100,1010.8,1
2021-04-18,Thai_Nguyen,21.5942,105.8482,22.0,88,8.7,99,1009.1,1
2021-04-19,Thai_Nguyen,21.5942,105.8482,24.4,88,14.5,72,1004.5,1
2021-04-20,Thai_Nguyen,21.5942,105.8482,26.4,88,19.6,75,1003.3,1
2021-04-21,Thai_Nguyen,21.5942,105.8482,26.6,89,17.1,78,1004.0,1
2021-04-22,Thai_Nguyen,21.5942,105.8482,26.7,87,16.4,77,1003.6,1
2021-04-23,Thai_Nguyen,21.5942,105.8482,27.2,85,18.4,72,1001.4,1
2021-04-24,Thai_Nguyen,21.5942,105.8482,27.8,85,17.1,76,1001.4,1
2021-04-25,Thai_Nguyen,21.5942,105.8482,26.3,92,15.6,99,1004.3,1
2021-04-26,Thai_Nguyen,21.5942,105.8482,22.8,91,16.3,100,1007.0,1
2021-04-27,Thai_Nguyen,21.5942,105.8482,22.6,84,7.9,99,1009.6,1
2021-04-28,Thai_Nguyen,21.5942,105.8482,22.6,85,9.7,100,1011.3,1
2021-04-29,Thai_Nguyen,21.5942,105.8482,21.9,80,12.2,79,1011.4,1
2021-04-30,Thai_Nguyen,21.5942,105.8482,23.1,81,13.4,67,1008.0,0
2021-05-01,Thai_Nguyen,21.5942,105.8482,24.7,85,12.3,81,1007.5,1
2021-05-02,Thai_Nguyen,21.5942,105.8482,25.7,93,15.9,90,1005.7,1
2021-05-03,Thai_Nguyen,21.5942,105.8482,26.8,88,19.2,68,1003.2,1
2021-05-04,Thai_Nguyen,21.5942,105.8482,27.9,83,17.1,64,1003.3,1
2021-05-05,Thai_Nguyen,21.5942,105.8482,24.6,91,12.2,100,1007.6,1
2021-05-06,Thai_Nguyen,21.5942,105.8482,25.1,84,12.2,98,1008.8,0
2021-05-07,Thai_Nguyen,21.5942,105.8482,27.2,84,14.7,69,1007.1,1
2021-05-08,Thai_Nguyen,21.5942,105.8482,27.0,85,13.2,73,1004.6,1
2021-05-09,Thai_Nguyen,21.5942,105.8482,27.9,83,16.9,65,1002.5,1
2021-05-10,Thai_Nguyen,21.5942,105.8482,28.4,85,21.5,71,1000.9,1
2021-05-11,Thai_Nguyen,21.5942,105.8482,29.3,81,13.5,61,999.7,0
2021-05-12,Thai_Nguyen,21.5942,105.8482,28.7,84,19.9,65,999.6,1
2021-05-13,Thai_Nguyen,21.5942,105.8482,27.9,87,15.4,59,1000.4,1
2021-05-14,Thai_Nguyen,21.5942,105.8482,28.3,87,19.5,62,1000.1,1
2021-05-15,Thai_Nguyen,21.5942,105.8482,29.0,86,17.1,80,1000.5,1
2021-05-16,Thai_Nguyen,21.5942,105.8482,29.9,82,17.3,55,1000.7,1
2021-05-17,Thai_Nguyen,21.5942,105.8482,29.0,85,16.8,55,1002.1,1
2021-05-18,Thai_Nguyen,21.5942,105.8482,28.8,85,16.8,73,1001.8,1
2021-05-19,Thai_Nguyen,21.5942,105.8482,30.2,79,17.6,75,999.2,1
2021-05-20,Thai_Nguyen,21.5942,105.8482,29.9,81,17.6,85,999.7,1
2021-05-21,Thai_Nguyen,21.5942,105.8482,30.1,80,17.1,64,999.1,1
2021-05-22,Thai_Nguyen,21.5942,105.8482,30.8,76,18.4,67,997.5,0
2021-05-23,Thai_Nguyen,21.5942,105.8482,29.8,82,18.4,94,999.9,1
2021-05-24,Thai_Nguyen,21.5942,105.8482,27.0,81,9.9,99,1005.2,1
2021-05-25,Thai_Nguyen,21.5942,105.8482,26.0,82,10.8,95,1004.9,1
2021-05-26,Thai_Nguyen,21.5942,105.8482,27.6,87,16.9,80,1002.6,1
2021-05-27,Thai_Nguyen,21.5942,105.8482,28.4,87,17.1,78,1003.6,1
2021-05-28,Thai_Nguyen,21.5942,105.8482,28.4,87,15.0,92,1003.7,1
2021-05-29,Thai_Nguyen,21.5942,105.8482,29.6,84,15.1,88,1001.0,1
2021-05-30,Thai_Nguyen,21.5942,105.8482,30.5,80,13.0,99,998.7,1
2021-05-31,Thai_Nguyen,21.5942,105.8482,30.5,80,12.4,94,997.0,1
2021-06-01,Thai_Nguyen,21.5942,105.8482,31.9,75,13.3,92,996.8,0
2021-06-02,Thai_Nguyen,21.5942,105.8482,31.5,75,14.3,100,997.8,0
2021-06-03,Thai_Nguyen,21.5942,105.8482,32.0,76,14.0,90,997.9,1
2021-06-04,Thai_Nguyen,21.5942,105.8482,26.5,76,16.5,86,1003.1,1
2021-06-05,Thai_Nguyen,21.5942,105.8482,26.5,78,6.5,73,1002.0,0
2021-06-06,Thai_Nguyen,21.5942,105.8482,27.6,80,12.9,66,1000.0,1
2021-06-07,Thai_Nguyen,21.5942,105.8482,28.3,82,16.8,86,1000.8,1
2021-06-08,Thai_Nguyen,21.5942,105.8482,27.1,90,11.5,90,1001.8,1
2021-06-09,Thai_Nguyen,21.5942,105.8482,27.0,91,7.4,98,1000.6,1
2021-06-10,Thai_Nguyen,21.5942,105.8482,27.1,92,10.2,99,999.2,1
2021-06-11,Thai_Nguyen,21.5942,105.8482,27.3,90,14.8,96,999.9,1
2021-06-12,Thai_Nguyen,21.5942,105.8482,28.1,85,12.1,98,999.1,1
2021-06-13,Thai_Nguyen,21.5942,105.8482,27.2,88,17.6,93,998.3,1
2021-06-14,Thai_Nguyen,21.5942,105.8482,27.6,88,14.6,71,997.3,1
2021-06-15,Thai_Nguyen,21.5942,105.8482,29.1,80,14.0,54,995.5,1
2021-06-16,Thai_Nguyen,21.5942,105.8482,30.3,79,13.3,68,997.2,0
2021-06-17,Thai_Nguyen,21.5942,105.8482,30.9,75,13.8,56,999.0,0
2021-06-18,Thai_Nguyen,21.5942,105.8482,31.1,75,13.3,13,999.1,0
2021-06-19,Thai_Nguyen,21.5942,105.8482,31.6,72,14.5,51,996.8,0
2021-06-20,Thai_Nguyen,21.5942,105.8482,32.0,71,13.8,71,995.0,0
2021-06-21,Thai_Nguyen,21.5942,105.8482,31.9,71,15.1,96,995.7,0
2021-06-22,Thai_Nguyen,21.5942,105.8482,30.1,79,13.8,96,999.4,1
2021-06-23,Thai_Nguyen,21.5942,105.8482,28.5,85,10.9,100,999.9,1
2021-06-24,Thai_Nguyen,21.5942,105.8482,28.1,90,8.2,99,998.8,1
2021-06-25,Thai_Nguyen,21.5942,105.8482,27.7,90,11.8,89,998.5,1
2021-06-26,Thai_Nguyen,21.5942,105.8482,28.3,87,12.8,95,999.3,1
2021-06-27,Thai_Nguyen,21.5942,105.8482,30.3,77,13.9,79,997.8,0
2021-06-28,Thai_Nguyen,21.5942,105.8482,30.6,78,10.4,98,995.6,0
2021-06-29,Thai_Nguyen,21.5942,105.8482,29.4,86,11.8,100,996.0,1
2021-06-30,Thai_Nguyen,21.5942,105.8482,29.7,82,12.9,99,996.4,1
2021-07-01,Thai_Nguyen,21.5942,105.8482,30.1,77,11.7,100,996.6,0
2021-07-02,Thai_Nguyen,21.5942,105.8482,30.7,75,10.4,100,997.8,0
2021-07-03,Thai_Nguyen,21.5942,105.8482,30.1,80,9.0,100,998.3,0
2021-07-04,Thai_Nguyen,21.5942,105.8482,30.3,81,15.2,95,998.8,1
2021-07-05,Thai_Nguyen,21.5942,105.8482,28.6,90,18.0,84,1000.4,1
2021-07-06,Thai_Nguyen,21.5942,105.8482,28.8,88,15.3,51,1000.3,1
2021-07-07,Thai_Nguyen,21.5942,105.8482,29.0,85,7.8,58,1000.5,1
2021-07-08,Thai_Nguyen,21.5942,105.8482,27.1,90,17.2,89,1002.4,1
2021-07-09,Thai_Nguyen,21.5942,105.8482,27.2,90,14.2,62,1004.5,1
2021-07-10,Thai_Nguyen,21.5942,105.8482,27.7,86,12.1,63,1004.6,1
2021-07-11,Thai_Nguyen,21.5942,105.8482,28.3,83,12.9,86,1005.3,1
2021-07-12,Thai_Nguyen,21.5942,105.8482,29.3,78,16.5,25,1004.0,0
2021-07-13,Thai_Nguyen,21.5942,105.8482,29.3,83,17.8,50,1001.8,1
2021-07-14,Thai_Nguyen,21.5942,105.8482,29.8,80,17.7,35,1001.5,1
2021-07-15,Thai_Nguyen,21.5942,105.8482,29.2,81,16.7,30,1003.1,1
2021-07-16,Thai_Nguyen,21.5942,105.8482,29.6,78,13.8,50,1003.5,1
2021-07-17,Thai_Nguyen,21.5942,105.8482,29.9,77,15.0,64,999.9,0
2021-07-18,Thai_Nguyen,21.5942,105.8482,28.2,88,10.4,98,997.8,1
2021-07-19,Thai_Nguyen,21.5942,105.8482,27.6,90,9.7,94,998.2,1
2021-07-20,Thai_Nguyen,21.5942,105.8482,27.4,90,12.3,100,998.7,1
2021-07-21,Thai_Nguyen,21.5942,105.8482,28.0,88,8.7,94,997.5,1
2021-07-22,Thai_Nguyen,21.5942,105.8482,27.5,92,6.4,100,996.0,1
2021-07-23,Thai_Nguyen,21.5942,105.8482,26.9,93,12.0,98,994.5,1
2021-07-24,Thai_Nguyen,21.5942,105.8482,29.2,83,12.6,49,994.7,1
2021-07-25,Thai_Nguyen,21.5942,105.8482,28.9,88,8.9,77,995.9,1
2021-07-26,Thai_Nguyen,21.5942,105.8482,29.0,86,8.6,58,995.4,1
2021-07-27,Thai_Nguyen,21.5942,105.8482,29.4,86,8.6,73,993.9,1
2021-07-28,Thai_Nguyen,21.5942,105.8482,29.2,88,8.9,88,993.9,1
2021-07-29,Thai_Nguyen,21.5942,105.8482,28.7,90,7.9,96,995.3,1
2021-07-30,Thai_Nguyen,21.5942,105.8482,29.2,87,12.7,95,995.8,1
2021-07-31,Thai_Nguyen,21.5942,105.8482,29.7,86,18.2,100,994.9,1
2021-08-01,Thai_Nguyen,21.5942,105.8482,26.6,94,9.5,98,995.2,1
2021-08-02,Thai_Nguyen,21.5942,105.8482,28.6,88,10.4,71,994.8,1
2021-08-03,Thai_Nguyen,21.5942,105.8482,29.9,84,10.5,86,995.6,0
2021-08-04,Thai_Nguyen,21.5942,105.8482,30.7,81,13.3,64,995.7,1
2021-08-05,Thai_Nguyen,21.5942,105.8482,31.2,82,8.7,67,994.3,0
2021-08-06,Thai_Nguyen,21.5942,105.8482,31.7,79,8.5,90,994.8,0
2021-08-07,Thai_Nguyen,21.5942,105.8482,31.5,78,9.4,99,996.1,0
2021-08-08,Thai_Nguyen,21.5942,105.8482,30.8,82,8.9,98,997.4,0
2021-08-09,Thai_Nguyen,21.5942,105.8482,29.6,86,6.1,98,998.0,1
2021-08-10,Thai_Nguyen,21.5942,105.8482,27.4,93,9.9,99,998.2,1
2021-08-11,Thai_Nguyen,21.5942,105.8482,27.0,94,13.2,100,1000.6,1
2021-08-12,Thai_Nguyen,21.5942,105.8482,28.0,89,10.4,98,1001.7,1
2021-08-13,Thai_Nguyen,21.5942,105.8482,28.9,88,12.6,90,998.1,1
2021-08-14,Thai_Nguyen,21.5942,105.8482,28.1,92,7.9,100,997.5,1
2021-08-15,Thai_Nguyen,21.5942,105.8482,26.6,94,12.1,99,1001.5,1
2021-08-16,Thai_Nguyen,21.5942,105.8482,28.1,87,10.5,87,1004.9,1
2021-08-17,Thai_Nguyen,21.5942,105.8482,28.7,85,11.6,67,1004.2,1
2021-08-18,Thai_Nguyen,21.5942,105.8482,28.3,88,13.7,74,1002.2,1
2021-08-19,Thai_Nguyen,21.5942,105.8482,28.1,87,11.6,76,1002.5,1
2021-08-20,Thai_Nguyen,21.5942,105.8482,28.0,89,11.4,64,1003.6,1
2021-08-21,Thai_Nguyen,21.5942,105.8482,29.0,87,14.8,84,1002.5,1
2021-08-22,Thai_Nguyen,21.5942,105.8482,30.0,84,14.3,79,999.9,1
2021-08-23,Thai_Nguyen,21.5942,105.8482,29.4,86,15.5,92,999.1,1
2021-08-24,Thai_Nguyen,21.5942,105.8482,28.1,92,10.5,100,1000.2,1
2021-08-25,Thai_Nguyen,21.5942,105.8482,28.2,88,12.2,84,1001.6,1
2021-08-26,Thai_Nguyen,21.5942,105.8482,27.4,90,16.1,83,1004.2,1
2021-08-27,Thai_Nguyen,21.5942,105.8482,26.6,91,11.7,90,1005.9,1
2021-08-28,Thai_Nguyen,21.5942,105.8482,26.1,91,9.7,68,1005.7,1
2021-08-29,Thai_Nguyen,21.5942,105.8482,27.0,86,11.6,40,1005.5,1
2021-08-30,Thai_Nguyen,21.5942,105.8482,27.6,84,12.0,76,1005.8,1
2021-08-31,Thai_Nguyen,21.5942,105.8482,27.9,86,10.7,51,1005.7,1
2021-09-01,Thai_Nguyen,21.5942,105.8482,28.0,87,7.7,65,1004.7,1
2021-09-02,Thai_Nguyen,21.5942,105.8482,26.8,90,8.4,91,1003.7,1
2021-09-03,Thai_Nguyen,21.5942,105.8482,27.4,87,9.4,65,1001.6,1
2021-09-04,Thai_Nguyen,21.5942,105.8482,27.5,87,11.1,58,1001.7,1
2021-09-05,Thai_Nguyen,21.5942,105.8482,26.6,91,9.0,70,1004.5,1
2021-09-06,Thai_Nguyen,21.5942,105.8482,27.6,87,6.2,44,1006.3,1
2021-09-07,Thai_Nguyen,21.5942,105.8482,27.5,89,10.4,80,1006.0,1
2021-09-08,Thai_Nguyen,21.5942,105.8482,26.8,89,12.4,82,1004.9,1
2021-09-09,Thai_Nguyen,21.5942,105.8482,26.8,90,8.9,51,1005.8,1
2021-09-10,Thai_Nguyen,21.5942,105.8482,28.3,81,11.5,62,1004.5,0
2021-09-11,Thai_Nguyen,21.5942,105.8482,29.2,81,10.2,42,1001.4,1
2021-09-12,Thai_Nguyen,21.5942,105.8482,29.9,82,8.4,53,998.8,0
2021-09-13,Thai_Nguyen,21.5942,105.8482,28.5,89,11.6,88,1002.0,1
2021-09-14,Thai_Nguyen,21.5942,105.8482,26.7,93,9.2,99,1006.1,1
2021-09-15,Thai_Nguyen,21.5942,105.8482,26.3,91,6.9,98,1007.4,1
2021-09-16,Thai_Nguyen,21.5942,105.8482,26.9,88,13.5,83,1006.1,1
2021-09-17,Thai_Nguyen,21.5942,105.8482,27.2,88,10.7,94,1004.5,1
2021-09-18,Thai_Nguyen,21.5942,105.8482,27.6,88,11.0,74,1005.0,1
2021-09-19,Thai_Nguyen,21.5942,105.8482,28.3,84,12.4,69,1005.3,1
2021-09-20,Thai_Nguyen,21.5942,105.8482,27.4,89,7.5,64,1005.8,1
2021-09-21,Thai_Nguyen,21.5942,105.8482,27.6,87,9.0,19,1005.1,1
2021-09-22,Thai_Nguyen,21.5942,105.8482,26.0,93,12.6,64,1005.4,1
2021-09-23,Thai_Nguyen,21.5942,105.8482,26.5,91,9.3,78,1007.1,1
2021-09-24,Thai_Nguyen,21.5942,105.8482,26.0,93,7.0,86,1007.6,1
2021-09-25,Thai_Nguyen,21.5942,105.8482,25.6,93,9.7,80,1007.4,1
2021-09-26,Thai_Nguyen,21.5942,105.8482,26.0,91,8.3,74,1007.7,1
2021-09-27,Thai_Nguyen,21.5942,105.8482,26.3,89,8.6,51,1007.2,1
2021-09-28,Thai_Nguyen,21.5942,105.8482,27.3,85,8.0,16,1005.7,0
2021-09-29,Thai_Nguyen,21.5942,105.8482,27.7,84,9.2,26,1004.5,0
2021-09-30,Thai_Nguyen,21.5942,105.8482,28.2,84,11.3,33,1004.4,0
2021-10-01,Thai_Nguyen,21.5942,105.8482,27.9,87,8.1,60,1004.6,1
2021-10-02,Thai_Nguyen,21.5942,105.8482,27.6,84,9.4,82,1005.5,1
2021-10-03,Thai_Nguyen,21.5942,105.8482,27.2,83,10.2,29,1006.1,1
2021-10-04,Thai_Nguyen,21.5942,105.8482,26.8,88,11.1,21,1007.1,1
2021-10-05,Thai_Nguyen,21.5942,105.8482,27.3,84,8.5,39,1006.9,1
2021-10-06,Thai_Nguyen,21.5942,105.8482,27.6,83,8.6,46,1004.0,1
2021-10-07,Thai_Nguyen,21.5942,105.8482,28.2,79,13.2,51,1001.5,1
2021-10-08,Thai_Nguyen,21.5942,105.8482,27.9,71,14.9,57,1000.8,0
2021-10-09,Thai_Nguyen,21.5942,105.8482,24.9,83,16.4,100,1000.7,1
2021-10-10,Thai_Nguyen,21.5942,105.8482,23.5,91,20.6,100,999.6,1
2021-10-11,Thai_Nguyen,21.5942,105.8482,22.5,88,16.6,98,1004.8,1
2021-10-12,Thai_Nguyen,21.5942,105.8482,23.5,72,21.6,38,1005.7,0
2021-10-13,Thai_Nguyen,21.5942,105.8482,22.9,78,22.4,100,1002.3,1
2021-10-14,Thai_Nguyen,21.5942,105.8482,21.5,86,22.2,100,1002.8,1
2021-10-15,Thai_Nguyen,21.5942,105.8482,21.7,92,12.4,100,1007.5,1
2021-10-16,Thai_Nguyen,21.5942,105.8482,20.8,86,14.2,100,1013.2,1
2021-10-17,Thai_Nguyen,21.5942,105.8482,21.0,69,16.4,91,1016.1,1
2021-10-18,Thai_Nguyen,21.5942,105.8482,19.6,86,12.0,100,1014.8,1
2021-10-19,Thai_Nguyen,21.5942,105.8482,22.2,90,10.6,93,1013.0,1
2021-10-20,Thai_Nguyen,21.5942,105.8482,25.6,86,13.4,73,1009.5,1
2021-10-21,Thai_Nguyen,21.5942,105.8482,22.1,76,15.7,100,1011.9,1
2021-10-22,Thai_Nguyen,21.5942,105.8482,19.7,62,13.8,100,1017.1,1
2021-10-23,Thai_Nguyen,21.5942,105.8482,19.4,69,8.5,75,1017.4,0
2021-10-24,Thai_Nguyen,21.5942,105.8482,20.2,74,8.9,39,1016.5,0
2021-10-25,Thai_Nguyen,21.5942,105.8482,20.5,80,6.7,16,1013.3,0
2021-10-26,Thai_Nguyen,21.5942,105.8482,21.6,80,7.8,22,1011.9,0
2021-10-27,Thai_Nguyen,21.5942,105.8482,22.6,77,7.2,20,1012.8,0
2021-10-28,Thai_Nguyen,21.5942,105.8482,22.1,84,10.6,98,1013.5,1
2021-10-29,Thai_Nguyen,21.5942,105.8482,21.9,93,8.0,100,1013.8,1
2021-10-30,Thai_Nguyen,21.5942,105.8482,20.4,90,8.4,100,1014.9,1
2021-10-31,Thai_Nguyen,21.5942,105.8482,20.9,92,6.8,100,1013.6,1
2021-11-01,Thai_Nguyen,21.5942,105.8482,21.7,89,6.6,100,1013.6,1
2021-11-02,Thai_Nguyen,21.5942,105.8482,21.8,87,9.2,100,1013.6,1
2021-11-03,Thai_Nguyen,21.5942,105.8482,22.6,88,7.1,82,1011.5,1
2021-11-04,Thai_Nguyen,21.5942,105.8482,24.5,87,13.6,67,1008.8,1
2021-11-05,Thai_Nguyen,21.5942,105.8482,25.7,85,16.2,60,1005.9,1
2021-11-06,Thai_Nguyen,21.5942,105.8482,25.7,87,13.8,72,1003.9,1
2021-11-07,Thai_Nguyen,21.5942,105.8482,25.3,89,12.9,76,1007.6,1
2021-11-08,Thai_Nguyen,21.5942,105.8482,18.5,60,15.8,87,1017.1,1
2021-11-09,Thai_Nguyen,21.5942,105.8482,18.3,65,8.3,25,1016.9,0
2021-11-10,Thai_Nguyen,21.5942,105.8482,18.7,63,7.7,33,1016.4,0
2021-11-11,Thai_Nguyen,21.5942,105.8482,18.4,75,6.7,58,1013.6,0
2021-11-12,Thai_Nguyen,21.5942,105.8482,20.1,69,8.7,97,1015.7,0
2021-11-13,Thai_Nguyen,21.5942,105.8482,20.2,64,8.4,87,1015.5,0
2021-11-14,Thai_Nguyen,21.5942,105.8482,19.2,74,8.7,60,1014.1,0
2021-11-15,Thai_Nguyen,21.5942,105.8482,20.8,78,7.6,80,1011.9,1
2021-11-16,Thai_Nguyen,21.5942,105.8482,20.9,88,4.7,99,1011.8,1
2021-11-17,Thai_Nguyen,21.5942,105.8482,20.7,79,7.2,100,1013.8,1
2021-11-18,Thai_Nguyen,21.5942,105.8482,19.3,71,7.3,83,1011.9,0
2021-11-19,Thai_Nguyen,21.5942,105.8482,20.0,84,11.4,83,1007.0,1
2021-11-20,Thai_Nguyen,21.5942,105.8482,22.8,88,12.2,81,1005.5,1
2021-11-21,Thai_Nguyen,21.5942,105.8482,24.0,88,15.4,82,1008.3,1
2021-11-22,Thai_Nguyen,21.5942,105.8482,18.8,70,14.8,86,1015.3,1
2021-11-23,Thai_Nguyen,21.5942,105.8482,16.8,59,9.4,100,1018.5,0
2021-11-24,Thai_Nguyen,21.5942,105.8482,17.0,66,10.1,87,1018.0,1
2021-11-25,Thai_Nguyen,21.5942,105.8482,17.8,79,8.4,54,1015.5,1
2021-11-26,Thai_Nguyen,21.5942,105.8482,19.1,74,7.9,47,1015.5,0
2021-11-27,Thai_Nguyen,21.5942,105.8482,19.2,69,8.1,53,1016.5,0
2021-11-28,Thai_Nguyen,21.5942,105.8482,18.8,74,7.9,12,1015.9,0
2021-11-29,Thai_Nguyen,21.5942,105.8482,19.3,75,10.1,80,1014.6,0
2021-11-30,Thai_Nguyen,21.5942,105.8482,20.6,59,16.1,63,1017.5,0
2021-12-01,Thai_Nguyen,21.5942,105.8482,16.7,62,10.9,47,1018.6,0
2021-12-02,Thai_Nguyen,21.5942,105.8482,15.4,65,8.6,54,1018.9,0
2021-12-03,Thai_Nguyen,21.5942,105.8482,15.6,70,9.1,49,1018.6,0
2021-12-04,Thai_Nguyen,21.5942,105.8482,16.1,69,9.3,40,1018.0,0
2021-12-05,Thai_Nguyen,21.5942,105.8482,16.7,69,7.4,2,1017.7,0
2021-12-06,Thai_Nguyen,21.5942,105.8482,16.8,66,10.4,0,1017.0,0
2021-12-07,Thai_Nguyen,21.5942,105.8482,16.2,63,10.5,0,1016.8,0
2021-12-08,Thai_Nguyen,21.5942,105.8482,17.5,66,7.1,40,1017.5,1
2021-12-09,Thai_Nguyen,21.5942,105.8482,18.3,87,8.2,82,1018.5,1
2021-12-10,Thai_Nguyen,21.5942,105.8482,19.4,80,12.2,62,1015.6,0
2021-12-11,Thai_Nguyen,21.5942,105.8482,19.4,82,8.2,52,1015.8,0
2021-12-12,Thai_Nguyen,21.5942,105.8482,19.1,73,17.1,69,1018.5,1
2021-12-13,Thai_Nguyen,21.5942,105.8482,17.8,60,9.8,66,1018.6,0
2021-12-14,Thai_Nguyen,21.5942,105.8482,16.4,77,9.3,28,1014.2,0
2021-12-15,Thai_Nguyen,21.5942,105.8482,17.4,88,12.0,78,1011.0,1
2021-12-16,Thai_Nguyen,21.5942,105.8482,20.3,85,8.7,76,1011.6,1
2021-12-17,Thai_Nguyen,21.5942,105.8482,20.5,66,17.1,66,1016.3,1
2021-12-18,Thai_Nguyen,21.5942,105.8482,17.4,50,11.0,43,1019.1,0
2021-12-19,Thai_Nguyen,21.5942,105.8482,17.2,51,10.8,52,1018.3,0
2021-12-20,Thai_Nguyen,21.5942,105.8482,18.6,53,13.2,78,1013.9,0
2021-12-21,Thai_Nguyen,21.5942,105.8482,17.9,64,22.6,10,1013.4,0
2021-12-22,Thai_Nguyen,21.5942,105.8482,18.0,69,10.9,2,1012.8,0
2021-12-23,Thai_Nguyen,21.5942,105.8482,18.1,74,11.0,1,1011.6,0
2021-12-24,Thai_Nguyen,21.5942,105.8482,19.3,81,7.6,69,1012.2,1
2021-12-25,Thai_Nguyen,21.5942,105.8482,19.9,80,16.0,97,1015.3,1
2021-12-26,Thai_Nguyen,21.5942,105.8482,17.0,65,18.2,100,1019.3,0
2021-12-27,Thai_Nguyen,21.5942,105.8482,12.3,58,9.4,100,1023.6,1
2021-12-28,Thai_Nguyen,21.5942,105.8482,13.1,65,6.2,94,1021.1,0
2021-12-29,Thai_Nguyen,21.5942,105.8482,15.1,68,6.6,100,1020.6,0
2021-12-30,Thai_Nguyen,21.5942,105.8482,16.5,60,8.7,100,1022.0,0
2021-12-31,Thai_Nguyen,21.5942,105.8482,16.1,68,7.2,96,1021.0,0
2022-01-01,Thai_Nguyen,21.5942,105.8482,16.4,74,9.5,100,1020.5,0
2022-01-02,Thai_Nguyen,21.5942,105.8482,16.5,73,8.9,60,1018.7,0
2022-01-03,Thai_Nguyen,21.5942,105.8482,17.1,80,9.5,40,1016.0,0
2022-01-04,Thai_Nguyen,21.5942,105.8482,18.1,83,11.3,63,1013.8,1
2022-01-05,Thai_Nguyen,21.5942,105.8482,19.2,87,7.7,74,1012.3,1
2022-01-06,Thai_Nguyen,21.5942,105.8482,20.1,85,12.9,69,1013.3,1
2022-01-07,Thai_Nguyen,21.5942,105.8482,19.5,85,14.0,89,1015.3,1
2022-01-08,Thai_Nguyen,21.5942,105.8482,18.6,77,12.3,100,1014.6,1
2022-01-09,Thai_Nguyen,21.5942,105.8482,14.5,83,6.4,100,1014.6,1
2022-01-10,Thai_Nguyen,21.5942,105.8482,15.9,81,9.0,100,1013.5,1
2022-01-11,Thai_Nguyen,21.5942,105.8482,15.9,66,7.7,75,1017.5,1
2022-01-12,Thai_Nguyen,21.5942,105.8482,15.6,75,8.9,85,1015.6,0
2022-01-13,Thai_Nguyen,21.5942,105.8482,15.7,74,7.1,100,1017.4,1
2022-01-14,Thai_Nguyen,21.5942,105.8482,17.0,76,11.7,100,1014.6,0
2022-01-15,Thai_Nguyen,21.5942,105.8482,18.7,85,10.5,100,1013.2,1
2022-01-16,Thai_Nguyen,21.5942,105.8482,18.1,89,24.3,100,1014.1,1
2022-01-17,Thai_Nguyen,21.5942,105.8482,13.7,90,8.9,97,1018.1,1
2022-01-18,Thai_Nguyen,21.5942,105.8482,16.2,75,15.0,46,1017.9,0
2022-01-19,Thai_Nguyen,21.5942,105.8482,15.2,77,9.2,61,1015.5,0
2022-01-20,Thai_Nguyen,21.5942,105.8482,15.6,87,7.9,92,1012.8,1
2022-01-21,Thai_Nguyen,21.5942,105.8482,16.4,94,6.1,100,1011.3,1
2022-01-22,Thai_Nguyen,21.5942,105.8482,17.6,94,4.4,86,1007.4,1
2022-01-23,Thai_Nguyen,21.5942,105.8482,19.5,91,7.3,72,1006.8,1
2022-01-24,Thai_Nguyen,21.5942,105.8482,21.8,87,12.7,65,1007.9,1
2022-01-25,Thai_Nguyen,21.5942,105.8482,20.1,85,14.5,87,1010.0,1
2022-01-26,Thai_Nguyen,21.5942,105.8482,20.7,87,15.2,88,1010.0,1
2022-01-27,Thai_Nguyen,21.5942,105.8482,21.6,87,16.4,90,1010.0,1
2022-01-28,Thai_Nguyen,21.5942,105.8482,21.9,83,21.5,80,1009.2,1
2022-01-29,Thai_Nguyen,21.5942,105.8482,14.6,82,13.8,99,1010.6,1
2022-01-30,Thai_Nguyen,21.5942,105.8482,12.5,72,7.6,100,1013.8,1
2022-01-31,Thai_Nguyen,21.5942,105.8482,11.9,78,11.5,100,1015.2,1
2022-02-01,Thai_Nguyen,21.5942,105.8482,12.4,71,8.4,100,1015.5,1
2022-02-02,Thai_Nguyen,21.5942,105.8482,11.6,78,9.8,99,1016.5,1
2022-02-03,Thai_Nguyen,21.5942,105.8482,12.2,71,7.2,76,1016.9,0
2022-02-04,Thai_Nguyen,21.5942,105.8482,12.4,75,9.8,83,1018.8,0
2022-02-05,Thai_Nguyen,21.5942,105.8482,14.0,71,7.1,100,1018.7,1
2022-02-06,Thai_Nguyen,21.5942,105.8482,13.9,91,4.7,100,1015.1,1
2022-02-07,Thai_Nguyen,21.5942,105.8482,17.0,87,8.9,87,1011.0,1
2022-02-08,Thai_Nguyen,21.5942,105.8482,15.7,84,10.3,100,1012.4,1
2022-02-09,Thai_Nguyen,21.5942,105.8482,12.9,79,7.6,100,1014.9,1
2022-02-10,Thai_Nguyen,21.5942,105.8482,14.3,83,7.6,100,1012.4,1
2022-02-11,Thai_Nguyen,21.5942,105.8482,17.1,87,7.9,100,1011.1,1
2022-02-12,Thai_Nguyen,21.5942,105.8482,15.1,91,9.2,100,1010.8,1
2022-02-13,Thai_Nguyen,21.5942,105.8482,14.1,81,10.9,95,1011.5,1
2022-02-14,Thai_Nguyen,21.5942,105.8482,14.8,75,8.0,42,1013.8,0
2022-02-15,Thai_Nguyen,21.5942,105.8482,15.0,85,5.7,82,1012.8,0
2022-02-16,Thai_Nguyen,21.5942,105.8482,16.9,87,4.7,100,1008.8,1
2022-02-17,Thai_Nguyen,21.5942,105.8482,19.9,88,10.2,100,1005.7,1
2022-02-18,Thai_Nguyen,21.5942,105.8482,20.3,94,18.4,100,1006.3,1
2022-02-19,Thai_Nguyen,21.5942,105.8482,12.1,85,11.5,100,1014.1,1
2022-02-20,Thai_Nguyen,21.5942,105.8482,8.9,84,10.8,100,1019.4,1
2022-02-21,Thai_Nguyen,21.5942,105.8482,10.3,67,11.8,98,1020.1,0
2022-02-22,Thai_Nguyen,21.5942,105.8482,11.3,59,12.5,100,1021.3,0
2022-02-23,Thai_Nguyen,21.5942,105.8482,12.0,65,9.7,32,1022.9,0
2022-02-24,Thai_Nguyen,21.5942,105.8482,12.2,65,8.7,19,1023.0,0
2022-02-25,Thai_Nguyen,21.5942,105.8482,12.9,74,9.7,8,1020.1,0
2022-02-26,Thai_Nguyen,21.5942,105.8482,15.3,80,8.6,50,1018.2,0
2022-02-27,Thai_Nguyen,21.5942,105.8482,17.2,79,10.6,73,1014.8,0
2022-02-28,Thai_Nguyen,21.5942,105.8482,17.0,85,12.3,66,1012.1,0
2022-03-01,Thai_Nguyen,21.5942,105.8482,19.5,87,8.7,100,1012.5,1
2022-03-02,Thai_Nguyen,21.5942,105.8482,21.0,85,10.3,81,1012.6,1
2022-03-03,Thai_Nguyen,21.5942,105.8482,20.7,84,14.1,77,1010.2,0
2022-03-04,Thai_Nguyen,21.5942,105.8482,21.2,87,13.0,100,1008.7,1
2022-03-05,Thai_Nguyen,21.5942,105.8482,21.7,88,12.9,100,1007.6,1
2022-03-06,Thai_Nguyen,21.5942,105.8482,22.0,91,11.2,100,1007.7,1
2022-03-07,Thai_Nguyen,21.5942,105.8482,21.1,79,18.3,67,1013.9,1
2022-03-08,Thai_Nguyen,21.5942,105.8482,18.3,76,16.6,18,1011.8,0
2022-03-09,Thai_Nguyen,21.5942,105.8482,18.0,82,12.2,78,1009.9,1
2022-03-10,Thai_Nguyen,21.5942,105.8482,20.1,83,11.7,100,1009.9,1
2022-03-11,Thai_Nguyen,21.5942,105.8482,21.6,81,11.1,99,1008.2,1
2022-03-12,Thai_Nguyen,21.5942,105.8482,22.2,82,16.3,100,1006.9,1
2022-03-13,Thai_Nguyen,21.5942,105.8482,22.7,82,16.1,99,1007.0,1
2022-03-14,Thai_Nguyen,21.5942,105.8482,22.2,87,13.3,100,1007.0,1
2022-03-15,Thai_Nguyen,21.5942,105.8482,23.6,83,11.0,99,1005.9,1
2022-03-16,Thai_Nguyen,21.5942,105.8482,22.7,88,18.7,100,1003.8,1
2022-03-17,Thai_Nguyen,21.5942,105.8482,24.0,86,12.6,98,1003.6,1
2022-03-18,Thai_Nguyen,21.5942,105.8482,25.0,84,12.8,80,1004.3,1
2022-03-19,Thai_Nguyen,21.5942,105.8482,24.1,86,19.3,97,1002.6,1
2022-03-20,Thai_Nguyen,21.5942,105.8482,25.1,86,19.3,78,1002.4,1
2022-03-21,Thai_Nguyen,21.5942,105.8482,25.8,85,18.4,72,1003.6,1
2022-03-22,Thai_Nguyen,21.5942,105.8482,26.1,84,14.9,94,1005.1,1
2022-03-23,Thai_Nguyen,21.5942,105.8482,18.5,81,11.7,100,1010.5,1
2022-03-24,Thai_Nguyen,21.5942,105.8482,19.2,84,13.4,100,1006.7,1
2022-03-25,Thai_Nguyen,21.5942,105.8482,23.3,85,11.4,63,1003.0,0
2022-03-26,Thai_Nguyen,21.5942,105.8482,26.4,85,11.8,52,1003.3,1
2022-03-27,Thai_Nguyen,21.5942,105.8482,21.8,68,15.8,100,1010.1,1
2022-03-28,Thai_Nguyen,21.5942,105.8482,20.3,69,10.9,65,1012.3,1
2022-03-29,Thai_Nguyen,21.5942,105.8482,20.1,81,12.2,87,1010.5,1
2022-03-30,Thai_Nguyen,21.5942,105.8482,22.4,89,12.5,97,1009.5,1
2022-03-31,Thai_Nguyen,21.5942,105.8482,24.0,83,11.5,96,1011.0,1
2022-04-01,Thai_Nguyen,21.5942,105.8482,19.2,71,14.7,100,1017.7,1
2022-04-02,Thai_Nguyen,21.5942,105.8482,17.6,61,19.2,78,1021.1,0
2022-04-03,Thai_Nguyen,21.5942,105.8482,17.4,69,9.7,8,1018.3,0
2022-04-04,Thai_Nguyen,21.5942,105.8482,18.4,67,13.0,4,1017.0,0
2022-04-05,Thai_Nguyen,21.5942,105.8482,19.5,70,13.5,35,1015.8,0
2022-04-06,Thai_Nguyen,21.5942,105.8482,21.5,73,12.1,33,1014.0,0
2022-04-07,Thai_Nguyen,21.5942,105.8482,22.9,69,11.3,21,1012.7,0
2022-04-08,Thai_Nguyen,21.5942,105.8482,22.5,69,10.9,2,1010.8,0
2022-04-09,Thai_Nguyen,21.5942,105.8482,22.3,70,16.4,0,1008.1,0
2022-04-10,Thai_Nguyen,21.5942,105.8482,22.5,69,16.0,35,1006.7,0
2022-04-11,Thai_Nguyen,21.5942,105.8482,23.2,82,12.9,80,1005.7,1
2022-04-12,Thai_Nguyen,21.5942,105.8482,24.1,84,14.0,83,1002.5,1
2022-04-13,Thai_Nguyen,21.5942,105.8482,25.2,80,11.3,49,1002.7,0
2022-04-14,Thai_Nguyen,21.5942,105.8482,26.1,76,17.8,50,1002.8,0
2022-04-15,Thai_Nguyen,21.5942,105.8482,25.2,86,19.7,100,1003.5,1
2022-04-16,Thai_Nguyen,21.5942,105.8482,22.7,85,18.2,100,1005.8,1
2022-04-17,Thai_Nguyen,21.5942,105.8482,18.6,82,7.7,100,1010.4,1
2022-04-18,Thai_Nguyen,21.5942,105.8482,18.6,78,11.6,100,1013.8,1
2022-04-19,Thai_Nguyen,21.5942,105.8482,20.7,75,7.7,61,1013.4,0
2022-04-20,Thai_Nguyen,21.5942,105.8482,20.8,78,7.4,78,1010.6,0
2022-04-21,Thai_Nguyen,21.5942,105.8482,21.3,85,10.1,72,1007.5,1
2022-04-22,Thai_Nguyen,21.5942,105.8482,24.7,85,15.5,64,1004.6,1
2022-04-23,Thai_Nguyen,21.5942,105.8482,25.8,88,13.0,63,1003.3,1
2022-04-24,Thai_Nguyen,21.5942,105.8482,27.2,84,17.2,55,1000.2,1
2022-04-25,Thai_Nguyen,21.5942,105.8482,28.0,82,17.8,47,999.4,1
2022-04-26,Thai_Nguyen,21.5942,105.8482,28.2,82,16.1,32,999.1,0
2022-04-27,Thai_Nguyen,21.5942,105.8482,28.1,83,16.4,63,1000.8,1
2022-04-28,Thai_Nguyen,21.5942,105.8482,27.8,85,20.6,79,1002.8,1
2022-04-29,Thai_Nguyen,21.5942,105.8482,27.1,86,16.0,84,1004.6,1
2022-04-30,Thai_Nguyen,21.5942,105.8482,26.9,84,25.0,96,1005.0,1
2022-05-01,Thai_Nguyen,21.5942,105.8482,21.8,64,17.1,96,1010.0,1
2022-05-02,Thai_Nguyen,21.5942,105.8482,21.8,60,14.8,51,1012.1,0
2022-05-03,Thai_Nguyen,21.5942,105.8482,22.2,68,11.3,6,1012.2,0
2022-05-04,Thai_Nguyen,21.5942,105.8482,22.9,70,12.5,30,1010.0,0
2022-05-05,Thai_Nguyen,21.5942,105.8482,23.6,73,11.0,64,1007.4,0
2022-05-06,Thai_Nguyen,21.5942,105.8482,23.9,81,7.8,67,1006.8,1
2022-05-07,Thai_Nguyen,21.5942,105.8482,25.1,83,13.9,72,1006.6,1
2022-05-08,Thai_Nguyen,21.5942,105.8482,26.0,84,18.5,88,1006.0,1
2022-05-09,Thai_Nguyen,21.5942,105.8482,25.8,88,17.2,95,1005.0,1
2022-05-10,Thai_Nguyen,21.5942,105.8482,26.6,90,16.1,93,1002.2,1
2022-05-11,Thai_Nguyen,21.5942,105.8482,27.0,87,16.0,92,1000.2,1
2022-05-12,Thai_Nguyen,21.5942,105.8482,26.8,87,13.7,96,999.8,1
2022-05-13,Thai_Nguyen,21.5942,105.8482,25.8,83,16.3,95,1000.1,1
2022-05-14,Thai_Nguyen,21.5942,105.8482,25.5,82,6.4,100,1002.9,1
2022-05-15,Thai_Nguyen,21.5942,105.8482,24.7,77,17.9,99,1005.7,1
2022-05-16,Thai_Nguyen,21.5942,105.8482,21.8,74,13.0,98,1010.0,1
2022-05-17,Thai_Nguyen,21.5942,105.8482,22.6,73,11.8,92,1009.1,0
2022-05-18,Thai_Nguyen,21.5942,105.8482,23.7,79,13.4,100,1008.2,0
2022-05-19,Thai_Nguyen,21.5942,105.8482,25.2,82,11.1,88,1006.5,1
2022-05-20,Thai_Nguyen,21.5942,105.8482,26.1,84,10.0,98,1004.4,1
2022-05-21,Thai_Nguyen,21.5942,105.8482,24.5,90,13.0,100,1002.3,1
2022-05-22,Thai_Nguyen,21.5942,105.8482,24.1,92,13.4,100,998.6,1
2022-05-23,Thai_Nguyen,21.5942,105.8482,25.0,93,15.7,100,998.6,1
2022-05-24,Thai_Nguyen,21.5942,105.8482,24.5,94,11.1,100,1002.2,1
2022-05-25,Thai_Nguyen,21.5942,105.8482,27.1,85,16.1,100,1001.3,1
2022-05-26,Thai_Nguyen,21.5942,105.8482,27.5,88,12.2,100,998.0,1
2022-05-27,Thai_Nguyen,21.5942,105.8482,26.8,88,12.7,100,996.7,1
2022-05-28,Thai_Nguyen,21.5942,105.8482,26.5,91,12.7,100,997.0,1
2022-05-29,Thai_Nguyen,21.5942,105.8482,26.8,92,9.2,100,997.8,1
2022-05-30,Thai_Nguyen,21.5942,105.8482,26.7,92,10.8,99,999.4,1
2022-05-31,Thai_Nguyen,21.5942,105.8482,26.3,90,12.5,98,1000.4,1
2022-06-01,Thai_Nguyen,21.5942,105.8482,27.1,89,13.0,99,999.7,1
2022-06-02,Thai_Nguyen,21.5942,105.8482,28.4,85,18.3,99,997.5,1
2022-06-03,Thai_Nguyen,21.5942,105.8482,29.4,83,13.8,100,996.0,1
2022-06-04,Thai_Nguyen,21.5942,105.8482,30.1,77,12.3,100,996.0,0
2022-06-05,Thai_Nguyen,21.5942,105.8482,28.8,84,8.0,100,996.6,1
2022-06-06,Thai_Nguyen,21.5942,105.8482,26.4,91,10.0,99,998.9,1
2022-06-07,Thai_Nguyen,21.5942,105.8482,26.8,90,7.6,100,999.5,1
2022-06-08,Thai_Nguyen,21.5942,105.8482,26.9,91,9.6,99,999.3,1
2022-06-09,Thai_Nguyen,21.5942,105.8482,27.3,90,9.0,100,998.6,1
2022-06-10,Thai_Nguyen,21.5942,105.8482,28.3,87,8.9,100,997.6,1
2022-06-11,Thai_Nguyen,21.5942,105.8482,26.4,93,11.7,100,999.6,1
2022-06-12,Thai_Nguyen,21.5942,105.8482,28.7,87,9.7,100,999.5,1
2022-06-13,Thai_Nguyen,21.5942,105.8482,28.9,85,10.2,100,999.6,1
2022-06-14,Thai_Nguyen,21.5942,105.8482,26.2,90,9.1,100,1002.8,1
2022-06-15,Thai_Nguyen,21.5942,105.8482,27.0,82,10.3,96,1003.2,1
2022-06-16,Thai_Nguyen,21.5942,105.8482,27.4,88,12.9,99,1001.6,1
2022-06-17,Thai_Nguyen,21.5942,105.8482,29.3,82,12.3,92,998.4,1
2022-06-18,Thai_Nguyen,21.5942,105.8482,29.9,76,12.0,100,996.0,0
2022-06-19,Thai_Nguyen,21.5942,105.8482,30.1,75,13.2,99,995.2,0
2022-06-20,Thai_Nguyen,21.5942,105.8482,30.5,75,13.0,100,994.2,0
2022-06-21,Thai_Nguyen,21.5942,105.8482,30.6,74,12.6,100,995.1,0
2022-06-22,Thai_Nguyen,21.5942,105.8482,29.9,79,17.1,99,999.8,1
2022-06-23,Thai_Nguyen,21.5942,105.8482,27.6,88,14.0,97,1003.1,1
2022-06-24,Thai_Nguyen,21.5942,105.8482,28.4,84,13.8,76,1002.3,1
2022-06-25,Thai_Nguyen,21.5942,105.8482,29.0,78,18.9,62,1000.9,1
2022-06-26,Thai_Nguyen,21.5942,105.8482,29.2,80,16.0,61,1001.5,1
2022-06-27,Thai_Nguyen,21.5942,105.8482,30.3,77,15.6,99,999.7,1
2022-06-28,Thai_Nguyen,21.5942,105.8482,30.7,77,12.0,99,997.2,0
2022-06-29,Thai_Nguyen,21.5942,105.8482,28.4,85,12.8,100,996.2,1
2022-06-30,Thai_Nguyen,21.5942,105.8482,27.4,87,10.4,100,997.4,1
2022-07-01,Thai_Nguyen,21.5942,105.8482,27.4,89,7.3,100,997.4,1
2022-07-02,Thai_Nguyen,21.5942,105.8482,29.2,84,13.5,96,993.6,1
2022-07-03,Thai_Nguyen,21.5942,105.8482,30.1,81,11.4,94,993.5,1
2022-07-04,Thai_Nguyen,21.5942,105.8482,29.8,85,9.4,100,994.1,1
2022-07-05,Thai_Nguyen,21.5942,105.8482,29.4,87,9.7,100,996.5,1
2022-07-06,Thai_Nguyen,21.5942,105.8482,27.8,90,12.1,98,998.9,1
2022-07-07,Thai_Nguyen,21.5942,105.8482,26.7,91,13.2,100,999.2,1
2022-07-08,Thai_Nguyen,21.5942,105.8482,26.4,91,11.0,100,1000.4,1
2022-07-09,Thai_Nguyen,21.5942,105.8482,26.6,89,11.5,96,1000.3,1
2022-07-10,Thai_Nguyen,21.5942,105.8482,27.6,87,11.8,55,1000.8,1
2022-07-11,Thai_Nguyen,21.5942,105.8482,27.9,88,10.9,80,1001.0,1
2022-07-12,Thai_Nguyen,21.5942,105.8482,27.8,87,16.8,58,1000.8,1
2022-07-13,Thai_Nguyen,21.5942,105.8482,27.5,88,18.1,60,1000.3,1
2022-07-14,Thai_Nguyen,21.5942,105.8482,27.4,88,15.9,61,1000.3,1
2022-07-15,Thai_Nguyen,21.5942,105.8482,28.3,87,12.2,92,1000.6,1
2022-07-16,Thai_Nguyen,21.5942,105.8482,29.7,82,15.5,72,999.9,1
2022-07-17,Thai_Nguyen,21.5942,105.8482,30.8,82,15.2,99,998.5,1
2022-07-18,Thai_Nguyen,21.5942,105.8482,30.9,79,19.5,100,996.4,1
2022-07-19,Thai_Nguyen,21.5942,105.8482,29.0,86,18.3,100,997.5,1
2022-07-20,Thai_Nguyen,21.5942,105.8482,27.2,91,18.4,100,1002.3,1
2022-07-21,Thai_Nguyen,21.5942,105.8482,26.7,91,19.2,91,1005.1,1
2022-07-22,Thai_Nguyen,21.5942,105.8482,26.7,89,16.9,78,1006.6,1
2022-07-23,Thai_Nguyen,21.5942,105.8482,28.1,85,14.5,31,1004.9,1
2022-07-24,Thai_Nguyen,21.5942,105.8482,29.1,82,12.4,11,1002.9,0
2022-07-25,Thai_Nguyen,21.5942,105.8482,29.3,79,14.5,19,1003.4,0
2022-07-26,Thai_Nguyen,21.5942,105.8482,29.1,79,18.1,33,1002.7,0
2022-07-27,Thai_Nguyen,21.5942,105.8482,29.1,80,13.5,54,1002.2,1
2022-07-28,Thai_Nguyen,21.5942,105.8482,29.5,79,10.5,98,1002.0,1
2022-07-29,Thai_Nguyen,21.5942,105.8482,29.5,80,11.0,100,1001.0,1
2022-07-30,Thai_Nguyen,21.5942,105.8482,27.7,89,12.0,94,1000.0,1
2022-07-31,Thai_Nguyen,21.5942,105.8482,27.1,89,14.7,91,999.5,1
2022-08-01,Thai_Nguyen,21.5942,105.8482,27.6,89,11.2,72,1000.5,1
2022-08-02,Thai_Nguyen,21.5942,105.8482,28.7,86,10.5,37,1002.0,1
2022-08-03,Thai_Nguyen,21.5942,105.8482,29.4,81,11.1,45,1001.8,0
2022-08-04,Thai_Nguyen,21.5942,105.8482,29.2,85,9.8,96,999.5,1
2022-08-05,Thai_Nguyen,21.5942,105.8482,27.1,88,12.1,100,999.0,1
2022-08-06,Thai_Nguyen,21.5942,105.8482,25.9,92,15.1,100,1000.1,1
2022-08-07,Thai_Nguyen,21.5942,105.8482,26.0,92,11.4,99,1001.6,1
2022-08-08,Thai_Nguyen,21.5942,105.8482,27.1,89,14.6,66,1001.2,1
2022-08-09,Thai_Nguyen,21.5942,105.8482,26.9,89,13.9,72,999.6,1
2022-08-10,Thai_Nguyen,21.5942,105.8482,27.1,88,17.6,82,997.1,1
2022-08-11,Thai_Nguyen,21.5942,105.8482,25.4,94,30.9,100,996.6,1
2022-08-12,Thai_Nguyen,21.5942,105.8482,25.0,95,11.5,99,1002.3,1
2022-08-13,Thai_Nguyen,21.5942,105.8482,26.7,91,9.8,90,1002.2,1
2022-08-14,Thai_Nguyen,21.5942,105.8482,27.8,88,11.4,60,1001.4,1
2022-08-15,Thai_Nguyen,21.5942,105.8482,28.3,86,13.1,79,1000.6,1
2022-08-16,Thai_Nguyen,21.5942,105.8482,28.9,84,10.3,63,1000.4,1
2022-08-17,Thai_Nguyen,21.5942,105.8482,28.4,85,15.0,96,1000.3,1
2022-08-18,Thai_Nguyen,21.5942,105.8482,29.0,83,15.3,59,999.6,1
2022-08-19,Thai_Nguyen,21.5942,105.8482,29.3,83,11.1,72,999.0,1
2022-08-20,Thai_Nguyen,21.5942,105.8482,26.8,91,12.5,100,999.0,1
2022-08-21,Thai_Nguyen,21.5942,105.8482,26.2,91,15.7,93,999.3,1
2022-08-22,Thai_Nguyen,21.5942,105.8482,27.7,88,11.5,90,1001.0,1
2022-08-23,Thai_Nguyen,21.5942,105.8482,28.6,87,10.2,64,1001.5,1
2022-08-24,Thai_Nguyen,21.5942,105.8482,28.9,85,8.6,80,999.9,1
2022-08-25,Thai_Nguyen,21.5942,105.8482,28.5,88,14.8,100,995.8,1
2022-08-26,Thai_Nguyen,21.5942,105.8482,26.2,92,23.6,99,999.1,1
2022-08-27,Thai_Nguyen,21.5942,105.8482,27.9,83,14.1,93,1003.4,1
2022-08-28,Thai_Nguyen,21.5942,105.8482,28.8,85,13.4,84,1003.3,1
2022-08-29,Thai_Nguyen,21.5942,105.8482,29.3,83,14.3,70,1004.8,1
2022-08-30,Thai_Nguyen,21.5942,105.8482,28.8,82,8.8,83,1004.6,1
2022-08-31,Thai_Nguyen,21.5942,105.8482,29.0,82,8.3,96,1003.0,1
2022-09-01,Thai_Nguyen,21.5942,105.8482,26.5,90,14.6,85,1005.5,1
2022-09-02,Thai_Nguyen,21.5942,105.8482,28.4,85,10.7,94,1004.4,1
2022-09-03,Thai_Nguyen,21.5942,105.8482,28.4,83,14.2,93,1002.0,1
2022-09-04,Thai_Nguyen,21.5942,105.8482,27.4,83,11.7,91,1003.5,1
2022-09-05,Thai_Nguyen,21.5942,105.8482,28.5,74,10.7,61,1003.8,0
2022-09-06,Thai_Nguyen,21.5942,105.8482,28.0,73,9.9,77,1004.3,0
2022-09-07,Thai_Nguyen,21.5942,105.8482,27.5,79,18.6,78,1007.0,1
2022-09-08,Thai_Nguyen,21.5942,105.8482,24.9,94,11.2,100,1008.9,1
2022-09-09,Thai_Nguyen,21.5942,105.8482,25.4,93,11.3,98,1009.2,1
2022-09-10,Thai_Nguyen,21.5942,105.8482,26.4,89,7.1,98,1007.9,1
2022-09-11,Thai_Nguyen,21.5942,105.8482,26.9,85,9.4,86,1006.2,1
2022-09-12,Thai_Nguyen,21.5942,105.8482,26.5,86,9.7,82,1005.2,1
2022-09-13,Thai_Nguyen,21.5942,105.8482,27.4,83,6.2,66,1005.2,0
2022-09-14,Thai_Nguyen,21.5942,105.8482,27.6,84,6.9,52,1004.7,0
2022-09-15,Thai_Nguyen,21.5942,105.8482,27.4,87,10.0,62,1002.3,1
2022-09-16,Thai_Nguyen,21.5942,105.8482,25.8,94,15.6,100,1000.7,1
2022-09-17,Thai_Nguyen,21.5942,105.8482,25.8,91,8.3,81,1002.5,1
2022-09-18,Thai_Nguyen,21.5942,105.8482,27.6,85,8.2,43,1002.7,1
2022-09-19,Thai_Nguyen,21.5942,105.8482,28.7,82,9.7,37,1002.5,0
2022-09-20,Thai_Nguyen,21.5942,105.8482,28.0,86,13.7,43,1002.8,1
2022-09-21,Thai_Nguyen,21.5942,105.8482,26.2,91,8.7,93,1004.9,1
2022-09-22,Thai_Nguyen,21.5942,105.8482,25.2,91,13.5,69,1006.1,1
2022-09-23,Thai_Nguyen,21.5942,105.8482,26.0,86,11.0,66,1006.5,1
2022-09-24,Thai_Nguyen,21.5942,105.8482,26.5,82,11.3,58,1006.5,1
2022-09-25,Thai_Nguyen,21.5942,105.8482,26.0,84,9.7,54,1006.9,1
2022-09-26,Thai_Nguyen,21.5942,105.8482,26.9,85,9.5,13,1005.7,1
2022-09-27,Thai_Nguyen,21.5942,105.8482,27.8,79,9.9,49,1003.1,1
2022-09-28,Thai_Nguyen,21.5942,105.8482,25.9,86,10.5,100,1002.0,1
2022-09-29,Thai_Nguyen,21.5942,105.8482,25.1,91,11.8,100,1003.2,1
2022-09-30,Thai_Nguyen,21.5942,105.8482,25.3,92,10.7,100,1004.7,1
2022-10-01,Thai_Nguyen,21.5942,105.8482,24.7,95,10.9,100,1005.8,1
2022-10-02,Thai_Nguyen,21.5942,105.8482,25.1,92,14.5,82,1007.1,1
2022-10-03,Thai_Nguyen,21.5942,105.8482,25.8,90,9.2,50,1008.4,1
2022-10-04,Thai_Nguyen,21.5942,105.8482,26.0,89,10.8,46,1009.5,1
2022-10-05,Thai_Nguyen,21.5942,105.8482,26.7,85,10.9,10,1009.2,0
2022-10-06,Thai_Nguyen,21.5942,105.8482,26.4,85,9.3,8,1009.3,1
2022-10-07,Thai_Nguyen,21.5942,105.8482,25.0,90,21.4,38,1010.2,1
2022-10-08,Thai_Nguyen,21.5942,105.8482,24.8,82,11.8,77,1010.8,1
2022-10-09,Thai_Nguyen,21.5942,105.8482,24.0,80,17.7,98,1013.6,1
2022-10-10,Thai_Nguyen,21.5942,105.8482,21.6,68,13.8,69,1016.8,0
2022-10-11,Thai_Nguyen,21.5942,105.8482,21.6,71,10.5,3,1013.7,0
2022-10-12,Thai_Nguyen,21.5942,105.8482,22.4,70,8.5,3,1012.1,0
2022-10-13,Thai_Nguyen,21.5942,105.8482,22.6,69,9.4,29,1010.9,0
2022-10-14,Thai_Nguyen,21.5942,105.8482,22.5,68,12.6,50,1009.1,0
2022-10-15,Thai_Nguyen,21.5942,105.8482,22.4,67,12.9,69,1009.0,0
2022-10-16,Thai_Nguyen,21.5942,105.8482,23.4,67,16.2,37,1010.6,0
2022-10-17,Thai_Nguyen,21.5942,105.8482,24.0,59,17.9,25,1011.0,0
2022-10-18,Thai_Nguyen,21.5942,105.8482,22.7,53,18.5,41,1011.5,0
2022-10-19,Thai_Nguyen,21.5942,105.8482,19.4,67,14.2,87,1012.8,1
2022-10-20,Thai_Nguyen,21.5942,105.8482,18.5,91,13.2,100,1013.9,1
2022-10-21,Thai_Nguyen,21.5942,105.8482,20.9,90,11.1,86,1014.3,1
2022-10-22,Thai_Nguyen,21.5942,105.8482,25.0,81,11.2,32,1012.6,0
2022-10-23,Thai_Nguyen,21.5942,105.8482,26.0,81,7.8,3,1010.9,0
2022-10-24,Thai_Nguyen,21.5942,105.8482,25.6,80,8.7,11,1010.2,1
2022-10-25,Thai_Nguyen,21.5942,105.8482,25.1,82,8.0,70,1011.9,1
2022-10-26,Thai_Nguyen,21.5942,105.8482,25.1,84,9.3,70,1010.8,1
2022-10-27,Thai_Nguyen,21.5942,105.8482,24.9,81,9.9,38,1010.5,0
2022-10-28,Thai_Nguyen,21.5942,105.8482,24.8,82,10.9,44,1011.1,1
2022-10-29,Thai_Nguyen,21.5942,105.8482,24.5,76,7.1,39,1011.2,0
2022-10-30,Thai_Nguyen,21.5942,105.8482,24.3,74,9.7,58,1010.3,0
2022-10-31,Thai_Nguyen,21.5942,105.8482,23.4,63,20.2,52,1011.0,0
2022-11-01,Thai_Nguyen,21.5942,105.8482,21.7,67,12.3,73,1010.5,0
2022-11-02,Thai_Nguyen,21.5942,105.8482,20.9,67,9.7,27,1008.3,0
2022-11-03,Thai_Nguyen,21.5942,105.8482,21.7,69,9.3,79,1009.5,0
2022-11-04,Thai_Nguyen,21.5942,105.8482,22.7,66,8.2,44,1012.5,0
2022-11-05,Thai_Nguyen,21.5942,105.8482,22.2,68,10.4,10,1014.5,0
2022-11-06,Thai_Nguyen,21.5942,105.8482,21.3,71,12.2,1,1013.7,0
2022-11-07,Thai_Nguyen,21.5942,105.8482,21.6,78,8.7,7,1012.6,0
2022-11-08,Thai_Nguyen,21.5942,105.8482,22.0,78,9.9,3,1012.5,0
2022-11-09,Thai_Nguyen,21.5942,105.8482,22.5,75,9.7,1,1012.3,0
2022-11-10,Thai_Nguyen,21.5942,105.8482,23.2,81,10.5,18,1011.6,0
2022-11-11,Thai_Nguyen,21.5942,105.8482,24.6,82,14.1,36,1010.8,1
2022-11-12,Thai_Nguyen,21.5942,105.8482,25.4,80,13.0,54,1009.7,0
2022-11-13,Thai_Nguyen,21.5942,105.8482,25.5,76,11.3,61,1010.5,1
2022-11-14,Thai_Nguyen,21.5942,105.8482,25.7,77,14.5,26,1010.6,0
2022-11-15,Thai_Nguyen,21.5942,105.8482,25.0,83,14.3,58,1009.5,1
2022-11-16,Thai_Nguyen,21.5942,105.8482,25.3,84,13.6,83,1007.9,1
2022-11-17,Thai_Nguyen,21.5942,105.8482,25.2,87,14.7,66,1007.6,1
2022-11-18,Thai_Nguyen,21.5942,105.8482,25.4,88,12.5,81,1008.9,1
2022-11-19,Thai_Nguyen,21.5942,105.8482,24.2,87,11.4,92,1010.3,1
2022-11-20,Thai_Nguyen,21.5942,105.8482,23.8,82,5.7,61,1009.1,1
2022-11-21,Thai_Nguyen,21.5942,105.8482,24.0,80,9.0,48,1007.6,0
2022-11-22,Thai_Nguyen,21.5942,105.8482,25.0,79,8.2,77,1007.2,1
2022-11-23,Thai_Nguyen,21.5942,105.8482,24.8,80,9.4,98,1008.3,1
2022-11-24,Thai_Nguyen,21.5942,105.8482,23.8,79,10.1,89,1009.5,1
2022-11-25,Thai_Nguyen,21.5942,105.8482,23.0,88,6.6,100,1010.4,1
2022-11-26,Thai_Nguyen,21.5942,105.8482,23.6,86,12.1,100,1008.7,1
2022-11-27,Thai_Nguyen,21.5942,105.8482,26.0,85,18.0,68,1004.3,1
2022-11-28,Thai_Nguyen,21.5942,105.8482,26.8,84,15.3,51,1003.9,1
2022-11-29,Thai_Nguyen,21.5942,105.8482,26.9,85,12.4,48,1005.8,1
2022-11-30,Thai_Nguyen,21.5942,105.8482,22.5,79,27.7,79,1011.0,1
2022-12-01,Thai_Nguyen,21.5942,105.8482,14.4,68,8.8,100,1017.5,1
2022-12-02,Thai_Nguyen,21.5942,105.8482,13.9,64,8.5,94,1017.1,1
2022-12-03,Thai_Nguyen,21.5942,105.8482,16.7,68,8.1,97,1013.5,0
2022-12-04,Thai_Nguyen,21.5942,105.8482,16.8,72,8.2,100,1015.5,1
2022-12-05,Thai_Nguyen,21.5942,105.8482,16.1,66,8.7,81,1018.2,1
2022-12-06,Thai_Nguyen,21.5942,105.8482,14.9,72,8.4,9,1015.6,0
2022-12-07,Thai_Nguyen,21.5942,105.8482,15.7,70,9.2,94,1015.4,0
2022-12-08,Thai_Nguyen,21.5942,105.8482,17.0,74,5.5,100,1014.8,0
2022-12-09,Thai_Nguyen,21.5942,105.8482,17.2,76,7.6,100,1013.3,0
2022-12-10,Thai_Nguyen,21.5942,105.8482,17.4,79,8.6,98,1012.8,1
2022-12-11,Thai_Nguyen,21.5942,105.8482,17.1,69,7.6,80,1014.4,0
2022-12-12,Thai_Nguyen,21.5942,105.8482,17.3,62,11.5,45,1016.6,0
2022-12-13,Thai_Nguyen,21.5942,105.8482,15.8,67,7.5,21,1016.2,0
2022-12-14,Thai_Nguyen,21.5942,105.8482,16.4,58,9.2,44,1017.9,0
2022-12-15,Thai_Nguyen,21.5942,105.8482,14.8,65,9.2,7,1013.2,0
2022-12-16,Thai_Nguyen,21.5942,105.8482,17.1,67,11.7,14,1013.7,0
2022-12-17,Thai_Nguyen,21.5942,105.8482,16.6,39,19.6,84,1023.2,0
2022-12-18,Thai_Nguyen,21.5942,105.8482,15.1,34,11.5,84,1023.2,0
2022-12-19,Thai_Nguyen,21.5942,105.8482,12.5,54,9.7,36,1016.8,0
2022-12-20,Thai_Nguyen,21.5942,105.8482,14.7,60,10.5,53,1013.4,0
2022-12-21,Thai_Nguyen,21.5942,105.8482,17.7,47,12.3,54,1014.6,0
2022-12-22,Thai_Nguyen,21.5942,105.8482,16.9,56,10.7,33,1012.7,0
2022-12-23,Thai_Nguyen,21.5942,105.8482,18.3,50,10.9,41,1013.8,0
2022-12-24,Thai_Nguyen,21.5942,105.8482,16.8,55,9.9,18,1016.1,0
2022-12-25,Thai_Nguyen,21.5942,105.8482,16.8,63,14.3,5,1015.9,0
2022-12-26,Thai_Nguyen,21.5942,105.8482,17.8,76,12.5,73,1016.4,0
2022-12-27,Thai_Nguyen,21.5942,105.8482,19.8,68,15.9,86,1015.6,0
2022-12-28,Thai_Nguyen,21.5942,105.8482,14.2,74,16.5,100,1019.2,1
2022-12-29,Thai_Nguyen,21.5942,105.8482,12.9,59,10.3,100,1022.7,0
2022-12-30,Thai_Nguyen,21.5942,105.8482,13.7,60,9.7,85,1023.0,0
2022-12-31,Thai_Nguyen,21.5942,105.8482,14.4,65,7.3,37,1021.3,0
2023-01-01,Thai_Nguyen,21.5942,105.8482,15.0,70,9.0,18,1019.8,0
2023-01-02,Thai_Nguyen,21.5942,105.8482,15.7,72,7.9,74,1020.6,0
2023-01-03,Thai_Nguyen,21.5942,105.8482,17.3,60,8.0,88,1020.7,0
2023-01-04,Thai_Nguyen,21.5942,105.8482,17.7,66,10.5,45,1018.4,0
2023-01-05,Thai_Nguyen,21.5942,105.8482,17.2,77,8.5,76,1019.0,0
2023-01-06,Thai_Nguyen,21.5942,105.8482,18.1,64,18.0,45,1021.1,0
2023-01-07,Thai_Nguyen,21.5942,105.8482,16.8,59,9.7,23,1016.8,0
2023-01-08,Thai_Nguyen,21.5942,105.8482,17.4,63,8.7,29,1015.1,0
2023-01-09,Thai_Nguyen,21.5942,105.8482,18.4,71,8.7,56,1015.2,0
2023-01-10,Thai_Nguyen,21.5942,105.8482,19.1,79,7.4,79,1014.2,1
2023-01-11,Thai_Nguyen,21.5942,105.8482,20.0,83,10.6,73,1011.1,1
2023-01-12,Thai_Nguyen,21.5942,105.8482,20.3,82,13.9,73,1007.7,0
2023-01-13,Thai_Nguyen,21.5942,105.8482,21.4,83,11.5,52,1004.4,1
2023-01-14,Thai_Nguyen,21.5942,105.8482,22.5,75,10.1,24,1002.7,0
2023-01-15,Thai_Nguyen,21.5942,105.8482,17.4,58,18.9,89,1011.1,1
2023-01-16,Thai_Nguyen,21.5942,105.8482,12.7,43,11.6,99,1018.6,0
2023-01-17,Thai_Nguyen,21.5942,105.8482,12.5,48,9.1,98,1020.6,0
2023-01-18,Thai_Nguyen,21.5942,105.8482,13.2,46,9.0,69,1021.4,0
2023-01-19,Thai_Nguyen,21.5942,105.8482,13.6,59,7.7,22,1019.1,0
2023-01-20,Thai_Nguyen,21.5942,105.8482,15.1,61,6.2,74,1017.9,0
2023-01-21,Thai_Nguyen,21.5942,105.8482,15.1,72,15.3,24,1013.7,0
2023-01-22,Thai_Nguyen,21.5942,105.8482,16.9,85,6.9,78,1011.2,1
2023-01-23,Thai_Nguyen,21.5942,105.8482,18.3,76,18.5,99,1012.1,1
2023-01-24,Thai_Nguyen,21.5942,105.8482,15.4,43,17.7,66,1022.1,1
2023-01-25,Thai_Nguyen,21.5942,105.8482,12.6,50,12.9,8,1017.4,0
2023-01-26,Thai_Nguyen,21.5942,105.8482,15.1,73,10.2,73,1013.1,0
2023-01-27,Thai_Nguyen,21.5942,105.8482,14.8,55,14.2,73,1020.5,1
2023-01-28,Thai_Nguyen,21.5942,105.8482,12.7,46,9.8,21,1020.8,0
2023-01-29,Thai_Nguyen,21.5942,105.8482,13.6,42,11.8,4,1020.3,0
2023-01-30,Thai_Nguyen,21.5942,105.8482,14.2,50,13.8,0,1017.2,0
2023-01-31,Thai_Nguyen,21.5942,105.8482,15.1,67,16.2,2,1011.2,0
2023-02-01,Thai_Nguyen,21.5942,105.8482,17.2,82,9.2,67,1009.0,1
2023-02-02,Thai_Nguyen,21.5942,105.8482,20.2,87,8.9,87,1011.5,1
2023-02-03,Thai_Nguyen,21.5942,105.8482,20.0,96,9.0,95,1011.6,1
2023-02-04,Thai_Nguyen,21.5942,105.8482,20.6,92,15.1,100,1009.3,1
2023-02-05,Thai_Nguyen,21.5942,105.8482,19.4,93,15.1,100,1008.3,1
2023-02-06,Thai_Nguyen,21.5942,105.8482,20.5,93,10.7,100,1007.5,1
2023-02-07,Thai_Nguyen,21.5942,105.8482,21.3,93,13.7,100,1008.0,1
2023-02-08,Thai_Nguyen,21.5942,105.8482,21.7,91,17.6,100,1007.8,1
2023-02-09,Thai_Nguyen,21.5942,105.8482,22.1,91,17.7,97,1008.3,1
2023-02-10,Thai_Nguyen,21.5942,105.8482,22.9,87,20.9,91,1007.4,1
2023-02-11,Thai_Nguyen,21.5942,105.8482,23.5,88,22.0,85,1004.7,1
2023-02-12,Thai_Nguyen,21.5942,105.8482,24.2,85,17.3,55,1003.6,1
2023-02-13,Thai_Nguyen,21.5942,105.8482,23.9,78,20.9,66,1006.5,1
2023-02-14,Thai_Nguyen,21.5942,105.8482,17.4,64,15.0,93,1015.1,1
2023-02-15,Thai_Nguyen,21.5942,105.8482,16.3,58,9.0,100,1019.1,0
2023-02-16,Thai_Nguyen,21.5942,105.8482,16.6,70,5.0,85,1019.4,1
2023-02-17,Thai_Nguyen,21.5942,105.8482,17.4,77,9.8,96,1015.7,0
2023-02-18,Thai_Nguyen,21.5942,105.8482,18.6,81,10.2,85,1012.8,1
2023-02-19,Thai_Nguyen,21.5942,105.8482,18.8,83,12.4,71,1015.4,1
2023-02-20,Thai_Nguyen,21.5942,105.8482,19.6,71,11.6,64,1014.9,0
2023-02-21,Thai_Nguyen,21.5942,105.8482,19.8,73,12.3,56,1015.6,0
2023-02-22,Thai_Nguyen,21.5942,105.8482,19.0,76,14.1,74,1015.5,1
2023-02-23,Thai_Nguyen,21.5942,105.8482,20.5,73,12.1,98,1012.5,0
2023-02-24,Thai_Nguyen,21.5942,105.8482,19.2,70,14.3,100,1016.4,1
2023-02-25,Thai_Nguyen,21.5942,105.8482,18.5,53,12.6,30,1022.4,0
2023-02-26,Thai_Nguyen,21.5942,105.8482,16.4,57,11.7,0,1024.4,0
2023-02-27,Thai_Nguyen,21.5942,105.8482,16.4,65,12.2,1,1021.4,0
2023-02-28,Thai_Nguyen,21.5942,105.8482,17.5,73,12.2,15,1017.8,0
2023-03-01,Thai_Nguyen,21.5942,105.8482,18.9,80,6.5,82,1017.4,1
2023-03-02,Thai_Nguyen,21.5942,105.8482,21.1,69,13.1,59,1018.4,0
2023-03-03,Thai_Nguyen,21.5942,105.8482,20.7,69,12.6,51,1018.8,1
2023-03-04,Thai_Nguyen,21.5942,105.8482,20.5,67,8.2,69,1020.1,0
2023-03-05,Thai_Nguyen,21.5942,105.8482,20.5,70,13.9,23,1017.6,0
2023-03-06,Thai_Nguyen,21.5942,105.8482,20.9,72,15.9,56,1015.1,0
2023-03-07,Thai_Nguyen,21.5942,105.8482,21.9,67,16.4,80,1014.0,0
2023-03-08,Thai_Nguyen,21.5942,105.8482,21.5,77,11.3,72,1014.4,1
2023-03-09,Thai_Nguyen,21.5942,105.8482,22.8,74,14.8,41,1013.6,1
2023-03-10,Thai_Nguyen,21.5942,105.8482,22.9,70,18.4,32,1010.5,0
2023-03-11,Thai_Nguyen,21.5942,105.8482,22.5,76,15.5,95,1011.9,1
2023-03-12,Thai_Nguyen,21.5942,105.8482,22.3,80,22.4,98,1014.8,1
2023-03-13,Thai_Nguyen,21.5942,105.8482,19.0,55,11.7,99,1017.7,1
2023-03-14,Thai_Nguyen,21.5942,105.8482,19.7,66,23.4,28,1010.0,0
2023-03-15,Thai_Nguyen,21.5942,105.8482,21.0,83,14.8,93,1010.2,1
2023-03-16,Thai_Nguyen,21.5942,105.8482,23.0,78,18.8,82,1011.1,0
2023-03-17,Thai_Nguyen,21.5942,105.8482,23.2,81,15.0,95,1010.0,1
2023-03-18,Thai_Nguyen,21.5942,105.8482,23.2,81,18.1,99,1008.7,1
2023-03-19,Thai_Nguyen,21.5942,105.8482,23.6,79,18.1,100,1007.0,1
2023-03-20,Thai_Nguyen,21.5942,105.8482,24.4,81,16.6,96,1003.9,1
2023-03-21,Thai_Nguyen,21.5942,105.8482,25.4,84,14.9,92,1001.0,1
2023-03-22,Thai_Nguyen,21.5942,105.8482,26.9,77,13.2,39,998.7,0
2023-03-23,Thai_Nguyen,21.5942,105.8482,27.8,74,10.2,14,998.7,0
2023-03-24,Thai_Nguyen,21.5942,105.8482,27.3,74,19.8,10,1001.6,0
2023-03-25,Thai_Nguyen,21.5942,105.8482,23.4,85,14.1,95,1006.0,1
2023-03-26,Thai_Nguyen,21.5942,105.8482,20.7,75,8.1,97,1008.3,1
2023-03-27,Thai_Nguyen,21.5942,105.8482,19.7,73,8.1,100,1011.0,1
2023-03-28,Thai_Nguyen,21.5942,105.8482,19.4,72,6.5,100,1012.2,1
2023-03-29,Thai_Nguyen,21.5942,105.8482,19.6,79,8.2,90,1010.4,1
2023-03-30,Thai_Nguyen,21.5942,105.8482,20.3,78,10.1,90,1008.1,1
2023-03-31,Thai_Nguyen,21.5942,105.8482,21.6,83,8.3,95,1007.1,1
2023-04-01,Thai_Nguyen,21.5942,105.8482,22.8,87,10.6,100,1005.3,1
2023-04-02,Thai_Nguyen,21.5942,105.8482,25.1,88,17.5,84,1002.3,1
2023-04-03,Thai_Nguyen,21.5942,105.8482,26.3,84,15.5,63,1000.6,1
2023-04-04,Thai_Nguyen,21.5942,105.8482,27.0,83,13.4,75,999.4,1
2023-04-05,Thai_Nguyen,21.5942,105.8482,26.6,82,12.7,32,1000.4,0
2023-04-06,Thai_Nguyen,21.5942,105.8482,25.9,73,22.0,59,1004.9,1
2023-04-07,Thai_Nguyen,21.5942,105.8482,23.3,61,7.3,99,1010.6,0
2023-04-08,Thai_Nguyen,21.5942,105.8482,20.7,75,7.2,100,1014.8,1
2023-04-09,Thai_Nguyen,21.5942,105.8482,20.1,79,9.8,100,1012.6,0
2023-04-10,Thai_Nguyen,21.5942,105.8482,21.7,84,9.5,95,1007.5,1
2023-04-11,Thai_Nguyen,21.5942,105.8482,24.4,87,14.6,99,1004.9,1
2023-04-12,Thai_Nguyen,21.5942,105.8482,25.4,89,15.9,100,1005.3,1
2023-04-13,Thai_Nguyen,21.5942,105.8482,25.1,92,17.4,100,1004.3,1
2023-04-14,Thai_Nguyen,21.5942,105.8482,25.7,90,15.5,100,1004.0,1
2023-04-15,Thai_Nguyen,21.5942,105.8482,26.2,80,18.1,72,1006.6,1
2023-04-16,Thai_Nguyen,21.5942,105.8482,25.5,81,11.4,76,1004.8,1
2023-04-17,Thai_Nguyen,21.5942,105.8482,25.4,85,17.6,85,1002.7,1
2023-04-18,Thai_Nguyen,21.5942,105.8482,27.8,84,14.2,64,1000.4,1
2023-04-19,Thai_Nguyen,21.5942,105.8482,28.3,81,9.9,36,997.5,0
2023-04-20,Thai_Nguyen,21.5942,105.8482,28.0,82,15.6,45,996.7,1
2023-04-21,Thai_Nguyen,21.5942,105.8482,28.6,80,16.3,39,997.2,0
2023-04-22,Thai_Nguyen,21.5942,105.8482,28.8,78,18.9,34,999.1,1
2023-04-23,Thai_Nguyen,21.5942,105.8482,28.7,80,18.4,64,1002.8,1
2023-04-24,Thai_Nguyen,21.5942,105.8482,27.0,84,15.2,89,1006.4,1
2023-04-25,Thai_Nguyen,21.5942,105.8482,22.1,75,13.8,100,1010.4,1
2023-04-26,Thai_Nguyen,21.5942,105.8482,22.9,67,11.0,76,1009.9,0
2023-04-27,Thai_Nguyen,21.5942,105.8482,24.0,76,17.1,66,1007.0,0
2023-04-28,Thai_Nguyen,21.5942,105.8482,26.7,83,20.3,77,1005.4,1
2023-04-29,Thai_Nguyen,21.5942,105.8482,25.3,79,20.6,90,1007.4,1
2023-04-30,Thai_Nguyen,21.5942,105.8482,21.3,80,10.8,55,1009.3,1
2023-05-01,Thai_Nguyen,21.5942,105.8482,23.7,76,19.8,40,1007.5,0
2023-05-02,Thai_Nguyen,21.5942,105.8482,25.3,81,20.9,57,1006.7,1
2023-05-03,Thai_Nguyen,21.5942,105.8482,27.3,81,20.4,75,1004.8,1
2023-05-04,Thai_Nguyen,21.5942,105.8482,28.7,81,20.7,51,999.6,1
2023-05-05,Thai_Nguyen,21.5942,105.8482,29.4,79,13.2,26,995.2,0
2023-05-06,Thai_Nguyen,21.5942,105.8482,31.2,74,15.5,2,993.8,0
2023-05-07,Thai_Nguyen,21.5942,105.8482,30.8,70,17.8,46,997.6,1
2023-05-08,Thai_Nguyen,21.5942,105.8482,24.9,76,10.6,100,1005.0,1
2023-05-09,Thai_Nguyen,21.5942,105.8482,25.1,79,11.4,100,1006.3,1
2023-05-10,Thai_Nguyen,21.5942,105.8482,26.8,85,18.2,87,1005.4,1
2023-05-11,Thai_Nguyen,21.5942,105.8482,25.9,85,20.9,98,1008.0,1
2023-05-12,Thai_Nguyen,21.5942,105.8482,25.1,69,10.2,95,1010.1,1
2023-05-13,Thai_Nguyen,21.5942,105.8482,23.3,81,8.9,100,1010.0,1
2023-05-14,Thai_Nguyen,21.5942,105.8482,23.9,81,6.3,93,1007.9,0
2023-05-15,Thai_Nguyen,21.5942,105.8482,25.3,81,13.9,97,1004.9,0
2023-05-16,Thai_Nguyen,21.5942,105.8482,28.3,80,11.9,60,1000.6,1
2023-05-17,Thai_Nguyen,21.5942,105.8482,29.6,77,9.8,21,998.7,0
2023-05-18,Thai_Nguyen,21.5942,105.8482,30.0,72,10.5,16,999.1,0
2023-05-19,Thai_Nguyen,21.5942,105.8482,30.7,72,11.8,13,999.5,0
2023-05-20,Thai_Nguyen,21.5942,105.8482,30.4,75,14.5,20,999.6,1
2023-05-21,Thai_Nguyen,21.5942,105.8482,31.3,74,18.2,31,1000.0,1
2023-05-22,Thai_Nguyen,21.5942,105.8482,32.0,71,15.4,20,999.8,0
2023-05-23,Thai_Nguyen,21.5942,105.8482,29.3,73,21.4,95,1001.9,1
2023-05-24,Thai_Nguyen,21.5942,105.8482,27.4,86,17.5,94,1002.9,1
2023-05-25,Thai_Nguyen,21.5942,105.8482,27.3,88,15.3,99,1003.2,1
2023-05-26,Thai_Nguyen,21.5942,105.8482,27.3,89,13.8,97,1003.8,1
2023-05-27,Thai_Nguyen,21.5942,105.8482,28.0,86,16.3,86,1002.7,1
2023-05-28,Thai_Nguyen,21.5942,105.8482,28.4,84,12.7,72,1003.4,1
2023-05-29,Thai_Nguyen,21.5942,105.8482,29.0,82,14.5,30,1003.7,1
2023-05-30,Thai_Nguyen,21.5942,105.8482,29.8,78,14.2,27,1001.8,0
2023-05-31,Thai_Nguyen,21.5942,105.8482,30.2,75,17.7,16,999.0,0
2023-06-01,Thai_Nguyen,21.5942,105.8482,30.6,77,18.4,64,996.9,0
2023-06-02,Thai_Nguyen,21.5942,105.8482,31.2,76,18.2,87,997.9,1
2023-06-03,Thai_Nguyen,21.5942,105.8482,29.4,82,12.6,73,1000.8,1
2023-06-04,Thai_Nguyen,21.5942,105.8482,28.5,87,12.3,99,1001.3,1
2023-06-05,Thai_Nguyen,21.5942,105.8482,28.4,86,10.2,99,1001.3,1
2023-06-06,Thai_Nguyen,21.5942,105.8482,27.6,87,9.9,92,1001.8,1
2023-06-07,Thai_Nguyen,21.5942,105.8482,28.1,86,14.7,92,1001.2,1
2023-06-08,Thai_Nguyen,21.5942,105.8482,28.1,87,13.9,97,1000.4,1
2023-06-09,Thai_Nguyen,21.5942,105.8482,29.2,78,14.5,71,998.9,1
2023-06-10,Thai_Nguyen,21.5942,105.8482,29.9,75,12.2,84,997.3,1
2023-06-11,Thai_Nguyen,21.5942,105.8482,30.5,74,17.4,99,997.1,1
2023-06-12,Thai_Nguyen,21.5942,105.8482,29.1,82,8.7,97,997.7,1
2023-06-13,Thai_Nguyen,21.5942,105.8482,27.9,90,6.4,100,998.2,1
2023-06-14,Thai_Nguyen,21.5942,105.8482,27.2,88,9.0,82,1000.4,1
2023-06-15,Thai_Nguyen,21.5942,105.8482,27.7,90,10.7,99,999.7,1
2023-06-16,Thai_Nguyen,21.5942,105.8482,27.7,89,14.3,100,998.5,1
2023-06-17,Thai_Nguyen,21.5942,105.8482,29.4,84,12.6,100,998.9,1
2023-06-18,Thai_Nguyen,21.5942,105.8482,27.7,90,15.9,100,999.7,1
2023-06-19,Thai_Nguyen,21.5942,105.8482,28.5,86,14.9,100,999.1,1
2023-06-20,Thai_Nguyen,21.5942,105.8482,28.2,88,12.6,100,999.3,1
2023-06-21,Thai_Nguyen,21.5942,105.8482,28.8,88,10.5,99,999.9,1
2023-06-22,Thai_Nguyen,21.5942,105.8482,28.0,91,7.6,100,1000.0,1
2023-06-23,Thai_Nguyen,21.5942,105.8482,27.4,88,7.3,99,999.9,1
2023-06-24,Thai_Nguyen,21.5942,105.8482,25.7,94,6.9,100,1000.2,1
2023-06-25,Thai_Nguyen,21.5942,105.8482,26.0,91,6.7,100,1001.2,1
2023-06-26,Thai_Nguyen,21.5942,105.8482,26.0,91,11.8,85,1002.2,1
2023-06-27,Thai_Nguyen,21.5942,105.8482,26.8,87,15.4,91,1003.2,1
2023-06-28,Thai_Nguyen,21.5942,105.8482,28.0,85,16.9,56,1003.4,1
2023-06-29,Thai_Nguyen,21.5942,105.8482,29.5,81,18.8,68,1000.2,1
2023-06-30,Thai_Nguyen,21.5942,105.8482,30.6,80,13.7,98,997.8,1
2023-07-01,Thai_Nguyen,21.5942,105.8482,31.0,80,17.3,92,997.8,1
2023-07-02,Thai_Nguyen,21.5942,105.8482,30.9,78,13.7,99,998.7,1
2023-07-03,Thai_Nguyen,21.5942,105.8482,29.2,86,15.8,89,999.6,1
2023-07-04,Thai_Nguyen,21.5942,105.8482,28.8,85,13.2,83,1000.3,1
2023-07-05,Thai_Nguyen,21.5942,105.8482,28.5,88,16.0,73,1000.4,1
2023-07-06,Thai_Nguyen,21.5942,105.8482,30.2,79,17.3,55,1000.2,0
2023-07-07,Thai_Nguyen,21.5942,105.8482,31.1,76,15.7,57,1000.2,1
2023-07-08,Thai_Nguyen,21.5942,105.8482,30.1,80,18.8,88,1001.8,1
2023-07-09,Thai_Nguyen,21.5942,105.8482,29.3,86,13.7,98,1002.4,1
2023-07-10,Thai_Nguyen,21.5942,105.8482,30.3,78,15.7,77,1001.4,1
2023-07-11,Thai_Nguyen,21.5942,105.8482,30.3,77,16.3,30,1000.5,1
2023-07-12,Thai_Nguyen,21.5942,105.8482,30.5,78,19.0,32,999.9,1
2023-07-13,Thai_Nguyen,21.5942,105.8482,30.4,77,12.6,36,999.0,0
2023-07-14,Thai_Nguyen,21.5942,105.8482,29.7,83,13.1,77,999.1,1
2023-07-15,Thai_Nguyen,21.5942,105.8482,28.9,84,11.7,85,998.7,1
2023-07-16,Thai_Nguyen,21.5942,105.8482,30.4,76,14.1,89,996.3,1
2023-07-17,Thai_Nguyen,21.5942,105.8482,31.2,66,17.0,99,994.4,0
2023-07-18,Thai_Nguyen,21.5942,105.8482,26.2,82,26.3,100,994.4,1
2023-07-19,Thai_Nguyen,21.5942,105.8482,26.3,89,13.7,99,999.4,1
2023-07-20,Thai_Nguyen,21.5942,105.8482,26.6,92,7.6,97,1002.2,1
2023-07-21,Thai_Nguyen,21.5942,105.8482,28.0,89,9.2,84,1004.3,1
2023-07-22,Thai_Nguyen,21.5942,105.8482,29.0,84,14.5,89,1005.1,1
2023-07-23,Thai_Nguyen,21.5942,105.8482,29.8,80,13.1,48,1003.7,0
2023-07-24,Thai_Nguyen,21.5942,105.8482,29.7,78,12.0,59,1001.9,0
2023-07-25,Thai_Nguyen,21.5942,105.8482,29.9,78,13.1,86,1001.5,0
2023-07-26,Thai_Nguyen,21.5942,105.8482,30.0,79,12.8,91,999.7,0
2023-07-27,Thai_Nguyen,21.5942,105.8482,30.3,79,8.4,99,996.5,1
2023-07-28,Thai_Nguyen,21.5942,105.8482,29.0,86,11.0,94,994.8,1
2023-07-29,Thai_Nguyen,21.5942,105.8482,29.6,83,9.8,85,996.1,1
2023-07-30,Thai_Nguyen,21.5942,105.8482,28.4,89,14.2,95,997.6,1
2023-07-31,Thai_Nguyen,21.5942,105.8482,27.2,91,14.0,100,999.3,1
2023-08-01,Thai_Nguyen,21.5942,105.8482,27.3,91,9.1,98,999.0,1
2023-08-02,Thai_Nguyen,21.5942,105.8482,27.0,91,10.7,97,998.2,1
2023-08-03,Thai_Nguyen,21.5942,105.8482,27.3,91,9.1,98,997.3,1
2023-08-04,Thai_Nguyen,21.5942,105.8482,26.3,94,11.8,96,998.2,1
2023-08-05,Thai_Nguyen,21.5942,105.8482,27.0,93,8.3,99,997.4,1
2023-08-06,Thai_Nguyen,21.5942,105.8482,27.2,94,5.9,100,994.8,1
2023-08-07,Thai_Nguyen,21.5942,105.8482,27.1,92,10.7,92,994.4,1
2023-08-08,Thai_Nguyen,21.5942,105.8482,27.4,91,7.7,86,996.6,1
2023-08-09,Thai_Nguyen,21.5942,105.8482,28.3,89,7.2,84,998.7,1
2023-08-10,Thai_Nguyen,21.5942,105.8482,28.4,89,8.0,96,999.6,1
2023-08-11,Thai_Nguyen,21.5942,105.8482,27.6,91,12.3,82,998.3,1
2023-08-12,Thai_Nguyen,21.5942,105.8482,27.3,91,7.8,83,997.7,1
2023-08-13,Thai_Nguyen,21.5942,105.8482,27.9,87,13.2,97,998.1,1
2023-08-14,Thai_Nguyen,21.5942,105.8482,27.8,90,11.7,84,998.9,1
2023-08-15,Thai_Nguyen,21.5942,105.8482,27.4,89,11.0,92,1000.4,1
2023-08-16,Thai_Nguyen,21.5942,105.8482,28.3,87,10.0,62,1001.3,1
2023-08-17,Thai_Nguyen,21.5942,105.8482,29.6,85,13.3,82,1000.7,1
2023-08-18,Thai_Nguyen,21.5942,105.8482,29.4,86,11.0,100,999.4,1
2023-08-19,Thai_Nguyen,21.5942,105.8482,27.8,91,6.3,100,1000.9,1
2023-08-20,Thai_Nguyen,21.5942,105.8482,26.8,92,11.0,100,1001.8,1
2023-08-21,Thai_Nguyen,21.5942,105.8482,27.6,89,13.6,99,1002.1,1
2023-08-22,Thai_Nguyen,21.5942,105.8482,28.1,88,8.9,98,1000.7,1
2023-08-23,Thai_Nguyen,21.5942,105.8482,27.4,92,13.0,100,999.2,1
2023-08-24,Thai_Nguyen,21.5942,105.8482,26.6,91,10.8,100,1000.7,1
2023-08-25,Thai_Nguyen,21.5942,105.8482,27.2,91,13.8,92,1001.0,1
2023-08-26,Thai_Nguyen,21.5942,105.8482,27.6,91,10.9,98,998.5,1
2023-08-27,Thai_Nguyen,21.5942,105.8482,28.9,87,9.8,99,996.2,1
2023-08-28,Thai_Nguyen,21.5942,105.8482,27.3,89,11.4,98,998.7,1
2023-08-29,Thai_Nguyen,21.5942,105.8482,27.9,78,12.7,72,1000.8,0
2023-08-30,Thai_Nguyen,21.5942,105.8482,27.6,73,16.1,37,1003.0,0
2023-08-31,Thai_Nguyen,21.5942,105.8482,27.3,73,14.8,8,1002.6,0
2023-09-01,Thai_Nguyen,21.5942,105.8482,27.9,78,11.1,45,1001.5,0
2023-09-02,Thai_Nguyen,21.5942,105.8482,29.4,73,12.3,48,999.3,0
2023-09-03,Thai_Nguyen,21.5942,105.8482,26.4,82,8.7,99,999.3,1
2023-09-04,Thai_Nguyen,21.5942,105.8482,26.4,83,12.6,74,1001.3,1
2023-09-05,Thai_Nguyen,21.5942,105.8482,28.1,82,9.7,46,1002.1,1
2023-09-06,Thai_Nguyen,21.5942,105.8482,29.4,79,10.1,86,1002.8,1
2023-09-07,Thai_Nguyen,21.5942,105.8482,28.7,83,12.4,55,1002.8,1
2023-09-08,Thai_Nguyen,21.5942,105.8482,27.8,85,11.0,85,1002.6,1
2023-09-09,Thai_Nguyen,21.5942,105.8482,27.4,90,10.6,92,1001.2,1
2023-09-10,Thai_Nguyen,21.5942,105.8482,27.2,91,11.9,96,1000.3,1
2023-09-11,Thai_Nguyen,21.5942,105.8482,27.2,91,10.5,94,999.3,1
2023-09-12,Thai_Nguyen,21.5942,105.8482,27.2,92,11.4,100,999.9,1
2023-09-13,Thai_Nguyen,21.5942,105.8482,25.0,94,16.5,100,1001.3,1
2023-09-14,Thai_Nguyen,21.5942,105.8482,24.4,94,10.9,100,1003.5,1
2023-09-15,Thai_Nguyen,21.5942,105.8482,25.8,86,11.5,88,1004.5,1
2023-09-16,Thai_Nguyen,21.5942,105.8482,26.4,89,13.0,88,1005.3,1
2023-09-17,Thai_Nguyen,21.5942,105.8482,26.2,92,15.1,97,1004.9,1
2023-09-18,Thai_Nguyen,21.5942,105.8482,26.9,90,7.9,92,1005.2,1
2023-09-19,Thai_Nguyen,21.5942,105.8482,27.6,88,13.6,66,1005.6,1
2023-09-20,Thai_Nguyen,21.5942,105.8482,27.6,90,11.6,54,1005.3,1
2023-09-21,Thai_Nguyen,21.5942,105.8482,28.2,88,9.5,32,1005.6,1
2023-09-22,Thai_Nguyen,21.5942,105.8482,28.4,85,13.1,43,1005.3,0
2023-09-23,Thai_Nguyen,21.5942,105.8482,28.5,83,11.8,26,1005.3,0
2023-09-24,Thai_Nguyen,21.5942,105.8482,27.7,84,12.2,34,1004.8,1
2023-09-25,Thai_Nguyen,21.5942,105.8482,27.2,88,19.1,52,1004.7,1
2023-09-26,Thai_Nguyen,21.5942,105.8482,25.8,92,9.1,89,1004.8,1
2023-09-27,Thai_Nguyen,21.5942,105.8482,25.5,95,10.6,98,1005.2,1
2023-09-28,Thai_Nguyen,21.5942,105.8482,24.8,96,7.7,100,1007.5,1
2023-09-29,Thai_Nguyen,21.5942,105.8482,26.1,91,8.2,79,1008.0,1
2023-09-30,Thai_Nguyen,21.5942,105.8482,27.2,87,6.5,40,1006.7,1
2023-10-01,Thai_Nguyen,21.5942,105.8482,28.0,83,9.0,7,1005.1,0
2023-10-02,Thai_Nguyen,21.5942,105.8482,27.6,83,8.4,19,1006.1,0
2023-10-03,Thai_Nguyen,21.5942,105.8482,27.4,83,8.2,42,1006.2,0
2023-10-04,Thai_Nguyen,21.5942,105.8482,28.0,83,11.2,13,1005.6,0
2023-10-05,Thai_Nguyen,21.5942,105.8482,28.6,82,8.7,29,1004.3,1
2023-10-06,Thai_Nguyen,21.5942,105.8482,28.0,85,12.0,51,1004.6,1
2023-10-07,Thai_Nguyen,21.5942,105.8482,25.2,86,13.0,94,1007.6,1
2023-10-08,Thai_Nguyen,21.5942,105.8482,25.4,70,10.8,60,1009.9,0
2023-10-09,Thai_Nguyen,21.5942,105.8482,25.2,71,13.2,75,1011.4,0
2023-10-10,Thai_Nguyen,21.5942,105.8482,25.2,73,13.3,92,1012.5,1
2023-10-11,Thai_Nguyen,21.5942,105.8482,24.3,74,10.2,93,1013.2,1
2023-10-12,Thai_Nguyen,21.5942,105.8482,24.7,79,6.7,75,1013.4,0
2023-10-13,Thai_Nguyen,21.5942,105.8482,24.6,82,8.4,51,1011.9,1
2023-10-14,Thai_Nguyen,21.5942,105.8482,24.6,77,12.2,76,1010.1,1
2023-10-15,Thai_Nguyen,21.5942,105.8482,23.7,77,11.6,50,1009.9,1
2023-10-16,Thai_Nguyen,21.5942,105.8482,24.4,78,8.4,65,1010.3,0
2023-10-17,Thai_Nguyen,21.5942,105.8482,24.6,78,8.0,31,1009.9,0
2023-10-18,Thai_Nguyen,21.5942,105.8482,25.6,80,7.7,91,1008.7,0
2023-10-19,Thai_Nguyen,21.5942,105.8482,26.6,78,12.4,99,1007.3,1
2023-10-20,Thai_Nguyen,21.5942,105.8482,26.4,63,18.8,78,1011.4,0
2023-10-21,Thai_Nguyen,21.5942,105.8482,24.3,54,10.7,88,1014.6,0
2023-10-22,Thai_Nguyen,21.5942,105.8482,24.1,67,9.4,95,1014.4,0
2023-10-23,Thai_Nguyen,21.5942,105.8482,24.6,77,9.5,56,1012.7,0
2023-10-24,Thai_Nguyen,21.5942,105.8482,25.4,80,7.1,59,1011.5,0
2023-10-25,Thai_Nguyen,21.5942,105.8482,26.4,77,10.6,27,1010.4,0
2023-10-26,Thai_Nguyen,21.5942,105.8482,26.8,73,8.8,42,1009.3,0
2023-10-27,Thai_Nguyen,21.5942,105.8482,26.9,72,12.1,55,1008.7,1
2023-10-28,Thai_Nguyen,21.5942,105.8482,24.8,83,12.8,99,1010.1,1
2023-10-29,Thai_Nguyen,21.5942,105.8482,23.7,86,11.7,99,1011.5,1
2023-10-30,Thai_Nguyen,21.5942,105.8482,24.2,75,9.5,95,1013.5,0
2023-10-31,Thai_Nguyen,21.5942,105.8482,23.5,78,8.4,42,1014.2,0
2023-11-01,Thai_Nguyen,21.5942,105.8482,23.5,77,10.0,15,1013.0,0
2023-11-02,Thai_Nguyen,21.5942,105.8482,23.6,80,11.6,23,1010.1,0
2023-11-03,Thai_Nguyen,21.5942,105.8482,25.4,82,13.8,55,1007.2,0
2023-11-04,Thai_Nguyen,21.5942,105.8482,25.9,86,14.2,74,1007.5,1
2023-11-05,Thai_Nguyen,21.5942,105.8482,27.0,82,16.7,80,1008.0,1
2023-11-06,Thai_Nguyen,21.5942,105.8482,25.3,82,16.3,93,1011.1,1
2023-11-07,Thai_Nguyen,21.5942,105.8482,23.5,84,6.7,82,1011.8,1
2023-11-08,Thai_Nguyen,21.5942,105.8482,24.3,84,8.8,60,1009.2,0
2023-11-09,Thai_Nguyen,21.5942,105.8482,26.6,83,12.2,48,1008.4,1
2023-11-10,Thai_Nguyen,21.5942,105.8482,27.0,84,12.5,44,1009.7,1
2023-11-11,Thai_Nguyen,21.5942,105.8482,27.1,83,11.8,46,1010.8,1
2023-11-12,Thai_Nguyen,21.5942,105.8482,24.7,85,16.6,81,1014.0,1
2023-11-13,Thai_Nguyen,21.5942,105.8482,17.1,77,10.0,100,1019.9,1
2023-11-14,Thai_Nguyen,21.5942,105.8482,18.0,72,7.3,78,1019.0,0
2023-11-15,Thai_Nguyen,21.5942,105.8482,19.3,79,6.2,95,1017.0,0
2023-11-16,Thai_Nguyen,21.5942,105.8482,19.5,64,20.0,81,1023.3,1
2023-11-17,Thai_Nguyen,21.5942,105.8482,17.9,65,11.0,31,1022.1,0
2023-11-18,Thai_Nguyen,21.5942,105.8482,17.6,69,7.7,29,1019.1,0
2023-11-19,Thai_Nguyen,21.5942,105.8482,17.9,74,7.6,51,1016.8,0
2023-11-20,Thai_Nguyen,21.5942,105.8482,18.2,75,9.8,0,1014.7,0
2023-11-21,Thai_Nguyen,21.5942,105.8482,18.9,78,9.7,2,1012.1,0
2023-11-22,Thai_Nguyen,21.5942,105.8482,19.8,84,7.9,29,1011.0,0
2023-11-23,Thai_Nguyen,21.5942,105.8482,21.7,81,8.7,53,1012.2,1
2023-11-24,Thai_Nguyen,21.5942,105.8482,22.7,78,11.4,48,1014.0,1
2023-11-25,Thai_Nguyen,21.5942,105.8482,22.2,78,10.7,48,1014.5,0
2023-11-26,Thai_Nguyen,21.5942,105.8482,21.9,77,12.5,85,1015.6,0
2023-11-27,Thai_Nguyen,21.5942,105.8482,21.8,79,8.2,22,1014.8,1
2023-11-28,Thai_Nguyen,21.5942,105.8482,20.8,74,14.9,27,1014.0,0
2023-11-29,Thai_Nguyen,21.5942,105.8482,21.2,79,6.4,60,1012.8,0
2023-11-30,Thai_Nguyen,21.5942,105.8482,23.0,79,10.0,98,1015.0,1
2023-12-01,Thai_Nguyen,21.5942,105.8482,19.2,78,9.4,100,1017.3,1
2023-12-02,Thai_Nguyen,21.5942,105.8482,18.6,72,5.5,100,1017.1,1
2023-12-03,Thai_Nguyen,21.5942,105.8482,18.9,74,6.6,100,1016.1,0
2023-12-04,Thai_Nguyen,21.5942,105.8482,19.1,75,5.6,100,1014.1,0
2023-12-05,Thai_Nguyen,21.5942,105.8482,20.1,79,8.3,99,1011.2,0
2023-12-06,Thai_Nguyen,21.5942,105.8482,20.2,81,8.7,98,1015.0,1
2023-12-07,Thai_Nguyen,21.5942,105.8482,18.8,72,9.2,71,1014.4,0
2023-12-08,Thai_Nguyen,21.5942,105.8482,19.8,74,14.1,48,1010.3,0
2023-12-09,Thai_Nguyen,21.5942,105.8482,21.9,85,12.3,58,1007.6,1
2023-12-10,Thai_Nguyen,21.5942,105.8482,24.0,91,14.8,100,1006.1,1
2023-12-11,Thai_Nguyen,21.5942,105.8482,24.7,89,14.3,84,1008.5,1
2023-12-12,Thai_Nguyen,21.5942,105.8482,24.5,87,14.5,81,1010.7,1
2023-12-13,Thai_Nguyen,21.5942,105.8482,23.5,84,18.4,76,1012.2,0
2023-12-14,Thai_Nguyen,21.5942,105.8482,23.8,86,16.5,80,1011.4,1
2023-12-15,Thai_Nguyen,21.5942,105.8482,24.4,86,11.5,88,1009.8,1
2023-12-16,Thai_Nguyen,21.5942,105.8482,18.6,64,30.4,96,1016.6,1
2023-12-17,Thai_Nguyen,21.5942,105.8482,13.0,62,8.7,73,1020.9,0
2023-12-18,Thai_Nguyen,21.5942,105.8482,14.1,67,8.1,100,1017.9,0
2023-12-19,Thai_Nguyen,21.5942,105.8482,13.3,66,7.6,100,1019.3,1
2023-12-20,Thai_Nguyen,21.5942,105.8482,14.2,56,10.4,83,1021.4,0
2023-12-21,Thai_Nguyen,21.5942,105.8482,13.4,50,13.6,77,1023.8,0
2023-12-22,Thai_Nguyen,21.5942,105.8482,11.3,51,11.1,75,1027.0,0
2023-12-23,Thai_Nguyen,21.5942,105.8482,12.0,57,9.5,66,1026.3,0
2023-12-24,Thai_Nguyen,21.5942,105.8482,13.6,54,10.2,74,1026.3,0
2023-12-25,Thai_Nguyen,21.5942,105.8482,13.5,53,8.2,1,1022.3,0
2023-12-26,Thai_Nguyen,21.5942,105.8482,14.3,58,6.5,0,1020.2,0
2023-12-27,Thai_Nguyen,21.5942,105.8482,16.1,67,7.7,2,1019.2,0
2023-12-28,Thai_Nguyen,21.5942,105.8482,17.3,77,12.2,2,1017.1,0
2023-12-29,Thai_Nguyen,21.5942,105.8482,19.0,78,11.9,45,1015.4,0
2023-12-30,Thai_Nguyen,21.5942,105.8482,20.4,83,8.3,67,1013.9,0
2023-12-31,Thai_Nguyen,21.5942,105.8482,21.1,82,9.7,58,1013.2,0
2024-01-01,Thai_Nguyen,21.5942,105.8482,21.1,79,14.8,51,1012.7,1
2024-01-02,Thai_Nguyen,21.5942,105.8482,22.5,81,12.9,56,1011.8,1
2024-01-03,Thai_Nguyen,21.5942,105.8482,18.1,72,15.1,84,1016.4,1
2024-01-04,Thai_Nguyen,21.5942,105.8482,18.4,68,11.4,70,1014.9,0
2024-01-05,Thai_Nguyen,21.5942,105.8482,19.1,83,8.4,91,1013.7,1
2024-01-06,Thai_Nguyen,21.5942,105.8482,21.2,83,13.0,67,1014.4,1
2024-01-07,Thai_Nguyen,21.5942,105.8482,21.0,79,14.8,82,1014.0,1
2024-01-08,Thai_Nguyen,21.5942,105.8482,21.9,81,16.3,78,1012.1,1
2024-01-09,Thai_Nguyen,21.5942,105.8482,22.2,84,13.4,82,1011.2,1
2024-01-10,Thai_Nguyen,21.5942,105.8482,19.1,88,11.7,100,1013.0,1
2024-01-11,Thai_Nguyen,21.5942,105.8482,17.8,94,7.7,100,1013.5,1
2024-01-12,Thai_Nguyen,21.5942,105.8482,18.1,95,6.6,100,1012.9,1
2024-01-13,Thai_Nguyen,21.5942,105.8482,18.5,95,5.1,100,1013.9,1
2024-01-14,Thai_Nguyen,21.5942,105.8482,19.5,91,8.0,83,1015.2,1
2024-01-15,Thai_Nguyen,21.5942,105.8482,20.8,85,14.3,51,1015.1,1
2024-01-16,Thai_Nguyen,21.5942,105.8482,20.0,85,14.9,81,1014.4,1
2024-01-17,Thai_Nguyen,21.5942,105.8482,20.3,89,18.0,76,1012.9,1
2024-01-18,Thai_Nguyen,21.5942,105.8482,21.3,86,15.9,82,1010.9,1
2024-01-19,Thai_Nguyen,21.5942,105.8482,22.3,85,19.4,69,1009.5,1
2024-01-20,Thai_Nguyen,21.5942,105.8482,20.8,79,18.9,95,1011.5,1
2024-01-21,Thai_Nguyen,21.5942,105.8482,14.6,87,8.4,100,1015.2,1
2024-01-22,Thai_Nguyen,21.5942,105.8482,11.1,84,13.2,100,1020.8,1
2024-01-23,Thai_Nguyen,21.5942,105.8482,9.8,58,11.0,100,1025.4,1
2024-01-24,Thai_Nguyen,21.5942,105.8482,9.7,59,9.5,100,1025.4,0
2024-01-25,Thai_Nguyen,21.5942,105.8482,10.4,59,6.9,100,1025.2,0
2024-01-26,Thai_Nguyen,21.5942,105.8482,11.2,64,6.8,100,1023.8,1
2024-01-27,Thai_Nguyen,21.5942,105.8482,11.1,72,6.6,100,1022.5,1
2024-01-28,Thai_Nguyen,21.5942,105.8482,12.3,72,6.5,100,1022.2,1
2024-01-29,Thai_Nguyen,21.5942,105.8482,13.0,85,4.0,90,1018.5,1
2024-01-30,Thai_Nguyen,21.5942,105.8482,15.5,85,8.2,98,1015.0,1
2024-01-31,Thai_Nguyen,21.5942,105.8482,17.8,89,8.7,100,1012.7,1
2024-02-01,Thai_Nguyen,21.5942,105.8482,20.1,92,8.6,84,1011.5,1
2024-02-02,Thai_Nguyen,21.5942,105.8482,22.7,87,19.6,72,1009.9,1
2024-02-03,Thai_Nguyen,21.5942,105.8482,22.3,90,21.5,95,1009.9,1
2024-02-04,Thai_Nguyen,21.5942,105.8482,23.5,88,17.2,71,1009.1,1
2024-02-05,Thai_Nguyen,21.5942,105.8482,21.7,91,15.7,100,1010.6,1
2024-02-06,Thai_Nguyen,21.5942,105.8482,19.5,92,11.3,100,1011.7,1
2024-02-07,Thai_Nguyen,21.5942,105.8482,14.8,80,11.0,100,1012.2,1
2024-02-08,Thai_Nguyen,21.5942,105.8482,12.9,67,9.4,100,1014.9,1
2024-02-09,Thai_Nguyen,21.5942,105.8482,14.6,63,11.3,99,1020.5,0
2024-02-10,Thai_Nguyen,21.5942,105.8482,16.5,65,7.7,90,1023.3,0
2024-02-11,Thai_Nguyen,21.5942,105.8482,15.9,74,8.8,13,1022.5,0
2024-02-12,Thai_Nguyen,21.5942,105.8482,16.7,75,16.5,10,1018.6,0
2024-02-13,Thai_Nguyen,21.5942,105.8482,18.9,84,16.1,92,1015.5,1
2024-02-14,Thai_Nguyen,21.5942,105.8482,21.3,83,18.1,100,1012.9,1
2024-02-15,Thai_Nguyen,21.5942,105.8482,21.8,84,11.0,95,1014.4,1
2024-02-16,Thai_Nguyen,21.5942,105.8482,20.2,75,11.8,92,1014.9,1
2024-02-17,Thai_Nguyen,21.5942,105.8482,19.8,84,17.8,79,1009.5,1
2024-02-18,Thai_Nguyen,21.5942,105.8482,22.8,86,14.9,81,1006.6,1
2024-02-19,Thai_Nguyen,21.5942,105.8482,24.2,86,20.5,74,1006.2,1
2024-02-20,Thai_Nguyen,21.5942,105.8482,25.0,85,19.5,62,1004.1,1
2024-02-21,Thai_Nguyen,21.5942,105.8482,25.5,85,17.3,79,1004.4,1
2024-02-22,Thai_Nguyen,21.5942,105.8482,24.3,90,19.0,92,1008.1,1
2024-02-23,Thai_Nguyen,21.5942,105.8482,16.1,81,14.2,100,1013.6,1
2024-02-24,Thai_Nguyen,21.5942,105.8482,13.0,84,7.2,100,1016.9,1
2024-02-25,Thai_Nguyen,21.5942,105.8482,13.0,78,5.6,100,1017.1,1
2024-02-26,Thai_Nguyen,21.5942,105.8482,14.2,75,9.3,100,1016.7,1
2024-02-27,Thai_Nguyen,21.5942,105.8482,13.5,72,7.3,100,1017.1,1
2024-02-28,Thai_Nguyen,21.5942,105.8482,15.2,78,7.0,100,1013.0,1
2024-02-29,Thai_Nguyen,21.5942,105.8482,15.4,78,9.2,100,1014.5,1
2024-03-01,Thai_Nguyen,21.5942,105.8482,14.4,64,8.7,100,1018.2,0
2024-03-02,Thai_Nguyen,21.5942,105.8482,14.1,64,8.9,66,1017.8,0
2024-03-03,Thai_Nguyen,21.5942,105.8482,15.4,80,14.6,88,1010.6,1
2024-03-04,Thai_Nguyen,21.5942,105.8482,19.7,85,9.9,56,1002.8,1
2024-03-05,Thai_Nguyen,21.5942,105.8482,22.7,88,10.0,45,1000.0,0
2024-03-06,Thai_Nguyen,21.5942,105.8482,22.3,72,13.8,8,1005.2,0
2024-03-07,Thai_Nguyen,21.5942,105.8482,19.9,66,10.4,94,1011.2,0
2024-03-08,Thai_Nguyen,21.5942,105.8482,19.6,66,8.4,100,1013.0,0
2024-03-09,Thai_Nguyen,21.5942,105.8482,17.8,78,6.6,100,1012.8,1
2024-03-10,Thai_Nguyen,21.5942,105.8482,17.4,83,5.5,100,1014.4,1
2024-03-11,Thai_Nguyen,21.5942,105.8482,19.6,75,10.7,52,1015.7,1
2024-03-12,Thai_Nguyen,21.5942,105.8482,19.9,78,13.7,37,1012.6,0
2024-03-13,Thai_Nguyen,21.5942,105.8482,20.9,85,13.0,100,1010.1,1
2024-03-14,Thai_Nguyen,21.5942,105.8482,21.0,88,7.1,100,1009.6,1
2024-03-15,Thai_Nguyen,21.5942,105.8482,21.3,92,13.0,100,1008.8,1
2024-03-16,Thai_Nguyen,21.5942,105.8482,23.5,92,15.9,100,1009.8,1
2024-03-17,Thai_Nguyen,21.5942,105.8482,23.9,90,16.3,100,1009.2,1
2024-03-18,Thai_Nguyen,21.5942,105.8482,23.8,91,14.8,100,1008.9,1
2024-03-19,Thai_Nguyen,21.5942,105.8482,20.5,78,20.5,100,1015.6,1
2024-03-20,Thai_Nguyen,21.5942,105.8482,19.9,69,4.7,93,1017.9,0
2024-03-21,Thai_Nguyen,21.5942,105.8482,19.7,78,19.1,42,1011.0,0
2024-03-22,Thai_Nguyen,21.5942,105.8482,21.6,87,16.2,83,1004.5,1
2024-03-23,Thai_Nguyen,21.5942,105.8482,25.1,86,20.6,66,1002.7,1
2024-03-24,Thai_Nguyen,21.5942,105.8482,25.2,87,18.9,70,1005.3,1
2024-03-25,Thai_Nguyen,21.5942,105.8482,25.8,87,15.8,76,1007.3,1
2024-03-26,Thai_Nguyen,21.5942,105.8482,26.0,83,18.6,85,1010.9,1
2024-03-27,Thai_Nguyen,21.5942,105.8482,25.0,86,17.7,98,1010.2,1
2024-03-28,Thai_Nguyen,21.5942,105.8482,24.5,87,16.3,92,1008.5,1
2024-03-29,Thai_Nguyen,21.5942,105.8482,23.4,89,12.1,76,1008.8,1
2024-03-30,Thai_Nguyen,21.5942,105.8482,24.6,87,15.3,67,1006.3,1
2024-03-31,Thai_Nguyen,21.5942,105.8482,26.8,84,13.9,81,1003.0,1
2024-04-01,Thai_Nguyen,21.5942,105.8482,27.7,81,13.8,35,999.2,0
2024-04-02,Thai_Nguyen,21.5942,105.8482,28.0,79,13.5,9,998.0,0
2024-04-03,Thai_Nguyen,21.5942,105.8482,28.4,79,15.4,6,999.3,0
2024-04-04,Thai_Nguyen,21.5942,105.8482,28.6,79,16.6,13,1000.2,0
2024-04-05,Thai_Nguyen,21.5942,105.8482,25.1,82,16.0,97,1003.5,1
2024-04-06,Thai_Nguyen,21.5942,105.8482,24.6,89,13.0,100,1004.8,1
2024-04-07,Thai_Nguyen,21.5942,105.8482,24.1,90,12.6,100,1004.1,1
2024-04-08,Thai_Nguyen,21.5942,105.8482,23.0,82,8.5,100,1008.0,1
2024-04-09,Thai_Nguyen,21.5942,105.8482,24.0,78,6.9,100,1010.5,1
2024-04-10,Thai_Nguyen,21.5942,105.8482,24.1,85,10.8,96,1010.0,1
2024-04-11,Thai_Nguyen,21.5942,105.8482,25.5,87,15.3,92,1009.0,1
2024-04-12,Thai_Nguyen,21.5942,105.8482,26.6,84,16.3,96,1007.0,1
2024-04-13,Thai_Nguyen,21.5942,105.8482,27.0,85,17.1,85,1004.2,1
2024-04-14,Thai_Nguyen,21.5942,105.8482,27.2,84,16.9,95,1004.1,1
2024-04-15,Thai_Nguyen,21.5942,105.8482,27.2,84,18.3,98,1005.2,1
2024-04-16,Thai_Nguyen,21.5942,105.8482,27.6,80,21.7,62,1003.2,1
2024-04-17,Thai_Nguyen,21.5942,105.8482,27.5,83,14.6,79,1002.0,1
2024-04-18,Thai_Nguyen,21.5942,105.8482,27.8,81,19.2,71,1000.2,1
2024-04-19,Thai_Nguyen,21.5942,105.8482,28.6,82,19.4,59,997.3,1
2024-04-20,Thai_Nguyen,21.5942,105.8482,29.1,78,14.7,42,996.8,0
2024-04-21,Thai_Nguyen,21.5942,105.8482,27.2,82,20.5,69,1000.3,1
2024-04-22,Thai_Nguyen,21.5942,105.8482,26.1,87,9.7,81,1001.9,1
2024-04-23,Thai_Nguyen,21.5942,105.8482,27.0,82,14.3,82,1002.4,1
2024-04-24,Thai_Nguyen,21.5942,105.8482,26.7,84,16.1,83,1002.7,1
2024-04-25,Thai_Nguyen,21.5942,105.8482,28.4,84,13.5,56,999.0,1
2024-04-26,Thai_Nguyen,21.5942,105.8482,29.7,84,10.6,40,996.6,1
2024-04-27,Thai_Nguyen,21.5942,105.8482,29.7,79,11.6,2,995.3,0
2024-04-28,Thai_Nguyen,21.5942,105.8482,30.2,75,13.1,0,997.8,0
2024-04-29,Thai_Nguyen,21.5942,105.8482,30.6,78,13.8,26,997.3,0
2024-04-30,Thai_Nguyen,21.5942,105.8482,31.0,72,26.3,11,995.1,0
2024-05-01,Thai_Nguyen,21.5942,105.8482,27.1,74,16.2,96,1001.7,1
2024-05-02,Thai_Nguyen,21.5942,105.8482,24.8,84,11.2,100,1004.2,1
2024-05-03,Thai_Nguyen,21.5942,105.8482,25.6,91,17.8,98,1003.4,1
2024-05-04,Thai_Nguyen,21.5942,105.8482,28.4,83,15.9,45,1000.4,1
2024-05-05,Thai_Nguyen,21.5942,105.8482,25.8,80,8.1,91,1004.4,1
2024-05-06,Thai_Nguyen,21.5942,105.8482,25.7,89,12.2,88,1006.5,1
2024-05-07,Thai_Nguyen,21.5942,105.8482,26.2,88,14.3,93,1008.4,1
2024-05-08,Thai_Nguyen,21.5942,105.8482,25.3,91,11.6,99,1008.1,1
2024-05-09,Thai_Nguyen,21.5942,105.8482,25.3,90,11.8,96,1008.3,1
2024-05-10,Thai_Nguyen,21.5942,105.8482,26.2,88,18.6,80,1006.8,1
2024-05-11,Thai_Nguyen,21.5942,105.8482,27.7,85,17.2,57,1006.0,1
2024-05-12,Thai_Nguyen,21.5942,105.8482,27.1,90,11.6,74,1006.5,1
2024-05-13,Thai_Nguyen,21.5942,105.8482,26.8,83,10.7,68,1007.6,1
2024-05-14,Thai_Nguyen,21.5942,105.8482,26.8,83,11.8,16,1006.7,1
2024-05-15,Thai_Nguyen,21.5942,105.8482,26.4,89,12.0,72,1008.1,1
2024-05-16,Thai_Nguyen,21.5942,105.8482,27.0,79,13.4,76,1008.9,1
2024-05-17,Thai_Nguyen,21.5942,105.8482,27.0,75,16.0,69,1005.8,1
2024-05-18,Thai_Nguyen,21.5942,105.8482,26.8,88,15.5,100,1000.9,1
2024-05-19,Thai_Nguyen,21.5942,105.8482,26.8,90,17.6,99,999.0,1
2024-05-20,Thai_Nguyen,21.5942,105.8482,26.6,88,10.9,91,1002.1,1
2024-05-21,Thai_Nguyen,21.5942,105.8482,26.8,87,8.8,86,1004.0,1
2024-05-22,Thai_Nguyen,21.5942,105.8482,26.8,87,7.4,84,1004.8,1
2024-05-23,Thai_Nguyen,21.5942,105.8482,27.1,87,6.5,75,1003.9,1
2024-05-24,Thai_Nguyen,21.5942,105.8482,27.5,84,13.3,55,1003.6,0
2024-05-25,Thai_Nguyen,21.5942,105.8482,26.9,91,16.2,94,1003.3,1
2024-05-26,Thai_Nguyen,21.5942,105.8482,28.5,88,16.1,84,1000.4,1
2024-05-27,Thai_Nguyen,21.5942,105.8482,30.3,83,11.0,82,996.5,0
2024-05-28,Thai_Nguyen,21.5942,105.8482,28.9,87,15.6,100,997.3,1
2024-05-29,Thai_Nguyen,21.5942,105.8482,29.9,83,20.4,100,996.5,1
2024-05-30,Thai_Nguyen,21.5942,105.8482,28.0,87,16.8,100,998.8,1
2024-05-31,Thai_Nguyen,21.5942,105.8482,26.3,80,8.7,80,1002.2,1
2024-06-01,Thai_Nguyen,21.5942,105.8482,28.6,80,11.2,25,1003.2,1
2024-06-02,Thai_Nguyen,21.5942,105.8482,28.4,87,13.8,67,1002.2,1
2024-06-03,Thai_Nguyen,21.5942,105.8482,28.4,89,13.7,100,999.8,1
2024-06-04,Thai_Nguyen,21.5942,105.8482,27.9,88,12.4,97,1000.5,1
2024-06-05,Thai_Nguyen,21.5942,105.8482,26.7,88,10.2,99,1003.6,1
2024-06-06,Thai_Nguyen,21.5942,105.8482,26.9,85,10.8,97,1004.0,1
2024-06-07,Thai_Nguyen,21.5942,105.8482,27.1,90,10.8,99,1001.1,1
2024-06-08,Thai_Nguyen,21.5942,105.8482,26.6,92,9.7,100,999.3,1
2024-06-09,Thai_Nguyen,21.5942,105.8482,26.1,96,11.4,100,1000.0,1
2024-06-10,Thai_Nguyen,21.5942,105.8482,26.3,94,12.1,100,1001.5,1
2024-06-11,Thai_Nguyen,21.5942,105.8482,27.7,90,15.6,100,1000.9,1
2024-06-12,Thai_Nguyen,21.5942,105.8482,28.8,86,17.2,100,999.7,1
2024-06-13,Thai_Nguyen,21.5942,105.8482,30.0,83,11.8,100,996.7,0
2024-06-14,Thai_Nguyen,21.5942,105.8482,30.4,81,8.2,100,995.5,0
2024-06-15,Thai_Nguyen,21.5942,105.8482,29.0,88,8.7,100,997.3,1
2024-06-16,Thai_Nguyen,21.5942,105.8482,28.9,88,14.8,100,998.5,1
2024-06-17,Thai_Nguyen,21.5942,105.8482,30.0,83,18.2,100,997.5,1
2024-06-18,Thai_Nguyen,21.5942,105.8482,29.5,83,10.5,99,996.8,1
2024-06-19,Thai_Nguyen,21.5942,105.8482,30.0,83,16.6,100,996.3,1
2024-06-20,Thai_Nguyen,21.5942,105.8482,30.3,83,12.9,100,996.3,1
2024-06-21,Thai_Nguyen,21.5942,105.8482,29.9,84,14.7,100,997.3,1
2024-06-22,Thai_Nguyen,21.5942,105.8482,29.3,88,13.2,100,998.9,1
2024-06-23,Thai_Nguyen,21.5942,105.8482,28.8,88,12.4,95,999.1,1
2024-06-24,Thai_Nguyen,21.5942,105.8482,26.7,93,7.9,100,999.4,1
2024-06-25,Thai_Nguyen,21.5942,105.8482,26.4,93,11.1,100,1001.3,1
2024-06-26,Thai_Nguyen,21.5942,105.8482,26.7,91,16.6,100,1003.9,1
2024-06-27,Thai_Nguyen,21.5942,105.8482,27.2,88,14.6,94,1004.6,1
2024-06-28,Thai_Nguyen,21.5942,105.8482,28.6,84,19.5,85,1001.4,1
2024-06-29,Thai_Nguyen,21.5942,105.8482,30.3,79,15.8,100,998.9,1
2024-06-30,Thai_Nguyen,21.5942,105.8482,30.8,77,14.3,98,997.2,0
2024-07-01,Thai_Nguyen,21.5942,105.8482,31.0,74,14.9,99,995.3,0
2024-07-02,Thai_Nguyen,21.5942,105.8482,28.6,85,10.4,100,997.7,1
2024-07-03,Thai_Nguyen,21.5942,105.8482,27.1,93,14.7,100,1002.7,1
2024-07-04,Thai_Nguyen,21.5942,105.8482,27.3,88,14.4,92,1004.8,1
2024-07-05,Thai_Nguyen,21.5942,105.8482,28.5,82,16.6,45,1002.0,1
2024-07-06,Thai_Nguyen,21.5942,105.8482,28.6,84,17.1,44,1001.2,1
2024-07-07,Thai_Nguyen,21.5942,105.8482,29.1,82,19.4,28,1001.8,1
2024-07-08,Thai_Nguyen,21.5942,105.8482,29.3,83,16.6,44,1000.7,1
2024-07-09,Thai_Nguyen,21.5942,105.8482,29.4,83,15.8,82,1000.4,1
2024-07-10,Thai_Nguyen,21.5942,105.8482,29.2,84,14.7,49,1000.6,1
2024-07-11,Thai_Nguyen,21.5942,105.8482,29.3,86,13.3,65,999.1,1
2024-07-12,Thai_Nguyen,21.5942,105.8482,29.2,85,12.8,92,997.1,1
2024-07-13,Thai_Nguyen,21.5942,105.8482,28.5,89,13.6,95,997.1,1
2024-07-14,Thai_Nguyen,21.5942,105.8482,27.6,90,14.1,96,1000.3,1
2024-07-15,Thai_Nguyen,21.5942,105.8482,27.6,89,9.7,90,1002.1,1
2024-07-16,Thai_Nguyen,21.5942,105.8482,27.6,89,13.5,83,1002.1,1
2024-07-17,Thai_Nguyen,21.5942,105.8482,27.4,91,12.1,94,1001.1,1
2024-07-18,Thai_Nguyen,21.5942,105.8482,27.3,91,14.5,97,1000.3,1
2024-07-19,Thai_Nguyen,21.5942,105.8482,27.2,90,16.0,88,1000.2,1
2024-07-20,Thai_Nguyen,21.5942,105.8482,27.7,89,11.5,88,1001.0,1
2024-07-21,Thai_Nguyen,21.5942,105.8482,28.3,88,9.0,46,1001.1,1
2024-07-22,Thai_Nguyen,21.5942,105.8482,28.1,90,8.6,99,998.6,1
2024-07-23,Thai_Nguyen,21.5942,105.8482,27.4,92,17.1,99,993.7,1
2024-07-24,Thai_Nguyen,21.5942,105.8482,27.6,91,10.7,93,991.7,1
2024-07-25,Thai_Nguyen,21.5942,105.8482,29.0,88,10.5,84,991.2,1
2024-07-26,Thai_Nguyen,21.5942,105.8482,30.8,82,13.7,87,991.6,0
2024-07-27,Thai_Nguyen,21.5942,105.8482,31.2,83,12.4,94,994.9,1
2024-07-28,Thai_Nguyen,21.5942,105.8482,28.1,90,13.7,100,997.8,1
2024-07-29,Thai_Nguyen,21.5942,105.8482,26.1,95,15.0,100,997.9,1
2024-07-30,Thai_Nguyen,21.5942,105.8482,26.1,94,12.6,100,997.8,1
2024-07-31,Thai_Nguyen,21.5942,105.8482,26.8,93,11.3,100,998.6,1
2024-08-01,Thai_Nguyen,21.5942,105.8482,27.3,89,16.4,100,999.2,1
2024-08-02,Thai_Nguyen,21.5942,105.8482,26.1,92,16.6,90,999.1,1
2024-08-03,Thai_Nguyen,21.5942,105.8482,27.8,86,12.1,61,1000.9,1
2024-08-04,Thai_Nguyen,21.5942,105.8482,28.0,88,12.4,33,1002.7,1
2024-08-05,Thai_Nguyen,21.5942,105.8482,28.3,86,13.0,47,1002.1,1
2024-08-06,Thai_Nguyen,21.5942,105.8482,28.8,85,11.7,72,1001.1,1
2024-08-07,Thai_Nguyen,21.5942,105.8482,29.2,86,12.0,28,1001.2,1
2024-08-08,Thai_Nguyen,21.5942,105.8482,29.7,85,12.4,35,1000.7,1
2024-08-09,Thai_Nguyen,21.5942,105.8482,30.7,78,14.1,50,998.1,0
2024-08-10,Thai_Nguyen,21.5942,105.8482,31.1,77,13.9,82,996.6,0
2024-08-11,Thai_Nguyen,21.5942,105.8482,28.6,84,13.4,100,997.5,1
2024-08-12,Thai_Nguyen,21.5942,105.8482,27.8,89,14.9,100,998.2,1
2024-08-13,Thai_Nguyen,21.5942,105.8482,26.9,92,10.6,100,1000.7,1
2024-08-14,Thai_Nguyen,21.5942,105.8482,27.2,92,7.7,96,1001.5,1
2024-08-15,Thai_Nguyen,21.5942,105.8482,27.7,92,9.1,96,1000.6,1
2024-08-16,Thai_Nguyen,21.5942,105.8482,28.0,88,10.2,63,1000.4,1
2024-08-17,Thai_Nguyen,21.5942,105.8482,28.3,88,11.2,99,1001.7,1
2024-08-18,Thai_Nguyen,21.5942,105.8482,28.2,91,8.7,90,1001.7,1
2024-08-19,Thai_Nguyen,21.5942,105.8482,28.7,90,11.2,99,1000.0,1
2024-08-20,Thai_Nguyen,21.5942,105.8482,28.0,90,7.3,93,1000.4,1
2024-08-21,Thai_Nguyen,21.5942,105.8482,27.7,92,6.7,98,1001.9,1
2024-08-22,Thai_Nguyen,21.5942,105.8482,27.8,90,10.5,100,1003.2,1
2024-08-23,Thai_Nguyen,21.5942,105.8482,26.5,93,10.5,100,1004.9,1
2024-08-24,Thai_Nguyen,21.5942,105.8482,26.3,93,8.9,100,1004.2,1
2024-08-25,Thai_Nguyen,21.5942,105.8482,26.2,91,9.8,99,1003.1,1
2024-08-26,Thai_Nguyen,21.5942,105.8482,27.2,89,18.3,60,1002.6,1
2024-08-27,Thai_Nguyen,21.5942,105.8482,28.2,86,10.1,41,1002.2,1
2024-08-28,Thai_Nguyen,21.5942,105.8482,29.6,82,10.7,28,1000.3,0
2024-08-29,Thai_Nguyen,21.5942,105.8482,29.6,85,7.7,78,1000.1,1
2024-08-30,Thai_Nguyen,21.5942,105.8482,28.0,87,9.0,75,1001.5,1
2024-08-31,Thai_Nguyen,21.5942,105.8482,28.1,86,11.4,72,1003.0,1
2024-09-01,Thai_Nguyen,21.5942,105.8482,27.6,90,8.2,90,1003.5,1
2024-09-02,Thai_Nguyen,21.5942,105.8482,28.5,87,8.2,94,1003.8,1
2024-09-03,Thai_Nguyen,21.5942,105.8482,28.7,86,12.2,91,1003.2,1
2024-09-04,Thai_Nguyen,21.5942,105.8482,29.2,81,6.7,37,999.5,0
2024-09-05,Thai_Nguyen,21.5942,105.8482,29.8,84,10.1,24,997.5,1
2024-09-06,Thai_Nguyen,21.5942,105.8482,29.3,81,16.4,71,996.5,1
2024-09-07,Thai_Nguyen,21.5942,105.8482,26.1,90,45.6,100,991.6,1
2024-09-08,Thai_Nguyen,21.5942,105.8482,26.2,95,28.1,100,995.8,1
2024-09-09,Thai_Nguyen,21.5942,105.8482,25.6,96,16.3,100,1000.0,1
2024-09-10,Thai_Nguyen,21.5942,105.8482,25.2,96,6.4,100,1002.5,1
2024-09-11,Thai_Nguyen,21.5942,105.8482,25.4,94,9.8,100,1004.1,1
2024-09-12,Thai_Nguyen,21.5942,105.8482,26.8,89,7.8,79,1003.4,1
2024-09-13,Thai_Nguyen,21.5942,105.8482,27.3,88,15.8,39,1001.3,1
2024-09-14,Thai_Nguyen,21.5942,105.8482,27.4,90,9.8,94,999.2,1
2024-09-15,Thai_Nguyen,21.5942,105.8482,27.7,89,19.1,83,998.7,1
2024-09-16,Thai_Nguyen,21.5942,105.8482,27.0,89,14.4,72,1001.1,1
2024-09-17,Thai_Nguyen,21.5942,105.8482,27.5,88,12.4,89,1001.8,1
2024-09-18,Thai_Nguyen,21.5942,105.8482,28.4,84,11.9,50,1000.6,1
2024-09-19,Thai_Nguyen,21.5942,105.8482,28.2,82,14.3,64,999.3,1
2024-09-20,Thai_Nguyen,21.5942,105.8482,28.1,86,11.9,84,999.6,1
2024-09-21,Thai_Nguyen,21.5942,105.8482,27.3,90,12.5,88,1000.9,1
2024-09-22,Thai_Nguyen,21.5942,105.8482,26.4,87,14.3,100,1002.6,1
2024-09-23,Thai_Nguyen,21.5942,105.8482,26.0,78,13.0,95,1005.7,1
2024-09-24,Thai_Nguyen,21.5942,105.8482,26.2,76,8.9,41,1006.1,0
2024-09-25,Thai_Nguyen,21.5942,105.8482,25.1,85,6.4,88,1007.1,0
2024-09-26,Thai_Nguyen,21.5942,105.8482,26.6,83,10.6,54,1007.0,0
2024-09-27,Thai_Nguyen,21.5942,105.8482,27.5,81,14.5,46,1006.1,0
2024-09-28,Thai_Nguyen,21.5942,105.8482,28.5,82,15.0,73,1003.6,1
2024-09-29,Thai_Nguyen,21.5942,105.8482,27.3,90,16.3,91,1002.6,1
2024-09-30,Thai_Nguyen,21.5942,105.8482,26.1,94,14.0,97,1002.5,1
2024-10-01,Thai_Nguyen,21.5942,105.8482,25.7,77,14.5,86,1007.0,1
2024-10-02,Thai_Nguyen,21.5942,105.8482,23.6,67,13.1,68,1011.4,0
2024-10-03,Thai_Nguyen,21.5942,105.8482,22.7,68,9.9,63,1012.0,0
2024-10-04,Thai_Nguyen,21.5942,105.8482,22.7,73,8.2,65,1011.4,0
2024-10-05,Thai_Nguyen,21.5942,105.8482,23.3,75,10.5,1,1010.4,0
2024-10-06,Thai_Nguyen,21.5942,105.8482,24.5,75,8.4,8,1010.8,0
2024-10-07,Thai_Nguyen,21.5942,105.8482,25.5,72,10.2,11,1011.8,0
2024-10-08,Thai_Nguyen,21.5942,105.8482,25.3,75,8.8,28,1011.3,0
2024-10-09,Thai_Nguyen,21.5942,105.8482,25.7,72,8.1,42,1010.1,0
2024-10-10,Thai_Nguyen,21.5942,105.8482,25.1,77,11.2,34,1009.2,0
2024-10-11,Thai_Nguyen,21.5942,105.8482,24.8,76,14.2,17,1008.8,0
2024-10-12,Thai_Nguyen,21.5942,105.8482,25.2,80,11.0,28,1009.4,0
2024-10-13,Thai_Nguyen,21.5942,105.8482,26.1,80,12.2,14,1009.1,0
2024-10-14,Thai_Nguyen,21.5942,105.8482,26.4,81,9.0,44,1008.2,0
2024-10-15,Thai_Nguyen,21.5942,105.8482,25.5,87,11.2,51,1008.8,1
2024-10-16,Thai_Nguyen,21.5942,105.8482,25.9,87,7.4,56,1009.3,1
2024-10-17,Thai_Nguyen,21.5942,105.8482,26.3,87,10.3,48,1007.6,1
2024-10-18,Thai_Nguyen,21.5942,105.8482,27.2,84,9.3,62,1007.0,1
2024-10-19,Thai_Nguyen,21.5942,105.8482,26.6,88,8.1,48,1009.4,1
2024-10-20,Thai_Nguyen,21.5942,105.8482,26.8,83,9.1,63,1011.2,1
2024-10-21,Thai_Nguyen,21.5942,105.8482,25.8,88,14.2,76,1010.5,1
2024-10-22,Thai_Nguyen,21.5942,105.8482,26.6,80,14.3,55,1010.9,1
2024-10-23,Thai_Nguyen,21.5942,105.8482,25.1,61,13.4,47,1012.1,0
2024-10-24,Thai_Nguyen,21.5942,105.8482,23.5,63,11.2,73,1008.8,0
2024-10-25,Thai_Nguyen,21.5942,105.8482,22.2,68,9.6,78,1006.3,0
2024-10-26,Thai_Nguyen,21.5942,105.8482,23.8,58,16.5,92,1005.3,0
2024-10-27,Thai_Nguyen,21.5942,105.8482,21.8,76,21.8,96,1007.1,1
2024-10-28,Thai_Nguyen,21.5942,105.8482,21.3,79,12.4,93,1008.2,1
2024-10-29,Thai_Nguyen,21.5942,105.8482,22.4,79,8.3,72,1007.7,1
2024-10-30,Thai_Nguyen,21.5942,105.8482,23.2,80,10.2,28,1007.9,0
2024-10-31,Thai_Nguyen,21.5942,105.8482,24.2,83,10.2,28,1006.4,0
2024-11-01,Thai_Nguyen,21.5942,105.8482,25.1,67,12.6,11,1009.0,0
2024-11-02,Thai_Nguyen,21.5942,105.8482,23.0,62,10.8,2,1013.3,0
2024-11-03,Thai_Nguyen,21.5942,105.8482,22.5,73,11.0,51,1013.4,0
2024-11-04,Thai_Nguyen,21.5942,105.8482,23.7,73,8.7,98,1013.6,0
2024-11-05,Thai_Nguyen,21.5942,105.8482,23.5,73,10.1,100,1015.1,1
2024-11-06,Thai_Nguyen,21.5942,105.8482,23.1,75,9.8,89,1015.6,1
2024-11-07,Thai_Nguyen,21.5942,105.8482,22.9,68,8.2,50,1015.4,0
2024-11-08,Thai_Nguyen,21.5942,105.8482,21.6,74,9.9,19,1013.8,0
2024-11-09,Thai_Nguyen,21.5942,105.8482,21.6,72,9.3,3,1011.5,0
2024-11-10,Thai_Nguyen,21.5942,105.8482,22.5,68,10.0,2,1011.4,0
2024-11-11,Thai_Nguyen,21.5942,105.8482,24.0,73,12.7,22,1010.3,0
2024-11-12,Thai_Nguyen,21.5942,105.8482,25.0,76,10.7,36,1008.6,0
2024-11-13,Thai_Nguyen,21.5942,105.8482,25.5,76,11.9,16,1007.1,0
2024-11-14,Thai_Nguyen,21.5942,105.8482,25.7,78,10.1,31,1006.5,1
2024-11-15,Thai_Nguyen,21.5942,105.8482,26.6,80,11.4,49,1005.6,0
2024-11-16,Thai_Nguyen,21.5942,105.8482,26.7,79,12.0,48,1006.9,1
2024-11-17,Thai_Nguyen,21.5942,105.8482,26.0,75,7.0,31,1009.5,0
2024-11-18,Thai_Nguyen,21.5942,105.8482,25.4,71,10.8,47,1012.2,1
2024-11-19,Thai_Nguyen,21.5942,105.8482,25.1,59,11.9,44,1013.6,0
2024-11-20,Thai_Nguyen,21.5942,105.8482,23.3,55,13.3,9,1014.3,0
2024-11-21,Thai_Nguyen,21.5942,105.8482,22.2,57,10.3,14,1014.3,0
2024-11-22,Thai_Nguyen,21.5942,105.8482,21.9,60,9.9,52,1014.6,0
2024-11-23,Thai_Nguyen,21.5942,105.8482,22.1,59,11.1,63,1014.7,0
2024-11-24,Thai_Nguyen,21.5942,105.8482,22.2,70,9.9,51,1013.5,0
2024-11-25,Thai_Nguyen,21.5942,105.8482,23.9,74,18.4,65,1012.9,1
2024-11-26,Thai_Nguyen,21.5942,105.8482,20.4,62,17.1,99,1015.8,1
2024-11-27,Thai_Nguyen,21.5942,105.8482,19.6,55,12.8,100,1017.7,0
2024-11-28,Thai_Nguyen,21.5942,105.8482,19.9,47,12.4,67,1019.8,0
2024-11-29,Thai_Nguyen,21.5942,105.8482,18.7,57,7.8,14,1017.2,0
2024-11-30,Thai_Nguyen,21.5942,105.8482,18.8,61,9.8,62,1012.8,0
2024-12-01,Thai_Nguyen,21.5942,105.8482,19.6,73,9.2,60,1009.2,0
2024-12-02,Thai_Nguyen,21.5942,105.8482,22.2,74,10.8,75,1009.5,0
2024-12-03,Thai_Nguyen,21.5942,105.8482,22.7,79,13.0,75,1009.9,1
2024-12-04,Thai_Nguyen,21.5942,105.8482,22.8,73,16.9,63,1010.2,0
2024-12-05,Thai_Nguyen,21.5942,105.8482,22.5,69,13.5,65,1010.4,0
2024-12-06,Thai_Nguyen,21.5942,105.8482,20.0,82,12.1,96,1010.9,1
2024-12-07,Thai_Nguyen,21.5942,105.8482,17.9,70,9.5,100,1014.7,1
2024-12-08,Thai_Nguyen,21.5942,105.8482,16.9,60,8.3,90,1017.6,1
2024-12-09,Thai_Nguyen,21.5942,105.8482,17.6,68,7.6,88,1014.2,0
2024-12-10,Thai_Nguyen,21.5942,105.8482,19.9,81,11.7,93,1009.9,1
2024-12-11,Thai_Nguyen,21.5942,105.8482,19.2,72,20.5,95,1012.7,1
2024-12-12,Thai_Nguyen,21.5942,105.8482,16.5,64,8.1,100,1014.7,0
2024-12-13,Thai_Nguyen,21.5942,105.8482,16.3,59,9.5,98,1017.9,1
2024-12-14,Thai_Nguyen,21.5942,105.8482,15.6,52,10.1,100,1022.3,0
2024-12-15,Thai_Nguyen,21.5942,105.8482,15.1,47,11.6,98,1022.6,1
2024-12-16,Thai_Nguyen,21.5942,105.8482,15.8,66,7.0,38,1019.2,0
2024-12-17,Thai_Nguyen,21.5942,105.8482,16.1,61,7.6,22,1016.3,0
2024-12-18,Thai_Nguyen,21.5942,105.8482,18.2,51,10.6,62,1017.4,0
2024-12-19,Thai_Nguyen,21.5942,105.8482,17.0,48,12.2,41,1017.7,0
2024-12-20,Thai_Nguyen,21.5942,105.8482,15.9,54,13.5,2,1015.4,0
2024-12-21,Thai_Nguyen,21.5942,105.8482,16.0,59,9.7,53,1016.5,0
2024-12-22,Thai_Nguyen,21.5942,105.8482,16.3,58,10.6,62,1016.6,0
2024-12-23,Thai_Nguyen,21.5942,105.8482,16.3,59,9.3,84,1016.0,0
2024-12-24,Thai_Nguyen,21.5942,105.8482,16.5,57,6.7,77,1017.3,0
2024-12-25,Thai_Nguyen,21.5942,105.8482,17.6,60,9.6,43,1016.3,0
2024-12-26,Thai_Nguyen,21.5942,105.8482,19.0,59,10.1,85,1018.3,0
2024-12-27,Thai_Nguyen,21.5942,105.8482,18.0,57,9.1,100,1020.7,0
2024-12-28,Thai_Nguyen,21.5942,105.8482,17.9,48,14.7,41,1022.2,0
2024-12-29,Thai_Nguyen,21.5942,105.8482,15.8,57,12.1,11,1017.5,0
2024-12-30,Thai_Nguyen,21.5942,105.8482,17.1,72,9.8,77,1016.5,0
2024-12-31,Thai_Nguyen,21.5942,105.8482,18.3,61,9.6,58,1016.9,0
2025-01-01,Thai_Nguyen,21.5942,105.8482,16.8,73,9.2,1,1013.2,0
2025-01-02,Thai_Nguyen,21.5942,105.8482,18.2,68,10.8,30,1014.4,0
2025-01-03,Thai_Nguyen,21.5942,105.8482,19.1,63,7.8,29,1016.0,0
2025-01-04,Thai_Nguyen,21.5942,105.8482,17.7,64,11.5,27,1014.8,0
2025-01-05,Thai_Nguyen,21.5942,105.8482,19.3,59,11.7,42,1016.3,0
2025-01-06,Thai_Nguyen,21.5942,105.8482,17.4,64,10.6,1,1013.9,0
2025-01-07,Thai_Nguyen,21.5942,105.8482,17.5,68,11.4,22,1013.3,0
2025-01-08,Thai_Nguyen,21.5942,105.8482,19.1,75,13.8,58,1013.9,1
2025-01-09,Thai_Nguyen,21.5942,105.8482,17.8,53,20.6,99,1017.8,0
2025-01-10,Thai_Nguyen,21.5942,105.8482,16.1,43,10.1,99,1024.1,0
2025-01-11,Thai_Nguyen,21.5942,105.8482,15.0,41,12.6,66,1026.6,0
2025-01-12,Thai_Nguyen,21.5942,105.8482,13.7,50,10.4,20,1022.4,0
2025-01-13,Thai_Nguyen,21.5942,105.8482,14.0,56,8.7,0,1017.8,0
2025-01-14,Thai_Nguyen,21.5942,105.8482,16.3,71,14.4,28,1017.0,0
2025-01-15,Thai_Nguyen,21.5942,105.8482,18.9,56,12.6,47,1020.7,1
2025-01-16,Thai_Nguyen,21.5942,105.8482,17.5,51,11.9,5,1020.8,0
2025-01-17,Thai_Nguyen,21.5942,105.8482,16.1,60,16.2,0,1016.9,0
2025-01-18,Thai_Nguyen,21.5942,105.8482,16.2,67,7.0,53,1014.9,0
2025-01-19,Thai_Nguyen,21.5942,105.8482,17.0,65,8.7,19,1012.7,0
2025-01-20,Thai_Nguyen,21.5942,105.8482,17.6,64,14.2,9,1011.5,0
2025-01-21,Thai_Nguyen,21.5942,105.8482,18.1,61,16.9,9,1010.9,0
2025-01-22,Thai_Nguyen,21.5942,105.8482,18.4,70,12.0,69,1011.2,0
2025-01-23,Thai_Nguyen,21.5942,105.8482,19.1,81,15.5,77,1010.3,0
2025-01-24,Thai_Nguyen,21.5942,105.8482,20.2,87,18.8,96,1006.6,1
2025-01-25,Thai_Nguyen,21.5942,105.8482,21.4,86,19.1,100,1008.4,1
2025-01-26,Thai_Nguyen,21.5942,105.8482,15.4,60,26.1,100,1020.1,1
2025-01-27,Thai_Nguyen,21.5942,105.8482,15.2,42,13.6,64,1019.7,0
2025-01-28,Thai_Nguyen,21.5942,105.8482,13.6,45,9.6,60,1020.8,1
2025-01-29,Thai_Nguyen,21.5942,105.8482,12.9,62,9.9,27,1019.1,0
2025-01-30,Thai_Nguyen,21.5942,105.8482,16.1,68,18.0,42,1011.9,0
2025-01-31,Thai_Nguyen,21.5942,105.8482,19.8,83,17.0,77,1008.3,1
2025-02-01,Thai_Nguyen,21.5942,105.8482,20.7,86,18.3,100,1006.8,1
2025-02-02,Thai_Nguyen,21.5942,105.8482,20.5,78,16.5,97,1008.2,1
2025-02-03,Thai_Nguyen,21.5942,105.8482,16.4,61,13.3,100,1016.7,1
2025-02-04,Thai_Nguyen,21.5942,105.8482,16.4,47,12.1,68,1017.9,0
2025-02-05,Thai_Nguyen,21.5942,105.8482,16.2,70,14.1,86,1012.9,1
2025-02-06,Thai_Nguyen,21.5942,105.8482,17.1,78,14.7,100,1011.5,1
2025-02-07,Thai_Nguyen,21.5942,105.8482,15.0,67,9.9,100,1017.9,1
2025-02-08,Thai_Nguyen,21.5942,105.8482,14.2,56,10.7,100,1020.8,0
2025-02-09,Thai_Nguyen,21.5942,105.8482,13.8,49,7.0,67,1019.3,0
2025-02-10,Thai_Nguyen,21.5942,105.8482,14.2,70,11.4,59,1016.0,0
2025-02-11,Thai_Nguyen,21.5942,105.8482,17.4,77,16.0,85,1012.6,0
2025-02-12,Thai_Nguyen,21.5942,105.8482,19.7,81,9.4,94,1012.6,1
2025-02-13,Thai_Nguyen,21.5942,105.8482,19.3,69,12.9,90,1013.7,1
2025-02-14,Thai_Nguyen,21.5942,105.8482,19.6,78,13.6,99,1011.0,1
2025-02-15,Thai_Nguyen,21.5942,105.8482,20.9,85,16.5,95,1008.8,1
2025-02-16,Thai_Nguyen,21.5942,105.8482,17.0,80,14.1,100,1012.9,1
2025-02-17,Thai_Nguyen,21.5942,105.8482,18.2,82,11.8,100,1014.7,1
2025-02-18,Thai_Nguyen,21.5942,105.8482,16.3,82,7.1,100,1016.0,1
2025-02-19,Thai_Nguyen,21.5942,105.8482,17.2,85,6.7,100,1014.7,1
2025-02-20,Thai_Nguyen,21.5942,105.8482,19.5,87,11.5,98,1014.3,1
2025-02-21,Thai_Nguyen,21.5942,105.8482,18.9,82,14.7,100,1015.6,1
2025-02-22,Thai_Nguyen,21.5942,105.8482,18.2,84,7.7,100,1016.3,1
2025-02-23,Thai_Nguyen,21.5942,105.8482,16.5,75,12.4,100,1020.8,1
2025-02-24,Thai_Nguyen,21.5942,105.8482,14.1,71,6.7,98,1023.6,1
2025-02-25,Thai_Nguyen,21.5942,105.8482,14.1,90,5.6,98,1021.5,1
2025-02-26,Thai_Nguyen,21.5942,105.8482,16.1,80,12.0,94,1018.3,1
2025-02-27,Thai_Nguyen,21.5942,105.8482,18.2,82,14.4,83,1013.0,0
2025-02-28,Thai_Nguyen,21.5942,105.8482,20.5,85,17.0,99,1010.1,1
2025-03-01,Thai_Nguyen,21.5942,105.8482,22.5,85,22.8,86,1006.6,1
2025-03-02,Thai_Nguyen,21.5942,105.8482,23.4,85,18.8,80,1004.4,1
2025-03-03,Thai_Nguyen,21.5942,105.8482,24.3,88,16.5,86,1003.6,1
2025-03-04,Thai_Nguyen,21.5942,105.8482,25.4,84,18.3,74,1002.5,1
2025-03-05,Thai_Nguyen,21.5942,105.8482,21.7,79,18.4,100,1005.5,1
2025-03-06,Thai_Nguyen,21.5942,105.8482,16.1,63,13.9,100,1015.7,1
2025-03-07,Thai_Nguyen,21.5942,105.8482,16.4,54,9.5,80,1017.1,0
2025-03-08,Thai_Nguyen,21.5942,105.8482,16.7,65,8.8,96,1015.8,0
2025-03-09,Thai_Nguyen,21.5942,105.8482,18.4,78,8.9,100,1015.9,1
2025-03-10,Thai_Nguyen,21.5942,105.8482,20.3,84,11.4,98,1014.6,1
2025-03-11,Thai_Nguyen,21.5942,105.8482,21.5,85,16.3,100,1010.0,1
2025-03-12,Thai_Nguyen,21.5942,105.8482,23.0,88,17.8,98,1006.9,1
2025-03-13,Thai_Nguyen,21.5942,105.8482,23.3,91,20.3,100,1006.3,1
2025-03-14,Thai_Nguyen,21.5942,105.8482,24.5,89,19.8,96,1006.4,1
2025-03-15,Thai_Nguyen,21.5942,105.8482,24.1,75,19.3,100,1009.0,1
2025-03-16,Thai_Nguyen,21.5942,105.8482,19.5,49,13.3,57,1015.8,0
2025-03-17,Thai_Nguyen,21.5942,105.8482,17.9,56,12.8,84,1016.3,0
2025-03-18,Thai_Nguyen,21.5942,105.8482,18.0,51,12.0,90,1019.6,0
2025-03-19,Thai_Nguyen,21.5942,105.8482,18.5,53,11.2,68,1020.9,0
2025-03-20,Thai_Nguyen,21.5942,105.8482,18.5,58,12.2,20,1019.7,0
2025-03-21,Thai_Nguyen,21.5942,105.8482,19.4,58,12.2,29,1017.6,0
2025-03-22,Thai_Nguyen,21.5942,105.8482,19.8,62,11.4,34,1015.1,0
2025-03-23,Thai_Nguyen,21.5942,105.8482,21.0,74,13.0,19,1012.5,0
2025-03-24,Thai_Nguyen,21.5942,105.8482,22.7,72,14.1,2,1008.9,0
2025-03-25,Thai_Nguyen,21.5942,105.8482,23.6,78,17.0,47,1003.9,1
2025-03-26,Thai_Nguyen,21.5942,105.8482,24.2,79,19.2,59,1000.8,1
2025-03-27,Thai_Nguyen,21.5942,105.8482,25.9,80,17.4,53,998.0,1
2025-03-28,Thai_Nguyen,21.5942,105.8482,26.4,77,24.3,75,1002.3,1
2025-03-29,Thai_Nguyen,21.5942,105.8482,18.4,62,17.8,100,1011.9,1
2025-03-30,Thai_Nguyen,21.5942,105.8482,15.8,59,9.8,97,1017.0,1
2025-03-31,Thai_Nguyen,21.5942,105.8482,16.3,55,9.7,76,1016.1,0
2025-04-01,Thai_Nguyen,21.5942,105.8482,18.7,59,6.9,55,1014.7,0
2025-04-02,Thai_Nguyen,21.5942,105.8482,19.8,63,11.8,78,1014.3,0
2025-04-03,Thai_Nguyen,21.5942,105.8482,21.0,64,24.2,4,1012.9,0
2025-04-04,Thai_Nguyen,21.5942,105.8482,21.5,73,20.8,64,1008.8,0
2025-04-05,Thai_Nguyen,21.5942,105.8482,22.4,83,10.7,100,1009.6,1
2025-04-06,Thai_Nguyen,21.5942,105.8482,23.2,79,12.8,98,1010.1,1
2025-04-07,Thai_Nguyen,21.5942,105.8482,23.0,81,14.6,92,1011.2,1
2025-04-08,Thai_Nguyen,21.5942,105.8482,23.8,83,15.9,91,1010.3,1
2025-04-09,Thai_Nguyen,21.5942,105.8482,25.2,83,17.9,100,1006.3,1
2025-04-10,Thai_Nguyen,21.5942,105.8482,25.4,82,20.2,93,1002.6,1
2025-04-11,Thai_Nguyen,21.5942,105.8482,26.7,79,20.0,72,1000.4,1
2025-04-12,Thai_Nguyen,21.5942,105.8482,26.3,69,24.5,86,1004.4,1
2025-04-13,Thai_Nguyen,21.5942,105.8482,22.7,58,13.7,62,1012.7,1
2025-04-14,Thai_Nguyen,21.5942,105.8482,22.8,62,9.3,94,1010.4,1
2025-04-15,Thai_Nguyen,21.5942,105.8482,25.2,54,17.1,75,1007.7,0
2025-04-16,Thai_Nguyen,21.5942,105.8482,24.8,61,22.2,89,1004.4,0
2025-04-17,Thai_Nguyen,21.5942,105.8482,26.6,75,20.8,62,1001.4,1
2025-04-18,Thai_Nguyen,21.5942,105.8482,28.5,73,18.6,56,1000.3,0
2025-04-19,Thai_Nguyen,21.5942,105.8482,29.8,69,18.3,26,1000.5,0
2025-04-20,Thai_Nguyen,21.5942,105.8482,29.6,72,22.9,41,1001.9,1
2025-04-21,Thai_Nguyen,21.5942,105.8482,29.3,73,22.9,37,1003.2,1
2025-04-22,Thai_Nguyen,21.5942,105.8482,29.5,73,21.3,61,1002.4,0
2025-04-23,Thai_Nguyen,21.5942,105.8482,28.4,79,15.0,77,1001.4,1
2025-04-24,Thai_Nguyen,21.5942,105.8482,27.9,79,17.0,89,1002.2,1
2025-04-25,Thai_Nguyen,21.5942,105.8482,26.3,76,15.4,67,1006.2,1
2025-04-26,Thai_Nguyen,21.5942,105.8482,26.3,81,16.8,92,1006.3,1
2025-04-27,Thai_Nguyen,21.5942,105.8482,27.4,84,16.8,82,1005.4,1
2025-04-28,Thai_Nguyen,21.5942,105.8482,25.7,85,17.0,97,1007.5,1
2025-04-29,Thai_Nguyen,21.5942,105.8482,25.9,83,18.2,81,1007.5,1
2025-04-30,Thai_Nguyen,21.5942,105.8482,26.0,88,11.9,90,1007.0,1
2025-05-01,Thai_Nguyen,21.5942,105.8482,25.2,85,8.7,79,1009.3,1
2025-05-02,Thai_Nguyen,21.5942,105.8482,26.6,77,13.0,39,1005.9,0
2025-05-03,Thai_Nguyen,21.5942,105.8482,27.2,81,14.4,61,1003.1,1
2025-05-04,Thai_Nguyen,21.5942,105.8482,28.6,82,19.5,47,1000.5,1
2025-05-05,Thai_Nguyen,21.5942,105.8482,29.5,79,15.9,37,1000.1,1
2025-05-06,Thai_Nguyen,21.5942,105.8482,28.7,81,18.5,65,1001.0,1
2025-05-07,Thai_Nguyen,21.5942,105.8482,29.1,82,16.9,82,999.3,1
2025-05-08,Thai_Nguyen,21.5942,105.8482,30.7,77,19.0,65,997.8,1
2025-05-09,Thai_Nguyen,21.5942,105.8482,29.9,71,14.2,73,1001.1,1
2025-05-10,Thai_Nguyen,21.5942,105.8482,27.3,79,17.5,88,1004.4,1
2025-05-11,Thai_Nguyen,21.5942,105.8482,23.3,68,15.5,91,1008.3,1
2025-05-12,Thai_Nguyen,21.5942,105.8482,23.4,65,10.5,53,1006.2,0
2025-05-13,Thai_Nguyen,21.5942,105.8482,25.2,73,17.1,22,1005.4,0
2025-05-14,Thai_Nguyen,21.5942,105.8482,26.7,84,16.4,63,1005.6,1
2025-05-15,Thai_Nguyen,21.5942,105.8482,26.3,89,14.6,95,1005.6,1
2025-05-16,Thai_Nguyen,21.5942,105.8482,26.2,93,15.9,99,1004.3,1
2025-05-17,Thai_Nguyen,21.5942,105.8482,27.0,91,14.8,100,1004.1,1
2025-05-18,Thai_Nguyen,21.5942,105.8482,27.2,90,17.1,100,1004.1,1
2025-05-19,Thai_Nguyen,21.5942,105.8482,26.7,89,16.3,86,1002.8,1
2025-05-20,Thai_Nguyen,21.5942,105.8482,28.0,90,15.6,96,1000.7,1
2025-05-21,Thai_Nguyen,21.5942,105.8482,28.9,83,16.3,90,1000.8,1
2025-05-22,Thai_Nguyen,21.5942,105.8482,28.3,85,18.0,100,1000.1,1
2025-05-23,Thai_Nguyen,21.5942,105.8482,26.8,92,12.0,99,1001.4,1
2025-05-24,Thai_Nguyen,21.5942,105.8482,24.4,83,16.2,100,1007.2,1
2025-05-25,Thai_Nguyen,21.5942,105.8482,24.3,73,13.4,86,1010.2,1
2025-05-26,Thai_Nguyen,21.5942,105.8482,24.7,68,7.2,97,1009.9,0
2025-05-27,Thai_Nguyen,21.5942,105.8482,24.6,81,6.2,96,1007.2,1
2025-05-28,Thai_Nguyen,21.5942,105.8482,27.0,86,11.5,89,1003.5,1
2025-05-29,Thai_Nguyen,21.5942,105.8482,26.8,82,16.5,99,1003.4,1
2025-05-30,Thai_Nguyen,21.5942,105.8482,26.2,82,12.3,94,1003.0,1
2025-05-31,Thai_Nguyen,21.5942,105.8482,29.1,81,19.5,92,999.3,1
2025-06-01,Thai_Nguyen,21.5942,105.8482,31.3,74,12.7,68,994.5,0
2025-06-02,Thai_Nguyen,21.5942,105.8482,31.4,72,16.4,92,995.1,1
2025-06-03,Thai_Nguyen,21.5942,105.8482,29.1,76,10.3,99,999.7,1
2025-06-04,Thai_Nguyen,21.5942,105.8482,27.6,87,15.5,96,1002.4,1
2025-06-05,Thai_Nguyen,21.5942,105.8482,28.5,82,14.0,41,1002.6,1
2025-06-06,Thai_Nguyen,21.5942,105.8482,28.9,86,16.5,53,1001.3,1
2025-06-07,Thai_Nguyen,21.5942,105.8482,28.5,87,14.5,84,1000.4,1
2025-06-08,Thai_Nguyen,21.5942,105.8482,28.6,88,15.5,94,999.8,1
2025-06-09,Thai_Nguyen,21.5942,105.8482,28.1,87,8.6,91,999.9,1
2025-06-10,Thai_Nguyen,21.5942,105.8482,27.3,85,12.6,98,1000.8,1
2025-06-11,Thai_Nguyen,21.5942,105.8482,28.5,78,11.7,68,1000.2,1
2025-06-12,Thai_Nguyen,21.5942,105.8482,29.3,74,14.9,92,999.1,0
2025-06-13,Thai_Nguyen,21.5942,105.8482,28.8,80,15.7,96,998.3,1
2025-06-14,Thai_Nguyen,21.5942,105.8482,30.4,75,13.4,79,997.1,0
2025-06-15,Thai_Nguyen,21.5942,105.8482,29.2,84,9.6,100,998.3,1
2025-06-16,Thai_Nguyen,21.5942,105.8482,27.6,86,10.7,100,1000.2,1
2025-06-17,Thai_Nguyen,21.5942,105.8482,27.2,90,18.8,99,1000.1,1
2025-06-18,Thai_Nguyen,21.5942,105.8482,29.4,81,18.5,100,998.7,1
2025-06-19,Thai_Nguyen,21.5942,105.8482,29.4,84,14.4,100,998.5,1
2025-06-20,Thai_Nguyen,21.5942,105.8482,28.3,88,18.0,100,999.2,1
2025-06-21,Thai_Nguyen,21.5942,105.8482,26.5,94,14.9,100,1000.6,1
2025-06-22,Thai_Nguyen,21.5942,105.8482,26.4,92,15.4,99,1001.7,1
2025-06-23,Thai_Nguyen,21.5942,105.8482,28.0,87,16.3,79,1000.3,1
2025-06-24,Thai_Nguyen,21.5942,105.8482,27.9,88,17.6,96,1000.7,1
2025-06-25,Thai_Nguyen,21.5942,105.8482,28.3,85,13.7,65,1002.4,1
2025-06-26,Thai_Nguyen,21.5942,105.8482,28.6,86,10.3,65,1001.2,1
2025-06-27,Thai_Nguyen,21.5942,105.8482,26.8,90,14.0,100,1000.1,1
2025-06-28,Thai_Nguyen,21.5942,105.8482,26.0,93,8.8,100,999.5,1
2025-06-29,Thai_Nguyen,21.5942,105.8482,26.7,92,10.6,100,997.2,1
2025-06-30,Thai_Nguyen,21.5942,105.8482,26.8,91,13.1,100,997.6,1
2025-07-01,Thai_Nguyen,21.5942,105.8482,26.5,90,16.7,100,1000.0,1
2025-07-02,Thai_Nguyen,21.5942,105.8482,26.3,90,13.9,99,1002.4,1
2025-07-03,Thai_Nguyen,21.5942,105.8482,26.3,91,15.0,99,1002.9,1
2025-07-04,Thai_Nguyen,21.5942,105.8482,27.9,84,14.3,88,1001.2,1
2025-07-05,Thai_Nguyen,21.5942,105.8482,29.3,77,13.1,65,999.6,0
2025-07-06,Thai_Nguyen,21.5942,105.8482,29.1,80,19.8,76,999.3,1
2025-07-07,Thai_Nguyen,21.5942,105.8482,28.8,84,11.1,60,998.4,1
2025-07-08,Thai_Nguyen,21.5942,105.8482,29.7,82,10.0,81,996.5,1
2025-07-09,Thai_Nguyen,21.5942,105.8482,29.7,84,9.2,87,995.3,1
2025-07-10,Thai_Nguyen,21.5942,105.8482,28.9,85,14.6,100,994.2,1
2025-07-11,Thai_Nguyen,21.5942,105.8482,27.5,88,13.4,100,995.8,1
2025-07-12,Thai_Nguyen,21.5942,105.8482,26.9,91,10.6,100,1000.0,1
2025-07-13,Thai_Nguyen,21.5942,105.8482,28.3,86,10.0,97,1001.0,1
2025-07-14,Thai_Nguyen,21.5942,105.8482,28.4,87,13.6,97,999.8,1
2025-07-15,Thai_Nguyen,21.5942,105.8482,28.9,83,14.9,87,997.7,1
2025-07-16,Thai_Nguyen,21.5942,105.8482,28.6,87,10.8,100,998.3,1
2025-07-17,Thai_Nguyen,21.5942,105.8482,30.2,79,9.7,53,998.4,1
2025-07-18,Thai_Nguyen,21.5942,105.8482,31.1,77,7.3,92,995.7,0
2025-07-19,Thai_Nguyen,21.5942,105.8482,29.8,82,11.0,99,993.3,1
2025-07-20,Thai_Nguyen,21.5942,105.8482,28.7,86,14.4,97,992.3,1
2025-07-21,Thai_Nguyen,21.5942,105.8482,28.5,87,22.4,100,989.7,1
2025-07-22,Thai_Nguyen,21.5942,105.8482,28.1,83,25.3,100,988.7,1
2025-07-23,Thai_Nguyen,21.5942,105.8482,28.0,83,16.7,99,994.2,1
2025-07-24,Thai_Nguyen,21.5942,105.8482,27.3,88,13.5,100,997.4,1
2025-07-25,Thai_Nguyen,21.5942,105.8482,27.6,89,11.4,100,997.5,1
2025-07-26,Thai_Nguyen,21.5942,105.8482,28.3,86,13.9,61,997.2,1
2025-07-27,Thai_Nguyen,21.5942,105.8482,29.3,80,13.7,65,996.5,1
2025-07-28,Thai_Nguyen,21.5942,105.8482,30.0,80,11.0,36,994.9,0
2025-07-29,Thai_Nguyen,21.5942,105.8482,31.1,80,10.2,82,993.2,0
2025-07-30,Thai_Nguyen,21.5942,105.8482,31.2,80,20.4,93,993.0,1
2025-07-31,Thai_Nguyen,21.5942,105.8482,29.6,85,12.8,93,993.5,1
2025-08-01,Thai_Nguyen,21.5942,105.8482,27.9,88,11.2,78,994.9,1
2025-08-02,Thai_Nguyen,21.5942,105.8482,29.9,81,12.4,77,996.3,1
2025-08-03,Thai_Nguyen,21.5942,105.8482,31.3,78,13.9,80,995.5,0
2025-08-04,Thai_Nguyen,21.5942,105.8482,31.6,76,10.0,100,995.2,0
2025-08-05,Thai_Nguyen,21.5942,105.8482,29.1,88,16.1,100,997.4,1
2025-08-06,Thai_Nguyen,21.5942,105.8482,28.0,90,17.2,100,999.0,1
2025-08-07,Thai_Nguyen,21.5942,105.8482,28.1,88,11.8,96,1001.4,1
2025-08-08,Thai_Nguyen,21.5942,105.8482,29.5,84,16.8,61,1001.6,1
2025-08-09,Thai_Nguyen,21.5942,105.8482,30.6,77,13.5,69,1000.4,0
2025-08-10,Thai_Nguyen,21.5942,105.8482,30.0,84,14.1,91,1000.3,1
2025-08-11,Thai_Nguyen,21.5942,105.8482,29.6,82,14.6,97,1000.4,1
2025-08-12,Thai_Nguyen,21.5942,105.8482,29.4,86,12.9,97,1001.0,1
2025-08-13,Thai_Nguyen,21.5942,105.8482,29.1,81,6.7,96,1002.0,1
2025-08-14,Thai_Nguyen,21.5942,105.8482,29.4,85,8.4,96,1000.1,1
2025-08-15,Thai_Nguyen,21.5942,105.8482,26.4,88,16.2,99,1001.1,1
2025-08-16,Thai_Nguyen,21.5942,105.8482,25.6,92,10.0,94,1003.8,1
2025-08-17,Thai_Nguyen,21.5942,105.8482,27.2,86,16.4,95,1003.8,1
2025-08-18,Thai_Nguyen,21.5942,105.8482,26.5,88,16.0,98,1002.2,1
2025-08-19,Thai_Nguyen,21.5942,105.8482,26.3,92,11.1,100,1001.6,1
2025-08-20,Thai_Nguyen,21.5942,105.8482,27.4,89,13.9,100,1002.4,1
2025-08-21,Thai_Nguyen,21.5942,105.8482,26.3,91,18.0,100,1003.9,1
2025-08-22,Thai_Nguyen,21.5942,105.8482,27.3,90,15.8,100,1003.7,1
2025-08-23,Thai_Nguyen,21.5942,105.8482,27.3,88,13.2,95,1003.9,1
2025-08-24,Thai_Nguyen,21.5942,105.8482,27.3,88,13.5,60,1003.0,1
2025-08-25,Thai_Nguyen,21.5942,105.8482,26.1,86,17.6,100,1001.9,1
2025-08-26,Thai_Nguyen,21.5942,105.8482,25.3,93,14.9,100,1003.6,1
2025-08-27,Thai_Nguyen,21.5942,105.8482,25.4,92,10.3,94,1004.0,1
2025-08-28,Thai_Nguyen,21.5942,105.8482,26.8,86,16.0,44,1003.6,1
2025-08-29,Thai_Nguyen,21.5942,105.8482,26.9,85,10.8,65,1004.7,1
2025-08-30,Thai_Nguyen,21.5942,105.8482,27.5,84,15.7,99,1004.1,1
2025-08-31,Thai_Nguyen,21.5942,105.8482,26.2,91,14.3,87,1004.3,1
2025-09-01,Thai_Nguyen,21.5942,105.8482,27.1,89,9.7,88,1003.0,1
2025-09-02,Thai_Nguyen,21.5942,105.8482,28.1,84,13.0,68,1002.7,1
2025-09-03,Thai_Nguyen,21.5942,105.8482,28.6,81,12.2,51,1002.9,1
2025-09-04,Thai_Nguyen,21.5942,105.8482,29.1,80,12.6,8,1002.5,0
2025-09-05,Thai_Nguyen,21.5942,105.8482,29.3,79,10.1,53,1002.8,0
2025-09-06,Thai_Nguyen,21.5942,105.8482,29.2,80,8.5,72,1003.6,1
2025-09-07,Thai_Nguyen,21.5942,105.8482,29.1,78,7.7,39,1002.0,1
2025-09-08,Thai_Nguyen,21.5942,105.8482,29.9,76,13.1,83,1000.7,0
2025-09-09,Thai_Nguyen,21.5942,105.8482,28.1,86,10.9,95,1002.2,1
2025-09-10,Thai_Nguyen,21.5942,105.8482,27.1,90,11.2,99,1003.7,1
2025-09-11,Thai_Nguyen,21.5942,105.8482,26.4,91,11.9,97,1004.6,1
2025-09-12,Thai_Nguyen,21.5942,105.8482,26.7,91,16.0,82,1005.5,1
2025-09-13,Thai_Nguyen,21.5942,105.8482,27.8,84,11.1,92,1006.0,1
2025-09-14,Thai_Nguyen,21.5942,105.8482,27.9,84,11.4,95,1005.9,1
2025-09-15,Thai_Nguyen,21.5942,105.8482,26.9,88,12.4,92,1006.5,1
2025-09-16,Thai_Nguyen,21.5942,105.8482,27.6,82,13.0,45,1006.3,1
2025-09-17,Thai_Nguyen,21.5942,105.8482,26.7,88,13.3,76,1005.1,1
2025-09-18,Thai_Nguyen,21.5942,105.8482,26.4,90,9.7,94,1005.0,1
2025-09-19,Thai_Nguyen,21.5942,105.8482,27.9,83,9.1,68,1004.5,1
2025-09-20,Thai_Nguyen,21.5942,105.8482,29.1,77,7.9,36,1002.6,0
2025-09-21,Thai_Nguyen,21.5942,105.8482,28.3,83,9.5,82,1002.2,1
2025-09-22,Thai_Nguyen,21.5942,105.8482,27.0,84,10.6,82,1003.7,1
2025-09-23,Thai_Nguyen,21.5942,105.8482,28.0,78,8.4,50,1001.8,1
2025-09-24,Thai_Nguyen,21.5942,105.8482,28.9,71,19.6,70,998.9,1
2025-09-25,Thai_Nguyen,21.5942,105.8482,25.4,86,17.7,100,999.4,1
2025-09-26,Thai_Nguyen,21.5942,105.8482,25.3,92,10.4,100,1006.5,1
2025-09-27,Thai_Nguyen,21.5942,105.8482,27.3,85,8.3,89,1008.2,1
2025-09-28,Thai_Nguyen,21.5942,105.8482,27.2,82,12.7,81,1005.3,1
2025-09-29,Thai_Nguyen,21.5942,105.8482,24.8,94,29.0,100,1003.3,1
2025-09-30,Thai_Nguyen,21.5942,105.8482,24.8,96,19.7,100,1006.4,1
2025-10-01,Thai_Nguyen,21.5942,105.8482,25.5,94,13.9,98,1007.7,1
2025-10-02,Thai_Nguyen,21.5942,105.8482,27.5,82,11.8,92,1007.3,1
2025-10-03,Thai_Nguyen,21.5942,105.8482,27.8,80,14.1,16,1007.1,0
2025-10-04,Thai_Nguyen,21.5942,105.8482,27.7,87,10.3,53,1006.8,1
2025-10-05,Thai_Nguyen,21.5942,105.8482,28.4,83,14.0,85,1002.7,0
2025-10-06,Thai_Nguyen,21.5942,105.8482,25.2,91,22.1,100,1000.2,1
2025-10-07,Thai_Nguyen,21.5942,105.8482,24.0,96,20.9,100,1007.8,1
2025-10-08,Thai_Nguyen,21.5942,105.8482,26.1,86,4.6,56,1009.2,1
2025-10-09,Thai_Nguyen,21.5942,105.8482,26.9,80,8.1,9,1008.2,0
2025-10-10,Thai_Nguyen,21.5942,105.8482,27.0,80,6.8,15,1007.6,1
2025-10-11,Thai_Nguyen,21.5942,105.8482,26.3,89,9.4,77,1007.0,1
2025-10-12,Thai_Nguyen,21.5942,105.8482,27.3,83,10.7,20,1006.3,0
2025-10-13,Thai_Nguyen,21.5942,105.8482,26.5,89,13.6,78,1007.1,1
2025-10-14,Thai_Nguyen,21.5942,105.8482,25.2,91,13.0,100,1007.7,1
2025-10-15,Thai_Nguyen,21.5942,105.8482,25.5,91,13.1,100,1008.3,1
2025-10-16,Thai_Nguyen,21.5942,105.8482,26.1,87,14.7,54,1009.8,1
2025-10-17,Thai_Nguyen,21.5942,105.8482,26.9,82,7.8,22,1009.8,1
2025-10-18,Thai_Nguyen,21.5942,105.8482,27.0,80,5.5,9,1009.1,0
2025-10-19,Thai_Nguyen,21.5942,105.8482,25.6,88,12.6,49,1009.2,1
2025-10-20,Thai_Nguyen,21.5942,105.8482,25.7,72,13.7,26,1010.2,0
2025-10-21,Thai_Nguyen,21.5942,105.8482,24.1,63,23.8,28,1012.6,0
2025-10-22,Thai_Nguyen,21.5942,105.8482,23.0,54,19.9,98,1014.4,0
2025-10-23,Thai_Nguyen,21.5942,105.8482,20.5,62,11.3,99,1016.1,1
2025-10-24,Thai_Nguyen,21.5942,105.8482,21.1,71,8.8,99,1015.3,1
2025-10-25,Thai_Nguyen,21.5942,105.8482,22.4,76,6.1,83,1013.3,0
2025-10-26,Thai_Nguyen,21.5942,105.8482,24.1,72,8.3,84,1013.1,0
2025-10-27,Thai_Nguyen,21.5942,105.8482,23.2,69,8.1,34,1013.5,0
2025-10-28,Thai_Nguyen,21.5942,105.8482,23.6,70,9.7,88,1013.2,0
2025-10-29,Thai_Nguyen,21.5942,105.8482,24.0,73,12.6,88,1011.9,0
2025-10-30,Thai_Nguyen,21.5942,105.8482,24.5,81,7.5,100,1012.0,1
2025-10-31,Thai_Nguyen,21.5942,105.8482,23.9,80,9.1,100,1012.9,1
2025-11-01,Thai_Nguyen,21.5942,105.8482,21.6,80,7.5,100,1014.0,1
2025-11-02,Thai_Nguyen,21.5942,105.8482,20.8,80,9.7,100,1014.5,1
2025-11-03,Thai_Nguyen,21.5942,105.8482,20.2,72,10.4,100,1014.7,1
2025-11-04,Thai_Nguyen,21.5942,105.8482,20.1,74,12.7,96,1013.8,1
2025-11-05,Thai_Nguyen,21.5942,105.8482,21.5,76,7.3,92,1010.5,0
2025-11-06,Thai_Nguyen,21.5942,105.8482,22.1,85,12.3,56,1008.9,0
2025-11-07,Thai_Nguyen,21.5942,105.8482,23.3,88,10.0,100,1008.2,1
2025-11-08,Thai_Nguyen,21.5942,105.8482,24.7,92,15.9,74,1009.1,1
2025-11-09,Thai_Nguyen,21.5942,105.8482,24.5,92,12.1,82,1008.6,1
2025-11-10,Thai_Nguyen,21.5942,105.8482,24.3,77,11.6,90,1007.4,0
2025-11-11,Thai_Nguyen,21.5942,105.8482,22.9,73,7.2,100,1008.5,1
2025-11-12,Thai_Nguyen,21.5942,105.8482,22.1,66,8.9,64,1011.7,0
2025-11-13,Thai_Nguyen,21.5942,105.8482,22.5,65,7.8,29,1013.9,0
2025-11-14,Thai_Nguyen,21.5942,105.8482,20.7,68,7.3,7,1014.0,0
2025-11-15,Thai_Nguyen,21.5942,105.8482,20.8,74,8.0,1,1015.5,0
2025-11-16,Thai_Nguyen,21.5942,105.8482,21.7,80,8.7,61,1016.1,0
2025-11-17,Thai_Nguyen,21.5942,105.8482,22.8,84,8.3,86,1016.0,1
2025-11-18,Thai_Nguyen,21.5942,105.8482,17.9,88,12.1,100,1020.6,1
2025-11-19,Thai_Nguyen,21.5942,105.8482,15.1,72,14.3,89,1023.8,1
2025-11-20,Thai_Nguyen,21.5942,105.8482,16.7,69,10.1,6,1021.1,0
2025-11-21,Thai_Nguyen,21.5942,105.8482,18.2,62,11.6,35,1020.2,0
2025-11-22,Thai_Nguyen,21.5942,105.8482,18.3,68,7.0,20,1017.4,0
2025-11-23,Thai_Nguyen,21.5942,105.8482,19.8,71,7.6,31,1015.8,0
2025-11-24,Thai_Nguyen,21.5942,105.8482,19.5,70,9.9,2,1016.4,0
2025-11-25,Thai_Nguyen,21.5942,105.8482,18.7,58,15.5,18,1017.7,0
2025-11-26,Thai_Nguyen,21.5942,105.8482,16.7,67,7.8,25,1016.8,0
2025-11-27,Thai_Nguyen,21.5942,105.8482,16.7,63,16.2,49,1019.9,0
2025-11-28,Thai_Nguyen,21.5942,105.8482,16.1,64,10.6,51,1015.1,0
2025-11-29,Thai_Nguyen,21.5942,105.8482,15.8,68,7.6,0,1011.8,0
2025-11-30,Thai_Nguyen,21.5942,105.8482,17.1,75,8.5,11,1010.2,0
2025-12-01,Thai_Nguyen,21.5942,105.8482,19.6,80,9.9,61,1010.4,1
2025-12-02,Thai_Nguyen,21.5942,105.8482,21.5,88,9.6,61,1009.7,1
2025-12-03,Thai_Nguyen,21.5942,105.8482,20.9,79,11.9,94,1015.2,1
2025-12-04,Thai_Nguyen,21.5942,105.8482,19.8,70,6.7,81,1015.9,0
2025-12-05,Thai_Nguyen,21.5942,105.8482,19.6,72,7.7,99,1017.2,1
2025-12-06,Thai_Nguyen,21.5942,105.8482,20.1,71,14.8,83,1015.1,0
2025-12-07,Thai_Nguyen,21.5942,105.8482,21.1,80,8.8,57,1014.7,1
2025-12-08,Thai_Nguyen,21.5942,105.8482,21.0,73,6.9,44,1016.4,1
2025-12-09,Thai_Nguyen,21.5942,105.8482,19.7,75,10.8,10,1015.0,0
2025-12-10,Thai_Nguyen,21.5942,105.8482,20.3,74,7.3,17,1014.0,0
2025-12-11,Thai_Nguyen,21.5942,105.8482,20.0,78,8.5,76,1014.0,0
2025-12-12,Thai_Nguyen,21.5942,105.8482,20.6,89,6.8,89,1011.6,1
2025-12-13,Thai_Nguyen,21.5942,105.8482,21.3,82,13.0,99,1015.2,1
2025-12-14,Thai_Nguyen,21.5942,105.8482,17.9,56,9.5,37,1018.6,0
2025-12-15,Thai_Nguyen,21.5942,105.8482,16.8,72,10.1,9,1015.6,0
2025-12-16,Thai_Nguyen,21.5942,105.8482,19.1,79,4.2,100,1014.6,0
2025-12-17,Thai_Nguyen,21.5942,105.8482,20.3,81,7.3,71,1016.6,1
2025-12-18,Thai_Nguyen,21.5942,105.8482,19.7,78,8.2,11,1014.9,0
2025-12-19,Thai_Nguyen,21.5942,105.8482,19.6,80,10.1,18,1010.9,0
2025-12-20,Thai_Nguyen,21.5942,105.8482,21.2,84,11.5,58,1011.7,1
2025-12-21,Thai_Nguyen,21.5942,105.8482,20.9,85,8.4,40,1013.9,1
2025-12-22,Thai_Nguyen,21.5942,105.8482,21.0,83,16.9,53,1011.4,1
2025-12-23,Thai_Nguyen,21.5942,105.8482,21.5,88,17.8,77,1009.9,1
2025-12-24,Thai_Nguyen,21.5942,105.8482,21.0,83,18.6,94,1009.8,1
2025-12-25,Thai_Nguyen,21.5942,105.8482,17.6,58,14.9,94,1016.8,1
2025-12-26,Thai_Nguyen,21.5942,105.8482,16.0,52,9.1,27,1016.8,0
2025-12-27,Thai_Nguyen,21.5942,105.8482,15.3,63,8.0,47,1016.1,0
2025-12-28,Thai_Nguyen,21.5942,105.8482,17.1,68,6.0,73,1014.8,0
2025-12-29,Thai_Nguyen,21.5942,105.8482,19.1,75,10.1,90,1011.8,0
2025-12-30,Thai_Nguyen,21.5942,105.8482,20.3,78,15.6,91,1010.7,1
2025-12-31,Thai_Nguyen,21.5942,105.8482,20.8,79,17.3,88,1007.9,1
