date,destination,latitude,longitude,temp,humidity,wind_speed,cloud_cover,pressure,rain
2020-01-01,Lao_Cai,22.4856,103.9707,18.0,95,4.8,89,1012.6,1
2020-01-02,Lao_Cai,22.4856,103.9707,18.5,92,6.4,67,1011.2,1
2020-01-03,Lao_Cai,22.4856,103.9707,19.0,94,5.4,78,1009.0,1
2020-01-04,Lao_Cai,22.4856,103.9707,19.8,95,10.2,84,1006.6,1
2020-01-05,Lao_Cai,22.4856,103.9707,19.2,95,9.4,81,1005.4,1
2020-01-06,Lao_Cai,22.4856,103.9707,19.6,94,14.2,85,1004.3,1
2020-01-07,Lao_Cai,22.4856,103.9707,19.6,94,6.8,59,1005.3,1
2020-01-08,Lao_Cai,22.4856,103.9707,20.0,93,8.4,75,1005.0,1
2020-01-09,Lao_Cai,22.4856,103.9707,19.3,94,9.0,76,1003.8,1
2020-01-10,Lao_Cai,22.4856,103.9707,18.9,94,8.7,68,1002.2,1
2020-01-11,Lao_Cai,22.4856,103.9707,19.6,90,14.8,64,1003.0,1
2020-01-12,Lao_Cai,22.4856,103.9707,15.3,94,5.7,73,1006.8,1
2020-01-13,Lao_Cai,22.4856,103.9707,14.0,98,6.6,92,1004.8,1
2020-01-14,Lao_Cai,22.4856,103.9707,15.0,98,7.7,91,1004.3,1
2020-01-15,Lao_Cai,22.4856,103.9707,17.6,95,9.7,76,1001.8,1
2020-01-16,Lao_Cai,22.4856,103.9707,19.6,90,9.9,77,1003.9,1
2020-01-17,Lao_Cai,22.4856,103.9707,16.3,96,8.4,82,1007.7,1
2020-01-18,Lao_Cai,22.4856,103.9707,13.8,98,6.3,91,1006.9,1
2020-01-19,Lao_Cai,22.4856,103.9707,14.6,98,6.5,94,1009.1,1
2020-01-20,Lao_Cai,22.4856,103.9707,12.9,100,6.3,99,1009.3,1
2020-01-21,Lao_Cai,22.4856,103.9707,14.1,98,8.0,84,1008.2,1
2020-01-22,Lao_Cai,22.4856,103.9707,16.5,96,8.2,82,1005.0,1
2020-01-23,Lao_Cai,22.4856,103.9707,18.5,94,9.7,75,1002.8,1
2020-01-24,Lao_Cai,22.4856,103.9707,19.0,95,8.0,81,1002.4,1
2020-01-25,Lao_Cai,22.4856,103.9707,16.7,92,9.2,80,1004.3,1
2020-01-26,Lao_Cai,22.4856,103.9707,14.9,74,8.1,22,1006.9,1
2020-01-27,Lao_Cai,22.4856,103.9707,12.7,86,6.8,63,1005.5,1
2020-01-28,Lao_Cai,22.4856,103.9707,11.8,96,7.4,78,1008.1,1
2020-01-29,Lao_Cai,22.4856,103.9707,12.7,93,4.9,73,1011.7,1
2020-01-30,Lao_Cai,22.4856,103.9707,13.6,81,5.8,56,1010.9,1
2020-01-31,Lao_Cai,22.4856,103.9707,13.1,80,5.6,56,1009.0,1
2020-02-01,Lao_Cai,22.4856,103.9707,13.9,91,6.3,75,1008.2,1
2020-02-02,Lao_Cai,22.4856,103.9707,15.1,93,6.1,74,1007.7,1
2020-02-03,Lao_Cai,22.4856,103.9707,16.8,92,12.2,90,1006.6,1
2020-02-04,Lao_Cai,22.4856,103.9707,15.1,98,6.3,94,1008.1,1
2020-02-05,Lao_Cai,22.4856,103.9707,14.3,99,4.4,94,1006.9,1
2020-02-06,Lao_Cai,22.4856,103.9707,15.1,93,6.0,66,1005.7,1
2020-02-07,Lao_Cai,22.4856,103.9707,16.7,96,5.4,92,1007.7,1
2020-02-08,Lao_Cai,22.4856,103.9707,17.4,97,9.2,99,1010.6,1
2020-02-09,Lao_Cai,22.4856,103.9707,15.6,97,8.2,100,1013.6,1
2020-02-10,Lao_Cai,22.4856,103.9707,12.8,99,6.0,95,1010.6,1
2020-02-11,Lao_Cai,22.4856,103.9707,15.3,91,9.2,63,1007.2,1
2020-02-12,Lao_Cai,22.4856,103.9707,17.4,91,8.0,61,1004.4,1
2020-02-13,Lao_Cai,22.4856,103.9707,19.4,85,9.8,42,1000.1,1
2020-02-14,Lao_Cai,22.4856,103.9707,19.9,90,10.5,56,997.0,1
2020-02-15,Lao_Cai,22.4856,103.9707,20.5,85,6.9,39,999.7,1
2020-02-16,Lao_Cai,22.4856,103.9707,16.0,93,7.2,75,1011.2,1
2020-02-17,Lao_Cai,22.4856,103.9707,14.4,86,5.2,69,1015.8,1
2020-02-18,Lao_Cai,22.4856,103.9707,14.1,81,4.6,72,1014.0,1
2020-02-19,Lao_Cai,22.4856,103.9707,14.4,73,6.1,28,1011.2,0
2020-02-20,Lao_Cai,22.4856,103.9707,15.0,89,6.4,63,1011.4,1
2020-02-21,Lao_Cai,22.4856,103.9707,17.4,93,4.9,97,1014.2,1
2020-02-22,Lao_Cai,22.4856,103.9707,19.0,89,6.7,71,1014.3,1
2020-02-23,Lao_Cai,22.4856,103.9707,19.0,85,5.4,64,1011.5,1
2020-02-24,Lao_Cai,22.4856,103.9707,17.9,89,7.9,63,1007.1,1
2020-02-25,Lao_Cai,22.4856,103.9707,18.9,89,7.6,57,1005.4,1
2020-02-26,Lao_Cai,22.4856,103.9707,19.7,92,6.3,93,1006.1,1
2020-02-27,Lao_Cai,22.4856,103.9707,19.8,92,5.8,96,1005.8,1
2020-02-28,Lao_Cai,22.4856,103.9707,20.1,94,10.6,81,1003.6,1
2020-02-29,Lao_Cai,22.4856,103.9707,20.0,92,5.4,67,1001.9,1
2020-03-01,Lao_Cai,22.4856,103.9707,20.7,91,6.2,52,1001.6,1
2020-03-02,Lao_Cai,22.4856,103.9707,21.3,94,6.0,79,1001.8,1
2020-03-03,Lao_Cai,22.4856,103.9707,20.3,95,6.1,86,1002.9,1
2020-03-04,Lao_Cai,22.4856,103.9707,19.4,89,7.4,79,1005.7,1
2020-03-05,Lao_Cai,22.4856,103.9707,16.6,93,5.6,78,1007.0,1
2020-03-06,Lao_Cai,22.4856,103.9707,17.5,89,7.6,55,1003.5,1
2020-03-07,Lao_Cai,22.4856,103.9707,21.6,82,8.8,35,999.1,1
2020-03-08,Lao_Cai,22.4856,103.9707,24.2,73,7.4,23,994.0,1
2020-03-09,Lao_Cai,22.4856,103.9707,24.8,59,7.5,0,994.1,0
2020-03-10,Lao_Cai,22.4856,103.9707,20.9,83,8.4,74,1002.9,1
2020-03-11,Lao_Cai,22.4856,103.9707,17.1,94,7.5,75,1004.3,1
2020-03-12,Lao_Cai,22.4856,103.9707,18.9,88,8.4,54,1001.2,1
2020-03-13,Lao_Cai,22.4856,103.9707,22.1,87,6.9,61,1002.1,1
2020-03-14,Lao_Cai,22.4856,103.9707,21.6,94,11.0,97,1005.9,1
2020-03-15,Lao_Cai,22.4856,103.9707,17.9,96,5.9,88,1006.5,1
2020-03-16,Lao_Cai,22.4856,103.9707,17.8,97,6.2,97,1004.7,1
2020-03-17,Lao_Cai,22.4856,103.9707,21.2,91,7.8,77,1004.1,1
2020-03-18,Lao_Cai,22.4856,103.9707,19.2,96,7.3,89,1002.8,1
2020-03-19,Lao_Cai,22.4856,103.9707,18.8,99,5.6,92,1003.6,1
2020-03-20,Lao_Cai,22.4856,103.9707,19.4,88,6.2,74,1002.3,1
2020-03-21,Lao_Cai,22.4856,103.9707,21.8,87,7.6,64,1000.7,1
2020-03-22,Lao_Cai,22.4856,103.9707,22.8,84,7.1,36,1000.8,1
2020-03-23,Lao_Cai,22.4856,103.9707,23.0,83,7.3,51,1001.2,1
2020-03-24,Lao_Cai,22.4856,103.9707,21.7,90,6.6,76,1001.0,1
2020-03-25,Lao_Cai,22.4856,103.9707,21.7,87,6.6,61,999.1,1
2020-03-26,Lao_Cai,22.4856,103.9707,23.2,87,8.6,58,997.8,1
2020-03-27,Lao_Cai,22.4856,103.9707,24.1,88,8.7,60,997.7,1
2020-03-28,Lao_Cai,22.4856,103.9707,23.3,91,18.3,88,999.0,1
2020-03-29,Lao_Cai,22.4856,103.9707,21.6,94,8.3,77,997.6,1
2020-03-30,Lao_Cai,22.4856,103.9707,21.1,95,14.7,89,998.0,1
2020-03-31,Lao_Cai,22.4856,103.9707,18.5,99,6.6,99,1001.0,1
2020-04-01,Lao_Cai,22.4856,103.9707,18.6,95,6.2,83,1002.1,1
2020-04-02,Lao_Cai,22.4856,103.9707,19.4,97,5.5,92,1002.3,1
2020-04-03,Lao_Cai,22.4856,103.9707,21.4,94,6.6,89,1002.5,1
2020-04-04,Lao_Cai,22.4856,103.9707,20.9,94,9.7,95,1005.1,1
2020-04-05,Lao_Cai,22.4856,103.9707,19.0,94,6.1,79,1006.9,1
2020-04-06,Lao_Cai,22.4856,103.9707,18.0,92,5.8,89,1005.4,1
2020-04-07,Lao_Cai,22.4856,103.9707,19.0,87,7.8,78,1004.6,1
2020-04-08,Lao_Cai,22.4856,103.9707,19.1,90,5.1,88,1005.0,1
2020-04-09,Lao_Cai,22.4856,103.9707,20.6,88,5.2,75,1005.4,1
2020-04-10,Lao_Cai,22.4856,103.9707,20.9,92,9.0,81,1003.8,1
2020-04-11,Lao_Cai,22.4856,103.9707,23.7,85,7.2,71,1002.4,1
2020-04-12,Lao_Cai,22.4856,103.9707,20.8,92,9.6,98,1007.5,1
2020-04-13,Lao_Cai,22.4856,103.9707,16.5,93,6.5,91,1009.3,1
2020-04-14,Lao_Cai,22.4856,103.9707,17.1,86,7.8,45,1006.0,1
2020-04-15,Lao_Cai,22.4856,103.9707,19.5,83,9.7,50,1002.6,1
2020-04-16,Lao_Cai,22.4856,103.9707,21.2,92,10.8,82,999.9,1
2020-04-17,Lao_Cai,22.4856,103.9707,23.0,93,8.3,95,999.8,1
2020-04-18,Lao_Cai,22.4856,103.9707,24.3,87,9.9,87,998.9,1
2020-04-19,Lao_Cai,22.4856,103.9707,25.6,85,9.7,44,997.9,1
2020-04-20,Lao_Cai,22.4856,103.9707,25.5,90,10.9,69,998.4,1
2020-04-21,Lao_Cai,22.4856,103.9707,26.6,85,8.4,66,997.3,1
2020-04-22,Lao_Cai,22.4856,103.9707,23.9,97,10.8,99,1000.0,1
2020-04-23,Lao_Cai,22.4856,103.9707,20.5,96,9.8,99,1004.9,1
2020-04-24,Lao_Cai,22.4856,103.9707,17.2,100,10.0,99,1009.6,1
2020-04-25,Lao_Cai,22.4856,103.9707,17.6,91,5.8,83,1008.5,1
2020-04-26,Lao_Cai,22.4856,103.9707,18.9,96,4.3,95,1009.7,1
2020-04-27,Lao_Cai,22.4856,103.9707,21.9,66,5.9,82,1008.5,0
2020-04-28,Lao_Cai,22.4856,103.9707,24.4,54,7.7,62,1005.6,0
2020-04-29,Lao_Cai,22.4856,103.9707,22.1,77,5.4,76,1004.8,1
2020-04-30,Lao_Cai,22.4856,103.9707,22.2,88,8.6,72,1003.1,1
2020-05-01,Lao_Cai,22.4856,103.9707,21.6,97,6.3,97,1000.4,1
2020-05-02,Lao_Cai,22.4856,103.9707,24.7,84,10.5,48,997.6,1
2020-05-03,Lao_Cai,22.4856,103.9707,26.3,84,7.3,80,997.2,1
2020-05-04,Lao_Cai,22.4856,103.9707,28.0,81,7.6,53,996.5,1
2020-05-05,Lao_Cai,22.4856,103.9707,29.6,72,7.6,8,994.6,0
2020-05-06,Lao_Cai,22.4856,103.9707,30.2,74,8.7,38,993.1,1
2020-05-07,Lao_Cai,22.4856,103.9707,30.9,74,8.7,46,992.3,1
2020-05-08,Lao_Cai,22.4856,103.9707,30.7,76,9.1,72,992.5,1
2020-05-09,Lao_Cai,22.4856,103.9707,30.7,70,9.0,61,994.5,1
2020-05-10,Lao_Cai,22.4856,103.9707,31.5,63,9.0,41,995.2,0
2020-05-11,Lao_Cai,22.4856,103.9707,30.4,72,11.6,41,996.9,1
2020-05-12,Lao_Cai,22.4856,103.9707,25.7,90,7.4,89,1000.2,1
2020-05-13,Lao_Cai,22.4856,103.9707,25.6,90,8.4,94,998.4,1
2020-05-14,Lao_Cai,22.4856,103.9707,28.3,78,8.4,56,995.4,1
2020-05-15,Lao_Cai,22.4856,103.9707,29.0,72,7.8,20,992.7,0
2020-05-16,Lao_Cai,22.4856,103.9707,28.5,78,10.6,33,993.6,1
2020-05-17,Lao_Cai,22.4856,103.9707,27.5,83,8.6,54,993.3,1
2020-05-18,Lao_Cai,22.4856,103.9707,28.2,80,6.5,46,992.9,1
2020-05-19,Lao_Cai,22.4856,103.9707,28.7,81,10.1,55,992.4,1
2020-05-20,Lao_Cai,22.4856,103.9707,29.5,82,10.1,79,990.8,1
2020-05-21,Lao_Cai,22.4856,103.9707,33.1,64,6.2,77,990.0,0
2020-05-22,Lao_Cai,22.4856,103.9707,29.8,81,11.5,98,993.2,1
2020-05-23,Lao_Cai,22.4856,103.9707,27.2,91,7.9,86,995.7,1
2020-05-24,Lao_Cai,22.4856,103.9707,28.2,87,8.7,80,995.7,1
2020-05-25,Lao_Cai,22.4856,103.9707,29.2,83,8.4,60,995.3,1
2020-05-26,Lao_Cai,22.4856,103.9707,26.8,90,6.0,72,997.8,1
2020-05-27,Lao_Cai,22.4856,103.9707,25.6,85,10.3,77,1000.0,1
2020-05-28,Lao_Cai,22.4856,103.9707,23.7,93,6.3,78,999.5,1
2020-05-29,Lao_Cai,22.4856,103.9707,26.5,85,8.3,76,996.3,1
2020-05-30,Lao_Cai,22.4856,103.9707,28.5,80,8.5,77,996.8,1
2020-05-31,Lao_Cai,22.4856,103.9707,29.0,77,8.3,81,996.5,1
2020-06-01,Lao_Cai,22.4856,103.9707,29.6,73,7.4,68,995.3,1
2020-06-02,Lao_Cai,22.4856,103.9707,29.6,74,9.2,54,993.5,1
2020-06-03,Lao_Cai,22.4856,103.9707,30.2,70,11.0,61,993.2,1
2020-06-04,Lao_Cai,22.4856,103.9707,29.4,80,9.7,78,992.7,1
2020-06-05,Lao_Cai,22.4856,103.9707,29.8,80,10.3,81,992.6,1
2020-06-06,Lao_Cai,22.4856,103.9707,29.6,80,8.7,92,992.0,1
2020-06-07,Lao_Cai,22.4856,103.9707,31.3,68,6.4,77,989.9,1
2020-06-08,Lao_Cai,22.4856,103.9707,30.7,73,7.3,98,990.3,1
2020-06-09,Lao_Cai,22.4856,103.9707,30.4,75,8.2,100,993.1,1
2020-06-10,Lao_Cai,22.4856,103.9707,27.9,89,9.0,99,995.0,1
2020-06-11,Lao_Cai,22.4856,103.9707,28.4,87,7.2,90,993.1,1
2020-06-12,Lao_Cai,22.4856,103.9707,30.6,72,10.2,65,990.3,0
2020-06-13,Lao_Cai,22.4856,103.9707,29.9,78,12.5,93,990.7,1
2020-06-14,Lao_Cai,22.4856,103.9707,26.7,93,8.3,100,994.4,1
2020-06-15,Lao_Cai,22.4856,103.9707,25.6,99,8.3,95,995.2,1
2020-06-16,Lao_Cai,22.4856,103.9707,26.7,92,9.0,81,993.6,1
2020-06-17,Lao_Cai,22.4856,103.9707,27.9,89,10.1,80,991.7,1
2020-06-18,Lao_Cai,22.4856,103.9707,27.0,94,6.5,94,993.7,1
2020-06-19,Lao_Cai,22.4856,103.9707,27.0,93,4.3,85,995.0,1
2020-06-20,Lao_Cai,22.4856,103.9707,28.1,87,10.5,66,994.0,1
2020-06-21,Lao_Cai,22.4856,103.9707,29.8,81,7.6,89,991.0,1
2020-06-22,Lao_Cai,22.4856,103.9707,31.8,67,7.1,71,990.4,1
2020-06-23,Lao_Cai,22.4856,103.9707,31.2,72,8.0,95,992.1,1
2020-06-24,Lao_Cai,22.4856,103.9707,31.7,71,9.7,100,991.5,1
2020-06-25,Lao_Cai,22.4856,103.9707,29.4,83,7.6,100,991.5,1
2020-06-26,Lao_Cai,22.4856,103.9707,28.8,86,7.7,86,991.4,1
2020-06-27,Lao_Cai,22.4856,103.9707,28.5,85,9.7,96,992.3,1
2020-06-28,Lao_Cai,22.4856,103.9707,29.9,78,9.9,75,992.3,1
2020-06-29,Lao_Cai,22.4856,103.9707,30.0,78,12.2,93,992.0,1
2020-06-30,Lao_Cai,22.4856,103.9707,29.1,87,9.1,97,991.5,1
2020-07-01,Lao_Cai,22.4856,103.9707,26.9,98,5.2,100,991.4,1
2020-07-02,Lao_Cai,22.4856,103.9707,26.9,94,6.1,100,991.7,1
2020-07-03,Lao_Cai,22.4856,103.9707,26.0,99,4.3,100,994.4,1
2020-07-04,Lao_Cai,22.4856,103.9707,26.4,96,5.6,88,995.2,1
2020-07-05,Lao_Cai,22.4856,103.9707,27.2,90,7.6,84,993.4,1
2020-07-06,Lao_Cai,22.4856,103.9707,27.9,90,11.6,96,992.5,1
2020-07-07,Lao_Cai,22.4856,103.9707,28.1,88,10.7,99,994.6,1
2020-07-08,Lao_Cai,22.4856,103.9707,30.2,80,9.1,100,992.8,1
2020-07-09,Lao_Cai,22.4856,103.9707,31.4,69,5.6,99,989.6,0
2020-07-10,Lao_Cai,22.4856,103.9707,29.3,82,5.5,100,989.7,1
2020-07-11,Lao_Cai,22.4856,103.9707,26.2,99,6.2,100,991.0,1
2020-07-12,Lao_Cai,22.4856,103.9707,25.1,100,4.6,100,992.4,1
2020-07-13,Lao_Cai,22.4856,103.9707,27.5,88,7.3,73,994.6,1
2020-07-14,Lao_Cai,22.4856,103.9707,28.2,82,7.6,69,995.8,1
2020-07-15,Lao_Cai,22.4856,103.9707,29.1,80,9.5,54,993.6,1
2020-07-16,Lao_Cai,22.4856,103.9707,28.8,85,12.1,78,992.8,1
2020-07-17,Lao_Cai,22.4856,103.9707,29.2,84,8.3,100,993.3,1
2020-07-18,Lao_Cai,22.4856,103.9707,29.1,85,5.8,99,993.6,1
2020-07-19,Lao_Cai,22.4856,103.9707,30.0,75,6.2,93,992.9,1
2020-07-20,Lao_Cai,22.4856,103.9707,27.1,91,7.1,97,995.1,1
2020-07-21,Lao_Cai,22.4856,103.9707,25.8,98,5.2,96,996.9,1
2020-07-22,Lao_Cai,22.4856,103.9707,27.1,92,8.8,81,996.0,1
2020-07-23,Lao_Cai,22.4856,103.9707,27.9,87,9.5,57,996.1,1
2020-07-24,Lao_Cai,22.4856,103.9707,28.4,85,11.0,63,996.4,1
2020-07-25,Lao_Cai,22.4856,103.9707,29.1,85,8.8,59,995.3,1
2020-07-26,Lao_Cai,22.4856,103.9707,29.1,86,7.9,100,994.4,1
2020-07-27,Lao_Cai,22.4856,103.9707,26.8,95,5.8,95,994.5,1
2020-07-28,Lao_Cai,22.4856,103.9707,28.3,83,8.9,65,995.1,0
2020-07-29,Lao_Cai,22.4856,103.9707,28.1,85,6.5,84,995.6,1
2020-07-30,Lao_Cai,22.4856,103.9707,28.3,84,6.0,70,995.3,1
2020-07-31,Lao_Cai,22.4856,103.9707,28.8,81,7.6,77,993.9,1
2020-08-01,Lao_Cai,22.4856,103.9707,29.3,78,7.6,69,991.1,1
2020-08-02,Lao_Cai,22.4856,103.9707,27.0,89,8.9,97,989.5,1
2020-08-03,Lao_Cai,22.4856,103.9707,26.3,92,6.0,94,989.9,1
2020-08-04,Lao_Cai,22.4856,103.9707,26.9,90,6.9,92,991.1,1
2020-08-05,Lao_Cai,22.4856,103.9707,27.3,88,5.9,90,993.1,1
2020-08-06,Lao_Cai,22.4856,103.9707,25.7,97,4.3,99,995.1,1
2020-08-07,Lao_Cai,22.4856,103.9707,26.3,96,9.6,95,994.9,1
2020-08-08,Lao_Cai,22.4856,103.9707,26.4,96,5.8,98,993.8,1
2020-08-09,Lao_Cai,22.4856,103.9707,28.2,89,9.0,98,991.9,1
2020-08-10,Lao_Cai,22.4856,103.9707,29.8,83,7.0,98,990.8,1
2020-08-11,Lao_Cai,22.4856,103.9707,29.6,80,8.0,98,990.9,1
2020-08-12,Lao_Cai,22.4856,103.9707,27.2,94,7.1,95,993.6,1
2020-08-13,Lao_Cai,22.4856,103.9707,26.4,94,6.8,98,995.2,1
2020-08-14,Lao_Cai,22.4856,103.9707,25.0,99,6.1,97,995.1,1
2020-08-15,Lao_Cai,22.4856,103.9707,25.4,95,8.8,93,994.4,1
2020-08-16,Lao_Cai,22.4856,103.9707,25.0,98,6.3,93,993.7,1
2020-08-17,Lao_Cai,22.4856,103.9707,24.1,99,3.1,100,994.2,1
2020-08-18,Lao_Cai,22.4856,103.9707,24.0,99,4.9,99,995.0,1
2020-08-19,Lao_Cai,22.4856,103.9707,25.4,91,4.8,95,995.5,1
2020-08-20,Lao_Cai,22.4856,103.9707,27.7,76,10.6,65,996.3,1
2020-08-21,Lao_Cai,22.4856,103.9707,26.0,93,6.3,98,998.1,1
2020-08-22,Lao_Cai,22.4856,103.9707,26.5,88,4.8,65,997.8,1
2020-08-23,Lao_Cai,22.4856,103.9707,27.2,88,6.7,85,995.7,1
2020-08-24,Lao_Cai,22.4856,103.9707,28.0,86,6.8,84,993.7,1
2020-08-25,Lao_Cai,22.4856,103.9707,28.8,80,5.7,94,993.3,1
2020-08-26,Lao_Cai,22.4856,103.9707,30.9,66,6.6,21,991.6,0
2020-08-27,Lao_Cai,22.4856,103.9707,30.6,74,9.9,9,990.1,0
2020-08-28,Lao_Cai,22.4856,103.9707,29.7,81,10.8,55,991.4,1
2020-08-29,Lao_Cai,22.4856,103.9707,27.9,88,6.7,85,993.9,1
2020-08-30,Lao_Cai,22.4856,103.9707,27.4,87,6.6,80,995.3,1
2020-08-31,Lao_Cai,22.4856,103.9707,27.4,85,4.3,55,997.9,1
2020-09-01,Lao_Cai,22.4856,103.9707,29.7,64,5.7,13,997.2,0
2020-09-02,Lao_Cai,22.4856,103.9707,30.5,64,5.9,51,997.0,0
2020-09-03,Lao_Cai,22.4856,103.9707,30.1,69,9.8,51,997.8,0
2020-09-04,Lao_Cai,22.4856,103.9707,28.7,80,7.1,67,997.4,1
2020-09-05,Lao_Cai,22.4856,103.9707,27.5,89,7.6,92,995.2,1
2020-09-06,Lao_Cai,22.4856,103.9707,27.9,90,6.6,100,993.5,1
2020-09-07,Lao_Cai,22.4856,103.9707,25.6,98,6.6,98,995.8,1
2020-09-08,Lao_Cai,22.4856,103.9707,26.4,87,4.1,79,998.4,1
2020-09-09,Lao_Cai,22.4856,103.9707,25.9,93,6.1,87,997.9,1
2020-09-10,Lao_Cai,22.4856,103.9707,26.3,92,7.2,95,994.9,1
2020-09-11,Lao_Cai,22.4856,103.9707,27.0,92,6.7,97,995.9,1
2020-09-12,Lao_Cai,22.4856,103.9707,26.0,94,5.5,98,999.0,1
2020-09-13,Lao_Cai,22.4856,103.9707,25.6,96,5.3,98,999.8,1
2020-09-14,Lao_Cai,22.4856,103.9707,25.9,94,7.0,93,998.4,1
2020-09-15,Lao_Cai,22.4856,103.9707,26.2,93,6.6,96,996.8,1
2020-09-16,Lao_Cai,22.4856,103.9707,26.9,92,7.7,98,995.6,1
2020-09-17,Lao_Cai,22.4856,103.9707,26.4,93,6.4,98,996.0,1
2020-09-18,Lao_Cai,22.4856,103.9707,26.0,83,8.1,98,998.2,1
2020-09-19,Lao_Cai,22.4856,103.9707,24.6,91,5.4,97,998.8,1
2020-09-20,Lao_Cai,22.4856,103.9707,25.1,91,6.1,82,999.0,1
2020-09-21,Lao_Cai,22.4856,103.9707,25.1,95,6.6,87,998.0,1
2020-09-22,Lao_Cai,22.4856,103.9707,26.2,93,7.6,98,997.5,1
2020-09-23,Lao_Cai,22.4856,103.9707,25.4,94,7.3,99,999.3,1
2020-09-24,Lao_Cai,22.4856,103.9707,23.7,96,4.5,98,1001.2,1
2020-09-25,Lao_Cai,22.4856,103.9707,24.7,95,7.6,91,997.5,1
2020-09-26,Lao_Cai,22.4856,103.9707,25.6,95,5.5,99,996.5,1
2020-09-27,Lao_Cai,22.4856,103.9707,24.7,96,6.3,96,998.5,1
2020-09-28,Lao_Cai,22.4856,103.9707,25.3,93,9.7,82,998.3,1
2020-09-29,Lao_Cai,22.4856,103.9707,26.5,89,5.2,85,996.6,1
2020-09-30,Lao_Cai,22.4856,103.9707,26.4,91,6.1,90,995.9,1
2020-10-01,Lao_Cai,22.4856,103.9707,25.6,94,8.2,90,996.8,1
2020-10-02,Lao_Cai,22.4856,103.9707,26.5,90,6.6,81,997.6,1
2020-10-03,Lao_Cai,22.4856,103.9707,26.0,92,6.1,90,998.6,1
2020-10-04,Lao_Cai,22.4856,103.9707,26.1,92,6.9,89,998.8,1
2020-10-05,Lao_Cai,22.4856,103.9707,25.2,96,4.3,88,1000.0,1
2020-10-06,Lao_Cai,22.4856,103.9707,24.6,91,7.4,75,1002.4,1
2020-10-07,Lao_Cai,22.4856,103.9707,24.9,84,10.3,67,1004.4,1
2020-10-08,Lao_Cai,22.4856,103.9707,24.3,79,5.8,49,1005.1,1
2020-10-09,Lao_Cai,22.4856,103.9707,23.9,74,8.5,37,1005.9,0
2020-10-10,Lao_Cai,22.4856,103.9707,22.9,77,6.1,31,1004.1,1
2020-10-11,Lao_Cai,22.4856,103.9707,22.3,77,7.4,54,1001.8,1
2020-10-12,Lao_Cai,22.4856,103.9707,24.0,71,7.1,60,1001.0,0
2020-10-13,Lao_Cai,22.4856,103.9707,25.7,69,8.4,18,999.8,0
2020-10-14,Lao_Cai,22.4856,103.9707,24.6,82,8.6,99,999.4,1
2020-10-15,Lao_Cai,22.4856,103.9707,22.9,96,5.3,100,1001.4,1
2020-10-16,Lao_Cai,22.4856,103.9707,22.9,89,7.3,95,1004.5,1
2020-10-17,Lao_Cai,22.4856,103.9707,21.8,70,8.2,75,1006.4,1
2020-10-18,Lao_Cai,22.4856,103.9707,23.3,72,6.7,77,1005.9,1
2020-10-19,Lao_Cai,22.4856,103.9707,20.7,92,4.4,99,1007.2,1
2020-10-20,Lao_Cai,22.4856,103.9707,20.8,90,3.8,95,1007.7,1
2020-10-21,Lao_Cai,22.4856,103.9707,22.1,76,6.4,61,1007.1,1
2020-10-22,Lao_Cai,22.4856,103.9707,23.6,54,8.5,9,1004.6,0
2020-10-23,Lao_Cai,22.4856,103.9707,23.0,52,7.1,72,1004.5,0
2020-10-24,Lao_Cai,22.4856,103.9707,21.8,67,6.5,72,1004.2,0
2020-10-25,Lao_Cai,22.4856,103.9707,23.1,67,6.6,51,1003.6,0
2020-10-26,Lao_Cai,22.4856,103.9707,24.2,73,10.5,67,1003.8,0
2020-10-27,Lao_Cai,22.4856,103.9707,24.1,83,4.3,62,1002.9,1
2020-10-28,Lao_Cai,22.4856,103.9707,25.0,79,6.5,94,1003.5,1
2020-10-29,Lao_Cai,22.4856,103.9707,22.1,97,6.1,99,1006.0,1
2020-10-30,Lao_Cai,22.4856,103.9707,22.0,96,4.3,96,1007.9,1
2020-10-31,Lao_Cai,22.4856,103.9707,22.2,92,4.7,73,1007.0,1
2020-11-01,Lao_Cai,22.4856,103.9707,22.6,90,4.2,66,1005.3,1
2020-11-02,Lao_Cai,22.4856,103.9707,22.4,96,6.4,97,1006.9,1
2020-11-03,Lao_Cai,22.4856,103.9707,20.1,92,3.8,85,1008.7,1
2020-11-04,Lao_Cai,22.4856,103.9707,19.2,92,4.3,82,1007.6,1
2020-11-05,Lao_Cai,22.4856,103.9707,18.8,94,5.6,83,1006.8,1
2020-11-06,Lao_Cai,22.4856,103.9707,21.3,89,4.5,70,1008.2,1
2020-11-07,Lao_Cai,22.4856,103.9707,22.6,84,5.4,54,1009.3,1
2020-11-08,Lao_Cai,22.4856,103.9707,23.3,71,7.4,35,1009.7,0
2020-11-09,Lao_Cai,22.4856,103.9707,22.7,68,7.2,20,1009.3,1
2020-11-10,Lao_Cai,22.4856,103.9707,21.8,64,7.0,12,1009.4,0
2020-11-11,Lao_Cai,22.4856,103.9707,20.3,64,6.8,0,1010.6,0
2020-11-12,Lao_Cai,22.4856,103.9707,20.9,66,6.4,7,1009.9,0
2020-11-13,Lao_Cai,22.4856,103.9707,21.8,63,6.8,0,1007.9,0
2020-11-14,Lao_Cai,22.4856,103.9707,20.8,61,6.1,1,1007.6,0
2020-11-15,Lao_Cai,22.4856,103.9707,21.2,69,6.9,58,1008.1,0
2020-11-16,Lao_Cai,22.4856,103.9707,20.9,89,4.8,89,1006.4,1
2020-11-17,Lao_Cai,22.4856,103.9707,21.6,91,8.3,61,1002.0,1
2020-11-18,Lao_Cai,22.4856,103.9707,22.7,88,7.6,54,1000.2,1
2020-11-19,Lao_Cai,22.4856,103.9707,23.0,84,6.8,42,1000.0,1
2020-11-20,Lao_Cai,22.4856,103.9707,22.4,87,9.0,47,1000.3,1
2020-11-21,Lao_Cai,22.4856,103.9707,22.6,85,8.3,47,1001.0,1
2020-11-22,Lao_Cai,22.4856,103.9707,22.3,89,8.6,53,1004.5,1
2020-11-23,Lao_Cai,22.4856,103.9707,21.8,95,6.1,74,1006.7,1
2020-11-24,Lao_Cai,22.4856,103.9707,22.0,94,9.1,84,1006.7,1
2020-11-25,Lao_Cai,22.4856,103.9707,21.4,92,6.2,67,1006.0,1
2020-11-26,Lao_Cai,22.4856,103.9707,20.4,95,6.6,70,1007.8,1
2020-11-27,Lao_Cai,22.4856,103.9707,21.1,93,6.9,88,1009.9,1
2020-11-28,Lao_Cai,22.4856,103.9707,19.1,90,7.7,78,1011.6,1
2020-11-29,Lao_Cai,22.4856,103.9707,18.0,85,7.3,45,1012.1,1
2020-11-30,Lao_Cai,22.4856,103.9707,17.7,82,7.3,45,1012.5,1
2020-12-01,Lao_Cai,22.4856,103.9707,16.4,85,4.7,42,1011.7,1
2020-12-02,Lao_Cai,22.4856,103.9707,16.2,86,4.8,63,1010.9,1
2020-12-03,Lao_Cai,22.4856,103.9707,17.2,86,7.4,89,1011.2,1
2020-12-04,Lao_Cai,22.4856,103.9707,15.4,88,9.5,84,1011.8,1
2020-12-05,Lao_Cai,22.4856,103.9707,14.0,87,6.2,72,1012.0,1
2020-12-06,Lao_Cai,22.4856,103.9707,14.6,86,6.2,28,1009.8,1
2020-12-07,Lao_Cai,22.4856,103.9707,15.0,94,4.2,72,1012.1,1
2020-12-08,Lao_Cai,22.4856,103.9707,15.1,92,4.0,72,1011.2,1
2020-12-09,Lao_Cai,22.4856,103.9707,15.1,90,6.5,61,1006.9,1
2020-12-10,Lao_Cai,22.4856,103.9707,15.4,98,4.9,83,1007.0,1
2020-12-11,Lao_Cai,22.4856,103.9707,15.5,94,6.2,66,1004.9,1
2020-12-12,Lao_Cai,22.4856,103.9707,16.5,97,7.2,86,1003.5,1
2020-12-13,Lao_Cai,22.4856,103.9707,17.3,96,9.4,84,1000.9,1
2020-12-14,Lao_Cai,22.4856,103.9707,18.7,92,12.9,76,1004.6,1
2020-12-15,Lao_Cai,22.4856,103.9707,13.6,100,6.9,89,1010.5,1
2020-12-16,Lao_Cai,22.4856,103.9707,11.4,99,4.8,99,1013.1,1
2020-12-17,Lao_Cai,22.4856,103.9707,9.5,100,5.4,99,1012.0,1
2020-12-18,Lao_Cai,22.4856,103.9707,10.1,100,5.2,92,1013.7,1
2020-12-19,Lao_Cai,22.4856,103.9707,11.2,98,5.5,84,1016.0,1
2020-12-20,Lao_Cai,22.4856,103.9707,12.0,88,5.6,66,1016.7,1
2020-12-21,Lao_Cai,22.4856,103.9707,12.9,78,5.4,29,1014.1,0
2020-12-22,Lao_Cai,22.4856,103.9707,12.5,79,5.4,11,1009.7,1
2020-12-23,Lao_Cai,22.4856,103.9707,14.3,77,5.4,21,1006.9,1
2020-12-24,Lao_Cai,22.4856,103.9707,14.1,88,5.9,52,1007.7,1
2020-12-25,Lao_Cai,22.4856,103.9707,13.6,92,6.7,55,1007.2,1
2020-12-26,Lao_Cai,22.4856,103.9707,13.7,90,8.1,48,1005.4,1
2020-12-27,Lao_Cai,22.4856,103.9707,15.1,96,6.4,76,1004.4,1
2020-12-28,Lao_Cai,22.4856,103.9707,17.1,95,9.4,77,1001.4,1
2020-12-29,Lao_Cai,22.4856,103.9707,18.6,93,7.4,76,1003.0,1
2020-12-30,Lao_Cai,22.4856,103.9707,15.0,95,7.5,90,1013.8,1
2020-12-31,Lao_Cai,22.4856,103.9707,12.1,73,8.1,59,1015.7,1
2021-01-01,Lao_Cai,22.4856,103.9707,10.8,79,6.3,55,1014.7,0
2021-01-02,Lao_Cai,22.4856,103.9707,10.6,79,5.2,10,1011.2,1
2021-01-03,Lao_Cai,22.4856,103.9707,11.8,78,5.7,25,1011.6,0
2021-01-04,Lao_Cai,22.4856,103.9707,12.3,82,6.9,49,1010.6,1
2021-01-05,Lao_Cai,22.4856,103.9707,12.5,87,7.0,64,1010.1,1
2021-01-06,Lao_Cai,22.4856,103.9707,12.3,99,6.3,93,1008.6,1
2021-01-07,Lao_Cai,22.4856,103.9707,12.4,100,5.5,99,1009.2,1
2021-01-08,Lao_Cai,22.4856,103.9707,9.8,99,5.9,99,1014.6,1
2021-01-09,Lao_Cai,22.4856,103.9707,7.3,99,4.6,97,1014.4,1
2021-01-10,Lao_Cai,22.4856,103.9707,6.2,98,4.6,98,1014.2,1
2021-01-11,Lao_Cai,22.4856,103.9707,8.4,78,8.2,91,1019.9,1
2021-01-12,Lao_Cai,22.4856,103.9707,11.0,63,4.8,67,1016.4,0
2021-01-13,Lao_Cai,22.4856,103.9707,11.5,63,6.1,9,1007.7,0
2021-01-14,Lao_Cai,22.4856,103.9707,12.9,68,5.9,17,1006.4,0
2021-01-15,Lao_Cai,22.4856,103.9707,14.3,75,7.7,5,1004.1,0
2021-01-16,Lao_Cai,22.4856,103.9707,13.7,94,6.1,95,1005.8,1
2021-01-17,Lao_Cai,22.4856,103.9707,14.1,84,10.9,98,1014.9,1
2021-01-18,Lao_Cai,22.4856,103.9707,13.6,72,5.6,16,1013.3,0
2021-01-19,Lao_Cai,22.4856,103.9707,13.3,78,8.6,12,1007.0,1
2021-01-20,Lao_Cai,22.4856,103.9707,11.9,92,6.4,52,1006.1,1
2021-01-21,Lao_Cai,22.4856,103.9707,14.2,92,5.6,68,1005.4,1
2021-01-22,Lao_Cai,22.4856,103.9707,14.8,94,6.2,70,1005.5,1
2021-01-23,Lao_Cai,22.4856,103.9707,15.4,93,7.0,66,1003.9,1
2021-01-24,Lao_Cai,22.4856,103.9707,15.8,96,9.9,86,1002.0,1
2021-01-25,Lao_Cai,22.4856,103.9707,16.7,93,5.7,76,1004.2,1
2021-01-26,Lao_Cai,22.4856,103.9707,18.0,95,9.0,83,1004.8,1
2021-01-27,Lao_Cai,22.4856,103.9707,17.3,97,9.1,92,1004.6,1
2021-01-28,Lao_Cai,22.4856,103.9707,16.5,94,9.8,85,1010.6,1
2021-01-29,Lao_Cai,22.4856,103.9707,13.5,99,5.7,80,1010.5,1
2021-01-30,Lao_Cai,22.4856,103.9707,13.5,99,6.0,97,1009.2,1
2021-01-31,Lao_Cai,22.4856,103.9707,15.0,97,6.4,96,1008.4,1
2021-02-01,Lao_Cai,22.4856,103.9707,16.9,94,6.0,81,1007.4,1
2021-02-02,Lao_Cai,22.4856,103.9707,18.0,95,9.4,82,1007.5,1
2021-02-03,Lao_Cai,22.4856,103.9707,18.8,94,8.2,84,1007.9,1
2021-02-04,Lao_Cai,22.4856,103.9707,18.2,93,12.2,77,1008.4,1
2021-02-05,Lao_Cai,22.4856,103.9707,17.4,93,5.0,63,1007.5,1
2021-02-06,Lao_Cai,22.4856,103.9707,17.5,93,6.0,65,1006.2,1
2021-02-07,Lao_Cai,22.4856,103.9707,16.7,95,4.3,79,1005.8,1
2021-02-08,Lao_Cai,22.4856,103.9707,16.6,97,7.2,99,1008.3,1
2021-02-09,Lao_Cai,22.4856,103.9707,15.5,88,6.5,83,1007.8,1
2021-02-10,Lao_Cai,22.4856,103.9707,17.9,69,8.7,8,1005.1,0
2021-02-11,Lao_Cai,22.4856,103.9707,16.4,78,5.5,24,1005.3,1
2021-02-12,Lao_Cai,22.4856,103.9707,16.3,90,6.0,61,1006.4,1
2021-02-13,Lao_Cai,22.4856,103.9707,15.9,95,5.4,75,1006.0,1
2021-02-14,Lao_Cai,22.4856,103.9707,16.6,93,5.2,63,1005.9,1
2021-02-15,Lao_Cai,22.4856,103.9707,18.0,87,10.5,42,1002.5,1
2021-02-16,Lao_Cai,22.4856,103.9707,19.3,90,8.7,71,1003.8,1
2021-02-17,Lao_Cai,22.4856,103.9707,18.3,84,7.7,79,1009.8,1
2021-02-18,Lao_Cai,22.4856,103.9707,17.6,84,6.2,77,1012.8,1
2021-02-19,Lao_Cai,22.4856,103.9707,17.3,85,4.4,84,1012.4,1
2021-02-20,Lao_Cai,22.4856,103.9707,17.6,86,4.1,78,1008.6,1
2021-02-21,Lao_Cai,22.4856,103.9707,18.9,83,8.7,41,1004.0,1
2021-02-22,Lao_Cai,22.4856,103.9707,19.1,85,8.2,37,1003.7,1
2021-02-23,Lao_Cai,22.4856,103.9707,19.2,91,5.7,69,1003.3,1
2021-02-24,Lao_Cai,22.4856,103.9707,19.5,91,14.8,74,999.1,1
2021-02-25,Lao_Cai,22.4856,103.9707,20.7,90,9.9,64,996.0,1
2021-02-26,Lao_Cai,22.4856,103.9707,21.0,88,7.3,62,996.5,1
2021-02-27,Lao_Cai,22.4856,103.9707,18.9,93,10.8,83,1000.5,1
2021-02-28,Lao_Cai,22.4856,103.9707,17.3,95,6.9,78,1001.3,1
2021-03-01,Lao_Cai,22.4856,103.9707,20.1,86,7.2,54,1003.6,1
2021-03-02,Lao_Cai,22.4856,103.9707,17.8,91,8.7,70,1007.8,1
2021-03-03,Lao_Cai,22.4856,103.9707,16.1,96,4.6,91,1007.6,1
2021-03-04,Lao_Cai,22.4856,103.9707,16.2,95,6.9,81,1005.2,1
2021-03-05,Lao_Cai,22.4856,103.9707,18.3,91,9.4,60,1001.9,1
2021-03-06,Lao_Cai,22.4856,103.9707,20.5,85,10.0,32,1002.9,1
2021-03-07,Lao_Cai,22.4856,103.9707,20.2,87,9.4,80,1005.8,1
2021-03-08,Lao_Cai,22.4856,103.9707,19.8,93,8.8,88,1005.2,1
2021-03-09,Lao_Cai,22.4856,103.9707,20.6,95,7.9,87,1004.4,1
2021-03-10,Lao_Cai,22.4856,103.9707,21.4,93,8.6,77,1003.8,1
2021-03-11,Lao_Cai,22.4856,103.9707,22.0,92,12.4,83,1005.2,1
2021-03-12,Lao_Cai,22.4856,103.9707,21.5,94,9.7,78,1006.1,1
2021-03-13,Lao_Cai,22.4856,103.9707,21.7,91,7.4,76,1005.7,1
2021-03-14,Lao_Cai,22.4856,103.9707,21.8,90,10.9,71,1002.3,1
2021-03-15,Lao_Cai,22.4856,103.9707,21.4,92,8.7,72,999.8,1
2021-03-16,Lao_Cai,22.4856,103.9707,21.8,92,10.8,82,999.4,1
2021-03-17,Lao_Cai,22.4856,103.9707,22.4,92,11.4,82,999.0,1
2021-03-18,Lao_Cai,22.4856,103.9707,23.0,91,9.0,72,998.8,1
2021-03-19,Lao_Cai,22.4856,103.9707,23.5,91,10.5,87,997.4,1
2021-03-20,Lao_Cai,22.4856,103.9707,23.7,91,10.7,76,997.3,1
2021-03-21,Lao_Cai,22.4856,103.9707,20.1,98,12.5,98,1004.8,1
2021-03-22,Lao_Cai,22.4856,103.9707,16.1,85,5.4,84,1013.3,1
2021-03-23,Lao_Cai,22.4856,103.9707,15.5,81,4.8,45,1009.7,1
2021-03-24,Lao_Cai,22.4856,103.9707,16.6,88,4.5,38,1004.9,1
2021-03-25,Lao_Cai,22.4856,103.9707,16.8,98,6.1,86,1003.3,1
2021-03-26,Lao_Cai,22.4856,103.9707,19.5,93,6.9,70,1000.6,1
2021-03-27,Lao_Cai,22.4856,103.9707,21.9,92,9.6,81,998.1,1
2021-03-28,Lao_Cai,22.4856,103.9707,23.2,91,12.9,73,996.7,1
2021-03-29,Lao_Cai,22.4856,103.9707,25.1,84,8.8,47,993.0,1
2021-03-30,Lao_Cai,22.4856,103.9707,25.1,81,11.2,30,990.9,1
2021-03-31,Lao_Cai,22.4856,103.9707,26.1,67,8.1,14,990.2,0
2021-04-01,Lao_Cai,22.4856,103.9707,26.8,71,10.4,47,991.7,1
2021-04-02,Lao_Cai,22.4856,103.9707,25.6,86,10.2,54,995.0,1
2021-04-03,Lao_Cai,22.4856,103.9707,25.6,90,7.0,82,998.5,1
2021-04-04,Lao_Cai,22.4856,103.9707,23.2,99,5.8,98,1001.6,1
2021-04-05,Lao_Cai,22.4856,103.9707,20.9,98,5.7,99,1004.6,1
2021-04-06,Lao_Cai,22.4856,103.9707,20.4,99,9.4,96,1004.5,1
2021-04-07,Lao_Cai,22.4856,103.9707,23.3,80,10.2,31,1002.0,1
2021-04-08,Lao_Cai,22.4856,103.9707,23.6,85,11.5,67,1000.5,1
2021-04-09,Lao_Cai,22.4856,103.9707,20.9,92,8.5,83,1003.7,1
2021-04-10,Lao_Cai,22.4856,103.9707,19.4,95,7.7,90,1005.5,1
2021-04-11,Lao_Cai,22.4856,103.9707,20.3,95,7.1,98,1004.7,1
2021-04-12,Lao_Cai,22.4856,103.9707,23.0,89,12.2,86,1002.2,1
2021-04-13,Lao_Cai,22.4856,103.9707,23.9,91,11.6,95,1000.5,1
2021-04-14,Lao_Cai,22.4856,103.9707,25.1,89,11.1,90,998.8,1
2021-04-15,Lao_Cai,22.4856,103.9707,25.3,89,12.0,73,997.7,1
2021-04-16,Lao_Cai,22.4856,103.9707,25.4,91,9.9,75,999.4,1
2021-04-17,Lao_Cai,22.4856,103.9707,21.9,100,5.2,100,1004.2,1
2021-04-18,Lao_Cai,22.4856,103.9707,20.3,99,5.1,95,1002.5,1
2021-04-19,Lao_Cai,22.4856,103.9707,23.1,88,9.7,55,997.8,1
2021-04-20,Lao_Cai,22.4856,103.9707,25.4,84,9.4,51,996.1,1
2021-04-21,Lao_Cai,22.4856,103.9707,26.3,86,10.8,61,996.7,1
2021-04-22,Lao_Cai,22.4856,103.9707,26.5,87,9.5,58,996.3,1
2021-04-23,Lao_Cai,22.4856,103.9707,27.3,86,13.0,58,993.7,1
2021-04-24,Lao_Cai,22.4856,103.9707,27.3,87,11.1,60,994.2,1
2021-04-25,Lao_Cai,22.4856,103.9707,26.2,93,9.2,91,997.3,1
2021-04-26,Lao_Cai,22.4856,103.9707,23.4,98,8.5,97,999.8,1
2021-04-27,Lao_Cai,22.4856,103.9707,21.5,96,3.7,99,1003.0,1
2021-04-28,Lao_Cai,22.4856,103.9707,22.5,93,7.8,98,1004.5,1
2021-04-29,Lao_Cai,22.4856,103.9707,24.1,75,7.5,71,1004.7,1
2021-04-30,Lao_Cai,22.4856,103.9707,24.9,74,7.9,57,1000.8,0
2021-05-01,Lao_Cai,22.4856,103.9707,25.6,82,8.5,80,1000.4,1
2021-05-02,Lao_Cai,22.4856,103.9707,26.3,84,10.0,66,998.6,1
2021-05-03,Lao_Cai,22.4856,103.9707,27.0,85,10.5,59,996.0,1
2021-05-04,Lao_Cai,22.4856,103.9707,28.2,80,9.0,40,996.2,1
2021-05-05,Lao_Cai,22.4856,103.9707,25.2,90,11.2,88,1000.7,1
2021-05-06,Lao_Cai,22.4856,103.9707,25.3,86,6.8,93,1001.8,1
2021-05-07,Lao_Cai,22.4856,103.9707,25.4,85,6.2,71,1000.7,1
2021-05-08,Lao_Cai,22.4856,103.9707,26.7,84,9.1,43,997.8,1
2021-05-09,Lao_Cai,22.4856,103.9707,28.0,81,11.4,34,995.5,1
2021-05-10,Lao_Cai,22.4856,103.9707,28.2,80,9.0,56,994.1,1
2021-05-11,Lao_Cai,22.4856,103.9707,29.6,66,8.0,16,992.9,0
2021-05-12,Lao_Cai,22.4856,103.9707,29.3,70,7.4,59,992.7,0
2021-05-13,Lao_Cai,22.4856,103.9707,28.3,78,10.4,33,993.2,1
2021-05-14,Lao_Cai,22.4856,103.9707,28.3,83,15.2,52,993.0,1
2021-05-15,Lao_Cai,22.4856,103.9707,28.8,81,9.7,46,993.6,1
2021-05-16,Lao_Cai,22.4856,103.9707,30.1,74,11.2,21,993.7,1
2021-05-17,Lao_Cai,22.4856,103.9707,29.4,83,13.2,75,995.0,1
2021-05-18,Lao_Cai,22.4856,103.9707,28.9,85,12.6,74,994.6,1
2021-05-19,Lao_Cai,22.4856,103.9707,29.2,83,9.8,81,992.3,1
2021-05-20,Lao_Cai,22.4856,103.9707,30.5,74,11.4,43,992.6,1
2021-05-21,Lao_Cai,22.4856,103.9707,29.8,82,11.6,46,992.1,1
2021-05-22,Lao_Cai,22.4856,103.9707,31.0,77,10.5,60,990.2,1
2021-05-23,Lao_Cai,22.4856,103.9707,29.4,84,11.4,92,993.5,1
2021-05-24,Lao_Cai,22.4856,103.9707,26.4,90,6.3,87,999.2,1
2021-05-25,Lao_Cai,22.4856,103.9707,26.2,89,8.7,75,998.5,1
2021-05-26,Lao_Cai,22.4856,103.9707,26.3,91,7.0,86,996.0,1
2021-05-27,Lao_Cai,22.4856,103.9707,26.4,95,6.1,95,997.5,1
2021-05-28,Lao_Cai,22.4856,103.9707,27.6,90,6.5,87,997.1,1
2021-05-29,Lao_Cai,22.4856,103.9707,29.0,83,10.3,78,994.3,1
2021-05-30,Lao_Cai,22.4856,103.9707,29.5,84,6.5,92,992.7,1
2021-05-31,Lao_Cai,22.4856,103.9707,29.7,82,7.1,99,991.1,1
2021-06-01,Lao_Cai,22.4856,103.9707,32.4,66,5.8,80,990.6,0
2021-06-02,Lao_Cai,22.4856,103.9707,31.2,71,9.9,97,991.2,1
2021-06-03,Lao_Cai,22.4856,103.9707,32.1,68,8.8,73,991.6,1
2021-06-04,Lao_Cai,22.4856,103.9707,26.9,80,8.7,94,996.9,1
2021-06-05,Lao_Cai,22.4856,103.9707,25.0,88,4.3,94,996.0,1
2021-06-06,Lao_Cai,22.4856,103.9707,26.8,85,4.6,87,993.9,1
2021-06-07,Lao_Cai,22.4856,103.9707,26.4,92,6.2,98,994.9,1
2021-06-08,Lao_Cai,22.4856,103.9707,27.7,81,8.4,94,995.9,1
2021-06-09,Lao_Cai,22.4856,103.9707,26.6,91,4.4,98,994.6,1
2021-06-10,Lao_Cai,22.4856,103.9707,26.4,92,5.7,99,993.2,1
2021-06-11,Lao_Cai,22.4856,103.9707,26.7,89,7.1,95,994.1,1
2021-06-12,Lao_Cai,22.4856,103.9707,29.2,77,7.7,89,994.0,1
2021-06-13,Lao_Cai,22.4856,103.9707,26.6,92,9.3,86,992.8,1
2021-06-14,Lao_Cai,22.4856,103.9707,26.3,94,6.9,75,991.0,1
2021-06-15,Lao_Cai,22.4856,103.9707,29.0,80,7.7,66,988.8,1
2021-06-16,Lao_Cai,22.4856,103.9707,30.6,72,8.4,73,990.6,1
2021-06-17,Lao_Cai,22.4856,103.9707,30.9,71,7.6,39,992.4,1
2021-06-18,Lao_Cai,22.4856,103.9707,32.0,66,6.9,38,992.4,0
2021-06-19,Lao_Cai,22.4856,103.9707,32.6,62,8.0,30,990.4,0
2021-06-20,Lao_Cai,22.4856,103.9707,33.1,59,8.5,50,988.8,0
2021-06-21,Lao_Cai,22.4856,103.9707,33.1,59,8.4,87,989.4,0
2021-06-22,Lao_Cai,22.4856,103.9707,30.6,74,8.6,86,993.0,1
2021-06-23,Lao_Cai,22.4856,103.9707,27.8,90,5.9,98,993.7,1
2021-06-24,Lao_Cai,22.4856,103.9707,27.8,90,6.2,95,992.5,1
2021-06-25,Lao_Cai,22.4856,103.9707,26.5,96,7.6,98,992.2,1
2021-06-26,Lao_Cai,22.4856,103.9707,27.8,89,7.3,96,992.7,1
2021-06-27,Lao_Cai,22.4856,103.9707,30.0,79,8.7,98,991.6,1
2021-06-28,Lao_Cai,22.4856,103.9707,31.4,72,6.1,100,989.5,1
2021-06-29,Lao_Cai,22.4856,103.9707,29.7,78,6.1,99,989.9,1
2021-06-30,Lao_Cai,22.4856,103.9707,27.7,92,5.2,100,990.5,1
2021-07-01,Lao_Cai,22.4856,103.9707,26.4,97,4.3,100,991.2,1
2021-07-02,Lao_Cai,22.4856,103.9707,27.1,92,5.7,100,992.5,1
2021-07-03,Lao_Cai,22.4856,103.9707,28.8,86,6.6,100,992.5,1
2021-07-04,Lao_Cai,22.4856,103.9707,30.1,75,7.8,99,992.6,0
2021-07-05,Lao_Cai,22.4856,103.9707,27.1,93,6.3,99,994.3,1
2021-07-06,Lao_Cai,22.4856,103.9707,26.7,92,6.5,75,994.4,1
2021-07-07,Lao_Cai,22.4856,103.9707,29.3,77,5.9,56,995.0,1
2021-07-08,Lao_Cai,22.4856,103.9707,26.0,94,5.9,96,996.6,1
2021-07-09,Lao_Cai,22.4856,103.9707,26.3,93,9.0,82,998.1,1
2021-07-10,Lao_Cai,22.4856,103.9707,26.6,92,4.7,89,998.3,1
2021-07-11,Lao_Cai,22.4856,103.9707,27.3,88,8.3,75,998.6,1
2021-07-12,Lao_Cai,22.4856,103.9707,28.1,86,10.3,60,997.2,1
2021-07-13,Lao_Cai,22.4856,103.9707,28.4,87,10.7,68,995.0,1
2021-07-14,Lao_Cai,22.4856,103.9707,27.4,90,10.6,79,995.1,1
2021-07-15,Lao_Cai,22.4856,103.9707,26.9,90,8.7,79,996.8,1
2021-07-16,Lao_Cai,22.4856,103.9707,27.6,86,5.5,84,997.4,1
2021-07-17,Lao_Cai,22.4856,103.9707,29.5,79,9.8,81,993.3,1
2021-07-18,Lao_Cai,22.4856,103.9707,25.5,99,5.0,100,992.1,1
2021-07-19,Lao_Cai,22.4856,103.9707,25.5,96,4.7,98,992.5,1
2021-07-20,Lao_Cai,22.4856,103.9707,26.5,91,4.8,97,993.1,1
2021-07-21,Lao_Cai,22.4856,103.9707,27.2,89,5.6,92,991.8,1
2021-07-22,Lao_Cai,22.4856,103.9707,27.2,92,6.0,98,990.4,1
2021-07-23,Lao_Cai,22.4856,103.9707,28.0,86,8.4,98,989.3,1
2021-07-24,Lao_Cai,22.4856,103.9707,29.8,75,7.0,77,989.3,1
2021-07-25,Lao_Cai,22.4856,103.9707,27.5,88,6.8,98,991.1,1
2021-07-26,Lao_Cai,22.4856,103.9707,27.9,84,4.3,85,989.9,1
2021-07-27,Lao_Cai,22.4856,103.9707,29.5,76,6.8,71,988.0,1
2021-07-28,Lao_Cai,22.4856,103.9707,30.0,80,7.4,81,988.2,1
2021-07-29,Lao_Cai,22.4856,103.9707,29.7,83,6.0,87,989.3,1
2021-07-30,Lao_Cai,22.4856,103.9707,29.8,87,7.9,97,989.9,1
2021-07-31,Lao_Cai,22.4856,103.9707,30.3,83,6.6,100,989.2,1
2021-08-01,Lao_Cai,22.4856,103.9707,27.0,95,4.8,99,989.5,1
2021-08-02,Lao_Cai,22.4856,103.9707,30.6,67,6.4,50,988.6,0
2021-08-03,Lao_Cai,22.4856,103.9707,30.6,67,6.1,77,990.2,0
2021-08-04,Lao_Cai,22.4856,103.9707,31.7,61,7.3,23,990.0,0
2021-08-05,Lao_Cai,22.4856,103.9707,32.8,60,7.1,33,988.6,0
2021-08-06,Lao_Cai,22.4856,103.9707,32.8,63,7.8,57,989.3,0
2021-08-07,Lao_Cai,22.4856,103.9707,33.0,62,6.6,86,990.2,0
2021-08-08,Lao_Cai,22.4856,103.9707,32.1,68,8.5,97,991.2,1
2021-08-09,Lao_Cai,22.4856,103.9707,29.9,84,6.4,99,992.0,1
2021-08-10,Lao_Cai,22.4856,103.9707,27.2,95,5.8,100,992.1,1
2021-08-11,Lao_Cai,22.4856,103.9707,26.2,97,5.5,100,994.1,1
2021-08-12,Lao_Cai,22.4856,103.9707,27.2,91,6.5,98,995.3,1
2021-08-13,Lao_Cai,22.4856,103.9707,28.3,88,7.6,99,991.8,1
2021-08-14,Lao_Cai,22.4856,103.9707,26.3,97,4.3,100,991.8,1
2021-08-15,Lao_Cai,22.4856,103.9707,25.5,99,4.2,100,995.3,1
2021-08-16,Lao_Cai,22.4856,103.9707,26.0,96,8.3,94,998.7,1
2021-08-17,Lao_Cai,22.4856,103.9707,25.8,96,5.9,94,998.4,1
2021-08-18,Lao_Cai,22.4856,103.9707,28.8,80,6.2,82,995.9,1
2021-08-19,Lao_Cai,22.4856,103.9707,27.6,85,6.1,70,996.1,1
2021-08-20,Lao_Cai,22.4856,103.9707,27.8,86,7.3,58,997.2,1
2021-08-21,Lao_Cai,22.4856,103.9707,28.5,82,9.3,69,996.0,1
2021-08-22,Lao_Cai,22.4856,103.9707,29.6,77,9.2,75,993.2,1
2021-08-23,Lao_Cai,22.4856,103.9707,28.3,87,7.6,94,992.7,1
2021-08-24,Lao_Cai,22.4856,103.9707,27.0,92,7.3,98,994.0,1
2021-08-25,Lao_Cai,22.4856,103.9707,26.6,93,5.4,94,995.3,1
2021-08-26,Lao_Cai,22.4856,103.9707,26.3,93,7.0,90,997.9,1
2021-08-27,Lao_Cai,22.4856,103.9707,26.7,88,7.7,64,999.4,1
2021-08-28,Lao_Cai,22.4856,103.9707,26.4,87,8.4,58,999.2,1
2021-08-29,Lao_Cai,22.4856,103.9707,26.1,89,6.4,64,999.2,1
2021-08-30,Lao_Cai,22.4856,103.9707,27.5,80,7.2,41,999.5,1
2021-08-31,Lao_Cai,22.4856,103.9707,27.6,83,6.6,50,999.4,1
2021-09-01,Lao_Cai,22.4856,103.9707,27.4,83,6.2,65,998.7,1
2021-09-02,Lao_Cai,22.4856,103.9707,27.3,83,7.8,88,997.5,1
2021-09-03,Lao_Cai,22.4856,103.9707,27.3,85,7.4,57,995.2,1
2021-09-04,Lao_Cai,22.4856,103.9707,27.4,86,8.2,65,995.3,1
2021-09-05,Lao_Cai,22.4856,103.9707,26.7,88,7.9,61,998.3,1
2021-09-06,Lao_Cai,22.4856,103.9707,27.8,76,6.3,44,1000.5,1
2021-09-07,Lao_Cai,22.4856,103.9707,28.2,74,5.1,75,1000.6,1
2021-09-08,Lao_Cai,22.4856,103.9707,27.1,80,7.6,80,999.2,1
2021-09-09,Lao_Cai,22.4856,103.9707,26.6,85,5.2,73,1000.2,1
2021-09-10,Lao_Cai,22.4856,103.9707,28.1,65,6.2,39,999.2,1
2021-09-11,Lao_Cai,22.4856,103.9707,28.8,59,5.8,6,995.8,0
2021-09-12,Lao_Cai,22.4856,103.9707,29.5,68,6.1,6,992.8,0
2021-09-13,Lao_Cai,22.4856,103.9707,29.4,75,11.3,45,996.1,1
2021-09-14,Lao_Cai,22.4856,103.9707,27.5,87,5.6,96,1000.4,1
2021-09-15,Lao_Cai,22.4856,103.9707,26.8,89,4.8,90,1001.1,1
2021-09-16,Lao_Cai,22.4856,103.9707,26.0,93,5.4,93,999.6,1
2021-09-17,Lao_Cai,22.4856,103.9707,26.3,92,6.6,94,998.1,1
2021-09-18,Lao_Cai,22.4856,103.9707,26.2,92,7.6,98,998.7,1
2021-09-19,Lao_Cai,22.4856,103.9707,25.6,96,7.3,95,999.4,1
2021-09-20,Lao_Cai,22.4856,103.9707,25.4,90,5.6,74,1000.5,1
2021-09-21,Lao_Cai,22.4856,103.9707,27.0,77,6.0,16,999.2,0
2021-09-22,Lao_Cai,22.4856,103.9707,26.8,79,9.4,34,998.9,1
2021-09-23,Lao_Cai,22.4856,103.9707,25.8,89,7.5,60,1001.2,1
2021-09-24,Lao_Cai,22.4856,103.9707,26.8,83,10.7,57,1001.8,1
2021-09-25,Lao_Cai,22.4856,103.9707,24.9,94,3.7,87,1001.8,1
2021-09-26,Lao_Cai,22.4856,103.9707,25.0,91,3.6,71,1002.1,1
2021-09-27,Lao_Cai,22.4856,103.9707,26.0,80,5.1,51,1001.3,1
2021-09-28,Lao_Cai,22.4856,103.9707,27.6,72,5.4,33,999.4,1
2021-09-29,Lao_Cai,22.4856,103.9707,28.5,74,7.2,28,998.3,1
2021-09-30,Lao_Cai,22.4856,103.9707,27.1,83,5.2,72,998.5,1
2021-10-01,Lao_Cai,22.4856,103.9707,27.3,84,6.5,79,998.6,1
2021-10-02,Lao_Cai,22.4856,103.9707,25.4,93,6.6,81,999.6,1
2021-10-03,Lao_Cai,22.4856,103.9707,24.8,94,6.4,82,999.8,1
2021-10-04,Lao_Cai,22.4856,103.9707,25.8,86,6.1,49,1000.9,1
2021-10-05,Lao_Cai,22.4856,103.9707,26.9,76,7.4,21,1001.1,0
2021-10-06,Lao_Cai,22.4856,103.9707,27.1,73,7.2,15,998.3,0
2021-10-07,Lao_Cai,22.4856,103.9707,27.7,71,7.1,18,996.2,1
2021-10-08,Lao_Cai,22.4856,103.9707,28.2,68,7.4,23,995.5,1
2021-10-09,Lao_Cai,22.4856,103.9707,28.5,63,7.1,95,995.3,1
2021-10-10,Lao_Cai,22.4856,103.9707,24.5,94,8.3,100,995.9,1
2021-10-11,Lao_Cai,22.4856,103.9707,23.2,98,6.8,100,999.5,1
2021-10-12,Lao_Cai,22.4856,103.9707,25.6,69,8.8,36,1000.0,0
2021-10-13,Lao_Cai,22.4856,103.9707,26.1,62,11.4,87,998.2,1
2021-10-14,Lao_Cai,22.4856,103.9707,23.0,94,9.4,100,998.4,1
2021-10-15,Lao_Cai,22.4856,103.9707,22.2,96,4.7,100,1001.8,1
2021-10-16,Lao_Cai,22.4856,103.9707,21.9,86,6.4,100,1007.3,1
2021-10-17,Lao_Cai,22.4856,103.9707,22.7,65,7.5,77,1010.0,0
2021-10-18,Lao_Cai,22.4856,103.9707,21.7,78,6.0,63,1008.0,0
2021-10-19,Lao_Cai,22.4856,103.9707,23.1,83,9.3,70,1006.1,0
2021-10-20,Lao_Cai,22.4856,103.9707,24.2,88,11.1,76,1002.9,1
2021-10-21,Lao_Cai,22.4856,103.9707,22.1,95,12.2,99,1004.9,1
2021-10-22,Lao_Cai,22.4856,103.9707,18.9,97,4.7,100,1010.5,1
2021-10-23,Lao_Cai,22.4856,103.9707,18.2,87,4.3,75,1011.1,1
2021-10-24,Lao_Cai,22.4856,103.9707,20.0,80,4.3,65,1010.3,1
2021-10-25,Lao_Cai,22.4856,103.9707,21.0,80,4.7,57,1006.8,0
2021-10-26,Lao_Cai,22.4856,103.9707,21.8,79,4.2,44,1005.4,0
2021-10-27,Lao_Cai,22.4856,103.9707,23.5,77,7.3,60,1006.6,0
2021-10-28,Lao_Cai,22.4856,103.9707,22.9,79,5.4,74,1007.0,0
2021-10-29,Lao_Cai,22.4856,103.9707,23.4,84,4.3,76,1007.4,1
2021-10-30,Lao_Cai,22.4856,103.9707,22.3,88,6.4,95,1007.8,1
2021-10-31,Lao_Cai,22.4856,103.9707,20.9,92,4.0,99,1007.0,1
2021-11-01,Lao_Cai,22.4856,103.9707,21.5,95,8.5,100,1006.9,1
2021-11-02,Lao_Cai,22.4856,103.9707,21.9,95,8.3,99,1006.8,1
2021-11-03,Lao_Cai,22.4856,103.9707,21.9,94,7.4,93,1004.8,1
2021-11-04,Lao_Cai,22.4856,103.9707,23.0,91,8.0,85,1002.1,1
2021-11-05,Lao_Cai,22.4856,103.9707,24.5,87,8.0,63,999.1,1
2021-11-06,Lao_Cai,22.4856,103.9707,25.1,86,7.9,48,997.1,1
2021-11-07,Lao_Cai,22.4856,103.9707,24.8,85,9.4,65,1001.1,1
2021-11-08,Lao_Cai,22.4856,103.9707,19.0,75,9.0,78,1010.3,1
2021-11-09,Lao_Cai,22.4856,103.9707,17.6,77,5.9,65,1010.2,0
2021-11-10,Lao_Cai,22.4856,103.9707,18.1,81,4.7,78,1009.8,1
2021-11-11,Lao_Cai,22.4856,103.9707,17.3,85,7.6,72,1007.1,0
2021-11-12,Lao_Cai,22.4856,103.9707,19.2,79,5.6,98,1009.4,1
2021-11-13,Lao_Cai,22.4856,103.9707,19.1,73,6.7,80,1009.2,0
2021-11-14,Lao_Cai,22.4856,103.9707,17.5,85,5.2,95,1007.8,1
2021-11-15,Lao_Cai,22.4856,103.9707,16.7,93,4.4,99,1006.1,1
2021-11-16,Lao_Cai,22.4856,103.9707,17.2,96,5.2,100,1005.5,1
2021-11-17,Lao_Cai,22.4856,103.9707,19.0,100,6.6,100,1007.3,1
2021-11-18,Lao_Cai,22.4856,103.9707,18.0,90,5.5,88,1005.3,0
2021-11-19,Lao_Cai,22.4856,103.9707,18.4,91,9.2,84,999.9,0
2021-11-20,Lao_Cai,22.4856,103.9707,19.9,91,8.7,72,999.0,1
2021-11-21,Lao_Cai,22.4856,103.9707,22.0,89,5.8,65,1001.7,1
2021-11-22,Lao_Cai,22.4856,103.9707,18.7,95,8.5,98,1008.2,1
2021-11-23,Lao_Cai,22.4856,103.9707,15.8,85,4.7,98,1011.8,1
2021-11-24,Lao_Cai,22.4856,103.9707,14.6,92,4.8,93,1012.0,1
2021-11-25,Lao_Cai,22.4856,103.9707,16.0,88,4.7,65,1009.3,1
2021-11-26,Lao_Cai,22.4856,103.9707,18.4,83,3.8,72,1009.1,0
2021-11-27,Lao_Cai,22.4856,103.9707,19.6,77,6.0,48,1009.9,0
2021-11-28,Lao_Cai,22.4856,103.9707,18.5,77,6.4,20,1009.5,0
2021-11-29,Lao_Cai,22.4856,103.9707,19.2,76,5.2,59,1008.1,0
2021-11-30,Lao_Cai,22.4856,103.9707,19.3,75,7.3,68,1011.3,1
2021-12-01,Lao_Cai,22.4856,103.9707,18.6,70,5.2,61,1011.5,0
2021-12-02,Lao_Cai,22.4856,103.9707,16.6,72,5.2,36,1012.0,0
2021-12-03,Lao_Cai,22.4856,103.9707,16.5,69,7.6,55,1011.8,0
2021-12-04,Lao_Cai,22.4856,103.9707,16.7,67,7.5,45,1011.4,0
2021-12-05,Lao_Cai,22.4856,103.9707,17.7,65,7.4,29,1011.2,0
2021-12-06,Lao_Cai,22.4856,103.9707,17.9,68,5.9,2,1010.1,0
2021-12-07,Lao_Cai,22.4856,103.9707,17.0,71,6.5,1,1009.6,0
2021-12-08,Lao_Cai,22.4856,103.9707,16.9,70,5.1,0,1010.8,0
2021-12-09,Lao_Cai,22.4856,103.9707,16.9,78,4.7,26,1011.9,0
2021-12-10,Lao_Cai,22.4856,103.9707,17.9,83,4.8,62,1008.9,0
2021-12-11,Lao_Cai,22.4856,103.9707,18.9,89,5.0,94,1009.1,1
2021-12-12,Lao_Cai,22.4856,103.9707,18.7,91,4.5,91,1012.0,1
2021-12-13,Lao_Cai,22.4856,103.9707,16.9,82,5.2,75,1011.7,0
2021-12-14,Lao_Cai,22.4856,103.9707,15.4,86,7.0,52,1007.3,0
2021-12-15,Lao_Cai,22.4856,103.9707,16.2,86,9.0,58,1004.1,0
2021-12-16,Lao_Cai,22.4856,103.9707,16.8,85,5.6,46,1005.5,1
2021-12-17,Lao_Cai,22.4856,103.9707,19.4,76,7.1,82,1009.8,1
2021-12-18,Lao_Cai,22.4856,103.9707,18.2,70,9.7,69,1011.9,0
2021-12-19,Lao_Cai,22.4856,103.9707,16.3,69,7.6,72,1011.6,0
2021-12-20,Lao_Cai,22.4856,103.9707,16.1,69,6.8,20,1007.3,0
2021-12-21,Lao_Cai,22.4856,103.9707,16.8,67,6.0,1,1007.0,0
2021-12-22,Lao_Cai,22.4856,103.9707,17.1,70,6.5,4,1006.2,0
2021-12-23,Lao_Cai,22.4856,103.9707,16.6,78,6.9,17,1004.8,0
2021-12-24,Lao_Cai,22.4856,103.9707,16.9,84,6.6,37,1005.7,1
2021-12-25,Lao_Cai,22.4856,103.9707,16.9,97,4.7,88,1008.5,1
2021-12-26,Lao_Cai,22.4856,103.9707,16.7,95,10.1,100,1011.3,1
2021-12-27,Lao_Cai,22.4856,103.9707,12.4,89,10.1,99,1015.6,1
2021-12-28,Lao_Cai,22.4856,103.9707,10.5,91,4.5,88,1014.1,0
2021-12-29,Lao_Cai,22.4856,103.9707,12.3,92,6.1,85,1013.7,1
2021-12-30,Lao_Cai,22.4856,103.9707,13.9,95,3.7,92,1015.0,1
2021-12-31,Lao_Cai,22.4856,103.9707,13.8,91,4.4,90,1014.2,1
2022-01-01,Lao_Cai,22.4856,103.9707,14.1,92,3.2,97,1013.8,1
2022-01-02,Lao_Cai,22.4856,103.9707,14.7,93,3.9,83,1012.1,1
2022-01-03,Lao_Cai,22.4856,103.9707,15.6,90,4.9,66,1009.2,1
2022-01-04,Lao_Cai,22.4856,103.9707,16.6,88,8.0,64,1007.1,0
2022-01-05,Lao_Cai,22.4856,103.9707,17.0,88,7.5,60,1005.6,0
2022-01-06,Lao_Cai,22.4856,103.9707,16.9,91,6.0,79,1006.7,1
2022-01-07,Lao_Cai,22.4856,103.9707,18.0,91,9.8,86,1007.8,1
2022-01-08,Lao_Cai,22.4856,103.9707,17.1,95,12.1,100,1007.0,1
2022-01-09,Lao_Cai,22.4856,103.9707,15.0,93,7.7,94,1007.0,1
2022-01-10,Lao_Cai,22.4856,103.9707,14.2,93,7.6,84,1006.4,1
2022-01-11,Lao_Cai,22.4856,103.9707,15.0,88,6.0,96,1010.4,1
2022-01-12,Lao_Cai,22.4856,103.9707,14.1,87,5.6,94,1008.5,0
2022-01-13,Lao_Cai,22.4856,103.9707,14.2,92,10.0,99,1010.3,1
2022-01-14,Lao_Cai,22.4856,103.9707,13.7,93,6.8,82,1007.8,1
2022-01-15,Lao_Cai,22.4856,103.9707,14.7,96,5.8,97,1006.7,0
2022-01-16,Lao_Cai,22.4856,103.9707,16.0,100,5.4,100,1007.4,1
2022-01-17,Lao_Cai,22.4856,103.9707,15.7,91,5.7,92,1010.7,1
2022-01-18,Lao_Cai,22.4856,103.9707,16.2,85,5.0,63,1010.8,1
2022-01-19,Lao_Cai,22.4856,103.9707,15.0,85,5.5,83,1008.5,1
2022-01-20,Lao_Cai,22.4856,103.9707,14.7,92,9.6,95,1005.6,1
2022-01-21,Lao_Cai,22.4856,103.9707,14.2,98,5.6,100,1004.7,1
2022-01-22,Lao_Cai,22.4856,103.9707,16.1,89,7.5,66,1000.9,1
2022-01-23,Lao_Cai,22.4856,103.9707,18.5,79,6.5,42,1000.2,1
2022-01-24,Lao_Cai,22.4856,103.9707,19.4,74,9.0,4,1001.0,1
2022-01-25,Lao_Cai,22.4856,103.9707,18.6,89,11.3,78,1002.5,1
2022-01-26,Lao_Cai,22.4856,103.9707,18.9,92,8.0,78,1002.7,1
2022-01-27,Lao_Cai,22.4856,103.9707,19.9,88,7.1,70,1002.8,1
2022-01-28,Lao_Cai,22.4856,103.9707,19.1,94,9.4,84,1001.8,1
2022-01-29,Lao_Cai,22.4856,103.9707,17.4,92,12.2,92,1001.9,1
2022-01-30,Lao_Cai,22.4856,103.9707,13.5,89,7.7,100,1005.7,1
2022-01-31,Lao_Cai,22.4856,103.9707,12.4,99,5.2,100,1007.8,1
2022-02-01,Lao_Cai,22.4856,103.9707,10.7,96,7.6,100,1008.3,1
2022-02-02,Lao_Cai,22.4856,103.9707,11.6,96,4.7,100,1009.0,1
2022-02-03,Lao_Cai,22.4856,103.9707,10.7,96,6.6,84,1009.8,1
2022-02-04,Lao_Cai,22.4856,103.9707,12.5,84,6.5,94,1011.8,1
2022-02-05,Lao_Cai,22.4856,103.9707,12.6,88,5.2,99,1011.5,1
2022-02-06,Lao_Cai,22.4856,103.9707,11.5,98,6.6,100,1008.3,1
2022-02-07,Lao_Cai,22.4856,103.9707,14.7,88,8.8,58,1004.2,0
2022-02-08,Lao_Cai,22.4856,103.9707,15.7,96,10.8,97,1004.5,1
2022-02-09,Lao_Cai,22.4856,103.9707,14.6,94,9.0,97,1006.8,1
2022-02-10,Lao_Cai,22.4856,103.9707,12.2,97,7.1,86,1005.1,1
2022-02-11,Lao_Cai,22.4856,103.9707,14.5,91,9.2,68,1004.3,1
2022-02-12,Lao_Cai,22.4856,103.9707,16.0,97,9.8,99,1003.2,1
2022-02-13,Lao_Cai,22.4856,103.9707,15.6,92,11.2,97,1004.0,1
2022-02-14,Lao_Cai,22.4856,103.9707,14.4,89,6.2,67,1006.7,1
2022-02-15,Lao_Cai,22.4856,103.9707,14.2,89,6.0,78,1005.7,0
2022-02-16,Lao_Cai,22.4856,103.9707,14.3,95,6.0,94,1002.0,1
2022-02-17,Lao_Cai,22.4856,103.9707,17.1,92,9.1,80,999.0,1
2022-02-18,Lao_Cai,22.4856,103.9707,19.5,96,7.4,87,999.2,1
2022-02-19,Lao_Cai,22.4856,103.9707,15.8,99,11.7,100,1005.1,1
2022-02-20,Lao_Cai,22.4856,103.9707,10.4,98,7.3,100,1011.6,1
2022-02-21,Lao_Cai,22.4856,103.9707,8.9,94,5.3,100,1013.2,1
2022-02-22,Lao_Cai,22.4856,103.9707,9.3,97,7.2,100,1014.7,1
2022-02-23,Lao_Cai,22.4856,103.9707,10.4,82,4.8,76,1016.4,1
2022-02-24,Lao_Cai,22.4856,103.9707,11.6,79,4.7,80,1015.9,1
2022-02-25,Lao_Cai,22.4856,103.9707,11.9,84,4.9,50,1013.1,0
2022-02-26,Lao_Cai,22.4856,103.9707,13.6,86,7.0,41,1011.4,0
2022-02-27,Lao_Cai,22.4856,103.9707,15.1,86,6.1,39,1008.0,0
2022-02-28,Lao_Cai,22.4856,103.9707,16.1,90,9.0,65,1005.0,1
2022-03-01,Lao_Cai,22.4856,103.9707,18.6,88,8.5,61,1005.5,0
2022-03-02,Lao_Cai,22.4856,103.9707,19.3,91,6.9,87,1005.9,1
2022-03-03,Lao_Cai,22.4856,103.9707,20.9,87,9.5,73,1002.8,1
2022-03-04,Lao_Cai,22.4856,103.9707,20.8,90,9.3,82,1001.4,1
2022-03-05,Lao_Cai,22.4856,103.9707,20.0,95,9.8,93,1000.5,1
2022-03-06,Lao_Cai,22.4856,103.9707,21.7,92,7.2,79,1000.7,1
2022-03-07,Lao_Cai,22.4856,103.9707,23.0,73,8.4,63,1007.0,1
2022-03-08,Lao_Cai,22.4856,103.9707,19.9,66,11.5,0,1004.1,0
2022-03-09,Lao_Cai,22.4856,103.9707,16.7,89,7.0,55,1002.6,0
2022-03-10,Lao_Cai,22.4856,103.9707,17.0,97,4.7,100,1003.1,1
2022-03-11,Lao_Cai,22.4856,103.9707,18.5,95,6.5,96,1001.5,1
2022-03-12,Lao_Cai,22.4856,103.9707,19.4,95,7.1,92,1000.0,1
2022-03-13,Lao_Cai,22.4856,103.9707,19.8,98,5.4,97,1000.2,1
2022-03-14,Lao_Cai,22.4856,103.9707,20.6,96,5.1,92,1000.1,1
2022-03-15,Lao_Cai,22.4856,103.9707,23.0,88,8.7,94,999.3,1
2022-03-16,Lao_Cai,22.4856,103.9707,23.0,89,12.5,74,996.5,1
2022-03-17,Lao_Cai,22.4856,103.9707,23.5,88,10.5,59,996.4,0
2022-03-18,Lao_Cai,22.4856,103.9707,24.2,87,7.9,65,997.5,1
2022-03-19,Lao_Cai,22.4856,103.9707,24.6,86,11.2,68,995.0,1
2022-03-20,Lao_Cai,22.4856,103.9707,25.6,85,12.8,64,994.6,1
2022-03-21,Lao_Cai,22.4856,103.9707,25.6,86,12.3,72,996.3,1
2022-03-22,Lao_Cai,22.4856,103.9707,24.8,89,6.3,91,998.5,1
2022-03-23,Lao_Cai,22.4856,103.9707,21.2,93,11.6,99,1002.2,1
2022-03-24,Lao_Cai,22.4856,103.9707,17.0,97,8.0,94,999.4,1
2022-03-25,Lao_Cai,22.4856,103.9707,22.1,84,9.0,68,996.2,1
2022-03-26,Lao_Cai,22.4856,103.9707,25.8,75,7.7,24,996.6,1
2022-03-27,Lao_Cai,22.4856,103.9707,21.6,91,6.6,87,1002.8,1
2022-03-28,Lao_Cai,22.4856,103.9707,20.0,84,8.4,77,1005.1,1
2022-03-29,Lao_Cai,22.4856,103.9707,18.0,88,7.3,82,1003.6,1
2022-03-30,Lao_Cai,22.4856,103.9707,20.4,89,7.9,79,1002.8,1
2022-03-31,Lao_Cai,22.4856,103.9707,22.4,93,8.7,86,1004.6,1
2022-04-01,Lao_Cai,22.4856,103.9707,20.3,79,8.0,100,1011.5,1
2022-04-02,Lao_Cai,22.4856,103.9707,17.8,69,8.9,76,1015.1,0
2022-04-03,Lao_Cai,22.4856,103.9707,18.4,58,7.1,0,1011.6,0
2022-04-04,Lao_Cai,22.4856,103.9707,18.6,64,8.2,5,1009.7,0
2022-04-05,Lao_Cai,22.4856,103.9707,20.7,67,7.5,34,1009.1,0
2022-04-06,Lao_Cai,22.4856,103.9707,22.3,71,7.6,66,1008.0,1
2022-04-07,Lao_Cai,22.4856,103.9707,24.1,59,12.2,28,1006.7,0
2022-04-08,Lao_Cai,22.4856,103.9707,23.4,61,8.7,3,1003.9,0
2022-04-09,Lao_Cai,22.4856,103.9707,22.7,69,12.0,10,1000.7,0
2022-04-10,Lao_Cai,22.4856,103.9707,22.6,78,8.0,30,999.5,1
2022-04-11,Lao_Cai,22.4856,103.9707,23.2,81,11.4,65,998.5,1
2022-04-12,Lao_Cai,22.4856,103.9707,23.3,88,12.1,69,995.7,1
2022-04-13,Lao_Cai,22.4856,103.9707,24.3,83,8.4,29,996.3,0
2022-04-14,Lao_Cai,22.4856,103.9707,25.0,86,12.8,74,995.6,1
2022-04-15,Lao_Cai,22.4856,103.9707,25.4,88,12.0,93,996.2,1
2022-04-16,Lao_Cai,22.4856,103.9707,24.1,90,13.8,99,998.1,1
2022-04-17,Lao_Cai,22.4856,103.9707,20.0,90,8.4,95,1002.8,1
2022-04-18,Lao_Cai,22.4856,103.9707,19.4,91,6.7,99,1006.9,1
2022-04-19,Lao_Cai,22.4856,103.9707,20.8,80,6.4,73,1006.8,1
2022-04-20,Lao_Cai,22.4856,103.9707,21.4,78,6.1,63,1003.7,0
2022-04-21,Lao_Cai,22.4856,103.9707,19.2,93,6.4,90,1000.9,1
2022-04-22,Lao_Cai,22.4856,103.9707,22.7,87,7.9,61,997.8,1
2022-04-23,Lao_Cai,22.4856,103.9707,25.7,81,10.7,52,996.4,1
2022-04-24,Lao_Cai,22.4856,103.9707,27.5,81,9.4,50,993.1,1
2022-04-25,Lao_Cai,22.4856,103.9707,29.1,69,6.6,22,992.2,0
2022-04-26,Lao_Cai,22.4856,103.9707,29.3,65,6.4,7,991.9,0
2022-04-27,Lao_Cai,22.4856,103.9707,28.8,73,10.7,45,993.5,1
2022-04-28,Lao_Cai,22.4856,103.9707,28.5,79,11.1,50,995.4,1
2022-04-29,Lao_Cai,22.4856,103.9707,26.6,89,14.4,97,997.6,1
2022-04-30,Lao_Cai,22.4856,103.9707,25.7,90,11.2,92,998.3,1
2022-05-01,Lao_Cai,22.4856,103.9707,22.6,86,7.5,100,1003.4,1
2022-05-02,Lao_Cai,22.4856,103.9707,21.5,69,9.2,71,1006.5,1
2022-05-03,Lao_Cai,22.4856,103.9707,23.2,58,11.8,31,1006.0,0
2022-05-04,Lao_Cai,22.4856,103.9707,24.1,62,8.8,66,1003.2,0
2022-05-05,Lao_Cai,22.4856,103.9707,24.7,66,5.6,80,1000.6,1
2022-05-06,Lao_Cai,22.4856,103.9707,22.5,86,11.8,75,1000.4,1
2022-05-07,Lao_Cai,22.4856,103.9707,24.4,81,8.2,52,999.8,0
2022-05-08,Lao_Cai,22.4856,103.9707,25.2,86,9.7,90,998.9,1
2022-05-09,Lao_Cai,22.4856,103.9707,24.6,95,8.4,97,998.0,1
2022-05-10,Lao_Cai,22.4856,103.9707,27.2,83,9.2,88,995.4,1
2022-05-11,Lao_Cai,22.4856,103.9707,27.5,84,7.7,90,993.4,1
2022-05-12,Lao_Cai,22.4856,103.9707,26.7,86,11.9,90,993.3,1
2022-05-13,Lao_Cai,22.4856,103.9707,25.8,91,14.5,86,993.3,1
2022-05-14,Lao_Cai,22.4856,103.9707,25.1,88,12.3,97,995.9,1
2022-05-15,Lao_Cai,22.4856,103.9707,23.8,93,7.5,97,999.3,1
2022-05-16,Lao_Cai,22.4856,103.9707,21.9,85,7.6,98,1003.7,1
2022-05-17,Lao_Cai,22.4856,103.9707,23.2,75,6.1,94,1002.5,0
2022-05-18,Lao_Cai,22.4856,103.9707,23.7,75,8.7,99,1001.1,0
2022-05-19,Lao_Cai,22.4856,103.9707,24.2,84,8.7,90,999.8,1
2022-05-20,Lao_Cai,22.4856,103.9707,24.3,95,5.2,100,997.9,1
2022-05-21,Lao_Cai,22.4856,103.9707,23.4,97,5.9,100,995.7,1
2022-05-22,Lao_Cai,22.4856,103.9707,23.5,96,3.9,100,992.5,1
2022-05-23,Lao_Cai,22.4856,103.9707,24.6,92,4.6,100,992.8,1
2022-05-24,Lao_Cai,22.4856,103.9707,25.3,86,9.2,99,996.3,1
2022-05-25,Lao_Cai,22.4856,103.9707,26.8,84,8.6,100,994.7,1
2022-05-26,Lao_Cai,22.4856,103.9707,27.4,87,9.0,100,991.5,1
2022-05-27,Lao_Cai,22.4856,103.9707,26.7,90,8.0,97,990.2,1
2022-05-28,Lao_Cai,22.4856,103.9707,27.0,88,9.3,100,990.1,1
2022-05-29,Lao_Cai,22.4856,103.9707,26.9,89,10.5,99,991.2,1
2022-05-30,Lao_Cai,22.4856,103.9707,25.9,93,7.6,100,993.4,1
2022-05-31,Lao_Cai,22.4856,103.9707,25.7,92,5.4,98,994.2,1
2022-06-01,Lao_Cai,22.4856,103.9707,27.2,85,12.0,84,993.0,1
2022-06-02,Lao_Cai,22.4856,103.9707,27.6,88,9.0,93,990.9,1
2022-06-03,Lao_Cai,22.4856,103.9707,30.3,70,6.8,100,989.5,1
2022-06-04,Lao_Cai,22.4856,103.9707,31.1,69,5.8,100,989.6,1
2022-06-05,Lao_Cai,22.4856,103.9707,30.4,73,7.2,100,990.3,1
2022-06-06,Lao_Cai,22.4856,103.9707,25.9,95,4.6,93,993.2,1
2022-06-07,Lao_Cai,22.4856,103.9707,27.5,82,7.7,99,993.5,1
2022-06-08,Lao_Cai,22.4856,103.9707,27.2,86,8.6,99,993.1,1
2022-06-09,Lao_Cai,22.4856,103.9707,26.7,91,5.7,100,992.5,1
2022-06-10,Lao_Cai,22.4856,103.9707,28.6,86,5.2,100,991.4,1
2022-06-11,Lao_Cai,22.4856,103.9707,26.0,95,6.3,100,993.3,1
2022-06-12,Lao_Cai,22.4856,103.9707,28.2,85,9.0,100,993.3,1
2022-06-13,Lao_Cai,22.4856,103.9707,28.7,83,6.1,100,993.6,1
2022-06-14,Lao_Cai,22.4856,103.9707,25.5,93,4.7,100,997.2,1
2022-06-15,Lao_Cai,22.4856,103.9707,25.9,87,5.1,98,997.2,1
2022-06-16,Lao_Cai,22.4856,103.9707,26.9,85,7.3,99,995.1,1
2022-06-17,Lao_Cai,22.4856,103.9707,29.5,75,5.6,100,992.1,1
2022-06-18,Lao_Cai,22.4856,103.9707,30.7,70,5.8,98,989.7,1
2022-06-19,Lao_Cai,22.4856,103.9707,31.1,69,6.6,99,988.7,0
2022-06-20,Lao_Cai,22.4856,103.9707,31.8,66,6.5,100,987.7,1
2022-06-21,Lao_Cai,22.4856,103.9707,31.3,69,7.1,100,988.5,1
2022-06-22,Lao_Cai,22.4856,103.9707,28.0,85,5.9,100,993.5,1
2022-06-23,Lao_Cai,22.4856,103.9707,26.2,92,8.7,100,996.7,1
2022-06-24,Lao_Cai,22.4856,103.9707,27.0,86,7.0,99,996.0,1
2022-06-25,Lao_Cai,22.4856,103.9707,27.5,84,10.7,74,994.3,1
2022-06-26,Lao_Cai,22.4856,103.9707,28.2,82,12.8,88,994.8,1
2022-06-27,Lao_Cai,22.4856,103.9707,29.8,78,9.4,100,993.1,1
2022-06-28,Lao_Cai,22.4856,103.9707,30.2,75,6.6,100,991.2,1
2022-06-29,Lao_Cai,22.4856,103.9707,28.3,84,6.7,100,990.5,1
2022-06-30,Lao_Cai,22.4856,103.9707,27.2,86,5.3,100,991.7,1
2022-07-01,Lao_Cai,22.4856,103.9707,28.3,81,7.3,76,991.9,1
2022-07-02,Lao_Cai,22.4856,103.9707,30.7,70,6.6,48,988.3,1
2022-07-03,Lao_Cai,22.4856,103.9707,30.7,71,7.4,99,987.5,1
2022-07-04,Lao_Cai,22.4856,103.9707,30.6,76,7.8,92,988.1,1
2022-07-05,Lao_Cai,22.4856,103.9707,30.2,82,6.1,100,990.4,1
2022-07-06,Lao_Cai,22.4856,103.9707,28.8,85,8.7,85,992.3,1
2022-07-07,Lao_Cai,22.4856,103.9707,29.1,79,8.4,43,992.7,1
2022-07-08,Lao_Cai,22.4856,103.9707,27.8,83,8.7,97,993.9,1
2022-07-09,Lao_Cai,22.4856,103.9707,26.6,89,8.8,96,994.1,1
2022-07-10,Lao_Cai,22.4856,103.9707,28.3,81,8.0,71,994.5,1
2022-07-11,Lao_Cai,22.4856,103.9707,29.0,78,8.0,52,994.6,1
2022-07-12,Lao_Cai,22.4856,103.9707,28.8,81,9.7,55,994.4,1
2022-07-13,Lao_Cai,22.4856,103.9707,28.8,81,10.4,51,993.8,1
2022-07-14,Lao_Cai,22.4856,103.9707,29.3,76,10.3,37,993.8,1
2022-07-15,Lao_Cai,22.4856,103.9707,29.1,79,6.5,87,994.3,1
2022-07-16,Lao_Cai,22.4856,103.9707,29.8,79,11.1,80,993.2,1
2022-07-17,Lao_Cai,22.4856,103.9707,31.9,71,10.9,92,991.7,1
2022-07-18,Lao_Cai,22.4856,103.9707,31.6,75,9.5,100,989.8,0
2022-07-19,Lao_Cai,22.4856,103.9707,29.8,80,10.1,100,990.9,1
2022-07-20,Lao_Cai,22.4856,103.9707,27.0,91,8.6,100,995.9,1
2022-07-21,Lao_Cai,22.4856,103.9707,25.6,97,8.5,100,999.2,1
2022-07-22,Lao_Cai,22.4856,103.9707,26.9,85,11.2,73,1000.1,1
2022-07-23,Lao_Cai,22.4856,103.9707,27.1,88,7.9,59,998.7,1
2022-07-24,Lao_Cai,22.4856,103.9707,28.1,83,8.1,37,996.7,1
2022-07-25,Lao_Cai,22.4856,103.9707,29.7,77,7.1,30,996.8,1
2022-07-26,Lao_Cai,22.4856,103.9707,30.6,76,10.4,30,995.7,1
2022-07-27,Lao_Cai,22.4856,103.9707,29.9,79,8.6,69,995.4,1
2022-07-28,Lao_Cai,22.4856,103.9707,29.4,81,6.7,100,995.7,1
2022-07-29,Lao_Cai,22.4856,103.9707,28.2,88,7.7,100,995.0,1
2022-07-30,Lao_Cai,22.4856,103.9707,28.4,84,10.8,83,993.5,1
2022-07-31,Lao_Cai,22.4856,103.9707,28.0,83,9.4,97,993.1,1
2022-08-01,Lao_Cai,22.4856,103.9707,27.3,86,8.4,94,994.4,1
2022-08-02,Lao_Cai,22.4856,103.9707,27.6,85,7.6,61,996.1,1
2022-08-03,Lao_Cai,22.4856,103.9707,28.8,80,9.2,66,995.8,1
2022-08-04,Lao_Cai,22.4856,103.9707,29.6,79,8.2,94,993.5,1
2022-08-05,Lao_Cai,22.4856,103.9707,28.1,86,9.0,100,992.7,1
2022-08-06,Lao_Cai,22.4856,103.9707,26.2,92,8.7,95,993.8,1
2022-08-07,Lao_Cai,22.4856,103.9707,25.3,95,7.7,88,995.6,1
2022-08-08,Lao_Cai,22.4856,103.9707,28.2,77,8.0,52,995.3,1
2022-08-09,Lao_Cai,22.4856,103.9707,28.7,75,8.6,52,993.6,1
2022-08-10,Lao_Cai,22.4856,103.9707,30.1,67,6.9,79,991.6,1
2022-08-11,Lao_Cai,22.4856,103.9707,26.8,85,8.8,99,990.9,1
2022-08-12,Lao_Cai,22.4856,103.9707,25.6,92,10.0,97,995.8,1
2022-08-13,Lao_Cai,22.4856,103.9707,26.0,92,7.3,94,995.9,1
2022-08-14,Lao_Cai,22.4856,103.9707,28.2,83,9.3,67,994.8,1
2022-08-15,Lao_Cai,22.4856,103.9707,28.2,84,7.9,73,994.4,1
2022-08-16,Lao_Cai,22.4856,103.9707,28.5,83,9.0,83,994.3,1
2022-08-17,Lao_Cai,22.4856,103.9707,28.3,83,6.2,98,994.4,1
2022-08-18,Lao_Cai,22.4856,103.9707,29.0,79,8.9,50,993.3,1
2022-08-19,Lao_Cai,22.4856,103.9707,29.7,79,8.7,77,992.8,1
2022-08-20,Lao_Cai,22.4856,103.9707,27.9,87,9.2,98,993.3,1
2022-08-21,Lao_Cai,22.4856,103.9707,25.4,95,5.9,98,993.5,1
2022-08-22,Lao_Cai,22.4856,103.9707,26.8,92,5.4,96,994.7,1
2022-08-23,Lao_Cai,22.4856,103.9707,29.3,80,8.8,65,995.2,1
2022-08-24,Lao_Cai,22.4856,103.9707,29.5,79,7.7,72,994.4,1
2022-08-25,Lao_Cai,22.4856,103.9707,30.3,75,6.5,100,990.6,1
2022-08-26,Lao_Cai,22.4856,103.9707,25.5,94,10.9,100,992.2,1
2022-08-27,Lao_Cai,22.4856,103.9707,26.5,89,6.2,90,997.2,1
2022-08-28,Lao_Cai,22.4856,103.9707,27.8,86,10.8,96,996.9,1
2022-08-29,Lao_Cai,22.4856,103.9707,27.6,89,6.5,96,998.5,1
2022-08-30,Lao_Cai,22.4856,103.9707,28.3,85,7.1,88,998.4,1
2022-08-31,Lao_Cai,22.4856,103.9707,28.0,86,6.6,99,997.3,1
2022-09-01,Lao_Cai,22.4856,103.9707,26.9,87,8.7,86,1000.0,1
2022-09-02,Lao_Cai,22.4856,103.9707,28.4,78,7.6,79,998.8,1
2022-09-03,Lao_Cai,22.4856,103.9707,28.1,83,6.8,92,996.0,1
2022-09-04,Lao_Cai,22.4856,103.9707,25.3,94,4.3,100,998.5,1
2022-09-05,Lao_Cai,22.4856,103.9707,28.7,63,6.7,72,998.4,0
2022-09-06,Lao_Cai,22.4856,103.9707,28.7,59,8.4,64,999.0,0
2022-09-07,Lao_Cai,22.4856,103.9707,28.8,60,6.0,69,1001.2,0
2022-09-08,Lao_Cai,22.4856,103.9707,25.7,85,6.5,98,1003.2,1
2022-09-09,Lao_Cai,22.4856,103.9707,25.0,92,4.3,99,1003.7,1
2022-09-10,Lao_Cai,22.4856,103.9707,26.0,86,5.8,97,1002.2,1
2022-09-11,Lao_Cai,22.4856,103.9707,25.6,89,4.7,90,1000.4,1
2022-09-12,Lao_Cai,22.4856,103.9707,24.5,94,4.3,94,999.5,1
2022-09-13,Lao_Cai,22.4856,103.9707,25.2,90,4.9,93,999.6,1
2022-09-14,Lao_Cai,22.4856,103.9707,26.2,87,6.0,62,999.0,1
2022-09-15,Lao_Cai,22.4856,103.9707,26.5,87,7.9,87,996.1,1
2022-09-16,Lao_Cai,22.4856,103.9707,25.2,95,5.8,96,994.4,1
2022-09-17,Lao_Cai,22.4856,103.9707,25.7,90,5.5,83,996.3,1
2022-09-18,Lao_Cai,22.4856,103.9707,27.5,81,6.7,40,996.7,1
2022-09-19,Lao_Cai,22.4856,103.9707,28.6,79,5.6,44,996.5,1
2022-09-20,Lao_Cai,22.4856,103.9707,28.4,79,7.9,55,997.0,1
2022-09-21,Lao_Cai,22.4856,103.9707,27.6,78,7.8,76,999.0,1
2022-09-22,Lao_Cai,22.4856,103.9707,26.1,86,9.3,60,1000.1,1
2022-09-23,Lao_Cai,22.4856,103.9707,26.4,78,7.0,59,1000.9,1
2022-09-24,Lao_Cai,22.4856,103.9707,25.8,80,5.5,64,1001.0,1
2022-09-25,Lao_Cai,22.4856,103.9707,26.1,80,10.5,56,1001.3,1
2022-09-26,Lao_Cai,22.4856,103.9707,26.5,76,7.4,22,1000.1,1
2022-09-27,Lao_Cai,22.4856,103.9707,27.5,69,8.9,37,997.8,0
2022-09-28,Lao_Cai,22.4856,103.9707,28.0,67,9.2,91,996.7,1
2022-09-29,Lao_Cai,22.4856,103.9707,25.1,86,6.4,95,998.1,1
2022-09-30,Lao_Cai,22.4856,103.9707,25.6,86,11.5,98,998.9,1
2022-10-01,Lao_Cai,22.4856,103.9707,24.9,94,7.8,100,999.1,1
2022-10-02,Lao_Cai,22.4856,103.9707,24.4,97,5.2,97,1000.5,1
2022-10-03,Lao_Cai,22.4856,103.9707,25.8,88,4.7,75,1002.3,1
2022-10-04,Lao_Cai,22.4856,103.9707,27.0,77,6.6,24,1003.2,0
2022-10-05,Lao_Cai,22.4856,103.9707,26.9,78,6.4,26,1003.0,1
2022-10-06,Lao_Cai,22.4856,103.9707,25.9,83,5.7,53,1003.2,1
2022-10-07,Lao_Cai,22.4856,103.9707,26.5,77,6.8,56,1003.7,1
2022-10-08,Lao_Cai,22.4856,103.9707,25.0,88,8.3,75,1004.1,1
2022-10-09,Lao_Cai,22.4856,103.9707,23.7,92,7.1,73,1007.6,1
2022-10-10,Lao_Cai,22.4856,103.9707,23.0,68,7.5,63,1010.4,0
2022-10-11,Lao_Cai,22.4856,103.9707,23.1,71,5.2,31,1006.9,0
2022-10-12,Lao_Cai,22.4856,103.9707,24.2,70,6.2,63,1005.2,0
2022-10-13,Lao_Cai,22.4856,103.9707,24.8,67,5.6,51,1004.6,0
2022-10-14,Lao_Cai,22.4856,103.9707,24.9,64,7.9,32,1003.2,0
2022-10-15,Lao_Cai,22.4856,103.9707,24.8,60,11.5,50,1003.2,0
2022-10-16,Lao_Cai,22.4856,103.9707,25.4,58,7.2,38,1005.1,0
2022-10-17,Lao_Cai,22.4856,103.9707,25.4,53,9.4,51,1006.3,0
2022-10-18,Lao_Cai,22.4856,103.9707,24.5,47,9.0,31,1006.1,0
2022-10-19,Lao_Cai,22.4856,103.9707,22.8,50,7.3,66,1006.1,0
2022-10-20,Lao_Cai,22.4856,103.9707,20.8,80,5.9,94,1007.6,1
2022-10-21,Lao_Cai,22.4856,103.9707,22.7,83,7.7,77,1008.2,1
2022-10-22,Lao_Cai,22.4856,103.9707,25.5,70,6.1,39,1007.2,0
2022-10-23,Lao_Cai,22.4856,103.9707,27.1,66,7.6,12,1005.2,0
2022-10-24,Lao_Cai,22.4856,103.9707,26.5,71,8.7,34,1004.1,1
2022-10-25,Lao_Cai,22.4856,103.9707,25.2,74,7.7,45,1005.3,1
2022-10-26,Lao_Cai,22.4856,103.9707,23.8,84,5.0,58,1004.4,1
2022-10-27,Lao_Cai,22.4856,103.9707,25.1,80,8.7,50,1003.7,0
2022-10-28,Lao_Cai,22.4856,103.9707,25.2,80,10.7,33,1004.4,1
2022-10-29,Lao_Cai,22.4856,103.9707,24.3,81,7.9,36,1005.0,1
2022-10-30,Lao_Cai,22.4856,103.9707,23.6,75,5.6,55,1004.4,0
2022-10-31,Lao_Cai,22.4856,103.9707,25.0,64,7.3,36,1005.3,1
2022-11-01,Lao_Cai,22.4856,103.9707,23.6,57,6.7,32,1004.9,0
2022-11-02,Lao_Cai,22.4856,103.9707,23.2,61,7.5,6,1001.7,0
2022-11-03,Lao_Cai,22.4856,103.9707,22.7,67,7.3,2,1003.3,0
2022-11-04,Lao_Cai,22.4856,103.9707,23.0,64,7.7,7,1006.3,0
2022-11-05,Lao_Cai,22.4856,103.9707,22.8,67,7.5,13,1007.8,0
2022-11-06,Lao_Cai,22.4856,103.9707,22.2,74,5.8,10,1006.9,0
2022-11-07,Lao_Cai,22.4856,103.9707,22.3,76,5.4,17,1005.9,0
2022-11-08,Lao_Cai,22.4856,103.9707,22.0,78,4.7,31,1006.0,0
2022-11-09,Lao_Cai,22.4856,103.9707,22.4,74,4.3,19,1005.8,0
2022-11-10,Lao_Cai,22.4856,103.9707,21.9,74,6.5,8,1005.2,0
2022-11-11,Lao_Cai,22.4856,103.9707,22.3,72,7.6,14,1004.3,0
2022-11-12,Lao_Cai,22.4856,103.9707,23.3,71,7.6,16,1003.1,1
2022-11-13,Lao_Cai,22.4856,103.9707,23.7,75,7.5,37,1004.0,0
2022-11-14,Lao_Cai,22.4856,103.9707,23.5,84,8.2,58,1004.3,1
2022-11-15,Lao_Cai,22.4856,103.9707,22.5,93,4.4,75,1002.9,1
2022-11-16,Lao_Cai,22.4856,103.9707,23.1,90,6.6,63,1001.3,1
2022-11-17,Lao_Cai,22.4856,103.9707,22.9,92,6.1,73,1001.0,1
2022-11-18,Lao_Cai,22.4856,103.9707,23.5,92,5.3,78,1002.4,1
2022-11-19,Lao_Cai,22.4856,103.9707,23.5,90,7.0,83,1003.8,1
2022-11-20,Lao_Cai,22.4856,103.9707,22.9,92,9.2,86,1002.7,1
2022-11-21,Lao_Cai,22.4856,103.9707,22.4,92,7.1,79,1001.1,1
2022-11-22,Lao_Cai,22.4856,103.9707,23.4,80,7.8,43,1001.5,1
2022-11-23,Lao_Cai,22.4856,103.9707,23.5,80,5.7,68,1002.0,1
2022-11-24,Lao_Cai,22.4856,103.9707,22.1,97,5.5,97,1002.7,1
2022-11-25,Lao_Cai,22.4856,103.9707,22.7,95,5.1,97,1003.6,1
2022-11-26,Lao_Cai,22.4856,103.9707,22.4,99,5.1,100,1001.7,1
2022-11-27,Lao_Cai,22.4856,103.9707,24.5,88,8.8,57,997.4,1
2022-11-28,Lao_Cai,22.4856,103.9707,25.6,82,9.1,32,997.1,0
2022-11-29,Lao_Cai,22.4856,103.9707,25.9,76,10.7,11,999.2,0
2022-11-30,Lao_Cai,22.4856,103.9707,24.3,77,15.3,45,1003.3,1
2022-12-01,Lao_Cai,22.4856,103.9707,17.8,82,10.0,99,1008.8,1
2022-12-02,Lao_Cai,22.4856,103.9707,13.0,90,7.0,94,1009.7,1
2022-12-03,Lao_Cai,22.4856,103.9707,13.6,95,4.3,75,1006.4,1
2022-12-04,Lao_Cai,22.4856,103.9707,15.5,95,5.5,100,1008.4,1
2022-12-05,Lao_Cai,22.4856,103.9707,16.1,94,5.5,97,1010.9,1
2022-12-06,Lao_Cai,22.4856,103.9707,14.5,89,6.1,79,1008.3,1
2022-12-07,Lao_Cai,22.4856,103.9707,13.5,94,4.7,97,1008.7,1
2022-12-08,Lao_Cai,22.4856,103.9707,13.5,95,5.4,99,1008.4,1
2022-12-09,Lao_Cai,22.4856,103.9707,14.4,95,5.2,100,1006.7,1
2022-12-10,Lao_Cai,22.4856,103.9707,15.3,95,4.1,98,1006.3,1
2022-12-11,Lao_Cai,22.4856,103.9707,16.5,83,7.9,91,1007.4,1
2022-12-12,Lao_Cai,22.4856,103.9707,16.8,76,4.6,89,1010.1,1
2022-12-13,Lao_Cai,22.4856,103.9707,16.4,76,7.5,88,1009.0,1
2022-12-14,Lao_Cai,22.4856,103.9707,17.0,71,7.6,63,1010.8,0
2022-12-15,Lao_Cai,22.4856,103.9707,14.5,82,8.3,28,1006.0,0
2022-12-16,Lao_Cai,22.4856,103.9707,15.8,82,6.0,47,1007.3,1
2022-12-17,Lao_Cai,22.4856,103.9707,15.9,68,7.6,89,1016.6,1
2022-12-18,Lao_Cai,22.4856,103.9707,13.1,58,7.2,10,1016.5,0
2022-12-19,Lao_Cai,22.4856,103.9707,12.4,68,6.1,36,1009.6,0
2022-12-20,Lao_Cai,22.4856,103.9707,13.5,72,4.8,57,1006.5,0
2022-12-21,Lao_Cai,22.4856,103.9707,15.8,69,6.5,80,1008.1,1
2022-12-22,Lao_Cai,22.4856,103.9707,15.1,77,4.9,72,1006.1,0
2022-12-23,Lao_Cai,22.4856,103.9707,15.8,77,4.5,81,1007.3,1
2022-12-24,Lao_Cai,22.4856,103.9707,16.9,69,6.6,55,1009.4,0
2022-12-25,Lao_Cai,22.4856,103.9707,15.9,70,6.6,67,1008.9,0
2022-12-26,Lao_Cai,22.4856,103.9707,15.2,83,5.5,80,1009.7,1
2022-12-27,Lao_Cai,22.4856,103.9707,15.5,95,7.6,100,1008.7,1
2022-12-28,Lao_Cai,22.4856,103.9707,15.2,89,10.1,97,1011.5,1
2022-12-29,Lao_Cai,22.4856,103.9707,12.5,85,4.1,99,1015.8,1
2022-12-30,Lao_Cai,22.4856,103.9707,12.0,92,2.8,97,1016.5,1
2022-12-31,Lao_Cai,22.4856,103.9707,12.6,85,4.4,84,1015.0,0
2023-01-01,Lao_Cai,22.4856,103.9707,14.0,84,4.7,53,1013.5,0
2023-01-02,Lao_Cai,22.4856,103.9707,14.6,81,6.6,57,1013.8,0
2023-01-03,Lao_Cai,22.4856,103.9707,15.0,89,4.7,100,1014.0,1
2023-01-04,Lao_Cai,22.4856,103.9707,15.8,85,6.5,67,1011.4,1
2023-01-05,Lao_Cai,22.4856,103.9707,15.9,87,5.8,82,1012.7,1
2023-01-06,Lao_Cai,22.4856,103.9707,17.1,79,5.2,46,1015.0,1
2023-01-07,Lao_Cai,22.4856,103.9707,15.8,63,7.7,5,1010.4,0
2023-01-08,Lao_Cai,22.4856,103.9707,15.8,68,5.7,5,1008.4,0
2023-01-09,Lao_Cai,22.4856,103.9707,17.0,71,6.4,12,1008.3,0
2023-01-10,Lao_Cai,22.4856,103.9707,17.5,78,5.8,49,1007.4,0
2023-01-11,Lao_Cai,22.4856,103.9707,18.3,85,6.5,69,1004.2,1
2023-01-12,Lao_Cai,22.4856,103.9707,19.3,85,8.8,50,1000.6,1
2023-01-13,Lao_Cai,22.4856,103.9707,21.3,74,7.8,32,997.3,0
2023-01-14,Lao_Cai,22.4856,103.9707,21.3,63,6.0,1,996.3,0
2023-01-15,Lao_Cai,22.4856,103.9707,17.4,73,17.1,48,1002.8,1
2023-01-16,Lao_Cai,22.4856,103.9707,11.4,76,10.2,75,1010.8,1
2023-01-17,Lao_Cai,22.4856,103.9707,9.2,82,6.3,80,1013.8,1
2023-01-18,Lao_Cai,22.4856,103.9707,10.0,81,5.0,76,1014.9,1
2023-01-19,Lao_Cai,22.4856,103.9707,10.3,82,8.0,71,1012.8,0
2023-01-20,Lao_Cai,22.4856,103.9707,11.0,85,6.1,76,1011.8,0
2023-01-21,Lao_Cai,22.4856,103.9707,11.5,91,7.9,68,1007.5,0
2023-01-22,Lao_Cai,22.4856,103.9707,13.2,92,7.1,63,1004.6,0
2023-01-23,Lao_Cai,22.4856,103.9707,15.0,92,6.4,92,1005.5,1
2023-01-24,Lao_Cai,22.4856,103.9707,14.5,77,9.7,76,1015.6,1
2023-01-25,Lao_Cai,22.4856,103.9707,11.2,75,7.7,27,1009.7,0
2023-01-26,Lao_Cai,22.4856,103.9707,11.1,82,9.6,35,1006.4,0
2023-01-27,Lao_Cai,22.4856,103.9707,13.4,83,6.1,86,1014.2,1
2023-01-28,Lao_Cai,22.4856,103.9707,13.0,67,4.6,22,1013.9,0
2023-01-29,Lao_Cai,22.4856,103.9707,13.4,63,8.1,9,1013.4,0
2023-01-30,Lao_Cai,22.4856,103.9707,14.5,68,7.3,1,1009.8,0
2023-01-31,Lao_Cai,22.4856,103.9707,13.5,74,8.6,0,1003.8,0
2023-02-01,Lao_Cai,22.4856,103.9707,14.3,83,7.2,39,1002.0,0
2023-02-02,Lao_Cai,22.4856,103.9707,15.7,91,7.4,76,1005.5,0
2023-02-03,Lao_Cai,22.4856,103.9707,18.4,91,6.6,89,1005.1,1
2023-02-04,Lao_Cai,22.4856,103.9707,19.3,93,6.1,92,1002.2,1
2023-02-05,Lao_Cai,22.4856,103.9707,19.9,92,13.7,91,1000.8,1
2023-02-06,Lao_Cai,22.4856,103.9707,20.2,91,9.8,76,1000.2,1
2023-02-07,Lao_Cai,22.4856,103.9707,20.2,94,11.9,90,1000.6,1
2023-02-08,Lao_Cai,22.4856,103.9707,20.6,93,9.0,79,1000.4,1
2023-02-09,Lao_Cai,22.4856,103.9707,21.5,86,9.7,67,1001.1,1
2023-02-10,Lao_Cai,22.4856,103.9707,21.7,88,11.9,90,1000.0,1
2023-02-11,Lao_Cai,22.4856,103.9707,22.4,79,12.0,49,997.2,1
2023-02-12,Lao_Cai,22.4856,103.9707,23.1,70,10.8,42,996.6,1
2023-02-13,Lao_Cai,22.4856,103.9707,22.8,66,8.5,2,999.1,0
2023-02-14,Lao_Cai,22.4856,103.9707,19.8,76,11.3,81,1007.0,1
2023-02-15,Lao_Cai,22.4856,103.9707,16.8,72,9.2,76,1011.5,1
2023-02-16,Lao_Cai,22.4856,103.9707,15.4,75,5.4,68,1012.4,0
2023-02-17,Lao_Cai,22.4856,103.9707,15.4,85,6.1,53,1008.6,0
2023-02-18,Lao_Cai,22.4856,103.9707,17.6,86,8.7,91,1005.8,0
2023-02-19,Lao_Cai,22.4856,103.9707,19.9,80,8.5,78,1008.8,1
2023-02-20,Lao_Cai,22.4856,103.9707,19.5,76,7.9,62,1007.9,0
2023-02-21,Lao_Cai,22.4856,103.9707,18.9,81,7.7,96,1008.5,1
2023-02-22,Lao_Cai,22.4856,103.9707,17.5,94,9.3,100,1008.2,1
2023-02-23,Lao_Cai,22.4856,103.9707,16.9,94,5.7,74,1005.7,1
2023-02-24,Lao_Cai,22.4856,103.9707,17.6,91,9.7,98,1009.5,1
2023-02-25,Lao_Cai,22.4856,103.9707,17.9,76,7.4,82,1015.7,1
2023-02-26,Lao_Cai,22.4856,103.9707,17.6,62,10.6,24,1016.6,0
2023-02-27,Lao_Cai,22.4856,103.9707,16.3,68,6.3,4,1014.0,0
2023-02-28,Lao_Cai,22.4856,103.9707,17.0,73,5.8,1,1010.4,0
2023-03-01,Lao_Cai,22.4856,103.9707,18.1,79,7.6,24,1010.4,0
2023-03-02,Lao_Cai,22.4856,103.9707,19.7,79,9.4,82,1011.7,1
2023-03-03,Lao_Cai,22.4856,103.9707,19.7,77,8.4,73,1012.1,0
2023-03-04,Lao_Cai,22.4856,103.9707,18.5,86,6.4,84,1013.5,1
2023-03-05,Lao_Cai,22.4856,103.9707,19.1,79,4.7,73,1011.0,0
2023-03-06,Lao_Cai,22.4856,103.9707,19.1,82,8.2,78,1007.9,0
2023-03-07,Lao_Cai,22.4856,103.9707,19.1,90,9.5,86,1006.8,1
2023-03-08,Lao_Cai,22.4856,103.9707,19.9,89,5.1,79,1007.5,1
2023-03-09,Lao_Cai,22.4856,103.9707,21.9,79,5.7,63,1007.3,0
2023-03-10,Lao_Cai,22.4856,103.9707,21.4,79,11.3,55,1003.3,0
2023-03-11,Lao_Cai,22.4856,103.9707,20.2,88,8.6,91,1005.0,1
2023-03-12,Lao_Cai,22.4856,103.9707,20.9,91,7.0,100,1008.5,1
2023-03-13,Lao_Cai,22.4856,103.9707,17.7,86,5.0,96,1010.9,1
2023-03-14,Lao_Cai,22.4856,103.9707,18.1,76,10.4,24,1003.0,0
2023-03-15,Lao_Cai,22.4856,103.9707,18.9,85,7.2,57,1003.1,0
2023-03-16,Lao_Cai,22.4856,103.9707,21.7,84,11.2,62,1003.8,1
2023-03-17,Lao_Cai,22.4856,103.9707,21.6,86,9.1,66,1002.7,1
2023-03-18,Lao_Cai,22.4856,103.9707,21.9,90,13.0,88,1001.3,1
2023-03-19,Lao_Cai,22.4856,103.9707,22.0,89,11.5,93,999.7,1
2023-03-20,Lao_Cai,22.4856,103.9707,23.4,84,10.5,83,996.6,1
2023-03-21,Lao_Cai,22.4856,103.9707,24.9,74,8.8,49,994.1,0
2023-03-22,Lao_Cai,22.4856,103.9707,25.9,62,5.9,24,992.2,0
2023-03-23,Lao_Cai,22.4856,103.9707,26.2,62,7.6,41,992.5,0
2023-03-24,Lao_Cai,22.4856,103.9707,26.2,63,9.0,8,994.6,0
2023-03-25,Lao_Cai,22.4856,103.9707,24.0,84,12.6,65,998.7,1
2023-03-26,Lao_Cai,22.4856,103.9707,22.2,82,14.3,92,1000.3,1
2023-03-27,Lao_Cai,22.4856,103.9707,20.1,87,8.1,87,1003.6,1
2023-03-28,Lao_Cai,22.4856,103.9707,19.1,81,7.4,90,1005.1,1
2023-03-29,Lao_Cai,22.4856,103.9707,18.1,90,4.8,74,1003.5,1
2023-03-30,Lao_Cai,22.4856,103.9707,18.4,92,5.5,78,1001.2,1
2023-03-31,Lao_Cai,22.4856,103.9707,19.4,91,5.9,68,1000.3,1
2023-04-01,Lao_Cai,22.4856,103.9707,21.0,89,8.3,64,998.5,1
2023-04-02,Lao_Cai,22.4856,103.9707,23.1,86,8.7,63,995.7,1
2023-04-03,Lao_Cai,22.4856,103.9707,24.2,82,10.6,63,993.9,1
2023-04-04,Lao_Cai,22.4856,103.9707,26.0,68,10.2,38,992.6,1
2023-04-05,Lao_Cai,22.4856,103.9707,26.6,62,7.8,43,993.5,1
2023-04-06,Lao_Cai,22.4856,103.9707,26.3,63,15.9,12,997.4,0
2023-04-07,Lao_Cai,22.4856,103.9707,23.7,70,10.7,71,1003.2,0
2023-04-08,Lao_Cai,22.4856,103.9707,20.9,81,7.1,99,1007.8,1
2023-04-09,Lao_Cai,22.4856,103.9707,18.6,83,7.9,74,1005.5,0
2023-04-10,Lao_Cai,22.4856,103.9707,18.0,93,7.5,62,1000.9,1
2023-04-11,Lao_Cai,22.4856,103.9707,21.8,86,7.3,53,998.2,1
2023-04-12,Lao_Cai,22.4856,103.9707,24.4,89,12.2,86,998.3,1
2023-04-13,Lao_Cai,22.4856,103.9707,25.7,88,13.6,81,996.8,1
2023-04-14,Lao_Cai,22.4856,103.9707,26.3,88,9.5,66,996.7,1
2023-04-15,Lao_Cai,22.4856,103.9707,25.7,87,8.0,63,1000.5,1
2023-04-16,Lao_Cai,22.4856,103.9707,25.5,79,6.6,74,997.8,1
2023-04-17,Lao_Cai,22.4856,103.9707,24.9,87,11.7,70,995.5,1
2023-04-18,Lao_Cai,22.4856,103.9707,26.1,89,10.1,58,993.8,1
2023-04-19,Lao_Cai,22.4856,103.9707,28.2,77,8.6,33,990.8,0
2023-04-20,Lao_Cai,22.4856,103.9707,28.2,80,10.2,40,989.8,1
2023-04-21,Lao_Cai,22.4856,103.9707,27.7,81,9.7,48,990.5,1
2023-04-22,Lao_Cai,22.4856,103.9707,28.2,79,11.2,50,992.1,1
2023-04-23,Lao_Cai,22.4856,103.9707,27.1,85,8.6,60,996.0,1
2023-04-24,Lao_Cai,22.4856,103.9707,27.2,81,15.7,67,999.1,1
2023-04-25,Lao_Cai,22.4856,103.9707,23.8,83,12.9,87,1002.8,1
2023-04-26,Lao_Cai,22.4856,103.9707,22.7,74,6.1,72,1002.9,0
2023-04-27,Lao_Cai,22.4856,103.9707,22.9,78,12.9,43,999.7,0
2023-04-28,Lao_Cai,22.4856,103.9707,25.3,84,12.3,85,998.6,1
2023-04-29,Lao_Cai,22.4856,103.9707,23.9,93,5.8,91,1000.9,1
2023-04-30,Lao_Cai,22.4856,103.9707,22.8,79,8.1,91,1002.1,1
2023-05-01,Lao_Cai,22.4856,103.9707,23.6,75,9.8,67,1000.5,0
2023-05-02,Lao_Cai,22.4856,103.9707,24.5,82,14.3,79,999.6,1
2023-05-03,Lao_Cai,22.4856,103.9707,26.7,83,11.2,59,997.5,1
2023-05-04,Lao_Cai,22.4856,103.9707,29.0,76,11.3,39,992.3,1
2023-05-05,Lao_Cai,22.4856,103.9707,31.4,64,8.0,14,988.2,0
2023-05-06,Lao_Cai,22.4856,103.9707,32.7,52,6.9,3,987.3,0
2023-05-07,Lao_Cai,22.4856,103.9707,30.4,65,20.9,27,990.4,1
2023-05-08,Lao_Cai,22.4856,103.9707,25.6,86,12.2,99,997.7,1
2023-05-09,Lao_Cai,22.4856,103.9707,23.9,86,10.7,91,999.3,1
2023-05-10,Lao_Cai,22.4856,103.9707,26.3,83,14.5,81,998.4,1
2023-05-11,Lao_Cai,22.4856,103.9707,25.4,92,7.9,88,1001.3,1
2023-05-12,Lao_Cai,22.4856,103.9707,24.8,84,7.1,98,1004.0,1
2023-05-13,Lao_Cai,22.4856,103.9707,23.4,88,4.1,98,1003.8,1
2023-05-14,Lao_Cai,22.4856,103.9707,23.6,86,6.0,100,1001.9,1
2023-05-15,Lao_Cai,22.4856,103.9707,25.0,80,13.3,98,998.0,1
2023-05-16,Lao_Cai,22.4856,103.9707,27.9,74,6.2,53,994.0,1
2023-05-17,Lao_Cai,22.4856,103.9707,30.6,57,9.7,19,992.5,0
2023-05-18,Lao_Cai,22.4856,103.9707,31.1,57,7.2,8,992.7,1
2023-05-19,Lao_Cai,22.4856,103.9707,30.2,64,11.3,14,992.8,0
2023-05-20,Lao_Cai,22.4856,103.9707,30.0,73,11.2,36,993.0,1
2023-05-21,Lao_Cai,22.4856,103.9707,31.7,65,8.8,26,993.2,0
2023-05-22,Lao_Cai,22.4856,103.9707,32.5,53,7.6,13,992.9,0
2023-05-23,Lao_Cai,22.4856,103.9707,30.4,69,16.2,58,994.4,0
2023-05-24,Lao_Cai,22.4856,103.9707,28.3,77,14.2,75,995.7,1
2023-05-25,Lao_Cai,22.4856,103.9707,27.0,86,15.4,98,996.3,1
2023-05-26,Lao_Cai,22.4856,103.9707,26.9,86,15.0,75,997.0,1
2023-05-27,Lao_Cai,22.4856,103.9707,26.6,90,14.0,97,996.0,1
2023-05-28,Lao_Cai,22.4856,103.9707,27.0,87,6.8,82,996.9,1
2023-05-29,Lao_Cai,22.4856,103.9707,28.1,84,6.5,60,997.2,1
2023-05-30,Lao_Cai,22.4856,103.9707,30.8,75,9.4,52,995.1,1
2023-05-31,Lao_Cai,22.4856,103.9707,32.0,70,11.3,22,992.1,1
2023-06-01,Lao_Cai,22.4856,103.9707,32.6,71,11.0,47,989.8,0
2023-06-02,Lao_Cai,22.4856,103.9707,30.5,76,11.4,92,991.5,1
2023-06-03,Lao_Cai,22.4856,103.9707,27.9,88,8.7,93,994.5,1
2023-06-04,Lao_Cai,22.4856,103.9707,27.6,89,11.4,98,995.0,1
2023-06-05,Lao_Cai,22.4856,103.9707,26.6,90,5.9,100,995.5,1
2023-06-06,Lao_Cai,22.4856,103.9707,27.3,85,8.0,87,996.2,1
2023-06-07,Lao_Cai,22.4856,103.9707,28.2,80,6.5,78,995.5,1
2023-06-08,Lao_Cai,22.4856,103.9707,29.1,78,9.4,81,994.4,1
2023-06-09,Lao_Cai,22.4856,103.9707,29.7,70,7.0,77,993.4,1
2023-06-10,Lao_Cai,22.4856,103.9707,31.2,56,7.7,91,991.2,0
2023-06-11,Lao_Cai,22.4856,103.9707,31.2,61,9.0,100,990.8,0
2023-06-12,Lao_Cai,22.4856,103.9707,30.0,74,8.0,100,991.2,1
2023-06-13,Lao_Cai,22.4856,103.9707,26.8,94,5.3,100,992.5,1
2023-06-14,Lao_Cai,22.4856,103.9707,26.0,91,7.4,94,994.6,1
2023-06-15,Lao_Cai,22.4856,103.9707,26.4,92,9.4,100,993.5,1
2023-06-16,Lao_Cai,22.4856,103.9707,29.0,83,14.2,95,991.5,1
2023-06-17,Lao_Cai,22.4856,103.9707,29.3,82,11.4,84,992.2,1
2023-06-18,Lao_Cai,22.4856,103.9707,28.0,88,15.0,90,992.9,1
2023-06-19,Lao_Cai,22.4856,103.9707,27.6,89,8.4,100,992.9,1
2023-06-20,Lao_Cai,22.4856,103.9707,28.1,87,9.4,100,993.1,1
2023-06-21,Lao_Cai,22.4856,103.9707,28.3,86,8.3,98,993.6,1
2023-06-22,Lao_Cai,22.4856,103.9707,28.8,84,8.1,100,993.8,1
2023-06-23,Lao_Cai,22.4856,103.9707,26.6,92,7.8,100,993.8,1
2023-06-24,Lao_Cai,22.4856,103.9707,26.6,87,8.2,93,993.8,1
2023-06-25,Lao_Cai,22.4856,103.9707,28.7,72,9.3,44,994.6,1
2023-06-26,Lao_Cai,22.4856,103.9707,28.9,75,11.3,18,995.2,1
2023-06-27,Lao_Cai,22.4856,103.9707,27.1,85,10.8,60,996.4,1
2023-06-28,Lao_Cai,22.4856,103.9707,27.8,85,11.8,66,996.4,1
2023-06-29,Lao_Cai,22.4856,103.9707,28.9,82,10.5,97,993.3,1
2023-06-30,Lao_Cai,22.4856,103.9707,29.6,82,9.3,96,991.4,1
2023-07-01,Lao_Cai,22.4856,103.9707,30.3,78,10.8,97,991.3,1
2023-07-02,Lao_Cai,22.4856,103.9707,30.2,79,10.9,100,992.3,1
2023-07-03,Lao_Cai,22.4856,103.9707,29.3,83,10.9,99,992.8,1
2023-07-04,Lao_Cai,22.4856,103.9707,28.2,89,9.6,99,994.0,1
2023-07-05,Lao_Cai,22.4856,103.9707,27.5,90,8.4,98,994.0,1
2023-07-06,Lao_Cai,22.4856,103.9707,30.1,77,10.4,59,993.3,1
2023-07-07,Lao_Cai,22.4856,103.9707,31.4,71,11.8,78,993.2,0
2023-07-08,Lao_Cai,22.4856,103.9707,29.8,80,9.8,99,995.0,1
2023-07-09,Lao_Cai,22.4856,103.9707,28.3,86,9.7,99,995.9,1
2023-07-10,Lao_Cai,22.4856,103.9707,29.3,78,10.1,59,994.8,1
2023-07-11,Lao_Cai,22.4856,103.9707,30.6,71,12.9,37,993.6,0
2023-07-12,Lao_Cai,22.4856,103.9707,30.7,71,8.6,54,993.3,1
2023-07-13,Lao_Cai,22.4856,103.9707,31.7,64,9.7,23,992.2,0
2023-07-14,Lao_Cai,22.4856,103.9707,30.8,71,10.2,77,992.8,1
2023-07-15,Lao_Cai,22.4856,103.9707,30.0,75,7.8,82,993.2,1
2023-07-16,Lao_Cai,22.4856,103.9707,32.5,52,11.7,79,990.7,0
2023-07-17,Lao_Cai,22.4856,103.9707,33.0,46,9.8,53,989.3,1
2023-07-18,Lao_Cai,22.4856,103.9707,29.3,59,12.0,93,990.2,1
2023-07-19,Lao_Cai,22.4856,103.9707,24.9,96,5.8,97,993.3,1
2023-07-20,Lao_Cai,22.4856,103.9707,26.9,89,6.2,84,996.1,1
2023-07-21,Lao_Cai,22.4856,103.9707,29.0,79,7.3,62,998.1,1
2023-07-22,Lao_Cai,22.4856,103.9707,30.0,74,8.2,75,998.5,1
2023-07-23,Lao_Cai,22.4856,103.9707,29.4,79,9.8,74,997.2,1
2023-07-24,Lao_Cai,22.4856,103.9707,28.6,81,8.6,75,995.7,1
2023-07-25,Lao_Cai,22.4856,103.9707,29.3,76,9.5,95,995.1,1
2023-07-26,Lao_Cai,22.4856,103.9707,31.0,71,10.1,80,993.0,1
2023-07-27,Lao_Cai,22.4856,103.9707,30.6,78,8.1,97,990.5,1
2023-07-28,Lao_Cai,22.4856,103.9707,28.0,90,6.0,99,989.7,1
2023-07-29,Lao_Cai,22.4856,103.9707,30.1,71,9.9,94,990.1,1
2023-07-30,Lao_Cai,22.4856,103.9707,29.3,80,8.7,85,991.4,1
2023-07-31,Lao_Cai,22.4856,103.9707,27.2,91,7.6,100,993.0,1
2023-08-01,Lao_Cai,22.4856,103.9707,27.7,88,7.4,98,992.7,1
2023-08-02,Lao_Cai,22.4856,103.9707,27.7,88,6.2,97,992.1,1
2023-08-03,Lao_Cai,22.4856,103.9707,27.9,87,5.4,98,991.5,1
2023-08-04,Lao_Cai,22.4856,103.9707,28.5,85,12.1,93,992.1,1
2023-08-05,Lao_Cai,22.4856,103.9707,28.3,87,9.4,93,991.0,1
2023-08-06,Lao_Cai,22.4856,103.9707,28.0,89,5.9,100,988.6,1
2023-08-07,Lao_Cai,22.4856,103.9707,27.3,92,7.0,100,988.3,1
2023-08-08,Lao_Cai,22.4856,103.9707,26.8,91,6.6,94,990.6,1
2023-08-09,Lao_Cai,22.4856,103.9707,28.3,89,5.7,99,992.7,1
2023-08-10,Lao_Cai,22.4856,103.9707,28.9,85,7.5,79,993.6,1
2023-08-11,Lao_Cai,22.4856,103.9707,29.1,83,9.8,63,991.9,1
2023-08-12,Lao_Cai,22.4856,103.9707,28.6,85,8.7,84,991.4,1
2023-08-13,Lao_Cai,22.4856,103.9707,29.7,76,8.0,98,991.6,1
2023-08-14,Lao_Cai,22.4856,103.9707,28.6,85,5.7,99,992.7,1
2023-08-15,Lao_Cai,22.4856,103.9707,27.9,85,9.4,72,994.3,1
2023-08-16,Lao_Cai,22.4856,103.9707,27.8,87,6.2,70,995.2,1
2023-08-17,Lao_Cai,22.4856,103.9707,29.2,83,6.5,87,994.8,1
2023-08-18,Lao_Cai,22.4856,103.9707,30.3,77,8.6,97,993.3,0
2023-08-19,Lao_Cai,22.4856,103.9707,29.1,84,6.6,100,994.6,1
2023-08-20,Lao_Cai,22.4856,103.9707,28.2,86,9.2,100,995.1,1
2023-08-21,Lao_Cai,22.4856,103.9707,26.4,94,4.8,100,996.0,1
2023-08-22,Lao_Cai,22.4856,103.9707,28.5,83,6.3,93,994.5,1
2023-08-23,Lao_Cai,22.4856,103.9707,27.7,88,5.8,100,992.6,1
2023-08-24,Lao_Cai,22.4856,103.9707,25.8,97,4.1,100,994.4,1
2023-08-25,Lao_Cai,22.4856,103.9707,27.0,89,8.4,96,994.5,1
2023-08-26,Lao_Cai,22.4856,103.9707,28.1,86,9.9,97,991.8,1
2023-08-27,Lao_Cai,22.4856,103.9707,29.4,84,10.4,98,990.1,1
2023-08-28,Lao_Cai,22.4856,103.9707,28.8,79,7.2,87,992.7,1
2023-08-29,Lao_Cai,22.4856,103.9707,29.5,66,9.8,77,994.5,1
2023-08-30,Lao_Cai,22.4856,103.9707,29.3,65,9.7,28,996.9,1
2023-08-31,Lao_Cai,22.4856,103.9707,29.9,57,9.3,15,996.4,1
2023-09-01,Lao_Cai,22.4856,103.9707,29.3,59,7.6,3,995.8,0
2023-09-02,Lao_Cai,22.4856,103.9707,30.9,54,7.9,34,994.2,0
2023-09-03,Lao_Cai,22.4856,103.9707,30.6,56,8.2,50,993.1,0
2023-09-04,Lao_Cai,22.4856,103.9707,26.7,79,5.8,67,996.0,1
2023-09-05,Lao_Cai,22.4856,103.9707,28.8,69,6.2,38,996.5,1
2023-09-06,Lao_Cai,22.4856,103.9707,28.9,77,7.9,62,997.8,1
2023-09-07,Lao_Cai,22.4856,103.9707,29.1,77,7.3,56,997.5,1
2023-09-08,Lao_Cai,22.4856,103.9707,27.9,84,7.5,68,997.2,1
2023-09-09,Lao_Cai,22.4856,103.9707,29.0,76,8.1,74,995.1,1
2023-09-10,Lao_Cai,22.4856,103.9707,28.6,81,7.7,80,994.3,1
2023-09-11,Lao_Cai,22.4856,103.9707,28.9,80,8.2,75,992.9,1
2023-09-12,Lao_Cai,22.4856,103.9707,28.1,87,8.5,95,994.0,1
2023-09-13,Lao_Cai,22.4856,103.9707,28.5,74,8.4,99,995.7,1
2023-09-14,Lao_Cai,22.4856,103.9707,27.9,75,10.2,87,997.1,1
2023-09-15,Lao_Cai,22.4856,103.9707,27.0,81,8.9,59,998.5,1
2023-09-16,Lao_Cai,22.4856,103.9707,28.1,75,5.2,47,999.0,1
2023-09-17,Lao_Cai,22.4856,103.9707,27.4,83,8.7,62,998.5,1
2023-09-18,Lao_Cai,22.4856,103.9707,27.6,84,6.9,75,998.9,1
2023-09-19,Lao_Cai,22.4856,103.9707,27.1,87,6.7,81,999.0,1
2023-09-20,Lao_Cai,22.4856,103.9707,27.7,86,8.2,59,998.7,1
2023-09-21,Lao_Cai,22.4856,103.9707,27.7,85,7.0,66,999.3,1
2023-09-22,Lao_Cai,22.4856,103.9707,27.9,85,7.6,68,998.9,1
2023-09-23,Lao_Cai,22.4856,103.9707,27.5,85,9.0,66,998.9,1
2023-09-24,Lao_Cai,22.4856,103.9707,27.1,86,7.1,47,998.5,1
2023-09-25,Lao_Cai,22.4856,103.9707,28.6,73,8.9,13,998.5,0
2023-09-26,Lao_Cai,22.4856,103.9707,28.2,73,14.2,59,999.2,1
2023-09-27,Lao_Cai,22.4856,103.9707,25.4,93,5.6,99,999.7,1
2023-09-28,Lao_Cai,22.4856,103.9707,24.9,96,4.9,99,1001.5,1
2023-09-29,Lao_Cai,22.4856,103.9707,27.2,81,6.4,68,1002.0,1
2023-09-30,Lao_Cai,22.4856,103.9707,27.2,80,4.7,52,1000.6,1
2023-10-01,Lao_Cai,22.4856,103.9707,27.1,85,5.6,53,999.2,1
2023-10-02,Lao_Cai,22.4856,103.9707,27.2,85,5.6,68,999.8,1
2023-10-03,Lao_Cai,22.4856,103.9707,28.2,77,7.1,50,999.8,0
2023-10-04,Lao_Cai,22.4856,103.9707,28.7,77,7.9,42,999.1,0
2023-10-05,Lao_Cai,22.4856,103.9707,28.5,81,7.2,64,998.0,1
2023-10-06,Lao_Cai,22.4856,103.9707,26.6,91,8.0,86,998.5,1
2023-10-07,Lao_Cai,22.4856,103.9707,24.8,96,4.1,100,1001.6,1
2023-10-08,Lao_Cai,22.4856,103.9707,25.3,83,6.0,94,1003.7,1
2023-10-09,Lao_Cai,22.4856,103.9707,26.3,74,8.7,90,1005.0,1
2023-10-10,Lao_Cai,22.4856,103.9707,26.4,72,7.6,83,1005.9,1
2023-10-11,Lao_Cai,22.4856,103.9707,25.7,74,5.6,63,1006.3,0
2023-10-12,Lao_Cai,22.4856,103.9707,25.1,75,5.5,42,1007.0,0
2023-10-13,Lao_Cai,22.4856,103.9707,25.0,81,6.6,76,1005.4,1
2023-10-14,Lao_Cai,22.4856,103.9707,22.9,97,5.4,100,1003.9,1
2023-10-15,Lao_Cai,22.4856,103.9707,24.1,81,6.8,61,1003.6,0
2023-10-16,Lao_Cai,22.4856,103.9707,25.3,70,7.2,49,1004.1,0
2023-10-17,Lao_Cai,22.4856,103.9707,25.3,71,5.4,19,1003.6,0
2023-10-18,Lao_Cai,22.4856,103.9707,25.6,73,5.4,67,1002.7,0
2023-10-19,Lao_Cai,22.4856,103.9707,26.8,71,5.5,62,1001.3,0
2023-10-20,Lao_Cai,22.4856,103.9707,26.4,76,11.5,55,1005.6,1
2023-10-21,Lao_Cai,22.4856,103.9707,25.4,64,8.3,25,1007.7,0
2023-10-22,Lao_Cai,22.4856,103.9707,24.7,66,7.4,44,1007.6,0
2023-10-23,Lao_Cai,22.4856,103.9707,24.7,72,5.6,29,1006.2,0
2023-10-24,Lao_Cai,22.4856,103.9707,24.4,77,6.0,57,1005.5,0
2023-10-25,Lao_Cai,22.4856,103.9707,25.6,77,5.9,69,1004.4,0
2023-10-26,Lao_Cai,22.4856,103.9707,26.2,77,7.1,52,1003.1,1
2023-10-27,Lao_Cai,22.4856,103.9707,26.4,77,5.4,81,1002.5,1
2023-10-28,Lao_Cai,22.4856,103.9707,24.0,93,4.4,100,1003.4,1
2023-10-29,Lao_Cai,22.4856,103.9707,24.4,90,9.3,93,1004.8,1
2023-10-30,Lao_Cai,22.4856,103.9707,24.9,80,7.9,89,1007.2,1
2023-10-31,Lao_Cai,22.4856,103.9707,24.9,71,6.9,73,1007.8,0
2023-11-01,Lao_Cai,22.4856,103.9707,24.1,72,5.8,17,1006.5,0
2023-11-02,Lao_Cai,22.4856,103.9707,23.9,76,7.3,25,1003.3,0
2023-11-03,Lao_Cai,22.4856,103.9707,23.8,83,4.8,60,1000.9,0
2023-11-04,Lao_Cai,22.4856,103.9707,25.0,82,6.8,72,1000.8,1
2023-11-05,Lao_Cai,22.4856,103.9707,25.5,86,7.3,84,1001.5,1
2023-11-06,Lao_Cai,22.4856,103.9707,24.4,88,10.4,93,1004.7,1
2023-11-07,Lao_Cai,22.4856,103.9707,23.1,91,5.4,89,1005.2,1
2023-11-08,Lao_Cai,22.4856,103.9707,22.7,94,6.4,88,1002.8,1
2023-11-09,Lao_Cai,22.4856,103.9707,24.4,87,6.0,57,1002.0,1
2023-11-10,Lao_Cai,22.4856,103.9707,25.2,84,5.5,35,1003.3,1
2023-11-11,Lao_Cai,22.4856,103.9707,25.2,87,5.1,60,1004.3,1
2023-11-12,Lao_Cai,22.4856,103.9707,24.6,89,10.2,86,1007.0,1
2023-11-13,Lao_Cai,22.4856,103.9707,20.6,88,9.4,96,1011.7,1
2023-11-14,Lao_Cai,22.4856,103.9707,18.4,83,5.1,87,1011.8,1
2023-11-15,Lao_Cai,22.4856,103.9707,18.1,86,5.0,67,1010.3,0
2023-11-16,Lao_Cai,22.4856,103.9707,19.6,73,12.4,79,1017.2,1
2023-11-17,Lao_Cai,22.4856,103.9707,19.9,55,6.6,58,1015.6,0
2023-11-18,Lao_Cai,22.4856,103.9707,18.9,63,6.9,42,1012.4,0
2023-11-19,Lao_Cai,22.4856,103.9707,20.2,63,8.5,63,1010.2,0
2023-11-20,Lao_Cai,22.4856,103.9707,19.8,72,5.5,26,1008.1,0
2023-11-21,Lao_Cai,22.4856,103.9707,19.6,75,7.9,16,1005.2,0
2023-11-22,Lao_Cai,22.4856,103.9707,19.1,81,5.8,31,1004.9,0
2023-11-23,Lao_Cai,22.4856,103.9707,20.7,75,7.7,38,1006.3,0
2023-11-24,Lao_Cai,22.4856,103.9707,21.9,74,7.4,35,1007.7,0
2023-11-25,Lao_Cai,22.4856,103.9707,21.6,81,7.5,69,1008.1,1
2023-11-26,Lao_Cai,22.4856,103.9707,22.3,74,6.6,74,1009.5,0
2023-11-27,Lao_Cai,22.4856,103.9707,22.5,67,8.1,45,1008.3,0
2023-11-28,Lao_Cai,22.4856,103.9707,21.0,74,7.8,40,1007.3,0
2023-11-29,Lao_Cai,22.4856,103.9707,20.1,73,7.3,65,1006.4,0
2023-11-30,Lao_Cai,22.4856,103.9707,21.2,78,7.6,96,1009.1,0
2023-12-01,Lao_Cai,22.4856,103.9707,20.6,85,8.1,99,1009.9,1
2023-12-02,Lao_Cai,22.4856,103.9707,17.8,91,4.5,100,1010.0,1
2023-12-03,Lao_Cai,22.4856,103.9707,17.3,94,5.6,99,1009.3,1
2023-12-04,Lao_Cai,22.4856,103.9707,18.2,92,5.6,99,1007.2,1
2023-12-05,Lao_Cai,22.4856,103.9707,17.9,93,6.3,99,1004.5,1
2023-12-06,Lao_Cai,22.4856,103.9707,20.0,84,5.2,86,1008.9,1
2023-12-07,Lao_Cai,22.4856,103.9707,19.8,71,6.3,64,1007.8,0
2023-12-08,Lao_Cai,22.4856,103.9707,19.4,78,7.2,74,1003.3,0
2023-12-09,Lao_Cai,22.4856,103.9707,20.5,85,5.8,51,1000.8,1
2023-12-10,Lao_Cai,22.4856,103.9707,21.9,89,7.6,47,999.6,1
2023-12-11,Lao_Cai,22.4856,103.9707,22.4,88,6.5,43,1001.8,1
2023-12-12,Lao_Cai,22.4856,103.9707,23.0,87,7.2,71,1003.7,1
2023-12-13,Lao_Cai,22.4856,103.9707,22.3,95,9.1,79,1004.5,1
2023-12-14,Lao_Cai,22.4856,103.9707,22.2,91,8.9,68,1004.1,1
2023-12-15,Lao_Cai,22.4856,103.9707,22.2,85,6.2,93,1003.4,1
2023-12-16,Lao_Cai,22.4856,103.9707,19.3,79,12.4,91,1008.4,1
2023-12-17,Lao_Cai,22.4856,103.9707,12.7,84,9.4,92,1013.1,0
2023-12-18,Lao_Cai,22.4856,103.9707,10.4,97,7.2,82,1011.0,1
2023-12-19,Lao_Cai,22.4856,103.9707,12.4,97,6.5,100,1011.8,1
2023-12-20,Lao_Cai,22.4856,103.9707,14.3,83,4.6,88,1014.3,1
2023-12-21,Lao_Cai,22.4856,103.9707,14.6,77,6.5,100,1016.0,0
2023-12-22,Lao_Cai,22.4856,103.9707,14.4,63,9.3,80,1018.8,0
2023-12-23,Lao_Cai,22.4856,103.9707,13.9,70,6.9,50,1018.9,0
2023-12-24,Lao_Cai,22.4856,103.9707,14.8,70,9.2,52,1019.0,0
2023-12-25,Lao_Cai,22.4856,103.9707,13.7,74,6.5,46,1015.0,0
2023-12-26,Lao_Cai,22.4856,103.9707,14.5,72,4.3,9,1013.3,0
2023-12-27,Lao_Cai,22.4856,103.9707,14.7,76,5.0,19,1012.5,0
2023-12-28,Lao_Cai,22.4856,103.9707,16.2,77,5.2,6,1010.3,0
2023-12-29,Lao_Cai,22.4856,103.9707,17.1,82,5.4,43,1009.1,0
2023-12-30,Lao_Cai,22.4856,103.9707,18.6,81,5.5,30,1007.5,1
2023-12-31,Lao_Cai,22.4856,103.9707,19.1,85,6.4,39,1006.7,1
2024-01-01,Lao_Cai,22.4856,103.9707,19.3,89,9.1,72,1005.8,1
2024-01-02,Lao_Cai,22.4856,103.9707,19.7,88,6.6,54,1005.0,1
2024-01-03,Lao_Cai,22.4856,103.9707,18.5,86,7.4,75,1009.1,1
2024-01-04,Lao_Cai,22.4856,103.9707,17.0,83,6.6,69,1007.9,0
2024-01-05,Lao_Cai,22.4856,103.9707,17.4,85,7.0,47,1007.0,0
2024-01-06,Lao_Cai,22.4856,103.9707,18.9,87,5.9,70,1007.8,1
2024-01-07,Lao_Cai,22.4856,103.9707,19.3,93,6.1,81,1006.7,1
2024-01-08,Lao_Cai,22.4856,103.9707,19.5,89,6.4,55,1005.0,1
2024-01-09,Lao_Cai,22.4856,103.9707,19.9,89,6.5,69,1004.3,1
2024-01-10,Lao_Cai,22.4856,103.9707,19.0,94,9.0,98,1005.7,1
2024-01-11,Lao_Cai,22.4856,103.9707,17.6,95,4.8,99,1006.7,1
2024-01-12,Lao_Cai,22.4856,103.9707,18.0,94,4.7,91,1006.2,1
2024-01-13,Lao_Cai,22.4856,103.9707,19.2,89,6.4,80,1006.9,1
2024-01-14,Lao_Cai,22.4856,103.9707,19.5,90,10.3,94,1008.3,1
2024-01-15,Lao_Cai,22.4856,103.9707,20.1,92,8.8,87,1008.0,1
2024-01-16,Lao_Cai,22.4856,103.9707,19.4,95,9.8,93,1006.9,1
2024-01-17,Lao_Cai,22.4856,103.9707,19.0,96,6.2,86,1005.4,1
2024-01-18,Lao_Cai,22.4856,103.9707,19.6,87,7.2,77,1003.8,1
2024-01-19,Lao_Cai,22.4856,103.9707,19.2,89,7.4,83,1002.9,1
2024-01-20,Lao_Cai,22.4856,103.9707,20.0,86,10.5,57,1004.1,1
2024-01-21,Lao_Cai,22.4856,103.9707,16.6,94,9.6,97,1007.0,1
2024-01-22,Lao_Cai,22.4856,103.9707,14.0,99,9.2,99,1012.5,1
2024-01-23,Lao_Cai,22.4856,103.9707,10.8,86,6.8,100,1017.3,1
2024-01-24,Lao_Cai,22.4856,103.9707,8.9,90,5.9,99,1017.8,1
2024-01-25,Lao_Cai,22.4856,103.9707,8.5,92,4.9,99,1017.9,1
2024-01-26,Lao_Cai,22.4856,103.9707,9.6,94,6.0,100,1016.7,1
2024-01-27,Lao_Cai,22.4856,103.9707,10.4,92,5.1,99,1015.2,1
2024-01-28,Lao_Cai,22.4856,103.9707,12.2,85,5.1,100,1015.0,1
2024-01-29,Lao_Cai,22.4856,103.9707,12.1,90,5.1,64,1011.5,1
2024-01-30,Lao_Cai,22.4856,103.9707,14.0,89,7.2,54,1007.9,1
2024-01-31,Lao_Cai,22.4856,103.9707,15.8,90,6.4,61,1005.9,0
2024-02-01,Lao_Cai,22.4856,103.9707,18.7,85,9.7,48,1004.9,0
2024-02-02,Lao_Cai,22.4856,103.9707,19.7,85,8.6,48,1003.2,0
2024-02-03,Lao_Cai,22.4856,103.9707,19.8,88,7.2,56,1003.0,1
2024-02-04,Lao_Cai,22.4856,103.9707,21.1,76,10.4,9,1002.5,0
2024-02-05,Lao_Cai,22.4856,103.9707,21.5,79,10.8,50,1003.1,0
2024-02-06,Lao_Cai,22.4856,103.9707,21.2,90,10.5,65,1003.6,1
2024-02-07,Lao_Cai,22.4856,103.9707,19.0,93,14.6,89,1003.4,1
2024-02-08,Lao_Cai,22.4856,103.9707,15.1,90,9.2,98,1006.3,1
2024-02-09,Lao_Cai,22.4856,103.9707,14.0,86,5.6,100,1013.8,1
2024-02-10,Lao_Cai,22.4856,103.9707,15.1,85,4.7,82,1016.9,1
2024-02-11,Lao_Cai,22.4856,103.9707,15.8,73,6.3,42,1015.8,0
2024-02-12,Lao_Cai,22.4856,103.9707,16.1,71,5.1,33,1011.6,0
2024-02-13,Lao_Cai,22.4856,103.9707,16.4,84,7.0,48,1008.7,0
2024-02-14,Lao_Cai,22.4856,103.9707,18.5,90,9.4,92,1006.0,0
2024-02-15,Lao_Cai,22.4856,103.9707,19.6,90,5.5,94,1007.7,1
2024-02-16,Lao_Cai,22.4856,103.9707,19.2,89,8.1,82,1007.6,1
2024-02-17,Lao_Cai,22.4856,103.9707,19.6,89,10.5,79,1002.0,1
2024-02-18,Lao_Cai,22.4856,103.9707,20.8,82,9.2,52,999.9,1
2024-02-19,Lao_Cai,22.4856,103.9707,22.3,71,10.7,37,999.2,0
2024-02-20,Lao_Cai,22.4856,103.9707,23.3,72,10.6,40,996.8,1
2024-02-21,Lao_Cai,22.4856,103.9707,24.1,69,9.4,53,997.5,1
2024-02-22,Lao_Cai,22.4856,103.9707,24.1,68,11.2,70,1000.8,0
2024-02-23,Lao_Cai,22.4856,103.9707,21.0,89,16.0,93,1004.5,1
2024-02-24,Lao_Cai,22.4856,103.9707,16.8,91,8.5,96,1008.3,1
2024-02-25,Lao_Cai,22.4856,103.9707,14.5,93,7.8,90,1009.1,1
2024-02-26,Lao_Cai,22.4856,103.9707,13.3,94,9.2,93,1008.9,1
2024-02-27,Lao_Cai,22.4856,103.9707,13.6,94,8.0,95,1009.2,1
2024-02-28,Lao_Cai,22.4856,103.9707,12.0,96,5.4,79,1005.9,1
2024-02-29,Lao_Cai,22.4856,103.9707,15.0,91,8.3,100,1007.1,1
2024-03-01,Lao_Cai,22.4856,103.9707,14.8,81,6.9,99,1010.5,1
2024-03-02,Lao_Cai,22.4856,103.9707,12.8,85,6.4,88,1010.6,1
2024-03-03,Lao_Cai,22.4856,103.9707,13.0,89,8.0,72,1003.2,1
2024-03-04,Lao_Cai,22.4856,103.9707,18.8,77,8.8,51,995.8,1
2024-03-05,Lao_Cai,22.4856,103.9707,24.1,62,7.6,4,993.2,0
2024-03-06,Lao_Cai,22.4856,103.9707,22.9,70,14.6,9,997.1,0
2024-03-07,Lao_Cai,22.4856,103.9707,21.5,75,8.7,85,1003.6,0
2024-03-08,Lao_Cai,22.4856,103.9707,19.3,79,10.3,98,1005.6,1
2024-03-09,Lao_Cai,22.4856,103.9707,17.5,86,5.9,75,1005.5,1
2024-03-10,Lao_Cai,22.4856,103.9707,17.8,88,4.1,88,1007.1,1
2024-03-11,Lao_Cai,22.4856,103.9707,20.3,78,9.2,45,1009.0,1
2024-03-12,Lao_Cai,22.4856,103.9707,19.8,79,4.9,38,1005.3,0
2024-03-13,Lao_Cai,22.4856,103.9707,19.9,88,7.5,68,1003.0,1
2024-03-14,Lao_Cai,22.4856,103.9707,21.0,89,9.2,79,1002.5,1
2024-03-15,Lao_Cai,22.4856,103.9707,22.1,86,7.8,57,1001.6,1
2024-03-16,Lao_Cai,22.4856,103.9707,22.9,86,9.6,64,1002.8,1
2024-03-17,Lao_Cai,22.4856,103.9707,24.0,89,9.6,87,1002.0,1
2024-03-18,Lao_Cai,22.4856,103.9707,24.6,87,7.5,91,1001.5,1
2024-03-19,Lao_Cai,22.4856,103.9707,21.7,88,8.1,89,1008.4,1
2024-03-20,Lao_Cai,22.4856,103.9707,20.2,75,8.3,79,1010.7,0
2024-03-21,Lao_Cai,22.4856,103.9707,20.1,74,10.6,53,1003.7,0
2024-03-22,Lao_Cai,22.4856,103.9707,20.7,87,9.6,76,997.1,1
2024-03-23,Lao_Cai,22.4856,103.9707,23.2,79,9.4,35,995.9,0
2024-03-24,Lao_Cai,22.4856,103.9707,24.2,81,7.8,52,998.3,1
2024-03-25,Lao_Cai,22.4856,103.9707,25.1,82,8.1,43,1000.4,1
2024-03-26,Lao_Cai,22.4856,103.9707,24.8,86,9.5,82,1003.6,1
2024-03-27,Lao_Cai,22.4856,103.9707,23.2,91,5.9,90,1003.4,1
2024-03-28,Lao_Cai,22.4856,103.9707,23.1,88,11.3,84,1002.1,1
2024-03-29,Lao_Cai,22.4856,103.9707,23.4,84,9.5,67,1002.1,1
2024-03-30,Lao_Cai,22.4856,103.9707,24.4,82,7.6,47,999.5,1
2024-03-31,Lao_Cai,22.4856,103.9707,26.4,75,8.4,70,996.3,0
2024-04-01,Lao_Cai,22.4856,103.9707,27.5,63,9.0,21,992.4,0
2024-04-02,Lao_Cai,22.4856,103.9707,27.4,57,9.4,13,991.1,0
2024-04-03,Lao_Cai,22.4856,103.9707,28.5,56,9.1,4,992.3,0
2024-04-04,Lao_Cai,22.4856,103.9707,28.8,63,9.2,6,993.0,0
2024-04-05,Lao_Cai,22.4856,103.9707,27.0,84,15.8,71,995.7,1
2024-04-06,Lao_Cai,22.4856,103.9707,25.7,89,14.5,81,997.4,1
2024-04-07,Lao_Cai,22.4856,103.9707,25.3,90,14.4,81,996.7,1
2024-04-08,Lao_Cai,22.4856,103.9707,24.1,90,11.3,84,1000.8,1
2024-04-09,Lao_Cai,22.4856,103.9707,23.1,87,9.7,97,1003.7,1
2024-04-10,Lao_Cai,22.4856,103.9707,23.3,86,8.2,99,1003.1,1
2024-04-11,Lao_Cai,22.4856,103.9707,24.0,89,8.4,86,1002.4,1
2024-04-12,Lao_Cai,22.4856,103.9707,25.7,87,7.0,96,1000.0,0
2024-04-13,Lao_Cai,22.4856,103.9707,26.6,86,12.9,62,997.0,0
2024-04-14,Lao_Cai,22.4856,103.9707,27.0,83,13.6,55,997.0,1
2024-04-15,Lao_Cai,22.4856,103.9707,26.7,87,8.0,84,998.2,1
2024-04-16,Lao_Cai,22.4856,103.9707,27.2,81,8.0,65,996.1,1
2024-04-17,Lao_Cai,22.4856,103.9707,27.0,85,9.4,78,995.4,1
2024-04-18,Lao_Cai,22.4856,103.9707,27.1,77,10.6,29,993.1,0
2024-04-19,Lao_Cai,22.4856,103.9707,27.7,75,9.4,72,990.7,0
2024-04-20,Lao_Cai,22.4856,103.9707,28.1,66,7.2,38,990.2,1
2024-04-21,Lao_Cai,22.4856,103.9707,26.9,73,17.1,19,993.2,0
2024-04-22,Lao_Cai,22.4856,103.9707,26.4,84,13.8,73,994.9,1
2024-04-23,Lao_Cai,22.4856,103.9707,27.3,82,11.3,64,995.5,1
2024-04-24,Lao_Cai,22.4856,103.9707,26.8,83,13.0,65,995.7,1
2024-04-25,Lao_Cai,22.4856,103.9707,28.4,75,9.4,18,992.4,0
2024-04-26,Lao_Cai,22.4856,103.9707,30.4,57,7.7,2,989.7,0
2024-04-27,Lao_Cai,22.4856,103.9707,30.4,52,6.5,2,988.7,0
2024-04-28,Lao_Cai,22.4856,103.9707,31.2,47,10.0,1,990.6,0
2024-04-29,Lao_Cai,22.4856,103.9707,31.4,54,8.0,36,990.4,0
2024-04-30,Lao_Cai,22.4856,103.9707,31.5,45,7.2,15,988.1,0
2024-05-01,Lao_Cai,22.4856,103.9707,27.8,70,9.6,57,994.3,1
2024-05-02,Lao_Cai,22.4856,103.9707,25.7,85,14.9,86,996.9,1
2024-05-03,Lao_Cai,22.4856,103.9707,26.0,82,13.2,66,996.4,1
2024-05-04,Lao_Cai,22.4856,103.9707,27.9,71,10.4,32,993.7,0
2024-05-05,Lao_Cai,22.4856,103.9707,26.3,80,12.3,81,997.5,1
2024-05-06,Lao_Cai,22.4856,103.9707,25.4,89,11.1,86,999.9,1
2024-05-07,Lao_Cai,22.4856,103.9707,26.9,82,10.9,88,1001.5,1
2024-05-08,Lao_Cai,22.4856,103.9707,25.0,93,8.4,95,1001.4,1
2024-05-09,Lao_Cai,22.4856,103.9707,24.8,91,4.5,92,1001.7,1
2024-05-10,Lao_Cai,22.4856,103.9707,26.2,86,9.0,76,999.6,1
2024-05-11,Lao_Cai,22.4856,103.9707,27.5,81,7.3,49,999.3,1
2024-05-12,Lao_Cai,22.4856,103.9707,26.5,85,7.3,62,1000.5,1
2024-05-13,Lao_Cai,22.4856,103.9707,25.9,87,7.0,62,1001.9,1
2024-05-14,Lao_Cai,22.4856,103.9707,27.4,79,9.4,44,999.9,1
2024-05-15,Lao_Cai,22.4856,103.9707,26.2,89,10.5,77,1001.5,1
2024-05-16,Lao_Cai,22.4856,103.9707,25.1,87,11.0,89,1002.9,1
2024-05-17,Lao_Cai,22.4856,103.9707,25.9,78,12.5,92,999.1,1
2024-05-18,Lao_Cai,22.4856,103.9707,27.3,86,10.2,96,993.6,1
2024-05-19,Lao_Cai,22.4856,103.9707,27.0,90,11.0,75,992.8,1
2024-05-20,Lao_Cai,22.4856,103.9707,27.8,79,8.7,85,996.3,1
2024-05-21,Lao_Cai,22.4856,103.9707,29.0,65,7.9,87,997.5,1
2024-05-22,Lao_Cai,22.4856,103.9707,27.1,79,8.7,74,998.8,1
2024-05-23,Lao_Cai,22.4856,103.9707,27.9,71,8.6,64,997.5,0
2024-05-24,Lao_Cai,22.4856,103.9707,28.1,77,8.9,46,997.0,0
2024-05-25,Lao_Cai,22.4856,103.9707,26.0,93,6.6,96,996.6,1
2024-05-26,Lao_Cai,22.4856,103.9707,27.6,86,8.4,82,994.0,1
2024-05-27,Lao_Cai,22.4856,103.9707,30.4,77,8.0,81,990.4,1
2024-05-28,Lao_Cai,22.4856,103.9707,29.5,80,11.2,100,990.8,1
2024-05-29,Lao_Cai,22.4856,103.9707,31.2,75,9.2,97,989.5,1
2024-05-30,Lao_Cai,22.4856,103.9707,28.9,85,8.9,97,992.4,1
2024-05-31,Lao_Cai,22.4856,103.9707,28.2,79,6.7,92,996.0,1
2024-06-01,Lao_Cai,22.4856,103.9707,29.9,72,9.5,68,996.8,1
2024-06-02,Lao_Cai,22.4856,103.9707,28.9,80,9.1,89,995.5,1
2024-06-03,Lao_Cai,22.4856,103.9707,29.3,81,8.9,99,993.3,1
2024-06-04,Lao_Cai,22.4856,103.9707,28.3,87,12.5,96,994.0,1
2024-06-05,Lao_Cai,22.4856,103.9707,25.9,97,4.2,100,997.6,1
2024-06-06,Lao_Cai,22.4856,103.9707,26.7,90,7.1,100,997.6,1
2024-06-07,Lao_Cai,22.4856,103.9707,27.0,90,6.2,100,994.5,1
2024-06-08,Lao_Cai,22.4856,103.9707,26.4,94,8.9,100,992.8,1
2024-06-09,Lao_Cai,22.4856,103.9707,26.1,95,5.0,100,993.6,1
2024-06-10,Lao_Cai,22.4856,103.9707,26.1,94,7.3,90,995.0,1
2024-06-11,Lao_Cai,22.4856,103.9707,27.8,87,9.8,92,994.2,1
2024-06-12,Lao_Cai,22.4856,103.9707,28.6,84,8.1,95,993.6,0
2024-06-13,Lao_Cai,22.4856,103.9707,29.9,80,8.9,94,990.7,1
2024-06-14,Lao_Cai,22.4856,103.9707,31.6,70,9.2,100,989.3,0
2024-06-15,Lao_Cai,22.4856,103.9707,29.4,81,6.6,90,991.4,1
2024-06-16,Lao_Cai,22.4856,103.9707,29.8,79,10.2,89,991.9,1
2024-06-17,Lao_Cai,22.4856,103.9707,30.0,79,9.1,100,991.3,1
2024-06-18,Lao_Cai,22.4856,103.9707,29.6,78,9.6,100,990.5,1
2024-06-19,Lao_Cai,22.4856,103.9707,29.9,79,9.8,100,989.8,1
2024-06-20,Lao_Cai,22.4856,103.9707,30.6,73,11.0,100,989.7,0
2024-06-21,Lao_Cai,22.4856,103.9707,29.3,81,12.4,100,990.9,1
2024-06-22,Lao_Cai,22.4856,103.9707,28.3,87,9.3,100,992.5,1
2024-06-23,Lao_Cai,22.4856,103.9707,28.6,86,6.0,96,992.8,1
2024-06-24,Lao_Cai,22.4856,103.9707,27.7,88,10.8,100,993.4,1
2024-06-25,Lao_Cai,22.4856,103.9707,26.1,96,4.3,100,995.2,1
2024-06-26,Lao_Cai,22.4856,103.9707,26.0,95,6.6,93,997.5,1
2024-06-27,Lao_Cai,22.4856,103.9707,26.8,91,10.1,87,997.9,1
2024-06-28,Lao_Cai,22.4856,103.9707,27.6,89,11.6,95,994.3,1
2024-06-29,Lao_Cai,22.4856,103.9707,30.1,79,10.6,96,992.0,1
2024-06-30,Lao_Cai,22.4856,103.9707,31.4,70,7.9,100,990.7,1
2024-07-01,Lao_Cai,22.4856,103.9707,32.2,68,9.0,98,988.8,0
2024-07-02,Lao_Cai,22.4856,103.9707,28.7,87,5.6,100,991.5,1
2024-07-03,Lao_Cai,22.4856,103.9707,26.5,94,11.2,100,995.9,1
2024-07-04,Lao_Cai,22.4856,103.9707,26.6,92,8.7,100,998.1,1
2024-07-05,Lao_Cai,22.4856,103.9707,27.1,90,10.4,96,995.3,1
2024-07-06,Lao_Cai,22.4856,103.9707,27.6,89,8.0,72,994.5,1
2024-07-07,Lao_Cai,22.4856,103.9707,27.7,87,10.8,69,995.0,1
2024-07-08,Lao_Cai,22.4856,103.9707,28.3,85,12.1,90,993.9,1
2024-07-09,Lao_Cai,22.4856,103.9707,28.8,83,10.8,80,993.5,1
2024-07-10,Lao_Cai,22.4856,103.9707,27.8,89,10.2,83,994.3,1
2024-07-11,Lao_Cai,22.4856,103.9707,28.1,87,8.7,97,992.6,1
2024-07-12,Lao_Cai,22.4856,103.9707,28.6,86,8.3,99,990.7,1
2024-07-13,Lao_Cai,22.4856,103.9707,27.6,90,11.0,99,990.7,1
2024-07-14,Lao_Cai,22.4856,103.9707,26.9,92,8.9,100,993.9,1
2024-07-15,Lao_Cai,22.4856,103.9707,28.6,82,9.6,66,996.2,1
2024-07-16,Lao_Cai,22.4856,103.9707,28.4,82,10.4,88,996.1,1
2024-07-17,Lao_Cai,22.4856,103.9707,29.0,78,9.4,93,994.9,1
2024-07-18,Lao_Cai,22.4856,103.9707,27.6,87,10.4,99,994.5,1
2024-07-19,Lao_Cai,22.4856,103.9707,27.6,89,10.5,94,993.5,1
2024-07-20,Lao_Cai,22.4856,103.9707,26.8,95,6.5,98,994.7,1
2024-07-21,Lao_Cai,22.4856,103.9707,26.6,94,4.9,75,995.2,1
2024-07-22,Lao_Cai,22.4856,103.9707,29.5,77,7.9,53,992.6,1
2024-07-23,Lao_Cai,22.4856,103.9707,30.6,74,10.2,85,987.7,1
2024-07-24,Lao_Cai,22.4856,103.9707,29.1,84,9.7,83,986.0,1
2024-07-25,Lao_Cai,22.4856,103.9707,30.7,77,8.4,35,985.4,1
2024-07-26,Lao_Cai,22.4856,103.9707,32.8,64,7.9,73,985.7,0
2024-07-27,Lao_Cai,22.4856,103.9707,32.8,69,10.2,94,988.6,1
2024-07-28,Lao_Cai,22.4856,103.9707,28.6,91,8.0,100,991.5,1
2024-07-29,Lao_Cai,22.4856,103.9707,26.6,95,5.1,100,991.2,1
2024-07-30,Lao_Cai,22.4856,103.9707,25.7,99,4.3,100,991.4,1
2024-07-31,Lao_Cai,22.4856,103.9707,25.8,96,6.5,100,992.3,1
2024-08-01,Lao_Cai,22.4856,103.9707,25.0,99,4.5,100,993.0,1
2024-08-02,Lao_Cai,22.4856,103.9707,26.5,91,8.2,98,992.2,1
2024-08-03,Lao_Cai,22.4856,103.9707,26.1,95,7.0,97,994.6,1
2024-08-04,Lao_Cai,22.4856,103.9707,26.3,92,6.3,98,996.6,1
2024-08-05,Lao_Cai,22.4856,103.9707,27.2,88,6.1,72,996.0,1
2024-08-06,Lao_Cai,22.4856,103.9707,28.3,83,6.6,76,994.9,1
2024-08-07,Lao_Cai,22.4856,103.9707,28.5,83,8.1,65,995.0,1
2024-08-08,Lao_Cai,22.4856,103.9707,29.0,82,9.9,56,994.3,1
2024-08-09,Lao_Cai,22.4856,103.9707,30.6,73,10.1,31,991.6,0
2024-08-10,Lao_Cai,22.4856,103.9707,31.0,72,7.3,53,990.6,0
2024-08-11,Lao_Cai,22.4856,103.9707,28.7,85,6.1,100,991.9,1
2024-08-12,Lao_Cai,22.4856,103.9707,26.5,94,8.2,100,992.3,1
2024-08-13,Lao_Cai,22.4856,103.9707,27.7,86,4.2,97,995.0,1
2024-08-14,Lao_Cai,22.4856,103.9707,28.3,83,6.1,98,995.6,1
2024-08-15,Lao_Cai,22.4856,103.9707,30.3,68,11.9,69,994.2,0
2024-08-16,Lao_Cai,22.4856,103.9707,29.9,73,9.7,79,994.3,1
2024-08-17,Lao_Cai,22.4856,103.9707,29.6,78,12.0,83,995.7,1
2024-08-18,Lao_Cai,22.4856,103.9707,29.6,78,9.8,83,995.6,1
2024-08-19,Lao_Cai,22.4856,103.9707,29.6,81,6.6,95,993.9,1
2024-08-20,Lao_Cai,22.4856,103.9707,29.9,78,10.2,81,994.0,1
2024-08-21,Lao_Cai,22.4856,103.9707,27.0,92,5.9,100,995.9,1
2024-08-22,Lao_Cai,22.4856,103.9707,26.1,95,6.2,99,997.1,1
2024-08-23,Lao_Cai,22.4856,103.9707,26.0,96,6.5,100,998.5,1
2024-08-24,Lao_Cai,22.4856,103.9707,26.5,92,5.8,99,997.6,1
2024-08-25,Lao_Cai,22.4856,103.9707,25.3,96,7.3,98,996.9,1
2024-08-26,Lao_Cai,22.4856,103.9707,27.1,88,5.1,80,996.5,1
2024-08-27,Lao_Cai,22.4856,103.9707,27.8,84,5.9,63,996.2,1
2024-08-28,Lao_Cai,22.4856,103.9707,29.9,75,6.9,53,994.3,1
2024-08-29,Lao_Cai,22.4856,103.9707,30.0,76,5.0,68,993.9,1
2024-08-30,Lao_Cai,22.4856,103.9707,28.3,86,4.3,92,995.2,1
2024-08-31,Lao_Cai,22.4856,103.9707,27.5,86,5.1,75,997.1,1
2024-09-01,Lao_Cai,22.4856,103.9707,28.5,82,6.8,90,997.6,1
2024-09-02,Lao_Cai,22.4856,103.9707,28.8,83,6.4,98,997.9,1
2024-09-03,Lao_Cai,22.4856,103.9707,29.3,80,5.9,72,997.3,0
2024-09-04,Lao_Cai,22.4856,103.9707,29.4,79,5.9,69,993.7,1
2024-09-05,Lao_Cai,22.4856,103.9707,31.3,66,9.5,15,992.2,0
2024-09-06,Lao_Cai,22.4856,103.9707,31.1,68,6.6,42,991.8,1
2024-09-07,Lao_Cai,22.4856,103.9707,27.2,89,11.1,100,991.1,1
2024-09-08,Lao_Cai,22.4856,103.9707,25.5,99,8.7,100,990.3,1
2024-09-09,Lao_Cai,22.4856,103.9707,24.8,100,6.9,100,992.8,1
2024-09-10,Lao_Cai,22.4856,103.9707,24.9,98,5.4,100,996.7,1
2024-09-11,Lao_Cai,22.4856,103.9707,26.0,89,12.2,100,998.5,1
2024-09-12,Lao_Cai,22.4856,103.9707,27.5,80,7.0,95,997.7,1
2024-09-13,Lao_Cai,22.4856,103.9707,28.1,78,4.6,86,995.5,1
2024-09-14,Lao_Cai,22.4856,103.9707,30.0,70,7.0,38,992.9,0
2024-09-15,Lao_Cai,22.4856,103.9707,30.0,72,8.7,59,992.3,1
2024-09-16,Lao_Cai,22.4856,103.9707,27.6,85,7.1,71,995.7,1
2024-09-17,Lao_Cai,22.4856,103.9707,27.3,85,10.2,88,997.0,1
2024-09-18,Lao_Cai,22.4856,103.9707,28.4,79,7.5,46,995.6,1
2024-09-19,Lao_Cai,22.4856,103.9707,29.0,72,6.5,24,994.3,1
2024-09-20,Lao_Cai,22.4856,103.9707,28.4,75,12.1,96,994.5,1
2024-09-21,Lao_Cai,22.4856,103.9707,28.7,74,11.5,94,995.4,1
2024-09-22,Lao_Cai,22.4856,103.9707,26.7,87,9.0,100,997.4,1
2024-09-23,Lao_Cai,22.4856,103.9707,27.9,71,8.0,92,999.6,1
2024-09-24,Lao_Cai,22.4856,103.9707,28.2,66,8.7,51,999.6,0
2024-09-25,Lao_Cai,22.4856,103.9707,28.0,70,7.8,73,1000.3,0
2024-09-26,Lao_Cai,22.4856,103.9707,27.7,75,8.6,62,1000.4,0
2024-09-27,Lao_Cai,22.4856,103.9707,27.6,81,8.3,66,999.4,1
2024-09-28,Lao_Cai,22.4856,103.9707,27.9,84,8.1,78,996.8,1
2024-09-29,Lao_Cai,22.4856,103.9707,26.9,92,9.5,99,995.8,1
2024-09-30,Lao_Cai,22.4856,103.9707,26.2,93,7.5,100,996.1,1
2024-10-01,Lao_Cai,22.4856,103.9707,24.8,82,12.1,100,1001.8,1
2024-10-02,Lao_Cai,22.4856,103.9707,25.2,65,7.4,90,1005.0,0
2024-10-03,Lao_Cai,22.4856,103.9707,25.3,71,7.8,67,1005.0,0
2024-10-04,Lao_Cai,22.4856,103.9707,24.8,69,5.8,65,1004.8,0
2024-10-05,Lao_Cai,22.4856,103.9707,25.1,70,6.9,8,1003.9,0
2024-10-06,Lao_Cai,22.4856,103.9707,25.7,67,8.1,15,1004.7,0
2024-10-07,Lao_Cai,22.4856,103.9707,26.1,66,6.4,8,1005.8,0
2024-10-08,Lao_Cai,22.4856,103.9707,26.5,68,5.5,40,1004.8,0
2024-10-09,Lao_Cai,22.4856,103.9707,26.1,74,7.0,53,1003.7,0
2024-10-10,Lao_Cai,22.4856,103.9707,26.1,77,7.3,78,1002.7,0
2024-10-11,Lao_Cai,22.4856,103.9707,26.1,76,7.0,67,1002.2,0
2024-10-12,Lao_Cai,22.4856,103.9707,25.6,77,7.6,76,1002.7,0
2024-10-13,Lao_Cai,22.4856,103.9707,25.9,81,8.5,71,1002.4,1
2024-10-14,Lao_Cai,22.4856,103.9707,24.9,92,5.4,81,1002.2,1
2024-10-15,Lao_Cai,22.4856,103.9707,24.5,90,6.0,69,1002.7,1
2024-10-16,Lao_Cai,22.4856,103.9707,24.1,94,6.9,93,1003.3,1
2024-10-17,Lao_Cai,22.4856,103.9707,25.0,89,5.9,64,1001.2,1
2024-10-18,Lao_Cai,22.4856,103.9707,25.7,86,7.2,58,1000.7,1
2024-10-19,Lao_Cai,22.4856,103.9707,26.0,86,6.0,59,1003.1,1
2024-10-20,Lao_Cai,22.4856,103.9707,25.9,86,5.9,81,1005.3,1
2024-10-21,Lao_Cai,22.4856,103.9707,26.0,85,7.1,65,1004.3,1
2024-10-22,Lao_Cai,22.4856,103.9707,26.0,84,8.1,77,1005.4,1
2024-10-23,Lao_Cai,22.4856,103.9707,26.4,73,12.7,41,1005.5,0
2024-10-24,Lao_Cai,22.4856,103.9707,26.1,68,8.3,62,1002.3,0
2024-10-25,Lao_Cai,22.4856,103.9707,26.2,70,6.0,68,999.9,0
2024-10-26,Lao_Cai,22.4856,103.9707,27.3,59,9.3,73,999.1,0
2024-10-27,Lao_Cai,22.4856,103.9707,25.8,51,10.9,100,1001.0,0
2024-10-28,Lao_Cai,22.4856,103.9707,25.7,59,6.7,52,1001.3,0
2024-10-29,Lao_Cai,22.4856,103.9707,25.3,63,8.1,19,1000.9,0
2024-10-30,Lao_Cai,22.4856,103.9707,25.7,67,6.3,8,1001.4,0
2024-10-31,Lao_Cai,22.4856,103.9707,25.7,74,7.6,21,1000.1,0
2024-11-01,Lao_Cai,22.4856,103.9707,26.3,74,10.2,27,1002.8,1
2024-11-02,Lao_Cai,22.4856,103.9707,25.4,71,10.8,35,1006.6,1
2024-11-03,Lao_Cai,22.4856,103.9707,23.9,66,7.3,2,1007.0,0
2024-11-04,Lao_Cai,22.4856,103.9707,24.2,63,8.1,14,1007.5,0
2024-11-05,Lao_Cai,22.4856,103.9707,23.6,70,9.6,56,1009.0,1
2024-11-06,Lao_Cai,22.4856,103.9707,22.8,75,4.8,83,1009.7,1
2024-11-07,Lao_Cai,22.4856,103.9707,23.2,66,9.6,92,1009.1,0
2024-11-08,Lao_Cai,22.4856,103.9707,22.7,67,6.8,48,1007.6,0
2024-11-09,Lao_Cai,22.4856,103.9707,23.8,70,6.1,51,1005.1,0
2024-11-10,Lao_Cai,22.4856,103.9707,24.3,72,5.9,14,1005.2,0
2024-11-11,Lao_Cai,22.4856,103.9707,24.7,71,4.9,24,1004.1,0
2024-11-12,Lao_Cai,22.4856,103.9707,24.8,72,4.4,38,1002.1,0
2024-11-13,Lao_Cai,22.4856,103.9707,25.1,75,5.3,23,1000.5,0
2024-11-14,Lao_Cai,22.4856,103.9707,24.6,79,5.4,38,1000.1,1
2024-11-15,Lao_Cai,22.4856,103.9707,24.5,67,6.0,25,999.3,1
2024-11-16,Lao_Cai,22.4856,103.9707,24.4,60,5.9,23,1000.7,0
2024-11-17,Lao_Cai,22.4856,103.9707,24.2,66,6.3,23,1003.4,1
2024-11-18,Lao_Cai,22.4856,103.9707,24.1,75,8.3,34,1005.8,1
2024-11-19,Lao_Cai,22.4856,103.9707,23.6,79,6.1,59,1007.4,1
2024-11-20,Lao_Cai,22.4856,103.9707,23.0,73,9.4,65,1007.4,1
2024-11-21,Lao_Cai,22.4856,103.9707,22.1,69,5.9,55,1007.6,0
2024-11-22,Lao_Cai,22.4856,103.9707,21.5,69,6.4,45,1008.0,0
2024-11-23,Lao_Cai,22.4856,103.9707,20.4,73,6.9,69,1008.0,0
2024-11-24,Lao_Cai,22.4856,103.9707,19.8,82,6.3,89,1007.0,1
2024-11-25,Lao_Cai,22.4856,103.9707,20.7,88,6.1,68,1006.7,1
2024-11-26,Lao_Cai,22.4856,103.9707,20.3,81,7.2,89,1008.7,1
2024-11-27,Lao_Cai,22.4856,103.9707,19.2,77,6.9,100,1010.7,1
2024-11-28,Lao_Cai,22.4856,103.9707,18.6,70,5.1,95,1013.7,0
2024-11-29,Lao_Cai,22.4856,103.9707,19.0,66,5.6,64,1011.0,0
2024-11-30,Lao_Cai,22.4856,103.9707,17.6,71,5.9,51,1006.1,0
2024-12-01,Lao_Cai,22.4856,103.9707,17.9,77,8.4,21,1002.3,0
2024-12-02,Lao_Cai,22.4856,103.9707,18.5,84,5.4,78,1003.3,0
2024-12-03,Lao_Cai,22.4856,103.9707,20.2,88,4.1,95,1003.2,1
2024-12-04,Lao_Cai,22.4856,103.9707,21.0,93,11.1,96,1003.2,1
2024-12-05,Lao_Cai,22.4856,103.9707,20.1,89,8.4,99,1004.0,1
2024-12-06,Lao_Cai,22.4856,103.9707,19.2,96,5.3,100,1003.7,1
2024-12-07,Lao_Cai,22.4856,103.9707,18.3,92,6.0,100,1007.2,1
2024-12-08,Lao_Cai,22.4856,103.9707,16.1,88,8.1,99,1010.4,1
2024-12-09,Lao_Cai,22.4856,103.9707,13.9,92,5.7,96,1007.7,0
2024-12-10,Lao_Cai,22.4856,103.9707,14.7,98,7.1,97,1004.0,1
2024-12-11,Lao_Cai,22.4856,103.9707,17.8,92,11.3,100,1005.6,1
2024-12-12,Lao_Cai,22.4856,103.9707,15.5,89,6.6,95,1007.5,1
2024-12-13,Lao_Cai,22.4856,103.9707,16.2,89,7.8,100,1010.4,1
2024-12-14,Lao_Cai,22.4856,103.9707,15.6,79,8.8,100,1014.9,1
2024-12-15,Lao_Cai,22.4856,103.9707,14.3,74,4.9,62,1015.6,1
2024-12-16,Lao_Cai,22.4856,103.9707,14.1,80,3.1,27,1012.6,0
2024-12-17,Lao_Cai,22.4856,103.9707,14.3,78,5.7,61,1009.6,0
2024-12-18,Lao_Cai,22.4856,103.9707,17.2,71,6.1,90,1010.9,0
2024-12-19,Lao_Cai,22.4856,103.9707,17.3,66,6.8,53,1010.6,0
2024-12-20,Lao_Cai,22.4856,103.9707,15.2,74,6.3,68,1008.2,0
2024-12-21,Lao_Cai,22.4856,103.9707,15.0,85,3.9,95,1010.1,1
2024-12-22,Lao_Cai,22.4856,103.9707,15.9,78,6.5,89,1009.6,0
2024-12-23,Lao_Cai,22.4856,103.9707,15.8,76,6.1,84,1009.1,0
2024-12-24,Lao_Cai,22.4856,103.9707,14.8,77,4.6,87,1010.4,0
2024-12-25,Lao_Cai,22.4856,103.9707,15.3,75,4.2,33,1009.6,0
2024-12-26,Lao_Cai,22.4856,103.9707,16.5,77,7.1,48,1011.6,0
2024-12-27,Lao_Cai,22.4856,103.9707,17.5,81,5.7,93,1013.4,1
2024-12-28,Lao_Cai,22.4856,103.9707,16.5,84,5.8,86,1015.4,1
2024-12-29,Lao_Cai,22.4856,103.9707,15.4,78,4.2,63,1010.1,0
2024-12-30,Lao_Cai,22.4856,103.9707,14.3,84,8.3,61,1010.2,0
2024-12-31,Lao_Cai,22.4856,103.9707,16.1,87,6.7,100,1010.6,1
2025-01-01,Lao_Cai,22.4856,103.9707,15.7,85,4.2,39,1006.6,0
2025-01-02,Lao_Cai,22.4856,103.9707,17.0,82,4.6,90,1008.2,1
2025-01-03,Lao_Cai,22.4856,103.9707,19.1,73,6.6,37,1009.5,0
2025-01-04,Lao_Cai,22.4856,103.9707,17.8,73,7.0,61,1007.7,0
2025-01-05,Lao_Cai,22.4856,103.9707,18.2,71,4.5,54,1009.9,1
2025-01-06,Lao_Cai,22.4856,103.9707,15.5,78,6.2,42,1007.0,0
2025-01-07,Lao_Cai,22.4856,103.9707,14.6,86,6.8,76,1006.7,1
2025-01-08,Lao_Cai,22.4856,103.9707,15.7,90,5.8,91,1007.2,1
2025-01-09,Lao_Cai,22.4856,103.9707,16.7,87,5.7,96,1010.5,1
2025-01-10,Lao_Cai,22.4856,103.9707,14.7,75,5.6,99,1016.8,1
2025-01-11,Lao_Cai,22.4856,103.9707,14.0,66,6.1,71,1020.0,1
2025-01-12,Lao_Cai,22.4856,103.9707,13.0,66,8.7,1,1015.3,0
2025-01-13,Lao_Cai,22.4856,103.9707,13.3,66,7.5,1,1010.6,0
2025-01-14,Lao_Cai,22.4856,103.9707,14.0,69,4.9,0,1010.5,0
2025-01-15,Lao_Cai,22.4856,103.9707,16.1,68,8.1,28,1014.1,0
2025-01-16,Lao_Cai,22.4856,103.9707,16.2,64,6.7,24,1013.9,0
2025-01-17,Lao_Cai,22.4856,103.9707,15.5,66,9.4,18,1009.4,0
2025-01-18,Lao_Cai,22.4856,103.9707,13.5,81,8.1,73,1008.5,0
2025-01-19,Lao_Cai,22.4856,103.9707,15.0,78,4.8,39,1006.6,0
2025-01-20,Lao_Cai,22.4856,103.9707,15.1,75,7.1,54,1005.2,0
2025-01-21,Lao_Cai,22.4856,103.9707,15.6,79,6.9,82,1004.1,0
2025-01-22,Lao_Cai,22.4856,103.9707,15.5,86,7.2,80,1004.7,1
2025-01-23,Lao_Cai,22.4856,103.9707,15.7,96,5.6,97,1003.5,1
2025-01-24,Lao_Cai,22.4856,103.9707,17.6,91,9.9,64,999.6,1
2025-01-25,Lao_Cai,22.4856,103.9707,18.6,92,6.2,70,1001.5,1
2025-01-26,Lao_Cai,22.4856,103.9707,16.1,72,13.6,100,1013.5,1
2025-01-27,Lao_Cai,22.4856,103.9707,13.5,66,7.9,77,1013.1,1
2025-01-28,Lao_Cai,22.4856,103.9707,12.7,69,6.2,78,1014.2,1
2025-01-29,Lao_Cai,22.4856,103.9707,11.7,71,5.0,50,1012.8,1
2025-01-30,Lao_Cai,22.4856,103.9707,12.4,81,5.5,65,1005.4,1
2025-01-31,Lao_Cai,22.4856,103.9707,15.1,89,6.3,72,1002.0,1
2025-02-01,Lao_Cai,22.4856,103.9707,17.4,90,8.1,89,999.9,0
2025-02-02,Lao_Cai,22.4856,103.9707,19.0,88,13.2,92,1000.8,1
2025-02-03,Lao_Cai,22.4856,103.9707,16.5,89,10.0,99,1009.3,1
2025-02-04,Lao_Cai,22.4856,103.9707,15.5,68,7.3,89,1010.7,0
2025-02-05,Lao_Cai,22.4856,103.9707,12.8,84,7.7,97,1006.1,1
2025-02-06,Lao_Cai,22.4856,103.9707,12.7,97,6.7,100,1005.0,1
2025-02-07,Lao_Cai,22.4856,103.9707,14.8,86,6.5,99,1010.3,1
2025-02-08,Lao_Cai,22.4856,103.9707,13.6,78,8.8,100,1013.3,1
2025-02-09,Lao_Cai,22.4856,103.9707,12.0,79,8.4,94,1012.3,1
2025-02-10,Lao_Cai,22.4856,103.9707,10.5,88,7.8,72,1009.6,1
2025-02-11,Lao_Cai,22.4856,103.9707,12.5,92,7.0,57,1006.1,1
2025-02-12,Lao_Cai,22.4856,103.9707,16.4,90,5.2,76,1006.1,0
2025-02-13,Lao_Cai,22.4856,103.9707,17.8,89,7.5,91,1006.3,1
2025-02-14,Lao_Cai,22.4856,103.9707,16.8,94,7.1,88,1004.0,1
2025-02-15,Lao_Cai,22.4856,103.9707,17.9,94,7.3,83,1002.1,1
2025-02-16,Lao_Cai,22.4856,103.9707,18.8,87,14.6,97,1004.9,1
2025-02-17,Lao_Cai,22.4856,103.9707,16.2,92,5.8,86,1007.9,1
2025-02-18,Lao_Cai,22.4856,103.9707,17.0,90,7.5,95,1008.5,1
2025-02-19,Lao_Cai,22.4856,103.9707,16.3,92,7.9,90,1007.6,1
2025-02-20,Lao_Cai,22.4856,103.9707,18.0,90,7.6,84,1007.5,1
2025-02-21,Lao_Cai,22.4856,103.9707,18.8,95,9.6,93,1007.9,1
2025-02-22,Lao_Cai,22.4856,103.9707,17.7,91,6.6,85,1009.1,1
2025-02-23,Lao_Cai,22.4856,103.9707,18.1,88,8.8,98,1013.0,1
2025-02-24,Lao_Cai,22.4856,103.9707,14.6,86,9.4,98,1016.1,1
2025-02-25,Lao_Cai,22.4856,103.9707,14.1,87,6.9,97,1014.2,1
2025-02-26,Lao_Cai,22.4856,103.9707,15.1,90,4.4,75,1011.1,1
2025-02-27,Lao_Cai,22.4856,103.9707,17.4,87,7.6,62,1005.5,1
2025-02-28,Lao_Cai,22.4856,103.9707,18.2,90,9.3,90,1003.0,1
2025-03-01,Lao_Cai,22.4856,103.9707,20.5,89,11.6,62,999.3,1
2025-03-02,Lao_Cai,22.4856,103.9707,22.0,88,10.0,59,997.2,1
2025-03-03,Lao_Cai,22.4856,103.9707,24.2,78,9.1,42,996.5,1
2025-03-04,Lao_Cai,22.4856,103.9707,24.7,74,10.4,42,995.1,1
2025-03-05,Lao_Cai,22.4856,103.9707,23.6,86,16.7,74,997.3,1
2025-03-06,Lao_Cai,22.4856,103.9707,18.6,82,12.7,95,1007.4,1
2025-03-07,Lao_Cai,22.4856,103.9707,16.5,68,7.8,84,1009.6,0
2025-03-08,Lao_Cai,22.4856,103.9707,14.7,77,6.2,77,1008.8,1
2025-03-09,Lao_Cai,22.4856,103.9707,15.1,88,5.9,74,1009.1,1
2025-03-10,Lao_Cai,22.4856,103.9707,18.0,89,6.8,66,1007.8,1
2025-03-11,Lao_Cai,22.4856,103.9707,20.0,90,7.9,77,1002.9,1
2025-03-12,Lao_Cai,22.4856,103.9707,22.0,89,6.2,67,999.9,1
2025-03-13,Lao_Cai,22.4856,103.9707,23.7,85,11.9,58,999.0,1
2025-03-14,Lao_Cai,22.4856,103.9707,24.1,82,10.0,35,999.3,1
2025-03-15,Lao_Cai,22.4856,103.9707,24.1,84,13.9,78,1001.7,1
2025-03-16,Lao_Cai,22.4856,103.9707,19.6,68,11.2,88,1008.3,1
2025-03-17,Lao_Cai,22.4856,103.9707,16.9,61,8.4,90,1009.3,0
2025-03-18,Lao_Cai,22.4856,103.9707,15.6,76,6.7,99,1013.4,1
2025-03-19,Lao_Cai,22.4856,103.9707,16.6,63,8.1,91,1015.2,0
2025-03-20,Lao_Cai,22.4856,103.9707,18.5,59,7.9,42,1013.2,0
2025-03-21,Lao_Cai,22.4856,103.9707,19.6,62,5.2,27,1010.5,0
2025-03-22,Lao_Cai,22.4856,103.9707,19.5,63,4.7,19,1008.1,0
2025-03-23,Lao_Cai,22.4856,103.9707,21.0,64,5.4,5,1005.3,0
2025-03-24,Lao_Cai,22.4856,103.9707,22.8,75,6.1,40,1002.0,1
2025-03-25,Lao_Cai,22.4856,103.9707,24.3,72,6.1,13,996.6,0
2025-03-26,Lao_Cai,22.4856,103.9707,25.2,73,9.2,23,993.1,0
2025-03-27,Lao_Cai,22.4856,103.9707,25.6,75,12.1,33,990.8,1
2025-03-28,Lao_Cai,22.4856,103.9707,25.8,75,14.2,53,995.2,0
2025-03-29,Lao_Cai,22.4856,103.9707,21.5,77,13.1,97,1003.2,1
2025-03-30,Lao_Cai,22.4856,103.9707,16.2,75,7.3,99,1009.3,1
2025-03-31,Lao_Cai,22.4856,103.9707,14.6,74,6.2,89,1009.1,1
2025-04-01,Lao_Cai,22.4856,103.9707,16.3,78,6.7,74,1008.5,1
2025-04-02,Lao_Cai,22.4856,103.9707,18.3,73,3.7,77,1008.1,1
2025-04-03,Lao_Cai,22.4856,103.9707,19.8,67,3.9,57,1005.9,0
2025-04-04,Lao_Cai,22.4856,103.9707,20.3,74,7.2,53,1001.5,0
2025-04-05,Lao_Cai,22.4856,103.9707,21.5,86,6.9,99,1002.8,1
2025-04-06,Lao_Cai,22.4856,103.9707,21.0,91,5.3,100,1003.5,1
2025-04-07,Lao_Cai,22.4856,103.9707,20.4,95,6.1,100,1004.5,1
2025-04-08,Lao_Cai,22.4856,103.9707,22.5,86,8.9,94,1003.3,0
2025-04-09,Lao_Cai,22.4856,103.9707,22.7,91,10.3,99,999.5,1
2025-04-10,Lao_Cai,22.4856,103.9707,25.1,82,7.7,80,995.5,1
2025-04-11,Lao_Cai,22.4856,103.9707,25.8,81,11.4,81,993.4,1
2025-04-12,Lao_Cai,22.4856,103.9707,26.0,74,13.6,98,998.3,1
2025-04-13,Lao_Cai,22.4856,103.9707,21.0,63,9.7,91,1007.2,1
2025-04-14,Lao_Cai,22.4856,103.9707,21.9,67,8.7,89,1004.0,0
2025-04-15,Lao_Cai,22.4856,103.9707,25.2,55,6.7,91,1000.9,0
2025-04-16,Lao_Cai,22.4856,103.9707,24.9,60,7.8,98,997.0,0
2025-04-17,Lao_Cai,22.4856,103.9707,26.0,70,9.0,44,994.3,0
2025-04-18,Lao_Cai,22.4856,103.9707,27.9,73,10.9,32,993.1,1
2025-04-19,Lao_Cai,22.4856,103.9707,28.7,63,10.2,19,993.5,0
2025-04-20,Lao_Cai,22.4856,103.9707,29.0,64,9.9,42,994.6,1
2025-04-21,Lao_Cai,22.4856,103.9707,28.4,71,10.3,22,996.0,1
2025-04-22,Lao_Cai,22.4856,103.9707,29.0,65,10.0,34,995.4,1
2025-04-23,Lao_Cai,22.4856,103.9707,29.2,67,16.9,60,994.2,1
2025-04-24,Lao_Cai,22.4856,103.9707,28.1,79,9.4,70,995.4,1
2025-04-25,Lao_Cai,22.4856,103.9707,25.9,80,8.4,68,999.3,1
2025-04-26,Lao_Cai,22.4856,103.9707,26.2,83,14.7,75,999.1,1
2025-04-27,Lao_Cai,22.4856,103.9707,27.4,83,7.3,56,998.5,1
2025-04-28,Lao_Cai,22.4856,103.9707,25.6,83,7.5,95,1001.3,1
2025-04-29,Lao_Cai,22.4856,103.9707,24.7,82,4.6,99,1001.2,1
2025-04-30,Lao_Cai,22.4856,103.9707,24.7,87,10.7,97,1000.8,1
2025-05-01,Lao_Cai,22.4856,103.9707,26.0,76,7.4,88,1003.0,1
2025-05-02,Lao_Cai,22.4856,103.9707,27.0,61,3.7,47,999.3,0
2025-05-03,Lao_Cai,22.4856,103.9707,27.4,72,10.5,43,996.2,1
2025-05-04,Lao_Cai,22.4856,103.9707,28.2,71,10.4,27,993.7,1
2025-05-05,Lao_Cai,22.4856,103.9707,29.6,63,10.2,17,993.2,0
2025-05-06,Lao_Cai,22.4856,103.9707,29.4,69,11.6,44,993.9,1
2025-05-07,Lao_Cai,22.4856,103.9707,28.9,78,13.5,69,992.6,1
2025-05-08,Lao_Cai,22.4856,103.9707,30.4,70,13.4,31,991.1,1
2025-05-09,Lao_Cai,22.4856,103.9707,29.9,65,13.6,25,994.6,1
2025-05-10,Lao_Cai,22.4856,103.9707,26.1,85,14.3,69,998.5,1
2025-05-11,Lao_Cai,22.4856,103.9707,24.3,69,11.2,51,1001.7,1
2025-05-12,Lao_Cai,22.4856,103.9707,24.4,63,6.1,57,999.4,0
2025-05-13,Lao_Cai,22.4856,103.9707,24.9,70,6.1,20,998.3,0
2025-05-14,Lao_Cai,22.4856,103.9707,26.7,82,11.3,79,998.6,1
2025-05-15,Lao_Cai,22.4856,103.9707,25.0,94,7.2,99,999.0,1
2025-05-16,Lao_Cai,22.4856,103.9707,26.9,85,8.1,91,997.3,1
2025-05-17,Lao_Cai,22.4856,103.9707,27.1,86,9.7,90,997.4,1
2025-05-18,Lao_Cai,22.4856,103.9707,26.4,89,7.0,100,997.8,1
2025-05-19,Lao_Cai,22.4856,103.9707,26.8,86,8.7,86,996.0,1
2025-05-20,Lao_Cai,22.4856,103.9707,28.4,82,12.6,57,993.6,1
2025-05-21,Lao_Cai,22.4856,103.9707,28.9,81,14.6,88,993.9,1
2025-05-22,Lao_Cai,22.4856,103.9707,27.8,87,15.5,98,993.5,1
2025-05-23,Lao_Cai,22.4856,103.9707,27.8,81,12.8,100,995.5,1
2025-05-24,Lao_Cai,22.4856,103.9707,26.2,72,8.9,95,1001.2,1
2025-05-25,Lao_Cai,22.4856,103.9707,25.3,70,4.5,98,1003.8,0
2025-05-26,Lao_Cai,22.4856,103.9707,23.7,78,6.8,98,1003.4,1
2025-05-27,Lao_Cai,22.4856,103.9707,24.2,84,9.6,99,1000.6,1
2025-05-28,Lao_Cai,22.4856,103.9707,25.7,88,6.1,91,997.0,1
2025-05-29,Lao_Cai,22.4856,103.9707,25.2,93,3.9,100,997.1,1
2025-05-30,Lao_Cai,22.4856,103.9707,25.8,87,12.2,88,996.1,1
2025-05-31,Lao_Cai,22.4856,103.9707,28.5,83,10.3,100,992.4,1
2025-06-01,Lao_Cai,22.4856,103.9707,31.2,72,10.4,93,988.4,1
2025-06-02,Lao_Cai,22.4856,103.9707,32.0,67,12.1,100,989.0,1
2025-06-03,Lao_Cai,22.4856,103.9707,26.5,93,8.0,97,993.9,1
2025-06-04,Lao_Cai,22.4856,103.9707,25.4,95,5.8,99,996.6,1
2025-06-05,Lao_Cai,22.4856,103.9707,26.5,89,6.9,88,996.4,1
2025-06-06,Lao_Cai,22.4856,103.9707,28.0,85,7.3,74,994.6,1
2025-06-07,Lao_Cai,22.4856,103.9707,28.3,85,11.0,93,993.8,1
2025-06-08,Lao_Cai,22.4856,103.9707,27.1,92,8.5,100,994.0,1
2025-06-09,Lao_Cai,22.4856,103.9707,27.6,87,7.8,95,994.1,1
2025-06-10,Lao_Cai,22.4856,103.9707,27.3,79,6.7,95,995.8,1
2025-06-11,Lao_Cai,22.4856,103.9707,29.6,62,9.6,75,994.7,0
2025-06-12,Lao_Cai,22.4856,103.9707,30.0,67,6.7,73,993.7,1
2025-06-13,Lao_Cai,22.4856,103.9707,30.2,69,9.8,49,992.8,1
2025-06-14,Lao_Cai,22.4856,103.9707,30.3,74,10.8,65,990.9,1
2025-06-15,Lao_Cai,22.4856,103.9707,29.0,80,10.3,81,992.3,1
2025-06-16,Lao_Cai,22.4856,103.9707,28.0,86,8.6,94,993.6,1
2025-06-17,Lao_Cai,22.4856,103.9707,28.5,85,10.4,99,993.4,1
2025-06-18,Lao_Cai,22.4856,103.9707,29.4,80,9.4,95,991.6,1
2025-06-19,Lao_Cai,22.4856,103.9707,28.8,81,8.3,100,991.7,1
2025-06-20,Lao_Cai,22.4856,103.9707,27.0,90,6.6,100,992.9,1
2025-06-21,Lao_Cai,22.4856,103.9707,25.6,98,4.5,100,994.3,1
2025-06-22,Lao_Cai,22.4856,103.9707,25.9,94,6.3,100,995.0,1
2025-06-23,Lao_Cai,22.4856,103.9707,26.6,90,8.7,93,993.8,1
2025-06-24,Lao_Cai,22.4856,103.9707,26.9,90,8.0,99,994.2,1
2025-06-25,Lao_Cai,22.4856,103.9707,27.0,89,7.1,95,995.9,1
2025-06-26,Lao_Cai,22.4856,103.9707,27.2,87,4.3,98,995.2,1
2025-06-27,Lao_Cai,22.4856,103.9707,26.2,93,4.8,97,993.7,1
2025-06-28,Lao_Cai,22.4856,103.9707,25.6,93,6.9,96,993.0,1
2025-06-29,Lao_Cai,22.4856,103.9707,26.5,91,6.0,100,990.7,1
2025-06-30,Lao_Cai,22.4856,103.9707,26.8,91,7.8,100,991.1,1
2025-07-01,Lao_Cai,22.4856,103.9707,25.4,96,6.9,100,993.4,1
2025-07-02,Lao_Cai,22.4856,103.9707,25.5,95,7.9,98,995.9,1
2025-07-03,Lao_Cai,22.4856,103.9707,26.8,86,10.7,87,996.7,1
2025-07-04,Lao_Cai,22.4856,103.9707,27.9,83,7.6,77,995.3,1
2025-07-05,Lao_Cai,22.4856,103.9707,28.5,77,5.2,79,993.7,1
2025-07-06,Lao_Cai,22.4856,103.9707,29.1,74,6.4,79,993.2,0
2025-07-07,Lao_Cai,22.4856,103.9707,28.7,78,6.0,79,992.3,1
2025-07-08,Lao_Cai,22.4856,103.9707,29.9,77,8.5,95,990.3,1
2025-07-09,Lao_Cai,22.4856,103.9707,30.4,76,9.0,95,989.3,1
2025-07-10,Lao_Cai,22.4856,103.9707,29.6,79,9.0,100,988.9,1
2025-07-11,Lao_Cai,22.4856,103.9707,28.3,80,8.7,98,990.5,1
2025-07-12,Lao_Cai,22.4856,103.9707,27.8,81,7.6,98,994.5,1
2025-07-13,Lao_Cai,22.4856,103.9707,28.7,81,6.2,87,995.2,1
2025-07-14,Lao_Cai,22.4856,103.9707,28.4,83,9.3,98,993.7,1
2025-07-15,Lao_Cai,22.4856,103.9707,28.9,83,5.6,96,991.5,1
2025-07-16,Lao_Cai,22.4856,103.9707,27.2,90,6.4,100,992.5,1
2025-07-17,Lao_Cai,22.4856,103.9707,28.8,83,6.5,46,992.6,1
2025-07-18,Lao_Cai,22.4856,103.9707,31.1,71,9.1,99,989.7,0
2025-07-19,Lao_Cai,22.4856,103.9707,30.3,75,10.3,100,987.9,1
2025-07-20,Lao_Cai,22.4856,103.9707,30.9,73,8.5,81,987.2,1
2025-07-21,Lao_Cai,22.4856,103.9707,30.8,72,13.0,99,985.6,1
2025-07-22,Lao_Cai,22.4856,103.9707,28.3,83,9.9,100,984.9,1
2025-07-23,Lao_Cai,22.4856,103.9707,27.6,85,10.3,99,988.3,1
2025-07-24,Lao_Cai,22.4856,103.9707,26.4,94,5.6,99,991.4,1
2025-07-25,Lao_Cai,22.4856,103.9707,27.2,90,7.0,97,991.6,1
2025-07-26,Lao_Cai,22.4856,103.9707,27.9,86,4.1,100,991.4,1
2025-07-27,Lao_Cai,22.4856,103.9707,29.0,79,7.9,95,990.9,1
2025-07-28,Lao_Cai,22.4856,103.9707,30.6,66,7.5,19,988.8,1
2025-07-29,Lao_Cai,22.4856,103.9707,31.1,68,8.4,53,987.0,0
2025-07-30,Lao_Cai,22.4856,103.9707,31.5,72,7.4,94,987.0,0
2025-07-31,Lao_Cai,22.4856,103.9707,30.3,78,9.1,97,987.5,1
2025-08-01,Lao_Cai,22.4856,103.9707,29.8,81,8.1,55,988.6,1
2025-08-02,Lao_Cai,22.4856,103.9707,30.1,78,10.2,58,990.1,1
2025-08-03,Lao_Cai,22.4856,103.9707,31.7,71,9.8,60,989.3,0
2025-08-04,Lao_Cai,22.4856,103.9707,32.1,69,8.9,100,989.2,0
2025-08-05,Lao_Cai,22.4856,103.9707,30.2,78,7.6,100,991.3,1
2025-08-06,Lao_Cai,22.4856,103.9707,27.2,92,8.2,96,992.7,1
2025-08-07,Lao_Cai,22.4856,103.9707,26.2,92,5.9,98,995.3,1
2025-08-08,Lao_Cai,22.4856,103.9707,28.5,80,9.2,71,995.3,1
2025-08-09,Lao_Cai,22.4856,103.9707,29.8,74,8.8,86,993.9,1
2025-08-10,Lao_Cai,22.4856,103.9707,29.0,84,7.6,95,994.0,1
2025-08-11,Lao_Cai,22.4856,103.9707,28.3,87,5.1,100,994.2,1
2025-08-12,Lao_Cai,22.4856,103.9707,28.1,87,6.4,100,995.0,1
2025-08-13,Lao_Cai,22.4856,103.9707,28.6,84,6.3,98,996.3,1
2025-08-14,Lao_Cai,22.4856,103.9707,29.6,78,8.7,88,994.2,1
2025-08-15,Lao_Cai,22.4856,103.9707,25.7,94,6.0,100,994.9,1
2025-08-16,Lao_Cai,22.4856,103.9707,26.0,88,10.2,87,997.8,1
2025-08-17,Lao_Cai,22.4856,103.9707,28.0,77,6.0,56,998.6,1
2025-08-18,Lao_Cai,22.4856,103.9707,29.2,70,8.8,88,996.2,1
2025-08-19,Lao_Cai,22.4856,103.9707,27.9,83,13.7,96,995.2,1
2025-08-20,Lao_Cai,22.4856,103.9707,26.5,93,9.5,100,995.8,1
2025-08-21,Lao_Cai,22.4856,103.9707,26.3,92,10.6,100,997.1,1
2025-08-22,Lao_Cai,22.4856,103.9707,24.7,97,6.0,100,997.4,1
2025-08-23,Lao_Cai,22.4856,103.9707,24.8,95,4.1,95,998.2,1
2025-08-24,Lao_Cai,22.4856,103.9707,28.3,78,7.7,74,997.5,1
2025-08-25,Lao_Cai,22.4856,103.9707,27.0,81,15.9,87,997.3,1
2025-08-26,Lao_Cai,22.4856,103.9707,24.0,93,5.1,100,997.8,1
2025-08-27,Lao_Cai,22.4856,103.9707,25.1,92,5.6,89,998.0,1
2025-08-28,Lao_Cai,22.4856,103.9707,26.9,83,8.3,56,997.5,1
2025-08-29,Lao_Cai,22.4856,103.9707,27.4,78,11.2,50,999.1,1
2025-08-30,Lao_Cai,22.4856,103.9707,28.2,76,14.8,79,999.0,1
2025-08-31,Lao_Cai,22.4856,103.9707,27.3,86,9.9,70,998.5,1
2025-09-01,Lao_Cai,22.4856,103.9707,28.0,79,6.1,55,996.7,1
2025-09-02,Lao_Cai,22.4856,103.9707,28.2,81,5.2,56,996.4,1
2025-09-03,Lao_Cai,22.4856,103.9707,28.1,84,6.2,55,996.6,1
2025-09-04,Lao_Cai,22.4856,103.9707,28.2,85,6.6,41,996.1,1
2025-09-05,Lao_Cai,22.4856,103.9707,28.9,82,7.9,73,996.3,1
2025-09-06,Lao_Cai,22.4856,103.9707,28.0,85,5.2,98,997.8,1
2025-09-07,Lao_Cai,22.4856,103.9707,28.5,80,6.4,62,996.4,1
2025-09-08,Lao_Cai,22.4856,103.9707,29.5,72,6.7,58,994.6,1
2025-09-09,Lao_Cai,22.4856,103.9707,27.0,89,6.7,99,996.4,1
2025-09-10,Lao_Cai,22.4856,103.9707,26.2,92,6.1,100,997.4,1
2025-09-11,Lao_Cai,22.4856,103.9707,26.1,91,7.1,98,997.9,1
2025-09-12,Lao_Cai,22.4856,103.9707,26.1,93,5.0,98,998.8,1
2025-09-13,Lao_Cai,22.4856,103.9707,25.9,93,4.8,100,1000.0,1
2025-09-14,Lao_Cai,22.4856,103.9707,26.3,91,5.1,91,999.9,1
2025-09-15,Lao_Cai,22.4856,103.9707,26.4,89,8.6,98,1000.0,1
2025-09-16,Lao_Cai,22.4856,103.9707,26.4,87,4.2,65,1000.2,1
2025-09-17,Lao_Cai,22.4856,103.9707,27.2,83,7.8,45,999.0,1
2025-09-18,Lao_Cai,22.4856,103.9707,27.3,83,6.0,49,999.1,1
2025-09-19,Lao_Cai,22.4856,103.9707,28.1,77,6.6,43,998.5,0
2025-09-20,Lao_Cai,22.4856,103.9707,28.3,76,5.0,51,996.6,0
2025-09-21,Lao_Cai,22.4856,103.9707,28.4,80,11.3,70,995.9,1
2025-09-22,Lao_Cai,22.4856,103.9707,26.4,91,7.9,94,997.5,1
2025-09-23,Lao_Cai,22.4856,103.9707,26.4,88,7.9,91,996.6,1
2025-09-24,Lao_Cai,22.4856,103.9707,29.0,67,8.1,49,994.5,1
2025-09-25,Lao_Cai,22.4856,103.9707,27.3,72,7.6,93,994.5,1
2025-09-26,Lao_Cai,22.4856,103.9707,25.1,84,3.5,98,1000.9,1
2025-09-27,Lao_Cai,22.4856,103.9707,26.2,86,7.1,82,1003.1,1
2025-09-28,Lao_Cai,22.4856,103.9707,26.8,79,9.9,56,1000.4,1
2025-09-29,Lao_Cai,22.4856,103.9707,24.0,91,8.6,98,997.4,1
2025-09-30,Lao_Cai,22.4856,103.9707,24.5,97,9.7,100,999.1,1
2025-10-01,Lao_Cai,22.4856,103.9707,24.5,97,4.4,99,1001.2,1
2025-10-02,Lao_Cai,22.4856,103.9707,25.7,93,5.7,91,1000.9,1
2025-10-03,Lao_Cai,22.4856,103.9707,26.7,89,8.7,72,1000.3,1
2025-10-04,Lao_Cai,22.4856,103.9707,26.3,91,5.4,66,1000.6,1
2025-10-05,Lao_Cai,22.4856,103.9707,27.6,83,7.0,81,997.6,1
2025-10-06,Lao_Cai,22.4856,103.9707,27.4,81,9.8,91,994.7,1
2025-10-07,Lao_Cai,22.4856,103.9707,23.9,97,9.6,100,1000.5,1
2025-10-08,Lao_Cai,22.4856,103.9707,25.2,90,3.7,70,1003.2,1
2025-10-09,Lao_Cai,22.4856,103.9707,26.2,82,6.0,36,1002.2,1
2025-10-10,Lao_Cai,22.4856,103.9707,26.7,80,7.4,28,1001.4,0
2025-10-11,Lao_Cai,22.4856,103.9707,26.0,81,4.8,38,1000.5,1
2025-10-12,Lao_Cai,22.4856,103.9707,26.3,84,6.4,49,1000.0,1
2025-10-13,Lao_Cai,22.4856,103.9707,26.9,84,6.7,46,1000.7,1
2025-10-14,Lao_Cai,22.4856,103.9707,26.0,88,10.2,86,1001.4,1
2025-10-15,Lao_Cai,22.4856,103.9707,25.5,89,7.0,92,1001.9,1
2025-10-16,Lao_Cai,22.4856,103.9707,25.0,91,7.8,94,1003.8,1
2025-10-17,Lao_Cai,22.4856,103.9707,26.0,82,7.1,32,1004.0,0
2025-10-18,Lao_Cai,22.4856,103.9707,25.7,77,5.2,32,1003.1,0
2025-10-19,Lao_Cai,22.4856,103.9707,25.8,80,6.2,39,1003.3,1
2025-10-20,Lao_Cai,22.4856,103.9707,25.5,85,8.2,54,1004.2,1
2025-10-21,Lao_Cai,22.4856,103.9707,25.1,81,9.7,71,1006.1,1
2025-10-22,Lao_Cai,22.4856,103.9707,24.6,65,9.7,55,1007.5,0
2025-10-23,Lao_Cai,22.4856,103.9707,23.4,68,9.3,42,1008.6,0
2025-10-24,Lao_Cai,22.4856,103.9707,21.9,83,6.1,92,1008.6,1
2025-10-25,Lao_Cai,22.4856,103.9707,22.3,83,4.2,68,1007.1,0
2025-10-26,Lao_Cai,22.4856,103.9707,23.3,79,4.9,47,1006.8,0
2025-10-27,Lao_Cai,22.4856,103.9707,23.3,77,6.4,48,1007.1,0
2025-10-28,Lao_Cai,22.4856,103.9707,23.9,74,5.5,69,1006.6,0
2025-10-29,Lao_Cai,22.4856,103.9707,22.7,78,5.8,84,1005.5,0
2025-10-30,Lao_Cai,22.4856,103.9707,24.4,75,7.0,84,1005.6,0
2025-10-31,Lao_Cai,22.4856,103.9707,24.8,83,9.6,88,1006.0,1
2025-11-01,Lao_Cai,22.4856,103.9707,22.9,84,7.6,100,1006.8,1
2025-11-02,Lao_Cai,22.4856,103.9707,21.4,86,5.0,100,1007.7,1
2025-11-03,Lao_Cai,22.4856,103.9707,20.4,81,5.6,100,1008.3,1
2025-11-04,Lao_Cai,22.4856,103.9707,21.3,78,5.9,73,1007.1,0
2025-11-05,Lao_Cai,22.4856,103.9707,20.6,84,5.7,83,1003.8,0
2025-11-06,Lao_Cai,22.4856,103.9707,21.3,88,4.3,64,1002.3,0
2025-11-07,Lao_Cai,22.4856,103.9707,24.5,80,5.5,90,1002.0,1
2025-11-08,Lao_Cai,22.4856,103.9707,24.6,91,4.0,89,1002.8,1
2025-11-09,Lao_Cai,22.4856,103.9707,24.7,94,8.5,90,1001.8,1
2025-11-10,Lao_Cai,22.4856,103.9707,23.9,93,12.4,98,1000.3,1
2025-11-11,Lao_Cai,22.4856,103.9707,22.7,89,8.3,100,1001.7,1
2025-11-12,Lao_Cai,22.4856,103.9707,21.8,86,6.0,78,1005.1,1
2025-11-13,Lao_Cai,22.4856,103.9707,22.3,76,4.4,68,1007.6,0
2025-11-14,Lao_Cai,22.4856,103.9707,21.9,76,6.2,24,1007.3,1
2025-11-15,Lao_Cai,22.4856,103.9707,21.1,73,6.4,9,1009.3,0
2025-11-16,Lao_Cai,22.4856,103.9707,21.1,68,6.8,10,1010.2,0
2025-11-17,Lao_Cai,22.4856,103.9707,21.4,77,5.4,53,1010.2,1
2025-11-18,Lao_Cai,22.4856,103.9707,19.5,91,10.1,100,1013.3,1
2025-11-19,Lao_Cai,22.4856,103.9707,16.2,85,5.3,84,1016.8,1
2025-11-20,Lao_Cai,22.4856,103.9707,17.1,78,5.7,54,1014.9,0
2025-11-21,Lao_Cai,22.4856,103.9707,19.0,68,7.7,38,1013.7,0
2025-11-22,Lao_Cai,22.4856,103.9707,17.9,72,5.8,5,1011.0,0
2025-11-23,Lao_Cai,22.4856,103.9707,17.2,75,5.2,22,1009.6,0
2025-11-24,Lao_Cai,22.4856,103.9707,19.2,71,7.6,26,1010.5,1
2025-11-25,Lao_Cai,22.4856,103.9707,18.9,58,10.5,28,1011.7,1
2025-11-26,Lao_Cai,22.4856,103.9707,17.0,61,6.0,9,1010.2,0
2025-11-27,Lao_Cai,22.4856,103.9707,18.4,54,10.9,43,1014.0,0
2025-11-28,Lao_Cai,22.4856,103.9707,16.6,55,7.0,0,1009.0,0
2025-11-29,Lao_Cai,22.4856,103.9707,15.4,62,5.7,0,1005.0,0
2025-11-30,Lao_Cai,22.4856,103.9707,16.0,68,5.3,0,1003.7,0
2025-12-01,Lao_Cai,22.4856,103.9707,16.8,75,4.6,15,1004.3,0
2025-12-02,Lao_Cai,22.4856,103.9707,18.0,79,4.8,17,1003.6,0
2025-12-03,Lao_Cai,22.4856,103.9707,20.1,82,8.8,69,1008.6,1
2025-12-04,Lao_Cai,22.4856,103.9707,18.3,90,6.2,87,1008.9,1
2025-12-05,Lao_Cai,22.4856,103.9707,18.5,90,4.0,98,1010.4,1
2025-12-06,Lao_Cai,22.4856,103.9707,17.9,94,4.7,84,1008.2,1
2025-12-07,Lao_Cai,22.4856,103.9707,19.0,86,6.2,68,1008.4,1
2025-12-08,Lao_Cai,22.4856,103.9707,18.8,83,7.2,57,1010.0,1
2025-12-09,Lao_Cai,22.4856,103.9707,19.1,81,4.6,77,1008.5,0
2025-12-10,Lao_Cai,22.4856,103.9707,18.2,77,5.2,40,1007.6,0
2025-12-11,Lao_Cai,22.4856,103.9707,18.0,82,4.4,77,1007.7,1
2025-12-12,Lao_Cai,22.4856,103.9707,18.0,93,6.3,80,1005.2,1
2025-12-13,Lao_Cai,22.4856,103.9707,20.9,74,10.0,53,1008.7,1
2025-12-14,Lao_Cai,22.4856,103.9707,18.7,78,6.5,48,1010.9,0
2025-12-15,Lao_Cai,22.4856,103.9707,16.7,75,5.1,18,1008.5,0
2025-12-16,Lao_Cai,22.4856,103.9707,16.5,86,4.6,59,1008.1,0
2025-12-17,Lao_Cai,22.4856,103.9707,19.6,81,5.7,57,1010.3,1
2025-12-18,Lao_Cai,22.4856,103.9707,18.4,86,5.3,47,1008.5,0
2025-12-19,Lao_Cai,22.4856,103.9707,18.5,82,7.2,49,1004.0,1
2025-12-20,Lao_Cai,22.4856,103.9707,18.7,82,4.4,60,1005.2,1
2025-12-21,Lao_Cai,22.4856,103.9707,19.3,82,4.9,48,1007.8,1
2025-12-22,Lao_Cai,22.4856,103.9707,18.5,88,7.8,63,1004.3,1
2025-12-23,Lao_Cai,22.4856,103.9707,19.5,84,6.0,65,1003.1,1
2025-12-24,Lao_Cai,22.4856,103.9707,20.1,89,7.0,80,1002.6,1
2025-12-25,Lao_Cai,22.4856,103.9707,17.4,88,10.7,97,1009.7,1
2025-12-26,Lao_Cai,22.4856,103.9707,15.3,70,6.5,91,1009.6,0
2025-12-27,Lao_Cai,22.4856,103.9707,14.2,78,6.2,87,1009.4,1
2025-12-28,Lao_Cai,22.4856,103.9707,13.6,85,4.8,77,1008.7,0
2025-12-29,Lao_Cai,22.4856,103.9707,15.9,86,6.9,62,1005.2,0
2025-12-30,Lao_Cai,22.4856,103.9707,16.6,94,4.9,96,1004.1,1
2025-12-31,Lao_Cai,22.4856,103.9707,18.2,89,8.8,58,1000.7,1
