date,destination,latitude,longitude,temp,humidity,wind_speed,cloud_cover,pressure,rain
2020-01-01,Quang_Ninh,21.0064,107.2925,19.5,81,19.8,88,1023.0,1
2020-01-02,Quang_Ninh,21.0064,107.2925,20.2,90,13.0,71,1021.8,1
2020-01-03,Quang_Ninh,21.0064,107.2925,20.4,90,14.8,75,1020.1,1
2020-01-04,Quang_Ninh,21.0064,107.2925,20.1,90,13.7,76,1018.3,1
2020-01-05,Quang_Ninh,21.0064,107.2925,20.5,86,14.8,45,1017.2,0
2020-01-06,Quang_Ninh,21.0064,107.2925,21.1,91,15.8,62,1016.1,1
2020-01-07,Quang_Ninh,21.0064,107.2925,21.6,89,10.9,48,1015.6,0
2020-01-08,Quang_Ninh,21.0064,107.2925,21.4,89,11.6,56,1016.2,1
2020-01-09,Quang_Ninh,21.0064,107.2925,21.6,90,10.0,60,1014.6,1
2020-01-10,Quang_Ninh,21.0064,107.2925,21.8,93,14.7,56,1013.0,1
2020-01-11,Quang_Ninh,21.0064,107.2925,19.6,93,18.4,81,1013.7,1
2020-01-12,Quang_Ninh,21.0064,107.2925,15.4,81,12.3,72,1016.5,1
2020-01-13,Quang_Ninh,21.0064,107.2925,17.5,82,12.7,71,1014.9,1
2020-01-14,Quang_Ninh,21.0064,107.2925,20.2,95,16.7,63,1014.4,1
2020-01-15,Quang_Ninh,21.0064,107.2925,20.9,91,20.4,30,1013.7,1
2020-01-16,Quang_Ninh,21.0064,107.2925,20.1,88,17.4,62,1015.1,1
2020-01-17,Quang_Ninh,21.0064,107.2925,17.0,78,17.4,64,1018.3,0
2020-01-18,Quang_Ninh,21.0064,107.2925,16.9,85,16.6,86,1017.1,1
2020-01-19,Quang_Ninh,21.0064,107.2925,16.8,80,15.9,86,1018.9,1
2020-01-20,Quang_Ninh,21.0064,107.2925,17.1,85,16.6,99,1018.9,1
2020-01-21,Quang_Ninh,21.0064,107.2925,19.1,96,15.1,58,1018.2,1
2020-01-22,Quang_Ninh,21.0064,107.2925,20.1,94,11.8,61,1015.9,1
2020-01-23,Quang_Ninh,21.0064,107.2925,21.1,93,14.1,61,1014.1,1
2020-01-24,Quang_Ninh,21.0064,107.2925,20.7,94,14.5,80,1014.0,1
2020-01-25,Quang_Ninh,21.0064,107.2925,15.8,95,27.4,95,1013.3,1
2020-01-26,Quang_Ninh,21.0064,107.2925,13.2,77,28.5,81,1016.4,1
2020-01-27,Quang_Ninh,21.0064,107.2925,13.5,70,16.4,59,1016.1,1
2020-01-28,Quang_Ninh,21.0064,107.2925,13.7,68,17.0,65,1017.9,1
2020-01-29,Quang_Ninh,21.0064,107.2925,13.5,70,10.5,74,1020.8,1
2020-01-30,Quang_Ninh,21.0064,107.2925,14.0,62,16.1,10,1020.7,0
2020-01-31,Quang_Ninh,21.0064,107.2925,15.6,69,14.5,29,1019.4,0
2020-02-01,Quang_Ninh,21.0064,107.2925,16.8,91,14.7,100,1018.1,1
2020-02-02,Quang_Ninh,21.0064,107.2925,18.5,94,12.3,70,1018.0,1
2020-02-03,Quang_Ninh,21.0064,107.2925,17.9,93,17.3,86,1017.3,1
2020-02-04,Quang_Ninh,21.0064,107.2925,16.5,84,18.8,86,1017.8,1
2020-02-05,Quang_Ninh,21.0064,107.2925,16.6,88,19.0,95,1017.1,1
2020-02-06,Quang_Ninh,21.0064,107.2925,19.3,98,15.2,94,1015.4,1
2020-02-07,Quang_Ninh,21.0064,107.2925,18.8,93,15.8,87,1018.1,1
2020-02-08,Quang_Ninh,21.0064,107.2925,17.5,84,19.2,94,1021.4,1
2020-02-09,Quang_Ninh,21.0064,107.2925,16.2,78,18.4,64,1023.7,1
2020-02-10,Quang_Ninh,21.0064,107.2925,16.0,81,14.8,74,1020.6,0
2020-02-11,Quang_Ninh,21.0064,107.2925,19.0,92,12.7,77,1017.4,1
2020-02-12,Quang_Ninh,21.0064,107.2925,20.2,95,13.4,89,1014.8,1
2020-02-13,Quang_Ninh,21.0064,107.2925,20.6,95,10.6,100,1011.2,1
2020-02-14,Quang_Ninh,21.0064,107.2925,21.1,99,10.7,99,1008.0,1
2020-02-15,Quang_Ninh,21.0064,107.2925,22.2,95,24.8,97,1009.8,1
2020-02-16,Quang_Ninh,21.0064,107.2925,13.6,65,28.0,85,1020.6,1
2020-02-17,Quang_Ninh,21.0064,107.2925,15.6,54,16.6,48,1025.2,0
2020-02-18,Quang_Ninh,21.0064,107.2925,15.4,51,18.1,53,1024.0,0
2020-02-19,Quang_Ninh,21.0064,107.2925,17.2,76,17.4,71,1021.3,0
2020-02-20,Quang_Ninh,21.0064,107.2925,18.5,86,15.8,74,1021.4,0
2020-02-21,Quang_Ninh,21.0064,107.2925,19.3,86,17.7,66,1024.2,1
2020-02-22,Quang_Ninh,21.0064,107.2925,19.5,78,15.3,0,1024.4,0
2020-02-23,Quang_Ninh,21.0064,107.2925,19.5,79,12.9,2,1021.9,0
2020-02-24,Quang_Ninh,21.0064,107.2925,19.5,87,7.8,32,1017.7,1
2020-02-25,Quang_Ninh,21.0064,107.2925,20.0,90,8.9,51,1016.0,0
2020-02-26,Quang_Ninh,21.0064,107.2925,20.4,89,10.8,79,1016.6,0
2020-02-27,Quang_Ninh,21.0064,107.2925,21.1,88,13.0,87,1016.3,1
2020-02-28,Quang_Ninh,21.0064,107.2925,21.2,93,12.7,95,1014.7,1
2020-02-29,Quang_Ninh,21.0064,107.2925,21.5,93,10.5,74,1012.6,1
2020-03-01,Quang_Ninh,21.0064,107.2925,21.4,94,8.9,81,1012.5,1
2020-03-02,Quang_Ninh,21.0064,107.2925,21.8,93,13.4,75,1013.2,1
2020-03-03,Quang_Ninh,21.0064,107.2925,22.0,93,14.0,66,1013.7,1
2020-03-04,Quang_Ninh,21.0064,107.2925,17.4,96,19.5,95,1015.7,1
2020-03-05,Quang_Ninh,21.0064,107.2925,16.7,87,13.2,100,1017.0,1
2020-03-06,Quang_Ninh,21.0064,107.2925,19.8,91,10.6,74,1013.6,1
2020-03-07,Quang_Ninh,21.0064,107.2925,21.2,93,12.3,88,1010.3,1
2020-03-08,Quang_Ninh,21.0064,107.2925,23.1,93,14.1,60,1005.3,1
2020-03-09,Quang_Ninh,21.0064,107.2925,24.5,88,18.3,0,1004.0,0
2020-03-10,Quang_Ninh,21.0064,107.2925,22.5,67,21.5,49,1012.1,0
2020-03-11,Quang_Ninh,21.0064,107.2925,20.0,79,15.3,100,1014.2,1
2020-03-12,Quang_Ninh,21.0064,107.2925,22.3,94,12.6,99,1011.3,1
2020-03-13,Quang_Ninh,21.0064,107.2925,24.1,92,15.7,88,1012.3,1
2020-03-14,Quang_Ninh,21.0064,107.2925,22.0,79,15.6,93,1016.0,1
2020-03-15,Quang_Ninh,21.0064,107.2925,20.3,85,16.9,100,1016.3,1
2020-03-16,Quang_Ninh,21.0064,107.2925,21.7,98,12.0,100,1014.5,1
2020-03-17,Quang_Ninh,21.0064,107.2925,22.4,96,15.3,98,1014.8,1
2020-03-18,Quang_Ninh,21.0064,107.2925,21.0,88,16.1,99,1012.8,1
2020-03-19,Quang_Ninh,21.0064,107.2925,20.8,92,13.9,100,1012.4,1
2020-03-20,Quang_Ninh,21.0064,107.2925,21.5,90,9.2,99,1012.4,1
2020-03-21,Quang_Ninh,21.0064,107.2925,23.1,96,17.5,90,1011.3,1
2020-03-22,Quang_Ninh,21.0064,107.2925,23.7,93,13.0,63,1011.3,1
2020-03-23,Quang_Ninh,21.0064,107.2925,23.3,91,10.9,45,1011.7,1
2020-03-24,Quang_Ninh,21.0064,107.2925,23.7,90,11.1,38,1011.3,1
2020-03-25,Quang_Ninh,21.0064,107.2925,23.9,92,13.7,56,1009.9,1
2020-03-26,Quang_Ninh,21.0064,107.2925,24.0,93,14.9,67,1009.3,1
2020-03-27,Quang_Ninh,21.0064,107.2925,24.8,93,15.5,72,1008.9,1
2020-03-28,Quang_Ninh,21.0064,107.2925,23.5,87,18.9,45,1010.3,1
2020-03-29,Quang_Ninh,21.0064,107.2925,23.6,89,14.3,72,1008.6,1
2020-03-30,Quang_Ninh,21.0064,107.2925,21.4,84,17.0,91,1008.9,1
2020-03-31,Quang_Ninh,21.0064,107.2925,20.5,83,15.3,99,1010.8,1
2020-04-01,Quang_Ninh,21.0064,107.2925,21.1,86,14.0,98,1011.9,1
2020-04-02,Quang_Ninh,21.0064,107.2925,23.2,90,15.3,77,1012.3,1
2020-04-03,Quang_Ninh,21.0064,107.2925,22.9,90,16.1,80,1013.0,1
2020-04-04,Quang_Ninh,21.0064,107.2925,21.4,84,20.9,90,1014.9,1
2020-04-05,Quang_Ninh,21.0064,107.2925,18.8,86,15.0,100,1016.3,1
2020-04-06,Quang_Ninh,21.0064,107.2925,19.0,87,12.0,92,1014.9,1
2020-04-07,Quang_Ninh,21.0064,107.2925,19.7,83,11.2,85,1014.1,1
2020-04-08,Quang_Ninh,21.0064,107.2925,21.0,81,12.4,68,1014.5,1
2020-04-09,Quang_Ninh,21.0064,107.2925,22.3,79,13.3,47,1015.2,0
2020-04-10,Quang_Ninh,21.0064,107.2925,22.9,94,9.5,97,1014.2,1
2020-04-11,Quang_Ninh,21.0064,107.2925,23.6,97,20.4,96,1012.9,1
2020-04-12,Quang_Ninh,21.0064,107.2925,19.5,69,22.6,78,1017.2,1
2020-04-13,Quang_Ninh,21.0064,107.2925,17.0,67,16.5,72,1018.4,1
2020-04-14,Quang_Ninh,21.0064,107.2925,18.4,70,9.2,61,1016.2,0
2020-04-15,Quang_Ninh,21.0064,107.2925,20.0,84,10.8,70,1013.6,0
2020-04-16,Quang_Ninh,21.0064,107.2925,22.4,91,15.7,82,1011.1,1
2020-04-17,Quang_Ninh,21.0064,107.2925,23.4,88,9.4,90,1011.2,1
2020-04-18,Quang_Ninh,21.0064,107.2925,24.1,95,16.9,95,1010.3,1
2020-04-19,Quang_Ninh,21.0064,107.2925,24.7,93,10.4,84,1009.3,1
2020-04-20,Quang_Ninh,21.0064,107.2925,24.8,91,11.8,65,1009.6,1
2020-04-21,Quang_Ninh,21.0064,107.2925,25.5,91,10.5,79,1008.9,1
2020-04-22,Quang_Ninh,21.0064,107.2925,23.4,88,20.7,87,1011.2,1
2020-04-23,Quang_Ninh,21.0064,107.2925,21.2,82,19.4,97,1014.7,1
2020-04-24,Quang_Ninh,21.0064,107.2925,17.4,87,16.6,100,1018.0,1
2020-04-25,Quang_Ninh,21.0064,107.2925,18.7,85,10.6,97,1017.5,1
2020-04-26,Quang_Ninh,21.0064,107.2925,20.6,80,12.2,90,1017.8,0
2020-04-27,Quang_Ninh,21.0064,107.2925,21.6,73,11.2,59,1017.1,0
2020-04-28,Quang_Ninh,21.0064,107.2925,23.2,73,12.0,49,1015.6,0
2020-04-29,Quang_Ninh,21.0064,107.2925,23.1,80,13.2,36,1014.6,0
2020-04-30,Quang_Ninh,21.0064,107.2925,23.6,86,11.7,67,1013.4,0
2020-05-01,Quang_Ninh,21.0064,107.2925,24.4,90,9.6,70,1010.5,1
2020-05-02,Quang_Ninh,21.0064,107.2925,24.9,93,14.9,68,1008.3,1
2020-05-03,Quang_Ninh,21.0064,107.2925,25.7,91,12.3,72,1008.0,1
2020-05-04,Quang_Ninh,21.0064,107.2925,26.5,91,14.7,71,1007.8,0
2020-05-05,Quang_Ninh,21.0064,107.2925,26.8,89,16.3,43,1006.3,0
2020-05-06,Quang_Ninh,21.0064,107.2925,27.1,87,13.2,37,1005.2,0
2020-05-07,Quang_Ninh,21.0064,107.2925,27.7,87,15.3,18,1004.4,0
2020-05-08,Quang_Ninh,21.0064,107.2925,28.0,88,14.3,42,1004.3,0
2020-05-09,Quang_Ninh,21.0064,107.2925,28.2,90,15.6,50,1005.8,0
2020-05-10,Quang_Ninh,21.0064,107.2925,28.5,88,11.7,45,1006.8,0
2020-05-11,Quang_Ninh,21.0064,107.2925,28.1,87,11.2,49,1008.3,0
2020-05-12,Quang_Ninh,21.0064,107.2925,27.1,83,16.1,85,1009.9,1
2020-05-13,Quang_Ninh,21.0064,107.2925,27.5,84,14.7,66,1009.2,1
2020-05-14,Quang_Ninh,21.0064,107.2925,27.8,84,23.4,84,1007.2,1
2020-05-15,Quang_Ninh,21.0064,107.2925,27.8,87,20.2,49,1004.6,1
2020-05-16,Quang_Ninh,21.0064,107.2925,28.2,85,16.9,45,1004.9,1
2020-05-17,Quang_Ninh,21.0064,107.2925,27.4,91,14.9,67,1003.7,1
2020-05-18,Quang_Ninh,21.0064,107.2925,26.8,92,13.9,80,1003.1,1
2020-05-19,Quang_Ninh,21.0064,107.2925,27.7,88,11.4,42,1003.2,1
2020-05-20,Quang_Ninh,21.0064,107.2925,29.1,87,19.6,84,1001.9,1
2020-05-21,Quang_Ninh,21.0064,107.2925,30.8,79,18.0,93,1000.4,0
2020-05-22,Quang_Ninh,21.0064,107.2925,29.1,83,17.0,99,1002.7,1
2020-05-23,Quang_Ninh,21.0064,107.2925,27.9,84,10.7,85,1005.6,1
2020-05-24,Quang_Ninh,21.0064,107.2925,28.3,86,12.5,74,1006.4,1
2020-05-25,Quang_Ninh,21.0064,107.2925,29.4,86,17.3,69,1005.9,1
2020-05-26,Quang_Ninh,21.0064,107.2925,27.2,82,16.4,81,1007.3,1
2020-05-27,Quang_Ninh,21.0064,107.2925,25.5,82,11.4,74,1009.0,1
2020-05-28,Quang_Ninh,21.0064,107.2925,27.3,76,12.2,50,1008.6,0
2020-05-29,Quang_Ninh,21.0064,107.2925,27.6,87,19.9,59,1007.0,1
2020-05-30,Quang_Ninh,21.0064,107.2925,29.2,84,17.3,63,1007.3,1
2020-05-31,Quang_Ninh,21.0064,107.2925,29.6,82,21.6,64,1007.3,1
2020-06-01,Quang_Ninh,21.0064,107.2925,29.3,86,19.8,84,1006.4,1
2020-06-02,Quang_Ninh,21.0064,107.2925,29.7,83,20.6,72,1004.9,1
2020-06-03,Quang_Ninh,21.0064,107.2925,29.5,82,25.5,82,1004.4,1
2020-06-04,Quang_Ninh,21.0064,107.2925,29.7,83,20.6,87,1004.0,1
2020-06-05,Quang_Ninh,21.0064,107.2925,29.9,83,20.8,92,1003.5,1
2020-06-06,Quang_Ninh,21.0064,107.2925,30.5,80,18.8,96,1002.7,0
2020-06-07,Quang_Ninh,21.0064,107.2925,31.1,75,23.4,96,1001.0,0
2020-06-08,Quang_Ninh,21.0064,107.2925,30.9,76,25.5,98,1001.5,0
2020-06-09,Quang_Ninh,21.0064,107.2925,30.5,80,19.9,99,1003.9,1
2020-06-10,Quang_Ninh,21.0064,107.2925,29.0,89,18.8,89,1005.6,1
2020-06-11,Quang_Ninh,21.0064,107.2925,28.9,87,19.5,96,1004.2,1
2020-06-12,Quang_Ninh,21.0064,107.2925,29.2,87,20.6,68,1002.1,1
2020-06-13,Quang_Ninh,21.0064,107.2925,29.2,86,16.4,53,1001.9,1
2020-06-14,Quang_Ninh,21.0064,107.2925,27.4,96,13.5,79,1004.1,1
2020-06-15,Quang_Ninh,21.0064,107.2925,27.0,95,18.4,99,1006.4,1
2020-06-16,Quang_Ninh,21.0064,107.2925,27.8,89,23.0,77,1005.1,1
2020-06-17,Quang_Ninh,21.0064,107.2925,28.5,85,25.4,53,1003.4,1
2020-06-18,Quang_Ninh,21.0064,107.2925,29.1,82,20.3,27,1004.3,1
2020-06-19,Quang_Ninh,21.0064,107.2925,28.5,86,19.4,72,1005.7,1
2020-06-20,Quang_Ninh,21.0064,107.2925,28.7,89,22.7,53,1005.1,1
2020-06-21,Quang_Ninh,21.0064,107.2925,29.4,88,22.9,45,1002.7,1
2020-06-22,Quang_Ninh,21.0064,107.2925,30.3,85,24.5,56,1002.1,1
2020-06-23,Quang_Ninh,21.0064,107.2925,30.2,85,19.4,93,1003.6,1
2020-06-24,Quang_Ninh,21.0064,107.2925,30.6,84,20.4,93,1002.6,1
2020-06-25,Quang_Ninh,21.0064,107.2925,30.2,85,22.8,100,1001.8,1
2020-06-26,Quang_Ninh,21.0064,107.2925,30.2,84,23.8,98,1002.8,1
2020-06-27,Quang_Ninh,21.0064,107.2925,30.0,84,24.1,63,1003.9,1
2020-06-28,Quang_Ninh,21.0064,107.2925,29.4,86,21.6,67,1004.0,1
2020-06-29,Quang_Ninh,21.0064,107.2925,29.3,86,16.8,78,1003.3,1
2020-06-30,Quang_Ninh,21.0064,107.2925,29.4,87,13.9,95,1002.2,1
2020-07-01,Quang_Ninh,21.0064,107.2925,29.3,89,11.6,91,1001.4,1
2020-07-02,Quang_Ninh,21.0064,107.2925,28.3,93,11.5,98,1001.7,1
2020-07-03,Quang_Ninh,21.0064,107.2925,28.0,90,12.8,99,1004.6,1
2020-07-04,Quang_Ninh,21.0064,107.2925,28.0,89,13.2,97,1005.6,1
2020-07-05,Quang_Ninh,21.0064,107.2925,28.4,89,16.6,65,1004.0,1
2020-07-06,Quang_Ninh,21.0064,107.2925,29.1,87,19.8,78,1003.8,1
2020-07-07,Quang_Ninh,21.0064,107.2925,29.1,88,21.3,96,1005.8,1
2020-07-08,Quang_Ninh,21.0064,107.2925,30.1,84,21.7,99,1004.2,1
2020-07-09,Quang_Ninh,21.0064,107.2925,30.8,80,22.4,99,1000.5,0
2020-07-10,Quang_Ninh,21.0064,107.2925,30.8,82,26.3,100,1000.6,0
2020-07-11,Quang_Ninh,21.0064,107.2925,30.5,83,25.7,100,1001.9,1
2020-07-12,Quang_Ninh,21.0064,107.2925,29.8,86,25.5,72,1003.1,1
2020-07-13,Quang_Ninh,21.0064,107.2925,29.1,87,15.5,36,1005.3,1
2020-07-14,Quang_Ninh,21.0064,107.2925,29.1,87,11.6,24,1005.9,1
2020-07-15,Quang_Ninh,21.0064,107.2925,29.5,84,16.7,42,1004.5,1
2020-07-16,Quang_Ninh,21.0064,107.2925,29.4,84,20.4,59,1004.0,1
2020-07-17,Quang_Ninh,21.0064,107.2925,29.9,83,23.6,59,1004.6,1
2020-07-18,Quang_Ninh,21.0064,107.2925,29.9,85,23.9,98,1004.7,1
2020-07-19,Quang_Ninh,21.0064,107.2925,30.1,85,19.3,99,1003.8,1
2020-07-20,Quang_Ninh,21.0064,107.2925,29.2,86,20.2,99,1005.8,1
2020-07-21,Quang_Ninh,21.0064,107.2925,29.2,83,18.2,57,1007.6,1
2020-07-22,Quang_Ninh,21.0064,107.2925,28.9,84,16.3,54,1007.1,1
2020-07-23,Quang_Ninh,21.0064,107.2925,29.1,81,13.1,29,1006.9,1
2020-07-24,Quang_Ninh,21.0064,107.2925,29.0,83,12.6,27,1007.0,1
2020-07-25,Quang_Ninh,21.0064,107.2925,29.3,82,15.0,56,1006.2,1
2020-07-26,Quang_Ninh,21.0064,107.2925,29.7,83,19.5,90,1004.8,1
2020-07-27,Quang_Ninh,21.0064,107.2925,28.7,92,13.5,99,1003.8,1
2020-07-28,Quang_Ninh,21.0064,107.2925,28.6,89,10.5,96,1005.2,1
2020-07-29,Quang_Ninh,21.0064,107.2925,28.8,89,9.8,63,1005.4,1
2020-07-30,Quang_Ninh,21.0064,107.2925,29.1,87,10.8,82,1004.9,1
2020-07-31,Quang_Ninh,21.0064,107.2925,29.7,80,15.4,86,1002.4,1
2020-08-01,Quang_Ninh,21.0064,107.2925,27.4,89,32.3,100,997.4,1
2020-08-02,Quang_Ninh,21.0064,107.2925,26.6,97,31.8,97,997.5,1
2020-08-03,Quang_Ninh,21.0064,107.2925,26.3,97,18.4,100,1000.1,1
2020-08-04,Quang_Ninh,21.0064,107.2925,26.0,98,6.7,100,1000.9,1
2020-08-05,Quang_Ninh,21.0064,107.2925,26.5,97,11.5,99,1003.2,1
2020-08-06,Quang_Ninh,21.0064,107.2925,27.2,93,17.2,97,1005.9,1
2020-08-07,Quang_Ninh,21.0064,107.2925,27.8,91,13.4,65,1005.7,1
2020-08-08,Quang_Ninh,21.0064,107.2925,28.2,88,11.5,85,1004.2,1
2020-08-09,Quang_Ninh,21.0064,107.2925,29.1,84,13.5,83,1002.4,1
2020-08-10,Quang_Ninh,21.0064,107.2925,29.7,88,16.2,85,1001.4,1
2020-08-11,Quang_Ninh,21.0064,107.2925,29.7,87,18.6,84,1001.9,1
2020-08-12,Quang_Ninh,21.0064,107.2925,29.1,87,18.8,84,1004.8,1
2020-08-13,Quang_Ninh,21.0064,107.2925,26.8,95,13.2,96,1006.0,1
2020-08-14,Quang_Ninh,21.0064,107.2925,25.9,97,17.4,97,1006.2,1
2020-08-15,Quang_Ninh,21.0064,107.2925,26.8,90,18.3,85,1005.7,1
2020-08-16,Quang_Ninh,21.0064,107.2925,26.0,94,16.9,96,1005.0,1
2020-08-17,Quang_Ninh,21.0064,107.2925,25.4,98,19.2,100,1005.2,1
2020-08-18,Quang_Ninh,21.0064,107.2925,25.7,97,12.2,98,1005.2,1
2020-08-19,Quang_Ninh,21.0064,107.2925,26.1,97,8.1,100,1004.5,1
2020-08-20,Quang_Ninh,21.0064,107.2925,26.2,95,7.6,99,1006.2,1
2020-08-21,Quang_Ninh,21.0064,107.2925,26.9,93,10.5,96,1007.6,1
2020-08-22,Quang_Ninh,21.0064,107.2925,27.6,92,11.2,59,1007.2,1
2020-08-23,Quang_Ninh,21.0064,107.2925,28.0,87,13.3,44,1005.9,1
2020-08-24,Quang_Ninh,21.0064,107.2925,28.9,85,17.2,51,1003.9,1
2020-08-25,Quang_Ninh,21.0064,107.2925,29.0,90,13.0,71,1002.4,1
2020-08-26,Quang_Ninh,21.0064,107.2925,28.3,92,10.8,91,1001.3,1
2020-08-27,Quang_Ninh,21.0064,107.2925,29.1,86,9.5,60,1000.3,1
2020-08-28,Quang_Ninh,21.0064,107.2925,29.4,87,9.8,55,1001.8,1
2020-08-29,Quang_Ninh,21.0064,107.2925,29.1,87,9.4,89,1003.7,1
2020-08-30,Quang_Ninh,21.0064,107.2925,29.2,85,9.8,43,1004.5,1
2020-08-31,Quang_Ninh,21.0064,107.2925,29.1,85,7.6,61,1006.1,1
2020-09-01,Quang_Ninh,21.0064,107.2925,29.8,76,7.9,27,1005.9,1
2020-09-02,Quang_Ninh,21.0064,107.2925,29.6,83,8.6,57,1006.4,1
2020-09-03,Quang_Ninh,21.0064,107.2925,29.2,88,8.4,56,1007.6,1
2020-09-04,Quang_Ninh,21.0064,107.2925,28.9,88,11.5,64,1007.3,1
2020-09-05,Quang_Ninh,21.0064,107.2925,29.4,83,12.1,24,1005.2,1
2020-09-06,Quang_Ninh,21.0064,107.2925,29.5,86,11.2,74,1003.6,1
2020-09-07,Quang_Ninh,21.0064,107.2925,27.4,94,7.8,100,1004.5,1
2020-09-08,Quang_Ninh,21.0064,107.2925,26.8,93,7.5,99,1008.0,1
2020-09-09,Quang_Ninh,21.0064,107.2925,26.8,95,8.7,98,1008.1,1
2020-09-10,Quang_Ninh,21.0064,107.2925,27.5,91,13.2,91,1005.1,1
2020-09-11,Quang_Ninh,21.0064,107.2925,28.0,92,14.1,98,1006.1,1
2020-09-12,Quang_Ninh,21.0064,107.2925,27.9,94,9.8,93,1009.1,1
2020-09-13,Quang_Ninh,21.0064,107.2925,27.6,93,7.6,95,1009.8,1
2020-09-14,Quang_Ninh,21.0064,107.2925,27.3,93,8.3,90,1008.4,1
2020-09-15,Quang_Ninh,21.0064,107.2925,27.7,89,12.3,86,1007.2,1
2020-09-16,Quang_Ninh,21.0064,107.2925,28.3,89,9.0,78,1005.8,1
2020-09-17,Quang_Ninh,21.0064,107.2925,28.8,87,19.8,90,1004.6,1
2020-09-18,Quang_Ninh,21.0064,107.2925,25.9,80,26.8,95,1004.5,1
2020-09-19,Quang_Ninh,21.0064,107.2925,25.6,91,24.7,99,1007.0,1
2020-09-20,Quang_Ninh,21.0064,107.2925,25.2,98,17.3,98,1008.3,1
2020-09-21,Quang_Ninh,21.0064,107.2925,26.2,95,14.2,99,1008.5,1
2020-09-22,Quang_Ninh,21.0064,107.2925,27.0,92,12.2,97,1008.0,1
2020-09-23,Quang_Ninh,21.0064,107.2925,27.0,94,10.7,98,1008.8,1
2020-09-24,Quang_Ninh,21.0064,107.2925,26.6,87,14.4,65,1009.9,1
2020-09-25,Quang_Ninh,21.0064,107.2925,26.7,87,13.9,95,1007.8,1
2020-09-26,Quang_Ninh,21.0064,107.2925,27.2,92,9.2,94,1006.7,1
2020-09-27,Quang_Ninh,21.0064,107.2925,26.9,88,16.8,95,1008.0,1
2020-09-28,Quang_Ninh,21.0064,107.2925,26.9,85,17.1,73,1008.0,1
2020-09-29,Quang_Ninh,21.0064,107.2925,27.3,91,9.2,92,1006.8,1
2020-09-30,Quang_Ninh,21.0064,107.2925,27.2,93,10.0,78,1005.8,1
2020-10-01,Quang_Ninh,21.0064,107.2925,26.7,92,15.6,91,1006.7,1
2020-10-02,Quang_Ninh,21.0064,107.2925,26.6,94,14.8,96,1007.5,1
2020-10-03,Quang_Ninh,21.0064,107.2925,26.5,93,9.4,90,1008.6,1
2020-10-04,Quang_Ninh,21.0064,107.2925,26.9,93,9.2,64,1008.6,1
2020-10-05,Quang_Ninh,21.0064,107.2925,27.0,87,18.6,46,1009.6,1
2020-10-06,Quang_Ninh,21.0064,107.2925,25.5,78,20.6,40,1011.9,1
2020-10-07,Quang_Ninh,21.0064,107.2925,23.8,74,17.1,64,1013.3,0
2020-10-08,Quang_Ninh,21.0064,107.2925,22.8,73,18.8,31,1013.9,0
2020-10-09,Quang_Ninh,21.0064,107.2925,22.6,74,19.6,5,1014.4,0
2020-10-10,Quang_Ninh,21.0064,107.2925,22.5,72,13.9,21,1012.9,0
2020-10-11,Quang_Ninh,21.0064,107.2925,23.3,72,15.5,61,1010.1,0
2020-10-12,Quang_Ninh,21.0064,107.2925,25.2,70,16.3,96,1008.3,0
2020-10-13,Quang_Ninh,21.0064,107.2925,25.8,67,22.0,83,1006.8,1
2020-10-14,Quang_Ninh,21.0064,107.2925,22.5,96,33.2,100,1004.9,1
2020-10-15,Quang_Ninh,21.0064,107.2925,23.0,97,27.0,100,1009.2,1
2020-10-16,Quang_Ninh,21.0064,107.2925,24.9,74,25.3,89,1011.3,1
2020-10-17,Quang_Ninh,21.0064,107.2925,22.0,67,26.8,94,1012.8,0
2020-10-18,Quang_Ninh,21.0064,107.2925,21.4,71,21.6,96,1013.2,1
2020-10-19,Quang_Ninh,21.0064,107.2925,21.0,68,21.6,94,1014.1,0
2020-10-20,Quang_Ninh,21.0064,107.2925,21.6,70,17.7,54,1015.1,0
2020-10-21,Quang_Ninh,21.0064,107.2925,21.2,63,20.3,24,1014.9,0
2020-10-22,Quang_Ninh,21.0064,107.2925,21.9,55,21.1,42,1012.4,0
2020-10-23,Quang_Ninh,21.0064,107.2925,22.1,55,16.3,58,1012.7,0
2020-10-24,Quang_Ninh,21.0064,107.2925,22.0,59,13.4,89,1013.1,0
2020-10-25,Quang_Ninh,21.0064,107.2925,23.6,66,18.9,94,1012.1,1
2020-10-26,Quang_Ninh,21.0064,107.2925,23.4,83,19.2,73,1012.3,1
2020-10-27,Quang_Ninh,21.0064,107.2925,25.0,78,13.0,68,1011.2,0
2020-10-28,Quang_Ninh,21.0064,107.2925,24.8,75,26.9,98,1011.2,1
2020-10-29,Quang_Ninh,21.0064,107.2925,24.6,71,30.6,94,1013.7,1
2020-10-30,Quang_Ninh,21.0064,107.2925,22.6,81,21.9,97,1016.4,1
2020-10-31,Quang_Ninh,21.0064,107.2925,23.6,77,16.5,54,1016.2,0
2020-11-01,Quang_Ninh,21.0064,107.2925,24.2,82,13.2,51,1015.0,1
2020-11-02,Quang_Ninh,21.0064,107.2925,23.4,79,15.5,51,1015.7,1
2020-11-03,Quang_Ninh,21.0064,107.2925,21.5,66,13.7,58,1017.3,0
2020-11-04,Quang_Ninh,21.0064,107.2925,21.9,68,12.9,63,1016.3,0
2020-11-05,Quang_Ninh,21.0064,107.2925,22.3,74,14.6,56,1016.1,0
2020-11-06,Quang_Ninh,21.0064,107.2925,23.4,74,15.1,25,1016.7,0
2020-11-07,Quang_Ninh,21.0064,107.2925,24.0,65,14.7,1,1017.4,0
2020-11-08,Quang_Ninh,21.0064,107.2925,23.9,56,13.0,19,1017.9,0
2020-11-09,Quang_Ninh,21.0064,107.2925,22.9,49,16.9,17,1017.6,0
2020-11-10,Quang_Ninh,21.0064,107.2925,21.9,48,16.5,63,1017.9,0
2020-11-11,Quang_Ninh,21.0064,107.2925,22.7,48,17.8,69,1019.1,0
2020-11-12,Quang_Ninh,21.0064,107.2925,22.8,48,16.4,22,1018.6,0
2020-11-13,Quang_Ninh,21.0064,107.2925,22.7,48,13.9,1,1016.3,0
2020-11-14,Quang_Ninh,21.0064,107.2925,21.7,53,17.8,69,1015.9,1
2020-11-15,Quang_Ninh,21.0064,107.2925,21.7,80,26.3,100,1016.0,1
2020-11-16,Quang_Ninh,21.0064,107.2925,22.6,86,20.2,96,1015.7,1
2020-11-17,Quang_Ninh,21.0064,107.2925,23.4,91,13.8,76,1012.8,1
2020-11-18,Quang_Ninh,21.0064,107.2925,23.8,91,9.2,34,1011.2,1
2020-11-19,Quang_Ninh,21.0064,107.2925,23.5,92,10.8,31,1010.5,1
2020-11-20,Quang_Ninh,21.0064,107.2925,23.4,92,9.7,58,1011.2,0
2020-11-21,Quang_Ninh,21.0064,107.2925,24.0,91,10.3,50,1012.0,1
2020-11-22,Quang_Ninh,21.0064,107.2925,24.1,91,11.8,66,1015.0,1
2020-11-23,Quang_Ninh,21.0064,107.2925,23.7,81,18.0,41,1017.1,0
2020-11-24,Quang_Ninh,21.0064,107.2925,22.3,78,17.2,40,1017.4,1
2020-11-25,Quang_Ninh,21.0064,107.2925,22.6,85,14.1,61,1016.8,1
2020-11-26,Quang_Ninh,21.0064,107.2925,23.2,81,17.0,36,1017.9,0
2020-11-27,Quang_Ninh,21.0064,107.2925,21.7,72,18.4,2,1019.9,0
2020-11-28,Quang_Ninh,21.0064,107.2925,19.1,63,17.4,23,1021.4,0
2020-11-29,Quang_Ninh,21.0064,107.2925,17.5,58,15.2,58,1021.7,0
2020-11-30,Quang_Ninh,21.0064,107.2925,17.7,59,14.2,29,1022.0,0
2020-12-01,Quang_Ninh,21.0064,107.2925,18.8,60,19.0,66,1021.4,0
2020-12-02,Quang_Ninh,21.0064,107.2925,19.1,63,15.7,99,1020.3,0
2020-12-03,Quang_Ninh,21.0064,107.2925,18.5,57,16.2,39,1020.8,0
2020-12-04,Quang_Ninh,21.0064,107.2925,15.5,57,16.7,15,1021.6,0
2020-12-05,Quang_Ninh,21.0064,107.2925,14.3,65,15.3,1,1021.8,0
2020-12-06,Quang_Ninh,21.0064,107.2925,15.1,69,12.6,3,1020.0,0
2020-12-07,Quang_Ninh,21.0064,107.2925,17.3,65,12.6,10,1020.8,0
2020-12-08,Quang_Ninh,21.0064,107.2925,16.9,65,12.2,26,1020.1,0
2020-12-09,Quang_Ninh,21.0064,107.2925,16.8,70,12.3,7,1016.9,0
2020-12-10,Quang_Ninh,21.0064,107.2925,19.0,66,15.5,32,1016.2,0
2020-12-11,Quang_Ninh,21.0064,107.2925,19.7,72,13.8,50,1014.9,0
2020-12-12,Quang_Ninh,21.0064,107.2925,20.0,80,15.9,59,1013.6,1
2020-12-13,Quang_Ninh,21.0064,107.2925,21.8,89,8.5,96,1011.1,1
2020-12-14,Quang_Ninh,21.0064,107.2925,19.8,81,20.1,98,1015.2,1
2020-12-15,Quang_Ninh,21.0064,107.2925,13.9,70,18.4,98,1020.9,1
2020-12-16,Quang_Ninh,21.0064,107.2925,12.5,68,12.0,100,1023.0,1
2020-12-17,Quang_Ninh,21.0064,107.2925,13.1,67,11.7,100,1021.7,0
2020-12-18,Quang_Ninh,21.0064,107.2925,12.7,61,14.1,99,1022.3,0
2020-12-19,Quang_Ninh,21.0064,107.2925,12.7,53,17.4,99,1024.2,0
2020-12-20,Quang_Ninh,21.0064,107.2925,13.6,48,18.4,68,1024.6,0
2020-12-21,Quang_Ninh,21.0064,107.2925,14.3,47,13.6,43,1022.5,0
2020-12-22,Quang_Ninh,21.0064,107.2925,16.1,50,10.0,83,1019.0,0
2020-12-23,Quang_Ninh,21.0064,107.2925,16.7,73,10.5,97,1016.7,1
2020-12-24,Quang_Ninh,21.0064,107.2925,17.3,80,10.9,91,1016.8,1
2020-12-25,Quang_Ninh,21.0064,107.2925,17.8,69,13.2,87,1017.0,0
2020-12-26,Quang_Ninh,21.0064,107.2925,18.4,88,9.8,82,1015.2,1
2020-12-27,Quang_Ninh,21.0064,107.2925,19.2,93,14.9,98,1014.2,1
2020-12-28,Quang_Ninh,21.0064,107.2925,19.7,93,9.4,80,1012.4,1
2020-12-29,Quang_Ninh,21.0064,107.2925,20.9,84,17.9,58,1013.7,1
2020-12-30,Quang_Ninh,21.0064,107.2925,14.9,46,25.4,73,1022.8,0
2020-12-31,Quang_Ninh,21.0064,107.2925,12.3,43,18.6,73,1025.9,0
2021-01-01,Quang_Ninh,21.0064,107.2925,12.0,50,12.3,42,1024.6,0
2021-01-02,Quang_Ninh,21.0064,107.2925,13.1,56,13.5,10,1021.2,0
2021-01-03,Quang_Ninh,21.0064,107.2925,15.2,58,17.1,74,1020.9,1
2021-01-04,Quang_Ninh,21.0064,107.2925,16.5,52,14.1,71,1019.9,0
2021-01-05,Quang_Ninh,21.0064,107.2925,17.3,59,15.8,93,1019.5,0
2021-01-06,Quang_Ninh,21.0064,107.2925,16.9,59,15.8,96,1018.4,0
2021-01-07,Quang_Ninh,21.0064,107.2925,14.3,69,16.1,100,1019.4,1
2021-01-08,Quang_Ninh,21.0064,107.2925,8.8,61,19.6,97,1024.7,1
2021-01-09,Quang_Ninh,21.0064,107.2925,9.7,46,13.8,97,1024.0,0
2021-01-10,Quang_Ninh,21.0064,107.2925,10.3,53,15.3,89,1023.2,1
2021-01-11,Quang_Ninh,21.0064,107.2925,9.9,41,19.1,71,1027.5,0
2021-01-12,Quang_Ninh,21.0064,107.2925,11.5,42,13.8,37,1024.8,0
2021-01-13,Quang_Ninh,21.0064,107.2925,13.3,57,12.0,16,1018.5,0
2021-01-14,Quang_Ninh,21.0064,107.2925,14.7,76,13.0,28,1016.6,0
2021-01-15,Quang_Ninh,21.0064,107.2925,15.3,83,10.7,28,1014.7,0
2021-01-16,Quang_Ninh,21.0064,107.2925,17.4,74,10.7,76,1015.3,0
2021-01-17,Quang_Ninh,21.0064,107.2925,15.2,60,25.1,87,1023.3,1
2021-01-18,Quang_Ninh,21.0064,107.2925,12.1,53,15.1,5,1023.4,0
2021-01-19,Quang_Ninh,21.0064,107.2925,13.7,67,10.6,0,1018.2,0
2021-01-20,Quang_Ninh,21.0064,107.2925,16.0,84,10.8,27,1016.3,0
2021-01-21,Quang_Ninh,21.0064,107.2925,17.1,87,11.6,20,1015.0,0
2021-01-22,Quang_Ninh,21.0064,107.2925,17.6,86,9.4,35,1014.4,1
2021-01-23,Quang_Ninh,21.0064,107.2925,17.6,81,13.4,9,1014.0,0
2021-01-24,Quang_Ninh,21.0064,107.2925,18.0,82,11.6,49,1013.4,1
2021-01-25,Quang_Ninh,21.0064,107.2925,19.1,91,11.9,76,1014.7,1
2021-01-26,Quang_Ninh,21.0064,107.2925,18.5,88,12.8,42,1015.9,1
2021-01-27,Quang_Ninh,21.0064,107.2925,17.4,87,13.3,54,1015.8,0
2021-01-28,Quang_Ninh,21.0064,107.2925,18.2,74,17.1,56,1020.2,1
2021-01-29,Quang_Ninh,21.0064,107.2925,16.4,68,16.6,22,1020.2,0
2021-01-30,Quang_Ninh,21.0064,107.2925,16.9,84,16.2,63,1019.3,1
2021-01-31,Quang_Ninh,21.0064,107.2925,17.9,89,14.9,82,1018.9,1
2021-02-01,Quang_Ninh,21.0064,107.2925,18.6,89,11.2,69,1017.9,0
2021-02-02,Quang_Ninh,21.0064,107.2925,18.6,88,11.9,43,1018.2,0
2021-02-03,Quang_Ninh,21.0064,107.2925,19.0,83,13.7,26,1018.9,0
2021-02-04,Quang_Ninh,21.0064,107.2925,18.9,87,12.4,36,1019.3,1
2021-02-05,Quang_Ninh,21.0064,107.2925,18.6,85,12.7,24,1018.0,0
2021-02-06,Quang_Ninh,21.0064,107.2925,18.3,83,11.8,6,1016.4,0
2021-02-07,Quang_Ninh,21.0064,107.2925,19.0,85,10.0,9,1015.7,0
2021-02-08,Quang_Ninh,21.0064,107.2925,20.0,78,14.9,93,1016.7,1
2021-02-09,Quang_Ninh,21.0064,107.2925,15.6,97,22.9,100,1015.3,1
2021-02-10,Quang_Ninh,21.0064,107.2925,16.3,84,12.9,33,1014.8,0
2021-02-11,Quang_Ninh,21.0064,107.2925,16.6,82,12.5,16,1015.5,0
2021-02-12,Quang_Ninh,21.0064,107.2925,17.1,77,11.8,5,1016.5,0
2021-02-13,Quang_Ninh,21.0064,107.2925,17.5,78,12.0,29,1016.4,0
2021-02-14,Quang_Ninh,21.0064,107.2925,18.7,81,13.4,14,1015.8,0
2021-02-15,Quang_Ninh,21.0064,107.2925,18.7,82,10.5,4,1013.4,0
2021-02-16,Quang_Ninh,21.0064,107.2925,19.3,84,11.3,36,1014.5,0
2021-02-17,Quang_Ninh,21.0064,107.2925,20.2,70,13.8,67,1018.9,0
2021-02-18,Quang_Ninh,21.0064,107.2925,19.6,68,15.9,24,1022.3,0
2021-02-19,Quang_Ninh,21.0064,107.2925,18.7,76,12.8,19,1022.1,0
2021-02-20,Quang_Ninh,21.0064,107.2925,18.5,69,11.4,6,1018.7,0
2021-02-21,Quang_Ninh,21.0064,107.2925,18.9,84,11.6,22,1015.5,0
2021-02-22,Quang_Ninh,21.0064,107.2925,19.4,89,16.3,35,1014.5,0
2021-02-23,Quang_Ninh,21.0064,107.2925,19.8,87,14.9,16,1013.7,0
2021-02-24,Quang_Ninh,21.0064,107.2925,20.1,90,12.5,53,1011.0,0
2021-02-25,Quang_Ninh,21.0064,107.2925,20.9,94,12.4,94,1007.6,1
2021-02-26,Quang_Ninh,21.0064,107.2925,21.7,88,18.0,69,1007.3,1
2021-02-27,Quang_Ninh,21.0064,107.2925,18.2,87,20.2,97,1011.2,1
2021-02-28,Quang_Ninh,21.0064,107.2925,19.5,94,16.4,88,1011.8,1
2021-03-01,Quang_Ninh,21.0064,107.2925,21.7,93,13.8,95,1013.9,1
2021-03-02,Quang_Ninh,21.0064,107.2925,18.5,68,15.2,96,1017.8,0
2021-03-03,Quang_Ninh,21.0064,107.2925,17.8,88,16.0,100,1017.3,1
2021-03-04,Quang_Ninh,21.0064,107.2925,18.3,91,14.5,100,1015.3,1
2021-03-05,Quang_Ninh,21.0064,107.2925,20.4,94,7.6,100,1012.3,1
2021-03-06,Quang_Ninh,21.0064,107.2925,22.4,96,16.2,95,1013.3,1
2021-03-07,Quang_Ninh,21.0064,107.2925,20.6,80,19.5,97,1016.2,1
2021-03-08,Quang_Ninh,21.0064,107.2925,20.9,94,14.0,74,1016.2,1
2021-03-09,Quang_Ninh,21.0064,107.2925,21.5,95,13.0,75,1016.0,1
2021-03-10,Quang_Ninh,21.0064,107.2925,21.6,95,12.8,65,1015.9,1
2021-03-11,Quang_Ninh,21.0064,107.2925,21.8,93,12.5,58,1016.6,1
2021-03-12,Quang_Ninh,21.0064,107.2925,21.6,93,13.5,71,1017.0,1
2021-03-13,Quang_Ninh,21.0064,107.2925,21.7,87,16.0,22,1016.3,0
2021-03-14,Quang_Ninh,21.0064,107.2925,21.6,92,11.7,64,1013.6,1
2021-03-15,Quang_Ninh,21.0064,107.2925,21.4,94,14.8,66,1011.3,1
2021-03-16,Quang_Ninh,21.0064,107.2925,22.2,91,10.5,70,1010.9,1
2021-03-17,Quang_Ninh,21.0064,107.2925,22.5,92,12.2,73,1010.6,1
2021-03-18,Quang_Ninh,21.0064,107.2925,22.7,92,12.2,69,1010.2,1
2021-03-19,Quang_Ninh,21.0064,107.2925,23.1,93,14.4,68,1009.0,1
2021-03-20,Quang_Ninh,21.0064,107.2925,24.0,91,10.8,93,1008.5,1
2021-03-21,Quang_Ninh,21.0064,107.2925,18.9,76,23.4,99,1014.8,1
2021-03-22,Quang_Ninh,21.0064,107.2925,16.2,65,18.2,88,1022.2,1
2021-03-23,Quang_Ninh,21.0064,107.2925,17.4,68,10.9,56,1019.5,0
2021-03-24,Quang_Ninh,21.0064,107.2925,19.6,81,10.9,80,1015.1,0
2021-03-25,Quang_Ninh,21.0064,107.2925,21.3,90,10.8,54,1013.3,1
2021-03-26,Quang_Ninh,21.0064,107.2925,22.1,95,9.5,93,1011.2,1
2021-03-27,Quang_Ninh,21.0064,107.2925,22.8,94,8.3,92,1009.3,1
2021-03-28,Quang_Ninh,21.0064,107.2925,23.2,91,8.3,84,1007.8,1
2021-03-29,Quang_Ninh,21.0064,107.2925,23.8,94,14.5,87,1004.4,0
2021-03-30,Quang_Ninh,21.0064,107.2925,24.8,89,14.9,42,1002.0,0
2021-03-31,Quang_Ninh,21.0064,107.2925,25.1,88,14.8,50,1001.8,0
2021-04-01,Quang_Ninh,21.0064,107.2925,24.6,91,13.4,24,1003.4,0
2021-04-02,Quang_Ninh,21.0064,107.2925,25.1,90,10.4,82,1006.3,0
2021-04-03,Quang_Ninh,21.0064,107.2925,25.6,89,9.1,67,1009.2,0
2021-04-04,Quang_Ninh,21.0064,107.2925,23.3,94,16.2,92,1012.0,1
2021-04-05,Quang_Ninh,21.0064,107.2925,22.9,85,16.6,79,1014.7,1
2021-04-06,Quang_Ninh,21.0064,107.2925,22.6,88,18.2,74,1014.8,1
2021-04-07,Quang_Ninh,21.0064,107.2925,23.5,94,10.4,68,1012.8,1
2021-04-08,Quang_Ninh,21.0064,107.2925,23.7,92,17.5,71,1011.5,1
2021-04-09,Quang_Ninh,21.0064,107.2925,21.4,80,18.5,86,1013.9,1
2021-04-10,Quang_Ninh,21.0064,107.2925,22.1,84,19.0,89,1015.4,1
2021-04-11,Quang_Ninh,21.0064,107.2925,23.7,92,12.5,77,1015.1,1
2021-04-12,Quang_Ninh,21.0064,107.2925,23.6,93,10.1,83,1013.5,1
2021-04-13,Quang_Ninh,21.0064,107.2925,24.4,89,9.6,72,1011.8,0
2021-04-14,Quang_Ninh,21.0064,107.2925,24.7,90,12.5,90,1010.2,1
2021-04-15,Quang_Ninh,21.0064,107.2925,24.6,92,9.5,97,1009.2,1
2021-04-16,Quang_Ninh,21.0064,107.2925,25.0,90,13.7,84,1010.4,1
2021-04-17,Quang_Ninh,21.0064,107.2925,23.6,90,19.4,100,1013.5,1
2021-04-18,Quang_Ninh,21.0064,107.2925,22.9,91,13.8,78,1012.1,1
2021-04-19,Quang_Ninh,21.0064,107.2925,24.0,96,10.1,86,1008.6,1
2021-04-20,Quang_Ninh,21.0064,107.2925,24.9,95,12.9,73,1008.1,1
2021-04-21,Quang_Ninh,21.0064,107.2925,25.1,95,12.1,84,1008.7,1
2021-04-22,Quang_Ninh,21.0064,107.2925,25.3,92,12.0,52,1008.0,1
2021-04-23,Quang_Ninh,21.0064,107.2925,25.7,92,15.2,61,1006.0,1
2021-04-24,Quang_Ninh,21.0064,107.2925,25.9,95,16.1,71,1006.2,1
2021-04-25,Quang_Ninh,21.0064,107.2925,25.8,94,11.5,92,1008.2,1
2021-04-26,Quang_Ninh,21.0064,107.2925,23.7,98,15.2,100,1009.9,1
2021-04-27,Quang_Ninh,21.0064,107.2925,23.5,88,15.0,96,1012.3,1
2021-04-28,Quang_Ninh,21.0064,107.2925,24.0,84,13.2,71,1013.9,1
2021-04-29,Quang_Ninh,21.0064,107.2925,21.4,85,13.3,93,1014.2,1
2021-04-30,Quang_Ninh,21.0064,107.2925,22.9,85,10.1,67,1011.6,0
2021-05-01,Quang_Ninh,21.0064,107.2925,24.7,88,9.8,75,1011.1,0
2021-05-02,Quang_Ninh,21.0064,107.2925,25.3,93,10.5,86,1010.0,1
2021-05-03,Quang_Ninh,21.0064,107.2925,25.8,94,19.1,79,1007.9,1
2021-05-04,Quang_Ninh,21.0064,107.2925,26.6,91,15.1,59,1007.7,1
2021-05-05,Quang_Ninh,21.0064,107.2925,26.3,90,16.5,89,1010.8,1
2021-05-06,Quang_Ninh,21.0064,107.2925,25.9,90,11.2,87,1012.3,1
2021-05-07,Quang_Ninh,21.0064,107.2925,26.5,91,17.9,70,1011.4,1
2021-05-08,Quang_Ninh,21.0064,107.2925,26.5,88,16.8,63,1008.7,1
2021-05-09,Quang_Ninh,21.0064,107.2925,26.9,89,14.1,66,1006.8,1
2021-05-10,Quang_Ninh,21.0064,107.2925,27.8,90,18.3,44,1005.5,1
2021-05-11,Quang_Ninh,21.0064,107.2925,28.2,91,19.8,52,1004.4,1
2021-05-12,Quang_Ninh,21.0064,107.2925,28.3,89,18.2,48,1004.4,1
2021-05-13,Quang_Ninh,21.0064,107.2925,27.7,90,17.3,83,1005.0,1
2021-05-14,Quang_Ninh,21.0064,107.2925,28.0,89,19.8,76,1004.9,1
2021-05-15,Quang_Ninh,21.0064,107.2925,28.4,90,18.3,67,1005.3,1
2021-05-16,Quang_Ninh,21.0064,107.2925,28.5,89,20.2,43,1005.5,1
2021-05-17,Quang_Ninh,21.0064,107.2925,28.1,90,17.9,58,1006.7,1
2021-05-18,Quang_Ninh,21.0064,107.2925,28.1,90,18.1,79,1006.5,1
2021-05-19,Quang_Ninh,21.0064,107.2925,28.7,88,20.8,81,1004.3,1
2021-05-20,Quang_Ninh,21.0064,107.2925,28.6,91,19.1,98,1004.4,1
2021-05-21,Quang_Ninh,21.0064,107.2925,28.8,91,19.4,68,1004.0,1
2021-05-22,Quang_Ninh,21.0064,107.2925,29.2,88,19.4,34,1002.7,1
2021-05-23,Quang_Ninh,21.0064,107.2925,29.2,88,14.6,71,1004.2,1
2021-05-24,Quang_Ninh,21.0064,107.2925,28.1,82,19.0,90,1007.8,1
2021-05-25,Quang_Ninh,21.0064,107.2925,27.4,82,21.2,64,1007.7,1
2021-05-26,Quang_Ninh,21.0064,107.2925,27.2,93,12.9,74,1006.7,1
2021-05-27,Quang_Ninh,21.0064,107.2925,27.9,91,11.0,68,1007.5,1
2021-05-28,Quang_Ninh,21.0064,107.2925,27.7,90,13.4,87,1007.7,1
2021-05-29,Quang_Ninh,21.0064,107.2925,29.0,88,21.1,91,1005.4,1
2021-05-30,Quang_Ninh,21.0064,107.2925,30.0,85,16.8,98,1003.0,0
2021-05-31,Quang_Ninh,21.0064,107.2925,30.4,84,18.1,97,1001.1,0
2021-06-01,Quang_Ninh,21.0064,107.2925,30.8,83,18.8,97,1001.5,0
2021-06-02,Quang_Ninh,21.0064,107.2925,30.4,86,18.7,99,1002.5,1
2021-06-03,Quang_Ninh,21.0064,107.2925,30.8,85,17.0,93,1002.5,1
2021-06-04,Quang_Ninh,21.0064,107.2925,25.3,79,21.3,82,1005.6,1
2021-06-05,Quang_Ninh,21.0064,107.2925,26.4,79,18.8,80,1005.2,1
2021-06-06,Quang_Ninh,21.0064,107.2925,27.8,81,12.0,63,1003.6,1
2021-06-07,Quang_Ninh,21.0064,107.2925,27.1,91,11.4,79,1004.5,1
2021-06-08,Quang_Ninh,21.0064,107.2925,26.8,95,9.5,94,1005.2,1
2021-06-09,Quang_Ninh,21.0064,107.2925,27.0,94,12.2,94,1004.2,1
2021-06-10,Quang_Ninh,21.0064,107.2925,27.7,91,10.4,98,1002.8,1
2021-06-11,Quang_Ninh,21.0064,107.2925,27.4,91,13.7,98,1003.1,1
2021-06-12,Quang_Ninh,21.0064,107.2925,27.5,89,28.8,99,1001.4,1
2021-06-13,Quang_Ninh,21.0064,107.2925,27.2,88,25.2,93,1002.3,1
2021-06-14,Quang_Ninh,21.0064,107.2925,28.8,82,21.4,50,1001.7,1
2021-06-15,Quang_Ninh,21.0064,107.2925,29.4,80,27.2,64,1000.0,1
2021-06-16,Quang_Ninh,21.0064,107.2925,29.9,83,21.7,86,1001.8,1
2021-06-17,Quang_Ninh,21.0064,107.2925,30.1,83,19.7,54,1003.7,1
2021-06-18,Quang_Ninh,21.0064,107.2925,30.3,82,19.4,13,1003.7,1
2021-06-19,Quang_Ninh,21.0064,107.2925,31.0,79,19.9,52,1001.4,0
2021-06-20,Quang_Ninh,21.0064,107.2925,31.5,75,18.8,61,999.2,0
2021-06-21,Quang_Ninh,21.0064,107.2925,31.5,81,15.5,95,999.7,0
2021-06-22,Quang_Ninh,21.0064,107.2925,29.4,88,14.0,99,1002.8,1
2021-06-23,Quang_Ninh,21.0064,107.2925,29.4,87,12.4,100,1003.3,1
2021-06-24,Quang_Ninh,21.0064,107.2925,28.8,89,9.4,96,1002.6,1
2021-06-25,Quang_Ninh,21.0064,107.2925,28.1,90,12.0,91,1002.7,1
2021-06-26,Quang_Ninh,21.0064,107.2925,28.8,87,21.3,90,1003.6,1
2021-06-27,Quang_Ninh,21.0064,107.2925,30.9,80,24.5,91,1002.5,1
2021-06-28,Quang_Ninh,21.0064,107.2925,31.0,78,21.3,98,1000.0,1
2021-06-29,Quang_Ninh,21.0064,107.2925,30.3,83,22.6,100,1000.2,1
2021-06-30,Quang_Ninh,21.0064,107.2925,29.8,84,22.9,100,1001.0,1
2021-07-01,Quang_Ninh,21.0064,107.2925,30.2,82,24.8,100,1001.4,1
2021-07-02,Quang_Ninh,21.0064,107.2925,30.6,81,21.3,99,1002.3,1
2021-07-03,Quang_Ninh,21.0064,107.2925,30.9,82,17.4,97,1002.1,1
2021-07-04,Quang_Ninh,21.0064,107.2925,30.3,87,15.4,96,1003.1,1
2021-07-05,Quang_Ninh,21.0064,107.2925,29.4,89,9.3,70,1004.2,1
2021-07-06,Quang_Ninh,21.0064,107.2925,28.8,88,11.7,56,1003.8,1
2021-07-07,Quang_Ninh,21.0064,107.2925,28.1,90,24.9,77,1003.5,1
2021-07-08,Quang_Ninh,21.0064,107.2925,27.6,89,23.1,73,1006.2,1
2021-07-09,Quang_Ninh,21.0064,107.2925,28.1,88,10.7,48,1007.9,1
2021-07-10,Quang_Ninh,21.0064,107.2925,28.1,88,10.3,48,1008.1,1
2021-07-11,Quang_Ninh,21.0064,107.2925,28.3,86,11.2,37,1009.1,1
2021-07-12,Quang_Ninh,21.0064,107.2925,29.0,84,17.3,36,1008.2,1
2021-07-13,Quang_Ninh,21.0064,107.2925,29.4,80,18.2,41,1006.2,1
2021-07-14,Quang_Ninh,21.0064,107.2925,29.3,82,18.9,28,1005.8,1
2021-07-15,Quang_Ninh,21.0064,107.2925,28.5,87,13.0,41,1007.2,1
2021-07-16,Quang_Ninh,21.0064,107.2925,29.0,82,11.2,24,1007.4,1
2021-07-17,Quang_Ninh,21.0064,107.2925,29.1,83,13.0,75,1004.1,0
2021-07-18,Quang_Ninh,21.0064,107.2925,28.9,84,11.0,94,1001.6,1
2021-07-19,Quang_Ninh,21.0064,107.2925,28.8,88,9.5,95,1001.5,1
2021-07-20,Quang_Ninh,21.0064,107.2925,28.4,90,10.0,97,1001.6,1
2021-07-21,Quang_Ninh,21.0064,107.2925,27.7,93,10.2,98,1000.8,1
2021-07-22,Quang_Ninh,21.0064,107.2925,27.0,95,10.9,100,999.1,1
2021-07-23,Quang_Ninh,21.0064,107.2925,26.2,97,17.1,98,996.7,1
2021-07-24,Quang_Ninh,21.0064,107.2925,27.9,91,16.9,53,997.8,1
2021-07-25,Quang_Ninh,21.0064,107.2925,28.5,89,9.7,63,999.0,1
2021-07-26,Quang_Ninh,21.0064,107.2925,28.7,88,13.4,68,998.6,1
2021-07-27,Quang_Ninh,21.0064,107.2925,29.2,90,9.5,71,997.4,1
2021-07-28,Quang_Ninh,21.0064,107.2925,29.4,90,6.4,81,997.0,1
2021-07-29,Quang_Ninh,21.0064,107.2925,28.1,94,5.9,100,998.7,1
2021-07-30,Quang_Ninh,21.0064,107.2925,29.0,91,9.4,99,999.5,1
2021-07-31,Quang_Ninh,21.0064,107.2925,29.7,90,11.1,99,998.5,1
2021-08-01,Quang_Ninh,21.0064,107.2925,27.0,97,8.7,100,998.0,1
2021-08-02,Quang_Ninh,21.0064,107.2925,27.9,92,10.0,91,998.0,1
2021-08-03,Quang_Ninh,21.0064,107.2925,29.2,86,10.2,79,998.9,1
2021-08-04,Quang_Ninh,21.0064,107.2925,30.1,86,10.8,90,999.1,1
2021-08-05,Quang_Ninh,21.0064,107.2925,30.8,86,9.4,92,997.7,1
2021-08-06,Quang_Ninh,21.0064,107.2925,31.2,85,9.3,100,998.4,1
2021-08-07,Quang_Ninh,21.0064,107.2925,31.0,84,12.1,99,999.9,1
2021-08-08,Quang_Ninh,21.0064,107.2925,30.8,87,14.8,95,1001.2,0
2021-08-09,Quang_Ninh,21.0064,107.2925,28.8,93,12.9,99,1001.9,1
2021-08-10,Quang_Ninh,21.0064,107.2925,27.7,94,11.5,100,1002.1,1
2021-08-11,Quang_Ninh,21.0064,107.2925,27.6,95,14.8,99,1004.9,1
2021-08-12,Quang_Ninh,21.0064,107.2925,28.2,90,14.0,96,1005.9,1
2021-08-13,Quang_Ninh,21.0064,107.2925,29.1,87,17.1,97,1002.5,1
2021-08-14,Quang_Ninh,21.0064,107.2925,28.6,92,17.3,100,1001.8,1
2021-08-15,Quang_Ninh,21.0064,107.2925,27.8,93,14.1,94,1005.6,1
2021-08-16,Quang_Ninh,21.0064,107.2925,28.0,89,15.3,96,1009.2,1
2021-08-17,Quang_Ninh,21.0064,107.2925,28.7,86,13.4,52,1008.3,1
2021-08-18,Quang_Ninh,21.0064,107.2925,29.0,87,10.9,81,1006.2,1
2021-08-19,Quang_Ninh,21.0064,107.2925,28.6,88,10.5,76,1006.4,1
2021-08-20,Quang_Ninh,21.0064,107.2925,28.7,86,13.4,59,1007.5,1
2021-08-21,Quang_Ninh,21.0064,107.2925,29.1,85,14.8,74,1006.7,1
2021-08-22,Quang_Ninh,21.0064,107.2925,29.5,85,16.3,79,1004.6,1
2021-08-23,Quang_Ninh,21.0064,107.2925,29.0,88,16.4,84,1003.5,1
2021-08-24,Quang_Ninh,21.0064,107.2925,28.8,89,13.4,100,1004.2,1
2021-08-25,Quang_Ninh,21.0064,107.2925,28.5,88,12.2,75,1005.6,1
2021-08-26,Quang_Ninh,21.0064,107.2925,27.7,88,11.3,72,1007.8,1
2021-08-27,Quang_Ninh,21.0064,107.2925,27.3,90,16.4,95,1009.2,1
2021-08-28,Quang_Ninh,21.0064,107.2925,26.3,93,11.9,85,1009.2,1
2021-08-29,Quang_Ninh,21.0064,107.2925,27.0,91,13.0,68,1008.8,1
2021-08-30,Quang_Ninh,21.0064,107.2925,27.0,91,10.4,94,1009.3,1
2021-08-31,Quang_Ninh,21.0064,107.2925,27.2,91,11.4,71,1009.2,1
2021-09-01,Quang_Ninh,21.0064,107.2925,27.8,88,9.7,82,1008.2,1
2021-09-02,Quang_Ninh,21.0064,107.2925,26.7,92,11.4,94,1007.0,1
2021-09-03,Quang_Ninh,21.0064,107.2925,27.0,92,9.7,80,1005.2,1
2021-09-04,Quang_Ninh,21.0064,107.2925,27.4,90,12.2,62,1005.6,1
2021-09-05,Quang_Ninh,21.0064,107.2925,26.8,92,9.2,84,1008.1,1
2021-09-06,Quang_Ninh,21.0064,107.2925,27.8,89,8.0,65,1009.5,1
2021-09-07,Quang_Ninh,21.0064,107.2925,27.4,91,15.3,83,1008.7,1
2021-09-08,Quang_Ninh,21.0064,107.2925,26.7,93,20.4,80,1007.8,1
2021-09-09,Quang_Ninh,21.0064,107.2925,27.5,88,13.0,32,1008.7,1
2021-09-10,Quang_Ninh,21.0064,107.2925,28.5,79,9.4,61,1007.3,0
2021-09-11,Quang_Ninh,21.0064,107.2925,29.4,83,10.2,71,1004.8,1
2021-09-12,Quang_Ninh,21.0064,107.2925,29.6,83,7.7,80,1002.2,1
2021-09-13,Quang_Ninh,21.0064,107.2925,28.7,89,15.5,93,1005.1,1
2021-09-14,Quang_Ninh,21.0064,107.2925,26.8,95,16.8,97,1009.1,1
2021-09-15,Quang_Ninh,21.0064,107.2925,26.6,94,12.2,99,1010.8,1
2021-09-16,Quang_Ninh,21.0064,107.2925,27.1,90,9.2,94,1009.7,1
2021-09-17,Quang_Ninh,21.0064,107.2925,27.7,87,12.0,82,1008.3,1
2021-09-18,Quang_Ninh,21.0064,107.2925,27.8,90,9.3,66,1008.9,1
2021-09-19,Quang_Ninh,21.0064,107.2925,28.2,88,10.3,44,1009.0,1
2021-09-20,Quang_Ninh,21.0064,107.2925,27.8,90,10.7,79,1009.0,1
2021-09-21,Quang_Ninh,21.0064,107.2925,27.6,89,6.4,54,1008.5,1
2021-09-22,Quang_Ninh,21.0064,107.2925,26.4,95,11.3,90,1008.6,1
2021-09-23,Quang_Ninh,21.0064,107.2925,26.7,93,15.7,89,1010.4,1
2021-09-24,Quang_Ninh,21.0064,107.2925,25.8,95,19.6,92,1010.7,1
2021-09-25,Quang_Ninh,21.0064,107.2925,26.3,95,18.6,84,1010.6,1
2021-09-26,Quang_Ninh,21.0064,107.2925,26.2,94,16.9,83,1010.8,1
2021-09-27,Quang_Ninh,21.0064,107.2925,27.1,90,9.6,44,1010.2,1
2021-09-28,Quang_Ninh,21.0064,107.2925,27.6,85,9.9,11,1009.1,1
2021-09-29,Quang_Ninh,21.0064,107.2925,27.3,87,8.6,11,1007.9,1
2021-09-30,Quang_Ninh,21.0064,107.2925,27.4,86,11.6,4,1008.0,1
2021-10-01,Quang_Ninh,21.0064,107.2925,27.3,86,10.9,34,1008.3,0
2021-10-02,Quang_Ninh,21.0064,107.2925,27.8,82,8.4,38,1009.1,0
2021-10-03,Quang_Ninh,21.0064,107.2925,27.6,85,9.5,37,1009.7,1
2021-10-04,Quang_Ninh,21.0064,107.2925,26.9,90,15.1,45,1010.5,1
2021-10-05,Quang_Ninh,21.0064,107.2925,26.9,89,17.1,79,1010.1,1
2021-10-06,Quang_Ninh,21.0064,107.2925,27.7,83,9.1,44,1007.1,1
2021-10-07,Quang_Ninh,21.0064,107.2925,28.7,72,15.6,59,1003.7,0
2021-10-08,Quang_Ninh,21.0064,107.2925,28.3,58,20.2,74,1002.3,0
2021-10-09,Quang_Ninh,21.0064,107.2925,22.9,88,29.9,100,1000.8,1
2021-10-10,Quang_Ninh,21.0064,107.2925,23.8,96,40.5,100,1000.2,1
2021-10-11,Quang_Ninh,21.0064,107.2925,24.0,88,23.1,81,1006.9,1
2021-10-12,Quang_Ninh,21.0064,107.2925,23.1,64,25.0,68,1007.0,0
2021-10-13,Quang_Ninh,21.0064,107.2925,22.1,70,35.7,100,1001.7,1
2021-10-14,Quang_Ninh,21.0064,107.2925,21.8,89,32.5,100,1003.9,1
2021-10-15,Quang_Ninh,21.0064,107.2925,22.0,94,20.9,98,1009.1,1
2021-10-16,Quang_Ninh,21.0064,107.2925,21.4,73,27.4,98,1014.1,0
2021-10-17,Quang_Ninh,21.0064,107.2925,20.6,68,26.8,82,1017.0,0
2021-10-18,Quang_Ninh,21.0064,107.2925,20.1,88,17.3,97,1016.4,1
2021-10-19,Quang_Ninh,21.0064,107.2925,23.4,86,16.9,90,1015.9,1
2021-10-20,Quang_Ninh,21.0064,107.2925,25.5,90,14.8,84,1013.4,1
2021-10-21,Quang_Ninh,21.0064,107.2925,22.2,82,17.3,98,1014.2,1
2021-10-22,Quang_Ninh,21.0064,107.2925,19.0,66,17.4,97,1018.9,0
2021-10-23,Quang_Ninh,21.0064,107.2925,19.5,71,11.2,71,1019.8,0
2021-10-24,Quang_Ninh,21.0064,107.2925,20.4,71,10.8,8,1018.9,0
2021-10-25,Quang_Ninh,21.0064,107.2925,20.9,72,14.5,16,1016.2,0
2021-10-26,Quang_Ninh,21.0064,107.2925,22.1,74,12.5,1,1015.0,0
2021-10-27,Quang_Ninh,21.0064,107.2925,23.2,74,13.8,65,1015.4,0
2021-10-28,Quang_Ninh,21.0064,107.2925,23.2,78,19.6,97,1015.8,1
2021-10-29,Quang_Ninh,21.0064,107.2925,23.6,84,16.9,99,1016.5,1
2021-10-30,Quang_Ninh,21.0064,107.2925,21.7,89,15.5,100,1017.1,1
2021-10-31,Quang_Ninh,21.0064,107.2925,22.5,89,16.0,87,1016.4,1
2021-11-01,Quang_Ninh,21.0064,107.2925,23.1,89,17.3,95,1016.4,1
2021-11-02,Quang_Ninh,21.0064,107.2925,23.0,89,18.9,89,1016.3,1
2021-11-03,Quang_Ninh,21.0064,107.2925,23.4,87,15.1,68,1014.7,1
2021-11-04,Quang_Ninh,21.0064,107.2925,24.3,91,10.1,50,1012.6,1
2021-11-05,Quang_Ninh,21.0064,107.2925,24.9,93,13.3,44,1010.2,1
2021-11-06,Quang_Ninh,21.0064,107.2925,25.1,92,13.8,66,1008.2,1
2021-11-07,Quang_Ninh,21.0064,107.2925,25.0,91,23.5,73,1011.0,1
2021-11-08,Quang_Ninh,21.0064,107.2925,17.6,60,25.9,77,1018.4,1
2021-11-09,Quang_Ninh,21.0064,107.2925,17.1,57,9.9,15,1019.5,0
2021-11-10,Quang_Ninh,21.0064,107.2925,17.8,64,12.3,21,1018.9,0
2021-11-11,Quang_Ninh,21.0064,107.2925,19.1,66,11.8,58,1016.6,0
2021-11-12,Quang_Ninh,21.0064,107.2925,21.1,62,16.7,99,1018.1,0
2021-11-13,Quang_Ninh,21.0064,107.2925,19.9,64,13.7,78,1018.0,0
2021-11-14,Quang_Ninh,21.0064,107.2925,19.7,67,15.1,50,1017.0,0
2021-11-15,Quang_Ninh,21.0064,107.2925,21.2,69,17.2,87,1015.0,0
2021-11-16,Quang_Ninh,21.0064,107.2925,21.3,77,15.6,74,1014.9,0
2021-11-17,Quang_Ninh,21.0064,107.2925,21.3,78,18.2,59,1016.2,1
2021-11-18,Quang_Ninh,21.0064,107.2925,19.7,75,14.1,48,1014.5,0
2021-11-19,Quang_Ninh,21.0064,107.2925,20.2,86,9.9,71,1010.6,1
2021-11-20,Quang_Ninh,21.0064,107.2925,22.4,93,13.4,81,1009.5,1
2021-11-21,Quang_Ninh,21.0064,107.2925,23.5,93,9.4,55,1011.9,1
2021-11-22,Quang_Ninh,21.0064,107.2925,18.9,71,23.2,87,1017.2,1
2021-11-23,Quang_Ninh,21.0064,107.2925,16.7,61,11.8,92,1020.6,0
2021-11-24,Quang_Ninh,21.0064,107.2925,17.5,63,13.1,64,1020.2,0
2021-11-25,Quang_Ninh,21.0064,107.2925,17.7,73,10.5,39,1018.3,1
2021-11-26,Quang_Ninh,21.0064,107.2925,19.3,68,14.0,24,1018.0,0
2021-11-27,Quang_Ninh,21.0064,107.2925,20.1,57,18.1,49,1019.0,0
2021-11-28,Quang_Ninh,21.0064,107.2925,20.2,61,15.8,42,1018.5,0
2021-11-29,Quang_Ninh,21.0064,107.2925,20.9,63,15.2,65,1017.3,0
2021-11-30,Quang_Ninh,21.0064,107.2925,20.0,58,26.7,16,1019.6,0
2021-12-01,Quang_Ninh,21.0064,107.2925,17.6,49,17.8,47,1021.2,0
2021-12-02,Quang_Ninh,21.0064,107.2925,16.5,50,15.0,55,1021.6,0
2021-12-03,Quang_Ninh,21.0064,107.2925,16.4,52,12.1,32,1021.4,0
2021-12-04,Quang_Ninh,21.0064,107.2925,17.5,54,15.0,25,1020.9,0
2021-12-05,Quang_Ninh,21.0064,107.2925,17.9,52,14.2,1,1020.4,0
2021-12-06,Quang_Ninh,21.0064,107.2925,17.4,54,15.9,4,1019.9,0
2021-12-07,Quang_Ninh,21.0064,107.2925,17.9,50,15.0,0,1019.8,0
2021-12-08,Quang_Ninh,21.0064,107.2925,19.6,54,16.1,71,1020.3,1
2021-12-09,Quang_Ninh,21.0064,107.2925,20.5,67,15.5,61,1020.9,1
2021-12-10,Quang_Ninh,21.0064,107.2925,20.2,77,11.4,18,1019.0,0
2021-12-11,Quang_Ninh,21.0064,107.2925,19.8,82,12.3,9,1019.2,0
2021-12-12,Quang_Ninh,21.0064,107.2925,20.9,69,20.9,11,1020.7,0
2021-12-13,Quang_Ninh,21.0064,107.2925,17.3,65,13.6,4,1021.1,0
2021-12-14,Quang_Ninh,21.0064,107.2925,17.7,78,12.6,9,1017.4,0
2021-12-15,Quang_Ninh,21.0064,107.2925,18.8,86,9.3,37,1014.3,1
2021-12-16,Quang_Ninh,21.0064,107.2925,21.1,88,11.8,70,1014.7,1
2021-12-17,Quang_Ninh,21.0064,107.2925,21.5,64,17.7,51,1018.5,1
2021-12-18,Quang_Ninh,21.0064,107.2925,18.1,53,19.1,42,1021.3,0
2021-12-19,Quang_Ninh,21.0064,107.2925,17.0,46,13.0,66,1020.7,0
2021-12-20,Quang_Ninh,21.0064,107.2925,17.3,62,11.2,100,1016.7,1
2021-12-21,Quang_Ninh,21.0064,107.2925,17.9,76,9.7,72,1016.3,1
2021-12-22,Quang_Ninh,21.0064,107.2925,18.3,75,8.9,68,1016.2,0
2021-12-23,Quang_Ninh,21.0064,107.2925,18.6,79,10.6,17,1015.0,0
2021-12-24,Quang_Ninh,21.0064,107.2925,19.8,89,11.9,65,1015.5,0
2021-12-25,Quang_Ninh,21.0064,107.2925,20.1,78,20.2,39,1018.5,1
2021-12-26,Quang_Ninh,21.0064,107.2925,16.5,75,22.4,81,1022.3,1
2021-12-27,Quang_Ninh,21.0064,107.2925,12.5,64,16.3,96,1025.6,1
2021-12-28,Quang_Ninh,21.0064,107.2925,13.4,71,9.6,94,1023.8,0
2021-12-29,Quang_Ninh,21.0064,107.2925,15.5,74,13.6,100,1023.0,1
2021-12-30,Quang_Ninh,21.0064,107.2925,15.9,71,11.5,97,1024.4,0
2021-12-31,Quang_Ninh,21.0064,107.2925,16.4,75,14.3,86,1023.8,0
2022-01-01,Quang_Ninh,21.0064,107.2925,17.1,77,15.0,59,1023.1,0
2022-01-02,Quang_Ninh,21.0064,107.2925,16.6,76,12.6,16,1021.5,0
2022-01-03,Quang_Ninh,21.0064,107.2925,17.4,82,11.5,29,1019.2,0
2022-01-04,Quang_Ninh,21.0064,107.2925,18.4,88,12.4,55,1017.3,1
2022-01-05,Quang_Ninh,21.0064,107.2925,19.3,91,10.2,73,1015.7,1
2022-01-06,Quang_Ninh,21.0064,107.2925,19.4,92,11.1,74,1017.0,1
2022-01-07,Quang_Ninh,21.0064,107.2925,18.8,83,18.1,73,1019.1,0
2022-01-08,Quang_Ninh,21.0064,107.2925,18.0,80,17.8,76,1018.2,0
2022-01-09,Quang_Ninh,21.0064,107.2925,16.5,83,16.4,95,1017.0,1
2022-01-10,Quang_Ninh,21.0064,107.2925,17.1,87,17.8,93,1016.1,1
2022-01-11,Quang_Ninh,21.0064,107.2925,15.3,76,18.9,63,1020.2,1
2022-01-12,Quang_Ninh,21.0064,107.2925,15.8,79,11.1,68,1019.1,0
2022-01-13,Quang_Ninh,21.0064,107.2925,16.0,81,16.1,90,1020.2,1
2022-01-14,Quang_Ninh,21.0064,107.2925,16.8,83,10.4,90,1018.0,1
2022-01-15,Quang_Ninh,21.0064,107.2925,19.1,92,11.8,100,1016.5,1
2022-01-16,Quang_Ninh,21.0064,107.2925,19.4,93,16.0,80,1017.3,1
2022-01-17,Quang_Ninh,21.0064,107.2925,14.6,82,15.1,97,1019.9,1
2022-01-18,Quang_Ninh,21.0064,107.2925,15.7,76,13.5,54,1020.8,1
2022-01-19,Quang_Ninh,21.0064,107.2925,15.2,77,15.3,11,1018.6,0
2022-01-20,Quang_Ninh,21.0064,107.2925,16.0,84,17.7,67,1016.2,1
2022-01-21,Quang_Ninh,21.0064,107.2925,16.8,92,16.3,100,1014.8,1
2022-01-22,Quang_Ninh,21.0064,107.2925,19.1,96,11.4,100,1010.9,1
2022-01-23,Quang_Ninh,21.0064,107.2925,20.1,96,7.9,97,1010.4,1
2022-01-24,Quang_Ninh,21.0064,107.2925,19.8,91,15.4,100,1011.9,1
2022-01-25,Quang_Ninh,21.0064,107.2925,18.6,86,15.8,91,1014.1,1
2022-01-26,Quang_Ninh,21.0064,107.2925,19.0,94,13.7,98,1014.2,1
2022-01-27,Quang_Ninh,21.0064,107.2925,20.1,95,13.3,82,1014.2,1
2022-01-28,Quang_Ninh,21.0064,107.2925,19.4,94,13.2,91,1013.7,1
2022-01-29,Quang_Ninh,21.0064,107.2925,15.7,83,18.5,100,1013.2,1
2022-01-30,Quang_Ninh,21.0064,107.2925,12.8,80,15.7,100,1016.1,1
2022-01-31,Quang_Ninh,21.0064,107.2925,11.4,88,18.4,100,1017.2,1
2022-02-01,Quang_Ninh,21.0064,107.2925,12.4,81,8.8,100,1017.9,1
2022-02-02,Quang_Ninh,21.0064,107.2925,12.1,78,11.3,100,1018.7,1
2022-02-03,Quang_Ninh,21.0064,107.2925,12.2,79,10.0,73,1019.4,1
2022-02-04,Quang_Ninh,21.0064,107.2925,13.7,72,10.5,100,1021.2,0
2022-02-05,Quang_Ninh,21.0064,107.2925,13.8,72,17.3,100,1021.6,1
2022-02-06,Quang_Ninh,21.0064,107.2925,14.1,92,20.5,100,1018.0,1
2022-02-07,Quang_Ninh,21.0064,107.2925,17.6,95,14.8,99,1014.1,1
2022-02-08,Quang_Ninh,21.0064,107.2925,15.6,88,19.5,100,1015.7,1
2022-02-09,Quang_Ninh,21.0064,107.2925,14.4,87,20.1,100,1017.2,1
2022-02-10,Quang_Ninh,21.0064,107.2925,15.1,89,15.1,100,1015.3,1
2022-02-11,Quang_Ninh,21.0064,107.2925,17.0,94,16.3,99,1014.3,1
2022-02-12,Quang_Ninh,21.0064,107.2925,16.7,91,19.2,100,1013.7,1
2022-02-13,Quang_Ninh,21.0064,107.2925,14.3,91,18.6,100,1013.6,1
2022-02-14,Quang_Ninh,21.0064,107.2925,14.8,83,10.9,69,1016.7,1
2022-02-15,Quang_Ninh,21.0064,107.2925,16.6,86,16.1,97,1015.6,1
2022-02-16,Quang_Ninh,21.0064,107.2925,17.1,98,15.0,100,1011.9,1
2022-02-17,Quang_Ninh,21.0064,107.2925,19.3,98,10.0,100,1009.3,1
2022-02-18,Quang_Ninh,21.0064,107.2925,19.8,96,19.3,100,1010.3,1
2022-02-19,Quang_Ninh,21.0064,107.2925,11.5,91,20.7,100,1015.7,1
2022-02-20,Quang_Ninh,21.0064,107.2925,7.4,89,19.5,100,1021.1,1
2022-02-21,Quang_Ninh,21.0064,107.2925,9.9,78,14.0,92,1022.2,1
2022-02-22,Quang_Ninh,21.0064,107.2925,10.5,66,21.2,96,1023.2,0
2022-02-23,Quang_Ninh,21.0064,107.2925,11.0,64,17.7,16,1025.4,0
2022-02-24,Quang_Ninh,21.0064,107.2925,11.3,71,12.3,2,1025.8,0
2022-02-25,Quang_Ninh,21.0064,107.2925,12.7,76,13.0,2,1023.3,0
2022-02-26,Quang_Ninh,21.0064,107.2925,15.5,78,13.6,32,1021.3,0
2022-02-27,Quang_Ninh,21.0064,107.2925,16.1,82,10.3,26,1018.2,0
2022-02-28,Quang_Ninh,21.0064,107.2925,17.5,82,8.5,76,1015.7,0
2022-03-01,Quang_Ninh,21.0064,107.2925,18.8,90,11.4,55,1015.9,1
2022-03-02,Quang_Ninh,21.0064,107.2925,19.8,86,10.8,41,1016.1,1
2022-03-03,Quang_Ninh,21.0064,107.2925,19.9,87,12.5,31,1014.0,0
2022-03-04,Quang_Ninh,21.0064,107.2925,19.9,92,9.7,83,1012.6,1
2022-03-05,Quang_Ninh,21.0064,107.2925,20.1,93,8.2,72,1011.4,1
2022-03-06,Quang_Ninh,21.0064,107.2925,20.8,95,10.0,99,1011.6,1
2022-03-07,Quang_Ninh,21.0064,107.2925,20.3,83,14.9,72,1016.4,1
2022-03-08,Quang_Ninh,21.0064,107.2925,18.3,74,13.4,33,1015.6,0
2022-03-09,Quang_Ninh,21.0064,107.2925,18.7,85,12.4,71,1013.8,0
2022-03-10,Quang_Ninh,21.0064,107.2925,19.4,88,13.8,83,1013.6,1
2022-03-11,Quang_Ninh,21.0064,107.2925,20.4,88,10.5,85,1012.0,0
2022-03-12,Quang_Ninh,21.0064,107.2925,20.5,91,12.4,63,1010.9,1
2022-03-13,Quang_Ninh,21.0064,107.2925,21.1,93,11.2,79,1010.9,1
2022-03-14,Quang_Ninh,21.0064,107.2925,21.7,90,10.7,76,1010.6,0
2022-03-15,Quang_Ninh,21.0064,107.2925,22.5,90,10.4,100,1009.3,0
2022-03-16,Quang_Ninh,21.0064,107.2925,21.1,96,7.6,96,1008.1,1
2022-03-17,Quang_Ninh,21.0064,107.2925,22.4,94,11.8,88,1007.6,1
2022-03-18,Quang_Ninh,21.0064,107.2925,22.2,95,7.6,84,1008.1,0
2022-03-19,Quang_Ninh,21.0064,107.2925,22.7,93,10.4,91,1006.7,0
2022-03-20,Quang_Ninh,21.0064,107.2925,23.8,94,17.9,67,1007.2,1
2022-03-21,Quang_Ninh,21.0064,107.2925,24.0,95,17.0,87,1008.5,1
2022-03-22,Quang_Ninh,21.0064,107.2925,25.0,91,15.9,67,1009.4,1
2022-03-23,Quang_Ninh,21.0064,107.2925,19.3,85,16.6,100,1012.8,1
2022-03-24,Quang_Ninh,21.0064,107.2925,19.3,90,12.2,100,1010.3,1
2022-03-25,Quang_Ninh,21.0064,107.2925,23.5,94,19.0,65,1006.8,1
2022-03-26,Quang_Ninh,21.0064,107.2925,25.0,91,17.1,24,1007.4,0
2022-03-27,Quang_Ninh,21.0064,107.2925,21.7,73,19.9,92,1012.4,1
2022-03-28,Quang_Ninh,21.0064,107.2925,19.2,76,10.8,77,1015.6,1
2022-03-29,Quang_Ninh,21.0064,107.2925,20.9,88,13.4,97,1013.8,1
2022-03-30,Quang_Ninh,21.0064,107.2925,22.4,94,13.1,93,1013.0,1
2022-03-31,Quang_Ninh,21.0064,107.2925,23.6,89,17.3,80,1014.1,1
2022-04-01,Quang_Ninh,21.0064,107.2925,18.2,78,28.7,93,1018.9,1
2022-04-02,Quang_Ninh,21.0064,107.2925,16.4,66,20.6,80,1023.1,1
2022-04-03,Quang_Ninh,21.0064,107.2925,17.8,62,16.3,22,1021.1,0
2022-04-04,Quang_Ninh,21.0064,107.2925,19.1,63,13.6,5,1020.2,0
2022-04-05,Quang_Ninh,21.0064,107.2925,20.2,61,12.4,42,1018.9,0
2022-04-06,Quang_Ninh,21.0064,107.2925,21.4,65,10.8,25,1016.8,0
2022-04-07,Quang_Ninh,21.0064,107.2925,22.8,69,12.6,49,1015.6,0
2022-04-08,Quang_Ninh,21.0064,107.2925,22.0,74,10.2,4,1014.4,0
2022-04-09,Quang_Ninh,21.0064,107.2925,21.2,74,10.7,0,1011.9,0
2022-04-10,Quang_Ninh,21.0064,107.2925,21.7,82,11.3,1,1010.5,0
2022-04-11,Quang_Ninh,21.0064,107.2925,22.1,85,12.2,7,1009.5,0
2022-04-12,Quang_Ninh,21.0064,107.2925,23.1,88,11.9,39,1006.7,1
2022-04-13,Quang_Ninh,21.0064,107.2925,24.2,90,12.8,45,1006.2,1
2022-04-14,Quang_Ninh,21.0064,107.2925,24.0,84,11.2,11,1006.9,0
2022-04-15,Quang_Ninh,21.0064,107.2925,24.1,93,11.2,84,1007.9,1
2022-04-16,Quang_Ninh,21.0064,107.2925,22.9,94,24.6,99,1009.2,1
2022-04-17,Quang_Ninh,21.0064,107.2925,20.6,86,19.4,100,1012.6,1
2022-04-18,Quang_Ninh,21.0064,107.2925,19.7,77,16.6,97,1015.7,1
2022-04-19,Quang_Ninh,21.0064,107.2925,20.0,74,12.0,71,1016.4,0
2022-04-20,Quang_Ninh,21.0064,107.2925,21.0,78,10.8,57,1013.9,0
2022-04-21,Quang_Ninh,21.0064,107.2925,22.7,88,12.3,96,1011.0,1
2022-04-22,Quang_Ninh,21.0064,107.2925,23.7,95,17.6,93,1008.9,1
2022-04-23,Quang_Ninh,21.0064,107.2925,24.7,95,14.7,81,1007.6,1
2022-04-24,Quang_Ninh,21.0064,107.2925,25.4,93,16.0,70,1005.0,1
2022-04-25,Quang_Ninh,21.0064,107.2925,26.0,90,18.4,31,1004.2,0
2022-04-26,Quang_Ninh,21.0064,107.2925,26.3,90,11.7,9,1003.8,0
2022-04-27,Quang_Ninh,21.0064,107.2925,26.3,92,14.1,85,1005.5,1
2022-04-28,Quang_Ninh,21.0064,107.2925,26.0,93,14.4,81,1007.4,1
2022-04-29,Quang_Ninh,21.0064,107.2925,26.8,88,12.3,74,1008.7,1
2022-04-30,Quang_Ninh,21.0064,107.2925,26.3,90,14.6,96,1008.9,1
2022-05-01,Quang_Ninh,21.0064,107.2925,19.2,80,25.9,99,1011.6,1
2022-05-02,Quang_Ninh,21.0064,107.2925,21.1,56,17.8,83,1014.5,0
2022-05-03,Quang_Ninh,21.0064,107.2925,21.7,60,14.8,52,1015.2,0
2022-05-04,Quang_Ninh,21.0064,107.2925,23.1,66,13.8,34,1013.3,0
2022-05-05,Quang_Ninh,21.0064,107.2925,23.3,76,11.2,60,1010.9,0
2022-05-06,Quang_Ninh,21.0064,107.2925,24.7,83,12.7,61,1010.1,1
2022-05-07,Quang_Ninh,21.0064,107.2925,24.7,92,14.7,95,1010.4,1
2022-05-08,Quang_Ninh,21.0064,107.2925,24.6,92,12.4,97,1010.2,1
2022-05-09,Quang_Ninh,21.0064,107.2925,25.3,92,13.3,93,1009.3,1
2022-05-10,Quang_Ninh,21.0064,107.2925,25.6,95,16.9,98,1006.5,1
2022-05-11,Quang_Ninh,21.0064,107.2925,26.3,92,10.8,97,1004.4,1
2022-05-12,Quang_Ninh,21.0064,107.2925,26.3,94,8.5,97,1003.4,1
2022-05-13,Quang_Ninh,21.0064,107.2925,25.4,93,13.7,86,1003.5,1
2022-05-14,Quang_Ninh,21.0064,107.2925,25.1,87,13.2,67,1006.2,1
2022-05-15,Quang_Ninh,21.0064,107.2925,24.3,86,17.2,98,1008.3,1
2022-05-16,Quang_Ninh,21.0064,107.2925,21.3,69,16.7,95,1012.2,1
2022-05-17,Quang_Ninh,21.0064,107.2925,22.4,73,15.0,80,1012.3,0
2022-05-18,Quang_Ninh,21.0064,107.2925,23.6,82,14.0,99,1011.7,1
2022-05-19,Quang_Ninh,21.0064,107.2925,24.8,85,13.7,57,1010.2,1
2022-05-20,Quang_Ninh,21.0064,107.2925,25.5,87,11.8,89,1008.1,0
2022-05-21,Quang_Ninh,21.0064,107.2925,25.4,87,14.3,100,1005.7,1
2022-05-22,Quang_Ninh,21.0064,107.2925,25.2,93,17.2,100,1002.4,1
2022-05-23,Quang_Ninh,21.0064,107.2925,26.0,93,13.6,100,1002.8,1
2022-05-24,Quang_Ninh,21.0064,107.2925,25.9,95,13.4,100,1005.7,1
2022-05-25,Quang_Ninh,21.0064,107.2925,26.0,94,10.0,100,1005.2,1
2022-05-26,Quang_Ninh,21.0064,107.2925,26.9,93,10.2,99,1001.9,1
2022-05-27,Quang_Ninh,21.0064,107.2925,27.2,93,10.3,92,1000.5,1
2022-05-28,Quang_Ninh,21.0064,107.2925,27.2,93,16.9,94,1001.0,1
2022-05-29,Quang_Ninh,21.0064,107.2925,27.7,90,13.7,81,1001.9,1
2022-05-30,Quang_Ninh,21.0064,107.2925,27.2,92,9.5,100,1003.1,1
2022-05-31,Quang_Ninh,21.0064,107.2925,26.8,90,11.5,99,1004.1,1
2022-06-01,Quang_Ninh,21.0064,107.2925,27.2,91,17.4,100,1004.0,1
2022-06-02,Quang_Ninh,21.0064,107.2925,28.4,89,21.4,100,1002.1,1
2022-06-03,Quang_Ninh,21.0064,107.2925,29.0,85,21.3,100,1000.9,1
2022-06-04,Quang_Ninh,21.0064,107.2925,29.4,83,20.1,100,1000.9,1
2022-06-05,Quang_Ninh,21.0064,107.2925,29.5,83,16.4,100,1000.5,0
2022-06-06,Quang_Ninh,21.0064,107.2925,27.1,93,10.9,100,1001.6,1
2022-06-07,Quang_Ninh,21.0064,107.2925,26.2,94,10.5,100,1002.8,1
2022-06-08,Quang_Ninh,21.0064,107.2925,27.0,90,14.0,100,1002.8,1
2022-06-09,Quang_Ninh,21.0064,107.2925,27.6,91,9.6,98,1002.3,1
2022-06-10,Quang_Ninh,21.0064,107.2925,28.2,93,10.5,100,1001.3,1
2022-06-11,Quang_Ninh,21.0064,107.2925,27.4,94,10.6,98,1002.9,1
2022-06-12,Quang_Ninh,21.0064,107.2925,28.8,89,14.7,98,1003.6,1
2022-06-13,Quang_Ninh,21.0064,107.2925,28.9,89,15.3,99,1003.5,1
2022-06-14,Quang_Ninh,21.0064,107.2925,25.8,95,10.3,100,1005.9,1
2022-06-15,Quang_Ninh,21.0064,107.2925,26.4,91,6.9,100,1006.8,1
2022-06-16,Quang_Ninh,21.0064,107.2925,27.9,87,19.1,95,1005.7,1
2022-06-17,Quang_Ninh,21.0064,107.2925,29.5,84,20.6,100,1003.0,1
2022-06-18,Quang_Ninh,21.0064,107.2925,30.5,78,22.0,100,1000.7,1
2022-06-19,Quang_Ninh,21.0064,107.2925,30.1,80,22.9,100,999.9,1
2022-06-20,Quang_Ninh,21.0064,107.2925,30.2,82,21.0,100,999.0,0
2022-06-21,Quang_Ninh,21.0064,107.2925,30.2,82,23.1,100,1000.2,0
2022-06-22,Quang_Ninh,21.0064,107.2925,29.8,83,22.5,88,1004.6,1
2022-06-23,Quang_Ninh,21.0064,107.2925,29.2,85,17.0,53,1007.1,1
2022-06-24,Quang_Ninh,21.0064,107.2925,28.8,82,18.4,64,1006.3,1
2022-06-25,Quang_Ninh,21.0064,107.2925,28.5,82,16.3,70,1005.2,1
2022-06-26,Quang_Ninh,21.0064,107.2925,28.5,85,20.2,65,1006.0,1
2022-06-27,Quang_Ninh,21.0064,107.2925,29.3,86,22.9,95,1004.5,1
2022-06-28,Quang_Ninh,21.0064,107.2925,30.0,86,17.2,86,1001.5,1
2022-06-29,Quang_Ninh,21.0064,107.2925,28.9,89,10.1,100,999.6,1
2022-06-30,Quang_Ninh,21.0064,107.2925,27.8,88,13.0,100,1000.6,1
2022-07-01,Quang_Ninh,21.0064,107.2925,28.1,87,11.2,93,999.8,1
2022-07-02,Quang_Ninh,21.0064,107.2925,28.3,87,16.3,100,995.8,1
2022-07-03,Quang_Ninh,21.0064,107.2925,29.0,89,14.3,100,997.0,1
2022-07-04,Quang_Ninh,21.0064,107.2925,29.7,88,12.3,99,997.8,1
2022-07-05,Quang_Ninh,21.0064,107.2925,29.2,91,15.4,100,1000.3,1
2022-07-06,Quang_Ninh,21.0064,107.2925,27.3,96,7.5,100,1002.6,1
2022-07-07,Quang_Ninh,21.0064,107.2925,26.7,94,12.3,100,1003.2,1
2022-07-08,Quang_Ninh,21.0064,107.2925,26.9,93,9.5,100,1004.2,1
2022-07-09,Quang_Ninh,21.0064,107.2925,27.2,90,9.0,90,1003.9,1
2022-07-10,Quang_Ninh,21.0064,107.2925,27.8,89,10.2,70,1004.1,1
2022-07-11,Quang_Ninh,21.0064,107.2925,28.6,86,17.7,63,1004.3,1
2022-07-12,Quang_Ninh,21.0064,107.2925,28.7,87,15.4,50,1004.2,1
2022-07-13,Quang_Ninh,21.0064,107.2925,28.3,87,15.1,63,1003.6,1
2022-07-14,Quang_Ninh,21.0064,107.2925,27.9,88,14.1,75,1003.6,1
2022-07-15,Quang_Ninh,21.0064,107.2925,28.2,89,12.2,82,1004.2,1
2022-07-16,Quang_Ninh,21.0064,107.2925,29.2,85,14.6,92,1004.1,1
2022-07-17,Quang_Ninh,21.0064,107.2925,29.7,86,20.0,100,1003.1,1
2022-07-18,Quang_Ninh,21.0064,107.2925,30.0,88,19.3,100,1001.1,1
2022-07-19,Quang_Ninh,21.0064,107.2925,30.0,87,19.1,98,1001.9,1
2022-07-20,Quang_Ninh,21.0064,107.2925,28.8,86,14.5,98,1005.9,1
2022-07-21,Quang_Ninh,21.0064,107.2925,27.3,91,14.2,81,1008.7,1
2022-07-22,Quang_Ninh,21.0064,107.2925,27.5,88,12.3,43,1010.1,1
2022-07-23,Quang_Ninh,21.0064,107.2925,28.5,84,14.1,18,1008.6,1
2022-07-24,Quang_Ninh,21.0064,107.2925,29.1,83,13.5,11,1006.8,0
2022-07-25,Quang_Ninh,21.0064,107.2925,28.8,84,12.7,6,1007.3,0
2022-07-26,Quang_Ninh,21.0064,107.2925,28.8,84,12.8,21,1006.6,0
2022-07-27,Quang_Ninh,21.0064,107.2925,28.5,83,13.6,11,1006.2,0
2022-07-28,Quang_Ninh,21.0064,107.2925,28.6,83,11.4,42,1005.8,0
2022-07-29,Quang_Ninh,21.0064,107.2925,28.6,84,11.4,98,1004.7,0
2022-07-30,Quang_Ninh,21.0064,107.2925,28.4,84,12.3,89,1003.4,0
2022-07-31,Quang_Ninh,21.0064,107.2925,28.1,87,10.0,84,1003.0,1
2022-08-01,Quang_Ninh,21.0064,107.2925,28.3,88,11.2,38,1004.1,1
2022-08-02,Quang_Ninh,21.0064,107.2925,28.5,85,10.0,38,1005.8,1
2022-08-03,Quang_Ninh,21.0064,107.2925,29.5,82,10.6,64,1005.4,1
2022-08-04,Quang_Ninh,21.0064,107.2925,29.4,86,10.0,100,1003.1,1
2022-08-05,Quang_Ninh,21.0064,107.2925,26.7,95,10.2,100,1002.6,1
2022-08-06,Quang_Ninh,21.0064,107.2925,26.0,95,14.0,100,1003.7,1
2022-08-07,Quang_Ninh,21.0064,107.2925,27.4,89,13.0,97,1004.7,1
2022-08-08,Quang_Ninh,21.0064,107.2925,27.1,89,16.6,95,1004.3,1
2022-08-09,Quang_Ninh,21.0064,107.2925,27.4,87,12.7,87,1002.2,1
2022-08-10,Quang_Ninh,21.0064,107.2925,26.4,90,15.2,98,999.0,1
2022-08-11,Quang_Ninh,21.0064,107.2925,26.0,95,19.4,100,1000.6,1
2022-08-12,Quang_Ninh,21.0064,107.2925,25.6,97,11.6,100,1005.8,1
2022-08-13,Quang_Ninh,21.0064,107.2925,26.4,91,8.3,89,1005.9,1
2022-08-14,Quang_Ninh,21.0064,107.2925,28.0,85,13.0,75,1005.2,1
2022-08-15,Quang_Ninh,21.0064,107.2925,28.4,86,10.0,58,1004.4,1
2022-08-16,Quang_Ninh,21.0064,107.2925,29.1,83,10.2,78,1004.1,1
2022-08-17,Quang_Ninh,21.0064,107.2925,28.5,86,9.7,88,1004.1,1
2022-08-18,Quang_Ninh,21.0064,107.2925,29.0,82,9.3,73,1003.3,1
2022-08-19,Quang_Ninh,21.0064,107.2925,29.2,84,8.4,77,1002.6,1
2022-08-20,Quang_Ninh,21.0064,107.2925,26.6,94,16.6,100,1002.2,1
2022-08-21,Quang_Ninh,21.0064,107.2925,26.2,93,16.8,96,1003.4,1
2022-08-22,Quang_Ninh,21.0064,107.2925,28.0,87,14.8,90,1005.0,1
2022-08-23,Quang_Ninh,21.0064,107.2925,28.9,85,8.8,51,1005.1,1
2022-08-24,Quang_Ninh,21.0064,107.2925,29.4,86,8.4,67,1002.9,1
2022-08-25,Quang_Ninh,21.0064,107.2925,27.7,92,32.9,100,998.5,1
2022-08-26,Quang_Ninh,21.0064,107.2925,26.7,93,33.5,100,1004.3,1
2022-08-27,Quang_Ninh,21.0064,107.2925,28.3,85,15.2,94,1007.6,1
2022-08-28,Quang_Ninh,21.0064,107.2925,28.9,85,13.4,77,1007.3,1
2022-08-29,Quang_Ninh,21.0064,107.2925,28.8,85,12.6,61,1008.7,0
2022-08-30,Quang_Ninh,21.0064,107.2925,28.9,84,11.0,73,1008.2,1
2022-08-31,Quang_Ninh,21.0064,107.2925,28.7,85,9.9,97,1006.5,1
2022-09-01,Quang_Ninh,21.0064,107.2925,27.2,91,11.8,83,1008.2,1
2022-09-02,Quang_Ninh,21.0064,107.2925,28.2,84,8.0,96,1007.4,1
2022-09-03,Quang_Ninh,21.0064,107.2925,28.5,82,8.6,98,1005.2,1
2022-09-04,Quang_Ninh,21.0064,107.2925,28.8,78,15.3,87,1005.9,1
2022-09-05,Quang_Ninh,21.0064,107.2925,28.9,65,13.6,70,1006.4,0
2022-09-06,Quang_Ninh,21.0064,107.2925,28.3,67,11.4,67,1007.3,0
2022-09-07,Quang_Ninh,21.0064,107.2925,27.8,79,19.8,78,1010.3,1
2022-09-08,Quang_Ninh,21.0064,107.2925,25.2,98,17.1,100,1011.9,1
2022-09-09,Quang_Ninh,21.0064,107.2925,26.0,94,13.8,100,1012.0,1
2022-09-10,Quang_Ninh,21.0064,107.2925,26.7,88,8.3,100,1011.1,1
2022-09-11,Quang_Ninh,21.0064,107.2925,27.2,86,8.4,92,1009.3,1
2022-09-12,Quang_Ninh,21.0064,107.2925,26.8,88,7.8,64,1008.4,1
2022-09-13,Quang_Ninh,21.0064,107.2925,27.9,83,8.0,59,1008.4,1
2022-09-14,Quang_Ninh,21.0064,107.2925,28.3,83,8.3,22,1008.0,1
2022-09-15,Quang_Ninh,21.0064,107.2925,28.6,81,10.8,49,1005.8,1
2022-09-16,Quang_Ninh,21.0064,107.2925,28.3,86,12.5,86,1004.1,1
2022-09-17,Quang_Ninh,21.0064,107.2925,27.4,89,9.5,66,1005.8,1
2022-09-18,Quang_Ninh,21.0064,107.2925,28.1,83,9.9,52,1006.1,1
2022-09-19,Quang_Ninh,21.0064,107.2925,29.1,82,11.6,48,1005.9,1
2022-09-20,Quang_Ninh,21.0064,107.2925,28.3,87,16.8,68,1006.1,1
2022-09-21,Quang_Ninh,21.0064,107.2925,25.9,92,17.2,99,1008.1,1
2022-09-22,Quang_Ninh,21.0064,107.2925,26.2,89,17.0,78,1009.0,1
2022-09-23,Quang_Ninh,21.0064,107.2925,26.8,84,17.8,79,1009.3,1
2022-09-24,Quang_Ninh,21.0064,107.2925,26.0,87,18.8,72,1009.4,1
2022-09-25,Quang_Ninh,21.0064,107.2925,26.1,87,16.3,45,1009.8,1
2022-09-26,Quang_Ninh,21.0064,107.2925,27.5,78,9.8,14,1008.4,0
2022-09-27,Quang_Ninh,21.0064,107.2925,28.4,71,18.2,62,1005.5,0
2022-09-28,Quang_Ninh,21.0064,107.2925,25.7,89,24.4,100,1004.3,1
2022-09-29,Quang_Ninh,21.0064,107.2925,24.3,98,22.0,100,1006.0,1
2022-09-30,Quang_Ninh,21.0064,107.2925,25.4,93,17.1,99,1007.9,1
2022-10-01,Quang_Ninh,21.0064,107.2925,24.9,96,10.8,100,1009.3,1
2022-10-02,Quang_Ninh,21.0064,107.2925,26.3,91,9.9,76,1010.3,1
2022-10-03,Quang_Ninh,21.0064,107.2925,26.5,89,12.4,37,1011.5,1
2022-10-04,Quang_Ninh,21.0064,107.2925,26.6,89,12.2,60,1012.7,1
2022-10-05,Quang_Ninh,21.0064,107.2925,27.3,85,12.6,11,1012.4,1
2022-10-06,Quang_Ninh,21.0064,107.2925,27.1,85,14.4,20,1012.6,1
2022-10-07,Quang_Ninh,21.0064,107.2925,26.1,84,20.0,52,1013.4,1
2022-10-08,Quang_Ninh,21.0064,107.2925,24.9,81,18.6,80,1013.8,1
2022-10-09,Quang_Ninh,21.0064,107.2925,24.3,82,22.2,83,1015.8,1
2022-10-10,Quang_Ninh,21.0064,107.2925,21.9,61,19.4,45,1018.7,0
2022-10-11,Quang_Ninh,21.0064,107.2925,21.6,59,12.6,0,1016.5,0
2022-10-12,Quang_Ninh,21.0064,107.2925,22.4,59,13.2,6,1015.1,0
2022-10-13,Quang_Ninh,21.0064,107.2925,22.4,59,14.7,18,1013.5,0
2022-10-14,Quang_Ninh,21.0064,107.2925,23.1,54,16.0,62,1011.2,0
2022-10-15,Quang_Ninh,21.0064,107.2925,23.7,51,15.7,58,1011.2,0
2022-10-16,Quang_Ninh,21.0064,107.2925,23.8,54,19.8,31,1012.5,0
2022-10-17,Quang_Ninh,21.0064,107.2925,25.2,50,23.7,58,1012.5,0
2022-10-18,Quang_Ninh,21.0064,107.2925,24.4,44,21.5,65,1013.1,0
2022-10-19,Quang_Ninh,21.0064,107.2925,19.4,67,15.6,100,1015.0,1
2022-10-20,Quang_Ninh,21.0064,107.2925,18.9,87,18.8,98,1015.0,1
2022-10-21,Quang_Ninh,21.0064,107.2925,22.2,79,17.4,65,1016.1,1
2022-10-22,Quang_Ninh,21.0064,107.2925,24.5,79,10.8,16,1015.2,0
2022-10-23,Quang_Ninh,21.0064,107.2925,25.7,80,9.0,2,1013.9,0
2022-10-24,Quang_Ninh,21.0064,107.2925,25.1,80,15.7,11,1013.5,0
2022-10-25,Quang_Ninh,21.0064,107.2925,25.0,83,15.6,70,1015.3,1
2022-10-26,Quang_Ninh,21.0064,107.2925,24.4,83,13.2,31,1014.4,1
2022-10-27,Quang_Ninh,21.0064,107.2925,24.5,85,12.0,59,1014.0,1
2022-10-28,Quang_Ninh,21.0064,107.2925,24.3,78,13.9,13,1014.3,0
2022-10-29,Quang_Ninh,21.0064,107.2925,23.9,75,14.6,27,1014.1,0
2022-10-30,Quang_Ninh,21.0064,107.2925,23.9,70,14.8,37,1012.8,0
2022-10-31,Quang_Ninh,21.0064,107.2925,23.6,55,21.3,57,1012.9,0
2022-11-01,Quang_Ninh,21.0064,107.2925,23.0,50,18.7,79,1012.4,0
2022-11-02,Quang_Ninh,21.0064,107.2925,22.1,60,11.1,44,1011.1,0
2022-11-03,Quang_Ninh,21.0064,107.2925,23.0,67,11.3,68,1012.3,0
2022-11-04,Quang_Ninh,21.0064,107.2925,24.0,67,13.0,50,1015.3,0
2022-11-05,Quang_Ninh,21.0064,107.2925,22.7,72,17.1,25,1017.6,0
2022-11-06,Quang_Ninh,21.0064,107.2925,21.5,78,14.8,10,1017.1,0
2022-11-07,Quang_Ninh,21.0064,107.2925,21.7,82,13.4,7,1015.9,0
2022-11-08,Quang_Ninh,21.0064,107.2925,22.1,77,14.8,2,1015.7,0
2022-11-09,Quang_Ninh,21.0064,107.2925,23.3,81,13.0,30,1015.5,1
2022-11-10,Quang_Ninh,21.0064,107.2925,24.1,84,13.3,47,1015.0,1
2022-11-11,Quang_Ninh,21.0064,107.2925,24.1,88,14.1,36,1014.4,0
2022-11-12,Quang_Ninh,21.0064,107.2925,24.2,87,12.3,53,1013.3,0
2022-11-13,Quang_Ninh,21.0064,107.2925,24.1,86,14.3,38,1014.0,1
2022-11-14,Quang_Ninh,21.0064,107.2925,24.9,82,15.5,30,1014.0,1
2022-11-15,Quang_Ninh,21.0064,107.2925,24.5,90,16.7,60,1013.2,1
2022-11-16,Quang_Ninh,21.0064,107.2925,24.7,90,11.4,67,1011.8,1
2022-11-17,Quang_Ninh,21.0064,107.2925,24.8,91,11.8,60,1011.5,1
2022-11-18,Quang_Ninh,21.0064,107.2925,25.0,91,11.3,66,1012.7,1
2022-11-19,Quang_Ninh,21.0064,107.2925,25.0,87,15.7,68,1013.3,1
2022-11-20,Quang_Ninh,21.0064,107.2925,24.4,79,14.1,35,1012.2,0
2022-11-21,Quang_Ninh,21.0064,107.2925,24.7,78,17.7,65,1010.8,0
2022-11-22,Quang_Ninh,21.0064,107.2925,24.9,85,17.6,88,1010.2,1
2022-11-23,Quang_Ninh,21.0064,107.2925,24.2,86,16.8,95,1011.3,1
2022-11-24,Quang_Ninh,21.0064,107.2925,22.7,94,14.2,100,1012.6,1
2022-11-25,Quang_Ninh,21.0064,107.2925,23.3,91,14.5,99,1013.5,1
2022-11-26,Quang_Ninh,21.0064,107.2925,23.2,93,14.8,99,1012.2,1
2022-11-27,Quang_Ninh,21.0064,107.2925,25.1,93,21.7,60,1008.8,1
2022-11-28,Quang_Ninh,21.0064,107.2925,25.8,95,18.8,58,1008.5,1
2022-11-29,Quang_Ninh,21.0064,107.2925,26.0,94,16.3,60,1010.2,1
2022-11-30,Quang_Ninh,21.0064,107.2925,22.8,86,23.8,96,1014.5,1
2022-12-01,Quang_Ninh,21.0064,107.2925,15.2,70,20.1,99,1019.0,1
2022-12-02,Quang_Ninh,21.0064,107.2925,13.0,69,14.8,99,1019.4,1
2022-12-03,Quang_Ninh,21.0064,107.2925,17.0,78,10.0,98,1016.4,0
2022-12-04,Quang_Ninh,21.0064,107.2925,17.5,77,11.5,98,1017.7,1
2022-12-05,Quang_Ninh,21.0064,107.2925,14.4,72,18.0,71,1020.4,1
2022-12-06,Quang_Ninh,21.0064,107.2925,15.2,72,15.4,42,1018.6,0
2022-12-07,Quang_Ninh,21.0064,107.2925,16.6,75,14.8,91,1017.8,0
2022-12-08,Quang_Ninh,21.0064,107.2925,18.0,78,13.6,83,1017.2,0
2022-12-09,Quang_Ninh,21.0064,107.2925,17.9,78,10.5,87,1015.8,0
2022-12-10,Quang_Ninh,21.0064,107.2925,18.2,79,13.6,70,1015.4,1
2022-12-11,Quang_Ninh,21.0064,107.2925,16.9,68,20.1,54,1017.0,0
2022-12-12,Quang_Ninh,21.0064,107.2925,16.8,56,13.5,39,1019.2,0
2022-12-13,Quang_Ninh,21.0064,107.2925,15.2,60,17.1,2,1019.2,0
2022-12-14,Quang_Ninh,21.0064,107.2925,15.3,55,13.2,1,1020.5,0
2022-12-15,Quang_Ninh,21.0064,107.2925,15.3,61,11.5,1,1016.4,0
2022-12-16,Quang_Ninh,21.0064,107.2925,17.3,64,16.6,62,1016.5,0
2022-12-17,Quang_Ninh,21.0064,107.2925,15.6,43,22.9,100,1025.0,0
2022-12-18,Quang_Ninh,21.0064,107.2925,14.2,36,16.2,77,1025.6,0
2022-12-19,Quang_Ninh,21.0064,107.2925,13.2,50,15.1,10,1020.0,0
2022-12-20,Quang_Ninh,21.0064,107.2925,15.6,65,18.3,75,1016.5,0
2022-12-21,Quang_Ninh,21.0064,107.2925,17.0,54,14.3,60,1017.1,0
2022-12-22,Quang_Ninh,21.0064,107.2925,16.2,52,14.7,33,1015.9,0
2022-12-23,Quang_Ninh,21.0064,107.2925,17.5,49,15.3,58,1017.2,0
2022-12-24,Quang_Ninh,21.0064,107.2925,17.5,54,15.9,32,1019.3,0
2022-12-25,Quang_Ninh,21.0064,107.2925,16.8,72,14.6,11,1019.5,0
2022-12-26,Quang_Ninh,21.0064,107.2925,17.1,80,15.6,38,1020.0,0
2022-12-27,Quang_Ninh,21.0064,107.2925,17.4,76,17.7,35,1019.6,0
2022-12-28,Quang_Ninh,21.0064,107.2925,16.9,61,22.4,82,1021.1,0
2022-12-29,Quang_Ninh,21.0064,107.2925,14.7,57,16.6,84,1024.1,0
2022-12-30,Quang_Ninh,21.0064,107.2925,13.4,60,14.4,66,1025.2,0
2022-12-31,Quang_Ninh,21.0064,107.2925,14.0,66,15.2,14,1024.0,0
2023-01-01,Quang_Ninh,21.0064,107.2925,14.9,66,8.3,56,1022.7,0
2023-01-02,Quang_Ninh,21.0064,107.2925,15.8,83,11.7,100,1023.2,1
2023-01-03,Quang_Ninh,21.0064,107.2925,15.1,85,9.0,100,1023.4,1
2023-01-04,Quang_Ninh,21.0064,107.2925,16.2,77,14.5,100,1021.9,1
2023-01-05,Quang_Ninh,21.0064,107.2925,18.1,78,15.2,71,1022.0,0
2023-01-06,Quang_Ninh,21.0064,107.2925,18.7,62,22.1,39,1023.0,0
2023-01-07,Quang_Ninh,21.0064,107.2925,17.5,59,14.6,57,1019.5,1
2023-01-08,Quang_Ninh,21.0064,107.2925,17.4,72,14.6,96,1018.4,1
2023-01-09,Quang_Ninh,21.0064,107.2925,18.2,89,10.6,97,1018.3,1
2023-01-10,Quang_Ninh,21.0064,107.2925,18.3,95,13.2,100,1017.1,1
2023-01-11,Quang_Ninh,21.0064,107.2925,17.8,95,13.5,100,1014.6,1
2023-01-12,Quang_Ninh,21.0064,107.2925,18.4,97,9.1,71,1011.3,1
2023-01-13,Quang_Ninh,21.0064,107.2925,19.6,95,14.8,67,1008.4,1
2023-01-14,Quang_Ninh,21.0064,107.2925,21.0,92,13.1,21,1006.4,0
2023-01-15,Quang_Ninh,21.0064,107.2925,17.6,70,19.6,52,1013.5,0
2023-01-16,Quang_Ninh,21.0064,107.2925,12.0,59,16.3,55,1020.9,0
2023-01-17,Quang_Ninh,21.0064,107.2925,11.9,65,11.8,94,1023.2,0
2023-01-18,Quang_Ninh,21.0064,107.2925,13.0,62,11.2,55,1024.0,0
2023-01-19,Quang_Ninh,21.0064,107.2925,12.9,71,13.4,2,1022.2,0
2023-01-20,Quang_Ninh,21.0064,107.2925,14.3,68,10.7,13,1020.7,0
2023-01-21,Quang_Ninh,21.0064,107.2925,15.8,78,11.3,32,1017.0,0
2023-01-22,Quang_Ninh,21.0064,107.2925,17.8,90,9.4,55,1014.2,1
2023-01-23,Quang_Ninh,21.0064,107.2925,18.4,83,15.5,45,1015.2,1
2023-01-24,Quang_Ninh,21.0064,107.2925,14.0,55,27.7,62,1024.1,0
2023-01-25,Quang_Ninh,21.0064,107.2925,11.8,66,15.9,20,1020.9,0
2023-01-26,Quang_Ninh,21.0064,107.2925,15.8,82,13.5,52,1016.5,0
2023-01-27,Quang_Ninh,21.0064,107.2925,14.4,64,21.7,80,1022.7,1
2023-01-28,Quang_Ninh,21.0064,107.2925,12.5,47,16.5,16,1023.6,0
2023-01-29,Quang_Ninh,21.0064,107.2925,12.5,50,14.4,3,1023.3,0
2023-01-30,Quang_Ninh,21.0064,107.2925,12.9,60,14.6,0,1020.8,0
2023-01-31,Quang_Ninh,21.0064,107.2925,14.3,76,10.0,11,1015.0,0
2023-02-01,Quang_Ninh,21.0064,107.2925,18.6,89,9.7,99,1012.5,1
2023-02-02,Quang_Ninh,21.0064,107.2925,19.5,94,13.5,91,1015.1,1
2023-02-03,Quang_Ninh,21.0064,107.2925,18.3,98,16.4,100,1015.3,1
2023-02-04,Quang_Ninh,21.0064,107.2925,18.6,97,12.9,100,1013.3,1
2023-02-05,Quang_Ninh,21.0064,107.2925,17.8,97,15.5,100,1012.5,1
2023-02-06,Quang_Ninh,21.0064,107.2925,18.2,96,13.0,100,1011.6,1
2023-02-07,Quang_Ninh,21.0064,107.2925,19.4,95,13.6,100,1012.3,1
2023-02-08,Quang_Ninh,21.0064,107.2925,19.4,97,14.1,98,1012.2,1
2023-02-09,Quang_Ninh,21.0064,107.2925,20.2,98,11.0,99,1012.5,1
2023-02-10,Quang_Ninh,21.0064,107.2925,20.4,98,9.2,93,1011.9,1
2023-02-11,Quang_Ninh,21.0064,107.2925,21.1,96,13.5,82,1009.6,1
2023-02-12,Quang_Ninh,21.0064,107.2925,22.1,95,16.5,62,1008.4,0
2023-02-13,Quang_Ninh,21.0064,107.2925,22.4,88,22.6,80,1010.4,1
2023-02-14,Quang_Ninh,21.0064,107.2925,17.5,65,18.3,98,1017.4,1
2023-02-15,Quang_Ninh,21.0064,107.2925,15.9,70,18.9,97,1021.6,1
2023-02-16,Quang_Ninh,21.0064,107.2925,16.2,70,17.8,57,1022.3,0
2023-02-17,Quang_Ninh,21.0064,107.2925,17.4,76,12.4,73,1019.0,0
2023-02-18,Quang_Ninh,21.0064,107.2925,19.2,86,12.3,97,1016.2,1
2023-02-19,Quang_Ninh,21.0064,107.2925,20.4,79,17.2,78,1017.8,1
2023-02-20,Quang_Ninh,21.0064,107.2925,18.5,70,16.2,11,1018.0,0
2023-02-21,Quang_Ninh,21.0064,107.2925,19.4,78,15.2,4,1019.2,0
2023-02-22,Quang_Ninh,21.0064,107.2925,18.8,81,18.8,39,1019.1,1
2023-02-23,Quang_Ninh,21.0064,107.2925,18.7,83,13.6,29,1016.4,0
2023-02-24,Quang_Ninh,21.0064,107.2925,19.0,71,15.9,78,1019.0,0
2023-02-25,Quang_Ninh,21.0064,107.2925,17.6,54,17.2,28,1025.2,0
2023-02-26,Quang_Ninh,21.0064,107.2925,16.3,58,21.6,0,1027.5,0
2023-02-27,Quang_Ninh,21.0064,107.2925,16.8,65,14.5,15,1024.7,0
2023-02-28,Quang_Ninh,21.0064,107.2925,17.5,82,12.9,22,1021.3,0
2023-03-01,Quang_Ninh,21.0064,107.2925,18.6,84,14.5,30,1020.7,1
2023-03-02,Quang_Ninh,21.0064,107.2925,20.5,69,16.6,1,1021.6,0
2023-03-03,Quang_Ninh,21.0064,107.2925,19.6,84,15.8,37,1022.5,1
2023-03-04,Quang_Ninh,21.0064,107.2925,19.3,75,15.2,23,1023.2,0
2023-03-05,Quang_Ninh,21.0064,107.2925,19.0,76,13.2,1,1021.2,0
2023-03-06,Quang_Ninh,21.0064,107.2925,19.2,83,14.2,18,1019.2,0
2023-03-07,Quang_Ninh,21.0064,107.2925,19.8,84,13.6,19,1018.0,0
2023-03-08,Quang_Ninh,21.0064,107.2925,20.6,82,12.1,58,1018.0,0
2023-03-09,Quang_Ninh,21.0064,107.2925,20.7,84,15.1,38,1017.2,0
2023-03-10,Quang_Ninh,21.0064,107.2925,20.3,82,10.5,17,1014.7,0
2023-03-11,Quang_Ninh,21.0064,107.2925,21.0,87,12.1,67,1015.7,1
2023-03-12,Quang_Ninh,21.0064,107.2925,22.2,82,19.1,97,1017.8,1
2023-03-13,Quang_Ninh,21.0064,107.2925,18.8,56,20.8,100,1020.0,0
2023-03-14,Quang_Ninh,21.0064,107.2925,19.4,73,9.4,39,1014.0,0
2023-03-15,Quang_Ninh,21.0064,107.2925,20.8,89,12.7,87,1014.1,1
2023-03-16,Quang_Ninh,21.0064,107.2925,21.6,88,12.1,65,1015.3,1
2023-03-17,Quang_Ninh,21.0064,107.2925,21.3,90,12.2,59,1014.2,1
2023-03-18,Quang_Ninh,21.0064,107.2925,21.7,89,13.2,73,1012.9,0
2023-03-19,Quang_Ninh,21.0064,107.2925,21.5,93,14.7,97,1011.3,1
2023-03-20,Quang_Ninh,21.0064,107.2925,22.2,95,17.3,99,1008.4,1
2023-03-21,Quang_Ninh,21.0064,107.2925,23.5,93,12.4,94,1005.5,0
2023-03-22,Quang_Ninh,21.0064,107.2925,25.0,85,12.3,50,1003.3,0
2023-03-23,Quang_Ninh,21.0064,107.2925,25.4,84,15.3,5,1003.3,0
2023-03-24,Quang_Ninh,21.0064,107.2925,25.9,83,14.3,22,1006.1,1
2023-03-25,Quang_Ninh,21.0064,107.2925,23.8,88,17.8,78,1009.2,1
2023-03-26,Quang_Ninh,21.0064,107.2925,20.8,84,16.6,94,1010.9,1
2023-03-27,Quang_Ninh,21.0064,107.2925,19.4,83,17.1,98,1013.3,1
2023-03-28,Quang_Ninh,21.0064,107.2925,19.1,85,15.3,100,1014.9,1
2023-03-29,Quang_Ninh,21.0064,107.2925,20.3,83,12.6,94,1013.2,1
2023-03-30,Quang_Ninh,21.0064,107.2925,20.4,84,10.7,75,1011.3,1
2023-03-31,Quang_Ninh,21.0064,107.2925,21.2,88,11.0,94,1010.6,1
2023-04-01,Quang_Ninh,21.0064,107.2925,22.2,94,9.6,100,1009.0,1
2023-04-02,Quang_Ninh,21.0064,107.2925,23.7,96,14.6,75,1006.9,1
2023-04-03,Quang_Ninh,21.0064,107.2925,24.3,93,17.7,74,1005.6,1
2023-04-04,Quang_Ninh,21.0064,107.2925,24.9,92,18.1,60,1004.1,0
2023-04-05,Quang_Ninh,21.0064,107.2925,24.9,91,10.9,22,1004.7,0
2023-04-06,Quang_Ninh,21.0064,107.2925,24.7,87,20.0,69,1008.5,1
2023-04-07,Quang_Ninh,21.0064,107.2925,22.5,69,17.8,44,1013.7,0
2023-04-08,Quang_Ninh,21.0064,107.2925,20.8,83,20.1,100,1017.3,1
2023-04-09,Quang_Ninh,21.0064,107.2925,19.8,87,18.9,99,1015.6,1
2023-04-10,Quang_Ninh,21.0064,107.2925,23.0,91,10.9,87,1010.7,1
2023-04-11,Quang_Ninh,21.0064,107.2925,23.7,97,9.4,99,1008.8,1
2023-04-12,Quang_Ninh,21.0064,107.2925,24.1,94,15.3,98,1009.4,1
2023-04-13,Quang_Ninh,21.0064,107.2925,24.0,95,11.1,100,1008.7,1
2023-04-14,Quang_Ninh,21.0064,107.2925,24.5,94,10.4,92,1008.0,1
2023-04-15,Quang_Ninh,21.0064,107.2925,24.6,89,13.7,70,1009.9,1
2023-04-16,Quang_Ninh,21.0064,107.2925,24.0,81,11.7,86,1008.5,0
2023-04-17,Quang_Ninh,21.0064,107.2925,24.3,95,15.5,86,1007.2,1
2023-04-18,Quang_Ninh,21.0064,107.2925,25.8,91,15.6,55,1005.2,0
2023-04-19,Quang_Ninh,21.0064,107.2925,26.2,90,15.3,42,1001.7,0
2023-04-20,Quang_Ninh,21.0064,107.2925,26.4,89,13.0,41,1000.8,0
2023-04-21,Quang_Ninh,21.0064,107.2925,26.7,91,13.6,49,1001.5,1
2023-04-22,Quang_Ninh,21.0064,107.2925,26.7,90,13.4,24,1004.1,0
2023-04-23,Quang_Ninh,21.0064,107.2925,26.5,92,15.5,64,1007.5,1
2023-04-24,Quang_Ninh,21.0064,107.2925,25.6,88,16.4,92,1010.6,1
2023-04-25,Quang_Ninh,21.0064,107.2925,22.4,80,15.9,86,1013.1,1
2023-04-26,Quang_Ninh,21.0064,107.2925,22.5,76,10.9,79,1013.0,0
2023-04-27,Quang_Ninh,21.0064,107.2925,23.5,88,12.3,84,1011.0,1
2023-04-28,Quang_Ninh,21.0064,107.2925,25.1,89,14.3,57,1009.9,1
2023-04-29,Quang_Ninh,21.0064,107.2925,23.6,92,18.8,90,1010.7,1
2023-04-30,Quang_Ninh,21.0064,107.2925,22.2,73,8.9,48,1012.1,0
2023-05-01,Quang_Ninh,21.0064,107.2925,23.0,79,12.3,15,1011.2,0
2023-05-02,Quang_Ninh,21.0064,107.2925,24.6,91,15.7,46,1011.0,1
2023-05-03,Quang_Ninh,21.0064,107.2925,25.5,93,18.8,71,1009.5,1
2023-05-04,Quang_Ninh,21.0064,107.2925,26.4,91,17.5,51,1004.7,1
2023-05-05,Quang_Ninh,21.0064,107.2925,27.8,84,14.8,16,1000.0,0
2023-05-06,Quang_Ninh,21.0064,107.2925,28.8,82,13.6,2,998.7,0
2023-05-07,Quang_Ninh,21.0064,107.2925,28.7,84,20.0,44,1001.8,1
2023-05-08,Quang_Ninh,21.0064,107.2925,24.8,83,20.9,98,1007.9,1
2023-05-09,Quang_Ninh,21.0064,107.2925,25.4,82,20.0,88,1009.7,1
2023-05-10,Quang_Ninh,21.0064,107.2925,26.6,91,13.2,93,1009.3,1
2023-05-11,Quang_Ninh,21.0064,107.2925,25.6,93,15.3,92,1011.2,1
2023-05-12,Quang_Ninh,21.0064,107.2925,23.3,84,18.8,94,1012.6,1
2023-05-13,Quang_Ninh,21.0064,107.2925,21.1,94,14.8,99,1012.0,1
2023-05-14,Quang_Ninh,21.0064,107.2925,23.3,84,9.8,91,1010.8,0
2023-05-15,Quang_Ninh,21.0064,107.2925,25.1,84,13.6,83,1008.8,1
2023-05-16,Quang_Ninh,21.0064,107.2925,27.1,89,20.1,74,1005.1,1
2023-05-17,Quang_Ninh,21.0064,107.2925,29.2,80,15.3,37,1003.0,0
2023-05-18,Quang_Ninh,21.0064,107.2925,28.7,84,11.2,33,1003.2,0
2023-05-19,Quang_Ninh,21.0064,107.2925,28.6,87,12.6,17,1003.9,0
2023-05-20,Quang_Ninh,21.0064,107.2925,28.6,87,14.7,12,1004.3,1
2023-05-21,Quang_Ninh,21.0064,107.2925,29.3,87,15.3,26,1004.8,0
2023-05-22,Quang_Ninh,21.0064,107.2925,29.6,86,15.9,20,1004.4,0
2023-05-23,Quang_Ninh,21.0064,107.2925,27.9,86,17.4,75,1005.8,1
2023-05-24,Quang_Ninh,21.0064,107.2925,27.1,89,15.0,97,1006.6,1
2023-05-25,Quang_Ninh,21.0064,107.2925,27.2,92,15.5,98,1007.3,1
2023-05-26,Quang_Ninh,21.0064,107.2925,27.6,88,14.1,62,1008.0,1
2023-05-27,Quang_Ninh,21.0064,107.2925,27.3,89,15.0,52,1007.0,1
2023-05-28,Quang_Ninh,21.0064,107.2925,27.5,89,10.6,55,1007.4,1
2023-05-29,Quang_Ninh,21.0064,107.2925,28.3,86,11.5,15,1007.4,1
2023-05-30,Quang_Ninh,21.0064,107.2925,28.3,86,12.3,19,1005.6,1
2023-05-31,Quang_Ninh,21.0064,107.2925,28.6,87,12.6,21,1003.0,0
2023-06-01,Quang_Ninh,21.0064,107.2925,28.8,88,12.1,70,1001.1,0
2023-06-02,Quang_Ninh,21.0064,107.2925,30.0,88,13.0,83,1002.3,1
2023-06-03,Quang_Ninh,21.0064,107.2925,29.9,89,13.9,40,1004.7,1
2023-06-04,Quang_Ninh,21.0064,107.2925,29.3,86,14.6,51,1005.1,1
2023-06-05,Quang_Ninh,21.0064,107.2925,28.7,87,11.4,66,1005.0,1
2023-06-06,Quang_Ninh,21.0064,107.2925,28.1,85,13.0,81,1004.7,1
2023-06-07,Quang_Ninh,21.0064,107.2925,27.5,88,13.0,98,1004.5,1
2023-06-08,Quang_Ninh,21.0064,107.2925,26.9,94,9.1,100,1003.9,1
2023-06-09,Quang_Ninh,21.0064,107.2925,27.5,88,11.1,100,1001.8,1
2023-06-10,Quang_Ninh,21.0064,107.2925,28.3,87,10.8,98,1000.7,1
2023-06-11,Quang_Ninh,21.0064,107.2925,29.0,86,11.8,97,1000.8,1
2023-06-12,Quang_Ninh,21.0064,107.2925,29.2,86,11.2,98,1001.3,1
2023-06-13,Quang_Ninh,21.0064,107.2925,28.0,92,9.2,100,1001.5,1
2023-06-14,Quang_Ninh,21.0064,107.2925,26.8,94,6.9,99,1003.8,1
2023-06-15,Quang_Ninh,21.0064,107.2925,27.5,92,8.8,100,1003.5,1
2023-06-16,Quang_Ninh,21.0064,107.2925,28.0,91,13.9,100,1002.6,1
2023-06-17,Quang_Ninh,21.0064,107.2925,28.8,88,21.1,100,1003.6,1
2023-06-18,Quang_Ninh,21.0064,107.2925,29.1,84,20.9,100,1004.0,1
2023-06-19,Quang_Ninh,21.0064,107.2925,28.8,86,16.9,100,1003.4,1
2023-06-20,Quang_Ninh,21.0064,107.2925,29.3,86,18.5,87,1003.3,1
2023-06-21,Quang_Ninh,21.0064,107.2925,29.7,85,18.5,85,1004.0,1
2023-06-22,Quang_Ninh,21.0064,107.2925,29.2,91,13.9,100,1003.7,1
2023-06-23,Quang_Ninh,21.0064,107.2925,27.8,91,12.6,100,1003.3,1
2023-06-24,Quang_Ninh,21.0064,107.2925,26.3,98,13.4,100,1003.7,1
2023-06-25,Quang_Ninh,21.0064,107.2925,25.8,96,8.2,100,1004.9,1
2023-06-26,Quang_Ninh,21.0064,107.2925,25.8,97,9.0,100,1005.9,1
2023-06-27,Quang_Ninh,21.0064,107.2925,26.3,93,11.3,87,1007.3,1
2023-06-28,Quang_Ninh,21.0064,107.2925,28.3,85,16.6,40,1007.5,1
2023-06-29,Quang_Ninh,21.0064,107.2925,29.0,84,18.8,73,1004.7,1
2023-06-30,Quang_Ninh,21.0064,107.2925,29.3,88,21.1,84,1002.6,1
2023-07-01,Quang_Ninh,21.0064,107.2925,29.9,87,19.5,86,1002.7,1
2023-07-02,Quang_Ninh,21.0064,107.2925,30.0,85,18.5,96,1003.5,1
2023-07-03,Quang_Ninh,21.0064,107.2925,29.3,86,22.3,98,1004.2,1
2023-07-04,Quang_Ninh,21.0064,107.2925,29.0,85,24.6,70,1004.8,1
2023-07-05,Quang_Ninh,21.0064,107.2925,29.2,83,22.0,49,1004.6,1
2023-07-06,Quang_Ninh,21.0064,107.2925,29.6,84,23.5,32,1005.0,1
2023-07-07,Quang_Ninh,21.0064,107.2925,29.8,86,23.8,50,1005.3,1
2023-07-08,Quang_Ninh,21.0064,107.2925,29.6,87,22.0,63,1006.5,1
2023-07-09,Quang_Ninh,21.0064,107.2925,29.4,85,20.5,70,1006.9,1
2023-07-10,Quang_Ninh,21.0064,107.2925,29.4,84,19.8,78,1006.0,1
2023-07-11,Quang_Ninh,21.0064,107.2925,29.6,85,20.5,43,1005.2,1
2023-07-12,Quang_Ninh,21.0064,107.2925,29.7,86,20.0,32,1004.7,1
2023-07-13,Quang_Ninh,21.0064,107.2925,29.8,86,17.0,53,1003.5,1
2023-07-14,Quang_Ninh,21.0064,107.2925,29.6,87,9.8,80,1003.0,1
2023-07-15,Quang_Ninh,21.0064,107.2925,29.5,85,8.9,69,1001.6,1
2023-07-16,Quang_Ninh,21.0064,107.2925,29.7,82,18.7,96,999.2,1
2023-07-17,Quang_Ninh,21.0064,107.2925,30.4,69,17.3,98,996.5,1
2023-07-18,Quang_Ninh,21.0064,107.2925,24.9,92,23.0,100,995.8,1
2023-07-19,Quang_Ninh,21.0064,107.2925,26.9,89,17.2,99,1003.1,1
2023-07-20,Quang_Ninh,21.0064,107.2925,27.3,91,14.5,97,1005.4,1
2023-07-21,Quang_Ninh,21.0064,107.2925,28.1,88,13.6,90,1007.9,1
2023-07-22,Quang_Ninh,21.0064,107.2925,28.4,89,9.3,78,1008.9,1
2023-07-23,Quang_Ninh,21.0064,107.2925,28.8,85,11.5,31,1007.7,1
2023-07-24,Quang_Ninh,21.0064,107.2925,28.9,84,11.2,71,1005.8,1
2023-07-25,Quang_Ninh,21.0064,107.2925,28.8,85,12.5,70,1005.4,1
2023-07-26,Quang_Ninh,21.0064,107.2925,29.4,84,12.5,61,1003.6,0
2023-07-27,Quang_Ninh,21.0064,107.2925,29.5,85,9.8,96,1000.1,1
2023-07-28,Quang_Ninh,21.0064,107.2925,30.8,83,10.8,92,997.6,1
2023-07-29,Quang_Ninh,21.0064,107.2925,30.2,82,11.7,94,999.5,1
2023-07-30,Quang_Ninh,21.0064,107.2925,28.1,90,11.5,93,1001.6,1
2023-07-31,Quang_Ninh,21.0064,107.2925,27.7,91,12.3,96,1003.1,1
2023-08-01,Quang_Ninh,21.0064,107.2925,27.2,93,9.6,100,1002.6,1
2023-08-02,Quang_Ninh,21.0064,107.2925,26.9,93,14.8,100,1001.6,1
2023-08-03,Quang_Ninh,21.0064,107.2925,26.5,94,18.6,100,1000.1,1
2023-08-04,Quang_Ninh,21.0064,107.2925,26.9,93,18.3,100,1001.3,1
2023-08-05,Quang_Ninh,21.0064,107.2925,27.3,89,22.9,96,1001.0,1
2023-08-06,Quang_Ninh,21.0064,107.2925,27.5,89,18.7,100,998.4,1
2023-08-07,Quang_Ninh,21.0064,107.2925,27.8,86,20.0,85,998.0,1
2023-08-08,Quang_Ninh,21.0064,107.2925,28.2,85,17.7,84,1000.2,1
2023-08-09,Quang_Ninh,21.0064,107.2925,29.0,87,12.9,86,1002.3,1
2023-08-10,Quang_Ninh,21.0064,107.2925,28.2,93,10.0,97,1003.0,1
2023-08-11,Quang_Ninh,21.0064,107.2925,27.3,92,12.2,100,1001.8,1
2023-08-12,Quang_Ninh,21.0064,107.2925,26.7,92,11.0,93,1001.3,1
2023-08-13,Quang_Ninh,21.0064,107.2925,27.5,91,8.7,94,1001.7,1
2023-08-14,Quang_Ninh,21.0064,107.2925,27.3,92,13.3,91,1002.6,1
2023-08-15,Quang_Ninh,21.0064,107.2925,27.1,92,9.4,100,1004.0,1
2023-08-16,Quang_Ninh,21.0064,107.2925,28.4,88,12.2,68,1005.1,1
2023-08-17,Quang_Ninh,21.0064,107.2925,29.6,87,11.0,79,1004.5,1
2023-08-18,Quang_Ninh,21.0064,107.2925,29.2,89,10.1,92,1003.0,1
2023-08-19,Quang_Ninh,21.0064,107.2925,28.1,90,10.8,100,1004.2,1
2023-08-20,Quang_Ninh,21.0064,107.2925,27.0,92,12.1,100,1005.3,1
2023-08-21,Quang_Ninh,21.0064,107.2925,28.2,87,10.1,96,1005.7,1
2023-08-22,Quang_Ninh,21.0064,107.2925,29.1,85,12.7,100,1004.2,1
2023-08-23,Quang_Ninh,21.0064,107.2925,29.1,87,13.5,99,1002.8,1
2023-08-24,Quang_Ninh,21.0064,107.2925,27.6,92,11.9,99,1004.3,1
2023-08-25,Quang_Ninh,21.0064,107.2925,28.0,90,11.7,97,1004.5,1
2023-08-26,Quang_Ninh,21.0064,107.2925,28.5,88,12.4,90,1002.5,1
2023-08-27,Quang_Ninh,21.0064,107.2925,29.6,86,11.6,99,999.8,1
2023-08-28,Quang_Ninh,21.0064,107.2925,27.7,88,11.8,100,1001.0,1
2023-08-29,Quang_Ninh,21.0064,107.2925,27.6,77,13.3,87,1003.4,1
2023-08-30,Quang_Ninh,21.0064,107.2925,27.2,74,15.7,74,1005.5,0
2023-08-31,Quang_Ninh,21.0064,107.2925,27.8,75,13.7,40,1005.2,1
2023-09-01,Quang_Ninh,21.0064,107.2925,28.3,78,9.0,18,1004.0,1
2023-09-02,Quang_Ninh,21.0064,107.2925,29.5,65,16.4,88,1001.7,0
2023-09-03,Quang_Ninh,21.0064,107.2925,26.4,70,21.2,87,1001.5,1
2023-09-04,Quang_Ninh,21.0064,107.2925,26.8,79,15.6,68,1003.3,1
2023-09-05,Quang_Ninh,21.0064,107.2925,28.2,80,7.9,58,1004.9,1
2023-09-06,Quang_Ninh,21.0064,107.2925,29.3,80,9.0,91,1005.8,0
2023-09-07,Quang_Ninh,21.0064,107.2925,29.2,82,10.1,66,1005.7,1
2023-09-08,Quang_Ninh,21.0064,107.2925,27.8,90,9.0,96,1005.5,1
2023-09-09,Quang_Ninh,21.0064,107.2925,27.0,92,8.1,100,1004.4,1
2023-09-10,Quang_Ninh,21.0064,107.2925,26.9,93,7.7,98,1003.5,1
2023-09-11,Quang_Ninh,21.0064,107.2925,26.4,93,8.4,100,1002.9,1
2023-09-12,Quang_Ninh,21.0064,107.2925,26.5,95,11.0,100,1002.9,1
2023-09-13,Quang_Ninh,21.0064,107.2925,26.5,93,11.1,100,1003.3,1
2023-09-14,Quang_Ninh,21.0064,107.2925,25.6,89,16.3,97,1005.3,1
2023-09-15,Quang_Ninh,21.0064,107.2925,26.2,85,19.3,87,1006.9,1
2023-09-16,Quang_Ninh,21.0064,107.2925,25.8,92,19.8,85,1008.4,1
2023-09-17,Quang_Ninh,21.0064,107.2925,26.3,93,15.8,97,1008.2,1
2023-09-18,Quang_Ninh,21.0064,107.2925,26.9,90,10.5,89,1008.8,1
2023-09-19,Quang_Ninh,21.0064,107.2925,27.3,89,9.4,58,1009.6,1
2023-09-20,Quang_Ninh,21.0064,107.2925,27.9,88,9.4,28,1009.2,1
2023-09-21,Quang_Ninh,21.0064,107.2925,28.1,88,8.7,23,1009.4,1
2023-09-22,Quang_Ninh,21.0064,107.2925,28.0,87,8.3,46,1009.0,1
2023-09-23,Quang_Ninh,21.0064,107.2925,28.0,85,9.8,38,1009.0,1
2023-09-24,Quang_Ninh,21.0064,107.2925,27.9,86,13.1,41,1008.1,1
2023-09-25,Quang_Ninh,21.0064,107.2925,28.0,83,22.7,60,1007.5,1
2023-09-26,Quang_Ninh,21.0064,107.2925,25.4,95,26.7,98,1007.4,1
2023-09-27,Quang_Ninh,21.0064,107.2925,25.5,96,18.4,100,1008.3,1
2023-09-28,Quang_Ninh,21.0064,107.2925,26.2,93,14.8,100,1010.3,1
2023-09-29,Quang_Ninh,21.0064,107.2925,26.8,89,12.5,84,1011.2,1
2023-09-30,Quang_Ninh,21.0064,107.2925,27.6,87,7.8,31,1010.0,1
2023-10-01,Quang_Ninh,21.0064,107.2925,27.8,84,8.3,12,1008.6,0
2023-10-02,Quang_Ninh,21.0064,107.2925,28.0,83,12.1,27,1009.6,0
2023-10-03,Quang_Ninh,21.0064,107.2925,27.5,88,12.0,42,1009.7,1
2023-10-04,Quang_Ninh,21.0064,107.2925,28.4,86,8.1,20,1009.2,1
2023-10-05,Quang_Ninh,21.0064,107.2925,28.5,86,7.4,28,1007.9,0
2023-10-06,Quang_Ninh,21.0064,107.2925,27.9,85,14.6,49,1008.2,1
2023-10-07,Quang_Ninh,21.0064,107.2925,26.8,76,20.8,63,1010.0,1
2023-10-08,Quang_Ninh,21.0064,107.2925,24.9,69,11.2,42,1012.4,0
2023-10-09,Quang_Ninh,21.0064,107.2925,25.1,67,13.3,87,1013.7,0
2023-10-10,Quang_Ninh,21.0064,107.2925,24.5,69,17.7,71,1014.8,0
2023-10-11,Quang_Ninh,21.0064,107.2925,24.2,75,14.5,94,1015.6,0
2023-10-12,Quang_Ninh,21.0064,107.2925,24.7,79,15.9,73,1016.1,1
2023-10-13,Quang_Ninh,21.0064,107.2925,25.1,77,18.0,45,1014.7,0
2023-10-14,Quang_Ninh,21.0064,107.2925,24.8,75,16.8,32,1012.8,0
2023-10-15,Quang_Ninh,21.0064,107.2925,24.7,71,15.3,62,1012.3,0
2023-10-16,Quang_Ninh,21.0064,107.2925,25.8,66,15.3,62,1013.0,0
2023-10-17,Quang_Ninh,21.0064,107.2925,26.4,65,15.5,60,1012.7,0
2023-10-18,Quang_Ninh,21.0064,107.2925,26.6,72,24.9,97,1011.7,0
2023-10-19,Quang_Ninh,21.0064,107.2925,26.4,79,18.8,100,1009.5,1
2023-10-20,Quang_Ninh,21.0064,107.2925,26.3,61,31.0,76,1012.5,1
2023-10-21,Quang_Ninh,21.0064,107.2925,22.8,62,23.1,93,1016.9,1
2023-10-22,Quang_Ninh,21.0064,107.2925,22.3,79,14.6,87,1017.2,1
2023-10-23,Quang_Ninh,21.0064,107.2925,24.0,80,13.6,56,1015.9,1
2023-10-24,Quang_Ninh,21.0064,107.2925,25.9,75,16.2,32,1014.6,0
2023-10-25,Quang_Ninh,21.0064,107.2925,26.6,72,16.1,44,1013.8,0
2023-10-26,Quang_Ninh,21.0064,107.2925,26.6,72,13.7,41,1012.7,0
2023-10-27,Quang_Ninh,21.0064,107.2925,26.8,75,15.0,19,1012.1,0
2023-10-28,Quang_Ninh,21.0064,107.2925,26.5,75,19.9,69,1012.7,1
2023-10-29,Quang_Ninh,21.0064,107.2925,23.5,93,16.7,100,1014.1,1
2023-10-30,Quang_Ninh,21.0064,107.2925,24.0,80,14.5,77,1016.0,0
2023-10-31,Quang_Ninh,21.0064,107.2925,24.6,74,15.5,60,1017.1,0
2023-11-01,Quang_Ninh,21.0064,107.2925,24.2,75,15.9,5,1016.4,0
2023-11-02,Quang_Ninh,21.0064,107.2925,24.2,78,9.2,50,1013.6,0
2023-11-03,Quang_Ninh,21.0064,107.2925,25.6,88,10.8,51,1011.0,1
2023-11-04,Quang_Ninh,21.0064,107.2925,25.8,87,13.8,58,1011.5,1
2023-11-05,Quang_Ninh,21.0064,107.2925,26.1,89,9.8,55,1012.1,1
2023-11-06,Quang_Ninh,21.0064,107.2925,26.1,83,19.5,81,1014.1,1
2023-11-07,Quang_Ninh,21.0064,107.2925,24.9,72,16.8,74,1014.6,0
2023-11-08,Quang_Ninh,21.0064,107.2925,25.5,82,14.9,68,1012.6,1
2023-11-09,Quang_Ninh,21.0064,107.2925,26.0,88,10.2,26,1012.3,1
2023-11-10,Quang_Ninh,21.0064,107.2925,26.2,88,10.4,31,1013.7,1
2023-11-11,Quang_Ninh,21.0064,107.2925,26.7,86,11.2,39,1014.7,1
2023-11-12,Quang_Ninh,21.0064,107.2925,24.7,84,25.3,89,1017.3,1
2023-11-13,Quang_Ninh,21.0064,107.2925,18.1,71,22.0,99,1021.2,1
2023-11-14,Quang_Ninh,21.0064,107.2925,18.6,71,13.0,87,1021.4,0
2023-11-15,Quang_Ninh,21.0064,107.2925,20.7,77,16.2,76,1019.9,1
2023-11-16,Quang_Ninh,21.0064,107.2925,19.6,59,32.3,74,1024.5,0
2023-11-17,Quang_Ninh,21.0064,107.2925,19.0,47,17.3,48,1024.4,0
2023-11-18,Quang_Ninh,21.0064,107.2925,19.2,52,16.9,28,1022.0,0
2023-11-19,Quang_Ninh,21.0064,107.2925,20.1,54,15.2,10,1019.8,0
2023-11-20,Quang_Ninh,21.0064,107.2925,20.5,62,14.0,4,1017.8,0
2023-11-21,Quang_Ninh,21.0064,107.2925,20.7,73,11.5,11,1015.4,0
2023-11-22,Quang_Ninh,21.0064,107.2925,21.8,83,11.3,60,1014.2,1
2023-11-23,Quang_Ninh,21.0064,107.2925,22.7,81,14.3,66,1015.4,1
2023-11-24,Quang_Ninh,21.0064,107.2925,23.6,71,19.6,27,1017.1,0
2023-11-25,Quang_Ninh,21.0064,107.2925,22.7,76,17.9,37,1018.1,0
2023-11-26,Quang_Ninh,21.0064,107.2925,23.4,72,18.1,73,1018.6,0
2023-11-27,Quang_Ninh,21.0064,107.2925,22.9,71,15.3,22,1017.9,0
2023-11-28,Quang_Ninh,21.0064,107.2925,21.7,72,16.3,8,1017.2,0
2023-11-29,Quang_Ninh,21.0064,107.2925,22.7,77,14.6,54,1016.2,0
2023-11-30,Quang_Ninh,21.0064,107.2925,22.3,88,18.2,99,1018.0,1
2023-12-01,Quang_Ninh,21.0064,107.2925,20.7,73,20.4,96,1019.3,0
2023-12-02,Quang_Ninh,21.0064,107.2925,19.9,69,16.6,98,1019.6,0
2023-12-03,Quang_Ninh,21.0064,107.2925,21.0,72,18.4,95,1018.6,0
2023-12-04,Quang_Ninh,21.0064,107.2925,21.1,73,12.3,95,1016.6,0
2023-12-05,Quang_Ninh,21.0064,107.2925,20.4,77,9.2,93,1014.5,0
2023-12-06,Quang_Ninh,21.0064,107.2925,19.9,75,19.3,92,1017.5,1
2023-12-07,Quang_Ninh,21.0064,107.2925,19.8,63,13.4,88,1017.4,0
2023-12-08,Quang_Ninh,21.0064,107.2925,20.3,74,10.2,52,1013.9,0
2023-12-09,Quang_Ninh,21.0064,107.2925,22.4,88,11.2,52,1011.5,1
2023-12-10,Quang_Ninh,21.0064,107.2925,23.4,93,14.3,72,1010.5,1
2023-12-11,Quang_Ninh,21.0064,107.2925,23.6,92,12.0,83,1012.6,1
2023-12-12,Quang_Ninh,21.0064,107.2925,22.9,86,17.5,64,1014.7,1
2023-12-13,Quang_Ninh,21.0064,107.2925,22.3,85,15.7,77,1016.4,0
2023-12-14,Quang_Ninh,21.0064,107.2925,23.4,91,11.8,86,1015.5,1
2023-12-15,Quang_Ninh,21.0064,107.2925,23.5,93,13.0,87,1013.8,1
2023-12-16,Quang_Ninh,21.0064,107.2925,17.7,70,26.3,98,1018.9,1
2023-12-17,Quang_Ninh,21.0064,107.2925,13.0,67,16.6,99,1023.1,1
2023-12-18,Quang_Ninh,21.0064,107.2925,15.2,80,13.5,100,1020.6,1
2023-12-19,Quang_Ninh,21.0064,107.2925,13.9,67,15.3,100,1021.2,1
2023-12-20,Quang_Ninh,21.0064,107.2925,12.6,58,18.1,94,1023.7,0
2023-12-21,Quang_Ninh,21.0064,107.2925,12.1,57,21.5,74,1026.4,0
2023-12-22,Quang_Ninh,21.0064,107.2925,10.7,53,19.4,22,1029.4,0
2023-12-23,Quang_Ninh,21.0064,107.2925,11.8,48,11.9,83,1028.9,0
2023-12-24,Quang_Ninh,21.0064,107.2925,13.6,42,12.7,73,1028.5,0
2023-12-25,Quang_Ninh,21.0064,107.2925,13.3,47,16.6,46,1025.3,0
2023-12-26,Quang_Ninh,21.0064,107.2925,16.0,57,15.9,3,1023.1,0
2023-12-27,Quang_Ninh,21.0064,107.2925,18.0,63,14.4,18,1022.2,0
2023-12-28,Quang_Ninh,21.0064,107.2925,19.0,67,13.0,40,1020.2,0
2023-12-29,Quang_Ninh,21.0064,107.2925,19.8,73,14.8,83,1018.8,1
2023-12-30,Quang_Ninh,21.0064,107.2925,19.5,84,16.7,59,1017.3,1
2023-12-31,Quang_Ninh,21.0064,107.2925,20.4,78,12.3,8,1016.7,0
2024-01-01,Quang_Ninh,21.0064,107.2925,21.0,78,13.6,34,1016.4,0
2024-01-02,Quang_Ninh,21.0064,107.2925,21.0,89,12.4,75,1015.8,1
2024-01-03,Quang_Ninh,21.0064,107.2925,19.1,76,24.1,57,1018.8,1
2024-01-04,Quang_Ninh,21.0064,107.2925,17.5,71,16.0,48,1018.4,0
2024-01-05,Quang_Ninh,21.0064,107.2925,19.8,83,11.6,64,1017.2,1
2024-01-06,Quang_Ninh,21.0064,107.2925,20.2,89,14.0,83,1018.2,1
2024-01-07,Quang_Ninh,21.0064,107.2925,20.0,86,16.4,26,1017.9,0
2024-01-08,Quang_Ninh,21.0064,107.2925,20.4,91,12.9,69,1016.1,1
2024-01-09,Quang_Ninh,21.0064,107.2925,20.7,92,14.8,89,1015.2,1
2024-01-10,Quang_Ninh,21.0064,107.2925,18.9,90,19.2,98,1016.3,1
2024-01-11,Quang_Ninh,21.0064,107.2925,18.3,93,20.7,100,1016.7,1
2024-01-12,Quang_Ninh,21.0064,107.2925,18.8,95,17.3,100,1016.1,1
2024-01-13,Quang_Ninh,21.0064,107.2925,18.7,91,19.8,97,1017.2,1
2024-01-14,Quang_Ninh,21.0064,107.2925,19.6,87,16.9,68,1018.6,1
2024-01-15,Quang_Ninh,21.0064,107.2925,20.3,84,16.4,34,1018.8,0
2024-01-16,Quang_Ninh,21.0064,107.2925,19.9,86,20.1,47,1018.2,1
2024-01-17,Quang_Ninh,21.0064,107.2925,20.2,91,16.9,73,1016.9,1
2024-01-18,Quang_Ninh,21.0064,107.2925,20.6,92,12.4,70,1015.1,1
2024-01-19,Quang_Ninh,21.0064,107.2925,20.7,91,10.4,72,1013.9,0
2024-01-20,Quang_Ninh,21.0064,107.2925,19.8,89,19.2,89,1015.1,1
2024-01-21,Quang_Ninh,21.0064,107.2925,17.2,78,20.7,89,1017.9,1
2024-01-22,Quang_Ninh,21.0064,107.2925,11.0,86,25.2,100,1022.2,1
2024-01-23,Quang_Ninh,21.0064,107.2925,8.1,72,13.8,100,1027.6,1
2024-01-24,Quang_Ninh,21.0064,107.2925,9.4,65,10.8,100,1027.8,0
2024-01-25,Quang_Ninh,21.0064,107.2925,10.3,64,9.5,100,1027.8,0
2024-01-26,Quang_Ninh,21.0064,107.2925,11.6,70,11.3,100,1026.3,0
2024-01-27,Quang_Ninh,21.0064,107.2925,11.0,83,9.7,100,1024.9,1
2024-01-28,Quang_Ninh,21.0064,107.2925,12.4,81,10.2,100,1024.5,1
2024-01-29,Quang_Ninh,21.0064,107.2925,14.0,89,9.2,100,1021.2,1
2024-01-30,Quang_Ninh,21.0064,107.2925,17.2,91,10.2,100,1018.0,1
2024-01-31,Quang_Ninh,21.0064,107.2925,19.2,94,8.1,99,1016.0,1
2024-02-01,Quang_Ninh,21.0064,107.2925,20.7,97,10.0,97,1015.3,1
2024-02-02,Quang_Ninh,21.0064,107.2925,21.0,95,14.6,93,1014.4,1
2024-02-03,Quang_Ninh,21.0064,107.2925,20.8,95,9.9,95,1014.6,1
2024-02-04,Quang_Ninh,21.0064,107.2925,21.1,97,12.9,100,1013.7,1
2024-02-05,Quang_Ninh,21.0064,107.2925,18.5,92,17.7,100,1015.2,1
2024-02-06,Quang_Ninh,21.0064,107.2925,17.9,92,18.4,100,1015.9,1
2024-02-07,Quang_Ninh,21.0064,107.2925,15.8,90,17.3,100,1015.1,1
2024-02-08,Quang_Ninh,21.0064,107.2925,13.1,77,13.7,100,1017.3,1
2024-02-09,Quang_Ninh,21.0064,107.2925,13.0,71,9.7,99,1023.2,1
2024-02-10,Quang_Ninh,21.0064,107.2925,15.3,74,6.8,67,1026.0,0
2024-02-11,Quang_Ninh,21.0064,107.2925,16.4,64,14.2,44,1025.6,0
2024-02-12,Quang_Ninh,21.0064,107.2925,17.1,73,14.8,19,1022.3,0
2024-02-13,Quang_Ninh,21.0064,107.2925,18.7,90,9.6,84,1019.4,1
2024-02-14,Quang_Ninh,21.0064,107.2925,19.2,92,12.3,80,1017.2,1
2024-02-15,Quang_Ninh,21.0064,107.2925,20.1,86,12.4,69,1018.0,1
2024-02-16,Quang_Ninh,21.0064,107.2925,19.2,79,16.4,68,1018.3,0
2024-02-17,Quang_Ninh,21.0064,107.2925,19.5,88,9.1,71,1013.5,1
2024-02-18,Quang_Ninh,21.0064,107.2925,21.1,96,15.2,95,1011.1,1
2024-02-19,Quang_Ninh,21.0064,107.2925,22.0,95,14.1,76,1010.9,1
2024-02-20,Quang_Ninh,21.0064,107.2925,22.5,95,12.9,76,1009.4,1
2024-02-21,Quang_Ninh,21.0064,107.2925,23.1,94,13.1,86,1009.5,1
2024-02-22,Quang_Ninh,21.0064,107.2925,22.6,90,18.1,65,1012.6,1
2024-02-23,Quang_Ninh,21.0064,107.2925,18.2,82,21.0,94,1016.7,1
2024-02-24,Quang_Ninh,21.0064,107.2925,16.0,84,21.0,100,1019.1,1
2024-02-25,Quang_Ninh,21.0064,107.2925,15.6,78,14.0,93,1019.5,1
2024-02-26,Quang_Ninh,21.0064,107.2925,15.1,82,15.0,100,1019.5,1
2024-02-27,Quang_Ninh,21.0064,107.2925,14.6,77,13.2,97,1019.5,1
2024-02-28,Quang_Ninh,21.0064,107.2925,15.6,85,13.2,100,1016.1,1
2024-02-29,Quang_Ninh,21.0064,107.2925,15.9,80,18.0,100,1016.8,1
2024-03-01,Quang_Ninh,21.0064,107.2925,13.9,71,11.2,100,1020.6,0
2024-03-02,Quang_Ninh,21.0064,107.2925,13.7,72,11.2,89,1020.8,0
2024-03-03,Quang_Ninh,21.0064,107.2925,15.9,83,8.0,96,1014.3,1
2024-03-04,Quang_Ninh,21.0064,107.2925,20.7,94,17.6,71,1006.6,1
2024-03-05,Quang_Ninh,21.0064,107.2925,23.4,87,13.2,2,1003.9,0
2024-03-06,Quang_Ninh,21.0064,107.2925,21.9,77,20.2,15,1008.3,0
2024-03-07,Quang_Ninh,21.0064,107.2925,19.6,70,19.5,78,1014.1,0
2024-03-08,Quang_Ninh,21.0064,107.2925,17.8,76,19.7,100,1016.2,1
2024-03-09,Quang_Ninh,21.0064,107.2925,17.3,92,18.8,100,1015.5,1
2024-03-10,Quang_Ninh,21.0064,107.2925,17.4,90,18.1,100,1017.1,1
2024-03-11,Quang_Ninh,21.0064,107.2925,18.3,86,15.5,60,1018.4,1
2024-03-12,Quang_Ninh,21.0064,107.2925,18.7,87,13.7,45,1016.4,1
2024-03-13,Quang_Ninh,21.0064,107.2925,20.0,94,13.6,99,1013.8,1
2024-03-14,Quang_Ninh,21.0064,107.2925,19.8,96,17.3,100,1013.2,1
2024-03-15,Quang_Ninh,21.0064,107.2925,21.1,96,13.6,100,1012.7,1
2024-03-16,Quang_Ninh,21.0064,107.2925,22.3,95,12.6,83,1014.0,1
2024-03-17,Quang_Ninh,21.0064,107.2925,22.5,96,9.8,97,1013.4,1
2024-03-18,Quang_Ninh,21.0064,107.2925,22.7,95,11.3,96,1012.9,1
2024-03-19,Quang_Ninh,21.0064,107.2925,19.3,86,21.5,95,1018.0,1
2024-03-20,Quang_Ninh,21.0064,107.2925,18.3,76,16.6,100,1020.8,1
2024-03-21,Quang_Ninh,21.0064,107.2925,19.6,79,9.4,67,1014.8,0
2024-03-22,Quang_Ninh,21.0064,107.2925,21.2,94,9.7,89,1008.7,1
2024-03-23,Quang_Ninh,21.0064,107.2925,22.9,97,15.2,90,1007.8,1
2024-03-24,Quang_Ninh,21.0064,107.2925,23.5,92,15.3,68,1010.1,1
2024-03-25,Quang_Ninh,21.0064,107.2925,24.0,95,10.1,80,1011.5,1
2024-03-26,Quang_Ninh,21.0064,107.2925,24.0,93,17.1,88,1014.8,0
2024-03-27,Quang_Ninh,21.0064,107.2925,23.0,98,13.4,100,1014.5,1
2024-03-28,Quang_Ninh,21.0064,107.2925,22.8,96,14.0,100,1012.3,1
2024-03-29,Quang_Ninh,21.0064,107.2925,23.2,88,11.4,64,1012.2,0
2024-03-30,Quang_Ninh,21.0064,107.2925,23.4,96,13.3,75,1010.6,1
2024-03-31,Quang_Ninh,21.0064,107.2925,24.9,93,12.4,21,1007.3,0
2024-04-01,Quang_Ninh,21.0064,107.2925,25.5,88,14.1,16,1004.3,0
2024-04-02,Quang_Ninh,21.0064,107.2925,25.9,87,15.5,3,1003.2,0
2024-04-03,Quang_Ninh,21.0064,107.2925,25.9,89,14.4,1,1004.1,0
2024-04-04,Quang_Ninh,21.0064,107.2925,25.9,90,13.2,9,1005.2,0
2024-04-05,Quang_Ninh,21.0064,107.2925,25.2,87,18.4,53,1007.3,1
2024-04-06,Quang_Ninh,21.0064,107.2925,25.0,85,13.0,43,1008.6,1
2024-04-07,Quang_Ninh,21.0064,107.2925,24.7,85,13.0,95,1007.9,1
2024-04-08,Quang_Ninh,21.0064,107.2925,24.1,83,13.0,100,1010.8,1
2024-04-09,Quang_Ninh,21.0064,107.2925,23.4,82,14.5,100,1013.6,0
2024-04-10,Quang_Ninh,21.0064,107.2925,24.0,91,9.9,95,1013.5,1
2024-04-11,Quang_Ninh,21.0064,107.2925,24.9,93,12.3,68,1012.9,0
2024-04-12,Quang_Ninh,21.0064,107.2925,25.0,94,14.6,86,1011.2,1
2024-04-13,Quang_Ninh,21.0064,107.2925,25.2,94,19.5,82,1008.7,1
2024-04-14,Quang_Ninh,21.0064,107.2925,25.8,91,12.6,80,1008.5,1
2024-04-15,Quang_Ninh,21.0064,107.2925,25.6,92,15.3,88,1009.7,1
2024-04-16,Quang_Ninh,21.0064,107.2925,25.7,91,19.3,67,1008.0,1
2024-04-17,Quang_Ninh,21.0064,107.2925,26.2,91,14.8,69,1006.6,1
2024-04-18,Quang_Ninh,21.0064,107.2925,25.6,92,20.4,57,1004.9,1
2024-04-19,Quang_Ninh,21.0064,107.2925,27.0,90,22.9,70,1002.4,1
2024-04-20,Quang_Ninh,21.0064,107.2925,26.8,89,17.4,37,1002.1,1
2024-04-21,Quang_Ninh,21.0064,107.2925,25.4,93,20.5,75,1004.4,1
2024-04-22,Quang_Ninh,21.0064,107.2925,25.6,89,20.2,87,1005.6,1
2024-04-23,Quang_Ninh,21.0064,107.2925,26.6,89,14.8,88,1005.9,1
2024-04-24,Quang_Ninh,21.0064,107.2925,26.0,85,17.1,84,1006.4,1
2024-04-25,Quang_Ninh,21.0064,107.2925,27.1,94,23.9,59,1003.3,1
2024-04-26,Quang_Ninh,21.0064,107.2925,27.9,90,11.5,9,1000.9,0
2024-04-27,Quang_Ninh,21.0064,107.2925,28.5,84,12.3,0,1000.0,0
2024-04-28,Quang_Ninh,21.0064,107.2925,28.3,86,11.2,1,1002.5,0
2024-04-29,Quang_Ninh,21.0064,107.2925,28.7,86,15.1,28,1002.4,0
2024-04-30,Quang_Ninh,21.0064,107.2925,29.5,81,22.1,18,999.9,1
2024-05-01,Quang_Ninh,21.0064,107.2925,26.1,82,23.1,78,1004.9,1
2024-05-02,Quang_Ninh,21.0064,107.2925,25.3,85,21.4,87,1007.6,0
2024-05-03,Quang_Ninh,21.0064,107.2925,24.8,95,11.3,88,1007.8,1
2024-05-04,Quang_Ninh,21.0064,107.2925,26.1,92,20.1,52,1005.0,1
2024-05-05,Quang_Ninh,21.0064,107.2925,26.1,83,17.6,66,1007.7,0
2024-05-06,Quang_Ninh,21.0064,107.2925,26.1,87,15.3,82,1010.1,1
2024-05-07,Quang_Ninh,21.0064,107.2925,26.2,90,13.0,73,1012.0,1
2024-05-08,Quang_Ninh,21.0064,107.2925,26.3,90,15.0,98,1011.5,1
2024-05-09,Quang_Ninh,21.0064,107.2925,25.7,89,17.0,89,1011.7,1
2024-05-10,Quang_Ninh,21.0064,107.2925,26.3,90,15.1,78,1010.9,1
2024-05-11,Quang_Ninh,21.0064,107.2925,26.7,94,15.2,69,1010.3,1
2024-05-12,Quang_Ninh,21.0064,107.2925,27.1,92,11.0,77,1010.0,1
2024-05-13,Quang_Ninh,21.0064,107.2925,26.8,83,8.6,56,1010.6,1
2024-05-14,Quang_Ninh,21.0064,107.2925,26.7,82,14.0,21,1010.4,1
2024-05-15,Quang_Ninh,21.0064,107.2925,26.5,88,17.7,68,1011.7,1
2024-05-16,Quang_Ninh,21.0064,107.2925,26.6,75,17.7,28,1012.2,0
2024-05-17,Quang_Ninh,21.0064,107.2925,26.9,78,15.9,39,1009.6,0
2024-05-18,Quang_Ninh,21.0064,107.2925,27.0,89,15.3,100,1005.3,1
2024-05-19,Quang_Ninh,21.0064,107.2925,26.8,93,14.5,100,1002.6,1
2024-05-20,Quang_Ninh,21.0064,107.2925,26.3,90,10.4,77,1005.0,1
2024-05-21,Quang_Ninh,21.0064,107.2925,27.0,85,8.8,97,1007.2,1
2024-05-22,Quang_Ninh,21.0064,107.2925,27.1,86,11.6,92,1007.9,1
2024-05-23,Quang_Ninh,21.0064,107.2925,26.7,90,9.7,82,1007.3,1
2024-05-24,Quang_Ninh,21.0064,107.2925,27.2,86,9.0,81,1007.4,1
2024-05-25,Quang_Ninh,21.0064,107.2925,27.2,89,15.7,90,1007.4,1
2024-05-26,Quang_Ninh,21.0064,107.2925,27.8,93,24.0,92,1005.0,1
2024-05-27,Quang_Ninh,21.0064,107.2925,30.4,83,17.9,79,1000.5,0
2024-05-28,Quang_Ninh,21.0064,107.2925,28.1,91,11.2,99,1000.8,1
2024-05-29,Quang_Ninh,21.0064,107.2925,29.1,88,17.7,70,1001.0,1
2024-05-30,Quang_Ninh,21.0064,107.2925,27.9,92,16.2,94,1002.1,1
2024-05-31,Quang_Ninh,21.0064,107.2925,26.7,83,16.6,72,1004.5,1
2024-06-01,Quang_Ninh,21.0064,107.2925,27.0,87,11.2,71,1006.9,1
2024-06-02,Quang_Ninh,21.0064,107.2925,28.3,89,12.1,58,1006.1,1
2024-06-03,Quang_Ninh,21.0064,107.2925,29.0,89,10.1,99,1003.6,1
2024-06-04,Quang_Ninh,21.0064,107.2925,27.9,93,17.6,100,1004.0,1
2024-06-05,Quang_Ninh,21.0064,107.2925,26.6,92,21.3,100,1006.6,1
2024-06-06,Quang_Ninh,21.0064,107.2925,26.6,88,16.1,99,1007.2,1
2024-06-07,Quang_Ninh,21.0064,107.2925,27.3,90,13.1,89,1004.7,1
2024-06-08,Quang_Ninh,21.0064,107.2925,26.8,94,11.9,100,1003.1,1
2024-06-09,Quang_Ninh,21.0064,107.2925,26.9,94,14.2,100,1004.0,1
2024-06-10,Quang_Ninh,21.0064,107.2925,27.4,91,11.7,96,1005.4,1
2024-06-11,Quang_Ninh,21.0064,107.2925,28.4,89,17.5,89,1005.0,1
2024-06-12,Quang_Ninh,21.0064,107.2925,29.4,88,19.2,100,1003.9,1
2024-06-13,Quang_Ninh,21.0064,107.2925,30.5,82,17.6,100,1000.9,1
2024-06-14,Quang_Ninh,21.0064,107.2925,30.5,83,12.9,100,999.5,0
2024-06-15,Quang_Ninh,21.0064,107.2925,29.8,90,18.9,100,1000.9,1
2024-06-16,Quang_Ninh,21.0064,107.2925,29.9,88,18.4,100,1002.4,1
2024-06-17,Quang_Ninh,21.0064,107.2925,30.2,87,19.6,100,1001.9,1
2024-06-18,Quang_Ninh,21.0064,107.2925,30.1,87,17.3,100,1001.1,1
2024-06-19,Quang_Ninh,21.0064,107.2925,29.8,87,20.3,100,1000.9,1
2024-06-20,Quang_Ninh,21.0064,107.2925,30.0,86,18.4,100,1001.0,1
2024-06-21,Quang_Ninh,21.0064,107.2925,29.8,89,15.9,99,1001.9,1
2024-06-22,Quang_Ninh,21.0064,107.2925,29.5,86,13.7,93,1003.0,1
2024-06-23,Quang_Ninh,21.0064,107.2925,28.1,90,14.2,99,1002.7,1
2024-06-24,Quang_Ninh,21.0064,107.2925,27.1,92,10.6,100,1002.8,1
2024-06-25,Quang_Ninh,21.0064,107.2925,26.7,93,15.3,100,1005.1,1
2024-06-26,Quang_Ninh,21.0064,107.2925,27.1,90,12.0,97,1007.6,1
2024-06-27,Quang_Ninh,21.0064,107.2925,27.3,90,12.2,69,1008.4,1
2024-06-28,Quang_Ninh,21.0064,107.2925,28.0,87,20.6,97,1006.0,1
2024-06-29,Quang_Ninh,21.0064,107.2925,29.0,87,22.8,97,1003.8,1
2024-06-30,Quang_Ninh,21.0064,107.2925,30.4,83,25.3,100,1002.3,1
2024-07-01,Quang_Ninh,21.0064,107.2925,30.3,83,23.6,100,1000.4,1
2024-07-02,Quang_Ninh,21.0064,107.2925,29.6,85,20.6,100,1001.8,1
2024-07-03,Quang_Ninh,21.0064,107.2925,29.0,86,19.5,98,1006.9,1
2024-07-04,Quang_Ninh,21.0064,107.2925,27.8,87,14.8,69,1008.8,1
2024-07-05,Quang_Ninh,21.0064,107.2925,28.0,86,14.8,45,1006.2,1
2024-07-06,Quang_Ninh,21.0064,107.2925,28.4,85,15.9,43,1005.4,1
2024-07-07,Quang_Ninh,21.0064,107.2925,28.7,84,19.1,56,1006.2,1
2024-07-08,Quang_Ninh,21.0064,107.2925,29.1,81,18.4,49,1005.2,1
2024-07-09,Quang_Ninh,21.0064,107.2925,29.3,83,18.0,81,1005.0,1
2024-07-10,Quang_Ninh,21.0064,107.2925,29.4,84,18.0,46,1005.1,1
2024-07-11,Quang_Ninh,21.0064,107.2925,29.3,85,15.6,71,1003.5,1
2024-07-12,Quang_Ninh,21.0064,107.2925,29.3,86,13.4,92,1001.3,1
2024-07-13,Quang_Ninh,21.0064,107.2925,28.9,86,15.6,78,1001.3,1
2024-07-14,Quang_Ninh,21.0064,107.2925,28.1,88,16.5,94,1004.1,1
2024-07-15,Quang_Ninh,21.0064,107.2925,27.9,89,23.7,95,1005.0,1
2024-07-16,Quang_Ninh,21.0064,107.2925,27.8,88,20.3,81,1005.2,1
2024-07-17,Quang_Ninh,21.0064,107.2925,27.0,92,18.8,100,1004.2,1
2024-07-18,Quang_Ninh,21.0064,107.2925,27.1,92,16.6,97,1004.1,1
2024-07-19,Quang_Ninh,21.0064,107.2925,27.6,90,14.4,94,1003.9,1
2024-07-20,Quang_Ninh,21.0064,107.2925,28.2,88,14.1,58,1004.8,1
2024-07-21,Quang_Ninh,21.0064,107.2925,28.5,87,16.7,72,1004.3,1
2024-07-22,Quang_Ninh,21.0064,107.2925,26.6,95,21.4,100,1000.5,1
2024-07-23,Quang_Ninh,21.0064,107.2925,26.4,92,31.4,100,994.3,1
2024-07-24,Quang_Ninh,21.0064,107.2925,27.9,88,16.5,94,995.2,1
2024-07-25,Quang_Ninh,21.0064,107.2925,28.1,90,9.8,86,994.3,1
2024-07-26,Quang_Ninh,21.0064,107.2925,30.0,88,15.1,77,995.1,1
2024-07-27,Quang_Ninh,21.0064,107.2925,30.4,87,9.8,96,999.0,0
2024-07-28,Quang_Ninh,21.0064,107.2925,28.4,92,9.9,100,1001.5,1
2024-07-29,Quang_Ninh,21.0064,107.2925,27.1,92,11.7,100,1001.8,1
2024-07-30,Quang_Ninh,21.0064,107.2925,26.5,94,13.3,100,1002.0,1
2024-07-31,Quang_Ninh,21.0064,107.2925,27.5,89,22.8,100,1002.9,1
2024-08-01,Quang_Ninh,21.0064,107.2925,28.4,84,24.3,98,1003.7,1
2024-08-02,Quang_Ninh,21.0064,107.2925,28.4,81,28.4,74,1003.5,1
2024-08-03,Quang_Ninh,21.0064,107.2925,28.3,82,19.8,53,1005.2,1
2024-08-04,Quang_Ninh,21.0064,107.2925,28.4,84,18.7,18,1006.7,1
2024-08-05,Quang_Ninh,21.0064,107.2925,28.2,88,10.1,33,1005.9,1
2024-08-06,Quang_Ninh,21.0064,107.2925,29.1,86,12.3,93,1005.0,1
2024-08-07,Quang_Ninh,21.0064,107.2925,29.6,86,15.5,30,1005.3,1
2024-08-08,Quang_Ninh,21.0064,107.2925,29.4,87,19.2,29,1005.2,1
2024-08-09,Quang_Ninh,21.0064,107.2925,30.1,86,22.0,73,1002.7,1
2024-08-10,Quang_Ninh,21.0064,107.2925,30.7,86,17.8,69,1001.0,1
2024-08-11,Quang_Ninh,21.0064,107.2925,28.6,89,10.1,98,1000.7,1
2024-08-12,Quang_Ninh,21.0064,107.2925,28.2,89,13.0,100,1001.7,1
2024-08-13,Quang_Ninh,21.0064,107.2925,28.0,91,10.2,99,1003.9,1
2024-08-14,Quang_Ninh,21.0064,107.2925,28.5,88,7.2,98,1004.6,1
2024-08-15,Quang_Ninh,21.0064,107.2925,27.7,92,8.6,98,1003.8,1
2024-08-16,Quang_Ninh,21.0064,107.2925,27.9,90,10.3,97,1003.5,1
2024-08-17,Quang_Ninh,21.0064,107.2925,27.9,91,11.7,98,1005.1,1
2024-08-18,Quang_Ninh,21.0064,107.2925,28.6,90,10.9,100,1005.1,1
2024-08-19,Quang_Ninh,21.0064,107.2925,28.9,89,12.9,94,1003.5,1
2024-08-20,Quang_Ninh,21.0064,107.2925,29.5,85,13.6,100,1004.0,1
2024-08-21,Quang_Ninh,21.0064,107.2925,29.6,83,18.6,100,1005.6,1
2024-08-22,Quang_Ninh,21.0064,107.2925,28.5,88,17.3,100,1007.3,1
2024-08-23,Quang_Ninh,21.0064,107.2925,27.9,89,13.0,99,1008.6,1
2024-08-24,Quang_Ninh,21.0064,107.2925,27.9,89,9.6,98,1007.9,1
2024-08-25,Quang_Ninh,21.0064,107.2925,27.8,85,11.7,92,1006.7,1
2024-08-26,Quang_Ninh,21.0064,107.2925,28.6,84,11.4,80,1006.1,1
2024-08-27,Quang_Ninh,21.0064,107.2925,28.6,87,10.4,26,1005.8,1
2024-08-28,Quang_Ninh,21.0064,107.2925,29.4,86,10.4,56,1004.0,1
2024-08-29,Quang_Ninh,21.0064,107.2925,29.4,88,8.7,100,1003.7,1
2024-08-30,Quang_Ninh,21.0064,107.2925,28.7,88,8.7,60,1004.9,1
2024-08-31,Quang_Ninh,21.0064,107.2925,28.5,84,12.5,72,1006.2,1
2024-09-01,Quang_Ninh,21.0064,107.2925,27.7,89,14.5,99,1006.6,1
2024-09-02,Quang_Ninh,21.0064,107.2925,28.0,88,13.3,96,1007.1,1
2024-09-03,Quang_Ninh,21.0064,107.2925,28.7,86,11.2,34,1006.2,1
2024-09-04,Quang_Ninh,21.0064,107.2925,29.3,83,8.7,59,1002.8,1
2024-09-05,Quang_Ninh,21.0064,107.2925,30.1,82,14.5,83,1000.2,1
2024-09-06,Quang_Ninh,21.0064,107.2925,28.8,83,31.9,100,997.7,1
2024-09-07,Quang_Ninh,21.0064,107.2925,26.2,92,82.5,100,984.9,1
2024-09-08,Quang_Ninh,21.0064,107.2925,27.9,91,31.0,100,1001.5,1
2024-09-09,Quang_Ninh,21.0064,107.2925,26.7,94,22.6,100,1004.3,1
2024-09-10,Quang_Ninh,21.0064,107.2925,25.1,98,16.1,100,1005.7,1
2024-09-11,Quang_Ninh,21.0064,107.2925,25.0,98,18.6,100,1007.4,1
2024-09-12,Quang_Ninh,21.0064,107.2925,26.6,90,12.5,77,1006.5,1
2024-09-13,Quang_Ninh,21.0064,107.2925,27.8,86,11.8,32,1004.3,1
2024-09-14,Quang_Ninh,21.0064,107.2925,27.6,89,8.6,99,1002.5,1
2024-09-15,Quang_Ninh,21.0064,107.2925,28.0,87,9.4,66,1002.0,1
2024-09-16,Quang_Ninh,21.0064,107.2925,28.1,85,8.9,41,1003.6,1
2024-09-17,Quang_Ninh,21.0064,107.2925,28.1,85,18.3,94,1004.2,1
2024-09-18,Quang_Ninh,21.0064,107.2925,28.0,86,15.9,53,1003.0,1
2024-09-19,Quang_Ninh,21.0064,107.2925,27.2,90,15.5,77,1001.9,1
2024-09-20,Quang_Ninh,21.0064,107.2925,28.3,85,19.2,65,1002.4,1
2024-09-21,Quang_Ninh,21.0064,107.2925,27.8,91,9.0,77,1003.4,1
2024-09-22,Quang_Ninh,21.0064,107.2925,25.3,92,22.9,100,1004.6,1
2024-09-23,Quang_Ninh,21.0064,107.2925,25.3,77,14.2,100,1008.1,1
2024-09-24,Quang_Ninh,21.0064,107.2925,25.3,81,6.5,95,1009.4,1
2024-09-25,Quang_Ninh,21.0064,107.2925,25.4,88,5.6,73,1010.5,1
2024-09-26,Quang_Ninh,21.0064,107.2925,26.1,85,10.3,76,1010.6,1
2024-09-27,Quang_Ninh,21.0064,107.2925,27.5,83,13.7,51,1009.8,0
2024-09-28,Quang_Ninh,21.0064,107.2925,28.3,83,14.3,48,1008.0,0
2024-09-29,Quang_Ninh,21.0064,107.2925,28.2,87,16.1,53,1006.8,1
2024-09-30,Quang_Ninh,21.0064,107.2925,28.0,88,12.6,36,1006.0,1
2024-10-01,Quang_Ninh,21.0064,107.2925,26.3,80,26.8,44,1008.7,1
2024-10-02,Quang_Ninh,21.0064,107.2925,22.9,63,26.7,50,1013.4,0
2024-10-03,Quang_Ninh,21.0064,107.2925,23.2,61,13.3,31,1014.5,0
2024-10-04,Quang_Ninh,21.0064,107.2925,23.4,61,14.9,36,1014.3,0
2024-10-05,Quang_Ninh,21.0064,107.2925,24.1,64,12.7,0,1013.2,0
2024-10-06,Quang_Ninh,21.0064,107.2925,25.8,67,13.3,6,1013.5,0
2024-10-07,Quang_Ninh,21.0064,107.2925,27.3,62,15.0,42,1014.2,0
2024-10-08,Quang_Ninh,21.0064,107.2925,26.1,62,18.1,4,1014.0,0
2024-10-09,Quang_Ninh,21.0064,107.2925,25.4,64,17.2,10,1013.1,0
2024-10-10,Quang_Ninh,21.0064,107.2925,25.6,63,18.4,11,1012.3,0
2024-10-11,Quang_Ninh,21.0064,107.2925,25.6,68,15.1,10,1012.1,0
2024-10-12,Quang_Ninh,21.0064,107.2925,25.8,77,12.6,24,1012.9,1
2024-10-13,Quang_Ninh,21.0064,107.2925,26.6,77,13.7,9,1012.7,0
2024-10-14,Quang_Ninh,21.0064,107.2925,27.2,77,13.2,21,1011.6,1
2024-10-15,Quang_Ninh,21.0064,107.2925,26.3,81,18.5,51,1012.0,1
2024-10-16,Quang_Ninh,21.0064,107.2925,26.7,78,18.7,28,1012.4,1
2024-10-17,Quang_Ninh,21.0064,107.2925,25.9,88,14.7,77,1011.3,1
2024-10-18,Quang_Ninh,21.0064,107.2925,26.9,86,12.4,38,1010.7,1
2024-10-19,Quang_Ninh,21.0064,107.2925,27.0,86,14.0,60,1012.7,1
2024-10-20,Quang_Ninh,21.0064,107.2925,27.5,78,17.2,59,1014.5,1
2024-10-21,Quang_Ninh,21.0064,107.2925,26.8,81,16.7,68,1013.6,1
2024-10-22,Quang_Ninh,21.0064,107.2925,27.8,73,15.1,41,1013.6,1
2024-10-23,Quang_Ninh,21.0064,107.2925,25.1,58,18.5,69,1014.2,0
2024-10-24,Quang_Ninh,21.0064,107.2925,23.8,52,9.3,93,1011.5,0
2024-10-25,Quang_Ninh,21.0064,107.2925,23.5,50,10.3,82,1008.9,0
2024-10-26,Quang_Ninh,21.0064,107.2925,26.0,44,24.3,94,1006.6,0
2024-10-27,Quang_Ninh,21.0064,107.2925,22.4,70,31.4,98,1007.4,1
2024-10-28,Quang_Ninh,21.0064,107.2925,21.5,69,26.0,98,1009.2,1
2024-10-29,Quang_Ninh,21.0064,107.2925,21.2,84,20.2,89,1009.6,1
2024-10-30,Quang_Ninh,21.0064,107.2925,22.9,80,12.8,80,1010.7,0
2024-10-31,Quang_Ninh,21.0064,107.2925,23.7,78,13.7,4,1009.5,0
2024-11-01,Quang_Ninh,21.0064,107.2925,24.7,58,16.1,16,1011.8,0
2024-11-02,Quang_Ninh,21.0064,107.2925,23.5,54,14.7,13,1015.9,0
2024-11-03,Quang_Ninh,21.0064,107.2925,24.8,61,17.4,73,1016.1,0
2024-11-04,Quang_Ninh,21.0064,107.2925,23.6,81,19.1,99,1016.1,1
2024-11-05,Quang_Ninh,21.0064,107.2925,23.3,71,12.9,80,1017.5,1
2024-11-06,Quang_Ninh,21.0064,107.2925,23.9,61,21.7,31,1018.2,0
2024-11-07,Quang_Ninh,21.0064,107.2925,23.4,59,20.5,7,1018.4,0
2024-11-08,Quang_Ninh,21.0064,107.2925,22.2,57,15.3,8,1016.9,0
2024-11-09,Quang_Ninh,21.0064,107.2925,22.5,60,10.1,2,1014.4,0
2024-11-10,Quang_Ninh,21.0064,107.2925,24.2,61,11.2,6,1014.1,0
2024-11-11,Quang_Ninh,21.0064,107.2925,25.8,63,16.4,42,1013.4,0
2024-11-12,Quang_Ninh,21.0064,107.2925,25.6,74,11.8,47,1012.0,0
2024-11-13,Quang_Ninh,21.0064,107.2925,24.7,83,8.2,34,1010.6,0
2024-11-14,Quang_Ninh,21.0064,107.2925,25.2,86,12.1,10,1010.0,0
2024-11-15,Quang_Ninh,21.0064,107.2925,25.8,87,13.2,40,1009.2,0
2024-11-16,Quang_Ninh,21.0064,107.2925,25.1,87,9.4,35,1010.5,0
2024-11-17,Quang_Ninh,21.0064,107.2925,25.3,76,12.9,17,1012.7,1
2024-11-18,Quang_Ninh,21.0064,107.2925,25.1,76,20.6,30,1015.2,1
2024-11-19,Quang_Ninh,21.0064,107.2925,23.7,64,20.8,4,1016.6,0
2024-11-20,Quang_Ninh,21.0064,107.2925,22.4,61,18.1,0,1017.2,0
2024-11-21,Quang_Ninh,21.0064,107.2925,21.0,63,17.7,4,1017.1,0
2024-11-22,Quang_Ninh,21.0064,107.2925,21.2,63,18.7,40,1017.4,0
2024-11-23,Quang_Ninh,21.0064,107.2925,21.1,67,20.5,53,1018.0,0
2024-11-24,Quang_Ninh,21.0064,107.2925,21.7,75,18.4,35,1016.9,0
2024-11-25,Quang_Ninh,21.0064,107.2925,23.1,84,17.4,53,1016.2,1
2024-11-26,Quang_Ninh,21.0064,107.2925,21.7,66,18.9,77,1017.8,1
2024-11-27,Quang_Ninh,21.0064,107.2925,19.7,56,16.0,49,1019.8,0
2024-11-28,Quang_Ninh,21.0064,107.2925,18.7,50,14.6,64,1022.1,0
2024-11-29,Quang_Ninh,21.0064,107.2925,18.4,52,14.2,22,1020.1,0
2024-11-30,Quang_Ninh,21.0064,107.2925,19.0,66,10.3,65,1016.1,0
2024-12-01,Quang_Ninh,21.0064,107.2925,19.6,75,11.1,81,1012.8,0
2024-12-02,Quang_Ninh,21.0064,107.2925,21.0,84,12.3,68,1013.1,0
2024-12-03,Quang_Ninh,21.0064,107.2925,21.6,89,16.7,79,1013.7,1
2024-12-04,Quang_Ninh,21.0064,107.2925,21.8,82,16.4,16,1014.0,0
2024-12-05,Quang_Ninh,21.0064,107.2925,21.7,82,16.0,19,1014.1,0
2024-12-06,Quang_Ninh,21.0064,107.2925,21.3,82,21.3,76,1014.1,1
2024-12-07,Quang_Ninh,21.0064,107.2925,19.8,69,21.8,68,1016.9,0
2024-12-08,Quang_Ninh,21.0064,107.2925,17.4,65,13.9,70,1019.8,0
2024-12-09,Quang_Ninh,21.0064,107.2925,17.9,71,13.6,68,1017.2,0
2024-12-10,Quang_Ninh,21.0064,107.2925,20.8,86,14.9,91,1013.4,1
2024-12-11,Quang_Ninh,21.0064,107.2925,19.3,82,21.1,67,1015.3,1
2024-12-12,Quang_Ninh,21.0064,107.2925,17.5,71,14.9,87,1016.7,1
2024-12-13,Quang_Ninh,21.0064,107.2925,15.4,67,18.2,100,1019.8,1
2024-12-14,Quang_Ninh,21.0064,107.2925,13.8,62,12.9,100,1024.4,1
2024-12-15,Quang_Ninh,21.0064,107.2925,13.7,57,9.6,99,1025.0,1
2024-12-16,Quang_Ninh,21.0064,107.2925,14.8,57,10.0,44,1022.3,0
2024-12-17,Quang_Ninh,21.0064,107.2925,17.0,61,15.8,35,1019.4,0
2024-12-18,Quang_Ninh,21.0064,107.2925,18.5,54,14.7,43,1020.0,0
2024-12-19,Quang_Ninh,21.0064,107.2925,17.4,46,20.7,35,1020.7,0
2024-12-20,Quang_Ninh,21.0064,107.2925,15.7,53,17.4,0,1018.9,0
2024-12-21,Quang_Ninh,21.0064,107.2925,16.8,54,17.9,16,1019.3,0
2024-12-22,Quang_Ninh,21.0064,107.2925,15.6,57,20.8,71,1019.6,0
2024-12-23,Quang_Ninh,21.0064,107.2925,16.3,57,18.0,76,1018.9,0
2024-12-24,Quang_Ninh,21.0064,107.2925,16.8,54,14.5,66,1020.0,0
2024-12-25,Quang_Ninh,21.0064,107.2925,18.0,56,14.8,74,1019.5,0
2024-12-26,Quang_Ninh,21.0064,107.2925,19.3,63,13.2,95,1020.9,0
2024-12-27,Quang_Ninh,21.0064,107.2925,16.7,74,13.8,100,1022.8,1
2024-12-28,Quang_Ninh,21.0064,107.2925,16.3,60,15.0,45,1024.6,1
2024-12-29,Quang_Ninh,21.0064,107.2925,14.9,64,15.9,1,1021.1,0
2024-12-30,Quang_Ninh,21.0064,107.2925,17.0,79,16.9,53,1019.7,0
2024-12-31,Quang_Ninh,21.0064,107.2925,17.5,73,13.9,37,1019.4,0
2025-01-01,Quang_Ninh,21.0064,107.2925,17.1,66,10.5,0,1016.5,0
2025-01-02,Quang_Ninh,21.0064,107.2925,17.8,67,11.4,1,1017.5,0
2025-01-03,Quang_Ninh,21.0064,107.2925,18.4,61,14.6,24,1018.9,0
2025-01-04,Quang_Ninh,21.0064,107.2925,17.6,60,15.2,6,1018.4,0
2025-01-05,Quang_Ninh,21.0064,107.2925,17.6,55,10.6,0,1019.4,0
2025-01-06,Quang_Ninh,21.0064,107.2925,17.3,60,12.7,0,1017.4,0
2025-01-07,Quang_Ninh,21.0064,107.2925,17.4,74,16.8,14,1016.8,0
2025-01-08,Quang_Ninh,21.0064,107.2925,18.3,71,18.0,22,1017.5,0
2025-01-09,Quang_Ninh,21.0064,107.2925,17.8,60,19.4,35,1020.4,0
2025-01-10,Quang_Ninh,21.0064,107.2925,14.6,54,15.1,40,1026.3,0
2025-01-11,Quang_Ninh,21.0064,107.2925,14.0,43,16.7,16,1028.7,0
2025-01-12,Quang_Ninh,21.0064,107.2925,13.1,43,14.5,19,1025.5,0
2025-01-13,Quang_Ninh,21.0064,107.2925,14.5,57,14.9,11,1021.0,0
2025-01-14,Quang_Ninh,21.0064,107.2925,15.9,76,17.2,76,1020.3,1
2025-01-15,Quang_Ninh,21.0064,107.2925,17.4,69,16.4,91,1023.2,1
2025-01-16,Quang_Ninh,21.0064,107.2925,16.3,56,13.6,6,1023.6,0
2025-01-17,Quang_Ninh,21.0064,107.2925,15.6,61,14.9,11,1020.5,0
2025-01-18,Quang_Ninh,21.0064,107.2925,15.8,76,14.9,53,1018.2,1
2025-01-19,Quang_Ninh,21.0064,107.2925,16.4,72,11.6,12,1016.0,0
2025-01-20,Quang_Ninh,21.0064,107.2925,17.2,61,11.1,0,1014.7,0
2025-01-21,Quang_Ninh,21.0064,107.2925,17.5,64,10.7,0,1014.5,0
2025-01-22,Quang_Ninh,21.0064,107.2925,18.0,81,11.7,59,1014.9,1
2025-01-23,Quang_Ninh,21.0064,107.2925,18.4,90,11.2,69,1014.1,1
2025-01-24,Quang_Ninh,21.0064,107.2925,19.2,94,13.4,85,1011.1,1
2025-01-25,Quang_Ninh,21.0064,107.2925,19.9,92,14.4,80,1012.5,1
2025-01-26,Quang_Ninh,21.0064,107.2925,14.2,67,31.2,94,1021.3,1
2025-01-27,Quang_Ninh,21.0064,107.2925,13.7,46,13.2,49,1022.4,0
2025-01-28,Quang_Ninh,21.0064,107.2925,13.3,45,14.0,57,1023.4,0
2025-01-29,Quang_Ninh,21.0064,107.2925,15.4,50,10.5,54,1021.8,0
2025-01-30,Quang_Ninh,21.0064,107.2925,16.7,76,13.5,57,1015.7,1
2025-01-31,Quang_Ninh,21.0064,107.2925,18.7,93,15.3,98,1012.5,1
2025-02-01,Quang_Ninh,21.0064,107.2925,19.3,92,11.2,81,1010.9,1
2025-02-02,Quang_Ninh,21.0064,107.2925,18.9,90,15.7,91,1012.1,0
2025-02-03,Quang_Ninh,21.0064,107.2925,15.6,68,21.5,92,1018.7,0
2025-02-04,Quang_Ninh,21.0064,107.2925,14.5,65,16.0,68,1021.0,0
2025-02-05,Quang_Ninh,21.0064,107.2925,15.4,81,14.5,85,1016.3,1
2025-02-06,Quang_Ninh,21.0064,107.2925,16.1,92,19.0,100,1014.9,1
2025-02-07,Quang_Ninh,21.0064,107.2925,13.7,82,16.5,100,1019.9,1
2025-02-08,Quang_Ninh,21.0064,107.2925,13.0,69,13.5,100,1023.3,0
2025-02-09,Quang_Ninh,21.0064,107.2925,13.3,57,17.1,67,1022.0,0
2025-02-10,Quang_Ninh,21.0064,107.2925,14.4,71,15.4,49,1019.4,0
2025-02-11,Quang_Ninh,21.0064,107.2925,17.0,81,12.5,24,1016.2,0
2025-02-12,Quang_Ninh,21.0064,107.2925,19.4,89,12.6,83,1015.9,1
2025-02-13,Quang_Ninh,21.0064,107.2925,18.8,76,18.6,42,1016.8,0
2025-02-14,Quang_Ninh,21.0064,107.2925,17.9,85,15.4,93,1014.9,1
2025-02-15,Quang_Ninh,21.0064,107.2925,19.2,93,15.2,100,1012.8,1
2025-02-16,Quang_Ninh,21.0064,107.2925,18.3,86,17.2,85,1015.7,1
2025-02-17,Quang_Ninh,21.0064,107.2925,18.2,84,14.5,81,1018.0,1
2025-02-18,Quang_Ninh,21.0064,107.2925,17.7,79,19.1,83,1018.8,0
2025-02-19,Quang_Ninh,21.0064,107.2925,17.8,86,18.5,96,1018.1,1
2025-02-20,Quang_Ninh,21.0064,107.2925,18.7,90,14.0,88,1018.1,1
2025-02-21,Quang_Ninh,21.0064,107.2925,18.7,84,19.2,89,1019.2,1
2025-02-22,Quang_Ninh,21.0064,107.2925,18.2,84,19.2,85,1019.8,1
2025-02-23,Quang_Ninh,21.0064,107.2925,17.7,78,18.1,100,1023.3,1
2025-02-24,Quang_Ninh,21.0064,107.2925,15.2,70,18.1,92,1025.7,0
2025-02-25,Quang_Ninh,21.0064,107.2925,14.8,92,15.8,100,1024.2,1
2025-02-26,Quang_Ninh,21.0064,107.2925,15.7,91,12.5,96,1021.3,1
2025-02-27,Quang_Ninh,21.0064,107.2925,18.1,90,9.6,100,1016.6,1
2025-02-28,Quang_Ninh,21.0064,107.2925,19.9,93,13.0,84,1014.3,1
2025-03-01,Quang_Ninh,21.0064,107.2925,20.6,94,11.9,76,1011.2,1
2025-03-02,Quang_Ninh,21.0064,107.2925,21.5,93,17.4,75,1008.9,1
2025-03-03,Quang_Ninh,21.0064,107.2925,22.3,97,8.0,91,1007.8,1
2025-03-04,Quang_Ninh,21.0064,107.2925,22.6,97,10.4,94,1007.0,1
2025-03-05,Quang_Ninh,21.0064,107.2925,20.3,85,21.4,99,1009.3,1
2025-03-06,Quang_Ninh,21.0064,107.2925,14.6,72,19.8,100,1017.7,1
2025-03-07,Quang_Ninh,21.0064,107.2925,14.5,72,11.8,99,1020.0,1
2025-03-08,Quang_Ninh,21.0064,107.2925,15.4,80,14.9,100,1019.1,1
2025-03-09,Quang_Ninh,21.0064,107.2925,17.2,84,16.8,96,1019.2,1
2025-03-10,Quang_Ninh,21.0064,107.2925,19.4,87,15.9,59,1018.1,0
2025-03-11,Quang_Ninh,21.0064,107.2925,21.0,90,12.0,89,1013.9,1
2025-03-12,Quang_Ninh,21.0064,107.2925,21.5,94,10.1,94,1011.2,1
2025-03-13,Quang_Ninh,21.0064,107.2925,22.5,94,11.8,91,1010.6,1
2025-03-14,Quang_Ninh,21.0064,107.2925,22.7,96,11.3,99,1010.9,1
2025-03-15,Quang_Ninh,21.0064,107.2925,22.3,93,19.0,100,1012.4,1
2025-03-16,Quang_Ninh,21.0064,107.2925,17.4,67,18.2,83,1018.5,1
2025-03-17,Quang_Ninh,21.0064,107.2925,17.2,56,20.8,100,1019.4,0
2025-03-18,Quang_Ninh,21.0064,107.2925,16.9,58,14.9,93,1022.2,0
2025-03-19,Quang_Ninh,21.0064,107.2925,18.0,51,16.4,77,1023.6,0
2025-03-20,Quang_Ninh,21.0064,107.2925,18.8,51,13.7,39,1022.7,0
2025-03-21,Quang_Ninh,21.0064,107.2925,19.4,57,12.1,28,1021.0,0
2025-03-22,Quang_Ninh,21.0064,107.2925,19.8,64,10.0,35,1018.7,0
2025-03-23,Quang_Ninh,21.0064,107.2925,19.9,79,11.3,0,1016.3,0
2025-03-24,Quang_Ninh,21.0064,107.2925,20.5,82,15.5,5,1012.6,0
2025-03-25,Quang_Ninh,21.0064,107.2925,21.5,88,14.0,23,1007.8,0
2025-03-26,Quang_Ninh,21.0064,107.2925,22.0,90,18.1,33,1005.1,1
2025-03-27,Quang_Ninh,21.0064,107.2925,23.2,91,14.6,32,1002.8,1
2025-03-28,Quang_Ninh,21.0064,107.2925,24.8,83,21.3,60,1006.4,0
2025-03-29,Quang_Ninh,21.0064,107.2925,18.3,69,22.6,96,1014.0,1
2025-03-30,Quang_Ninh,21.0064,107.2925,14.4,71,14.1,100,1019.5,1
2025-03-31,Quang_Ninh,21.0064,107.2925,15.0,69,13.1,100,1019.0,1
2025-04-01,Quang_Ninh,21.0064,107.2925,17.3,63,14.1,53,1017.8,0
2025-04-02,Quang_Ninh,21.0064,107.2925,18.5,67,13.0,69,1017.6,0
2025-04-03,Quang_Ninh,21.0064,107.2925,20.1,70,10.6,2,1016.6,0
2025-04-04,Quang_Ninh,21.0064,107.2925,20.6,84,11.9,59,1012.9,0
2025-04-05,Quang_Ninh,21.0064,107.2925,21.7,82,13.9,97,1013.1,1
2025-04-06,Quang_Ninh,21.0064,107.2925,22.0,83,13.2,88,1013.7,1
2025-04-07,Quang_Ninh,21.0064,107.2925,21.3,88,15.8,91,1015.0,1
2025-04-08,Quang_Ninh,21.0064,107.2925,22.0,93,9.2,98,1014.2,1
2025-04-09,Quang_Ninh,21.0064,107.2925,22.6,93,11.5,91,1010.6,1
2025-04-10,Quang_Ninh,21.0064,107.2925,23.3,92,11.0,100,1006.9,1
2025-04-11,Quang_Ninh,21.0064,107.2925,23.9,93,12.5,82,1004.9,1
2025-04-12,Quang_Ninh,21.0064,107.2925,25.0,81,19.5,66,1007.5,1
2025-04-13,Quang_Ninh,21.0064,107.2925,21.7,56,16.9,65,1015.5,1
2025-04-14,Quang_Ninh,21.0064,107.2925,21.9,62,11.9,83,1013.6,0
2025-04-15,Quang_Ninh,21.0064,107.2925,23.1,70,9.9,88,1011.4,0
2025-04-16,Quang_Ninh,21.0064,107.2925,22.9,73,11.0,92,1008.6,0
2025-04-17,Quang_Ninh,21.0064,107.2925,23.9,88,12.8,86,1006.0,0
2025-04-18,Quang_Ninh,21.0064,107.2925,24.9,88,9.3,73,1005.1,0
2025-04-19,Quang_Ninh,21.0064,107.2925,25.6,88,12.9,53,1005.6,0
2025-04-20,Quang_Ninh,21.0064,107.2925,25.4,90,13.2,84,1007.1,1
2025-04-21,Quang_Ninh,21.0064,107.2925,25.7,88,18.2,29,1008.3,1
2025-04-22,Quang_Ninh,21.0064,107.2925,26.1,87,15.2,24,1007.3,0
2025-04-23,Quang_Ninh,21.0064,107.2925,26.8,85,11.6,56,1005.9,1
2025-04-24,Quang_Ninh,21.0064,107.2925,26.4,87,16.1,64,1006.4,1
2025-04-25,Quang_Ninh,21.0064,107.2925,24.6,86,16.4,82,1009.6,1
2025-04-26,Quang_Ninh,21.0064,107.2925,25.4,89,14.8,68,1010.3,1
2025-04-27,Quang_Ninh,21.0064,107.2925,25.9,91,15.9,81,1009.9,1
2025-04-28,Quang_Ninh,21.0064,107.2925,25.7,90,7.3,95,1010.8,1
2025-04-29,Quang_Ninh,21.0064,107.2925,25.4,87,12.3,86,1011.1,1
2025-04-30,Quang_Ninh,21.0064,107.2925,25.8,88,10.2,73,1010.8,1
2025-05-01,Quang_Ninh,21.0064,107.2925,25.6,89,7.7,97,1012.2,1
2025-05-02,Quang_Ninh,21.0064,107.2925,25.8,83,12.3,24,1009.6,0
2025-05-03,Quang_Ninh,21.0064,107.2925,26.3,89,17.1,71,1007.4,1
2025-05-04,Quang_Ninh,21.0064,107.2925,27.0,91,18.1,57,1005.3,1
2025-05-05,Quang_Ninh,21.0064,107.2925,27.5,90,17.1,16,1004.8,1
2025-05-06,Quang_Ninh,21.0064,107.2925,27.4,88,12.7,82,1005.5,0
2025-05-07,Quang_Ninh,21.0064,107.2925,27.6,91,14.4,90,1004.0,1
2025-05-08,Quang_Ninh,21.0064,107.2925,28.2,89,19.3,83,1003.0,1
2025-05-09,Quang_Ninh,21.0064,107.2925,28.0,87,15.5,91,1005.1,1
2025-05-10,Quang_Ninh,21.0064,107.2925,26.5,85,14.9,99,1007.7,1
2025-05-11,Quang_Ninh,21.0064,107.2925,22.8,71,22.9,98,1010.3,1
2025-05-12,Quang_Ninh,21.0064,107.2925,23.7,68,9.8,56,1009.6,0
2025-05-13,Quang_Ninh,21.0064,107.2925,25.5,75,14.1,28,1009.2,0
2025-05-14,Quang_Ninh,21.0064,107.2925,26.6,87,11.0,54,1009.6,1
2025-05-15,Quang_Ninh,21.0064,107.2925,25.8,90,13.0,88,1009.6,1
2025-05-16,Quang_Ninh,21.0064,107.2925,26.2,95,13.7,100,1008.4,1
2025-05-17,Quang_Ninh,21.0064,107.2925,26.8,93,11.8,99,1008.3,1
2025-05-18,Quang_Ninh,21.0064,107.2925,27.1,93,11.8,100,1008.0,1
2025-05-19,Quang_Ninh,21.0064,107.2925,26.3,94,13.3,100,1006.8,1
2025-05-20,Quang_Ninh,21.0064,107.2925,27.6,91,17.4,94,1005.3,1
2025-05-21,Quang_Ninh,21.0064,107.2925,28.2,89,18.3,82,1005.6,1
2025-05-22,Quang_Ninh,21.0064,107.2925,28.2,89,17.5,100,1004.6,1
2025-05-23,Quang_Ninh,21.0064,107.2925,27.9,88,13.4,100,1004.9,1
2025-05-24,Quang_Ninh,21.0064,107.2925,25.1,89,10.4,93,1009.2,1
2025-05-25,Quang_Ninh,21.0064,107.2925,24.5,74,18.8,86,1012.4,0
2025-05-26,Quang_Ninh,21.0064,107.2925,23.7,78,15.8,94,1012.9,1
2025-05-27,Quang_Ninh,21.0064,107.2925,25.6,80,18.5,96,1010.4,1
2025-05-28,Quang_Ninh,21.0064,107.2925,26.7,89,11.2,87,1007.4,1
2025-05-29,Quang_Ninh,21.0064,107.2925,26.7,88,15.2,98,1006.6,1
2025-05-30,Quang_Ninh,21.0064,107.2925,26.8,83,13.6,85,1006.3,0
2025-05-31,Quang_Ninh,21.0064,107.2925,27.7,90,14.1,77,1004.0,1
2025-06-01,Quang_Ninh,21.0064,107.2925,30.3,78,21.8,64,999.2,0
2025-06-02,Quang_Ninh,21.0064,107.2925,30.8,76,18.0,87,998.9,1
2025-06-03,Quang_Ninh,21.0064,107.2925,28.4,83,15.1,100,1002.9,1
2025-06-04,Quang_Ninh,21.0064,107.2925,28.7,79,15.1,87,1005.5,1
2025-06-05,Quang_Ninh,21.0064,107.2925,28.1,87,12.9,49,1006.4,1
2025-06-06,Quang_Ninh,21.0064,107.2925,28.4,88,13.5,34,1005.6,1
2025-06-07,Quang_Ninh,21.0064,107.2925,28.8,89,13.5,52,1004.7,1
2025-06-08,Quang_Ninh,21.0064,107.2925,28.8,90,11.7,91,1003.8,1
2025-06-09,Quang_Ninh,21.0064,107.2925,28.1,88,8.7,92,1003.3,1
2025-06-10,Quang_Ninh,21.0064,107.2925,28.7,83,10.1,73,1003.2,1
2025-06-11,Quang_Ninh,21.0064,107.2925,28.9,77,13.5,79,1002.6,1
2025-06-12,Quang_Ninh,21.0064,107.2925,27.9,82,19.0,100,1001.2,1
2025-06-13,Quang_Ninh,21.0064,107.2925,28.3,79,30.4,100,1000.0,1
2025-06-14,Quang_Ninh,21.0064,107.2925,29.3,79,18.5,97,999.7,1
2025-06-15,Quang_Ninh,21.0064,107.2925,29.6,86,13.3,95,1002.0,1
2025-06-16,Quang_Ninh,21.0064,107.2925,28.3,90,14.6,99,1003.9,1
2025-06-17,Quang_Ninh,21.0064,107.2925,27.9,92,13.9,99,1004.5,1
2025-06-18,Quang_Ninh,21.0064,107.2925,28.5,93,24.4,100,1003.9,1
2025-06-19,Quang_Ninh,21.0064,107.2925,28.7,89,26.3,100,1003.5,1
2025-06-20,Quang_Ninh,21.0064,107.2925,28.8,86,24.3,100,1003.7,1
2025-06-21,Quang_Ninh,21.0064,107.2925,28.4,88,22.7,100,1004.7,1
2025-06-22,Quang_Ninh,21.0064,107.2925,28.0,88,17.7,92,1005.7,1
2025-06-23,Quang_Ninh,21.0064,107.2925,28.4,88,18.0,88,1004.5,1
2025-06-24,Quang_Ninh,21.0064,107.2925,28.6,87,14.8,94,1004.9,1
2025-06-25,Quang_Ninh,21.0064,107.2925,28.5,85,13.0,57,1006.2,1
2025-06-26,Quang_Ninh,21.0064,107.2925,28.6,82,12.3,71,1004.8,1
2025-06-27,Quang_Ninh,21.0064,107.2925,27.2,91,14.0,97,1003.9,1
2025-06-28,Quang_Ninh,21.0064,107.2925,27.3,88,15.2,99,1003.2,1
2025-06-29,Quang_Ninh,21.0064,107.2925,27.5,89,12.4,99,1001.2,1
2025-06-30,Quang_Ninh,21.0064,107.2925,27.2,91,15.2,100,1001.7,1
2025-07-01,Quang_Ninh,21.0064,107.2925,25.9,95,13.8,100,1004.2,1
2025-07-02,Quang_Ninh,21.0064,107.2925,26.5,91,14.2,100,1006.1,1
2025-07-03,Quang_Ninh,21.0064,107.2925,26.8,89,16.9,96,1006.1,1
2025-07-04,Quang_Ninh,21.0064,107.2925,27.9,86,11.1,81,1004.6,1
2025-07-05,Quang_Ninh,21.0064,107.2925,28.6,80,11.0,35,1003.1,0
2025-07-06,Quang_Ninh,21.0064,107.2925,28.9,83,12.1,90,1003.0,1
2025-07-07,Quang_Ninh,21.0064,107.2925,28.1,86,14.5,78,1002.3,1
2025-07-08,Quang_Ninh,21.0064,107.2925,28.7,88,8.8,86,1000.5,1
2025-07-09,Quang_Ninh,21.0064,107.2925,29.6,88,5.8,97,998.7,1
2025-07-10,Quang_Ninh,21.0064,107.2925,28.6,88,12.0,99,997.2,1
2025-07-11,Quang_Ninh,21.0064,107.2925,28.0,88,9.7,100,998.5,1
2025-07-12,Quang_Ninh,21.0064,107.2925,27.8,88,11.8,98,1002.7,1
2025-07-13,Quang_Ninh,21.0064,107.2925,28.0,89,7.3,100,1004.4,1
2025-07-14,Quang_Ninh,21.0064,107.2925,28.3,87,10.7,100,1003.4,1
2025-07-15,Quang_Ninh,21.0064,107.2925,28.1,90,10.2,97,1001.8,1
2025-07-16,Quang_Ninh,21.0064,107.2925,29.8,83,16.9,97,1002.1,1
2025-07-17,Quang_Ninh,21.0064,107.2925,30.2,81,11.9,32,1002.2,1
2025-07-18,Quang_Ninh,21.0064,107.2925,30.8,83,10.8,95,999.5,1
2025-07-19,Quang_Ninh,21.0064,107.2925,30.3,81,10.9,96,996.1,1
2025-07-20,Quang_Ninh,21.0064,107.2925,27.5,91,13.8,100,994.7,1
2025-07-21,Quang_Ninh,21.0064,107.2925,26.6,95,45.3,100,989.7,1
2025-07-22,Quang_Ninh,21.0064,107.2925,27.5,88,50.8,100,989.8,1
2025-07-23,Quang_Ninh,21.0064,107.2925,27.2,89,16.8,99,998.4,1
2025-07-24,Quang_Ninh,21.0064,107.2925,26.6,92,14.9,100,1000.9,1
2025-07-25,Quang_Ninh,21.0064,107.2925,27.3,89,11.0,98,1000.7,1
2025-07-26,Quang_Ninh,21.0064,107.2925,28.6,84,11.5,63,1000.4,1
2025-07-27,Quang_Ninh,21.0064,107.2925,28.9,83,12.3,18,1000.0,1
2025-07-28,Quang_Ninh,21.0064,107.2925,29.4,83,11.1,77,998.5,1
2025-07-29,Quang_Ninh,21.0064,107.2925,29.8,86,11.2,100,997.1,1
2025-07-30,Quang_Ninh,21.0064,107.2925,30.4,86,9.4,100,996.8,1
2025-07-31,Quang_Ninh,21.0064,107.2925,29.4,87,10.1,98,997.0,1
2025-08-01,Quang_Ninh,21.0064,107.2925,27.5,91,11.4,96,997.9,1
2025-08-02,Quang_Ninh,21.0064,107.2925,29.4,85,14.0,99,999.9,1
2025-08-03,Quang_Ninh,21.0064,107.2925,31.0,83,18.4,97,999.7,1
2025-08-04,Quang_Ninh,21.0064,107.2925,31.1,78,18.5,96,999.4,1
2025-08-05,Quang_Ninh,21.0064,107.2925,29.8,89,8.1,100,1000.9,1
2025-08-06,Quang_Ninh,21.0064,107.2925,28.0,90,15.5,100,1003.1,1
2025-08-07,Quang_Ninh,21.0064,107.2925,28.3,88,18.4,99,1005.7,1
2025-08-08,Quang_Ninh,21.0064,107.2925,29.7,86,17.8,69,1006.0,1
2025-08-09,Quang_Ninh,21.0064,107.2925,29.9,87,16.8,79,1005.1,1
2025-08-10,Quang_Ninh,21.0064,107.2925,29.6,86,12.9,87,1004.6,1
2025-08-11,Quang_Ninh,21.0064,107.2925,29.2,84,14.5,98,1004.4,1
2025-08-12,Quang_Ninh,21.0064,107.2925,29.4,83,13.2,88,1004.9,1
2025-08-13,Quang_Ninh,21.0064,107.2925,29.3,83,10.9,95,1005.5,1
2025-08-14,Quang_Ninh,21.0064,107.2925,29.5,85,9.8,93,1003.6,1
2025-08-15,Quang_Ninh,21.0064,107.2925,26.2,93,17.9,98,1004.7,1
2025-08-16,Quang_Ninh,21.0064,107.2925,25.8,91,17.7,100,1006.7,1
2025-08-17,Quang_Ninh,21.0064,107.2925,27.4,81,22.7,100,1006.3,1
2025-08-18,Quang_Ninh,21.0064,107.2925,25.6,92,16.8,100,1004.5,1
2025-08-19,Quang_Ninh,21.0064,107.2925,26.2,91,20.4,100,1004.6,1
2025-08-20,Quang_Ninh,21.0064,107.2925,28.2,85,21.9,100,1006.8,1
2025-08-21,Quang_Ninh,21.0064,107.2925,28.5,86,21.6,100,1008.0,1
2025-08-22,Quang_Ninh,21.0064,107.2925,28.5,83,17.5,96,1007.8,1
2025-08-23,Quang_Ninh,21.0064,107.2925,27.9,84,10.8,57,1007.3,1
2025-08-24,Quang_Ninh,21.0064,107.2925,27.5,83,25.7,74,1005.6,1
2025-08-25,Quang_Ninh,21.0064,107.2925,25.0,95,37.3,100,1004.1,1
2025-08-26,Quang_Ninh,21.0064,107.2925,25.3,95,25.1,100,1007.2,1
2025-08-27,Quang_Ninh,21.0064,107.2925,26.2,91,12.7,91,1007.3,1
2025-08-28,Quang_Ninh,21.0064,107.2925,27.3,84,11.4,27,1006.7,1
2025-08-29,Quang_Ninh,21.0064,107.2925,26.4,88,22.1,90,1007.3,1
2025-08-30,Quang_Ninh,21.0064,107.2925,26.1,91,31.4,100,1006.7,1
2025-08-31,Quang_Ninh,21.0064,107.2925,26.7,90,17.9,100,1007.3,1
2025-09-01,Quang_Ninh,21.0064,107.2925,27.1,87,13.8,96,1006.4,1
2025-09-02,Quang_Ninh,21.0064,107.2925,27.6,86,11.1,78,1006.4,1
2025-09-03,Quang_Ninh,21.0064,107.2925,28.4,82,11.0,33,1006.6,1
2025-09-04,Quang_Ninh,21.0064,107.2925,28.5,83,10.8,26,1006.3,1
2025-09-05,Quang_Ninh,21.0064,107.2925,29.0,82,10.5,81,1006.6,1
2025-09-06,Quang_Ninh,21.0064,107.2925,28.8,83,9.4,46,1007.1,1
2025-09-07,Quang_Ninh,21.0064,107.2925,29.3,76,9.5,64,1005.2,1
2025-09-08,Quang_Ninh,21.0064,107.2925,29.4,79,13.0,96,1004.2,1
2025-09-09,Quang_Ninh,21.0064,107.2925,28.4,87,18.5,98,1006.0,1
2025-09-10,Quang_Ninh,21.0064,107.2925,27.4,88,12.0,98,1007.6,1
2025-09-11,Quang_Ninh,21.0064,107.2925,27.3,89,13.3,96,1008.5,1
2025-09-12,Quang_Ninh,21.0064,107.2925,27.8,85,13.8,71,1009.3,1
2025-09-13,Quang_Ninh,21.0064,107.2925,28.1,81,12.2,43,1009.7,1
2025-09-14,Quang_Ninh,21.0064,107.2925,27.5,87,9.6,78,1009.5,1
2025-09-15,Quang_Ninh,21.0064,107.2925,26.2,90,9.9,77,1010.3,1
2025-09-16,Quang_Ninh,21.0064,107.2925,27.3,83,14.8,49,1009.7,1
2025-09-17,Quang_Ninh,21.0064,107.2925,26.4,89,16.6,94,1008.4,1
2025-09-18,Quang_Ninh,21.0064,107.2925,27.0,88,15.5,92,1008.1,1
2025-09-19,Quang_Ninh,21.0064,107.2925,28.0,84,9.7,46,1007.7,1
2025-09-20,Quang_Ninh,21.0064,107.2925,29.2,79,8.1,60,1006.0,1
2025-09-21,Quang_Ninh,21.0064,107.2925,28.1,84,15.5,78,1005.8,1
2025-09-22,Quang_Ninh,21.0064,107.2925,25.5,91,12.3,97,1006.9,1
2025-09-23,Quang_Ninh,21.0064,107.2925,27.3,84,7.1,46,1004.4,1
2025-09-24,Quang_Ninh,21.0064,107.2925,29.1,64,23.5,96,1000.4,1
2025-09-25,Quang_Ninh,21.0064,107.2925,25.7,82,19.4,98,1001.2,1
2025-09-26,Quang_Ninh,21.0064,107.2925,25.5,94,17.1,100,1009.5,1
2025-09-27,Quang_Ninh,21.0064,107.2925,28.4,78,21.9,97,1010.6,1
2025-09-28,Quang_Ninh,21.0064,107.2925,25.8,90,32.3,90,1007.6,1
2025-09-29,Quang_Ninh,21.0064,107.2925,25.2,97,35.7,100,1007.3,1
2025-09-30,Quang_Ninh,21.0064,107.2925,26.2,92,17.5,100,1010.5,1
2025-10-01,Quang_Ninh,21.0064,107.2925,26.7,88,8.8,94,1011.1,1
2025-10-02,Quang_Ninh,21.0064,107.2925,27.2,86,8.8,42,1011.1,1
2025-10-03,Quang_Ninh,21.0064,107.2925,27.5,87,10.4,28,1010.9,1
2025-10-04,Quang_Ninh,21.0064,107.2925,27.3,88,10.2,50,1010.2,1
2025-10-05,Quang_Ninh,21.0064,107.2925,28.7,75,19.8,98,1004.6,1
2025-10-06,Quang_Ninh,21.0064,107.2925,25.0,94,33.4,100,1003.3,1
2025-10-07,Quang_Ninh,21.0064,107.2925,25.9,93,14.4,97,1011.6,1
2025-10-08,Quang_Ninh,21.0064,107.2925,27.1,83,8.3,64,1012.1,1
2025-10-09,Quang_Ninh,21.0064,107.2925,27.3,76,10.4,6,1011.5,1
2025-10-10,Quang_Ninh,21.0064,107.2925,27.3,83,10.9,24,1011.0,1
2025-10-11,Quang_Ninh,21.0064,107.2925,27.3,83,12.4,20,1010.2,1
2025-10-12,Quang_Ninh,21.0064,107.2925,27.5,82,10.9,34,1009.8,1
2025-10-13,Quang_Ninh,21.0064,107.2925,26.2,91,14.6,92,1010.5,1
2025-10-14,Quang_Ninh,21.0064,107.2925,25.5,93,13.6,100,1010.9,1
2025-10-15,Quang_Ninh,21.0064,107.2925,26.0,91,12.1,92,1011.6,1
2025-10-16,Quang_Ninh,21.0064,107.2925,26.9,84,14.3,50,1012.8,1
2025-10-17,Quang_Ninh,21.0064,107.2925,27.2,78,13.4,6,1013.0,1
2025-10-18,Quang_Ninh,21.0064,107.2925,27.7,76,14.3,8,1012.2,1
2025-10-19,Quang_Ninh,21.0064,107.2925,27.1,79,16.9,22,1011.7,1
2025-10-20,Quang_Ninh,21.0064,107.2925,25.4,67,17.6,8,1012.4,0
2025-10-21,Quang_Ninh,21.0064,107.2925,22.9,61,27.2,27,1014.2,0
2025-10-22,Quang_Ninh,21.0064,107.2925,20.3,59,29.0,98,1016.0,0
2025-10-23,Quang_Ninh,21.0064,107.2925,18.7,67,19.1,99,1017.6,1
2025-10-24,Quang_Ninh,21.0064,107.2925,21.1,70,14.4,96,1017.1,0
2025-10-25,Quang_Ninh,21.0064,107.2925,22.9,68,14.4,44,1015.6,0
2025-10-26,Quang_Ninh,21.0064,107.2925,23.5,70,15.7,40,1015.5,0
2025-10-27,Quang_Ninh,21.0064,107.2925,23.5,67,15.1,92,1016.0,0
2025-10-28,Quang_Ninh,21.0064,107.2925,23.0,70,14.5,98,1016.0,1
2025-10-29,Quang_Ninh,21.0064,107.2925,23.7,69,15.7,98,1015.0,0
2025-10-30,Quang_Ninh,21.0064,107.2925,23.9,85,21.0,100,1014.7,1
2025-10-31,Quang_Ninh,21.0064,107.2925,23.8,86,13.9,95,1015.3,1
2025-11-01,Quang_Ninh,21.0064,107.2925,22.5,82,16.0,99,1016.0,1
2025-11-02,Quang_Ninh,21.0064,107.2925,21.6,77,15.0,99,1016.4,1
2025-11-03,Quang_Ninh,21.0064,107.2925,19.1,83,16.6,100,1016.3,1
2025-11-04,Quang_Ninh,21.0064,107.2925,18.0,85,18.1,100,1015.7,1
2025-11-05,Quang_Ninh,21.0064,107.2925,20.4,86,10.0,100,1013.4,1
2025-11-06,Quang_Ninh,21.0064,107.2925,22.7,84,15.2,49,1012.0,1
2025-11-07,Quang_Ninh,21.0064,107.2925,24.5,83,22.3,100,1010.9,1
2025-11-08,Quang_Ninh,21.0064,107.2925,25.0,94,18.5,66,1012.6,1
2025-11-09,Quang_Ninh,21.0064,107.2925,25.0,91,15.0,72,1011.9,1
2025-11-10,Quang_Ninh,21.0064,107.2925,24.1,83,13.0,84,1010.4,0
2025-11-11,Quang_Ninh,21.0064,107.2925,22.4,75,11.7,99,1011.3,1
2025-11-12,Quang_Ninh,21.0064,107.2925,21.5,68,12.4,63,1014.2,0
2025-11-13,Quang_Ninh,21.0064,107.2925,20.9,65,12.3,44,1016.8,0
2025-11-14,Quang_Ninh,21.0064,107.2925,20.8,64,11.6,34,1017.0,0
2025-11-15,Quang_Ninh,21.0064,107.2925,22.1,71,15.3,5,1018.2,0
2025-11-16,Quang_Ninh,21.0064,107.2925,23.5,74,15.1,71,1018.5,1
2025-11-17,Quang_Ninh,21.0064,107.2925,23.7,80,12.5,73,1018.7,1
2025-11-18,Quang_Ninh,21.0064,107.2925,18.0,87,22.4,100,1022.3,1
2025-11-19,Quang_Ninh,21.0064,107.2925,13.1,73,23.7,97,1025.5,1
2025-11-20,Quang_Ninh,21.0064,107.2925,16.5,56,11.3,28,1023.5,0
2025-11-21,Quang_Ninh,21.0064,107.2925,18.2,56,11.2,32,1022.6,0
2025-11-22,Quang_Ninh,21.0064,107.2925,18.8,58,15.2,54,1020.4,0
2025-11-23,Quang_Ninh,21.0064,107.2925,20.1,58,13.7,2,1018.8,0
2025-11-24,Quang_Ninh,21.0064,107.2925,21.1,58,18.8,9,1018.7,0
2025-11-25,Quang_Ninh,21.0064,107.2925,19.8,54,21.7,20,1019.6,0
2025-11-26,Quang_Ninh,21.0064,107.2925,17.5,59,13.2,25,1019.3,0
2025-11-27,Quang_Ninh,21.0064,107.2925,17.7,46,22.3,70,1021.6,0
2025-11-28,Quang_Ninh,21.0064,107.2925,18.3,48,14.0,57,1017.6,0
2025-11-29,Quang_Ninh,21.0064,107.2925,18.2,55,10.8,7,1014.8,0
2025-11-30,Quang_Ninh,21.0064,107.2925,20.8,70,11.3,80,1013.3,0
2025-12-01,Quang_Ninh,21.0064,107.2925,21.5,85,12.1,63,1013.5,1
2025-12-02,Quang_Ninh,21.0064,107.2925,22.3,86,9.4,70,1013.1,1
2025-12-03,Quang_Ninh,21.0064,107.2925,21.2,80,18.8,83,1018.0,1
2025-12-04,Quang_Ninh,21.0064,107.2925,20.3,65,18.5,38,1018.9,0
2025-12-05,Quang_Ninh,21.0064,107.2925,20.6,72,19.0,44,1019.9,0
2025-12-06,Quang_Ninh,21.0064,107.2925,19.2,75,13.8,34,1018.5,0
2025-12-07,Quang_Ninh,21.0064,107.2925,20.4,83,15.7,44,1018.3,1
2025-12-08,Quang_Ninh,21.0064,107.2925,21.0,71,15.3,19,1019.1,0
2025-12-09,Quang_Ninh,21.0064,107.2925,20.1,69,14.9,30,1018.3,0
2025-12-10,Quang_Ninh,21.0064,107.2925,21.0,68,12.6,73,1017.3,0
2025-12-11,Quang_Ninh,21.0064,107.2925,20.4,84,12.7,100,1017.0,1
2025-12-12,Quang_Ninh,21.0064,107.2925,21.8,86,10.0,89,1015.1,0
2025-12-13,Quang_Ninh,21.0064,107.2925,19.7,95,18.4,98,1018.0,1
2025-12-14,Quang_Ninh,21.0064,107.2925,16.5,67,14.0,74,1021.4,1
2025-12-15,Quang_Ninh,21.0064,107.2925,17.6,65,13.0,63,1019.1,0
2025-12-16,Quang_Ninh,21.0064,107.2925,19.3,83,12.5,81,1017.7,1
2025-12-17,Quang_Ninh,21.0064,107.2925,20.6,82,14.4,46,1019.4,1
2025-12-18,Quang_Ninh,21.0064,107.2925,20.1,73,11.8,3,1017.9,0
2025-12-19,Quang_Ninh,21.0064,107.2925,20.2,80,9.7,20,1014.5,0
2025-12-20,Quang_Ninh,21.0064,107.2925,20.8,88,13.2,48,1015.1,1
2025-12-21,Quang_Ninh,21.0064,107.2925,22.1,76,14.0,12,1016.6,1
2025-12-22,Quang_Ninh,21.0064,107.2925,20.7,84,19.1,36,1015.3,1
2025-12-23,Quang_Ninh,21.0064,107.2925,21.2,92,13.4,77,1014.1,1
2025-12-24,Quang_Ninh,21.0064,107.2925,21.1,91,14.8,82,1013.3,1
2025-12-25,Quang_Ninh,21.0064,107.2925,16.1,66,23.3,84,1019.0,1
2025-12-26,Quang_Ninh,21.0064,107.2925,14.8,58,12.6,12,1020.0,0
2025-12-27,Quang_Ninh,21.0064,107.2925,15.8,64,13.1,16,1019.1,0
2025-12-28,Quang_Ninh,21.0064,107.2925,17.6,68,10.9,70,1018.0,0
2025-12-29,Quang_Ninh,21.0064,107.2925,18.5,77,9.2,70,1015.5,0
2025-12-30,Quang_Ninh,21.0064,107.2925,19.3,83,16.0,67,1014.5,1
2025-12-31,Quang_Ninh,21.0064,107.2925,19.6,81,14.3,82,1012.1,0
