date,destination,latitude,longitude,temp,humidity,wind_speed,cloud_cover,pressure,rain
2020-01-01,Tuyen_Quang,21.8233,105.2181,20.1,80,10.5,76,1019.1,1
2020-01-02,Tuyen_Quang,21.8233,105.2181,20.4,85,10.1,82,1017.5,1
2020-01-03,Tuyen_Quang,21.8233,105.2181,21.7,82,10.5,77,1015.3,1
2020-01-04,Tuyen_Quang,21.8233,105.2181,20.9,86,13.0,76,1013.4,1
2020-01-05,Tuyen_Quang,21.8233,105.2181,21.1,85,15.1,69,1012.2,1
2020-01-06,Tuyen_Quang,21.8233,105.2181,22.2,79,19.9,39,1010.7,0
2020-01-07,Tuyen_Quang,21.8233,105.2181,21.6,88,9.0,63,1011.3,1
2020-01-08,Tuyen_Quang,21.8233,105.2181,22.3,82,18.4,57,1011.4,1
2020-01-09,Tuyen_Quang,21.8233,105.2181,21.7,83,11.7,66,1009.9,1
2020-01-10,Tuyen_Quang,21.8233,105.2181,21.7,83,12.4,60,1008.2,1
2020-01-11,Tuyen_Quang,21.8233,105.2181,19.8,80,20.8,79,1009.7,1
2020-01-12,Tuyen_Quang,21.8233,105.2181,16.5,70,8.4,62,1013.2,0
2020-01-13,Tuyen_Quang,21.8233,105.2181,17.0,81,10.1,96,1011.0,1
2020-01-14,Tuyen_Quang,21.8233,105.2181,19.4,87,12.7,95,1010.0,1
2020-01-15,Tuyen_Quang,21.8233,105.2181,21.9,80,18.5,57,1007.9,0
2020-01-16,Tuyen_Quang,21.8233,105.2181,20.5,80,17.6,91,1010.6,1
2020-01-17,Tuyen_Quang,21.8233,105.2181,16.0,75,11.5,99,1014.9,1
2020-01-18,Tuyen_Quang,21.8233,105.2181,16.3,82,6.2,100,1013.3,1
2020-01-19,Tuyen_Quang,21.8233,105.2181,15.1,79,12.4,98,1015.9,1
2020-01-20,Tuyen_Quang,21.8233,105.2181,15.4,86,3.7,100,1015.5,1
2020-01-21,Tuyen_Quang,21.8233,105.2181,17.9,88,9.8,100,1014.0,1
2020-01-22,Tuyen_Quang,21.8233,105.2181,20.3,89,11.5,100,1011.0,1
2020-01-23,Tuyen_Quang,21.8233,105.2181,22.2,85,11.9,86,1008.9,1
2020-01-24,Tuyen_Quang,21.8233,105.2181,20.7,95,10.6,95,1008.8,1
2020-01-25,Tuyen_Quang,21.8233,105.2181,15.6,95,16.1,96,1010.9,1
2020-01-26,Tuyen_Quang,21.8233,105.2181,14.6,67,10.9,25,1013.5,0
2020-01-27,Tuyen_Quang,21.8233,105.2181,13.5,68,10.8,30,1012.3,0
2020-01-28,Tuyen_Quang,21.8233,105.2181,13.5,66,11.2,77,1014.4,0
2020-01-29,Tuyen_Quang,21.8233,105.2181,13.1,75,9.9,85,1017.9,1
2020-01-30,Tuyen_Quang,21.8233,105.2181,14.4,72,9.8,33,1017.1,0
2020-01-31,Tuyen_Quang,21.8233,105.2181,14.5,73,10.1,42,1015.3,0
2020-02-01,Tuyen_Quang,21.8233,105.2181,15.8,84,6.6,96,1014.3,1
2020-02-02,Tuyen_Quang,21.8233,105.2181,17.5,89,8.3,100,1013.7,1
2020-02-03,Tuyen_Quang,21.8233,105.2181,17.2,91,17.1,99,1013.1,1
2020-02-04,Tuyen_Quang,21.8233,105.2181,14.6,87,10.0,99,1014.9,1
2020-02-05,Tuyen_Quang,21.8233,105.2181,15.0,88,8.0,100,1013.4,1
2020-02-06,Tuyen_Quang,21.8233,105.2181,16.6,93,5.4,92,1011.7,1
2020-02-07,Tuyen_Quang,21.8233,105.2181,18.2,89,14.0,100,1013.9,1
2020-02-08,Tuyen_Quang,21.8233,105.2181,16.4,87,14.8,100,1017.7,1
2020-02-09,Tuyen_Quang,21.8233,105.2181,15.0,78,10.5,99,1020.7,1
2020-02-10,Tuyen_Quang,21.8233,105.2181,15.7,78,9.7,100,1016.7,1
2020-02-11,Tuyen_Quang,21.8233,105.2181,17.3,91,5.6,99,1013.3,1
2020-02-12,Tuyen_Quang,21.8233,105.2181,19.6,91,6.2,98,1010.4,1
2020-02-13,Tuyen_Quang,21.8233,105.2181,21.5,91,10.7,96,1006.2,1
2020-02-14,Tuyen_Quang,21.8233,105.2181,22.7,89,10.5,75,1002.8,1
2020-02-15,Tuyen_Quang,21.8233,105.2181,22.9,88,14.8,84,1005.6,1
2020-02-16,Tuyen_Quang,21.8233,105.2181,16.8,64,12.2,77,1017.8,1
2020-02-17,Tuyen_Quang,21.8233,105.2181,16.3,60,7.9,67,1021.9,0
2020-02-18,Tuyen_Quang,21.8233,105.2181,15.7,60,8.6,61,1020.2,0
2020-02-19,Tuyen_Quang,21.8233,105.2181,15.2,73,9.0,34,1017.6,0
2020-02-20,Tuyen_Quang,21.8233,105.2181,17.6,86,5.4,96,1017.4,1
2020-02-21,Tuyen_Quang,21.8233,105.2181,19.4,90,8.1,81,1020.1,1
2020-02-22,Tuyen_Quang,21.8233,105.2181,19.0,85,9.8,29,1020.7,1
2020-02-23,Tuyen_Quang,21.8233,105.2181,18.6,84,9.0,23,1017.9,1
2020-02-24,Tuyen_Quang,21.8233,105.2181,18.9,82,11.9,37,1013.4,1
2020-02-25,Tuyen_Quang,21.8233,105.2181,19.5,87,11.5,60,1011.7,1
2020-02-26,Tuyen_Quang,21.8233,105.2181,20.7,83,10.3,77,1012.2,0
2020-02-27,Tuyen_Quang,21.8233,105.2181,21.1,84,12.1,92,1012.0,1
2020-02-28,Tuyen_Quang,21.8233,105.2181,22.0,81,15.2,70,1009.9,0
2020-02-29,Tuyen_Quang,21.8233,105.2181,21.7,85,11.4,46,1008.1,1
2020-03-01,Tuyen_Quang,21.8233,105.2181,23.0,86,9.1,81,1007.8,1
2020-03-02,Tuyen_Quang,21.8233,105.2181,22.8,88,12.3,80,1008.2,1
2020-03-03,Tuyen_Quang,21.8233,105.2181,21.2,96,16.4,97,1008.8,1
2020-03-04,Tuyen_Quang,21.8233,105.2181,18.1,85,19.7,98,1012.5,1
2020-03-05,Tuyen_Quang,21.8233,105.2181,17.0,80,8.1,96,1013.7,1
2020-03-06,Tuyen_Quang,21.8233,105.2181,18.2,87,6.1,84,1010.0,0
2020-03-07,Tuyen_Quang,21.8233,105.2181,20.5,88,6.8,59,1005.9,0
2020-03-08,Tuyen_Quang,21.8233,105.2181,22.7,87,8.9,47,1000.7,1
2020-03-09,Tuyen_Quang,21.8233,105.2181,23.9,82,10.6,18,1000.0,0
2020-03-10,Tuyen_Quang,21.8233,105.2181,21.5,71,12.8,80,1009.5,1
2020-03-11,Tuyen_Quang,21.8233,105.2181,19.9,77,8.7,80,1010.5,1
2020-03-12,Tuyen_Quang,21.8233,105.2181,21.3,84,8.8,74,1007.2,1
2020-03-13,Tuyen_Quang,21.8233,105.2181,24.0,85,10.4,76,1008.2,1
2020-03-14,Tuyen_Quang,21.8233,105.2181,21.4,73,13.0,100,1013.0,1
2020-03-15,Tuyen_Quang,21.8233,105.2181,20.1,83,6.3,100,1012.8,1
2020-03-16,Tuyen_Quang,21.8233,105.2181,20.9,89,8.2,100,1010.6,1
2020-03-17,Tuyen_Quang,21.8233,105.2181,21.5,91,16.2,98,1010.4,1
2020-03-18,Tuyen_Quang,21.8233,105.2181,18.7,92,9.3,100,1009.5,1
2020-03-19,Tuyen_Quang,21.8233,105.2181,19.7,93,6.6,98,1009.5,1
2020-03-20,Tuyen_Quang,21.8233,105.2181,21.3,85,10.2,92,1008.5,0
2020-03-21,Tuyen_Quang,21.8233,105.2181,22.8,88,7.7,86,1006.8,1
2020-03-22,Tuyen_Quang,21.8233,105.2181,24.6,88,7.6,72,1006.6,1
2020-03-23,Tuyen_Quang,21.8233,105.2181,24.2,89,11.5,73,1007.1,1
2020-03-24,Tuyen_Quang,21.8233,105.2181,23.3,89,12.5,79,1006.8,1
2020-03-25,Tuyen_Quang,21.8233,105.2181,21.9,93,12.3,85,1005.4,1
2020-03-26,Tuyen_Quang,21.8233,105.2181,25.0,86,12.0,65,1003.9,1
2020-03-27,Tuyen_Quang,21.8233,105.2181,25.7,86,8.7,64,1003.8,1
2020-03-28,Tuyen_Quang,21.8233,105.2181,22.5,88,19.1,95,1005.9,1
2020-03-29,Tuyen_Quang,21.8233,105.2181,22.0,90,14.1,100,1003.9,1
2020-03-30,Tuyen_Quang,21.8233,105.2181,19.6,85,19.8,99,1005.0,1
2020-03-31,Tuyen_Quang,21.8233,105.2181,19.7,85,9.5,95,1007.5,1
2020-04-01,Tuyen_Quang,21.8233,105.2181,20.4,84,7.7,99,1008.4,1
2020-04-02,Tuyen_Quang,21.8233,105.2181,21.1,93,8.2,100,1008.3,1
2020-04-03,Tuyen_Quang,21.8233,105.2181,21.8,90,12.6,100,1008.8,1
2020-04-04,Tuyen_Quang,21.8233,105.2181,18.8,89,11.4,100,1012.0,1
2020-04-05,Tuyen_Quang,21.8233,105.2181,18.1,85,9.8,99,1013.8,1
2020-04-06,Tuyen_Quang,21.8233,105.2181,18.6,83,6.8,85,1011.8,1
2020-04-07,Tuyen_Quang,21.8233,105.2181,19.3,82,6.4,72,1010.9,1
2020-04-08,Tuyen_Quang,21.8233,105.2181,20.7,82,8.1,82,1010.9,1
2020-04-09,Tuyen_Quang,21.8233,105.2181,22.2,82,9.4,77,1011.5,1
2020-04-10,Tuyen_Quang,21.8233,105.2181,22.9,84,10.6,89,1009.9,0
2020-04-11,Tuyen_Quang,21.8233,105.2181,24.7,85,7.9,89,1008.6,1
2020-04-12,Tuyen_Quang,21.8233,105.2181,20.1,79,21.4,93,1014.3,1
2020-04-13,Tuyen_Quang,21.8233,105.2181,16.1,87,11.3,82,1015.8,1
2020-04-14,Tuyen_Quang,21.8233,105.2181,17.2,82,10.9,29,1012.5,0
2020-04-15,Tuyen_Quang,21.8233,105.2181,20.1,82,13.2,68,1009.2,0
2020-04-16,Tuyen_Quang,21.8233,105.2181,22.9,87,10.9,92,1006.2,1
2020-04-17,Tuyen_Quang,21.8233,105.2181,24.7,88,12.1,97,1006.1,1
2020-04-18,Tuyen_Quang,21.8233,105.2181,24.6,88,10.0,93,1005.1,1
2020-04-19,Tuyen_Quang,21.8233,105.2181,25.6,87,8.0,76,1004.3,0
2020-04-20,Tuyen_Quang,21.8233,105.2181,26.2,87,10.8,72,1004.7,1
2020-04-21,Tuyen_Quang,21.8233,105.2181,27.0,84,11.8,75,1003.8,0
2020-04-22,Tuyen_Quang,21.8233,105.2181,23.1,89,16.1,100,1006.8,1
2020-04-23,Tuyen_Quang,21.8233,105.2181,18.7,88,12.1,100,1012.0,1
2020-04-24,Tuyen_Quang,21.8233,105.2181,16.7,97,6.5,100,1015.9,1
2020-04-25,Tuyen_Quang,21.8233,105.2181,18.7,84,7.9,94,1014.5,1
2020-04-26,Tuyen_Quang,21.8233,105.2181,18.9,86,9.4,97,1015.6,1
2020-04-27,Tuyen_Quang,21.8233,105.2181,20.7,80,10.6,72,1014.2,0
2020-04-28,Tuyen_Quang,21.8233,105.2181,23.1,72,11.3,40,1011.7,0
2020-04-29,Tuyen_Quang,21.8233,105.2181,23.2,78,10.5,55,1010.6,0
2020-04-30,Tuyen_Quang,21.8233,105.2181,23.4,85,8.0,66,1009.1,1
2020-05-01,Tuyen_Quang,21.8233,105.2181,23.1,90,6.5,58,1006.4,1
2020-05-02,Tuyen_Quang,21.8233,105.2181,24.9,86,10.9,67,1003.9,1
2020-05-03,Tuyen_Quang,21.8233,105.2181,25.8,88,8.9,78,1003.5,0
2020-05-04,Tuyen_Quang,21.8233,105.2181,27.8,84,8.9,59,1002.8,1
2020-05-05,Tuyen_Quang,21.8233,105.2181,28.6,83,9.8,35,1001.1,0
2020-05-06,Tuyen_Quang,21.8233,105.2181,29.3,83,10.7,54,999.7,0
2020-05-07,Tuyen_Quang,21.8233,105.2181,29.8,82,11.0,46,998.8,0
2020-05-08,Tuyen_Quang,21.8233,105.2181,29.9,82,10.2,61,998.9,0
2020-05-09,Tuyen_Quang,21.8233,105.2181,30.2,80,10.2,54,1000.6,0
2020-05-10,Tuyen_Quang,21.8233,105.2181,29.9,79,20.5,47,1001.5,0
2020-05-11,Tuyen_Quang,21.8233,105.2181,29.1,81,14.3,62,1003.4,1
2020-05-12,Tuyen_Quang,21.8233,105.2181,25.9,88,12.0,91,1006.4,1
2020-05-13,Tuyen_Quang,21.8233,105.2181,26.3,88,12.9,88,1004.6,1
2020-05-14,Tuyen_Quang,21.8233,105.2181,27.4,85,8.9,56,1001.9,1
2020-05-15,Tuyen_Quang,21.8233,105.2181,28.3,83,11.6,51,999.1,0
2020-05-16,Tuyen_Quang,21.8233,105.2181,28.4,82,9.7,58,999.9,1
2020-05-17,Tuyen_Quang,21.8233,105.2181,26.9,88,10.2,83,999.7,1
2020-05-18,Tuyen_Quang,21.8233,105.2181,27.1,85,12.2,64,999.0,1
2020-05-19,Tuyen_Quang,21.8233,105.2181,27.4,88,8.7,68,998.9,1
2020-05-20,Tuyen_Quang,21.8233,105.2181,29.2,85,11.4,82,996.9,1
2020-05-21,Tuyen_Quang,21.8233,105.2181,31.2,80,8.3,87,995.8,0
2020-05-22,Tuyen_Quang,21.8233,105.2181,29.5,82,9.7,100,999.3,1
2020-05-23,Tuyen_Quang,21.8233,105.2181,27.4,90,7.2,97,1001.9,1
2020-05-24,Tuyen_Quang,21.8233,105.2181,28.3,85,8.9,90,1001.9,1
2020-05-25,Tuyen_Quang,21.8233,105.2181,28.5,86,9.2,69,1001.6,1
2020-05-26,Tuyen_Quang,21.8233,105.2181,27.1,82,6.8,92,1004.1,1
2020-05-27,Tuyen_Quang,21.8233,105.2181,25.5,86,6.5,84,1005.9,1
2020-05-28,Tuyen_Quang,21.8233,105.2181,25.7,87,6.9,82,1005.1,1
2020-05-29,Tuyen_Quang,21.8233,105.2181,26.9,88,7.6,79,1002.4,1
2020-05-30,Tuyen_Quang,21.8233,105.2181,28.1,84,8.5,86,1002.8,1
2020-05-31,Tuyen_Quang,21.8233,105.2181,29.0,82,10.1,83,1002.5,1
2020-06-01,Tuyen_Quang,21.8233,105.2181,28.8,80,11.2,63,1001.5,1
2020-06-02,Tuyen_Quang,21.8233,105.2181,29.1,80,13.4,70,999.6,1
2020-06-03,Tuyen_Quang,21.8233,105.2181,29.2,79,12.6,67,999.3,1
2020-06-04,Tuyen_Quang,21.8233,105.2181,29.2,82,11.8,85,998.9,1
2020-06-05,Tuyen_Quang,21.8233,105.2181,29.0,81,9.7,86,998.7,1
2020-06-06,Tuyen_Quang,21.8233,105.2181,29.9,78,10.5,96,997.9,0
2020-06-07,Tuyen_Quang,21.8233,105.2181,30.8,73,12.8,99,995.7,0
2020-06-08,Tuyen_Quang,21.8233,105.2181,31.4,66,8.9,95,996.0,0
2020-06-09,Tuyen_Quang,21.8233,105.2181,30.5,75,14.8,100,998.9,1
2020-06-10,Tuyen_Quang,21.8233,105.2181,27.9,90,10.4,100,1001.0,1
2020-06-11,Tuyen_Quang,21.8233,105.2181,28.6,84,12.6,81,999.2,1
2020-06-12,Tuyen_Quang,21.8233,105.2181,30.1,77,10.7,77,996.5,0
2020-06-13,Tuyen_Quang,21.8233,105.2181,29.5,79,14.8,74,996.9,1
2020-06-14,Tuyen_Quang,21.8233,105.2181,26.6,93,12.3,99,1000.3,1
2020-06-15,Tuyen_Quang,21.8233,105.2181,25.6,96,10.1,95,1001.6,1
2020-06-16,Tuyen_Quang,21.8233,105.2181,27.1,91,10.8,79,999.8,1
2020-06-17,Tuyen_Quang,21.8233,105.2181,28.2,86,12.3,54,997.8,1
2020-06-18,Tuyen_Quang,21.8233,105.2181,28.0,88,10.4,56,999.4,1
2020-06-19,Tuyen_Quang,21.8233,105.2181,27.8,91,10.8,74,1001.0,1
2020-06-20,Tuyen_Quang,21.8233,105.2181,28.8,85,12.7,52,1000.0,1
2020-06-21,Tuyen_Quang,21.8233,105.2181,30.2,77,13.2,68,997.0,0
2020-06-22,Tuyen_Quang,21.8233,105.2181,30.9,75,12.6,69,996.5,0
2020-06-23,Tuyen_Quang,21.8233,105.2181,30.9,76,13.0,99,998.2,0
2020-06-24,Tuyen_Quang,21.8233,105.2181,30.7,77,6.9,99,997.5,0
2020-06-25,Tuyen_Quang,21.8233,105.2181,28.4,89,6.9,100,997.5,1
2020-06-26,Tuyen_Quang,21.8233,105.2181,29.6,81,13.6,94,997.4,0
2020-06-27,Tuyen_Quang,21.8233,105.2181,30.3,76,15.1,91,998.2,1
2020-06-28,Tuyen_Quang,21.8233,105.2181,30.6,74,14.0,70,998.4,0
2020-06-29,Tuyen_Quang,21.8233,105.2181,30.1,77,12.9,86,998.1,1
2020-06-30,Tuyen_Quang,21.8233,105.2181,29.7,80,10.3,97,997.4,1
2020-07-01,Tuyen_Quang,21.8233,105.2181,28.2,91,8.9,98,997.2,1
2020-07-02,Tuyen_Quang,21.8233,105.2181,27.1,92,11.3,100,997.6,1
2020-07-03,Tuyen_Quang,21.8233,105.2181,27.0,93,12.0,99,1000.3,1
2020-07-04,Tuyen_Quang,21.8233,105.2181,27.2,92,10.5,96,1001.2,1
2020-07-05,Tuyen_Quang,21.8233,105.2181,27.7,89,10.0,75,999.4,1
2020-07-06,Tuyen_Quang,21.8233,105.2181,28.6,87,11.0,77,998.6,1
2020-07-07,Tuyen_Quang,21.8233,105.2181,29.1,86,10.8,93,1000.5,1
2020-07-08,Tuyen_Quang,21.8233,105.2181,30.4,77,13.3,97,998.7,0
2020-07-09,Tuyen_Quang,21.8233,105.2181,30.8,73,9.0,99,995.3,0
2020-07-10,Tuyen_Quang,21.8233,105.2181,30.3,72,11.9,100,995.2,0
2020-07-11,Tuyen_Quang,21.8233,105.2181,28.4,78,11.2,100,996.8,1
2020-07-12,Tuyen_Quang,21.8233,105.2181,28.3,82,14.0,98,998.0,1
2020-07-13,Tuyen_Quang,21.8233,105.2181,28.9,81,11.4,41,1000.5,1
2020-07-14,Tuyen_Quang,21.8233,105.2181,28.4,83,9.7,52,1001.7,1
2020-07-15,Tuyen_Quang,21.8233,105.2181,30.1,78,10.7,57,999.5,1
2020-07-16,Tuyen_Quang,21.8233,105.2181,29.4,82,12.0,55,998.8,1
2020-07-17,Tuyen_Quang,21.8233,105.2181,30.4,75,11.4,98,999.1,0
2020-07-18,Tuyen_Quang,21.8233,105.2181,30.8,74,9.9,97,999.2,0
2020-07-19,Tuyen_Quang,21.8233,105.2181,30.9,75,9.2,98,998.6,0
2020-07-20,Tuyen_Quang,21.8233,105.2181,28.1,86,10.7,99,1001.1,1
2020-07-21,Tuyen_Quang,21.8233,105.2181,27.0,91,11.5,82,1003.0,1
2020-07-22,Tuyen_Quang,21.8233,105.2181,28.4,86,12.3,37,1002.0,1
2020-07-23,Tuyen_Quang,21.8233,105.2181,29.0,82,10.8,25,1002.0,1
2020-07-24,Tuyen_Quang,21.8233,105.2181,29.3,81,9.9,25,1002.3,1
2020-07-25,Tuyen_Quang,21.8233,105.2181,30.1,77,12.0,61,1001.3,0
2020-07-26,Tuyen_Quang,21.8233,105.2181,30.1,78,9.8,96,1000.0,1
2020-07-27,Tuyen_Quang,21.8233,105.2181,28.0,87,8.8,99,999.8,1
2020-07-28,Tuyen_Quang,21.8233,105.2181,27.6,89,6.4,94,1001.2,1
2020-07-29,Tuyen_Quang,21.8233,105.2181,27.2,88,8.0,81,1001.7,1
2020-07-30,Tuyen_Quang,21.8233,105.2181,28.4,87,7.0,66,1001.0,1
2020-07-31,Tuyen_Quang,21.8233,105.2181,28.5,89,8.3,93,999.4,1
2020-08-01,Tuyen_Quang,21.8233,105.2181,28.3,87,9.7,87,996.1,1
2020-08-02,Tuyen_Quang,21.8233,105.2181,26.9,88,17.3,99,994.2,1
2020-08-03,Tuyen_Quang,21.8233,105.2181,26.2,93,14.4,99,995.5,1
2020-08-04,Tuyen_Quang,21.8233,105.2181,26.5,90,10.3,91,996.9,1
2020-08-05,Tuyen_Quang,21.8233,105.2181,26.5,93,12.0,94,999.0,1
2020-08-06,Tuyen_Quang,21.8233,105.2181,25.7,98,9.2,98,1001.2,1
2020-08-07,Tuyen_Quang,21.8233,105.2181,27.1,90,12.3,87,1001.1,1
2020-08-08,Tuyen_Quang,21.8233,105.2181,28.1,87,12.1,94,999.7,1
2020-08-09,Tuyen_Quang,21.8233,105.2181,28.6,88,8.1,96,997.8,1
2020-08-10,Tuyen_Quang,21.8233,105.2181,29.2,87,7.7,96,996.8,1
2020-08-11,Tuyen_Quang,21.8233,105.2181,29.3,83,9.9,94,996.9,1
2020-08-12,Tuyen_Quang,21.8233,105.2181,28.2,88,9.9,90,999.7,1
2020-08-13,Tuyen_Quang,21.8233,105.2181,26.5,94,10.5,90,1001.4,1
2020-08-14,Tuyen_Quang,21.8233,105.2181,25.5,96,11.5,90,1001.3,1
2020-08-15,Tuyen_Quang,21.8233,105.2181,26.4,90,10.2,59,1000.5,1
2020-08-16,Tuyen_Quang,21.8233,105.2181,25.8,92,13.3,76,999.8,1
2020-08-17,Tuyen_Quang,21.8233,105.2181,25.1,94,14.8,91,1000.1,1
2020-08-18,Tuyen_Quang,21.8233,105.2181,25.0,95,12.5,93,1000.8,1
2020-08-19,Tuyen_Quang,21.8233,105.2181,25.2,96,8.2,96,1001.1,1
2020-08-20,Tuyen_Quang,21.8233,105.2181,26.1,92,10.5,93,1002.4,1
2020-08-21,Tuyen_Quang,21.8233,105.2181,25.4,94,8.0,98,1004.1,1
2020-08-22,Tuyen_Quang,21.8233,105.2181,26.5,92,5.9,80,1003.6,1
2020-08-23,Tuyen_Quang,21.8233,105.2181,27.4,89,11.8,54,1001.7,1
2020-08-24,Tuyen_Quang,21.8233,105.2181,28.3,86,13.1,61,999.6,1
2020-08-25,Tuyen_Quang,21.8233,105.2181,28.5,86,8.4,88,998.9,1
2020-08-26,Tuyen_Quang,21.8233,105.2181,29.8,81,6.8,32,997.5,1
2020-08-27,Tuyen_Quang,21.8233,105.2181,29.8,82,10.6,12,996.3,1
2020-08-28,Tuyen_Quang,21.8233,105.2181,29.1,85,10.9,56,997.6,1
2020-08-29,Tuyen_Quang,21.8233,105.2181,28.5,89,6.7,67,999.7,1
2020-08-30,Tuyen_Quang,21.8233,105.2181,27.8,88,9.5,59,1000.9,1
2020-08-31,Tuyen_Quang,21.8233,105.2181,27.5,89,12.6,69,1003.2,1
2020-09-01,Tuyen_Quang,21.8233,105.2181,29.2,81,6.4,26,1002.7,0
2020-09-02,Tuyen_Quang,21.8233,105.2181,29.6,81,5.4,32,1002.7,0
2020-09-03,Tuyen_Quang,21.8233,105.2181,29.1,86,7.3,57,1003.7,1
2020-09-04,Tuyen_Quang,21.8233,105.2181,28.4,85,11.0,45,1003.3,1
2020-09-05,Tuyen_Quang,21.8233,105.2181,28.5,88,8.7,60,1000.9,1
2020-09-06,Tuyen_Quang,21.8233,105.2181,27.5,92,10.5,99,999.5,1
2020-09-07,Tuyen_Quang,21.8233,105.2181,25.4,97,10.9,100,1001.3,1
2020-09-08,Tuyen_Quang,21.8233,105.2181,25.7,93,6.4,98,1004.3,1
2020-09-09,Tuyen_Quang,21.8233,105.2181,25.8,93,8.2,94,1004.1,1
2020-09-10,Tuyen_Quang,21.8233,105.2181,26.6,94,8.9,90,1000.7,1
2020-09-11,Tuyen_Quang,21.8233,105.2181,26.7,92,8.2,98,1001.9,1
2020-09-12,Tuyen_Quang,21.8233,105.2181,26.2,93,8.2,98,1005.1,1
2020-09-13,Tuyen_Quang,21.8233,105.2181,26.2,93,8.4,93,1005.9,1
2020-09-14,Tuyen_Quang,21.8233,105.2181,26.0,95,8.2,96,1004.5,1
2020-09-15,Tuyen_Quang,21.8233,105.2181,26.9,92,9.1,94,1002.9,1
2020-09-16,Tuyen_Quang,21.8233,105.2181,26.6,94,8.4,95,1001.7,1
2020-09-17,Tuyen_Quang,21.8233,105.2181,26.7,93,16.7,95,1001.5,1
2020-09-18,Tuyen_Quang,21.8233,105.2181,25.7,78,14.8,91,1003.3,1
2020-09-19,Tuyen_Quang,21.8233,105.2181,24.3,90,10.7,94,1004.2,1
2020-09-20,Tuyen_Quang,21.8233,105.2181,24.5,94,5.8,99,1005.1,1
2020-09-21,Tuyen_Quang,21.8233,105.2181,25.9,90,8.3,96,1004.1,1
2020-09-22,Tuyen_Quang,21.8233,105.2181,25.9,94,8.2,98,1003.6,1
2020-09-23,Tuyen_Quang,21.8233,105.2181,24.7,97,9.7,100,1005.2,1
2020-09-24,Tuyen_Quang,21.8233,105.2181,24.6,90,4.7,97,1007.0,1
2020-09-25,Tuyen_Quang,21.8233,105.2181,25.7,91,8.7,97,1003.6,1
2020-09-26,Tuyen_Quang,21.8233,105.2181,26.0,94,9.0,98,1002.6,1
2020-09-27,Tuyen_Quang,21.8233,105.2181,24.2,92,9.0,100,1004.8,1
2020-09-28,Tuyen_Quang,21.8233,105.2181,25.2,89,8.6,83,1004.5,1
2020-09-29,Tuyen_Quang,21.8233,105.2181,27.0,87,8.4,78,1002.7,1
2020-09-30,Tuyen_Quang,21.8233,105.2181,27.0,89,9.2,69,1001.8,1
2020-10-01,Tuyen_Quang,21.8233,105.2181,25.8,91,11.3,97,1003.0,1
2020-10-02,Tuyen_Quang,21.8233,105.2181,26.3,92,11.5,89,1003.7,1
2020-10-03,Tuyen_Quang,21.8233,105.2181,26.3,92,8.9,89,1004.6,1
2020-10-04,Tuyen_Quang,21.8233,105.2181,26.3,93,7.6,85,1004.7,1
2020-10-05,Tuyen_Quang,21.8233,105.2181,25.8,93,11.8,72,1006.0,1
2020-10-06,Tuyen_Quang,21.8233,105.2181,23.9,81,11.9,66,1009.0,1
2020-10-07,Tuyen_Quang,21.8233,105.2181,24.0,76,11.3,68,1010.7,0
2020-10-08,Tuyen_Quang,21.8233,105.2181,23.0,76,9.0,43,1011.4,0
2020-10-09,Tuyen_Quang,21.8233,105.2181,22.6,76,9.7,43,1011.9,0
2020-10-10,Tuyen_Quang,21.8233,105.2181,22.1,77,7.3,37,1010.2,0
2020-10-11,Tuyen_Quang,21.8233,105.2181,22.6,78,8.8,57,1007.7,0
2020-10-12,Tuyen_Quang,21.8233,105.2181,23.2,79,8.5,83,1006.5,0
2020-10-13,Tuyen_Quang,21.8233,105.2181,25.3,74,11.7,53,1005.2,1
2020-10-14,Tuyen_Quang,21.8233,105.2181,22.6,91,13.6,100,1004.5,1
2020-10-15,Tuyen_Quang,21.8233,105.2181,22.0,95,10.0,100,1007.0,1
2020-10-16,Tuyen_Quang,21.8233,105.2181,22.4,83,14.1,98,1009.8,1
2020-10-17,Tuyen_Quang,21.8233,105.2181,20.9,72,14.2,90,1011.9,0
2020-10-18,Tuyen_Quang,21.8233,105.2181,21.9,78,11.5,96,1011.9,1
2020-10-19,Tuyen_Quang,21.8233,105.2181,20.3,83,10.5,100,1012.9,1
2020-10-20,Tuyen_Quang,21.8233,105.2181,19.8,84,8.5,95,1013.6,1
2020-10-21,Tuyen_Quang,21.8233,105.2181,21.6,68,11.4,44,1012.7,0
2020-10-22,Tuyen_Quang,21.8233,105.2181,21.4,68,13.3,34,1010.2,0
2020-10-23,Tuyen_Quang,21.8233,105.2181,20.6,67,10.8,66,1010.1,0
2020-10-24,Tuyen_Quang,21.8233,105.2181,20.7,71,5.8,85,1010.3,0
2020-10-25,Tuyen_Quang,21.8233,105.2181,21.3,78,6.8,82,1009.8,1
2020-10-26,Tuyen_Quang,21.8233,105.2181,21.6,92,7.7,95,1010.1,1
2020-10-27,Tuyen_Quang,21.8233,105.2181,23.0,91,6.9,68,1008.7,1
2020-10-28,Tuyen_Quang,21.8233,105.2181,24.8,83,8.9,89,1008.9,1
2020-10-29,Tuyen_Quang,21.8233,105.2181,21.6,97,7.2,100,1011.8,1
2020-10-30,Tuyen_Quang,21.8233,105.2181,21.0,96,7.1,100,1014.0,1
2020-10-31,Tuyen_Quang,21.8233,105.2181,21.9,91,5.0,96,1013.2,1
2020-11-01,Tuyen_Quang,21.8233,105.2181,22.9,87,8.6,51,1011.5,0
2020-11-02,Tuyen_Quang,21.8233,105.2181,23.0,85,11.0,79,1012.9,1
2020-11-03,Tuyen_Quang,21.8233,105.2181,21.5,76,6.8,91,1014.6,0
2020-11-04,Tuyen_Quang,21.8233,105.2181,21.1,74,5.7,70,1013.4,0
2020-11-05,Tuyen_Quang,21.8233,105.2181,21.1,82,5.4,70,1012.6,0
2020-11-06,Tuyen_Quang,21.8233,105.2181,22.0,86,5.7,67,1014.0,0
2020-11-07,Tuyen_Quang,21.8233,105.2181,22.8,79,7.6,40,1015.0,0
2020-11-08,Tuyen_Quang,21.8233,105.2181,22.4,73,9.0,20,1015.5,0
2020-11-09,Tuyen_Quang,21.8233,105.2181,21.0,69,7.9,0,1015.1,0
2020-11-10,Tuyen_Quang,21.8233,105.2181,19.4,68,7.9,5,1015.4,0
2020-11-11,Tuyen_Quang,21.8233,105.2181,19.8,64,8.6,27,1016.5,0
2020-11-12,Tuyen_Quang,21.8233,105.2181,21.0,69,10.4,20,1015.8,0
2020-11-13,Tuyen_Quang,21.8233,105.2181,21.3,65,7.3,2,1013.6,0
2020-11-14,Tuyen_Quang,21.8233,105.2181,20.2,64,8.5,9,1013.3,0
2020-11-15,Tuyen_Quang,21.8233,105.2181,19.7,79,8.8,99,1014.2,1
2020-11-16,Tuyen_Quang,21.8233,105.2181,19.8,98,9.0,98,1012.4,1
2020-11-17,Tuyen_Quang,21.8233,105.2181,22.4,91,9.5,63,1008.2,1
2020-11-18,Tuyen_Quang,21.8233,105.2181,23.8,88,9.2,65,1006.4,1
2020-11-19,Tuyen_Quang,21.8233,105.2181,23.3,89,7.7,54,1006.2,1
2020-11-20,Tuyen_Quang,21.8233,105.2181,23.5,89,10.0,61,1006.6,1
2020-11-21,Tuyen_Quang,21.8233,105.2181,24.1,87,10.1,67,1007.3,0
2020-11-22,Tuyen_Quang,21.8233,105.2181,24.0,87,7.8,44,1010.7,1
2020-11-23,Tuyen_Quang,21.8233,105.2181,23.3,91,11.9,57,1013.0,1
2020-11-24,Tuyen_Quang,21.8233,105.2181,22.2,87,11.2,72,1013.2,1
2020-11-25,Tuyen_Quang,21.8233,105.2181,22.4,87,10.9,49,1012.5,1
2020-11-26,Tuyen_Quang,21.8233,105.2181,22.3,88,9.8,41,1014.0,1
2020-11-27,Tuyen_Quang,21.8233,105.2181,21.1,78,11.7,54,1016.5,1
2020-11-28,Tuyen_Quang,21.8233,105.2181,18.7,71,12.2,78,1018.4,0
2020-11-29,Tuyen_Quang,21.8233,105.2181,17.1,70,7.2,44,1018.8,0
2020-11-30,Tuyen_Quang,21.8233,105.2181,16.7,72,9.0,30,1019.0,0
2020-12-01,Tuyen_Quang,21.8233,105.2181,17.6,66,9.7,62,1018.1,0
2020-12-02,Tuyen_Quang,21.8233,105.2181,18.2,70,7.3,87,1017.0,0
2020-12-03,Tuyen_Quang,21.8233,105.2181,18.4,67,12.4,96,1017.7,0
2020-12-04,Tuyen_Quang,21.8233,105.2181,15.9,64,16.3,93,1018.5,0
2020-12-05,Tuyen_Quang,21.8233,105.2181,14.2,69,10.6,58,1018.6,0
2020-12-06,Tuyen_Quang,21.8233,105.2181,14.3,81,9.1,31,1016.3,0
2020-12-07,Tuyen_Quang,21.8233,105.2181,16.5,73,7.5,79,1018.0,0
2020-12-08,Tuyen_Quang,21.8233,105.2181,16.4,73,9.1,44,1017.2,0
2020-12-09,Tuyen_Quang,21.8233,105.2181,15.9,82,7.8,43,1013.1,0
2020-12-10,Tuyen_Quang,21.8233,105.2181,17.6,80,8.0,74,1012.9,0
2020-12-11,Tuyen_Quang,21.8233,105.2181,17.6,85,8.8,55,1010.9,0
2020-12-12,Tuyen_Quang,21.8233,105.2181,19.6,82,9.8,66,1009.4,1
2020-12-13,Tuyen_Quang,21.8233,105.2181,20.5,85,6.6,80,1006.8,1
2020-12-14,Tuyen_Quang,21.8233,105.2181,18.8,81,17.3,98,1011.4,1
2020-12-15,Tuyen_Quang,21.8233,105.2181,13.5,70,13.0,100,1017.9,1
2020-12-16,Tuyen_Quang,21.8233,105.2181,12.6,68,9.0,99,1020.0,1
2020-12-17,Tuyen_Quang,21.8233,105.2181,12.5,66,8.0,98,1018.5,0
2020-12-18,Tuyen_Quang,21.8233,105.2181,12.0,74,6.6,91,1020.0,1
2020-12-19,Tuyen_Quang,21.8233,105.2181,13.0,71,7.3,81,1021.9,0
2020-12-20,Tuyen_Quang,21.8233,105.2181,13.4,65,11.9,58,1022.4,0
2020-12-21,Tuyen_Quang,21.8233,105.2181,12.8,72,8.3,10,1020.1,0
2020-12-22,Tuyen_Quang,21.8233,105.2181,13.8,73,7.1,36,1015.8,0
2020-12-23,Tuyen_Quang,21.8233,105.2181,14.7,78,7.1,23,1013.1,0
2020-12-24,Tuyen_Quang,21.8233,105.2181,15.7,80,8.9,58,1013.7,0
2020-12-25,Tuyen_Quang,21.8233,105.2181,16.2,75,8.7,53,1013.3,0
2020-12-26,Tuyen_Quang,21.8233,105.2181,16.4,85,6.6,64,1011.4,0
2020-12-27,Tuyen_Quang,21.8233,105.2181,18.7,88,5.6,98,1010.2,1
2020-12-28,Tuyen_Quang,21.8233,105.2181,21.0,88,13.3,77,1007.4,1
2020-12-29,Tuyen_Quang,21.8233,105.2181,21.3,83,14.6,80,1009.3,1
2020-12-30,Tuyen_Quang,21.8233,105.2181,17.0,48,12.7,91,1020.3,0
2020-12-31,Tuyen_Quang,21.8233,105.2181,12.7,52,13.1,46,1022.4,0
2021-01-01,Tuyen_Quang,21.8233,105.2181,11.2,57,7.8,50,1021.2,0
2021-01-02,Tuyen_Quang,21.8233,105.2181,11.5,68,8.2,12,1017.4,0
2021-01-03,Tuyen_Quang,21.8233,105.2181,13.1,71,8.4,19,1017.5,0
2021-01-04,Tuyen_Quang,21.8233,105.2181,14.3,69,8.7,16,1016.5,0
2021-01-05,Tuyen_Quang,21.8233,105.2181,15.3,73,8.2,50,1016.0,0
2021-01-06,Tuyen_Quang,21.8233,105.2181,16.4,62,8.0,99,1014.8,0
2021-01-07,Tuyen_Quang,21.8233,105.2181,14.0,65,13.3,100,1016.2,1
2021-01-08,Tuyen_Quang,21.8233,105.2181,10.6,65,9.4,96,1021.6,1
2021-01-09,Tuyen_Quang,21.8233,105.2181,9.9,55,8.9,80,1020.7,1
2021-01-10,Tuyen_Quang,21.8233,105.2181,9.7,65,9.7,67,1020.0,0
2021-01-11,Tuyen_Quang,21.8233,105.2181,10.6,55,15.2,74,1025.1,0
2021-01-12,Tuyen_Quang,21.8233,105.2181,11.2,58,9.7,51,1022.1,0
2021-01-13,Tuyen_Quang,21.8233,105.2181,12.6,59,8.2,18,1014.1,0
2021-01-14,Tuyen_Quang,21.8233,105.2181,13.2,76,10.0,13,1012.7,0
2021-01-15,Tuyen_Quang,21.8233,105.2181,14.3,83,9.3,44,1010.7,0
2021-01-16,Tuyen_Quang,21.8233,105.2181,16.5,89,4.9,99,1011.7,1
2021-01-17,Tuyen_Quang,21.8233,105.2181,14.5,70,14.7,96,1021.1,1
2021-01-18,Tuyen_Quang,21.8233,105.2181,12.6,60,8.6,9,1019.9,0
2021-01-19,Tuyen_Quang,21.8233,105.2181,13.7,69,11.6,2,1013.8,0
2021-01-20,Tuyen_Quang,21.8233,105.2181,13.9,86,6.9,76,1012.4,1
2021-01-21,Tuyen_Quang,21.8233,105.2181,16.5,83,6.4,87,1011.4,1
2021-01-22,Tuyen_Quang,21.8233,105.2181,16.9,83,6.5,67,1011.2,0
2021-01-23,Tuyen_Quang,21.8233,105.2181,17.8,80,11.2,52,1009.9,0
2021-01-24,Tuyen_Quang,21.8233,105.2181,18.4,81,13.4,57,1008.3,0
2021-01-25,Tuyen_Quang,21.8233,105.2181,19.9,87,6.6,97,1010.2,1
2021-01-26,Tuyen_Quang,21.8233,105.2181,19.1,90,12.6,80,1011.4,1
2021-01-27,Tuyen_Quang,21.8233,105.2181,18.9,83,8.9,91,1011.2,1
2021-01-28,Tuyen_Quang,21.8233,105.2181,17.1,76,15.5,100,1017.3,1
2021-01-29,Tuyen_Quang,21.8233,105.2181,16.9,69,10.7,77,1016.4,0
2021-01-30,Tuyen_Quang,21.8233,105.2181,16.0,87,8.0,91,1015.1,1
2021-01-31,Tuyen_Quang,21.8233,105.2181,17.5,92,10.9,98,1014.5,1
2021-02-01,Tuyen_Quang,21.8233,105.2181,19.1,85,7.9,85,1013.5,1
2021-02-02,Tuyen_Quang,21.8233,105.2181,19.6,84,11.4,77,1013.9,1
2021-02-03,Tuyen_Quang,21.8233,105.2181,19.4,82,10.8,56,1014.5,1
2021-02-04,Tuyen_Quang,21.8233,105.2181,19.2,81,14.4,60,1014.9,1
2021-02-05,Tuyen_Quang,21.8233,105.2181,18.8,83,10.1,63,1013.7,1
2021-02-06,Tuyen_Quang,21.8233,105.2181,19.3,79,10.7,40,1012.3,0
2021-02-07,Tuyen_Quang,21.8233,105.2181,19.4,80,12.4,58,1011.6,0
2021-02-08,Tuyen_Quang,21.8233,105.2181,18.0,90,14.8,79,1013.4,1
2021-02-09,Tuyen_Quang,21.8233,105.2181,14.6,97,12.3,83,1013.6,1
2021-02-10,Tuyen_Quang,21.8233,105.2181,15.9,82,8.9,46,1011.7,0
2021-02-11,Tuyen_Quang,21.8233,105.2181,17.3,77,8.3,15,1011.7,0
2021-02-12,Tuyen_Quang,21.8233,105.2181,17.3,83,9.1,74,1012.6,1
2021-02-13,Tuyen_Quang,21.8233,105.2181,18.0,80,10.8,77,1012.1,1
2021-02-14,Tuyen_Quang,21.8233,105.2181,19.2,76,7.5,57,1011.9,0
2021-02-15,Tuyen_Quang,21.8233,105.2181,19.2,83,9.8,69,1008.9,0
2021-02-16,Tuyen_Quang,21.8233,105.2181,20.4,83,13.8,88,1010.3,1
2021-02-17,Tuyen_Quang,21.8233,105.2181,18.3,83,10.5,99,1016.3,1
2021-02-18,Tuyen_Quang,21.8233,105.2181,18.8,72,7.1,77,1018.8,0
2021-02-19,Tuyen_Quang,21.8233,105.2181,18.0,79,5.1,57,1018.3,1
2021-02-20,Tuyen_Quang,21.8233,105.2181,18.1,81,9.2,27,1014.8,0
2021-02-21,Tuyen_Quang,21.8233,105.2181,19.0,76,10.8,6,1010.6,0
2021-02-22,Tuyen_Quang,21.8233,105.2181,19.6,83,8.5,74,1010.2,1
2021-02-23,Tuyen_Quang,21.8233,105.2181,20.8,83,8.2,76,1009.5,1
2021-02-24,Tuyen_Quang,21.8233,105.2181,20.9,82,15.0,68,1005.7,1
2021-02-25,Tuyen_Quang,21.8233,105.2181,22.0,83,11.6,88,1002.5,1
2021-02-26,Tuyen_Quang,21.8233,105.2181,22.6,81,16.9,83,1002.9,1
2021-02-27,Tuyen_Quang,21.8233,105.2181,17.6,81,15.5,100,1007.8,1
2021-02-28,Tuyen_Quang,21.8233,105.2181,18.5,88,10.4,100,1007.8,1
2021-03-01,Tuyen_Quang,21.8233,105.2181,21.5,83,17.1,89,1009.8,1
2021-03-02,Tuyen_Quang,21.8233,105.2181,19.3,62,9.9,92,1014.7,1
2021-03-03,Tuyen_Quang,21.8233,105.2181,17.8,75,8.0,100,1014.1,1
2021-03-04,Tuyen_Quang,21.8233,105.2181,17.8,84,8.4,100,1011.7,1
2021-03-05,Tuyen_Quang,21.8233,105.2181,19.9,85,9.5,91,1008.2,1
2021-03-06,Tuyen_Quang,21.8233,105.2181,22.8,82,7.6,53,1009.1,1
2021-03-07,Tuyen_Quang,21.8233,105.2181,20.3,81,13.7,100,1012.7,1
2021-03-08,Tuyen_Quang,21.8233,105.2181,21.5,87,11.4,89,1011.5,1
2021-03-09,Tuyen_Quang,21.8233,105.2181,22.3,88,15.7,78,1010.9,1
2021-03-10,Tuyen_Quang,21.8233,105.2181,23.1,83,17.7,69,1010.3,1
2021-03-11,Tuyen_Quang,21.8233,105.2181,22.7,85,12.8,90,1011.8,1
2021-03-12,Tuyen_Quang,21.8233,105.2181,22.7,82,12.6,65,1012.5,1
2021-03-13,Tuyen_Quang,21.8233,105.2181,22.3,85,11.2,64,1012.1,1
2021-03-14,Tuyen_Quang,21.8233,105.2181,22.3,81,12.4,62,1009.0,0
2021-03-15,Tuyen_Quang,21.8233,105.2181,22.8,82,11.6,88,1006.2,1
2021-03-16,Tuyen_Quang,21.8233,105.2181,23.5,84,11.3,98,1005.9,1
2021-03-17,Tuyen_Quang,21.8233,105.2181,24.0,85,13.2,96,1005.5,1
2021-03-18,Tuyen_Quang,21.8233,105.2181,24.1,85,9.9,100,1005.3,1
2021-03-19,Tuyen_Quang,21.8233,105.2181,24.6,85,11.2,99,1003.9,1
2021-03-20,Tuyen_Quang,21.8233,105.2181,24.5,88,9.4,98,1003.8,1
2021-03-21,Tuyen_Quang,21.8233,105.2181,19.4,80,23.2,100,1011.8,1
2021-03-22,Tuyen_Quang,21.8233,105.2181,17.4,63,6.3,69,1019.4,0
2021-03-23,Tuyen_Quang,21.8233,105.2181,17.0,70,8.7,18,1015.9,0
2021-03-24,Tuyen_Quang,21.8233,105.2181,18.6,77,12.0,51,1011.2,0
2021-03-25,Tuyen_Quang,21.8233,105.2181,19.9,90,5.2,100,1009.2,1
2021-03-26,Tuyen_Quang,21.8233,105.2181,22.4,89,10.2,96,1006.5,1
2021-03-27,Tuyen_Quang,21.8233,105.2181,24.1,88,9.8,100,1004.2,1
2021-03-28,Tuyen_Quang,21.8233,105.2181,24.6,87,10.1,98,1003.0,1
2021-03-29,Tuyen_Quang,21.8233,105.2181,25.7,84,7.7,59,999.4,1
2021-03-30,Tuyen_Quang,21.8233,105.2181,24.6,91,8.7,87,997.2,1
2021-03-31,Tuyen_Quang,21.8233,105.2181,26.5,85,11.2,59,996.4,0
2021-04-01,Tuyen_Quang,21.8233,105.2181,26.4,83,11.3,44,998.2,0
2021-04-02,Tuyen_Quang,21.8233,105.2181,26.8,84,10.4,82,1001.2,1
2021-04-03,Tuyen_Quang,21.8233,105.2181,25.4,89,13.0,98,1005.0,1
2021-04-04,Tuyen_Quang,21.8233,105.2181,24.5,85,13.8,88,1007.7,1
2021-04-05,Tuyen_Quang,21.8233,105.2181,21.8,85,10.9,99,1010.8,1
2021-04-06,Tuyen_Quang,21.8233,105.2181,22.9,83,14.4,90,1010.5,1
2021-04-07,Tuyen_Quang,21.8233,105.2181,23.9,88,11.9,63,1008.2,1
2021-04-08,Tuyen_Quang,21.8233,105.2181,23.9,84,18.4,73,1007.0,1
2021-04-09,Tuyen_Quang,21.8233,105.2181,19.7,83,9.6,98,1010.8,1
2021-04-10,Tuyen_Quang,21.8233,105.2181,20.2,85,6.5,100,1011.9,1
2021-04-11,Tuyen_Quang,21.8233,105.2181,23.1,89,11.4,98,1010.6,1
2021-04-12,Tuyen_Quang,21.8233,105.2181,24.6,86,9.4,97,1008.5,1
2021-04-13,Tuyen_Quang,21.8233,105.2181,24.7,88,10.7,97,1007.0,1
2021-04-14,Tuyen_Quang,21.8233,105.2181,25.0,87,8.3,98,1005.3,1
2021-04-15,Tuyen_Quang,21.8233,105.2181,25.4,89,12.2,91,1004.2,1
2021-04-16,Tuyen_Quang,21.8233,105.2181,24.9,89,15.6,95,1005.8,1
2021-04-17,Tuyen_Quang,21.8233,105.2181,21.4,96,10.0,100,1010.4,1
2021-04-18,Tuyen_Quang,21.8233,105.2181,21.1,92,7.9,100,1008.8,1
2021-04-19,Tuyen_Quang,21.8233,105.2181,23.2,90,8.7,83,1004.1,1
2021-04-20,Tuyen_Quang,21.8233,105.2181,26.4,85,11.9,51,1002.5,1
2021-04-21,Tuyen_Quang,21.8233,105.2181,26.8,86,12.3,62,1003.1,1
2021-04-22,Tuyen_Quang,21.8233,105.2181,27.0,86,10.9,59,1002.8,1
2021-04-23,Tuyen_Quang,21.8233,105.2181,27.7,82,15.7,62,1000.4,1
2021-04-24,Tuyen_Quang,21.8233,105.2181,28.0,83,10.7,67,1000.6,1
2021-04-25,Tuyen_Quang,21.8233,105.2181,26.2,91,10.9,98,1003.6,1
2021-04-26,Tuyen_Quang,21.8233,105.2181,22.7,91,18.2,99,1006.5,1
2021-04-27,Tuyen_Quang,21.8233,105.2181,22.2,85,8.4,99,1009.2,1
2021-04-28,Tuyen_Quang,21.8233,105.2181,21.9,87,11.4,100,1011.0,1
2021-04-29,Tuyen_Quang,21.8233,105.2181,22.5,83,8.5,80,1011.0,1
2021-04-30,Tuyen_Quang,21.8233,105.2181,23.2,82,12.2,64,1007.4,0
2021-05-01,Tuyen_Quang,21.8233,105.2181,24.8,83,9.7,75,1006.9,1
2021-05-02,Tuyen_Quang,21.8233,105.2181,25.7,89,10.9,85,1005.1,1
2021-05-03,Tuyen_Quang,21.8233,105.2181,27.0,87,11.5,46,1002.3,1
2021-05-04,Tuyen_Quang,21.8233,105.2181,27.6,82,13.3,50,1002.6,1
2021-05-05,Tuyen_Quang,21.8233,105.2181,24.5,90,14.6,91,1007.1,1
2021-05-06,Tuyen_Quang,21.8233,105.2181,24.8,84,11.2,100,1008.2,1
2021-05-07,Tuyen_Quang,21.8233,105.2181,26.6,84,8.4,71,1006.6,0
2021-05-08,Tuyen_Quang,21.8233,105.2181,26.8,85,10.5,55,1004.1,0
2021-05-09,Tuyen_Quang,21.8233,105.2181,27.5,84,13.0,61,1001.8,1
2021-05-10,Tuyen_Quang,21.8233,105.2181,28.4,83,11.6,63,1000.2,1
2021-05-11,Tuyen_Quang,21.8233,105.2181,29.1,79,9.4,42,999.0,0
2021-05-12,Tuyen_Quang,21.8233,105.2181,29.0,80,13.9,55,998.9,0
2021-05-13,Tuyen_Quang,21.8233,105.2181,28.1,82,13.1,62,999.7,1
2021-05-14,Tuyen_Quang,21.8233,105.2181,28.0,86,13.0,41,999.2,1
2021-05-15,Tuyen_Quang,21.8233,105.2181,28.9,84,12.0,53,999.7,1
2021-05-16,Tuyen_Quang,21.8233,105.2181,29.7,81,11.8,46,1000.0,1
2021-05-17,Tuyen_Quang,21.8233,105.2181,29.3,83,12.9,48,1001.3,1
2021-05-18,Tuyen_Quang,21.8233,105.2181,29.2,82,13.0,72,1000.9,1
2021-05-19,Tuyen_Quang,21.8233,105.2181,30.3,77,11.4,71,998.4,1
2021-05-20,Tuyen_Quang,21.8233,105.2181,30.4,76,14.1,74,999.0,1
2021-05-21,Tuyen_Quang,21.8233,105.2181,30.8,75,15.5,63,998.3,0
2021-05-22,Tuyen_Quang,21.8233,105.2181,31.7,70,13.7,67,996.5,0
2021-05-23,Tuyen_Quang,21.8233,105.2181,30.2,75,22.2,95,999.3,1
2021-05-24,Tuyen_Quang,21.8233,105.2181,25.1,95,12.6,99,1005.2,1
2021-05-25,Tuyen_Quang,21.8233,105.2181,25.4,85,7.9,88,1004.7,1
2021-05-26,Tuyen_Quang,21.8233,105.2181,27.7,83,13.0,78,1002.1,1
2021-05-27,Tuyen_Quang,21.8233,105.2181,28.0,84,11.3,78,1003.1,1
2021-05-28,Tuyen_Quang,21.8233,105.2181,28.2,85,11.9,90,1003.1,1
2021-05-29,Tuyen_Quang,21.8233,105.2181,29.7,80,12.0,80,1000.4,1
2021-05-30,Tuyen_Quang,21.8233,105.2181,30.3,77,10.7,99,998.4,1
2021-05-31,Tuyen_Quang,21.8233,105.2181,30.8,75,9.4,91,996.6,0
2021-06-01,Tuyen_Quang,21.8233,105.2181,31.9,71,9.7,95,996.4,0
2021-06-02,Tuyen_Quang,21.8233,105.2181,31.5,72,16.3,100,997.3,0
2021-06-03,Tuyen_Quang,21.8233,105.2181,31.6,73,17.5,88,997.5,1
2021-06-04,Tuyen_Quang,21.8233,105.2181,25.7,81,14.0,84,1003.0,1
2021-06-05,Tuyen_Quang,21.8233,105.2181,26.8,76,7.4,82,1001.8,1
2021-06-06,Tuyen_Quang,21.8233,105.2181,27.6,82,8.6,77,999.7,1
2021-06-07,Tuyen_Quang,21.8233,105.2181,27.3,88,12.0,93,1000.6,1
2021-06-08,Tuyen_Quang,21.8233,105.2181,26.6,92,6.9,93,1001.7,1
2021-06-09,Tuyen_Quang,21.8233,105.2181,26.7,91,7.4,97,1000.3,1
2021-06-10,Tuyen_Quang,21.8233,105.2181,26.4,93,4.9,99,999.0,1
2021-06-11,Tuyen_Quang,21.8233,105.2181,26.4,93,7.7,98,999.7,1
2021-06-12,Tuyen_Quang,21.8233,105.2181,27.4,91,10.5,98,999.3,1
2021-06-13,Tuyen_Quang,21.8233,105.2181,26.5,89,19.6,89,998.1,1
2021-06-14,Tuyen_Quang,21.8233,105.2181,27.7,83,12.6,51,996.7,1
2021-06-15,Tuyen_Quang,21.8233,105.2181,28.8,81,10.5,55,994.9,1
2021-06-16,Tuyen_Quang,21.8233,105.2181,29.8,79,9.8,67,996.7,0
2021-06-17,Tuyen_Quang,21.8233,105.2181,30.6,75,10.4,42,998.5,1
2021-06-18,Tuyen_Quang,21.8233,105.2181,31.0,74,10.3,14,998.5,0
2021-06-19,Tuyen_Quang,21.8233,105.2181,31.3,70,10.5,46,996.4,0
2021-06-20,Tuyen_Quang,21.8233,105.2181,31.7,67,9.5,62,994.6,0
2021-06-21,Tuyen_Quang,21.8233,105.2181,32.0,67,13.1,96,995.3,0
2021-06-22,Tuyen_Quang,21.8233,105.2181,29.8,80,10.8,89,999.1,1
2021-06-23,Tuyen_Quang,21.8233,105.2181,28.5,84,6.2,99,999.6,1
2021-06-24,Tuyen_Quang,21.8233,105.2181,27.2,91,9.9,99,998.5,1
2021-06-25,Tuyen_Quang,21.8233,105.2181,27.5,89,10.5,90,998.1,1
2021-06-26,Tuyen_Quang,21.8233,105.2181,28.0,86,10.8,97,998.8,1
2021-06-27,Tuyen_Quang,21.8233,105.2181,30.4,74,10.3,94,997.4,0
2021-06-28,Tuyen_Quang,21.8233,105.2181,30.5,76,8.4,99,995.3,0
2021-06-29,Tuyen_Quang,21.8233,105.2181,29.0,88,9.0,100,995.7,1
2021-06-30,Tuyen_Quang,21.8233,105.2181,29.0,85,7.9,99,996.1,1
2021-07-01,Tuyen_Quang,21.8233,105.2181,29.3,85,7.1,99,996.4,1
2021-07-02,Tuyen_Quang,21.8233,105.2181,30.0,78,8.5,100,997.7,0
2021-07-03,Tuyen_Quang,21.8233,105.2181,27.8,89,8.7,100,998.3,1
2021-07-04,Tuyen_Quang,21.8233,105.2181,29.7,81,9.6,97,998.5,1
2021-07-05,Tuyen_Quang,21.8233,105.2181,27.5,93,10.6,91,1000.1,1
2021-07-06,Tuyen_Quang,21.8233,105.2181,28.2,87,10.2,53,1000.1,1
2021-07-07,Tuyen_Quang,21.8233,105.2181,28.2,89,8.8,63,1000.6,1
2021-07-08,Tuyen_Quang,21.8233,105.2181,26.6,92,16.2,93,1002.1,1
2021-07-09,Tuyen_Quang,21.8233,105.2181,26.7,90,12.0,55,1004.2,1
2021-07-10,Tuyen_Quang,21.8233,105.2181,27.5,85,12.5,59,1004.3,1
2021-07-11,Tuyen_Quang,21.8233,105.2181,28.3,81,13.4,79,1004.7,1
2021-07-12,Tuyen_Quang,21.8233,105.2181,29.0,78,12.7,28,1003.3,1
2021-07-13,Tuyen_Quang,21.8233,105.2181,28.9,83,11.2,34,1001.2,1
2021-07-14,Tuyen_Quang,21.8233,105.2181,28.8,85,12.5,46,1001.0,1
2021-07-15,Tuyen_Quang,21.8233,105.2181,28.9,79,13.1,34,1002.5,1
2021-07-16,Tuyen_Quang,21.8233,105.2181,29.1,79,9.7,57,1003.1,1
2021-07-17,Tuyen_Quang,21.8233,105.2181,29.9,76,8.5,61,999.4,0
2021-07-18,Tuyen_Quang,21.8233,105.2181,27.5,90,7.9,97,997.6,1
2021-07-19,Tuyen_Quang,21.8233,105.2181,26.8,92,7.1,98,998.1,1
2021-07-20,Tuyen_Quang,21.8233,105.2181,26.7,93,8.0,99,998.6,1
2021-07-21,Tuyen_Quang,21.8233,105.2181,27.3,90,6.3,97,997.4,1
2021-07-22,Tuyen_Quang,21.8233,105.2181,27.2,92,8.4,99,995.9,1
2021-07-23,Tuyen_Quang,21.8233,105.2181,26.7,95,8.9,99,994.7,1
2021-07-24,Tuyen_Quang,21.8233,105.2181,28.7,87,8.6,66,994.8,1
2021-07-25,Tuyen_Quang,21.8233,105.2181,28.7,86,7.9,85,995.9,1
2021-07-26,Tuyen_Quang,21.8233,105.2181,28.0,86,7.2,65,995.4,1
2021-07-27,Tuyen_Quang,21.8233,105.2181,29.4,84,6.8,76,993.6,1
2021-07-28,Tuyen_Quang,21.8233,105.2181,28.8,87,14.1,88,993.8,1
2021-07-29,Tuyen_Quang,21.8233,105.2181,28.2,90,8.7,98,995.1,1
2021-07-30,Tuyen_Quang,21.8233,105.2181,29.1,87,13.3,97,995.6,1
2021-07-31,Tuyen_Quang,21.8233,105.2181,28.9,87,12.7,100,994.9,1
2021-08-01,Tuyen_Quang,21.8233,105.2181,25.9,98,5.6,98,995.2,1
2021-08-02,Tuyen_Quang,21.8233,105.2181,28.4,87,8.4,75,994.5,0
2021-08-03,Tuyen_Quang,21.8233,105.2181,30.0,81,7.8,87,995.6,1
2021-08-04,Tuyen_Quang,21.8233,105.2181,30.8,78,7.2,39,995.6,1
2021-08-05,Tuyen_Quang,21.8233,105.2181,31.1,78,8.0,54,994.2,0
2021-08-06,Tuyen_Quang,21.8233,105.2181,31.4,78,8.6,86,994.8,0
2021-08-07,Tuyen_Quang,21.8233,105.2181,31.3,75,11.5,98,995.9,0
2021-08-08,Tuyen_Quang,21.8233,105.2181,30.5,79,6.5,98,997.1,0
2021-08-09,Tuyen_Quang,21.8233,105.2181,29.1,88,8.0,98,997.7,1
2021-08-10,Tuyen_Quang,21.8233,105.2181,27.2,93,9.0,100,997.9,1
2021-08-11,Tuyen_Quang,21.8233,105.2181,26.8,94,10.6,99,1000.0,1
2021-08-12,Tuyen_Quang,21.8233,105.2181,27.8,89,10.1,98,1001.2,1
2021-08-13,Tuyen_Quang,21.8233,105.2181,28.4,86,8.0,96,997.6,1
2021-08-14,Tuyen_Quang,21.8233,105.2181,27.2,94,7.2,100,997.4,1
2021-08-15,Tuyen_Quang,21.8233,105.2181,26.0,96,9.4,100,1001.2,1
2021-08-16,Tuyen_Quang,21.8233,105.2181,26.8,93,8.4,93,1004.7,1
2021-08-17,Tuyen_Quang,21.8233,105.2181,27.5,88,7.4,82,1004.0,1
2021-08-18,Tuyen_Quang,21.8233,105.2181,28.3,83,7.3,74,1001.8,1
2021-08-19,Tuyen_Quang,21.8233,105.2181,27.4,88,12.8,85,1002.1,1
2021-08-20,Tuyen_Quang,21.8233,105.2181,27.5,88,7.6,59,1003.3,1
2021-08-21,Tuyen_Quang,21.8233,105.2181,28.7,87,10.0,79,1002.0,1
2021-08-22,Tuyen_Quang,21.8233,105.2181,29.6,83,9.8,63,999.3,1
2021-08-23,Tuyen_Quang,21.8233,105.2181,28.2,88,12.4,93,998.6,1
2021-08-24,Tuyen_Quang,21.8233,105.2181,27.1,93,12.3,100,999.9,1
2021-08-25,Tuyen_Quang,21.8233,105.2181,27.5,91,10.1,87,1001.2,1
2021-08-26,Tuyen_Quang,21.8233,105.2181,26.9,92,13.0,84,1003.9,1
2021-08-27,Tuyen_Quang,21.8233,105.2181,26.1,91,6.7,79,1005.6,1
2021-08-28,Tuyen_Quang,21.8233,105.2181,25.9,91,8.4,68,1005.3,1
2021-08-29,Tuyen_Quang,21.8233,105.2181,26.5,88,8.7,29,1005.1,1
2021-08-30,Tuyen_Quang,21.8233,105.2181,27.3,84,7.2,50,1005.5,1
2021-08-31,Tuyen_Quang,21.8233,105.2181,27.4,87,10.0,46,1005.3,1
2021-09-01,Tuyen_Quang,21.8233,105.2181,27.5,87,8.1,62,1004.5,1
2021-09-02,Tuyen_Quang,21.8233,105.2181,26.2,94,11.2,87,1003.5,1
2021-09-03,Tuyen_Quang,21.8233,105.2181,27.1,88,8.6,59,1001.2,1
2021-09-04,Tuyen_Quang,21.8233,105.2181,27.2,88,11.2,48,1001.3,1
2021-09-05,Tuyen_Quang,21.8233,105.2181,26.1,91,10.4,58,1004.2,1
2021-09-06,Tuyen_Quang,21.8233,105.2181,27.2,87,6.5,56,1006.3,1
2021-09-07,Tuyen_Quang,21.8233,105.2181,26.8,90,9.4,80,1006.0,1
2021-09-08,Tuyen_Quang,21.8233,105.2181,26.0,93,12.6,92,1004.9,1
2021-09-09,Tuyen_Quang,21.8233,105.2181,26.2,93,8.3,62,1005.7,1
2021-09-10,Tuyen_Quang,21.8233,105.2181,28.2,82,7.9,63,1004.6,0
2021-09-11,Tuyen_Quang,21.8233,105.2181,28.7,80,6.9,44,1001.4,0
2021-09-12,Tuyen_Quang,21.8233,105.2181,29.3,81,5.9,45,998.5,0
2021-09-13,Tuyen_Quang,21.8233,105.2181,28.1,89,10.8,81,1001.9,1
2021-09-14,Tuyen_Quang,21.8233,105.2181,26.4,94,8.0,99,1006.0,1
2021-09-15,Tuyen_Quang,21.8233,105.2181,26.0,93,7.4,92,1007.1,1
2021-09-16,Tuyen_Quang,21.8233,105.2181,26.6,89,9.8,83,1005.6,1
2021-09-17,Tuyen_Quang,21.8233,105.2181,27.0,89,6.8,90,1004.0,1
2021-09-18,Tuyen_Quang,21.8233,105.2181,27.1,90,10.2,69,1004.6,1
2021-09-19,Tuyen_Quang,21.8233,105.2181,27.2,91,9.2,95,1005.0,1
2021-09-20,Tuyen_Quang,21.8233,105.2181,26.2,91,9.4,71,1005.8,1
2021-09-21,Tuyen_Quang,21.8233,105.2181,27.0,87,6.2,14,1004.9,1
2021-09-22,Tuyen_Quang,21.8233,105.2181,26.0,91,8.2,65,1005.0,1
2021-09-23,Tuyen_Quang,21.8233,105.2181,26.0,91,6.4,65,1006.9,1
2021-09-24,Tuyen_Quang,21.8233,105.2181,25.5,94,10.0,89,1007.5,1
2021-09-25,Tuyen_Quang,21.8233,105.2181,25.2,94,8.3,83,1007.3,1
2021-09-26,Tuyen_Quang,21.8233,105.2181,25.7,92,9.1,78,1007.6,1
2021-09-27,Tuyen_Quang,21.8233,105.2181,25.5,92,6.4,47,1007.1,1
2021-09-28,Tuyen_Quang,21.8233,105.2181,26.8,85,5.8,32,1005.4,1
2021-09-29,Tuyen_Quang,21.8233,105.2181,27.3,85,4.9,26,1004.1,1
2021-09-30,Tuyen_Quang,21.8233,105.2181,27.8,85,6.0,39,1004.0,1
2021-10-01,Tuyen_Quang,21.8233,105.2181,26.9,91,6.4,72,1004.4,1
2021-10-02,Tuyen_Quang,21.8233,105.2181,25.9,94,7.7,84,1005.4,1
2021-10-03,Tuyen_Quang,21.8233,105.2181,26.5,83,9.8,59,1005.6,0
2021-10-04,Tuyen_Quang,21.8233,105.2181,26.5,85,6.7,18,1006.8,1
2021-10-05,Tuyen_Quang,21.8233,105.2181,26.8,85,7.3,32,1006.9,1
2021-10-06,Tuyen_Quang,21.8233,105.2181,27.0,87,6.2,28,1003.9,1
2021-10-07,Tuyen_Quang,21.8233,105.2181,27.3,86,10.4,34,1001.7,1
2021-10-08,Tuyen_Quang,21.8233,105.2181,27.5,79,9.8,39,1000.7,1
2021-10-09,Tuyen_Quang,21.8233,105.2181,25.1,80,13.5,99,1000.8,1
2021-10-10,Tuyen_Quang,21.8233,105.2181,23.1,98,14.1,100,1000.2,1
2021-10-11,Tuyen_Quang,21.8233,105.2181,22.5,96,11.2,100,1005.0,1
2021-10-12,Tuyen_Quang,21.8233,105.2181,23.8,70,14.6,38,1005.6,0
2021-10-13,Tuyen_Quang,21.8233,105.2181,23.3,74,20.1,99,1002.6,1
2021-10-14,Tuyen_Quang,21.8233,105.2181,20.8,96,15.6,100,1003.4,1
2021-10-15,Tuyen_Quang,21.8233,105.2181,21.6,96,8.3,100,1007.4,1
2021-10-16,Tuyen_Quang,21.8233,105.2181,21.2,89,11.7,100,1013.0,1
2021-10-17,Tuyen_Quang,21.8233,105.2181,20.3,77,15.1,88,1016.0,1
2021-10-18,Tuyen_Quang,21.8233,105.2181,19.7,89,5.6,100,1014.4,1
2021-10-19,Tuyen_Quang,21.8233,105.2181,22.5,87,12.4,85,1012.6,0
2021-10-20,Tuyen_Quang,21.8233,105.2181,24.5,88,8.9,81,1009.0,1
2021-10-21,Tuyen_Quang,21.8233,105.2181,22.2,82,22.8,98,1011.3,1
2021-10-22,Tuyen_Quang,21.8233,105.2181,19.7,70,11.4,100,1016.6,1
2021-10-23,Tuyen_Quang,21.8233,105.2181,19.3,73,7.9,68,1017.0,0
2021-10-24,Tuyen_Quang,21.8233,105.2181,19.7,77,8.7,51,1016.2,0
2021-10-25,Tuyen_Quang,21.8233,105.2181,20.8,79,7.2,22,1012.9,0
2021-10-26,Tuyen_Quang,21.8233,105.2181,21.4,79,6.5,28,1011.5,0
2021-10-27,Tuyen_Quang,21.8233,105.2181,22.6,80,7.0,29,1012.4,0
2021-10-28,Tuyen_Quang,21.8233,105.2181,21.8,86,4.5,96,1013.3,1
2021-10-29,Tuyen_Quang,21.8233,105.2181,22.4,91,9.7,91,1013.5,1
2021-10-30,Tuyen_Quang,21.8233,105.2181,21.1,87,7.3,99,1014.5,1
2021-10-31,Tuyen_Quang,21.8233,105.2181,20.9,90,5.8,100,1013.3,1
2021-11-01,Tuyen_Quang,21.8233,105.2181,21.3,89,8.4,100,1013.2,1
2021-11-02,Tuyen_Quang,21.8233,105.2181,21.7,87,7.6,100,1013.1,1
2021-11-03,Tuyen_Quang,21.8233,105.2181,22.2,87,7.8,90,1011.1,1
2021-11-04,Tuyen_Quang,21.8233,105.2181,24.1,86,11.2,70,1008.1,1
2021-11-05,Tuyen_Quang,21.8233,105.2181,24.8,87,9.7,59,1005.3,1
2021-11-06,Tuyen_Quang,21.8233,105.2181,25.0,88,7.3,76,1003.3,1
2021-11-07,Tuyen_Quang,21.8233,105.2181,24.6,90,8.9,78,1007.1,1
2021-11-08,Tuyen_Quang,21.8233,105.2181,18.7,69,11.3,67,1016.5,1
2021-11-09,Tuyen_Quang,21.8233,105.2181,18.1,76,8.7,57,1016.3,0
2021-11-10,Tuyen_Quang,21.8233,105.2181,18.5,69,8.3,54,1015.9,0
2021-11-11,Tuyen_Quang,21.8233,105.2181,18.5,75,6.2,59,1013.1,0
2021-11-12,Tuyen_Quang,21.8233,105.2181,19.9,73,9.7,91,1015.3,0
2021-11-13,Tuyen_Quang,21.8233,105.2181,19.5,69,7.0,87,1015.2,0
2021-11-14,Tuyen_Quang,21.8233,105.2181,19.4,71,11.0,77,1013.6,0
2021-11-15,Tuyen_Quang,21.8233,105.2181,19.6,84,7.4,80,1011.6,1
2021-11-16,Tuyen_Quang,21.8233,105.2181,20.2,87,7.2,97,1011.4,1
2021-11-17,Tuyen_Quang,21.8233,105.2181,20.3,89,11.0,97,1013.4,1
2021-11-18,Tuyen_Quang,21.8233,105.2181,19.1,83,6.6,87,1011.4,0
2021-11-19,Tuyen_Quang,21.8233,105.2181,19.5,85,8.2,84,1006.4,1
2021-11-20,Tuyen_Quang,21.8233,105.2181,22.1,89,7.6,94,1005.0,1
2021-11-21,Tuyen_Quang,21.8233,105.2181,23.7,89,12.6,73,1007.7,1
2021-11-22,Tuyen_Quang,21.8233,105.2181,18.6,82,10.9,100,1014.8,1
2021-11-23,Tuyen_Quang,21.8233,105.2181,17.0,63,8.7,98,1017.9,0
2021-11-24,Tuyen_Quang,21.8233,105.2181,16.1,76,9.7,86,1017.7,0
2021-11-25,Tuyen_Quang,21.8233,105.2181,16.3,85,6.4,52,1015.4,1
2021-11-26,Tuyen_Quang,21.8233,105.2181,18.4,82,8.7,42,1015.1,0
2021-11-27,Tuyen_Quang,21.8233,105.2181,19.2,72,8.6,61,1016.0,0
2021-11-28,Tuyen_Quang,21.8233,105.2181,18.2,78,7.8,10,1015.5,0
2021-11-29,Tuyen_Quang,21.8233,105.2181,19.2,78,5.0,58,1014.2,0
2021-11-30,Tuyen_Quang,21.8233,105.2181,19.7,68,13.4,86,1017.1,0
2021-12-01,Tuyen_Quang,21.8233,105.2181,16.9,64,8.3,63,1017.9,0
2021-12-02,Tuyen_Quang,21.8233,105.2181,15.3,68,7.8,48,1018.4,0
2021-12-03,Tuyen_Quang,21.8233,105.2181,15.4,73,8.4,58,1018.1,0
2021-12-04,Tuyen_Quang,21.8233,105.2181,16.1,73,7.4,50,1017.5,0
2021-12-05,Tuyen_Quang,21.8233,105.2181,16.6,73,7.5,18,1017.2,0
2021-12-06,Tuyen_Quang,21.8233,105.2181,16.9,71,7.2,0,1016.4,0
2021-12-07,Tuyen_Quang,21.8233,105.2181,16.4,64,10.4,1,1016.1,0
2021-12-08,Tuyen_Quang,21.8233,105.2181,17.2,67,7.1,18,1017.1,0
2021-12-09,Tuyen_Quang,21.8233,105.2181,17.9,81,5.1,79,1018.2,0
2021-12-10,Tuyen_Quang,21.8233,105.2181,18.5,83,11.9,67,1015.1,0
2021-12-11,Tuyen_Quang,21.8233,105.2181,19.8,82,8.0,85,1015.3,1
2021-12-12,Tuyen_Quang,21.8233,105.2181,18.9,81,11.3,75,1018.1,1
2021-12-13,Tuyen_Quang,21.8233,105.2181,17.3,69,7.3,66,1018.1,0
2021-12-14,Tuyen_Quang,21.8233,105.2181,16.1,80,10.0,35,1013.6,0
2021-12-15,Tuyen_Quang,21.8233,105.2181,16.6,87,8.4,61,1010.4,0
2021-12-16,Tuyen_Quang,21.8233,105.2181,18.7,84,6.8,85,1011.3,1
2021-12-17,Tuyen_Quang,21.8233,105.2181,19.6,70,11.7,80,1015.8,1
2021-12-18,Tuyen_Quang,21.8233,105.2181,17.1,56,11.1,55,1018.6,0
2021-12-19,Tuyen_Quang,21.8233,105.2181,16.3,59,8.9,37,1017.8,0
2021-12-20,Tuyen_Quang,21.8233,105.2181,16.8,66,10.5,44,1013.4,0
2021-12-21,Tuyen_Quang,21.8233,105.2181,16.5,72,7.2,2,1013.2,0
2021-12-22,Tuyen_Quang,21.8233,105.2181,17.1,75,8.3,4,1012.4,0
2021-12-23,Tuyen_Quang,21.8233,105.2181,17.3,78,7.6,5,1011.0,0
2021-12-24,Tuyen_Quang,21.8233,105.2181,17.2,86,7.0,59,1011.9,1
2021-12-25,Tuyen_Quang,21.8233,105.2181,18.8,84,14.8,79,1014.6,1
2021-12-26,Tuyen_Quang,21.8233,105.2181,15.4,84,17.6,100,1018.6,1
2021-12-27,Tuyen_Quang,21.8233,105.2181,12.1,65,11.9,100,1022.9,1
2021-12-28,Tuyen_Quang,21.8233,105.2181,12.4,70,7.9,77,1020.5,0
2021-12-29,Tuyen_Quang,21.8233,105.2181,14.2,78,7.1,93,1020.0,0
2021-12-30,Tuyen_Quang,21.8233,105.2181,15.5,71,8.5,100,1021.5,0
2021-12-31,Tuyen_Quang,21.8233,105.2181,15.5,73,6.2,90,1020.6,0
2022-01-01,Tuyen_Quang,21.8233,105.2181,15.8,80,7.6,100,1020.0,1
2022-01-02,Tuyen_Quang,21.8233,105.2181,16.4,76,8.5,71,1018.2,0
2022-01-03,Tuyen_Quang,21.8233,105.2181,16.7,82,7.1,65,1015.5,0
2022-01-04,Tuyen_Quang,21.8233,105.2181,17.6,84,8.5,74,1013.2,1
2022-01-05,Tuyen_Quang,21.8233,105.2181,17.7,90,5.8,73,1011.8,1
2022-01-06,Tuyen_Quang,21.8233,105.2181,18.7,90,8.0,73,1012.7,1
2022-01-07,Tuyen_Quang,21.8233,105.2181,18.8,89,15.1,91,1014.5,1
2022-01-08,Tuyen_Quang,21.8233,105.2181,17.8,82,12.4,100,1013.8,1
2022-01-09,Tuyen_Quang,21.8233,105.2181,14.8,82,11.6,100,1013.9,1
2022-01-10,Tuyen_Quang,21.8233,105.2181,15.9,83,8.4,100,1012.9,1
2022-01-11,Tuyen_Quang,21.8233,105.2181,16.1,72,7.6,86,1016.8,0
2022-01-12,Tuyen_Quang,21.8233,105.2181,15.4,77,7.7,97,1014.9,0
2022-01-13,Tuyen_Quang,21.8233,105.2181,15.2,80,9.4,100,1016.8,1
2022-01-14,Tuyen_Quang,21.8233,105.2181,16.2,82,7.3,100,1014.1,0
2022-01-15,Tuyen_Quang,21.8233,105.2181,18.0,87,6.1,100,1012.7,0
2022-01-16,Tuyen_Quang,21.8233,105.2181,17.4,94,16.2,100,1013.4,1
2022-01-17,Tuyen_Quang,21.8233,105.2181,13.6,97,10.9,98,1017.6,1
2022-01-18,Tuyen_Quang,21.8233,105.2181,15.7,81,7.2,39,1017.4,1
2022-01-19,Tuyen_Quang,21.8233,105.2181,15.0,79,7.6,76,1014.9,1
2022-01-20,Tuyen_Quang,21.8233,105.2181,15.3,87,10.2,81,1012.1,1
2022-01-21,Tuyen_Quang,21.8233,105.2181,15.7,95,6.8,99,1010.8,1
2022-01-22,Tuyen_Quang,21.8233,105.2181,17.1,92,5.5,86,1007.0,1
2022-01-23,Tuyen_Quang,21.8233,105.2181,19.3,87,6.2,64,1006.4,0
2022-01-24,Tuyen_Quang,21.8233,105.2181,20.4,88,9.8,63,1007.3,1
2022-01-25,Tuyen_Quang,21.8233,105.2181,19.7,87,17.1,96,1009.1,1
2022-01-26,Tuyen_Quang,21.8233,105.2181,20.4,86,14.8,87,1009.1,1
2022-01-27,Tuyen_Quang,21.8233,105.2181,21.4,86,10.4,64,1009.0,1
2022-01-28,Tuyen_Quang,21.8233,105.2181,21.7,83,17.0,75,1008.2,1
2022-01-29,Tuyen_Quang,21.8233,105.2181,15.8,81,17.6,99,1009.3,1
2022-01-30,Tuyen_Quang,21.8233,105.2181,12.7,72,10.6,100,1013.0,1
2022-01-31,Tuyen_Quang,21.8233,105.2181,12.0,83,8.7,100,1014.6,1
2022-02-01,Tuyen_Quang,21.8233,105.2181,12.5,72,8.5,100,1014.8,0
2022-02-02,Tuyen_Quang,21.8233,105.2181,12.3,75,8.9,99,1015.7,1
2022-02-03,Tuyen_Quang,21.8233,105.2181,12.6,73,8.0,76,1016.2,0
2022-02-04,Tuyen_Quang,21.8233,105.2181,13.4,73,9.8,93,1018.1,0
2022-02-05,Tuyen_Quang,21.8233,105.2181,13.9,72,7.9,99,1018.1,1
2022-02-06,Tuyen_Quang,21.8233,105.2181,13.2,91,7.4,100,1014.6,1
2022-02-07,Tuyen_Quang,21.8233,105.2181,16.2,88,9.1,82,1010.6,1
2022-02-08,Tuyen_Quang,21.8233,105.2181,16.3,83,11.9,100,1011.3,1
2022-02-09,Tuyen_Quang,21.8233,105.2181,13.8,79,10.4,100,1014.0,1
2022-02-10,Tuyen_Quang,21.8233,105.2181,14.3,84,6.3,100,1011.8,1
2022-02-11,Tuyen_Quang,21.8233,105.2181,16.9,88,7.2,100,1010.6,1
2022-02-12,Tuyen_Quang,21.8233,105.2181,15.5,92,10.1,100,1010.0,1
2022-02-13,Tuyen_Quang,21.8233,105.2181,14.4,88,9.5,100,1010.7,1
2022-02-14,Tuyen_Quang,21.8233,105.2181,14.4,78,9.2,65,1013.3,0
2022-02-15,Tuyen_Quang,21.8233,105.2181,14.3,88,5.4,76,1012.2,1
2022-02-16,Tuyen_Quang,21.8233,105.2181,16.8,88,6.7,100,1008.2,0
2022-02-17,Tuyen_Quang,21.8233,105.2181,19.1,89,8.6,95,1005.2,1
2022-02-18,Tuyen_Quang,21.8233,105.2181,20.7,93,18.9,99,1005.4,1
2022-02-19,Tuyen_Quang,21.8233,105.2181,12.5,94,15.8,100,1013.0,1
2022-02-20,Tuyen_Quang,21.8233,105.2181,9.3,95,8.0,100,1018.6,1
2022-02-21,Tuyen_Quang,21.8233,105.2181,9.7,79,7.9,100,1019.6,1
2022-02-22,Tuyen_Quang,21.8233,105.2181,11.1,68,6.5,99,1020.7,0
2022-02-23,Tuyen_Quang,21.8233,105.2181,11.2,69,8.7,32,1022.4,0
2022-02-24,Tuyen_Quang,21.8233,105.2181,11.8,69,8.2,47,1022.3,0
2022-02-25,Tuyen_Quang,21.8233,105.2181,12.9,76,9.2,30,1019.4,0
2022-02-26,Tuyen_Quang,21.8233,105.2181,14.7,79,6.0,46,1017.7,0
2022-02-27,Tuyen_Quang,21.8233,105.2181,16.5,81,8.8,73,1014.2,0
2022-02-28,Tuyen_Quang,21.8233,105.2181,16.0,88,8.6,76,1011.4,0
2022-03-01,Tuyen_Quang,21.8233,105.2181,18.9,89,9.2,98,1012.0,1
2022-03-02,Tuyen_Quang,21.8233,105.2181,20.1,88,7.3,75,1012.1,1
2022-03-03,Tuyen_Quang,21.8233,105.2181,20.1,86,12.4,56,1009.4,0
2022-03-04,Tuyen_Quang,21.8233,105.2181,20.9,88,7.6,98,1008.0,1
2022-03-05,Tuyen_Quang,21.8233,105.2181,21.4,90,9.4,100,1006.9,1
2022-03-06,Tuyen_Quang,21.8233,105.2181,22.2,90,10.0,100,1007.0,1
2022-03-07,Tuyen_Quang,21.8233,105.2181,21.5,83,8.8,64,1013.4,1
2022-03-08,Tuyen_Quang,21.8233,105.2181,19.0,76,14.3,5,1010.9,0
2022-03-09,Tuyen_Quang,21.8233,105.2181,18.0,83,9.8,85,1009.2,1
2022-03-10,Tuyen_Quang,21.8233,105.2181,19.6,86,10.5,100,1009.2,1
2022-03-11,Tuyen_Quang,21.8233,105.2181,20.9,84,9.0,100,1007.6,1
2022-03-12,Tuyen_Quang,21.8233,105.2181,21.2,88,9.7,100,1006.2,1
2022-03-13,Tuyen_Quang,21.8233,105.2181,21.9,88,11.8,100,1006.3,1
2022-03-14,Tuyen_Quang,21.8233,105.2181,22.0,90,9.6,100,1006.4,1
2022-03-15,Tuyen_Quang,21.8233,105.2181,23.4,85,9.9,94,1005.5,1
2022-03-16,Tuyen_Quang,21.8233,105.2181,22.6,90,14.1,93,1003.0,1
2022-03-17,Tuyen_Quang,21.8233,105.2181,23.4,87,9.1,91,1003.0,1
2022-03-18,Tuyen_Quang,21.8233,105.2181,24.5,87,9.9,69,1003.8,1
2022-03-19,Tuyen_Quang,21.8233,105.2181,24.1,87,11.7,87,1001.8,1
2022-03-20,Tuyen_Quang,21.8233,105.2181,25.1,84,12.5,73,1001.4,1
2022-03-21,Tuyen_Quang,21.8233,105.2181,25.4,86,12.2,70,1002.8,1
2022-03-22,Tuyen_Quang,21.8233,105.2181,26.0,84,14.0,88,1004.4,1
2022-03-23,Tuyen_Quang,21.8233,105.2181,19.0,86,18.1,100,1009.5,1
2022-03-24,Tuyen_Quang,21.8233,105.2181,19.0,86,10.3,100,1006.0,1
2022-03-25,Tuyen_Quang,21.8233,105.2181,22.5,86,8.4,72,1002.6,1
2022-03-26,Tuyen_Quang,21.8233,105.2181,26.6,83,16.0,44,1002.7,0
2022-03-27,Tuyen_Quang,21.8233,105.2181,21.7,78,13.3,97,1009.6,1
2022-03-28,Tuyen_Quang,21.8233,105.2181,19.7,73,8.2,70,1011.8,1
2022-03-29,Tuyen_Quang,21.8233,105.2181,19.4,81,11.0,76,1009.9,1
2022-03-30,Tuyen_Quang,21.8233,105.2181,21.7,87,7.9,92,1009.0,1
2022-03-31,Tuyen_Quang,21.8233,105.2181,23.5,84,13.0,90,1010.6,1
2022-04-01,Tuyen_Quang,21.8233,105.2181,19.1,76,14.9,100,1017.5,1
2022-04-02,Tuyen_Quang,21.8233,105.2181,17.5,62,15.2,86,1020.8,0
2022-04-03,Tuyen_Quang,21.8233,105.2181,17.5,69,7.9,0,1017.7,0
2022-04-04,Tuyen_Quang,21.8233,105.2181,18.0,71,12.4,13,1016.4,0
2022-04-05,Tuyen_Quang,21.8233,105.2181,19.2,72,12.4,28,1015.4,0
2022-04-06,Tuyen_Quang,21.8233,105.2181,21.7,77,6.5,42,1013.7,1
2022-04-07,Tuyen_Quang,21.8233,105.2181,23.5,69,8.4,48,1012.4,0
2022-04-08,Tuyen_Quang,21.8233,105.2181,22.0,71,12.5,2,1010.3,0
2022-04-09,Tuyen_Quang,21.8233,105.2181,22.2,71,13.1,2,1007.3,0
2022-04-10,Tuyen_Quang,21.8233,105.2181,22.0,74,14.1,31,1006.1,0
2022-04-11,Tuyen_Quang,21.8233,105.2181,22.9,82,9.2,69,1005.0,1
2022-04-12,Tuyen_Quang,21.8233,105.2181,23.9,84,8.9,76,1001.8,1
2022-04-13,Tuyen_Quang,21.8233,105.2181,24.8,84,6.2,60,1002.4,1
2022-04-14,Tuyen_Quang,21.8233,105.2181,25.9,78,15.5,57,1001.9,0
2022-04-15,Tuyen_Quang,21.8233,105.2181,25.5,84,13.0,97,1002.6,1
2022-04-16,Tuyen_Quang,21.8233,105.2181,22.9,86,14.8,100,1005.0,1
2022-04-17,Tuyen_Quang,21.8233,105.2181,18.9,81,9.6,100,1009.7,1
2022-04-18,Tuyen_Quang,21.8233,105.2181,18.5,87,9.8,97,1013.3,1
2022-04-19,Tuyen_Quang,21.8233,105.2181,20.2,80,6.7,65,1013.0,1
2022-04-20,Tuyen_Quang,21.8233,105.2181,20.7,79,12.8,79,1010.1,0
2022-04-21,Tuyen_Quang,21.8233,105.2181,20.5,88,7.9,83,1007.0,1
2022-04-22,Tuyen_Quang,21.8233,105.2181,24.1,85,10.1,78,1003.9,1
2022-04-23,Tuyen_Quang,21.8233,105.2181,25.5,87,10.2,59,1002.7,1
2022-04-24,Tuyen_Quang,21.8233,105.2181,26.9,84,9.3,55,999.5,1
2022-04-25,Tuyen_Quang,21.8233,105.2181,27.7,83,8.6,38,998.7,1
2022-04-26,Tuyen_Quang,21.8233,105.2181,28.6,81,10.8,15,998.4,0
2022-04-27,Tuyen_Quang,21.8233,105.2181,28.2,81,11.6,45,1000.1,1
2022-04-28,Tuyen_Quang,21.8233,105.2181,28.0,84,11.4,63,1001.9,1
2022-04-29,Tuyen_Quang,21.8233,105.2181,26.7,86,11.2,84,1004.0,1
2022-04-30,Tuyen_Quang,21.8233,105.2181,26.3,88,18.4,95,1004.4,1
2022-05-01,Tuyen_Quang,21.8233,105.2181,21.9,72,15.9,91,1009.4,1
2022-05-02,Tuyen_Quang,21.8233,105.2181,21.3,66,13.7,54,1011.9,0
2022-05-03,Tuyen_Quang,21.8233,105.2181,22.4,67,8.5,34,1011.7,0
2022-05-04,Tuyen_Quang,21.8233,105.2181,22.7,71,11.2,46,1009.5,0
2022-05-05,Tuyen_Quang,21.8233,105.2181,23.6,73,8.7,65,1006.9,0
2022-05-06,Tuyen_Quang,21.8233,105.2181,23.5,81,13.6,67,1006.3,1
2022-05-07,Tuyen_Quang,21.8233,105.2181,24.8,82,9.5,74,1006.0,1
2022-05-08,Tuyen_Quang,21.8233,105.2181,25.8,84,12.0,80,1005.2,1
2022-05-09,Tuyen_Quang,21.8233,105.2181,25.7,88,13.0,94,1004.2,1
2022-05-10,Tuyen_Quang,21.8233,105.2181,27.1,85,11.0,78,1001.6,1
2022-05-11,Tuyen_Quang,21.8233,105.2181,26.9,86,13.3,91,999.6,1
2022-05-12,Tuyen_Quang,21.8233,105.2181,26.5,87,11.4,92,999.4,1
2022-05-13,Tuyen_Quang,21.8233,105.2181,25.9,85,12.0,94,999.5,1
2022-05-14,Tuyen_Quang,21.8233,105.2181,25.2,82,8.0,100,1002.4,0
2022-05-15,Tuyen_Quang,21.8233,105.2181,24.1,86,8.9,100,1005.3,1
2022-05-16,Tuyen_Quang,21.8233,105.2181,21.6,86,10.4,100,1009.6,1
2022-05-17,Tuyen_Quang,21.8233,105.2181,22.8,76,8.6,89,1008.7,0
2022-05-18,Tuyen_Quang,21.8233,105.2181,23.4,76,13.3,99,1007.6,0
2022-05-19,Tuyen_Quang,21.8233,105.2181,24.7,81,8.6,83,1006.0,1
2022-05-20,Tuyen_Quang,21.8233,105.2181,25.4,89,10.4,100,1004.0,1
2022-05-21,Tuyen_Quang,21.8233,105.2181,24.1,90,13.7,100,1001.8,1
2022-05-22,Tuyen_Quang,21.8233,105.2181,22.7,97,12.1,100,998.2,1
2022-05-23,Tuyen_Quang,21.8233,105.2181,23.7,98,16.6,100,998.1,1
2022-05-24,Tuyen_Quang,21.8233,105.2181,23.6,96,9.2,100,1002.2,1
2022-05-25,Tuyen_Quang,21.8233,105.2181,26.7,84,9.1,97,1000.8,1
2022-05-26,Tuyen_Quang,21.8233,105.2181,27.3,87,8.6,99,997.5,1
2022-05-27,Tuyen_Quang,21.8233,105.2181,26.3,90,9.4,100,996.3,1
2022-05-28,Tuyen_Quang,21.8233,105.2181,25.9,93,9.9,100,996.5,1
2022-05-29,Tuyen_Quang,21.8233,105.2181,26.1,92,11.0,100,997.4,1
2022-05-30,Tuyen_Quang,21.8233,105.2181,25.9,93,8.3,100,999.2,1
2022-05-31,Tuyen_Quang,21.8233,105.2181,26.2,89,7.9,99,1000.0,1
2022-06-01,Tuyen_Quang,21.8233,105.2181,27.0,88,11.2,93,999.1,1
2022-06-02,Tuyen_Quang,21.8233,105.2181,28.1,85,15.0,100,996.8,1
2022-06-03,Tuyen_Quang,21.8233,105.2181,28.9,81,10.9,100,995.5,1
2022-06-04,Tuyen_Quang,21.8233,105.2181,30.0,76,8.0,100,995.6,0
2022-06-05,Tuyen_Quang,21.8233,105.2181,28.6,84,12.1,100,996.3,1
2022-06-06,Tuyen_Quang,21.8233,105.2181,25.5,94,12.6,94,998.9,1
2022-06-07,Tuyen_Quang,21.8233,105.2181,26.3,91,7.4,100,999.3,1
2022-06-08,Tuyen_Quang,21.8233,105.2181,26.8,88,6.7,100,999.0,1
2022-06-09,Tuyen_Quang,21.8233,105.2181,27.0,91,7.1,100,998.3,1
2022-06-10,Tuyen_Quang,21.8233,105.2181,27.9,87,8.9,100,997.3,1
2022-06-11,Tuyen_Quang,21.8233,105.2181,25.7,96,9.7,100,999.3,1
2022-06-12,Tuyen_Quang,21.8233,105.2181,27.9,87,7.6,100,999.1,1
2022-06-13,Tuyen_Quang,21.8233,105.2181,28.1,87,9.4,100,999.4,1
2022-06-14,Tuyen_Quang,21.8233,105.2181,25.2,96,6.1,100,1002.8,1
2022-06-15,Tuyen_Quang,21.8233,105.2181,26.6,85,7.0,95,1002.9,1
2022-06-16,Tuyen_Quang,21.8233,105.2181,27.2,85,10.9,98,1001.1,1
2022-06-17,Tuyen_Quang,21.8233,105.2181,28.9,79,9.4,97,998.0,0
2022-06-18,Tuyen_Quang,21.8233,105.2181,29.1,75,11.0,100,995.7,0
2022-06-19,Tuyen_Quang,21.8233,105.2181,29.7,73,9.4,100,994.7,0
2022-06-20,Tuyen_Quang,21.8233,105.2181,30.1,75,8.3,100,993.7,0
2022-06-21,Tuyen_Quang,21.8233,105.2181,30.3,75,10.8,100,994.5,0
2022-06-22,Tuyen_Quang,21.8233,105.2181,28.8,83,9.7,100,999.3,1
2022-06-23,Tuyen_Quang,21.8233,105.2181,27.4,87,10.4,97,1002.6,1
2022-06-24,Tuyen_Quang,21.8233,105.2181,27.2,88,8.7,90,1002.0,1
2022-06-25,Tuyen_Quang,21.8233,105.2181,28.3,82,12.0,59,1000.4,1
2022-06-26,Tuyen_Quang,21.8233,105.2181,28.4,83,14.4,57,1000.9,1
2022-06-27,Tuyen_Quang,21.8233,105.2181,29.6,79,9.8,99,999.1,1
2022-06-28,Tuyen_Quang,21.8233,105.2181,29.8,80,7.1,98,996.9,0
2022-06-29,Tuyen_Quang,21.8233,105.2181,27.8,87,11.9,100,996.1,1
2022-06-30,Tuyen_Quang,21.8233,105.2181,26.2,93,7.5,100,997.4,1
2022-07-01,Tuyen_Quang,21.8233,105.2181,26.8,91,10.5,99,997.5,1
2022-07-02,Tuyen_Quang,21.8233,105.2181,29.5,81,10.1,77,993.5,1
2022-07-03,Tuyen_Quang,21.8233,105.2181,29.6,83,8.4,100,993.3,1
2022-07-04,Tuyen_Quang,21.8233,105.2181,29.6,85,14.8,100,993.9,1
2022-07-05,Tuyen_Quang,21.8233,105.2181,28.7,89,11.5,99,996.2,1
2022-07-06,Tuyen_Quang,21.8233,105.2181,27.6,89,8.4,97,998.5,1
2022-07-07,Tuyen_Quang,21.8233,105.2181,26.9,89,10.2,89,998.8,1
2022-07-08,Tuyen_Quang,21.8233,105.2181,26.1,91,6.5,100,1000.1,1
2022-07-09,Tuyen_Quang,21.8233,105.2181,26.5,90,10.5,95,1000.0,1
2022-07-10,Tuyen_Quang,21.8233,105.2181,27.1,89,11.5,72,1000.6,1
2022-07-11,Tuyen_Quang,21.8233,105.2181,27.7,89,10.8,79,1000.8,1
2022-07-12,Tuyen_Quang,21.8233,105.2181,27.3,89,10.0,54,1000.6,1
2022-07-13,Tuyen_Quang,21.8233,105.2181,27.3,89,8.4,49,1000.0,1
2022-07-14,Tuyen_Quang,21.8233,105.2181,27.2,89,9.9,58,1000.1,1
2022-07-15,Tuyen_Quang,21.8233,105.2181,27.8,88,8.5,85,1000.3,1
2022-07-16,Tuyen_Quang,21.8233,105.2181,29.4,81,11.4,71,999.4,1
2022-07-17,Tuyen_Quang,21.8233,105.2181,30.6,79,12.7,98,997.9,0
2022-07-18,Tuyen_Quang,21.8233,105.2181,30.7,79,15.0,100,995.8,1
2022-07-19,Tuyen_Quang,21.8233,105.2181,28.4,84,9.1,100,997.3,1
2022-07-20,Tuyen_Quang,21.8233,105.2181,26.8,91,10.7,99,1001.9,1
2022-07-21,Tuyen_Quang,21.8233,105.2181,25.7,93,12.8,95,1004.9,1
2022-07-22,Tuyen_Quang,21.8233,105.2181,26.0,91,13.2,79,1006.3,1
2022-07-23,Tuyen_Quang,21.8233,105.2181,27.4,85,13.6,40,1004.6,1
2022-07-24,Tuyen_Quang,21.8233,105.2181,28.5,83,9.4,10,1002.6,1
2022-07-25,Tuyen_Quang,21.8233,105.2181,29.2,80,9.4,8,1002.8,0
2022-07-26,Tuyen_Quang,21.8233,105.2181,29.1,79,9.7,18,1002.1,0
2022-07-27,Tuyen_Quang,21.8233,105.2181,29.1,80,10.7,26,1001.6,1
2022-07-28,Tuyen_Quang,21.8233,105.2181,29.2,81,8.6,85,1001.6,1
2022-07-29,Tuyen_Quang,21.8233,105.2181,28.9,85,8.4,100,1000.7,1
2022-07-30,Tuyen_Quang,21.8233,105.2181,27.5,89,10.2,97,999.7,1
2022-07-31,Tuyen_Quang,21.8233,105.2181,26.6,88,13.8,96,999.2,1
2022-08-01,Tuyen_Quang,21.8233,105.2181,26.7,91,9.1,78,1000.3,1
2022-08-02,Tuyen_Quang,21.8233,105.2181,27.6,88,8.0,57,1001.9,1
2022-08-03,Tuyen_Quang,21.8233,105.2181,28.5,82,9.4,50,1001.6,1
2022-08-04,Tuyen_Quang,21.8233,105.2181,28.9,84,8.7,91,999.3,1
2022-08-05,Tuyen_Quang,21.8233,105.2181,26.4,92,11.7,100,998.8,1
2022-08-06,Tuyen_Quang,21.8233,105.2181,25.3,94,9.7,99,999.8,1
2022-08-07,Tuyen_Quang,21.8233,105.2181,25.3,95,11.8,100,1001.4,1
2022-08-08,Tuyen_Quang,21.8233,105.2181,26.9,88,8.8,78,1001.1,1
2022-08-09,Tuyen_Quang,21.8233,105.2181,27.0,88,9.6,64,999.4,1
2022-08-10,Tuyen_Quang,21.8233,105.2181,27.4,91,14.9,82,997.2,1
2022-08-11,Tuyen_Quang,21.8233,105.2181,25.0,97,20.7,100,996.3,1
2022-08-12,Tuyen_Quang,21.8233,105.2181,25.0,92,12.0,100,1001.9,1
2022-08-13,Tuyen_Quang,21.8233,105.2181,26.2,92,5.9,100,1001.9,1
2022-08-14,Tuyen_Quang,21.8233,105.2181,27.4,89,7.6,67,1001.0,1
2022-08-15,Tuyen_Quang,21.8233,105.2181,27.8,88,9.7,67,1000.2,1
2022-08-16,Tuyen_Quang,21.8233,105.2181,28.1,86,9.0,79,1000.1,1
2022-08-17,Tuyen_Quang,21.8233,105.2181,28.2,85,9.2,92,1000.0,1
2022-08-18,Tuyen_Quang,21.8233,105.2181,28.7,81,8.7,56,999.2,1
2022-08-19,Tuyen_Quang,21.8233,105.2181,29.0,85,9.6,78,998.7,1
2022-08-20,Tuyen_Quang,21.8233,105.2181,26.5,92,12.6,99,998.9,1
2022-08-21,Tuyen_Quang,21.8233,105.2181,25.6,94,14.4,95,999.0,1
2022-08-22,Tuyen_Quang,21.8233,105.2181,27.4,87,8.7,80,1000.7,1
2022-08-23,Tuyen_Quang,21.8233,105.2181,28.4,87,6.2,57,1001.1,1
2022-08-24,Tuyen_Quang,21.8233,105.2181,28.5,86,9.5,84,999.9,1
2022-08-25,Tuyen_Quang,21.8233,105.2181,28.0,90,10.7,100,996.0,1
2022-08-26,Tuyen_Quang,21.8233,105.2181,25.6,94,21.1,100,998.4,1
2022-08-27,Tuyen_Quang,21.8233,105.2181,27.2,87,9.2,89,1003.0,1
2022-08-28,Tuyen_Quang,21.8233,105.2181,27.9,86,12.2,85,1002.9,1
2022-08-29,Tuyen_Quang,21.8233,105.2181,28.9,84,11.3,54,1004.2,1
2022-08-30,Tuyen_Quang,21.8233,105.2181,28.2,85,8.4,84,1004.2,1
2022-08-31,Tuyen_Quang,21.8233,105.2181,28.4,85,19.8,98,1002.8,1
2022-09-01,Tuyen_Quang,21.8233,105.2181,25.9,94,10.5,90,1005.6,1
2022-09-02,Tuyen_Quang,21.8233,105.2181,27.6,87,10.6,88,1004.4,1
2022-09-03,Tuyen_Quang,21.8233,105.2181,28.0,83,10.4,98,1001.8,1
2022-09-04,Tuyen_Quang,21.8233,105.2181,25.6,93,10.2,100,1003.7,1
2022-09-05,Tuyen_Quang,21.8233,105.2181,27.6,75,9.3,67,1003.8,0
2022-09-06,Tuyen_Quang,21.8233,105.2181,27.6,71,8.7,73,1004.2,0
2022-09-07,Tuyen_Quang,21.8233,105.2181,27.7,76,10.7,81,1006.8,1
2022-09-08,Tuyen_Quang,21.8233,105.2181,24.5,96,7.7,100,1008.8,1
2022-09-09,Tuyen_Quang,21.8233,105.2181,24.6,94,8.4,100,1009.2,1
2022-09-10,Tuyen_Quang,21.8233,105.2181,25.8,89,8.6,97,1007.8,1
2022-09-11,Tuyen_Quang,21.8233,105.2181,26.0,89,10.1,90,1006.1,1
2022-09-12,Tuyen_Quang,21.8233,105.2181,25.7,90,7.9,77,1005.1,1
2022-09-13,Tuyen_Quang,21.8233,105.2181,26.8,87,8.2,74,1005.1,1
2022-09-14,Tuyen_Quang,21.8233,105.2181,27.1,87,9.1,66,1004.6,1
2022-09-15,Tuyen_Quang,21.8233,105.2181,27.1,87,11.0,61,1001.9,1
2022-09-16,Tuyen_Quang,21.8233,105.2181,25.1,95,8.0,100,1000.4,1
2022-09-17,Tuyen_Quang,21.8233,105.2181,25.4,91,11.4,75,1002.2,1
2022-09-18,Tuyen_Quang,21.8233,105.2181,27.3,84,6.9,49,1002.5,1
2022-09-19,Tuyen_Quang,21.8233,105.2181,28.1,85,6.9,42,1002.2,0
2022-09-20,Tuyen_Quang,21.8233,105.2181,27.8,85,9.8,47,1002.5,0
2022-09-21,Tuyen_Quang,21.8233,105.2181,26.2,89,10.4,85,1004.7,1
2022-09-22,Tuyen_Quang,21.8233,105.2181,25.2,92,9.0,62,1005.9,1
2022-09-23,Tuyen_Quang,21.8233,105.2181,26.1,84,9.0,63,1006.3,1
2022-09-24,Tuyen_Quang,21.8233,105.2181,26.0,85,5.4,63,1006.4,1
2022-09-25,Tuyen_Quang,21.8233,105.2181,25.5,87,11.4,52,1006.8,1
2022-09-26,Tuyen_Quang,21.8233,105.2181,26.3,86,8.5,19,1005.7,1
2022-09-27,Tuyen_Quang,21.8233,105.2181,27.4,80,7.7,36,1003.1,1
2022-09-28,Tuyen_Quang,21.8233,105.2181,25.9,85,8.9,100,1002.0,1
2022-09-29,Tuyen_Quang,21.8233,105.2181,24.8,97,7.0,100,1003.3,1
2022-09-30,Tuyen_Quang,21.8233,105.2181,25.0,94,9.1,100,1004.5,1
2022-10-01,Tuyen_Quang,21.8233,105.2181,24.8,93,10.4,100,1005.3,1
2022-10-02,Tuyen_Quang,21.8233,105.2181,24.5,94,8.8,90,1006.7,1
2022-10-03,Tuyen_Quang,21.8233,105.2181,25.2,91,10.2,50,1008.2,1
2022-10-04,Tuyen_Quang,21.8233,105.2181,25.9,88,8.8,43,1009.3,1
2022-10-05,Tuyen_Quang,21.8233,105.2181,26.1,86,8.8,16,1009.0,1
2022-10-06,Tuyen_Quang,21.8233,105.2181,26.4,83,6.4,6,1009.0,0
2022-10-07,Tuyen_Quang,21.8233,105.2181,25.1,89,11.6,52,1009.9,1
2022-10-08,Tuyen_Quang,21.8233,105.2181,25.0,80,10.6,71,1010.4,1
2022-10-09,Tuyen_Quang,21.8233,105.2181,24.3,85,14.9,89,1013.2,1
2022-10-10,Tuyen_Quang,21.8233,105.2181,22.4,73,9.7,59,1016.4,0
2022-10-11,Tuyen_Quang,21.8233,105.2181,22.2,71,14.8,21,1013.1,0
2022-10-12,Tuyen_Quang,21.8233,105.2181,22.6,70,9.4,6,1011.6,0
2022-10-13,Tuyen_Quang,21.8233,105.2181,22.9,67,7.9,29,1010.5,0
2022-10-14,Tuyen_Quang,21.8233,105.2181,23.3,64,7.6,48,1008.8,0
2022-10-15,Tuyen_Quang,21.8233,105.2181,23.0,66,10.1,74,1008.7,0
2022-10-16,Tuyen_Quang,21.8233,105.2181,24.1,64,14.1,31,1010.3,0
2022-10-17,Tuyen_Quang,21.8233,105.2181,24.1,55,15.1,39,1011.1,0
2022-10-18,Tuyen_Quang,21.8233,105.2181,22.9,52,15.2,46,1011.3,0
2022-10-19,Tuyen_Quang,21.8233,105.2181,19.9,64,17.9,82,1012.4,1
2022-10-20,Tuyen_Quang,21.8233,105.2181,18.0,94,10.6,100,1013.8,1
2022-10-21,Tuyen_Quang,21.8233,105.2181,19.9,96,6.6,91,1014.3,1
2022-10-22,Tuyen_Quang,21.8233,105.2181,24.7,80,8.6,37,1012.7,1
2022-10-23,Tuyen_Quang,21.8233,105.2181,26.4,74,7.9,10,1010.8,1
2022-10-24,Tuyen_Quang,21.8233,105.2181,25.7,78,8.0,21,1009.9,1
2022-10-25,Tuyen_Quang,21.8233,105.2181,24.6,81,8.7,47,1011.6,1
2022-10-26,Tuyen_Quang,21.8233,105.2181,24.8,82,8.0,52,1010.5,1
2022-10-27,Tuyen_Quang,21.8233,105.2181,24.9,81,9.3,34,1009.9,1
2022-10-28,Tuyen_Quang,21.8233,105.2181,24.4,82,7.9,44,1010.7,1
2022-10-29,Tuyen_Quang,21.8233,105.2181,24.1,79,8.5,29,1010.9,1
2022-10-30,Tuyen_Quang,21.8233,105.2181,23.4,82,7.2,40,1010.1,1
2022-10-31,Tuyen_Quang,21.8233,105.2181,23.8,61,19.1,33,1010.8,0
2022-11-01,Tuyen_Quang,21.8233,105.2181,21.9,61,11.2,69,1010.3,0
2022-11-02,Tuyen_Quang,21.8233,105.2181,21.0,65,8.9,10,1007.9,0
2022-11-03,Tuyen_Quang,21.8233,105.2181,21.9,64,8.9,61,1009.2,0
2022-11-04,Tuyen_Quang,21.8233,105.2181,22.4,68,7.0,46,1012.1,0
2022-11-05,Tuyen_Quang,21.8233,105.2181,22.4,67,8.2,27,1013.9,0
2022-11-06,Tuyen_Quang,21.8233,105.2181,21.4,77,8.1,14,1013.3,1
2022-11-07,Tuyen_Quang,21.8233,105.2181,21.1,80,8.2,26,1012.2,1
2022-11-08,Tuyen_Quang,21.8233,105.2181,21.8,80,7.5,8,1012.1,1
2022-11-09,Tuyen_Quang,21.8233,105.2181,22.0,76,9.1,0,1011.9,0
2022-11-10,Tuyen_Quang,21.8233,105.2181,22.4,80,8.7,10,1011.3,0
2022-11-11,Tuyen_Quang,21.8233,105.2181,23.6,85,7.2,50,1010.3,1
2022-11-12,Tuyen_Quang,21.8233,105.2181,24.4,83,8.1,37,1009.1,1
2022-11-13,Tuyen_Quang,21.8233,105.2181,24.7,77,7.4,17,1010.0,0
2022-11-14,Tuyen_Quang,21.8233,105.2181,24.9,78,9.2,38,1010.2,1
2022-11-15,Tuyen_Quang,21.8233,105.2181,24.9,80,8.2,48,1008.9,1
2022-11-16,Tuyen_Quang,21.8233,105.2181,25.0,84,11.8,69,1007.3,1
2022-11-17,Tuyen_Quang,21.8233,105.2181,24.0,91,9.7,77,1007.1,1
2022-11-18,Tuyen_Quang,21.8233,105.2181,24.2,93,7.8,77,1008.4,1
2022-11-19,Tuyen_Quang,21.8233,105.2181,23.2,93,10.5,99,1010.0,1
2022-11-20,Tuyen_Quang,21.8233,105.2181,23.0,84,7.9,69,1008.8,0
2022-11-21,Tuyen_Quang,21.8233,105.2181,22.9,86,8.3,39,1007.3,1
2022-11-22,Tuyen_Quang,21.8233,105.2181,23.9,83,7.9,45,1007.1,0
2022-11-23,Tuyen_Quang,21.8233,105.2181,24.0,88,7.3,93,1008.0,1
2022-11-24,Tuyen_Quang,21.8233,105.2181,23.6,82,10.2,81,1009.0,1
2022-11-25,Tuyen_Quang,21.8233,105.2181,22.6,89,8.1,100,1010.0,1
2022-11-26,Tuyen_Quang,21.8233,105.2181,23.0,90,10.2,98,1008.1,1
2022-11-27,Tuyen_Quang,21.8233,105.2181,25.1,88,11.5,50,1003.5,1
2022-11-28,Tuyen_Quang,21.8233,105.2181,25.2,88,9.0,43,1003.4,1
2022-11-29,Tuyen_Quang,21.8233,105.2181,25.7,87,7.2,45,1005.4,1
2022-11-30,Tuyen_Quang,21.8233,105.2181,22.3,87,19.8,84,1010.1,1
2022-12-01,Tuyen_Quang,21.8233,105.2181,15.0,72,16.6,100,1016.4,1
2022-12-02,Tuyen_Quang,21.8233,105.2181,14.1,71,9.0,96,1016.4,1
2022-12-03,Tuyen_Quang,21.8233,105.2181,16.7,75,6.3,93,1012.9,0
2022-12-04,Tuyen_Quang,21.8233,105.2181,16.9,79,9.2,100,1014.8,1
2022-12-05,Tuyen_Quang,21.8233,105.2181,15.6,81,8.7,76,1017.6,1
2022-12-06,Tuyen_Quang,21.8233,105.2181,15.1,74,11.2,18,1014.9,0
2022-12-07,Tuyen_Quang,21.8233,105.2181,15.5,74,10.9,96,1014.8,0
2022-12-08,Tuyen_Quang,21.8233,105.2181,16.7,80,5.6,100,1014.3,0
2022-12-09,Tuyen_Quang,21.8233,105.2181,16.7,82,4.4,100,1012.8,1
2022-12-10,Tuyen_Quang,21.8233,105.2181,17.2,84,3.6,100,1012.4,1
2022-12-11,Tuyen_Quang,21.8233,105.2181,16.7,74,6.6,78,1013.9,0
2022-12-12,Tuyen_Quang,21.8233,105.2181,16.8,72,9.4,68,1016.0,0
2022-12-13,Tuyen_Quang,21.8233,105.2181,16.2,68,7.9,49,1015.5,0
2022-12-14,Tuyen_Quang,21.8233,105.2181,16.8,61,6.0,50,1017.2,0
2022-12-15,Tuyen_Quang,21.8233,105.2181,15.0,71,7.9,6,1012.5,0
2022-12-16,Tuyen_Quang,21.8233,105.2181,16.7,76,6.7,54,1013.3,0
2022-12-17,Tuyen_Quang,21.8233,105.2181,16.5,49,15.1,87,1022.5,0
2022-12-18,Tuyen_Quang,21.8233,105.2181,13.7,56,7.6,62,1022.6,0
2022-12-19,Tuyen_Quang,21.8233,105.2181,12.5,64,9.0,19,1016.1,0
2022-12-20,Tuyen_Quang,21.8233,105.2181,13.5,71,5.4,57,1012.9,0
2022-12-21,Tuyen_Quang,21.8233,105.2181,15.3,63,7.7,56,1014.2,0
2022-12-22,Tuyen_Quang,21.8233,105.2181,15.6,70,8.2,37,1012.2,0
2022-12-23,Tuyen_Quang,21.8233,105.2181,17.5,60,8.1,45,1013.2,0
2022-12-24,Tuyen_Quang,21.8233,105.2181,16.2,58,8.3,9,1015.6,0
2022-12-25,Tuyen_Quang,21.8233,105.2181,16.2,65,12.8,21,1015.2,0
2022-12-26,Tuyen_Quang,21.8233,105.2181,16.1,84,6.5,76,1016.0,1
2022-12-27,Tuyen_Quang,21.8233,105.2181,18.4,77,10.0,100,1014.8,1
2022-12-28,Tuyen_Quang,21.8233,105.2181,13.9,88,16.1,100,1018.5,1
2022-12-29,Tuyen_Quang,21.8233,105.2181,12.1,83,6.7,100,1022.3,1
2022-12-30,Tuyen_Quang,21.8233,105.2181,12.9,82,5.4,84,1022.5,0
2022-12-31,Tuyen_Quang,21.8233,105.2181,14.5,73,5.1,80,1020.8,0
2023-01-01,Tuyen_Quang,21.8233,105.2181,14.2,77,7.8,7,1019.3,0
2023-01-02,Tuyen_Quang,21.8233,105.2181,15.0,76,8.0,62,1020.0,0
2023-01-03,Tuyen_Quang,21.8233,105.2181,16.3,72,7.9,82,1020.2,0
2023-01-04,Tuyen_Quang,21.8233,105.2181,17.0,78,9.1,61,1017.8,0
2023-01-05,Tuyen_Quang,21.8233,105.2181,16.3,84,6.4,74,1018.7,0
2023-01-06,Tuyen_Quang,21.8233,105.2181,17.5,72,12.4,59,1020.7,1
2023-01-07,Tuyen_Quang,21.8233,105.2181,15.8,64,9.1,25,1016.5,0
2023-01-08,Tuyen_Quang,21.8233,105.2181,16.3,71,8.7,10,1014.6,0
2023-01-09,Tuyen_Quang,21.8233,105.2181,16.6,80,8.7,38,1014.8,0
2023-01-10,Tuyen_Quang,21.8233,105.2181,18.6,81,5.6,76,1013.7,1
2023-01-11,Tuyen_Quang,21.8233,105.2181,19.6,82,7.2,95,1010.6,1
2023-01-12,Tuyen_Quang,21.8233,105.2181,19.7,85,7.3,67,1007.1,0
2023-01-13,Tuyen_Quang,21.8233,105.2181,20.7,83,8.1,53,1003.8,1
2023-01-14,Tuyen_Quang,21.8233,105.2181,21.2,80,8.2,34,1002.4,0
2023-01-15,Tuyen_Quang,21.8233,105.2181,17.5,65,15.8,81,1010.1,1
2023-01-16,Tuyen_Quang,21.8233,105.2181,13.1,48,9.7,96,1017.7,0
2023-01-17,Tuyen_Quang,21.8233,105.2181,12.5,53,8.7,100,1019.9,0
2023-01-18,Tuyen_Quang,21.8233,105.2181,12.7,58,7.4,72,1020.9,0
2023-01-19,Tuyen_Quang,21.8233,105.2181,12.9,68,9.4,27,1018.6,0
2023-01-20,Tuyen_Quang,21.8233,105.2181,14.5,70,9.2,72,1017.5,0
2023-01-21,Tuyen_Quang,21.8233,105.2181,14.5,78,12.3,60,1013.1,0
2023-01-22,Tuyen_Quang,21.8233,105.2181,15.6,85,8.1,58,1010.7,1
2023-01-23,Tuyen_Quang,21.8233,105.2181,18.0,78,16.7,100,1011.5,1
2023-01-24,Tuyen_Quang,21.8233,105.2181,14.6,63,13.4,80,1021.8,1
2023-01-25,Tuyen_Quang,21.8233,105.2181,12.0,55,10.5,10,1016.5,0
2023-01-26,Tuyen_Quang,21.8233,105.2181,14.0,76,9.4,64,1012.6,0
2023-01-27,Tuyen_Quang,21.8233,105.2181,14.4,70,11.9,75,1020.0,1
2023-01-28,Tuyen_Quang,21.8233,105.2181,13.1,50,10.5,14,1020.0,0
2023-01-29,Tuyen_Quang,21.8233,105.2181,12.6,55,8.9,8,1019.8,0
2023-01-30,Tuyen_Quang,21.8233,105.2181,13.7,60,10.1,0,1016.5,0
2023-01-31,Tuyen_Quang,21.8233,105.2181,14.4,66,10.3,0,1010.4,0
2023-02-01,Tuyen_Quang,21.8233,105.2181,15.9,82,7.7,43,1008.4,0
2023-02-02,Tuyen_Quang,21.8233,105.2181,19.0,84,5.8,87,1011.2,1
2023-02-03,Tuyen_Quang,21.8233,105.2181,19.4,93,10.0,91,1011.1,1
2023-02-04,Tuyen_Quang,21.8233,105.2181,20.6,90,10.8,100,1008.6,1
2023-02-05,Tuyen_Quang,21.8233,105.2181,19.3,92,12.0,100,1007.5,1
2023-02-06,Tuyen_Quang,21.8233,105.2181,19.9,94,9.7,100,1006.7,1
2023-02-07,Tuyen_Quang,21.8233,105.2181,20.9,91,11.9,100,1007.2,1
2023-02-08,Tuyen_Quang,21.8233,105.2181,21.7,90,13.0,97,1006.8,1
2023-02-09,Tuyen_Quang,21.8233,105.2181,22.7,87,12.9,77,1007.4,1
2023-02-10,Tuyen_Quang,21.8233,105.2181,23.3,85,15.6,86,1006.4,1
2023-02-11,Tuyen_Quang,21.8233,105.2181,23.9,84,13.0,53,1003.6,1
2023-02-12,Tuyen_Quang,21.8233,105.2181,23.7,83,7.9,42,1002.9,1
2023-02-13,Tuyen_Quang,21.8233,105.2181,24.0,78,18.4,53,1005.6,1
2023-02-14,Tuyen_Quang,21.8233,105.2181,18.2,65,18.7,100,1014.3,1
2023-02-15,Tuyen_Quang,21.8233,105.2181,16.5,58,10.5,97,1018.4,0
2023-02-16,Tuyen_Quang,21.8233,105.2181,16.7,66,7.0,88,1018.7,0
2023-02-17,Tuyen_Quang,21.8233,105.2181,16.8,78,9.7,70,1015.1,0
2023-02-18,Tuyen_Quang,21.8233,105.2181,18.7,79,11.0,98,1012.2,0
2023-02-19,Tuyen_Quang,21.8233,105.2181,19.2,81,6.5,100,1015.0,1
2023-02-20,Tuyen_Quang,21.8233,105.2181,19.7,67,9.9,66,1014.4,0
2023-02-21,Tuyen_Quang,21.8233,105.2181,19.5,76,11.6,76,1014.9,1
2023-02-22,Tuyen_Quang,21.8233,105.2181,18.8,79,11.4,94,1014.8,1
2023-02-23,Tuyen_Quang,21.8233,105.2181,20.0,74,11.1,97,1011.8,0
2023-02-24,Tuyen_Quang,21.8233,105.2181,18.8,77,14.1,100,1015.9,1
2023-02-25,Tuyen_Quang,21.8233,105.2181,18.7,60,9.5,64,1021.7,0
2023-02-26,Tuyen_Quang,21.8233,105.2181,16.8,56,10.6,1,1023.6,0
2023-02-27,Tuyen_Quang,21.8233,105.2181,16.3,64,10.8,1,1020.7,0
2023-02-28,Tuyen_Quang,21.8233,105.2181,17.3,70,11.5,0,1017.0,0
2023-03-01,Tuyen_Quang,21.8233,105.2181,18.2,80,10.0,55,1017.0,1
2023-03-02,Tuyen_Quang,21.8233,105.2181,20.6,70,9.5,64,1017.9,0
2023-03-03,Tuyen_Quang,21.8233,105.2181,20.0,71,10.2,59,1018.3,1
2023-03-04,Tuyen_Quang,21.8233,105.2181,20.0,66,8.0,85,1019.7,1
2023-03-05,Tuyen_Quang,21.8233,105.2181,19.9,71,9.4,44,1017.1,0
2023-03-06,Tuyen_Quang,21.8233,105.2181,21.2,68,13.8,76,1014.3,0
2023-03-07,Tuyen_Quang,21.8233,105.2181,21.7,72,14.9,93,1013.2,1
2023-03-08,Tuyen_Quang,21.8233,105.2181,21.4,79,9.5,88,1013.8,1
2023-03-09,Tuyen_Quang,21.8233,105.2181,22.5,75,9.4,63,1013.3,1
2023-03-10,Tuyen_Quang,21.8233,105.2181,22.9,71,13.7,33,1009.6,0
2023-03-11,Tuyen_Quang,21.8233,105.2181,21.5,78,12.4,83,1011.4,1
2023-03-12,Tuyen_Quang,21.8233,105.2181,21.9,82,13.8,99,1014.4,1
2023-03-13,Tuyen_Quang,21.8233,105.2181,18.9,62,8.6,99,1017.2,0
2023-03-14,Tuyen_Quang,21.8233,105.2181,19.5,69,17.1,27,1009.4,0
2023-03-15,Tuyen_Quang,21.8233,105.2181,20.3,81,10.9,84,1009.6,1
2023-03-16,Tuyen_Quang,21.8233,105.2181,23.0,79,16.6,73,1010.2,1
2023-03-17,Tuyen_Quang,21.8233,105.2181,22.8,81,10.3,92,1009.2,1
2023-03-18,Tuyen_Quang,21.8233,105.2181,23.4,80,14.4,100,1007.8,1
2023-03-19,Tuyen_Quang,21.8233,105.2181,23.3,77,14.5,99,1006.1,1
2023-03-20,Tuyen_Quang,21.8233,105.2181,24.3,79,10.8,87,1003.1,1
2023-03-21,Tuyen_Quang,21.8233,105.2181,25.0,81,10.4,85,1000.5,0
2023-03-22,Tuyen_Quang,21.8233,105.2181,26.6,76,11.3,37,998.1,0
2023-03-23,Tuyen_Quang,21.8233,105.2181,27.4,73,10.6,13,998.3,0
2023-03-24,Tuyen_Quang,21.8233,105.2181,27.5,72,15.0,10,1000.9,0
2023-03-25,Tuyen_Quang,21.8233,105.2181,24.2,77,15.5,94,1005.3,1
2023-03-26,Tuyen_Quang,21.8233,105.2181,20.7,76,15.2,100,1007.6,1
2023-03-27,Tuyen_Quang,21.8233,105.2181,19.7,77,7.6,100,1010.3,1
2023-03-28,Tuyen_Quang,21.8233,105.2181,19.2,74,9.2,100,1011.7,0
2023-03-29,Tuyen_Quang,21.8233,105.2181,19.6,80,9.8,88,1009.9,1
2023-03-30,Tuyen_Quang,21.8233,105.2181,20.3,79,10.1,99,1007.6,1
2023-03-31,Tuyen_Quang,21.8233,105.2181,21.2,84,7.6,98,1006.6,1
2023-04-01,Tuyen_Quang,21.8233,105.2181,22.4,86,9.5,100,1004.8,1
2023-04-02,Tuyen_Quang,21.8233,105.2181,24.3,88,10.0,79,1001.8,1
2023-04-03,Tuyen_Quang,21.8233,105.2181,25.9,85,10.0,60,1000.0,1
2023-04-04,Tuyen_Quang,21.8233,105.2181,26.3,84,8.9,62,998.8,0
2023-04-05,Tuyen_Quang,21.8233,105.2181,26.6,82,8.3,30,999.8,0
2023-04-06,Tuyen_Quang,21.8233,105.2181,26.1,72,20.0,29,1004.1,1
2023-04-07,Tuyen_Quang,21.8233,105.2181,22.9,62,11.2,100,1010.1,0
2023-04-08,Tuyen_Quang,21.8233,105.2181,20.9,74,10.0,100,1014.3,1
2023-04-09,Tuyen_Quang,21.8233,105.2181,20.2,77,10.9,100,1012.0,1
2023-04-10,Tuyen_Quang,21.8233,105.2181,21.0,85,7.6,97,1007.2,1
2023-04-11,Tuyen_Quang,21.8233,105.2181,24.1,84,9.5,84,1004.4,1
2023-04-12,Tuyen_Quang,21.8233,105.2181,25.3,89,12.4,96,1004.5,1
2023-04-13,Tuyen_Quang,21.8233,105.2181,26.0,86,15.3,100,1003.4,1
2023-04-14,Tuyen_Quang,21.8233,105.2181,26.3,86,12.0,91,1003.2,1
2023-04-15,Tuyen_Quang,21.8233,105.2181,25.3,89,10.8,72,1006.4,1
2023-04-16,Tuyen_Quang,21.8233,105.2181,25.1,81,10.5,72,1004.2,1
2023-04-17,Tuyen_Quang,21.8233,105.2181,25.3,85,10.2,80,1001.9,1
2023-04-18,Tuyen_Quang,21.8233,105.2181,27.7,84,9.4,57,999.8,1
2023-04-19,Tuyen_Quang,21.8233,105.2181,28.4,81,8.6,49,997.0,0
2023-04-20,Tuyen_Quang,21.8233,105.2181,27.9,83,9.7,52,996.2,0
2023-04-21,Tuyen_Quang,21.8233,105.2181,28.4,81,9.9,53,996.6,0
2023-04-22,Tuyen_Quang,21.8233,105.2181,28.6,79,11.6,28,998.4,1
2023-04-23,Tuyen_Quang,21.8233,105.2181,28.2,81,10.0,47,1002.1,1
2023-04-24,Tuyen_Quang,21.8233,105.2181,26.5,86,15.6,78,1005.7,1
2023-04-25,Tuyen_Quang,21.8233,105.2181,22.0,82,14.8,100,1009.7,1
2023-04-26,Tuyen_Quang,21.8233,105.2181,22.8,73,15.6,77,1009.4,0
2023-04-27,Tuyen_Quang,21.8233,105.2181,23.7,78,14.9,55,1006.2,0
2023-04-28,Tuyen_Quang,21.8233,105.2181,26.1,83,15.2,73,1004.7,1
2023-04-29,Tuyen_Quang,21.8233,105.2181,24.5,88,10.6,85,1007.0,1
2023-04-30,Tuyen_Quang,21.8233,105.2181,21.5,80,12.6,69,1008.8,1
2023-05-01,Tuyen_Quang,21.8233,105.2181,24.0,75,14.0,48,1006.8,0
2023-05-02,Tuyen_Quang,21.8233,105.2181,24.9,80,13.0,70,1006.0,1
2023-05-03,Tuyen_Quang,21.8233,105.2181,27.0,81,14.5,60,1004.0,1
2023-05-04,Tuyen_Quang,21.8233,105.2181,28.3,82,11.2,40,998.8,1
2023-05-05,Tuyen_Quang,21.8233,105.2181,28.8,82,8.7,36,994.7,0
2023-05-06,Tuyen_Quang,21.8233,105.2181,31.1,75,8.0,21,993.3,0
2023-05-07,Tuyen_Quang,21.8233,105.2181,30.4,75,15.1,44,997.0,1
2023-05-08,Tuyen_Quang,21.8233,105.2181,25.0,78,13.2,100,1004.4,1
2023-05-09,Tuyen_Quang,21.8233,105.2181,24.1,83,8.8,100,1005.9,1
2023-05-10,Tuyen_Quang,21.8233,105.2181,26.1,88,13.0,88,1004.8,1
2023-05-11,Tuyen_Quang,21.8233,105.2181,25.3,91,12.3,99,1007.6,1
2023-05-12,Tuyen_Quang,21.8233,105.2181,25.2,73,15.1,92,1009.7,1
2023-05-13,Tuyen_Quang,21.8233,105.2181,23.9,83,5.9,98,1009.5,1
2023-05-14,Tuyen_Quang,21.8233,105.2181,24.0,81,7.6,94,1007.6,0
2023-05-15,Tuyen_Quang,21.8233,105.2181,25.5,81,12.1,97,1004.3,0
2023-05-16,Tuyen_Quang,21.8233,105.2181,27.6,82,9.4,62,1000.1,0
2023-05-17,Tuyen_Quang,21.8233,105.2181,29.5,75,9.4,35,998.3,0
2023-05-18,Tuyen_Quang,21.8233,105.2181,30.0,67,9.0,12,998.6,0
2023-05-19,Tuyen_Quang,21.8233,105.2181,30.2,73,11.4,10,999.0,1
2023-05-20,Tuyen_Quang,21.8233,105.2181,29.8,75,10.5,21,999.2,1
2023-05-21,Tuyen_Quang,21.8233,105.2181,30.7,75,9.8,25,999.4,0
2023-05-22,Tuyen_Quang,21.8233,105.2181,31.7,70,10.9,13,999.2,0
2023-05-23,Tuyen_Quang,21.8233,105.2181,29.4,71,25.9,95,1001.2,1
2023-05-24,Tuyen_Quang,21.8233,105.2181,26.8,86,12.1,98,1002.4,1
2023-05-25,Tuyen_Quang,21.8233,105.2181,26.6,88,12.3,93,1002.8,1
2023-05-26,Tuyen_Quang,21.8233,105.2181,26.2,92,11.6,90,1003.3,1
2023-05-27,Tuyen_Quang,21.8233,105.2181,27.4,87,12.2,67,1002.1,1
2023-05-28,Tuyen_Quang,21.8233,105.2181,28.2,83,10.6,30,1002.9,1
2023-05-29,Tuyen_Quang,21.8233,105.2181,29.1,78,8.6,7,1003.1,1
2023-05-30,Tuyen_Quang,21.8233,105.2181,29.8,77,9.9,9,1001.3,0
2023-05-31,Tuyen_Quang,21.8233,105.2181,30.6,74,15.2,11,998.4,0
2023-06-01,Tuyen_Quang,21.8233,105.2181,31.1,74,12.5,54,996.3,0
2023-06-02,Tuyen_Quang,21.8233,105.2181,30.2,78,14.6,84,997.6,1
2023-06-03,Tuyen_Quang,21.8233,105.2181,28.7,84,11.9,92,1000.5,1
2023-06-04,Tuyen_Quang,21.8233,105.2181,28.3,85,11.6,99,1000.8,1
2023-06-05,Tuyen_Quang,21.8233,105.2181,27.0,92,9.0,99,1001.2,1
2023-06-06,Tuyen_Quang,21.8233,105.2181,26.5,91,10.8,99,1001.8,1
2023-06-07,Tuyen_Quang,21.8233,105.2181,27.8,88,9.1,96,1001.1,1
2023-06-08,Tuyen_Quang,21.8233,105.2181,28.0,88,9.4,93,1000.2,1
2023-06-09,Tuyen_Quang,21.8233,105.2181,28.6,79,9.9,85,999.0,1
2023-06-10,Tuyen_Quang,21.8233,105.2181,29.7,73,10.5,87,997.1,0
2023-06-11,Tuyen_Quang,21.8233,105.2181,30.2,73,13.1,97,996.7,1
2023-06-12,Tuyen_Quang,21.8233,105.2181,29.3,81,9.2,99,997.2,1
2023-06-13,Tuyen_Quang,21.8233,105.2181,27.3,90,11.0,98,998.1,1
2023-06-14,Tuyen_Quang,21.8233,105.2181,27.0,88,9.7,81,1000.2,1
2023-06-15,Tuyen_Quang,21.8233,105.2181,27.5,87,10.2,99,999.3,1
2023-06-16,Tuyen_Quang,21.8233,105.2181,28.1,87,10.5,97,997.9,1
2023-06-17,Tuyen_Quang,21.8233,105.2181,28.9,84,13.5,99,998.4,1
2023-06-18,Tuyen_Quang,21.8233,105.2181,28.1,85,14.1,100,999.1,1
2023-06-19,Tuyen_Quang,21.8233,105.2181,27.6,89,9.8,100,998.8,1
2023-06-20,Tuyen_Quang,21.8233,105.2181,27.5,88,9.2,100,999.2,1
2023-06-21,Tuyen_Quang,21.8233,105.2181,28.1,87,9.2,99,999.6,1
2023-06-22,Tuyen_Quang,21.8233,105.2181,27.7,91,7.5,100,999.7,1
2023-06-23,Tuyen_Quang,21.8233,105.2181,27.0,91,8.4,100,999.7,1
2023-06-24,Tuyen_Quang,21.8233,105.2181,25.2,98,6.2,97,999.8,1
2023-06-25,Tuyen_Quang,21.8233,105.2181,26.0,91,10.4,87,1000.9,1
2023-06-26,Tuyen_Quang,21.8233,105.2181,26.7,85,10.2,70,1001.6,1
2023-06-27,Tuyen_Quang,21.8233,105.2181,26.3,89,13.9,87,1002.7,1
2023-06-28,Tuyen_Quang,21.8233,105.2181,28.0,83,14.4,43,1002.7,1
2023-06-29,Tuyen_Quang,21.8233,105.2181,29.3,80,10.9,60,999.5,1
2023-06-30,Tuyen_Quang,21.8233,105.2181,30.2,79,10.5,93,997.4,1
2023-07-01,Tuyen_Quang,21.8233,105.2181,30.6,79,12.2,96,997.4,1
2023-07-02,Tuyen_Quang,21.8233,105.2181,30.5,78,12.4,100,998.3,1
2023-07-03,Tuyen_Quang,21.8233,105.2181,29.0,85,12.6,93,999.0,1
2023-07-04,Tuyen_Quang,21.8233,105.2181,28.2,87,9.9,88,999.9,1
2023-07-05,Tuyen_Quang,21.8233,105.2181,27.6,89,9.4,96,1000.2,1
2023-07-06,Tuyen_Quang,21.8233,105.2181,29.7,79,15.0,51,999.6,0
2023-07-07,Tuyen_Quang,21.8233,105.2181,30.6,75,14.7,70,999.5,1
2023-07-08,Tuyen_Quang,21.8233,105.2181,29.8,82,13.8,90,1001.2,1
2023-07-09,Tuyen_Quang,21.8233,105.2181,28.5,86,9.0,99,1002.0,1
2023-07-10,Tuyen_Quang,21.8233,105.2181,29.5,80,11.2,55,1000.9,1
2023-07-11,Tuyen_Quang,21.8233,105.2181,29.7,79,11.4,30,999.9,1
2023-07-12,Tuyen_Quang,21.8233,105.2181,29.6,81,10.4,32,999.5,1
2023-07-13,Tuyen_Quang,21.8233,105.2181,30.1,76,9.2,26,998.5,1
2023-07-14,Tuyen_Quang,21.8233,105.2181,29.2,84,10.3,76,998.8,1
2023-07-15,Tuyen_Quang,21.8233,105.2181,28.3,84,11.2,84,998.9,1
2023-07-16,Tuyen_Quang,21.8233,105.2181,30.6,71,10.4,73,996.3,0
2023-07-17,Tuyen_Quang,21.8233,105.2181,30.8,66,13.3,87,994.4,0
2023-07-18,Tuyen_Quang,21.8233,105.2181,27.0,76,18.6,100,994.8,1
2023-07-19,Tuyen_Quang,21.8233,105.2181,25.2,93,10.9,98,999.1,1
2023-07-20,Tuyen_Quang,21.8233,105.2181,26.0,94,6.1,100,1002.1,1
2023-07-21,Tuyen_Quang,21.8233,105.2181,27.5,89,7.8,93,1004.2,1
2023-07-22,Tuyen_Quang,21.8233,105.2181,29.0,80,11.2,91,1004.7,1
2023-07-23,Tuyen_Quang,21.8233,105.2181,29.5,77,10.8,60,1003.2,0
2023-07-24,Tuyen_Quang,21.8233,105.2181,29.3,77,9.8,48,1001.5,0
2023-07-25,Tuyen_Quang,21.8233,105.2181,29.5,76,9.5,92,1001.0,0
2023-07-26,Tuyen_Quang,21.8233,105.2181,29.9,76,7.3,89,999.2,0
2023-07-27,Tuyen_Quang,21.8233,105.2181,30.3,79,7.6,99,996.3,1
2023-07-28,Tuyen_Quang,21.8233,105.2181,27.7,90,10.8,96,995.0,1
2023-07-29,Tuyen_Quang,21.8233,105.2181,28.4,88,8.7,95,996.1,1
2023-07-30,Tuyen_Quang,21.8233,105.2181,27.9,88,11.0,92,997.4,1
2023-07-31,Tuyen_Quang,21.8233,105.2181,26.8,91,10.8,100,999.0,1
2023-08-01,Tuyen_Quang,21.8233,105.2181,27.1,92,9.8,99,998.7,1
2023-08-02,Tuyen_Quang,21.8233,105.2181,26.5,94,10.8,99,998.0,1
2023-08-03,Tuyen_Quang,21.8233,105.2181,26.6,94,8.4,97,997.3,1
2023-08-04,Tuyen_Quang,21.8233,105.2181,26.2,97,5.8,96,998.1,1
2023-08-05,Tuyen_Quang,21.8233,105.2181,27.0,92,6.2,99,997.1,1
2023-08-06,Tuyen_Quang,21.8233,105.2181,26.7,95,4.4,100,994.6,1
2023-08-07,Tuyen_Quang,21.8233,105.2181,26.4,95,6.8,99,994.2,1
2023-08-08,Tuyen_Quang,21.8233,105.2181,26.8,91,6.9,85,996.4,1
2023-08-09,Tuyen_Quang,21.8233,105.2181,27.7,90,8.5,97,998.5,1
2023-08-10,Tuyen_Quang,21.8233,105.2181,27.7,90,8.0,96,999.5,1
2023-08-11,Tuyen_Quang,21.8233,105.2181,27.1,92,9.5,85,998.1,1
2023-08-12,Tuyen_Quang,21.8233,105.2181,26.8,93,6.6,82,997.5,1
2023-08-13,Tuyen_Quang,21.8233,105.2181,27.7,87,8.6,98,997.8,1
2023-08-14,Tuyen_Quang,21.8233,105.2181,27.5,90,10.5,94,998.6,1
2023-08-15,Tuyen_Quang,21.8233,105.2181,26.7,91,9.2,95,1000.3,1
2023-08-16,Tuyen_Quang,21.8233,105.2181,28.0,86,7.3,53,1001.0,1
2023-08-17,Tuyen_Quang,21.8233,105.2181,28.9,83,9.4,88,1000.6,1
2023-08-18,Tuyen_Quang,21.8233,105.2181,29.0,85,12.1,99,999.1,1
2023-08-19,Tuyen_Quang,21.8233,105.2181,27.2,94,7.4,100,1000.7,1
2023-08-20,Tuyen_Quang,21.8233,105.2181,26.5,94,7.5,100,1001.4,1
2023-08-21,Tuyen_Quang,21.8233,105.2181,27.5,89,8.9,100,1001.7,1
2023-08-22,Tuyen_Quang,21.8233,105.2181,27.3,89,11.4,97,1000.6,1
2023-08-23,Tuyen_Quang,21.8233,105.2181,27.2,90,12.0,100,998.9,1
2023-08-24,Tuyen_Quang,21.8233,105.2181,25.8,94,8.0,100,1000.4,1
2023-08-25,Tuyen_Quang,21.8233,105.2181,26.8,89,8.9,88,1000.7,1
2023-08-26,Tuyen_Quang,21.8233,105.2181,27.8,87,11.4,96,998.0,1
2023-08-27,Tuyen_Quang,21.8233,105.2181,28.5,86,13.2,95,996.0,1
2023-08-28,Tuyen_Quang,21.8233,105.2181,27.4,86,11.5,99,998.6,1
2023-08-29,Tuyen_Quang,21.8233,105.2181,27.6,82,8.0,71,1000.5,1
2023-08-30,Tuyen_Quang,21.8233,105.2181,27.7,75,9.8,43,1002.7,1
2023-08-31,Tuyen_Quang,21.8233,105.2181,27.1,72,10.5,3,1002.4,0
2023-09-01,Tuyen_Quang,21.8233,105.2181,27.7,72,7.9,24,1001.4,0
2023-09-02,Tuyen_Quang,21.8233,105.2181,29.3,69,11.9,24,999.3,1
2023-09-03,Tuyen_Quang,21.8233,105.2181,26.9,79,7.7,91,998.9,1
2023-09-04,Tuyen_Quang,21.8233,105.2181,24.8,91,11.2,70,1001.5,1
2023-09-05,Tuyen_Quang,21.8233,105.2181,27.4,82,8.0,57,1002.2,0
2023-09-06,Tuyen_Quang,21.8233,105.2181,28.3,81,11.3,83,1003.0,1
2023-09-07,Tuyen_Quang,21.8233,105.2181,28.7,78,14.2,49,1002.8,1
2023-09-08,Tuyen_Quang,21.8233,105.2181,27.1,88,14.9,83,1002.6,1
2023-09-09,Tuyen_Quang,21.8233,105.2181,27.2,90,5.5,97,1001.1,1
2023-09-10,Tuyen_Quang,21.8233,105.2181,27.2,90,8.2,87,1000.1,1
2023-09-11,Tuyen_Quang,21.8233,105.2181,27.1,89,11.3,90,998.9,1
2023-09-12,Tuyen_Quang,21.8233,105.2181,26.7,94,8.2,100,999.8,1
2023-09-13,Tuyen_Quang,21.8233,105.2181,24.7,98,9.0,100,1001.7,1
2023-09-14,Tuyen_Quang,21.8233,105.2181,23.8,98,7.2,100,1003.4,1
2023-09-15,Tuyen_Quang,21.8233,105.2181,25.4,89,7.3,74,1004.4,1
2023-09-16,Tuyen_Quang,21.8233,105.2181,26.3,88,6.6,90,1005.0,1
2023-09-17,Tuyen_Quang,21.8233,105.2181,25.5,94,12.2,96,1004.7,1
2023-09-18,Tuyen_Quang,21.8233,105.2181,26.0,91,7.0,100,1005.0,1
2023-09-19,Tuyen_Quang,21.8233,105.2181,26.9,89,9.7,64,1005.2,1
2023-09-20,Tuyen_Quang,21.8233,105.2181,27.2,89,8.8,58,1004.8,1
2023-09-21,Tuyen_Quang,21.8233,105.2181,27.7,89,7.2,44,1005.3,1
2023-09-22,Tuyen_Quang,21.8233,105.2181,28.2,84,8.4,45,1004.8,1
2023-09-23,Tuyen_Quang,21.8233,105.2181,27.9,84,9.5,19,1004.9,1
2023-09-24,Tuyen_Quang,21.8233,105.2181,27.9,80,6.2,25,1004.4,0
2023-09-25,Tuyen_Quang,21.8233,105.2181,27.5,83,13.2,43,1004.5,1
2023-09-26,Tuyen_Quang,21.8233,105.2181,25.8,92,9.0,85,1004.8,1
2023-09-27,Tuyen_Quang,21.8233,105.2181,25.0,95,9.8,100,1005.1,1
2023-09-28,Tuyen_Quang,21.8233,105.2181,24.5,98,6.4,100,1007.3,1
2023-09-29,Tuyen_Quang,21.8233,105.2181,25.7,94,7.6,76,1007.8,1
2023-09-30,Tuyen_Quang,21.8233,105.2181,26.5,88,7.8,45,1006.6,1
2023-10-01,Tuyen_Quang,21.8233,105.2181,27.2,86,6.1,21,1004.9,1
2023-10-02,Tuyen_Quang,21.8233,105.2181,27.4,81,6.6,16,1005.7,0
2023-10-03,Tuyen_Quang,21.8233,105.2181,27.2,82,6.1,48,1005.9,0
2023-10-04,Tuyen_Quang,21.8233,105.2181,27.5,82,6.8,8,1005.3,0
2023-10-05,Tuyen_Quang,21.8233,105.2181,27.9,83,8.7,19,1003.9,1
2023-10-06,Tuyen_Quang,21.8233,105.2181,27.2,85,13.8,57,1004.3,1
2023-10-07,Tuyen_Quang,21.8233,105.2181,23.7,98,9.4,100,1007.6,1
2023-10-08,Tuyen_Quang,21.8233,105.2181,24.9,81,8.0,80,1009.5,1
2023-10-09,Tuyen_Quang,21.8233,105.2181,25.3,70,9.8,78,1010.9,0
2023-10-10,Tuyen_Quang,21.8233,105.2181,24.5,79,7.2,78,1012.0,1
2023-10-11,Tuyen_Quang,21.8233,105.2181,24.2,73,8.2,71,1012.7,0
2023-10-12,Tuyen_Quang,21.8233,105.2181,24.1,78,5.5,59,1013.1,0
2023-10-13,Tuyen_Quang,21.8233,105.2181,24.3,82,8.4,51,1011.5,1
2023-10-14,Tuyen_Quang,21.8233,105.2181,23.9,79,11.0,93,1009.8,0
2023-10-15,Tuyen_Quang,21.8233,105.2181,24.0,81,6.7,68,1009.6,1
2023-10-16,Tuyen_Quang,21.8233,105.2181,24.3,76,7.0,74,1010.1,0
2023-10-17,Tuyen_Quang,21.8233,105.2181,24.9,74,7.6,45,1009.5,0
2023-10-18,Tuyen_Quang,21.8233,105.2181,24.9,77,8.7,87,1008.5,0
2023-10-19,Tuyen_Quang,21.8233,105.2181,26.5,76,12.8,56,1007.0,0
2023-10-20,Tuyen_Quang,21.8233,105.2181,25.6,67,17.3,76,1011.2,1
2023-10-21,Tuyen_Quang,21.8233,105.2181,23.3,65,9.2,45,1014.1,0
2023-10-22,Tuyen_Quang,21.8233,105.2181,23.3,74,7.4,61,1013.9,0
2023-10-23,Tuyen_Quang,21.8233,105.2181,23.5,79,5.1,50,1012.4,0
2023-10-24,Tuyen_Quang,21.8233,105.2181,24.3,81,8.6,53,1011.4,0
2023-10-25,Tuyen_Quang,21.8233,105.2181,25.8,78,6.3,35,1010.3,1
2023-10-26,Tuyen_Quang,21.8233,105.2181,26.2,77,5.9,42,1009.1,1
2023-10-27,Tuyen_Quang,21.8233,105.2181,26.3,73,12.0,44,1008.3,0
2023-10-28,Tuyen_Quang,21.8233,105.2181,25.2,78,12.4,99,1009.5,1
2023-10-29,Tuyen_Quang,21.8233,105.2181,23.7,84,10.9,99,1011.0,1
2023-10-30,Tuyen_Quang,21.8233,105.2181,24.2,79,5.7,91,1013.1,1
2023-10-31,Tuyen_Quang,21.8233,105.2181,24.2,75,6.1,71,1013.8,0
2023-11-01,Tuyen_Quang,21.8233,105.2181,23.5,77,7.2,22,1012.7,1
2023-11-02,Tuyen_Quang,21.8233,105.2181,23.5,79,7.6,28,1009.5,0
2023-11-03,Tuyen_Quang,21.8233,105.2181,24.3,81,8.7,59,1006.8,1
2023-11-04,Tuyen_Quang,21.8233,105.2181,25.6,84,10.9,67,1006.9,1
2023-11-05,Tuyen_Quang,21.8233,105.2181,26.6,83,10.6,82,1007.5,1
2023-11-06,Tuyen_Quang,21.8233,105.2181,24.1,91,11.3,95,1010.8,1
2023-11-07,Tuyen_Quang,21.8233,105.2181,23.1,87,7.0,87,1011.5,1
2023-11-08,Tuyen_Quang,21.8233,105.2181,24.2,83,9.1,69,1008.8,0
2023-11-09,Tuyen_Quang,21.8233,105.2181,25.4,85,7.9,42,1007.9,1
2023-11-10,Tuyen_Quang,21.8233,105.2181,25.7,88,8.3,44,1009.3,1
2023-11-11,Tuyen_Quang,21.8233,105.2181,26.1,85,11.2,36,1010.3,1
2023-11-12,Tuyen_Quang,21.8233,105.2181,24.1,88,15.7,74,1013.4,1
2023-11-13,Tuyen_Quang,21.8233,105.2181,17.7,77,16.0,99,1019.0,1
2023-11-14,Tuyen_Quang,21.8233,105.2181,17.6,74,4.7,92,1018.5,0
2023-11-15,Tuyen_Quang,21.8233,105.2181,19.5,80,7.2,99,1016.5,0
2023-11-16,Tuyen_Quang,21.8233,105.2181,18.5,75,16.7,65,1023.0,1
2023-11-17,Tuyen_Quang,21.8233,105.2181,17.9,67,8.2,29,1021.8,0
2023-11-18,Tuyen_Quang,21.8233,105.2181,17.4,71,6.6,18,1018.7,0
2023-11-19,Tuyen_Quang,21.8233,105.2181,18.2,73,5.9,49,1016.4,0
2023-11-20,Tuyen_Quang,21.8233,105.2181,18.4,75,7.3,3,1014.3,0
2023-11-21,Tuyen_Quang,21.8233,105.2181,18.3,78,9.1,0,1011.6,0
2023-11-22,Tuyen_Quang,21.8233,105.2181,19.2,84,5.9,45,1010.8,1
2023-11-23,Tuyen_Quang,21.8233,105.2181,20.8,83,5.9,46,1012.0,0
2023-11-24,Tuyen_Quang,21.8233,105.2181,21.3,85,7.5,39,1013.8,1
2023-11-25,Tuyen_Quang,21.8233,105.2181,21.6,81,6.5,51,1014.2,1
2023-11-26,Tuyen_Quang,21.8233,105.2181,21.3,79,7.1,86,1015.3,0
2023-11-27,Tuyen_Quang,21.8233,105.2181,21.4,80,6.5,28,1014.4,1
2023-11-28,Tuyen_Quang,21.8233,105.2181,20.3,76,7.1,21,1013.5,0
2023-11-29,Tuyen_Quang,21.8233,105.2181,19.3,85,8.7,70,1012.5,1
2023-11-30,Tuyen_Quang,21.8233,105.2181,21.9,82,10.2,81,1014.7,1
2023-12-01,Tuyen_Quang,21.8233,105.2181,19.0,76,13.4,100,1016.7,1
2023-12-02,Tuyen_Quang,21.8233,105.2181,18.0,77,7.6,100,1016.6,1
2023-12-03,Tuyen_Quang,21.8233,105.2181,18.8,79,6.2,100,1015.6,1
2023-12-04,Tuyen_Quang,21.8233,105.2181,19.0,80,6.2,100,1013.6,1
2023-12-05,Tuyen_Quang,21.8233,105.2181,19.4,82,7.9,100,1010.7,0
2023-12-06,Tuyen_Quang,21.8233,105.2181,19.6,89,5.5,92,1014.7,1
2023-12-07,Tuyen_Quang,21.8233,105.2181,18.7,77,7.1,66,1014.1,0
2023-12-08,Tuyen_Quang,21.8233,105.2181,19.1,79,8.2,41,1009.6,0
2023-12-09,Tuyen_Quang,21.8233,105.2181,20.9,84,8.4,47,1007.1,0
2023-12-10,Tuyen_Quang,21.8233,105.2181,22.6,92,11.3,90,1005.7,1
2023-12-11,Tuyen_Quang,21.8233,105.2181,24.6,87,10.2,65,1007.8,1
2023-12-12,Tuyen_Quang,21.8233,105.2181,23.7,90,10.6,83,1010.0,1
2023-12-13,Tuyen_Quang,21.8233,105.2181,23.0,86,16.6,69,1011.3,1
2023-12-14,Tuyen_Quang,21.8233,105.2181,23.6,82,15.2,51,1010.5,1
2023-12-15,Tuyen_Quang,21.8233,105.2181,23.9,85,9.8,93,1009.2,0
2023-12-16,Tuyen_Quang,21.8233,105.2181,18.3,70,23.6,99,1015.6,1
2023-12-17,Tuyen_Quang,21.8233,105.2181,13.5,61,12.3,95,1020.0,0
2023-12-18,Tuyen_Quang,21.8233,105.2181,14.6,70,7.0,100,1017.2,0
2023-12-19,Tuyen_Quang,21.8233,105.2181,14.3,70,9.1,100,1018.3,1
2023-12-20,Tuyen_Quang,21.8233,105.2181,13.6,66,9.1,79,1020.8,0
2023-12-21,Tuyen_Quang,21.8233,105.2181,13.5,60,12.4,93,1022.8,0
2023-12-22,Tuyen_Quang,21.8233,105.2181,12.1,55,17.4,82,1026.0,0
2023-12-23,Tuyen_Quang,21.8233,105.2181,11.7,66,6.5,53,1025.7,0
2023-12-24,Tuyen_Quang,21.8233,105.2181,12.9,66,7.4,65,1025.6,0
2023-12-25,Tuyen_Quang,21.8233,105.2181,13.1,65,6.8,1,1021.6,0
2023-12-26,Tuyen_Quang,21.8233,105.2181,13.4,68,6.1,0,1019.7,0
2023-12-27,Tuyen_Quang,21.8233,105.2181,15.1,71,6.6,1,1018.7,0
2023-12-28,Tuyen_Quang,21.8233,105.2181,16.1,81,8.9,11,1016.6,0
2023-12-29,Tuyen_Quang,21.8233,105.2181,17.2,85,7.4,60,1015.1,0
2023-12-30,Tuyen_Quang,21.8233,105.2181,19.5,85,6.7,63,1013.5,1
2023-12-31,Tuyen_Quang,21.8233,105.2181,20.1,86,6.6,69,1012.8,0
2024-01-01,Tuyen_Quang,21.8233,105.2181,20.3,84,11.4,69,1012.0,1
2024-01-02,Tuyen_Quang,21.8233,105.2181,21.6,82,13.1,57,1011.1,1
2024-01-03,Tuyen_Quang,21.8233,105.2181,17.7,78,14.8,72,1015.8,1
2024-01-04,Tuyen_Quang,21.8233,105.2181,17.5,72,11.4,88,1014.2,0
2024-01-05,Tuyen_Quang,21.8233,105.2181,18.7,82,6.8,97,1013.2,1
2024-01-06,Tuyen_Quang,21.8233,105.2181,20.8,81,10.9,46,1013.8,1
2024-01-07,Tuyen_Quang,21.8233,105.2181,20.2,84,14.1,63,1013.2,1
2024-01-08,Tuyen_Quang,21.8233,105.2181,21.2,84,9.2,67,1011.3,1
2024-01-09,Tuyen_Quang,21.8233,105.2181,21.5,86,11.9,67,1010.4,1
2024-01-10,Tuyen_Quang,21.8233,105.2181,18.5,90,13.7,100,1012.3,1
2024-01-11,Tuyen_Quang,21.8233,105.2181,17.3,97,5.5,100,1013.1,1
2024-01-12,Tuyen_Quang,21.8233,105.2181,18.0,94,8.7,100,1012.4,1
2024-01-13,Tuyen_Quang,21.8233,105.2181,18.4,94,9.0,100,1013.4,1
2024-01-14,Tuyen_Quang,21.8233,105.2181,19.1,88,6.8,98,1014.8,1
2024-01-15,Tuyen_Quang,21.8233,105.2181,20.2,86,10.9,55,1014.6,1
2024-01-16,Tuyen_Quang,21.8233,105.2181,19.2,87,12.0,84,1013.7,1
2024-01-17,Tuyen_Quang,21.8233,105.2181,20.3,88,14.7,72,1012.0,1
2024-01-18,Tuyen_Quang,21.8233,105.2181,21.2,85,12.7,74,1010.0,1
2024-01-19,Tuyen_Quang,21.8233,105.2181,20.8,88,11.9,82,1008.9,1
2024-01-20,Tuyen_Quang,21.8233,105.2181,20.3,84,16.6,88,1010.7,1
2024-01-21,Tuyen_Quang,21.8233,105.2181,15.3,85,12.7,100,1014.3,1
2024-01-22,Tuyen_Quang,21.8233,105.2181,11.6,89,15.9,100,1019.6,1
2024-01-23,Tuyen_Quang,21.8233,105.2181,10.4,58,11.2,99,1024.3,0
2024-01-24,Tuyen_Quang,21.8233,105.2181,9.6,60,9.3,100,1024.6,0
2024-01-25,Tuyen_Quang,21.8233,105.2181,10.4,61,7.6,99,1024.4,0
2024-01-26,Tuyen_Quang,21.8233,105.2181,11.2,67,8.5,100,1023.1,1
2024-01-27,Tuyen_Quang,21.8233,105.2181,10.8,81,7.8,100,1021.9,1
2024-01-28,Tuyen_Quang,21.8233,105.2181,11.8,79,4.2,100,1021.6,1
2024-01-29,Tuyen_Quang,21.8233,105.2181,12.9,87,6.3,98,1018.0,1
2024-01-30,Tuyen_Quang,21.8233,105.2181,15.1,85,6.4,100,1014.5,0
2024-01-31,Tuyen_Quang,21.8233,105.2181,17.5,88,7.5,99,1012.2,0
2024-02-01,Tuyen_Quang,21.8233,105.2181,19.5,89,6.5,81,1011.1,1
2024-02-02,Tuyen_Quang,21.8233,105.2181,21.1,90,10.4,72,1009.3,1
2024-02-03,Tuyen_Quang,21.8233,105.2181,22.5,89,15.0,79,1009.0,1
2024-02-04,Tuyen_Quang,21.8233,105.2181,22.6,89,11.8,66,1008.5,1
2024-02-05,Tuyen_Quang,21.8233,105.2181,22.4,89,15.5,92,1009.6,1
2024-02-06,Tuyen_Quang,21.8233,105.2181,21.1,85,15.2,97,1010.6,1
2024-02-07,Tuyen_Quang,21.8233,105.2181,16.9,80,12.2,100,1011.0,1
2024-02-08,Tuyen_Quang,21.8233,105.2181,13.7,70,10.7,100,1013.8,1
2024-02-09,Tuyen_Quang,21.8233,105.2181,13.4,72,8.8,100,1020.1,1
2024-02-10,Tuyen_Quang,21.8233,105.2181,15.2,76,6.6,89,1022.9,1
2024-02-11,Tuyen_Quang,21.8233,105.2181,15.5,76,5.6,33,1022.1,0
2024-02-12,Tuyen_Quang,21.8233,105.2181,16.5,73,7.7,10,1017.9,0
2024-02-13,Tuyen_Quang,21.8233,105.2181,17.4,86,11.0,83,1015.0,1
2024-02-14,Tuyen_Quang,21.8233,105.2181,20.4,86,12.6,100,1012.2,1
2024-02-15,Tuyen_Quang,21.8233,105.2181,21.0,86,7.1,92,1013.9,1
2024-02-16,Tuyen_Quang,21.8233,105.2181,19.5,81,11.3,100,1014.3,1
2024-02-17,Tuyen_Quang,21.8233,105.2181,20.0,85,12.2,95,1008.6,1
2024-02-18,Tuyen_Quang,21.8233,105.2181,22.1,85,6.9,64,1006.0,1
2024-02-19,Tuyen_Quang,21.8233,105.2181,24.1,84,10.3,44,1005.5,0
2024-02-20,Tuyen_Quang,21.8233,105.2181,24.8,84,11.5,53,1003.3,1
2024-02-21,Tuyen_Quang,21.8233,105.2181,25.3,84,8.1,70,1003.8,0
2024-02-22,Tuyen_Quang,21.8233,105.2181,25.1,83,17.0,82,1007.3,1
2024-02-23,Tuyen_Quang,21.8233,105.2181,18.4,82,18.9,100,1012.1,1
2024-02-24,Tuyen_Quang,21.8233,105.2181,14.5,85,10.1,100,1015.8,1
2024-02-25,Tuyen_Quang,21.8233,105.2181,14.3,78,9.2,100,1016.2,1
2024-02-26,Tuyen_Quang,21.8233,105.2181,14.9,79,10.3,100,1015.8,1
2024-02-27,Tuyen_Quang,21.8233,105.2181,13.9,73,9.5,100,1016.2,1
2024-02-28,Tuyen_Quang,21.8233,105.2181,15.0,78,8.0,100,1012.4,0
2024-02-29,Tuyen_Quang,21.8233,105.2181,15.8,79,10.9,100,1013.7,1
2024-03-01,Tuyen_Quang,21.8233,105.2181,14.8,66,10.5,100,1017.3,0
2024-03-02,Tuyen_Quang,21.8233,105.2181,14.1,69,10.5,74,1017.1,0
2024-03-03,Tuyen_Quang,21.8233,105.2181,14.5,82,10.6,72,1009.8,0
2024-03-04,Tuyen_Quang,21.8233,105.2181,18.5,84,4.6,62,1002.4,0
2024-03-05,Tuyen_Quang,21.8233,105.2181,22.1,85,7.6,34,999.6,0
2024-03-06,Tuyen_Quang,21.8233,105.2181,22.6,73,16.6,27,1004.1,0
2024-03-07,Tuyen_Quang,21.8233,105.2181,20.2,66,11.9,96,1010.4,0
2024-03-08,Tuyen_Quang,21.8233,105.2181,19.5,67,10.9,100,1012.3,0
2024-03-09,Tuyen_Quang,21.8233,105.2181,18.1,76,9.7,100,1012.1,1
2024-03-10,Tuyen_Quang,21.8233,105.2181,17.7,80,8.2,100,1013.8,1
2024-03-11,Tuyen_Quang,21.8233,105.2181,18.9,80,9.4,63,1015.4,1
2024-03-12,Tuyen_Quang,21.8233,105.2181,19.6,78,13.2,37,1011.8,0
2024-03-13,Tuyen_Quang,21.8233,105.2181,20.3,85,7.6,99,1009.5,1
2024-03-14,Tuyen_Quang,21.8233,105.2181,21.1,87,12.4,100,1009.0,1
2024-03-15,Tuyen_Quang,21.8233,105.2181,21.2,88,7.2,95,1008.3,1
2024-03-16,Tuyen_Quang,21.8233,105.2181,24.0,87,12.3,86,1009.1,1
2024-03-17,Tuyen_Quang,21.8233,105.2181,24.5,86,11.3,97,1008.4,1
2024-03-18,Tuyen_Quang,21.8233,105.2181,24.4,87,11.2,99,1008.2,1
2024-03-19,Tuyen_Quang,21.8233,105.2181,21.0,79,21.1,99,1014.9,1
2024-03-20,Tuyen_Quang,21.8233,105.2181,19.8,70,8.2,97,1017.4,0
2024-03-21,Tuyen_Quang,21.8233,105.2181,19.7,75,11.7,32,1010.3,0
2024-03-22,Tuyen_Quang,21.8233,105.2181,20.9,86,10.7,81,1003.8,0
2024-03-23,Tuyen_Quang,21.8233,105.2181,23.6,88,10.9,63,1002.1,1
2024-03-24,Tuyen_Quang,21.8233,105.2181,24.7,89,12.9,71,1004.7,1
2024-03-25,Tuyen_Quang,21.8233,105.2181,25.8,85,9.5,61,1006.6,1
2024-03-26,Tuyen_Quang,21.8233,105.2181,25.8,83,13.8,88,1010.1,1
2024-03-27,Tuyen_Quang,21.8233,105.2181,24.6,85,10.5,99,1009.5,1
2024-03-28,Tuyen_Quang,21.8233,105.2181,24.4,86,12.0,85,1008.0,1
2024-03-29,Tuyen_Quang,21.8233,105.2181,23.1,88,10.2,78,1008.4,1
2024-03-30,Tuyen_Quang,21.8233,105.2181,23.9,87,7.4,65,1005.7,0
2024-03-31,Tuyen_Quang,21.8233,105.2181,26.5,84,5.8,77,1002.5,0
2024-04-01,Tuyen_Quang,21.8233,105.2181,27.4,84,8.5,40,998.6,0
2024-04-02,Tuyen_Quang,21.8233,105.2181,27.5,81,10.2,10,997.4,0
2024-04-03,Tuyen_Quang,21.8233,105.2181,28.2,80,8.3,4,998.7,0
2024-04-04,Tuyen_Quang,21.8233,105.2181,28.6,81,15.1,14,999.6,0
2024-04-05,Tuyen_Quang,21.8233,105.2181,26.1,79,16.6,93,1002.6,1
2024-04-06,Tuyen_Quang,21.8233,105.2181,24.7,84,14.6,100,1004.0,1
2024-04-07,Tuyen_Quang,21.8233,105.2181,24.4,86,14.1,100,1003.3,1
2024-04-08,Tuyen_Quang,21.8233,105.2181,22.9,86,13.8,100,1007.5,1
2024-04-09,Tuyen_Quang,21.8233,105.2181,23.6,79,9.6,100,1010.0,1
2024-04-10,Tuyen_Quang,21.8233,105.2181,23.8,86,11.8,100,1009.5,1
2024-04-11,Tuyen_Quang,21.8233,105.2181,25.1,87,11.3,91,1008.4,1
2024-04-12,Tuyen_Quang,21.8233,105.2181,26.6,83,11.7,97,1006.3,1
2024-04-13,Tuyen_Quang,21.8233,105.2181,26.8,84,9.7,72,1003.5,1
2024-04-14,Tuyen_Quang,21.8233,105.2181,27.4,81,9.0,82,1003.5,0
2024-04-15,Tuyen_Quang,21.8233,105.2181,27.6,82,13.2,92,1004.6,1
2024-04-16,Tuyen_Quang,21.8233,105.2181,27.5,80,14.5,59,1002.5,1
2024-04-17,Tuyen_Quang,21.8233,105.2181,27.7,80,9.7,77,1001.4,1
2024-04-18,Tuyen_Quang,21.8233,105.2181,27.7,79,11.1,59,999.6,0
2024-04-19,Tuyen_Quang,21.8233,105.2181,27.7,83,11.9,62,996.8,1
2024-04-20,Tuyen_Quang,21.8233,105.2181,28.8,79,9.1,38,996.3,1
2024-04-21,Tuyen_Quang,21.8233,105.2181,26.8,84,16.0,59,999.7,1
2024-04-22,Tuyen_Quang,21.8233,105.2181,25.6,88,8.6,88,1001.5,1
2024-04-23,Tuyen_Quang,21.8233,105.2181,27.2,83,12.6,83,1001.9,1
2024-04-24,Tuyen_Quang,21.8233,105.2181,25.8,88,9.5,86,1002.3,1
2024-04-25,Tuyen_Quang,21.8233,105.2181,27.8,84,8.0,52,998.6,1
2024-04-26,Tuyen_Quang,21.8233,105.2181,29.7,81,9.7,32,996.0,0
2024-04-27,Tuyen_Quang,21.8233,105.2181,29.8,73,8.7,16,994.8,0
2024-04-28,Tuyen_Quang,21.8233,105.2181,29.9,73,12.0,1,997.1,0
2024-04-29,Tuyen_Quang,21.8233,105.2181,30.2,79,11.5,37,996.8,0
2024-04-30,Tuyen_Quang,21.8233,105.2181,30.8,71,22.0,14,994.5,0
2024-05-01,Tuyen_Quang,21.8233,105.2181,27.2,71,20.5,98,1001.1,1
2024-05-02,Tuyen_Quang,21.8233,105.2181,24.6,81,12.6,100,1003.7,1
2024-05-03,Tuyen_Quang,21.8233,105.2181,24.9,89,11.8,89,1002.9,1
2024-05-04,Tuyen_Quang,21.8233,105.2181,28.1,80,13.3,42,999.9,1
2024-05-05,Tuyen_Quang,21.8233,105.2181,25.9,79,12.0,96,1003.9,1
2024-05-06,Tuyen_Quang,21.8233,105.2181,24.9,92,9.0,81,1006.2,1
2024-05-07,Tuyen_Quang,21.8233,105.2181,25.9,87,9.8,95,1007.9,1
2024-05-08,Tuyen_Quang,21.8233,105.2181,24.6,94,9.8,100,1007.7,1
2024-05-09,Tuyen_Quang,21.8233,105.2181,24.6,91,7.8,94,1008.0,1
2024-05-10,Tuyen_Quang,21.8233,105.2181,26.0,86,15.1,73,1006.1,1
2024-05-11,Tuyen_Quang,21.8233,105.2181,27.5,83,9.9,42,1005.4,1
2024-05-12,Tuyen_Quang,21.8233,105.2181,26.6,89,14.1,60,1006.3,1
2024-05-13,Tuyen_Quang,21.8233,105.2181,25.3,90,9.0,75,1007.7,1
2024-05-14,Tuyen_Quang,21.8233,105.2181,27.0,81,9.6,37,1006.2,1
2024-05-15,Tuyen_Quang,21.8233,105.2181,26.0,88,10.7,76,1007.7,1
2024-05-16,Tuyen_Quang,21.8233,105.2181,26.1,81,8.7,88,1008.7,1
2024-05-17,Tuyen_Quang,21.8233,105.2181,27.0,76,12.6,80,1005.2,0
2024-05-18,Tuyen_Quang,21.8233,105.2181,27.0,85,15.9,95,1000.1,1
2024-05-19,Tuyen_Quang,21.8233,105.2181,26.4,91,8.8,94,998.7,1
2024-05-20,Tuyen_Quang,21.8233,105.2181,26.2,90,8.5,95,1002.1,1
2024-05-21,Tuyen_Quang,21.8233,105.2181,26.9,87,12.0,87,1003.7,1
2024-05-22,Tuyen_Quang,21.8233,105.2181,26.1,89,10.8,80,1004.6,1
2024-05-23,Tuyen_Quang,21.8233,105.2181,26.4,88,10.6,72,1003.7,1
2024-05-24,Tuyen_Quang,21.8233,105.2181,26.8,86,8.5,51,1003.3,1
2024-05-25,Tuyen_Quang,21.8233,105.2181,26.5,91,10.1,97,1002.7,1
2024-05-26,Tuyen_Quang,21.8233,105.2181,28.2,87,9.0,83,999.9,1
2024-05-27,Tuyen_Quang,21.8233,105.2181,29.8,81,8.6,75,996.3,1
2024-05-28,Tuyen_Quang,21.8233,105.2181,28.6,86,8.7,100,996.9,1
2024-05-29,Tuyen_Quang,21.8233,105.2181,30.3,80,11.8,86,995.9,1
2024-05-30,Tuyen_Quang,21.8233,105.2181,27.8,90,15.8,100,998.4,1
2024-05-31,Tuyen_Quang,21.8233,105.2181,26.3,86,10.7,84,1002.0,1
2024-06-01,Tuyen_Quang,21.8233,105.2181,28.5,77,9.1,45,1002.9,1
2024-06-02,Tuyen_Quang,21.8233,105.2181,28.8,82,9.3,70,1001.6,1
2024-06-03,Tuyen_Quang,21.8233,105.2181,27.9,90,7.6,100,999.5,1
2024-06-04,Tuyen_Quang,21.8233,105.2181,27.8,89,14.2,91,1000.2,1
2024-06-05,Tuyen_Quang,21.8233,105.2181,26.7,89,13.9,99,1003.3,1
2024-06-06,Tuyen_Quang,21.8233,105.2181,26.9,85,10.2,98,1003.8,1
2024-06-07,Tuyen_Quang,21.8233,105.2181,26.8,88,12.1,99,1000.7,1
2024-06-08,Tuyen_Quang,21.8233,105.2181,26.2,94,8.7,99,998.9,1
2024-06-09,Tuyen_Quang,21.8233,105.2181,25.8,97,9.7,100,999.6,1
2024-06-10,Tuyen_Quang,21.8233,105.2181,26.0,95,7.3,97,1001.1,1
2024-06-11,Tuyen_Quang,21.8233,105.2181,27.3,90,12.0,97,1000.5,1
2024-06-12,Tuyen_Quang,21.8233,105.2181,28.6,86,10.8,100,999.4,1
2024-06-13,Tuyen_Quang,21.8233,105.2181,29.6,83,8.7,100,996.5,1
2024-06-14,Tuyen_Quang,21.8233,105.2181,30.2,78,7.9,100,995.2,0
2024-06-15,Tuyen_Quang,21.8233,105.2181,28.1,89,13.2,99,997.2,1
2024-06-16,Tuyen_Quang,21.8233,105.2181,28.7,85,9.2,100,998.1,1
2024-06-17,Tuyen_Quang,21.8233,105.2181,29.6,83,6.9,100,997.2,1
2024-06-18,Tuyen_Quang,21.8233,105.2181,28.7,85,8.1,100,996.6,1
2024-06-19,Tuyen_Quang,21.8233,105.2181,29.7,81,9.1,100,995.8,1
2024-06-20,Tuyen_Quang,21.8233,105.2181,30.1,80,9.0,100,995.9,1
2024-06-21,Tuyen_Quang,21.8233,105.2181,29.3,85,12.8,100,996.8,1
2024-06-22,Tuyen_Quang,21.8233,105.2181,27.9,89,11.6,99,998.6,1
2024-06-23,Tuyen_Quang,21.8233,105.2181,28.5,87,10.8,93,998.8,1
2024-06-24,Tuyen_Quang,21.8233,105.2181,26.4,94,7.4,100,999.2,1
2024-06-25,Tuyen_Quang,21.8233,105.2181,25.9,95,8.8,100,1000.9,1
2024-06-26,Tuyen_Quang,21.8233,105.2181,25.9,94,12.4,99,1003.6,1
2024-06-27,Tuyen_Quang,21.8233,105.2181,27.0,88,11.2,90,1004.1,1
2024-06-28,Tuyen_Quang,21.8233,105.2181,28.3,84,14.5,84,1000.7,1
2024-06-29,Tuyen_Quang,21.8233,105.2181,29.7,79,12.3,100,998.3,1
2024-06-30,Tuyen_Quang,21.8233,105.2181,30.1,79,13.2,100,996.9,0
2024-07-01,Tuyen_Quang,21.8233,105.2181,30.4,73,10.2,99,995.0,0
2024-07-02,Tuyen_Quang,21.8233,105.2181,27.9,90,9.1,100,997.5,1
2024-07-03,Tuyen_Quang,21.8233,105.2181,25.9,97,12.9,100,1002.3,1
2024-07-04,Tuyen_Quang,21.8233,105.2181,26.5,90,13.2,97,1004.4,1
2024-07-05,Tuyen_Quang,21.8233,105.2181,27.8,85,12.6,65,1001.4,1
2024-07-06,Tuyen_Quang,21.8233,105.2181,28.1,84,12.4,68,1000.7,1
2024-07-07,Tuyen_Quang,21.8233,105.2181,28.7,82,14.1,19,1001.2,1
2024-07-08,Tuyen_Quang,21.8233,105.2181,29.0,81,12.4,41,1000.1,1
2024-07-09,Tuyen_Quang,21.8233,105.2181,29.2,83,12.2,71,999.7,1
2024-07-10,Tuyen_Quang,21.8233,105.2181,28.5,85,10.5,55,1000.3,1
2024-07-11,Tuyen_Quang,21.8233,105.2181,28.6,86,9.7,75,998.7,1
2024-07-12,Tuyen_Quang,21.8233,105.2181,28.7,85,10.4,99,996.8,1
2024-07-13,Tuyen_Quang,21.8233,105.2181,27.4,92,8.5,93,996.8,1
2024-07-14,Tuyen_Quang,21.8233,105.2181,27.2,91,9.5,99,1000.0,1
2024-07-15,Tuyen_Quang,21.8233,105.2181,27.5,88,8.8,85,1002.0,1
2024-07-16,Tuyen_Quang,21.8233,105.2181,27.1,89,11.0,85,1002.0,1
2024-07-17,Tuyen_Quang,21.8233,105.2181,27.1,90,9.8,93,1001.0,1
2024-07-18,Tuyen_Quang,21.8233,105.2181,26.4,93,12.8,99,1000.2,1
2024-07-19,Tuyen_Quang,21.8233,105.2181,26.5,91,10.5,85,999.9,1
2024-07-20,Tuyen_Quang,21.8233,105.2181,26.7,94,9.1,94,1000.8,1
2024-07-21,Tuyen_Quang,21.8233,105.2181,27.8,89,7.3,75,1000.9,1
2024-07-22,Tuyen_Quang,21.8233,105.2181,28.2,87,8.6,92,998.5,1
2024-07-23,Tuyen_Quang,21.8233,105.2181,26.9,94,8.2,100,994.0,1
2024-07-24,Tuyen_Quang,21.8233,105.2181,26.8,94,7.2,99,991.8,1
2024-07-25,Tuyen_Quang,21.8233,105.2181,28.5,88,12.7,66,991.2,1
2024-07-26,Tuyen_Quang,21.8233,105.2181,30.6,81,8.4,70,991.5,0
2024-07-27,Tuyen_Quang,21.8233,105.2181,31.0,81,14.4,94,994.6,1
2024-07-28,Tuyen_Quang,21.8233,105.2181,27.6,93,9.4,100,997.5,1
2024-07-29,Tuyen_Quang,21.8233,105.2181,25.4,96,12.3,100,997.5,1
2024-07-30,Tuyen_Quang,21.8233,105.2181,26.1,94,7.9,100,997.3,1
2024-07-31,Tuyen_Quang,21.8233,105.2181,25.7,97,6.6,100,998.3,1
2024-08-01,Tuyen_Quang,21.8233,105.2181,26.4,92,11.2,100,998.8,1
2024-08-02,Tuyen_Quang,21.8233,105.2181,25.4,96,10.4,97,998.6,1
2024-08-03,Tuyen_Quang,21.8233,105.2181,26.3,92,8.7,77,1000.6,1
2024-08-04,Tuyen_Quang,21.8233,105.2181,26.9,91,7.6,60,1002.5,1
2024-08-05,Tuyen_Quang,21.8233,105.2181,27.8,87,9.1,50,1001.8,1
2024-08-06,Tuyen_Quang,21.8233,105.2181,27.8,86,10.6,67,1001.0,1
2024-08-07,Tuyen_Quang,21.8233,105.2181,28.2,85,13.6,53,1001.0,1
2024-08-08,Tuyen_Quang,21.8233,105.2181,28.9,84,9.1,43,1000.4,1
2024-08-09,Tuyen_Quang,21.8233,105.2181,30.1,80,8.9,36,997.6,1
2024-08-10,Tuyen_Quang,21.8233,105.2181,30.4,81,13.0,60,996.4,1
2024-08-11,Tuyen_Quang,21.8233,105.2181,27.7,89,17.3,100,997.5,1
2024-08-12,Tuyen_Quang,21.8233,105.2181,27.3,90,5.5,100,997.9,1
2024-08-13,Tuyen_Quang,21.8233,105.2181,26.2,95,6.0,100,1000.7,1
2024-08-14,Tuyen_Quang,21.8233,105.2181,26.6,95,3.7,100,1001.5,1
2024-08-15,Tuyen_Quang,21.8233,105.2181,27.7,90,7.1,95,1000.3,1
2024-08-16,Tuyen_Quang,21.8233,105.2181,28.1,87,11.1,42,1000.2,1
2024-08-17,Tuyen_Quang,21.8233,105.2181,27.9,88,7.6,97,1001.6,1
2024-08-18,Tuyen_Quang,21.8233,105.2181,28.3,89,8.9,76,1001.5,1
2024-08-19,Tuyen_Quang,21.8233,105.2181,28.2,91,6.6,95,999.8,1
2024-08-20,Tuyen_Quang,21.8233,105.2181,27.9,91,8.2,91,1000.1,1
2024-08-21,Tuyen_Quang,21.8233,105.2181,26.9,92,6.7,100,1001.8,1
2024-08-22,Tuyen_Quang,21.8233,105.2181,26.5,94,7.6,100,1003.1,1
2024-08-23,Tuyen_Quang,21.8233,105.2181,26.1,94,8.8,100,1004.6,1
2024-08-24,Tuyen_Quang,21.8233,105.2181,25.9,92,8.4,100,1003.8,1
2024-08-25,Tuyen_Quang,21.8233,105.2181,25.3,95,5.5,100,1002.9,1
2024-08-26,Tuyen_Quang,21.8233,105.2181,26.8,88,10.7,71,1002.4,1
2024-08-27,Tuyen_Quang,21.8233,105.2181,27.4,88,8.9,51,1002.0,1
2024-08-28,Tuyen_Quang,21.8233,105.2181,29.3,84,7.4,28,1000.1,1
2024-08-29,Tuyen_Quang,21.8233,105.2181,28.9,86,8.7,71,999.8,1
2024-08-30,Tuyen_Quang,21.8233,105.2181,27.2,87,8.3,76,1001.3,1
2024-08-31,Tuyen_Quang,21.8233,105.2181,27.4,88,8.9,79,1002.9,1
2024-09-01,Tuyen_Quang,21.8233,105.2181,27.1,88,9.1,95,1003.4,1
2024-09-02,Tuyen_Quang,21.8233,105.2181,28.1,84,6.5,92,1003.7,1
2024-09-03,Tuyen_Quang,21.8233,105.2181,27.5,88,10.3,91,1003.3,1
2024-09-04,Tuyen_Quang,21.8233,105.2181,28.6,85,5.5,24,999.3,1
2024-09-05,Tuyen_Quang,21.8233,105.2181,29.4,82,7.8,27,997.6,1
2024-09-06,Tuyen_Quang,21.8233,105.2181,28.5,85,13.0,68,997.0,1
2024-09-07,Tuyen_Quang,21.8233,105.2181,24.8,98,26.8,100,993.9,1
2024-09-08,Tuyen_Quang,21.8233,105.2181,25.1,98,22.0,100,995.1,1
2024-09-09,Tuyen_Quang,21.8233,105.2181,24.7,98,16.6,100,999.3,1
2024-09-10,Tuyen_Quang,21.8233,105.2181,24.4,99,6.3,100,1002.3,1
2024-09-11,Tuyen_Quang,21.8233,105.2181,24.6,96,9.1,97,1004.0,1
2024-09-12,Tuyen_Quang,21.8233,105.2181,25.5,94,7.9,72,1003.4,1
2024-09-13,Tuyen_Quang,21.8233,105.2181,27.2,88,8.0,48,1001.3,1
2024-09-14,Tuyen_Quang,21.8233,105.2181,27.6,89,8.5,76,999.0,1
2024-09-15,Tuyen_Quang,21.8233,105.2181,27.7,87,10.9,82,998.5,1
2024-09-16,Tuyen_Quang,21.8233,105.2181,26.1,92,10.5,75,1001.2,1
2024-09-17,Tuyen_Quang,21.8233,105.2181,26.3,92,12.8,90,1002.1,1
2024-09-18,Tuyen_Quang,21.8233,105.2181,26.8,91,10.0,66,1000.9,1
2024-09-19,Tuyen_Quang,21.8233,105.2181,27.3,86,10.7,60,999.6,1
2024-09-20,Tuyen_Quang,21.8233,105.2181,26.9,92,10.2,91,999.8,1
2024-09-21,Tuyen_Quang,21.8233,105.2181,26.6,92,10.8,94,1001.1,1
2024-09-22,Tuyen_Quang,21.8233,105.2181,26.4,94,9.2,100,1002.6,1
2024-09-23,Tuyen_Quang,21.8233,105.2181,26.6,82,9.3,75,1005.4,0
2024-09-24,Tuyen_Quang,21.8233,105.2181,25.8,77,9.1,42,1005.9,1
2024-09-25,Tuyen_Quang,21.8233,105.2181,25.0,82,6.8,70,1006.7,1
2024-09-26,Tuyen_Quang,21.8233,105.2181,26.3,83,6.2,63,1006.7,0
2024-09-27,Tuyen_Quang,21.8233,105.2181,27.1,82,10.7,44,1005.6,1
2024-09-28,Tuyen_Quang,21.8233,105.2181,28.1,82,9.7,87,1003.1,1
2024-09-29,Tuyen_Quang,21.8233,105.2181,26.9,91,9.9,97,1002.0,1
2024-09-30,Tuyen_Quang,21.8233,105.2181,25.7,94,9.8,99,1002.1,1
2024-10-01,Tuyen_Quang,21.8233,105.2181,25.0,74,17.3,95,1007.0,1
2024-10-02,Tuyen_Quang,21.8233,105.2181,24.2,61,12.6,76,1011.0,0
2024-10-03,Tuyen_Quang,21.8233,105.2181,22.9,72,9.0,70,1011.5,0
2024-10-04,Tuyen_Quang,21.8233,105.2181,23.0,71,7.4,55,1011.0,0
2024-10-05,Tuyen_Quang,21.8233,105.2181,23.4,74,6.7,3,1010.1,0
2024-10-06,Tuyen_Quang,21.8233,105.2181,24.5,75,5.7,16,1010.6,0
2024-10-07,Tuyen_Quang,21.8233,105.2181,25.5,73,6.5,32,1011.6,0
2024-10-08,Tuyen_Quang,21.8233,105.2181,25.6,71,7.8,44,1010.9,0
2024-10-09,Tuyen_Quang,21.8233,105.2181,25.5,74,9.2,63,1009.8,0
2024-10-10,Tuyen_Quang,21.8233,105.2181,25.2,75,6.8,34,1008.9,0
2024-10-11,Tuyen_Quang,21.8233,105.2181,25.0,76,10.5,24,1008.4,0
2024-10-12,Tuyen_Quang,21.8233,105.2181,25.1,79,7.6,35,1009.0,0
2024-10-13,Tuyen_Quang,21.8233,105.2181,25.8,80,8.1,31,1008.7,1
2024-10-14,Tuyen_Quang,21.8233,105.2181,26.2,80,6.3,64,1007.9,1
2024-10-15,Tuyen_Quang,21.8233,105.2181,24.4,90,10.1,60,1008.7,1
2024-10-16,Tuyen_Quang,21.8233,105.2181,24.7,90,8.6,76,1009.3,1
2024-10-17,Tuyen_Quang,21.8233,105.2181,25.5,89,10.3,64,1007.3,1
2024-10-18,Tuyen_Quang,21.8233,105.2181,25.7,89,7.0,63,1006.7,1
2024-10-19,Tuyen_Quang,21.8233,105.2181,26.0,89,9.1,57,1009.1,1
2024-10-20,Tuyen_Quang,21.8233,105.2181,25.7,86,8.1,61,1011.2,1
2024-10-21,Tuyen_Quang,21.8233,105.2181,24.9,90,8.7,77,1010.4,1
2024-10-22,Tuyen_Quang,21.8233,105.2181,25.8,86,7.6,67,1010.8,1
2024-10-23,Tuyen_Quang,21.8233,105.2181,25.1,73,13.2,47,1011.5,1
2024-10-24,Tuyen_Quang,21.8233,105.2181,23.6,72,4.9,77,1008.5,0
2024-10-25,Tuyen_Quang,21.8233,105.2181,23.1,67,5.2,73,1006.1,0
2024-10-26,Tuyen_Quang,21.8233,105.2181,23.7,56,13.4,67,1005.0,0
2024-10-27,Tuyen_Quang,21.8233,105.2181,23.4,60,16.9,100,1006.8,1
2024-10-28,Tuyen_Quang,21.8233,105.2181,22.6,74,13.2,75,1007.7,1
2024-10-29,Tuyen_Quang,21.8233,105.2181,22.8,75,7.5,54,1007.3,1
2024-10-30,Tuyen_Quang,21.8233,105.2181,23.6,79,6.7,28,1007.5,0
2024-10-31,Tuyen_Quang,21.8233,105.2181,24.4,79,7.9,15,1006.1,0
2024-11-01,Tuyen_Quang,21.8233,105.2181,25.6,69,12.6,20,1008.5,1
2024-11-02,Tuyen_Quang,21.8233,105.2181,23.7,62,7.4,3,1012.8,0
2024-11-03,Tuyen_Quang,21.8233,105.2181,22.8,70,8.1,28,1013.1,0
2024-11-04,Tuyen_Quang,21.8233,105.2181,23.3,74,7.0,77,1013.3,0
2024-11-05,Tuyen_Quang,21.8233,105.2181,23.4,78,9.4,80,1014.8,1
2024-11-06,Tuyen_Quang,21.8233,105.2181,23.5,74,7.0,83,1015.3,0
2024-11-07,Tuyen_Quang,21.8233,105.2181,22.8,67,9.9,51,1014.9,0
2024-11-08,Tuyen_Quang,21.8233,105.2181,22.2,71,8.2,38,1013.5,0
2024-11-09,Tuyen_Quang,21.8233,105.2181,22.5,74,10.6,19,1011.1,0
2024-11-10,Tuyen_Quang,21.8233,105.2181,22.9,72,6.2,2,1011.1,0
2024-11-11,Tuyen_Quang,21.8233,105.2181,23.7,73,8.3,10,1010.0,0
2024-11-12,Tuyen_Quang,21.8233,105.2181,24.4,77,9.8,16,1008.2,0
2024-11-13,Tuyen_Quang,21.8233,105.2181,24.9,77,9.6,10,1006.6,0
2024-11-14,Tuyen_Quang,21.8233,105.2181,24.9,82,5.5,30,1006.1,1
2024-11-15,Tuyen_Quang,21.8233,105.2181,25.3,83,5.5,42,1005.2,1
2024-11-16,Tuyen_Quang,21.8233,105.2181,25.3,83,7.8,39,1006.5,1
2024-11-17,Tuyen_Quang,21.8233,105.2181,25.1,82,6.7,29,1009.2,1
2024-11-18,Tuyen_Quang,21.8233,105.2181,23.6,83,8.5,36,1012.0,1
2024-11-19,Tuyen_Quang,21.8233,105.2181,23.8,74,8.4,50,1013.3,1
2024-11-20,Tuyen_Quang,21.8233,105.2181,22.7,62,13.8,49,1013.7,0
2024-11-21,Tuyen_Quang,21.8233,105.2181,21.1,67,12.3,29,1013.8,0
2024-11-22,Tuyen_Quang,21.8233,105.2181,20.7,69,10.3,64,1014.1,0
2024-11-23,Tuyen_Quang,21.8233,105.2181,21.1,66,11.7,73,1014.2,0
2024-11-24,Tuyen_Quang,21.8233,105.2181,20.6,78,6.2,61,1013.1,0
2024-11-25,Tuyen_Quang,21.8233,105.2181,22.5,80,11.7,80,1012.5,1
2024-11-26,Tuyen_Quang,21.8233,105.2181,19.4,73,15.0,98,1015.3,1
2024-11-27,Tuyen_Quang,21.8233,105.2181,18.8,70,12.6,100,1017.2,0
2024-11-28,Tuyen_Quang,21.8233,105.2181,18.3,66,13.0,67,1019.5,0
2024-11-29,Tuyen_Quang,21.8233,105.2181,17.5,67,7.3,15,1016.9,0
2024-11-30,Tuyen_Quang,21.8233,105.2181,17.7,68,5.7,57,1012.2,0
2024-12-01,Tuyen_Quang,21.8233,105.2181,18.4,73,11.2,68,1008.6,0
2024-12-02,Tuyen_Quang,21.8233,105.2181,20.2,86,5.6,85,1009.1,1
2024-12-03,Tuyen_Quang,21.8233,105.2181,21.6,85,13.1,85,1009.3,1
2024-12-04,Tuyen_Quang,21.8233,105.2181,21.7,85,12.3,97,1009.6,1
2024-12-05,Tuyen_Quang,21.8233,105.2181,21.7,75,7.4,96,1010.0,1
2024-12-06,Tuyen_Quang,21.8233,105.2181,20.2,78,14.6,99,1010.0,1
2024-12-07,Tuyen_Quang,21.8233,105.2181,17.3,81,11.7,100,1014.0,1
2024-12-08,Tuyen_Quang,21.8233,105.2181,16.8,66,11.9,96,1017.0,0
2024-12-09,Tuyen_Quang,21.8233,105.2181,17.4,72,8.0,99,1013.7,0
2024-12-10,Tuyen_Quang,21.8233,105.2181,18.9,84,8.4,98,1009.6,0
2024-12-11,Tuyen_Quang,21.8233,105.2181,19.2,76,20.0,100,1011.9,1
2024-12-12,Tuyen_Quang,21.8233,105.2181,16.7,65,10.5,100,1014.0,0
2024-12-13,Tuyen_Quang,21.8233,105.2181,15.8,70,10.9,99,1017.2,1
2024-12-14,Tuyen_Quang,21.8233,105.2181,15.3,61,13.1,100,1021.5,1
2024-12-15,Tuyen_Quang,21.8233,105.2181,13.8,67,9.0,96,1022.2,1
2024-12-16,Tuyen_Quang,21.8233,105.2181,14.3,78,7.2,31,1018.9,0
2024-12-17,Tuyen_Quang,21.8233,105.2181,14.6,75,5.4,17,1015.7,0
2024-12-18,Tuyen_Quang,21.8233,105.2181,16.8,65,5.8,72,1017.0,0
2024-12-19,Tuyen_Quang,21.8233,105.2181,15.8,60,10.7,41,1017.0,0
2024-12-20,Tuyen_Quang,21.8233,105.2181,15.0,63,16.7,12,1014.6,0
2024-12-21,Tuyen_Quang,21.8233,105.2181,15.8,69,6.4,95,1016.1,0
2024-12-22,Tuyen_Quang,21.8233,105.2181,15.6,66,9.0,80,1015.9,0
2024-12-23,Tuyen_Quang,21.8233,105.2181,15.2,69,10.2,85,1015.4,0
2024-12-24,Tuyen_Quang,21.8233,105.2181,15.4,66,9.0,68,1016.6,0
2024-12-25,Tuyen_Quang,21.8233,105.2181,16.2,70,10.1,30,1015.7,0
2024-12-26,Tuyen_Quang,21.8233,105.2181,17.4,69,8.9,75,1017.8,0
2024-12-27,Tuyen_Quang,21.8233,105.2181,17.7,63,10.3,99,1019.9,1
2024-12-28,Tuyen_Quang,21.8233,105.2181,16.8,71,9.0,56,1021.7,0
2024-12-29,Tuyen_Quang,21.8233,105.2181,15.3,64,12.8,7,1016.6,0
2024-12-30,Tuyen_Quang,21.8233,105.2181,15.1,81,6.9,58,1016.2,0
2024-12-31,Tuyen_Quang,21.8233,105.2181,16.7,74,10.5,65,1016.6,0
2025-01-01,Tuyen_Quang,21.8233,105.2181,16.0,80,6.6,5,1012.8,0
2025-01-02,Tuyen_Quang,21.8233,105.2181,17.0,78,9.8,58,1014.1,0
2025-01-03,Tuyen_Quang,21.8233,105.2181,18.2,70,5.6,33,1015.5,0
2025-01-04,Tuyen_Quang,21.8233,105.2181,17.4,67,10.8,33,1014.1,0
2025-01-05,Tuyen_Quang,21.8233,105.2181,18.3,69,6.7,40,1016.0,0
2025-01-06,Tuyen_Quang,21.8233,105.2181,16.8,72,11.1,15,1013.2,0
2025-01-07,Tuyen_Quang,21.8233,105.2181,16.6,73,8.2,32,1012.6,0
2025-01-08,Tuyen_Quang,21.8233,105.2181,18.1,79,12.6,63,1013.3,1
2025-01-09,Tuyen_Quang,21.8233,105.2181,17.1,62,18.6,100,1017.2,1
2025-01-10,Tuyen_Quang,21.8233,105.2181,15.4,54,15.6,96,1023.4,0
2025-01-11,Tuyen_Quang,21.8233,105.2181,13.8,53,16.4,67,1026.2,0
2025-01-12,Tuyen_Quang,21.8233,105.2181,12.9,63,6.2,14,1021.9,0
2025-01-13,Tuyen_Quang,21.8233,105.2181,12.9,64,5.6,0,1017.1,0
2025-01-14,Tuyen_Quang,21.8233,105.2181,14.4,76,6.2,2,1016.6,0
2025-01-15,Tuyen_Quang,21.8233,105.2181,17.2,69,10.0,52,1020.2,1
2025-01-16,Tuyen_Quang,21.8233,105.2181,16.9,56,8.3,40,1020.1,0
2025-01-17,Tuyen_Quang,21.8233,105.2181,15.5,66,13.8,4,1016.0,0
2025-01-18,Tuyen_Quang,21.8233,105.2181,14.7,78,8.1,70,1014.5,0
2025-01-19,Tuyen_Quang,21.8233,105.2181,16.4,69,8.0,25,1012.3,0
2025-01-20,Tuyen_Quang,21.8233,105.2181,16.4,72,4.0,18,1011.0,0
2025-01-21,Tuyen_Quang,21.8233,105.2181,17.2,66,11.7,13,1010.0,0
2025-01-22,Tuyen_Quang,21.8233,105.2181,16.9,81,7.4,74,1010.8,1
2025-01-23,Tuyen_Quang,21.8233,105.2181,18.9,83,13.7,95,1009.5,1
2025-01-24,Tuyen_Quang,21.8233,105.2181,19.4,85,13.8,66,1005.9,1
2025-01-25,Tuyen_Quang,21.8233,105.2181,20.6,90,16.7,82,1007.7,1
2025-01-26,Tuyen_Quang,21.8233,105.2181,14.9,65,25.7,100,1019.8,1
2025-01-27,Tuyen_Quang,21.8233,105.2181,14.1,53,6.6,75,1019.2,0
2025-01-28,Tuyen_Quang,21.8233,105.2181,12.4,55,9.9,69,1020.3,1
2025-01-29,Tuyen_Quang,21.8233,105.2181,12.1,66,8.9,21,1018.6,0
2025-01-30,Tuyen_Quang,21.8233,105.2181,14.9,73,14.9,20,1011.2,0
2025-01-31,Tuyen_Quang,21.8233,105.2181,17.6,88,11.4,66,1007.8,1
2025-02-01,Tuyen_Quang,21.8233,105.2181,19.6,86,12.5,95,1006.1,1
2025-02-02,Tuyen_Quang,21.8233,105.2181,19.9,83,17.1,100,1007.4,1
2025-02-03,Tuyen_Quang,21.8233,105.2181,15.8,72,16.5,99,1016.0,1
2025-02-04,Tuyen_Quang,21.8233,105.2181,15.4,53,12.3,69,1017.2,0
2025-02-05,Tuyen_Quang,21.8233,105.2181,15.7,70,8.4,99,1012.2,1
2025-02-06,Tuyen_Quang,21.8233,105.2181,16.3,85,12.9,100,1010.9,1
2025-02-07,Tuyen_Quang,21.8233,105.2181,14.9,71,14.3,100,1017.1,1
2025-02-08,Tuyen_Quang,21.8233,105.2181,14.1,60,13.7,100,1020.1,0
2025-02-09,Tuyen_Quang,21.8233,105.2181,13.4,56,10.8,72,1018.6,0
2025-02-10,Tuyen_Quang,21.8233,105.2181,13.7,71,10.2,56,1015.5,0
2025-02-11,Tuyen_Quang,21.8233,105.2181,15.9,80,9.8,81,1012.1,0
2025-02-12,Tuyen_Quang,21.8233,105.2181,19.0,83,6.0,92,1012.1,1
2025-02-13,Tuyen_Quang,21.8233,105.2181,18.8,72,16.4,100,1012.9,1
2025-02-14,Tuyen_Quang,21.8233,105.2181,19.0,79,9.1,95,1010.3,1
2025-02-15,Tuyen_Quang,21.8233,105.2181,20.5,84,10.8,97,1008.1,1
2025-02-16,Tuyen_Quang,21.8233,105.2181,17.9,76,16.2,100,1011.9,1
2025-02-17,Tuyen_Quang,21.8233,105.2181,17.0,84,8.3,100,1014.3,1
2025-02-18,Tuyen_Quang,21.8233,105.2181,16.3,84,10.5,100,1015.2,1
2025-02-19,Tuyen_Quang,21.8233,105.2181,16.9,86,8.8,100,1014.2,1
2025-02-20,Tuyen_Quang,21.8233,105.2181,18.6,88,11.1,100,1013.8,1
2025-02-21,Tuyen_Quang,21.8233,105.2181,19.3,81,17.5,94,1014.6,1
2025-02-22,Tuyen_Quang,21.8233,105.2181,17.3,89,10.0,100,1015.8,1
2025-02-23,Tuyen_Quang,21.8233,105.2181,16.3,80,17.3,100,1020.0,1
2025-02-24,Tuyen_Quang,21.8233,105.2181,14.0,73,11.9,97,1022.9,1
2025-02-25,Tuyen_Quang,21.8233,105.2181,14.6,83,8.8,92,1020.8,1
2025-02-26,Tuyen_Quang,21.8233,105.2181,16.1,82,10.0,98,1017.7,1
2025-02-27,Tuyen_Quang,21.8233,105.2181,18.2,81,11.9,77,1012.3,0
2025-02-28,Tuyen_Quang,21.8233,105.2181,19.9,84,11.5,96,1009.5,1
2025-03-01,Tuyen_Quang,21.8233,105.2181,22.5,83,13.9,76,1005.7,1
2025-03-02,Tuyen_Quang,21.8233,105.2181,23.6,83,13.3,64,1003.6,0
2025-03-03,Tuyen_Quang,21.8233,105.2181,24.6,84,9.1,64,1002.9,1
2025-03-04,Tuyen_Quang,21.8233,105.2181,25.6,81,12.1,70,1001.7,1
2025-03-05,Tuyen_Quang,21.8233,105.2181,22.8,81,20.9,100,1004.4,1
2025-03-06,Tuyen_Quang,21.8233,105.2181,16.6,68,21.4,100,1014.7,1
2025-03-07,Tuyen_Quang,21.8233,105.2181,16.4,59,14.5,85,1016.3,0
2025-03-08,Tuyen_Quang,21.8233,105.2181,16.6,64,8.2,100,1015.1,0
2025-03-09,Tuyen_Quang,21.8233,105.2181,17.8,79,9.5,100,1015.3,1
2025-03-10,Tuyen_Quang,21.8233,105.2181,19.7,84,9.6,97,1014.1,1
2025-03-11,Tuyen_Quang,21.8233,105.2181,21.7,83,11.2,95,1009.3,0
2025-03-12,Tuyen_Quang,21.8233,105.2181,23.2,85,13.8,93,1006.2,1
2025-03-13,Tuyen_Quang,21.8233,105.2181,24.3,85,16.5,93,1005.4,1
2025-03-14,Tuyen_Quang,21.8233,105.2181,25.1,84,11.8,74,1005.6,1
2025-03-15,Tuyen_Quang,21.8233,105.2181,23.9,79,21.3,99,1008.3,1
2025-03-16,Tuyen_Quang,21.8233,105.2181,19.8,52,13.9,54,1015.0,0
2025-03-17,Tuyen_Quang,21.8233,105.2181,17.6,58,10.5,84,1015.7,0
2025-03-18,Tuyen_Quang,21.8233,105.2181,17.5,58,9.6,98,1019.2,0
2025-03-19,Tuyen_Quang,21.8233,105.2181,18.0,52,11.0,84,1020.7,0
2025-03-20,Tuyen_Quang,21.8233,105.2181,18.7,57,9.5,34,1019.2,0
2025-03-21,Tuyen_Quang,21.8233,105.2181,19.6,58,12.7,24,1016.9,0
2025-03-22,Tuyen_Quang,21.8233,105.2181,20.3,57,12.2,27,1014.4,0
2025-03-23,Tuyen_Quang,21.8233,105.2181,21.6,69,10.6,3,1011.7,0
2025-03-24,Tuyen_Quang,21.8233,105.2181,23.6,68,12.2,8,1008.3,0
2025-03-25,Tuyen_Quang,21.8233,105.2181,24.9,71,12.7,18,1003.0,0
2025-03-26,Tuyen_Quang,21.8233,105.2181,25.3,72,15.4,25,999.9,0
2025-03-27,Tuyen_Quang,21.8233,105.2181,26.5,75,11.1,39,997.3,1
2025-03-28,Tuyen_Quang,21.8233,105.2181,27.5,71,20.9,63,1001.5,0
2025-03-29,Tuyen_Quang,21.8233,105.2181,18.7,64,23.3,99,1010.9,1
2025-03-30,Tuyen_Quang,21.8233,105.2181,15.9,61,11.9,99,1016.2,1
2025-03-31,Tuyen_Quang,21.8233,105.2181,16.3,56,9.3,83,1015.4,0
2025-04-01,Tuyen_Quang,21.8233,105.2181,18.2,62,8.8,72,1014.3,0
2025-04-02,Tuyen_Quang,21.8233,105.2181,19.7,60,4.7,66,1013.8,0
2025-04-03,Tuyen_Quang,21.8233,105.2181,21.5,59,16.0,11,1012.1,0
2025-04-04,Tuyen_Quang,21.8233,105.2181,22.3,65,19.2,53,1007.9,0
2025-04-05,Tuyen_Quang,21.8233,105.2181,22.1,82,10.5,100,1009.2,1
2025-04-06,Tuyen_Quang,21.8233,105.2181,22.9,78,9.8,100,1009.7,1
2025-04-07,Tuyen_Quang,21.8233,105.2181,22.8,80,10.8,100,1010.7,1
2025-04-08,Tuyen_Quang,21.8233,105.2181,24.6,77,9.7,94,1009.5,0
2025-04-09,Tuyen_Quang,21.8233,105.2181,25.6,78,11.0,98,1005.5,1
2025-04-10,Tuyen_Quang,21.8233,105.2181,26.6,74,15.3,75,1001.8,0
2025-04-11,Tuyen_Quang,21.8233,105.2181,27.7,71,15.8,69,999.6,1
2025-04-12,Tuyen_Quang,21.8233,105.2181,27.4,65,17.5,92,1004.0,1
2025-04-13,Tuyen_Quang,21.8233,105.2181,22.7,48,21.2,71,1012.7,0
2025-04-14,Tuyen_Quang,21.8233,105.2181,22.2,60,12.5,99,1010.2,0
2025-04-15,Tuyen_Quang,21.8233,105.2181,25.5,50,14.2,80,1007.2,0
2025-04-16,Tuyen_Quang,21.8233,105.2181,25.5,52,15.3,92,1003.5,0
2025-04-17,Tuyen_Quang,21.8233,105.2181,27.1,69,14.0,55,1000.7,0
2025-04-18,Tuyen_Quang,21.8233,105.2181,29.5,68,18.1,46,999.4,0
2025-04-19,Tuyen_Quang,21.8233,105.2181,29.6,68,16.3,45,999.8,0
2025-04-20,Tuyen_Quang,21.8233,105.2181,30.1,67,18.2,22,1001.0,1
2025-04-21,Tuyen_Quang,21.8233,105.2181,30.2,68,16.7,27,1002.2,0
2025-04-22,Tuyen_Quang,21.8233,105.2181,29.9,69,15.3,59,1001.6,0
2025-04-23,Tuyen_Quang,21.8233,105.2181,28.3,79,13.8,87,1000.8,1
2025-04-24,Tuyen_Quang,21.8233,105.2181,28.3,76,15.4,84,1001.8,1
2025-04-25,Tuyen_Quang,21.8233,105.2181,25.9,77,12.9,78,1005.7,1
2025-04-26,Tuyen_Quang,21.8233,105.2181,26.2,80,14.2,93,1005.6,1
2025-04-27,Tuyen_Quang,21.8233,105.2181,27.8,79,11.9,77,1004.8,1
2025-04-28,Tuyen_Quang,21.8233,105.2181,25.9,83,15.8,96,1007.2,1
2025-04-29,Tuyen_Quang,21.8233,105.2181,25.9,82,13.8,94,1007.1,1
2025-04-30,Tuyen_Quang,21.8233,105.2181,25.6,86,9.7,88,1006.6,1
2025-05-01,Tuyen_Quang,21.8233,105.2181,24.7,86,10.3,89,1009.1,1
2025-05-02,Tuyen_Quang,21.8233,105.2181,26.5,73,11.1,24,1005.4,0
2025-05-03,Tuyen_Quang,21.8233,105.2181,27.0,79,10.9,67,1002.5,1
2025-05-04,Tuyen_Quang,21.8233,105.2181,28.2,79,12.0,48,999.9,1
2025-05-05,Tuyen_Quang,21.8233,105.2181,29.1,76,11.8,20,999.5,0
2025-05-06,Tuyen_Quang,21.8233,105.2181,29.0,78,13.5,46,1000.4,1
2025-05-07,Tuyen_Quang,21.8233,105.2181,28.3,83,13.2,75,998.8,1
2025-05-08,Tuyen_Quang,21.8233,105.2181,30.1,79,12.3,66,997.2,1
2025-05-09,Tuyen_Quang,21.8233,105.2181,28.9,79,11.5,64,1000.8,1
2025-05-10,Tuyen_Quang,21.8233,105.2181,25.8,87,12.9,92,1004.4,1
2025-05-11,Tuyen_Quang,21.8233,105.2181,22.8,68,15.9,81,1008.0,1
2025-05-12,Tuyen_Quang,21.8233,105.2181,23.4,68,9.7,53,1005.7,0
2025-05-13,Tuyen_Quang,21.8233,105.2181,25.0,72,14.1,18,1004.7,0
2025-05-14,Tuyen_Quang,21.8233,105.2181,26.7,82,15.8,58,1004.9,1
2025-05-15,Tuyen_Quang,21.8233,105.2181,25.9,90,10.7,100,1005.1,1
2025-05-16,Tuyen_Quang,21.8233,105.2181,26.3,89,9.5,95,1003.7,1
2025-05-17,Tuyen_Quang,21.8233,105.2181,27.0,89,16.5,99,1003.6,1
2025-05-18,Tuyen_Quang,21.8233,105.2181,26.5,91,12.1,93,1003.8,1
2025-05-19,Tuyen_Quang,21.8233,105.2181,26.7,86,13.9,94,1002.2,1
2025-05-20,Tuyen_Quang,21.8233,105.2181,28.4,84,13.7,72,999.9,1
2025-05-21,Tuyen_Quang,21.8233,105.2181,28.9,82,12.5,86,1000.1,1
2025-05-22,Tuyen_Quang,21.8233,105.2181,27.6,88,10.1,100,999.6,1
2025-05-23,Tuyen_Quang,21.8233,105.2181,25.8,92,11.4,100,1001.3,1
2025-05-24,Tuyen_Quang,21.8233,105.2181,23.3,89,14.3,93,1007.1,1
2025-05-25,Tuyen_Quang,21.8233,105.2181,24.1,75,11.7,93,1009.9,1
2025-05-26,Tuyen_Quang,21.8233,105.2181,24.4,67,11.7,100,1009.4,0
2025-05-27,Tuyen_Quang,21.8233,105.2181,24.9,77,9.7,99,1006.8,0
2025-05-28,Tuyen_Quang,21.8233,105.2181,26.5,86,11.9,78,1003.1,1
2025-05-29,Tuyen_Quang,21.8233,105.2181,25.9,86,12.6,99,1003.0,1
2025-05-30,Tuyen_Quang,21.8233,105.2181,25.9,82,11.6,86,1002.5,1
2025-05-31,Tuyen_Quang,21.8233,105.2181,28.8,80,13.5,92,998.6,1
2025-06-01,Tuyen_Quang,21.8233,105.2181,30.9,75,10.4,83,994.2,0
2025-06-02,Tuyen_Quang,21.8233,105.2181,31.2,70,12.3,95,994.9,1
2025-06-03,Tuyen_Quang,21.8233,105.2181,27.7,85,9.1,98,999.7,1
2025-06-04,Tuyen_Quang,21.8233,105.2181,26.5,91,8.7,94,1002.3,1
2025-06-05,Tuyen_Quang,21.8233,105.2181,28.0,83,9.2,50,1002.3,1
2025-06-06,Tuyen_Quang,21.8233,105.2181,28.8,83,13.1,49,1000.7,1
2025-06-07,Tuyen_Quang,21.8233,105.2181,28.4,86,10.9,93,999.9,1
2025-06-08,Tuyen_Quang,21.8233,105.2181,27.8,88,9.7,98,999.7,1
2025-06-09,Tuyen_Quang,21.8233,105.2181,27.5,88,8.8,98,999.8,1
2025-06-10,Tuyen_Quang,21.8233,105.2181,26.2,88,14.6,83,1001.0,1
2025-06-11,Tuyen_Quang,21.8233,105.2181,27.6,78,10.2,69,1000.4,1
2025-06-12,Tuyen_Quang,21.8233,105.2181,28.5,80,11.1,90,999.1,1
2025-06-13,Tuyen_Quang,21.8233,105.2181,27.6,85,11.4,90,998.6,1
2025-06-14,Tuyen_Quang,21.8233,105.2181,29.4,79,11.9,81,996.9,1
2025-06-15,Tuyen_Quang,21.8233,105.2181,28.5,86,8.5,98,998.1,1
2025-06-16,Tuyen_Quang,21.8233,105.2181,27.6,85,13.7,98,999.8,1
2025-06-17,Tuyen_Quang,21.8233,105.2181,27.7,88,17.5,98,999.4,1
2025-06-18,Tuyen_Quang,21.8233,105.2181,29.2,80,17.6,99,997.9,1
2025-06-19,Tuyen_Quang,21.8233,105.2181,29.3,81,13.2,100,997.8,0
2025-06-20,Tuyen_Quang,21.8233,105.2181,27.3,94,9.7,100,998.8,1
2025-06-21,Tuyen_Quang,21.8233,105.2181,25.8,96,9.3,100,1000.3,1
2025-06-22,Tuyen_Quang,21.8233,105.2181,26.3,91,12.8,100,1001.1,1
2025-06-23,Tuyen_Quang,21.8233,105.2181,27.3,89,13.5,84,999.8,1
2025-06-24,Tuyen_Quang,21.8233,105.2181,27.4,89,11.2,99,1000.2,1
2025-06-25,Tuyen_Quang,21.8233,105.2181,27.2,88,12.0,74,1002.0,1
2025-06-26,Tuyen_Quang,21.8233,105.2181,27.5,87,8.9,84,1001.0,1
2025-06-27,Tuyen_Quang,21.8233,105.2181,26.1,92,12.8,99,999.7,1
2025-06-28,Tuyen_Quang,21.8233,105.2181,25.3,94,10.3,100,999.2,1
2025-06-29,Tuyen_Quang,21.8233,105.2181,26.2,91,12.3,100,996.8,1
2025-06-30,Tuyen_Quang,21.8233,105.2181,26.0,92,12.9,100,997.3,1
2025-07-01,Tuyen_Quang,21.8233,105.2181,25.6,92,13.7,99,999.5,1
2025-07-02,Tuyen_Quang,21.8233,105.2181,26.2,89,12.5,97,1002.0,1
2025-07-03,Tuyen_Quang,21.8233,105.2181,26.0,90,10.3,99,1002.8,1
2025-07-04,Tuyen_Quang,21.8233,105.2181,27.4,84,10.1,88,1001.1,1
2025-07-05,Tuyen_Quang,21.8233,105.2181,28.6,80,9.7,73,999.4,1
2025-07-06,Tuyen_Quang,21.8233,105.2181,28.8,79,12.7,83,999.0,1
2025-07-07,Tuyen_Quang,21.8233,105.2181,28.5,81,10.4,41,998.1,0
2025-07-08,Tuyen_Quang,21.8233,105.2181,29.6,80,7.5,65,996.2,1
2025-07-09,Tuyen_Quang,21.8233,105.2181,29.3,84,9.0,95,995.1,1
2025-07-10,Tuyen_Quang,21.8233,105.2181,28.5,88,10.7,100,994.2,1
2025-07-11,Tuyen_Quang,21.8233,105.2181,26.9,91,8.8,100,995.9,1
2025-07-12,Tuyen_Quang,21.8233,105.2181,26.3,93,8.1,100,1000.0,1
2025-07-13,Tuyen_Quang,21.8233,105.2181,27.8,87,7.5,87,1000.9,1
2025-07-14,Tuyen_Quang,21.8233,105.2181,28.1,87,10.9,98,999.5,1
2025-07-15,Tuyen_Quang,21.8233,105.2181,28.5,85,7.8,94,997.4,1
2025-07-16,Tuyen_Quang,21.8233,105.2181,27.3,91,13.3,97,998.1,1
2025-07-17,Tuyen_Quang,21.8233,105.2181,29.1,82,7.2,48,998.3,1
2025-07-18,Tuyen_Quang,21.8233,105.2181,30.5,77,7.0,88,995.6,0
2025-07-19,Tuyen_Quang,21.8233,105.2181,29.4,81,14.4,100,993.3,1
2025-07-20,Tuyen_Quang,21.8233,105.2181,28.6,86,9.8,99,992.5,1
2025-07-21,Tuyen_Quang,21.8233,105.2181,28.2,90,13.8,100,990.4,1
2025-07-22,Tuyen_Quang,21.8233,105.2181,27.6,86,17.1,100,989.2,1
2025-07-23,Tuyen_Quang,21.8233,105.2181,27.2,85,13.4,99,994.0,1
2025-07-24,Tuyen_Quang,21.8233,105.2181,26.8,90,12.2,99,997.2,1
2025-07-25,Tuyen_Quang,21.8233,105.2181,27.3,89,6.7,99,997.3,1
2025-07-26,Tuyen_Quang,21.8233,105.2181,28.0,87,12.1,90,997.0,1
2025-07-27,Tuyen_Quang,21.8233,105.2181,28.7,80,12.0,68,996.4,1
2025-07-28,Tuyen_Quang,21.8233,105.2181,30.0,76,7.4,32,994.6,0
2025-07-29,Tuyen_Quang,21.8233,105.2181,30.8,76,7.9,70,992.9,0
2025-07-30,Tuyen_Quang,21.8233,105.2181,31.2,79,9.4,87,992.7,1
2025-07-31,Tuyen_Quang,21.8233,105.2181,29.5,84,8.9,99,993.2,1
2025-08-01,Tuyen_Quang,21.8233,105.2181,28.3,86,14.0,81,994.5,1
2025-08-02,Tuyen_Quang,21.8233,105.2181,29.1,81,8.6,56,996.1,1
2025-08-03,Tuyen_Quang,21.8233,105.2181,30.7,79,9.1,69,995.2,1
2025-08-04,Tuyen_Quang,21.8233,105.2181,31.2,76,8.6,99,995.0,0
2025-08-05,Tuyen_Quang,21.8233,105.2181,28.7,91,8.1,100,997.2,1
2025-08-06,Tuyen_Quang,21.8233,105.2181,27.3,92,12.5,99,998.7,1
2025-08-07,Tuyen_Quang,21.8233,105.2181,27.0,90,8.5,95,1001.1,1
2025-08-08,Tuyen_Quang,21.8233,105.2181,28.6,84,11.5,60,1001.1,1
2025-08-09,Tuyen_Quang,21.8233,105.2181,29.8,79,9.4,73,999.9,1
2025-08-10,Tuyen_Quang,21.8233,105.2181,28.9,84,10.9,94,999.9,1
2025-08-11,Tuyen_Quang,21.8233,105.2181,28.6,83,9.7,97,1000.1,1
2025-08-12,Tuyen_Quang,21.8233,105.2181,27.9,86,12.6,98,1000.9,1
2025-08-13,Tuyen_Quang,21.8233,105.2181,27.9,86,12.4,99,1001.9,1
2025-08-14,Tuyen_Quang,21.8233,105.2181,28.7,84,13.1,99,999.9,1
2025-08-15,Tuyen_Quang,21.8233,105.2181,25.3,94,9.8,98,1000.9,1
2025-08-16,Tuyen_Quang,21.8233,105.2181,25.4,92,7.3,88,1003.7,1
2025-08-17,Tuyen_Quang,21.8233,105.2181,26.7,86,9.4,87,1004.0,1
2025-08-18,Tuyen_Quang,21.8233,105.2181,26.4,88,18.0,92,1002.2,1
2025-08-19,Tuyen_Quang,21.8233,105.2181,25.3,97,9.0,100,1001.4,1
2025-08-20,Tuyen_Quang,21.8233,105.2181,26.8,91,10.0,96,1001.8,1
2025-08-21,Tuyen_Quang,21.8233,105.2181,26.2,92,15.1,100,1003.2,1
2025-08-22,Tuyen_Quang,21.8233,105.2181,26.1,93,12.3,100,1003.3,1
2025-08-23,Tuyen_Quang,21.8233,105.2181,26.3,91,8.0,92,1003.7,1
2025-08-24,Tuyen_Quang,21.8233,105.2181,27.1,88,8.9,67,1003.1,1
2025-08-25,Tuyen_Quang,21.8233,105.2181,25.7,91,14.3,97,1002.2,1
2025-08-26,Tuyen_Quang,21.8233,105.2181,24.4,96,15.9,100,1003.3,1
2025-08-27,Tuyen_Quang,21.8233,105.2181,24.7,93,9.0,93,1003.9,1
2025-08-28,Tuyen_Quang,21.8233,105.2181,25.9,89,8.3,60,1003.4,1
2025-08-29,Tuyen_Quang,21.8233,105.2181,26.1,89,10.5,60,1004.7,1
2025-08-30,Tuyen_Quang,21.8233,105.2181,26.2,91,17.9,89,1004.3,1
2025-08-31,Tuyen_Quang,21.8233,105.2181,25.4,93,10.3,89,1004.3,1
2025-09-01,Tuyen_Quang,21.8233,105.2181,26.7,89,10.2,87,1002.7,1
2025-09-02,Tuyen_Quang,21.8233,105.2181,27.5,84,13.3,65,1002.4,1
2025-09-03,Tuyen_Quang,21.8233,105.2181,28.1,83,9.0,38,1002.5,1
2025-09-04,Tuyen_Quang,21.8233,105.2181,28.6,78,9.7,11,1002.0,0
2025-09-05,Tuyen_Quang,21.8233,105.2181,28.9,78,9.3,47,1002.3,0
2025-09-06,Tuyen_Quang,21.8233,105.2181,28.4,83,6.8,81,1003.4,1
2025-09-07,Tuyen_Quang,21.8233,105.2181,28.4,83,15.3,47,1002.0,1
2025-09-08,Tuyen_Quang,21.8233,105.2181,29.9,74,11.5,73,1000.3,0
2025-09-09,Tuyen_Quang,21.8233,105.2181,27.7,86,12.9,96,1001.9,1
2025-09-10,Tuyen_Quang,21.8233,105.2181,27.1,87,7.7,100,1003.3,1
2025-09-11,Tuyen_Quang,21.8233,105.2181,26.1,92,10.7,95,1004.1,1
2025-09-12,Tuyen_Quang,21.8233,105.2181,26.3,92,9.0,94,1005.0,1
2025-09-13,Tuyen_Quang,21.8233,105.2181,26.8,89,9.0,100,1005.7,1
2025-09-14,Tuyen_Quang,21.8233,105.2181,27.6,82,7.7,68,1005.6,1
2025-09-15,Tuyen_Quang,21.8233,105.2181,26.4,88,12.6,95,1006.1,1
2025-09-16,Tuyen_Quang,21.8233,105.2181,26.9,84,7.7,52,1006.1,1
2025-09-17,Tuyen_Quang,21.8233,105.2181,26.4,87,11.8,63,1004.9,1
2025-09-18,Tuyen_Quang,21.8233,105.2181,26.6,87,9.3,84,1004.9,1
2025-09-19,Tuyen_Quang,21.8233,105.2181,27.5,83,8.7,59,1004.4,1
2025-09-20,Tuyen_Quang,21.8233,105.2181,28.8,76,7.9,23,1002.4,0
2025-09-21,Tuyen_Quang,21.8233,105.2181,28.0,82,9.7,78,1001.8,1
2025-09-22,Tuyen_Quang,21.8233,105.2181,25.9,90,9.9,82,1003.5,1
2025-09-23,Tuyen_Quang,21.8233,105.2181,26.7,89,10.2,72,1001.9,1
2025-09-24,Tuyen_Quang,21.8233,105.2181,27.9,77,16.3,55,999.3,1
2025-09-25,Tuyen_Quang,21.8233,105.2181,25.3,86,11.8,100,999.5,1
2025-09-26,Tuyen_Quang,21.8233,105.2181,24.7,91,8.0,99,1006.4,1
2025-09-27,Tuyen_Quang,21.8233,105.2181,26.1,88,9.4,91,1008.4,1
2025-09-28,Tuyen_Quang,21.8233,105.2181,26.1,88,12.9,70,1005.6,1
2025-09-29,Tuyen_Quang,21.8233,105.2181,23.7,96,28.4,100,1002.8,1
2025-09-30,Tuyen_Quang,21.8233,105.2181,24.1,97,16.0,100,1005.8,1
2025-10-01,Tuyen_Quang,21.8233,105.2181,24.9,93,11.7,97,1007.3,1
2025-10-02,Tuyen_Quang,21.8233,105.2181,26.9,84,10.2,51,1006.9,1
2025-10-03,Tuyen_Quang,21.8233,105.2181,27.6,79,11.0,29,1006.4,1
2025-10-04,Tuyen_Quang,21.8233,105.2181,27.7,82,8.8,27,1006.3,1
2025-10-05,Tuyen_Quang,21.8233,105.2181,28.0,84,10.3,75,1002.9,0
2025-10-06,Tuyen_Quang,21.8233,105.2181,25.2,94,12.7,100,1000.4,1
2025-10-07,Tuyen_Quang,21.8233,105.2181,23.3,98,16.9,100,1007.1,1
2025-10-08,Tuyen_Quang,21.8233,105.2181,25.0,89,8.6,66,1009.1,1
2025-10-09,Tuyen_Quang,21.8233,105.2181,26.3,82,6.2,8,1008.1,0
2025-10-10,Tuyen_Quang,21.8233,105.2181,26.5,81,5.3,18,1007.3,1
2025-10-11,Tuyen_Quang,21.8233,105.2181,25.8,87,9.8,50,1006.7,1
2025-10-12,Tuyen_Quang,21.8233,105.2181,26.8,84,6.4,23,1006.0,1
2025-10-13,Tuyen_Quang,21.8233,105.2181,26.2,89,10.7,60,1006.8,1
2025-10-14,Tuyen_Quang,21.8233,105.2181,24.8,93,9.6,98,1007.5,1
2025-10-15,Tuyen_Quang,21.8233,105.2181,24.6,93,9.9,91,1008.1,1
2025-10-16,Tuyen_Quang,21.8233,105.2181,24.8,91,11.7,78,1009.8,1
2025-10-17,Tuyen_Quang,21.8233,105.2181,26.3,83,7.6,20,1009.7,1
2025-10-18,Tuyen_Quang,21.8233,105.2181,26.7,79,4.7,11,1008.9,1
2025-10-19,Tuyen_Quang,21.8233,105.2181,25.2,88,9.6,48,1009.1,1
2025-10-20,Tuyen_Quang,21.8233,105.2181,24.9,85,9.6,33,1010.0,1
2025-10-21,Tuyen_Quang,21.8233,105.2181,24.0,68,11.9,30,1012.0,0
2025-10-22,Tuyen_Quang,21.8233,105.2181,22.7,64,16.9,76,1013.7,0
2025-10-23,Tuyen_Quang,21.8233,105.2181,20.8,71,9.8,96,1015.3,1
2025-10-24,Tuyen_Quang,21.8233,105.2181,20.2,90,5.1,100,1015.0,1
2025-10-25,Tuyen_Quang,21.8233,105.2181,22.0,84,4.8,62,1013.1,1
2025-10-26,Tuyen_Quang,21.8233,105.2181,23.0,81,5.9,64,1012.7,0
2025-10-27,Tuyen_Quang,21.8233,105.2181,22.8,75,6.0,66,1013.2,0
2025-10-28,Tuyen_Quang,21.8233,105.2181,23.1,73,7.9,76,1012.8,0
2025-10-29,Tuyen_Quang,21.8233,105.2181,23.1,76,8.3,90,1011.5,0
2025-10-30,Tuyen_Quang,21.8233,105.2181,24.1,83,7.1,99,1011.7,1
2025-10-31,Tuyen_Quang,21.8233,105.2181,23.5,83,7.7,96,1012.5,1
2025-11-01,Tuyen_Quang,21.8233,105.2181,21.5,82,9.4,100,1013.5,1
2025-11-02,Tuyen_Quang,21.8233,105.2181,20.5,83,8.7,100,1014.1,1
2025-11-03,Tuyen_Quang,21.8233,105.2181,19.7,86,6.5,100,1014.4,1
2025-11-04,Tuyen_Quang,21.8233,105.2181,19.9,83,7.7,89,1013.4,1
2025-11-05,Tuyen_Quang,21.8233,105.2181,20.9,80,6.3,87,1010.1,0
2025-11-06,Tuyen_Quang,21.8233,105.2181,21.8,86,8.5,52,1008.5,1
2025-11-07,Tuyen_Quang,21.8233,105.2181,23.0,88,10.7,95,1008.1,1
2025-11-08,Tuyen_Quang,21.8233,105.2181,24.4,91,16.4,87,1008.8,1
2025-11-09,Tuyen_Quang,21.8233,105.2181,24.2,92,9.9,77,1008.2,1
2025-11-10,Tuyen_Quang,21.8233,105.2181,23.9,82,14.4,93,1006.8,1
2025-11-11,Tuyen_Quang,21.8233,105.2181,21.9,83,10.2,100,1008.2,1
2025-11-12,Tuyen_Quang,21.8233,105.2181,21.4,75,12.0,64,1011.3,1
2025-11-13,Tuyen_Quang,21.8233,105.2181,22.0,74,7.2,33,1013.5,0
2025-11-14,Tuyen_Quang,21.8233,105.2181,20.6,71,8.9,5,1013.5,0
2025-11-15,Tuyen_Quang,21.8233,105.2181,20.6,74,5.4,4,1015.2,0
2025-11-16,Tuyen_Quang,21.8233,105.2181,21.7,78,9.0,60,1015.9,0
2025-11-17,Tuyen_Quang,21.8233,105.2181,22.1,85,8.3,77,1015.8,1
2025-11-18,Tuyen_Quang,21.8233,105.2181,18.1,95,18.3,100,1019.9,1
2025-11-19,Tuyen_Quang,21.8233,105.2181,15.0,78,11.8,84,1023.3,1
2025-11-20,Tuyen_Quang,21.8233,105.2181,16.0,77,11.6,23,1020.8,0
2025-11-21,Tuyen_Quang,21.8233,105.2181,17.5,71,9.9,10,1019.8,0
2025-11-22,Tuyen_Quang,21.8233,105.2181,17.9,68,5.9,7,1017.0,0
2025-11-23,Tuyen_Quang,21.8233,105.2181,18.9,71,5.1,14,1015.4,0
2025-11-24,Tuyen_Quang,21.8233,105.2181,19.0,76,9.8,5,1016.1,0
2025-11-25,Tuyen_Quang,21.8233,105.2181,18.0,63,14.8,19,1017.4,0
2025-11-26,Tuyen_Quang,21.8233,105.2181,16.6,69,5.9,20,1016.3,0
2025-11-27,Tuyen_Quang,21.8233,105.2181,16.8,67,14.6,40,1019.6,0
2025-11-28,Tuyen_Quang,21.8233,105.2181,15.7,63,9.0,34,1014.8,0
2025-11-29,Tuyen_Quang,21.8233,105.2181,15.6,70,4.7,2,1011.3,0
2025-11-30,Tuyen_Quang,21.8233,105.2181,16.1,78,5.1,1,1009.9,0
2025-12-01,Tuyen_Quang,21.8233,105.2181,18.5,80,9.4,46,1010.1,0
2025-12-02,Tuyen_Quang,21.8233,105.2181,20.2,87,4.7,51,1009.4,1
2025-12-03,Tuyen_Quang,21.8233,105.2181,20.1,80,10.0,58,1014.6,1
2025-12-04,Tuyen_Quang,21.8233,105.2181,19.3,77,7.2,84,1015.3,1
2025-12-05,Tuyen_Quang,21.8233,105.2181,19.3,77,8.0,100,1016.7,1
2025-12-06,Tuyen_Quang,21.8233,105.2181,19.4,78,9.3,99,1014.5,1
2025-12-07,Tuyen_Quang,21.8233,105.2181,19.6,88,8.3,57,1014.3,1
2025-12-08,Tuyen_Quang,21.8233,105.2181,19.9,79,8.0,43,1016.0,1
2025-12-09,Tuyen_Quang,21.8233,105.2181,18.7,80,10.9,21,1014.5,1
2025-12-10,Tuyen_Quang,21.8233,105.2181,18.8,80,6.5,12,1013.6,0
2025-12-11,Tuyen_Quang,21.8233,105.2181,18.4,82,4.9,70,1013.8,1
2025-12-12,Tuyen_Quang,21.8233,105.2181,18.7,94,5.2,79,1011.3,1
2025-12-13,Tuyen_Quang,21.8233,105.2181,20.6,81,16.7,99,1014.7,1
2025-12-14,Tuyen_Quang,21.8233,105.2181,17.3,59,14.3,42,1017.8,0
2025-12-15,Tuyen_Quang,21.8233,105.2181,16.3,74,11.2,12,1014.9,0
2025-12-16,Tuyen_Quang,21.8233,105.2181,18.2,82,7.7,97,1014.2,0
2025-12-17,Tuyen_Quang,21.8233,105.2181,19.5,84,7.7,83,1016.3,1
2025-12-18,Tuyen_Quang,21.8233,105.2181,19.6,80,7.4,34,1014.5,0
2025-12-19,Tuyen_Quang,21.8233,105.2181,18.7,82,8.4,20,1010.4,0
2025-12-20,Tuyen_Quang,21.8233,105.2181,19.9,85,7.3,48,1011.2,1
2025-12-21,Tuyen_Quang,21.8233,105.2181,19.9,86,8.2,52,1013.7,1
2025-12-22,Tuyen_Quang,21.8233,105.2181,20.3,84,16.3,50,1010.7,1
2025-12-23,Tuyen_Quang,21.8233,105.2181,21.4,89,14.3,87,1009.2,1
2025-12-24,Tuyen_Quang,21.8233,105.2181,20.9,87,16.9,86,1008.9,1
2025-12-25,Tuyen_Quang,21.8233,105.2181,17.0,70,18.0,80,1016.1,1
2025-12-26,Tuyen_Quang,21.8233,105.2181,15.8,57,12.6,34,1016.0,0
2025-12-27,Tuyen_Quang,21.8233,105.2181,15.7,64,5.6,83,1015.6,0
2025-12-28,Tuyen_Quang,21.8233,105.2181,16.8,70,5.4,81,1014.3,0
2025-12-29,Tuyen_Quang,21.8233,105.2181,18.1,78,7.0,92,1011.3,1
2025-12-30,Tuyen_Quang,21.8233,105.2181,18.4,90,9.4,88,1010.1,1
2025-12-31,Tuyen_Quang,21.8233,105.2181,20.0,85,11.6,76,1007.0,1
