date,destination,latitude,longitude,temp,humidity,wind_speed,cloud_cover,pressure,rain
2020-01-01,Ha_Noi,21.0285,105.8542,20.0,88,9.2,83,1021.4,1
2020-01-02,Ha_Noi,21.0285,105.8542,21.2,84,15.0,75,1019.8,1
2020-01-03,Ha_Noi,21.0285,105.8542,21.5,87,16.3,82,1017.9,1
2020-01-04,Ha_Noi,21.0285,105.8542,21.2,88,18.1,77,1016.0,1
2020-01-05,Ha_Noi,21.0285,105.8542,21.5,86,18.7,80,1014.8,1
2020-01-06,Ha_Noi,21.0285,105.8542,22.0,86,23.3,67,1013.6,1
2020-01-07,Ha_Noi,21.0285,105.8542,22.4,87,11.7,62,1013.5,1
2020-01-08,Ha_Noi,21.0285,105.8542,22.7,84,17.8,82,1014.0,1
2020-01-09,Ha_Noi,21.0285,105.8542,23.1,82,15.0,63,1012.3,1
2020-01-10,Ha_Noi,21.0285,105.8542,23.4,79,19.4,61,1010.6,1
2020-01-11,Ha_Noi,21.0285,105.8542,20.5,83,26.3,78,1011.9,1
2020-01-12,Ha_Noi,21.0285,105.8542,15.6,73,15.4,90,1015.6,1
2020-01-13,Ha_Noi,21.0285,105.8542,18.3,80,11.3,96,1013.1,1
2020-01-14,Ha_Noi,21.0285,105.8542,20.6,88,20.6,70,1012.2,1
2020-01-15,Ha_Noi,21.0285,105.8542,21.8,84,26.8,51,1010.8,1
2020-01-16,Ha_Noi,21.0285,105.8542,20.8,85,20.5,77,1012.9,1
2020-01-17,Ha_Noi,21.0285,105.8542,15.6,79,16.1,100,1017.2,1
2020-01-18,Ha_Noi,21.0285,105.8542,16.4,86,10.5,100,1015.4,1
2020-01-19,Ha_Noi,21.0285,105.8542,14.8,84,17.2,100,1018.0,1
2020-01-20,Ha_Noi,21.0285,105.8542,15.9,84,8.8,100,1017.6,1
2020-01-21,Ha_Noi,21.0285,105.8542,19.4,84,19.4,68,1016.2,1
2020-01-22,Ha_Noi,21.0285,105.8542,21.4,87,19.2,71,1013.4,1
2020-01-23,Ha_Noi,21.0285,105.8542,22.6,86,18.9,93,1011.4,1
2020-01-24,Ha_Noi,21.0285,105.8542,22.0,92,21.3,95,1011.2,1
2020-01-25,Ha_Noi,21.0285,105.8542,16.4,88,24.8,97,1012.5,1
2020-01-26,Ha_Noi,21.0285,105.8542,14.5,65,16.2,60,1016.0,1
2020-01-27,Ha_Noi,21.0285,105.8542,14.0,65,17.7,36,1014.7,1
2020-01-28,Ha_Noi,21.0285,105.8542,14.3,63,16.8,81,1016.6,1
2020-01-29,Ha_Noi,21.0285,105.8542,13.7,68,16.7,78,1020.0,1
2020-01-30,Ha_Noi,21.0285,105.8542,14.5,67,12.2,5,1019.4,0
2020-01-31,Ha_Noi,21.0285,105.8542,15.6,71,17.4,44,1017.6,0
2020-02-01,Ha_Noi,21.0285,105.8542,15.6,88,8.0,81,1016.4,1
2020-02-02,Ha_Noi,21.0285,105.8542,19.0,88,17.4,76,1015.8,1
2020-02-03,Ha_Noi,21.0285,105.8542,17.7,94,20.7,96,1015.2,1
2020-02-04,Ha_Noi,21.0285,105.8542,14.5,88,16.2,100,1016.9,1
2020-02-05,Ha_Noi,21.0285,105.8542,15.5,89,11.7,100,1015.6,1
2020-02-06,Ha_Noi,21.0285,105.8542,18.4,91,7.3,85,1013.6,1
2020-02-07,Ha_Noi,21.0285,105.8542,19.3,96,11.2,100,1016.0,1
2020-02-08,Ha_Noi,21.0285,105.8542,17.0,86,16.5,100,1019.7,1
2020-02-09,Ha_Noi,21.0285,105.8542,14.8,80,17.4,100,1022.9,1
2020-02-10,Ha_Noi,21.0285,105.8542,16.6,76,12.9,96,1019.0,1
2020-02-11,Ha_Noi,21.0285,105.8542,19.5,86,15.6,82,1015.4,1
2020-02-12,Ha_Noi,21.0285,105.8542,21.3,91,15.6,96,1012.5,1
2020-02-13,Ha_Noi,21.0285,105.8542,22.2,93,17.4,94,1008.5,1
2020-02-14,Ha_Noi,21.0285,105.8542,23.8,88,17.9,67,1004.9,1
2020-02-15,Ha_Noi,21.0285,105.8542,24.1,82,30.2,74,1007.3,1
2020-02-16,Ha_Noi,21.0285,105.8542,16.2,51,25.3,82,1020.1,1
2020-02-17,Ha_Noi,21.0285,105.8542,16.6,46,17.2,63,1024.1,0
2020-02-18,Ha_Noi,21.0285,105.8542,16.6,47,11.3,53,1022.5,0
2020-02-19,Ha_Noi,21.0285,105.8542,16.5,70,8.2,66,1019.8,0
2020-02-20,Ha_Noi,21.0285,105.8542,19.1,86,9.0,89,1019.5,1
2020-02-21,Ha_Noi,21.0285,105.8542,20.1,84,16.1,77,1022.3,1
2020-02-22,Ha_Noi,21.0285,105.8542,19.7,81,11.3,39,1022.9,0
2020-02-23,Ha_Noi,21.0285,105.8542,19.8,80,15.3,40,1020.2,0
2020-02-24,Ha_Noi,21.0285,105.8542,20.0,81,14.5,54,1015.8,1
2020-02-25,Ha_Noi,21.0285,105.8542,21.1,83,13.5,68,1014.0,1
2020-02-26,Ha_Noi,21.0285,105.8542,21.7,81,13.8,88,1014.6,0
2020-02-27,Ha_Noi,21.0285,105.8542,21.5,84,15.8,91,1014.5,1
2020-02-28,Ha_Noi,21.0285,105.8542,22.6,81,16.8,80,1012.5,1
2020-02-29,Ha_Noi,21.0285,105.8542,22.8,82,16.9,69,1010.4,1
2020-03-01,Ha_Noi,21.0285,105.8542,23.4,87,16.1,93,1010.2,1
2020-03-02,Ha_Noi,21.0285,105.8542,23.2,87,22.1,69,1010.8,1
2020-03-03,Ha_Noi,21.0285,105.8542,22.6,91,20.6,86,1011.2,1
2020-03-04,Ha_Noi,21.0285,105.8542,17.8,89,26.2,98,1014.4,1
2020-03-05,Ha_Noi,21.0285,105.8542,16.1,84,11.1,90,1016.0,1
2020-03-06,Ha_Noi,21.0285,105.8542,19.3,84,13.3,74,1012.1,1
2020-03-07,Ha_Noi,21.0285,105.8542,21.6,86,12.0,46,1008.1,0
2020-03-08,Ha_Noi,21.0285,105.8542,24.4,86,11.8,57,1002.6,1
2020-03-09,Ha_Noi,21.0285,105.8542,25.1,82,9.4,11,1001.9,0
2020-03-10,Ha_Noi,21.0285,105.8542,22.2,64,22.7,81,1011.3,0
2020-03-11,Ha_Noi,21.0285,105.8542,20.6,71,10.4,94,1012.7,1
2020-03-12,Ha_Noi,21.0285,105.8542,23.2,82,17.1,72,1009.3,1
2020-03-13,Ha_Noi,21.0285,105.8542,24.9,87,16.4,89,1010.1,1
2020-03-14,Ha_Noi,21.0285,105.8542,20.5,79,17.9,100,1015.1,1
2020-03-15,Ha_Noi,21.0285,105.8542,20.0,82,8.0,100,1015.0,1
2020-03-16,Ha_Noi,21.0285,105.8542,22.1,87,13.2,99,1012.6,1
2020-03-17,Ha_Noi,21.0285,105.8542,23.0,93,18.7,100,1012.4,1
2020-03-18,Ha_Noi,21.0285,105.8542,19.7,90,17.1,100,1011.2,1
2020-03-19,Ha_Noi,21.0285,105.8542,19.8,90,15.3,100,1011.3,1
2020-03-20,Ha_Noi,21.0285,105.8542,21.6,84,11.9,98,1010.8,1
2020-03-21,Ha_Noi,21.0285,105.8542,24.1,88,15.2,84,1008.9,1
2020-03-22,Ha_Noi,21.0285,105.8542,25.0,88,15.8,77,1008.9,1
2020-03-23,Ha_Noi,21.0285,105.8542,24.7,86,14.6,77,1009.5,1
2020-03-24,Ha_Noi,21.0285,105.8542,24.3,87,17.9,74,1009.1,1
2020-03-25,Ha_Noi,21.0285,105.8542,24.3,90,20.6,77,1007.5,1
2020-03-26,Ha_Noi,21.0285,105.8542,25.6,86,19.0,69,1006.5,1
2020-03-27,Ha_Noi,21.0285,105.8542,26.5,85,14.3,62,1006.1,1
2020-03-28,Ha_Noi,21.0285,105.8542,24.0,89,18.2,92,1008.0,1
2020-03-29,Ha_Noi,21.0285,105.8542,24.5,88,19.3,87,1005.9,1
2020-03-30,Ha_Noi,21.0285,105.8542,19.9,88,21.3,100,1007.1,1
2020-03-31,Ha_Noi,21.0285,105.8542,19.2,84,17.4,100,1009.6,1
2020-04-01,Ha_Noi,21.0285,105.8542,20.3,84,9.7,99,1010.5,1
2020-04-02,Ha_Noi,21.0285,105.8542,22.1,94,11.6,91,1010.2,1
2020-04-03,Ha_Noi,21.0285,105.8542,23.2,94,16.9,96,1010.7,1
2020-04-04,Ha_Noi,21.0285,105.8542,19.2,91,16.4,100,1013.8,1
2020-04-05,Ha_Noi,21.0285,105.8542,17.9,85,18.0,99,1015.8,1
2020-04-06,Ha_Noi,21.0285,105.8542,18.3,83,13.7,84,1014.0,1
2020-04-07,Ha_Noi,21.0285,105.8542,19.5,80,12.0,87,1012.9,1
2020-04-08,Ha_Noi,21.0285,105.8542,21.0,83,9.7,84,1013.1,1
2020-04-09,Ha_Noi,21.0285,105.8542,22.5,81,13.3,77,1013.7,0
2020-04-10,Ha_Noi,21.0285,105.8542,23.6,86,15.6,77,1012.1,0
2020-04-11,Ha_Noi,21.0285,105.8542,25.5,86,12.5,88,1010.7,1
2020-04-12,Ha_Noi,21.0285,105.8542,19.2,78,26.8,85,1016.5,1
2020-04-13,Ha_Noi,21.0285,105.8542,16.7,78,17.7,70,1017.8,1
2020-04-14,Ha_Noi,21.0285,105.8542,18.0,79,13.3,44,1014.8,0
2020-04-15,Ha_Noi,21.0285,105.8542,20.3,84,16.2,68,1011.7,0
2020-04-16,Ha_Noi,21.0285,105.8542,23.3,88,21.7,86,1008.6,1
2020-04-17,Ha_Noi,21.0285,105.8542,24.5,89,23.5,97,1008.6,1
2020-04-18,Ha_Noi,21.0285,105.8542,25.8,86,19.4,87,1007.6,0
2020-04-19,Ha_Noi,21.0285,105.8542,25.8,87,14.3,73,1006.6,0
2020-04-20,Ha_Noi,21.0285,105.8542,26.4,87,16.2,83,1007.1,1
2020-04-21,Ha_Noi,21.0285,105.8542,26.8,87,19.6,82,1006.2,1
2020-04-22,Ha_Noi,21.0285,105.8542,23.6,91,19.9,96,1009.0,1
2020-04-23,Ha_Noi,21.0285,105.8542,19.3,86,17.8,100,1013.8,1
2020-04-24,Ha_Noi,21.0285,105.8542,17.1,85,16.9,99,1017.7,1
2020-04-25,Ha_Noi,21.0285,105.8542,18.9,81,12.4,93,1016.6,1
2020-04-26,Ha_Noi,21.0285,105.8542,20.1,77,15.8,93,1017.3,1
2020-04-27,Ha_Noi,21.0285,105.8542,22.2,77,14.2,56,1016.0,0
2020-04-28,Ha_Noi,21.0285,105.8542,23.3,76,13.5,39,1014.0,0
2020-04-29,Ha_Noi,21.0285,105.8542,23.6,81,11.5,52,1012.8,0
2020-04-30,Ha_Noi,21.0285,105.8542,24.3,83,14.5,74,1011.4,0
2020-05-01,Ha_Noi,21.0285,105.8542,24.8,86,14.1,69,1008.4,1
2020-05-02,Ha_Noi,21.0285,105.8542,26.0,85,16.8,57,1006.0,1
2020-05-03,Ha_Noi,21.0285,105.8542,27.3,85,14.6,88,1005.6,1
2020-05-04,Ha_Noi,21.0285,105.8542,28.7,83,17.6,79,1005.0,0
2020-05-05,Ha_Noi,21.0285,105.8542,29.1,82,18.4,39,1003.4,0
2020-05-06,Ha_Noi,21.0285,105.8542,29.7,78,16.3,65,1002.1,0
2020-05-07,Ha_Noi,21.0285,105.8542,30.4,78,18.4,39,1001.1,0
2020-05-08,Ha_Noi,21.0285,105.8542,30.6,78,18.7,48,1001.1,0
2020-05-09,Ha_Noi,21.0285,105.8542,31.3,78,17.2,57,1002.7,0
2020-05-10,Ha_Noi,21.0285,105.8542,30.6,78,17.8,65,1003.7,0
2020-05-11,Ha_Noi,21.0285,105.8542,29.5,80,16.9,67,1005.5,1
2020-05-12,Ha_Noi,21.0285,105.8542,25.8,89,15.7,95,1008.3,1
2020-05-13,Ha_Noi,21.0285,105.8542,27.1,87,16.7,75,1007.0,1
2020-05-14,Ha_Noi,21.0285,105.8542,27.9,84,20.9,59,1004.4,1
2020-05-15,Ha_Noi,21.0285,105.8542,29.1,82,19.4,42,1001.5,1
2020-05-16,Ha_Noi,21.0285,105.8542,29.3,81,17.9,37,1001.9,1
2020-05-17,Ha_Noi,21.0285,105.8542,27.8,88,15.1,72,1001.6,1
2020-05-18,Ha_Noi,21.0285,105.8542,28.2,84,14.3,64,1000.9,1
2020-05-19,Ha_Noi,21.0285,105.8542,28.3,85,17.1,62,1001.1,1
2020-05-20,Ha_Noi,21.0285,105.8542,30.5,82,14.1,84,999.0,0
2020-05-21,Ha_Noi,21.0285,105.8542,32.2,73,13.1,93,997.8,0
2020-05-22,Ha_Noi,21.0285,105.8542,30.1,75,18.6,100,1001.0,1
2020-05-23,Ha_Noi,21.0285,105.8542,27.9,84,11.6,95,1004.0,1
2020-05-24,Ha_Noi,21.0285,105.8542,29.0,84,15.9,79,1004.1,1
2020-05-25,Ha_Noi,21.0285,105.8542,30.2,82,17.8,70,1003.4,1
2020-05-26,Ha_Noi,21.0285,105.8542,27.2,79,17.9,92,1006.0,1
2020-05-27,Ha_Noi,21.0285,105.8542,26.3,79,12.8,78,1007.7,1
2020-05-28,Ha_Noi,21.0285,105.8542,27.0,81,11.3,73,1007.0,1
2020-05-29,Ha_Noi,21.0285,105.8542,28.2,81,15.9,72,1004.6,1
2020-05-30,Ha_Noi,21.0285,105.8542,29.3,83,13.2,58,1004.9,1
2020-05-31,Ha_Noi,21.0285,105.8542,30.0,76,21.1,83,1004.7,0
2020-06-01,Ha_Noi,21.0285,105.8542,29.8,78,18.8,72,1003.7,1
2020-06-02,Ha_Noi,21.0285,105.8542,30.6,74,17.6,53,1001.9,1
2020-06-03,Ha_Noi,21.0285,105.8542,30.4,73,17.7,68,1001.5,1
2020-06-04,Ha_Noi,21.0285,105.8542,31.1,75,19.8,75,1000.9,1
2020-06-05,Ha_Noi,21.0285,105.8542,31.0,75,16.5,94,1000.6,0
2020-06-06,Ha_Noi,21.0285,105.8542,31.1,75,15.9,95,999.9,1
2020-06-07,Ha_Noi,21.0285,105.8542,32.6,62,19.2,97,998.1,0
2020-06-08,Ha_Noi,21.0285,105.8542,32.5,62,16.9,98,998.4,0
2020-06-09,Ha_Noi,21.0285,105.8542,32.0,64,15.5,100,1000.9,0
2020-06-10,Ha_Noi,21.0285,105.8542,29.8,81,12.7,98,1003.0,1
2020-06-11,Ha_Noi,21.0285,105.8542,30.1,80,16.6,88,1001.5,1
2020-06-12,Ha_Noi,21.0285,105.8542,31.3,74,20.3,77,999.0,0
2020-06-13,Ha_Noi,21.0285,105.8542,31.0,75,17.4,60,999.0,1
2020-06-14,Ha_Noi,21.0285,105.8542,27.7,90,14.3,98,1002.1,1
2020-06-15,Ha_Noi,21.0285,105.8542,27.4,88,15.4,98,1003.7,1
2020-06-16,Ha_Noi,21.0285,105.8542,29.4,81,14.7,72,1002.1,1
2020-06-17,Ha_Noi,21.0285,105.8542,29.8,76,18.6,55,1000.2,1
2020-06-18,Ha_Noi,21.0285,105.8542,29.9,75,14.4,32,1001.3,1
2020-06-19,Ha_Noi,21.0285,105.8542,29.5,82,15.0,48,1002.9,1
2020-06-20,Ha_Noi,21.0285,105.8542,30.2,78,18.9,51,1002.3,1
2020-06-21,Ha_Noi,21.0285,105.8542,31.5,74,17.0,40,999.5,0
2020-06-22,Ha_Noi,21.0285,105.8542,32.3,69,18.2,69,999.0,0
2020-06-23,Ha_Noi,21.0285,105.8542,32.2,71,18.5,90,1000.6,1
2020-06-24,Ha_Noi,21.0285,105.8542,32.2,71,16.5,95,999.7,1
2020-06-25,Ha_Noi,21.0285,105.8542,30.9,79,13.5,100,999.2,1
2020-06-26,Ha_Noi,21.0285,105.8542,31.8,70,19.0,75,999.6,1
2020-06-27,Ha_Noi,21.0285,105.8542,32.0,69,19.3,59,1000.7,1
2020-06-28,Ha_Noi,21.0285,105.8542,31.7,70,19.9,53,1000.9,0
2020-06-29,Ha_Noi,21.0285,105.8542,31.2,72,16.4,81,1000.4,1
2020-06-30,Ha_Noi,21.0285,105.8542,30.2,81,15.8,95,999.6,1
2020-07-01,Ha_Noi,21.0285,105.8542,30.1,83,13.3,98,998.9,1
2020-07-02,Ha_Noi,21.0285,105.8542,28.7,88,12.0,99,999.4,1
2020-07-03,Ha_Noi,21.0285,105.8542,28.6,85,18.0,99,1002.2,1
2020-07-04,Ha_Noi,21.0285,105.8542,28.5,87,12.4,98,1003.2,1
2020-07-05,Ha_Noi,21.0285,105.8542,29.1,85,14.8,60,1001.5,1
2020-07-06,Ha_Noi,21.0285,105.8542,30.6,77,19.1,59,1000.9,1
2020-07-07,Ha_Noi,21.0285,105.8542,31.1,75,20.5,98,1002.8,1
2020-07-08,Ha_Noi,21.0285,105.8542,32.1,70,18.3,97,1001.1,0
2020-07-09,Ha_Noi,21.0285,105.8542,32.6,65,16.7,99,997.7,0
2020-07-10,Ha_Noi,21.0285,105.8542,32.3,66,16.9,100,997.6,0
2020-07-11,Ha_Noi,21.0285,105.8542,31.2,68,15.7,100,999.2,0
2020-07-12,Ha_Noi,21.0285,105.8542,30.3,73,18.0,90,1000.4,1
2020-07-13,Ha_Noi,21.0285,105.8542,30.7,77,15.6,20,1002.5,1
2020-07-14,Ha_Noi,21.0285,105.8542,30.1,80,15.5,29,1003.7,1
2020-07-15,Ha_Noi,21.0285,105.8542,31.6,72,20.0,41,1001.8,1
2020-07-16,Ha_Noi,21.0285,105.8542,31.4,72,18.6,51,1001.0,1
2020-07-17,Ha_Noi,21.0285,105.8542,32.4,65,19.5,88,1001.4,1
2020-07-18,Ha_Noi,21.0285,105.8542,32.8,64,17.0,96,1001.5,1
2020-07-19,Ha_Noi,21.0285,105.8542,32.6,67,17.8,99,1000.8,1
2020-07-20,Ha_Noi,21.0285,105.8542,29.8,81,19.6,99,1003.1,1
2020-07-21,Ha_Noi,21.0285,105.8542,29.1,82,19.9,61,1005.1,1
2020-07-22,Ha_Noi,21.0285,105.8542,29.8,77,18.5,25,1004.5,1
2020-07-23,Ha_Noi,21.0285,105.8542,30.5,75,16.8,21,1004.4,1
2020-07-24,Ha_Noi,21.0285,105.8542,30.7,75,16.8,18,1004.5,1
2020-07-25,Ha_Noi,21.0285,105.8542,31.1,74,20.3,53,1003.6,0
2020-07-26,Ha_Noi,21.0285,105.8542,31.3,73,15.8,88,1002.2,1
2020-07-27,Ha_Noi,21.0285,105.8542,29.6,83,14.8,100,1001.7,1
2020-07-28,Ha_Noi,21.0285,105.8542,28.8,85,11.2,98,1003.1,1
2020-07-29,Ha_Noi,21.0285,105.8542,28.9,85,11.0,85,1003.5,1
2020-07-30,Ha_Noi,21.0285,105.8542,30.1,78,12.9,52,1002.8,1
2020-07-31,Ha_Noi,21.0285,105.8542,29.7,83,11.3,93,1001.0,1
2020-08-01,Ha_Noi,21.0285,105.8542,28.3,85,19.8,99,997.2,1
2020-08-02,Ha_Noi,21.0285,105.8542,26.6,91,27.2,100,995.0,1
2020-08-03,Ha_Noi,21.0285,105.8542,26.7,92,16.4,98,997.2,1
2020-08-04,Ha_Noi,21.0285,105.8542,26.0,95,10.1,100,999.0,1
2020-08-05,Ha_Noi,21.0285,105.8542,26.5,93,13.8,100,1000.9,1
2020-08-06,Ha_Noi,21.0285,105.8542,26.4,94,15.1,98,1003.4,1
2020-08-07,Ha_Noi,21.0285,105.8542,27.6,89,15.6,82,1003.5,1
2020-08-08,Ha_Noi,21.0285,105.8542,28.8,85,16.6,92,1002.0,1
2020-08-09,Ha_Noi,21.0285,105.8542,29.4,86,14.5,94,1000.0,1
2020-08-10,Ha_Noi,21.0285,105.8542,30.3,83,14.1,93,998.9,1
2020-08-11,Ha_Noi,21.0285,105.8542,30.4,81,16.3,87,999.1,1
2020-08-12,Ha_Noi,21.0285,105.8542,29.9,83,17.4,81,1001.7,1
2020-08-13,Ha_Noi,21.0285,105.8542,27.5,91,14.1,92,1003.5,1
2020-08-14,Ha_Noi,21.0285,105.8542,26.3,92,14.8,93,1003.6,1
2020-08-15,Ha_Noi,21.0285,105.8542,27.8,83,17.5,60,1002.8,1
2020-08-16,Ha_Noi,21.0285,105.8542,27.2,88,16.1,79,1002.0,1
2020-08-17,Ha_Noi,21.0285,105.8542,26.0,90,14.3,96,1002.5,1
2020-08-18,Ha_Noi,21.0285,105.8542,25.7,93,11.0,99,1003.0,1
2020-08-19,Ha_Noi,21.0285,105.8542,26.0,93,10.5,96,1002.9,1
2020-08-20,Ha_Noi,21.0285,105.8542,26.6,91,9.5,96,1004.3,1
2020-08-21,Ha_Noi,21.0285,105.8542,26.3,92,8.6,96,1005.9,1
2020-08-22,Ha_Noi,21.0285,105.8542,27.4,89,12.0,92,1005.5,1
2020-08-23,Ha_Noi,21.0285,105.8542,28.1,88,13.6,54,1003.8,1
2020-08-24,Ha_Noi,21.0285,105.8542,29.0,85,11.1,67,1001.7,1
2020-08-25,Ha_Noi,21.0285,105.8542,29.3,82,13.0,94,1000.8,1
2020-08-26,Ha_Noi,21.0285,105.8542,30.1,82,17.1,67,999.5,1
2020-08-27,Ha_Noi,21.0285,105.8542,30.3,83,15.6,37,998.4,0
2020-08-28,Ha_Noi,21.0285,105.8542,29.8,84,16.9,49,999.6,1
2020-08-29,Ha_Noi,21.0285,105.8542,29.2,86,10.6,80,1001.7,1
2020-08-30,Ha_Noi,21.0285,105.8542,29.2,88,8.4,42,1002.7,1
2020-08-31,Ha_Noi,21.0285,105.8542,29.1,87,9.8,76,1004.7,1
2020-09-01,Ha_Noi,21.0285,105.8542,30.1,79,11.3,31,1004.4,0
2020-09-02,Ha_Noi,21.0285,105.8542,30.4,79,11.8,43,1004.6,1
2020-09-03,Ha_Noi,21.0285,105.8542,29.7,85,10.1,81,1005.7,1
2020-09-04,Ha_Noi,21.0285,105.8542,29.5,84,11.5,62,1005.3,1
2020-09-05,Ha_Noi,21.0285,105.8542,29.6,83,14.6,27,1003.0,1
2020-09-06,Ha_Noi,21.0285,105.8542,30.1,84,13.1,89,1001.2,1
2020-09-07,Ha_Noi,21.0285,105.8542,26.9,93,9.7,99,1002.9,1
2020-09-08,Ha_Noi,21.0285,105.8542,27.1,89,8.8,98,1006.1,1
2020-09-09,Ha_Noi,21.0285,105.8542,27.0,92,13.8,96,1006.1,1
2020-09-10,Ha_Noi,21.0285,105.8542,28.0,89,13.7,94,1002.8,1
2020-09-11,Ha_Noi,21.0285,105.8542,27.7,91,14.8,99,1003.8,1
2020-09-12,Ha_Noi,21.0285,105.8542,27.3,92,9.4,99,1006.9,1
2020-09-13,Ha_Noi,21.0285,105.8542,27.4,90,12.2,86,1007.9,1
2020-09-14,Ha_Noi,21.0285,105.8542,27.5,88,14.3,91,1006.5,1
2020-09-15,Ha_Noi,21.0285,105.8542,28.2,88,13.2,84,1005.0,1
2020-09-16,Ha_Noi,21.0285,105.8542,28.5,87,14.3,89,1003.6,1
2020-09-17,Ha_Noi,21.0285,105.8542,28.6,88,13.9,88,1003.0,1
2020-09-18,Ha_Noi,21.0285,105.8542,25.7,75,30.5,96,1004.4,1
2020-09-19,Ha_Noi,21.0285,105.8542,24.4,87,20.7,98,1005.4,1
2020-09-20,Ha_Noi,21.0285,105.8542,25.1,91,12.3,99,1006.8,1
2020-09-21,Ha_Noi,21.0285,105.8542,26.5,90,15.2,98,1006.3,1
2020-09-22,Ha_Noi,21.0285,105.8542,26.7,92,12.6,100,1005.7,1
2020-09-23,Ha_Noi,21.0285,105.8542,26.1,94,17.9,100,1006.8,1
2020-09-24,Ha_Noi,21.0285,105.8542,25.2,87,17.7,94,1008.7,1
2020-09-25,Ha_Noi,21.0285,105.8542,26.6,90,15.2,96,1005.8,1
2020-09-26,Ha_Noi,21.0285,105.8542,27.2,90,12.5,96,1004.6,1
2020-09-27,Ha_Noi,21.0285,105.8542,25.6,91,13.1,99,1006.5,1
2020-09-28,Ha_Noi,21.0285,105.8542,26.1,87,11.6,73,1006.5,1
2020-09-29,Ha_Noi,21.0285,105.8542,27.5,88,15.9,84,1004.9,1
2020-09-30,Ha_Noi,21.0285,105.8542,27.4,89,10.8,85,1003.8,1
2020-10-01,Ha_Noi,21.0285,105.8542,26.5,91,11.9,98,1005.0,1
2020-10-02,Ha_Noi,21.0285,105.8542,27.1,89,13.0,88,1005.7,1
2020-10-03,Ha_Noi,21.0285,105.8542,27.1,90,11.0,94,1006.6,1
2020-10-04,Ha_Noi,21.0285,105.8542,27.5,89,10.4,84,1006.8,1
2020-10-05,Ha_Noi,21.0285,105.8542,26.7,90,11.5,64,1007.8,1
2020-10-06,Ha_Noi,21.0285,105.8542,24.7,77,18.0,70,1010.7,1
2020-10-07,Ha_Noi,21.0285,105.8542,23.8,71,17.9,71,1012.5,0
2020-10-08,Ha_Noi,21.0285,105.8542,23.2,68,20.9,49,1013.2,0
2020-10-09,Ha_Noi,21.0285,105.8542,23.0,68,20.7,25,1013.8,0
2020-10-10,Ha_Noi,21.0285,105.8542,22.7,72,17.9,20,1012.1,0
2020-10-11,Ha_Noi,21.0285,105.8542,22.9,73,18.8,55,1009.4,0
2020-10-12,Ha_Noi,21.0285,105.8542,24.7,70,19.2,96,1007.9,0
2020-10-13,Ha_Noi,21.0285,105.8542,26.4,65,19.1,85,1006.7,1
2020-10-14,Ha_Noi,21.0285,105.8542,22.8,88,27.5,100,1004.9,1
2020-10-15,Ha_Noi,21.0285,105.8542,22.5,90,22.5,100,1008.0,1
2020-10-16,Ha_Noi,21.0285,105.8542,24.0,74,25.4,99,1010.7,1
2020-10-17,Ha_Noi,21.0285,105.8542,22.5,63,21.6,99,1013.1,1
2020-10-18,Ha_Noi,21.0285,105.8542,20.9,75,20.8,100,1013.4,1
2020-10-19,Ha_Noi,21.0285,105.8542,20.7,69,22.1,100,1014.2,1
2020-10-20,Ha_Noi,21.0285,105.8542,20.9,70,18.2,90,1015.1,1
2020-10-21,Ha_Noi,21.0285,105.8542,21.9,63,20.2,30,1014.5,0
2020-10-22,Ha_Noi,21.0285,105.8542,22.0,61,21.3,49,1012.0,0
2020-10-23,Ha_Noi,21.0285,105.8542,21.6,59,18.1,48,1012.1,0
2020-10-24,Ha_Noi,21.0285,105.8542,21.1,67,12.7,82,1012.2,0
2020-10-25,Ha_Noi,21.0285,105.8542,21.2,73,13.0,97,1011.6,1
2020-10-26,Ha_Noi,21.0285,105.8542,21.9,84,13.8,98,1011.8,1
2020-10-27,Ha_Noi,21.0285,105.8542,24.2,84,10.9,70,1010.4,0
2020-10-28,Ha_Noi,21.0285,105.8542,24.9,79,22.7,98,1010.3,1
2020-10-29,Ha_Noi,21.0285,105.8542,22.1,79,24.0,100,1012.7,1
2020-10-30,Ha_Noi,21.0285,105.8542,21.1,85,15.9,100,1015.6,1
2020-10-31,Ha_Noi,21.0285,105.8542,22.2,86,10.1,94,1015.2,1
2020-11-01,Ha_Noi,21.0285,105.8542,24.1,83,10.9,65,1013.5,0
2020-11-02,Ha_Noi,21.0285,105.8542,23.4,79,24.5,78,1014.7,1
2020-11-03,Ha_Noi,21.0285,105.8542,21.7,63,14.1,77,1016.6,0
2020-11-04,Ha_Noi,21.0285,105.8542,21.2,70,12.3,74,1015.4,0
2020-11-05,Ha_Noi,21.0285,105.8542,21.9,79,8.9,69,1014.6,0
2020-11-06,Ha_Noi,21.0285,105.8542,22.8,81,13.0,44,1015.7,1
2020-11-07,Ha_Noi,21.0285,105.8542,23.2,70,17.3,29,1016.9,0
2020-11-08,Ha_Noi,21.0285,105.8542,23.5,60,16.7,20,1017.4,0
2020-11-09,Ha_Noi,21.0285,105.8542,22.2,56,20.7,12,1017.0,0
2020-11-10,Ha_Noi,21.0285,105.8542,21.2,54,18.8,68,1017.2,0
2020-11-11,Ha_Noi,21.0285,105.8542,21.8,56,15.5,84,1018.4,0
2020-11-12,Ha_Noi,21.0285,105.8542,22.1,58,15.2,17,1017.6,0
2020-11-13,Ha_Noi,21.0285,105.8542,21.6,60,16.0,1,1015.5,0
2020-11-14,Ha_Noi,21.0285,105.8542,22.0,54,18.1,30,1015.2,0
2020-11-15,Ha_Noi,21.0285,105.8542,19.9,83,16.9,100,1015.7,1
2020-11-16,Ha_Noi,21.0285,105.8542,20.6,93,16.2,99,1014.0,1
2020-11-17,Ha_Noi,21.0285,105.8542,23.4,89,16.6,59,1010.6,1
2020-11-18,Ha_Noi,21.0285,105.8542,24.8,85,16.4,56,1008.8,0
2020-11-19,Ha_Noi,21.0285,105.8542,24.7,88,13.4,71,1008.4,0
2020-11-20,Ha_Noi,21.0285,105.8542,24.9,87,14.8,71,1008.9,1
2020-11-21,Ha_Noi,21.0285,105.8542,25.0,86,15.4,70,1009.7,1
2020-11-22,Ha_Noi,21.0285,105.8542,24.6,90,12.1,74,1013.0,1
2020-11-23,Ha_Noi,21.0285,105.8542,24.4,86,14.0,46,1015.1,1
2020-11-24,Ha_Noi,21.0285,105.8542,23.0,82,12.5,72,1015.5,1
2020-11-25,Ha_Noi,21.0285,105.8542,23.0,85,13.5,54,1014.9,1
2020-11-26,Ha_Noi,21.0285,105.8542,23.4,84,10.8,48,1016.2,1
2020-11-27,Ha_Noi,21.0285,105.8542,21.8,73,18.3,36,1018.6,1
2020-11-28,Ha_Noi,21.0285,105.8542,19.3,64,20.9,69,1020.5,0
2020-11-29,Ha_Noi,21.0285,105.8542,17.7,57,19.5,55,1020.9,0
2020-11-30,Ha_Noi,21.0285,105.8542,17.7,58,19.0,35,1021.1,0
2020-12-01,Ha_Noi,21.0285,105.8542,18.5,60,13.7,92,1020.3,0
2020-12-02,Ha_Noi,21.0285,105.8542,18.8,64,13.0,95,1019.1,0
2020-12-03,Ha_Noi,21.0285,105.8542,18.8,57,18.4,60,1019.8,0
2020-12-04,Ha_Noi,21.0285,105.8542,16.2,56,22.3,51,1020.6,0
2020-12-05,Ha_Noi,21.0285,105.8542,14.4,63,15.5,20,1020.9,0
2020-12-06,Ha_Noi,21.0285,105.8542,15.3,71,12.2,7,1018.6,0
2020-12-07,Ha_Noi,21.0285,105.8542,16.8,71,14.2,15,1019.9,0
2020-12-08,Ha_Noi,21.0285,105.8542,16.8,67,15.4,24,1019.3,0
2020-12-09,Ha_Noi,21.0285,105.8542,17.2,74,11.6,50,1015.4,0
2020-12-10,Ha_Noi,21.0285,105.8542,18.7,75,10.0,35,1015.0,0
2020-12-11,Ha_Noi,21.0285,105.8542,19.5,79,16.4,43,1013.2,0
2020-12-12,Ha_Noi,21.0285,105.8542,20.2,85,14.5,74,1011.9,1
2020-12-13,Ha_Noi,21.0285,105.8542,22.2,86,16.1,82,1008.9,0
2020-12-14,Ha_Noi,21.0285,105.8542,18.6,90,24.7,99,1013.5,1
2020-12-15,Ha_Noi,21.0285,105.8542,12.2,78,17.7,99,1020.3,1
2020-12-16,Ha_Noi,21.0285,105.8542,12.1,67,15.6,100,1022.3,1
2020-12-17,Ha_Noi,21.0285,105.8542,12.3,66,13.1,96,1020.8,0
2020-12-18,Ha_Noi,21.0285,105.8542,12.5,60,17.8,82,1021.9,0
2020-12-19,Ha_Noi,21.0285,105.8542,13.7,49,17.7,99,1023.9,0
2020-12-20,Ha_Noi,21.0285,105.8542,13.8,48,20.5,64,1024.3,0
2020-12-21,Ha_Noi,21.0285,105.8542,13.7,54,19.1,25,1022.1,0
2020-12-22,Ha_Noi,21.0285,105.8542,15.6,55,11.9,71,1018.0,0
2020-12-23,Ha_Noi,21.0285,105.8542,16.7,65,8.8,92,1015.4,1
2020-12-24,Ha_Noi,21.0285,105.8542,17.4,68,11.7,81,1015.7,1
2020-12-25,Ha_Noi,21.0285,105.8542,17.7,71,11.4,58,1015.5,0
2020-12-26,Ha_Noi,21.0285,105.8542,18.1,85,9.4,64,1013.5,0
2020-12-27,Ha_Noi,21.0285,105.8542,19.9,91,10.2,99,1012.3,1
2020-12-28,Ha_Noi,21.0285,105.8542,21.4,88,16.2,82,1009.9,1
2020-12-29,Ha_Noi,21.0285,105.8542,22.3,84,28.1,88,1011.5,1
2020-12-30,Ha_Noi,21.0285,105.8542,16.3,43,32.3,97,1022.4,1
2020-12-31,Ha_Noi,21.0285,105.8542,12.7,42,16.8,60,1024.8,0
2021-01-01,Ha_Noi,21.0285,105.8542,12.1,46,14.7,48,1023.4,0
2021-01-02,Ha_Noi,21.0285,105.8542,12.5,65,12.5,8,1019.8,0
2021-01-03,Ha_Noi,21.0285,105.8542,13.7,66,11.3,73,1019.7,0
2021-01-04,Ha_Noi,21.0285,105.8542,15.8,59,10.9,33,1018.7,0
2021-01-05,Ha_Noi,21.0285,105.8542,16.0,70,9.4,74,1018.2,0
2021-01-06,Ha_Noi,21.0285,105.8542,17.3,60,12.3,97,1017.0,0
2021-01-07,Ha_Noi,21.0285,105.8542,14.2,62,18.4,100,1018.4,1
2021-01-08,Ha_Noi,21.0285,105.8542,9.6,55,21.6,90,1024.0,1
2021-01-09,Ha_Noi,21.0285,105.8542,10.1,42,14.0,82,1023.1,0
2021-01-10,Ha_Noi,21.0285,105.8542,11.1,37,14.5,96,1022.1,0
2021-01-11,Ha_Noi,21.0285,105.8542,11.8,32,23.3,69,1026.8,0
2021-01-12,Ha_Noi,21.0285,105.8542,12.5,42,16.6,55,1024.0,0
2021-01-13,Ha_Noi,21.0285,105.8542,14.9,49,17.6,36,1016.6,0
2021-01-14,Ha_Noi,21.0285,105.8542,15.4,70,10.4,30,1014.9,0
2021-01-15,Ha_Noi,21.0285,105.8542,16.0,83,10.9,82,1013.1,0
2021-01-16,Ha_Noi,21.0285,105.8542,18.1,79,9.2,90,1013.8,1
2021-01-17,Ha_Noi,21.0285,105.8542,14.9,68,28.1,100,1022.9,1
2021-01-18,Ha_Noi,21.0285,105.8542,14.2,45,15.7,9,1022.2,0
2021-01-19,Ha_Noi,21.0285,105.8542,14.6,72,18.1,0,1016.4,0
2021-01-20,Ha_Noi,21.0285,105.8542,16.2,80,12.4,66,1014.4,0
2021-01-21,Ha_Noi,21.0285,105.8542,17.8,83,11.0,92,1013.5,1
2021-01-22,Ha_Noi,21.0285,105.8542,18.8,77,7.2,56,1013.2,0
2021-01-23,Ha_Noi,21.0285,105.8542,19.1,76,13.2,42,1012.3,0
2021-01-24,Ha_Noi,21.0285,105.8542,19.4,81,18.5,64,1011.0,0
2021-01-25,Ha_Noi,21.0285,105.8542,20.4,88,16.4,94,1012.4,1
2021-01-26,Ha_Noi,21.0285,105.8542,20.1,84,15.5,63,1013.9,1
2021-01-27,Ha_Noi,21.0285,105.8542,19.2,83,15.5,81,1013.7,0
2021-01-28,Ha_Noi,21.0285,105.8542,17.7,70,21.3,92,1019.3,1
2021-01-29,Ha_Noi,21.0285,105.8542,18.3,61,14.3,70,1018.6,0
2021-01-30,Ha_Noi,21.0285,105.8542,18.0,79,13.8,93,1017.4,1
2021-01-31,Ha_Noi,21.0285,105.8542,18.8,83,16.6,94,1016.8,1
2021-02-01,Ha_Noi,21.0285,105.8542,20.3,80,15.9,86,1015.9,0
2021-02-02,Ha_Noi,21.0285,105.8542,19.5,85,13.5,72,1016.5,1
2021-02-03,Ha_Noi,21.0285,105.8542,20.2,81,16.2,63,1017.0,0
2021-02-04,Ha_Noi,21.0285,105.8542,19.9,82,12.6,62,1017.5,1
2021-02-05,Ha_Noi,21.0285,105.8542,20.0,81,13.5,66,1016.0,1
2021-02-06,Ha_Noi,21.0285,105.8542,19.9,79,13.0,60,1014.7,0
2021-02-07,Ha_Noi,21.0285,105.8542,21.2,76,13.0,70,1013.8,0
2021-02-08,Ha_Noi,21.0285,105.8542,20.5,82,10.9,66,1015.0,1
2021-02-09,Ha_Noi,21.0285,105.8542,16.5,90,18.2,88,1015.1,1
2021-02-10,Ha_Noi,21.0285,105.8542,17.2,77,12.9,28,1013.9,0
2021-02-11,Ha_Noi,21.0285,105.8542,18.1,76,11.8,29,1014.0,0
2021-02-12,Ha_Noi,21.0285,105.8542,18.4,77,10.9,47,1014.9,0
2021-02-13,Ha_Noi,21.0285,105.8542,18.9,74,16.0,50,1014.5,0
2021-02-14,Ha_Noi,21.0285,105.8542,19.9,76,12.4,48,1014.1,0
2021-02-15,Ha_Noi,21.0285,105.8542,20.4,81,17.1,63,1011.3,1
2021-02-16,Ha_Noi,21.0285,105.8542,20.9,83,14.0,84,1012.6,1
2021-02-17,Ha_Noi,21.0285,105.8542,19.5,67,18.9,90,1018.0,1
2021-02-18,Ha_Noi,21.0285,105.8542,20.1,71,9.7,93,1020.8,0
2021-02-19,Ha_Noi,21.0285,105.8542,20.3,70,10.3,77,1020.4,0
2021-02-20,Ha_Noi,21.0285,105.8542,19.6,71,13.9,21,1017.1,0
2021-02-21,Ha_Noi,21.0285,105.8542,20.6,72,21.2,8,1013.1,0
2021-02-22,Ha_Noi,21.0285,105.8542,20.9,81,17.3,87,1012.4,1
2021-02-23,Ha_Noi,21.0285,105.8542,21.7,78,14.4,58,1011.8,1
2021-02-24,Ha_Noi,21.0285,105.8542,21.8,80,23.2,64,1008.4,1
2021-02-25,Ha_Noi,21.0285,105.8542,22.9,83,21.3,70,1004.8,1
2021-02-26,Ha_Noi,21.0285,105.8542,23.1,85,15.3,78,1005.1,1
2021-02-27,Ha_Noi,21.0285,105.8542,17.7,79,19.4,100,1010.0,1
2021-02-28,Ha_Noi,21.0285,105.8542,18.6,92,8.0,100,1009.9,1
2021-03-01,Ha_Noi,21.0285,105.8542,22.0,89,23.2,99,1011.8,1
2021-03-02,Ha_Noi,21.0285,105.8542,18.4,62,20.9,100,1017.0,1
2021-03-03,Ha_Noi,21.0285,105.8542,17.7,80,9.7,100,1016.2,1
2021-03-04,Ha_Noi,21.0285,105.8542,18.2,86,10.0,99,1013.9,1
2021-03-05,Ha_Noi,21.0285,105.8542,21.0,87,12.5,97,1010.3,1
2021-03-06,Ha_Noi,21.0285,105.8542,23.9,84,13.9,61,1011.1,1
2021-03-07,Ha_Noi,21.0285,105.8542,20.8,77,20.9,95,1014.8,1
2021-03-08,Ha_Noi,21.0285,105.8542,22.3,84,18.3,86,1013.9,1
2021-03-09,Ha_Noi,21.0285,105.8542,22.9,86,23.8,81,1013.5,1
2021-03-10,Ha_Noi,21.0285,105.8542,23.1,84,24.3,77,1013.2,1
2021-03-11,Ha_Noi,21.0285,105.8542,23.1,84,18.9,80,1014.3,1
2021-03-12,Ha_Noi,21.0285,105.8542,22.9,85,17.1,70,1015.0,1
2021-03-13,Ha_Noi,21.0285,105.8542,22.4,86,14.0,70,1014.5,1
2021-03-14,Ha_Noi,21.0285,105.8542,22.2,83,15.3,58,1011.6,1
2021-03-15,Ha_Noi,21.0285,105.8542,23.2,83,20.4,83,1008.8,1
2021-03-16,Ha_Noi,21.0285,105.8542,23.4,88,19.4,93,1008.5,1
2021-03-17,Ha_Noi,21.0285,105.8542,23.8,87,19.9,96,1008.1,1
2021-03-18,Ha_Noi,21.0285,105.8542,24.1,85,17.5,90,1007.7,1
2021-03-19,Ha_Noi,21.0285,105.8542,24.8,84,20.4,97,1006.4,1
2021-03-20,Ha_Noi,21.0285,105.8542,24.7,87,16.8,96,1006.2,1
2021-03-21,Ha_Noi,21.0285,105.8542,18.8,77,33.6,99,1013.9,1
2021-03-22,Ha_Noi,21.0285,105.8542,16.8,55,20.0,72,1021.7,0
2021-03-23,Ha_Noi,21.0285,105.8542,17.5,62,12.4,32,1018.2,0
2021-03-24,Ha_Noi,21.0285,105.8542,19.1,79,13.3,58,1013.5,0
2021-03-25,Ha_Noi,21.0285,105.8542,21.0,88,10.7,86,1011.3,1
2021-03-26,Ha_Noi,21.0285,105.8542,22.8,90,18.2,97,1008.9,1
2021-03-27,Ha_Noi,21.0285,105.8542,24.2,89,20.8,95,1006.7,1
2021-03-28,Ha_Noi,21.0285,105.8542,24.4,90,18.0,96,1005.5,1
2021-03-29,Ha_Noi,21.0285,105.8542,26.0,86,16.9,60,1001.8,0
2021-03-30,Ha_Noi,21.0285,105.8542,27.1,83,16.2,62,999.1,0
2021-03-31,Ha_Noi,21.0285,105.8542,27.7,80,19.6,43,998.6,0
2021-04-01,Ha_Noi,21.0285,105.8542,26.9,83,17.1,27,1000.4,0
2021-04-02,Ha_Noi,21.0285,105.8542,26.6,86,17.1,72,1003.5,1
2021-04-03,Ha_Noi,21.0285,105.8542,25.2,92,16.1,99,1007.2,1
2021-04-04,Ha_Noi,21.0285,105.8542,24.3,88,16.8,77,1010.0,1
2021-04-05,Ha_Noi,21.0285,105.8542,22.7,84,12.8,71,1012.8,1
2021-04-06,Ha_Noi,21.0285,105.8542,23.3,86,18.8,74,1012.8,1
2021-04-07,Ha_Noi,21.0285,105.8542,24.3,87,13.3,73,1010.8,1
2021-04-08,Ha_Noi,21.0285,105.8542,24.3,89,19.5,78,1009.3,1
2021-04-09,Ha_Noi,21.0285,105.8542,20.1,80,18.3,100,1012.7,1
2021-04-10,Ha_Noi,21.0285,105.8542,20.8,87,10.5,100,1013.8,1
2021-04-11,Ha_Noi,21.0285,105.8542,24.4,85,18.5,87,1012.8,1
2021-04-12,Ha_Noi,21.0285,105.8542,25.1,87,18.5,96,1011.0,1
2021-04-13,Ha_Noi,21.0285,105.8542,25.3,86,16.9,99,1009.4,1
2021-04-14,Ha_Noi,21.0285,105.8542,25.5,86,16.8,98,1007.7,1
2021-04-15,Ha_Noi,21.0285,105.8542,25.5,90,20.5,96,1006.6,1
2021-04-16,Ha_Noi,21.0285,105.8542,25.8,86,18.7,97,1008.1,1
2021-04-17,Ha_Noi,21.0285,105.8542,22.2,92,18.4,99,1012.1,1
2021-04-18,Ha_Noi,21.0285,105.8542,22.6,87,9.5,99,1010.6,1
2021-04-19,Ha_Noi,21.0285,105.8542,25.3,88,17.3,60,1006.2,1
2021-04-20,Ha_Noi,21.0285,105.8542,26.8,87,19.4,66,1005.0,1
2021-04-21,Ha_Noi,21.0285,105.8542,27.1,86,20.4,71,1005.7,1
2021-04-22,Ha_Noi,21.0285,105.8542,27.3,86,16.6,61,1005.3,1
2021-04-23,Ha_Noi,21.0285,105.8542,27.6,84,19.6,55,1003.1,1
2021-04-24,Ha_Noi,21.0285,105.8542,28.1,85,18.3,75,1003.0,1
2021-04-25,Ha_Noi,21.0285,105.8542,26.4,91,17.1,94,1005.9,1
2021-04-26,Ha_Noi,21.0285,105.8542,23.0,92,22.4,100,1008.4,1
2021-04-27,Ha_Noi,21.0285,105.8542,22.5,87,10.9,100,1011.1,1
2021-04-28,Ha_Noi,21.0285,105.8542,22.9,88,16.7,95,1012.7,1
2021-04-29,Ha_Noi,21.0285,105.8542,21.4,81,14.2,94,1013.3,1
2021-04-30,Ha_Noi,21.0285,105.8542,23.1,82,14.5,52,1009.8,0
2021-05-01,Ha_Noi,21.0285,105.8542,24.7,87,12.8,86,1009.1,1
2021-05-02,Ha_Noi,21.0285,105.8542,26.2,91,15.9,91,1007.5,1
2021-05-03,Ha_Noi,21.0285,105.8542,27.5,86,21.4,66,1004.9,1
2021-05-04,Ha_Noi,21.0285,105.8542,28.3,82,17.1,43,1004.8,0
2021-05-05,Ha_Noi,21.0285,105.8542,25.5,92,15.1,96,1009.0,1
2021-05-06,Ha_Noi,21.0285,105.8542,26.0,83,15.0,92,1010.4,1
2021-05-07,Ha_Noi,21.0285,105.8542,27.3,84,18.8,52,1008.9,1
2021-05-08,Ha_Noi,21.0285,105.8542,27.3,84,16.5,66,1006.3,0
2021-05-09,Ha_Noi,21.0285,105.8542,28.1,84,17.3,63,1004.2,1
2021-05-10,Ha_Noi,21.0285,105.8542,29.4,82,16.9,36,1002.5,0
2021-05-11,Ha_Noi,21.0285,105.8542,30.1,79,17.9,49,1001.4,0
2021-05-12,Ha_Noi,21.0285,105.8542,30.4,78,16.8,46,1001.1,0
2021-05-13,Ha_Noi,21.0285,105.8542,29.1,83,17.7,58,1002.0,1
2021-05-14,Ha_Noi,21.0285,105.8542,29.4,81,22.7,48,1001.8,1
2021-05-15,Ha_Noi,21.0285,105.8542,30.4,78,19.8,54,1002.1,0
2021-05-16,Ha_Noi,21.0285,105.8542,30.6,79,19.7,49,1002.3,0
2021-05-17,Ha_Noi,21.0285,105.8542,29.9,80,21.7,45,1003.7,1
2021-05-18,Ha_Noi,21.0285,105.8542,29.9,81,19.6,60,1003.4,1
2021-05-19,Ha_Noi,21.0285,105.8542,30.8,77,19.9,72,1000.9,1
2021-05-20,Ha_Noi,21.0285,105.8542,31.2,75,19.2,93,1001.2,1
2021-05-21,Ha_Noi,21.0285,105.8542,31.0,76,21.6,76,1000.7,1
2021-05-22,Ha_Noi,21.0285,105.8542,31.7,72,22.2,62,999.1,1
2021-05-23,Ha_Noi,21.0285,105.8542,30.7,79,21.0,80,1001.3,1
2021-05-24,Ha_Noi,21.0285,105.8542,27.5,80,17.5,98,1006.5,1
2021-05-25,Ha_Noi,21.0285,105.8542,25.6,85,18.4,82,1006.5,1
2021-05-26,Ha_Noi,21.0285,105.8542,27.6,87,17.7,74,1004.4,1
2021-05-27,Ha_Noi,21.0285,105.8542,28.5,85,19.1,65,1005.3,1
2021-05-28,Ha_Noi,21.0285,105.8542,28.8,84,14.7,86,1005.4,1
2021-05-29,Ha_Noi,21.0285,105.8542,30.4,79,17.2,84,1002.7,1
2021-05-30,Ha_Noi,21.0285,105.8542,31.4,75,14.6,98,1000.3,1
2021-05-31,Ha_Noi,21.0285,105.8542,31.8,74,12.3,95,998.5,0
2021-06-01,Ha_Noi,21.0285,105.8542,32.9,69,18.0,88,998.6,0
2021-06-02,Ha_Noi,21.0285,105.8542,32.5,72,16.3,99,999.4,0
2021-06-03,Ha_Noi,21.0285,105.8542,33.1,70,17.8,90,999.4,1
2021-06-04,Ha_Noi,21.0285,105.8542,27.0,74,25.1,96,1004.5,1
2021-06-05,Ha_Noi,21.0285,105.8542,27.4,73,8.2,76,1003.7,1
2021-06-06,Ha_Noi,21.0285,105.8542,28.1,82,13.2,73,1001.7,1
2021-06-07,Ha_Noi,21.0285,105.8542,27.8,87,15.9,89,1002.5,1
2021-06-08,Ha_Noi,21.0285,105.8542,26.9,90,11.2,96,1003.4,1
2021-06-09,Ha_Noi,21.0285,105.8542,27.3,89,7.3,98,1002.2,1
2021-06-10,Ha_Noi,21.0285,105.8542,27.5,89,13.0,99,1000.8,1
2021-06-11,Ha_Noi,21.0285,105.8542,27.2,91,13.3,97,1001.4,1
2021-06-12,Ha_Noi,21.0285,105.8542,27.8,87,20.4,99,1000.5,1
2021-06-13,Ha_Noi,21.0285,105.8542,27.3,87,24.8,86,999.4,1
2021-06-14,Ha_Noi,21.0285,105.8542,28.9,80,15.3,43,998.9,1
2021-06-15,Ha_Noi,21.0285,105.8542,29.8,74,14.4,58,997.3,1
2021-06-16,Ha_Noi,21.0285,105.8542,31.2,72,16.5,80,999.0,0
2021-06-17,Ha_Noi,21.0285,105.8542,31.6,69,16.9,58,1000.7,0
2021-06-18,Ha_Noi,21.0285,105.8542,31.8,70,16.6,6,1000.8,0
2021-06-19,Ha_Noi,21.0285,105.8542,32.5,65,15.7,48,998.7,0
2021-06-20,Ha_Noi,21.0285,105.8542,33.0,63,14.0,54,996.8,0
2021-06-21,Ha_Noi,21.0285,105.8542,33.0,65,13.0,89,997.3,0
2021-06-22,Ha_Noi,21.0285,105.8542,30.7,77,15.9,99,1000.9,1
2021-06-23,Ha_Noi,21.0285,105.8542,29.1,83,12.4,100,1001.5,1
2021-06-24,Ha_Noi,21.0285,105.8542,29.2,85,10.1,97,1000.3,1
2021-06-25,Ha_Noi,21.0285,105.8542,28.7,87,14.4,92,1000.1,1
2021-06-26,Ha_Noi,21.0285,105.8542,29.8,81,13.4,90,1000.9,1
2021-06-27,Ha_Noi,21.0285,105.8542,31.6,69,15.8,85,999.8,0
2021-06-28,Ha_Noi,21.0285,105.8542,31.6,69,15.0,97,997.5,0
2021-06-29,Ha_Noi,21.0285,105.8542,31.0,76,9.8,100,997.6,1
2021-06-30,Ha_Noi,21.0285,105.8542,31.3,73,15.3,100,998.1,1
2021-07-01,Ha_Noi,21.0285,105.8542,31.3,68,15.9,99,998.5,0
2021-07-02,Ha_Noi,21.0285,105.8542,31.8,66,13.3,99,999.7,0
2021-07-03,Ha_Noi,21.0285,105.8542,31.7,71,9.8,98,999.9,0
2021-07-04,Ha_Noi,21.0285,105.8542,31.4,77,15.0,93,1000.4,1
2021-07-05,Ha_Noi,21.0285,105.8542,29.8,82,15.2,90,1001.9,1
2021-07-06,Ha_Noi,21.0285,105.8542,29.4,82,13.4,46,1001.9,1
2021-07-07,Ha_Noi,21.0285,105.8542,28.5,87,12.3,73,1002.1,1
2021-07-08,Ha_Noi,21.0285,105.8542,27.3,89,21.8,93,1003.7,1
2021-07-09,Ha_Noi,21.0285,105.8542,27.8,86,17.3,56,1006.0,1
2021-07-10,Ha_Noi,21.0285,105.8542,28.1,84,16.7,45,1006.4,1
2021-07-11,Ha_Noi,21.0285,105.8542,28.8,80,15.8,52,1007.0,1
2021-07-12,Ha_Noi,21.0285,105.8542,29.5,78,18.6,17,1005.8,0
2021-07-13,Ha_Noi,21.0285,105.8542,29.8,80,20.5,27,1003.6,1
2021-07-14,Ha_Noi,21.0285,105.8542,30.1,78,17.2,24,1003.2,1
2021-07-15,Ha_Noi,21.0285,105.8542,29.7,77,16.3,24,1004.8,1
2021-07-16,Ha_Noi,21.0285,105.8542,30.0,77,14.9,36,1005.3,1
2021-07-17,Ha_Noi,21.0285,105.8542,30.3,77,15.5,69,1001.7,0
2021-07-18,Ha_Noi,21.0285,105.8542,29.0,85,13.4,98,999.4,1
2021-07-19,Ha_Noi,21.0285,105.8542,28.3,88,11.3,93,999.8,1
2021-07-20,Ha_Noi,21.0285,105.8542,27.3,89,8.7,100,1000.4,1
2021-07-21,Ha_Noi,21.0285,105.8542,28.1,86,9.2,98,999.3,1
2021-07-22,Ha_Noi,21.0285,105.8542,28.0,90,8.2,100,997.7,1
2021-07-23,Ha_Noi,21.0285,105.8542,26.6,95,20.7,98,996.1,1
2021-07-24,Ha_Noi,21.0285,105.8542,28.3,87,15.3,79,996.4,1
2021-07-25,Ha_Noi,21.0285,105.8542,29.2,87,12.4,79,997.6,1
2021-07-26,Ha_Noi,21.0285,105.8542,29.0,85,11.5,65,997.2,1
2021-07-27,Ha_Noi,21.0285,105.8542,29.9,82,10.8,72,995.5,1
2021-07-28,Ha_Noi,21.0285,105.8542,29.7,86,11.2,90,995.5,1
2021-07-29,Ha_Noi,21.0285,105.8542,29.0,89,8.4,99,997.0,1
2021-07-30,Ha_Noi,21.0285,105.8542,29.9,85,13.9,93,997.5,1
2021-07-31,Ha_Noi,21.0285,105.8542,30.9,81,15.5,95,996.4,1
2021-08-01,Ha_Noi,21.0285,105.8542,26.6,94,11.8,99,996.9,1
2021-08-02,Ha_Noi,21.0285,105.8542,29.2,85,10.3,83,996.5,1
2021-08-03,Ha_Noi,21.0285,105.8542,29.9,84,12.1,90,997.5,1
2021-08-04,Ha_Noi,21.0285,105.8542,31.2,79,10.1,69,997.5,1
2021-08-05,Ha_Noi,21.0285,105.8542,31.9,76,13.9,79,996.1,0
2021-08-06,Ha_Noi,21.0285,105.8542,32.2,72,12.2,98,996.7,0
2021-08-07,Ha_Noi,21.0285,105.8542,32.4,70,11.4,99,997.9,0
2021-08-08,Ha_Noi,21.0285,105.8542,31.2,79,7.9,98,999.1,0
2021-08-09,Ha_Noi,21.0285,105.8542,30.4,84,11.5,98,999.5,1
2021-08-10,Ha_Noi,21.0285,105.8542,27.9,93,12.1,100,999.8,1
2021-08-11,Ha_Noi,21.0285,105.8542,27.7,93,15.1,99,1002.2,1
2021-08-12,Ha_Noi,21.0285,105.8542,28.7,87,12.6,97,1003.3,1
2021-08-13,Ha_Noi,21.0285,105.8542,30.0,82,13.4,88,999.7,1
2021-08-14,Ha_Noi,21.0285,105.8542,29.4,86,8.5,100,999.0,1
2021-08-15,Ha_Noi,21.0285,105.8542,27.3,91,9.6,98,1003.1,1
2021-08-16,Ha_Noi,21.0285,105.8542,28.6,85,11.0,90,1006.6,1
2021-08-17,Ha_Noi,21.0285,105.8542,29.3,83,11.6,54,1005.8,1
2021-08-18,Ha_Noi,21.0285,105.8542,29.5,85,16.0,75,1003.8,1
2021-08-19,Ha_Noi,21.0285,105.8542,28.4,86,13.4,80,1004.1,1
2021-08-20,Ha_Noi,21.0285,105.8542,28.8,86,13.5,57,1005.3,1
2021-08-21,Ha_Noi,21.0285,105.8542,30.0,84,17.1,75,1004.2,1
2021-08-22,Ha_Noi,21.0285,105.8542,30.8,80,16.6,47,1001.7,0
2021-08-23,Ha_Noi,21.0285,105.8542,30.6,80,15.5,89,1000.6,1
2021-08-24,Ha_Noi,21.0285,105.8542,29.2,88,14.0,99,1001.7,1
2021-08-25,Ha_Noi,21.0285,105.8542,28.7,85,15.2,79,1003.2,1
2021-08-26,Ha_Noi,21.0285,105.8542,27.6,89,14.7,73,1005.8,1
2021-08-27,Ha_Noi,21.0285,105.8542,26.8,88,9.5,87,1007.5,1
2021-08-28,Ha_Noi,21.0285,105.8542,26.3,89,12.8,80,1007.4,1
2021-08-29,Ha_Noi,21.0285,105.8542,27.0,87,13.3,43,1007.2,1
2021-08-30,Ha_Noi,21.0285,105.8542,27.6,85,11.7,87,1007.6,1
2021-08-31,Ha_Noi,21.0285,105.8542,27.9,86,11.8,49,1007.4,1
2021-09-01,Ha_Noi,21.0285,105.8542,28.1,85,11.7,62,1006.4,1
2021-09-02,Ha_Noi,21.0285,105.8542,27.0,88,8.2,91,1005.4,1
2021-09-03,Ha_Noi,21.0285,105.8542,27.7,87,12.5,61,1003.3,1
2021-09-04,Ha_Noi,21.0285,105.8542,27.7,88,12.4,59,1003.4,1
2021-09-05,Ha_Noi,21.0285,105.8542,26.8,90,14.2,73,1006.1,1
2021-09-06,Ha_Noi,21.0285,105.8542,27.9,87,8.3,70,1008.0,1
2021-09-07,Ha_Noi,21.0285,105.8542,27.4,88,15.8,80,1007.6,1
2021-09-08,Ha_Noi,21.0285,105.8542,26.5,88,18.4,90,1006.3,1
2021-09-09,Ha_Noi,21.0285,105.8542,26.7,89,11.1,64,1007.5,1
2021-09-10,Ha_Noi,21.0285,105.8542,28.4,82,11.5,54,1006.2,0
2021-09-11,Ha_Noi,21.0285,105.8542,29.6,79,8.2,52,1003.2,0
2021-09-12,Ha_Noi,21.0285,105.8542,30.5,79,9.7,71,1000.5,1
2021-09-13,Ha_Noi,21.0285,105.8542,28.8,88,12.4,78,1003.5,1
2021-09-14,Ha_Noi,21.0285,105.8542,26.7,91,10.1,99,1007.6,1
2021-09-15,Ha_Noi,21.0285,105.8542,26.7,90,8.9,95,1009.1,1
2021-09-16,Ha_Noi,21.0285,105.8542,26.9,88,13.8,87,1007.8,1
2021-09-17,Ha_Noi,21.0285,105.8542,27.8,87,13.9,86,1006.1,1
2021-09-18,Ha_Noi,21.0285,105.8542,28.4,86,16.0,56,1006.7,1
2021-09-19,Ha_Noi,21.0285,105.8542,28.7,82,12.7,72,1006.9,0
2021-09-20,Ha_Noi,21.0285,105.8542,27.8,88,10.5,65,1007.4,1
2021-09-21,Ha_Noi,21.0285,105.8542,27.8,86,11.2,46,1006.9,1
2021-09-22,Ha_Noi,21.0285,105.8542,26.2,90,11.2,69,1007.0,1
2021-09-23,Ha_Noi,21.0285,105.8542,26.8,90,11.3,77,1008.7,1
2021-09-24,Ha_Noi,21.0285,105.8542,26.0,92,15.1,88,1009.1,1
2021-09-25,Ha_Noi,21.0285,105.8542,25.8,92,12.9,92,1008.9,1
2021-09-26,Ha_Noi,21.0285,105.8542,26.1,91,13.0,78,1009.3,1
2021-09-27,Ha_Noi,21.0285,105.8542,26.2,90,6.4,85,1008.9,1
2021-09-28,Ha_Noi,21.0285,105.8542,27.7,83,12.4,31,1007.4,0
2021-09-29,Ha_Noi,21.0285,105.8542,28.3,83,12.5,25,1006.1,1
2021-09-30,Ha_Noi,21.0285,105.8542,28.7,82,12.0,16,1006.1,1
2021-10-01,Ha_Noi,21.0285,105.8542,28.3,85,12.7,48,1006.3,1
2021-10-02,Ha_Noi,21.0285,105.8542,27.8,83,13.0,64,1007.2,1
2021-10-03,Ha_Noi,21.0285,105.8542,27.3,82,11.1,45,1007.8,0
2021-10-04,Ha_Noi,21.0285,105.8542,27.2,87,13.2,30,1008.7,1
2021-10-05,Ha_Noi,21.0285,105.8542,27.1,87,12.6,59,1008.7,1
2021-10-06,Ha_Noi,21.0285,105.8542,27.5,85,6.9,51,1005.8,1
2021-10-07,Ha_Noi,21.0285,105.8542,28.6,78,14.5,63,1003.0,1
2021-10-08,Ha_Noi,21.0285,105.8542,28.8,63,21.6,71,1002.1,0
2021-10-09,Ha_Noi,21.0285,105.8542,25.6,78,17.7,100,1002.1,1
2021-10-10,Ha_Noi,21.0285,105.8542,23.7,91,25.0,100,1000.8,1
2021-10-11,Ha_Noi,21.0285,105.8542,22.7,87,25.1,98,1005.9,1
2021-10-12,Ha_Noi,21.0285,105.8542,24.4,63,25.8,57,1007.1,0
2021-10-13,Ha_Noi,21.0285,105.8542,23.4,73,25.8,100,1003.7,1
2021-10-14,Ha_Noi,21.0285,105.8542,21.4,85,29.1,100,1003.9,1
2021-10-15,Ha_Noi,21.0285,105.8542,21.6,89,21.6,100,1008.7,1
2021-10-16,Ha_Noi,21.0285,105.8542,21.3,77,28.1,100,1014.4,1
2021-10-17,Ha_Noi,21.0285,105.8542,21.3,64,25.2,94,1017.4,1
2021-10-18,Ha_Noi,21.0285,105.8542,19.2,86,15.9,100,1016.2,1
2021-10-19,Ha_Noi,21.0285,105.8542,21.7,90,10.7,95,1014.8,1
2021-10-20,Ha_Noi,21.0285,105.8542,25.6,85,18.0,69,1011.2,0
2021-10-21,Ha_Noi,21.0285,105.8542,22.2,78,31.4,98,1013.2,1
2021-10-22,Ha_Noi,21.0285,105.8542,19.8,60,17.2,100,1018.5,1
2021-10-23,Ha_Noi,21.0285,105.8542,19.8,64,16.3,73,1019.1,0
2021-10-24,Ha_Noi,21.0285,105.8542,20.3,70,15.2,32,1018.1,0
2021-10-25,Ha_Noi,21.0285,105.8542,21.3,74,13.1,8,1015.0,0
2021-10-26,Ha_Noi,21.0285,105.8542,22.1,78,7.6,23,1013.5,0
2021-10-27,Ha_Noi,21.0285,105.8542,23.4,73,14.0,55,1014.3,0
2021-10-28,Ha_Noi,21.0285,105.8542,22.3,81,12.7,100,1014.9,1
2021-10-29,Ha_Noi,21.0285,105.8542,21.6,93,15.1,100,1015.3,1
2021-10-30,Ha_Noi,21.0285,105.8542,20.3,89,15.9,100,1016.3,1
2021-10-31,Ha_Noi,21.0285,105.8542,21.1,89,11.8,100,1015.1,1
2021-11-01,Ha_Noi,21.0285,105.8542,22.1,88,13.0,100,1014.9,1
2021-11-02,Ha_Noi,21.0285,105.8542,22.0,88,12.8,100,1015.0,1
2021-11-03,Ha_Noi,21.0285,105.8542,23.3,86,10.0,70,1013.1,1
2021-11-04,Ha_Noi,21.0285,105.8542,25.1,84,15.5,54,1010.5,1
2021-11-05,Ha_Noi,21.0285,105.8542,26.1,83,18.8,51,1007.7,0
2021-11-06,Ha_Noi,21.0285,105.8542,26.1,84,16.5,54,1005.6,1
2021-11-07,Ha_Noi,21.0285,105.8542,25.4,88,29.1,78,1009.1,1
2021-11-08,Ha_Noi,21.0285,105.8542,17.9,64,32.8,100,1018.5,1
2021-11-09,Ha_Noi,21.0285,105.8542,18.1,57,12.1,13,1018.6,0
2021-11-10,Ha_Noi,21.0285,105.8542,18.6,59,15.0,22,1018.1,0
2021-11-11,Ha_Noi,21.0285,105.8542,19.2,67,9.6,72,1015.3,0
2021-11-12,Ha_Noi,21.0285,105.8542,20.8,64,17.3,93,1017.1,0
2021-11-13,Ha_Noi,21.0285,105.8542,20.2,63,15.5,81,1017.2,0
2021-11-14,Ha_Noi,21.0285,105.8542,19.9,68,12.4,61,1015.7,0
2021-11-15,Ha_Noi,21.0285,105.8542,20.9,77,10.8,85,1013.5,0
2021-11-16,Ha_Noi,21.0285,105.8542,20.7,88,6.7,90,1013.4,1
2021-11-17,Ha_Noi,21.0285,105.8542,21.1,78,20.5,100,1015.1,1
2021-11-18,Ha_Noi,21.0285,105.8542,19.7,68,13.8,79,1013.6,0
2021-11-19,Ha_Noi,21.0285,105.8542,20.7,82,15.3,81,1008.6,1
2021-11-20,Ha_Noi,21.0285,105.8542,23.6,85,17.9,74,1007.1,1
2021-11-21,Ha_Noi,21.0285,105.8542,24.8,86,18.7,68,1009.7,1
2021-11-22,Ha_Noi,21.0285,105.8542,19.2,67,24.9,93,1016.5,1
2021-11-23,Ha_Noi,21.0285,105.8542,16.9,58,17.4,89,1020.0,0
2021-11-24,Ha_Noi,21.0285,105.8542,17.4,60,15.0,84,1019.6,1
2021-11-25,Ha_Noi,21.0285,105.8542,17.8,78,11.3,38,1017.3,1
2021-11-26,Ha_Noi,21.0285,105.8542,19.4,73,11.2,34,1017.0,0
2021-11-27,Ha_Noi,21.0285,105.8542,20.4,63,12.0,31,1018.0,0
2021-11-28,Ha_Noi,21.0285,105.8542,19.3,69,11.2,27,1017.5,0
2021-11-29,Ha_Noi,21.0285,105.8542,20.8,68,10.1,76,1016.2,0
2021-11-30,Ha_Noi,21.0285,105.8542,20.9,57,21.8,58,1018.9,0
2021-12-01,Ha_Noi,21.0285,105.8542,17.8,55,14.7,51,1020.2,0
2021-12-02,Ha_Noi,21.0285,105.8542,16.3,59,13.7,59,1020.5,0
2021-12-03,Ha_Noi,21.0285,105.8542,16.4,61,12.8,43,1020.3,0
2021-12-04,Ha_Noi,21.0285,105.8542,16.8,63,10.9,16,1019.7,0
2021-12-05,Ha_Noi,21.0285,105.8542,17.3,66,11.4,1,1019.4,0
2021-12-06,Ha_Noi,21.0285,105.8542,17.3,63,11.0,0,1018.7,0
2021-12-07,Ha_Noi,21.0285,105.8542,16.9,65,9.4,0,1018.5,0
2021-12-08,Ha_Noi,21.0285,105.8542,18.3,67,9.1,46,1019.1,1
2021-12-09,Ha_Noi,21.0285,105.8542,19.2,80,11.5,96,1020.1,1
2021-12-10,Ha_Noi,21.0285,105.8542,20.5,78,15.8,68,1017.3,0
2021-12-11,Ha_Noi,21.0285,105.8542,20.4,82,9.4,59,1017.5,1
2021-12-12,Ha_Noi,21.0285,105.8542,19.9,75,24.9,65,1019.8,1
2021-12-13,Ha_Noi,21.0285,105.8542,18.0,61,17.3,51,1020.3,0
2021-12-14,Ha_Noi,21.0285,105.8542,17.5,75,9.4,31,1015.9,0
2021-12-15,Ha_Noi,21.0285,105.8542,18.2,89,9.0,68,1012.6,1
2021-12-16,Ha_Noi,21.0285,105.8542,20.1,88,10.5,85,1013.3,1
2021-12-17,Ha_Noi,21.0285,105.8542,21.0,66,20.6,49,1017.6,1
2021-12-18,Ha_Noi,21.0285,105.8542,18.2,49,18.2,42,1020.5,0
2021-12-19,Ha_Noi,21.0285,105.8542,17.1,48,17.2,53,1019.9,0
2021-12-20,Ha_Noi,21.0285,105.8542,18.6,52,14.6,88,1015.5,0
2021-12-21,Ha_Noi,21.0285,105.8542,19.0,59,13.1,53,1015.3,0
2021-12-22,Ha_Noi,21.0285,105.8542,18.6,69,11.8,7,1014.6,0
2021-12-23,Ha_Noi,21.0285,105.8542,19.0,76,14.3,13,1013.3,0
2021-12-24,Ha_Noi,21.0285,105.8542,19.4,85,10.3,72,1013.8,1
2021-12-25,Ha_Noi,21.0285,105.8542,20.4,82,14.4,75,1016.8,1
2021-12-26,Ha_Noi,21.0285,105.8542,17.9,70,25.1,100,1020.5,1
2021-12-27,Ha_Noi,21.0285,105.8542,12.1,60,18.8,100,1025.1,1
2021-12-28,Ha_Noi,21.0285,105.8542,13.5,63,10.2,98,1022.7,0
2021-12-29,Ha_Noi,21.0285,105.8542,15.2,68,11.5,100,1022.1,1
2021-12-30,Ha_Noi,21.0285,105.8542,15.8,66,14.0,100,1023.6,1
2021-12-31,Ha_Noi,21.0285,105.8542,16.0,70,11.4,92,1022.7,1
2022-01-01,Ha_Noi,21.0285,105.8542,17.0,73,14.8,98,1022.0,0
2022-01-02,Ha_Noi,21.0285,105.8542,17.3,70,13.2,66,1020.3,0
2022-01-03,Ha_Noi,21.0285,105.8542,17.8,78,8.7,62,1017.7,0
2022-01-04,Ha_Noi,21.0285,105.8542,18.2,85,15.3,50,1015.6,1
2022-01-05,Ha_Noi,21.0285,105.8542,19.9,86,9.7,76,1013.9,1
2022-01-06,Ha_Noi,21.0285,105.8542,20.4,86,13.4,60,1014.9,1
2022-01-07,Ha_Noi,21.0285,105.8542,20.1,82,21.7,81,1016.9,1
2022-01-08,Ha_Noi,21.0285,105.8542,19.5,79,15.0,100,1016.0,1
2022-01-09,Ha_Noi,21.0285,105.8542,14.9,82,16.1,100,1016.0,1
2022-01-10,Ha_Noi,21.0285,105.8542,16.1,82,18.7,100,1015.0,1
2022-01-11,Ha_Noi,21.0285,105.8542,15.8,67,16.3,83,1019.2,1
2022-01-12,Ha_Noi,21.0285,105.8542,16.2,79,10.6,76,1017.2,0
2022-01-13,Ha_Noi,21.0285,105.8542,15.8,79,14.3,100,1018.9,1
2022-01-14,Ha_Noi,21.0285,105.8542,17.3,76,13.8,78,1016.3,0
2022-01-15,Ha_Noi,21.0285,105.8542,18.8,86,11.5,90,1014.8,1
2022-01-16,Ha_Noi,21.0285,105.8542,19.8,85,24.8,89,1015.4,1
2022-01-17,Ha_Noi,21.0285,105.8542,14.4,81,17.3,100,1019.5,1
2022-01-18,Ha_Noi,21.0285,105.8542,16.5,69,14.2,36,1019.7,0
2022-01-19,Ha_Noi,21.0285,105.8542,15.9,74,13.4,53,1017.2,0
2022-01-20,Ha_Noi,21.0285,105.8542,16.3,83,10.8,88,1014.4,1
2022-01-21,Ha_Noi,21.0285,105.8542,17.2,91,9.2,100,1012.9,1
2022-01-22,Ha_Noi,21.0285,105.8542,19.0,90,7.3,82,1009.0,1
2022-01-23,Ha_Noi,21.0285,105.8542,20.7,90,13.1,75,1008.5,1
2022-01-24,Ha_Noi,21.0285,105.8542,21.7,88,16.8,69,1009.6,1
2022-01-25,Ha_Noi,21.0285,105.8542,20.8,82,19.1,87,1011.6,1
2022-01-26,Ha_Noi,21.0285,105.8542,21.0,85,18.4,84,1011.7,1
2022-01-27,Ha_Noi,21.0285,105.8542,21.8,87,23.0,77,1011.7,1
2022-01-28,Ha_Noi,21.0285,105.8542,22.0,83,23.1,73,1011.0,1
2022-01-29,Ha_Noi,21.0285,105.8542,16.0,81,23.0,97,1011.6,1
2022-01-30,Ha_Noi,21.0285,105.8542,12.6,70,15.9,100,1015.3,1
2022-01-31,Ha_Noi,21.0285,105.8542,12.1,79,19.0,100,1016.6,1
2022-02-01,Ha_Noi,21.0285,105.8542,12.3,71,12.0,100,1017.1,0
2022-02-02,Ha_Noi,21.0285,105.8542,11.8,77,15.1,100,1018.0,1
2022-02-03,Ha_Noi,21.0285,105.8542,12.6,67,12.0,73,1018.5,0
2022-02-04,Ha_Noi,21.0285,105.8542,13.3,66,15.3,85,1020.3,0
2022-02-05,Ha_Noi,21.0285,105.8542,14.2,67,14.3,100,1020.4,1
2022-02-06,Ha_Noi,21.0285,105.8542,13.9,88,6.8,100,1016.8,1
2022-02-07,Ha_Noi,21.0285,105.8542,17.5,84,8.9,97,1012.7,1
2022-02-08,Ha_Noi,21.0285,105.8542,16.5,89,14.0,100,1013.8,1
2022-02-09,Ha_Noi,21.0285,105.8542,13.2,83,14.1,100,1016.3,1
2022-02-10,Ha_Noi,21.0285,105.8542,14.8,83,8.7,100,1013.9,1
2022-02-11,Ha_Noi,21.0285,105.8542,17.5,87,8.3,100,1012.7,1
2022-02-12,Ha_Noi,21.0285,105.8542,16.1,91,11.5,100,1012.1,1
2022-02-13,Ha_Noi,21.0285,105.8542,13.5,87,19.2,100,1012.9,1
2022-02-14,Ha_Noi,21.0285,105.8542,15.4,70,14.1,68,1015.6,1
2022-02-15,Ha_Noi,21.0285,105.8542,15.7,83,8.7,90,1014.4,1
2022-02-16,Ha_Noi,21.0285,105.8542,17.1,88,7.9,100,1010.4,1
2022-02-17,Ha_Noi,21.0285,105.8542,20.2,88,13.4,100,1007.3,0
2022-02-18,Ha_Noi,21.0285,105.8542,21.8,94,15.8,100,1007.6,1
2022-02-19,Ha_Noi,21.0285,105.8542,12.2,85,22.9,100,1015.2,1
2022-02-20,Ha_Noi,21.0285,105.8542,8.4,84,19.7,100,1020.9,1
2022-02-21,Ha_Noi,21.0285,105.8542,10.2,69,16.5,86,1021.6,0
2022-02-22,Ha_Noi,21.0285,105.8542,11.3,60,17.7,100,1022.8,0
2022-02-23,Ha_Noi,21.0285,105.8542,12.2,56,17.9,23,1024.7,0
2022-02-24,Ha_Noi,21.0285,105.8542,12.4,64,13.0,22,1024.7,0
2022-02-25,Ha_Noi,21.0285,105.8542,13.5,74,10.1,25,1021.8,0
2022-02-26,Ha_Noi,21.0285,105.8542,16.0,76,8.2,50,1019.8,0
2022-02-27,Ha_Noi,21.0285,105.8542,17.8,77,15.0,65,1016.5,0
2022-02-28,Ha_Noi,21.0285,105.8542,18.2,84,14.5,69,1013.7,0
2022-03-01,Ha_Noi,21.0285,105.8542,19.9,87,8.8,100,1014.1,1
2022-03-02,Ha_Noi,21.0285,105.8542,21.3,81,12.5,66,1014.4,1
2022-03-03,Ha_Noi,21.0285,105.8542,20.9,83,16.9,63,1011.9,0
2022-03-04,Ha_Noi,21.0285,105.8542,21.5,87,16.5,100,1010.3,1
2022-03-05,Ha_Noi,21.0285,105.8542,21.9,87,17.4,100,1009.4,1
2022-03-06,Ha_Noi,21.0285,105.8542,22.3,91,14.8,100,1009.3,1
2022-03-07,Ha_Noi,21.0285,105.8542,21.1,77,28.3,81,1015.5,1
2022-03-08,Ha_Noi,21.0285,105.8542,18.9,76,18.1,34,1013.7,0
2022-03-09,Ha_Noi,21.0285,105.8542,18.9,84,16.6,80,1011.5,1
2022-03-10,Ha_Noi,21.0285,105.8542,20.5,81,15.2,100,1011.5,1
2022-03-11,Ha_Noi,21.0285,105.8542,21.5,81,13.5,97,1010.0,0
2022-03-12,Ha_Noi,21.0285,105.8542,22.0,83,16.3,94,1008.7,1
2022-03-13,Ha_Noi,21.0285,105.8542,22.2,86,16.4,97,1008.7,1
2022-03-14,Ha_Noi,21.0285,105.8542,22.2,87,15.3,95,1008.6,1
2022-03-15,Ha_Noi,21.0285,105.8542,23.9,81,12.0,100,1007.7,1
2022-03-16,Ha_Noi,21.0285,105.8542,22.7,89,21.3,94,1005.7,1
2022-03-17,Ha_Noi,21.0285,105.8542,23.8,87,15.0,65,1005.2,1
2022-03-18,Ha_Noi,21.0285,105.8542,24.2,87,13.4,80,1006.2,0
2022-03-19,Ha_Noi,21.0285,105.8542,23.7,88,16.8,86,1004.4,1
2022-03-20,Ha_Noi,21.0285,105.8542,25.4,85,21.0,60,1004.1,1
2022-03-21,Ha_Noi,21.0285,105.8542,26.0,84,19.7,74,1005.2,1
2022-03-22,Ha_Noi,21.0285,105.8542,26.9,84,15.1,64,1006.5,1
2022-03-23,Ha_Noi,21.0285,105.8542,18.3,84,24.0,100,1011.8,1
2022-03-24,Ha_Noi,21.0285,105.8542,19.2,86,16.3,84,1008.4,1
2022-03-25,Ha_Noi,21.0285,105.8542,23.8,86,16.4,49,1004.6,0
2022-03-26,Ha_Noi,21.0285,105.8542,26.1,86,16.9,23,1004.8,0
2022-03-27,Ha_Noi,21.0285,105.8542,21.6,70,23.6,92,1011.4,1
2022-03-28,Ha_Noi,21.0285,105.8542,20.1,68,12.0,80,1014.2,1
2022-03-29,Ha_Noi,21.0285,105.8542,20.3,83,11.1,87,1012.2,0
2022-03-30,Ha_Noi,21.0285,105.8542,22.5,90,14.8,99,1011.1,1
2022-03-31,Ha_Noi,21.0285,105.8542,23.8,86,25.9,85,1012.5,1
2022-04-01,Ha_Noi,21.0285,105.8542,19.1,70,21.8,100,1019.0,1
2022-04-02,Ha_Noi,21.0285,105.8542,17.6,60,27.7,83,1022.7,1
2022-04-03,Ha_Noi,21.0285,105.8542,18.1,64,13.8,21,1020.0,0
2022-04-04,Ha_Noi,21.0285,105.8542,18.8,67,15.3,7,1018.7,0
2022-04-05,Ha_Noi,21.0285,105.8542,20.0,70,11.5,48,1017.5,0
2022-04-06,Ha_Noi,21.0285,105.8542,21.7,71,8.1,19,1015.7,0
2022-04-07,Ha_Noi,21.0285,105.8542,23.2,70,15.3,38,1014.4,0
2022-04-08,Ha_Noi,21.0285,105.8542,22.7,71,13.6,1,1012.6,0
2022-04-09,Ha_Noi,21.0285,105.8542,22.4,74,17.6,0,1009.8,0
2022-04-10,Ha_Noi,21.0285,105.8542,23.1,77,17.2,54,1008.4,0
2022-04-11,Ha_Noi,21.0285,105.8542,23.4,83,14.8,65,1007.4,1
2022-04-12,Ha_Noi,21.0285,105.8542,24.4,85,19.1,69,1004.2,1
2022-04-13,Ha_Noi,21.0285,105.8542,25.7,80,14.0,53,1004.4,0
2022-04-14,Ha_Noi,21.0285,105.8542,25.7,81,17.3,60,1004.6,0
2022-04-15,Ha_Noi,21.0285,105.8542,25.6,87,20.8,99,1005.1,1
2022-04-16,Ha_Noi,21.0285,105.8542,23.0,87,25.0,100,1007.1,1
2022-04-17,Ha_Noi,21.0285,105.8542,18.6,84,13.4,100,1011.8,1
2022-04-18,Ha_Noi,21.0285,105.8542,18.3,79,19.5,92,1015.3,1
2022-04-19,Ha_Noi,21.0285,105.8542,20.3,73,12.6,57,1015.2,0
2022-04-20,Ha_Noi,21.0285,105.8542,20.6,82,8.7,69,1012.4,0
2022-04-21,Ha_Noi,21.0285,105.8542,22.1,85,13.3,72,1009.1,1
2022-04-22,Ha_Noi,21.0285,105.8542,24.9,85,20.7,53,1006.3,1
2022-04-23,Ha_Noi,21.0285,105.8542,26.2,87,16.5,61,1004.9,1
2022-04-24,Ha_Noi,21.0285,105.8542,27.3,84,19.9,39,1001.9,1
2022-04-25,Ha_Noi,21.0285,105.8542,28.6,80,18.4,18,1000.9,0
2022-04-26,Ha_Noi,21.0285,105.8542,28.9,81,17.5,7,1000.6,0
2022-04-27,Ha_Noi,21.0285,105.8542,28.2,83,20.3,54,1002.4,1
2022-04-28,Ha_Noi,21.0285,105.8542,28.0,84,22.1,85,1004.4,1
2022-04-29,Ha_Noi,21.0285,105.8542,27.5,84,21.2,83,1006.3,1
2022-04-30,Ha_Noi,21.0285,105.8542,27.7,83,16.9,93,1006.5,1
2022-05-01,Ha_Noi,21.0285,105.8542,21.3,68,24.0,96,1011.3,1
2022-05-02,Ha_Noi,21.0285,105.8542,22.2,57,18.4,72,1013.8,0
2022-05-03,Ha_Noi,21.0285,105.8542,22.8,62,13.0,35,1013.9,0
2022-05-04,Ha_Noi,21.0285,105.8542,23.5,66,15.8,25,1011.8,0
2022-05-05,Ha_Noi,21.0285,105.8542,23.9,75,14.9,50,1009.1,0
2022-05-06,Ha_Noi,21.0285,105.8542,24.6,81,6.9,72,1008.4,1
2022-05-07,Ha_Noi,21.0285,105.8542,25.7,85,16.1,90,1008.3,1
2022-05-08,Ha_Noi,21.0285,105.8542,25.9,85,18.9,79,1007.7,1
2022-05-09,Ha_Noi,21.0285,105.8542,26.3,86,18.3,96,1006.8,1
2022-05-10,Ha_Noi,21.0285,105.8542,26.6,90,16.1,94,1004.0,1
2022-05-11,Ha_Noi,21.0285,105.8542,27.7,87,16.7,95,1001.8,1
2022-05-12,Ha_Noi,21.0285,105.8542,26.8,90,12.6,95,1001.3,1
2022-05-13,Ha_Noi,21.0285,105.8542,26.8,86,18.3,95,1001.4,1
2022-05-14,Ha_Noi,21.0285,105.8542,25.8,83,11.7,93,1004.5,1
2022-05-15,Ha_Noi,21.0285,105.8542,24.8,79,22.9,100,1007.1,1
2022-05-16,Ha_Noi,21.0285,105.8542,21.6,69,19.8,95,1011.6,1
2022-05-17,Ha_Noi,21.0285,105.8542,23.1,68,12.0,97,1010.9,0
2022-05-18,Ha_Noi,21.0285,105.8542,23.9,78,14.1,100,1009.9,0
2022-05-19,Ha_Noi,21.0285,105.8542,25.4,82,14.8,88,1008.2,1
2022-05-20,Ha_Noi,21.0285,105.8542,25.9,87,13.0,96,1006.1,1
2022-05-21,Ha_Noi,21.0285,105.8542,24.8,93,13.5,100,1003.8,1
2022-05-22,Ha_Noi,21.0285,105.8542,25.1,92,18.3,100,999.8,1
2022-05-23,Ha_Noi,21.0285,105.8542,25.5,93,18.6,100,1000.1,1
2022-05-24,Ha_Noi,21.0285,105.8542,24.8,92,8.7,100,1003.9,1
2022-05-25,Ha_Noi,21.0285,105.8542,26.8,88,15.0,97,1003.1,1
2022-05-26,Ha_Noi,21.0285,105.8542,27.6,89,11.5,100,999.5,1
2022-05-27,Ha_Noi,21.0285,105.8542,26.8,91,12.7,100,998.3,1
2022-05-28,Ha_Noi,21.0285,105.8542,27.1,90,13.0,100,998.5,1
2022-05-29,Ha_Noi,21.0285,105.8542,28.0,88,10.9,100,999.2,1
2022-05-30,Ha_Noi,21.0285,105.8542,27.3,90,10.8,100,1000.8,1
2022-05-31,Ha_Noi,21.0285,105.8542,26.5,88,14.4,100,1002.1,1
2022-06-01,Ha_Noi,21.0285,105.8542,28.1,87,16.8,100,1001.4,1
2022-06-02,Ha_Noi,21.0285,105.8542,29.2,84,18.0,100,999.2,1
2022-06-03,Ha_Noi,21.0285,105.8542,30.4,76,16.0,100,997.9,1
2022-06-04,Ha_Noi,21.0285,105.8542,31.1,70,16.5,100,997.9,1
2022-06-05,Ha_Noi,21.0285,105.8542,30.4,75,14.1,100,998.1,1
2022-06-06,Ha_Noi,21.0285,105.8542,27.5,84,15.1,100,1000.5,1
2022-06-07,Ha_Noi,21.0285,105.8542,26.8,88,11.9,100,1001.3,1
2022-06-08,Ha_Noi,21.0285,105.8542,27.3,89,8.3,99,1001.0,1
2022-06-09,Ha_Noi,21.0285,105.8542,27.4,89,13.2,98,1000.3,1
2022-06-10,Ha_Noi,21.0285,105.8542,29.3,85,10.8,100,999.1,1
2022-06-11,Ha_Noi,21.0285,105.8542,26.8,93,14.0,100,1001.2,1
2022-06-12,Ha_Noi,21.0285,105.8542,29.7,83,14.5,100,1001.2,1
2022-06-13,Ha_Noi,21.0285,105.8542,29.9,78,14.2,100,1001.2,1
2022-06-14,Ha_Noi,21.0285,105.8542,26.6,88,11.2,99,1004.4,1
2022-06-15,Ha_Noi,21.0285,105.8542,27.1,86,11.1,97,1005.0,1
2022-06-16,Ha_Noi,21.0285,105.8542,28.5,85,16.2,98,1003.3,1
2022-06-17,Ha_Noi,21.0285,105.8542,30.5,74,16.2,99,1000.4,0
2022-06-18,Ha_Noi,21.0285,105.8542,31.2,68,18.0,100,998.1,0
2022-06-19,Ha_Noi,21.0285,105.8542,31.3,66,15.5,100,997.1,0
2022-06-20,Ha_Noi,21.0285,105.8542,31.8,66,18.2,100,996.1,0
2022-06-21,Ha_Noi,21.0285,105.8542,31.8,67,17.4,100,997.0,0
2022-06-22,Ha_Noi,21.0285,105.8542,31.0,71,19.1,99,1001.4,1
2022-06-23,Ha_Noi,21.0285,105.8542,28.6,84,15.7,86,1004.7,1
2022-06-24,Ha_Noi,21.0285,105.8542,29.8,78,14.9,72,1003.9,1
2022-06-25,Ha_Noi,21.0285,105.8542,29.6,75,18.6,54,1002.7,0
2022-06-26,Ha_Noi,21.0285,105.8542,30.0,76,16.7,40,1003.3,1
2022-06-27,Ha_Noi,21.0285,105.8542,31.5,71,16.5,97,1001.4,0
2022-06-28,Ha_Noi,21.0285,105.8542,31.7,71,14.7,95,998.9,1
2022-06-29,Ha_Noi,21.0285,105.8542,29.1,83,11.5,100,997.7,1
2022-06-30,Ha_Noi,21.0285,105.8542,27.4,86,9.5,100,999.1,1
2022-07-01,Ha_Noi,21.0285,105.8542,27.9,85,14.6,97,999.0,1
2022-07-02,Ha_Noi,21.0285,105.8542,29.3,85,19.5,100,995.3,1
2022-07-03,Ha_Noi,21.0285,105.8542,30.0,82,16.2,99,995.4,1
2022-07-04,Ha_Noi,21.0285,105.8542,30.3,82,15.0,100,995.7,1
2022-07-05,Ha_Noi,21.0285,105.8542,29.5,88,12.1,99,998.1,1
2022-07-06,Ha_Noi,21.0285,105.8542,28.4,87,12.6,100,1000.6,1
2022-07-07,Ha_Noi,21.0285,105.8542,27.5,90,12.6,100,1000.7,1
2022-07-08,Ha_Noi,21.0285,105.8542,27.2,87,9.5,100,1002.0,1
2022-07-09,Ha_Noi,21.0285,105.8542,27.3,87,13.8,92,1001.9,1
2022-07-10,Ha_Noi,21.0285,105.8542,27.8,86,9.0,65,1002.5,1
2022-07-11,Ha_Noi,21.0285,105.8542,28.3,86,14.0,72,1002.6,1
2022-07-12,Ha_Noi,21.0285,105.8542,28.1,85,13.9,69,1002.5,1
2022-07-13,Ha_Noi,21.0285,105.8542,27.7,88,10.5,66,1001.9,1
2022-07-14,Ha_Noi,21.0285,105.8542,27.6,87,12.1,74,1001.9,1
2022-07-15,Ha_Noi,21.0285,105.8542,28.4,85,10.9,78,1002.3,1
2022-07-16,Ha_Noi,21.0285,105.8542,30.0,80,17.5,84,1001.7,1
2022-07-17,Ha_Noi,21.0285,105.8542,31.4,78,17.7,99,1000.2,1
2022-07-18,Ha_Noi,21.0285,105.8542,31.7,76,17.7,100,998.0,1
2022-07-19,Ha_Noi,21.0285,105.8542,30.1,83,17.7,100,999.1,1
2022-07-20,Ha_Noi,21.0285,105.8542,28.4,85,17.5,100,1003.7,1
2022-07-21,Ha_Noi,21.0285,105.8542,27.2,88,20.1,86,1006.6,1
2022-07-22,Ha_Noi,21.0285,105.8542,26.8,88,15.5,70,1008.2,1
2022-07-23,Ha_Noi,21.0285,105.8542,28.2,84,13.9,25,1006.6,1
2022-07-24,Ha_Noi,21.0285,105.8542,29.5,81,13.8,7,1004.7,0
2022-07-25,Ha_Noi,21.0285,105.8542,29.5,79,16.2,1,1005.1,0
2022-07-26,Ha_Noi,21.0285,105.8542,29.3,80,17.7,2,1004.4,0
2022-07-27,Ha_Noi,21.0285,105.8542,29.4,80,16.8,28,1003.8,0
2022-07-28,Ha_Noi,21.0285,105.8542,29.8,78,14.8,59,1003.7,0
2022-07-29,Ha_Noi,21.0285,105.8542,29.8,79,11.5,100,1002.6,1
2022-07-30,Ha_Noi,21.0285,105.8542,28.0,89,10.1,92,1001.7,1
2022-07-31,Ha_Noi,21.0285,105.8542,27.7,88,18.2,98,1001.1,1
2022-08-01,Ha_Noi,21.0285,105.8542,27.9,87,14.8,67,1002.1,1
2022-08-02,Ha_Noi,21.0285,105.8542,28.9,84,13.2,42,1003.7,1
2022-08-03,Ha_Noi,21.0285,105.8542,29.7,81,12.2,57,1003.5,1
2022-08-04,Ha_Noi,21.0285,105.8542,29.8,83,10.5,89,1001.2,1
2022-08-05,Ha_Noi,21.0285,105.8542,27.3,89,10.0,100,1000.7,1
2022-08-06,Ha_Noi,21.0285,105.8542,26.0,92,12.5,100,1001.6,1
2022-08-07,Ha_Noi,21.0285,105.8542,26.3,91,12.1,100,1003.0,1
2022-08-08,Ha_Noi,21.0285,105.8542,27.1,88,14.8,89,1002.9,1
2022-08-09,Ha_Noi,21.0285,105.8542,27.3,87,10.5,79,1001.2,1
2022-08-10,Ha_Noi,21.0285,105.8542,27.9,86,14.6,88,998.7,1
2022-08-11,Ha_Noi,21.0285,105.8542,25.9,93,20.0,100,998.3,1
2022-08-12,Ha_Noi,21.0285,105.8542,25.1,95,15.2,98,1003.8,1
2022-08-13,Ha_Noi,21.0285,105.8542,26.9,90,7.0,93,1003.9,1
2022-08-14,Ha_Noi,21.0285,105.8542,27.7,87,13.5,62,1003.1,1
2022-08-15,Ha_Noi,21.0285,105.8542,28.2,86,13.0,60,1002.2,1
2022-08-16,Ha_Noi,21.0285,105.8542,29.1,84,12.6,63,1002.0,1
2022-08-17,Ha_Noi,21.0285,105.8542,28.7,86,10.3,90,1002.0,1
2022-08-18,Ha_Noi,21.0285,105.8542,29.0,85,14.3,51,1001.3,1
2022-08-19,Ha_Noi,21.0285,105.8542,29.2,86,13.3,74,1000.6,1
2022-08-20,Ha_Noi,21.0285,105.8542,26.8,90,13.6,100,1000.5,1
2022-08-21,Ha_Noi,21.0285,105.8542,26.5,90,17.8,90,1000.6,1
2022-08-22,Ha_Noi,21.0285,105.8542,28.3,85,12.8,71,1002.6,1
2022-08-23,Ha_Noi,21.0285,105.8542,29.1,87,11.5,64,1003.1,1
2022-08-24,Ha_Noi,21.0285,105.8542,29.1,86,10.5,76,1001.6,1
2022-08-25,Ha_Noi,21.0285,105.8542,28.2,90,15.0,100,997.6,1
2022-08-26,Ha_Noi,21.0285,105.8542,27.3,89,19.7,99,1000.6,1
2022-08-27,Ha_Noi,21.0285,105.8542,28.4,81,13.5,99,1005.0,1
2022-08-28,Ha_Noi,21.0285,105.8542,29.3,83,15.6,85,1005.0,1
2022-08-29,Ha_Noi,21.0285,105.8542,29.3,83,15.7,62,1006.5,1
2022-08-30,Ha_Noi,21.0285,105.8542,29.4,80,11.9,61,1006.3,0
2022-08-31,Ha_Noi,21.0285,105.8542,29.4,81,12.8,96,1004.6,1
2022-09-01,Ha_Noi,21.0285,105.8542,26.9,88,21.3,89,1007.0,1
2022-09-02,Ha_Noi,21.0285,105.8542,28.5,82,14.0,94,1006.1,1
2022-09-03,Ha_Noi,21.0285,105.8542,28.6,83,13.7,98,1003.6,1
2022-09-04,Ha_Noi,21.0285,105.8542,27.5,84,14.8,91,1005.1,1
2022-09-05,Ha_Noi,21.0285,105.8542,28.8,72,13.8,59,1005.5,0
2022-09-06,Ha_Noi,21.0285,105.8542,28.6,74,11.7,72,1006.0,0
2022-09-07,Ha_Noi,21.0285,105.8542,27.6,82,10.0,86,1008.6,1
2022-09-08,Ha_Noi,21.0285,105.8542,25.0,94,14.8,100,1010.4,1
2022-09-09,Ha_Noi,21.0285,105.8542,25.2,92,9.3,99,1010.9,1
2022-09-10,Ha_Noi,21.0285,105.8542,26.6,86,8.7,99,1009.7,1
2022-09-11,Ha_Noi,21.0285,105.8542,27.4,84,10.5,87,1007.7,1
2022-09-12,Ha_Noi,21.0285,105.8542,26.7,88,14.5,74,1006.9,1
2022-09-13,Ha_Noi,21.0285,105.8542,28.2,81,7.5,64,1006.8,1
2022-09-14,Ha_Noi,21.0285,105.8542,28.4,81,12.4,40,1006.4,0
2022-09-15,Ha_Noi,21.0285,105.8542,28.1,84,9.9,54,1003.9,1
2022-09-16,Ha_Noi,21.0285,105.8542,26.6,92,10.4,100,1002.1,1
2022-09-17,Ha_Noi,21.0285,105.8542,26.4,91,10.1,85,1004.0,1
2022-09-18,Ha_Noi,21.0285,105.8542,28.3,85,11.6,70,1004.5,1
2022-09-19,Ha_Noi,21.0285,105.8542,29.2,80,12.8,29,1004.1,0
2022-09-20,Ha_Noi,21.0285,105.8542,28.9,82,10.6,45,1004.3,1
2022-09-21,Ha_Noi,21.0285,105.8542,26.1,90,13.0,99,1006.6,1
2022-09-22,Ha_Noi,21.0285,105.8542,24.9,93,12.0,82,1007.6,1
2022-09-23,Ha_Noi,21.0285,105.8542,26.5,85,14.8,66,1008.0,1
2022-09-24,Ha_Noi,21.0285,105.8542,26.0,85,19.5,88,1008.0,1
2022-09-25,Ha_Noi,21.0285,105.8542,25.2,89,11.4,80,1008.5,1
2022-09-26,Ha_Noi,21.0285,105.8542,27.0,85,10.1,16,1007.4,1
2022-09-27,Ha_Noi,21.0285,105.8542,28.1,78,12.9,57,1004.6,1
2022-09-28,Ha_Noi,21.0285,105.8542,25.8,82,20.7,100,1003.3,1
2022-09-29,Ha_Noi,21.0285,105.8542,25.0,90,17.3,100,1004.5,1
2022-09-30,Ha_Noi,21.0285,105.8542,25.4,91,15.9,99,1006.3,1
2022-10-01,Ha_Noi,21.0285,105.8542,24.4,96,9.7,100,1007.5,1
2022-10-02,Ha_Noi,21.0285,105.8542,25.4,91,12.1,90,1008.6,1
2022-10-03,Ha_Noi,21.0285,105.8542,25.8,87,9.4,64,1010.1,1
2022-10-04,Ha_Noi,21.0285,105.8542,26.5,87,10.7,54,1011.2,1
2022-10-05,Ha_Noi,21.0285,105.8542,26.5,87,11.2,30,1010.9,1
2022-10-06,Ha_Noi,21.0285,105.8542,27.0,84,12.6,25,1011.0,1
2022-10-07,Ha_Noi,21.0285,105.8542,25.4,89,14.5,58,1011.8,1
2022-10-08,Ha_Noi,21.0285,105.8542,25.0,83,14.5,69,1012.3,1
2022-10-09,Ha_Noi,21.0285,105.8542,23.9,82,24.3,99,1014.9,1
2022-10-10,Ha_Noi,21.0285,105.8542,21.9,63,19.9,73,1018.3,0
2022-10-11,Ha_Noi,21.0285,105.8542,21.8,66,13.7,6,1015.4,0
2022-10-12,Ha_Noi,21.0285,105.8542,22.5,66,10.7,7,1013.8,0
2022-10-13,Ha_Noi,21.0285,105.8542,22.7,68,13.1,20,1012.5,0
2022-10-14,Ha_Noi,21.0285,105.8542,23.1,61,19.8,62,1010.7,0
2022-10-15,Ha_Noi,21.0285,105.8542,23.6,56,18.3,75,1010.5,0
2022-10-16,Ha_Noi,21.0285,105.8542,23.9,64,19.1,36,1012.1,0
2022-10-17,Ha_Noi,21.0285,105.8542,24.8,55,22.7,46,1012.5,0
2022-10-18,Ha_Noi,21.0285,105.8542,24.1,48,24.5,63,1012.9,0
2022-10-19,Ha_Noi,21.0285,105.8542,20.4,57,15.1,90,1014.3,1
2022-10-20,Ha_Noi,21.0285,105.8542,18.3,88,14.9,99,1015.4,1
2022-10-21,Ha_Noi,21.0285,105.8542,20.4,91,13.0,94,1015.9,1
2022-10-22,Ha_Noi,21.0285,105.8542,24.6,82,11.4,38,1014.4,0
2022-10-23,Ha_Noi,21.0285,105.8542,26.0,78,12.1,7,1012.6,0
2022-10-24,Ha_Noi,21.0285,105.8542,25.9,78,11.7,24,1011.9,1
2022-10-25,Ha_Noi,21.0285,105.8542,25.4,81,12.0,65,1013.6,1
2022-10-26,Ha_Noi,21.0285,105.8542,25.0,85,10.4,62,1012.6,1
2022-10-27,Ha_Noi,21.0285,105.8542,25.5,79,13.5,43,1012.1,0
2022-10-28,Ha_Noi,21.0285,105.8542,25.3,79,9.7,42,1012.7,1
2022-10-29,Ha_Noi,21.0285,105.8542,24.6,77,14.4,35,1012.8,0
2022-10-30,Ha_Noi,21.0285,105.8542,24.7,71,16.5,34,1011.8,0
2022-10-31,Ha_Noi,21.0285,105.8542,24.3,57,23.1,58,1012.6,0
2022-11-01,Ha_Noi,21.0285,105.8542,22.7,61,22.7,75,1012.1,0
2022-11-02,Ha_Noi,21.0285,105.8542,21.8,65,10.1,40,1010.1,0
2022-11-03,Ha_Noi,21.0285,105.8542,22.1,69,10.6,63,1011.2,0
2022-11-04,Ha_Noi,21.0285,105.8542,23.3,69,12.2,42,1014.1,0
2022-11-05,Ha_Noi,21.0285,105.8542,22.8,71,15.5,3,1016.1,0
2022-11-06,Ha_Noi,21.0285,105.8542,22.0,75,10.9,2,1015.5,0
2022-11-07,Ha_Noi,21.0285,105.8542,22.4,80,9.5,36,1014.3,0
2022-11-08,Ha_Noi,21.0285,105.8542,23.0,78,12.0,6,1014.2,1
2022-11-09,Ha_Noi,21.0285,105.8542,23.5,79,12.8,36,1014.0,0
2022-11-10,Ha_Noi,21.0285,105.8542,24.0,83,7.4,61,1013.4,1
2022-11-11,Ha_Noi,21.0285,105.8542,24.6,84,13.3,43,1012.6,1
2022-11-12,Ha_Noi,21.0285,105.8542,25.4,82,16.1,43,1011.4,1
2022-11-13,Ha_Noi,21.0285,105.8542,25.0,83,11.4,61,1012.3,1
2022-11-14,Ha_Noi,21.0285,105.8542,25.1,83,12.5,35,1012.4,1
2022-11-15,Ha_Noi,21.0285,105.8542,25.2,84,15.5,41,1011.2,1
2022-11-16,Ha_Noi,21.0285,105.8542,25.7,84,14.8,67,1009.6,1
2022-11-17,Ha_Noi,21.0285,105.8542,25.9,83,13.5,47,1009.3,1
2022-11-18,Ha_Noi,21.0285,105.8542,26.1,84,12.8,61,1010.5,1
2022-11-19,Ha_Noi,21.0285,105.8542,24.4,88,14.1,83,1011.8,1
2022-11-20,Ha_Noi,21.0285,105.8542,24.6,75,13.0,42,1010.7,0
2022-11-21,Ha_Noi,21.0285,105.8542,24.6,78,9.9,52,1009.2,0
2022-11-22,Ha_Noi,21.0285,105.8542,25.5,77,11.3,76,1008.9,0
2022-11-23,Ha_Noi,21.0285,105.8542,25.1,82,12.7,100,1009.8,1
2022-11-24,Ha_Noi,21.0285,105.8542,22.9,87,13.4,100,1011.2,1
2022-11-25,Ha_Noi,21.0285,105.8542,22.7,91,9.0,99,1012.0,1
2022-11-26,Ha_Noi,21.0285,105.8542,23.5,91,11.9,100,1010.4,1
2022-11-27,Ha_Noi,21.0285,105.8542,25.9,85,22.3,59,1006.3,1
2022-11-28,Ha_Noi,21.0285,105.8542,27.1,83,18.2,36,1005.7,0
2022-11-29,Ha_Noi,21.0285,105.8542,27.1,85,14.2,26,1007.5,1
2022-11-30,Ha_Noi,21.0285,105.8542,23.6,84,23.3,93,1012.2,1
2022-12-01,Ha_Noi,21.0285,105.8542,14.1,76,20.3,100,1018.6,1
2022-12-02,Ha_Noi,21.0285,105.8542,13.5,66,17.1,87,1018.7,1
2022-12-03,Ha_Noi,21.0285,105.8542,16.4,69,9.6,98,1015.2,0
2022-12-04,Ha_Noi,21.0285,105.8542,16.9,76,13.7,100,1016.8,1
2022-12-05,Ha_Noi,21.0285,105.8542,16.0,66,19.2,87,1019.7,1
2022-12-06,Ha_Noi,21.0285,105.8542,15.8,67,13.6,28,1017.2,0
2022-12-07,Ha_Noi,21.0285,105.8542,16.2,70,16.6,100,1016.8,0
2022-12-08,Ha_Noi,21.0285,105.8542,17.2,73,10.2,100,1016.3,0
2022-12-09,Ha_Noi,21.0285,105.8542,17.2,76,10.2,100,1014.9,1
2022-12-10,Ha_Noi,21.0285,105.8542,17.4,80,10.6,100,1014.4,1
2022-12-11,Ha_Noi,21.0285,105.8542,17.3,66,11.3,93,1015.9,0
2022-12-12,Ha_Noi,21.0285,105.8542,17.3,59,18.0,50,1018.1,0
2022-12-13,Ha_Noi,21.0285,105.8542,15.6,62,11.5,4,1017.9,0
2022-12-14,Ha_Noi,21.0285,105.8542,16.2,54,14.7,36,1019.5,0
2022-12-15,Ha_Noi,21.0285,105.8542,15.2,66,12.5,5,1014.9,0
2022-12-16,Ha_Noi,21.0285,105.8542,17.4,68,17.1,17,1015.2,0
2022-12-17,Ha_Noi,21.0285,105.8542,16.6,39,29.8,97,1024.6,0
2022-12-18,Ha_Noi,21.0285,105.8542,14.8,36,19.7,87,1024.8,0
2022-12-19,Ha_Noi,21.0285,105.8542,13.0,53,10.2,27,1018.6,0
2022-12-20,Ha_Noi,21.0285,105.8542,14.8,70,8.7,62,1015.0,0
2022-12-21,Ha_Noi,21.0285,105.8542,17.7,49,16.4,58,1016.2,0
2022-12-22,Ha_Noi,21.0285,105.8542,16.8,60,14.8,53,1014.5,0
2022-12-23,Ha_Noi,21.0285,105.8542,18.0,52,15.9,60,1015.6,0
2022-12-24,Ha_Noi,21.0285,105.8542,17.2,54,10.5,43,1017.9,0
2022-12-25,Ha_Noi,21.0285,105.8542,17.2,69,17.2,8,1017.5,0
2022-12-26,Ha_Noi,21.0285,105.8542,17.8,81,13.8,66,1018.1,1
2022-12-27,Ha_Noi,21.0285,105.8542,19.3,73,17.8,79,1017.4,1
2022-12-28,Ha_Noi,21.0285,105.8542,15.2,72,25.1,98,1020.2,1
2022-12-29,Ha_Noi,21.0285,105.8542,13.1,59,17.7,99,1024.1,1
2022-12-30,Ha_Noi,21.0285,105.8542,13.1,60,15.5,79,1024.6,0
2022-12-31,Ha_Noi,21.0285,105.8542,14.6,62,12.1,22,1023.0,0
2023-01-01,Ha_Noi,21.0285,105.8542,15.4,65,10.4,26,1021.5,0
2023-01-02,Ha_Noi,21.0285,105.8542,15.8,72,12.2,83,1022.2,1
2023-01-03,Ha_Noi,21.0285,105.8542,16.1,68,10.3,88,1022.5,1
2023-01-04,Ha_Noi,21.0285,105.8542,18.0,68,8.1,86,1020.1,0
2023-01-05,Ha_Noi,21.0285,105.8542,18.3,77,9.0,92,1020.7,0
2023-01-06,Ha_Noi,21.0285,105.8542,19.1,61,23.5,48,1022.5,0
2023-01-07,Ha_Noi,21.0285,105.8542,17.1,60,12.9,32,1018.7,1
2023-01-08,Ha_Noi,21.0285,105.8542,17.5,70,13.0,57,1016.9,0
2023-01-09,Ha_Noi,21.0285,105.8542,18.8,77,7.7,86,1017.0,0
2023-01-10,Ha_Noi,21.0285,105.8542,18.7,88,10.5,99,1015.8,1
2023-01-11,Ha_Noi,21.0285,105.8542,19.8,86,11.2,85,1012.9,1
2023-01-12,Ha_Noi,21.0285,105.8542,19.4,87,12.0,59,1009.6,0
2023-01-13,Ha_Noi,21.0285,105.8542,22.1,81,17.9,41,1006.0,0
2023-01-14,Ha_Noi,21.0285,105.8542,22.7,78,16.3,14,1004.2,0
2023-01-15,Ha_Noi,21.0285,105.8542,18.1,63,24.6,83,1012.2,0
2023-01-16,Ha_Noi,21.0285,105.8542,12.6,47,20.1,99,1020.1,0
2023-01-17,Ha_Noi,21.0285,105.8542,12.6,50,14.7,100,1022.1,0
2023-01-18,Ha_Noi,21.0285,105.8542,13.2,48,13.7,73,1023.1,0
2023-01-19,Ha_Noi,21.0285,105.8542,14.1,55,8.2,25,1020.8,0
2023-01-20,Ha_Noi,21.0285,105.8542,15.3,59,8.3,63,1019.6,0
2023-01-21,Ha_Noi,21.0285,105.8542,15.8,74,13.8,15,1015.5,0
2023-01-22,Ha_Noi,21.0285,105.8542,16.8,86,9.0,74,1012.8,0
2023-01-23,Ha_Noi,21.0285,105.8542,18.7,83,23.9,94,1013.5,1
2023-01-24,Ha_Noi,21.0285,105.8542,15.5,45,26.5,56,1023.7,1
2023-01-25,Ha_Noi,21.0285,105.8542,13.1,54,14.4,22,1019.0,0
2023-01-26,Ha_Noi,21.0285,105.8542,16.0,74,14.7,65,1014.5,1
2023-01-27,Ha_Noi,21.0285,105.8542,15.2,54,23.1,82,1022.0,1
2023-01-28,Ha_Noi,21.0285,105.8542,13.5,40,16.6,17,1022.4,0
2023-01-29,Ha_Noi,21.0285,105.8542,13.7,46,12.9,0,1022.1,0
2023-01-30,Ha_Noi,21.0285,105.8542,14.1,59,15.0,0,1019.1,0
2023-01-31,Ha_Noi,21.0285,105.8542,15.7,70,17.2,0,1012.9,0
2023-02-01,Ha_Noi,21.0285,105.8542,17.8,81,18.5,53,1010.5,0
2023-02-02,Ha_Noi,21.0285,105.8542,20.6,87,10.9,87,1013.2,1
2023-02-03,Ha_Noi,21.0285,105.8542,19.9,95,13.2,100,1013.3,1
2023-02-04,Ha_Noi,21.0285,105.8542,20.7,90,16.8,100,1010.9,1
2023-02-05,Ha_Noi,21.0285,105.8542,20.3,93,15.7,100,1009.9,1
2023-02-06,Ha_Noi,21.0285,105.8542,20.5,90,16.6,98,1009.2,1
2023-02-07,Ha_Noi,21.0285,105.8542,21.3,91,20.9,100,1009.7,1
2023-02-08,Ha_Noi,21.0285,105.8542,21.6,91,18.6,100,1009.5,1
2023-02-09,Ha_Noi,21.0285,105.8542,21.9,92,17.4,100,1010.1,1
2023-02-10,Ha_Noi,21.0285,105.8542,23.3,85,25.2,80,1009.2,1
2023-02-11,Ha_Noi,21.0285,105.8542,23.7,87,25.0,65,1006.4,1
2023-02-12,Ha_Noi,21.0285,105.8542,24.5,84,17.1,34,1005.2,1
2023-02-13,Ha_Noi,21.0285,105.8542,24.1,84,23.1,49,1007.8,1
2023-02-14,Ha_Noi,21.0285,105.8542,17.3,65,23.0,100,1016.6,1
2023-02-15,Ha_Noi,21.0285,105.8542,16.2,61,16.2,100,1020.7,1
2023-02-16,Ha_Noi,21.0285,105.8542,16.8,66,10.0,86,1021.0,0
2023-02-17,Ha_Noi,21.0285,105.8542,17.6,76,11.5,89,1017.5,0
2023-02-18,Ha_Noi,21.0285,105.8542,19.4,80,15.5,88,1014.4,1
2023-02-19,Ha_Noi,21.0285,105.8542,19.8,78,18.7,81,1016.8,1
2023-02-20,Ha_Noi,21.0285,105.8542,20.2,64,12.9,62,1016.6,0
2023-02-21,Ha_Noi,21.0285,105.8542,20.1,73,16.0,35,1017.3,0
2023-02-22,Ha_Noi,21.0285,105.8542,19.7,74,15.8,73,1017.3,1
2023-02-23,Ha_Noi,21.0285,105.8542,20.2,75,18.1,90,1014.3,0
2023-02-24,Ha_Noi,21.0285,105.8542,19.3,70,21.9,100,1017.9,1
2023-02-25,Ha_Noi,21.0285,105.8542,18.8,49,18.7,40,1024.1,0
2023-02-26,Ha_Noi,21.0285,105.8542,17.2,54,17.8,0,1026.0,0
2023-02-27,Ha_Noi,21.0285,105.8542,17.1,66,13.4,22,1023.1,0
2023-02-28,Ha_Noi,21.0285,105.8542,18.0,75,14.8,38,1019.6,0
2023-03-01,Ha_Noi,21.0285,105.8542,19.4,80,10.2,79,1019.1,1
2023-03-02,Ha_Noi,21.0285,105.8542,21.3,68,16.4,41,1020.2,0
2023-03-03,Ha_Noi,21.0285,105.8542,20.5,73,14.8,53,1020.6,1
2023-03-04,Ha_Noi,21.0285,105.8542,20.2,70,9.9,63,1021.8,0
2023-03-05,Ha_Noi,21.0285,105.8542,20.4,73,16.8,32,1019.6,0
2023-03-06,Ha_Noi,21.0285,105.8542,20.7,77,17.6,43,1016.9,0
2023-03-07,Ha_Noi,21.0285,105.8542,21.4,74,16.1,74,1015.8,0
2023-03-08,Ha_Noi,21.0285,105.8542,21.8,78,13.2,86,1016.0,0
2023-03-09,Ha_Noi,21.0285,105.8542,23.1,74,14.4,49,1015.5,0
2023-03-10,Ha_Noi,21.0285,105.8542,23.1,73,21.5,30,1012.3,0
2023-03-11,Ha_Noi,21.0285,105.8542,22.5,77,15.3,93,1013.6,1
2023-03-12,Ha_Noi,21.0285,105.8542,23.1,75,26.2,98,1016.2,1
2023-03-13,Ha_Noi,21.0285,105.8542,18.4,59,24.2,98,1019.4,1
2023-03-14,Ha_Noi,21.0285,105.8542,20.2,67,20.1,32,1011.9,0
2023-03-15,Ha_Noi,21.0285,105.8542,21.1,84,14.6,86,1011.8,1
2023-03-16,Ha_Noi,21.0285,105.8542,23.3,77,18.9,82,1013.0,1
2023-03-17,Ha_Noi,21.0285,105.8542,23.5,80,17.2,81,1011.7,1
2023-03-18,Ha_Noi,21.0285,105.8542,23.5,79,17.7,94,1010.5,1
2023-03-19,Ha_Noi,21.0285,105.8542,23.7,79,20.9,91,1008.7,1
2023-03-20,Ha_Noi,21.0285,105.8542,24.5,82,19.7,79,1005.7,1
2023-03-21,Ha_Noi,21.0285,105.8542,26.4,81,15.6,84,1002.6,0
2023-03-22,Ha_Noi,21.0285,105.8542,28.4,72,16.8,38,1000.2,0
2023-03-23,Ha_Noi,21.0285,105.8542,28.5,73,16.8,9,1000.2,0
2023-03-24,Ha_Noi,21.0285,105.8542,27.4,77,21.3,12,1003.1,1
2023-03-25,Ha_Noi,21.0285,105.8542,25.1,85,18.6,95,1007.1,1
2023-03-26,Ha_Noi,21.0285,105.8542,20.9,79,18.7,99,1009.6,1
2023-03-27,Ha_Noi,21.0285,105.8542,19.2,77,17.2,100,1012.5,1
2023-03-28,Ha_Noi,21.0285,105.8542,19.0,77,10.6,100,1013.8,1
2023-03-29,Ha_Noi,21.0285,105.8542,20.2,77,10.1,95,1012.0,1
2023-03-30,Ha_Noi,21.0285,105.8542,20.5,80,11.7,97,1009.8,1
2023-03-31,Ha_Noi,21.0285,105.8542,21.9,83,11.9,100,1008.8,1
2023-04-01,Ha_Noi,21.0285,105.8542,22.7,89,14.3,100,1007.0,1
2023-04-02,Ha_Noi,21.0285,105.8542,25.3,89,17.1,71,1004.0,1
2023-04-03,Ha_Noi,21.0285,105.8542,26.5,83,18.1,46,1002.2,1
2023-04-04,Ha_Noi,21.0285,105.8542,27.0,83,16.4,55,1001.1,1
2023-04-05,Ha_Noi,21.0285,105.8542,27.2,81,15.6,34,1001.9,0
2023-04-06,Ha_Noi,21.0285,105.8542,26.4,77,26.6,48,1006.1,1
2023-04-07,Ha_Noi,21.0285,105.8542,23.8,62,14.6,97,1012.1,0
2023-04-08,Ha_Noi,21.0285,105.8542,20.6,80,14.3,100,1016.3,1
2023-04-09,Ha_Noi,21.0285,105.8542,19.8,80,9.4,100,1014.3,1
2023-04-10,Ha_Noi,21.0285,105.8542,21.8,86,10.8,94,1009.2,1
2023-04-11,Ha_Noi,21.0285,105.8542,24.3,89,14.5,99,1006.5,1
2023-04-12,Ha_Noi,21.0285,105.8542,25.4,88,17.1,98,1007.0,1
2023-04-13,Ha_Noi,21.0285,105.8542,25.3,91,21.0,100,1006.0,1
2023-04-14,Ha_Noi,21.0285,105.8542,25.8,90,16.6,97,1005.5,1
2023-04-15,Ha_Noi,21.0285,105.8542,25.7,85,19.1,79,1008.3,1
2023-04-16,Ha_Noi,21.0285,105.8542,25.5,81,13.9,93,1006.6,0
2023-04-17,Ha_Noi,21.0285,105.8542,25.7,86,18.6,69,1004.3,1
2023-04-18,Ha_Noi,21.0285,105.8542,27.5,86,17.1,62,1002.1,1
2023-04-19,Ha_Noi,21.0285,105.8542,28.1,82,14.4,16,999.1,0
2023-04-20,Ha_Noi,21.0285,105.8542,27.7,83,18.5,38,998.4,1
2023-04-21,Ha_Noi,21.0285,105.8542,28.0,83,18.6,42,999.0,1
2023-04-22,Ha_Noi,21.0285,105.8542,28.6,81,18.4,25,1000.8,0
2023-04-23,Ha_Noi,21.0285,105.8542,28.5,82,18.9,42,1004.4,1
2023-04-24,Ha_Noi,21.0285,105.8542,27.1,86,18.1,85,1007.9,1
2023-04-25,Ha_Noi,21.0285,105.8542,22.4,75,23.3,100,1011.7,1
2023-04-26,Ha_Noi,21.0285,105.8542,22.9,66,10.5,87,1011.7,0
2023-04-27,Ha_Noi,21.0285,105.8542,24.2,78,19.3,67,1008.7,0
2023-04-28,Ha_Noi,21.0285,105.8542,26.5,84,22.7,65,1007.3,1
2023-04-29,Ha_Noi,21.0285,105.8542,25.5,83,22.0,86,1008.9,1
2023-04-30,Ha_Noi,21.0285,105.8542,21.6,77,10.1,70,1011.1,1
2023-05-01,Ha_Noi,21.0285,105.8542,23.7,77,20.0,24,1009.3,0
2023-05-02,Ha_Noi,21.0285,105.8542,25.5,82,22.0,54,1008.4,1
2023-05-03,Ha_Noi,21.0285,105.8542,27.2,83,22.7,68,1006.7,1
2023-05-04,Ha_Noi,21.0285,105.8542,28.7,82,24.5,36,1001.3,1
2023-05-05,Ha_Noi,21.0285,105.8542,30.4,77,18.4,18,996.6,0
2023-05-06,Ha_Noi,21.0285,105.8542,32.3,70,19.0,9,995.3,0
2023-05-07,Ha_Noi,21.0285,105.8542,30.9,75,20.0,41,998.8,0
2023-05-08,Ha_Noi,21.0285,105.8542,25.3,80,18.7,100,1006.2,1
2023-05-09,Ha_Noi,21.0285,105.8542,25.1,81,17.6,80,1007.9,1
2023-05-10,Ha_Noi,21.0285,105.8542,26.9,87,15.5,89,1007.1,1
2023-05-11,Ha_Noi,21.0285,105.8542,25.0,92,20.5,99,1009.6,1
2023-05-12,Ha_Noi,21.0285,105.8542,23.7,73,17.1,98,1011.9,1
2023-05-13,Ha_Noi,21.0285,105.8542,22.2,81,17.3,99,1011.6,1
2023-05-14,Ha_Noi,21.0285,105.8542,23.5,77,11.7,87,1009.7,0
2023-05-15,Ha_Noi,21.0285,105.8542,25.6,81,16.1,93,1006.7,0
2023-05-16,Ha_Noi,21.0285,105.8542,28.8,79,16.9,58,1002.3,0
2023-05-17,Ha_Noi,21.0285,105.8542,30.8,70,12.3,18,1000.4,0
2023-05-18,Ha_Noi,21.0285,105.8542,30.9,66,12.7,21,1000.7,0
2023-05-19,Ha_Noi,21.0285,105.8542,30.5,75,15.0,8,1001.0,0
2023-05-20,Ha_Noi,21.0285,105.8542,30.7,77,16.8,20,1001.2,0
2023-05-21,Ha_Noi,21.0285,105.8542,31.6,74,20.8,40,1001.6,0
2023-05-22,Ha_Noi,21.0285,105.8542,32.1,72,21.8,20,1001.4,0
2023-05-23,Ha_Noi,21.0285,105.8542,29.5,78,25.1,85,1003.2,1
2023-05-24,Ha_Noi,21.0285,105.8542,27.7,86,16.4,98,1004.4,1
2023-05-25,Ha_Noi,21.0285,105.8542,27.3,89,11.8,99,1004.9,1
2023-05-26,Ha_Noi,21.0285,105.8542,28.6,83,16.9,84,1005.4,1
2023-05-27,Ha_Noi,21.0285,105.8542,28.7,82,14.7,60,1004.4,1
2023-05-28,Ha_Noi,21.0285,105.8542,28.6,82,14.8,65,1005.2,1
2023-05-29,Ha_Noi,21.0285,105.8542,29.0,83,14.2,17,1005.4,1
2023-05-30,Ha_Noi,21.0285,105.8542,30.1,78,14.1,6,1003.5,0
2023-05-31,Ha_Noi,21.0285,105.8542,30.4,77,16.9,10,1000.7,0
2023-06-01,Ha_Noi,21.0285,105.8542,31.2,78,20.4,44,998.6,0
2023-06-02,Ha_Noi,21.0285,105.8542,31.9,74,18.9,79,999.4,0
2023-06-03,Ha_Noi,21.0285,105.8542,29.5,83,15.1,70,1002.4,1
2023-06-04,Ha_Noi,21.0285,105.8542,29.0,85,15.1,92,1002.9,1
2023-06-05,Ha_Noi,21.0285,105.8542,28.8,84,10.7,99,1002.9,1
2023-06-06,Ha_Noi,21.0285,105.8542,27.5,87,13.0,98,1003.3,1
2023-06-07,Ha_Noi,21.0285,105.8542,28.6,83,12.6,93,1002.9,1
2023-06-08,Ha_Noi,21.0285,105.8542,28.8,85,12.2,98,1002.0,1
2023-06-09,Ha_Noi,21.0285,105.8542,28.6,79,17.0,80,1000.8,1
2023-06-10,Ha_Noi,21.0285,105.8542,29.8,77,12.0,72,999.1,1
2023-06-11,Ha_Noi,21.0285,105.8542,30.6,77,20.0,83,998.8,0
2023-06-12,Ha_Noi,21.0285,105.8542,29.8,81,10.2,99,999.3,1
2023-06-13,Ha_Noi,21.0285,105.8542,28.4,87,9.5,100,999.8,1
2023-06-14,Ha_Noi,21.0285,105.8542,27.9,85,7.6,98,1002.1,1
2023-06-15,Ha_Noi,21.0285,105.8542,28.7,85,12.6,99,1001.3,1
2023-06-16,Ha_Noi,21.0285,105.8542,29.4,85,16.8,100,999.9,1
2023-06-17,Ha_Noi,21.0285,105.8542,30.3,80,15.6,100,1000.5,1
2023-06-18,Ha_Noi,21.0285,105.8542,28.9,84,15.4,100,1001.2,1
2023-06-19,Ha_Noi,21.0285,105.8542,29.6,81,14.2,100,1000.7,1
2023-06-20,Ha_Noi,21.0285,105.8542,30.1,81,12.5,99,1000.7,1
2023-06-21,Ha_Noi,21.0285,105.8542,30.3,81,12.4,96,1001.5,1
2023-06-22,Ha_Noi,21.0285,105.8542,29.7,86,11.9,100,1001.4,1
2023-06-23,Ha_Noi,21.0285,105.8542,27.7,88,15.1,100,1001.5,1
2023-06-24,Ha_Noi,21.0285,105.8542,26.2,94,8.0,99,1001.8,1
2023-06-25,Ha_Noi,21.0285,105.8542,26.2,90,8.4,100,1002.9,1
2023-06-26,Ha_Noi,21.0285,105.8542,25.6,93,10.5,94,1004.0,1
2023-06-27,Ha_Noi,21.0285,105.8542,27.1,86,17.2,93,1004.8,1
2023-06-28,Ha_Noi,21.0285,105.8542,28.7,81,20.2,44,1005.1,1
2023-06-29,Ha_Noi,21.0285,105.8542,30.0,79,18.6,30,1002.0,1
2023-06-30,Ha_Noi,21.0285,105.8542,31.2,78,14.9,87,999.5,1
2023-07-01,Ha_Noi,21.0285,105.8542,31.7,76,17.1,89,999.4,1
2023-07-02,Ha_Noi,21.0285,105.8542,31.2,76,18.3,98,1000.4,1
2023-07-03,Ha_Noi,21.0285,105.8542,30.2,80,14.8,99,1001.2,1
2023-07-04,Ha_Noi,21.0285,105.8542,30.1,77,12.2,86,1001.7,1
2023-07-05,Ha_Noi,21.0285,105.8542,29.6,82,13.9,57,1002.0,1
2023-07-06,Ha_Noi,21.0285,105.8542,31.1,75,19.5,38,1002.0,1
2023-07-07,Ha_Noi,21.0285,105.8542,31.9,73,17.8,40,1002.1,0
2023-07-08,Ha_Noi,21.0285,105.8542,30.9,78,25.6,76,1003.5,1
2023-07-09,Ha_Noi,21.0285,105.8542,30.6,77,18.3,95,1004.0,1
2023-07-10,Ha_Noi,21.0285,105.8542,31.0,74,16.6,76,1003.2,0
2023-07-11,Ha_Noi,21.0285,105.8542,31.4,73,16.7,35,1002.2,1
2023-07-12,Ha_Noi,21.0285,105.8542,31.8,71,13.7,37,1001.7,1
2023-07-13,Ha_Noi,21.0285,105.8542,31.7,70,14.1,44,1000.7,0
2023-07-14,Ha_Noi,21.0285,105.8542,30.9,77,15.1,74,1000.5,1
2023-07-15,Ha_Noi,21.0285,105.8542,29.3,82,17.6,83,1000.4,1
2023-07-16,Ha_Noi,21.0285,105.8542,30.1,75,16.6,93,998.0,1
2023-07-17,Ha_Noi,21.0285,105.8542,31.6,65,21.4,99,996.0,0
2023-07-18,Ha_Noi,21.0285,105.8542,28.2,71,24.5,100,996.2,1
2023-07-19,Ha_Noi,21.0285,105.8542,26.8,86,14.3,98,1001.0,1
2023-07-20,Ha_Noi,21.0285,105.8542,26.6,91,8.2,100,1003.8,1
2023-07-21,Ha_Noi,21.0285,105.8542,28.2,86,9.2,74,1006.1,1
2023-07-22,Ha_Noi,21.0285,105.8542,29.4,81,13.7,90,1006.9,1
2023-07-23,Ha_Noi,21.0285,105.8542,30.1,77,14.9,28,1005.4,0
2023-07-24,Ha_Noi,21.0285,105.8542,30.0,77,14.8,54,1003.7,1
2023-07-25,Ha_Noi,21.0285,105.8542,30.4,74,16.4,70,1003.2,0
2023-07-26,Ha_Noi,21.0285,105.8542,30.9,74,17.0,71,1001.3,0
2023-07-27,Ha_Noi,21.0285,105.8542,31.0,78,9.8,96,998.0,1
2023-07-28,Ha_Noi,21.0285,105.8542,29.1,83,13.3,99,996.5,1
2023-07-29,Ha_Noi,21.0285,105.8542,30.1,80,13.1,95,997.7,1
2023-07-30,Ha_Noi,21.0285,105.8542,28.9,85,12.3,95,999.2,1
2023-07-31,Ha_Noi,21.0285,105.8542,27.6,90,11.2,96,1000.9,1
2023-08-01,Ha_Noi,21.0285,105.8542,27.9,90,10.0,96,1000.6,1
2023-08-02,Ha_Noi,21.0285,105.8542,27.4,89,15.1,100,999.9,1
2023-08-03,Ha_Noi,21.0285,105.8542,27.3,90,12.3,100,999.0,1
2023-08-04,Ha_Noi,21.0285,105.8542,27.2,91,14.0,100,999.9,1
2023-08-05,Ha_Noi,21.0285,105.8542,27.5,90,10.9,98,999.2,1
2023-08-06,Ha_Noi,21.0285,105.8542,27.8,90,9.1,100,996.5,1
2023-08-07,Ha_Noi,21.0285,105.8542,28.2,85,11.5,80,996.0,1
2023-08-08,Ha_Noi,21.0285,105.8542,27.9,88,19.6,80,998.2,1
2023-08-09,Ha_Noi,21.0285,105.8542,29.1,85,8.5,92,1000.3,1
2023-08-10,Ha_Noi,21.0285,105.8542,28.7,89,8.7,99,1001.3,1
2023-08-11,Ha_Noi,21.0285,105.8542,27.7,91,9.9,96,1000.0,1
2023-08-12,Ha_Noi,21.0285,105.8542,27.7,90,10.8,90,999.4,1
2023-08-13,Ha_Noi,21.0285,105.8542,28.1,88,13.3,85,999.9,1
2023-08-14,Ha_Noi,21.0285,105.8542,28.1,90,9.6,97,1000.5,1
2023-08-15,Ha_Noi,21.0285,105.8542,27.7,89,9.7,96,1002.1,1
2023-08-16,Ha_Noi,21.0285,105.8542,28.6,86,9.2,68,1002.9,1
2023-08-17,Ha_Noi,21.0285,105.8542,30.3,83,9.0,67,1002.4,1
2023-08-18,Ha_Noi,21.0285,105.8542,30.4,82,12.1,96,1000.9,1
2023-08-19,Ha_Noi,21.0285,105.8542,27.3,91,12.2,100,1002.6,1
2023-08-20,Ha_Noi,21.0285,105.8542,26.7,93,10.7,100,1003.4,1
2023-08-21,Ha_Noi,21.0285,105.8542,28.4,87,12.9,90,1003.7,1
2023-08-22,Ha_Noi,21.0285,105.8542,29.2,84,10.5,99,1002.3,1
2023-08-23,Ha_Noi,21.0285,105.8542,28.8,87,11.3,100,1000.7,1
2023-08-24,Ha_Noi,21.0285,105.8542,27.0,91,11.4,99,1002.3,1
2023-08-25,Ha_Noi,21.0285,105.8542,27.5,89,12.0,96,1002.6,1
2023-08-26,Ha_Noi,21.0285,105.8542,28.5,89,13.0,95,1000.1,1
2023-08-27,Ha_Noi,21.0285,105.8542,29.8,83,11.5,90,997.7,1
2023-08-28,Ha_Noi,21.0285,105.8542,27.9,83,16.9,99,1000.3,1
2023-08-29,Ha_Noi,21.0285,105.8542,28.1,77,21.2,64,1002.4,0
2023-08-30,Ha_Noi,21.0285,105.8542,27.9,70,20.3,49,1004.7,0
2023-08-31,Ha_Noi,21.0285,105.8542,28.2,69,16.0,8,1004.3,0
2023-09-01,Ha_Noi,21.0285,105.8542,28.6,72,15.6,36,1003.1,1
2023-09-02,Ha_Noi,21.0285,105.8542,29.6,71,18.0,46,1001.0,0
2023-09-03,Ha_Noi,21.0285,105.8542,26.5,78,17.4,99,1001.0,1
2023-09-04,Ha_Noi,21.0285,105.8542,26.3,81,17.2,83,1002.8,1
2023-09-05,Ha_Noi,21.0285,105.8542,28.2,79,12.7,66,1003.8,1
2023-09-06,Ha_Noi,21.0285,105.8542,29.0,82,12.3,96,1004.6,1
2023-09-07,Ha_Noi,21.0285,105.8542,29.9,79,12.0,69,1004.3,1
2023-09-08,Ha_Noi,21.0285,105.8542,28.4,84,13.3,86,1004.2,1
2023-09-09,Ha_Noi,21.0285,105.8542,27.7,88,14.0,91,1002.9,1
2023-09-10,Ha_Noi,21.0285,105.8542,27.6,89,7.7,97,1002.0,1
2023-09-11,Ha_Noi,21.0285,105.8542,27.6,90,8.7,99,1001.0,1
2023-09-12,Ha_Noi,21.0285,105.8542,27.4,91,14.8,100,1001.5,1
2023-09-13,Ha_Noi,21.0285,105.8542,26.0,89,17.8,100,1003.0,1
2023-09-14,Ha_Noi,21.0285,105.8542,24.3,91,15.4,99,1004.9,1
2023-09-15,Ha_Noi,21.0285,105.8542,25.1,87,17.6,96,1006.0,1
2023-09-16,Ha_Noi,21.0285,105.8542,26.0,88,11.7,90,1006.9,1
2023-09-17,Ha_Noi,21.0285,105.8542,26.3,90,10.2,99,1006.6,1
2023-09-18,Ha_Noi,21.0285,105.8542,27.2,88,9.8,91,1006.9,1
2023-09-19,Ha_Noi,21.0285,105.8542,27.9,86,13.9,77,1007.3,1
2023-09-20,Ha_Noi,21.0285,105.8542,28.4,85,12.9,23,1006.9,1
2023-09-21,Ha_Noi,21.0285,105.8542,28.7,85,13.5,20,1007.3,1
2023-09-22,Ha_Noi,21.0285,105.8542,28.7,84,16.7,55,1007.0,0
2023-09-23,Ha_Noi,21.0285,105.8542,28.7,82,14.8,26,1007.0,0
2023-09-24,Ha_Noi,21.0285,105.8542,27.7,87,15.6,36,1006.4,1
2023-09-25,Ha_Noi,21.0285,105.8542,27.2,87,23.4,62,1006.3,1
2023-09-26,Ha_Noi,21.0285,105.8542,25.6,91,19.1,96,1006.1,1
2023-09-27,Ha_Noi,21.0285,105.8542,25.3,93,17.6,100,1006.6,1
2023-09-28,Ha_Noi,21.0285,105.8542,25.1,94,11.2,100,1009.0,1
2023-09-29,Ha_Noi,21.0285,105.8542,26.5,90,10.0,95,1009.7,1
2023-09-30,Ha_Noi,21.0285,105.8542,27.5,86,7.9,58,1008.5,1
2023-10-01,Ha_Noi,21.0285,105.8542,28.3,81,11.8,11,1006.8,0
2023-10-02,Ha_Noi,21.0285,105.8542,27.9,82,13.6,37,1007.8,1
2023-10-03,Ha_Noi,21.0285,105.8542,28.0,81,11.9,45,1007.9,1
2023-10-04,Ha_Noi,21.0285,105.8542,28.8,80,12.8,16,1007.3,0
2023-10-05,Ha_Noi,21.0285,105.8542,29.1,80,10.8,23,1005.9,0
2023-10-06,Ha_Noi,21.0285,105.8542,28.5,84,14.5,59,1006.2,1
2023-10-07,Ha_Noi,21.0285,105.8542,25.9,83,23.6,98,1008.9,1
2023-10-08,Ha_Noi,21.0285,105.8542,25.6,66,14.8,61,1011.5,0
2023-10-09,Ha_Noi,21.0285,105.8542,25.7,64,17.3,70,1012.9,0
2023-10-10,Ha_Noi,21.0285,105.8542,25.4,66,20.6,97,1014.0,1
2023-10-11,Ha_Noi,21.0285,105.8542,25.1,67,15.8,90,1014.7,0
2023-10-12,Ha_Noi,21.0285,105.8542,24.3,78,12.6,82,1015.0,1
2023-10-13,Ha_Noi,21.0285,105.8542,25.3,77,12.8,42,1013.4,1
2023-10-14,Ha_Noi,21.0285,105.8542,25.5,73,15.9,67,1011.5,1
2023-10-15,Ha_Noi,21.0285,105.8542,24.6,68,17.3,54,1011.4,0
2023-10-16,Ha_Noi,21.0285,105.8542,25.4,69,13.3,61,1011.9,0
2023-10-17,Ha_Noi,21.0285,105.8542,26.1,70,10.8,44,1011.5,0
2023-10-18,Ha_Noi,21.0285,105.8542,26.6,73,11.6,87,1010.3,0
2023-10-19,Ha_Noi,21.0285,105.8542,27.1,76,17.6,98,1008.8,0
2023-10-20,Ha_Noi,21.0285,105.8542,27.1,60,26.3,82,1012.7,0
2023-10-21,Ha_Noi,21.0285,105.8542,24.5,51,19.7,89,1016.1,0
2023-10-22,Ha_Noi,21.0285,105.8542,23.8,66,15.3,64,1016.0,0
2023-10-23,Ha_Noi,21.0285,105.8542,24.5,76,9.7,66,1014.5,0
2023-10-24,Ha_Noi,21.0285,105.8542,25.7,78,9.0,53,1013.2,0
2023-10-25,Ha_Noi,21.0285,105.8542,26.9,73,14.0,43,1012.2,0
2023-10-26,Ha_Noi,21.0285,105.8542,27.1,71,13.0,43,1011.1,0
2023-10-27,Ha_Noi,21.0285,105.8542,27.0,74,14.3,51,1010.4,1
2023-10-28,Ha_Noi,21.0285,105.8542,26.0,82,13.7,87,1011.4,1
2023-10-29,Ha_Noi,21.0285,105.8542,24.1,85,18.4,99,1012.8,1
2023-10-30,Ha_Noi,21.0285,105.8542,24.6,71,15.3,90,1015.0,0
2023-10-31,Ha_Noi,21.0285,105.8542,24.6,72,13.1,59,1015.8,0
2023-11-01,Ha_Noi,21.0285,105.8542,24.4,77,10.4,14,1014.8,0
2023-11-02,Ha_Noi,21.0285,105.8542,24.6,79,14.5,42,1011.8,0
2023-11-03,Ha_Noi,21.0285,105.8542,26.0,81,16.6,62,1008.8,1
2023-11-04,Ha_Noi,21.0285,105.8542,26.4,85,16.9,70,1009.2,1
2023-11-05,Ha_Noi,21.0285,105.8542,27.2,82,16.0,60,1009.8,1
2023-11-06,Ha_Noi,21.0285,105.8542,25.6,85,15.3,86,1012.5,1
2023-11-07,Ha_Noi,21.0285,105.8542,24.1,78,14.2,86,1013.4,1
2023-11-08,Ha_Noi,21.0285,105.8542,25.4,81,14.7,62,1010.9,0
2023-11-09,Ha_Noi,21.0285,105.8542,26.7,83,15.0,26,1010.1,1
2023-11-10,Ha_Noi,21.0285,105.8542,27.3,83,14.1,27,1011.4,1
2023-11-11,Ha_Noi,21.0285,105.8542,27.1,85,14.4,28,1012.5,1
2023-11-12,Ha_Noi,21.0285,105.8542,24.7,89,21.4,89,1015.3,1
2023-11-13,Ha_Noi,21.0285,105.8542,16.7,81,23.5,100,1021.0,1
2023-11-14,Ha_Noi,21.0285,105.8542,17.9,70,14.6,79,1020.6,0
2023-11-15,Ha_Noi,21.0285,105.8542,19.8,76,9.4,88,1018.5,0
2023-11-16,Ha_Noi,21.0285,105.8542,19.8,62,26.2,86,1024.5,1
2023-11-17,Ha_Noi,21.0285,105.8542,18.9,57,17.5,60,1023.8,0
2023-11-18,Ha_Noi,21.0285,105.8542,18.6,61,12.0,31,1020.8,0
2023-11-19,Ha_Noi,21.0285,105.8542,19.1,66,9.0,23,1018.5,0
2023-11-20,Ha_Noi,21.0285,105.8542,19.2,74,10.0,2,1016.5,0
2023-11-21,Ha_Noi,21.0285,105.8542,19.7,77,12.5,1,1013.8,0
2023-11-22,Ha_Noi,21.0285,105.8542,20.4,83,7.4,48,1012.6,1
2023-11-23,Ha_Noi,21.0285,105.8542,22.2,81,7.4,64,1013.9,0
2023-11-24,Ha_Noi,21.0285,105.8542,23.1,78,16.4,39,1015.6,1
2023-11-25,Ha_Noi,21.0285,105.8542,22.7,78,12.5,46,1016.3,0
2023-11-26,Ha_Noi,21.0285,105.8542,22.5,78,10.7,90,1017.3,0
2023-11-27,Ha_Noi,21.0285,105.8542,22.8,76,8.9,25,1016.5,1
2023-11-28,Ha_Noi,21.0285,105.8542,21.8,75,11.0,17,1015.7,0
2023-11-29,Ha_Noi,21.0285,105.8542,22.4,80,13.7,76,1014.5,0
2023-11-30,Ha_Noi,21.0285,105.8542,23.4,80,16.3,99,1016.5,1
2023-12-01,Ha_Noi,21.0285,105.8542,19.9,72,18.7,100,1018.5,1
2023-12-02,Ha_Noi,21.0285,105.8542,18.5,69,12.2,100,1018.7,1
2023-12-03,Ha_Noi,21.0285,105.8542,19.0,76,11.0,99,1017.7,1
2023-12-04,Ha_Noi,21.0285,105.8542,19.2,73,11.0,100,1015.7,0
2023-12-05,Ha_Noi,21.0285,105.8542,20.4,77,12.2,93,1012.9,0
2023-12-06,Ha_Noi,21.0285,105.8542,20.2,79,17.6,99,1016.5,1
2023-12-07,Ha_Noi,21.0285,105.8542,19.7,65,10.5,83,1016.3,0
2023-12-08,Ha_Noi,21.0285,105.8542,20.7,72,15.1,55,1011.9,0
2023-12-09,Ha_Noi,21.0285,105.8542,22.8,82,16.6,35,1009.2,0
2023-12-10,Ha_Noi,21.0285,105.8542,24.4,88,19.3,83,1007.9,1
2023-12-11,Ha_Noi,21.0285,105.8542,25.0,88,15.1,80,1010.2,1
2023-12-12,Ha_Noi,21.0285,105.8542,24.7,86,19.1,63,1012.4,1
2023-12-13,Ha_Noi,21.0285,105.8542,23.6,83,19.7,49,1013.9,1
2023-12-14,Ha_Noi,21.0285,105.8542,24.2,85,18.0,77,1013.2,1
2023-12-15,Ha_Noi,21.0285,105.8542,25.1,83,15.8,86,1011.5,1
2023-12-16,Ha_Noi,21.0285,105.8542,18.7,67,34.3,99,1017.7,1
2023-12-17,Ha_Noi,21.0285,105.8542,12.9,64,19.2,74,1022.4,1
2023-12-18,Ha_Noi,21.0285,105.8542,14.8,66,11.2,98,1019.5,1
2023-12-19,Ha_Noi,21.0285,105.8542,13.8,65,17.8,100,1020.6,1
2023-12-20,Ha_Noi,21.0285,105.8542,14.1,54,17.3,87,1023.0,0
2023-12-21,Ha_Noi,21.0285,105.8542,13.7,46,18.9,76,1025.3,0
2023-12-22,Ha_Noi,21.0285,105.8542,11.9,44,18.9,51,1028.6,0
2023-12-23,Ha_Noi,21.0285,105.8542,12.7,46,17.3,69,1028.0,0
2023-12-24,Ha_Noi,21.0285,105.8542,14.0,45,16.0,86,1027.8,0
2023-12-25,Ha_Noi,21.0285,105.8542,14.1,46,14.0,22,1024.0,0
2023-12-26,Ha_Noi,21.0285,105.8542,15.0,63,8.4,3,1021.8,0
2023-12-27,Ha_Noi,21.0285,105.8542,16.8,75,12.3,2,1020.9,0
2023-12-28,Ha_Noi,21.0285,105.8542,18.4,77,12.3,13,1018.7,0
2023-12-29,Ha_Noi,21.0285,105.8542,20.4,76,13.8,65,1017.1,0
2023-12-30,Ha_Noi,21.0285,105.8542,21.1,80,10.5,83,1015.6,1
2023-12-31,Ha_Noi,21.0285,105.8542,21.8,79,15.2,47,1014.9,1
2024-01-01,Ha_Noi,21.0285,105.8542,21.6,80,17.2,49,1014.3,1
2024-01-02,Ha_Noi,21.0285,105.8542,22.7,82,15.1,64,1013.5,1
2024-01-03,Ha_Noi,21.0285,105.8542,17.8,80,24.8,91,1017.8,1
2024-01-04,Ha_Noi,21.0285,105.8542,19.1,65,16.9,73,1016.5,0
2024-01-05,Ha_Noi,21.0285,105.8542,20.1,82,14.4,74,1015.3,1
2024-01-06,Ha_Noi,21.0285,105.8542,21.4,84,14.0,85,1016.2,1
2024-01-07,Ha_Noi,21.0285,105.8542,20.9,84,16.6,74,1015.7,1
2024-01-08,Ha_Noi,21.0285,105.8542,22.0,82,17.6,63,1013.8,1
2024-01-09,Ha_Noi,21.0285,105.8542,22.3,86,13.6,73,1012.8,1
2024-01-10,Ha_Noi,21.0285,105.8542,19.9,91,15.1,100,1014.3,1
2024-01-11,Ha_Noi,21.0285,105.8542,18.4,92,11.3,100,1015.0,1
2024-01-12,Ha_Noi,21.0285,105.8542,18.4,93,12.3,100,1014.4,1
2024-01-13,Ha_Noi,21.0285,105.8542,18.9,94,9.8,100,1015.5,1
2024-01-14,Ha_Noi,21.0285,105.8542,19.7,90,8.9,94,1016.9,1
2024-01-15,Ha_Noi,21.0285,105.8542,20.8,83,16.5,44,1016.9,1
2024-01-16,Ha_Noi,21.0285,105.8542,19.9,88,18.9,74,1016.1,1
2024-01-17,Ha_Noi,21.0285,105.8542,20.6,88,16.8,65,1014.6,1
2024-01-18,Ha_Noi,21.0285,105.8542,21.7,85,16.4,79,1012.7,1
2024-01-19,Ha_Noi,21.0285,105.8542,22.6,83,19.5,76,1011.3,1
2024-01-20,Ha_Noi,21.0285,105.8542,21.2,86,22.7,94,1012.9,1
2024-01-21,Ha_Noi,21.0285,105.8542,15.9,82,16.0,100,1016.5,1
2024-01-22,Ha_Noi,21.0285,105.8542,11.3,83,26.6,100,1021.8,1
2024-01-23,Ha_Noi,21.0285,105.8542,9.2,64,18.4,99,1027.0,1
2024-01-24,Ha_Noi,21.0285,105.8542,9.7,56,14.2,100,1026.9,0
2024-01-25,Ha_Noi,21.0285,105.8542,10.5,55,12.9,100,1026.7,1
2024-01-26,Ha_Noi,21.0285,105.8542,11.5,62,12.1,100,1025.3,0
2024-01-27,Ha_Noi,21.0285,105.8542,11.1,72,12.6,100,1024.1,0
2024-01-28,Ha_Noi,21.0285,105.8542,12.0,73,13.4,100,1023.8,1
2024-01-29,Ha_Noi,21.0285,105.8542,13.7,78,10.1,96,1020.2,1
2024-01-30,Ha_Noi,21.0285,105.8542,16.2,81,9.7,100,1016.7,0
2024-01-31,Ha_Noi,21.0285,105.8542,18.5,90,9.6,100,1014.3,1
2024-02-01,Ha_Noi,21.0285,105.8542,21.4,89,14.1,84,1013.2,1
2024-02-02,Ha_Noi,21.0285,105.8542,23.2,84,21.7,88,1011.7,1
2024-02-03,Ha_Noi,21.0285,105.8542,22.8,88,21.5,90,1011.7,1
2024-02-04,Ha_Noi,21.0285,105.8542,24.5,83,18.3,70,1010.8,1
2024-02-05,Ha_Noi,21.0285,105.8542,22.2,87,20.4,100,1012.3,1
2024-02-06,Ha_Noi,21.0285,105.8542,21.4,87,17.7,100,1013.2,1
2024-02-07,Ha_Noi,21.0285,105.8542,15.7,82,15.8,100,1013.5,1
2024-02-08,Ha_Noi,21.0285,105.8542,12.8,73,15.9,100,1016.4,1
2024-02-09,Ha_Noi,21.0285,105.8542,13.9,65,14.8,100,1022.3,0
2024-02-10,Ha_Noi,21.0285,105.8542,16.6,60,13.1,88,1025.0,0
2024-02-11,Ha_Noi,21.0285,105.8542,17.4,64,12.0,21,1024.2,0
2024-02-12,Ha_Noi,21.0285,105.8542,17.7,73,22.3,16,1020.3,0
2024-02-13,Ha_Noi,21.0285,105.8542,19.6,83,18.8,73,1017.2,0
2024-02-14,Ha_Noi,21.0285,105.8542,21.4,82,21.0,94,1014.7,1
2024-02-15,Ha_Noi,21.0285,105.8542,21.4,84,9.4,94,1016.1,1
2024-02-16,Ha_Noi,21.0285,105.8542,20.4,77,17.1,79,1016.5,1
2024-02-17,Ha_Noi,21.0285,105.8542,20.6,84,22.1,67,1011.2,1
2024-02-18,Ha_Noi,21.0285,105.8542,23.3,85,19.8,80,1008.3,1
2024-02-19,Ha_Noi,21.0285,105.8542,24.1,86,23.4,46,1007.9,1
2024-02-20,Ha_Noi,21.0285,105.8542,25.3,82,25.6,31,1005.8,1
2024-02-21,Ha_Noi,21.0285,105.8542,26.6,79,20.6,45,1005.9,1
2024-02-22,Ha_Noi,21.0285,105.8542,25.3,85,20.8,88,1009.6,1
2024-02-23,Ha_Noi,21.0285,105.8542,19.3,74,18.3,100,1014.6,1
2024-02-24,Ha_Noi,21.0285,105.8542,13.4,88,13.9,100,1018.2,1
2024-02-25,Ha_Noi,21.0285,105.8542,13.4,81,12.6,100,1018.6,1
2024-02-26,Ha_Noi,21.0285,105.8542,15.1,74,12.4,100,1018.1,1
2024-02-27,Ha_Noi,21.0285,105.8542,13.4,74,16.5,100,1018.6,1
2024-02-28,Ha_Noi,21.0285,105.8542,15.5,77,9.2,100,1014.6,1
2024-02-29,Ha_Noi,21.0285,105.8542,15.5,79,16.6,100,1015.9,1
2024-03-01,Ha_Noi,21.0285,105.8542,14.0,65,16.2,100,1019.8,1
2024-03-02,Ha_Noi,21.0285,105.8542,14.2,64,15.6,78,1019.5,0
2024-03-03,Ha_Noi,21.0285,105.8542,16.5,78,17.9,80,1012.3,0
2024-03-04,Ha_Noi,21.0285,105.8542,21.5,82,13.0,47,1004.3,0
2024-03-05,Ha_Noi,21.0285,105.8542,24.0,82,10.3,27,1001.5,0
2024-03-06,Ha_Noi,21.0285,105.8542,22.9,72,25.0,14,1006.4,0
2024-03-07,Ha_Noi,21.0285,105.8542,20.4,66,15.3,98,1012.7,0
2024-03-08,Ha_Noi,21.0285,105.8542,19.8,71,12.4,100,1014.6,1
2024-03-09,Ha_Noi,21.0285,105.8542,17.8,81,9.8,100,1014.3,1
2024-03-10,Ha_Noi,21.0285,105.8542,17.4,85,11.8,100,1016.0,1
2024-03-11,Ha_Noi,21.0285,105.8542,19.6,74,17.4,56,1017.4,1
2024-03-12,Ha_Noi,21.0285,105.8542,19.7,81,17.8,48,1014.4,0
2024-03-13,Ha_Noi,21.0285,105.8542,21.0,86,12.9,100,1011.7,1
2024-03-14,Ha_Noi,21.0285,105.8542,21.2,92,12.3,100,1011.1,1
2024-03-15,Ha_Noi,21.0285,105.8542,22.3,91,12.8,95,1010.5,1
2024-03-16,Ha_Noi,21.0285,105.8542,23.5,91,18.4,100,1011.5,1
2024-03-17,Ha_Noi,21.0285,105.8542,23.4,92,16.2,100,1011.1,1
2024-03-18,Ha_Noi,21.0285,105.8542,23.6,91,14.8,100,1010.6,1
2024-03-19,Ha_Noi,21.0285,105.8542,19.9,81,25.5,100,1017.2,1
2024-03-20,Ha_Noi,21.0285,105.8542,18.8,76,9.8,87,1019.7,1
2024-03-21,Ha_Noi,21.0285,105.8542,20.0,77,19.6,41,1012.8,0
2024-03-22,Ha_Noi,21.0285,105.8542,22.2,86,19.1,72,1006.1,1
2024-03-23,Ha_Noi,21.0285,105.8542,25.1,85,22.0,56,1004.5,1
2024-03-24,Ha_Noi,21.0285,105.8542,25.5,86,22.7,36,1006.9,1
2024-03-25,Ha_Noi,21.0285,105.8542,25.4,89,16.6,68,1009.0,1
2024-03-26,Ha_Noi,21.0285,105.8542,25.6,85,21.7,90,1012.7,1
2024-03-27,Ha_Noi,21.0285,105.8542,24.8,88,18.7,99,1012.0,1
2024-03-28,Ha_Noi,21.0285,105.8542,24.2,90,15.0,97,1010.3,1
2024-03-29,Ha_Noi,21.0285,105.8542,23.9,88,13.8,77,1010.6,1
2024-03-30,Ha_Noi,21.0285,105.8542,25.2,86,18.1,47,1007.9,1
2024-03-31,Ha_Noi,21.0285,105.8542,26.9,84,16.2,63,1004.5,0
2024-04-01,Ha_Noi,21.0285,105.8542,28.4,78,18.7,56,1000.8,0
2024-04-02,Ha_Noi,21.0285,105.8542,28.5,75,18.3,9,999.5,0
2024-04-03,Ha_Noi,21.0285,105.8542,28.6,78,17.9,2,1000.7,0
2024-04-04,Ha_Noi,21.0285,105.8542,28.4,80,17.1,1,1001.7,0
2024-04-05,Ha_Noi,21.0285,105.8542,26.6,85,19.7,93,1004.9,0
2024-04-06,Ha_Noi,21.0285,105.8542,26.2,83,18.4,100,1006.3,1
2024-04-07,Ha_Noi,21.0285,105.8542,25.6,86,17.1,98,1005.5,1
2024-04-08,Ha_Noi,21.0285,105.8542,23.3,84,20.2,100,1009.5,1
2024-04-09,Ha_Noi,21.0285,105.8542,23.6,82,11.3,100,1012.2,1
2024-04-10,Ha_Noi,21.0285,105.8542,24.2,85,13.8,92,1011.7,1
2024-04-11,Ha_Noi,21.0285,105.8542,25.3,89,16.4,92,1010.8,1
2024-04-12,Ha_Noi,21.0285,105.8542,26.7,84,20.5,86,1008.8,1
2024-04-13,Ha_Noi,21.0285,105.8542,26.9,85,20.3,75,1006.0,1
2024-04-14,Ha_Noi,21.0285,105.8542,27.0,86,18.5,72,1005.8,1
2024-04-15,Ha_Noi,21.0285,105.8542,27.3,84,20.9,90,1006.9,1
2024-04-16,Ha_Noi,21.0285,105.8542,27.3,83,22.8,60,1005.0,1
2024-04-17,Ha_Noi,21.0285,105.8542,27.7,83,18.2,71,1003.6,1
2024-04-18,Ha_Noi,21.0285,105.8542,27.8,83,20.0,61,1002.0,1
2024-04-19,Ha_Noi,21.0285,105.8542,29.1,81,23.3,63,998.9,1
2024-04-20,Ha_Noi,21.0285,105.8542,29.9,74,21.8,38,998.5,1
2024-04-21,Ha_Noi,21.0285,105.8542,28.0,80,25.7,55,1001.5,1
2024-04-22,Ha_Noi,21.0285,105.8542,26.8,83,15.5,76,1003.4,1
2024-04-23,Ha_Noi,21.0285,105.8542,27.0,86,20.3,81,1003.9,1
2024-04-24,Ha_Noi,21.0285,105.8542,26.7,87,17.3,77,1004.4,1
2024-04-25,Ha_Noi,21.0285,105.8542,29.2,82,17.4,45,1000.6,1
2024-04-26,Ha_Noi,21.0285,105.8542,30.6,78,16.4,8,998.1,0
2024-04-27,Ha_Noi,21.0285,105.8542,32.3,62,20.4,1,996.8,0
2024-04-28,Ha_Noi,21.0285,105.8542,30.7,73,17.3,1,999.2,0
2024-04-29,Ha_Noi,21.0285,105.8542,31.7,71,22.3,18,998.8,0
2024-04-30,Ha_Noi,21.0285,105.8542,33.0,63,29.2,10,996.4,0
2024-05-01,Ha_Noi,21.0285,105.8542,27.5,75,24.6,97,1002.9,1
2024-05-02,Ha_Noi,21.0285,105.8542,25.7,84,15.1,100,1005.6,1
2024-05-03,Ha_Noi,21.0285,105.8542,26.7,88,20.1,88,1004.9,1
2024-05-04,Ha_Noi,21.0285,105.8542,28.8,83,16.2,37,1002.0,1
2024-05-05,Ha_Noi,21.0285,105.8542,26.1,81,16.4,89,1005.8,1
2024-05-06,Ha_Noi,21.0285,105.8542,25.9,88,14.1,90,1008.2,1
2024-05-07,Ha_Noi,21.0285,105.8542,26.0,89,14.1,92,1010.1,1
2024-05-08,Ha_Noi,21.0285,105.8542,26.2,90,18.8,98,1009.6,1
2024-05-09,Ha_Noi,21.0285,105.8542,25.7,87,14.0,95,1009.9,1
2024-05-10,Ha_Noi,21.0285,105.8542,26.9,85,17.0,80,1008.5,1
2024-05-11,Ha_Noi,21.0285,105.8542,27.7,87,20.7,55,1007.8,1
2024-05-12,Ha_Noi,21.0285,105.8542,26.7,91,17.0,76,1008.1,1
2024-05-13,Ha_Noi,21.0285,105.8542,26.9,83,13.8,61,1009.3,1
2024-05-14,Ha_Noi,21.0285,105.8542,27.4,83,17.3,36,1008.4,1
2024-05-15,Ha_Noi,21.0285,105.8542,26.8,89,12.5,73,1009.6,1
2024-05-16,Ha_Noi,21.0285,105.8542,26.9,76,14.8,78,1010.5,1
2024-05-17,Ha_Noi,21.0285,105.8542,27.3,76,17.1,72,1007.5,1
2024-05-18,Ha_Noi,21.0285,105.8542,27.7,86,19.2,100,1002.5,1
2024-05-19,Ha_Noi,21.0285,105.8542,27.1,90,15.8,100,1000.5,1
2024-05-20,Ha_Noi,21.0285,105.8542,27.3,83,13.5,91,1003.8,1
2024-05-21,Ha_Noi,21.0285,105.8542,27.2,88,14.0,92,1005.7,1
2024-05-22,Ha_Noi,21.0285,105.8542,27.1,86,12.2,79,1006.4,1
2024-05-23,Ha_Noi,21.0285,105.8542,26.9,86,10.8,82,1005.7,1
2024-05-24,Ha_Noi,21.0285,105.8542,27.7,84,14.2,70,1005.4,1
2024-05-25,Ha_Noi,21.0285,105.8542,27.7,88,19.4,93,1005.0,1
2024-05-26,Ha_Noi,21.0285,105.8542,29.8,84,18.8,77,1002.2,1
2024-05-27,Ha_Noi,21.0285,105.8542,31.1,77,15.3,79,998.4,0
2024-05-28,Ha_Noi,21.0285,105.8542,29.5,84,14.8,100,998.8,1
2024-05-29,Ha_Noi,21.0285,105.8542,30.6,82,19.6,95,998.3,1
2024-05-30,Ha_Noi,21.0285,105.8542,28.1,87,19.5,98,1000.3,1
2024-05-31,Ha_Noi,21.0285,105.8542,26.2,79,14.8,89,1004.0,1
2024-06-01,Ha_Noi,21.0285,105.8542,28.8,76,14.8,52,1005.0,0
2024-06-02,Ha_Noi,21.0285,105.8542,28.8,86,17.1,66,1003.8,1
2024-06-03,Ha_Noi,21.0285,105.8542,29.0,87,10.3,98,1001.2,1
2024-06-04,Ha_Noi,21.0285,105.8542,28.3,89,10.9,99,1002.1,1
2024-06-05,Ha_Noi,21.0285,105.8542,26.2,92,17.0,100,1005.0,1
2024-06-06,Ha_Noi,21.0285,105.8542,26.1,87,11.3,99,1005.8,1
2024-06-07,Ha_Noi,21.0285,105.8542,27.3,88,14.1,99,1002.7,1
2024-06-08,Ha_Noi,21.0285,105.8542,27.0,92,10.8,100,1000.9,1
2024-06-09,Ha_Noi,21.0285,105.8542,26.7,94,12.1,100,1001.5,1
2024-06-10,Ha_Noi,21.0285,105.8542,26.8,93,9.7,100,1003.0,1
2024-06-11,Ha_Noi,21.0285,105.8542,28.3,88,12.4,98,1002.5,1
2024-06-12,Ha_Noi,21.0285,105.8542,30.0,83,12.8,100,1001.3,1
2024-06-13,Ha_Noi,21.0285,105.8542,31.6,75,14.2,100,998.4,0
2024-06-14,Ha_Noi,21.0285,105.8542,31.5,71,12.4,100,997.3,0
2024-06-15,Ha_Noi,21.0285,105.8542,30.5,80,13.0,100,998.8,1
2024-06-16,Ha_Noi,21.0285,105.8542,30.6,82,17.1,100,999.9,1
2024-06-17,Ha_Noi,21.0285,105.8542,31.1,80,13.0,100,999.2,1
2024-06-18,Ha_Noi,21.0285,105.8542,30.8,79,11.7,100,998.4,1
2024-06-19,Ha_Noi,21.0285,105.8542,31.4,77,16.3,100,997.9,1
2024-06-20,Ha_Noi,21.0285,105.8542,31.5,75,17.4,100,997.9,1
2024-06-21,Ha_Noi,21.0285,105.8542,32.0,74,17.4,98,998.7,0
2024-06-22,Ha_Noi,21.0285,105.8542,30.6,80,14.1,92,1000.5,1
2024-06-23,Ha_Noi,21.0285,105.8542,29.2,84,19.3,99,1000.8,1
2024-06-24,Ha_Noi,21.0285,105.8542,27.2,90,9.8,100,1000.9,1
2024-06-25,Ha_Noi,21.0285,105.8542,26.9,91,14.9,100,1002.7,1
2024-06-26,Ha_Noi,21.0285,105.8542,27.1,88,16.4,99,1005.4,1
2024-06-27,Ha_Noi,21.0285,105.8542,27.4,85,16.8,97,1006.3,1
2024-06-28,Ha_Noi,21.0285,105.8542,29.2,81,18.8,77,1003.2,1
2024-06-29,Ha_Noi,21.0285,105.8542,30.7,77,18.8,99,1000.7,0
2024-06-30,Ha_Noi,21.0285,105.8542,32.0,71,16.5,100,999.1,1
2024-07-01,Ha_Noi,21.0285,105.8542,31.7,67,17.0,99,997.5,0
2024-07-02,Ha_Noi,21.0285,105.8542,30.0,77,16.3,100,999.4,1
2024-07-03,Ha_Noi,21.0285,105.8542,28.3,87,16.6,100,1004.3,1
2024-07-04,Ha_Noi,21.0285,105.8542,28.4,84,14.9,81,1006.4,1
2024-07-05,Ha_Noi,21.0285,105.8542,28.9,80,16.6,36,1003.7,1
2024-07-06,Ha_Noi,21.0285,105.8542,29.2,80,16.6,22,1002.9,1
2024-07-07,Ha_Noi,21.0285,105.8542,29.5,79,19.2,22,1003.6,1
2024-07-08,Ha_Noi,21.0285,105.8542,29.9,79,18.4,29,1002.5,1
2024-07-09,Ha_Noi,21.0285,105.8542,30.5,78,18.4,72,1002.0,1
2024-07-10,Ha_Noi,21.0285,105.8542,30.3,79,12.7,54,1002.3,1
2024-07-11,Ha_Noi,21.0285,105.8542,30.4,78,17.1,57,1000.7,1
2024-07-12,Ha_Noi,21.0285,105.8542,30.5,79,13.3,89,998.7,1
2024-07-13,Ha_Noi,21.0285,105.8542,30.1,80,15.1,85,998.6,1
2024-07-14,Ha_Noi,21.0285,105.8542,28.3,85,18.6,90,1001.9,1
2024-07-15,Ha_Noi,21.0285,105.8542,27.5,88,11.5,96,1003.6,1
2024-07-16,Ha_Noi,21.0285,105.8542,27.6,87,18.4,89,1003.6,1
2024-07-17,Ha_Noi,21.0285,105.8542,27.4,88,12.2,99,1002.7,1
2024-07-18,Ha_Noi,21.0285,105.8542,27.4,88,17.2,97,1001.8,1
2024-07-19,Ha_Noi,21.0285,105.8542,27.3,89,17.5,89,1001.8,1
2024-07-20,Ha_Noi,21.0285,105.8542,28.2,87,13.4,75,1002.6,1
2024-07-21,Ha_Noi,21.0285,105.8542,28.7,86,14.5,51,1002.7,1
2024-07-22,Ha_Noi,21.0285,105.8542,28.3,88,11.8,99,1000.2,1
2024-07-23,Ha_Noi,21.0285,105.8542,26.4,93,20.7,100,995.5,1
2024-07-24,Ha_Noi,21.0285,105.8542,27.7,88,15.9,96,993.5,1
2024-07-25,Ha_Noi,21.0285,105.8542,28.0,89,10.1,92,993.1,1
2024-07-26,Ha_Noi,21.0285,105.8542,31.2,78,12.4,72,993.4,0
2024-07-27,Ha_Noi,21.0285,105.8542,31.9,80,16.9,97,996.5,1
2024-07-28,Ha_Noi,21.0285,105.8542,28.3,90,11.6,100,999.4,1
2024-07-29,Ha_Noi,21.0285,105.8542,26.8,92,13.2,100,999.4,1
2024-07-30,Ha_Noi,21.0285,105.8542,27.5,92,11.1,100,999.3,1
2024-07-31,Ha_Noi,21.0285,105.8542,27.8,86,15.5,100,1000.3,1
2024-08-01,Ha_Noi,21.0285,105.8542,28.3,82,20.3,100,1001.1,1
2024-08-02,Ha_Noi,21.0285,105.8542,26.4,90,17.6,93,1001.0,1
2024-08-03,Ha_Noi,21.0285,105.8542,28.4,82,13.7,67,1002.6,1
2024-08-04,Ha_Noi,21.0285,105.8542,28.8,83,10.5,25,1004.2,1
2024-08-05,Ha_Noi,21.0285,105.8542,28.8,85,11.0,54,1003.7,1
2024-08-06,Ha_Noi,21.0285,105.8542,29.2,85,15.6,72,1002.7,1
2024-08-07,Ha_Noi,21.0285,105.8542,30.0,83,15.4,26,1002.9,1
2024-08-08,Ha_Noi,21.0285,105.8542,30.9,79,15.5,19,1002.4,1
2024-08-09,Ha_Noi,21.0285,105.8542,31.7,74,18.4,49,999.8,0
2024-08-10,Ha_Noi,21.0285,105.8542,32.1,72,15.6,72,998.2,0
2024-08-11,Ha_Noi,21.0285,105.8542,29.3,82,16.7,100,999.0,1
2024-08-12,Ha_Noi,21.0285,105.8542,27.9,88,11.2,100,999.8,1
2024-08-13,Ha_Noi,21.0285,105.8542,27.4,90,8.4,100,1002.3,1
2024-08-14,Ha_Noi,21.0285,105.8542,27.6,90,9.5,99,1003.2,1
2024-08-15,Ha_Noi,21.0285,105.8542,27.9,90,7.6,95,1002.3,1
2024-08-16,Ha_Noi,21.0285,105.8542,28.9,85,16.9,84,1002.0,1
2024-08-17,Ha_Noi,21.0285,105.8542,28.3,88,12.1,97,1003.5,1
2024-08-18,Ha_Noi,21.0285,105.8542,28.8,90,9.3,92,1003.3,1
2024-08-19,Ha_Noi,21.0285,105.8542,29.2,87,11.3,100,1001.7,1
2024-08-20,Ha_Noi,21.0285,105.8542,29.2,86,9.0,95,1002.0,1
2024-08-21,Ha_Noi,21.0285,105.8542,28.6,88,12.0,100,1003.5,1
2024-08-22,Ha_Noi,21.0285,105.8542,29.0,85,11.8,100,1004.7,1
2024-08-23,Ha_Noi,21.0285,105.8542,27.0,92,11.7,100,1006.5,1
2024-08-24,Ha_Noi,21.0285,105.8542,27.4,89,14.3,100,1005.8,1
2024-08-25,Ha_Noi,21.0285,105.8542,27.6,86,11.4,99,1004.6,1
2024-08-26,Ha_Noi,21.0285,105.8542,27.8,88,13.7,80,1004.3,1
2024-08-27,Ha_Noi,21.0285,105.8542,28.6,86,13.0,47,1003.8,1
2024-08-28,Ha_Noi,21.0285,105.8542,30.3,81,12.0,40,1002.0,0
2024-08-29,Ha_Noi,21.0285,105.8542,30.1,83,9.1,73,1001.7,1
2024-08-30,Ha_Noi,21.0285,105.8542,28.3,85,12.1,78,1003.1,1
2024-08-31,Ha_Noi,21.0285,105.8542,28.3,86,13.1,76,1004.5,1
2024-09-01,Ha_Noi,21.0285,105.8542,27.8,89,10.4,98,1005.1,1
2024-09-02,Ha_Noi,21.0285,105.8542,28.5,86,12.3,97,1005.5,1
2024-09-03,Ha_Noi,21.0285,105.8542,29.0,84,14.8,76,1004.8,0
2024-09-04,Ha_Noi,21.0285,105.8542,29.7,81,9.7,52,1001.2,0
2024-09-05,Ha_Noi,21.0285,105.8542,30.3,82,16.6,30,999.1,1
2024-09-06,Ha_Noi,21.0285,105.8542,28.5,84,18.9,93,998.1,1
2024-09-07,Ha_Noi,21.0285,105.8542,26.1,90,62.4,100,990.7,1
2024-09-08,Ha_Noi,21.0285,105.8542,27.9,87,36.0,100,996.6,1
2024-09-09,Ha_Noi,21.0285,105.8542,26.7,93,16.9,100,1001.2,1
2024-09-10,Ha_Noi,21.0285,105.8542,25.4,93,14.0,100,1003.9,1
2024-09-11,Ha_Noi,21.0285,105.8542,24.9,94,11.6,100,1005.6,1
2024-09-12,Ha_Noi,21.0285,105.8542,26.1,91,10.1,96,1005.2,1
2024-09-13,Ha_Noi,21.0285,105.8542,27.3,87,10.5,37,1003.0,1
2024-09-14,Ha_Noi,21.0285,105.8542,27.8,86,12.9,93,1000.9,1
2024-09-15,Ha_Noi,21.0285,105.8542,28.3,86,11.2,72,1000.3,1
2024-09-16,Ha_Noi,21.0285,105.8542,27.3,87,16.6,61,1002.6,1
2024-09-17,Ha_Noi,21.0285,105.8542,26.7,89,16.4,88,1003.4,1
2024-09-18,Ha_Noi,21.0285,105.8542,27.3,89,15.8,78,1002.3,1
2024-09-19,Ha_Noi,21.0285,105.8542,27.0,88,19.2,69,1001.0,1
2024-09-20,Ha_Noi,21.0285,105.8542,27.3,89,17.7,95,1001.3,1
2024-09-21,Ha_Noi,21.0285,105.8542,27.5,89,14.4,90,1002.5,1
2024-09-22,Ha_Noi,21.0285,105.8542,25.7,89,20.1,100,1003.9,1
2024-09-23,Ha_Noi,21.0285,105.8542,25.3,75,18.3,95,1007.5,1
2024-09-24,Ha_Noi,21.0285,105.8542,26.0,75,12.2,32,1007.9,0
2024-09-25,Ha_Noi,21.0285,105.8542,25.7,85,8.7,72,1008.8,0
2024-09-26,Ha_Noi,21.0285,105.8542,27.0,79,13.0,46,1008.7,1
2024-09-27,Ha_Noi,21.0285,105.8542,28.2,79,16.9,35,1007.7,1
2024-09-28,Ha_Noi,21.0285,105.8542,28.9,81,17.2,41,1005.4,1
2024-09-29,Ha_Noi,21.0285,105.8542,28.3,87,17.8,90,1004.2,1
2024-09-30,Ha_Noi,21.0285,105.8542,26.6,91,14.9,91,1004.1,1
2024-10-01,Ha_Noi,21.0285,105.8542,26.3,76,23.9,73,1008.1,1
2024-10-02,Ha_Noi,21.0285,105.8542,24.1,62,20.2,55,1013.0,0
2024-10-03,Ha_Noi,21.0285,105.8542,23.5,61,17.7,69,1013.6,0
2024-10-04,Ha_Noi,21.0285,105.8542,23.7,66,12.3,71,1013.0,0
2024-10-05,Ha_Noi,21.0285,105.8542,24.3,69,9.9,7,1012.0,0
2024-10-06,Ha_Noi,21.0285,105.8542,25.1,73,12.7,7,1012.5,0
2024-10-07,Ha_Noi,21.0285,105.8542,26.5,67,15.9,25,1013.4,0
2024-10-08,Ha_Noi,21.0285,105.8542,26.2,65,17.4,8,1012.9,0
2024-10-09,Ha_Noi,21.0285,105.8542,25.9,68,14.9,17,1011.8,0
2024-10-10,Ha_Noi,21.0285,105.8542,25.9,70,10.0,10,1010.9,0
2024-10-11,Ha_Noi,21.0285,105.8542,26.1,72,12.0,31,1010.5,0
2024-10-12,Ha_Noi,21.0285,105.8542,26.3,78,13.3,32,1011.1,1
2024-10-13,Ha_Noi,21.0285,105.8542,26.7,78,13.9,30,1010.8,1
2024-10-14,Ha_Noi,21.0285,105.8542,27.2,78,13.3,31,1009.9,1
2024-10-15,Ha_Noi,21.0285,105.8542,25.9,86,10.7,50,1010.5,1
2024-10-16,Ha_Noi,21.0285,105.8542,26.3,83,10.4,69,1010.9,1
2024-10-17,Ha_Noi,21.0285,105.8542,27.3,81,13.7,68,1009.2,1
2024-10-18,Ha_Noi,21.0285,105.8542,27.7,81,11.8,36,1008.6,1
2024-10-19,Ha_Noi,21.0285,105.8542,27.3,82,11.7,44,1010.9,1
2024-10-20,Ha_Noi,21.0285,105.8542,27.9,76,15.4,68,1012.8,1
2024-10-21,Ha_Noi,21.0285,105.8542,26.3,85,16.0,85,1012.2,1
2024-10-22,Ha_Noi,21.0285,105.8542,27.3,78,21.3,57,1012.4,1
2024-10-23,Ha_Noi,21.0285,105.8542,26.0,54,21.0,49,1013.5,0
2024-10-24,Ha_Noi,21.0285,105.8542,24.1,59,13.8,77,1010.6,0
2024-10-25,Ha_Noi,21.0285,105.8542,23.6,59,11.6,75,1008.0,0
2024-10-26,Ha_Noi,21.0285,105.8542,25.9,44,22.6,94,1006.6,0
2024-10-27,Ha_Noi,21.0285,105.8542,22.0,72,27.1,100,1008.3,1
2024-10-28,Ha_Noi,21.0285,105.8542,21.3,72,20.3,99,1009.6,1
2024-10-29,Ha_Noi,21.0285,105.8542,21.8,77,16.8,80,1009.3,1
2024-10-30,Ha_Noi,21.0285,105.8542,24.2,69,14.6,67,1009.6,0
2024-10-31,Ha_Noi,21.0285,105.8542,25.0,77,9.5,12,1008.1,0
2024-11-01,Ha_Noi,21.0285,105.8542,25.6,61,16.3,15,1010.6,0
2024-11-02,Ha_Noi,21.0285,105.8542,23.8,55,18.5,13,1014.9,0
2024-11-03,Ha_Noi,21.0285,105.8542,23.7,66,13.4,62,1015.0,0
2024-11-04,Ha_Noi,21.0285,105.8542,24.6,63,16.6,98,1015.1,1
2024-11-05,Ha_Noi,21.0285,105.8542,23.7,72,13.9,98,1016.6,1
2024-11-06,Ha_Noi,21.0285,105.8542,23.5,68,13.0,94,1017.1,0
2024-11-07,Ha_Noi,21.0285,105.8542,23.4,65,14.6,25,1016.9,0
2024-11-08,Ha_Noi,21.0285,105.8542,22.6,69,11.0,3,1015.5,0
2024-11-09,Ha_Noi,21.0285,105.8542,22.5,71,7.5,1,1013.2,0
2024-11-10,Ha_Noi,21.0285,105.8542,23.2,68,12.4,2,1013.1,0
2024-11-11,Ha_Noi,21.0285,105.8542,24.9,70,9.0,33,1012.1,0
2024-11-12,Ha_Noi,21.0285,105.8542,25.7,74,12.6,46,1010.3,0
2024-11-13,Ha_Noi,21.0285,105.8542,25.9,77,16.2,32,1008.8,0
2024-11-14,Ha_Noi,21.0285,105.8542,26.7,77,13.9,41,1008.1,1
2024-11-15,Ha_Noi,21.0285,105.8542,27.3,77,14.9,28,1007.2,0
2024-11-16,Ha_Noi,21.0285,105.8542,27.3,78,13.8,36,1008.5,1
2024-11-17,Ha_Noi,21.0285,105.8542,26.9,73,9.7,32,1011.1,0
2024-11-18,Ha_Noi,21.0285,105.8542,24.1,86,14.9,50,1013.9,1
2024-11-19,Ha_Noi,21.0285,105.8542,25.1,63,13.4,22,1015.1,0
2024-11-20,Ha_Noi,21.0285,105.8542,23.6,58,16.5,4,1015.8,0
2024-11-21,Ha_Noi,21.0285,105.8542,22.4,56,13.9,7,1015.9,0
2024-11-22,Ha_Noi,21.0285,105.8542,22.6,55,15.9,78,1016.2,0
2024-11-23,Ha_Noi,21.0285,105.8542,22.3,61,12.3,47,1016.3,0
2024-11-24,Ha_Noi,21.0285,105.8542,22.1,75,8.6,44,1015.2,1
2024-11-25,Ha_Noi,21.0285,105.8542,23.7,77,13.6,58,1014.5,1
2024-11-26,Ha_Noi,21.0285,105.8542,20.2,66,20.9,98,1017.1,1
2024-11-27,Ha_Noi,21.0285,105.8542,19.8,57,18.0,99,1018.9,0
2024-11-28,Ha_Noi,21.0285,105.8542,19.8,49,14.3,56,1021.2,0
2024-11-29,Ha_Noi,21.0285,105.8542,19.2,54,10.5,22,1019.0,0
2024-11-30,Ha_Noi,21.0285,105.8542,19.5,64,11.1,60,1014.4,0
2024-12-01,Ha_Noi,21.0285,105.8542,20.4,72,15.4,84,1010.8,0
2024-12-02,Ha_Noi,21.0285,105.8542,22.1,77,13.1,77,1011.1,0
2024-12-03,Ha_Noi,21.0285,105.8542,22.4,84,12.1,80,1011.6,1
2024-12-04,Ha_Noi,21.0285,105.8542,23.1,77,16.3,54,1011.9,1
2024-12-05,Ha_Noi,21.0285,105.8542,22.9,74,15.0,54,1012.1,0
2024-12-06,Ha_Noi,21.0285,105.8542,21.0,87,18.0,94,1012.1,1
2024-12-07,Ha_Noi,21.0285,105.8542,19.4,68,16.5,96,1015.7,0
2024-12-08,Ha_Noi,21.0285,105.8542,16.8,65,15.6,89,1019.1,1
2024-12-09,Ha_Noi,21.0285,105.8542,17.8,69,10.0,84,1015.9,0
2024-12-10,Ha_Noi,21.0285,105.8542,20.8,81,11.1,85,1011.5,1
2024-12-11,Ha_Noi,21.0285,105.8542,19.4,77,19.8,99,1014.0,1
2024-12-12,Ha_Noi,21.0285,105.8542,16.4,69,14.2,100,1016.1,1
2024-12-13,Ha_Noi,21.0285,105.8542,16.0,62,16.7,100,1019.2,1
2024-12-14,Ha_Noi,21.0285,105.8542,14.6,58,18.9,100,1023.8,1
2024-12-15,Ha_Noi,21.0285,105.8542,14.2,54,15.1,100,1024.3,1
2024-12-16,Ha_Noi,21.0285,105.8542,15.5,62,9.1,61,1021.1,0
2024-12-17,Ha_Noi,21.0285,105.8542,16.3,68,8.1,41,1017.8,0
2024-12-18,Ha_Noi,21.0285,105.8542,18.4,53,14.8,43,1019.0,0
2024-12-19,Ha_Noi,21.0285,105.8542,16.9,54,12.8,44,1019.2,0
2024-12-20,Ha_Noi,21.0285,105.8542,16.2,61,18.8,10,1017.1,0
2024-12-21,Ha_Noi,21.0285,105.8542,16.3,62,11.0,63,1018.1,0
2024-12-22,Ha_Noi,21.0285,105.8542,16.4,59,12.9,62,1018.2,0
2024-12-23,Ha_Noi,21.0285,105.8542,16.1,64,9.1,72,1017.6,0
2024-12-24,Ha_Noi,21.0285,105.8542,17.3,52,14.5,74,1018.9,0
2024-12-25,Ha_Noi,21.0285,105.8542,18.7,61,9.6,58,1017.9,0
2024-12-26,Ha_Noi,21.0285,105.8542,19.8,58,12.6,99,1019.8,0
2024-12-27,Ha_Noi,21.0285,105.8542,17.5,64,13.1,100,1022.1,1
2024-12-28,Ha_Noi,21.0285,105.8542,17.5,52,16.4,43,1023.8,0
2024-12-29,Ha_Noi,21.0285,105.8542,16.2,62,16.5,19,1019.2,0
2024-12-30,Ha_Noi,21.0285,105.8542,17.2,75,7.3,66,1018.1,0
2024-12-31,Ha_Noi,21.0285,105.8542,18.3,67,12.2,57,1018.5,0
2025-01-01,Ha_Noi,21.0285,105.8542,17.6,73,10.7,3,1015.0,0
2025-01-02,Ha_Noi,21.0285,105.8542,18.5,69,10.9,8,1016.1,0
2025-01-03,Ha_Noi,21.0285,105.8542,19.3,64,12.1,28,1017.7,0
2025-01-04,Ha_Noi,21.0285,105.8542,18.3,68,15.1,30,1016.5,0
2025-01-05,Ha_Noi,21.0285,105.8542,18.7,61,10.1,12,1018.1,0
2025-01-06,Ha_Noi,21.0285,105.8542,18.1,67,12.2,2,1015.6,0
2025-01-07,Ha_Noi,21.0285,105.8542,17.8,79,13.3,24,1014.9,0
2025-01-08,Ha_Noi,21.0285,105.8542,18.8,79,14.0,56,1015.7,1
2025-01-09,Ha_Noi,21.0285,105.8542,18.6,57,21.1,97,1019.1,0
2025-01-10,Ha_Noi,21.0285,105.8542,15.8,48,21.2,79,1025.5,0
2025-01-11,Ha_Noi,21.0285,105.8542,14.8,44,18.2,65,1028.1,0
2025-01-12,Ha_Noi,21.0285,105.8542,14.1,47,11.5,18,1024.3,0
2025-01-13,Ha_Noi,21.0285,105.8542,14.7,61,12.6,2,1019.4,0
2025-01-14,Ha_Noi,21.0285,105.8542,16.8,72,12.0,42,1018.7,0
2025-01-15,Ha_Noi,21.0285,105.8542,19.1,56,18.2,71,1022.3,1
2025-01-16,Ha_Noi,21.0285,105.8542,17.8,51,15.6,44,1022.4,0
2025-01-17,Ha_Noi,21.0285,105.8542,16.4,70,16.6,0,1018.7,0
2025-01-18,Ha_Noi,21.0285,105.8542,17.1,72,8.7,72,1016.5,0
2025-01-19,Ha_Noi,21.0285,105.8542,18.3,65,13.3,32,1014.5,0
2025-01-20,Ha_Noi,21.0285,105.8542,18.4,65,11.1,18,1013.1,0
2025-01-21,Ha_Noi,21.0285,105.8542,18.2,69,17.3,15,1012.6,0
2025-01-22,Ha_Noi,21.0285,105.8542,18.7,81,12.2,61,1012.9,0
2025-01-23,Ha_Noi,21.0285,105.8542,19.1,83,14.6,65,1012.0,1
2025-01-24,Ha_Noi,21.0285,105.8542,20.8,85,17.4,67,1008.3,1
2025-01-25,Ha_Noi,21.0285,105.8542,21.3,87,19.3,95,1010.0,1
2025-01-26,Ha_Noi,21.0285,105.8542,14.9,69,26.4,100,1021.4,1
2025-01-27,Ha_Noi,21.0285,105.8542,14.7,49,16.1,69,1021.5,1
2025-01-28,Ha_Noi,21.0285,105.8542,13.5,49,14.2,44,1022.4,1
2025-01-29,Ha_Noi,21.0285,105.8542,13.5,64,8.3,32,1020.8,0
2025-01-30,Ha_Noi,21.0285,105.8542,16.4,74,18.1,48,1013.6,0
2025-01-31,Ha_Noi,21.0285,105.8542,20.1,83,18.3,82,1010.1,1
2025-02-01,Ha_Noi,21.0285,105.8542,20.9,87,18.8,97,1008.4,1
2025-02-02,Ha_Noi,21.0285,105.8542,20.8,83,16.9,94,1009.8,1
2025-02-03,Ha_Noi,21.0285,105.8542,15.6,69,21.2,100,1018.1,1
2025-02-04,Ha_Noi,21.0285,105.8542,15.4,55,15.5,87,1019.8,0
2025-02-05,Ha_Noi,21.0285,105.8542,15.6,81,11.9,89,1014.6,1
2025-02-06,Ha_Noi,21.0285,105.8542,17.4,84,17.4,100,1013.0,1
2025-02-07,Ha_Noi,21.0285,105.8542,14.3,75,17.9,100,1019.3,1
2025-02-08,Ha_Noi,21.0285,105.8542,13.3,64,12.5,100,1022.5,1
2025-02-09,Ha_Noi,21.0285,105.8542,13.5,56,10.0,67,1020.9,0
2025-02-10,Ha_Noi,21.0285,105.8542,14.6,74,12.7,56,1017.7,0
2025-02-11,Ha_Noi,21.0285,105.8542,17.1,82,18.8,55,1014.3,0
2025-02-12,Ha_Noi,21.0285,105.8542,19.6,85,9.0,95,1014.2,1
2025-02-13,Ha_Noi,21.0285,105.8542,19.2,74,15.9,79,1015.3,1
2025-02-14,Ha_Noi,21.0285,105.8542,19.1,81,15.6,92,1012.8,1
2025-02-15,Ha_Noi,21.0285,105.8542,20.8,87,15.5,87,1010.4,1
2025-02-16,Ha_Noi,21.0285,105.8542,17.5,83,14.6,100,1014.3,1
2025-02-17,Ha_Noi,21.0285,105.8542,18.5,82,10.2,97,1016.3,1
2025-02-18,Ha_Noi,21.0285,105.8542,17.1,85,11.8,100,1017.4,1
2025-02-19,Ha_Noi,21.0285,105.8542,17.9,87,10.3,100,1016.3,1
2025-02-20,Ha_Noi,21.0285,105.8542,19.7,87,12.3,99,1016.0,1
2025-02-21,Ha_Noi,21.0285,105.8542,19.6,85,15.5,93,1017.2,1
2025-02-22,Ha_Noi,21.0285,105.8542,19.5,83,12.2,100,1017.8,1
2025-02-23,Ha_Noi,21.0285,105.8542,17.0,77,17.9,100,1022.1,1
2025-02-24,Ha_Noi,21.0285,105.8542,13.8,77,13.5,95,1025.1,1
2025-02-25,Ha_Noi,21.0285,105.8542,14.0,91,9.0,100,1023.1,1
2025-02-26,Ha_Noi,21.0285,105.8542,15.6,86,9.8,85,1020.0,1
2025-02-27,Ha_Noi,21.0285,105.8542,18.2,85,15.5,71,1014.7,0
2025-02-28,Ha_Noi,21.0285,105.8542,20.6,86,18.2,89,1011.9,1
2025-03-01,Ha_Noi,21.0285,105.8542,22.6,85,19.8,80,1008.4,1
2025-03-02,Ha_Noi,21.0285,105.8542,23.6,87,17.8,79,1006.2,1
2025-03-03,Ha_Noi,21.0285,105.8542,24.0,89,16.0,83,1005.3,1
2025-03-04,Ha_Noi,21.0285,105.8542,24.9,88,17.5,76,1004.2,1
2025-03-05,Ha_Noi,21.0285,105.8542,22.7,88,21.3,100,1006.9,1
2025-03-06,Ha_Noi,21.0285,105.8542,15.3,69,22.0,100,1017.2,1
2025-03-07,Ha_Noi,21.0285,105.8542,15.3,63,13.8,88,1018.9,1
2025-03-08,Ha_Noi,21.0285,105.8542,16.2,73,9.9,98,1017.5,0
2025-03-09,Ha_Noi,21.0285,105.8542,17.9,82,9.7,95,1017.6,1
2025-03-10,Ha_Noi,21.0285,105.8542,19.9,86,11.2,77,1016.4,1
2025-03-11,Ha_Noi,21.0285,105.8542,21.0,89,16.6,84,1011.8,1
2025-03-12,Ha_Noi,21.0285,105.8542,23.3,88,16.0,93,1008.6,1
2025-03-13,Ha_Noi,21.0285,105.8542,23.4,91,17.2,97,1008.0,1
2025-03-14,Ha_Noi,21.0285,105.8542,24.4,90,18.1,87,1008.2,1
2025-03-15,Ha_Noi,21.0285,105.8542,23.6,84,20.8,100,1010.4,1
2025-03-16,Ha_Noi,21.0285,105.8542,18.4,60,19.0,70,1017.6,1
2025-03-17,Ha_Noi,21.0285,105.8542,17.6,61,12.0,93,1018.0,0
2025-03-18,Ha_Noi,21.0285,105.8542,17.2,58,15.8,99,1021.3,0
2025-03-19,Ha_Noi,21.0285,105.8542,18.1,56,15.1,70,1022.7,0
2025-03-20,Ha_Noi,21.0285,105.8542,18.3,63,10.9,29,1021.5,0
2025-03-21,Ha_Noi,21.0285,105.8542,19.1,63,11.8,27,1019.4,0
2025-03-22,Ha_Noi,21.0285,105.8542,19.6,72,13.3,32,1016.9,0
2025-03-23,Ha_Noi,21.0285,105.8542,20.9,80,14.3,47,1014.3,0
2025-03-24,Ha_Noi,21.0285,105.8542,22.4,78,15.9,19,1010.8,0
2025-03-25,Ha_Noi,21.0285,105.8542,23.9,78,16.7,21,1005.5,0
2025-03-26,Ha_Noi,21.0285,105.8542,24.1,81,18.6,32,1002.5,0
2025-03-27,Ha_Noi,21.0285,105.8542,25.6,83,18.5,38,999.6,0
2025-03-28,Ha_Noi,21.0285,105.8542,25.5,84,15.1,53,1003.9,1
2025-03-29,Ha_Noi,21.0285,105.8542,17.0,79,22.3,100,1013.3,1
2025-03-30,Ha_Noi,21.0285,105.8542,14.9,69,17.4,100,1018.6,1
2025-03-31,Ha_Noi,21.0285,105.8542,15.2,63,11.3,79,1017.8,0
2025-04-01,Ha_Noi,21.0285,105.8542,17.9,62,8.7,55,1016.6,0
2025-04-02,Ha_Noi,21.0285,105.8542,19.1,73,8.4,79,1016.1,0
2025-04-03,Ha_Noi,21.0285,105.8542,20.2,71,15.9,24,1014.8,0
2025-04-04,Ha_Noi,21.0285,105.8542,21.0,82,20.1,39,1010.6,1
2025-04-05,Ha_Noi,21.0285,105.8542,21.8,84,9.8,100,1011.3,1
2025-04-06,Ha_Noi,21.0285,105.8542,22.9,83,13.0,100,1011.9,1
2025-04-07,Ha_Noi,21.0285,105.8542,22.1,86,12.3,89,1013.0,1
2025-04-08,Ha_Noi,21.0285,105.8542,23.2,88,15.2,80,1012.0,1
2025-04-09,Ha_Noi,21.0285,105.8542,24.8,86,18.7,96,1008.0,1
2025-04-10,Ha_Noi,21.0285,105.8542,24.8,87,17.9,93,1004.4,1
2025-04-11,Ha_Noi,21.0285,105.8542,26.0,84,16.3,78,1002.2,1
2025-04-12,Ha_Noi,21.0285,105.8542,26.2,74,24.8,79,1005.6,1
2025-04-13,Ha_Noi,21.0285,105.8542,22.3,64,14.9,60,1014.5,1
2025-04-14,Ha_Noi,21.0285,105.8542,21.6,71,9.5,97,1012.4,1
2025-04-15,Ha_Noi,21.0285,105.8542,24.1,66,13.3,76,1009.7,0
2025-04-16,Ha_Noi,21.0285,105.8542,24.1,69,20.5,90,1006.1,0
2025-04-17,Ha_Noi,21.0285,105.8542,26.2,80,18.3,60,1003.1,1
2025-04-18,Ha_Noi,21.0285,105.8542,27.7,79,17.6,59,1002.0,1
2025-04-19,Ha_Noi,21.0285,105.8542,29.5,74,18.5,41,1002.2,0
2025-04-20,Ha_Noi,21.0285,105.8542,28.9,77,18.6,35,1003.7,1
2025-04-21,Ha_Noi,21.0285,105.8542,28.7,76,20.6,39,1005.0,0
2025-04-22,Ha_Noi,21.0285,105.8542,29.6,77,20.1,30,1004.0,0
2025-04-23,Ha_Noi,21.0285,105.8542,28.3,83,16.2,81,1002.7,1
2025-04-24,Ha_Noi,21.0285,105.8542,28.0,82,14.9,85,1003.7,1
2025-04-25,Ha_Noi,21.0285,105.8542,25.6,80,14.9,91,1007.9,1
2025-04-26,Ha_Noi,21.0285,105.8542,26.0,86,16.0,91,1008.0,1
2025-04-27,Ha_Noi,21.0285,105.8542,27.5,86,14.9,86,1007.2,1
2025-04-28,Ha_Noi,21.0285,105.8542,25.4,88,15.3,99,1009.1,1
2025-04-29,Ha_Noi,21.0285,105.8542,25.7,87,14.6,87,1009.4,1
2025-04-30,Ha_Noi,21.0285,105.8542,26.4,87,12.2,83,1008.6,1
2025-05-01,Ha_Noi,21.0285,105.8542,25.4,85,11.7,91,1011.0,1
2025-05-02,Ha_Noi,21.0285,105.8542,26.8,79,13.6,33,1007.7,0
2025-05-03,Ha_Noi,21.0285,105.8542,27.3,82,15.1,70,1004.8,0
2025-05-04,Ha_Noi,21.0285,105.8542,28.7,83,19.6,48,1002.3,1
2025-05-05,Ha_Noi,21.0285,105.8542,29.6,80,17.9,28,1001.7,0
2025-05-06,Ha_Noi,21.0285,105.8542,29.1,82,14.9,85,1002.4,1
2025-05-07,Ha_Noi,21.0285,105.8542,29.7,82,16.8,83,1000.9,1
2025-05-08,Ha_Noi,21.0285,105.8542,30.6,79,18.6,75,999.5,1
2025-05-09,Ha_Noi,21.0285,105.8542,28.8,81,23.6,80,1002.7,1
2025-05-10,Ha_Noi,21.0285,105.8542,26.8,85,25.1,97,1006.0,1
2025-05-11,Ha_Noi,21.0285,105.8542,22.7,75,20.3,86,1009.8,1
2025-05-12,Ha_Noi,21.0285,105.8542,23.5,70,13.2,34,1008.0,0
2025-05-13,Ha_Noi,21.0285,105.8542,25.1,78,17.1,22,1007.1,0
2025-05-14,Ha_Noi,21.0285,105.8542,26.5,86,14.8,66,1007.3,1
2025-05-15,Ha_Noi,21.0285,105.8542,26.1,92,14.9,97,1007.3,1
2025-05-16,Ha_Noi,21.0285,105.8542,27.0,92,13.2,99,1005.8,1
2025-05-17,Ha_Noi,21.0285,105.8542,27.7,89,16.7,94,1005.7,1
2025-05-18,Ha_Noi,21.0285,105.8542,27.5,89,10.8,95,1005.7,1
2025-05-19,Ha_Noi,21.0285,105.8542,26.8,90,13.3,100,1004.5,1
2025-05-20,Ha_Noi,21.0285,105.8542,28.8,86,17.9,90,1002.3,1
2025-05-21,Ha_Noi,21.0285,105.8542,29.3,83,15.2,84,1002.5,1
2025-05-22,Ha_Noi,21.0285,105.8542,28.7,85,16.1,99,1001.7,1
2025-05-23,Ha_Noi,21.0285,105.8542,27.2,91,11.7,100,1003.0,1
2025-05-24,Ha_Noi,21.0285,105.8542,23.7,89,19.8,100,1008.5,1
2025-05-25,Ha_Noi,21.0285,105.8542,24.1,71,17.3,91,1011.6,1
2025-05-26,Ha_Noi,21.0285,105.8542,24.2,72,12.9,96,1011.5,0
2025-05-27,Ha_Noi,21.0285,105.8542,24.5,86,7.6,100,1008.8,1
2025-05-28,Ha_Noi,21.0285,105.8542,27.0,86,13.2,82,1005.2,1
2025-05-29,Ha_Noi,21.0285,105.8542,27.0,86,14.4,99,1004.8,1
2025-05-30,Ha_Noi,21.0285,105.8542,26.0,85,14.4,90,1004.7,1
2025-05-31,Ha_Noi,21.0285,105.8542,29.3,81,16.3,87,1001.1,1
2025-06-01,Ha_Noi,21.0285,105.8542,32.0,70,16.1,74,996.6,0
2025-06-02,Ha_Noi,21.0285,105.8542,32.3,66,13.7,90,996.8,1
2025-06-03,Ha_Noi,21.0285,105.8542,28.8,80,14.1,100,1001.4,1
2025-06-04,Ha_Noi,21.0285,105.8542,27.5,88,11.1,95,1004.0,1
2025-06-05,Ha_Noi,21.0285,105.8542,28.5,83,15.1,67,1004.4,1
2025-06-06,Ha_Noi,21.0285,105.8542,29.2,85,14.3,31,1003.1,1
2025-06-07,Ha_Noi,21.0285,105.8542,29.7,85,13.9,74,1002.0,1
2025-06-08,Ha_Noi,21.0285,105.8542,29.3,84,11.8,93,1001.4,1
2025-06-09,Ha_Noi,21.0285,105.8542,28.2,86,10.9,96,1001.6,1
2025-06-10,Ha_Noi,21.0285,105.8542,27.4,85,17.5,78,1002.4,1
2025-06-11,Ha_Noi,21.0285,105.8542,28.7,76,14.6,54,1001.7,1
2025-06-12,Ha_Noi,21.0285,105.8542,29.3,72,21.3,99,1000.6,1
2025-06-13,Ha_Noi,21.0285,105.8542,28.8,78,19.9,100,999.7,1
2025-06-14,Ha_Noi,21.0285,105.8542,30.3,75,13.2,91,998.8,1
2025-06-15,Ha_Noi,21.0285,105.8542,29.1,86,14.5,98,999.8,1
2025-06-16,Ha_Noi,21.0285,105.8542,28.1,86,10.6,98,1001.9,1
2025-06-17,Ha_Noi,21.0285,105.8542,28.8,87,14.1,100,1001.6,1
2025-06-18,Ha_Noi,21.0285,105.8542,30.2,77,17.9,99,1000.7,1
2025-06-19,Ha_Noi,21.0285,105.8542,30.3,79,15.7,100,1000.3,1
2025-06-20,Ha_Noi,21.0285,105.8542,29.7,81,17.5,100,1000.7,1
2025-06-21,Ha_Noi,21.0285,105.8542,27.7,91,11.1,100,1002.2,1
2025-06-22,Ha_Noi,21.0285,105.8542,27.1,90,12.6,98,1003.3,1
2025-06-23,Ha_Noi,21.0285,105.8542,28.6,84,14.3,93,1001.9,1
2025-06-24,Ha_Noi,21.0285,105.8542,28.7,85,15.7,96,1002.2,1
2025-06-25,Ha_Noi,21.0285,105.8542,28.6,84,12.8,60,1004.0,1
2025-06-26,Ha_Noi,21.0285,105.8542,29.1,83,9.0,60,1002.8,1
2025-06-27,Ha_Noi,21.0285,105.8542,26.5,93,13.7,100,1001.7,1
2025-06-28,Ha_Noi,21.0285,105.8542,26.8,90,15.6,100,1001.0,1
2025-06-29,Ha_Noi,21.0285,105.8542,27.2,89,15.7,100,998.8,1
2025-06-30,Ha_Noi,21.0285,105.8542,27.2,91,11.7,100,999.1,1
2025-07-01,Ha_Noi,21.0285,105.8542,27.0,88,14.3,100,1001.5,1
2025-07-02,Ha_Noi,21.0285,105.8542,26.7,88,14.3,97,1003.9,1
2025-07-03,Ha_Noi,21.0285,105.8542,26.5,90,14.8,100,1004.5,1
2025-07-04,Ha_Noi,21.0285,105.8542,27.5,87,7.9,94,1003.1,1
2025-07-05,Ha_Noi,21.0285,105.8542,29.1,79,10.9,72,1001.3,1
2025-07-06,Ha_Noi,21.0285,105.8542,28.6,83,13.5,90,1001.1,1
2025-07-07,Ha_Noi,21.0285,105.8542,28.6,85,10.1,80,1000.2,1
2025-07-08,Ha_Noi,21.0285,105.8542,30.3,79,10.4,82,998.1,1
2025-07-09,Ha_Noi,21.0285,105.8542,30.1,83,16.5,97,996.9,1
2025-07-10,Ha_Noi,21.0285,105.8542,29.4,84,12.4,97,995.9,1
2025-07-11,Ha_Noi,21.0285,105.8542,27.4,90,13.7,100,997.5,1
2025-07-12,Ha_Noi,21.0285,105.8542,27.1,89,11.2,100,1001.6,1
2025-07-13,Ha_Noi,21.0285,105.8542,28.4,86,11.2,97,1002.8,1
2025-07-14,Ha_Noi,21.0285,105.8542,28.5,88,8.8,90,1001.4,1
2025-07-15,Ha_Noi,21.0285,105.8542,29.4,82,11.1,75,999.4,1
2025-07-16,Ha_Noi,21.0285,105.8542,29.6,85,11.5,98,999.7,1
2025-07-17,Ha_Noi,21.0285,105.8542,30.6,79,10.3,46,1000.1,1
2025-07-18,Ha_Noi,21.0285,105.8542,31.5,74,10.1,90,997.5,0
2025-07-19,Ha_Noi,21.0285,105.8542,29.4,83,10.1,99,994.9,1
2025-07-20,Ha_Noi,21.0285,105.8542,28.5,86,15.1,100,994.1,1
2025-07-21,Ha_Noi,21.0285,105.8542,27.9,89,29.3,100,991.5,1
2025-07-22,Ha_Noi,21.0285,105.8542,27.5,84,32.0,100,988.9,1
2025-07-23,Ha_Noi,21.0285,105.8542,27.5,86,17.1,99,995.7,1
2025-07-24,Ha_Noi,21.0285,105.8542,27.3,89,13.7,100,998.9,1
2025-07-25,Ha_Noi,21.0285,105.8542,27.5,90,8.7,100,999.2,1
2025-07-26,Ha_Noi,21.0285,105.8542,28.4,87,11.7,70,998.9,1
2025-07-27,Ha_Noi,21.0285,105.8542,28.7,85,13.3,78,998.3,1
2025-07-28,Ha_Noi,21.0285,105.8542,29.7,81,11.9,43,996.7,1
2025-07-29,Ha_Noi,21.0285,105.8542,31.1,78,8.8,80,994.9,0
2025-07-30,Ha_Noi,21.0285,105.8542,31.6,77,8.1,100,994.7,1
2025-07-31,Ha_Noi,21.0285,105.8542,30.0,84,18.5,99,995.1,1
2025-08-01,Ha_Noi,21.0285,105.8542,28.5,85,13.5,91,996.6,1
2025-08-02,Ha_Noi,21.0285,105.8542,30.0,83,14.6,87,998.1,1
2025-08-03,Ha_Noi,21.0285,105.8542,31.7,75,13.9,94,997.3,0
2025-08-04,Ha_Noi,21.0285,105.8542,32.4,69,12.5,100,997.1,0
2025-08-05,Ha_Noi,21.0285,105.8542,29.5,87,14.1,100,998.9,1
2025-08-06,Ha_Noi,21.0285,105.8542,28.0,92,9.4,100,1000.7,1
2025-08-07,Ha_Noi,21.0285,105.8542,28.9,86,11.9,99,1003.0,1
2025-08-08,Ha_Noi,21.0285,105.8542,30.8,77,16.8,52,1003.3,1
2025-08-09,Ha_Noi,21.0285,105.8542,31.4,74,15.7,76,1002.1,0
2025-08-10,Ha_Noi,21.0285,105.8542,30.6,81,12.7,95,1001.9,1
2025-08-11,Ha_Noi,21.0285,105.8542,30.2,82,13.4,92,1001.9,1
2025-08-12,Ha_Noi,21.0285,105.8542,29.8,82,12.1,96,1002.6,1
2025-08-13,Ha_Noi,21.0285,105.8542,29.3,82,7.8,95,1003.7,1
2025-08-14,Ha_Noi,21.0285,105.8542,29.7,84,9.5,99,1001.7,1
2025-08-15,Ha_Noi,21.0285,105.8542,26.6,89,16.0,95,1002.6,1
2025-08-16,Ha_Noi,21.0285,105.8542,25.6,90,11.0,96,1005.3,1
2025-08-17,Ha_Noi,21.0285,105.8542,26.7,87,16.1,95,1005.4,1
2025-08-18,Ha_Noi,21.0285,105.8542,26.3,89,17.3,100,1003.8,1
2025-08-19,Ha_Noi,21.0285,105.8542,26.4,91,12.9,100,1003.4,1
2025-08-20,Ha_Noi,21.0285,105.8542,28.7,84,16.9,100,1003.9,1
2025-08-21,Ha_Noi,21.0285,105.8542,27.8,89,16.5,100,1005.4,1
2025-08-22,Ha_Noi,21.0285,105.8542,28.7,83,15.2,100,1005.3,1
2025-08-23,Ha_Noi,21.0285,105.8542,27.8,86,11.3,90,1005.5,1
2025-08-24,Ha_Noi,21.0285,105.8542,27.6,87,14.9,66,1004.5,1
2025-08-25,Ha_Noi,21.0285,105.8542,25.9,88,24.0,99,1002.8,1
2025-08-26,Ha_Noi,21.0285,105.8542,24.8,95,23.3,100,1004.8,1
2025-08-27,Ha_Noi,21.0285,105.8542,25.2,93,7.0,95,1005.7,1
2025-08-28,Ha_Noi,21.0285,105.8542,26.9,87,13.0,45,1005.2,1
2025-08-29,Ha_Noi,21.0285,105.8542,26.7,87,19.3,74,1006.2,1
2025-08-30,Ha_Noi,21.0285,105.8542,26.5,89,21.4,96,1005.5,1
2025-08-31,Ha_Noi,21.0285,105.8542,26.1,91,10.2,96,1005.9,1
2025-09-01,Ha_Noi,21.0285,105.8542,27.0,88,10.1,98,1004.8,1
2025-09-02,Ha_Noi,21.0285,105.8542,27.9,85,13.8,80,1004.5,1
2025-09-03,Ha_Noi,21.0285,105.8542,28.7,82,12.8,32,1004.6,1
2025-09-04,Ha_Noi,21.0285,105.8542,29.1,80,11.5,11,1004.2,0
2025-09-05,Ha_Noi,21.0285,105.8542,29.5,80,11.8,55,1004.5,0
2025-09-06,Ha_Noi,21.0285,105.8542,29.1,83,12.6,84,1005.3,1
2025-09-07,Ha_Noi,21.0285,105.8542,29.7,76,6.9,49,1003.7,1
2025-09-08,Ha_Noi,21.0285,105.8542,30.5,73,14.0,82,1002.4,1
2025-09-09,Ha_Noi,21.0285,105.8542,28.5,86,11.7,96,1003.8,1
2025-09-10,Ha_Noi,21.0285,105.8542,28.1,88,6.9,98,1005.2,1
2025-09-11,Ha_Noi,21.0285,105.8542,27.3,89,11.9,97,1006.2,1
2025-09-12,Ha_Noi,21.0285,105.8542,27.1,90,16.0,84,1007.2,1
2025-09-13,Ha_Noi,21.0285,105.8542,28.4,83,12.2,92,1007.6,1
2025-09-14,Ha_Noi,21.0285,105.8542,28.0,84,10.2,92,1007.6,1
2025-09-15,Ha_Noi,21.0285,105.8542,27.2,86,11.6,91,1008.1,1
2025-09-16,Ha_Noi,21.0285,105.8542,27.8,82,11.0,59,1008.0,1
2025-09-17,Ha_Noi,21.0285,105.8542,27.0,87,15.6,78,1006.8,1
2025-09-18,Ha_Noi,21.0285,105.8542,26.6,89,11.1,99,1006.7,1
2025-09-19,Ha_Noi,21.0285,105.8542,27.6,85,10.9,68,1006.3,1
2025-09-20,Ha_Noi,21.0285,105.8542,29.5,77,11.7,39,1004.4,0
2025-09-21,Ha_Noi,21.0285,105.8542,28.8,82,11.2,65,1003.7,1
2025-09-22,Ha_Noi,21.0285,105.8542,26.8,87,10.7,91,1005.3,1
2025-09-23,Ha_Noi,21.0285,105.8542,27.9,80,10.9,45,1003.4,1
2025-09-24,Ha_Noi,21.0285,105.8542,28.9,72,21.7,79,1000.5,1
2025-09-25,Ha_Noi,21.0285,105.8542,25.9,83,21.3,98,1001.0,1
2025-09-26,Ha_Noi,21.0285,105.8542,25.6,89,9.2,100,1007.9,1
2025-09-27,Ha_Noi,21.0285,105.8542,27.1,86,12.9,98,1009.7,1
2025-09-28,Ha_Noi,21.0285,105.8542,26.4,87,20.1,89,1006.4,1
2025-09-29,Ha_Noi,21.0285,105.8542,24.6,94,34.4,100,1004.0,1
2025-09-30,Ha_Noi,21.0285,105.8542,25.2,94,17.9,100,1007.9,1
2025-10-01,Ha_Noi,21.0285,105.8542,26.5,89,12.5,98,1009.3,1
2025-10-02,Ha_Noi,21.0285,105.8542,27.9,81,10.5,54,1009.1,1
2025-10-03,Ha_Noi,21.0285,105.8542,27.9,80,12.9,3,1008.8,0
2025-10-04,Ha_Noi,21.0285,105.8542,27.8,86,8.9,43,1008.4,1
2025-10-05,Ha_Noi,21.0285,105.8542,28.5,84,12.4,98,1004.3,1
2025-10-06,Ha_Noi,21.0285,105.8542,25.6,90,25.0,100,1002.5,1
2025-10-07,Ha_Noi,21.0285,105.8542,24.4,97,14.9,100,1009.3,1
2025-10-08,Ha_Noi,21.0285,105.8542,26.3,85,9.7,78,1010.8,1
2025-10-09,Ha_Noi,21.0285,105.8542,27.0,83,8.8,37,1010.0,1
2025-10-10,Ha_Noi,21.0285,105.8542,27.5,82,9.9,29,1009.3,1
2025-10-11,Ha_Noi,21.0285,105.8542,26.4,89,8.3,87,1008.7,1
2025-10-12,Ha_Noi,21.0285,105.8542,27.6,83,9.1,22,1008.0,1
2025-10-13,Ha_Noi,21.0285,105.8542,26.5,89,9.7,82,1008.8,1
2025-10-14,Ha_Noi,21.0285,105.8542,25.1,93,12.5,100,1009.2,1
2025-10-15,Ha_Noi,21.0285,105.8542,25.6,89,12.1,98,1009.9,1
2025-10-16,Ha_Noi,21.0285,105.8542,26.1,87,11.3,60,1011.4,1
2025-10-17,Ha_Noi,21.0285,105.8542,27.2,80,8.2,23,1011.5,1
2025-10-18,Ha_Noi,21.0285,105.8542,27.3,79,8.1,8,1010.7,1
2025-10-19,Ha_Noi,21.0285,105.8542,26.4,86,13.4,38,1010.6,1
2025-10-20,Ha_Noi,21.0285,105.8542,25.8,71,19.3,9,1011.6,1
2025-10-21,Ha_Noi,21.0285,105.8542,24.3,60,25.2,23,1013.8,0
2025-10-22,Ha_Noi,21.0285,105.8542,22.4,56,20.8,100,1015.8,0
2025-10-23,Ha_Noi,21.0285,105.8542,19.7,65,19.4,100,1017.5,1
2025-10-24,Ha_Noi,21.0285,105.8542,20.0,77,12.4,97,1016.8,1
2025-10-25,Ha_Noi,21.0285,105.8542,22.1,72,11.0,79,1014.9,0
2025-10-26,Ha_Noi,21.0285,105.8542,23.9,70,13.1,70,1014.6,0
2025-10-27,Ha_Noi,21.0285,105.8542,23.5,67,14.5,86,1015.1,0
2025-10-28,Ha_Noi,21.0285,105.8542,23.7,66,13.6,99,1014.8,0
2025-10-29,Ha_Noi,21.0285,105.8542,23.8,69,11.1,85,1013.6,0
2025-10-30,Ha_Noi,21.0285,105.8542,23.9,83,11.5,100,1013.6,1
2025-10-31,Ha_Noi,21.0285,105.8542,23.5,85,13.8,100,1014.3,1
2025-11-01,Ha_Noi,21.0285,105.8542,21.0,84,15.9,100,1015.4,1
2025-11-02,Ha_Noi,21.0285,105.8542,20.3,82,15.1,100,1015.9,1
2025-11-03,Ha_Noi,21.0285,105.8542,19.5,78,15.7,100,1016.0,1
2025-11-04,Ha_Noi,21.0285,105.8542,19.3,78,17.5,100,1015.3,1
2025-11-05,Ha_Noi,21.0285,105.8542,20.8,78,10.4,100,1012.3,1
2025-11-06,Ha_Noi,21.0285,105.8542,22.0,86,7.9,60,1010.6,0
2025-11-07,Ha_Noi,21.0285,105.8542,23.2,89,12.6,100,1009.7,1
2025-11-08,Ha_Noi,21.0285,105.8542,24.8,90,17.5,70,1010.6,1
2025-11-09,Ha_Noi,21.0285,105.8542,24.6,92,12.4,78,1010.1,1
2025-11-10,Ha_Noi,21.0285,105.8542,24.5,81,13.1,91,1008.9,1
2025-11-11,Ha_Noi,21.0285,105.8542,22.7,75,13.9,99,1010.1,1
2025-11-12,Ha_Noi,21.0285,105.8542,22.3,66,12.6,88,1013.3,0
2025-11-13,Ha_Noi,21.0285,105.8542,22.2,64,12.5,35,1015.7,0
2025-11-14,Ha_Noi,21.0285,105.8542,20.8,67,11.7,7,1015.7,0
2025-11-15,Ha_Noi,21.0285,105.8542,21.1,75,12.6,4,1017.2,0
2025-11-16,Ha_Noi,21.0285,105.8542,22.2,79,9.7,76,1017.7,1
2025-11-17,Ha_Noi,21.0285,105.8542,22.7,85,10.2,97,1017.5,1
2025-11-18,Ha_Noi,21.0285,105.8542,17.8,90,24.7,100,1021.7,1
2025-11-19,Ha_Noi,21.0285,105.8542,14.6,72,21.1,90,1025.4,1
2025-11-20,Ha_Noi,21.0285,105.8542,16.9,64,16.2,5,1022.7,0
2025-11-21,Ha_Noi,21.0285,105.8542,18.4,59,15.5,7,1021.8,0
2025-11-22,Ha_Noi,21.0285,105.8542,19.0,60,10.2,27,1019.1,0
2025-11-23,Ha_Noi,21.0285,105.8542,20.4,67,9.2,35,1017.4,0
2025-11-24,Ha_Noi,21.0285,105.8542,19.9,69,13.3,12,1018.0,0
2025-11-25,Ha_Noi,21.0285,105.8542,19.5,57,17.9,16,1019.1,0
2025-11-26,Ha_Noi,21.0285,105.8542,17.7,62,13.9,24,1018.3,0
2025-11-27,Ha_Noi,21.0285,105.8542,18.1,55,18.8,46,1021.3,0
2025-11-28,Ha_Noi,21.0285,105.8542,17.0,62,10.3,49,1016.9,0
2025-11-29,Ha_Noi,21.0285,105.8542,16.5,74,7.1,0,1013.5,0
2025-11-30,Ha_Noi,21.0285,105.8542,18.7,75,8.0,24,1011.9,0
2025-12-01,Ha_Noi,21.0285,105.8542,20.0,86,10.3,59,1012.2,1
2025-12-02,Ha_Noi,21.0285,105.8542,22.5,84,8.6,63,1011.3,1
2025-12-03,Ha_Noi,21.0285,105.8542,21.3,77,20.1,89,1016.6,1
2025-12-04,Ha_Noi,21.0285,105.8542,20.3,70,8.6,84,1017.5,1
2025-12-05,Ha_Noi,21.0285,105.8542,19.5,79,12.4,100,1018.7,1
2025-12-06,Ha_Noi,21.0285,105.8542,20.0,75,13.7,75,1016.8,1
2025-12-07,Ha_Noi,21.0285,105.8542,21.3,82,9.0,62,1016.4,1
2025-12-08,Ha_Noi,21.0285,105.8542,21.1,74,13.8,48,1018.0,1
2025-12-09,Ha_Noi,21.0285,105.8542,20.4,76,10.8,39,1016.7,0
2025-12-10,Ha_Noi,21.0285,105.8542,21.2,76,9.7,28,1015.6,0
2025-12-11,Ha_Noi,21.0285,105.8542,21.2,79,7.6,94,1015.7,1
2025-12-12,Ha_Noi,21.0285,105.8542,21.8,83,9.7,88,1013.3,1
2025-12-13,Ha_Noi,21.0285,105.8542,20.7,84,22.9,95,1016.6,1
2025-12-14,Ha_Noi,21.0285,105.8542,17.9,61,14.4,60,1020.1,0
2025-12-15,Ha_Noi,21.0285,105.8542,17.9,74,11.7,25,1017.3,0
2025-12-16,Ha_Noi,21.0285,105.8542,18.9,81,6.5,92,1016.2,0
2025-12-17,Ha_Noi,21.0285,105.8542,20.4,81,11.4,68,1018.2,1
2025-12-18,Ha_Noi,21.0285,105.8542,20.2,75,9.4,18,1016.6,0
2025-12-19,Ha_Noi,21.0285,105.8542,19.9,83,13.9,26,1012.7,0
2025-12-20,Ha_Noi,21.0285,105.8542,21.6,85,10.3,58,1013.3,1
2025-12-21,Ha_Noi,21.0285,105.8542,21.3,83,11.6,44,1015.5,1
2025-12-22,Ha_Noi,21.0285,105.8542,21.3,85,15.7,32,1013.2,1
2025-12-23,Ha_Noi,21.0285,105.8542,22.4,85,16.7,72,1011.6,1
2025-12-24,Ha_Noi,21.0285,105.8542,22.4,85,18.3,75,1011.1,1
2025-12-25,Ha_Noi,21.0285,105.8542,17.4,60,24.5,96,1018.2,1
2025-12-26,Ha_Noi,21.0285,105.8542,16.0,54,12.8,16,1018.5,0
2025-12-27,Ha_Noi,21.0285,105.8542,15.6,67,9.9,26,1017.8,0
2025-12-28,Ha_Noi,21.0285,105.8542,17.3,70,6.9,76,1016.5,0
2025-12-29,Ha_Noi,21.0285,105.8542,19.7,76,14.3,83,1013.4,0
2025-12-30,Ha_Noi,21.0285,105.8542,20.4,80,14.9,79,1012.4,1
2025-12-31,Ha_Noi,21.0285,105.8542,20.5,85,17.2,77,1009.5,1
2026-01-01,Ha_Noi,21.0285,105.8542,19.4,87,19.6,91,1013.6,1
2026-01-02,Ha_Noi,21.0285,105.8542,15.9,72,15.5,100,1020.1,1
2026-01-03,Ha_Noi,21.0285,105.8542,16.1,70,10.5,97,1020.3,0
2026-01-04,Ha_Noi,21.0285,105.8542,17.4,82,12.4,92,1017.7,1
2026-01-05,Ha_Noi,21.0285,105.8542,15.8,77,19.3,100,1019.7,1
2026-01-06,Ha_Noi,21.0285,105.8542,13.9,68,16.7,99,1024.0,1
2026-01-07,Ha_Noi,21.0285,105.8542,14.5,67,13.6,3,1024.1,0
2026-01-08,Ha_Noi,21.0285,105.8542,14.6,64,10.2,19,1023.8,0
2026-01-09,Ha_Noi,21.0285,105.8542,14.7,69,9.5,61,1020.5,0
2026-01-10,Ha_Noi,21.0285,105.8542,15.3,73,6.9,14,1018.5,0
2026-01-11,Ha_Noi,21.0285,105.8542,16.7,66,10.1,28,1020.7,0
2026-01-12,Ha_Noi,21.0285,105.8542,17.1,76,8.9,33,1018.2,0
2026-01-13,Ha_Noi,21.0285,105.8542,17.8,73,12.0,8,1017.0,0
2026-01-14,Ha_Noi,21.0285,105.8542,18.7,78,14.0,30,1013.7,0
2026-01-15,Ha_Noi,21.0285,105.8542,19.4,84,8.5,80,1013.8,1
2026-01-16,Ha_Noi,21.0285,105.8542,20.8,84,13.4,70,1010.3,1
2026-01-17,Ha_Noi,21.0285,105.8542,20.0,92,14.7,68,1009.9,1
2026-01-18,Ha_Noi,21.0285,105.8542,20.8,85,18.3,64,1009.1,1
2026-01-19,Ha_Noi,21.0285,105.8542,21.5,84,18.0,73,1009.6,1
2026-01-20,Ha_Noi,21.0285,105.8542,21.8,85,17.0,61,1012.0,1
2026-01-21,Ha_Noi,21.0285,105.8542,16.4,75,19.2,100,1017.1,1
2026-01-22,Ha_Noi,21.0285,105.8542,11.0,76,16.7,100,1022.3,1
2026-01-23,Ha_Noi,21.0285,105.8542,12.3,70,9.6,91,1022.2,0
2026-01-24,Ha_Noi,21.0285,105.8542,13.7,78,7.6,99,1019.8,0
2026-01-25,Ha_Noi,21.0285,105.8542,17.4,84,11.0,75,1015.3,0
2026-01-26,Ha_Noi,21.0285,105.8542,18.6,92,8.8,81,1016.9,1
2026-01-27,Ha_Noi,21.0285,105.8542,19.8,82,10.5,75,1017.5,1
2026-01-28,Ha_Noi,21.0285,105.8542,19.0,76,16.2,35,1017.4,0
2026-01-29,Ha_Noi,21.0285,105.8542,19.8,84,18.0,68,1014.3,1
2026-01-30,Ha_Noi,21.0285,105.8542,21.1,86,15.4,62,1014.9,1
2026-01-31,Ha_Noi,21.0285,105.8542,19.0,77,19.9,76,1018.5,1
2026-02-01,Ha_Noi,21.0285,105.8542,17.6,67,12.2,74,1020.0,0
2026-02-02,Ha_Noi,21.0285,105.8542,16.0,71,13.7,74,1021.9,1
2026-02-03,Ha_Noi,21.0285,105.8542,16.8,75,10.2,70,1020.5,0
2026-02-04,Ha_Noi,21.0285,105.8542,18.5,84,12.8,46,1015.5,1
2026-02-05,Ha_Noi,21.0285,105.8542,20.9,86,12.9,81,1012.1,1
2026-02-06,Ha_Noi,21.0285,105.8542,22.5,86,15.4,80,1011.4,1
2026-02-07,Ha_Noi,21.0285,105.8542,22.0,84,15.7,86,1013.6,1
2026-02-08,Ha_Noi,21.0285,105.8542,15.0,89,25.1,100,1020.1,1
2026-02-09,Ha_Noi,21.0285,105.8542,13.3,88,10.9,90,1018.7,1
2026-02-10,Ha_Noi,21.0285,105.8542,17.4,83,8.8,97,1016.1,0
2026-02-11,Ha_Noi,21.0285,105.8542,18.2,86,11.7,100,1017.8,1
2026-02-12,Ha_Noi,21.0285,105.8542,19.5,85,12.2,88,1015.2,1
2026-02-13,Ha_Noi,21.0285,105.8542,21.7,85,14.7,80,1012.9,1
2026-02-14,Ha_Noi,21.0285,105.8542,22.2,83,14.5,72,1012.5,1
2026-02-15,Ha_Noi,21.0285,105.8542,23.0,80,17.5,55,1011.3,1
2026-02-16,Ha_Noi,21.0285,105.8542,23.3,79,14.1,64,1011.5,1
2026-02-17,Ha_Noi,21.0285,105.8542,22.2,84,13.7,79,1014.5,1
2026-02-18,Ha_Noi,21.0285,105.8542,19.1,79,12.9,100,1018.1,1
2026-02-19,Ha_Noi,21.0285,105.8542,19.7,78,11.8,99,1019.2,1
2026-02-20,Ha_Noi,21.0285,105.8542,19.8,76,15.8,70,1017.0,1
2026-02-21,Ha_Noi,21.0285,105.8542,21.4,83,17.9,62,1007.9,1
2026-02-22,Ha_Noi,21.0285,105.8542,22.1,89,15.1,97,1007.3,1
2026-02-23,Ha_Noi,21.0285,105.8542,23.2,84,18.1,93,1007.7,1
2026-02-24,Ha_Noi,21.0285,105.8542,23.0,89,14.6,96,1009.2,1
2026-02-25,Ha_Noi,21.0285,105.8542,23.1,87,14.8,85,1009.9,1
2026-02-26,Ha_Noi,21.0285,105.8542,21.8,91,13.7,77,1007.4,1
2026-02-27,Ha_Noi,21.0285,105.8542,23.6,84,17.4,45,1004.5,1
2026-02-28,Ha_Noi,21.0285,105.8542,25.3,86,19.8,75,1002.9,1
2026-03-01,Ha_Noi,21.0285,105.8542,26.0,84,18.0,60,1002.9,1
2026-03-02,Ha_Noi,21.0285,105.8542,26.1,86,16.0,56,1004.9,1
2026-03-03,Ha_Noi,21.0285,105.8542,21.8,70,19.1,90,1010.7,1
2026-03-04,Ha_Noi,21.0285,105.8542,19.5,65,15.0,61,1014.3,0
2026-03-05,Ha_Noi,21.0285,105.8542,20.0,78,7.9,79,1013.6,0
2026-03-06,Ha_Noi,21.0285,105.8542,21.4,78,13.1,84,1014.5,0
2026-03-07,Ha_Noi,21.0285,105.8542,21.2,80,16.2,67,1014.7,1
2026-03-08,Ha_Noi,21.0285,105.8542,21.7,83,19.8,97,1014.5,1
2026-03-09,Ha_Noi,21.0285,105.8542,20.0,81,24.9,99,1018.7,1
2026-03-10,Ha_Noi,21.0285,105.8542,18.9,60,16.4,46,1020.4,0
2026-03-11,Ha_Noi,21.0285,105.8542,18.8,78,5.8,78,1016.7,0
2026-03-12,Ha_Noi,21.0285,105.8542,20.3,75,11.2,72,1016.1,0
2026-03-13,Ha_Noi,21.0285,105.8542,20.5,72,15.9,44,1017.4,1
2026-03-14,Ha_Noi,21.0285,105.8542,20.9,76,15.2,84,1017.6,1
2026-03-15,Ha_Noi,21.0285,105.8542,21.4,81,15.8,66,1016.5,1
2026-03-16,Ha_Noi,21.0285,105.8542,22.2,81,18.1,40,1013.1,1
2026-03-17,Ha_Noi,21.0285,105.8542,22.9,81,21.6,44,1010.9,1
2026-03-18,Ha_Noi,21.0285,105.8542,23.5,84,18.0,43,1010.9,1
2026-03-19,Ha_Noi,21.0285,105.8542,24.0,83,19.4,54,1009.4,1
2026-03-20,Ha_Noi,21.0285,105.8542,24.2,85,18.1,97,1009.7,1
2026-03-21,Ha_Noi,21.0285,105.8542,23.7,83,18.7,95,1011.6,1
2026-03-22,Ha_Noi,21.0285,105.8542,24.3,82,19.6,73,1010.3,1
2026-03-23,Ha_Noi,21.0285,105.8542,24.6,84,19.2,82,1009.0,1
2026-03-24,Ha_Noi,21.0285,105.8542,25.3,83,17.3,72,1007.9,1
2026-03-25,Ha_Noi,21.0285,105.8542,25.5,80,19.1,67,1008.4,1
2026-03-26,Ha_Noi,21.0285,105.8542,26.0,83,17.4,69,1006.7,1
2026-03-27,Ha_Noi,21.0285,105.8542,25.6,85,17.6,82,1005.9,1
2026-03-28,Ha_Noi,21.0285,105.8542,26.0,84,15.5,78,1006.1,1
2026-03-29,Ha_Noi,21.0285,105.8542,26.4,85,24.6,57,1005.0,1
2026-03-30,Ha_Noi,21.0285,105.8542,27.6,81,18.2,46,1003.5,1
2026-03-31,Ha_Noi,21.0285,105.8542,28.9,73,27.5,13,1003.4,0
2026-04-01,Ha_Noi,21.0285,105.8542,24.9,72,15.7,60,1008.9,1
2026-04-02,Ha_Noi,21.0285,105.8542,25.2,83,19.0,64,1007.0,1
2026-04-03,Ha_Noi,21.0285,105.8542,27.7,82,13.5,44,1002.5,1
2026-04-04,Ha_Noi,21.0285,105.8542,26.7,76,17.8,58,1003.1,0
2026-04-05,Ha_Noi,21.0285,105.8542,27.3,80,16.6,55,1000.4,1
2026-04-06,Ha_Noi,21.0285,105.8542,30.4,72,15.5,29,999.6,0
2026-04-07,Ha_Noi,21.0285,105.8542,31.1,66,13.2,17,1000.7,0
2026-04-08,Ha_Noi,21.0285,105.8542,29.8,75,16.7,24,1002.2,0
2026-04-09,Ha_Noi,21.0285,105.8542,29.2,78,16.6,13,1003.0,1
2026-04-10,Ha_Noi,21.0285,105.8542,29.3,79,12.9,3,1001.7,0
2026-04-11,Ha_Noi,21.0285,105.8542,29.7,71,12.0,8,999.9,0
2026-04-12,Ha_Noi,21.0285,105.8542,29.2,71,12.7,2,999.8,0
2026-04-13,Ha_Noi,21.0285,105.8542,29.0,82,15.8,3,1002.5,0
2026-04-14,Ha_Noi,21.0285,105.8542,28.8,84,17.3,11,1003.4,0
2026-04-15,Ha_Noi,21.0285,105.8542,28.6,84,19.6,28,1002.8,1
2026-04-16,Ha_Noi,21.0285,105.8542,28.3,84,18.9,44,1004.1,1
2026-04-17,Ha_Noi,21.0285,105.8542,25.5,91,20.2,88,1007.2,1
2026-04-18,Ha_Noi,21.0285,105.8542,25.2,87,15.1,80,1008.7,1
2026-04-19,Ha_Noi,21.0285,105.8542,25.7,84,15.9,76,1007.3,1
2026-04-20,Ha_Noi,21.0285,105.8542,26.0,85,17.9,69,1005.5,1
2026-04-21,Ha_Noi,21.0285,105.8542,27.6,82,20.2,46,1003.1,1
2026-04-22,Ha_Noi,21.0285,105.8542,28.7,82,23.4,28,1001.8,1
2026-04-23,Ha_Noi,21.0285,105.8542,24.5,83,22.9,90,1005.6,1
2026-04-24,Ha_Noi,21.0285,105.8542,24.6,81,9.9,91,1009.3,1
2026-04-25,Ha_Noi,21.0285,105.8542,25.6,78,12.0,44,1011.4,1
2026-04-26,Ha_Noi,21.0285,105.8542,25.3,83,13.7,84,1009.0,1
2026-04-27,Ha_Noi,21.0285,105.8542,26.6,82,19.1,45,1005.4,1
2026-04-28,Ha_Noi,21.0285,105.8542,27.6,83,16.2,64,1003.6,1
2026-04-29,Ha_Noi,21.0285,105.8542,24.7,71,22.4,88,1009.6,1
2026-04-30,Ha_Noi,21.0285,105.8542,23.3,65,12.3,41,1013.0,0
2026-05-01,Ha_Noi,21.0285,105.8542,24.1,78,15.6,65,1009.5,0
2026-05-02,Ha_Noi,21.0285,105.8542,25.5,87,21.7,92,1006.4,1
2026-05-03,Ha_Noi,21.0285,105.8542,24.9,88,16.8,82,1008.0,1
2026-05-04,Ha_Noi,21.0285,105.8542,23.4,74,17.4,61,1012.7,1
2026-05-05,Ha_Noi,21.0285,105.8542,25.0,79,14.9,27,1009.6,0
2026-05-06,Ha_Noi,21.0285,105.8542,26.7,81,18.9,44,1006.1,1
2026-05-07,Ha_Noi,21.0285,105.8542,26.7,89,13.9,69,1006.7,1
2026-05-08,Ha_Noi,21.0285,105.8542,25.8,86,11.9,87,1010.0,1
2026-05-09,Ha_Noi,21.0285,105.8542,25.0,80,12.4,87,1011.7,1
2026-05-10,Ha_Noi,21.0285,105.8542,24.5,81,10.7,88,1011.3,1
2026-05-11,Ha_Noi,21.0285,105.8542,26.6,82,12.5,70,1009.1,1
2026-05-12,Ha_Noi,21.0285,105.8542,27.4,86,16.0,84,1005.2,1
2026-05-13,Ha_Noi,21.0285,105.8542,28.6,84,16.9,42,1001.2,1
2026-05-14,Ha_Noi,21.0285,105.8542,30.4,75,14.7,48,999.3,0
2026-05-15,Ha_Noi,21.0285,105.8542,30.5,74,12.6,67,999.7,0
2026-05-16,Ha_Noi,21.0285,105.8542,28.2,89,15.4,96,1001.1,1
2026-05-17,Ha_Noi,21.0285,105.8542,26.9,92,15.8,99,1002.5,1
2026-05-18,Ha_Noi,21.0285,105.8542,27.0,92,12.2,94,1002.3,1
2026-05-19,Ha_Noi,21.0285,105.8542,27.3,90,15.7,98,1001.4,1
