date,destination,latitude,longitude,temp,humidity,wind_speed,cloud_cover,pressure,rain
2020-01-01,Dong_Thap,10.4938,105.6881,26.9,65,14.3,66,1013.9,0
2020-01-02,Dong_Thap,10.4938,105.6881,27.0,67,14.4,73,1014.4,0
2020-01-03,Dong_Thap,10.4938,105.6881,27.0,72,11.3,90,1013.3,0
2020-01-04,Dong_Thap,10.4938,105.6881,26.7,75,10.3,66,1011.6,1
2020-01-05,Dong_Thap,10.4938,105.6881,25.5,76,13.8,44,1011.6,0
2020-01-06,Dong_Thap,10.4938,105.6881,26.6,71,15.6,62,1011.7,0
2020-01-07,Dong_Thap,10.4938,105.6881,27.4,72,12.7,59,1010.9,1
2020-01-08,Dong_Thap,10.4938,105.6881,28.1,66,16.2,80,1010.4,1
2020-01-09,Dong_Thap,10.4938,105.6881,27.3,73,12.4,56,1009.7,1
2020-01-10,Dong_Thap,10.4938,105.6881,27.3,70,12.4,36,1009.4,1
2020-01-11,Dong_Thap,10.4938,105.6881,26.9,74,11.4,91,1009.9,0
2020-01-12,Dong_Thap,10.4938,105.6881,26.7,79,12.3,87,1009.7,1
2020-01-13,Dong_Thap,10.4938,105.6881,26.4,71,14.8,46,1009.5,1
2020-01-14,Dong_Thap,10.4938,105.6881,26.1,72,19.4,19,1010.7,0
2020-01-15,Dong_Thap,10.4938,105.6881,26.0,68,13.3,51,1011.3,0
2020-01-16,Dong_Thap,10.4938,105.6881,26.8,73,9.8,31,1011.4,0
2020-01-17,Dong_Thap,10.4938,105.6881,26.8,75,14.8,36,1012.0,0
2020-01-18,Dong_Thap,10.4938,105.6881,26.7,73,16.6,28,1011.6,0
2020-01-19,Dong_Thap,10.4938,105.6881,26.9,67,14.8,60,1011.9,0
2020-01-20,Dong_Thap,10.4938,105.6881,26.8,71,14.3,20,1012.5,1
2020-01-21,Dong_Thap,10.4938,105.6881,27.5,64,14.3,23,1013.8,0
2020-01-22,Dong_Thap,10.4938,105.6881,27.3,68,14.3,25,1012.9,0
2020-01-23,Dong_Thap,10.4938,105.6881,27.2,67,15.3,17,1012.0,0
2020-01-24,Dong_Thap,10.4938,105.6881,26.7,69,15.3,76,1011.7,0
2020-01-25,Dong_Thap,10.4938,105.6881,26.6,75,16.2,63,1010.6,0
2020-01-26,Dong_Thap,10.4938,105.6881,26.4,76,13.7,66,1010.1,0
2020-01-27,Dong_Thap,10.4938,105.6881,26.1,75,15.5,25,1010.1,0
2020-01-28,Dong_Thap,10.4938,105.6881,25.8,76,14.5,27,1010.7,0
2020-01-29,Dong_Thap,10.4938,105.6881,26.2,75,13.6,62,1012.0,0
2020-01-30,Dong_Thap,10.4938,105.6881,26.3,76,15.3,56,1011.6,1
2020-01-31,Dong_Thap,10.4938,105.6881,26.1,71,13.5,97,1012.3,1
2020-02-01,Dong_Thap,10.4938,105.6881,25.8,67,17.0,26,1012.5,0
2020-02-02,Dong_Thap,10.4938,105.6881,25.4,69,17.6,56,1013.8,0
2020-02-03,Dong_Thap,10.4938,105.6881,25.8,67,17.1,71,1013.0,0
2020-02-04,Dong_Thap,10.4938,105.6881,26.6,69,16.6,48,1012.0,0
2020-02-05,Dong_Thap,10.4938,105.6881,26.5,64,15.1,56,1011.6,0
2020-02-06,Dong_Thap,10.4938,105.6881,26.0,61,16.3,34,1012.5,0
2020-02-07,Dong_Thap,10.4938,105.6881,26.1,66,16.1,58,1012.7,0
2020-02-08,Dong_Thap,10.4938,105.6881,26.8,71,12.5,85,1012.7,0
2020-02-09,Dong_Thap,10.4938,105.6881,26.4,68,12.2,94,1012.5,0
2020-02-10,Dong_Thap,10.4938,105.6881,26.3,70,14.5,83,1012.8,0
2020-02-11,Dong_Thap,10.4938,105.6881,27.5,67,18.4,45,1013.0,0
2020-02-12,Dong_Thap,10.4938,105.6881,27.7,70,18.8,14,1012.8,0
2020-02-13,Dong_Thap,10.4938,105.6881,27.6,72,17.1,34,1011.8,0
2020-02-14,Dong_Thap,10.4938,105.6881,27.5,73,15.1,37,1010.3,0
2020-02-15,Dong_Thap,10.4938,105.6881,27.2,72,13.6,31,1011.1,0
2020-02-16,Dong_Thap,10.4938,105.6881,27.5,72,11.5,41,1012.2,0
2020-02-17,Dong_Thap,10.4938,105.6881,27.3,79,18.9,43,1013.0,1
2020-02-18,Dong_Thap,10.4938,105.6881,26.4,76,17.9,70,1013.2,1
2020-02-19,Dong_Thap,10.4938,105.6881,27.2,63,16.1,15,1013.2,0
2020-02-20,Dong_Thap,10.4938,105.6881,26.8,68,15.0,14,1013.3,0
2020-02-21,Dong_Thap,10.4938,105.6881,27.6,62,15.4,30,1014.2,0
2020-02-22,Dong_Thap,10.4938,105.6881,27.1,59,13.7,9,1014.6,0
2020-02-23,Dong_Thap,10.4938,105.6881,27.6,54,16.3,21,1013.8,0
2020-02-24,Dong_Thap,10.4938,105.6881,26.9,63,17.3,21,1012.3,0
2020-02-25,Dong_Thap,10.4938,105.6881,27.6,62,17.6,22,1011.1,0
2020-02-26,Dong_Thap,10.4938,105.6881,28.4,63,17.3,25,1011.1,0
2020-02-27,Dong_Thap,10.4938,105.6881,28.1,60,17.8,31,1010.5,0
2020-02-28,Dong_Thap,10.4938,105.6881,27.6,62,18.6,27,1010.1,1
2020-02-29,Dong_Thap,10.4938,105.6881,27.7,67,17.8,33,1009.6,0
2020-03-01,Dong_Thap,10.4938,105.6881,27.7,71,17.3,69,1010.2,0
2020-03-02,Dong_Thap,10.4938,105.6881,27.9,71,17.1,68,1010.2,1
2020-03-03,Dong_Thap,10.4938,105.6881,28.1,66,18.9,73,1010.4,0
2020-03-04,Dong_Thap,10.4938,105.6881,28.0,68,17.8,56,1010.5,0
2020-03-05,Dong_Thap,10.4938,105.6881,28.0,68,19.6,73,1011.0,0
2020-03-06,Dong_Thap,10.4938,105.6881,28.3,66,17.9,43,1012.1,0
2020-03-07,Dong_Thap,10.4938,105.6881,28.5,69,13.6,89,1011.8,0
2020-03-08,Dong_Thap,10.4938,105.6881,29.1,70,12.6,63,1009.6,0
2020-03-09,Dong_Thap,10.4938,105.6881,29.8,70,14.0,22,1008.0,1
2020-03-10,Dong_Thap,10.4938,105.6881,30.0,68,18.5,41,1008.3,1
2020-03-11,Dong_Thap,10.4938,105.6881,28.9,71,17.0,28,1010.4,1
2020-03-12,Dong_Thap,10.4938,105.6881,29.0,68,16.9,34,1011.6,0
2020-03-13,Dong_Thap,10.4938,105.6881,29.0,69,14.8,84,1011.8,0
2020-03-14,Dong_Thap,10.4938,105.6881,29.3,65,18.2,89,1010.7,0
2020-03-15,Dong_Thap,10.4938,105.6881,28.8,66,19.6,59,1011.1,0
2020-03-16,Dong_Thap,10.4938,105.6881,29.6,63,21.4,62,1011.2,0
2020-03-17,Dong_Thap,10.4938,105.6881,29.1,63,19.0,65,1012.0,0
2020-03-18,Dong_Thap,10.4938,105.6881,29.2,65,16.1,88,1010.8,1
2020-03-19,Dong_Thap,10.4938,105.6881,29.2,63,22.5,35,1010.6,1
2020-03-20,Dong_Thap,10.4938,105.6881,28.6,63,16.5,64,1011.4,1
2020-03-21,Dong_Thap,10.4938,105.6881,28.4,68,18.7,16,1011.3,0
2020-03-22,Dong_Thap,10.4938,105.6881,28.6,69,14.4,22,1010.7,1
2020-03-23,Dong_Thap,10.4938,105.6881,28.8,68,17.1,31,1010.1,1
2020-03-24,Dong_Thap,10.4938,105.6881,28.5,67,15.0,26,1009.5,1
2020-03-25,Dong_Thap,10.4938,105.6881,29.2,67,18.2,32,1008.4,1
2020-03-26,Dong_Thap,10.4938,105.6881,29.3,67,17.1,38,1009.5,0
2020-03-27,Dong_Thap,10.4938,105.6881,29.6,68,14.5,42,1009.9,1
2020-03-28,Dong_Thap,10.4938,105.6881,29.9,65,11.9,36,1009.3,1
2020-03-29,Dong_Thap,10.4938,105.6881,29.6,62,17.2,33,1008.7,0
2020-03-30,Dong_Thap,10.4938,105.6881,29.3,70,15.1,35,1009.2,0
2020-03-31,Dong_Thap,10.4938,105.6881,30.4,67,15.6,32,1009.3,1
2020-04-01,Dong_Thap,10.4938,105.6881,30.3,66,15.3,23,1009.3,0
2020-04-02,Dong_Thap,10.4938,105.6881,30.1,66,17.9,29,1009.9,1
2020-04-03,Dong_Thap,10.4938,105.6881,30.0,64,16.9,12,1010.4,1
2020-04-04,Dong_Thap,10.4938,105.6881,29.9,67,19.9,19,1010.2,1
2020-04-05,Dong_Thap,10.4938,105.6881,30.3,61,19.0,23,1010.5,0
2020-04-06,Dong_Thap,10.4938,105.6881,30.2,65,16.3,67,1009.9,0
2020-04-07,Dong_Thap,10.4938,105.6881,30.1,64,12.4,58,1009.8,0
2020-04-08,Dong_Thap,10.4938,105.6881,28.8,75,15.6,62,1010.6,1
2020-04-09,Dong_Thap,10.4938,105.6881,27.9,82,12.1,90,1011.3,1
2020-04-10,Dong_Thap,10.4938,105.6881,28.3,79,14.8,86,1012.0,1
2020-04-11,Dong_Thap,10.4938,105.6881,29.2,73,11.6,59,1011.4,1
2020-04-12,Dong_Thap,10.4938,105.6881,29.5,70,12.9,48,1010.1,1
2020-04-13,Dong_Thap,10.4938,105.6881,26.5,88,12.3,99,1010.9,1
2020-04-14,Dong_Thap,10.4938,105.6881,28.1,76,14.8,79,1011.0,1
2020-04-15,Dong_Thap,10.4938,105.6881,28.3,74,12.2,57,1011.0,1
2020-04-16,Dong_Thap,10.4938,105.6881,28.5,76,14.8,69,1010.1,1
2020-04-17,Dong_Thap,10.4938,105.6881,28.4,80,12.9,89,1010.5,1
2020-04-18,Dong_Thap,10.4938,105.6881,29.0,72,12.8,62,1011.1,0
2020-04-19,Dong_Thap,10.4938,105.6881,29.7,71,13.4,49,1010.1,1
2020-04-20,Dong_Thap,10.4938,105.6881,30.2,66,13.8,12,1009.9,0
2020-04-21,Dong_Thap,10.4938,105.6881,30.5,66,19.6,44,1009.0,0
2020-04-22,Dong_Thap,10.4938,105.6881,30.5,68,14.3,96,1008.9,1
2020-04-23,Dong_Thap,10.4938,105.6881,30.8,69,17.7,56,1009.2,1
2020-04-24,Dong_Thap,10.4938,105.6881,29.5,75,15.5,80,1009.5,1
2020-04-25,Dong_Thap,10.4938,105.6881,29.1,77,10.2,62,1009.3,1
2020-04-26,Dong_Thap,10.4938,105.6881,28.5,78,9.7,88,1010.0,1
2020-04-27,Dong_Thap,10.4938,105.6881,28.7,74,9.4,96,1010.6,0
2020-04-28,Dong_Thap,10.4938,105.6881,28.5,78,11.8,78,1010.4,1
2020-04-29,Dong_Thap,10.4938,105.6881,29.6,66,15.4,55,1009.4,0
2020-04-30,Dong_Thap,10.4938,105.6881,30.6,62,15.9,52,1009.7,1
2020-05-01,Dong_Thap,10.4938,105.6881,30.5,64,18.6,46,1008.4,1
2020-05-02,Dong_Thap,10.4938,105.6881,29.9,68,12.4,71,1008.2,1
2020-05-03,Dong_Thap,10.4938,105.6881,30.5,68,11.3,34,1008.3,1
2020-05-04,Dong_Thap,10.4938,105.6881,30.1,72,10.6,32,1009.1,1
2020-05-05,Dong_Thap,10.4938,105.6881,30.7,70,12.6,38,1008.1,1
2020-05-06,Dong_Thap,10.4938,105.6881,30.8,68,10.5,23,1007.8,1
2020-05-07,Dong_Thap,10.4938,105.6881,30.6,71,17.3,36,1007.3,1
2020-05-08,Dong_Thap,10.4938,105.6881,31.2,69,13.3,92,1007.4,1
2020-05-09,Dong_Thap,10.4938,105.6881,32.1,65,14.5,84,1008.0,0
2020-05-10,Dong_Thap,10.4938,105.6881,32.0,63,16.1,95,1008.0,1
2020-05-11,Dong_Thap,10.4938,105.6881,31.8,61,12.7,71,1008.6,1
2020-05-12,Dong_Thap,10.4938,105.6881,32.2,60,15.4,83,1008.1,1
2020-05-13,Dong_Thap,10.4938,105.6881,31.6,63,15.9,63,1008.2,1
2020-05-14,Dong_Thap,10.4938,105.6881,30.3,70,15.5,75,1008.0,1
2020-05-15,Dong_Thap,10.4938,105.6881,30.4,72,13.2,62,1006.2,1
2020-05-16,Dong_Thap,10.4938,105.6881,31.1,67,9.1,82,1005.8,1
2020-05-17,Dong_Thap,10.4938,105.6881,28.8,82,13.7,96,1006.3,1
2020-05-18,Dong_Thap,10.4938,105.6881,29.7,79,13.5,86,1005.9,1
2020-05-19,Dong_Thap,10.4938,105.6881,29.8,78,12.0,86,1006.2,1
2020-05-20,Dong_Thap,10.4938,105.6881,28.4,86,12.8,98,1007.3,1
2020-05-21,Dong_Thap,10.4938,105.6881,29.3,81,15.0,85,1007.4,1
2020-05-22,Dong_Thap,10.4938,105.6881,30.0,78,15.9,94,1007.2,1
2020-05-23,Dong_Thap,10.4938,105.6881,28.7,83,15.8,96,1008.3,1
2020-05-24,Dong_Thap,10.4938,105.6881,28.0,87,15.4,98,1009.6,1
2020-05-25,Dong_Thap,10.4938,105.6881,28.1,85,13.6,83,1010.6,1
2020-05-26,Dong_Thap,10.4938,105.6881,29.8,77,13.0,15,1010.1,0
2020-05-27,Dong_Thap,10.4938,105.6881,29.1,82,15.2,79,1009.8,1
2020-05-28,Dong_Thap,10.4938,105.6881,28.2,87,8.8,100,1009.8,1
2020-05-29,Dong_Thap,10.4938,105.6881,28.5,83,11.5,95,1009.8,1
2020-05-30,Dong_Thap,10.4938,105.6881,28.2,85,10.7,92,1011.1,1
2020-05-31,Dong_Thap,10.4938,105.6881,28.5,84,10.0,68,1010.9,1
2020-06-01,Dong_Thap,10.4938,105.6881,28.2,85,10.2,84,1010.4,1
2020-06-02,Dong_Thap,10.4938,105.6881,27.3,89,10.7,93,1009.9,1
2020-06-03,Dong_Thap,10.4938,105.6881,27.6,88,12.9,83,1008.6,1
2020-06-04,Dong_Thap,10.4938,105.6881,27.3,89,14.7,94,1008.7,1
2020-06-05,Dong_Thap,10.4938,105.6881,27.5,87,12.9,92,1008.8,1
2020-06-06,Dong_Thap,10.4938,105.6881,27.8,85,16.4,96,1008.8,1
2020-06-07,Dong_Thap,10.4938,105.6881,27.7,85,14.7,76,1008.1,1
2020-06-08,Dong_Thap,10.4938,105.6881,28.1,84,13.2,65,1007.6,1
2020-06-09,Dong_Thap,10.4938,105.6881,28.3,86,10.5,85,1007.7,1
2020-06-10,Dong_Thap,10.4938,105.6881,27.0,89,14.0,99,1008.2,1
2020-06-11,Dong_Thap,10.4938,105.6881,27.5,84,9.5,95,1007.4,1
2020-06-12,Dong_Thap,10.4938,105.6881,27.6,86,14.0,80,1005.7,1
2020-06-13,Dong_Thap,10.4938,105.6881,27.5,86,18.4,92,1005.7,1
2020-06-14,Dong_Thap,10.4938,105.6881,26.3,92,18.6,88,1007.5,1
2020-06-15,Dong_Thap,10.4938,105.6881,26.7,90,12.3,99,1009.3,1
2020-06-16,Dong_Thap,10.4938,105.6881,26.4,91,10.2,97,1009.5,1
2020-06-17,Dong_Thap,10.4938,105.6881,27.6,87,12.8,90,1008.7,1
2020-06-18,Dong_Thap,10.4938,105.6881,27.5,87,8.3,93,1008.7,1
2020-06-19,Dong_Thap,10.4938,105.6881,27.8,87,10.1,93,1008.3,1
2020-06-20,Dong_Thap,10.4938,105.6881,27.1,90,11.8,91,1007.9,1
2020-06-21,Dong_Thap,10.4938,105.6881,27.0,91,13.8,99,1006.9,1
2020-06-22,Dong_Thap,10.4938,105.6881,27.2,88,12.0,69,1006.9,1
2020-06-23,Dong_Thap,10.4938,105.6881,27.9,84,12.2,55,1007.7,1
2020-06-24,Dong_Thap,10.4938,105.6881,27.9,85,10.6,79,1007.8,1
2020-06-25,Dong_Thap,10.4938,105.6881,27.1,88,12.8,96,1007.7,1
2020-06-26,Dong_Thap,10.4938,105.6881,26.5,90,11.8,96,1008.1,1
2020-06-27,Dong_Thap,10.4938,105.6881,26.9,87,13.5,95,1008.1,1
2020-06-28,Dong_Thap,10.4938,105.6881,26.6,88,18.8,95,1008.2,1
2020-06-29,Dong_Thap,10.4938,105.6881,26.0,93,18.9,100,1008.3,1
2020-06-30,Dong_Thap,10.4938,105.6881,26.0,93,15.9,93,1008.2,1
2020-07-01,Dong_Thap,10.4938,105.6881,26.5,90,14.4,93,1007.3,1
2020-07-02,Dong_Thap,10.4938,105.6881,27.2,87,17.2,93,1006.6,1
2020-07-03,Dong_Thap,10.4938,105.6881,25.6,93,15.8,98,1008.5,1
2020-07-04,Dong_Thap,10.4938,105.6881,26.9,82,11.8,84,1009.0,1
2020-07-05,Dong_Thap,10.4938,105.6881,27.5,84,11.5,69,1006.9,1
2020-07-06,Dong_Thap,10.4938,105.6881,26.4,91,14.5,87,1006.6,1
2020-07-07,Dong_Thap,10.4938,105.6881,26.9,87,14.9,30,1008.5,1
2020-07-08,Dong_Thap,10.4938,105.6881,26.9,87,12.2,75,1008.8,1
2020-07-09,Dong_Thap,10.4938,105.6881,27.4,87,11.5,96,1007.1,1
2020-07-10,Dong_Thap,10.4938,105.6881,27.3,87,12.7,95,1007.7,1
2020-07-11,Dong_Thap,10.4938,105.6881,26.9,89,20.2,96,1007.5,1
2020-07-12,Dong_Thap,10.4938,105.6881,26.5,90,15.4,96,1007.2,1
2020-07-13,Dong_Thap,10.4938,105.6881,26.6,89,15.4,96,1007.6,1
2020-07-14,Dong_Thap,10.4938,105.6881,27.9,83,10.0,81,1007.6,1
2020-07-15,Dong_Thap,10.4938,105.6881,27.5,84,8.3,97,1006.9,1
2020-07-16,Dong_Thap,10.4938,105.6881,27.6,87,11.4,75,1006.8,1
2020-07-17,Dong_Thap,10.4938,105.6881,27.5,87,12.3,56,1007.7,1
2020-07-18,Dong_Thap,10.4938,105.6881,27.4,86,15.4,74,1008.3,1
2020-07-19,Dong_Thap,10.4938,105.6881,27.5,86,12.6,84,1007.5,1
2020-07-20,Dong_Thap,10.4938,105.6881,27.5,87,9.1,92,1007.5,1
2020-07-21,Dong_Thap,10.4938,105.6881,27.3,88,14.8,92,1008.0,1
2020-07-22,Dong_Thap,10.4938,105.6881,28.1,84,8.7,69,1007.8,1
2020-07-23,Dong_Thap,10.4938,105.6881,27.6,85,11.2,90,1008.0,1
2020-07-24,Dong_Thap,10.4938,105.6881,26.7,87,10.6,99,1008.5,1
2020-07-25,Dong_Thap,10.4938,105.6881,27.1,86,10.4,76,1007.9,1
2020-07-26,Dong_Thap,10.4938,105.6881,27.5,85,9.7,68,1007.8,1
2020-07-27,Dong_Thap,10.4938,105.6881,27.7,86,12.0,80,1007.0,1
2020-07-28,Dong_Thap,10.4938,105.6881,27.3,88,13.7,82,1007.5,1
2020-07-29,Dong_Thap,10.4938,105.6881,27.0,88,13.9,93,1007.6,1
2020-07-30,Dong_Thap,10.4938,105.6881,27.5,87,15.1,97,1006.9,1
2020-07-31,Dong_Thap,10.4938,105.6881,27.4,84,21.9,100,1005.4,1
2020-08-01,Dong_Thap,10.4938,105.6881,26.1,91,24.2,100,1005.0,1
2020-08-02,Dong_Thap,10.4938,105.6881,26.5,90,25.5,99,1005.5,1
2020-08-03,Dong_Thap,10.4938,105.6881,26.4,92,23.2,97,1005.9,1
2020-08-04,Dong_Thap,10.4938,105.6881,26.8,86,20.3,82,1006.1,1
2020-08-05,Dong_Thap,10.4938,105.6881,26.7,89,14.8,90,1007.1,1
2020-08-06,Dong_Thap,10.4938,105.6881,26.1,92,14.1,99,1007.3,1
2020-08-07,Dong_Thap,10.4938,105.6881,27.0,87,17.3,78,1006.6,1
2020-08-08,Dong_Thap,10.4938,105.6881,26.3,92,18.7,76,1006.9,1
2020-08-09,Dong_Thap,10.4938,105.6881,27.1,87,18.7,87,1007.0,1
2020-08-10,Dong_Thap,10.4938,105.6881,26.6,90,18.5,82,1008.4,1
2020-08-11,Dong_Thap,10.4938,105.6881,28.1,83,16.5,84,1008.1,1
2020-08-12,Dong_Thap,10.4938,105.6881,27.5,86,15.6,98,1009.0,1
2020-08-13,Dong_Thap,10.4938,105.6881,26.6,90,13.1,100,1009.2,1
2020-08-14,Dong_Thap,10.4938,105.6881,26.3,90,12.0,99,1009.2,1
2020-08-15,Dong_Thap,10.4938,105.6881,27.1,85,9.0,95,1008.3,1
2020-08-16,Dong_Thap,10.4938,105.6881,27.5,84,11.7,91,1008.2,1
2020-08-17,Dong_Thap,10.4938,105.6881,27.8,83,14.9,92,1007.4,1
2020-08-18,Dong_Thap,10.4938,105.6881,28.1,82,17.7,86,1006.9,1
2020-08-19,Dong_Thap,10.4938,105.6881,26.7,87,15.1,94,1007.2,1
2020-08-20,Dong_Thap,10.4938,105.6881,27.7,83,14.1,84,1007.5,1
2020-08-21,Dong_Thap,10.4938,105.6881,28.8,78,12.6,76,1008.5,1
2020-08-22,Dong_Thap,10.4938,105.6881,28.5,80,17.8,35,1008.6,1
2020-08-23,Dong_Thap,10.4938,105.6881,28.3,81,15.6,86,1009.2,1
2020-08-24,Dong_Thap,10.4938,105.6881,28.3,82,12.6,76,1009.3,1
2020-08-25,Dong_Thap,10.4938,105.6881,28.8,81,12.7,40,1008.3,1
2020-08-26,Dong_Thap,10.4938,105.6881,29.3,78,16.3,46,1007.6,1
2020-08-27,Dong_Thap,10.4938,105.6881,29.0,78,19.5,86,1006.5,1
2020-08-28,Dong_Thap,10.4938,105.6881,28.4,80,20.0,88,1005.8,1
2020-08-29,Dong_Thap,10.4938,105.6881,28.1,83,21.2,77,1006.1,1
2020-08-30,Dong_Thap,10.4938,105.6881,27.8,86,15.8,73,1006.1,1
2020-08-31,Dong_Thap,10.4938,105.6881,28.4,83,13.0,78,1006.6,1
2020-09-01,Dong_Thap,10.4938,105.6881,28.2,84,11.9,86,1007.1,1
2020-09-02,Dong_Thap,10.4938,105.6881,28.4,82,17.6,92,1007.9,1
2020-09-03,Dong_Thap,10.4938,105.6881,29.2,76,10.4,90,1007.7,1
2020-09-04,Dong_Thap,10.4938,105.6881,27.9,85,15.3,81,1007.9,1
2020-09-05,Dong_Thap,10.4938,105.6881,28.3,82,11.9,65,1007.4,1
2020-09-06,Dong_Thap,10.4938,105.6881,28.0,82,17.3,80,1007.6,1
2020-09-07,Dong_Thap,10.4938,105.6881,27.7,85,13.8,90,1007.9,1
2020-09-08,Dong_Thap,10.4938,105.6881,28.1,83,12.6,89,1008.9,1
2020-09-09,Dong_Thap,10.4938,105.6881,27.9,83,10.8,96,1008.4,1
2020-09-10,Dong_Thap,10.4938,105.6881,27.3,87,8.3,97,1006.8,1
2020-09-11,Dong_Thap,10.4938,105.6881,27.1,88,14.3,95,1008.0,1
2020-09-12,Dong_Thap,10.4938,105.6881,27.1,88,12.2,88,1009.4,1
2020-09-13,Dong_Thap,10.4938,105.6881,26.9,87,17.1,97,1009.7,1
2020-09-14,Dong_Thap,10.4938,105.6881,25.5,94,10.2,99,1009.1,1
2020-09-15,Dong_Thap,10.4938,105.6881,26.5,87,17.6,90,1008.6,1
2020-09-16,Dong_Thap,10.4938,105.6881,26.8,87,16.9,82,1008.0,1
2020-09-17,Dong_Thap,10.4938,105.6881,27.0,86,18.7,98,1005.7,1
2020-09-18,Dong_Thap,10.4938,105.6881,25.8,91,27.9,100,1003.9,1
2020-09-19,Dong_Thap,10.4938,105.6881,25.7,93,18.1,100,1007.5,1
2020-09-20,Dong_Thap,10.4938,105.6881,26.4,90,11.2,99,1009.5,1
2020-09-21,Dong_Thap,10.4938,105.6881,27.6,85,11.6,81,1008.7,1
2020-09-22,Dong_Thap,10.4938,105.6881,27.5,85,11.6,84,1008.5,1
2020-09-23,Dong_Thap,10.4938,105.6881,26.6,88,13.7,92,1008.9,1
2020-09-24,Dong_Thap,10.4938,105.6881,27.3,85,10.9,83,1010.1,1
2020-09-25,Dong_Thap,10.4938,105.6881,28.2,81,12.5,99,1009.1,1
2020-09-26,Dong_Thap,10.4938,105.6881,27.8,83,14.7,98,1008.0,1
2020-09-27,Dong_Thap,10.4938,105.6881,25.7,93,10.1,98,1006.8,1
2020-09-28,Dong_Thap,10.4938,105.6881,25.0,95,23.3,95,1007.1,1
2020-09-29,Dong_Thap,10.4938,105.6881,26.6,86,20.8,98,1008.4,1
2020-09-30,Dong_Thap,10.4938,105.6881,27.3,85,14.6,88,1006.9,1
2020-10-01,Dong_Thap,10.4938,105.6881,27.4,85,14.2,89,1005.9,1
2020-10-02,Dong_Thap,10.4938,105.6881,26.8,89,16.6,94,1006.6,1
2020-10-03,Dong_Thap,10.4938,105.6881,26.6,88,15.1,96,1008.0,1
2020-10-04,Dong_Thap,10.4938,105.6881,26.9,87,16.8,93,1008.7,1
2020-10-05,Dong_Thap,10.4938,105.6881,26.7,90,12.3,100,1007.9,1
2020-10-06,Dong_Thap,10.4938,105.6881,26.5,88,12.0,99,1007.4,1
2020-10-07,Dong_Thap,10.4938,105.6881,26.1,89,11.0,97,1005.5,1
2020-10-08,Dong_Thap,10.4938,105.6881,26.6,87,14.1,98,1005.2,1
2020-10-09,Dong_Thap,10.4938,105.6881,26.1,92,12.4,100,1006.7,1
2020-10-10,Dong_Thap,10.4938,105.6881,25.3,94,12.1,99,1006.7,1
2020-10-11,Dong_Thap,10.4938,105.6881,25.4,94,14.7,100,1005.6,1
2020-10-12,Dong_Thap,10.4938,105.6881,25.2,92,10.2,100,1004.7,1
2020-10-13,Dong_Thap,10.4938,105.6881,25.1,91,13.7,100,1005.2,1
2020-10-14,Dong_Thap,10.4938,105.6881,25.3,93,18.7,100,1005.7,1
2020-10-15,Dong_Thap,10.4938,105.6881,25.8,90,21.3,100,1006.1,1
2020-10-16,Dong_Thap,10.4938,105.6881,25.4,92,20.0,100,1005.6,1
2020-10-17,Dong_Thap,10.4938,105.6881,25.5,92,18.1,97,1005.8,1
2020-10-18,Dong_Thap,10.4938,105.6881,25.5,92,17.8,96,1007.9,1
2020-10-19,Dong_Thap,10.4938,105.6881,26.5,88,14.0,91,1008.1,1
2020-10-20,Dong_Thap,10.4938,105.6881,26.5,88,10.4,95,1008.2,1
2020-10-21,Dong_Thap,10.4938,105.6881,26.1,90,14.2,96,1008.0,1
2020-10-22,Dong_Thap,10.4938,105.6881,27.2,80,9.7,98,1007.8,1
2020-10-23,Dong_Thap,10.4938,105.6881,27.1,82,11.2,99,1008.4,1
2020-10-24,Dong_Thap,10.4938,105.6881,26.5,85,10.9,84,1009.3,1
2020-10-25,Dong_Thap,10.4938,105.6881,26.0,89,8.0,81,1009.7,1
2020-10-26,Dong_Thap,10.4938,105.6881,26.6,85,10.0,87,1008.6,1
2020-10-27,Dong_Thap,10.4938,105.6881,27.1,78,14.5,100,1006.9,1
2020-10-28,Dong_Thap,10.4938,105.6881,26.6,85,21.3,100,1006.1,1
2020-10-29,Dong_Thap,10.4938,105.6881,26.1,88,18.9,91,1008.5,1
2020-10-30,Dong_Thap,10.4938,105.6881,26.8,87,10.4,57,1010.1,1
2020-10-31,Dong_Thap,10.4938,105.6881,26.9,87,9.9,84,1010.2,1
2020-11-01,Dong_Thap,10.4938,105.6881,27.3,85,10.3,90,1009.7,1
2020-11-02,Dong_Thap,10.4938,105.6881,26.3,88,12.6,73,1010.2,1
2020-11-03,Dong_Thap,10.4938,105.6881,27.3,79,9.4,80,1010.5,1
2020-11-04,Dong_Thap,10.4938,105.6881,26.7,83,13.2,67,1010.6,1
2020-11-05,Dong_Thap,10.4938,105.6881,27.3,78,9.8,70,1010.1,1
2020-11-06,Dong_Thap,10.4938,105.6881,26.5,88,8.2,69,1010.5,1
2020-11-07,Dong_Thap,10.4938,105.6881,26.8,87,10.0,62,1011.0,1
2020-11-08,Dong_Thap,10.4938,105.6881,26.7,84,13.6,77,1010.7,1
2020-11-09,Dong_Thap,10.4938,105.6881,26.5,74,19.4,83,1009.2,0
2020-11-10,Dong_Thap,10.4938,105.6881,26.2,74,18.5,100,1008.1,1
2020-11-11,Dong_Thap,10.4938,105.6881,25.1,80,14.7,95,1009.6,1
2020-11-12,Dong_Thap,10.4938,105.6881,26.7,84,12.4,66,1010.6,1
2020-11-13,Dong_Thap,10.4938,105.6881,27.2,75,11.6,85,1009.2,0
2020-11-14,Dong_Thap,10.4938,105.6881,26.7,72,12.6,63,1008.8,0
2020-11-15,Dong_Thap,10.4938,105.6881,26.8,74,10.6,91,1010.0,1
2020-11-16,Dong_Thap,10.4938,105.6881,27.4,79,11.5,29,1010.2,1
2020-11-17,Dong_Thap,10.4938,105.6881,27.8,77,10.9,31,1008.8,1
2020-11-18,Dong_Thap,10.4938,105.6881,27.9,76,9.5,51,1008.4,1
2020-11-19,Dong_Thap,10.4938,105.6881,27.1,84,9.7,69,1008.5,1
2020-11-20,Dong_Thap,10.4938,105.6881,27.1,85,16.2,71,1008.9,1
2020-11-21,Dong_Thap,10.4938,105.6881,27.0,86,13.8,85,1009.2,1
2020-11-22,Dong_Thap,10.4938,105.6881,27.0,84,10.2,70,1010.4,1
2020-11-23,Dong_Thap,10.4938,105.6881,26.7,86,9.5,62,1010.5,1
2020-11-24,Dong_Thap,10.4938,105.6881,27.6,78,9.8,37,1010.0,1
2020-11-25,Dong_Thap,10.4938,105.6881,27.1,76,13.0,81,1009.8,1
2020-11-26,Dong_Thap,10.4938,105.6881,26.6,77,13.4,94,1010.5,0
2020-11-27,Dong_Thap,10.4938,105.6881,26.9,76,12.6,87,1010.6,1
2020-11-28,Dong_Thap,10.4938,105.6881,27.2,78,15.0,78,1010.3,1
2020-11-29,Dong_Thap,10.4938,105.6881,25.5,86,18.9,100,1010.6,1
2020-11-30,Dong_Thap,10.4938,105.6881,25.8,82,17.0,98,1010.0,1
2020-12-01,Dong_Thap,10.4938,105.6881,25.3,87,15.2,88,1010.8,1
2020-12-02,Dong_Thap,10.4938,105.6881,26.5,80,18.3,53,1010.2,1
2020-12-03,Dong_Thap,10.4938,105.6881,26.6,65,13.9,63,1010.2,1
2020-12-04,Dong_Thap,10.4938,105.6881,25.8,57,17.8,58,1010.3,0
2020-12-05,Dong_Thap,10.4938,105.6881,26.1,64,13.6,79,1011.0,0
2020-12-06,Dong_Thap,10.4938,105.6881,26.6,64,12.7,68,1011.1,0
2020-12-07,Dong_Thap,10.4938,105.6881,26.9,67,12.3,79,1011.1,0
2020-12-08,Dong_Thap,10.4938,105.6881,27.2,68,13.9,93,1010.9,0
2020-12-09,Dong_Thap,10.4938,105.6881,26.8,71,14.5,78,1009.6,1
2020-12-10,Dong_Thap,10.4938,105.6881,27.4,70,10.9,63,1009.3,1
2020-12-11,Dong_Thap,10.4938,105.6881,27.2,79,7.9,98,1009.7,1
2020-12-12,Dong_Thap,10.4938,105.6881,26.6,86,10.4,82,1009.2,1
2020-12-13,Dong_Thap,10.4938,105.6881,26.1,88,8.1,84,1009.0,1
2020-12-14,Dong_Thap,10.4938,105.6881,26.7,85,13.9,88,1009.4,1
2020-12-15,Dong_Thap,10.4938,105.6881,26.4,87,8.9,88,1010.7,1
2020-12-16,Dong_Thap,10.4938,105.6881,26.8,81,10.9,82,1010.7,1
2020-12-17,Dong_Thap,10.4938,105.6881,27.1,77,13.0,64,1009.9,1
2020-12-18,Dong_Thap,10.4938,105.6881,27.2,74,11.3,92,1009.8,1
2020-12-19,Dong_Thap,10.4938,105.6881,27.3,67,15.8,97,1010.4,1
2020-12-20,Dong_Thap,10.4938,105.6881,26.5,57,23.1,96,1010.6,0
2020-12-21,Dong_Thap,10.4938,105.6881,26.0,55,23.5,96,1009.8,0
2020-12-22,Dong_Thap,10.4938,105.6881,24.0,67,19.9,100,1009.1,1
2020-12-23,Dong_Thap,10.4938,105.6881,25.6,70,17.2,98,1007.9,1
2020-12-24,Dong_Thap,10.4938,105.6881,26.2,84,16.2,64,1008.3,1
2020-12-25,Dong_Thap,10.4938,105.6881,27.0,78,15.1,55,1009.6,1
2020-12-26,Dong_Thap,10.4938,105.6881,27.0,76,13.7,45,1010.0,1
2020-12-27,Dong_Thap,10.4938,105.6881,26.9,81,11.9,71,1009.6,1
2020-12-28,Dong_Thap,10.4938,105.6881,26.7,81,9.5,71,1008.9,1
2020-12-29,Dong_Thap,10.4938,105.6881,27.2,79,11.8,82,1008.8,1
2020-12-30,Dong_Thap,10.4938,105.6881,27.3,72,18.4,89,1009.3,1
2020-12-31,Dong_Thap,10.4938,105.6881,26.3,57,17.9,99,1010.9,1
2021-01-01,Dong_Thap,10.4938,105.6881,25.4,56,15.8,98,1011.7,0
2021-01-02,Dong_Thap,10.4938,105.6881,25.0,59,15.0,79,1011.3,0
2021-01-03,Dong_Thap,10.4938,105.6881,25.7,64,10.2,83,1010.5,0
2021-01-04,Dong_Thap,10.4938,105.6881,27.1,73,8.0,70,1009.9,1
2021-01-05,Dong_Thap,10.4938,105.6881,27.0,75,16.3,80,1010.4,1
2021-01-06,Dong_Thap,10.4938,105.6881,26.5,75,10.2,79,1009.5,0
2021-01-07,Dong_Thap,10.4938,105.6881,27.5,71,12.1,55,1008.8,1
2021-01-08,Dong_Thap,10.4938,105.6881,26.9,74,9.3,92,1008.8,0
2021-01-09,Dong_Thap,10.4938,105.6881,26.3,63,12.1,72,1009.8,0
2021-01-10,Dong_Thap,10.4938,105.6881,25.8,67,14.4,83,1010.2,0
2021-01-11,Dong_Thap,10.4938,105.6881,25.9,69,8.8,75,1011.1,0
2021-01-12,Dong_Thap,10.4938,105.6881,25.0,56,18.0,50,1011.7,0
2021-01-13,Dong_Thap,10.4938,105.6881,23.2,61,10.9,33,1012.1,0
2021-01-14,Dong_Thap,10.4938,105.6881,24.0,62,11.1,70,1011.5,0
2021-01-15,Dong_Thap,10.4938,105.6881,24.7,72,14.5,37,1010.1,0
2021-01-16,Dong_Thap,10.4938,105.6881,25.3,71,15.3,53,1010.2,0
2021-01-17,Dong_Thap,10.4938,105.6881,25.8,70,13.0,62,1011.6,1
2021-01-18,Dong_Thap,10.4938,105.6881,25.5,55,16.3,61,1012.0,0
2021-01-19,Dong_Thap,10.4938,105.6881,23.9,62,10.9,97,1011.7,0
2021-01-20,Dong_Thap,10.4938,105.6881,25.9,64,9.0,84,1011.0,0
2021-01-21,Dong_Thap,10.4938,105.6881,26.3,72,10.0,82,1010.2,0
2021-01-22,Dong_Thap,10.4938,105.6881,25.5,85,14.7,74,1010.0,1
2021-01-23,Dong_Thap,10.4938,105.6881,25.9,83,9.7,74,1010.4,1
2021-01-24,Dong_Thap,10.4938,105.6881,26.3,78,13.9,66,1011.0,1
2021-01-25,Dong_Thap,10.4938,105.6881,26.3,78,12.3,69,1010.4,1
2021-01-26,Dong_Thap,10.4938,105.6881,26.6,73,13.5,67,1009.8,1
2021-01-27,Dong_Thap,10.4938,105.6881,26.7,72,14.5,89,1009.9,1
2021-01-28,Dong_Thap,10.4938,105.6881,27.0,73,16.9,88,1011.0,1
2021-01-29,Dong_Thap,10.4938,105.6881,26.5,68,12.5,91,1011.6,0
2021-01-30,Dong_Thap,10.4938,105.6881,25.5,66,11.7,84,1012.1,0
2021-01-31,Dong_Thap,10.4938,105.6881,26.1,70,11.9,71,1012.1,0
2021-02-01,Dong_Thap,10.4938,105.6881,26.7,70,15.0,53,1012.2,0
2021-02-02,Dong_Thap,10.4938,105.6881,26.1,71,15.3,45,1012.5,0
2021-02-03,Dong_Thap,10.4938,105.6881,26.1,70,16.7,61,1012.1,0
2021-02-04,Dong_Thap,10.4938,105.6881,26.3,72,11.1,77,1012.4,0
2021-02-05,Dong_Thap,10.4938,105.6881,26.7,72,11.7,51,1011.7,1
2021-02-06,Dong_Thap,10.4938,105.6881,26.3,77,10.5,70,1010.6,1
2021-02-07,Dong_Thap,10.4938,105.6881,26.6,73,11.2,81,1010.8,1
2021-02-08,Dong_Thap,10.4938,105.6881,26.4,79,10.0,55,1010.3,1
2021-02-09,Dong_Thap,10.4938,105.6881,26.6,75,12.0,40,1009.5,1
2021-02-10,Dong_Thap,10.4938,105.6881,25.9,85,10.7,79,1009.9,1
2021-02-11,Dong_Thap,10.4938,105.6881,25.6,86,10.9,71,1010.6,1
2021-02-12,Dong_Thap,10.4938,105.6881,25.5,79,14.9,31,1011.5,1
2021-02-13,Dong_Thap,10.4938,105.6881,25.2,78,15.1,49,1012.3,1
2021-02-14,Dong_Thap,10.4938,105.6881,25.0,74,15.6,40,1012.9,0
2021-02-15,Dong_Thap,10.4938,105.6881,24.7,75,16.6,32,1011.6,0
2021-02-16,Dong_Thap,10.4938,105.6881,24.6,76,15.1,58,1011.2,0
2021-02-17,Dong_Thap,10.4938,105.6881,25.4,71,18.4,38,1012.2,0
2021-02-18,Dong_Thap,10.4938,105.6881,24.6,73,12.5,50,1013.8,0
2021-02-19,Dong_Thap,10.4938,105.6881,24.7,69,18.6,19,1013.7,0
2021-02-20,Dong_Thap,10.4938,105.6881,24.8,69,13.9,20,1013.1,0
2021-02-21,Dong_Thap,10.4938,105.6881,24.9,72,16.1,46,1012.4,0
2021-02-22,Dong_Thap,10.4938,105.6881,25.0,70,14.5,57,1011.7,0
2021-02-23,Dong_Thap,10.4938,105.6881,25.5,72,15.2,77,1010.7,0
2021-02-24,Dong_Thap,10.4938,105.6881,26.3,71,13.4,45,1009.8,0
2021-02-25,Dong_Thap,10.4938,105.6881,26.4,76,11.0,76,1008.4,1
2021-02-26,Dong_Thap,10.4938,105.6881,27.2,78,13.5,73,1007.2,1
2021-02-27,Dong_Thap,10.4938,105.6881,27.7,74,13.2,18,1007.6,1
2021-02-28,Dong_Thap,10.4938,105.6881,26.9,78,14.7,31,1009.7,1
2021-03-01,Dong_Thap,10.4938,105.6881,27.9,75,15.9,74,1011.6,1
2021-03-02,Dong_Thap,10.4938,105.6881,28.3,72,15.2,64,1011.6,1
2021-03-03,Dong_Thap,10.4938,105.6881,28.1,67,17.1,27,1011.5,0
2021-03-04,Dong_Thap,10.4938,105.6881,28.3,64,18.2,5,1012.0,0
2021-03-05,Dong_Thap,10.4938,105.6881,27.4,67,17.9,2,1011.9,0
2021-03-06,Dong_Thap,10.4938,105.6881,27.4,68,13.9,21,1012.3,0
2021-03-07,Dong_Thap,10.4938,105.6881,27.7,70,17.1,43,1011.8,0
2021-03-08,Dong_Thap,10.4938,105.6881,28.0,65,17.7,35,1012.2,0
2021-03-09,Dong_Thap,10.4938,105.6881,27.8,65,15.4,26,1012.0,1
2021-03-10,Dong_Thap,10.4938,105.6881,28.1,62,17.8,29,1011.7,0
2021-03-11,Dong_Thap,10.4938,105.6881,28.4,66,18.6,47,1011.6,1
2021-03-12,Dong_Thap,10.4938,105.6881,28.5,60,15.8,21,1011.8,0
2021-03-13,Dong_Thap,10.4938,105.6881,28.4,62,15.2,28,1011.5,0
2021-03-14,Dong_Thap,10.4938,105.6881,27.8,68,15.8,35,1010.0,0
2021-03-15,Dong_Thap,10.4938,105.6881,27.6,69,16.3,33,1009.8,1
2021-03-16,Dong_Thap,10.4938,105.6881,27.6,69,16.1,72,1009.5,0
2021-03-17,Dong_Thap,10.4938,105.6881,27.8,67,13.0,83,1009.4,0
2021-03-18,Dong_Thap,10.4938,105.6881,27.8,70,14.2,80,1008.9,0
2021-03-19,Dong_Thap,10.4938,105.6881,29.0,68,14.1,58,1008.0,0
2021-03-20,Dong_Thap,10.4938,105.6881,29.1,70,13.8,63,1007.2,1
2021-03-21,Dong_Thap,10.4938,105.6881,29.5,69,18.4,58,1007.6,1
2021-03-22,Dong_Thap,10.4938,105.6881,29.6,64,20.8,59,1009.8,1
2021-03-23,Dong_Thap,10.4938,105.6881,30.2,57,12.4,79,1009.5,1
2021-03-24,Dong_Thap,10.4938,105.6881,29.4,65,20.4,89,1008.7,1
2021-03-25,Dong_Thap,10.4938,105.6881,28.9,68,18.6,87,1009.1,1
2021-03-26,Dong_Thap,10.4938,105.6881,29.4,65,18.5,92,1008.5,1
2021-03-27,Dong_Thap,10.4938,105.6881,29.3,68,19.5,68,1008.1,1
2021-03-28,Dong_Thap,10.4938,105.6881,29.7,66,14.3,41,1007.6,1
2021-03-29,Dong_Thap,10.4938,105.6881,29.5,66,13.7,43,1007.2,0
2021-03-30,Dong_Thap,10.4938,105.6881,29.3,70,12.3,38,1006.2,1
2021-03-31,Dong_Thap,10.4938,105.6881,29.9,65,12.6,50,1005.3,0
2021-04-01,Dong_Thap,10.4938,105.6881,29.8,68,13.7,35,1005.8,0
2021-04-02,Dong_Thap,10.4938,105.6881,29.9,72,18.1,45,1006.6,1
2021-04-03,Dong_Thap,10.4938,105.6881,27.9,81,13.4,71,1007.2,1
2021-04-04,Dong_Thap,10.4938,105.6881,27.3,85,10.2,74,1008.5,1
2021-04-05,Dong_Thap,10.4938,105.6881,28.0,77,14.5,62,1009.5,1
2021-04-06,Dong_Thap,10.4938,105.6881,28.4,70,22.3,42,1010.1,1
2021-04-07,Dong_Thap,10.4938,105.6881,28.4,72,14.3,40,1010.3,1
2021-04-08,Dong_Thap,10.4938,105.6881,27.9,77,12.2,50,1009.5,1
2021-04-09,Dong_Thap,10.4938,105.6881,27.3,82,13.6,72,1009.6,1
2021-04-10,Dong_Thap,10.4938,105.6881,28.2,74,16.2,66,1010.6,1
2021-04-11,Dong_Thap,10.4938,105.6881,28.6,73,17.7,54,1011.3,1
2021-04-12,Dong_Thap,10.4938,105.6881,28.5,75,17.6,26,1011.5,1
2021-04-13,Dong_Thap,10.4938,105.6881,28.0,80,11.6,50,1011.0,1
2021-04-14,Dong_Thap,10.4938,105.6881,27.8,82,9.2,70,1010.6,1
2021-04-15,Dong_Thap,10.4938,105.6881,27.4,85,10.4,85,1009.7,1
2021-04-16,Dong_Thap,10.4938,105.6881,26.7,88,9.4,83,1009.9,1
2021-04-17,Dong_Thap,10.4938,105.6881,27.4,86,10.0,88,1011.0,1
2021-04-18,Dong_Thap,10.4938,105.6881,26.2,90,11.5,89,1010.9,1
2021-04-19,Dong_Thap,10.4938,105.6881,26.7,88,13.5,61,1009.6,1
2021-04-20,Dong_Thap,10.4938,105.6881,27.7,84,10.5,70,1008.8,1
2021-04-21,Dong_Thap,10.4938,105.6881,27.9,84,13.3,95,1008.9,1
2021-04-22,Dong_Thap,10.4938,105.6881,27.1,87,12.4,96,1008.7,1
2021-04-23,Dong_Thap,10.4938,105.6881,26.6,90,18.6,96,1008.1,1
2021-04-24,Dong_Thap,10.4938,105.6881,27.3,85,12.7,76,1008.2,1
2021-04-25,Dong_Thap,10.4938,105.6881,27.4,86,15.0,77,1008.8,1
2021-04-26,Dong_Thap,10.4938,105.6881,27.9,84,13.0,71,1008.5,1
2021-04-27,Dong_Thap,10.4938,105.6881,27.0,88,12.7,90,1010.0,1
2021-04-28,Dong_Thap,10.4938,105.6881,26.7,88,14.2,95,1010.9,1
2021-04-29,Dong_Thap,10.4938,105.6881,27.4,84,13.6,51,1010.3,1
2021-04-30,Dong_Thap,10.4938,105.6881,27.6,84,12.0,62,1010.0,1
2021-05-01,Dong_Thap,10.4938,105.6881,27.2,87,11.4,73,1010.3,1
2021-05-02,Dong_Thap,10.4938,105.6881,28.1,82,13.0,44,1009.7,1
2021-05-03,Dong_Thap,10.4938,105.6881,28.5,78,14.7,59,1008.1,1
2021-05-04,Dong_Thap,10.4938,105.6881,28.9,76,14.4,35,1007.5,0
2021-05-05,Dong_Thap,10.4938,105.6881,29.6,74,15.9,74,1007.6,1
2021-05-06,Dong_Thap,10.4938,105.6881,28.2,82,17.6,97,1009.7,1
2021-05-07,Dong_Thap,10.4938,105.6881,28.2,80,11.1,99,1010.0,1
2021-05-08,Dong_Thap,10.4938,105.6881,28.5,81,14.3,97,1008.6,1
2021-05-09,Dong_Thap,10.4938,105.6881,28.0,85,8.8,86,1008.2,1
2021-05-10,Dong_Thap,10.4938,105.6881,28.4,83,10.2,39,1007.8,1
2021-05-11,Dong_Thap,10.4938,105.6881,28.9,79,8.4,46,1007.3,1
2021-05-12,Dong_Thap,10.4938,105.6881,29.2,79,9.9,60,1006.7,1
2021-05-13,Dong_Thap,10.4938,105.6881,28.9,82,10.3,68,1006.2,1
2021-05-14,Dong_Thap,10.4938,105.6881,28.4,84,14.8,73,1006.6,1
2021-05-15,Dong_Thap,10.4938,105.6881,27.9,86,15.0,97,1007.4,1
2021-05-16,Dong_Thap,10.4938,105.6881,28.4,85,10.9,46,1007.0,1
2021-05-17,Dong_Thap,10.4938,105.6881,27.9,87,10.5,94,1007.8,1
2021-05-18,Dong_Thap,10.4938,105.6881,27.4,85,9.7,90,1008.3,1
2021-05-19,Dong_Thap,10.4938,105.6881,27.7,86,11.7,88,1007.7,1
2021-05-20,Dong_Thap,10.4938,105.6881,27.8,86,15.0,78,1007.8,1
2021-05-21,Dong_Thap,10.4938,105.6881,28.0,85,15.1,97,1007.8,1
2021-05-22,Dong_Thap,10.4938,105.6881,27.2,88,18.8,99,1007.3,1
2021-05-23,Dong_Thap,10.4938,105.6881,27.8,85,18.7,95,1006.6,1
2021-05-24,Dong_Thap,10.4938,105.6881,26.9,89,16.0,100,1007.4,1
2021-05-25,Dong_Thap,10.4938,105.6881,26.7,91,15.6,98,1007.6,1
2021-05-26,Dong_Thap,10.4938,105.6881,26.3,91,15.3,99,1007.6,1
2021-05-27,Dong_Thap,10.4938,105.6881,26.4,91,14.3,93,1008.0,1
2021-05-28,Dong_Thap,10.4938,105.6881,27.1,88,14.5,55,1009.4,1
2021-05-29,Dong_Thap,10.4938,105.6881,27.8,86,16.1,42,1009.2,1
2021-05-30,Dong_Thap,10.4938,105.6881,28.3,85,11.7,39,1008.0,1
2021-05-31,Dong_Thap,10.4938,105.6881,28.8,84,15.2,32,1006.6,1
2021-06-01,Dong_Thap,10.4938,105.6881,29.0,84,12.4,70,1006.9,1
2021-06-02,Dong_Thap,10.4938,105.6881,28.6,85,12.7,75,1007.3,1
2021-06-03,Dong_Thap,10.4938,105.6881,28.6,85,15.3,73,1008.2,1
2021-06-04,Dong_Thap,10.4938,105.6881,29.3,80,13.6,69,1007.8,1
2021-06-05,Dong_Thap,10.4938,105.6881,28.3,85,20.5,83,1008.0,1
2021-06-06,Dong_Thap,10.4938,105.6881,28.1,84,19.3,98,1007.7,1
2021-06-07,Dong_Thap,10.4938,105.6881,27.4,86,20.8,98,1008.5,1
2021-06-08,Dong_Thap,10.4938,105.6881,26.2,93,18.5,94,1009.2,1
2021-06-09,Dong_Thap,10.4938,105.6881,27.0,89,17.1,90,1008.4,1
2021-06-10,Dong_Thap,10.4938,105.6881,26.7,89,18.8,96,1007.3,1
2021-06-11,Dong_Thap,10.4938,105.6881,27.0,87,20.2,97,1006.3,1
2021-06-12,Dong_Thap,10.4938,105.6881,26.9,85,16.9,100,1007.3,1
2021-06-13,Dong_Thap,10.4938,105.6881,26.9,85,21.3,88,1008.5,1
2021-06-14,Dong_Thap,10.4938,105.6881,27.5,85,21.5,56,1008.4,1
2021-06-15,Dong_Thap,10.4938,105.6881,27.3,86,14.3,74,1007.7,1
2021-06-16,Dong_Thap,10.4938,105.6881,27.6,84,19.2,92,1009.1,1
2021-06-17,Dong_Thap,10.4938,105.6881,28.3,80,16.5,70,1009.7,1
2021-06-18,Dong_Thap,10.4938,105.6881,28.1,82,16.6,81,1010.2,1
2021-06-19,Dong_Thap,10.4938,105.6881,28.3,81,16.8,74,1009.5,1
2021-06-20,Dong_Thap,10.4938,105.6881,28.1,81,18.4,55,1008.4,1
2021-06-21,Dong_Thap,10.4938,105.6881,27.4,85,20.6,55,1008.0,1
2021-06-22,Dong_Thap,10.4938,105.6881,27.2,85,19.5,67,1008.8,1
2021-06-23,Dong_Thap,10.4938,105.6881,27.3,85,18.7,52,1009.6,1
2021-06-24,Dong_Thap,10.4938,105.6881,27.9,81,17.9,41,1008.1,1
2021-06-25,Dong_Thap,10.4938,105.6881,28.3,80,18.1,55,1007.4,1
2021-06-26,Dong_Thap,10.4938,105.6881,28.0,81,14.2,60,1008.7,1
2021-06-27,Dong_Thap,10.4938,105.6881,28.6,77,15.1,25,1009.7,1
2021-06-28,Dong_Thap,10.4938,105.6881,28.6,79,14.4,56,1008.8,1
2021-06-29,Dong_Thap,10.4938,105.6881,28.8,81,19.7,51,1008.2,1
2021-06-30,Dong_Thap,10.4938,105.6881,28.0,83,18.4,74,1008.5,1
2021-07-01,Dong_Thap,10.4938,105.6881,28.9,78,15.4,40,1008.4,1
2021-07-02,Dong_Thap,10.4938,105.6881,28.7,78,13.9,15,1008.7,1
2021-07-03,Dong_Thap,10.4938,105.6881,29.5,77,14.5,40,1007.1,1
2021-07-04,Dong_Thap,10.4938,105.6881,29.4,78,16.3,84,1006.2,1
2021-07-05,Dong_Thap,10.4938,105.6881,27.7,85,19.2,86,1005.8,1
2021-07-06,Dong_Thap,10.4938,105.6881,26.3,92,18.2,99,1005.8,1
2021-07-07,Dong_Thap,10.4938,105.6881,26.4,89,20.0,99,1007.0,1
2021-07-08,Dong_Thap,10.4938,105.6881,25.6,92,17.0,98,1007.7,1
2021-07-09,Dong_Thap,10.4938,105.6881,24.7,95,12.1,100,1007.3,1
2021-07-10,Dong_Thap,10.4938,105.6881,26.4,88,9.7,93,1007.4,1
2021-07-11,Dong_Thap,10.4938,105.6881,27.1,87,11.2,76,1008.6,1
2021-07-12,Dong_Thap,10.4938,105.6881,26.9,88,11.2,88,1008.8,1
2021-07-13,Dong_Thap,10.4938,105.6881,27.0,87,9.9,98,1007.7,1
2021-07-14,Dong_Thap,10.4938,105.6881,26.4,88,12.0,97,1007.0,1
2021-07-15,Dong_Thap,10.4938,105.6881,26.0,92,14.1,100,1008.3,1
2021-07-16,Dong_Thap,10.4938,105.6881,27.9,81,11.2,84,1009.3,1
2021-07-17,Dong_Thap,10.4938,105.6881,27.9,81,17.1,61,1007.4,1
2021-07-18,Dong_Thap,10.4938,105.6881,27.1,87,20.8,97,1006.6,1
2021-07-19,Dong_Thap,10.4938,105.6881,27.0,85,18.2,95,1007.7,1
2021-07-20,Dong_Thap,10.4938,105.6881,27.8,82,18.7,79,1008.5,1
2021-07-21,Dong_Thap,10.4938,105.6881,27.1,86,21.0,70,1008.1,1
2021-07-22,Dong_Thap,10.4938,105.6881,27.5,84,20.0,88,1007.5,1
2021-07-23,Dong_Thap,10.4938,105.6881,27.6,84,22.7,95,1007.1,1
2021-07-24,Dong_Thap,10.4938,105.6881,28.5,79,23.7,98,1006.8,1
2021-07-25,Dong_Thap,10.4938,105.6881,27.4,85,24.4,81,1007.4,1
2021-07-26,Dong_Thap,10.4938,105.6881,27.8,83,22.9,58,1006.7,1
2021-07-27,Dong_Thap,10.4938,105.6881,28.2,81,24.9,56,1006.2,1
2021-07-28,Dong_Thap,10.4938,105.6881,27.5,84,23.8,88,1006.1,1
2021-07-29,Dong_Thap,10.4938,105.6881,26.7,88,21.1,96,1007.1,1
2021-07-30,Dong_Thap,10.4938,105.6881,26.8,88,23.3,90,1007.9,1
2021-07-31,Dong_Thap,10.4938,105.6881,27.7,83,20.5,93,1008.0,1
2021-08-01,Dong_Thap,10.4938,105.6881,27.9,82,23.8,81,1007.0,1
2021-08-02,Dong_Thap,10.4938,105.6881,28.0,81,24.4,65,1007.2,1
2021-08-03,Dong_Thap,10.4938,105.6881,28.3,79,27.6,91,1007.9,1
2021-08-04,Dong_Thap,10.4938,105.6881,28.2,80,24.1,96,1008.4,1
2021-08-05,Dong_Thap,10.4938,105.6881,27.7,84,20.0,91,1008.3,1
2021-08-06,Dong_Thap,10.4938,105.6881,28.2,80,21.3,88,1008.5,1
2021-08-07,Dong_Thap,10.4938,105.6881,28.3,80,19.5,82,1008.8,1
2021-08-08,Dong_Thap,10.4938,105.6881,28.7,79,21.1,97,1008.4,1
2021-08-09,Dong_Thap,10.4938,105.6881,28.9,79,18.0,76,1007.4,1
2021-08-10,Dong_Thap,10.4938,105.6881,27.7,86,18.6,79,1006.8,1
2021-08-11,Dong_Thap,10.4938,105.6881,27.3,87,17.1,84,1008.8,1
2021-08-12,Dong_Thap,10.4938,105.6881,26.9,86,14.1,92,1010.8,1
2021-08-13,Dong_Thap,10.4938,105.6881,27.0,86,14.6,97,1009.1,1
2021-08-14,Dong_Thap,10.4938,105.6881,27.4,83,15.9,99,1008.0,1
2021-08-15,Dong_Thap,10.4938,105.6881,26.5,85,9.5,97,1009.8,1
2021-08-16,Dong_Thap,10.4938,105.6881,27.7,83,7.2,45,1011.5,1
2021-08-17,Dong_Thap,10.4938,105.6881,27.2,85,6.5,90,1010.7,1
2021-08-18,Dong_Thap,10.4938,105.6881,26.9,87,8.6,96,1008.9,1
2021-08-19,Dong_Thap,10.4938,105.6881,27.3,85,10.5,86,1008.3,1
2021-08-20,Dong_Thap,10.4938,105.6881,26.9,87,10.4,86,1009.0,1
2021-08-21,Dong_Thap,10.4938,105.6881,27.4,84,11.3,34,1009.2,1
2021-08-22,Dong_Thap,10.4938,105.6881,27.6,83,19.5,83,1008.6,1
2021-08-23,Dong_Thap,10.4938,105.6881,27.0,85,19.3,95,1008.0,1
2021-08-24,Dong_Thap,10.4938,105.6881,26.5,89,17.6,86,1007.2,1
2021-08-25,Dong_Thap,10.4938,105.6881,24.8,96,15.5,99,1007.8,1
2021-08-26,Dong_Thap,10.4938,105.6881,25.1,94,12.6,98,1008.1,1
2021-08-27,Dong_Thap,10.4938,105.6881,26.5,88,13.6,96,1007.7,1
2021-08-28,Dong_Thap,10.4938,105.6881,26.4,87,8.7,95,1007.6,1
2021-08-29,Dong_Thap,10.4938,105.6881,26.6,88,9.3,97,1007.5,1
2021-08-30,Dong_Thap,10.4938,105.6881,26.5,89,7.9,94,1008.2,1
2021-08-31,Dong_Thap,10.4938,105.6881,26.8,87,15.8,94,1008.7,1
2021-09-01,Dong_Thap,10.4938,105.6881,26.8,89,11.6,97,1008.4,1
2021-09-02,Dong_Thap,10.4938,105.6881,26.7,88,17.3,98,1008.2,1
2021-09-03,Dong_Thap,10.4938,105.6881,26.7,85,17.1,97,1007.9,1
2021-09-04,Dong_Thap,10.4938,105.6881,26.6,84,20.5,99,1008.4,1
2021-09-05,Dong_Thap,10.4938,105.6881,26.4,86,14.5,96,1008.8,1
2021-09-06,Dong_Thap,10.4938,105.6881,26.7,86,14.7,90,1008.9,1
2021-09-07,Dong_Thap,10.4938,105.6881,26.7,86,18.9,96,1008.0,1
2021-09-08,Dong_Thap,10.4938,105.6881,26.7,86,21.5,94,1006.6,1
2021-09-09,Dong_Thap,10.4938,105.6881,26.3,88,22.7,98,1007.9,1
2021-09-10,Dong_Thap,10.4938,105.6881,26.7,87,21.0,99,1008.5,1
2021-09-11,Dong_Thap,10.4938,105.6881,27.1,85,22.0,100,1007.3,1
2021-09-12,Dong_Thap,10.4938,105.6881,28.2,76,23.1,97,1005.1,1
2021-09-13,Dong_Thap,10.4938,105.6881,27.4,84,16.0,95,1006.0,1
2021-09-14,Dong_Thap,10.4938,105.6881,26.5,90,16.8,99,1008.1,1
2021-09-15,Dong_Thap,10.4938,105.6881,26.1,89,15.7,95,1009.6,1
2021-09-16,Dong_Thap,10.4938,105.6881,27.3,79,7.5,92,1009.5,1
2021-09-17,Dong_Thap,10.4938,105.6881,27.5,85,6.3,87,1009.0,1
2021-09-18,Dong_Thap,10.4938,105.6881,27.3,88,12.4,85,1008.6,1
2021-09-19,Dong_Thap,10.4938,105.6881,25.3,94,8.3,99,1008.8,1
2021-09-20,Dong_Thap,10.4938,105.6881,25.7,89,19.5,96,1008.3,1
2021-09-21,Dong_Thap,10.4938,105.6881,26.5,86,15.0,86,1007.9,1
2021-09-22,Dong_Thap,10.4938,105.6881,26.5,87,16.4,82,1008.3,1
2021-09-23,Dong_Thap,10.4938,105.6881,26.7,89,11.3,98,1008.6,1
2021-09-24,Dong_Thap,10.4938,105.6881,26.3,90,16.9,99,1008.6,1
2021-09-25,Dong_Thap,10.4938,105.6881,26.4,88,18.4,96,1008.2,1
2021-09-26,Dong_Thap,10.4938,105.6881,26.8,87,6.9,95,1007.5,1
2021-09-27,Dong_Thap,10.4938,105.6881,27.1,86,15.6,68,1007.9,1
2021-09-28,Dong_Thap,10.4938,105.6881,27.2,87,11.3,75,1008.4,1
2021-09-29,Dong_Thap,10.4938,105.6881,27.1,86,6.5,47,1007.8,1
2021-09-30,Dong_Thap,10.4938,105.6881,26.8,89,14.2,89,1008.6,1
2021-10-01,Dong_Thap,10.4938,105.6881,27.0,87,10.3,95,1009.1,1
2021-10-02,Dong_Thap,10.4938,105.6881,26.2,89,16.9,94,1009.7,1
2021-10-03,Dong_Thap,10.4938,105.6881,25.8,91,7.2,91,1008.7,1
2021-10-04,Dong_Thap,10.4938,105.6881,26.9,87,11.0,89,1007.1,1
2021-10-05,Dong_Thap,10.4938,105.6881,26.5,88,11.2,95,1006.0,1
2021-10-06,Dong_Thap,10.4938,105.6881,26.1,89,11.3,100,1004.7,1
2021-10-07,Dong_Thap,10.4938,105.6881,25.9,91,14.8,100,1004.3,1
2021-10-08,Dong_Thap,10.4938,105.6881,26.4,90,21.3,100,1005.0,1
2021-10-09,Dong_Thap,10.4938,105.6881,26.8,87,22.9,98,1006.4,1
2021-10-10,Dong_Thap,10.4938,105.6881,28.2,80,21.2,70,1005.7,1
2021-10-11,Dong_Thap,10.4938,105.6881,26.9,88,19.2,99,1005.5,1
2021-10-12,Dong_Thap,10.4938,105.6881,26.2,87,21.2,98,1005.5,1
2021-10-13,Dong_Thap,10.4938,105.6881,26.7,86,24.6,100,1004.4,1
2021-10-14,Dong_Thap,10.4938,105.6881,27.5,83,23.8,100,1005.3,1
2021-10-15,Dong_Thap,10.4938,105.6881,27.1,87,20.6,96,1006.4,1
2021-10-16,Dong_Thap,10.4938,105.6881,26.3,91,10.7,100,1007.9,1
2021-10-17,Dong_Thap,10.4938,105.6881,25.6,91,12.6,100,1008.4,1
2021-10-18,Dong_Thap,10.4938,105.6881,27.0,81,14.1,90,1009.7,1
2021-10-19,Dong_Thap,10.4938,105.6881,27.4,85,11.3,78,1012.2,1
2021-10-20,Dong_Thap,10.4938,105.6881,25.7,91,10.7,87,1012.7,1
2021-10-21,Dong_Thap,10.4938,105.6881,26.4,85,13.6,99,1011.4,1
2021-10-22,Dong_Thap,10.4938,105.6881,26.0,89,12.3,88,1011.7,1
2021-10-23,Dong_Thap,10.4938,105.6881,25.9,89,17.9,88,1012.1,1
2021-10-24,Dong_Thap,10.4938,105.6881,26.3,86,10.2,75,1010.7,1
2021-10-25,Dong_Thap,10.4938,105.6881,27.2,82,14.8,95,1009.3,1
2021-10-26,Dong_Thap,10.4938,105.6881,27.9,73,14.1,99,1008.4,0
2021-10-27,Dong_Thap,10.4938,105.6881,27.0,79,9.5,100,1008.6,1
2021-10-28,Dong_Thap,10.4938,105.6881,27.1,81,15.5,74,1010.0,1
2021-10-29,Dong_Thap,10.4938,105.6881,27.1,85,12.6,73,1011.5,1
2021-10-30,Dong_Thap,10.4938,105.6881,26.8,86,14.3,89,1011.5,1
2021-10-31,Dong_Thap,10.4938,105.6881,26.4,88,15.8,84,1011.9,1
2021-11-01,Dong_Thap,10.4938,105.6881,26.9,84,12.3,69,1011.0,1
2021-11-02,Dong_Thap,10.4938,105.6881,27.0,79,13.0,77,1010.8,1
2021-11-03,Dong_Thap,10.4938,105.6881,26.9,83,11.7,97,1010.0,1
2021-11-04,Dong_Thap,10.4938,105.6881,27.3,81,17.4,80,1009.9,1
2021-11-05,Dong_Thap,10.4938,105.6881,27.4,83,11.3,93,1008.8,1
2021-11-06,Dong_Thap,10.4938,105.6881,26.9,86,17.1,78,1007.2,1
2021-11-07,Dong_Thap,10.4938,105.6881,27.1,84,11.1,79,1007.1,1
2021-11-08,Dong_Thap,10.4938,105.6881,26.8,85,21.1,87,1008.3,1
2021-11-09,Dong_Thap,10.4938,105.6881,26.4,87,15.2,91,1009.3,1
2021-11-10,Dong_Thap,10.4938,105.6881,26.8,82,17.2,93,1009.2,1
2021-11-11,Dong_Thap,10.4938,105.6881,25.2,89,10.5,100,1009.3,1
2021-11-12,Dong_Thap,10.4938,105.6881,25.6,88,13.5,99,1009.9,1
2021-11-13,Dong_Thap,10.4938,105.6881,25.7,88,18.0,91,1009.8,1
2021-11-14,Dong_Thap,10.4938,105.6881,25.4,90,10.0,99,1010.2,1
2021-11-15,Dong_Thap,10.4938,105.6881,25.6,91,17.3,100,1008.9,1
2021-11-16,Dong_Thap,10.4938,105.6881,25.1,93,16.6,100,1008.8,1
2021-11-17,Dong_Thap,10.4938,105.6881,25.9,89,16.1,83,1009.2,1
2021-11-18,Dong_Thap,10.4938,105.6881,25.8,90,14.0,99,1008.4,1
2021-11-19,Dong_Thap,10.4938,105.6881,26.8,85,9.1,71,1007.4,1
2021-11-20,Dong_Thap,10.4938,105.6881,26.3,89,8.1,95,1007.4,1
2021-11-21,Dong_Thap,10.4938,105.6881,26.8,85,14.5,100,1008.2,1
2021-11-22,Dong_Thap,10.4938,105.6881,25.9,88,22.2,98,1009.3,1
2021-11-23,Dong_Thap,10.4938,105.6881,26.2,87,13.8,100,1009.1,1
2021-11-24,Dong_Thap,10.4938,105.6881,26.4,84,13.9,91,1009.9,1
2021-11-25,Dong_Thap,10.4938,105.6881,26.5,85,12.4,95,1009.9,1
2021-11-26,Dong_Thap,10.4938,105.6881,26.6,76,10.5,93,1009.5,1
2021-11-27,Dong_Thap,10.4938,105.6881,25.1,80,21.0,100,1009.5,1
2021-11-28,Dong_Thap,10.4938,105.6881,25.4,84,23.2,100,1008.6,1
2021-11-29,Dong_Thap,10.4938,105.6881,25.0,91,14.1,100,1008.2,1
2021-11-30,Dong_Thap,10.4938,105.6881,24.6,93,17.3,100,1009.1,1
2021-12-01,Dong_Thap,10.4938,105.6881,25.6,81,13.0,90,1010.4,1
2021-12-02,Dong_Thap,10.4938,105.6881,25.3,73,11.6,85,1011.4,0
2021-12-03,Dong_Thap,10.4938,105.6881,24.7,72,12.8,87,1013.0,0
2021-12-04,Dong_Thap,10.4938,105.6881,23.6,68,13.4,97,1013.0,0
2021-12-05,Dong_Thap,10.4938,105.6881,23.4,69,12.6,80,1012.3,0
2021-12-06,Dong_Thap,10.4938,105.6881,25.0,73,15.2,57,1011.5,0
2021-12-07,Dong_Thap,10.4938,105.6881,25.2,75,12.1,97,1011.9,0
2021-12-08,Dong_Thap,10.4938,105.6881,25.5,71,11.7,65,1012.1,0
2021-12-09,Dong_Thap,10.4938,105.6881,25.8,82,13.7,76,1012.3,1
2021-12-10,Dong_Thap,10.4938,105.6881,25.9,71,13.2,57,1012.0,0
2021-12-11,Dong_Thap,10.4938,105.6881,24.7,77,7.4,75,1012.3,0
2021-12-12,Dong_Thap,10.4938,105.6881,26.0,73,9.4,62,1011.4,1
2021-12-13,Dong_Thap,10.4938,105.6881,26.9,64,19.4,75,1010.8,0
2021-12-14,Dong_Thap,10.4938,105.6881,27.0,67,10.9,72,1009.6,1
2021-12-15,Dong_Thap,10.4938,105.6881,27.2,72,11.5,75,1009.1,0
2021-12-16,Dong_Thap,10.4938,105.6881,27.4,79,13.2,70,1009.5,1
2021-12-17,Dong_Thap,10.4938,105.6881,27.4,77,10.5,95,1009.5,1
2021-12-18,Dong_Thap,10.4938,105.6881,27.4,68,18.7,84,1009.5,0
2021-12-19,Dong_Thap,10.4938,105.6881,25.9,57,19.5,100,1010.1,0
2021-12-20,Dong_Thap,10.4938,105.6881,25.5,68,11.4,91,1011.7,0
2021-12-21,Dong_Thap,10.4938,105.6881,26.3,73,10.8,44,1011.8,0
2021-12-22,Dong_Thap,10.4938,105.6881,26.1,84,13.7,86,1011.3,1
2021-12-23,Dong_Thap,10.4938,105.6881,26.4,77,17.1,76,1011.0,1
2021-12-24,Dong_Thap,10.4938,105.6881,26.6,74,12.4,56,1011.0,0
2021-12-25,Dong_Thap,10.4938,105.6881,26.9,73,12.7,42,1011.6,1
2021-12-26,Dong_Thap,10.4938,105.6881,26.9,76,9.1,41,1012.5,1
2021-12-27,Dong_Thap,10.4938,105.6881,26.4,80,14.8,55,1013.0,1
2021-12-28,Dong_Thap,10.4938,105.6881,25.7,86,16.7,64,1012.6,1
2021-12-29,Dong_Thap,10.4938,105.6881,26.6,77,22.6,80,1012.3,1
2021-12-30,Dong_Thap,10.4938,105.6881,27.4,63,18.2,85,1012.9,1
2021-12-31,Dong_Thap,10.4938,105.6881,27.2,59,16.3,65,1013.0,0
2022-01-01,Dong_Thap,10.4938,105.6881,26.7,61,11.8,36,1012.9,1
2022-01-02,Dong_Thap,10.4938,105.6881,27.3,65,11.9,73,1012.1,0
2022-01-03,Dong_Thap,10.4938,105.6881,27.2,69,7.8,96,1011.4,0
2022-01-04,Dong_Thap,10.4938,105.6881,27.4,70,13.5,74,1011.4,1
2022-01-05,Dong_Thap,10.4938,105.6881,26.4,79,16.5,86,1011.3,1
2022-01-06,Dong_Thap,10.4938,105.6881,26.9,78,10.1,81,1011.7,1
2022-01-07,Dong_Thap,10.4938,105.6881,26.6,80,8.8,52,1012.4,1
2022-01-08,Dong_Thap,10.4938,105.6881,27.1,73,15.6,33,1012.0,1
2022-01-09,Dong_Thap,10.4938,105.6881,27.2,71,15.8,22,1011.2,0
2022-01-10,Dong_Thap,10.4938,105.6881,27.4,71,13.5,40,1011.7,1
2022-01-11,Dong_Thap,10.4938,105.6881,27.4,68,17.6,25,1012.6,1
2022-01-12,Dong_Thap,10.4938,105.6881,26.9,65,14.3,72,1013.1,0
2022-01-13,Dong_Thap,10.4938,105.6881,26.4,69,15.0,61,1013.1,0
2022-01-14,Dong_Thap,10.4938,105.6881,26.4,67,12.2,67,1013.1,1
2022-01-15,Dong_Thap,10.4938,105.6881,26.6,65,13.3,61,1012.5,0
2022-01-16,Dong_Thap,10.4938,105.6881,26.9,63,21.1,50,1012.3,0
2022-01-17,Dong_Thap,10.4938,105.6881,27.4,65,14.6,62,1012.2,1
2022-01-18,Dong_Thap,10.4938,105.6881,27.1,67,14.0,20,1011.4,1
2022-01-19,Dong_Thap,10.4938,105.6881,26.8,70,14.7,71,1010.4,1
2022-01-20,Dong_Thap,10.4938,105.6881,27.0,69,13.3,32,1010.0,1
2022-01-21,Dong_Thap,10.4938,105.6881,27.3,68,13.8,18,1010.5,1
2022-01-22,Dong_Thap,10.4938,105.6881,27.5,67,14.3,41,1009.6,0
2022-01-23,Dong_Thap,10.4938,105.6881,27.2,71,10.8,28,1009.7,1
2022-01-24,Dong_Thap,10.4938,105.6881,27.6,72,12.0,80,1009.6,1
2022-01-25,Dong_Thap,10.4938,105.6881,27.4,74,12.6,63,1009.9,1
2022-01-26,Dong_Thap,10.4938,105.6881,27.9,72,13.0,50,1010.0,1
2022-01-27,Dong_Thap,10.4938,105.6881,28.1,69,12.6,44,1009.5,0
2022-01-28,Dong_Thap,10.4938,105.6881,27.8,71,12.7,88,1010.2,1
2022-01-29,Dong_Thap,10.4938,105.6881,27.6,74,13.9,29,1009.7,1
2022-01-30,Dong_Thap,10.4938,105.6881,27.6,75,15.1,45,1010.0,1
2022-01-31,Dong_Thap,10.4938,105.6881,27.6,70,18.2,14,1010.1,0
2022-02-01,Dong_Thap,10.4938,105.6881,27.9,67,21.8,5,1010.0,0
2022-02-02,Dong_Thap,10.4938,105.6881,28.5,61,17.7,48,1010.9,0
2022-02-03,Dong_Thap,10.4938,105.6881,28.5,65,17.7,27,1010.4,0
2022-02-04,Dong_Thap,10.4938,105.6881,28.8,64,17.0,80,1009.7,1
2022-02-05,Dong_Thap,10.4938,105.6881,28.3,64,13.3,76,1010.1,1
2022-02-06,Dong_Thap,10.4938,105.6881,28.7,60,17.6,94,1010.7,0
2022-02-07,Dong_Thap,10.4938,105.6881,28.9,63,18.3,72,1010.5,1
2022-02-08,Dong_Thap,10.4938,105.6881,28.5,66,17.7,58,1010.4,1
2022-02-09,Dong_Thap,10.4938,105.6881,28.8,62,17.0,89,1010.2,1
2022-02-10,Dong_Thap,10.4938,105.6881,28.8,63,17.2,86,1009.6,1
2022-02-11,Dong_Thap,10.4938,105.6881,28.5,64,17.6,94,1009.0,1
2022-02-12,Dong_Thap,10.4938,105.6881,28.3,65,17.8,92,1008.3,1
2022-02-13,Dong_Thap,10.4938,105.6881,27.9,70,20.2,60,1007.3,1
2022-02-14,Dong_Thap,10.4938,105.6881,28.9,66,22.7,17,1007.7,1
2022-02-15,Dong_Thap,10.4938,105.6881,28.5,68,24.7,23,1008.4,0
2022-02-16,Dong_Thap,10.4938,105.6881,28.1,71,19.4,32,1007.9,1
2022-02-17,Dong_Thap,10.4938,105.6881,28.4,70,16.8,44,1007.7,1
2022-02-18,Dong_Thap,10.4938,105.6881,28.7,68,17.6,27,1008.6,1
2022-02-19,Dong_Thap,10.4938,105.6881,28.9,68,10.7,71,1009.9,0
2022-02-20,Dong_Thap,10.4938,105.6881,28.5,71,15.8,98,1009.6,1
2022-02-21,Dong_Thap,10.4938,105.6881,26.4,81,17.7,69,1010.7,1
2022-02-22,Dong_Thap,10.4938,105.6881,26.3,81,12.8,84,1011.7,1
2022-02-23,Dong_Thap,10.4938,105.6881,26.5,82,8.9,99,1012.3,1
2022-02-24,Dong_Thap,10.4938,105.6881,26.7,73,12.9,83,1012.6,1
2022-02-25,Dong_Thap,10.4938,105.6881,26.1,65,12.5,95,1012.5,0
2022-02-26,Dong_Thap,10.4938,105.6881,27.6,64,15.5,88,1011.9,0
2022-02-27,Dong_Thap,10.4938,105.6881,28.1,63,18.2,51,1011.5,0
2022-02-28,Dong_Thap,10.4938,105.6881,28.6,62,18.6,45,1011.0,0
2022-03-01,Dong_Thap,10.4938,105.6881,29.0,61,15.6,33,1010.8,1
2022-03-02,Dong_Thap,10.4938,105.6881,28.8,60,17.8,71,1010.5,1
2022-03-03,Dong_Thap,10.4938,105.6881,28.5,67,17.4,74,1010.2,1
2022-03-04,Dong_Thap,10.4938,105.6881,29.2,63,16.3,71,1009.4,1
2022-03-05,Dong_Thap,10.4938,105.6881,28.3,72,15.0,84,1009.3,1
2022-03-06,Dong_Thap,10.4938,105.6881,28.9,67,17.7,73,1009.2,1
2022-03-07,Dong_Thap,10.4938,105.6881,29.0,69,19.8,84,1009.5,1
2022-03-08,Dong_Thap,10.4938,105.6881,28.9,62,21.2,54,1009.3,1
2022-03-09,Dong_Thap,10.4938,105.6881,29.0,62,18.3,77,1008.8,1
2022-03-10,Dong_Thap,10.4938,105.6881,28.0,66,14.5,78,1008.5,1
2022-03-11,Dong_Thap,10.4938,105.6881,28.3,66,16.1,29,1007.4,0
2022-03-12,Dong_Thap,10.4938,105.6881,28.6,65,16.4,90,1007.1,0
2022-03-13,Dong_Thap,10.4938,105.6881,29.1,67,20.0,82,1007.1,1
2022-03-14,Dong_Thap,10.4938,105.6881,29.2,70,17.7,73,1007.8,1
2022-03-15,Dong_Thap,10.4938,105.6881,29.3,70,16.4,66,1007.0,0
2022-03-16,Dong_Thap,10.4938,105.6881,28.5,73,15.8,84,1007.2,1
2022-03-17,Dong_Thap,10.4938,105.6881,29.0,71,10.2,82,1007.0,1
2022-03-18,Dong_Thap,10.4938,105.6881,27.6,81,12.7,74,1007.4,1
2022-03-19,Dong_Thap,10.4938,105.6881,28.0,74,16.2,100,1006.7,1
2022-03-20,Dong_Thap,10.4938,105.6881,28.2,76,15.1,72,1007.7,1
2022-03-21,Dong_Thap,10.4938,105.6881,27.1,82,14.2,95,1009.4,1
2022-03-22,Dong_Thap,10.4938,105.6881,26.3,88,20.0,100,1010.2,1
2022-03-23,Dong_Thap,10.4938,105.6881,27.0,84,11.7,78,1009.6,1
2022-03-24,Dong_Thap,10.4938,105.6881,28.1,79,12.1,41,1009.0,1
2022-03-25,Dong_Thap,10.4938,105.6881,28.3,80,15.2,22,1009.8,1
2022-03-26,Dong_Thap,10.4938,105.6881,29.0,73,12.0,9,1010.3,0
2022-03-27,Dong_Thap,10.4938,105.6881,28.1,80,12.3,48,1010.2,1
2022-03-28,Dong_Thap,10.4938,105.6881,27.0,83,20.3,76,1010.1,1
2022-03-29,Dong_Thap,10.4938,105.6881,26.7,84,6.7,49,1009.6,1
2022-03-30,Dong_Thap,10.4938,105.6881,27.7,81,14.5,81,1008.4,1
2022-03-31,Dong_Thap,10.4938,105.6881,26.6,86,16.3,98,1008.3,1
2022-04-01,Dong_Thap,10.4938,105.6881,25.3,90,14.0,99,1009.4,1
2022-04-02,Dong_Thap,10.4938,105.6881,26.3,86,15.0,98,1010.4,1
2022-04-03,Dong_Thap,10.4938,105.6881,26.1,82,14.1,81,1010.8,1
2022-04-04,Dong_Thap,10.4938,105.6881,25.6,84,17.0,93,1011.8,1
2022-04-05,Dong_Thap,10.4938,105.6881,25.7,87,12.5,84,1012.0,1
2022-04-06,Dong_Thap,10.4938,105.6881,26.5,86,13.1,93,1010.8,1
2022-04-07,Dong_Thap,10.4938,105.6881,26.7,84,11.3,100,1009.9,1
2022-04-08,Dong_Thap,10.4938,105.6881,26.7,82,13.0,74,1009.8,1
2022-04-09,Dong_Thap,10.4938,105.6881,26.7,82,12.2,64,1009.0,1
2022-04-10,Dong_Thap,10.4938,105.6881,26.7,83,16.8,74,1008.8,1
2022-04-11,Dong_Thap,10.4938,105.6881,26.2,84,13.6,60,1008.8,1
2022-04-12,Dong_Thap,10.4938,105.6881,27.1,82,11.2,25,1007.8,1
2022-04-13,Dong_Thap,10.4938,105.6881,28.4,79,11.7,24,1006.5,1
2022-04-14,Dong_Thap,10.4938,105.6881,28.7,79,12.9,80,1006.5,1
2022-04-15,Dong_Thap,10.4938,105.6881,27.3,86,11.3,98,1007.3,1
2022-04-16,Dong_Thap,10.4938,105.6881,27.0,86,13.5,73,1007.6,1
2022-04-17,Dong_Thap,10.4938,105.6881,28.2,77,15.2,53,1007.9,1
2022-04-18,Dong_Thap,10.4938,105.6881,27.5,82,16.3,75,1009.1,1
2022-04-19,Dong_Thap,10.4938,105.6881,27.7,79,15.4,91,1009.6,1
2022-04-20,Dong_Thap,10.4938,105.6881,27.5,81,12.9,54,1009.3,1
2022-04-21,Dong_Thap,10.4938,105.6881,27.8,82,16.0,80,1009.0,1
2022-04-22,Dong_Thap,10.4938,105.6881,28.4,78,14.0,40,1009.1,1
2022-04-23,Dong_Thap,10.4938,105.6881,28.1,82,12.2,48,1008.4,1
2022-04-24,Dong_Thap,10.4938,105.6881,27.5,84,11.5,87,1007.4,1
2022-04-25,Dong_Thap,10.4938,105.6881,28.2,83,9.7,89,1007.2,1
2022-04-26,Dong_Thap,10.4938,105.6881,28.5,78,13.8,80,1007.4,1
2022-04-27,Dong_Thap,10.4938,105.6881,29.9,73,12.4,71,1006.5,0
2022-04-28,Dong_Thap,10.4938,105.6881,28.5,81,17.7,78,1007.2,1
2022-04-29,Dong_Thap,10.4938,105.6881,25.9,93,9.1,97,1007.8,1
2022-04-30,Dong_Thap,10.4938,105.6881,26.9,85,13.0,100,1006.4,1
2022-05-01,Dong_Thap,10.4938,105.6881,27.4,84,15.8,85,1006.1,1
2022-05-02,Dong_Thap,10.4938,105.6881,26.9,87,15.9,99,1006.9,1
2022-05-03,Dong_Thap,10.4938,105.6881,25.6,91,14.0,99,1009.0,1
2022-05-04,Dong_Thap,10.4938,105.6881,26.2,89,8.7,97,1008.8,1
2022-05-05,Dong_Thap,10.4938,105.6881,26.4,88,11.1,95,1007.3,1
2022-05-06,Dong_Thap,10.4938,105.6881,26.9,86,16.7,98,1007.0,1
2022-05-07,Dong_Thap,10.4938,105.6881,27.5,83,18.8,100,1007.1,1
2022-05-08,Dong_Thap,10.4938,105.6881,26.4,88,20.3,100,1007.5,1
2022-05-09,Dong_Thap,10.4938,105.6881,26.6,90,17.2,100,1008.0,1
2022-05-10,Dong_Thap,10.4938,105.6881,27.1,89,12.6,100,1008.0,1
2022-05-11,Dong_Thap,10.4938,105.6881,28.0,85,9.3,93,1007.8,1
2022-05-12,Dong_Thap,10.4938,105.6881,27.4,88,9.4,100,1007.8,1
2022-05-13,Dong_Thap,10.4938,105.6881,28.2,86,15.0,97,1007.3,1
2022-05-14,Dong_Thap,10.4938,105.6881,28.3,86,11.6,85,1007.9,1
2022-05-15,Dong_Thap,10.4938,105.6881,28.8,83,15.1,77,1008.4,1
2022-05-16,Dong_Thap,10.4938,105.6881,26.8,88,14.5,100,1008.8,1
2022-05-17,Dong_Thap,10.4938,105.6881,27.0,89,13.5,100,1008.8,1
2022-05-18,Dong_Thap,10.4938,105.6881,26.5,90,11.1,99,1009.6,1
2022-05-19,Dong_Thap,10.4938,105.6881,25.9,93,18.3,100,1010.0,1
2022-05-20,Dong_Thap,10.4938,105.6881,27.1,88,12.8,92,1008.4,1
2022-05-21,Dong_Thap,10.4938,105.6881,27.5,85,17.1,99,1006.4,1
2022-05-22,Dong_Thap,10.4938,105.6881,26.4,90,21.5,100,1005.2,1
2022-05-23,Dong_Thap,10.4938,105.6881,26.2,90,18.6,100,1005.7,1
2022-05-24,Dong_Thap,10.4938,105.6881,27.9,84,17.1,89,1008.1,1
2022-05-25,Dong_Thap,10.4938,105.6881,28.0,83,14.7,99,1008.5,1
2022-05-26,Dong_Thap,10.4938,105.6881,28.0,83,12.1,99,1006.7,1
2022-05-27,Dong_Thap,10.4938,105.6881,26.9,88,17.9,98,1005.7,1
2022-05-28,Dong_Thap,10.4938,105.6881,26.7,87,21.3,100,1005.9,1
2022-05-29,Dong_Thap,10.4938,105.6881,26.3,88,19.5,92,1006.3,1
2022-05-30,Dong_Thap,10.4938,105.6881,26.7,88,14.0,89,1006.1,1
2022-05-31,Dong_Thap,10.4938,105.6881,27.3,88,12.4,85,1005.7,1
2022-06-01,Dong_Thap,10.4938,105.6881,26.9,90,15.8,100,1006.5,1
2022-06-02,Dong_Thap,10.4938,105.6881,26.5,89,17.0,96,1007.5,1
2022-06-03,Dong_Thap,10.4938,105.6881,26.2,91,14.5,94,1008.1,1
2022-06-04,Dong_Thap,10.4938,105.6881,26.2,90,13.4,100,1009.0,1
2022-06-05,Dong_Thap,10.4938,105.6881,27.1,85,16.5,59,1007.8,1
2022-06-06,Dong_Thap,10.4938,105.6881,27.7,84,15.6,75,1006.9,1
2022-06-07,Dong_Thap,10.4938,105.6881,27.2,88,17.1,97,1007.1,1
2022-06-08,Dong_Thap,10.4938,105.6881,27.2,86,9.6,98,1007.5,1
2022-06-09,Dong_Thap,10.4938,105.6881,28.8,80,10.5,89,1006.9,0
2022-06-10,Dong_Thap,10.4938,105.6881,27.4,87,16.1,100,1007.5,1
2022-06-11,Dong_Thap,10.4938,105.6881,27.7,84,17.4,95,1007.8,1
2022-06-12,Dong_Thap,10.4938,105.6881,26.6,88,10.1,98,1008.4,1
2022-06-13,Dong_Thap,10.4938,105.6881,27.4,86,9.4,91,1008.1,1
2022-06-14,Dong_Thap,10.4938,105.6881,27.7,84,12.4,88,1007.9,1
2022-06-15,Dong_Thap,10.4938,105.6881,27.2,85,11.2,100,1008.7,1
2022-06-16,Dong_Thap,10.4938,105.6881,27.5,86,13.5,99,1009.3,1
2022-06-17,Dong_Thap,10.4938,105.6881,27.7,85,9.3,97,1009.0,1
2022-06-18,Dong_Thap,10.4938,105.6881,27.8,83,15.3,89,1008.7,1
2022-06-19,Dong_Thap,10.4938,105.6881,27.2,85,13.0,92,1007.8,1
2022-06-20,Dong_Thap,10.4938,105.6881,27.2,87,13.3,91,1006.2,1
2022-06-21,Dong_Thap,10.4938,105.6881,26.4,88,16.9,96,1006.3,1
2022-06-22,Dong_Thap,10.4938,105.6881,26.7,90,16.6,95,1008.4,1
2022-06-23,Dong_Thap,10.4938,105.6881,26.9,88,13.4,95,1008.7,1
2022-06-24,Dong_Thap,10.4938,105.6881,26.2,90,13.0,85,1007.9,1
2022-06-25,Dong_Thap,10.4938,105.6881,26.0,90,16.0,95,1006.9,1
2022-06-26,Dong_Thap,10.4938,105.6881,26.9,88,10.8,74,1007.9,1
2022-06-27,Dong_Thap,10.4938,105.6881,27.7,84,12.5,57,1008.1,1
2022-06-28,Dong_Thap,10.4938,105.6881,28.0,82,15.1,97,1006.8,1
2022-06-29,Dong_Thap,10.4938,105.6881,28.2,83,18.1,100,1004.4,1
2022-06-30,Dong_Thap,10.4938,105.6881,27.1,87,22.6,100,1004.1,1
2022-07-01,Dong_Thap,10.4938,105.6881,26.8,88,17.9,100,1004.6,1
2022-07-02,Dong_Thap,10.4938,105.6881,26.5,88,19.6,100,1005.2,1
2022-07-03,Dong_Thap,10.4938,105.6881,26.7,90,14.2,100,1006.0,1
2022-07-04,Dong_Thap,10.4938,105.6881,27.0,87,20.8,99,1006.2,1
2022-07-05,Dong_Thap,10.4938,105.6881,26.9,86,17.4,99,1006.6,1
2022-07-06,Dong_Thap,10.4938,105.6881,27.1,87,20.9,99,1007.5,1
2022-07-07,Dong_Thap,10.4938,105.6881,27.1,85,16.8,100,1007.4,1
2022-07-08,Dong_Thap,10.4938,105.6881,26.7,88,19.8,100,1007.0,1
2022-07-09,Dong_Thap,10.4938,105.6881,27.1,85,19.1,100,1005.8,1
2022-07-10,Dong_Thap,10.4938,105.6881,26.8,84,21.3,98,1006.0,1
2022-07-11,Dong_Thap,10.4938,105.6881,26.3,86,17.7,100,1006.2,1
2022-07-12,Dong_Thap,10.4938,105.6881,25.8,88,20.7,100,1005.2,1
2022-07-13,Dong_Thap,10.4938,105.6881,25.6,90,25.3,100,1004.6,1
2022-07-14,Dong_Thap,10.4938,105.6881,26.6,83,23.0,89,1005.1,1
2022-07-15,Dong_Thap,10.4938,105.6881,26.4,88,17.3,94,1006.3,1
2022-07-16,Dong_Thap,10.4938,105.6881,26.8,87,18.4,76,1007.2,1
2022-07-17,Dong_Thap,10.4938,105.6881,26.2,89,15.4,97,1008.4,1
2022-07-18,Dong_Thap,10.4938,105.6881,27.3,86,16.4,83,1007.1,1
2022-07-19,Dong_Thap,10.4938,105.6881,26.8,88,20.2,99,1006.1,1
2022-07-20,Dong_Thap,10.4938,105.6881,25.9,92,18.6,100,1006.7,1
2022-07-21,Dong_Thap,10.4938,105.6881,25.6,92,13.5,100,1009.1,1
2022-07-22,Dong_Thap,10.4938,105.6881,27.1,85,10.5,88,1009.6,1
2022-07-23,Dong_Thap,10.4938,105.6881,26.8,87,9.7,94,1008.7,1
2022-07-24,Dong_Thap,10.4938,105.6881,27.2,86,7.6,73,1007.3,1
2022-07-25,Dong_Thap,10.4938,105.6881,27.2,86,8.6,70,1007.7,1
2022-07-26,Dong_Thap,10.4938,105.6881,26.9,87,14.8,80,1008.0,1
2022-07-27,Dong_Thap,10.4938,105.6881,26.6,88,9.2,100,1007.6,1
2022-07-28,Dong_Thap,10.4938,105.6881,27.0,86,18.7,49,1007.5,1
2022-07-29,Dong_Thap,10.4938,105.6881,27.9,83,14.4,30,1006.7,1
2022-07-30,Dong_Thap,10.4938,105.6881,27.7,83,16.4,85,1006.4,1
2022-07-31,Dong_Thap,10.4938,105.6881,27.5,83,14.5,96,1005.5,1
2022-08-01,Dong_Thap,10.4938,105.6881,26.8,86,18.5,100,1006.3,1
2022-08-02,Dong_Thap,10.4938,105.6881,27.2,87,15.1,99,1007.1,1
2022-08-03,Dong_Thap,10.4938,105.6881,26.8,87,14.8,99,1008.4,1
2022-08-04,Dong_Thap,10.4938,105.6881,27.1,85,18.3,99,1008.1,1
2022-08-05,Dong_Thap,10.4938,105.6881,27.5,83,16.9,100,1007.5,1
2022-08-06,Dong_Thap,10.4938,105.6881,25.9,89,17.9,100,1007.1,1
2022-08-07,Dong_Thap,10.4938,105.6881,26.4,80,17.4,100,1006.8,1
2022-08-08,Dong_Thap,10.4938,105.6881,25.9,88,16.9,100,1007.0,1
2022-08-09,Dong_Thap,10.4938,105.6881,26.3,84,21.2,100,1006.7,1
2022-08-10,Dong_Thap,10.4938,105.6881,26.8,83,21.1,92,1006.2,1
2022-08-11,Dong_Thap,10.4938,105.6881,26.1,89,17.1,100,1007.1,1
2022-08-12,Dong_Thap,10.4938,105.6881,27.1,85,14.1,95,1008.0,1
2022-08-13,Dong_Thap,10.4938,105.6881,28.1,77,12.7,43,1008.3,1
2022-08-14,Dong_Thap,10.4938,105.6881,28.4,80,12.6,58,1008.0,1
2022-08-15,Dong_Thap,10.4938,105.6881,27.5,85,18.5,99,1007.7,1
2022-08-16,Dong_Thap,10.4938,105.6881,26.9,85,20.4,91,1007.6,1
2022-08-17,Dong_Thap,10.4938,105.6881,27.3,83,16.3,98,1007.9,1
2022-08-18,Dong_Thap,10.4938,105.6881,27.6,83,18.8,72,1007.5,1
2022-08-19,Dong_Thap,10.4938,105.6881,27.7,83,20.6,95,1006.9,1
2022-08-20,Dong_Thap,10.4938,105.6881,27.3,83,19.1,99,1006.5,1
2022-08-21,Dong_Thap,10.4938,105.6881,26.9,85,18.0,99,1006.7,1
2022-08-22,Dong_Thap,10.4938,105.6881,26.8,86,19.1,99,1007.6,1
2022-08-23,Dong_Thap,10.4938,105.6881,26.8,87,16.4,100,1007.6,1
2022-08-24,Dong_Thap,10.4938,105.6881,27.4,84,14.7,86,1006.4,1
2022-08-25,Dong_Thap,10.4938,105.6881,26.4,88,18.9,100,1006.4,1
2022-08-26,Dong_Thap,10.4938,105.6881,26.1,89,16.4,100,1008.3,1
2022-08-27,Dong_Thap,10.4938,105.6881,26.6,88,10.8,94,1008.6,1
2022-08-28,Dong_Thap,10.4938,105.6881,26.4,87,11.8,94,1007.5,1
2022-08-29,Dong_Thap,10.4938,105.6881,26.5,86,14.7,86,1008.2,1
2022-08-30,Dong_Thap,10.4938,105.6881,27.1,85,16.1,78,1008.3,1
2022-08-31,Dong_Thap,10.4938,105.6881,26.8,86,10.5,100,1007.8,1
2022-09-01,Dong_Thap,10.4938,105.6881,27.4,86,11.3,67,1007.6,1
2022-09-02,Dong_Thap,10.4938,105.6881,27.3,85,18.4,75,1007.9,1
2022-09-03,Dong_Thap,10.4938,105.6881,27.2,85,17.2,100,1007.4,1
2022-09-04,Dong_Thap,10.4938,105.6881,26.5,88,21.1,97,1008.3,1
2022-09-05,Dong_Thap,10.4938,105.6881,26.4,88,22.2,100,1008.8,1
2022-09-06,Dong_Thap,10.4938,105.6881,26.4,87,17.4,100,1008.2,1
2022-09-07,Dong_Thap,10.4938,105.6881,25.4,92,16.4,100,1008.7,1
2022-09-08,Dong_Thap,10.4938,105.6881,26.4,83,20.4,91,1009.8,1
2022-09-09,Dong_Thap,10.4938,105.6881,26.8,85,17.6,96,1009.9,1
2022-09-10,Dong_Thap,10.4938,105.6881,26.1,88,9.8,96,1009.6,1
2022-09-11,Dong_Thap,10.4938,105.6881,26.0,88,12.2,100,1008.9,1
2022-09-12,Dong_Thap,10.4938,105.6881,26.1,89,10.7,99,1008.3,1
2022-09-13,Dong_Thap,10.4938,105.6881,26.9,87,16.4,76,1009.2,1
2022-09-14,Dong_Thap,10.4938,105.6881,26.9,84,19.4,90,1010.1,1
2022-09-15,Dong_Thap,10.4938,105.6881,26.7,84,20.4,99,1009.5,1
2022-09-16,Dong_Thap,10.4938,105.6881,27.4,82,17.1,93,1007.3,1
2022-09-17,Dong_Thap,10.4938,105.6881,27.3,83,19.6,92,1007.6,1
2022-09-18,Dong_Thap,10.4938,105.6881,26.8,85,27.8,99,1008.5,1
2022-09-19,Dong_Thap,10.4938,105.6881,26.8,86,17.9,92,1008.7,1
2022-09-20,Dong_Thap,10.4938,105.6881,26.5,83,24.5,97,1007.7,1
2022-09-21,Dong_Thap,10.4938,105.6881,26.3,86,16.1,100,1007.0,1
2022-09-22,Dong_Thap,10.4938,105.6881,26.0,87,21.7,100,1007.4,1
2022-09-23,Dong_Thap,10.4938,105.6881,27.3,82,16.8,93,1007.9,1
2022-09-24,Dong_Thap,10.4938,105.6881,26.9,84,18.2,95,1007.3,1
2022-09-25,Dong_Thap,10.4938,105.6881,26.8,87,15.8,100,1007.9,1
2022-09-26,Dong_Thap,10.4938,105.6881,26.4,90,17.9,95,1008.0,1
2022-09-27,Dong_Thap,10.4938,105.6881,25.8,90,21.9,100,1006.1,1
2022-09-28,Dong_Thap,10.4938,105.6881,26.0,87,25.0,100,1003.5,1
2022-09-29,Dong_Thap,10.4938,105.6881,26.1,87,21.6,100,1005.3,1
2022-09-30,Dong_Thap,10.4938,105.6881,26.6,86,15.6,100,1008.0,1
2022-10-01,Dong_Thap,10.4938,105.6881,26.3,89,13.5,99,1008.6,1
2022-10-02,Dong_Thap,10.4938,105.6881,25.9,90,11.3,100,1008.1,1
2022-10-03,Dong_Thap,10.4938,105.6881,25.8,90,19.5,100,1008.3,1
2022-10-04,Dong_Thap,10.4938,105.6881,26.6,86,11.6,99,1009.2,1
2022-10-05,Dong_Thap,10.4938,105.6881,25.8,89,19.0,98,1009.8,1
2022-10-06,Dong_Thap,10.4938,105.6881,25.4,90,15.6,100,1010.1,1
2022-10-07,Dong_Thap,10.4938,105.6881,26.6,86,11.1,75,1009.6,1
2022-10-08,Dong_Thap,10.4938,105.6881,24.6,94,7.8,99,1010.5,1
2022-10-09,Dong_Thap,10.4938,105.6881,25.3,89,11.4,100,1010.6,1
2022-10-10,Dong_Thap,10.4938,105.6881,26.0,86,13.0,100,1011.2,1
2022-10-11,Dong_Thap,10.4938,105.6881,26.0,86,13.0,92,1010.6,1
2022-10-12,Dong_Thap,10.4938,105.6881,26.1,85,16.1,100,1009.5,1
2022-10-13,Dong_Thap,10.4938,105.6881,26.6,83,11.9,100,1008.2,1
2022-10-14,Dong_Thap,10.4938,105.6881,26.9,76,16.5,100,1006.5,1
2022-10-15,Dong_Thap,10.4938,105.6881,26.0,71,14.1,82,1006.4,0
2022-10-16,Dong_Thap,10.4938,105.6881,26.0,75,9.5,73,1009.0,1
2022-10-17,Dong_Thap,10.4938,105.6881,27.2,78,9.6,97,1009.2,1
2022-10-18,Dong_Thap,10.4938,105.6881,26.4,86,9.8,82,1008.6,1
2022-10-19,Dong_Thap,10.4938,105.6881,26.0,88,10.5,97,1008.5,1
2022-10-20,Dong_Thap,10.4938,105.6881,25.7,89,12.5,100,1010.0,1
2022-10-21,Dong_Thap,10.4938,105.6881,25.7,91,13.3,98,1011.2,1
2022-10-22,Dong_Thap,10.4938,105.6881,26.1,89,9.2,96,1011.3,1
2022-10-23,Dong_Thap,10.4938,105.6881,26.4,88,8.5,92,1010.9,1
2022-10-24,Dong_Thap,10.4938,105.6881,26.1,88,9.3,97,1010.0,1
2022-10-25,Dong_Thap,10.4938,105.6881,26.9,85,13.7,99,1009.6,1
2022-10-26,Dong_Thap,10.4938,105.6881,26.5,87,11.4,95,1009.3,1
2022-10-27,Dong_Thap,10.4938,105.6881,25.3,90,13.1,97,1008.9,1
2022-10-28,Dong_Thap,10.4938,105.6881,26.7,83,10.3,96,1007.3,1
2022-10-29,Dong_Thap,10.4938,105.6881,27.3,74,14.0,90,1007.1,1
2022-10-30,Dong_Thap,10.4938,105.6881,27.7,71,15.1,94,1007.1,1
2022-10-31,Dong_Thap,10.4938,105.6881,27.2,73,13.0,95,1007.8,0
2022-11-01,Dong_Thap,10.4938,105.6881,26.8,76,9.4,97,1008.8,0
2022-11-02,Dong_Thap,10.4938,105.6881,26.6,77,14.8,100,1009.4,0
2022-11-03,Dong_Thap,10.4938,105.6881,25.1,88,14.3,97,1010.3,1
2022-11-04,Dong_Thap,10.4938,105.6881,24.9,91,15.0,95,1011.8,1
2022-11-05,Dong_Thap,10.4938,105.6881,25.6,88,14.6,73,1012.8,1
2022-11-06,Dong_Thap,10.4938,105.6881,26.3,83,12.0,100,1012.1,1
2022-11-07,Dong_Thap,10.4938,105.6881,26.7,85,7.6,90,1011.0,1
2022-11-08,Dong_Thap,10.4938,105.6881,27.1,84,10.5,97,1010.3,1
2022-11-09,Dong_Thap,10.4938,105.6881,27.7,78,9.7,99,1010.2,1
2022-11-10,Dong_Thap,10.4938,105.6881,27.2,83,12.5,93,1009.8,1
2022-11-11,Dong_Thap,10.4938,105.6881,27.0,86,11.5,91,1009.6,1
2022-11-12,Dong_Thap,10.4938,105.6881,26.5,86,11.8,90,1009.1,1
2022-11-13,Dong_Thap,10.4938,105.6881,26.7,85,19.1,90,1008.9,1
2022-11-14,Dong_Thap,10.4938,105.6881,26.4,86,16.1,67,1009.5,1
2022-11-15,Dong_Thap,10.4938,105.6881,26.9,83,18.0,91,1009.4,1
2022-11-16,Dong_Thap,10.4938,105.6881,27.6,80,12.5,64,1008.4,1
2022-11-17,Dong_Thap,10.4938,105.6881,27.2,83,16.6,60,1008.2,1
2022-11-18,Dong_Thap,10.4938,105.6881,26.4,87,12.5,91,1008.8,1
2022-11-19,Dong_Thap,10.4938,105.6881,25.9,85,15.0,100,1007.7,1
2022-11-20,Dong_Thap,10.4938,105.6881,25.1,90,18.0,100,1005.9,1
2022-11-21,Dong_Thap,10.4938,105.6881,26.0,87,12.3,100,1005.4,1
2022-11-22,Dong_Thap,10.4938,105.6881,25.4,91,8.7,100,1006.3,1
2022-11-23,Dong_Thap,10.4938,105.6881,25.5,91,17.3,97,1007.5,1
2022-11-24,Dong_Thap,10.4938,105.6881,25.7,89,20.9,97,1009.3,1
2022-11-25,Dong_Thap,10.4938,105.6881,26.1,87,16.1,68,1010.6,1
2022-11-26,Dong_Thap,10.4938,105.6881,26.2,88,15.0,82,1010.1,1
2022-11-27,Dong_Thap,10.4938,105.6881,26.4,87,14.5,85,1009.1,1
2022-11-28,Dong_Thap,10.4938,105.6881,26.5,86,12.3,50,1009.3,1
2022-11-29,Dong_Thap,10.4938,105.6881,27.2,81,11.6,37,1009.6,1
2022-11-30,Dong_Thap,10.4938,105.6881,27.2,81,9.2,67,1009.5,1
2022-12-01,Dong_Thap,10.4938,105.6881,27.3,82,10.7,95,1008.6,1
2022-12-02,Dong_Thap,10.4938,105.6881,27.6,74,18.4,90,1007.6,0
2022-12-03,Dong_Thap,10.4938,105.6881,25.8,83,17.7,98,1008.3,1
2022-12-04,Dong_Thap,10.4938,105.6881,26.4,82,20.5,99,1009.0,1
2022-12-05,Dong_Thap,10.4938,105.6881,27.2,80,13.7,81,1009.4,1
2022-12-06,Dong_Thap,10.4938,105.6881,27.2,80,9.5,44,1008.8,1
2022-12-07,Dong_Thap,10.4938,105.6881,26.2,84,13.3,99,1008.7,1
2022-12-08,Dong_Thap,10.4938,105.6881,26.9,81,11.6,64,1008.6,1
2022-12-09,Dong_Thap,10.4938,105.6881,26.2,85,10.5,94,1008.4,1
2022-12-10,Dong_Thap,10.4938,105.6881,26.3,81,12.2,76,1008.6,0
2022-12-11,Dong_Thap,10.4938,105.6881,26.9,76,12.1,54,1009.6,1
2022-12-12,Dong_Thap,10.4938,105.6881,26.3,74,15.0,50,1010.2,1
2022-12-13,Dong_Thap,10.4938,105.6881,25.0,70,14.3,60,1010.6,0
2022-12-14,Dong_Thap,10.4938,105.6881,25.0,73,10.0,48,1010.8,0
2022-12-15,Dong_Thap,10.4938,105.6881,26.2,67,9.4,57,1009.3,0
2022-12-16,Dong_Thap,10.4938,105.6881,27.3,68,12.1,91,1008.2,0
2022-12-17,Dong_Thap,10.4938,105.6881,27.4,73,16.5,96,1008.5,1
2022-12-18,Dong_Thap,10.4938,105.6881,27.2,54,27.9,66,1009.1,1
2022-12-19,Dong_Thap,10.4938,105.6881,25.5,57,17.8,64,1009.2,0
2022-12-20,Dong_Thap,10.4938,105.6881,26.2,61,13.2,89,1008.3,0
2022-12-21,Dong_Thap,10.4938,105.6881,27.1,64,13.3,99,1008.1,0
2022-12-22,Dong_Thap,10.4938,105.6881,26.8,70,11.7,69,1008.4,1
2022-12-23,Dong_Thap,10.4938,105.6881,25.9,67,13.0,92,1010.1,1
2022-12-24,Dong_Thap,10.4938,105.6881,24.8,60,10.9,99,1011.4,0
2022-12-25,Dong_Thap,10.4938,105.6881,25.5,54,9.9,100,1012.6,0
2022-12-26,Dong_Thap,10.4938,105.6881,25.0,56,11.5,99,1013.8,0
2022-12-27,Dong_Thap,10.4938,105.6881,25.1,70,11.5,98,1013.6,0
2022-12-28,Dong_Thap,10.4938,105.6881,25.7,67,11.2,90,1013.4,0
2022-12-29,Dong_Thap,10.4938,105.6881,25.6,69,9.3,79,1013.6,0
2022-12-30,Dong_Thap,10.4938,105.6881,25.3,72,12.0,97,1014.2,1
2022-12-31,Dong_Thap,10.4938,105.6881,26.0,56,14.1,100,1013.9,0
2023-01-01,Dong_Thap,10.4938,105.6881,25.3,61,17.8,85,1013.1,1
2023-01-02,Dong_Thap,10.4938,105.6881,27.0,63,12.2,92,1013.3,1
2023-01-03,Dong_Thap,10.4938,105.6881,27.3,69,17.5,78,1012.4,1
2023-01-04,Dong_Thap,10.4938,105.6881,27.4,63,20.3,99,1011.8,1
2023-01-05,Dong_Thap,10.4938,105.6881,26.2,62,22.1,100,1011.6,1
2023-01-06,Dong_Thap,10.4938,105.6881,24.1,71,18.8,100,1011.6,1
2023-01-07,Dong_Thap,10.4938,105.6881,23.8,73,20.5,100,1010.8,1
2023-01-08,Dong_Thap,10.4938,105.6881,24.2,77,14.4,100,1010.9,1
2023-01-09,Dong_Thap,10.4938,105.6881,24.6,87,13.8,92,1011.8,1
2023-01-10,Dong_Thap,10.4938,105.6881,23.8,93,14.6,94,1011.4,1
2023-01-11,Dong_Thap,10.4938,105.6881,24.6,89,19.5,86,1010.8,1
2023-01-12,Dong_Thap,10.4938,105.6881,24.8,90,13.9,71,1010.7,1
2023-01-13,Dong_Thap,10.4938,105.6881,25.6,89,7.1,94,1010.9,1
2023-01-14,Dong_Thap,10.4938,105.6881,26.2,86,8.8,70,1009.3,1
2023-01-15,Dong_Thap,10.4938,105.6881,26.3,82,9.0,46,1008.6,0
2023-01-16,Dong_Thap,10.4938,105.6881,25.7,83,13.5,47,1010.5,1
2023-01-17,Dong_Thap,10.4938,105.6881,25.0,86,10.1,92,1011.8,1
2023-01-18,Dong_Thap,10.4938,105.6881,24.7,80,13.7,99,1012.7,1
2023-01-19,Dong_Thap,10.4938,105.6881,25.2,70,11.8,100,1012.0,0
2023-01-20,Dong_Thap,10.4938,105.6881,25.4,74,12.4,94,1011.2,0
2023-01-21,Dong_Thap,10.4938,105.6881,26.4,71,11.6,72,1010.2,1
2023-01-22,Dong_Thap,10.4938,105.6881,26.3,81,11.5,96,1009.3,1
2023-01-23,Dong_Thap,10.4938,105.6881,26.9,79,9.5,81,1008.7,1
2023-01-24,Dong_Thap,10.4938,105.6881,26.6,78,14.5,99,1009.4,1
2023-01-25,Dong_Thap,10.4938,105.6881,25.0,67,16.2,100,1010.0,0
2023-01-26,Dong_Thap,10.4938,105.6881,24.6,71,9.8,99,1010.1,0
2023-01-27,Dong_Thap,10.4938,105.6881,25.9,75,8.8,94,1009.5,1
2023-01-28,Dong_Thap,10.4938,105.6881,26.4,65,16.1,97,1009.4,0
2023-01-29,Dong_Thap,10.4938,105.6881,24.9,62,13.1,99,1010.7,0
2023-01-30,Dong_Thap,10.4938,105.6881,24.4,59,12.7,95,1011.9,0
2023-01-31,Dong_Thap,10.4938,105.6881,25.1,66,9.0,62,1010.3,0
2023-02-01,Dong_Thap,10.4938,105.6881,26.3,74,10.2,92,1009.5,1
2023-02-02,Dong_Thap,10.4938,105.6881,27.4,74,16.0,72,1009.7,1
2023-02-03,Dong_Thap,10.4938,105.6881,27.9,67,21.6,81,1009.7,0
2023-02-04,Dong_Thap,10.4938,105.6881,27.4,66,18.6,63,1009.3,0
2023-02-05,Dong_Thap,10.4938,105.6881,27.2,66,14.6,65,1009.0,0
2023-02-06,Dong_Thap,10.4938,105.6881,27.2,70,13.7,66,1009.5,0
2023-02-07,Dong_Thap,10.4938,105.6881,27.1,73,16.2,89,1010.0,1
2023-02-08,Dong_Thap,10.4938,105.6881,27.4,74,16.0,37,1009.8,1
2023-02-09,Dong_Thap,10.4938,105.6881,27.9,69,20.8,14,1009.7,1
2023-02-10,Dong_Thap,10.4938,105.6881,27.5,67,18.6,54,1010.1,0
2023-02-11,Dong_Thap,10.4938,105.6881,27.4,72,14.6,80,1010.2,1
2023-02-12,Dong_Thap,10.4938,105.6881,27.6,73,13.4,81,1010.3,0
2023-02-13,Dong_Thap,10.4938,105.6881,27.5,74,13.7,99,1010.5,1
2023-02-14,Dong_Thap,10.4938,105.6881,26.9,76,15.1,98,1010.3,0
2023-02-15,Dong_Thap,10.4938,105.6881,27.5,68,15.5,56,1010.8,0
2023-02-16,Dong_Thap,10.4938,105.6881,27.0,63,16.1,70,1011.6,0
2023-02-17,Dong_Thap,10.4938,105.6881,27.3,62,14.6,62,1011.6,1
2023-02-18,Dong_Thap,10.4938,105.6881,27.4,69,11.5,86,1011.2,0
2023-02-19,Dong_Thap,10.4938,105.6881,26.3,79,12.2,85,1011.0,1
2023-02-20,Dong_Thap,10.4938,105.6881,25.4,81,13.9,67,1011.1,1
2023-02-21,Dong_Thap,10.4938,105.6881,26.3,74,11.8,51,1011.8,1
2023-02-22,Dong_Thap,10.4938,105.6881,26.4,73,14.3,63,1011.7,1
2023-02-23,Dong_Thap,10.4938,105.6881,26.7,73,11.0,48,1010.7,1
2023-02-24,Dong_Thap,10.4938,105.6881,26.9,73,15.5,36,1010.9,1
2023-02-25,Dong_Thap,10.4938,105.6881,26.2,68,13.0,57,1013.3,1
2023-02-26,Dong_Thap,10.4938,105.6881,26.6,56,16.3,89,1014.4,0
2023-02-27,Dong_Thap,10.4938,105.6881,27.1,55,14.7,94,1014.2,0
2023-02-28,Dong_Thap,10.4938,105.6881,27.8,61,14.5,88,1013.3,1
2023-03-01,Dong_Thap,10.4938,105.6881,27.9,69,16.8,96,1013.4,0
2023-03-02,Dong_Thap,10.4938,105.6881,28.0,68,16.9,68,1013.0,0
2023-03-03,Dong_Thap,10.4938,105.6881,27.1,68,11.3,92,1014.3,0
2023-03-04,Dong_Thap,10.4938,105.6881,26.4,66,12.2,88,1015.2,0
2023-03-05,Dong_Thap,10.4938,105.6881,25.9,65,12.1,60,1014.6,0
2023-03-06,Dong_Thap,10.4938,105.6881,26.0,63,15.0,80,1013.6,0
2023-03-07,Dong_Thap,10.4938,105.6881,26.4,66,16.1,38,1013.3,0
2023-03-08,Dong_Thap,10.4938,105.6881,26.9,64,20.9,28,1013.1,0
2023-03-09,Dong_Thap,10.4938,105.6881,26.7,64,20.0,5,1012.2,0
2023-03-10,Dong_Thap,10.4938,105.6881,26.8,66,15.5,20,1011.5,0
2023-03-11,Dong_Thap,10.4938,105.6881,27.3,64,17.2,27,1011.8,0
2023-03-12,Dong_Thap,10.4938,105.6881,27.1,63,18.9,49,1012.0,0
2023-03-13,Dong_Thap,10.4938,105.6881,27.3,62,18.4,41,1011.5,0
2023-03-14,Dong_Thap,10.4938,105.6881,26.8,64,19.2,37,1010.3,0
2023-03-15,Dong_Thap,10.4938,105.6881,27.8,60,19.4,38,1010.7,0
2023-03-16,Dong_Thap,10.4938,105.6881,28.2,63,17.5,59,1011.7,0
2023-03-17,Dong_Thap,10.4938,105.6881,28.5,64,16.5,62,1011.2,0
2023-03-18,Dong_Thap,10.4938,105.6881,28.2,65,17.2,58,1010.4,0
2023-03-19,Dong_Thap,10.4938,105.6881,28.7,65,15.3,14,1009.3,0
2023-03-20,Dong_Thap,10.4938,105.6881,28.8,68,15.3,49,1009.1,1
2023-03-21,Dong_Thap,10.4938,105.6881,29.2,68,12.8,59,1009.0,0
2023-03-22,Dong_Thap,10.4938,105.6881,29.4,67,13.3,59,1007.7,0
2023-03-23,Dong_Thap,10.4938,105.6881,29.2,68,10.5,50,1008.1,1
2023-03-24,Dong_Thap,10.4938,105.6881,29.5,67,13.9,78,1008.5,0
2023-03-25,Dong_Thap,10.4938,105.6881,29.1,67,12.2,45,1009.4,0
2023-03-26,Dong_Thap,10.4938,105.6881,28.9,67,10.9,54,1008.6,0
2023-03-27,Dong_Thap,10.4938,105.6881,29.7,66,16.4,89,1008.9,0
2023-03-28,Dong_Thap,10.4938,105.6881,29.6,69,17.1,70,1009.9,1
2023-03-29,Dong_Thap,10.4938,105.6881,29.9,61,14.7,40,1010.1,0
2023-03-30,Dong_Thap,10.4938,105.6881,29.1,66,11.5,55,1009.0,1
2023-03-31,Dong_Thap,10.4938,105.6881,29.0,68,12.8,39,1009.2,1
2023-04-01,Dong_Thap,10.4938,105.6881,28.9,69,15.4,72,1009.0,0
2023-04-02,Dong_Thap,10.4938,105.6881,28.2,72,16.6,47,1008.7,1
2023-04-03,Dong_Thap,10.4938,105.6881,27.9,79,13.4,61,1008.7,1
2023-04-04,Dong_Thap,10.4938,105.6881,27.6,81,10.1,67,1008.0,1
2023-04-05,Dong_Thap,10.4938,105.6881,28.3,77,13.1,70,1008.4,1
2023-04-06,Dong_Thap,10.4938,105.6881,29.3,72,14.7,21,1008.5,0
2023-04-07,Dong_Thap,10.4938,105.6881,29.4,70,13.2,45,1010.2,1
2023-04-08,Dong_Thap,10.4938,105.6881,29.8,66,16.5,8,1011.6,0
2023-04-09,Dong_Thap,10.4938,105.6881,29.0,72,13.8,72,1011.5,1
2023-04-10,Dong_Thap,10.4938,105.6881,28.7,74,13.6,89,1010.3,1
2023-04-11,Dong_Thap,10.4938,105.6881,28.7,75,11.4,81,1009.8,1
2023-04-12,Dong_Thap,10.4938,105.6881,29.6,73,15.3,40,1008.6,1
2023-04-13,Dong_Thap,10.4938,105.6881,30.0,71,13.9,37,1008.6,1
2023-04-14,Dong_Thap,10.4938,105.6881,30.2,73,12.4,67,1008.1,1
2023-04-15,Dong_Thap,10.4938,105.6881,28.8,79,14.2,72,1007.8,1
2023-04-16,Dong_Thap,10.4938,105.6881,27.3,85,14.8,98,1007.7,1
2023-04-17,Dong_Thap,10.4938,105.6881,28.2,81,23.0,78,1009.1,1
2023-04-18,Dong_Thap,10.4938,105.6881,28.9,79,13.3,37,1009.4,1
2023-04-19,Dong_Thap,10.4938,105.6881,29.9,72,12.6,24,1006.7,1
2023-04-20,Dong_Thap,10.4938,105.6881,29.7,74,19.3,58,1005.3,1
2023-04-21,Dong_Thap,10.4938,105.6881,29.8,75,17.3,80,1005.7,1
2023-04-22,Dong_Thap,10.4938,105.6881,30.3,72,11.7,49,1006.3,1
2023-04-23,Dong_Thap,10.4938,105.6881,30.7,67,13.8,30,1007.9,1
2023-04-24,Dong_Thap,10.4938,105.6881,30.1,69,20.0,48,1009.1,1
2023-04-25,Dong_Thap,10.4938,105.6881,30.9,66,17.6,70,1007.5,1
2023-04-26,Dong_Thap,10.4938,105.6881,30.8,62,17.0,91,1007.8,1
2023-04-27,Dong_Thap,10.4938,105.6881,30.7,65,17.2,78,1008.3,1
2023-04-28,Dong_Thap,10.4938,105.6881,30.1,70,14.0,84,1008.5,1
2023-04-29,Dong_Thap,10.4938,105.6881,29.6,73,20.9,92,1007.8,1
2023-04-30,Dong_Thap,10.4938,105.6881,29.0,75,15.2,86,1008.0,1
2023-05-01,Dong_Thap,10.4938,105.6881,30.3,66,17.6,42,1007.8,0
2023-05-02,Dong_Thap,10.4938,105.6881,30.8,65,18.4,30,1008.3,1
2023-05-03,Dong_Thap,10.4938,105.6881,31.1,66,15.5,76,1009.0,1
2023-05-04,Dong_Thap,10.4938,105.6881,31.0,66,11.7,68,1007.6,1
2023-05-05,Dong_Thap,10.4938,105.6881,30.9,66,12.1,72,1005.6,1
2023-05-06,Dong_Thap,10.4938,105.6881,31.6,68,15.1,73,1004.3,1
2023-05-07,Dong_Thap,10.4938,105.6881,31.1,70,19.6,78,1004.8,1
2023-05-08,Dong_Thap,10.4938,105.6881,29.1,79,15.5,95,1006.4,1
2023-05-09,Dong_Thap,10.4938,105.6881,27.7,86,14.9,100,1007.6,1
2023-05-10,Dong_Thap,10.4938,105.6881,28.1,84,12.7,64,1008.2,1
2023-05-11,Dong_Thap,10.4938,105.6881,28.6,82,11.7,91,1009.4,1
2023-05-12,Dong_Thap,10.4938,105.6881,27.8,87,12.1,96,1009.9,1
2023-05-13,Dong_Thap,10.4938,105.6881,28.5,85,9.0,66,1010.0,1
2023-05-14,Dong_Thap,10.4938,105.6881,27.6,86,15.3,81,1010.2,1
2023-05-15,Dong_Thap,10.4938,105.6881,28.4,81,13.1,28,1010.2,1
2023-05-16,Dong_Thap,10.4938,105.6881,29.2,80,12.8,47,1010.2,1
2023-05-17,Dong_Thap,10.4938,105.6881,29.7,77,16.3,88,1010.1,1
2023-05-18,Dong_Thap,10.4938,105.6881,28.8,81,17.6,57,1009.4,1
2023-05-19,Dong_Thap,10.4938,105.6881,29.4,79,16.3,90,1007.5,1
2023-05-20,Dong_Thap,10.4938,105.6881,28.4,84,13.5,99,1007.6,1
2023-05-21,Dong_Thap,10.4938,105.6881,27.8,85,18.9,100,1009.2,1
2023-05-22,Dong_Thap,10.4938,105.6881,27.3,88,16.6,99,1009.9,1
2023-05-23,Dong_Thap,10.4938,105.6881,27.8,86,15.9,92,1009.3,1
2023-05-24,Dong_Thap,10.4938,105.6881,28.5,83,19.2,80,1008.9,1
2023-05-25,Dong_Thap,10.4938,105.6881,28.2,83,18.2,95,1009.5,1
2023-05-26,Dong_Thap,10.4938,105.6881,27.6,85,18.0,89,1009.2,1
2023-05-27,Dong_Thap,10.4938,105.6881,26.4,90,14.6,91,1007.3,1
2023-05-28,Dong_Thap,10.4938,105.6881,26.5,90,14.0,93,1006.5,1
2023-05-29,Dong_Thap,10.4938,105.6881,27.5,84,18.2,95,1007.3,1
2023-05-30,Dong_Thap,10.4938,105.6881,27.5,86,16.3,96,1007.6,1
2023-05-31,Dong_Thap,10.4938,105.6881,27.7,84,19.2,96,1007.2,1
2023-06-01,Dong_Thap,10.4938,105.6881,27.7,84,21.0,87,1006.8,1
2023-06-02,Dong_Thap,10.4938,105.6881,27.8,86,17.8,94,1007.6,1
2023-06-03,Dong_Thap,10.4938,105.6881,28.2,84,15.9,68,1008.2,1
2023-06-04,Dong_Thap,10.4938,105.6881,27.8,85,16.6,90,1007.9,1
2023-06-05,Dong_Thap,10.4938,105.6881,27.1,89,18.0,97,1006.8,1
2023-06-06,Dong_Thap,10.4938,105.6881,27.0,88,17.7,100,1007.1,1
2023-06-07,Dong_Thap,10.4938,105.6881,26.1,91,17.6,100,1008.6,1
2023-06-08,Dong_Thap,10.4938,105.6881,27.2,87,17.8,100,1008.5,1
2023-06-09,Dong_Thap,10.4938,105.6881,27.1,86,16.5,99,1007.7,1
2023-06-10,Dong_Thap,10.4938,105.6881,27.4,87,16.6,99,1006.6,1
2023-06-11,Dong_Thap,10.4938,105.6881,28.1,80,24.0,99,1006.5,1
2023-06-12,Dong_Thap,10.4938,105.6881,27.2,87,18.6,96,1007.5,1
2023-06-13,Dong_Thap,10.4938,105.6881,27.4,87,15.5,84,1007.8,1
2023-06-14,Dong_Thap,10.4938,105.6881,27.6,86,19.3,90,1009.1,1
2023-06-15,Dong_Thap,10.4938,105.6881,28.1,84,14.6,85,1008.5,1
2023-06-16,Dong_Thap,10.4938,105.6881,28.0,86,11.9,77,1007.8,1
2023-06-17,Dong_Thap,10.4938,105.6881,27.4,87,12.1,100,1008.8,1
2023-06-18,Dong_Thap,10.4938,105.6881,26.4,88,18.4,94,1009.6,1
2023-06-19,Dong_Thap,10.4938,105.6881,27.6,84,12.5,91,1008.5,1
2023-06-20,Dong_Thap,10.4938,105.6881,28.0,85,14.0,69,1008.2,1
2023-06-21,Dong_Thap,10.4938,105.6881,28.0,83,15.1,88,1008.9,1
2023-06-22,Dong_Thap,10.4938,105.6881,28.5,81,12.4,65,1008.7,1
2023-06-23,Dong_Thap,10.4938,105.6881,28.8,81,10.7,89,1006.9,1
2023-06-24,Dong_Thap,10.4938,105.6881,28.1,83,14.0,77,1006.7,1
2023-06-25,Dong_Thap,10.4938,105.6881,27.8,87,14.3,100,1006.9,1
2023-06-26,Dong_Thap,10.4938,105.6881,27.8,85,13.3,100,1007.0,1
2023-06-27,Dong_Thap,10.4938,105.6881,27.2,87,15.0,100,1007.7,1
2023-06-28,Dong_Thap,10.4938,105.6881,26.9,89,14.9,96,1008.7,1
2023-06-29,Dong_Thap,10.4938,105.6881,27.3,88,21.0,87,1008.0,1
2023-06-30,Dong_Thap,10.4938,105.6881,27.3,86,20.0,90,1007.9,1
2023-07-01,Dong_Thap,10.4938,105.6881,26.8,89,21.5,86,1008.5,1
2023-07-02,Dong_Thap,10.4938,105.6881,26.6,90,14.0,98,1009.5,1
2023-07-03,Dong_Thap,10.4938,105.6881,26.7,90,13.7,100,1009.8,1
2023-07-04,Dong_Thap,10.4938,105.6881,27.3,84,19.8,94,1009.0,1
2023-07-05,Dong_Thap,10.4938,105.6881,28.3,78,10.3,70,1008.1,1
2023-07-06,Dong_Thap,10.4938,105.6881,26.7,88,12.2,98,1009.3,1
2023-07-07,Dong_Thap,10.4938,105.6881,27.1,87,12.6,95,1009.3,1
2023-07-08,Dong_Thap,10.4938,105.6881,26.8,88,18.1,99,1009.5,1
2023-07-09,Dong_Thap,10.4938,105.6881,26.2,90,15.9,94,1009.4,1
2023-07-10,Dong_Thap,10.4938,105.6881,27.0,85,15.0,88,1008.8,1
2023-07-11,Dong_Thap,10.4938,105.6881,27.7,84,13.8,81,1008.8,1
2023-07-12,Dong_Thap,10.4938,105.6881,27.7,86,11.7,97,1008.7,1
2023-07-13,Dong_Thap,10.4938,105.6881,27.8,88,14.8,99,1008.2,1
2023-07-14,Dong_Thap,10.4938,105.6881,27.4,87,15.6,84,1008.0,1
2023-07-15,Dong_Thap,10.4938,105.6881,28.3,79,19.6,98,1006.6,1
2023-07-16,Dong_Thap,10.4938,105.6881,28.2,79,27.0,100,1005.0,1
2023-07-17,Dong_Thap,10.4938,105.6881,26.6,86,24.1,100,1005.0,1
2023-07-18,Dong_Thap,10.4938,105.6881,26.6,86,27.5,96,1005.9,1
2023-07-19,Dong_Thap,10.4938,105.6881,26.4,88,19.9,98,1005.7,1
2023-07-20,Dong_Thap,10.4938,105.6881,26.2,89,18.4,98,1006.1,1
2023-07-21,Dong_Thap,10.4938,105.6881,26.6,87,15.5,98,1007.5,1
2023-07-22,Dong_Thap,10.4938,105.6881,26.0,90,16.6,98,1009.2,1
2023-07-23,Dong_Thap,10.4938,105.6881,26.0,90,20.8,87,1009.1,1
2023-07-24,Dong_Thap,10.4938,105.6881,26.4,88,19.6,99,1007.9,1
2023-07-25,Dong_Thap,10.4938,105.6881,26.8,86,20.4,95,1008.2,1
2023-07-26,Dong_Thap,10.4938,105.6881,27.9,84,22.7,79,1008.0,1
2023-07-27,Dong_Thap,10.4938,105.6881,27.0,86,21.9,99,1007.1,1
2023-07-28,Dong_Thap,10.4938,105.6881,27.3,84,27.6,85,1005.8,1
2023-07-29,Dong_Thap,10.4938,105.6881,27.3,86,22.4,99,1006.3,1
2023-07-30,Dong_Thap,10.4938,105.6881,27.1,85,20.2,98,1007.4,1
2023-07-31,Dong_Thap,10.4938,105.6881,27.7,82,22.4,80,1008.4,1
2023-08-01,Dong_Thap,10.4938,105.6881,27.2,86,14.6,100,1008.2,1
2023-08-02,Dong_Thap,10.4938,105.6881,28.0,81,19.0,94,1008.6,1
2023-08-03,Dong_Thap,10.4938,105.6881,27.8,80,21.4,99,1009.3,1
2023-08-04,Dong_Thap,10.4938,105.6881,28.0,82,19.8,98,1011.1,1
2023-08-05,Dong_Thap,10.4938,105.6881,28.0,82,21.1,53,1011.3,1
2023-08-06,Dong_Thap,10.4938,105.6881,28.5,80,21.9,64,1009.5,1
2023-08-07,Dong_Thap,10.4938,105.6881,28.6,78,20.2,80,1008.4,1
2023-08-08,Dong_Thap,10.4938,105.6881,28.2,81,22.4,82,1009.1,1
2023-08-09,Dong_Thap,10.4938,105.6881,28.3,80,17.9,50,1010.1,1
2023-08-10,Dong_Thap,10.4938,105.6881,28.5,81,17.8,63,1009.3,1
2023-08-11,Dong_Thap,10.4938,105.6881,28.4,80,17.6,59,1008.5,1
2023-08-12,Dong_Thap,10.4938,105.6881,28.2,80,21.1,67,1007.9,1
2023-08-13,Dong_Thap,10.4938,105.6881,27.8,82,20.0,74,1007.9,1
2023-08-14,Dong_Thap,10.4938,105.6881,27.7,83,20.8,68,1008.1,1
2023-08-15,Dong_Thap,10.4938,105.6881,27.1,84,19.0,87,1008.9,1
2023-08-16,Dong_Thap,10.4938,105.6881,27.0,86,18.1,84,1009.2,1
2023-08-17,Dong_Thap,10.4938,105.6881,27.6,83,21.3,84,1008.3,1
2023-08-18,Dong_Thap,10.4938,105.6881,27.2,85,17.3,80,1007.3,1
2023-08-19,Dong_Thap,10.4938,105.6881,27.0,88,17.1,87,1007.0,1
2023-08-20,Dong_Thap,10.4938,105.6881,25.9,91,19.7,94,1007.2,1
2023-08-21,Dong_Thap,10.4938,105.6881,26.8,87,22.6,79,1008.1,1
2023-08-22,Dong_Thap,10.4938,105.6881,27.5,84,17.6,80,1008.5,1
2023-08-23,Dong_Thap,10.4938,105.6881,28.0,81,17.2,59,1008.0,1
2023-08-24,Dong_Thap,10.4938,105.6881,28.2,79,19.5,52,1008.1,1
2023-08-25,Dong_Thap,10.4938,105.6881,28.4,81,19.1,61,1008.0,1
2023-08-26,Dong_Thap,10.4938,105.6881,28.1,82,16.1,79,1008.2,1
2023-08-27,Dong_Thap,10.4938,105.6881,27.5,86,15.5,97,1007.3,1
2023-08-28,Dong_Thap,10.4938,105.6881,27.5,85,21.1,95,1006.2,1
2023-08-29,Dong_Thap,10.4938,105.6881,27.9,82,20.6,100,1006.1,1
2023-08-30,Dong_Thap,10.4938,105.6881,27.9,83,18.1,97,1007.3,1
2023-08-31,Dong_Thap,10.4938,105.6881,27.3,85,23.9,99,1007.6,1
2023-09-01,Dong_Thap,10.4938,105.6881,27.1,86,22.6,100,1007.4,1
2023-09-02,Dong_Thap,10.4938,105.6881,26.9,85,26.6,96,1006.1,1
2023-09-03,Dong_Thap,10.4938,105.6881,27.4,83,21.0,87,1005.3,1
2023-09-04,Dong_Thap,10.4938,105.6881,26.6,87,24.0,99,1005.2,1
2023-09-05,Dong_Thap,10.4938,105.6881,26.6,88,21.4,100,1007.2,1
2023-09-06,Dong_Thap,10.4938,105.6881,27.2,86,14.0,100,1008.6,1
2023-09-07,Dong_Thap,10.4938,105.6881,27.4,86,13.7,93,1008.6,1
2023-09-08,Dong_Thap,10.4938,105.6881,27.1,88,17.6,100,1008.5,1
2023-09-09,Dong_Thap,10.4938,105.6881,26.4,90,15.1,96,1007.6,1
2023-09-10,Dong_Thap,10.4938,105.6881,25.5,92,19.0,100,1008.6,1
2023-09-11,Dong_Thap,10.4938,105.6881,27.2,81,18.6,100,1009.1,1
2023-09-12,Dong_Thap,10.4938,105.6881,27.5,81,17.6,99,1009.6,1
2023-09-13,Dong_Thap,10.4938,105.6881,27.1,85,15.9,98,1009.7,1
2023-09-14,Dong_Thap,10.4938,105.6881,26.2,90,18.2,97,1009.1,1
2023-09-15,Dong_Thap,10.4938,105.6881,26.8,82,20.8,100,1008.8,1
2023-09-16,Dong_Thap,10.4938,105.6881,26.7,85,17.3,99,1008.7,1
2023-09-17,Dong_Thap,10.4938,105.6881,26.5,88,14.5,100,1008.7,1
2023-09-18,Dong_Thap,10.4938,105.6881,27.6,84,12.8,99,1009.3,1
2023-09-19,Dong_Thap,10.4938,105.6881,27.4,86,9.3,76,1009.6,1
2023-09-20,Dong_Thap,10.4938,105.6881,26.8,88,13.7,73,1008.9,1
2023-09-21,Dong_Thap,10.4938,105.6881,26.3,89,16.8,99,1009.2,1
2023-09-22,Dong_Thap,10.4938,105.6881,26.7,89,8.4,93,1008.7,1
2023-09-23,Dong_Thap,10.4938,105.6881,26.3,89,15.8,99,1008.9,1
2023-09-24,Dong_Thap,10.4938,105.6881,26.5,89,13.7,93,1007.6,1
2023-09-25,Dong_Thap,10.4938,105.6881,26.4,89,20.9,97,1006.3,1
2023-09-26,Dong_Thap,10.4938,105.6881,26.3,88,23.3,99,1006.7,1
2023-09-27,Dong_Thap,10.4938,105.6881,26.1,89,21.6,96,1007.9,1
2023-09-28,Dong_Thap,10.4938,105.6881,26.8,88,24.1,99,1009.5,1
2023-09-29,Dong_Thap,10.4938,105.6881,27.5,85,14.9,100,1010.6,1
2023-09-30,Dong_Thap,10.4938,105.6881,26.1,88,12.3,81,1010.8,1
2023-10-01,Dong_Thap,10.4938,105.6881,27.0,87,12.6,84,1008.8,1
2023-10-02,Dong_Thap,10.4938,105.6881,26.1,91,15.3,100,1009.5,1
2023-10-03,Dong_Thap,10.4938,105.6881,26.0,92,11.9,96,1009.7,1
2023-10-04,Dong_Thap,10.4938,105.6881,26.9,87,20.2,65,1009.6,1
2023-10-05,Dong_Thap,10.4938,105.6881,27.0,88,15.0,89,1008.9,1
2023-10-06,Dong_Thap,10.4938,105.6881,27.5,86,19.1,89,1009.2,1
2023-10-07,Dong_Thap,10.4938,105.6881,27.5,87,12.6,99,1010.0,1
2023-10-08,Dong_Thap,10.4938,105.6881,27.8,86,11.0,97,1010.9,1
2023-10-09,Dong_Thap,10.4938,105.6881,27.4,84,9.6,97,1010.9,1
2023-10-10,Dong_Thap,10.4938,105.6881,27.4,85,8.6,96,1010.1,1
2023-10-11,Dong_Thap,10.4938,105.6881,27.1,86,10.1,89,1010.6,1
2023-10-12,Dong_Thap,10.4938,105.6881,27.4,85,11.7,82,1011.3,1
2023-10-13,Dong_Thap,10.4938,105.6881,26.7,88,9.0,86,1010.8,1
2023-10-14,Dong_Thap,10.4938,105.6881,27.0,89,17.6,93,1009.2,1
2023-10-15,Dong_Thap,10.4938,105.6881,26.4,90,9.0,100,1008.1,1
2023-10-16,Dong_Thap,10.4938,105.6881,26.3,89,13.1,100,1008.8,1
2023-10-17,Dong_Thap,10.4938,105.6881,26.9,88,15.0,94,1009.7,1
2023-10-18,Dong_Thap,10.4938,105.6881,26.7,88,14.8,99,1010.6,1
2023-10-19,Dong_Thap,10.4938,105.6881,27.0,88,9.7,91,1010.6,1
2023-10-20,Dong_Thap,10.4938,105.6881,27.0,88,16.7,79,1010.5,1
2023-10-21,Dong_Thap,10.4938,105.6881,26.7,87,21.4,83,1011.7,1
2023-10-22,Dong_Thap,10.4938,105.6881,26.5,87,10.5,85,1012.1,1
2023-10-23,Dong_Thap,10.4938,105.6881,26.0,88,12.1,95,1011.7,1
2023-10-24,Dong_Thap,10.4938,105.6881,26.5,86,18.7,74,1010.8,1
2023-10-25,Dong_Thap,10.4938,105.6881,26.4,88,9.0,72,1011.0,1
2023-10-26,Dong_Thap,10.4938,105.6881,26.8,87,10.0,40,1011.1,1
2023-10-27,Dong_Thap,10.4938,105.6881,27.1,87,13.9,66,1010.7,1
2023-10-28,Dong_Thap,10.4938,105.6881,26.9,87,13.2,100,1010.4,1
2023-10-29,Dong_Thap,10.4938,105.6881,26.5,88,15.9,94,1009.9,1
2023-10-30,Dong_Thap,10.4938,105.6881,27.2,86,12.3,97,1009.6,1
2023-10-31,Dong_Thap,10.4938,105.6881,26.8,87,10.0,91,1010.4,1
2023-11-01,Dong_Thap,10.4938,105.6881,27.0,86,9.1,75,1010.6,1
2023-11-02,Dong_Thap,10.4938,105.6881,27.2,84,11.6,84,1010.3,1
2023-11-03,Dong_Thap,10.4938,105.6881,26.7,88,10.2,91,1009.1,1
2023-11-04,Dong_Thap,10.4938,105.6881,27.5,87,8.8,86,1009.2,1
2023-11-05,Dong_Thap,10.4938,105.6881,27.6,86,12.9,86,1010.2,1
2023-11-06,Dong_Thap,10.4938,105.6881,27.6,82,15.1,79,1010.4,1
2023-11-07,Dong_Thap,10.4938,105.6881,27.0,87,10.9,80,1010.4,1
2023-11-08,Dong_Thap,10.4938,105.6881,26.8,87,8.7,81,1010.1,1
2023-11-09,Dong_Thap,10.4938,105.6881,26.9,87,13.3,83,1010.5,1
2023-11-10,Dong_Thap,10.4938,105.6881,26.0,89,15.6,92,1011.7,1
2023-11-11,Dong_Thap,10.4938,105.6881,27.1,83,15.3,56,1011.5,1
2023-11-12,Dong_Thap,10.4938,105.6881,27.1,85,16.3,62,1011.7,1
2023-11-13,Dong_Thap,10.4938,105.6881,27.6,82,14.6,67,1011.0,1
2023-11-14,Dong_Thap,10.4938,105.6881,27.1,85,16.3,91,1011.5,1
2023-11-15,Dong_Thap,10.4938,105.6881,26.2,90,13.6,93,1012.0,1
2023-11-16,Dong_Thap,10.4938,105.6881,26.9,87,17.0,98,1012.6,1
2023-11-17,Dong_Thap,10.4938,105.6881,26.8,85,14.9,86,1012.9,1
2023-11-18,Dong_Thap,10.4938,105.6881,26.0,70,17.3,78,1012.5,0
2023-11-19,Dong_Thap,10.4938,105.6881,25.7,72,14.4,94,1012.1,0
2023-11-20,Dong_Thap,10.4938,105.6881,26.6,72,13.7,98,1011.3,0
2023-11-21,Dong_Thap,10.4938,105.6881,27.1,72,12.0,98,1010.2,0
2023-11-22,Dong_Thap,10.4938,105.6881,26.6,74,9.4,66,1009.2,0
2023-11-23,Dong_Thap,10.4938,105.6881,26.4,86,9.7,99,1009.3,1
2023-11-24,Dong_Thap,10.4938,105.6881,26.4,83,11.8,100,1009.9,1
2023-11-25,Dong_Thap,10.4938,105.6881,26.8,75,11.6,96,1009.9,1
2023-11-26,Dong_Thap,10.4938,105.6881,26.7,83,14.7,95,1010.5,1
2023-11-27,Dong_Thap,10.4938,105.6881,27.4,77,13.6,88,1009.8,1
2023-11-28,Dong_Thap,10.4938,105.6881,26.8,68,11.5,91,1009.8,1
2023-11-29,Dong_Thap,10.4938,105.6881,27.2,77,17.2,89,1009.6,1
2023-11-30,Dong_Thap,10.4938,105.6881,27.1,83,11.6,95,1010.3,1
2023-12-01,Dong_Thap,10.4938,105.6881,27.4,82,14.5,84,1009.8,1
2023-12-02,Dong_Thap,10.4938,105.6881,26.6,84,12.8,100,1010.2,1
2023-12-03,Dong_Thap,10.4938,105.6881,26.9,83,16.9,100,1010.5,1
2023-12-04,Dong_Thap,10.4938,105.6881,27.0,85,11.0,89,1010.5,1
2023-12-05,Dong_Thap,10.4938,105.6881,27.7,79,13.3,92,1010.1,1
2023-12-06,Dong_Thap,10.4938,105.6881,26.8,85,8.4,61,1011.0,1
2023-12-07,Dong_Thap,10.4938,105.6881,26.9,86,9.0,65,1011.0,1
2023-12-08,Dong_Thap,10.4938,105.6881,26.9,83,6.6,96,1011.1,1
2023-12-09,Dong_Thap,10.4938,105.6881,27.7,78,10.0,83,1010.3,1
2023-12-10,Dong_Thap,10.4938,105.6881,27.5,79,9.9,60,1009.4,1
2023-12-11,Dong_Thap,10.4938,105.6881,27.8,75,13.5,63,1009.8,0
2023-12-12,Dong_Thap,10.4938,105.6881,27.6,72,14.0,73,1009.7,0
2023-12-13,Dong_Thap,10.4938,105.6881,27.9,72,13.0,76,1010.7,1
2023-12-14,Dong_Thap,10.4938,105.6881,28.5,70,15.6,89,1011.2,0
2023-12-15,Dong_Thap,10.4938,105.6881,27.8,72,11.6,83,1011.0,1
2023-12-16,Dong_Thap,10.4938,105.6881,27.8,74,13.0,62,1010.9,1
2023-12-17,Dong_Thap,10.4938,105.6881,27.9,75,11.8,57,1011.0,1
2023-12-18,Dong_Thap,10.4938,105.6881,27.6,79,11.1,56,1011.5,1
2023-12-19,Dong_Thap,10.4938,105.6881,27.8,76,12.1,71,1011.2,1
2023-12-20,Dong_Thap,10.4938,105.6881,28.0,68,21.7,59,1010.7,1
2023-12-21,Dong_Thap,10.4938,105.6881,28.7,56,19.8,74,1010.8,0
2023-12-22,Dong_Thap,10.4938,105.6881,27.8,55,26.9,81,1012.5,0
2023-12-23,Dong_Thap,10.4938,105.6881,26.8,57,22.5,94,1013.5,0
2023-12-24,Dong_Thap,10.4938,105.6881,26.6,63,17.2,97,1014.6,1
2023-12-25,Dong_Thap,10.4938,105.6881,26.9,59,17.7,66,1013.7,0
2023-12-26,Dong_Thap,10.4938,105.6881,26.6,61,13.7,48,1014.1,0
2023-12-27,Dong_Thap,10.4938,105.6881,27.0,69,12.3,31,1013.9,1
2023-12-28,Dong_Thap,10.4938,105.6881,27.4,78,10.1,56,1012.6,1
2023-12-29,Dong_Thap,10.4938,105.6881,27.7,80,10.8,43,1011.4,1
2023-12-30,Dong_Thap,10.4938,105.6881,27.5,80,7.5,70,1010.7,1
2023-12-31,Dong_Thap,10.4938,105.6881,27.6,78,11.3,76,1011.2,1
2024-01-01,Dong_Thap,10.4938,105.6881,27.0,82,9.3,96,1011.0,1
2024-01-02,Dong_Thap,10.4938,105.6881,27.5,78,13.0,55,1010.6,1
2024-01-03,Dong_Thap,10.4938,105.6881,27.2,82,11.4,59,1010.8,1
2024-01-04,Dong_Thap,10.4938,105.6881,27.6,75,11.5,56,1011.2,1
2024-01-05,Dong_Thap,10.4938,105.6881,27.4,74,9.4,97,1011.9,1
2024-01-06,Dong_Thap,10.4938,105.6881,27.3,72,9.4,67,1011.7,0
2024-01-07,Dong_Thap,10.4938,105.6881,27.6,77,10.9,60,1012.0,1
2024-01-08,Dong_Thap,10.4938,105.6881,27.4,73,10.7,79,1011.8,1
2024-01-09,Dong_Thap,10.4938,105.6881,27.4,77,14.2,69,1011.0,1
2024-01-10,Dong_Thap,10.4938,105.6881,27.8,73,15.5,60,1010.4,1
2024-01-11,Dong_Thap,10.4938,105.6881,27.3,75,13.5,78,1010.8,1
2024-01-12,Dong_Thap,10.4938,105.6881,26.7,73,17.1,87,1010.8,0
2024-01-13,Dong_Thap,10.4938,105.6881,26.3,75,14.3,96,1011.0,1
2024-01-14,Dong_Thap,10.4938,105.6881,26.2,73,10.0,99,1011.7,0
2024-01-15,Dong_Thap,10.4938,105.6881,26.7,72,9.9,88,1011.2,0
2024-01-16,Dong_Thap,10.4938,105.6881,27.0,72,13.3,53,1010.9,0
2024-01-17,Dong_Thap,10.4938,105.6881,27.2,71,15.2,63,1010.9,1
2024-01-18,Dong_Thap,10.4938,105.6881,27.6,72,16.9,92,1010.7,0
2024-01-19,Dong_Thap,10.4938,105.6881,27.5,70,12.2,66,1010.7,0
2024-01-20,Dong_Thap,10.4938,105.6881,27.0,72,13.3,89,1011.3,0
2024-01-21,Dong_Thap,10.4938,105.6881,26.9,72,14.7,97,1012.3,0
2024-01-22,Dong_Thap,10.4938,105.6881,27.9,65,15.5,70,1012.4,0
2024-01-23,Dong_Thap,10.4938,105.6881,27.4,68,15.5,45,1013.2,1
2024-01-24,Dong_Thap,10.4938,105.6881,26.9,72,14.8,69,1013.8,0
2024-01-25,Dong_Thap,10.4938,105.6881,27.0,71,13.9,71,1015.2,0
2024-01-26,Dong_Thap,10.4938,105.6881,27.1,68,14.1,50,1015.7,0
2024-01-27,Dong_Thap,10.4938,105.6881,26.7,71,15.1,34,1015.0,0
2024-01-28,Dong_Thap,10.4938,105.6881,26.5,67,15.3,88,1015.0,0
2024-01-29,Dong_Thap,10.4938,105.6881,26.6,65,17.2,64,1014.5,0
2024-01-30,Dong_Thap,10.4938,105.6881,27.3,64,15.8,71,1014.1,0
2024-01-31,Dong_Thap,10.4938,105.6881,27.4,69,14.7,91,1013.9,0
2024-02-01,Dong_Thap,10.4938,105.6881,27.4,72,13.9,67,1014.0,0
2024-02-02,Dong_Thap,10.4938,105.6881,27.2,75,13.0,43,1013.0,1
2024-02-03,Dong_Thap,10.4938,105.6881,27.3,73,15.3,21,1013.1,0
2024-02-04,Dong_Thap,10.4938,105.6881,27.3,74,12.0,49,1013.6,1
2024-02-05,Dong_Thap,10.4938,105.6881,27.8,74,12.9,64,1013.6,0
2024-02-06,Dong_Thap,10.4938,105.6881,27.7,74,15.3,38,1013.6,1
2024-02-07,Dong_Thap,10.4938,105.6881,28.1,74,12.5,60,1012.6,1
2024-02-08,Dong_Thap,10.4938,105.6881,27.4,76,14.0,60,1011.7,1
2024-02-09,Dong_Thap,10.4938,105.6881,27.8,72,16.4,54,1013.1,0
2024-02-10,Dong_Thap,10.4938,105.6881,28.0,69,17.9,43,1014.5,1
2024-02-11,Dong_Thap,10.4938,105.6881,27.4,63,13.3,47,1015.8,0
2024-02-12,Dong_Thap,10.4938,105.6881,27.0,60,15.1,33,1015.2,0
2024-02-13,Dong_Thap,10.4938,105.6881,27.3,66,16.9,37,1013.8,0
2024-02-14,Dong_Thap,10.4938,105.6881,28.7,64,18.2,37,1012.8,0
2024-02-15,Dong_Thap,10.4938,105.6881,28.8,63,18.0,46,1012.7,0
2024-02-16,Dong_Thap,10.4938,105.6881,28.6,62,17.2,6,1012.5,0
2024-02-17,Dong_Thap,10.4938,105.6881,27.9,62,16.9,74,1011.7,0
2024-02-18,Dong_Thap,10.4938,105.6881,27.9,71,16.2,55,1011.7,0
2024-02-19,Dong_Thap,10.4938,105.6881,28.7,70,15.5,57,1011.9,0
2024-02-20,Dong_Thap,10.4938,105.6881,28.3,71,13.2,67,1011.4,1
2024-02-21,Dong_Thap,10.4938,105.6881,28.1,73,15.0,49,1011.2,1
2024-02-22,Dong_Thap,10.4938,105.6881,27.8,71,16.4,7,1012.1,0
2024-02-23,Dong_Thap,10.4938,105.6881,27.8,73,15.8,46,1012.4,1
2024-02-24,Dong_Thap,10.4938,105.6881,28.3,72,16.6,15,1012.2,1
2024-02-25,Dong_Thap,10.4938,105.6881,28.7,62,19.1,37,1011.5,0
2024-02-26,Dong_Thap,10.4938,105.6881,28.9,58,18.4,18,1011.6,0
2024-02-27,Dong_Thap,10.4938,105.6881,28.5,68,20.1,54,1011.0,1
2024-02-28,Dong_Thap,10.4938,105.6881,28.8,62,20.3,74,1010.3,0
2024-02-29,Dong_Thap,10.4938,105.6881,28.9,63,19.6,34,1010.4,0
2024-03-01,Dong_Thap,10.4938,105.6881,28.9,64,17.3,19,1010.9,1
2024-03-02,Dong_Thap,10.4938,105.6881,29.1,65,20.2,58,1010.7,1
2024-03-03,Dong_Thap,10.4938,105.6881,28.9,66,21.6,58,1010.6,0
2024-03-04,Dong_Thap,10.4938,105.6881,29.2,65,15.3,54,1010.1,0
2024-03-05,Dong_Thap,10.4938,105.6881,28.7,72,14.7,21,1009.5,0
2024-03-06,Dong_Thap,10.4938,105.6881,29.6,69,12.3,42,1008.2,0
2024-03-07,Dong_Thap,10.4938,105.6881,29.6,71,20.1,72,1008.2,1
2024-03-08,Dong_Thap,10.4938,105.6881,29.0,65,18.9,66,1009.7,1
2024-03-09,Dong_Thap,10.4938,105.6881,29.1,64,20.6,69,1010.3,0
2024-03-10,Dong_Thap,10.4938,105.6881,29.0,65,21.4,81,1012.0,0
2024-03-11,Dong_Thap,10.4938,105.6881,29.2,62,17.5,41,1012.3,0
2024-03-12,Dong_Thap,10.4938,105.6881,29.7,62,21.1,51,1011.9,0
2024-03-13,Dong_Thap,10.4938,105.6881,29.2,66,17.9,89,1012.0,1
2024-03-14,Dong_Thap,10.4938,105.6881,29.5,66,18.4,45,1011.6,1
2024-03-15,Dong_Thap,10.4938,105.6881,29.1,65,16.8,63,1011.6,0
2024-03-16,Dong_Thap,10.4938,105.6881,28.8,67,16.5,70,1012.2,0
2024-03-17,Dong_Thap,10.4938,105.6881,29.2,66,15.6,73,1011.7,0
2024-03-18,Dong_Thap,10.4938,105.6881,29.0,66,17.0,46,1010.7,0
2024-03-19,Dong_Thap,10.4938,105.6881,29.0,63,22.5,48,1011.4,0
2024-03-20,Dong_Thap,10.4938,105.6881,29.0,62,18.7,27,1012.2,0
2024-03-21,Dong_Thap,10.4938,105.6881,29.3,62,20.0,23,1010.9,1
2024-03-22,Dong_Thap,10.4938,105.6881,29.4,64,18.1,36,1008.8,1
2024-03-23,Dong_Thap,10.4938,105.6881,28.9,70,15.1,33,1009.5,1
2024-03-24,Dong_Thap,10.4938,105.6881,29.5,67,14.5,19,1010.9,1
2024-03-25,Dong_Thap,10.4938,105.6881,29.8,68,17.1,41,1010.6,1
2024-03-26,Dong_Thap,10.4938,105.6881,30.2,64,19.3,56,1011.6,0
2024-03-27,Dong_Thap,10.4938,105.6881,30.7,62,18.9,33,1012.5,0
2024-03-28,Dong_Thap,10.4938,105.6881,30.0,70,15.2,97,1011.0,1
2024-03-29,Dong_Thap,10.4938,105.6881,29.7,70,15.7,95,1010.6,1
2024-03-30,Dong_Thap,10.4938,105.6881,30.0,69,14.1,73,1011.9,1
2024-03-31,Dong_Thap,10.4938,105.6881,30.2,70,12.1,90,1011.3,0
2024-04-01,Dong_Thap,10.4938,105.6881,30.1,73,14.3,41,1009.3,1
2024-04-02,Dong_Thap,10.4938,105.6881,30.6,70,11.5,46,1008.3,1
2024-04-03,Dong_Thap,10.4938,105.6881,30.6,64,15.1,64,1008.9,0
2024-04-04,Dong_Thap,10.4938,105.6881,30.8,64,12.2,55,1008.4,1
2024-04-05,Dong_Thap,10.4938,105.6881,31.0,64,16.1,60,1007.9,0
2024-04-06,Dong_Thap,10.4938,105.6881,30.2,64,17.1,37,1008.4,1
2024-04-07,Dong_Thap,10.4938,105.6881,30.6,65,17.3,63,1007.8,0
2024-04-08,Dong_Thap,10.4938,105.6881,30.8,66,17.6,23,1008.5,0
2024-04-09,Dong_Thap,10.4938,105.6881,31.0,65,18.9,79,1008.8,0
2024-04-10,Dong_Thap,10.4938,105.6881,31.1,58,20.8,73,1010.1,0
2024-04-11,Dong_Thap,10.4938,105.6881,30.9,62,18.1,42,1009.6,0
2024-04-12,Dong_Thap,10.4938,105.6881,31.5,59,17.1,100,1009.1,1
2024-04-13,Dong_Thap,10.4938,105.6881,30.7,64,16.8,86,1009.1,1
2024-04-14,Dong_Thap,10.4938,105.6881,30.6,64,18.1,40,1009.8,0
2024-04-15,Dong_Thap,10.4938,105.6881,30.8,63,18.0,35,1010.2,0
2024-04-16,Dong_Thap,10.4938,105.6881,31.2,62,18.4,22,1008.8,0
2024-04-17,Dong_Thap,10.4938,105.6881,30.5,65,11.6,83,1008.7,1
2024-04-18,Dong_Thap,10.4938,105.6881,31.1,59,15.6,43,1007.6,0
2024-04-19,Dong_Thap,10.4938,105.6881,31.0,61,15.4,52,1006.7,0
2024-04-20,Dong_Thap,10.4938,105.6881,31.2,58,16.6,70,1006.6,0
2024-04-21,Dong_Thap,10.4938,105.6881,30.8,61,12.0,44,1007.3,1
2024-04-22,Dong_Thap,10.4938,105.6881,31.4,60,12.7,68,1007.1,0
2024-04-23,Dong_Thap,10.4938,105.6881,31.9,58,11.3,65,1006.8,0
2024-04-24,Dong_Thap,10.4938,105.6881,32.0,62,14.2,52,1006.6,0
2024-04-25,Dong_Thap,10.4938,105.6881,32.4,62,12.5,40,1006.7,0
2024-04-26,Dong_Thap,10.4938,105.6881,31.9,65,16.2,65,1006.5,1
2024-04-27,Dong_Thap,10.4938,105.6881,32.5,64,17.3,45,1006.1,0
2024-04-28,Dong_Thap,10.4938,105.6881,32.7,61,13.0,14,1007.4,0
2024-04-29,Dong_Thap,10.4938,105.6881,32.9,58,14.4,89,1007.6,0
2024-04-30,Dong_Thap,10.4938,105.6881,32.2,63,14.6,78,1006.0,1
2024-05-01,Dong_Thap,10.4938,105.6881,32.9,59,16.5,84,1005.1,0
2024-05-02,Dong_Thap,10.4938,105.6881,33.1,57,16.9,69,1006.2,0
2024-05-03,Dong_Thap,10.4938,105.6881,32.0,64,14.8,73,1007.3,1
2024-05-04,Dong_Thap,10.4938,105.6881,30.0,75,14.6,82,1007.5,1
2024-05-05,Dong_Thap,10.4938,105.6881,28.6,83,15.8,82,1007.6,1
2024-05-06,Dong_Thap,10.4938,105.6881,29.9,74,12.3,56,1008.3,1
2024-05-07,Dong_Thap,10.4938,105.6881,29.2,76,14.2,54,1009.8,1
2024-05-08,Dong_Thap,10.4938,105.6881,29.6,77,13.4,66,1008.8,1
2024-05-09,Dong_Thap,10.4938,105.6881,29.2,80,21.9,85,1008.3,1
2024-05-10,Dong_Thap,10.4938,105.6881,29.4,79,15.1,64,1008.7,1
2024-05-11,Dong_Thap,10.4938,105.6881,29.5,79,13.0,61,1009.5,1
2024-05-12,Dong_Thap,10.4938,105.6881,29.3,82,10.5,78,1009.0,1
2024-05-13,Dong_Thap,10.4938,105.6881,28.4,84,12.2,77,1008.4,1
2024-05-14,Dong_Thap,10.4938,105.6881,29.4,80,9.7,58,1008.3,1
2024-05-15,Dong_Thap,10.4938,105.6881,28.8,83,15.7,91,1009.0,1
2024-05-16,Dong_Thap,10.4938,105.6881,28.5,84,15.6,90,1008.9,1
2024-05-17,Dong_Thap,10.4938,105.6881,27.8,89,14.5,100,1008.5,1
2024-05-18,Dong_Thap,10.4938,105.6881,28.7,83,12.7,66,1006.9,1
2024-05-19,Dong_Thap,10.4938,105.6881,28.7,86,11.9,100,1005.7,1
2024-05-20,Dong_Thap,10.4938,105.6881,28.4,86,15.5,99,1006.0,1
2024-05-21,Dong_Thap,10.4938,105.6881,27.4,90,13.0,100,1007.1,1
2024-05-22,Dong_Thap,10.4938,105.6881,28.2,87,16.3,90,1007.3,1
2024-05-23,Dong_Thap,10.4938,105.6881,28.7,85,15.0,97,1007.1,1
2024-05-24,Dong_Thap,10.4938,105.6881,28.9,85,10.2,87,1007.2,1
2024-05-25,Dong_Thap,10.4938,105.6881,29.3,81,12.0,96,1007.6,1
2024-05-26,Dong_Thap,10.4938,105.6881,28.6,82,12.7,82,1008.6,1
2024-05-27,Dong_Thap,10.4938,105.6881,29.9,80,13.0,92,1006.9,1
2024-05-28,Dong_Thap,10.4938,105.6881,28.5,86,12.7,100,1007.2,1
2024-05-29,Dong_Thap,10.4938,105.6881,28.5,87,17.8,86,1006.8,1
2024-05-30,Dong_Thap,10.4938,105.6881,28.3,86,20.7,99,1007.0,1
2024-05-31,Dong_Thap,10.4938,105.6881,27.3,90,21.4,100,1008.1,1
2024-06-01,Dong_Thap,10.4938,105.6881,28.1,87,9.7,99,1009.8,1
2024-06-02,Dong_Thap,10.4938,105.6881,29.2,82,6.9,100,1010.1,1
2024-06-03,Dong_Thap,10.4938,105.6881,29.0,80,17.4,96,1009.1,1
2024-06-04,Dong_Thap,10.4938,105.6881,29.8,78,12.8,97,1008.1,1
2024-06-05,Dong_Thap,10.4938,105.6881,29.5,81,16.1,99,1008.9,1
2024-06-06,Dong_Thap,10.4938,105.6881,29.6,80,14.6,99,1009.2,1
2024-06-07,Dong_Thap,10.4938,105.6881,29.3,79,11.9,100,1007.8,1
2024-06-08,Dong_Thap,10.4938,105.6881,29.0,82,14.2,99,1006.7,1
2024-06-09,Dong_Thap,10.4938,105.6881,27.3,85,18.3,100,1007.4,1
2024-06-10,Dong_Thap,10.4938,105.6881,27.1,84,17.3,99,1009.3,1
2024-06-11,Dong_Thap,10.4938,105.6881,28.1,81,15.7,71,1010.1,1
2024-06-12,Dong_Thap,10.4938,105.6881,28.4,83,16.6,86,1010.3,1
2024-06-13,Dong_Thap,10.4938,105.6881,28.6,83,14.5,92,1008.6,1
2024-06-14,Dong_Thap,10.4938,105.6881,29.0,83,16.0,91,1006.5,1
2024-06-15,Dong_Thap,10.4938,105.6881,28.0,86,12.3,84,1006.4,1
2024-06-16,Dong_Thap,10.4938,105.6881,27.6,85,19.6,99,1007.4,1
2024-06-17,Dong_Thap,10.4938,105.6881,27.3,87,16.5,77,1008.1,1
2024-06-18,Dong_Thap,10.4938,105.6881,27.8,85,18.6,74,1007.4,1
2024-06-19,Dong_Thap,10.4938,105.6881,28.5,81,18.3,99,1006.3,1
2024-06-20,Dong_Thap,10.4938,105.6881,27.5,86,16.7,100,1005.9,1
2024-06-21,Dong_Thap,10.4938,105.6881,26.8,91,14.6,100,1005.3,1
2024-06-22,Dong_Thap,10.4938,105.6881,26.0,91,23.0,99,1005.8,1
2024-06-23,Dong_Thap,10.4938,105.6881,26.2,88,18.5,100,1007.2,1
2024-06-24,Dong_Thap,10.4938,105.6881,26.3,89,20.9,99,1007.6,1
2024-06-25,Dong_Thap,10.4938,105.6881,26.8,87,13.2,100,1007.3,1
2024-06-26,Dong_Thap,10.4938,105.6881,27.3,86,14.3,96,1007.7,1
2024-06-27,Dong_Thap,10.4938,105.6881,26.6,90,6.9,100,1009.0,1
2024-06-28,Dong_Thap,10.4938,105.6881,26.9,88,11.2,88,1008.9,1
2024-06-29,Dong_Thap,10.4938,105.6881,27.5,86,15.6,84,1009.2,1
2024-06-30,Dong_Thap,10.4938,105.6881,27.4,85,13.2,93,1009.9,1
2024-07-01,Dong_Thap,10.4938,105.6881,27.5,84,17.4,78,1008.6,1
2024-07-02,Dong_Thap,10.4938,105.6881,27.4,88,12.7,90,1007.0,1
2024-07-03,Dong_Thap,10.4938,105.6881,26.8,90,13.2,100,1008.4,1
2024-07-04,Dong_Thap,10.4938,105.6881,26.6,89,12.1,100,1010.0,1
2024-07-05,Dong_Thap,10.4938,105.6881,27.1,86,15.8,88,1008.1,1
2024-07-06,Dong_Thap,10.4938,105.6881,27.9,83,11.1,79,1006.3,1
2024-07-07,Dong_Thap,10.4938,105.6881,27.2,87,13.0,98,1007.2,1
2024-07-08,Dong_Thap,10.4938,105.6881,27.0,87,11.7,100,1007.1,1
2024-07-09,Dong_Thap,10.4938,105.6881,27.1,87,11.3,98,1008.6,1
2024-07-10,Dong_Thap,10.4938,105.6881,26.9,86,18.3,91,1009.8,1
2024-07-11,Dong_Thap,10.4938,105.6881,26.3,89,16.5,92,1008.6,1
2024-07-12,Dong_Thap,10.4938,105.6881,26.5,86,22.4,100,1007.0,1
2024-07-13,Dong_Thap,10.4938,105.6881,26.5,87,24.5,98,1005.5,1
2024-07-14,Dong_Thap,10.4938,105.6881,26.4,87,16.8,99,1005.7,1
2024-07-15,Dong_Thap,10.4938,105.6881,26.9,87,17.1,100,1005.5,1
2024-07-16,Dong_Thap,10.4938,105.6881,26.0,90,19.9,99,1005.7,1
2024-07-17,Dong_Thap,10.4938,105.6881,25.7,92,25.2,99,1006.4,1
2024-07-18,Dong_Thap,10.4938,105.6881,26.1,90,18.7,100,1007.5,1
2024-07-19,Dong_Thap,10.4938,105.6881,26.5,87,17.2,100,1007.3,1
2024-07-20,Dong_Thap,10.4938,105.6881,26.1,91,19.6,99,1007.9,1
2024-07-21,Dong_Thap,10.4938,105.6881,26.8,87,20.5,100,1007.8,1
2024-07-22,Dong_Thap,10.4938,105.6881,27.1,87,20.4,100,1008.3,1
2024-07-23,Dong_Thap,10.4938,105.6881,27.9,83,21.8,90,1007.7,1
2024-07-24,Dong_Thap,10.4938,105.6881,28.5,78,25.3,90,1005.9,1
2024-07-25,Dong_Thap,10.4938,105.6881,26.9,87,24.7,92,1005.1,1
2024-07-26,Dong_Thap,10.4938,105.6881,26.8,89,18.9,100,1006.3,1
2024-07-27,Dong_Thap,10.4938,105.6881,26.2,91,20.9,100,1007.8,1
2024-07-28,Dong_Thap,10.4938,105.6881,26.5,87,16.5,100,1007.8,1
2024-07-29,Dong_Thap,10.4938,105.6881,27.3,86,15.0,100,1007.4,1
2024-07-30,Dong_Thap,10.4938,105.6881,27.3,86,21.8,99,1008.8,1
2024-07-31,Dong_Thap,10.4938,105.6881,27.7,82,16.6,93,1010.2,1
2024-08-01,Dong_Thap,10.4938,105.6881,27.8,82,17.4,89,1010.3,1
2024-08-02,Dong_Thap,10.4938,105.6881,27.3,86,14.6,99,1009.6,1
2024-08-03,Dong_Thap,10.4938,105.6881,27.1,88,10.7,92,1009.5,1
2024-08-04,Dong_Thap,10.4938,105.6881,26.5,88,13.1,90,1009.8,1
2024-08-05,Dong_Thap,10.4938,105.6881,26.6,87,20.0,76,1008.8,1
2024-08-06,Dong_Thap,10.4938,105.6881,26.9,87,24.1,81,1008.1,1
2024-08-07,Dong_Thap,10.4938,105.6881,27.1,86,17.0,88,1008.6,1
2024-08-08,Dong_Thap,10.4938,105.6881,28.1,82,14.1,70,1009.3,1
2024-08-09,Dong_Thap,10.4938,105.6881,28.5,81,12.4,56,1008.7,1
2024-08-10,Dong_Thap,10.4938,105.6881,28.8,79,16.6,53,1007.4,1
2024-08-11,Dong_Thap,10.4938,105.6881,28.5,81,18.2,55,1005.9,1
2024-08-12,Dong_Thap,10.4938,105.6881,27.6,84,21.0,95,1006.6,1
2024-08-13,Dong_Thap,10.4938,105.6881,27.9,84,18.4,57,1007.7,1
2024-08-14,Dong_Thap,10.4938,105.6881,28.4,83,14.3,59,1007.6,1
2024-08-15,Dong_Thap,10.4938,105.6881,28.4,82,17.1,60,1006.9,1
2024-08-16,Dong_Thap,10.4938,105.6881,28.3,83,15.5,89,1006.8,1
2024-08-17,Dong_Thap,10.4938,105.6881,27.7,85,16.3,88,1008.3,1
2024-08-18,Dong_Thap,10.4938,105.6881,28.4,81,13.2,76,1008.5,1
2024-08-19,Dong_Thap,10.4938,105.6881,28.5,81,13.2,93,1008.1,1
2024-08-20,Dong_Thap,10.4938,105.6881,28.2,82,13.0,93,1009.0,1
2024-08-21,Dong_Thap,10.4938,105.6881,27.8,85,15.2,93,1009.7,1
2024-08-22,Dong_Thap,10.4938,105.6881,27.8,83,17.9,100,1009.5,1
2024-08-23,Dong_Thap,10.4938,105.6881,27.6,84,12.3,97,1010.3,1
2024-08-24,Dong_Thap,10.4938,105.6881,27.2,86,16.6,94,1009.8,1
2024-08-25,Dong_Thap,10.4938,105.6881,26.8,87,20.2,99,1008.7,1
2024-08-26,Dong_Thap,10.4938,105.6881,26.6,88,14.8,91,1008.3,1
2024-08-27,Dong_Thap,10.4938,105.6881,26.8,87,15.3,93,1008.5,1
2024-08-28,Dong_Thap,10.4938,105.6881,26.8,87,18.1,90,1008.4,1
2024-08-29,Dong_Thap,10.4938,105.6881,26.3,87,17.7,96,1008.7,1
2024-08-30,Dong_Thap,10.4938,105.6881,27.6,83,17.3,95,1008.2,1
2024-08-31,Dong_Thap,10.4938,105.6881,26.7,89,11.8,100,1008.0,1
2024-09-01,Dong_Thap,10.4938,105.6881,26.2,91,11.8,97,1006.9,1
2024-09-02,Dong_Thap,10.4938,105.6881,25.6,91,16.3,94,1007.2,1
2024-09-03,Dong_Thap,10.4938,105.6881,26.4,88,22.6,96,1008.4,1
2024-09-04,Dong_Thap,10.4938,105.6881,27.2,84,23.8,99,1007.2,1
2024-09-05,Dong_Thap,10.4938,105.6881,27.8,83,22.9,89,1005.0,1
2024-09-06,Dong_Thap,10.4938,105.6881,27.4,84,25.1,100,1005.5,1
2024-09-07,Dong_Thap,10.4938,105.6881,28.1,80,23.4,100,1007.4,1
2024-09-08,Dong_Thap,10.4938,105.6881,27.9,81,18.0,99,1008.9,1
2024-09-09,Dong_Thap,10.4938,105.6881,28.5,79,16.2,97,1007.2,1
2024-09-10,Dong_Thap,10.4938,105.6881,28.1,84,14.8,100,1006.6,1
2024-09-11,Dong_Thap,10.4938,105.6881,27.7,86,15.5,100,1007.9,1
2024-09-12,Dong_Thap,10.4938,105.6881,27.2,88,14.5,98,1008.3,1
2024-09-13,Dong_Thap,10.4938,105.6881,27.0,89,20.5,99,1007.0,1
2024-09-14,Dong_Thap,10.4938,105.6881,26.6,88,18.9,100,1005.7,1
2024-09-15,Dong_Thap,10.4938,105.6881,26.5,89,22.1,89,1005.1,1
2024-09-16,Dong_Thap,10.4938,105.6881,27.6,82,17.2,96,1004.1,1
2024-09-17,Dong_Thap,10.4938,105.6881,26.2,91,16.3,100,1002.8,1
2024-09-18,Dong_Thap,10.4938,105.6881,26.3,90,18.4,100,1002.0,1
2024-09-19,Dong_Thap,10.4938,105.6881,26.9,86,19.0,100,1002.4,1
2024-09-20,Dong_Thap,10.4938,105.6881,26.9,86,25.3,93,1004.1,1
2024-09-21,Dong_Thap,10.4938,105.6881,25.9,91,25.0,100,1006.2,1
2024-09-22,Dong_Thap,10.4938,105.6881,26.2,92,16.8,100,1007.4,1
2024-09-23,Dong_Thap,10.4938,105.6881,26.3,90,14.5,98,1009.5,1
2024-09-24,Dong_Thap,10.4938,105.6881,26.8,87,11.6,99,1009.7,1
2024-09-25,Dong_Thap,10.4938,105.6881,26.8,87,11.3,95,1010.2,1
2024-09-26,Dong_Thap,10.4938,105.6881,26.6,86,15.5,86,1010.1,1
2024-09-27,Dong_Thap,10.4938,105.6881,26.4,88,12.3,79,1009.9,1
2024-09-28,Dong_Thap,10.4938,105.6881,28.3,80,8.0,66,1009.0,1
2024-09-29,Dong_Thap,10.4938,105.6881,28.4,81,14.3,97,1008.6,1
2024-09-30,Dong_Thap,10.4938,105.6881,28.3,82,13.6,91,1007.7,1
2024-10-01,Dong_Thap,10.4938,105.6881,27.9,84,15.9,93,1007.5,1
2024-10-02,Dong_Thap,10.4938,105.6881,28.0,85,10.3,95,1009.0,1
2024-10-03,Dong_Thap,10.4938,105.6881,26.5,89,15.3,96,1009.9,1
2024-10-04,Dong_Thap,10.4938,105.6881,26.3,89,13.7,91,1010.0,1
2024-10-05,Dong_Thap,10.4938,105.6881,26.9,85,9.9,57,1009.2,1
2024-10-06,Dong_Thap,10.4938,105.6881,26.1,88,9.4,95,1010.4,1
2024-10-07,Dong_Thap,10.4938,105.6881,26.9,85,11.0,100,1010.7,1
2024-10-08,Dong_Thap,10.4938,105.6881,26.1,88,8.8,98,1010.3,1
2024-10-09,Dong_Thap,10.4938,105.6881,26.4,88,13.6,91,1009.2,1
2024-10-10,Dong_Thap,10.4938,105.6881,26.4,89,18.0,97,1008.8,1
2024-10-11,Dong_Thap,10.4938,105.6881,26.7,89,11.7,89,1008.8,1
2024-10-12,Dong_Thap,10.4938,105.6881,26.3,89,11.2,99,1009.5,1
2024-10-13,Dong_Thap,10.4938,105.6881,27.4,85,10.2,74,1009.1,1
2024-10-14,Dong_Thap,10.4938,105.6881,27.1,87,10.2,92,1008.6,1
2024-10-15,Dong_Thap,10.4938,105.6881,26.6,88,13.9,99,1009.4,1
2024-10-16,Dong_Thap,10.4938,105.6881,26.5,87,11.2,100,1010.1,1
2024-10-17,Dong_Thap,10.4938,105.6881,25.8,90,12.6,94,1010.0,1
2024-10-18,Dong_Thap,10.4938,105.6881,25.5,90,13.6,86,1009.8,1
2024-10-19,Dong_Thap,10.4938,105.6881,25.6,90,13.8,96,1010.3,1
2024-10-20,Dong_Thap,10.4938,105.6881,26.3,89,5.9,70,1011.2,1
2024-10-21,Dong_Thap,10.4938,105.6881,26.8,88,12.2,90,1009.9,1
2024-10-22,Dong_Thap,10.4938,105.6881,26.1,89,12.4,96,1009.3,1
2024-10-23,Dong_Thap,10.4938,105.6881,26.0,88,17.9,100,1009.3,1
2024-10-24,Dong_Thap,10.4938,105.6881,26.9,84,12.6,78,1008.8,1
2024-10-25,Dong_Thap,10.4938,105.6881,27.6,79,14.7,74,1007.6,1
2024-10-26,Dong_Thap,10.4938,105.6881,28.5,77,14.4,98,1005.9,0
2024-10-27,Dong_Thap,10.4938,105.6881,27.4,84,16.8,100,1005.1,1
2024-10-28,Dong_Thap,10.4938,105.6881,25.2,93,15.4,100,1005.8,1
2024-10-29,Dong_Thap,10.4938,105.6881,25.9,88,12.6,94,1007.6,1
2024-10-30,Dong_Thap,10.4938,105.6881,27.0,85,14.5,61,1009.1,1
2024-10-31,Dong_Thap,10.4938,105.6881,27.2,84,13.8,93,1008.6,1
2024-11-01,Dong_Thap,10.4938,105.6881,27.5,86,11.7,97,1008.8,1
2024-11-02,Dong_Thap,10.4938,105.6881,25.6,90,13.6,96,1010.2,1
2024-11-03,Dong_Thap,10.4938,105.6881,26.3,87,11.9,86,1010.3,1
2024-11-04,Dong_Thap,10.4938,105.6881,25.7,89,20.2,94,1010.0,1
2024-11-05,Dong_Thap,10.4938,105.6881,26.5,85,12.7,83,1010.3,1
2024-11-06,Dong_Thap,10.4938,105.6881,26.6,86,9.8,86,1010.7,1
2024-11-07,Dong_Thap,10.4938,105.6881,26.7,84,12.1,36,1010.6,1
2024-11-08,Dong_Thap,10.4938,105.6881,26.8,83,10.0,96,1010.5,1
2024-11-09,Dong_Thap,10.4938,105.6881,26.6,83,11.5,90,1010.2,1
2024-11-10,Dong_Thap,10.4938,105.6881,26.9,84,9.7,75,1010.5,1
2024-11-11,Dong_Thap,10.4938,105.6881,27.5,80,10.6,73,1009.6,1
2024-11-12,Dong_Thap,10.4938,105.6881,27.1,83,9.6,78,1008.7,1
2024-11-13,Dong_Thap,10.4938,105.6881,27.2,85,9.7,52,1008.3,1
2024-11-14,Dong_Thap,10.4938,105.6881,27.9,81,13.5,50,1008.7,1
2024-11-15,Dong_Thap,10.4938,105.6881,27.4,84,12.7,93,1008.8,1
2024-11-16,Dong_Thap,10.4938,105.6881,27.9,81,11.6,58,1008.4,1
2024-11-17,Dong_Thap,10.4938,105.6881,27.4,81,12.0,73,1008.4,1
2024-11-18,Dong_Thap,10.4938,105.6881,27.6,78,11.6,42,1008.6,0
2024-11-19,Dong_Thap,10.4938,105.6881,27.7,81,9.7,69,1009.3,1
2024-11-20,Dong_Thap,10.4938,105.6881,26.8,86,12.4,82,1009.0,1
2024-11-21,Dong_Thap,10.4938,105.6881,27.4,82,15.2,73,1008.3,1
2024-11-22,Dong_Thap,10.4938,105.6881,27.6,81,9.7,65,1008.7,1
2024-11-23,Dong_Thap,10.4938,105.6881,27.4,81,15.9,99,1009.1,1
2024-11-24,Dong_Thap,10.4938,105.6881,26.8,87,11.7,99,1009.5,1
2024-11-25,Dong_Thap,10.4938,105.6881,27.6,80,12.8,94,1009.0,1
2024-11-26,Dong_Thap,10.4938,105.6881,27.8,78,12.5,98,1008.3,1
2024-11-27,Dong_Thap,10.4938,105.6881,27.4,77,12.0,79,1008.7,1
2024-11-28,Dong_Thap,10.4938,105.6881,27.9,66,20.5,86,1009.7,1
2024-11-29,Dong_Thap,10.4938,105.6881,25.5,69,18.5,94,1010.3,1
2024-11-30,Dong_Thap,10.4938,105.6881,26.1,68,11.9,94,1009.1,0
2024-12-01,Dong_Thap,10.4938,105.6881,27.3,69,13.2,78,1007.9,0
2024-12-02,Dong_Thap,10.4938,105.6881,26.8,84,8.5,93,1007.6,1
2024-12-03,Dong_Thap,10.4938,105.6881,25.5,93,4.9,100,1008.1,1
2024-12-04,Dong_Thap,10.4938,105.6881,26.5,86,9.4,99,1008.1,1
2024-12-05,Dong_Thap,10.4938,105.6881,26.9,85,12.7,99,1007.7,1
2024-12-06,Dong_Thap,10.4938,105.6881,26.9,86,14.0,85,1008.2,1
2024-12-07,Dong_Thap,10.4938,105.6881,26.0,89,13.7,89,1009.1,1
2024-12-08,Dong_Thap,10.4938,105.6881,27.6,77,14.7,98,1009.1,0
2024-12-09,Dong_Thap,10.4938,105.6881,27.4,70,15.3,97,1008.1,0
2024-12-10,Dong_Thap,10.4938,105.6881,27.1,72,15.8,95,1007.4,1
2024-12-11,Dong_Thap,10.4938,105.6881,25.6,86,15.5,100,1006.8,1
2024-12-12,Dong_Thap,10.4938,105.6881,25.8,91,15.5,100,1007.1,1
2024-12-13,Dong_Thap,10.4938,105.6881,25.9,91,16.5,100,1008.1,1
2024-12-14,Dong_Thap,10.4938,105.6881,25.1,94,10.0,100,1010.0,1
2024-12-15,Dong_Thap,10.4938,105.6881,25.2,91,15.1,96,1011.2,1
2024-12-16,Dong_Thap,10.4938,105.6881,25.2,80,14.0,94,1011.6,0
2024-12-17,Dong_Thap,10.4938,105.6881,25.2,77,12.5,54,1010.9,0
2024-12-18,Dong_Thap,10.4938,105.6881,25.8,75,12.5,61,1010.2,0
2024-12-19,Dong_Thap,10.4938,105.6881,25.9,73,13.1,56,1010.5,0
2024-12-20,Dong_Thap,10.4938,105.6881,25.0,75,12.1,79,1010.4,0
2024-12-21,Dong_Thap,10.4938,105.6881,24.4,74,9.7,97,1011.0,0
2024-12-22,Dong_Thap,10.4938,105.6881,23.5,72,11.5,91,1010.7,0
2024-12-23,Dong_Thap,10.4938,105.6881,24.4,71,16.9,86,1009.6,0
2024-12-24,Dong_Thap,10.4938,105.6881,26.0,70,21.2,62,1010.1,0
2024-12-25,Dong_Thap,10.4938,105.6881,26.5,68,21.4,75,1010.5,0
2024-12-26,Dong_Thap,10.4938,105.6881,25.6,85,13.7,89,1012.0,1
2024-12-27,Dong_Thap,10.4938,105.6881,25.8,90,10.4,88,1012.6,1
2024-12-28,Dong_Thap,10.4938,105.6881,25.6,91,15.2,79,1012.7,1
2024-12-29,Dong_Thap,10.4938,105.6881,25.3,80,14.0,38,1012.1,1
2024-12-30,Dong_Thap,10.4938,105.6881,24.7,78,10.2,43,1012.1,0
2024-12-31,Dong_Thap,10.4938,105.6881,25.7,78,14.1,68,1010.9,0
2025-01-01,Dong_Thap,10.4938,105.6881,25.6,74,12.8,99,1009.7,0
2025-01-02,Dong_Thap,10.4938,105.6881,25.8,76,12.6,85,1009.8,0
2025-01-03,Dong_Thap,10.4938,105.6881,25.9,80,13.0,98,1009.9,1
2025-01-04,Dong_Thap,10.4938,105.6881,25.8,76,13.1,87,1010.0,0
2025-01-05,Dong_Thap,10.4938,105.6881,25.1,69,13.4,67,1011.0,0
2025-01-06,Dong_Thap,10.4938,105.6881,24.6,75,9.2,54,1011.0,0
2025-01-07,Dong_Thap,10.4938,105.6881,25.0,74,10.4,38,1011.2,0
2025-01-08,Dong_Thap,10.4938,105.6881,25.7,79,10.2,55,1011.0,0
2025-01-09,Dong_Thap,10.4938,105.6881,25.5,79,8.3,88,1011.8,1
2025-01-10,Dong_Thap,10.4938,105.6881,25.7,75,13.0,88,1013.1,0
2025-01-11,Dong_Thap,10.4938,105.6881,25.2,62,20.7,78,1014.1,0
2025-01-12,Dong_Thap,10.4938,105.6881,24.0,60,18.4,63,1013.4,0
2025-01-13,Dong_Thap,10.4938,105.6881,22.8,67,12.8,34,1012.6,0
2025-01-14,Dong_Thap,10.4938,105.6881,25.0,72,13.8,86,1012.0,1
2025-01-15,Dong_Thap,10.4938,105.6881,25.8,86,15.4,84,1011.6,1
2025-01-16,Dong_Thap,10.4938,105.6881,26.3,77,18.4,55,1011.7,1
2025-01-17,Dong_Thap,10.4938,105.6881,25.1,68,16.0,87,1011.2,0
2025-01-18,Dong_Thap,10.4938,105.6881,24.5,77,9.8,36,1010.7,0
2025-01-19,Dong_Thap,10.4938,105.6881,25.1,79,8.2,72,1009.5,0
2025-01-20,Dong_Thap,10.4938,105.6881,25.2,80,11.2,75,1009.4,0
2025-01-21,Dong_Thap,10.4938,105.6881,25.1,76,9.6,79,1010.0,0
2025-01-22,Dong_Thap,10.4938,105.6881,25.4,78,8.0,96,1010.4,0
2025-01-23,Dong_Thap,10.4938,105.6881,26.0,77,9.6,100,1010.3,0
2025-01-24,Dong_Thap,10.4938,105.6881,26.5,79,12.1,94,1009.2,0
2025-01-25,Dong_Thap,10.4938,105.6881,26.7,77,12.2,75,1009.3,0
2025-01-26,Dong_Thap,10.4938,105.6881,26.5,79,11.2,49,1009.6,1
2025-01-27,Dong_Thap,10.4938,105.6881,25.2,76,11.1,46,1010.1,0
2025-01-28,Dong_Thap,10.4938,105.6881,24.6,78,12.3,67,1012.6,0
2025-01-29,Dong_Thap,10.4938,105.6881,23.6,74,13.8,80,1013.9,0
2025-01-30,Dong_Thap,10.4938,105.6881,23.4,80,6.9,83,1011.4,0
2025-01-31,Dong_Thap,10.4938,105.6881,24.3,77,9.5,100,1010.1,0
2025-02-01,Dong_Thap,10.4938,105.6881,25.1,78,13.3,95,1009.0,0
2025-02-02,Dong_Thap,10.4938,105.6881,25.7,80,13.0,53,1009.1,0
2025-02-03,Dong_Thap,10.4938,105.6881,26.2,77,12.4,26,1009.7,0
2025-02-04,Dong_Thap,10.4938,105.6881,25.9,72,11.2,62,1010.7,0
2025-02-05,Dong_Thap,10.4938,105.6881,25.3,74,10.8,59,1010.3,0
2025-02-06,Dong_Thap,10.4938,105.6881,25.3,76,12.9,43,1010.0,0
2025-02-07,Dong_Thap,10.4938,105.6881,25.8,75,12.6,69,1010.4,0
2025-02-08,Dong_Thap,10.4938,105.6881,25.9,71,11.6,69,1010.5,0
2025-02-09,Dong_Thap,10.4938,105.6881,25.3,66,15.9,44,1010.9,0
2025-02-10,Dong_Thap,10.4938,105.6881,25.2,69,10.0,94,1011.2,0
2025-02-11,Dong_Thap,10.4938,105.6881,26.7,75,10.2,99,1010.8,0
2025-02-12,Dong_Thap,10.4938,105.6881,26.8,81,13.0,65,1010.9,1
2025-02-13,Dong_Thap,10.4938,105.6881,26.6,83,11.4,57,1011.1,1
2025-02-14,Dong_Thap,10.4938,105.6881,26.9,84,11.1,35,1010.5,1
2025-02-15,Dong_Thap,10.4938,105.6881,26.9,83,14.3,37,1009.6,1
2025-02-16,Dong_Thap,10.4938,105.6881,27.3,77,14.8,40,1010.6,1
2025-02-17,Dong_Thap,10.4938,105.6881,27.3,71,14.8,69,1011.5,1
2025-02-18,Dong_Thap,10.4938,105.6881,27.1,75,13.5,79,1011.7,1
2025-02-19,Dong_Thap,10.4938,105.6881,25.7,86,13.7,73,1011.5,1
2025-02-20,Dong_Thap,10.4938,105.6881,26.5,82,12.5,100,1011.3,1
2025-02-21,Dong_Thap,10.4938,105.6881,26.5,81,18.0,75,1011.9,1
2025-02-22,Dong_Thap,10.4938,105.6881,26.1,87,11.4,94,1012.1,1
2025-02-23,Dong_Thap,10.4938,105.6881,25.7,88,18.9,84,1013.1,1
2025-02-24,Dong_Thap,10.4938,105.6881,26.1,86,19.1,44,1013.6,1
2025-02-25,Dong_Thap,10.4938,105.6881,26.7,76,13.7,48,1014.4,1
2025-02-26,Dong_Thap,10.4938,105.6881,26.5,79,13.5,86,1014.0,1
2025-02-27,Dong_Thap,10.4938,105.6881,27.2,75,15.4,42,1012.1,0
2025-02-28,Dong_Thap,10.4938,105.6881,27.9,69,14.7,31,1011.3,0
2025-03-01,Dong_Thap,10.4938,105.6881,27.8,69,14.5,63,1010.3,0
2025-03-02,Dong_Thap,10.4938,105.6881,27.4,71,13.3,60,1009.3,0
2025-03-03,Dong_Thap,10.4938,105.6881,27.7,71,13.1,52,1008.5,0
2025-03-04,Dong_Thap,10.4938,105.6881,27.7,75,12.3,64,1008.2,1
2025-03-05,Dong_Thap,10.4938,105.6881,28.4,76,11.7,53,1007.8,0
2025-03-06,Dong_Thap,10.4938,105.6881,28.5,73,14.8,33,1009.3,0
2025-03-07,Dong_Thap,10.4938,105.6881,28.5,72,19.3,67,1009.2,1
2025-03-08,Dong_Thap,10.4938,105.6881,27.9,75,11.9,60,1009.8,1
2025-03-09,Dong_Thap,10.4938,105.6881,27.5,75,13.1,77,1011.2,1
2025-03-10,Dong_Thap,10.4938,105.6881,27.9,77,17.7,68,1011.6,1
2025-03-11,Dong_Thap,10.4938,105.6881,28.1,71,16.2,76,1010.4,1
2025-03-12,Dong_Thap,10.4938,105.6881,28.9,69,17.4,81,1009.1,1
2025-03-13,Dong_Thap,10.4938,105.6881,28.7,69,18.6,56,1009.4,0
2025-03-14,Dong_Thap,10.4938,105.6881,28.8,70,17.2,63,1010.2,0
2025-03-15,Dong_Thap,10.4938,105.6881,28.7,73,13.9,88,1010.4,0
2025-03-16,Dong_Thap,10.4938,105.6881,28.5,73,18.8,38,1010.0,1
2025-03-17,Dong_Thap,10.4938,105.6881,27.6,78,14.5,66,1010.6,1
2025-03-18,Dong_Thap,10.4938,105.6881,27.4,79,19.9,67,1011.2,1
2025-03-19,Dong_Thap,10.4938,105.6881,28.2,68,16.2,67,1012.8,0
2025-03-20,Dong_Thap,10.4938,105.6881,27.5,63,14.2,98,1013.9,0
2025-03-21,Dong_Thap,10.4938,105.6881,27.7,62,15.7,86,1013.7,0
2025-03-22,Dong_Thap,10.4938,105.6881,28.4,68,13.2,49,1012.2,0
2025-03-23,Dong_Thap,10.4938,105.6881,28.2,67,13.1,36,1011.8,0
2025-03-24,Dong_Thap,10.4938,105.6881,28.5,68,18.3,60,1010.1,0
2025-03-25,Dong_Thap,10.4938,105.6881,27.8,68,16.0,69,1008.1,0
2025-03-26,Dong_Thap,10.4938,105.6881,27.9,69,13.4,56,1006.7,0
2025-03-27,Dong_Thap,10.4938,105.6881,28.3,68,14.8,41,1006.0,0
2025-03-28,Dong_Thap,10.4938,105.6881,28.4,68,12.8,13,1006.7,0
2025-03-29,Dong_Thap,10.4938,105.6881,28.8,67,16.9,68,1008.0,0
2025-03-30,Dong_Thap,10.4938,105.6881,29.7,68,16.6,59,1009.4,1
2025-03-31,Dong_Thap,10.4938,105.6881,28.2,75,10.3,93,1009.5,1
2025-04-01,Dong_Thap,10.4938,105.6881,27.1,84,13.6,96,1009.5,1
2025-04-02,Dong_Thap,10.4938,105.6881,27.4,79,26.9,84,1010.1,1
2025-04-03,Dong_Thap,10.4938,105.6881,28.2,72,16.5,24,1011.0,1
2025-04-04,Dong_Thap,10.4938,105.6881,28.4,68,15.3,71,1010.4,0
2025-04-05,Dong_Thap,10.4938,105.6881,28.6,71,15.7,33,1009.9,1
2025-04-06,Dong_Thap,10.4938,105.6881,28.7,72,16.4,45,1010.0,0
2025-04-07,Dong_Thap,10.4938,105.6881,29.3,66,18.1,43,1011.0,0
2025-04-08,Dong_Thap,10.4938,105.6881,29.6,64,17.0,83,1011.6,0
2025-04-09,Dong_Thap,10.4938,105.6881,29.0,73,13.6,72,1010.0,1
2025-04-10,Dong_Thap,10.4938,105.6881,28.0,80,10.1,100,1008.4,1
2025-04-11,Dong_Thap,10.4938,105.6881,28.7,79,11.4,92,1007.8,1
2025-04-12,Dong_Thap,10.4938,105.6881,29.2,74,9.3,39,1008.5,1
2025-04-13,Dong_Thap,10.4938,105.6881,28.7,79,10.3,28,1008.9,1
2025-04-14,Dong_Thap,10.4938,105.6881,28.6,77,14.5,70,1009.8,1
2025-04-15,Dong_Thap,10.4938,105.6881,28.4,79,12.7,82,1009.3,1
2025-04-16,Dong_Thap,10.4938,105.6881,27.8,81,16.9,99,1009.6,1
2025-04-17,Dong_Thap,10.4938,105.6881,28.4,79,12.3,98,1009.1,1
2025-04-18,Dong_Thap,10.4938,105.6881,28.7,80,10.6,49,1008.5,1
2025-04-19,Dong_Thap,10.4938,105.6881,29.3,73,11.2,42,1008.0,1
2025-04-20,Dong_Thap,10.4938,105.6881,29.7,68,14.5,35,1008.7,0
2025-04-21,Dong_Thap,10.4938,105.6881,29.4,72,15.4,43,1010.0,1
2025-04-22,Dong_Thap,10.4938,105.6881,29.0,76,17.5,91,1010.2,1
2025-04-23,Dong_Thap,10.4938,105.6881,28.2,81,22.4,64,1009.4,1
2025-04-24,Dong_Thap,10.4938,105.6881,28.3,80,15.4,70,1008.9,1
2025-04-25,Dong_Thap,10.4938,105.6881,28.8,79,12.0,48,1009.2,1
2025-04-26,Dong_Thap,10.4938,105.6881,28.4,79,11.6,63,1009.6,1
2025-04-27,Dong_Thap,10.4938,105.6881,28.3,78,12.1,56,1009.5,0
2025-04-28,Dong_Thap,10.4938,105.6881,28.9,75,12.7,38,1008.7,1
2025-04-29,Dong_Thap,10.4938,105.6881,29.6,68,15.1,86,1008.7,1
2025-04-30,Dong_Thap,10.4938,105.6881,30.4,64,14.9,34,1008.4,1
2025-05-01,Dong_Thap,10.4938,105.6881,29.4,74,17.9,70,1009.2,1
2025-05-02,Dong_Thap,10.4938,105.6881,27.8,83,15.3,97,1008.8,1
2025-05-03,Dong_Thap,10.4938,105.6881,26.9,86,14.0,78,1008.6,1
2025-05-04,Dong_Thap,10.4938,105.6881,26.8,86,16.0,71,1007.5,1
2025-05-05,Dong_Thap,10.4938,105.6881,27.4,88,15.2,77,1007.7,1
2025-05-06,Dong_Thap,10.4938,105.6881,28.0,85,10.6,54,1007.4,1
2025-05-07,Dong_Thap,10.4938,105.6881,28.9,80,16.2,44,1006.7,1
2025-05-08,Dong_Thap,10.4938,105.6881,28.6,82,18.1,75,1006.9,1
2025-05-09,Dong_Thap,10.4938,105.6881,29.4,78,15.2,72,1006.8,1
2025-05-10,Dong_Thap,10.4938,105.6881,27.7,86,11.8,92,1007.1,1
2025-05-11,Dong_Thap,10.4938,105.6881,27.2,87,13.1,90,1006.3,1
2025-05-12,Dong_Thap,10.4938,105.6881,27.0,89,11.8,98,1006.6,1
2025-05-13,Dong_Thap,10.4938,105.6881,27.2,87,13.5,93,1008.2,1
2025-05-14,Dong_Thap,10.4938,105.6881,27.5,88,12.0,91,1008.9,1
2025-05-15,Dong_Thap,10.4938,105.6881,27.1,90,14.9,100,1009.2,1
2025-05-16,Dong_Thap,10.4938,105.6881,27.5,89,12.3,96,1008.6,1
2025-05-17,Dong_Thap,10.4938,105.6881,28.1,85,16.2,72,1008.5,1
2025-05-18,Dong_Thap,10.4938,105.6881,28.4,83,12.4,83,1008.1,1
2025-05-19,Dong_Thap,10.4938,105.6881,27.4,88,14.9,70,1007.8,1
2025-05-20,Dong_Thap,10.4938,105.6881,27.2,90,10.4,95,1007.8,1
2025-05-21,Dong_Thap,10.4938,105.6881,27.6,86,11.9,86,1007.3,1
2025-05-22,Dong_Thap,10.4938,105.6881,27.1,91,9.4,100,1006.4,1
2025-05-23,Dong_Thap,10.4938,105.6881,26.4,93,14.0,97,1005.3,1
2025-05-24,Dong_Thap,10.4938,105.6881,26.7,90,13.9,97,1006.3,1
2025-05-25,Dong_Thap,10.4938,105.6881,26.7,89,11.5,91,1008.4,1
2025-05-26,Dong_Thap,10.4938,105.6881,27.6,86,8.6,86,1008.5,1
2025-05-27,Dong_Thap,10.4938,105.6881,27.2,89,12.0,94,1008.1,1
2025-05-28,Dong_Thap,10.4938,105.6881,27.4,89,15.3,97,1006.8,1
2025-05-29,Dong_Thap,10.4938,105.6881,26.7,92,11.1,97,1008.2,1
2025-05-30,Dong_Thap,10.4938,105.6881,27.1,89,15.4,96,1009.9,1
2025-05-31,Dong_Thap,10.4938,105.6881,27.5,87,20.3,86,1010.3,1
2025-06-01,Dong_Thap,10.4938,105.6881,28.5,83,15.3,83,1009.4,1
2025-06-02,Dong_Thap,10.4938,105.6881,27.2,89,16.7,99,1008.9,1
2025-06-03,Dong_Thap,10.4938,105.6881,26.6,93,17.1,98,1008.4,1
2025-06-04,Dong_Thap,10.4938,105.6881,27.7,87,17.8,84,1008.0,1
2025-06-05,Dong_Thap,10.4938,105.6881,27.5,87,18.2,86,1008.2,1
2025-06-06,Dong_Thap,10.4938,105.6881,27.9,86,18.9,93,1008.0,1
2025-06-07,Dong_Thap,10.4938,105.6881,27.5,87,19.2,98,1007.6,1
2025-06-08,Dong_Thap,10.4938,105.6881,27.1,86,20.3,95,1007.1,1
2025-06-09,Dong_Thap,10.4938,105.6881,26.7,89,19.0,83,1006.4,1
2025-06-10,Dong_Thap,10.4938,105.6881,26.6,90,16.0,100,1005.4,1
2025-06-11,Dong_Thap,10.4938,105.6881,26.2,92,18.2,100,1005.4,1
2025-06-12,Dong_Thap,10.4938,105.6881,26.4,90,24.7,100,1005.9,1
2025-06-13,Dong_Thap,10.4938,105.6881,26.9,89,23.2,100,1007.7,1
2025-06-14,Dong_Thap,10.4938,105.6881,27.5,87,14.6,96,1008.8,1
2025-06-15,Dong_Thap,10.4938,105.6881,27.4,89,11.5,100,1008.1,1
2025-06-16,Dong_Thap,10.4938,105.6881,27.7,88,9.4,95,1008.1,1
2025-06-17,Dong_Thap,10.4938,105.6881,27.2,89,10.3,83,1008.6,1
2025-06-18,Dong_Thap,10.4938,105.6881,27.2,89,13.5,100,1008.5,1
2025-06-19,Dong_Thap,10.4938,105.6881,26.8,90,12.2,99,1008.0,1
2025-06-20,Dong_Thap,10.4938,105.6881,26.7,91,12.3,99,1008.1,1
2025-06-21,Dong_Thap,10.4938,105.6881,26.2,90,17.4,100,1007.7,1
2025-06-22,Dong_Thap,10.4938,105.6881,25.5,91,22.0,100,1008.6,1
2025-06-23,Dong_Thap,10.4938,105.6881,26.6,86,18.2,97,1008.0,1
2025-06-24,Dong_Thap,10.4938,105.6881,27.0,86,19.4,100,1007.6,1
2025-06-25,Dong_Thap,10.4938,105.6881,26.7,89,16.0,77,1008.1,1
2025-06-26,Dong_Thap,10.4938,105.6881,26.3,91,18.4,94,1008.6,1
2025-06-27,Dong_Thap,10.4938,105.6881,26.5,91,16.6,93,1008.2,1
2025-06-28,Dong_Thap,10.4938,105.6881,26.6,87,22.9,62,1007.9,1
2025-06-29,Dong_Thap,10.4938,105.6881,27.2,83,24.0,80,1006.7,1
2025-06-30,Dong_Thap,10.4938,105.6881,27.6,81,17.5,81,1006.2,1
2025-07-01,Dong_Thap,10.4938,105.6881,27.1,87,13.8,92,1006.6,1
2025-07-02,Dong_Thap,10.4938,105.6881,26.5,91,18.1,96,1007.7,1
2025-07-03,Dong_Thap,10.4938,105.6881,26.2,91,16.5,100,1008.4,1
2025-07-04,Dong_Thap,10.4938,105.6881,26.9,87,17.4,76,1007.9,1
2025-07-05,Dong_Thap,10.4938,105.6881,27.5,85,15.2,97,1006.9,1
2025-07-06,Dong_Thap,10.4938,105.6881,27.5,86,19.2,100,1007.4,1
2025-07-07,Dong_Thap,10.4938,105.6881,26.3,91,21.2,93,1008.5,1
2025-07-08,Dong_Thap,10.4938,105.6881,27.2,85,16.5,99,1008.5,1
2025-07-09,Dong_Thap,10.4938,105.6881,26.9,86,18.8,89,1007.8,1
2025-07-10,Dong_Thap,10.4938,105.6881,28.0,83,23.5,65,1005.4,1
2025-07-11,Dong_Thap,10.4938,105.6881,28.0,83,21.4,85,1004.6,1
2025-07-12,Dong_Thap,10.4938,105.6881,27.7,85,18.0,68,1006.1,1
2025-07-13,Dong_Thap,10.4938,105.6881,27.5,86,16.8,81,1007.2,1
2025-07-14,Dong_Thap,10.4938,105.6881,27.3,87,17.9,78,1007.1,1
2025-07-15,Dong_Thap,10.4938,105.6881,27.1,88,19.5,93,1006.8,1
2025-07-16,Dong_Thap,10.4938,105.6881,26.6,90,21.7,98,1007.5,1
2025-07-17,Dong_Thap,10.4938,105.6881,26.8,88,15.9,92,1007.9,1
2025-07-18,Dong_Thap,10.4938,105.6881,27.3,85,18.1,97,1006.9,1
2025-07-19,Dong_Thap,10.4938,105.6881,27.4,84,25.6,97,1004.6,1
2025-07-20,Dong_Thap,10.4938,105.6881,26.7,88,22.9,100,1005.0,1
2025-07-21,Dong_Thap,10.4938,105.6881,27.1,85,24.0,100,1005.9,1
2025-07-22,Dong_Thap,10.4938,105.6881,28.7,76,29.3,100,1005.0,0
2025-07-23,Dong_Thap,10.4938,105.6881,28.5,79,21.8,93,1004.7,1
2025-07-24,Dong_Thap,10.4938,105.6881,29.0,76,19.5,93,1005.7,0
2025-07-25,Dong_Thap,10.4938,105.6881,28.9,76,19.0,91,1006.0,1
2025-07-26,Dong_Thap,10.4938,105.6881,29.1,77,23.1,100,1006.6,1
2025-07-27,Dong_Thap,10.4938,105.6881,27.6,83,21.7,99,1006.9,1
2025-07-28,Dong_Thap,10.4938,105.6881,26.4,90,22.8,95,1006.6,1
2025-07-29,Dong_Thap,10.4938,105.6881,28.1,82,26.3,78,1006.3,1
2025-07-30,Dong_Thap,10.4938,105.6881,28.7,78,25.0,93,1007.3,1
2025-07-31,Dong_Thap,10.4938,105.6881,28.3,81,20.5,84,1007.2,1
2025-08-01,Dong_Thap,10.4938,105.6881,28.4,82,21.1,94,1006.5,1
2025-08-02,Dong_Thap,10.4938,105.6881,28.6,83,15.1,99,1007.5,1
2025-08-03,Dong_Thap,10.4938,105.6881,28.3,84,19.0,85,1008.8,1
2025-08-04,Dong_Thap,10.4938,105.6881,28.1,85,13.1,78,1008.7,1
2025-08-05,Dong_Thap,10.4938,105.6881,27.8,85,22.1,76,1008.3,1
2025-08-06,Dong_Thap,10.4938,105.6881,27.1,87,21.3,99,1008.4,1
2025-08-07,Dong_Thap,10.4938,105.6881,27.6,85,15.6,83,1009.0,1
2025-08-08,Dong_Thap,10.4938,105.6881,27.9,83,15.7,60,1009.5,1
2025-08-09,Dong_Thap,10.4938,105.6881,27.0,86,15.1,98,1009.6,1
2025-08-10,Dong_Thap,10.4938,105.6881,27.0,87,20.2,96,1008.1,1
2025-08-11,Dong_Thap,10.4938,105.6881,26.8,86,19.1,97,1007.3,1
2025-08-12,Dong_Thap,10.4938,105.6881,26.8,86,18.8,98,1007.4,1
2025-08-13,Dong_Thap,10.4938,105.6881,26.5,87,16.7,99,1008.2,1
2025-08-14,Dong_Thap,10.4938,105.6881,26.6,87,16.3,100,1007.1,1
2025-08-15,Dong_Thap,10.4938,105.6881,26.0,89,15.2,100,1005.4,1
2025-08-16,Dong_Thap,10.4938,105.6881,25.4,90,21.3,100,1006.1,1
2025-08-17,Dong_Thap,10.4938,105.6881,26.3,86,21.1,100,1008.0,1
2025-08-18,Dong_Thap,10.4938,105.6881,27.4,82,18.2,96,1009.3,1
2025-08-19,Dong_Thap,10.4938,105.6881,27.3,84,11.0,61,1009.6,1
2025-08-20,Dong_Thap,10.4938,105.6881,27.6,83,12.2,83,1008.8,1
2025-08-21,Dong_Thap,10.4938,105.6881,24.9,93,13.6,99,1009.9,1
2025-08-22,Dong_Thap,10.4938,105.6881,26.6,84,19.6,75,1009.5,1
2025-08-23,Dong_Thap,10.4938,105.6881,27.4,81,17.4,81,1008.4,1
2025-08-24,Dong_Thap,10.4938,105.6881,27.0,82,22.6,100,1007.3,1
2025-08-25,Dong_Thap,10.4938,105.6881,26.9,82,24.4,100,1006.7,1
2025-08-26,Dong_Thap,10.4938,105.6881,27.3,80,19.7,98,1008.6,1
2025-08-27,Dong_Thap,10.4938,105.6881,27.6,80,22.1,99,1008.9,1
2025-08-28,Dong_Thap,10.4938,105.6881,27.2,84,17.3,89,1008.0,1
2025-08-29,Dong_Thap,10.4938,105.6881,27.2,85,20.4,99,1007.5,1
2025-08-30,Dong_Thap,10.4938,105.6881,27.0,85,19.2,100,1006.7,1
2025-08-31,Dong_Thap,10.4938,105.6881,27.3,84,22.3,86,1006.5,1
2025-09-01,Dong_Thap,10.4938,105.6881,26.8,88,16.5,100,1006.4,1
2025-09-02,Dong_Thap,10.4938,105.6881,26.7,89,17.7,100,1007.2,1
2025-09-03,Dong_Thap,10.4938,105.6881,26.8,87,14.9,91,1007.4,1
2025-09-04,Dong_Thap,10.4938,105.6881,27.3,85,17.1,98,1006.9,1
2025-09-05,Dong_Thap,10.4938,105.6881,27.4,86,18.7,96,1007.2,1
2025-09-06,Dong_Thap,10.4938,105.6881,28.1,81,17.3,96,1007.6,1
2025-09-07,Dong_Thap,10.4938,105.6881,26.6,88,23.2,100,1008.3,1
2025-09-08,Dong_Thap,10.4938,105.6881,26.4,89,20.3,99,1009.0,1
2025-09-09,Dong_Thap,10.4938,105.6881,26.2,89,18.3,100,1010.2,1
2025-09-10,Dong_Thap,10.4938,105.6881,27.2,86,11.6,100,1009.7,1
2025-09-11,Dong_Thap,10.4938,105.6881,26.9,86,13.4,84,1008.9,1
2025-09-12,Dong_Thap,10.4938,105.6881,26.9,85,14.7,96,1009.0,1
2025-09-13,Dong_Thap,10.4938,105.6881,26.6,88,14.4,100,1009.4,1
2025-09-14,Dong_Thap,10.4938,105.6881,26.7,86,15.7,99,1010.0,1
2025-09-15,Dong_Thap,10.4938,105.6881,27.4,84,20.7,90,1009.9,1
2025-09-16,Dong_Thap,10.4938,105.6881,26.7,87,17.8,95,1009.3,1
2025-09-17,Dong_Thap,10.4938,105.6881,26.9,86,23.7,91,1007.9,1
2025-09-18,Dong_Thap,10.4938,105.6881,27.1,84,16.7,100,1007.5,1
2025-09-19,Dong_Thap,10.4938,105.6881,27.1,80,20.1,96,1009.0,1
2025-09-20,Dong_Thap,10.4938,105.6881,28.4,75,21.2,77,1008.5,1
2025-09-21,Dong_Thap,10.4938,105.6881,28.5,77,20.8,92,1007.7,1
2025-09-22,Dong_Thap,10.4938,105.6881,26.0,89,17.4,100,1008.5,1
2025-09-23,Dong_Thap,10.4938,105.6881,27.3,79,18.8,97,1007.7,1
2025-09-24,Dong_Thap,10.4938,105.6881,27.6,81,21.1,100,1006.2,1
2025-09-25,Dong_Thap,10.4938,105.6881,28.0,78,23.6,100,1006.8,1
2025-09-26,Dong_Thap,10.4938,105.6881,27.0,84,20.7,100,1008.4,1
2025-09-27,Dong_Thap,10.4938,105.6881,26.1,89,14.0,99,1007.9,1
2025-09-28,Dong_Thap,10.4938,105.6881,26.8,85,20.6,100,1006.1,1
2025-09-29,Dong_Thap,10.4938,105.6881,26.3,86,23.2,99,1008.0,1
2025-09-30,Dong_Thap,10.4938,105.6881,26.5,85,16.1,94,1009.8,1
2025-10-01,Dong_Thap,10.4938,105.6881,26.7,85,12.5,81,1010.0,1
2025-10-02,Dong_Thap,10.4938,105.6881,27.5,82,9.9,45,1010.0,1
2025-10-03,Dong_Thap,10.4938,105.6881,27.0,83,13.0,98,1010.6,1
2025-10-04,Dong_Thap,10.4938,105.6881,27.7,80,13.1,97,1010.9,1
2025-10-05,Dong_Thap,10.4938,105.6881,28.0,79,14.7,95,1010.9,0
2025-10-06,Dong_Thap,10.4938,105.6881,28.2,80,17.7,97,1010.5,1
2025-10-07,Dong_Thap,10.4938,105.6881,27.9,81,18.4,79,1010.6,1
2025-10-08,Dong_Thap,10.4938,105.6881,27.0,84,13.0,88,1009.8,1
2025-10-09,Dong_Thap,10.4938,105.6881,26.8,84,7.3,95,1009.2,1
2025-10-10,Dong_Thap,10.4938,105.6881,27.1,83,10.8,79,1008.5,1
2025-10-11,Dong_Thap,10.4938,105.6881,26.7,84,14.9,97,1008.4,1
2025-10-12,Dong_Thap,10.4938,105.6881,27.0,86,16.9,99,1008.5,1
2025-10-13,Dong_Thap,10.4938,105.6881,27.4,85,13.3,100,1008.6,1
2025-10-14,Dong_Thap,10.4938,105.6881,27.5,84,11.1,89,1008.6,1
2025-10-15,Dong_Thap,10.4938,105.6881,28.1,81,17.2,73,1007.6,1
2025-10-16,Dong_Thap,10.4938,105.6881,27.4,83,13.9,100,1007.4,1
2025-10-17,Dong_Thap,10.4938,105.6881,27.9,80,15.5,98,1008.1,1
2025-10-18,Dong_Thap,10.4938,105.6881,27.0,84,15.8,97,1007.9,1
2025-10-19,Dong_Thap,10.4938,105.6881,28.0,81,13.1,97,1006.3,1
2025-10-20,Dong_Thap,10.4938,105.6881,28.1,81,14.4,97,1006.4,1
2025-10-21,Dong_Thap,10.4938,105.6881,27.7,83,16.4,100,1007.2,1
2025-10-22,Dong_Thap,10.4938,105.6881,27.2,87,10.5,99,1007.6,1
2025-10-23,Dong_Thap,10.4938,105.6881,26.8,86,12.1,98,1008.5,1
2025-10-24,Dong_Thap,10.4938,105.6881,26.9,86,21.7,100,1008.7,1
2025-10-25,Dong_Thap,10.4938,105.6881,26.1,88,12.8,100,1008.6,1
2025-10-26,Dong_Thap,10.4938,105.6881,26.4,85,8.6,96,1008.9,1
2025-10-27,Dong_Thap,10.4938,105.6881,26.9,81,14.2,99,1009.0,1
2025-10-28,Dong_Thap,10.4938,105.6881,26.0,88,16.1,100,1008.3,1
2025-10-29,Dong_Thap,10.4938,105.6881,25.7,91,11.1,100,1007.6,1
2025-10-30,Dong_Thap,10.4938,105.6881,26.5,87,10.3,98,1008.7,1
2025-10-31,Dong_Thap,10.4938,105.6881,26.5,87,16.8,79,1010.8,1
2025-11-01,Dong_Thap,10.4938,105.6881,26.6,90,19.6,93,1010.8,1
2025-11-02,Dong_Thap,10.4938,105.6881,26.1,89,15.6,99,1010.2,1
2025-11-03,Dong_Thap,10.4938,105.6881,26.0,90,10.6,100,1009.3,1
2025-11-04,Dong_Thap,10.4938,105.6881,26.7,86,11.1,97,1008.8,1
2025-11-05,Dong_Thap,10.4938,105.6881,26.5,88,14.3,100,1007.6,1
2025-11-06,Dong_Thap,10.4938,105.6881,26.3,89,12.9,100,1006.2,1
2025-11-07,Dong_Thap,10.4938,105.6881,26.6,88,13.7,100,1007.2,1
2025-11-08,Dong_Thap,10.4938,105.6881,26.8,88,10.8,83,1009.5,1
2025-11-09,Dong_Thap,10.4938,105.6881,26.6,86,13.2,96,1009.0,1
2025-11-10,Dong_Thap,10.4938,105.6881,26.6,88,12.3,100,1008.5,1
2025-11-11,Dong_Thap,10.4938,105.6881,27.0,86,11.3,100,1009.0,1
2025-11-12,Dong_Thap,10.4938,105.6881,26.0,91,10.1,100,1010.2,1
2025-11-13,Dong_Thap,10.4938,105.6881,26.5,87,7.9,97,1011.2,1
2025-11-14,Dong_Thap,10.4938,105.6881,26.9,73,15.4,93,1010.6,1
2025-11-15,Dong_Thap,10.4938,105.6881,25.9,68,15.1,52,1010.7,0
2025-11-16,Dong_Thap,10.4938,105.6881,25.5,82,15.4,89,1010.9,1
2025-11-17,Dong_Thap,10.4938,105.6881,25.4,90,18.8,99,1010.8,1
2025-11-18,Dong_Thap,10.4938,105.6881,26.0,87,11.7,89,1010.0,1
2025-11-19,Dong_Thap,10.4938,105.6881,25.7,88,17.5,98,1010.5,1
2025-11-20,Dong_Thap,10.4938,105.6881,25.1,78,17.8,100,1011.1,1
2025-11-21,Dong_Thap,10.4938,105.6881,26.3,71,21.9,98,1011.3,1
2025-11-22,Dong_Thap,10.4938,105.6881,25.6,75,16.1,100,1010.8,1
2025-11-23,Dong_Thap,10.4938,105.6881,25.6,86,15.5,92,1010.0,1
2025-11-24,Dong_Thap,10.4938,105.6881,26.8,82,12.5,80,1009.2,1
2025-11-25,Dong_Thap,10.4938,105.6881,26.9,74,18.1,70,1008.8,1
2025-11-26,Dong_Thap,10.4938,105.6881,25.9,68,16.2,93,1009.5,0
2025-11-27,Dong_Thap,10.4938,105.6881,25.5,65,21.3,87,1010.0,0
2025-11-28,Dong_Thap,10.4938,105.6881,23.7,64,20.1,97,1010.2,0
2025-11-29,Dong_Thap,10.4938,105.6881,24.4,71,13.0,99,1009.7,0
2025-11-30,Dong_Thap,10.4938,105.6881,25.8,73,9.6,28,1009.9,0
2025-12-01,Dong_Thap,10.4938,105.6881,26.6,78,9.1,24,1009.9,0
2025-12-02,Dong_Thap,10.4938,105.6881,27.2,81,10.5,50,1010.0,1
2025-12-03,Dong_Thap,10.4938,105.6881,26.2,89,8.9,78,1010.7,1
2025-12-04,Dong_Thap,10.4938,105.6881,26.0,87,18.4,73,1011.1,1
2025-12-05,Dong_Thap,10.4938,105.6881,26.2,84,13.1,39,1012.3,1
2025-12-06,Dong_Thap,10.4938,105.6881,25.8,78,9.7,52,1012.1,0
2025-12-07,Dong_Thap,10.4938,105.6881,25.6,76,15.3,74,1011.8,0
2025-12-08,Dong_Thap,10.4938,105.6881,24.7,70,11.4,98,1011.9,0
2025-12-09,Dong_Thap,10.4938,105.6881,25.3,72,11.8,97,1011.0,1
2025-12-10,Dong_Thap,10.4938,105.6881,25.8,77,17.3,92,1010.4,1
2025-12-11,Dong_Thap,10.4938,105.6881,25.8,85,15.6,99,1010.4,1
2025-12-12,Dong_Thap,10.4938,105.6881,26.8,78,13.4,100,1010.0,1
2025-12-13,Dong_Thap,10.4938,105.6881,26.3,86,13.4,96,1009.8,1
2025-12-14,Dong_Thap,10.4938,105.6881,26.1,85,11.2,92,1010.0,1
2025-12-15,Dong_Thap,10.4938,105.6881,26.4,78,11.5,99,1010.8,0
2025-12-16,Dong_Thap,10.4938,105.6881,26.0,86,10.4,68,1010.6,1
2025-12-17,Dong_Thap,10.4938,105.6881,25.9,86,13.1,67,1010.7,1
2025-12-18,Dong_Thap,10.4938,105.6881,26.3,80,12.0,89,1010.4,1
2025-12-19,Dong_Thap,10.4938,105.6881,26.6,75,11.6,87,1009.0,0
2025-12-20,Dong_Thap,10.4938,105.6881,26.9,78,12.6,96,1008.5,0
2025-12-21,Dong_Thap,10.4938,105.6881,26.9,79,9.9,78,1009.0,1
2025-12-22,Dong_Thap,10.4938,105.6881,26.8,80,10.6,70,1008.9,1
2025-12-23,Dong_Thap,10.4938,105.6881,26.8,81,10.5,92,1008.7,1
2025-12-24,Dong_Thap,10.4938,105.6881,26.5,86,7.5,93,1008.2,1
2025-12-25,Dong_Thap,10.4938,105.6881,26.2,89,16.8,91,1009.0,1
2025-12-26,Dong_Thap,10.4938,105.6881,26.1,85,13.0,96,1010.0,0
2025-12-27,Dong_Thap,10.4938,105.6881,25.6,79,12.9,91,1011.0,0
2025-12-28,Dong_Thap,10.4938,105.6881,25.9,80,12.5,69,1011.6,0
2025-12-29,Dong_Thap,10.4938,105.6881,25.7,80,9.4,99,1011.1,1
2025-12-30,Dong_Thap,10.4938,105.6881,25.3,80,12.2,60,1010.3,0
2025-12-31,Dong_Thap,10.4938,105.6881,25.1,79,12.3,57,1009.2,0
2026-01-01,Dong_Thap,10.4938,105.6881,25.0,79,11.1,53,1010.3,0
2026-01-02,Dong_Thap,10.4938,105.6881,25.0,74,9.9,48,1011.9,0
2026-01-03,Dong_Thap,10.4938,105.6881,24.6,73,11.3,53,1012.8,1
2026-01-04,Dong_Thap,10.4938,105.6881,24.7,74,10.2,92,1012.7,0
2026-01-05,Dong_Thap,10.4938,105.6881,25.3,81,9.8,95,1012.4,0
2026-01-06,Dong_Thap,10.4938,105.6881,24.9,89,9.1,100,1012.9,1
2026-01-07,Dong_Thap,10.4938,105.6881,24.7,79,12.2,71,1013.6,0
2026-01-08,Dong_Thap,10.4938,105.6881,23.9,73,13.1,49,1014.7,1
2026-01-09,Dong_Thap,10.4938,105.6881,22.2,73,12.9,56,1014.6,0
2026-01-10,Dong_Thap,10.4938,105.6881,22.2,74,7.5,37,1014.1,0
2026-01-11,Dong_Thap,10.4938,105.6881,23.2,75,8.0,63,1014.9,0
2026-01-12,Dong_Thap,10.4938,105.6881,24.9,80,7.5,61,1014.3,1
2026-01-13,Dong_Thap,10.4938,105.6881,25.3,79,11.3,48,1013.7,1
2026-01-14,Dong_Thap,10.4938,105.6881,25.1,81,10.8,35,1012.4,1
2026-01-15,Dong_Thap,10.4938,105.6881,25.5,80,15.4,32,1011.8,1
2026-01-16,Dong_Thap,10.4938,105.6881,25.4,82,10.2,66,1010.8,1
2026-01-17,Dong_Thap,10.4938,105.6881,25.4,79,13.8,70,1009.2,1
2026-01-18,Dong_Thap,10.4938,105.6881,25.0,81,11.5,71,1008.7,1
2026-01-19,Dong_Thap,10.4938,105.6881,24.8,82,11.8,68,1009.8,1
2026-01-20,Dong_Thap,10.4938,105.6881,24.8,80,13.8,58,1010.8,1
2026-01-21,Dong_Thap,10.4938,105.6881,25.2,72,15.4,58,1011.9,0
2026-01-22,Dong_Thap,10.4938,105.6881,24.5,76,10.6,94,1013.1,0
2026-01-23,Dong_Thap,10.4938,105.6881,24.7,75,9.3,40,1014.2,0
2026-01-24,Dong_Thap,10.4938,105.6881,24.9,76,11.6,16,1014.4,0
2026-01-25,Dong_Thap,10.4938,105.6881,24.7,79,9.9,24,1013.6,1
2026-01-26,Dong_Thap,10.4938,105.6881,25.1,77,14.8,15,1013.7,1
2026-01-27,Dong_Thap,10.4938,105.6881,25.2,75,15.2,43,1014.3,0
2026-01-28,Dong_Thap,10.4938,105.6881,25.1,77,14.4,44,1013.7,1
2026-01-29,Dong_Thap,10.4938,105.6881,25.3,76,14.5,79,1013.5,0
2026-01-30,Dong_Thap,10.4938,105.6881,25.7,75,13.1,74,1014.1,0
2026-01-31,Dong_Thap,10.4938,105.6881,25.9,74,16.4,67,1013.9,0
2026-02-01,Dong_Thap,10.4938,105.6881,25.3,71,14.7,72,1013.8,0
2026-02-02,Dong_Thap,10.4938,105.6881,25.2,72,14.1,78,1013.8,0
2026-02-03,Dong_Thap,10.4938,105.6881,26.1,74,11.1,63,1014.0,1
2026-02-04,Dong_Thap,10.4938,105.6881,26.6,76,11.2,60,1013.6,1
2026-02-05,Dong_Thap,10.4938,105.6881,26.6,76,10.0,71,1012.9,1
2026-02-06,Dong_Thap,10.4938,105.6881,26.0,83,14.9,96,1012.3,1
2026-02-07,Dong_Thap,10.4938,105.6881,26.3,79,14.1,64,1011.6,1
2026-02-08,Dong_Thap,10.4938,105.6881,26.3,74,14.8,41,1012.0,1
2026-02-09,Dong_Thap,10.4938,105.6881,25.7,73,10.1,66,1011.4,0
2026-02-10,Dong_Thap,10.4938,105.6881,26.3,77,12.4,37,1011.9,0
2026-02-11,Dong_Thap,10.4938,105.6881,25.8,83,13.0,84,1013.4,1
2026-02-12,Dong_Thap,10.4938,105.6881,26.4,82,12.9,84,1012.1,1
2026-02-13,Dong_Thap,10.4938,105.6881,26.9,75,14.2,91,1010.7,1
2026-02-14,Dong_Thap,10.4938,105.6881,26.4,80,14.3,98,1010.3,1
2026-02-15,Dong_Thap,10.4938,105.6881,26.3,81,13.0,68,1009.8,1
2026-02-16,Dong_Thap,10.4938,105.6881,27.8,66,14.6,70,1008.9,0
2026-02-17,Dong_Thap,10.4938,105.6881,27.8,63,18.8,96,1009.5,0
2026-02-18,Dong_Thap,10.4938,105.6881,27.6,64,15.0,98,1010.7,0
2026-02-19,Dong_Thap,10.4938,105.6881,27.5,71,12.9,68,1012.1,0
2026-02-20,Dong_Thap,10.4938,105.6881,27.2,71,14.8,39,1012.2,1
2026-02-21,Dong_Thap,10.4938,105.6881,26.8,75,11.4,28,1009.5,1
2026-02-22,Dong_Thap,10.4938,105.6881,26.9,75,12.0,41,1008.1,1
2026-02-23,Dong_Thap,10.4938,105.6881,27.1,75,12.4,58,1008.5,0
2026-02-24,Dong_Thap,10.4938,105.6881,26.9,75,14.6,90,1009.1,1
2026-02-25,Dong_Thap,10.4938,105.6881,27.2,76,13.0,88,1009.4,1
2026-02-26,Dong_Thap,10.4938,105.6881,25.4,86,13.6,98,1008.5,1
2026-02-27,Dong_Thap,10.4938,105.6881,25.0,92,12.4,92,1007.6,1
2026-02-28,Dong_Thap,10.4938,105.6881,25.9,88,10.0,35,1007.5,1
2026-03-01,Dong_Thap,10.4938,105.6881,26.9,87,10.7,35,1007.8,1
2026-03-02,Dong_Thap,10.4938,105.6881,27.8,83,10.8,26,1008.9,1
2026-03-03,Dong_Thap,10.4938,105.6881,27.9,83,11.2,50,1009.2,1
2026-03-04,Dong_Thap,10.4938,105.6881,27.6,83,10.4,25,1009.5,1
2026-03-05,Dong_Thap,10.4938,105.6881,27.2,80,11.5,36,1009.4,1
2026-03-06,Dong_Thap,10.4938,105.6881,25.4,87,12.2,50,1010.5,1
2026-03-07,Dong_Thap,10.4938,105.6881,25.2,87,9.8,53,1011.1,1
2026-03-08,Dong_Thap,10.4938,105.6881,26.5,79,12.6,24,1010.9,1
2026-03-09,Dong_Thap,10.4938,105.6881,26.1,84,14.4,27,1011.5,1
2026-03-10,Dong_Thap,10.4938,105.6881,26.2,84,10.2,33,1012.1,1
2026-03-11,Dong_Thap,10.4938,105.6881,26.8,77,12.1,49,1011.2,1
2026-03-12,Dong_Thap,10.4938,105.6881,26.9,76,17.7,39,1010.4,1
2026-03-13,Dong_Thap,10.4938,105.6881,25.8,77,13.8,40,1011.1,1
2026-03-14,Dong_Thap,10.4938,105.6881,26.2,80,14.6,52,1012.1,1
2026-03-15,Dong_Thap,10.4938,105.6881,26.0,80,14.8,24,1012.6,1
2026-03-16,Dong_Thap,10.4938,105.6881,26.6,74,16.2,13,1011.3,1
2026-03-17,Dong_Thap,10.4938,105.6881,26.8,73,20.6,54,1011.3,1
2026-03-18,Dong_Thap,10.4938,105.6881,26.7,74,15.6,27,1011.7,1
2026-03-19,Dong_Thap,10.4938,105.6881,26.6,76,14.6,25,1011.3,0
2026-03-20,Dong_Thap,10.4938,105.6881,26.7,77,14.4,46,1011.3,1
2026-03-21,Dong_Thap,10.4938,105.6881,26.9,76,13.9,34,1011.5,1
2026-03-22,Dong_Thap,10.4938,105.6881,27.2,73,17.0,16,1011.0,0
2026-03-23,Dong_Thap,10.4938,105.6881,27.1,75,15.7,21,1010.6,1
2026-03-24,Dong_Thap,10.4938,105.6881,27.0,75,13.6,11,1009.6,0
2026-03-25,Dong_Thap,10.4938,105.6881,27.2,73,14.1,11,1009.6,0
2026-03-26,Dong_Thap,10.4938,105.6881,27.4,74,14.2,27,1009.6,1
2026-03-27,Dong_Thap,10.4938,105.6881,27.1,72,12.7,21,1009.5,0
2026-03-28,Dong_Thap,10.4938,105.6881,27.1,74,15.0,17,1008.8,0
2026-03-29,Dong_Thap,10.4938,105.6881,27.9,73,13.5,44,1009.1,0
2026-03-30,Dong_Thap,10.4938,105.6881,28.2,74,12.0,33,1009.9,1
2026-03-31,Dong_Thap,10.4938,105.6881,28.3,72,12.1,48,1010.1,0
2026-04-01,Dong_Thap,10.4938,105.6881,28.3,71,16.0,37,1009.9,0
2026-04-02,Dong_Thap,10.4938,105.6881,28.1,69,15.2,15,1010.5,0
2026-04-03,Dong_Thap,10.4938,105.6881,28.2,69,15.8,29,1009.8,0
2026-04-04,Dong_Thap,10.4938,105.6881,27.8,69,10.9,66,1008.4,0
2026-04-05,Dong_Thap,10.4938,105.6881,29.1,68,11.3,10,1007.8,0
2026-04-06,Dong_Thap,10.4938,105.6881,29.0,69,12.5,5,1009.1,0
2026-04-07,Dong_Thap,10.4938,105.6881,29.3,67,11.6,36,1009.7,0
2026-04-08,Dong_Thap,10.4938,105.6881,29.7,70,15.0,28,1009.6,0
2026-04-09,Dong_Thap,10.4938,105.6881,29.6,68,12.1,24,1010.4,0
2026-04-10,Dong_Thap,10.4938,105.6881,29.7,66,14.1,26,1010.5,0
2026-04-11,Dong_Thap,10.4938,105.6881,30.0,66,14.2,13,1009.3,1
2026-04-12,Dong_Thap,10.4938,105.6881,30.2,65,13.2,6,1008.2,0
2026-04-13,Dong_Thap,10.4938,105.6881,30.1,64,10.5,7,1009.4,0
2026-04-14,Dong_Thap,10.4938,105.6881,30.0,68,10.0,24,1009.1,1
2026-04-15,Dong_Thap,10.4938,105.6881,29.3,68,19.1,43,1008.3,0
2026-04-16,Dong_Thap,10.4938,105.6881,30.1,63,13.5,17,1008.2,0
2026-04-17,Dong_Thap,10.4938,105.6881,30.4,61,14.5,12,1008.7,0
2026-04-18,Dong_Thap,10.4938,105.6881,29.9,64,14.1,28,1008.6,0
2026-04-19,Dong_Thap,10.4938,105.6881,29.8,67,12.0,40,1008.7,1
2026-04-20,Dong_Thap,10.4938,105.6881,29.0,69,14.0,57,1009.0,1
2026-04-21,Dong_Thap,10.4938,105.6881,28.3,66,13.4,49,1008.5,0
2026-04-22,Dong_Thap,10.4938,105.6881,28.4,68,12.3,21,1008.0,0
2026-04-23,Dong_Thap,10.4938,105.6881,28.7,68,11.5,16,1007.6,0
2026-04-24,Dong_Thap,10.4938,105.6881,28.6,69,10.8,79,1008.3,0
2026-04-25,Dong_Thap,10.4938,105.6881,28.3,75,13.3,56,1009.7,1
2026-04-26,Dong_Thap,10.4938,105.6881,29.4,70,13.4,65,1009.3,0
2026-04-27,Dong_Thap,10.4938,105.6881,29.6,71,13.4,48,1008.4,0
2026-04-28,Dong_Thap,10.4938,105.6881,30.0,70,13.2,40,1008.3,0
2026-04-29,Dong_Thap,10.4938,105.6881,29.6,68,11.6,52,1009.0,0
2026-04-30,Dong_Thap,10.4938,105.6881,29.9,69,11.8,42,1009.4,1
2026-05-01,Dong_Thap,10.4938,105.6881,30.3,66,17.4,73,1009.2,0
2026-05-02,Dong_Thap,10.4938,105.6881,28.8,77,15.2,80,1008.9,1
2026-05-03,Dong_Thap,10.4938,105.6881,28.7,80,13.4,100,1008.8,1
2026-05-04,Dong_Thap,10.4938,105.6881,28.0,84,10.2,92,1009.7,1
2026-05-05,Dong_Thap,10.4938,105.6881,29.0,77,17.0,100,1008.9,1
2026-05-06,Dong_Thap,10.4938,105.6881,28.4,80,16.8,99,1008.5,1
2026-05-07,Dong_Thap,10.4938,105.6881,29.6,76,14.3,77,1007.6,1
2026-05-08,Dong_Thap,10.4938,105.6881,29.1,73,16.0,99,1008.2,1
2026-05-09,Dong_Thap,10.4938,105.6881,30.4,66,15.8,68,1008.6,1
2026-05-10,Dong_Thap,10.4938,105.6881,29.3,75,17.6,88,1008.3,1
2026-05-11,Dong_Thap,10.4938,105.6881,29.2,76,18.3,86,1008.7,1
2026-05-12,Dong_Thap,10.4938,105.6881,30.4,70,13.5,86,1007.6,1
2026-05-13,Dong_Thap,10.4938,105.6881,30.2,71,14.5,82,1006.9,1
2026-05-14,Dong_Thap,10.4938,105.6881,30.7,69,20.6,97,1006.7,0
2026-05-15,Dong_Thap,10.4938,105.6881,30.6,72,12.9,83,1006.4,1
2026-05-16,Dong_Thap,10.4938,105.6881,30.2,73,14.2,92,1006.7,1
2026-05-17,Dong_Thap,10.4938,105.6881,29.3,80,12.2,92,1006.4,1
2026-05-18,Dong_Thap,10.4938,105.6881,29.3,78,22.9,84,1006.2,1
2026-05-19,Dong_Thap,10.4938,105.6881,28.3,83,19.3,94,1006.0,1
