date,destination,latitude,longitude,temp,humidity,wind_speed,cloud_cover,pressure,rain
2020-01-01,Cao_Bang,22.6667,106.25,18.5,80,9.0,76,997.0,1
2020-01-02,Cao_Bang,22.6667,106.25,20.0,83,11.7,70,995.2,1
2020-01-03,Cao_Bang,22.6667,106.25,20.5,84,12.6,84,993.4,1
2020-01-04,Cao_Bang,22.6667,106.25,20.3,86,11.7,85,991.8,1
2020-01-05,Cao_Bang,22.6667,106.25,20.2,84,16.6,72,990.7,1
2020-01-06,Cao_Bang,22.6667,106.25,20.6,85,17.7,88,989.3,1
2020-01-07,Cao_Bang,22.6667,106.25,20.6,89,8.3,56,989.9,1
2020-01-08,Cao_Bang,22.6667,106.25,20.7,85,14.1,43,989.9,1
2020-01-09,Cao_Bang,22.6667,106.25,19.8,86,10.0,68,988.3,1
2020-01-10,Cao_Bang,22.6667,106.25,21.2,84,14.9,84,986.5,1
2020-01-11,Cao_Bang,22.6667,106.25,17.6,78,21.4,80,989.5,1
2020-01-12,Cao_Bang,22.6667,106.25,14.5,77,8.2,39,991.3,1
2020-01-13,Cao_Bang,22.6667,106.25,14.8,83,10.5,86,989.0,1
2020-01-14,Cao_Bang,22.6667,106.25,16.3,94,10.4,100,988.9,1
2020-01-15,Cao_Bang,22.6667,106.25,18.1,93,15.4,90,986.8,1
2020-01-16,Cao_Bang,22.6667,106.25,16.9,85,16.0,96,990.6,1
2020-01-17,Cao_Bang,22.6667,106.25,13.6,82,7.4,98,993.8,1
2020-01-18,Cao_Bang,22.6667,106.25,12.9,87,8.4,99,992.2,1
2020-01-19,Cao_Bang,22.6667,106.25,13.4,81,7.4,99,994.8,1
2020-01-20,Cao_Bang,22.6667,106.25,13.2,89,6.2,100,993.7,1
2020-01-21,Cao_Bang,22.6667,106.25,16.6,91,10.1,98,991.9,1
2020-01-22,Cao_Bang,22.6667,106.25,20.0,91,11.5,99,989.1,1
2020-01-23,Cao_Bang,22.6667,106.25,21.2,87,14.5,83,987.5,1
2020-01-24,Cao_Bang,22.6667,106.25,19.6,93,14.4,97,988.1,1
2020-01-25,Cao_Bang,22.6667,106.25,12.8,86,10.8,93,991.0,1
2020-01-26,Cao_Bang,22.6667,106.25,12.7,64,8.9,22,991.9,0
2020-01-27,Cao_Bang,22.6667,106.25,11.6,68,10.9,52,990.8,0
2020-01-28,Cao_Bang,22.6667,106.25,12.1,65,8.1,92,992.7,0
2020-01-29,Cao_Bang,22.6667,106.25,12.4,72,7.9,74,995.5,1
2020-01-30,Cao_Bang,22.6667,106.25,12.3,72,8.7,34,994.8,0
2020-01-31,Cao_Bang,22.6667,106.25,13.1,69,12.0,35,992.8,0
2020-02-01,Cao_Bang,22.6667,106.25,14.5,86,10.3,99,992.1,1
2020-02-02,Cao_Bang,22.6667,106.25,16.4,92,6.1,93,991.8,1
2020-02-03,Cao_Bang,22.6667,106.25,15.0,92,12.1,91,992.6,1
2020-02-04,Cao_Bang,22.6667,106.25,13.4,88,6.5,93,993.4,1
2020-02-05,Cao_Bang,22.6667,106.25,13.5,92,5.8,100,991.8,1
2020-02-06,Cao_Bang,22.6667,106.25,16.8,89,10.5,96,989.7,1
2020-02-07,Cao_Bang,22.6667,106.25,16.2,94,7.9,100,993.2,1
2020-02-08,Cao_Bang,22.6667,106.25,14.4,91,7.8,97,996.9,1
2020-02-09,Cao_Bang,22.6667,106.25,13.6,80,7.2,88,999.0,1
2020-02-10,Cao_Bang,22.6667,106.25,14.1,79,8.4,100,994.5,1
2020-02-11,Cao_Bang,22.6667,106.25,17.2,89,11.7,98,990.9,1
2020-02-12,Cao_Bang,22.6667,106.25,18.8,92,5.9,84,988.5,1
2020-02-13,Cao_Bang,22.6667,106.25,20.6,87,12.4,70,984.8,1
2020-02-14,Cao_Bang,22.6667,106.25,20.9,92,11.0,72,981.9,1
2020-02-15,Cao_Bang,22.6667,106.25,20.1,84,13.0,86,985.9,1
2020-02-16,Cao_Bang,22.6667,106.25,14.1,55,13.7,51,997.1,0
2020-02-17,Cao_Bang,22.6667,106.25,14.0,55,10.5,41,1000.4,0
2020-02-18,Cao_Bang,22.6667,106.25,13.8,61,8.4,30,997.9,0
2020-02-19,Cao_Bang,22.6667,106.25,14.8,73,11.3,29,995.0,0
2020-02-20,Cao_Bang,22.6667,106.25,17.3,88,10.0,94,995.2,1
2020-02-21,Cao_Bang,22.6667,106.25,19.0,86,10.0,86,998.3,1
2020-02-22,Cao_Bang,22.6667,106.25,18.5,82,7.2,70,999.0,1
2020-02-23,Cao_Bang,22.6667,106.25,18.1,80,10.4,20,995.9,1
2020-02-24,Cao_Bang,22.6667,106.25,17.5,82,15.6,38,991.3,0
2020-02-25,Cao_Bang,22.6667,106.25,19.2,82,14.7,62,989.5,0
2020-02-26,Cao_Bang,22.6667,106.25,20.0,80,12.9,71,990.2,1
2020-02-27,Cao_Bang,22.6667,106.25,19.9,82,11.2,92,990.2,1
2020-02-28,Cao_Bang,22.6667,106.25,20.8,83,13.6,81,988.5,1
2020-02-29,Cao_Bang,22.6667,106.25,20.5,87,11.9,61,986.5,1
2020-03-01,Cao_Bang,22.6667,106.25,21.4,87,7.9,63,986.4,1
2020-03-02,Cao_Bang,22.6667,106.25,22.3,85,12.4,70,987.0,1
2020-03-03,Cao_Bang,22.6667,106.25,20.8,90,12.8,88,988.0,1
2020-03-04,Cao_Bang,22.6667,106.25,16.3,82,7.7,90,992.1,1
2020-03-05,Cao_Bang,22.6667,106.25,15.7,77,7.9,96,991.9,1
2020-03-06,Cao_Bang,22.6667,106.25,18.3,81,13.9,73,987.5,1
2020-03-07,Cao_Bang,22.6667,106.25,20.0,84,12.7,27,983.7,0
2020-03-08,Cao_Bang,22.6667,106.25,22.4,82,12.2,41,978.8,1
2020-03-09,Cao_Bang,22.6667,106.25,22.7,77,11.2,23,979.5,1
2020-03-10,Cao_Bang,22.6667,106.25,19.9,67,13.9,91,989.2,1
2020-03-11,Cao_Bang,22.6667,106.25,19.1,74,11.6,99,988.7,1
2020-03-12,Cao_Bang,22.6667,106.25,22.0,81,13.4,47,985.1,1
2020-03-13,Cao_Bang,22.6667,106.25,22.5,82,9.5,87,987.8,1
2020-03-14,Cao_Bang,22.6667,106.25,20.4,69,6.7,97,992.4,0
2020-03-15,Cao_Bang,22.6667,106.25,18.8,82,8.7,99,991.2,1
2020-03-16,Cao_Bang,22.6667,106.25,19.2,92,8.9,100,989.1,1
2020-03-17,Cao_Bang,22.6667,106.25,19.5,96,8.1,99,989.9,1
2020-03-18,Cao_Bang,22.6667,106.25,17.6,95,4.9,100,988.4,1
2020-03-19,Cao_Bang,22.6667,106.25,18.9,88,7.9,93,988.2,1
2020-03-20,Cao_Bang,22.6667,106.25,20.7,81,12.6,94,986.8,0
2020-03-21,Cao_Bang,22.6667,106.25,23.0,84,14.5,79,984.9,1
2020-03-22,Cao_Bang,22.6667,106.25,24.3,86,11.6,71,985.1,1
2020-03-23,Cao_Bang,22.6667,106.25,23.7,88,11.6,71,985.8,1
2020-03-24,Cao_Bang,22.6667,106.25,23.0,83,15.1,67,985.5,1
2020-03-25,Cao_Bang,22.6667,106.25,22.7,87,13.9,87,983.8,1
2020-03-26,Cao_Bang,22.6667,106.25,23.8,88,15.6,65,982.8,1
2020-03-27,Cao_Bang,22.6667,106.25,25.5,82,10.9,57,982.9,1
2020-03-28,Cao_Bang,22.6667,106.25,20.0,88,11.9,100,986.5,1
2020-03-29,Cao_Bang,22.6667,106.25,19.1,93,15.9,100,983.7,1
2020-03-30,Cao_Bang,22.6667,106.25,16.6,89,7.9,99,985.1,1
2020-03-31,Cao_Bang,22.6667,106.25,17.7,85,7.6,87,987.0,1
2020-04-01,Cao_Bang,22.6667,106.25,18.8,84,9.6,95,987.2,1
2020-04-02,Cao_Bang,22.6667,106.25,18.7,95,6.9,100,987.5,1
2020-04-03,Cao_Bang,22.6667,106.25,19.3,94,8.9,98,988.7,1
2020-04-04,Cao_Bang,22.6667,106.25,17.8,90,6.4,100,991.6,1
2020-04-05,Cao_Bang,22.6667,106.25,17.3,85,9.6,99,992.4,1
2020-04-06,Cao_Bang,22.6667,106.25,18.2,81,5.0,99,990.2,1
2020-04-07,Cao_Bang,22.6667,106.25,19.1,78,7.6,74,989.1,0
2020-04-08,Cao_Bang,22.6667,106.25,20.5,79,4.7,85,989.4,0
2020-04-09,Cao_Bang,22.6667,106.25,21.6,78,9.1,75,989.9,0
2020-04-10,Cao_Bang,22.6667,106.25,22.4,83,11.7,86,988.2,1
2020-04-11,Cao_Bang,22.6667,106.25,24.0,86,10.9,88,987.7,1
2020-04-12,Cao_Bang,22.6667,106.25,19.3,58,12.9,85,993.6,0
2020-04-13,Cao_Bang,22.6667,106.25,15.4,83,7.1,92,993.6,1
2020-04-14,Cao_Bang,22.6667,106.25,17.4,78,7.6,30,990.1,0
2020-04-15,Cao_Bang,22.6667,106.25,19.8,79,17.5,66,986.9,0
2020-04-16,Cao_Bang,22.6667,106.25,22.7,85,13.7,96,984.7,1
2020-04-17,Cao_Bang,22.6667,106.25,24.1,87,18.0,93,984.9,1
2020-04-18,Cao_Bang,22.6667,106.25,24.1,86,11.6,94,983.8,1
2020-04-19,Cao_Bang,22.6667,106.25,25.5,84,11.5,63,983.3,1
2020-04-20,Cao_Bang,22.6667,106.25,25.6,85,12.9,71,983.5,1
2020-04-21,Cao_Bang,22.6667,106.25,27.3,80,15.2,61,982.7,1
2020-04-22,Cao_Bang,22.6667,106.25,20.8,87,14.6,94,987.4,1
2020-04-23,Cao_Bang,22.6667,106.25,17.9,88,7.4,100,991.6,1
2020-04-24,Cao_Bang,22.6667,106.25,15.8,96,7.4,100,994.3,1
2020-04-25,Cao_Bang,22.6667,106.25,17.7,86,7.6,95,992.6,1
2020-04-26,Cao_Bang,22.6667,106.25,17.7,81,9.4,93,993.3,1
2020-04-27,Cao_Bang,22.6667,106.25,21.0,73,7.3,66,992.2,0
2020-04-28,Cao_Bang,22.6667,106.25,22.9,65,10.4,71,990.5,0
2020-04-29,Cao_Bang,22.6667,106.25,22.9,75,9.5,59,989.0,0
2020-04-30,Cao_Bang,22.6667,106.25,21.7,88,7.0,78,987.6,1
2020-05-01,Cao_Bang,22.6667,106.25,22.7,89,9.0,59,984.9,1
2020-05-02,Cao_Bang,22.6667,106.25,24.4,84,9.9,51,982.4,1
2020-05-03,Cao_Bang,22.6667,106.25,26.4,81,13.3,71,982.0,0
2020-05-04,Cao_Bang,22.6667,106.25,27.8,79,13.0,52,981.5,0
2020-05-05,Cao_Bang,22.6667,106.25,28.8,77,12.9,28,979.9,0
2020-05-06,Cao_Bang,22.6667,106.25,29.2,78,15.2,48,978.7,0
2020-05-07,Cao_Bang,22.6667,106.25,29.7,77,14.3,11,978.0,0
2020-05-08,Cao_Bang,22.6667,106.25,30.0,76,14.3,42,978.1,0
2020-05-09,Cao_Bang,22.6667,106.25,30.3,74,12.7,41,979.7,0
2020-05-10,Cao_Bang,22.6667,106.25,28.6,83,13.9,48,981.6,1
2020-05-11,Cao_Bang,22.6667,106.25,28.1,84,14.0,67,983.3,1
2020-05-12,Cao_Bang,22.6667,106.25,25.5,81,12.8,87,985.7,1
2020-05-13,Cao_Bang,22.6667,106.25,26.3,81,16.2,91,983.4,1
2020-05-14,Cao_Bang,22.6667,106.25,27.3,78,15.4,68,980.8,1
2020-05-15,Cao_Bang,22.6667,106.25,28.4,77,14.3,54,978.4,1
2020-05-16,Cao_Bang,22.6667,106.25,26.8,85,12.6,60,979.6,1
2020-05-17,Cao_Bang,22.6667,106.25,25.5,89,7.6,85,979.2,1
2020-05-18,Cao_Bang,22.6667,106.25,26.2,86,8.9,54,978.5,1
2020-05-19,Cao_Bang,22.6667,106.25,26.8,86,12.7,62,978.1,1
2020-05-20,Cao_Bang,22.6667,106.25,28.4,83,12.5,87,976.2,1
2020-05-21,Cao_Bang,22.6667,106.25,30.4,80,10.6,78,975.2,1
2020-05-22,Cao_Bang,22.6667,106.25,28.5,78,10.1,92,979.4,1
2020-05-23,Cao_Bang,22.6667,106.25,27.1,85,6.7,84,981.4,1
2020-05-24,Cao_Bang,22.6667,106.25,27.3,86,9.5,84,981.4,1
2020-05-25,Cao_Bang,22.6667,106.25,26.9,85,9.9,90,981.6,1
2020-05-26,Cao_Bang,22.6667,106.25,25.6,78,9.1,84,983.9,1
2020-05-27,Cao_Bang,22.6667,106.25,25.4,79,10.8,68,984.8,1
2020-05-28,Cao_Bang,22.6667,106.25,25.7,79,6.2,77,984.0,1
2020-05-29,Cao_Bang,22.6667,106.25,26.1,87,14.4,74,981.4,1
2020-05-30,Cao_Bang,22.6667,106.25,27.0,88,8.9,74,982.2,1
2020-05-31,Cao_Bang,22.6667,106.25,28.1,82,10.8,80,981.7,1
2020-06-01,Cao_Bang,22.6667,106.25,27.2,86,8.5,86,981.1,1
2020-06-02,Cao_Bang,22.6667,106.25,27.6,86,10.8,79,979.3,1
2020-06-03,Cao_Bang,22.6667,106.25,26.8,87,8.4,94,979.6,1
2020-06-04,Cao_Bang,22.6667,106.25,27.5,86,16.6,78,978.6,1
2020-06-05,Cao_Bang,22.6667,106.25,26.8,90,11.8,98,978.5,1
2020-06-06,Cao_Bang,22.6667,106.25,27.1,87,9.8,95,977.9,1
2020-06-07,Cao_Bang,22.6667,106.25,28.9,81,12.5,99,975.1,1
2020-06-08,Cao_Bang,22.6667,106.25,29.5,77,11.1,99,975.5,0
2020-06-09,Cao_Bang,22.6667,106.25,27.4,88,7.1,100,979.1,1
2020-06-10,Cao_Bang,22.6667,106.25,26.3,93,9.7,99,980.5,1
2020-06-11,Cao_Bang,22.6667,106.25,27.8,83,14.0,66,978.5,1
2020-06-12,Cao_Bang,22.6667,106.25,29.0,79,13.0,72,976.2,1
2020-06-13,Cao_Bang,22.6667,106.25,28.2,84,12.9,88,976.8,1
2020-06-14,Cao_Bang,22.6667,106.25,27.0,90,10.6,92,979.6,1
2020-06-15,Cao_Bang,22.6667,106.25,25.2,96,9.2,99,980.9,1
2020-06-16,Cao_Bang,22.6667,106.25,26.9,88,13.9,72,979.2,1
2020-06-17,Cao_Bang,22.6667,106.25,27.8,83,13.4,57,977.3,1
2020-06-18,Cao_Bang,22.6667,106.25,27.2,89,8.0,75,979.1,1
2020-06-19,Cao_Bang,22.6667,106.25,27.5,87,12.6,72,980.5,1
2020-06-20,Cao_Bang,22.6667,106.25,28.3,83,13.4,60,979.5,1
2020-06-21,Cao_Bang,22.6667,106.25,29.0,80,11.5,78,976.6,1
2020-06-22,Cao_Bang,22.6667,106.25,30.1,76,11.2,68,976.1,0
2020-06-23,Cao_Bang,22.6667,106.25,30.0,77,11.1,99,977.9,1
2020-06-24,Cao_Bang,22.6667,106.25,28.9,84,7.9,99,977.3,1
2020-06-25,Cao_Bang,22.6667,106.25,26.8,91,7.4,99,977.0,1
2020-06-26,Cao_Bang,22.6667,106.25,28.4,83,13.4,91,976.8,1
2020-06-27,Cao_Bang,22.6667,106.25,28.5,83,13.0,95,978.0,1
2020-06-28,Cao_Bang,22.6667,106.25,28.9,80,13.5,71,978.1,1
2020-06-29,Cao_Bang,22.6667,106.25,28.8,81,15.3,88,977.8,1
2020-06-30,Cao_Bang,22.6667,106.25,28.3,85,11.2,97,977.2,1
2020-07-01,Cao_Bang,22.6667,106.25,27.9,88,11.6,99,976.7,1
2020-07-02,Cao_Bang,22.6667,106.25,27.0,90,11.9,99,977.2,1
2020-07-03,Cao_Bang,22.6667,106.25,26.7,92,8.7,98,979.8,1
2020-07-04,Cao_Bang,22.6667,106.25,27.1,88,12.5,88,980.7,1
2020-07-05,Cao_Bang,22.6667,106.25,27.6,87,11.7,70,978.6,1
2020-07-06,Cao_Bang,22.6667,106.25,28.2,84,14.8,83,978.1,1
2020-07-07,Cao_Bang,22.6667,106.25,28.2,86,11.8,98,980.1,1
2020-07-08,Cao_Bang,22.6667,106.25,29.3,80,13.3,100,978.2,1
2020-07-09,Cao_Bang,22.6667,106.25,29.8,75,12.2,99,974.5,0
2020-07-10,Cao_Bang,22.6667,106.25,29.3,76,11.9,100,974.4,1
2020-07-11,Cao_Bang,22.6667,106.25,26.7,93,9.8,100,975.9,1
2020-07-12,Cao_Bang,22.6667,106.25,26.8,89,9.7,99,977.5,1
2020-07-13,Cao_Bang,22.6667,106.25,27.8,85,12.1,51,980.0,1
2020-07-14,Cao_Bang,22.6667,106.25,28.2,83,11.0,43,980.8,1
2020-07-15,Cao_Bang,22.6667,106.25,29.1,81,12.6,58,979.0,1
2020-07-16,Cao_Bang,22.6667,106.25,28.5,83,16.5,61,978.4,1
2020-07-17,Cao_Bang,22.6667,106.25,29.0,81,13.7,98,978.8,1
2020-07-18,Cao_Bang,22.6667,106.25,29.5,77,12.5,98,978.7,1
2020-07-19,Cao_Bang,22.6667,106.25,28.9,83,11.2,99,978.4,1
2020-07-20,Cao_Bang,22.6667,106.25,26.1,92,10.7,100,981.0,1
2020-07-21,Cao_Bang,22.6667,106.25,26.9,89,12.2,66,982.4,1
2020-07-22,Cao_Bang,22.6667,106.25,27.7,82,13.7,41,981.6,1
2020-07-23,Cao_Bang,22.6667,106.25,28.2,79,10.5,25,981.5,1
2020-07-24,Cao_Bang,22.6667,106.25,28.4,80,12.7,38,981.7,1
2020-07-25,Cao_Bang,22.6667,106.25,29.1,78,11.9,70,980.7,1
2020-07-26,Cao_Bang,22.6667,106.25,29.2,78,12.4,95,979.4,1
2020-07-27,Cao_Bang,22.6667,106.25,26.6,90,6.3,99,979.1,1
2020-07-28,Cao_Bang,22.6667,106.25,27.2,85,11.2,89,980.4,1
2020-07-29,Cao_Bang,22.6667,106.25,27.1,87,10.0,80,980.9,1
2020-07-30,Cao_Bang,22.6667,106.25,28.5,80,8.5,75,980.3,1
2020-07-31,Cao_Bang,22.6667,106.25,27.4,87,9.4,76,979.1,1
2020-08-01,Cao_Bang,22.6667,106.25,27.7,82,12.5,78,976.1,1
2020-08-02,Cao_Bang,22.6667,106.25,26.3,87,15.9,96,975.1,1
2020-08-03,Cao_Bang,22.6667,106.25,25.9,92,17.2,96,975.6,1
2020-08-04,Cao_Bang,22.6667,106.25,26.5,91,9.9,83,976.4,1
2020-08-05,Cao_Bang,22.6667,106.25,26.1,93,9.7,87,978.4,1
2020-08-06,Cao_Bang,22.6667,106.25,25.1,97,12.3,97,980.8,1
2020-08-07,Cao_Bang,22.6667,106.25,26.5,91,13.3,83,980.7,1
2020-08-08,Cao_Bang,22.6667,106.25,27.7,82,11.6,95,979.1,1
2020-08-09,Cao_Bang,22.6667,106.25,28.2,84,12.8,96,977.0,1
2020-08-10,Cao_Bang,22.6667,106.25,28.8,85,11.2,94,976.0,1
2020-08-11,Cao_Bang,22.6667,106.25,28.2,87,10.8,96,976.5,1
2020-08-12,Cao_Bang,22.6667,106.25,27.3,90,13.5,87,979.5,1
2020-08-13,Cao_Bang,22.6667,106.25,26.5,90,11.2,81,981.0,1
2020-08-14,Cao_Bang,22.6667,106.25,25.5,92,12.5,87,980.8,1
2020-08-15,Cao_Bang,22.6667,106.25,25.8,89,15.6,72,980.2,1
2020-08-16,Cao_Bang,22.6667,106.25,25.3,92,14.0,88,979.7,1
2020-08-17,Cao_Bang,22.6667,106.25,24.5,94,15.3,88,980.2,1
2020-08-18,Cao_Bang,22.6667,106.25,24.7,95,9.8,92,980.7,1
2020-08-19,Cao_Bang,22.6667,106.25,25.7,89,7.1,94,980.4,1
2020-08-20,Cao_Bang,22.6667,106.25,26.0,90,8.1,96,981.6,1
2020-08-21,Cao_Bang,22.6667,106.25,25.3,94,5.7,97,983.3,1
2020-08-22,Cao_Bang,22.6667,106.25,26.6,87,7.9,58,982.7,1
2020-08-23,Cao_Bang,22.6667,106.25,27.3,82,11.4,30,980.7,1
2020-08-24,Cao_Bang,22.6667,106.25,28.3,84,11.1,42,978.7,1
2020-08-25,Cao_Bang,22.6667,106.25,27.3,86,9.1,81,978.2,1
2020-08-26,Cao_Bang,22.6667,106.25,29.0,76,11.3,24,976.9,1
2020-08-27,Cao_Bang,22.6667,106.25,29.2,77,8.2,12,975.9,1
2020-08-28,Cao_Bang,22.6667,106.25,27.9,87,7.5,42,977.4,1
2020-08-29,Cao_Bang,22.6667,106.25,27.7,85,9.7,56,979.3,1
2020-08-30,Cao_Bang,22.6667,106.25,28.2,81,7.6,32,980.1,1
2020-08-31,Cao_Bang,22.6667,106.25,28.1,80,10.1,27,982.3,1
2020-09-01,Cao_Bang,22.6667,106.25,28.7,76,5.4,29,982.0,0
2020-09-02,Cao_Bang,22.6667,106.25,29.2,70,7.7,45,982.2,0
2020-09-03,Cao_Bang,22.6667,106.25,28.6,73,8.4,41,983.2,0
2020-09-04,Cao_Bang,22.6667,106.25,28.3,80,11.7,39,982.5,1
2020-09-05,Cao_Bang,22.6667,106.25,28.6,81,10.8,56,980.1,1
2020-09-06,Cao_Bang,22.6667,106.25,27.8,87,7.9,99,978.8,1
2020-09-07,Cao_Bang,22.6667,106.25,24.9,97,6.8,99,980.6,1
2020-09-08,Cao_Bang,22.6667,106.25,25.3,93,5.8,96,983.4,1
2020-09-09,Cao_Bang,22.6667,106.25,25.6,91,10.2,92,983.0,1
2020-09-10,Cao_Bang,22.6667,106.25,26.6,89,11.5,83,979.8,1
2020-09-11,Cao_Bang,22.6667,106.25,26.2,92,8.9,97,981.2,1
2020-09-12,Cao_Bang,22.6667,106.25,26.0,94,8.2,97,984.4,1
2020-09-13,Cao_Bang,22.6667,106.25,25.9,91,10.7,85,985.1,1
2020-09-14,Cao_Bang,22.6667,106.25,26.1,90,10.7,83,983.6,1
2020-09-15,Cao_Bang,22.6667,106.25,26.5,90,9.2,95,982.1,1
2020-09-16,Cao_Bang,22.6667,106.25,26.9,90,10.4,95,980.9,1
2020-09-17,Cao_Bang,22.6667,106.25,26.8,87,11.2,91,981.3,1
2020-09-18,Cao_Bang,22.6667,106.25,23.7,78,10.1,98,983.9,1
2020-09-19,Cao_Bang,22.6667,106.25,23.5,87,8.9,100,984.5,1
2020-09-20,Cao_Bang,22.6667,106.25,23.9,93,6.1,98,984.2,1
2020-09-21,Cao_Bang,22.6667,106.25,25.4,91,10.6,89,983.1,1
2020-09-22,Cao_Bang,22.6667,106.25,25.8,92,10.0,96,982.8,1
2020-09-23,Cao_Bang,22.6667,106.25,23.8,96,13.2,99,984.8,1
2020-09-24,Cao_Bang,22.6667,106.25,23.2,90,5.4,96,986.4,1
2020-09-25,Cao_Bang,22.6667,106.25,24.1,91,6.8,94,983.1,1
2020-09-26,Cao_Bang,22.6667,106.25,24.6,96,7.9,98,982.4,1
2020-09-27,Cao_Bang,22.6667,106.25,23.3,89,7.3,100,984.7,1
2020-09-28,Cao_Bang,22.6667,106.25,24.6,85,8.5,89,984.0,1
2020-09-29,Cao_Bang,22.6667,106.25,26.4,84,9.2,67,982.1,1
2020-09-30,Cao_Bang,22.6667,106.25,25.7,86,6.9,89,981.7,1
2020-10-01,Cao_Bang,22.6667,106.25,25.4,88,8.2,88,982.5,1
2020-10-02,Cao_Bang,22.6667,106.25,26.0,90,11.0,69,983.0,1
2020-10-03,Cao_Bang,22.6667,106.25,25.6,93,8.4,77,983.8,1
2020-10-04,Cao_Bang,22.6667,106.25,25.9,91,10.4,70,984.0,1
2020-10-05,Cao_Bang,22.6667,106.25,24.1,89,8.7,100,986.2,1
2020-10-06,Cao_Bang,22.6667,106.25,22.2,84,7.6,94,989.0,1
2020-10-07,Cao_Bang,22.6667,106.25,22.4,76,10.2,91,990.5,0
2020-10-08,Cao_Bang,22.6667,106.25,21.4,74,9.2,59,990.9,0
2020-10-09,Cao_Bang,22.6667,106.25,21.1,77,10.2,55,991.2,0
2020-10-10,Cao_Bang,22.6667,106.25,21.1,77,6.9,42,989.1,0
2020-10-11,Cao_Bang,22.6667,106.25,21.4,78,6.5,42,986.5,0
2020-10-12,Cao_Bang,22.6667,106.25,22.1,76,11.9,80,985.6,0
2020-10-13,Cao_Bang,22.6667,106.25,23.5,75,11.5,37,985.0,1
2020-10-14,Cao_Bang,22.6667,106.25,21.2,97,10.5,100,984.7,1
2020-10-15,Cao_Bang,22.6667,106.25,20.7,98,9.4,100,986.9,1
2020-10-16,Cao_Bang,22.6667,106.25,21.2,81,17.0,87,990.0,1
2020-10-17,Cao_Bang,22.6667,106.25,20.3,69,13.5,66,991.3,0
2020-10-18,Cao_Bang,22.6667,106.25,20.6,73,12.9,81,991.5,1
2020-10-19,Cao_Bang,22.6667,106.25,19.0,73,10.1,90,992.3,1
2020-10-20,Cao_Bang,22.6667,106.25,18.5,76,7.9,83,992.7,1
2020-10-21,Cao_Bang,22.6667,106.25,20.1,66,13.0,18,991.6,0
2020-10-22,Cao_Bang,22.6667,106.25,19.8,60,15.5,15,989.2,0
2020-10-23,Cao_Bang,22.6667,106.25,19.2,63,12.3,81,989.1,0
2020-10-24,Cao_Bang,22.6667,106.25,19.1,72,7.4,93,989.0,0
2020-10-25,Cao_Bang,22.6667,106.25,19.7,79,5.0,83,988.8,1
2020-10-26,Cao_Bang,22.6667,106.25,21.1,93,4.0,98,989.0,1
2020-10-27,Cao_Bang,22.6667,106.25,22.2,89,7.4,57,987.7,1
2020-10-28,Cao_Bang,22.6667,106.25,23.6,76,14.6,79,988.8,0
2020-10-29,Cao_Bang,22.6667,106.25,19.9,93,6.9,100,992.1,1
2020-10-30,Cao_Bang,22.6667,106.25,20.3,95,4.9,95,992.8,1
2020-10-31,Cao_Bang,22.6667,106.25,20.8,88,6.2,81,991.7,0
2020-11-01,Cao_Bang,22.6667,106.25,22.6,83,6.1,60,990.0,0
2020-11-02,Cao_Bang,22.6667,106.25,21.0,77,9.4,87,992.7,1
2020-11-03,Cao_Bang,22.6667,106.25,20.0,63,8.7,60,993.6,0
2020-11-04,Cao_Bang,22.6667,106.25,19.9,69,7.2,86,992.0,0
2020-11-05,Cao_Bang,22.6667,106.25,20.6,77,4.8,80,991.2,0
2020-11-06,Cao_Bang,22.6667,106.25,20.9,86,6.6,75,992.8,1
2020-11-07,Cao_Bang,22.6667,106.25,20.7,75,11.0,20,994.1,0
2020-11-08,Cao_Bang,22.6667,106.25,20.2,71,10.9,1,994.7,0
2020-11-09,Cao_Bang,22.6667,106.25,18.5,66,11.8,0,994.3,0
2020-11-10,Cao_Bang,22.6667,106.25,17.6,65,10.0,0,994.3,0
2020-11-11,Cao_Bang,22.6667,106.25,17.8,65,8.6,2,995.2,0
2020-11-12,Cao_Bang,22.6667,106.25,18.8,67,6.8,2,994.5,0
2020-11-13,Cao_Bang,22.6667,106.25,18.7,64,9.0,0,992.6,0
2020-11-14,Cao_Bang,22.6667,106.25,18.9,62,9.0,9,992.3,0
2020-11-15,Cao_Bang,22.6667,106.25,18.9,86,6.2,99,993.0,1
2020-11-16,Cao_Bang,22.6667,106.25,20.0,95,3.7,100,991.2,1
2020-11-17,Cao_Bang,22.6667,106.25,21.9,91,14.1,78,986.7,1
2020-11-18,Cao_Bang,22.6667,106.25,23.1,87,12.2,71,985.0,1
2020-11-19,Cao_Bang,22.6667,106.25,23.8,82,11.3,30,984.5,0
2020-11-20,Cao_Bang,22.6667,106.25,23.8,82,12.1,57,985.1,1
2020-11-21,Cao_Bang,22.6667,106.25,24.0,81,11.2,47,985.9,1
2020-11-22,Cao_Bang,22.6667,106.25,23.5,84,9.8,55,989.7,1
2020-11-23,Cao_Bang,22.6667,106.25,21.3,83,12.7,98,992.6,1
2020-11-24,Cao_Bang,22.6667,106.25,19.5,85,7.0,84,992.6,1
2020-11-25,Cao_Bang,22.6667,106.25,21.0,86,12.0,73,991.1,1
2020-11-26,Cao_Bang,22.6667,106.25,20.8,87,12.0,76,993.2,1
2020-11-27,Cao_Bang,22.6667,106.25,18.5,81,7.6,100,996.4,1
2020-11-28,Cao_Bang,22.6667,106.25,16.8,68,9.6,90,997.9,0
2020-11-29,Cao_Bang,22.6667,106.25,14.9,67,11.5,31,997.3,0
2020-11-30,Cao_Bang,22.6667,106.25,15.3,65,8.4,8,997.6,0
2020-12-01,Cao_Bang,22.6667,106.25,15.3,68,8.4,47,996.8,0
2020-12-02,Cao_Bang,22.6667,106.25,16.1,69,6.2,68,995.7,0
2020-12-03,Cao_Bang,22.6667,106.25,15.9,65,9.8,96,996.8,0
2020-12-04,Cao_Bang,22.6667,106.25,13.9,60,11.6,72,997.3,0
2020-12-05,Cao_Bang,22.6667,106.25,12.6,69,5.5,34,996.7,0
2020-12-06,Cao_Bang,22.6667,106.25,12.7,75,7.0,24,994.4,0
2020-12-07,Cao_Bang,22.6667,106.25,14.6,74,6.8,56,996.3,0
2020-12-08,Cao_Bang,22.6667,106.25,15.3,70,5.4,53,995.4,0
2020-12-09,Cao_Bang,22.6667,106.25,14.3,78,8.5,43,991.3,0
2020-12-10,Cao_Bang,22.6667,106.25,16.4,76,5.8,65,991.3,0
2020-12-11,Cao_Bang,22.6667,106.25,16.8,78,8.7,74,989.3,0
2020-12-12,Cao_Bang,22.6667,106.25,17.6,85,8.7,86,988.1,1
2020-12-13,Cao_Bang,22.6667,106.25,19.5,87,6.4,86,985.5,1
2020-12-14,Cao_Bang,22.6667,106.25,15.7,80,8.9,100,991.7,1
2020-12-15,Cao_Bang,22.6667,106.25,11.2,75,8.7,100,996.9,1
2020-12-16,Cao_Bang,22.6667,106.25,11.1,68,8.7,100,998.3,1
2020-12-17,Cao_Bang,22.6667,106.25,10.1,68,6.8,100,996.9,1
2020-12-18,Cao_Bang,22.6667,106.25,10.6,69,6.9,88,998.3,1
2020-12-19,Cao_Bang,22.6667,106.25,11.3,60,9.6,47,1000.2,0
2020-12-20,Cao_Bang,22.6667,106.25,11.1,58,9.9,24,1000.5,0
2020-12-21,Cao_Bang,22.6667,106.25,11.2,65,7.6,6,997.8,0
2020-12-22,Cao_Bang,22.6667,106.25,11.9,69,9.6,36,993.6,0
2020-12-23,Cao_Bang,22.6667,106.25,13.3,71,10.9,42,991.6,0
2020-12-24,Cao_Bang,22.6667,106.25,15.2,74,10.0,47,991.7,0
2020-12-25,Cao_Bang,22.6667,106.25,15.0,71,9.7,37,991.4,0
2020-12-26,Cao_Bang,22.6667,106.25,16.1,81,10.1,67,989.0,1
2020-12-27,Cao_Bang,22.6667,106.25,17.6,89,8.9,96,988.7,1
2020-12-28,Cao_Bang,22.6667,106.25,20.0,89,15.1,79,985.7,1
2020-12-29,Cao_Bang,22.6667,106.25,19.5,75,18.7,96,989.1,1
2020-12-30,Cao_Bang,22.6667,106.25,13.2,49,14.6,79,999.9,0
2020-12-31,Cao_Bang,22.6667,106.25,9.9,51,8.1,25,1000.7,0
2021-01-01,Cao_Bang,22.6667,106.25,10.5,53,7.4,32,998.8,0
2021-01-02,Cao_Bang,22.6667,106.25,10.7,60,9.1,3,994.8,0
2021-01-03,Cao_Bang,22.6667,106.25,12.3,61,8.4,26,995.4,0
2021-01-04,Cao_Bang,22.6667,106.25,13.3,63,8.0,41,994.3,0
2021-01-05,Cao_Bang,22.6667,106.25,15.2,63,7.4,67,994.4,0
2021-01-06,Cao_Bang,22.6667,106.25,14.1,60,9.3,85,993.5,1
2021-01-07,Cao_Bang,22.6667,106.25,11.1,70,10.3,100,995.6,1
2021-01-08,Cao_Bang,22.6667,106.25,8.2,55,9.9,90,1000.2,1
2021-01-09,Cao_Bang,22.6667,106.25,8.4,49,6.7,66,998.3,0
2021-01-10,Cao_Bang,22.6667,106.25,9.4,50,6.2,76,997.5,1
2021-01-11,Cao_Bang,22.6667,106.25,9.6,39,16.6,73,1002.9,0
2021-01-12,Cao_Bang,22.6667,106.25,10.7,48,7.6,44,998.9,0
2021-01-13,Cao_Bang,22.6667,106.25,12.2,48,7.5,3,991.5,0
2021-01-14,Cao_Bang,22.6667,106.25,13.1,63,10.8,12,990.1,0
2021-01-15,Cao_Bang,22.6667,106.25,14.7,73,11.1,27,988.0,0
2021-01-16,Cao_Bang,22.6667,106.25,15.7,80,5.6,76,989.9,0
2021-01-17,Cao_Bang,22.6667,106.25,12.5,63,13.4,92,1000.2,1
2021-01-18,Cao_Bang,22.6667,106.25,11.8,55,8.2,4,997.3,0
2021-01-19,Cao_Bang,22.6667,106.25,13.4,60,11.5,0,991.0,0
2021-01-20,Cao_Bang,22.6667,106.25,13.2,80,10.1,52,989.7,0
2021-01-21,Cao_Bang,22.6667,106.25,16.0,81,5.1,86,989.1,1
2021-01-22,Cao_Bang,22.6667,106.25,15.4,81,6.5,68,989.5,0
2021-01-23,Cao_Bang,22.6667,106.25,16.1,78,7.6,55,988.0,0
2021-01-24,Cao_Bang,22.6667,106.25,18.4,77,17.2,44,986.3,0
2021-01-25,Cao_Bang,22.6667,106.25,19.3,85,10.8,94,988.6,1
2021-01-26,Cao_Bang,22.6667,106.25,17.3,84,8.7,98,990.5,1
2021-01-27,Cao_Bang,22.6667,106.25,18.1,78,10.4,100,989.6,1
2021-01-28,Cao_Bang,22.6667,106.25,15.5,69,13.4,97,996.3,1
2021-01-29,Cao_Bang,22.6667,106.25,15.9,64,9.4,77,994.3,0
2021-01-30,Cao_Bang,22.6667,106.25,15.3,85,9.7,90,993.0,1
2021-01-31,Cao_Bang,22.6667,106.25,17.2,88,10.0,95,992.4,1
2021-02-01,Cao_Bang,22.6667,106.25,19.2,81,10.7,76,991.4,1
2021-02-02,Cao_Bang,22.6667,106.25,19.1,83,11.2,74,992.1,1
2021-02-03,Cao_Bang,22.6667,106.25,18.9,77,12.6,38,992.6,0
2021-02-04,Cao_Bang,22.6667,106.25,18.4,80,12.7,70,992.9,1
2021-02-05,Cao_Bang,22.6667,106.25,18.1,79,9.7,64,991.5,0
2021-02-06,Cao_Bang,22.6667,106.25,19.4,72,10.6,22,989.9,0
2021-02-07,Cao_Bang,22.6667,106.25,19.8,72,8.1,48,989.2,0
2021-02-08,Cao_Bang,22.6667,106.25,17.0,93,8.8,92,992.0,1
2021-02-09,Cao_Bang,22.6667,106.25,14.4,96,8.6,100,991.6,1
2021-02-10,Cao_Bang,22.6667,106.25,15.4,78,9.0,31,989.5,1
2021-02-11,Cao_Bang,22.6667,106.25,15.4,78,7.4,49,990.0,0
2021-02-12,Cao_Bang,22.6667,106.25,17.1,74,6.1,63,990.7,0
2021-02-13,Cao_Bang,22.6667,106.25,16.6,80,6.2,67,990.3,0
2021-02-14,Cao_Bang,22.6667,106.25,18.5,78,9.4,51,989.6,0
2021-02-15,Cao_Bang,22.6667,106.25,18.7,80,11.9,49,986.8,0
2021-02-16,Cao_Bang,22.6667,106.25,19.0,80,10.9,86,989.3,1
2021-02-17,Cao_Bang,22.6667,106.25,18.4,64,6.9,96,994.5,1
2021-02-18,Cao_Bang,22.6667,106.25,17.9,67,7.9,100,997.2,0
2021-02-19,Cao_Bang,22.6667,106.25,18.4,66,5.1,70,996.3,0
2021-02-20,Cao_Bang,22.6667,106.25,18.1,74,7.8,52,992.5,0
2021-02-21,Cao_Bang,22.6667,106.25,19.3,71,10.3,21,988.3,0
2021-02-22,Cao_Bang,22.6667,106.25,20.0,77,12.0,28,988.0,0
2021-02-23,Cao_Bang,22.6667,106.25,20.8,78,9.1,53,987.5,0
2021-02-24,Cao_Bang,22.6667,106.25,20.5,79,16.6,74,984.0,0
2021-02-25,Cao_Bang,22.6667,106.25,21.2,84,11.1,74,981.0,1
2021-02-26,Cao_Bang,22.6667,106.25,20.7,80,20.6,73,982.5,1
2021-02-27,Cao_Bang,22.6667,106.25,15.9,80,7.0,100,987.1,1
2021-02-28,Cao_Bang,22.6667,106.25,16.5,92,10.0,98,986.3,1
2021-03-01,Cao_Bang,22.6667,106.25,19.8,84,8.4,94,989.1,1
2021-03-02,Cao_Bang,22.6667,106.25,17.7,57,8.7,95,993.4,0
2021-03-03,Cao_Bang,22.6667,106.25,16.3,77,6.9,100,992.6,1
2021-03-04,Cao_Bang,22.6667,106.25,15.5,88,9.2,100,990.0,1
2021-03-05,Cao_Bang,22.6667,106.25,19.4,83,14.8,62,986.0,1
2021-03-06,Cao_Bang,22.6667,106.25,21.7,78,10.1,64,988.3,1
2021-03-07,Cao_Bang,22.6667,106.25,20.2,68,10.1,86,991.5,0
2021-03-08,Cao_Bang,22.6667,106.25,20.9,82,13.0,89,990.0,1
2021-03-09,Cao_Bang,22.6667,106.25,21.4,89,15.6,84,989.7,1
2021-03-10,Cao_Bang,22.6667,106.25,21.7,88,15.7,78,989.3,1
2021-03-11,Cao_Bang,22.6667,106.25,21.3,88,9.8,88,990.9,1
2021-03-12,Cao_Bang,22.6667,106.25,21.4,85,11.3,87,991.4,1
2021-03-13,Cao_Bang,22.6667,106.25,21.8,83,10.8,89,990.8,1
2021-03-14,Cao_Bang,22.6667,106.25,22.1,80,14.1,70,987.3,1
2021-03-15,Cao_Bang,22.6667,106.25,22.4,81,14.0,96,984.7,1
2021-03-16,Cao_Bang,22.6667,106.25,23.2,81,13.4,97,984.5,1
2021-03-17,Cao_Bang,22.6667,106.25,23.5,82,14.8,87,984.1,1
2021-03-18,Cao_Bang,22.6667,106.25,24.1,80,15.5,95,983.7,1
2021-03-19,Cao_Bang,22.6667,106.25,24.6,81,14.9,94,982.5,1
2021-03-20,Cao_Bang,22.6667,106.25,24.7,82,11.2,87,982.9,1
2021-03-21,Cao_Bang,22.6667,106.25,17.5,63,16.8,95,992.3,1
2021-03-22,Cao_Bang,22.6667,106.25,15.7,54,11.5,67,998.0,0
2021-03-23,Cao_Bang,22.6667,106.25,16.4,64,8.2,21,993.7,0
2021-03-24,Cao_Bang,22.6667,106.25,18.7,70,12.2,55,989.0,0
2021-03-25,Cao_Bang,22.6667,106.25,19.9,86,10.9,99,987.4,1
2021-03-26,Cao_Bang,22.6667,106.25,22.3,87,14.8,95,984.9,1
2021-03-27,Cao_Bang,22.6667,106.25,23.5,87,11.6,96,983.1,1
2021-03-28,Cao_Bang,22.6667,106.25,24.4,85,17.0,77,981.9,1
2021-03-29,Cao_Bang,22.6667,106.25,26.2,78,12.6,50,977.7,1
2021-03-30,Cao_Bang,22.6667,106.25,26.0,82,11.0,84,975.7,0
2021-03-31,Cao_Bang,22.6667,106.25,26.5,79,14.7,30,975.2,0
2021-04-01,Cao_Bang,22.6667,106.25,26.6,79,11.9,14,977.1,0
2021-04-02,Cao_Bang,22.6667,106.25,26.8,81,13.4,59,980.3,1
2021-04-03,Cao_Bang,22.6667,106.25,25.5,86,10.9,79,984.1,1
2021-04-04,Cao_Bang,22.6667,106.25,21.9,87,11.3,100,987.8,1
2021-04-05,Cao_Bang,22.6667,106.25,19.7,89,7.2,100,990.4,1
2021-04-06,Cao_Bang,22.6667,106.25,20.6,85,7.7,100,990.1,1
2021-04-07,Cao_Bang,22.6667,106.25,22.4,88,11.5,75,987.1,1
2021-04-08,Cao_Bang,22.6667,106.25,21.5,83,10.6,90,987.2,1
2021-04-09,Cao_Bang,22.6667,106.25,18.2,82,8.7,100,990.1,1
2021-04-10,Cao_Bang,22.6667,106.25,18.4,89,5.8,100,990.7,1
2021-04-11,Cao_Bang,22.6667,106.25,21.6,90,11.5,97,989.3,1
2021-04-12,Cao_Bang,22.6667,106.25,24.0,84,12.6,98,987.3,1
2021-04-13,Cao_Bang,22.6667,106.25,24.4,84,11.6,91,985.9,1
2021-04-14,Cao_Bang,22.6667,106.25,24.2,86,9.2,93,984.4,1
2021-04-15,Cao_Bang,22.6667,106.25,23.4,95,10.0,94,983.5,1
2021-04-16,Cao_Bang,22.6667,106.25,23.0,89,11.9,89,985.7,1
2021-04-17,Cao_Bang,22.6667,106.25,20.7,96,4.0,100,989.9,1
2021-04-18,Cao_Bang,22.6667,106.25,19.8,96,5.4,100,987.7,1
2021-04-19,Cao_Bang,22.6667,106.25,22.0,90,10.4,85,983.2,1
2021-04-20,Cao_Bang,22.6667,106.25,24.9,89,12.1,66,981.8,1
2021-04-21,Cao_Bang,22.6667,106.25,25.6,87,13.4,57,982.5,1
2021-04-22,Cao_Bang,22.6667,106.25,26.6,81,11.5,56,982.0,1
2021-04-23,Cao_Bang,22.6667,106.25,26.6,82,16.6,61,979.8,1
2021-04-24,Cao_Bang,22.6667,106.25,27.2,83,13.9,64,980.1,1
2021-04-25,Cao_Bang,22.6667,106.25,25.2,93,8.6,96,983.3,1
2021-04-26,Cao_Bang,22.6667,106.25,21.2,90,6.8,99,986.2,1
2021-04-27,Cao_Bang,22.6667,106.25,20.7,88,7.8,100,988.4,1
2021-04-28,Cao_Bang,22.6667,106.25,21.3,88,6.3,99,990.3,1
2021-04-29,Cao_Bang,22.6667,106.25,22.1,76,7.6,46,989.3,0
2021-04-30,Cao_Bang,22.6667,106.25,23.4,74,11.2,68,985.7,0
2021-05-01,Cao_Bang,22.6667,106.25,24.4,83,7.8,71,985.4,1
2021-05-02,Cao_Bang,22.6667,106.25,25.4,86,14.2,76,983.9,1
2021-05-03,Cao_Bang,22.6667,106.25,25.8,87,15.5,72,981.5,1
2021-05-04,Cao_Bang,22.6667,106.25,27.0,82,12.6,66,982.1,1
2021-05-05,Cao_Bang,22.6667,106.25,22.8,92,9.4,96,986.8,1
2021-05-06,Cao_Bang,22.6667,106.25,24.0,83,12.7,100,986.9,1
2021-05-07,Cao_Bang,22.6667,106.25,26.1,84,10.4,75,985.5,1
2021-05-08,Cao_Bang,22.6667,106.25,26.8,81,9.3,47,983.0,1
2021-05-09,Cao_Bang,22.6667,106.25,27.2,81,12.0,55,980.8,1
2021-05-10,Cao_Bang,22.6667,106.25,28.1,79,14.4,70,979.3,1
2021-05-11,Cao_Bang,22.6667,106.25,28.9,75,12.5,41,978.2,0
2021-05-12,Cao_Bang,22.6667,106.25,27.4,84,14.6,75,978.6,1
2021-05-13,Cao_Bang,22.6667,106.25,26.6,85,15.8,78,979.0,1
2021-05-14,Cao_Bang,22.6667,106.25,27.4,84,17.7,58,978.8,1
2021-05-15,Cao_Bang,22.6667,106.25,27.8,84,12.3,54,979.1,1
2021-05-16,Cao_Bang,22.6667,106.25,29.4,79,11.2,47,979.4,1
2021-05-17,Cao_Bang,22.6667,106.25,27.4,87,14.5,72,981.4,1
2021-05-18,Cao_Bang,22.6667,106.25,26.3,91,12.4,75,980.9,1
2021-05-19,Cao_Bang,22.6667,106.25,28.3,83,12.6,79,978.3,1
2021-05-20,Cao_Bang,22.6667,106.25,26.7,89,11.2,78,979.5,1
2021-05-21,Cao_Bang,22.6667,106.25,27.7,86,13.7,59,978.2,1
2021-05-22,Cao_Bang,22.6667,106.25,29.6,78,13.7,78,976.6,1
2021-05-23,Cao_Bang,22.6667,106.25,27.8,88,7.9,97,979.8,1
2021-05-24,Cao_Bang,22.6667,106.25,25.1,81,9.6,90,985.0,1
2021-05-25,Cao_Bang,22.6667,106.25,24.9,81,9.2,84,984.0,1
2021-05-26,Cao_Bang,22.6667,106.25,26.9,85,17.2,79,981.3,1
2021-05-27,Cao_Bang,22.6667,106.25,27.2,85,10.2,76,982.6,1
2021-05-28,Cao_Bang,22.6667,106.25,27.5,84,11.8,85,982.4,1
2021-05-29,Cao_Bang,22.6667,106.25,28.6,82,12.2,88,979.8,1
2021-05-30,Cao_Bang,22.6667,106.25,27.4,88,13.4,100,978.6,1
2021-05-31,Cao_Bang,22.6667,106.25,27.6,86,17.9,94,976.7,1
2021-06-01,Cao_Bang,22.6667,106.25,28.3,84,12.2,96,976.9,1
2021-06-02,Cao_Bang,22.6667,106.25,26.9,91,13.1,100,977.8,1
2021-06-03,Cao_Bang,22.6667,106.25,28.8,84,9.7,85,977.9,1
2021-06-04,Cao_Bang,22.6667,106.25,23.9,81,9.4,83,982.4,1
2021-06-05,Cao_Bang,22.6667,106.25,25.6,78,8.0,76,980.5,0
2021-06-06,Cao_Bang,22.6667,106.25,27.2,81,11.2,59,978.8,1
2021-06-07,Cao_Bang,22.6667,106.25,27.1,78,10.7,69,980.1,0
2021-06-08,Cao_Bang,22.6667,106.25,26.9,80,10.4,75,980.9,1
2021-06-09,Cao_Bang,22.6667,106.25,26.6,89,8.9,94,979.7,1
2021-06-10,Cao_Bang,22.6667,106.25,26.1,92,9.7,99,978.5,1
2021-06-11,Cao_Bang,22.6667,106.25,26.4,90,9.0,96,979.3,1
2021-06-12,Cao_Bang,22.6667,106.25,27.0,88,10.3,82,979.2,1
2021-06-13,Cao_Bang,22.6667,106.25,26.1,91,9.4,89,978.4,1
2021-06-14,Cao_Bang,22.6667,106.25,26.9,87,12.5,57,976.5,1
2021-06-15,Cao_Bang,22.6667,106.25,27.5,88,12.6,70,974.5,1
2021-06-16,Cao_Bang,22.6667,106.25,28.5,85,9.4,74,976.4,1
2021-06-17,Cao_Bang,22.6667,106.25,29.3,79,10.4,34,978.2,1
2021-06-18,Cao_Bang,22.6667,106.25,29.8,77,11.9,20,978.0,1
2021-06-19,Cao_Bang,22.6667,106.25,30.5,73,9.7,41,975.7,0
2021-06-20,Cao_Bang,22.6667,106.25,31.1,72,9.4,63,974.0,0
2021-06-21,Cao_Bang,22.6667,106.25,29.7,80,7.6,99,975.8,1
2021-06-22,Cao_Bang,22.6667,106.25,27.8,87,7.1,93,979.1,1
2021-06-23,Cao_Bang,22.6667,106.25,27.8,86,8.5,97,978.9,1
2021-06-24,Cao_Bang,22.6667,106.25,26.2,93,7.8,94,978.0,1
2021-06-25,Cao_Bang,22.6667,106.25,26.4,91,10.2,94,977.6,1
2021-06-26,Cao_Bang,22.6667,106.25,27.3,87,13.6,92,978.0,1
2021-06-27,Cao_Bang,22.6667,106.25,29.3,78,12.7,96,976.7,1
2021-06-28,Cao_Bang,22.6667,106.25,28.7,84,6.5,99,975.0,1
2021-06-29,Cao_Bang,22.6667,106.25,26.7,94,8.9,100,975.6,1
2021-06-30,Cao_Bang,22.6667,106.25,27.3,89,10.5,98,975.8,1
2021-07-01,Cao_Bang,22.6667,106.25,27.6,86,8.4,100,975.8,1
2021-07-02,Cao_Bang,22.6667,106.25,28.5,81,8.6,100,976.9,1
2021-07-03,Cao_Bang,22.6667,106.25,27.6,88,9.4,100,977.4,1
2021-07-04,Cao_Bang,22.6667,106.25,27.5,90,12.2,99,978.3,1
2021-07-05,Cao_Bang,22.6667,106.25,27.3,90,10.0,94,979.7,1
2021-07-06,Cao_Bang,22.6667,106.25,27.6,86,9.8,51,979.5,1
2021-07-07,Cao_Bang,22.6667,106.25,27.7,87,11.6,47,980.2,1
2021-07-08,Cao_Bang,22.6667,106.25,25.9,93,13.3,88,982.2,1
2021-07-09,Cao_Bang,22.6667,106.25,26.5,89,10.4,53,983.4,1
2021-07-10,Cao_Bang,22.6667,106.25,27.0,82,9.7,74,983.3,1
2021-07-11,Cao_Bang,22.6667,106.25,27.6,79,12.9,70,983.8,1
2021-07-12,Cao_Bang,22.6667,106.25,28.1,78,15.5,31,982.5,1
2021-07-13,Cao_Bang,22.6667,106.25,28.3,81,13.0,35,980.5,1
2021-07-14,Cao_Bang,22.6667,106.25,28.6,79,13.6,28,980.4,1
2021-07-15,Cao_Bang,22.6667,106.25,28.3,78,13.7,39,981.9,1
2021-07-16,Cao_Bang,22.6667,106.25,28.5,76,8.8,57,982.3,0
2021-07-17,Cao_Bang,22.6667,106.25,29.0,77,9.2,70,978.7,0
2021-07-18,Cao_Bang,22.6667,106.25,26.8,87,10.2,99,977.1,1
2021-07-19,Cao_Bang,22.6667,106.25,27.6,82,9.0,93,977.4,1
2021-07-20,Cao_Bang,22.6667,106.25,27.0,89,11.9,98,977.8,1
2021-07-21,Cao_Bang,22.6667,106.25,27.1,87,9.5,87,976.7,1
2021-07-22,Cao_Bang,22.6667,106.25,25.9,95,7.2,99,975.1,1
2021-07-23,Cao_Bang,22.6667,106.25,26.6,91,7.9,91,973.9,1
2021-07-24,Cao_Bang,22.6667,106.25,28.6,78,9.0,38,974.2,1
2021-07-25,Cao_Bang,22.6667,106.25,27.3,86,10.8,81,975.4,1
2021-07-26,Cao_Bang,22.6667,106.25,28.5,81,6.4,48,974.4,1
2021-07-27,Cao_Bang,22.6667,106.25,28.6,87,9.1,72,973.2,1
2021-07-28,Cao_Bang,22.6667,106.25,28.1,89,5.4,79,973.2,1
2021-07-29,Cao_Bang,22.6667,106.25,27.3,91,8.9,92,974.5,1
2021-07-30,Cao_Bang,22.6667,106.25,28.2,86,7.8,87,974.8,1
2021-07-31,Cao_Bang,22.6667,106.25,27.7,91,13.3,98,974.5,1
2021-08-01,Cao_Bang,22.6667,106.25,25.8,95,6.4,96,973.9,1
2021-08-02,Cao_Bang,22.6667,106.25,28.7,81,6.0,72,973.7,0
2021-08-03,Cao_Bang,22.6667,106.25,29.4,82,8.0,57,974.9,1
2021-08-04,Cao_Bang,22.6667,106.25,29.1,85,8.2,52,975.2,1
2021-08-05,Cao_Bang,22.6667,106.25,30.0,79,7.4,65,973.6,1
2021-08-06,Cao_Bang,22.6667,106.25,30.3,77,7.2,80,974.3,0
2021-08-07,Cao_Bang,22.6667,106.25,30.3,80,7.4,97,975.5,1
2021-08-08,Cao_Bang,22.6667,106.25,29.3,84,10.3,96,977.0,1
2021-08-09,Cao_Bang,22.6667,106.25,28.2,89,6.6,98,977.3,1
2021-08-10,Cao_Bang,22.6667,106.25,26.2,95,6.1,100,977.3,1
2021-08-11,Cao_Bang,22.6667,106.25,26.2,93,9.8,99,979.6,1
2021-08-12,Cao_Bang,22.6667,106.25,27.0,91,10.7,97,980.5,1
2021-08-13,Cao_Bang,22.6667,106.25,27.5,89,10.0,97,977.1,1
2021-08-14,Cao_Bang,22.6667,106.25,26.0,96,6.5,100,977.0,1
2021-08-15,Cao_Bang,22.6667,106.25,25.6,96,11.1,97,980.6,1
2021-08-16,Cao_Bang,22.6667,106.25,26.5,90,10.5,92,983.9,1
2021-08-17,Cao_Bang,22.6667,106.25,27.3,87,9.7,67,983.0,1
2021-08-18,Cao_Bang,22.6667,106.25,27.4,86,12.9,70,981.0,1
2021-08-19,Cao_Bang,22.6667,106.25,26.9,87,12.9,81,981.4,1
2021-08-20,Cao_Bang,22.6667,106.25,27.6,85,10.8,42,982.3,1
2021-08-21,Cao_Bang,22.6667,106.25,28.0,85,11.2,72,981.2,1
2021-08-22,Cao_Bang,22.6667,106.25,28.5,85,11.8,65,979.0,1
2021-08-23,Cao_Bang,22.6667,106.25,27.9,88,14.1,92,978.2,1
2021-08-24,Cao_Bang,22.6667,106.25,27.2,91,13.4,100,979.4,1
2021-08-25,Cao_Bang,22.6667,106.25,27.2,87,9.6,86,980.6,1
2021-08-26,Cao_Bang,22.6667,106.25,26.4,90,10.5,84,983.2,1
2021-08-27,Cao_Bang,22.6667,106.25,26.1,89,7.7,84,984.8,1
2021-08-28,Cao_Bang,22.6667,106.25,25.5,89,11.3,61,984.4,1
2021-08-29,Cao_Bang,22.6667,106.25,25.8,87,8.7,27,984.2,1
2021-08-30,Cao_Bang,22.6667,106.25,26.5,83,8.6,43,984.7,1
2021-08-31,Cao_Bang,22.6667,106.25,26.9,87,8.7,42,984.5,1
2021-09-01,Cao_Bang,22.6667,106.25,26.8,86,7.7,64,983.7,1
2021-09-02,Cao_Bang,22.6667,106.25,25.7,92,6.4,84,982.8,1
2021-09-03,Cao_Bang,22.6667,106.25,26.6,87,9.0,57,980.5,1
2021-09-04,Cao_Bang,22.6667,106.25,26.7,88,7.6,46,980.7,1
2021-09-05,Cao_Bang,22.6667,106.25,26.1,89,8.1,62,983.4,1
2021-09-06,Cao_Bang,22.6667,106.25,27.2,84,7.5,43,985.3,1
2021-09-07,Cao_Bang,22.6667,106.25,26.7,83,8.7,85,985.5,1
2021-09-08,Cao_Bang,22.6667,106.25,25.5,91,8.1,61,984.3,1
2021-09-09,Cao_Bang,22.6667,106.25,26.5,87,6.1,46,984.8,1
2021-09-10,Cao_Bang,22.6667,106.25,28.0,78,4.7,37,983.6,1
2021-09-11,Cao_Bang,22.6667,106.25,28.5,77,7.3,21,980.7,0
2021-09-12,Cao_Bang,22.6667,106.25,28.8,79,7.7,13,978.0,0
2021-09-13,Cao_Bang,22.6667,106.25,26.7,89,7.9,87,981.7,1
2021-09-14,Cao_Bang,22.6667,106.25,25.8,93,6.1,98,985.4,1
2021-09-15,Cao_Bang,22.6667,106.25,25.6,92,9.8,94,986.3,1
2021-09-16,Cao_Bang,22.6667,106.25,26.3,87,9.0,90,984.5,1
2021-09-17,Cao_Bang,22.6667,106.25,26.5,87,8.4,95,983.1,1
2021-09-18,Cao_Bang,22.6667,106.25,26.6,87,12.3,64,983.8,1
2021-09-19,Cao_Bang,22.6667,106.25,27.0,85,12.8,63,984.2,1
2021-09-20,Cao_Bang,22.6667,106.25,26.2,87,4.8,60,984.9,1
2021-09-21,Cao_Bang,22.6667,106.25,27.1,80,7.2,19,984.0,1
2021-09-22,Cao_Bang,22.6667,106.25,25.8,90,10.7,60,984.0,1
2021-09-23,Cao_Bang,22.6667,106.25,25.6,90,8.1,78,986.1,1
2021-09-24,Cao_Bang,22.6667,106.25,25.4,91,6.6,68,987.0,1
2021-09-25,Cao_Bang,22.6667,106.25,25.7,90,8.2,60,986.6,1
2021-09-26,Cao_Bang,22.6667,106.25,26.2,84,7.3,31,986.5,1
2021-09-27,Cao_Bang,22.6667,106.25,26.1,85,9.2,38,985.7,1
2021-09-28,Cao_Bang,22.6667,106.25,26.8,82,5.7,25,984.2,0
2021-09-29,Cao_Bang,22.6667,106.25,27.0,85,10.5,17,983.1,1
2021-09-30,Cao_Bang,22.6667,106.25,27.2,85,5.9,30,983.1,1
2021-10-01,Cao_Bang,22.6667,106.25,26.9,86,5.8,64,983.3,1
2021-10-02,Cao_Bang,22.6667,106.25,26.7,81,8.8,65,984.0,1
2021-10-03,Cao_Bang,22.6667,106.25,26.8,77,10.8,28,984.6,1
2021-10-04,Cao_Bang,22.6667,106.25,26.2,81,7.7,24,985.9,1
2021-10-05,Cao_Bang,22.6667,106.25,27.1,75,6.6,13,985.9,1
2021-10-06,Cao_Bang,22.6667,106.25,27.5,72,5.4,14,983.0,1
2021-10-07,Cao_Bang,22.6667,106.25,26.8,78,11.9,27,981.1,1
2021-10-08,Cao_Bang,22.6667,106.25,26.7,67,13.8,27,980.7,1
2021-10-09,Cao_Bang,22.6667,106.25,23.2,85,12.3,100,980.4,1
2021-10-10,Cao_Bang,22.6667,106.25,22.2,92,15.4,100,979.8,1
2021-10-11,Cao_Bang,22.6667,106.25,21.0,95,8.1,98,985.2,1
2021-10-12,Cao_Bang,22.6667,106.25,22.0,71,18.4,31,985.1,0
2021-10-13,Cao_Bang,22.6667,106.25,22.6,67,17.4,97,982.1,1
2021-10-14,Cao_Bang,22.6667,106.25,20.3,89,15.3,100,983.4,1
2021-10-15,Cao_Bang,22.6667,106.25,20.4,97,9.4,100,986.9,1
2021-10-16,Cao_Bang,22.6667,106.25,19.6,82,10.1,100,992.9,1
2021-10-17,Cao_Bang,22.6667,106.25,19.1,73,13.1,96,995.2,1
2021-10-18,Cao_Bang,22.6667,106.25,18.7,89,7.3,100,993.1,1
2021-10-19,Cao_Bang,22.6667,106.25,21.9,88,11.5,100,991.1,1
2021-10-20,Cao_Bang,22.6667,106.25,24.6,86,12.4,82,987.6,1
2021-10-21,Cao_Bang,22.6667,106.25,20.0,78,12.5,100,991.5,1
2021-10-22,Cao_Bang,22.6667,106.25,18.1,64,10.9,97,995.6,0
2021-10-23,Cao_Bang,22.6667,106.25,17.7,72,13.2,54,995.4,0
2021-10-24,Cao_Bang,22.6667,106.25,18.7,75,9.1,38,994.7,0
2021-10-25,Cao_Bang,22.6667,106.25,19.5,77,10.2,14,991.4,0
2021-10-26,Cao_Bang,22.6667,106.25,20.9,77,5.2,47,990.3,0
2021-10-27,Cao_Bang,22.6667,106.25,22.1,76,8.9,22,991.4,0
2021-10-28,Cao_Bang,22.6667,106.25,20.8,85,7.9,86,992.3,1
2021-10-29,Cao_Bang,22.6667,106.25,21.2,91,5.7,100,992.7,1
2021-10-30,Cao_Bang,22.6667,106.25,20.1,86,9.6,100,993.4,1
2021-10-31,Cao_Bang,22.6667,106.25,19.7,94,6.7,100,992.2,1
2021-11-01,Cao_Bang,22.6667,106.25,20.1,92,4.2,100,992.4,1
2021-11-02,Cao_Bang,22.6667,106.25,20.1,93,6.1,100,992.4,1
2021-11-03,Cao_Bang,22.6667,106.25,20.5,91,5.3,94,990.1,1
2021-11-04,Cao_Bang,22.6667,106.25,23.2,85,11.9,72,986.8,1
2021-11-05,Cao_Bang,22.6667,106.25,24.9,84,11.8,71,983.9,1
2021-11-06,Cao_Bang,22.6667,106.25,24.9,85,10.7,77,982.2,1
2021-11-07,Cao_Bang,22.6667,106.25,23.5,84,14.8,92,987.1,1
2021-11-08,Cao_Bang,22.6667,106.25,16.4,61,12.0,69,995.8,1
2021-11-09,Cao_Bang,22.6667,106.25,17.6,61,9.5,66,994.8,0
2021-11-10,Cao_Bang,22.6667,106.25,17.5,65,7.6,49,994.0,0
2021-11-11,Cao_Bang,22.6667,106.25,17.7,69,8.1,42,991.6,0
2021-11-12,Cao_Bang,22.6667,106.25,18.7,69,8.1,87,994.3,0
2021-11-13,Cao_Bang,22.6667,106.25,18.0,68,11.3,76,993.7,0
2021-11-14,Cao_Bang,22.6667,106.25,18.3,75,7.4,83,992.2,1
2021-11-15,Cao_Bang,22.6667,106.25,18.9,79,8.0,86,990.2,1
2021-11-16,Cao_Bang,22.6667,106.25,18.9,87,5.4,100,990.2,1
2021-11-17,Cao_Bang,22.6667,106.25,18.6,83,10.5,100,992.9,1
2021-11-18,Cao_Bang,22.6667,106.25,18.2,74,10.7,68,989.5,0
2021-11-19,Cao_Bang,22.6667,106.25,18.5,85,11.1,73,984.7,1
2021-11-20,Cao_Bang,22.6667,106.25,21.1,89,12.2,76,983.7,1
2021-11-21,Cao_Bang,22.6667,106.25,21.2,91,8.2,93,987.5,1
2021-11-22,Cao_Bang,22.6667,106.25,16.4,67,13.1,85,994.5,1
2021-11-23,Cao_Bang,22.6667,106.25,14.8,62,10.7,70,996.5,0
2021-11-24,Cao_Bang,22.6667,106.25,14.8,73,6.2,92,995.6,1
2021-11-25,Cao_Bang,22.6667,106.25,16.4,81,8.5,50,993.0,1
2021-11-26,Cao_Bang,22.6667,106.25,18.0,76,10.2,30,993.3,0
2021-11-27,Cao_Bang,22.6667,106.25,16.9,76,7.7,15,994.7,0
2021-11-28,Cao_Bang,22.6667,106.25,17.4,77,4.9,16,994.1,0
2021-11-29,Cao_Bang,22.6667,106.25,18.3,77,4.7,40,993.1,0
2021-11-30,Cao_Bang,22.6667,106.25,17.4,65,16.6,58,996.5,0
2021-12-01,Cao_Bang,22.6667,106.25,14.8,66,9.2,57,996.5,0
2021-12-02,Cao_Bang,22.6667,106.25,14.1,71,8.2,52,996.5,0
2021-12-03,Cao_Bang,22.6667,106.25,14.6,72,8.3,60,996.0,0
2021-12-04,Cao_Bang,22.6667,106.25,15.0,71,7.4,78,995.7,0
2021-12-05,Cao_Bang,22.6667,106.25,15.7,73,7.2,33,995.3,0
2021-12-06,Cao_Bang,22.6667,106.25,15.6,74,8.1,0,994.8,0
2021-12-07,Cao_Bang,22.6667,106.25,15.4,66,8.7,0,994.4,0
2021-12-08,Cao_Bang,22.6667,106.25,16.0,68,8.0,22,995.5,0
2021-12-09,Cao_Bang,22.6667,106.25,17.2,81,4.1,96,996.4,1
2021-12-10,Cao_Bang,22.6667,106.25,17.5,85,8.7,70,993.1,1
2021-12-11,Cao_Bang,22.6667,106.25,19.5,79,7.0,94,993.5,1
2021-12-12,Cao_Bang,22.6667,106.25,16.6,81,9.5,94,997.4,1
2021-12-13,Cao_Bang,22.6667,106.25,15.6,70,6.2,57,996.2,0
2021-12-14,Cao_Bang,22.6667,106.25,14.7,80,9.0,44,991.4,0
2021-12-15,Cao_Bang,22.6667,106.25,15.9,84,12.7,66,988.0,1
2021-12-16,Cao_Bang,22.6667,106.25,17.9,84,6.4,62,989.8,1
2021-12-17,Cao_Bang,22.6667,106.25,17.5,70,9.2,87,995.4,1
2021-12-18,Cao_Bang,22.6667,106.25,15.7,55,9.3,24,997.4,0
2021-12-19,Cao_Bang,22.6667,106.25,14.6,62,8.7,30,996.1,0
2021-12-20,Cao_Bang,22.6667,106.25,15.8,64,8.4,78,991.9,0
2021-12-21,Cao_Bang,22.6667,106.25,15.5,72,13.7,5,991.1,0
2021-12-22,Cao_Bang,22.6667,106.25,17.0,71,7.1,12,990.7,0
2021-12-23,Cao_Bang,22.6667,106.25,16.3,76,9.0,19,988.9,0
2021-12-24,Cao_Bang,22.6667,106.25,17.8,79,6.9,40,989.8,1
2021-12-25,Cao_Bang,22.6667,106.25,17.3,81,10.5,100,994.0,1
2021-12-26,Cao_Bang,22.6667,106.25,13.1,83,10.3,100,998.4,1
2021-12-27,Cao_Bang,22.6667,106.25,10.1,65,10.2,100,1001.3,1
2021-12-28,Cao_Bang,22.6667,106.25,10.4,72,10.4,89,998.3,0
2021-12-29,Cao_Bang,22.6667,106.25,12.8,75,7.3,100,998.3,1
2021-12-30,Cao_Bang,22.6667,106.25,14.2,68,7.3,95,999.6,0
2021-12-31,Cao_Bang,22.6667,106.25,14.1,74,8.0,100,998.5,0
2022-01-01,Cao_Bang,22.6667,106.25,14.2,79,5.8,100,998.5,1
2022-01-02,Cao_Bang,22.6667,106.25,15.8,75,9.0,90,996.0,0
2022-01-03,Cao_Bang,22.6667,106.25,16.8,79,9.7,87,993.0,0
2022-01-04,Cao_Bang,22.6667,106.25,16.7,82,10.9,54,990.8,1
2022-01-05,Cao_Bang,22.6667,106.25,17.5,85,7.9,62,989.6,1
2022-01-06,Cao_Bang,22.6667,106.25,17.9,87,9.9,79,991.1,1
2022-01-07,Cao_Bang,22.6667,106.25,15.7,91,12.1,99,993.9,1
2022-01-08,Cao_Bang,22.6667,106.25,14.0,93,9.0,100,993.4,1
2022-01-09,Cao_Bang,22.6667,106.25,13.5,83,8.2,100,992.4,1
2022-01-10,Cao_Bang,22.6667,106.25,13.8,84,6.2,99,991.7,1
2022-01-11,Cao_Bang,22.6667,106.25,14.3,67,12.0,67,994.9,0
2022-01-12,Cao_Bang,22.6667,106.25,13.7,77,10.5,98,993.1,0
2022-01-13,Cao_Bang,22.6667,106.25,14.3,74,6.9,100,995.1,1
2022-01-14,Cao_Bang,22.6667,106.25,15.7,75,12.4,100,991.5,0
2022-01-15,Cao_Bang,22.6667,106.25,18.2,82,11.2,100,990.5,1
2022-01-16,Cao_Bang,22.6667,106.25,15.4,93,6.6,100,992.9,1
2022-01-17,Cao_Bang,22.6667,106.25,12.4,96,5.5,87,995.9,1
2022-01-18,Cao_Bang,22.6667,106.25,13.5,80,11.9,31,995.3,0
2022-01-19,Cao_Bang,22.6667,106.25,13.1,80,5.2,48,992.8,0
2022-01-20,Cao_Bang,22.6667,106.25,13.5,87,9.1,94,990.0,1
2022-01-21,Cao_Bang,22.6667,106.25,14.5,93,6.5,100,989.0,1
2022-01-22,Cao_Bang,22.6667,106.25,16.3,92,9.8,75,985.0,1
2022-01-23,Cao_Bang,22.6667,106.25,18.6,86,9.3,44,984.3,1
2022-01-24,Cao_Bang,22.6667,106.25,18.0,85,11.5,96,986.7,1
2022-01-25,Cao_Bang,22.6667,106.25,16.4,85,9.8,100,988.5,1
2022-01-26,Cao_Bang,22.6667,106.25,18.5,87,13.0,82,987.7,1
2022-01-27,Cao_Bang,22.6667,106.25,20.3,88,11.5,78,987.7,1
2022-01-28,Cao_Bang,22.6667,106.25,18.9,88,17.1,90,987.5,1
2022-01-29,Cao_Bang,22.6667,106.25,12.7,79,8.6,98,989.5,1
2022-01-30,Cao_Bang,22.6667,106.25,11.4,74,9.4,100,991.4,1
2022-01-31,Cao_Bang,22.6667,106.25,10.5,82,9.3,100,993.1,1
2022-02-01,Cao_Bang,22.6667,106.25,10.4,79,8.8,100,993.0,1
2022-02-02,Cao_Bang,22.6667,106.25,10.3,81,8.1,100,994.1,1
2022-02-03,Cao_Bang,22.6667,106.25,12.1,69,9.6,78,993.9,0
2022-02-04,Cao_Bang,22.6667,106.25,11.5,74,7.6,77,996.0,0
2022-02-05,Cao_Bang,22.6667,106.25,11.5,76,7.6,91,996.1,1
2022-02-06,Cao_Bang,22.6667,106.25,11.5,92,8.2,100,992.5,1
2022-02-07,Cao_Bang,22.6667,106.25,15.3,86,16.0,92,988.8,1
2022-02-08,Cao_Bang,22.6667,106.25,13.3,86,10.1,100,991.1,1
2022-02-09,Cao_Bang,22.6667,106.25,11.4,86,8.2,100,992.9,1
2022-02-10,Cao_Bang,22.6667,106.25,11.8,87,10.4,100,989.8,1
2022-02-11,Cao_Bang,22.6667,106.25,14.4,89,10.5,100,989.3,1
2022-02-12,Cao_Bang,22.6667,106.25,13.3,93,6.8,99,989.2,1
2022-02-13,Cao_Bang,22.6667,106.25,12.3,88,5.8,80,989.7,1
2022-02-14,Cao_Bang,22.6667,106.25,12.4,79,10.8,40,991.1,0
2022-02-15,Cao_Bang,22.6667,106.25,12.9,86,8.8,84,990.4,1
2022-02-16,Cao_Bang,22.6667,106.25,14.9,91,9.2,100,986.4,1
2022-02-17,Cao_Bang,22.6667,106.25,17.9,92,12.0,100,983.4,1
2022-02-18,Cao_Bang,22.6667,106.25,17.6,92,10.5,100,985.4,1
2022-02-19,Cao_Bang,22.6667,106.25,10.1,91,7.4,100,993.1,1
2022-02-20,Cao_Bang,22.6667,106.25,7.0,89,7.7,100,997.0,1
2022-02-21,Cao_Bang,22.6667,106.25,8.1,77,7.6,100,997.4,1
2022-02-22,Cao_Bang,22.6667,106.25,9.0,67,11.2,100,998.8,1
2022-02-23,Cao_Bang,22.6667,106.25,9.9,65,11.1,46,1000.1,0
2022-02-24,Cao_Bang,22.6667,106.25,10.5,70,8.6,51,1000.0,0
2022-02-25,Cao_Bang,22.6667,106.25,10.9,78,6.5,54,997.0,0
2022-02-26,Cao_Bang,22.6667,106.25,14.1,77,7.3,62,995.6,0
2022-02-27,Cao_Bang,22.6667,106.25,16.3,78,11.8,63,991.6,0
2022-02-28,Cao_Bang,22.6667,106.25,16.9,82,13.3,66,988.8,0
2022-03-01,Cao_Bang,22.6667,106.25,19.0,86,9.3,94,990.1,1
2022-03-02,Cao_Bang,22.6667,106.25,18.8,86,9.8,89,990.5,1
2022-03-03,Cao_Bang,22.6667,106.25,20.5,82,15.3,80,987.1,0
2022-03-04,Cao_Bang,22.6667,106.25,21.5,82,16.1,95,986.0,1
2022-03-05,Cao_Bang,22.6667,106.25,21.6,84,12.5,100,985.3,1
2022-03-06,Cao_Bang,22.6667,106.25,22.1,86,14.1,100,985.7,1
2022-03-07,Cao_Bang,22.6667,106.25,20.6,72,9.4,43,992.3,1
2022-03-08,Cao_Bang,22.6667,106.25,18.7,72,13.6,6,989.0,0
2022-03-09,Cao_Bang,22.6667,106.25,18.0,73,14.8,76,987.1,0
2022-03-10,Cao_Bang,22.6667,106.25,19.5,82,10.5,100,987.6,1
2022-03-11,Cao_Bang,22.6667,106.25,20.7,82,10.9,100,985.9,1
2022-03-12,Cao_Bang,22.6667,106.25,21.3,81,13.1,100,984.6,1
2022-03-13,Cao_Bang,22.6667,106.25,21.9,81,10.8,100,984.9,1
2022-03-14,Cao_Bang,22.6667,106.25,22.4,83,9.5,91,984.9,1
2022-03-15,Cao_Bang,22.6667,106.25,22.5,83,11.2,89,984.0,0
2022-03-16,Cao_Bang,22.6667,106.25,22.4,86,14.5,100,981.4,1
2022-03-17,Cao_Bang,22.6667,106.25,23.2,83,10.4,69,981.8,1
2022-03-18,Cao_Bang,22.6667,106.25,23.8,82,8.1,62,982.6,1
2022-03-19,Cao_Bang,22.6667,106.25,24.6,82,14.1,64,980.3,1
2022-03-20,Cao_Bang,22.6667,106.25,24.7,82,17.3,79,980.5,1
2022-03-21,Cao_Bang,22.6667,106.25,25.3,84,17.1,76,981.9,1
2022-03-22,Cao_Bang,22.6667,106.25,23.9,86,13.6,89,984.3,1
2022-03-23,Cao_Bang,22.6667,106.25,17.7,82,11.3,98,989.1,1
2022-03-24,Cao_Bang,22.6667,106.25,17.3,88,12.9,100,984.4,1
2022-03-25,Cao_Bang,22.6667,106.25,22.7,81,11.9,65,980.4,1
2022-03-26,Cao_Bang,22.6667,106.25,24.7,82,12.7,66,982.6,1
2022-03-27,Cao_Bang,22.6667,106.25,19.4,71,11.6,94,989.6,1
2022-03-28,Cao_Bang,22.6667,106.25,18.9,71,10.0,53,990.1,0
2022-03-29,Cao_Bang,22.6667,106.25,19.3,79,14.5,97,987.9,1
2022-03-30,Cao_Bang,22.6667,106.25,21.2,89,9.2,98,987.5,1
2022-03-31,Cao_Bang,22.6667,106.25,22.2,82,17.9,92,990.2,1
2022-04-01,Cao_Bang,22.6667,106.25,17.8,63,13.0,100,996.9,1
2022-04-02,Cao_Bang,22.6667,106.25,16.4,60,19.5,85,999.3,0
2022-04-03,Cao_Bang,22.6667,106.25,16.6,63,8.7,0,995.8,0
2022-04-04,Cao_Bang,22.6667,106.25,17.6,65,8.6,4,994.3,0
2022-04-05,Cao_Bang,22.6667,106.25,19.8,69,6.6,70,993.5,0
2022-04-06,Cao_Bang,22.6667,106.25,20.9,71,11.3,38,992.3,0
2022-04-07,Cao_Bang,22.6667,106.25,21.9,63,10.4,14,991.1,0
2022-04-08,Cao_Bang,22.6667,106.25,22.2,61,7.7,1,988.7,0
2022-04-09,Cao_Bang,22.6667,106.25,21.4,67,13.6,2,985.7,0
2022-04-10,Cao_Bang,22.6667,106.25,21.7,67,10.8,26,984.4,0
2022-04-11,Cao_Bang,22.6667,106.25,22.8,75,13.2,65,983.4,1
2022-04-12,Cao_Bang,22.6667,106.25,23.2,82,14.0,83,980.7,1
2022-04-13,Cao_Bang,22.6667,106.25,24.1,74,11.0,25,981.3,0
2022-04-14,Cao_Bang,22.6667,106.25,24.6,72,14.4,64,981.3,0
2022-04-15,Cao_Bang,22.6667,106.25,24.2,83,14.9,96,982.0,1
2022-04-16,Cao_Bang,22.6667,106.25,21.0,80,12.9,100,985.3,1
2022-04-17,Cao_Bang,22.6667,106.25,17.1,89,7.8,100,989.0,1
2022-04-18,Cao_Bang,22.6667,106.25,18.3,82,7.2,95,991.9,1
2022-04-19,Cao_Bang,22.6667,106.25,19.5,75,10.5,82,991.3,0
2022-04-20,Cao_Bang,22.6667,106.25,20.7,76,6.6,76,988.3,0
2022-04-21,Cao_Bang,22.6667,106.25,20.7,82,11.3,68,985.1,1
2022-04-22,Cao_Bang,22.6667,106.25,23.8,83,15.3,63,982.6,1
2022-04-23,Cao_Bang,22.6667,106.25,25.4,83,11.6,60,981.7,1
2022-04-24,Cao_Bang,22.6667,106.25,25.7,85,14.3,63,978.6,1
2022-04-25,Cao_Bang,22.6667,106.25,27.9,77,13.1,49,977.7,0
2022-04-26,Cao_Bang,22.6667,106.25,28.6,76,10.0,21,977.6,0
2022-04-27,Cao_Bang,22.6667,106.25,28.0,80,12.0,39,979.4,1
2022-04-28,Cao_Bang,22.6667,106.25,27.8,80,14.6,50,981.4,1
2022-04-29,Cao_Bang,22.6667,106.25,26.3,84,16.2,88,983.5,1
2022-04-30,Cao_Bang,22.6667,106.25,25.5,83,12.6,96,984.5,1
2022-05-01,Cao_Bang,22.6667,106.25,19.4,74,17.6,87,989.6,1
2022-05-02,Cao_Bang,22.6667,106.25,20.1,62,14.1,55,990.7,0
2022-05-03,Cao_Bang,22.6667,106.25,21.4,61,10.1,27,990.4,0
2022-05-04,Cao_Bang,22.6667,106.25,22.2,62,7.9,64,988.2,0
2022-05-05,Cao_Bang,22.6667,106.25,23.0,68,8.6,81,985.4,1
2022-05-06,Cao_Bang,22.6667,106.25,22.1,84,5.4,89,985.1,1
2022-05-07,Cao_Bang,22.6667,106.25,23.8,84,10.8,60,984.9,1
2022-05-08,Cao_Bang,22.6667,106.25,24.1,89,12.6,92,984.5,1
2022-05-09,Cao_Bang,22.6667,106.25,25.0,86,13.7,88,983.2,1
2022-05-10,Cao_Bang,22.6667,106.25,24.7,91,9.2,83,981.0,1
2022-05-11,Cao_Bang,22.6667,106.25,25.3,90,12.1,95,979.1,1
2022-05-12,Cao_Bang,22.6667,106.25,25.6,81,9.6,95,979.1,1
2022-05-13,Cao_Bang,22.6667,106.25,23.8,83,10.7,85,979.8,1
2022-05-14,Cao_Bang,22.6667,106.25,23.9,80,10.8,97,981.9,1
2022-05-15,Cao_Bang,22.6667,106.25,23.1,73,14.0,99,985.5,1
2022-05-16,Cao_Bang,22.6667,106.25,20.3,76,13.7,88,988.5,1
2022-05-17,Cao_Bang,22.6667,106.25,22.4,68,7.3,87,987.3,0
2022-05-18,Cao_Bang,22.6667,106.25,22.7,75,12.3,94,986.1,0
2022-05-19,Cao_Bang,22.6667,106.25,24.1,81,9.9,86,984.8,0
2022-05-20,Cao_Bang,22.6667,106.25,25.0,82,7.4,94,983.3,1
2022-05-21,Cao_Bang,22.6667,106.25,22.8,89,5.1,100,981.8,1
2022-05-22,Cao_Bang,22.6667,106.25,22.4,97,4.7,100,978.4,1
2022-05-23,Cao_Bang,22.6667,106.25,22.9,95,5.7,100,978.8,1
2022-05-24,Cao_Bang,22.6667,106.25,22.6,98,6.6,100,981.5,1
2022-05-25,Cao_Bang,22.6667,106.25,25.8,86,10.1,97,979.9,1
2022-05-26,Cao_Bang,22.6667,106.25,26.4,90,6.9,100,977.0,1
2022-05-27,Cao_Bang,22.6667,106.25,25.6,90,10.0,100,975.8,1
2022-05-28,Cao_Bang,22.6667,106.25,25.6,91,10.9,100,975.9,1
2022-05-29,Cao_Bang,22.6667,106.25,26.3,90,13.0,100,976.8,1
2022-05-30,Cao_Bang,22.6667,106.25,25.2,94,8.6,100,978.8,1
2022-05-31,Cao_Bang,22.6667,106.25,25.2,91,10.4,100,979.2,1
2022-06-01,Cao_Bang,22.6667,106.25,26.9,86,12.6,88,978.2,1
2022-06-02,Cao_Bang,22.6667,106.25,28.0,82,13.5,100,976.0,1
2022-06-03,Cao_Bang,22.6667,106.25,28.5,80,11.3,100,974.8,1
2022-06-04,Cao_Bang,22.6667,106.25,29.0,79,10.1,100,975.0,1
2022-06-05,Cao_Bang,22.6667,106.25,26.5,92,7.2,100,976.2,1
2022-06-06,Cao_Bang,22.6667,106.25,24.7,95,7.9,97,977.9,1
2022-06-07,Cao_Bang,22.6667,106.25,25.7,89,8.4,98,978.3,1
2022-06-08,Cao_Bang,22.6667,106.25,26.0,88,8.4,100,978.1,1
2022-06-09,Cao_Bang,22.6667,106.25,26.0,89,8.3,100,977.5,1
2022-06-10,Cao_Bang,22.6667,106.25,25.5,92,10.0,100,977.1,1
2022-06-11,Cao_Bang,22.6667,106.25,25.4,92,5.6,98,978.4,1
2022-06-12,Cao_Bang,22.6667,106.25,27.0,86,8.9,99,978.3,1
2022-06-13,Cao_Bang,22.6667,106.25,25.9,92,7.4,100,979.3,1
2022-06-14,Cao_Bang,22.6667,106.25,25.2,91,6.5,100,981.8,1
2022-06-15,Cao_Bang,22.6667,106.25,25.4,83,5.9,91,981.9,0
2022-06-16,Cao_Bang,22.6667,106.25,25.9,87,11.1,97,980.1,1
2022-06-17,Cao_Bang,22.6667,106.25,27.9,82,13.2,99,977.0,1
2022-06-18,Cao_Bang,22.6667,106.25,29.0,76,12.4,100,974.7,0
2022-06-19,Cao_Bang,22.6667,106.25,28.8,77,11.4,100,974.1,1
2022-06-20,Cao_Bang,22.6667,106.25,29.0,79,8.4,100,973.3,1
2022-06-21,Cao_Bang,22.6667,106.25,29.1,79,10.2,100,974.3,1
2022-06-22,Cao_Bang,22.6667,106.25,27.9,83,13.1,99,979.0,1
2022-06-23,Cao_Bang,22.6667,106.25,27.0,86,11.6,100,981.9,1
2022-06-24,Cao_Bang,22.6667,106.25,27.5,81,10.8,89,981.1,1
2022-06-25,Cao_Bang,22.6667,106.25,28.4,75,13.8,69,979.5,1
2022-06-26,Cao_Bang,22.6667,106.25,28.2,78,13.7,62,980.1,1
2022-06-27,Cao_Bang,22.6667,106.25,28.9,79,12.0,96,978.5,1
2022-06-28,Cao_Bang,22.6667,106.25,28.4,84,7.1,100,976.7,1
2022-06-29,Cao_Bang,22.6667,106.25,26.1,92,6.9,100,975.9,1
2022-06-30,Cao_Bang,22.6667,106.25,26.1,90,8.9,99,976.9,1
2022-07-01,Cao_Bang,22.6667,106.25,26.7,88,7.2,95,976.8,1
2022-07-02,Cao_Bang,22.6667,106.25,27.9,83,14.0,74,973.0,1
2022-07-03,Cao_Bang,22.6667,106.25,28.6,82,14.1,97,972.4,1
2022-07-04,Cao_Bang,22.6667,106.25,28.8,84,6.6,99,973.4,1
2022-07-05,Cao_Bang,22.6667,106.25,27.5,90,7.8,98,975.7,1
2022-07-06,Cao_Bang,22.6667,106.25,26.4,90,8.0,93,977.7,1
2022-07-07,Cao_Bang,22.6667,106.25,26.4,89,9.9,81,978.2,1
2022-07-08,Cao_Bang,22.6667,106.25,25.3,93,11.2,100,979.5,1
2022-07-09,Cao_Bang,22.6667,106.25,26.1,90,8.0,78,979.3,1
2022-07-10,Cao_Bang,22.6667,106.25,26.8,85,14.0,76,979.8,1
2022-07-11,Cao_Bang,22.6667,106.25,27.3,88,12.5,72,980.1,1
2022-07-12,Cao_Bang,22.6667,106.25,27.6,85,10.7,50,979.8,1
2022-07-13,Cao_Bang,22.6667,106.25,27.2,86,9.2,49,979.2,1
2022-07-14,Cao_Bang,22.6667,106.25,27.8,83,9.2,27,979.2,1
2022-07-15,Cao_Bang,22.6667,106.25,27.8,85,7.4,74,979.5,1
2022-07-16,Cao_Bang,22.6667,106.25,29.6,76,11.2,76,978.5,1
2022-07-17,Cao_Bang,22.6667,106.25,30.6,76,11.7,93,977.3,1
2022-07-18,Cao_Bang,22.6667,106.25,29.1,84,11.7,100,975.8,1
2022-07-19,Cao_Bang,22.6667,106.25,27.9,85,12.7,100,977.0,1
2022-07-20,Cao_Bang,22.6667,106.25,27.0,87,12.2,100,981.4,1
2022-07-21,Cao_Bang,22.6667,106.25,26.3,90,9.7,95,984.2,1
2022-07-22,Cao_Bang,22.6667,106.25,26.1,88,12.0,59,985.4,1
2022-07-23,Cao_Bang,22.6667,106.25,27.5,80,12.3,20,983.4,0
2022-07-24,Cao_Bang,22.6667,106.25,28.5,78,11.3,12,981.6,0
2022-07-25,Cao_Bang,22.6667,106.25,29.1,76,12.2,6,981.8,0
2022-07-26,Cao_Bang,22.6667,106.25,29.3,74,12.9,6,981.0,0
2022-07-27,Cao_Bang,22.6667,106.25,29.4,73,12.7,23,980.6,0
2022-07-28,Cao_Bang,22.6667,106.25,29.1,77,8.8,96,980.6,1
2022-07-29,Cao_Bang,22.6667,106.25,28.3,83,8.0,99,979.8,1
2022-07-30,Cao_Bang,22.6667,106.25,28.1,81,10.0,73,978.7,1
2022-07-31,Cao_Bang,22.6667,106.25,27.0,83,10.0,83,978.4,1
2022-08-01,Cao_Bang,22.6667,106.25,27.7,81,10.2,72,979.3,1
2022-08-02,Cao_Bang,22.6667,106.25,28.0,78,10.0,28,981.0,1
2022-08-03,Cao_Bang,22.6667,106.25,29.7,72,9.2,38,980.5,0
2022-08-04,Cao_Bang,22.6667,106.25,29.0,77,10.3,95,978.6,1
2022-08-05,Cao_Bang,22.6667,106.25,26.4,90,8.2,100,977.9,1
2022-08-06,Cao_Bang,22.6667,106.25,25.4,91,11.6,100,979.3,1
2022-08-07,Cao_Bang,22.6667,106.25,25.8,90,9.1,86,980.7,1
2022-08-08,Cao_Bang,22.6667,106.25,26.9,86,17.8,55,980.4,1
2022-08-09,Cao_Bang,22.6667,106.25,26.8,87,15.6,44,978.7,1
2022-08-10,Cao_Bang,22.6667,106.25,25.7,91,12.5,84,976.5,1
2022-08-11,Cao_Bang,22.6667,106.25,24.7,94,16.6,98,976.8,1
2022-08-12,Cao_Bang,22.6667,106.25,25.0,92,9.4,90,981.3,1
2022-08-13,Cao_Bang,22.6667,106.25,26.1,87,10.1,87,980.8,1
2022-08-14,Cao_Bang,22.6667,106.25,27.6,83,9.9,51,980.0,1
2022-08-15,Cao_Bang,22.6667,106.25,27.6,86,7.2,73,979.5,1
2022-08-16,Cao_Bang,22.6667,106.25,28.2,83,6.6,72,979.4,1
2022-08-17,Cao_Bang,22.6667,106.25,28.2,80,13.0,87,979.3,0
2022-08-18,Cao_Bang,22.6667,106.25,28.6,79,10.4,50,978.5,1
2022-08-19,Cao_Bang,22.6667,106.25,28.2,82,10.0,70,978.2,1
2022-08-20,Cao_Bang,22.6667,106.25,26.5,92,6.2,91,978.4,1
2022-08-21,Cao_Bang,22.6667,106.25,25.6,92,10.2,92,978.9,1
2022-08-22,Cao_Bang,22.6667,106.25,27.2,86,8.7,90,980.1,1
2022-08-23,Cao_Bang,22.6667,106.25,28.0,84,13.8,47,980.5,1
2022-08-24,Cao_Bang,22.6667,106.25,28.2,85,9.5,68,979.2,1
2022-08-25,Cao_Bang,22.6667,106.25,28.3,82,13.1,100,975.3,1
2022-08-26,Cao_Bang,22.6667,106.25,24.8,93,29.7,100,978.9,1
2022-08-27,Cao_Bang,22.6667,106.25,26.8,85,8.9,89,982.4,1
2022-08-28,Cao_Bang,22.6667,106.25,28.0,80,11.8,80,981.9,1
2022-08-29,Cao_Bang,22.6667,106.25,28.3,80,12.3,53,983.5,1
2022-08-30,Cao_Bang,22.6667,106.25,28.5,78,9.4,80,983.2,0
2022-08-31,Cao_Bang,22.6667,106.25,27.4,84,11.7,97,982.3,1
2022-09-01,Cao_Bang,22.6667,106.25,26.1,88,8.9,93,984.8,1
2022-09-02,Cao_Bang,22.6667,106.25,27.2,82,5.8,87,983.6,1
2022-09-03,Cao_Bang,22.6667,106.25,27.8,80,7.3,98,981.2,1
2022-09-04,Cao_Bang,22.6667,106.25,26.8,78,9.3,93,982.7,1
2022-09-05,Cao_Bang,22.6667,106.25,27.0,69,10.7,77,982.9,0
2022-09-06,Cao_Bang,22.6667,106.25,26.5,69,9.4,72,983.6,0
2022-09-07,Cao_Bang,22.6667,106.25,27.2,71,8.3,73,986.3,1
2022-09-08,Cao_Bang,22.6667,106.25,24.6,93,11.1,100,988.1,1
2022-09-09,Cao_Bang,22.6667,106.25,25.4,90,9.2,89,988.0,1
2022-09-10,Cao_Bang,22.6667,106.25,25.1,90,6.3,96,986.8,1
2022-09-11,Cao_Bang,22.6667,106.25,24.9,90,9.8,70,985.2,1
2022-09-12,Cao_Bang,22.6667,106.25,25.7,87,6.8,69,984.1,1
2022-09-13,Cao_Bang,22.6667,106.25,26.0,87,8.2,82,984.3,1
2022-09-14,Cao_Bang,22.6667,106.25,25.9,88,7.4,60,983.9,1
2022-09-15,Cao_Bang,22.6667,106.25,26.4,86,6.9,63,981.3,1
2022-09-16,Cao_Bang,22.6667,106.25,24.5,95,8.7,87,979.8,1
2022-09-17,Cao_Bang,22.6667,106.25,25.2,89,9.7,57,981.3,1
2022-09-18,Cao_Bang,22.6667,106.25,27.1,82,6.3,19,981.5,0
2022-09-19,Cao_Bang,22.6667,106.25,27.8,82,5.6,28,981.3,1
2022-09-20,Cao_Bang,22.6667,106.25,26.4,87,8.7,50,982.2,1
2022-09-21,Cao_Bang,22.6667,106.25,25.5,87,9.5,85,984.1,1
2022-09-22,Cao_Bang,22.6667,106.25,25.5,78,9.2,33,984.9,1
2022-09-23,Cao_Bang,22.6667,106.25,24.4,83,7.2,67,985.8,1
2022-09-24,Cao_Bang,22.6667,106.25,24.6,81,7.2,63,986.0,1
2022-09-25,Cao_Bang,22.6667,106.25,25.2,85,7.5,50,985.9,1
2022-09-26,Cao_Bang,22.6667,106.25,25.9,79,6.3,9,984.7,1
2022-09-27,Cao_Bang,22.6667,106.25,26.5,73,8.9,52,982.4,1
2022-09-28,Cao_Bang,22.6667,106.25,25.9,79,16.4,98,981.8,1
2022-09-29,Cao_Bang,22.6667,106.25,24.7,92,8.3,100,983.0,1
2022-09-30,Cao_Bang,22.6667,106.25,24.2,95,6.6,100,984.1,1
2022-10-01,Cao_Bang,22.6667,106.25,24.3,94,7.6,100,984.6,1
2022-10-02,Cao_Bang,22.6667,106.25,24.8,91,7.2,91,985.8,1
2022-10-03,Cao_Bang,22.6667,106.25,25.0,89,7.9,61,987.1,1
2022-10-04,Cao_Bang,22.6667,106.25,25.4,87,10.4,19,988.3,1
2022-10-05,Cao_Bang,22.6667,106.25,25.8,83,8.0,31,987.9,0
2022-10-06,Cao_Bang,22.6667,106.25,25.2,82,7.0,25,988.0,1
2022-10-07,Cao_Bang,22.6667,106.25,24.4,82,8.5,65,989.3,1
2022-10-08,Cao_Bang,22.6667,106.25,23.6,78,10.2,80,989.8,0
2022-10-09,Cao_Bang,22.6667,106.25,22.4,78,12.3,99,993.4,1
2022-10-10,Cao_Bang,22.6667,106.25,21.1,61,11.6,43,995.3,0
2022-10-11,Cao_Bang,22.6667,106.25,20.9,69,9.7,36,991.9,0
2022-10-12,Cao_Bang,22.6667,106.25,21.3,67,6.7,31,990.5,0
2022-10-13,Cao_Bang,22.6667,106.25,21.7,68,7.4,46,989.4,0
2022-10-14,Cao_Bang,22.6667,106.25,21.2,65,12.3,29,988.1,0
2022-10-15,Cao_Bang,22.6667,106.25,21.2,64,12.9,63,988.1,0
2022-10-16,Cao_Bang,22.6667,106.25,22.3,63,15.9,29,989.7,0
2022-10-17,Cao_Bang,22.6667,106.25,22.4,54,17.5,37,990.3,0
2022-10-18,Cao_Bang,22.6667,106.25,20.8,53,16.6,27,990.7,0
2022-10-19,Cao_Bang,22.6667,106.25,18.8,63,10.9,91,991.1,1
2022-10-20,Cao_Bang,22.6667,106.25,17.5,97,5.2,100,992.1,1
2022-10-21,Cao_Bang,22.6667,106.25,20.7,90,6.4,77,992.6,1
2022-10-22,Cao_Bang,22.6667,106.25,24.1,81,7.9,38,991.3,1
2022-10-23,Cao_Bang,22.6667,106.25,25.0,79,6.6,16,990.0,1
2022-10-24,Cao_Bang,22.6667,106.25,24.4,75,8.9,5,989.1,0
2022-10-25,Cao_Bang,22.6667,106.25,24.2,72,9.4,42,990.0,0
2022-10-26,Cao_Bang,22.6667,106.25,24.3,80,10.5,56,988.8,0
2022-10-27,Cao_Bang,22.6667,106.25,24.3,81,7.7,75,988.7,1
2022-10-28,Cao_Bang,22.6667,106.25,23.9,77,8.4,59,989.9,1
2022-10-29,Cao_Bang,22.6667,106.25,23.2,75,7.4,70,990.1,0
2022-10-30,Cao_Bang,22.6667,106.25,22.6,75,12.6,60,989.4,0
2022-10-31,Cao_Bang,22.6667,106.25,21.6,62,20.6,30,990.2,0
2022-11-01,Cao_Bang,22.6667,106.25,20.1,64,13.3,70,989.2,0
2022-11-02,Cao_Bang,22.6667,106.25,19.7,65,7.7,16,986.7,0
2022-11-03,Cao_Bang,22.6667,106.25,20.2,68,7.2,34,988.0,0
2022-11-04,Cao_Bang,22.6667,106.25,20.6,71,6.8,51,991.0,0
2022-11-05,Cao_Bang,22.6667,106.25,20.5,68,8.1,28,993.0,0
2022-11-06,Cao_Bang,22.6667,106.25,19.8,73,7.9,6,991.9,0
2022-11-07,Cao_Bang,22.6667,106.25,20.8,73,9.0,8,990.6,0
2022-11-08,Cao_Bang,22.6667,106.25,21.1,72,7.2,8,990.6,0
2022-11-09,Cao_Bang,22.6667,106.25,21.4,70,7.0,5,990.2,0
2022-11-10,Cao_Bang,22.6667,106.25,21.8,77,10.1,22,989.5,0
2022-11-11,Cao_Bang,22.6667,106.25,22.8,80,10.9,47,988.6,1
2022-11-12,Cao_Bang,22.6667,106.25,24.2,78,8.9,40,987.6,0
2022-11-13,Cao_Bang,22.6667,106.25,23.8,74,7.9,31,988.8,1
2022-11-14,Cao_Bang,22.6667,106.25,23.7,76,8.2,52,989.0,1
2022-11-15,Cao_Bang,22.6667,106.25,23.1,85,10.4,87,988.1,1
2022-11-16,Cao_Bang,22.6667,106.25,23.1,88,13.2,74,986.4,1
2022-11-17,Cao_Bang,22.6667,106.25,23.4,90,8.9,77,986.0,1
2022-11-18,Cao_Bang,22.6667,106.25,23.4,90,10.4,76,987.3,1
2022-11-19,Cao_Bang,22.6667,106.25,22.2,85,9.2,98,989.3,1
2022-11-20,Cao_Bang,22.6667,106.25,21.5,87,5.5,83,987.9,1
2022-11-21,Cao_Bang,22.6667,106.25,22.2,83,8.8,57,986.0,1
2022-11-22,Cao_Bang,22.6667,106.25,22.9,84,6.1,41,986.3,1
2022-11-23,Cao_Bang,22.6667,106.25,22.5,87,9.7,84,987.3,1
2022-11-24,Cao_Bang,22.6667,106.25,21.9,83,8.9,98,988.4,1
2022-11-25,Cao_Bang,22.6667,106.25,20.7,94,6.9,100,989.1,1
2022-11-26,Cao_Bang,22.6667,106.25,21.1,91,7.6,99,987.3,1
2022-11-27,Cao_Bang,22.6667,106.25,24.2,87,13.3,66,982.3,1
2022-11-28,Cao_Bang,22.6667,106.25,25.5,84,11.7,60,982.1,0
2022-11-29,Cao_Bang,22.6667,106.25,25.9,84,8.7,50,984.3,1
2022-11-30,Cao_Bang,22.6667,106.25,19.1,88,16.4,99,990.9,1
2022-12-01,Cao_Bang,22.6667,106.25,12.6,76,7.6,100,996.1,1
2022-12-02,Cao_Bang,22.6667,106.25,12.0,69,8.2,93,994.8,1
2022-12-03,Cao_Bang,22.6667,106.25,13.7,75,9.7,92,991.5,0
2022-12-04,Cao_Bang,22.6667,106.25,14.8,83,7.1,100,993.9,1
2022-12-05,Cao_Bang,22.6667,106.25,14.8,68,10.5,62,996.0,1
2022-12-06,Cao_Bang,22.6667,106.25,13.0,77,7.9,21,993.3,0
2022-12-07,Cao_Bang,22.6667,106.25,14.3,75,5.7,99,993.3,0
2022-12-08,Cao_Bang,22.6667,106.25,14.8,85,5.4,100,992.7,1
2022-12-09,Cao_Bang,22.6667,106.25,15.3,90,5.4,100,991.1,1
2022-12-10,Cao_Bang,22.6667,106.25,17.1,74,10.2,93,990.6,0
2022-12-11,Cao_Bang,22.6667,106.25,16.2,63,9.2,67,992.1,0
2022-12-12,Cao_Bang,22.6667,106.25,15.3,68,8.9,70,994.4,0
2022-12-13,Cao_Bang,22.6667,106.25,14.4,68,9.5,40,993.8,0
2022-12-14,Cao_Bang,22.6667,106.25,14.4,66,7.0,50,995.6,0
2022-12-15,Cao_Bang,22.6667,106.25,12.8,72,8.2,0,990.3,0
2022-12-16,Cao_Bang,22.6667,106.25,15.2,69,9.7,49,992.1,0
2022-12-17,Cao_Bang,22.6667,106.25,13.5,46,17.1,76,1002.0,0
2022-12-18,Cao_Bang,22.6667,106.25,10.8,56,7.8,13,1000.4,0
2022-12-19,Cao_Bang,22.6667,106.25,10.3,67,8.7,27,993.6,0
2022-12-20,Cao_Bang,22.6667,106.25,12.1,69,9.8,36,990.9,0
2022-12-21,Cao_Bang,22.6667,106.25,13.9,64,7.7,59,992.5,0
2022-12-22,Cao_Bang,22.6667,106.25,14.3,65,8.8,37,990.5,0
2022-12-23,Cao_Bang,22.6667,106.25,15.7,61,9.1,46,991.6,0
2022-12-24,Cao_Bang,22.6667,106.25,14.5,64,7.6,6,993.8,0
2022-12-25,Cao_Bang,22.6667,106.25,14.4,66,14.1,3,992.9,0
2022-12-26,Cao_Bang,22.6667,106.25,15.0,80,6.9,59,993.8,1
2022-12-27,Cao_Bang,22.6667,106.25,16.4,88,9.3,100,993.2,1
2022-12-28,Cao_Bang,22.6667,106.25,11.0,88,10.7,97,997.8,1
2022-12-29,Cao_Bang,22.6667,106.25,10.8,78,6.1,100,1000.3,1
2022-12-30,Cao_Bang,22.6667,106.25,11.6,78,8.4,94,1000.2,1
2022-12-31,Cao_Bang,22.6667,106.25,12.7,72,5.4,93,998.8,0
2023-01-01,Cao_Bang,22.6667,106.25,13.7,75,5.2,21,997.1,0
2023-01-02,Cao_Bang,22.6667,106.25,14.0,78,7.9,64,998.3,0
2023-01-03,Cao_Bang,22.6667,106.25,14.8,72,8.7,76,998.0,0
2023-01-04,Cao_Bang,22.6667,106.25,15.7,71,11.6,87,995.8,0
2023-01-05,Cao_Bang,22.6667,106.25,15.6,82,7.7,90,996.9,1
2023-01-06,Cao_Bang,22.6667,106.25,15.6,72,15.8,38,999.3,1
2023-01-07,Cao_Bang,22.6667,106.25,14.4,67,7.7,13,994.3,0
2023-01-08,Cao_Bang,22.6667,106.25,16.0,68,10.0,10,992.6,0
2023-01-09,Cao_Bang,22.6667,106.25,16.3,77,8.2,34,993.0,0
2023-01-10,Cao_Bang,22.6667,106.25,17.8,81,7.4,83,992.1,1
2023-01-11,Cao_Bang,22.6667,106.25,18.1,87,9.5,96,988.9,1
2023-01-12,Cao_Bang,22.6667,106.25,19.3,82,10.4,51,984.8,0
2023-01-13,Cao_Bang,22.6667,106.25,20.6,79,13.0,45,981.5,0
2023-01-14,Cao_Bang,22.6667,106.25,20.3,78,8.3,27,981.1,0
2023-01-15,Cao_Bang,22.6667,106.25,14.0,65,10.9,100,991.0,1
2023-01-16,Cao_Bang,22.6667,106.25,10.4,47,9.4,94,996.2,1
2023-01-17,Cao_Bang,22.6667,106.25,10.1,57,7.4,86,998.0,0
2023-01-18,Cao_Bang,22.6667,106.25,10.3,61,7.3,69,998.7,0
2023-01-19,Cao_Bang,22.6667,106.25,11.7,62,8.6,22,996.4,0
2023-01-20,Cao_Bang,22.6667,106.25,12.3,69,5.4,65,995.2,0
2023-01-21,Cao_Bang,22.6667,106.25,13.6,72,14.0,37,990.7,0
2023-01-22,Cao_Bang,22.6667,106.25,14.4,83,7.9,44,988.6,0
2023-01-23,Cao_Bang,22.6667,106.25,15.0,81,6.6,100,991.1,1
2023-01-24,Cao_Bang,22.6667,106.25,12.6,48,15.3,70,1000.7,0
2023-01-25,Cao_Bang,22.6667,106.25,10.3,55,10.2,13,993.9,0
2023-01-26,Cao_Bang,22.6667,106.25,12.1,81,7.4,80,990.9,1
2023-01-27,Cao_Bang,22.6667,106.25,12.2,58,11.9,60,998.9,1
2023-01-28,Cao_Bang,22.6667,106.25,10.7,51,7.1,3,998.1,0
2023-01-29,Cao_Bang,22.6667,106.25,11.7,51,8.3,6,997.3,0
2023-01-30,Cao_Bang,22.6667,106.25,13.0,54,9.5,0,994.1,0
2023-01-31,Cao_Bang,22.6667,106.25,13.3,63,10.1,0,987.7,0
2023-02-01,Cao_Bang,22.6667,106.25,15.3,81,10.0,47,986.2,1
2023-02-02,Cao_Bang,22.6667,106.25,18.0,88,6.3,95,989.5,1
2023-02-03,Cao_Bang,22.6667,106.25,17.8,92,9.0,93,989.7,1
2023-02-04,Cao_Bang,22.6667,106.25,17.5,93,11.2,100,987.6,1
2023-02-05,Cao_Bang,22.6667,106.25,15.9,93,9.6,99,987.2,1
2023-02-06,Cao_Bang,22.6667,106.25,16.2,92,7.9,100,986.2,1
2023-02-07,Cao_Bang,22.6667,106.25,16.8,95,7.8,99,986.9,1
2023-02-08,Cao_Bang,22.6667,106.25,17.8,92,9.3,100,986.3,1
2023-02-09,Cao_Bang,22.6667,106.25,20.8,91,12.3,78,986.4,1
2023-02-10,Cao_Bang,22.6667,106.25,21.3,89,12.6,83,985.3,1
2023-02-11,Cao_Bang,22.6667,106.25,22.9,85,18.9,67,982.5,1
2023-02-12,Cao_Bang,22.6667,106.25,23.1,82,11.9,47,981.7,1
2023-02-13,Cao_Bang,22.6667,106.25,20.7,79,13.9,91,985.9,1
2023-02-14,Cao_Bang,22.6667,106.25,16.0,61,8.6,98,993.8,1
2023-02-15,Cao_Bang,22.6667,106.25,14.9,59,9.1,95,996.8,0
2023-02-16,Cao_Bang,22.6667,106.25,15.1,69,7.4,87,996.5,1
2023-02-17,Cao_Bang,22.6667,106.25,15.9,80,11.5,91,992.5,0
2023-02-18,Cao_Bang,22.6667,106.25,18.4,79,12.2,98,990.1,0
2023-02-19,Cao_Bang,22.6667,106.25,17.9,80,8.7,81,993.8,1
2023-02-20,Cao_Bang,22.6667,106.25,17.5,75,8.9,56,992.9,0
2023-02-21,Cao_Bang,22.6667,106.25,17.9,83,8.7,95,993.3,1
2023-02-22,Cao_Bang,22.6667,106.25,18.1,84,9.5,99,992.9,1
2023-02-23,Cao_Bang,22.6667,106.25,19.1,76,13.0,97,989.8,0
2023-02-24,Cao_Bang,22.6667,106.25,17.0,72,13.3,100,995.0,1
2023-02-25,Cao_Bang,22.6667,106.25,16.3,55,11.1,19,1000.5,0
2023-02-26,Cao_Bang,22.6667,106.25,14.8,59,9.7,10,1001.8,0
2023-02-27,Cao_Bang,22.6667,106.25,14.8,65,9.1,1,998.3,0
2023-02-28,Cao_Bang,22.6667,106.25,16.5,72,9.0,3,994.4,0
2023-03-01,Cao_Bang,22.6667,106.25,17.5,79,7.4,58,995.0,0
2023-03-02,Cao_Bang,22.6667,106.25,19.9,71,9.0,90,996.5,1
2023-03-03,Cao_Bang,22.6667,106.25,18.9,71,14.1,80,997.0,0
2023-03-04,Cao_Bang,22.6667,106.25,18.3,74,8.1,84,998.0,1
2023-03-05,Cao_Bang,22.6667,106.25,19.0,74,7.6,57,995.1,0
2023-03-06,Cao_Bang,22.6667,106.25,20.8,69,13.7,92,992.4,1
2023-03-07,Cao_Bang,22.6667,106.25,21.2,68,11.9,100,991.3,1
2023-03-08,Cao_Bang,22.6667,106.25,20.8,80,9.5,72,992.0,1
2023-03-09,Cao_Bang,22.6667,106.25,21.3,75,13.8,33,991.5,1
2023-03-10,Cao_Bang,22.6667,106.25,21.4,73,14.0,76,988.0,0
2023-03-11,Cao_Bang,22.6667,106.25,20.8,76,10.2,94,989.9,1
2023-03-12,Cao_Bang,22.6667,106.25,20.0,77,13.8,97,993.9,1
2023-03-13,Cao_Bang,22.6667,106.25,17.4,59,7.2,99,995.4,0
2023-03-14,Cao_Bang,22.6667,106.25,18.0,69,16.0,29,987.1,0
2023-03-15,Cao_Bang,22.6667,106.25,19.6,83,8.8,85,987.9,1
2023-03-16,Cao_Bang,22.6667,106.25,21.2,85,15.9,81,988.7,1
2023-03-17,Cao_Bang,22.6667,106.25,22.0,81,13.0,84,987.7,1
2023-03-18,Cao_Bang,22.6667,106.25,22.6,78,15.6,100,986.5,1
2023-03-19,Cao_Bang,22.6667,106.25,22.4,80,15.2,100,984.8,1
2023-03-20,Cao_Bang,22.6667,106.25,23.5,80,14.1,98,981.5,1
2023-03-21,Cao_Bang,22.6667,106.25,25.3,78,13.4,80,978.9,0
2023-03-22,Cao_Bang,22.6667,106.25,25.4,75,13.2,35,976.9,0
2023-03-23,Cao_Bang,22.6667,106.25,26.0,73,15.0,36,977.1,1
2023-03-24,Cao_Bang,22.6667,106.25,23.0,86,13.6,59,981.5,1
2023-03-25,Cao_Bang,22.6667,106.25,21.6,85,10.8,96,985.4,1
2023-03-26,Cao_Bang,22.6667,106.25,18.8,80,10.7,95,987.0,1
2023-03-27,Cao_Bang,22.6667,106.25,19.0,77,12.9,98,989.2,1
2023-03-28,Cao_Bang,22.6667,106.25,17.6,77,7.9,100,990.4,1
2023-03-29,Cao_Bang,22.6667,106.25,17.9,82,8.0,99,988.6,1
2023-03-30,Cao_Bang,22.6667,106.25,19.6,78,6.6,100,986.2,0
2023-03-31,Cao_Bang,22.6667,106.25,20.6,81,10.4,100,985.1,1
2023-04-01,Cao_Bang,22.6667,106.25,21.9,85,10.8,99,983.4,1
2023-04-02,Cao_Bang,22.6667,106.25,24.2,86,14.1,76,980.5,1
2023-04-03,Cao_Bang,22.6667,106.25,25.2,85,14.1,71,979.1,1
2023-04-04,Cao_Bang,22.6667,106.25,26.5,78,13.0,44,977.6,1
2023-04-05,Cao_Bang,22.6667,106.25,25.7,81,9.1,42,978.8,0
2023-04-06,Cao_Bang,22.6667,106.25,23.3,73,16.1,65,984.8,1
2023-04-07,Cao_Bang,22.6667,106.25,21.7,65,6.8,95,989.3,0
2023-04-08,Cao_Bang,22.6667,106.25,19.2,78,8.4,100,993.3,1
2023-04-09,Cao_Bang,22.6667,106.25,18.6,82,10.0,100,990.3,0
2023-04-10,Cao_Bang,22.6667,106.25,20.4,85,10.6,100,985.5,1
2023-04-11,Cao_Bang,22.6667,106.25,23.9,83,13.0,77,983.1,1
2023-04-12,Cao_Bang,22.6667,106.25,24.7,87,13.3,88,983.7,1
2023-04-13,Cao_Bang,22.6667,106.25,24.9,89,18.4,94,982.6,1
2023-04-14,Cao_Bang,22.6667,106.25,25.7,87,9.2,75,982.5,1
2023-04-15,Cao_Bang,22.6667,106.25,25.1,79,10.0,71,985.8,1
2023-04-16,Cao_Bang,22.6667,106.25,24.6,75,10.8,58,982.8,0
2023-04-17,Cao_Bang,22.6667,106.25,24.4,84,11.9,79,980.9,1
2023-04-18,Cao_Bang,22.6667,106.25,27.5,81,13.9,55,978.9,1
2023-04-19,Cao_Bang,22.6667,106.25,27.5,83,7.5,53,976.9,1
2023-04-20,Cao_Bang,22.6667,106.25,27.7,78,10.2,47,975.7,1
2023-04-21,Cao_Bang,22.6667,106.25,28.4,77,12.4,49,975.9,1
2023-04-22,Cao_Bang,22.6667,106.25,28.1,77,12.7,36,977.9,1
2023-04-23,Cao_Bang,22.6667,106.25,27.9,77,14.2,57,981.3,1
2023-04-24,Cao_Bang,22.6667,106.25,24.1,82,15.5,91,985.9,1
2023-04-25,Cao_Bang,22.6667,106.25,21.2,70,9.5,86,989.6,1
2023-04-26,Cao_Bang,22.6667,106.25,22.0,67,10.4,61,987.9,0
2023-04-27,Cao_Bang,22.6667,106.25,23.2,74,16.7,83,984.7,0
2023-04-28,Cao_Bang,22.6667,106.25,25.7,83,14.5,84,983.7,1
2023-04-29,Cao_Bang,22.6667,106.25,23.6,75,15.4,93,986.8,1
2023-04-30,Cao_Bang,22.6667,106.25,21.5,76,10.9,72,987.3,0
2023-05-01,Cao_Bang,22.6667,106.25,23.6,70,14.4,69,985.3,0
2023-05-02,Cao_Bang,22.6667,106.25,24.3,78,14.6,69,984.8,1
2023-05-03,Cao_Bang,22.6667,106.25,26.4,80,18.7,70,982.8,1
2023-05-04,Cao_Bang,22.6667,106.25,27.9,78,17.1,54,978.0,1
2023-05-05,Cao_Bang,22.6667,106.25,29.0,75,12.4,24,973.7,0
2023-05-06,Cao_Bang,22.6667,106.25,30.8,69,12.0,8,972.8,0
2023-05-07,Cao_Bang,22.6667,106.25,28.1,71,15.0,82,978.3,1
2023-05-08,Cao_Bang,22.6667,106.25,23.5,74,11.0,100,984.6,1
2023-05-09,Cao_Bang,22.6667,106.25,22.1,85,5.1,100,985.3,1
2023-05-10,Cao_Bang,22.6667,106.25,25.4,86,14.8,85,984.0,1
2023-05-11,Cao_Bang,22.6667,106.25,24.7,79,13.7,98,987.3,1
2023-05-12,Cao_Bang,22.6667,106.25,24.8,64,14.4,78,989.1,0
2023-05-13,Cao_Bang,22.6667,106.25,22.3,83,6.5,100,988.6,1
2023-05-14,Cao_Bang,22.6667,106.25,22.0,86,7.3,100,986.3,1
2023-05-15,Cao_Bang,22.6667,106.25,24.6,79,13.7,100,983.0,0
2023-05-16,Cao_Bang,22.6667,106.25,27.1,76,14.3,56,978.9,1
2023-05-17,Cao_Bang,22.6667,106.25,28.9,72,10.2,31,977.4,0
2023-05-18,Cao_Bang,22.6667,106.25,28.8,74,15.0,15,978.9,1
2023-05-19,Cao_Bang,22.6667,106.25,27.9,80,10.2,49,979.4,1
2023-05-20,Cao_Bang,22.6667,106.25,28.5,79,13.8,39,978.9,1
2023-05-21,Cao_Bang,22.6667,106.25,30.1,70,13.3,26,978.8,1
2023-05-22,Cao_Bang,22.6667,106.25,30.9,68,18.6,26,979.3,1
2023-05-23,Cao_Bang,22.6667,106.25,25.7,78,9.5,97,982.3,1
2023-05-24,Cao_Bang,22.6667,106.25,25.6,82,11.3,100,982.2,1
2023-05-25,Cao_Bang,22.6667,106.25,26.7,85,14.2,80,981.9,1
2023-05-26,Cao_Bang,22.6667,106.25,27.2,82,14.8,88,982.5,1
2023-05-27,Cao_Bang,22.6667,106.25,27.8,77,14.5,60,981.4,1
2023-05-28,Cao_Bang,22.6667,106.25,28.5,75,12.6,24,982.1,1
2023-05-29,Cao_Bang,22.6667,106.25,29.1,72,9.7,31,982.3,1
2023-05-30,Cao_Bang,22.6667,106.25,30.0,70,7.4,14,980.6,0
2023-05-31,Cao_Bang,22.6667,106.25,31.2,63,9.1,16,977.7,0
2023-06-01,Cao_Bang,22.6667,106.25,31.7,62,9.2,47,975.8,1
2023-06-02,Cao_Bang,22.6667,106.25,31.0,69,13.8,78,977.1,1
2023-06-03,Cao_Bang,22.6667,106.25,30.4,73,21.7,62,979.6,1
2023-06-04,Cao_Bang,22.6667,106.25,27.5,87,14.3,94,980.3,1
2023-06-05,Cao_Bang,22.6667,106.25,27.5,85,9.2,93,980.6,1
2023-06-06,Cao_Bang,22.6667,106.25,26.9,85,8.4,75,981.3,1
2023-06-07,Cao_Bang,22.6667,106.25,27.8,82,7.2,75,980.4,1
2023-06-08,Cao_Bang,22.6667,106.25,26.3,91,10.0,94,979.7,1
2023-06-09,Cao_Bang,22.6667,106.25,28.0,71,11.9,88,977.9,0
2023-06-10,Cao_Bang,22.6667,106.25,29.2,65,9.5,92,976.6,0
2023-06-11,Cao_Bang,22.6667,106.25,29.0,62,10.5,100,976.5,0
2023-06-12,Cao_Bang,22.6667,106.25,29.9,66,12.3,92,976.5,0
2023-06-13,Cao_Bang,22.6667,106.25,27.0,88,6.0,98,977.4,1
2023-06-14,Cao_Bang,22.6667,106.25,27.4,81,9.2,75,979.2,1
2023-06-15,Cao_Bang,22.6667,106.25,27.1,85,11.2,100,978.8,1
2023-06-16,Cao_Bang,22.6667,106.25,27.0,86,12.2,100,977.4,1
2023-06-17,Cao_Bang,22.6667,106.25,28.0,84,12.1,99,978.0,1
2023-06-18,Cao_Bang,22.6667,106.25,27.1,87,13.9,97,978.7,1
2023-06-19,Cao_Bang,22.6667,106.25,27.0,88,12.6,97,978.4,1
2023-06-20,Cao_Bang,22.6667,106.25,27.0,88,9.1,100,978.4,1
2023-06-21,Cao_Bang,22.6667,106.25,27.8,85,10.5,98,978.9,1
2023-06-22,Cao_Bang,22.6667,106.25,26.0,93,6.3,100,979.5,1
2023-06-23,Cao_Bang,22.6667,106.25,25.7,93,11.4,95,979.3,1
2023-06-24,Cao_Bang,22.6667,106.25,24.3,97,7.0,100,979.2,1
2023-06-25,Cao_Bang,22.6667,106.25,24.9,93,7.0,92,980.2,1
2023-06-26,Cao_Bang,22.6667,106.25,25.8,88,14.6,83,980.9,1
2023-06-27,Cao_Bang,22.6667,106.25,25.8,88,11.8,80,982.0,1
2023-06-28,Cao_Bang,22.6667,106.25,27.6,81,15.9,40,981.9,1
2023-06-29,Cao_Bang,22.6667,106.25,28.8,78,14.8,92,979.0,1
2023-06-30,Cao_Bang,22.6667,106.25,29.3,80,11.9,96,977.0,1
2023-07-01,Cao_Bang,22.6667,106.25,29.6,81,12.7,96,977.2,1
2023-07-02,Cao_Bang,22.6667,106.25,29.0,84,11.8,99,978.1,1
2023-07-03,Cao_Bang,22.6667,106.25,28.4,84,13.0,94,978.6,1
2023-07-04,Cao_Bang,22.6667,106.25,27.5,87,11.2,96,979.5,1
2023-07-05,Cao_Bang,22.6667,106.25,27.6,84,10.4,98,979.4,1
2023-07-06,Cao_Bang,22.6667,106.25,29.4,76,14.7,47,978.9,1
2023-07-07,Cao_Bang,22.6667,106.25,29.9,76,14.4,70,979.1,1
2023-07-08,Cao_Bang,22.6667,106.25,29.1,81,14.1,92,980.7,1
2023-07-09,Cao_Bang,22.6667,106.25,28.2,83,12.2,92,981.4,1
2023-07-10,Cao_Bang,22.6667,106.25,28.7,77,13.7,59,980.3,1
2023-07-11,Cao_Bang,22.6667,106.25,29.0,78,16.2,37,979.3,1
2023-07-12,Cao_Bang,22.6667,106.25,28.9,81,12.2,44,978.9,1
2023-07-13,Cao_Bang,22.6667,106.25,29.4,76,10.9,33,978.0,1
2023-07-14,Cao_Bang,22.6667,106.25,28.7,81,11.2,82,978.5,1
2023-07-15,Cao_Bang,22.6667,106.25,28.6,78,10.0,89,978.1,1
2023-07-16,Cao_Bang,22.6667,106.25,28.8,74,18.4,88,976.1,1
2023-07-17,Cao_Bang,22.6667,106.25,29.4,65,17.1,78,974.4,1
2023-07-18,Cao_Bang,22.6667,106.25,23.9,90,18.4,100,973.1,1
2023-07-19,Cao_Bang,22.6667,106.25,25.6,87,14.8,95,978.2,1
2023-07-20,Cao_Bang,22.6667,106.25,26.0,92,9.5,100,981.5,1
2023-07-21,Cao_Bang,22.6667,106.25,27.1,86,12.0,88,983.3,1
2023-07-22,Cao_Bang,22.6667,106.25,28.5,79,10.8,63,983.6,0
2023-07-23,Cao_Bang,22.6667,106.25,29.1,77,10.5,54,982.3,0
2023-07-24,Cao_Bang,22.6667,106.25,29.1,76,9.0,35,980.7,0
2023-07-25,Cao_Bang,22.6667,106.25,29.0,75,9.2,89,980.2,0
2023-07-26,Cao_Bang,22.6667,106.25,29.3,76,9.9,91,978.5,0
2023-07-27,Cao_Bang,22.6667,106.25,29.4,77,4.7,98,975.9,0
2023-07-28,Cao_Bang,22.6667,106.25,30.3,72,6.4,80,973.8,1
2023-07-29,Cao_Bang,22.6667,106.25,28.5,85,11.6,78,975.6,1
2023-07-30,Cao_Bang,22.6667,106.25,28.2,85,10.9,82,976.8,1
2023-07-31,Cao_Bang,22.6667,106.25,26.9,88,11.3,96,978.4,1
2023-08-01,Cao_Bang,22.6667,106.25,26.6,90,11.5,97,978.2,1
2023-08-02,Cao_Bang,22.6667,106.25,26.6,90,10.0,99,977.4,1
2023-08-03,Cao_Bang,22.6667,106.25,26.4,91,11.0,96,976.8,1
2023-08-04,Cao_Bang,22.6667,106.25,26.1,94,8.4,94,977.3,1
2023-08-05,Cao_Bang,22.6667,106.25,25.6,94,7.1,97,976.3,1
2023-08-06,Cao_Bang,22.6667,106.25,25.6,95,4.7,100,973.8,1
2023-08-07,Cao_Bang,22.6667,106.25,25.4,95,6.7,99,973.7,1
2023-08-08,Cao_Bang,22.6667,106.25,26.4,90,8.6,84,975.6,1
2023-08-09,Cao_Bang,22.6667,106.25,27.1,90,8.9,96,978.0,1
2023-08-10,Cao_Bang,22.6667,106.25,26.8,91,6.9,75,979.0,1
2023-08-11,Cao_Bang,22.6667,106.25,26.2,92,6.8,65,977.3,1
2023-08-12,Cao_Bang,22.6667,106.25,26.7,89,9.2,54,976.7,1
2023-08-13,Cao_Bang,22.6667,106.25,27.8,86,11.0,100,976.9,1
2023-08-14,Cao_Bang,22.6667,106.25,26.8,89,12.6,81,978.1,1
2023-08-15,Cao_Bang,22.6667,106.25,25.9,92,9.0,84,979.5,1
2023-08-16,Cao_Bang,22.6667,106.25,27.3,88,7.9,48,980.2,1
2023-08-17,Cao_Bang,22.6667,106.25,28.3,87,5.6,73,979.8,1
2023-08-18,Cao_Bang,22.6667,106.25,27.4,90,11.3,100,978.7,1
2023-08-19,Cao_Bang,22.6667,106.25,27.0,92,8.2,99,979.9,1
2023-08-20,Cao_Bang,22.6667,106.25,26.6,89,10.9,98,980.5,1
2023-08-21,Cao_Bang,22.6667,106.25,27.0,88,8.4,100,980.9,1
2023-08-22,Cao_Bang,22.6667,106.25,27.2,88,10.3,98,979.6,1
2023-08-23,Cao_Bang,22.6667,106.25,26.0,95,7.2,100,978.5,1
2023-08-24,Cao_Bang,22.6667,106.25,25.3,93,8.9,93,980.0,1
2023-08-25,Cao_Bang,22.6667,106.25,25.8,91,8.6,87,980.0,1
2023-08-26,Cao_Bang,22.6667,106.25,27.7,86,11.8,91,977.1,1
2023-08-27,Cao_Bang,22.6667,106.25,27.9,88,7.3,97,975.6,1
2023-08-28,Cao_Bang,22.6667,106.25,27.5,81,10.3,99,977.8,1
2023-08-29,Cao_Bang,22.6667,106.25,26.1,76,13.5,64,980.2,1
2023-08-30,Cao_Bang,22.6667,106.25,25.7,72,12.6,32,982.4,0
2023-08-31,Cao_Bang,22.6667,106.25,25.5,72,12.9,25,981.9,0
2023-09-01,Cao_Bang,22.6667,106.25,26.4,80,11.2,51,980.8,1
2023-09-02,Cao_Bang,22.6667,106.25,28.2,65,11.8,52,979.0,0
2023-09-03,Cao_Bang,22.6667,106.25,24.7,83,13.4,100,978.7,1
2023-09-04,Cao_Bang,22.6667,106.25,24.4,91,8.0,75,980.6,1
2023-09-05,Cao_Bang,22.6667,106.25,26.8,81,6.1,38,981.3,1
2023-09-06,Cao_Bang,22.6667,106.25,27.7,80,5.5,58,982.3,1
2023-09-07,Cao_Bang,22.6667,106.25,27.7,83,5.8,39,982.2,1
2023-09-08,Cao_Bang,22.6667,106.25,26.2,90,9.7,77,981.9,1
2023-09-09,Cao_Bang,22.6667,106.25,26.3,90,9.2,88,980.5,1
2023-09-10,Cao_Bang,22.6667,106.25,27.3,86,5.8,69,979.1,1
2023-09-11,Cao_Bang,22.6667,106.25,26.0,93,8.3,84,978.2,1
2023-09-12,Cao_Bang,22.6667,106.25,25.4,95,6.8,99,979.1,1
2023-09-13,Cao_Bang,22.6667,106.25,23.8,96,12.1,100,980.5,1
2023-09-14,Cao_Bang,22.6667,106.25,23.1,96,7.2,100,982.8,1
2023-09-15,Cao_Bang,22.6667,106.25,24.9,84,10.2,84,983.7,1
2023-09-16,Cao_Bang,22.6667,106.25,25.8,87,7.1,80,984.3,1
2023-09-17,Cao_Bang,22.6667,106.25,26.2,90,11.0,75,983.7,1
2023-09-18,Cao_Bang,22.6667,106.25,26.1,89,10.5,69,983.9,1
2023-09-19,Cao_Bang,22.6667,106.25,26.8,85,10.7,44,984.2,1
2023-09-20,Cao_Bang,22.6667,106.25,27.3,85,9.0,54,984.0,1
2023-09-21,Cao_Bang,22.6667,106.25,27.4,83,12.8,37,984.4,1
2023-09-22,Cao_Bang,22.6667,106.25,27.4,83,10.5,51,984.1,1
2023-09-23,Cao_Bang,22.6667,106.25,27.3,81,11.5,19,984.1,1
2023-09-24,Cao_Bang,22.6667,106.25,27.0,79,9.8,14,983.6,1
2023-09-25,Cao_Bang,22.6667,106.25,26.5,87,14.2,50,984.1,1
2023-09-26,Cao_Bang,22.6667,106.25,25.1,92,10.6,88,984.6,1
2023-09-27,Cao_Bang,22.6667,106.25,24.6,96,7.0,99,984.9,1
2023-09-28,Cao_Bang,22.6667,106.25,24.9,93,7.9,98,986.4,1
2023-09-29,Cao_Bang,22.6667,106.25,25.9,88,9.5,67,986.9,1
2023-09-30,Cao_Bang,22.6667,106.25,26.4,86,5.7,29,985.4,1
2023-10-01,Cao_Bang,22.6667,106.25,27.0,81,8.4,23,983.9,0
2023-10-02,Cao_Bang,22.6667,106.25,26.6,80,8.1,25,984.7,0
2023-10-03,Cao_Bang,22.6667,106.25,26.4,80,6.6,19,984.8,0
2023-10-04,Cao_Bang,22.6667,106.25,26.6,80,8.1,35,984.3,0
2023-10-05,Cao_Bang,22.6667,106.25,26.8,84,8.6,18,983.5,1
2023-10-06,Cao_Bang,22.6667,106.25,25.7,88,8.0,72,984.3,1
2023-10-07,Cao_Bang,22.6667,106.25,23.1,95,6.3,99,987.2,1
2023-10-08,Cao_Bang,22.6667,106.25,23.8,70,10.9,70,988.9,0
2023-10-09,Cao_Bang,22.6667,106.25,23.6,72,11.1,80,990.4,0
2023-10-10,Cao_Bang,22.6667,106.25,23.7,70,12.1,95,991.7,1
2023-10-11,Cao_Bang,22.6667,106.25,23.0,72,7.9,87,991.9,0
2023-10-12,Cao_Bang,22.6667,106.25,23.3,79,4.8,75,992.3,0
2023-10-13,Cao_Bang,22.6667,106.25,22.8,83,6.9,55,990.8,0
2023-10-14,Cao_Bang,22.6667,106.25,22.0,82,6.4,78,989.3,1
2023-10-15,Cao_Bang,22.6667,106.25,22.5,76,7.2,35,988.4,0
2023-10-16,Cao_Bang,22.6667,106.25,22.5,79,4.8,61,989.1,0
2023-10-17,Cao_Bang,22.6667,106.25,23.2,77,6.7,23,988.7,0
2023-10-18,Cao_Bang,22.6667,106.25,24.5,74,5.5,85,987.8,0
2023-10-19,Cao_Bang,22.6667,106.25,24.9,82,9.0,89,986.7,1
2023-10-20,Cao_Bang,22.6667,106.25,23.7,61,17.7,86,991.2,1
2023-10-21,Cao_Bang,22.6667,106.25,21.8,61,8.3,61,993.4,0
2023-10-22,Cao_Bang,22.6667,106.25,22.4,71,7.6,82,992.8,0
2023-10-23,Cao_Bang,22.6667,106.25,22.9,78,6.6,71,991.2,0
2023-10-24,Cao_Bang,22.6667,106.25,23.8,80,6.2,38,990.1,1
2023-10-25,Cao_Bang,22.6667,106.25,25.3,76,8.3,40,989.1,1
2023-10-26,Cao_Bang,22.6667,106.25,25.0,82,5.8,39,988.0,1
2023-10-27,Cao_Bang,22.6667,106.25,25.0,81,12.0,47,987.8,1
2023-10-28,Cao_Bang,22.6667,106.25,23.4,83,5.2,100,989.1,1
2023-10-29,Cao_Bang,22.6667,106.25,22.1,94,4.6,81,990.5,1
2023-10-30,Cao_Bang,22.6667,106.25,22.1,82,6.9,94,992.1,0
2023-10-31,Cao_Bang,22.6667,106.25,22.2,77,5.4,81,992.8,0
2023-11-01,Cao_Bang,22.6667,106.25,22.2,77,5.1,27,991.5,0
2023-11-02,Cao_Bang,22.6667,106.25,21.8,79,10.2,27,988.0,0
2023-11-03,Cao_Bang,22.6667,106.25,23.5,81,10.1,54,985.5,0
2023-11-04,Cao_Bang,22.6667,106.25,24.6,86,10.5,74,985.9,1
2023-11-05,Cao_Bang,22.6667,106.25,26.1,80,12.0,87,986.3,1
2023-11-06,Cao_Bang,22.6667,106.25,23.5,83,13.5,97,990.4,1
2023-11-07,Cao_Bang,22.6667,106.25,21.4,85,7.3,74,990.4,1
2023-11-08,Cao_Bang,22.6667,106.25,23.1,83,9.6,71,987.5,0
2023-11-09,Cao_Bang,22.6667,106.25,24.6,84,9.2,53,986.7,1
2023-11-10,Cao_Bang,22.6667,106.25,25.0,86,9.5,40,988.2,1
2023-11-11,Cao_Bang,22.6667,106.25,25.4,83,12.0,41,989.4,1
2023-11-12,Cao_Bang,22.6667,106.25,22.3,81,14.4,89,993.6,1
2023-11-13,Cao_Bang,22.6667,106.25,15.9,77,5.8,100,998.7,1
2023-11-14,Cao_Bang,22.6667,106.25,16.1,76,5.7,84,996.9,1
2023-11-15,Cao_Bang,22.6667,106.25,17.4,80,6.2,100,995.3,1
2023-11-16,Cao_Bang,22.6667,106.25,17.0,68,20.3,59,1002.2,1
2023-11-17,Cao_Bang,22.6667,106.25,15.6,69,7.4,22,999.8,0
2023-11-18,Cao_Bang,22.6667,106.25,16.0,73,4.5,23,996.9,0
2023-11-19,Cao_Bang,22.6667,106.25,17.3,70,4.7,63,994.5,0
2023-11-20,Cao_Bang,22.6667,106.25,18.0,67,7.6,11,992.4,0
2023-11-21,Cao_Bang,22.6667,106.25,17.8,70,10.3,0,989.5,0
2023-11-22,Cao_Bang,22.6667,106.25,18.0,83,5.8,29,989.2,0
2023-11-23,Cao_Bang,22.6667,106.25,20.2,83,7.9,37,990.7,1
2023-11-24,Cao_Bang,22.6667,106.25,20.6,81,6.3,36,992.5,1
2023-11-25,Cao_Bang,22.6667,106.25,20.5,78,8.3,50,992.4,1
2023-11-26,Cao_Bang,22.6667,106.25,20.2,80,5.4,66,994.0,1
2023-11-27,Cao_Bang,22.6667,106.25,20.6,79,7.2,46,993.1,1
2023-11-28,Cao_Bang,22.6667,106.25,18.9,76,7.6,20,992.1,0
2023-11-29,Cao_Bang,22.6667,106.25,18.8,79,8.8,63,990.5,0
2023-11-30,Cao_Bang,22.6667,106.25,20.5,80,6.1,88,993.9,0
2023-12-01,Cao_Bang,22.6667,106.25,17.1,83,6.5,100,996.1,1
2023-12-02,Cao_Bang,22.6667,106.25,16.1,83,5.1,100,995.3,1
2023-12-03,Cao_Bang,22.6667,106.25,16.7,79,4.9,100,994.4,1
2023-12-04,Cao_Bang,22.6667,106.25,17.1,83,8.4,100,992.3,1
2023-12-05,Cao_Bang,22.6667,106.25,18.4,81,10.7,99,988.8,1
2023-12-06,Cao_Bang,22.6667,106.25,18.8,77,13.5,76,993.5,1
2023-12-07,Cao_Bang,22.6667,106.25,17.1,72,7.6,47,992.2,0
2023-12-08,Cao_Bang,22.6667,106.25,18.6,74,13.0,42,987.3,0
2023-12-09,Cao_Bang,22.6667,106.25,20.9,79,16.9,49,985.2,0
2023-12-10,Cao_Bang,22.6667,106.25,22.6,91,12.2,97,984.3,1
2023-12-11,Cao_Bang,22.6667,106.25,24.1,86,13.3,63,986.5,1
2023-12-12,Cao_Bang,22.6667,106.25,22.2,84,11.9,85,989.5,1
2023-12-13,Cao_Bang,22.6667,106.25,21.2,80,16.6,85,990.3,1
2023-12-14,Cao_Bang,22.6667,106.25,22.6,83,15.2,80,989.4,1
2023-12-15,Cao_Bang,22.6667,106.25,23.6,81,12.2,81,987.8,0
2023-12-16,Cao_Bang,22.6667,106.25,15.5,62,15.5,92,996.3,1
2023-12-17,Cao_Bang,22.6667,106.25,11.0,62,7.9,73,998.4,1
2023-12-18,Cao_Bang,22.6667,106.25,10.8,75,8.9,94,995.8,1
2023-12-19,Cao_Bang,22.6667,106.25,12.0,77,6.2,99,997.3,1
2023-12-20,Cao_Bang,22.6667,106.25,12.5,62,9.5,73,999.0,0
2023-12-21,Cao_Bang,22.6667,106.25,10.1,63,13.7,50,1001.4,0
2023-12-22,Cao_Bang,22.6667,106.25,9.1,59,8.8,70,1004.2,0
2023-12-23,Cao_Bang,22.6667,106.25,10.0,68,6.5,44,1003.2,0
2023-12-24,Cao_Bang,22.6667,106.25,10.7,68,10.0,43,1003.3,0
2023-12-25,Cao_Bang,22.6667,106.25,10.9,65,7.5,4,999.3,0
2023-12-26,Cao_Bang,22.6667,106.25,13.2,58,5.4,0,997.4,0
2023-12-27,Cao_Bang,22.6667,106.25,15.1,67,8.3,4,996.5,0
2023-12-28,Cao_Bang,22.6667,106.25,15.6,78,7.7,16,994.2,0
2023-12-29,Cao_Bang,22.6667,106.25,17.0,83,9.6,43,992.7,0
2023-12-30,Cao_Bang,22.6667,106.25,18.1,83,6.1,28,991.6,0
2023-12-31,Cao_Bang,22.6667,106.25,19.0,86,7.5,47,990.9,0
2024-01-01,Cao_Bang,22.6667,106.25,18.6,89,10.6,54,990.4,1
2024-01-02,Cao_Bang,22.6667,106.25,19.9,84,5.2,60,990.1,1
2024-01-03,Cao_Bang,22.6667,106.25,16.8,71,7.9,62,994.8,1
2024-01-04,Cao_Bang,22.6667,106.25,15.9,73,14.2,64,992.2,0
2024-01-05,Cao_Bang,22.6667,106.25,18.0,80,13.6,62,990.7,1
2024-01-06,Cao_Bang,22.6667,106.25,19.0,87,9.7,69,992.3,1
2024-01-07,Cao_Bang,22.6667,106.25,19.7,79,15.9,69,991.7,1
2024-01-08,Cao_Bang,22.6667,106.25,20.4,81,9.4,73,989.8,1
2024-01-09,Cao_Bang,22.6667,106.25,19.8,89,9.5,84,989.6,1
2024-01-10,Cao_Bang,22.6667,106.25,17.3,95,5.2,100,991.7,1
2024-01-11,Cao_Bang,22.6667,106.25,16.4,96,3.7,100,991.7,1
2024-01-12,Cao_Bang,22.6667,106.25,17.3,91,7.8,100,991.1,1
2024-01-13,Cao_Bang,22.6667,106.25,17.3,92,6.1,98,991.9,1
2024-01-14,Cao_Bang,22.6667,106.25,18.1,90,6.6,87,993.0,1
2024-01-15,Cao_Bang,22.6667,106.25,19.1,85,11.4,51,992.9,1
2024-01-16,Cao_Bang,22.6667,106.25,18.4,86,11.3,86,992.0,1
2024-01-17,Cao_Bang,22.6667,106.25,19.3,88,11.0,80,990.6,1
2024-01-18,Cao_Bang,22.6667,106.25,20.1,87,13.8,76,988.4,1
2024-01-19,Cao_Bang,22.6667,106.25,21.2,83,16.9,79,987.1,1
2024-01-20,Cao_Bang,22.6667,106.25,18.9,77,11.6,97,990.3,1
2024-01-21,Cao_Bang,22.6667,106.25,13.3,91,8.1,100,993.5,1
2024-01-22,Cao_Bang,22.6667,106.25,9.7,79,10.4,99,999.2,1
2024-01-23,Cao_Bang,22.6667,106.25,7.9,60,9.4,73,1002.5,1
2024-01-24,Cao_Bang,22.6667,106.25,7.8,60,10.1,100,1002.4,1
2024-01-25,Cao_Bang,22.6667,106.25,8.5,64,9.5,97,1002.1,0
2024-01-26,Cao_Bang,22.6667,106.25,9.7,67,7.2,98,1000.8,1
2024-01-27,Cao_Bang,22.6667,106.25,10.2,72,9.1,100,999.7,1
2024-01-28,Cao_Bang,22.6667,106.25,11.4,75,7.5,100,999.2,1
2024-01-29,Cao_Bang,22.6667,106.25,11.7,84,9.7,100,995.5,1
2024-01-30,Cao_Bang,22.6667,106.25,15.2,83,14.1,89,991.7,0
2024-01-31,Cao_Bang,22.6667,106.25,17.9,86,12.1,91,989.6,0
2024-02-01,Cao_Bang,22.6667,106.25,19.8,87,11.3,70,988.9,1
2024-02-02,Cao_Bang,22.6667,106.25,21.0,85,13.4,62,987.5,1
2024-02-03,Cao_Bang,22.6667,106.25,21.6,88,13.7,80,987.6,1
2024-02-04,Cao_Bang,22.6667,106.25,20.4,87,15.8,78,987.7,1
2024-02-05,Cao_Bang,22.6667,106.25,16.7,86,11.8,100,989.8,1
2024-02-06,Cao_Bang,22.6667,106.25,15.2,88,11.0,100,990.9,1
2024-02-07,Cao_Bang,22.6667,106.25,12.7,88,8.4,100,991.0,1
2024-02-08,Cao_Bang,22.6667,106.25,11.8,75,11.5,100,992.9,1
2024-02-09,Cao_Bang,22.6667,106.25,13.6,64,8.9,98,998.0,0
2024-02-10,Cao_Bang,22.6667,106.25,15.2,67,10.2,83,1000.2,0
2024-02-11,Cao_Bang,22.6667,106.25,14.0,73,8.6,8,999.7,0
2024-02-12,Cao_Bang,22.6667,106.25,15.1,71,13.3,12,995.5,0
2024-02-13,Cao_Bang,22.6667,106.25,17.8,83,15.0,80,992.6,1
2024-02-14,Cao_Bang,22.6667,106.25,20.0,86,15.5,100,990.3,1
2024-02-15,Cao_Bang,22.6667,106.25,20.7,80,12.6,99,992.5,1
2024-02-16,Cao_Bang,22.6667,106.25,18.9,69,8.5,100,992.8,1
2024-02-17,Cao_Bang,22.6667,106.25,19.7,83,16.2,95,986.6,1
2024-02-18,Cao_Bang,22.6667,106.25,21.9,82,16.0,61,984.2,1
2024-02-19,Cao_Bang,22.6667,106.25,24.0,80,15.0,54,983.9,1
2024-02-20,Cao_Bang,22.6667,106.25,24.5,80,19.1,73,982.2,1
2024-02-21,Cao_Bang,22.6667,106.25,24.9,83,13.8,76,982.8,1
2024-02-22,Cao_Bang,22.6667,106.25,21.9,84,21.3,88,987.2,1
2024-02-23,Cao_Bang,22.6667,106.25,14.4,86,12.3,100,992.6,1
2024-02-24,Cao_Bang,22.6667,106.25,11.7,88,8.6,100,995.1,1
2024-02-25,Cao_Bang,22.6667,106.25,11.3,85,9.7,100,994.8,1
2024-02-26,Cao_Bang,22.6667,106.25,11.8,78,10.1,100,994.7,1
2024-02-27,Cao_Bang,22.6667,106.25,11.9,79,10.4,100,994.6,1
2024-02-28,Cao_Bang,22.6667,106.25,12.2,80,10.0,100,990.7,1
2024-02-29,Cao_Bang,22.6667,106.25,13.8,76,7.9,100,992.8,1
2024-03-01,Cao_Bang,22.6667,106.25,14.0,62,9.2,99,995.5,0
2024-03-02,Cao_Bang,22.6667,106.25,13.3,64,11.9,75,994.7,0
2024-03-03,Cao_Bang,22.6667,106.25,14.5,77,19.9,52,986.8,0
2024-03-04,Cao_Bang,22.6667,106.25,19.3,82,16.5,46,979.6,0
2024-03-05,Cao_Bang,22.6667,106.25,21.2,83,9.7,36,978.1,0
2024-03-06,Cao_Bang,22.6667,106.25,19.8,72,8.7,42,984.8,0
2024-03-07,Cao_Bang,22.6667,106.25,17.8,73,9.1,76,989.6,0
2024-03-08,Cao_Bang,22.6667,106.25,17.1,68,6.2,100,991.2,0
2024-03-09,Cao_Bang,22.6667,106.25,15.9,81,5.1,100,990.8,1
2024-03-10,Cao_Bang,22.6667,106.25,15.8,88,7.3,100,992.4,1
2024-03-11,Cao_Bang,22.6667,106.25,18.7,78,10.4,40,993.5,1
2024-03-12,Cao_Bang,22.6667,106.25,19.2,75,13.4,24,990.1,0
2024-03-13,Cao_Bang,22.6667,106.25,20.2,82,14.6,92,987.7,1
2024-03-14,Cao_Bang,22.6667,106.25,19.0,88,10.0,100,988.3,1
2024-03-15,Cao_Bang,22.6667,106.25,20.7,87,13.3,99,986.8,1
2024-03-16,Cao_Bang,22.6667,106.25,23.6,85,17.0,77,987.5,1
2024-03-17,Cao_Bang,22.6667,106.25,24.7,81,17.8,79,986.9,0
2024-03-18,Cao_Bang,22.6667,106.25,24.3,83,12.9,93,987.1,1
2024-03-19,Cao_Bang,22.6667,106.25,20.1,67,9.9,96,994.5,1
2024-03-20,Cao_Bang,22.6667,106.25,19.2,64,9.0,93,995.6,0
2024-03-21,Cao_Bang,22.6667,106.25,18.9,73,18.0,43,987.8,0
2024-03-22,Cao_Bang,22.6667,106.25,21.6,82,17.7,94,981.8,1
2024-03-23,Cao_Bang,22.6667,106.25,23.9,86,17.7,71,980.9,1
2024-03-24,Cao_Bang,22.6667,106.25,24.6,85,16.9,65,983.7,1
2024-03-25,Cao_Bang,22.6667,106.25,25.7,80,11.4,50,985.7,1
2024-03-26,Cao_Bang,22.6667,106.25,24.7,85,13.0,84,989.3,1
2024-03-27,Cao_Bang,22.6667,106.25,23.9,85,13.0,100,988.3,1
2024-03-28,Cao_Bang,22.6667,106.25,23.9,80,11.0,83,987.2,1
2024-03-29,Cao_Bang,22.6667,106.25,21.6,85,13.1,63,987.1,1
2024-03-30,Cao_Bang,22.6667,106.25,24.5,80,16.3,67,984.0,0
2024-03-31,Cao_Bang,22.6667,106.25,26.7,80,10.5,68,981.4,0
2024-04-01,Cao_Bang,22.6667,106.25,27.5,79,13.7,35,977.6,0
2024-04-02,Cao_Bang,22.6667,106.25,27.6,75,13.0,10,976.3,0
2024-04-03,Cao_Bang,22.6667,106.25,27.7,77,12.6,9,977.7,0
2024-04-04,Cao_Bang,22.6667,106.25,27.7,76,15.6,55,979.6,1
2024-04-05,Cao_Bang,22.6667,106.25,22.8,84,11.3,99,983.4,1
2024-04-06,Cao_Bang,22.6667,106.25,21.9,82,9.8,100,984.4,1
2024-04-07,Cao_Bang,22.6667,106.25,21.5,84,9.7,100,983.6,1
2024-04-08,Cao_Bang,22.6667,106.25,22.9,79,9.4,89,987.0,1
2024-04-09,Cao_Bang,22.6667,106.25,22.9,77,11.0,100,989.0,1
2024-04-10,Cao_Bang,22.6667,106.25,23.3,79,14.5,99,987.9,1
2024-04-11,Cao_Bang,22.6667,106.25,24.9,84,15.5,95,987.1,1
2024-04-12,Cao_Bang,22.6667,106.25,26.1,82,15.9,98,984.9,1
2024-04-13,Cao_Bang,22.6667,106.25,26.6,80,16.6,78,982.1,1
2024-04-14,Cao_Bang,22.6667,106.25,27.4,77,14.0,59,982.3,0
2024-04-15,Cao_Bang,22.6667,106.25,27.1,81,15.5,88,983.5,1
2024-04-16,Cao_Bang,22.6667,106.25,27.5,75,17.0,54,981.5,1
2024-04-17,Cao_Bang,22.6667,106.25,27.6,75,13.6,70,980.5,1
2024-04-18,Cao_Bang,22.6667,106.25,26.8,80,14.7,69,978.7,1
2024-04-19,Cao_Bang,22.6667,106.25,27.5,80,13.4,71,976.2,1
2024-04-20,Cao_Bang,22.6667,106.25,26.7,81,19.9,59,976.1,1
2024-04-21,Cao_Bang,22.6667,106.25,24.8,87,12.2,72,980.1,1
2024-04-22,Cao_Bang,22.6667,106.25,24.3,86,10.5,82,980.9,1
2024-04-23,Cao_Bang,22.6667,106.25,25.2,81,8.6,73,981.8,1
2024-04-24,Cao_Bang,22.6667,106.25,24.9,85,12.4,90,981.5,1
2024-04-25,Cao_Bang,22.6667,106.25,27.3,80,14.0,42,977.2,0
2024-04-26,Cao_Bang,22.6667,106.25,28.4,78,11.9,15,975.7,0
2024-04-27,Cao_Bang,22.6667,106.25,28.6,75,8.3,30,974.8,0
2024-04-28,Cao_Bang,22.6667,106.25,28.2,75,11.1,1,977.5,0
2024-04-29,Cao_Bang,22.6667,106.25,29.3,78,15.5,41,976.2,1
2024-04-30,Cao_Bang,22.6667,106.25,28.1,75,14.5,30,975.8,1
2024-05-01,Cao_Bang,22.6667,106.25,24.9,77,11.2,98,981.5,1
2024-05-02,Cao_Bang,22.6667,106.25,22.7,86,10.8,98,983.5,1
2024-05-03,Cao_Bang,22.6667,106.25,23.7,90,13.0,92,982.1,1
2024-05-04,Cao_Bang,22.6667,106.25,25.3,86,12.7,50,979.9,1
2024-05-05,Cao_Bang,22.6667,106.25,24.7,80,11.1,92,983.5,0
2024-05-06,Cao_Bang,22.6667,106.25,23.7,91,9.2,97,985.6,1
2024-05-07,Cao_Bang,22.6667,106.25,25.4,85,7.3,97,987.0,1
2024-05-08,Cao_Bang,22.6667,106.25,23.6,93,8.4,100,987.2,1
2024-05-09,Cao_Bang,22.6667,106.25,24.3,89,8.4,95,987.0,1
2024-05-10,Cao_Bang,22.6667,106.25,25.2,86,15.7,81,985.1,1
2024-05-11,Cao_Bang,22.6667,106.25,26.6,84,13.1,63,984.6,1
2024-05-12,Cao_Bang,22.6667,106.25,26.3,85,9.4,70,985.7,1
2024-05-13,Cao_Bang,22.6667,106.25,25.7,78,8.9,60,986.6,1
2024-05-14,Cao_Bang,22.6667,106.25,25.9,71,11.2,34,985.5,0
2024-05-15,Cao_Bang,22.6667,106.25,24.8,91,9.2,84,987.3,1
2024-05-16,Cao_Bang,22.6667,106.25,25.1,85,7.8,83,987.9,1
2024-05-17,Cao_Bang,22.6667,106.25,26.2,75,12.3,72,984.2,1
2024-05-18,Cao_Bang,22.6667,106.25,25.9,85,20.0,97,979.7,1
2024-05-19,Cao_Bang,22.6667,106.25,25.3,91,8.9,93,978.3,1
2024-05-20,Cao_Bang,22.6667,106.25,26.3,79,7.2,77,981.0,1
2024-05-21,Cao_Bang,22.6667,106.25,25.2,86,9.0,77,983.2,1
2024-05-22,Cao_Bang,22.6667,106.25,25.8,85,6.6,87,983.9,1
2024-05-23,Cao_Bang,22.6667,106.25,26.4,82,9.5,77,982.6,1
2024-05-24,Cao_Bang,22.6667,106.25,27.1,81,8.6,38,982.1,1
2024-05-25,Cao_Bang,22.6667,106.25,26.5,86,14.0,89,981.8,1
2024-05-26,Cao_Bang,22.6667,106.25,27.5,85,12.9,87,978.9,1
2024-05-27,Cao_Bang,22.6667,106.25,28.8,84,14.8,83,975.8,1
2024-05-28,Cao_Bang,22.6667,106.25,27.1,89,7.4,98,977.0,1
2024-05-29,Cao_Bang,22.6667,106.25,27.6,90,10.0,90,976.0,1
2024-05-30,Cao_Bang,22.6667,106.25,27.0,80,13.8,96,978.4,1
2024-05-31,Cao_Bang,22.6667,106.25,26.8,72,7.1,77,981.3,0
2024-06-01,Cao_Bang,22.6667,106.25,27.2,78,7.4,29,982.2,0
2024-06-02,Cao_Bang,22.6667,106.25,27.5,84,10.7,64,981.2,1
2024-06-03,Cao_Bang,22.6667,106.25,26.0,93,8.9,100,979.5,1
2024-06-04,Cao_Bang,22.6667,106.25,26.4,91,10.6,92,980.2,1
2024-06-05,Cao_Bang,22.6667,106.25,25.7,91,4.9,97,983.2,1
2024-06-06,Cao_Bang,22.6667,106.25,26.4,82,8.4,97,982.9,1
2024-06-07,Cao_Bang,22.6667,106.25,26.4,89,9.2,96,980.0,1
2024-06-08,Cao_Bang,22.6667,106.25,25.6,94,8.5,100,978.4,1
2024-06-09,Cao_Bang,22.6667,106.25,25.0,97,10.1,100,979.2,1
2024-06-10,Cao_Bang,22.6667,106.25,25.0,95,8.4,97,980.5,1
2024-06-11,Cao_Bang,22.6667,106.25,27.3,88,10.2,97,979.7,1
2024-06-12,Cao_Bang,22.6667,106.25,27.7,88,7.0,100,978.7,1
2024-06-13,Cao_Bang,22.6667,106.25,29.1,81,10.5,100,975.7,1
2024-06-14,Cao_Bang,22.6667,106.25,28.1,89,8.9,100,975.0,1
2024-06-15,Cao_Bang,22.6667,106.25,27.6,87,8.4,100,976.7,1
2024-06-16,Cao_Bang,22.6667,106.25,27.5,89,10.7,98,977.5,1
2024-06-17,Cao_Bang,22.6667,106.25,28.1,86,11.9,100,976.8,1
2024-06-18,Cao_Bang,22.6667,106.25,26.8,91,6.8,100,976.3,1
2024-06-19,Cao_Bang,22.6667,106.25,27.5,89,11.2,100,975.7,1
2024-06-20,Cao_Bang,22.6667,106.25,28.6,84,14.0,98,975.6,1
2024-06-21,Cao_Bang,22.6667,106.25,28.3,86,11.5,96,976.7,1
2024-06-22,Cao_Bang,22.6667,106.25,28.3,86,12.1,100,978.1,1
2024-06-23,Cao_Bang,22.6667,106.25,28.6,82,13.3,92,978.2,1
2024-06-24,Cao_Bang,22.6667,106.25,25.6,95,8.2,100,978.7,1
2024-06-25,Cao_Bang,22.6667,106.25,25.6,94,9.3,100,980.6,1
2024-06-26,Cao_Bang,22.6667,106.25,25.9,91,12.5,98,983.1,1
2024-06-27,Cao_Bang,22.6667,106.25,26.2,89,12.3,84,983.4,1
2024-06-28,Cao_Bang,22.6667,106.25,28.1,81,16.2,92,980.0,1
2024-06-29,Cao_Bang,22.6667,106.25,29.5,78,12.0,100,977.7,1
2024-06-30,Cao_Bang,22.6667,106.25,29.6,79,12.7,100,976.2,0
2024-07-01,Cao_Bang,22.6667,106.25,29.6,79,12.8,99,974.2,0
2024-07-02,Cao_Bang,22.6667,106.25,26.8,91,7.1,100,977.3,1
2024-07-03,Cao_Bang,22.6667,106.25,26.2,92,11.5,98,981.6,1
2024-07-04,Cao_Bang,22.6667,106.25,27.0,84,14.5,94,983.5,1
2024-07-05,Cao_Bang,22.6667,106.25,28.0,79,13.0,67,980.7,1
2024-07-06,Cao_Bang,22.6667,106.25,28.1,79,13.5,71,980.1,1
2024-07-07,Cao_Bang,22.6667,106.25,28.5,78,15.9,27,980.6,1
2024-07-08,Cao_Bang,22.6667,106.25,28.7,76,14.4,46,979.6,1
2024-07-09,Cao_Bang,22.6667,106.25,28.8,80,13.4,78,979.3,1
2024-07-10,Cao_Bang,22.6667,106.25,28.1,83,12.8,58,979.8,1
2024-07-11,Cao_Bang,22.6667,106.25,28.3,82,12.1,86,978.2,1
2024-07-12,Cao_Bang,22.6667,106.25,28.5,82,10.1,97,976.2,1
2024-07-13,Cao_Bang,22.6667,106.25,28.1,83,13.8,96,976.3,1
2024-07-14,Cao_Bang,22.6667,106.25,26.8,89,13.6,100,979.6,1
2024-07-15,Cao_Bang,22.6667,106.25,27.6,84,8.7,60,981.5,1
2024-07-16,Cao_Bang,22.6667,106.25,27.3,87,11.5,65,981.3,1
2024-07-17,Cao_Bang,22.6667,106.25,27.0,88,10.1,75,980.6,1
2024-07-18,Cao_Bang,22.6667,106.25,26.6,91,11.4,90,980.1,1
2024-07-19,Cao_Bang,22.6667,106.25,26.7,89,11.5,83,979.4,1
2024-07-20,Cao_Bang,22.6667,106.25,26.5,91,9.5,93,980.2,1
2024-07-21,Cao_Bang,22.6667,106.25,27.4,85,10.9,43,980.3,1
2024-07-22,Cao_Bang,22.6667,106.25,27.9,84,4.8,87,978.0,1
2024-07-23,Cao_Bang,22.6667,106.25,27.4,87,12.1,79,973.5,1
2024-07-24,Cao_Bang,22.6667,106.25,26.5,92,6.8,88,971.4,1
2024-07-25,Cao_Bang,22.6667,106.25,29.0,81,8.1,27,970.3,1
2024-07-26,Cao_Bang,22.6667,106.25,30.0,79,7.4,63,970.9,1
2024-07-27,Cao_Bang,22.6667,106.25,29.3,85,12.4,93,974.8,1
2024-07-28,Cao_Bang,22.6667,106.25,26.9,92,8.4,99,977.0,1
2024-07-29,Cao_Bang,22.6667,106.25,25.4,95,9.1,100,976.9,1
2024-07-30,Cao_Bang,22.6667,106.25,25.8,93,9.9,100,976.9,1
2024-07-31,Cao_Bang,22.6667,106.25,25.5,94,10.0,100,977.6,1
2024-08-01,Cao_Bang,22.6667,106.25,25.8,93,9.4,100,977.9,1
2024-08-02,Cao_Bang,22.6667,106.25,26.3,87,11.5,91,977.7,1
2024-08-03,Cao_Bang,22.6667,106.25,26.4,87,9.7,72,980.0,1
2024-08-04,Cao_Bang,22.6667,106.25,26.9,88,7.1,56,981.8,1
2024-08-05,Cao_Bang,22.6667,106.25,28.0,81,9.2,25,980.9,1
2024-08-06,Cao_Bang,22.6667,106.25,27.9,83,11.7,46,979.9,1
2024-08-07,Cao_Bang,22.6667,106.25,28.4,83,13.7,28,980.1,1
2024-08-08,Cao_Bang,22.6667,106.25,28.8,80,12.4,29,979.6,1
2024-08-09,Cao_Bang,22.6667,106.25,29.9,76,10.6,57,977.0,1
2024-08-10,Cao_Bang,22.6667,106.25,28.9,84,8.1,65,976.4,1
2024-08-11,Cao_Bang,22.6667,106.25,26.7,92,7.2,100,976.8,1
2024-08-12,Cao_Bang,22.6667,106.25,26.4,91,5.6,100,977.4,1
2024-08-13,Cao_Bang,22.6667,106.25,26.5,91,11.5,99,979.9,1
2024-08-14,Cao_Bang,22.6667,106.25,25.7,94,6.1,100,980.6,1
2024-08-15,Cao_Bang,22.6667,106.25,27.5,87,10.3,96,979.5,1
2024-08-16,Cao_Bang,22.6667,106.25,27.3,86,6.5,39,979.6,1
2024-08-17,Cao_Bang,22.6667,106.25,26.6,88,8.1,82,980.8,1
2024-08-18,Cao_Bang,22.6667,106.25,27.1,88,11.9,79,980.7,1
2024-08-19,Cao_Bang,22.6667,106.25,28.5,83,9.0,88,978.8,1
2024-08-20,Cao_Bang,22.6667,106.25,27.9,87,8.5,84,979.3,1
2024-08-21,Cao_Bang,22.6667,106.25,26.4,92,11.2,100,981.1,1
2024-08-22,Cao_Bang,22.6667,106.25,26.1,93,7.4,99,982.4,1
2024-08-23,Cao_Bang,22.6667,106.25,25.0,96,8.3,100,983.6,1
2024-08-24,Cao_Bang,22.6667,106.25,25.0,94,8.0,98,983.0,1
2024-08-25,Cao_Bang,22.6667,106.25,26.0,87,7.1,96,981.9,1
2024-08-26,Cao_Bang,22.6667,106.25,26.5,85,10.0,48,981.5,1
2024-08-27,Cao_Bang,22.6667,106.25,27.2,85,5.9,32,981.0,1
2024-08-28,Cao_Bang,22.6667,106.25,28.5,80,8.0,37,979.4,0
2024-08-29,Cao_Bang,22.6667,106.25,27.9,85,7.6,83,979.5,1
2024-08-30,Cao_Bang,22.6667,106.25,27.2,87,6.3,59,980.6,1
2024-08-31,Cao_Bang,22.6667,106.25,27.2,86,8.4,71,982.2,1
2024-09-01,Cao_Bang,22.6667,106.25,26.8,90,7.2,97,982.7,1
2024-09-02,Cao_Bang,22.6667,106.25,27.6,87,7.0,92,983.0,1
2024-09-03,Cao_Bang,22.6667,106.25,27.9,84,10.1,70,982.3,1
2024-09-04,Cao_Bang,22.6667,106.25,28.5,79,5.5,39,978.6,0
2024-09-05,Cao_Bang,22.6667,106.25,29.0,79,10.7,11,977.1,1
2024-09-06,Cao_Bang,22.6667,106.25,28.8,77,14.2,46,976.5,1
2024-09-07,Cao_Bang,22.6667,106.25,25.1,91,25.6,100,973.9,1
2024-09-08,Cao_Bang,22.6667,106.25,24.7,96,25.2,100,977.0,1
2024-09-09,Cao_Bang,22.6667,106.25,24.3,98,18.2,100,979.8,1
2024-09-10,Cao_Bang,22.6667,106.25,24.0,96,5.8,99,981.8,1
2024-09-11,Cao_Bang,22.6667,106.25,24.5,94,4.8,99,983.5,1
2024-09-12,Cao_Bang,22.6667,106.25,25.2,91,7.7,65,982.7,1
2024-09-13,Cao_Bang,22.6667,106.25,26.9,85,8.3,33,980.4,1
2024-09-14,Cao_Bang,22.6667,106.25,27.7,83,12.8,70,978.3,1
2024-09-15,Cao_Bang,22.6667,106.25,26.3,90,13.0,70,978.2,1
2024-09-16,Cao_Bang,22.6667,106.25,26.2,86,11.7,62,980.5,1
2024-09-17,Cao_Bang,22.6667,106.25,27.0,84,10.8,74,981.4,1
2024-09-18,Cao_Bang,22.6667,106.25,27.8,78,8.7,30,980.1,1
2024-09-19,Cao_Bang,22.6667,106.25,27.8,80,12.4,53,978.9,1
2024-09-20,Cao_Bang,22.6667,106.25,27.1,87,11.0,82,979.2,1
2024-09-21,Cao_Bang,22.6667,106.25,26.2,92,11.6,97,980.4,1
2024-09-22,Cao_Bang,22.6667,106.25,25.8,85,10.5,92,982.6,1
2024-09-23,Cao_Bang,22.6667,106.25,25.3,71,10.0,76,984.9,0
2024-09-24,Cao_Bang,22.6667,106.25,24.6,74,7.1,33,985.0,0
2024-09-25,Cao_Bang,22.6667,106.25,25.4,78,8.5,84,985.6,0
2024-09-26,Cao_Bang,22.6667,106.25,26.1,82,5.8,75,985.5,0
2024-09-27,Cao_Bang,22.6667,106.25,26.8,80,12.1,71,984.3,0
2024-09-28,Cao_Bang,22.6667,106.25,27.9,79,11.8,84,982.3,1
2024-09-29,Cao_Bang,22.6667,106.25,26.8,87,11.5,91,981.6,1
2024-09-30,Cao_Bang,22.6667,106.25,25.6,93,10.4,85,981.8,1
2024-10-01,Cao_Bang,22.6667,106.25,23.3,77,14.6,100,987.3,1
2024-10-02,Cao_Bang,22.6667,106.25,22.0,63,12.0,85,990.6,0
2024-10-03,Cao_Bang,22.6667,106.25,20.8,71,8.3,53,990.6,0
2024-10-04,Cao_Bang,22.6667,106.25,21.2,72,8.5,50,990.1,0
2024-10-05,Cao_Bang,22.6667,106.25,22.7,69,6.6,0,989.0,0
2024-10-06,Cao_Bang,22.6667,106.25,23.4,73,8.1,33,989.7,0
2024-10-07,Cao_Bang,22.6667,106.25,23.8,72,9.1,26,991.0,0
2024-10-08,Cao_Bang,22.6667,106.25,24.5,68,7.6,63,990.5,0
2024-10-09,Cao_Bang,22.6667,106.25,24.2,72,5.7,64,989.0,0
2024-10-10,Cao_Bang,22.6667,106.25,24.3,73,5.6,47,987.9,0
2024-10-11,Cao_Bang,22.6667,106.25,24.3,68,9.4,9,987.5,0
2024-10-12,Cao_Bang,22.6667,106.25,24.7,70,8.4,40,987.8,0
2024-10-13,Cao_Bang,22.6667,106.25,25.2,77,9.4,53,987.5,1
2024-10-14,Cao_Bang,22.6667,106.25,25.7,79,6.4,58,987.1,1
2024-10-15,Cao_Bang,22.6667,106.25,23.9,89,8.2,67,988.0,1
2024-10-16,Cao_Bang,22.6667,106.25,25.0,82,6.3,65,988.2,1
2024-10-17,Cao_Bang,22.6667,106.25,24.9,86,9.1,66,986.3,1
2024-10-18,Cao_Bang,22.6667,106.25,25.1,88,6.8,49,985.8,1
2024-10-19,Cao_Bang,22.6667,106.25,25.1,88,6.9,65,988.3,1
2024-10-20,Cao_Bang,22.6667,106.25,25.0,87,6.3,72,990.5,1
2024-10-21,Cao_Bang,22.6667,106.25,24.9,86,6.0,66,989.2,1
2024-10-22,Cao_Bang,22.6667,106.25,24.1,90,14.3,55,990.4,1
2024-10-23,Cao_Bang,22.6667,106.25,22.3,65,11.7,32,991.2,0
2024-10-24,Cao_Bang,22.6667,106.25,20.3,72,6.6,47,987.4,0
2024-10-25,Cao_Bang,22.6667,106.25,20.7,62,7.1,60,985.2,0
2024-10-26,Cao_Bang,22.6667,106.25,21.3,61,12.6,70,984.9,0
2024-10-27,Cao_Bang,22.6667,106.25,21.8,67,12.5,100,986.6,1
2024-10-28,Cao_Bang,22.6667,106.25,20.6,76,10.9,93,987.3,1
2024-10-29,Cao_Bang,22.6667,106.25,20.5,79,5.6,46,986.4,0
2024-10-30,Cao_Bang,22.6667,106.25,22.0,80,5.9,30,986.6,0
2024-10-31,Cao_Bang,22.6667,106.25,23.6,77,8.5,23,985.2,0
2024-11-01,Cao_Bang,22.6667,106.25,22.9,64,11.8,4,988.4,0
2024-11-02,Cao_Bang,22.6667,106.25,21.1,65,11.1,0,992.0,0
2024-11-03,Cao_Bang,22.6667,106.25,21.0,70,6.2,38,992.1,0
2024-11-04,Cao_Bang,22.6667,106.25,22.6,70,10.0,87,992.3,0
2024-11-05,Cao_Bang,22.6667,106.25,22.5,68,11.7,56,993.8,0
2024-11-06,Cao_Bang,22.6667,106.25,22.0,66,7.8,80,994.3,0
2024-11-07,Cao_Bang,22.6667,106.25,21.1,66,6.3,50,994.0,0
2024-11-08,Cao_Bang,22.6667,106.25,20.5,67,6.4,33,992.1,0
2024-11-09,Cao_Bang,22.6667,106.25,21.7,61,7.0,29,989.9,0
2024-11-10,Cao_Bang,22.6667,106.25,21.6,64,7.0,0,990.1,0
2024-11-11,Cao_Bang,22.6667,106.25,23.4,65,8.6,10,989.1,0
2024-11-12,Cao_Bang,22.6667,106.25,23.9,74,8.1,23,986.9,0
2024-11-13,Cao_Bang,22.6667,106.25,23.8,78,9.8,7,985.1,0
2024-11-14,Cao_Bang,22.6667,106.25,23.8,82,8.0,21,984.7,1
2024-11-15,Cao_Bang,22.6667,106.25,23.7,82,7.3,39,984.0,0
2024-11-16,Cao_Bang,22.6667,106.25,24.1,79,6.7,45,985.6,0
2024-11-17,Cao_Bang,22.6667,106.25,23.4,82,5.3,32,988.3,1
2024-11-18,Cao_Bang,22.6667,106.25,22.4,82,8.1,72,991.4,1
2024-11-19,Cao_Bang,22.6667,106.25,21.6,75,10.0,31,992.5,0
2024-11-20,Cao_Bang,22.6667,106.25,20.0,70,6.9,38,992.9,0
2024-11-21,Cao_Bang,22.6667,106.25,19.0,73,4.4,36,992.6,0
2024-11-22,Cao_Bang,22.6667,106.25,19.1,72,5.9,46,992.8,0
2024-11-23,Cao_Bang,22.6667,106.25,18.3,74,11.4,48,992.9,0
2024-11-24,Cao_Bang,22.6667,106.25,18.7,79,6.5,66,991.6,0
2024-11-25,Cao_Bang,22.6667,106.25,21.3,81,8.7,72,991.4,1
2024-11-26,Cao_Bang,22.6667,106.25,18.1,72,6.5,100,994.5,1
2024-11-27,Cao_Bang,22.6667,106.25,17.2,63,7.7,100,996.1,1
2024-11-28,Cao_Bang,22.6667,106.25,17.1,56,9.2,54,997.9,0
2024-11-29,Cao_Bang,22.6667,106.25,16.0,63,6.5,28,994.7,0
2024-11-30,Cao_Bang,22.6667,106.25,16.5,67,5.6,43,990.2,0
2024-12-01,Cao_Bang,22.6667,106.25,16.9,74,10.2,40,986.6,0
2024-12-02,Cao_Bang,22.6667,106.25,18.9,79,5.3,70,987.5,1
2024-12-03,Cao_Bang,22.6667,106.25,20.2,87,7.7,75,988.0,1
2024-12-04,Cao_Bang,22.6667,106.25,20.4,83,6.6,84,988.4,1
2024-12-05,Cao_Bang,22.6667,106.25,20.3,81,5.8,94,988.6,1
2024-12-06,Cao_Bang,22.6667,106.25,17.3,95,6.0,99,989.8,1
2024-12-07,Cao_Bang,22.6667,106.25,15.3,90,4.7,100,993.5,1
2024-12-08,Cao_Bang,22.6667,106.25,15.4,65,8.3,99,995.5,0
2024-12-09,Cao_Bang,22.6667,106.25,15.9,70,12.1,100,991.7,0
2024-12-10,Cao_Bang,22.6667,106.25,18.4,81,12.8,98,987.5,1
2024-12-11,Cao_Bang,22.6667,106.25,16.9,74,8.4,99,991.5,1
2024-12-12,Cao_Bang,22.6667,106.25,14.6,69,6.4,100,993.0,1
2024-12-13,Cao_Bang,22.6667,106.25,14.4,70,6.4,99,996.0,1
2024-12-14,Cao_Bang,22.6667,106.25,14.2,48,10.1,100,1000.1,0
2024-12-15,Cao_Bang,22.6667,106.25,14.0,48,8.0,79,999.7,1
2024-12-16,Cao_Bang,22.6667,106.25,12.9,72,8.9,6,996.1,0
2024-12-17,Cao_Bang,22.6667,106.25,14.0,64,9.5,49,993.9,0
2024-12-18,Cao_Bang,22.6667,106.25,15.4,65,4.5,64,995.2,0
2024-12-19,Cao_Bang,22.6667,106.25,13.1,64,7.1,33,995.6,0
2024-12-20,Cao_Bang,22.6667,106.25,12.4,65,11.8,17,992.9,0
2024-12-21,Cao_Bang,22.6667,106.25,13.8,66,3.9,62,994.2,0
2024-12-22,Cao_Bang,22.6667,106.25,12.6,69,9.0,69,994.3,0
2024-12-23,Cao_Bang,22.6667,106.25,13.0,70,10.0,70,993.8,0
2024-12-24,Cao_Bang,22.6667,106.25,12.9,71,10.7,83,995.0,0
2024-12-25,Cao_Bang,22.6667,106.25,14.3,68,9.8,18,994.0,0
2024-12-26,Cao_Bang,22.6667,106.25,15.2,69,11.0,66,996.4,0
2024-12-27,Cao_Bang,22.6667,106.25,16.3,68,8.7,100,998.6,0
2024-12-28,Cao_Bang,22.6667,106.25,15.6,52,8.4,36,999.8,0
2024-12-29,Cao_Bang,22.6667,106.25,13.1,64,12.0,5,994.5,0
2024-12-30,Cao_Bang,22.6667,106.25,14.3,75,6.1,76,994.2,0
2024-12-31,Cao_Bang,22.6667,106.25,15.9,68,6.3,59,994.7,0
2025-01-01,Cao_Bang,22.6667,106.25,15.1,73,8.7,23,990.6,0
2025-01-02,Cao_Bang,22.6667,106.25,16.3,75,6.3,42,992.3,0
2025-01-03,Cao_Bang,22.6667,106.25,16.6,74,9.1,28,993.9,0
2025-01-04,Cao_Bang,22.6667,106.25,15.8,67,7.2,31,992.3,0
2025-01-05,Cao_Bang,22.6667,106.25,16.7,67,8.3,32,993.9,0
2025-01-06,Cao_Bang,22.6667,106.25,14.8,71,7.0,30,991.5,0
2025-01-07,Cao_Bang,22.6667,106.25,15.3,70,8.7,74,990.8,0
2025-01-08,Cao_Bang,22.6667,106.25,16.7,67,9.5,84,992.1,0
2025-01-09,Cao_Bang,22.6667,106.25,14.4,65,9.2,100,996.7,1
2025-01-10,Cao_Bang,22.6667,106.25,13.0,52,7.9,70,1002.0,0
2025-01-11,Cao_Bang,22.6667,106.25,12.0,51,12.4,48,1004.2,0
2025-01-12,Cao_Bang,22.6667,106.25,10.8,57,9.9,7,999.2,0
2025-01-13,Cao_Bang,22.6667,106.25,12.0,52,9.3,1,994.4,0
2025-01-14,Cao_Bang,22.6667,106.25,14.1,73,7.1,24,994.4,0
2025-01-15,Cao_Bang,22.6667,106.25,16.2,61,9.7,41,998.8,1
2025-01-16,Cao_Bang,22.6667,106.25,14.0,63,16.4,8,998.4,0
2025-01-17,Cao_Bang,22.6667,106.25,13.6,62,9.7,2,993.9,0
2025-01-18,Cao_Bang,22.6667,106.25,13.6,72,6.8,26,992.3,0
2025-01-19,Cao_Bang,22.6667,106.25,14.8,67,8.7,20,990.1,0
2025-01-20,Cao_Bang,22.6667,106.25,15.7,66,5.3,19,989.0,0
2025-01-21,Cao_Bang,22.6667,106.25,16.7,63,12.5,40,988.1,0
2025-01-22,Cao_Bang,22.6667,106.25,18.0,67,13.6,79,988.4,0
2025-01-23,Cao_Bang,22.6667,106.25,19.0,78,13.8,100,987.5,0
2025-01-24,Cao_Bang,22.6667,106.25,19.3,82,16.2,90,984.2,1
2025-01-25,Cao_Bang,22.6667,106.25,19.9,85,15.2,86,986.9,1
2025-01-26,Cao_Bang,22.6667,106.25,12.8,68,19.7,100,999.0,1
2025-01-27,Cao_Bang,22.6667,106.25,12.4,46,7.4,63,997.0,0
2025-01-28,Cao_Bang,22.6667,106.25,10.5,58,6.4,43,997.9,1
2025-01-29,Cao_Bang,22.6667,106.25,10.8,64,6.9,24,995.8,0
2025-01-30,Cao_Bang,22.6667,106.25,13.7,75,17.7,41,988.9,0
2025-01-31,Cao_Bang,22.6667,106.25,17.7,86,16.3,83,985.7,1
2025-02-01,Cao_Bang,22.6667,106.25,19.2,85,12.8,96,984.4,1
2025-02-02,Cao_Bang,22.6667,106.25,16.9,85,15.1,100,987.1,1
2025-02-03,Cao_Bang,22.6667,106.25,13.9,68,11.0,95,995.1,1
2025-02-04,Cao_Bang,22.6667,106.25,12.7,62,8.0,52,995.1,0
2025-02-05,Cao_Bang,22.6667,106.25,14.5,70,11.0,97,990.0,1
2025-02-06,Cao_Bang,22.6667,106.25,13.5,91,5.2,100,989.9,1
2025-02-07,Cao_Bang,22.6667,106.25,13.2,71,8.5,100,996.1,1
2025-02-08,Cao_Bang,22.6667,106.25,12.6,58,10.0,100,998.3,0
2025-02-09,Cao_Bang,22.6667,106.25,12.2,52,8.6,75,996.2,0
2025-02-10,Cao_Bang,22.6667,106.25,12.3,67,11.6,65,993.1,0
2025-02-11,Cao_Bang,22.6667,106.25,16.0,76,15.6,76,989.3,0
2025-02-12,Cao_Bang,22.6667,106.25,18.6,82,9.6,99,990.6,1
2025-02-13,Cao_Bang,22.6667,106.25,16.9,73,6.7,100,992.1,1
2025-02-14,Cao_Bang,22.6667,106.25,17.7,76,14.9,100,988.4,1
2025-02-15,Cao_Bang,22.6667,106.25,18.2,85,13.8,99,987.1,1
2025-02-16,Cao_Bang,22.6667,106.25,15.7,87,8.3,100,991.4,1
2025-02-17,Cao_Bang,22.6667,106.25,15.2,91,5.0,100,992.9,1
2025-02-18,Cao_Bang,22.6667,106.25,14.8,85,9.2,100,994.0,1
2025-02-19,Cao_Bang,22.6667,106.25,14.6,87,8.5,100,992.6,1
2025-02-20,Cao_Bang,22.6667,106.25,16.3,93,9.2,100,992.3,1
2025-02-21,Cao_Bang,22.6667,106.25,16.0,85,10.3,100,994.2,1
2025-02-22,Cao_Bang,22.6667,106.25,14.9,86,8.0,100,994.7,1
2025-02-23,Cao_Bang,22.6667,106.25,15.4,74,9.7,100,999.2,1
2025-02-24,Cao_Bang,22.6667,106.25,12.6,74,7.6,93,1001.0,1
2025-02-25,Cao_Bang,22.6667,106.25,12.2,88,6.6,90,998.9,1
2025-02-26,Cao_Bang,22.6667,106.25,14.5,83,12.2,97,995.5,1
2025-02-27,Cao_Bang,22.6667,106.25,19.1,76,16.5,52,989.3,0
2025-02-28,Cao_Bang,22.6667,106.25,20.3,79,17.4,92,987.1,1
2025-03-01,Cao_Bang,22.6667,106.25,22.3,80,17.9,75,983.9,1
2025-03-02,Cao_Bang,22.6667,106.25,23.4,79,16.7,55,981.9,1
2025-03-03,Cao_Bang,22.6667,106.25,24.9,78,13.0,48,981.0,1
2025-03-04,Cao_Bang,22.6667,106.25,25.6,73,18.5,57,980.6,0
2025-03-05,Cao_Bang,22.6667,106.25,19.0,78,14.0,100,985.3,1
2025-03-06,Cao_Bang,22.6667,106.25,15.3,61,8.9,98,994.1,1
2025-03-07,Cao_Bang,22.6667,106.25,15.8,50,12.0,69,994.4,0
2025-03-08,Cao_Bang,22.6667,106.25,15.3,65,9.7,100,993.2,0
2025-03-09,Cao_Bang,22.6667,106.25,16.3,73,11.7,100,993.5,0
2025-03-10,Cao_Bang,22.6667,106.25,19.1,80,14.8,93,992.0,1
2025-03-11,Cao_Bang,22.6667,106.25,21.8,79,16.5,83,987.3,1
2025-03-12,Cao_Bang,22.6667,106.25,22.5,86,14.7,98,984.8,1
2025-03-13,Cao_Bang,22.6667,106.25,23.0,89,17.0,92,984.5,1
2025-03-14,Cao_Bang,22.6667,106.25,24.5,83,16.8,61,984.2,1
2025-03-15,Cao_Bang,22.6667,106.25,21.4,75,10.3,97,988.9,1
2025-03-16,Cao_Bang,22.6667,106.25,17.9,48,11.2,58,993.9,0
2025-03-17,Cao_Bang,22.6667,106.25,16.5,56,11.3,63,993.9,0
2025-03-18,Cao_Bang,22.6667,106.25,15.9,51,14.3,82,997.6,0
2025-03-19,Cao_Bang,22.6667,106.25,15.8,53,11.0,55,998.6,0
2025-03-20,Cao_Bang,22.6667,106.25,17.6,53,9.6,25,997.0,0
2025-03-21,Cao_Bang,22.6667,106.25,20.0,50,11.3,30,994.7,0
2025-03-22,Cao_Bang,22.6667,106.25,19.7,55,12.2,17,992.3,0
2025-03-23,Cao_Bang,22.6667,106.25,21.0,65,10.0,0,989.7,0
2025-03-24,Cao_Bang,22.6667,106.25,23.3,67,12.3,9,986.2,0
2025-03-25,Cao_Bang,22.6667,106.25,24.9,70,13.1,5,980.8,0
2025-03-26,Cao_Bang,22.6667,106.25,25.5,67,16.6,4,977.8,0
2025-03-27,Cao_Bang,22.6667,106.25,26.1,72,15.7,22,976.0,0
2025-03-28,Cao_Bang,22.6667,106.25,24.5,72,16.4,80,981.8,1
2025-03-29,Cao_Bang,22.6667,106.25,16.2,67,12.2,100,991.1,1
2025-03-30,Cao_Bang,22.6667,106.25,14.5,63,10.9,95,994.8,1
2025-03-31,Cao_Bang,22.6667,106.25,16.0,50,11.4,69,993.3,0
2025-04-01,Cao_Bang,22.6667,106.25,18.2,54,8.6,60,991.9,0
2025-04-02,Cao_Bang,22.6667,106.25,18.7,55,9.0,59,991.8,0
2025-04-03,Cao_Bang,22.6667,106.25,21.2,55,16.3,18,989.9,0
2025-04-04,Cao_Bang,22.6667,106.25,22.2,60,17.2,42,985.9,1
2025-04-05,Cao_Bang,22.6667,106.25,20.9,89,8.1,100,988.0,1
2025-04-06,Cao_Bang,22.6667,106.25,21.4,82,8.0,100,988.4,1
2025-04-07,Cao_Bang,22.6667,106.25,21.7,83,5.9,100,989.2,1
2025-04-08,Cao_Bang,22.6667,106.25,23.5,79,12.7,81,987.9,1
2025-04-09,Cao_Bang,22.6667,106.25,24.3,81,14.3,99,984.2,1
2025-04-10,Cao_Bang,22.6667,106.25,26.2,73,13.2,68,980.4,1
2025-04-11,Cao_Bang,22.6667,106.25,27.1,70,16.9,50,978.1,0
2025-04-12,Cao_Bang,22.6667,106.25,25.5,63,23.5,88,984.1,1
2025-04-13,Cao_Bang,22.6667,106.25,21.2,50,9.0,88,990.8,1
2025-04-14,Cao_Bang,22.6667,106.25,23.3,48,6.9,95,987.9,0
2025-04-15,Cao_Bang,22.6667,106.25,24.7,45,10.7,90,985.7,0
2025-04-16,Cao_Bang,22.6667,106.25,25.1,46,16.4,93,981.8,0
2025-04-17,Cao_Bang,22.6667,106.25,26.7,64,14.9,51,979.2,0
2025-04-18,Cao_Bang,22.6667,106.25,28.6,68,13.7,48,978.5,1
2025-04-19,Cao_Bang,22.6667,106.25,29.2,66,14.8,31,978.8,1
2025-04-20,Cao_Bang,22.6667,106.25,29.8,65,18.9,26,980.1,0
2025-04-21,Cao_Bang,22.6667,106.25,29.5,67,20.1,25,981.3,0
2025-04-22,Cao_Bang,22.6667,106.25,29.2,70,12.8,41,980.7,1
2025-04-23,Cao_Bang,22.6667,106.25,27.1,79,11.2,97,981.1,1
2025-04-24,Cao_Bang,22.6667,106.25,25.7,85,12.1,93,982.0,1
2025-04-25,Cao_Bang,22.6667,106.25,25.3,74,10.8,80,984.9,1
2025-04-26,Cao_Bang,22.6667,106.25,24.9,80,14.4,93,984.6,1
2025-04-27,Cao_Bang,22.6667,106.25,27.2,80,15.0,65,983.8,1
2025-04-28,Cao_Bang,22.6667,106.25,26.0,73,11.1,97,986.5,1
2025-04-29,Cao_Bang,22.6667,106.25,25.7,68,12.2,86,985.9,0
2025-04-30,Cao_Bang,22.6667,106.25,23.8,92,10.2,88,985.8,1
2025-05-01,Cao_Bang,22.6667,106.25,24.6,80,8.4,81,987.6,1
2025-05-02,Cao_Bang,22.6667,106.25,26.3,62,13.2,42,984.0,0
2025-05-03,Cao_Bang,22.6667,106.25,26.3,76,12.1,52,981.3,0
2025-05-04,Cao_Bang,22.6667,106.25,27.6,78,14.9,63,978.9,0
2025-05-05,Cao_Bang,22.6667,106.25,29.1,73,11.7,37,978.8,1
2025-05-06,Cao_Bang,22.6667,106.25,26.7,83,13.1,80,980.6,1
2025-05-07,Cao_Bang,22.6667,106.25,27.5,81,14.1,67,978.2,1
2025-05-08,Cao_Bang,22.6667,106.25,30.0,74,16.8,60,976.6,1
2025-05-09,Cao_Bang,22.6667,106.25,27.9,76,12.1,67,980.9,1
2025-05-10,Cao_Bang,22.6667,106.25,25.2,78,11.1,78,984.2,1
2025-05-11,Cao_Bang,22.6667,106.25,21.7,73,14.7,66,986.8,1
2025-05-12,Cao_Bang,22.6667,106.25,22.6,61,9.0,43,984.2,0
2025-05-13,Cao_Bang,22.6667,106.25,24.5,67,14.8,18,983.3,0
2025-05-14,Cao_Bang,22.6667,106.25,26.1,81,12.7,76,984.0,1
2025-05-15,Cao_Bang,22.6667,106.25,25.7,88,9.2,93,984.1,1
2025-05-16,Cao_Bang,22.6667,106.25,25.6,89,13.6,95,982.9,1
2025-05-17,Cao_Bang,22.6667,106.25,25.2,94,7.4,99,982.9,1
2025-05-18,Cao_Bang,22.6667,106.25,25.2,91,6.1,95,983.2,1
2025-05-19,Cao_Bang,22.6667,106.25,25.8,88,13.1,89,981.2,1
2025-05-20,Cao_Bang,22.6667,106.25,26.9,88,18.5,74,979.4,1
2025-05-21,Cao_Bang,22.6667,106.25,28.6,80,14.8,79,979.6,1
2025-05-22,Cao_Bang,22.6667,106.25,27.7,84,12.9,99,979.1,1
2025-05-23,Cao_Bang,22.6667,106.25,25.1,95,7.4,100,980.8,1
2025-05-24,Cao_Bang,22.6667,106.25,22.8,90,8.2,100,986.4,1
2025-05-25,Cao_Bang,22.6667,106.25,21.7,81,12.5,99,989.3,1
2025-05-26,Cao_Bang,22.6667,106.25,21.4,78,6.4,98,988.8,1
2025-05-27,Cao_Bang,22.6667,106.25,22.8,84,8.7,91,985.8,0
2025-05-28,Cao_Bang,22.6667,106.25,24.6,92,7.1,94,982.5,1
2025-05-29,Cao_Bang,22.6667,106.25,24.1,87,5.6,100,983.1,1
2025-05-30,Cao_Bang,22.6667,106.25,25.5,79,11.2,87,981.5,0
2025-05-31,Cao_Bang,22.6667,106.25,27.9,79,13.9,98,977.9,1
2025-06-01,Cao_Bang,22.6667,106.25,30.6,73,15.3,95,973.3,0
2025-06-02,Cao_Bang,22.6667,106.25,28.9,81,8.4,100,975.3,1
2025-06-03,Cao_Bang,22.6667,106.25,27.6,78,6.4,100,979.1,1
2025-06-04,Cao_Bang,22.6667,106.25,26.6,86,7.2,86,981.5,1
2025-06-05,Cao_Bang,22.6667,106.25,27.9,81,10.8,54,981.4,1
2025-06-06,Cao_Bang,22.6667,106.25,28.8,77,13.2,28,980.0,1
2025-06-07,Cao_Bang,22.6667,106.25,28.9,80,12.6,66,979.2,1
2025-06-08,Cao_Bang,22.6667,106.25,27.1,90,8.7,98,979.2,1
2025-06-09,Cao_Bang,22.6667,106.25,26.9,86,7.5,86,979.1,1
2025-06-10,Cao_Bang,22.6667,106.25,26.8,82,5.3,87,979.8,1
2025-06-11,Cao_Bang,22.6667,106.25,27.1,75,13.4,64,979.8,1
2025-06-12,Cao_Bang,22.6667,106.25,27.6,74,11.9,67,978.9,1
2025-06-13,Cao_Bang,22.6667,106.25,27.2,84,10.1,96,978.2,1
2025-06-14,Cao_Bang,22.6667,106.25,28.8,77,8.7,74,976.4,1
2025-06-15,Cao_Bang,22.6667,106.25,27.8,83,7.4,99,977.6,1
2025-06-16,Cao_Bang,22.6667,106.25,26.8,86,10.6,93,979.0,1
2025-06-17,Cao_Bang,22.6667,106.25,27.0,89,12.7,88,978.9,1
2025-06-18,Cao_Bang,22.6667,106.25,27.8,84,17.3,100,977.5,1
2025-06-19,Cao_Bang,22.6667,106.25,28.1,84,13.4,100,977.3,1
2025-06-20,Cao_Bang,22.6667,106.25,25.7,97,7.6,100,978.4,1
2025-06-21,Cao_Bang,22.6667,106.25,25.5,94,8.7,100,979.6,1
2025-06-22,Cao_Bang,22.6667,106.25,26.1,89,17.1,99,980.5,1
2025-06-23,Cao_Bang,22.6667,106.25,27.5,83,10.9,97,978.9,1
2025-06-24,Cao_Bang,22.6667,106.25,27.7,84,13.5,100,979.4,1
2025-06-25,Cao_Bang,22.6667,106.25,27.9,81,11.8,78,981.2,1
2025-06-26,Cao_Bang,22.6667,106.25,27.5,81,11.3,77,980.2,1
2025-06-27,Cao_Bang,22.6667,106.25,26.5,86,13.0,100,979.0,1
2025-06-28,Cao_Bang,22.6667,106.25,24.5,96,7.0,100,978.5,1
2025-06-29,Cao_Bang,22.6667,106.25,25.8,90,11.5,98,976.3,1
2025-06-30,Cao_Bang,22.6667,106.25,25.3,96,10.1,100,976.9,1
2025-07-01,Cao_Bang,22.6667,106.25,25.7,90,13.5,100,979.2,1
2025-07-02,Cao_Bang,22.6667,106.25,25.6,91,14.4,99,981.7,1
2025-07-03,Cao_Bang,22.6667,106.25,26.3,88,14.9,76,982.0,1
2025-07-04,Cao_Bang,22.6667,106.25,27.4,80,12.2,86,980.2,1
2025-07-05,Cao_Bang,22.6667,106.25,28.7,74,7.7,54,978.5,0
2025-07-06,Cao_Bang,22.6667,106.25,29.1,71,13.9,32,978.1,1
2025-07-07,Cao_Bang,22.6667,106.25,28.9,74,9.7,17,977.3,1
2025-07-08,Cao_Bang,22.6667,106.25,29.1,79,10.5,46,975.5,1
2025-07-09,Cao_Bang,22.6667,106.25,28.8,83,8.7,82,974.8,1
2025-07-10,Cao_Bang,22.6667,106.25,27.9,87,11.5,100,973.7,1
2025-07-11,Cao_Bang,22.6667,106.25,26.4,91,13.0,96,975.3,1
2025-07-12,Cao_Bang,22.6667,106.25,26.1,91,7.4,97,979.2,1
2025-07-13,Cao_Bang,22.6667,106.25,26.7,89,7.2,92,980.2,1
2025-07-14,Cao_Bang,22.6667,106.25,27.6,85,7.5,100,978.8,1
2025-07-15,Cao_Bang,22.6667,106.25,28.1,84,10.3,96,976.7,1
2025-07-16,Cao_Bang,22.6667,106.25,27.7,87,8.9,88,977.5,1
2025-07-17,Cao_Bang,22.6667,106.25,29.7,76,9.3,45,977.4,1
2025-07-18,Cao_Bang,22.6667,106.25,30.5,72,5.1,96,975.0,1
2025-07-19,Cao_Bang,22.6667,106.25,28.5,84,12.4,99,973.0,1
2025-07-20,Cao_Bang,22.6667,106.25,27.5,87,11.8,100,971.5,1
2025-07-21,Cao_Bang,22.6667,106.25,27.8,81,14.8,100,969.4,1
2025-07-22,Cao_Bang,22.6667,106.25,26.8,87,18.2,99,970.1,1
2025-07-23,Cao_Bang,22.6667,106.25,26.3,91,14.1,100,974.4,1
2025-07-24,Cao_Bang,22.6667,106.25,26.2,91,8.8,100,976.8,1
2025-07-25,Cao_Bang,22.6667,106.25,26.7,88,10.0,93,976.7,1
2025-07-26,Cao_Bang,22.6667,106.25,27.9,82,9.8,45,976.3,1
2025-07-27,Cao_Bang,22.6667,106.25,28.7,76,7.4,28,975.7,1
2025-07-28,Cao_Bang,22.6667,106.25,29.5,73,6.5,31,973.9,1
2025-07-29,Cao_Bang,22.6667,106.25,29.8,77,15.8,99,972.5,1
2025-07-30,Cao_Bang,22.6667,106.25,29.9,80,10.3,77,972.6,1
2025-07-31,Cao_Bang,22.6667,106.25,28.1,86,10.3,98,973.0,1
2025-08-01,Cao_Bang,22.6667,106.25,26.8,90,9.1,86,974.1,1
2025-08-02,Cao_Bang,22.6667,106.25,29.3,74,9.1,47,975.2,0
2025-08-03,Cao_Bang,22.6667,106.25,29.6,81,9.9,65,974.7,1
2025-08-04,Cao_Bang,22.6667,106.25,28.9,86,5.7,100,975.0,1
2025-08-05,Cao_Bang,22.6667,106.25,26.9,94,5.1,100,976.9,1
2025-08-06,Cao_Bang,22.6667,106.25,26.7,91,7.6,93,977.9,1
2025-08-07,Cao_Bang,22.6667,106.25,26.3,88,9.3,98,980.2,1
2025-08-08,Cao_Bang,22.6667,106.25,27.2,87,12.5,63,980.5,1
2025-08-09,Cao_Bang,22.6667,106.25,29.0,79,11.6,85,979.5,1
2025-08-10,Cao_Bang,22.6667,106.25,28.5,84,12.6,92,979.6,1
2025-08-11,Cao_Bang,22.6667,106.25,28.7,77,11.8,94,979.4,1
2025-08-12,Cao_Bang,22.6667,106.25,28.5,80,11.9,100,980.0,1
2025-08-13,Cao_Bang,22.6667,106.25,28.9,79,6.6,90,980.9,1
2025-08-14,Cao_Bang,22.6667,106.25,28.6,81,10.4,90,979.2,1
2025-08-15,Cao_Bang,22.6667,106.25,25.2,93,9.4,100,980.2,1
2025-08-16,Cao_Bang,22.6667,106.25,25.3,89,10.5,69,983.0,1
2025-08-17,Cao_Bang,22.6667,106.25,26.6,81,7.6,71,983.0,1
2025-08-18,Cao_Bang,22.6667,106.25,25.3,91,9.8,95,981.6,1
2025-08-19,Cao_Bang,22.6667,106.25,24.8,96,6.7,100,980.2,1
2025-08-20,Cao_Bang,22.6667,106.25,26.2,90,13.1,100,981.1,1
2025-08-21,Cao_Bang,22.6667,106.25,25.9,92,11.5,100,982.5,1
2025-08-22,Cao_Bang,22.6667,106.25,26.3,90,11.1,100,982.5,1
2025-08-23,Cao_Bang,22.6667,106.25,27.1,83,8.3,97,982.7,1
2025-08-24,Cao_Bang,22.6667,106.25,27.1,82,12.5,58,982.7,1
2025-08-25,Cao_Bang,22.6667,106.25,25.3,90,14.7,94,982.6,1
2025-08-26,Cao_Bang,22.6667,106.25,24.4,95,7.1,100,983.7,1
2025-08-27,Cao_Bang,22.6667,106.25,25.2,90,9.9,66,982.9,1
2025-08-28,Cao_Bang,22.6667,106.25,26.6,82,7.5,43,982.4,1
2025-08-29,Cao_Bang,22.6667,106.25,24.9,92,16.0,67,984.2,1
2025-08-30,Cao_Bang,22.6667,106.25,26.3,86,11.9,80,983.8,1
2025-08-31,Cao_Bang,22.6667,106.25,26.2,88,10.8,89,983.5,1
2025-09-01,Cao_Bang,22.6667,106.25,27.3,80,10.2,28,981.7,1
2025-09-02,Cao_Bang,22.6667,106.25,27.5,79,13.0,48,981.4,1
2025-09-03,Cao_Bang,22.6667,106.25,28.0,79,9.3,26,981.6,1
2025-09-04,Cao_Bang,22.6667,106.25,28.2,77,10.6,20,981.1,0
2025-09-05,Cao_Bang,22.6667,106.25,28.4,76,8.8,76,981.5,0
2025-09-06,Cao_Bang,22.6667,106.25,28.1,80,7.0,94,982.6,1
2025-09-07,Cao_Bang,22.6667,106.25,28.2,79,10.2,40,981.1,1
2025-09-08,Cao_Bang,22.6667,106.25,28.8,75,15.6,92,979.8,1
2025-09-09,Cao_Bang,22.6667,106.25,26.0,90,13.5,100,981.3,1
2025-09-10,Cao_Bang,22.6667,106.25,25.9,91,4.5,100,982.5,1
2025-09-11,Cao_Bang,22.6667,106.25,26.3,89,12.5,94,983.2,1
2025-09-12,Cao_Bang,22.6667,106.25,26.7,86,11.7,91,984.0,1
2025-09-13,Cao_Bang,22.6667,106.25,27.1,81,10.5,99,984.8,1
2025-09-14,Cao_Bang,22.6667,106.25,27.7,76,10.2,81,984.5,1
2025-09-15,Cao_Bang,22.6667,106.25,25.6,90,9.4,83,985.4,1
2025-09-16,Cao_Bang,22.6667,106.25,26.9,79,10.5,48,985.1,1
2025-09-17,Cao_Bang,22.6667,106.25,25.6,88,9.7,59,984.2,1
2025-09-18,Cao_Bang,22.6667,106.25,26.4,86,9.7,50,984.0,1
2025-09-19,Cao_Bang,22.6667,106.25,27.7,77,5.7,42,983.2,1
2025-09-20,Cao_Bang,22.6667,106.25,28.1,77,4.8,79,981.6,1
2025-09-21,Cao_Bang,22.6667,106.25,26.6,90,9.9,76,981.7,1
2025-09-22,Cao_Bang,22.6667,106.25,25.4,90,8.0,92,982.9,1
2025-09-23,Cao_Bang,22.6667,106.25,25.6,89,7.8,67,981.1,1
2025-09-24,Cao_Bang,22.6667,106.25,27.3,68,18.9,63,978.6,0
2025-09-25,Cao_Bang,22.6667,106.25,23.4,89,15.4,100,978.4,1
2025-09-26,Cao_Bang,22.6667,106.25,23.4,97,9.4,100,985.8,1
2025-09-27,Cao_Bang,22.6667,106.25,26.4,85,7.7,66,987.6,1
2025-09-28,Cao_Bang,22.6667,106.25,24.8,91,11.9,68,985.6,1
2025-09-29,Cao_Bang,22.6667,106.25,23.5,97,16.8,100,984.0,1
2025-09-30,Cao_Bang,22.6667,106.25,23.5,97,13.1,100,985.6,1
2025-10-01,Cao_Bang,22.6667,106.25,25.0,91,6.2,99,986.2,1
2025-10-02,Cao_Bang,22.6667,106.25,26.5,80,11.2,68,985.8,1
2025-10-03,Cao_Bang,22.6667,106.25,26.8,76,12.5,25,985.5,0
2025-10-04,Cao_Bang,22.6667,106.25,26.6,82,9.0,34,985.5,1
2025-10-05,Cao_Bang,22.6667,106.25,27.8,76,6.1,62,982.1,1
2025-10-06,Cao_Bang,22.6667,106.25,23.6,91,19.3,99,978.8,1
2025-10-07,Cao_Bang,22.6667,106.25,23.4,97,16.8,100,986.6,1
2025-10-08,Cao_Bang,22.6667,106.25,25.5,82,6.8,57,987.8,1
2025-10-09,Cao_Bang,22.6667,106.25,25.7,78,8.0,8,986.9,0
2025-10-10,Cao_Bang,22.6667,106.25,25.6,79,6.4,16,986.1,1
2025-10-11,Cao_Bang,22.6667,106.25,25.7,82,8.9,19,985.4,1
2025-10-12,Cao_Bang,22.6667,106.25,26.8,78,10.1,27,984.8,0
2025-10-13,Cao_Bang,22.6667,106.25,26.2,84,7.9,60,985.9,1
2025-10-14,Cao_Bang,22.6667,106.25,24.5,93,13.8,99,986.6,1
2025-10-15,Cao_Bang,22.6667,106.25,24.1,93,6.0,93,987.3,1
2025-10-16,Cao_Bang,22.6667,106.25,25.5,83,10.5,92,988.6,1
2025-10-17,Cao_Bang,22.6667,106.25,25.6,80,7.4,27,988.6,1
2025-10-18,Cao_Bang,22.6667,106.25,26.0,77,6.6,19,988.0,0
2025-10-19,Cao_Bang,22.6667,106.25,24.7,87,9.8,63,988.6,1
2025-10-20,Cao_Bang,22.6667,106.25,24.0,74,12.5,31,989.7,0
2025-10-21,Cao_Bang,22.6667,106.25,22.1,63,16.8,24,992.0,0
2025-10-22,Cao_Bang,22.6667,106.25,20.9,58,16.2,68,993.5,0
2025-10-23,Cao_Bang,22.6667,106.25,19.2,68,8.5,94,994.6,1
2025-10-24,Cao_Bang,22.6667,106.25,20.2,77,7.7,98,993.5,1
2025-10-25,Cao_Bang,22.6667,106.25,21.4,75,5.6,94,991.8,0
2025-10-26,Cao_Bang,22.6667,106.25,22.1,72,8.1,86,991.7,0
2025-10-27,Cao_Bang,22.6667,106.25,21.4,72,7.7,74,992.3,0
2025-10-28,Cao_Bang,22.6667,106.25,21.2,71,9.3,78,991.7,0
2025-10-29,Cao_Bang,22.6667,106.25,21.7,73,8.1,91,990.4,0
2025-10-30,Cao_Bang,22.6667,106.25,23.1,81,10.0,100,990.9,1
2025-10-31,Cao_Bang,22.6667,106.25,22.6,80,7.5,95,991.8,1
2025-11-01,Cao_Bang,22.6667,106.25,20.6,81,7.6,100,992.7,1
2025-11-02,Cao_Bang,22.6667,106.25,19.9,79,8.7,100,993.3,1
2025-11-03,Cao_Bang,22.6667,106.25,18.8,79,10.2,100,993.5,1
2025-11-04,Cao_Bang,22.6667,106.25,18.2,84,6.5,84,992.3,1
2025-11-05,Cao_Bang,22.6667,106.25,20.1,77,9.8,79,988.6,0
2025-11-06,Cao_Bang,22.6667,106.25,21.7,82,13.2,75,986.9,0
2025-11-07,Cao_Bang,22.6667,106.25,22.2,91,4.8,96,987.4,1
2025-11-08,Cao_Bang,22.6667,106.25,23.8,91,7.3,84,988.3,1
2025-11-09,Cao_Bang,22.6667,106.25,23.6,91,11.3,89,987.6,1
2025-11-10,Cao_Bang,22.6667,106.25,21.1,90,5.5,100,986.8,1
2025-11-11,Cao_Bang,22.6667,106.25,22.2,73,6.6,96,987.1,0
2025-11-12,Cao_Bang,22.6667,106.25,21.2,66,8.1,57,990.0,0
2025-11-13,Cao_Bang,22.6667,106.25,19.5,72,7.3,13,992.2,0
2025-11-14,Cao_Bang,22.6667,106.25,18.6,73,5.4,5,992.0,0
2025-11-15,Cao_Bang,22.6667,106.25,19.4,72,5.1,14,993.7,0
2025-11-16,Cao_Bang,22.6667,106.25,20.5,75,8.1,52,994.4,0
2025-11-17,Cao_Bang,22.6667,106.25,20.8,85,6.0,88,994.7,1
2025-11-18,Cao_Bang,22.6667,106.25,15.8,93,9.0,100,999.9,1
2025-11-19,Cao_Bang,22.6667,106.25,14.0,75,7.8,98,1001.2,1
2025-11-20,Cao_Bang,22.6667,106.25,15.3,67,6.2,9,998.7,0
2025-11-21,Cao_Bang,22.6667,106.25,16.5,59,7.0,53,998.0,0
2025-11-22,Cao_Bang,22.6667,106.25,16.4,65,5.6,13,995.2,0
2025-11-23,Cao_Bang,22.6667,106.25,17.9,64,4.4,13,993.9,0
2025-11-24,Cao_Bang,22.6667,106.25,17.5,69,10.7,22,994.8,0
2025-11-25,Cao_Bang,22.6667,106.25,15.8,61,10.3,3,995.9,0
2025-11-26,Cao_Bang,22.6667,106.25,14.3,70,5.7,6,994.6,0
2025-11-27,Cao_Bang,22.6667,106.25,15.1,60,14.1,53,997.8,0
2025-11-28,Cao_Bang,22.6667,106.25,14.4,65,5.9,30,992.7,0
2025-11-29,Cao_Bang,22.6667,106.25,14.5,64,9.3,0,989.1,0
2025-11-30,Cao_Bang,22.6667,106.25,15.3,75,8.5,10,987.9,0
2025-12-01,Cao_Bang,22.6667,106.25,18.3,80,10.4,53,988.3,0
2025-12-02,Cao_Bang,22.6667,106.25,19.5,87,7.0,64,987.9,1
2025-12-03,Cao_Bang,22.6667,106.25,18.9,80,9.8,95,993.8,1
2025-12-04,Cao_Bang,22.6667,106.25,17.5,71,7.2,95,993.9,0
2025-12-05,Cao_Bang,22.6667,106.25,17.2,84,5.6,97,995.6,1
2025-12-06,Cao_Bang,22.6667,106.25,17.9,77,10.6,88,992.7,1
2025-12-07,Cao_Bang,22.6667,106.25,19.5,82,8.1,74,992.9,1
2025-12-08,Cao_Bang,22.6667,106.25,18.6,76,7.2,46,994.5,0
2025-12-09,Cao_Bang,22.6667,106.25,17.5,77,8.8,39,992.8,0
2025-12-10,Cao_Bang,22.6667,106.25,17.5,79,4.8,42,991.7,0
2025-12-11,Cao_Bang,22.6667,106.25,17.7,79,6.5,71,991.9,1
2025-12-12,Cao_Bang,22.6667,106.25,18.6,92,7.7,93,989.1,1
2025-12-13,Cao_Bang,22.6667,106.25,19.3,73,16.2,72,994.0,1
2025-12-14,Cao_Bang,22.6667,106.25,15.1,59,6.9,14,996.4,0
2025-12-15,Cao_Bang,22.6667,106.25,14.8,71,12.0,5,992.8,0
2025-12-16,Cao_Bang,22.6667,106.25,17.4,79,7.8,92,992.0,0
2025-12-17,Cao_Bang,22.6667,106.25,18.8,77,8.8,74,995.0,1
2025-12-18,Cao_Bang,22.6667,106.25,17.8,77,9.1,24,992.6,0
2025-12-19,Cao_Bang,22.6667,106.25,18.1,79,11.7,31,988.2,0
2025-12-20,Cao_Bang,22.6667,106.25,19.0,83,5.0,50,989.8,1
2025-12-21,Cao_Bang,22.6667,106.25,18.7,85,5.5,67,992.4,1
2025-12-22,Cao_Bang,22.6667,106.25,19.1,85,16.0,75,989.2,1
2025-12-23,Cao_Bang,22.6667,106.25,19.7,91,11.5,81,988.1,1
2025-12-24,Cao_Bang,22.6667,106.25,17.8,87,8.6,100,989.0,1
2025-12-25,Cao_Bang,22.6667,106.25,14.8,61,13.2,67,995.5,1
2025-12-26,Cao_Bang,22.6667,106.25,13.4,58,8.7,46,994.2,0
2025-12-27,Cao_Bang,22.6667,106.25,13.1,67,5.0,34,993.5,0
2025-12-28,Cao_Bang,22.6667,106.25,14.9,69,11.6,37,992.1,0
2025-12-29,Cao_Bang,22.6667,106.25,16.8,75,4.3,100,989.4,1
2025-12-30,Cao_Bang,22.6667,106.25,17.0,89,9.3,98,988.5,1
2025-12-31,Cao_Bang,22.6667,106.25,19.2,81,16.2,72,985.4,1
2026-01-01,Cao_Bang,22.6667,106.25,17.2,80,12.0,95,991.0,1
2026-01-02,Cao_Bang,22.6667,106.25,13.3,77,8.1,100,997.0,1
2026-01-03,Cao_Bang,22.6667,106.25,12.5,74,8.0,100,996.2,1
2026-01-04,Cao_Bang,22.6667,106.25,14.3,80,7.6,100,993.9,1
2026-01-05,Cao_Bang,22.6667,106.25,13.9,74,7.2,100,996.6,1
2026-01-06,Cao_Bang,22.6667,106.25,12.4,66,10.5,87,1000.1,1
2026-01-07,Cao_Bang,22.6667,106.25,12.0,66,8.4,20,999.3,0
2026-01-08,Cao_Bang,22.6667,106.25,12.9,63,7.5,26,999.0,0
2026-01-09,Cao_Bang,22.6667,106.25,13.0,59,7.4,31,995.8,0
2026-01-10,Cao_Bang,22.6667,106.25,14.0,62,4.8,52,994.0,0
2026-01-11,Cao_Bang,22.6667,106.25,15.0,66,11.9,27,996.1,0
2026-01-12,Cao_Bang,22.6667,106.25,14.8,69,12.6,19,993.7,0
2026-01-13,Cao_Bang,22.6667,106.25,15.1,73,7.5,1,992.4,0
2026-01-14,Cao_Bang,22.6667,106.25,15.9,77,13.1,25,989.2,0
2026-01-15,Cao_Bang,22.6667,106.25,16.7,86,4.2,94,989.9,1
2026-01-16,Cao_Bang,22.6667,106.25,18.7,80,11.2,68,986.0,0
2026-01-17,Cao_Bang,22.6667,106.25,19.0,88,10.8,77,986.0,1
2026-01-18,Cao_Bang,22.6667,106.25,20.1,79,11.8,53,984.6,1
2026-01-19,Cao_Bang,22.6667,106.25,20.1,81,15.0,79,985.5,1
2026-01-20,Cao_Bang,22.6667,106.25,20.0,82,18.3,75,988.3,1
2026-01-21,Cao_Bang,22.6667,106.25,11.4,91,9.0,100,994.9,1
2026-01-22,Cao_Bang,22.6667,106.25,10.0,73,7.5,100,998.5,1
2026-01-23,Cao_Bang,22.6667,106.25,10.7,62,7.3,100,997.8,0
2026-01-24,Cao_Bang,22.6667,106.25,11.5,73,10.3,100,995.4,0
2026-01-25,Cao_Bang,22.6667,106.25,15.2,84,11.3,100,990.8,0
2026-01-26,Cao_Bang,22.6667,106.25,17.6,86,7.0,85,993.0,1
2026-01-27,Cao_Bang,22.6667,106.25,17.1,84,8.7,98,994.3,1
2026-01-28,Cao_Bang,22.6667,106.25,17.1,78,11.3,72,993.2,0
2026-01-29,Cao_Bang,22.6667,106.25,17.4,83,15.4,68,989.8,1
2026-01-30,Cao_Bang,22.6667,106.25,19.5,87,12.0,76,990.8,1
2026-01-31,Cao_Bang,22.6667,106.25,16.5,72,6.4,94,995.6,1
2026-02-01,Cao_Bang,22.6667,106.25,15.0,63,5.1,97,996.5,0
2026-02-02,Cao_Bang,22.6667,106.25,16.0,64,7.4,96,997.8,0
2026-02-03,Cao_Bang,22.6667,106.25,14.9,74,12.1,87,995.9,0
2026-02-04,Cao_Bang,22.6667,106.25,17.0,79,14.2,69,990.6,1
2026-02-05,Cao_Bang,22.6667,106.25,19.3,81,14.5,64,987.7,1
2026-02-06,Cao_Bang,22.6667,106.25,21.0,78,9.5,60,987.6,1
2026-02-07,Cao_Bang,22.6667,106.25,18.6,86,8.9,97,990.9,1
2026-02-08,Cao_Bang,22.6667,106.25,13.0,90,11.0,100,997.6,1
2026-02-09,Cao_Bang,22.6667,106.25,12.7,82,11.7,100,994.0,0
2026-02-10,Cao_Bang,22.6667,106.25,16.5,81,11.7,99,991.8,1
2026-02-11,Cao_Bang,22.6667,106.25,16.0,86,6.9,100,994.4,1
2026-02-12,Cao_Bang,22.6667,106.25,16.8,87,11.4,100,991.1,1
2026-02-13,Cao_Bang,22.6667,106.25,19.3,89,12.5,89,988.8,1
2026-02-14,Cao_Bang,22.6667,106.25,21.4,80,15.1,74,988.2,1
2026-02-15,Cao_Bang,22.6667,106.25,22.1,77,16.0,63,986.9,1
2026-02-16,Cao_Bang,22.6667,106.25,22.0,77,14.0,38,987.4,0
2026-02-17,Cao_Bang,22.6667,106.25,19.5,75,14.0,95,992.0,1
2026-02-18,Cao_Bang,22.6667,106.25,17.3,73,9.7,100,994.8,1
2026-02-19,Cao_Bang,22.6667,106.25,16.3,79,4.4,100,996.3,1
2026-02-20,Cao_Bang,22.6667,106.25,19.0,75,13.1,73,992.5,0
2026-02-21,Cao_Bang,22.6667,106.25,20.4,78,16.1,64,983.4,0
2026-02-22,Cao_Bang,22.6667,106.25,22.0,85,11.6,87,983.5,1
2026-02-23,Cao_Bang,22.6667,106.25,21.3,91,12.3,93,983.7,1
2026-02-24,Cao_Bang,22.6667,106.25,23.1,83,11.3,95,985.3,1
2026-02-25,Cao_Bang,22.6667,106.25,21.8,90,10.9,90,985.8,1
2026-02-26,Cao_Bang,22.6667,106.25,21.0,88,12.6,70,982.9,1
2026-02-27,Cao_Bang,22.6667,106.25,23.3,76,13.2,40,980.6,1
2026-02-28,Cao_Bang,22.6667,106.25,22.5,85,15.3,70,979.6,1
2026-03-01,Cao_Bang,22.6667,106.25,24.8,78,12.6,66,979.6,1
2026-03-02,Cao_Bang,22.6667,106.25,23.7,81,15.1,60,982.7,1
2026-03-03,Cao_Bang,22.6667,106.25,20.3,64,11.8,92,988.7,1
2026-03-04,Cao_Bang,22.6667,106.25,18.7,61,11.4,44,990.3,0
2026-03-05,Cao_Bang,22.6667,106.25,18.1,71,7.1,54,989.8,0
2026-03-06,Cao_Bang,22.6667,106.25,20.7,67,9.5,74,990.4,0
2026-03-07,Cao_Bang,22.6667,106.25,20.8,73,15.5,100,990.5,1
2026-03-08,Cao_Bang,22.6667,106.25,20.0,86,11.7,98,990.8,1
2026-03-09,Cao_Bang,22.6667,106.25,18.1,76,10.6,94,996.2,1
2026-03-10,Cao_Bang,22.6667,106.25,16.8,64,25.9,19,996.2,0
2026-03-11,Cao_Bang,22.6667,106.25,17.3,69,5.1,69,992.5,0
2026-03-12,Cao_Bang,22.6667,106.25,19.3,65,10.3,73,992.1,0
2026-03-13,Cao_Bang,22.6667,106.25,19.3,61,10.7,60,993.3,0
2026-03-14,Cao_Bang,22.6667,106.25,18.8,73,12.4,70,993.3,1
2026-03-15,Cao_Bang,22.6667,106.25,20.3,80,13.9,86,992.3,1
2026-03-16,Cao_Bang,22.6667,106.25,21.2,80,16.6,69,988.8,1
2026-03-17,Cao_Bang,22.6667,106.25,21.8,80,16.9,80,986.6,1
2026-03-18,Cao_Bang,22.6667,106.25,23.4,77,14.0,61,986.8,1
2026-03-19,Cao_Bang,22.6667,106.25,23.9,79,19.1,59,985.2,1
2026-03-20,Cao_Bang,22.6667,106.25,23.4,80,14.7,85,986.2,1
2026-03-21,Cao_Bang,22.6667,106.25,19.5,86,8.7,98,989.0,1
2026-03-22,Cao_Bang,22.6667,106.25,22.5,83,14.9,82,986.5,1
2026-03-23,Cao_Bang,22.6667,106.25,22.9,85,15.9,72,985.2,1
2026-03-24,Cao_Bang,22.6667,106.25,24.6,80,12.8,54,984.1,1
2026-03-25,Cao_Bang,22.6667,106.25,24.5,81,17.5,79,984.6,1
2026-03-26,Cao_Bang,22.6667,106.25,25.9,75,14.6,38,982.8,1
2026-03-27,Cao_Bang,22.6667,106.25,26.0,76,13.5,46,982.1,1
2026-03-28,Cao_Bang,22.6667,106.25,26.2,77,12.7,65,982.6,1
2026-03-29,Cao_Bang,22.6667,106.25,24.9,80,18.5,72,981.6,1
2026-03-30,Cao_Bang,22.6667,106.25,24.9,78,15.4,45,980.1,1
2026-03-31,Cao_Bang,22.6667,106.25,25.5,74,17.5,61,981.9,1
2026-04-01,Cao_Bang,22.6667,106.25,22.7,61,9.4,62,986.0,0
2026-04-02,Cao_Bang,22.6667,106.25,23.8,74,17.2,67,982.9,1
2026-04-03,Cao_Bang,22.6667,106.25,27.5,71,9.1,51,979.5,1
2026-04-04,Cao_Bang,22.6667,106.25,25.0,75,9.8,44,980.5,1
2026-04-05,Cao_Bang,22.6667,106.25,26.5,75,15.0,76,977.2,0
2026-04-06,Cao_Bang,22.6667,106.25,28.6,74,16.1,40,976.9,0
2026-04-07,Cao_Bang,22.6667,106.25,28.8,73,10.5,30,978.5,0
2026-04-08,Cao_Bang,22.6667,106.25,29.2,72,17.2,10,979.2,0
2026-04-09,Cao_Bang,22.6667,106.25,28.8,69,16.3,17,979.7,1
2026-04-10,Cao_Bang,22.6667,106.25,28.9,68,18.6,7,978.6,0
2026-04-11,Cao_Bang,22.6667,106.25,28.6,65,17.8,15,977.2,0
2026-04-12,Cao_Bang,22.6667,106.25,28.8,60,15.8,7,977.1,0
2026-04-13,Cao_Bang,22.6667,106.25,28.1,68,16.5,14,979.5,0
2026-04-14,Cao_Bang,22.6667,106.25,28.8,74,15.0,34,980.2,0
2026-04-15,Cao_Bang,22.6667,106.25,28.7,73,17.4,34,979.8,1
2026-04-16,Cao_Bang,22.6667,106.25,28.5,72,10.6,49,981.0,0
2026-04-17,Cao_Bang,22.6667,106.25,25.0,84,11.5,78,984.5,1
2026-04-18,Cao_Bang,22.6667,106.25,24.5,81,10.0,89,985.6,1
2026-04-19,Cao_Bang,22.6667,106.25,25.0,81,16.2,70,983.7,1
2026-04-20,Cao_Bang,22.6667,106.25,26.1,75,15.9,61,981.7,1
2026-04-21,Cao_Bang,22.6667,106.25,26.9,77,16.9,44,979.7,1
2026-04-22,Cao_Bang,22.6667,106.25,28.1,75,17.0,64,979.4,1
2026-04-23,Cao_Bang,22.6667,106.25,24.7,74,7.7,95,983.2,1
2026-04-24,Cao_Bang,22.6667,106.25,24.1,71,6.6,90,986.6,0
2026-04-25,Cao_Bang,22.6667,106.25,24.1,71,7.6,36,988.0,0
2026-04-26,Cao_Bang,22.6667,106.25,24.2,72,13.3,97,985.4,1
2026-04-27,Cao_Bang,22.6667,106.25,26.2,73,12.2,66,981.8,1
2026-04-28,Cao_Bang,22.6667,106.25,25.7,82,13.4,73,980.8,1
2026-04-29,Cao_Bang,22.6667,106.25,23.1,63,15.0,86,987.5,1
2026-04-30,Cao_Bang,22.6667,106.25,22.0,62,9.6,35,989.4,0
2026-05-01,Cao_Bang,22.6667,106.25,23.0,72,15.6,79,985.5,0
2026-05-02,Cao_Bang,22.6667,106.25,24.5,81,19.4,97,983.0,1
2026-05-03,Cao_Bang,22.6667,106.25,22.5,87,6.0,98,986.2,1
2026-05-04,Cao_Bang,22.6667,106.25,23.0,62,11.0,49,989.3,1
2026-05-05,Cao_Bang,22.6667,106.25,24.5,68,14.5,26,985.6,0
2026-05-06,Cao_Bang,22.6667,106.25,25.8,76,16.3,52,982.6,1
2026-05-07,Cao_Bang,22.6667,106.25,26.0,86,8.9,76,984.0,1
2026-05-08,Cao_Bang,22.6667,106.25,25.9,77,8.9,93,987.5,1
2026-05-09,Cao_Bang,22.6667,106.25,23.9,71,11.1,97,989.2,1
2026-05-10,Cao_Bang,22.6667,106.25,22.9,81,9.2,97,988.4,1
2026-05-11,Cao_Bang,22.6667,106.25,25.2,80,6.2,87,985.9,1
2026-05-12,Cao_Bang,22.6667,106.25,26.4,80,13.1,86,981.5,1
2026-05-13,Cao_Bang,22.6667,106.25,27.9,76,13.0,51,977.5,1
2026-05-14,Cao_Bang,22.6667,106.25,29.1,73,9.0,28,976.3,1
2026-05-15,Cao_Bang,22.6667,106.25,29.0,75,11.5,34,977.2,1
2026-05-16,Cao_Bang,22.6667,106.25,27.3,85,13.0,70,978.8,1
2026-05-17,Cao_Bang,22.6667,106.25,26.1,90,13.8,89,979.8,1
2026-05-18,Cao_Bang,22.6667,106.25,26.5,89,12.1,88,979.5,1
2026-05-19,Cao_Bang,22.6667,106.25,26.7,89,13.2,88,978.5,1
