date,destination,latitude,longitude,temp,humidity,wind_speed,cloud_cover,pressure,rain
2020-01-01,Dong_Nai,10.9453,106.824,27.3,61,14.3,67,1013.4,0
2020-01-02,Dong_Nai,10.9453,106.824,27.3,66,11.8,73,1013.7,0
2020-01-03,Dong_Nai,10.9453,106.824,27.0,71,11.2,80,1012.5,0
2020-01-04,Dong_Nai,10.9453,106.824,26.8,73,8.8,87,1011.0,0
2020-01-05,Dong_Nai,10.9453,106.824,26.0,68,11.1,53,1010.9,0
2020-01-06,Dong_Nai,10.9453,106.824,26.4,71,13.1,79,1011.2,0
2020-01-07,Dong_Nai,10.9453,106.824,27.9,69,11.5,73,1010.1,0
2020-01-08,Dong_Nai,10.9453,106.824,28.4,67,12.2,84,1009.8,0
2020-01-09,Dong_Nai,10.9453,106.824,27.7,70,12.6,62,1008.8,0
2020-01-10,Dong_Nai,10.9453,106.824,27.9,67,17.1,26,1008.7,0
2020-01-11,Dong_Nai,10.9453,106.824,27.0,72,13.2,95,1009.0,0
2020-01-12,Dong_Nai,10.9453,106.824,26.5,77,18.2,83,1009.1,1
2020-01-13,Dong_Nai,10.9453,106.824,26.4,70,14.0,41,1009.0,0
2020-01-14,Dong_Nai,10.9453,106.824,26.1,69,15.9,29,1010.1,0
2020-01-15,Dong_Nai,10.9453,106.824,25.8,68,13.7,60,1010.6,0
2020-01-16,Dong_Nai,10.9453,106.824,26.7,71,9.3,11,1010.7,0
2020-01-17,Dong_Nai,10.9453,106.824,27.0,72,19.8,33,1011.3,0
2020-01-18,Dong_Nai,10.9453,106.824,26.8,71,18.3,30,1011.0,0
2020-01-19,Dong_Nai,10.9453,106.824,26.9,67,14.6,54,1011.3,0
2020-01-20,Dong_Nai,10.9453,106.824,27.1,69,15.1,13,1011.8,0
2020-01-21,Dong_Nai,10.9453,106.824,27.6,63,15.4,25,1013.1,0
2020-01-22,Dong_Nai,10.9453,106.824,27.7,64,14.7,26,1012.1,0
2020-01-23,Dong_Nai,10.9453,106.824,27.5,60,16.7,18,1011.2,0
2020-01-24,Dong_Nai,10.9453,106.824,27.6,56,18.3,72,1011.0,0
2020-01-25,Dong_Nai,10.9453,106.824,27.0,67,15.5,56,1009.9,0
2020-01-26,Dong_Nai,10.9453,106.824,26.6,76,16.9,57,1009.6,0
2020-01-27,Dong_Nai,10.9453,106.824,26.6,75,19.8,24,1009.5,0
2020-01-28,Dong_Nai,10.9453,106.824,26.2,74,19.4,14,1010.3,0
2020-01-29,Dong_Nai,10.9453,106.824,26.1,75,17.0,40,1011.5,0
2020-01-30,Dong_Nai,10.9453,106.824,26.5,74,13.3,47,1011.0,0
2020-01-31,Dong_Nai,10.9453,106.824,26.2,68,14.0,91,1011.7,1
2020-02-01,Dong_Nai,10.9453,106.824,26.1,60,19.6,23,1012.0,0
2020-02-02,Dong_Nai,10.9453,106.824,25.3,65,16.7,50,1013.2,0
2020-02-03,Dong_Nai,10.9453,106.824,25.9,65,15.6,67,1012.3,0
2020-02-04,Dong_Nai,10.9453,106.824,26.8,60,17.9,50,1011.3,0
2020-02-05,Dong_Nai,10.9453,106.824,26.7,58,15.1,57,1010.8,0
2020-02-06,Dong_Nai,10.9453,106.824,25.6,59,13.5,63,1011.9,0
2020-02-07,Dong_Nai,10.9453,106.824,26.1,58,17.5,52,1012.0,0
2020-02-08,Dong_Nai,10.9453,106.824,26.8,66,12.3,66,1012.0,0
2020-02-09,Dong_Nai,10.9453,106.824,26.5,63,21.6,97,1012.0,1
2020-02-10,Dong_Nai,10.9453,106.824,26.4,65,8.8,85,1012.1,0
2020-02-11,Dong_Nai,10.9453,106.824,28.1,62,17.6,43,1012.3,1
2020-02-12,Dong_Nai,10.9453,106.824,28.7,60,17.7,13,1012.0,0
2020-02-13,Dong_Nai,10.9453,106.824,28.1,67,20.0,42,1011.0,0
2020-02-14,Dong_Nai,10.9453,106.824,27.4,73,19.2,16,1009.9,0
2020-02-15,Dong_Nai,10.9453,106.824,26.9,75,19.1,30,1010.7,0
2020-02-16,Dong_Nai,10.9453,106.824,27.5,75,15.6,63,1011.7,0
2020-02-17,Dong_Nai,10.9453,106.824,27.9,74,16.9,36,1012.4,1
2020-02-18,Dong_Nai,10.9453,106.824,27.9,66,16.9,60,1012.4,1
2020-02-19,Dong_Nai,10.9453,106.824,27.6,56,17.7,9,1012.5,0
2020-02-20,Dong_Nai,10.9453,106.824,27.5,62,15.6,18,1012.5,0
2020-02-21,Dong_Nai,10.9453,106.824,28.1,58,17.6,28,1013.6,0
2020-02-22,Dong_Nai,10.9453,106.824,27.6,56,17.1,18,1014.0,0
2020-02-23,Dong_Nai,10.9453,106.824,27.6,53,21.2,9,1013.1,0
2020-02-24,Dong_Nai,10.9453,106.824,27.6,54,17.9,27,1011.5,0
2020-02-25,Dong_Nai,10.9453,106.824,27.6,60,17.6,13,1010.3,0
2020-02-26,Dong_Nai,10.9453,106.824,28.8,58,18.2,30,1010.3,0
2020-02-27,Dong_Nai,10.9453,106.824,28.8,55,15.9,45,1009.5,0
2020-02-28,Dong_Nai,10.9453,106.824,28.0,58,18.1,48,1009.3,0
2020-02-29,Dong_Nai,10.9453,106.824,28.0,62,20.9,26,1008.8,0
2020-03-01,Dong_Nai,10.9453,106.824,28.5,62,19.9,69,1009.3,0
2020-03-02,Dong_Nai,10.9453,106.824,28.6,62,20.4,68,1009.2,0
2020-03-03,Dong_Nai,10.9453,106.824,28.4,61,20.2,81,1009.5,0
2020-03-04,Dong_Nai,10.9453,106.824,28.4,61,19.1,43,1009.7,0
2020-03-05,Dong_Nai,10.9453,106.824,28.4,62,18.8,70,1010.3,0
2020-03-06,Dong_Nai,10.9453,106.824,28.1,63,18.1,56,1011.5,0
2020-03-07,Dong_Nai,10.9453,106.824,27.9,68,19.1,71,1011.3,0
2020-03-08,Dong_Nai,10.9453,106.824,28.2,73,13.9,50,1009.2,0
2020-03-09,Dong_Nai,10.9453,106.824,28.7,77,14.3,26,1007.8,1
2020-03-10,Dong_Nai,10.9453,106.824,28.7,77,15.5,53,1008.1,1
2020-03-11,Dong_Nai,10.9453,106.824,28.3,73,17.2,31,1010.2,1
2020-03-12,Dong_Nai,10.9453,106.824,28.9,62,21.3,26,1011.0,0
2020-03-13,Dong_Nai,10.9453,106.824,28.8,67,21.0,74,1011.1,0
2020-03-14,Dong_Nai,10.9453,106.824,28.8,66,20.9,66,1010.4,1
2020-03-15,Dong_Nai,10.9453,106.824,29.3,59,20.7,60,1010.2,0
2020-03-16,Dong_Nai,10.9453,106.824,29.4,59,21.4,56,1010.5,0
2020-03-17,Dong_Nai,10.9453,106.824,29.3,61,19.8,47,1011.2,0
2020-03-18,Dong_Nai,10.9453,106.824,28.7,63,20.3,73,1010.0,0
2020-03-19,Dong_Nai,10.9453,106.824,28.8,67,22.7,31,1010.1,1
2020-03-20,Dong_Nai,10.9453,106.824,28.7,64,18.0,58,1010.9,0
2020-03-21,Dong_Nai,10.9453,106.824,28.7,69,22.3,13,1010.9,0
2020-03-22,Dong_Nai,10.9453,106.824,28.6,69,19.6,25,1010.1,0
2020-03-23,Dong_Nai,10.9453,106.824,28.6,67,16.9,13,1009.6,1
2020-03-24,Dong_Nai,10.9453,106.824,28.4,65,18.8,21,1009.1,0
2020-03-25,Dong_Nai,10.9453,106.824,29.2,65,20.0,13,1007.8,1
2020-03-26,Dong_Nai,10.9453,106.824,29.2,64,18.3,33,1009.0,1
2020-03-27,Dong_Nai,10.9453,106.824,28.8,70,19.1,44,1009.6,0
2020-03-28,Dong_Nai,10.9453,106.824,28.7,70,19.2,33,1008.9,1
2020-03-29,Dong_Nai,10.9453,106.824,29.2,66,20.7,28,1008.3,0
2020-03-30,Dong_Nai,10.9453,106.824,29.2,70,16.2,41,1008.6,1
2020-03-31,Dong_Nai,10.9453,106.824,29.3,72,18.6,21,1009.1,0
2020-04-01,Dong_Nai,10.9453,106.824,29.7,68,22.3,18,1008.8,1
2020-04-02,Dong_Nai,10.9453,106.824,29.8,63,19.6,33,1009.5,1
2020-04-03,Dong_Nai,10.9453,106.824,30.2,60,21.9,43,1009.7,0
2020-04-04,Dong_Nai,10.9453,106.824,30.3,62,19.4,6,1009.5,0
2020-04-05,Dong_Nai,10.9453,106.824,30.6,58,22.1,19,1009.8,0
2020-04-06,Dong_Nai,10.9453,106.824,29.9,65,18.5,64,1009.4,1
2020-04-07,Dong_Nai,10.9453,106.824,29.2,67,15.9,54,1009.5,1
2020-04-08,Dong_Nai,10.9453,106.824,27.9,79,16.6,55,1010.3,1
2020-04-09,Dong_Nai,10.9453,106.824,27.4,86,10.4,88,1010.9,1
2020-04-10,Dong_Nai,10.9453,106.824,27.8,81,12.4,84,1011.6,1
2020-04-11,Dong_Nai,10.9453,106.824,28.7,72,11.7,57,1010.9,1
2020-04-12,Dong_Nai,10.9453,106.824,28.2,79,15.7,55,1009.9,1
2020-04-13,Dong_Nai,10.9453,106.824,26.9,86,11.3,98,1010.2,1
2020-04-14,Dong_Nai,10.9453,106.824,27.4,83,10.6,76,1010.4,1
2020-04-15,Dong_Nai,10.9453,106.824,27.8,80,8.5,55,1010.4,1
2020-04-16,Dong_Nai,10.9453,106.824,28.7,67,13.5,59,1009.5,1
2020-04-17,Dong_Nai,10.9453,106.824,29.1,67,13.1,84,1009.8,0
2020-04-18,Dong_Nai,10.9453,106.824,28.5,77,13.6,71,1010.8,1
2020-04-19,Dong_Nai,10.9453,106.824,29.5,71,16.4,43,1009.7,0
2020-04-20,Dong_Nai,10.9453,106.824,29.4,71,18.4,21,1009.6,0
2020-04-21,Dong_Nai,10.9453,106.824,29.8,69,18.7,44,1008.6,1
2020-04-22,Dong_Nai,10.9453,106.824,30.0,71,13.6,86,1008.4,1
2020-04-23,Dong_Nai,10.9453,106.824,30.5,68,16.1,53,1008.6,1
2020-04-24,Dong_Nai,10.9453,106.824,29.8,71,10.7,82,1008.8,1
2020-04-25,Dong_Nai,10.9453,106.824,29.7,75,14.9,48,1008.6,1
2020-04-26,Dong_Nai,10.9453,106.824,28.8,76,11.3,80,1009.4,1
2020-04-27,Dong_Nai,10.9453,106.824,28.6,78,13.3,81,1009.9,1
2020-04-28,Dong_Nai,10.9453,106.824,29.5,68,13.6,90,1009.5,1
2020-04-29,Dong_Nai,10.9453,106.824,30.4,59,16.0,41,1008.5,0
2020-04-30,Dong_Nai,10.9453,106.824,30.5,59,13.6,39,1009.0,1
2020-05-01,Dong_Nai,10.9453,106.824,30.4,59,16.8,39,1007.8,1
2020-05-02,Dong_Nai,10.9453,106.824,29.7,66,16.9,39,1007.7,0
2020-05-03,Dong_Nai,10.9453,106.824,30.1,70,16.3,51,1007.8,1
2020-05-04,Dong_Nai,10.9453,106.824,30.3,71,15.1,27,1008.5,1
2020-05-05,Dong_Nai,10.9453,106.824,30.3,72,16.2,43,1007.7,1
2020-05-06,Dong_Nai,10.9453,106.824,30.2,72,13.8,32,1007.5,1
2020-05-07,Dong_Nai,10.9453,106.824,30.4,74,17.1,25,1006.9,1
2020-05-08,Dong_Nai,10.9453,106.824,30.4,73,17.7,86,1007.1,1
2020-05-09,Dong_Nai,10.9453,106.824,30.9,71,17.0,77,1007.8,1
2020-05-10,Dong_Nai,10.9453,106.824,30.7,71,22.3,87,1007.8,0
2020-05-11,Dong_Nai,10.9453,106.824,31.0,66,19.1,71,1008.2,0
2020-05-12,Dong_Nai,10.9453,106.824,30.8,68,15.4,89,1007.9,1
2020-05-13,Dong_Nai,10.9453,106.824,30.7,71,18.0,52,1007.8,1
2020-05-14,Dong_Nai,10.9453,106.824,30.9,68,14.1,77,1007.3,1
2020-05-15,Dong_Nai,10.9453,106.824,30.6,71,16.1,79,1005.7,1
2020-05-16,Dong_Nai,10.9453,106.824,29.7,78,9.7,83,1005.5,1
2020-05-17,Dong_Nai,10.9453,106.824,29.5,76,9.3,91,1005.7,1
2020-05-18,Dong_Nai,10.9453,106.824,29.9,76,14.0,91,1005.5,1
2020-05-19,Dong_Nai,10.9453,106.824,29.7,79,10.8,87,1005.9,1
2020-05-20,Dong_Nai,10.9453,106.824,28.1,88,14.8,98,1006.9,1
2020-05-21,Dong_Nai,10.9453,106.824,29.6,81,13.0,81,1006.8,1
2020-05-22,Dong_Nai,10.9453,106.824,29.2,84,13.6,94,1006.8,1
2020-05-23,Dong_Nai,10.9453,106.824,28.5,85,19.0,94,1007.9,1
2020-05-24,Dong_Nai,10.9453,106.824,28.5,84,16.8,98,1009.2,1
2020-05-25,Dong_Nai,10.9453,106.824,28.4,85,13.0,74,1010.2,1
2020-05-26,Dong_Nai,10.9453,106.824,30.2,75,11.9,24,1009.5,1
2020-05-27,Dong_Nai,10.9453,106.824,29.5,78,13.0,86,1009.3,1
2020-05-28,Dong_Nai,10.9453,106.824,27.7,86,8.1,100,1009.5,1
2020-05-29,Dong_Nai,10.9453,106.824,28.7,82,13.1,87,1009.5,1
2020-05-30,Dong_Nai,10.9453,106.824,28.1,86,11.0,94,1010.7,1
2020-05-31,Dong_Nai,10.9453,106.824,28.4,85,11.2,82,1010.4,1
2020-06-01,Dong_Nai,10.9453,106.824,28.0,86,11.1,83,1010.1,1
2020-06-02,Dong_Nai,10.9453,106.824,27.0,87,11.5,88,1009.5,1
2020-06-03,Dong_Nai,10.9453,106.824,27.4,87,11.2,86,1008.3,1
2020-06-04,Dong_Nai,10.9453,106.824,27.4,87,14.4,97,1008.4,1
2020-06-05,Dong_Nai,10.9453,106.824,27.6,87,13.9,84,1008.3,1
2020-06-06,Dong_Nai,10.9453,106.824,27.7,87,18.3,84,1008.4,1
2020-06-07,Dong_Nai,10.9453,106.824,28.1,84,13.2,64,1007.5,1
2020-06-08,Dong_Nai,10.9453,106.824,28.4,84,8.5,54,1006.9,1
2020-06-09,Dong_Nai,10.9453,106.824,28.4,82,12.0,82,1007.4,1
2020-06-10,Dong_Nai,10.9453,106.824,26.7,89,12.4,95,1008.0,1
2020-06-11,Dong_Nai,10.9453,106.824,27.0,89,7.9,94,1006.9,1
2020-06-12,Dong_Nai,10.9453,106.824,27.8,84,12.7,76,1005.1,1
2020-06-13,Dong_Nai,10.9453,106.824,26.9,89,16.9,84,1005.2,1
2020-06-14,Dong_Nai,10.9453,106.824,26.5,91,17.7,100,1007.2,1
2020-06-15,Dong_Nai,10.9453,106.824,26.9,90,14.2,99,1009.0,1
2020-06-16,Dong_Nai,10.9453,106.824,27.0,90,12.6,93,1009.0,1
2020-06-17,Dong_Nai,10.9453,106.824,28.0,86,8.6,74,1008.1,1
2020-06-18,Dong_Nai,10.9453,106.824,27.7,87,10.9,87,1008.1,1
2020-06-19,Dong_Nai,10.9453,106.824,27.7,87,9.1,88,1007.8,1
2020-06-20,Dong_Nai,10.9453,106.824,27.3,88,11.9,99,1007.6,1
2020-06-21,Dong_Nai,10.9453,106.824,27.3,88,9.9,94,1006.4,1
2020-06-22,Dong_Nai,10.9453,106.824,27.0,89,12.0,78,1006.6,1
2020-06-23,Dong_Nai,10.9453,106.824,28.0,85,8.7,47,1007.2,1
2020-06-24,Dong_Nai,10.9453,106.824,28.0,85,12.6,72,1007.4,1
2020-06-25,Dong_Nai,10.9453,106.824,27.1,89,11.0,91,1007.3,1
2020-06-26,Dong_Nai,10.9453,106.824,26.8,88,13.4,90,1007.7,1
2020-06-27,Dong_Nai,10.9453,106.824,27.0,87,11.0,95,1007.8,1
2020-06-28,Dong_Nai,10.9453,106.824,26.6,87,17.1,96,1007.9,1
2020-06-29,Dong_Nai,10.9453,106.824,26.1,92,12.3,100,1007.9,1
2020-06-30,Dong_Nai,10.9453,106.824,26.0,92,10.8,97,1007.7,1
2020-07-01,Dong_Nai,10.9453,106.824,26.9,88,17.7,91,1006.8,1
2020-07-02,Dong_Nai,10.9453,106.824,26.9,88,15.3,93,1006.2,1
2020-07-03,Dong_Nai,10.9453,106.824,26.2,92,15.1,99,1007.9,1
2020-07-04,Dong_Nai,10.9453,106.824,27.2,82,13.1,72,1008.4,1
2020-07-05,Dong_Nai,10.9453,106.824,27.3,85,9.4,78,1006.4,1
2020-07-06,Dong_Nai,10.9453,106.824,26.2,91,15.5,63,1006.4,1
2020-07-07,Dong_Nai,10.9453,106.824,27.3,87,14.8,34,1008.2,1
2020-07-08,Dong_Nai,10.9453,106.824,27.0,87,10.9,81,1008.2,1
2020-07-09,Dong_Nai,10.9453,106.824,28.0,83,8.4,96,1006.5,1
2020-07-10,Dong_Nai,10.9453,106.824,27.0,89,12.0,93,1007.3,1
2020-07-11,Dong_Nai,10.9453,106.824,27.1,86,16.2,91,1007.3,1
2020-07-12,Dong_Nai,10.9453,106.824,27.0,86,10.7,84,1006.7,1
2020-07-13,Dong_Nai,10.9453,106.824,26.4,91,12.3,94,1007.2,1
2020-07-14,Dong_Nai,10.9453,106.824,27.7,86,16.0,72,1007.0,1
2020-07-15,Dong_Nai,10.9453,106.824,27.5,85,11.9,96,1006.5,1
2020-07-16,Dong_Nai,10.9453,106.824,27.7,86,12.9,49,1006.4,1
2020-07-17,Dong_Nai,10.9453,106.824,27.6,87,10.3,69,1007.4,1
2020-07-18,Dong_Nai,10.9453,106.824,27.6,87,11.9,71,1007.9,1
2020-07-19,Dong_Nai,10.9453,106.824,27.8,85,8.3,83,1007.0,1
2020-07-20,Dong_Nai,10.9453,106.824,27.5,86,11.6,85,1007.1,1
2020-07-21,Dong_Nai,10.9453,106.824,26.9,90,13.0,83,1007.7,1
2020-07-22,Dong_Nai,10.9453,106.824,27.8,84,14.1,38,1007.3,1
2020-07-23,Dong_Nai,10.9453,106.824,27.6,86,10.6,92,1007.7,1
2020-07-24,Dong_Nai,10.9453,106.824,26.6,90,10.5,98,1008.1,1
2020-07-25,Dong_Nai,10.9453,106.824,27.4,87,9.5,72,1007.4,1
2020-07-26,Dong_Nai,10.9453,106.824,27.9,85,10.4,69,1007.3,1
2020-07-27,Dong_Nai,10.9453,106.824,27.9,87,12.6,64,1006.5,1
2020-07-28,Dong_Nai,10.9453,106.824,27.2,87,12.6,75,1007.1,1
2020-07-29,Dong_Nai,10.9453,106.824,27.1,87,13.0,91,1006.9,1
2020-07-30,Dong_Nai,10.9453,106.824,27.1,88,14.1,97,1006.2,1
2020-07-31,Dong_Nai,10.9453,106.824,26.6,90,15.8,100,1004.7,1
2020-08-01,Dong_Nai,10.9453,106.824,26.0,92,23.3,100,1004.4,1
2020-08-02,Dong_Nai,10.9453,106.824,26.7,88,27.8,98,1005.0,1
2020-08-03,Dong_Nai,10.9453,106.824,26.5,90,18.5,96,1005.5,1
2020-08-04,Dong_Nai,10.9453,106.824,26.6,89,15.8,91,1005.6,1
2020-08-05,Dong_Nai,10.9453,106.824,26.5,89,11.2,94,1006.5,1
2020-08-06,Dong_Nai,10.9453,106.824,26.4,89,12.2,97,1006.7,1
2020-08-07,Dong_Nai,10.9453,106.824,26.8,87,13.3,90,1005.9,1
2020-08-08,Dong_Nai,10.9453,106.824,26.6,91,19.6,79,1006.3,1
2020-08-09,Dong_Nai,10.9453,106.824,27.0,88,18.1,78,1006.6,1
2020-08-10,Dong_Nai,10.9453,106.824,27.0,88,17.1,77,1007.7,1
2020-08-11,Dong_Nai,10.9453,106.824,27.5,86,15.2,85,1007.6,1
2020-08-12,Dong_Nai,10.9453,106.824,26.7,90,12.2,99,1008.8,1
2020-08-13,Dong_Nai,10.9453,106.824,26.0,91,11.9,100,1009.0,1
2020-08-14,Dong_Nai,10.9453,106.824,26.4,88,12.5,98,1008.7,1
2020-08-15,Dong_Nai,10.9453,106.824,26.9,85,10.9,99,1007.6,1
2020-08-16,Dong_Nai,10.9453,106.824,27.9,81,11.1,72,1007.5,1
2020-08-17,Dong_Nai,10.9453,106.824,27.0,88,9.5,80,1006.8,1
2020-08-18,Dong_Nai,10.9453,106.824,27.2,87,13.2,80,1006.5,1
2020-08-19,Dong_Nai,10.9453,106.824,27.0,85,15.5,89,1006.7,1
2020-08-20,Dong_Nai,10.9453,106.824,27.2,85,9.4,94,1007.2,1
2020-08-21,Dong_Nai,10.9453,106.824,27.9,85,10.5,74,1008.0,1
2020-08-22,Dong_Nai,10.9453,106.824,28.5,80,13.2,57,1008.1,1
2020-08-23,Dong_Nai,10.9453,106.824,28.0,85,12.5,88,1008.8,1
2020-08-24,Dong_Nai,10.9453,106.824,27.9,84,8.7,66,1008.9,1
2020-08-25,Dong_Nai,10.9453,106.824,28.6,83,10.7,33,1007.7,1
2020-08-26,Dong_Nai,10.9453,106.824,28.7,82,11.8,39,1007.0,1
2020-08-27,Dong_Nai,10.9453,106.824,28.7,82,18.3,91,1005.9,1
2020-08-28,Dong_Nai,10.9453,106.824,28.7,79,15.8,90,1005.2,1
2020-08-29,Dong_Nai,10.9453,106.824,28.1,85,13.1,78,1005.6,1
2020-08-30,Dong_Nai,10.9453,106.824,28.0,86,16.6,56,1005.7,1
2020-08-31,Dong_Nai,10.9453,106.824,28.1,85,8.8,80,1006.3,1
2020-09-01,Dong_Nai,10.9453,106.824,27.5,88,7.4,82,1006.7,1
2020-09-02,Dong_Nai,10.9453,106.824,27.8,86,14.3,94,1007.3,1
2020-09-03,Dong_Nai,10.9453,106.824,28.0,86,11.0,84,1007.3,1
2020-09-04,Dong_Nai,10.9453,106.824,27.4,88,14.0,75,1007.6,1
2020-09-05,Dong_Nai,10.9453,106.824,28.1,85,11.9,58,1007.0,1
2020-09-06,Dong_Nai,10.9453,106.824,27.5,86,11.6,86,1007.2,1
2020-09-07,Dong_Nai,10.9453,106.824,27.9,84,11.0,86,1007.3,1
2020-09-08,Dong_Nai,10.9453,106.824,27.9,86,11.2,87,1008.4,1
2020-09-09,Dong_Nai,10.9453,106.824,27.7,88,14.4,93,1008.0,1
2020-09-10,Dong_Nai,10.9453,106.824,27.6,87,10.5,94,1006.3,1
2020-09-11,Dong_Nai,10.9453,106.824,27.5,86,14.2,89,1007.5,1
2020-09-12,Dong_Nai,10.9453,106.824,27.5,85,12.6,77,1009.0,1
2020-09-13,Dong_Nai,10.9453,106.824,26.9,86,11.1,91,1009.2,1
2020-09-14,Dong_Nai,10.9453,106.824,26.1,89,9.7,98,1008.5,1
2020-09-15,Dong_Nai,10.9453,106.824,26.8,86,11.0,84,1008.1,1
2020-09-16,Dong_Nai,10.9453,106.824,27.1,85,11.2,88,1007.3,1
2020-09-17,Dong_Nai,10.9453,106.824,26.7,88,16.1,100,1004.9,1
2020-09-18,Dong_Nai,10.9453,106.824,25.7,92,21.7,100,1003.3,1
2020-09-19,Dong_Nai,10.9453,106.824,25.9,92,18.5,99,1007.3,1
2020-09-20,Dong_Nai,10.9453,106.824,26.7,87,12.2,94,1009.2,1
2020-09-21,Dong_Nai,10.9453,106.824,27.6,86,8.8,88,1008.2,1
2020-09-22,Dong_Nai,10.9453,106.824,27.2,88,10.9,97,1008.0,1
2020-09-23,Dong_Nai,10.9453,106.824,26.9,87,14.5,83,1008.5,1
2020-09-24,Dong_Nai,10.9453,106.824,27.1,87,11.4,81,1009.5,1
2020-09-25,Dong_Nai,10.9453,106.824,27.1,87,11.2,99,1008.6,1
2020-09-26,Dong_Nai,10.9453,106.824,26.8,87,12.6,96,1007.4,1
2020-09-27,Dong_Nai,10.9453,106.824,26.2,91,12.2,93,1006.1,1
2020-09-28,Dong_Nai,10.9453,106.824,25.5,92,19.6,97,1006.9,1
2020-09-29,Dong_Nai,10.9453,106.824,26.3,89,14.4,98,1008.0,1
2020-09-30,Dong_Nai,10.9453,106.824,27.0,88,12.6,89,1006.3,1
2020-10-01,Dong_Nai,10.9453,106.824,27.0,89,12.9,75,1005.4,1
2020-10-02,Dong_Nai,10.9453,106.824,26.4,90,11.9,90,1006.2,1
2020-10-03,Dong_Nai,10.9453,106.824,27.0,88,13.8,92,1007.5,1
2020-10-04,Dong_Nai,10.9453,106.824,26.4,90,9.6,96,1008.3,1
2020-10-05,Dong_Nai,10.9453,106.824,25.7,92,13.1,100,1007.4,1
2020-10-06,Dong_Nai,10.9453,106.824,26.0,91,12.8,99,1006.6,1
2020-10-07,Dong_Nai,10.9453,106.824,25.9,93,13.7,97,1004.6,1
2020-10-08,Dong_Nai,10.9453,106.824,26.3,92,16.3,98,1005.1,1
2020-10-09,Dong_Nai,10.9453,106.824,25.9,92,11.9,100,1006.6,1
2020-10-10,Dong_Nai,10.9453,106.824,25.4,93,7.9,100,1006.3,1
2020-10-11,Dong_Nai,10.9453,106.824,25.4,94,12.3,100,1005.0,1
2020-10-12,Dong_Nai,10.9453,106.824,25.6,92,12.6,99,1003.9,1
2020-10-13,Dong_Nai,10.9453,106.824,25.5,90,10.0,100,1004.6,1
2020-10-14,Dong_Nai,10.9453,106.824,25.4,92,14.3,97,1005.3,1
2020-10-15,Dong_Nai,10.9453,106.824,25.5,92,17.1,99,1005.3,1
2020-10-16,Dong_Nai,10.9453,106.824,25.2,93,15.6,100,1005.0,1
2020-10-17,Dong_Nai,10.9453,106.824,25.4,93,15.5,99,1005.4,1
2020-10-18,Dong_Nai,10.9453,106.824,25.4,95,16.1,98,1007.7,1
2020-10-19,Dong_Nai,10.9453,106.824,26.0,92,9.3,97,1007.7,1
2020-10-20,Dong_Nai,10.9453,106.824,26.8,89,9.3,85,1007.5,1
2020-10-21,Dong_Nai,10.9453,106.824,26.1,91,12.1,99,1007.2,1
2020-10-22,Dong_Nai,10.9453,106.824,26.8,84,11.2,93,1007.1,1
2020-10-23,Dong_Nai,10.9453,106.824,26.7,87,14.3,99,1007.9,1
2020-10-24,Dong_Nai,10.9453,106.824,26.4,87,12.6,89,1008.9,1
2020-10-25,Dong_Nai,10.9453,106.824,25.9,89,10.0,72,1009.1,1
2020-10-26,Dong_Nai,10.9453,106.824,26.4,87,8.9,84,1008.1,1
2020-10-27,Dong_Nai,10.9453,106.824,26.7,82,12.8,100,1006.1,0
2020-10-28,Dong_Nai,10.9453,106.824,26.1,85,20.2,100,1005.1,1
2020-10-29,Dong_Nai,10.9453,106.824,26.0,90,14.6,91,1008.2,1
2020-10-30,Dong_Nai,10.9453,106.824,26.9,87,9.1,50,1009.7,1
2020-10-31,Dong_Nai,10.9453,106.824,27.0,89,7.6,70,1009.4,1
2020-11-01,Dong_Nai,10.9453,106.824,26.9,87,12.3,81,1009.0,1
2020-11-02,Dong_Nai,10.9453,106.824,25.9,89,11.6,79,1009.7,1
2020-11-03,Dong_Nai,10.9453,106.824,26.7,81,8.7,82,1010.1,1
2020-11-04,Dong_Nai,10.9453,106.824,26.4,88,9.7,85,1010.1,1
2020-11-05,Dong_Nai,10.9453,106.824,27.1,83,12.7,80,1009.5,1
2020-11-06,Dong_Nai,10.9453,106.824,26.6,86,11.2,71,1009.9,1
2020-11-07,Dong_Nai,10.9453,106.824,26.6,88,12.2,40,1010.6,1
2020-11-08,Dong_Nai,10.9453,106.824,26.8,82,15.6,73,1009.9,1
2020-11-09,Dong_Nai,10.9453,106.824,25.9,77,18.8,93,1008.2,1
2020-11-10,Dong_Nai,10.9453,106.824,24.6,83,25.8,99,1007.0,1
2020-11-11,Dong_Nai,10.9453,106.824,25.5,84,15.5,79,1009.0,1
2020-11-12,Dong_Nai,10.9453,106.824,26.6,85,10.0,68,1010.0,1
2020-11-13,Dong_Nai,10.9453,106.824,26.6,83,10.7,68,1008.4,1
2020-11-14,Dong_Nai,10.9453,106.824,26.5,77,10.9,78,1008.0,0
2020-11-15,Dong_Nai,10.9453,106.824,26.9,82,9.7,91,1009.6,1
2020-11-16,Dong_Nai,10.9453,106.824,27.0,83,5.9,23,1009.6,1
2020-11-17,Dong_Nai,10.9453,106.824,27.5,82,7.4,38,1008.3,1
2020-11-18,Dong_Nai,10.9453,106.824,27.5,82,9.7,55,1007.8,1
2020-11-19,Dong_Nai,10.9453,106.824,27.0,85,12.0,77,1007.9,1
2020-11-20,Dong_Nai,10.9453,106.824,27.3,82,9.2,61,1008.3,1
2020-11-21,Dong_Nai,10.9453,106.824,27.0,88,10.6,64,1008.6,1
2020-11-22,Dong_Nai,10.9453,106.824,27.2,81,11.9,44,1009.8,0
2020-11-23,Dong_Nai,10.9453,106.824,26.9,86,6.6,29,1009.9,1
2020-11-24,Dong_Nai,10.9453,106.824,27.0,79,8.2,50,1009.6,1
2020-11-25,Dong_Nai,10.9453,106.824,27.4,77,7.7,86,1009.2,0
2020-11-26,Dong_Nai,10.9453,106.824,27.4,76,7.0,84,1009.9,0
2020-11-27,Dong_Nai,10.9453,106.824,27.1,78,7.3,93,1010.0,1
2020-11-28,Dong_Nai,10.9453,106.824,27.0,77,10.5,69,1009.7,1
2020-11-29,Dong_Nai,10.9453,106.824,25.2,89,14.2,100,1009.8,1
2020-11-30,Dong_Nai,10.9453,106.824,26.1,87,8.5,96,1009.2,1
2020-12-01,Dong_Nai,10.9453,106.824,26.0,88,9.2,85,1010.0,1
2020-12-02,Dong_Nai,10.9453,106.824,27.2,80,11.8,55,1009.7,1
2020-12-03,Dong_Nai,10.9453,106.824,26.1,67,10.2,39,1009.5,0
2020-12-04,Dong_Nai,10.9453,106.824,25.3,64,11.7,60,1009.5,0
2020-12-05,Dong_Nai,10.9453,106.824,26.2,67,11.7,73,1010.2,0
2020-12-06,Dong_Nai,10.9453,106.824,26.5,71,8.9,82,1010.4,0
2020-12-07,Dong_Nai,10.9453,106.824,26.0,73,12.5,73,1010.6,1
2020-12-08,Dong_Nai,10.9453,106.824,27.0,67,16.2,94,1010.2,1
2020-12-09,Dong_Nai,10.9453,106.824,25.3,77,10.5,94,1009.1,1
2020-12-10,Dong_Nai,10.9453,106.824,26.6,81,12.0,74,1008.7,1
2020-12-11,Dong_Nai,10.9453,106.824,26.8,85,8.5,94,1009.1,1
2020-12-12,Dong_Nai,10.9453,106.824,27.0,86,11.5,81,1008.4,1
2020-12-13,Dong_Nai,10.9453,106.824,26.5,88,6.1,75,1008.3,1
2020-12-14,Dong_Nai,10.9453,106.824,26.7,87,8.7,83,1008.8,1
2020-12-15,Dong_Nai,10.9453,106.824,26.9,87,11.6,68,1010.0,1
2020-12-16,Dong_Nai,10.9453,106.824,26.8,80,8.8,68,1010.0,0
2020-12-17,Dong_Nai,10.9453,106.824,27.0,77,9.1,54,1009.2,1
2020-12-18,Dong_Nai,10.9453,106.824,27.1,75,10.2,89,1009.1,1
2020-12-19,Dong_Nai,10.9453,106.824,27.3,67,20.3,98,1009.7,0
2020-12-20,Dong_Nai,10.9453,106.824,26.7,58,23.2,99,1009.6,0
2020-12-21,Dong_Nai,10.9453,106.824,26.5,57,25.8,97,1008.6,0
2020-12-22,Dong_Nai,10.9453,106.824,25.3,64,21.8,100,1007.7,1
2020-12-23,Dong_Nai,10.9453,106.824,26.2,75,11.8,91,1007.0,1
2020-12-24,Dong_Nai,10.9453,106.824,26.6,81,19.9,55,1007.7,1
2020-12-25,Dong_Nai,10.9453,106.824,26.9,78,13.2,74,1009.1,1
2020-12-26,Dong_Nai,10.9453,106.824,27.4,75,11.4,63,1009.2,0
2020-12-27,Dong_Nai,10.9453,106.824,27.0,79,15.0,67,1009.0,1
2020-12-28,Dong_Nai,10.9453,106.824,26.9,78,14.6,66,1008.2,0
2020-12-29,Dong_Nai,10.9453,106.824,27.6,75,18.6,93,1008.2,1
2020-12-30,Dong_Nai,10.9453,106.824,27.3,66,19.1,95,1008.9,1
2020-12-31,Dong_Nai,10.9453,106.824,25.7,59,20.5,97,1010.2,1
2021-01-01,Dong_Nai,10.9453,106.824,25.3,58,15.8,98,1010.9,0
2021-01-02,Dong_Nai,10.9453,106.824,25.5,61,8.7,71,1010.4,1
2021-01-03,Dong_Nai,10.9453,106.824,26.4,68,13.7,55,1009.5,1
2021-01-04,Dong_Nai,10.9453,106.824,26.8,70,18.7,66,1009.4,1
2021-01-05,Dong_Nai,10.9453,106.824,27.3,72,12.9,57,1009.7,1
2021-01-06,Dong_Nai,10.9453,106.824,27.7,68,7.6,63,1008.7,0
2021-01-07,Dong_Nai,10.9453,106.824,28.1,65,16.2,43,1008.1,1
2021-01-08,Dong_Nai,10.9453,106.824,27.7,62,13.1,60,1008.2,0
2021-01-09,Dong_Nai,10.9453,106.824,26.6,62,16.7,64,1009.2,0
2021-01-10,Dong_Nai,10.9453,106.824,26.2,63,13.3,79,1009.5,0
2021-01-11,Dong_Nai,10.9453,106.824,26.6,60,20.8,70,1010.5,0
2021-01-12,Dong_Nai,10.9453,106.824,25.7,55,12.1,70,1010.8,0
2021-01-13,Dong_Nai,10.9453,106.824,24.2,60,9.0,32,1011.0,0
2021-01-14,Dong_Nai,10.9453,106.824,24.8,71,14.4,41,1010.7,0
2021-01-15,Dong_Nai,10.9453,106.824,24.9,70,14.6,29,1009.4,0
2021-01-16,Dong_Nai,10.9453,106.824,25.6,69,18.1,43,1009.5,0
2021-01-17,Dong_Nai,10.9453,106.824,26.4,60,17.1,58,1010.9,0
2021-01-18,Dong_Nai,10.9453,106.824,25.8,54,16.0,74,1011.2,1
2021-01-19,Dong_Nai,10.9453,106.824,24.8,57,10.1,91,1010.8,0
2021-01-20,Dong_Nai,10.9453,106.824,25.8,70,16.3,89,1010.3,0
2021-01-21,Dong_Nai,10.9453,106.824,26.5,72,14.5,97,1009.6,0
2021-01-22,Dong_Nai,10.9453,106.824,25.8,83,12.6,88,1009.4,1
2021-01-23,Dong_Nai,10.9453,106.824,25.1,85,10.0,81,1009.9,1
2021-01-24,Dong_Nai,10.9453,106.824,25.6,81,12.4,46,1010.4,1
2021-01-25,Dong_Nai,10.9453,106.824,25.8,80,15.7,67,1009.8,1
2021-01-26,Dong_Nai,10.9453,106.824,26.2,76,13.7,69,1009.2,0
2021-01-27,Dong_Nai,10.9453,106.824,26.3,76,8.1,83,1009.3,1
2021-01-28,Dong_Nai,10.9453,106.824,26.4,76,14.4,84,1010.5,1
2021-01-29,Dong_Nai,10.9453,106.824,25.3,69,12.1,89,1011.1,0
2021-01-30,Dong_Nai,10.9453,106.824,24.8,69,8.5,91,1011.4,0
2021-01-31,Dong_Nai,10.9453,106.824,25.6,74,14.7,87,1011.5,1
2021-02-01,Dong_Nai,10.9453,106.824,26.0,71,12.0,47,1011.7,0
2021-02-02,Dong_Nai,10.9453,106.824,25.7,68,11.6,67,1011.9,0
2021-02-03,Dong_Nai,10.9453,106.824,25.4,72,16.6,72,1011.5,0
2021-02-04,Dong_Nai,10.9453,106.824,25.5,70,10.1,62,1011.8,0
2021-02-05,Dong_Nai,10.9453,106.824,26.5,70,13.8,44,1011.2,0
2021-02-06,Dong_Nai,10.9453,106.824,26.9,72,14.7,75,1009.9,1
2021-02-07,Dong_Nai,10.9453,106.824,27.3,69,8.1,82,1010.1,1
2021-02-08,Dong_Nai,10.9453,106.824,26.5,81,9.4,49,1009.6,1
2021-02-09,Dong_Nai,10.9453,106.824,26.9,78,13.7,35,1008.8,1
2021-02-10,Dong_Nai,10.9453,106.824,26.4,81,9.6,57,1009.1,1
2021-02-11,Dong_Nai,10.9453,106.824,25.9,82,9.7,71,1009.9,1
2021-02-12,Dong_Nai,10.9453,106.824,25.7,75,17.9,47,1011.0,1
2021-02-13,Dong_Nai,10.9453,106.824,25.2,74,17.7,45,1011.6,0
2021-02-14,Dong_Nai,10.9453,106.824,24.7,71,18.2,43,1012.4,0
2021-02-15,Dong_Nai,10.9453,106.824,24.3,74,17.0,12,1011.2,0
2021-02-16,Dong_Nai,10.9453,106.824,24.6,73,19.9,51,1010.6,0
2021-02-17,Dong_Nai,10.9453,106.824,25.4,67,17.4,46,1011.5,0
2021-02-18,Dong_Nai,10.9453,106.824,25.4,65,10.0,39,1013.1,0
2021-02-19,Dong_Nai,10.9453,106.824,25.7,62,14.3,18,1012.9,0
2021-02-20,Dong_Nai,10.9453,106.824,25.0,65,14.5,46,1012.4,0
2021-02-21,Dong_Nai,10.9453,106.824,25.1,66,15.9,48,1011.8,0
2021-02-22,Dong_Nai,10.9453,106.824,24.7,68,19.7,51,1011.1,0
2021-02-23,Dong_Nai,10.9453,106.824,25.3,70,18.3,67,1010.1,0
2021-02-24,Dong_Nai,10.9453,106.824,25.9,73,17.0,47,1009.1,0
2021-02-25,Dong_Nai,10.9453,106.824,26.5,73,16.0,66,1007.7,0
2021-02-26,Dong_Nai,10.9453,106.824,26.8,76,14.5,81,1006.9,0
2021-02-27,Dong_Nai,10.9453,106.824,27.1,75,14.8,47,1007.5,1
2021-02-28,Dong_Nai,10.9453,106.824,27.4,71,15.7,19,1009.0,1
2021-03-01,Dong_Nai,10.9453,106.824,28.1,70,16.7,64,1011.2,0
2021-03-02,Dong_Nai,10.9453,106.824,28.4,69,16.8,71,1011.0,1
2021-03-03,Dong_Nai,10.9453,106.824,28.5,65,16.4,48,1010.6,0
2021-03-04,Dong_Nai,10.9453,106.824,28.8,59,20.5,9,1011.2,0
2021-03-05,Dong_Nai,10.9453,106.824,28.0,58,21.7,1,1011.2,0
2021-03-06,Dong_Nai,10.9453,106.824,28.2,59,17.5,16,1011.6,0
2021-03-07,Dong_Nai,10.9453,106.824,28.3,65,21.1,37,1010.9,0
2021-03-08,Dong_Nai,10.9453,106.824,28.3,59,19.8,26,1011.3,0
2021-03-09,Dong_Nai,10.9453,106.824,28.1,62,14.6,18,1011.2,0
2021-03-10,Dong_Nai,10.9453,106.824,28.2,61,14.6,28,1010.9,0
2021-03-11,Dong_Nai,10.9453,106.824,28.8,60,17.9,29,1010.9,1
2021-03-12,Dong_Nai,10.9453,106.824,29.0,55,17.7,22,1010.9,0
2021-03-13,Dong_Nai,10.9453,106.824,28.6,59,17.4,40,1010.7,0
2021-03-14,Dong_Nai,10.9453,106.824,27.6,68,21.3,40,1009.2,0
2021-03-15,Dong_Nai,10.9453,106.824,27.3,71,18.4,35,1009.1,0
2021-03-16,Dong_Nai,10.9453,106.824,27.6,68,19.5,45,1008.9,0
2021-03-17,Dong_Nai,10.9453,106.824,27.4,71,19.8,65,1008.9,0
2021-03-18,Dong_Nai,10.9453,106.824,27.9,72,21.3,69,1008.3,1
2021-03-19,Dong_Nai,10.9453,106.824,28.5,73,19.4,59,1007.6,1
2021-03-20,Dong_Nai,10.9453,106.824,28.6,72,15.6,52,1006.7,1
2021-03-21,Dong_Nai,10.9453,106.824,28.7,73,15.6,56,1007.3,1
2021-03-22,Dong_Nai,10.9453,106.824,29.3,68,12.0,36,1009.1,0
2021-03-23,Dong_Nai,10.9453,106.824,29.7,61,12.4,81,1008.9,1
2021-03-24,Dong_Nai,10.9453,106.824,28.9,66,17.1,96,1008.2,1
2021-03-25,Dong_Nai,10.9453,106.824,28.5,71,14.5,77,1008.4,1
2021-03-26,Dong_Nai,10.9453,106.824,28.5,69,17.7,54,1007.9,1
2021-03-27,Dong_Nai,10.9453,106.824,28.8,68,18.5,51,1007.5,0
2021-03-28,Dong_Nai,10.9453,106.824,28.5,70,18.2,37,1007.3,0
2021-03-29,Dong_Nai,10.9453,106.824,28.3,72,17.5,27,1006.8,0
2021-03-30,Dong_Nai,10.9453,106.824,28.1,76,13.8,36,1005.9,1
2021-03-31,Dong_Nai,10.9453,106.824,28.9,76,16.5,51,1005.0,0
2021-04-01,Dong_Nai,10.9453,106.824,28.9,74,14.3,43,1005.6,1
2021-04-02,Dong_Nai,10.9453,106.824,29.0,77,15.2,71,1006.4,1
2021-04-03,Dong_Nai,10.9453,106.824,27.9,77,15.0,56,1007.0,1
2021-04-04,Dong_Nai,10.9453,106.824,27.6,79,12.7,69,1007.8,1
2021-04-05,Dong_Nai,10.9453,106.824,28.4,73,13.0,85,1008.8,1
2021-04-06,Dong_Nai,10.9453,106.824,28.8,63,18.5,66,1009.3,0
2021-04-07,Dong_Nai,10.9453,106.824,28.5,66,15.1,40,1009.5,0
2021-04-08,Dong_Nai,10.9453,106.824,28.1,73,11.2,68,1008.9,1
2021-04-09,Dong_Nai,10.9453,106.824,28.0,76,12.5,71,1008.9,1
2021-04-10,Dong_Nai,10.9453,106.824,28.1,75,11.8,63,1010.0,1
2021-04-11,Dong_Nai,10.9453,106.824,28.8,70,13.6,43,1010.7,1
2021-04-12,Dong_Nai,10.9453,106.824,28.0,75,14.8,47,1011.0,1
2021-04-13,Dong_Nai,10.9453,106.824,28.1,78,15.5,44,1010.5,1
2021-04-14,Dong_Nai,10.9453,106.824,28.3,76,14.1,66,1010.1,1
2021-04-15,Dong_Nai,10.9453,106.824,27.1,85,12.3,73,1009.3,1
2021-04-16,Dong_Nai,10.9453,106.824,26.8,85,10.1,78,1009.5,1
2021-04-17,Dong_Nai,10.9453,106.824,27.0,85,9.2,94,1010.6,1
2021-04-18,Dong_Nai,10.9453,106.824,26.9,82,13.0,75,1010.5,1
2021-04-19,Dong_Nai,10.9453,106.824,26.9,86,15.2,57,1009.1,1
2021-04-20,Dong_Nai,10.9453,106.824,27.8,85,9.2,83,1008.5,1
2021-04-21,Dong_Nai,10.9453,106.824,27.2,89,10.5,96,1008.7,1
2021-04-22,Dong_Nai,10.9453,106.824,26.2,91,8.2,98,1008.5,1
2021-04-23,Dong_Nai,10.9453,106.824,26.8,89,12.4,97,1007.7,1
2021-04-24,Dong_Nai,10.9453,106.824,27.8,84,14.0,59,1007.8,1
2021-04-25,Dong_Nai,10.9453,106.824,27.7,85,11.5,67,1008.4,1
2021-04-26,Dong_Nai,10.9453,106.824,28.2,83,11.9,75,1008.1,1
2021-04-27,Dong_Nai,10.9453,106.824,26.9,88,10.7,85,1009.8,1
2021-04-28,Dong_Nai,10.9453,106.824,27.6,82,12.3,85,1010.4,1
2021-04-29,Dong_Nai,10.9453,106.824,27.9,76,10.9,31,1009.8,1
2021-04-30,Dong_Nai,10.9453,106.824,28.4,75,14.0,60,1009.4,1
2021-05-01,Dong_Nai,10.9453,106.824,27.9,83,11.9,65,1009.8,1
2021-05-02,Dong_Nai,10.9453,106.824,29.1,73,14.3,45,1009.1,1
2021-05-03,Dong_Nai,10.9453,106.824,28.7,76,15.2,63,1007.6,1
2021-05-04,Dong_Nai,10.9453,106.824,29.0,73,13.2,40,1006.9,1
2021-05-05,Dong_Nai,10.9453,106.824,29.5,72,13.6,69,1007.1,1
2021-05-06,Dong_Nai,10.9453,106.824,29.1,77,14.3,97,1008.8,1
2021-05-07,Dong_Nai,10.9453,106.824,28.2,82,13.9,98,1009.4,1
2021-05-08,Dong_Nai,10.9453,106.824,28.5,79,12.1,98,1008.1,1
2021-05-09,Dong_Nai,10.9453,106.824,28.7,81,14.5,65,1007.6,1
2021-05-10,Dong_Nai,10.9453,106.824,29.0,79,12.4,31,1007.3,1
2021-05-11,Dong_Nai,10.9453,106.824,29.2,78,10.6,43,1006.9,1
2021-05-12,Dong_Nai,10.9453,106.824,29.1,81,14.4,73,1006.3,1
2021-05-13,Dong_Nai,10.9453,106.824,28.8,82,14.4,70,1005.8,1
2021-05-14,Dong_Nai,10.9453,106.824,28.2,85,12.3,86,1006.2,1
2021-05-15,Dong_Nai,10.9453,106.824,28.7,82,13.0,87,1006.8,1
2021-05-16,Dong_Nai,10.9453,106.824,29.0,81,11.5,40,1006.5,1
2021-05-17,Dong_Nai,10.9453,106.824,27.8,85,12.7,92,1007.6,1
2021-05-18,Dong_Nai,10.9453,106.824,27.8,85,12.6,77,1007.8,1
2021-05-19,Dong_Nai,10.9453,106.824,28.2,84,15.5,91,1007.2,1
2021-05-20,Dong_Nai,10.9453,106.824,28.6,82,12.6,68,1007.4,1
2021-05-21,Dong_Nai,10.9453,106.824,27.6,86,9.4,93,1007.4,1
2021-05-22,Dong_Nai,10.9453,106.824,26.4,91,15.4,100,1006.8,1
2021-05-23,Dong_Nai,10.9453,106.824,26.9,90,14.4,96,1006.1,1
2021-05-24,Dong_Nai,10.9453,106.824,26.8,90,14.2,99,1006.8,1
2021-05-25,Dong_Nai,10.9453,106.824,26.2,93,8.6,96,1007.1,1
2021-05-26,Dong_Nai,10.9453,106.824,26.3,92,14.3,98,1007.2,1
2021-05-27,Dong_Nai,10.9453,106.824,26.6,91,13.1,86,1007.6,1
2021-05-28,Dong_Nai,10.9453,106.824,27.3,89,12.4,42,1009.0,1
2021-05-29,Dong_Nai,10.9453,106.824,27.8,87,13.0,44,1008.9,1
2021-05-30,Dong_Nai,10.9453,106.824,28.6,83,11.8,26,1007.4,1
2021-05-31,Dong_Nai,10.9453,106.824,28.8,85,9.9,52,1005.9,1
2021-06-01,Dong_Nai,10.9453,106.824,28.6,87,8.7,69,1006.4,1
2021-06-02,Dong_Nai,10.9453,106.824,28.3,87,9.3,91,1006.9,1
2021-06-03,Dong_Nai,10.9453,106.824,28.6,86,10.2,64,1007.6,1
2021-06-04,Dong_Nai,10.9453,106.824,29.3,81,11.4,75,1007.3,1
2021-06-05,Dong_Nai,10.9453,106.824,28.6,84,14.2,84,1007.4,1
2021-06-06,Dong_Nai,10.9453,106.824,28.0,85,15.3,98,1007.2,1
2021-06-07,Dong_Nai,10.9453,106.824,27.6,85,15.2,98,1008.0,1
2021-06-08,Dong_Nai,10.9453,106.824,26.5,91,14.2,99,1008.8,1
2021-06-09,Dong_Nai,10.9453,106.824,26.8,90,14.8,95,1007.9,1
2021-06-10,Dong_Nai,10.9453,106.824,26.6,91,15.5,96,1006.6,1
2021-06-11,Dong_Nai,10.9453,106.824,27.2,86,21.9,97,1005.5,1
2021-06-12,Dong_Nai,10.9453,106.824,26.5,87,17.8,100,1006.8,1
2021-06-13,Dong_Nai,10.9453,106.824,27.4,83,20.6,85,1007.8,1
2021-06-14,Dong_Nai,10.9453,106.824,27.7,83,14.8,53,1007.8,1
2021-06-15,Dong_Nai,10.9453,106.824,27.1,88,15.8,63,1007.2,1
2021-06-16,Dong_Nai,10.9453,106.824,27.2,88,12.6,86,1008.6,1
2021-06-17,Dong_Nai,10.9453,106.824,28.4,79,9.4,72,1009.1,1
2021-06-18,Dong_Nai,10.9453,106.824,28.0,83,9.8,62,1009.6,1
2021-06-19,Dong_Nai,10.9453,106.824,27.5,86,13.8,66,1009.0,1
2021-06-20,Dong_Nai,10.9453,106.824,27.6,85,14.1,57,1007.8,1
2021-06-21,Dong_Nai,10.9453,106.824,27.5,86,17.6,62,1007.4,1
2021-06-22,Dong_Nai,10.9453,106.824,27.2,87,16.2,59,1008.3,1
2021-06-23,Dong_Nai,10.9453,106.824,27.0,87,16.0,46,1008.9,1
2021-06-24,Dong_Nai,10.9453,106.824,27.3,86,16.1,36,1007.6,1
2021-06-25,Dong_Nai,10.9453,106.824,28.0,82,13.0,58,1006.9,1
2021-06-26,Dong_Nai,10.9453,106.824,27.9,85,13.1,46,1008.3,1
2021-06-27,Dong_Nai,10.9453,106.824,28.4,81,12.3,27,1009.3,1
2021-06-28,Dong_Nai,10.9453,106.824,28.0,84,12.9,52,1008.3,1
2021-06-29,Dong_Nai,10.9453,106.824,28.0,87,12.8,51,1007.7,1
2021-06-30,Dong_Nai,10.9453,106.824,27.9,85,11.8,70,1007.9,1
2021-07-01,Dong_Nai,10.9453,106.824,28.0,83,10.6,36,1008.1,1
2021-07-02,Dong_Nai,10.9453,106.824,28.5,79,10.1,15,1008.2,1
2021-07-03,Dong_Nai,10.9453,106.824,28.9,81,10.7,37,1006.6,1
2021-07-04,Dong_Nai,10.9453,106.824,28.0,88,17.3,82,1005.9,1
2021-07-05,Dong_Nai,10.9453,106.824,26.8,90,15.6,88,1005.4,1
2021-07-06,Dong_Nai,10.9453,106.824,26.1,92,16.8,99,1005.3,1
2021-07-07,Dong_Nai,10.9453,106.824,26.3,91,15.7,97,1006.6,1
2021-07-08,Dong_Nai,10.9453,106.824,25.7,92,13.2,98,1007.3,1
2021-07-09,Dong_Nai,10.9453,106.824,25.6,90,12.5,96,1007.0,1
2021-07-10,Dong_Nai,10.9453,106.824,26.8,88,11.8,66,1007.0,1
2021-07-11,Dong_Nai,10.9453,106.824,27.3,85,16.6,57,1008.1,1
2021-07-12,Dong_Nai,10.9453,106.824,27.4,85,13.6,81,1008.1,1
2021-07-13,Dong_Nai,10.9453,106.824,27.1,89,12.9,97,1007.2,1
2021-07-14,Dong_Nai,10.9453,106.824,26.6,88,12.6,94,1006.4,1
2021-07-15,Dong_Nai,10.9453,106.824,25.9,92,8.8,100,1007.8,1
2021-07-16,Dong_Nai,10.9453,106.824,27.6,82,15.0,81,1008.7,1
2021-07-17,Dong_Nai,10.9453,106.824,27.9,81,14.2,86,1006.7,1
2021-07-18,Dong_Nai,10.9453,106.824,26.6,90,18.4,96,1006.1,1
2021-07-19,Dong_Nai,10.9453,106.824,26.6,86,16.6,99,1007.1,1
2021-07-20,Dong_Nai,10.9453,106.824,27.4,85,19.0,76,1007.8,1
2021-07-21,Dong_Nai,10.9453,106.824,27.1,87,24.6,74,1007.5,1
2021-07-22,Dong_Nai,10.9453,106.824,27.0,87,17.8,85,1006.9,1
2021-07-23,Dong_Nai,10.9453,106.824,27.3,86,16.3,96,1006.4,1
2021-07-24,Dong_Nai,10.9453,106.824,27.8,83,20.0,96,1006.0,1
2021-07-25,Dong_Nai,10.9453,106.824,27.2,86,24.4,72,1006.7,1
2021-07-26,Dong_Nai,10.9453,106.824,27.6,84,22.9,55,1006.0,1
2021-07-27,Dong_Nai,10.9453,106.824,27.7,83,19.6,47,1005.4,1
2021-07-28,Dong_Nai,10.9453,106.824,27.2,86,17.5,85,1005.3,1
2021-07-29,Dong_Nai,10.9453,106.824,26.7,88,21.9,95,1006.3,1
2021-07-30,Dong_Nai,10.9453,106.824,26.8,89,19.8,91,1007.3,1
2021-07-31,Dong_Nai,10.9453,106.824,27.1,87,15.8,88,1007.4,1
2021-08-01,Dong_Nai,10.9453,106.824,27.8,83,20.2,77,1006.2,1
2021-08-02,Dong_Nai,10.9453,106.824,27.8,83,19.3,66,1006.3,1
2021-08-03,Dong_Nai,10.9453,106.824,27.9,81,19.6,86,1007.1,1
2021-08-04,Dong_Nai,10.9453,106.824,27.8,82,20.5,94,1007.6,1
2021-08-05,Dong_Nai,10.9453,106.824,27.7,84,19.9,88,1007.6,1
2021-08-06,Dong_Nai,10.9453,106.824,28.0,82,20.3,89,1007.8,1
2021-08-07,Dong_Nai,10.9453,106.824,27.9,85,18.7,81,1008.2,1
2021-08-08,Dong_Nai,10.9453,106.824,28.0,84,13.0,97,1007.8,1
2021-08-09,Dong_Nai,10.9453,106.824,28.2,83,14.8,74,1006.9,1
2021-08-10,Dong_Nai,10.9453,106.824,27.4,88,15.0,78,1006.4,1
2021-08-11,Dong_Nai,10.9453,106.824,27.0,89,18.9,81,1008.6,1
2021-08-12,Dong_Nai,10.9453,106.824,26.7,91,13.4,86,1010.4,1
2021-08-13,Dong_Nai,10.9453,106.824,26.7,88,13.2,95,1008.7,1
2021-08-14,Dong_Nai,10.9453,106.824,26.8,90,12.9,96,1007.5,1
2021-08-15,Dong_Nai,10.9453,106.824,27.0,85,10.5,85,1009.2,1
2021-08-16,Dong_Nai,10.9453,106.824,27.8,82,8.3,39,1011.0,1
2021-08-17,Dong_Nai,10.9453,106.824,27.2,87,8.4,97,1010.2,1
2021-08-18,Dong_Nai,10.9453,106.824,27.2,85,12.7,84,1008.3,1
2021-08-19,Dong_Nai,10.9453,106.824,27.1,86,10.8,80,1007.9,1
2021-08-20,Dong_Nai,10.9453,106.824,27.0,87,10.2,78,1008.6,1
2021-08-21,Dong_Nai,10.9453,106.824,27.6,82,11.1,31,1008.7,1
2021-08-22,Dong_Nai,10.9453,106.824,27.5,84,11.2,84,1008.0,1
2021-08-23,Dong_Nai,10.9453,106.824,27.1,86,15.2,87,1007.5,1
2021-08-24,Dong_Nai,10.9453,106.824,26.5,89,16.0,87,1006.8,1
2021-08-25,Dong_Nai,10.9453,106.824,25.6,90,14.8,98,1007.3,1
2021-08-26,Dong_Nai,10.9453,106.824,25.5,92,12.9,98,1007.7,1
2021-08-27,Dong_Nai,10.9453,106.824,26.6,87,18.9,96,1007.3,1
2021-08-28,Dong_Nai,10.9453,106.824,25.9,89,8.5,96,1007.1,1
2021-08-29,Dong_Nai,10.9453,106.824,26.3,89,10.5,86,1006.9,1
2021-08-30,Dong_Nai,10.9453,106.824,26.2,90,10.4,92,1007.7,1
2021-08-31,Dong_Nai,10.9453,106.824,26.7,88,12.2,95,1008.3,1
2021-09-01,Dong_Nai,10.9453,106.824,26.9,87,13.5,95,1007.9,1
2021-09-02,Dong_Nai,10.9453,106.824,26.4,89,14.4,98,1007.8,1
2021-09-03,Dong_Nai,10.9453,106.824,26.3,88,11.5,98,1007.3,1
2021-09-04,Dong_Nai,10.9453,106.824,25.9,89,18.1,99,1007.8,1
2021-09-05,Dong_Nai,10.9453,106.824,26.0,89,11.4,90,1008.2,1
2021-09-06,Dong_Nai,10.9453,106.824,26.5,88,9.0,77,1008.3,1
2021-09-07,Dong_Nai,10.9453,106.824,26.4,89,16.6,94,1007.4,1
2021-09-08,Dong_Nai,10.9453,106.824,26.7,88,17.8,91,1006.2,1
2021-09-09,Dong_Nai,10.9453,106.824,26.3,89,15.5,97,1007.7,1
2021-09-10,Dong_Nai,10.9453,106.824,26.6,89,19.5,100,1007.8,1
2021-09-11,Dong_Nai,10.9453,106.824,27.2,83,25.3,100,1006.3,1
2021-09-12,Dong_Nai,10.9453,106.824,27.3,83,23.1,90,1004.1,1
2021-09-13,Dong_Nai,10.9453,106.824,26.6,88,14.4,89,1005.4,1
2021-09-14,Dong_Nai,10.9453,106.824,26.1,91,15.1,98,1007.8,1
2021-09-15,Dong_Nai,10.9453,106.824,25.8,89,15.1,94,1009.4,1
2021-09-16,Dong_Nai,10.9453,106.824,26.4,89,10.2,95,1009.3,1
2021-09-17,Dong_Nai,10.9453,106.824,26.9,88,7.4,89,1008.6,1
2021-09-18,Dong_Nai,10.9453,106.824,27.1,87,8.4,71,1008.1,1
2021-09-19,Dong_Nai,10.9453,106.824,25.4,91,8.6,98,1008.2,1
2021-09-20,Dong_Nai,10.9453,106.824,26.0,90,16.6,95,1007.9,1
2021-09-21,Dong_Nai,10.9453,106.824,26.4,88,17.8,75,1007.6,1
2021-09-22,Dong_Nai,10.9453,106.824,26.4,89,14.0,67,1007.9,1
2021-09-23,Dong_Nai,10.9453,106.824,26.4,89,16.6,100,1008.1,1
2021-09-24,Dong_Nai,10.9453,106.824,26.4,90,18.4,98,1008.1,1
2021-09-25,Dong_Nai,10.9453,106.824,26.3,90,15.0,92,1007.8,1
2021-09-26,Dong_Nai,10.9453,106.824,26.2,88,10.2,93,1007.1,1
2021-09-27,Dong_Nai,10.9453,106.824,27.6,84,10.8,58,1007.3,1
2021-09-28,Dong_Nai,10.9453,106.824,27.3,88,6.6,81,1007.8,1
2021-09-29,Dong_Nai,10.9453,106.824,27.6,85,7.3,59,1007.3,1
2021-09-30,Dong_Nai,10.9453,106.824,26.6,90,8.0,82,1008.2,1
2021-10-01,Dong_Nai,10.9453,106.824,26.7,88,9.4,90,1008.7,1
2021-10-02,Dong_Nai,10.9453,106.824,26.1,90,10.6,89,1009.2,1
2021-10-03,Dong_Nai,10.9453,106.824,26.2,88,7.3,94,1008.2,1
2021-10-04,Dong_Nai,10.9453,106.824,27.4,85,8.4,98,1006.6,1
2021-10-05,Dong_Nai,10.9453,106.824,26.6,88,10.0,95,1005.4,1
2021-10-06,Dong_Nai,10.9453,106.824,25.8,92,9.1,100,1004.1,1
2021-10-07,Dong_Nai,10.9453,106.824,25.9,92,12.7,100,1003.6,1
2021-10-08,Dong_Nai,10.9453,106.824,26.4,91,19.9,99,1004.1,1
2021-10-09,Dong_Nai,10.9453,106.824,26.5,90,19.5,99,1005.8,1
2021-10-10,Dong_Nai,10.9453,106.824,27.1,87,17.6,90,1005.2,1
2021-10-11,Dong_Nai,10.9453,106.824,26.4,91,13.0,98,1005.0,1
2021-10-12,Dong_Nai,10.9453,106.824,25.9,90,17.3,100,1004.7,1
2021-10-13,Dong_Nai,10.9453,106.824,25.8,90,19.1,100,1003.7,1
2021-10-14,Dong_Nai,10.9453,106.824,26.2,91,23.4,100,1005.0,1
2021-10-15,Dong_Nai,10.9453,106.824,26.9,87,10.8,94,1006.0,1
2021-10-16,Dong_Nai,10.9453,106.824,25.8,91,8.5,100,1007.4,1
2021-10-17,Dong_Nai,10.9453,106.824,25.5,89,13.2,100,1007.8,1
2021-10-18,Dong_Nai,10.9453,106.824,26.9,85,13.5,95,1009.4,1
2021-10-19,Dong_Nai,10.9453,106.824,26.7,88,13.2,97,1011.9,1
2021-10-20,Dong_Nai,10.9453,106.824,25.5,92,8.6,98,1012.0,1
2021-10-21,Dong_Nai,10.9453,106.824,26.4,87,8.6,100,1010.9,1
2021-10-22,Dong_Nai,10.9453,106.824,25.7,91,8.4,100,1011.4,1
2021-10-23,Dong_Nai,10.9453,106.824,25.9,89,10.3,81,1011.5,1
2021-10-24,Dong_Nai,10.9453,106.824,26.3,87,11.5,75,1010.1,1
2021-10-25,Dong_Nai,10.9453,106.824,26.4,88,9.3,98,1008.6,1
2021-10-26,Dong_Nai,10.9453,106.824,26.5,83,11.9,99,1007.6,1
2021-10-27,Dong_Nai,10.9453,106.824,25.6,88,13.0,100,1007.9,1
2021-10-28,Dong_Nai,10.9453,106.824,26.8,82,12.8,57,1009.7,1
2021-10-29,Dong_Nai,10.9453,106.824,26.6,85,15.6,66,1011.1,1
2021-10-30,Dong_Nai,10.9453,106.824,26.5,86,10.7,86,1010.9,1
2021-10-31,Dong_Nai,10.9453,106.824,26.2,88,12.4,66,1011.3,1
2021-11-01,Dong_Nai,10.9453,106.824,26.8,88,9.0,78,1010.5,1
2021-11-02,Dong_Nai,10.9453,106.824,27.0,84,11.1,97,1010.2,1
2021-11-03,Dong_Nai,10.9453,106.824,27.0,83,16.7,83,1009.5,1
2021-11-04,Dong_Nai,10.9453,106.824,27.1,81,13.4,90,1009.3,1
2021-11-05,Dong_Nai,10.9453,106.824,26.7,88,20.0,75,1008.2,1
2021-11-06,Dong_Nai,10.9453,106.824,26.7,88,10.2,81,1006.6,1
2021-11-07,Dong_Nai,10.9453,106.824,27.2,86,11.0,64,1006.6,1
2021-11-08,Dong_Nai,10.9453,106.824,27.7,84,12.7,60,1007.6,1
2021-11-09,Dong_Nai,10.9453,106.824,26.5,89,7.2,100,1008.6,1
2021-11-10,Dong_Nai,10.9453,106.824,27.1,83,14.3,90,1008.4,1
2021-11-11,Dong_Nai,10.9453,106.824,26.1,91,9.4,99,1008.6,1
2021-11-12,Dong_Nai,10.9453,106.824,26.3,88,10.7,98,1009.1,1
2021-11-13,Dong_Nai,10.9453,106.824,26.3,88,15.2,97,1009.1,1
2021-11-14,Dong_Nai,10.9453,106.824,25.6,90,6.5,99,1009.5,1
2021-11-15,Dong_Nai,10.9453,106.824,26.1,90,12.5,95,1008.2,1
2021-11-16,Dong_Nai,10.9453,106.824,25.9,90,9.4,100,1008.3,1
2021-11-17,Dong_Nai,10.9453,106.824,25.9,91,14.7,98,1008.6,1
2021-11-18,Dong_Nai,10.9453,106.824,26.3,89,13.3,91,1007.8,1
2021-11-19,Dong_Nai,10.9453,106.824,26.7,85,12.0,87,1006.9,1
2021-11-20,Dong_Nai,10.9453,106.824,26.0,91,9.7,85,1006.9,1
2021-11-21,Dong_Nai,10.9453,106.824,26.5,88,14.6,93,1007.7,1
2021-11-22,Dong_Nai,10.9453,106.824,25.9,90,13.7,86,1008.8,1
2021-11-23,Dong_Nai,10.9453,106.824,26.4,88,10.7,84,1008.4,1
2021-11-24,Dong_Nai,10.9453,106.824,26.6,85,15.6,74,1009.1,1
2021-11-25,Dong_Nai,10.9453,106.824,26.0,88,9.2,97,1009.3,1
2021-11-26,Dong_Nai,10.9453,106.824,26.2,77,13.7,96,1008.8,1
2021-11-27,Dong_Nai,10.9453,106.824,24.8,85,16.0,100,1008.7,1
2021-11-28,Dong_Nai,10.9453,106.824,25.3,89,9.0,100,1007.8,1
2021-11-29,Dong_Nai,10.9453,106.824,25.4,92,11.6,100,1007.6,1
2021-11-30,Dong_Nai,10.9453,106.824,25.5,89,18.4,98,1008.7,1
2021-12-01,Dong_Nai,10.9453,106.824,25.3,86,9.6,90,1009.8,1
2021-12-02,Dong_Nai,10.9453,106.824,25.3,79,8.3,79,1010.7,0
2021-12-03,Dong_Nai,10.9453,106.824,24.6,79,10.7,93,1012.2,0
2021-12-04,Dong_Nai,10.9453,106.824,23.5,78,10.8,100,1012.3,0
2021-12-05,Dong_Nai,10.9453,106.824,23.8,77,9.6,82,1011.2,0
2021-12-06,Dong_Nai,10.9453,106.824,25.0,80,11.3,53,1010.7,1
2021-12-07,Dong_Nai,10.9453,106.824,25.1,79,9.5,90,1011.2,0
2021-12-08,Dong_Nai,10.9453,106.824,25.2,79,8.4,61,1011.5,1
2021-12-09,Dong_Nai,10.9453,106.824,25.4,86,8.0,38,1011.6,1
2021-12-10,Dong_Nai,10.9453,106.824,25.3,79,9.5,68,1011.4,0
2021-12-11,Dong_Nai,10.9453,106.824,25.1,81,7.4,71,1011.7,0
2021-12-12,Dong_Nai,10.9453,106.824,25.9,78,8.6,70,1010.7,0
2021-12-13,Dong_Nai,10.9453,106.824,26.4,73,11.6,90,1010.2,0
2021-12-14,Dong_Nai,10.9453,106.824,26.3,74,9.8,61,1008.9,0
2021-12-15,Dong_Nai,10.9453,106.824,26.6,78,7.6,66,1008.5,1
2021-12-16,Dong_Nai,10.9453,106.824,27.3,81,8.5,53,1008.9,1
2021-12-17,Dong_Nai,10.9453,106.824,27.4,78,10.1,97,1009.0,1
2021-12-18,Dong_Nai,10.9453,106.824,26.8,67,21.3,89,1008.9,0
2021-12-19,Dong_Nai,10.9453,106.824,26.2,61,22.7,100,1008.9,0
2021-12-20,Dong_Nai,10.9453,106.824,25.3,72,8.7,98,1011.0,0
2021-12-21,Dong_Nai,10.9453,106.824,26.1,75,11.6,48,1011.4,0
2021-12-22,Dong_Nai,10.9453,106.824,26.0,83,13.8,65,1010.7,1
2021-12-23,Dong_Nai,10.9453,106.824,26.2,80,11.7,67,1010.5,1
2021-12-24,Dong_Nai,10.9453,106.824,26.3,79,6.2,60,1010.5,0
2021-12-25,Dong_Nai,10.9453,106.824,26.8,79,8.8,48,1010.9,1
2021-12-26,Dong_Nai,10.9453,106.824,26.9,78,7.6,50,1011.8,1
2021-12-27,Dong_Nai,10.9453,106.824,26.0,85,11.5,73,1012.4,1
2021-12-28,Dong_Nai,10.9453,106.824,26.0,85,11.5,70,1011.9,1
2021-12-29,Dong_Nai,10.9453,106.824,26.3,78,9.0,87,1011.7,1
2021-12-30,Dong_Nai,10.9453,106.824,27.0,66,12.9,92,1012.4,1
2021-12-31,Dong_Nai,10.9453,106.824,26.5,65,14.2,79,1012.5,0
2022-01-01,Dong_Nai,10.9453,106.824,26.7,64,12.2,60,1012.2,0
2022-01-02,Dong_Nai,10.9453,106.824,26.9,68,12.9,84,1011.5,0
2022-01-03,Dong_Nai,10.9453,106.824,26.8,72,11.4,100,1010.8,0
2022-01-04,Dong_Nai,10.9453,106.824,26.5,77,15.5,85,1010.8,1
2022-01-05,Dong_Nai,10.9453,106.824,26.4,81,5.2,72,1010.8,1
2022-01-06,Dong_Nai,10.9453,106.824,26.2,84,13.2,79,1011.2,1
2022-01-07,Dong_Nai,10.9453,106.824,26.8,79,14.4,34,1011.8,0
2022-01-08,Dong_Nai,10.9453,106.824,26.7,70,15.2,51,1011.5,1
2022-01-09,Dong_Nai,10.9453,106.824,26.5,75,19.2,28,1010.7,0
2022-01-10,Dong_Nai,10.9453,106.824,26.6,78,9.4,49,1011.2,1
2022-01-11,Dong_Nai,10.9453,106.824,26.5,72,15.8,28,1012.0,1
2022-01-12,Dong_Nai,10.9453,106.824,25.4,68,17.3,65,1012.6,0
2022-01-13,Dong_Nai,10.9453,106.824,25.5,72,12.6,57,1012.6,0
2022-01-14,Dong_Nai,10.9453,106.824,25.3,65,11.2,79,1012.6,0
2022-01-15,Dong_Nai,10.9453,106.824,25.7,70,14.1,51,1012.0,0
2022-01-16,Dong_Nai,10.9453,106.824,26.2,68,15.1,38,1011.7,0
2022-01-17,Dong_Nai,10.9453,106.824,26.6,69,8.1,70,1011.7,0
2022-01-18,Dong_Nai,10.9453,106.824,26.6,69,15.7,50,1010.8,0
2022-01-19,Dong_Nai,10.9453,106.824,26.4,70,14.7,65,1009.9,0
2022-01-20,Dong_Nai,10.9453,106.824,26.5,71,18.0,27,1009.5,0
2022-01-21,Dong_Nai,10.9453,106.824,26.7,69,18.1,6,1009.8,0
2022-01-22,Dong_Nai,10.9453,106.824,26.7,69,18.0,7,1009.1,0
2022-01-23,Dong_Nai,10.9453,106.824,26.6,74,17.6,18,1009.2,1
2022-01-24,Dong_Nai,10.9453,106.824,26.9,75,16.4,67,1009.2,0
2022-01-25,Dong_Nai,10.9453,106.824,26.5,78,11.9,64,1009.4,1
2022-01-26,Dong_Nai,10.9453,106.824,27.4,73,18.4,14,1009.3,1
2022-01-27,Dong_Nai,10.9453,106.824,27.2,73,21.6,49,1009.0,1
2022-01-28,Dong_Nai,10.9453,106.824,27.2,72,13.7,79,1009.5,0
2022-01-29,Dong_Nai,10.9453,106.824,27.1,77,18.1,41,1009.3,1
2022-01-30,Dong_Nai,10.9453,106.824,26.9,75,16.7,48,1009.7,1
2022-01-31,Dong_Nai,10.9453,106.824,27.4,69,19.5,14,1009.4,0
2022-02-01,Dong_Nai,10.9453,106.824,28.1,62,18.9,17,1009.4,0
2022-02-02,Dong_Nai,10.9453,106.824,28.0,63,19.9,45,1010.2,0
2022-02-03,Dong_Nai,10.9453,106.824,28.2,66,19.8,26,1009.7,0
2022-02-04,Dong_Nai,10.9453,106.824,28.5,66,15.0,56,1009.2,0
2022-02-05,Dong_Nai,10.9453,106.824,27.9,66,9.4,79,1009.6,1
2022-02-06,Dong_Nai,10.9453,106.824,27.9,61,15.8,96,1010.2,1
2022-02-07,Dong_Nai,10.9453,106.824,28.6,63,16.2,39,1009.9,1
2022-02-08,Dong_Nai,10.9453,106.824,28.6,61,19.1,64,1009.7,1
2022-02-09,Dong_Nai,10.9453,106.824,28.8,60,14.0,79,1009.5,1
2022-02-10,Dong_Nai,10.9453,106.824,28.6,65,17.5,91,1008.9,1
2022-02-11,Dong_Nai,10.9453,106.824,28.4,65,16.6,85,1008.2,1
2022-02-12,Dong_Nai,10.9453,106.824,28.2,66,18.4,97,1007.6,0
2022-02-13,Dong_Nai,10.9453,106.824,27.5,72,20.1,60,1006.8,1
2022-02-14,Dong_Nai,10.9453,106.824,28.3,71,18.8,39,1007.2,1
2022-02-15,Dong_Nai,10.9453,106.824,28.3,68,24.7,26,1007.9,1
2022-02-16,Dong_Nai,10.9453,106.824,28.2,67,21.9,15,1007.4,1
2022-02-17,Dong_Nai,10.9453,106.824,28.1,69,17.0,45,1007.3,1
2022-02-18,Dong_Nai,10.9453,106.824,28.4,71,18.6,38,1008.1,1
2022-02-19,Dong_Nai,10.9453,106.824,27.9,75,16.4,67,1009.5,1
2022-02-20,Dong_Nai,10.9453,106.824,27.2,78,15.8,99,1009.3,1
2022-02-21,Dong_Nai,10.9453,106.824,26.8,78,18.7,70,1010.1,1
2022-02-22,Dong_Nai,10.9453,106.824,26.5,81,13.3,66,1011.1,1
2022-02-23,Dong_Nai,10.9453,106.824,27.0,78,12.7,60,1011.7,1
2022-02-24,Dong_Nai,10.9453,106.824,26.6,67,14.7,83,1012.1,1
2022-02-25,Dong_Nai,10.9453,106.824,26.8,63,15.1,87,1011.9,0
2022-02-26,Dong_Nai,10.9453,106.824,27.4,67,11.8,51,1011.3,0
2022-02-27,Dong_Nai,10.9453,106.824,28.1,65,11.8,65,1010.9,1
2022-02-28,Dong_Nai,10.9453,106.824,28.4,63,13.2,54,1010.3,1
2022-03-01,Dong_Nai,10.9453,106.824,28.6,61,13.1,34,1010.3,1
2022-03-02,Dong_Nai,10.9453,106.824,27.9,63,12.6,85,1009.9,0
2022-03-03,Dong_Nai,10.9453,106.824,28.6,67,14.5,46,1009.6,0
2022-03-04,Dong_Nai,10.9453,106.824,29.0,61,17.7,90,1008.7,0
2022-03-05,Dong_Nai,10.9453,106.824,28.7,67,17.1,85,1008.4,1
2022-03-06,Dong_Nai,10.9453,106.824,28.9,65,20.9,76,1008.4,1
2022-03-07,Dong_Nai,10.9453,106.824,28.6,66,20.1,99,1009.0,1
2022-03-08,Dong_Nai,10.9453,106.824,28.3,64,15.9,46,1008.5,0
2022-03-09,Dong_Nai,10.9453,106.824,28.2,63,18.6,80,1008.3,1
2022-03-10,Dong_Nai,10.9453,106.824,27.1,69,18.8,91,1007.9,1
2022-03-11,Dong_Nai,10.9453,106.824,27.8,65,20.8,38,1006.8,0
2022-03-12,Dong_Nai,10.9453,106.824,27.9,69,19.6,90,1006.5,0
2022-03-13,Dong_Nai,10.9453,106.824,28.8,69,16.6,80,1006.5,1
2022-03-14,Dong_Nai,10.9453,106.824,28.8,70,19.9,65,1007.2,1
2022-03-15,Dong_Nai,10.9453,106.824,28.6,73,17.8,65,1006.6,0
2022-03-16,Dong_Nai,10.9453,106.824,28.4,70,16.9,89,1006.7,1
2022-03-17,Dong_Nai,10.9453,106.824,28.4,71,16.3,82,1006.6,0
2022-03-18,Dong_Nai,10.9453,106.824,28.5,74,14.4,58,1006.8,1
2022-03-19,Dong_Nai,10.9453,106.824,28.4,74,17.4,100,1006.3,1
2022-03-20,Dong_Nai,10.9453,106.824,28.7,74,16.3,85,1007.3,1
2022-03-21,Dong_Nai,10.9453,106.824,28.6,72,21.9,88,1008.9,1
2022-03-22,Dong_Nai,10.9453,106.824,27.6,77,17.1,94,1009.7,1
2022-03-23,Dong_Nai,10.9453,106.824,27.9,78,16.0,71,1009.1,1
2022-03-24,Dong_Nai,10.9453,106.824,28.1,78,18.3,44,1008.5,1
2022-03-25,Dong_Nai,10.9453,106.824,29.0,74,17.2,7,1009.3,0
2022-03-26,Dong_Nai,10.9453,106.824,29.2,73,15.5,12,1009.7,1
2022-03-27,Dong_Nai,10.9453,106.824,28.7,74,14.2,49,1009.7,1
2022-03-28,Dong_Nai,10.9453,106.824,28.3,76,20.1,72,1009.4,1
2022-03-29,Dong_Nai,10.9453,106.824,27.4,80,15.6,73,1008.9,1
2022-03-30,Dong_Nai,10.9453,106.824,27.8,77,13.1,87,1007.8,1
2022-03-31,Dong_Nai,10.9453,106.824,26.5,85,13.0,100,1007.8,1
2022-04-01,Dong_Nai,10.9453,106.824,25.7,89,17.3,88,1009.2,1
2022-04-02,Dong_Nai,10.9453,106.824,27.0,81,14.1,87,1009.8,1
2022-04-03,Dong_Nai,10.9453,106.824,26.1,82,12.4,61,1010.1,1
2022-04-04,Dong_Nai,10.9453,106.824,26.1,83,9.9,80,1011.0,1
2022-04-05,Dong_Nai,10.9453,106.824,26.3,84,9.5,78,1011.2,1
2022-04-06,Dong_Nai,10.9453,106.824,27.1,81,15.7,89,1010.1,1
2022-04-07,Dong_Nai,10.9453,106.824,26.8,84,11.5,100,1009.3,1
2022-04-08,Dong_Nai,10.9453,106.824,27.3,78,15.8,85,1009.0,1
2022-04-09,Dong_Nai,10.9453,106.824,27.1,79,15.0,87,1008.5,1
2022-04-10,Dong_Nai,10.9453,106.824,27.1,78,14.4,70,1008.4,1
2022-04-11,Dong_Nai,10.9453,106.824,27.5,78,13.8,67,1008.2,1
2022-04-12,Dong_Nai,10.9453,106.824,27.4,81,13.4,61,1007.4,1
2022-04-13,Dong_Nai,10.9453,106.824,28.3,80,12.7,42,1006.1,1
2022-04-14,Dong_Nai,10.9453,106.824,27.8,82,12.0,90,1006.5,1
2022-04-15,Dong_Nai,10.9453,106.824,26.8,86,12.6,92,1007.2,1
2022-04-16,Dong_Nai,10.9453,106.824,26.5,88,12.0,83,1007.4,1
2022-04-17,Dong_Nai,10.9453,106.824,27.6,81,12.6,84,1007.7,1
2022-04-18,Dong_Nai,10.9453,106.824,28.3,74,13.5,61,1008.4,0
2022-04-19,Dong_Nai,10.9453,106.824,28.5,73,11.3,39,1009.0,0
2022-04-20,Dong_Nai,10.9453,106.824,28.0,78,11.3,68,1008.6,1
2022-04-21,Dong_Nai,10.9453,106.824,28.4,74,18.8,43,1008.3,1
2022-04-22,Dong_Nai,10.9453,106.824,28.9,72,12.4,44,1008.5,1
2022-04-23,Dong_Nai,10.9453,106.824,29.0,75,11.2,44,1007.8,1
2022-04-24,Dong_Nai,10.9453,106.824,28.6,80,21.4,76,1006.8,1
2022-04-25,Dong_Nai,10.9453,106.824,28.8,78,15.3,89,1006.7,1
2022-04-26,Dong_Nai,10.9453,106.824,28.3,80,17.1,79,1006.9,1
2022-04-27,Dong_Nai,10.9453,106.824,29.8,75,13.0,62,1006.2,1
2022-04-28,Dong_Nai,10.9453,106.824,29.4,75,17.6,80,1006.5,1
2022-04-29,Dong_Nai,10.9453,106.824,25.2,92,12.3,98,1007.3,1
2022-04-30,Dong_Nai,10.9453,106.824,26.1,88,14.9,100,1006.1,1
2022-05-01,Dong_Nai,10.9453,106.824,26.5,88,14.5,98,1006.0,1
2022-05-02,Dong_Nai,10.9453,106.824,26.9,86,12.2,99,1006.7,1
2022-05-03,Dong_Nai,10.9453,106.824,25.7,90,10.8,100,1008.6,1
2022-05-04,Dong_Nai,10.9453,106.824,26.6,86,14.0,88,1008.2,1
2022-05-05,Dong_Nai,10.9453,106.824,27.4,84,13.5,87,1006.7,1
2022-05-06,Dong_Nai,10.9453,106.824,27.7,83,12.7,92,1006.5,1
2022-05-07,Dong_Nai,10.9453,106.824,28.1,77,17.6,100,1006.6,1
2022-05-08,Dong_Nai,10.9453,106.824,27.3,82,17.0,100,1007.1,1
2022-05-09,Dong_Nai,10.9453,106.824,28.4,79,16.3,99,1007.4,1
2022-05-10,Dong_Nai,10.9453,106.824,27.8,84,10.0,99,1007.5,1
2022-05-11,Dong_Nai,10.9453,106.824,28.2,85,15.9,91,1007.3,1
2022-05-12,Dong_Nai,10.9453,106.824,27.3,87,12.8,100,1007.5,1
2022-05-13,Dong_Nai,10.9453,106.824,27.9,86,12.7,84,1006.9,1
2022-05-14,Dong_Nai,10.9453,106.824,28.1,86,10.7,77,1007.5,1
2022-05-15,Dong_Nai,10.9453,106.824,28.2,85,13.8,71,1008.2,1
2022-05-16,Dong_Nai,10.9453,106.824,26.5,89,15.8,99,1008.4,1
2022-05-17,Dong_Nai,10.9453,106.824,26.3,90,15.9,100,1008.5,1
2022-05-18,Dong_Nai,10.9453,106.824,26.6,88,13.9,100,1009.2,1
2022-05-19,Dong_Nai,10.9453,106.824,26.1,90,13.7,98,1009.6,1
2022-05-20,Dong_Nai,10.9453,106.824,27.3,87,11.6,93,1007.8,1
2022-05-21,Dong_Nai,10.9453,106.824,27.2,88,16.7,97,1006.1,1
2022-05-22,Dong_Nai,10.9453,106.824,26.6,90,24.2,100,1004.7,1
2022-05-23,Dong_Nai,10.9453,106.824,26.8,86,20.3,99,1005.3,1
2022-05-24,Dong_Nai,10.9453,106.824,27.9,85,12.6,95,1007.6,1
2022-05-25,Dong_Nai,10.9453,106.824,27.8,85,13.7,100,1007.8,1
2022-05-26,Dong_Nai,10.9453,106.824,27.1,88,11.7,96,1006.2,1
2022-05-27,Dong_Nai,10.9453,106.824,26.4,90,18.7,100,1005.2,1
2022-05-28,Dong_Nai,10.9453,106.824,25.7,90,15.1,100,1005.5,1
2022-05-29,Dong_Nai,10.9453,106.824,26.4,88,17.5,100,1005.8,1
2022-05-30,Dong_Nai,10.9453,106.824,26.5,90,16.6,99,1005.7,1
2022-05-31,Dong_Nai,10.9453,106.824,27.3,87,14.6,71,1005.4,1
2022-06-01,Dong_Nai,10.9453,106.824,26.4,90,11.8,97,1006.2,1
2022-06-02,Dong_Nai,10.9453,106.824,26.6,87,19.8,99,1007.2,1
2022-06-03,Dong_Nai,10.9453,106.824,26.2,89,11.7,96,1007.7,1
2022-06-04,Dong_Nai,10.9453,106.824,26.4,88,14.1,96,1008.6,1
2022-06-05,Dong_Nai,10.9453,106.824,27.5,83,13.4,44,1007.2,1
2022-06-06,Dong_Nai,10.9453,106.824,27.5,86,12.6,62,1006.3,1
2022-06-07,Dong_Nai,10.9453,106.824,26.9,87,14.5,98,1006.6,1
2022-06-08,Dong_Nai,10.9453,106.824,27.7,84,9.5,95,1006.9,1
2022-06-09,Dong_Nai,10.9453,106.824,28.3,82,13.5,90,1006.5,1
2022-06-10,Dong_Nai,10.9453,106.824,26.8,87,14.6,100,1007.2,1
2022-06-11,Dong_Nai,10.9453,106.824,27.7,83,10.3,89,1007.3,1
2022-06-12,Dong_Nai,10.9453,106.824,27.0,85,10.5,96,1007.9,1
2022-06-13,Dong_Nai,10.9453,106.824,27.5,85,13.7,91,1007.6,1
2022-06-14,Dong_Nai,10.9453,106.824,28.3,83,13.0,88,1007.5,1
2022-06-15,Dong_Nai,10.9453,106.824,27.7,85,10.6,96,1008.2,1
2022-06-16,Dong_Nai,10.9453,106.824,27.5,86,11.4,100,1009.0,1
2022-06-17,Dong_Nai,10.9453,106.824,27.2,86,12.9,97,1008.5,1
2022-06-18,Dong_Nai,10.9453,106.824,27.5,85,14.7,71,1008.2,1
2022-06-19,Dong_Nai,10.9453,106.824,27.3,86,13.3,85,1007.3,1
2022-06-20,Dong_Nai,10.9453,106.824,27.3,87,16.8,66,1005.7,1
2022-06-21,Dong_Nai,10.9453,106.824,26.5,86,15.5,96,1006.1,1
2022-06-22,Dong_Nai,10.9453,106.824,26.4,88,16.6,94,1008.1,1
2022-06-23,Dong_Nai,10.9453,106.824,26.4,88,15.8,83,1008.3,1
2022-06-24,Dong_Nai,10.9453,106.824,26.6,86,11.5,85,1007.4,1
2022-06-25,Dong_Nai,10.9453,106.824,26.8,86,9.6,92,1006.5,1
2022-06-26,Dong_Nai,10.9453,106.824,27.4,86,12.6,94,1007.6,1
2022-06-27,Dong_Nai,10.9453,106.824,27.9,84,13.5,57,1007.7,1
2022-06-28,Dong_Nai,10.9453,106.824,26.5,88,11.5,96,1006.4,1
2022-06-29,Dong_Nai,10.9453,106.824,27.6,85,13.3,100,1003.7,1
2022-06-30,Dong_Nai,10.9453,106.824,26.9,89,15.6,100,1003.5,1
2022-07-01,Dong_Nai,10.9453,106.824,26.6,89,16.4,100,1004.1,1
2022-07-02,Dong_Nai,10.9453,106.824,26.9,89,24.2,100,1004.7,1
2022-07-03,Dong_Nai,10.9453,106.824,27.1,89,14.0,100,1005.5,1
2022-07-04,Dong_Nai,10.9453,106.824,27.2,88,17.7,99,1005.6,1
2022-07-05,Dong_Nai,10.9453,106.824,27.0,88,15.4,98,1006.1,1
2022-07-06,Dong_Nai,10.9453,106.824,27.0,88,18.0,99,1007.0,1
2022-07-07,Dong_Nai,10.9453,106.824,27.3,85,16.3,100,1006.8,1
2022-07-08,Dong_Nai,10.9453,106.824,26.1,91,15.0,100,1006.5,1
2022-07-09,Dong_Nai,10.9453,106.824,26.0,92,13.0,100,1005.3,1
2022-07-10,Dong_Nai,10.9453,106.824,25.9,89,17.8,100,1005.4,1
2022-07-11,Dong_Nai,10.9453,106.824,25.9,88,15.9,100,1005.6,1
2022-07-12,Dong_Nai,10.9453,106.824,25.6,91,15.4,100,1004.5,1
2022-07-13,Dong_Nai,10.9453,106.824,26.0,88,18.6,100,1003.8,1
2022-07-14,Dong_Nai,10.9453,106.824,26.5,85,16.2,99,1004.4,1
2022-07-15,Dong_Nai,10.9453,106.824,26.3,89,15.3,99,1005.8,1
2022-07-16,Dong_Nai,10.9453,106.824,26.8,88,20.2,79,1006.8,1
2022-07-17,Dong_Nai,10.9453,106.824,26.5,89,17.7,97,1007.9,1
2022-07-18,Dong_Nai,10.9453,106.824,26.9,87,13.0,63,1006.6,1
2022-07-19,Dong_Nai,10.9453,106.824,26.9,88,14.8,96,1005.6,1
2022-07-20,Dong_Nai,10.9453,106.824,26.1,92,15.3,100,1006.3,1
2022-07-21,Dong_Nai,10.9453,106.824,26.0,90,16.2,99,1008.8,1
2022-07-22,Dong_Nai,10.9453,106.824,27.6,80,12.4,83,1009.1,0
2022-07-23,Dong_Nai,10.9453,106.824,27.1,84,11.2,99,1008.3,1
2022-07-24,Dong_Nai,10.9453,106.824,27.8,81,12.1,60,1006.7,0
2022-07-25,Dong_Nai,10.9453,106.824,27.1,88,10.4,60,1007.2,1
2022-07-26,Dong_Nai,10.9453,106.824,26.6,89,16.1,93,1007.5,1
2022-07-27,Dong_Nai,10.9453,106.824,26.7,87,14.5,100,1007.2,1
2022-07-28,Dong_Nai,10.9453,106.824,27.2,86,17.1,44,1007.0,1
2022-07-29,Dong_Nai,10.9453,106.824,28.2,80,14.8,31,1006.2,1
2022-07-30,Dong_Nai,10.9453,106.824,27.5,85,11.5,98,1006.0,1
2022-07-31,Dong_Nai,10.9453,106.824,27.3,84,15.2,97,1005.1,1
2022-08-01,Dong_Nai,10.9453,106.824,26.1,89,11.5,99,1005.8,1
2022-08-02,Dong_Nai,10.9453,106.824,27.1,87,12.1,100,1006.7,1
2022-08-03,Dong_Nai,10.9453,106.824,26.3,90,14.6,96,1007.9,1
2022-08-04,Dong_Nai,10.9453,106.824,26.7,88,13.2,99,1007.4,1
2022-08-05,Dong_Nai,10.9453,106.824,26.8,86,19.0,100,1006.9,1
2022-08-06,Dong_Nai,10.9453,106.824,25.5,90,15.0,100,1006.5,1
2022-08-07,Dong_Nai,10.9453,106.824,25.9,88,16.1,100,1006.2,1
2022-08-08,Dong_Nai,10.9453,106.824,25.2,89,13.4,100,1006.5,1
2022-08-09,Dong_Nai,10.9453,106.824,25.7,88,21.6,99,1005.9,1
2022-08-10,Dong_Nai,10.9453,106.824,26.2,88,23.1,90,1005.6,1
2022-08-11,Dong_Nai,10.9453,106.824,25.9,89,15.3,100,1006.8,1
2022-08-12,Dong_Nai,10.9453,106.824,26.4,87,13.5,86,1007.7,1
2022-08-13,Dong_Nai,10.9453,106.824,28.0,79,10.7,55,1007.7,0
2022-08-14,Dong_Nai,10.9453,106.824,27.3,86,9.8,65,1007.5,1
2022-08-15,Dong_Nai,10.9453,106.824,26.4,90,13.0,100,1007.2,1
2022-08-16,Dong_Nai,10.9453,106.824,26.2,89,22.6,87,1007.1,1
2022-08-17,Dong_Nai,10.9453,106.824,26.7,87,16.0,93,1007.5,1
2022-08-18,Dong_Nai,10.9453,106.824,27.0,87,17.2,67,1007.0,1
2022-08-19,Dong_Nai,10.9453,106.824,27.0,88,14.8,96,1006.3,1
2022-08-20,Dong_Nai,10.9453,106.824,26.4,90,18.6,100,1006.1,1
2022-08-21,Dong_Nai,10.9453,106.824,26.7,88,15.5,99,1006.3,1
2022-08-22,Dong_Nai,10.9453,106.824,27.1,86,12.4,98,1007.0,1
2022-08-23,Dong_Nai,10.9453,106.824,26.9,87,13.9,100,1007.1,1
2022-08-24,Dong_Nai,10.9453,106.824,27.3,86,15.0,93,1005.8,1
2022-08-25,Dong_Nai,10.9453,106.824,26.3,89,19.4,100,1006.1,1
2022-08-26,Dong_Nai,10.9453,106.824,25.8,91,16.8,100,1008.2,1
2022-08-27,Dong_Nai,10.9453,106.824,26.9,86,14.2,74,1008.0,1
2022-08-28,Dong_Nai,10.9453,106.824,26.5,88,11.0,95,1006.9,1
2022-08-29,Dong_Nai,10.9453,106.824,27.1,85,15.8,79,1007.6,1
2022-08-30,Dong_Nai,10.9453,106.824,26.8,89,18.5,75,1007.8,1
2022-08-31,Dong_Nai,10.9453,106.824,26.9,85,11.2,98,1007.3,1
2022-09-01,Dong_Nai,10.9453,106.824,27.1,86,10.9,51,1007.1,1
2022-09-02,Dong_Nai,10.9453,106.824,27.3,86,10.0,72,1007.4,1
2022-09-03,Dong_Nai,10.9453,106.824,26.8,87,13.3,100,1007.0,1
2022-09-04,Dong_Nai,10.9453,106.824,26.6,87,19.1,95,1007.8,1
2022-09-05,Dong_Nai,10.9453,106.824,26.4,88,18.5,100,1008.2,1
2022-09-06,Dong_Nai,10.9453,106.824,26.3,89,13.6,100,1007.6,1
2022-09-07,Dong_Nai,10.9453,106.824,25.5,91,17.9,100,1008.1,1
2022-09-08,Dong_Nai,10.9453,106.824,26.5,85,19.1,94,1009.3,1
2022-09-09,Dong_Nai,10.9453,106.824,26.9,84,12.1,87,1009.3,1
2022-09-10,Dong_Nai,10.9453,106.824,26.3,87,12.5,95,1009.0,1
2022-09-11,Dong_Nai,10.9453,106.824,26.0,89,13.7,99,1008.4,1
2022-09-12,Dong_Nai,10.9453,106.824,26.1,89,10.3,81,1007.8,1
2022-09-13,Dong_Nai,10.9453,106.824,26.8,88,12.9,72,1008.6,1
2022-09-14,Dong_Nai,10.9453,106.824,26.6,87,16.8,92,1009.7,1
2022-09-15,Dong_Nai,10.9453,106.824,26.1,89,21.6,97,1009.0,1
2022-09-16,Dong_Nai,10.9453,106.824,26.1,89,13.0,95,1006.9,1
2022-09-17,Dong_Nai,10.9453,106.824,26.4,89,16.3,98,1007.2,1
2022-09-18,Dong_Nai,10.9453,106.824,26.3,87,20.4,100,1008.1,1
2022-09-19,Dong_Nai,10.9453,106.824,26.0,89,14.7,88,1008.0,1
2022-09-20,Dong_Nai,10.9453,106.824,26.1,88,17.8,98,1007.0,1
2022-09-21,Dong_Nai,10.9453,106.824,26.0,88,11.0,99,1006.5,1
2022-09-22,Dong_Nai,10.9453,106.824,25.9,90,15.1,100,1007.0,1
2022-09-23,Dong_Nai,10.9453,106.824,26.8,85,15.2,100,1007.6,1
2022-09-24,Dong_Nai,10.9453,106.824,26.8,87,12.2,99,1007.0,1
2022-09-25,Dong_Nai,10.9453,106.824,25.9,90,15.5,100,1007.6,1
2022-09-26,Dong_Nai,10.9453,106.824,25.8,89,13.6,100,1007.4,1
2022-09-27,Dong_Nai,10.9453,106.824,25.3,89,20.7,100,1005.2,1
2022-09-28,Dong_Nai,10.9453,106.824,25.6,90,22.9,100,1002.6,1
2022-09-29,Dong_Nai,10.9453,106.824,25.8,89,22.3,99,1005.0,1
2022-09-30,Dong_Nai,10.9453,106.824,26.3,89,15.4,98,1007.7,1
2022-10-01,Dong_Nai,10.9453,106.824,25.7,92,15.6,100,1008.3,1
2022-10-02,Dong_Nai,10.9453,106.824,25.9,89,11.0,100,1007.8,1
2022-10-03,Dong_Nai,10.9453,106.824,26.4,86,13.5,100,1007.7,1
2022-10-04,Dong_Nai,10.9453,106.824,26.4,87,8.6,99,1008.7,1
2022-10-05,Dong_Nai,10.9453,106.824,25.8,90,19.3,85,1009.2,1
2022-10-06,Dong_Nai,10.9453,106.824,25.7,91,12.4,98,1009.6,1
2022-10-07,Dong_Nai,10.9453,106.824,26.4,86,12.2,72,1009.0,1
2022-10-08,Dong_Nai,10.9453,106.824,25.3,91,9.5,100,1009.7,1
2022-10-09,Dong_Nai,10.9453,106.824,26.2,87,11.5,100,1010.0,1
2022-10-10,Dong_Nai,10.9453,106.824,25.6,88,11.0,100,1010.7,1
2022-10-11,Dong_Nai,10.9453,106.824,25.9,88,13.0,97,1009.8,1
2022-10-12,Dong_Nai,10.9453,106.824,26.3,88,11.4,92,1008.6,1
2022-10-13,Dong_Nai,10.9453,106.824,26.8,80,18.0,100,1007.1,0
2022-10-14,Dong_Nai,10.9453,106.824,26.0,81,17.9,100,1005.7,1
2022-10-15,Dong_Nai,10.9453,106.824,25.5,79,11.2,88,1005.7,0
2022-10-16,Dong_Nai,10.9453,106.824,25.8,81,9.8,75,1008.3,0
2022-10-17,Dong_Nai,10.9453,106.824,27.0,79,10.9,94,1008.6,1
2022-10-18,Dong_Nai,10.9453,106.824,26.3,86,8.6,84,1008.1,1
2022-10-19,Dong_Nai,10.9453,106.824,25.6,89,15.9,88,1008.2,1
2022-10-20,Dong_Nai,10.9453,106.824,25.7,88,16.8,88,1009.7,1
2022-10-21,Dong_Nai,10.9453,106.824,26.5,86,12.3,87,1010.5,1
2022-10-22,Dong_Nai,10.9453,106.824,26.9,84,14.5,87,1010.5,1
2022-10-23,Dong_Nai,10.9453,106.824,26.7,85,10.2,96,1010.4,1
2022-10-24,Dong_Nai,10.9453,106.824,26.8,88,10.7,89,1009.2,1
2022-10-25,Dong_Nai,10.9453,106.824,26.5,87,13.4,99,1009.1,1
2022-10-26,Dong_Nai,10.9453,106.824,26.3,89,15.7,79,1008.6,1
2022-10-27,Dong_Nai,10.9453,106.824,26.0,90,10.0,98,1008.3,1
2022-10-28,Dong_Nai,10.9453,106.824,26.5,87,14.8,100,1006.6,1
2022-10-29,Dong_Nai,10.9453,106.824,26.3,82,12.0,93,1006.4,1
2022-10-30,Dong_Nai,10.9453,106.824,26.8,81,12.4,95,1006.3,1
2022-10-31,Dong_Nai,10.9453,106.824,26.7,79,13.5,100,1007.1,1
2022-11-01,Dong_Nai,10.9453,106.824,26.4,82,15.5,91,1008.3,1
2022-11-02,Dong_Nai,10.9453,106.824,25.7,85,13.0,91,1009.1,1
2022-11-03,Dong_Nai,10.9453,106.824,25.2,84,12.3,93,1009.9,1
2022-11-04,Dong_Nai,10.9453,106.824,25.1,91,12.2,86,1011.3,1
2022-11-05,Dong_Nai,10.9453,106.824,25.6,88,9.3,82,1012.2,1
2022-11-06,Dong_Nai,10.9453,106.824,26.0,86,11.2,97,1011.6,1
2022-11-07,Dong_Nai,10.9453,106.824,26.6,85,7.6,84,1010.5,1
2022-11-08,Dong_Nai,10.9453,106.824,27.3,81,11.9,99,1009.7,0
2022-11-09,Dong_Nai,10.9453,106.824,27.3,81,9.7,90,1009.7,1
2022-11-10,Dong_Nai,10.9453,106.824,27.1,86,5.0,85,1009.2,1
2022-11-11,Dong_Nai,10.9453,106.824,26.8,88,10.5,88,1008.9,1
2022-11-12,Dong_Nai,10.9453,106.824,26.4,88,13.7,93,1008.5,1
2022-11-13,Dong_Nai,10.9453,106.824,27.0,84,17.7,84,1008.4,1
2022-11-14,Dong_Nai,10.9453,106.824,27.1,84,11.6,58,1008.7,1
2022-11-15,Dong_Nai,10.9453,106.824,26.8,86,9.8,72,1008.8,1
2022-11-16,Dong_Nai,10.9453,106.824,27.3,84,9.4,52,1007.9,1
2022-11-17,Dong_Nai,10.9453,106.824,27.2,86,10.1,44,1007.5,1
2022-11-18,Dong_Nai,10.9453,106.824,26.5,86,14.4,80,1008.2,1
2022-11-19,Dong_Nai,10.9453,106.824,24.8,91,13.1,100,1007.0,1
2022-11-20,Dong_Nai,10.9453,106.824,24.7,94,11.2,100,1005.0,1
2022-11-21,Dong_Nai,10.9453,106.824,25.7,89,7.4,100,1004.6,1
2022-11-22,Dong_Nai,10.9453,106.824,25.2,93,12.0,100,1005.8,1
2022-11-23,Dong_Nai,10.9453,106.824,25.6,90,19.5,93,1007.5,1
2022-11-24,Dong_Nai,10.9453,106.824,25.6,89,19.4,90,1009.1,1
2022-11-25,Dong_Nai,10.9453,106.824,25.9,87,14.3,54,1010.2,1
2022-11-26,Dong_Nai,10.9453,106.824,25.4,91,16.1,76,1009.8,1
2022-11-27,Dong_Nai,10.9453,106.824,26.2,87,14.5,85,1008.6,1
2022-11-28,Dong_Nai,10.9453,106.824,26.7,86,12.6,29,1008.8,1
2022-11-29,Dong_Nai,10.9453,106.824,26.9,81,10.1,28,1009.1,1
2022-11-30,Dong_Nai,10.9453,106.824,26.9,81,9.7,54,1009.0,1
2022-12-01,Dong_Nai,10.9453,106.824,27.4,82,8.0,89,1008.0,1
2022-12-02,Dong_Nai,10.9453,106.824,27.0,78,14.2,95,1007.1,1
2022-12-03,Dong_Nai,10.9453,106.824,26.1,84,14.7,100,1007.8,1
2022-12-04,Dong_Nai,10.9453,106.824,26.8,85,11.9,98,1008.4,1
2022-12-05,Dong_Nai,10.9453,106.824,26.9,84,7.2,83,1008.8,1
2022-12-06,Dong_Nai,10.9453,106.824,26.6,85,8.9,59,1008.2,1
2022-12-07,Dong_Nai,10.9453,106.824,25.8,88,8.1,98,1008.1,1
2022-12-08,Dong_Nai,10.9453,106.824,26.8,83,10.2,49,1007.9,0
2022-12-09,Dong_Nai,10.9453,106.824,26.4,84,11.2,83,1007.8,1
2022-12-10,Dong_Nai,10.9453,106.824,26.4,82,11.8,86,1008.0,1
2022-12-11,Dong_Nai,10.9453,106.824,26.4,79,14.5,57,1009.1,0
2022-12-12,Dong_Nai,10.9453,106.824,25.4,78,16.7,54,1009.8,0
2022-12-13,Dong_Nai,10.9453,106.824,24.9,75,10.9,62,1010.0,0
2022-12-14,Dong_Nai,10.9453,106.824,25.2,82,6.6,56,1010.2,1
2022-12-15,Dong_Nai,10.9453,106.824,25.9,75,8.0,58,1008.6,1
2022-12-16,Dong_Nai,10.9453,106.824,26.8,81,10.5,100,1007.7,0
2022-12-17,Dong_Nai,10.9453,106.824,27.2,74,18.2,96,1007.9,0
2022-12-18,Dong_Nai,10.9453,106.824,26.5,59,25.5,83,1008.5,0
2022-12-19,Dong_Nai,10.9453,106.824,25.3,65,16.3,59,1008.4,0
2022-12-20,Dong_Nai,10.9453,106.824,25.4,72,9.4,76,1007.6,0
2022-12-21,Dong_Nai,10.9453,106.824,26.2,76,11.3,99,1007.5,1
2022-12-22,Dong_Nai,10.9453,106.824,25.8,78,18.0,76,1007.7,0
2022-12-23,Dong_Nai,10.9453,106.824,24.5,68,10.5,69,1009.6,0
2022-12-24,Dong_Nai,10.9453,106.824,24.1,63,16.3,99,1010.7,0
2022-12-25,Dong_Nai,10.9453,106.824,24.4,63,10.2,97,1012.0,0
2022-12-26,Dong_Nai,10.9453,106.824,24.2,71,9.4,100,1013.2,0
2022-12-27,Dong_Nai,10.9453,106.824,24.6,70,13.4,100,1013.0,0
2022-12-28,Dong_Nai,10.9453,106.824,25.1,74,14.3,85,1012.9,0
2022-12-29,Dong_Nai,10.9453,106.824,25.7,73,15.0,85,1012.9,0
2022-12-30,Dong_Nai,10.9453,106.824,25.6,74,14.3,100,1013.7,1
2022-12-31,Dong_Nai,10.9453,106.824,25.2,63,12.9,100,1013.1,0
2023-01-01,Dong_Nai,10.9453,106.824,25.3,67,11.3,82,1012.2,0
2023-01-02,Dong_Nai,10.9453,106.824,25.9,77,9.7,89,1012.6,1
2023-01-03,Dong_Nai,10.9453,106.824,26.2,80,11.8,72,1011.7,1
2023-01-04,Dong_Nai,10.9453,106.824,26.7,65,18.3,100,1010.9,0
2023-01-05,Dong_Nai,10.9453,106.824,24.2,78,20.2,100,1010.7,1
2023-01-06,Dong_Nai,10.9453,106.824,24.1,74,18.5,100,1010.4,1
2023-01-07,Dong_Nai,10.9453,106.824,23.8,80,17.4,100,1009.6,1
2023-01-08,Dong_Nai,10.9453,106.824,23.7,84,9.0,100,1010.1,1
2023-01-09,Dong_Nai,10.9453,106.824,24.5,91,9.1,99,1011.3,1
2023-01-10,Dong_Nai,10.9453,106.824,24.6,87,17.6,94,1010.8,1
2023-01-11,Dong_Nai,10.9453,106.824,25.5,79,14.3,74,1010.2,1
2023-01-12,Dong_Nai,10.9453,106.824,25.2,84,13.0,55,1010.2,1
2023-01-13,Dong_Nai,10.9453,106.824,25.7,85,9.5,85,1010.3,1
2023-01-14,Dong_Nai,10.9453,106.824,26.8,82,8.6,59,1008.6,1
2023-01-15,Dong_Nai,10.9453,106.824,26.6,79,11.8,44,1008.0,0
2023-01-16,Dong_Nai,10.9453,106.824,26.1,81,13.8,35,1010.1,1
2023-01-17,Dong_Nai,10.9453,106.824,25.4,77,11.3,94,1011.3,1
2023-01-18,Dong_Nai,10.9453,106.824,25.4,72,15.5,98,1012.0,0
2023-01-19,Dong_Nai,10.9453,106.824,25.8,70,14.0,99,1011.3,0
2023-01-20,Dong_Nai,10.9453,106.824,26.2,73,8.5,99,1010.5,1
2023-01-21,Dong_Nai,10.9453,106.824,26.7,72,9.4,100,1009.4,0
2023-01-22,Dong_Nai,10.9453,106.824,27.0,77,7.4,95,1008.7,1
2023-01-23,Dong_Nai,10.9453,106.824,27.5,77,9.3,91,1007.9,1
2023-01-24,Dong_Nai,10.9453,106.824,27.4,72,9.0,87,1008.8,1
2023-01-25,Dong_Nai,10.9453,106.824,26.2,61,15.0,98,1009.1,0
2023-01-26,Dong_Nai,10.9453,106.824,26.2,64,12.2,96,1009.2,0
2023-01-27,Dong_Nai,10.9453,106.824,26.2,75,16.3,91,1008.9,1
2023-01-28,Dong_Nai,10.9453,106.824,26.7,58,15.4,91,1008.7,0
2023-01-29,Dong_Nai,10.9453,106.824,25.2,60,12.2,86,1009.9,0
2023-01-30,Dong_Nai,10.9453,106.824,24.6,64,13.7,80,1011.0,0
2023-01-31,Dong_Nai,10.9453,106.824,25.9,74,15.8,59,1009.5,0
2023-02-01,Dong_Nai,10.9453,106.824,26.3,76,12.8,75,1008.9,1
2023-02-02,Dong_Nai,10.9453,106.824,27.2,76,14.5,49,1009.2,1
2023-02-03,Dong_Nai,10.9453,106.824,27.9,68,15.5,88,1009.0,0
2023-02-04,Dong_Nai,10.9453,106.824,27.7,66,15.5,63,1008.5,1
2023-02-05,Dong_Nai,10.9453,106.824,27.4,66,11.5,63,1008.3,0
2023-02-06,Dong_Nai,10.9453,106.824,27.0,68,16.3,70,1008.8,0
2023-02-07,Dong_Nai,10.9453,106.824,27.2,69,20.3,90,1009.3,1
2023-02-08,Dong_Nai,10.9453,106.824,27.4,72,16.3,37,1009.2,1
2023-02-09,Dong_Nai,10.9453,106.824,27.9,65,15.1,9,1009.1,1
2023-02-10,Dong_Nai,10.9453,106.824,27.6,61,18.8,41,1009.3,0
2023-02-11,Dong_Nai,10.9453,106.824,27.3,70,21.8,61,1009.5,0
2023-02-12,Dong_Nai,10.9453,106.824,27.7,70,18.4,92,1009.7,0
2023-02-13,Dong_Nai,10.9453,106.824,27.4,74,18.7,98,1009.9,0
2023-02-14,Dong_Nai,10.9453,106.824,26.8,76,19.1,91,1009.9,0
2023-02-15,Dong_Nai,10.9453,106.824,27.4,66,12.8,70,1010.2,1
2023-02-16,Dong_Nai,10.9453,106.824,26.4,63,16.8,61,1011.0,0
2023-02-17,Dong_Nai,10.9453,106.824,26.8,67,15.6,74,1011.0,1
2023-02-18,Dong_Nai,10.9453,106.824,26.1,76,13.5,86,1010.9,0
2023-02-19,Dong_Nai,10.9453,106.824,27.1,76,15.0,91,1010.1,1
2023-02-20,Dong_Nai,10.9453,106.824,26.1,76,19.9,65,1010.4,1
2023-02-21,Dong_Nai,10.9453,106.824,26.6,70,14.8,83,1011.2,0
2023-02-22,Dong_Nai,10.9453,106.824,26.5,70,15.1,80,1011.2,1
2023-02-23,Dong_Nai,10.9453,106.824,26.9,69,15.6,64,1010.2,0
2023-02-24,Dong_Nai,10.9453,106.824,26.8,69,17.2,55,1010.4,0
2023-02-25,Dong_Nai,10.9453,106.824,26.3,63,14.0,53,1012.8,0
2023-02-26,Dong_Nai,10.9453,106.824,27.1,55,16.8,76,1013.7,0
2023-02-27,Dong_Nai,10.9453,106.824,27.3,58,14.2,92,1013.6,0
2023-02-28,Dong_Nai,10.9453,106.824,27.3,66,15.0,94,1012.7,0
2023-03-01,Dong_Nai,10.9453,106.824,27.4,70,14.0,91,1012.9,0
2023-03-02,Dong_Nai,10.9453,106.824,27.9,65,8.7,75,1012.5,0
2023-03-03,Dong_Nai,10.9453,106.824,26.9,66,13.4,69,1013.7,0
2023-03-04,Dong_Nai,10.9453,106.824,26.4,64,14.5,91,1014.7,0
2023-03-05,Dong_Nai,10.9453,106.824,25.7,64,12.1,62,1014.0,0
2023-03-06,Dong_Nai,10.9453,106.824,25.7,65,13.1,42,1013.0,0
2023-03-07,Dong_Nai,10.9453,106.824,25.9,65,17.0,15,1012.8,0
2023-03-08,Dong_Nai,10.9453,106.824,26.3,63,20.0,29,1012.6,0
2023-03-09,Dong_Nai,10.9453,106.824,25.8,65,19.9,0,1011.6,0
2023-03-10,Dong_Nai,10.9453,106.824,25.7,69,19.8,0,1011.0,0
2023-03-11,Dong_Nai,10.9453,106.824,26.3,69,20.7,5,1011.3,0
2023-03-12,Dong_Nai,10.9453,106.824,26.1,69,21.8,42,1011.3,0
2023-03-13,Dong_Nai,10.9453,106.824,26.7,64,16.3,39,1010.9,0
2023-03-14,Dong_Nai,10.9453,106.824,26.4,64,20.4,30,1009.6,0
2023-03-15,Dong_Nai,10.9453,106.824,26.9,64,20.7,47,1010.2,0
2023-03-16,Dong_Nai,10.9453,106.824,27.7,61,20.3,69,1011.2,0
2023-03-17,Dong_Nai,10.9453,106.824,27.8,66,17.9,61,1010.6,0
2023-03-18,Dong_Nai,10.9453,106.824,27.8,64,19.2,54,1009.7,1
2023-03-19,Dong_Nai,10.9453,106.824,28.5,64,20.7,10,1008.6,0
2023-03-20,Dong_Nai,10.9453,106.824,28.1,70,18.8,42,1008.6,0
2023-03-21,Dong_Nai,10.9453,106.824,28.1,74,16.6,50,1008.7,0
2023-03-22,Dong_Nai,10.9453,106.824,28.0,75,20.9,60,1007.4,0
2023-03-23,Dong_Nai,10.9453,106.824,28.1,74,16.3,47,1007.7,0
2023-03-24,Dong_Nai,10.9453,106.824,28.2,74,18.6,75,1008.3,0
2023-03-25,Dong_Nai,10.9453,106.824,27.6,75,18.1,54,1009.1,0
2023-03-26,Dong_Nai,10.9453,106.824,27.9,74,14.3,69,1008.3,0
2023-03-27,Dong_Nai,10.9453,106.824,28.7,72,18.2,67,1008.7,0
2023-03-28,Dong_Nai,10.9453,106.824,29.1,71,19.5,66,1009.4,1
2023-03-29,Dong_Nai,10.9453,106.824,28.9,65,17.1,75,1009.6,0
2023-03-30,Dong_Nai,10.9453,106.824,28.7,70,14.5,60,1008.5,0
2023-03-31,Dong_Nai,10.9453,106.824,28.5,71,16.6,41,1008.8,1
2023-04-01,Dong_Nai,10.9453,106.824,28.3,73,20.3,69,1008.6,0
2023-04-02,Dong_Nai,10.9453,106.824,28.2,74,18.2,37,1008.2,1
2023-04-03,Dong_Nai,10.9453,106.824,27.4,80,14.8,49,1008.3,1
2023-04-04,Dong_Nai,10.9453,106.824,28.3,77,15.5,59,1007.5,1
2023-04-05,Dong_Nai,10.9453,106.824,28.7,75,15.1,75,1008.0,1
2023-04-06,Dong_Nai,10.9453,106.824,29.0,75,16.3,28,1008.4,1
2023-04-07,Dong_Nai,10.9453,106.824,29.5,69,21.0,22,1009.8,0
2023-04-08,Dong_Nai,10.9453,106.824,29.8,65,19.0,11,1011.2,0
2023-04-09,Dong_Nai,10.9453,106.824,29.9,68,15.5,40,1010.7,1
2023-04-10,Dong_Nai,10.9453,106.824,29.1,74,15.0,89,1009.6,1
2023-04-11,Dong_Nai,10.9453,106.824,28.8,74,10.5,80,1009.3,1
2023-04-12,Dong_Nai,10.9453,106.824,29.0,76,12.2,36,1008.2,1
2023-04-13,Dong_Nai,10.9453,106.824,28.9,77,12.7,35,1008.3,1
2023-04-14,Dong_Nai,10.9453,106.824,28.9,78,16.0,58,1008.0,1
2023-04-15,Dong_Nai,10.9453,106.824,27.9,83,13.1,73,1007.5,1
2023-04-16,Dong_Nai,10.9453,106.824,27.5,82,12.5,100,1007.4,1
2023-04-17,Dong_Nai,10.9453,106.824,28.7,78,18.7,60,1008.7,1
2023-04-18,Dong_Nai,10.9453,106.824,29.0,74,14.2,13,1009.0,1
2023-04-19,Dong_Nai,10.9453,106.824,28.9,77,15.2,33,1006.5,1
2023-04-20,Dong_Nai,10.9453,106.824,29.7,77,16.9,48,1004.7,1
2023-04-21,Dong_Nai,10.9453,106.824,29.4,79,13.2,54,1005.3,1
2023-04-22,Dong_Nai,10.9453,106.824,29.7,77,15.6,55,1006.0,0
2023-04-23,Dong_Nai,10.9453,106.824,29.8,73,17.3,30,1007.7,0
2023-04-24,Dong_Nai,10.9453,106.824,29.7,73,12.9,34,1008.8,1
2023-04-25,Dong_Nai,10.9453,106.824,30.2,70,20.2,80,1007.1,1
2023-04-26,Dong_Nai,10.9453,106.824,30.1,67,12.8,83,1007.3,1
2023-04-27,Dong_Nai,10.9453,106.824,30.1,70,15.9,54,1007.7,1
2023-04-28,Dong_Nai,10.9453,106.824,30.4,65,16.3,77,1007.9,1
2023-04-29,Dong_Nai,10.9453,106.824,30.4,66,16.6,83,1007.2,1
2023-04-30,Dong_Nai,10.9453,106.824,29.5,73,13.4,94,1007.4,1
2023-05-01,Dong_Nai,10.9453,106.824,30.1,67,15.3,44,1007.3,1
2023-05-02,Dong_Nai,10.9453,106.824,30.3,64,15.8,24,1007.9,1
2023-05-03,Dong_Nai,10.9453,106.824,30.9,64,13.2,78,1008.5,1
2023-05-04,Dong_Nai,10.9453,106.824,30.7,67,20.3,75,1007.0,0
2023-05-05,Dong_Nai,10.9453,106.824,30.9,68,12.6,55,1004.9,1
2023-05-06,Dong_Nai,10.9453,106.824,31.3,70,18.3,71,1003.8,1
2023-05-07,Dong_Nai,10.9453,106.824,30.1,77,13.7,89,1004.4,1
2023-05-08,Dong_Nai,10.9453,106.824,28.7,82,16.9,96,1006.0,1
2023-05-09,Dong_Nai,10.9453,106.824,27.7,85,11.2,100,1007.2,1
2023-05-10,Dong_Nai,10.9453,106.824,28.2,83,14.3,63,1007.9,1
2023-05-11,Dong_Nai,10.9453,106.824,28.7,80,10.1,89,1009.1,1
2023-05-12,Dong_Nai,10.9453,106.824,28.4,83,15.4,95,1009.6,1
2023-05-13,Dong_Nai,10.9453,106.824,29.1,79,11.9,60,1009.6,1
2023-05-14,Dong_Nai,10.9453,106.824,28.7,80,16.2,67,1009.8,1
2023-05-15,Dong_Nai,10.9453,106.824,28.8,80,14.8,40,1009.8,1
2023-05-16,Dong_Nai,10.9453,106.824,29.0,82,10.5,69,1009.8,1
2023-05-17,Dong_Nai,10.9453,106.824,28.7,82,10.6,88,1009.7,1
2023-05-18,Dong_Nai,10.9453,106.824,28.8,82,14.8,40,1008.8,1
2023-05-19,Dong_Nai,10.9453,106.824,29.7,78,17.9,84,1006.9,1
2023-05-20,Dong_Nai,10.9453,106.824,28.6,84,15.8,99,1007.2,1
2023-05-21,Dong_Nai,10.9453,106.824,27.9,86,19.2,100,1008.8,1
2023-05-22,Dong_Nai,10.9453,106.824,27.9,84,20.1,98,1009.5,1
2023-05-23,Dong_Nai,10.9453,106.824,27.9,84,20.1,79,1008.8,1
2023-05-24,Dong_Nai,10.9453,106.824,27.8,85,11.2,97,1008.5,1
2023-05-25,Dong_Nai,10.9453,106.824,27.1,87,19.3,98,1009.3,1
2023-05-26,Dong_Nai,10.9453,106.824,27.3,87,11.7,83,1008.8,1
2023-05-27,Dong_Nai,10.9453,106.824,26.5,87,15.5,94,1006.9,1
2023-05-28,Dong_Nai,10.9453,106.824,26.9,87,15.3,78,1006.0,1
2023-05-29,Dong_Nai,10.9453,106.824,27.0,88,14.6,87,1006.9,1
2023-05-30,Dong_Nai,10.9453,106.824,27.0,88,13.4,100,1007.1,1
2023-05-31,Dong_Nai,10.9453,106.824,27.3,87,21.3,99,1006.7,1
2023-06-01,Dong_Nai,10.9453,106.824,27.1,88,17.6,95,1006.2,1
2023-06-02,Dong_Nai,10.9453,106.824,27.8,87,13.0,93,1007.2,1
2023-06-03,Dong_Nai,10.9453,106.824,27.6,88,16.7,67,1007.7,1
2023-06-04,Dong_Nai,10.9453,106.824,27.1,90,12.0,95,1007.4,1
2023-06-05,Dong_Nai,10.9453,106.824,26.4,91,13.0,100,1006.4,1
2023-06-06,Dong_Nai,10.9453,106.824,27.0,88,15.3,100,1006.6,1
2023-06-07,Dong_Nai,10.9453,106.824,26.4,90,16.7,100,1008.2,1
2023-06-08,Dong_Nai,10.9453,106.824,27.1,88,14.5,100,1007.9,1
2023-06-09,Dong_Nai,10.9453,106.824,27.4,85,16.4,99,1007.0,1
2023-06-10,Dong_Nai,10.9453,106.824,26.9,89,25.3,99,1006.0,1
2023-06-11,Dong_Nai,10.9453,106.824,27.7,82,21.0,93,1006.0,1
2023-06-12,Dong_Nai,10.9453,106.824,27.0,87,19.5,90,1007.1,1
2023-06-13,Dong_Nai,10.9453,106.824,27.1,86,12.2,95,1007.4,1
2023-06-14,Dong_Nai,10.9453,106.824,27.6,87,15.9,84,1008.6,1
2023-06-15,Dong_Nai,10.9453,106.824,28.3,82,13.7,81,1007.9,1
2023-06-16,Dong_Nai,10.9453,106.824,27.5,87,10.0,83,1007.4,1
2023-06-17,Dong_Nai,10.9453,106.824,26.8,89,12.1,99,1008.4,1
2023-06-18,Dong_Nai,10.9453,106.824,26.8,86,13.9,84,1009.0,1
2023-06-19,Dong_Nai,10.9453,106.824,27.3,85,7.5,85,1008.0,1
2023-06-20,Dong_Nai,10.9453,106.824,28.0,86,13.1,56,1007.6,1
2023-06-21,Dong_Nai,10.9453,106.824,27.5,88,8.7,83,1008.4,1
2023-06-22,Dong_Nai,10.9453,106.824,27.7,84,11.5,55,1008.3,1
2023-06-23,Dong_Nai,10.9453,106.824,27.9,85,13.5,88,1006.5,1
2023-06-24,Dong_Nai,10.9453,106.824,27.5,87,19.5,75,1006.3,1
2023-06-25,Dong_Nai,10.9453,106.824,26.9,88,9.7,99,1006.5,1
2023-06-26,Dong_Nai,10.9453,106.824,27.4,86,13.7,100,1006.5,1
2023-06-27,Dong_Nai,10.9453,106.824,27.3,87,6.9,98,1007.2,1
2023-06-28,Dong_Nai,10.9453,106.824,27.2,87,15.3,78,1008.2,1
2023-06-29,Dong_Nai,10.9453,106.824,27.3,87,15.8,91,1007.6,1
2023-06-30,Dong_Nai,10.9453,106.824,27.4,88,13.0,82,1007.5,1
2023-07-01,Dong_Nai,10.9453,106.824,26.9,89,17.7,96,1008.2,1
2023-07-02,Dong_Nai,10.9453,106.824,26.4,89,15.5,98,1009.2,1
2023-07-03,Dong_Nai,10.9453,106.824,27.0,87,16.5,97,1009.3,1
2023-07-04,Dong_Nai,10.9453,106.824,27.8,82,11.7,100,1008.4,0
2023-07-05,Dong_Nai,10.9453,106.824,27.1,88,12.7,81,1007.8,1
2023-07-06,Dong_Nai,10.9453,106.824,26.6,88,11.6,90,1008.7,1
2023-07-07,Dong_Nai,10.9453,106.824,27.8,83,13.0,89,1008.9,1
2023-07-08,Dong_Nai,10.9453,106.824,27.3,86,16.5,92,1009.0,1
2023-07-09,Dong_Nai,10.9453,106.824,26.8,88,12.9,83,1009.2,1
2023-07-10,Dong_Nai,10.9453,106.824,27.5,84,11.6,82,1008.3,1
2023-07-11,Dong_Nai,10.9453,106.824,27.9,84,8.5,77,1008.3,1
2023-07-12,Dong_Nai,10.9453,106.824,27.7,84,9.2,99,1008.2,1
2023-07-13,Dong_Nai,10.9453,106.824,27.4,89,9.4,93,1007.7,1
2023-07-14,Dong_Nai,10.9453,106.824,26.8,88,16.2,88,1007.4,1
2023-07-15,Dong_Nai,10.9453,106.824,26.7,90,16.2,97,1006.1,1
2023-07-16,Dong_Nai,10.9453,106.824,27.1,86,22.0,100,1004.4,1
2023-07-17,Dong_Nai,10.9453,106.824,26.3,88,27.4,98,1004.1,1
2023-07-18,Dong_Nai,10.9453,106.824,26.4,89,20.2,94,1005.2,1
2023-07-19,Dong_Nai,10.9453,106.824,26.6,88,18.0,96,1005.1,1
2023-07-20,Dong_Nai,10.9453,106.824,25.7,92,14.3,98,1005.4,1
2023-07-21,Dong_Nai,10.9453,106.824,26.3,89,13.4,100,1006.9,1
2023-07-22,Dong_Nai,10.9453,106.824,26.0,90,15.3,96,1008.8,1
2023-07-23,Dong_Nai,10.9453,106.824,26.3,90,17.7,88,1008.6,1
2023-07-24,Dong_Nai,10.9453,106.824,26.0,91,21.6,94,1007.5,1
2023-07-25,Dong_Nai,10.9453,106.824,26.3,90,27.0,92,1007.6,1
2023-07-26,Dong_Nai,10.9453,106.824,26.8,88,18.3,90,1007.4,1
2023-07-27,Dong_Nai,10.9453,106.824,26.5,90,21.7,100,1006.3,1
2023-07-28,Dong_Nai,10.9453,106.824,26.7,89,18.6,92,1005.1,1
2023-07-29,Dong_Nai,10.9453,106.824,26.6,90,21.6,99,1005.7,1
2023-07-30,Dong_Nai,10.9453,106.824,26.6,90,16.1,99,1007.0,1
2023-07-31,Dong_Nai,10.9453,106.824,27.0,88,15.1,96,1007.8,1
2023-08-01,Dong_Nai,10.9453,106.824,26.7,90,17.8,100,1007.5,1
2023-08-02,Dong_Nai,10.9453,106.824,26.8,89,17.1,98,1008.1,1
2023-08-03,Dong_Nai,10.9453,106.824,26.8,87,19.4,100,1008.7,1
2023-08-04,Dong_Nai,10.9453,106.824,27.2,87,21.5,93,1010.6,1
2023-08-05,Dong_Nai,10.9453,106.824,27.5,85,19.1,40,1010.8,1
2023-08-06,Dong_Nai,10.9453,106.824,27.9,82,19.3,66,1008.9,1
2023-08-07,Dong_Nai,10.9453,106.824,27.9,83,18.1,56,1007.8,1
2023-08-08,Dong_Nai,10.9453,106.824,27.7,85,17.7,68,1008.5,1
2023-08-09,Dong_Nai,10.9453,106.824,28.0,83,14.8,26,1009.4,1
2023-08-10,Dong_Nai,10.9453,106.824,28.2,82,13.5,36,1008.6,1
2023-08-11,Dong_Nai,10.9453,106.824,28.1,83,15.8,37,1007.8,1
2023-08-12,Dong_Nai,10.9453,106.824,27.6,85,20.2,56,1007.4,1
2023-08-13,Dong_Nai,10.9453,106.824,27.3,87,15.0,65,1007.4,1
2023-08-14,Dong_Nai,10.9453,106.824,27.4,86,16.9,68,1007.6,1
2023-08-15,Dong_Nai,10.9453,106.824,27.3,85,16.4,79,1008.3,1
2023-08-16,Dong_Nai,10.9453,106.824,27.1,86,15.6,93,1008.7,1
2023-08-17,Dong_Nai,10.9453,106.824,27.2,87,12.3,78,1007.8,1
2023-08-18,Dong_Nai,10.9453,106.824,26.8,89,15.0,69,1006.7,1
2023-08-19,Dong_Nai,10.9453,106.824,26.5,90,14.1,78,1006.5,1
2023-08-20,Dong_Nai,10.9453,106.824,26.3,89,19.1,92,1006.6,1
2023-08-21,Dong_Nai,10.9453,106.824,26.9,87,13.9,92,1007.8,1
2023-08-22,Dong_Nai,10.9453,106.824,27.5,85,13.6,50,1008.0,1
2023-08-23,Dong_Nai,10.9453,106.824,28.1,79,15.5,55,1007.4,0
2023-08-24,Dong_Nai,10.9453,106.824,28.1,78,13.8,56,1007.6,1
2023-08-25,Dong_Nai,10.9453,106.824,28.3,80,12.0,62,1007.4,1
2023-08-26,Dong_Nai,10.9453,106.824,27.2,89,12.2,85,1007.6,1
2023-08-27,Dong_Nai,10.9453,106.824,26.8,90,16.2,96,1006.7,1
2023-08-28,Dong_Nai,10.9453,106.824,26.8,89,14.2,92,1005.6,1
2023-08-29,Dong_Nai,10.9453,106.824,26.8,88,18.2,98,1005.7,1
2023-08-30,Dong_Nai,10.9453,106.824,27.0,88,16.4,97,1006.9,1
2023-08-31,Dong_Nai,10.9453,106.824,26.7,91,19.5,99,1007.0,1
2023-09-01,Dong_Nai,10.9453,106.824,26.1,91,18.6,100,1006.8,1
2023-09-02,Dong_Nai,10.9453,106.824,26.4,90,19.7,100,1005.5,1
2023-09-03,Dong_Nai,10.9453,106.824,26.7,89,17.7,98,1004.8,1
2023-09-04,Dong_Nai,10.9453,106.824,26.5,89,19.8,99,1004.6,1
2023-09-05,Dong_Nai,10.9453,106.824,26.7,88,18.7,98,1006.6,1
2023-09-06,Dong_Nai,10.9453,106.824,26.8,87,16.4,100,1007.9,1
2023-09-07,Dong_Nai,10.9453,106.824,27.0,88,17.6,95,1008.0,1
2023-09-08,Dong_Nai,10.9453,106.824,26.9,88,14.9,99,1008.0,1
2023-09-09,Dong_Nai,10.9453,106.824,26.6,89,21.2,96,1007.2,1
2023-09-10,Dong_Nai,10.9453,106.824,26.2,90,17.9,100,1008.2,1
2023-09-11,Dong_Nai,10.9453,106.824,26.9,85,17.3,99,1008.5,1
2023-09-12,Dong_Nai,10.9453,106.824,26.5,86,17.4,95,1009.1,1
2023-09-13,Dong_Nai,10.9453,106.824,26.5,89,20.6,97,1009.1,1
2023-09-14,Dong_Nai,10.9453,106.824,26.4,88,12.4,99,1008.5,1
2023-09-15,Dong_Nai,10.9453,106.824,25.9,90,22.1,99,1008.3,1
2023-09-16,Dong_Nai,10.9453,106.824,26.2,88,14.3,96,1008.5,1
2023-09-17,Dong_Nai,10.9453,106.824,26.7,87,11.7,92,1008.2,1
2023-09-18,Dong_Nai,10.9453,106.824,27.2,86,10.7,99,1008.8,1
2023-09-19,Dong_Nai,10.9453,106.824,27.1,88,11.2,92,1009.3,1
2023-09-20,Dong_Nai,10.9453,106.824,27.2,87,13.0,89,1008.3,1
2023-09-21,Dong_Nai,10.9453,106.824,26.0,91,12.0,100,1008.8,1
2023-09-22,Dong_Nai,10.9453,106.824,26.5,88,12.0,92,1008.3,1
2023-09-23,Dong_Nai,10.9453,106.824,26.4,88,13.6,94,1008.3,1
2023-09-24,Dong_Nai,10.9453,106.824,26.5,88,13.6,93,1006.9,1
2023-09-25,Dong_Nai,10.9453,106.824,26.1,89,16.1,100,1005.6,1
2023-09-26,Dong_Nai,10.9453,106.824,25.8,91,22.8,99,1006.3,1
2023-09-27,Dong_Nai,10.9453,106.824,26.0,91,14.4,100,1007.6,1
2023-09-28,Dong_Nai,10.9453,106.824,26.3,91,13.6,98,1009.3,1
2023-09-29,Dong_Nai,10.9453,106.824,27.4,85,19.4,94,1009.8,1
2023-09-30,Dong_Nai,10.9453,106.824,26.5,86,21.7,82,1009.9,1
2023-10-01,Dong_Nai,10.9453,106.824,26.2,91,12.1,93,1008.2,1
2023-10-02,Dong_Nai,10.9453,106.824,25.7,91,13.3,100,1008.8,1
2023-10-03,Dong_Nai,10.9453,106.824,26.4,87,15.6,83,1009.1,1
2023-10-04,Dong_Nai,10.9453,106.824,26.9,88,13.3,90,1009.3,1
2023-10-05,Dong_Nai,10.9453,106.824,26.9,88,18.8,90,1008.6,1
2023-10-06,Dong_Nai,10.9453,106.824,26.8,88,14.8,90,1008.9,1
2023-10-07,Dong_Nai,10.9453,106.824,26.9,89,14.0,95,1009.6,1
2023-10-08,Dong_Nai,10.9453,106.824,27.2,86,22.7,99,1010.4,1
2023-10-09,Dong_Nai,10.9453,106.824,27.6,83,14.6,93,1010.3,1
2023-10-10,Dong_Nai,10.9453,106.824,27.3,87,11.3,86,1009.8,1
2023-10-11,Dong_Nai,10.9453,106.824,27.4,88,10.1,38,1010.1,1
2023-10-12,Dong_Nai,10.9453,106.824,27.1,89,11.9,83,1010.8,1
2023-10-13,Dong_Nai,10.9453,106.824,26.8,87,6.4,91,1010.3,1
2023-10-14,Dong_Nai,10.9453,106.824,26.9,87,12.1,92,1008.8,1
2023-10-15,Dong_Nai,10.9453,106.824,26.4,88,7.8,100,1007.7,1
2023-10-16,Dong_Nai,10.9453,106.824,25.6,91,17.2,98,1008.5,1
2023-10-17,Dong_Nai,10.9453,106.824,26.3,89,16.9,98,1009.3,1
2023-10-18,Dong_Nai,10.9453,106.824,26.5,89,13.6,99,1010.1,1
2023-10-19,Dong_Nai,10.9453,106.824,27.3,88,9.4,90,1010.1,1
2023-10-20,Dong_Nai,10.9453,106.824,27.4,86,13.5,69,1010.1,1
2023-10-21,Dong_Nai,10.9453,106.824,26.4,88,12.4,70,1011.3,1
2023-10-22,Dong_Nai,10.9453,106.824,26.9,86,16.7,80,1011.4,1
2023-10-23,Dong_Nai,10.9453,106.824,25.9,89,9.8,92,1011.2,1
2023-10-24,Dong_Nai,10.9453,106.824,26.9,85,12.9,77,1010.2,1
2023-10-25,Dong_Nai,10.9453,106.824,26.2,90,15.6,58,1010.7,1
2023-10-26,Dong_Nai,10.9453,106.824,26.6,88,11.6,47,1010.7,1
2023-10-27,Dong_Nai,10.9453,106.824,27.1,85,14.3,67,1010.3,1
2023-10-28,Dong_Nai,10.9453,106.824,26.7,89,11.6,92,1009.9,1
2023-10-29,Dong_Nai,10.9453,106.824,26.4,91,7.6,94,1009.4,1
2023-10-30,Dong_Nai,10.9453,106.824,26.6,89,8.6,86,1009.1,1
2023-10-31,Dong_Nai,10.9453,106.824,26.3,90,18.5,73,1009.8,1
2023-11-01,Dong_Nai,10.9453,106.824,26.7,89,8.9,74,1009.9,1
2023-11-02,Dong_Nai,10.9453,106.824,26.8,87,10.2,77,1009.6,1
2023-11-03,Dong_Nai,10.9453,106.824,26.6,89,13.3,90,1008.5,1
2023-11-04,Dong_Nai,10.9453,106.824,27.4,86,9.9,87,1008.6,1
2023-11-05,Dong_Nai,10.9453,106.824,27.4,87,8.9,71,1009.7,1
2023-11-06,Dong_Nai,10.9453,106.824,27.7,84,11.6,96,1009.8,1
2023-11-07,Dong_Nai,10.9453,106.824,27.0,85,9.2,95,1009.9,1
2023-11-08,Dong_Nai,10.9453,106.824,27.5,84,14.5,68,1009.4,1
2023-11-09,Dong_Nai,10.9453,106.824,27.4,86,10.6,85,1009.9,1
2023-11-10,Dong_Nai,10.9453,106.824,26.6,88,10.7,92,1011.0,1
2023-11-11,Dong_Nai,10.9453,106.824,27.5,83,13.6,29,1010.9,1
2023-11-12,Dong_Nai,10.9453,106.824,27.1,86,7.7,53,1011.2,1
2023-11-13,Dong_Nai,10.9453,106.824,27.7,84,8.8,67,1010.4,1
2023-11-14,Dong_Nai,10.9453,106.824,27.0,88,18.1,73,1011.0,1
2023-11-15,Dong_Nai,10.9453,106.824,26.6,89,9.1,96,1011.4,1
2023-11-16,Dong_Nai,10.9453,106.824,26.7,88,10.8,98,1012.1,1
2023-11-17,Dong_Nai,10.9453,106.824,26.6,84,13.8,56,1012.2,1
2023-11-18,Dong_Nai,10.9453,106.824,26.3,70,16.8,77,1011.4,0
2023-11-19,Dong_Nai,10.9453,106.824,25.6,77,10.4,87,1011.3,0
2023-11-20,Dong_Nai,10.9453,106.824,26.5,77,8.6,94,1010.5,0
2023-11-21,Dong_Nai,10.9453,106.824,26.5,81,10.2,99,1009.5,1
2023-11-22,Dong_Nai,10.9453,106.824,26.9,81,10.3,94,1008.5,0
2023-11-23,Dong_Nai,10.9453,106.824,26.7,86,9.9,94,1008.6,1
2023-11-24,Dong_Nai,10.9453,106.824,25.5,86,10.8,100,1009.3,1
2023-11-25,Dong_Nai,10.9453,106.824,25.8,82,9.5,97,1009.2,1
2023-11-26,Dong_Nai,10.9453,106.824,26.4,87,8.3,93,1010.0,1
2023-11-27,Dong_Nai,10.9453,106.824,26.8,79,16.0,89,1009.2,0
2023-11-28,Dong_Nai,10.9453,106.824,26.5,72,10.0,52,1009.1,0
2023-11-29,Dong_Nai,10.9453,106.824,27.2,79,9.8,82,1009.0,1
2023-11-30,Dong_Nai,10.9453,106.824,26.9,87,15.8,99,1009.8,1
2023-12-01,Dong_Nai,10.9453,106.824,28.0,81,9.7,83,1009.0,1
2023-12-02,Dong_Nai,10.9453,106.824,26.3,84,8.1,100,1009.6,1
2023-12-03,Dong_Nai,10.9453,106.824,26.5,86,7.3,97,1009.9,1
2023-12-04,Dong_Nai,10.9453,106.824,27.0,86,14.0,56,1009.9,1
2023-12-05,Dong_Nai,10.9453,106.824,27.6,82,9.7,69,1009.5,1
2023-12-06,Dong_Nai,10.9453,106.824,27.6,82,12.7,77,1010.3,1
2023-12-07,Dong_Nai,10.9453,106.824,27.3,82,11.6,47,1010.3,1
2023-12-08,Dong_Nai,10.9453,106.824,27.1,82,12.7,87,1010.4,1
2023-12-09,Dong_Nai,10.9453,106.824,27.4,79,12.9,76,1009.8,0
2023-12-10,Dong_Nai,10.9453,106.824,27.4,75,14.1,43,1008.9,1
2023-12-11,Dong_Nai,10.9453,106.824,27.5,74,16.3,58,1009.3,0
2023-12-12,Dong_Nai,10.9453,106.824,27.6,74,12.7,50,1009.1,0
2023-12-13,Dong_Nai,10.9453,106.824,27.8,76,6.8,66,1010.1,1
2023-12-14,Dong_Nai,10.9453,106.824,28.5,71,12.7,91,1010.6,0
2023-12-15,Dong_Nai,10.9453,106.824,28.1,70,15.1,75,1010.2,0
2023-12-16,Dong_Nai,10.9453,106.824,27.8,74,14.8,58,1010.2,1
2023-12-17,Dong_Nai,10.9453,106.824,27.7,76,12.3,40,1010.4,1
2023-12-18,Dong_Nai,10.9453,106.824,27.4,78,10.1,56,1010.9,1
2023-12-19,Dong_Nai,10.9453,106.824,27.4,75,9.0,91,1010.7,1
2023-12-20,Dong_Nai,10.9453,106.824,26.8,73,13.7,73,1010.1,1
2023-12-21,Dong_Nai,10.9453,106.824,28.0,60,21.0,80,1010.1,0
2023-12-22,Dong_Nai,10.9453,106.824,26.9,62,19.1,85,1011.8,1
2023-12-23,Dong_Nai,10.9453,106.824,26.9,60,20.0,88,1012.7,0
2023-12-24,Dong_Nai,10.9453,106.824,26.8,66,13.4,93,1013.8,0
2023-12-25,Dong_Nai,10.9453,106.824,26.3,66,13.9,77,1012.9,0
2023-12-26,Dong_Nai,10.9453,106.824,26.2,69,12.1,59,1013.3,0
2023-12-27,Dong_Nai,10.9453,106.824,26.4,75,8.7,62,1013.3,1
2023-12-28,Dong_Nai,10.9453,106.824,27.2,80,10.7,40,1012.0,1
2023-12-29,Dong_Nai,10.9453,106.824,27.8,80,6.8,35,1010.8,0
2023-12-30,Dong_Nai,10.9453,106.824,27.9,78,9.6,52,1010.0,1
2023-12-31,Dong_Nai,10.9453,106.824,27.8,76,14.9,80,1010.5,0
2024-01-01,Dong_Nai,10.9453,106.824,27.4,76,11.3,99,1010.4,0
2024-01-02,Dong_Nai,10.9453,106.824,27.6,77,13.7,57,1010.1,0
2024-01-03,Dong_Nai,10.9453,106.824,27.8,74,13.0,40,1010.1,0
2024-01-04,Dong_Nai,10.9453,106.824,27.2,72,14.4,30,1010.5,1
2024-01-05,Dong_Nai,10.9453,106.824,26.9,72,12.7,97,1011.4,0
2024-01-06,Dong_Nai,10.9453,106.824,27.2,76,13.0,71,1011.0,1
2024-01-07,Dong_Nai,10.9453,106.824,27.3,78,14.8,70,1011.4,0
2024-01-08,Dong_Nai,10.9453,106.824,26.9,78,11.1,92,1011.2,1
2024-01-09,Dong_Nai,10.9453,106.824,27.6,73,14.2,65,1010.4,0
2024-01-10,Dong_Nai,10.9453,106.824,27.4,73,16.9,63,1009.9,0
2024-01-11,Dong_Nai,10.9453,106.824,27.2,74,17.3,70,1010.3,1
2024-01-12,Dong_Nai,10.9453,106.824,26.3,76,19.5,64,1010.2,1
2024-01-13,Dong_Nai,10.9453,106.824,25.9,74,15.1,97,1010.5,0
2024-01-14,Dong_Nai,10.9453,106.824,25.8,70,11.7,95,1011.2,0
2024-01-15,Dong_Nai,10.9453,106.824,26.2,71,8.5,92,1010.6,0
2024-01-16,Dong_Nai,10.9453,106.824,26.9,71,9.5,70,1010.3,0
2024-01-17,Dong_Nai,10.9453,106.824,27.2,69,10.7,68,1010.2,0
2024-01-18,Dong_Nai,10.9453,106.824,27.4,73,14.2,81,1010.1,0
2024-01-19,Dong_Nai,10.9453,106.824,27.0,71,13.7,60,1010.1,0
2024-01-20,Dong_Nai,10.9453,106.824,26.4,75,16.1,88,1010.7,0
2024-01-21,Dong_Nai,10.9453,106.824,26.9,72,11.7,93,1011.6,0
2024-01-22,Dong_Nai,10.9453,106.824,27.3,66,15.3,56,1011.8,0
2024-01-23,Dong_Nai,10.9453,106.824,27.8,65,11.9,49,1012.5,0
2024-01-24,Dong_Nai,10.9453,106.824,27.2,70,13.3,71,1013.1,0
2024-01-25,Dong_Nai,10.9453,106.824,27.3,64,10.0,36,1014.5,0
2024-01-26,Dong_Nai,10.9453,106.824,26.7,68,11.7,49,1015.1,0
2024-01-27,Dong_Nai,10.9453,106.824,26.7,66,13.8,26,1014.5,0
2024-01-28,Dong_Nai,10.9453,106.824,26.6,63,9.4,84,1014.3,0
2024-01-29,Dong_Nai,10.9453,106.824,26.6,65,11.8,81,1013.9,0
2024-01-30,Dong_Nai,10.9453,106.824,27.1,64,20.3,82,1013.4,0
2024-01-31,Dong_Nai,10.9453,106.824,27.1,67,17.2,84,1013.3,0
2024-02-01,Dong_Nai,10.9453,106.824,27.3,70,15.3,74,1013.4,1
2024-02-02,Dong_Nai,10.9453,106.824,26.9,73,16.5,55,1012.5,1
2024-02-03,Dong_Nai,10.9453,106.824,27.1,71,19.8,16,1012.5,0
2024-02-04,Dong_Nai,10.9453,106.824,27.0,75,16.8,29,1013.1,0
2024-02-05,Dong_Nai,10.9453,106.824,27.3,76,15.8,62,1013.2,1
2024-02-06,Dong_Nai,10.9453,106.824,27.6,73,22.3,54,1013.1,0
2024-02-07,Dong_Nai,10.9453,106.824,27.5,75,12.1,57,1012.1,1
2024-02-08,Dong_Nai,10.9453,106.824,27.1,74,18.1,59,1011.3,1
2024-02-09,Dong_Nai,10.9453,106.824,27.9,71,17.2,57,1012.5,0
2024-02-10,Dong_Nai,10.9453,106.824,27.6,71,11.0,64,1013.9,0
2024-02-11,Dong_Nai,10.9453,106.824,27.5,63,13.7,30,1015.2,0
2024-02-12,Dong_Nai,10.9453,106.824,26.9,62,11.5,26,1014.6,0
2024-02-13,Dong_Nai,10.9453,106.824,28.0,62,16.1,36,1013.0,0
2024-02-14,Dong_Nai,10.9453,106.824,28.6,63,15.9,46,1012.1,0
2024-02-15,Dong_Nai,10.9453,106.824,28.8,62,17.8,49,1012.1,1
2024-02-16,Dong_Nai,10.9453,106.824,28.5,61,19.4,6,1011.8,0
2024-02-17,Dong_Nai,10.9453,106.824,27.4,62,17.3,67,1011.0,0
2024-02-18,Dong_Nai,10.9453,106.824,27.7,67,22.0,51,1011.1,0
2024-02-19,Dong_Nai,10.9453,106.824,28.2,70,21.6,39,1011.3,0
2024-02-20,Dong_Nai,10.9453,106.824,27.8,73,20.2,70,1011.0,1
2024-02-21,Dong_Nai,10.9453,106.824,27.7,76,17.0,27,1010.7,1
2024-02-22,Dong_Nai,10.9453,106.824,27.5,74,20.6,3,1011.7,0
2024-02-23,Dong_Nai,10.9453,106.824,28.1,74,20.7,43,1011.8,0
2024-02-24,Dong_Nai,10.9453,106.824,28.2,70,16.8,6,1011.5,1
2024-02-25,Dong_Nai,10.9453,106.824,28.1,66,16.4,19,1010.8,1
2024-02-26,Dong_Nai,10.9453,106.824,28.6,62,20.7,31,1010.9,0
2024-02-27,Dong_Nai,10.9453,106.824,28.4,69,12.4,46,1010.5,1
2024-02-28,Dong_Nai,10.9453,106.824,28.3,62,16.6,83,1009.7,0
2024-02-29,Dong_Nai,10.9453,106.824,28.8,58,18.5,44,1009.8,0
2024-03-01,Dong_Nai,10.9453,106.824,28.3,64,14.6,17,1010.2,1
2024-03-02,Dong_Nai,10.9453,106.824,28.8,65,14.3,59,1010.1,1
2024-03-03,Dong_Nai,10.9453,106.824,28.3,67,17.3,44,1010.1,0
2024-03-04,Dong_Nai,10.9453,106.824,28.4,67,21.0,46,1009.6,1
2024-03-05,Dong_Nai,10.9453,106.824,28.2,75,14.0,18,1009.0,0
2024-03-06,Dong_Nai,10.9453,106.824,28.3,77,14.9,56,1008.0,1
2024-03-07,Dong_Nai,10.9453,106.824,28.4,77,18.3,71,1008.1,1
2024-03-08,Dong_Nai,10.9453,106.824,29.2,62,17.6,40,1008.9,0
2024-03-09,Dong_Nai,10.9453,106.824,28.3,65,20.1,72,1009.7,0
2024-03-10,Dong_Nai,10.9453,106.824,28.9,61,21.0,84,1011.4,0
2024-03-11,Dong_Nai,10.9453,106.824,29.1,60,16.2,27,1011.5,0
2024-03-12,Dong_Nai,10.9453,106.824,29.1,64,21.3,61,1011.2,0
2024-03-13,Dong_Nai,10.9453,106.824,28.6,67,17.3,90,1011.2,1
2024-03-14,Dong_Nai,10.9453,106.824,28.7,68,19.8,33,1011.0,1
2024-03-15,Dong_Nai,10.9453,106.824,28.3,66,20.9,67,1011.2,0
2024-03-16,Dong_Nai,10.9453,106.824,28.6,67,21.4,62,1011.6,0
2024-03-17,Dong_Nai,10.9453,106.824,28.8,64,17.1,54,1011.1,0
2024-03-18,Dong_Nai,10.9453,106.824,28.5,68,23.9,65,1010.0,0
2024-03-19,Dong_Nai,10.9453,106.824,28.8,63,23.8,34,1010.6,0
2024-03-20,Dong_Nai,10.9453,106.824,28.3,65,24.0,25,1011.4,0
2024-03-21,Dong_Nai,10.9453,106.824,28.6,65,16.7,19,1010.2,1
2024-03-22,Dong_Nai,10.9453,106.824,29.0,63,23.0,38,1008.2,0
2024-03-23,Dong_Nai,10.9453,106.824,28.7,69,18.5,20,1009.0,0
2024-03-24,Dong_Nai,10.9453,106.824,28.9,70,20.0,13,1010.5,0
2024-03-25,Dong_Nai,10.9453,106.824,29.1,71,18.9,31,1010.1,0
2024-03-26,Dong_Nai,10.9453,106.824,30.0,63,24.1,54,1011.0,0
2024-03-27,Dong_Nai,10.9453,106.824,30.1,62,16.7,27,1011.9,1
2024-03-28,Dong_Nai,10.9453,106.824,29.8,69,14.8,97,1010.5,0
2024-03-29,Dong_Nai,10.9453,106.824,29.4,73,15.1,95,1010.2,1
2024-03-30,Dong_Nai,10.9453,106.824,30.0,69,15.1,62,1011.4,0
2024-03-31,Dong_Nai,10.9453,106.824,29.7,73,14.8,82,1010.8,0
2024-04-01,Dong_Nai,10.9453,106.824,29.6,74,13.5,31,1008.9,1
2024-04-02,Dong_Nai,10.9453,106.824,29.7,71,15.3,35,1008.1,1
2024-04-03,Dong_Nai,10.9453,106.824,29.5,72,16.3,63,1008.6,1
2024-04-04,Dong_Nai,10.9453,106.824,29.8,71,16.5,50,1008.0,1
2024-04-05,Dong_Nai,10.9453,106.824,29.7,71,18.7,79,1007.7,1
2024-04-06,Dong_Nai,10.9453,106.824,29.5,65,19.9,26,1008.1,0
2024-04-07,Dong_Nai,10.9453,106.824,29.7,70,23.0,57,1007.5,0
2024-04-08,Dong_Nai,10.9453,106.824,29.9,71,19.8,27,1008.1,1
2024-04-09,Dong_Nai,10.9453,106.824,30.8,63,23.5,87,1008.3,0
2024-04-10,Dong_Nai,10.9453,106.824,30.6,59,19.6,87,1009.5,0
2024-04-11,Dong_Nai,10.9453,106.824,30.9,56,20.6,62,1008.7,0
2024-04-12,Dong_Nai,10.9453,106.824,30.8,59,20.9,83,1008.5,0
2024-04-13,Dong_Nai,10.9453,106.824,30.5,66,16.1,69,1008.5,1
2024-04-14,Dong_Nai,10.9453,106.824,29.9,68,25.6,48,1009.4,0
2024-04-15,Dong_Nai,10.9453,106.824,30.3,68,22.0,28,1009.8,0
2024-04-16,Dong_Nai,10.9453,106.824,30.7,66,21.7,25,1008.4,0
2024-04-17,Dong_Nai,10.9453,106.824,30.2,67,18.3,61,1008.2,0
2024-04-18,Dong_Nai,10.9453,106.824,29.9,70,18.5,60,1007.4,0
2024-04-19,Dong_Nai,10.9453,106.824,29.7,73,15.7,37,1006.4,1
2024-04-20,Dong_Nai,10.9453,106.824,29.9,69,14.8,67,1006.4,1
2024-04-21,Dong_Nai,10.9453,106.824,30.1,68,15.3,57,1007.1,1
2024-04-22,Dong_Nai,10.9453,106.824,30.1,69,15.7,60,1006.9,1
2024-04-23,Dong_Nai,10.9453,106.824,30.2,66,15.6,77,1006.7,0
2024-04-24,Dong_Nai,10.9453,106.824,30.9,69,16.7,66,1006.4,0
2024-04-25,Dong_Nai,10.9453,106.824,31.2,71,18.1,53,1006.5,1
2024-04-26,Dong_Nai,10.9453,106.824,31.1,70,17.5,76,1006.2,1
2024-04-27,Dong_Nai,10.9453,106.824,31.1,71,15.2,38,1005.9,0
2024-04-28,Dong_Nai,10.9453,106.824,31.2,69,15.6,28,1007.2,1
2024-04-29,Dong_Nai,10.9453,106.824,31.3,70,20.3,84,1007.4,1
2024-04-30,Dong_Nai,10.9453,106.824,31.1,71,19.6,86,1005.6,1
2024-05-01,Dong_Nai,10.9453,106.824,31.5,69,17.2,92,1005.0,1
2024-05-02,Dong_Nai,10.9453,106.824,31.5,67,17.0,73,1006.1,1
2024-05-03,Dong_Nai,10.9453,106.824,31.7,65,16.3,47,1006.9,0
2024-05-04,Dong_Nai,10.9453,106.824,29.8,75,10.7,88,1007.2,1
2024-05-05,Dong_Nai,10.9453,106.824,28.9,81,15.2,89,1007.2,1
2024-05-06,Dong_Nai,10.9453,106.824,30.0,72,13.3,59,1008.0,1
2024-05-07,Dong_Nai,10.9453,106.824,29.9,72,19.3,53,1009.2,1
2024-05-08,Dong_Nai,10.9453,106.824,30.5,71,13.4,58,1008.2,1
2024-05-09,Dong_Nai,10.9453,106.824,30.3,72,18.0,85,1007.7,1
2024-05-10,Dong_Nai,10.9453,106.824,30.9,67,20.5,63,1008.0,1
2024-05-11,Dong_Nai,10.9453,106.824,31.0,69,11.5,60,1008.8,1
2024-05-12,Dong_Nai,10.9453,106.824,30.8,72,14.5,70,1008.3,1
2024-05-13,Dong_Nai,10.9453,106.824,30.7,72,19.7,61,1007.6,1
2024-05-14,Dong_Nai,10.9453,106.824,30.3,72,16.3,80,1007.8,1
2024-05-15,Dong_Nai,10.9453,106.824,30.3,72,21.1,92,1008.4,1
2024-05-16,Dong_Nai,10.9453,106.824,29.1,80,12.2,100,1008.3,1
2024-05-17,Dong_Nai,10.9453,106.824,29.2,81,16.7,100,1007.9,1
2024-05-18,Dong_Nai,10.9453,106.824,29.3,78,15.9,80,1006.3,1
2024-05-19,Dong_Nai,10.9453,106.824,29.3,81,20.1,100,1005.2,1
2024-05-20,Dong_Nai,10.9453,106.824,28.3,85,11.8,98,1005.7,1
2024-05-21,Dong_Nai,10.9453,106.824,27.8,85,12.6,94,1006.6,1
2024-05-22,Dong_Nai,10.9453,106.824,28.9,83,14.0,78,1006.9,1
2024-05-23,Dong_Nai,10.9453,106.824,28.7,84,13.7,100,1006.8,1
2024-05-24,Dong_Nai,10.9453,106.824,29.8,77,14.3,93,1006.7,1
2024-05-25,Dong_Nai,10.9453,106.824,30.2,75,13.4,97,1007.1,1
2024-05-26,Dong_Nai,10.9453,106.824,29.2,82,13.8,94,1008.1,1
2024-05-27,Dong_Nai,10.9453,106.824,29.7,83,9.5,91,1006.5,1
2024-05-28,Dong_Nai,10.9453,106.824,28.6,83,9.8,100,1006.7,1
2024-05-29,Dong_Nai,10.9453,106.824,28.7,84,16.2,79,1006.1,1
2024-05-30,Dong_Nai,10.9453,106.824,28.0,88,16.1,100,1006.6,1
2024-05-31,Dong_Nai,10.9453,106.824,27.7,86,14.1,100,1007.6,1
2024-06-01,Dong_Nai,10.9453,106.824,28.3,83,11.7,96,1009.4,1
2024-06-02,Dong_Nai,10.9453,106.824,29.2,80,12.2,99,1009.5,1
2024-06-03,Dong_Nai,10.9453,106.824,29.3,80,18.7,97,1008.2,1
2024-06-04,Dong_Nai,10.9453,106.824,30.2,78,9.7,100,1007.5,0
2024-06-05,Dong_Nai,10.9453,106.824,29.2,83,16.0,90,1008.5,1
2024-06-06,Dong_Nai,10.9453,106.824,29.2,82,9.3,99,1008.8,1
2024-06-07,Dong_Nai,10.9453,106.824,28.6,83,10.8,99,1007.3,1
2024-06-08,Dong_Nai,10.9453,106.824,28.3,84,11.2,99,1006.2,1
2024-06-09,Dong_Nai,10.9453,106.824,27.4,87,21.9,100,1006.8,1
2024-06-10,Dong_Nai,10.9453,106.824,26.8,87,16.2,97,1008.9,1
2024-06-11,Dong_Nai,10.9453,106.824,28.6,78,18.6,66,1009.5,1
2024-06-12,Dong_Nai,10.9453,106.824,28.6,78,19.7,75,1009.6,1
2024-06-13,Dong_Nai,10.9453,106.824,29.2,80,14.8,81,1007.8,1
2024-06-14,Dong_Nai,10.9453,106.824,28.4,84,15.8,85,1005.9,1
2024-06-15,Dong_Nai,10.9453,106.824,28.1,85,19.0,78,1005.8,1
2024-06-16,Dong_Nai,10.9453,106.824,28.5,79,13.3,96,1006.8,1
2024-06-17,Dong_Nai,10.9453,106.824,27.9,83,15.1,61,1007.5,1
2024-06-18,Dong_Nai,10.9453,106.824,28.4,82,14.7,59,1006.8,1
2024-06-19,Dong_Nai,10.9453,106.824,28.5,81,14.3,100,1005.8,1
2024-06-20,Dong_Nai,10.9453,106.824,27.3,89,12.8,100,1005.4,1
2024-06-21,Dong_Nai,10.9453,106.824,26.8,88,10.0,100,1004.7,1
2024-06-22,Dong_Nai,10.9453,106.824,26.2,90,19.7,99,1005.2,1
2024-06-23,Dong_Nai,10.9453,106.824,26.3,90,17.4,100,1006.8,1
2024-06-24,Dong_Nai,10.9453,106.824,26.4,88,19.6,100,1007.2,1
2024-06-25,Dong_Nai,10.9453,106.824,27.6,83,13.0,95,1006.7,1
2024-06-26,Dong_Nai,10.9453,106.824,28.1,80,12.0,99,1007.1,1
2024-06-27,Dong_Nai,10.9453,106.824,27.2,86,10.7,98,1008.5,1
2024-06-28,Dong_Nai,10.9453,106.824,27.1,88,16.3,90,1008.5,1
2024-06-29,Dong_Nai,10.9453,106.824,28.0,84,19.5,77,1008.8,1
2024-06-30,Dong_Nai,10.9453,106.824,27.8,83,16.4,91,1009.4,1
2024-07-01,Dong_Nai,10.9453,106.824,27.9,82,14.0,65,1008.0,1
2024-07-02,Dong_Nai,10.9453,106.824,27.4,87,14.7,77,1006.4,1
2024-07-03,Dong_Nai,10.9453,106.824,26.6,89,11.3,100,1007.9,1
2024-07-04,Dong_Nai,10.9453,106.824,26.2,90,14.9,100,1009.6,1
2024-07-05,Dong_Nai,10.9453,106.824,27.3,84,17.1,76,1007.5,1
2024-07-06,Dong_Nai,10.9453,106.824,28.0,82,9.9,80,1005.9,1
2024-07-07,Dong_Nai,10.9453,106.824,27.6,85,13.2,85,1006.8,1
2024-07-08,Dong_Nai,10.9453,106.824,27.6,85,14.9,100,1006.7,1
2024-07-09,Dong_Nai,10.9453,106.824,27.5,84,13.4,100,1008.2,1
2024-07-10,Dong_Nai,10.9453,106.824,27.0,85,19.5,91,1009.3,1
2024-07-11,Dong_Nai,10.9453,106.824,26.5,89,17.8,97,1008.1,1
2024-07-12,Dong_Nai,10.9453,106.824,26.6,87,19.8,100,1006.4,1
2024-07-13,Dong_Nai,10.9453,106.824,26.5,87,20.5,100,1004.8,1
2024-07-14,Dong_Nai,10.9453,106.824,26.5,86,21.7,100,1004.9,1
2024-07-15,Dong_Nai,10.9453,106.824,26.5,88,16.2,100,1004.9,1
2024-07-16,Dong_Nai,10.9453,106.824,26.3,90,16.1,96,1005.1,1
2024-07-17,Dong_Nai,10.9453,106.824,25.8,91,20.8,100,1005.9,1
2024-07-18,Dong_Nai,10.9453,106.824,26.3,90,19.7,100,1007.0,1
2024-07-19,Dong_Nai,10.9453,106.824,25.9,91,13.5,100,1006.9,1
2024-07-20,Dong_Nai,10.9453,106.824,25.6,93,12.9,100,1007.3,1
2024-07-21,Dong_Nai,10.9453,106.824,26.5,89,23.0,100,1007.2,1
2024-07-22,Dong_Nai,10.9453,106.824,26.5,89,21.3,99,1007.6,1
2024-07-23,Dong_Nai,10.9453,106.824,27.3,86,25.9,98,1007.1,1
2024-07-24,Dong_Nai,10.9453,106.824,27.9,82,19.2,87,1005.3,1
2024-07-25,Dong_Nai,10.9453,106.824,27.0,87,21.0,98,1004.4,1
2024-07-26,Dong_Nai,10.9453,106.824,26.6,90,16.1,97,1005.7,1
2024-07-27,Dong_Nai,10.9453,106.824,26.3,90,16.8,100,1007.3,1
2024-07-28,Dong_Nai,10.9453,106.824,26.4,88,14.4,100,1007.4,1
2024-07-29,Dong_Nai,10.9453,106.824,26.9,88,17.6,100,1007.0,1
2024-07-30,Dong_Nai,10.9453,106.824,27.1,88,19.9,100,1008.3,1
2024-07-31,Dong_Nai,10.9453,106.824,27.7,85,15.3,89,1009.7,1
2024-08-01,Dong_Nai,10.9453,106.824,27.3,87,10.9,90,1009.9,1
2024-08-02,Dong_Nai,10.9453,106.824,27.3,86,14.0,98,1009.1,1
2024-08-03,Dong_Nai,10.9453,106.824,26.7,88,10.7,93,1009.1,1
2024-08-04,Dong_Nai,10.9453,106.824,26.4,88,14.3,76,1009.2,1
2024-08-05,Dong_Nai,10.9453,106.824,26.2,89,13.6,78,1008.3,1
2024-08-06,Dong_Nai,10.9453,106.824,26.5,89,15.9,83,1007.6,1
2024-08-07,Dong_Nai,10.9453,106.824,26.8,88,14.8,81,1008.2,1
2024-08-08,Dong_Nai,10.9453,106.824,28.1,83,14.2,72,1008.8,1
2024-08-09,Dong_Nai,10.9453,106.824,28.2,83,12.5,62,1008.3,1
2024-08-10,Dong_Nai,10.9453,106.824,28.5,83,12.0,40,1006.9,1
2024-08-11,Dong_Nai,10.9453,106.824,28.3,84,17.4,60,1005.4,1
2024-08-12,Dong_Nai,10.9453,106.824,27.3,87,19.3,89,1006.3,1
2024-08-13,Dong_Nai,10.9453,106.824,28.1,83,14.3,52,1007.2,1
2024-08-14,Dong_Nai,10.9453,106.824,28.1,85,14.1,61,1007.1,1
2024-08-15,Dong_Nai,10.9453,106.824,27.9,86,10.7,58,1006.5,1
2024-08-16,Dong_Nai,10.9453,106.824,27.8,86,16.4,88,1006.5,1
2024-08-17,Dong_Nai,10.9453,106.824,27.5,87,11.3,84,1008.0,1
2024-08-18,Dong_Nai,10.9453,106.824,28.8,80,12.0,72,1008.0,1
2024-08-19,Dong_Nai,10.9453,106.824,29.1,79,12.6,93,1007.6,1
2024-08-20,Dong_Nai,10.9453,106.824,28.6,82,8.0,95,1008.4,1
2024-08-21,Dong_Nai,10.9453,106.824,28.3,81,13.3,91,1009.2,1
2024-08-22,Dong_Nai,10.9453,106.824,28.3,81,12.7,100,1009.0,1
2024-08-23,Dong_Nai,10.9453,106.824,27.9,83,11.1,98,1009.9,1
2024-08-24,Dong_Nai,10.9453,106.824,27.4,83,10.8,92,1009.3,1
2024-08-25,Dong_Nai,10.9453,106.824,27.0,84,15.6,92,1008.1,1
2024-08-26,Dong_Nai,10.9453,106.824,26.8,87,14.6,95,1007.8,1
2024-08-27,Dong_Nai,10.9453,106.824,26.6,89,14.1,94,1008.0,1
2024-08-28,Dong_Nai,10.9453,106.824,26.8,89,13.7,97,1007.9,1
2024-08-29,Dong_Nai,10.9453,106.824,26.9,84,20.8,93,1008.0,1
2024-08-30,Dong_Nai,10.9453,106.824,26.7,86,13.7,99,1007.7,1
2024-08-31,Dong_Nai,10.9453,106.824,26.8,87,15.2,99,1007.4,1
2024-09-01,Dong_Nai,10.9453,106.824,26.2,90,9.5,90,1006.4,1
2024-09-02,Dong_Nai,10.9453,106.824,26.1,89,16.1,94,1006.8,1
2024-09-03,Dong_Nai,10.9453,106.824,26.2,90,21.9,98,1008.1,1
2024-09-04,Dong_Nai,10.9453,106.824,26.7,88,27.2,100,1006.6,1
2024-09-05,Dong_Nai,10.9453,106.824,26.7,89,21.0,96,1004.4,1
2024-09-06,Dong_Nai,10.9453,106.824,26.9,87,23.2,100,1004.6,1
2024-09-07,Dong_Nai,10.9453,106.824,27.2,86,20.7,100,1006.8,1
2024-09-08,Dong_Nai,10.9453,106.824,27.3,86,20.0,98,1008.4,1
2024-09-09,Dong_Nai,10.9453,106.824,27.7,85,15.3,98,1006.6,1
2024-09-10,Dong_Nai,10.9453,106.824,27.1,88,10.3,100,1006.0,1
2024-09-11,Dong_Nai,10.9453,106.824,27.0,88,10.2,100,1007.5,1
2024-09-12,Dong_Nai,10.9453,106.824,27.0,87,12.9,96,1007.6,1
2024-09-13,Dong_Nai,10.9453,106.824,26.7,90,14.5,97,1006.5,1
2024-09-14,Dong_Nai,10.9453,106.824,25.9,92,14.7,100,1005.1,1
2024-09-15,Dong_Nai,10.9453,106.824,26.5,89,17.1,100,1004.4,1
2024-09-16,Dong_Nai,10.9453,106.824,26.7,88,16.3,100,1003.5,1
2024-09-17,Dong_Nai,10.9453,106.824,26.0,90,15.3,100,1002.0,1
2024-09-18,Dong_Nai,10.9453,106.824,25.5,93,17.7,100,1001.3,1
2024-09-19,Dong_Nai,10.9453,106.824,26.0,91,17.2,100,1001.7,1
2024-09-20,Dong_Nai,10.9453,106.824,26.6,88,25.0,99,1003.6,1
2024-09-21,Dong_Nai,10.9453,106.824,25.8,91,19.4,100,1005.8,1
2024-09-22,Dong_Nai,10.9453,106.824,25.9,92,14.1,100,1007.1,1
2024-09-23,Dong_Nai,10.9453,106.824,26.7,89,12.3,100,1009.2,1
2024-09-24,Dong_Nai,10.9453,106.824,27.1,88,10.5,98,1009.2,1
2024-09-25,Dong_Nai,10.9453,106.824,26.6,89,15.2,68,1009.8,1
2024-09-26,Dong_Nai,10.9453,106.824,26.4,89,15.5,92,1009.6,1
2024-09-27,Dong_Nai,10.9453,106.824,26.5,89,10.7,70,1009.4,1
2024-09-28,Dong_Nai,10.9453,106.824,27.9,82,11.0,43,1008.6,1
2024-09-29,Dong_Nai,10.9453,106.824,27.9,85,7.5,97,1008.3,1
2024-09-30,Dong_Nai,10.9453,106.824,27.5,88,9.6,94,1007.4,1
2024-10-01,Dong_Nai,10.9453,106.824,27.5,86,13.9,94,1007.1,1
2024-10-02,Dong_Nai,10.9453,106.824,27.4,88,10.7,98,1008.7,1
2024-10-03,Dong_Nai,10.9453,106.824,26.3,91,17.5,100,1009.5,1
2024-10-04,Dong_Nai,10.9453,106.824,26.8,88,9.8,75,1009.3,1
2024-10-05,Dong_Nai,10.9453,106.824,27.1,86,10.4,51,1008.5,1
2024-10-06,Dong_Nai,10.9453,106.824,26.5,87,11.0,97,1009.7,1
2024-10-07,Dong_Nai,10.9453,106.824,26.5,88,8.6,100,1010.1,1
2024-10-08,Dong_Nai,10.9453,106.824,26.6,88,10.8,94,1009.7,1
2024-10-09,Dong_Nai,10.9453,106.824,26.4,90,12.3,85,1008.7,1
2024-10-10,Dong_Nai,10.9453,106.824,27.2,85,12.9,85,1008.2,1
2024-10-11,Dong_Nai,10.9453,106.824,26.9,89,11.2,91,1008.2,1
2024-10-12,Dong_Nai,10.9453,106.824,26.8,90,9.9,83,1008.9,1
2024-10-13,Dong_Nai,10.9453,106.824,27.3,86,9.7,63,1008.5,1
2024-10-14,Dong_Nai,10.9453,106.824,27.2,87,9.8,88,1007.9,1
2024-10-15,Dong_Nai,10.9453,106.824,26.2,89,13.5,97,1009.0,1
2024-10-16,Dong_Nai,10.9453,106.824,26.2,88,15.5,92,1009.6,1
2024-10-17,Dong_Nai,10.9453,106.824,26.2,89,12.5,98,1009.5,1
2024-10-18,Dong_Nai,10.9453,106.824,25.9,91,13.3,84,1009.4,1
2024-10-19,Dong_Nai,10.9453,106.824,26.1,90,13.2,96,1009.8,1
2024-10-20,Dong_Nai,10.9453,106.824,26.3,89,10.9,69,1010.8,1
2024-10-21,Dong_Nai,10.9453,106.824,26.3,87,14.1,84,1009.3,1
2024-10-22,Dong_Nai,10.9453,106.824,25.9,89,12.1,94,1008.3,1
2024-10-23,Dong_Nai,10.9453,106.824,26.1,90,10.5,97,1008.3,1
2024-10-24,Dong_Nai,10.9453,106.824,27.4,82,13.7,77,1007.9,1
2024-10-25,Dong_Nai,10.9453,106.824,27.1,80,14.9,95,1006.9,1
2024-10-26,Dong_Nai,10.9453,106.824,27.6,78,21.6,99,1005.0,0
2024-10-27,Dong_Nai,10.9453,106.824,24.9,91,9.0,100,1004.8,1
2024-10-28,Dong_Nai,10.9453,106.824,24.7,93,11.2,100,1005.4,1
2024-10-29,Dong_Nai,10.9453,106.824,25.4,90,18.2,88,1007.0,1
2024-10-30,Dong_Nai,10.9453,106.824,26.2,88,11.9,64,1008.5,1
2024-10-31,Dong_Nai,10.9453,106.824,26.6,85,13.1,93,1007.8,1
2024-11-01,Dong_Nai,10.9453,106.824,26.9,87,10.2,99,1008.4,1
2024-11-02,Dong_Nai,10.9453,106.824,26.0,88,9.8,97,1009.7,1
2024-11-03,Dong_Nai,10.9453,106.824,26.5,86,12.3,67,1009.6,1
2024-11-04,Dong_Nai,10.9453,106.824,26.1,90,14.9,85,1009.4,1
2024-11-05,Dong_Nai,10.9453,106.824,26.1,87,17.2,90,1009.8,1
2024-11-06,Dong_Nai,10.9453,106.824,26.4,88,8.0,74,1010.0,1
2024-11-07,Dong_Nai,10.9453,106.824,26.7,87,4.6,67,1010.0,1
2024-11-08,Dong_Nai,10.9453,106.824,26.7,84,9.5,92,1009.7,1
2024-11-09,Dong_Nai,10.9453,106.824,26.6,85,13.1,92,1009.5,1
2024-11-10,Dong_Nai,10.9453,106.824,27.1,84,9.2,49,1009.9,1
2024-11-11,Dong_Nai,10.9453,106.824,27.4,82,13.5,44,1009.0,0
2024-11-12,Dong_Nai,10.9453,106.824,27.0,86,13.4,81,1008.1,1
2024-11-13,Dong_Nai,10.9453,106.824,27.0,86,13.6,50,1007.9,1
2024-11-14,Dong_Nai,10.9453,106.824,28.0,79,11.4,48,1008.3,0
2024-11-15,Dong_Nai,10.9453,106.824,27.7,83,11.8,88,1008.3,1
2024-11-16,Dong_Nai,10.9453,106.824,27.9,77,11.1,63,1008.0,0
2024-11-17,Dong_Nai,10.9453,106.824,27.7,78,11.9,65,1007.9,1
2024-11-18,Dong_Nai,10.9453,106.824,27.5,79,5.5,27,1007.9,1
2024-11-19,Dong_Nai,10.9453,106.824,27.7,81,6.3,62,1008.7,1
2024-11-20,Dong_Nai,10.9453,106.824,27.0,84,13.8,88,1008.4,1
2024-11-21,Dong_Nai,10.9453,106.824,27.3,84,17.1,63,1007.7,1
2024-11-22,Dong_Nai,10.9453,106.824,27.5,84,12.8,64,1008.0,1
2024-11-23,Dong_Nai,10.9453,106.824,27.9,82,7.2,100,1008.5,1
2024-11-24,Dong_Nai,10.9453,106.824,27.7,86,13.4,99,1008.7,1
2024-11-25,Dong_Nai,10.9453,106.824,28.2,79,10.9,86,1008.4,1
2024-11-26,Dong_Nai,10.9453,106.824,28.5,76,8.1,100,1007.6,0
2024-11-27,Dong_Nai,10.9453,106.824,27.8,76,10.5,81,1008.0,1
2024-11-28,Dong_Nai,10.9453,106.824,27.8,68,17.6,86,1009.1,1
2024-11-29,Dong_Nai,10.9453,106.824,26.6,67,20.4,99,1009.4,0
2024-11-30,Dong_Nai,10.9453,106.824,26.8,68,10.5,94,1008.4,1
2024-12-01,Dong_Nai,10.9453,106.824,27.4,77,11.7,79,1007.4,0
2024-12-02,Dong_Nai,10.9453,106.824,28.1,77,10.2,99,1006.9,1
2024-12-03,Dong_Nai,10.9453,106.824,26.9,85,6.1,100,1007.5,1
2024-12-04,Dong_Nai,10.9453,106.824,26.7,85,11.5,94,1007.3,1
2024-12-05,Dong_Nai,10.9453,106.824,26.2,86,8.7,100,1007.1,1
2024-12-06,Dong_Nai,10.9453,106.824,27.4,84,7.6,75,1007.5,1
2024-12-07,Dong_Nai,10.9453,106.824,26.5,89,8.4,89,1008.5,1
2024-12-08,Dong_Nai,10.9453,106.824,27.8,76,11.1,94,1008.4,0
2024-12-09,Dong_Nai,10.9453,106.824,27.9,69,13.6,99,1007.2,0
2024-12-10,Dong_Nai,10.9453,106.824,26.6,77,15.3,100,1006.7,1
2024-12-11,Dong_Nai,10.9453,106.824,26.1,85,13.0,100,1006.0,1
2024-12-12,Dong_Nai,10.9453,106.824,26.2,90,12.1,100,1006.5,1
2024-12-13,Dong_Nai,10.9453,106.824,26.5,89,19.3,100,1007.5,1
2024-12-14,Dong_Nai,10.9453,106.824,25.6,92,10.3,100,1009.3,1
2024-12-15,Dong_Nai,10.9453,106.824,25.8,88,9.9,99,1010.5,1
2024-12-16,Dong_Nai,10.9453,106.824,25.0,80,11.3,99,1010.9,0
2024-12-17,Dong_Nai,10.9453,106.824,25.4,79,9.0,68,1010.1,0
2024-12-18,Dong_Nai,10.9453,106.824,26.0,78,11.0,34,1009.4,1
2024-12-19,Dong_Nai,10.9453,106.824,26.1,77,16.0,70,1009.7,0
2024-12-20,Dong_Nai,10.9453,106.824,25.2,77,7.7,83,1009.6,1
2024-12-21,Dong_Nai,10.9453,106.824,24.5,77,8.1,100,1010.3,0
2024-12-22,Dong_Nai,10.9453,106.824,24.1,72,10.2,96,1009.7,0
2024-12-23,Dong_Nai,10.9453,106.824,25.0,75,10.2,77,1008.5,0
2024-12-24,Dong_Nai,10.9453,106.824,26.6,66,20.2,81,1009.1,0
2024-12-25,Dong_Nai,10.9453,106.824,27.1,64,20.0,90,1009.6,0
2024-12-26,Dong_Nai,10.9453,106.824,27.2,77,16.5,81,1011.2,1
2024-12-27,Dong_Nai,10.9453,106.824,26.2,88,12.3,91,1011.9,1
2024-12-28,Dong_Nai,10.9453,106.824,25.8,89,12.6,91,1011.9,1
2024-12-29,Dong_Nai,10.9453,106.824,25.8,76,15.8,58,1011.3,0
2024-12-30,Dong_Nai,10.9453,106.824,25.6,77,7.4,76,1011.2,0
2024-12-31,Dong_Nai,10.9453,106.824,26.1,77,12.9,96,1010.2,1
2025-01-01,Dong_Nai,10.9453,106.824,25.3,78,9.5,99,1009.1,0
2025-01-02,Dong_Nai,10.9453,106.824,25.8,83,11.7,92,1009.0,1
2025-01-03,Dong_Nai,10.9453,106.824,26.6,77,11.5,90,1009.3,1
2025-01-04,Dong_Nai,10.9453,106.824,26.4,75,11.8,71,1009.2,1
2025-01-05,Dong_Nai,10.9453,106.824,26.4,75,9.5,42,1010.3,0
2025-01-06,Dong_Nai,10.9453,106.824,25.8,79,9.7,41,1010.3,1
2025-01-07,Dong_Nai,10.9453,106.824,26.5,78,12.3,43,1010.5,0
2025-01-08,Dong_Nai,10.9453,106.824,26.5,75,14.1,49,1010.4,1
2025-01-09,Dong_Nai,10.9453,106.824,26.4,71,11.6,99,1011.1,0
2025-01-10,Dong_Nai,10.9453,106.824,27.3,60,19.4,91,1012.4,0
2025-01-11,Dong_Nai,10.9453,106.824,26.3,57,20.4,88,1013.2,0
2025-01-12,Dong_Nai,10.9453,106.824,25.5,58,14.3,63,1012.4,0
2025-01-13,Dong_Nai,10.9453,106.824,24.5,62,10.8,61,1011.6,0
2025-01-14,Dong_Nai,10.9453,106.824,25.8,80,13.8,85,1011.2,1
2025-01-15,Dong_Nai,10.9453,106.824,26.3,83,17.3,87,1011.0,1
2025-01-16,Dong_Nai,10.9453,106.824,26.6,72,17.7,60,1011.1,0
2025-01-17,Dong_Nai,10.9453,106.824,25.6,67,13.0,92,1010.4,0
2025-01-18,Dong_Nai,10.9453,106.824,25.5,72,8.9,44,1009.9,0
2025-01-19,Dong_Nai,10.9453,106.824,26.4,74,12.3,45,1008.8,0
2025-01-20,Dong_Nai,10.9453,106.824,25.9,73,14.6,73,1008.7,0
2025-01-21,Dong_Nai,10.9453,106.824,25.9,69,10.7,65,1009.4,0
2025-01-22,Dong_Nai,10.9453,106.824,25.8,68,13.8,82,1009.7,0
2025-01-23,Dong_Nai,10.9453,106.824,27.0,71,15.9,100,1009.7,0
2025-01-24,Dong_Nai,10.9453,106.824,27.2,72,15.7,91,1008.6,1
2025-01-25,Dong_Nai,10.9453,106.824,27.0,70,16.6,77,1008.6,0
2025-01-26,Dong_Nai,10.9453,106.824,27.3,69,15.4,46,1009.0,0
2025-01-27,Dong_Nai,10.9453,106.824,26.1,67,16.3,71,1009.3,0
2025-01-28,Dong_Nai,10.9453,106.824,25.5,68,15.3,72,1011.9,0
2025-01-29,Dong_Nai,10.9453,106.824,24.5,65,15.0,79,1013.2,0
2025-01-30,Dong_Nai,10.9453,106.824,24.8,68,9.4,88,1010.6,0
2025-01-31,Dong_Nai,10.9453,106.824,25.8,70,13.2,96,1009.4,0
2025-02-01,Dong_Nai,10.9453,106.824,26.4,70,17.2,78,1008.5,0
2025-02-02,Dong_Nai,10.9453,106.824,26.4,69,16.8,55,1008.6,0
2025-02-03,Dong_Nai,10.9453,106.824,27.2,69,15.5,24,1009.0,0
2025-02-04,Dong_Nai,10.9453,106.824,27.7,59,10.8,40,1009.9,0
2025-02-05,Dong_Nai,10.9453,106.824,26.3,62,18.5,23,1009.6,0
2025-02-06,Dong_Nai,10.9453,106.824,26.4,65,15.3,32,1009.4,0
2025-02-07,Dong_Nai,10.9453,106.824,26.7,63,14.5,80,1009.7,0
2025-02-08,Dong_Nai,10.9453,106.824,27.3,59,13.6,76,1009.8,0
2025-02-09,Dong_Nai,10.9453,106.824,26.7,56,13.2,68,1010.1,0
2025-02-10,Dong_Nai,10.9453,106.824,26.6,59,14.6,99,1010.4,0
2025-02-11,Dong_Nai,10.9453,106.824,27.4,71,13.9,97,1010.3,1
2025-02-12,Dong_Nai,10.9453,106.824,27.6,77,12.8,57,1010.3,1
2025-02-13,Dong_Nai,10.9453,106.824,25.9,87,9.3,70,1010.9,1
2025-02-14,Dong_Nai,10.9453,106.824,26.7,83,14.2,47,1010.0,1
2025-02-15,Dong_Nai,10.9453,106.824,26.5,83,15.0,41,1009.3,1
2025-02-16,Dong_Nai,10.9453,106.824,27.2,79,13.2,43,1010.0,1
2025-02-17,Dong_Nai,10.9453,106.824,27.2,75,12.8,51,1010.9,0
2025-02-18,Dong_Nai,10.9453,106.824,27.2,76,12.7,79,1011.1,1
2025-02-19,Dong_Nai,10.9453,106.824,26.5,83,13.2,61,1010.9,1
2025-02-20,Dong_Nai,10.9453,106.824,27.4,77,13.0,99,1010.7,1
2025-02-21,Dong_Nai,10.9453,106.824,27.1,79,17.4,86,1011.3,1
2025-02-22,Dong_Nai,10.9453,106.824,26.3,86,14.2,77,1011.6,1
2025-02-23,Dong_Nai,10.9453,106.824,27.0,82,17.1,90,1012.5,1
2025-02-24,Dong_Nai,10.9453,106.824,27.8,77,14.6,64,1012.9,1
2025-02-25,Dong_Nai,10.9453,106.824,27.5,75,11.3,69,1013.8,1
2025-02-26,Dong_Nai,10.9453,106.824,27.5,77,7.6,89,1013.5,0
2025-02-27,Dong_Nai,10.9453,106.824,27.7,76,13.8,45,1011.3,0
2025-02-28,Dong_Nai,10.9453,106.824,27.9,67,16.1,24,1010.7,0
2025-03-01,Dong_Nai,10.9453,106.824,27.5,71,18.7,47,1009.7,0
2025-03-02,Dong_Nai,10.9453,106.824,27.8,65,21.2,61,1008.7,0
2025-03-03,Dong_Nai,10.9453,106.824,28.3,67,15.7,91,1007.9,0
2025-03-04,Dong_Nai,10.9453,106.824,28.2,74,13.7,59,1007.6,0
2025-03-05,Dong_Nai,10.9453,106.824,28.2,76,15.6,69,1007.4,0
2025-03-06,Dong_Nai,10.9453,106.824,28.6,73,15.4,34,1008.9,1
2025-03-07,Dong_Nai,10.9453,106.824,28.5,72,14.5,54,1008.6,1
2025-03-08,Dong_Nai,10.9453,106.824,28.7,71,12.9,65,1009.2,0
2025-03-09,Dong_Nai,10.9453,106.824,27.6,71,9.2,99,1010.7,1
2025-03-10,Dong_Nai,10.9453,106.824,28.3,77,11.1,74,1010.9,1
2025-03-11,Dong_Nai,10.9453,106.824,29.2,69,15.6,33,1009.6,0
2025-03-12,Dong_Nai,10.9453,106.824,29.2,65,16.4,62,1008.5,1
2025-03-13,Dong_Nai,10.9453,106.824,29.3,62,19.1,52,1008.7,1
2025-03-14,Dong_Nai,10.9453,106.824,29.2,64,17.9,51,1009.7,0
2025-03-15,Dong_Nai,10.9453,106.824,29.0,71,18.1,70,1009.8,1
2025-03-16,Dong_Nai,10.9453,106.824,28.7,73,17.8,47,1009.5,1
2025-03-17,Dong_Nai,10.9453,106.824,28.0,75,12.7,64,1010.0,1
2025-03-18,Dong_Nai,10.9453,106.824,28.6,74,13.7,62,1010.5,1
2025-03-19,Dong_Nai,10.9453,106.824,29.3,62,17.4,57,1012.1,0
2025-03-20,Dong_Nai,10.9453,106.824,28.3,57,16.0,98,1013.2,0
2025-03-21,Dong_Nai,10.9453,106.824,28.4,58,15.6,74,1013.0,0
2025-03-22,Dong_Nai,10.9453,106.824,28.7,64,13.8,52,1011.6,0
2025-03-23,Dong_Nai,10.9453,106.824,28.6,63,19.9,52,1011.1,0
2025-03-24,Dong_Nai,10.9453,106.824,27.9,68,19.9,18,1009.6,0
2025-03-25,Dong_Nai,10.9453,106.824,27.3,68,18.2,51,1007.6,0
2025-03-26,Dong_Nai,10.9453,106.824,27.4,69,14.7,41,1006.3,0
2025-03-27,Dong_Nai,10.9453,106.824,27.8,69,14.7,50,1005.8,0
2025-03-28,Dong_Nai,10.9453,106.824,28.2,72,17.5,11,1006.3,0
2025-03-29,Dong_Nai,10.9453,106.824,28.8,72,18.1,59,1007.7,1
2025-03-30,Dong_Nai,10.9453,106.824,29.2,69,18.0,63,1009.0,1
2025-03-31,Dong_Nai,10.9453,106.824,28.3,75,13.4,97,1008.9,1
2025-04-01,Dong_Nai,10.9453,106.824,26.9,86,13.0,96,1008.8,1
2025-04-02,Dong_Nai,10.9453,106.824,26.8,85,14.3,84,1009.5,1
2025-04-03,Dong_Nai,10.9453,106.824,27.8,75,13.4,15,1010.5,1
2025-04-04,Dong_Nai,10.9453,106.824,27.9,72,14.7,46,1009.7,0
2025-04-05,Dong_Nai,10.9453,106.824,28.0,74,17.1,41,1009.4,0
2025-04-06,Dong_Nai,10.9453,106.824,28.0,75,15.2,62,1009.5,0
2025-04-07,Dong_Nai,10.9453,106.824,28.4,71,16.6,67,1010.4,0
2025-04-08,Dong_Nai,10.9453,106.824,28.4,72,16.7,76,1011.0,0
2025-04-09,Dong_Nai,10.9453,106.824,28.6,72,15.3,52,1009.4,1
2025-04-10,Dong_Nai,10.9453,106.824,28.7,77,10.6,98,1007.7,1
2025-04-11,Dong_Nai,10.9453,106.824,28.7,77,14.1,90,1007.4,1
2025-04-12,Dong_Nai,10.9453,106.824,29.4,74,14.6,31,1008.2,0
2025-04-13,Dong_Nai,10.9453,106.824,29.5,74,18.1,36,1008.6,1
2025-04-14,Dong_Nai,10.9453,106.824,29.2,72,12.3,57,1009.1,1
2025-04-15,Dong_Nai,10.9453,106.824,29.8,70,15.5,87,1008.7,1
2025-04-16,Dong_Nai,10.9453,106.824,29.3,70,16.7,97,1008.8,1
2025-04-17,Dong_Nai,10.9453,106.824,29.7,72,15.7,91,1008.5,1
2025-04-18,Dong_Nai,10.9453,106.824,29.2,76,15.1,46,1008.0,1
2025-04-19,Dong_Nai,10.9453,106.824,29.2,75,15.4,35,1007.7,1
2025-04-20,Dong_Nai,10.9453,106.824,29.5,73,15.9,36,1008.3,0
2025-04-21,Dong_Nai,10.9453,106.824,29.8,72,15.4,53,1009.6,1
2025-04-22,Dong_Nai,10.9453,106.824,28.9,76,22.3,92,1009.8,1
2025-04-23,Dong_Nai,10.9453,106.824,28.8,77,16.0,62,1008.9,1
2025-04-24,Dong_Nai,10.9453,106.824,28.4,81,14.5,72,1008.5,1
2025-04-25,Dong_Nai,10.9453,106.824,28.9,79,10.8,68,1008.9,1
2025-04-26,Dong_Nai,10.9453,106.824,27.8,83,11.7,96,1009.3,1
2025-04-27,Dong_Nai,10.9453,106.824,28.4,77,13.2,84,1009.1,0
2025-04-28,Dong_Nai,10.9453,106.824,29.2,74,14.0,40,1008.1,1
2025-04-29,Dong_Nai,10.9453,106.824,29.4,70,13.7,81,1008.2,0
2025-04-30,Dong_Nai,10.9453,106.824,29.6,68,16.0,28,1007.9,0
2025-05-01,Dong_Nai,10.9453,106.824,29.2,72,12.9,70,1008.6,1
2025-05-02,Dong_Nai,10.9453,106.824,28.8,75,13.6,92,1008.1,1
2025-05-03,Dong_Nai,10.9453,106.824,27.7,82,12.4,75,1008.1,1
2025-05-04,Dong_Nai,10.9453,106.824,28.2,81,11.2,84,1006.9,1
2025-05-05,Dong_Nai,10.9453,106.824,28.8,78,14.0,45,1007.1,1
2025-05-06,Dong_Nai,10.9453,106.824,29.2,79,13.0,71,1006.9,1
2025-05-07,Dong_Nai,10.9453,106.824,29.4,77,17.2,53,1006.3,1
2025-05-08,Dong_Nai,10.9453,106.824,30.3,73,13.4,82,1006.2,1
2025-05-09,Dong_Nai,10.9453,106.824,30.1,76,13.5,63,1006.4,1
2025-05-10,Dong_Nai,10.9453,106.824,27.5,87,14.2,88,1006.8,1
2025-05-11,Dong_Nai,10.9453,106.824,27.9,84,11.0,100,1005.9,1
2025-05-12,Dong_Nai,10.9453,106.824,27.3,87,11.8,99,1006.3,1
2025-05-13,Dong_Nai,10.9453,106.824,27.2,86,13.0,88,1007.9,1
2025-05-14,Dong_Nai,10.9453,106.824,28.6,83,14.9,84,1008.5,1
2025-05-15,Dong_Nai,10.9453,106.824,27.7,84,16.2,99,1008.7,1
2025-05-16,Dong_Nai,10.9453,106.824,28.4,83,11.0,96,1007.9,1
2025-05-17,Dong_Nai,10.9453,106.824,28.7,79,14.3,79,1008.0,1
2025-05-18,Dong_Nai,10.9453,106.824,28.9,78,13.6,94,1007.7,1
2025-05-19,Dong_Nai,10.9453,106.824,27.8,85,18.1,81,1007.4,1
2025-05-20,Dong_Nai,10.9453,106.824,28.0,84,14.3,95,1007.3,1
2025-05-21,Dong_Nai,10.9453,106.824,27.8,87,14.3,81,1006.9,1
2025-05-22,Dong_Nai,10.9453,106.824,27.3,86,11.1,100,1006.0,1
2025-05-23,Dong_Nai,10.9453,106.824,27.4,87,15.5,100,1004.8,1
2025-05-24,Dong_Nai,10.9453,106.824,26.8,89,17.1,94,1006.0,1
2025-05-25,Dong_Nai,10.9453,106.824,26.8,88,13.7,94,1007.9,1
2025-05-26,Dong_Nai,10.9453,106.824,27.7,86,14.6,80,1008.2,1
2025-05-27,Dong_Nai,10.9453,106.824,27.6,86,14.6,98,1007.6,1
2025-05-28,Dong_Nai,10.9453,106.824,27.2,87,12.0,99,1006.5,1
2025-05-29,Dong_Nai,10.9453,106.824,26.7,90,17.8,88,1007.7,1
2025-05-30,Dong_Nai,10.9453,106.824,26.7,90,13.9,98,1009.4,1
2025-05-31,Dong_Nai,10.9453,106.824,27.5,86,17.7,77,1009.7,1
2025-06-01,Dong_Nai,10.9453,106.824,28.5,83,14.2,78,1008.9,1
2025-06-02,Dong_Nai,10.9453,106.824,27.9,85,20.2,99,1008.3,1
2025-06-03,Dong_Nai,10.9453,106.824,26.9,88,15.7,99,1007.8,1
2025-06-04,Dong_Nai,10.9453,106.824,28.0,85,10.7,75,1007.4,1
2025-06-05,Dong_Nai,10.9453,106.824,27.9,86,10.5,92,1007.6,1
2025-06-06,Dong_Nai,10.9453,106.824,27.0,89,11.7,96,1007.7,1
2025-06-07,Dong_Nai,10.9453,106.824,26.9,88,13.2,100,1007.3,1
2025-06-08,Dong_Nai,10.9453,106.824,26.8,89,16.1,97,1006.7,1
2025-06-09,Dong_Nai,10.9453,106.824,27.0,89,22.6,94,1005.8,1
2025-06-10,Dong_Nai,10.9453,106.824,26.7,90,16.7,100,1004.7,1
2025-06-11,Dong_Nai,10.9453,106.824,26.3,91,19.6,100,1004.6,1
2025-06-12,Dong_Nai,10.9453,106.824,26.7,88,20.7,100,1005.1,1
2025-06-13,Dong_Nai,10.9453,106.824,26.9,88,17.0,100,1007.3,1
2025-06-14,Dong_Nai,10.9453,106.824,27.5,88,13.9,99,1008.4,1
2025-06-15,Dong_Nai,10.9453,106.824,28.3,84,11.7,97,1007.5,1
2025-06-16,Dong_Nai,10.9453,106.824,28.0,86,6.5,92,1007.7,1
2025-06-17,Dong_Nai,10.9453,106.824,27.4,87,10.7,90,1008.2,1
2025-06-18,Dong_Nai,10.9453,106.824,26.9,89,9.7,100,1008.2,1
2025-06-19,Dong_Nai,10.9453,106.824,27.4,86,11.5,100,1007.4,1
2025-06-20,Dong_Nai,10.9453,106.824,27.2,88,12.5,98,1007.4,1
2025-06-21,Dong_Nai,10.9453,106.824,26.7,88,12.5,100,1007.3,1
2025-06-22,Dong_Nai,10.9453,106.824,26.4,87,15.9,100,1008.0,1
2025-06-23,Dong_Nai,10.9453,106.824,27.6,81,16.3,98,1007.2,1
2025-06-24,Dong_Nai,10.9453,106.824,27.0,87,12.4,100,1007.1,1
2025-06-25,Dong_Nai,10.9453,106.824,26.8,88,19.4,86,1007.6,1
2025-06-26,Dong_Nai,10.9453,106.824,26.0,91,18.9,100,1008.2,1
2025-06-27,Dong_Nai,10.9453,106.824,26.7,88,16.1,95,1007.8,1
2025-06-28,Dong_Nai,10.9453,106.824,27.0,88,14.1,60,1007.2,1
2025-06-29,Dong_Nai,10.9453,106.824,27.0,85,16.7,85,1006.0,1
2025-06-30,Dong_Nai,10.9453,106.824,27.8,81,14.3,73,1005.5,1
2025-07-01,Dong_Nai,10.9453,106.824,26.9,88,11.6,97,1006.0,1
2025-07-02,Dong_Nai,10.9453,106.824,26.7,88,15.0,100,1007.0,1
2025-07-03,Dong_Nai,10.9453,106.824,26.8,86,12.4,100,1007.8,1
2025-07-04,Dong_Nai,10.9453,106.824,27.2,85,18.4,81,1007.2,1
2025-07-05,Dong_Nai,10.9453,106.824,27.3,87,14.1,98,1006.4,1
2025-07-06,Dong_Nai,10.9453,106.824,27.4,87,13.0,100,1006.9,1
2025-07-07,Dong_Nai,10.9453,106.824,26.7,90,17.7,94,1007.9,1
2025-07-08,Dong_Nai,10.9453,106.824,27.1,87,15.4,93,1008.0,1
2025-07-09,Dong_Nai,10.9453,106.824,27.0,86,20.8,76,1007.2,1
2025-07-10,Dong_Nai,10.9453,106.824,27.2,86,16.6,46,1004.8,1
2025-07-11,Dong_Nai,10.9453,106.824,27.5,85,21.5,84,1004.1,1
2025-07-12,Dong_Nai,10.9453,106.824,27.2,89,20.3,62,1005.7,1
2025-07-13,Dong_Nai,10.9453,106.824,27.5,86,15.7,67,1006.6,1
2025-07-14,Dong_Nai,10.9453,106.824,27.2,88,11.9,71,1006.6,1
2025-07-15,Dong_Nai,10.9453,106.824,27.2,88,16.1,89,1006.4,1
2025-07-16,Dong_Nai,10.9453,106.824,26.9,89,23.0,93,1007.1,1
2025-07-17,Dong_Nai,10.9453,106.824,26.8,89,14.5,88,1007.4,1
2025-07-18,Dong_Nai,10.9453,106.824,26.5,88,15.8,99,1006.4,1
2025-07-19,Dong_Nai,10.9453,106.824,26.9,87,22.3,92,1003.9,1
2025-07-20,Dong_Nai,10.9453,106.824,27.1,85,22.5,100,1004.2,1
2025-07-21,Dong_Nai,10.9453,106.824,27.0,85,23.5,100,1005.2,1
2025-07-22,Dong_Nai,10.9453,106.824,28.3,78,24.3,100,1004.4,1
2025-07-23,Dong_Nai,10.9453,106.824,27.6,83,15.0,92,1004.3,1
2025-07-24,Dong_Nai,10.9453,106.824,28.6,79,17.9,99,1005.1,1
2025-07-25,Dong_Nai,10.9453,106.824,28.5,78,18.1,91,1005.3,1
2025-07-26,Dong_Nai,10.9453,106.824,27.9,84,15.5,100,1005.9,1
2025-07-27,Dong_Nai,10.9453,106.824,27.0,86,20.9,99,1006.3,1
2025-07-28,Dong_Nai,10.9453,106.824,27.1,86,22.9,85,1006.0,1
2025-07-29,Dong_Nai,10.9453,106.824,27.9,84,16.6,79,1005.8,1
2025-07-30,Dong_Nai,10.9453,106.824,28.6,80,16.9,91,1006.5,1
2025-07-31,Dong_Nai,10.9453,106.824,27.9,84,22.8,81,1006.7,1
2025-08-01,Dong_Nai,10.9453,106.824,28.5,83,16.0,83,1005.9,1
2025-08-02,Dong_Nai,10.9453,106.824,28.6,82,13.3,99,1007.0,1
2025-08-03,Dong_Nai,10.9453,106.824,28.2,85,18.1,83,1008.4,1
2025-08-04,Dong_Nai,10.9453,106.824,27.9,87,24.6,69,1008.2,1
2025-08-05,Dong_Nai,10.9453,106.824,27.9,84,19.6,79,1007.9,1
2025-08-06,Dong_Nai,10.9453,106.824,27.8,84,17.5,100,1008.0,1
2025-08-07,Dong_Nai,10.9453,106.824,28.3,81,10.7,71,1008.5,1
2025-08-08,Dong_Nai,10.9453,106.824,28.2,84,12.1,52,1009.0,1
2025-08-09,Dong_Nai,10.9453,106.824,27.4,85,15.9,92,1008.9,1
2025-08-10,Dong_Nai,10.9453,106.824,27.1,84,14.0,93,1007.4,1
2025-08-11,Dong_Nai,10.9453,106.824,26.8,85,12.5,82,1006.8,1
2025-08-12,Dong_Nai,10.9453,106.824,27.0,85,13.0,98,1006.8,1
2025-08-13,Dong_Nai,10.9453,106.824,26.8,86,16.2,100,1007.7,1
2025-08-14,Dong_Nai,10.9453,106.824,26.2,89,14.4,99,1006.6,1
2025-08-15,Dong_Nai,10.9453,106.824,26.3,90,14.4,100,1004.9,1
2025-08-16,Dong_Nai,10.9453,106.824,25.3,92,18.9,99,1005.4,1
2025-08-17,Dong_Nai,10.9453,106.824,25.8,89,19.8,99,1007.4,1
2025-08-18,Dong_Nai,10.9453,106.824,27.0,82,13.4,89,1008.8,1
2025-08-19,Dong_Nai,10.9453,106.824,27.8,83,9.6,54,1009.1,1
2025-08-20,Dong_Nai,10.9453,106.824,27.5,85,15.4,85,1008.4,1
2025-08-21,Dong_Nai,10.9453,106.824,24.6,93,12.7,99,1009.7,1
2025-08-22,Dong_Nai,10.9453,106.824,26.3,84,17.6,77,1009.1,1
2025-08-23,Dong_Nai,10.9453,106.824,26.6,87,20.7,83,1008.0,1
2025-08-24,Dong_Nai,10.9453,106.824,26.5,86,18.0,100,1006.7,1
2025-08-25,Dong_Nai,10.9453,106.824,26.1,89,20.7,100,1006.3,1
2025-08-26,Dong_Nai,10.9453,106.824,26.5,86,16.1,100,1008.3,1
2025-08-27,Dong_Nai,10.9453,106.824,26.4,87,12.4,100,1008.5,1
2025-08-28,Dong_Nai,10.9453,106.824,26.5,86,18.6,87,1007.2,1
2025-08-29,Dong_Nai,10.9453,106.824,26.1,89,19.5,100,1006.9,1
2025-08-30,Dong_Nai,10.9453,106.824,26.7,88,16.4,100,1006.1,1
2025-08-31,Dong_Nai,10.9453,106.824,26.8,89,19.7,80,1006.1,1
2025-09-01,Dong_Nai,10.9453,106.824,26.6,89,14.8,100,1005.8,1
2025-09-02,Dong_Nai,10.9453,106.824,25.8,92,14.5,100,1006.8,1
2025-09-03,Dong_Nai,10.9453,106.824,26.4,89,13.3,97,1006.8,1
2025-09-04,Dong_Nai,10.9453,106.824,26.8,88,11.1,98,1006.4,1
2025-09-05,Dong_Nai,10.9453,106.824,26.8,89,18.4,96,1006.8,1
2025-09-06,Dong_Nai,10.9453,106.824,26.6,88,11.8,96,1007.3,1
2025-09-07,Dong_Nai,10.9453,106.824,25.7,93,17.1,100,1008.1,1
2025-09-08,Dong_Nai,10.9453,106.824,26.4,89,12.4,95,1008.7,1
2025-09-09,Dong_Nai,10.9453,106.824,26.4,88,17.5,100,1009.8,1
2025-09-10,Dong_Nai,10.9453,106.824,26.8,88,10.6,100,1009.3,1
2025-09-11,Dong_Nai,10.9453,106.824,26.5,88,10.4,90,1008.5,1
2025-09-12,Dong_Nai,10.9453,106.824,26.6,87,12.2,87,1008.4,1
2025-09-13,Dong_Nai,10.9453,106.824,26.7,87,12.9,100,1008.8,1
2025-09-14,Dong_Nai,10.9453,106.824,26.1,89,9.6,100,1009.6,1
2025-09-15,Dong_Nai,10.9453,106.824,26.5,89,11.1,94,1009.5,1
2025-09-16,Dong_Nai,10.9453,106.824,26.4,87,20.0,96,1008.7,1
2025-09-17,Dong_Nai,10.9453,106.824,26.6,87,14.6,93,1007.3,1
2025-09-18,Dong_Nai,10.9453,106.824,26.6,88,13.5,99,1006.9,1
2025-09-19,Dong_Nai,10.9453,106.824,26.5,88,16.1,94,1008.4,1
2025-09-20,Dong_Nai,10.9453,106.824,27.6,83,13.2,86,1008.0,1
2025-09-21,Dong_Nai,10.9453,106.824,27.0,87,13.5,95,1007.3,1
2025-09-22,Dong_Nai,10.9453,106.824,25.5,91,16.4,100,1007.9,1
2025-09-23,Dong_Nai,10.9453,106.824,25.7,87,13.1,100,1007.2,1
2025-09-24,Dong_Nai,10.9453,106.824,27.0,86,16.3,96,1005.4,1
2025-09-25,Dong_Nai,10.9453,106.824,27.0,87,18.0,100,1006.1,1
2025-09-26,Dong_Nai,10.9453,106.824,26.1,90,13.7,100,1007.8,1
2025-09-27,Dong_Nai,10.9453,106.824,25.6,92,15.1,100,1007.0,1
2025-09-28,Dong_Nai,10.9453,106.824,25.9,91,13.8,100,1005.6,1
2025-09-29,Dong_Nai,10.9453,106.824,26.0,89,24.6,98,1007.9,1
2025-09-30,Dong_Nai,10.9453,106.824,26.1,88,12.6,98,1009.6,1
2025-10-01,Dong_Nai,10.9453,106.824,26.3,87,14.7,61,1009.7,1
2025-10-02,Dong_Nai,10.9453,106.824,27.2,83,8.2,30,1009.6,1
2025-10-03,Dong_Nai,10.9453,106.824,26.7,87,15.1,98,1010.2,1
2025-10-04,Dong_Nai,10.9453,106.824,27.6,83,10.9,98,1010.5,1
2025-10-05,Dong_Nai,10.9453,106.824,27.5,84,11.7,98,1010.5,1
2025-10-06,Dong_Nai,10.9453,106.824,27.8,81,12.2,99,1010.1,1
2025-10-07,Dong_Nai,10.9453,106.824,27.4,86,11.7,76,1010.1,1
2025-10-08,Dong_Nai,10.9453,106.824,26.6,86,15.5,77,1009.4,1
2025-10-09,Dong_Nai,10.9453,106.824,26.7,84,9.2,98,1008.7,1
2025-10-10,Dong_Nai,10.9453,106.824,26.4,88,10.6,80,1008.1,1
2025-10-11,Dong_Nai,10.9453,106.824,26.3,87,11.0,99,1008.0,1
2025-10-12,Dong_Nai,10.9453,106.824,26.5,88,10.7,96,1008.2,1
2025-10-13,Dong_Nai,10.9453,106.824,26.1,91,12.9,99,1008.5,1
2025-10-14,Dong_Nai,10.9453,106.824,26.9,87,9.4,89,1008.4,1
2025-10-15,Dong_Nai,10.9453,106.824,27.5,84,11.7,78,1007.1,1
2025-10-16,Dong_Nai,10.9453,106.824,27.6,85,11.1,89,1006.7,1
2025-10-17,Dong_Nai,10.9453,106.824,27.6,84,11.7,99,1007.5,1
2025-10-18,Dong_Nai,10.9453,106.824,26.9,88,13.8,99,1007.3,1
2025-10-19,Dong_Nai,10.9453,106.824,28.0,83,7.6,79,1005.7,1
2025-10-20,Dong_Nai,10.9453,106.824,27.9,83,14.3,93,1005.6,1
2025-10-21,Dong_Nai,10.9453,106.824,27.5,86,16.0,100,1006.6,1
2025-10-22,Dong_Nai,10.9453,106.824,27.0,88,11.1,99,1007.2,1
2025-10-23,Dong_Nai,10.9453,106.824,26.7,89,13.8,96,1007.9,1
2025-10-24,Dong_Nai,10.9453,106.824,27.0,87,10.3,99,1007.9,1
2025-10-25,Dong_Nai,10.9453,106.824,25.8,91,10.1,100,1007.8,1
2025-10-26,Dong_Nai,10.9453,106.824,26.5,86,8.5,97,1008.2,1
2025-10-27,Dong_Nai,10.9453,106.824,26.0,88,18.3,97,1008.3,1
2025-10-28,Dong_Nai,10.9453,106.824,25.7,91,10.3,100,1007.5,1
2025-10-29,Dong_Nai,10.9453,106.824,26.2,89,11.2,100,1007.1,1
2025-10-30,Dong_Nai,10.9453,106.824,26.1,91,14.5,96,1008.3,1
2025-10-31,Dong_Nai,10.9453,106.824,26.9,88,15.1,80,1010.5,1
2025-11-01,Dong_Nai,10.9453,106.824,26.3,90,10.1,92,1010.5,1
2025-11-02,Dong_Nai,10.9453,106.824,26.6,86,10.4,98,1009.5,1
2025-11-03,Dong_Nai,10.9453,106.824,26.3,88,10.2,92,1008.6,1
2025-11-04,Dong_Nai,10.9453,106.824,26.5,88,8.7,95,1008.2,1
2025-11-05,Dong_Nai,10.9453,106.824,26.1,89,7.1,100,1007.1,1
2025-11-06,Dong_Nai,10.9453,106.824,25.8,92,14.4,100,1005.3,1
2025-11-07,Dong_Nai,10.9453,106.824,26.2,89,16.6,100,1006.9,1
2025-11-08,Dong_Nai,10.9453,106.824,26.8,88,9.6,82,1009.1,1
2025-11-09,Dong_Nai,10.9453,106.824,27.0,87,7.9,92,1008.5,1
2025-11-10,Dong_Nai,10.9453,106.824,27.2,86,8.7,98,1007.9,1
2025-11-11,Dong_Nai,10.9453,106.824,26.7,86,12.1,100,1008.6,1
2025-11-12,Dong_Nai,10.9453,106.824,26.3,88,10.3,94,1009.8,1
2025-11-13,Dong_Nai,10.9453,106.824,26.5,87,11.0,91,1010.6,1
2025-11-14,Dong_Nai,10.9453,106.824,26.9,79,9.4,86,1009.9,1
2025-11-15,Dong_Nai,10.9453,106.824,26.0,73,9.4,56,1010.0,0
2025-11-16,Dong_Nai,10.9453,106.824,25.6,86,11.5,95,1010.1,1
2025-11-17,Dong_Nai,10.9453,106.824,25.6,90,8.6,100,1010.3,1
2025-11-18,Dong_Nai,10.9453,106.824,26.1,91,13.2,85,1009.3,1
2025-11-19,Dong_Nai,10.9453,106.824,25.5,90,14.5,90,1009.7,1
2025-11-20,Dong_Nai,10.9453,106.824,25.7,80,14.3,96,1010.1,1
2025-11-21,Dong_Nai,10.9453,106.824,25.9,80,11.1,94,1010.5,0
2025-11-22,Dong_Nai,10.9453,106.824,25.1,83,8.7,100,1010.1,1
2025-11-23,Dong_Nai,10.9453,106.824,26.0,86,11.9,97,1009.2,1
2025-11-24,Dong_Nai,10.9453,106.824,27.2,83,9.3,84,1008.4,1
2025-11-25,Dong_Nai,10.9453,106.824,26.9,75,17.9,70,1008.0,0
2025-11-26,Dong_Nai,10.9453,106.824,25.9,70,16.0,89,1008.5,0
2025-11-27,Dong_Nai,10.9453,106.824,25.5,67,18.6,100,1009.0,0
2025-11-28,Dong_Nai,10.9453,106.824,24.3,67,19.5,100,1009.0,0
2025-11-29,Dong_Nai,10.9453,106.824,25.5,75,11.0,97,1008.7,0
2025-11-30,Dong_Nai,10.9453,106.824,26.6,79,8.9,26,1009.1,1
2025-12-01,Dong_Nai,10.9453,106.824,27.6,79,10.3,48,1009.3,0
2025-12-02,Dong_Nai,10.9453,106.824,26.7,85,10.7,84,1009.6,1
2025-12-03,Dong_Nai,10.9453,106.824,25.8,89,11.1,86,1010.2,1
2025-12-04,Dong_Nai,10.9453,106.824,26.1,86,20.3,77,1010.6,1
2025-12-05,Dong_Nai,10.9453,106.824,26.6,84,9.0,53,1011.6,1
2025-12-06,Dong_Nai,10.9453,106.824,25.9,82,9.4,43,1011.4,1
2025-12-07,Dong_Nai,10.9453,106.824,25.6,79,10.2,61,1011.2,1
2025-12-08,Dong_Nai,10.9453,106.824,24.8,71,11.6,97,1011.1,0
2025-12-09,Dong_Nai,10.9453,106.824,25.6,75,12.9,99,1010.2,0
2025-12-10,Dong_Nai,10.9453,106.824,25.3,82,11.0,95,1009.7,1
2025-12-11,Dong_Nai,10.9453,106.824,26.5,82,13.4,94,1009.7,1
2025-12-12,Dong_Nai,10.9453,106.824,27.1,79,7.9,79,1009.4,0
2025-12-13,Dong_Nai,10.9453,106.824,26.7,85,18.0,99,1009.2,1
2025-12-14,Dong_Nai,10.9453,106.824,27.1,78,8.7,91,1009.4,0
2025-12-15,Dong_Nai,10.9453,106.824,27.0,77,8.1,92,1010.2,0
2025-12-16,Dong_Nai,10.9453,106.824,26.6,82,10.4,79,1010.0,1
2025-12-17,Dong_Nai,10.9453,106.824,26.4,83,14.5,52,1010.2,1
2025-12-18,Dong_Nai,10.9453,106.824,26.9,78,6.7,81,1009.7,1
2025-12-19,Dong_Nai,10.9453,106.824,27.3,74,12.8,86,1008.3,1
2025-12-20,Dong_Nai,10.9453,106.824,27.8,78,13.0,93,1007.9,1
2025-12-21,Dong_Nai,10.9453,106.824,27.5,76,17.1,83,1008.3,1
2025-12-22,Dong_Nai,10.9453,106.824,28.2,74,14.1,95,1008.1,1
2025-12-23,Dong_Nai,10.9453,106.824,28.0,75,11.1,89,1007.9,1
2025-12-24,Dong_Nai,10.9453,106.824,27.5,80,13.3,93,1007.6,1
2025-12-25,Dong_Nai,10.9453,106.824,26.4,89,16.5,91,1008.5,1
2025-12-26,Dong_Nai,10.9453,106.824,26.5,83,8.6,76,1009.4,1
2025-12-27,Dong_Nai,10.9453,106.824,25.6,83,11.2,95,1010.3,1
2025-12-28,Dong_Nai,10.9453,106.824,26.0,78,12.8,26,1011.0,0
2025-12-29,Dong_Nai,10.9453,106.824,25.9,76,14.2,58,1010.6,0
2025-12-30,Dong_Nai,10.9453,106.824,25.2,76,11.6,72,1009.8,0
2025-12-31,Dong_Nai,10.9453,106.824,24.9,75,13.7,56,1008.8,0
