date,destination,latitude,longitude,temp,humidity,wind_speed,cloud_cover,pressure,rain
2020-01-01,Hung_Yen,20.6464,106.0511,19.8,89,10.5,89,1021.6,1
2020-01-02,Hung_Yen,20.6464,106.0511,20.8,88,13.8,74,1020.2,1
2020-01-03,Hung_Yen,20.6464,106.0511,22.1,85,17.8,90,1018.2,1
2020-01-04,Hung_Yen,20.6464,106.0511,21.6,88,15.1,72,1016.3,1
2020-01-05,Hung_Yen,20.6464,106.0511,21.7,88,14.8,63,1015.3,1
2020-01-06,Hung_Yen,20.6464,106.0511,22.0,88,21.9,54,1014.1,1
2020-01-07,Hung_Yen,20.6464,106.0511,22.7,86,14.7,44,1013.9,1
2020-01-08,Hung_Yen,20.6464,106.0511,22.7,86,16.8,77,1014.5,1
2020-01-09,Hung_Yen,20.6464,106.0511,23.1,83,14.4,58,1012.8,1
2020-01-10,Hung_Yen,20.6464,106.0511,23.2,83,18.7,46,1011.2,1
2020-01-11,Hung_Yen,20.6464,106.0511,21.4,84,17.9,77,1011.9,1
2020-01-12,Hung_Yen,20.6464,106.0511,15.8,72,18.8,95,1015.7,1
2020-01-13,Hung_Yen,20.6464,106.0511,18.8,81,12.7,98,1013.4,1
2020-01-14,Hung_Yen,20.6464,106.0511,20.9,89,19.1,66,1012.6,1
2020-01-15,Hung_Yen,20.6464,106.0511,22.3,81,24.3,50,1011.4,0
2020-01-16,Hung_Yen,20.6464,106.0511,22.2,85,16.7,64,1013.0,1
2020-01-17,Hung_Yen,20.6464,106.0511,17.1,76,15.1,98,1017.2,1
2020-01-18,Hung_Yen,20.6464,106.0511,18.0,85,9.9,100,1015.5,1
2020-01-19,Hung_Yen,20.6464,106.0511,15.7,83,17.0,100,1018.0,1
2020-01-20,Hung_Yen,20.6464,106.0511,16.6,82,10.2,89,1017.7,1
2020-01-21,Hung_Yen,20.6464,106.0511,19.2,86,17.7,47,1016.6,1
2020-01-22,Hung_Yen,20.6464,106.0511,21.6,88,19.8,53,1013.9,1
2020-01-23,Hung_Yen,20.6464,106.0511,22.5,87,20.1,66,1012.0,1
2020-01-24,Hung_Yen,20.6464,106.0511,22.6,88,24.5,87,1011.6,1
2020-01-25,Hung_Yen,20.6464,106.0511,17.6,90,25.6,100,1012.1,1
2020-01-26,Hung_Yen,20.6464,106.0511,14.0,67,20.3,72,1016.1,1
2020-01-27,Hung_Yen,20.6464,106.0511,14.7,64,13.0,58,1014.9,1
2020-01-28,Hung_Yen,20.6464,106.0511,15.0,70,11.5,88,1016.7,0
2020-01-29,Hung_Yen,20.6464,106.0511,14.4,63,17.9,74,1020.0,1
2020-01-30,Hung_Yen,20.6464,106.0511,14.7,67,11.5,6,1019.7,0
2020-01-31,Hung_Yen,20.6464,106.0511,15.9,73,16.5,39,1017.9,0
2020-02-01,Hung_Yen,20.6464,106.0511,16.9,87,11.2,83,1016.5,1
2020-02-02,Hung_Yen,20.6464,106.0511,19.3,87,21.0,62,1016.2,1
2020-02-03,Hung_Yen,20.6464,106.0511,19.9,93,15.0,94,1015.1,1
2020-02-04,Hung_Yen,20.6464,106.0511,15.4,88,14.1,100,1016.8,1
2020-02-05,Hung_Yen,20.6464,106.0511,16.1,91,10.8,100,1015.8,1
2020-02-06,Hung_Yen,20.6464,106.0511,20.0,87,8.7,67,1013.7,1
2020-02-07,Hung_Yen,20.6464,106.0511,20.2,92,19.4,88,1016.1,1
2020-02-08,Hung_Yen,20.6464,106.0511,18.7,87,20.6,98,1019.6,1
2020-02-09,Hung_Yen,20.6464,106.0511,14.9,84,15.9,100,1022.9,1
2020-02-10,Hung_Yen,20.6464,106.0511,16.7,77,12.8,92,1019.3,1
2020-02-11,Hung_Yen,20.6464,106.0511,20.0,85,16.7,79,1015.7,1
2020-02-12,Hung_Yen,20.6464,106.0511,22.0,89,17.1,97,1012.8,1
2020-02-13,Hung_Yen,20.6464,106.0511,22.8,93,19.3,96,1008.9,1
2020-02-14,Hung_Yen,20.6464,106.0511,24.1,87,18.1,66,1005.4,1
2020-02-15,Hung_Yen,20.6464,106.0511,24.5,84,22.0,58,1007.4,1
2020-02-16,Hung_Yen,20.6464,106.0511,15.6,56,25.7,85,1020.2,1
2020-02-17,Hung_Yen,20.6464,106.0511,16.8,49,16.7,89,1024.2,0
2020-02-18,Hung_Yen,20.6464,106.0511,16.7,53,16.1,51,1022.8,0
2020-02-19,Hung_Yen,20.6464,106.0511,16.9,74,7.4,74,1020.1,0
2020-02-20,Hung_Yen,20.6464,106.0511,19.7,84,18.2,94,1019.6,1
2020-02-21,Hung_Yen,20.6464,106.0511,20.4,83,19.8,64,1022.5,1
2020-02-22,Hung_Yen,20.6464,106.0511,19.6,82,15.7,21,1023.3,0
2020-02-23,Hung_Yen,20.6464,106.0511,19.4,84,13.9,41,1020.6,0
2020-02-24,Hung_Yen,20.6464,106.0511,20.2,82,15.2,61,1016.2,1
2020-02-25,Hung_Yen,20.6464,106.0511,21.0,85,14.9,73,1014.4,1
2020-02-26,Hung_Yen,20.6464,106.0511,21.2,84,14.2,87,1015.1,1
2020-02-27,Hung_Yen,20.6464,106.0511,21.5,87,12.8,93,1014.9,1
2020-02-28,Hung_Yen,20.6464,106.0511,22.4,84,17.2,89,1013.0,1
2020-02-29,Hung_Yen,20.6464,106.0511,22.7,84,14.9,62,1010.9,1
2020-03-01,Hung_Yen,20.6464,106.0511,23.7,86,15.5,86,1010.6,1
2020-03-02,Hung_Yen,20.6464,106.0511,23.2,89,20.6,67,1011.3,1
2020-03-03,Hung_Yen,20.6464,106.0511,23.5,87,23.2,81,1011.5,1
2020-03-04,Hung_Yen,20.6464,106.0511,18.5,91,27.9,100,1014.4,1
2020-03-05,Hung_Yen,20.6464,106.0511,16.2,84,12.6,92,1016.2,1
2020-03-06,Hung_Yen,20.6464,106.0511,19.2,87,13.7,78,1012.6,0
2020-03-07,Hung_Yen,20.6464,106.0511,22.0,87,15.4,54,1008.5,0
2020-03-08,Hung_Yen,20.6464,106.0511,24.8,84,14.5,49,1003.0,0
2020-03-09,Hung_Yen,20.6464,106.0511,25.7,82,10.9,20,1002.1,0
2020-03-10,Hung_Yen,20.6464,106.0511,22.8,69,21.0,65,1011.2,1
2020-03-11,Hung_Yen,20.6464,106.0511,21.0,76,8.9,97,1013.0,1
2020-03-12,Hung_Yen,20.6464,106.0511,23.5,83,17.5,85,1009.6,0
2020-03-13,Hung_Yen,20.6464,106.0511,24.7,89,12.6,88,1010.4,1
2020-03-14,Hung_Yen,20.6464,106.0511,21.3,84,15.6,100,1015.1,1
2020-03-15,Hung_Yen,20.6464,106.0511,19.9,86,9.8,100,1015.2,1
2020-03-16,Hung_Yen,20.6464,106.0511,22.7,86,15.6,99,1012.8,1
2020-03-17,Hung_Yen,20.6464,106.0511,23.8,92,17.4,97,1012.7,1
2020-03-18,Hung_Yen,20.6464,106.0511,21.6,93,11.8,100,1011.2,1
2020-03-19,Hung_Yen,20.6464,106.0511,20.5,92,17.1,100,1011.3,1
2020-03-20,Hung_Yen,20.6464,106.0511,21.3,86,11.5,100,1011.3,1
2020-03-21,Hung_Yen,20.6464,106.0511,24.0,89,18.0,97,1009.4,1
2020-03-22,Hung_Yen,20.6464,106.0511,25.0,88,15.6,82,1009.4,1
2020-03-23,Hung_Yen,20.6464,106.0511,24.9,86,16.7,72,1009.9,0
2020-03-24,Hung_Yen,20.6464,106.0511,24.4,88,21.1,62,1009.5,1
2020-03-25,Hung_Yen,20.6464,106.0511,24.7,89,23.9,62,1007.9,1
2020-03-26,Hung_Yen,20.6464,106.0511,25.4,88,21.3,59,1007.0,1
2020-03-27,Hung_Yen,20.6464,106.0511,26.2,87,16.0,57,1006.4,1
2020-03-28,Hung_Yen,20.6464,106.0511,24.9,86,19.5,65,1008.2,1
2020-03-29,Hung_Yen,20.6464,106.0511,25.1,86,24.8,76,1006.2,1
2020-03-30,Hung_Yen,20.6464,106.0511,22.8,90,17.9,98,1007.0,1
2020-03-31,Hung_Yen,20.6464,106.0511,20.2,87,15.0,100,1009.6,1
2020-04-01,Hung_Yen,20.6464,106.0511,20.5,86,8.3,100,1010.7,1
2020-04-02,Hung_Yen,20.6464,106.0511,23.0,92,19.2,89,1010.3,1
2020-04-03,Hung_Yen,20.6464,106.0511,24.2,91,16.9,96,1010.9,1
2020-04-04,Hung_Yen,20.6464,106.0511,20.6,91,14.7,100,1013.7,1
2020-04-05,Hung_Yen,20.6464,106.0511,18.0,86,17.1,100,1015.8,1
2020-04-06,Hung_Yen,20.6464,106.0511,18.9,82,14.7,96,1014.1,1
2020-04-07,Hung_Yen,20.6464,106.0511,19.6,83,11.9,86,1013.2,1
2020-04-08,Hung_Yen,20.6464,106.0511,21.0,86,10.1,85,1013.3,1
2020-04-09,Hung_Yen,20.6464,106.0511,22.3,83,12.4,78,1014.1,0
2020-04-10,Hung_Yen,20.6464,106.0511,23.3,88,15.5,82,1012.6,1
2020-04-11,Hung_Yen,20.6464,106.0511,25.3,88,12.7,92,1011.0,1
2020-04-12,Hung_Yen,20.6464,106.0511,19.2,80,23.8,88,1016.5,1
2020-04-13,Hung_Yen,20.6464,106.0511,17.1,75,19.5,64,1017.8,1
2020-04-14,Hung_Yen,20.6464,106.0511,18.1,78,13.3,37,1015.2,0
2020-04-15,Hung_Yen,20.6464,106.0511,20.3,86,16.3,67,1012.1,0
2020-04-16,Hung_Yen,20.6464,106.0511,23.6,89,23.4,86,1009.1,1
2020-04-17,Hung_Yen,20.6464,106.0511,24.5,90,21.2,96,1009.1,1
2020-04-18,Hung_Yen,20.6464,106.0511,25.6,88,17.4,83,1008.1,0
2020-04-19,Hung_Yen,20.6464,106.0511,26.0,87,15.0,83,1006.9,0
2020-04-20,Hung_Yen,20.6464,106.0511,26.3,88,16.5,84,1007.6,1
2020-04-21,Hung_Yen,20.6464,106.0511,26.6,88,18.6,81,1006.7,0
2020-04-22,Hung_Yen,20.6464,106.0511,24.4,92,21.7,91,1009.1,1
2020-04-23,Hung_Yen,20.6464,106.0511,20.2,88,18.0,100,1013.7,1
2020-04-24,Hung_Yen,20.6464,106.0511,17.4,85,20.5,100,1017.6,1
2020-04-25,Hung_Yen,20.6464,106.0511,19.0,79,15.2,98,1016.8,1
2020-04-26,Hung_Yen,20.6464,106.0511,20.1,78,16.8,96,1017.3,0
2020-04-27,Hung_Yen,20.6464,106.0511,22.0,77,14.8,50,1016.3,0
2020-04-28,Hung_Yen,20.6464,106.0511,23.1,78,12.6,48,1014.4,0
2020-04-29,Hung_Yen,20.6464,106.0511,23.6,84,11.1,54,1013.1,1
2020-04-30,Hung_Yen,20.6464,106.0511,24.2,85,14.0,72,1011.8,0
2020-05-01,Hung_Yen,20.6464,106.0511,25.0,87,12.9,66,1008.9,1
2020-05-02,Hung_Yen,20.6464,106.0511,26.2,86,15.0,67,1006.5,1
2020-05-03,Hung_Yen,20.6464,106.0511,27.4,84,15.8,89,1006.0,0
2020-05-04,Hung_Yen,20.6464,106.0511,28.5,84,18.2,74,1005.5,0
2020-05-05,Hung_Yen,20.6464,106.0511,29.0,82,17.9,32,1004.0,0
2020-05-06,Hung_Yen,20.6464,106.0511,29.4,79,15.9,58,1002.7,0
2020-05-07,Hung_Yen,20.6464,106.0511,30.1,79,18.4,25,1001.8,0
2020-05-08,Hung_Yen,20.6464,106.0511,30.4,78,16.6,55,1001.7,0
2020-05-09,Hung_Yen,20.6464,106.0511,30.9,79,14.8,54,1003.3,0
2020-05-10,Hung_Yen,20.6464,106.0511,30.5,79,15.5,54,1004.2,0
2020-05-11,Hung_Yen,20.6464,106.0511,29.5,81,15.5,58,1006.0,0
2020-05-12,Hung_Yen,20.6464,106.0511,26.8,90,12.6,93,1008.3,1
2020-05-13,Hung_Yen,20.6464,106.0511,27.3,86,17.5,71,1007.5,1
2020-05-14,Hung_Yen,20.6464,106.0511,27.9,85,19.4,74,1005.1,1
2020-05-15,Hung_Yen,20.6464,106.0511,29.1,83,19.4,36,1002.2,1
2020-05-16,Hung_Yen,20.6464,106.0511,29.4,81,17.9,37,1002.3,0
2020-05-17,Hung_Yen,20.6464,106.0511,28.5,87,13.8,71,1001.7,1
2020-05-18,Hung_Yen,20.6464,106.0511,28.4,86,16.3,59,1001.1,1
2020-05-19,Hung_Yen,20.6464,106.0511,28.6,85,15.1,68,1001.4,1
2020-05-20,Hung_Yen,20.6464,106.0511,30.6,81,16.3,80,999.6,0
2020-05-21,Hung_Yen,20.6464,106.0511,32.4,69,14.9,93,998.3,0
2020-05-22,Hung_Yen,20.6464,106.0511,30.4,78,18.1,100,1001.1,1
2020-05-23,Hung_Yen,20.6464,106.0511,27.8,85,11.8,94,1004.3,1
2020-05-24,Hung_Yen,20.6464,106.0511,29.0,84,15.3,84,1004.5,1
2020-05-25,Hung_Yen,20.6464,106.0511,30.6,80,14.7,58,1003.6,1
2020-05-26,Hung_Yen,20.6464,106.0511,27.7,82,17.6,94,1005.9,1
2020-05-27,Hung_Yen,20.6464,106.0511,26.3,81,14.4,80,1007.9,1
2020-05-28,Hung_Yen,20.6464,106.0511,27.0,81,13.3,79,1007.4,1
2020-05-29,Hung_Yen,20.6464,106.0511,28.3,81,15.9,68,1005.1,1
2020-05-30,Hung_Yen,20.6464,106.0511,29.5,81,13.7,63,1005.3,1
2020-05-31,Hung_Yen,20.6464,106.0511,30.3,73,18.0,83,1005.2,0
2020-06-01,Hung_Yen,20.6464,106.0511,30.2,77,15.9,67,1004.1,1
2020-06-02,Hung_Yen,20.6464,106.0511,31.1,70,19.9,56,1002.4,0
2020-06-03,Hung_Yen,20.6464,106.0511,30.9,70,19.5,60,1002.0,1
2020-06-04,Hung_Yen,20.6464,106.0511,31.3,73,20.0,76,1001.4,1
2020-06-05,Hung_Yen,20.6464,106.0511,31.6,68,17.8,91,1001.1,0
2020-06-06,Hung_Yen,20.6464,106.0511,31.9,68,17.3,95,1000.3,0
2020-06-07,Hung_Yen,20.6464,106.0511,32.7,60,21.3,96,998.8,0
2020-06-08,Hung_Yen,20.6464,106.0511,32.6,59,20.1,99,999.1,0
2020-06-09,Hung_Yen,20.6464,106.0511,32.4,61,17.3,100,1001.5,1
2020-06-10,Hung_Yen,20.6464,106.0511,31.4,75,14.1,99,1003.2,1
2020-06-11,Hung_Yen,20.6464,106.0511,31.1,75,17.6,97,1002.0,1
2020-06-12,Hung_Yen,20.6464,106.0511,31.7,72,18.9,68,999.7,0
2020-06-13,Hung_Yen,20.6464,106.0511,31.3,76,16.8,65,999.4,1
2020-06-14,Hung_Yen,20.6464,106.0511,28.5,88,13.0,98,1002.2,1
2020-06-15,Hung_Yen,20.6464,106.0511,27.8,87,19.4,99,1004.1,1
2020-06-16,Hung_Yen,20.6464,106.0511,29.8,78,18.7,79,1002.5,1
2020-06-17,Hung_Yen,20.6464,106.0511,30.0,72,20.6,58,1000.8,1
2020-06-18,Hung_Yen,20.6464,106.0511,30.1,73,15.2,18,1001.8,1
2020-06-19,Hung_Yen,20.6464,106.0511,29.9,79,16.4,40,1003.3,1
2020-06-20,Hung_Yen,20.6464,106.0511,30.4,77,18.7,52,1002.8,1
2020-06-21,Hung_Yen,20.6464,106.0511,31.7,72,17.8,30,1000.1,0
2020-06-22,Hung_Yen,20.6464,106.0511,32.5,67,18.2,50,999.6,0
2020-06-23,Hung_Yen,20.6464,106.0511,32.5,69,17.8,87,1001.1,0
2020-06-24,Hung_Yen,20.6464,106.0511,32.7,67,14.1,96,1000.2,1
2020-06-25,Hung_Yen,20.6464,106.0511,32.3,68,12.2,100,999.5,1
2020-06-26,Hung_Yen,20.6464,106.0511,32.2,67,22.5,77,1000.2,0
2020-06-27,Hung_Yen,20.6464,106.0511,32.0,68,22.1,68,1001.3,0
2020-06-28,Hung_Yen,20.6464,106.0511,31.7,70,19.0,51,1001.5,0
2020-06-29,Hung_Yen,20.6464,106.0511,31.6,71,18.1,66,1000.9,1
2020-06-30,Hung_Yen,20.6464,106.0511,31.2,75,13.7,94,999.9,1
2020-07-01,Hung_Yen,20.6464,106.0511,30.3,82,11.2,96,999.3,1
2020-07-02,Hung_Yen,20.6464,106.0511,29.5,84,11.9,98,999.7,1
2020-07-03,Hung_Yen,20.6464,106.0511,29.6,81,15.6,99,1002.3,1
2020-07-04,Hung_Yen,20.6464,106.0511,29.4,81,14.9,98,1003.4,1
2020-07-05,Hung_Yen,20.6464,106.0511,29.6,81,14.8,50,1001.9,1
2020-07-06,Hung_Yen,20.6464,106.0511,31.2,74,18.8,62,1001.4,1
2020-07-07,Hung_Yen,20.6464,106.0511,31.6,72,19.0,97,1003.3,1
2020-07-08,Hung_Yen,20.6464,106.0511,32.7,64,19.1,95,1001.7,0
2020-07-09,Hung_Yen,20.6464,106.0511,33.2,57,20.4,98,998.4,0
2020-07-10,Hung_Yen,20.6464,106.0511,33.6,58,17.8,100,998.2,0
2020-07-11,Hung_Yen,20.6464,106.0511,32.3,61,18.6,100,999.8,0
2020-07-12,Hung_Yen,20.6464,106.0511,31.8,66,19.1,80,1000.8,1
2020-07-13,Hung_Yen,20.6464,106.0511,31.9,70,15.9,26,1002.9,1
2020-07-14,Hung_Yen,20.6464,106.0511,30.9,76,15.6,25,1004.0,1
2020-07-15,Hung_Yen,20.6464,106.0511,31.9,71,19.1,35,1002.3,0
2020-07-16,Hung_Yen,20.6464,106.0511,31.9,69,20.3,46,1001.5,1
2020-07-17,Hung_Yen,20.6464,106.0511,32.8,63,21.0,58,1002.0,0
2020-07-18,Hung_Yen,20.6464,106.0511,33.1,64,19.6,97,1002.2,1
2020-07-19,Hung_Yen,20.6464,106.0511,33.3,64,18.8,98,1001.3,1
2020-07-20,Hung_Yen,20.6464,106.0511,30.9,75,18.1,98,1003.4,1
2020-07-21,Hung_Yen,20.6464,106.0511,29.5,81,18.7,71,1005.5,1
2020-07-22,Hung_Yen,20.6464,106.0511,30.0,75,19.5,29,1005.0,1
2020-07-23,Hung_Yen,20.6464,106.0511,30.6,75,17.1,25,1004.9,1
2020-07-24,Hung_Yen,20.6464,106.0511,30.8,75,19.3,25,1005.0,1
2020-07-25,Hung_Yen,20.6464,106.0511,31.2,74,17.7,47,1004.1,0
2020-07-26,Hung_Yen,20.6464,106.0511,32.0,71,15.4,92,1002.6,0
2020-07-27,Hung_Yen,20.6464,106.0511,30.4,79,13.1,100,1001.9,1
2020-07-28,Hung_Yen,20.6464,106.0511,29.7,82,8.7,94,1003.4,1
2020-07-29,Hung_Yen,20.6464,106.0511,29.6,82,13.0,70,1003.7,1
2020-07-30,Hung_Yen,20.6464,106.0511,30.4,78,11.7,63,1003.1,1
2020-07-31,Hung_Yen,20.6464,106.0511,29.7,83,10.5,95,1001.2,1
2020-08-01,Hung_Yen,20.6464,106.0511,28.0,85,19.9,100,997.0,1
2020-08-02,Hung_Yen,20.6464,106.0511,26.8,91,35.3,100,994.2,1
2020-08-03,Hung_Yen,20.6464,106.0511,27.6,89,16.6,99,997.3,1
2020-08-04,Hung_Yen,20.6464,106.0511,26.5,95,9.1,100,999.2,1
2020-08-05,Hung_Yen,20.6464,106.0511,26.8,93,13.3,99,1001.3,1
2020-08-06,Hung_Yen,20.6464,106.0511,26.9,93,15.5,99,1003.7,1
2020-08-07,Hung_Yen,20.6464,106.0511,27.6,89,13.9,59,1003.9,1
2020-08-08,Hung_Yen,20.6464,106.0511,28.7,86,14.1,85,1002.4,1
2020-08-09,Hung_Yen,20.6464,106.0511,29.5,87,15.0,89,1000.5,1
2020-08-10,Hung_Yen,20.6464,106.0511,30.7,84,11.1,95,999.3,1
2020-08-11,Hung_Yen,20.6464,106.0511,30.8,81,17.8,84,999.5,1
2020-08-12,Hung_Yen,20.6464,106.0511,30.3,80,16.6,76,1002.1,1
2020-08-13,Hung_Yen,20.6464,106.0511,27.9,91,11.2,88,1003.7,1
2020-08-14,Hung_Yen,20.6464,106.0511,26.6,91,16.3,95,1004.1,1
2020-08-15,Hung_Yen,20.6464,106.0511,27.7,84,18.2,75,1003.3,1
2020-08-16,Hung_Yen,20.6464,106.0511,27.7,86,15.4,73,1002.4,1
2020-08-17,Hung_Yen,20.6464,106.0511,26.0,91,13.1,98,1002.9,1
2020-08-18,Hung_Yen,20.6464,106.0511,26.0,93,10.2,99,1003.3,1
2020-08-19,Hung_Yen,20.6464,106.0511,26.3,91,7.9,95,1003.2,1
2020-08-20,Hung_Yen,20.6464,106.0511,26.3,91,9.7,98,1004.7,1
2020-08-21,Hung_Yen,20.6464,106.0511,26.8,92,9.0,96,1006.1,1
2020-08-22,Hung_Yen,20.6464,106.0511,27.2,91,10.4,92,1005.8,1
2020-08-23,Hung_Yen,20.6464,106.0511,28.0,88,14.0,55,1004.3,1
2020-08-24,Hung_Yen,20.6464,106.0511,29.1,86,13.2,58,1002.1,1
2020-08-25,Hung_Yen,20.6464,106.0511,29.4,85,14.7,88,1001.1,1
2020-08-26,Hung_Yen,20.6464,106.0511,30.0,84,10.8,89,999.9,1
2020-08-27,Hung_Yen,20.6464,106.0511,30.1,85,15.5,63,998.7,0
2020-08-28,Hung_Yen,20.6464,106.0511,29.9,86,17.9,52,999.8,1
2020-08-29,Hung_Yen,20.6464,106.0511,29.0,89,8.5,94,1002.0,1
2020-08-30,Hung_Yen,20.6464,106.0511,29.2,88,6.6,62,1002.9,1
2020-08-31,Hung_Yen,20.6464,106.0511,29.2,85,8.9,81,1004.9,1
2020-09-01,Hung_Yen,20.6464,106.0511,29.9,80,12.8,27,1004.7,0
2020-09-02,Hung_Yen,20.6464,106.0511,30.1,82,10.5,47,1005.0,1
2020-09-03,Hung_Yen,20.6464,106.0511,29.5,86,13.9,84,1006.0,1
2020-09-04,Hung_Yen,20.6464,106.0511,29.2,85,10.2,64,1005.7,1
2020-09-05,Hung_Yen,20.6464,106.0511,29.6,84,12.7,23,1003.5,1
2020-09-06,Hung_Yen,20.6464,106.0511,30.4,83,12.6,83,1001.5,1
2020-09-07,Hung_Yen,20.6464,106.0511,27.4,92,11.2,100,1003.0,1
2020-09-08,Hung_Yen,20.6464,106.0511,27.2,89,9.6,95,1006.5,1
2020-09-09,Hung_Yen,20.6464,106.0511,27.1,93,11.0,94,1006.5,1
2020-09-10,Hung_Yen,20.6464,106.0511,28.4,88,13.2,95,1003.2,1
2020-09-11,Hung_Yen,20.6464,106.0511,28.2,91,12.6,95,1004.1,1
2020-09-12,Hung_Yen,20.6464,106.0511,27.9,90,11.8,98,1007.1,1
2020-09-13,Hung_Yen,20.6464,106.0511,27.5,90,13.6,91,1008.2,1
2020-09-14,Hung_Yen,20.6464,106.0511,27.5,89,11.3,91,1006.9,1
2020-09-15,Hung_Yen,20.6464,106.0511,28.6,87,13.9,75,1005.4,1
2020-09-16,Hung_Yen,20.6464,106.0511,28.8,87,12.2,86,1003.9,1
2020-09-17,Hung_Yen,20.6464,106.0511,29.0,86,10.4,86,1003.1,1
2020-09-18,Hung_Yen,20.6464,106.0511,25.6,78,33.9,97,1003.8,1
2020-09-19,Hung_Yen,20.6464,106.0511,24.1,90,22.1,100,1005.3,1
2020-09-20,Hung_Yen,20.6464,106.0511,25.1,93,10.5,99,1007.0,1
2020-09-21,Hung_Yen,20.6464,106.0511,26.5,91,14.0,98,1006.7,1
2020-09-22,Hung_Yen,20.6464,106.0511,27.8,89,14.4,98,1006.0,1
2020-09-23,Hung_Yen,20.6464,106.0511,26.9,92,9.6,99,1007.0,1
2020-09-24,Hung_Yen,20.6464,106.0511,25.9,90,15.8,94,1008.8,1
2020-09-25,Hung_Yen,20.6464,106.0511,27.2,88,14.5,96,1006.1,1
2020-09-26,Hung_Yen,20.6464,106.0511,27.7,88,14.1,97,1004.9,1
2020-09-27,Hung_Yen,20.6464,106.0511,26.3,92,13.2,97,1006.5,1
2020-09-28,Hung_Yen,20.6464,106.0511,26.6,90,11.8,81,1006.6,1
2020-09-29,Hung_Yen,20.6464,106.0511,27.1,90,12.4,80,1005.3,1
2020-09-30,Hung_Yen,20.6464,106.0511,27.6,89,9.5,87,1004.1,1
2020-10-01,Hung_Yen,20.6464,106.0511,26.7,91,10.8,97,1005.2,1
2020-10-02,Hung_Yen,20.6464,106.0511,27.1,90,13.7,94,1006.0,1
2020-10-03,Hung_Yen,20.6464,106.0511,27.2,90,12.2,94,1006.9,1
2020-10-04,Hung_Yen,20.6464,106.0511,27.2,90,9.2,73,1007.1,1
2020-10-05,Hung_Yen,20.6464,106.0511,27.2,89,13.6,48,1007.9,1
2020-10-06,Hung_Yen,20.6464,106.0511,25.3,83,13.1,68,1010.6,1
2020-10-07,Hung_Yen,20.6464,106.0511,24.0,71,18.6,70,1012.4,1
2020-10-08,Hung_Yen,20.6464,106.0511,23.5,68,21.5,57,1013.0,0
2020-10-09,Hung_Yen,20.6464,106.0511,23.1,69,22.2,17,1013.6,0
2020-10-10,Hung_Yen,20.6464,106.0511,22.9,70,18.0,32,1012.2,0
2020-10-11,Hung_Yen,20.6464,106.0511,23.1,72,17.8,68,1009.5,0
2020-10-12,Hung_Yen,20.6464,106.0511,24.6,70,20.3,97,1007.8,0
2020-10-13,Hung_Yen,20.6464,106.0511,26.2,66,21.0,90,1006.5,1
2020-10-14,Hung_Yen,20.6464,106.0511,22.8,90,32.8,100,1004.0,1
2020-10-15,Hung_Yen,20.6464,106.0511,23.0,91,19.5,100,1007.8,1
2020-10-16,Hung_Yen,20.6464,106.0511,24.3,77,25.6,99,1010.3,1
2020-10-17,Hung_Yen,20.6464,106.0511,22.1,65,26.3,100,1012.7,1
2020-10-18,Hung_Yen,20.6464,106.0511,20.0,81,23.4,100,1013.0,1
2020-10-19,Hung_Yen,20.6464,106.0511,20.2,74,25.3,100,1013.8,1
2020-10-20,Hung_Yen,20.6464,106.0511,21.2,71,21.4,80,1014.8,1
2020-10-21,Hung_Yen,20.6464,106.0511,21.8,61,23.8,40,1014.6,0
2020-10-22,Hung_Yen,20.6464,106.0511,22.0,61,24.5,43,1012.1,0
2020-10-23,Hung_Yen,20.6464,106.0511,21.6,60,18.8,52,1012.2,0
2020-10-24,Hung_Yen,20.6464,106.0511,21.3,69,12.1,84,1012.3,0
2020-10-25,Hung_Yen,20.6464,106.0511,21.3,74,16.4,94,1011.6,1
2020-10-26,Hung_Yen,20.6464,106.0511,22.1,82,16.7,92,1011.7,1
2020-10-27,Hung_Yen,20.6464,106.0511,24.3,83,14.5,75,1010.5,0
2020-10-28,Hung_Yen,20.6464,106.0511,24.6,81,21.0,98,1010.1,1
2020-10-29,Hung_Yen,20.6464,106.0511,22.0,87,22.0,99,1012.3,1
2020-10-30,Hung_Yen,20.6464,106.0511,21.3,84,18.2,100,1015.5,1
2020-10-31,Hung_Yen,20.6464,106.0511,22.4,85,12.0,91,1015.3,1
2020-11-01,Hung_Yen,20.6464,106.0511,24.0,84,9.9,61,1013.8,0
2020-11-02,Hung_Yen,20.6464,106.0511,23.4,83,21.2,85,1014.7,1
2020-11-03,Hung_Yen,20.6464,106.0511,20.8,70,17.0,100,1016.7,1
2020-11-04,Hung_Yen,20.6464,106.0511,21.4,70,14.1,79,1015.5,0
2020-11-05,Hung_Yen,20.6464,106.0511,21.6,81,7.9,71,1014.9,0
2020-11-06,Hung_Yen,20.6464,106.0511,22.8,83,15.4,48,1015.8,1
2020-11-07,Hung_Yen,20.6464,106.0511,23.4,69,18.8,12,1016.9,0
2020-11-08,Hung_Yen,20.6464,106.0511,23.3,63,18.2,17,1017.4,0
2020-11-09,Hung_Yen,20.6464,106.0511,22.2,58,21.7,14,1017.0,0
2020-11-10,Hung_Yen,20.6464,106.0511,21.4,57,18.7,81,1017.2,0
2020-11-11,Hung_Yen,20.6464,106.0511,20.7,62,14.2,90,1018.5,1
2020-11-12,Hung_Yen,20.6464,106.0511,22.0,64,13.3,15,1017.7,0
2020-11-13,Hung_Yen,20.6464,106.0511,21.8,60,17.0,1,1015.6,0
2020-11-14,Hung_Yen,20.6464,106.0511,21.9,56,18.0,40,1015.2,0
2020-11-15,Hung_Yen,20.6464,106.0511,19.5,86,21.1,100,1015.4,1
2020-11-16,Hung_Yen,20.6464,106.0511,20.4,95,17.3,100,1014.0,1
2020-11-17,Hung_Yen,20.6464,106.0511,23.1,91,15.7,69,1011.1,1
2020-11-18,Hung_Yen,20.6464,106.0511,24.8,87,14.6,60,1009.4,1
2020-11-19,Hung_Yen,20.6464,106.0511,24.9,89,11.9,58,1008.8,1
2020-11-20,Hung_Yen,20.6464,106.0511,24.9,88,15.9,68,1009.4,1
2020-11-21,Hung_Yen,20.6464,106.0511,25.0,88,17.1,69,1010.2,0
2020-11-22,Hung_Yen,20.6464,106.0511,24.2,94,11.5,89,1013.3,1
2020-11-23,Hung_Yen,20.6464,106.0511,24.1,86,19.6,38,1015.4,1
2020-11-24,Hung_Yen,20.6464,106.0511,23.1,83,18.7,58,1015.7,1
2020-11-25,Hung_Yen,20.6464,106.0511,23.1,87,12.3,54,1015.2,1
2020-11-26,Hung_Yen,20.6464,106.0511,23.0,88,13.5,45,1016.4,1
2020-11-27,Hung_Yen,20.6464,106.0511,22.2,80,15.1,33,1018.6,1
2020-11-28,Hung_Yen,20.6464,106.0511,19.8,65,19.2,75,1020.4,1
2020-11-29,Hung_Yen,20.6464,106.0511,17.5,61,18.0,79,1021.0,0
2020-11-30,Hung_Yen,20.6464,106.0511,17.8,59,18.9,54,1021.2,0
2020-12-01,Hung_Yen,20.6464,106.0511,18.9,61,13.0,79,1020.3,0
2020-12-02,Hung_Yen,20.6464,106.0511,18.6,72,11.2,87,1019.3,1
2020-12-03,Hung_Yen,20.6464,106.0511,18.8,65,15.4,56,1019.8,1
2020-12-04,Hung_Yen,20.6464,106.0511,16.5,58,15.7,63,1020.6,0
2020-12-05,Hung_Yen,20.6464,106.0511,14.8,65,12.9,20,1021.0,0
2020-12-06,Hung_Yen,20.6464,106.0511,15.3,75,10.9,18,1018.8,0
2020-12-07,Hung_Yen,20.6464,106.0511,17.1,71,13.0,39,1019.9,0
2020-12-08,Hung_Yen,20.6464,106.0511,17.2,66,13.4,31,1019.4,0
2020-12-09,Hung_Yen,20.6464,106.0511,16.8,80,13.2,42,1015.7,0
2020-12-10,Hung_Yen,20.6464,106.0511,18.5,77,10.5,41,1015.2,0
2020-12-11,Hung_Yen,20.6464,106.0511,19.6,82,14.7,52,1013.5,0
2020-12-12,Hung_Yen,20.6464,106.0511,20.4,86,11.8,79,1012.2,1
2020-12-13,Hung_Yen,20.6464,106.0511,22.6,88,16.8,83,1009.3,1
2020-12-14,Hung_Yen,20.6464,106.0511,20.2,87,17.7,95,1013.5,1
2020-12-15,Hung_Yen,20.6464,106.0511,12.8,78,19.2,100,1020.2,1
2020-12-16,Hung_Yen,20.6464,106.0511,12.3,68,15.8,100,1022.3,1
2020-12-17,Hung_Yen,20.6464,106.0511,13.0,67,13.8,99,1020.8,0
2020-12-18,Hung_Yen,20.6464,106.0511,12.5,62,19.7,81,1021.8,0
2020-12-19,Hung_Yen,20.6464,106.0511,13.4,52,19.8,99,1023.9,0
2020-12-20,Hung_Yen,20.6464,106.0511,14.1,47,22.8,62,1024.3,0
2020-12-21,Hung_Yen,20.6464,106.0511,13.7,52,20.5,50,1022.2,0
2020-12-22,Hung_Yen,20.6464,106.0511,15.8,56,14.3,75,1018.3,0
2020-12-23,Hung_Yen,20.6464,106.0511,17.3,66,10.7,96,1015.6,0
2020-12-24,Hung_Yen,20.6464,106.0511,17.1,74,15.1,86,1015.9,1
2020-12-25,Hung_Yen,20.6464,106.0511,18.0,77,10.7,83,1015.9,0
2020-12-26,Hung_Yen,20.6464,106.0511,18.7,86,9.9,70,1013.8,0
2020-12-27,Hung_Yen,20.6464,106.0511,20.2,92,11.8,98,1012.6,1
2020-12-28,Hung_Yen,20.6464,106.0511,21.6,89,18.4,76,1010.4,1
2020-12-29,Hung_Yen,20.6464,106.0511,22.4,85,21.0,85,1011.7,1
2020-12-30,Hung_Yen,20.6464,106.0511,16.2,49,24.9,91,1022.4,1
2020-12-31,Hung_Yen,20.6464,106.0511,12.9,49,14.8,56,1024.9,0
2021-01-01,Hung_Yen,20.6464,106.0511,11.8,59,11.6,43,1023.6,0
2021-01-02,Hung_Yen,20.6464,106.0511,12.6,69,10.4,26,1020.1,0
2021-01-03,Hung_Yen,20.6464,106.0511,13.9,71,14.6,82,1019.9,0
2021-01-04,Hung_Yen,20.6464,106.0511,16.0,61,12.8,62,1018.9,0
2021-01-05,Hung_Yen,20.6464,106.0511,16.2,75,9.7,82,1018.5,0
2021-01-06,Hung_Yen,20.6464,106.0511,17.4,71,11.3,94,1017.2,0
2021-01-07,Hung_Yen,20.6464,106.0511,14.6,68,14.8,100,1018.4,1
2021-01-08,Hung_Yen,20.6464,106.0511,9.6,59,22.0,99,1024.1,1
2021-01-09,Hung_Yen,20.6464,106.0511,10.0,46,14.8,82,1023.2,0
2021-01-10,Hung_Yen,20.6464,106.0511,11.3,42,14.6,81,1022.2,0
2021-01-11,Hung_Yen,20.6464,106.0511,11.7,33,26.7,78,1026.9,0
2021-01-12,Hung_Yen,20.6464,106.0511,12.2,42,17.6,46,1024.3,0
2021-01-13,Hung_Yen,20.6464,106.0511,14.5,53,16.3,27,1017.1,0
2021-01-14,Hung_Yen,20.6464,106.0511,15.3,76,13.3,34,1015.2,0
2021-01-15,Hung_Yen,20.6464,106.0511,15.6,88,8.9,81,1013.5,0
2021-01-16,Hung_Yen,20.6464,106.0511,18.1,78,12.2,81,1014.0,0
2021-01-17,Hung_Yen,20.6464,106.0511,14.9,70,23.9,100,1022.7,1
2021-01-18,Hung_Yen,20.6464,106.0511,13.8,50,17.0,8,1022.5,0
2021-01-19,Hung_Yen,20.6464,106.0511,14.4,76,18.2,0,1016.9,0
2021-01-20,Hung_Yen,20.6464,106.0511,16.5,82,12.0,57,1014.7,0
2021-01-21,Hung_Yen,20.6464,106.0511,18.4,83,11.4,76,1013.7,1
2021-01-22,Hung_Yen,20.6464,106.0511,18.5,81,7.5,69,1013.5,1
2021-01-23,Hung_Yen,20.6464,106.0511,18.5,82,15.5,44,1012.8,0
2021-01-24,Hung_Yen,20.6464,106.0511,19.4,83,17.4,81,1011.6,1
2021-01-25,Hung_Yen,20.6464,106.0511,20.1,92,16.1,87,1012.8,1
2021-01-26,Hung_Yen,20.6464,106.0511,19.3,88,14.9,61,1014.4,0
2021-01-27,Hung_Yen,20.6464,106.0511,18.6,87,17.7,65,1014.1,1
2021-01-28,Hung_Yen,20.6464,106.0511,17.9,75,16.6,87,1019.2,1
2021-01-29,Hung_Yen,20.6464,106.0511,17.6,68,13.4,47,1019.0,0
2021-01-30,Hung_Yen,20.6464,106.0511,17.9,83,15.4,81,1017.6,1
2021-01-31,Hung_Yen,20.6464,106.0511,18.9,86,16.1,91,1017.2,1
2021-02-01,Hung_Yen,20.6464,106.0511,20.1,84,14.3,71,1016.2,1
2021-02-02,Hung_Yen,20.6464,106.0511,19.4,86,12.1,66,1016.9,0
2021-02-03,Hung_Yen,20.6464,106.0511,19.6,84,14.3,66,1017.4,0
2021-02-04,Hung_Yen,20.6464,106.0511,19.7,85,12.9,60,1017.8,1
2021-02-05,Hung_Yen,20.6464,106.0511,19.5,84,14.7,59,1016.4,1
2021-02-06,Hung_Yen,20.6464,106.0511,20.0,80,12.7,63,1015.1,0
2021-02-07,Hung_Yen,20.6464,106.0511,20.8,79,14.2,61,1014.2,1
2021-02-08,Hung_Yen,20.6464,106.0511,20.7,80,16.1,84,1015.3,1
2021-02-09,Hung_Yen,20.6464,106.0511,16.7,91,21.3,93,1015.0,1
2021-02-10,Hung_Yen,20.6464,106.0511,17.5,73,18.7,24,1014.1,0
2021-02-11,Hung_Yen,20.6464,106.0511,17.8,83,14.6,67,1014.4,0
2021-02-12,Hung_Yen,20.6464,106.0511,18.1,79,12.1,52,1015.3,0
2021-02-13,Hung_Yen,20.6464,106.0511,18.5,79,14.9,40,1014.9,0
2021-02-14,Hung_Yen,20.6464,106.0511,19.7,79,12.4,43,1014.5,0
2021-02-15,Hung_Yen,20.6464,106.0511,20.2,83,16.7,49,1011.7,1
2021-02-16,Hung_Yen,20.6464,106.0511,20.6,85,13.1,79,1012.9,1
2021-02-17,Hung_Yen,20.6464,106.0511,20.0,74,13.2,78,1018.0,1
2021-02-18,Hung_Yen,20.6464,106.0511,19.5,76,13.5,64,1021.1,1
2021-02-19,Hung_Yen,20.6464,106.0511,19.8,74,10.0,60,1020.8,0
2021-02-20,Hung_Yen,20.6464,106.0511,19.3,74,17.3,33,1017.5,0
2021-02-21,Hung_Yen,20.6464,106.0511,20.0,78,20.2,10,1013.7,0
2021-02-22,Hung_Yen,20.6464,106.0511,20.9,83,16.9,70,1012.8,1
2021-02-23,Hung_Yen,20.6464,106.0511,21.4,80,14.6,60,1012.3,0
2021-02-24,Hung_Yen,20.6464,106.0511,21.7,82,23.1,56,1009.0,1
2021-02-25,Hung_Yen,20.6464,106.0511,22.9,84,21.3,73,1005.3,1
2021-02-26,Hung_Yen,20.6464,106.0511,22.9,87,16.3,87,1005.4,1
2021-02-27,Hung_Yen,20.6464,106.0511,18.9,82,15.1,100,1010.0,1
2021-02-28,Hung_Yen,20.6464,106.0511,20.1,94,12.9,100,1010.1,1
2021-03-01,Hung_Yen,20.6464,106.0511,22.8,94,18.2,100,1011.9,1
2021-03-02,Hung_Yen,20.6464,106.0511,18.3,68,17.6,100,1017.2,1
2021-03-03,Hung_Yen,20.6464,106.0511,18.2,81,9.9,100,1016.4,1
2021-03-04,Hung_Yen,20.6464,106.0511,18.3,87,9.9,93,1014.2,1
2021-03-05,Hung_Yen,20.6464,106.0511,21.3,89,12.6,98,1010.7,1
2021-03-06,Hung_Yen,20.6464,106.0511,23.7,88,12.2,89,1011.4,1
2021-03-07,Hung_Yen,20.6464,106.0511,21.2,83,12.1,94,1015.0,1
2021-03-08,Hung_Yen,20.6464,106.0511,22.4,85,19.6,84,1014.3,1
2021-03-09,Hung_Yen,20.6464,106.0511,22.7,87,22.4,74,1014.0,1
2021-03-10,Hung_Yen,20.6464,106.0511,23.0,86,22.0,61,1013.8,1
2021-03-11,Hung_Yen,20.6464,106.0511,23.0,85,18.6,75,1014.8,1
2021-03-12,Hung_Yen,20.6464,106.0511,22.7,87,14.0,75,1015.4,1
2021-03-13,Hung_Yen,20.6464,106.0511,22.0,90,11.1,69,1015.0,1
2021-03-14,Hung_Yen,20.6464,106.0511,22.1,85,15.8,65,1012.0,1
2021-03-15,Hung_Yen,20.6464,106.0511,23.2,85,20.4,60,1009.3,1
2021-03-16,Hung_Yen,20.6464,106.0511,23.4,88,20.1,84,1009.0,1
2021-03-17,Hung_Yen,20.6464,106.0511,23.6,89,19.3,89,1008.6,1
2021-03-18,Hung_Yen,20.6464,106.0511,24.1,86,17.7,90,1008.3,1
2021-03-19,Hung_Yen,20.6464,106.0511,24.7,85,20.6,94,1007.0,1
2021-03-20,Hung_Yen,20.6464,106.0511,24.8,87,18.2,98,1006.6,1
2021-03-21,Hung_Yen,20.6464,106.0511,19.5,83,23.1,100,1013.7,1
2021-03-22,Hung_Yen,20.6464,106.0511,16.3,62,21.8,72,1021.8,1
2021-03-23,Hung_Yen,20.6464,106.0511,17.5,66,11.9,41,1018.5,0
2021-03-24,Hung_Yen,20.6464,106.0511,19.1,82,10.3,76,1013.9,0
2021-03-25,Hung_Yen,20.6464,106.0511,21.3,90,13.9,79,1011.6,1
2021-03-26,Hung_Yen,20.6464,106.0511,22.8,92,20.8,96,1009.4,1
2021-03-27,Hung_Yen,20.6464,106.0511,24.2,89,20.8,99,1007.2,1
2021-03-28,Hung_Yen,20.6464,106.0511,24.5,91,18.4,97,1005.9,1
2021-03-29,Hung_Yen,20.6464,106.0511,25.6,88,16.4,64,1002.4,0
2021-03-30,Hung_Yen,20.6464,106.0511,27.2,82,17.9,48,999.5,0
2021-03-31,Hung_Yen,20.6464,106.0511,27.6,79,16.9,49,999.2,0
2021-04-01,Hung_Yen,20.6464,106.0511,26.8,84,14.9,19,1000.8,0
2021-04-02,Hung_Yen,20.6464,106.0511,26.6,87,16.5,73,1003.9,1
2021-04-03,Hung_Yen,20.6464,106.0511,25.5,90,16.8,92,1007.5,1
2021-04-04,Hung_Yen,20.6464,106.0511,24.8,87,16.6,72,1010.3,1
2021-04-05,Hung_Yen,20.6464,106.0511,23.7,84,18.5,60,1012.9,1
2021-04-06,Hung_Yen,20.6464,106.0511,23.6,87,18.0,62,1013.1,1
2021-04-07,Hung_Yen,20.6464,106.0511,24.6,86,15.3,63,1011.2,1
2021-04-08,Hung_Yen,20.6464,106.0511,25.1,88,14.7,64,1009.5,1
2021-04-09,Hung_Yen,20.6464,106.0511,21.6,84,17.6,100,1012.6,1
2021-04-10,Hung_Yen,20.6464,106.0511,22.3,87,15.3,94,1013.9,1
2021-04-11,Hung_Yen,20.6464,106.0511,24.7,86,19.5,79,1013.2,1
2021-04-12,Hung_Yen,20.6464,106.0511,25.0,88,20.1,87,1011.5,1
2021-04-13,Hung_Yen,20.6464,106.0511,25.2,87,16.6,99,1009.9,1
2021-04-14,Hung_Yen,20.6464,106.0511,25.5,87,16.6,96,1008.2,1
2021-04-15,Hung_Yen,20.6464,106.0511,25.7,90,20.3,97,1007.0,1
2021-04-16,Hung_Yen,20.6464,106.0511,25.9,86,19.0,97,1008.5,1
2021-04-17,Hung_Yen,20.6464,106.0511,23.4,92,15.0,100,1012.1,1
2021-04-18,Hung_Yen,20.6464,106.0511,23.4,87,10.0,96,1010.8,1
2021-04-19,Hung_Yen,20.6464,106.0511,25.2,90,16.9,55,1006.6,1
2021-04-20,Hung_Yen,20.6464,106.0511,26.8,87,19.1,36,1005.5,1
2021-04-21,Hung_Yen,20.6464,106.0511,27.1,87,22.2,75,1006.3,1
2021-04-22,Hung_Yen,20.6464,106.0511,27.2,86,16.5,67,1005.8,1
2021-04-23,Hung_Yen,20.6464,106.0511,27.5,85,19.6,55,1003.6,1
2021-04-24,Hung_Yen,20.6464,106.0511,28.0,85,18.9,55,1003.5,1
2021-04-25,Hung_Yen,20.6464,106.0511,26.9,91,17.6,97,1006.1,1
2021-04-26,Hung_Yen,20.6464,106.0511,24.0,94,16.4,100,1008.4,1
2021-04-27,Hung_Yen,20.6464,106.0511,22.7,90,11.7,99,1011.2,1
2021-04-28,Hung_Yen,20.6464,106.0511,23.7,90,13.9,93,1012.7,1
2021-04-29,Hung_Yen,20.6464,106.0511,21.2,83,18.0,96,1013.5,1
2021-04-30,Hung_Yen,20.6464,106.0511,23.0,83,12.7,71,1010.2,1
2021-05-01,Hung_Yen,20.6464,106.0511,25.1,88,13.0,94,1009.4,1
2021-05-02,Hung_Yen,20.6464,106.0511,26.3,91,15.8,87,1008.0,1
2021-05-03,Hung_Yen,20.6464,106.0511,27.4,87,22.3,68,1005.6,1
2021-05-04,Hung_Yen,20.6464,106.0511,28.2,84,16.6,46,1005.3,0
2021-05-05,Hung_Yen,20.6464,106.0511,26.4,91,13.9,89,1009.1,1
2021-05-06,Hung_Yen,20.6464,106.0511,26.3,86,15.9,83,1010.8,1
2021-05-07,Hung_Yen,20.6464,106.0511,27.3,85,18.5,63,1009.5,1
2021-05-08,Hung_Yen,20.6464,106.0511,27.2,85,17.0,66,1006.8,0
2021-05-09,Hung_Yen,20.6464,106.0511,28.1,84,17.6,74,1004.7,0
2021-05-10,Hung_Yen,20.6464,106.0511,29.3,83,16.9,36,1003.1,0
2021-05-11,Hung_Yen,20.6464,106.0511,29.9,80,17.4,44,1002.0,0
2021-05-12,Hung_Yen,20.6464,106.0511,30.2,79,17.1,45,1001.7,0
2021-05-13,Hung_Yen,20.6464,106.0511,29.4,82,19.1,56,1002.5,1
2021-05-14,Hung_Yen,20.6464,106.0511,29.4,82,22.7,45,1002.4,1
2021-05-15,Hung_Yen,20.6464,106.0511,30.1,80,22.0,53,1002.8,0
2021-05-16,Hung_Yen,20.6464,106.0511,30.3,80,18.8,39,1002.9,0
2021-05-17,Hung_Yen,20.6464,106.0511,29.6,82,21.2,42,1004.3,1
2021-05-18,Hung_Yen,20.6464,106.0511,29.8,82,17.7,57,1003.9,1
2021-05-19,Hung_Yen,20.6464,106.0511,30.8,76,19.9,78,1001.6,0
2021-05-20,Hung_Yen,20.6464,106.0511,31.2,75,19.6,95,1001.7,0
2021-05-21,Hung_Yen,20.6464,106.0511,31.0,75,21.0,77,1001.3,1
2021-05-22,Hung_Yen,20.6464,106.0511,31.5,73,20.1,54,999.8,1
2021-05-23,Hung_Yen,20.6464,106.0511,30.9,79,18.3,74,1001.6,1
2021-05-24,Hung_Yen,20.6464,106.0511,27.6,87,17.9,95,1006.5,1
2021-05-25,Hung_Yen,20.6464,106.0511,25.7,87,20.3,85,1006.6,1
2021-05-26,Hung_Yen,20.6464,106.0511,27.7,88,16.1,70,1004.8,1
2021-05-27,Hung_Yen,20.6464,106.0511,28.3,87,16.3,71,1005.7,1
2021-05-28,Hung_Yen,20.6464,106.0511,28.7,85,16.3,88,1005.8,1
2021-05-29,Hung_Yen,20.6464,106.0511,30.2,81,18.4,87,1003.3,0
2021-05-30,Hung_Yen,20.6464,106.0511,31.4,74,15.0,94,1000.7,0
2021-05-31,Hung_Yen,20.6464,106.0511,32.0,72,15.3,84,998.9,0
2021-06-01,Hung_Yen,20.6464,106.0511,32.8,68,18.4,86,999.2,0
2021-06-02,Hung_Yen,20.6464,106.0511,32.7,70,18.4,99,999.9,0
2021-06-03,Hung_Yen,20.6464,106.0511,33.0,70,17.4,88,1000.0,1
2021-06-04,Hung_Yen,20.6464,106.0511,27.5,72,25.9,96,1004.5,1
2021-06-05,Hung_Yen,20.6464,106.0511,27.3,74,10.5,85,1004.1,1
2021-06-06,Hung_Yen,20.6464,106.0511,28.1,85,13.3,73,1002.0,1
2021-06-07,Hung_Yen,20.6464,106.0511,27.5,90,14.0,95,1002.7,1
2021-06-08,Hung_Yen,20.6464,106.0511,26.8,92,13.6,96,1003.6,1
2021-06-09,Hung_Yen,20.6464,106.0511,27.7,88,7.3,98,1002.4,1
2021-06-10,Hung_Yen,20.6464,106.0511,28.0,88,14.2,98,1001.0,1
2021-06-11,Hung_Yen,20.6464,106.0511,27.7,90,16.1,98,1001.5,1
2021-06-12,Hung_Yen,20.6464,106.0511,27.5,89,19.8,100,1000.4,1
2021-06-13,Hung_Yen,20.6464,106.0511,28.0,82,23.4,89,999.2,1
2021-06-14,Hung_Yen,20.6464,106.0511,29.5,77,19.9,34,999.3,1
2021-06-15,Hung_Yen,20.6464,106.0511,29.8,71,17.6,60,998.0,1
2021-06-16,Hung_Yen,20.6464,106.0511,31.0,71,15.8,76,999.6,0
2021-06-17,Hung_Yen,20.6464,106.0511,31.5,69,15.5,26,1001.4,0
2021-06-18,Hung_Yen,20.6464,106.0511,31.7,68,16.8,5,1001.5,0
2021-06-19,Hung_Yen,20.6464,106.0511,32.2,65,16.3,40,999.4,0
2021-06-20,Hung_Yen,20.6464,106.0511,32.7,63,15.6,46,997.5,0
2021-06-21,Hung_Yen,20.6464,106.0511,33.2,61,13.6,84,997.8,0
2021-06-22,Hung_Yen,20.6464,106.0511,31.5,77,14.3,99,1001.0,1
2021-06-23,Hung_Yen,20.6464,106.0511,28.9,87,10.0,100,1001.9,1
2021-06-24,Hung_Yen,20.6464,106.0511,30.2,80,9.9,97,1000.5,1
2021-06-25,Hung_Yen,20.6464,106.0511,30.0,82,12.9,94,1000.3,1
2021-06-26,Hung_Yen,20.6464,106.0511,30.6,76,15.6,95,1001.3,1
2021-06-27,Hung_Yen,20.6464,106.0511,31.9,65,18.2,89,1000.5,0
2021-06-28,Hung_Yen,20.6464,106.0511,32.1,63,17.7,98,998.1,0
2021-06-29,Hung_Yen,20.6464,106.0511,31.9,66,15.7,100,998.2,0
2021-06-30,Hung_Yen,20.6464,106.0511,31.9,64,17.0,100,998.7,0
2021-07-01,Hung_Yen,20.6464,106.0511,31.8,63,16.8,100,999.1,0
2021-07-02,Hung_Yen,20.6464,106.0511,32.5,61,15.7,99,1000.3,0
2021-07-03,Hung_Yen,20.6464,106.0511,32.9,63,11.6,97,1000.3,0
2021-07-04,Hung_Yen,20.6464,106.0511,32.5,71,13.7,93,1000.6,1
2021-07-05,Hung_Yen,20.6464,106.0511,30.5,79,19.9,81,1002.2,1
2021-07-06,Hung_Yen,20.6464,106.0511,30.0,79,16.2,45,1002.1,1
2021-07-07,Hung_Yen,20.6464,106.0511,28.3,87,16.9,87,1002.3,1
2021-07-08,Hung_Yen,20.6464,106.0511,27.4,89,24.9,91,1003.6,1
2021-07-09,Hung_Yen,20.6464,106.0511,27.9,86,18.1,52,1006.2,1
2021-07-10,Hung_Yen,20.6464,106.0511,27.9,85,13.5,39,1006.7,1
2021-07-11,Hung_Yen,20.6464,106.0511,28.7,81,15.9,27,1007.4,1
2021-07-12,Hung_Yen,20.6464,106.0511,29.3,79,18.7,17,1006.4,1
2021-07-13,Hung_Yen,20.6464,106.0511,29.8,81,19.2,23,1004.2,1
2021-07-14,Hung_Yen,20.6464,106.0511,30.0,78,19.1,26,1003.7,1
2021-07-15,Hung_Yen,20.6464,106.0511,29.6,77,16.4,34,1005.2,1
2021-07-16,Hung_Yen,20.6464,106.0511,29.8,79,15.7,40,1005.7,0
2021-07-17,Hung_Yen,20.6464,106.0511,30.1,78,15.8,71,1002.2,0
2021-07-18,Hung_Yen,20.6464,106.0511,29.5,84,11.1,98,999.7,1
2021-07-19,Hung_Yen,20.6464,106.0511,28.6,88,10.8,97,1000.0,1
2021-07-20,Hung_Yen,20.6464,106.0511,27.8,89,10.6,100,1000.6,1
2021-07-21,Hung_Yen,20.6464,106.0511,28.1,88,8.7,99,999.6,1
2021-07-22,Hung_Yen,20.6464,106.0511,28.2,90,8.9,100,998.0,1
2021-07-23,Hung_Yen,20.6464,106.0511,26.3,94,20.4,100,996.1,1
2021-07-24,Hung_Yen,20.6464,106.0511,27.9,88,18.1,94,996.5,1
2021-07-25,Hung_Yen,20.6464,106.0511,28.7,88,10.0,73,997.9,1
2021-07-26,Hung_Yen,20.6464,106.0511,28.7,88,18.1,70,997.5,1
2021-07-27,Hung_Yen,20.6464,106.0511,30.0,83,11.3,69,995.9,1
2021-07-28,Hung_Yen,20.6464,106.0511,29.9,86,14.0,79,995.7,1
2021-07-29,Hung_Yen,20.6464,106.0511,28.9,89,7.2,100,997.3,1
2021-07-30,Hung_Yen,20.6464,106.0511,29.6,86,10.8,98,998.0,1
2021-07-31,Hung_Yen,20.6464,106.0511,30.8,81,13.0,98,996.8,1
2021-08-01,Hung_Yen,20.6464,106.0511,27.1,93,11.5,99,997.2,1
2021-08-02,Hung_Yen,20.6464,106.0511,28.7,88,9.8,91,996.8,1
2021-08-03,Hung_Yen,20.6464,106.0511,29.5,86,13.0,92,997.8,1
2021-08-04,Hung_Yen,20.6464,106.0511,31.0,79,10.9,69,997.8,0
2021-08-05,Hung_Yen,20.6464,106.0511,31.8,74,12.0,80,996.5,1
2021-08-06,Hung_Yen,20.6464,106.0511,32.1,70,10.5,99,997.1,0
2021-08-07,Hung_Yen,20.6464,106.0511,32.3,69,9.9,99,998.4,0
2021-08-08,Hung_Yen,20.6464,106.0511,31.5,74,7.6,98,999.4,1
2021-08-09,Hung_Yen,20.6464,106.0511,30.6,86,14.4,99,999.8,1
2021-08-10,Hung_Yen,20.6464,106.0511,28.5,93,14.5,100,1000.0,1
2021-08-11,Hung_Yen,20.6464,106.0511,28.5,91,13.7,99,1002.6,1
2021-08-12,Hung_Yen,20.6464,106.0511,28.9,86,11.7,97,1003.7,1
2021-08-13,Hung_Yen,20.6464,106.0511,29.9,79,14.6,96,1000.2,1
2021-08-14,Hung_Yen,20.6464,106.0511,30.0,80,11.5,100,999.3,1
2021-08-15,Hung_Yen,20.6464,106.0511,28.5,89,11.2,97,1003.2,1
2021-08-16,Hung_Yen,20.6464,106.0511,29.4,81,12.0,93,1006.8,1
2021-08-17,Hung_Yen,20.6464,106.0511,30.1,81,10.2,50,1006.1,1
2021-08-18,Hung_Yen,20.6464,106.0511,30.0,84,11.8,70,1004.2,1
2021-08-19,Hung_Yen,20.6464,106.0511,28.8,88,11.3,83,1004.4,1
2021-08-20,Hung_Yen,20.6464,106.0511,28.8,86,12.4,45,1005.7,1
2021-08-21,Hung_Yen,20.6464,106.0511,29.8,84,15.9,69,1004.8,1
2021-08-22,Hung_Yen,20.6464,106.0511,30.9,80,16.0,50,1002.2,0
2021-08-23,Hung_Yen,20.6464,106.0511,31.1,78,15.6,85,1001.0,1
2021-08-24,Hung_Yen,20.6464,106.0511,30.4,82,13.7,100,1001.8,1
2021-08-25,Hung_Yen,20.6464,106.0511,28.9,85,15.7,79,1003.5,1
2021-08-26,Hung_Yen,20.6464,106.0511,27.7,89,14.8,74,1006.1,1
2021-08-27,Hung_Yen,20.6464,106.0511,26.9,89,10.9,93,1007.8,1
2021-08-28,Hung_Yen,20.6464,106.0511,26.4,90,10.2,91,1007.6,1
2021-08-29,Hung_Yen,20.6464,106.0511,27.0,89,12.5,52,1007.5,1
2021-08-30,Hung_Yen,20.6464,106.0511,27.4,88,11.0,91,1007.9,1
2021-08-31,Hung_Yen,20.6464,106.0511,27.7,87,12.0,64,1007.7,1
2021-09-01,Hung_Yen,20.6464,106.0511,27.9,87,9.3,65,1006.7,1
2021-09-02,Hung_Yen,20.6464,106.0511,27.0,90,9.7,92,1005.6,1
2021-09-03,Hung_Yen,20.6464,106.0511,27.6,87,9.7,74,1003.7,1
2021-09-04,Hung_Yen,20.6464,106.0511,27.6,88,12.0,65,1003.7,1
2021-09-05,Hung_Yen,20.6464,106.0511,27.0,90,10.4,79,1006.3,1
2021-09-06,Hung_Yen,20.6464,106.0511,27.5,90,8.7,75,1008.3,1
2021-09-07,Hung_Yen,20.6464,106.0511,27.1,90,17.1,79,1007.6,1
2021-09-08,Hung_Yen,20.6464,106.0511,26.2,92,18.4,94,1006.4,1
2021-09-09,Hung_Yen,20.6464,106.0511,26.5,89,9.8,62,1007.6,1
2021-09-10,Hung_Yen,20.6464,106.0511,28.3,83,14.2,58,1006.4,0
2021-09-11,Hung_Yen,20.6464,106.0511,29.3,81,11.6,69,1003.6,0
2021-09-12,Hung_Yen,20.6464,106.0511,30.1,81,8.6,76,1000.8,1
2021-09-13,Hung_Yen,20.6464,106.0511,28.6,88,14.0,87,1003.7,1
2021-09-14,Hung_Yen,20.6464,106.0511,26.7,93,10.5,100,1007.7,1
2021-09-15,Hung_Yen,20.6464,106.0511,27.0,91,6.7,96,1009.2,1
2021-09-16,Hung_Yen,20.6464,106.0511,27.0,90,12.9,85,1008.2,1
2021-09-17,Hung_Yen,20.6464,106.0511,27.9,87,11.3,71,1006.5,1
2021-09-18,Hung_Yen,20.6464,106.0511,28.2,87,12.6,67,1007.1,1
2021-09-19,Hung_Yen,20.6464,106.0511,28.6,83,12.9,58,1007.3,0
2021-09-20,Hung_Yen,20.6464,106.0511,27.9,87,7.9,78,1007.6,1
2021-09-21,Hung_Yen,20.6464,106.0511,27.3,89,9.0,58,1007.3,1
2021-09-22,Hung_Yen,20.6464,106.0511,26.2,91,10.2,74,1007.2,1
2021-09-23,Hung_Yen,20.6464,106.0511,26.9,90,14.1,75,1008.8,1
2021-09-24,Hung_Yen,20.6464,106.0511,25.7,94,15.8,99,1009.1,1
2021-09-25,Hung_Yen,20.6464,106.0511,25.9,92,16.7,93,1009.0,1
2021-09-26,Hung_Yen,20.6464,106.0511,26.0,92,13.8,85,1009.4,1
2021-09-27,Hung_Yen,20.6464,106.0511,26.0,91,9.0,77,1009.1,1
2021-09-28,Hung_Yen,20.6464,106.0511,27.7,84,11.5,14,1007.8,0
2021-09-29,Hung_Yen,20.6464,106.0511,28.1,83,10.1,12,1006.5,0
2021-09-30,Hung_Yen,20.6464,106.0511,28.4,84,13.2,20,1006.5,0
2021-10-01,Hung_Yen,20.6464,106.0511,28.2,85,10.0,43,1006.7,1
2021-10-02,Hung_Yen,20.6464,106.0511,27.8,82,10.7,54,1007.6,1
2021-10-03,Hung_Yen,20.6464,106.0511,27.6,81,12.7,30,1008.1,0
2021-10-04,Hung_Yen,20.6464,106.0511,27.2,88,16.5,34,1008.9,1
2021-10-05,Hung_Yen,20.6464,106.0511,26.9,89,13.1,76,1008.8,1
2021-10-06,Hung_Yen,20.6464,106.0511,26.8,89,10.9,70,1006.1,1
2021-10-07,Hung_Yen,20.6464,106.0511,28.4,78,19.9,63,1003.0,1
2021-10-08,Hung_Yen,20.6464,106.0511,28.7,63,24.7,66,1002.0,0
2021-10-09,Hung_Yen,20.6464,106.0511,25.4,77,21.7,100,1001.9,1
2021-10-10,Hung_Yen,20.6464,106.0511,23.7,91,33.4,100,1000.0,1
2021-10-11,Hung_Yen,20.6464,106.0511,23.7,90,20.7,100,1005.4,1
2021-10-12,Hung_Yen,20.6464,106.0511,24.0,65,27.8,57,1007.0,0
2021-10-13,Hung_Yen,20.6464,106.0511,23.2,73,31.4,100,1003.3,1
2021-10-14,Hung_Yen,20.6464,106.0511,21.3,88,34.3,100,1003.1,1
2021-10-15,Hung_Yen,20.6464,106.0511,21.5,90,18.0,100,1008.5,1
2021-10-16,Hung_Yen,20.6464,106.0511,21.3,77,30.0,100,1014.0,1
2021-10-17,Hung_Yen,20.6464,106.0511,21.0,65,27.5,99,1017.0,1
2021-10-18,Hung_Yen,20.6464,106.0511,19.4,84,20.3,100,1016.0,1
2021-10-19,Hung_Yen,20.6464,106.0511,22.0,90,14.3,94,1015.0,1
2021-10-20,Hung_Yen,20.6464,106.0511,25.3,86,18.5,67,1011.7,0
2021-10-21,Hung_Yen,20.6464,106.0511,22.2,86,22.2,100,1013.0,1
2021-10-22,Hung_Yen,20.6464,106.0511,19.5,63,19.4,100,1018.5,1
2021-10-23,Hung_Yen,20.6464,106.0511,19.7,65,17.7,66,1019.1,0
2021-10-24,Hung_Yen,20.6464,106.0511,20.1,71,15.8,63,1018.2,0
2021-10-25,Hung_Yen,20.6464,106.0511,21.5,74,10.8,33,1015.1,0
2021-10-26,Hung_Yen,20.6464,106.0511,22.2,80,10.5,28,1013.7,0
2021-10-27,Hung_Yen,20.6464,106.0511,23.4,76,14.2,70,1014.3,0
2021-10-28,Hung_Yen,20.6464,106.0511,22.3,85,14.8,100,1014.9,1
2021-10-29,Hung_Yen,20.6464,106.0511,21.7,94,16.2,100,1015.3,1
2021-10-30,Hung_Yen,20.6464,106.0511,20.9,90,16.9,100,1016.2,1
2021-10-31,Hung_Yen,20.6464,106.0511,21.4,90,12.5,100,1015.1,1
2021-11-01,Hung_Yen,20.6464,106.0511,22.8,92,11.1,99,1014.9,1
2021-11-02,Hung_Yen,20.6464,106.0511,22.6,90,11.4,99,1015.1,1
2021-11-03,Hung_Yen,20.6464,106.0511,23.5,88,10.3,68,1013.3,1
2021-11-04,Hung_Yen,20.6464,106.0511,25.0,87,13.4,59,1011.0,1
2021-11-05,Hung_Yen,20.6464,106.0511,25.8,86,18.3,48,1008.3,0
2021-11-06,Hung_Yen,20.6464,106.0511,26.0,86,16.4,53,1006.2,1
2021-11-07,Hung_Yen,20.6464,106.0511,25.8,87,17.0,66,1009.2,1
2021-11-08,Hung_Yen,20.6464,106.0511,18.4,64,28.8,90,1018.2,1
2021-11-09,Hung_Yen,20.6464,106.0511,17.7,59,14.8,16,1018.7,0
2021-11-10,Hung_Yen,20.6464,106.0511,18.2,60,15.5,25,1018.3,0
2021-11-11,Hung_Yen,20.6464,106.0511,19.2,71,9.0,70,1015.5,0
2021-11-12,Hung_Yen,20.6464,106.0511,21.0,68,14.8,99,1017.2,0
2021-11-13,Hung_Yen,20.6464,106.0511,20.0,63,15.9,92,1017.3,0
2021-11-14,Hung_Yen,20.6464,106.0511,19.7,75,10.8,68,1015.9,0
2021-11-15,Hung_Yen,20.6464,106.0511,20.8,81,11.2,88,1013.8,0
2021-11-16,Hung_Yen,20.6464,106.0511,21.4,88,7.1,98,1013.5,1
2021-11-17,Hung_Yen,20.6464,106.0511,21.3,84,16.5,98,1015.1,1
2021-11-18,Hung_Yen,20.6464,106.0511,19.8,69,16.8,61,1013.8,0
2021-11-19,Hung_Yen,20.6464,106.0511,20.6,84,14.8,65,1009.0,0
2021-11-20,Hung_Yen,20.6464,106.0511,23.7,88,19.9,73,1007.5,1
2021-11-21,Hung_Yen,20.6464,106.0511,24.8,89,14.9,58,1010.0,1
2021-11-22,Hung_Yen,20.6464,106.0511,19.7,73,22.3,98,1016.4,1
2021-11-23,Hung_Yen,20.6464,106.0511,17.0,58,18.5,99,1020.0,0
2021-11-24,Hung_Yen,20.6464,106.0511,17.5,61,14.6,80,1019.7,1
2021-11-25,Hung_Yen,20.6464,106.0511,18.0,76,13.3,32,1017.5,0
2021-11-26,Hung_Yen,20.6464,106.0511,19.6,73,15.5,21,1017.1,0
2021-11-27,Hung_Yen,20.6464,106.0511,20.4,66,12.0,27,1018.0,0
2021-11-28,Hung_Yen,20.6464,106.0511,19.5,70,11.5,40,1017.6,0
2021-11-29,Hung_Yen,20.6464,106.0511,20.6,72,10.7,75,1016.3,0
2021-11-30,Hung_Yen,20.6464,106.0511,20.7,59,22.1,35,1018.9,0
2021-12-01,Hung_Yen,20.6464,106.0511,17.8,61,14.2,58,1020.2,0
2021-12-02,Hung_Yen,20.6464,106.0511,16.3,64,10.7,75,1020.7,0
2021-12-03,Hung_Yen,20.6464,106.0511,16.0,68,11.6,59,1020.5,0
2021-12-04,Hung_Yen,20.6464,106.0511,16.5,68,11.2,27,1019.9,0
2021-12-05,Hung_Yen,20.6464,106.0511,17.2,67,13.9,11,1019.5,0
2021-12-06,Hung_Yen,20.6464,106.0511,17.1,67,9.8,0,1018.9,0
2021-12-07,Hung_Yen,20.6464,106.0511,17.3,66,12.2,0,1018.7,0
2021-12-08,Hung_Yen,20.6464,106.0511,18.5,68,10.7,58,1019.3,0
2021-12-09,Hung_Yen,20.6464,106.0511,19.5,78,13.6,81,1020.1,1
2021-12-10,Hung_Yen,20.6464,106.0511,20.5,78,13.5,67,1017.7,0
2021-12-11,Hung_Yen,20.6464,106.0511,20.3,84,12.7,62,1017.8,1
2021-12-12,Hung_Yen,20.6464,106.0511,20.5,76,20.1,77,1019.8,1
2021-12-13,Hung_Yen,20.6464,106.0511,18.0,62,17.7,46,1020.4,0
2021-12-14,Hung_Yen,20.6464,106.0511,18.1,76,10.7,35,1016.2,0
2021-12-15,Hung_Yen,20.6464,106.0511,19.2,87,11.6,53,1012.9,1
2021-12-16,Hung_Yen,20.6464,106.0511,20.7,89,10.7,78,1013.5,1
2021-12-17,Hung_Yen,20.6464,106.0511,21.2,69,17.7,59,1017.5,1
2021-12-18,Hung_Yen,20.6464,106.0511,18.3,54,15.9,35,1020.5,0
2021-12-19,Hung_Yen,20.6464,106.0511,17.0,49,18.4,61,1020.0,0
2021-12-20,Hung_Yen,20.6464,106.0511,18.8,50,13.4,94,1015.7,0
2021-12-21,Hung_Yen,20.6464,106.0511,18.8,61,15.3,79,1015.5,0
2021-12-22,Hung_Yen,20.6464,106.0511,18.5,73,15.5,40,1015.0,0
2021-12-23,Hung_Yen,20.6464,106.0511,19.2,78,14.6,15,1013.7,0
2021-12-24,Hung_Yen,20.6464,106.0511,20.0,88,6.4,68,1014.0,1
2021-12-25,Hung_Yen,20.6464,106.0511,20.7,81,20.4,68,1017.0,1
2021-12-26,Hung_Yen,20.6464,106.0511,18.8,71,19.5,95,1020.5,1
2021-12-27,Hung_Yen,20.6464,106.0511,12.4,62,18.4,100,1025.1,1
2021-12-28,Hung_Yen,20.6464,106.0511,14.0,61,11.7,100,1022.9,0
2021-12-29,Hung_Yen,20.6464,106.0511,15.4,69,15.0,100,1022.2,1
2021-12-30,Hung_Yen,20.6464,106.0511,15.9,68,15.0,100,1023.7,1
2021-12-31,Hung_Yen,20.6464,106.0511,16.2,71,11.7,93,1022.8,0
2022-01-01,Hung_Yen,20.6464,106.0511,17.4,75,12.6,89,1022.0,1
2022-01-02,Hung_Yen,20.6464,106.0511,18.1,69,11.3,76,1020.5,0
2022-01-03,Hung_Yen,20.6464,106.0511,17.9,81,9.8,51,1018.0,0
2022-01-04,Hung_Yen,20.6464,106.0511,18.5,86,16.0,59,1016.0,0
2022-01-05,Hung_Yen,20.6464,106.0511,20.6,85,11.2,68,1014.2,1
2022-01-06,Hung_Yen,20.6464,106.0511,20.5,86,13.0,51,1015.3,1
2022-01-07,Hung_Yen,20.6464,106.0511,20.2,83,18.9,78,1017.3,1
2022-01-08,Hung_Yen,20.6464,106.0511,19.7,80,18.9,87,1016.2,1
2022-01-09,Hung_Yen,20.6464,106.0511,16.4,80,13.3,100,1015.9,1
2022-01-10,Hung_Yen,20.6464,106.0511,16.9,84,16.6,100,1015.0,1
2022-01-11,Hung_Yen,20.6464,106.0511,16.1,67,17.6,79,1019.4,1
2022-01-12,Hung_Yen,20.6464,106.0511,16.7,80,16.5,73,1017.5,0
2022-01-13,Hung_Yen,20.6464,106.0511,16.7,81,10.9,100,1019.0,1
2022-01-14,Hung_Yen,20.6464,106.0511,17.6,77,11.1,76,1016.7,0
2022-01-15,Hung_Yen,20.6464,106.0511,18.9,88,12.6,82,1015.2,0
2022-01-16,Hung_Yen,20.6464,106.0511,21.2,85,14.5,75,1015.4,1
2022-01-17,Hung_Yen,20.6464,106.0511,15.0,81,20.9,100,1019.3,1
2022-01-18,Hung_Yen,20.6464,106.0511,16.4,71,16.2,56,1019.9,1
2022-01-19,Hung_Yen,20.6464,106.0511,16.5,76,11.9,33,1017.4,1
2022-01-20,Hung_Yen,20.6464,106.0511,16.5,85,11.2,73,1014.7,1
2022-01-21,Hung_Yen,20.6464,106.0511,17.8,91,14.8,100,1013.1,1
2022-01-22,Hung_Yen,20.6464,106.0511,20.2,88,11.3,86,1009.2,1
2022-01-23,Hung_Yen,20.6464,106.0511,21.2,91,10.0,73,1008.7,1
2022-01-24,Hung_Yen,20.6464,106.0511,22.0,88,18.2,82,1009.9,1
2022-01-25,Hung_Yen,20.6464,106.0511,20.7,83,17.4,91,1012.0,1
2022-01-26,Hung_Yen,20.6464,106.0511,21.2,86,15.6,76,1012.2,1
2022-01-27,Hung_Yen,20.6464,106.0511,21.9,87,17.9,81,1012.2,1
2022-01-28,Hung_Yen,20.6464,106.0511,22.0,85,19.4,74,1011.5,1
2022-01-29,Hung_Yen,20.6464,106.0511,17.8,81,21.1,100,1011.5,1
2022-01-30,Hung_Yen,20.6464,106.0511,12.9,73,15.1,100,1015.4,1
2022-01-31,Hung_Yen,20.6464,106.0511,11.9,83,18.1,100,1016.6,1
2022-02-01,Hung_Yen,20.6464,106.0511,12.5,72,13.6,100,1017.2,0
2022-02-02,Hung_Yen,20.6464,106.0511,12.3,76,15.2,100,1018.0,1
2022-02-03,Hung_Yen,20.6464,106.0511,12.8,69,14.9,80,1018.6,0
2022-02-04,Hung_Yen,20.6464,106.0511,13.9,65,14.4,94,1020.4,0
2022-02-05,Hung_Yen,20.6464,106.0511,14.7,67,8.9,100,1020.5,1
2022-02-06,Hung_Yen,20.6464,106.0511,14.2,89,10.3,100,1017.1,1
2022-02-07,Hung_Yen,20.6464,106.0511,18.0,84,10.5,100,1012.9,1
2022-02-08,Hung_Yen,20.6464,106.0511,18.0,87,13.0,100,1013.9,1
2022-02-09,Hung_Yen,20.6464,106.0511,14.1,87,14.8,100,1016.3,1
2022-02-10,Hung_Yen,20.6464,106.0511,15.3,85,7.0,100,1014.2,1
2022-02-11,Hung_Yen,20.6464,106.0511,18.1,87,10.2,100,1012.9,1
2022-02-12,Hung_Yen,20.6464,106.0511,17.8,93,11.2,100,1012.2,1
2022-02-13,Hung_Yen,20.6464,106.0511,14.3,89,19.3,100,1012.7,1
2022-02-14,Hung_Yen,20.6464,106.0511,15.2,73,13.7,78,1015.8,1
2022-02-15,Hung_Yen,20.6464,106.0511,16.2,84,11.0,99,1014.6,1
2022-02-16,Hung_Yen,20.6464,106.0511,17.6,89,6.1,100,1010.7,1
2022-02-17,Hung_Yen,20.6464,106.0511,20.4,90,13.5,100,1007.6,0
2022-02-18,Hung_Yen,20.6464,106.0511,22.1,94,17.2,100,1008.0,1
2022-02-19,Hung_Yen,20.6464,106.0511,13.3,84,23.0,100,1014.9,1
2022-02-20,Hung_Yen,20.6464,106.0511,8.6,84,21.3,100,1020.9,1
2022-02-21,Hung_Yen,20.6464,106.0511,10.8,68,17.3,95,1021.6,0
2022-02-22,Hung_Yen,20.6464,106.0511,11.3,62,20.3,100,1022.8,0
2022-02-23,Hung_Yen,20.6464,106.0511,12.3,55,20.2,24,1024.8,0
2022-02-24,Hung_Yen,20.6464,106.0511,12.4,66,11.6,14,1024.9,0
2022-02-25,Hung_Yen,20.6464,106.0511,13.6,77,8.6,33,1022.1,0
2022-02-26,Hung_Yen,20.6464,106.0511,15.9,78,10.6,31,1020.1,0
2022-02-27,Hung_Yen,20.6464,106.0511,16.9,80,14.0,52,1017.0,0
2022-02-28,Hung_Yen,20.6464,106.0511,18.0,86,13.9,66,1014.1,0
2022-03-01,Hung_Yen,20.6464,106.0511,20.2,87,13.4,100,1014.3,1
2022-03-02,Hung_Yen,20.6464,106.0511,20.2,86,11.9,65,1014.8,1
2022-03-03,Hung_Yen,20.6464,106.0511,20.4,86,16.2,57,1012.5,0
2022-03-04,Hung_Yen,20.6464,106.0511,21.5,88,13.8,91,1010.7,1
2022-03-05,Hung_Yen,20.6464,106.0511,21.5,91,16.1,94,1009.8,1
2022-03-06,Hung_Yen,20.6464,106.0511,22.4,90,17.4,99,1009.6,1
2022-03-07,Hung_Yen,20.6464,106.0511,21.0,79,26.1,84,1015.5,1
2022-03-08,Hung_Yen,20.6464,106.0511,19.0,78,16.9,43,1014.1,0
2022-03-09,Hung_Yen,20.6464,106.0511,19.3,85,15.5,69,1011.8,0
2022-03-10,Hung_Yen,20.6464,106.0511,20.4,84,15.3,82,1011.9,1
2022-03-11,Hung_Yen,20.6464,106.0511,21.1,84,12.4,92,1010.4,0
2022-03-12,Hung_Yen,20.6464,106.0511,21.7,85,15.5,72,1009.2,1
2022-03-13,Hung_Yen,20.6464,106.0511,22.1,88,17.2,91,1009.1,1
2022-03-14,Hung_Yen,20.6464,106.0511,22.2,88,13.2,98,1009.0,0
2022-03-15,Hung_Yen,20.6464,106.0511,23.5,84,12.6,100,1008.1,1
2022-03-16,Hung_Yen,20.6464,106.0511,22.5,90,20.4,98,1006.4,1
2022-03-17,Hung_Yen,20.6464,106.0511,23.7,88,14.6,74,1005.6,1
2022-03-18,Hung_Yen,20.6464,106.0511,24.0,89,13.6,82,1006.6,0
2022-03-19,Hung_Yen,20.6464,106.0511,23.6,90,18.1,87,1004.9,1
2022-03-20,Hung_Yen,20.6464,106.0511,25.3,86,20.1,60,1004.7,0
2022-03-21,Hung_Yen,20.6464,106.0511,26.0,84,20.4,75,1005.8,1
2022-03-22,Hung_Yen,20.6464,106.0511,27.0,83,14.6,55,1006.8,0
2022-03-23,Hung_Yen,20.6464,106.0511,19.6,88,20.4,100,1011.7,1
2022-03-24,Hung_Yen,20.6464,106.0511,19.7,87,15.4,84,1008.8,1
2022-03-25,Hung_Yen,20.6464,106.0511,24.1,86,16.9,47,1005.0,0
2022-03-26,Hung_Yen,20.6464,106.0511,26.8,85,14.2,27,1005.1,0
2022-03-27,Hung_Yen,20.6464,106.0511,22.0,76,18.3,88,1011.3,1
2022-03-28,Hung_Yen,20.6464,106.0511,19.8,72,14.9,81,1014.5,1
2022-03-29,Hung_Yen,20.6464,106.0511,20.4,85,10.5,89,1012.5,1
2022-03-30,Hung_Yen,20.6464,106.0511,22.8,90,13.5,99,1011.4,1
2022-03-31,Hung_Yen,20.6464,106.0511,23.9,88,16.8,90,1012.6,1
2022-04-01,Hung_Yen,20.6464,106.0511,18.3,80,23.8,100,1018.8,1
2022-04-02,Hung_Yen,20.6464,106.0511,17.1,64,27.0,79,1022.8,1
2022-04-03,Hung_Yen,20.6464,106.0511,17.8,65,16.0,35,1020.3,0
2022-04-04,Hung_Yen,20.6464,106.0511,18.4,72,13.7,1,1019.1,0
2022-04-05,Hung_Yen,20.6464,106.0511,19.9,74,12.4,53,1017.7,0
2022-04-06,Hung_Yen,20.6464,106.0511,21.4,74,11.6,35,1015.9,0
2022-04-07,Hung_Yen,20.6464,106.0511,22.8,75,14.9,55,1014.6,0
2022-04-08,Hung_Yen,20.6464,106.0511,22.4,74,12.0,6,1013.0,0
2022-04-09,Hung_Yen,20.6464,106.0511,22.1,80,16.6,0,1010.3,0
2022-04-10,Hung_Yen,20.6464,106.0511,22.8,81,14.8,44,1008.9,0
2022-04-11,Hung_Yen,20.6464,106.0511,23.2,86,15.9,58,1007.8,1
2022-04-12,Hung_Yen,20.6464,106.0511,24.3,86,17.8,62,1004.6,1
2022-04-13,Hung_Yen,20.6464,106.0511,25.5,84,14.7,61,1004.7,1
2022-04-14,Hung_Yen,20.6464,106.0511,25.5,84,15.8,68,1005.1,0
2022-04-15,Hung_Yen,20.6464,106.0511,25.9,88,22.1,98,1005.6,1
2022-04-16,Hung_Yen,20.6464,106.0511,24.1,92,20.5,100,1007.1,1
2022-04-17,Hung_Yen,20.6464,106.0511,19.1,88,15.5,100,1011.7,1
2022-04-18,Hung_Yen,20.6464,106.0511,18.4,83,21.4,93,1015.2,1
2022-04-19,Hung_Yen,20.6464,106.0511,19.9,77,13.4,75,1015.5,0
2022-04-20,Hung_Yen,20.6464,106.0511,21.0,84,6.8,68,1012.8,1
2022-04-21,Hung_Yen,20.6464,106.0511,22.2,87,10.5,86,1009.5,1
2022-04-22,Hung_Yen,20.6464,106.0511,24.7,87,23.2,59,1006.9,1
2022-04-23,Hung_Yen,20.6464,106.0511,26.1,87,16.1,44,1005.3,1
2022-04-24,Hung_Yen,20.6464,106.0511,27.2,84,17.3,24,1002.5,0
2022-04-25,Hung_Yen,20.6464,106.0511,28.3,81,17.3,3,1001.5,0
2022-04-26,Hung_Yen,20.6464,106.0511,28.9,81,18.3,3,1000.9,0
2022-04-27,Hung_Yen,20.6464,106.0511,28.6,82,18.8,50,1002.7,0
2022-04-28,Hung_Yen,20.6464,106.0511,27.8,85,20.2,94,1005.0,1
2022-04-29,Hung_Yen,20.6464,106.0511,27.3,86,22.7,89,1006.8,1
2022-04-30,Hung_Yen,20.6464,106.0511,27.3,86,15.5,97,1006.9,1
2022-05-01,Hung_Yen,20.6464,106.0511,20.6,75,25.7,100,1011.2,1
2022-05-02,Hung_Yen,20.6464,106.0511,21.6,58,21.0,79,1013.9,0
2022-05-03,Hung_Yen,20.6464,106.0511,22.1,69,13.7,50,1014.3,0
2022-05-04,Hung_Yen,20.6464,106.0511,23.0,71,12.7,24,1012.2,0
2022-05-05,Hung_Yen,20.6464,106.0511,23.7,80,14.5,44,1009.5,0
2022-05-06,Hung_Yen,20.6464,106.0511,24.8,83,11.7,61,1008.7,0
2022-05-07,Hung_Yen,20.6464,106.0511,25.6,88,13.0,91,1008.7,1
2022-05-08,Hung_Yen,20.6464,106.0511,25.7,88,17.5,81,1008.3,1
2022-05-09,Hung_Yen,20.6464,106.0511,26.3,86,20.6,93,1007.4,1
2022-05-10,Hung_Yen,20.6464,106.0511,27.0,89,16.2,92,1004.4,1
2022-05-11,Hung_Yen,20.6464,106.0511,28.0,87,13.3,96,1002.1,1
2022-05-12,Hung_Yen,20.6464,106.0511,27.0,90,13.6,96,1001.6,1
2022-05-13,Hung_Yen,20.6464,106.0511,26.7,90,14.7,98,1001.7,1
2022-05-14,Hung_Yen,20.6464,106.0511,26.2,86,13.9,96,1004.7,1
2022-05-15,Hung_Yen,20.6464,106.0511,25.0,84,21.8,100,1007.0,1
2022-05-16,Hung_Yen,20.6464,106.0511,21.6,70,20.7,97,1011.7,1
2022-05-17,Hung_Yen,20.6464,106.0511,23.2,70,11.4,92,1011.2,0
2022-05-18,Hung_Yen,20.6464,106.0511,23.9,81,13.2,97,1010.3,0
2022-05-19,Hung_Yen,20.6464,106.0511,25.4,84,12.5,72,1008.5,1
2022-05-20,Hung_Yen,20.6464,106.0511,25.7,89,12.4,92,1006.4,1
2022-05-21,Hung_Yen,20.6464,106.0511,25.8,86,16.0,100,1003.9,1
2022-05-22,Hung_Yen,20.6464,106.0511,25.9,89,19.0,100,1000.0,1
2022-05-23,Hung_Yen,20.6464,106.0511,26.5,90,18.9,100,1000.3,1
2022-05-24,Hung_Yen,20.6464,106.0511,25.8,92,10.0,100,1004.0,1
2022-05-25,Hung_Yen,20.6464,106.0511,26.9,89,10.5,100,1003.5,1
2022-05-26,Hung_Yen,20.6464,106.0511,28.1,88,9.6,100,999.9,1
2022-05-27,Hung_Yen,20.6464,106.0511,27.4,91,11.2,100,998.5,1
2022-05-28,Hung_Yen,20.6464,106.0511,28.0,87,12.7,100,998.7,1
2022-05-29,Hung_Yen,20.6464,106.0511,28.6,86,10.7,99,999.5,1
2022-05-30,Hung_Yen,20.6464,106.0511,27.8,89,13.4,100,1001.0,1
2022-05-31,Hung_Yen,20.6464,106.0511,26.4,90,10.9,100,1002.4,1
2022-06-01,Hung_Yen,20.6464,106.0511,28.1,87,14.2,100,1001.9,1
2022-06-02,Hung_Yen,20.6464,106.0511,29.7,82,20.2,100,999.8,1
2022-06-03,Hung_Yen,20.6464,106.0511,30.4,75,18.5,100,998.7,0
2022-06-04,Hung_Yen,20.6464,106.0511,31.0,68,19.3,100,998.7,0
2022-06-05,Hung_Yen,20.6464,106.0511,30.2,73,18.3,100,998.7,1
2022-06-06,Hung_Yen,20.6464,106.0511,28.1,83,15.7,100,1000.5,1
2022-06-07,Hung_Yen,20.6464,106.0511,27.2,85,9.9,100,1001.6,1
2022-06-08,Hung_Yen,20.6464,106.0511,27.5,89,12.3,100,1001.3,1
2022-06-09,Hung_Yen,20.6464,106.0511,28.5,87,10.7,96,1000.5,1
2022-06-10,Hung_Yen,20.6464,106.0511,29.8,82,9.7,100,999.4,1
2022-06-11,Hung_Yen,20.6464,106.0511,28.1,90,8.9,100,1001.3,1
2022-06-12,Hung_Yen,20.6464,106.0511,29.9,79,12.7,99,1001.6,0
2022-06-13,Hung_Yen,20.6464,106.0511,30.3,77,11.8,100,1001.5,1
2022-06-14,Hung_Yen,20.6464,106.0511,27.1,88,11.3,98,1004.5,1
2022-06-15,Hung_Yen,20.6464,106.0511,27.3,86,12.4,99,1005.3,1
2022-06-16,Hung_Yen,20.6464,106.0511,29.2,82,15.3,98,1003.8,1
2022-06-17,Hung_Yen,20.6464,106.0511,30.7,75,15.9,99,1001.0,0
2022-06-18,Hung_Yen,20.6464,106.0511,31.1,68,18.8,100,998.9,0
2022-06-19,Hung_Yen,20.6464,106.0511,31.2,67,18.3,100,997.9,0
2022-06-20,Hung_Yen,20.6464,106.0511,31.6,67,19.1,100,996.9,0
2022-06-21,Hung_Yen,20.6464,106.0511,31.7,65,20.1,98,997.7,0
2022-06-22,Hung_Yen,20.6464,106.0511,31.1,72,20.7,95,1002.0,1
2022-06-23,Hung_Yen,20.6464,106.0511,30.0,79,16.1,63,1004.9,1
2022-06-24,Hung_Yen,20.6464,106.0511,29.7,78,17.7,37,1004.4,1
2022-06-25,Hung_Yen,20.6464,106.0511,29.3,77,18.7,49,1003.2,1
2022-06-26,Hung_Yen,20.6464,106.0511,30.1,75,17.3,40,1003.8,1
2022-06-27,Hung_Yen,20.6464,106.0511,31.5,71,18.9,93,1002.1,0
2022-06-28,Hung_Yen,20.6464,106.0511,32.0,69,15.9,90,999.3,1
2022-06-29,Hung_Yen,20.6464,106.0511,29.7,81,13.2,100,997.9,1
2022-06-30,Hung_Yen,20.6464,106.0511,27.7,87,10.0,99,999.3,1
2022-07-01,Hung_Yen,20.6464,106.0511,27.8,86,12.7,97,999.1,1
2022-07-02,Hung_Yen,20.6464,106.0511,29.0,84,21.0,100,995.6,1
2022-07-03,Hung_Yen,20.6464,106.0511,29.4,84,13.8,100,995.9,1
2022-07-04,Hung_Yen,20.6464,106.0511,30.5,80,15.5,100,996.1,1
2022-07-05,Hung_Yen,20.6464,106.0511,30.6,85,10.9,100,998.4,1
2022-07-06,Hung_Yen,20.6464,106.0511,28.6,87,12.2,100,1001.0,1
2022-07-07,Hung_Yen,20.6464,106.0511,27.9,89,12.3,100,1001.1,1
2022-07-08,Hung_Yen,20.6464,106.0511,27.4,87,8.3,100,1002.3,1
2022-07-09,Hung_Yen,20.6464,106.0511,27.4,87,12.1,94,1002.1,1
2022-07-10,Hung_Yen,20.6464,106.0511,27.3,88,13.2,71,1002.8,1
2022-07-11,Hung_Yen,20.6464,106.0511,28.1,86,14.1,74,1002.9,1
2022-07-12,Hung_Yen,20.6464,106.0511,28.0,87,13.5,67,1002.7,1
2022-07-13,Hung_Yen,20.6464,106.0511,27.8,87,14.4,79,1002.1,1
2022-07-14,Hung_Yen,20.6464,106.0511,27.4,89,12.7,86,1002.1,1
2022-07-15,Hung_Yen,20.6464,106.0511,28.3,87,10.3,69,1002.7,1
2022-07-16,Hung_Yen,20.6464,106.0511,29.8,83,15.5,86,1002.2,1
2022-07-17,Hung_Yen,20.6464,106.0511,31.4,78,17.1,98,1000.8,0
2022-07-18,Hung_Yen,20.6464,106.0511,31.7,76,17.0,99,998.5,1
2022-07-19,Hung_Yen,20.6464,106.0511,30.9,81,18.1,95,999.4,0
2022-07-20,Hung_Yen,20.6464,106.0511,28.8,84,15.0,99,1003.9,1
2022-07-21,Hung_Yen,20.6464,106.0511,27.3,87,21.7,82,1006.7,1
2022-07-22,Hung_Yen,20.6464,106.0511,27.0,88,15.5,77,1008.5,1
2022-07-23,Hung_Yen,20.6464,106.0511,28.1,85,11.7,22,1007.0,1
2022-07-24,Hung_Yen,20.6464,106.0511,29.1,83,14.2,9,1005.1,1
2022-07-25,Hung_Yen,20.6464,106.0511,29.2,81,15.0,6,1005.6,0
2022-07-26,Hung_Yen,20.6464,106.0511,28.9,83,15.0,25,1004.9,0
2022-07-27,Hung_Yen,20.6464,106.0511,29.1,82,15.0,20,1004.3,0
2022-07-28,Hung_Yen,20.6464,106.0511,29.4,81,14.1,57,1004.1,0
2022-07-29,Hung_Yen,20.6464,106.0511,29.5,82,11.7,100,1003.0,0
2022-07-30,Hung_Yen,20.6464,106.0511,28.6,87,9.6,89,1001.9,1
2022-07-31,Hung_Yen,20.6464,106.0511,27.7,90,15.0,96,1001.3,1
2022-08-01,Hung_Yen,20.6464,106.0511,28.3,87,15.8,57,1002.3,1
2022-08-02,Hung_Yen,20.6464,106.0511,28.7,85,9.6,52,1004.0,1
2022-08-03,Hung_Yen,20.6464,106.0511,29.4,82,11.6,53,1003.9,1
2022-08-04,Hung_Yen,20.6464,106.0511,29.9,82,10.6,98,1001.5,1
2022-08-05,Hung_Yen,20.6464,106.0511,27.1,90,7.1,100,1001.1,1
2022-08-06,Hung_Yen,20.6464,106.0511,26.4,92,10.0,100,1001.8,1
2022-08-07,Hung_Yen,20.6464,106.0511,26.5,92,9.3,99,1003.2,1
2022-08-08,Hung_Yen,20.6464,106.0511,27.0,90,11.9,99,1003.1,1
2022-08-09,Hung_Yen,20.6464,106.0511,27.2,86,13.1,95,1001.4,1
2022-08-10,Hung_Yen,20.6464,106.0511,27.7,87,18.8,92,998.8,1
2022-08-11,Hung_Yen,20.6464,106.0511,26.3,92,17.7,99,998.8,1
2022-08-12,Hung_Yen,20.6464,106.0511,25.6,93,11.1,100,1003.9,1
2022-08-13,Hung_Yen,20.6464,106.0511,26.9,90,11.5,92,1004.3,1
2022-08-14,Hung_Yen,20.6464,106.0511,28.0,87,10.9,71,1003.6,1
2022-08-15,Hung_Yen,20.6464,106.0511,28.4,88,10.0,56,1002.5,1
2022-08-16,Hung_Yen,20.6464,106.0511,29.1,84,12.0,64,1002.4,1
2022-08-17,Hung_Yen,20.6464,106.0511,28.5,87,11.5,93,1002.4,1
2022-08-18,Hung_Yen,20.6464,106.0511,28.9,85,13.5,58,1001.7,1
2022-08-19,Hung_Yen,20.6464,106.0511,29.1,87,9.7,69,1001.0,1
2022-08-20,Hung_Yen,20.6464,106.0511,26.6,92,11.2,100,1000.7,1
2022-08-21,Hung_Yen,20.6464,106.0511,27.0,88,15.3,81,1000.7,1
2022-08-22,Hung_Yen,20.6464,106.0511,28.7,85,12.2,63,1002.8,1
2022-08-23,Hung_Yen,20.6464,106.0511,29.2,87,9.0,53,1003.5,1
2022-08-24,Hung_Yen,20.6464,106.0511,29.1,87,13.7,71,1001.7,1
2022-08-25,Hung_Yen,20.6464,106.0511,27.7,90,24.4,100,998.0,1
2022-08-26,Hung_Yen,20.6464,106.0511,28.3,84,26.3,100,1001.0,1
2022-08-27,Hung_Yen,20.6464,106.0511,29.1,79,14.5,89,1005.3,1
2022-08-28,Hung_Yen,20.6464,106.0511,29.0,86,16.4,75,1005.4,1
2022-08-29,Hung_Yen,20.6464,106.0511,29.0,85,14.3,67,1007.0,1
2022-08-30,Hung_Yen,20.6464,106.0511,29.1,83,13.9,55,1006.7,0
2022-08-31,Hung_Yen,20.6464,106.0511,29.1,84,11.7,96,1005.0,0
2022-09-01,Hung_Yen,20.6464,106.0511,27.1,89,17.1,81,1007.0,1
2022-09-02,Hung_Yen,20.6464,106.0511,28.0,87,12.2,93,1006.4,1
2022-09-03,Hung_Yen,20.6464,106.0511,28.8,82,14.2,97,1003.9,1
2022-09-04,Hung_Yen,20.6464,106.0511,28.0,83,14.8,92,1005.0,1
2022-09-05,Hung_Yen,20.6464,106.0511,28.4,74,14.9,76,1005.8,0
2022-09-06,Hung_Yen,20.6464,106.0511,28.6,74,13.4,64,1006.3,0
2022-09-07,Hung_Yen,20.6464,106.0511,27.7,84,14.2,84,1008.8,1
2022-09-08,Hung_Yen,20.6464,106.0511,25.2,95,14.7,100,1010.3,1
2022-09-09,Hung_Yen,20.6464,106.0511,24.8,95,11.9,100,1011.0,1
2022-09-10,Hung_Yen,20.6464,106.0511,26.3,88,10.4,100,1010.0,1
2022-09-11,Hung_Yen,20.6464,106.0511,27.5,83,8.9,88,1007.9,0
2022-09-12,Hung_Yen,20.6464,106.0511,27.0,88,14.8,78,1007.1,1
2022-09-13,Hung_Yen,20.6464,106.0511,28.0,85,9.9,88,1007.1,1
2022-09-14,Hung_Yen,20.6464,106.0511,28.8,78,13.0,17,1006.7,0
2022-09-15,Hung_Yen,20.6464,106.0511,28.0,85,10.1,45,1004.3,1
2022-09-16,Hung_Yen,20.6464,106.0511,27.2,91,10.8,94,1002.3,1
2022-09-17,Hung_Yen,20.6464,106.0511,26.9,91,12.2,82,1004.2,1
2022-09-18,Hung_Yen,20.6464,106.0511,28.1,87,9.9,76,1004.9,1
2022-09-19,Hung_Yen,20.6464,106.0511,29.2,81,12.6,47,1004.5,0
2022-09-20,Hung_Yen,20.6464,106.0511,28.9,82,7.2,49,1004.6,1
2022-09-21,Hung_Yen,20.6464,106.0511,26.0,90,13.2,99,1006.8,1
2022-09-22,Hung_Yen,20.6464,106.0511,25.2,91,18.6,86,1007.7,1
2022-09-23,Hung_Yen,20.6464,106.0511,25.4,91,14.7,93,1008.2,1
2022-09-24,Hung_Yen,20.6464,106.0511,25.4,90,13.2,99,1008.1,1
2022-09-25,Hung_Yen,20.6464,106.0511,24.8,92,13.1,88,1008.7,1
2022-09-26,Hung_Yen,20.6464,106.0511,26.8,85,13.5,23,1007.6,1
2022-09-27,Hung_Yen,20.6464,106.0511,28.0,78,17.0,66,1004.7,1
2022-09-28,Hung_Yen,20.6464,106.0511,25.3,85,19.6,99,1003.2,1
2022-09-29,Hung_Yen,20.6464,106.0511,24.9,91,20.4,100,1004.4,1
2022-09-30,Hung_Yen,20.6464,106.0511,25.5,91,15.5,99,1006.3,1
2022-10-01,Hung_Yen,20.6464,106.0511,24.5,95,10.7,100,1007.7,1
2022-10-02,Hung_Yen,20.6464,106.0511,25.2,93,10.9,93,1008.9,1
2022-10-03,Hung_Yen,20.6464,106.0511,26.1,88,9.9,62,1010.3,1
2022-10-04,Hung_Yen,20.6464,106.0511,26.2,88,8.9,59,1011.4,1
2022-10-05,Hung_Yen,20.6464,106.0511,26.6,87,13.6,39,1011.2,1
2022-10-06,Hung_Yen,20.6464,106.0511,26.6,87,10.1,31,1011.2,1
2022-10-07,Hung_Yen,20.6464,106.0511,25.6,89,13.4,70,1012.0,1
2022-10-08,Hung_Yen,20.6464,106.0511,24.8,87,14.1,90,1012.5,1
2022-10-09,Hung_Yen,20.6464,106.0511,23.7,87,23.0,100,1014.8,1
2022-10-10,Hung_Yen,20.6464,106.0511,22.0,62,21.7,68,1018.2,0
2022-10-11,Hung_Yen,20.6464,106.0511,21.7,69,15.1,0,1015.6,0
2022-10-12,Hung_Yen,20.6464,106.0511,22.4,71,10.5,8,1013.9,0
2022-10-13,Hung_Yen,20.6464,106.0511,23.1,66,13.0,35,1012.6,0
2022-10-14,Hung_Yen,20.6464,106.0511,23.1,61,20.2,75,1010.7,0
2022-10-15,Hung_Yen,20.6464,106.0511,23.9,54,22.8,84,1010.5,0
2022-10-16,Hung_Yen,20.6464,106.0511,24.0,61,21.8,28,1012.1,0
2022-10-17,Hung_Yen,20.6464,106.0511,24.8,55,25.8,53,1012.5,0
2022-10-18,Hung_Yen,20.6464,106.0511,24.1,48,26.3,84,1012.9,0
2022-10-19,Hung_Yen,20.6464,106.0511,20.4,58,21.1,95,1014.4,1
2022-10-20,Hung_Yen,20.6464,106.0511,18.1,86,21.2,100,1015.1,1
2022-10-21,Hung_Yen,20.6464,106.0511,20.4,88,17.5,92,1015.8,1
2022-10-22,Hung_Yen,20.6464,106.0511,24.6,81,15.6,41,1014.6,0
2022-10-23,Hung_Yen,20.6464,106.0511,26.0,78,12.4,28,1012.8,0
2022-10-24,Hung_Yen,20.6464,106.0511,25.9,80,12.7,26,1012.2,1
2022-10-25,Hung_Yen,20.6464,106.0511,25.5,81,16.1,78,1013.9,0
2022-10-26,Hung_Yen,20.6464,106.0511,25.0,83,13.2,52,1012.8,1
2022-10-27,Hung_Yen,20.6464,106.0511,25.1,83,14.1,54,1012.4,0
2022-10-28,Hung_Yen,20.6464,106.0511,24.7,81,13.1,18,1013.0,1
2022-10-29,Hung_Yen,20.6464,106.0511,24.8,79,11.8,36,1012.9,0
2022-10-30,Hung_Yen,20.6464,106.0511,24.8,72,17.7,34,1011.9,0
2022-10-31,Hung_Yen,20.6464,106.0511,24.4,55,26.4,79,1012.7,0
2022-11-01,Hung_Yen,20.6464,106.0511,22.6,58,24.9,82,1012.2,0
2022-11-02,Hung_Yen,20.6464,106.0511,22.0,64,12.3,58,1010.4,0
2022-11-03,Hung_Yen,20.6464,106.0511,22.5,71,12.8,56,1011.4,0
2022-11-04,Hung_Yen,20.6464,106.0511,23.9,72,14.3,48,1014.2,0
2022-11-05,Hung_Yen,20.6464,106.0511,23.1,75,16.9,3,1016.3,0
2022-11-06,Hung_Yen,20.6464,106.0511,22.5,76,10.3,1,1015.7,0
2022-11-07,Hung_Yen,20.6464,106.0511,22.7,80,10.6,33,1014.6,0
2022-11-08,Hung_Yen,20.6464,106.0511,23.2,78,11.8,4,1014.5,0
2022-11-09,Hung_Yen,20.6464,106.0511,23.3,82,11.5,30,1014.3,1
2022-11-10,Hung_Yen,20.6464,106.0511,23.9,85,9.8,55,1013.7,1
2022-11-11,Hung_Yen,20.6464,106.0511,24.7,86,15.3,48,1012.9,1
2022-11-12,Hung_Yen,20.6464,106.0511,25.1,84,14.0,40,1011.8,1
2022-11-13,Hung_Yen,20.6464,106.0511,24.5,88,10.8,56,1012.6,1
2022-11-14,Hung_Yen,20.6464,106.0511,24.9,86,12.0,57,1012.6,1
2022-11-15,Hung_Yen,20.6464,106.0511,25.0,87,18.3,57,1011.6,1
2022-11-16,Hung_Yen,20.6464,106.0511,25.7,84,13.3,50,1010.0,1
2022-11-17,Hung_Yen,20.6464,106.0511,25.8,84,13.4,26,1009.7,1
2022-11-18,Hung_Yen,20.6464,106.0511,26.0,85,10.7,48,1010.9,1
2022-11-19,Hung_Yen,20.6464,106.0511,25.7,83,14.4,73,1011.8,1
2022-11-20,Hung_Yen,20.6464,106.0511,24.8,77,14.1,43,1010.9,0
2022-11-21,Hung_Yen,20.6464,106.0511,24.8,79,11.2,63,1009.5,0
2022-11-22,Hung_Yen,20.6464,106.0511,25.5,78,17.3,89,1009.0,1
2022-11-23,Hung_Yen,20.6464,106.0511,24.6,89,10.1,100,1010.0,1
2022-11-24,Hung_Yen,20.6464,106.0511,23.0,94,11.3,100,1011.3,1
2022-11-25,Hung_Yen,20.6464,106.0511,23.1,95,9.1,100,1012.2,1
2022-11-26,Hung_Yen,20.6464,106.0511,23.8,93,14.5,94,1010.7,1
2022-11-27,Hung_Yen,20.6464,106.0511,25.9,86,22.0,52,1006.9,1
2022-11-28,Hung_Yen,20.6464,106.0511,27.1,85,18.4,44,1006.3,0
2022-11-29,Hung_Yen,20.6464,106.0511,27.1,87,15.9,33,1007.9,1
2022-11-30,Hung_Yen,20.6464,106.0511,25.0,86,19.9,90,1012.2,1
2022-12-01,Hung_Yen,20.6464,106.0511,15.3,70,21.8,100,1018.4,1
2022-12-02,Hung_Yen,20.6464,106.0511,13.4,68,18.9,99,1018.8,1
2022-12-03,Hung_Yen,20.6464,106.0511,16.9,71,10.2,100,1015.4,0
2022-12-04,Hung_Yen,20.6464,106.0511,17.2,77,15.0,100,1016.7,1
2022-12-05,Hung_Yen,20.6464,106.0511,15.6,68,20.2,85,1019.8,1
2022-12-06,Hung_Yen,20.6464,106.0511,15.9,70,10.1,18,1017.4,0
2022-12-07,Hung_Yen,20.6464,106.0511,17.0,71,14.8,100,1016.8,0
2022-12-08,Hung_Yen,20.6464,106.0511,17.8,73,10.4,100,1016.4,0
2022-12-09,Hung_Yen,20.6464,106.0511,17.6,77,10.6,98,1015.0,0
2022-12-10,Hung_Yen,20.6464,106.0511,17.7,81,11.6,100,1014.5,1
2022-12-11,Hung_Yen,20.6464,106.0511,17.1,75,12.2,87,1016.1,1
2022-12-12,Hung_Yen,20.6464,106.0511,17.5,61,15.2,50,1018.2,0
2022-12-13,Hung_Yen,20.6464,106.0511,15.8,65,8.9,0,1018.1,0
2022-12-14,Hung_Yen,20.6464,106.0511,15.6,62,15.6,21,1019.6,0
2022-12-15,Hung_Yen,20.6464,106.0511,15.4,72,12.6,3,1015.3,0
2022-12-16,Hung_Yen,20.6464,106.0511,17.3,75,11.2,42,1015.3,0
2022-12-17,Hung_Yen,20.6464,106.0511,16.5,43,25.3,100,1024.5,0
2022-12-18,Hung_Yen,20.6464,106.0511,14.8,37,20.4,82,1024.9,0
2022-12-19,Hung_Yen,20.6464,106.0511,13.1,59,9.1,12,1018.9,0
2022-12-20,Hung_Yen,20.6464,106.0511,16.0,73,10.9,75,1015.2,0
2022-12-21,Hung_Yen,20.6464,106.0511,17.8,55,17.3,58,1016.3,1
2022-12-22,Hung_Yen,20.6464,106.0511,16.7,66,13.1,38,1014.7,0
2022-12-23,Hung_Yen,20.6464,106.0511,18.2,61,14.8,55,1015.8,0
2022-12-24,Hung_Yen,20.6464,106.0511,17.5,57,15.5,51,1018.2,0
2022-12-25,Hung_Yen,20.6464,106.0511,17.5,71,13.5,7,1017.9,0
2022-12-26,Hung_Yen,20.6464,106.0511,17.9,85,14.8,53,1018.3,1
2022-12-27,Hung_Yen,20.6464,106.0511,19.1,78,17.3,71,1017.8,0
2022-12-28,Hung_Yen,20.6464,106.0511,16.2,74,23.7,97,1020.0,1
2022-12-29,Hung_Yen,20.6464,106.0511,13.8,58,19.1,95,1023.9,0
2022-12-30,Hung_Yen,20.6464,106.0511,13.4,60,17.4,82,1024.7,0
2022-12-31,Hung_Yen,20.6464,106.0511,14.8,64,11.0,34,1023.1,0
2023-01-01,Hung_Yen,20.6464,106.0511,15.2,66,12.7,40,1021.8,0
2023-01-02,Hung_Yen,20.6464,106.0511,15.5,81,12.6,94,1022.4,1
2023-01-03,Hung_Yen,20.6464,106.0511,15.3,77,15.2,98,1022.8,1
2023-01-04,Hung_Yen,20.6464,106.0511,17.8,70,11.4,94,1020.6,0
2023-01-05,Hung_Yen,20.6464,106.0511,18.3,78,12.4,97,1021.0,1
2023-01-06,Hung_Yen,20.6464,106.0511,19.4,62,23.8,44,1022.4,1
2023-01-07,Hung_Yen,20.6464,106.0511,17.6,59,14.4,52,1018.8,1
2023-01-08,Hung_Yen,20.6464,106.0511,18.2,71,11.6,86,1017.2,0
2023-01-09,Hung_Yen,20.6464,106.0511,19.4,77,8.7,100,1017.2,1
2023-01-10,Hung_Yen,20.6464,106.0511,19.1,91,13.0,100,1016.1,1
2023-01-11,Hung_Yen,20.6464,106.0511,19.3,90,9.2,91,1013.3,1
2023-01-12,Hung_Yen,20.6464,106.0511,19.4,90,12.1,67,1010.1,1
2023-01-13,Hung_Yen,20.6464,106.0511,22.1,83,14.8,39,1006.6,0
2023-01-14,Hung_Yen,20.6464,106.0511,23.0,76,13.2,6,1004.5,0
2023-01-15,Hung_Yen,20.6464,106.0511,19.0,68,21.9,79,1012.0,1
2023-01-16,Hung_Yen,20.6464,106.0511,13.1,51,19.9,100,1020.2,0
2023-01-17,Hung_Yen,20.6464,106.0511,13.2,54,13.4,100,1022.1,0
2023-01-18,Hung_Yen,20.6464,106.0511,13.7,51,15.5,66,1023.2,0
2023-01-19,Hung_Yen,20.6464,106.0511,14.0,66,8.3,68,1021.1,0
2023-01-20,Hung_Yen,20.6464,106.0511,15.6,60,10.2,58,1019.8,0
2023-01-21,Hung_Yen,20.6464,106.0511,15.8,76,14.3,19,1015.9,0
2023-01-22,Hung_Yen,20.6464,106.0511,17.4,89,8.5,58,1013.0,0
2023-01-23,Hung_Yen,20.6464,106.0511,19.5,86,21.3,93,1013.6,1
2023-01-24,Hung_Yen,20.6464,106.0511,15.2,50,26.7,63,1023.7,1
2023-01-25,Hung_Yen,20.6464,106.0511,13.2,60,14.3,13,1019.4,0
2023-01-26,Hung_Yen,20.6464,106.0511,16.2,77,16.6,49,1014.7,0
2023-01-27,Hung_Yen,20.6464,106.0511,15.1,61,23.1,79,1021.9,1
2023-01-28,Hung_Yen,20.6464,106.0511,13.1,49,19.0,15,1022.6,0
2023-01-29,Hung_Yen,20.6464,106.0511,13.4,52,11.6,0,1022.3,0
2023-01-30,Hung_Yen,20.6464,106.0511,14.3,62,16.6,0,1019.5,0
2023-01-31,Hung_Yen,20.6464,106.0511,15.1,75,17.7,0,1013.5,0
2023-02-01,Hung_Yen,20.6464,106.0511,18.2,82,18.6,48,1010.8,0
2023-02-02,Hung_Yen,20.6464,106.0511,20.9,88,14.6,89,1013.4,1
2023-02-03,Hung_Yen,20.6464,106.0511,19.5,95,12.1,100,1013.6,1
2023-02-04,Hung_Yen,20.6464,106.0511,20.5,93,15.3,100,1011.3,1
2023-02-05,Hung_Yen,20.6464,106.0511,20.2,92,15.3,100,1010.3,1
2023-02-06,Hung_Yen,20.6464,106.0511,20.2,92,14.9,100,1009.6,1
2023-02-07,Hung_Yen,20.6464,106.0511,21.1,90,18.5,100,1010.1,1
2023-02-08,Hung_Yen,20.6464,106.0511,21.8,91,19.6,100,1010.0,1
2023-02-09,Hung_Yen,20.6464,106.0511,22.4,93,16.7,95,1010.5,1
2023-02-10,Hung_Yen,20.6464,106.0511,23.1,87,22.5,98,1009.8,1
2023-02-11,Hung_Yen,20.6464,106.0511,23.6,88,23.6,67,1007.2,1
2023-02-12,Hung_Yen,20.6464,106.0511,24.5,84,18.7,26,1005.8,0
2023-02-13,Hung_Yen,20.6464,106.0511,24.3,83,19.1,41,1008.1,0
2023-02-14,Hung_Yen,20.6464,106.0511,17.8,68,20.6,100,1016.5,1
2023-02-15,Hung_Yen,20.6464,106.0511,16.5,64,14.4,100,1020.7,1
2023-02-16,Hung_Yen,20.6464,106.0511,16.9,71,11.2,88,1021.2,0
2023-02-17,Hung_Yen,20.6464,106.0511,17.3,79,13.0,78,1017.9,0
2023-02-18,Hung_Yen,20.6464,106.0511,19.3,84,17.5,88,1014.8,1
2023-02-19,Hung_Yen,20.6464,106.0511,20.0,82,12.2,92,1016.9,1
2023-02-20,Hung_Yen,20.6464,106.0511,20.2,66,14.8,56,1016.9,0
2023-02-21,Hung_Yen,20.6464,106.0511,19.6,78,17.3,39,1017.7,0
2023-02-22,Hung_Yen,20.6464,106.0511,19.7,76,18.3,70,1017.6,0
2023-02-23,Hung_Yen,20.6464,106.0511,19.7,81,15.6,58,1014.7,1
2023-02-24,Hung_Yen,20.6464,106.0511,19.2,77,15.5,100,1017.9,1
2023-02-25,Hung_Yen,20.6464,106.0511,18.8,51,19.1,39,1024.3,0
2023-02-26,Hung_Yen,20.6464,106.0511,16.9,63,16.0,1,1026.2,0
2023-02-27,Hung_Yen,20.6464,106.0511,16.9,71,15.1,35,1023.4,0
2023-02-28,Hung_Yen,20.6464,106.0511,17.6,81,14.7,32,1020.0,1
2023-03-01,Hung_Yen,20.6464,106.0511,18.8,84,12.1,73,1019.4,1
2023-03-02,Hung_Yen,20.6464,106.0511,20.8,73,15.9,35,1020.5,0
2023-03-03,Hung_Yen,20.6464,106.0511,19.6,81,16.3,46,1020.9,1
2023-03-04,Hung_Yen,20.6464,106.0511,19.9,76,13.1,53,1022.0,0
2023-03-05,Hung_Yen,20.6464,106.0511,20.1,74,13.1,28,1020.0,0
2023-03-06,Hung_Yen,20.6464,106.0511,20.3,80,15.8,42,1017.4,0
2023-03-07,Hung_Yen,20.6464,106.0511,21.5,76,20.6,69,1016.2,0
2023-03-08,Hung_Yen,20.6464,106.0511,21.6,81,12.0,80,1016.4,1
2023-03-09,Hung_Yen,20.6464,106.0511,22.6,78,15.2,61,1016.0,1
2023-03-10,Hung_Yen,20.6464,106.0511,22.4,78,18.0,28,1012.9,0
2023-03-11,Hung_Yen,20.6464,106.0511,22.2,81,15.4,88,1014.0,1
2023-03-12,Hung_Yen,20.6464,106.0511,22.8,79,18.1,97,1016.3,1
2023-03-13,Hung_Yen,20.6464,106.0511,18.8,58,20.5,100,1019.5,1
2023-03-14,Hung_Yen,20.6464,106.0511,20.3,68,18.6,35,1012.5,0
2023-03-15,Hung_Yen,20.6464,106.0511,21.4,85,18.8,80,1012.2,1
2023-03-16,Hung_Yen,20.6464,106.0511,23.3,78,19.1,79,1013.5,1
2023-03-17,Hung_Yen,20.6464,106.0511,23.3,82,17.2,77,1012.2,1
2023-03-18,Hung_Yen,20.6464,106.0511,23.5,80,18.0,77,1011.0,1
2023-03-19,Hung_Yen,20.6464,106.0511,23.5,81,21.2,94,1009.4,1
2023-03-20,Hung_Yen,20.6464,106.0511,24.2,85,19.5,75,1006.3,1
2023-03-21,Hung_Yen,20.6464,106.0511,26.8,80,15.9,72,1003.1,0
2023-03-22,Hung_Yen,20.6464,106.0511,28.6,72,16.1,35,1000.7,0
2023-03-23,Hung_Yen,20.6464,106.0511,28.8,71,14.3,7,1000.6,0
2023-03-24,Hung_Yen,20.6464,106.0511,27.5,76,19.5,10,1003.3,0
2023-03-25,Hung_Yen,20.6464,106.0511,24.7,86,19.2,94,1007.4,1
2023-03-26,Hung_Yen,20.6464,106.0511,21.9,81,17.0,99,1009.7,1
2023-03-27,Hung_Yen,20.6464,106.0511,19.1,82,16.9,100,1012.5,1
2023-03-28,Hung_Yen,20.6464,106.0511,19.3,80,10.1,100,1014.0,1
2023-03-29,Hung_Yen,20.6464,106.0511,20.5,81,10.8,98,1012.2,1
2023-03-30,Hung_Yen,20.6464,106.0511,20.6,84,9.1,97,1010.1,1
2023-03-31,Hung_Yen,20.6464,106.0511,21.8,86,11.6,100,1009.1,1
2023-04-01,Hung_Yen,20.6464,106.0511,23.2,91,12.0,100,1007.3,1
2023-04-02,Hung_Yen,20.6464,106.0511,25.6,88,19.2,66,1004.5,1
2023-04-03,Hung_Yen,20.6464,106.0511,26.7,82,18.7,14,1002.6,0
2023-04-04,Hung_Yen,20.6464,106.0511,27.3,82,16.7,34,1001.4,0
2023-04-05,Hung_Yen,20.6464,106.0511,27.2,81,14.6,22,1002.2,0
2023-04-06,Hung_Yen,20.6464,106.0511,26.5,81,19.3,67,1006.2,1
2023-04-07,Hung_Yen,20.6464,106.0511,24.0,68,13.8,100,1012.3,1
2023-04-08,Hung_Yen,20.6464,106.0511,20.5,87,15.8,100,1016.3,1
2023-04-09,Hung_Yen,20.6464,106.0511,19.9,85,10.0,100,1014.6,1
2023-04-10,Hung_Yen,20.6464,106.0511,22.3,87,10.4,87,1009.4,1
2023-04-11,Hung_Yen,20.6464,106.0511,24.7,92,14.3,97,1006.8,1
2023-04-12,Hung_Yen,20.6464,106.0511,25.2,90,15.9,96,1007.4,1
2023-04-13,Hung_Yen,20.6464,106.0511,25.5,91,21.6,100,1006.5,1
2023-04-14,Hung_Yen,20.6464,106.0511,26.0,90,15.8,97,1005.9,1
2023-04-15,Hung_Yen,20.6464,106.0511,24.5,93,17.3,84,1008.7,1
2023-04-16,Hung_Yen,20.6464,106.0511,25.0,84,12.4,90,1007.1,0
2023-04-17,Hung_Yen,20.6464,106.0511,25.6,88,18.4,70,1004.9,1
2023-04-18,Hung_Yen,20.6464,106.0511,27.5,86,16.2,41,1002.4,1
2023-04-19,Hung_Yen,20.6464,106.0511,27.8,84,14.2,12,999.4,0
2023-04-20,Hung_Yen,20.6464,106.0511,27.2,86,17.8,33,998.7,1
2023-04-21,Hung_Yen,20.6464,106.0511,27.8,85,16.9,30,999.3,1
2023-04-22,Hung_Yen,20.6464,106.0511,28.3,83,16.2,7,1001.2,0
2023-04-23,Hung_Yen,20.6464,106.0511,28.2,84,16.9,48,1004.9,1
2023-04-24,Hung_Yen,20.6464,106.0511,27.2,86,18.9,83,1008.2,1
2023-04-25,Hung_Yen,20.6464,106.0511,22.9,79,20.5,100,1011.7,1
2023-04-26,Hung_Yen,20.6464,106.0511,22.5,74,10.1,90,1012.0,1
2023-04-27,Hung_Yen,20.6464,106.0511,24.2,81,20.6,63,1009.2,0
2023-04-28,Hung_Yen,20.6464,106.0511,26.5,85,23.1,68,1007.9,1
2023-04-29,Hung_Yen,20.6464,106.0511,25.2,87,19.8,96,1009.1,1
2023-04-30,Hung_Yen,20.6464,106.0511,22.1,77,11.4,82,1011.3,1
2023-05-01,Hung_Yen,20.6464,106.0511,23.7,78,17.7,19,1009.7,0
2023-05-02,Hung_Yen,20.6464,106.0511,25.6,84,22.5,52,1009.0,1
2023-05-03,Hung_Yen,20.6464,106.0511,27.2,84,22.2,51,1007.4,1
2023-05-04,Hung_Yen,20.6464,106.0511,28.6,82,25.6,33,1002.0,0
2023-05-05,Hung_Yen,20.6464,106.0511,30.9,74,22.5,3,997.0,0
2023-05-06,Hung_Yen,20.6464,106.0511,32.4,69,18.0,15,995.9,0
2023-05-07,Hung_Yen,20.6464,106.0511,30.5,78,20.2,32,999.1,0
2023-05-08,Hung_Yen,20.6464,106.0511,26.0,86,13.8,100,1006.3,1
2023-05-09,Hung_Yen,20.6464,106.0511,25.3,84,18.7,79,1008.1,1
2023-05-10,Hung_Yen,20.6464,106.0511,26.9,88,13.4,73,1007.4,1
2023-05-11,Hung_Yen,20.6464,106.0511,25.4,93,12.6,99,1009.7,1
2023-05-12,Hung_Yen,20.6464,106.0511,23.6,79,17.3,100,1011.8,1
2023-05-13,Hung_Yen,20.6464,106.0511,22.1,82,17.4,97,1011.5,1
2023-05-14,Hung_Yen,20.6464,106.0511,23.6,75,12.9,78,1010.0,0
2023-05-15,Hung_Yen,20.6464,106.0511,25.4,82,14.0,84,1007.2,0
2023-05-16,Hung_Yen,20.6464,106.0511,28.8,81,15.1,68,1002.8,0
2023-05-17,Hung_Yen,20.6464,106.0511,31.0,66,16.6,35,1001.1,0
2023-05-18,Hung_Yen,20.6464,106.0511,31.0,67,13.8,35,1001.1,0
2023-05-19,Hung_Yen,20.6464,106.0511,30.3,76,14.1,8,1001.2,1
2023-05-20,Hung_Yen,20.6464,106.0511,30.8,77,15.1,16,1001.6,0
2023-05-21,Hung_Yen,20.6464,106.0511,31.7,74,19.6,19,1002.2,0
2023-05-22,Hung_Yen,20.6464,106.0511,32.2,73,19.8,23,1001.8,0
2023-05-23,Hung_Yen,20.6464,106.0511,29.3,82,22.0,80,1003.3,1
2023-05-24,Hung_Yen,20.6464,106.0511,27.9,87,15.3,99,1004.6,1
2023-05-25,Hung_Yen,20.6464,106.0511,27.3,91,11.2,100,1005.2,1
2023-05-26,Hung_Yen,20.6464,106.0511,28.7,83,17.8,80,1005.8,1
2023-05-27,Hung_Yen,20.6464,106.0511,28.8,82,14.9,49,1004.8,1
2023-05-28,Hung_Yen,20.6464,106.0511,28.5,83,13.0,59,1005.6,1
2023-05-29,Hung_Yen,20.6464,106.0511,28.9,84,12.9,23,1005.8,1
2023-05-30,Hung_Yen,20.6464,106.0511,29.8,79,13.2,3,1004.0,0
2023-05-31,Hung_Yen,20.6464,106.0511,30.0,80,15.6,9,1001.2,0
2023-06-01,Hung_Yen,20.6464,106.0511,31.2,79,18.1,53,999.0,0
2023-06-02,Hung_Yen,20.6464,106.0511,32.0,75,17.8,65,999.8,0
2023-06-03,Hung_Yen,20.6464,106.0511,30.2,81,14.9,54,1002.6,1
2023-06-04,Hung_Yen,20.6464,106.0511,29.5,85,12.3,88,1003.1,1
2023-06-05,Hung_Yen,20.6464,106.0511,29.0,84,10.3,93,1003.1,1
2023-06-06,Hung_Yen,20.6464,106.0511,28.1,85,9.2,96,1003.5,1
2023-06-07,Hung_Yen,20.6464,106.0511,28.5,82,12.6,95,1003.3,1
2023-06-08,Hung_Yen,20.6464,106.0511,29.2,85,17.1,98,1002.1,1
2023-06-09,Hung_Yen,20.6464,106.0511,27.9,82,16.5,90,1001.2,1
2023-06-10,Hung_Yen,20.6464,106.0511,29.7,78,9.9,84,999.4,1
2023-06-11,Hung_Yen,20.6464,106.0511,30.2,82,15.8,82,999.1,1
2023-06-12,Hung_Yen,20.6464,106.0511,29.7,84,9.9,94,999.7,1
2023-06-13,Hung_Yen,20.6464,106.0511,28.6,85,10.4,100,1000.1,1
2023-06-14,Hung_Yen,20.6464,106.0511,27.7,87,9.3,98,1002.4,1
2023-06-15,Hung_Yen,20.6464,106.0511,28.8,86,12.1,100,1001.7,1
2023-06-16,Hung_Yen,20.6464,106.0511,30.2,82,15.5,100,1000.1,1
2023-06-17,Hung_Yen,20.6464,106.0511,30.7,77,15.5,100,1000.9,1
2023-06-18,Hung_Yen,20.6464,106.0511,29.4,82,14.5,100,1001.6,1
2023-06-19,Hung_Yen,20.6464,106.0511,29.9,79,14.4,99,1001.1,1
2023-06-20,Hung_Yen,20.6464,106.0511,30.7,77,11.1,95,1001.0,1
2023-06-21,Hung_Yen,20.6464,106.0511,30.8,80,11.0,92,1001.8,1
2023-06-22,Hung_Yen,20.6464,106.0511,30.2,84,8.4,98,1001.7,1
2023-06-23,Hung_Yen,20.6464,106.0511,28.7,86,14.1,100,1001.7,1
2023-06-24,Hung_Yen,20.6464,106.0511,26.9,93,8.4,100,1002.0,1
2023-06-25,Hung_Yen,20.6464,106.0511,26.2,91,8.6,100,1003.3,1
2023-06-26,Hung_Yen,20.6464,106.0511,25.7,92,10.4,95,1004.3,1
2023-06-27,Hung_Yen,20.6464,106.0511,27.0,87,13.2,99,1005.2,1
2023-06-28,Hung_Yen,20.6464,106.0511,28.7,82,19.5,36,1005.6,1
2023-06-29,Hung_Yen,20.6464,106.0511,29.9,80,15.6,45,1002.5,1
2023-06-30,Hung_Yen,20.6464,106.0511,31.3,77,15.5,73,999.9,1
2023-07-01,Hung_Yen,20.6464,106.0511,31.9,73,18.0,85,999.8,0
2023-07-02,Hung_Yen,20.6464,106.0511,31.5,73,16.8,98,1000.8,1
2023-07-03,Hung_Yen,20.6464,106.0511,30.9,75,17.4,100,1001.5,1
2023-07-04,Hung_Yen,20.6464,106.0511,30.8,72,15.9,73,1002.1,1
2023-07-05,Hung_Yen,20.6464,106.0511,30.1,79,12.9,31,1002.4,1
2023-07-06,Hung_Yen,20.6464,106.0511,31.2,75,19.0,26,1002.6,0
2023-07-07,Hung_Yen,20.6464,106.0511,32.0,72,19.5,35,1002.8,0
2023-07-08,Hung_Yen,20.6464,106.0511,31.2,76,20.2,66,1004.1,1
2023-07-09,Hung_Yen,20.6464,106.0511,30.7,77,18.7,75,1004.5,1
2023-07-10,Hung_Yen,20.6464,106.0511,31.1,74,17.3,91,1003.7,0
2023-07-11,Hung_Yen,20.6464,106.0511,31.5,72,17.7,46,1002.8,0
2023-07-12,Hung_Yen,20.6464,106.0511,32.1,68,15.9,37,1002.2,0
2023-07-13,Hung_Yen,20.6464,106.0511,32.2,67,14.3,48,1001.1,0
2023-07-14,Hung_Yen,20.6464,106.0511,31.4,74,12.7,75,1000.8,1
2023-07-15,Hung_Yen,20.6464,106.0511,29.7,81,16.1,95,1000.5,1
2023-07-16,Hung_Yen,20.6464,106.0511,30.1,76,17.4,97,998.3,1
2023-07-17,Hung_Yen,20.6464,106.0511,32.0,61,22.0,100,996.1,0
2023-07-18,Hung_Yen,20.6464,106.0511,29.1,66,25.5,100,996.5,1
2023-07-19,Hung_Yen,20.6464,106.0511,26.9,88,14.6,98,1001.2,1
2023-07-20,Hung_Yen,20.6464,106.0511,27.1,89,7.7,99,1004.0,1
2023-07-21,Hung_Yen,20.6464,106.0511,28.4,86,8.3,77,1006.3,1
2023-07-22,Hung_Yen,20.6464,106.0511,29.1,83,11.6,76,1007.4,1
2023-07-23,Hung_Yen,20.6464,106.0511,29.8,80,13.2,31,1005.9,1
2023-07-24,Hung_Yen,20.6464,106.0511,29.8,78,15.2,70,1004.1,1
2023-07-25,Hung_Yen,20.6464,106.0511,29.9,77,13.6,66,1003.8,1
2023-07-26,Hung_Yen,20.6464,106.0511,30.7,75,18.2,64,1001.8,0
2023-07-27,Hung_Yen,20.6464,106.0511,31.1,80,11.6,88,998.4,1
2023-07-28,Hung_Yen,20.6464,106.0511,30.2,80,14.1,100,996.6,1
2023-07-29,Hung_Yen,20.6464,106.0511,29.7,80,13.6,93,998.2,1
2023-07-30,Hung_Yen,20.6464,106.0511,29.2,84,11.9,97,999.4,1
2023-07-31,Hung_Yen,20.6464,106.0511,28.0,89,10.7,100,1001.1,1
2023-08-01,Hung_Yen,20.6464,106.0511,28.0,89,12.9,100,1001.0,1
2023-08-02,Hung_Yen,20.6464,106.0511,27.1,91,15.2,100,1000.2,1
2023-08-03,Hung_Yen,20.6464,106.0511,27.3,91,10.9,100,999.2,1
2023-08-04,Hung_Yen,20.6464,106.0511,27.3,90,15.0,100,1000.3,1
2023-08-05,Hung_Yen,20.6464,106.0511,27.3,89,17.1,100,999.6,1
2023-08-06,Hung_Yen,20.6464,106.0511,28.3,82,14.4,100,997.0,1
2023-08-07,Hung_Yen,20.6464,106.0511,28.0,82,17.9,91,996.5,1
2023-08-08,Hung_Yen,20.6464,106.0511,28.5,82,14.9,86,998.6,1
2023-08-09,Hung_Yen,20.6464,106.0511,29.7,80,9.1,85,1000.6,1
2023-08-10,Hung_Yen,20.6464,106.0511,28.9,89,10.5,100,1001.5,1
2023-08-11,Hung_Yen,20.6464,106.0511,27.8,92,9.4,97,1000.3,1
2023-08-12,Hung_Yen,20.6464,106.0511,27.8,90,9.4,97,999.7,1
2023-08-13,Hung_Yen,20.6464,106.0511,28.0,89,13.4,95,1000.3,1
2023-08-14,Hung_Yen,20.6464,106.0511,27.8,91,5.9,99,1000.8,1
2023-08-15,Hung_Yen,20.6464,106.0511,27.9,89,8.7,99,1002.3,1
2023-08-16,Hung_Yen,20.6464,106.0511,28.8,89,11.6,79,1003.2,1
2023-08-17,Hung_Yen,20.6464,106.0511,30.4,84,8.7,69,1002.7,1
2023-08-18,Hung_Yen,20.6464,106.0511,30.5,82,13.4,93,1001.1,1
2023-08-19,Hung_Yen,20.6464,106.0511,27.9,90,9.0,100,1002.8,1
2023-08-20,Hung_Yen,20.6464,106.0511,27.0,93,9.7,100,1003.7,1
2023-08-21,Hung_Yen,20.6464,106.0511,28.5,87,12.6,94,1004.0,1
2023-08-22,Hung_Yen,20.6464,106.0511,28.9,87,10.3,100,1002.7,1
2023-08-23,Hung_Yen,20.6464,106.0511,29.3,87,10.4,100,1000.9,1
2023-08-24,Hung_Yen,20.6464,106.0511,27.4,91,10.6,100,1002.5,1
2023-08-25,Hung_Yen,20.6464,106.0511,27.8,90,11.0,98,1002.8,1
2023-08-26,Hung_Yen,20.6464,106.0511,29.0,87,10.6,87,1000.5,1
2023-08-27,Hung_Yen,20.6464,106.0511,30.1,81,11.2,97,998.0,0
2023-08-28,Hung_Yen,20.6464,106.0511,27.7,85,21.3,100,1000.3,1
2023-08-29,Hung_Yen,20.6464,106.0511,28.2,75,20.2,82,1002.5,0
2023-08-30,Hung_Yen,20.6464,106.0511,27.9,71,21.5,67,1004.7,0
2023-08-31,Hung_Yen,20.6464,106.0511,28.1,71,18.1,35,1004.5,0
2023-09-01,Hung_Yen,20.6464,106.0511,28.4,74,17.7,21,1003.3,1
2023-09-02,Hung_Yen,20.6464,106.0511,29.6,71,19.3,51,1001.1,0
2023-09-03,Hung_Yen,20.6464,106.0511,26.8,75,23.7,98,1001.2,1
2023-09-04,Hung_Yen,20.6464,106.0511,26.1,81,16.6,84,1002.9,1
2023-09-05,Hung_Yen,20.6464,106.0511,27.9,81,14.6,89,1004.1,1
2023-09-06,Hung_Yen,20.6464,106.0511,28.6,84,12.9,98,1004.8,1
2023-09-07,Hung_Yen,20.6464,106.0511,29.6,80,13.5,79,1004.5,1
2023-09-08,Hung_Yen,20.6464,106.0511,28.4,85,13.8,88,1004.4,1
2023-09-09,Hung_Yen,20.6464,106.0511,27.8,87,14.6,100,1003.1,1
2023-09-10,Hung_Yen,20.6464,106.0511,27.6,89,9.0,99,1002.3,1
2023-09-11,Hung_Yen,20.6464,106.0511,27.4,92,9.5,100,1001.4,1
2023-09-12,Hung_Yen,20.6464,106.0511,27.4,92,11.0,100,1001.7,1
2023-09-13,Hung_Yen,20.6464,106.0511,26.4,85,22.3,99,1003.0,1
2023-09-14,Hung_Yen,20.6464,106.0511,24.4,90,18.9,100,1004.8,1
2023-09-15,Hung_Yen,20.6464,106.0511,24.3,93,18.2,99,1006.1,1
2023-09-16,Hung_Yen,20.6464,106.0511,25.5,93,9.0,95,1007.2,1
2023-09-17,Hung_Yen,20.6464,106.0511,26.3,91,10.5,100,1006.8,1
2023-09-18,Hung_Yen,20.6464,106.0511,27.2,89,10.7,90,1007.2,1
2023-09-19,Hung_Yen,20.6464,106.0511,27.7,87,11.9,79,1007.7,1
2023-09-20,Hung_Yen,20.6464,106.0511,28.3,87,10.9,23,1007.3,1
2023-09-21,Hung_Yen,20.6464,106.0511,28.6,85,10.1,12,1007.6,1
2023-09-22,Hung_Yen,20.6464,106.0511,28.3,86,10.2,47,1007.4,1
2023-09-23,Hung_Yen,20.6464,106.0511,28.4,84,10.6,34,1007.4,1
2023-09-24,Hung_Yen,20.6464,106.0511,27.3,89,10.0,59,1006.7,1
2023-09-25,Hung_Yen,20.6464,106.0511,27.0,88,13.8,81,1006.4,1
2023-09-26,Hung_Yen,20.6464,106.0511,25.3,94,17.1,98,1006.1,1
2023-09-27,Hung_Yen,20.6464,106.0511,25.6,93,15.5,100,1006.5,1
2023-09-28,Hung_Yen,20.6464,106.0511,25.5,93,11.9,99,1009.0,1
2023-09-29,Hung_Yen,20.6464,106.0511,26.4,90,11.5,98,1009.9,1
2023-09-30,Hung_Yen,20.6464,106.0511,27.0,89,11.8,69,1008.8,1
2023-10-01,Hung_Yen,20.6464,106.0511,28.0,83,10.9,19,1007.1,0
2023-10-02,Hung_Yen,20.6464,106.0511,27.6,85,11.2,49,1008.1,1
2023-10-03,Hung_Yen,20.6464,106.0511,28.1,83,9.3,48,1008.2,1
2023-10-04,Hung_Yen,20.6464,106.0511,28.9,81,13.5,21,1007.6,0
2023-10-05,Hung_Yen,20.6464,106.0511,28.8,82,10.4,12,1006.3,1
2023-10-06,Hung_Yen,20.6464,106.0511,28.5,85,11.4,56,1006.4,1
2023-10-07,Hung_Yen,20.6464,106.0511,26.4,83,16.4,97,1008.9,1
2023-10-08,Hung_Yen,20.6464,106.0511,25.6,68,18.2,48,1011.6,0
2023-10-09,Hung_Yen,20.6464,106.0511,25.7,66,18.7,81,1012.9,0
2023-10-10,Hung_Yen,20.6464,106.0511,25.4,66,21.3,96,1014.1,0
2023-10-11,Hung_Yen,20.6464,106.0511,25.3,69,18.2,98,1014.7,0
2023-10-12,Hung_Yen,20.6464,106.0511,24.0,80,13.3,88,1015.2,1
2023-10-13,Hung_Yen,20.6464,106.0511,25.3,79,11.7,50,1013.6,1
2023-10-14,Hung_Yen,20.6464,106.0511,25.9,75,14.6,55,1011.5,0
2023-10-15,Hung_Yen,20.6464,106.0511,24.8,70,15.6,69,1011.4,0
2023-10-16,Hung_Yen,20.6464,106.0511,25.5,72,13.6,71,1012.0,0
2023-10-17,Hung_Yen,20.6464,106.0511,25.9,76,11.3,73,1011.6,0
2023-10-18,Hung_Yen,20.6464,106.0511,26.6,74,13.4,89,1010.4,0
2023-10-19,Hung_Yen,20.6464,106.0511,27.5,75,21.5,98,1008.9,0
2023-10-20,Hung_Yen,20.6464,106.0511,27.4,60,27.5,87,1012.6,0
2023-10-21,Hung_Yen,20.6464,106.0511,24.2,53,20.2,92,1016.2,0
2023-10-22,Hung_Yen,20.6464,106.0511,23.7,69,15.2,65,1016.1,0
2023-10-23,Hung_Yen,20.6464,106.0511,24.0,81,9.0,64,1014.7,0
2023-10-24,Hung_Yen,20.6464,106.0511,25.7,78,13.7,43,1013.4,0
2023-10-25,Hung_Yen,20.6464,106.0511,26.9,73,15.0,62,1012.4,0
2023-10-26,Hung_Yen,20.6464,106.0511,26.9,75,11.4,59,1011.3,0
2023-10-27,Hung_Yen,20.6464,106.0511,26.9,79,13.0,55,1010.6,1
2023-10-28,Hung_Yen,20.6464,106.0511,25.6,88,10.5,95,1011.5,1
2023-10-29,Hung_Yen,20.6464,106.0511,24.0,91,14.7,100,1012.8,1
2023-10-30,Hung_Yen,20.6464,106.0511,24.2,79,15.0,98,1015.1,1
2023-10-31,Hung_Yen,20.6464,106.0511,24.6,77,11.9,54,1015.9,0
2023-11-01,Hung_Yen,20.6464,106.0511,24.6,79,11.5,13,1015.0,0
2023-11-02,Hung_Yen,20.6464,106.0511,24.7,81,13.6,46,1012.1,0
2023-11-03,Hung_Yen,20.6464,106.0511,25.9,83,13.5,50,1009.2,1
2023-11-04,Hung_Yen,20.6464,106.0511,26.2,86,14.0,68,1009.7,1
2023-11-05,Hung_Yen,20.6464,106.0511,26.9,84,14.7,55,1010.3,1
2023-11-06,Hung_Yen,20.6464,106.0511,25.7,88,12.8,91,1012.6,1
2023-11-07,Hung_Yen,20.6464,106.0511,23.9,81,12.3,75,1013.6,1
2023-11-08,Hung_Yen,20.6464,106.0511,25.4,84,14.4,58,1011.2,1
2023-11-09,Hung_Yen,20.6464,106.0511,26.6,85,14.2,21,1010.5,1
2023-11-10,Hung_Yen,20.6464,106.0511,27.0,85,11.9,38,1011.9,1
2023-11-11,Hung_Yen,20.6464,106.0511,26.8,87,13.0,33,1012.9,1
2023-11-12,Hung_Yen,20.6464,106.0511,25.6,87,17.7,74,1015.3,1
2023-11-13,Hung_Yen,20.6464,106.0511,17.3,82,20.9,100,1020.8,1
2023-11-14,Hung_Yen,20.6464,106.0511,17.8,73,16.6,77,1020.7,0
2023-11-15,Hung_Yen,20.6464,106.0511,20.6,77,11.2,86,1018.6,0
2023-11-16,Hung_Yen,20.6464,106.0511,19.9,62,28.4,82,1024.3,1
2023-11-17,Hung_Yen,20.6464,106.0511,19.0,58,19.7,35,1023.9,0
2023-11-18,Hung_Yen,20.6464,106.0511,18.4,66,10.7,28,1021.0,0
2023-11-19,Hung_Yen,20.6464,106.0511,19.4,68,9.4,22,1018.7,0
2023-11-20,Hung_Yen,20.6464,106.0511,19.6,76,8.8,8,1016.8,0
2023-11-21,Hung_Yen,20.6464,106.0511,20.3,77,12.3,12,1014.1,0
2023-11-22,Hung_Yen,20.6464,106.0511,21.4,83,8.4,55,1012.8,0
2023-11-23,Hung_Yen,20.6464,106.0511,22.2,85,10.5,68,1014.2,1
2023-11-24,Hung_Yen,20.6464,106.0511,23.0,82,12.4,45,1015.9,1
2023-11-25,Hung_Yen,20.6464,106.0511,22.6,79,13.1,46,1016.5,1
2023-11-26,Hung_Yen,20.6464,106.0511,23.0,78,12.6,90,1017.5,1
2023-11-27,Hung_Yen,20.6464,106.0511,22.3,80,11.0,34,1016.8,1
2023-11-28,Hung_Yen,20.6464,106.0511,22.1,78,15.5,22,1016.0,0
2023-11-29,Hung_Yen,20.6464,106.0511,22.7,81,10.6,82,1014.8,1
2023-11-30,Hung_Yen,20.6464,106.0511,23.4,85,13.7,100,1016.6,1
2023-12-01,Hung_Yen,20.6464,106.0511,20.5,73,17.2,100,1018.4,1
2023-12-02,Hung_Yen,20.6464,106.0511,18.7,69,13.1,100,1018.7,0
2023-12-03,Hung_Yen,20.6464,106.0511,19.4,76,12.9,93,1017.7,0
2023-12-04,Hung_Yen,20.6464,106.0511,19.5,76,9.9,94,1015.8,0
2023-12-05,Hung_Yen,20.6464,106.0511,20.6,78,13.3,88,1013.2,0
2023-12-06,Hung_Yen,20.6464,106.0511,20.3,80,19.2,96,1016.5,1
2023-12-07,Hung_Yen,20.6464,106.0511,20.0,65,12.2,85,1016.6,0
2023-12-08,Hung_Yen,20.6464,106.0511,20.9,73,14.2,62,1012.4,0
2023-12-09,Hung_Yen,20.6464,106.0511,23.0,84,15.5,34,1009.7,0
2023-12-10,Hung_Yen,20.6464,106.0511,24.6,88,18.6,80,1008.4,1
2023-12-11,Hung_Yen,20.6464,106.0511,25.1,88,15.6,77,1010.6,1
2023-12-12,Hung_Yen,20.6464,106.0511,24.2,89,16.9,53,1012.8,1
2023-12-13,Hung_Yen,20.6464,106.0511,23.8,83,19.8,41,1014.3,0
2023-12-14,Hung_Yen,20.6464,106.0511,24.0,87,17.6,85,1013.7,1
2023-12-15,Hung_Yen,20.6464,106.0511,24.8,86,17.0,84,1011.9,1
2023-12-16,Hung_Yen,20.6464,106.0511,18.5,74,34.3,100,1017.7,1
2023-12-17,Hung_Yen,20.6464,106.0511,13.3,64,18.7,88,1022.5,1
2023-12-18,Hung_Yen,20.6464,106.0511,15.7,68,10.5,100,1019.6,1
2023-12-19,Hung_Yen,20.6464,106.0511,14.0,69,17.4,98,1020.5,1
2023-12-20,Hung_Yen,20.6464,106.0511,14.1,55,19.1,99,1023.1,0
2023-12-21,Hung_Yen,20.6464,106.0511,14.0,47,20.1,75,1025.4,0
2023-12-22,Hung_Yen,20.6464,106.0511,11.8,48,20.3,23,1028.7,0
2023-12-23,Hung_Yen,20.6464,106.0511,12.6,49,18.7,84,1028.1,0
2023-12-24,Hung_Yen,20.6464,106.0511,14.3,44,18.8,83,1027.9,0
2023-12-25,Hung_Yen,20.6464,106.0511,14.1,53,13.6,47,1024.3,0
2023-12-26,Hung_Yen,20.6464,106.0511,15.4,72,9.1,18,1022.0,0
2023-12-27,Hung_Yen,20.6464,106.0511,17.1,79,12.3,9,1021.1,0
2023-12-28,Hung_Yen,20.6464,106.0511,18.2,82,12.4,64,1019.1,1
2023-12-29,Hung_Yen,20.6464,106.0511,19.9,85,11.9,88,1017.5,1
2023-12-30,Hung_Yen,20.6464,106.0511,20.5,86,9.8,82,1016.0,1
2023-12-31,Hung_Yen,20.6464,106.0511,21.1,84,11.8,61,1015.3,0
2024-01-01,Hung_Yen,20.6464,106.0511,21.3,85,15.3,64,1014.7,0
2024-01-02,Hung_Yen,20.6464,106.0511,22.2,86,13.4,59,1014.0,1
2024-01-03,Hung_Yen,20.6464,106.0511,18.9,79,19.5,100,1017.8,1
2024-01-04,Hung_Yen,20.6464,106.0511,19.1,70,14.2,71,1016.9,0
2024-01-05,Hung_Yen,20.6464,106.0511,20.2,85,13.1,69,1015.6,1
2024-01-06,Hung_Yen,20.6464,106.0511,21.0,86,15.5,75,1016.6,1
2024-01-07,Hung_Yen,20.6464,106.0511,20.8,86,16.4,61,1016.1,1
2024-01-08,Hung_Yen,20.6464,106.0511,21.6,85,17.8,47,1014.3,1
2024-01-09,Hung_Yen,20.6464,106.0511,22.4,86,14.3,63,1013.1,1
2024-01-10,Hung_Yen,20.6464,106.0511,20.5,88,17.0,100,1014.4,1
2024-01-11,Hung_Yen,20.6464,106.0511,19.4,93,13.4,100,1014.9,1
2024-01-12,Hung_Yen,20.6464,106.0511,19.1,94,11.1,99,1014.5,1
2024-01-13,Hung_Yen,20.6464,106.0511,19.6,94,13.7,100,1015.6,1
2024-01-14,Hung_Yen,20.6464,106.0511,19.7,92,12.7,88,1017.1,1
2024-01-15,Hung_Yen,20.6464,106.0511,20.5,86,17.1,39,1017.3,1
2024-01-16,Hung_Yen,20.6464,106.0511,20.2,88,19.7,59,1016.4,1
2024-01-17,Hung_Yen,20.6464,106.0511,20.7,88,15.6,53,1015.0,1
2024-01-18,Hung_Yen,20.6464,106.0511,21.6,85,17.5,67,1013.2,1
2024-01-19,Hung_Yen,20.6464,106.0511,22.5,85,18.4,62,1011.9,1
2024-01-20,Hung_Yen,20.6464,106.0511,21.8,85,16.2,65,1013.1,1
2024-01-21,Hung_Yen,20.6464,106.0511,17.8,85,12.6,100,1016.4,1
2024-01-22,Hung_Yen,20.6464,106.0511,12.2,84,25.6,100,1021.5,1
2024-01-23,Hung_Yen,20.6464,106.0511,9.0,68,20.7,100,1027.1,1
2024-01-24,Hung_Yen,20.6464,106.0511,10.1,58,14.4,100,1027.0,0
2024-01-25,Hung_Yen,20.6464,106.0511,11.1,56,12.6,99,1026.8,0
2024-01-26,Hung_Yen,20.6464,106.0511,11.9,64,12.7,99,1025.4,0
2024-01-27,Hung_Yen,20.6464,106.0511,11.4,74,14.5,100,1024.2,1
2024-01-28,Hung_Yen,20.6464,106.0511,12.2,75,14.9,100,1023.8,1
2024-01-29,Hung_Yen,20.6464,106.0511,14.5,75,10.5,100,1020.3,0
2024-01-30,Hung_Yen,20.6464,106.0511,16.9,81,9.3,100,1017.0,0
2024-01-31,Hung_Yen,20.6464,106.0511,19.2,91,11.8,100,1014.7,1
2024-02-01,Hung_Yen,20.6464,106.0511,22.1,89,15.0,89,1013.5,1
2024-02-02,Hung_Yen,20.6464,106.0511,23.1,86,21.2,90,1012.3,1
2024-02-03,Hung_Yen,20.6464,106.0511,23.0,88,22.0,89,1012.3,1
2024-02-04,Hung_Yen,20.6464,106.0511,24.2,85,18.8,77,1011.4,1
2024-02-05,Hung_Yen,20.6464,106.0511,21.9,88,17.1,100,1012.8,1
2024-02-06,Hung_Yen,20.6464,106.0511,21.3,87,17.3,100,1013.5,1
2024-02-07,Hung_Yen,20.6464,106.0511,18.1,87,11.9,100,1013.4,1
2024-02-08,Hung_Yen,20.6464,106.0511,13.4,76,13.7,100,1016.4,1
2024-02-09,Hung_Yen,20.6464,106.0511,13.6,64,17.3,100,1022.5,1
2024-02-10,Hung_Yen,20.6464,106.0511,16.6,59,16.3,69,1025.1,0
2024-02-11,Hung_Yen,20.6464,106.0511,17.7,65,11.4,44,1024.5,0
2024-02-12,Hung_Yen,20.6464,106.0511,17.7,76,17.2,27,1020.8,0
2024-02-13,Hung_Yen,20.6464,106.0511,19.3,86,17.3,79,1017.7,1
2024-02-14,Hung_Yen,20.6464,106.0511,21.3,84,20.2,91,1015.3,1
2024-02-15,Hung_Yen,20.6464,106.0511,21.0,85,14.1,82,1016.4,1
2024-02-16,Hung_Yen,20.6464,106.0511,20.7,80,15.8,67,1016.9,1
2024-02-17,Hung_Yen,20.6464,106.0511,20.6,86,22.5,77,1011.7,1
2024-02-18,Hung_Yen,20.6464,106.0511,23.0,87,18.9,81,1008.9,1
2024-02-19,Hung_Yen,20.6464,106.0511,24.0,86,20.0,29,1008.5,0
2024-02-20,Hung_Yen,20.6464,106.0511,25.2,83,23.7,21,1006.4,0
2024-02-21,Hung_Yen,20.6464,106.0511,26.0,80,22.3,42,1006.6,0
2024-02-22,Hung_Yen,20.6464,106.0511,25.2,85,19.3,93,1010.1,1
2024-02-23,Hung_Yen,20.6464,106.0511,20.9,81,18.4,100,1014.7,1
2024-02-24,Hung_Yen,20.6464,106.0511,14.8,84,13.4,100,1018.1,1
2024-02-25,Hung_Yen,20.6464,106.0511,14.6,77,11.8,100,1018.7,0
2024-02-26,Hung_Yen,20.6464,106.0511,16.3,77,11.2,100,1018.1,1
2024-02-27,Hung_Yen,20.6464,106.0511,14.0,77,13.8,100,1018.7,1
2024-02-28,Hung_Yen,20.6464,106.0511,16.5,78,12.3,100,1014.8,1
2024-02-29,Hung_Yen,20.6464,106.0511,16.1,81,16.6,100,1015.9,1
2024-03-01,Hung_Yen,20.6464,106.0511,13.9,69,15.2,100,1019.9,1
2024-03-02,Hung_Yen,20.6464,106.0511,14.4,64,13.2,82,1019.8,0
2024-03-03,Hung_Yen,20.6464,106.0511,16.8,79,19.4,87,1012.7,0
2024-03-04,Hung_Yen,20.6464,106.0511,22.1,82,15.5,46,1004.6,0
2024-03-05,Hung_Yen,20.6464,106.0511,25.6,77,16.2,21,1001.8,0
2024-03-06,Hung_Yen,20.6464,106.0511,23.5,74,18.5,27,1006.3,1
2024-03-07,Hung_Yen,20.6464,106.0511,20.4,72,11.3,85,1012.9,0
2024-03-08,Hung_Yen,20.6464,106.0511,19.4,74,9.8,100,1015.0,1
2024-03-09,Hung_Yen,20.6464,106.0511,18.3,82,10.4,100,1014.5,1
2024-03-10,Hung_Yen,20.6464,106.0511,17.8,87,9.5,100,1016.1,1
2024-03-11,Hung_Yen,20.6464,106.0511,19.4,76,18.4,62,1017.6,1
2024-03-12,Hung_Yen,20.6464,106.0511,19.5,83,14.7,45,1014.9,0
2024-03-13,Hung_Yen,20.6464,106.0511,20.8,88,12.1,97,1012.1,1
2024-03-14,Hung_Yen,20.6464,106.0511,21.2,93,12.4,100,1011.4,1
2024-03-15,Hung_Yen,20.6464,106.0511,22.2,93,15.3,95,1010.8,1
2024-03-16,Hung_Yen,20.6464,106.0511,23.5,91,18.6,98,1012.0,1
2024-03-17,Hung_Yen,20.6464,106.0511,23.8,89,17.6,100,1011.4,1
2024-03-18,Hung_Yen,20.6464,106.0511,23.5,91,16.4,100,1011.0,1
2024-03-19,Hung_Yen,20.6464,106.0511,19.3,90,19.1,100,1017.2,1
2024-03-20,Hung_Yen,20.6464,106.0511,18.3,80,9.6,100,1020.1,1
2024-03-21,Hung_Yen,20.6464,106.0511,20.1,76,18.9,51,1013.4,0
2024-03-22,Hung_Yen,20.6464,106.0511,22.6,87,19.5,74,1006.6,1
2024-03-23,Hung_Yen,20.6464,106.0511,24.9,86,21.9,48,1005.1,0
2024-03-24,Hung_Yen,20.6464,106.0511,25.3,86,19.5,34,1007.3,1
2024-03-25,Hung_Yen,20.6464,106.0511,25.2,90,16.4,83,1009.4,1
2024-03-26,Hung_Yen,20.6464,106.0511,25.2,88,19.4,82,1013.2,1
2024-03-27,Hung_Yen,20.6464,106.0511,24.6,90,19.5,99,1012.6,1
2024-03-28,Hung_Yen,20.6464,106.0511,24.3,91,12.8,99,1010.5,1
2024-03-29,Hung_Yen,20.6464,106.0511,24.0,87,14.9,77,1011.0,1
2024-03-30,Hung_Yen,20.6464,106.0511,25.0,88,18.3,56,1008.5,1
2024-03-31,Hung_Yen,20.6464,106.0511,27.1,84,20.3,35,1004.8,0
2024-04-01,Hung_Yen,20.6464,106.0511,28.7,75,24.0,19,1001.3,0
2024-04-02,Hung_Yen,20.6464,106.0511,28.7,72,23.1,5,1000.0,0
2024-04-03,Hung_Yen,20.6464,106.0511,29.0,74,22.4,2,1001.1,0
2024-04-04,Hung_Yen,20.6464,106.0511,28.5,78,16.3,1,1002.0,0
2024-04-05,Hung_Yen,20.6464,106.0511,26.0,87,19.5,88,1005.2,1
2024-04-06,Hung_Yen,20.6464,106.0511,25.9,86,18.9,99,1006.7,0
2024-04-07,Hung_Yen,20.6464,106.0511,25.7,86,17.8,99,1005.8,0
2024-04-08,Hung_Yen,20.6464,106.0511,23.7,86,12.3,100,1009.6,1
2024-04-09,Hung_Yen,20.6464,106.0511,23.8,86,11.6,99,1012.4,1
2024-04-10,Hung_Yen,20.6464,106.0511,24.1,88,11.8,84,1012.0,1
2024-04-11,Hung_Yen,20.6464,106.0511,25.4,90,18.6,85,1011.2,1
2024-04-12,Hung_Yen,20.6464,106.0511,26.5,86,19.4,77,1009.3,1
2024-04-13,Hung_Yen,20.6464,106.0511,26.6,87,21.6,80,1006.7,1
2024-04-14,Hung_Yen,20.6464,106.0511,27.1,86,16.4,68,1006.2,1
2024-04-15,Hung_Yen,20.6464,106.0511,27.3,85,20.0,79,1007.4,1
2024-04-16,Hung_Yen,20.6464,106.0511,27.0,85,22.8,69,1005.6,0
2024-04-17,Hung_Yen,20.6464,106.0511,27.6,85,17.2,67,1004.0,1
2024-04-18,Hung_Yen,20.6464,106.0511,27.5,85,18.4,63,1002.5,1
2024-04-19,Hung_Yen,20.6464,106.0511,28.9,79,24.5,64,999.6,1
2024-04-20,Hung_Yen,20.6464,106.0511,29.4,78,22.4,58,999.1,1
2024-04-21,Hung_Yen,20.6464,106.0511,28.4,82,19.8,39,1001.5,0
2024-04-22,Hung_Yen,20.6464,106.0511,26.9,84,16.6,77,1003.6,0
2024-04-23,Hung_Yen,20.6464,106.0511,27.3,87,19.0,80,1004.0,1
2024-04-24,Hung_Yen,20.6464,106.0511,26.9,85,18.7,86,1004.7,1
2024-04-25,Hung_Yen,20.6464,106.0511,29.0,84,18.5,45,1001.2,1
2024-04-26,Hung_Yen,20.6464,106.0511,30.9,76,16.8,4,998.5,0
2024-04-27,Hung_Yen,20.6464,106.0511,32.4,60,21.7,2,997.5,0
2024-04-28,Hung_Yen,20.6464,106.0511,31.1,69,17.7,4,999.5,0
2024-04-29,Hung_Yen,20.6464,106.0511,32.2,67,26.3,14,999.4,0
2024-04-30,Hung_Yen,20.6464,106.0511,33.1,62,24.5,17,996.8,0
2024-05-01,Hung_Yen,20.6464,106.0511,27.6,79,32.3,98,1003.0,1
2024-05-02,Hung_Yen,20.6464,106.0511,26.3,83,18.7,98,1005.8,1
2024-05-03,Hung_Yen,20.6464,106.0511,27.0,89,20.0,81,1005.3,1
2024-05-04,Hung_Yen,20.6464,106.0511,28.8,84,18.6,37,1002.3,1
2024-05-05,Hung_Yen,20.6464,106.0511,26.7,85,14.8,85,1005.9,1
2024-05-06,Hung_Yen,20.6464,106.0511,26.1,89,13.2,89,1008.4,1
2024-05-07,Hung_Yen,20.6464,106.0511,26.5,88,12.9,85,1010.3,1
2024-05-08,Hung_Yen,20.6464,106.0511,26.8,89,14.2,97,1009.8,1
2024-05-09,Hung_Yen,20.6464,106.0511,26.1,88,12.2,94,1010.1,1
2024-05-10,Hung_Yen,20.6464,106.0511,26.7,85,18.4,81,1009.0,1
2024-05-11,Hung_Yen,20.6464,106.0511,27.7,88,18.4,64,1008.3,1
2024-05-12,Hung_Yen,20.6464,106.0511,27.5,89,10.1,79,1008.3,1
2024-05-13,Hung_Yen,20.6464,106.0511,25.9,90,13.4,71,1009.5,1
2024-05-14,Hung_Yen,20.6464,106.0511,27.2,83,14.5,37,1008.8,1
2024-05-15,Hung_Yen,20.6464,106.0511,27.0,88,12.6,75,1009.9,1
2024-05-16,Hung_Yen,20.6464,106.0511,26.7,80,16.0,68,1010.7,1
2024-05-17,Hung_Yen,20.6464,106.0511,26.9,80,16.2,59,1007.8,1
2024-05-18,Hung_Yen,20.6464,106.0511,27.9,87,17.4,100,1003.0,1
2024-05-19,Hung_Yen,20.6464,106.0511,27.9,91,15.8,100,1000.5,1
2024-05-20,Hung_Yen,20.6464,106.0511,27.3,83,17.4,87,1004.0,1
2024-05-21,Hung_Yen,20.6464,106.0511,27.3,89,17.9,100,1005.9,1
2024-05-22,Hung_Yen,20.6464,106.0511,26.9,88,15.8,87,1006.7,1
2024-05-23,Hung_Yen,20.6464,106.0511,26.7,89,12.4,84,1006.1,1
2024-05-24,Hung_Yen,20.6464,106.0511,27.2,88,15.3,78,1005.8,1
2024-05-25,Hung_Yen,20.6464,106.0511,27.7,88,19.1,94,1005.4,1
2024-05-26,Hung_Yen,20.6464,106.0511,29.7,84,18.0,80,1002.8,1
2024-05-27,Hung_Yen,20.6464,106.0511,31.0,75,17.7,70,999.0,0
2024-05-28,Hung_Yen,20.6464,106.0511,30.2,82,11.5,100,998.9,1
2024-05-29,Hung_Yen,20.6464,106.0511,30.6,83,17.9,92,998.7,1
2024-05-30,Hung_Yen,20.6464,106.0511,28.6,87,17.4,100,1000.3,1
2024-05-31,Hung_Yen,20.6464,106.0511,25.4,86,16.3,83,1004.2,1
2024-06-01,Hung_Yen,20.6464,106.0511,28.2,79,10.8,47,1005.4,0
2024-06-02,Hung_Yen,20.6464,106.0511,29.1,86,12.0,65,1004.2,1
2024-06-03,Hung_Yen,20.6464,106.0511,29.9,85,11.9,96,1001.3,1
2024-06-04,Hung_Yen,20.6464,106.0511,28.8,89,10.7,100,1002.2,1
2024-06-05,Hung_Yen,20.6464,106.0511,26.1,94,12.2,100,1005.1,1
2024-06-06,Hung_Yen,20.6464,106.0511,25.8,91,11.9,100,1006.1,1
2024-06-07,Hung_Yen,20.6464,106.0511,27.5,89,9.8,100,1003.0,1
2024-06-08,Hung_Yen,20.6464,106.0511,27.9,88,9.2,100,1001.1,1
2024-06-09,Hung_Yen,20.6464,106.0511,27.7,91,7.6,100,1001.7,1
2024-06-10,Hung_Yen,20.6464,106.0511,28.0,90,13.2,99,1003.2,1
2024-06-11,Hung_Yen,20.6464,106.0511,29.4,83,13.5,97,1002.8,1
2024-06-12,Hung_Yen,20.6464,106.0511,30.4,80,14.2,99,1001.7,1
2024-06-13,Hung_Yen,20.6464,106.0511,31.7,69,16.9,100,998.9,0
2024-06-14,Hung_Yen,20.6464,106.0511,31.4,71,13.9,100,997.8,1
2024-06-15,Hung_Yen,20.6464,106.0511,31.2,75,12.7,100,999.0,0
2024-06-16,Hung_Yen,20.6464,106.0511,31.3,79,12.7,100,1000.2,1
2024-06-17,Hung_Yen,20.6464,106.0511,31.8,77,13.6,100,999.5,1
2024-06-18,Hung_Yen,20.6464,106.0511,31.5,74,14.4,100,998.8,0
2024-06-19,Hung_Yen,20.6464,106.0511,31.5,74,16.3,100,998.4,1
2024-06-20,Hung_Yen,20.6464,106.0511,31.6,73,17.3,100,998.4,0
2024-06-21,Hung_Yen,20.6464,106.0511,31.9,75,17.2,97,999.2,0
2024-06-22,Hung_Yen,20.6464,106.0511,30.8,79,16.5,93,1000.8,1
2024-06-23,Hung_Yen,20.6464,106.0511,28.9,85,13.0,100,1001.1,1
2024-06-24,Hung_Yen,20.6464,106.0511,27.5,89,10.2,100,1001.0,1
2024-06-25,Hung_Yen,20.6464,106.0511,27.5,89,14.9,100,1002.8,1
2024-06-26,Hung_Yen,20.6464,106.0511,27.1,89,17.4,98,1005.6,1
2024-06-27,Hung_Yen,20.6464,106.0511,27.6,86,16.4,94,1006.6,1
2024-06-28,Hung_Yen,20.6464,106.0511,29.1,82,18.3,82,1003.8,1
2024-06-29,Hung_Yen,20.6464,106.0511,30.4,78,19.5,99,1001.4,0
2024-06-30,Hung_Yen,20.6464,106.0511,31.6,69,20.2,99,999.9,0
2024-07-01,Hung_Yen,20.6464,106.0511,30.9,72,20.1,93,998.3,0
2024-07-02,Hung_Yen,20.6464,106.0511,30.3,76,19.8,100,999.8,1
2024-07-03,Hung_Yen,20.6464,106.0511,29.0,86,16.6,100,1004.6,1
2024-07-04,Hung_Yen,20.6464,106.0511,28.7,82,18.8,72,1006.7,1
2024-07-05,Hung_Yen,20.6464,106.0511,28.8,80,17.6,42,1004.1,1
2024-07-06,Hung_Yen,20.6464,106.0511,29.2,80,17.6,26,1003.3,1
2024-07-07,Hung_Yen,20.6464,106.0511,29.6,78,20.0,23,1004.2,1
2024-07-08,Hung_Yen,20.6464,106.0511,30.0,78,19.1,36,1003.0,1
2024-07-09,Hung_Yen,20.6464,106.0511,30.7,77,16.8,83,1002.5,1
2024-07-10,Hung_Yen,20.6464,106.0511,30.8,78,13.4,46,1002.7,1
2024-07-11,Hung_Yen,20.6464,106.0511,30.5,78,15.8,60,1001.1,1
2024-07-12,Hung_Yen,20.6464,106.0511,30.6,80,12.9,85,999.1,1
2024-07-13,Hung_Yen,20.6464,106.0511,30.4,79,17.3,73,998.9,1
2024-07-14,Hung_Yen,20.6464,106.0511,28.4,84,14.3,93,1002.2,1
2024-07-15,Hung_Yen,20.6464,106.0511,28.0,87,17.7,97,1003.6,1
2024-07-16,Hung_Yen,20.6464,106.0511,27.3,88,15.5,89,1003.7,1
2024-07-17,Hung_Yen,20.6464,106.0511,27.4,89,16.3,99,1002.7,1
2024-07-18,Hung_Yen,20.6464,106.0511,27.3,89,15.5,97,1002.1,1
2024-07-19,Hung_Yen,20.6464,106.0511,27.6,88,15.8,93,1002.0,1
2024-07-20,Hung_Yen,20.6464,106.0511,28.4,86,14.8,68,1002.7,1
2024-07-21,Hung_Yen,20.6464,106.0511,28.7,86,13.9,45,1002.9,1
2024-07-22,Hung_Yen,20.6464,106.0511,28.1,89,14.4,100,1000.4,1
2024-07-23,Hung_Yen,20.6464,106.0511,26.5,92,22.4,100,996.0,1
2024-07-24,Hung_Yen,20.6464,106.0511,28.0,87,14.5,97,993.8,1
2024-07-25,Hung_Yen,20.6464,106.0511,28.1,89,12.1,96,993.5,1
2024-07-26,Hung_Yen,20.6464,106.0511,31.2,81,12.2,75,993.8,0
2024-07-27,Hung_Yen,20.6464,106.0511,31.9,77,10.8,97,996.8,1
2024-07-28,Hung_Yen,20.6464,106.0511,28.9,89,13.4,99,999.5,1
2024-07-29,Hung_Yen,20.6464,106.0511,27.3,91,11.8,100,999.7,1
2024-07-30,Hung_Yen,20.6464,106.0511,28.0,90,15.7,100,999.6,1
2024-07-31,Hung_Yen,20.6464,106.0511,27.6,85,17.8,100,1000.9,1
2024-08-01,Hung_Yen,20.6464,106.0511,28.2,80,19.5,99,1001.8,1
2024-08-02,Hung_Yen,20.6464,106.0511,26.7,85,19.2,91,1001.7,1
2024-08-03,Hung_Yen,20.6464,106.0511,28.4,79,15.7,68,1003.1,1
2024-08-04,Hung_Yen,20.6464,106.0511,29.0,81,12.3,15,1004.5,1
2024-08-05,Hung_Yen,20.6464,106.0511,29.5,85,10.5,39,1003.8,1
2024-08-06,Hung_Yen,20.6464,106.0511,29.9,83,9.7,72,1003.0,1
2024-08-07,Hung_Yen,20.6464,106.0511,30.1,82,12.8,28,1003.2,1
2024-08-08,Hung_Yen,20.6464,106.0511,30.9,80,13.8,12,1002.9,1
2024-08-09,Hung_Yen,20.6464,106.0511,31.5,76,15.5,54,1000.4,0
2024-08-10,Hung_Yen,20.6464,106.0511,32.0,72,14.6,53,998.7,1
2024-08-11,Hung_Yen,20.6464,106.0511,29.6,82,14.4,99,999.2,0
2024-08-12,Hung_Yen,20.6464,106.0511,27.8,89,17.0,100,1000.1,1
2024-08-13,Hung_Yen,20.6464,106.0511,27.8,89,9.1,100,1002.5,1
2024-08-14,Hung_Yen,20.6464,106.0511,27.4,92,9.8,98,1003.5,1
2024-08-15,Hung_Yen,20.6464,106.0511,27.8,90,9.6,100,1002.6,1
2024-08-16,Hung_Yen,20.6464,106.0511,29.0,88,8.4,93,1002.2,1
2024-08-17,Hung_Yen,20.6464,106.0511,28.1,89,15.9,99,1003.9,1
2024-08-18,Hung_Yen,20.6464,106.0511,29.2,89,6.6,99,1003.6,1
2024-08-19,Hung_Yen,20.6464,106.0511,29.0,88,15.6,100,1002.1,1
2024-08-20,Hung_Yen,20.6464,106.0511,29.7,85,12.4,98,1002.3,1
2024-08-21,Hung_Yen,20.6464,106.0511,29.1,86,15.2,100,1003.7,1
2024-08-22,Hung_Yen,20.6464,106.0511,30.0,82,14.1,98,1004.9,1
2024-08-23,Hung_Yen,20.6464,106.0511,28.1,89,10.3,100,1006.7,1
2024-08-24,Hung_Yen,20.6464,106.0511,28.0,88,11.7,100,1006.0,1
2024-08-25,Hung_Yen,20.6464,106.0511,27.7,87,11.3,99,1004.9,1
2024-08-26,Hung_Yen,20.6464,106.0511,28.0,87,9.4,83,1004.5,1
2024-08-27,Hung_Yen,20.6464,106.0511,29.1,82,12.4,42,1004.1,1
2024-08-28,Hung_Yen,20.6464,106.0511,30.4,79,10.7,48,1002.3,0
2024-08-29,Hung_Yen,20.6464,106.0511,30.3,83,8.9,73,1002.0,1
2024-08-30,Hung_Yen,20.6464,106.0511,28.5,87,9.9,79,1003.3,1
2024-08-31,Hung_Yen,20.6464,106.0511,28.3,87,13.9,67,1004.8,1
2024-09-01,Hung_Yen,20.6464,106.0511,27.8,90,11.4,100,1005.3,1
2024-09-02,Hung_Yen,20.6464,106.0511,28.1,87,9.0,100,1005.8,1
2024-09-03,Hung_Yen,20.6464,106.0511,29.3,85,12.8,78,1005.0,0
2024-09-04,Hung_Yen,20.6464,106.0511,29.8,82,8.8,61,1001.5,0
2024-09-05,Hung_Yen,20.6464,106.0511,30.1,81,13.4,49,999.3,1
2024-09-06,Hung_Yen,20.6464,106.0511,28.4,82,23.9,98,998.1,1
2024-09-07,Hung_Yen,20.6464,106.0511,26.1,88,58.7,100,991.1,1
2024-09-08,Hung_Yen,20.6464,106.0511,28.7,84,32.6,100,997.4,1
2024-09-09,Hung_Yen,20.6464,106.0511,28.3,87,16.2,100,1001.3,1
2024-09-10,Hung_Yen,20.6464,106.0511,25.5,94,13.6,100,1004.0,1
2024-09-11,Hung_Yen,20.6464,106.0511,25.0,95,19.6,100,1005.4,1
2024-09-12,Hung_Yen,20.6464,106.0511,26.0,91,11.2,89,1005.5,1
2024-09-13,Hung_Yen,20.6464,106.0511,26.7,90,13.0,48,1003.2,1
2024-09-14,Hung_Yen,20.6464,106.0511,27.7,88,10.0,90,1001.2,1
2024-09-15,Hung_Yen,20.6464,106.0511,28.8,84,12.5,69,1000.5,1
2024-09-16,Hung_Yen,20.6464,106.0511,27.3,87,13.6,63,1002.7,1
2024-09-17,Hung_Yen,20.6464,106.0511,26.8,89,16.6,92,1003.4,1
2024-09-18,Hung_Yen,20.6464,106.0511,26.9,90,17.3,88,1002.3,1
2024-09-19,Hung_Yen,20.6464,106.0511,26.8,90,19.4,79,1001.0,1
2024-09-20,Hung_Yen,20.6464,106.0511,27.2,89,15.1,86,1001.3,1
2024-09-21,Hung_Yen,20.6464,106.0511,26.8,91,15.5,96,1002.6,1
2024-09-22,Hung_Yen,20.6464,106.0511,25.4,91,18.1,100,1003.9,1
2024-09-23,Hung_Yen,20.6464,106.0511,25.0,76,20.9,98,1007.6,1
2024-09-24,Hung_Yen,20.6464,106.0511,26.0,76,10.4,59,1008.2,0
2024-09-25,Hung_Yen,20.6464,106.0511,26.0,84,9.0,72,1009.1,1
2024-09-26,Hung_Yen,20.6464,106.0511,26.9,80,13.6,58,1009.1,0
2024-09-27,Hung_Yen,20.6464,106.0511,28.0,81,15.5,26,1008.2,1
2024-09-28,Hung_Yen,20.6464,106.0511,28.6,84,16.8,40,1005.9,1
2024-09-29,Hung_Yen,20.6464,106.0511,28.6,87,18.5,71,1004.6,1
2024-09-30,Hung_Yen,20.6464,106.0511,27.4,90,12.9,81,1004.1,1
2024-10-01,Hung_Yen,20.6464,106.0511,26.3,78,27.9,77,1007.9,1
2024-10-02,Hung_Yen,20.6464,106.0511,23.9,60,22.3,45,1013.1,0
2024-10-03,Hung_Yen,20.6464,106.0511,23.7,63,17.7,47,1013.7,0
2024-10-04,Hung_Yen,20.6464,106.0511,23.9,69,12.0,78,1013.2,0
2024-10-05,Hung_Yen,20.6464,106.0511,24.5,70,11.5,6,1012.2,0
2024-10-06,Hung_Yen,20.6464,106.0511,25.5,74,13.2,12,1012.6,0
2024-10-07,Hung_Yen,20.6464,106.0511,26.7,70,15.4,42,1013.4,0
2024-10-08,Hung_Yen,20.6464,106.0511,26.6,67,14.1,16,1013.0,0
2024-10-09,Hung_Yen,20.6464,106.0511,25.7,73,11.8,12,1011.9,0
2024-10-10,Hung_Yen,20.6464,106.0511,25.7,73,9.2,12,1011.1,0
2024-10-11,Hung_Yen,20.6464,106.0511,25.9,75,11.8,30,1010.8,0
2024-10-12,Hung_Yen,20.6464,106.0511,26.1,81,11.6,39,1011.4,1
2024-10-13,Hung_Yen,20.6464,106.0511,26.5,81,13.2,28,1011.1,1
2024-10-14,Hung_Yen,20.6464,106.0511,27.0,81,12.7,29,1010.1,1
2024-10-15,Hung_Yen,20.6464,106.0511,25.9,87,14.5,58,1010.6,1
2024-10-16,Hung_Yen,20.6464,106.0511,25.9,86,12.4,84,1011.2,1
2024-10-17,Hung_Yen,20.6464,106.0511,26.9,84,11.4,79,1009.6,1
2024-10-18,Hung_Yen,20.6464,106.0511,27.4,83,13.3,33,1009.0,1
2024-10-19,Hung_Yen,20.6464,106.0511,26.8,87,9.7,51,1011.2,1
2024-10-20,Hung_Yen,20.6464,106.0511,27.6,79,15.4,69,1012.9,1
2024-10-21,Hung_Yen,20.6464,106.0511,26.3,86,12.4,83,1012.4,1
2024-10-22,Hung_Yen,20.6464,106.0511,26.9,83,15.1,71,1012.5,1
2024-10-23,Hung_Yen,20.6464,106.0511,25.4,62,21.9,81,1013.5,1
2024-10-24,Hung_Yen,20.6464,106.0511,23.9,59,13.4,77,1010.8,0
2024-10-25,Hung_Yen,20.6464,106.0511,23.0,61,14.7,76,1008.1,0
2024-10-26,Hung_Yen,20.6464,106.0511,25.3,47,23.8,98,1006.5,0
2024-10-27,Hung_Yen,20.6464,106.0511,22.4,68,27.4,100,1007.8,1
2024-10-28,Hung_Yen,20.6464,106.0511,21.0,73,24.4,98,1009.4,1
2024-10-29,Hung_Yen,20.6464,106.0511,21.5,79,21.2,95,1009.3,1
2024-10-30,Hung_Yen,20.6464,106.0511,23.4,74,14.9,94,1009.9,0
2024-10-31,Hung_Yen,20.6464,106.0511,25.0,79,10.6,14,1008.4,1
2024-11-01,Hung_Yen,20.6464,106.0511,25.2,69,19.4,19,1010.7,0
2024-11-02,Hung_Yen,20.6464,106.0511,23.5,63,18.2,10,1015.1,0
2024-11-03,Hung_Yen,20.6464,106.0511,24.1,69,11.5,72,1015.1,0
2024-11-04,Hung_Yen,20.6464,106.0511,23.2,78,16.4,98,1015.2,1
2024-11-05,Hung_Yen,20.6464,106.0511,23.1,76,15.6,93,1016.8,1
2024-11-06,Hung_Yen,20.6464,106.0511,23.8,70,13.5,86,1017.2,1
2024-11-07,Hung_Yen,20.6464,106.0511,22.8,71,11.1,21,1017.2,0
2024-11-08,Hung_Yen,20.6464,106.0511,22.2,72,9.6,1,1015.8,0
2024-11-09,Hung_Yen,20.6464,106.0511,22.3,74,7.6,1,1013.5,0
2024-11-10,Hung_Yen,20.6464,106.0511,23.3,70,13.2,4,1013.3,0
2024-11-11,Hung_Yen,20.6464,106.0511,24.8,73,11.0,44,1012.4,0
2024-11-12,Hung_Yen,20.6464,106.0511,25.1,79,10.2,55,1010.7,0
2024-11-13,Hung_Yen,20.6464,106.0511,25.1,84,11.8,52,1009.2,1
2024-11-14,Hung_Yen,20.6464,106.0511,26.1,83,13.4,50,1008.5,1
2024-11-15,Hung_Yen,20.6464,106.0511,26.7,84,15.1,47,1007.7,0
2024-11-16,Hung_Yen,20.6464,106.0511,26.5,86,10.8,42,1008.9,1
2024-11-17,Hung_Yen,20.6464,106.0511,25.8,82,9.3,35,1011.4,1
2024-11-18,Hung_Yen,20.6464,106.0511,24.2,88,12.7,39,1014.0,1
2024-11-19,Hung_Yen,20.6464,106.0511,24.2,75,11.5,29,1015.3,1
2024-11-20,Hung_Yen,20.6464,106.0511,22.8,71,13.8,4,1015.9,0
2024-11-21,Hung_Yen,20.6464,106.0511,21.7,68,11.4,17,1016.0,0
2024-11-22,Hung_Yen,20.6464,106.0511,22.1,66,14.8,91,1016.3,0
2024-11-23,Hung_Yen,20.6464,106.0511,21.6,71,10.0,63,1016.6,0
2024-11-24,Hung_Yen,20.6464,106.0511,21.3,84,9.4,50,1015.5,1
2024-11-25,Hung_Yen,20.6464,106.0511,23.0,84,10.6,40,1014.7,1
2024-11-26,Hung_Yen,20.6464,106.0511,20.7,71,19.3,100,1016.9,1
2024-11-27,Hung_Yen,20.6464,106.0511,20.1,60,16.7,80,1018.8,0
2024-11-28,Hung_Yen,20.6464,106.0511,19.4,52,15.5,59,1021.3,0
2024-11-29,Hung_Yen,20.6464,106.0511,18.8,57,11.7,29,1019.3,0
2024-11-30,Hung_Yen,20.6464,106.0511,19.5,69,12.9,73,1014.7,0
2024-12-01,Hung_Yen,20.6464,106.0511,20.3,77,15.6,80,1011.1,0
2024-12-02,Hung_Yen,20.6464,106.0511,21.8,83,10.6,77,1011.4,1
2024-12-03,Hung_Yen,20.6464,106.0511,22.0,87,11.7,50,1011.9,1
2024-12-04,Hung_Yen,20.6464,106.0511,22.6,82,16.0,31,1012.3,1
2024-12-05,Hung_Yen,20.6464,106.0511,22.3,81,15.1,23,1012.4,0
2024-12-06,Hung_Yen,20.6464,106.0511,21.9,87,20.0,73,1012.1,1
2024-12-07,Hung_Yen,20.6464,106.0511,20.3,73,16.8,98,1015.5,1
2024-12-08,Hung_Yen,20.6464,106.0511,17.0,67,16.6,86,1019.2,1
2024-12-09,Hung_Yen,20.6464,106.0511,18.2,72,10.3,81,1016.1,0
2024-12-10,Hung_Yen,20.6464,106.0511,21.1,82,13.3,77,1011.8,1
2024-12-11,Hung_Yen,20.6464,106.0511,20.4,79,23.6,98,1013.9,1
2024-12-12,Hung_Yen,20.6464,106.0511,17.2,69,16.2,100,1016.0,0
2024-12-13,Hung_Yen,20.6464,106.0511,15.8,67,18.4,100,1019.2,1
2024-12-14,Hung_Yen,20.6464,106.0511,14.4,63,20.4,100,1023.9,1
2024-12-15,Hung_Yen,20.6464,106.0511,14.1,56,18.1,100,1024.4,1
2024-12-16,Hung_Yen,20.6464,106.0511,15.2,65,10.8,60,1021.4,1
2024-12-17,Hung_Yen,20.6464,106.0511,16.7,73,10.6,51,1018.0,0
2024-12-18,Hung_Yen,20.6464,106.0511,18.5,60,15.1,43,1019.1,0
2024-12-19,Hung_Yen,20.6464,106.0511,16.8,65,10.8,31,1019.3,0
2024-12-20,Hung_Yen,20.6464,106.0511,16.1,68,13.4,12,1017.4,0
2024-12-21,Hung_Yen,20.6464,106.0511,16.4,69,8.4,47,1018.2,0
2024-12-22,Hung_Yen,20.6464,106.0511,16.0,69,14.3,68,1018.4,0
2024-12-23,Hung_Yen,20.6464,106.0511,16.3,71,9.0,69,1017.7,0
2024-12-24,Hung_Yen,20.6464,106.0511,17.3,60,11.7,93,1019.1,0
2024-12-25,Hung_Yen,20.6464,106.0511,18.3,67,12.6,48,1018.3,0
2024-12-26,Hung_Yen,20.6464,106.0511,19.7,65,11.2,98,1019.9,0
2024-12-27,Hung_Yen,20.6464,106.0511,17.5,68,16.9,100,1022.0,1
2024-12-28,Hung_Yen,20.6464,106.0511,16.9,59,18.4,50,1024.0,1
2024-12-29,Hung_Yen,20.6464,106.0511,16.4,72,18.5,30,1019.5,0
2024-12-30,Hung_Yen,20.6464,106.0511,17.6,81,8.0,64,1018.2,1
2024-12-31,Hung_Yen,20.6464,106.0511,18.0,76,10.8,53,1018.7,1
2025-01-01,Hung_Yen,20.6464,106.0511,17.3,77,11.9,1,1015.4,0
2025-01-02,Hung_Yen,20.6464,106.0511,17.9,76,10.2,14,1016.4,0
2025-01-03,Hung_Yen,20.6464,106.0511,18.6,70,12.4,25,1017.9,0
2025-01-04,Hung_Yen,20.6464,106.0511,17.8,73,16.7,30,1016.9,0
2025-01-05,Hung_Yen,20.6464,106.0511,17.8,68,10.8,3,1018.4,0
2025-01-06,Hung_Yen,20.6464,106.0511,17.7,74,13.8,16,1016.0,0
2025-01-07,Hung_Yen,20.6464,106.0511,17.1,87,12.8,50,1015.3,1
2025-01-08,Hung_Yen,20.6464,106.0511,18.6,83,16.4,51,1016.0,1
2025-01-09,Hung_Yen,20.6464,106.0511,18.9,65,19.0,59,1019.1,0
2025-01-10,Hung_Yen,20.6464,106.0511,15.5,54,18.4,48,1025.5,0
2025-01-11,Hung_Yen,20.6464,106.0511,14.6,47,19.7,61,1028.1,0
2025-01-12,Hung_Yen,20.6464,106.0511,13.7,53,12.1,22,1024.6,0
2025-01-13,Hung_Yen,20.6464,106.0511,14.5,69,11.4,22,1019.8,0
2025-01-14,Hung_Yen,20.6464,106.0511,16.9,77,12.3,76,1019.0,0
2025-01-15,Hung_Yen,20.6464,106.0511,18.6,63,20.0,99,1022.4,1
2025-01-16,Hung_Yen,20.6464,106.0511,16.9,62,12.3,47,1022.7,0
2025-01-17,Hung_Yen,20.6464,106.0511,15.9,74,15.1,4,1019.1,0
2025-01-18,Hung_Yen,20.6464,106.0511,16.9,80,10.8,63,1016.7,1
2025-01-19,Hung_Yen,20.6464,106.0511,17.7,75,12.3,38,1014.9,0
2025-01-20,Hung_Yen,20.6464,106.0511,17.7,73,11.8,9,1013.5,0
2025-01-21,Hung_Yen,20.6464,106.0511,17.8,78,17.5,15,1013.0,0
2025-01-22,Hung_Yen,20.6464,106.0511,18.8,85,13.2,65,1013.2,1
2025-01-23,Hung_Yen,20.6464,106.0511,19.4,84,14.9,59,1012.4,1
2025-01-24,Hung_Yen,20.6464,106.0511,20.8,86,17.7,66,1008.9,1
2025-01-25,Hung_Yen,20.6464,106.0511,21.3,88,17.8,91,1010.3,1
2025-01-26,Hung_Yen,20.6464,106.0511,14.9,72,27.4,100,1021.2,1
2025-01-27,Hung_Yen,20.6464,106.0511,14.6,50,16.7,55,1021.7,0
2025-01-28,Hung_Yen,20.6464,106.0511,14.1,53,13.0,20,1022.5,0
2025-01-29,Hung_Yen,20.6464,106.0511,14.0,66,13.4,50,1021.0,0
2025-01-30,Hung_Yen,20.6464,106.0511,16.6,78,20.0,54,1014.1,0
2025-01-31,Hung_Yen,20.6464,106.0511,19.9,86,20.0,89,1010.6,1
2025-02-01,Hung_Yen,20.6464,106.0511,21.2,87,17.1,94,1008.9,1
2025-02-02,Hung_Yen,20.6464,106.0511,20.5,87,15.7,83,1010.1,1
2025-02-03,Hung_Yen,20.6464,106.0511,16.0,73,22.7,99,1018.0,1
2025-02-04,Hung_Yen,20.6464,106.0511,15.4,60,15.5,78,1020.1,0
2025-02-05,Hung_Yen,20.6464,106.0511,15.7,83,12.0,80,1014.8,1
2025-02-06,Hung_Yen,20.6464,106.0511,17.9,87,12.2,97,1013.1,1
2025-02-07,Hung_Yen,20.6464,106.0511,14.3,80,18.9,100,1019.2,1
2025-02-08,Hung_Yen,20.6464,106.0511,13.4,68,15.0,100,1022.6,1
2025-02-09,Hung_Yen,20.6464,106.0511,13.9,61,11.7,67,1021.1,0
2025-02-10,Hung_Yen,20.6464,106.0511,14.8,77,12.0,60,1018.1,0
2025-02-11,Hung_Yen,20.6464,106.0511,17.1,85,13.9,58,1014.7,1
2025-02-12,Hung_Yen,20.6464,106.0511,19.7,86,11.6,90,1014.4,1
2025-02-13,Hung_Yen,20.6464,106.0511,19.1,82,15.9,79,1015.5,1
2025-02-14,Hung_Yen,20.6464,106.0511,19.3,83,16.6,86,1013.1,1
2025-02-15,Hung_Yen,20.6464,106.0511,20.6,89,14.8,90,1010.8,1
2025-02-16,Hung_Yen,20.6464,106.0511,18.7,89,17.8,99,1014.3,1
2025-02-17,Hung_Yen,20.6464,106.0511,18.5,83,11.2,98,1016.6,1
2025-02-18,Hung_Yen,20.6464,106.0511,18.4,87,11.4,100,1017.5,1
2025-02-19,Hung_Yen,20.6464,106.0511,18.5,87,11.9,100,1016.6,1
2025-02-20,Hung_Yen,20.6464,106.0511,20.0,87,13.5,81,1016.3,1
2025-02-21,Hung_Yen,20.6464,106.0511,19.3,86,16.8,91,1017.6,0
2025-02-22,Hung_Yen,20.6464,106.0511,19.5,83,19.1,98,1018.1,1
2025-02-23,Hung_Yen,20.6464,106.0511,17.4,81,17.5,100,1022.1,1
2025-02-24,Hung_Yen,20.6464,106.0511,14.6,76,15.3,100,1025.1,1
2025-02-25,Hung_Yen,20.6464,106.0511,14.3,90,10.1,100,1023.3,1
2025-02-26,Hung_Yen,20.6464,106.0511,15.6,88,11.7,94,1020.3,1
2025-02-27,Hung_Yen,20.6464,106.0511,18.5,86,15.7,81,1015.2,0
2025-02-28,Hung_Yen,20.6464,106.0511,20.7,87,19.1,91,1012.4,1
2025-03-01,Hung_Yen,20.6464,106.0511,22.4,87,19.1,86,1009.0,1
2025-03-02,Hung_Yen,20.6464,106.0511,23.3,87,20.1,72,1006.8,1
2025-03-03,Hung_Yen,20.6464,106.0511,23.6,90,14.7,74,1005.7,1
2025-03-04,Hung_Yen,20.6464,106.0511,24.4,90,16.1,83,1004.7,1
2025-03-05,Hung_Yen,20.6464,106.0511,22.0,88,16.2,100,1007.2,1
2025-03-06,Hung_Yen,20.6464,106.0511,15.0,74,22.3,100,1017.2,1
2025-03-07,Hung_Yen,20.6464,106.0511,15.0,67,16.3,95,1019.2,1
2025-03-08,Hung_Yen,20.6464,106.0511,16.4,78,12.5,100,1017.9,1
2025-03-09,Hung_Yen,20.6464,106.0511,17.9,84,10.2,97,1017.9,1
2025-03-10,Hung_Yen,20.6464,106.0511,19.9,87,12.2,76,1016.7,1
2025-03-11,Hung_Yen,20.6464,106.0511,21.1,89,17.9,89,1012.3,0
2025-03-12,Hung_Yen,20.6464,106.0511,23.2,89,17.4,98,1009.1,1
2025-03-13,Hung_Yen,20.6464,106.0511,23.7,91,19.5,92,1008.5,1
2025-03-14,Hung_Yen,20.6464,106.0511,24.2,92,18.7,96,1008.7,1
2025-03-15,Hung_Yen,20.6464,106.0511,23.6,91,15.3,100,1010.6,1
2025-03-16,Hung_Yen,20.6464,106.0511,18.2,66,19.5,86,1017.8,1
2025-03-17,Hung_Yen,20.6464,106.0511,17.7,65,10.9,100,1018.3,0
2025-03-18,Hung_Yen,20.6464,106.0511,17.3,61,15.9,88,1021.4,0
2025-03-19,Hung_Yen,20.6464,106.0511,18.1,59,16.6,80,1022.9,0
2025-03-20,Hung_Yen,20.6464,106.0511,18.1,66,12.4,44,1021.9,0
2025-03-21,Hung_Yen,20.6464,106.0511,18.7,70,10.5,47,1019.8,0
2025-03-22,Hung_Yen,20.6464,106.0511,19.6,78,14.3,37,1017.2,0
2025-03-23,Hung_Yen,20.6464,106.0511,20.3,84,14.8,42,1014.7,1
2025-03-24,Hung_Yen,20.6464,106.0511,21.6,83,16.1,29,1011.3,0
2025-03-25,Hung_Yen,20.6464,106.0511,22.8,84,15.9,26,1006.1,0
2025-03-26,Hung_Yen,20.6464,106.0511,23.3,85,18.1,20,1003.2,0
2025-03-27,Hung_Yen,20.6464,106.0511,24.8,86,19.7,17,1000.2,0
2025-03-28,Hung_Yen,20.6464,106.0511,25.1,87,15.9,49,1004.1,1
2025-03-29,Hung_Yen,20.6464,106.0511,17.5,83,21.1,100,1013.2,1
2025-03-30,Hung_Yen,20.6464,106.0511,14.3,78,17.0,100,1018.8,1
2025-03-31,Hung_Yen,20.6464,106.0511,15.0,69,13.9,80,1018.1,0
2025-04-01,Hung_Yen,20.6464,106.0511,17.6,66,12.6,60,1016.9,0
2025-04-02,Hung_Yen,20.6464,106.0511,18.7,75,10.3,62,1016.5,0
2025-04-03,Hung_Yen,20.6464,106.0511,19.7,77,14.4,24,1015.3,0
2025-04-04,Hung_Yen,20.6464,106.0511,20.6,86,16.7,46,1011.1,1
2025-04-05,Hung_Yen,20.6464,106.0511,21.5,88,10.6,100,1011.6,1
2025-04-06,Hung_Yen,20.6464,106.0511,22.2,86,12.8,97,1012.2,1
2025-04-07,Hung_Yen,20.6464,106.0511,21.8,89,11.3,90,1013.4,1
2025-04-08,Hung_Yen,20.6464,106.0511,23.0,91,16.1,85,1012.5,1
2025-04-09,Hung_Yen,20.6464,106.0511,24.3,89,17.9,94,1008.6,1
2025-04-10,Hung_Yen,20.6464,106.0511,24.3,90,15.1,97,1004.8,1
2025-04-11,Hung_Yen,20.6464,106.0511,25.3,88,17.6,84,1002.6,1
2025-04-12,Hung_Yen,20.6464,106.0511,25.7,85,26.0,76,1005.7,1
2025-04-13,Hung_Yen,20.6464,106.0511,21.8,68,17.4,61,1014.8,1
2025-04-14,Hung_Yen,20.6464,106.0511,21.3,76,9.0,93,1012.7,0
2025-04-15,Hung_Yen,20.6464,106.0511,22.7,80,12.4,87,1010.1,0
2025-04-16,Hung_Yen,20.6464,106.0511,23.0,80,17.1,89,1006.7,0
2025-04-17,Hung_Yen,20.6464,106.0511,25.4,87,15.5,77,1003.6,1
2025-04-18,Hung_Yen,20.6464,106.0511,26.6,85,15.1,64,1002.5,0
2025-04-19,Hung_Yen,20.6464,106.0511,28.0,81,17.1,52,1002.9,0
2025-04-20,Hung_Yen,20.6464,106.0511,27.4,84,17.7,50,1004.4,1
2025-04-21,Hung_Yen,20.6464,106.0511,27.2,84,21.6,38,1005.9,0
2025-04-22,Hung_Yen,20.6464,106.0511,28.1,84,18.2,35,1004.8,0
2025-04-23,Hung_Yen,20.6464,106.0511,28.5,83,17.5,77,1003.0,1
2025-04-24,Hung_Yen,20.6464,106.0511,27.6,86,16.0,80,1003.9,1
2025-04-25,Hung_Yen,20.6464,106.0511,25.3,85,13.6,98,1008.2,1
2025-04-26,Hung_Yen,20.6464,106.0511,26.1,87,15.4,83,1008.5,1
2025-04-27,Hung_Yen,20.6464,106.0511,27.2,88,18.4,81,1007.7,1
2025-04-28,Hung_Yen,20.6464,106.0511,25.3,92,12.5,97,1009.3,1
2025-04-29,Hung_Yen,20.6464,106.0511,25.3,92,11.8,87,1009.8,1
2025-04-30,Hung_Yen,20.6464,106.0511,26.4,89,11.6,77,1008.9,1
2025-05-01,Hung_Yen,20.6464,106.0511,25.4,87,13.7,93,1011.2,1
2025-05-02,Hung_Yen,20.6464,106.0511,26.4,83,13.6,20,1008.2,0
2025-05-03,Hung_Yen,20.6464,106.0511,27.2,84,17.0,62,1005.3,1
2025-05-04,Hung_Yen,20.6464,106.0511,28.6,83,18.1,56,1002.9,0
2025-05-05,Hung_Yen,20.6464,106.0511,29.2,83,15.9,36,1002.3,0
2025-05-06,Hung_Yen,20.6464,106.0511,29.1,83,15.2,87,1002.8,1
2025-05-07,Hung_Yen,20.6464,106.0511,29.5,83,14.8,82,1001.3,0
2025-05-08,Hung_Yen,20.6464,106.0511,30.2,80,21.3,77,1000.2,0
2025-05-09,Hung_Yen,20.6464,106.0511,28.5,83,17.7,91,1002.9,1
2025-05-10,Hung_Yen,20.6464,106.0511,26.5,88,14.4,92,1006.2,1
2025-05-11,Hung_Yen,20.6464,106.0511,22.4,80,23.6,96,1009.9,1
2025-05-12,Hung_Yen,20.6464,106.0511,24.0,72,15.2,35,1008.3,0
2025-05-13,Hung_Yen,20.6464,106.0511,25.2,80,15.2,24,1007.6,0
2025-05-14,Hung_Yen,20.6464,106.0511,26.6,87,16.3,65,1007.7,1
2025-05-15,Hung_Yen,20.6464,106.0511,26.4,91,14.4,93,1007.6,1
2025-05-16,Hung_Yen,20.6464,106.0511,27.7,89,15.4,100,1006.2,1
2025-05-17,Hung_Yen,20.6464,106.0511,28.0,89,15.7,86,1006.2,1
2025-05-18,Hung_Yen,20.6464,106.0511,28.1,89,11.7,92,1005.9,1
2025-05-19,Hung_Yen,20.6464,106.0511,27.1,92,13.0,100,1004.8,1
2025-05-20,Hung_Yen,20.6464,106.0511,29.1,86,18.5,93,1002.8,1
2025-05-21,Hung_Yen,20.6464,106.0511,29.4,82,16.1,95,1003.0,1
2025-05-22,Hung_Yen,20.6464,106.0511,28.9,85,17.5,100,1002.1,1
2025-05-23,Hung_Yen,20.6464,106.0511,27.5,91,12.8,100,1003.2,1
2025-05-24,Hung_Yen,20.6464,106.0511,24.2,91,24.1,100,1008.3,1
2025-05-25,Hung_Yen,20.6464,106.0511,23.7,76,18.0,95,1011.6,1
2025-05-26,Hung_Yen,20.6464,106.0511,23.9,76,12.4,96,1011.7,0
2025-05-27,Hung_Yen,20.6464,106.0511,24.8,88,10.2,99,1008.8,1
2025-05-28,Hung_Yen,20.6464,106.0511,27.0,86,15.6,83,1005.5,1
2025-05-29,Hung_Yen,20.6464,106.0511,27.2,89,8.4,98,1005.0,1
2025-05-30,Hung_Yen,20.6464,106.0511,26.1,88,12.9,96,1005.0,1
2025-05-31,Hung_Yen,20.6464,106.0511,29.3,83,15.9,85,1001.7,1
2025-06-01,Hung_Yen,20.6464,106.0511,31.6,71,21.1,73,997.3,0
2025-06-02,Hung_Yen,20.6464,106.0511,32.3,68,17.8,80,997.3,0
2025-06-03,Hung_Yen,20.6464,106.0511,28.2,86,15.1,100,1001.7,1
2025-06-04,Hung_Yen,20.6464,106.0511,28.0,86,8.7,97,1004.2,1
2025-06-05,Hung_Yen,20.6464,106.0511,28.3,85,14.0,86,1004.8,1
2025-06-06,Hung_Yen,20.6464,106.0511,29.3,85,14.2,34,1003.5,1
2025-06-07,Hung_Yen,20.6464,106.0511,30.0,84,16.6,62,1002.4,1
2025-06-08,Hung_Yen,20.6464,106.0511,29.1,87,14.5,91,1001.6,1
2025-06-09,Hung_Yen,20.6464,106.0511,28.4,88,9.2,100,1001.8,1
2025-06-10,Hung_Yen,20.6464,106.0511,27.8,85,20.2,64,1002.4,1
2025-06-11,Hung_Yen,20.6464,106.0511,28.6,77,18.2,68,1001.7,1
2025-06-12,Hung_Yen,20.6464,106.0511,29.0,75,21.2,100,1000.5,1
2025-06-13,Hung_Yen,20.6464,106.0511,28.4,81,24.2,100,999.4,1
2025-06-14,Hung_Yen,20.6464,106.0511,30.1,76,15.6,98,999.2,1
2025-06-15,Hung_Yen,20.6464,106.0511,29.6,83,18.0,80,1000.1,1
2025-06-16,Hung_Yen,20.6464,106.0511,28.6,85,11.0,98,1002.2,1
2025-06-17,Hung_Yen,20.6464,106.0511,29.7,85,16.9,100,1002.0,1
2025-06-18,Hung_Yen,20.6464,106.0511,29.9,80,20.6,100,1001.4,1
2025-06-19,Hung_Yen,20.6464,106.0511,30.4,77,18.9,100,1001.0,1
2025-06-20,Hung_Yen,20.6464,106.0511,30.1,80,18.4,100,1001.1,1
2025-06-21,Hung_Yen,20.6464,106.0511,28.8,84,15.9,100,1002.4,1
2025-06-22,Hung_Yen,20.6464,106.0511,28.0,87,15.9,94,1003.5,1
2025-06-23,Hung_Yen,20.6464,106.0511,28.9,83,16.6,77,1002.4,1
2025-06-24,Hung_Yen,20.6464,106.0511,29.3,85,15.9,96,1002.6,1
2025-06-25,Hung_Yen,20.6464,106.0511,28.6,83,11.6,68,1004.4,1
2025-06-26,Hung_Yen,20.6464,106.0511,29.0,83,12.3,55,1003.2,1
2025-06-27,Hung_Yen,20.6464,106.0511,27.5,90,10.6,100,1001.8,1
2025-06-28,Hung_Yen,20.6464,106.0511,26.9,91,9.9,100,1001.2,1
2025-06-29,Hung_Yen,20.6464,106.0511,27.9,89,9.1,100,999.1,1
2025-06-30,Hung_Yen,20.6464,106.0511,28.6,87,14.0,100,999.3,1
2025-07-01,Hung_Yen,20.6464,106.0511,27.5,86,11.3,100,1001.8,1
2025-07-02,Hung_Yen,20.6464,106.0511,27.2,87,15.1,96,1004.1,1
2025-07-03,Hung_Yen,20.6464,106.0511,26.7,90,10.8,100,1004.7,1
2025-07-04,Hung_Yen,20.6464,106.0511,27.3,90,8.0,97,1003.3,1
2025-07-05,Hung_Yen,20.6464,106.0511,28.8,81,14.6,83,1001.7,1
2025-07-06,Hung_Yen,20.6464,106.0511,28.1,86,13.7,93,1001.5,1
2025-07-07,Hung_Yen,20.6464,106.0511,28.5,87,8.9,94,1000.6,1
2025-07-08,Hung_Yen,20.6464,106.0511,30.4,79,8.8,87,998.6,1
2025-07-09,Hung_Yen,20.6464,106.0511,30.6,79,11.4,93,997.1,1
2025-07-10,Hung_Yen,20.6464,106.0511,29.8,82,12.1,94,996.1,1
2025-07-11,Hung_Yen,20.6464,106.0511,28.1,86,18.1,100,997.5,1
2025-07-12,Hung_Yen,20.6464,106.0511,27.4,88,13.5,98,1001.7,1
2025-07-13,Hung_Yen,20.6464,106.0511,28.4,86,13.0,99,1003.1,1
2025-07-14,Hung_Yen,20.6464,106.0511,28.9,85,8.6,84,1001.8,1
2025-07-15,Hung_Yen,20.6464,106.0511,29.6,83,9.8,80,999.8,1
2025-07-16,Hung_Yen,20.6464,106.0511,30.4,81,14.6,98,999.9,1
2025-07-17,Hung_Yen,20.6464,106.0511,30.6,77,8.9,52,1000.4,1
2025-07-18,Hung_Yen,20.6464,106.0511,31.7,74,9.7,88,997.9,0
2025-07-19,Hung_Yen,20.6464,106.0511,29.5,83,12.9,99,995.1,1
2025-07-20,Hung_Yen,20.6464,106.0511,28.5,86,15.8,100,994.5,1
2025-07-21,Hung_Yen,20.6464,106.0511,27.6,89,31.7,100,991.7,1
2025-07-22,Hung_Yen,20.6464,106.0511,27.4,85,44.2,100,987.1,1
2025-07-23,Hung_Yen,20.6464,106.0511,27.8,87,13.8,99,995.7,1
2025-07-24,Hung_Yen,20.6464,106.0511,27.3,90,13.4,100,999.0,1
2025-07-25,Hung_Yen,20.6464,106.0511,27.5,91,11.1,100,999.5,1
2025-07-26,Hung_Yen,20.6464,106.0511,28.2,87,15.1,74,999.2,1
2025-07-27,Hung_Yen,20.6464,106.0511,28.3,87,14.5,90,998.7,1
2025-07-28,Hung_Yen,20.6464,106.0511,29.3,84,10.8,51,997.1,1
2025-07-29,Hung_Yen,20.6464,106.0511,30.9,79,12.9,79,995.4,0
2025-07-30,Hung_Yen,20.6464,106.0511,31.6,78,11.9,98,995.0,0
2025-07-31,Hung_Yen,20.6464,106.0511,30.1,82,13.1,100,995.5,1
2025-08-01,Hung_Yen,20.6464,106.0511,28.5,87,13.0,86,996.9,1
2025-08-02,Hung_Yen,20.6464,106.0511,29.7,85,14.0,76,998.5,1
2025-08-03,Hung_Yen,20.6464,106.0511,31.8,73,16.3,93,997.8,0
2025-08-04,Hung_Yen,20.6464,106.0511,32.1,69,13.9,99,997.6,1
2025-08-05,Hung_Yen,20.6464,106.0511,30.4,78,13.5,100,999.2,1
2025-08-06,Hung_Yen,20.6464,106.0511,29.0,88,12.1,100,1001.0,1
2025-08-07,Hung_Yen,20.6464,106.0511,29.4,81,14.5,95,1003.4,1
2025-08-08,Hung_Yen,20.6464,106.0511,30.8,79,16.5,46,1003.8,0
2025-08-09,Hung_Yen,20.6464,106.0511,31.3,76,15.7,63,1002.6,0
2025-08-10,Hung_Yen,20.6464,106.0511,30.9,80,13.1,87,1002.2,1
2025-08-11,Hung_Yen,20.6464,106.0511,30.2,82,15.0,92,1002.2,1
2025-08-12,Hung_Yen,20.6464,106.0511,29.6,83,12.7,90,1003.0,1
2025-08-13,Hung_Yen,20.6464,106.0511,29.0,83,7.4,93,1004.0,1
2025-08-14,Hung_Yen,20.6464,106.0511,29.5,84,11.9,97,1002.1,1
2025-08-15,Hung_Yen,20.6464,106.0511,27.0,90,12.8,98,1002.7,1
2025-08-16,Hung_Yen,20.6464,106.0511,25.9,91,11.7,96,1005.4,1
2025-08-17,Hung_Yen,20.6464,106.0511,26.4,90,16.6,100,1005.5,1
2025-08-18,Hung_Yen,20.6464,106.0511,26.1,90,16.5,100,1003.8,1
2025-08-19,Hung_Yen,20.6464,106.0511,26.5,90,14.5,100,1003.9,1
2025-08-20,Hung_Yen,20.6464,106.0511,29.0,84,19.5,100,1004.4,1
2025-08-21,Hung_Yen,20.6464,106.0511,28.5,87,18.6,100,1005.9,1
2025-08-22,Hung_Yen,20.6464,106.0511,28.9,81,17.3,100,1005.8,1
2025-08-23,Hung_Yen,20.6464,106.0511,28.0,85,14.0,84,1005.8,1
2025-08-24,Hung_Yen,20.6464,106.0511,27.4,89,15.3,81,1004.6,1
2025-08-25,Hung_Yen,20.6464,106.0511,25.2,91,30.9,100,1002.0,1
2025-08-26,Hung_Yen,20.6464,106.0511,25.4,93,21.1,100,1004.5,1
2025-08-27,Hung_Yen,20.6464,106.0511,25.3,93,9.3,98,1005.9,1
2025-08-28,Hung_Yen,20.6464,106.0511,26.4,91,6.6,65,1005.5,1
2025-08-29,Hung_Yen,20.6464,106.0511,26.8,89,16.0,81,1006.2,1
2025-08-30,Hung_Yen,20.6464,106.0511,26.3,89,27.8,99,1005.3,1
2025-08-31,Hung_Yen,20.6464,106.0511,26.1,92,11.8,100,1005.9,1
2025-09-01,Hung_Yen,20.6464,106.0511,26.6,90,11.6,97,1005.1,1
2025-09-02,Hung_Yen,20.6464,106.0511,27.6,89,13.0,61,1004.8,1
2025-09-03,Hung_Yen,20.6464,106.0511,28.5,85,12.8,31,1005.0,1
2025-09-04,Hung_Yen,20.6464,106.0511,28.8,83,11.7,17,1004.7,1
2025-09-05,Hung_Yen,20.6464,106.0511,29.2,83,11.5,46,1004.9,1
2025-09-06,Hung_Yen,20.6464,106.0511,28.9,85,10.2,68,1005.6,1
2025-09-07,Hung_Yen,20.6464,106.0511,29.4,79,8.5,58,1004.0,0
2025-09-08,Hung_Yen,20.6464,106.0511,29.9,77,13.8,93,1002.8,0
2025-09-09,Hung_Yen,20.6464,106.0511,28.6,87,10.8,99,1004.0,1
2025-09-10,Hung_Yen,20.6464,106.0511,28.5,84,11.9,98,1005.5,1
2025-09-11,Hung_Yen,20.6464,106.0511,27.6,88,11.6,99,1006.5,1
2025-09-12,Hung_Yen,20.6464,106.0511,27.3,90,14.4,84,1007.5,1
2025-09-13,Hung_Yen,20.6464,106.0511,28.3,83,11.7,71,1008.0,1
2025-09-14,Hung_Yen,20.6464,106.0511,27.8,86,10.3,86,1008.0,1
2025-09-15,Hung_Yen,20.6464,106.0511,26.9,88,14.4,89,1008.5,1
2025-09-16,Hung_Yen,20.6464,106.0511,27.8,83,11.3,69,1008.3,1
2025-09-17,Hung_Yen,20.6464,106.0511,26.7,90,14.8,82,1007.0,1
2025-09-18,Hung_Yen,20.6464,106.0511,26.4,90,12.1,100,1006.8,1
2025-09-19,Hung_Yen,20.6464,106.0511,27.5,87,10.4,76,1006.5,1
2025-09-20,Hung_Yen,20.6464,106.0511,29.2,79,12.1,43,1004.7,0
2025-09-21,Hung_Yen,20.6464,106.0511,28.7,84,13.5,67,1004.0,1
2025-09-22,Hung_Yen,20.6464,106.0511,27.1,86,10.4,86,1005.5,1
2025-09-23,Hung_Yen,20.6464,106.0511,28.1,81,12.6,40,1003.5,1
2025-09-24,Hung_Yen,20.6464,106.0511,29.1,71,23.6,81,1000.5,1
2025-09-25,Hung_Yen,20.6464,106.0511,26.5,79,20.2,94,1001.2,1
2025-09-26,Hung_Yen,20.6464,106.0511,25.9,88,12.9,100,1007.9,1
2025-09-27,Hung_Yen,20.6464,106.0511,26.5,89,13.0,98,1009.7,1
2025-09-28,Hung_Yen,20.6464,106.0511,26.1,88,24.3,88,1006.1,1
2025-09-29,Hung_Yen,20.6464,106.0511,25.3,92,41.6,100,1003.6,1
2025-09-30,Hung_Yen,20.6464,106.0511,25.7,93,17.2,100,1008.2,1
2025-10-01,Hung_Yen,20.6464,106.0511,26.7,89,14.0,98,1009.5,1
2025-10-02,Hung_Yen,20.6464,106.0511,27.7,82,10.6,61,1009.5,1
2025-10-03,Hung_Yen,20.6464,106.0511,27.6,83,13.3,7,1009.1,0
2025-10-04,Hung_Yen,20.6464,106.0511,27.8,87,10.3,42,1008.7,1
2025-10-05,Hung_Yen,20.6464,106.0511,28.5,85,14.7,94,1004.6,1
2025-10-06,Hung_Yen,20.6464,106.0511,25.7,92,16.8,100,1003.1,1
2025-10-07,Hung_Yen,20.6464,106.0511,25.4,93,13.8,100,1009.5,1
2025-10-08,Hung_Yen,20.6464,106.0511,26.0,87,8.6,78,1011.0,1
2025-10-09,Hung_Yen,20.6464,106.0511,26.8,88,7.9,45,1010.3,1
2025-10-10,Hung_Yen,20.6464,106.0511,27.5,83,10.8,23,1009.6,1
2025-10-11,Hung_Yen,20.6464,106.0511,26.6,88,6.3,88,1009.0,1
2025-10-12,Hung_Yen,20.6464,106.0511,27.7,86,8.4,32,1008.3,1
2025-10-13,Hung_Yen,20.6464,106.0511,26.4,90,14.4,90,1009.0,1
2025-10-14,Hung_Yen,20.6464,106.0511,25.6,90,13.0,100,1009.3,1
2025-10-15,Hung_Yen,20.6464,106.0511,25.6,90,14.7,96,1010.1,1
2025-10-16,Hung_Yen,20.6464,106.0511,26.6,84,10.9,58,1011.5,1
2025-10-17,Hung_Yen,20.6464,106.0511,27.2,82,10.4,27,1011.6,1
2025-10-18,Hung_Yen,20.6464,106.0511,27.2,81,9.8,12,1010.9,1
2025-10-19,Hung_Yen,20.6464,106.0511,26.3,86,12.6,43,1010.6,1
2025-10-20,Hung_Yen,20.6464,106.0511,26.1,72,18.5,7,1011.5,1
2025-10-21,Hung_Yen,20.6464,106.0511,24.4,59,23.5,38,1013.7,0
2025-10-22,Hung_Yen,20.6464,106.0511,22.3,56,24.4,100,1015.7,1
2025-10-23,Hung_Yen,20.6464,106.0511,19.7,66,21.2,100,1017.3,1
2025-10-24,Hung_Yen,20.6464,106.0511,20.0,76,16.6,95,1016.8,1
2025-10-25,Hung_Yen,20.6464,106.0511,22.3,72,14.1,64,1015.0,0
2025-10-26,Hung_Yen,20.6464,106.0511,24.0,70,14.5,79,1014.6,0
2025-10-27,Hung_Yen,20.6464,106.0511,23.6,67,17.2,90,1015.1,0
2025-10-28,Hung_Yen,20.6464,106.0511,24.0,67,14.5,100,1014.9,0
2025-10-29,Hung_Yen,20.6464,106.0511,23.7,73,10.2,93,1013.8,0
2025-10-30,Hung_Yen,20.6464,106.0511,23.7,86,13.5,100,1013.6,1
2025-10-31,Hung_Yen,20.6464,106.0511,23.4,84,16.2,100,1014.2,1
2025-11-01,Hung_Yen,20.6464,106.0511,21.4,85,17.5,100,1015.2,1
2025-11-02,Hung_Yen,20.6464,106.0511,20.9,78,16.4,100,1015.7,1
2025-11-03,Hung_Yen,20.6464,106.0511,19.5,81,19.9,100,1015.8,1
2025-11-04,Hung_Yen,20.6464,106.0511,18.7,84,21.2,99,1015.3,1
2025-11-05,Hung_Yen,20.6464,106.0511,20.5,83,12.1,100,1012.5,1
2025-11-06,Hung_Yen,20.6464,106.0511,22.1,86,7.7,78,1010.8,0
2025-11-07,Hung_Yen,20.6464,106.0511,23.1,91,15.9,100,1009.6,1
2025-11-08,Hung_Yen,20.6464,106.0511,25.1,91,16.7,70,1010.7,1
2025-11-09,Hung_Yen,20.6464,106.0511,24.9,92,13.6,80,1010.3,1
2025-11-10,Hung_Yen,20.6464,106.0511,24.8,85,8.8,85,1009.0,1
2025-11-11,Hung_Yen,20.6464,106.0511,22.9,78,10.5,100,1010.2,1
2025-11-12,Hung_Yen,20.6464,106.0511,22.4,67,15.6,88,1013.4,0
2025-11-13,Hung_Yen,20.6464,106.0511,22.2,65,15.6,38,1015.9,0
2025-11-14,Hung_Yen,20.6464,106.0511,20.7,72,11.4,4,1015.9,0
2025-11-15,Hung_Yen,20.6464,106.0511,21.4,76,12.0,9,1017.3,0
2025-11-16,Hung_Yen,20.6464,106.0511,22.7,78,13.2,86,1017.7,1
2025-11-17,Hung_Yen,20.6464,106.0511,23.1,85,11.3,88,1017.6,1
2025-11-18,Hung_Yen,20.6464,106.0511,18.6,89,24.7,100,1021.4,1
2025-11-19,Hung_Yen,20.6464,106.0511,14.3,72,23.8,94,1025.3,1
2025-11-20,Hung_Yen,20.6464,106.0511,17.1,62,16.4,22,1022.8,0
2025-11-21,Hung_Yen,20.6464,106.0511,18.6,57,17.9,9,1021.9,0
2025-11-22,Hung_Yen,20.6464,106.0511,19.1,63,9.9,22,1019.3,0
2025-11-23,Hung_Yen,20.6464,106.0511,20.2,70,10.8,11,1017.6,0
2025-11-24,Hung_Yen,20.6464,106.0511,20.3,68,16.4,8,1018.0,0
2025-11-25,Hung_Yen,20.6464,106.0511,19.6,58,19.4,34,1019.1,0
2025-11-26,Hung_Yen,20.6464,106.0511,17.7,65,11.8,32,1018.4,0
2025-11-27,Hung_Yen,20.6464,106.0511,18.2,53,24.6,58,1021.3,0
2025-11-28,Hung_Yen,20.6464,106.0511,17.4,60,15.2,53,1017.0,0
2025-11-29,Hung_Yen,20.6464,106.0511,17.1,73,8.1,8,1013.8,0
2025-11-30,Hung_Yen,20.6464,106.0511,20.0,76,9.1,31,1012.0,0
2025-12-01,Hung_Yen,20.6464,106.0511,21.0,85,14.2,68,1012.4,1
2025-12-02,Hung_Yen,20.6464,106.0511,22.7,85,11.9,64,1011.6,1
2025-12-03,Hung_Yen,20.6464,106.0511,21.5,82,15.6,99,1016.6,1
2025-12-04,Hung_Yen,20.6464,106.0511,20.6,73,12.1,62,1017.6,0
2025-12-05,Hung_Yen,20.6464,106.0511,20.4,78,11.7,100,1018.7,0
2025-12-06,Hung_Yen,20.6464,106.0511,20.3,76,13.2,66,1017.1,0
2025-12-07,Hung_Yen,20.6464,106.0511,20.8,85,11.4,48,1016.6,1
2025-12-08,Hung_Yen,20.6464,106.0511,21.2,77,15.7,47,1018.1,0
2025-12-09,Hung_Yen,20.6464,106.0511,20.2,78,12.4,37,1017.0,1
2025-12-10,Hung_Yen,20.6464,106.0511,21.0,79,13.9,39,1015.9,0
2025-12-11,Hung_Yen,20.6464,106.0511,21.3,79,11.4,98,1015.9,1
2025-12-12,Hung_Yen,20.6464,106.0511,22.2,83,10.9,80,1013.6,1
2025-12-13,Hung_Yen,20.6464,106.0511,20.4,91,24.5,100,1016.6,1
2025-12-14,Hung_Yen,20.6464,106.0511,17.3,64,14.6,67,1020.4,1
2025-12-15,Hung_Yen,20.6464,106.0511,18.4,72,10.7,59,1017.7,0
2025-12-16,Hung_Yen,20.6464,106.0511,19.6,82,8.6,85,1016.4,1
2025-12-17,Hung_Yen,20.6464,106.0511,20.5,87,11.5,89,1018.3,1
2025-12-18,Hung_Yen,20.6464,106.0511,20.2,79,11.6,19,1016.8,0
2025-12-19,Hung_Yen,20.6464,106.0511,20.1,84,14.0,34,1013.0,0
2025-12-20,Hung_Yen,20.6464,106.0511,21.8,86,10.0,61,1013.6,1
2025-12-21,Hung_Yen,20.6464,106.0511,21.3,85,15.7,48,1015.6,1
2025-12-22,Hung_Yen,20.6464,106.0511,21.6,84,15.2,33,1013.6,1
2025-12-23,Hung_Yen,20.6464,106.0511,22.4,86,17.3,55,1012.1,1
2025-12-24,Hung_Yen,20.6464,106.0511,22.9,86,14.1,66,1011.3,1
2025-12-25,Hung_Yen,20.6464,106.0511,17.6,65,24.1,96,1018.1,1
2025-12-26,Hung_Yen,20.6464,106.0511,16.6,57,10.8,27,1018.8,0
2025-12-27,Hung_Yen,20.6464,106.0511,16.2,68,10.3,28,1017.9,0
2025-12-28,Hung_Yen,20.6464,106.0511,17.3,75,6.3,68,1016.8,0
2025-12-29,Hung_Yen,20.6464,106.0511,19.3,79,14.2,56,1013.8,0
2025-12-30,Hung_Yen,20.6464,106.0511,20.8,78,13.6,72,1012.7,1
2025-12-31,Hung_Yen,20.6464,106.0511,20.8,85,15.2,79,1010.0,1
