date,destination,latitude,longitude,temp,humidity,wind_speed,cloud_cover,pressure,rain
2020-01-01,Hai_Phong,20.8449,106.6881,19.8,83,18.6,81,1022.6,1
2020-01-02,Hai_Phong,20.8449,106.6881,20.9,87,14.9,53,1021.3,1
2020-01-03,Hai_Phong,20.8449,106.6881,21.4,85,16.4,67,1019.5,0
2020-01-04,Hai_Phong,20.8449,106.6881,21.2,85,20.0,68,1017.6,1
2020-01-05,Hai_Phong,20.8449,106.6881,21.3,85,19.9,66,1016.6,1
2020-01-06,Hai_Phong,20.8449,106.6881,21.8,87,17.6,30,1015.4,1
2020-01-07,Hai_Phong,20.8449,106.6881,22.1,86,13.4,28,1015.2,0
2020-01-08,Hai_Phong,20.8449,106.6881,21.9,85,16.3,51,1015.7,0
2020-01-09,Hai_Phong,20.8449,106.6881,21.8,90,14.7,60,1014.1,1
2020-01-10,Hai_Phong,20.8449,106.6881,22.6,89,19.6,50,1012.5,1
2020-01-11,Hai_Phong,20.8449,106.6881,20.7,87,18.5,92,1013.2,1
2020-01-12,Hai_Phong,20.8449,106.6881,16.1,71,9.6,86,1016.5,1
2020-01-13,Hai_Phong,20.8449,106.6881,18.3,81,11.7,88,1014.5,1
2020-01-14,Hai_Phong,20.8449,106.6881,21.4,87,22.8,65,1013.7,1
2020-01-15,Hai_Phong,20.8449,106.6881,22.2,81,25.4,40,1012.9,1
2020-01-16,Hai_Phong,20.8449,106.6881,21.5,85,19.5,64,1014.4,1
2020-01-17,Hai_Phong,20.8449,106.6881,18.1,74,10.7,85,1018.0,0
2020-01-18,Hai_Phong,20.8449,106.6881,18.3,82,11.9,99,1016.5,1
2020-01-19,Hai_Phong,20.8449,106.6881,16.8,78,11.9,93,1018.7,1
2020-01-20,Hai_Phong,20.8449,106.6881,18.1,80,11.9,100,1018.5,1
2020-01-21,Hai_Phong,20.8449,106.6881,20.5,89,18.3,66,1017.7,1
2020-01-22,Hai_Phong,20.8449,106.6881,21.6,89,20.2,65,1015.2,1
2020-01-23,Hai_Phong,20.8449,106.6881,22.2,89,20.7,76,1013.4,1
2020-01-24,Hai_Phong,20.8449,106.6881,21.8,89,20.8,88,1013.1,1
2020-01-25,Hai_Phong,20.8449,106.6881,17.0,90,24.0,98,1013.0,1
2020-01-26,Hai_Phong,20.8449,106.6881,13.9,67,11.5,85,1016.8,1
2020-01-27,Hai_Phong,20.8449,106.6881,14.2,67,10.9,50,1015.9,1
2020-01-28,Hai_Phong,20.8449,106.6881,14.7,69,10.9,82,1017.7,0
2020-01-29,Hai_Phong,20.8449,106.6881,14.4,62,11.5,72,1020.8,1
2020-01-30,Hai_Phong,20.8449,106.6881,14.3,66,14.2,4,1020.6,0
2020-01-31,Hai_Phong,20.8449,106.6881,15.8,72,16.6,34,1019.0,0
2020-02-01,Hai_Phong,20.8449,106.6881,17.6,89,14.5,92,1017.4,1
2020-02-02,Hai_Phong,20.8449,106.6881,19.3,91,17.6,71,1017.4,1
2020-02-03,Hai_Phong,20.8449,106.6881,19.1,89,20.1,78,1016.4,1
2020-02-04,Hai_Phong,20.8449,106.6881,17.0,85,13.9,100,1017.5,1
2020-02-05,Hai_Phong,20.8449,106.6881,17.1,88,15.2,98,1016.6,1
2020-02-06,Hai_Phong,20.8449,106.6881,20.2,92,13.4,73,1014.8,1
2020-02-07,Hai_Phong,20.8449,106.6881,20.0,89,19.4,86,1017.4,1
2020-02-08,Hai_Phong,20.8449,106.6881,18.7,83,23.4,96,1020.7,1
2020-02-09,Hai_Phong,20.8449,106.6881,16.4,76,13.4,91,1023.6,1
2020-02-10,Hai_Phong,20.8449,106.6881,16.8,78,15.4,94,1020.2,0
2020-02-11,Hai_Phong,20.8449,106.6881,19.8,88,15.8,86,1016.8,1
2020-02-12,Hai_Phong,20.8449,106.6881,20.9,93,19.6,87,1014.2,1
2020-02-13,Hai_Phong,20.8449,106.6881,21.1,94,16.6,100,1010.4,1
2020-02-14,Hai_Phong,20.8449,106.6881,22.3,94,18.8,79,1007.0,1
2020-02-15,Hai_Phong,20.8449,106.6881,23.1,89,23.4,76,1009.0,1
2020-02-16,Hai_Phong,20.8449,106.6881,14.6,60,19.9,92,1020.9,1
2020-02-17,Hai_Phong,20.8449,106.6881,16.4,51,12.6,58,1025.1,0
2020-02-18,Hai_Phong,20.8449,106.6881,15.9,53,14.7,42,1023.8,0
2020-02-19,Hai_Phong,20.8449,106.6881,17.4,75,11.2,88,1021.0,1
2020-02-20,Hai_Phong,20.8449,106.6881,19.3,83,18.6,65,1020.8,0
2020-02-21,Hai_Phong,20.8449,106.6881,19.8,84,22.1,58,1023.6,0
2020-02-22,Hai_Phong,20.8449,106.6881,18.8,81,16.7,3,1024.2,0
2020-02-23,Hai_Phong,20.8449,106.6881,18.8,83,15.1,9,1021.6,1
2020-02-24,Hai_Phong,20.8449,106.6881,19.9,84,12.9,37,1017.3,1
2020-02-25,Hai_Phong,20.8449,106.6881,20.1,86,13.2,47,1015.6,1
2020-02-26,Hai_Phong,20.8449,106.6881,20.5,86,13.3,88,1016.2,0
2020-02-27,Hai_Phong,20.8449,106.6881,21.4,88,13.9,93,1015.9,1
2020-02-28,Hai_Phong,20.8449,106.6881,21.6,87,14.8,90,1014.2,1
2020-02-29,Hai_Phong,20.8449,106.6881,21.9,87,14.2,41,1012.2,1
2020-03-01,Hai_Phong,20.8449,106.6881,22.0,91,15.5,77,1012.0,1
2020-03-02,Hai_Phong,20.8449,106.6881,22.3,91,15.8,47,1012.6,1
2020-03-03,Hai_Phong,20.8449,106.6881,22.4,89,20.6,67,1013.0,1
2020-03-04,Hai_Phong,20.8449,106.6881,18.2,89,19.7,94,1015.4,1
2020-03-05,Hai_Phong,20.8449,106.6881,16.6,85,7.2,100,1017.0,1
2020-03-06,Hai_Phong,20.8449,106.6881,19.6,88,10.9,78,1013.5,0
2020-03-07,Hai_Phong,20.8449,106.6881,21.6,90,14.8,75,1009.8,1
2020-03-08,Hai_Phong,20.8449,106.6881,24.1,87,13.8,37,1004.4,0
2020-03-09,Hai_Phong,20.8449,106.6881,25.3,81,15.3,2,1003.3,0
2020-03-10,Hai_Phong,20.8449,106.6881,23.0,63,19.5,61,1011.9,0
2020-03-11,Hai_Phong,20.8449,106.6881,20.6,76,10.2,100,1013.9,1
2020-03-12,Hai_Phong,20.8449,106.6881,23.2,87,15.6,95,1010.8,1
2020-03-13,Hai_Phong,20.8449,106.6881,24.4,89,14.6,90,1011.6,1
2020-03-14,Hai_Phong,20.8449,106.6881,22.0,77,15.0,97,1015.8,1
2020-03-15,Hai_Phong,20.8449,106.6881,20.7,82,14.1,100,1016.0,1
2020-03-16,Hai_Phong,20.8449,106.6881,23.2,86,13.7,99,1013.9,1
2020-03-17,Hai_Phong,20.8449,106.6881,23.3,91,15.1,98,1014.1,1
2020-03-18,Hai_Phong,20.8449,106.6881,21.7,86,16.2,98,1012.2,1
2020-03-19,Hai_Phong,20.8449,106.6881,21.0,90,12.0,100,1012.1,1
2020-03-20,Hai_Phong,20.8449,106.6881,21.4,88,8.3,100,1012.2,1
2020-03-21,Hai_Phong,20.8449,106.6881,23.7,92,21.6,92,1010.7,1
2020-03-22,Hai_Phong,20.8449,106.6881,24.1,90,18.4,70,1010.7,1
2020-03-23,Hai_Phong,20.8449,106.6881,24.2,88,14.9,67,1011.2,1
2020-03-24,Hai_Phong,20.8449,106.6881,24.0,86,14.3,47,1010.9,1
2020-03-25,Hai_Phong,20.8449,106.6881,24.2,89,24.0,62,1009.3,1
2020-03-26,Hai_Phong,20.8449,106.6881,24.8,89,23.9,72,1008.5,1
2020-03-27,Hai_Phong,20.8449,106.6881,25.1,90,19.8,52,1008.0,1
2020-03-28,Hai_Phong,20.8449,106.6881,24.7,83,18.4,50,1009.5,1
2020-03-29,Hai_Phong,20.8449,106.6881,24.6,85,24.5,72,1007.7,1
2020-03-30,Hai_Phong,20.8449,106.6881,22.9,83,16.6,100,1008.1,1
2020-03-31,Hai_Phong,20.8449,106.6881,20.9,84,11.5,100,1010.5,1
2020-04-01,Hai_Phong,20.8449,106.6881,21.2,84,12.2,99,1011.6,1
2020-04-02,Hai_Phong,20.8449,106.6881,23.9,87,21.0,88,1011.5,1
2020-04-03,Hai_Phong,20.8449,106.6881,23.8,87,17.4,88,1012.1,1
2020-04-04,Hai_Phong,20.8449,106.6881,22.1,85,19.0,98,1014.4,1
2020-04-05,Hai_Phong,20.8449,106.6881,18.4,85,10.3,100,1016.4,1
2020-04-06,Hai_Phong,20.8449,106.6881,19.4,83,7.7,97,1014.8,1
2020-04-07,Hai_Phong,20.8449,106.6881,19.9,83,9.5,92,1014.0,1
2020-04-08,Hai_Phong,20.8449,106.6881,21.3,83,10.3,69,1014.3,1
2020-04-09,Hai_Phong,20.8449,106.6881,22.2,82,15.1,53,1015.0,0
2020-04-10,Hai_Phong,20.8449,106.6881,23.7,88,11.5,90,1013.6,1
2020-04-11,Hai_Phong,20.8449,106.6881,25.0,89,14.6,96,1012.3,1
2020-04-12,Hai_Phong,20.8449,106.6881,19.3,70,21.9,89,1017.2,1
2020-04-13,Hai_Phong,20.8449,106.6881,17.2,71,14.3,68,1018.5,1
2020-04-14,Hai_Phong,20.8449,106.6881,18.2,75,13.3,44,1016.1,0
2020-04-15,Hai_Phong,20.8449,106.6881,20.4,85,12.0,73,1013.2,0
2020-04-16,Hai_Phong,20.8449,106.6881,23.4,88,20.6,86,1010.4,1
2020-04-17,Hai_Phong,20.8449,106.6881,24.1,87,21.6,96,1010.5,1
2020-04-18,Hai_Phong,20.8449,106.6881,25.1,90,19.5,93,1009.6,1
2020-04-19,Hai_Phong,20.8449,106.6881,25.3,89,15.0,89,1008.4,0
2020-04-20,Hai_Phong,20.8449,106.6881,25.5,89,19.0,77,1009.0,1
2020-04-21,Hai_Phong,20.8449,106.6881,26.0,88,16.0,90,1008.1,0
2020-04-22,Hai_Phong,20.8449,106.6881,24.4,85,19.5,88,1010.3,1
2020-04-23,Hai_Phong,20.8449,106.6881,21.6,78,15.5,100,1014.4,1
2020-04-24,Hai_Phong,20.8449,106.6881,17.9,81,11.2,100,1018.1,1
2020-04-25,Hai_Phong,20.8449,106.6881,19.1,79,10.2,99,1017.5,0
2020-04-26,Hai_Phong,20.8449,106.6881,20.7,76,12.9,94,1017.9,0
2020-04-27,Hai_Phong,20.8449,106.6881,22.0,74,14.8,60,1017.0,0
2020-04-28,Hai_Phong,20.8449,106.6881,23.1,76,16.3,45,1015.3,0
2020-04-29,Hai_Phong,20.8449,106.6881,23.8,79,14.2,40,1014.1,0
2020-04-30,Hai_Phong,20.8449,106.6881,24.2,83,11.7,68,1012.9,0
2020-05-01,Hai_Phong,20.8449,106.6881,25.0,87,15.8,69,1010.0,1
2020-05-02,Hai_Phong,20.8449,106.6881,25.8,89,20.2,62,1007.7,1
2020-05-03,Hai_Phong,20.8449,106.6881,26.6,87,14.6,80,1007.3,1
2020-05-04,Hai_Phong,20.8449,106.6881,27.7,85,18.7,71,1007.0,0
2020-05-05,Hai_Phong,20.8449,106.6881,27.9,84,17.5,43,1005.5,0
2020-05-06,Hai_Phong,20.8449,106.6881,27.9,83,19.1,55,1004.3,0
2020-05-07,Hai_Phong,20.8449,106.6881,28.9,80,19.0,28,1003.4,0
2020-05-08,Hai_Phong,20.8449,106.6881,28.9,82,18.5,56,1003.4,1
2020-05-09,Hai_Phong,20.8449,106.6881,29.5,83,16.9,59,1004.8,0
2020-05-10,Hai_Phong,20.8449,106.6881,29.3,83,15.6,50,1005.8,0
2020-05-11,Hai_Phong,20.8449,106.6881,28.8,82,15.5,52,1007.5,0
2020-05-12,Hai_Phong,20.8449,106.6881,27.5,81,13.0,88,1009.3,1
2020-05-13,Hai_Phong,20.8449,106.6881,27.8,82,17.8,69,1008.6,1
2020-05-14,Hai_Phong,20.8449,106.6881,28.1,82,19.4,70,1006.5,1
2020-05-15,Hai_Phong,20.8449,106.6881,28.7,84,21.3,33,1003.7,1
2020-05-16,Hai_Phong,20.8449,106.6881,29.0,81,20.2,43,1003.9,0
2020-05-17,Hai_Phong,20.8449,106.6881,28.3,86,17.4,65,1003.0,1
2020-05-18,Hai_Phong,20.8449,106.6881,28.2,87,13.6,54,1002.2,1
2020-05-19,Hai_Phong,20.8449,106.6881,28.2,85,13.2,46,1002.6,1
2020-05-20,Hai_Phong,20.8449,106.6881,30.4,81,15.2,82,1000.9,0
2020-05-21,Hai_Phong,20.8449,106.6881,32.2,70,14.4,94,999.5,0
2020-05-22,Hai_Phong,20.8449,106.6881,30.3,79,14.8,100,1002.1,1
2020-05-23,Hai_Phong,20.8449,106.6881,27.9,83,13.8,93,1005.3,1
2020-05-24,Hai_Phong,20.8449,106.6881,28.7,85,15.1,80,1005.7,1
2020-05-25,Hai_Phong,20.8449,106.6881,30.6,80,13.1,59,1004.9,1
2020-05-26,Hai_Phong,20.8449,106.6881,27.8,78,15.4,97,1006.8,1
2020-05-27,Hai_Phong,20.8449,106.6881,26.2,78,11.2,82,1008.7,1
2020-05-28,Hai_Phong,20.8449,106.6881,27.5,78,13.9,63,1008.2,0
2020-05-29,Hai_Phong,20.8449,106.6881,28.1,83,18.4,59,1006.3,1
2020-05-30,Hai_Phong,20.8449,106.6881,30.1,79,12.4,58,1006.4,1
2020-05-31,Hai_Phong,20.8449,106.6881,30.7,74,18.8,77,1006.4,1
2020-06-01,Hai_Phong,20.8449,106.6881,30.4,76,15.2,72,1005.4,1
2020-06-02,Hai_Phong,20.8449,106.6881,30.9,73,19.6,68,1003.8,0
2020-06-03,Hai_Phong,20.8449,106.6881,30.8,73,19.5,62,1003.3,1
2020-06-04,Hai_Phong,20.8449,106.6881,31.1,74,21.5,84,1002.8,1
2020-06-05,Hai_Phong,20.8449,106.6881,31.4,73,19.2,94,1002.4,1
2020-06-06,Hai_Phong,20.8449,106.6881,31.6,70,17.6,96,1001.7,0
2020-06-07,Hai_Phong,20.8449,106.6881,32.6,62,20.5,96,1000.0,0
2020-06-08,Hai_Phong,20.8449,106.6881,32.5,62,20.9,98,1000.3,0
2020-06-09,Hai_Phong,20.8449,106.6881,32.0,68,21.0,100,1002.8,0
2020-06-10,Hai_Phong,20.8449,106.6881,30.8,79,19.9,97,1004.5,1
2020-06-11,Hai_Phong,20.8449,106.6881,29.9,82,18.5,98,1003.3,1
2020-06-12,Hai_Phong,20.8449,106.6881,30.5,79,18.5,66,1001.1,1
2020-06-13,Hai_Phong,20.8449,106.6881,30.4,80,19.7,59,1000.9,1
2020-06-14,Hai_Phong,20.8449,106.6881,28.4,89,17.1,87,1003.4,1
2020-06-15,Hai_Phong,20.8449,106.6881,27.6,88,18.5,99,1005.5,1
2020-06-16,Hai_Phong,20.8449,106.6881,29.2,81,21.8,76,1004.0,1
2020-06-17,Hai_Phong,20.8449,106.6881,29.8,79,22.7,46,1002.2,1
2020-06-18,Hai_Phong,20.8449,106.6881,29.8,79,19.8,17,1003.3,1
2020-06-19,Hai_Phong,20.8449,106.6881,29.6,79,19.9,58,1004.7,1
2020-06-20,Hai_Phong,20.8449,106.6881,30.0,80,21.1,46,1004.2,1
2020-06-21,Hai_Phong,20.8449,106.6881,31.0,77,20.9,42,1001.5,1
2020-06-22,Hai_Phong,20.8449,106.6881,31.7,74,22.7,53,1001.0,1
2020-06-23,Hai_Phong,20.8449,106.6881,31.7,74,20.8,86,1002.5,0
2020-06-24,Hai_Phong,20.8449,106.6881,32.2,72,18.0,95,1001.6,1
2020-06-25,Hai_Phong,20.8449,106.6881,31.7,73,17.7,100,1000.8,1
2020-06-26,Hai_Phong,20.8449,106.6881,31.6,73,26.3,83,1001.6,0
2020-06-27,Hai_Phong,20.8449,106.6881,31.3,74,25.9,64,1002.8,1
2020-06-28,Hai_Phong,20.8449,106.6881,30.9,77,21.8,53,1003.0,1
2020-06-29,Hai_Phong,20.8449,106.6881,30.6,78,19.3,72,1002.4,1
2020-06-30,Hai_Phong,20.8449,106.6881,30.6,79,16.8,96,1001.2,1
2020-07-01,Hai_Phong,20.8449,106.6881,30.8,78,14.3,95,1000.5,1
2020-07-02,Hai_Phong,20.8449,106.6881,29.9,81,15.6,98,1000.8,1
2020-07-03,Hai_Phong,20.8449,106.6881,29.2,81,17.6,99,1003.7,1
2020-07-04,Hai_Phong,20.8449,106.6881,28.9,83,17.4,97,1004.8,1
2020-07-05,Hai_Phong,20.8449,106.6881,29.9,79,17.0,48,1003.1,1
2020-07-06,Hai_Phong,20.8449,106.6881,30.5,77,23.3,65,1002.8,1
2020-07-07,Hai_Phong,20.8449,106.6881,30.7,78,20.8,98,1004.8,1
2020-07-08,Hai_Phong,20.8449,106.6881,31.9,71,23.3,98,1003.1,0
2020-07-09,Hai_Phong,20.8449,106.6881,33.0,62,23.1,98,999.5,0
2020-07-10,Hai_Phong,20.8449,106.6881,32.9,65,22.5,100,999.5,1
2020-07-11,Hai_Phong,20.8449,106.6881,31.9,67,22.7,100,1001.0,0
2020-07-12,Hai_Phong,20.8449,106.6881,31.8,72,26.3,75,1002.0,1
2020-07-13,Hai_Phong,20.8449,106.6881,31.0,75,20.1,22,1004.3,1
2020-07-14,Hai_Phong,20.8449,106.6881,30.5,78,14.7,18,1005.2,1
2020-07-15,Hai_Phong,20.8449,106.6881,30.8,77,19.3,36,1003.7,1
2020-07-16,Hai_Phong,20.8449,106.6881,30.9,75,22.7,43,1003.0,1
2020-07-17,Hai_Phong,20.8449,106.6881,31.7,72,22.8,54,1003.5,1
2020-07-18,Hai_Phong,20.8449,106.6881,31.8,73,22.5,97,1003.6,1
2020-07-19,Hai_Phong,20.8449,106.6881,32.1,73,19.3,98,1002.7,1
2020-07-20,Hai_Phong,20.8449,106.6881,30.5,78,20.4,99,1004.8,1
2020-07-21,Hai_Phong,20.8449,106.6881,30.0,78,19.3,66,1006.8,1
2020-07-22,Hai_Phong,20.8449,106.6881,30.2,73,19.4,29,1006.3,1
2020-07-23,Hai_Phong,20.8449,106.6881,30.3,73,17.1,19,1006.1,1
2020-07-24,Hai_Phong,20.8449,106.6881,30.3,75,15.1,15,1006.2,1
2020-07-25,Hai_Phong,20.8449,106.6881,30.4,75,17.9,47,1005.5,1
2020-07-26,Hai_Phong,20.8449,106.6881,30.8,77,19.6,89,1004.0,1
2020-07-27,Hai_Phong,20.8449,106.6881,29.8,84,15.3,100,1003.0,1
2020-07-28,Hai_Phong,20.8449,106.6881,29.4,84,10.5,96,1004.5,1
2020-07-29,Hai_Phong,20.8449,106.6881,29.9,82,11.2,66,1004.7,1
2020-07-30,Hai_Phong,20.8449,106.6881,29.9,80,14.4,75,1004.2,1
2020-07-31,Hai_Phong,20.8449,106.6881,29.6,82,13.8,89,1002.0,1
2020-08-01,Hai_Phong,20.8449,106.6881,27.7,87,16.6,100,997.4,1
2020-08-02,Hai_Phong,20.8449,106.6881,26.9,92,29.7,99,995.9,1
2020-08-03,Hai_Phong,20.8449,106.6881,27.2,90,17.4,100,998.9,1
2020-08-04,Hai_Phong,20.8449,106.6881,26.0,95,12.5,100,1000.3,1
2020-08-05,Hai_Phong,20.8449,106.6881,26.8,93,11.2,99,1002.5,1
2020-08-06,Hai_Phong,20.8449,106.6881,27.0,91,18.7,98,1005.1,1
2020-08-07,Hai_Phong,20.8449,106.6881,28.3,86,14.9,59,1005.0,1
2020-08-08,Hai_Phong,20.8449,106.6881,28.8,84,14.9,88,1003.6,1
2020-08-09,Hai_Phong,20.8449,106.6881,29.2,85,17.1,81,1001.7,1
2020-08-10,Hai_Phong,20.8449,106.6881,30.0,85,15.3,86,1000.6,1
2020-08-11,Hai_Phong,20.8449,106.6881,30.4,83,19.8,84,1000.8,1
2020-08-12,Hai_Phong,20.8449,106.6881,30.3,81,19.6,75,1003.6,1
2020-08-13,Hai_Phong,20.8449,106.6881,27.7,90,16.5,90,1005.1,1
2020-08-14,Hai_Phong,20.8449,106.6881,26.2,93,13.8,97,1005.4,1
2020-08-15,Hai_Phong,20.8449,106.6881,27.6,85,18.3,73,1004.7,1
2020-08-16,Hai_Phong,20.8449,106.6881,27.3,86,19.8,75,1003.9,1
2020-08-17,Hai_Phong,20.8449,106.6881,25.8,92,11.6,98,1004.2,1
2020-08-18,Hai_Phong,20.8449,106.6881,26.1,92,12.4,97,1004.4,1
2020-08-19,Hai_Phong,20.8449,106.6881,26.7,90,8.8,95,1004.1,1
2020-08-20,Hai_Phong,20.8449,106.6881,26.4,92,10.2,99,1005.7,1
2020-08-21,Hai_Phong,20.8449,106.6881,27.1,90,10.3,97,1007.1,1
2020-08-22,Hai_Phong,20.8449,106.6881,27.7,88,10.1,86,1006.7,1
2020-08-23,Hai_Phong,20.8449,106.6881,28.1,87,15.8,48,1005.4,1
2020-08-24,Hai_Phong,20.8449,106.6881,29.6,83,13.2,48,1003.1,1
2020-08-25,Hai_Phong,20.8449,106.6881,29.3,85,13.1,78,1002.0,1
2020-08-26,Hai_Phong,20.8449,106.6881,28.6,89,10.0,85,1000.9,1
2020-08-27,Hai_Phong,20.8449,106.6881,29.5,86,14.0,57,999.8,1
2020-08-28,Hai_Phong,20.8449,106.6881,29.8,85,13.1,48,1001.0,1
2020-08-29,Hai_Phong,20.8449,106.6881,29.4,86,10.0,94,1003.1,1
2020-08-30,Hai_Phong,20.8449,106.6881,29.1,86,11.2,54,1004.0,1
2020-08-31,Hai_Phong,20.8449,106.6881,29.5,82,7.7,70,1005.7,1
2020-09-01,Hai_Phong,20.8449,106.6881,29.7,82,10.5,24,1005.5,1
2020-09-02,Hai_Phong,20.8449,106.6881,30.0,82,12.1,54,1005.9,1
2020-09-03,Hai_Phong,20.8449,106.6881,29.4,86,12.2,64,1007.1,1
2020-09-04,Hai_Phong,20.8449,106.6881,29.0,85,11.0,64,1006.8,1
2020-09-05,Hai_Phong,20.8449,106.6881,29.5,82,13.0,18,1004.6,1
2020-09-06,Hai_Phong,20.8449,106.6881,29.8,83,14.1,75,1002.8,1
2020-09-07,Hai_Phong,20.8449,106.6881,27.5,91,13.4,100,1003.9,1
2020-09-08,Hai_Phong,20.8449,106.6881,27.3,91,8.9,98,1007.4,1
2020-09-09,Hai_Phong,20.8449,106.6881,27.0,92,10.5,94,1007.6,1
2020-09-10,Hai_Phong,20.8449,106.6881,28.1,88,17.1,85,1004.4,1
2020-09-11,Hai_Phong,20.8449,106.6881,28.2,89,15.7,95,1005.3,1
2020-09-12,Hai_Phong,20.8449,106.6881,28.3,89,12.3,95,1008.3,1
2020-09-13,Hai_Phong,20.8449,106.6881,27.6,91,12.5,94,1009.2,1
2020-09-14,Hai_Phong,20.8449,106.6881,27.5,89,12.0,91,1007.9,1
2020-09-15,Hai_Phong,20.8449,106.6881,28.3,86,13.8,76,1006.5,1
2020-09-16,Hai_Phong,20.8449,106.6881,28.7,86,13.4,79,1005.1,1
2020-09-17,Hai_Phong,20.8449,106.6881,28.9,86,13.1,89,1004.1,1
2020-09-18,Hai_Phong,20.8449,106.6881,26.0,78,26.8,96,1004.4,1
2020-09-19,Hai_Phong,20.8449,106.6881,25.9,85,28.4,93,1006.1,1
2020-09-20,Hai_Phong,20.8449,106.6881,25.7,93,7.2,99,1007.8,1
2020-09-21,Hai_Phong,20.8449,106.6881,26.9,90,17.0,98,1007.8,1
2020-09-22,Hai_Phong,20.8449,106.6881,27.6,89,14.7,97,1007.3,1
2020-09-23,Hai_Phong,20.8449,106.6881,27.3,91,13.3,98,1008.1,1
2020-09-24,Hai_Phong,20.8449,106.6881,26.3,90,9.4,88,1009.6,1
2020-09-25,Hai_Phong,20.8449,106.6881,26.9,87,16.1,95,1007.3,1
2020-09-26,Hai_Phong,20.8449,106.6881,27.8,89,10.8,96,1006.0,1
2020-09-27,Hai_Phong,20.8449,106.6881,27.1,88,16.4,95,1007.4,1
2020-09-28,Hai_Phong,20.8449,106.6881,26.9,85,15.4,63,1007.6,1
2020-09-29,Hai_Phong,20.8449,106.6881,27.4,88,11.4,86,1006.3,1
2020-09-30,Hai_Phong,20.8449,106.6881,27.6,90,10.3,86,1005.2,1
2020-10-01,Hai_Phong,20.8449,106.6881,26.9,90,12.1,93,1006.2,1
2020-10-02,Hai_Phong,20.8449,106.6881,27.2,89,16.0,95,1007.0,1
2020-10-03,Hai_Phong,20.8449,106.6881,27.1,90,11.6,82,1008.0,1
2020-10-04,Hai_Phong,20.8449,106.6881,27.4,89,9.3,67,1008.1,1
2020-10-05,Hai_Phong,20.8449,106.6881,27.3,87,17.3,41,1009.0,1
2020-10-06,Hai_Phong,20.8449,106.6881,25.8,78,18.9,45,1011.4,0
2020-10-07,Hai_Phong,20.8449,106.6881,24.0,73,16.5,64,1013.2,0
2020-10-08,Hai_Phong,20.8449,106.6881,23.1,71,17.9,49,1013.7,0
2020-10-09,Hai_Phong,20.8449,106.6881,22.8,71,18.3,5,1014.4,0
2020-10-10,Hai_Phong,20.8449,106.6881,22.6,73,13.0,36,1012.9,0
2020-10-11,Hai_Phong,20.8449,106.6881,23.1,73,13.7,70,1010.1,0
2020-10-12,Hai_Phong,20.8449,106.6881,24.6,72,14.2,96,1008.3,0
2020-10-13,Hai_Phong,20.8449,106.6881,25.9,68,14.8,91,1007.0,1
2020-10-14,Hai_Phong,20.8449,106.6881,23.1,89,31.1,100,1004.5,1
2020-10-15,Hai_Phong,20.8449,106.6881,23.5,91,25.4,100,1008.6,1
2020-10-16,Hai_Phong,20.8449,106.6881,25.0,74,22.6,94,1011.0,1
2020-10-17,Hai_Phong,20.8449,106.6881,22.3,66,21.2,97,1013.1,1
2020-10-18,Hai_Phong,20.8449,106.6881,20.8,76,18.2,100,1013.4,1
2020-10-19,Hai_Phong,20.8449,106.6881,20.8,69,20.1,98,1014.3,1
2020-10-20,Hai_Phong,20.8449,106.6881,21.8,69,16.2,70,1015.3,0
2020-10-21,Hai_Phong,20.8449,106.6881,21.1,69,15.1,21,1015.2,0
2020-10-22,Hai_Phong,20.8449,106.6881,20.9,69,19.5,40,1012.8,0
2020-10-23,Hai_Phong,20.8449,106.6881,21.1,65,14.5,57,1012.8,0
2020-10-24,Hai_Phong,20.8449,106.6881,21.8,68,10.5,87,1013.0,0
2020-10-25,Hai_Phong,20.8449,106.6881,22.0,74,14.0,96,1012.1,1
2020-10-26,Hai_Phong,20.8449,106.6881,22.3,86,9.9,77,1012.3,1
2020-10-27,Hai_Phong,20.8449,106.6881,24.3,83,9.2,69,1011.1,1
2020-10-28,Hai_Phong,20.8449,106.6881,24.6,80,18.2,97,1010.9,1
2020-10-29,Hai_Phong,20.8449,106.6881,23.7,75,23.3,96,1013.0,1
2020-10-30,Hai_Phong,20.8449,106.6881,22.5,84,13.3,99,1016.2,1
2020-10-31,Hai_Phong,20.8449,106.6881,23.2,84,13.8,75,1016.0,1
2020-11-01,Hai_Phong,20.8449,106.6881,23.8,86,12.4,45,1014.8,1
2020-11-02,Hai_Phong,20.8449,106.6881,23.9,80,15.7,80,1015.5,1
2020-11-03,Hai_Phong,20.8449,106.6881,21.2,71,9.7,79,1017.3,0
2020-11-04,Hai_Phong,20.8449,106.6881,21.6,73,7.4,58,1016.2,0
2020-11-05,Hai_Phong,20.8449,106.6881,22.1,81,13.0,56,1015.8,0
2020-11-06,Hai_Phong,20.8449,106.6881,22.9,81,10.1,38,1016.5,0
2020-11-07,Hai_Phong,20.8449,106.6881,23.3,73,12.6,3,1017.5,0
2020-11-08,Hai_Phong,20.8449,106.6881,23.0,65,15.5,15,1018.0,0
2020-11-09,Hai_Phong,20.8449,106.6881,21.9,58,15.8,6,1017.7,0
2020-11-10,Hai_Phong,20.8449,106.6881,21.0,61,12.5,67,1017.9,0
2020-11-11,Hai_Phong,20.8449,106.6881,22.0,58,10.8,83,1019.1,0
2020-11-12,Hai_Phong,20.8449,106.6881,22.2,63,9.4,22,1018.5,0
2020-11-13,Hai_Phong,20.8449,106.6881,21.7,66,10.1,1,1016.3,0
2020-11-14,Hai_Phong,20.8449,106.6881,21.2,58,13.2,59,1015.9,1
2020-11-15,Hai_Phong,20.8449,106.6881,20.9,85,12.5,100,1015.9,1
2020-11-16,Hai_Phong,20.8449,106.6881,23.1,86,25.8,89,1014.8,1
2020-11-17,Hai_Phong,20.8449,106.6881,23.7,92,16.3,67,1012.1,1
2020-11-18,Hai_Phong,20.8449,106.6881,24.1,90,14.1,30,1010.6,1
2020-11-19,Hai_Phong,20.8449,106.6881,24.3,92,14.5,65,1010.0,1
2020-11-20,Hai_Phong,20.8449,106.6881,24.2,91,15.0,63,1010.7,1
2020-11-21,Hai_Phong,20.8449,106.6881,24.3,90,15.9,55,1011.4,1
2020-11-22,Hai_Phong,20.8449,106.6881,24.6,89,17.1,27,1014.4,1
2020-11-23,Hai_Phong,20.8449,106.6881,24.3,82,21.6,32,1016.4,1
2020-11-24,Hai_Phong,20.8449,106.6881,23.0,78,17.7,43,1016.8,0
2020-11-25,Hai_Phong,20.8449,106.6881,23.0,84,15.6,58,1016.2,1
2020-11-26,Hai_Phong,20.8449,106.6881,23.3,82,18.9,18,1017.4,1
2020-11-27,Hai_Phong,20.8449,106.6881,22.2,76,15.0,11,1019.5,0
2020-11-28,Hai_Phong,20.8449,106.6881,19.7,65,17.4,44,1021.2,0
2020-11-29,Hai_Phong,20.8449,106.6881,17.6,59,13.7,60,1021.7,0
2020-11-30,Hai_Phong,20.8449,106.6881,18.1,61,11.6,39,1021.9,0
2020-12-01,Hai_Phong,20.8449,106.6881,19.3,61,9.4,64,1021.2,0
2020-12-02,Hai_Phong,20.8449,106.6881,18.9,69,8.6,98,1020.1,1
2020-12-03,Hai_Phong,20.8449,106.6881,18.9,59,12.5,39,1020.6,0
2020-12-04,Hai_Phong,20.8449,106.6881,16.1,58,13.7,37,1021.5,0
2020-12-05,Hai_Phong,20.8449,106.6881,14.9,65,8.7,10,1021.8,0
2020-12-06,Hai_Phong,20.8449,106.6881,15.7,72,12.3,6,1019.8,0
2020-12-07,Hai_Phong,20.8449,106.6881,17.4,71,9.0,18,1020.7,0
2020-12-08,Hai_Phong,20.8449,106.6881,17.5,66,9.0,25,1020.1,0
2020-12-09,Hai_Phong,20.8449,106.6881,17.1,77,12.0,12,1016.6,0
2020-12-10,Hai_Phong,20.8449,106.6881,18.4,74,14.9,28,1016.1,0
2020-12-11,Hai_Phong,20.8449,106.6881,20.3,73,13.0,49,1014.6,0
2020-12-12,Hai_Phong,20.8449,106.6881,20.2,83,11.0,68,1013.3,1
2020-12-13,Hai_Phong,20.8449,106.6881,22.3,89,14.8,90,1010.6,1
2020-12-14,Hai_Phong,20.8449,106.6881,20.7,80,19.4,93,1014.5,1
2020-12-15,Hai_Phong,20.8449,106.6881,13.5,74,13.4,100,1020.9,1
2020-12-16,Hai_Phong,20.8449,106.6881,12.6,67,9.1,100,1023.1,1
2020-12-17,Hai_Phong,20.8449,106.6881,13.4,65,9.2,100,1021.6,0
2020-12-18,Hai_Phong,20.8449,106.6881,13.1,60,11.9,99,1022.4,0
2020-12-19,Hai_Phong,20.8449,106.6881,13.3,52,12.6,100,1024.5,0
2020-12-20,Hai_Phong,20.8449,106.6881,13.9,48,15.3,63,1024.9,0
2020-12-21,Hai_Phong,20.8449,106.6881,13.8,51,14.4,45,1022.8,0
2020-12-22,Hai_Phong,20.8449,106.6881,16.2,53,7.2,82,1019.0,0
2020-12-23,Hai_Phong,20.8449,106.6881,17.4,70,6.8,100,1016.6,1
2020-12-24,Hai_Phong,20.8449,106.6881,17.7,78,7.8,90,1016.7,1
2020-12-25,Hai_Phong,20.8449,106.6881,18.6,74,10.6,93,1016.8,0
2020-12-26,Hai_Phong,20.8449,106.6881,19.4,85,9.8,79,1014.8,0
2020-12-27,Hai_Phong,20.8449,106.6881,20.3,89,12.7,100,1013.6,1
2020-12-28,Hai_Phong,20.8449,106.6881,20.9,90,16.8,72,1011.8,1
2020-12-29,Hai_Phong,20.8449,106.6881,21.8,86,19.6,76,1013.1,1
2020-12-30,Hai_Phong,20.8449,106.6881,15.6,46,22.5,85,1023.1,1
2020-12-31,Hai_Phong,20.8449,106.6881,12.5,45,13.0,62,1025.8,0
2021-01-01,Hai_Phong,20.8449,106.6881,11.7,58,9.7,46,1024.5,0
2021-01-02,Hai_Phong,20.8449,106.6881,12.6,65,11.2,16,1021.1,0
2021-01-03,Hai_Phong,20.8449,106.6881,13.8,69,11.8,76,1020.8,0
2021-01-04,Hai_Phong,20.8449,106.6881,16.0,61,13.0,69,1019.8,0
2021-01-05,Hai_Phong,20.8449,106.6881,16.6,67,9.8,90,1019.4,0
2021-01-06,Hai_Phong,20.8449,106.6881,17.3,66,12.1,95,1018.2,0
2021-01-07,Hai_Phong,20.8449,106.6881,14.4,66,12.9,100,1019.3,1
2021-01-08,Hai_Phong,20.8449,106.6881,9.1,59,13.6,99,1024.9,1
2021-01-09,Hai_Phong,20.8449,106.6881,9.7,45,12.1,98,1024.1,0
2021-01-10,Hai_Phong,20.8449,106.6881,11.2,47,12.4,86,1023.1,1
2021-01-11,Hai_Phong,20.8449,106.6881,10.4,40,17.5,75,1027.8,0
2021-01-12,Hai_Phong,20.8449,106.6881,11.4,47,11.9,48,1025.0,0
2021-01-13,Hai_Phong,20.8449,106.6881,13.9,64,13.0,26,1018.2,0
2021-01-14,Hai_Phong,20.8449,106.6881,15.2,77,16.0,30,1016.2,0
2021-01-15,Hai_Phong,20.8449,106.6881,15.8,84,9.5,52,1014.4,0
2021-01-16,Hai_Phong,20.8449,106.6881,18.0,75,11.8,89,1015.1,0
2021-01-17,Hai_Phong,20.8449,106.6881,15.4,62,21.6,99,1023.4,1
2021-01-18,Hai_Phong,20.8449,106.6881,13.2,54,14.7,8,1023.4,0
2021-01-19,Hai_Phong,20.8449,106.6881,13.8,73,14.6,0,1018.0,0
2021-01-20,Hai_Phong,20.8449,106.6881,16.0,85,13.6,39,1015.8,1
2021-01-21,Hai_Phong,20.8449,106.6881,17.2,86,9.5,46,1014.8,0
2021-01-22,Hai_Phong,20.8449,106.6881,17.4,85,7.8,65,1014.4,1
2021-01-23,Hai_Phong,20.8449,106.6881,17.7,86,12.7,60,1013.8,0
2021-01-24,Hai_Phong,20.8449,106.6881,18.4,85,19.8,52,1012.9,0
2021-01-25,Hai_Phong,20.8449,106.6881,19.9,87,16.9,76,1014.1,1
2021-01-26,Hai_Phong,20.8449,106.6881,18.7,88,15.3,44,1015.5,1
2021-01-27,Hai_Phong,20.8449,106.6881,18.2,86,13.5,49,1015.3,0
2021-01-28,Hai_Phong,20.8449,106.6881,18.4,72,15.8,82,1020.0,1
2021-01-29,Hai_Phong,20.8449,106.6881,17.0,70,13.7,39,1020.0,0
2021-01-30,Hai_Phong,20.8449,106.6881,17.5,82,20.6,56,1018.8,1
2021-01-31,Hai_Phong,20.8449,106.6881,18.8,85,20.1,78,1018.3,0
2021-02-01,Hai_Phong,20.8449,106.6881,19.8,83,13.5,60,1017.4,0
2021-02-02,Hai_Phong,20.8449,106.6881,18.6,89,11.9,35,1018.0,1
2021-02-03,Hai_Phong,20.8449,106.6881,19.1,85,14.2,31,1018.5,0
2021-02-04,Hai_Phong,20.8449,106.6881,19.1,87,13.1,42,1019.0,1
2021-02-05,Hai_Phong,20.8449,106.6881,19.1,84,13.0,22,1017.5,0
2021-02-06,Hai_Phong,20.8449,106.6881,18.8,84,13.3,21,1016.2,0
2021-02-07,Hai_Phong,20.8449,106.6881,19.6,83,12.2,25,1015.3,0
2021-02-08,Hai_Phong,20.8449,106.6881,20.3,78,14.7,85,1016.3,1
2021-02-09,Hai_Phong,20.8449,106.6881,16.4,91,15.8,96,1015.6,1
2021-02-10,Hai_Phong,20.8449,106.6881,17.1,79,15.2,21,1014.8,0
2021-02-11,Hai_Phong,20.8449,106.6881,17.3,81,15.9,31,1015.3,0
2021-02-12,Hai_Phong,20.8449,106.6881,17.8,79,12.3,23,1016.3,0
2021-02-13,Hai_Phong,20.8449,106.6881,18.0,81,12.7,43,1016.1,0
2021-02-14,Hai_Phong,20.8449,106.6881,19.4,81,12.0,27,1015.5,0
2021-02-15,Hai_Phong,20.8449,106.6881,19.3,86,14.1,14,1013.1,0
2021-02-16,Hai_Phong,20.8449,106.6881,20.0,84,12.2,47,1014.1,1
2021-02-17,Hai_Phong,20.8449,106.6881,20.4,72,12.3,77,1018.8,1
2021-02-18,Hai_Phong,20.8449,106.6881,19.4,74,14.8,50,1022.1,0
2021-02-19,Hai_Phong,20.8449,106.6881,19.4,73,14.0,35,1021.8,0
2021-02-20,Hai_Phong,20.8449,106.6881,18.9,77,14.0,12,1018.5,0
2021-02-21,Hai_Phong,20.8449,106.6881,19.1,83,18.7,35,1015.1,0
2021-02-22,Hai_Phong,20.8449,106.6881,20.0,87,16.4,47,1014.0,1
2021-02-23,Hai_Phong,20.8449,106.6881,20.5,84,15.9,50,1013.4,1
2021-02-24,Hai_Phong,20.8449,106.6881,20.6,87,21.4,48,1010.4,1
2021-02-25,Hai_Phong,20.8449,106.6881,22.1,88,23.1,87,1006.8,1
2021-02-26,Hai_Phong,20.8449,106.6881,22.8,83,17.3,93,1006.6,1
2021-02-27,Hai_Phong,20.8449,106.6881,19.3,84,13.7,100,1010.9,1
2021-02-28,Hai_Phong,20.8449,106.6881,20.6,90,18.9,100,1011.1,1
2021-03-01,Hai_Phong,20.8449,106.6881,22.6,89,18.0,100,1013.3,1
2021-03-02,Hai_Phong,20.8449,106.6881,18.7,65,13.2,99,1017.9,1
2021-03-03,Hai_Phong,20.8449,106.6881,18.7,84,8.6,99,1017.2,1
2021-03-04,Hai_Phong,20.8449,106.6881,18.8,89,10.1,100,1015.1,1
2021-03-05,Hai_Phong,20.8449,106.6881,21.1,91,9.2,100,1011.8,1
2021-03-06,Hai_Phong,20.8449,106.6881,23.3,90,12.8,90,1012.6,1
2021-03-07,Hai_Phong,20.8449,106.6881,21.3,78,13.8,99,1015.9,1
2021-03-08,Hai_Phong,20.8449,106.6881,21.9,89,16.9,69,1015.5,1
2021-03-09,Hai_Phong,20.8449,106.6881,21.7,92,17.1,62,1015.4,1
2021-03-10,Hai_Phong,20.8449,106.6881,22.1,89,19.4,44,1015.2,1
2021-03-11,Hai_Phong,20.8449,106.6881,22.4,88,15.6,50,1016.0,1
2021-03-12,Hai_Phong,20.8449,106.6881,22.3,89,14.2,39,1016.5,1
2021-03-13,Hai_Phong,20.8449,106.6881,21.6,88,15.5,34,1016.0,1
2021-03-14,Hai_Phong,20.8449,106.6881,21.9,86,14.0,29,1013.1,1
2021-03-15,Hai_Phong,20.8449,106.6881,22.7,87,22.8,64,1010.7,1
2021-03-16,Hai_Phong,20.8449,106.6881,22.7,89,19.0,77,1010.3,1
2021-03-17,Hai_Phong,20.8449,106.6881,23.1,89,19.9,87,1010.0,1
2021-03-18,Hai_Phong,20.8449,106.6881,23.4,88,17.7,92,1009.6,1
2021-03-19,Hai_Phong,20.8449,106.6881,24.0,89,20.9,84,1008.4,1
2021-03-20,Hai_Phong,20.8449,106.6881,24.4,88,20.7,97,1008.0,1
2021-03-21,Hai_Phong,20.8449,106.6881,19.6,75,23.3,100,1014.6,1
2021-03-22,Hai_Phong,20.8449,106.6881,16.7,63,14.0,76,1022.4,1
2021-03-23,Hai_Phong,20.8449,106.6881,17.9,65,13.2,53,1019.4,0
2021-03-24,Hai_Phong,20.8449,106.6881,19.7,79,12.2,82,1014.8,0
2021-03-25,Hai_Phong,20.8449,106.6881,21.9,87,16.4,54,1012.8,1
2021-03-26,Hai_Phong,20.8449,106.6881,22.7,92,17.1,83,1010.7,1
2021-03-27,Hai_Phong,20.8449,106.6881,23.5,89,19.1,96,1008.6,1
2021-03-28,Hai_Phong,20.8449,106.6881,23.7,89,15.5,98,1007.3,1
2021-03-29,Hai_Phong,20.8449,106.6881,24.7,90,15.6,85,1003.8,0
2021-03-30,Hai_Phong,20.8449,106.6881,25.6,84,13.2,46,1001.2,0
2021-03-31,Hai_Phong,20.8449,106.6881,26.2,82,18.4,47,1000.8,0
2021-04-01,Hai_Phong,20.8449,106.6881,25.6,86,17.7,18,1002.5,0
2021-04-02,Hai_Phong,20.8449,106.6881,25.5,88,18.6,86,1005.5,1
2021-04-03,Hai_Phong,20.8449,106.6881,25.4,89,15.3,88,1008.7,1
2021-04-04,Hai_Phong,20.8449,106.6881,24.5,86,18.9,79,1011.4,1
2021-04-05,Hai_Phong,20.8449,106.6881,24.0,79,20.0,68,1014.0,0
2021-04-06,Hai_Phong,20.8449,106.6881,23.4,84,22.0,61,1014.2,1
2021-04-07,Hai_Phong,20.8449,106.6881,24.2,88,12.3,58,1012.3,1
2021-04-08,Hai_Phong,20.8449,106.6881,24.6,86,14.7,66,1010.9,1
2021-04-09,Hai_Phong,20.8449,106.6881,22.3,76,13.9,98,1013.4,1
2021-04-10,Hai_Phong,20.8449,106.6881,23.2,79,20.0,91,1014.8,1
2021-04-11,Hai_Phong,20.8449,106.6881,24.6,86,16.0,80,1014.5,1
2021-04-12,Hai_Phong,20.8449,106.6881,24.2,90,20.1,87,1012.9,1
2021-04-13,Hai_Phong,20.8449,106.6881,25.0,86,17.6,79,1011.2,1
2021-04-14,Hai_Phong,20.8449,106.6881,25.5,86,17.4,91,1009.5,0
2021-04-15,Hai_Phong,20.8449,106.6881,25.2,89,21.9,96,1008.5,1
2021-04-16,Hai_Phong,20.8449,106.6881,25.5,86,17.1,94,1009.8,1
2021-04-17,Hai_Phong,20.8449,106.6881,23.9,87,14.2,100,1013.0,1
2021-04-18,Hai_Phong,20.8449,106.6881,23.9,85,10.5,74,1011.6,1
2021-04-19,Hai_Phong,20.8449,106.6881,24.8,91,16.1,61,1007.9,1
2021-04-20,Hai_Phong,20.8449,106.6881,26.0,90,20.8,52,1007.1,1
2021-04-21,Hai_Phong,20.8449,106.6881,26.2,90,24.4,66,1007.8,1
2021-04-22,Hai_Phong,20.8449,106.6881,26.1,88,17.7,68,1007.3,1
2021-04-23,Hai_Phong,20.8449,106.6881,26.5,88,23.5,51,1005.2,1
2021-04-24,Hai_Phong,20.8449,106.6881,27.1,88,23.2,57,1005.1,1
2021-04-25,Hai_Phong,20.8449,106.6881,26.4,90,21.5,97,1007.5,1
2021-04-26,Hai_Phong,20.8449,106.6881,23.7,94,14.8,100,1009.4,1
2021-04-27,Hai_Phong,20.8449,106.6881,23.5,87,11.2,97,1012.0,1
2021-04-28,Hai_Phong,20.8449,106.6881,24.1,85,11.0,79,1013.6,1
2021-04-29,Hai_Phong,20.8449,106.6881,22.0,80,10.6,94,1014.2,1
2021-04-30,Hai_Phong,20.8449,106.6881,22.8,84,11.7,66,1011.4,0
2021-05-01,Hai_Phong,20.8449,106.6881,24.9,87,13.7,83,1010.6,1
2021-05-02,Hai_Phong,20.8449,106.6881,26.0,92,16.2,86,1009.3,1
2021-05-03,Hai_Phong,20.8449,106.6881,26.7,89,26.1,76,1007.1,1
2021-05-04,Hai_Phong,20.8449,106.6881,27.3,87,18.0,50,1006.8,1
2021-05-05,Hai_Phong,20.8449,106.6881,26.5,88,13.7,90,1010.2,1
2021-05-06,Hai_Phong,20.8449,106.6881,26.3,88,15.0,88,1011.9,1
2021-05-07,Hai_Phong,20.8449,106.6881,27.1,86,19.5,66,1010.8,1
2021-05-08,Hai_Phong,20.8449,106.6881,26.7,86,19.6,72,1008.1,0
2021-05-09,Hai_Phong,20.8449,106.6881,27.3,87,16.1,73,1006.1,1
2021-05-10,Hai_Phong,20.8449,106.6881,28.6,85,20.5,48,1004.6,1
2021-05-11,Hai_Phong,20.8449,106.6881,29.3,83,22.0,48,1003.4,0
2021-05-12,Hai_Phong,20.8449,106.6881,29.6,81,19.5,29,1003.2,0
2021-05-13,Hai_Phong,20.8449,106.6881,28.4,86,19.9,67,1004.0,1
2021-05-14,Hai_Phong,20.8449,106.6881,28.9,85,22.2,56,1003.9,1
2021-05-15,Hai_Phong,20.8449,106.6881,29.4,83,23.1,49,1004.3,1
2021-05-16,Hai_Phong,20.8449,106.6881,29.6,82,22.5,49,1004.5,1
2021-05-17,Hai_Phong,20.8449,106.6881,29.0,84,22.4,35,1005.8,1
2021-05-18,Hai_Phong,20.8449,106.6881,28.9,85,20.5,63,1005.5,1
2021-05-19,Hai_Phong,20.8449,106.6881,29.8,82,25.6,66,1003.2,1
2021-05-20,Hai_Phong,20.8449,106.6881,29.7,83,19.6,98,1003.3,1
2021-05-21,Hai_Phong,20.8449,106.6881,29.9,82,20.6,76,1002.9,1
2021-05-22,Hai_Phong,20.8449,106.6881,30.4,79,20.4,35,1001.5,1
2021-05-23,Hai_Phong,20.8449,106.6881,30.1,82,19.4,79,1003.3,1
2021-05-24,Hai_Phong,20.8449,106.6881,28.6,80,12.9,93,1007.3,1
2021-05-25,Hai_Phong,20.8449,106.6881,27.4,83,18.4,81,1007.2,1
2021-05-26,Hai_Phong,20.8449,106.6881,28.0,87,18.2,72,1006.0,1
2021-05-27,Hai_Phong,20.8449,106.6881,28.4,86,16.8,76,1006.9,1
2021-05-28,Hai_Phong,20.8449,106.6881,28.5,84,16.4,84,1007.0,1
2021-05-29,Hai_Phong,20.8449,106.6881,30.0,82,19.8,86,1004.6,1
2021-05-30,Hai_Phong,20.8449,106.6881,31.6,73,15.8,95,1001.9,0
2021-05-31,Hai_Phong,20.8449,106.6881,32.1,71,16.7,91,1000.1,1
2021-06-01,Hai_Phong,20.8449,106.6881,32.7,70,19.1,94,1000.4,0
2021-06-02,Hai_Phong,20.8449,106.6881,32.3,73,23.0,99,1001.2,0
2021-06-03,Hai_Phong,20.8449,106.6881,33.0,71,21.5,93,1001.2,1
2021-06-04,Hai_Phong,20.8449,106.6881,27.0,73,16.2,96,1005.3,1
2021-06-05,Hai_Phong,20.8449,106.6881,27.6,68,11.7,85,1004.9,1
2021-06-06,Hai_Phong,20.8449,106.6881,28.6,79,16.4,57,1003.0,1
2021-06-07,Hai_Phong,20.8449,106.6881,28.0,84,13.1,86,1003.8,1
2021-06-08,Hai_Phong,20.8449,106.6881,27.2,89,14.5,95,1004.6,1
2021-06-09,Hai_Phong,20.8449,106.6881,27.6,88,15.8,96,1003.4,1
2021-06-10,Hai_Phong,20.8449,106.6881,28.3,85,13.7,99,1002.1,1
2021-06-11,Hai_Phong,20.8449,106.6881,27.9,87,17.1,97,1002.6,1
2021-06-12,Hai_Phong,20.8449,106.6881,28.2,85,24.5,100,1001.0,1
2021-06-13,Hai_Phong,20.8449,106.6881,27.8,83,28.1,93,1000.9,1
2021-06-14,Hai_Phong,20.8449,106.6881,29.5,76,21.3,32,1000.7,1
2021-06-15,Hai_Phong,20.8449,106.6881,29.9,71,19.1,60,999.2,1
2021-06-16,Hai_Phong,20.8449,106.6881,30.9,72,15.9,87,1000.8,1
2021-06-17,Hai_Phong,20.8449,106.6881,31.3,72,18.0,44,1002.6,1
2021-06-18,Hai_Phong,20.8449,106.6881,31.6,70,19.1,7,1002.7,0
2021-06-19,Hai_Phong,20.8449,106.6881,32.4,64,17.0,48,1000.4,0
2021-06-20,Hai_Phong,20.8449,106.6881,33.1,60,15.1,49,998.5,0
2021-06-21,Hai_Phong,20.8449,106.6881,33.0,65,17.3,86,998.8,0
2021-06-22,Hai_Phong,20.8449,106.6881,31.3,80,12.3,99,1002.0,1
2021-06-23,Hai_Phong,20.8449,106.6881,29.6,82,10.8,100,1002.8,1
2021-06-24,Hai_Phong,20.8449,106.6881,30.3,80,11.7,95,1001.7,1
2021-06-25,Hai_Phong,20.8449,106.6881,29.6,83,14.7,93,1001.7,1
2021-06-26,Hai_Phong,20.8449,106.6881,30.3,78,18.4,92,1002.6,1
2021-06-27,Hai_Phong,20.8449,106.6881,32.0,66,19.4,88,1001.6,1
2021-06-28,Hai_Phong,20.8449,106.6881,32.3,64,16.9,98,999.1,1
2021-06-29,Hai_Phong,20.8449,106.6881,31.7,67,16.2,100,999.3,1
2021-06-30,Hai_Phong,20.8449,106.6881,31.3,70,18.0,100,999.9,1
2021-07-01,Hai_Phong,20.8449,106.6881,31.9,66,19.0,99,1000.3,1
2021-07-02,Hai_Phong,20.8449,106.6881,32.6,63,17.3,99,1001.4,1
2021-07-03,Hai_Phong,20.8449,106.6881,33.0,62,12.2,97,1001.3,1
2021-07-04,Hai_Phong,20.8449,106.6881,32.0,74,19.3,89,1002.0,0
2021-07-05,Hai_Phong,20.8449,106.6881,30.6,76,17.5,74,1003.5,1
2021-07-06,Hai_Phong,20.8449,106.6881,29.8,79,14.3,40,1003.2,1
2021-07-07,Hai_Phong,20.8449,106.6881,29.5,80,17.8,78,1003.0,1
2021-07-08,Hai_Phong,20.8449,106.6881,27.6,88,29.3,82,1005.2,1
2021-07-09,Hai_Phong,20.8449,106.6881,28.3,84,19.6,56,1007.3,1
2021-07-10,Hai_Phong,20.8449,106.6881,28.5,84,14.6,35,1007.7,1
2021-07-11,Hai_Phong,20.8449,106.6881,28.9,81,15.5,29,1008.5,1
2021-07-12,Hai_Phong,20.8449,106.6881,29.4,80,19.2,27,1007.6,1
2021-07-13,Hai_Phong,20.8449,106.6881,29.9,78,20.2,26,1005.5,1
2021-07-14,Hai_Phong,20.8449,106.6881,30.2,75,19.1,20,1005.0,1
2021-07-15,Hai_Phong,20.8449,106.6881,29.6,78,16.9,35,1006.5,1
2021-07-16,Hai_Phong,20.8449,106.6881,29.7,77,15.6,29,1006.9,1
2021-07-17,Hai_Phong,20.8449,106.6881,29.8,78,14.7,70,1003.4,1
2021-07-18,Hai_Phong,20.8449,106.6881,29.8,80,15.7,91,1000.9,1
2021-07-19,Hai_Phong,20.8449,106.6881,29.2,83,10.1,98,1001.0,1
2021-07-20,Hai_Phong,20.8449,106.6881,28.1,88,11.8,99,1001.4,1
2021-07-21,Hai_Phong,20.8449,106.6881,28.3,89,8.4,98,1000.4,1
2021-07-22,Hai_Phong,20.8449,106.6881,27.2,93,9.7,100,998.9,1
2021-07-23,Hai_Phong,20.8449,106.6881,26.1,95,25.1,99,996.4,1
2021-07-24,Hai_Phong,20.8449,106.6881,28.1,87,18.9,75,997.3,1
2021-07-25,Hai_Phong,20.8449,106.6881,28.9,86,6.9,72,998.7,1
2021-07-26,Hai_Phong,20.8449,106.6881,29.0,87,10.5,65,998.3,1
2021-07-27,Hai_Phong,20.8449,106.6881,29.8,85,8.0,75,996.9,1
2021-07-28,Hai_Phong,20.8449,106.6881,29.8,86,8.4,79,996.6,1
2021-07-29,Hai_Phong,20.8449,106.6881,28.4,90,8.3,100,998.2,1
2021-07-30,Hai_Phong,20.8449,106.6881,29.1,89,7.6,99,999.0,1
2021-07-31,Hai_Phong,20.8449,106.6881,30.4,85,17.9,98,997.8,1
2021-08-01,Hai_Phong,20.8449,106.6881,26.7,94,13.6,100,997.9,1
2021-08-02,Hai_Phong,20.8449,106.6881,28.4,87,12.4,90,997.8,1
2021-08-03,Hai_Phong,20.8449,106.6881,29.0,86,18.8,90,998.6,1
2021-08-04,Hai_Phong,20.8449,106.6881,30.7,82,10.1,86,998.7,1
2021-08-05,Hai_Phong,20.8449,106.6881,31.4,80,11.6,84,997.3,1
2021-08-06,Hai_Phong,20.8449,106.6881,31.7,76,10.7,99,998.0,0
2021-08-07,Hai_Phong,20.8449,106.6881,32.0,73,9.0,99,999.3,0
2021-08-08,Hai_Phong,20.8449,106.6881,31.9,79,10.4,96,1000.4,1
2021-08-09,Hai_Phong,20.8449,106.6881,30.0,87,15.7,99,1001.0,1
2021-08-10,Hai_Phong,20.8449,106.6881,28.2,92,20.7,100,1001.2,1
2021-08-11,Hai_Phong,20.8449,106.6881,28.6,89,17.9,98,1003.9,1
2021-08-12,Hai_Phong,20.8449,106.6881,28.9,86,13.1,94,1005.0,1
2021-08-13,Hai_Phong,20.8449,106.6881,30.3,80,17.5,98,1001.5,1
2021-08-14,Hai_Phong,20.8449,106.6881,30.3,79,14.1,100,1000.5,1
2021-08-15,Hai_Phong,20.8449,106.6881,29.4,83,16.2,94,1004.4,1
2021-08-16,Hai_Phong,20.8449,106.6881,29.2,82,16.2,94,1008.1,1
2021-08-17,Hai_Phong,20.8449,106.6881,29.4,83,12.2,51,1007.4,1
2021-08-18,Hai_Phong,20.8449,106.6881,29.6,84,12.5,76,1005.4,1
2021-08-19,Hai_Phong,20.8449,106.6881,28.9,86,12.1,79,1005.6,1
2021-08-20,Hai_Phong,20.8449,106.6881,29.0,85,14.2,52,1006.9,1
2021-08-21,Hai_Phong,20.8449,106.6881,29.6,83,15.0,65,1006.0,1
2021-08-22,Hai_Phong,20.8449,106.6881,30.1,83,19.9,59,1003.6,1
2021-08-23,Hai_Phong,20.8449,106.6881,30.0,82,17.7,83,1002.5,1
2021-08-24,Hai_Phong,20.8449,106.6881,29.8,84,16.6,100,1003.2,1
2021-08-25,Hai_Phong,20.8449,106.6881,28.9,84,15.6,75,1004.8,1
2021-08-26,Hai_Phong,20.8449,106.6881,27.8,85,14.1,82,1007.3,1
2021-08-27,Hai_Phong,20.8449,106.6881,27.3,87,14.0,96,1008.7,1
2021-08-28,Hai_Phong,20.8449,106.6881,26.5,89,14.1,83,1008.6,1
2021-08-29,Hai_Phong,20.8449,106.6881,27.1,88,15.0,65,1008.4,1
2021-08-30,Hai_Phong,20.8449,106.6881,27.4,86,12.4,90,1008.9,1
2021-08-31,Hai_Phong,20.8449,106.6881,27.6,87,12.2,65,1008.7,1
2021-09-01,Hai_Phong,20.8449,106.6881,28.1,86,9.3,74,1007.7,1
2021-09-02,Hai_Phong,20.8449,106.6881,27.0,89,6.5,92,1006.6,1
2021-09-03,Hai_Phong,20.8449,106.6881,27.3,89,10.3,78,1004.7,1
2021-09-04,Hai_Phong,20.8449,106.6881,27.9,86,15.0,58,1004.9,1
2021-09-05,Hai_Phong,20.8449,106.6881,27.0,89,14.5,82,1007.5,1
2021-09-06,Hai_Phong,20.8449,106.6881,27.8,88,8.8,67,1009.2,1
2021-09-07,Hai_Phong,20.8449,106.6881,27.6,89,14.3,80,1008.4,1
2021-09-08,Hai_Phong,20.8449,106.6881,26.7,90,22.0,81,1007.3,1
2021-09-09,Hai_Phong,20.8449,106.6881,27.6,87,12.6,39,1008.4,1
2021-09-10,Hai_Phong,20.8449,106.6881,28.3,83,12.4,64,1007.2,0
2021-09-11,Hai_Phong,20.8449,106.6881,28.9,85,7.6,83,1004.5,1
2021-09-12,Hai_Phong,20.8449,106.6881,29.6,85,13.7,85,1001.8,1
2021-09-13,Hai_Phong,20.8449,106.6881,28.8,89,11.8,94,1004.6,1
2021-09-14,Hai_Phong,20.8449,106.6881,27.1,91,15.6,99,1008.5,1
2021-09-15,Hai_Phong,20.8449,106.6881,26.9,90,10.9,98,1010.2,1
2021-09-16,Hai_Phong,20.8449,106.6881,26.9,90,12.1,88,1009.3,1
2021-09-17,Hai_Phong,20.8449,106.6881,27.5,88,14.8,77,1007.7,1
2021-09-18,Hai_Phong,20.8449,106.6881,28.1,87,12.9,65,1008.3,1
2021-09-19,Hai_Phong,20.8449,106.6881,28.2,87,12.6,53,1008.4,1
2021-09-20,Hai_Phong,20.8449,106.6881,28.0,88,9.8,81,1008.6,1
2021-09-21,Hai_Phong,20.8449,106.6881,27.5,88,8.0,57,1008.1,1
2021-09-22,Hai_Phong,20.8449,106.6881,26.2,92,10.8,87,1008.2,1
2021-09-23,Hai_Phong,20.8449,106.6881,26.9,90,13.0,71,1009.8,1
2021-09-24,Hai_Phong,20.8449,106.6881,26.0,92,17.3,94,1010.0,1
2021-09-25,Hai_Phong,20.8449,106.6881,26.7,90,18.2,79,1009.9,1
2021-09-26,Hai_Phong,20.8449,106.6881,26.7,89,16.2,79,1010.2,1
2021-09-27,Hai_Phong,20.8449,106.6881,26.8,89,9.6,52,1009.9,1
2021-09-28,Hai_Phong,20.8449,106.6881,27.4,86,8.4,27,1008.7,1
2021-09-29,Hai_Phong,20.8449,106.6881,27.7,87,10.9,25,1007.5,1
2021-09-30,Hai_Phong,20.8449,106.6881,27.8,87,13.2,33,1007.5,1
2021-10-01,Hai_Phong,20.8449,106.6881,27.7,86,11.7,50,1007.8,1
2021-10-02,Hai_Phong,20.8449,106.6881,27.5,83,12.6,50,1008.7,1
2021-10-03,Hai_Phong,20.8449,106.6881,27.1,86,12.9,33,1009.2,1
2021-10-04,Hai_Phong,20.8449,106.6881,27.4,85,17.0,35,1009.9,1
2021-10-05,Hai_Phong,20.8449,106.6881,27.0,87,16.7,72,1009.7,1
2021-10-06,Hai_Phong,20.8449,106.6881,26.9,90,8.3,62,1006.9,1
2021-10-07,Hai_Phong,20.8449,106.6881,28.3,76,12.3,62,1003.6,1
2021-10-08,Hai_Phong,20.8449,106.6881,28.0,62,21.1,75,1002.5,0
2021-10-09,Hai_Phong,20.8449,106.6881,23.8,82,21.7,100,1002.1,1
2021-10-10,Hai_Phong,20.8449,106.6881,24.0,90,27.7,100,1000.0,1
2021-10-11,Hai_Phong,20.8449,106.6881,24.5,86,18.4,83,1006.4,1
2021-10-12,Hai_Phong,20.8449,106.6881,23.2,67,18.1,59,1007.6,0
2021-10-13,Hai_Phong,20.8449,106.6881,22.0,74,27.6,100,1003.4,1
2021-10-14,Hai_Phong,20.8449,106.6881,22.2,83,31.1,100,1003.5,1
2021-10-15,Hai_Phong,20.8449,106.6881,22.4,88,12.8,100,1009.0,1
2021-10-16,Hai_Phong,20.8449,106.6881,21.8,72,19.2,99,1014.4,1
2021-10-17,Hai_Phong,20.8449,106.6881,21.2,66,18.1,91,1017.4,1
2021-10-18,Hai_Phong,20.8449,106.6881,19.8,85,11.6,100,1016.5,1
2021-10-19,Hai_Phong,20.8449,106.6881,22.6,89,11.1,98,1015.6,1
2021-10-20,Hai_Phong,20.8449,106.6881,25.8,89,16.5,88,1012.8,1
2021-10-21,Hai_Phong,20.8449,106.6881,22.7,81,17.4,99,1013.9,1
2021-10-22,Hai_Phong,20.8449,106.6881,19.3,64,13.8,99,1019.1,0
2021-10-23,Hai_Phong,20.8449,106.6881,19.9,67,10.7,78,1019.8,0
2021-10-24,Hai_Phong,20.8449,106.6881,20.2,73,10.8,25,1018.9,0
2021-10-25,Hai_Phong,20.8449,106.6881,21.1,76,8.5,28,1016.0,0
2021-10-26,Hai_Phong,20.8449,106.6881,22.0,79,11.9,3,1014.7,0
2021-10-27,Hai_Phong,20.8449,106.6881,23.0,79,9.4,70,1015.1,0
2021-10-28,Hai_Phong,20.8449,106.6881,22.9,85,10.4,100,1015.5,1
2021-10-29,Hai_Phong,20.8449,106.6881,23.7,86,19.5,97,1016.0,1
2021-10-30,Hai_Phong,20.8449,106.6881,22.0,85,9.7,100,1016.9,1
2021-10-31,Hai_Phong,20.8449,106.6881,22.8,87,16.2,88,1015.9,1
2021-11-01,Hai_Phong,20.8449,106.6881,23.8,85,15.8,88,1015.8,0
2021-11-02,Hai_Phong,20.8449,106.6881,23.2,89,17.4,99,1015.8,1
2021-11-03,Hai_Phong,20.8449,106.6881,24.0,85,14.4,66,1014.2,1
2021-11-04,Hai_Phong,20.8449,106.6881,24.8,88,13.4,56,1012.1,1
2021-11-05,Hai_Phong,20.8449,106.6881,25.5,88,18.0,32,1009.5,1
2021-11-06,Hai_Phong,20.8449,106.6881,25.5,89,18.3,52,1007.5,1
2021-11-07,Hai_Phong,20.8449,106.6881,25.3,89,15.2,48,1010.4,1
2021-11-08,Hai_Phong,20.8449,106.6881,18.2,57,26.4,95,1018.8,1
2021-11-09,Hai_Phong,20.8449,106.6881,17.4,59,11.8,16,1019.5,0
2021-11-10,Hai_Phong,20.8449,106.6881,18.1,65,9.4,27,1019.0,0
2021-11-11,Hai_Phong,20.8449,106.6881,19.3,72,9.6,64,1016.4,0
2021-11-12,Hai_Phong,20.8449,106.6881,21.3,63,14.4,98,1018.0,0
2021-11-13,Hai_Phong,20.8449,106.6881,20.5,62,10.9,80,1018.0,0
2021-11-14,Hai_Phong,20.8449,106.6881,19.9,71,10.9,57,1016.8,0
2021-11-15,Hai_Phong,20.8449,106.6881,21.1,75,14.8,89,1014.6,1
2021-11-16,Hai_Phong,20.8449,106.6881,21.6,80,14.8,76,1014.4,0
2021-11-17,Hai_Phong,20.8449,106.6881,21.3,80,16.4,75,1015.9,1
2021-11-18,Hai_Phong,20.8449,106.6881,19.9,72,9.0,66,1014.5,0
2021-11-19,Hai_Phong,20.8449,106.6881,20.3,86,13.7,60,1010.2,1
2021-11-20,Hai_Phong,20.8449,106.6881,23.6,89,20.0,69,1008.8,1
2021-11-21,Hai_Phong,20.8449,106.6881,24.1,90,16.9,54,1011.4,1
2021-11-22,Hai_Phong,20.8449,106.6881,19.1,71,18.4,99,1017.2,1
2021-11-23,Hai_Phong,20.8449,106.6881,16.9,59,11.1,100,1020.7,0
2021-11-24,Hai_Phong,20.8449,106.6881,17.7,61,10.6,75,1020.3,0
2021-11-25,Hai_Phong,20.8449,106.6881,18.2,74,9.3,61,1018.2,0
2021-11-26,Hai_Phong,20.8449,106.6881,19.5,73,9.2,24,1017.9,0
2021-11-27,Hai_Phong,20.8449,106.6881,19.9,68,13.3,39,1018.9,0
2021-11-28,Hai_Phong,20.8449,106.6881,19.3,73,9.4,42,1018.4,0
2021-11-29,Hai_Phong,20.8449,106.6881,20.7,72,9.0,73,1017.2,0
2021-11-30,Hai_Phong,20.8449,106.6881,20.0,63,17.1,20,1019.6,0
2021-12-01,Hai_Phong,20.8449,106.6881,17.4,57,10.8,48,1021.1,0
2021-12-02,Hai_Phong,20.8449,106.6881,16.4,61,10.2,71,1021.5,0
2021-12-03,Hai_Phong,20.8449,106.6881,16.2,66,10.0,41,1021.3,0
2021-12-04,Hai_Phong,20.8449,106.6881,16.7,67,10.2,22,1020.8,0
2021-12-05,Hai_Phong,20.8449,106.6881,17.0,68,10.1,8,1020.3,0
2021-12-06,Hai_Phong,20.8449,106.6881,16.8,68,12.0,8,1019.8,0
2021-12-07,Hai_Phong,20.8449,106.6881,16.4,67,14.6,0,1019.7,0
2021-12-08,Hai_Phong,20.8449,106.6881,18.6,64,10.8,69,1020.1,0
2021-12-09,Hai_Phong,20.8449,106.6881,19.9,74,11.7,63,1020.8,0
2021-12-10,Hai_Phong,20.8449,106.6881,20.0,81,14.8,26,1018.7,0
2021-12-11,Hai_Phong,20.8449,106.6881,20.1,83,13.4,9,1018.8,0
2021-12-12,Hai_Phong,20.8449,106.6881,19.9,77,15.0,36,1020.6,1
2021-12-13,Hai_Phong,20.8449,106.6881,17.3,67,8.8,24,1021.2,0
2021-12-14,Hai_Phong,20.8449,106.6881,17.8,80,12.5,24,1017.2,0
2021-12-15,Hai_Phong,20.8449,106.6881,19.2,87,11.2,27,1013.9,1
2021-12-16,Hai_Phong,20.8449,106.6881,20.9,89,12.6,74,1014.4,1
2021-12-17,Hai_Phong,20.8449,106.6881,21.6,66,16.1,60,1018.3,1
2021-12-18,Hai_Phong,20.8449,106.6881,18.3,54,11.6,22,1021.2,0
2021-12-19,Hai_Phong,20.8449,106.6881,17.2,51,10.2,58,1020.7,0
2021-12-20,Hai_Phong,20.8449,106.6881,18.5,55,12.0,100,1016.5,0
2021-12-21,Hai_Phong,20.8449,106.6881,18.6,67,11.5,65,1016.3,1
2021-12-22,Hai_Phong,20.8449,106.6881,18.1,81,8.6,60,1016.0,0
2021-12-23,Hai_Phong,20.8449,106.6881,18.6,80,14.3,7,1014.7,0
2021-12-24,Hai_Phong,20.8449,106.6881,19.8,87,12.0,52,1015.1,1
2021-12-25,Hai_Phong,20.8449,106.6881,20.5,78,23.7,35,1018.0,1
2021-12-26,Hai_Phong,20.8449,106.6881,17.5,72,21.7,74,1021.6,1
2021-12-27,Hai_Phong,20.8449,106.6881,12.4,63,13.5,98,1025.7,1
2021-12-28,Hai_Phong,20.8449,106.6881,13.9,66,9.0,99,1023.8,0
2021-12-29,Hai_Phong,20.8449,106.6881,15.3,75,7.8,100,1023.0,1
2021-12-30,Hai_Phong,20.8449,106.6881,16.3,73,9.1,100,1024.4,1
2021-12-31,Hai_Phong,20.8449,106.6881,16.7,73,8.4,78,1023.6,0
2022-01-01,Hai_Phong,20.8449,106.6881,17.1,78,13.9,73,1022.9,0
2022-01-02,Hai_Phong,20.8449,106.6881,17.4,74,13.4,51,1021.4,0
2022-01-03,Hai_Phong,20.8449,106.6881,17.2,83,10.4,45,1019.0,0
2022-01-04,Hai_Phong,20.8449,106.6881,18.4,87,14.1,46,1017.0,1
2022-01-05,Hai_Phong,20.8449,106.6881,19.5,90,8.7,58,1015.3,1
2022-01-06,Hai_Phong,20.8449,106.6881,20.0,89,14.0,56,1016.5,1
2022-01-07,Hai_Phong,20.8449,106.6881,19.8,80,22.0,55,1018.4,0
2022-01-08,Hai_Phong,20.8449,106.6881,19.4,76,20.5,67,1017.5,1
2022-01-09,Hai_Phong,20.8449,106.6881,17.3,77,9.8,100,1016.7,1
2022-01-10,Hai_Phong,20.8449,106.6881,18.0,82,13.7,98,1015.8,1
2022-01-11,Hai_Phong,20.8449,106.6881,15.8,70,10.4,76,1020.2,1
2022-01-12,Hai_Phong,20.8449,106.6881,16.3,79,11.4,73,1018.7,0
2022-01-13,Hai_Phong,20.8449,106.6881,16.8,80,10.6,89,1019.9,1
2022-01-14,Hai_Phong,20.8449,106.6881,17.1,82,9.2,86,1017.8,0
2022-01-15,Hai_Phong,20.8449,106.6881,19.7,87,8.2,99,1016.2,1
2022-01-16,Hai_Phong,20.8449,106.6881,20.5,87,15.5,79,1016.7,1
2022-01-17,Hai_Phong,20.8449,106.6881,15.1,80,13.4,100,1020.0,1
2022-01-18,Hai_Phong,20.8449,106.6881,16.1,73,10.5,54,1020.7,1
2022-01-19,Hai_Phong,20.8449,106.6881,15.8,79,13.9,25,1018.3,0
2022-01-20,Hai_Phong,20.8449,106.6881,16.2,83,16.9,66,1015.7,1
2022-01-21,Hai_Phong,20.8449,106.6881,17.6,89,16.9,96,1014.1,1
2022-01-22,Hai_Phong,20.8449,106.6881,20.0,90,13.8,87,1010.4,1
2022-01-23,Hai_Phong,20.8449,106.6881,20.8,92,9.7,96,1009.9,1
2022-01-24,Hai_Phong,20.8449,106.6881,20.7,88,16.8,87,1011.3,1
2022-01-25,Hai_Phong,20.8449,106.6881,20.0,81,17.8,82,1013.4,1
2022-01-26,Hai_Phong,20.8449,106.6881,20.0,88,17.2,87,1013.5,1
2022-01-27,Hai_Phong,20.8449,106.6881,21.0,90,18.5,74,1013.6,1
2022-01-28,Hai_Phong,20.8449,106.6881,20.4,90,19.0,82,1013.0,1
2022-01-29,Hai_Phong,20.8449,106.6881,17.1,79,20.5,100,1012.6,1
2022-01-30,Hai_Phong,20.8449,106.6881,13.3,77,9.6,100,1016.1,1
2022-01-31,Hai_Phong,20.8449,106.6881,12.1,83,12.4,100,1017.3,1
2022-02-01,Hai_Phong,20.8449,106.6881,12.6,76,7.2,100,1017.9,1
2022-02-02,Hai_Phong,20.8449,106.6881,12.6,76,10.5,100,1018.7,1
2022-02-03,Hai_Phong,20.8449,106.6881,12.9,72,8.9,90,1019.4,0
2022-02-04,Hai_Phong,20.8449,106.6881,14.0,68,9.9,93,1021.2,0
2022-02-05,Hai_Phong,20.8449,106.6881,14.6,67,10.5,100,1021.5,1
2022-02-06,Hai_Phong,20.8449,106.6881,14.5,91,12.3,100,1017.9,1
2022-02-07,Hai_Phong,20.8449,106.6881,18.1,88,14.5,100,1013.8,1
2022-02-08,Hai_Phong,20.8449,106.6881,17.1,85,16.3,100,1014.9,1
2022-02-09,Hai_Phong,20.8449,106.6881,15.0,84,14.1,100,1017.1,1
2022-02-10,Hai_Phong,20.8449,106.6881,15.8,86,8.0,100,1015.1,1
2022-02-11,Hai_Phong,20.8449,106.6881,18.3,89,13.7,99,1013.9,1
2022-02-12,Hai_Phong,20.8449,106.6881,17.8,88,22.0,100,1013.1,1
2022-02-13,Hai_Phong,20.8449,106.6881,15.0,87,17.2,100,1013.4,1
2022-02-14,Hai_Phong,20.8449,106.6881,15.0,79,10.8,53,1016.6,1
2022-02-15,Hai_Phong,20.8449,106.6881,16.5,85,7.9,99,1015.5,1
2022-02-16,Hai_Phong,20.8449,106.6881,17.9,94,11.4,100,1011.5,1
2022-02-17,Hai_Phong,20.8449,106.6881,20.1,94,11.4,100,1008.8,1
2022-02-18,Hai_Phong,20.8449,106.6881,21.2,94,20.6,100,1009.4,1
2022-02-19,Hai_Phong,20.8449,106.6881,12.9,82,22.0,100,1015.6,1
2022-02-20,Hai_Phong,20.8449,106.6881,8.3,81,15.0,100,1021.5,1
2022-02-21,Hai_Phong,20.8449,106.6881,10.6,71,15.3,96,1022.3,1
2022-02-22,Hai_Phong,20.8449,106.6881,11.2,64,14.1,100,1023.4,0
2022-02-23,Hai_Phong,20.8449,106.6881,11.8,60,14.6,24,1025.5,0
2022-02-24,Hai_Phong,20.8449,106.6881,11.8,69,14.0,9,1025.8,0
2022-02-25,Hai_Phong,20.8449,106.6881,13.1,78,13.4,7,1023.1,0
2022-02-26,Hai_Phong,20.8449,106.6881,15.6,79,12.1,44,1021.1,0
2022-02-27,Hai_Phong,20.8449,106.6881,16.7,83,11.5,43,1018.0,1
2022-02-28,Hai_Phong,20.8449,106.6881,17.9,85,13.6,63,1015.3,1
2022-03-01,Hai_Phong,20.8449,106.6881,19.4,88,11.2,73,1015.5,1
2022-03-02,Hai_Phong,20.8449,106.6881,19.5,86,11.4,46,1015.9,1
2022-03-03,Hai_Phong,20.8449,106.6881,19.6,88,13.7,61,1013.7,0
2022-03-04,Hai_Phong,20.8449,106.6881,20.1,90,12.9,88,1012.1,1
2022-03-05,Hai_Phong,20.8449,106.6881,20.7,90,12.6,90,1011.1,1
2022-03-06,Hai_Phong,20.8449,106.6881,21.1,92,15.1,93,1011.0,1
2022-03-07,Hai_Phong,20.8449,106.6881,20.5,80,21.9,80,1016.3,1
2022-03-08,Hai_Phong,20.8449,106.6881,18.1,79,15.2,36,1015.3,0
2022-03-09,Hai_Phong,20.8449,106.6881,19.1,84,15.9,81,1013.2,1
2022-03-10,Hai_Phong,20.8449,106.6881,19.7,87,16.7,82,1013.2,1
2022-03-11,Hai_Phong,20.8449,106.6881,20.8,85,12.3,85,1011.6,0
2022-03-12,Hai_Phong,20.8449,106.6881,21.2,87,13.8,35,1010.5,0
2022-03-13,Hai_Phong,20.8449,106.6881,21.5,88,14.6,66,1010.4,1
2022-03-14,Hai_Phong,20.8449,106.6881,21.7,88,11.5,90,1010.2,1
2022-03-15,Hai_Phong,20.8449,106.6881,22.9,84,12.8,100,1009.1,1
2022-03-16,Hai_Phong,20.8449,106.6881,21.6,93,13.6,98,1007.7,1
2022-03-17,Hai_Phong,20.8449,106.6881,23.0,90,14.5,68,1007.0,1
2022-03-18,Hai_Phong,20.8449,106.6881,22.6,92,13.2,77,1007.8,1
2022-03-19,Hai_Phong,20.8449,106.6881,22.6,91,15.3,93,1006.2,1
2022-03-20,Hai_Phong,20.8449,106.6881,24.3,89,25.5,63,1006.3,1
2022-03-21,Hai_Phong,20.8449,106.6881,24.5,91,23.3,67,1007.5,0
2022-03-22,Hai_Phong,20.8449,106.6881,25.5,88,17.3,49,1008.5,0
2022-03-23,Hai_Phong,20.8449,106.6881,19.4,85,15.1,100,1012.6,1
2022-03-24,Hai_Phong,20.8449,106.6881,19.7,88,14.1,87,1009.9,1
2022-03-25,Hai_Phong,20.8449,106.6881,23.8,90,15.7,61,1006.3,1
2022-03-26,Hai_Phong,20.8449,106.6881,25.8,86,14.8,21,1006.6,0
2022-03-27,Hai_Phong,20.8449,106.6881,22.1,72,18.7,88,1012.2,1
2022-03-28,Hai_Phong,20.8449,106.6881,19.7,72,12.8,73,1015.5,0
2022-03-29,Hai_Phong,20.8449,106.6881,20.7,86,14.0,96,1013.4,1
2022-03-30,Hai_Phong,20.8449,106.6881,23.1,89,17.1,88,1012.4,1
2022-03-31,Hai_Phong,20.8449,106.6881,23.9,87,17.8,73,1013.7,1
2022-04-01,Hai_Phong,20.8449,106.6881,18.5,78,16.9,100,1019.3,1
2022-04-02,Hai_Phong,20.8449,106.6881,16.6,67,20.7,82,1023.5,1
2022-04-03,Hai_Phong,20.8449,106.6881,17.4,67,19.8,31,1021.1,0
2022-04-04,Hai_Phong,20.8449,106.6881,18.5,70,16.9,1,1020.0,0
2022-04-05,Hai_Phong,20.8449,106.6881,19.6,71,11.6,46,1018.7,0
2022-04-06,Hai_Phong,20.8449,106.6881,21.3,68,14.3,32,1016.7,0
2022-04-07,Hai_Phong,20.8449,106.6881,22.5,73,13.5,49,1015.5,0
2022-04-08,Hai_Phong,20.8449,106.6881,21.8,78,13.0,10,1014.1,0
2022-04-09,Hai_Phong,20.8449,106.6881,21.4,78,15.3,0,1011.5,0
2022-04-10,Hai_Phong,20.8449,106.6881,22.0,82,15.8,10,1010.1,0
2022-04-11,Hai_Phong,20.8449,106.6881,22.6,85,13.7,31,1009.1,1
2022-04-12,Hai_Phong,20.8449,106.6881,23.3,87,17.9,61,1006.1,1
2022-04-13,Hai_Phong,20.8449,106.6881,25.3,84,13.0,42,1005.7,1
2022-04-14,Hai_Phong,20.8449,106.6881,24.4,86,14.5,36,1006.5,0
2022-04-15,Hai_Phong,20.8449,106.6881,25.0,87,21.1,96,1007.1,1
2022-04-16,Hai_Phong,20.8449,106.6881,23.9,90,25.1,100,1008.3,1
2022-04-17,Hai_Phong,20.8449,106.6881,20.4,86,11.0,100,1012.4,1
2022-04-18,Hai_Phong,20.8449,106.6881,19.7,78,11.0,99,1015.7,1
2022-04-19,Hai_Phong,20.8449,106.6881,20.0,75,12.8,75,1016.3,0
2022-04-20,Hai_Phong,20.8449,106.6881,21.3,79,13.5,73,1013.7,0
2022-04-21,Hai_Phong,20.8449,106.6881,22.7,87,13.9,91,1010.6,1
2022-04-22,Hai_Phong,20.8449,106.6881,24.7,89,25.0,70,1008.2,1
2022-04-23,Hai_Phong,20.8449,106.6881,25.6,89,18.2,41,1006.7,1
2022-04-24,Hai_Phong,20.8449,106.6881,26.1,88,21.0,35,1004.1,1
2022-04-25,Hai_Phong,20.8449,106.6881,27.1,84,19.4,4,1003.1,0
2022-04-26,Hai_Phong,20.8449,106.6881,27.3,85,15.0,1,1002.7,0
2022-04-27,Hai_Phong,20.8449,106.6881,26.9,88,19.8,54,1004.5,1
2022-04-28,Hai_Phong,20.8449,106.6881,26.7,88,21.2,88,1006.6,1
2022-04-29,Hai_Phong,20.8449,106.6881,27.1,86,22.0,79,1008.1,1
2022-04-30,Hai_Phong,20.8449,106.6881,26.6,88,17.3,95,1008.2,1
2022-05-01,Hai_Phong,20.8449,106.6881,20.2,75,20.9,100,1011.9,1
2022-05-02,Hai_Phong,20.8449,106.6881,21.2,60,14.0,86,1014.6,0
2022-05-03,Hai_Phong,20.8449,106.6881,21.7,68,14.7,52,1015.1,0
2022-05-04,Hai_Phong,20.8449,106.6881,22.9,72,15.7,30,1013.1,0
2022-05-05,Hai_Phong,20.8449,106.6881,23.2,82,13.4,52,1010.6,0
2022-05-06,Hai_Phong,20.8449,106.6881,24.7,84,12.4,55,1009.7,1
2022-05-07,Hai_Phong,20.8449,106.6881,25.4,88,17.7,93,1009.8,1
2022-05-08,Hai_Phong,20.8449,106.6881,25.2,88,16.2,92,1009.6,1
2022-05-09,Hai_Phong,20.8449,106.6881,25.8,87,19.9,92,1008.7,1
2022-05-10,Hai_Phong,20.8449,106.6881,26.3,91,17.0,93,1005.7,1
2022-05-11,Hai_Phong,20.8449,106.6881,27.4,87,15.2,95,1003.5,1
2022-05-12,Hai_Phong,20.8449,106.6881,27.0,91,11.0,93,1002.7,1
2022-05-13,Hai_Phong,20.8449,106.6881,26.2,90,14.6,94,1002.8,1
2022-05-14,Hai_Phong,20.8449,106.6881,25.7,86,12.3,65,1005.8,1
2022-05-15,Hai_Phong,20.8449,106.6881,24.7,81,19.4,100,1008.0,1
2022-05-16,Hai_Phong,20.8449,106.6881,21.7,68,14.1,90,1012.3,1
2022-05-17,Hai_Phong,20.8449,106.6881,22.7,72,14.5,91,1012.1,0
2022-05-18,Hai_Phong,20.8449,106.6881,23.9,81,16.0,100,1011.3,1
2022-05-19,Hai_Phong,20.8449,106.6881,24.9,85,16.4,68,1009.7,1
2022-05-20,Hai_Phong,20.8449,106.6881,25.8,86,13.5,90,1007.6,1
2022-05-21,Hai_Phong,20.8449,106.6881,25.9,84,14.2,100,1005.1,0
2022-05-22,Hai_Phong,20.8449,106.6881,25.8,88,21.6,100,1001.4,1
2022-05-23,Hai_Phong,20.8449,106.6881,26.5,88,20.9,100,1001.8,1
2022-05-24,Hai_Phong,20.8449,106.6881,25.9,91,14.2,100,1005.1,1
2022-05-25,Hai_Phong,20.8449,106.6881,26.5,90,12.3,100,1004.6,1
2022-05-26,Hai_Phong,20.8449,106.6881,27.4,90,14.6,100,1001.1,1
2022-05-27,Hai_Phong,20.8449,106.6881,27.9,88,12.7,100,999.6,1
2022-05-28,Hai_Phong,20.8449,106.6881,28.1,86,19.3,99,1000.0,1
2022-05-29,Hai_Phong,20.8449,106.6881,28.7,84,16.9,92,1000.9,1
2022-05-30,Hai_Phong,20.8449,106.6881,28.3,86,13.9,100,1002.2,1
2022-05-31,Hai_Phong,20.8449,106.6881,27.1,88,15.8,94,1003.4,1
2022-06-01,Hai_Phong,20.8449,106.6881,27.9,87,18.6,100,1003.2,1
2022-06-02,Hai_Phong,20.8449,106.6881,29.3,83,18.8,100,1001.1,1
2022-06-03,Hai_Phong,20.8449,106.6881,30.1,77,22.3,99,999.9,1
2022-06-04,Hai_Phong,20.8449,106.6881,31.0,71,18.6,100,999.8,0
2022-06-05,Hai_Phong,20.8449,106.6881,30.6,72,15.0,100,999.7,1
2022-06-06,Hai_Phong,20.8449,106.6881,28.2,84,14.8,100,1001.3,1
2022-06-07,Hai_Phong,20.8449,106.6881,26.9,88,9.9,100,1002.5,1
2022-06-08,Hai_Phong,20.8449,106.6881,27.5,88,11.9,100,1002.3,1
2022-06-09,Hai_Phong,20.8449,106.6881,28.2,89,6.5,100,1001.7,1
2022-06-10,Hai_Phong,20.8449,106.6881,29.6,84,12.5,100,1000.5,1
2022-06-11,Hai_Phong,20.8449,106.6881,28.1,89,8.9,100,1002.3,1
2022-06-12,Hai_Phong,20.8449,106.6881,29.6,83,14.5,99,1002.8,0
2022-06-13,Hai_Phong,20.8449,106.6881,30.3,78,11.9,100,1002.6,1
2022-06-14,Hai_Phong,20.8449,106.6881,26.6,89,11.4,99,1005.4,1
2022-06-15,Hai_Phong,20.8449,106.6881,26.8,87,10.6,100,1006.3,1
2022-06-16,Hai_Phong,20.8449,106.6881,28.7,82,16.2,99,1005.0,1
2022-06-17,Hai_Phong,20.8449,106.6881,30.5,75,17.4,100,1002.1,1
2022-06-18,Hai_Phong,20.8449,106.6881,31.4,67,19.8,100,999.9,1
2022-06-19,Hai_Phong,20.8449,106.6881,31.2,68,17.1,100,998.9,1
2022-06-20,Hai_Phong,20.8449,106.6881,31.5,68,22.0,100,998.0,0
2022-06-21,Hai_Phong,20.8449,106.6881,31.2,71,24.1,100,999.0,0
2022-06-22,Hai_Phong,20.8449,106.6881,30.6,76,25.1,91,1003.5,1
2022-06-23,Hai_Phong,20.8449,106.6881,30.0,80,19.1,49,1006.2,1
2022-06-24,Hai_Phong,20.8449,106.6881,29.3,78,17.6,42,1005.7,1
2022-06-25,Hai_Phong,20.8449,106.6881,29.1,78,18.6,53,1004.5,1
2022-06-26,Hai_Phong,20.8449,106.6881,29.8,77,19.7,47,1005.1,1
2022-06-27,Hai_Phong,20.8449,106.6881,30.7,77,18.8,92,1003.5,1
2022-06-28,Hai_Phong,20.8449,106.6881,31.6,75,14.0,88,1000.5,1
2022-06-29,Hai_Phong,20.8449,106.6881,29.5,83,13.0,100,998.9,1
2022-06-30,Hai_Phong,20.8449,106.6881,27.9,86,10.2,100,1000.2,1
2022-07-01,Hai_Phong,20.8449,106.6881,27.7,88,10.7,96,999.8,1
2022-07-02,Hai_Phong,20.8449,106.6881,28.6,85,17.3,100,996.1,1
2022-07-03,Hai_Phong,20.8449,106.6881,29.2,84,10.5,100,996.8,1
2022-07-04,Hai_Phong,20.8449,106.6881,29.7,83,17.9,94,997.2,1
2022-07-05,Hai_Phong,20.8449,106.6881,29.8,84,13.6,100,999.5,1
2022-07-06,Hai_Phong,20.8449,106.6881,27.9,90,8.7,100,1002.1,1
2022-07-07,Hai_Phong,20.8449,106.6881,27.6,89,13.3,100,1002.4,1
2022-07-08,Hai_Phong,20.8449,106.6881,27.5,87,11.2,100,1003.3,1
2022-07-09,Hai_Phong,20.8449,106.6881,27.1,87,13.5,93,1003.3,1
2022-07-10,Hai_Phong,20.8449,106.6881,28.1,85,10.0,63,1003.7,1
2022-07-11,Hai_Phong,20.8449,106.6881,28.6,84,19.1,64,1003.7,1
2022-07-12,Hai_Phong,20.8449,106.6881,28.8,83,13.6,49,1003.6,1
2022-07-13,Hai_Phong,20.8449,106.6881,28.5,83,15.9,62,1003.0,1
2022-07-14,Hai_Phong,20.8449,106.6881,28.3,84,15.3,73,1003.0,1
2022-07-15,Hai_Phong,20.8449,106.6881,28.5,86,13.6,84,1003.6,1
2022-07-16,Hai_Phong,20.8449,106.6881,29.7,83,16.9,85,1003.4,1
2022-07-17,Hai_Phong,20.8449,106.6881,30.6,82,17.0,99,1002.2,1
2022-07-18,Hai_Phong,20.8449,106.6881,30.8,82,17.7,100,1000.0,1
2022-07-19,Hai_Phong,20.8449,106.6881,30.7,82,18.8,93,1000.8,1
2022-07-20,Hai_Phong,20.8449,106.6881,29.4,81,17.1,98,1005.1,1
2022-07-21,Hai_Phong,20.8449,106.6881,27.6,86,23.0,80,1007.9,1
2022-07-22,Hai_Phong,20.8449,106.6881,27.3,86,16.1,69,1009.6,1
2022-07-23,Hai_Phong,20.8449,106.6881,28.6,82,14.8,17,1008.0,1
2022-07-24,Hai_Phong,20.8449,106.6881,29.0,82,13.8,7,1006.3,1
2022-07-25,Hai_Phong,20.8449,106.6881,28.6,83,13.8,24,1006.8,0
2022-07-26,Hai_Phong,20.8449,106.6881,28.4,85,14.3,27,1006.1,0
2022-07-27,Hai_Phong,20.8449,106.6881,28.2,84,13.5,22,1005.6,0
2022-07-28,Hai_Phong,20.8449,106.6881,28.6,83,12.2,46,1005.3,0
2022-07-29,Hai_Phong,20.8449,106.6881,28.5,84,11.8,100,1004.2,0
2022-07-30,Hai_Phong,20.8449,106.6881,28.4,86,9.2,83,1003.0,1
2022-07-31,Hai_Phong,20.8449,106.6881,28.3,85,14.2,91,1002.4,1
2022-08-01,Hai_Phong,20.8449,106.6881,28.5,84,17.5,42,1003.4,1
2022-08-02,Hai_Phong,20.8449,106.6881,29.0,81,13.2,38,1005.1,1
2022-08-03,Hai_Phong,20.8449,106.6881,29.5,81,11.4,61,1005.0,1
2022-08-04,Hai_Phong,20.8449,106.6881,29.7,84,10.3,99,1002.6,1
2022-08-05,Hai_Phong,20.8449,106.6881,26.7,92,10.0,100,1002.1,1
2022-08-06,Hai_Phong,20.8449,106.6881,26.5,90,13.8,100,1002.9,1
2022-08-07,Hai_Phong,20.8449,106.6881,26.9,89,13.5,97,1004.2,1
2022-08-08,Hai_Phong,20.8449,106.6881,27.2,88,14.4,94,1003.9,1
2022-08-09,Hai_Phong,20.8449,106.6881,27.0,89,12.3,83,1002.2,1
2022-08-10,Hai_Phong,20.8449,106.6881,26.9,89,17.5,96,999.3,1
2022-08-11,Hai_Phong,20.8449,106.6881,26.4,91,20.6,100,999.8,1
2022-08-12,Hai_Phong,20.8449,106.6881,25.8,93,13.1,100,1005.0,1
2022-08-13,Hai_Phong,20.8449,106.6881,26.6,89,11.0,94,1005.4,1
2022-08-14,Hai_Phong,20.8449,106.6881,27.9,87,10.8,72,1004.7,1
2022-08-15,Hai_Phong,20.8449,106.6881,28.4,85,13.0,54,1003.7,1
2022-08-16,Hai_Phong,20.8449,106.6881,29.1,83,14.0,69,1003.4,1
2022-08-17,Hai_Phong,20.8449,106.6881,28.4,86,12.8,83,1003.5,1
2022-08-18,Hai_Phong,20.8449,106.6881,29.1,82,13.5,62,1002.7,1
2022-08-19,Hai_Phong,20.8449,106.6881,29.5,82,7.7,76,1002.0,1
2022-08-20,Hai_Phong,20.8449,106.6881,27.3,88,17.0,100,1001.6,1
2022-08-21,Hai_Phong,20.8449,106.6881,26.8,88,18.5,87,1002.3,1
2022-08-22,Hai_Phong,20.8449,106.6881,28.4,85,14.0,68,1004.1,1
2022-08-23,Hai_Phong,20.8449,106.6881,29.0,86,9.3,43,1004.6,1
2022-08-24,Hai_Phong,20.8449,106.6881,29.5,85,11.5,67,1002.6,1
2022-08-25,Hai_Phong,20.8449,106.6881,27.5,92,21.3,100,998.5,1
2022-08-26,Hai_Phong,20.8449,106.6881,27.5,86,31.6,100,1002.8,1
2022-08-27,Hai_Phong,20.8449,106.6881,28.7,81,16.1,94,1006.7,1
2022-08-28,Hai_Phong,20.8449,106.6881,28.8,85,17.4,74,1006.7,1
2022-08-29,Hai_Phong,20.8449,106.6881,28.8,84,13.8,68,1008.1,1
2022-08-30,Hai_Phong,20.8449,106.6881,28.8,83,11.3,72,1007.8,0
2022-08-31,Hai_Phong,20.8449,106.6881,28.8,85,9.8,97,1006.0,1
2022-09-01,Hai_Phong,20.8449,106.6881,27.1,89,10.6,84,1007.9,1
2022-09-02,Hai_Phong,20.8449,106.6881,28.1,85,11.2,89,1007.2,1
2022-09-03,Hai_Phong,20.8449,106.6881,28.4,85,11.8,98,1004.9,1
2022-09-04,Hai_Phong,20.8449,106.6881,28.4,80,17.5,89,1005.7,1
2022-09-05,Hai_Phong,20.8449,106.6881,28.5,73,13.7,50,1006.4,0
2022-09-06,Hai_Phong,20.8449,106.6881,28.5,74,11.2,70,1007.1,0
2022-09-07,Hai_Phong,20.8449,106.6881,28.3,79,19.8,85,1009.7,1
2022-09-08,Hai_Phong,20.8449,106.6881,25.6,93,20.6,100,1011.3,1
2022-09-09,Hai_Phong,20.8449,106.6881,25.6,93,9.2,98,1011.7,1
2022-09-10,Hai_Phong,20.8449,106.6881,26.1,89,10.2,99,1010.9,1
2022-09-11,Hai_Phong,20.8449,106.6881,27.4,84,8.1,76,1008.9,1
2022-09-12,Hai_Phong,20.8449,106.6881,27.4,86,9.8,73,1008.0,1
2022-09-13,Hai_Phong,20.8449,106.6881,27.8,86,6.7,38,1008.1,1
2022-09-14,Hai_Phong,20.8449,106.6881,28.4,80,10.6,15,1007.7,0
2022-09-15,Hai_Phong,20.8449,106.6881,28.3,82,8.7,47,1005.3,1
2022-09-16,Hai_Phong,20.8449,106.6881,27.8,89,15.7,94,1003.4,1
2022-09-17,Hai_Phong,20.8449,106.6881,27.3,88,9.8,86,1005.3,1
2022-09-18,Hai_Phong,20.8449,106.6881,27.9,87,9.4,80,1005.8,1
2022-09-19,Hai_Phong,20.8449,106.6881,28.7,83,10.7,47,1005.5,1
2022-09-20,Hai_Phong,20.8449,106.6881,28.2,87,9.7,63,1005.7,1
2022-09-21,Hai_Phong,20.8449,106.6881,26.4,88,17.3,97,1007.6,1
2022-09-22,Hai_Phong,20.8449,106.6881,25.9,89,16.7,78,1008.5,1
2022-09-23,Hai_Phong,20.8449,106.6881,26.4,86,13.3,84,1008.9,1
2022-09-24,Hai_Phong,20.8449,106.6881,26.1,87,18.5,89,1009.0,1
2022-09-25,Hai_Phong,20.8449,106.6881,26.1,87,16.0,60,1009.4,1
2022-09-26,Hai_Phong,20.8449,106.6881,27.0,83,10.5,21,1008.3,1
2022-09-27,Hai_Phong,20.8449,106.6881,28.4,76,12.9,69,1005.3,0
2022-09-28,Hai_Phong,20.8449,106.6881,25.8,85,16.4,96,1003.9,1
2022-09-29,Hai_Phong,20.8449,106.6881,25.2,90,20.1,100,1005.3,1
2022-09-30,Hai_Phong,20.8449,106.6881,26.2,88,16.6,99,1007.3,1
2022-10-01,Hai_Phong,20.8449,106.6881,25.2,94,14.1,100,1008.7,1
2022-10-02,Hai_Phong,20.8449,106.6881,25.8,91,10.3,94,1009.9,1
2022-10-03,Hai_Phong,20.8449,106.6881,26.3,88,12.7,45,1011.2,1
2022-10-04,Hai_Phong,20.8449,106.6881,26.5,88,10.5,54,1012.3,1
2022-10-05,Hai_Phong,20.8449,106.6881,27.0,85,14.5,12,1012.0,1
2022-10-06,Hai_Phong,20.8449,106.6881,26.7,85,15.5,15,1012.1,1
2022-10-07,Hai_Phong,20.8449,106.6881,26.5,82,17.9,62,1012.9,1
2022-10-08,Hai_Phong,20.8449,106.6881,25.0,82,13.7,82,1013.4,1
2022-10-09,Hai_Phong,20.8449,106.6881,24.2,83,18.2,89,1015.6,1
2022-10-10,Hai_Phong,20.8449,106.6881,21.8,62,15.9,57,1018.9,0
2022-10-11,Hai_Phong,20.8449,106.6881,21.6,67,10.9,0,1016.4,0
2022-10-12,Hai_Phong,20.8449,106.6881,22.3,68,12.2,6,1014.8,0
2022-10-13,Hai_Phong,20.8449,106.6881,22.5,68,11.2,30,1013.4,0
2022-10-14,Hai_Phong,20.8449,106.6881,22.6,62,16.6,57,1011.4,0
2022-10-15,Hai_Phong,20.8449,106.6881,23.4,55,17.2,69,1011.2,0
2022-10-16,Hai_Phong,20.8449,106.6881,23.2,62,15.9,34,1012.7,0
2022-10-17,Hai_Phong,20.8449,106.6881,23.8,61,18.4,53,1013.0,0
2022-10-18,Hai_Phong,20.8449,106.6881,22.9,56,18.8,78,1013.4,0
2022-10-19,Hai_Phong,20.8449,106.6881,19.8,60,12.2,100,1015.1,1
2022-10-20,Hai_Phong,20.8449,106.6881,17.9,87,14.0,100,1015.5,1
2022-10-21,Hai_Phong,20.8449,106.6881,21.4,85,12.8,88,1016.3,1
2022-10-22,Hai_Phong,20.8449,106.6881,24.3,83,11.8,33,1015.2,0
2022-10-23,Hai_Phong,20.8449,106.6881,25.6,82,10.9,44,1013.7,0
2022-10-24,Hai_Phong,20.8449,106.6881,25.8,80,15.7,13,1013.1,0
2022-10-25,Hai_Phong,20.8449,106.6881,25.6,78,15.6,69,1014.8,1
2022-10-26,Hai_Phong,20.8449,106.6881,24.8,83,14.8,40,1013.9,1
2022-10-27,Hai_Phong,20.8449,106.6881,24.7,84,14.4,57,1013.5,0
2022-10-28,Hai_Phong,20.8449,106.6881,24.1,81,14.5,16,1014.0,1
2022-10-29,Hai_Phong,20.8449,106.6881,24.1,78,10.6,22,1013.8,0
2022-10-30,Hai_Phong,20.8449,106.6881,23.9,76,16.7,32,1012.6,0
2022-10-31,Hai_Phong,20.8449,106.6881,23.4,59,22.0,63,1013.2,0
2022-11-01,Hai_Phong,20.8449,106.6881,21.8,59,19.9,72,1012.7,0
2022-11-02,Hai_Phong,20.8449,106.6881,21.2,69,11.1,61,1011.1,0
2022-11-03,Hai_Phong,20.8449,106.6881,22.8,72,10.8,43,1012.1,0
2022-11-04,Hai_Phong,20.8449,106.6881,24.0,73,13.7,54,1015.1,0
2022-11-05,Hai_Phong,20.8449,106.6881,23.1,72,16.5,17,1017.3,0
2022-11-06,Hai_Phong,20.8449,106.6881,22.0,77,11.9,2,1016.7,0
2022-11-07,Hai_Phong,20.8449,106.6881,22.4,80,12.2,10,1015.5,0
2022-11-08,Hai_Phong,20.8449,106.6881,22.5,80,14.2,1,1015.4,0
2022-11-09,Hai_Phong,20.8449,106.6881,22.9,83,11.8,15,1015.2,1
2022-11-10,Hai_Phong,20.8449,106.6881,23.9,85,12.1,50,1014.6,1
2022-11-11,Hai_Phong,20.8449,106.6881,24.4,86,16.3,41,1013.9,1
2022-11-12,Hai_Phong,20.8449,106.6881,24.4,86,13.0,27,1012.9,1
2022-11-13,Hai_Phong,20.8449,106.6881,24.5,86,13.3,34,1013.5,1
2022-11-14,Hai_Phong,20.8449,106.6881,24.7,84,14.8,36,1013.6,1
2022-11-15,Hai_Phong,20.8449,106.6881,25.0,86,20.3,42,1012.6,1
2022-11-16,Hai_Phong,20.8449,106.6881,25.4,85,12.7,56,1011.2,1
2022-11-17,Hai_Phong,20.8449,106.6881,25.5,86,13.2,31,1010.8,1
2022-11-18,Hai_Phong,20.8449,106.6881,25.6,86,12.2,27,1012.1,1
2022-11-19,Hai_Phong,20.8449,106.6881,25.6,83,16.7,66,1012.8,1
2022-11-20,Hai_Phong,20.8449,106.6881,24.5,79,13.6,36,1011.8,0
2022-11-21,Hai_Phong,20.8449,106.6881,24.6,77,16.6,61,1010.4,0
2022-11-22,Hai_Phong,20.8449,106.6881,25.2,80,14.4,86,1009.9,1
2022-11-23,Hai_Phong,20.8449,106.6881,24.8,84,14.4,94,1010.9,1
2022-11-24,Hai_Phong,20.8449,106.6881,23.3,91,11.6,100,1012.2,1
2022-11-25,Hai_Phong,20.8449,106.6881,23.8,89,13.6,100,1013.0,1
2022-11-26,Hai_Phong,20.8449,106.6881,24.0,91,15.9,100,1011.7,1
2022-11-27,Hai_Phong,20.8449,106.6881,25.7,88,23.8,48,1008.2,1
2022-11-28,Hai_Phong,20.8449,106.6881,26.6,89,19.1,44,1007.7,1
2022-11-29,Hai_Phong,20.8449,106.6881,26.4,90,17.8,34,1009.4,1
2022-11-30,Hai_Phong,20.8449,106.6881,24.2,83,24.1,83,1013.5,1
2022-12-01,Hai_Phong,20.8449,106.6881,15.7,67,14.4,100,1019.0,1
2022-12-02,Hai_Phong,20.8449,106.6881,13.8,65,10.0,100,1019.4,1
2022-12-03,Hai_Phong,20.8449,106.6881,17.4,73,8.1,100,1016.3,0
2022-12-04,Hai_Phong,20.8449,106.6881,17.7,77,8.8,100,1017.5,1
2022-12-05,Hai_Phong,20.8449,106.6881,15.4,68,12.6,82,1020.5,1
2022-12-06,Hai_Phong,20.8449,106.6881,16.2,69,12.7,51,1018.4,0
2022-12-07,Hai_Phong,20.8449,106.6881,17.1,72,13.7,100,1017.7,0
2022-12-08,Hai_Phong,20.8449,106.6881,18.6,75,7.4,100,1017.1,0
2022-12-09,Hai_Phong,20.8449,106.6881,18.1,78,6.9,100,1015.8,1
2022-12-10,Hai_Phong,20.8449,106.6881,18.9,79,8.1,97,1015.2,1
2022-12-11,Hai_Phong,20.8449,106.6881,17.7,67,11.2,81,1016.8,0
2022-12-12,Hai_Phong,20.8449,106.6881,17.3,58,15.6,38,1019.1,0
2022-12-13,Hai_Phong,20.8449,106.6881,15.3,66,11.1,0,1019.0,0
2022-12-14,Hai_Phong,20.8449,106.6881,15.4,65,10.0,5,1020.4,0
2022-12-15,Hai_Phong,20.8449,106.6881,15.3,67,10.7,2,1016.3,0
2022-12-16,Hai_Phong,20.8449,106.6881,17.6,72,19.9,26,1016.2,0
2022-12-17,Hai_Phong,20.8449,106.6881,16.0,42,19.9,99,1025.3,0
2022-12-18,Hai_Phong,20.8449,106.6881,14.3,40,16.2,83,1025.7,0
2022-12-19,Hai_Phong,20.8449,106.6881,12.9,58,10.5,8,1019.8,0
2022-12-20,Hai_Phong,20.8449,106.6881,15.9,69,12.1,72,1016.2,1
2022-12-21,Hai_Phong,20.8449,106.6881,17.4,57,13.6,60,1017.1,1
2022-12-22,Hai_Phong,20.8449,106.6881,16.3,64,14.0,39,1015.7,0
2022-12-23,Hai_Phong,20.8449,106.6881,17.9,53,16.6,54,1016.9,0
2022-12-24,Hai_Phong,20.8449,106.6881,17.4,57,15.2,46,1019.1,0
2022-12-25,Hai_Phong,20.8449,106.6881,17.0,73,17.2,7,1019.1,0
2022-12-26,Hai_Phong,20.8449,106.6881,17.5,83,16.3,28,1019.5,1
2022-12-27,Hai_Phong,20.8449,106.6881,18.1,77,20.5,37,1019.0,0
2022-12-28,Hai_Phong,20.8449,106.6881,17.2,65,20.5,91,1020.7,1
2022-12-29,Hai_Phong,20.8449,106.6881,14.7,56,12.5,91,1024.3,0
2022-12-30,Hai_Phong,20.8449,106.6881,13.5,60,10.0,78,1025.3,0
2022-12-31,Hai_Phong,20.8449,106.6881,14.2,70,10.4,11,1023.9,0
2023-01-01,Hai_Phong,20.8449,106.6881,14.8,72,9.7,47,1022.6,0
2023-01-02,Hai_Phong,20.8449,106.6881,16.4,77,8.6,98,1023.1,1
2023-01-03,Hai_Phong,20.8449,106.6881,15.7,76,8.7,99,1023.5,1
2023-01-04,Hai_Phong,20.8449,106.6881,17.4,72,11.0,93,1021.6,0
2023-01-05,Hai_Phong,20.8449,106.6881,18.6,77,11.7,96,1021.9,1
2023-01-06,Hai_Phong,20.8449,106.6881,18.8,66,17.6,51,1023.1,0
2023-01-07,Hai_Phong,20.8449,106.6881,17.1,64,9.8,59,1019.6,1
2023-01-08,Hai_Phong,20.8449,106.6881,17.5,74,10.9,98,1018.2,1
2023-01-09,Hai_Phong,20.8449,106.6881,18.6,83,7.7,96,1018.2,1
2023-01-10,Hai_Phong,20.8449,106.6881,18.7,94,6.6,100,1016.9,1
2023-01-11,Hai_Phong,20.8449,106.6881,18.9,90,10.3,98,1014.4,1
2023-01-12,Hai_Phong,20.8449,106.6881,18.8,92,10.2,66,1011.1,1
2023-01-13,Hai_Phong,20.8449,106.6881,21.0,89,12.3,48,1007.9,1
2023-01-14,Hai_Phong,20.8449,106.6881,22.1,82,14.8,13,1005.8,0
2023-01-15,Hai_Phong,20.8449,106.6881,18.4,67,21.3,60,1013.0,0
2023-01-16,Hai_Phong,20.8449,106.6881,13.0,54,13.8,87,1020.9,0
2023-01-17,Hai_Phong,20.8449,106.6881,12.9,57,12.2,100,1023.0,0
2023-01-18,Hai_Phong,20.8449,106.6881,13.4,59,8.9,57,1024.0,0
2023-01-19,Hai_Phong,20.8449,106.6881,13.9,75,10.2,33,1022.0,0
2023-01-20,Hai_Phong,20.8449,106.6881,14.6,74,9.8,41,1020.6,0
2023-01-21,Hai_Phong,20.8449,106.6881,15.6,83,11.5,16,1016.8,0
2023-01-22,Hai_Phong,20.8449,106.6881,18.3,89,9.4,60,1013.9,1
2023-01-23,Hai_Phong,20.8449,106.6881,19.3,81,18.7,59,1014.7,1
2023-01-24,Hai_Phong,20.8449,106.6881,14.7,54,18.5,64,1024.4,0
2023-01-25,Hai_Phong,20.8449,106.6881,12.3,67,13.6,16,1020.5,0
2023-01-26,Hai_Phong,20.8449,106.6881,16.5,80,12.5,76,1016.0,1
2023-01-27,Hai_Phong,20.8449,106.6881,14.8,59,19.2,72,1022.7,1
2023-01-28,Hai_Phong,20.8449,106.6881,12.7,48,14.9,16,1023.5,0
2023-01-29,Hai_Phong,20.8449,106.6881,12.6,58,13.6,0,1023.2,0
2023-01-30,Hai_Phong,20.8449,106.6881,13.6,66,14.1,0,1020.6,0
2023-01-31,Hai_Phong,20.8449,106.6881,14.9,80,15.2,0,1014.7,0
2023-02-01,Hai_Phong,20.8449,106.6881,18.9,85,14.1,89,1012.0,1
2023-02-02,Hai_Phong,20.8449,106.6881,20.6,88,15.3,94,1014.5,1
2023-02-03,Hai_Phong,20.8449,106.6881,19.5,91,17.4,93,1014.6,1
2023-02-04,Hai_Phong,20.8449,106.6881,19.7,93,13.8,100,1012.6,1
2023-02-05,Hai_Phong,20.8449,106.6881,19.3,92,18.4,100,1011.6,1
2023-02-06,Hai_Phong,20.8449,106.6881,19.6,90,14.0,100,1010.9,1
2023-02-07,Hai_Phong,20.8449,106.6881,20.5,88,15.2,100,1011.5,1
2023-02-08,Hai_Phong,20.8449,106.6881,20.6,91,17.5,100,1011.3,1
2023-02-09,Hai_Phong,20.8449,106.6881,20.9,92,13.2,93,1011.9,1
2023-02-10,Hai_Phong,20.8449,106.6881,21.2,94,16.4,100,1011.3,1
2023-02-11,Hai_Phong,20.8449,106.6881,22.2,92,23.9,73,1008.8,1
2023-02-12,Hai_Phong,20.8449,106.6881,22.7,90,20.5,34,1007.5,0
2023-02-13,Hai_Phong,20.8449,106.6881,23.1,86,20.2,57,1009.6,1
2023-02-14,Hai_Phong,20.8449,106.6881,17.9,62,16.9,100,1017.3,1
2023-02-15,Hai_Phong,20.8449,106.6881,16.9,61,11.6,100,1021.5,1
2023-02-16,Hai_Phong,20.8449,106.6881,16.9,71,11.5,72,1022.1,0
2023-02-17,Hai_Phong,20.8449,106.6881,17.1,81,12.7,78,1018.8,0
2023-02-18,Hai_Phong,20.8449,106.6881,19.6,83,13.7,98,1015.9,1
2023-02-19,Hai_Phong,20.8449,106.6881,20.4,80,11.4,86,1017.6,1
2023-02-20,Hai_Phong,20.8449,106.6881,19.0,71,14.8,16,1017.9,0
2023-02-21,Hai_Phong,20.8449,106.6881,19.6,76,18.9,9,1018.7,0
2023-02-22,Hai_Phong,20.8449,106.6881,19.3,77,21.7,53,1018.6,0
2023-02-23,Hai_Phong,20.8449,106.6881,19.6,79,15.9,39,1015.9,0
2023-02-24,Hai_Phong,20.8449,106.6881,19.6,69,15.6,93,1018.9,1
2023-02-25,Hai_Phong,20.8449,106.6881,18.2,52,14.5,27,1025.2,0
2023-02-26,Hai_Phong,20.8449,106.6881,16.2,63,15.0,0,1027.2,0
2023-02-27,Hai_Phong,20.8449,106.6881,16.3,70,14.0,29,1024.4,0
2023-02-28,Hai_Phong,20.8449,106.6881,17.9,80,13.2,31,1021.0,1
2023-03-01,Hai_Phong,20.8449,106.6881,18.7,83,12.9,36,1020.4,1
2023-03-02,Hai_Phong,20.8449,106.6881,20.3,73,17.8,6,1021.4,0
2023-03-03,Hai_Phong,20.8449,106.6881,20.0,81,21.6,32,1021.9,1
2023-03-04,Hai_Phong,20.8449,106.6881,19.5,75,14.8,27,1023.0,0
2023-03-05,Hai_Phong,20.8449,106.6881,19.5,77,15.0,5,1021.0,0
2023-03-06,Hai_Phong,20.8449,106.6881,19.9,82,17.2,25,1018.6,1
2023-03-07,Hai_Phong,20.8449,106.6881,20.8,77,14.8,44,1017.5,0
2023-03-08,Hai_Phong,20.8449,106.6881,20.9,81,11.4,42,1017.6,1
2023-03-09,Hai_Phong,20.8449,106.6881,21.6,80,15.6,47,1017.0,1
2023-03-10,Hai_Phong,20.8449,106.6881,21.0,83,15.5,34,1014.3,0
2023-03-11,Hai_Phong,20.8449,106.6881,21.7,83,15.2,76,1015.2,1
2023-03-12,Hai_Phong,20.8449,106.6881,22.3,81,15.9,93,1017.4,1
2023-03-13,Hai_Phong,20.8449,106.6881,18.6,59,16.9,100,1020.2,1
2023-03-14,Hai_Phong,20.8449,106.6881,19.1,74,16.8,40,1013.7,0
2023-03-15,Hai_Phong,20.8449,106.6881,21.2,86,18.7,83,1013.5,1
2023-03-16,Hai_Phong,20.8449,106.6881,22.3,84,18.2,58,1014.9,1
2023-03-17,Hai_Phong,20.8449,106.6881,22.0,89,17.4,77,1013.6,1
2023-03-18,Hai_Phong,20.8449,106.6881,21.9,86,15.2,58,1012.5,1
2023-03-19,Hai_Phong,20.8449,106.6881,22.7,86,21.8,90,1010.7,1
2023-03-20,Hai_Phong,20.8449,106.6881,23.1,89,20.7,96,1007.7,1
2023-03-21,Hai_Phong,20.8449,106.6881,24.6,86,16.3,89,1004.7,0
2023-03-22,Hai_Phong,20.8449,106.6881,26.3,80,16.0,34,1002.3,0
2023-03-23,Hai_Phong,20.8449,106.6881,26.5,79,15.4,6,1002.3,0
2023-03-24,Hai_Phong,20.8449,106.6881,26.0,81,18.4,15,1005.0,1
2023-03-25,Hai_Phong,20.8449,106.6881,24.8,82,18.1,91,1008.6,0
2023-03-26,Hai_Phong,20.8449,106.6881,21.7,80,13.7,95,1010.6,1
2023-03-27,Hai_Phong,20.8449,106.6881,19.2,86,10.8,100,1013.3,1
2023-03-28,Hai_Phong,20.8449,106.6881,19.1,84,7.3,100,1014.8,1
2023-03-29,Hai_Phong,20.8449,106.6881,20.4,83,11.5,90,1013.1,1
2023-03-30,Hai_Phong,20.8449,106.6881,20.8,84,8.6,87,1011.0,1
2023-03-31,Hai_Phong,20.8449,106.6881,21.6,85,10.5,94,1010.2,1
2023-04-01,Hai_Phong,20.8449,106.6881,22.6,92,11.6,100,1008.4,1
2023-04-02,Hai_Phong,20.8449,106.6881,24.6,91,22.3,73,1006.1,1
2023-04-03,Hai_Phong,20.8449,106.6881,25.3,87,24.1,18,1004.5,0
2023-04-04,Hai_Phong,20.8449,106.6881,25.9,86,17.8,40,1003.1,0
2023-04-05,Hai_Phong,20.8449,106.6881,25.9,86,15.0,25,1003.8,0
2023-04-06,Hai_Phong,20.8449,106.6881,25.5,84,18.8,62,1007.6,1
2023-04-07,Hai_Phong,20.8449,106.6881,23.3,68,12.8,91,1013.3,0
2023-04-08,Hai_Phong,20.8449,106.6881,21.2,84,11.4,100,1017.1,1
2023-04-09,Hai_Phong,20.8449,106.6881,20.2,87,9.4,100,1015.4,1
2023-04-10,Hai_Phong,20.8449,106.6881,23.0,87,12.3,91,1010.4,1
2023-04-11,Hai_Phong,20.8449,106.6881,24.5,91,14.9,100,1008.1,1
2023-04-12,Hai_Phong,20.8449,106.6881,25.1,88,16.3,97,1008.7,1
2023-04-13,Hai_Phong,20.8449,106.6881,24.8,91,18.3,100,1007.9,1
2023-04-14,Hai_Phong,20.8449,106.6881,25.1,90,15.6,94,1007.3,1
2023-04-15,Hai_Phong,20.8449,106.6881,24.7,89,9.4,83,1009.6,1
2023-04-16,Hai_Phong,20.8449,106.6881,24.3,84,13.3,92,1008.1,1
2023-04-17,Hai_Phong,20.8449,106.6881,25.1,90,22.2,77,1006.4,1
2023-04-18,Hai_Phong,20.8449,106.6881,26.8,86,17.7,44,1004.1,0
2023-04-19,Hai_Phong,20.8449,106.6881,27.1,84,17.6,18,1000.8,0
2023-04-20,Hai_Phong,20.8449,106.6881,26.8,86,15.4,13,1000.0,0
2023-04-21,Hai_Phong,20.8449,106.6881,27.6,85,18.0,18,1000.5,0
2023-04-22,Hai_Phong,20.8449,106.6881,27.3,86,17.6,3,1002.9,0
2023-04-23,Hai_Phong,20.8449,106.6881,27.2,88,21.8,67,1006.6,1
2023-04-24,Hai_Phong,20.8449,106.6881,26.5,85,21.8,80,1009.7,1
2023-04-25,Hai_Phong,20.8449,106.6881,23.1,76,16.4,100,1012.7,1
2023-04-26,Hai_Phong,20.8449,106.6881,22.8,72,13.2,76,1012.8,1
2023-04-27,Hai_Phong,20.8449,106.6881,24.0,82,15.5,83,1010.4,0
2023-04-28,Hai_Phong,20.8449,106.6881,26.0,87,23.7,71,1009.2,1
2023-04-29,Hai_Phong,20.8449,106.6881,24.5,89,19.1,92,1010.2,1
2023-04-30,Hai_Phong,20.8449,106.6881,22.4,72,8.9,62,1012.0,0
2023-05-01,Hai_Phong,20.8449,106.6881,23.4,78,15.1,7,1010.9,0
2023-05-02,Hai_Phong,20.8449,106.6881,25.5,87,22.7,48,1010.3,1
2023-05-03,Hai_Phong,20.8449,106.6881,26.6,87,25.1,65,1008.8,1
2023-05-04,Hai_Phong,20.8449,106.6881,27.6,85,26.7,53,1003.7,0
2023-05-05,Hai_Phong,20.8449,106.6881,29.4,78,15.0,11,998.7,0
2023-05-06,Hai_Phong,20.8449,106.6881,30.8,74,14.8,13,997.4,0
2023-05-07,Hai_Phong,20.8449,106.6881,29.8,78,19.7,31,1000.6,0
2023-05-08,Hai_Phong,20.8449,106.6881,26.1,80,18.2,100,1007.3,1
2023-05-09,Hai_Phong,20.8449,106.6881,26.0,79,21.3,91,1009.1,1
2023-05-10,Hai_Phong,20.8449,106.6881,27.1,86,13.3,76,1008.6,1
2023-05-11,Hai_Phong,20.8449,106.6881,25.8,90,14.2,96,1010.7,1
2023-05-12,Hai_Phong,20.8449,106.6881,24.3,78,15.3,94,1012.4,1
2023-05-13,Hai_Phong,20.8449,106.6881,22.1,86,11.5,100,1012.1,1
2023-05-14,Hai_Phong,20.8449,106.6881,23.5,78,10.0,89,1010.7,1
2023-05-15,Hai_Phong,20.8449,106.6881,25.2,83,16.4,88,1008.3,0
2023-05-16,Hai_Phong,20.8449,106.6881,28.8,80,16.2,67,1004.1,1
2023-05-17,Hai_Phong,20.8449,106.6881,31.0,66,14.8,33,1002.2,0
2023-05-18,Hai_Phong,20.8449,106.6881,30.9,70,12.2,41,1002.3,0
2023-05-19,Hai_Phong,20.8449,106.6881,29.5,80,16.1,16,1002.8,0
2023-05-20,Hai_Phong,20.8449,106.6881,29.7,80,18.0,9,1003.2,0
2023-05-21,Hai_Phong,20.8449,106.6881,30.8,78,19.4,18,1003.7,0
2023-05-22,Hai_Phong,20.8449,106.6881,31.4,76,18.4,18,1003.2,0
2023-05-23,Hai_Phong,20.8449,106.6881,28.8,83,24.3,87,1004.8,1
2023-05-24,Hai_Phong,20.8449,106.6881,28.1,85,20.3,99,1005.7,1
2023-05-25,Hai_Phong,20.8449,106.6881,28.2,86,15.6,100,1006.3,1
2023-05-26,Hai_Phong,20.8449,106.6881,28.7,83,18.5,70,1007.1,1
2023-05-27,Hai_Phong,20.8449,106.6881,28.6,82,18.1,44,1006.1,1
2023-05-28,Hai_Phong,20.8449,106.6881,28.4,82,12.3,55,1006.7,1
2023-05-29,Hai_Phong,20.8449,106.6881,28.7,82,13.4,16,1006.8,1
2023-05-30,Hai_Phong,20.8449,106.6881,29.2,81,12.3,12,1005.1,0
2023-05-31,Hai_Phong,20.8449,106.6881,29.2,83,13.6,29,1002.4,1
2023-06-01,Hai_Phong,20.8449,106.6881,30.2,82,14.6,69,1000.3,0
2023-06-02,Hai_Phong,20.8449,106.6881,31.2,79,18.0,82,1001.2,0
2023-06-03,Hai_Phong,20.8449,106.6881,31.3,79,18.0,38,1003.7,1
2023-06-04,Hai_Phong,20.8449,106.6881,30.5,78,18.1,63,1004.3,1
2023-06-05,Hai_Phong,20.8449,106.6881,29.6,79,14.5,75,1004.2,1
2023-06-06,Hai_Phong,20.8449,106.6881,28.4,83,11.5,85,1004.3,1
2023-06-07,Hai_Phong,20.8449,106.6881,28.6,83,12.4,100,1004.1,1
2023-06-08,Hai_Phong,20.8449,106.6881,27.7,89,12.6,100,1003.4,1
2023-06-09,Hai_Phong,20.8449,106.6881,28.4,80,16.2,96,1001.8,1
2023-06-10,Hai_Phong,20.8449,106.6881,29.6,77,11.4,93,1000.3,1
2023-06-11,Hai_Phong,20.8449,106.6881,29.6,84,11.3,98,1000.3,1
2023-06-12,Hai_Phong,20.8449,106.6881,29.3,84,14.8,96,1000.8,1
2023-06-13,Hai_Phong,20.8449,106.6881,28.5,86,10.3,100,1001.0,1
2023-06-14,Hai_Phong,20.8449,106.6881,27.5,90,8.4,97,1003.3,1
2023-06-15,Hai_Phong,20.8449,106.6881,28.3,87,12.4,100,1002.8,1
2023-06-16,Hai_Phong,20.8449,106.6881,29.9,83,15.0,100,1001.4,1
2023-06-17,Hai_Phong,20.8449,106.6881,30.2,82,17.9,100,1002.4,1
2023-06-18,Hai_Phong,20.8449,106.6881,29.8,80,19.8,100,1003.0,1
2023-06-19,Hai_Phong,20.8449,106.6881,29.8,79,15.3,98,1002.5,1
2023-06-20,Hai_Phong,20.8449,106.6881,30.3,81,16.5,90,1002.3,1
2023-06-21,Hai_Phong,20.8449,106.6881,30.6,81,17.4,89,1003.1,1
2023-06-22,Hai_Phong,20.8449,106.6881,30.0,86,12.1,100,1002.8,1
2023-06-23,Hai_Phong,20.8449,106.6881,28.7,86,14.0,100,1002.7,1
2023-06-24,Hai_Phong,20.8449,106.6881,26.6,95,11.8,100,1003.1,1
2023-06-25,Hai_Phong,20.8449,106.6881,25.5,94,7.6,100,1004.3,1
2023-06-26,Hai_Phong,20.8449,106.6881,25.6,93,10.9,98,1005.4,1
2023-06-27,Hai_Phong,20.8449,106.6881,26.7,88,14.5,95,1006.5,1
2023-06-28,Hai_Phong,20.8449,106.6881,28.8,81,19.9,38,1006.8,1
2023-06-29,Hai_Phong,20.8449,106.6881,29.5,81,18.8,46,1003.9,1
2023-06-30,Hai_Phong,20.8449,106.6881,30.8,82,17.5,80,1001.4,1
2023-07-01,Hai_Phong,20.8449,106.6881,31.4,79,17.1,90,1001.4,1
2023-07-02,Hai_Phong,20.8449,106.6881,31.3,78,18.7,99,1002.2,0
2023-07-03,Hai_Phong,20.8449,106.6881,30.6,79,21.9,99,1003.0,1
2023-07-04,Hai_Phong,20.8449,106.6881,30.3,78,22.9,70,1003.6,1
2023-07-05,Hai_Phong,20.8449,106.6881,30.3,77,19.8,36,1003.6,1
2023-07-06,Hai_Phong,20.8449,106.6881,30.7,78,22.1,32,1004.0,1
2023-07-07,Hai_Phong,20.8449,106.6881,31.1,79,21.3,36,1004.2,1
2023-07-08,Hai_Phong,20.8449,106.6881,30.3,82,20.1,63,1005.6,1
2023-07-09,Hai_Phong,20.8449,106.6881,30.3,79,21.4,75,1005.9,1
2023-07-10,Hai_Phong,20.8449,106.6881,30.4,79,19.4,80,1005.1,1
2023-07-11,Hai_Phong,20.8449,106.6881,30.7,79,18.5,48,1004.1,1
2023-07-12,Hai_Phong,20.8449,106.6881,31.4,76,18.5,33,1003.6,0
2023-07-13,Hai_Phong,20.8449,106.6881,31.3,76,18.5,46,1002.4,1
2023-07-14,Hai_Phong,20.8449,106.6881,30.9,79,13.4,80,1002.1,1
2023-07-15,Hai_Phong,20.8449,106.6881,29.8,81,13.4,74,1001.3,1
2023-07-16,Hai_Phong,20.8449,106.6881,29.6,80,13.1,98,999.1,1
2023-07-17,Hai_Phong,20.8449,106.6881,31.4,65,20.6,100,996.6,1
2023-07-18,Hai_Phong,20.8449,106.6881,25.8,85,25.5,100,996.9,1
2023-07-19,Hai_Phong,20.8449,106.6881,27.3,85,17.3,98,1002.4,1
2023-07-20,Hai_Phong,20.8449,106.6881,27.6,88,12.1,94,1004.8,1
2023-07-21,Hai_Phong,20.8449,106.6881,28.5,85,12.3,79,1007.3,1
2023-07-22,Hai_Phong,20.8449,106.6881,29.2,83,11.3,70,1008.4,1
2023-07-23,Hai_Phong,20.8449,106.6881,29.4,83,13.1,28,1007.0,1
2023-07-24,Hai_Phong,20.8449,106.6881,29.3,81,13.3,66,1005.2,1
2023-07-25,Hai_Phong,20.8449,106.6881,29.2,82,13.0,72,1004.9,1
2023-07-26,Hai_Phong,20.8449,106.6881,29.8,81,13.5,63,1003.0,0
2023-07-27,Hai_Phong,20.8449,106.6881,30.2,82,11.1,92,999.5,0
2023-07-28,Hai_Phong,20.8449,106.6881,30.6,80,13.4,100,997.4,1
2023-07-29,Hai_Phong,20.8449,106.6881,30.2,80,12.8,97,999.0,1
2023-07-30,Hai_Phong,20.8449,106.6881,29.6,81,14.5,91,1000.6,1
2023-07-31,Hai_Phong,20.8449,106.6881,28.5,87,15.1,99,1002.1,1
2023-08-01,Hai_Phong,20.8449,106.6881,27.8,89,9.0,99,1002.0,1
2023-08-02,Hai_Phong,20.8449,106.6881,27.1,90,12.4,100,1001.1,1
2023-08-03,Hai_Phong,20.8449,106.6881,26.7,93,11.4,100,1000.0,1
2023-08-04,Hai_Phong,20.8449,106.6881,27.2,91,15.3,100,1001.1,1
2023-08-05,Hai_Phong,20.8449,106.6881,27.2,88,17.5,100,1000.7,1
2023-08-06,Hai_Phong,20.8449,106.6881,27.7,86,16.6,100,998.0,1
2023-08-07,Hai_Phong,20.8449,106.6881,28.0,82,18.3,82,997.5,1
2023-08-08,Hai_Phong,20.8449,106.6881,28.6,82,12.3,84,999.6,1
2023-08-09,Hai_Phong,20.8449,106.6881,29.5,80,7.9,86,1001.6,1
2023-08-10,Hai_Phong,20.8449,106.6881,29.0,87,6.0,99,1002.4,1
2023-08-11,Hai_Phong,20.8449,106.6881,27.7,90,8.0,95,1001.3,1
2023-08-12,Hai_Phong,20.8449,106.6881,27.3,90,11.4,99,1000.8,1
2023-08-13,Hai_Phong,20.8449,106.6881,27.5,90,10.2,98,1001.3,1
2023-08-14,Hai_Phong,20.8449,106.6881,27.9,89,12.7,97,1001.9,1
2023-08-15,Hai_Phong,20.8449,106.6881,27.5,89,8.1,99,1003.4,1
2023-08-16,Hai_Phong,20.8449,106.6881,28.7,86,14.5,68,1004.4,1
2023-08-17,Hai_Phong,20.8449,106.6881,30.1,85,11.5,75,1003.8,1
2023-08-18,Hai_Phong,20.8449,106.6881,29.3,86,11.7,95,1002.3,1
2023-08-19,Hai_Phong,20.8449,106.6881,28.2,88,13.3,100,1003.8,1
2023-08-20,Hai_Phong,20.8449,106.6881,27.0,92,12.5,100,1004.7,1
2023-08-21,Hai_Phong,20.8449,106.6881,28.6,84,13.7,93,1005.1,1
2023-08-22,Hai_Phong,20.8449,106.6881,29.1,86,9.4,100,1003.7,1
2023-08-23,Hai_Phong,20.8449,106.6881,29.3,86,10.0,99,1002.1,1
2023-08-24,Hai_Phong,20.8449,106.6881,28.0,89,13.2,98,1003.5,1
2023-08-25,Hai_Phong,20.8449,106.6881,28.5,86,12.6,92,1003.8,1
2023-08-26,Hai_Phong,20.8449,106.6881,28.7,87,13.0,89,1001.7,1
2023-08-27,Hai_Phong,20.8449,106.6881,30.0,81,8.7,97,999.1,1
2023-08-28,Hai_Phong,20.8449,106.6881,27.7,86,16.1,100,1000.8,1
2023-08-29,Hai_Phong,20.8449,106.6881,28.1,75,15.6,85,1003.2,0
2023-08-30,Hai_Phong,20.8449,106.6881,27.6,71,16.9,76,1005.4,0
2023-08-31,Hai_Phong,20.8449,106.6881,28.1,72,14.9,48,1005.1,1
2023-09-01,Hai_Phong,20.8449,106.6881,28.4,76,13.2,28,1003.9,1
2023-09-02,Hai_Phong,20.8449,106.6881,29.5,71,16.2,60,1001.7,1
2023-09-03,Hai_Phong,20.8449,106.6881,26.4,74,21.3,97,1001.8,1
2023-09-04,Hai_Phong,20.8449,106.6881,26.4,82,14.0,82,1003.3,1
2023-09-05,Hai_Phong,20.8449,106.6881,27.6,84,18.4,80,1004.7,1
2023-09-06,Hai_Phong,20.8449,106.6881,29.0,82,9.7,94,1005.5,1
2023-09-07,Hai_Phong,20.8449,106.6881,29.5,81,10.5,69,1005.3,1
2023-09-08,Hai_Phong,20.8449,106.6881,28.1,87,18.4,92,1005.2,1
2023-09-09,Hai_Phong,20.8449,106.6881,27.1,91,10.1,100,1004.0,1
2023-09-10,Hai_Phong,20.8449,106.6881,27.3,91,11.6,100,1003.2,1
2023-09-11,Hai_Phong,20.8449,106.6881,26.8,93,8.2,100,1002.5,1
2023-09-12,Hai_Phong,20.8449,106.6881,27.1,92,9.4,100,1002.6,1
2023-09-13,Hai_Phong,20.8449,106.6881,26.3,87,21.3,100,1003.4,1
2023-09-14,Hai_Phong,20.8449,106.6881,25.1,88,12.0,100,1005.1,1
2023-09-15,Hai_Phong,20.8449,106.6881,25.4,89,11.2,97,1006.8,1
2023-09-16,Hai_Phong,20.8449,106.6881,25.7,92,15.6,94,1008.0,1
2023-09-17,Hai_Phong,20.8449,106.6881,26.6,89,12.7,97,1007.7,1
2023-09-18,Hai_Phong,20.8449,106.6881,27.0,89,11.5,94,1008.2,1
2023-09-19,Hai_Phong,20.8449,106.6881,27.8,87,14.2,66,1008.9,1
2023-09-20,Hai_Phong,20.8449,106.6881,28.4,85,12.0,13,1008.5,1
2023-09-21,Hai_Phong,20.8449,106.6881,28.7,84,11.8,11,1008.8,1
2023-09-22,Hai_Phong,20.8449,106.6881,28.2,87,9.1,50,1008.5,1
2023-09-23,Hai_Phong,20.8449,106.6881,28.3,84,12.2,41,1008.5,1
2023-09-24,Hai_Phong,20.8449,106.6881,27.6,86,11.7,58,1007.6,1
2023-09-25,Hai_Phong,20.8449,106.6881,27.6,84,15.2,76,1007.1,1
2023-09-26,Hai_Phong,20.8449,106.6881,25.9,91,19.8,98,1006.8,1
2023-09-27,Hai_Phong,20.8449,106.6881,25.8,92,19.5,100,1007.6,1
2023-09-28,Hai_Phong,20.8449,106.6881,25.8,93,13.6,100,1009.9,1
2023-09-29,Hai_Phong,20.8449,106.6881,26.4,91,10.1,98,1010.8,1
2023-09-30,Hai_Phong,20.8449,106.6881,27.4,88,7.9,63,1009.6,1
2023-10-01,Hai_Phong,20.8449,106.6881,27.9,85,12.6,31,1008.1,0
2023-10-02,Hai_Phong,20.8449,106.6881,27.6,85,13.2,43,1009.1,1
2023-10-03,Hai_Phong,20.8449,106.6881,27.8,86,8.9,47,1009.2,1
2023-10-04,Hai_Phong,20.8449,106.6881,28.7,83,9.0,15,1008.6,1
2023-10-05,Hai_Phong,20.8449,106.6881,28.7,85,9.4,16,1007.4,1
2023-10-06,Hai_Phong,20.8449,106.6881,28.5,83,14.4,50,1007.6,1
2023-10-07,Hai_Phong,20.8449,106.6881,26.4,81,18.0,71,1009.8,1
2023-10-08,Hai_Phong,20.8449,106.6881,25.3,68,13.4,43,1012.4,0
2023-10-09,Hai_Phong,20.8449,106.6881,25.2,69,14.8,80,1013.7,0
2023-10-10,Hai_Phong,20.8449,106.6881,25.1,68,15.7,92,1014.8,0
2023-10-11,Hai_Phong,20.8449,106.6881,24.7,73,10.7,100,1015.5,0
2023-10-12,Hai_Phong,20.8449,106.6881,24.4,81,7.4,82,1015.9,1
2023-10-13,Hai_Phong,20.8449,106.6881,25.0,80,12.6,33,1014.4,1
2023-10-14,Hai_Phong,20.8449,106.6881,25.2,76,11.2,35,1012.5,1
2023-10-15,Hai_Phong,20.8449,106.6881,24.8,73,10.6,74,1012.1,0
2023-10-16,Hai_Phong,20.8449,106.6881,25.6,75,11.1,62,1012.7,0
2023-10-17,Hai_Phong,20.8449,106.6881,25.8,77,10.4,72,1012.4,0
2023-10-18,Hai_Phong,20.8449,106.6881,26.6,76,14.1,99,1011.3,0
2023-10-19,Hai_Phong,20.8449,106.6881,27.0,77,20.5,100,1009.5,1
2023-10-20,Hai_Phong,20.8449,106.6881,26.9,61,24.9,85,1013.0,0
2023-10-21,Hai_Phong,20.8449,106.6881,23.6,56,17.0,96,1016.9,1
2023-10-22,Hai_Phong,20.8449,106.6881,23.5,72,10.6,86,1016.9,0
2023-10-23,Hai_Phong,20.8449,106.6881,23.6,84,11.2,66,1015.7,1
2023-10-24,Hai_Phong,20.8449,106.6881,25.5,78,16.2,33,1014.2,0
2023-10-25,Hai_Phong,20.8449,106.6881,26.7,72,17.9,56,1013.4,0
2023-10-26,Hai_Phong,20.8449,106.6881,26.6,74,13.8,54,1012.2,0
2023-10-27,Hai_Phong,20.8449,106.6881,26.5,78,15.3,31,1011.6,0
2023-10-28,Hai_Phong,20.8449,106.6881,26.8,79,14.2,76,1012.3,1
2023-10-29,Hai_Phong,20.8449,106.6881,24.1,90,14.2,100,1013.7,1
2023-10-30,Hai_Phong,20.8449,106.6881,24.4,80,9.7,84,1015.8,1
2023-10-31,Hai_Phong,20.8449,106.6881,24.6,77,13.3,65,1016.8,1
2023-11-01,Hai_Phong,20.8449,106.6881,24.5,77,12.6,9,1016.0,0
2023-11-02,Hai_Phong,20.8449,106.6881,24.3,81,14.6,49,1013.1,0
2023-11-03,Hai_Phong,20.8449,106.6881,25.9,85,15.2,59,1010.4,1
2023-11-04,Hai_Phong,20.8449,106.6881,26.3,86,14.0,59,1010.8,1
2023-11-05,Hai_Phong,20.8449,106.6881,26.7,84,14.2,43,1011.5,1
2023-11-06,Hai_Phong,20.8449,106.6881,26.1,86,17.4,89,1013.5,1
2023-11-07,Hai_Phong,20.8449,106.6881,24.7,77,15.2,69,1014.3,0
2023-11-08,Hai_Phong,20.8449,106.6881,25.7,80,13.3,54,1012.1,1
2023-11-09,Hai_Phong,20.8449,106.6881,26.6,84,13.4,30,1011.7,1
2023-11-10,Hai_Phong,20.8449,106.6881,26.5,87,12.2,22,1013.1,1
2023-11-11,Hai_Phong,20.8449,106.6881,26.7,86,14.0,23,1014.1,1
2023-11-12,Hai_Phong,20.8449,106.6881,26.0,80,24.1,53,1016.4,1
2023-11-13,Hai_Phong,20.8449,106.6881,17.9,74,17.0,100,1021.3,1
2023-11-14,Hai_Phong,20.8449,106.6881,18.2,71,8.7,74,1021.4,0
2023-11-15,Hai_Phong,20.8449,106.6881,20.9,79,12.9,76,1019.5,0
2023-11-16,Hai_Phong,20.8449,106.6881,19.9,59,20.6,75,1024.8,0
2023-11-17,Hai_Phong,20.8449,106.6881,18.6,56,15.2,41,1024.6,0
2023-11-18,Hai_Phong,20.8449,106.6881,19.2,58,9.7,28,1021.8,0
2023-11-19,Hai_Phong,20.8449,106.6881,19.8,64,9.7,14,1019.6,0
2023-11-20,Hai_Phong,20.8449,106.6881,20.0,70,15.3,7,1017.6,0
2023-11-21,Hai_Phong,20.8449,106.6881,20.4,74,13.8,8,1015.1,0
2023-11-22,Hai_Phong,20.8449,106.6881,22.0,82,11.3,49,1013.8,1
2023-11-23,Hai_Phong,20.8449,106.6881,22.4,83,12.3,54,1015.0,1
2023-11-24,Hai_Phong,20.8449,106.6881,23.4,75,18.8,34,1016.7,0
2023-11-25,Hai_Phong,20.8449,106.6881,22.8,77,18.1,34,1017.5,0
2023-11-26,Hai_Phong,20.8449,106.6881,23.8,73,16.0,76,1018.3,0
2023-11-27,Hai_Phong,20.8449,106.6881,22.4,79,11.1,29,1017.7,1
2023-11-28,Hai_Phong,20.8449,106.6881,21.7,78,15.9,16,1016.9,0
2023-11-29,Hai_Phong,20.8449,106.6881,22.7,80,12.0,74,1015.8,1
2023-11-30,Hai_Phong,20.8449,106.6881,23.4,82,12.6,99,1017.5,1
2023-12-01,Hai_Phong,20.8449,106.6881,21.4,69,13.8,100,1019.0,1
2023-12-02,Hai_Phong,20.8449,106.6881,19.5,68,8.4,100,1019.5,1
2023-12-03,Hai_Phong,20.8449,106.6881,20.8,76,9.2,94,1018.4,0
2023-12-04,Hai_Phong,20.8449,106.6881,20.5,76,7.1,97,1016.5,0
2023-12-05,Hai_Phong,20.8449,106.6881,20.7,79,14.1,91,1014.2,0
2023-12-06,Hai_Phong,20.8449,106.6881,20.1,79,15.0,90,1017.4,1
2023-12-07,Hai_Phong,20.8449,106.6881,19.7,67,12.5,92,1017.4,0
2023-12-08,Hai_Phong,20.8449,106.6881,20.7,77,13.5,57,1013.5,0
2023-12-09,Hai_Phong,20.8449,106.6881,23.2,86,19.1,47,1010.9,1
2023-12-10,Hai_Phong,20.8449,106.6881,24.1,89,21.7,63,1009.7,1
2023-12-11,Hai_Phong,20.8449,106.6881,24.0,91,18.1,81,1012.0,1
2023-12-12,Hai_Phong,20.8449,106.6881,23.8,86,20.2,26,1014.0,1
2023-12-13,Hai_Phong,20.8449,106.6881,23.3,82,20.6,58,1015.6,1
2023-12-14,Hai_Phong,20.8449,106.6881,24.0,86,14.3,67,1014.9,1
2023-12-15,Hai_Phong,20.8449,106.6881,24.1,91,16.9,87,1013.2,1
2023-12-16,Hai_Phong,20.8449,106.6881,18.6,67,23.6,100,1018.6,1
2023-12-17,Hai_Phong,20.8449,106.6881,13.5,64,11.2,99,1023.2,1
2023-12-18,Hai_Phong,20.8449,106.6881,16.1,71,9.4,100,1020.5,0
2023-12-19,Hai_Phong,20.8449,106.6881,14.4,69,8.0,100,1021.3,1
2023-12-20,Hai_Phong,20.8449,106.6881,13.5,54,14.8,96,1023.8,0
2023-12-21,Hai_Phong,20.8449,106.6881,13.2,48,18.6,78,1026.4,0
2023-12-22,Hai_Phong,20.8449,106.6881,11.4,49,16.2,22,1029.5,0
2023-12-23,Hai_Phong,20.8449,106.6881,12.2,52,12.7,87,1029.0,0
2023-12-24,Hai_Phong,20.8449,106.6881,14.0,41,12.6,78,1028.7,0
2023-12-25,Hai_Phong,20.8449,106.6881,13.8,53,12.5,49,1025.2,0
2023-12-26,Hai_Phong,20.8449,106.6881,15.1,71,12.2,24,1023.0,0
2023-12-27,Hai_Phong,20.8449,106.6881,17.0,76,15.6,26,1022.1,0
2023-12-28,Hai_Phong,20.8449,106.6881,18.4,75,14.2,43,1020.0,0
2023-12-29,Hai_Phong,20.8449,106.6881,20.1,77,13.5,86,1018.4,1
2023-12-30,Hai_Phong,20.8449,106.6881,19.9,86,12.0,75,1016.9,1
2023-12-31,Hai_Phong,20.8449,106.6881,19.9,84,12.1,24,1016.4,0
2024-01-01,Hai_Phong,20.8449,106.6881,20.8,83,16.2,50,1015.9,1
2024-01-02,Hai_Phong,20.8449,106.6881,21.6,88,14.0,56,1015.3,1
2024-01-03,Hai_Phong,20.8449,106.6881,19.7,73,17.1,96,1018.5,1
2024-01-04,Hai_Phong,20.8449,106.6881,18.5,74,11.6,65,1018.1,0
2024-01-05,Hai_Phong,20.8449,106.6881,19.8,87,13.6,66,1016.8,1
2024-01-06,Hai_Phong,20.8449,106.6881,20.3,88,15.9,57,1017.7,1
2024-01-07,Hai_Phong,20.8449,106.6881,20.8,83,20.3,37,1017.3,0
2024-01-08,Hai_Phong,20.8449,106.6881,21.1,88,18.8,37,1015.6,1
2024-01-09,Hai_Phong,20.8449,106.6881,21.3,90,15.4,67,1014.6,1
2024-01-10,Hai_Phong,20.8449,106.6881,19.8,87,18.9,97,1015.6,1
2024-01-11,Hai_Phong,20.8449,106.6881,19.5,88,20.9,100,1015.8,1
2024-01-12,Hai_Phong,20.8449,106.6881,19.9,92,19.1,100,1015.3,1
2024-01-13,Hai_Phong,20.8449,106.6881,19.6,88,16.6,100,1016.6,1
2024-01-14,Hai_Phong,20.8449,106.6881,20.0,87,19.8,68,1018.0,1
2024-01-15,Hai_Phong,20.8449,106.6881,20.1,84,18.4,30,1018.3,0
2024-01-16,Hai_Phong,20.8449,106.6881,20.7,84,22.4,56,1017.5,1
2024-01-17,Hai_Phong,20.8449,106.6881,20.9,87,21.9,45,1016.2,1
2024-01-18,Hai_Phong,20.8449,106.6881,21.2,88,15.2,48,1014.5,1
2024-01-19,Hai_Phong,20.8449,106.6881,21.4,90,16.8,78,1013.3,1
2024-01-20,Hai_Phong,20.8449,106.6881,21.4,86,22.0,88,1014.4,1
2024-01-21,Hai_Phong,20.8449,106.6881,18.5,78,20.1,100,1017.3,1
2024-01-22,Hai_Phong,20.8449,106.6881,12.3,81,18.8,100,1022.1,1
2024-01-23,Hai_Phong,20.8449,106.6881,8.6,68,11.0,100,1027.8,1
2024-01-24,Hai_Phong,20.8449,106.6881,9.8,61,11.3,100,1027.8,0
2024-01-25,Hai_Phong,20.8449,106.6881,10.8,58,8.7,100,1027.7,0
2024-01-26,Hai_Phong,20.8449,106.6881,12.0,67,7.8,100,1026.2,0
2024-01-27,Hai_Phong,20.8449,106.6881,11.5,78,8.1,100,1024.9,1
2024-01-28,Hai_Phong,20.8449,106.6881,12.3,78,8.6,100,1024.6,1
2024-01-29,Hai_Phong,20.8449,106.6881,14.3,82,8.1,98,1021.2,1
2024-01-30,Hai_Phong,20.8449,106.6881,17.2,86,7.6,97,1017.9,0
2024-01-31,Hai_Phong,20.8449,106.6881,19.3,91,9.4,100,1015.7,0
2024-02-01,Hai_Phong,20.8449,106.6881,21.6,91,16.1,90,1014.8,1
2024-02-02,Hai_Phong,20.8449,106.6881,21.5,93,18.3,87,1013.8,1
2024-02-03,Hai_Phong,20.8449,106.6881,21.8,88,18.2,96,1013.9,1
2024-02-04,Hai_Phong,20.8449,106.6881,22.6,90,21.6,89,1012.9,1
2024-02-05,Hai_Phong,20.8449,106.6881,20.4,86,16.7,100,1014.2,1
2024-02-06,Hai_Phong,20.8449,106.6881,19.8,86,18.7,100,1015.0,1
2024-02-07,Hai_Phong,20.8449,106.6881,18.0,85,17.8,100,1014.4,1
2024-02-08,Hai_Phong,20.8449,106.6881,13.5,72,10.1,100,1017.2,1
2024-02-09,Hai_Phong,20.8449,106.6881,13.6,63,9.5,100,1023.2,1
2024-02-10,Hai_Phong,20.8449,106.6881,16.3,66,13.1,77,1025.9,0
2024-02-11,Hai_Phong,20.8449,106.6881,17.1,70,12.2,50,1025.5,0
2024-02-12,Hai_Phong,20.8449,106.6881,17.1,76,14.8,28,1022.0,0
2024-02-13,Hai_Phong,20.8449,106.6881,19.0,88,11.8,83,1019.0,0
2024-02-14,Hai_Phong,20.8449,106.6881,20.2,88,21.1,79,1016.7,1
2024-02-15,Hai_Phong,20.8449,106.6881,20.5,85,13.7,72,1017.6,1
2024-02-16,Hai_Phong,20.8449,106.6881,19.9,80,16.6,60,1018.0,1
2024-02-17,Hai_Phong,20.8449,106.6881,19.9,89,22.0,70,1013.0,1
2024-02-18,Hai_Phong,20.8449,106.6881,22.3,90,21.4,87,1010.3,1
2024-02-19,Hai_Phong,20.8449,106.6881,23.1,90,19.3,68,1010.1,1
2024-02-20,Hai_Phong,20.8449,106.6881,24.0,87,24.5,56,1008.3,1
2024-02-21,Hai_Phong,20.8449,106.6881,24.7,86,21.2,27,1008.4,0
2024-02-22,Hai_Phong,20.8449,106.6881,23.8,86,18.8,85,1011.8,1
2024-02-23,Hai_Phong,20.8449,106.6881,19.8,81,19.8,82,1015.8,1
2024-02-24,Hai_Phong,20.8449,106.6881,17.1,85,11.8,100,1018.7,1
2024-02-25,Hai_Phong,20.8449,106.6881,16.2,74,11.0,100,1019.4,0
2024-02-26,Hai_Phong,20.8449,106.6881,17.0,78,12.0,100,1019.1,1
2024-02-27,Hai_Phong,20.8449,106.6881,15.1,72,8.4,100,1019.4,1
2024-02-28,Hai_Phong,20.8449,106.6881,16.7,80,9.6,100,1015.8,0
2024-02-29,Hai_Phong,20.8449,106.6881,16.6,79,9.7,100,1016.7,1
2024-03-01,Hai_Phong,20.8449,106.6881,14.1,67,9.4,100,1020.6,1
2024-03-02,Hai_Phong,20.8449,106.6881,14.1,67,8.9,84,1020.7,1
2024-03-03,Hai_Phong,20.8449,106.6881,16.1,81,12.9,87,1014.0,0
2024-03-04,Hai_Phong,20.8449,106.6881,21.4,88,16.6,53,1006.0,1
2024-03-05,Hai_Phong,20.8449,106.6881,24.5,80,12.0,1,1003.1,0
2024-03-06,Hai_Phong,20.8449,106.6881,23.1,74,19.3,12,1007.5,0
2024-03-07,Hai_Phong,20.8449,106.6881,20.0,71,15.5,79,1013.8,0
2024-03-08,Hai_Phong,20.8449,106.6881,18.8,73,12.6,100,1016.0,1
2024-03-09,Hai_Phong,20.8449,106.6881,18.4,85,7.5,100,1015.3,1
2024-03-10,Hai_Phong,20.8449,106.6881,18.3,86,8.1,100,1017.0,1
2024-03-11,Hai_Phong,20.8449,106.6881,19.3,79,13.4,63,1018.3,1
2024-03-12,Hai_Phong,20.8449,106.6881,19.6,83,16.1,40,1016.0,0
2024-03-13,Hai_Phong,20.8449,106.6881,20.8,88,12.0,87,1013.2,1
2024-03-14,Hai_Phong,20.8449,106.6881,20.8,92,15.1,99,1012.5,1
2024-03-15,Hai_Phong,20.8449,106.6881,21.7,93,15.8,100,1012.0,1
2024-03-16,Hai_Phong,20.8449,106.6881,22.5,93,15.6,99,1013.3,0
2024-03-17,Hai_Phong,20.8449,106.6881,22.4,94,14.3,100,1012.9,1
2024-03-18,Hai_Phong,20.8449,106.6881,22.9,91,13.6,100,1012.3,1
2024-03-19,Hai_Phong,20.8449,106.6881,19.6,84,19.5,99,1017.9,1
2024-03-20,Hai_Phong,20.8449,106.6881,18.5,77,7.6,100,1020.9,1
2024-03-21,Hai_Phong,20.8449,106.6881,19.2,80,15.3,62,1014.6,0
2024-03-22,Hai_Phong,20.8449,106.6881,22.3,90,25.0,84,1008.0,1
2024-03-23,Hai_Phong,20.8449,106.6881,24.3,89,25.5,72,1006.7,1
2024-03-24,Hai_Phong,20.8449,106.6881,23.9,90,18.4,50,1009.2,0
2024-03-25,Hai_Phong,20.8449,106.6881,24.4,92,16.1,93,1010.8,1
2024-03-26,Hai_Phong,20.8449,106.6881,24.0,91,18.0,94,1014.4,1
2024-03-27,Hai_Phong,20.8449,106.6881,23.7,93,21.1,100,1013.9,1
2024-03-28,Hai_Phong,20.8449,106.6881,23.1,92,13.0,100,1011.7,1
2024-03-29,Hai_Phong,20.8449,106.6881,23.8,86,12.3,76,1011.9,1
2024-03-30,Hai_Phong,20.8449,106.6881,24.0,93,21.3,86,1010.0,1
2024-03-31,Hai_Phong,20.8449,106.6881,26.1,85,12.8,18,1006.4,0
2024-04-01,Hai_Phong,20.8449,106.6881,26.9,81,15.7,12,1003.1,0
2024-04-02,Hai_Phong,20.8449,106.6881,26.8,81,20.1,4,1001.9,0
2024-04-03,Hai_Phong,20.8449,106.6881,27.2,82,16.2,1,1002.9,0
2024-04-04,Hai_Phong,20.8449,106.6881,26.6,85,18.3,1,1003.9,0
2024-04-05,Hai_Phong,20.8449,106.6881,26.0,83,18.9,81,1006.5,0
2024-04-06,Hai_Phong,20.8449,106.6881,25.7,83,17.8,74,1008.0,1
2024-04-07,Hai_Phong,20.8449,106.6881,25.6,82,14.5,100,1007.1,0
2024-04-08,Hai_Phong,20.8449,106.6881,24.4,83,11.6,100,1010.5,1
2024-04-09,Hai_Phong,20.8449,106.6881,23.8,85,9.7,96,1013.3,1
2024-04-10,Hai_Phong,20.8449,106.6881,24.1,89,12.7,81,1013.1,1
2024-04-11,Hai_Phong,20.8449,106.6881,24.9,91,18.0,78,1012.4,1
2024-04-12,Hai_Phong,20.8449,106.6881,25.7,89,20.8,90,1010.6,1
2024-04-13,Hai_Phong,20.8449,106.6881,26.1,89,22.7,84,1008.1,1
2024-04-14,Hai_Phong,20.8449,106.6881,26.4,88,17.7,84,1007.8,1
2024-04-15,Hai_Phong,20.8449,106.6881,26.5,87,21.6,91,1008.9,1
2024-04-16,Hai_Phong,20.8449,106.6881,26.7,86,21.5,74,1007.2,1
2024-04-17,Hai_Phong,20.8449,106.6881,27.1,87,21.2,71,1005.6,1
2024-04-18,Hai_Phong,20.8449,106.6881,26.7,88,24.1,59,1004.0,1
2024-04-19,Hai_Phong,20.8449,106.6881,28.2,82,22.9,66,1001.2,1
2024-04-20,Hai_Phong,20.8449,106.6881,28.4,81,23.3,39,1000.7,1
2024-04-21,Hai_Phong,20.8449,106.6881,27.4,84,24.1,57,1003.1,1
2024-04-22,Hai_Phong,20.8449,106.6881,26.5,84,18.5,82,1004.9,0
2024-04-23,Hai_Phong,20.8449,106.6881,27.1,87,15.0,94,1005.2,1
2024-04-24,Hai_Phong,20.8449,106.6881,26.2,85,21.5,82,1005.8,1
2024-04-25,Hai_Phong,20.8449,106.6881,28.2,88,20.2,59,1002.6,1
2024-04-26,Hai_Phong,20.8449,106.6881,29.0,85,12.2,4,1000.0,0
2024-04-27,Hai_Phong,20.8449,106.6881,31.5,68,17.3,1,998.8,0
2024-04-28,Hai_Phong,20.8449,106.6881,29.7,80,16.8,1,1001.2,0
2024-04-29,Hai_Phong,20.8449,106.6881,31.0,73,23.1,13,1000.9,0
2024-04-30,Hai_Phong,20.8449,106.6881,32.1,69,26.0,15,998.3,0
2024-05-01,Hai_Phong,20.8449,106.6881,27.3,78,23.4,86,1004.1,1
2024-05-02,Hai_Phong,20.8449,106.6881,26.7,79,21.0,92,1006.8,1
2024-05-03,Hai_Phong,20.8449,106.6881,26.0,91,17.2,93,1006.9,1
2024-05-04,Hai_Phong,20.8449,106.6881,27.7,85,21.6,44,1003.9,1
2024-05-05,Hai_Phong,20.8449,106.6881,26.9,81,16.8,73,1007.0,1
2024-05-06,Hai_Phong,20.8449,106.6881,26.0,88,14.1,84,1009.6,1
2024-05-07,Hai_Phong,20.8449,106.6881,26.3,88,12.3,80,1011.5,1
2024-05-08,Hai_Phong,20.8449,106.6881,27.1,86,13.9,98,1010.9,1
2024-05-09,Hai_Phong,20.8449,106.6881,26.3,85,16.1,90,1011.1,1
2024-05-10,Hai_Phong,20.8449,106.6881,26.8,86,18.1,77,1010.2,1
2024-05-11,Hai_Phong,20.8449,106.6881,27.3,89,17.1,61,1009.6,1
2024-05-12,Hai_Phong,20.8449,106.6881,27.6,88,10.1,73,1009.4,1
2024-05-13,Hai_Phong,20.8449,106.6881,26.4,87,9.0,69,1010.4,1
2024-05-14,Hai_Phong,20.8449,106.6881,27.4,83,16.5,27,1009.9,1
2024-05-15,Hai_Phong,20.8449,106.6881,27.4,84,19.3,55,1010.9,1
2024-05-16,Hai_Phong,20.8449,106.6881,26.9,75,18.8,43,1011.7,1
2024-05-17,Hai_Phong,20.8449,106.6881,27.3,77,16.7,47,1008.9,1
2024-05-18,Hai_Phong,20.8449,106.6881,27.8,85,21.4,100,1004.4,1
2024-05-19,Hai_Phong,20.8449,106.6881,27.8,90,15.6,100,1001.7,1
2024-05-20,Hai_Phong,20.8449,106.6881,27.1,86,12.7,84,1004.7,1
2024-05-21,Hai_Phong,20.8449,106.6881,27.3,86,12.6,98,1006.8,1
2024-05-22,Hai_Phong,20.8449,106.6881,27.1,87,9.7,89,1007.6,1
2024-05-23,Hai_Phong,20.8449,106.6881,27.1,88,9.4,84,1007.0,1
2024-05-24,Hai_Phong,20.8449,106.6881,27.6,85,14.4,81,1006.9,1
2024-05-25,Hai_Phong,20.8449,106.6881,27.6,87,17.0,90,1006.7,1
2024-05-26,Hai_Phong,20.8449,106.6881,28.9,86,20.2,77,1004.1,1
2024-05-27,Hai_Phong,20.8449,106.6881,31.3,75,17.3,71,999.9,0
2024-05-28,Hai_Phong,20.8449,106.6881,29.1,87,13.1,100,1000.1,1
2024-05-29,Hai_Phong,20.8449,106.6881,29.8,84,21.5,90,1000.0,1
2024-05-30,Hai_Phong,20.8449,106.6881,28.7,85,21.1,95,1001.3,1
2024-05-31,Hai_Phong,20.8449,106.6881,25.9,86,14.7,85,1004.6,1
2024-06-01,Hai_Phong,20.8449,106.6881,27.2,85,10.2,69,1006.4,1
2024-06-02,Hai_Phong,20.8449,106.6881,29.3,85,12.3,64,1005.4,1
2024-06-03,Hai_Phong,20.8449,106.6881,30.0,86,10.3,100,1002.5,1
2024-06-04,Hai_Phong,20.8449,106.6881,29.1,89,11.4,100,1003.1,1
2024-06-05,Hai_Phong,20.8449,106.6881,27.2,89,17.6,100,1005.9,1
2024-06-06,Hai_Phong,20.8449,106.6881,26.1,91,8.9,100,1006.9,1
2024-06-07,Hai_Phong,20.8449,106.6881,27.8,87,13.2,88,1004.1,1
2024-06-08,Hai_Phong,20.8449,106.6881,27.5,90,17.5,100,1002.3,1
2024-06-09,Hai_Phong,20.8449,106.6881,27.8,89,15.0,100,1002.9,1
2024-06-10,Hai_Phong,20.8449,106.6881,28.4,86,16.6,93,1004.4,1
2024-06-11,Hai_Phong,20.8449,106.6881,29.6,82,15.7,90,1004.0,1
2024-06-12,Hai_Phong,20.8449,106.6881,30.3,82,13.9,100,1002.9,1
2024-06-13,Hai_Phong,20.8449,106.6881,31.3,71,17.4,100,1000.1,0
2024-06-14,Hai_Phong,20.8449,106.6881,31.3,71,14.7,100,998.8,0
2024-06-15,Hai_Phong,20.8449,106.6881,30.6,81,15.2,100,1000.1,1
2024-06-16,Hai_Phong,20.8449,106.6881,30.8,83,18.0,99,1001.4,1
2024-06-17,Hai_Phong,20.8449,106.6881,31.6,78,18.3,100,1000.8,1
2024-06-18,Hai_Phong,20.8449,106.6881,30.9,79,16.6,100,1000.1,1
2024-06-19,Hai_Phong,20.8449,106.6881,31.0,79,20.3,100,999.7,1
2024-06-20,Hai_Phong,20.8449,106.6881,31.1,81,16.0,100,999.8,1
2024-06-21,Hai_Phong,20.8449,106.6881,31.3,80,20.9,94,1000.7,1
2024-06-22,Hai_Phong,20.8449,106.6881,30.4,80,18.1,93,1002.1,1
2024-06-23,Hai_Phong,20.8449,106.6881,28.7,85,15.5,98,1002.1,1
2024-06-24,Hai_Phong,20.8449,106.6881,27.8,87,11.8,99,1002.0,1
2024-06-25,Hai_Phong,20.8449,106.6881,27.6,87,18.0,100,1004.1,1
2024-06-26,Hai_Phong,20.8449,106.6881,27.5,86,19.9,100,1006.8,1
2024-06-27,Hai_Phong,20.8449,106.6881,27.5,86,16.9,86,1007.8,1
2024-06-28,Hai_Phong,20.8449,106.6881,28.9,82,21.7,88,1005.1,1
2024-06-29,Hai_Phong,20.8449,106.6881,30.6,79,20.5,98,1002.7,1
2024-06-30,Hai_Phong,20.8449,106.6881,31.5,73,20.2,99,1001.2,0
2024-07-01,Hai_Phong,20.8449,106.6881,30.7,75,18.8,100,999.4,0
2024-07-02,Hai_Phong,20.8449,106.6881,30.4,75,18.0,100,1000.9,1
2024-07-03,Hai_Phong,20.8449,106.6881,29.5,82,18.8,100,1005.9,1
2024-07-04,Hai_Phong,20.8449,106.6881,28.4,83,20.2,58,1007.9,1
2024-07-05,Hai_Phong,20.8449,106.6881,28.8,80,18.2,39,1005.4,1
2024-07-06,Hai_Phong,20.8449,106.6881,29.1,80,19.3,40,1004.6,1
2024-07-07,Hai_Phong,20.8449,106.6881,29.7,78,20.4,35,1005.4,1
2024-07-08,Hai_Phong,20.8449,106.6881,29.7,78,20.3,41,1004.4,1
2024-07-09,Hai_Phong,20.8449,106.6881,30.1,78,18.1,78,1004.0,1
2024-07-10,Hai_Phong,20.8449,106.6881,30.4,80,17.2,40,1004.1,1
2024-07-11,Hai_Phong,20.8449,106.6881,30.3,80,17.4,67,1002.5,1
2024-07-12,Hai_Phong,20.8449,106.6881,30.4,80,15.5,86,1000.4,1
2024-07-13,Hai_Phong,20.8449,106.6881,30.4,79,20.0,64,1000.2,1
2024-07-14,Hai_Phong,20.8449,106.6881,28.7,83,17.1,94,1003.3,1
2024-07-15,Hai_Phong,20.8449,106.6881,28.7,83,23.4,88,1004.4,1
2024-07-16,Hai_Phong,20.8449,106.6881,28.0,85,21.3,86,1004.6,1
2024-07-17,Hai_Phong,20.8449,106.6881,27.7,86,19.1,98,1003.6,1
2024-07-18,Hai_Phong,20.8449,106.6881,27.3,88,20.2,96,1003.3,1
2024-07-19,Hai_Phong,20.8449,106.6881,28.2,84,19.7,90,1003.1,1
2024-07-20,Hai_Phong,20.8449,106.6881,28.7,84,18.8,58,1004.0,1
2024-07-21,Hai_Phong,20.8449,106.6881,29.2,83,14.8,51,1003.8,1
2024-07-22,Hai_Phong,20.8449,106.6881,27.5,91,22.7,100,1000.9,1
2024-07-23,Hai_Phong,20.8449,106.6881,26.2,92,27.2,100,995.7,1
2024-07-24,Hai_Phong,20.8449,106.6881,27.9,88,13.9,89,994.7,1
2024-07-25,Hai_Phong,20.8449,106.6881,27.8,90,13.5,90,994.1,1
2024-07-26,Hai_Phong,20.8449,106.6881,30.7,83,15.3,87,994.8,0
2024-07-27,Hai_Phong,20.8449,106.6881,31.3,83,13.5,94,998.1,0
2024-07-28,Hai_Phong,20.8449,106.6881,29.2,87,13.6,99,1000.6,1
2024-07-29,Hai_Phong,20.8449,106.6881,27.2,91,15.1,100,1000.9,1
2024-07-30,Hai_Phong,20.8449,106.6881,27.8,90,12.0,100,1000.9,1
2024-07-31,Hai_Phong,20.8449,106.6881,28.0,85,14.7,100,1002.0,1
2024-08-01,Hai_Phong,20.8449,106.6881,28.9,79,18.4,97,1002.9,1
2024-08-02,Hai_Phong,20.8449,106.6881,28.1,79,22.9,84,1002.8,1
2024-08-03,Hai_Phong,20.8449,106.6881,28.8,77,15.5,54,1004.3,1
2024-08-04,Hai_Phong,20.8449,106.6881,29.1,80,15.0,10,1005.8,1
2024-08-05,Hai_Phong,20.8449,106.6881,29.3,83,13.1,21,1005.1,1
2024-08-06,Hai_Phong,20.8449,106.6881,29.7,83,15.1,81,1004.2,1
2024-08-07,Hai_Phong,20.8449,106.6881,30.1,82,15.7,16,1004.5,1
2024-08-08,Hai_Phong,20.8449,106.6881,30.3,82,18.1,15,1004.3,1
2024-08-09,Hai_Phong,20.8449,106.6881,31.2,79,16.7,65,1001.7,1
2024-08-10,Hai_Phong,20.8449,106.6881,32.1,74,16.6,66,999.9,1
2024-08-11,Hai_Phong,20.8449,106.6881,29.4,84,11.5,99,1000.1,1
2024-08-12,Hai_Phong,20.8449,106.6881,28.3,87,10.5,100,1001.1,1
2024-08-13,Hai_Phong,20.8449,106.6881,28.1,89,9.7,100,1003.4,1
2024-08-14,Hai_Phong,20.8449,106.6881,27.7,91,10.8,100,1004.3,1
2024-08-15,Hai_Phong,20.8449,106.6881,27.5,92,8.0,100,1003.5,1
2024-08-16,Hai_Phong,20.8449,106.6881,27.8,91,12.8,94,1003.2,1
2024-08-17,Hai_Phong,20.8449,106.6881,27.6,90,9.8,100,1004.8,1
2024-08-18,Hai_Phong,20.8449,106.6881,28.8,88,8.1,100,1004.6,1
2024-08-19,Hai_Phong,20.8449,106.6881,29.1,90,8.2,98,1003.1,1
2024-08-20,Hai_Phong,20.8449,106.6881,29.7,84,13.5,100,1003.4,1
2024-08-21,Hai_Phong,20.8449,106.6881,29.9,80,11.9,100,1004.8,1
2024-08-22,Hai_Phong,20.8449,106.6881,29.7,83,17.3,100,1006.2,1
2024-08-23,Hai_Phong,20.8449,106.6881,28.3,87,12.6,98,1007.8,1
2024-08-24,Hai_Phong,20.8449,106.6881,28.2,86,10.8,98,1007.2,1
2024-08-25,Hai_Phong,20.8449,106.6881,27.7,85,15.3,99,1006.1,1
2024-08-26,Hai_Phong,20.8449,106.6881,28.3,86,13.9,81,1005.5,1
2024-08-27,Hai_Phong,20.8449,106.6881,28.9,85,10.5,27,1005.2,1
2024-08-28,Hai_Phong,20.8449,106.6881,29.6,84,10.8,48,1003.4,1
2024-08-29,Hai_Phong,20.8449,106.6881,30.0,84,8.7,85,1003.1,1
2024-08-30,Hai_Phong,20.8449,106.6881,28.8,85,9.5,63,1004.4,1
2024-08-31,Hai_Phong,20.8449,106.6881,28.8,82,13.0,60,1005.7,1
2024-09-01,Hai_Phong,20.8449,106.6881,28.0,88,10.5,100,1006.1,1
2024-09-02,Hai_Phong,20.8449,106.6881,28.3,87,8.4,100,1006.7,1
2024-09-03,Hai_Phong,20.8449,106.6881,29.2,85,12.5,65,1005.9,1
2024-09-04,Hai_Phong,20.8449,106.6881,29.5,84,9.1,58,1002.4,1
2024-09-05,Hai_Phong,20.8449,106.6881,29.9,85,13.9,77,1000.1,1
2024-09-06,Hai_Phong,20.8449,106.6881,29.2,83,20.7,100,998.3,1
2024-09-07,Hai_Phong,20.8449,106.6881,26.1,89,78.9,100,986.2,1
2024-09-08,Hai_Phong,20.8449,106.6881,28.4,87,27.9,100,999.6,1
2024-09-09,Hai_Phong,20.8449,106.6881,28.1,88,22.7,100,1002.9,1
2024-09-10,Hai_Phong,20.8449,106.6881,25.0,95,13.3,100,1005.0,1
2024-09-11,Hai_Phong,20.8449,106.6881,25.2,94,21.1,100,1006.6,1
2024-09-12,Hai_Phong,20.8449,106.6881,26.3,91,9.3,74,1006.2,1
2024-09-13,Hai_Phong,20.8449,106.6881,27.7,87,8.5,29,1004.0,1
2024-09-14,Hai_Phong,20.8449,106.6881,27.8,89,9.0,97,1002.1,1
2024-09-15,Hai_Phong,20.8449,106.6881,28.5,85,9.8,72,1001.5,1
2024-09-16,Hai_Phong,20.8449,106.6881,27.1,90,11.0,55,1003.4,1
2024-09-17,Hai_Phong,20.8449,106.6881,27.6,89,17.5,95,1004.0,1
2024-09-18,Hai_Phong,20.8449,106.6881,27.5,88,13.6,64,1002.8,1
2024-09-19,Hai_Phong,20.8449,106.6881,27.2,91,11.2,81,1001.7,1
2024-09-20,Hai_Phong,20.8449,106.6881,28.2,87,15.1,75,1002.0,1
2024-09-21,Hai_Phong,20.8449,106.6881,27.1,92,13.9,90,1003.3,1
2024-09-22,Hai_Phong,20.8449,106.6881,25.4,90,17.7,100,1004.5,1
2024-09-23,Hai_Phong,20.8449,106.6881,25.0,75,14.3,97,1008.1,1
2024-09-24,Hai_Phong,20.8449,106.6881,25.7,78,9.8,72,1009.1,0
2024-09-25,Hai_Phong,20.8449,106.6881,25.8,85,6.9,80,1010.2,1
2024-09-26,Hai_Phong,20.8449,106.6881,26.4,84,11.4,64,1010.2,1
2024-09-27,Hai_Phong,20.8449,106.6881,27.2,84,14.3,33,1009.4,1
2024-09-28,Hai_Phong,20.8449,106.6881,28.3,83,18.6,39,1007.2,0
2024-09-29,Hai_Phong,20.8449,106.6881,28.7,85,19.0,54,1005.9,1
2024-09-30,Hai_Phong,20.8449,106.6881,27.6,88,18.4,60,1005.3,1
2024-10-01,Hai_Phong,20.8449,106.6881,26.4,79,21.7,67,1008.7,1
2024-10-02,Hai_Phong,20.8449,106.6881,23.1,66,17.3,54,1013.7,0
2024-10-03,Hai_Phong,20.8449,106.6881,23.5,69,8.4,43,1014.4,0
2024-10-04,Hai_Phong,20.8449,106.6881,24.0,68,9.0,58,1014.0,0
2024-10-05,Hai_Phong,20.8449,106.6881,24.2,72,8.4,3,1013.1,0
2024-10-06,Hai_Phong,20.8449,106.6881,25.5,74,9.9,7,1013.4,0
2024-10-07,Hai_Phong,20.8449,106.6881,27.3,68,12.7,56,1014.0,0
2024-10-08,Hai_Phong,20.8449,106.6881,26.7,65,13.5,25,1013.7,0
2024-10-09,Hai_Phong,20.8449,106.6881,25.5,71,11.4,17,1012.8,0
2024-10-10,Hai_Phong,20.8449,106.6881,25.2,73,16.0,6,1012.0,0
2024-10-11,Hai_Phong,20.8449,106.6881,25.6,76,14.5,15,1011.8,0
2024-10-12,Hai_Phong,20.8449,106.6881,25.8,81,13.8,26,1012.4,1
2024-10-13,Hai_Phong,20.8449,106.6881,26.5,79,15.7,10,1012.1,0
2024-10-14,Hai_Phong,20.8449,106.6881,26.7,81,16.0,20,1011.1,1
2024-10-15,Hai_Phong,20.8449,106.6881,26.1,85,13.3,58,1011.5,1
2024-10-16,Hai_Phong,20.8449,106.6881,26.5,83,17.6,52,1012.0,1
2024-10-17,Hai_Phong,20.8449,106.6881,26.6,84,16.4,64,1010.6,1
2024-10-18,Hai_Phong,20.8449,106.6881,27.1,85,10.7,28,1010.1,1
2024-10-19,Hai_Phong,20.8449,106.6881,27.0,86,14.1,39,1012.1,1
2024-10-20,Hai_Phong,20.8449,106.6881,27.6,79,16.8,67,1013.9,1
2024-10-21,Hai_Phong,20.8449,106.6881,26.8,81,16.7,67,1013.2,1
2024-10-22,Hai_Phong,20.8449,106.6881,26.8,83,14.0,53,1013.4,1
2024-10-23,Hai_Phong,20.8449,106.6881,24.9,62,16.1,65,1014.2,0
2024-10-24,Hai_Phong,20.8449,106.6881,23.3,62,11.6,81,1011.5,0
2024-10-25,Hai_Phong,20.8449,106.6881,22.5,68,14.8,81,1008.8,0
2024-10-26,Hai_Phong,20.8449,106.6881,24.6,54,17.5,95,1007.0,0
2024-10-27,Hai_Phong,20.8449,106.6881,22.6,70,20.5,100,1007.9,1
2024-10-28,Hai_Phong,20.8449,106.6881,21.2,74,18.1,100,1009.7,1
2024-10-29,Hai_Phong,20.8449,106.6881,21.3,84,14.2,89,1009.8,1
2024-10-30,Hai_Phong,20.8449,106.6881,22.9,80,10.1,84,1010.7,0
2024-10-31,Hai_Phong,20.8449,106.6881,24.5,82,11.1,15,1009.3,0
2024-11-01,Hai_Phong,20.8449,106.6881,24.6,71,16.1,17,1011.6,0
2024-11-02,Hai_Phong,20.8449,106.6881,23.0,62,11.6,8,1015.8,0
2024-11-03,Hai_Phong,20.8449,106.6881,24.1,68,13.9,85,1015.9,0
2024-11-04,Hai_Phong,20.8449,106.6881,23.2,85,9.4,95,1016.0,1
2024-11-05,Hai_Phong,20.8449,106.6881,22.8,79,10.4,92,1017.5,1
2024-11-06,Hai_Phong,20.8449,106.6881,23.8,67,13.5,76,1017.9,0
2024-11-07,Hai_Phong,20.8449,106.6881,22.8,69,18.6,14,1018.1,0
2024-11-08,Hai_Phong,20.8449,106.6881,21.5,71,9.2,1,1016.8,0
2024-11-09,Hai_Phong,20.8449,106.6881,21.8,74,11.1,1,1014.4,0
2024-11-10,Hai_Phong,20.8449,106.6881,23.3,71,9.5,3,1014.0,0
2024-11-11,Hai_Phong,20.8449,106.6881,24.4,77,13.7,40,1013.2,0
2024-11-12,Hai_Phong,20.8449,106.6881,24.8,82,11.2,48,1011.7,0
2024-11-13,Hai_Phong,20.8449,106.6881,25.4,82,13.0,37,1010.2,0
2024-11-14,Hai_Phong,20.8449,106.6881,26.1,83,11.4,44,1009.5,1
2024-11-15,Hai_Phong,20.8449,106.6881,26.6,83,12.6,41,1008.8,1
2024-11-16,Hai_Phong,20.8449,106.6881,26.1,85,12.5,48,1010.1,1
2024-11-17,Hai_Phong,20.8449,106.6881,26.1,78,11.4,47,1012.3,0
2024-11-18,Hai_Phong,20.8449,106.6881,25.9,76,15.9,39,1014.8,1
2024-11-19,Hai_Phong,20.8449,106.6881,24.9,66,16.3,10,1016.2,0
2024-11-20,Hai_Phong,20.8449,106.6881,23.5,61,14.3,3,1016.8,0
2024-11-21,Hai_Phong,20.8449,106.6881,22.4,61,12.5,12,1016.9,0
2024-11-22,Hai_Phong,20.8449,106.6881,22.3,60,12.7,77,1017.2,0
2024-11-23,Hai_Phong,20.8449,106.6881,22.1,64,12.5,54,1017.6,0
2024-11-24,Hai_Phong,20.8449,106.6881,22.3,74,15.2,32,1016.4,0
2024-11-25,Hai_Phong,20.8449,106.6881,23.8,79,13.1,50,1015.6,1
2024-11-26,Hai_Phong,20.8449,106.6881,21.6,67,14.6,93,1017.6,1
2024-11-27,Hai_Phong,20.8449,106.6881,20.7,54,14.2,59,1019.6,0
2024-11-28,Hai_Phong,20.8449,106.6881,19.8,49,12.8,59,1022.1,0
2024-11-29,Hai_Phong,20.8449,106.6881,19.4,54,9.9,20,1020.1,0
2024-11-30,Hai_Phong,20.8449,106.6881,20.1,65,9.8,71,1015.8,0
2024-12-01,Hai_Phong,20.8449,106.6881,20.6,74,13.9,75,1012.3,0
2024-12-02,Hai_Phong,20.8449,106.6881,22.3,79,12.1,62,1012.5,0
2024-12-03,Hai_Phong,20.8449,106.6881,22.8,84,15.2,38,1013.1,1
2024-12-04,Hai_Phong,20.8449,106.6881,23.0,78,17.9,21,1013.4,0
2024-12-05,Hai_Phong,20.8449,106.6881,22.8,76,15.8,18,1013.5,0
2024-12-06,Hai_Phong,20.8449,106.6881,22.2,82,20.0,76,1013.3,1
2024-12-07,Hai_Phong,20.8449,106.6881,20.9,67,17.2,90,1016.3,0
2024-12-08,Hai_Phong,20.8449,106.6881,17.8,65,8.2,80,1019.9,0
2024-12-09,Hai_Phong,20.8449,106.6881,18.4,73,11.1,73,1017.0,0
2024-12-10,Hai_Phong,20.8449,106.6881,21.1,85,14.8,96,1012.8,1
2024-12-11,Hai_Phong,20.8449,106.6881,20.4,78,18.3,84,1014.8,1
2024-12-12,Hai_Phong,20.8449,106.6881,17.8,70,8.0,100,1016.7,0
2024-12-13,Hai_Phong,20.8449,106.6881,16.0,68,8.3,100,1019.8,1
2024-12-14,Hai_Phong,20.8449,106.6881,13.8,68,10.2,100,1024.6,1
2024-12-15,Hai_Phong,20.8449,106.6881,13.8,57,10.5,100,1025.2,1
2024-12-16,Hai_Phong,20.8449,106.6881,15.2,66,7.4,50,1022.3,0
2024-12-17,Hai_Phong,20.8449,106.6881,17.1,72,9.6,48,1019.1,0
2024-12-18,Hai_Phong,20.8449,106.6881,18.9,58,12.4,41,1019.9,0
2024-12-19,Hai_Phong,20.8449,106.6881,17.7,54,14.2,37,1020.3,0
2024-12-20,Hai_Phong,20.8449,106.6881,16.3,59,13.2,0,1018.5,0
2024-12-21,Hai_Phong,20.8449,106.6881,17.1,59,13.7,13,1019.1,0
2024-12-22,Hai_Phong,20.8449,106.6881,16.2,65,14.7,66,1019.4,0
2024-12-23,Hai_Phong,20.8449,106.6881,16.7,64,12.0,76,1018.6,0
2024-12-24,Hai_Phong,20.8449,106.6881,17.9,55,12.4,86,1019.9,0
2024-12-25,Hai_Phong,20.8449,106.6881,19.1,57,11.1,65,1019.2,0
2024-12-26,Hai_Phong,20.8449,106.6881,19.9,60,7.9,95,1020.8,0
2024-12-27,Hai_Phong,20.8449,106.6881,17.2,71,9.1,100,1022.8,1
2024-12-28,Hai_Phong,20.8449,106.6881,17.0,61,10.9,46,1024.7,1
2024-12-29,Hai_Phong,20.8449,106.6881,15.7,73,13.3,11,1020.7,0
2024-12-30,Hai_Phong,20.8449,106.6881,17.8,80,11.8,37,1019.2,1
2024-12-31,Hai_Phong,20.8449,106.6881,18.1,71,11.4,54,1019.4,0
2025-01-01,Hai_Phong,20.8449,106.6881,17.4,76,12.3,7,1016.3,0
2025-01-02,Hai_Phong,20.8449,106.6881,18.3,73,12.3,2,1017.3,0
2025-01-03,Hai_Phong,20.8449,106.6881,18.9,68,12.9,22,1018.8,0
2025-01-04,Hai_Phong,20.8449,106.6881,18.2,66,13.5,12,1018.0,0
2025-01-05,Hai_Phong,20.8449,106.6881,18.4,59,12.3,4,1019.3,0
2025-01-06,Hai_Phong,20.8449,106.6881,18.3,66,11.1,2,1017.0,0
2025-01-07,Hai_Phong,20.8449,106.6881,18.4,75,13.6,22,1016.3,0
2025-01-08,Hai_Phong,20.8449,106.6881,19.2,72,17.6,24,1016.9,0
2025-01-09,Hai_Phong,20.8449,106.6881,19.2,58,17.9,43,1019.9,0
2025-01-10,Hai_Phong,20.8449,106.6881,15.8,52,12.3,44,1026.3,0
2025-01-11,Hai_Phong,20.8449,106.6881,15.0,43,14.3,42,1028.8,0
2025-01-12,Hai_Phong,20.8449,106.6881,14.2,49,11.3,22,1025.5,0
2025-01-13,Hai_Phong,20.8449,106.6881,15.1,61,14.1,10,1020.8,0
2025-01-14,Hai_Phong,20.8449,106.6881,16.9,73,11.2,71,1020.0,0
2025-01-15,Hai_Phong,20.8449,106.6881,18.4,62,14.7,95,1023.2,1
2025-01-16,Hai_Phong,20.8449,106.6881,17.2,58,13.6,26,1023.5,0
2025-01-17,Hai_Phong,20.8449,106.6881,16.2,68,14.0,2,1020.2,0
2025-01-18,Hai_Phong,20.8449,106.6881,16.9,77,11.9,44,1017.8,0
2025-01-19,Hai_Phong,20.8449,106.6881,16.9,77,10.9,34,1015.9,0
2025-01-20,Hai_Phong,20.8449,106.6881,17.7,68,14.5,0,1014.5,0
2025-01-21,Hai_Phong,20.8449,106.6881,17.8,72,12.7,0,1014.2,0
2025-01-22,Hai_Phong,20.8449,106.6881,19.1,79,12.8,36,1014.4,0
2025-01-23,Hai_Phong,20.8449,106.6881,19.3,85,13.9,45,1013.7,0
2025-01-24,Hai_Phong,20.8449,106.6881,20.1,89,17.6,74,1010.4,1
2025-01-25,Hai_Phong,20.8449,106.6881,20.7,87,17.0,79,1011.7,1
2025-01-26,Hai_Phong,20.8449,106.6881,15.0,66,18.1,99,1021.7,1
2025-01-27,Hai_Phong,20.8449,106.6881,14.3,49,12.4,58,1022.5,0
2025-01-28,Hai_Phong,20.8449,106.6881,14.4,52,8.8,42,1023.3,0
2025-01-29,Hai_Phong,20.8449,106.6881,15.1,63,9.0,60,1021.8,0
2025-01-30,Hai_Phong,20.8449,106.6881,17.3,77,15.7,55,1015.3,1
2025-01-31,Hai_Phong,20.8449,106.6881,20.1,87,17.8,98,1011.9,1
2025-02-01,Hai_Phong,20.8449,106.6881,20.1,87,13.6,100,1010.4,1
2025-02-02,Hai_Phong,20.8449,106.6881,20.4,83,14.8,82,1011.4,1
2025-02-03,Hai_Phong,20.8449,106.6881,16.1,67,12.7,100,1018.7,1
2025-02-04,Hai_Phong,20.8449,106.6881,15.6,58,10.6,77,1020.9,0
2025-02-05,Hai_Phong,20.8449,106.6881,16.3,78,15.5,90,1015.9,1
2025-02-06,Hai_Phong,20.8449,106.6881,17.5,85,14.6,100,1014.2,1
2025-02-07,Hai_Phong,20.8449,106.6881,14.2,81,12.6,100,1019.9,1
2025-02-08,Hai_Phong,20.8449,106.6881,13.3,69,9.6,100,1023.3,1
2025-02-09,Hai_Phong,20.8449,106.6881,13.8,65,8.2,63,1022.0,0
2025-02-10,Hai_Phong,20.8449,106.6881,14.9,77,11.8,61,1019.1,0
2025-02-11,Hai_Phong,20.8449,106.6881,17.3,84,11.4,57,1015.9,0
2025-02-12,Hai_Phong,20.8449,106.6881,19.5,88,10.1,78,1015.5,1
2025-02-13,Hai_Phong,20.8449,106.6881,19.4,77,16.1,44,1016.4,1
2025-02-14,Hai_Phong,20.8449,106.6881,18.9,83,13.6,91,1014.3,1
2025-02-15,Hai_Phong,20.8449,106.6881,20.0,90,13.3,99,1012.1,1
2025-02-16,Hai_Phong,20.8449,106.6881,19.3,84,15.6,100,1015.2,1
2025-02-17,Hai_Phong,20.8449,106.6881,19.3,82,13.3,97,1017.5,1
2025-02-18,Hai_Phong,20.8449,106.6881,18.5,80,12.4,92,1018.4,0
2025-02-19,Hai_Phong,20.8449,106.6881,18.6,85,17.3,99,1017.6,1
2025-02-20,Hai_Phong,20.8449,106.6881,19.8,87,16.0,84,1017.5,1
2025-02-21,Hai_Phong,20.8449,106.6881,19.4,83,17.6,77,1018.6,0
2025-02-22,Hai_Phong,20.8449,106.6881,19.1,82,18.7,96,1019.2,0
2025-02-23,Hai_Phong,20.8449,106.6881,18.4,78,13.8,96,1022.8,1
2025-02-24,Hai_Phong,20.8449,106.6881,15.3,73,9.4,99,1025.7,1
2025-02-25,Hai_Phong,20.8449,106.6881,15.1,91,6.1,100,1024.0,1
2025-02-26,Hai_Phong,20.8449,106.6881,15.9,90,8.3,93,1021.2,1
2025-02-27,Hai_Phong,20.8449,106.6881,18.4,87,11.6,95,1016.3,1
2025-02-28,Hai_Phong,20.8449,106.6881,20.2,93,15.8,91,1013.7,1
2025-03-01,Hai_Phong,20.8449,106.6881,21.3,91,19.0,83,1010.5,1
2025-03-02,Hai_Phong,20.8449,106.6881,22.5,89,19.4,95,1008.3,1
2025-03-03,Hai_Phong,20.8449,106.6881,22.9,93,13.7,100,1007.2,1
2025-03-04,Hai_Phong,20.8449,106.6881,22.6,95,12.7,100,1006.3,0
2025-03-05,Hai_Phong,20.8449,106.6881,21.2,86,16.0,100,1008.4,1
2025-03-06,Hai_Phong,20.8449,106.6881,15.1,71,13.0,100,1017.8,1
2025-03-07,Hai_Phong,20.8449,106.6881,14.8,70,7.9,96,1020.0,1
2025-03-08,Hai_Phong,20.8449,106.6881,16.1,80,12.7,100,1018.9,1
2025-03-09,Hai_Phong,20.8449,106.6881,17.6,85,11.2,98,1018.9,1
2025-03-10,Hai_Phong,20.8449,106.6881,19.6,86,10.6,48,1017.7,1
2025-03-11,Hai_Phong,20.8449,106.6881,20.7,90,12.1,77,1013.5,0
2025-03-12,Hai_Phong,20.8449,106.6881,21.9,92,14.9,96,1010.6,1
2025-03-13,Hai_Phong,20.8449,106.6881,22.6,91,15.2,99,1009.9,1
2025-03-14,Hai_Phong,20.8449,106.6881,23.1,94,14.3,100,1010.2,0
2025-03-15,Hai_Phong,20.8449,106.6881,22.8,90,15.2,100,1011.8,1
2025-03-16,Hai_Phong,20.8449,106.6881,17.7,67,16.3,85,1018.6,1
2025-03-17,Hai_Phong,20.8449,106.6881,17.4,65,10.1,100,1019.2,0
2025-03-18,Hai_Phong,20.8449,106.6881,17.0,63,12.6,92,1022.2,0
2025-03-19,Hai_Phong,20.8449,106.6881,18.0,62,17.1,77,1023.7,0
2025-03-20,Hai_Phong,20.8449,106.6881,18.3,67,13.3,47,1022.7,0
2025-03-21,Hai_Phong,20.8449,106.6881,18.8,69,11.6,38,1020.8,0
2025-03-22,Hai_Phong,20.8449,106.6881,19.6,78,10.3,34,1018.3,0
2025-03-23,Hai_Phong,20.8449,106.6881,20.5,81,11.5,2,1015.9,0
2025-03-24,Hai_Phong,20.8449,106.6881,21.6,83,13.3,29,1012.3,0
2025-03-25,Hai_Phong,20.8449,106.6881,22.0,86,13.4,18,1007.4,0
2025-03-26,Hai_Phong,20.8449,106.6881,22.6,87,16.1,39,1004.6,1
2025-03-27,Hai_Phong,20.8449,106.6881,23.9,88,20.6,30,1001.9,0
2025-03-28,Hai_Phong,20.8449,106.6881,25.1,84,16.4,45,1005.6,0
2025-03-29,Hai_Phong,20.8449,106.6881,18.8,69,16.2,99,1013.8,1
2025-03-30,Hai_Phong,20.8449,106.6881,14.7,72,9.5,100,1019.5,1
2025-03-31,Hai_Phong,20.8449,106.6881,15.2,70,8.0,96,1018.9,0
2025-04-01,Hai_Phong,20.8449,106.6881,18.0,65,9.1,60,1017.7,0
2025-04-02,Hai_Phong,20.8449,106.6881,19.1,71,12.3,71,1017.5,0
2025-04-03,Hai_Phong,20.8449,106.6881,20.1,74,12.6,1,1016.3,0
2025-04-04,Hai_Phong,20.8449,106.6881,21.2,84,15.6,58,1012.3,1
2025-04-05,Hai_Phong,20.8449,106.6881,21.8,83,10.6,94,1012.6,1
2025-04-06,Hai_Phong,20.8449,106.6881,22.2,84,14.1,94,1013.3,1
2025-04-07,Hai_Phong,20.8449,106.6881,22.0,85,11.2,94,1014.5,0
2025-04-08,Hai_Phong,20.8449,106.6881,22.5,90,10.1,94,1013.7,1
2025-04-09,Hai_Phong,20.8449,106.6881,23.5,90,16.2,100,1010.0,1
2025-04-10,Hai_Phong,20.8449,106.6881,23.7,90,13.4,100,1006.2,1
2025-04-11,Hai_Phong,20.8449,106.6881,24.8,88,15.7,74,1004.0,0
2025-04-12,Hai_Phong,20.8449,106.6881,25.7,78,24.7,72,1006.9,1
2025-04-13,Hai_Phong,20.8449,106.6881,21.5,69,15.8,72,1015.5,1
2025-04-14,Hai_Phong,20.8449,106.6881,21.3,75,7.4,96,1013.6,0
2025-04-15,Hai_Phong,20.8449,106.6881,23.1,74,11.9,88,1011.1,0
2025-04-16,Hai_Phong,20.8449,106.6881,23.0,79,16.5,88,1008.1,0
2025-04-17,Hai_Phong,20.8449,106.6881,24.9,85,14.4,76,1005.1,0
2025-04-18,Hai_Phong,20.8449,106.6881,25.8,84,13.4,72,1004.1,1
2025-04-19,Hai_Phong,20.8449,106.6881,27.1,80,14.3,47,1004.5,0
2025-04-20,Hai_Phong,20.8449,106.6881,26.4,84,17.8,68,1006.1,1
2025-04-21,Hai_Phong,20.8449,106.6881,26.8,83,22.0,26,1007.4,0
2025-04-22,Hai_Phong,20.8449,106.6881,27.3,82,15.0,18,1006.3,0
2025-04-23,Hai_Phong,20.8449,106.6881,27.6,81,16.8,60,1004.7,1
2025-04-24,Hai_Phong,20.8449,106.6881,27.4,82,16.1,62,1005.3,1
2025-04-25,Hai_Phong,20.8449,106.6881,24.9,86,13.7,94,1009.2,1
2025-04-26,Hai_Phong,20.8449,106.6881,25.9,87,18.4,76,1009.7,1
2025-04-27,Hai_Phong,20.8449,106.6881,26.6,88,19.5,93,1009.1,1
2025-04-28,Hai_Phong,20.8449,106.6881,25.7,90,10.4,96,1010.3,1
2025-04-29,Hai_Phong,20.8449,106.6881,25.7,89,12.4,84,1010.7,1
2025-04-30,Hai_Phong,20.8449,106.6881,26.4,86,13.0,64,1010.1,1
2025-05-01,Hai_Phong,20.8449,106.6881,25.7,87,9.8,90,1011.9,1
2025-05-02,Hai_Phong,20.8449,106.6881,26.4,83,12.2,43,1009.2,1
2025-05-03,Hai_Phong,20.8449,106.6881,27.0,86,18.6,66,1006.7,1
2025-05-04,Hai_Phong,20.8449,106.6881,27.9,86,17.2,66,1004.4,1
2025-05-05,Hai_Phong,20.8449,106.6881,28.7,84,15.3,23,1003.8,1
2025-05-06,Hai_Phong,20.8449,106.6881,28.2,86,19.0,84,1004.5,1
2025-05-07,Hai_Phong,20.8449,106.6881,28.7,86,18.4,78,1002.8,1
2025-05-08,Hai_Phong,20.8449,106.6881,29.7,81,17.5,80,1001.8,0
2025-05-09,Hai_Phong,20.8449,106.6881,28.7,83,14.8,90,1004.1,1
2025-05-10,Hai_Phong,20.8449,106.6881,26.8,86,17.7,95,1007.1,1
2025-05-11,Hai_Phong,20.8449,106.6881,22.9,78,14.1,93,1010.4,1
2025-05-12,Hai_Phong,20.8449,106.6881,24.1,72,11.5,32,1009.2,0
2025-05-13,Hai_Phong,20.8449,106.6881,25.7,77,14.5,18,1008.7,0
2025-05-14,Hai_Phong,20.8449,106.6881,27.0,85,15.7,54,1009.0,1
2025-05-15,Hai_Phong,20.8449,106.6881,26.4,89,15.5,90,1008.9,1
2025-05-16,Hai_Phong,20.8449,106.6881,27.0,91,14.9,98,1007.6,1
2025-05-17,Hai_Phong,20.8449,106.6881,27.6,90,15.4,99,1007.5,1
2025-05-18,Hai_Phong,20.8449,106.6881,27.6,91,13.4,98,1007.3,1
2025-05-19,Hai_Phong,20.8449,106.6881,27.2,90,17.7,100,1006.0,1
2025-05-20,Hai_Phong,20.8449,106.6881,28.7,86,15.9,97,1004.3,1
2025-05-21,Hai_Phong,20.8449,106.6881,29.0,83,18.2,89,1004.5,1
2025-05-22,Hai_Phong,20.8449,106.6881,28.7,85,19.5,100,1003.6,1
2025-05-23,Hai_Phong,20.8449,106.6881,27.9,90,11.0,100,1004.3,1
2025-05-24,Hai_Phong,20.8449,106.6881,24.7,89,13.9,97,1009.0,1
2025-05-25,Hai_Phong,20.8449,106.6881,24.0,77,11.4,82,1012.3,0
2025-05-26,Hai_Phong,20.8449,106.6881,24.2,76,12.6,96,1012.6,0
2025-05-27,Hai_Phong,20.8449,106.6881,25.6,81,17.0,94,1009.8,1
2025-05-28,Hai_Phong,20.8449,106.6881,27.3,85,12.7,85,1006.6,1
2025-05-29,Hai_Phong,20.8449,106.6881,27.4,87,11.5,95,1006.1,1
2025-05-30,Hai_Phong,20.8449,106.6881,26.8,84,13.0,91,1005.9,1
2025-05-31,Hai_Phong,20.8449,106.6881,28.5,86,16.6,72,1003.1,1
2025-06-01,Hai_Phong,20.8449,106.6881,31.4,70,21.4,61,998.4,0
2025-06-02,Hai_Phong,20.8449,106.6881,32.0,69,16.9,84,998.2,1
2025-06-03,Hai_Phong,20.8449,106.6881,28.5,85,12.1,100,1002.5,1
2025-06-04,Hai_Phong,20.8449,106.6881,28.7,83,12.6,89,1005.1,1
2025-06-05,Hai_Phong,20.8449,106.6881,28.3,86,14.1,56,1005.8,1
2025-06-06,Hai_Phong,20.8449,106.6881,29.5,84,17.0,30,1004.8,1
2025-06-07,Hai_Phong,20.8449,106.6881,29.6,84,16.3,55,1003.8,1
2025-06-08,Hai_Phong,20.8449,106.6881,29.8,85,15.4,84,1002.8,1
2025-06-09,Hai_Phong,20.8449,106.6881,28.4,88,10.5,97,1002.8,1
2025-06-10,Hai_Phong,20.8449,106.6881,28.6,84,11.0,68,1003.0,1
2025-06-11,Hai_Phong,20.8449,106.6881,28.5,81,18.2,73,1002.4,1
2025-06-12,Hai_Phong,20.8449,106.6881,28.7,77,14.8,100,1001.1,1
2025-06-13,Hai_Phong,20.8449,106.6881,28.9,77,18.7,97,999.8,1
2025-06-14,Hai_Phong,20.8449,106.6881,29.8,77,17.4,92,999.8,1
2025-06-15,Hai_Phong,20.8449,106.6881,29.8,82,11.0,94,1001.2,1
2025-06-16,Hai_Phong,20.8449,106.6881,28.9,88,9.1,100,1003.1,1
2025-06-17,Hai_Phong,20.8449,106.6881,29.3,85,18.9,100,1003.3,1
2025-06-18,Hai_Phong,20.8449,106.6881,30.1,84,20.6,100,1002.7,1
2025-06-19,Hai_Phong,20.8449,106.6881,30.0,82,22.8,100,1002.4,1
2025-06-20,Hai_Phong,20.8449,106.6881,29.9,82,19.6,100,1002.6,1
2025-06-21,Hai_Phong,20.8449,106.6881,29.3,83,18.5,99,1003.6,1
2025-06-22,Hai_Phong,20.8449,106.6881,28.0,87,17.3,93,1004.8,1
2025-06-23,Hai_Phong,20.8449,106.6881,29.0,84,16.7,88,1003.6,1
2025-06-24,Hai_Phong,20.8449,106.6881,29.3,84,17.2,99,1003.9,1
2025-06-25,Hai_Phong,20.8449,106.6881,29.2,81,13.7,61,1005.5,1
2025-06-26,Hai_Phong,20.8449,106.6881,29.2,81,11.8,66,1004.2,1
2025-06-27,Hai_Phong,20.8449,106.6881,28.1,87,13.1,99,1003.0,1
2025-06-28,Hai_Phong,20.8449,106.6881,28.0,85,15.5,99,1002.3,1
2025-06-29,Hai_Phong,20.8449,106.6881,27.8,87,11.3,100,1000.3,1
2025-06-30,Hai_Phong,20.8449,106.6881,28.3,87,16.6,99,1000.7,1
2025-07-01,Hai_Phong,20.8449,106.6881,27.1,88,15.0,100,1003.1,1
2025-07-02,Hai_Phong,20.8449,106.6881,27.0,88,15.7,100,1005.3,1
2025-07-03,Hai_Phong,20.8449,106.6881,27.3,86,14.6,100,1005.6,1
2025-07-04,Hai_Phong,20.8449,106.6881,27.9,85,9.5,94,1004.2,1
2025-07-05,Hai_Phong,20.8449,106.6881,29.1,81,11.9,48,1002.7,1
2025-07-06,Hai_Phong,20.8449,106.6881,28.9,84,11.8,78,1002.5,1
2025-07-07,Hai_Phong,20.8449,106.6881,28.7,84,11.1,86,1001.7,1
2025-07-08,Hai_Phong,20.8449,106.6881,30.3,81,8.4,95,999.7,1
2025-07-09,Hai_Phong,20.8449,106.6881,30.1,83,10.0,90,998.1,1
2025-07-10,Hai_Phong,20.8449,106.6881,29.3,84,11.6,97,996.9,1
2025-07-11,Hai_Phong,20.8449,106.6881,28.2,87,10.3,100,998.2,1
2025-07-12,Hai_Phong,20.8449,106.6881,28.0,86,7.6,95,1002.4,1
2025-07-13,Hai_Phong,20.8449,106.6881,28.5,86,11.7,100,1004.0,1
2025-07-14,Hai_Phong,20.8449,106.6881,28.9,86,9.7,98,1002.8,1
2025-07-15,Hai_Phong,20.8449,106.6881,28.5,86,11.1,89,1001.1,1
2025-07-16,Hai_Phong,20.8449,106.6881,30.7,78,13.4,99,1001.1,1
2025-07-17,Hai_Phong,20.8449,106.6881,31.0,74,12.1,30,1001.4,1
2025-07-18,Hai_Phong,20.8449,106.6881,31.7,75,9.9,96,998.9,0
2025-07-19,Hai_Phong,20.8449,106.6881,29.8,81,12.0,100,995.9,1
2025-07-20,Hai_Phong,20.8449,106.6881,27.6,88,12.9,100,995.0,1
2025-07-21,Hai_Phong,20.8449,106.6881,26.7,93,34.6,100,991.4,1
2025-07-22,Hai_Phong,20.8449,106.6881,27.4,85,36.3,100,988.5,1
2025-07-23,Hai_Phong,20.8449,106.6881,27.8,86,17.3,100,997.2,1
2025-07-24,Hai_Phong,20.8449,106.6881,27.2,88,16.7,100,1000.1,1
2025-07-25,Hai_Phong,20.8449,106.6881,27.3,90,10.8,100,1000.3,1
2025-07-26,Hai_Phong,20.8449,106.6881,28.8,86,8.1,60,1000.1,1
2025-07-27,Hai_Phong,20.8449,106.6881,29.1,82,12.3,32,999.5,1
2025-07-28,Hai_Phong,20.8449,106.6881,29.6,81,9.0,53,998.1,1
2025-07-29,Hai_Phong,20.8449,106.6881,30.6,80,10.6,94,996.4,1
2025-07-30,Hai_Phong,20.8449,106.6881,31.6,79,10.6,99,996.0,0
2025-07-31,Hai_Phong,20.8449,106.6881,30.0,83,8.9,100,996.5,1
2025-08-01,Hai_Phong,20.8449,106.6881,28.0,88,14.2,84,997.7,1
2025-08-02,Hai_Phong,20.8449,106.6881,30.0,82,13.0,90,999.4,1
2025-08-03,Hai_Phong,20.8449,106.6881,31.8,74,13.7,94,998.9,1
2025-08-04,Hai_Phong,20.8449,106.6881,32.1,69,13.2,99,998.7,0
2025-08-05,Hai_Phong,20.8449,106.6881,30.3,81,11.1,100,1000.2,1
2025-08-06,Hai_Phong,20.8449,106.6881,29.0,87,10.5,100,1002.2,1
2025-08-07,Hai_Phong,20.8449,106.6881,29.2,85,12.8,100,1004.6,1
2025-08-08,Hai_Phong,20.8449,106.6881,30.6,80,13.0,65,1005.0,1
2025-08-09,Hai_Phong,20.8449,106.6881,31.0,81,14.3,69,1004.0,1
2025-08-10,Hai_Phong,20.8449,106.6881,30.8,82,16.5,89,1003.6,1
2025-08-11,Hai_Phong,20.8449,106.6881,29.8,82,14.9,96,1003.6,1
2025-08-12,Hai_Phong,20.8449,106.6881,30.1,79,13.0,92,1004.1,1
2025-08-13,Hai_Phong,20.8449,106.6881,29.1,84,9.6,95,1005.0,1
2025-08-14,Hai_Phong,20.8449,106.6881,29.7,84,9.5,96,1003.1,1
2025-08-15,Hai_Phong,20.8449,106.6881,26.7,89,13.6,97,1003.9,1
2025-08-16,Hai_Phong,20.8449,106.6881,26.1,89,15.8,100,1006.2,1
2025-08-17,Hai_Phong,20.8449,106.6881,27.0,86,12.0,100,1006.1,1
2025-08-18,Hai_Phong,20.8449,106.6881,25.7,93,13.4,100,1004.4,1
2025-08-19,Hai_Phong,20.8449,106.6881,26.6,89,15.1,100,1004.6,1
2025-08-20,Hai_Phong,20.8449,106.6881,29.2,82,18.6,100,1005.7,1
2025-08-21,Hai_Phong,20.8449,106.6881,29.0,84,18.6,94,1007.1,1
2025-08-22,Hai_Phong,20.8449,106.6881,29.1,79,17.3,94,1007.0,1
2025-08-23,Hai_Phong,20.8449,106.6881,28.2,84,11.0,61,1006.8,1
2025-08-24,Hai_Phong,20.8449,106.6881,27.7,87,11.0,74,1005.3,1
2025-08-25,Hai_Phong,20.8449,106.6881,24.9,92,31.5,100,1003.1,1
2025-08-26,Hai_Phong,20.8449,106.6881,25.5,94,23.0,100,1006.0,1
2025-08-27,Hai_Phong,20.8449,106.6881,25.7,95,10.9,96,1006.8,1
2025-08-28,Hai_Phong,20.8449,106.6881,27.3,85,11.8,44,1006.4,1
2025-08-29,Hai_Phong,20.8449,106.6881,26.5,89,14.4,89,1007.0,1
2025-08-30,Hai_Phong,20.8449,106.6881,26.9,85,28.6,99,1006.1,1
2025-08-31,Hai_Phong,20.8449,106.6881,27.4,86,15.1,93,1006.7,1
2025-09-01,Hai_Phong,20.8449,106.6881,27.1,87,13.0,99,1005.9,1
2025-09-02,Hai_Phong,20.8449,106.6881,27.9,86,12.6,65,1005.8,1
2025-09-03,Hai_Phong,20.8449,106.6881,28.7,82,11.9,31,1006.1,1
2025-09-04,Hai_Phong,20.8449,106.6881,28.8,83,11.1,26,1005.8,1
2025-09-05,Hai_Phong,20.8449,106.6881,29.3,81,9.6,73,1006.0,1
2025-09-06,Hai_Phong,20.8449,106.6881,29.3,80,7.4,54,1006.6,1
2025-09-07,Hai_Phong,20.8449,106.6881,29.5,78,10.3,57,1004.8,0
2025-09-08,Hai_Phong,20.8449,106.6881,29.8,79,10.0,92,1003.8,1
2025-09-09,Hai_Phong,20.8449,106.6881,29.0,85,9.9,100,1005.1,1
2025-09-10,Hai_Phong,20.8449,106.6881,28.7,83,13.2,96,1006.7,1
2025-09-11,Hai_Phong,20.8449,106.6881,28.1,85,15.3,95,1007.7,1
2025-09-12,Hai_Phong,20.8449,106.6881,27.9,85,15.6,69,1008.7,1
2025-09-13,Hai_Phong,20.8449,106.6881,28.5,81,12.7,58,1009.1,1
2025-09-14,Hai_Phong,20.8449,106.6881,28.2,84,9.4,85,1009.1,1
2025-09-15,Hai_Phong,20.8449,106.6881,26.8,86,14.0,87,1009.7,1
2025-09-16,Hai_Phong,20.8449,106.6881,28.1,81,8.9,62,1009.2,1
2025-09-17,Hai_Phong,20.8449,106.6881,26.9,86,13.6,87,1007.9,1
2025-09-18,Hai_Phong,20.8449,106.6881,27.1,87,12.5,98,1007.6,1
2025-09-19,Hai_Phong,20.8449,106.6881,28.0,83,10.7,44,1007.4,1
2025-09-20,Hai_Phong,20.8449,106.6881,29.1,79,8.9,50,1005.7,1
2025-09-21,Hai_Phong,20.8449,106.6881,28.8,82,11.9,79,1005.1,1
2025-09-22,Hai_Phong,20.8449,106.6881,26.3,89,7.8,89,1006.5,1
2025-09-23,Hai_Phong,20.8449,106.6881,28.0,83,10.1,44,1004.2,1
2025-09-24,Hai_Phong,20.8449,106.6881,29.0,68,24.1,80,1000.9,0
2025-09-25,Hai_Phong,20.8449,106.6881,25.9,80,19.5,95,1001.6,1
2025-09-26,Hai_Phong,20.8449,106.6881,25.8,90,16.2,100,1008.8,1
2025-09-27,Hai_Phong,20.8449,106.6881,27.8,82,13.7,95,1010.4,1
2025-09-28,Hai_Phong,20.8449,106.6881,26.1,86,27.0,90,1006.8,1
2025-09-29,Hai_Phong,20.8449,106.6881,25.2,94,33.6,100,1005.7,1
2025-09-30,Hai_Phong,20.8449,106.6881,25.9,92,19.0,100,1009.6,1
2025-10-01,Hai_Phong,20.8449,106.6881,27.3,85,13.2,95,1010.5,1
2025-10-02,Hai_Phong,20.8449,106.6881,27.8,82,9.9,39,1010.6,1
2025-10-03,Hai_Phong,20.8449,106.6881,28.0,82,11.9,15,1010.3,0
2025-10-04,Hai_Phong,20.8449,106.6881,27.9,85,9.0,45,1009.7,1
2025-10-05,Hai_Phong,20.8449,106.6881,28.8,82,20.5,98,1005.0,1
2025-10-06,Hai_Phong,20.8449,106.6881,25.4,92,21.8,100,1003.7,1
2025-10-07,Hai_Phong,20.8449,106.6881,26.3,91,16.6,100,1010.7,1
2025-10-08,Hai_Phong,20.8449,106.6881,26.6,85,8.5,52,1011.8,1
2025-10-09,Hai_Phong,20.8449,106.6881,27.3,83,10.8,36,1011.1,1
2025-10-10,Hai_Phong,20.8449,106.6881,27.7,81,9.8,18,1010.5,1
2025-10-11,Hai_Phong,20.8449,106.6881,27.5,83,8.9,44,1009.7,1
2025-10-12,Hai_Phong,20.8449,106.6881,27.7,83,8.3,40,1009.3,1
2025-10-13,Hai_Phong,20.8449,106.6881,26.7,88,12.9,90,1009.9,1
2025-10-14,Hai_Phong,20.8449,106.6881,25.8,90,15.9,100,1010.3,1
2025-10-15,Hai_Phong,20.8449,106.6881,26.2,89,10.4,100,1011.1,1
2025-10-16,Hai_Phong,20.8449,106.6881,26.9,84,13.4,52,1012.4,1
2025-10-17,Hai_Phong,20.8449,106.6881,27.2,80,12.7,10,1012.5,1
2025-10-18,Hai_Phong,20.8449,106.6881,27.5,79,12.1,5,1011.7,0
2025-10-19,Hai_Phong,20.8449,106.6881,26.8,84,11.8,25,1011.4,1
2025-10-20,Hai_Phong,20.8449,106.6881,26.0,68,15.0,8,1012.2,0
2025-10-21,Hai_Phong,20.8449,106.6881,23.6,62,16.6,32,1014.4,0
2025-10-22,Hai_Phong,20.8449,106.6881,21.0,61,18.1,99,1016.4,1
2025-10-23,Hai_Phong,20.8449,106.6881,19.0,70,13.9,99,1018.0,1
2025-10-24,Hai_Phong,20.8449,106.6881,20.8,72,11.0,99,1017.3,0
2025-10-25,Hai_Phong,20.8449,106.6881,23.0,73,13.9,78,1015.6,0
2025-10-26,Hai_Phong,20.8449,106.6881,23.8,71,8.3,65,1015.4,0
2025-10-27,Hai_Phong,20.8449,106.6881,23.7,67,9.3,94,1015.8,0
2025-10-28,Hai_Phong,20.8449,106.6881,23.8,69,10.7,95,1015.7,0
2025-10-29,Hai_Phong,20.8449,106.6881,23.9,72,6.8,96,1014.6,0
2025-10-30,Hai_Phong,20.8449,106.6881,23.7,89,8.7,100,1014.4,1
2025-10-31,Hai_Phong,20.8449,106.6881,23.5,86,10.6,99,1015.0,1
2025-11-01,Hai_Phong,20.8449,106.6881,22.4,81,12.0,100,1015.8,1
2025-11-02,Hai_Phong,20.8449,106.6881,21.6,78,10.1,100,1016.3,0
2025-11-03,Hai_Phong,20.8449,106.6881,19.6,81,11.3,100,1016.3,1
2025-11-04,Hai_Phong,20.8449,106.6881,18.5,85,10.0,100,1015.9,1
2025-11-05,Hai_Phong,20.8449,106.6881,20.3,86,8.1,100,1013.3,1
2025-11-06,Hai_Phong,20.8449,106.6881,22.6,85,12.8,57,1011.7,1
2025-11-07,Hai_Phong,20.8449,106.6881,24.2,86,14.4,100,1010.4,1
2025-11-08,Hai_Phong,20.8449,106.6881,25.9,90,20.2,62,1011.7,1
2025-11-09,Hai_Phong,20.8449,106.6881,25.6,88,15.8,73,1011.2,1
2025-11-10,Hai_Phong,20.8449,106.6881,24.9,82,9.6,81,1010.0,1
2025-11-11,Hai_Phong,20.8449,106.6881,23.0,76,8.6,100,1011.0,0
2025-11-12,Hai_Phong,20.8449,106.6881,22.3,69,9.9,76,1014.1,0
2025-11-13,Hai_Phong,20.8449,106.6881,21.9,65,11.9,36,1016.7,0
2025-11-14,Hai_Phong,20.8449,106.6881,21.3,71,7.8,16,1016.8,0
2025-11-15,Hai_Phong,20.8449,106.6881,22.1,76,8.8,14,1018.0,0
2025-11-16,Hai_Phong,20.8449,106.6881,23.0,80,8.8,93,1018.4,1
2025-11-17,Hai_Phong,20.8449,106.6881,23.7,83,11.4,84,1018.4,1
2025-11-18,Hai_Phong,20.8449,106.6881,18.3,86,19.2,100,1022.2,1
2025-11-19,Hai_Phong,20.8449,106.6881,13.8,76,13.2,90,1026.0,1
2025-11-20,Hai_Phong,20.8449,106.6881,17.2,62,9.7,26,1023.6,0
2025-11-21,Hai_Phong,20.8449,106.6881,18.5,62,10.5,14,1022.6,0
2025-11-22,Hai_Phong,20.8449,106.6881,19.0,64,6.9,42,1020.2,0
2025-11-23,Hai_Phong,20.8449,106.6881,20.1,68,6.8,2,1018.5,0
2025-11-24,Hai_Phong,20.8449,106.6881,20.5,69,12.0,13,1018.7,0
2025-11-25,Hai_Phong,20.8449,106.6881,19.7,59,15.8,26,1019.8,0
2025-11-26,Hai_Phong,20.8449,106.6881,18.0,65,7.9,22,1019.1,0
2025-11-27,Hai_Phong,20.8449,106.6881,17.6,57,18.9,61,1022.0,0
2025-11-28,Hai_Phong,20.8449,106.6881,17.5,63,8.6,52,1017.7,0
2025-11-29,Hai_Phong,20.8449,106.6881,17.9,70,8.3,9,1014.7,0
2025-11-30,Hai_Phong,20.8449,106.6881,20.7,75,10.3,50,1013.0,0
2025-12-01,Hai_Phong,20.8449,106.6881,21.1,89,9.3,66,1013.3,1
2025-12-02,Hai_Phong,20.8449,106.6881,22.4,88,9.1,60,1012.7,1
2025-12-03,Hai_Phong,20.8449,106.6881,21.4,81,16.7,74,1017.6,1
2025-12-04,Hai_Phong,20.8449,106.6881,20.7,70,10.7,68,1018.6,0
2025-12-05,Hai_Phong,20.8449,106.6881,21.5,73,15.4,87,1019.5,0
2025-12-06,Hai_Phong,20.8449,106.6881,20.1,77,12.5,49,1018.1,0
2025-12-07,Hai_Phong,20.8449,106.6881,21.5,81,13.1,41,1017.7,1
2025-12-08,Hai_Phong,20.8449,106.6881,21.3,74,10.9,38,1018.9,1
2025-12-09,Hai_Phong,20.8449,106.6881,20.4,75,13.9,36,1017.9,0
2025-12-10,Hai_Phong,20.8449,106.6881,21.1,73,11.3,50,1016.9,0
2025-12-11,Hai_Phong,20.8449,106.6881,21.1,81,7.8,94,1016.8,1
2025-12-12,Hai_Phong,20.8449,106.6881,21.9,87,9.3,76,1014.7,1
2025-12-13,Hai_Phong,20.8449,106.6881,20.5,91,18.9,98,1017.6,1
2025-12-14,Hai_Phong,20.8449,106.6881,17.1,66,10.3,77,1021.3,0
2025-12-15,Hai_Phong,20.8449,106.6881,18.2,71,8.8,74,1018.7,0
2025-12-16,Hai_Phong,20.8449,106.6881,19.4,84,8.1,78,1017.3,1
2025-12-17,Hai_Phong,20.8449,106.6881,20.8,85,9.4,68,1019.1,1
2025-12-18,Hai_Phong,20.8449,106.6881,19.9,80,9.4,6,1017.7,0
2025-12-19,Hai_Phong,20.8449,106.6881,20.1,84,10.7,15,1014.1,1
2025-12-20,Hai_Phong,20.8449,106.6881,21.2,88,11.5,45,1014.7,1
2025-12-21,Hai_Phong,20.8449,106.6881,21.5,83,9.0,34,1016.4,1
2025-12-22,Hai_Phong,20.8449,106.6881,21.5,82,19.1,29,1014.7,1
2025-12-23,Hai_Phong,20.8449,106.6881,22.0,87,13.7,36,1013.4,1
2025-12-24,Hai_Phong,20.8449,106.6881,22.1,87,15.0,41,1012.6,1
2025-12-25,Hai_Phong,20.8449,106.6881,17.0,65,15.2,93,1018.9,0
2025-12-26,Hai_Phong,20.8449,106.6881,15.8,58,11.6,14,1019.8,0
2025-12-27,Hai_Phong,20.8449,106.6881,16.6,68,8.7,34,1018.8,0
2025-12-28,Hai_Phong,20.8449,106.6881,18.3,71,9.5,78,1017.7,0
2025-12-29,Hai_Phong,20.8449,106.6881,19.1,80,10.1,73,1015.1,1
2025-12-30,Hai_Phong,20.8449,106.6881,20.3,81,15.8,65,1014.0,0
2025-12-31,Hai_Phong,20.8449,106.6881,20.4,83,15.6,86,1011.4,0
