date,destination,latitude,longitude,temp,humidity,wind_speed,cloud_cover,pressure,rain
2020-01-01,An_Giang,10.5216,105.1259,27.1,66,14.5,64,1014.0,0
2020-01-02,An_Giang,10.5216,105.1259,27.2,66,15.5,57,1014.5,0
2020-01-03,An_Giang,10.5216,105.1259,27.2,70,10.0,73,1013.4,1
2020-01-04,An_Giang,10.5216,105.1259,26.8,71,10.3,68,1011.6,1
2020-01-05,An_Giang,10.5216,105.1259,25.7,72,11.6,61,1011.6,1
2020-01-06,An_Giang,10.5216,105.1259,26.9,68,10.0,40,1011.8,0
2020-01-07,An_Giang,10.5216,105.1259,27.1,72,10.9,60,1011.0,1
2020-01-08,An_Giang,10.5216,105.1259,27.9,69,15.6,81,1010.5,1
2020-01-09,An_Giang,10.5216,105.1259,27.7,69,13.2,53,1009.8,1
2020-01-10,An_Giang,10.5216,105.1259,27.5,68,13.2,38,1009.5,0
2020-01-11,An_Giang,10.5216,105.1259,26.1,79,12.9,89,1010.1,1
2020-01-12,An_Giang,10.5216,105.1259,26.6,78,13.7,82,1009.6,1
2020-01-13,An_Giang,10.5216,105.1259,26.5,73,14.0,27,1009.5,1
2020-01-14,An_Giang,10.5216,105.1259,26.2,70,18.2,21,1010.6,0
2020-01-15,An_Giang,10.5216,105.1259,26.2,68,13.7,62,1011.3,0
2020-01-16,An_Giang,10.5216,105.1259,26.5,72,10.8,21,1011.5,0
2020-01-17,An_Giang,10.5216,105.1259,26.9,73,8.2,26,1012.0,0
2020-01-18,An_Giang,10.5216,105.1259,27.0,71,14.3,25,1011.6,0
2020-01-19,An_Giang,10.5216,105.1259,27.2,66,13.4,60,1011.9,0
2020-01-20,An_Giang,10.5216,105.1259,27.3,68,13.0,24,1012.5,0
2020-01-21,An_Giang,10.5216,105.1259,27.9,63,13.6,21,1013.8,0
2020-01-22,An_Giang,10.5216,105.1259,27.8,66,13.0,18,1012.9,0
2020-01-23,An_Giang,10.5216,105.1259,27.6,65,13.4,17,1012.0,0
2020-01-24,An_Giang,10.5216,105.1259,27.0,65,13.1,78,1011.7,0
2020-01-25,An_Giang,10.5216,105.1259,26.9,71,13.6,61,1010.6,0
2020-01-26,An_Giang,10.5216,105.1259,26.8,72,13.4,68,1010.1,0
2020-01-27,An_Giang,10.5216,105.1259,26.9,69,13.3,20,1009.9,0
2020-01-28,An_Giang,10.5216,105.1259,26.4,71,10.2,22,1010.6,0
2020-01-29,An_Giang,10.5216,105.1259,26.7,70,11.4,54,1011.9,0
2020-01-30,An_Giang,10.5216,105.1259,26.6,72,13.6,47,1011.6,1
2020-01-31,An_Giang,10.5216,105.1259,26.4,70,15.1,95,1012.3,1
2020-02-01,An_Giang,10.5216,105.1259,26.7,64,15.0,26,1012.4,0
2020-02-02,An_Giang,10.5216,105.1259,25.9,66,13.8,53,1013.8,0
2020-02-03,An_Giang,10.5216,105.1259,26.0,65,15.6,68,1013.0,0
2020-02-04,An_Giang,10.5216,105.1259,27.0,66,15.8,49,1012.0,0
2020-02-05,An_Giang,10.5216,105.1259,26.9,63,17.6,47,1011.5,0
2020-02-06,An_Giang,10.5216,105.1259,26.4,59,13.8,52,1012.4,0
2020-02-07,An_Giang,10.5216,105.1259,26.5,61,11.3,68,1012.7,0
2020-02-08,An_Giang,10.5216,105.1259,27.1,67,9.7,90,1012.8,0
2020-02-09,An_Giang,10.5216,105.1259,27.6,63,14.5,87,1012.3,0
2020-02-10,An_Giang,10.5216,105.1259,27.3,62,15.7,86,1012.7,0
2020-02-11,An_Giang,10.5216,105.1259,28.0,63,19.1,34,1013.0,1
2020-02-12,An_Giang,10.5216,105.1259,28.5,64,16.6,16,1012.7,1
2020-02-13,An_Giang,10.5216,105.1259,28.4,67,16.0,51,1011.7,0
2020-02-14,An_Giang,10.5216,105.1259,28.4,67,15.1,45,1010.3,0
2020-02-15,An_Giang,10.5216,105.1259,28.4,65,13.1,31,1011.0,0
2020-02-16,An_Giang,10.5216,105.1259,28.8,64,8.3,52,1012.0,0
2020-02-17,An_Giang,10.5216,105.1259,27.6,78,16.6,45,1013.1,1
2020-02-18,An_Giang,10.5216,105.1259,26.4,76,16.9,74,1013.2,1
2020-02-19,An_Giang,10.5216,105.1259,26.9,66,16.2,6,1013.2,0
2020-02-20,An_Giang,10.5216,105.1259,26.5,68,14.4,8,1013.3,0
2020-02-21,An_Giang,10.5216,105.1259,27.6,62,16.4,34,1014.2,0
2020-02-22,An_Giang,10.5216,105.1259,27.5,57,19.9,12,1014.6,0
2020-02-23,An_Giang,10.5216,105.1259,28.0,51,16.1,36,1013.9,0
2020-02-24,An_Giang,10.5216,105.1259,27.4,59,16.5,20,1012.3,0
2020-02-25,An_Giang,10.5216,105.1259,27.8,60,15.2,13,1011.2,0
2020-02-26,An_Giang,10.5216,105.1259,28.6,62,17.0,44,1011.2,0
2020-02-27,An_Giang,10.5216,105.1259,28.6,59,17.8,37,1010.5,0
2020-02-28,An_Giang,10.5216,105.1259,28.0,60,17.4,28,1010.1,1
2020-02-29,An_Giang,10.5216,105.1259,28.3,63,18.4,27,1009.7,0
2020-03-01,An_Giang,10.5216,105.1259,28.4,64,12.8,65,1010.3,0
2020-03-02,An_Giang,10.5216,105.1259,28.6,66,17.7,70,1010.2,1
2020-03-03,An_Giang,10.5216,105.1259,28.7,62,18.4,73,1010.4,0
2020-03-04,An_Giang,10.5216,105.1259,28.5,65,16.4,63,1010.5,1
2020-03-05,An_Giang,10.5216,105.1259,28.3,66,16.6,78,1010.9,1
2020-03-06,An_Giang,10.5216,105.1259,29.0,63,14.8,61,1012.0,0
2020-03-07,An_Giang,10.5216,105.1259,29.0,64,15.1,74,1011.8,0
2020-03-08,An_Giang,10.5216,105.1259,29.5,71,12.5,46,1009.6,1
2020-03-09,An_Giang,10.5216,105.1259,29.7,72,15.0,24,1008.0,1
2020-03-10,An_Giang,10.5216,105.1259,29.9,70,17.4,41,1008.2,0
2020-03-11,An_Giang,10.5216,105.1259,29.1,73,13.3,28,1010.2,1
2020-03-12,An_Giang,10.5216,105.1259,29.2,65,13.5,32,1011.5,0
2020-03-13,An_Giang,10.5216,105.1259,29.6,64,12.9,78,1011.7,0
2020-03-14,An_Giang,10.5216,105.1259,30.0,60,17.2,93,1010.5,0
2020-03-15,An_Giang,10.5216,105.1259,29.2,63,16.6,55,1011.0,0
2020-03-16,An_Giang,10.5216,105.1259,30.0,60,18.6,66,1011.2,0
2020-03-17,An_Giang,10.5216,105.1259,29.5,59,18.9,78,1011.9,1
2020-03-18,An_Giang,10.5216,105.1259,29.7,62,13.2,84,1010.8,1
2020-03-19,An_Giang,10.5216,105.1259,29.7,61,20.5,18,1010.5,0
2020-03-20,An_Giang,10.5216,105.1259,29.1,59,15.3,68,1011.3,0
2020-03-21,An_Giang,10.5216,105.1259,28.9,64,14.9,18,1011.3,0
2020-03-22,An_Giang,10.5216,105.1259,29.2,65,12.0,27,1010.7,1
2020-03-23,An_Giang,10.5216,105.1259,29.6,62,11.8,43,1010.0,0
2020-03-24,An_Giang,10.5216,105.1259,29.3,61,15.3,51,1009.4,1
2020-03-25,An_Giang,10.5216,105.1259,29.4,64,14.8,30,1008.3,1
2020-03-26,An_Giang,10.5216,105.1259,29.8,64,13.4,32,1009.4,0
2020-03-27,An_Giang,10.5216,105.1259,30.2,65,18.4,46,1009.8,0
2020-03-28,An_Giang,10.5216,105.1259,30.4,63,13.8,30,1009.1,0
2020-03-29,An_Giang,10.5216,105.1259,30.5,62,12.9,38,1008.5,1
2020-03-30,An_Giang,10.5216,105.1259,29.9,62,12.5,25,1009.1,0
2020-03-31,An_Giang,10.5216,105.1259,30.9,64,9.0,38,1009.2,0
2020-04-01,An_Giang,10.5216,105.1259,30.8,63,11.5,22,1009.2,1
2020-04-02,An_Giang,10.5216,105.1259,30.5,61,14.6,26,1009.8,1
2020-04-03,An_Giang,10.5216,105.1259,30.6,61,20.0,14,1010.2,1
2020-04-04,An_Giang,10.5216,105.1259,30.4,62,18.1,19,1010.2,1
2020-04-05,An_Giang,10.5216,105.1259,31.0,57,18.1,31,1010.5,0
2020-04-06,An_Giang,10.5216,105.1259,30.7,63,15.2,75,1010.0,1
2020-04-07,An_Giang,10.5216,105.1259,30.5,62,12.3,62,1009.8,1
2020-04-08,An_Giang,10.5216,105.1259,29.2,71,12.9,68,1010.5,1
2020-04-09,An_Giang,10.5216,105.1259,28.5,79,12.7,87,1011.1,1
2020-04-10,An_Giang,10.5216,105.1259,28.3,78,12.2,87,1012.0,1
2020-04-11,An_Giang,10.5216,105.1259,28.8,76,12.4,61,1011.4,1
2020-04-12,An_Giang,10.5216,105.1259,29.1,76,17.7,44,1010.1,1
2020-04-13,An_Giang,10.5216,105.1259,26.0,91,9.8,94,1010.9,1
2020-04-14,An_Giang,10.5216,105.1259,27.6,82,13.3,79,1011.0,1
2020-04-15,An_Giang,10.5216,105.1259,27.4,81,13.8,62,1011.1,1
2020-04-16,An_Giang,10.5216,105.1259,27.6,82,14.1,82,1010.2,1
2020-04-17,An_Giang,10.5216,105.1259,27.4,84,15.4,90,1010.6,1
2020-04-18,An_Giang,10.5216,105.1259,28.2,77,12.1,65,1011.2,0
2020-04-19,An_Giang,10.5216,105.1259,28.7,77,12.0,58,1010.1,1
2020-04-20,An_Giang,10.5216,105.1259,28.9,75,10.1,13,1010.0,0
2020-04-21,An_Giang,10.5216,105.1259,29.1,74,13.6,34,1009.1,0
2020-04-22,An_Giang,10.5216,105.1259,29.2,74,8.9,92,1009.0,0
2020-04-23,An_Giang,10.5216,105.1259,29.4,77,11.9,62,1009.3,1
2020-04-24,An_Giang,10.5216,105.1259,28.3,80,12.6,84,1009.6,1
2020-04-25,An_Giang,10.5216,105.1259,28.6,81,10.5,56,1009.4,1
2020-04-26,An_Giang,10.5216,105.1259,27.9,85,8.2,90,1010.2,1
2020-04-27,An_Giang,10.5216,105.1259,28.5,77,10.2,97,1010.7,0
2020-04-28,An_Giang,10.5216,105.1259,28.2,78,12.1,86,1010.4,1
2020-04-29,An_Giang,10.5216,105.1259,28.8,72,15.5,60,1009.5,1
2020-04-30,An_Giang,10.5216,105.1259,29.7,68,16.1,53,1009.7,1
2020-05-01,An_Giang,10.5216,105.1259,29.6,70,12.1,51,1008.6,1
2020-05-02,An_Giang,10.5216,105.1259,29.0,72,10.4,73,1008.3,1
2020-05-03,An_Giang,10.5216,105.1259,29.7,71,12.6,37,1008.4,1
2020-05-04,An_Giang,10.5216,105.1259,29.5,75,11.2,28,1009.1,1
2020-05-05,An_Giang,10.5216,105.1259,30.1,73,11.4,24,1008.1,1
2020-05-06,An_Giang,10.5216,105.1259,30.1,72,10.8,23,1007.8,1
2020-05-07,An_Giang,10.5216,105.1259,29.8,75,15.6,49,1007.3,1
2020-05-08,An_Giang,10.5216,105.1259,30.6,72,12.9,93,1007.4,1
2020-05-09,An_Giang,10.5216,105.1259,31.2,69,9.7,91,1008.0,0
2020-05-10,An_Giang,10.5216,105.1259,31.2,69,11.6,92,1008.0,1
2020-05-11,An_Giang,10.5216,105.1259,31.1,65,11.6,82,1008.6,1
2020-05-12,An_Giang,10.5216,105.1259,31.5,64,12.6,89,1008.1,1
2020-05-13,An_Giang,10.5216,105.1259,31.0,66,11.7,57,1008.3,1
2020-05-14,An_Giang,10.5216,105.1259,30.0,73,14.0,71,1008.0,1
2020-05-15,An_Giang,10.5216,105.1259,29.8,77,17.7,69,1006.3,1
2020-05-16,An_Giang,10.5216,105.1259,30.7,70,7.6,86,1005.7,1
2020-05-17,An_Giang,10.5216,105.1259,28.4,85,15.0,97,1006.3,1
2020-05-18,An_Giang,10.5216,105.1259,29.1,82,12.7,82,1005.8,1
2020-05-19,An_Giang,10.5216,105.1259,29.2,83,15.3,91,1006.2,1
2020-05-20,An_Giang,10.5216,105.1259,28.6,86,12.2,98,1007.2,1
2020-05-21,An_Giang,10.5216,105.1259,29.2,82,14.3,89,1007.4,1
2020-05-22,An_Giang,10.5216,105.1259,29.7,80,13.7,93,1007.2,1
2020-05-23,An_Giang,10.5216,105.1259,28.7,83,21.3,97,1008.2,1
2020-05-24,An_Giang,10.5216,105.1259,27.8,89,14.3,99,1009.5,1
2020-05-25,An_Giang,10.5216,105.1259,28.2,88,12.0,87,1010.5,1
2020-05-26,An_Giang,10.5216,105.1259,29.1,82,14.8,20,1010.1,1
2020-05-27,An_Giang,10.5216,105.1259,28.3,87,14.1,75,1009.9,1
2020-05-28,An_Giang,10.5216,105.1259,27.8,87,9.7,95,1009.7,1
2020-05-29,An_Giang,10.5216,105.1259,27.9,87,12.2,98,1009.8,1
2020-05-30,An_Giang,10.5216,105.1259,28.0,85,12.2,82,1011.1,1
2020-05-31,An_Giang,10.5216,105.1259,28.0,85,9.5,73,1010.9,1
2020-06-01,An_Giang,10.5216,105.1259,28.1,86,10.2,88,1010.3,1
2020-06-02,An_Giang,10.5216,105.1259,27.3,89,15.8,94,1009.8,1
2020-06-03,An_Giang,10.5216,105.1259,27.8,87,12.9,79,1008.5,1
2020-06-04,An_Giang,10.5216,105.1259,27.5,87,13.8,96,1008.6,1
2020-06-05,An_Giang,10.5216,105.1259,27.4,87,12.2,92,1008.8,1
2020-06-06,An_Giang,10.5216,105.1259,27.5,85,18.6,97,1008.8,1
2020-06-07,An_Giang,10.5216,105.1259,27.7,85,14.4,83,1008.1,1
2020-06-08,An_Giang,10.5216,105.1259,28.2,83,12.7,74,1007.5,1
2020-06-09,An_Giang,10.5216,105.1259,28.8,80,12.4,85,1007.6,1
2020-06-10,An_Giang,10.5216,105.1259,26.9,89,16.0,98,1008.1,1
2020-06-11,An_Giang,10.5216,105.1259,27.5,85,9.0,89,1007.4,0
2020-06-12,An_Giang,10.5216,105.1259,27.5,87,14.8,82,1005.7,1
2020-06-13,An_Giang,10.5216,105.1259,27.4,87,17.1,94,1005.6,1
2020-06-14,An_Giang,10.5216,105.1259,26.4,91,16.4,99,1007.3,1
2020-06-15,An_Giang,10.5216,105.1259,26.7,91,16.4,98,1009.2,1
2020-06-16,An_Giang,10.5216,105.1259,26.6,91,13.8,98,1009.4,1
2020-06-17,An_Giang,10.5216,105.1259,27.3,90,9.3,95,1008.8,1
2020-06-18,An_Giang,10.5216,105.1259,27.7,85,8.6,97,1008.6,1
2020-06-19,An_Giang,10.5216,105.1259,28.0,85,9.2,96,1008.1,1
2020-06-20,An_Giang,10.5216,105.1259,27.2,90,10.2,89,1007.8,1
2020-06-21,An_Giang,10.5216,105.1259,27.0,88,15.0,99,1006.8,1
2020-06-22,An_Giang,10.5216,105.1259,27.1,90,14.1,73,1006.8,1
2020-06-23,An_Giang,10.5216,105.1259,27.5,85,15.3,68,1007.6,1
2020-06-24,An_Giang,10.5216,105.1259,28.0,84,11.1,80,1007.7,1
2020-06-25,An_Giang,10.5216,105.1259,26.9,89,14.5,97,1007.7,1
2020-06-26,An_Giang,10.5216,105.1259,26.7,88,16.1,98,1008.0,1
2020-06-27,An_Giang,10.5216,105.1259,27.2,86,11.7,92,1008.0,1
2020-06-28,An_Giang,10.5216,105.1259,26.7,88,16.9,98,1008.2,1
2020-06-29,An_Giang,10.5216,105.1259,26.2,90,19.0,98,1008.2,1
2020-06-30,An_Giang,10.5216,105.1259,25.9,92,13.4,97,1008.2,1
2020-07-01,An_Giang,10.5216,105.1259,26.9,87,16.1,89,1007.3,1
2020-07-02,An_Giang,10.5216,105.1259,27.1,87,16.3,93,1006.6,1
2020-07-03,An_Giang,10.5216,105.1259,25.7,93,14.5,98,1008.4,1
2020-07-04,An_Giang,10.5216,105.1259,26.9,82,8.7,92,1009.0,1
2020-07-05,An_Giang,10.5216,105.1259,27.5,84,10.6,71,1006.9,1
2020-07-06,An_Giang,10.5216,105.1259,26.8,89,14.5,90,1006.4,1
2020-07-07,An_Giang,10.5216,105.1259,26.5,89,14.0,50,1008.5,1
2020-07-08,An_Giang,10.5216,105.1259,26.7,88,12.1,60,1008.7,1
2020-07-09,An_Giang,10.5216,105.1259,27.3,86,15.3,95,1007.1,1
2020-07-10,An_Giang,10.5216,105.1259,27.5,85,20.1,95,1007.6,1
2020-07-11,An_Giang,10.5216,105.1259,27.3,86,19.1,97,1007.4,1
2020-07-12,An_Giang,10.5216,105.1259,26.6,89,13.4,98,1007.1,1
2020-07-13,An_Giang,10.5216,105.1259,26.7,88,13.7,96,1007.5,1
2020-07-14,An_Giang,10.5216,105.1259,27.8,83,12.0,77,1007.5,1
2020-07-15,An_Giang,10.5216,105.1259,27.6,83,8.3,94,1006.8,1
2020-07-16,An_Giang,10.5216,105.1259,27.7,86,12.2,76,1006.7,1
2020-07-17,An_Giang,10.5216,105.1259,27.6,86,10.2,64,1007.6,1
2020-07-18,An_Giang,10.5216,105.1259,27.6,86,12.6,76,1008.2,1
2020-07-19,An_Giang,10.5216,105.1259,27.8,85,12.3,88,1007.4,1
2020-07-20,An_Giang,10.5216,105.1259,27.5,87,14.7,94,1007.4,1
2020-07-21,An_Giang,10.5216,105.1259,27.2,87,12.4,92,1008.0,1
2020-07-22,An_Giang,10.5216,105.1259,27.9,82,12.9,62,1007.8,1
2020-07-23,An_Giang,10.5216,105.1259,28.1,83,12.1,85,1007.9,1
2020-07-24,An_Giang,10.5216,105.1259,26.4,89,9.1,99,1008.4,1
2020-07-25,An_Giang,10.5216,105.1259,26.9,87,12.6,82,1007.8,1
2020-07-26,An_Giang,10.5216,105.1259,27.6,85,10.2,85,1007.8,1
2020-07-27,An_Giang,10.5216,105.1259,27.4,86,14.3,93,1007.0,1
2020-07-28,An_Giang,10.5216,105.1259,27.4,86,16.2,86,1007.4,1
2020-07-29,An_Giang,10.5216,105.1259,27.2,87,15.1,89,1007.7,1
2020-07-30,An_Giang,10.5216,105.1259,27.7,84,13.2,94,1007.0,1
2020-07-31,An_Giang,10.5216,105.1259,27.8,81,22.9,100,1005.4,1
2020-08-01,An_Giang,10.5216,105.1259,26.4,90,23.8,100,1005.0,1
2020-08-02,An_Giang,10.5216,105.1259,26.5,89,26.9,99,1005.3,1
2020-08-03,An_Giang,10.5216,105.1259,26.5,90,20.8,97,1005.7,1
2020-08-04,An_Giang,10.5216,105.1259,26.8,87,21.0,90,1006.1,1
2020-08-05,An_Giang,10.5216,105.1259,26.8,87,13.8,88,1007.0,1
2020-08-06,An_Giang,10.5216,105.1259,26.6,90,15.7,99,1007.3,1
2020-08-07,An_Giang,10.5216,105.1259,26.8,88,19.0,91,1006.6,1
2020-08-08,An_Giang,10.5216,105.1259,26.6,88,20.0,85,1006.9,1
2020-08-09,An_Giang,10.5216,105.1259,27.4,85,18.5,90,1006.9,1
2020-08-10,An_Giang,10.5216,105.1259,26.5,90,19.4,88,1008.4,1
2020-08-11,An_Giang,10.5216,105.1259,28.6,80,18.7,79,1008.0,1
2020-08-12,An_Giang,10.5216,105.1259,27.6,85,14.8,99,1008.9,1
2020-08-13,An_Giang,10.5216,105.1259,26.6,89,14.8,100,1009.1,1
2020-08-14,An_Giang,10.5216,105.1259,26.5,89,12.2,99,1009.1,1
2020-08-15,An_Giang,10.5216,105.1259,27.5,84,9.0,86,1008.3,1
2020-08-16,An_Giang,10.5216,105.1259,27.8,83,11.8,90,1008.2,1
2020-08-17,An_Giang,10.5216,105.1259,28.1,82,15.0,92,1007.3,1
2020-08-18,An_Giang,10.5216,105.1259,28.3,80,17.9,86,1006.9,1
2020-08-19,An_Giang,10.5216,105.1259,27.0,85,14.2,99,1007.1,1
2020-08-20,An_Giang,10.5216,105.1259,28.0,83,15.0,85,1007.5,1
2020-08-21,An_Giang,10.5216,105.1259,29.1,75,13.8,73,1008.5,1
2020-08-22,An_Giang,10.5216,105.1259,28.6,78,20.9,31,1008.6,1
2020-08-23,An_Giang,10.5216,105.1259,28.5,80,17.8,84,1009.2,1
2020-08-24,An_Giang,10.5216,105.1259,28.8,78,13.0,81,1009.2,1
2020-08-25,An_Giang,10.5216,105.1259,29.2,77,16.1,42,1008.3,1
2020-08-26,An_Giang,10.5216,105.1259,29.6,76,17.9,39,1007.5,1
2020-08-27,An_Giang,10.5216,105.1259,29.4,75,20.8,84,1006.4,1
2020-08-28,An_Giang,10.5216,105.1259,28.7,79,21.5,95,1005.7,1
2020-08-29,An_Giang,10.5216,105.1259,28.3,82,20.4,78,1006.0,1
2020-08-30,An_Giang,10.5216,105.1259,28.2,84,17.6,68,1006.0,1
2020-08-31,An_Giang,10.5216,105.1259,28.8,80,16.1,76,1006.6,1
2020-09-01,An_Giang,10.5216,105.1259,28.4,82,20.1,80,1007.1,1
2020-09-02,An_Giang,10.5216,105.1259,28.7,79,14.3,95,1007.8,1
2020-09-03,An_Giang,10.5216,105.1259,29.5,72,10.8,92,1007.6,1
2020-09-04,An_Giang,10.5216,105.1259,28.4,81,17.0,85,1007.7,1
2020-09-05,An_Giang,10.5216,105.1259,28.5,79,13.6,72,1007.3,1
2020-09-06,An_Giang,10.5216,105.1259,28.0,81,17.9,85,1007.6,1
2020-09-07,An_Giang,10.5216,105.1259,27.7,84,13.2,93,1007.9,1
2020-09-08,An_Giang,10.5216,105.1259,28.0,83,12.0,89,1008.8,1
2020-09-09,An_Giang,10.5216,105.1259,28.1,83,12.4,96,1008.3,1
2020-09-10,An_Giang,10.5216,105.1259,27.2,88,9.7,98,1006.8,1
2020-09-11,An_Giang,10.5216,105.1259,27.1,86,15.3,93,1008.0,1
2020-09-12,An_Giang,10.5216,105.1259,27.4,86,15.3,94,1009.3,1
2020-09-13,An_Giang,10.5216,105.1259,27.0,87,12.3,96,1009.7,1
2020-09-14,An_Giang,10.5216,105.1259,26.2,92,8.8,100,1008.9,1
2020-09-15,An_Giang,10.5216,105.1259,26.3,89,15.0,94,1008.6,1
2020-09-16,An_Giang,10.5216,105.1259,27.0,85,16.9,89,1008.0,1
2020-09-17,An_Giang,10.5216,105.1259,27.2,84,20.9,97,1005.7,1
2020-09-18,An_Giang,10.5216,105.1259,26.1,89,25.3,100,1003.8,1
2020-09-19,An_Giang,10.5216,105.1259,25.9,91,22.2,100,1007.3,1
2020-09-20,An_Giang,10.5216,105.1259,26.7,86,17.9,98,1009.5,1
2020-09-21,An_Giang,10.5216,105.1259,27.7,82,13.2,83,1008.7,1
2020-09-22,An_Giang,10.5216,105.1259,27.1,88,10.2,94,1008.6,1
2020-09-23,An_Giang,10.5216,105.1259,27.1,87,11.8,97,1008.8,1
2020-09-24,An_Giang,10.5216,105.1259,27.2,86,14.1,89,1010.1,1
2020-09-25,An_Giang,10.5216,105.1259,28.2,82,12.0,96,1009.1,1
2020-09-26,An_Giang,10.5216,105.1259,27.9,84,13.5,99,1008.1,1
2020-09-27,An_Giang,10.5216,105.1259,26.2,91,12.7,98,1006.8,1
2020-09-28,An_Giang,10.5216,105.1259,25.3,93,22.4,96,1007.0,1
2020-09-29,An_Giang,10.5216,105.1259,26.5,88,18.8,98,1008.3,1
2020-09-30,An_Giang,10.5216,105.1259,27.3,85,13.4,89,1006.9,1
2020-10-01,An_Giang,10.5216,105.1259,27.4,85,11.2,90,1005.9,1
2020-10-02,An_Giang,10.5216,105.1259,26.8,89,10.1,97,1006.5,1
2020-10-03,An_Giang,10.5216,105.1259,26.5,88,18.3,96,1008.0,1
2020-10-04,An_Giang,10.5216,105.1259,27.1,85,16.4,95,1008.6,1
2020-10-05,An_Giang,10.5216,105.1259,26.7,89,9.9,99,1007.9,1
2020-10-06,An_Giang,10.5216,105.1259,26.7,89,11.2,99,1007.4,1
2020-10-07,An_Giang,10.5216,105.1259,25.8,92,9.4,98,1005.6,1
2020-10-08,An_Giang,10.5216,105.1259,26.4,89,17.2,100,1005.0,1
2020-10-09,An_Giang,10.5216,105.1259,26.1,92,14.6,100,1006.5,1
2020-10-10,An_Giang,10.5216,105.1259,25.1,95,13.5,99,1006.7,1
2020-10-11,An_Giang,10.5216,105.1259,25.3,94,13.7,100,1005.6,1
2020-10-12,An_Giang,10.5216,105.1259,25.0,93,7.3,100,1004.8,1
2020-10-13,An_Giang,10.5216,105.1259,25.3,91,16.6,100,1005.2,1
2020-10-14,An_Giang,10.5216,105.1259,25.4,92,15.5,100,1005.6,1
2020-10-15,An_Giang,10.5216,105.1259,25.8,90,20.3,100,1006.1,1
2020-10-16,An_Giang,10.5216,105.1259,25.6,92,18.7,100,1005.5,1
2020-10-17,An_Giang,10.5216,105.1259,25.7,91,20.6,95,1005.6,1
2020-10-18,An_Giang,10.5216,105.1259,25.9,90,16.9,96,1007.7,1
2020-10-19,An_Giang,10.5216,105.1259,26.4,88,12.5,95,1008.1,1
2020-10-20,An_Giang,10.5216,105.1259,26.5,89,9.3,95,1008.3,1
2020-10-21,An_Giang,10.5216,105.1259,26.3,90,15.3,94,1008.1,1
2020-10-22,An_Giang,10.5216,105.1259,27.1,82,14.2,100,1007.9,1
2020-10-23,An_Giang,10.5216,105.1259,26.9,82,11.9,99,1008.5,1
2020-10-24,An_Giang,10.5216,105.1259,26.6,85,10.5,85,1009.3,1
2020-10-25,An_Giang,10.5216,105.1259,25.9,88,8.7,79,1009.7,1
2020-10-26,An_Giang,10.5216,105.1259,26.5,84,9.4,80,1008.6,1
2020-10-27,An_Giang,10.5216,105.1259,26.8,79,12.1,100,1007.1,1
2020-10-28,An_Giang,10.5216,105.1259,26.8,84,18.9,100,1006.2,1
2020-10-29,An_Giang,10.5216,105.1259,26.1,88,20.3,96,1008.3,1
2020-10-30,An_Giang,10.5216,105.1259,26.9,86,8.3,59,1010.0,1
2020-10-31,An_Giang,10.5216,105.1259,26.8,87,9.0,81,1010.2,1
2020-11-01,An_Giang,10.5216,105.1259,27.0,87,10.4,93,1009.8,1
2020-11-02,An_Giang,10.5216,105.1259,27.2,83,10.7,76,1010.1,1
2020-11-03,An_Giang,10.5216,105.1259,27.4,78,11.2,79,1010.6,1
2020-11-04,An_Giang,10.5216,105.1259,27.0,79,11.6,65,1010.6,1
2020-11-05,An_Giang,10.5216,105.1259,27.3,80,11.6,69,1010.2,1
2020-11-06,An_Giang,10.5216,105.1259,26.7,89,8.7,74,1010.4,1
2020-11-07,An_Giang,10.5216,105.1259,26.6,88,8.8,69,1011.0,1
2020-11-08,An_Giang,10.5216,105.1259,26.6,82,12.7,77,1010.9,1
2020-11-09,An_Giang,10.5216,105.1259,26.9,72,20.0,84,1009.3,1
2020-11-10,An_Giang,10.5216,105.1259,26.6,70,18.2,94,1008.3,1
2020-11-11,An_Giang,10.5216,105.1259,25.2,76,20.3,88,1009.7,1
2020-11-12,An_Giang,10.5216,105.1259,26.7,84,11.6,77,1010.6,1
2020-11-13,An_Giang,10.5216,105.1259,27.0,77,13.4,80,1009.4,0
2020-11-14,An_Giang,10.5216,105.1259,26.8,72,14.8,63,1008.9,0
2020-11-15,An_Giang,10.5216,105.1259,26.9,72,9.8,88,1010.0,0
2020-11-16,An_Giang,10.5216,105.1259,27.2,81,9.7,29,1010.3,1
2020-11-17,An_Giang,10.5216,105.1259,27.8,79,11.2,45,1008.9,1
2020-11-18,An_Giang,10.5216,105.1259,27.9,79,9.0,57,1008.4,1
2020-11-19,An_Giang,10.5216,105.1259,27.3,83,8.0,83,1008.6,1
2020-11-20,An_Giang,10.5216,105.1259,26.9,86,14.2,79,1009.0,1
2020-11-21,An_Giang,10.5216,105.1259,26.7,87,12.7,81,1009.3,1
2020-11-22,An_Giang,10.5216,105.1259,26.6,87,10.0,56,1010.5,1
2020-11-23,An_Giang,10.5216,105.1259,26.7,86,8.9,62,1010.5,1
2020-11-24,An_Giang,10.5216,105.1259,27.2,80,11.0,41,1010.1,1
2020-11-25,An_Giang,10.5216,105.1259,26.7,78,11.8,83,1009.9,0
2020-11-26,An_Giang,10.5216,105.1259,26.4,77,12.7,83,1010.5,0
2020-11-27,An_Giang,10.5216,105.1259,26.8,75,13.0,84,1010.7,1
2020-11-28,An_Giang,10.5216,105.1259,27.2,76,17.6,76,1010.4,1
2020-11-29,An_Giang,10.5216,105.1259,25.4,82,22.9,98,1010.7,1
2020-11-30,An_Giang,10.5216,105.1259,25.7,80,21.2,96,1010.2,1
2020-12-01,An_Giang,10.5216,105.1259,25.3,84,21.1,87,1010.9,1
2020-12-02,An_Giang,10.5216,105.1259,26.0,80,16.0,72,1010.3,1
2020-12-03,An_Giang,10.5216,105.1259,26.3,66,16.9,55,1010.4,1
2020-12-04,An_Giang,10.5216,105.1259,25.6,58,21.7,62,1010.5,0
2020-12-05,An_Giang,10.5216,105.1259,25.4,64,18.6,77,1011.3,0
2020-12-06,An_Giang,10.5216,105.1259,26.0,65,18.2,74,1011.4,0
2020-12-07,An_Giang,10.5216,105.1259,26.6,67,15.6,78,1011.2,0
2020-12-08,An_Giang,10.5216,105.1259,27.7,64,20.8,86,1011.0,0
2020-12-09,An_Giang,10.5216,105.1259,27.5,65,17.5,66,1009.7,0
2020-12-10,An_Giang,10.5216,105.1259,27.6,69,15.6,58,1009.4,0
2020-12-11,An_Giang,10.5216,105.1259,27.2,76,11.5,94,1009.7,1
2020-12-12,An_Giang,10.5216,105.1259,26.4,86,6.7,89,1009.3,1
2020-12-13,An_Giang,10.5216,105.1259,26.2,86,6.5,84,1009.0,1
2020-12-14,An_Giang,10.5216,105.1259,26.7,86,12.3,93,1009.4,1
2020-12-15,An_Giang,10.5216,105.1259,26.5,87,10.8,91,1010.8,1
2020-12-16,An_Giang,10.5216,105.1259,27.2,79,12.1,60,1010.7,1
2020-12-17,An_Giang,10.5216,105.1259,27.5,76,15.3,63,1010.0,1
2020-12-18,An_Giang,10.5216,105.1259,27.3,72,14.0,92,1009.9,1
2020-12-19,An_Giang,10.5216,105.1259,27.5,66,17.1,99,1010.5,0
2020-12-20,An_Giang,10.5216,105.1259,26.4,56,27.2,96,1011.0,0
2020-12-21,An_Giang,10.5216,105.1259,25.2,59,25.4,94,1010.1,0
2020-12-22,An_Giang,10.5216,105.1259,24.3,61,20.5,100,1009.4,1
2020-12-23,An_Giang,10.5216,105.1259,25.4,66,19.8,100,1008.1,1
2020-12-24,An_Giang,10.5216,105.1259,25.8,86,21.4,75,1008.4,1
2020-12-25,An_Giang,10.5216,105.1259,26.8,78,15.8,55,1009.5,1
2020-12-26,An_Giang,10.5216,105.1259,26.9,77,15.9,49,1010.1,1
2020-12-27,An_Giang,10.5216,105.1259,26.9,79,9.4,65,1009.6,1
2020-12-28,An_Giang,10.5216,105.1259,26.8,80,10.8,63,1008.9,0
2020-12-29,An_Giang,10.5216,105.1259,27.2,81,11.7,79,1008.8,0
2020-12-30,An_Giang,10.5216,105.1259,27.1,77,20.9,91,1009.2,1
2020-12-31,An_Giang,10.5216,105.1259,26.1,57,20.5,98,1011.0,0
2021-01-01,An_Giang,10.5216,105.1259,24.5,57,19.8,97,1012.0,1
2021-01-02,An_Giang,10.5216,105.1259,24.5,59,17.3,84,1011.5,0
2021-01-03,An_Giang,10.5216,105.1259,25.2,66,13.7,92,1010.6,0
2021-01-04,An_Giang,10.5216,105.1259,26.9,68,12.3,58,1010.1,1
2021-01-05,An_Giang,10.5216,105.1259,26.2,78,13.4,83,1010.6,1
2021-01-06,An_Giang,10.5216,105.1259,26.5,77,10.8,73,1009.6,0
2021-01-07,An_Giang,10.5216,105.1259,27.2,75,12.1,55,1008.9,1
2021-01-08,An_Giang,10.5216,105.1259,26.5,75,10.5,97,1008.8,0
2021-01-09,An_Giang,10.5216,105.1259,26.3,63,17.6,75,1009.9,0
2021-01-10,An_Giang,10.5216,105.1259,25.4,69,12.4,75,1010.4,0
2021-01-11,An_Giang,10.5216,105.1259,25.3,68,12.0,70,1011.3,0
2021-01-12,An_Giang,10.5216,105.1259,24.9,52,23.9,51,1012.0,0
2021-01-13,An_Giang,10.5216,105.1259,22.9,60,17.5,35,1012.3,0
2021-01-14,An_Giang,10.5216,105.1259,23.9,62,11.0,66,1011.5,0
2021-01-15,An_Giang,10.5216,105.1259,24.3,73,11.9,25,1010.1,0
2021-01-16,An_Giang,10.5216,105.1259,24.9,71,11.0,49,1010.3,0
2021-01-17,An_Giang,10.5216,105.1259,25.5,69,15.3,56,1011.6,0
2021-01-18,An_Giang,10.5216,105.1259,25.3,56,19.5,69,1012.2,0
2021-01-19,An_Giang,10.5216,105.1259,23.8,59,12.6,90,1011.8,0
2021-01-20,An_Giang,10.5216,105.1259,25.4,62,9.1,86,1011.1,0
2021-01-21,An_Giang,10.5216,105.1259,26.0,71,10.5,80,1010.2,0
2021-01-22,An_Giang,10.5216,105.1259,26.3,76,13.6,74,1009.9,1
2021-01-23,An_Giang,10.5216,105.1259,26.2,80,11.9,64,1010.3,1
2021-01-24,An_Giang,10.5216,105.1259,26.2,78,12.0,48,1011.0,1
2021-01-25,An_Giang,10.5216,105.1259,26.1,78,14.3,64,1010.5,1
2021-01-26,An_Giang,10.5216,105.1259,26.9,73,10.1,71,1009.8,1
2021-01-27,An_Giang,10.5216,105.1259,26.7,70,13.0,90,1010.0,1
2021-01-28,An_Giang,10.5216,105.1259,26.8,74,12.3,85,1011.0,1
2021-01-29,An_Giang,10.5216,105.1259,26.4,68,12.7,90,1011.6,1
2021-01-30,An_Giang,10.5216,105.1259,25.8,66,11.4,84,1012.1,0
2021-01-31,An_Giang,10.5216,105.1259,26.1,66,9.9,76,1012.1,0
2021-02-01,An_Giang,10.5216,105.1259,26.7,69,9.0,54,1012.3,0
2021-02-02,An_Giang,10.5216,105.1259,26.5,70,11.3,47,1012.5,0
2021-02-03,An_Giang,10.5216,105.1259,26.6,66,13.9,53,1012.1,0
2021-02-04,An_Giang,10.5216,105.1259,26.2,70,6.9,74,1012.5,0
2021-02-05,An_Giang,10.5216,105.1259,26.8,70,9.4,61,1011.7,1
2021-02-06,An_Giang,10.5216,105.1259,26.7,76,13.4,62,1010.6,1
2021-02-07,An_Giang,10.5216,105.1259,26.9,76,8.4,67,1010.9,1
2021-02-08,An_Giang,10.5216,105.1259,26.5,80,10.1,56,1010.4,1
2021-02-09,An_Giang,10.5216,105.1259,27.0,72,11.3,36,1009.6,0
2021-02-10,An_Giang,10.5216,105.1259,26.4,78,12.6,64,1009.9,1
2021-02-11,An_Giang,10.5216,105.1259,25.8,86,9.5,68,1010.5,1
2021-02-12,An_Giang,10.5216,105.1259,25.6,79,9.7,26,1011.5,1
2021-02-13,An_Giang,10.5216,105.1259,25.4,76,11.2,41,1012.2,1
2021-02-14,An_Giang,10.5216,105.1259,25.6,71,13.8,49,1012.7,0
2021-02-15,An_Giang,10.5216,105.1259,25.1,71,12.5,41,1011.5,0
2021-02-16,An_Giang,10.5216,105.1259,24.7,73,15.4,71,1011.2,0
2021-02-17,An_Giang,10.5216,105.1259,25.3,70,15.5,52,1012.2,0
2021-02-18,An_Giang,10.5216,105.1259,24.9,67,11.5,33,1013.7,0
2021-02-19,An_Giang,10.5216,105.1259,25.2,65,17.6,30,1013.7,0
2021-02-20,An_Giang,10.5216,105.1259,25.5,65,14.4,27,1013.2,0
2021-02-21,An_Giang,10.5216,105.1259,25.2,68,12.1,22,1012.3,0
2021-02-22,An_Giang,10.5216,105.1259,25.4,67,15.6,48,1011.7,0
2021-02-23,An_Giang,10.5216,105.1259,26.1,67,12.6,77,1010.6,0
2021-02-24,An_Giang,10.5216,105.1259,26.8,67,15.3,49,1009.8,0
2021-02-25,An_Giang,10.5216,105.1259,26.9,77,13.7,83,1008.3,1
2021-02-26,An_Giang,10.5216,105.1259,27.8,76,13.9,73,1007.0,1
2021-02-27,An_Giang,10.5216,105.1259,28.1,72,11.8,14,1007.5,1
2021-02-28,An_Giang,10.5216,105.1259,27.9,72,15.0,28,1009.5,1
2021-03-01,An_Giang,10.5216,105.1259,28.3,74,14.9,76,1011.6,1
2021-03-02,An_Giang,10.5216,105.1259,28.6,72,16.3,59,1011.5,1
2021-03-03,An_Giang,10.5216,105.1259,28.6,64,18.9,31,1011.5,0
2021-03-04,An_Giang,10.5216,105.1259,28.8,61,18.4,5,1011.9,0
2021-03-05,An_Giang,10.5216,105.1259,28.1,63,18.0,3,1011.8,0
2021-03-06,An_Giang,10.5216,105.1259,28.1,63,12.8,20,1012.3,0
2021-03-07,An_Giang,10.5216,105.1259,28.3,63,15.9,40,1011.7,0
2021-03-08,An_Giang,10.5216,105.1259,28.4,61,18.4,28,1012.2,1
2021-03-09,An_Giang,10.5216,105.1259,28.3,62,15.1,27,1012.0,1
2021-03-10,An_Giang,10.5216,105.1259,28.6,60,12.9,33,1011.8,0
2021-03-11,An_Giang,10.5216,105.1259,28.9,63,16.8,50,1011.7,1
2021-03-12,An_Giang,10.5216,105.1259,29.0,58,16.5,17,1011.8,0
2021-03-13,An_Giang,10.5216,105.1259,29.1,57,17.0,29,1011.6,1
2021-03-14,An_Giang,10.5216,105.1259,28.5,59,11.2,26,1010.1,0
2021-03-15,An_Giang,10.5216,105.1259,28.2,64,14.7,31,1009.8,0
2021-03-16,An_Giang,10.5216,105.1259,28.4,64,13.7,71,1009.4,0
2021-03-17,An_Giang,10.5216,105.1259,28.6,62,12.0,91,1009.2,0
2021-03-18,An_Giang,10.5216,105.1259,28.2,63,15.5,90,1008.9,0
2021-03-19,An_Giang,10.5216,105.1259,29.2,66,14.0,60,1008.1,0
2021-03-20,An_Giang,10.5216,105.1259,29.8,68,10.5,73,1007.0,1
2021-03-21,An_Giang,10.5216,105.1259,29.8,70,11.2,66,1007.4,1
2021-03-22,An_Giang,10.5216,105.1259,29.1,66,13.6,70,1009.9,1
2021-03-23,An_Giang,10.5216,105.1259,29.8,60,13.8,84,1009.6,1
2021-03-24,An_Giang,10.5216,105.1259,29.7,65,21.1,91,1008.7,1
2021-03-25,An_Giang,10.5216,105.1259,29.2,67,17.6,89,1009.1,1
2021-03-26,An_Giang,10.5216,105.1259,29.9,61,18.1,94,1008.5,1
2021-03-27,An_Giang,10.5216,105.1259,30.0,64,17.1,71,1008.0,1
2021-03-28,An_Giang,10.5216,105.1259,30.2,65,15.2,50,1007.6,1
2021-03-29,An_Giang,10.5216,105.1259,30.0,64,13.4,35,1007.1,1
2021-03-30,An_Giang,10.5216,105.1259,29.6,71,15.3,41,1006.1,1
2021-03-31,An_Giang,10.5216,105.1259,30.1,66,16.2,66,1005.2,0
2021-04-01,An_Giang,10.5216,105.1259,30.3,68,17.2,42,1005.6,0
2021-04-02,An_Giang,10.5216,105.1259,30.3,70,13.3,40,1006.4,1
2021-04-03,An_Giang,10.5216,105.1259,29.0,75,15.4,70,1007.0,1
2021-04-04,An_Giang,10.5216,105.1259,27.5,82,14.7,72,1008.5,1
2021-04-05,An_Giang,10.5216,105.1259,28.9,71,17.0,50,1009.4,1
2021-04-06,An_Giang,10.5216,105.1259,29.2,65,21.7,35,1010.0,1
2021-04-07,An_Giang,10.5216,105.1259,29.2,66,16.2,40,1010.3,1
2021-04-08,An_Giang,10.5216,105.1259,29.1,68,11.8,52,1009.5,1
2021-04-09,An_Giang,10.5216,105.1259,28.1,77,11.5,68,1009.6,1
2021-04-10,An_Giang,10.5216,105.1259,28.9,68,16.2,70,1010.5,1
2021-04-11,An_Giang,10.5216,105.1259,29.3,70,17.1,61,1011.3,1
2021-04-12,An_Giang,10.5216,105.1259,29.1,71,18.1,26,1011.5,1
2021-04-13,An_Giang,10.5216,105.1259,29.1,72,13.4,60,1010.9,1
2021-04-14,An_Giang,10.5216,105.1259,28.3,77,9.9,72,1010.5,1
2021-04-15,An_Giang,10.5216,105.1259,28.2,79,12.3,81,1009.5,1
2021-04-16,An_Giang,10.5216,105.1259,27.4,84,14.1,86,1009.7,1
2021-04-17,An_Giang,10.5216,105.1259,27.6,82,11.4,81,1010.8,1
2021-04-18,An_Giang,10.5216,105.1259,26.5,88,8.5,87,1010.8,1
2021-04-19,An_Giang,10.5216,105.1259,27.5,82,12.5,67,1009.4,1
2021-04-20,An_Giang,10.5216,105.1259,28.8,76,13.8,65,1008.6,1
2021-04-21,An_Giang,10.5216,105.1259,29.1,75,13.5,86,1008.8,1
2021-04-22,An_Giang,10.5216,105.1259,28.3,80,12.2,97,1008.6,1
2021-04-23,An_Giang,10.5216,105.1259,27.2,86,21.4,98,1008.0,1
2021-04-24,An_Giang,10.5216,105.1259,27.9,81,16.6,90,1008.0,1
2021-04-25,An_Giang,10.5216,105.1259,27.9,82,15.6,80,1008.7,1
2021-04-26,An_Giang,10.5216,105.1259,28.3,81,10.3,72,1008.4,1
2021-04-27,An_Giang,10.5216,105.1259,27.5,83,9.7,94,1009.9,1
2021-04-28,An_Giang,10.5216,105.1259,26.8,86,12.2,96,1010.8,1
2021-04-29,An_Giang,10.5216,105.1259,27.0,85,10.3,69,1010.4,1
2021-04-30,An_Giang,10.5216,105.1259,27.6,83,16.6,71,1010.0,1
2021-05-01,An_Giang,10.5216,105.1259,27.6,85,14.3,71,1010.2,1
2021-05-02,An_Giang,10.5216,105.1259,28.4,81,13.4,61,1009.6,1
2021-05-03,An_Giang,10.5216,105.1259,29.2,73,16.3,55,1008.1,1
2021-05-04,An_Giang,10.5216,105.1259,29.3,72,13.7,44,1007.5,1
2021-05-05,An_Giang,10.5216,105.1259,30.1,71,17.3,71,1007.7,1
2021-05-06,An_Giang,10.5216,105.1259,28.2,81,18.5,96,1009.8,1
2021-05-07,An_Giang,10.5216,105.1259,28.4,78,13.3,99,1010.0,1
2021-05-08,An_Giang,10.5216,105.1259,29.2,76,15.5,97,1008.6,1
2021-05-09,An_Giang,10.5216,105.1259,28.8,78,9.1,85,1008.2,1
2021-05-10,An_Giang,10.5216,105.1259,29.2,77,8.4,56,1007.8,1
2021-05-11,An_Giang,10.5216,105.1259,29.8,72,11.8,43,1007.2,1
2021-05-12,An_Giang,10.5216,105.1259,29.7,73,12.4,43,1006.6,1
2021-05-13,An_Giang,10.5216,105.1259,29.3,78,8.7,70,1006.1,1
2021-05-14,An_Giang,10.5216,105.1259,28.6,82,8.8,81,1006.5,1
2021-05-15,An_Giang,10.5216,105.1259,28.2,85,14.0,97,1007.3,1
2021-05-16,An_Giang,10.5216,105.1259,28.3,84,10.5,58,1007.1,1
2021-05-17,An_Giang,10.5216,105.1259,27.8,86,9.7,91,1007.8,1
2021-05-18,An_Giang,10.5216,105.1259,27.4,86,10.7,94,1008.3,1
2021-05-19,An_Giang,10.5216,105.1259,27.9,86,18.4,86,1007.6,1
2021-05-20,An_Giang,10.5216,105.1259,28.1,84,9.5,77,1007.7,1
2021-05-21,An_Giang,10.5216,105.1259,28.4,82,17.7,94,1007.7,1
2021-05-22,An_Giang,10.5216,105.1259,27.6,85,19.8,98,1007.2,1
2021-05-23,An_Giang,10.5216,105.1259,28.1,83,16.2,94,1006.6,1
2021-05-24,An_Giang,10.5216,105.1259,27.2,87,16.9,100,1007.3,1
2021-05-25,An_Giang,10.5216,105.1259,27.4,87,17.2,99,1007.6,1
2021-05-26,An_Giang,10.5216,105.1259,26.8,88,16.4,99,1007.5,1
2021-05-27,An_Giang,10.5216,105.1259,26.6,90,15.7,94,1007.9,1
2021-05-28,An_Giang,10.5216,105.1259,27.5,88,12.7,78,1009.2,1
2021-05-29,An_Giang,10.5216,105.1259,28.0,85,13.3,48,1009.2,1
2021-05-30,An_Giang,10.5216,105.1259,28.4,84,10.9,47,1007.9,1
2021-05-31,An_Giang,10.5216,105.1259,28.6,84,13.7,34,1006.6,1
2021-06-01,An_Giang,10.5216,105.1259,29.1,81,13.2,69,1006.9,1
2021-06-02,An_Giang,10.5216,105.1259,28.9,83,13.3,79,1007.2,1
2021-06-03,An_Giang,10.5216,105.1259,28.6,84,15.3,76,1008.1,1
2021-06-04,An_Giang,10.5216,105.1259,29.4,81,15.3,69,1007.8,1
2021-06-05,An_Giang,10.5216,105.1259,28.5,84,19.6,84,1008.0,1
2021-06-06,An_Giang,10.5216,105.1259,28.0,84,19.4,99,1007.7,1
2021-06-07,An_Giang,10.5216,105.1259,27.6,85,18.2,96,1008.4,1
2021-06-08,An_Giang,10.5216,105.1259,26.4,92,15.8,95,1009.0,1
2021-06-09,An_Giang,10.5216,105.1259,26.9,88,17.3,89,1008.4,1
2021-06-10,An_Giang,10.5216,105.1259,27.1,86,24.4,97,1007.2,1
2021-06-11,An_Giang,10.5216,105.1259,27.3,85,17.6,97,1006.3,1
2021-06-12,An_Giang,10.5216,105.1259,27.3,84,18.0,100,1007.3,1
2021-06-13,An_Giang,10.5216,105.1259,26.6,88,19.5,92,1008.4,1
2021-06-14,An_Giang,10.5216,105.1259,27.2,86,20.9,57,1008.4,1
2021-06-15,An_Giang,10.5216,105.1259,27.4,84,22.0,73,1007.7,1
2021-06-16,An_Giang,10.5216,105.1259,27.8,82,17.4,92,1009.1,1
2021-06-17,An_Giang,10.5216,105.1259,28.2,80,17.1,66,1009.6,1
2021-06-18,An_Giang,10.5216,105.1259,28.1,80,15.0,80,1010.2,1
2021-06-19,An_Giang,10.5216,105.1259,28.5,79,16.4,76,1009.4,1
2021-06-20,An_Giang,10.5216,105.1259,28.6,78,17.9,56,1008.2,1
2021-06-21,An_Giang,10.5216,105.1259,27.8,81,21.2,56,1008.0,1
2021-06-22,An_Giang,10.5216,105.1259,27.6,83,20.1,66,1008.7,1
2021-06-23,An_Giang,10.5216,105.1259,27.5,83,19.5,68,1009.6,1
2021-06-24,An_Giang,10.5216,105.1259,28.1,80,17.3,48,1008.0,1
2021-06-25,An_Giang,10.5216,105.1259,28.4,79,18.4,53,1007.3,1
2021-06-26,An_Giang,10.5216,105.1259,28.4,77,17.2,64,1008.5,1
2021-06-27,An_Giang,10.5216,105.1259,28.7,77,17.8,26,1009.7,1
2021-06-28,An_Giang,10.5216,105.1259,29.1,76,17.7,62,1008.8,1
2021-06-29,An_Giang,10.5216,105.1259,28.8,79,20.9,54,1008.2,1
2021-06-30,An_Giang,10.5216,105.1259,28.4,80,20.8,74,1008.4,1
2021-07-01,An_Giang,10.5216,105.1259,29.3,75,17.3,48,1008.3,0
2021-07-02,An_Giang,10.5216,105.1259,29.0,76,16.6,18,1008.6,1
2021-07-03,An_Giang,10.5216,105.1259,29.7,75,13.0,40,1007.1,1
2021-07-04,An_Giang,10.5216,105.1259,29.7,76,15.9,86,1006.1,1
2021-07-05,An_Giang,10.5216,105.1259,28.3,82,23.6,89,1005.7,1
2021-07-06,An_Giang,10.5216,105.1259,26.8,87,19.4,98,1005.7,1
2021-07-07,An_Giang,10.5216,105.1259,26.7,88,21.4,98,1006.9,1
2021-07-08,An_Giang,10.5216,105.1259,25.7,91,17.6,97,1007.5,1
2021-07-09,An_Giang,10.5216,105.1259,24.9,94,14.9,100,1007.0,1
2021-07-10,An_Giang,10.5216,105.1259,26.4,87,11.7,96,1007.2,1
2021-07-11,An_Giang,10.5216,105.1259,26.9,87,8.3,85,1008.5,1
2021-07-12,An_Giang,10.5216,105.1259,27.2,84,11.9,80,1008.8,1
2021-07-13,An_Giang,10.5216,105.1259,26.9,88,12.9,98,1007.7,1
2021-07-14,An_Giang,10.5216,105.1259,26.5,86,14.0,98,1007.0,1
2021-07-15,An_Giang,10.5216,105.1259,26.0,91,15.3,100,1008.3,1
2021-07-16,An_Giang,10.5216,105.1259,27.9,80,10.5,82,1009.3,1
2021-07-17,An_Giang,10.5216,105.1259,27.8,82,16.5,59,1007.5,1
2021-07-18,An_Giang,10.5216,105.1259,27.5,84,22.3,97,1006.6,1
2021-07-19,An_Giang,10.5216,105.1259,27.6,81,20.5,96,1007.6,1
2021-07-20,An_Giang,10.5216,105.1259,27.9,81,20.8,84,1008.4,1
2021-07-21,An_Giang,10.5216,105.1259,27.5,83,22.8,71,1008.1,1
2021-07-22,An_Giang,10.5216,105.1259,28.2,79,20.6,85,1007.5,1
2021-07-23,An_Giang,10.5216,105.1259,27.8,82,22.3,94,1007.1,1
2021-07-24,An_Giang,10.5216,105.1259,28.6,77,25.5,94,1006.8,1
2021-07-25,An_Giang,10.5216,105.1259,27.6,84,25.0,84,1007.4,1
2021-07-26,An_Giang,10.5216,105.1259,28.1,81,24.5,58,1006.7,1
2021-07-27,An_Giang,10.5216,105.1259,28.4,78,23.9,54,1006.3,1
2021-07-28,An_Giang,10.5216,105.1259,27.7,82,21.4,90,1006.1,1
2021-07-29,An_Giang,10.5216,105.1259,26.8,88,23.3,97,1007.0,1
2021-07-30,An_Giang,10.5216,105.1259,27.1,86,22.6,96,1007.9,1
2021-07-31,An_Giang,10.5216,105.1259,28.0,82,21.5,96,1008.0,1
2021-08-01,An_Giang,10.5216,105.1259,28.0,80,22.3,77,1007.1,1
2021-08-02,An_Giang,10.5216,105.1259,28.0,80,23.6,66,1007.3,1
2021-08-03,An_Giang,10.5216,105.1259,28.3,78,26.1,85,1008.0,1
2021-08-04,An_Giang,10.5216,105.1259,28.1,81,23.4,98,1008.4,1
2021-08-05,An_Giang,10.5216,105.1259,28.2,80,25.1,95,1008.3,1
2021-08-06,An_Giang,10.5216,105.1259,28.3,79,22.1,93,1008.6,1
2021-08-07,An_Giang,10.5216,105.1259,28.7,78,21.1,85,1008.8,1
2021-08-08,An_Giang,10.5216,105.1259,29.0,77,21.7,98,1008.4,1
2021-08-09,An_Giang,10.5216,105.1259,29.4,75,20.9,76,1007.3,1
2021-08-10,An_Giang,10.5216,105.1259,27.9,84,20.2,80,1006.8,1
2021-08-11,An_Giang,10.5216,105.1259,27.6,84,21.3,85,1008.7,1
2021-08-12,An_Giang,10.5216,105.1259,27.3,84,14.9,87,1010.7,1
2021-08-13,An_Giang,10.5216,105.1259,27.7,81,15.6,95,1009.0,1
2021-08-14,An_Giang,10.5216,105.1259,27.5,79,15.6,99,1008.0,1
2021-08-15,An_Giang,10.5216,105.1259,26.7,86,10.2,98,1009.7,1
2021-08-16,An_Giang,10.5216,105.1259,27.9,81,10.8,44,1011.5,1
2021-08-17,An_Giang,10.5216,105.1259,27.5,84,8.0,88,1010.6,1
2021-08-18,An_Giang,10.5216,105.1259,27.0,88,9.8,96,1008.9,1
2021-08-19,An_Giang,10.5216,105.1259,27.2,85,13.7,85,1008.2,1
2021-08-20,An_Giang,10.5216,105.1259,27.1,87,13.3,87,1008.9,1
2021-08-21,An_Giang,10.5216,105.1259,27.7,82,14.3,38,1009.2,1
2021-08-22,An_Giang,10.5216,105.1259,27.7,82,18.0,84,1008.6,1
2021-08-23,An_Giang,10.5216,105.1259,27.0,84,19.5,94,1008.0,1
2021-08-24,An_Giang,10.5216,105.1259,26.5,88,22.5,89,1007.1,1
2021-08-25,An_Giang,10.5216,105.1259,24.8,95,13.5,99,1007.6,1
2021-08-26,An_Giang,10.5216,105.1259,25.1,94,12.0,99,1008.0,1
2021-08-27,An_Giang,10.5216,105.1259,26.4,87,14.6,97,1007.7,1
2021-08-28,An_Giang,10.5216,105.1259,26.9,84,14.0,87,1007.5,1
2021-08-29,An_Giang,10.5216,105.1259,26.6,87,9.4,98,1007.5,1
2021-08-30,An_Giang,10.5216,105.1259,26.6,87,12.0,96,1008.2,1
2021-08-31,An_Giang,10.5216,105.1259,26.6,87,18.6,97,1008.8,1
2021-09-01,An_Giang,10.5216,105.1259,26.8,87,11.7,98,1008.3,1
2021-09-02,An_Giang,10.5216,105.1259,26.8,87,15.6,99,1008.1,1
2021-09-03,An_Giang,10.5216,105.1259,27.0,81,19.6,97,1007.9,1
2021-09-04,An_Giang,10.5216,105.1259,26.8,83,15.6,98,1008.4,1
2021-09-05,An_Giang,10.5216,105.1259,26.5,86,13.5,96,1008.7,1
2021-09-06,An_Giang,10.5216,105.1259,26.8,86,12.1,95,1008.9,1
2021-09-07,An_Giang,10.5216,105.1259,26.7,85,15.0,96,1008.0,1
2021-09-08,An_Giang,10.5216,105.1259,26.8,85,20.6,93,1006.5,1
2021-09-09,An_Giang,10.5216,105.1259,26.4,88,21.9,95,1007.8,1
2021-09-10,An_Giang,10.5216,105.1259,26.7,87,17.9,98,1008.5,1
2021-09-11,An_Giang,10.5216,105.1259,26.8,87,22.0,100,1007.5,1
2021-09-12,An_Giang,10.5216,105.1259,28.0,78,20.5,98,1005.3,1
2021-09-13,An_Giang,10.5216,105.1259,27.8,82,15.7,93,1006.0,1
2021-09-14,An_Giang,10.5216,105.1259,26.5,89,17.0,99,1008.0,1
2021-09-15,An_Giang,10.5216,105.1259,26.4,87,16.0,95,1009.4,1
2021-09-16,An_Giang,10.5216,105.1259,27.2,82,9.7,92,1009.5,1
2021-09-17,An_Giang,10.5216,105.1259,27.5,84,15.8,80,1008.9,1
2021-09-18,An_Giang,10.5216,105.1259,27.2,87,12.2,84,1008.5,1
2021-09-19,An_Giang,10.5216,105.1259,25.7,93,9.7,99,1008.7,1
2021-09-20,An_Giang,10.5216,105.1259,25.9,90,20.0,96,1008.2,1
2021-09-21,An_Giang,10.5216,105.1259,26.4,87,16.5,92,1007.8,1
2021-09-22,An_Giang,10.5216,105.1259,26.5,87,16.7,83,1008.2,1
2021-09-23,An_Giang,10.5216,105.1259,27.3,83,16.8,97,1008.5,1
2021-09-24,An_Giang,10.5216,105.1259,26.5,89,16.6,100,1008.5,1
2021-09-25,An_Giang,10.5216,105.1259,25.8,92,16.7,91,1008.1,1
2021-09-26,An_Giang,10.5216,105.1259,26.7,88,6.2,98,1007.4,1
2021-09-27,An_Giang,10.5216,105.1259,27.1,86,15.1,69,1007.9,1
2021-09-28,An_Giang,10.5216,105.1259,27.0,88,13.4,79,1008.5,1
2021-09-29,An_Giang,10.5216,105.1259,27.0,88,9.1,51,1007.8,1
2021-09-30,An_Giang,10.5216,105.1259,26.7,89,9.2,92,1008.5,1
2021-10-01,An_Giang,10.5216,105.1259,27.3,86,14.0,95,1009.0,1
2021-10-02,An_Giang,10.5216,105.1259,26.1,91,15.6,95,1009.7,1
2021-10-03,An_Giang,10.5216,105.1259,26.3,88,9.6,86,1008.6,1
2021-10-04,An_Giang,10.5216,105.1259,26.6,88,9.5,86,1007.2,1
2021-10-05,An_Giang,10.5216,105.1259,26.3,90,13.7,95,1006.0,1
2021-10-06,An_Giang,10.5216,105.1259,26.1,90,10.5,100,1004.8,1
2021-10-07,An_Giang,10.5216,105.1259,25.9,93,12.7,99,1004.3,1
2021-10-08,An_Giang,10.5216,105.1259,26.4,89,18.6,100,1005.1,1
2021-10-09,An_Giang,10.5216,105.1259,26.8,87,22.6,98,1006.4,1
2021-10-10,An_Giang,10.5216,105.1259,28.4,78,22.5,71,1005.7,1
2021-10-11,An_Giang,10.5216,105.1259,27.1,86,16.3,98,1005.5,1
2021-10-12,An_Giang,10.5216,105.1259,26.4,86,23.0,98,1005.6,1
2021-10-13,An_Giang,10.5216,105.1259,27.0,84,21.6,100,1004.4,1
2021-10-14,An_Giang,10.5216,105.1259,27.4,83,22.9,100,1005.2,1
2021-10-15,An_Giang,10.5216,105.1259,27.1,85,12.5,98,1006.3,1
2021-10-16,An_Giang,10.5216,105.1259,26.3,92,15.9,100,1007.9,1
2021-10-17,An_Giang,10.5216,105.1259,26.1,89,12.0,100,1008.3,1
2021-10-18,An_Giang,10.5216,105.1259,26.7,80,11.6,93,1009.7,1
2021-10-19,An_Giang,10.5216,105.1259,27.3,85,7.2,76,1012.1,1
2021-10-20,An_Giang,10.5216,105.1259,26.0,91,11.4,85,1012.6,1
2021-10-21,An_Giang,10.5216,105.1259,26.3,87,16.3,98,1011.4,1
2021-10-22,An_Giang,10.5216,105.1259,26.5,87,12.0,88,1011.6,1
2021-10-23,An_Giang,10.5216,105.1259,26.2,87,12.3,95,1012.1,1
2021-10-24,An_Giang,10.5216,105.1259,26.5,86,15.6,87,1010.7,1
2021-10-25,An_Giang,10.5216,105.1259,27.4,80,17.6,91,1009.3,1
2021-10-26,An_Giang,10.5216,105.1259,28.0,75,14.1,99,1008.5,0
2021-10-27,An_Giang,10.5216,105.1259,27.6,77,12.2,100,1008.6,1
2021-10-28,An_Giang,10.5216,105.1259,27.3,82,13.3,79,1009.8,1
2021-10-29,An_Giang,10.5216,105.1259,27.4,84,15.6,82,1011.4,1
2021-10-30,An_Giang,10.5216,105.1259,27.2,85,13.3,97,1011.5,1
2021-10-31,An_Giang,10.5216,105.1259,26.3,86,13.7,94,1011.9,1
2021-11-01,An_Giang,10.5216,105.1259,26.9,85,12.2,77,1011.1,1
2021-11-02,An_Giang,10.5216,105.1259,27.1,79,11.2,83,1010.8,1
2021-11-03,An_Giang,10.5216,105.1259,27.1,81,16.6,95,1010.1,1
2021-11-04,An_Giang,10.5216,105.1259,27.3,82,16.7,88,1009.9,1
2021-11-05,An_Giang,10.5216,105.1259,27.2,86,14.9,95,1008.8,1
2021-11-06,An_Giang,10.5216,105.1259,27.0,85,16.3,64,1007.2,1
2021-11-07,An_Giang,10.5216,105.1259,27.0,85,10.9,75,1007.1,1
2021-11-08,An_Giang,10.5216,105.1259,26.9,85,15.1,80,1008.3,1
2021-11-09,An_Giang,10.5216,105.1259,26.2,86,16.9,89,1009.5,1
2021-11-10,An_Giang,10.5216,105.1259,26.4,82,16.9,96,1009.4,1
2021-11-11,An_Giang,10.5216,105.1259,25.3,89,16.8,100,1009.4,1
2021-11-12,An_Giang,10.5216,105.1259,25.3,88,12.6,96,1010.0,1
2021-11-13,An_Giang,10.5216,105.1259,25.6,90,16.6,92,1009.8,1
2021-11-14,An_Giang,10.5216,105.1259,25.5,90,11.9,100,1010.2,1
2021-11-15,An_Giang,10.5216,105.1259,25.6,89,14.1,98,1008.9,1
2021-11-16,An_Giang,10.5216,105.1259,25.2,92,15.5,100,1008.8,1
2021-11-17,An_Giang,10.5216,105.1259,25.9,89,15.0,91,1009.2,1
2021-11-18,An_Giang,10.5216,105.1259,25.9,89,15.1,100,1008.5,1
2021-11-19,An_Giang,10.5216,105.1259,26.6,86,9.7,66,1007.5,1
2021-11-20,An_Giang,10.5216,105.1259,26.2,87,9.7,92,1007.4,1
2021-11-21,An_Giang,10.5216,105.1259,26.6,86,17.1,100,1008.3,1
2021-11-22,An_Giang,10.5216,105.1259,25.9,89,18.7,100,1009.2,1
2021-11-23,An_Giang,10.5216,105.1259,26.4,87,11.8,97,1009.1,1
2021-11-24,An_Giang,10.5216,105.1259,26.4,86,15.5,100,1009.9,1
2021-11-25,An_Giang,10.5216,105.1259,26.9,81,14.8,93,1009.9,1
2021-11-26,An_Giang,10.5216,105.1259,26.7,76,11.9,92,1009.6,1
2021-11-27,An_Giang,10.5216,105.1259,25.3,76,23.0,99,1009.7,1
2021-11-28,An_Giang,10.5216,105.1259,25.6,80,25.2,100,1008.8,1
2021-11-29,An_Giang,10.5216,105.1259,24.9,92,15.6,100,1008.3,1
2021-11-30,An_Giang,10.5216,105.1259,24.4,94,15.0,100,1009.1,1
2021-12-01,An_Giang,10.5216,105.1259,25.7,79,15.6,91,1010.5,1
2021-12-02,An_Giang,10.5216,105.1259,25.4,70,14.6,90,1011.6,0
2021-12-03,An_Giang,10.5216,105.1259,24.9,69,18.1,75,1013.1,0
2021-12-04,An_Giang,10.5216,105.1259,23.8,68,17.2,99,1013.2,0
2021-12-05,An_Giang,10.5216,105.1259,23.4,68,16.9,83,1012.5,0
2021-12-06,An_Giang,10.5216,105.1259,24.9,70,18.4,66,1011.7,0
2021-12-07,An_Giang,10.5216,105.1259,25.0,72,15.6,100,1012.1,0
2021-12-08,An_Giang,10.5216,105.1259,25.4,71,13.6,55,1012.3,0
2021-12-09,An_Giang,10.5216,105.1259,26.0,80,12.8,83,1012.4,1
2021-12-10,An_Giang,10.5216,105.1259,25.8,72,15.3,51,1012.1,0
2021-12-11,An_Giang,10.5216,105.1259,24.8,75,10.2,67,1012.4,0
2021-12-12,An_Giang,10.5216,105.1259,25.9,71,12.4,49,1011.5,0
2021-12-13,An_Giang,10.5216,105.1259,26.5,66,19.1,89,1010.9,0
2021-12-14,An_Giang,10.5216,105.1259,26.6,68,15.3,77,1009.8,1
2021-12-15,An_Giang,10.5216,105.1259,27.2,71,15.6,78,1009.2,0
2021-12-16,An_Giang,10.5216,105.1259,27.5,78,10.7,63,1009.5,1
2021-12-17,An_Giang,10.5216,105.1259,27.2,78,10.6,83,1009.6,1
2021-12-18,An_Giang,10.5216,105.1259,27.1,73,19.3,85,1009.6,0
2021-12-19,An_Giang,10.5216,105.1259,25.7,60,20.5,100,1010.4,0
2021-12-20,An_Giang,10.5216,105.1259,25.3,68,14.3,88,1011.8,0
2021-12-21,An_Giang,10.5216,105.1259,25.9,73,10.0,37,1011.8,0
2021-12-22,An_Giang,10.5216,105.1259,25.6,85,11.4,90,1011.4,1
2021-12-23,An_Giang,10.5216,105.1259,25.4,88,14.2,89,1011.2,1
2021-12-24,An_Giang,10.5216,105.1259,25.1,88,11.8,68,1011.1,1
2021-12-25,An_Giang,10.5216,105.1259,26.0,82,10.7,36,1011.7,1
2021-12-26,An_Giang,10.5216,105.1259,26.1,79,15.6,42,1012.6,1
2021-12-27,An_Giang,10.5216,105.1259,25.8,82,14.1,47,1013.1,1
2021-12-28,An_Giang,10.5216,105.1259,25.3,88,13.8,55,1012.7,1
2021-12-29,An_Giang,10.5216,105.1259,26.0,81,21.0,68,1012.3,1
2021-12-30,An_Giang,10.5216,105.1259,26.8,68,18.1,81,1013.0,0
2021-12-31,An_Giang,10.5216,105.1259,26.5,62,15.0,91,1013.1,0
2022-01-01,An_Giang,10.5216,105.1259,25.9,67,12.4,44,1013.1,0
2022-01-02,An_Giang,10.5216,105.1259,26.5,71,14.2,68,1012.2,1
2022-01-03,An_Giang,10.5216,105.1259,26.3,74,10.3,92,1011.4,0
2022-01-04,An_Giang,10.5216,105.1259,26.7,75,10.1,58,1011.4,1
2022-01-05,An_Giang,10.5216,105.1259,26.5,76,10.7,75,1011.3,1
2022-01-06,An_Giang,10.5216,105.1259,26.7,77,10.5,62,1011.7,1
2022-01-07,An_Giang,10.5216,105.1259,26.0,82,13.5,48,1012.5,1
2022-01-08,An_Giang,10.5216,105.1259,26.7,76,10.0,49,1012.0,1
2022-01-09,An_Giang,10.5216,105.1259,26.5,74,9.2,24,1011.2,0
2022-01-10,An_Giang,10.5216,105.1259,27.1,74,13.8,51,1011.8,1
2022-01-11,An_Giang,10.5216,105.1259,26.9,70,16.1,43,1012.7,1
2022-01-12,An_Giang,10.5216,105.1259,26.3,68,12.7,49,1013.2,0
2022-01-13,An_Giang,10.5216,105.1259,25.8,72,12.7,66,1013.1,1
2022-01-14,An_Giang,10.5216,105.1259,25.7,69,10.0,78,1013.2,1
2022-01-15,An_Giang,10.5216,105.1259,26.1,66,15.3,45,1012.5,0
2022-01-16,An_Giang,10.5216,105.1259,26.4,64,18.2,39,1012.4,0
2022-01-17,An_Giang,10.5216,105.1259,27.0,67,13.0,51,1012.2,0
2022-01-18,An_Giang,10.5216,105.1259,26.8,67,9.0,18,1011.5,1
2022-01-19,An_Giang,10.5216,105.1259,26.5,71,12.3,68,1010.5,1
2022-01-20,An_Giang,10.5216,105.1259,26.9,69,11.4,34,1010.1,1
2022-01-21,An_Giang,10.5216,105.1259,27.5,67,9.8,36,1010.4,1
2022-01-22,An_Giang,10.5216,105.1259,27.4,70,10.8,50,1009.6,1
2022-01-23,An_Giang,10.5216,105.1259,27.1,72,12.0,36,1009.7,1
2022-01-24,An_Giang,10.5216,105.1259,27.3,75,9.2,80,1009.5,1
2022-01-25,An_Giang,10.5216,105.1259,26.8,77,10.7,63,1010.0,1
2022-01-26,An_Giang,10.5216,105.1259,27.6,72,10.7,32,1010.1,1
2022-01-27,An_Giang,10.5216,105.1259,27.8,71,11.3,49,1009.6,0
2022-01-28,An_Giang,10.5216,105.1259,27.6,74,13.8,84,1010.3,1
2022-01-29,An_Giang,10.5216,105.1259,27.3,77,13.4,38,1009.6,1
2022-01-30,An_Giang,10.5216,105.1259,27.5,77,11.2,59,1009.9,1
2022-01-31,An_Giang,10.5216,105.1259,27.8,67,15.0,18,1010.0,0
2022-02-01,An_Giang,10.5216,105.1259,27.7,68,17.3,7,1010.1,0
2022-02-02,An_Giang,10.5216,105.1259,28.2,62,16.5,47,1010.9,0
2022-02-03,An_Giang,10.5216,105.1259,28.2,65,16.3,38,1010.5,1
2022-02-04,An_Giang,10.5216,105.1259,28.5,65,14.0,51,1009.8,1
2022-02-05,An_Giang,10.5216,105.1259,28.3,64,12.4,75,1010.2,0
2022-02-06,An_Giang,10.5216,105.1259,28.6,61,15.8,93,1010.8,0
2022-02-07,An_Giang,10.5216,105.1259,29.0,61,14.6,60,1010.5,1
2022-02-08,An_Giang,10.5216,105.1259,28.3,67,13.6,66,1010.5,1
2022-02-09,An_Giang,10.5216,105.1259,28.6,63,16.9,92,1010.3,0
2022-02-10,An_Giang,10.5216,105.1259,28.3,67,17.1,97,1009.7,1
2022-02-11,An_Giang,10.5216,105.1259,28.2,64,14.6,93,1009.1,1
2022-02-12,An_Giang,10.5216,105.1259,28.1,65,13.9,91,1008.4,1
2022-02-13,An_Giang,10.5216,105.1259,27.8,72,19.3,44,1007.3,1
2022-02-14,An_Giang,10.5216,105.1259,28.8,67,19.5,19,1007.7,0
2022-02-15,An_Giang,10.5216,105.1259,28.7,67,24.1,28,1008.3,1
2022-02-16,An_Giang,10.5216,105.1259,27.8,74,18.3,39,1007.8,1
2022-02-17,An_Giang,10.5216,105.1259,27.7,73,15.4,41,1007.7,1
2022-02-18,An_Giang,10.5216,105.1259,28.4,70,15.0,25,1008.5,0
2022-02-19,An_Giang,10.5216,105.1259,28.8,67,11.9,68,1009.8,0
2022-02-20,An_Giang,10.5216,105.1259,28.5,70,14.2,100,1009.6,1
2022-02-21,An_Giang,10.5216,105.1259,26.0,83,18.4,66,1010.8,1
2022-02-22,An_Giang,10.5216,105.1259,26.0,82,14.6,56,1011.7,1
2022-02-23,An_Giang,10.5216,105.1259,26.1,82,12.8,89,1012.3,1
2022-02-24,An_Giang,10.5216,105.1259,26.4,73,16.1,87,1012.7,1
2022-02-25,An_Giang,10.5216,105.1259,26.7,60,15.1,98,1012.5,0
2022-02-26,An_Giang,10.5216,105.1259,27.7,63,15.6,95,1011.9,0
2022-02-27,An_Giang,10.5216,105.1259,28.1,64,15.9,46,1011.5,1
2022-02-28,An_Giang,10.5216,105.1259,28.7,61,16.7,27,1011.0,0
2022-03-01,An_Giang,10.5216,105.1259,28.9,62,15.0,28,1010.8,0
2022-03-02,An_Giang,10.5216,105.1259,29.0,59,12.9,72,1010.6,1
2022-03-03,An_Giang,10.5216,105.1259,28.0,69,8.4,72,1010.4,1
2022-03-04,An_Giang,10.5216,105.1259,28.9,66,12.1,70,1009.5,0
2022-03-05,An_Giang,10.5216,105.1259,27.7,75,13.0,84,1009.4,1
2022-03-06,An_Giang,10.5216,105.1259,28.5,69,15.1,68,1009.1,0
2022-03-07,An_Giang,10.5216,105.1259,28.5,70,15.7,69,1009.6,1
2022-03-08,An_Giang,10.5216,105.1259,28.7,62,18.6,65,1009.4,0
2022-03-09,An_Giang,10.5216,105.1259,28.8,63,12.9,65,1008.9,0
2022-03-10,An_Giang,10.5216,105.1259,28.2,66,11.2,88,1008.4,1
2022-03-11,An_Giang,10.5216,105.1259,28.4,63,14.1,39,1007.5,0
2022-03-12,An_Giang,10.5216,105.1259,29.0,68,11.9,90,1007.0,0
2022-03-13,An_Giang,10.5216,105.1259,29.2,68,18.5,91,1007.0,1
2022-03-14,An_Giang,10.5216,105.1259,29.4,69,16.3,57,1007.7,1
2022-03-15,An_Giang,10.5216,105.1259,29.1,70,13.8,56,1007.0,1
2022-03-16,An_Giang,10.5216,105.1259,28.5,73,14.0,72,1007.2,1
2022-03-17,An_Giang,10.5216,105.1259,29.4,68,10.7,49,1006.9,1
2022-03-18,An_Giang,10.5216,105.1259,27.7,81,15.3,87,1007.3,1
2022-03-19,An_Giang,10.5216,105.1259,27.9,77,15.8,96,1006.7,1
2022-03-20,An_Giang,10.5216,105.1259,28.1,77,16.1,80,1007.6,1
2022-03-21,An_Giang,10.5216,105.1259,27.3,81,22.0,96,1009.3,1
2022-03-22,An_Giang,10.5216,105.1259,26.2,88,12.2,100,1010.1,1
2022-03-23,An_Giang,10.5216,105.1259,26.7,85,13.3,84,1009.6,1
2022-03-24,An_Giang,10.5216,105.1259,28.2,76,11.3,43,1008.9,1
2022-03-25,An_Giang,10.5216,105.1259,28.0,80,16.3,28,1009.9,1
2022-03-26,An_Giang,10.5216,105.1259,28.8,73,10.0,3,1010.3,0
2022-03-27,An_Giang,10.5216,105.1259,28.6,77,14.3,36,1010.0,1
2022-03-28,An_Giang,10.5216,105.1259,27.4,82,12.1,77,1010.0,1
2022-03-29,An_Giang,10.5216,105.1259,27.1,84,9.7,86,1009.7,1
2022-03-30,An_Giang,10.5216,105.1259,27.6,79,12.9,73,1008.5,1
2022-03-31,An_Giang,10.5216,105.1259,27.0,83,13.5,100,1008.3,1
2022-04-01,An_Giang,10.5216,105.1259,25.4,89,8.7,100,1009.3,1
2022-04-02,An_Giang,10.5216,105.1259,25.9,87,16.8,100,1010.4,1
2022-04-03,An_Giang,10.5216,105.1259,26.3,77,19.8,92,1010.8,1
2022-04-04,An_Giang,10.5216,105.1259,25.8,82,15.8,98,1011.8,1
2022-04-05,An_Giang,10.5216,105.1259,25.7,84,18.6,83,1012.1,1
2022-04-06,An_Giang,10.5216,105.1259,26.5,84,12.6,87,1010.8,1
2022-04-07,An_Giang,10.5216,105.1259,26.9,81,13.4,98,1009.9,1
2022-04-08,An_Giang,10.5216,105.1259,26.3,82,11.4,79,1009.8,1
2022-04-09,An_Giang,10.5216,105.1259,26.7,83,13.3,62,1009.0,1
2022-04-10,An_Giang,10.5216,105.1259,27.1,81,11.6,50,1008.7,1
2022-04-11,An_Giang,10.5216,105.1259,25.6,89,11.0,77,1008.8,1
2022-04-12,An_Giang,10.5216,105.1259,27.3,81,12.2,51,1007.7,1
2022-04-13,An_Giang,10.5216,105.1259,28.2,79,14.5,38,1006.5,1
2022-04-14,An_Giang,10.5216,105.1259,28.9,77,15.6,65,1006.4,1
2022-04-15,An_Giang,10.5216,105.1259,28.2,81,11.3,93,1007.0,1
2022-04-16,An_Giang,10.5216,105.1259,27.8,82,13.4,63,1007.4,1
2022-04-17,An_Giang,10.5216,105.1259,27.6,82,12.6,72,1007.9,1
2022-04-18,An_Giang,10.5216,105.1259,27.7,82,16.4,67,1009.1,1
2022-04-19,An_Giang,10.5216,105.1259,27.7,77,12.8,96,1009.6,1
2022-04-20,An_Giang,10.5216,105.1259,27.2,80,17.8,75,1009.3,1
2022-04-21,An_Giang,10.5216,105.1259,27.3,83,18.2,64,1009.0,1
2022-04-22,An_Giang,10.5216,105.1259,27.9,82,12.8,60,1009.1,1
2022-04-23,An_Giang,10.5216,105.1259,27.7,83,13.0,58,1008.5,1
2022-04-24,An_Giang,10.5216,105.1259,27.9,83,12.8,88,1007.3,1
2022-04-25,An_Giang,10.5216,105.1259,28.1,80,8.8,90,1007.2,1
2022-04-26,An_Giang,10.5216,105.1259,28.5,78,10.1,87,1007.3,1
2022-04-27,An_Giang,10.5216,105.1259,29.7,75,10.8,75,1006.4,0
2022-04-28,An_Giang,10.5216,105.1259,27.9,83,13.8,70,1007.2,1
2022-04-29,An_Giang,10.5216,105.1259,25.7,91,18.4,97,1007.8,1
2022-04-30,An_Giang,10.5216,105.1259,27.0,82,12.6,100,1006.3,1
2022-05-01,An_Giang,10.5216,105.1259,27.5,83,13.9,88,1006.0,1
2022-05-02,An_Giang,10.5216,105.1259,27.0,86,11.9,100,1006.9,1
2022-05-03,An_Giang,10.5216,105.1259,25.8,90,15.1,99,1008.9,1
2022-05-04,An_Giang,10.5216,105.1259,26.1,88,12.8,99,1008.8,1
2022-05-05,An_Giang,10.5216,105.1259,26.7,87,10.3,100,1007.3,1
2022-05-06,An_Giang,10.5216,105.1259,27.2,86,15.3,98,1007.0,1
2022-05-07,An_Giang,10.5216,105.1259,27.2,86,20.6,100,1007.1,1
2022-05-08,An_Giang,10.5216,105.1259,26.5,88,17.8,100,1007.5,1
2022-05-09,An_Giang,10.5216,105.1259,26.1,92,13.3,100,1008.0,1
2022-05-10,An_Giang,10.5216,105.1259,26.5,91,10.9,100,1008.0,1
2022-05-11,An_Giang,10.5216,105.1259,27.9,84,13.8,89,1007.8,1
2022-05-12,An_Giang,10.5216,105.1259,27.3,87,10.0,100,1007.7,1
2022-05-13,An_Giang,10.5216,105.1259,28.5,82,13.8,100,1007.1,1
2022-05-14,An_Giang,10.5216,105.1259,28.5,83,13.5,88,1007.7,1
2022-05-15,An_Giang,10.5216,105.1259,28.9,82,15.3,79,1008.3,1
2022-05-16,An_Giang,10.5216,105.1259,27.0,86,16.3,100,1008.7,1
2022-05-17,An_Giang,10.5216,105.1259,26.7,90,16.8,100,1008.7,1
2022-05-18,An_Giang,10.5216,105.1259,26.6,90,9.2,100,1009.5,1
2022-05-19,An_Giang,10.5216,105.1259,26.0,93,10.6,100,1010.0,1
2022-05-20,An_Giang,10.5216,105.1259,27.3,86,13.4,98,1008.3,1
2022-05-21,An_Giang,10.5216,105.1259,27.8,82,18.4,100,1006.4,1
2022-05-22,An_Giang,10.5216,105.1259,26.5,88,17.1,98,1005.1,1
2022-05-23,An_Giang,10.5216,105.1259,26.3,88,18.6,100,1005.7,1
2022-05-24,An_Giang,10.5216,105.1259,27.9,84,16.6,89,1008.1,1
2022-05-25,An_Giang,10.5216,105.1259,28.3,81,12.8,99,1008.5,1
2022-05-26,An_Giang,10.5216,105.1259,28.5,80,15.5,99,1006.7,1
2022-05-27,An_Giang,10.5216,105.1259,27.2,85,18.4,100,1005.7,1
2022-05-28,An_Giang,10.5216,105.1259,27.2,83,24.7,100,1005.8,1
2022-05-29,An_Giang,10.5216,105.1259,26.7,86,18.7,84,1006.2,1
2022-05-30,An_Giang,10.5216,105.1259,26.8,87,13.8,95,1006.1,1
2022-05-31,An_Giang,10.5216,105.1259,27.6,86,10.9,84,1005.6,1
2022-06-01,An_Giang,10.5216,105.1259,27.4,86,14.9,100,1006.3,1
2022-06-02,An_Giang,10.5216,105.1259,26.8,88,15.8,93,1007.4,1
2022-06-03,An_Giang,10.5216,105.1259,26.4,88,20.1,98,1008.0,1
2022-06-04,An_Giang,10.5216,105.1259,26.5,88,17.0,100,1008.9,1
2022-06-05,An_Giang,10.5216,105.1259,27.3,84,15.6,68,1007.8,1
2022-06-06,An_Giang,10.5216,105.1259,27.8,83,16.5,70,1006.9,1
2022-06-07,An_Giang,10.5216,105.1259,27.4,86,10.1,100,1007.1,1
2022-06-08,An_Giang,10.5216,105.1259,27.7,84,8.9,100,1007.5,1
2022-06-09,An_Giang,10.5216,105.1259,28.7,79,10.1,93,1006.9,1
2022-06-10,An_Giang,10.5216,105.1259,27.7,85,11.8,100,1007.4,1
2022-06-11,An_Giang,10.5216,105.1259,27.9,83,19.9,97,1007.7,1
2022-06-12,An_Giang,10.5216,105.1259,26.9,87,18.7,98,1008.3,1
2022-06-13,An_Giang,10.5216,105.1259,27.5,85,11.5,99,1008.1,1
2022-06-14,An_Giang,10.5216,105.1259,28.0,83,12.1,93,1007.8,1
2022-06-15,An_Giang,10.5216,105.1259,27.2,84,19.5,100,1008.7,1
2022-06-16,An_Giang,10.5216,105.1259,27.5,84,10.2,100,1009.3,1
2022-06-17,An_Giang,10.5216,105.1259,27.6,86,7.6,93,1008.9,1
2022-06-18,An_Giang,10.5216,105.1259,27.6,83,15.2,93,1008.6,1
2022-06-19,An_Giang,10.5216,105.1259,27.1,86,15.5,85,1007.8,1
2022-06-20,An_Giang,10.5216,105.1259,27.7,86,12.7,90,1006.1,1
2022-06-21,An_Giang,10.5216,105.1259,26.6,88,15.3,95,1006.1,1
2022-06-22,An_Giang,10.5216,105.1259,26.9,87,16.9,97,1008.3,1
2022-06-23,An_Giang,10.5216,105.1259,26.9,87,14.0,90,1008.6,1
2022-06-24,An_Giang,10.5216,105.1259,26.0,90,16.3,88,1007.8,1
2022-06-25,An_Giang,10.5216,105.1259,26.2,89,11.8,97,1006.8,1
2022-06-26,An_Giang,10.5216,105.1259,26.9,88,13.7,87,1007.9,1
2022-06-27,An_Giang,10.5216,105.1259,27.9,82,12.5,64,1008.1,1
2022-06-28,An_Giang,10.5216,105.1259,27.9,82,14.0,93,1006.8,1
2022-06-29,An_Giang,10.5216,105.1259,28.2,82,20.0,99,1004.5,1
2022-06-30,An_Giang,10.5216,105.1259,27.6,83,20.1,100,1004.1,1
2022-07-01,An_Giang,10.5216,105.1259,27.3,86,16.0,100,1004.4,1
2022-07-02,An_Giang,10.5216,105.1259,26.8,86,17.7,100,1005.1,1
2022-07-03,An_Giang,10.5216,105.1259,27.1,86,13.8,100,1005.9,1
2022-07-04,An_Giang,10.5216,105.1259,27.3,85,18.3,100,1006.2,1
2022-07-05,An_Giang,10.5216,105.1259,27.5,82,19.4,100,1006.5,1
2022-07-06,An_Giang,10.5216,105.1259,27.5,83,18.4,100,1007.4,1
2022-07-07,An_Giang,10.5216,105.1259,27.6,82,19.1,100,1007.3,1
2022-07-08,An_Giang,10.5216,105.1259,27.1,85,17.9,100,1007.0,1
2022-07-09,An_Giang,10.5216,105.1259,27.6,81,18.9,100,1005.7,1
2022-07-10,An_Giang,10.5216,105.1259,26.9,83,23.6,98,1006.0,1
2022-07-11,An_Giang,10.5216,105.1259,26.4,85,18.4,100,1006.3,1
2022-07-12,An_Giang,10.5216,105.1259,25.6,89,21.3,100,1005.2,1
2022-07-13,An_Giang,10.5216,105.1259,25.4,90,19.9,100,1004.6,1
2022-07-14,An_Giang,10.5216,105.1259,26.6,82,19.9,90,1005.0,1
2022-07-15,An_Giang,10.5216,105.1259,26.8,85,17.0,98,1006.2,1
2022-07-16,An_Giang,10.5216,105.1259,27.0,84,20.9,80,1007.1,1
2022-07-17,An_Giang,10.5216,105.1259,26.6,86,18.0,96,1008.4,1
2022-07-18,An_Giang,10.5216,105.1259,27.7,83,17.2,80,1007.0,1
2022-07-19,An_Giang,10.5216,105.1259,27.1,86,17.2,96,1006.0,1
2022-07-20,An_Giang,10.5216,105.1259,26.2,90,15.8,100,1006.6,1
2022-07-21,An_Giang,10.5216,105.1259,24.8,94,12.7,100,1009.0,1
2022-07-22,An_Giang,10.5216,105.1259,26.7,87,8.5,93,1009.6,1
2022-07-23,An_Giang,10.5216,105.1259,26.8,87,7.4,98,1008.7,1
2022-07-24,An_Giang,10.5216,105.1259,27.2,85,9.8,71,1007.3,1
2022-07-25,An_Giang,10.5216,105.1259,27.3,85,10.5,66,1007.6,1
2022-07-26,An_Giang,10.5216,105.1259,27.0,87,13.5,85,1007.9,1
2022-07-27,An_Giang,10.5216,105.1259,26.3,88,13.0,99,1007.6,1
2022-07-28,An_Giang,10.5216,105.1259,27.1,85,12.1,56,1007.4,1
2022-07-29,An_Giang,10.5216,105.1259,28.2,81,16.6,30,1006.6,1
2022-07-30,An_Giang,10.5216,105.1259,28.1,80,18.6,84,1006.3,1
2022-07-31,An_Giang,10.5216,105.1259,27.7,82,19.1,99,1005.4,1
2022-08-01,An_Giang,10.5216,105.1259,26.7,87,18.0,100,1006.3,1
2022-08-02,An_Giang,10.5216,105.1259,27.3,84,13.8,99,1007.1,1
2022-08-03,An_Giang,10.5216,105.1259,26.9,86,13.5,96,1008.4,1
2022-08-04,An_Giang,10.5216,105.1259,26.7,86,17.3,99,1008.1,1
2022-08-05,An_Giang,10.5216,105.1259,27.6,80,15.3,100,1007.5,1
2022-08-06,An_Giang,10.5216,105.1259,26.3,86,17.9,100,1007.0,1
2022-08-07,An_Giang,10.5216,105.1259,26.6,79,21.7,100,1006.8,1
2022-08-08,An_Giang,10.5216,105.1259,26.2,85,19.9,100,1007.0,1
2022-08-09,An_Giang,10.5216,105.1259,26.4,84,18.8,100,1006.7,1
2022-08-10,An_Giang,10.5216,105.1259,26.4,85,20.3,99,1006.2,1
2022-08-11,An_Giang,10.5216,105.1259,25.9,88,19.7,100,1007.1,1
2022-08-12,An_Giang,10.5216,105.1259,27.3,82,16.2,91,1007.9,1
2022-08-13,An_Giang,10.5216,105.1259,27.9,77,13.6,43,1008.2,1
2022-08-14,An_Giang,10.5216,105.1259,28.6,77,10.4,59,1008.0,1
2022-08-15,An_Giang,10.5216,105.1259,27.7,82,20.6,98,1007.6,1
2022-08-16,An_Giang,10.5216,105.1259,27.1,83,21.9,90,1007.5,1
2022-08-17,An_Giang,10.5216,105.1259,27.4,81,18.1,99,1007.8,1
2022-08-18,An_Giang,10.5216,105.1259,28.0,80,15.8,74,1007.5,1
2022-08-19,An_Giang,10.5216,105.1259,27.9,80,18.6,92,1006.9,1
2022-08-20,An_Giang,10.5216,105.1259,27.5,81,22.1,97,1006.5,1
2022-08-21,An_Giang,10.5216,105.1259,27.0,84,17.4,99,1006.6,1
2022-08-22,An_Giang,10.5216,105.1259,27.3,83,18.5,100,1007.4,1
2022-08-23,An_Giang,10.5216,105.1259,26.7,87,19.0,99,1007.7,1
2022-08-24,An_Giang,10.5216,105.1259,27.5,83,15.9,92,1006.5,1
2022-08-25,An_Giang,10.5216,105.1259,26.4,87,19.7,100,1006.3,1
2022-08-26,An_Giang,10.5216,105.1259,26.2,87,21.3,100,1008.2,1
2022-08-27,An_Giang,10.5216,105.1259,26.5,89,16.5,100,1008.5,1
2022-08-28,An_Giang,10.5216,105.1259,26.5,87,8.8,99,1007.5,1
2022-08-29,An_Giang,10.5216,105.1259,26.3,88,14.3,93,1008.1,1
2022-08-30,An_Giang,10.5216,105.1259,27.1,85,12.6,72,1008.3,1
2022-08-31,An_Giang,10.5216,105.1259,26.7,88,14.8,99,1007.8,1
2022-09-01,An_Giang,10.5216,105.1259,27.6,85,11.7,67,1007.6,1
2022-09-02,An_Giang,10.5216,105.1259,27.9,84,13.5,74,1007.8,1
2022-09-03,An_Giang,10.5216,105.1259,27.3,85,18.9,100,1007.3,1
2022-09-04,An_Giang,10.5216,105.1259,26.7,84,20.4,98,1008.2,1
2022-09-05,An_Giang,10.5216,105.1259,26.4,88,18.7,100,1008.7,1
2022-09-06,An_Giang,10.5216,105.1259,26.5,86,17.6,100,1008.1,1
2022-09-07,An_Giang,10.5216,105.1259,25.8,89,17.6,100,1008.6,1
2022-09-08,An_Giang,10.5216,105.1259,25.7,87,18.6,96,1009.8,1
2022-09-09,An_Giang,10.5216,105.1259,27.0,85,14.8,99,1009.8,1
2022-09-10,An_Giang,10.5216,105.1259,26.3,87,12.0,97,1009.6,1
2022-09-11,An_Giang,10.5216,105.1259,25.8,88,18.1,99,1008.9,1
2022-09-12,An_Giang,10.5216,105.1259,26.0,88,16.9,100,1008.3,1
2022-09-13,An_Giang,10.5216,105.1259,26.8,86,16.4,86,1009.2,1
2022-09-14,An_Giang,10.5216,105.1259,26.5,85,18.4,87,1010.2,1
2022-09-15,An_Giang,10.5216,105.1259,26.7,83,21.9,100,1009.4,1
2022-09-16,An_Giang,10.5216,105.1259,27.7,79,18.5,89,1007.2,1
2022-09-17,An_Giang,10.5216,105.1259,27.4,81,21.4,91,1007.6,1
2022-09-18,An_Giang,10.5216,105.1259,27.0,83,23.2,98,1008.6,1
2022-09-19,An_Giang,10.5216,105.1259,26.8,84,15.9,92,1008.7,1
2022-09-20,An_Giang,10.5216,105.1259,26.5,80,17.6,100,1007.7,1
2022-09-21,An_Giang,10.5216,105.1259,26.1,87,12.4,100,1007.0,1
2022-09-22,An_Giang,10.5216,105.1259,26.1,87,18.2,100,1007.4,1
2022-09-23,An_Giang,10.5216,105.1259,27.5,81,18.2,93,1007.8,1
2022-09-24,An_Giang,10.5216,105.1259,27.3,83,17.1,85,1007.1,1
2022-09-25,An_Giang,10.5216,105.1259,26.6,85,19.9,97,1007.8,1
2022-09-26,An_Giang,10.5216,105.1259,26.3,90,14.8,88,1007.9,1
2022-09-27,An_Giang,10.5216,105.1259,25.9,89,18.7,100,1006.2,1
2022-09-28,An_Giang,10.5216,105.1259,26.2,86,28.1,100,1003.5,1
2022-09-29,An_Giang,10.5216,105.1259,26.1,87,21.5,100,1005.0,1
2022-09-30,An_Giang,10.5216,105.1259,26.7,84,17.1,100,1007.8,1
2022-10-01,An_Giang,10.5216,105.1259,26.5,87,15.8,98,1008.4,1
2022-10-02,An_Giang,10.5216,105.1259,26.0,91,11.9,100,1008.0,1
2022-10-03,An_Giang,10.5216,105.1259,25.7,89,15.8,99,1008.3,1
2022-10-04,An_Giang,10.5216,105.1259,26.2,87,13.0,97,1009.2,1
2022-10-05,An_Giang,10.5216,105.1259,26.0,89,16.7,99,1009.7,1
2022-10-06,An_Giang,10.5216,105.1259,25.7,91,14.3,100,1010.1,1
2022-10-07,An_Giang,10.5216,105.1259,26.5,86,12.7,78,1009.6,1
2022-10-08,An_Giang,10.5216,105.1259,24.8,93,9.4,100,1010.5,1
2022-10-09,An_Giang,10.5216,105.1259,25.7,87,12.0,97,1010.5,1
2022-10-10,An_Giang,10.5216,105.1259,25.9,88,10.6,99,1011.2,1
2022-10-11,An_Giang,10.5216,105.1259,25.7,87,12.2,95,1010.7,1
2022-10-12,An_Giang,10.5216,105.1259,26.2,86,18.7,94,1009.7,1
2022-10-13,An_Giang,10.5216,105.1259,26.6,84,13.9,98,1008.3,1
2022-10-14,An_Giang,10.5216,105.1259,26.5,80,14.4,100,1006.7,1
2022-10-15,An_Giang,10.5216,105.1259,25.7,73,14.5,77,1006.5,0
2022-10-16,An_Giang,10.5216,105.1259,25.8,76,10.9,67,1009.1,1
2022-10-17,An_Giang,10.5216,105.1259,27.1,79,8.8,93,1009.3,1
2022-10-18,An_Giang,10.5216,105.1259,26.2,87,15.2,88,1008.5,1
2022-10-19,An_Giang,10.5216,105.1259,26.0,89,9.3,98,1008.4,1
2022-10-20,An_Giang,10.5216,105.1259,25.7,89,9.9,90,1009.9,1
2022-10-21,An_Giang,10.5216,105.1259,25.8,90,14.0,99,1011.2,1
2022-10-22,An_Giang,10.5216,105.1259,26.2,87,12.6,96,1011.4,1
2022-10-23,An_Giang,10.5216,105.1259,26.5,87,14.8,94,1010.9,1
2022-10-24,An_Giang,10.5216,105.1259,26.1,89,10.4,97,1010.1,1
2022-10-25,An_Giang,10.5216,105.1259,26.8,87,9.3,100,1009.6,1
2022-10-26,An_Giang,10.5216,105.1259,26.1,88,11.3,96,1009.4,1
2022-10-27,An_Giang,10.5216,105.1259,25.6,89,14.5,94,1008.9,1
2022-10-28,An_Giang,10.5216,105.1259,26.8,83,12.7,95,1007.5,1
2022-10-29,An_Giang,10.5216,105.1259,27.5,71,16.3,89,1007.2,1
2022-10-30,An_Giang,10.5216,105.1259,27.9,70,16.2,98,1007.3,0
2022-10-31,An_Giang,10.5216,105.1259,27.4,75,12.8,87,1008.0,0
2022-11-01,An_Giang,10.5216,105.1259,26.5,73,13.4,100,1008.9,0
2022-11-02,An_Giang,10.5216,105.1259,26.1,73,11.4,100,1009.4,0
2022-11-03,An_Giang,10.5216,105.1259,25.2,88,16.9,94,1010.2,1
2022-11-04,An_Giang,10.5216,105.1259,24.7,92,10.9,99,1011.8,1
2022-11-05,An_Giang,10.5216,105.1259,25.5,88,14.9,78,1012.8,1
2022-11-06,An_Giang,10.5216,105.1259,26.2,86,11.8,91,1012.1,1
2022-11-07,An_Giang,10.5216,105.1259,26.4,87,8.9,91,1011.1,1
2022-11-08,An_Giang,10.5216,105.1259,27.0,84,13.0,96,1010.4,1
2022-11-09,An_Giang,10.5216,105.1259,27.6,78,13.2,92,1010.2,1
2022-11-10,An_Giang,10.5216,105.1259,26.7,85,18.3,97,1009.9,1
2022-11-11,An_Giang,10.5216,105.1259,26.6,87,10.7,86,1009.6,1
2022-11-12,An_Giang,10.5216,105.1259,26.4,87,9.1,88,1009.1,1
2022-11-13,An_Giang,10.5216,105.1259,26.3,87,16.5,78,1008.9,1
2022-11-14,An_Giang,10.5216,105.1259,26.3,88,16.3,75,1009.5,1
2022-11-15,An_Giang,10.5216,105.1259,26.4,87,16.6,86,1009.4,1
2022-11-16,An_Giang,10.5216,105.1259,26.5,86,14.1,91,1008.4,1
2022-11-17,An_Giang,10.5216,105.1259,26.7,85,16.2,56,1008.3,1
2022-11-18,An_Giang,10.5216,105.1259,26.4,88,10.0,93,1008.9,1
2022-11-19,An_Giang,10.5216,105.1259,25.9,86,15.3,100,1007.8,1
2022-11-20,An_Giang,10.5216,105.1259,25.2,89,16.8,100,1006.1,1
2022-11-21,An_Giang,10.5216,105.1259,26.1,86,15.8,100,1005.5,1
2022-11-22,An_Giang,10.5216,105.1259,25.3,92,12.6,100,1006.3,1
2022-11-23,An_Giang,10.5216,105.1259,25.4,91,15.4,99,1007.4,1
2022-11-24,An_Giang,10.5216,105.1259,25.5,89,17.2,100,1009.2,1
2022-11-25,An_Giang,10.5216,105.1259,26.0,87,13.0,64,1010.5,1
2022-11-26,An_Giang,10.5216,105.1259,26.0,88,12.8,84,1010.1,1
2022-11-27,An_Giang,10.5216,105.1259,26.3,87,11.2,76,1009.1,1
2022-11-28,An_Giang,10.5216,105.1259,26.4,85,14.2,51,1009.3,1
2022-11-29,An_Giang,10.5216,105.1259,27.0,82,10.9,43,1009.6,1
2022-11-30,An_Giang,10.5216,105.1259,26.8,81,9.7,62,1009.5,1
2022-12-01,An_Giang,10.5216,105.1259,27.2,83,10.2,94,1008.7,1
2022-12-02,An_Giang,10.5216,105.1259,27.4,77,16.2,92,1007.6,1
2022-12-03,An_Giang,10.5216,105.1259,26.1,84,16.9,100,1008.2,1
2022-12-04,An_Giang,10.5216,105.1259,26.6,80,19.6,98,1009.0,1
2022-12-05,An_Giang,10.5216,105.1259,27.1,81,12.2,83,1009.4,1
2022-12-06,An_Giang,10.5216,105.1259,26.9,80,14.7,49,1008.9,1
2022-12-07,An_Giang,10.5216,105.1259,26.2,85,12.6,98,1008.8,1
2022-12-08,An_Giang,10.5216,105.1259,26.9,82,11.8,62,1008.7,1
2022-12-09,An_Giang,10.5216,105.1259,26.4,82,12.0,87,1008.5,1
2022-12-10,An_Giang,10.5216,105.1259,26.5,81,12.2,73,1008.6,0
2022-12-11,An_Giang,10.5216,105.1259,26.6,80,12.7,74,1009.6,1
2022-12-12,An_Giang,10.5216,105.1259,26.1,76,16.9,57,1010.1,1
2022-12-13,An_Giang,10.5216,105.1259,24.7,74,16.1,68,1010.7,0
2022-12-14,An_Giang,10.5216,105.1259,24.7,74,14.0,52,1011.0,0
2022-12-15,An_Giang,10.5216,105.1259,25.6,68,14.5,68,1009.5,0
2022-12-16,An_Giang,10.5216,105.1259,26.9,69,15.7,93,1008.1,0
2022-12-17,An_Giang,10.5216,105.1259,27.0,75,22.5,99,1008.6,1
2022-12-18,An_Giang,10.5216,105.1259,27.0,53,30.8,82,1009.2,0
2022-12-19,An_Giang,10.5216,105.1259,24.5,58,20.0,77,1009.6,0
2022-12-20,An_Giang,10.5216,105.1259,25.2,64,15.9,91,1008.6,0
2022-12-21,An_Giang,10.5216,105.1259,26.5,66,16.3,99,1008.2,0
2022-12-22,An_Giang,10.5216,105.1259,26.0,69,11.7,73,1008.6,0
2022-12-23,An_Giang,10.5216,105.1259,25.7,65,13.3,91,1010.1,0
2022-12-24,An_Giang,10.5216,105.1259,23.8,65,11.9,100,1011.5,0
2022-12-25,An_Giang,10.5216,105.1259,24.4,62,12.4,99,1012.9,0
2022-12-26,An_Giang,10.5216,105.1259,24.0,58,15.1,100,1013.9,0
2022-12-27,An_Giang,10.5216,105.1259,24.0,66,11.7,98,1013.8,0
2022-12-28,An_Giang,10.5216,105.1259,25.0,69,12.3,63,1013.5,0
2022-12-29,An_Giang,10.5216,105.1259,25.3,64,13.1,87,1013.7,0
2022-12-30,An_Giang,10.5216,105.1259,25.5,68,15.7,92,1014.2,0
2022-12-31,An_Giang,10.5216,105.1259,25.2,61,17.9,100,1014.1,0
2023-01-01,An_Giang,10.5216,105.1259,24.9,63,18.4,85,1013.3,1
2023-01-02,An_Giang,10.5216,105.1259,26.1,66,13.4,96,1013.5,0
2023-01-03,An_Giang,10.5216,105.1259,26.9,70,19.7,77,1012.6,1
2023-01-04,An_Giang,10.5216,105.1259,27.1,62,21.3,99,1011.9,1
2023-01-05,An_Giang,10.5216,105.1259,26.0,63,23.0,100,1011.8,1
2023-01-06,An_Giang,10.5216,105.1259,23.2,74,25.1,100,1012.0,1
2023-01-07,An_Giang,10.5216,105.1259,23.5,72,24.5,100,1011.1,1
2023-01-08,An_Giang,10.5216,105.1259,24.5,75,15.8,100,1011.0,1
2023-01-09,An_Giang,10.5216,105.1259,25.2,82,14.6,92,1011.8,1
2023-01-10,An_Giang,10.5216,105.1259,23.9,93,15.1,98,1011.4,1
2023-01-11,An_Giang,10.5216,105.1259,24.4,90,16.3,83,1010.7,1
2023-01-12,An_Giang,10.5216,105.1259,24.6,91,11.2,93,1010.7,1
2023-01-13,An_Giang,10.5216,105.1259,24.9,90,11.5,90,1011.0,1
2023-01-14,An_Giang,10.5216,105.1259,26.0,87,8.4,68,1009.3,1
2023-01-15,An_Giang,10.5216,105.1259,25.8,81,10.4,41,1008.7,0
2023-01-16,An_Giang,10.5216,105.1259,25.5,82,10.0,26,1010.5,1
2023-01-17,An_Giang,10.5216,105.1259,25.3,86,9.7,87,1011.8,1
2023-01-18,An_Giang,10.5216,105.1259,24.7,80,14.1,99,1012.8,0
2023-01-19,An_Giang,10.5216,105.1259,25.0,68,14.7,99,1012.2,0
2023-01-20,An_Giang,10.5216,105.1259,25.4,70,13.8,97,1011.4,0
2023-01-21,An_Giang,10.5216,105.1259,25.9,70,13.4,54,1010.3,0
2023-01-22,An_Giang,10.5216,105.1259,26.4,76,11.0,93,1009.4,1
2023-01-23,An_Giang,10.5216,105.1259,26.8,80,10.5,80,1008.7,1
2023-01-24,An_Giang,10.5216,105.1259,26.7,77,15.9,99,1009.4,1
2023-01-25,An_Giang,10.5216,105.1259,24.7,70,21.3,99,1010.2,0
2023-01-26,An_Giang,10.5216,105.1259,24.1,68,11.7,100,1010.4,1
2023-01-27,An_Giang,10.5216,105.1259,25.6,73,13.1,95,1009.6,1
2023-01-28,An_Giang,10.5216,105.1259,26.0,65,19.4,96,1009.6,0
2023-01-29,An_Giang,10.5216,105.1259,24.5,62,16.6,94,1010.9,0
2023-01-30,An_Giang,10.5216,105.1259,23.9,58,15.9,84,1012.1,0
2023-01-31,An_Giang,10.5216,105.1259,25.0,64,13.0,52,1010.4,0
2023-02-01,An_Giang,10.5216,105.1259,26.5,71,9.7,76,1009.5,0
2023-02-02,An_Giang,10.5216,105.1259,27.5,74,15.5,86,1009.7,1
2023-02-03,An_Giang,10.5216,105.1259,27.9,68,20.6,71,1009.8,0
2023-02-04,An_Giang,10.5216,105.1259,27.5,67,16.8,66,1009.3,0
2023-02-05,An_Giang,10.5216,105.1259,27.1,67,13.8,71,1009.0,1
2023-02-06,An_Giang,10.5216,105.1259,27.1,69,12.5,52,1009.5,1
2023-02-07,An_Giang,10.5216,105.1259,27.1,72,12.7,82,1010.0,1
2023-02-08,An_Giang,10.5216,105.1259,27.4,73,15.0,50,1009.8,1
2023-02-09,An_Giang,10.5216,105.1259,27.9,68,18.1,26,1009.6,1
2023-02-10,An_Giang,10.5216,105.1259,27.4,66,15.3,48,1010.1,0
2023-02-11,An_Giang,10.5216,105.1259,27.1,71,13.2,80,1010.2,0
2023-02-12,An_Giang,10.5216,105.1259,27.6,71,9.4,77,1010.4,0
2023-02-13,An_Giang,10.5216,105.1259,27.7,73,10.3,98,1010.5,0
2023-02-14,An_Giang,10.5216,105.1259,27.1,75,13.6,86,1010.2,0
2023-02-15,An_Giang,10.5216,105.1259,27.3,70,14.2,67,1010.9,1
2023-02-16,An_Giang,10.5216,105.1259,27.4,64,13.5,67,1011.7,0
2023-02-17,An_Giang,10.5216,105.1259,27.4,61,11.8,73,1011.6,0
2023-02-18,An_Giang,10.5216,105.1259,27.8,67,10.0,85,1011.1,1
2023-02-19,An_Giang,10.5216,105.1259,26.3,78,12.8,88,1011.0,1
2023-02-20,An_Giang,10.5216,105.1259,26.4,75,13.0,80,1011.0,1
2023-02-21,An_Giang,10.5216,105.1259,27.0,68,12.5,54,1011.7,1
2023-02-22,An_Giang,10.5216,105.1259,26.5,71,12.6,80,1011.7,1
2023-02-23,An_Giang,10.5216,105.1259,26.7,73,11.0,36,1010.8,1
2023-02-24,An_Giang,10.5216,105.1259,27.4,68,13.7,38,1010.8,0
2023-02-25,An_Giang,10.5216,105.1259,26.5,64,15.6,65,1013.3,1
2023-02-26,An_Giang,10.5216,105.1259,27.0,53,20.8,84,1014.6,0
2023-02-27,An_Giang,10.5216,105.1259,27.4,52,16.8,95,1014.3,0
2023-02-28,An_Giang,10.5216,105.1259,27.9,59,14.3,92,1013.4,1
2023-03-01,An_Giang,10.5216,105.1259,28.4,65,12.4,95,1013.3,0
2023-03-02,An_Giang,10.5216,105.1259,28.3,65,13.2,68,1012.9,0
2023-03-03,An_Giang,10.5216,105.1259,27.6,62,10.9,78,1014.4,0
2023-03-04,An_Giang,10.5216,105.1259,26.8,62,10.9,92,1015.2,0
2023-03-05,An_Giang,10.5216,105.1259,26.0,61,12.7,80,1014.7,0
2023-03-06,An_Giang,10.5216,105.1259,26.3,60,12.7,74,1013.6,0
2023-03-07,An_Giang,10.5216,105.1259,26.4,63,15.2,50,1013.3,0
2023-03-08,An_Giang,10.5216,105.1259,27.2,61,16.1,21,1013.1,0
2023-03-09,An_Giang,10.5216,105.1259,26.9,64,18.6,7,1012.2,0
2023-03-10,An_Giang,10.5216,105.1259,26.9,63,12.3,22,1011.4,0
2023-03-11,An_Giang,10.5216,105.1259,27.6,63,14.7,24,1011.8,0
2023-03-12,An_Giang,10.5216,105.1259,27.1,62,17.1,42,1011.9,0
2023-03-13,An_Giang,10.5216,105.1259,27.7,60,18.9,44,1011.4,1
2023-03-14,An_Giang,10.5216,105.1259,26.9,62,18.8,42,1010.3,0
2023-03-15,An_Giang,10.5216,105.1259,28.0,58,15.6,38,1010.6,0
2023-03-16,An_Giang,10.5216,105.1259,28.3,61,16.8,54,1011.7,0
2023-03-17,An_Giang,10.5216,105.1259,28.6,63,14.4,67,1011.1,0
2023-03-18,An_Giang,10.5216,105.1259,28.7,63,16.1,52,1010.3,1
2023-03-19,An_Giang,10.5216,105.1259,29.1,63,15.0,25,1009.2,0
2023-03-20,An_Giang,10.5216,105.1259,29.2,64,12.8,65,1009.1,1
2023-03-21,An_Giang,10.5216,105.1259,29.3,66,15.3,64,1009.0,0
2023-03-22,An_Giang,10.5216,105.1259,29.6,67,12.2,67,1007.6,0
2023-03-23,An_Giang,10.5216,105.1259,29.7,66,10.7,41,1008.0,0
2023-03-24,An_Giang,10.5216,105.1259,29.8,66,11.5,78,1008.4,0
2023-03-25,An_Giang,10.5216,105.1259,29.4,69,12.3,52,1009.2,1
2023-03-26,An_Giang,10.5216,105.1259,29.2,62,16.1,71,1008.5,0
2023-03-27,An_Giang,10.5216,105.1259,29.8,64,16.2,81,1008.8,0
2023-03-28,An_Giang,10.5216,105.1259,29.0,70,18.8,52,1010.0,1
2023-03-29,An_Giang,10.5216,105.1259,29.7,62,13.9,41,1010.2,0
2023-03-30,An_Giang,10.5216,105.1259,28.8,67,12.0,61,1009.0,1
2023-03-31,An_Giang,10.5216,105.1259,28.9,68,13.2,64,1009.1,1
2023-04-01,An_Giang,10.5216,105.1259,29.2,64,10.6,71,1008.9,0
2023-04-02,An_Giang,10.5216,105.1259,28.9,67,17.5,54,1008.6,0
2023-04-03,An_Giang,10.5216,105.1259,27.7,79,18.1,58,1008.6,1
2023-04-04,An_Giang,10.5216,105.1259,27.9,77,14.2,71,1007.9,0
2023-04-05,An_Giang,10.5216,105.1259,28.5,73,16.4,67,1008.4,1
2023-04-06,An_Giang,10.5216,105.1259,29.6,70,14.3,23,1008.4,0
2023-04-07,An_Giang,10.5216,105.1259,29.8,68,11.5,46,1010.1,1
2023-04-08,An_Giang,10.5216,105.1259,30.0,63,16.2,12,1011.6,1
2023-04-09,An_Giang,10.5216,105.1259,29.2,68,15.3,66,1011.6,1
2023-04-10,An_Giang,10.5216,105.1259,28.6,75,17.3,79,1010.3,1
2023-04-11,An_Giang,10.5216,105.1259,28.8,74,11.9,86,1009.8,1
2023-04-12,An_Giang,10.5216,105.1259,29.4,74,14.2,34,1008.5,1
2023-04-13,An_Giang,10.5216,105.1259,29.5,73,14.2,54,1008.6,1
2023-04-14,An_Giang,10.5216,105.1259,30.3,73,15.6,55,1008.0,1
2023-04-15,An_Giang,10.5216,105.1259,28.7,79,16.8,73,1007.7,1
2023-04-16,An_Giang,10.5216,105.1259,27.0,83,12.2,99,1007.7,1
2023-04-17,An_Giang,10.5216,105.1259,28.2,81,22.9,91,1009.0,1
2023-04-18,An_Giang,10.5216,105.1259,28.9,78,11.2,35,1009.3,1
2023-04-19,An_Giang,10.5216,105.1259,29.7,74,15.3,29,1006.7,1
2023-04-20,An_Giang,10.5216,105.1259,29.5,75,20.4,59,1005.2,1
2023-04-21,An_Giang,10.5216,105.1259,29.3,78,15.0,76,1005.7,1
2023-04-22,An_Giang,10.5216,105.1259,30.3,74,15.0,50,1006.2,1
2023-04-23,An_Giang,10.5216,105.1259,30.7,66,12.9,20,1007.8,1
2023-04-24,An_Giang,10.5216,105.1259,30.3,65,12.5,46,1009.1,1
2023-04-25,An_Giang,10.5216,105.1259,31.0,63,13.7,92,1007.6,1
2023-04-26,An_Giang,10.5216,105.1259,30.0,64,13.2,96,1008.0,1
2023-04-27,An_Giang,10.5216,105.1259,30.1,67,11.5,75,1008.4,1
2023-04-28,An_Giang,10.5216,105.1259,29.5,72,13.9,90,1008.6,1
2023-04-29,An_Giang,10.5216,105.1259,29.1,73,13.5,95,1007.9,1
2023-04-30,An_Giang,10.5216,105.1259,28.8,76,14.1,94,1007.9,1
2023-05-01,An_Giang,10.5216,105.1259,29.6,70,16.9,48,1007.9,1
2023-05-02,An_Giang,10.5216,105.1259,30.6,65,16.6,28,1008.4,1
2023-05-03,An_Giang,10.5216,105.1259,30.3,71,12.4,66,1009.2,1
2023-05-04,An_Giang,10.5216,105.1259,30.6,68,9.9,57,1007.7,0
2023-05-05,An_Giang,10.5216,105.1259,30.5,70,15.6,65,1005.6,1
2023-05-06,An_Giang,10.5216,105.1259,31.7,67,14.6,55,1004.3,1
2023-05-07,An_Giang,10.5216,105.1259,31.1,71,19.4,73,1004.7,1
2023-05-08,An_Giang,10.5216,105.1259,29.3,78,16.7,99,1006.3,1
2023-05-09,An_Giang,10.5216,105.1259,27.4,86,12.8,100,1007.5,1
2023-05-10,An_Giang,10.5216,105.1259,28.2,83,15.0,42,1008.1,1
2023-05-11,An_Giang,10.5216,105.1259,28.5,82,10.0,95,1009.3,1
2023-05-12,An_Giang,10.5216,105.1259,27.7,86,13.4,89,1009.9,1
2023-05-13,An_Giang,10.5216,105.1259,28.3,83,11.3,70,1009.9,1
2023-05-14,An_Giang,10.5216,105.1259,27.7,86,10.5,83,1010.1,1
2023-05-15,An_Giang,10.5216,105.1259,28.3,81,10.5,31,1010.2,1
2023-05-16,An_Giang,10.5216,105.1259,29.6,77,14.2,44,1010.1,1
2023-05-17,An_Giang,10.5216,105.1259,30.2,73,17.9,86,1010.0,1
2023-05-18,An_Giang,10.5216,105.1259,29.3,76,16.9,70,1009.3,1
2023-05-19,An_Giang,10.5216,105.1259,29.8,75,15.8,91,1007.4,1
2023-05-20,An_Giang,10.5216,105.1259,29.0,81,14.0,99,1007.4,1
2023-05-21,An_Giang,10.5216,105.1259,27.9,86,21.3,100,1009.1,1
2023-05-22,An_Giang,10.5216,105.1259,27.4,87,18.3,100,1009.8,1
2023-05-23,An_Giang,10.5216,105.1259,27.9,84,16.4,97,1009.2,1
2023-05-24,An_Giang,10.5216,105.1259,28.4,82,20.7,69,1008.9,1
2023-05-25,An_Giang,10.5216,105.1259,28.0,82,19.9,95,1009.5,1
2023-05-26,An_Giang,10.5216,105.1259,27.8,84,15.7,82,1009.0,1
2023-05-27,An_Giang,10.5216,105.1259,27.0,88,14.8,87,1007.2,1
2023-05-28,An_Giang,10.5216,105.1259,26.7,89,13.3,88,1006.4,1
2023-05-29,An_Giang,10.5216,105.1259,27.5,84,18.1,88,1007.2,1
2023-05-30,An_Giang,10.5216,105.1259,27.8,83,14.0,94,1007.5,1
2023-05-31,An_Giang,10.5216,105.1259,27.9,83,18.5,95,1007.1,1
2023-06-01,An_Giang,10.5216,105.1259,27.8,83,21.7,92,1006.7,1
2023-06-02,An_Giang,10.5216,105.1259,28.1,83,18.2,94,1007.5,1
2023-06-03,An_Giang,10.5216,105.1259,28.5,82,16.5,86,1008.1,1
2023-06-04,An_Giang,10.5216,105.1259,28.3,82,19.8,99,1007.7,1
2023-06-05,An_Giang,10.5216,105.1259,27.9,83,16.8,100,1006.7,1
2023-06-06,An_Giang,10.5216,105.1259,27.4,86,21.5,99,1007.0,1
2023-06-07,An_Giang,10.5216,105.1259,26.3,91,17.8,100,1008.4,1
2023-06-08,An_Giang,10.5216,105.1259,27.5,85,18.7,100,1008.4,1
2023-06-09,An_Giang,10.5216,105.1259,27.0,86,15.0,100,1007.7,1
2023-06-10,An_Giang,10.5216,105.1259,27.2,86,17.4,100,1006.6,1
2023-06-11,An_Giang,10.5216,105.1259,28.2,79,23.2,100,1006.5,0
2023-06-12,An_Giang,10.5216,105.1259,27.5,84,20.7,96,1007.4,1
2023-06-13,An_Giang,10.5216,105.1259,27.9,83,14.3,89,1007.7,1
2023-06-14,An_Giang,10.5216,105.1259,27.9,85,18.9,89,1009.1,1
2023-06-15,An_Giang,10.5216,105.1259,28.3,81,13.3,89,1008.4,1
2023-06-16,An_Giang,10.5216,105.1259,27.9,85,14.2,81,1007.8,1
2023-06-17,An_Giang,10.5216,105.1259,27.6,84,18.2,100,1008.7,1
2023-06-18,An_Giang,10.5216,105.1259,26.5,87,19.7,98,1009.6,1
2023-06-19,An_Giang,10.5216,105.1259,27.9,81,11.5,85,1008.4,1
2023-06-20,An_Giang,10.5216,105.1259,27.9,84,13.8,76,1008.2,1
2023-06-21,An_Giang,10.5216,105.1259,28.0,83,13.9,99,1008.9,1
2023-06-22,An_Giang,10.5216,105.1259,28.4,81,11.4,64,1008.7,1
2023-06-23,An_Giang,10.5216,105.1259,29.0,78,13.2,99,1006.8,1
2023-06-24,An_Giang,10.5216,105.1259,28.3,82,14.0,78,1006.6,1
2023-06-25,An_Giang,10.5216,105.1259,28.5,82,13.5,100,1006.7,1
2023-06-26,An_Giang,10.5216,105.1259,27.2,88,15.5,100,1007.1,1
2023-06-27,An_Giang,10.5216,105.1259,26.9,90,15.5,100,1007.7,1
2023-06-28,An_Giang,10.5216,105.1259,26.9,89,16.4,95,1008.6,1
2023-06-29,An_Giang,10.5216,105.1259,27.3,86,15.8,94,1007.9,1
2023-06-30,An_Giang,10.5216,105.1259,27.4,85,21.9,89,1007.8,1
2023-07-01,An_Giang,10.5216,105.1259,26.8,87,23.2,86,1008.5,1
2023-07-02,An_Giang,10.5216,105.1259,27.1,88,17.2,93,1009.3,1
2023-07-03,An_Giang,10.5216,105.1259,26.8,90,17.9,100,1009.8,1
2023-07-04,An_Giang,10.5216,105.1259,27.0,87,8.9,94,1009.1,1
2023-07-05,An_Giang,10.5216,105.1259,27.7,82,10.9,76,1008.2,1
2023-07-06,An_Giang,10.5216,105.1259,27.1,88,11.0,95,1009.2,1
2023-07-07,An_Giang,10.5216,105.1259,27.1,89,11.2,98,1009.3,1
2023-07-08,An_Giang,10.5216,105.1259,26.8,88,13.6,96,1009.4,1
2023-07-09,An_Giang,10.5216,105.1259,26.0,89,15.5,95,1009.4,1
2023-07-10,An_Giang,10.5216,105.1259,27.1,85,13.1,81,1008.8,1
2023-07-11,An_Giang,10.5216,105.1259,27.6,84,16.2,88,1008.8,1
2023-07-12,An_Giang,10.5216,105.1259,28.3,84,9.1,90,1008.6,1
2023-07-13,An_Giang,10.5216,105.1259,28.5,84,18.2,100,1008.2,1
2023-07-14,An_Giang,10.5216,105.1259,28.3,82,19.9,84,1008.0,1
2023-07-15,An_Giang,10.5216,105.1259,28.5,78,21.3,90,1006.7,1
2023-07-16,An_Giang,10.5216,105.1259,28.5,77,28.7,100,1005.0,1
2023-07-17,An_Giang,10.5216,105.1259,27.2,83,27.9,98,1005.0,1
2023-07-18,An_Giang,10.5216,105.1259,26.7,85,25.5,98,1005.9,1
2023-07-19,An_Giang,10.5216,105.1259,26.9,85,23.4,96,1005.7,1
2023-07-20,An_Giang,10.5216,105.1259,26.5,87,21.7,99,1006.0,1
2023-07-21,An_Giang,10.5216,105.1259,26.8,84,17.3,98,1007.4,1
2023-07-22,An_Giang,10.5216,105.1259,26.2,87,18.3,97,1009.1,1
2023-07-23,An_Giang,10.5216,105.1259,25.8,89,20.5,92,1009.0,1
2023-07-24,An_Giang,10.5216,105.1259,26.6,86,18.1,99,1007.9,1
2023-07-25,An_Giang,10.5216,105.1259,27.1,84,21.6,99,1008.2,1
2023-07-26,An_Giang,10.5216,105.1259,28.1,81,24.0,78,1008.0,1
2023-07-27,An_Giang,10.5216,105.1259,27.4,83,24.8,98,1007.2,1
2023-07-28,An_Giang,10.5216,105.1259,27.5,83,28.5,80,1005.7,1
2023-07-29,An_Giang,10.5216,105.1259,27.5,83,23.9,98,1006.2,1
2023-07-30,An_Giang,10.5216,105.1259,27.5,83,21.2,95,1007.3,1
2023-07-31,An_Giang,10.5216,105.1259,27.8,81,21.4,81,1008.4,1
2023-08-01,An_Giang,10.5216,105.1259,27.5,84,17.7,99,1008.2,1
2023-08-02,An_Giang,10.5216,105.1259,28.0,80,21.2,98,1008.6,1
2023-08-03,An_Giang,10.5216,105.1259,27.9,80,22.4,100,1009.2,1
2023-08-04,An_Giang,10.5216,105.1259,28.2,79,19.5,97,1011.0,1
2023-08-05,An_Giang,10.5216,105.1259,28.3,79,20.3,59,1011.3,1
2023-08-06,An_Giang,10.5216,105.1259,28.9,76,24.0,66,1009.5,0
2023-08-07,An_Giang,10.5216,105.1259,28.9,76,21.3,82,1008.4,1
2023-08-08,An_Giang,10.5216,105.1259,28.8,77,21.3,84,1009.1,1
2023-08-09,An_Giang,10.5216,105.1259,28.7,77,19.7,52,1010.1,1
2023-08-10,An_Giang,10.5216,105.1259,28.7,78,19.0,70,1009.4,1
2023-08-11,An_Giang,10.5216,105.1259,28.9,76,20.2,69,1008.5,1
2023-08-12,An_Giang,10.5216,105.1259,28.7,77,20.5,57,1007.9,1
2023-08-13,An_Giang,10.5216,105.1259,28.3,79,22.4,76,1007.8,1
2023-08-14,An_Giang,10.5216,105.1259,27.8,82,20.7,63,1008.0,1
2023-08-15,An_Giang,10.5216,105.1259,27.4,83,20.8,92,1008.8,1
2023-08-16,An_Giang,10.5216,105.1259,27.5,82,18.2,90,1009.1,1
2023-08-17,An_Giang,10.5216,105.1259,28.1,78,20.1,84,1008.3,1
2023-08-18,An_Giang,10.5216,105.1259,27.4,84,19.5,84,1007.3,1
2023-08-19,An_Giang,10.5216,105.1259,27.5,86,18.7,89,1006.9,1
2023-08-20,An_Giang,10.5216,105.1259,26.3,89,17.4,96,1007.0,1
2023-08-21,An_Giang,10.5216,105.1259,27.1,84,21.1,75,1008.1,1
2023-08-22,An_Giang,10.5216,105.1259,27.8,82,16.9,84,1008.4,1
2023-08-23,An_Giang,10.5216,105.1259,28.5,79,20.1,64,1007.9,1
2023-08-24,An_Giang,10.5216,105.1259,28.4,79,20.5,55,1008.1,1
2023-08-25,An_Giang,10.5216,105.1259,28.8,79,14.5,67,1007.9,1
2023-08-26,An_Giang,10.5216,105.1259,28.5,79,16.1,78,1008.1,1
2023-08-27,An_Giang,10.5216,105.1259,28.0,82,18.9,99,1007.3,1
2023-08-28,An_Giang,10.5216,105.1259,28.1,81,20.1,89,1006.1,1
2023-08-29,An_Giang,10.5216,105.1259,28.5,78,21.6,100,1006.1,1
2023-08-30,An_Giang,10.5216,105.1259,28.3,80,19.3,96,1007.3,1
2023-08-31,An_Giang,10.5216,105.1259,27.8,83,20.5,99,1007.5,1
2023-09-01,An_Giang,10.5216,105.1259,27.3,85,19.7,99,1007.3,1
2023-09-02,An_Giang,10.5216,105.1259,27.0,84,25.3,94,1006.0,1
2023-09-03,An_Giang,10.5216,105.1259,27.7,82,23.7,77,1005.1,1
2023-09-04,An_Giang,10.5216,105.1259,27.0,86,24.3,100,1005.1,1
2023-09-05,An_Giang,10.5216,105.1259,26.7,88,21.9,99,1007.1,1
2023-09-06,An_Giang,10.5216,105.1259,27.1,86,14.7,100,1008.6,1
2023-09-07,An_Giang,10.5216,105.1259,27.4,86,15.0,94,1008.6,1
2023-09-08,An_Giang,10.5216,105.1259,27.2,87,15.5,99,1008.5,1
2023-09-09,An_Giang,10.5216,105.1259,26.6,89,16.4,97,1007.5,1
2023-09-10,An_Giang,10.5216,105.1259,25.5,92,20.1,100,1008.5,1
2023-09-11,An_Giang,10.5216,105.1259,26.3,87,13.8,100,1009.2,1
2023-09-12,An_Giang,10.5216,105.1259,27.4,81,19.7,100,1009.6,1
2023-09-13,An_Giang,10.5216,105.1259,27.6,82,17.1,93,1009.6,1
2023-09-14,An_Giang,10.5216,105.1259,26.7,88,20.8,98,1009.0,1
2023-09-15,An_Giang,10.5216,105.1259,26.7,82,21.5,100,1008.8,1
2023-09-16,An_Giang,10.5216,105.1259,27.2,82,18.1,100,1008.6,1
2023-09-17,An_Giang,10.5216,105.1259,27.1,84,14.8,99,1008.5,1
2023-09-18,An_Giang,10.5216,105.1259,27.5,85,11.1,98,1009.3,1
2023-09-19,An_Giang,10.5216,105.1259,27.8,85,9.7,78,1009.6,1
2023-09-20,An_Giang,10.5216,105.1259,27.0,87,14.0,84,1009.0,1
2023-09-21,An_Giang,10.5216,105.1259,26.5,88,16.8,98,1009.1,1
2023-09-22,An_Giang,10.5216,105.1259,26.5,91,14.6,99,1008.7,1
2023-09-23,An_Giang,10.5216,105.1259,26.5,88,13.5,99,1008.9,1
2023-09-24,An_Giang,10.5216,105.1259,26.4,89,12.9,92,1007.6,1
2023-09-25,An_Giang,10.5216,105.1259,26.5,88,18.6,96,1006.2,1
2023-09-26,An_Giang,10.5216,105.1259,26.6,86,22.2,100,1006.6,1
2023-09-27,An_Giang,10.5216,105.1259,26.2,88,23.0,94,1007.7,1
2023-09-28,An_Giang,10.5216,105.1259,27.4,83,17.1,98,1009.3,1
2023-09-29,An_Giang,10.5216,105.1259,27.4,86,19.7,97,1010.6,1
2023-09-30,An_Giang,10.5216,105.1259,26.2,90,9.8,87,1010.9,1
2023-10-01,An_Giang,10.5216,105.1259,26.7,89,9.4,84,1009.0,1
2023-10-02,An_Giang,10.5216,105.1259,26.3,91,13.9,100,1009.6,1
2023-10-03,An_Giang,10.5216,105.1259,26.5,90,13.6,97,1009.7,1
2023-10-04,An_Giang,10.5216,105.1259,26.9,86,20.4,75,1009.5,1
2023-10-05,An_Giang,10.5216,105.1259,27.0,87,15.8,83,1008.8,1
2023-10-06,An_Giang,10.5216,105.1259,28.0,83,16.9,88,1009.1,1
2023-10-07,An_Giang,10.5216,105.1259,27.6,85,17.2,98,1010.0,1
2023-10-08,An_Giang,10.5216,105.1259,27.4,88,9.0,100,1010.9,1
2023-10-09,An_Giang,10.5216,105.1259,27.3,86,13.2,99,1011.0,1
2023-10-10,An_Giang,10.5216,105.1259,27.8,84,9.4,98,1010.0,1
2023-10-11,An_Giang,10.5216,105.1259,27.1,88,9.0,92,1010.7,1
2023-10-12,An_Giang,10.5216,105.1259,27.1,86,12.1,83,1011.4,1
2023-10-13,An_Giang,10.5216,105.1259,27.0,88,10.4,93,1010.8,1
2023-10-14,An_Giang,10.5216,105.1259,27.1,88,12.3,95,1009.2,1
2023-10-15,An_Giang,10.5216,105.1259,26.1,91,11.3,99,1008.2,1
2023-10-16,An_Giang,10.5216,105.1259,26.1,90,16.7,100,1008.9,1
2023-10-17,An_Giang,10.5216,105.1259,26.6,88,14.8,97,1009.8,1
2023-10-18,An_Giang,10.5216,105.1259,26.4,90,9.4,99,1010.7,1
2023-10-19,An_Giang,10.5216,105.1259,27.0,88,11.5,93,1010.6,1
2023-10-20,An_Giang,10.5216,105.1259,26.9,89,8.4,82,1010.5,1
2023-10-21,An_Giang,10.5216,105.1259,26.9,88,13.5,85,1011.6,1
2023-10-22,An_Giang,10.5216,105.1259,26.7,87,13.7,75,1012.1,1
2023-10-23,An_Giang,10.5216,105.1259,26.2,87,12.0,96,1011.7,1
2023-10-24,An_Giang,10.5216,105.1259,26.3,88,11.8,82,1010.8,1
2023-10-25,An_Giang,10.5216,105.1259,26.2,88,11.7,75,1011.0,1
2023-10-26,An_Giang,10.5216,105.1259,26.9,86,10.0,53,1011.0,1
2023-10-27,An_Giang,10.5216,105.1259,27.1,87,8.9,79,1010.7,1
2023-10-28,An_Giang,10.5216,105.1259,26.5,88,8.7,100,1010.4,1
2023-10-29,An_Giang,10.5216,105.1259,26.8,87,15.1,96,1009.9,1
2023-10-30,An_Giang,10.5216,105.1259,27.5,85,11.9,83,1009.6,1
2023-10-31,An_Giang,10.5216,105.1259,26.6,88,11.8,94,1010.5,1
2023-11-01,An_Giang,10.5216,105.1259,26.8,88,11.8,64,1010.7,1
2023-11-02,An_Giang,10.5216,105.1259,26.9,87,12.4,82,1010.4,1
2023-11-03,An_Giang,10.5216,105.1259,26.5,89,9.2,96,1009.1,1
2023-11-04,An_Giang,10.5216,105.1259,26.8,89,9.4,86,1009.3,1
2023-11-05,An_Giang,10.5216,105.1259,26.7,88,9.9,84,1010.3,1
2023-11-06,An_Giang,10.5216,105.1259,27.1,84,11.6,77,1010.5,1
2023-11-07,An_Giang,10.5216,105.1259,26.4,88,10.4,73,1010.5,1
2023-11-08,An_Giang,10.5216,105.1259,26.5,87,8.2,77,1010.0,1
2023-11-09,An_Giang,10.5216,105.1259,26.5,88,12.6,94,1010.6,1
2023-11-10,An_Giang,10.5216,105.1259,26.5,87,14.4,88,1011.7,1
2023-11-11,An_Giang,10.5216,105.1259,27.1,85,13.9,73,1011.6,1
2023-11-12,An_Giang,10.5216,105.1259,26.8,87,14.5,69,1011.8,1
2023-11-13,An_Giang,10.5216,105.1259,27.5,83,14.3,60,1011.1,1
2023-11-14,An_Giang,10.5216,105.1259,27.2,85,14.2,89,1011.6,1
2023-11-15,An_Giang,10.5216,105.1259,26.3,90,14.4,94,1012.1,1
2023-11-16,An_Giang,10.5216,105.1259,27.0,87,15.8,97,1012.7,1
2023-11-17,An_Giang,10.5216,105.1259,26.8,84,20.3,78,1012.9,1
2023-11-18,An_Giang,10.5216,105.1259,26.0,68,21.5,73,1012.7,0
2023-11-19,An_Giang,10.5216,105.1259,25.6,72,17.7,93,1012.3,0
2023-11-20,An_Giang,10.5216,105.1259,26.3,71,18.0,99,1011.5,0
2023-11-21,An_Giang,10.5216,105.1259,26.8,72,13.9,98,1010.3,0
2023-11-22,An_Giang,10.5216,105.1259,26.4,75,12.3,80,1009.3,0
2023-11-23,An_Giang,10.5216,105.1259,26.1,84,9.9,97,1009.3,1
2023-11-24,An_Giang,10.5216,105.1259,26.4,83,14.7,98,1009.9,1
2023-11-25,An_Giang,10.5216,105.1259,26.6,75,14.5,92,1010.0,1
2023-11-26,An_Giang,10.5216,105.1259,26.5,81,14.7,97,1010.6,1
2023-11-27,An_Giang,10.5216,105.1259,27.4,75,16.4,76,1010.0,0
2023-11-28,An_Giang,10.5216,105.1259,26.7,68,12.4,91,1009.8,0
2023-11-29,An_Giang,10.5216,105.1259,26.9,76,15.3,89,1009.7,1
2023-11-30,An_Giang,10.5216,105.1259,26.9,85,11.7,95,1010.4,1
2023-12-01,An_Giang,10.5216,105.1259,27.5,81,16.8,84,1009.9,1
2023-12-02,An_Giang,10.5216,105.1259,26.5,83,15.3,100,1010.3,1
2023-12-03,An_Giang,10.5216,105.1259,27.1,82,18.0,100,1010.5,1
2023-12-04,An_Giang,10.5216,105.1259,27.0,84,11.8,76,1010.5,1
2023-12-05,An_Giang,10.5216,105.1259,27.3,84,6.8,94,1010.2,1
2023-12-06,An_Giang,10.5216,105.1259,26.9,85,10.5,66,1011.0,1
2023-12-07,An_Giang,10.5216,105.1259,26.9,86,8.7,68,1011.0,1
2023-12-08,An_Giang,10.5216,105.1259,26.6,85,7.7,91,1011.1,1
2023-12-09,An_Giang,10.5216,105.1259,27.5,81,8.0,57,1010.3,1
2023-12-10,An_Giang,10.5216,105.1259,27.2,82,8.2,49,1009.4,1
2023-12-11,An_Giang,10.5216,105.1259,27.6,79,11.7,66,1009.9,0
2023-12-12,An_Giang,10.5216,105.1259,27.3,76,13.2,63,1009.8,1
2023-12-13,An_Giang,10.5216,105.1259,27.5,75,12.2,69,1010.7,1
2023-12-14,An_Giang,10.5216,105.1259,28.2,72,14.5,81,1011.3,0
2023-12-15,An_Giang,10.5216,105.1259,27.7,77,10.2,80,1011.0,1
2023-12-16,An_Giang,10.5216,105.1259,27.3,78,11.9,64,1010.9,1
2023-12-17,An_Giang,10.5216,105.1259,27.5,79,13.4,50,1011.1,1
2023-12-18,An_Giang,10.5216,105.1259,27.1,81,12.0,39,1011.6,1
2023-12-19,An_Giang,10.5216,105.1259,27.5,78,14.5,69,1011.3,0
2023-12-20,An_Giang,10.5216,105.1259,27.5,73,15.3,74,1010.8,0
2023-12-21,An_Giang,10.5216,105.1259,27.9,62,21.4,86,1011.1,0
2023-12-22,An_Giang,10.5216,105.1259,27.1,57,30.3,98,1012.8,0
2023-12-23,An_Giang,10.5216,105.1259,25.4,60,23.1,99,1013.7,0
2023-12-24,An_Giang,10.5216,105.1259,24.9,69,19.8,99,1014.9,1
2023-12-25,An_Giang,10.5216,105.1259,25.8,60,22.3,55,1014.1,0
2023-12-26,An_Giang,10.5216,105.1259,26.0,64,18.2,42,1014.3,0
2023-12-27,An_Giang,10.5216,105.1259,26.5,67,14.3,57,1014.0,0
2023-12-28,An_Giang,10.5216,105.1259,27.0,77,12.7,70,1012.6,1
2023-12-29,An_Giang,10.5216,105.1259,27.2,82,11.7,59,1011.5,1
2023-12-30,An_Giang,10.5216,105.1259,27.2,82,8.1,66,1010.8,1
2023-12-31,An_Giang,10.5216,105.1259,27.7,80,9.2,70,1011.2,1
2024-01-01,An_Giang,10.5216,105.1259,27.1,81,10.7,96,1011.0,1
2024-01-02,An_Giang,10.5216,105.1259,27.5,79,7.8,63,1010.6,1
2024-01-03,An_Giang,10.5216,105.1259,27.2,81,11.4,74,1010.8,1
2024-01-04,An_Giang,10.5216,105.1259,27.2,77,11.6,66,1011.2,1
2024-01-05,An_Giang,10.5216,105.1259,27.0,77,9.5,93,1011.9,1
2024-01-06,An_Giang,10.5216,105.1259,27.2,75,8.7,88,1011.8,0
2024-01-07,An_Giang,10.5216,105.1259,27.3,75,11.5,54,1012.1,0
2024-01-08,An_Giang,10.5216,105.1259,27.3,75,9.2,62,1011.8,1
2024-01-09,An_Giang,10.5216,105.1259,27.2,79,12.9,55,1011.0,1
2024-01-10,An_Giang,10.5216,105.1259,27.5,76,9.7,41,1010.4,1
2024-01-11,An_Giang,10.5216,105.1259,27.4,76,12.4,78,1010.8,1
2024-01-12,An_Giang,10.5216,105.1259,26.8,75,12.0,59,1010.7,1
2024-01-13,An_Giang,10.5216,105.1259,26.4,73,10.7,88,1011.0,1
2024-01-14,An_Giang,10.5216,105.1259,26.0,73,9.5,81,1011.8,0
2024-01-15,An_Giang,10.5216,105.1259,26.3,73,11.4,76,1011.3,0
2024-01-16,An_Giang,10.5216,105.1259,26.7,74,11.4,64,1010.9,0
2024-01-17,An_Giang,10.5216,105.1259,26.4,78,9.7,78,1010.9,1
2024-01-18,An_Giang,10.5216,105.1259,27.5,71,15.5,84,1010.7,0
2024-01-19,An_Giang,10.5216,105.1259,27.3,73,9.7,64,1010.7,0
2024-01-20,An_Giang,10.5216,105.1259,26.7,74,12.0,99,1011.2,0
2024-01-21,An_Giang,10.5216,105.1259,26.6,75,11.2,91,1012.3,0
2024-01-22,An_Giang,10.5216,105.1259,27.8,67,13.9,67,1012.5,0
2024-01-23,An_Giang,10.5216,105.1259,27.2,69,14.7,48,1013.2,1
2024-01-24,An_Giang,10.5216,105.1259,27.0,72,14.3,70,1013.9,0
2024-01-25,An_Giang,10.5216,105.1259,27.0,72,12.5,69,1015.2,0
2024-01-26,An_Giang,10.5216,105.1259,26.7,72,14.5,54,1015.7,1
2024-01-27,An_Giang,10.5216,105.1259,26.6,71,13.9,51,1015.0,0
2024-01-28,An_Giang,10.5216,105.1259,26.3,70,15.0,83,1015.0,0
2024-01-29,An_Giang,10.5216,105.1259,26.6,67,13.9,68,1014.5,0
2024-01-30,An_Giang,10.5216,105.1259,27.2,65,14.3,73,1014.1,0
2024-01-31,An_Giang,10.5216,105.1259,27.3,70,14.1,82,1013.9,0
2024-02-01,An_Giang,10.5216,105.1259,27.4,72,12.1,60,1014.0,1
2024-02-02,An_Giang,10.5216,105.1259,27.3,72,10.5,42,1012.9,1
2024-02-03,An_Giang,10.5216,105.1259,27.4,73,12.0,28,1013.2,0
2024-02-04,An_Giang,10.5216,105.1259,27.3,71,8.7,53,1013.7,0
2024-02-05,An_Giang,10.5216,105.1259,28.3,74,11.6,45,1013.5,0
2024-02-06,An_Giang,10.5216,105.1259,28.1,72,12.0,47,1013.6,0
2024-02-07,An_Giang,10.5216,105.1259,28.2,73,9.8,54,1012.6,1
2024-02-08,An_Giang,10.5216,105.1259,28.1,73,12.8,50,1011.6,1
2024-02-09,An_Giang,10.5216,105.1259,27.5,73,12.6,67,1013.1,1
2024-02-10,An_Giang,10.5216,105.1259,27.9,70,14.8,48,1014.5,1
2024-02-11,An_Giang,10.5216,105.1259,27.4,65,12.7,46,1015.8,0
2024-02-12,An_Giang,10.5216,105.1259,27.2,61,10.9,43,1015.2,0
2024-02-13,An_Giang,10.5216,105.1259,27.2,66,15.4,23,1013.9,0
2024-02-14,An_Giang,10.5216,105.1259,28.6,66,15.1,37,1012.9,0
2024-02-15,An_Giang,10.5216,105.1259,28.8,64,15.5,43,1012.7,0
2024-02-16,An_Giang,10.5216,105.1259,28.6,64,17.1,16,1012.6,0
2024-02-17,An_Giang,10.5216,105.1259,28.0,61,15.5,66,1011.6,0
2024-02-18,An_Giang,10.5216,105.1259,27.9,69,12.4,58,1011.7,0
2024-02-19,An_Giang,10.5216,105.1259,28.9,68,13.4,64,1011.8,0
2024-02-20,An_Giang,10.5216,105.1259,28.6,69,11.5,66,1011.3,1
2024-02-21,An_Giang,10.5216,105.1259,28.1,69,12.0,46,1011.2,1
2024-02-22,An_Giang,10.5216,105.1259,27.8,68,12.1,10,1012.0,0
2024-02-23,An_Giang,10.5216,105.1259,27.8,70,14.3,38,1012.4,1
2024-02-24,An_Giang,10.5216,105.1259,28.2,72,15.6,21,1012.1,1
2024-02-25,An_Giang,10.5216,105.1259,28.6,64,17.3,38,1011.5,0
2024-02-26,An_Giang,10.5216,105.1259,28.7,60,18.8,18,1011.6,0
2024-02-27,An_Giang,10.5216,105.1259,28.5,68,19.1,49,1011.0,1
2024-02-28,An_Giang,10.5216,105.1259,29.0,62,19.7,71,1010.3,0
2024-02-29,An_Giang,10.5216,105.1259,29.0,62,18.2,21,1010.4,0
2024-03-01,An_Giang,10.5216,105.1259,28.9,64,16.8,33,1010.9,1
2024-03-02,An_Giang,10.5216,105.1259,28.9,66,15.7,65,1010.8,1
2024-03-03,An_Giang,10.5216,105.1259,28.8,65,15.8,56,1010.6,1
2024-03-04,An_Giang,10.5216,105.1259,29.1,67,14.8,37,1010.1,0
2024-03-05,An_Giang,10.5216,105.1259,29.0,70,11.5,19,1009.5,1
2024-03-06,An_Giang,10.5216,105.1259,30.2,71,12.2,41,1008.1,0
2024-03-07,An_Giang,10.5216,105.1259,30.2,71,14.3,61,1008.0,1
2024-03-08,An_Giang,10.5216,105.1259,29.3,64,18.6,73,1009.7,1
2024-03-09,An_Giang,10.5216,105.1259,29.4,62,18.8,74,1010.3,1
2024-03-10,An_Giang,10.5216,105.1259,29.4,63,17.9,95,1012.0,0
2024-03-11,An_Giang,10.5216,105.1259,29.2,60,15.5,43,1012.3,0
2024-03-12,An_Giang,10.5216,105.1259,29.7,61,16.8,61,1012.0,1
2024-03-13,An_Giang,10.5216,105.1259,29.2,68,14.9,95,1012.0,1
2024-03-14,An_Giang,10.5216,105.1259,29.5,67,12.6,36,1011.5,1
2024-03-15,An_Giang,10.5216,105.1259,29.3,62,14.7,63,1011.5,0
2024-03-16,An_Giang,10.5216,105.1259,28.8,65,13.1,65,1012.2,0
2024-03-17,An_Giang,10.5216,105.1259,29.4,61,12.7,83,1011.7,0
2024-03-18,An_Giang,10.5216,105.1259,29.5,60,16.1,38,1010.6,1
2024-03-19,An_Giang,10.5216,105.1259,29.1,59,22.0,45,1011.4,0
2024-03-20,An_Giang,10.5216,105.1259,29.0,61,18.6,11,1012.1,0
2024-03-21,An_Giang,10.5216,105.1259,29.7,59,17.5,27,1010.8,0
2024-03-22,An_Giang,10.5216,105.1259,29.6,62,16.9,34,1008.8,1
2024-03-23,An_Giang,10.5216,105.1259,29.1,69,14.8,42,1009.5,1
2024-03-24,An_Giang,10.5216,105.1259,30.0,63,12.0,21,1010.7,0
2024-03-25,An_Giang,10.5216,105.1259,30.1,64,14.0,33,1010.5,1
2024-03-26,An_Giang,10.5216,105.1259,30.7,61,18.4,53,1011.4,0
2024-03-27,An_Giang,10.5216,105.1259,30.8,62,16.1,45,1012.5,1
2024-03-28,An_Giang,10.5216,105.1259,29.3,73,11.4,96,1011.0,1
2024-03-29,An_Giang,10.5216,105.1259,29.1,73,9.8,98,1010.6,0
2024-03-30,An_Giang,10.5216,105.1259,29.4,72,12.6,69,1011.9,1
2024-03-31,An_Giang,10.5216,105.1259,30.1,69,11.4,91,1011.3,0
2024-04-01,An_Giang,10.5216,105.1259,30.1,72,12.1,49,1009.3,1
2024-04-02,An_Giang,10.5216,105.1259,29.8,74,13.6,47,1008.3,1
2024-04-03,An_Giang,10.5216,105.1259,30.5,64,13.7,63,1008.8,0
2024-04-04,An_Giang,10.5216,105.1259,30.5,67,15.8,64,1008.3,1
2024-04-05,An_Giang,10.5216,105.1259,31.0,68,13.3,56,1007.7,1
2024-04-06,An_Giang,10.5216,105.1259,30.5,63,14.0,45,1008.3,1
2024-04-07,An_Giang,10.5216,105.1259,30.4,65,13.3,59,1007.8,0
2024-04-08,An_Giang,10.5216,105.1259,31.0,64,11.0,37,1008.4,0
2024-04-09,An_Giang,10.5216,105.1259,31.5,61,16.6,92,1008.7,0
2024-04-10,An_Giang,10.5216,105.1259,31.3,58,20.1,75,1010.0,1
2024-04-11,An_Giang,10.5216,105.1259,31.2,59,18.0,59,1009.4,0
2024-04-12,An_Giang,10.5216,105.1259,31.5,58,14.8,100,1009.1,1
2024-04-13,An_Giang,10.5216,105.1259,31.0,62,14.6,90,1009.0,1
2024-04-14,An_Giang,10.5216,105.1259,30.6,62,14.5,47,1009.8,1
2024-04-15,An_Giang,10.5216,105.1259,30.8,62,13.0,51,1010.1,1
2024-04-16,An_Giang,10.5216,105.1259,31.2,64,19.7,23,1008.7,0
2024-04-17,An_Giang,10.5216,105.1259,30.3,66,10.9,78,1008.7,1
2024-04-18,An_Giang,10.5216,105.1259,31.2,62,12.2,54,1007.5,0
2024-04-19,An_Giang,10.5216,105.1259,31.4,58,14.0,62,1006.4,0
2024-04-20,An_Giang,10.5216,105.1259,31.4,58,13.9,67,1006.5,0
2024-04-21,An_Giang,10.5216,105.1259,31.1,60,14.8,51,1007.2,0
2024-04-22,An_Giang,10.5216,105.1259,31.5,61,14.8,72,1006.9,0
2024-04-23,An_Giang,10.5216,105.1259,31.9,60,15.5,84,1006.7,0
2024-04-24,An_Giang,10.5216,105.1259,31.7,63,16.2,57,1006.6,0
2024-04-25,An_Giang,10.5216,105.1259,31.8,63,16.6,63,1006.7,0
2024-04-26,An_Giang,10.5216,105.1259,31.7,67,16.1,77,1006.5,1
2024-04-27,An_Giang,10.5216,105.1259,32.1,67,18.3,49,1006.1,1
2024-04-28,An_Giang,10.5216,105.1259,32.5,63,16.1,13,1007.4,1
2024-04-29,An_Giang,10.5216,105.1259,32.8,60,15.1,92,1007.5,0
2024-04-30,An_Giang,10.5216,105.1259,32.3,62,19.5,85,1006.0,1
2024-05-01,An_Giang,10.5216,105.1259,32.7,62,20.0,80,1005.0,0
2024-05-02,An_Giang,10.5216,105.1259,33.1,59,13.5,71,1006.1,1
2024-05-03,An_Giang,10.5216,105.1259,32.0,62,16.9,61,1007.3,1
2024-05-04,An_Giang,10.5216,105.1259,29.6,76,15.0,86,1007.5,1
2024-05-05,An_Giang,10.5216,105.1259,28.7,82,12.1,84,1007.4,1
2024-05-06,An_Giang,10.5216,105.1259,29.6,78,9.7,58,1008.3,1
2024-05-07,An_Giang,10.5216,105.1259,29.0,78,11.9,58,1009.8,1
2024-05-08,An_Giang,10.5216,105.1259,29.3,80,12.3,76,1008.8,1
2024-05-09,An_Giang,10.5216,105.1259,27.9,86,19.2,98,1008.5,1
2024-05-10,An_Giang,10.5216,105.1259,28.7,83,18.3,86,1008.7,1
2024-05-11,An_Giang,10.5216,105.1259,28.7,84,18.1,69,1009.6,1
2024-05-12,An_Giang,10.5216,105.1259,29.1,83,17.7,78,1009.0,1
2024-05-13,An_Giang,10.5216,105.1259,28.1,86,15.3,90,1008.5,1
2024-05-14,An_Giang,10.5216,105.1259,28.9,84,15.4,69,1008.3,1
2024-05-15,An_Giang,10.5216,105.1259,28.2,87,16.3,98,1009.1,1
2024-05-16,An_Giang,10.5216,105.1259,28.3,87,12.7,85,1008.9,1
2024-05-17,An_Giang,10.5216,105.1259,28.0,88,10.0,100,1008.5,1
2024-05-18,An_Giang,10.5216,105.1259,28.6,85,12.0,74,1006.8,1
2024-05-19,An_Giang,10.5216,105.1259,28.4,86,11.2,100,1005.7,1
2024-05-20,An_Giang,10.5216,105.1259,28.7,84,14.4,99,1005.8,1
2024-05-21,An_Giang,10.5216,105.1259,27.0,92,12.0,100,1007.1,1
2024-05-22,An_Giang,10.5216,105.1259,27.9,89,7.8,90,1007.2,1
2024-05-23,An_Giang,10.5216,105.1259,28.5,86,9.2,100,1007.0,1
2024-05-24,An_Giang,10.5216,105.1259,28.5,86,9.2,78,1007.1,1
2024-05-25,An_Giang,10.5216,105.1259,28.5,84,13.2,98,1007.6,1
2024-05-26,An_Giang,10.5216,105.1259,28.6,85,10.2,92,1008.5,1
2024-05-27,An_Giang,10.5216,105.1259,29.6,83,12.2,82,1006.9,1
2024-05-28,An_Giang,10.5216,105.1259,29.3,83,12.9,100,1007.1,1
2024-05-29,An_Giang,10.5216,105.1259,28.6,86,13.8,86,1006.7,1
2024-05-30,An_Giang,10.5216,105.1259,28.2,86,21.0,99,1006.9,1
2024-05-31,An_Giang,10.5216,105.1259,27.3,91,18.6,93,1007.9,1
2024-06-01,An_Giang,10.5216,105.1259,27.9,86,11.5,93,1009.8,1
2024-06-02,An_Giang,10.5216,105.1259,28.8,83,14.8,100,1010.2,1
2024-06-03,An_Giang,10.5216,105.1259,28.3,83,12.1,100,1009.2,1
2024-06-04,An_Giang,10.5216,105.1259,29.4,79,11.9,85,1008.1,1
2024-06-05,An_Giang,10.5216,105.1259,29.4,80,15.6,98,1008.9,1
2024-06-06,An_Giang,10.5216,105.1259,29.5,78,10.3,95,1009.2,1
2024-06-07,An_Giang,10.5216,105.1259,29.3,79,12.1,99,1007.8,1
2024-06-08,An_Giang,10.5216,105.1259,28.9,80,18.5,100,1006.6,1
2024-06-09,An_Giang,10.5216,105.1259,27.4,84,18.9,99,1007.3,1
2024-06-10,An_Giang,10.5216,105.1259,27.1,81,17.9,99,1009.2,1
2024-06-11,An_Giang,10.5216,105.1259,27.9,82,16.5,85,1010.1,1
2024-06-12,An_Giang,10.5216,105.1259,28.5,81,13.7,91,1010.2,1
2024-06-13,An_Giang,10.5216,105.1259,28.8,82,12.7,90,1008.6,1
2024-06-14,An_Giang,10.5216,105.1259,29.3,81,11.6,91,1006.4,1
2024-06-15,An_Giang,10.5216,105.1259,28.1,88,11.8,90,1006.4,1
2024-06-16,An_Giang,10.5216,105.1259,28.0,82,13.7,96,1007.3,1
2024-06-17,An_Giang,10.5216,105.1259,27.7,84,16.7,82,1008.0,1
2024-06-18,An_Giang,10.5216,105.1259,28.4,82,15.9,81,1007.3,1
2024-06-19,An_Giang,10.5216,105.1259,29.1,78,19.8,97,1006.3,1
2024-06-20,An_Giang,10.5216,105.1259,28.0,84,19.5,100,1005.8,1
2024-06-21,An_Giang,10.5216,105.1259,26.7,90,15.6,100,1005.3,1
2024-06-22,An_Giang,10.5216,105.1259,25.9,91,22.4,100,1005.8,1
2024-06-23,An_Giang,10.5216,105.1259,26.4,87,19.5,100,1007.1,1
2024-06-24,An_Giang,10.5216,105.1259,26.4,88,19.4,100,1007.5,1
2024-06-25,An_Giang,10.5216,105.1259,26.3,90,15.3,100,1007.2,1
2024-06-26,An_Giang,10.5216,105.1259,27.2,87,9.0,91,1007.8,1
2024-06-27,An_Giang,10.5216,105.1259,26.8,92,6.4,98,1008.9,1
2024-06-28,An_Giang,10.5216,105.1259,27.0,89,11.6,97,1008.8,1
2024-06-29,An_Giang,10.5216,105.1259,27.2,87,12.3,86,1009.2,1
2024-06-30,An_Giang,10.5216,105.1259,27.4,86,15.5,92,1009.8,1
2024-07-01,An_Giang,10.5216,105.1259,27.5,84,16.3,91,1008.6,1
2024-07-02,An_Giang,10.5216,105.1259,27.4,88,11.1,85,1006.9,1
2024-07-03,An_Giang,10.5216,105.1259,27.0,88,15.0,99,1008.3,1
2024-07-04,An_Giang,10.5216,105.1259,26.7,87,12.4,100,1009.9,1
2024-07-05,An_Giang,10.5216,105.1259,26.8,86,12.1,95,1008.1,1
2024-07-06,An_Giang,10.5216,105.1259,27.7,84,11.8,78,1006.2,1
2024-07-07,An_Giang,10.5216,105.1259,27.4,86,16.9,98,1007.0,1
2024-07-08,An_Giang,10.5216,105.1259,27.4,86,13.1,100,1007.0,1
2024-07-09,An_Giang,10.5216,105.1259,27.1,88,14.4,100,1008.6,1
2024-07-10,An_Giang,10.5216,105.1259,26.8,86,16.9,92,1009.7,1
2024-07-11,An_Giang,10.5216,105.1259,26.6,88,16.5,84,1008.4,1
2024-07-12,An_Giang,10.5216,105.1259,26.7,85,23.2,100,1007.0,1
2024-07-13,An_Giang,10.5216,105.1259,27.3,83,20.9,94,1005.4,1
2024-07-14,An_Giang,10.5216,105.1259,27.0,83,18.9,100,1005.7,1
2024-07-15,An_Giang,10.5216,105.1259,27.6,83,16.7,98,1005.5,1
2024-07-16,An_Giang,10.5216,105.1259,26.4,88,22.0,95,1005.6,1
2024-07-17,An_Giang,10.5216,105.1259,26.0,91,22.0,98,1006.3,1
2024-07-18,An_Giang,10.5216,105.1259,26.2,90,21.0,100,1007.4,1
2024-07-19,An_Giang,10.5216,105.1259,27.0,85,20.9,98,1007.3,1
2024-07-20,An_Giang,10.5216,105.1259,26.6,88,15.6,99,1007.9,1
2024-07-21,An_Giang,10.5216,105.1259,27.1,85,18.7,99,1007.8,1
2024-07-22,An_Giang,10.5216,105.1259,27.5,84,23.6,100,1008.2,1
2024-07-23,An_Giang,10.5216,105.1259,28.3,80,22.6,90,1007.7,1
2024-07-24,An_Giang,10.5216,105.1259,28.5,78,26.7,88,1005.9,1
2024-07-25,An_Giang,10.5216,105.1259,27.4,85,23.7,95,1005.0,1
2024-07-26,An_Giang,10.5216,105.1259,26.8,89,19.6,99,1006.3,1
2024-07-27,An_Giang,10.5216,105.1259,26.5,90,18.2,100,1007.7,1
2024-07-28,An_Giang,10.5216,105.1259,26.4,88,20.2,100,1007.7,1
2024-07-29,An_Giang,10.5216,105.1259,27.2,85,17.4,100,1007.4,1
2024-07-30,An_Giang,10.5216,105.1259,27.3,85,15.8,100,1008.7,1
2024-07-31,An_Giang,10.5216,105.1259,28.1,82,16.7,94,1010.2,1
2024-08-01,An_Giang,10.5216,105.1259,27.7,83,14.2,98,1010.2,1
2024-08-02,An_Giang,10.5216,105.1259,27.3,85,15.9,100,1009.5,1
2024-08-03,An_Giang,10.5216,105.1259,27.2,87,11.4,88,1009.5,1
2024-08-04,An_Giang,10.5216,105.1259,26.5,86,14.5,95,1009.8,1
2024-08-05,An_Giang,10.5216,105.1259,26.9,85,16.5,76,1008.8,1
2024-08-06,An_Giang,10.5216,105.1259,27.5,83,18.2,81,1008.0,1
2024-08-07,An_Giang,10.5216,105.1259,27.3,84,17.6,91,1008.6,1
2024-08-08,An_Giang,10.5216,105.1259,28.1,81,16.8,60,1009.3,1
2024-08-09,An_Giang,10.5216,105.1259,28.6,79,15.1,64,1008.7,1
2024-08-10,An_Giang,10.5216,105.1259,29.1,76,17.6,60,1007.4,1
2024-08-11,An_Giang,10.5216,105.1259,28.9,79,19.6,55,1005.9,1
2024-08-12,An_Giang,10.5216,105.1259,27.7,83,23.5,95,1006.6,1
2024-08-13,An_Giang,10.5216,105.1259,28.1,82,19.3,63,1007.6,1
2024-08-14,An_Giang,10.5216,105.1259,28.4,82,14.8,61,1007.6,1
2024-08-15,An_Giang,10.5216,105.1259,28.7,80,14.7,46,1006.8,1
2024-08-16,An_Giang,10.5216,105.1259,28.7,80,16.8,86,1006.7,1
2024-08-17,An_Giang,10.5216,105.1259,28.0,83,14.6,94,1008.2,1
2024-08-18,An_Giang,10.5216,105.1259,28.4,81,12.8,79,1008.5,1
2024-08-19,An_Giang,10.5216,105.1259,28.9,79,14.1,92,1008.1,1
2024-08-20,An_Giang,10.5216,105.1259,28.6,80,14.9,84,1008.9,1
2024-08-21,An_Giang,10.5216,105.1259,28.1,84,12.8,95,1009.6,1
2024-08-22,An_Giang,10.5216,105.1259,27.9,83,13.3,97,1009.4,1
2024-08-23,An_Giang,10.5216,105.1259,27.7,83,10.2,94,1010.3,1
2024-08-24,An_Giang,10.5216,105.1259,27.2,85,14.7,87,1009.7,1
2024-08-25,An_Giang,10.5216,105.1259,27.0,86,17.9,98,1008.7,1
2024-08-26,An_Giang,10.5216,105.1259,26.5,87,17.3,96,1008.2,1
2024-08-27,An_Giang,10.5216,105.1259,26.9,86,17.1,91,1008.5,1
2024-08-28,An_Giang,10.5216,105.1259,26.9,85,21.2,82,1008.4,1
2024-08-29,An_Giang,10.5216,105.1259,26.8,84,18.0,100,1008.6,1
2024-08-30,An_Giang,10.5216,105.1259,28.0,79,21.7,95,1008.2,1
2024-08-31,An_Giang,10.5216,105.1259,27.7,83,13.9,99,1007.9,1
2024-09-01,An_Giang,10.5216,105.1259,26.6,88,13.7,96,1006.9,1
2024-09-02,An_Giang,10.5216,105.1259,25.9,90,21.6,98,1007.0,1
2024-09-03,An_Giang,10.5216,105.1259,26.8,86,23.3,93,1008.3,1
2024-09-04,An_Giang,10.5216,105.1259,27.2,85,21.9,97,1007.3,1
2024-09-05,An_Giang,10.5216,105.1259,27.8,82,27.3,85,1005.0,1
2024-09-06,An_Giang,10.5216,105.1259,27.6,83,25.2,100,1005.5,1
2024-09-07,An_Giang,10.5216,105.1259,28.3,79,26.2,100,1007.4,1
2024-09-08,An_Giang,10.5216,105.1259,28.2,80,20.6,98,1008.8,1
2024-09-09,An_Giang,10.5216,105.1259,28.5,80,17.3,99,1007.2,1
2024-09-10,An_Giang,10.5216,105.1259,28.5,81,17.6,99,1006.5,1
2024-09-11,An_Giang,10.5216,105.1259,28.1,83,16.4,100,1007.8,1
2024-09-12,An_Giang,10.5216,105.1259,27.6,86,16.5,99,1008.2,1
2024-09-13,An_Giang,10.5216,105.1259,27.4,85,21.8,97,1007.0,1
2024-09-14,An_Giang,10.5216,105.1259,26.8,87,20.4,97,1005.7,1
2024-09-15,An_Giang,10.5216,105.1259,26.9,86,21.6,94,1005.1,1
2024-09-16,An_Giang,10.5216,105.1259,27.9,80,21.8,98,1004.2,1
2024-09-17,An_Giang,10.5216,105.1259,26.5,89,16.0,100,1002.8,1
2024-09-18,An_Giang,10.5216,105.1259,26.7,88,18.9,100,1002.1,1
2024-09-19,An_Giang,10.5216,105.1259,27.1,84,21.0,99,1002.4,1
2024-09-20,An_Giang,10.5216,105.1259,27.0,85,27.6,97,1004.0,1
2024-09-21,An_Giang,10.5216,105.1259,26.2,89,22.7,100,1006.0,1
2024-09-22,An_Giang,10.5216,105.1259,26.0,92,16.6,100,1007.3,1
2024-09-23,An_Giang,10.5216,105.1259,26.8,88,15.0,100,1009.4,1
2024-09-24,An_Giang,10.5216,105.1259,26.6,90,17.5,100,1009.7,1
2024-09-25,An_Giang,10.5216,105.1259,26.9,87,12.0,94,1010.2,1
2024-09-26,An_Giang,10.5216,105.1259,26.8,84,14.4,75,1010.1,1
2024-09-27,An_Giang,10.5216,105.1259,26.6,87,12.4,83,1009.8,1
2024-09-28,An_Giang,10.5216,105.1259,28.0,80,11.3,71,1009.1,1
2024-09-29,An_Giang,10.5216,105.1259,28.7,78,14.3,98,1008.6,1
2024-09-30,An_Giang,10.5216,105.1259,28.6,80,15.9,96,1007.7,1
2024-10-01,An_Giang,10.5216,105.1259,28.2,82,17.8,90,1007.4,1
2024-10-02,An_Giang,10.5216,105.1259,28.2,84,12.6,98,1008.9,1
2024-10-03,An_Giang,10.5216,105.1259,26.8,89,12.5,95,1009.9,1
2024-10-04,An_Giang,10.5216,105.1259,26.4,89,9.5,86,1010.0,1
2024-10-05,An_Giang,10.5216,105.1259,26.7,87,11.7,74,1009.3,1
2024-10-06,An_Giang,10.5216,105.1259,25.9,89,9.3,97,1010.5,1
2024-10-07,An_Giang,10.5216,105.1259,26.8,87,10.9,96,1010.8,1
2024-10-08,An_Giang,10.5216,105.1259,25.9,90,11.2,100,1010.4,1
2024-10-09,An_Giang,10.5216,105.1259,26.4,88,9.2,94,1009.1,1
2024-10-10,An_Giang,10.5216,105.1259,26.8,87,12.4,90,1008.9,1
2024-10-11,An_Giang,10.5216,105.1259,26.5,91,13.8,99,1008.8,1
2024-10-12,An_Giang,10.5216,105.1259,26.8,88,14.1,100,1009.4,1
2024-10-13,An_Giang,10.5216,105.1259,27.2,87,10.6,76,1009.2,1
2024-10-14,An_Giang,10.5216,105.1259,27.0,87,9.4,99,1008.7,1
2024-10-15,An_Giang,10.5216,105.1259,26.3,90,16.6,98,1009.3,1
2024-10-16,An_Giang,10.5216,105.1259,25.9,91,8.0,99,1010.1,1
2024-10-17,An_Giang,10.5216,105.1259,25.8,90,13.6,96,1009.9,1
2024-10-18,An_Giang,10.5216,105.1259,25.4,92,14.5,96,1009.7,1
2024-10-19,An_Giang,10.5216,105.1259,26.0,90,13.6,97,1010.2,1
2024-10-20,An_Giang,10.5216,105.1259,26.2,90,18.9,85,1011.2,1
2024-10-21,An_Giang,10.5216,105.1259,26.6,88,13.2,94,1010.0,1
2024-10-22,An_Giang,10.5216,105.1259,26.3,88,17.3,97,1009.3,1
2024-10-23,An_Giang,10.5216,105.1259,26.2,89,16.6,100,1009.4,1
2024-10-24,An_Giang,10.5216,105.1259,26.3,87,16.7,75,1009.0,1
2024-10-25,An_Giang,10.5216,105.1259,27.7,79,15.0,74,1007.7,1
2024-10-26,An_Giang,10.5216,105.1259,28.5,76,12.8,94,1006.0,0
2024-10-27,An_Giang,10.5216,105.1259,27.8,83,14.4,100,1005.1,1
2024-10-28,An_Giang,10.5216,105.1259,25.9,92,15.6,100,1005.7,1
2024-10-29,An_Giang,10.5216,105.1259,26.3,86,11.0,90,1007.6,1
2024-10-30,An_Giang,10.5216,105.1259,27.3,84,18.8,67,1009.0,1
2024-10-31,An_Giang,10.5216,105.1259,27.2,86,12.5,94,1008.7,1
2024-11-01,An_Giang,10.5216,105.1259,27.3,86,9.4,96,1008.8,1
2024-11-02,An_Giang,10.5216,105.1259,25.8,90,15.5,95,1010.0,1
2024-11-03,An_Giang,10.5216,105.1259,25.9,88,10.9,95,1010.3,1
2024-11-04,An_Giang,10.5216,105.1259,25.9,88,15.2,93,1010.0,1
2024-11-05,An_Giang,10.5216,105.1259,26.4,85,15.1,84,1010.4,1
2024-11-06,An_Giang,10.5216,105.1259,26.5,85,14.1,79,1010.8,1
2024-11-07,An_Giang,10.5216,105.1259,26.7,85,13.1,47,1010.7,1
2024-11-08,An_Giang,10.5216,105.1259,26.7,83,11.5,91,1010.6,1
2024-11-09,An_Giang,10.5216,105.1259,26.8,81,15.0,88,1010.2,1
2024-11-10,An_Giang,10.5216,105.1259,27.1,83,10.5,71,1010.5,1
2024-11-11,An_Giang,10.5216,105.1259,27.4,80,10.7,75,1009.7,1
2024-11-12,An_Giang,10.5216,105.1259,26.9,84,13.9,81,1008.7,1
2024-11-13,An_Giang,10.5216,105.1259,27.6,81,8.5,56,1008.2,1
2024-11-14,An_Giang,10.5216,105.1259,28.0,82,8.2,68,1008.7,1
2024-11-15,An_Giang,10.5216,105.1259,27.8,81,8.0,92,1008.8,1
2024-11-16,An_Giang,10.5216,105.1259,28.2,79,10.5,58,1008.3,1
2024-11-17,An_Giang,10.5216,105.1259,27.9,79,10.5,88,1008.4,1
2024-11-18,An_Giang,10.5216,105.1259,28.1,74,10.5,38,1008.6,1
2024-11-19,An_Giang,10.5216,105.1259,27.9,78,10.9,70,1009.3,1
2024-11-20,An_Giang,10.5216,105.1259,27.5,82,15.0,74,1009.0,1
2024-11-21,An_Giang,10.5216,105.1259,27.7,82,13.9,65,1008.3,1
2024-11-22,An_Giang,10.5216,105.1259,27.8,79,17.5,64,1008.8,1
2024-11-23,An_Giang,10.5216,105.1259,27.4,80,13.7,97,1009.2,1
2024-11-24,An_Giang,10.5216,105.1259,26.9,84,14.5,93,1009.6,1
2024-11-25,An_Giang,10.5216,105.1259,27.7,80,13.7,92,1009.1,1
2024-11-26,An_Giang,10.5216,105.1259,27.9,77,13.9,82,1008.4,0
2024-11-27,An_Giang,10.5216,105.1259,27.7,74,13.7,86,1008.8,1
2024-11-28,An_Giang,10.5216,105.1259,28.1,66,24.1,82,1009.8,1
2024-11-29,An_Giang,10.5216,105.1259,25.7,67,20.4,100,1010.5,1
2024-11-30,An_Giang,10.5216,105.1259,26.3,64,15.1,93,1009.3,0
2024-12-01,An_Giang,10.5216,105.1259,27.3,67,18.2,74,1008.1,0
2024-12-02,An_Giang,10.5216,105.1259,27.3,76,10.5,89,1007.6,1
2024-12-03,An_Giang,10.5216,105.1259,26.1,89,11.1,100,1008.1,1
2024-12-04,An_Giang,10.5216,105.1259,26.5,85,12.5,100,1008.2,1
2024-12-05,An_Giang,10.5216,105.1259,27.1,83,14.3,100,1007.8,1
2024-12-06,An_Giang,10.5216,105.1259,27.1,85,11.7,95,1008.1,1
2024-12-07,An_Giang,10.5216,105.1259,26.2,87,18.1,86,1009.1,1
2024-12-08,An_Giang,10.5216,105.1259,27.6,76,13.6,93,1009.2,0
2024-12-09,An_Giang,10.5216,105.1259,27.4,69,16.4,93,1008.3,0
2024-12-10,An_Giang,10.5216,105.1259,27.6,68,19.3,96,1007.6,0
2024-12-11,An_Giang,10.5216,105.1259,26.1,80,21.4,100,1006.9,1
2024-12-12,An_Giang,10.5216,105.1259,26.1,88,16.5,100,1007.2,1
2024-12-13,An_Giang,10.5216,105.1259,25.7,90,17.3,100,1008.2,1
2024-12-14,An_Giang,10.5216,105.1259,25.7,89,17.1,100,1010.0,1
2024-12-15,An_Giang,10.5216,105.1259,25.2,88,17.3,95,1011.2,1
2024-12-16,An_Giang,10.5216,105.1259,25.8,74,16.7,89,1011.8,0
2024-12-17,An_Giang,10.5216,105.1259,25.9,72,15.9,36,1011.0,0
2024-12-18,An_Giang,10.5216,105.1259,26.1,73,17.3,42,1010.4,0
2024-12-19,An_Giang,10.5216,105.1259,25.9,71,17.0,52,1010.6,0
2024-12-20,An_Giang,10.5216,105.1259,25.1,74,13.8,81,1010.5,0
2024-12-21,An_Giang,10.5216,105.1259,24.7,71,13.0,100,1011.1,0
2024-12-22,An_Giang,10.5216,105.1259,24.3,68,17.1,86,1010.8,0
2024-12-23,An_Giang,10.5216,105.1259,24.3,72,19.8,90,1009.8,1
2024-12-24,An_Giang,10.5216,105.1259,26.0,70,21.1,61,1010.3,0
2024-12-25,An_Giang,10.5216,105.1259,26.0,74,21.7,71,1010.8,0
2024-12-26,An_Giang,10.5216,105.1259,25.8,81,19.5,88,1012.1,1
2024-12-27,An_Giang,10.5216,105.1259,25.9,88,12.7,86,1012.6,1
2024-12-28,An_Giang,10.5216,105.1259,25.6,89,11.8,78,1012.7,1
2024-12-29,An_Giang,10.5216,105.1259,25.1,78,17.4,37,1012.3,0
2024-12-30,An_Giang,10.5216,105.1259,24.9,77,11.3,38,1012.2,0
2024-12-31,An_Giang,10.5216,105.1259,25.6,76,17.1,69,1011.1,0
2025-01-01,An_Giang,10.5216,105.1259,25.5,71,18.2,83,1009.8,0
2025-01-02,An_Giang,10.5216,105.1259,25.7,75,14.9,89,1010.0,0
2025-01-03,An_Giang,10.5216,105.1259,26.2,76,15.3,98,1010.0,0
2025-01-04,An_Giang,10.5216,105.1259,25.6,75,16.0,86,1010.1,0
2025-01-05,An_Giang,10.5216,105.1259,25.0,69,18.2,53,1011.2,0
2025-01-06,An_Giang,10.5216,105.1259,24.4,75,11.7,36,1011.2,0
2025-01-07,An_Giang,10.5216,105.1259,24.6,72,13.9,23,1011.3,0
2025-01-08,An_Giang,10.5216,105.1259,25.1,79,10.3,42,1011.1,0
2025-01-09,An_Giang,10.5216,105.1259,25.1,81,7.4,93,1011.9,0
2025-01-10,An_Giang,10.5216,105.1259,24.8,76,14.1,92,1013.2,0
2025-01-11,An_Giang,10.5216,105.1259,24.3,69,19.5,85,1014.2,0
2025-01-12,An_Giang,10.5216,105.1259,23.2,64,22.8,69,1013.7,0
2025-01-13,An_Giang,10.5216,105.1259,22.5,71,16.7,32,1012.8,0
2025-01-14,An_Giang,10.5216,105.1259,24.3,74,17.3,73,1012.1,1
2025-01-15,An_Giang,10.5216,105.1259,25.5,87,16.8,82,1011.7,1
2025-01-16,An_Giang,10.5216,105.1259,26.0,80,17.9,49,1011.7,1
2025-01-17,An_Giang,10.5216,105.1259,24.4,74,16.6,75,1011.3,0
2025-01-18,An_Giang,10.5216,105.1259,23.9,76,12.9,34,1010.9,0
2025-01-19,An_Giang,10.5216,105.1259,24.6,78,9.5,76,1009.7,0
2025-01-20,An_Giang,10.5216,105.1259,24.6,77,9.7,79,1009.5,0
2025-01-21,An_Giang,10.5216,105.1259,24.2,80,8.1,74,1010.1,0
2025-01-22,An_Giang,10.5216,105.1259,24.5,81,5.7,90,1010.4,0
2025-01-23,An_Giang,10.5216,105.1259,25.2,80,11.3,100,1010.4,0
2025-01-24,An_Giang,10.5216,105.1259,25.9,83,9.3,92,1009.3,0
2025-01-25,An_Giang,10.5216,105.1259,26.0,83,10.0,72,1009.3,0
2025-01-26,An_Giang,10.5216,105.1259,25.9,84,10.1,50,1009.7,0
2025-01-27,An_Giang,10.5216,105.1259,24.7,79,14.4,45,1010.1,0
2025-01-28,An_Giang,10.5216,105.1259,24.0,81,11.0,62,1012.7,0
2025-01-29,An_Giang,10.5216,105.1259,22.9,80,14.7,67,1014.0,0
2025-01-30,An_Giang,10.5216,105.1259,22.6,81,8.6,88,1011.5,0
2025-01-31,An_Giang,10.5216,105.1259,23.7,77,8.9,96,1010.1,0
2025-02-01,An_Giang,10.5216,105.1259,24.8,79,7.7,87,1009.0,0
2025-02-02,An_Giang,10.5216,105.1259,25.0,85,11.3,62,1009.2,1
2025-02-03,An_Giang,10.5216,105.1259,25.5,83,11.3,22,1009.7,0
2025-02-04,An_Giang,10.5216,105.1259,25.1,78,12.1,54,1010.8,0
2025-02-05,An_Giang,10.5216,105.1259,24.6,80,11.8,67,1010.3,0
2025-02-06,An_Giang,10.5216,105.1259,24.4,81,10.3,39,1010.0,0
2025-02-07,An_Giang,10.5216,105.1259,24.6,81,11.1,57,1010.6,1
2025-02-08,An_Giang,10.5216,105.1259,24.9,77,12.6,68,1010.6,0
2025-02-09,An_Giang,10.5216,105.1259,24.4,73,17.3,63,1011.0,0
2025-02-10,An_Giang,10.5216,105.1259,24.5,75,11.3,92,1011.3,0
2025-02-11,An_Giang,10.5216,105.1259,26.0,72,11.3,99,1010.9,0
2025-02-12,An_Giang,10.5216,105.1259,26.8,82,11.0,50,1010.8,1
2025-02-13,An_Giang,10.5216,105.1259,26.4,87,14.3,40,1011.1,1
2025-02-14,An_Giang,10.5216,105.1259,26.7,85,9.7,23,1010.4,1
2025-02-15,An_Giang,10.5216,105.1259,26.6,84,14.0,43,1009.5,1
2025-02-16,An_Giang,10.5216,105.1259,26.6,82,12.1,41,1010.7,1
2025-02-17,An_Giang,10.5216,105.1259,26.5,78,13.9,52,1011.6,0
2025-02-18,An_Giang,10.5216,105.1259,26.4,80,10.8,57,1011.8,0
2025-02-19,An_Giang,10.5216,105.1259,25.2,89,15.7,74,1011.6,1
2025-02-20,An_Giang,10.5216,105.1259,26.1,85,12.6,97,1011.4,1
2025-02-21,An_Giang,10.5216,105.1259,25.8,85,10.8,64,1012.0,1
2025-02-22,An_Giang,10.5216,105.1259,25.5,89,14.5,98,1012.2,1
2025-02-23,An_Giang,10.5216,105.1259,25.2,90,11.7,89,1013.1,1
2025-02-24,An_Giang,10.5216,105.1259,25.8,88,16.8,51,1013.6,1
2025-02-25,An_Giang,10.5216,105.1259,26.2,81,15.1,51,1014.5,1
2025-02-26,An_Giang,10.5216,105.1259,26.0,82,12.8,85,1014.1,0
2025-02-27,An_Giang,10.5216,105.1259,26.7,80,12.0,30,1012.1,1
2025-02-28,An_Giang,10.5216,105.1259,27.0,77,12.2,27,1011.4,0
2025-03-01,An_Giang,10.5216,105.1259,26.7,80,9.7,62,1010.4,1
2025-03-02,An_Giang,10.5216,105.1259,26.6,77,13.6,51,1009.3,0
2025-03-03,An_Giang,10.5216,105.1259,26.7,79,10.8,53,1008.6,0
2025-03-04,An_Giang,10.5216,105.1259,27.2,81,9.4,56,1008.1,0
2025-03-05,An_Giang,10.5216,105.1259,27.8,83,9.9,65,1007.7,1
2025-03-06,An_Giang,10.5216,105.1259,28.0,79,12.5,36,1009.2,0
2025-03-07,An_Giang,10.5216,105.1259,27.6,77,18.7,61,1009.3,1
2025-03-08,An_Giang,10.5216,105.1259,27.1,83,13.6,48,1009.8,1
2025-03-09,An_Giang,10.5216,105.1259,26.9,81,13.0,59,1011.2,0
2025-03-10,An_Giang,10.5216,105.1259,27.2,81,14.9,63,1011.6,1
2025-03-11,An_Giang,10.5216,105.1259,27.5,77,11.0,65,1010.4,1
2025-03-12,An_Giang,10.5216,105.1259,28.0,75,14.8,89,1009.1,1
2025-03-13,An_Giang,10.5216,105.1259,28.1,72,16.1,77,1009.4,0
2025-03-14,An_Giang,10.5216,105.1259,28.0,74,12.2,64,1010.3,1
2025-03-15,An_Giang,10.5216,105.1259,28.1,75,11.0,84,1010.4,0
2025-03-16,An_Giang,10.5216,105.1259,27.8,78,12.7,40,1010.0,1
2025-03-17,An_Giang,10.5216,105.1259,26.8,84,18.1,81,1010.7,1
2025-03-18,An_Giang,10.5216,105.1259,27.5,78,12.2,65,1011.1,1
2025-03-19,An_Giang,10.5216,105.1259,28.0,68,16.6,64,1012.8,1
2025-03-20,An_Giang,10.5216,105.1259,26.9,66,17.8,94,1014.0,0
2025-03-21,An_Giang,10.5216,105.1259,27.2,65,13.5,87,1013.8,0
2025-03-22,An_Giang,10.5216,105.1259,27.7,70,14.8,41,1012.3,0
2025-03-23,An_Giang,10.5216,105.1259,27.8,71,11.8,29,1011.8,1
2025-03-24,An_Giang,10.5216,105.1259,28.2,70,16.2,48,1010.1,0
2025-03-25,An_Giang,10.5216,105.1259,27.7,70,13.7,77,1008.0,1
2025-03-26,An_Giang,10.5216,105.1259,27.7,73,11.1,49,1006.6,0
2025-03-27,An_Giang,10.5216,105.1259,28.3,71,11.4,44,1005.9,0
2025-03-28,An_Giang,10.5216,105.1259,28.3,71,12.7,8,1006.6,0
2025-03-29,An_Giang,10.5216,105.1259,28.6,68,13.5,72,1007.9,0
2025-03-30,An_Giang,10.5216,105.1259,28.9,72,14.2,73,1009.5,1
2025-03-31,An_Giang,10.5216,105.1259,28.0,78,12.0,87,1009.5,1
2025-04-01,An_Giang,10.5216,105.1259,26.2,89,10.2,95,1009.6,1
2025-04-02,An_Giang,10.5216,105.1259,26.8,83,19.3,83,1010.1,1
2025-04-03,An_Giang,10.5216,105.1259,27.8,75,16.8,35,1011.0,1
2025-04-04,An_Giang,10.5216,105.1259,27.9,72,14.1,75,1010.4,0
2025-04-05,An_Giang,10.5216,105.1259,27.8,76,13.7,34,1009.9,1
2025-04-06,An_Giang,10.5216,105.1259,28.3,74,13.5,45,1009.9,0
2025-04-07,An_Giang,10.5216,105.1259,28.8,68,18.0,55,1011.0,0
2025-04-08,An_Giang,10.5216,105.1259,28.7,69,15.6,70,1011.6,0
2025-04-09,An_Giang,10.5216,105.1259,28.0,78,11.7,89,1010.1,1
2025-04-10,An_Giang,10.5216,105.1259,27.8,81,9.6,100,1008.4,1
2025-04-11,An_Giang,10.5216,105.1259,28.4,80,12.4,85,1007.8,1
2025-04-12,An_Giang,10.5216,105.1259,29.2,73,10.7,48,1008.4,1
2025-04-13,An_Giang,10.5216,105.1259,28.6,80,11.8,30,1008.8,1
2025-04-14,An_Giang,10.5216,105.1259,28.6,77,13.0,75,1009.8,1
2025-04-15,An_Giang,10.5216,105.1259,28.1,81,13.2,93,1009.4,1
2025-04-16,An_Giang,10.5216,105.1259,27.5,83,22.3,99,1009.6,1
2025-04-17,An_Giang,10.5216,105.1259,28.2,81,13.1,99,1009.1,1
2025-04-18,An_Giang,10.5216,105.1259,28.2,83,8.6,66,1008.4,1
2025-04-19,An_Giang,10.5216,105.1259,28.7,78,8.3,38,1007.8,1
2025-04-20,An_Giang,10.5216,105.1259,29.0,75,11.7,36,1008.6,1
2025-04-21,An_Giang,10.5216,105.1259,28.4,77,13.2,26,1010.0,1
2025-04-22,An_Giang,10.5216,105.1259,28.0,82,19.0,95,1010.3,1
2025-04-23,An_Giang,10.5216,105.1259,27.1,86,17.5,80,1009.5,1
2025-04-24,An_Giang,10.5216,105.1259,28.4,77,14.8,75,1008.8,1
2025-04-25,An_Giang,10.5216,105.1259,27.9,84,16.0,56,1009.1,1
2025-04-26,An_Giang,10.5216,105.1259,27.4,85,23.5,59,1009.5,1
2025-04-27,An_Giang,10.5216,105.1259,27.9,81,10.0,54,1009.5,0
2025-04-28,An_Giang,10.5216,105.1259,28.2,78,10.9,29,1008.7,1
2025-04-29,An_Giang,10.5216,105.1259,28.6,75,9.1,68,1008.7,1
2025-04-30,An_Giang,10.5216,105.1259,29.5,67,12.7,29,1008.6,0
2025-05-01,An_Giang,10.5216,105.1259,28.8,77,18.4,66,1009.3,1
2025-05-02,An_Giang,10.5216,105.1259,27.4,85,17.2,97,1008.8,1
2025-05-03,An_Giang,10.5216,105.1259,26.5,89,17.1,94,1008.6,1
2025-05-04,An_Giang,10.5216,105.1259,26.9,88,7.9,86,1007.5,1
2025-05-05,An_Giang,10.5216,105.1259,26.7,89,12.8,89,1007.7,1
2025-05-06,An_Giang,10.5216,105.1259,27.7,85,12.3,46,1007.4,1
2025-05-07,An_Giang,10.5216,105.1259,28.7,80,16.3,42,1006.7,1
2025-05-08,An_Giang,10.5216,105.1259,28.3,84,19.7,88,1006.8,1
2025-05-09,An_Giang,10.5216,105.1259,29.3,79,15.3,81,1006.6,1
2025-05-10,An_Giang,10.5216,105.1259,27.7,86,11.8,96,1007.0,1
2025-05-11,An_Giang,10.5216,105.1259,27.3,88,10.0,85,1006.3,1
2025-05-12,An_Giang,10.5216,105.1259,27.0,89,11.6,97,1006.5,1
2025-05-13,An_Giang,10.5216,105.1259,26.6,90,16.5,98,1008.1,1
2025-05-14,An_Giang,10.5216,105.1259,27.3,89,11.3,88,1008.9,1
2025-05-15,An_Giang,10.5216,105.1259,27.0,91,12.8,95,1009.1,1
2025-05-16,An_Giang,10.5216,105.1259,27.5,91,18.6,99,1008.6,1
2025-05-17,An_Giang,10.5216,105.1259,27.7,89,14.5,81,1008.4,1
2025-05-18,An_Giang,10.5216,105.1259,27.5,90,13.0,90,1008.2,1
2025-05-19,An_Giang,10.5216,105.1259,26.9,91,11.5,73,1007.8,1
2025-05-20,An_Giang,10.5216,105.1259,26.9,91,10.6,98,1007.8,1
2025-05-21,An_Giang,10.5216,105.1259,27.5,87,12.3,95,1007.3,1
2025-05-22,An_Giang,10.5216,105.1259,26.9,92,11.9,100,1006.4,1
2025-05-23,An_Giang,10.5216,105.1259,26.6,91,11.0,96,1005.2,1
2025-05-24,An_Giang,10.5216,105.1259,26.3,92,15.6,100,1006.2,1
2025-05-25,An_Giang,10.5216,105.1259,26.4,92,13.7,98,1008.3,1
2025-05-26,An_Giang,10.5216,105.1259,27.6,88,8.1,93,1008.4,1
2025-05-27,An_Giang,10.5216,105.1259,27.3,89,10.1,98,1007.9,1
2025-05-28,An_Giang,10.5216,105.1259,27.4,90,9.5,95,1006.8,1
2025-05-29,An_Giang,10.5216,105.1259,26.6,92,15.8,98,1008.1,1
2025-05-30,An_Giang,10.5216,105.1259,27.2,89,14.6,98,1009.8,1
2025-05-31,An_Giang,10.5216,105.1259,27.6,87,12.9,91,1010.3,1
2025-06-01,An_Giang,10.5216,105.1259,28.5,83,14.9,92,1009.4,1
2025-06-02,An_Giang,10.5216,105.1259,27.7,87,15.4,99,1008.8,1
2025-06-03,An_Giang,10.5216,105.1259,26.6,92,14.6,99,1008.3,1
2025-06-04,An_Giang,10.5216,105.1259,27.7,87,15.3,80,1008.0,1
2025-06-05,An_Giang,10.5216,105.1259,27.8,87,14.7,77,1008.0,1
2025-06-06,An_Giang,10.5216,105.1259,28.2,85,16.9,95,1007.9,1
2025-06-07,An_Giang,10.5216,105.1259,27.6,87,15.9,98,1007.5,1
2025-06-08,An_Giang,10.5216,105.1259,27.0,87,17.3,93,1007.0,1
2025-06-09,An_Giang,10.5216,105.1259,26.9,88,21.8,90,1006.3,1
2025-06-10,An_Giang,10.5216,105.1259,27.2,87,15.9,100,1005.4,1
2025-06-11,An_Giang,10.5216,105.1259,26.4,91,19.0,100,1005.4,1
2025-06-12,An_Giang,10.5216,105.1259,26.3,91,20.2,100,1006.0,1
2025-06-13,An_Giang,10.5216,105.1259,26.9,88,22.3,100,1007.6,1
2025-06-14,An_Giang,10.5216,105.1259,27.6,86,16.3,100,1008.7,1
2025-06-15,An_Giang,10.5216,105.1259,27.2,89,13.6,100,1008.2,1
2025-06-16,An_Giang,10.5216,105.1259,27.7,87,10.9,94,1008.1,1
2025-06-17,An_Giang,10.5216,105.1259,27.3,91,8.7,87,1008.6,1
2025-06-18,An_Giang,10.5216,105.1259,27.1,91,12.0,98,1008.4,1
2025-06-19,An_Giang,10.5216,105.1259,27.1,91,13.4,100,1007.9,1
2025-06-20,An_Giang,10.5216,105.1259,26.9,91,14.1,98,1008.0,1
2025-06-21,An_Giang,10.5216,105.1259,26.2,90,16.0,100,1007.7,1
2025-06-22,An_Giang,10.5216,105.1259,25.3,93,20.4,100,1008.5,1
2025-06-23,An_Giang,10.5216,105.1259,26.2,88,19.0,99,1008.0,1
2025-06-24,An_Giang,10.5216,105.1259,27.4,84,16.5,100,1007.6,1
2025-06-25,An_Giang,10.5216,105.1259,27.2,87,14.6,79,1008.0,1
2025-06-26,An_Giang,10.5216,105.1259,26.3,91,19.3,89,1008.6,1
2025-06-27,An_Giang,10.5216,105.1259,26.6,90,20.4,96,1008.1,1
2025-06-28,An_Giang,10.5216,105.1259,26.8,86,20.9,66,1007.9,1
2025-06-29,An_Giang,10.5216,105.1259,27.1,82,22.4,82,1006.7,1
2025-06-30,An_Giang,10.5216,105.1259,27.8,81,19.0,90,1006.2,1
2025-07-01,An_Giang,10.5216,105.1259,27.4,85,15.5,88,1006.6,1
2025-07-02,An_Giang,10.5216,105.1259,26.4,91,14.9,100,1007.7,1
2025-07-03,An_Giang,10.5216,105.1259,26.9,88,15.2,100,1008.4,1
2025-07-04,An_Giang,10.5216,105.1259,27.2,85,19.3,70,1007.9,1
2025-07-05,An_Giang,10.5216,105.1259,28.0,82,17.0,98,1006.8,1
2025-07-06,An_Giang,10.5216,105.1259,27.7,83,17.9,100,1007.4,1
2025-07-07,An_Giang,10.5216,105.1259,26.3,91,19.0,96,1008.4,1
2025-07-08,An_Giang,10.5216,105.1259,27.2,84,19.5,97,1008.5,1
2025-07-09,An_Giang,10.5216,105.1259,27.1,84,18.0,87,1007.8,1
2025-07-10,An_Giang,10.5216,105.1259,28.5,80,22.7,73,1005.4,1
2025-07-11,An_Giang,10.5216,105.1259,28.2,80,22.8,92,1004.6,1
2025-07-12,An_Giang,10.5216,105.1259,27.9,83,19.3,70,1006.0,1
2025-07-13,An_Giang,10.5216,105.1259,27.8,84,20.0,81,1007.2,1
2025-07-14,An_Giang,10.5216,105.1259,27.7,85,18.3,92,1007.1,1
2025-07-15,An_Giang,10.5216,105.1259,27.5,84,19.9,96,1006.7,1
2025-07-16,An_Giang,10.5216,105.1259,26.7,88,18.3,99,1007.4,1
2025-07-17,An_Giang,10.5216,105.1259,27.3,83,18.8,93,1007.9,1
2025-07-18,An_Giang,10.5216,105.1259,28.0,80,19.7,99,1006.8,1
2025-07-19,An_Giang,10.5216,105.1259,27.8,81,23.1,98,1004.6,1
2025-07-20,An_Giang,10.5216,105.1259,26.6,88,20.2,100,1005.0,1
2025-07-21,An_Giang,10.5216,105.1259,27.1,85,28.2,100,1005.9,1
2025-07-22,An_Giang,10.5216,105.1259,29.0,74,29.7,100,1004.9,1
2025-07-23,An_Giang,10.5216,105.1259,28.6,78,22.8,94,1004.7,1
2025-07-24,An_Giang,10.5216,105.1259,29.2,74,21.0,88,1005.8,0
2025-07-25,An_Giang,10.5216,105.1259,29.2,74,20.7,91,1006.1,1
2025-07-26,An_Giang,10.5216,105.1259,29.4,75,23.9,100,1006.7,1
2025-07-27,An_Giang,10.5216,105.1259,27.9,82,21.8,97,1006.9,1
2025-07-28,An_Giang,10.5216,105.1259,26.9,87,24.6,96,1006.5,1
2025-07-29,An_Giang,10.5216,105.1259,28.5,80,25.8,79,1006.2,1
2025-07-30,An_Giang,10.5216,105.1259,29.1,75,25.6,87,1007.2,1
2025-07-31,An_Giang,10.5216,105.1259,28.7,78,21.6,88,1007.2,1
2025-08-01,An_Giang,10.5216,105.1259,29.0,79,22.0,90,1006.5,1
2025-08-02,An_Giang,10.5216,105.1259,29.3,77,18.6,99,1007.4,1
2025-08-03,An_Giang,10.5216,105.1259,28.8,81,21.1,90,1008.8,1
2025-08-04,An_Giang,10.5216,105.1259,28.8,82,18.2,84,1008.6,1
2025-08-05,An_Giang,10.5216,105.1259,28.9,79,21.8,76,1008.1,1
2025-08-06,An_Giang,10.5216,105.1259,27.9,83,17.6,97,1008.2,1
2025-08-07,An_Giang,10.5216,105.1259,28.1,80,16.2,88,1008.9,1
2025-08-08,An_Giang,10.5216,105.1259,28.8,78,10.7,59,1009.4,1
2025-08-09,An_Giang,10.5216,105.1259,27.8,83,14.8,99,1009.5,1
2025-08-10,An_Giang,10.5216,105.1259,27.6,84,17.7,98,1008.1,1
2025-08-11,An_Giang,10.5216,105.1259,27.7,79,21.2,95,1007.3,1
2025-08-12,An_Giang,10.5216,105.1259,27.6,79,20.4,93,1007.3,1
2025-08-13,An_Giang,10.5216,105.1259,27.3,81,19.5,95,1008.2,1
2025-08-14,An_Giang,10.5216,105.1259,27.7,80,18.1,99,1007.0,1
2025-08-15,An_Giang,10.5216,105.1259,27.0,83,21.2,100,1005.3,1
2025-08-16,An_Giang,10.5216,105.1259,25.7,88,20.8,100,1006.1,1
2025-08-17,An_Giang,10.5216,105.1259,26.8,83,15.4,100,1008.0,1
2025-08-18,An_Giang,10.5216,105.1259,28.2,78,19.5,98,1009.2,1
2025-08-19,An_Giang,10.5216,105.1259,28.3,77,16.4,68,1009.5,1
2025-08-20,An_Giang,10.5216,105.1259,28.4,77,15.2,87,1008.7,1
2025-08-21,An_Giang,10.5216,105.1259,25.6,90,14.4,100,1009.7,1
2025-08-22,An_Giang,10.5216,105.1259,27.7,75,21.9,76,1009.3,1
2025-08-23,An_Giang,10.5216,105.1259,28.1,74,19.7,85,1008.3,1
2025-08-24,An_Giang,10.5216,105.1259,27.8,77,23.0,99,1007.3,1
2025-08-25,An_Giang,10.5216,105.1259,27.8,76,26.1,96,1006.6,1
2025-08-26,An_Giang,10.5216,105.1259,27.7,78,24.6,99,1008.5,1
2025-08-27,An_Giang,10.5216,105.1259,28.5,74,20.5,100,1008.9,1
2025-08-28,An_Giang,10.5216,105.1259,28.0,78,22.4,92,1008.0,1
2025-08-29,An_Giang,10.5216,105.1259,28.2,77,24.2,100,1007.5,1
2025-08-30,An_Giang,10.5216,105.1259,27.9,78,23.1,100,1006.7,1
2025-08-31,An_Giang,10.5216,105.1259,27.9,80,21.7,91,1006.4,1
2025-09-01,An_Giang,10.5216,105.1259,27.5,83,20.6,96,1006.3,1
2025-09-02,An_Giang,10.5216,105.1259,27.3,85,19.0,100,1007.1,1
2025-09-03,An_Giang,10.5216,105.1259,27.6,84,13.1,94,1007.3,1
2025-09-04,An_Giang,10.5216,105.1259,27.8,82,15.5,98,1006.8,1
2025-09-05,An_Giang,10.5216,105.1259,28.0,81,16.9,98,1007.2,1
2025-09-06,An_Giang,10.5216,105.1259,28.6,77,19.9,97,1007.5,1
2025-09-07,An_Giang,10.5216,105.1259,27.0,85,18.4,100,1008.2,1
2025-09-08,An_Giang,10.5216,105.1259,27.1,84,17.7,99,1008.9,1
2025-09-09,An_Giang,10.5216,105.1259,26.8,87,17.1,100,1010.1,1
2025-09-10,An_Giang,10.5216,105.1259,27.4,85,16.8,99,1009.6,1
2025-09-11,An_Giang,10.5216,105.1259,27.3,84,14.0,76,1008.9,1
2025-09-12,An_Giang,10.5216,105.1259,27.0,84,11.6,92,1009.0,1
2025-09-13,An_Giang,10.5216,105.1259,26.6,87,12.5,100,1009.3,1
2025-09-14,An_Giang,10.5216,105.1259,26.5,86,11.6,99,1010.0,1
2025-09-15,An_Giang,10.5216,105.1259,27.4,81,13.8,84,1009.8,1
2025-09-16,An_Giang,10.5216,105.1259,26.9,85,15.9,94,1009.2,1
2025-09-17,An_Giang,10.5216,105.1259,27.5,82,14.7,89,1007.9,1
2025-09-18,An_Giang,10.5216,105.1259,27.6,81,16.8,96,1007.4,1
2025-09-19,An_Giang,10.5216,105.1259,27.4,79,20.3,88,1008.9,1
2025-09-20,An_Giang,10.5216,105.1259,28.4,75,23.2,69,1008.5,1
2025-09-21,An_Giang,10.5216,105.1259,28.9,73,23.6,90,1007.7,0
2025-09-22,An_Giang,10.5216,105.1259,26.5,87,14.4,100,1008.5,1
2025-09-23,An_Giang,10.5216,105.1259,27.8,76,23.0,89,1007.7,1
2025-09-24,An_Giang,10.5216,105.1259,28.0,79,21.0,99,1006.1,1
2025-09-25,An_Giang,10.5216,105.1259,28.0,79,23.7,100,1006.7,1
2025-09-26,An_Giang,10.5216,105.1259,26.6,85,18.5,100,1008.3,1
2025-09-27,An_Giang,10.5216,105.1259,26.5,89,18.0,99,1007.9,1
2025-09-28,An_Giang,10.5216,105.1259,27.1,84,20.9,100,1005.9,1
2025-09-29,An_Giang,10.5216,105.1259,25.9,88,24.9,100,1007.8,1
2025-09-30,An_Giang,10.5216,105.1259,26.8,85,16.8,95,1009.5,1
2025-10-01,An_Giang,10.5216,105.1259,27.0,85,11.0,89,1010.0,1
2025-10-02,An_Giang,10.5216,105.1259,27.6,84,8.5,60,1010.0,1
2025-10-03,An_Giang,10.5216,105.1259,26.3,88,13.0,97,1010.7,1
2025-10-04,An_Giang,10.5216,105.1259,27.7,81,13.1,98,1010.8,1
2025-10-05,An_Giang,10.5216,105.1259,27.8,80,15.8,94,1010.9,1
2025-10-06,An_Giang,10.5216,105.1259,27.9,81,15.1,100,1010.5,1
2025-10-07,An_Giang,10.5216,105.1259,27.5,82,14.1,82,1010.6,1
2025-10-08,An_Giang,10.5216,105.1259,26.8,85,11.1,84,1009.8,1
2025-10-09,An_Giang,10.5216,105.1259,26.3,86,10.6,92,1009.3,1
2025-10-10,An_Giang,10.5216,105.1259,26.6,88,9.5,87,1008.5,1
2025-10-11,An_Giang,10.5216,105.1259,26.5,87,14.6,98,1008.4,1
2025-10-12,An_Giang,10.5216,105.1259,26.8,88,17.2,95,1008.5,1
2025-10-13,An_Giang,10.5216,105.1259,27.0,86,9.9,99,1008.5,1
2025-10-14,An_Giang,10.5216,105.1259,26.9,87,7.8,100,1008.6,1
2025-10-15,An_Giang,10.5216,105.1259,27.6,84,11.2,81,1007.7,1
2025-10-16,An_Giang,10.5216,105.1259,27.1,85,18.6,100,1007.5,1
2025-10-17,An_Giang,10.5216,105.1259,27.3,84,12.4,100,1008.2,1
2025-10-18,An_Giang,10.5216,105.1259,26.8,86,11.4,91,1007.9,1
2025-10-19,An_Giang,10.5216,105.1259,27.5,84,13.1,92,1006.5,1
2025-10-20,An_Giang,10.5216,105.1259,27.7,84,13.0,99,1006.6,1
2025-10-21,An_Giang,10.5216,105.1259,27.2,86,13.7,100,1007.4,1
2025-10-22,An_Giang,10.5216,105.1259,27.3,86,13.3,100,1007.7,1
2025-10-23,An_Giang,10.5216,105.1259,26.4,88,14.6,100,1008.6,1
2025-10-24,An_Giang,10.5216,105.1259,26.9,87,13.9,98,1008.8,1
2025-10-25,An_Giang,10.5216,105.1259,26.3,88,14.0,100,1008.7,1
2025-10-26,An_Giang,10.5216,105.1259,26.1,88,12.6,92,1009.0,1
2025-10-27,An_Giang,10.5216,105.1259,26.4,84,14.0,98,1009.2,1
2025-10-28,An_Giang,10.5216,105.1259,25.7,89,16.3,100,1008.6,1
2025-10-29,An_Giang,10.5216,105.1259,25.6,90,13.9,100,1007.7,1
2025-10-30,An_Giang,10.5216,105.1259,26.4,86,8.0,100,1008.6,1
2025-10-31,An_Giang,10.5216,105.1259,26.6,87,13.0,78,1010.6,1
2025-11-01,An_Giang,10.5216,105.1259,27.0,88,9.8,86,1010.7,1
2025-11-02,An_Giang,10.5216,105.1259,26.5,90,12.2,98,1010.2,1
2025-11-03,An_Giang,10.5216,105.1259,25.8,92,9.0,100,1009.4,1
2025-11-04,An_Giang,10.5216,105.1259,26.6,88,13.4,99,1008.9,1
2025-11-05,An_Giang,10.5216,105.1259,26.7,88,10.4,100,1007.7,1
2025-11-06,An_Giang,10.5216,105.1259,26.6,88,11.0,100,1006.4,1
2025-11-07,An_Giang,10.5216,105.1259,26.6,88,14.1,100,1007.1,1
2025-11-08,An_Giang,10.5216,105.1259,26.6,88,12.1,93,1009.4,1
2025-11-09,An_Giang,10.5216,105.1259,27.1,86,16.7,98,1009.0,1
2025-11-10,An_Giang,10.5216,105.1259,26.9,86,9.0,100,1008.4,1
2025-11-11,An_Giang,10.5216,105.1259,27.4,84,10.5,100,1008.8,1
2025-11-12,An_Giang,10.5216,105.1259,26.5,88,10.7,100,1010.1,1
2025-11-13,An_Giang,10.5216,105.1259,26.7,86,8.9,93,1011.2,1
2025-11-14,An_Giang,10.5216,105.1259,26.9,76,16.4,81,1010.7,1
2025-11-15,An_Giang,10.5216,105.1259,26.0,69,19.1,50,1010.8,0
2025-11-16,An_Giang,10.5216,105.1259,25.5,81,18.5,92,1011.0,1
2025-11-17,An_Giang,10.5216,105.1259,25.5,89,17.8,100,1010.8,1
2025-11-18,An_Giang,10.5216,105.1259,26.4,86,14.7,94,1010.0,1
2025-11-19,An_Giang,10.5216,105.1259,25.8,86,24.7,100,1010.6,1
2025-11-20,An_Giang,10.5216,105.1259,24.6,77,21.5,100,1011.4,1
2025-11-21,An_Giang,10.5216,105.1259,25.6,72,24.7,98,1011.5,0
2025-11-22,An_Giang,10.5216,105.1259,25.5,75,18.8,100,1011.0,1
2025-11-23,An_Giang,10.5216,105.1259,26.0,82,20.9,90,1010.0,1
2025-11-24,An_Giang,10.5216,105.1259,27.0,80,17.6,86,1009.3,1
2025-11-25,An_Giang,10.5216,105.1259,26.9,73,21.3,55,1009.0,0
2025-11-26,An_Giang,10.5216,105.1259,25.9,65,19.9,86,1009.7,0
2025-11-27,An_Giang,10.5216,105.1259,25.5,65,26.0,85,1010.3,0
2025-11-28,An_Giang,10.5216,105.1259,23.4,64,20.5,95,1010.6,0
2025-11-29,An_Giang,10.5216,105.1259,24.7,68,14.9,95,1009.9,0
2025-11-30,An_Giang,10.5216,105.1259,25.7,72,8.6,36,1010.0,0
2025-12-01,An_Giang,10.5216,105.1259,26.8,76,11.6,27,1009.9,0
2025-12-02,An_Giang,10.5216,105.1259,27.8,76,12.4,47,1009.8,1
2025-12-03,An_Giang,10.5216,105.1259,27.0,86,11.2,72,1010.7,1
2025-12-04,An_Giang,10.5216,105.1259,26.0,87,19.3,79,1011.0,1
2025-12-05,An_Giang,10.5216,105.1259,26.4,84,11.9,34,1012.3,1
2025-12-06,An_Giang,10.5216,105.1259,26.2,75,15.3,63,1012.1,0
2025-12-07,An_Giang,10.5216,105.1259,25.9,73,15.9,77,1011.8,0
2025-12-08,An_Giang,10.5216,105.1259,24.9,66,14.6,99,1012.0,0
2025-12-09,An_Giang,10.5216,105.1259,25.5,68,15.5,88,1011.2,0
2025-12-10,An_Giang,10.5216,105.1259,25.9,74,20.5,95,1010.6,1
2025-12-11,An_Giang,10.5216,105.1259,26.0,83,16.7,99,1010.5,1
2025-12-12,An_Giang,10.5216,105.1259,26.9,77,14.7,96,1010.0,1
2025-12-13,An_Giang,10.5216,105.1259,26.6,82,14.7,98,1009.9,1
2025-12-14,An_Giang,10.5216,105.1259,26.5,80,15.3,99,1010.1,1
2025-12-15,An_Giang,10.5216,105.1259,26.7,70,14.1,100,1010.9,0
2025-12-16,An_Giang,10.5216,105.1259,26.4,76,12.1,78,1010.6,0
2025-12-17,An_Giang,10.5216,105.1259,26.4,81,11.4,87,1010.7,0
2025-12-18,An_Giang,10.5216,105.1259,26.4,78,14.8,79,1010.5,1
2025-12-19,An_Giang,10.5216,105.1259,26.8,70,14.1,82,1009.1,0
2025-12-20,An_Giang,10.5216,105.1259,27.0,72,16.7,99,1008.5,0
2025-12-21,An_Giang,10.5216,105.1259,27.1,71,18.5,80,1009.1,1
2025-12-22,An_Giang,10.5216,105.1259,27.0,77,13.7,80,1009.0,1
2025-12-23,An_Giang,10.5216,105.1259,26.5,80,11.1,82,1008.7,0
2025-12-24,An_Giang,10.5216,105.1259,26.4,81,11.2,73,1008.2,1
2025-12-25,An_Giang,10.5216,105.1259,26.6,87,12.2,96,1009.0,1
2025-12-26,An_Giang,10.5216,105.1259,26.1,82,16.1,93,1010.1,1
2025-12-27,An_Giang,10.5216,105.1259,25.7,78,11.8,77,1011.1,0
2025-12-28,An_Giang,10.5216,105.1259,25.6,78,12.4,62,1011.6,0
2025-12-29,An_Giang,10.5216,105.1259,25.4,79,11.4,97,1011.1,0
2025-12-30,An_Giang,10.5216,105.1259,24.9,79,7.7,71,1010.3,0
2025-12-31,An_Giang,10.5216,105.1259,24.5,78,9.4,43,1009.1,0
2026-01-01,An_Giang,10.5216,105.1259,24.6,79,10.4,64,1010.3,0
2026-01-02,An_Giang,10.5216,105.1259,24.8,75,11.8,43,1011.9,0
2026-01-03,An_Giang,10.5216,105.1259,24.5,73,14.0,45,1012.9,0
2026-01-04,An_Giang,10.5216,105.1259,24.4,72,12.7,81,1012.8,0
2026-01-05,An_Giang,10.5216,105.1259,25.1,74,12.2,79,1012.4,0
2026-01-06,An_Giang,10.5216,105.1259,25.4,83,13.8,99,1012.8,1
2026-01-07,An_Giang,10.5216,105.1259,24.9,72,15.2,55,1013.6,0
2026-01-08,An_Giang,10.5216,105.1259,24.0,70,18.2,57,1014.7,1
2026-01-09,An_Giang,10.5216,105.1259,22.4,63,16.8,59,1014.7,0
2026-01-10,An_Giang,10.5216,105.1259,21.8,67,8.9,54,1014.2,0
2026-01-11,An_Giang,10.5216,105.1259,22.9,68,11.9,54,1015.0,0
2026-01-12,An_Giang,10.5216,105.1259,24.7,68,9.7,47,1014.3,0
2026-01-13,An_Giang,10.5216,105.1259,25.7,74,9.9,57,1013.6,1
2026-01-14,An_Giang,10.5216,105.1259,25.0,79,9.8,28,1012.4,1
2026-01-15,An_Giang,10.5216,105.1259,25.4,80,10.4,34,1011.8,1
2026-01-16,An_Giang,10.5216,105.1259,25.9,79,11.4,80,1010.7,0
2026-01-17,An_Giang,10.5216,105.1259,25.9,77,12.8,59,1009.1,0
2026-01-18,An_Giang,10.5216,105.1259,25.6,79,10.8,73,1008.5,1
2026-01-19,An_Giang,10.5216,105.1259,25.1,80,11.8,80,1009.8,1
2026-01-20,An_Giang,10.5216,105.1259,25.0,78,11.7,39,1010.7,0
2026-01-21,An_Giang,10.5216,105.1259,25.2,71,15.3,65,1011.9,0
2026-01-22,An_Giang,10.5216,105.1259,24.2,75,12.8,81,1013.2,1
2026-01-23,An_Giang,10.5216,105.1259,24.6,75,12.1,36,1014.3,0
2026-01-24,An_Giang,10.5216,105.1259,24.7,76,10.4,19,1014.3,0
2026-01-25,An_Giang,10.5216,105.1259,24.6,79,9.4,22,1013.6,1
2026-01-26,An_Giang,10.5216,105.1259,24.9,77,11.6,22,1013.7,0
2026-01-27,An_Giang,10.5216,105.1259,24.9,76,14.2,60,1014.2,0
2026-01-28,An_Giang,10.5216,105.1259,24.9,78,11.2,37,1013.7,0
2026-01-29,An_Giang,10.5216,105.1259,25.4,75,13.2,35,1013.5,0
2026-01-30,An_Giang,10.5216,105.1259,25.5,74,10.4,75,1014.1,0
2026-01-31,An_Giang,10.5216,105.1259,25.9,75,11.7,64,1013.9,0
2026-02-01,An_Giang,10.5216,105.1259,25.3,70,14.0,82,1013.8,0
2026-02-02,An_Giang,10.5216,105.1259,25.1,70,14.4,74,1013.9,0
2026-02-03,An_Giang,10.5216,105.1259,26.1,72,11.6,82,1014.0,1
2026-02-04,An_Giang,10.5216,105.1259,26.4,76,10.6,67,1013.5,0
2026-02-05,An_Giang,10.5216,105.1259,26.2,78,10.1,63,1013.0,1
2026-02-06,An_Giang,10.5216,105.1259,26.1,83,10.8,82,1012.2,1
2026-02-07,An_Giang,10.5216,105.1259,26.4,81,12.7,70,1011.4,1
2026-02-08,An_Giang,10.5216,105.1259,25.9,78,14.6,61,1012.0,1
2026-02-09,An_Giang,10.5216,105.1259,25.7,74,13.0,64,1011.5,0
2026-02-10,An_Giang,10.5216,105.1259,26.1,76,10.4,40,1011.9,0
2026-02-11,An_Giang,10.5216,105.1259,25.6,85,13.9,81,1013.4,1
2026-02-12,An_Giang,10.5216,105.1259,26.3,83,11.9,91,1012.2,1
2026-02-13,An_Giang,10.5216,105.1259,26.9,76,14.9,87,1010.7,0
2026-02-14,An_Giang,10.5216,105.1259,26.2,80,13.5,82,1010.4,1
2026-02-15,An_Giang,10.5216,105.1259,26.4,81,12.0,73,1009.8,1
2026-02-16,An_Giang,10.5216,105.1259,27.2,71,12.6,55,1009.1,0
2026-02-17,An_Giang,10.5216,105.1259,27.2,69,16.4,94,1009.6,0
2026-02-18,An_Giang,10.5216,105.1259,27.1,69,14.4,90,1010.7,0
2026-02-19,An_Giang,10.5216,105.1259,27.2,74,14.3,67,1012.1,0
2026-02-20,An_Giang,10.5216,105.1259,26.9,73,10.9,28,1012.2,0
2026-02-21,An_Giang,10.5216,105.1259,26.5,76,9.0,12,1009.5,0
2026-02-22,An_Giang,10.5216,105.1259,26.8,78,9.0,38,1008.0,0
2026-02-23,An_Giang,10.5216,105.1259,27.0,79,11.1,57,1008.4,1
2026-02-24,An_Giang,10.5216,105.1259,26.7,75,11.8,76,1009.1,0
2026-02-25,An_Giang,10.5216,105.1259,26.9,76,10.9,95,1009.4,0
2026-02-26,An_Giang,10.5216,105.1259,26.1,83,11.1,94,1008.4,1
2026-02-27,An_Giang,10.5216,105.1259,25.4,90,9.8,98,1007.6,1
2026-02-28,An_Giang,10.5216,105.1259,26.0,87,8.1,40,1007.5,1
2026-03-01,An_Giang,10.5216,105.1259,26.4,89,9.4,35,1007.8,1
2026-03-02,An_Giang,10.5216,105.1259,27.2,87,8.5,37,1008.8,1
2026-03-03,An_Giang,10.5216,105.1259,27.3,87,10.5,65,1009.2,1
2026-03-04,An_Giang,10.5216,105.1259,27.2,85,15.1,32,1009.4,1
2026-03-05,An_Giang,10.5216,105.1259,26.6,82,10.3,46,1009.4,1
2026-03-06,An_Giang,10.5216,105.1259,24.6,91,14.1,55,1010.7,1
2026-03-07,An_Giang,10.5216,105.1259,25.5,86,13.7,39,1011.0,1
2026-03-08,An_Giang,10.5216,105.1259,26.4,79,10.2,12,1010.8,1
2026-03-09,An_Giang,10.5216,105.1259,26.2,82,12.2,15,1011.5,1
2026-03-10,An_Giang,10.5216,105.1259,26.6,82,10.8,31,1012.1,1
2026-03-11,An_Giang,10.5216,105.1259,26.9,77,12.4,54,1011.2,1
2026-03-12,An_Giang,10.5216,105.1259,26.4,79,14.4,42,1010.4,1
2026-03-13,An_Giang,10.5216,105.1259,25.1,82,11.7,56,1011.3,1
2026-03-14,An_Giang,10.5216,105.1259,26.4,79,11.6,39,1012.0,1
2026-03-15,An_Giang,10.5216,105.1259,26.3,78,15.5,26,1012.5,1
2026-03-16,An_Giang,10.5216,105.1259,26.8,73,14.3,16,1011.2,1
2026-03-17,An_Giang,10.5216,105.1259,27.1,71,15.9,52,1011.2,1
2026-03-18,An_Giang,10.5216,105.1259,27.0,73,12.5,27,1011.5,0
2026-03-19,An_Giang,10.5216,105.1259,26.8,75,13.6,40,1011.3,0
2026-03-20,An_Giang,10.5216,105.1259,27.0,75,12.6,61,1011.2,1
2026-03-21,An_Giang,10.5216,105.1259,27.2,73,12.7,34,1011.4,1
2026-03-22,An_Giang,10.5216,105.1259,27.5,70,14.5,12,1010.9,0
2026-03-23,An_Giang,10.5216,105.1259,27.6,70,12.7,19,1010.5,1
2026-03-24,An_Giang,10.5216,105.1259,27.5,71,14.3,15,1009.5,0
2026-03-25,An_Giang,10.5216,105.1259,27.8,69,11.7,12,1009.5,0
2026-03-26,An_Giang,10.5216,105.1259,27.8,68,13.3,31,1009.5,0
2026-03-27,An_Giang,10.5216,105.1259,27.6,67,12.1,33,1009.4,0
2026-03-28,An_Giang,10.5216,105.1259,27.5,69,12.8,32,1008.7,0
2026-03-29,An_Giang,10.5216,105.1259,28.1,72,14.2,32,1009.1,0
2026-03-30,An_Giang,10.5216,105.1259,28.4,70,9.7,32,1009.8,1
2026-03-31,An_Giang,10.5216,105.1259,28.6,70,10.5,55,1010.1,0
2026-04-01,An_Giang,10.5216,105.1259,29.0,68,12.3,17,1009.7,0
2026-04-02,An_Giang,10.5216,105.1259,28.7,64,13.5,5,1010.4,0
2026-04-03,An_Giang,10.5216,105.1259,28.6,67,13.9,15,1009.7,0
2026-04-04,An_Giang,10.5216,105.1259,28.7,64,9.2,63,1008.3,0
2026-04-05,An_Giang,10.5216,105.1259,29.5,66,14.5,22,1007.6,0
2026-04-06,An_Giang,10.5216,105.1259,29.2,64,13.6,1,1009.1,0
2026-04-07,An_Giang,10.5216,105.1259,29.7,69,13.0,36,1009.6,0
2026-04-08,An_Giang,10.5216,105.1259,30.5,66,11.8,46,1009.3,1
2026-04-09,An_Giang,10.5216,105.1259,29.8,67,17.4,20,1010.3,0
2026-04-10,An_Giang,10.5216,105.1259,30.3,62,11.6,16,1010.3,0
2026-04-11,An_Giang,10.5216,105.1259,30.3,67,14.8,17,1009.3,1
2026-04-12,An_Giang,10.5216,105.1259,29.9,67,14.0,10,1008.2,1
2026-04-13,An_Giang,10.5216,105.1259,30.0,65,13.6,9,1009.3,0
2026-04-14,An_Giang,10.5216,105.1259,30.2,67,13.0,15,1009.0,0
2026-04-15,An_Giang,10.5216,105.1259,29.4,71,9.7,51,1008.2,1
2026-04-16,An_Giang,10.5216,105.1259,30.6,63,12.0,12,1008.1,0
2026-04-17,An_Giang,10.5216,105.1259,30.5,59,13.2,4,1008.7,0
2026-04-18,An_Giang,10.5216,105.1259,30.5,61,11.5,29,1008.4,0
2026-04-19,An_Giang,10.5216,105.1259,30.1,64,14.1,28,1008.6,1
2026-04-20,An_Giang,10.5216,105.1259,28.5,75,11.5,62,1009.0,1
2026-04-21,An_Giang,10.5216,105.1259,28.7,66,12.4,43,1008.4,1
2026-04-22,An_Giang,10.5216,105.1259,28.8,64,12.8,44,1007.9,0
2026-04-23,An_Giang,10.5216,105.1259,28.8,68,12.9,15,1007.5,0
2026-04-24,An_Giang,10.5216,105.1259,28.7,68,10.8,80,1008.2,0
2026-04-25,An_Giang,10.5216,105.1259,28.4,73,15.6,62,1009.6,1
2026-04-26,An_Giang,10.5216,105.1259,29.4,69,12.1,62,1009.3,0
2026-04-27,An_Giang,10.5216,105.1259,29.9,67,11.3,57,1008.3,1
2026-04-28,An_Giang,10.5216,105.1259,30.2,69,10.1,72,1008.3,1
2026-04-29,An_Giang,10.5216,105.1259,29.4,69,6.7,50,1008.9,0
2026-04-30,An_Giang,10.5216,105.1259,30.1,65,11.3,57,1009.3,1
2026-05-01,An_Giang,10.5216,105.1259,30.2,64,14.4,74,1009.1,0
2026-05-02,An_Giang,10.5216,105.1259,29.4,73,13.2,72,1008.8,1
2026-05-03,An_Giang,10.5216,105.1259,28.0,83,14.0,97,1008.8,1
2026-05-04,An_Giang,10.5216,105.1259,27.1,89,17.5,86,1009.8,1
2026-05-05,An_Giang,10.5216,105.1259,28.0,83,13.9,99,1009.0,1
2026-05-06,An_Giang,10.5216,105.1259,28.1,83,15.2,99,1008.5,1
2026-05-07,An_Giang,10.5216,105.1259,28.8,82,11.4,65,1007.7,1
2026-05-08,An_Giang,10.5216,105.1259,28.9,77,10.9,98,1008.2,1
2026-05-09,An_Giang,10.5216,105.1259,30.0,68,11.5,84,1008.6,1
2026-05-10,An_Giang,10.5216,105.1259,29.2,77,15.7,89,1008.4,1
2026-05-11,An_Giang,10.5216,105.1259,28.7,78,19.2,87,1008.7,1
2026-05-12,An_Giang,10.5216,105.1259,29.5,77,14.8,85,1007.7,1
2026-05-13,An_Giang,10.5216,105.1259,30.0,72,14.5,84,1006.9,1
2026-05-14,An_Giang,10.5216,105.1259,30.6,69,17.5,91,1006.7,1
2026-05-15,An_Giang,10.5216,105.1259,30.6,70,16.7,90,1006.3,1
2026-05-16,An_Giang,10.5216,105.1259,30.7,70,16.7,95,1006.6,1
2026-05-17,An_Giang,10.5216,105.1259,29.8,75,12.4,92,1006.2,1
2026-05-18,An_Giang,10.5216,105.1259,29.0,77,20.2,84,1006.1,1
2026-05-19,An_Giang,10.5216,105.1259,28.9,79,21.8,96,1005.8,1
