date,destination,latitude,longitude,temp,humidity,wind_speed,cloud_cover,pressure,rain
2020-01-01,Dak_Lak,12.71,108.2378,21.6,86,33.7,88,953.1,1
2020-01-02,Dak_Lak,12.71,108.2378,21.7,85,38.8,63,953.5,1
2020-01-03,Dak_Lak,12.71,108.2378,21.2,83,33.9,70,952.4,1
2020-01-04,Dak_Lak,12.71,108.2378,20.5,82,32.7,80,950.8,1
2020-01-05,Dak_Lak,12.71,108.2378,20.2,77,28.9,46,950.5,1
2020-01-06,Dak_Lak,12.71,108.2378,21.0,84,23.2,77,950.7,0
2020-01-07,Dak_Lak,12.71,108.2378,21.9,84,27.1,92,949.8,0
2020-01-08,Dak_Lak,12.71,108.2378,21.9,82,28.1,92,950.0,1
2020-01-09,Dak_Lak,12.71,108.2378,21.7,82,30.5,69,948.9,0
2020-01-10,Dak_Lak,12.71,108.2378,21.3,80,23.9,46,948.3,0
2020-01-11,Dak_Lak,12.71,108.2378,21.9,81,18.8,96,947.9,0
2020-01-12,Dak_Lak,12.71,108.2378,21.2,82,25.8,87,948.3,0
2020-01-13,Dak_Lak,12.71,108.2378,20.8,78,27.9,53,948.6,0
2020-01-14,Dak_Lak,12.71,108.2378,20.1,78,29.0,54,949.5,1
2020-01-15,Dak_Lak,12.71,108.2378,21.1,79,23.8,44,949.4,0
2020-01-16,Dak_Lak,12.71,108.2378,21.8,81,18.9,46,949.7,0
2020-01-17,Dak_Lak,12.71,108.2378,21.6,80,25.3,74,950.9,0
2020-01-18,Dak_Lak,12.71,108.2378,20.8,77,25.4,42,950.5,1
2020-01-19,Dak_Lak,12.71,108.2378,20.6,78,28.6,57,951.2,0
2020-01-20,Dak_Lak,12.71,108.2378,20.6,77,29.3,43,951.8,0
2020-01-21,Dak_Lak,12.71,108.2378,21.3,79,26.1,58,952.7,0
2020-01-22,Dak_Lak,12.71,108.2378,21.5,79,23.2,50,951.4,0
2020-01-23,Dak_Lak,12.71,108.2378,22.1,77,22.9,18,950.1,0
2020-01-24,Dak_Lak,12.71,108.2378,22.2,75,21.6,90,949.7,0
2020-01-25,Dak_Lak,12.71,108.2378,23.3,74,19.9,72,948.0,0
2020-01-26,Dak_Lak,12.71,108.2378,23.9,76,23.0,71,947.7,0
2020-01-27,Dak_Lak,12.71,108.2378,23.6,70,21.3,49,947.7,1
2020-01-28,Dak_Lak,12.71,108.2378,23.6,74,22.8,55,948.4,0
2020-01-29,Dak_Lak,12.71,108.2378,22.5,77,23.3,70,950.2,1
2020-01-30,Dak_Lak,12.71,108.2378,20.4,78,28.3,77,950.7,0
2020-01-31,Dak_Lak,12.71,108.2378,19.4,73,28.7,75,951.4,0
2020-02-01,Dak_Lak,12.71,108.2378,19.8,72,29.2,43,951.5,1
2020-02-02,Dak_Lak,12.71,108.2378,20.1,73,28.0,32,952.0,0
2020-02-03,Dak_Lak,12.71,108.2378,20.8,74,25.1,57,951.1,0
2020-02-04,Dak_Lak,12.71,108.2378,21.6,75,24.3,50,950.3,0
2020-02-05,Dak_Lak,12.71,108.2378,20.6,74,29.0,85,950.3,0
2020-02-06,Dak_Lak,12.71,108.2378,20.9,69,24.5,63,950.6,0
2020-02-07,Dak_Lak,12.71,108.2378,21.2,73,25.3,68,951.1,0
2020-02-08,Dak_Lak,12.71,108.2378,21.3,79,32.4,76,951.9,1
2020-02-09,Dak_Lak,12.71,108.2378,20.7,78,40.6,84,952.3,0
2020-02-10,Dak_Lak,12.71,108.2378,20.8,79,40.0,83,951.8,0
2020-02-11,Dak_Lak,12.71,108.2378,22.4,76,28.4,56,952.0,1
2020-02-12,Dak_Lak,12.71,108.2378,23.7,76,23.8,41,950.8,1
2020-02-13,Dak_Lak,12.71,108.2378,24.8,73,21.7,55,949.6,1
2020-02-14,Dak_Lak,12.71,108.2378,25.6,71,15.0,28,947.8,1
2020-02-15,Dak_Lak,12.71,108.2378,26.1,71,12.1,19,948.2,1
2020-02-16,Dak_Lak,12.71,108.2378,25.9,72,25.5,40,950.2,1
2020-02-17,Dak_Lak,12.71,108.2378,22.6,78,36.1,47,952.7,0
2020-02-18,Dak_Lak,12.71,108.2378,21.0,79,37.8,53,952.9,1
2020-02-19,Dak_Lak,12.71,108.2378,20.9,76,31.6,42,953.0,0
2020-02-20,Dak_Lak,12.71,108.2378,21.1,77,31.1,49,952.9,1
2020-02-21,Dak_Lak,12.71,108.2378,20.7,80,30.8,70,954.5,1
2020-02-22,Dak_Lak,12.71,108.2378,20.4,77,34.0,66,954.6,1
2020-02-23,Dak_Lak,12.71,108.2378,20.6,74,31.9,47,953.5,1
2020-02-24,Dak_Lak,12.71,108.2378,20.6,73,29.1,49,951.4,0
2020-02-25,Dak_Lak,12.71,108.2378,21.5,79,26.7,37,949.8,0
2020-02-26,Dak_Lak,12.71,108.2378,22.8,76,28.2,63,950.4,0
2020-02-27,Dak_Lak,12.71,108.2378,22.6,75,30.3,78,949.8,1
2020-02-28,Dak_Lak,12.71,108.2378,22.5,74,26.8,63,948.9,0
2020-02-29,Dak_Lak,12.71,108.2378,23.4,78,24.0,41,948.1,0
2020-03-01,Dak_Lak,12.71,108.2378,24.4,74,22.5,71,948.5,0
2020-03-02,Dak_Lak,12.71,108.2378,24.1,74,26.5,74,948.6,0
2020-03-03,Dak_Lak,12.71,108.2378,24.2,72,25.5,81,948.8,0
2020-03-04,Dak_Lak,12.71,108.2378,24.4,71,23.7,52,948.7,0
2020-03-05,Dak_Lak,12.71,108.2378,24.1,75,26.3,67,949.5,0
2020-03-06,Dak_Lak,12.71,108.2378,24.8,67,21.3,58,950.0,0
2020-03-07,Dak_Lak,12.71,108.2378,26.2,65,16.1,62,949.4,0
2020-03-08,Dak_Lak,12.71,108.2378,28.0,64,9.7,28,947.2,0
2020-03-09,Dak_Lak,12.71,108.2378,29.0,59,18.1,28,945.8,0
2020-03-10,Dak_Lak,12.71,108.2378,28.5,63,17.3,29,946.7,1
2020-03-11,Dak_Lak,12.71,108.2378,26.1,67,27.1,23,948.8,0
2020-03-12,Dak_Lak,12.71,108.2378,25.7,67,24.7,26,949.8,0
2020-03-13,Dak_Lak,12.71,108.2378,26.6,61,21.4,70,949.8,0
2020-03-14,Dak_Lak,12.71,108.2378,25.4,66,25.2,62,949.2,0
2020-03-15,Dak_Lak,12.71,108.2378,24.6,73,30.7,60,949.9,0
2020-03-16,Dak_Lak,12.71,108.2378,24.9,72,26.4,69,950.3,0
2020-03-17,Dak_Lak,12.71,108.2378,25.4,70,24.4,33,950.4,0
2020-03-18,Dak_Lak,12.71,108.2378,25.1,68,26.3,75,948.8,0
2020-03-19,Dak_Lak,12.71,108.2378,26.0,65,23.4,31,948.4,0
2020-03-20,Dak_Lak,12.71,108.2378,25.3,63,26.6,59,949.1,0
2020-03-21,Dak_Lak,12.71,108.2378,25.9,66,22.0,30,949.3,0
2020-03-22,Dak_Lak,12.71,108.2378,26.1,63,21.0,15,948.7,0
2020-03-23,Dak_Lak,12.71,108.2378,26.1,61,25.4,9,948.1,0
2020-03-24,Dak_Lak,12.71,108.2378,26.0,62,24.0,3,947.7,0
2020-03-25,Dak_Lak,12.71,108.2378,26.0,67,25.6,24,946.8,0
2020-03-26,Dak_Lak,12.71,108.2378,26.6,62,21.1,11,947.7,0
2020-03-27,Dak_Lak,12.71,108.2378,26.9,63,19.5,48,948.0,0
2020-03-28,Dak_Lak,12.71,108.2378,26.9,66,18.0,26,947.2,1
2020-03-29,Dak_Lak,12.71,108.2378,26.6,63,23.5,23,946.8,0
2020-03-30,Dak_Lak,12.71,108.2378,27.4,64,16.6,14,946.9,0
2020-03-31,Dak_Lak,12.71,108.2378,28.0,64,20.1,14,947.5,0
2020-04-01,Dak_Lak,12.71,108.2378,27.2,66,23.6,21,947.7,0
2020-04-02,Dak_Lak,12.71,108.2378,26.4,62,24.4,39,948.6,0
2020-04-03,Dak_Lak,12.71,108.2378,26.6,65,28.0,19,949.0,0
2020-04-04,Dak_Lak,12.71,108.2378,26.8,68,26.8,7,949.2,0
2020-04-05,Dak_Lak,12.71,108.2378,26.4,69,25.4,16,949.2,0
2020-04-06,Dak_Lak,12.71,108.2378,26.7,67,23.1,48,948.6,0
2020-04-07,Dak_Lak,12.71,108.2378,25.5,73,17.4,51,948.2,1
2020-04-08,Dak_Lak,12.71,108.2378,26.1,73,20.4,79,948.7,1
2020-04-09,Dak_Lak,12.71,108.2378,26.0,71,21.8,94,949.5,0
2020-04-10,Dak_Lak,12.71,108.2378,25.4,77,20.8,89,950.2,1
2020-04-11,Dak_Lak,12.71,108.2378,26.2,74,17.5,86,949.4,1
2020-04-12,Dak_Lak,12.71,108.2378,26.1,72,22.5,70,948.7,1
2020-04-13,Dak_Lak,12.71,108.2378,23.3,85,27.9,98,949.1,1
2020-04-14,Dak_Lak,12.71,108.2378,22.4,82,28.8,83,949.7,1
2020-04-15,Dak_Lak,12.71,108.2378,23.5,75,24.7,52,949.6,0
2020-04-16,Dak_Lak,12.71,108.2378,24.9,70,21.3,76,948.4,0
2020-04-17,Dak_Lak,12.71,108.2378,25.8,71,22.0,84,948.5,0
2020-04-18,Dak_Lak,12.71,108.2378,26.6,73,17.1,93,949.4,1
2020-04-19,Dak_Lak,12.71,108.2378,27.7,68,11.4,54,948.5,1
2020-04-20,Dak_Lak,12.71,108.2378,27.8,67,21.0,19,948.2,0
2020-04-21,Dak_Lak,12.71,108.2378,27.6,64,23.7,56,947.5,0
2020-04-22,Dak_Lak,12.71,108.2378,27.7,66,23.4,69,947.5,0
2020-04-23,Dak_Lak,12.71,108.2378,27.5,67,25.2,66,948.3,0
2020-04-24,Dak_Lak,12.71,108.2378,26.3,71,28.5,79,948.8,0
2020-04-25,Dak_Lak,12.71,108.2378,25.6,76,33.0,50,948.9,1
2020-04-26,Dak_Lak,12.71,108.2378,25.1,74,30.4,67,949.6,1
2020-04-27,Dak_Lak,12.71,108.2378,24.5,74,30.8,84,950.3,1
2020-04-28,Dak_Lak,12.71,108.2378,24.4,72,30.4,75,949.9,0
2020-04-29,Dak_Lak,12.71,108.2378,25.0,72,27.9,72,949.1,0
2020-04-30,Dak_Lak,12.71,108.2378,26.1,70,25.8,50,949.1,1
2020-05-01,Dak_Lak,12.71,108.2378,27.0,68,22.1,47,947.4,0
2020-05-02,Dak_Lak,12.71,108.2378,27.4,65,22.7,24,946.6,0
2020-05-03,Dak_Lak,12.71,108.2378,28.1,64,24.3,29,946.6,0
2020-05-04,Dak_Lak,12.71,108.2378,29.0,61,18.6,10,947.2,0
2020-05-05,Dak_Lak,12.71,108.2378,29.1,62,20.0,25,946.5,1
2020-05-06,Dak_Lak,12.71,108.2378,29.9,56,15.7,23,946.1,1
2020-05-07,Dak_Lak,12.71,108.2378,30.4,60,13.5,32,945.7,0
2020-05-08,Dak_Lak,12.71,108.2378,29.8,62,18.4,77,945.9,1
2020-05-09,Dak_Lak,12.71,108.2378,29.9,63,13.7,70,946.9,1
2020-05-10,Dak_Lak,12.71,108.2378,30.5,56,20.3,45,946.7,0
2020-05-11,Dak_Lak,12.71,108.2378,29.3,56,18.8,62,947.0,0
2020-05-12,Dak_Lak,12.71,108.2378,29.5,59,20.9,87,947.1,1
2020-05-13,Dak_Lak,12.71,108.2378,28.6,62,24.7,37,947.0,0
2020-05-14,Dak_Lak,12.71,108.2378,28.6,64,20.1,77,946.6,0
2020-05-15,Dak_Lak,12.71,108.2378,28.8,62,20.1,75,944.7,0
2020-05-16,Dak_Lak,12.71,108.2378,27.9,70,11.6,82,944.7,1
2020-05-17,Dak_Lak,12.71,108.2378,26.5,77,16.1,93,944.4,1
2020-05-18,Dak_Lak,12.71,108.2378,28.3,69,16.6,89,944.4,1
2020-05-19,Dak_Lak,12.71,108.2378,27.2,76,18.9,79,944.6,1
2020-05-20,Dak_Lak,12.71,108.2378,27.1,78,18.1,93,945.3,1
2020-05-21,Dak_Lak,12.71,108.2378,28.2,72,16.6,88,945.4,0
2020-05-22,Dak_Lak,12.71,108.2378,28.3,72,16.3,80,945.4,1
2020-05-23,Dak_Lak,12.71,108.2378,26.9,79,18.5,97,946.3,1
2020-05-24,Dak_Lak,12.71,108.2378,27.1,77,17.4,86,947.5,1
2020-05-25,Dak_Lak,12.71,108.2378,26.4,80,17.9,74,948.4,1
2020-05-26,Dak_Lak,12.71,108.2378,27.1,79,16.1,39,948.0,1
2020-05-27,Dak_Lak,12.71,108.2378,26.6,79,14.5,70,947.8,1
2020-05-28,Dak_Lak,12.71,108.2378,26.1,82,14.9,89,947.8,1
2020-05-29,Dak_Lak,12.71,108.2378,26.0,82,8.4,70,947.9,1
2020-05-30,Dak_Lak,12.71,108.2378,26.0,81,11.4,74,949.3,1
2020-05-31,Dak_Lak,12.71,108.2378,26.1,81,10.8,39,948.8,1
2020-06-01,Dak_Lak,12.71,108.2378,26.1,82,9.6,48,948.5,1
2020-06-02,Dak_Lak,12.71,108.2378,25.7,82,12.8,48,947.5,1
2020-06-03,Dak_Lak,12.71,108.2378,25.7,80,16.4,83,946.5,1
2020-06-04,Dak_Lak,12.71,108.2378,25.5,82,15.9,88,946.5,1
2020-06-05,Dak_Lak,12.71,108.2378,26.5,78,13.8,71,946.5,1
2020-06-06,Dak_Lak,12.71,108.2378,26.1,80,17.0,63,946.5,1
2020-06-07,Dak_Lak,12.71,108.2378,26.1,79,15.5,53,945.8,1
2020-06-08,Dak_Lak,12.71,108.2378,26.8,78,15.0,28,945.3,1
2020-06-09,Dak_Lak,12.71,108.2378,26.5,79,13.3,72,945.6,1
2020-06-10,Dak_Lak,12.71,108.2378,25.4,84,10.8,68,946.0,1
2020-06-11,Dak_Lak,12.71,108.2378,25.1,84,12.2,78,945.0,1
2020-06-12,Dak_Lak,12.71,108.2378,25.9,82,11.5,56,943.4,1
2020-06-13,Dak_Lak,12.71,108.2378,25.8,84,14.9,84,943.2,1
2020-06-14,Dak_Lak,12.71,108.2378,25.3,84,18.7,97,945.0,1
2020-06-15,Dak_Lak,12.71,108.2378,25.0,82,12.8,99,947.3,1
2020-06-16,Dak_Lak,12.71,108.2378,25.2,83,14.6,87,947.2,1
2020-06-17,Dak_Lak,12.71,108.2378,25.4,83,11.9,87,946.6,1
2020-06-18,Dak_Lak,12.71,108.2378,25.9,82,11.8,51,946.4,1
2020-06-19,Dak_Lak,12.71,108.2378,26.6,78,8.0,68,946.2,1
2020-06-20,Dak_Lak,12.71,108.2378,26.1,82,14.2,79,945.8,1
2020-06-21,Dak_Lak,12.71,108.2378,25.7,82,13.5,78,944.8,1
2020-06-22,Dak_Lak,12.71,108.2378,25.6,81,14.0,35,944.7,1
2020-06-23,Dak_Lak,12.71,108.2378,26.6,77,10.2,44,945.8,1
2020-06-24,Dak_Lak,12.71,108.2378,26.4,79,10.5,72,945.6,1
2020-06-25,Dak_Lak,12.71,108.2378,25.7,82,16.5,88,945.3,1
2020-06-26,Dak_Lak,12.71,108.2378,25.2,82,10.8,84,945.6,1
2020-06-27,Dak_Lak,12.71,108.2378,24.8,84,16.7,95,945.7,1
2020-06-28,Dak_Lak,12.71,108.2378,24.1,85,16.6,99,945.4,1
2020-06-29,Dak_Lak,12.71,108.2378,23.8,84,20.9,100,945.3,1
2020-06-30,Dak_Lak,12.71,108.2378,23.8,85,23.0,93,945.1,1
2020-07-01,Dak_Lak,12.71,108.2378,23.5,87,23.3,82,944.5,1
2020-07-02,Dak_Lak,12.71,108.2378,24.2,85,21.6,80,943.7,1
2020-07-03,Dak_Lak,12.71,108.2378,24.1,86,20.4,96,945.4,1
2020-07-04,Dak_Lak,12.71,108.2378,24.4,86,15.9,51,946.4,1
2020-07-05,Dak_Lak,12.71,108.2378,25.0,84,9.8,37,944.6,1
2020-07-06,Dak_Lak,12.71,108.2378,25.1,84,12.1,45,944.4,1
2020-07-07,Dak_Lak,12.71,108.2378,25.7,81,9.7,33,946.4,1
2020-07-08,Dak_Lak,12.71,108.2378,25.9,80,10.7,80,946.6,1
2020-07-09,Dak_Lak,12.71,108.2378,25.6,82,10.8,87,944.8,1
2020-07-10,Dak_Lak,12.71,108.2378,25.4,82,13.4,83,945.3,1
2020-07-11,Dak_Lak,12.71,108.2378,25.8,80,12.3,95,945.3,1
2020-07-12,Dak_Lak,12.71,108.2378,25.7,79,11.6,92,944.7,1
2020-07-13,Dak_Lak,12.71,108.2378,25.6,80,12.3,46,945.2,1
2020-07-14,Dak_Lak,12.71,108.2378,25.0,86,12.3,50,945.5,1
2020-07-15,Dak_Lak,12.71,108.2378,25.4,83,11.0,50,944.9,1
2020-07-16,Dak_Lak,12.71,108.2378,25.7,81,8.4,22,944.7,1
2020-07-17,Dak_Lak,12.71,108.2378,26.0,80,8.2,65,945.8,1
2020-07-18,Dak_Lak,12.71,108.2378,25.2,85,10.1,63,946.2,1
2020-07-19,Dak_Lak,12.71,108.2378,25.8,80,10.5,60,945.6,1
2020-07-20,Dak_Lak,12.71,108.2378,25.7,81,12.0,65,945.5,1
2020-07-21,Dak_Lak,12.71,108.2378,25.1,82,18.0,64,946.1,1
2020-07-22,Dak_Lak,12.71,108.2378,25.4,83,10.9,51,945.9,1
2020-07-23,Dak_Lak,12.71,108.2378,24.8,86,12.1,83,946.1,1
2020-07-24,Dak_Lak,12.71,108.2378,24.7,83,10.6,94,946.2,1
2020-07-25,Dak_Lak,12.71,108.2378,25.5,80,10.9,56,945.7,1
2020-07-26,Dak_Lak,12.71,108.2378,25.3,83,10.9,60,945.6,1
2020-07-27,Dak_Lak,12.71,108.2378,25.1,84,15.9,65,944.8,1
2020-07-28,Dak_Lak,12.71,108.2378,25.5,84,12.4,58,945.2,1
2020-07-29,Dak_Lak,12.71,108.2378,25.4,86,11.4,91,945.1,1
2020-07-30,Dak_Lak,12.71,108.2378,24.9,88,15.9,83,944.1,1
2020-07-31,Dak_Lak,12.71,108.2378,22.9,94,21.9,100,941.7,1
2020-08-01,Dak_Lak,12.71,108.2378,23.6,91,27.9,100,940.7,1
2020-08-02,Dak_Lak,12.71,108.2378,24.6,84,32.3,91,941.6,1
2020-08-03,Dak_Lak,12.71,108.2378,24.6,84,24.6,97,942.8,1
2020-08-04,Dak_Lak,12.71,108.2378,25.0,84,22.9,88,943.2,1
2020-08-05,Dak_Lak,12.71,108.2378,24.9,85,14.0,92,944.5,1
2020-08-06,Dak_Lak,12.71,108.2378,24.4,88,12.0,85,944.6,1
2020-08-07,Dak_Lak,12.71,108.2378,24.3,87,9.1,98,944.0,1
2020-08-08,Dak_Lak,12.71,108.2378,24.3,88,15.2,87,944.1,1
2020-08-09,Dak_Lak,12.71,108.2378,24.7,84,22.7,80,944.2,1
2020-08-10,Dak_Lak,12.71,108.2378,25.1,83,21.6,88,945.1,1
2020-08-11,Dak_Lak,12.71,108.2378,25.1,85,18.8,92,945.4,1
2020-08-12,Dak_Lak,12.71,108.2378,24.1,86,19.1,99,946.5,1
2020-08-13,Dak_Lak,12.71,108.2378,24.3,87,15.2,100,946.6,1
2020-08-14,Dak_Lak,12.71,108.2378,24.6,84,14.3,99,946.4,1
2020-08-15,Dak_Lak,12.71,108.2378,25.1,82,12.7,85,946.1,1
2020-08-16,Dak_Lak,12.71,108.2378,25.7,79,12.6,59,945.7,1
2020-08-17,Dak_Lak,12.71,108.2378,25.3,82,13.6,71,944.9,1
2020-08-18,Dak_Lak,12.71,108.2378,24.9,83,14.0,77,944.5,1
2020-08-19,Dak_Lak,12.71,108.2378,23.8,88,17.4,82,944.5,1
2020-08-20,Dak_Lak,12.71,108.2378,23.4,88,14.2,100,945.3,1
2020-08-21,Dak_Lak,12.71,108.2378,24.7,79,15.4,78,946.2,1
2020-08-22,Dak_Lak,12.71,108.2378,25.3,81,16.5,78,946.2,1
2020-08-23,Dak_Lak,12.71,108.2378,25.7,79,18.6,90,946.7,1
2020-08-24,Dak_Lak,12.71,108.2378,25.9,78,17.2,79,947.0,1
2020-08-25,Dak_Lak,12.71,108.2378,26.7,76,12.4,48,946.0,0
2020-08-26,Dak_Lak,12.71,108.2378,26.6,80,18.1,31,945.0,1
2020-08-27,Dak_Lak,12.71,108.2378,26.0,81,22.0,92,943.9,1
2020-08-28,Dak_Lak,12.71,108.2378,26.1,82,19.4,97,943.4,1
2020-08-29,Dak_Lak,12.71,108.2378,25.8,80,15.9,83,943.8,1
2020-08-30,Dak_Lak,12.71,108.2378,25.7,82,15.9,68,944.0,1
2020-08-31,Dak_Lak,12.71,108.2378,25.8,80,12.3,71,944.7,1
2020-09-01,Dak_Lak,12.71,108.2378,24.7,87,12.3,80,945.0,1
2020-09-02,Dak_Lak,12.71,108.2378,24.9,86,10.4,91,945.6,1
2020-09-03,Dak_Lak,12.71,108.2378,24.9,86,15.5,79,945.9,1
2020-09-04,Dak_Lak,12.71,108.2378,25.5,85,12.0,71,945.8,1
2020-09-05,Dak_Lak,12.71,108.2378,25.8,82,10.3,66,945.4,1
2020-09-06,Dak_Lak,12.71,108.2378,25.1,85,16.7,87,945.1,1
2020-09-07,Dak_Lak,12.71,108.2378,25.2,85,14.2,73,945.7,1
2020-09-08,Dak_Lak,12.71,108.2378,25.6,82,10.1,77,946.8,1
2020-09-09,Dak_Lak,12.71,108.2378,25.3,84,11.9,87,946.5,1
2020-09-10,Dak_Lak,12.71,108.2378,24.9,84,11.8,86,944.6,1
2020-09-11,Dak_Lak,12.71,108.2378,24.9,84,9.7,49,945.8,1
2020-09-12,Dak_Lak,12.71,108.2378,24.9,86,12.2,44,947.3,1
2020-09-13,Dak_Lak,12.71,108.2378,24.7,86,16.9,46,947.1,1
2020-09-14,Dak_Lak,12.71,108.2378,24.5,85,11.2,78,946.2,1
2020-09-15,Dak_Lak,12.71,108.2378,25.1,83,9.7,64,946.0,1
2020-09-16,Dak_Lak,12.71,108.2378,25.0,85,13.8,100,945.2,1
2020-09-17,Dak_Lak,12.71,108.2378,23.4,92,19.1,100,942.5,1
2020-09-18,Dak_Lak,12.71,108.2378,23.7,89,24.2,100,940.3,1
2020-09-19,Dak_Lak,12.71,108.2378,23.8,87,18.3,100,945.0,1
2020-09-20,Dak_Lak,12.71,108.2378,24.7,83,12.9,96,947.5,1
2020-09-21,Dak_Lak,12.71,108.2378,25.0,85,12.3,74,946.7,1
2020-09-22,Dak_Lak,12.71,108.2378,25.0,85,16.0,50,946.3,1
2020-09-23,Dak_Lak,12.71,108.2378,25.0,83,11.2,70,946.8,1
2020-09-24,Dak_Lak,12.71,108.2378,24.5,84,12.7,71,947.4,1
2020-09-25,Dak_Lak,12.71,108.2378,24.5,86,14.4,87,946.7,1
2020-09-26,Dak_Lak,12.71,108.2378,23.8,91,11.4,77,945.8,1
2020-09-27,Dak_Lak,12.71,108.2378,23.7,90,19.8,91,944.4,1
2020-09-28,Dak_Lak,12.71,108.2378,24.6,84,18.0,92,944.7,1
2020-09-29,Dak_Lak,12.71,108.2378,24.5,81,19.8,99,945.8,1
2020-09-30,Dak_Lak,12.71,108.2378,24.5,86,13.6,92,944.6,1
2020-10-01,Dak_Lak,12.71,108.2378,24.3,89,10.3,80,943.9,1
2020-10-02,Dak_Lak,12.71,108.2378,25.0,87,19.2,81,944.4,1
2020-10-03,Dak_Lak,12.71,108.2378,24.8,86,12.6,93,945.7,1
2020-10-04,Dak_Lak,12.71,108.2378,24.4,89,12.9,96,946.2,1
2020-10-05,Dak_Lak,12.71,108.2378,23.7,89,14.2,96,945.5,1
2020-10-06,Dak_Lak,12.71,108.2378,23.4,90,17.2,99,944.6,1
2020-10-07,Dak_Lak,12.71,108.2378,23.2,91,12.6,100,942.3,1
2020-10-08,Dak_Lak,12.71,108.2378,23.8,89,12.3,100,943.7,1
2020-10-09,Dak_Lak,12.71,108.2378,23.3,93,14.5,100,945.0,1
2020-10-10,Dak_Lak,12.71,108.2378,23.5,90,17.0,93,944.4,1
2020-10-11,Dak_Lak,12.71,108.2378,23.4,89,18.2,100,942.4,1
2020-10-12,Dak_Lak,12.71,108.2378,24.2,87,14.0,92,941.5,1
2020-10-13,Dak_Lak,12.71,108.2378,23.9,88,14.0,100,942.3,1
2020-10-14,Dak_Lak,12.71,108.2378,24.0,87,10.9,100,943.0,1
2020-10-15,Dak_Lak,12.71,108.2378,24.1,88,9.4,99,943.0,1
2020-10-16,Dak_Lak,12.71,108.2378,22.6,95,14.0,100,942.0,1
2020-10-17,Dak_Lak,12.71,108.2378,23.1,89,22.0,100,942.6,1
2020-10-18,Dak_Lak,12.71,108.2378,23.8,85,21.4,100,945.2,1
2020-10-19,Dak_Lak,12.71,108.2378,24.3,84,13.3,89,945.9,1
2020-10-20,Dak_Lak,12.71,108.2378,24.0,89,16.3,79,946.0,1
2020-10-21,Dak_Lak,12.71,108.2378,22.9,92,23.9,99,946.0,1
2020-10-22,Dak_Lak,12.71,108.2378,22.9,81,15.6,100,945.5,0
2020-10-23,Dak_Lak,12.71,108.2378,23.1,81,14.4,100,946.1,0
2020-10-24,Dak_Lak,12.71,108.2378,23.7,80,12.3,93,946.9,1
2020-10-25,Dak_Lak,12.71,108.2378,24.1,84,11.3,67,946.7,1
2020-10-26,Dak_Lak,12.71,108.2378,24.0,84,9.5,85,946.2,1
2020-10-27,Dak_Lak,12.71,108.2378,23.8,85,21.0,100,943.8,1
2020-10-28,Dak_Lak,12.71,108.2378,22.1,88,31.3,99,940.2,1
2020-10-29,Dak_Lak,12.71,108.2378,24.3,77,21.1,88,946.1,1
2020-10-30,Dak_Lak,12.71,108.2378,24.0,82,20.9,48,948.4,1
2020-10-31,Dak_Lak,12.71,108.2378,23.4,90,26.9,76,948.3,1
2020-11-01,Dak_Lak,12.71,108.2378,23.0,87,25.5,92,948.3,1
2020-11-02,Dak_Lak,12.71,108.2378,21.9,83,20.6,76,948.8,1
2020-11-03,Dak_Lak,12.71,108.2378,22.3,82,18.8,92,949.2,1
2020-11-04,Dak_Lak,12.71,108.2378,22.6,83,16.6,97,948.5,1
2020-11-05,Dak_Lak,12.71,108.2378,23.9,80,12.5,85,947.6,1
2020-11-06,Dak_Lak,12.71,108.2378,23.6,87,12.5,95,947.8,1
2020-11-07,Dak_Lak,12.71,108.2378,23.1,88,24.3,60,949.5,1
2020-11-08,Dak_Lak,12.71,108.2378,22.1,82,24.5,60,949.3,1
2020-11-09,Dak_Lak,12.71,108.2378,22.0,85,23.3,94,946.7,1
2020-11-10,Dak_Lak,12.71,108.2378,20.5,94,31.7,100,943.2,1
2020-11-11,Dak_Lak,12.71,108.2378,23.4,88,25.8,60,947.3,1
2020-11-12,Dak_Lak,12.71,108.2378,22.8,88,30.9,64,949.2,1
2020-11-13,Dak_Lak,12.71,108.2378,22.2,82,22.2,93,947.7,0
2020-11-14,Dak_Lak,12.71,108.2378,23.7,74,11.9,98,945.9,0
2020-11-15,Dak_Lak,12.71,108.2378,24.1,83,19.1,79,948.1,1
2020-11-16,Dak_Lak,12.71,108.2378,23.5,87,24.9,50,948.8,1
2020-11-17,Dak_Lak,12.71,108.2378,23.3,84,25.0,49,947.8,1
2020-11-18,Dak_Lak,12.71,108.2378,23.7,84,20.2,47,947.1,0
2020-11-19,Dak_Lak,12.71,108.2378,23.7,83,18.9,66,946.9,0
2020-11-20,Dak_Lak,12.71,108.2378,23.7,84,19.5,36,947.4,1
2020-11-21,Dak_Lak,12.71,108.2378,23.6,83,23.2,40,947.7,0
2020-11-22,Dak_Lak,12.71,108.2378,23.2,82,22.2,42,949.1,1
2020-11-23,Dak_Lak,12.71,108.2378,22.6,85,26.0,56,949.4,1
2020-11-24,Dak_Lak,12.71,108.2378,22.4,86,25.5,52,949.3,1
2020-11-25,Dak_Lak,12.71,108.2378,22.5,86,29.9,80,948.9,1
2020-11-26,Dak_Lak,12.71,108.2378,22.8,84,28.3,86,949.5,1
2020-11-27,Dak_Lak,12.71,108.2378,22.3,85,34.8,63,949.8,1
2020-11-28,Dak_Lak,12.71,108.2378,22.0,90,30.0,96,949.3,1
2020-11-29,Dak_Lak,12.71,108.2378,21.2,95,29.3,100,948.6,1
2020-11-30,Dak_Lak,12.71,108.2378,21.1,96,32.4,100,948.5,1
2020-12-01,Dak_Lak,12.71,108.2378,21.5,91,35.4,96,949.1,1
2020-12-02,Dak_Lak,12.71,108.2378,21.5,86,38.0,50,949.5,1
2020-12-03,Dak_Lak,12.71,108.2378,20.4,78,33.7,42,949.6,0
2020-12-04,Dak_Lak,12.71,108.2378,19.3,81,28.8,64,949.4,1
2020-12-05,Dak_Lak,12.71,108.2378,19.5,85,30.1,90,949.9,1
2020-12-06,Dak_Lak,12.71,108.2378,20.0,83,27.4,93,949.9,0
2020-12-07,Dak_Lak,12.71,108.2378,20.2,89,27.1,95,950.0,1
2020-12-08,Dak_Lak,12.71,108.2378,20.7,86,25.1,96,949.7,1
2020-12-09,Dak_Lak,12.71,108.2378,19.9,88,21.3,97,948.3,1
2020-12-10,Dak_Lak,12.71,108.2378,21.2,88,22.8,71,947.7,1
2020-12-11,Dak_Lak,12.71,108.2378,22.7,85,19.7,79,948.0,1
2020-12-12,Dak_Lak,12.71,108.2378,22.4,87,24.7,74,947.4,1
2020-12-13,Dak_Lak,12.71,108.2378,23.2,85,20.6,77,946.9,0
2020-12-14,Dak_Lak,12.71,108.2378,23.0,89,21.1,91,947.9,1
2020-12-15,Dak_Lak,12.71,108.2378,22.6,87,32.0,74,949.4,1
2020-12-16,Dak_Lak,12.71,108.2378,21.9,88,34.8,82,950.0,1
2020-12-17,Dak_Lak,12.71,108.2378,21.6,87,36.9,80,949.0,1
2020-12-18,Dak_Lak,12.71,108.2378,21.4,87,34.9,94,948.9,1
2020-12-19,Dak_Lak,12.71,108.2378,20.7,85,30.9,84,949.8,1
2020-12-20,Dak_Lak,12.71,108.2378,19.3,82,26.4,98,950.0,1
2020-12-21,Dak_Lak,12.71,108.2378,18.5,83,24.4,100,948.6,0
2020-12-22,Dak_Lak,12.71,108.2378,19.2,84,24.7,100,947.1,0
2020-12-23,Dak_Lak,12.71,108.2378,20.1,91,30.7,100,946.5,1
2020-12-24,Dak_Lak,12.71,108.2378,21.1,91,27.9,98,947.1,1
2020-12-25,Dak_Lak,12.71,108.2378,21.5,90,27.4,94,948.5,1
2020-12-26,Dak_Lak,12.71,108.2378,21.9,85,28.7,73,948.7,0
2020-12-27,Dak_Lak,12.71,108.2378,21.6,84,22.5,87,948.3,1
2020-12-28,Dak_Lak,12.71,108.2378,20.9,83,26.6,76,947.3,0
2020-12-29,Dak_Lak,12.71,108.2378,21.1,82,18.3,74,947.4,0
2020-12-30,Dak_Lak,12.71,108.2378,20.4,84,34.0,97,949.0,1
2020-12-31,Dak_Lak,12.71,108.2378,18.3,85,37.9,98,950.4,1
2021-01-01,Dak_Lak,12.71,108.2378,16.9,86,32.0,99,950.6,1
2021-01-02,Dak_Lak,12.71,108.2378,17.6,88,27.9,87,949.9,1
2021-01-03,Dak_Lak,12.71,108.2378,19.0,87,33.7,96,949.5,1
2021-01-04,Dak_Lak,12.71,108.2378,20.4,90,35.9,100,949.1,1
2021-01-05,Dak_Lak,12.71,108.2378,20.7,89,31.2,96,949.4,1
2021-01-06,Dak_Lak,12.71,108.2378,20.5,88,32.4,95,948.8,1
2021-01-07,Dak_Lak,12.71,108.2378,20.6,85,30.9,70,948.3,1
2021-01-08,Dak_Lak,12.71,108.2378,20.1,84,33.4,80,949.1,1
2021-01-09,Dak_Lak,12.71,108.2378,18.6,87,33.2,91,949.5,1
2021-01-10,Dak_Lak,12.71,108.2378,18.7,85,35.0,67,949.5,1
2021-01-11,Dak_Lak,12.71,108.2378,18.3,82,33.7,93,950.9,0
2021-01-12,Dak_Lak,12.71,108.2378,16.1,77,30.5,55,951.2,0
2021-01-13,Dak_Lak,12.71,108.2378,15.5,81,29.6,27,949.7,0
2021-01-14,Dak_Lak,12.71,108.2378,16.9,83,24.5,62,949.2,0
2021-01-15,Dak_Lak,12.71,108.2378,17.8,82,27.5,50,947.8,0
2021-01-16,Dak_Lak,12.71,108.2378,18.8,83,21.7,55,948.1,0
2021-01-17,Dak_Lak,12.71,108.2378,19.3,80,28.8,73,950.7,1
2021-01-18,Dak_Lak,12.71,108.2378,18.1,76,31.5,66,951.0,0
2021-01-19,Dak_Lak,12.71,108.2378,17.3,83,24.9,82,949.6,0
2021-01-20,Dak_Lak,12.71,108.2378,19.1,85,24.6,53,949.0,0
2021-01-21,Dak_Lak,12.71,108.2378,20.7,84,20.6,88,948.2,0
2021-01-22,Dak_Lak,12.71,108.2378,21.2,81,21.3,79,947.8,0
2021-01-23,Dak_Lak,12.71,108.2378,20.4,83,21.3,68,948.4,0
2021-01-24,Dak_Lak,12.71,108.2378,20.6,83,20.2,47,948.9,0
2021-01-25,Dak_Lak,12.71,108.2378,20.5,79,22.2,71,948.7,0
2021-01-26,Dak_Lak,12.71,108.2378,20.8,78,24.7,58,948.6,0
2021-01-27,Dak_Lak,12.71,108.2378,20.9,84,28.1,85,948.8,0
2021-01-28,Dak_Lak,12.71,108.2378,20.1,79,31.1,91,950.5,0
2021-01-29,Dak_Lak,12.71,108.2378,19.4,77,34.2,92,950.8,1
2021-01-30,Dak_Lak,12.71,108.2378,19.6,79,32.5,91,950.7,0
2021-01-31,Dak_Lak,12.71,108.2378,20.2,83,28.5,91,950.9,1
2021-02-01,Dak_Lak,12.71,108.2378,20.2,77,24.1,44,951.0,0
2021-02-02,Dak_Lak,12.71,108.2378,20.0,79,29.9,94,951.0,0
2021-02-03,Dak_Lak,12.71,108.2378,20.5,79,32.2,54,951.0,0
2021-02-04,Dak_Lak,12.71,108.2378,20.7,80,32.9,67,951.4,1
2021-02-05,Dak_Lak,12.71,108.2378,21.1,77,26.3,54,950.8,0
2021-02-06,Dak_Lak,12.71,108.2378,20.4,80,27.8,57,949.4,0
2021-02-07,Dak_Lak,12.71,108.2378,21.2,80,23.8,68,949.5,0
2021-02-08,Dak_Lak,12.71,108.2378,21.6,79,27.6,63,949.1,0
2021-02-09,Dak_Lak,12.71,108.2378,22.7,81,20.6,59,947.6,1
2021-02-10,Dak_Lak,12.71,108.2378,22.3,84,17.7,68,947.6,1
2021-02-11,Dak_Lak,12.71,108.2378,20.1,77,23.1,67,948.4,0
2021-02-12,Dak_Lak,12.71,108.2378,19.4,75,22.2,32,949.5,0
2021-02-13,Dak_Lak,12.71,108.2378,19.2,75,21.0,53,950.0,0
2021-02-14,Dak_Lak,12.71,108.2378,19.2,75,20.8,41,950.2,0
2021-02-15,Dak_Lak,12.71,108.2378,19.7,74,20.4,42,948.9,0
2021-02-16,Dak_Lak,12.71,108.2378,20.4,70,21.5,30,948.5,0
2021-02-17,Dak_Lak,12.71,108.2378,20.2,73,31.7,31,950.6,0
2021-02-18,Dak_Lak,12.71,108.2378,20.1,75,34.7,52,952.5,1
2021-02-19,Dak_Lak,12.71,108.2378,20.2,77,35.9,58,952.6,1
2021-02-20,Dak_Lak,12.71,108.2378,19.5,77,34.6,61,951.5,1
2021-02-21,Dak_Lak,12.71,108.2378,19.6,76,24.6,55,950.3,0
2021-02-22,Dak_Lak,12.71,108.2378,20.0,74,22.3,47,949.2,0
2021-02-23,Dak_Lak,12.71,108.2378,20.7,73,22.4,40,948.3,0
2021-02-24,Dak_Lak,12.71,108.2378,21.8,70,21.6,43,947.2,0
2021-02-25,Dak_Lak,12.71,108.2378,23.5,67,18.3,54,945.6,0
2021-02-26,Dak_Lak,12.71,108.2378,25.2,69,17.8,29,944.5,0
2021-02-27,Dak_Lak,12.71,108.2378,24.8,68,21.1,11,945.7,0
2021-02-28,Dak_Lak,12.71,108.2378,24.5,73,23.1,19,947.5,0
2021-03-01,Dak_Lak,12.71,108.2378,25.2,74,19.0,34,949.7,1
2021-03-02,Dak_Lak,12.71,108.2378,24.6,76,27.6,44,950.2,0
2021-03-03,Dak_Lak,12.71,108.2378,23.3,75,31.2,49,950.2,0
2021-03-04,Dak_Lak,12.71,108.2378,24.1,75,24.4,44,950.6,0
2021-03-05,Dak_Lak,12.71,108.2378,24.3,66,25.4,25,949.9,0
2021-03-06,Dak_Lak,12.71,108.2378,25.1,61,18.4,5,950.2,0
2021-03-07,Dak_Lak,12.71,108.2378,24.2,70,25.6,38,950.0,0
2021-03-08,Dak_Lak,12.71,108.2378,23.7,74,25.8,42,950.6,1
2021-03-09,Dak_Lak,12.71,108.2378,23.3,74,25.9,39,950.6,0
2021-03-10,Dak_Lak,12.71,108.2378,23.3,77,26.0,49,950.4,1
2021-03-11,Dak_Lak,12.71,108.2378,23.3,77,29.1,41,950.4,1
2021-03-12,Dak_Lak,12.71,108.2378,23.4,74,29.2,46,950.5,1
2021-03-13,Dak_Lak,12.71,108.2378,23.4,71,26.0,23,950.4,0
2021-03-14,Dak_Lak,12.71,108.2378,23.1,71,26.1,43,948.6,0
2021-03-15,Dak_Lak,12.71,108.2378,23.8,68,21.6,77,947.7,0
2021-03-16,Dak_Lak,12.71,108.2378,24.1,64,20.4,45,947.3,0
2021-03-17,Dak_Lak,12.71,108.2378,24.2,70,20.0,86,947.1,0
2021-03-18,Dak_Lak,12.71,108.2378,25.2,71,23.4,91,946.8,0
2021-03-19,Dak_Lak,12.71,108.2378,25.9,71,22.2,37,946.3,0
2021-03-20,Dak_Lak,12.71,108.2378,26.6,71,22.0,51,945.4,0
2021-03-21,Dak_Lak,12.71,108.2378,25.9,72,26.4,62,946.5,0
2021-03-22,Dak_Lak,12.71,108.2378,23.6,78,37.1,59,949.7,1
2021-03-23,Dak_Lak,12.71,108.2378,23.1,78,36.5,72,949.8,1
2021-03-24,Dak_Lak,12.71,108.2378,22.9,81,32.4,91,948.2,0
2021-03-25,Dak_Lak,12.71,108.2378,24.0,79,26.6,79,948.1,1
2021-03-26,Dak_Lak,12.71,108.2378,24.8,77,24.1,39,947.5,0
2021-03-27,Dak_Lak,12.71,108.2378,25.7,72,22.6,75,946.6,0
2021-03-28,Dak_Lak,12.71,108.2378,26.1,64,18.0,82,945.9,0
2021-03-29,Dak_Lak,12.71,108.2378,26.4,64,18.4,58,944.9,0
2021-03-30,Dak_Lak,12.71,108.2378,28.1,58,8.7,21,943.7,0
2021-03-31,Dak_Lak,12.71,108.2378,28.9,57,15.7,26,943.2,0
2021-04-01,Dak_Lak,12.71,108.2378,28.7,59,14.0,51,944.0,1
2021-04-02,Dak_Lak,12.71,108.2378,27.5,68,17.4,42,945.1,1
2021-04-03,Dak_Lak,12.71,108.2378,26.8,66,26.1,17,945.7,0
2021-04-04,Dak_Lak,12.71,108.2378,25.7,71,26.7,48,946.8,1
2021-04-05,Dak_Lak,12.71,108.2378,24.8,73,26.5,81,948.7,0
2021-04-06,Dak_Lak,12.71,108.2378,24.8,73,27.2,53,949.2,1
2021-04-07,Dak_Lak,12.71,108.2378,24.9,74,22.5,47,948.8,0
2021-04-08,Dak_Lak,12.71,108.2378,25.2,72,16.9,58,947.6,1
2021-04-09,Dak_Lak,12.71,108.2378,25.4,70,24.3,57,947.7,0
2021-04-10,Dak_Lak,12.71,108.2378,24.8,77,28.7,50,949.0,1
2021-04-11,Dak_Lak,12.71,108.2378,25.0,76,27.6,48,950.0,1
2021-04-12,Dak_Lak,12.71,108.2378,25.2,78,21.6,69,949.9,1
2021-04-13,Dak_Lak,12.71,108.2378,26.3,73,21.0,42,948.9,0
2021-04-14,Dak_Lak,12.71,108.2378,27.1,66,14.8,46,948.2,0
2021-04-15,Dak_Lak,12.71,108.2378,26.8,69,19.1,25,947.3,1
2021-04-16,Dak_Lak,12.71,108.2378,26.9,68,20.1,69,947.4,0
2021-04-17,Dak_Lak,12.71,108.2378,26.4,65,22.2,91,948.8,0
2021-04-18,Dak_Lak,12.71,108.2378,26.2,63,19.2,54,948.6,0
2021-04-19,Dak_Lak,12.71,108.2378,24.8,78,12.2,85,947.2,1
2021-04-20,Dak_Lak,12.71,108.2378,25.5,80,11.2,92,946.8,1
2021-04-21,Dak_Lak,12.71,108.2378,24.2,88,11.5,91,947.1,1
2021-04-22,Dak_Lak,12.71,108.2378,23.8,90,9.5,92,946.5,1
2021-04-23,Dak_Lak,12.71,108.2378,24.7,86,13.4,71,945.5,1
2021-04-24,Dak_Lak,12.71,108.2378,25.8,80,13.9,55,945.9,1
2021-04-25,Dak_Lak,12.71,108.2378,25.7,81,14.9,59,946.7,1
2021-04-26,Dak_Lak,12.71,108.2378,25.9,79,19.6,62,946.6,1
2021-04-27,Dak_Lak,12.71,108.2378,25.3,81,17.2,96,948.2,1
2021-04-28,Dak_Lak,12.71,108.2378,25.0,77,20.3,90,949.0,0
2021-04-29,Dak_Lak,12.71,108.2378,24.8,77,22.2,43,948.5,0
2021-04-30,Dak_Lak,12.71,108.2378,24.9,79,19.7,58,948.2,1
2021-05-01,Dak_Lak,12.71,108.2378,25.5,80,16.6,58,948.6,1
2021-05-02,Dak_Lak,12.71,108.2378,26.2,76,20.6,49,948.0,0
2021-05-03,Dak_Lak,12.71,108.2378,26.3,70,23.2,67,946.7,0
2021-05-04,Dak_Lak,12.71,108.2378,26.5,73,22.7,22,946.3,0
2021-05-05,Dak_Lak,12.71,108.2378,26.3,76,25.5,77,946.8,1
2021-05-06,Dak_Lak,12.71,108.2378,25.1,81,26.9,82,948.5,1
2021-05-07,Dak_Lak,12.71,108.2378,25.6,78,23.1,94,948.6,1
2021-05-08,Dak_Lak,12.71,108.2378,26.4,76,22.7,86,947.0,0
2021-05-09,Dak_Lak,12.71,108.2378,26.9,72,17.8,41,946.2,0
2021-05-10,Dak_Lak,12.71,108.2378,27.8,70,16.2,28,946.0,1
2021-05-11,Dak_Lak,12.71,108.2378,27.9,71,9.4,48,945.7,1
2021-05-12,Dak_Lak,12.71,108.2378,27.0,79,8.2,76,945.1,1
2021-05-13,Dak_Lak,12.71,108.2378,27.1,76,15.9,21,944.7,1
2021-05-14,Dak_Lak,12.71,108.2378,26.9,77,16.8,83,944.9,1
2021-05-15,Dak_Lak,12.71,108.2378,27.2,74,14.8,61,945.6,1
2021-05-16,Dak_Lak,12.71,108.2378,27.7,73,17.7,35,945.5,1
2021-05-17,Dak_Lak,12.71,108.2378,27.3,75,15.6,63,946.0,1
2021-05-18,Dak_Lak,12.71,108.2378,26.9,76,11.3,68,946.2,1
2021-05-19,Dak_Lak,12.71,108.2378,26.5,80,13.9,89,945.7,1
2021-05-20,Dak_Lak,12.71,108.2378,27.5,72,12.2,75,945.9,1
2021-05-21,Dak_Lak,12.71,108.2378,26.1,81,13.8,91,945.6,1
2021-05-22,Dak_Lak,12.71,108.2378,25.2,84,15.6,66,944.5,1
2021-05-23,Dak_Lak,12.71,108.2378,24.6,87,13.9,94,944.1,1
2021-05-24,Dak_Lak,12.71,108.2378,24.3,88,17.7,86,944.6,1
2021-05-25,Dak_Lak,12.71,108.2378,24.2,88,16.4,79,945.0,1
2021-05-26,Dak_Lak,12.71,108.2378,24.0,87,16.3,77,944.9,1
2021-05-27,Dak_Lak,12.71,108.2378,25.3,82,14.8,39,945.4,1
2021-05-28,Dak_Lak,12.71,108.2378,26.2,79,13.6,47,947.1,0
2021-05-29,Dak_Lak,12.71,108.2378,26.6,80,15.0,41,946.9,1
2021-05-30,Dak_Lak,12.71,108.2378,26.6,81,16.1,24,945.8,1
2021-05-31,Dak_Lak,12.71,108.2378,26.9,80,15.8,42,944.5,1
2021-06-01,Dak_Lak,12.71,108.2378,26.7,80,17.4,50,944.9,1
2021-06-02,Dak_Lak,12.71,108.2378,26.5,80,14.1,86,945.2,1
2021-06-03,Dak_Lak,12.71,108.2378,26.7,79,17.1,90,945.8,1
2021-06-04,Dak_Lak,12.71,108.2378,27.1,77,16.4,79,945.8,1
2021-06-05,Dak_Lak,12.71,108.2378,26.2,81,19.2,74,945.6,1
2021-06-06,Dak_Lak,12.71,108.2378,25.7,81,20.0,94,945.1,1
2021-06-07,Dak_Lak,12.71,108.2378,25.2,82,23.7,97,945.6,1
2021-06-08,Dak_Lak,12.71,108.2378,25.0,78,25.3,99,946.2,1
2021-06-09,Dak_Lak,12.71,108.2378,25.0,77,24.1,97,945.6,1
2021-06-10,Dak_Lak,12.71,108.2378,24.2,85,25.6,96,944.0,1
2021-06-11,Dak_Lak,12.71,108.2378,24.3,85,23.1,99,942.9,1
2021-06-12,Dak_Lak,12.71,108.2378,23.6,85,26.8,100,943.8,1
2021-06-13,Dak_Lak,12.71,108.2378,25.2,76,25.6,76,945.2,1
2021-06-14,Dak_Lak,12.71,108.2378,25.7,75,18.7,77,945.5,1
2021-06-15,Dak_Lak,12.71,108.2378,25.4,78,20.2,36,945.0,1
2021-06-16,Dak_Lak,12.71,108.2378,24.8,83,17.4,54,946.4,1
2021-06-17,Dak_Lak,12.71,108.2378,25.4,82,12.8,49,947.3,1
2021-06-18,Dak_Lak,12.71,108.2378,25.6,80,16.9,38,947.5,1
2021-06-19,Dak_Lak,12.71,108.2378,25.9,79,17.8,49,946.7,1
2021-06-20,Dak_Lak,12.71,108.2378,25.8,79,20.5,44,945.3,1
2021-06-21,Dak_Lak,12.71,108.2378,25.8,79,21.1,60,944.9,1
2021-06-22,Dak_Lak,12.71,108.2378,25.3,82,19.6,58,945.8,1
2021-06-23,Dak_Lak,12.71,108.2378,25.1,82,20.9,40,946.5,1
2021-06-24,Dak_Lak,12.71,108.2378,25.6,81,16.2,43,945.5,1
2021-06-25,Dak_Lak,12.71,108.2378,26.0,79,16.3,70,945.0,1
2021-06-26,Dak_Lak,12.71,108.2378,26.4,74,20.2,45,946.2,1
2021-06-27,Dak_Lak,12.71,108.2378,26.5,76,17.0,51,947.3,1
2021-06-28,Dak_Lak,12.71,108.2378,26.2,76,20.3,67,946.3,1
2021-06-29,Dak_Lak,12.71,108.2378,26.8,75,17.3,60,945.7,1
2021-06-30,Dak_Lak,12.71,108.2378,26.5,76,18.2,73,945.8,1
2021-07-01,Dak_Lak,12.71,108.2378,27.0,72,18.9,41,946.1,1
2021-07-02,Dak_Lak,12.71,108.2378,26.7,74,17.7,19,946.4,1
2021-07-03,Dak_Lak,12.71,108.2378,27.8,69,12.3,33,945.3,1
2021-07-04,Dak_Lak,12.71,108.2378,26.1,80,15.3,50,944.2,1
2021-07-05,Dak_Lak,12.71,108.2378,25.1,83,16.1,96,943.4,1
2021-07-06,Dak_Lak,12.71,108.2378,24.5,84,19.4,100,943.0,1
2021-07-07,Dak_Lak,12.71,108.2378,24.8,82,18.5,94,944.2,1
2021-07-08,Dak_Lak,12.71,108.2378,24.5,83,19.0,95,945.0,1
2021-07-09,Dak_Lak,12.71,108.2378,24.0,87,12.1,79,944.8,1
2021-07-10,Dak_Lak,12.71,108.2378,25.2,81,16.0,58,945.3,1
2021-07-11,Dak_Lak,12.71,108.2378,25.1,81,18.7,54,946.6,1
2021-07-12,Dak_Lak,12.71,108.2378,25.9,79,17.4,58,946.6,1
2021-07-13,Dak_Lak,12.71,108.2378,25.6,82,13.1,70,945.5,1
2021-07-14,Dak_Lak,12.71,108.2378,24.8,85,11.2,89,944.5,1
2021-07-15,Dak_Lak,12.71,108.2378,24.8,84,11.9,98,945.6,1
2021-07-16,Dak_Lak,12.71,108.2378,24.3,86,20.0,87,946.6,1
2021-07-17,Dak_Lak,12.71,108.2378,24.7,84,17.4,62,944.6,1
2021-07-18,Dak_Lak,12.71,108.2378,24.2,88,21.1,83,943.5,1
2021-07-19,Dak_Lak,12.71,108.2378,23.6,84,29.1,86,944.2,1
2021-07-20,Dak_Lak,12.71,108.2378,24.8,80,29.5,70,944.9,1
2021-07-21,Dak_Lak,12.71,108.2378,24.8,82,28.0,74,944.6,1
2021-07-22,Dak_Lak,12.71,108.2378,25.0,80,30.7,90,944.0,1
2021-07-23,Dak_Lak,12.71,108.2378,24.5,84,31.4,88,943.4,1
2021-07-24,Dak_Lak,12.71,108.2378,24.6,79,34.8,92,943.0,1
2021-07-25,Dak_Lak,12.71,108.2378,24.8,81,30.6,65,943.3,1
2021-07-26,Dak_Lak,12.71,108.2378,25.6,77,27.9,29,943.1,1
2021-07-27,Dak_Lak,12.71,108.2378,25.8,79,28.1,53,942.5,1
2021-07-28,Dak_Lak,12.71,108.2378,25.6,81,29.4,92,942.3,1
2021-07-29,Dak_Lak,12.71,108.2378,25.3,84,25.8,84,943.1,1
2021-07-30,Dak_Lak,12.71,108.2378,25.2,83,24.0,74,944.4,1
2021-07-31,Dak_Lak,12.71,108.2378,25.6,80,25.6,77,944.5,1
2021-08-01,Dak_Lak,12.71,108.2378,25.9,79,27.3,72,943.3,1
2021-08-02,Dak_Lak,12.71,108.2378,25.8,79,30.2,67,943.4,1
2021-08-03,Dak_Lak,12.71,108.2378,25.7,79,29.7,95,944.0,1
2021-08-04,Dak_Lak,12.71,108.2378,25.5,78,26.8,99,944.6,1
2021-08-05,Dak_Lak,12.71,108.2378,26.0,77,28.6,96,944.4,1
2021-08-06,Dak_Lak,12.71,108.2378,25.4,80,27.5,98,945.1,1
2021-08-07,Dak_Lak,12.71,108.2378,26.2,79,22.8,97,945.7,1
2021-08-08,Dak_Lak,12.71,108.2378,26.4,80,17.9,99,945.7,1
2021-08-09,Dak_Lak,12.71,108.2378,26.6,79,19.1,72,944.9,1
2021-08-10,Dak_Lak,12.71,108.2378,26.4,79,17.9,77,944.2,1
2021-08-11,Dak_Lak,12.71,108.2378,26.5,75,22.8,60,946.3,1
2021-08-12,Dak_Lak,12.71,108.2378,25.8,77,19.4,68,948.0,1
2021-08-13,Dak_Lak,12.71,108.2378,25.0,82,18.0,88,946.2,1
2021-08-14,Dak_Lak,12.71,108.2378,25.0,83,19.9,87,945.3,1
2021-08-15,Dak_Lak,12.71,108.2378,25.1,85,11.8,65,947.2,1
2021-08-16,Dak_Lak,12.71,108.2378,24.8,84,7.3,60,949.2,1
2021-08-17,Dak_Lak,12.71,108.2378,25.8,77,17.1,46,948.1,1
2021-08-18,Dak_Lak,12.71,108.2378,26.0,76,10.8,32,946.4,1
2021-08-19,Dak_Lak,12.71,108.2378,25.2,80,12.1,71,945.9,1
2021-08-20,Dak_Lak,12.71,108.2378,25.4,80,11.3,44,946.6,1
2021-08-21,Dak_Lak,12.71,108.2378,25.6,79,10.1,47,946.9,1
2021-08-22,Dak_Lak,12.71,108.2378,25.0,82,14.0,89,945.9,1
2021-08-23,Dak_Lak,12.71,108.2378,24.7,83,17.1,78,945.3,1
2021-08-24,Dak_Lak,12.71,108.2378,25.1,81,13.0,87,944.6,1
2021-08-25,Dak_Lak,12.71,108.2378,24.8,83,18.5,76,944.8,1
2021-08-26,Dak_Lak,12.71,108.2378,24.3,84,15.0,99,945.4,1
2021-08-27,Dak_Lak,12.71,108.2378,23.7,88,20.5,93,945.6,1
2021-08-28,Dak_Lak,12.71,108.2378,24.0,87,16.7,93,945.2,1
2021-08-29,Dak_Lak,12.71,108.2378,24.0,87,18.0,85,945.1,1
2021-08-30,Dak_Lak,12.71,108.2378,24.3,87,17.6,93,945.8,1
2021-08-31,Dak_Lak,12.71,108.2378,24.6,86,14.8,97,946.5,1
2021-09-01,Dak_Lak,12.71,108.2378,25.0,86,13.2,84,946.3,1
2021-09-02,Dak_Lak,12.71,108.2378,24.5,86,12.8,96,945.6,1
2021-09-03,Dak_Lak,12.71,108.2378,24.5,86,14.8,96,945.2,1
2021-09-04,Dak_Lak,12.71,108.2378,23.8,87,17.3,100,945.3,1
2021-09-05,Dak_Lak,12.71,108.2378,23.7,88,13.0,93,946.0,1
2021-09-06,Dak_Lak,12.71,108.2378,24.0,87,8.9,89,946.2,1
2021-09-07,Dak_Lak,12.71,108.2378,24.1,88,17.0,98,945.3,1
2021-09-08,Dak_Lak,12.71,108.2378,24.0,89,11.0,84,944.3,1
2021-09-09,Dak_Lak,12.71,108.2378,24.1,87,19.1,99,945.4,1
2021-09-10,Dak_Lak,12.71,108.2378,23.3,91,20.3,100,945.1,1
2021-09-11,Dak_Lak,12.71,108.2378,22.9,91,30.1,100,942.8,1
2021-09-12,Dak_Lak,12.71,108.2378,23.8,87,31.4,94,940.9,1
2021-09-13,Dak_Lak,12.71,108.2378,23.7,91,17.7,89,942.7,1
2021-09-14,Dak_Lak,12.71,108.2378,24.9,85,13.0,93,945.7,1
2021-09-15,Dak_Lak,12.71,108.2378,25.1,83,17.2,89,947.2,1
2021-09-16,Dak_Lak,12.71,108.2378,24.7,84,12.5,97,947.4,1
2021-09-17,Dak_Lak,12.71,108.2378,24.7,88,9.6,62,946.8,1
2021-09-18,Dak_Lak,12.71,108.2378,23.6,87,13.2,82,946.7,1
2021-09-19,Dak_Lak,12.71,108.2378,22.5,93,10.8,99,945.8,1
2021-09-20,Dak_Lak,12.71,108.2378,23.5,88,9.2,98,945.7,1
2021-09-21,Dak_Lak,12.71,108.2378,24.7,81,15.8,79,945.5,1
2021-09-22,Dak_Lak,12.71,108.2378,24.3,85,15.0,94,945.8,1
2021-09-23,Dak_Lak,12.71,108.2378,22.5,94,15.9,100,945.6,1
2021-09-24,Dak_Lak,12.71,108.2378,23.0,90,14.0,98,945.8,1
2021-09-25,Dak_Lak,12.71,108.2378,23.7,89,13.8,98,945.9,1
2021-09-26,Dak_Lak,12.71,108.2378,24.2,88,21.1,90,945.8,1
2021-09-27,Dak_Lak,12.71,108.2378,24.8,83,18.3,41,946.0,0
2021-09-28,Dak_Lak,12.71,108.2378,24.6,82,14.7,84,946.4,1
2021-09-29,Dak_Lak,12.71,108.2378,24.8,86,14.6,46,945.8,1
2021-09-30,Dak_Lak,12.71,108.2378,24.8,87,13.8,37,946.3,1
2021-10-01,Dak_Lak,12.71,108.2378,24.7,87,7.5,80,946.8,1
2021-10-02,Dak_Lak,12.71,108.2378,24.4,87,11.1,82,947.0,1
2021-10-03,Dak_Lak,12.71,108.2378,24.2,86,17.3,96,946.4,1
2021-10-04,Dak_Lak,12.71,108.2378,23.9,88,20.3,87,945.2,1
2021-10-05,Dak_Lak,12.71,108.2378,23.6,91,19.4,98,944.1,1
2021-10-06,Dak_Lak,12.71,108.2378,22.3,96,15.2,100,941.7,1
2021-10-07,Dak_Lak,12.71,108.2378,23.4,88,22.4,100,940.6,1
2021-10-08,Dak_Lak,12.71,108.2378,23.6,87,23.7,100,941.2,1
2021-10-09,Dak_Lak,12.71,108.2378,23.8,87,21.7,97,943.0,1
2021-10-10,Dak_Lak,12.71,108.2378,24.6,85,20.6,96,943.1,1
2021-10-11,Dak_Lak,12.71,108.2378,24.3,88,14.4,93,942.8,1
2021-10-12,Dak_Lak,12.71,108.2378,23.9,90,14.2,97,942.1,1
2021-10-13,Dak_Lak,12.71,108.2378,22.9,92,22.4,100,940.8,1
2021-10-14,Dak_Lak,12.71,108.2378,24.2,87,24.3,100,942.8,1
2021-10-15,Dak_Lak,12.71,108.2378,24.0,87,17.4,100,944.3,1
2021-10-16,Dak_Lak,12.71,108.2378,23.5,89,12.1,100,945.2,1
2021-10-17,Dak_Lak,12.71,108.2378,22.8,92,15.5,100,945.5,1
2021-10-18,Dak_Lak,12.71,108.2378,24.1,88,19.7,94,948.1,1
2021-10-19,Dak_Lak,12.71,108.2378,24.3,87,21.7,91,950.4,1
2021-10-20,Dak_Lak,12.71,108.2378,24.1,87,21.7,83,950.0,1
2021-10-21,Dak_Lak,12.71,108.2378,24.3,85,14.1,100,949.1,1
2021-10-22,Dak_Lak,12.71,108.2378,24.1,86,18.3,84,949.7,1
2021-10-23,Dak_Lak,12.71,108.2378,23.0,90,21.1,100,950.0,1
2021-10-24,Dak_Lak,12.71,108.2378,22.5,91,24.7,100,948.9,1
2021-10-25,Dak_Lak,12.71,108.2378,22.3,90,21.1,100,947.6,1
2021-10-26,Dak_Lak,12.71,108.2378,22.5,88,16.9,100,946.4,1
2021-10-27,Dak_Lak,12.71,108.2378,22.6,90,23.6,100,944.9,1
2021-10-28,Dak_Lak,12.71,108.2378,23.6,89,18.9,80,948.5,1
2021-10-29,Dak_Lak,12.71,108.2378,23.4,89,20.5,85,949.8,1
2021-10-30,Dak_Lak,12.71,108.2378,23.5,89,23.9,70,949.9,1
2021-10-31,Dak_Lak,12.71,108.2378,23.2,90,20.4,98,950.0,1
2021-11-01,Dak_Lak,12.71,108.2378,23.8,86,26.5,75,949.5,1
2021-11-02,Dak_Lak,12.71,108.2378,23.8,83,25.3,96,949.5,1
2021-11-03,Dak_Lak,12.71,108.2378,23.6,85,25.0,93,948.9,1
2021-11-04,Dak_Lak,12.71,108.2378,23.6,85,25.3,100,948.2,1
2021-11-05,Dak_Lak,12.71,108.2378,23.8,86,19.8,89,947.1,1
2021-11-06,Dak_Lak,12.71,108.2378,24.5,81,19.7,63,945.4,0
2021-11-07,Dak_Lak,12.71,108.2378,22.7,90,20.8,84,945.9,1
2021-11-08,Dak_Lak,12.71,108.2378,23.2,91,25.5,88,947.1,1
2021-11-09,Dak_Lak,12.71,108.2378,22.5,90,29.8,98,948.2,1
2021-11-10,Dak_Lak,12.71,108.2378,21.6,94,24.6,100,948.2,1
2021-11-11,Dak_Lak,12.71,108.2378,21.5,95,28.5,100,947.7,1
2021-11-12,Dak_Lak,12.71,108.2378,21.5,92,33.2,100,948.7,1
2021-11-13,Dak_Lak,12.71,108.2378,22.7,92,26.6,100,948.1,1
2021-11-14,Dak_Lak,12.71,108.2378,21.4,96,24.0,100,948.1,1
2021-11-15,Dak_Lak,12.71,108.2378,22.4,92,29.7,100,946.9,1
2021-11-16,Dak_Lak,12.71,108.2378,22.3,94,26.9,100,947.1,1
2021-11-17,Dak_Lak,12.71,108.2378,23.0,91,29.0,100,947.4,1
2021-11-18,Dak_Lak,12.71,108.2378,22.7,90,27.7,98,946.7,1
2021-11-19,Dak_Lak,12.71,108.2378,23.2,86,23.1,84,946.0,1
2021-11-20,Dak_Lak,12.71,108.2378,22.8,90,22.1,87,945.7,1
2021-11-21,Dak_Lak,12.71,108.2378,23.0,90,26.3,100,946.9,1
2021-11-22,Dak_Lak,12.71,108.2378,22.9,91,27.7,97,947.8,1
2021-11-23,Dak_Lak,12.71,108.2378,22.2,89,37.1,97,948.4,1
2021-11-24,Dak_Lak,12.71,108.2378,22.2,89,33.8,99,948.8,1
2021-11-25,Dak_Lak,12.71,108.2378,21.2,89,26.0,95,949.0,1
2021-11-26,Dak_Lak,12.71,108.2378,21.3,85,27.9,100,948.4,0
2021-11-27,Dak_Lak,12.71,108.2378,20.5,93,17.5,100,947.9,1
2021-11-28,Dak_Lak,12.71,108.2378,21.7,95,29.9,100,946.7,1
2021-11-29,Dak_Lak,12.71,108.2378,21.5,97,25.4,100,946.5,1
2021-11-30,Dak_Lak,12.71,108.2378,21.6,93,33.0,100,947.6,1
2021-12-01,Dak_Lak,12.71,108.2378,20.6,80,36.8,83,949.7,1
2021-12-02,Dak_Lak,12.71,108.2378,19.9,82,33.5,84,950.5,1
2021-12-03,Dak_Lak,12.71,108.2378,18.9,80,30.4,80,951.6,1
2021-12-04,Dak_Lak,12.71,108.2378,18.3,75,27.3,94,951.2,0
2021-12-05,Dak_Lak,12.71,108.2378,19.8,83,23.1,75,949.8,1
2021-12-06,Dak_Lak,12.71,108.2378,20.2,85,26.8,77,949.9,1
2021-12-07,Dak_Lak,12.71,108.2378,19.4,82,28.2,68,950.5,1
2021-12-08,Dak_Lak,12.71,108.2378,20.1,85,21.0,95,950.4,1
2021-12-09,Dak_Lak,12.71,108.2378,21.2,83,33.5,81,951.2,1
2021-12-10,Dak_Lak,12.71,108.2378,20.2,81,30.9,40,950.8,0
2021-12-11,Dak_Lak,12.71,108.2378,20.8,83,26.2,75,950.8,1
2021-12-12,Dak_Lak,12.71,108.2378,21.1,85,32.0,93,950.5,1
2021-12-13,Dak_Lak,12.71,108.2378,20.4,84,31.6,99,950.1,1
2021-12-14,Dak_Lak,12.71,108.2378,20.8,87,32.7,95,948.7,0
2021-12-15,Dak_Lak,12.71,108.2378,21.6,88,23.7,88,948.2,1
2021-12-16,Dak_Lak,12.71,108.2378,22.4,83,24.3,82,948.4,1
2021-12-17,Dak_Lak,12.71,108.2378,22.0,84,25.0,99,949.0,1
2021-12-18,Dak_Lak,12.71,108.2378,21.4,80,29.6,100,949.0,1
2021-12-19,Dak_Lak,12.71,108.2378,19.6,91,11.9,100,947.6,1
2021-12-20,Dak_Lak,12.71,108.2378,21.6,82,17.1,99,948.5,0
2021-12-21,Dak_Lak,12.71,108.2378,22.1,88,20.3,88,949.7,1
2021-12-22,Dak_Lak,12.71,108.2378,21.4,85,22.3,97,949.7,1
2021-12-23,Dak_Lak,12.71,108.2378,21.4,85,24.0,85,949.2,1
2021-12-24,Dak_Lak,12.71,108.2378,21.6,82,22.1,60,949.4,1
2021-12-25,Dak_Lak,12.71,108.2378,21.9,85,25.3,77,949.9,1
2021-12-26,Dak_Lak,12.71,108.2378,22.0,85,27.9,78,950.9,1
2021-12-27,Dak_Lak,12.71,108.2378,21.8,89,22.4,86,951.2,1
2021-12-28,Dak_Lak,12.71,108.2378,21.2,90,33.5,93,951.1,1
2021-12-29,Dak_Lak,12.71,108.2378,21.0,89,32.2,86,951.3,1
2021-12-30,Dak_Lak,12.71,108.2378,20.7,84,35.3,89,952.7,1
2021-12-31,Dak_Lak,12.71,108.2378,20.0,82,37.6,78,952.6,1
2022-01-01,Dak_Lak,12.71,108.2378,20.4,86,35.9,85,952.2,1
2022-01-02,Dak_Lak,12.71,108.2378,20.6,85,34.2,87,951.4,1
2022-01-03,Dak_Lak,12.71,108.2378,20.5,85,33.5,98,950.4,1
2022-01-04,Dak_Lak,12.71,108.2378,20.8,86,29.0,89,950.2,1
2022-01-05,Dak_Lak,12.71,108.2378,21.7,85,22.7,71,949.5,1
2022-01-06,Dak_Lak,12.71,108.2378,21.4,85,25.2,76,950.3,1
2022-01-07,Dak_Lak,12.71,108.2378,21.2,78,27.2,27,951.2,0
2022-01-08,Dak_Lak,12.71,108.2378,20.9,80,21.4,46,950.5,0
2022-01-09,Dak_Lak,12.71,108.2378,21.8,87,25.9,71,949.5,1
2022-01-10,Dak_Lak,12.71,108.2378,21.8,83,25.4,57,950.1,0
2022-01-11,Dak_Lak,12.71,108.2378,20.9,82,25.7,71,951.3,1
2022-01-12,Dak_Lak,12.71,108.2378,20.9,83,26.3,78,951.5,1
2022-01-13,Dak_Lak,12.71,108.2378,20.3,80,29.6,91,951.7,1
2022-01-14,Dak_Lak,12.71,108.2378,19.7,81,27.1,67,951.4,1
2022-01-15,Dak_Lak,12.71,108.2378,19.8,78,24.7,66,951.1,0
2022-01-16,Dak_Lak,12.71,108.2378,20.1,83,26.9,38,950.7,0
2022-01-17,Dak_Lak,12.71,108.2378,21.4,82,24.9,92,950.8,0
2022-01-18,Dak_Lak,12.71,108.2378,20.9,83,27.9,77,950.6,1
2022-01-19,Dak_Lak,12.71,108.2378,20.4,81,28.4,96,949.4,1
2022-01-20,Dak_Lak,12.71,108.2378,20.6,80,25.8,68,948.8,0
2022-01-21,Dak_Lak,12.71,108.2378,21.3,77,22.2,58,948.8,1
2022-01-22,Dak_Lak,12.71,108.2378,21.8,78,18.4,34,947.2,0
2022-01-23,Dak_Lak,12.71,108.2378,22.9,80,16.4,44,947.2,0
2022-01-24,Dak_Lak,12.71,108.2378,23.1,79,17.4,44,947.4,1
2022-01-25,Dak_Lak,12.71,108.2378,22.8,82,21.4,55,948.0,1
2022-01-26,Dak_Lak,12.71,108.2378,22.5,80,20.3,59,948.7,1
2022-01-27,Dak_Lak,12.71,108.2378,22.2,78,21.7,65,948.4,0
2022-01-28,Dak_Lak,12.71,108.2378,22.7,74,17.8,62,948.1,0
2022-01-29,Dak_Lak,12.71,108.2378,23.0,77,22.9,33,947.3,0
2022-01-30,Dak_Lak,12.71,108.2378,23.2,78,20.6,57,948.0,0
2022-01-31,Dak_Lak,12.71,108.2378,23.3,79,22.3,51,948.1,0
2022-02-01,Dak_Lak,12.71,108.2378,23.0,78,27.3,49,948.7,0
2022-02-02,Dak_Lak,12.71,108.2378,22.4,79,25.3,65,949.6,0
2022-02-03,Dak_Lak,12.71,108.2378,22.6,80,25.0,61,949.6,1
2022-02-04,Dak_Lak,12.71,108.2378,21.6,80,31.9,76,949.8,1
2022-02-05,Dak_Lak,12.71,108.2378,21.4,81,43.4,88,949.8,1
2022-02-06,Dak_Lak,12.71,108.2378,20.9,84,37.1,98,949.9,1
2022-02-07,Dak_Lak,12.71,108.2378,22.8,81,23.6,67,949.2,0
2022-02-08,Dak_Lak,12.71,108.2378,23.2,81,23.5,71,949.0,1
2022-02-09,Dak_Lak,12.71,108.2378,23.6,80,26.7,72,949.2,0
2022-02-10,Dak_Lak,12.71,108.2378,23.3,81,27.8,68,948.6,0
2022-02-11,Dak_Lak,12.71,108.2378,22.9,81,27.3,96,948.0,0
2022-02-12,Dak_Lak,12.71,108.2378,23.0,81,26.3,100,947.2,1
2022-02-13,Dak_Lak,12.71,108.2378,22.9,84,22.1,95,946.1,1
2022-02-14,Dak_Lak,12.71,108.2378,22.6,85,31.4,70,947.1,1
2022-02-15,Dak_Lak,12.71,108.2378,22.1,86,29.1,92,947.3,1
2022-02-16,Dak_Lak,12.71,108.2378,23.1,83,24.3,67,946.3,1
2022-02-17,Dak_Lak,12.71,108.2378,24.0,81,18.7,69,946.0,1
2022-02-18,Dak_Lak,12.71,108.2378,24.2,80,20.4,53,946.9,0
2022-02-19,Dak_Lak,12.71,108.2378,24.0,82,15.1,71,947.8,1
2022-02-20,Dak_Lak,12.71,108.2378,23.1,83,24.7,98,947.9,1
2022-02-21,Dak_Lak,12.71,108.2378,21.2,75,22.6,43,949.3,0
2022-02-22,Dak_Lak,12.71,108.2378,20.8,75,25.9,57,950.5,0
2022-02-23,Dak_Lak,12.71,108.2378,19.8,75,33.4,71,951.8,1
2022-02-24,Dak_Lak,12.71,108.2378,18.8,75,31.8,100,952.4,1
2022-02-25,Dak_Lak,12.71,108.2378,19.6,80,34.8,100,952.0,0
2022-02-26,Dak_Lak,12.71,108.2378,20.6,84,28.6,99,951.3,1
2022-02-27,Dak_Lak,12.71,108.2378,21.6,81,36.1,91,950.8,0
2022-02-28,Dak_Lak,12.71,108.2378,22.0,80,26.7,65,950.3,0
2022-03-01,Dak_Lak,12.71,108.2378,23.4,77,23.9,57,949.7,0
2022-03-02,Dak_Lak,12.71,108.2378,22.9,80,28.2,88,949.7,1
2022-03-03,Dak_Lak,12.71,108.2378,22.9,77,25.3,66,949.0,1
2022-03-04,Dak_Lak,12.71,108.2378,23.8,78,22.1,52,948.0,0
2022-03-05,Dak_Lak,12.71,108.2378,24.0,78,22.9,70,947.4,1
2022-03-06,Dak_Lak,12.71,108.2378,24.7,77,22.5,86,947.4,0
2022-03-07,Dak_Lak,12.71,108.2378,23.6,75,28.1,50,948.6,0
2022-03-08,Dak_Lak,12.71,108.2378,22.4,77,32.7,80,948.3,0
2022-03-09,Dak_Lak,12.71,108.2378,21.4,70,23.2,64,947.9,0
2022-03-10,Dak_Lak,12.71,108.2378,21.4,70,23.7,76,947.0,0
2022-03-11,Dak_Lak,12.71,108.2378,22.2,73,23.9,68,946.4,0
2022-03-12,Dak_Lak,12.71,108.2378,22.9,78,25.3,92,946.1,0
2022-03-13,Dak_Lak,12.71,108.2378,24.0,78,25.0,86,946.1,0
2022-03-14,Dak_Lak,12.71,108.2378,25.6,74,23.0,73,946.3,0
2022-03-15,Dak_Lak,12.71,108.2378,25.1,73,21.8,80,945.6,1
2022-03-16,Dak_Lak,12.71,108.2378,24.8,66,20.2,78,945.5,0
2022-03-17,Dak_Lak,12.71,108.2378,25.8,66,15.9,59,945.2,0
2022-03-18,Dak_Lak,12.71,108.2378,26.6,67,20.9,64,945.3,1
2022-03-19,Dak_Lak,12.71,108.2378,26.5,66,24.5,98,944.9,0
2022-03-20,Dak_Lak,12.71,108.2378,26.1,72,19.4,94,946.2,0
2022-03-21,Dak_Lak,12.71,108.2378,25.6,76,23.9,96,947.3,1
2022-03-22,Dak_Lak,12.71,108.2378,25.5,78,13.2,89,948.1,1
2022-03-23,Dak_Lak,12.71,108.2378,25.7,76,16.1,65,947.6,1
2022-03-24,Dak_Lak,12.71,108.2378,26.1,76,19.5,86,947.2,1
2022-03-25,Dak_Lak,12.71,108.2378,26.6,74,12.0,34,947.9,1
2022-03-26,Dak_Lak,12.71,108.2378,27.8,67,14.5,57,948.3,1
2022-03-27,Dak_Lak,12.71,108.2378,27.7,65,17.9,29,947.9,1
2022-03-28,Dak_Lak,12.71,108.2378,25.9,71,24.1,66,948.3,1
2022-03-29,Dak_Lak,12.71,108.2378,25.1,73,26.3,69,947.9,1
2022-03-30,Dak_Lak,12.71,108.2378,24.0,84,13.1,98,946.7,1
2022-03-31,Dak_Lak,12.71,108.2378,22.2,93,14.8,100,945.7,1
2022-04-01,Dak_Lak,12.71,108.2378,23.5,87,19.3,95,947.4,1
2022-04-02,Dak_Lak,12.71,108.2378,22.9,85,22.7,95,948.9,1
2022-04-03,Dak_Lak,12.71,108.2378,20.5,80,27.6,89,949.8,1
2022-04-04,Dak_Lak,12.71,108.2378,21.6,83,27.9,93,950.5,1
2022-04-05,Dak_Lak,12.71,108.2378,22.1,87,34.4,84,950.3,1
2022-04-06,Dak_Lak,12.71,108.2378,23.0,80,27.2,100,949.7,1
2022-04-07,Dak_Lak,12.71,108.2378,22.1,75,27.3,97,949.1,0
2022-04-08,Dak_Lak,12.71,108.2378,21.9,72,27.2,77,948.2,0
2022-04-09,Dak_Lak,12.71,108.2378,22.6,73,19.4,80,947.1,0
2022-04-10,Dak_Lak,12.71,108.2378,23.6,73,20.8,67,946.6,1
2022-04-11,Dak_Lak,12.71,108.2378,25.1,71,18.4,64,946.3,1
2022-04-12,Dak_Lak,12.71,108.2378,25.0,77,13.5,75,945.4,1
2022-04-13,Dak_Lak,12.71,108.2378,26.3,73,13.4,44,944.4,1
2022-04-14,Dak_Lak,12.71,108.2378,24.7,81,11.6,79,944.9,1
2022-04-15,Dak_Lak,12.71,108.2378,24.8,84,15.5,99,945.6,1
2022-04-16,Dak_Lak,12.71,108.2378,24.3,86,10.2,84,945.8,1
2022-04-17,Dak_Lak,12.71,108.2378,24.6,82,23.0,64,946.7,1
2022-04-18,Dak_Lak,12.71,108.2378,24.1,78,25.2,76,948.2,1
2022-04-19,Dak_Lak,12.71,108.2378,23.8,80,27.3,52,948.6,1
2022-04-20,Dak_Lak,12.71,108.2378,23.7,84,23.0,89,947.9,1
2022-04-21,Dak_Lak,12.71,108.2378,25.1,77,21.7,59,947.3,1
2022-04-22,Dak_Lak,12.71,108.2378,25.8,75,17.4,51,947.5,1
2022-04-23,Dak_Lak,12.71,108.2378,26.1,76,19.2,46,946.7,1
2022-04-24,Dak_Lak,12.71,108.2378,26.8,75,17.2,66,945.5,1
2022-04-25,Dak_Lak,12.71,108.2378,27.3,73,15.3,84,945.3,1
2022-04-26,Dak_Lak,12.71,108.2378,26.9,73,10.6,97,945.3,1
2022-04-27,Dak_Lak,12.71,108.2378,28.0,67,19.0,51,945.2,1
2022-04-28,Dak_Lak,12.71,108.2378,27.1,70,23.9,82,945.4,1
2022-04-29,Dak_Lak,12.71,108.2378,24.2,87,21.8,92,945.6,1
2022-04-30,Dak_Lak,12.71,108.2378,24.6,86,21.9,96,944.4,1
2022-05-01,Dak_Lak,12.71,108.2378,24.1,87,9.8,100,944.5,1
2022-05-02,Dak_Lak,12.71,108.2378,24.1,87,17.5,99,945.4,1
2022-05-03,Dak_Lak,12.71,108.2378,24.3,78,24.7,95,947.2,1
2022-05-04,Dak_Lak,12.71,108.2378,24.3,79,23.5,90,946.9,1
2022-05-05,Dak_Lak,12.71,108.2378,24.8,80,24.7,82,945.9,1
2022-05-06,Dak_Lak,12.71,108.2378,25.6,77,23.2,77,945.6,1
2022-05-07,Dak_Lak,12.71,108.2378,25.2,75,26.7,98,946.1,0
2022-05-08,Dak_Lak,12.71,108.2378,25.3,80,24.6,96,946.2,1
2022-05-09,Dak_Lak,12.71,108.2378,26.2,76,23.9,90,946.5,1
2022-05-10,Dak_Lak,12.71,108.2378,26.3,76,12.9,92,946.2,1
2022-05-11,Dak_Lak,12.71,108.2378,26.1,81,11.0,98,945.9,1
2022-05-12,Dak_Lak,12.71,108.2378,25.9,81,16.9,88,945.6,1
2022-05-13,Dak_Lak,12.71,108.2378,26.9,74,17.8,91,945.1,1
2022-05-14,Dak_Lak,12.71,108.2378,27.0,75,17.3,78,945.9,1
2022-05-15,Dak_Lak,12.71,108.2378,26.7,76,16.8,93,946.6,1
2022-05-16,Dak_Lak,12.71,108.2378,24.6,87,12.7,96,946.5,1
2022-05-17,Dak_Lak,12.71,108.2378,24.0,86,17.0,92,946.8,1
2022-05-18,Dak_Lak,12.71,108.2378,24.7,84,11.2,97,947.6,1
2022-05-19,Dak_Lak,12.71,108.2378,24.6,87,8.9,96,947.5,1
2022-05-20,Dak_Lak,12.71,108.2378,24.7,86,17.1,98,946.0,1
2022-05-21,Dak_Lak,12.71,108.2378,24.8,85,16.3,100,944.1,1
2022-05-22,Dak_Lak,12.71,108.2378,25.1,82,22.4,100,942.3,1
2022-05-23,Dak_Lak,12.71,108.2378,24.5,84,25.7,90,942.9,1
2022-05-24,Dak_Lak,12.71,108.2378,26.0,76,17.7,98,945.6,1
2022-05-25,Dak_Lak,12.71,108.2378,25.6,81,16.3,99,946.0,1
2022-05-26,Dak_Lak,12.71,108.2378,23.4,90,17.9,100,944.3,1
2022-05-27,Dak_Lak,12.71,108.2378,24.2,85,20.6,90,942.8,1
2022-05-28,Dak_Lak,12.71,108.2378,24.2,84,23.3,84,942.9,1
2022-05-29,Dak_Lak,12.71,108.2378,24.5,83,20.6,91,943.3,1
2022-05-30,Dak_Lak,12.71,108.2378,25.5,81,15.0,64,943.7,1
2022-05-31,Dak_Lak,12.71,108.2378,26.2,79,14.9,52,943.9,1
2022-06-01,Dak_Lak,12.71,108.2378,25.3,84,10.5,77,944.4,1
2022-06-02,Dak_Lak,12.71,108.2378,25.0,83,19.8,78,945.1,1
2022-06-03,Dak_Lak,12.71,108.2378,24.7,81,21.4,93,945.3,1
2022-06-04,Dak_Lak,12.71,108.2378,24.6,83,17.7,85,946.3,1
2022-06-05,Dak_Lak,12.71,108.2378,25.9,74,15.6,49,945.1,0
2022-06-06,Dak_Lak,12.71,108.2378,25.6,78,16.9,62,944.4,1
2022-06-07,Dak_Lak,12.71,108.2378,25.5,79,13.7,98,944.7,1
2022-06-08,Dak_Lak,12.71,108.2378,25.6,79,13.9,90,945.3,1
2022-06-09,Dak_Lak,12.71,108.2378,26.0,78,11.4,87,945.0,1
2022-06-10,Dak_Lak,12.71,108.2378,25.4,79,16.2,99,945.3,1
2022-06-11,Dak_Lak,12.71,108.2378,25.5,79,14.9,92,945.6,1
2022-06-12,Dak_Lak,12.71,108.2378,25.7,78,17.7,94,945.9,1
2022-06-13,Dak_Lak,12.71,108.2378,26.3,77,15.0,84,945.8,1
2022-06-14,Dak_Lak,12.71,108.2378,26.8,72,13.6,90,945.8,0
2022-06-15,Dak_Lak,12.71,108.2378,25.8,78,13.0,100,946.6,1
2022-06-16,Dak_Lak,12.71,108.2378,25.6,79,12.2,96,947.3,1
2022-06-17,Dak_Lak,12.71,108.2378,25.8,77,9.7,75,946.7,1
2022-06-18,Dak_Lak,12.71,108.2378,26.0,77,13.7,48,946.3,1
2022-06-19,Dak_Lak,12.71,108.2378,26.1,76,18.5,62,945.3,1
2022-06-20,Dak_Lak,12.71,108.2378,26.5,74,16.0,48,943.8,1
2022-06-21,Dak_Lak,12.71,108.2378,26.1,75,19.9,97,944.0,1
2022-06-22,Dak_Lak,12.71,108.2378,25.0,79,15.8,94,946.1,1
2022-06-23,Dak_Lak,12.71,108.2378,25.0,80,13.0,94,946.3,1
2022-06-24,Dak_Lak,12.71,108.2378,24.7,81,10.7,90,945.7,1
2022-06-25,Dak_Lak,12.71,108.2378,25.0,82,14.5,87,944.8,1
2022-06-26,Dak_Lak,12.71,108.2378,25.6,80,13.8,88,946.0,1
2022-06-27,Dak_Lak,12.71,108.2378,26.0,79,14.0,38,945.9,1
2022-06-28,Dak_Lak,12.71,108.2378,25.3,82,15.2,83,944.2,1
2022-06-29,Dak_Lak,12.71,108.2378,25.2,82,18.8,100,942.0,1
2022-06-30,Dak_Lak,12.71,108.2378,24.7,84,21.4,100,941.2,1
2022-07-01,Dak_Lak,12.71,108.2378,24.2,86,22.0,100,941.4,1
2022-07-02,Dak_Lak,12.71,108.2378,25.4,80,30.6,100,941.9,1
2022-07-03,Dak_Lak,12.71,108.2378,25.6,78,23.2,98,943.1,1
2022-07-04,Dak_Lak,12.71,108.2378,25.9,78,20.3,98,943.3,1
2022-07-05,Dak_Lak,12.71,108.2378,25.9,79,21.0,95,944.0,1
2022-07-06,Dak_Lak,12.71,108.2378,25.6,82,18.0,100,944.6,1
2022-07-07,Dak_Lak,12.71,108.2378,25.5,81,20.0,99,944.7,1
2022-07-08,Dak_Lak,12.71,108.2378,24.4,86,15.5,100,944.2,1
2022-07-09,Dak_Lak,12.71,108.2378,22.8,90,17.3,100,942.9,1
2022-07-10,Dak_Lak,12.71,108.2378,23.1,90,23.9,100,942.5,1
2022-07-11,Dak_Lak,12.71,108.2378,23.1,91,22.0,99,942.7,1
2022-07-12,Dak_Lak,12.71,108.2378,23.8,87,14.2,97,942.0,1
2022-07-13,Dak_Lak,12.71,108.2378,23.9,88,19.7,93,941.2,1
2022-07-14,Dak_Lak,12.71,108.2378,24.1,87,19.7,97,941.9,1
2022-07-15,Dak_Lak,12.71,108.2378,25.3,82,16.8,52,943.5,1
2022-07-16,Dak_Lak,12.71,108.2378,25.2,83,18.1,60,944.5,1
2022-07-17,Dak_Lak,12.71,108.2378,24.8,84,18.0,78,945.4,1
2022-07-18,Dak_Lak,12.71,108.2378,24.8,83,18.6,87,944.5,1
2022-07-19,Dak_Lak,12.71,108.2378,24.4,85,20.9,98,943.5,1
2022-07-20,Dak_Lak,12.71,108.2378,24.1,86,14.4,100,944.1,1
2022-07-21,Dak_Lak,12.71,108.2378,24.0,86,16.6,98,946.7,1
2022-07-22,Dak_Lak,12.71,108.2378,24.6,83,16.9,88,947.6,1
2022-07-23,Dak_Lak,12.71,108.2378,25.1,81,17.0,84,946.7,1
2022-07-24,Dak_Lak,12.71,108.2378,25.4,80,18.9,48,945.4,0
2022-07-25,Dak_Lak,12.71,108.2378,25.5,81,16.2,42,945.8,1
2022-07-26,Dak_Lak,12.71,108.2378,25.1,83,15.2,92,945.8,1
2022-07-27,Dak_Lak,12.71,108.2378,25.7,79,8.0,94,945.4,1
2022-07-28,Dak_Lak,12.71,108.2378,25.5,82,10.3,46,945.3,1
2022-07-29,Dak_Lak,12.71,108.2378,25.4,82,13.9,62,944.5,1
2022-07-30,Dak_Lak,12.71,108.2378,24.8,84,19.5,99,944.1,1
2022-07-31,Dak_Lak,12.71,108.2378,24.8,84,16.3,100,943.3,1
2022-08-01,Dak_Lak,12.71,108.2378,24.4,85,13.2,99,943.7,1
2022-08-02,Dak_Lak,12.71,108.2378,25.0,84,14.0,95,944.8,1
2022-08-03,Dak_Lak,12.71,108.2378,24.4,85,12.5,95,945.8,1
2022-08-04,Dak_Lak,12.71,108.2378,24.2,86,17.3,99,945.2,1
2022-08-05,Dak_Lak,12.71,108.2378,24.1,85,17.0,99,944.7,1
2022-08-06,Dak_Lak,12.71,108.2378,24.2,83,16.4,100,943.9,1
2022-08-07,Dak_Lak,12.71,108.2378,23.3,88,19.9,100,943.4,1
2022-08-08,Dak_Lak,12.71,108.2378,22.4,93,24.8,100,942.8,1
2022-08-09,Dak_Lak,12.71,108.2378,22.9,86,29.9,100,942.5,1
2022-08-10,Dak_Lak,12.71,108.2378,23.9,84,22.3,100,942.7,1
2022-08-11,Dak_Lak,12.71,108.2378,24.3,83,21.9,99,944.1,1
2022-08-12,Dak_Lak,12.71,108.2378,24.8,78,20.3,84,945.6,1
2022-08-13,Dak_Lak,12.71,108.2378,25.4,82,12.9,48,946.0,1
2022-08-14,Dak_Lak,12.71,108.2378,25.0,83,14.8,79,945.9,1
2022-08-15,Dak_Lak,12.71,108.2378,24.3,86,17.1,98,944.9,1
2022-08-16,Dak_Lak,12.71,108.2378,24.6,84,16.3,97,944.7,1
2022-08-17,Dak_Lak,12.71,108.2378,24.8,82,20.0,100,945.1,1
2022-08-18,Dak_Lak,12.71,108.2378,25.2,81,20.7,74,944.9,1
2022-08-19,Dak_Lak,12.71,108.2378,24.1,86,21.5,96,944.2,1
2022-08-20,Dak_Lak,12.71,108.2378,23.9,88,19.8,100,943.6,1
2022-08-21,Dak_Lak,12.71,108.2378,25.0,81,19.1,95,944.1,1
2022-08-22,Dak_Lak,12.71,108.2378,24.9,83,18.6,89,945.0,1
2022-08-23,Dak_Lak,12.71,108.2378,24.5,85,14.9,98,945.2,1
2022-08-24,Dak_Lak,12.71,108.2378,24.8,82,19.9,97,943.6,1
2022-08-25,Dak_Lak,12.71,108.2378,24.8,81,24.2,100,943.5,1
2022-08-26,Dak_Lak,12.71,108.2378,24.6,82,19.4,100,946.0,1
2022-08-27,Dak_Lak,12.71,108.2378,25.3,81,18.4,65,946.5,1
2022-08-28,Dak_Lak,12.71,108.2378,24.2,85,20.7,85,945.4,1
2022-08-29,Dak_Lak,12.71,108.2378,24.9,83,20.9,81,946.2,1
2022-08-30,Dak_Lak,12.71,108.2378,25.3,83,16.6,60,946.4,1
2022-08-31,Dak_Lak,12.71,108.2378,25.1,82,11.9,90,945.4,1
2022-09-01,Dak_Lak,12.71,108.2378,25.4,81,9.3,42,945.4,1
2022-09-02,Dak_Lak,12.71,108.2378,25.1,84,10.3,89,945.6,1
2022-09-03,Dak_Lak,12.71,108.2378,24.9,84,16.9,98,944.9,1
2022-09-04,Dak_Lak,12.71,108.2378,24.6,84,17.1,97,945.3,1
2022-09-05,Dak_Lak,12.71,108.2378,24.0,86,15.9,100,945.8,1
2022-09-06,Dak_Lak,12.71,108.2378,23.6,87,12.9,100,945.5,1
2022-09-07,Dak_Lak,12.71,108.2378,22.9,90,8.2,100,945.9,1
2022-09-08,Dak_Lak,12.71,108.2378,24.0,88,12.7,99,947.1,1
2022-09-09,Dak_Lak,12.71,108.2378,24.7,86,16.1,87,947.5,1
2022-09-10,Dak_Lak,12.71,108.2378,25.0,82,20.7,88,947.1,1
2022-09-11,Dak_Lak,12.71,108.2378,24.2,85,15.1,55,946.6,1
2022-09-12,Dak_Lak,12.71,108.2378,24.3,84,11.5,58,946.1,1
2022-09-13,Dak_Lak,12.71,108.2378,24.5,86,6.9,76,946.7,1
2022-09-14,Dak_Lak,12.71,108.2378,24.4,85,17.6,93,947.3,1
2022-09-15,Dak_Lak,12.71,108.2378,23.8,86,21.2,100,946.5,1
2022-09-16,Dak_Lak,12.71,108.2378,23.8,87,19.6,95,944.6,1
2022-09-17,Dak_Lak,12.71,108.2378,24.4,84,16.9,97,945.0,1
2022-09-18,Dak_Lak,12.71,108.2378,23.9,86,15.9,91,945.8,1
2022-09-19,Dak_Lak,12.71,108.2378,23.6,87,18.2,98,945.6,1
2022-09-20,Dak_Lak,12.71,108.2378,23.8,87,13.7,100,944.6,1
2022-09-21,Dak_Lak,12.71,108.2378,24.1,87,13.6,100,944.3,1
2022-09-22,Dak_Lak,12.71,108.2378,23.5,90,14.2,100,944.9,1
2022-09-23,Dak_Lak,12.71,108.2378,23.8,86,16.1,100,945.6,1
2022-09-24,Dak_Lak,12.71,108.2378,23.8,87,15.9,99,945.3,1
2022-09-25,Dak_Lak,12.71,108.2378,23.2,89,11.5,94,945.6,1
2022-09-26,Dak_Lak,12.71,108.2378,23.4,87,15.2,100,945.0,1
2022-09-27,Dak_Lak,12.71,108.2378,22.2,92,24.5,100,941.7,1
2022-09-28,Dak_Lak,12.71,108.2378,23.2,87,28.0,100,939.1,1
2022-09-29,Dak_Lak,12.71,108.2378,23.9,85,22.3,97,942.5,1
2022-09-30,Dak_Lak,12.71,108.2378,24.4,83,19.9,99,945.4,1
2022-10-01,Dak_Lak,12.71,108.2378,23.8,88,11.7,100,946.4,1
2022-10-02,Dak_Lak,12.71,108.2378,24.0,85,20.3,97,946.2,1
2022-10-03,Dak_Lak,12.71,108.2378,24.0,84,25.8,80,946.4,1
2022-10-04,Dak_Lak,12.71,108.2378,23.2,90,21.1,99,947.6,1
2022-10-05,Dak_Lak,12.71,108.2378,23.8,88,24.5,98,947.7,1
2022-10-06,Dak_Lak,12.71,108.2378,24.1,87,17.7,97,947.9,1
2022-10-07,Dak_Lak,12.71,108.2378,24.1,86,22.4,86,947.6,1
2022-10-08,Dak_Lak,12.71,108.2378,23.5,89,24.2,99,947.9,1
2022-10-09,Dak_Lak,12.71,108.2378,23.3,89,18.8,100,948.5,1
2022-10-10,Dak_Lak,12.71,108.2378,23.1,91,19.3,100,949.0,1
2022-10-11,Dak_Lak,12.71,108.2378,22.4,92,22.5,99,948.1,1
2022-10-12,Dak_Lak,12.71,108.2378,23.1,84,24.2,87,947.6,1
2022-10-13,Dak_Lak,12.71,108.2378,21.6,90,13.8,100,945.9,1
2022-10-14,Dak_Lak,12.71,108.2378,20.9,91,17.9,100,943.2,1
2022-10-15,Dak_Lak,12.71,108.2378,23.5,78,17.0,95,943.2,0
2022-10-16,Dak_Lak,12.71,108.2378,23.5,84,18.7,93,946.5,1
2022-10-17,Dak_Lak,12.71,108.2378,24.0,81,10.5,95,946.9,1
2022-10-18,Dak_Lak,12.71,108.2378,24.0,76,9.6,70,946.0,1
2022-10-19,Dak_Lak,12.71,108.2378,23.9,77,10.7,84,945.9,0
2022-10-20,Dak_Lak,12.71,108.2378,23.7,83,18.3,89,948.0,1
2022-10-21,Dak_Lak,12.71,108.2378,23.6,81,20.1,86,949.0,0
2022-10-22,Dak_Lak,12.71,108.2378,23.8,82,16.6,98,948.9,0
2022-10-23,Dak_Lak,12.71,108.2378,23.4,87,19.5,100,948.9,1
2022-10-24,Dak_Lak,12.71,108.2378,23.8,80,17.2,84,947.6,1
2022-10-25,Dak_Lak,12.71,108.2378,23.7,86,18.3,95,947.7,1
2022-10-26,Dak_Lak,12.71,108.2378,23.9,88,24.4,99,947.2,1
2022-10-27,Dak_Lak,12.71,108.2378,22.1,93,22.5,100,947.1,1
2022-10-28,Dak_Lak,12.71,108.2378,22.6,85,30.9,99,946.3,1
2022-10-29,Dak_Lak,12.71,108.2378,22.7,86,25.3,99,945.8,1
2022-10-30,Dak_Lak,12.71,108.2378,22.6,83,19.0,99,945.6,1
2022-10-31,Dak_Lak,12.71,108.2378,22.8,80,11.2,99,945.3,0
2022-11-01,Dak_Lak,12.71,108.2378,22.6,79,14.6,100,946.2,0
2022-11-02,Dak_Lak,12.71,108.2378,22.4,80,18.9,86,946.9,0
2022-11-03,Dak_Lak,12.71,108.2378,22.7,80,15.5,90,948.3,1
2022-11-04,Dak_Lak,12.71,108.2378,22.7,82,23.5,77,949.8,1
2022-11-05,Dak_Lak,12.71,108.2378,22.9,78,23.7,62,951.0,1
2022-11-06,Dak_Lak,12.71,108.2378,22.8,83,23.5,87,950.3,1
2022-11-07,Dak_Lak,12.71,108.2378,23.1,81,24.5,100,949.3,1
2022-11-08,Dak_Lak,12.71,108.2378,23.1,79,18.5,80,949.1,0
2022-11-09,Dak_Lak,12.71,108.2378,23.0,79,24.6,95,949.0,0
2022-11-10,Dak_Lak,12.71,108.2378,23.6,83,28.6,66,948.7,1
2022-11-11,Dak_Lak,12.71,108.2378,23.9,84,26.3,80,948.5,1
2022-11-12,Dak_Lak,12.71,108.2378,23.1,87,27.6,100,947.5,1
2022-11-13,Dak_Lak,12.71,108.2378,23.1,89,28.6,88,947.6,1
2022-11-14,Dak_Lak,12.71,108.2378,23.9,85,26.5,82,948.0,1
2022-11-15,Dak_Lak,12.71,108.2378,23.8,85,25.8,77,947.7,1
2022-11-16,Dak_Lak,12.71,108.2378,24.0,84,25.8,75,947.1,1
2022-11-17,Dak_Lak,12.71,108.2378,24.0,84,24.4,50,946.6,1
2022-11-18,Dak_Lak,12.71,108.2378,23.9,83,28.5,81,947.2,1
2022-11-19,Dak_Lak,12.71,108.2378,21.6,95,25.9,100,946.0,1
2022-11-20,Dak_Lak,12.71,108.2378,21.2,97,24.6,100,943.8,1
2022-11-21,Dak_Lak,12.71,108.2378,22.9,91,23.4,100,943.3,1
2022-11-22,Dak_Lak,12.71,108.2378,23.1,91,22.3,100,944.1,1
2022-11-23,Dak_Lak,12.71,108.2378,24.0,87,18.0,80,945.9,1
2022-11-24,Dak_Lak,12.71,108.2378,24.1,84,20.3,79,947.2,1
2022-11-25,Dak_Lak,12.71,108.2378,23.4,88,23.8,89,948.5,1
2022-11-26,Dak_Lak,12.71,108.2378,23.1,90,18.7,82,948.0,1
2022-11-27,Dak_Lak,12.71,108.2378,23.8,87,16.5,74,947.0,1
2022-11-28,Dak_Lak,12.71,108.2378,23.7,86,19.3,51,947.4,1
2022-11-29,Dak_Lak,12.71,108.2378,23.7,83,20.9,30,947.9,0
2022-11-30,Dak_Lak,12.71,108.2378,23.3,87,21.6,79,948.1,1
2022-12-01,Dak_Lak,12.71,108.2378,23.6,85,30.4,95,947.9,1
2022-12-02,Dak_Lak,12.71,108.2378,22.3,89,28.6,100,946.9,1
2022-12-03,Dak_Lak,12.71,108.2378,21.7,93,26.8,100,946.9,1
2022-12-04,Dak_Lak,12.71,108.2378,22.1,91,30.8,100,947.8,1
2022-12-05,Dak_Lak,12.71,108.2378,22.7,89,26.8,89,948.2,1
2022-12-06,Dak_Lak,12.71,108.2378,22.2,90,30.5,88,947.6,1
2022-12-07,Dak_Lak,12.71,108.2378,22.1,90,31.9,99,947.3,1
2022-12-08,Dak_Lak,12.71,108.2378,22.4,88,29.4,81,947.5,1
2022-12-09,Dak_Lak,12.71,108.2378,21.8,83,28.9,84,947.5,0
2022-12-10,Dak_Lak,12.71,108.2378,21.5,84,24.9,94,947.6,1
2022-12-11,Dak_Lak,12.71,108.2378,20.8,84,25.2,69,948.5,1
2022-12-12,Dak_Lak,12.71,108.2378,19.8,84,22.8,87,949.0,1
2022-12-13,Dak_Lak,12.71,108.2378,18.9,80,26.0,78,949.1,1
2022-12-14,Dak_Lak,12.71,108.2378,19.1,79,25.4,40,949.5,0
2022-12-15,Dak_Lak,12.71,108.2378,20.4,79,25.1,74,948.0,0
2022-12-16,Dak_Lak,12.71,108.2378,21.5,84,23.0,95,947.4,0
2022-12-17,Dak_Lak,12.71,108.2378,21.5,86,31.5,100,948.6,1
2022-12-18,Dak_Lak,12.71,108.2378,18.7,81,32.4,99,949.2,1
2022-12-19,Dak_Lak,12.71,108.2378,18.0,84,32.4,92,948.2,1
2022-12-20,Dak_Lak,12.71,108.2378,19.9,85,27.5,81,947.2,1
2022-12-21,Dak_Lak,12.71,108.2378,21.0,82,28.3,88,947.2,0
2022-12-22,Dak_Lak,12.71,108.2378,19.8,83,28.8,78,947.3,1
2022-12-23,Dak_Lak,12.71,108.2378,18.6,78,27.2,80,948.4,1
2022-12-24,Dak_Lak,12.71,108.2378,18.4,78,30.6,97,949.5,0
2022-12-25,Dak_Lak,12.71,108.2378,18.4,76,29.5,96,950.8,1
2022-12-26,Dak_Lak,12.71,108.2378,18.6,79,24.1,94,951.7,0
2022-12-27,Dak_Lak,12.71,108.2378,19.4,83,26.2,94,951.4,1
2022-12-28,Dak_Lak,12.71,108.2378,19.7,80,20.1,90,951.5,0
2022-12-29,Dak_Lak,12.71,108.2378,20.5,83,23.0,98,951.9,1
2022-12-30,Dak_Lak,12.71,108.2378,20.1,80,31.7,100,952.8,0
2022-12-31,Dak_Lak,12.71,108.2378,18.9,80,28.7,100,952.5,1
2023-01-01,Dak_Lak,12.71,108.2378,19.0,86,22.5,100,951.3,1
2023-01-02,Dak_Lak,12.71,108.2378,20.7,83,21.9,92,951.4,0
2023-01-03,Dak_Lak,12.71,108.2378,21.0,84,27.7,100,951.4,1
2023-01-04,Dak_Lak,12.71,108.2378,20.5,87,27.1,100,950.5,1
2023-01-05,Dak_Lak,12.71,108.2378,19.8,90,30.2,100,950.3,1
2023-01-06,Dak_Lak,12.71,108.2378,19.3,90,29.8,100,949.9,1
2023-01-07,Dak_Lak,12.71,108.2378,18.2,93,23.9,100,948.8,1
2023-01-08,Dak_Lak,12.71,108.2378,18.9,94,21.3,100,948.4,1
2023-01-09,Dak_Lak,12.71,108.2378,20.8,91,23.3,94,949.5,1
2023-01-10,Dak_Lak,12.71,108.2378,21.2,89,28.3,88,949.1,1
2023-01-11,Dak_Lak,12.71,108.2378,21.8,85,21.8,86,948.4,1
2023-01-12,Dak_Lak,12.71,108.2378,22.7,85,16.9,71,948.1,1
2023-01-13,Dak_Lak,12.71,108.2378,22.8,87,11.9,63,948.0,1
2023-01-14,Dak_Lak,12.71,108.2378,23.7,78,8.9,37,946.4,0
2023-01-15,Dak_Lak,12.71,108.2378,22.7,73,14.6,6,946.3,0
2023-01-16,Dak_Lak,12.71,108.2378,20.8,82,20.9,48,949.3,1
2023-01-17,Dak_Lak,12.71,108.2378,20.3,83,28.3,100,950.8,1
2023-01-18,Dak_Lak,12.71,108.2378,19.3,81,31.3,99,951.7,0
2023-01-19,Dak_Lak,12.71,108.2378,19.0,82,32.5,98,951.1,0
2023-01-20,Dak_Lak,12.71,108.2378,19.3,83,30.1,100,950.4,0
2023-01-21,Dak_Lak,12.71,108.2378,20.2,83,31.4,99,949.2,0
2023-01-22,Dak_Lak,12.71,108.2378,21.4,86,27.5,98,948.2,0
2023-01-23,Dak_Lak,12.71,108.2378,21.6,87,22.8,86,947.7,1
2023-01-24,Dak_Lak,12.71,108.2378,20.9,86,37.3,89,949.4,1
2023-01-25,Dak_Lak,12.71,108.2378,18.5,83,39.1,86,949.1,1
2023-01-26,Dak_Lak,12.71,108.2378,19.3,84,25.8,73,948.6,0
2023-01-27,Dak_Lak,12.71,108.2378,20.3,84,29.3,76,949.0,1
2023-01-28,Dak_Lak,12.71,108.2378,19.0,80,38.4,91,949.5,1
2023-01-29,Dak_Lak,12.71,108.2378,17.2,80,36.8,80,950.1,0
2023-01-30,Dak_Lak,12.71,108.2378,16.5,76,35.4,59,950.5,0
2023-01-31,Dak_Lak,12.71,108.2378,19.2,80,26.8,45,948.4,0
2023-02-01,Dak_Lak,12.71,108.2378,20.9,86,22.1,89,947.5,0
2023-02-02,Dak_Lak,12.71,108.2378,22.4,86,26.0,97,948.4,1
2023-02-03,Dak_Lak,12.71,108.2378,22.5,84,27.0,79,948.7,1
2023-02-04,Dak_Lak,12.71,108.2378,22.6,83,23.3,71,948.2,1
2023-02-05,Dak_Lak,12.71,108.2378,22.5,80,21.7,70,947.7,1
2023-02-06,Dak_Lak,12.71,108.2378,22.4,81,19.0,83,947.5,0
2023-02-07,Dak_Lak,12.71,108.2378,23.0,80,21.7,52,947.9,0
2023-02-08,Dak_Lak,12.71,108.2378,23.0,83,22.9,56,948.1,1
2023-02-09,Dak_Lak,12.71,108.2378,23.1,77,22.7,47,948.0,0
2023-02-10,Dak_Lak,12.71,108.2378,22.8,80,20.8,76,948.4,0
2023-02-11,Dak_Lak,12.71,108.2378,23.5,77,17.3,73,948.1,0
2023-02-12,Dak_Lak,12.71,108.2378,23.9,77,17.4,89,948.1,0
2023-02-13,Dak_Lak,12.71,108.2378,24.5,74,16.7,85,948.0,0
2023-02-14,Dak_Lak,12.71,108.2378,24.1,74,23.8,83,948.5,1
2023-02-15,Dak_Lak,12.71,108.2378,21.9,80,33.5,69,949.6,1
2023-02-16,Dak_Lak,12.71,108.2378,21.2,79,38.0,69,950.9,1
2023-02-17,Dak_Lak,12.71,108.2378,21.0,81,30.5,97,950.5,1
2023-02-18,Dak_Lak,12.71,108.2378,21.6,81,25.1,91,949.7,1
2023-02-19,Dak_Lak,12.71,108.2378,22.0,78,25.8,76,949.3,1
2023-02-20,Dak_Lak,12.71,108.2378,21.3,74,27.6,87,949.6,1
2023-02-21,Dak_Lak,12.71,108.2378,20.6,79,27.6,95,950.8,0
2023-02-22,Dak_Lak,12.71,108.2378,20.5,81,27.1,93,950.8,0
2023-02-23,Dak_Lak,12.71,108.2378,21.0,77,26.9,91,949.7,0
2023-02-24,Dak_Lak,12.71,108.2378,20.4,75,29.3,65,950.1,0
2023-02-25,Dak_Lak,12.71,108.2378,20.5,73,36.7,71,953.0,0
2023-02-26,Dak_Lak,12.71,108.2378,20.4,73,37.7,81,954.2,0
2023-02-27,Dak_Lak,12.71,108.2378,20.1,81,35.3,100,953.7,1
2023-02-28,Dak_Lak,12.71,108.2378,20.9,84,34.5,91,952.6,1
2023-03-01,Dak_Lak,12.71,108.2378,21.2,81,27.9,76,952.8,1
2023-03-02,Dak_Lak,12.71,108.2378,20.6,77,31.6,93,953.2,0
2023-03-03,Dak_Lak,12.71,108.2378,20.3,75,34.0,79,953.7,0
2023-03-04,Dak_Lak,12.71,108.2378,20.3,79,34.5,76,954.3,1
2023-03-05,Dak_Lak,12.71,108.2378,19.9,77,33.8,52,953.2,1
2023-03-06,Dak_Lak,12.71,108.2378,20.2,76,28.7,49,952.3,0
2023-03-07,Dak_Lak,12.71,108.2378,20.6,75,25.5,57,951.8,1
2023-03-08,Dak_Lak,12.71,108.2378,20.2,74,23.9,32,951.4,0
2023-03-09,Dak_Lak,12.71,108.2378,20.6,75,33.6,37,950.7,0
2023-03-10,Dak_Lak,12.71,108.2378,21.0,76,27.6,30,949.9,0
2023-03-11,Dak_Lak,12.71,108.2378,21.3,75,21.7,38,950.0,0
2023-03-12,Dak_Lak,12.71,108.2378,21.2,77,27.6,79,950.3,0
2023-03-13,Dak_Lak,12.71,108.2378,20.9,77,30.8,64,950.6,1
2023-03-14,Dak_Lak,12.71,108.2378,21.1,77,25.6,68,948.8,1
2023-03-15,Dak_Lak,12.71,108.2378,22.1,76,25.4,54,949.0,0
2023-03-16,Dak_Lak,12.71,108.2378,22.7,76,23.9,75,950.1,0
2023-03-17,Dak_Lak,12.71,108.2378,23.6,74,22.9,80,949.6,0
2023-03-18,Dak_Lak,12.71,108.2378,23.6,73,21.9,72,948.7,0
2023-03-19,Dak_Lak,12.71,108.2378,24.2,74,22.0,44,947.7,0
2023-03-20,Dak_Lak,12.71,108.2378,25.5,70,19.8,41,947.0,0
2023-03-21,Dak_Lak,12.71,108.2378,26.7,67,13.4,47,946.7,0
2023-03-22,Dak_Lak,12.71,108.2378,28.2,63,15.1,36,945.3,0
2023-03-23,Dak_Lak,12.71,108.2378,28.9,58,19.6,42,945.7,0
2023-03-24,Dak_Lak,12.71,108.2378,28.4,59,18.6,71,946.3,0
2023-03-25,Dak_Lak,12.71,108.2378,27.4,62,15.9,62,946.8,0
2023-03-26,Dak_Lak,12.71,108.2378,27.5,60,13.2,58,946.7,1
2023-03-27,Dak_Lak,12.71,108.2378,26.8,65,22.0,25,947.4,0
2023-03-28,Dak_Lak,12.71,108.2378,25.8,73,24.7,77,948.5,1
2023-03-29,Dak_Lak,12.71,108.2378,25.7,69,20.6,56,948.5,0
2023-03-30,Dak_Lak,12.71,108.2378,25.9,68,21.1,25,947.2,0
2023-03-31,Dak_Lak,12.71,108.2378,26.0,68,17.8,51,947.3,0
2023-04-01,Dak_Lak,12.71,108.2378,26.2,68,21.0,78,946.9,0
2023-04-02,Dak_Lak,12.71,108.2378,26.6,68,17.2,33,946.3,0
2023-04-03,Dak_Lak,12.71,108.2378,27.2,67,15.0,28,946.2,1
2023-04-04,Dak_Lak,12.71,108.2378,27.6,64,10.1,38,945.8,1
2023-04-05,Dak_Lak,12.71,108.2378,27.1,68,17.4,61,946.2,1
2023-04-06,Dak_Lak,12.71,108.2378,28.3,63,18.4,13,946.7,1
2023-04-07,Dak_Lak,12.71,108.2378,27.2,65,22.1,20,948.2,0
2023-04-08,Dak_Lak,12.71,108.2378,26.0,67,23.2,21,950.4,0
2023-04-09,Dak_Lak,12.71,108.2378,25.3,74,25.7,47,950.2,1
2023-04-10,Dak_Lak,12.71,108.2378,25.9,74,20.8,78,948.5,0
2023-04-11,Dak_Lak,12.71,108.2378,27.0,71,14.9,90,947.6,0
2023-04-12,Dak_Lak,12.71,108.2378,27.6,70,20.0,33,946.6,1
2023-04-13,Dak_Lak,12.71,108.2378,27.6,70,18.9,44,946.8,1
2023-04-14,Dak_Lak,12.71,108.2378,27.8,72,17.3,54,946.5,1
2023-04-15,Dak_Lak,12.71,108.2378,26.8,77,17.9,48,945.9,1
2023-04-16,Dak_Lak,12.71,108.2378,26.3,78,19.6,90,946.0,1
2023-04-17,Dak_Lak,12.71,108.2378,26.1,79,18.1,88,947.1,1
2023-04-18,Dak_Lak,12.71,108.2378,26.9,75,12.0,33,947.1,1
2023-04-19,Dak_Lak,12.71,108.2378,28.1,67,12.6,16,944.6,0
2023-04-20,Dak_Lak,12.71,108.2378,28.0,69,18.0,13,943.1,1
2023-04-21,Dak_Lak,12.71,108.2378,28.2,69,17.4,39,943.9,1
2023-04-22,Dak_Lak,12.71,108.2378,29.3,63,11.8,54,944.6,1
2023-04-23,Dak_Lak,12.71,108.2378,28.9,61,20.3,31,946.5,0
2023-04-24,Dak_Lak,12.71,108.2378,27.5,64,20.3,28,948.0,0
2023-04-25,Dak_Lak,12.71,108.2378,26.9,68,27.0,73,946.8,0
2023-04-26,Dak_Lak,12.71,108.2378,26.2,71,27.7,77,947.2,1
2023-04-27,Dak_Lak,12.71,108.2378,26.3,71,24.8,62,947.6,1
2023-04-28,Dak_Lak,12.71,108.2378,26.9,71,20.6,69,947.4,1
2023-04-29,Dak_Lak,12.71,108.2378,27.3,67,21.9,62,946.4,0
2023-04-30,Dak_Lak,12.71,108.2378,26.3,73,23.2,67,946.8,1
2023-05-01,Dak_Lak,12.71,108.2378,25.9,72,25.6,48,947.2,1
2023-05-02,Dak_Lak,12.71,108.2378,26.4,73,23.8,54,947.8,1
2023-05-03,Dak_Lak,12.71,108.2378,27.5,69,20.3,59,948.0,0
2023-05-04,Dak_Lak,12.71,108.2378,28.5,61,18.5,53,945.9,0
2023-05-05,Dak_Lak,12.71,108.2378,29.6,58,10.5,61,943.7,0
2023-05-06,Dak_Lak,12.71,108.2378,30.5,56,16.9,56,942.8,0
2023-05-07,Dak_Lak,12.71,108.2378,28.4,70,20.1,85,943.1,1
2023-05-08,Dak_Lak,12.71,108.2378,26.4,80,13.7,99,944.6,1
2023-05-09,Dak_Lak,12.71,108.2378,25.0,84,10.4,100,945.9,1
2023-05-10,Dak_Lak,12.71,108.2378,25.3,83,16.9,75,946.5,1
2023-05-11,Dak_Lak,12.71,108.2378,25.4,86,14.7,97,947.8,1
2023-05-12,Dak_Lak,12.71,108.2378,25.8,82,12.1,94,948.1,1
2023-05-13,Dak_Lak,12.71,108.2378,25.6,82,12.5,85,948.3,1
2023-05-14,Dak_Lak,12.71,108.2378,25.6,84,15.1,62,948.4,1
2023-05-15,Dak_Lak,12.71,108.2378,26.3,78,10.9,36,948.3,1
2023-05-16,Dak_Lak,12.71,108.2378,26.2,81,15.2,60,948.1,1
2023-05-17,Dak_Lak,12.71,108.2378,26.8,76,22.3,93,947.9,1
2023-05-18,Dak_Lak,12.71,108.2378,27.1,75,19.7,27,947.1,1
2023-05-19,Dak_Lak,12.71,108.2378,27.6,71,16.7,87,945.6,1
2023-05-20,Dak_Lak,12.71,108.2378,27.8,70,15.1,92,945.6,1
2023-05-21,Dak_Lak,12.71,108.2378,27.0,74,23.7,84,946.8,1
2023-05-22,Dak_Lak,12.71,108.2378,26.8,74,21.5,99,947.5,1
2023-05-23,Dak_Lak,12.71,108.2378,27.0,73,17.2,65,946.8,1
2023-05-24,Dak_Lak,12.71,108.2378,26.7,75,17.2,56,946.7,1
2023-05-25,Dak_Lak,12.71,108.2378,25.2,82,17.4,90,947.1,1
2023-05-26,Dak_Lak,12.71,108.2378,26.0,76,13.5,66,946.9,1
2023-05-27,Dak_Lak,12.71,108.2378,24.8,83,13.6,73,945.0,1
2023-05-28,Dak_Lak,12.71,108.2378,25.2,81,9.8,49,944.2,1
2023-05-29,Dak_Lak,12.71,108.2378,25.3,84,13.8,60,945.0,1
2023-05-30,Dak_Lak,12.71,108.2378,25.3,84,15.9,94,945.0,1
2023-05-31,Dak_Lak,12.71,108.2378,25.0,84,19.3,100,944.6,1
2023-06-01,Dak_Lak,12.71,108.2378,25.2,84,19.5,95,944.0,1
2023-06-02,Dak_Lak,12.71,108.2378,25.4,84,18.4,98,945.0,1
2023-06-03,Dak_Lak,12.71,108.2378,25.7,83,18.0,65,945.8,1
2023-06-04,Dak_Lak,12.71,108.2378,25.2,84,14.8,98,945.4,1
2023-06-05,Dak_Lak,12.71,108.2378,24.9,83,16.2,95,944.2,1
2023-06-06,Dak_Lak,12.71,108.2378,24.3,86,18.6,100,944.5,1
2023-06-07,Dak_Lak,12.71,108.2378,25.3,80,21.2,100,945.6,1
2023-06-08,Dak_Lak,12.71,108.2378,25.3,81,21.4,99,945.5,1
2023-06-09,Dak_Lak,12.71,108.2378,25.5,81,24.8,99,944.5,1
2023-06-10,Dak_Lak,12.71,108.2378,25.0,83,24.2,99,943.5,1
2023-06-11,Dak_Lak,12.71,108.2378,24.6,84,24.9,100,943.4,1
2023-06-12,Dak_Lak,12.71,108.2378,25.5,78,24.2,99,944.4,1
2023-06-13,Dak_Lak,12.71,108.2378,24.9,82,24.4,98,945.0,1
2023-06-14,Dak_Lak,12.71,108.2378,25.2,81,23.9,100,946.5,1
2023-06-15,Dak_Lak,12.71,108.2378,25.2,83,16.1,88,946.0,1
2023-06-16,Dak_Lak,12.71,108.2378,25.4,83,15.3,90,945.5,1
2023-06-17,Dak_Lak,12.71,108.2378,24.9,84,19.4,88,946.2,1
2023-06-18,Dak_Lak,12.71,108.2378,25.5,78,17.7,74,946.5,1
2023-06-19,Dak_Lak,12.71,108.2378,25.6,80,15.0,74,946.0,1
2023-06-20,Dak_Lak,12.71,108.2378,25.9,79,14.3,32,945.7,1
2023-06-21,Dak_Lak,12.71,108.2378,25.5,81,14.8,39,946.4,1
2023-06-22,Dak_Lak,12.71,108.2378,25.5,83,14.5,44,946.5,1
2023-06-23,Dak_Lak,12.71,108.2378,26.0,80,12.6,72,945.0,1
2023-06-24,Dak_Lak,12.71,108.2378,25.6,82,18.4,90,944.6,1
2023-06-25,Dak_Lak,12.71,108.2378,25.5,81,19.6,100,944.9,1
2023-06-26,Dak_Lak,12.71,108.2378,25.0,84,15.8,100,944.9,1
2023-06-27,Dak_Lak,12.71,108.2378,24.9,85,11.7,98,945.6,1
2023-06-28,Dak_Lak,12.71,108.2378,25.2,85,12.4,52,946.4,1
2023-06-29,Dak_Lak,12.71,108.2378,25.5,83,14.5,84,945.6,1
2023-06-30,Dak_Lak,12.71,108.2378,24.9,85,18.8,91,945.4,1
2023-07-01,Dak_Lak,12.71,108.2378,24.9,84,21.0,90,945.7,1
2023-07-02,Dak_Lak,12.71,108.2378,24.9,84,19.7,98,946.8,1
2023-07-03,Dak_Lak,12.71,108.2378,25.1,79,15.6,100,947.3,1
2023-07-04,Dak_Lak,12.71,108.2378,25.4,80,13.0,99,946.8,1
2023-07-05,Dak_Lak,12.71,108.2378,25.0,85,12.8,91,946.4,1
2023-07-06,Dak_Lak,12.71,108.2378,25.1,83,10.6,76,946.7,1
2023-07-07,Dak_Lak,12.71,108.2378,25.6,82,10.5,65,947.2,1
2023-07-08,Dak_Lak,12.71,108.2378,25.6,82,8.4,54,947.1,1
2023-07-09,Dak_Lak,12.71,108.2378,24.9,83,12.8,52,947.3,1
2023-07-10,Dak_Lak,12.71,108.2378,25.5,81,10.7,93,946.5,1
2023-07-11,Dak_Lak,12.71,108.2378,25.9,82,12.6,73,946.5,1
2023-07-12,Dak_Lak,12.71,108.2378,25.4,82,13.8,94,946.6,1
2023-07-13,Dak_Lak,12.71,108.2378,24.9,85,18.2,75,945.7,1
2023-07-14,Dak_Lak,12.71,108.2378,24.5,85,22.2,97,945.0,1
2023-07-15,Dak_Lak,12.71,108.2378,23.9,86,24.1,95,943.6,1
2023-07-16,Dak_Lak,12.71,108.2378,23.3,91,24.0,100,941.7,1
2023-07-17,Dak_Lak,12.71,108.2378,23.9,89,27.4,100,940.8,1
2023-07-18,Dak_Lak,12.71,108.2378,24.5,86,24.6,95,942.2,1
2023-07-19,Dak_Lak,12.71,108.2378,24.9,84,18.3,90,942.7,1
2023-07-20,Dak_Lak,12.71,108.2378,24.7,86,13.4,78,943.2,1
2023-07-21,Dak_Lak,12.71,108.2378,24.7,86,11.9,99,944.9,1
2023-07-22,Dak_Lak,12.71,108.2378,24.2,88,10.1,99,946.7,1
2023-07-23,Dak_Lak,12.71,108.2378,24.5,83,17.2,84,946.3,1
2023-07-24,Dak_Lak,12.71,108.2378,24.2,85,19.4,78,945.0,1
2023-07-25,Dak_Lak,12.71,108.2378,24.3,85,19.1,80,945.0,1
2023-07-26,Dak_Lak,12.71,108.2378,24.5,85,27.6,88,944.6,1
2023-07-27,Dak_Lak,12.71,108.2378,23.8,90,21.8,96,943.4,1
2023-07-28,Dak_Lak,12.71,108.2378,24.5,86,25.4,87,942.2,1
2023-07-29,Dak_Lak,12.71,108.2378,24.4,86,22.4,73,942.9,1
2023-07-30,Dak_Lak,12.71,108.2378,24.5,87,20.3,96,944.2,1
2023-07-31,Dak_Lak,12.71,108.2378,24.0,90,22.8,99,945.2,1
2023-08-01,Dak_Lak,12.71,108.2378,23.6,89,20.3,100,945.1,1
2023-08-02,Dak_Lak,12.71,108.2378,23.8,88,23.1,99,945.4,1
2023-08-03,Dak_Lak,12.71,108.2378,24.7,85,24.9,95,945.7,1
2023-08-04,Dak_Lak,12.71,108.2378,24.7,84,25.6,92,947.8,1
2023-08-05,Dak_Lak,12.71,108.2378,25.7,79,25.5,53,948.0,1
2023-08-06,Dak_Lak,12.71,108.2378,25.8,78,27.1,57,946.1,1
2023-08-07,Dak_Lak,12.71,108.2378,26.2,75,27.8,39,945.0,1
2023-08-08,Dak_Lak,12.71,108.2378,26.2,76,23.9,60,945.9,1
2023-08-09,Dak_Lak,12.71,108.2378,26.2,76,19.1,39,947.1,1
2023-08-10,Dak_Lak,12.71,108.2378,26.8,76,17.2,33,946.5,1
2023-08-11,Dak_Lak,12.71,108.2378,26.3,77,20.5,19,945.5,1
2023-08-12,Dak_Lak,12.71,108.2378,25.8,79,21.4,54,945.1,1
2023-08-13,Dak_Lak,12.71,108.2378,25.6,80,18.9,38,945.0,1
2023-08-14,Dak_Lak,12.71,108.2378,25.4,82,20.3,57,945.3,1
2023-08-15,Dak_Lak,12.71,108.2378,25.0,85,19.7,60,945.9,1
2023-08-16,Dak_Lak,12.71,108.2378,25.2,83,22.7,70,946.3,1
2023-08-17,Dak_Lak,12.71,108.2378,25.2,83,19.5,29,945.6,1
2023-08-18,Dak_Lak,12.71,108.2378,24.7,85,13.9,47,944.7,1
2023-08-19,Dak_Lak,12.71,108.2378,24.7,85,14.5,57,944.3,1
2023-08-20,Dak_Lak,12.71,108.2378,24.7,83,13.0,84,944.2,1
2023-08-21,Dak_Lak,12.71,108.2378,24.8,84,18.8,74,945.4,1
2023-08-22,Dak_Lak,12.71,108.2378,25.5,80,19.2,53,945.7,1
2023-08-23,Dak_Lak,12.71,108.2378,25.6,81,20.8,67,945.2,1
2023-08-24,Dak_Lak,12.71,108.2378,26.2,76,20.5,72,945.3,0
2023-08-25,Dak_Lak,12.71,108.2378,25.8,80,15.3,58,945.6,1
2023-08-26,Dak_Lak,12.71,108.2378,25.2,83,18.0,80,945.2,1
2023-08-27,Dak_Lak,12.71,108.2378,24.7,85,20.6,81,944.2,1
2023-08-28,Dak_Lak,12.71,108.2378,24.9,82,21.6,97,943.2,1
2023-08-29,Dak_Lak,12.71,108.2378,24.9,82,21.4,98,943.3,1
2023-08-30,Dak_Lak,12.71,108.2378,24.4,84,21.0,82,944.6,1
2023-08-31,Dak_Lak,12.71,108.2378,23.7,90,20.2,98,944.5,1
2023-09-01,Dak_Lak,12.71,108.2378,24.3,87,17.7,100,944.1,1
2023-09-02,Dak_Lak,12.71,108.2378,24.2,89,20.0,97,942.8,1
2023-09-03,Dak_Lak,12.71,108.2378,24.8,86,20.4,90,942.3,1
2023-09-04,Dak_Lak,12.71,108.2378,24.8,87,16.6,85,942.4,1
2023-09-05,Dak_Lak,12.71,108.2378,24.7,87,17.1,99,944.3,1
2023-09-06,Dak_Lak,12.71,108.2378,24.9,85,15.0,100,945.8,1
2023-09-07,Dak_Lak,12.71,108.2378,25.1,85,20.1,95,946.1,1
2023-09-08,Dak_Lak,12.71,108.2378,24.3,89,19.9,95,945.9,1
2023-09-09,Dak_Lak,12.71,108.2378,25.7,79,15.7,85,944.8,1
2023-09-10,Dak_Lak,12.71,108.2378,24.9,81,21.9,99,945.4,1
2023-09-11,Dak_Lak,12.71,108.2378,24.5,83,22.7,100,946.0,1
2023-09-12,Dak_Lak,12.71,108.2378,24.4,83,21.6,99,946.4,1
2023-09-13,Dak_Lak,12.71,108.2378,24.3,84,24.9,98,946.5,1
2023-09-14,Dak_Lak,12.71,108.2378,24.0,85,18.4,92,945.9,1
2023-09-15,Dak_Lak,12.71,108.2378,24.1,85,16.6,99,945.7,1
2023-09-16,Dak_Lak,12.71,108.2378,24.4,86,15.1,96,946.4,1
2023-09-17,Dak_Lak,12.71,108.2378,24.9,84,12.1,95,946.3,1
2023-09-18,Dak_Lak,12.71,108.2378,24.9,85,10.0,96,947.1,1
2023-09-19,Dak_Lak,12.71,108.2378,25.0,85,16.5,72,947.8,1
2023-09-20,Dak_Lak,12.71,108.2378,25.2,84,16.0,43,946.7,1
2023-09-21,Dak_Lak,12.71,108.2378,24.8,87,18.5,68,946.8,1
2023-09-22,Dak_Lak,12.71,108.2378,24.7,83,15.9,89,946.6,1
2023-09-23,Dak_Lak,12.71,108.2378,25.0,81,10.9,93,946.2,1
2023-09-24,Dak_Lak,12.71,108.2378,23.8,87,11.5,99,944.7,1
2023-09-25,Dak_Lak,12.71,108.2378,23.2,87,19.4,100,942.9,1
2023-09-26,Dak_Lak,12.71,108.2378,24.6,85,20.4,97,943.6,1
2023-09-27,Dak_Lak,12.71,108.2378,24.5,86,20.0,100,945.3,1
2023-09-28,Dak_Lak,12.71,108.2378,24.3,84,15.2,100,947.5,1
2023-09-29,Dak_Lak,12.71,108.2378,24.5,86,12.4,99,948.2,1
2023-09-30,Dak_Lak,12.71,108.2378,23.8,87,13.5,68,947.9,1
2023-10-01,Dak_Lak,12.71,108.2378,24.0,88,18.3,79,946.3,1
2023-10-02,Dak_Lak,12.71,108.2378,23.5,92,15.2,96,946.7,1
2023-10-03,Dak_Lak,12.71,108.2378,24.5,88,7.2,85,946.9,1
2023-10-04,Dak_Lak,12.71,108.2378,25.1,86,12.8,56,947.2,1
2023-10-05,Dak_Lak,12.71,108.2378,25.5,82,13.8,62,946.7,1
2023-10-06,Dak_Lak,12.71,108.2378,24.4,88,15.5,95,947.0,1
2023-10-07,Dak_Lak,12.71,108.2378,24.4,87,13.9,100,947.6,1
2023-10-08,Dak_Lak,12.71,108.2378,24.9,85,12.6,96,948.5,1
2023-10-09,Dak_Lak,12.71,108.2378,23.9,88,11.0,99,948.8,1
2023-10-10,Dak_Lak,12.71,108.2378,23.9,89,17.1,75,948.5,1
2023-10-11,Dak_Lak,12.71,108.2378,24.2,88,19.1,71,948.9,1
2023-10-12,Dak_Lak,12.71,108.2378,24.3,89,16.3,97,949.3,1
2023-10-13,Dak_Lak,12.71,108.2378,24.2,88,11.2,92,948.5,1
2023-10-14,Dak_Lak,12.71,108.2378,24.3,86,9.5,92,946.8,1
2023-10-15,Dak_Lak,12.71,108.2378,23.9,88,8.1,99,945.7,1
2023-10-16,Dak_Lak,12.71,108.2378,24.0,85,9.4,99,946.6,1
2023-10-17,Dak_Lak,12.71,108.2378,24.1,87,16.2,98,946.9,1
2023-10-18,Dak_Lak,12.71,108.2378,24.2,88,16.1,99,947.8,1
2023-10-19,Dak_Lak,12.71,108.2378,24.5,86,10.5,95,948.4,1
2023-10-20,Dak_Lak,12.71,108.2378,24.8,85,18.9,57,948.8,1
2023-10-21,Dak_Lak,12.71,108.2378,23.3,91,23.6,86,950.0,1
2023-10-22,Dak_Lak,12.71,108.2378,23.7,88,19.2,80,950.1,1
2023-10-23,Dak_Lak,12.71,108.2378,23.8,88,15.1,93,949.3,1
2023-10-24,Dak_Lak,12.71,108.2378,23.9,87,18.7,80,948.5,1
2023-10-25,Dak_Lak,12.71,108.2378,23.4,90,11.7,89,948.9,1
2023-10-26,Dak_Lak,12.71,108.2378,24.4,85,12.3,50,949.0,1
2023-10-27,Dak_Lak,12.71,108.2378,25.0,82,17.9,82,948.8,1
2023-10-28,Dak_Lak,12.71,108.2378,24.5,87,17.6,92,948.3,1
2023-10-29,Dak_Lak,12.71,108.2378,24.4,87,20.3,88,948.1,1
2023-10-30,Dak_Lak,12.71,108.2378,23.5,89,26.8,99,948.5,1
2023-10-31,Dak_Lak,12.71,108.2378,23.2,89,27.5,99,949.2,1
2023-11-01,Dak_Lak,12.71,108.2378,23.6,88,26.6,88,949.1,1
2023-11-02,Dak_Lak,12.71,108.2378,24.1,87,19.6,72,948.4,1
2023-11-03,Dak_Lak,12.71,108.2378,24.1,88,20.4,85,947.2,1
2023-11-04,Dak_Lak,12.71,108.2378,24.8,83,21.0,57,947.5,1
2023-11-05,Dak_Lak,12.71,108.2378,24.6,86,18.4,54,948.5,1
2023-11-06,Dak_Lak,12.71,108.2378,24.5,84,23.1,87,948.8,1
2023-11-07,Dak_Lak,12.71,108.2378,23.5,91,19.2,98,948.5,1
2023-11-08,Dak_Lak,12.71,108.2378,24.3,85,19.3,95,948.2,1
2023-11-09,Dak_Lak,12.71,108.2378,24.9,83,22.4,58,948.5,1
2023-11-10,Dak_Lak,12.71,108.2378,24.4,85,23.5,76,949.7,1
2023-11-11,Dak_Lak,12.71,108.2378,24.6,84,23.5,44,950.0,1
2023-11-12,Dak_Lak,12.71,108.2378,24.0,86,25.4,75,950.3,1
2023-11-13,Dak_Lak,12.71,108.2378,23.1,91,27.1,99,950.1,1
2023-11-14,Dak_Lak,12.71,108.2378,23.6,87,28.6,91,950.4,1
2023-11-15,Dak_Lak,12.71,108.2378,23.4,89,26.5,96,950.5,1
2023-11-16,Dak_Lak,12.71,108.2378,22.3,92,31.6,99,951.7,1
2023-11-17,Dak_Lak,12.71,108.2378,22.0,85,36.9,78,952.2,1
2023-11-18,Dak_Lak,12.71,108.2378,20.8,78,32.2,80,951.5,1
2023-11-19,Dak_Lak,12.71,108.2378,20.7,81,25.3,79,951.0,0
2023-11-20,Dak_Lak,12.71,108.2378,21.1,85,27.9,79,950.2,1
2023-11-21,Dak_Lak,12.71,108.2378,21.5,81,27.4,81,949.1,0
2023-11-22,Dak_Lak,12.71,108.2378,22.1,85,23.7,92,948.0,1
2023-11-23,Dak_Lak,12.71,108.2378,22.5,82,29.9,96,948.2,1
2023-11-24,Dak_Lak,12.71,108.2378,21.7,80,30.7,93,949.2,0
2023-11-25,Dak_Lak,12.71,108.2378,21.6,85,32.2,96,948.9,1
2023-11-26,Dak_Lak,12.71,108.2378,22.9,88,29.5,100,949.4,1
2023-11-27,Dak_Lak,12.71,108.2378,21.6,79,31.3,82,949.4,0
2023-11-28,Dak_Lak,12.71,108.2378,21.1,81,30.7,85,949.0,0
2023-11-29,Dak_Lak,12.71,108.2378,22.7,87,29.1,89,948.8,1
2023-11-30,Dak_Lak,12.71,108.2378,23.2,89,27.9,99,949.7,1
2023-12-01,Dak_Lak,12.71,108.2378,23.4,87,32.5,96,948.8,1
2023-12-02,Dak_Lak,12.71,108.2378,22.8,88,32.2,95,949.3,1
2023-12-03,Dak_Lak,12.71,108.2378,22.3,92,31.9,100,949.4,1
2023-12-04,Dak_Lak,12.71,108.2378,23.3,86,21.9,86,949.2,1
2023-12-05,Dak_Lak,12.71,108.2378,23.1,86,24.4,65,948.7,1
2023-12-06,Dak_Lak,12.71,108.2378,22.9,87,23.6,90,949.8,1
2023-12-07,Dak_Lak,12.71,108.2378,22.5,84,29.0,71,949.9,1
2023-12-08,Dak_Lak,12.71,108.2378,22.5,84,25.6,89,949.4,1
2023-12-09,Dak_Lak,12.71,108.2378,22.6,83,18.9,60,948.6,0
2023-12-10,Dak_Lak,12.71,108.2378,22.8,82,16.2,49,947.7,0
2023-12-11,Dak_Lak,12.71,108.2378,22.8,80,17.1,69,948.6,0
2023-12-12,Dak_Lak,12.71,108.2378,22.7,82,22.3,74,949.0,1
2023-12-13,Dak_Lak,12.71,108.2378,22.9,82,28.1,77,950.0,1
2023-12-14,Dak_Lak,12.71,108.2378,23.5,84,24.8,87,950.6,1
2023-12-15,Dak_Lak,12.71,108.2378,23.6,81,21.2,69,949.8,1
2023-12-16,Dak_Lak,12.71,108.2378,22.9,85,23.0,83,949.8,1
2023-12-17,Dak_Lak,12.71,108.2378,22.9,84,33.2,69,950.4,1
2023-12-18,Dak_Lak,12.71,108.2378,22.7,85,33.7,86,950.4,1
2023-12-19,Dak_Lak,12.71,108.2378,22.8,80,30.3,90,950.6,1
2023-12-20,Dak_Lak,12.71,108.2378,21.9,83,29.1,92,950.2,1
2023-12-21,Dak_Lak,12.71,108.2378,21.3,81,34.3,90,950.9,1
2023-12-22,Dak_Lak,12.71,108.2378,19.8,81,37.4,98,952.4,0
2023-12-23,Dak_Lak,12.71,108.2378,18.9,85,30.2,99,952.8,1
2023-12-24,Dak_Lak,12.71,108.2378,19.6,86,31.1,100,953.7,1
2023-12-25,Dak_Lak,12.71,108.2378,18.9,81,36.8,89,953.1,0
2023-12-26,Dak_Lak,12.71,108.2378,20.1,84,31.0,85,953.2,1
2023-12-27,Dak_Lak,12.71,108.2378,21.2,88,29.0,93,952.8,1
2023-12-28,Dak_Lak,12.71,108.2378,22.1,87,24.6,89,951.6,1
2023-12-29,Dak_Lak,12.71,108.2378,22.9,85,29.3,78,950.4,1
2023-12-30,Dak_Lak,12.71,108.2378,22.8,83,24.3,77,949.7,1
2023-12-31,Dak_Lak,12.71,108.2378,22.4,83,23.9,78,950.3,1
2024-01-01,Dak_Lak,12.71,108.2378,22.2,84,27.0,98,949.9,1
2024-01-02,Dak_Lak,12.71,108.2378,22.4,85,24.1,77,949.6,1
2024-01-03,Dak_Lak,12.71,108.2378,21.6,82,30.5,73,950.3,1
2024-01-04,Dak_Lak,12.71,108.2378,20.9,78,28.9,30,950.6,1
2024-01-05,Dak_Lak,12.71,108.2378,20.7,79,28.2,84,950.8,0
2024-01-06,Dak_Lak,12.71,108.2378,21.1,85,27.7,84,950.8,1
2024-01-07,Dak_Lak,12.71,108.2378,21.5,81,27.2,79,951.2,1
2024-01-08,Dak_Lak,12.71,108.2378,21.6,81,22.9,57,950.6,1
2024-01-09,Dak_Lak,12.71,108.2378,21.9,81,21.8,52,949.6,0
2024-01-10,Dak_Lak,12.71,108.2378,21.7,82,24.4,66,949.6,1
2024-01-11,Dak_Lak,12.71,108.2378,21.8,78,26.4,48,950.1,1
2024-01-12,Dak_Lak,12.71,108.2378,20.9,78,27.2,64,949.7,0
2024-01-13,Dak_Lak,12.71,108.2378,21.0,78,28.5,84,949.8,1
2024-01-14,Dak_Lak,12.71,108.2378,20.8,76,29.4,98,950.7,1
2024-01-15,Dak_Lak,12.71,108.2378,20.5,81,29.5,78,950.7,1
2024-01-16,Dak_Lak,12.71,108.2378,21.3,75,31.0,80,950.4,1
2024-01-17,Dak_Lak,12.71,108.2378,21.3,81,31.5,74,949.9,0
2024-01-18,Dak_Lak,12.71,108.2378,22.0,78,22.3,90,949.7,1
2024-01-19,Dak_Lak,12.71,108.2378,22.0,78,20.3,66,949.2,0
2024-01-20,Dak_Lak,12.71,108.2378,21.6,78,20.5,95,949.5,0
2024-01-21,Dak_Lak,12.71,108.2378,21.0,76,25.4,100,951.0,0
2024-01-22,Dak_Lak,12.71,108.2378,21.6,77,25.4,82,951.3,1
2024-01-23,Dak_Lak,12.71,108.2378,21.3,80,32.5,80,952.8,0
2024-01-24,Dak_Lak,12.71,108.2378,20.9,79,38.9,85,953.6,0
2024-01-25,Dak_Lak,12.71,108.2378,20.8,76,37.1,59,954.8,0
2024-01-26,Dak_Lak,12.71,108.2378,20.6,78,35.6,69,955.0,1
2024-01-27,Dak_Lak,12.71,108.2378,20.8,76,31.2,80,954.1,0
2024-01-28,Dak_Lak,12.71,108.2378,20.7,77,34.0,92,953.9,1
2024-01-29,Dak_Lak,12.71,108.2378,21.1,80,31.5,96,952.9,1
2024-01-30,Dak_Lak,12.71,108.2378,21.3,80,22.7,97,952.4,0
2024-01-31,Dak_Lak,12.71,108.2378,22.7,78,21.7,82,952.0,0
2024-02-01,Dak_Lak,12.71,108.2378,23.2,75,19.7,87,951.8,0
2024-02-02,Dak_Lak,12.71,108.2378,23.1,74,19.1,62,950.9,0
2024-02-03,Dak_Lak,12.71,108.2378,23.1,73,18.6,22,950.9,0
2024-02-04,Dak_Lak,12.71,108.2378,24.2,73,17.4,37,951.0,0
2024-02-05,Dak_Lak,12.71,108.2378,24.8,71,19.4,84,951.4,0
2024-02-06,Dak_Lak,12.71,108.2378,24.3,75,20.8,42,951.5,0
2024-02-07,Dak_Lak,12.71,108.2378,24.8,74,18.6,74,950.3,0
2024-02-08,Dak_Lak,12.71,108.2378,24.9,74,20.0,23,949.4,0
2024-02-09,Dak_Lak,12.71,108.2378,23.5,77,26.6,60,952.0,1
2024-02-10,Dak_Lak,12.71,108.2378,22.1,77,34.2,94,954.3,1
2024-02-11,Dak_Lak,12.71,108.2378,21.3,75,36.4,85,955.1,1
2024-02-12,Dak_Lak,12.71,108.2378,20.9,73,31.6,63,954.4,1
2024-02-13,Dak_Lak,12.71,108.2378,21.2,78,29.6,79,953.1,0
2024-02-14,Dak_Lak,12.71,108.2378,22.5,79,25.0,72,951.8,0
2024-02-15,Dak_Lak,12.71,108.2378,23.4,77,25.0,64,951.7,1
2024-02-16,Dak_Lak,12.71,108.2378,22.7,75,29.5,52,951.9,1
2024-02-17,Dak_Lak,12.71,108.2378,23.1,74,23.8,52,950.0,0
2024-02-18,Dak_Lak,12.71,108.2378,24.5,71,21.8,61,949.8,0
2024-02-19,Dak_Lak,12.71,108.2378,25.5,68,20.6,36,949.7,0
2024-02-20,Dak_Lak,12.71,108.2378,25.6,67,19.9,66,949.3,0
2024-02-21,Dak_Lak,12.71,108.2378,25.9,70,19.8,68,949.0,0
2024-02-22,Dak_Lak,12.71,108.2378,26.0,67,22.1,17,950.1,0
2024-02-23,Dak_Lak,12.71,108.2378,25.2,72,25.3,19,950.5,0
2024-02-24,Dak_Lak,12.71,108.2378,24.0,71,26.6,27,950.9,0
2024-02-25,Dak_Lak,12.71,108.2378,23.2,75,29.8,58,950.7,1
2024-02-26,Dak_Lak,12.71,108.2378,23.0,76,25.3,71,951.1,1
2024-02-27,Dak_Lak,12.71,108.2378,23.6,79,30.4,73,950.1,1
2024-02-28,Dak_Lak,12.71,108.2378,23.2,77,29.0,72,949.3,0
2024-02-29,Dak_Lak,12.71,108.2378,24.1,73,25.1,46,949.4,0
2024-03-01,Dak_Lak,12.71,108.2378,23.4,76,28.6,55,950.2,1
2024-03-02,Dak_Lak,12.71,108.2378,22.9,76,31.3,81,950.6,1
2024-03-03,Dak_Lak,12.71,108.2378,23.1,78,27.9,57,949.7,1
2024-03-04,Dak_Lak,12.71,108.2378,25.2,71,17.9,53,948.1,0
2024-03-05,Dak_Lak,12.71,108.2378,27.9,61,10.0,25,947.0,0
2024-03-06,Dak_Lak,12.71,108.2378,29.3,58,19.1,18,946.3,0
2024-03-07,Dak_Lak,12.71,108.2378,27.1,67,26.7,59,947.0,0
2024-03-08,Dak_Lak,12.71,108.2378,24.3,70,29.6,37,948.7,0
2024-03-09,Dak_Lak,12.71,108.2378,24.2,71,27.0,82,949.0,0
2024-03-10,Dak_Lak,12.71,108.2378,24.4,74,25.5,89,950.8,0
2024-03-11,Dak_Lak,12.71,108.2378,24.2,77,27.8,59,951.2,1
2024-03-12,Dak_Lak,12.71,108.2378,24.2,72,24.6,71,950.7,0
2024-03-13,Dak_Lak,12.71,108.2378,24.4,74,21.8,93,950.2,0
2024-03-14,Dak_Lak,12.71,108.2378,25.0,70,21.6,71,949.6,0
2024-03-15,Dak_Lak,12.71,108.2378,25.1,67,26.3,76,949.6,0
2024-03-16,Dak_Lak,12.71,108.2378,25.5,67,22.1,70,950.5,0
2024-03-17,Dak_Lak,12.71,108.2378,25.4,67,21.3,41,950.0,0
2024-03-18,Dak_Lak,12.71,108.2378,25.5,68,22.6,73,949.0,0
2024-03-19,Dak_Lak,12.71,108.2378,24.8,70,25.7,51,950.0,0
2024-03-20,Dak_Lak,12.71,108.2378,23.8,77,30.1,58,951.5,1
2024-03-21,Dak_Lak,12.71,108.2378,23.7,77,27.7,50,949.6,1
2024-03-22,Dak_Lak,12.71,108.2378,24.8,71,25.0,9,947.1,0
2024-03-23,Dak_Lak,12.71,108.2378,25.5,70,22.9,34,947.4,0
2024-03-24,Dak_Lak,12.71,108.2378,26.5,68,19.2,19,948.9,0
2024-03-25,Dak_Lak,12.71,108.2378,26.7,68,21.7,55,949.1,0
2024-03-26,Dak_Lak,12.71,108.2378,25.7,70,29.2,27,950.3,0
2024-03-27,Dak_Lak,12.71,108.2378,26.2,72,22.4,22,951.2,1
2024-03-28,Dak_Lak,12.71,108.2378,26.0,75,13.9,75,949.5,1
2024-03-29,Dak_Lak,12.71,108.2378,26.9,69,22.1,99,949.0,0
2024-03-30,Dak_Lak,12.71,108.2378,27.1,70,18.5,69,950.2,0
2024-03-31,Dak_Lak,12.71,108.2378,27.5,70,16.6,74,949.4,1
2024-04-01,Dak_Lak,12.71,108.2378,27.5,72,16.3,44,947.4,1
2024-04-02,Dak_Lak,12.71,108.2378,27.8,72,21.0,26,946.3,1
2024-04-03,Dak_Lak,12.71,108.2378,28.0,71,10.2,56,946.8,1
2024-04-04,Dak_Lak,12.71,108.2378,28.9,65,16.6,20,946.5,1
2024-04-05,Dak_Lak,12.71,108.2378,28.0,69,20.8,50,946.2,0
2024-04-06,Dak_Lak,12.71,108.2378,26.9,62,22.2,26,946.6,0
2024-04-07,Dak_Lak,12.71,108.2378,27.6,66,18.5,67,946.2,0
2024-04-08,Dak_Lak,12.71,108.2378,28.2,64,23.4,21,947.0,0
2024-04-09,Dak_Lak,12.71,108.2378,26.3,70,26.1,66,948.3,0
2024-04-10,Dak_Lak,12.71,108.2378,26.3,67,28.1,81,949.3,0
2024-04-11,Dak_Lak,12.71,108.2378,26.1,68,26.2,40,948.9,0
2024-04-12,Dak_Lak,12.71,108.2378,26.5,71,23.2,73,948.3,1
2024-04-13,Dak_Lak,12.71,108.2378,27.4,67,20.4,74,947.5,0
2024-04-14,Dak_Lak,12.71,108.2378,27.6,59,18.5,59,948.1,0
2024-04-15,Dak_Lak,12.71,108.2378,27.6,62,21.0,45,948.4,0
2024-04-16,Dak_Lak,12.71,108.2378,27.4,64,24.8,19,947.4,0
2024-04-17,Dak_Lak,12.71,108.2378,28.4,59,19.3,78,946.6,0
2024-04-18,Dak_Lak,12.71,108.2378,28.6,61,11.9,52,945.9,1
2024-04-19,Dak_Lak,12.71,108.2378,28.9,61,12.4,31,944.8,1
2024-04-20,Dak_Lak,12.71,108.2378,28.8,64,14.2,57,944.9,1
2024-04-21,Dak_Lak,12.71,108.2378,28.4,69,11.9,81,945.6,1
2024-04-22,Dak_Lak,12.71,108.2378,29.2,65,7.1,54,945.4,1
2024-04-23,Dak_Lak,12.71,108.2378,29.5,63,12.9,69,945.3,1
2024-04-24,Dak_Lak,12.71,108.2378,30.3,62,12.2,82,945.3,1
2024-04-25,Dak_Lak,12.71,108.2378,29.7,65,11.4,68,945.6,1
2024-04-26,Dak_Lak,12.71,108.2378,29.5,65,15.0,43,945.1,1
2024-04-27,Dak_Lak,12.71,108.2378,30.5,61,9.6,40,944.8,0
2024-04-28,Dak_Lak,12.71,108.2378,30.1,61,9.7,33,946.0,1
2024-04-29,Dak_Lak,12.71,108.2378,30.6,59,16.1,50,946.2,0
2024-04-30,Dak_Lak,12.71,108.2378,31.3,54,12.3,69,944.2,0
2024-05-01,Dak_Lak,12.71,108.2378,30.2,62,17.7,89,944.0,1
2024-05-02,Dak_Lak,12.71,108.2378,29.2,64,14.4,77,945.4,1
2024-05-03,Dak_Lak,12.71,108.2378,28.6,67,18.5,48,946.4,1
2024-05-04,Dak_Lak,12.71,108.2378,26.6,78,14.8,96,945.9,1
2024-05-05,Dak_Lak,12.71,108.2378,26.7,79,8.6,84,946.0,1
2024-05-06,Dak_Lak,12.71,108.2378,26.9,74,20.8,46,947.2,0
2024-05-07,Dak_Lak,12.71,108.2378,26.5,77,19.8,65,948.4,1
2024-05-08,Dak_Lak,12.71,108.2378,26.5,77,23.1,64,947.7,1
2024-05-09,Dak_Lak,12.71,108.2378,26.7,76,23.5,86,947.4,1
2024-05-10,Dak_Lak,12.71,108.2378,27.4,71,21.9,48,947.6,0
2024-05-11,Dak_Lak,12.71,108.2378,28.0,70,20.0,35,948.2,0
2024-05-12,Dak_Lak,12.71,108.2378,28.4,69,18.7,40,947.7,0
2024-05-13,Dak_Lak,12.71,108.2378,28.5,67,22.9,62,946.8,0
2024-05-14,Dak_Lak,12.71,108.2378,27.9,72,23.5,99,947.4,1
2024-05-15,Dak_Lak,12.71,108.2378,27.7,72,24.4,84,947.7,1
2024-05-16,Dak_Lak,12.71,108.2378,27.1,77,23.1,96,947.5,1
2024-05-17,Dak_Lak,12.71,108.2378,27.0,78,15.2,98,946.9,1
2024-05-18,Dak_Lak,12.71,108.2378,26.4,80,11.0,98,945.3,1
2024-05-19,Dak_Lak,12.71,108.2378,25.8,83,14.5,99,944.0,1
2024-05-20,Dak_Lak,12.71,108.2378,26.8,78,14.5,94,944.1,1
2024-05-21,Dak_Lak,12.71,108.2378,25.9,83,10.9,99,945.3,1
2024-05-22,Dak_Lak,12.71,108.2378,26.4,81,13.7,90,945.8,1
2024-05-23,Dak_Lak,12.71,108.2378,25.6,85,9.9,97,945.8,1
2024-05-24,Dak_Lak,12.71,108.2378,27.0,76,18.2,83,946.0,1
2024-05-25,Dak_Lak,12.71,108.2378,27.9,74,12.0,93,946.3,1
2024-05-26,Dak_Lak,12.71,108.2378,27.6,75,11.3,90,946.8,0
2024-05-27,Dak_Lak,12.71,108.2378,28.0,74,14.5,64,945.1,1
2024-05-28,Dak_Lak,12.71,108.2378,26.9,80,18.8,100,945.0,1
2024-05-29,Dak_Lak,12.71,108.2378,26.5,81,17.4,97,944.5,1
2024-05-30,Dak_Lak,12.71,108.2378,25.9,80,19.9,100,944.4,1
2024-05-31,Dak_Lak,12.71,108.2378,26.5,76,20.1,100,945.5,1
2024-06-01,Dak_Lak,12.71,108.2378,27.0,73,16.9,100,947.8,0
2024-06-02,Dak_Lak,12.71,108.2378,27.1,75,13.2,99,948.3,1
2024-06-03,Dak_Lak,12.71,108.2378,26.8,77,20.9,93,947.0,1
2024-06-04,Dak_Lak,12.71,108.2378,28.0,71,15.8,73,946.3,1
2024-06-05,Dak_Lak,12.71,108.2378,27.3,76,21.7,71,947.0,1
2024-06-06,Dak_Lak,12.71,108.2378,26.8,78,16.6,97,947.7,1
2024-06-07,Dak_Lak,12.71,108.2378,26.7,77,16.5,96,945.8,1
2024-06-08,Dak_Lak,12.71,108.2378,26.0,79,22.8,98,944.7,1
2024-06-09,Dak_Lak,12.71,108.2378,26.4,77,16.8,98,944.8,1
2024-06-10,Dak_Lak,12.71,108.2378,26.2,74,20.2,97,946.6,1
2024-06-11,Dak_Lak,12.71,108.2378,27.4,67,20.6,70,947.5,1
2024-06-12,Dak_Lak,12.71,108.2378,27.7,69,17.3,45,947.8,1
2024-06-13,Dak_Lak,12.71,108.2378,27.8,71,18.4,59,946.3,1
2024-06-14,Dak_Lak,12.71,108.2378,27.5,73,19.7,57,944.6,1
2024-06-15,Dak_Lak,12.71,108.2378,27.2,75,12.0,65,944.2,1
2024-06-16,Dak_Lak,12.71,108.2378,26.2,76,16.8,71,944.9,1
2024-06-17,Dak_Lak,12.71,108.2378,27.3,72,20.7,58,945.4,1
2024-06-18,Dak_Lak,12.71,108.2378,26.9,74,18.8,58,944.8,1
2024-06-19,Dak_Lak,12.71,108.2378,26.4,78,19.2,97,944.1,1
2024-06-20,Dak_Lak,12.71,108.2378,24.7,87,16.8,99,943.6,1
2024-06-21,Dak_Lak,12.71,108.2378,23.8,91,13.1,100,942.8,1
2024-06-22,Dak_Lak,12.71,108.2378,24.3,87,18.4,99,942.6,1
2024-06-23,Dak_Lak,12.71,108.2378,24.1,87,22.7,100,943.9,1
2024-06-24,Dak_Lak,12.71,108.2378,24.6,84,22.5,100,944.5,1
2024-06-25,Dak_Lak,12.71,108.2378,25.0,82,18.1,93,944.7,1
2024-06-26,Dak_Lak,12.71,108.2378,25.0,85,12.4,90,945.7,1
2024-06-27,Dak_Lak,12.71,108.2378,25.6,83,10.7,93,946.7,1
2024-06-28,Dak_Lak,12.71,108.2378,25.7,84,11.3,88,946.7,1
2024-06-29,Dak_Lak,12.71,108.2378,26.6,77,11.3,79,946.9,1
2024-06-30,Dak_Lak,12.71,108.2378,25.8,80,19.0,86,947.3,1
2024-07-01,Dak_Lak,12.71,108.2378,25.8,81,18.0,47,946.1,1
2024-07-02,Dak_Lak,12.71,108.2378,25.7,80,11.9,67,944.6,1
2024-07-03,Dak_Lak,12.71,108.2378,24.7,84,10.5,97,946.1,1
2024-07-04,Dak_Lak,12.71,108.2378,24.2,86,11.9,100,947.4,1
2024-07-05,Dak_Lak,12.71,108.2378,24.9,84,12.7,66,945.6,1
2024-07-06,Dak_Lak,12.71,108.2378,25.6,80,13.8,84,944.6,1
2024-07-07,Dak_Lak,12.71,108.2378,25.4,83,12.5,86,945.2,1
2024-07-08,Dak_Lak,12.71,108.2378,25.8,80,10.3,99,945.1,1
2024-07-09,Dak_Lak,12.71,108.2378,24.6,87,16.6,100,946.2,1
2024-07-10,Dak_Lak,12.71,108.2378,25.1,82,17.4,79,946.9,1
2024-07-11,Dak_Lak,12.71,108.2378,24.5,84,19.4,96,945.7,1
2024-07-12,Dak_Lak,12.71,108.2378,24.6,83,21.0,100,943.6,1
2024-07-13,Dak_Lak,12.71,108.2378,23.7,88,26.3,99,942.3,1
2024-07-14,Dak_Lak,12.71,108.2378,23.1,91,21.7,99,942.2,1
2024-07-15,Dak_Lak,12.71,108.2378,23.2,90,22.7,99,942.3,1
2024-07-16,Dak_Lak,12.71,108.2378,24.3,85,18.3,98,942.6,1
2024-07-17,Dak_Lak,12.71,108.2378,24.4,86,19.6,89,943.1,1
2024-07-18,Dak_Lak,12.71,108.2378,24.4,86,21.5,94,944.2,1
2024-07-19,Dak_Lak,12.71,108.2378,24.6,85,24.1,97,944.0,1
2024-07-20,Dak_Lak,12.71,108.2378,23.3,92,15.8,100,944.7,1
2024-07-21,Dak_Lak,12.71,108.2378,23.8,91,23.6,100,944.3,1
2024-07-22,Dak_Lak,12.71,108.2378,24.4,88,24.1,84,944.6,1
2024-07-23,Dak_Lak,12.71,108.2378,24.7,83,29.0,92,944.1,1
2024-07-24,Dak_Lak,12.71,108.2378,25.2,82,29.3,87,942.4,1
2024-07-25,Dak_Lak,12.71,108.2378,24.9,82,31.5,85,941.2,1
2024-07-26,Dak_Lak,12.71,108.2378,24.4,84,27.9,97,942.5,1
2024-07-27,Dak_Lak,12.71,108.2378,24.9,84,22.5,100,944.4,1
2024-07-28,Dak_Lak,12.71,108.2378,24.7,84,21.3,100,944.7,1
2024-07-29,Dak_Lak,12.71,108.2378,24.9,82,23.3,100,944.6,1
2024-07-30,Dak_Lak,12.71,108.2378,24.9,82,19.3,98,946.1,1
2024-07-31,Dak_Lak,12.71,108.2378,25.3,81,19.6,99,947.5,1
2024-08-01,Dak_Lak,12.71,108.2378,25.4,80,16.6,88,947.7,1
2024-08-02,Dak_Lak,12.71,108.2378,25.0,84,15.5,82,947.0,1
2024-08-03,Dak_Lak,12.71,108.2378,25.3,83,10.4,45,947.0,1
2024-08-04,Dak_Lak,12.71,108.2378,24.5,85,14.8,74,947.0,1
2024-08-05,Dak_Lak,12.71,108.2378,24.7,85,14.2,54,946.1,1
2024-08-06,Dak_Lak,12.71,108.2378,25.0,84,12.3,61,945.5,1
2024-08-07,Dak_Lak,12.71,108.2378,25.6,82,13.0,68,946.0,1
2024-08-08,Dak_Lak,12.71,108.2378,25.3,84,15.5,62,946.8,1
2024-08-09,Dak_Lak,12.71,108.2378,26.4,79,16.4,36,946.2,1
2024-08-10,Dak_Lak,12.71,108.2378,25.9,82,17.7,57,945.2,1
2024-08-11,Dak_Lak,12.71,108.2378,25.8,82,17.7,82,943.6,1
2024-08-12,Dak_Lak,12.71,108.2378,25.8,80,21.7,75,944.0,1
2024-08-13,Dak_Lak,12.71,108.2378,26.2,79,17.1,60,945.3,1
2024-08-14,Dak_Lak,12.71,108.2378,26.6,79,13.1,42,945.4,1
2024-08-15,Dak_Lak,12.71,108.2378,26.5,80,14.2,37,944.9,1
2024-08-16,Dak_Lak,12.71,108.2378,26.0,81,12.6,75,944.7,1
2024-08-17,Dak_Lak,12.71,108.2378,26.5,77,14.1,91,946.3,1
2024-08-18,Dak_Lak,12.71,108.2378,27.0,73,10.5,86,946.4,0
2024-08-19,Dak_Lak,12.71,108.2378,26.6,76,14.7,89,946.1,1
2024-08-20,Dak_Lak,12.71,108.2378,26.3,76,11.4,99,946.8,1
2024-08-21,Dak_Lak,12.71,108.2378,26.7,76,11.0,95,947.6,1
2024-08-22,Dak_Lak,12.71,108.2378,26.7,74,9.7,98,947.3,1
2024-08-23,Dak_Lak,12.71,108.2378,25.6,78,10.0,99,948.2,1
2024-08-24,Dak_Lak,12.71,108.2378,25.6,79,10.3,96,947.3,1
2024-08-25,Dak_Lak,12.71,108.2378,25.2,81,11.7,88,946.2,1
2024-08-26,Dak_Lak,12.71,108.2378,24.6,84,11.5,85,945.7,1
2024-08-27,Dak_Lak,12.71,108.2378,24.7,83,16.3,86,945.7,1
2024-08-28,Dak_Lak,12.71,108.2378,25.1,80,21.5,83,945.5,1
2024-08-29,Dak_Lak,12.71,108.2378,24.3,86,22.6,94,945.6,1
2024-08-30,Dak_Lak,12.71,108.2378,24.0,87,22.0,92,945.4,1
2024-08-31,Dak_Lak,12.71,108.2378,23.7,88,17.3,95,945.4,1
2024-09-01,Dak_Lak,12.71,108.2378,24.6,84,15.4,79,944.3,1
2024-09-02,Dak_Lak,12.71,108.2378,24.7,84,9.6,74,944.6,1
2024-09-03,Dak_Lak,12.71,108.2378,24.7,84,20.7,86,945.5,1
2024-09-04,Dak_Lak,12.71,108.2378,24.3,86,24.8,98,943.8,1
2024-09-05,Dak_Lak,12.71,108.2378,23.7,90,21.6,100,941.8,1
2024-09-06,Dak_Lak,12.71,108.2378,23.9,90,23.8,100,941.5,1
2024-09-07,Dak_Lak,12.71,108.2378,25.8,80,27.0,100,943.8,1
2024-09-08,Dak_Lak,12.71,108.2378,25.5,82,20.8,97,946.1,1
2024-09-09,Dak_Lak,12.71,108.2378,25.1,86,16.4,98,945.0,1
2024-09-10,Dak_Lak,12.71,108.2378,24.9,86,13.7,100,944.4,1
2024-09-11,Dak_Lak,12.71,108.2378,24.7,86,21.3,97,945.8,1
2024-09-12,Dak_Lak,12.71,108.2378,25.0,85,13.4,82,945.5,1
2024-09-13,Dak_Lak,12.71,108.2378,24.3,88,18.6,91,944.2,1
2024-09-14,Dak_Lak,12.71,108.2378,23.7,88,20.3,100,942.6,1
2024-09-15,Dak_Lak,12.71,108.2378,23.8,89,20.8,100,942.0,1
2024-09-16,Dak_Lak,12.71,108.2378,23.7,90,16.6,99,941.5,1
2024-09-17,Dak_Lak,12.71,108.2378,23.8,91,11.7,97,940.3,1
2024-09-18,Dak_Lak,12.71,108.2378,23.5,90,20.9,100,938.5,1
2024-09-19,Dak_Lak,12.71,108.2378,24.4,87,22.4,76,938.8,1
2024-09-20,Dak_Lak,12.71,108.2378,24.8,86,23.9,88,941.0,1
2024-09-21,Dak_Lak,12.71,108.2378,24.0,90,20.6,100,943.0,1
2024-09-22,Dak_Lak,12.71,108.2378,23.6,90,19.7,100,944.5,1
2024-09-23,Dak_Lak,12.71,108.2378,24.6,84,15.9,100,947.0,1
2024-09-24,Dak_Lak,12.71,108.2378,24.3,86,11.0,100,947.6,1
2024-09-25,Dak_Lak,12.71,108.2378,24.8,85,16.2,84,948.2,1
2024-09-26,Dak_Lak,12.71,108.2378,24.4,85,21.7,84,948.0,1
2024-09-27,Dak_Lak,12.71,108.2378,24.8,84,16.4,68,947.8,1
2024-09-28,Dak_Lak,12.71,108.2378,25.5,84,7.3,54,947.0,1
2024-09-29,Dak_Lak,12.71,108.2378,25.2,85,10.6,94,946.6,1
2024-09-30,Dak_Lak,12.71,108.2378,25.2,83,11.2,84,945.6,1
2024-10-01,Dak_Lak,12.71,108.2378,24.9,86,10.4,93,945.5,1
2024-10-02,Dak_Lak,12.71,108.2378,24.6,84,17.6,93,947.4,1
2024-10-03,Dak_Lak,12.71,108.2378,24.3,85,23.8,90,948.3,1
2024-10-04,Dak_Lak,12.71,108.2378,23.7,84,22.0,71,948.2,1
2024-10-05,Dak_Lak,12.71,108.2378,23.4,84,20.1,93,947.6,1
2024-10-06,Dak_Lak,12.71,108.2378,23.4,88,18.6,100,948.2,1
2024-10-07,Dak_Lak,12.71,108.2378,23.8,88,14.6,100,948.5,1
2024-10-08,Dak_Lak,12.71,108.2378,23.4,91,18.7,100,948.1,1
2024-10-09,Dak_Lak,12.71,108.2378,24.0,86,22.1,75,947.3,1
2024-10-10,Dak_Lak,12.71,108.2378,24.4,82,22.7,72,947.1,1
2024-10-11,Dak_Lak,12.71,108.2378,23.9,88,19.3,68,947.0,1
2024-10-12,Dak_Lak,12.71,108.2378,23.9,89,26.2,98,947.9,1
2024-10-13,Dak_Lak,12.71,108.2378,24.3,88,20.1,89,947.7,1
2024-10-14,Dak_Lak,12.71,108.2378,25.0,82,15.3,87,946.7,1
2024-10-15,Dak_Lak,12.71,108.2378,24.2,87,16.3,96,947.2,1
2024-10-16,Dak_Lak,12.71,108.2378,23.7,89,18.8,98,947.7,1
2024-10-17,Dak_Lak,12.71,108.2378,23.6,91,14.9,96,947.6,1
2024-10-18,Dak_Lak,12.71,108.2378,23.8,88,16.7,89,947.5,1
2024-10-19,Dak_Lak,12.71,108.2378,23.9,89,17.4,90,948.1,1
2024-10-20,Dak_Lak,12.71,108.2378,24.2,88,11.4,89,948.6,1
2024-10-21,Dak_Lak,12.71,108.2378,23.7,89,13.1,98,947.6,1
2024-10-22,Dak_Lak,12.71,108.2378,23.1,91,20.8,99,946.8,1
2024-10-23,Dak_Lak,12.71,108.2378,23.4,84,21.4,100,946.9,1
2024-10-24,Dak_Lak,12.71,108.2378,24.1,81,12.4,94,946.2,0
2024-10-25,Dak_Lak,12.71,108.2378,24.9,77,13.7,98,944.7,0
2024-10-26,Dak_Lak,12.71,108.2378,22.3,70,21.9,100,942.4,0
2024-10-27,Dak_Lak,12.71,108.2378,20.1,88,23.9,100,941.7,1
2024-10-28,Dak_Lak,12.71,108.2378,22.6,87,25.9,94,942.1,1
2024-10-29,Dak_Lak,12.71,108.2378,22.7,87,21.9,85,943.9,1
2024-10-30,Dak_Lak,12.71,108.2378,23.8,81,24.3,85,945.8,1
2024-10-31,Dak_Lak,12.71,108.2378,24.0,84,13.7,91,945.9,1
2024-11-01,Dak_Lak,12.71,108.2378,23.0,88,19.3,90,946.9,1
2024-11-02,Dak_Lak,12.71,108.2378,22.2,85,26.1,92,948.6,1
2024-11-03,Dak_Lak,12.71,108.2378,23.0,88,19.4,95,948.5,1
2024-11-04,Dak_Lak,12.71,108.2378,23.5,87,21.6,71,947.9,1
2024-11-05,Dak_Lak,12.71,108.2378,23.6,87,19.9,86,948.6,1
2024-11-06,Dak_Lak,12.71,108.2378,22.6,90,26.2,95,949.0,1
2024-11-07,Dak_Lak,12.71,108.2378,22.1,90,31.2,96,949.3,1
2024-11-08,Dak_Lak,12.71,108.2378,21.4,86,27.0,95,949.1,1
2024-11-09,Dak_Lak,12.71,108.2378,22.0,80,23.3,95,948.7,0
2024-11-10,Dak_Lak,12.71,108.2378,22.7,79,18.6,67,948.7,0
2024-11-11,Dak_Lak,12.71,108.2378,23.7,80,13.4,47,947.5,0
2024-11-12,Dak_Lak,12.71,108.2378,23.5,87,13.5,99,946.0,1
2024-11-13,Dak_Lak,12.71,108.2378,24.2,85,16.9,79,946.5,1
2024-11-14,Dak_Lak,12.71,108.2378,24.7,81,17.2,61,947.2,0
2024-11-15,Dak_Lak,12.71,108.2378,24.6,72,13.1,78,947.0,0
2024-11-16,Dak_Lak,12.71,108.2378,24.1,75,17.7,81,947.1,0
2024-11-17,Dak_Lak,12.71,108.2378,23.6,76,24.4,57,947.2,0
2024-11-18,Dak_Lak,12.71,108.2378,23.9,79,25.9,80,947.6,1
2024-11-19,Dak_Lak,12.71,108.2378,23.8,85,26.2,66,948.2,1
2024-11-20,Dak_Lak,12.71,108.2378,24.0,79,26.7,97,948.2,1
2024-11-21,Dak_Lak,12.71,108.2378,23.9,81,26.8,78,947.7,1
2024-11-22,Dak_Lak,12.71,108.2378,23.4,86,28.5,87,948.0,1
2024-11-23,Dak_Lak,12.71,108.2378,23.4,86,27.8,98,948.3,1
2024-11-24,Dak_Lak,12.71,108.2378,23.6,86,27.8,88,948.2,1
2024-11-25,Dak_Lak,12.71,108.2378,24.0,82,23.8,92,948.4,1
2024-11-26,Dak_Lak,12.71,108.2378,23.6,84,28.6,100,948.2,1
2024-11-27,Dak_Lak,12.71,108.2378,23.1,85,38.3,99,948.2,1
2024-11-28,Dak_Lak,12.71,108.2378,22.2,78,37.0,94,949.6,1
2024-11-29,Dak_Lak,12.71,108.2378,20.5,78,34.5,89,949.7,1
2024-11-30,Dak_Lak,12.71,108.2378,20.5,81,26.7,88,948.4,0
2024-12-01,Dak_Lak,12.71,108.2378,21.7,81,27.3,78,946.8,1
2024-12-02,Dak_Lak,12.71,108.2378,22.5,83,27.5,100,946.7,1
2024-12-03,Dak_Lak,12.71,108.2378,22.6,82,26.3,100,947.2,1
2024-12-04,Dak_Lak,12.71,108.2378,22.5,85,25.2,99,946.9,1
2024-12-05,Dak_Lak,12.71,108.2378,22.8,84,29.4,97,946.9,1
2024-12-06,Dak_Lak,12.71,108.2378,23.0,88,25.7,100,947.0,1
2024-12-07,Dak_Lak,12.71,108.2378,23.1,86,27.3,73,948.0,1
2024-12-08,Dak_Lak,12.71,108.2378,22.4,81,29.6,98,949.0,1
2024-12-09,Dak_Lak,12.71,108.2378,22.2,84,34.9,99,947.7,1
2024-12-10,Dak_Lak,12.71,108.2378,21.3,91,26.4,100,946.5,1
2024-12-11,Dak_Lak,12.71,108.2378,21.3,98,26.2,100,945.3,1
2024-12-12,Dak_Lak,12.71,108.2378,22.2,96,32.3,100,945.6,1
2024-12-13,Dak_Lak,12.71,108.2378,22.2,95,27.4,100,947.0,1
2024-12-14,Dak_Lak,12.71,108.2378,21.8,94,35.2,100,949.0,1
2024-12-15,Dak_Lak,12.71,108.2378,20.6,94,33.9,100,950.0,1
2024-12-16,Dak_Lak,12.71,108.2378,19.5,89,29.7,96,950.8,1
2024-12-17,Dak_Lak,12.71,108.2378,20.2,87,28.6,83,949.9,1
2024-12-18,Dak_Lak,12.71,108.2378,20.7,86,25.5,76,949.5,1
2024-12-19,Dak_Lak,12.71,108.2378,20.4,85,28.9,74,949.7,1
2024-12-20,Dak_Lak,12.71,108.2378,19.2,84,28.1,84,949.3,1
2024-12-21,Dak_Lak,12.71,108.2378,18.8,84,25.8,100,949.5,1
2024-12-22,Dak_Lak,12.71,108.2378,18.5,83,27.7,99,948.8,1
2024-12-23,Dak_Lak,12.71,108.2378,20.5,85,18.1,100,947.4,1
2024-12-24,Dak_Lak,12.71,108.2378,20.2,88,15.6,100,948.2,1
2024-12-25,Dak_Lak,12.71,108.2378,20.3,93,17.8,100,948.7,1
2024-12-26,Dak_Lak,12.71,108.2378,21.3,92,23.2,100,950.4,1
2024-12-27,Dak_Lak,12.71,108.2378,22.1,91,33.3,93,951.0,1
2024-12-28,Dak_Lak,12.71,108.2378,21.2,91,34.1,89,951.4,1
2024-12-29,Dak_Lak,12.71,108.2378,19.9,85,32.1,77,951.1,0
2024-12-30,Dak_Lak,12.71,108.2378,20.2,84,27.4,98,950.6,1
2024-12-31,Dak_Lak,12.71,108.2378,19.5,90,17.1,93,949.7,1
2025-01-01,Dak_Lak,12.71,108.2378,19.8,82,22.0,97,948.5,0
2025-01-02,Dak_Lak,12.71,108.2378,20.6,83,20.6,98,948.4,1
2025-01-03,Dak_Lak,12.71,108.2378,20.5,84,24.7,98,949.2,1
2025-01-04,Dak_Lak,12.71,108.2378,19.3,78,29.4,97,949.1,0
2025-01-05,Dak_Lak,12.71,108.2378,19.0,78,25.1,73,950.1,1
2025-01-06,Dak_Lak,12.71,108.2378,19.4,81,26.9,76,949.6,1
2025-01-07,Dak_Lak,12.71,108.2378,19.7,84,23.7,73,949.5,1
2025-01-08,Dak_Lak,12.71,108.2378,19.8,80,21.4,53,949.7,0
2025-01-09,Dak_Lak,12.71,108.2378,20.3,83,27.9,74,950.7,1
2025-01-10,Dak_Lak,12.71,108.2378,19.4,80,33.4,69,953.2,0
2025-01-11,Dak_Lak,12.71,108.2378,18.7,80,35.2,84,953.8,0
2025-01-12,Dak_Lak,12.71,108.2378,17.3,73,36.1,81,952.7,0
2025-01-13,Dak_Lak,12.71,108.2378,17.4,80,30.8,81,950.9,0
2025-01-14,Dak_Lak,12.71,108.2378,19.8,85,25.4,100,950.5,0
2025-01-15,Dak_Lak,12.71,108.2378,21.1,88,28.0,100,950.7,1
2025-01-16,Dak_Lak,12.71,108.2378,19.8,85,33.4,88,951.4,1
2025-01-17,Dak_Lak,12.71,108.2378,18.7,80,35.0,97,950.7,0
2025-01-18,Dak_Lak,12.71,108.2378,18.4,79,28.3,73,949.4,0
2025-01-19,Dak_Lak,12.71,108.2378,18.3,79,26.0,42,948.5,0
2025-01-20,Dak_Lak,12.71,108.2378,18.3,78,22.3,61,947.8,0
2025-01-21,Dak_Lak,12.71,108.2378,17.8,76,20.8,59,948.2,0
2025-01-22,Dak_Lak,12.71,108.2378,18.3,76,20.7,72,948.4,0
2025-01-23,Dak_Lak,12.71,108.2378,19.9,75,17.4,99,948.4,0
2025-01-24,Dak_Lak,12.71,108.2378,21.1,79,17.0,94,947.3,0
2025-01-25,Dak_Lak,12.71,108.2378,21.7,79,18.9,72,947.3,0
2025-01-26,Dak_Lak,12.71,108.2378,20.5,78,27.4,61,949.1,1
2025-01-27,Dak_Lak,12.71,108.2378,18.9,80,34.3,98,949.9,1
2025-01-28,Dak_Lak,12.71,108.2378,18.2,76,28.9,79,951.8,1
2025-01-29,Dak_Lak,12.71,108.2378,18.7,77,28.2,78,952.4,0
2025-01-30,Dak_Lak,12.71,108.2378,19.0,79,26.3,82,949.3,0
2025-01-31,Dak_Lak,12.71,108.2378,20.3,75,19.2,98,947.8,0
2025-02-01,Dak_Lak,12.71,108.2378,21.1,67,16.2,82,946.7,0
2025-02-02,Dak_Lak,12.71,108.2378,21.7,55,18.0,41,946.7,0
2025-02-03,Dak_Lak,12.71,108.2378,21.0,77,26.3,34,948.5,0
2025-02-04,Dak_Lak,12.71,108.2378,19.9,82,33.0,77,950.3,1
2025-02-05,Dak_Lak,12.71,108.2378,19.6,78,26.7,56,949.1,1
2025-02-06,Dak_Lak,12.71,108.2378,19.5,77,22.9,52,948.4,0
2025-02-07,Dak_Lak,12.71,108.2378,19.7,78,27.1,93,949.2,0
2025-02-08,Dak_Lak,12.71,108.2378,20.2,77,32.2,95,950.2,1
2025-02-09,Dak_Lak,12.71,108.2378,19.0,78,28.6,99,950.3,0
2025-02-10,Dak_Lak,12.71,108.2378,19.3,77,28.8,98,949.9,0
2025-02-11,Dak_Lak,12.71,108.2378,20.6,80,19.0,95,949.4,1
2025-02-12,Dak_Lak,12.71,108.2378,22.5,82,16.8,60,948.8,1
2025-02-13,Dak_Lak,12.71,108.2378,23.3,77,17.6,48,949.1,1
2025-02-14,Dak_Lak,12.71,108.2378,22.8,80,19.5,27,948.6,1
2025-02-15,Dak_Lak,12.71,108.2378,23.0,82,21.7,74,948.0,1
2025-02-16,Dak_Lak,12.71,108.2378,23.0,78,22.6,60,949.2,1
2025-02-17,Dak_Lak,12.71,108.2378,21.8,80,28.6,63,950.4,1
2025-02-18,Dak_Lak,12.71,108.2378,21.8,81,25.8,85,950.7,0
2025-02-19,Dak_Lak,12.71,108.2378,21.7,83,27.2,92,950.4,1
2025-02-20,Dak_Lak,12.71,108.2378,21.8,81,26.4,97,950.4,0
2025-02-21,Dak_Lak,12.71,108.2378,22.4,82,27.3,86,950.8,1
2025-02-22,Dak_Lak,12.71,108.2378,22.1,85,30.4,98,951.0,1
2025-02-23,Dak_Lak,12.71,108.2378,21.7,88,31.6,100,951.8,1
2025-02-24,Dak_Lak,12.71,108.2378,21.4,90,34.6,84,952.7,1
2025-02-25,Dak_Lak,12.71,108.2378,21.8,84,32.0,94,953.4,1
2025-02-26,Dak_Lak,12.71,108.2378,21.6,85,28.2,90,953.1,1
2025-02-27,Dak_Lak,12.71,108.2378,22.1,82,27.3,67,950.7,1
2025-02-28,Dak_Lak,12.71,108.2378,22.6,80,21.2,47,949.9,0
2025-03-01,Dak_Lak,12.71,108.2378,23.5,77,20.3,75,948.3,0
2025-03-02,Dak_Lak,12.71,108.2378,23.9,75,18.4,92,947.1,0
2025-03-03,Dak_Lak,12.71,108.2378,25.1,71,17.1,78,946.4,0
2025-03-04,Dak_Lak,12.71,108.2378,26.0,71,11.3,64,945.9,1
2025-03-05,Dak_Lak,12.71,108.2378,26.5,72,14.7,72,945.8,1
2025-03-06,Dak_Lak,12.71,108.2378,25.4,74,21.7,53,947.7,0
2025-03-07,Dak_Lak,12.71,108.2378,23.6,79,29.5,97,948.5,1
2025-03-08,Dak_Lak,12.71,108.2378,22.4,77,28.1,78,949.4,1
2025-03-09,Dak_Lak,12.71,108.2378,21.2,88,26.1,100,950.3,1
2025-03-10,Dak_Lak,12.71,108.2378,22.3,89,27.9,95,950.7,1
2025-03-11,Dak_Lak,12.71,108.2378,23.6,83,25.1,77,949.1,1
2025-03-12,Dak_Lak,12.71,108.2378,24.7,77,20.0,86,947.8,0
2025-03-13,Dak_Lak,12.71,108.2378,24.9,76,20.2,75,947.7,0
2025-03-14,Dak_Lak,12.71,108.2378,25.2,74,18.6,57,948.7,0
2025-03-15,Dak_Lak,12.71,108.2378,26.1,71,15.2,57,948.4,0
2025-03-16,Dak_Lak,12.71,108.2378,24.7,77,25.8,58,948.5,1
2025-03-17,Dak_Lak,12.71,108.2378,22.7,81,28.7,79,949.4,1
2025-03-18,Dak_Lak,12.71,108.2378,22.2,78,29.3,79,950.8,1
2025-03-19,Dak_Lak,12.71,108.2378,20.8,76,33.5,82,952.8,0
2025-03-20,Dak_Lak,12.71,108.2378,20.4,75,31.7,99,953.4,1
2025-03-21,Dak_Lak,12.71,108.2378,20.6,73,24.5,79,953.1,0
2025-03-22,Dak_Lak,12.71,108.2378,20.5,79,27.5,85,951.8,0
2025-03-23,Dak_Lak,12.71,108.2378,21.4,80,24.6,48,950.6,0
2025-03-24,Dak_Lak,12.71,108.2378,21.7,74,21.0,36,948.5,0
2025-03-25,Dak_Lak,12.71,108.2378,22.6,69,18.3,17,945.3,0
2025-03-26,Dak_Lak,12.71,108.2378,24.5,69,15.7,63,944.1,0
2025-03-27,Dak_Lak,12.71,108.2378,26.1,71,11.7,68,943.5,1
2025-03-28,Dak_Lak,12.71,108.2378,26.7,68,10.6,18,944.6,1
2025-03-29,Dak_Lak,12.71,108.2378,25.7,72,22.7,71,946.5,0
2025-03-30,Dak_Lak,12.71,108.2378,24.7,79,27.1,67,948.4,1
2025-03-31,Dak_Lak,12.71,108.2378,23.5,77,25.8,100,948.6,0
2025-04-01,Dak_Lak,12.71,108.2378,22.3,79,26.1,99,948.4,1
2025-04-02,Dak_Lak,12.71,108.2378,21.2,82,30.5,97,949.5,1
2025-04-03,Dak_Lak,12.71,108.2378,22.6,78,26.9,85,950.3,0
2025-04-04,Dak_Lak,12.71,108.2378,23.5,77,21.6,65,948.8,0
2025-04-05,Dak_Lak,12.71,108.2378,25.5,74,17.3,84,948.1,0
2025-04-06,Dak_Lak,12.71,108.2378,24.9,75,24.1,87,948.6,0
2025-04-07,Dak_Lak,12.71,108.2378,24.5,75,22.7,72,949.7,0
2025-04-08,Dak_Lak,12.71,108.2378,25.2,74,23.3,50,950.1,1
2025-04-09,Dak_Lak,12.71,108.2378,25.8,74,14.8,78,948.1,1
2025-04-10,Dak_Lak,12.71,108.2378,25.8,76,12.1,100,946.4,1
2025-04-11,Dak_Lak,12.71,108.2378,26.8,73,7.2,74,945.7,1
2025-04-12,Dak_Lak,12.71,108.2378,28.0,66,13.7,44,946.6,0
2025-04-13,Dak_Lak,12.71,108.2378,26.1,73,24.4,46,947.8,1
2025-04-14,Dak_Lak,12.71,108.2378,25.1,71,20.9,76,948.6,0
2025-04-15,Dak_Lak,12.71,108.2378,25.1,71,20.5,85,947.9,0
2025-04-16,Dak_Lak,12.71,108.2378,26.2,70,17.0,82,947.3,1
2025-04-17,Dak_Lak,12.71,108.2378,26.9,74,8.7,100,946.9,1
2025-04-18,Dak_Lak,12.71,108.2378,28.3,65,12.3,17,946.3,1
2025-04-19,Dak_Lak,12.71,108.2378,28.0,67,12.2,65,946.3,1
2025-04-20,Dak_Lak,12.71,108.2378,27.6,64,17.8,31,946.8,1
2025-04-21,Dak_Lak,12.71,108.2378,27.2,64,20.9,42,948.2,0
2025-04-22,Dak_Lak,12.71,108.2378,27.6,63,14.1,87,948.0,0
2025-04-23,Dak_Lak,12.71,108.2378,26.5,73,13.3,70,947.0,1
2025-04-24,Dak_Lak,12.71,108.2378,26.6,73,18.2,64,946.7,1
2025-04-25,Dak_Lak,12.71,108.2378,26.9,71,16.8,74,947.5,1
2025-04-26,Dak_Lak,12.71,108.2378,27.0,70,20.4,35,947.6,1
2025-04-27,Dak_Lak,12.71,108.2378,26.8,66,18.0,99,948.0,0
2025-04-28,Dak_Lak,12.71,108.2378,26.8,65,21.1,73,947.0,0
2025-04-29,Dak_Lak,12.71,108.2378,26.1,67,21.7,89,947.4,0
2025-04-30,Dak_Lak,12.71,108.2378,26.1,69,21.8,33,947.2,0
2025-05-01,Dak_Lak,12.71,108.2378,26.0,75,22.3,86,948.0,1
2025-05-02,Dak_Lak,12.71,108.2378,26.1,74,21.4,82,947.1,1
2025-05-03,Dak_Lak,12.71,108.2378,26.0,77,16.6,84,946.6,1
2025-05-04,Dak_Lak,12.71,108.2378,26.0,78,19.7,93,945.5,1
2025-05-05,Dak_Lak,12.71,108.2378,27.1,73,14.3,51,945.7,0
2025-05-06,Dak_Lak,12.71,108.2378,27.3,74,11.8,58,945.6,1
2025-05-07,Dak_Lak,12.71,108.2378,26.1,82,14.2,98,945.0,1
2025-05-08,Dak_Lak,12.71,108.2378,27.2,74,10.2,87,944.9,1
2025-05-09,Dak_Lak,12.71,108.2378,27.1,76,14.6,54,945.2,1
2025-05-10,Dak_Lak,12.71,108.2378,26.8,75,12.1,89,945.2,1
2025-05-11,Dak_Lak,12.71,108.2378,26.0,80,15.7,91,944.6,1
2025-05-12,Dak_Lak,12.71,108.2378,24.5,88,12.6,94,945.1,1
2025-05-13,Dak_Lak,12.71,108.2378,25.1,85,13.8,99,946.6,1
2025-05-14,Dak_Lak,12.71,108.2378,25.6,84,10.4,93,947.4,1
2025-05-15,Dak_Lak,12.71,108.2378,25.4,83,15.1,94,947.5,1
2025-05-16,Dak_Lak,12.71,108.2378,25.8,82,15.7,86,946.9,1
2025-05-17,Dak_Lak,12.71,108.2378,25.9,79,18.7,76,946.9,1
2025-05-18,Dak_Lak,12.71,108.2378,26.4,76,16.8,93,946.7,1
2025-05-19,Dak_Lak,12.71,108.2378,25.7,82,19.5,87,946.0,1
2025-05-20,Dak_Lak,12.71,108.2378,25.6,80,16.8,92,945.9,1
2025-05-21,Dak_Lak,12.71,108.2378,25.6,84,10.2,94,945.5,1
2025-05-22,Dak_Lak,12.71,108.2378,24.9,87,9.5,100,944.3,1
2025-05-23,Dak_Lak,12.71,108.2378,25.0,87,9.5,95,943.2,1
2025-05-24,Dak_Lak,12.71,108.2378,25.1,86,14.1,80,944.5,1
2025-05-25,Dak_Lak,12.71,108.2378,25.0,84,21.3,68,946.3,1
2025-05-26,Dak_Lak,12.71,108.2378,25.3,84,18.6,75,947.0,1
2025-05-27,Dak_Lak,12.71,108.2378,25.5,84,15.7,84,946.1,1
2025-05-28,Dak_Lak,12.71,108.2378,24.8,89,11.7,100,945.1,1
2025-05-29,Dak_Lak,12.71,108.2378,25.0,88,16.3,100,945.5,1
2025-05-30,Dak_Lak,12.71,108.2378,25.2,81,19.1,95,946.9,1
2025-05-31,Dak_Lak,12.71,108.2378,24.8,83,22.2,90,947.2,1
2025-06-01,Dak_Lak,12.71,108.2378,25.4,79,24.6,85,946.5,1
2025-06-02,Dak_Lak,12.71,108.2378,25.4,81,25.1,84,945.7,1
2025-06-03,Dak_Lak,12.71,108.2378,24.8,84,20.9,85,945.4,1
2025-06-04,Dak_Lak,12.71,108.2378,25.3,82,16.0,69,945.5,1
2025-06-05,Dak_Lak,12.71,108.2378,25.4,85,14.2,74,945.8,1
2025-06-06,Dak_Lak,12.71,108.2378,24.9,87,16.2,81,945.8,1
2025-06-07,Dak_Lak,12.71,108.2378,25.2,85,18.4,77,945.1,1
2025-06-08,Dak_Lak,12.71,108.2378,24.7,86,16.1,93,944.5,1
2025-06-09,Dak_Lak,12.71,108.2378,25.1,83,17.2,94,943.7,1
2025-06-10,Dak_Lak,12.71,108.2378,23.6,91,15.6,100,942.6,1
2025-06-11,Dak_Lak,12.71,108.2378,22.3,98,23.5,100,941.3,1
2025-06-12,Dak_Lak,12.71,108.2378,22.8,92,28.1,100,941.4,1
2025-06-13,Dak_Lak,12.71,108.2378,24.7,84,27.4,100,944.0,1
2025-06-14,Dak_Lak,12.71,108.2378,25.4,80,22.1,100,946.0,1
2025-06-15,Dak_Lak,12.71,108.2378,26.1,79,14.8,77,945.7,1
2025-06-16,Dak_Lak,12.71,108.2378,25.7,84,8.9,83,946.0,1
2025-06-17,Dak_Lak,12.71,108.2378,25.4,84,11.3,95,946.5,1
2025-06-18,Dak_Lak,12.71,108.2378,24.3,89,12.8,89,946.4,1
2025-06-19,Dak_Lak,12.71,108.2378,25.5,80,13.4,99,945.6,1
2025-06-20,Dak_Lak,12.71,108.2378,24.8,87,8.2,98,945.5,1
2025-06-21,Dak_Lak,12.71,108.2378,24.8,86,9.7,82,945.3,1
2025-06-22,Dak_Lak,12.71,108.2378,23.9,88,18.8,81,945.5,1
2025-06-23,Dak_Lak,12.71,108.2378,24.6,83,17.3,90,945.1,1
2025-06-24,Dak_Lak,12.71,108.2378,24.8,84,14.7,99,944.9,1
2025-06-25,Dak_Lak,12.71,108.2378,24.5,85,17.8,98,945.4,1
2025-06-26,Dak_Lak,12.71,108.2378,24.0,87,16.9,96,945.6,1
2025-06-27,Dak_Lak,12.71,108.2378,24.1,86,18.0,86,945.3,1
2025-06-28,Dak_Lak,12.71,108.2378,24.0,86,19.4,61,944.7,1
2025-06-29,Dak_Lak,12.71,108.2378,24.6,80,23.4,98,943.5,1
2025-06-30,Dak_Lak,12.71,108.2378,24.2,86,20.2,90,943.6,1
2025-07-01,Dak_Lak,12.71,108.2378,24.5,86,17.3,100,944.0,1
2025-07-02,Dak_Lak,12.71,108.2378,24.3,87,15.5,100,944.8,1
2025-07-03,Dak_Lak,12.71,108.2378,24.2,84,18.9,100,945.5,1
2025-07-04,Dak_Lak,12.71,108.2378,24.3,82,19.4,80,944.9,1
2025-07-05,Dak_Lak,12.71,108.2378,24.6,85,19.0,97,944.2,1
2025-07-06,Dak_Lak,12.71,108.2378,24.9,84,18.3,100,944.5,1
2025-07-07,Dak_Lak,12.71,108.2378,25.2,82,19.2,80,945.3,1
2025-07-08,Dak_Lak,12.71,108.2378,25.4,81,21.2,86,945.3,1
2025-07-09,Dak_Lak,12.71,108.2378,24.4,86,23.9,70,944.5,1
2025-07-10,Dak_Lak,12.71,108.2378,24.7,83,25.6,72,942.2,1
2025-07-11,Dak_Lak,12.71,108.2378,25.4,79,25.2,86,941.8,1
2025-07-12,Dak_Lak,12.71,108.2378,26.6,73,17.7,76,943.7,1
2025-07-13,Dak_Lak,12.71,108.2378,25.9,80,15.4,61,944.8,1
2025-07-14,Dak_Lak,12.71,108.2378,25.5,82,17.3,57,944.7,1
2025-07-15,Dak_Lak,12.71,108.2378,25.4,82,18.6,80,944.1,1
2025-07-16,Dak_Lak,12.71,108.2378,25.2,81,21.0,76,944.9,1
2025-07-17,Dak_Lak,12.71,108.2378,24.6,81,21.3,67,945.1,1
2025-07-18,Dak_Lak,12.71,108.2378,24.2,84,24.8,97,943.8,1
2025-07-19,Dak_Lak,12.71,108.2378,24.7,81,33.0,89,941.0,1
2025-07-20,Dak_Lak,12.71,108.2378,24.4,82,30.0,100,940.9,1
2025-07-21,Dak_Lak,12.71,108.2378,24.8,81,33.1,100,941.5,1
2025-07-22,Dak_Lak,12.71,108.2378,25.3,79,36.3,100,941.4,1
2025-07-23,Dak_Lak,12.71,108.2378,25.4,81,27.1,96,942.0,1
2025-07-24,Dak_Lak,12.71,108.2378,24.1,88,32.6,100,943.2,1
2025-07-25,Dak_Lak,12.71,108.2378,24.8,82,24.3,100,943.2,1
2025-07-26,Dak_Lak,12.71,108.2378,24.1,88,24.9,98,943.6,1
2025-07-27,Dak_Lak,12.71,108.2378,24.7,84,26.1,95,943.6,1
2025-07-28,Dak_Lak,12.71,108.2378,25.2,83,26.0,86,943.1,1
2025-07-29,Dak_Lak,12.71,108.2378,25.5,83,24.5,85,943.1,1
2025-07-30,Dak_Lak,12.71,108.2378,25.6,81,29.2,89,943.7,1
2025-07-31,Dak_Lak,12.71,108.2378,25.8,80,24.2,57,944.0,1
2025-08-01,Dak_Lak,12.71,108.2378,26.9,75,22.0,96,943.8,1
2025-08-02,Dak_Lak,12.71,108.2378,27.5,72,20.8,94,945.1,1
2025-08-03,Dak_Lak,12.71,108.2378,27.2,72,19.8,99,946.4,1
2025-08-04,Dak_Lak,12.71,108.2378,27.8,69,17.0,71,946.2,1
2025-08-05,Dak_Lak,12.71,108.2378,27.3,71,17.5,89,945.9,1
2025-08-06,Dak_Lak,12.71,108.2378,27.0,73,18.5,99,946.0,1
2025-08-07,Dak_Lak,12.71,108.2378,25.8,78,14.3,76,946.9,1
2025-08-08,Dak_Lak,12.71,108.2378,25.3,82,12.8,71,947.4,1
2025-08-09,Dak_Lak,12.71,108.2378,25.0,82,14.4,88,946.9,1
2025-08-10,Dak_Lak,12.71,108.2378,25.3,82,12.1,97,945.5,1
2025-08-11,Dak_Lak,12.71,108.2378,25.2,82,12.8,64,944.5,1
2025-08-12,Dak_Lak,12.71,108.2378,24.7,85,11.1,73,944.7,1
2025-08-13,Dak_Lak,12.71,108.2378,24.1,87,15.1,95,945.4,1
2025-08-14,Dak_Lak,12.71,108.2378,23.9,87,15.7,95,944.5,1
2025-08-15,Dak_Lak,12.71,108.2378,23.6,87,11.8,100,942.9,1
2025-08-16,Dak_Lak,12.71,108.2378,22.9,90,15.2,99,942.8,1
2025-08-17,Dak_Lak,12.71,108.2378,23.0,90,21.4,99,944.3,1
2025-08-18,Dak_Lak,12.71,108.2378,23.8,87,19.6,98,946.3,1
2025-08-19,Dak_Lak,12.71,108.2378,25.0,83,13.7,67,947.2,1
2025-08-20,Dak_Lak,12.71,108.2378,24.8,84,14.5,93,946.6,1
2025-08-21,Dak_Lak,12.71,108.2378,23.0,91,13.7,89,946.9,1
2025-08-22,Dak_Lak,12.71,108.2378,24.1,82,20.0,75,946.6,1
2025-08-23,Dak_Lak,12.71,108.2378,23.7,87,17.9,88,945.7,1
2025-08-24,Dak_Lak,12.71,108.2378,23.4,89,20.0,100,943.8,1
2025-08-25,Dak_Lak,12.71,108.2378,24.2,84,24.2,100,943.5,1
2025-08-26,Dak_Lak,12.71,108.2378,24.3,82,22.5,95,945.7,1
2025-08-27,Dak_Lak,12.71,108.2378,23.8,86,18.7,100,946.1,1
2025-08-28,Dak_Lak,12.71,108.2378,23.1,90,19.2,100,944.8,1
2025-08-29,Dak_Lak,12.71,108.2378,23.1,91,18.6,100,943.9,1
2025-08-30,Dak_Lak,12.71,108.2378,23.1,93,17.6,92,943.5,1
2025-08-31,Dak_Lak,12.71,108.2378,24.3,87,12.5,66,944.1,1
2025-09-01,Dak_Lak,12.71,108.2378,24.3,88,10.6,76,943.7,1
2025-09-02,Dak_Lak,12.71,108.2378,23.4,93,12.4,99,944.5,1
2025-09-03,Dak_Lak,12.71,108.2378,23.8,91,10.8,98,944.7,1
2025-09-04,Dak_Lak,12.71,108.2378,24.2,89,10.1,68,944.5,1
2025-09-05,Dak_Lak,12.71,108.2378,24.4,90,12.9,86,945.0,1
2025-09-06,Dak_Lak,12.71,108.2378,24.0,92,14.6,100,945.2,1
2025-09-07,Dak_Lak,12.71,108.2378,22.7,95,18.1,100,945.4,1
2025-09-08,Dak_Lak,12.71,108.2378,23.9,86,18.5,100,946.4,1
2025-09-09,Dak_Lak,12.71,108.2378,23.9,88,14.9,98,947.5,1
2025-09-10,Dak_Lak,12.71,108.2378,24.4,88,10.3,97,947.6,1
2025-09-11,Dak_Lak,12.71,108.2378,24.3,88,15.2,84,946.7,1
2025-09-12,Dak_Lak,12.71,108.2378,24.1,85,18.2,84,946.7,1
2025-09-13,Dak_Lak,12.71,108.2378,24.6,85,15.4,98,947.0,1
2025-09-14,Dak_Lak,12.71,108.2378,23.8,89,7.8,98,947.7,1
2025-09-15,Dak_Lak,12.71,108.2378,23.8,88,11.6,88,947.6,1
2025-09-16,Dak_Lak,12.71,108.2378,23.4,89,13.2,94,946.6,1
2025-09-17,Dak_Lak,12.71,108.2378,23.1,92,12.3,99,945.2,1
2025-09-18,Dak_Lak,12.71,108.2378,23.3,93,12.9,99,944.5,1
2025-09-19,Dak_Lak,12.71,108.2378,23.7,90,17.8,93,945.9,1
2025-09-20,Dak_Lak,12.71,108.2378,24.5,85,15.1,60,946.0,1
2025-09-21,Dak_Lak,12.71,108.2378,23.9,91,14.3,99,945.2,1
2025-09-22,Dak_Lak,12.71,108.2378,22.7,96,15.8,100,945.0,1
2025-09-23,Dak_Lak,12.71,108.2378,23.0,91,22.5,100,944.3,1
2025-09-24,Dak_Lak,12.71,108.2378,24.2,83,24.0,100,942.7,1
2025-09-25,Dak_Lak,12.71,108.2378,23.9,89,22.5,100,943.6,1
2025-09-26,Dak_Lak,12.71,108.2378,22.8,93,13.3,100,945.6,1
2025-09-27,Dak_Lak,12.71,108.2378,23.2,92,16.4,100,944.2,1
2025-09-28,Dak_Lak,12.71,108.2378,23.6,89,20.5,100,942.2,1
2025-09-29,Dak_Lak,12.71,108.2378,24.4,84,21.9,99,945.4,1
2025-09-30,Dak_Lak,12.71,108.2378,23.5,88,11.7,100,947.6,1
2025-10-01,Dak_Lak,12.71,108.2378,24.0,85,15.4,84,947.8,1
2025-10-02,Dak_Lak,12.71,108.2378,23.9,85,15.7,64,948.0,1
2025-10-03,Dak_Lak,12.71,108.2378,24.6,81,12.0,91,948.2,1
2025-10-04,Dak_Lak,12.71,108.2378,23.4,89,15.0,99,948.5,1
2025-10-05,Dak_Lak,12.71,108.2378,23.9,86,18.9,100,947.9,1
2025-10-06,Dak_Lak,12.71,108.2378,24.9,78,17.6,100,948.0,0
2025-10-07,Dak_Lak,12.71,108.2378,24.2,84,9.4,96,948.4,1
2025-10-08,Dak_Lak,12.71,108.2378,23.9,85,18.6,74,947.6,1
2025-10-09,Dak_Lak,12.71,108.2378,23.4,88,14.0,86,947.0,1
2025-10-10,Dak_Lak,12.71,108.2378,23.5,90,15.2,84,946.5,1
2025-10-11,Dak_Lak,12.71,108.2378,23.3,91,13.3,89,946.1,1
2025-10-12,Dak_Lak,12.71,108.2378,23.8,89,13.6,93,946.4,1
2025-10-13,Dak_Lak,12.71,108.2378,23.8,91,11.0,98,946.7,1
2025-10-14,Dak_Lak,12.71,108.2378,23.9,90,11.5,86,947.0,1
2025-10-15,Dak_Lak,12.71,108.2378,24.2,85,21.5,77,946.3,1
2025-10-16,Dak_Lak,12.71,108.2378,23.4,90,26.6,99,946.3,1
2025-10-17,Dak_Lak,12.71,108.2378,24.3,87,23.3,94,946.7,1
2025-10-18,Dak_Lak,12.71,108.2378,23.8,88,22.1,90,946.1,1
2025-10-19,Dak_Lak,12.71,108.2378,23.7,88,24.0,85,945.1,1
2025-10-20,Dak_Lak,12.71,108.2378,23.6,91,18.4,94,944.9,1
2025-10-21,Dak_Lak,12.71,108.2378,23.7,89,10.9,92,945.4,1
2025-10-22,Dak_Lak,12.71,108.2378,24.4,81,16.4,97,945.9,1
2025-10-23,Dak_Lak,12.71,108.2378,24.3,78,21.7,97,946.8,1
2025-10-24,Dak_Lak,12.71,108.2378,22.9,92,23.7,99,947.1,1
2025-10-25,Dak_Lak,12.71,108.2378,21.9,98,19.6,100,946.6,1
2025-10-26,Dak_Lak,12.71,108.2378,23.0,92,13.9,100,946.6,1
2025-10-27,Dak_Lak,12.71,108.2378,22.6,95,17.3,100,946.4,1
2025-10-28,Dak_Lak,12.71,108.2378,22.9,94,19.9,100,945.9,1
2025-10-29,Dak_Lak,12.71,108.2378,22.8,94,16.3,99,945.4,1
2025-10-30,Dak_Lak,12.71,108.2378,23.6,91,15.1,98,946.9,1
2025-10-31,Dak_Lak,12.71,108.2378,23.5,93,11.3,94,948.9,1
2025-11-01,Dak_Lak,12.71,108.2378,23.2,93,13.8,100,948.9,1
2025-11-02,Dak_Lak,12.71,108.2378,22.9,94,8.6,100,947.3,1
2025-11-03,Dak_Lak,12.71,108.2378,23.5,89,14.0,99,946.7,1
2025-11-04,Dak_Lak,12.71,108.2378,23.4,92,16.4,96,946.6,1
2025-11-05,Dak_Lak,12.71,108.2378,23.3,92,17.6,97,945.5,1
2025-11-06,Dak_Lak,12.71,108.2378,21.7,96,35.3,100,941.3,1
2025-11-07,Dak_Lak,12.71,108.2378,23.8,88,27.0,84,944.5,1
2025-11-08,Dak_Lak,12.71,108.2378,24.3,86,15.1,54,947.4,1
2025-11-09,Dak_Lak,12.71,108.2378,24.2,88,18.2,80,947.0,1
2025-11-10,Dak_Lak,12.71,108.2378,24.1,84,13.4,80,946.1,1
2025-11-11,Dak_Lak,12.71,108.2378,24.1,86,13.1,100,946.8,1
2025-11-12,Dak_Lak,12.71,108.2378,23.8,86,18.2,96,948.1,1
2025-11-13,Dak_Lak,12.71,108.2378,22.7,83,22.7,31,949.5,0
2025-11-14,Dak_Lak,12.71,108.2378,20.7,81,24.7,51,949.2,0
2025-11-15,Dak_Lak,12.71,108.2378,21.8,81,23.9,85,949.1,1
2025-11-16,Dak_Lak,12.71,108.2378,21.6,98,22.4,100,948.4,1
2025-11-17,Dak_Lak,12.71,108.2378,22.0,95,25.3,100,949.1,1
2025-11-18,Dak_Lak,12.71,108.2378,21.7,97,36.3,100,948.2,1
2025-11-19,Dak_Lak,12.71,108.2378,20.9,97,34.6,100,948.7,1
2025-11-20,Dak_Lak,12.71,108.2378,19.9,94,25.9,100,949.7,1
2025-11-21,Dak_Lak,12.71,108.2378,20.1,92,21.9,97,950.2,1
2025-11-22,Dak_Lak,12.71,108.2378,20.3,93,22.2,100,949.4,1
2025-11-23,Dak_Lak,12.71,108.2378,21.9,93,26.5,90,948.5,1
2025-11-24,Dak_Lak,12.71,108.2378,22.5,88,32.3,82,948.5,1
2025-11-25,Dak_Lak,12.71,108.2378,21.3,83,30.9,86,948.7,1
2025-11-26,Dak_Lak,12.71,108.2378,20.3,82,28.3,96,948.5,1
2025-11-27,Dak_Lak,12.71,108.2378,19.4,79,22.2,100,948.6,0
2025-11-28,Dak_Lak,12.71,108.2378,18.3,79,12.5,99,947.8,1
2025-11-29,Dak_Lak,12.71,108.2378,21.7,80,9.8,91,947.1,1
2025-11-30,Dak_Lak,12.71,108.2378,23.4,85,9.2,70,947.3,1
2025-12-01,Dak_Lak,12.71,108.2378,23.6,87,10.7,72,947.6,1
2025-12-02,Dak_Lak,12.71,108.2378,23.6,89,12.5,75,947.6,1
2025-12-03,Dak_Lak,12.71,108.2378,22.3,95,24.9,85,948.4,1
2025-12-04,Dak_Lak,12.71,108.2378,22.2,89,27.5,62,949.6,1
2025-12-05,Dak_Lak,12.71,108.2378,21.6,86,30.1,68,951.0,1
2025-12-06,Dak_Lak,12.71,108.2378,20.6,85,29.5,51,950.7,1
2025-12-07,Dak_Lak,12.71,108.2378,20.0,80,25.5,49,950.3,0
2025-12-08,Dak_Lak,12.71,108.2378,19.6,86,23.5,99,949.9,1
2025-12-09,Dak_Lak,12.71,108.2378,20.2,88,30.6,98,949.3,1
2025-12-10,Dak_Lak,12.71,108.2378,21.0,96,25.1,100,948.3,1
2025-12-11,Dak_Lak,12.71,108.2378,22.5,88,27.4,79,948.8,1
2025-12-12,Dak_Lak,12.71,108.2378,22.3,85,25.6,67,948.8,1
2025-12-13,Dak_Lak,12.71,108.2378,22.0,85,29.5,99,949.0,1
2025-12-14,Dak_Lak,12.71,108.2378,21.3,87,32.9,87,949.6,1
2025-12-15,Dak_Lak,12.71,108.2378,21.3,86,30.3,87,949.8,1
2025-12-16,Dak_Lak,12.71,108.2378,21.6,87,27.5,88,949.5,1
2025-12-17,Dak_Lak,12.71,108.2378,21.5,90,25.4,78,949.8,1
2025-12-18,Dak_Lak,12.71,108.2378,21.0,87,28.1,95,949.3,1
2025-12-19,Dak_Lak,12.71,108.2378,21.7,87,24.3,97,947.8,1
2025-12-20,Dak_Lak,12.71,108.2378,21.9,87,20.4,99,947.4,1
2025-12-21,Dak_Lak,12.71,108.2378,22.3,88,26.1,83,947.7,1
2025-12-22,Dak_Lak,12.71,108.2378,22.0,89,27.2,99,947.7,1
2025-12-23,Dak_Lak,12.71,108.2378,22.0,85,26.9,98,947.5,1
2025-12-24,Dak_Lak,12.71,108.2378,22.3,87,25.2,93,947.0,1
2025-12-25,Dak_Lak,12.71,108.2378,21.7,90,28.8,98,947.9,1
2025-12-26,Dak_Lak,12.71,108.2378,20.7,84,32.2,89,949.5,1
2025-12-27,Dak_Lak,12.71,108.2378,20.2,83,27.6,70,950.1,0
2025-12-28,Dak_Lak,12.71,108.2378,20.3,85,25.0,66,950.3,1
2025-12-29,Dak_Lak,12.71,108.2378,20.1,84,19.5,68,949.5,1
2025-12-30,Dak_Lak,12.71,108.2378,19.7,80,21.4,65,948.3,1
2025-12-31,Dak_Lak,12.71,108.2378,19.2,78,17.8,51,947.0,0
