date,destination,latitude,longitude,temp,humidity,wind_speed,cloud_cover,pressure,rain
2020-01-01,Bac_Ninh,21.1861,106.0763,20.0,85,10.2,66,1022.3,1
2020-01-02,Bac_Ninh,21.1861,106.0763,21.1,83,15.8,73,1020.8,1
2020-01-03,Bac_Ninh,21.1861,106.0763,21.7,83,16.3,80,1018.9,1
2020-01-04,Bac_Ninh,21.1861,106.0763,21.4,83,19.6,77,1017.0,1
2020-01-05,Bac_Ninh,21.1861,106.0763,21.5,82,20.1,72,1015.9,1
2020-01-06,Bac_Ninh,21.1861,106.0763,22.3,82,21.5,54,1014.6,1
2020-01-07,Bac_Ninh,21.1861,106.0763,22.7,84,13.9,60,1014.5,1
2020-01-08,Bac_Ninh,21.1861,106.0763,22.6,82,18.4,78,1015.1,1
2020-01-09,Bac_Ninh,21.1861,106.0763,22.8,81,14.7,69,1013.4,1
2020-01-10,Bac_Ninh,21.1861,106.0763,23.6,79,17.4,64,1011.6,1
2020-01-11,Bac_Ninh,21.1861,106.0763,20.4,80,28.1,82,1013.0,1
2020-01-12,Bac_Ninh,21.1861,106.0763,15.4,70,16.9,91,1016.5,1
2020-01-13,Bac_Ninh,21.1861,106.0763,18.3,77,11.3,95,1014.2,1
2020-01-14,Bac_Ninh,21.1861,106.0763,20.9,87,17.6,81,1013.2,1
2020-01-15,Bac_Ninh,21.1861,106.0763,22.0,81,24.9,56,1011.9,1
2020-01-16,Bac_Ninh,21.1861,106.0763,20.1,86,20.8,79,1014.1,1
2020-01-17,Bac_Ninh,21.1861,106.0763,15.1,78,17.0,100,1018.3,1
2020-01-18,Bac_Ninh,21.1861,106.0763,16.3,82,11.7,100,1016.5,1
2020-01-19,Bac_Ninh,21.1861,106.0763,14.5,81,18.5,100,1019.0,1
2020-01-20,Bac_Ninh,21.1861,106.0763,16.0,82,8.7,99,1018.5,1
2020-01-21,Bac_Ninh,21.1861,106.0763,19.7,84,17.0,73,1017.2,1
2020-01-22,Bac_Ninh,21.1861,106.0763,21.6,87,18.8,74,1014.4,1
2020-01-23,Bac_Ninh,21.1861,106.0763,22.7,86,18.8,86,1012.6,1
2020-01-24,Bac_Ninh,21.1861,106.0763,21.8,90,23.2,94,1012.3,1
2020-01-25,Bac_Ninh,21.1861,106.0763,15.8,87,24.5,98,1013.7,1
2020-01-26,Bac_Ninh,21.1861,106.0763,14.4,60,18.4,60,1016.9,1
2020-01-27,Bac_Ninh,21.1861,106.0763,14.0,62,17.5,35,1015.8,1
2020-01-28,Bac_Ninh,21.1861,106.0763,14.3,59,15.7,76,1017.6,0
2020-01-29,Bac_Ninh,21.1861,106.0763,13.9,60,15.4,78,1021.0,1
2020-01-30,Bac_Ninh,21.1861,106.0763,14.7,62,14.7,7,1020.4,0
2020-01-31,Bac_Ninh,21.1861,106.0763,15.3,70,15.8,42,1018.6,0
2020-02-01,Bac_Ninh,21.1861,106.0763,16.1,87,7.3,88,1017.4,1
2020-02-02,Bac_Ninh,21.1861,106.0763,19.2,88,16.6,75,1016.9,1
2020-02-03,Bac_Ninh,21.1861,106.0763,17.2,93,19.7,95,1016.3,1
2020-02-04,Bac_Ninh,21.1861,106.0763,14.3,87,14.5,100,1017.9,1
2020-02-05,Bac_Ninh,21.1861,106.0763,15.4,90,10.6,100,1016.6,1
2020-02-06,Bac_Ninh,21.1861,106.0763,18.8,91,9.2,75,1014.5,1
2020-02-07,Bac_Ninh,21.1861,106.0763,19.5,93,13.0,99,1017.0,1
2020-02-08,Bac_Ninh,21.1861,106.0763,16.7,83,16.5,100,1020.8,1
2020-02-09,Bac_Ninh,21.1861,106.0763,14.8,75,16.7,100,1023.9,1
2020-02-10,Bac_Ninh,21.1861,106.0763,16.5,75,11.1,94,1020.0,1
2020-02-11,Bac_Ninh,21.1861,106.0763,19.5,87,13.7,92,1016.3,1
2020-02-12,Bac_Ninh,21.1861,106.0763,21.4,91,14.7,93,1013.4,1
2020-02-13,Bac_Ninh,21.1861,106.0763,21.5,93,16.3,100,1009.7,1
2020-02-14,Bac_Ninh,21.1861,106.0763,23.2,91,17.8,81,1006.1,1
2020-02-15,Bac_Ninh,21.1861,106.0763,24.1,81,30.7,84,1008.5,1
2020-02-16,Bac_Ninh,21.1861,106.0763,15.7,49,26.1,92,1021.1,1
2020-02-17,Bac_Ninh,21.1861,106.0763,16.6,43,17.7,61,1025.1,0
2020-02-18,Bac_Ninh,21.1861,106.0763,16.6,45,14.5,51,1023.5,0
2020-02-19,Bac_Ninh,21.1861,106.0763,16.4,66,7.4,71,1020.9,0
2020-02-20,Bac_Ninh,21.1861,106.0763,19.3,85,13.0,93,1020.4,1
2020-02-21,Bac_Ninh,21.1861,106.0763,20.3,81,16.0,76,1023.2,1
2020-02-22,Bac_Ninh,21.1861,106.0763,19.9,79,11.5,41,1023.9,0
2020-02-23,Bac_Ninh,21.1861,106.0763,19.4,80,14.3,39,1021.1,0
2020-02-24,Bac_Ninh,21.1861,106.0763,20.0,81,13.0,55,1016.8,1
2020-02-25,Bac_Ninh,21.1861,106.0763,20.7,83,13.2,59,1015.0,1
2020-02-26,Bac_Ninh,21.1861,106.0763,21.2,82,13.2,89,1015.7,1
2020-02-27,Bac_Ninh,21.1861,106.0763,21.5,85,14.0,91,1015.4,1
2020-02-28,Bac_Ninh,21.1861,106.0763,22.2,83,17.0,81,1013.6,1
2020-02-29,Bac_Ninh,21.1861,106.0763,22.6,83,15.8,67,1011.5,1
2020-03-01,Bac_Ninh,21.1861,106.0763,22.8,88,15.8,82,1011.3,1
2020-03-02,Bac_Ninh,21.1861,106.0763,23.1,87,19.4,61,1011.9,1
2020-03-03,Bac_Ninh,21.1861,106.0763,22.5,90,19.7,88,1012.3,1
2020-03-04,Bac_Ninh,21.1861,106.0763,17.2,88,26.9,98,1015.6,1
2020-03-05,Bac_Ninh,21.1861,106.0763,15.9,82,11.9,92,1017.0,1
2020-03-06,Bac_Ninh,21.1861,106.0763,19.2,85,12.7,80,1013.2,1
2020-03-07,Bac_Ninh,21.1861,106.0763,21.6,87,12.7,62,1009.2,1
2020-03-08,Bac_Ninh,21.1861,106.0763,24.5,86,11.6,56,1003.7,1
2020-03-09,Bac_Ninh,21.1861,106.0763,25.1,80,10.7,11,1002.9,0
2020-03-10,Bac_Ninh,21.1861,106.0763,22.2,61,24.5,72,1012.2,0
2020-03-11,Bac_Ninh,21.1861,106.0763,20.5,70,8.0,98,1013.7,0
2020-03-12,Bac_Ninh,21.1861,106.0763,23.1,84,14.8,84,1010.3,1
2020-03-13,Bac_Ninh,21.1861,106.0763,25.0,86,14.8,94,1011.2,1
2020-03-14,Bac_Ninh,21.1861,106.0763,20.4,77,18.3,100,1016.1,1
2020-03-15,Bac_Ninh,21.1861,106.0763,20.1,80,8.3,100,1015.9,1
2020-03-16,Bac_Ninh,21.1861,106.0763,22.3,87,13.0,100,1013.5,1
2020-03-17,Bac_Ninh,21.1861,106.0763,22.9,92,19.8,100,1013.5,1
2020-03-18,Bac_Ninh,21.1861,106.0763,19.7,88,15.2,100,1012.2,1
2020-03-19,Bac_Ninh,21.1861,106.0763,19.8,88,17.7,100,1012.3,1
2020-03-20,Bac_Ninh,21.1861,106.0763,21.5,84,10.7,100,1011.8,1
2020-03-21,Bac_Ninh,21.1861,106.0763,24.4,87,16.9,92,1009.9,1
2020-03-22,Bac_Ninh,21.1861,106.0763,25.1,87,16.7,80,1009.9,1
2020-03-23,Bac_Ninh,21.1861,106.0763,24.8,85,14.9,75,1010.5,1
2020-03-24,Bac_Ninh,21.1861,106.0763,24.2,86,19.5,68,1010.2,1
2020-03-25,Bac_Ninh,21.1861,106.0763,24.0,90,19.1,64,1008.5,1
2020-03-26,Bac_Ninh,21.1861,106.0763,25.4,87,21.4,65,1007.6,1
2020-03-27,Bac_Ninh,21.1861,106.0763,26.2,85,15.1,66,1007.2,1
2020-03-28,Bac_Ninh,21.1861,106.0763,23.8,87,21.3,95,1009.2,1
2020-03-29,Bac_Ninh,21.1861,106.0763,24.6,85,22.5,89,1006.9,1
2020-03-30,Bac_Ninh,21.1861,106.0763,19.3,85,18.9,100,1008.3,1
2020-03-31,Bac_Ninh,21.1861,106.0763,18.8,82,17.7,100,1010.7,1
2020-04-01,Bac_Ninh,21.1861,106.0763,20.1,84,8.0,99,1011.5,1
2020-04-02,Bac_Ninh,21.1861,106.0763,22.1,93,13.3,92,1011.2,1
2020-04-03,Bac_Ninh,21.1861,106.0763,22.9,93,13.0,100,1011.8,1
2020-04-04,Bac_Ninh,21.1861,106.0763,19.1,87,18.8,100,1014.8,1
2020-04-05,Bac_Ninh,21.1861,106.0763,17.6,84,16.1,99,1016.7,1
2020-04-06,Bac_Ninh,21.1861,106.0763,18.1,81,11.6,74,1014.9,1
2020-04-07,Bac_Ninh,21.1861,106.0763,19.6,78,11.9,92,1013.8,1
2020-04-08,Bac_Ninh,21.1861,106.0763,21.0,83,7.9,79,1014.0,1
2020-04-09,Bac_Ninh,21.1861,106.0763,22.6,80,13.1,73,1014.6,0
2020-04-10,Bac_Ninh,21.1861,106.0763,23.3,86,14.8,84,1013.2,0
2020-04-11,Bac_Ninh,21.1861,106.0763,25.4,86,17.4,86,1011.7,1
2020-04-12,Bac_Ninh,21.1861,106.0763,19.1,73,24.5,87,1017.4,1
2020-04-13,Bac_Ninh,21.1861,106.0763,16.3,76,18.5,71,1018.7,1
2020-04-14,Bac_Ninh,21.1861,106.0763,18.0,75,13.3,45,1015.8,0
2020-04-15,Bac_Ninh,21.1861,106.0763,20.2,83,15.8,72,1012.7,1
2020-04-16,Bac_Ninh,21.1861,106.0763,23.3,87,22.4,84,1009.7,1
2020-04-17,Bac_Ninh,21.1861,106.0763,24.4,87,21.1,96,1009.7,1
2020-04-18,Bac_Ninh,21.1861,106.0763,25.6,86,17.8,87,1008.6,0
2020-04-19,Bac_Ninh,21.1861,106.0763,25.9,87,17.5,80,1007.6,0
2020-04-20,Bac_Ninh,21.1861,106.0763,26.3,86,16.5,86,1008.1,1
2020-04-21,Bac_Ninh,21.1861,106.0763,26.7,86,19.4,80,1007.3,1
2020-04-22,Bac_Ninh,21.1861,106.0763,23.4,87,18.1,93,1010.1,1
2020-04-23,Bac_Ninh,21.1861,106.0763,19.2,83,17.7,100,1014.8,1
2020-04-24,Bac_Ninh,21.1861,106.0763,17.0,84,16.9,100,1018.6,1
2020-04-25,Bac_Ninh,21.1861,106.0763,18.7,79,12.2,99,1017.5,1
2020-04-26,Bac_Ninh,21.1861,106.0763,20.2,76,16.2,95,1018.1,1
2020-04-27,Bac_Ninh,21.1861,106.0763,22.2,75,10.6,54,1016.8,1
2020-04-28,Bac_Ninh,21.1861,106.0763,23.4,73,13.4,41,1015.0,0
2020-04-29,Bac_Ninh,21.1861,106.0763,23.8,76,13.6,46,1013.7,0
2020-04-30,Bac_Ninh,21.1861,106.0763,24.2,81,13.0,72,1012.4,1
2020-05-01,Bac_Ninh,21.1861,106.0763,24.8,86,12.8,70,1009.4,1
2020-05-02,Bac_Ninh,21.1861,106.0763,26.2,84,14.3,63,1007.0,1
2020-05-03,Bac_Ninh,21.1861,106.0763,27.2,84,14.8,86,1006.6,1
2020-05-04,Bac_Ninh,21.1861,106.0763,28.5,82,18.3,76,1006.1,0
2020-05-05,Bac_Ninh,21.1861,106.0763,29.1,81,18.7,40,1004.4,0
2020-05-06,Bac_Ninh,21.1861,106.0763,29.4,78,16.5,61,1003.3,0
2020-05-07,Bac_Ninh,21.1861,106.0763,30.2,77,17.6,34,1002.3,0
2020-05-08,Bac_Ninh,21.1861,106.0763,30.3,78,17.1,37,1002.3,0
2020-05-09,Bac_Ninh,21.1861,106.0763,31.1,77,18.4,65,1003.8,0
2020-05-10,Bac_Ninh,21.1861,106.0763,30.4,78,19.6,54,1004.8,0
2020-05-11,Bac_Ninh,21.1861,106.0763,29.6,79,17.6,63,1006.6,1
2020-05-12,Bac_Ninh,21.1861,106.0763,25.9,87,14.7,92,1009.2,1
2020-05-13,Bac_Ninh,21.1861,106.0763,27.1,85,15.7,76,1008.0,1
2020-05-14,Bac_Ninh,21.1861,106.0763,28.0,83,20.5,64,1005.5,1
2020-05-15,Bac_Ninh,21.1861,106.0763,29.1,81,18.7,45,1002.6,1
2020-05-16,Bac_Ninh,21.1861,106.0763,29.1,81,18.4,40,1003.0,1
2020-05-17,Bac_Ninh,21.1861,106.0763,27.6,88,16.4,67,1002.7,1
2020-05-18,Bac_Ninh,21.1861,106.0763,28.0,84,14.1,64,1001.9,1
2020-05-19,Bac_Ninh,21.1861,106.0763,28.1,85,17.4,61,1002.1,1
2020-05-20,Bac_Ninh,21.1861,106.0763,30.5,81,15.3,82,1000.1,0
2020-05-21,Bac_Ninh,21.1861,106.0763,32.1,72,14.7,92,998.8,0
2020-05-22,Bac_Ninh,21.1861,106.0763,29.9,75,18.5,99,1002.0,1
2020-05-23,Bac_Ninh,21.1861,106.0763,27.8,87,12.2,94,1004.9,1
2020-05-24,Bac_Ninh,21.1861,106.0763,29.0,83,17.3,81,1005.1,1
2020-05-25,Bac_Ninh,21.1861,106.0763,30.2,80,16.1,75,1004.5,1
2020-05-26,Bac_Ninh,21.1861,106.0763,26.9,78,19.2,81,1006.9,1
2020-05-27,Bac_Ninh,21.1861,106.0763,26.1,79,12.9,70,1008.6,1
2020-05-28,Bac_Ninh,21.1861,106.0763,26.9,81,10.0,72,1007.9,1
2020-05-29,Bac_Ninh,21.1861,106.0763,28.0,81,15.2,71,1005.6,1
2020-05-30,Bac_Ninh,21.1861,106.0763,29.3,82,12.5,54,1005.9,1
2020-05-31,Bac_Ninh,21.1861,106.0763,30.2,75,17.7,79,1005.7,1
2020-06-01,Bac_Ninh,21.1861,106.0763,29.8,79,17.1,71,1004.7,1
2020-06-02,Bac_Ninh,21.1861,106.0763,30.6,74,17.3,46,1002.9,1
2020-06-03,Bac_Ninh,21.1861,106.0763,30.5,72,17.0,64,1002.5,1
2020-06-04,Bac_Ninh,21.1861,106.0763,31.0,74,19.5,77,1002.0,1
2020-06-05,Bac_Ninh,21.1861,106.0763,31.0,72,15.1,95,1001.6,1
2020-06-06,Bac_Ninh,21.1861,106.0763,30.9,74,16.4,97,1001.0,1
2020-06-07,Bac_Ninh,21.1861,106.0763,32.6,61,17.3,97,999.0,0
2020-06-08,Bac_Ninh,21.1861,106.0763,32.5,60,17.7,99,999.4,0
2020-06-09,Bac_Ninh,21.1861,106.0763,32.1,63,14.6,100,1002.0,1
2020-06-10,Bac_Ninh,21.1861,106.0763,29.8,81,12.5,99,1004.0,1
2020-06-11,Bac_Ninh,21.1861,106.0763,30.3,79,17.2,88,1002.5,1
2020-06-12,Bac_Ninh,21.1861,106.0763,31.1,74,18.0,78,1000.1,1
2020-06-13,Bac_Ninh,21.1861,106.0763,30.9,76,17.8,52,1000.0,1
2020-06-14,Bac_Ninh,21.1861,106.0763,28.2,89,17.1,96,1003.0,1
2020-06-15,Bac_Ninh,21.1861,106.0763,27.3,89,14.6,99,1004.8,1
2020-06-16,Bac_Ninh,21.1861,106.0763,29.2,81,15.5,72,1003.1,1
2020-06-17,Bac_Ninh,21.1861,106.0763,29.8,74,19.2,48,1001.2,1
2020-06-18,Bac_Ninh,21.1861,106.0763,29.8,76,16.9,29,1002.4,1
2020-06-19,Bac_Ninh,21.1861,106.0763,29.6,80,16.3,46,1004.0,1
2020-06-20,Bac_Ninh,21.1861,106.0763,30.3,78,18.4,47,1003.3,1
2020-06-21,Bac_Ninh,21.1861,106.0763,31.6,72,18.0,43,1000.6,1
2020-06-22,Bac_Ninh,21.1861,106.0763,32.4,68,19.0,67,1000.0,1
2020-06-23,Bac_Ninh,21.1861,106.0763,32.5,68,17.1,90,1001.6,1
2020-06-24,Bac_Ninh,21.1861,106.0763,32.3,69,15.1,97,1000.7,1
2020-06-25,Bac_Ninh,21.1861,106.0763,31.0,76,13.0,100,1000.2,1
2020-06-26,Bac_Ninh,21.1861,106.0763,31.9,69,18.7,76,1000.6,1
2020-06-27,Bac_Ninh,21.1861,106.0763,32.2,67,19.3,66,1001.7,1
2020-06-28,Bac_Ninh,21.1861,106.0763,31.8,68,19.1,54,1001.9,1
2020-06-29,Bac_Ninh,21.1861,106.0763,31.1,73,18.4,84,1001.5,1
2020-06-30,Bac_Ninh,21.1861,106.0763,30.3,80,18.1,96,1000.6,1
2020-07-01,Bac_Ninh,21.1861,106.0763,29.6,84,12.0,97,1000.0,1
2020-07-02,Bac_Ninh,21.1861,106.0763,28.6,88,10.9,99,1000.4,1
2020-07-03,Bac_Ninh,21.1861,106.0763,28.9,84,16.6,99,1003.2,1
2020-07-04,Bac_Ninh,21.1861,106.0763,28.5,85,15.7,98,1004.2,1
2020-07-05,Bac_Ninh,21.1861,106.0763,29.1,83,13.2,66,1002.5,1
2020-07-06,Bac_Ninh,21.1861,106.0763,30.4,78,20.1,62,1001.9,1
2020-07-07,Bac_Ninh,21.1861,106.0763,31.0,76,19.7,98,1003.8,1
2020-07-08,Bac_Ninh,21.1861,106.0763,32.1,68,17.0,96,1002.2,1
2020-07-09,Bac_Ninh,21.1861,106.0763,32.6,63,17.1,99,998.6,0
2020-07-10,Bac_Ninh,21.1861,106.0763,32.5,64,17.6,100,998.6,0
2020-07-11,Bac_Ninh,21.1861,106.0763,31.4,66,15.4,100,1000.1,0
2020-07-12,Bac_Ninh,21.1861,106.0763,30.6,72,16.9,90,1001.3,1
2020-07-13,Bac_Ninh,21.1861,106.0763,30.7,77,15.6,26,1003.5,1
2020-07-14,Bac_Ninh,21.1861,106.0763,29.9,80,15.8,32,1004.7,1
2020-07-15,Bac_Ninh,21.1861,106.0763,31.3,74,19.4,46,1002.8,1
2020-07-16,Bac_Ninh,21.1861,106.0763,30.9,74,18.1,50,1002.1,1
2020-07-17,Bac_Ninh,21.1861,106.0763,32.3,66,20.9,91,1002.4,0
2020-07-18,Bac_Ninh,21.1861,106.0763,32.8,64,19.2,98,1002.5,1
2020-07-19,Bac_Ninh,21.1861,106.0763,32.5,67,18.2,99,1001.8,1
2020-07-20,Bac_Ninh,21.1861,106.0763,29.5,83,17.0,99,1004.1,1
2020-07-21,Bac_Ninh,21.1861,106.0763,29.0,82,19.2,64,1006.2,1
2020-07-22,Bac_Ninh,21.1861,106.0763,29.9,76,16.4,27,1005.5,1
2020-07-23,Bac_Ninh,21.1861,106.0763,30.2,76,17.8,22,1005.4,1
2020-07-24,Bac_Ninh,21.1861,106.0763,30.5,74,17.6,18,1005.5,1
2020-07-25,Bac_Ninh,21.1861,106.0763,30.9,75,18.4,56,1004.6,1
2020-07-26,Bac_Ninh,21.1861,106.0763,31.3,73,17.7,87,1003.2,1
2020-07-27,Bac_Ninh,21.1861,106.0763,29.2,85,12.2,99,1002.6,1
2020-07-28,Bac_Ninh,21.1861,106.0763,28.5,87,9.9,96,1004.2,1
2020-07-29,Bac_Ninh,21.1861,106.0763,28.7,85,14.2,79,1004.4,1
2020-07-30,Bac_Ninh,21.1861,106.0763,30.0,79,13.5,54,1003.8,1
2020-07-31,Bac_Ninh,21.1861,106.0763,29.6,83,11.4,92,1001.9,1
2020-08-01,Bac_Ninh,21.1861,106.0763,28.3,83,18.0,99,998.0,1
2020-08-02,Bac_Ninh,21.1861,106.0763,26.8,90,24.2,99,996.2,1
2020-08-03,Bac_Ninh,21.1861,106.0763,26.8,91,17.8,99,998.3,1
2020-08-04,Bac_Ninh,21.1861,106.0763,26.0,95,10.9,100,999.9,1
2020-08-05,Bac_Ninh,21.1861,106.0763,26.5,93,11.2,99,1002.0,1
2020-08-06,Bac_Ninh,21.1861,106.0763,26.4,94,16.2,97,1004.4,1
2020-08-07,Bac_Ninh,21.1861,106.0763,27.6,90,12.5,79,1004.5,1
2020-08-08,Bac_Ninh,21.1861,106.0763,28.6,86,13.4,93,1003.0,1
2020-08-09,Bac_Ninh,21.1861,106.0763,29.2,86,13.8,94,1001.1,1
2020-08-10,Bac_Ninh,21.1861,106.0763,30.0,85,14.6,92,999.9,1
2020-08-11,Bac_Ninh,21.1861,106.0763,30.1,81,17.4,87,1000.1,1
2020-08-12,Bac_Ninh,21.1861,106.0763,29.7,85,17.4,78,1002.8,1
2020-08-13,Bac_Ninh,21.1861,106.0763,27.4,91,17.8,85,1004.5,1
2020-08-14,Bac_Ninh,21.1861,106.0763,26.1,93,15.3,92,1004.7,1
2020-08-15,Bac_Ninh,21.1861,106.0763,27.3,86,19.6,62,1003.9,1
2020-08-16,Bac_Ninh,21.1861,106.0763,26.9,89,14.9,76,1003.1,1
2020-08-17,Bac_Ninh,21.1861,106.0763,25.8,91,15.5,97,1003.6,1
2020-08-18,Bac_Ninh,21.1861,106.0763,25.5,93,10.6,98,1004.1,1
2020-08-19,Bac_Ninh,21.1861,106.0763,26.0,91,10.2,99,1003.9,1
2020-08-20,Bac_Ninh,21.1861,106.0763,26.7,89,9.6,95,1005.3,1
2020-08-21,Bac_Ninh,21.1861,106.0763,26.5,91,9.6,97,1006.9,1
2020-08-22,Bac_Ninh,21.1861,106.0763,27.1,90,11.1,88,1006.5,1
2020-08-23,Bac_Ninh,21.1861,106.0763,28.0,89,14.1,59,1004.8,1
2020-08-24,Bac_Ninh,21.1861,106.0763,29.0,84,11.9,54,1002.6,1
2020-08-25,Bac_Ninh,21.1861,106.0763,29.0,85,10.8,96,1001.7,1
2020-08-26,Bac_Ninh,21.1861,106.0763,29.9,85,13.2,68,1000.4,1
2020-08-27,Bac_Ninh,21.1861,106.0763,30.2,82,15.5,37,999.3,0
2020-08-28,Bac_Ninh,21.1861,106.0763,30.0,83,14.0,42,1000.6,1
2020-08-29,Bac_Ninh,21.1861,106.0763,29.4,86,12.0,77,1002.7,1
2020-08-30,Bac_Ninh,21.1861,106.0763,29.3,85,8.0,40,1003.6,1
2020-08-31,Bac_Ninh,21.1861,106.0763,29.2,84,9.1,71,1005.6,1
2020-09-01,Bac_Ninh,21.1861,106.0763,30.1,77,9.7,29,1005.3,1
2020-09-02,Bac_Ninh,21.1861,106.0763,30.5,78,12.1,41,1005.5,0
2020-09-03,Bac_Ninh,21.1861,106.0763,30.0,81,10.0,71,1006.7,1
2020-09-04,Bac_Ninh,21.1861,106.0763,29.4,83,11.8,66,1006.3,1
2020-09-05,Bac_Ninh,21.1861,106.0763,29.7,82,12.6,24,1004.0,1
2020-09-06,Bac_Ninh,21.1861,106.0763,30.1,82,14.5,87,1002.2,1
2020-09-07,Bac_Ninh,21.1861,106.0763,27.0,93,6.6,100,1003.7,1
2020-09-08,Bac_Ninh,21.1861,106.0763,27.1,90,7.7,97,1007.0,1
2020-09-09,Bac_Ninh,21.1861,106.0763,26.8,92,12.5,96,1007.1,1
2020-09-10,Bac_Ninh,21.1861,106.0763,27.6,90,12.5,93,1003.9,1
2020-09-11,Bac_Ninh,21.1861,106.0763,27.6,91,10.7,98,1004.9,1
2020-09-12,Bac_Ninh,21.1861,106.0763,27.5,91,10.0,98,1007.9,1
2020-09-13,Bac_Ninh,21.1861,106.0763,27.3,90,12.2,84,1008.9,1
2020-09-14,Bac_Ninh,21.1861,106.0763,27.5,88,12.8,94,1007.5,1
2020-09-15,Bac_Ninh,21.1861,106.0763,28.2,87,13.5,84,1006.0,1
2020-09-16,Bac_Ninh,21.1861,106.0763,28.4,87,13.0,88,1004.6,1
2020-09-17,Bac_Ninh,21.1861,106.0763,29.0,85,16.3,86,1003.9,1
2020-09-18,Bac_Ninh,21.1861,106.0763,25.8,73,30.4,93,1005.3,1
2020-09-19,Bac_Ninh,21.1861,106.0763,25.7,78,25.1,88,1006.1,1
2020-09-20,Bac_Ninh,21.1861,106.0763,25.3,90,9.7,99,1007.7,1
2020-09-21,Bac_Ninh,21.1861,106.0763,26.4,91,15.3,98,1007.3,1
2020-09-22,Bac_Ninh,21.1861,106.0763,26.6,92,12.4,100,1006.8,1
2020-09-23,Bac_Ninh,21.1861,106.0763,26.2,93,13.8,100,1007.8,1
2020-09-24,Bac_Ninh,21.1861,106.0763,24.8,88,14.2,90,1009.7,1
2020-09-25,Bac_Ninh,21.1861,106.0763,26.3,91,13.1,96,1006.8,1
2020-09-26,Bac_Ninh,21.1861,106.0763,27.2,91,12.0,97,1005.7,1
2020-09-27,Bac_Ninh,21.1861,106.0763,25.6,90,13.0,98,1007.4,1
2020-09-28,Bac_Ninh,21.1861,106.0763,26.2,85,10.6,72,1007.4,1
2020-09-29,Bac_Ninh,21.1861,106.0763,27.3,88,14.4,84,1005.9,1
2020-09-30,Bac_Ninh,21.1861,106.0763,27.4,89,10.9,83,1004.8,1
2020-10-01,Bac_Ninh,21.1861,106.0763,26.2,92,9.9,98,1006.0,1
2020-10-02,Bac_Ninh,21.1861,106.0763,27.1,90,12.3,85,1006.7,1
2020-10-03,Bac_Ninh,21.1861,106.0763,26.9,91,12.5,92,1007.6,1
2020-10-04,Bac_Ninh,21.1861,106.0763,27.2,90,10.3,82,1007.8,1
2020-10-05,Bac_Ninh,21.1861,106.0763,26.6,90,12.0,63,1008.8,1
2020-10-06,Bac_Ninh,21.1861,106.0763,24.5,75,16.3,57,1011.7,0
2020-10-07,Bac_Ninh,21.1861,106.0763,23.5,71,17.7,68,1013.6,0
2020-10-08,Bac_Ninh,21.1861,106.0763,22.9,68,20.8,35,1014.2,0
2020-10-09,Bac_Ninh,21.1861,106.0763,22.7,68,20.9,11,1014.8,0
2020-10-10,Bac_Ninh,21.1861,106.0763,22.6,70,16.5,19,1013.0,0
2020-10-11,Bac_Ninh,21.1861,106.0763,22.8,72,16.3,55,1010.3,0
2020-10-12,Bac_Ninh,21.1861,106.0763,24.6,69,18.9,96,1008.8,0
2020-10-13,Bac_Ninh,21.1861,106.0763,26.1,65,20.2,90,1007.5,1
2020-10-14,Bac_Ninh,21.1861,106.0763,22.7,86,30.6,100,1005.7,1
2020-10-15,Bac_Ninh,21.1861,106.0763,22.5,90,18.9,100,1009.0,1
2020-10-16,Bac_Ninh,21.1861,106.0763,24.0,72,25.9,98,1011.7,1
2020-10-17,Bac_Ninh,21.1861,106.0763,22.3,62,22.8,97,1013.9,1
2020-10-18,Bac_Ninh,21.1861,106.0763,20.8,74,23.1,99,1014.2,1
2020-10-19,Bac_Ninh,21.1861,106.0763,20.9,66,23.5,99,1015.1,1
2020-10-20,Bac_Ninh,21.1861,106.0763,21.0,68,19.4,83,1016.0,1
2020-10-21,Bac_Ninh,21.1861,106.0763,21.7,60,22.6,25,1015.4,0
2020-10-22,Bac_Ninh,21.1861,106.0763,21.7,61,22.7,45,1012.9,0
2020-10-23,Bac_Ninh,21.1861,106.0763,21.3,59,18.3,55,1013.0,0
2020-10-24,Bac_Ninh,21.1861,106.0763,21.1,65,12.4,85,1013.1,0
2020-10-25,Bac_Ninh,21.1861,106.0763,21.2,74,11.8,97,1012.5,1
2020-10-26,Bac_Ninh,21.1861,106.0763,21.7,85,11.3,94,1012.7,1
2020-10-27,Bac_Ninh,21.1861,106.0763,24.2,83,10.6,65,1011.3,1
2020-10-28,Bac_Ninh,21.1861,106.0763,24.8,77,23.0,96,1011.3,1
2020-10-29,Bac_Ninh,21.1861,106.0763,22.6,74,25.7,99,1013.6,1
2020-10-30,Bac_Ninh,21.1861,106.0763,21.3,83,15.8,100,1016.5,1
2020-10-31,Bac_Ninh,21.1861,106.0763,22.6,84,9.0,89,1016.0,0
2020-11-01,Bac_Ninh,21.1861,106.0763,24.2,83,11.4,50,1014.4,0
2020-11-02,Bac_Ninh,21.1861,106.0763,23.3,77,25.0,80,1015.7,1
2020-11-03,Bac_Ninh,21.1861,106.0763,21.4,62,15.0,63,1017.5,1
2020-11-04,Bac_Ninh,21.1861,106.0763,20.8,69,11.4,67,1016.3,0
2020-11-05,Bac_Ninh,21.1861,106.0763,22.0,77,8.7,67,1015.6,0
2020-11-06,Bac_Ninh,21.1861,106.0763,23.1,79,12.4,44,1016.5,1
2020-11-07,Bac_Ninh,21.1861,106.0763,23.3,66,18.9,21,1017.8,0
2020-11-08,Bac_Ninh,21.1861,106.0763,23.3,60,18.3,19,1018.3,0
2020-11-09,Bac_Ninh,21.1861,106.0763,22.1,55,21.6,11,1018.0,0
2020-11-10,Bac_Ninh,21.1861,106.0763,20.9,54,18.2,65,1018.2,0
2020-11-11,Bac_Ninh,21.1861,106.0763,21.9,51,13.9,78,1019.3,0
2020-11-12,Bac_Ninh,21.1861,106.0763,22.1,56,13.5,18,1018.6,0
2020-11-13,Bac_Ninh,21.1861,106.0763,21.8,55,14.5,1,1016.5,0
2020-11-14,Bac_Ninh,21.1861,106.0763,21.9,53,16.3,33,1016.1,0
2020-11-15,Bac_Ninh,21.1861,106.0763,19.9,83,17.4,100,1016.5,1
2020-11-16,Bac_Ninh,21.1861,106.0763,21.1,93,12.3,100,1014.9,1
2020-11-17,Bac_Ninh,21.1861,106.0763,23.2,91,14.8,68,1011.6,1
2020-11-18,Bac_Ninh,21.1861,106.0763,24.8,86,13.8,61,1009.8,1
2020-11-19,Bac_Ninh,21.1861,106.0763,25.0,87,13.3,78,1009.4,1
2020-11-20,Bac_Ninh,21.1861,106.0763,24.7,87,14.1,77,1010.0,1
2020-11-21,Bac_Ninh,21.1861,106.0763,25.0,87,14.6,73,1010.7,1
2020-11-22,Bac_Ninh,21.1861,106.0763,24.3,91,12.0,83,1014.0,1
2020-11-23,Bac_Ninh,21.1861,106.0763,24.4,85,13.6,57,1016.1,1
2020-11-24,Bac_Ninh,21.1861,106.0763,23.1,79,13.5,60,1016.4,1
2020-11-25,Bac_Ninh,21.1861,106.0763,23.1,83,13.5,60,1015.9,1
2020-11-26,Bac_Ninh,21.1861,106.0763,23.5,80,10.7,50,1017.1,1
2020-11-27,Bac_Ninh,21.1861,106.0763,21.7,69,17.4,27,1019.6,0
2020-11-28,Bac_Ninh,21.1861,106.0763,19.0,61,19.7,65,1021.5,0
2020-11-29,Bac_Ninh,21.1861,106.0763,17.4,55,18.9,70,1022.0,0
2020-11-30,Bac_Ninh,21.1861,106.0763,17.7,54,19.2,28,1022.2,0
2020-12-01,Bac_Ninh,21.1861,106.0763,18.7,54,13.6,79,1021.2,0
2020-12-02,Bac_Ninh,21.1861,106.0763,18.7,61,13.4,92,1020.1,0
2020-12-03,Bac_Ninh,21.1861,106.0763,18.6,55,19.1,43,1020.8,0
2020-12-04,Bac_Ninh,21.1861,106.0763,16.1,53,20.3,44,1021.7,0
2020-12-05,Bac_Ninh,21.1861,106.0763,14.6,58,15.3,11,1021.9,0
2020-12-06,Bac_Ninh,21.1861,106.0763,15.3,67,11.1,7,1019.6,0
2020-12-07,Bac_Ninh,21.1861,106.0763,17.1,64,14.5,10,1020.9,0
2020-12-08,Bac_Ninh,21.1861,106.0763,17.0,62,16.0,14,1020.2,0
2020-12-09,Bac_Ninh,21.1861,106.0763,17.2,70,14.6,30,1016.4,0
2020-12-10,Bac_Ninh,21.1861,106.0763,18.7,71,10.4,33,1015.9,0
2020-12-11,Bac_Ninh,21.1861,106.0763,19.5,77,15.3,24,1014.1,0
2020-12-12,Bac_Ninh,21.1861,106.0763,20.3,81,13.6,75,1012.9,1
2020-12-13,Bac_Ninh,21.1861,106.0763,22.0,88,15.3,80,1010.0,1
2020-12-14,Bac_Ninh,21.1861,106.0763,18.1,88,22.9,93,1014.7,1
2020-12-15,Bac_Ninh,21.1861,106.0763,11.8,75,17.4,100,1021.3,1
2020-12-16,Bac_Ninh,21.1861,106.0763,11.7,66,16.8,100,1023.3,1
2020-12-17,Bac_Ninh,21.1861,106.0763,11.9,65,14.2,100,1021.8,1
2020-12-18,Bac_Ninh,21.1861,106.0763,12.3,58,17.9,81,1022.9,0
2020-12-19,Bac_Ninh,21.1861,106.0763,13.4,49,18.3,92,1024.9,0
2020-12-20,Bac_Ninh,21.1861,106.0763,14.0,44,19.5,59,1025.3,0
2020-12-21,Bac_Ninh,21.1861,106.0763,13.8,50,20.0,18,1023.0,0
2020-12-22,Bac_Ninh,21.1861,106.0763,15.7,52,11.3,74,1018.9,0
2020-12-23,Bac_Ninh,21.1861,106.0763,17.1,64,10.4,98,1016.4,0
2020-12-24,Bac_Ninh,21.1861,106.0763,17.6,66,11.5,84,1016.6,1
2020-12-25,Bac_Ninh,21.1861,106.0763,17.9,68,10.9,65,1016.5,0
2020-12-26,Bac_Ninh,21.1861,106.0763,18.4,82,8.4,67,1014.5,0
2020-12-27,Bac_Ninh,21.1861,106.0763,20.1,90,11.2,99,1013.3,1
2020-12-28,Bac_Ninh,21.1861,106.0763,21.0,90,16.5,82,1011.0,1
2020-12-29,Bac_Ninh,21.1861,106.0763,22.2,81,29.0,81,1012.6,1
2020-12-30,Bac_Ninh,21.1861,106.0763,15.9,43,31.2,96,1023.4,1
2020-12-31,Bac_Ninh,21.1861,106.0763,12.7,38,17.3,59,1025.8,0
2021-01-01,Bac_Ninh,21.1861,106.0763,11.9,46,13.1,45,1024.4,0
2021-01-02,Bac_Ninh,21.1861,106.0763,12.3,62,11.7,13,1020.8,0
2021-01-03,Bac_Ninh,21.1861,106.0763,13.6,63,9.0,68,1020.7,0
2021-01-04,Bac_Ninh,21.1861,106.0763,15.7,58,10.5,35,1019.6,0
2021-01-05,Bac_Ninh,21.1861,106.0763,16.1,67,9.4,79,1019.2,0
2021-01-06,Bac_Ninh,21.1861,106.0763,17.2,55,13.3,97,1018.0,0
2021-01-07,Bac_Ninh,21.1861,106.0763,13.6,61,18.2,100,1019.5,1
2021-01-08,Bac_Ninh,21.1861,106.0763,9.2,54,22.1,96,1025.1,1
2021-01-09,Bac_Ninh,21.1861,106.0763,9.9,40,14.7,97,1024.1,0
2021-01-10,Bac_Ninh,21.1861,106.0763,11.1,37,13.9,95,1023.1,0
2021-01-11,Bac_Ninh,21.1861,106.0763,11.6,30,23.3,65,1027.9,0
2021-01-12,Bac_Ninh,21.1861,106.0763,12.6,38,17.2,51,1024.9,0
2021-01-13,Bac_Ninh,21.1861,106.0763,14.5,51,15.8,27,1017.6,0
2021-01-14,Bac_Ninh,21.1861,106.0763,15.8,67,13.1,33,1015.9,0
2021-01-15,Bac_Ninh,21.1861,106.0763,16.1,80,11.4,62,1014.1,0
2021-01-16,Bac_Ninh,21.1861,106.0763,18.1,78,8.4,87,1014.8,1
2021-01-17,Bac_Ninh,21.1861,106.0763,14.9,63,26.8,100,1023.9,1
2021-01-18,Bac_Ninh,21.1861,106.0763,14.1,45,13.6,7,1023.1,0
2021-01-19,Bac_Ninh,21.1861,106.0763,14.2,71,15.9,0,1017.5,0
2021-01-20,Bac_Ninh,21.1861,106.0763,16.0,80,12.8,63,1015.4,0
2021-01-21,Bac_Ninh,21.1861,106.0763,18.1,78,10.6,86,1014.5,1
2021-01-22,Bac_Ninh,21.1861,106.0763,18.7,77,6.5,59,1014.1,0
2021-01-23,Bac_Ninh,21.1861,106.0763,19.0,76,12.0,52,1013.3,0
2021-01-24,Bac_Ninh,21.1861,106.0763,19.0,81,17.1,56,1012.1,0
2021-01-25,Bac_Ninh,21.1861,106.0763,20.5,85,16.5,86,1013.5,1
2021-01-26,Bac_Ninh,21.1861,106.0763,19.9,83,15.8,44,1014.9,1
2021-01-27,Bac_Ninh,21.1861,106.0763,18.9,82,14.9,79,1014.8,0
2021-01-28,Bac_Ninh,21.1861,106.0763,17.9,64,22.2,91,1020.2,1
2021-01-29,Bac_Ninh,21.1861,106.0763,18.2,59,14.3,67,1019.6,0
2021-01-30,Bac_Ninh,21.1861,106.0763,18.1,75,15.6,92,1018.3,1
2021-01-31,Bac_Ninh,21.1861,106.0763,18.8,81,18.8,90,1017.8,1
2021-02-01,Bac_Ninh,21.1861,106.0763,20.3,79,14.0,82,1016.8,1
2021-02-02,Bac_Ninh,21.1861,106.0763,19.3,85,12.6,48,1017.5,1
2021-02-03,Bac_Ninh,21.1861,106.0763,19.6,82,14.8,55,1018.0,0
2021-02-04,Bac_Ninh,21.1861,106.0763,19.8,81,13.2,52,1018.5,1
2021-02-05,Bac_Ninh,21.1861,106.0763,19.8,79,13.8,48,1017.0,1
2021-02-06,Bac_Ninh,21.1861,106.0763,19.8,77,14.3,43,1015.6,0
2021-02-07,Bac_Ninh,21.1861,106.0763,21.1,74,12.7,62,1014.8,0
2021-02-08,Bac_Ninh,21.1861,106.0763,20.5,82,12.8,72,1016.0,1
2021-02-09,Bac_Ninh,21.1861,106.0763,16.2,89,20.5,89,1016.0,1
2021-02-10,Bac_Ninh,21.1861,106.0763,17.2,73,13.9,22,1014.8,0
2021-02-11,Bac_Ninh,21.1861,106.0763,17.8,73,14.6,16,1015.0,0
2021-02-12,Bac_Ninh,21.1861,106.0763,18.6,75,11.1,42,1015.9,0
2021-02-13,Bac_Ninh,21.1861,106.0763,19.1,73,15.8,45,1015.5,0
2021-02-14,Bac_Ninh,21.1861,106.0763,20.1,75,13.3,52,1015.1,0
2021-02-15,Bac_Ninh,21.1861,106.0763,20.2,81,17.4,53,1012.4,1
2021-02-16,Bac_Ninh,21.1861,106.0763,20.7,81,15.4,74,1013.7,1
2021-02-17,Bac_Ninh,21.1861,106.0763,20.0,61,17.1,92,1018.8,1
2021-02-18,Bac_Ninh,21.1861,106.0763,20.4,67,8.9,82,1021.7,0
2021-02-19,Bac_Ninh,21.1861,106.0763,20.4,68,11.3,60,1021.4,0
2021-02-20,Bac_Ninh,21.1861,106.0763,19.9,67,12.4,19,1018.0,0
2021-02-21,Bac_Ninh,21.1861,106.0763,20.5,71,20.8,11,1014.2,0
2021-02-22,Bac_Ninh,21.1861,106.0763,21.2,79,16.3,74,1013.4,1
2021-02-23,Bac_Ninh,21.1861,106.0763,21.8,76,14.2,45,1012.8,0
2021-02-24,Bac_Ninh,21.1861,106.0763,21.8,78,21.6,57,1009.5,0
2021-02-25,Bac_Ninh,21.1861,106.0763,22.9,82,20.6,68,1005.9,1
2021-02-26,Bac_Ninh,21.1861,106.0763,23.3,81,19.6,84,1006.1,1
2021-02-27,Bac_Ninh,21.1861,106.0763,17.5,76,19.1,100,1011.0,1
2021-02-28,Bac_Ninh,21.1861,106.0763,18.8,93,9.2,100,1010.9,1
2021-03-01,Bac_Ninh,21.1861,106.0763,22.4,89,22.3,97,1012.8,1
2021-03-02,Bac_Ninh,21.1861,106.0763,18.4,58,20.7,100,1017.9,1
2021-03-03,Bac_Ninh,21.1861,106.0763,17.8,77,10.5,100,1017.2,1
2021-03-04,Bac_Ninh,21.1861,106.0763,18.2,85,9.0,100,1014.9,1
2021-03-05,Bac_Ninh,21.1861,106.0763,20.8,88,11.2,99,1011.3,1
2021-03-06,Bac_Ninh,21.1861,106.0763,23.9,85,13.8,70,1012.1,1
2021-03-07,Bac_Ninh,21.1861,106.0763,21.0,74,19.5,90,1015.7,1
2021-03-08,Bac_Ninh,21.1861,106.0763,22.2,85,16.9,82,1014.9,1
2021-03-09,Bac_Ninh,21.1861,106.0763,22.5,87,21.7,73,1014.6,1
2021-03-10,Bac_Ninh,21.1861,106.0763,22.9,84,22.5,65,1014.3,1
2021-03-11,Bac_Ninh,21.1861,106.0763,23.0,83,18.5,84,1015.4,1
2021-03-12,Bac_Ninh,21.1861,106.0763,23.0,83,16.3,65,1015.9,1
2021-03-13,Bac_Ninh,21.1861,106.0763,22.5,85,12.6,54,1015.5,1
2021-03-14,Bac_Ninh,21.1861,106.0763,22.2,83,15.3,61,1012.5,1
2021-03-15,Bac_Ninh,21.1861,106.0763,23.3,82,20.2,76,1009.8,1
2021-03-16,Bac_Ninh,21.1861,106.0763,23.2,87,19.7,84,1009.5,1
2021-03-17,Bac_Ninh,21.1861,106.0763,23.6,86,18.8,97,1009.2,1
2021-03-18,Bac_Ninh,21.1861,106.0763,24.0,85,16.6,89,1008.8,1
2021-03-19,Bac_Ninh,21.1861,106.0763,24.9,83,19.1,97,1007.5,1
2021-03-20,Bac_Ninh,21.1861,106.0763,24.8,86,19.0,98,1007.3,1
2021-03-21,Bac_Ninh,21.1861,106.0763,18.5,74,32.2,100,1014.9,1
2021-03-22,Bac_Ninh,21.1861,106.0763,16.7,53,22.7,73,1022.6,0
2021-03-23,Bac_Ninh,21.1861,106.0763,17.7,60,11.2,40,1019.1,0
2021-03-24,Bac_Ninh,21.1861,106.0763,19.4,76,14.3,61,1014.5,0
2021-03-25,Bac_Ninh,21.1861,106.0763,21.2,87,11.9,88,1012.3,1
2021-03-26,Bac_Ninh,21.1861,106.0763,22.7,92,19.4,94,1010.0,1
2021-03-27,Bac_Ninh,21.1861,106.0763,23.8,89,18.4,98,1007.8,1
2021-03-28,Bac_Ninh,21.1861,106.0763,24.0,90,18.2,98,1006.6,1
2021-03-29,Bac_Ninh,21.1861,106.0763,25.9,85,16.3,62,1002.9,1
2021-03-30,Bac_Ninh,21.1861,106.0763,27.1,82,15.8,58,1000.1,0
2021-03-31,Bac_Ninh,21.1861,106.0763,27.7,78,18.2,37,999.7,0
2021-04-01,Bac_Ninh,21.1861,106.0763,26.9,82,17.1,22,1001.5,0
2021-04-02,Bac_Ninh,21.1861,106.0763,26.5,85,18.1,74,1004.6,1
2021-04-03,Bac_Ninh,21.1861,106.0763,25.3,90,13.2,97,1008.2,1
2021-04-04,Bac_Ninh,21.1861,106.0763,24.0,87,17.4,82,1011.1,1
2021-04-05,Bac_Ninh,21.1861,106.0763,22.8,82,12.6,71,1013.7,1
2021-04-06,Bac_Ninh,21.1861,106.0763,23.3,84,18.3,77,1013.9,1
2021-04-07,Bac_Ninh,21.1861,106.0763,24.3,86,13.0,66,1011.8,1
2021-04-08,Bac_Ninh,21.1861,106.0763,24.0,87,20.9,78,1010.4,1
2021-04-09,Bac_Ninh,21.1861,106.0763,20.7,73,19.1,100,1013.6,1
2021-04-10,Bac_Ninh,21.1861,106.0763,21.3,85,10.6,100,1014.8,1
2021-04-11,Bac_Ninh,21.1861,106.0763,24.5,85,18.0,83,1013.8,1
2021-04-12,Bac_Ninh,21.1861,106.0763,24.9,87,18.9,95,1012.1,1
2021-04-13,Bac_Ninh,21.1861,106.0763,25.3,85,16.7,100,1010.5,1
2021-04-14,Bac_Ninh,21.1861,106.0763,25.6,85,17.1,99,1008.8,1
2021-04-15,Bac_Ninh,21.1861,106.0763,25.5,88,19.9,96,1007.7,1
2021-04-16,Bac_Ninh,21.1861,106.0763,25.6,86,18.5,99,1009.2,1
2021-04-17,Bac_Ninh,21.1861,106.0763,22.1,90,16.9,100,1013.2,1
2021-04-18,Bac_Ninh,21.1861,106.0763,22.8,84,8.8,98,1011.5,1
2021-04-19,Bac_Ninh,21.1861,106.0763,25.3,87,16.8,65,1007.2,1
2021-04-20,Bac_Ninh,21.1861,106.0763,26.5,87,20.4,64,1006.1,1
2021-04-21,Bac_Ninh,21.1861,106.0763,26.9,87,18.9,80,1006.9,1
2021-04-22,Bac_Ninh,21.1861,106.0763,27.0,85,18.1,66,1006.4,1
2021-04-23,Bac_Ninh,21.1861,106.0763,27.5,84,20.3,58,1004.2,1
2021-04-24,Bac_Ninh,21.1861,106.0763,28.0,85,19.8,68,1004.1,1
2021-04-25,Bac_Ninh,21.1861,106.0763,26.4,90,18.0,98,1006.9,1
2021-04-26,Bac_Ninh,21.1861,106.0763,22.8,91,20.5,100,1009.4,1
2021-04-27,Bac_Ninh,21.1861,106.0763,22.5,84,12.3,100,1012.1,1
2021-04-28,Bac_Ninh,21.1861,106.0763,22.8,87,16.6,97,1013.7,1
2021-04-29,Bac_Ninh,21.1861,106.0763,21.4,80,14.7,92,1014.2,1
2021-04-30,Bac_Ninh,21.1861,106.0763,23.1,82,13.9,50,1010.8,0
2021-05-01,Bac_Ninh,21.1861,106.0763,24.8,85,12.5,82,1010.1,1
2021-05-02,Bac_Ninh,21.1861,106.0763,25.9,92,15.1,93,1008.6,1
2021-05-03,Bac_Ninh,21.1861,106.0763,27.1,86,22.3,63,1006.1,1
2021-05-04,Bac_Ninh,21.1861,106.0763,28.1,82,18.9,59,1006.0,0
2021-05-05,Bac_Ninh,21.1861,106.0763,25.3,92,12.0,98,1010.0,1
2021-05-06,Bac_Ninh,21.1861,106.0763,25.8,84,14.0,92,1011.4,0
2021-05-07,Bac_Ninh,21.1861,106.0763,27.3,84,17.7,59,1009.9,1
2021-05-08,Bac_Ninh,21.1861,106.0763,27.2,84,15.1,73,1007.4,1
2021-05-09,Bac_Ninh,21.1861,106.0763,28.0,83,16.1,64,1005.2,1
2021-05-10,Bac_Ninh,21.1861,106.0763,29.4,81,18.7,35,1003.6,0
2021-05-11,Bac_Ninh,21.1861,106.0763,30.0,78,17.1,50,1002.4,0
2021-05-12,Bac_Ninh,21.1861,106.0763,30.1,78,18.5,43,1002.3,1
2021-05-13,Bac_Ninh,21.1861,106.0763,28.9,83,17.3,56,1003.1,1
2021-05-14,Bac_Ninh,21.1861,106.0763,29.1,82,23.5,52,1003.0,1
2021-05-15,Bac_Ninh,21.1861,106.0763,30.2,78,20.9,62,1003.2,1
2021-05-16,Bac_Ninh,21.1861,106.0763,30.5,77,18.7,54,1003.4,0
2021-05-17,Bac_Ninh,21.1861,106.0763,29.7,80,20.0,42,1004.8,1
2021-05-18,Bac_Ninh,21.1861,106.0763,29.5,82,19.2,62,1004.5,1
2021-05-19,Bac_Ninh,21.1861,106.0763,30.7,76,21.3,71,1002.0,1
2021-05-20,Bac_Ninh,21.1861,106.0763,30.8,76,17.4,93,1002.4,1
2021-05-21,Bac_Ninh,21.1861,106.0763,30.7,76,18.1,74,1001.8,1
2021-05-22,Bac_Ninh,21.1861,106.0763,31.5,73,20.1,60,1000.3,1
2021-05-23,Bac_Ninh,21.1861,106.0763,30.4,79,19.2,82,1002.4,1
2021-05-24,Bac_Ninh,21.1861,106.0763,27.7,76,19.1,93,1007.5,1
2021-05-25,Bac_Ninh,21.1861,106.0763,26.0,83,17.0,83,1007.3,1
2021-05-26,Bac_Ninh,21.1861,106.0763,27.8,85,17.5,75,1005.4,1
2021-05-27,Bac_Ninh,21.1861,106.0763,28.6,85,15.9,61,1006.3,1
2021-05-28,Bac_Ninh,21.1861,106.0763,28.8,83,14.9,88,1006.4,1
2021-05-29,Bac_Ninh,21.1861,106.0763,30.3,79,18.1,83,1003.8,1
2021-05-30,Bac_Ninh,21.1861,106.0763,31.6,73,13.6,99,1001.3,1
2021-05-31,Bac_Ninh,21.1861,106.0763,31.9,72,14.7,94,999.5,0
2021-06-01,Bac_Ninh,21.1861,106.0763,33.0,68,17.1,88,999.6,0
2021-06-02,Bac_Ninh,21.1861,106.0763,32.6,70,16.9,100,1000.4,0
2021-06-03,Bac_Ninh,21.1861,106.0763,33.0,69,17.8,90,1000.5,1
2021-06-04,Bac_Ninh,21.1861,106.0763,26.7,73,21.9,89,1005.5,1
2021-06-05,Bac_Ninh,21.1861,106.0763,27.5,71,9.4,75,1004.6,0
2021-06-06,Bac_Ninh,21.1861,106.0763,28.6,79,14.7,62,1002.6,1
2021-06-07,Bac_Ninh,21.1861,106.0763,28.5,81,14.9,79,1003.4,1
2021-06-08,Bac_Ninh,21.1861,106.0763,27.3,89,12.5,95,1004.3,1
2021-06-09,Bac_Ninh,21.1861,106.0763,27.1,90,10.8,97,1003.1,1
2021-06-10,Bac_Ninh,21.1861,106.0763,27.7,88,9.4,99,1001.7,1
2021-06-11,Bac_Ninh,21.1861,106.0763,27.4,89,13.9,95,1002.3,1
2021-06-12,Bac_Ninh,21.1861,106.0763,28.2,84,19.3,99,1001.3,1
2021-06-13,Bac_Ninh,21.1861,106.0763,27.2,87,24.2,86,1000.6,1
2021-06-14,Bac_Ninh,21.1861,106.0763,28.8,81,16.4,48,999.9,1
2021-06-15,Bac_Ninh,21.1861,106.0763,30.0,71,14.6,55,998.3,1
2021-06-16,Bac_Ninh,21.1861,106.0763,31.2,70,16.0,84,1000.0,0
2021-06-17,Bac_Ninh,21.1861,106.0763,31.8,67,15.6,65,1001.7,0
2021-06-18,Bac_Ninh,21.1861,106.0763,31.9,68,15.8,8,1001.8,0
2021-06-19,Bac_Ninh,21.1861,106.0763,32.6,63,15.1,51,999.6,0
2021-06-20,Bac_Ninh,21.1861,106.0763,33.1,61,14.0,63,997.8,0
2021-06-21,Bac_Ninh,21.1861,106.0763,33.1,65,11.2,95,998.2,0
2021-06-22,Bac_Ninh,21.1861,106.0763,30.9,75,15.1,99,1001.8,1
2021-06-23,Bac_Ninh,21.1861,106.0763,29.3,81,12.0,100,1002.5,1
2021-06-24,Bac_Ninh,21.1861,106.0763,29.4,84,10.3,97,1001.2,1
2021-06-25,Bac_Ninh,21.1861,106.0763,28.8,86,13.3,89,1001.1,1
2021-06-26,Bac_Ninh,21.1861,106.0763,30.0,79,13.9,88,1001.9,1
2021-06-27,Bac_Ninh,21.1861,106.0763,31.8,67,16.6,86,1000.7,0
2021-06-28,Bac_Ninh,21.1861,106.0763,32.0,65,15.5,97,998.4,0
2021-06-29,Bac_Ninh,21.1861,106.0763,31.1,73,11.3,100,998.6,1
2021-06-30,Bac_Ninh,21.1861,106.0763,31.3,69,15.5,100,999.1,1
2021-07-01,Bac_Ninh,21.1861,106.0763,31.6,64,15.9,99,999.4,0
2021-07-02,Bac_Ninh,21.1861,106.0763,32.2,63,15.0,99,1000.6,1
2021-07-03,Bac_Ninh,21.1861,106.0763,31.8,70,11.7,98,1000.8,0
2021-07-04,Bac_Ninh,21.1861,106.0763,31.7,73,16.7,93,1001.4,1
2021-07-05,Bac_Ninh,21.1861,106.0763,30.5,78,17.6,88,1002.9,1
2021-07-06,Bac_Ninh,21.1861,106.0763,29.8,79,12.2,48,1002.8,1
2021-07-07,Bac_Ninh,21.1861,106.0763,29.1,83,13.0,65,1003.0,1
2021-07-08,Bac_Ninh,21.1861,106.0763,27.4,88,22.4,89,1004.8,1
2021-07-09,Bac_Ninh,21.1861,106.0763,27.9,85,16.6,52,1007.0,1
2021-07-10,Bac_Ninh,21.1861,106.0763,28.2,83,13.4,48,1007.3,1
2021-07-11,Bac_Ninh,21.1861,106.0763,28.8,81,15.4,66,1008.0,1
2021-07-12,Bac_Ninh,21.1861,106.0763,29.7,76,18.0,17,1006.8,1
2021-07-13,Bac_Ninh,21.1861,106.0763,29.9,79,18.2,34,1004.6,1
2021-07-14,Bac_Ninh,21.1861,106.0763,30.3,76,17.5,27,1004.2,1
2021-07-15,Bac_Ninh,21.1861,106.0763,29.7,76,15.3,24,1005.8,1
2021-07-16,Bac_Ninh,21.1861,106.0763,30.3,74,13.4,40,1006.2,1
2021-07-17,Bac_Ninh,21.1861,106.0763,30.5,75,17.1,68,1002.7,0
2021-07-18,Bac_Ninh,21.1861,106.0763,29.1,83,13.2,97,1000.4,1
2021-07-19,Bac_Ninh,21.1861,106.0763,28.5,87,15.8,95,1000.7,1
2021-07-20,Bac_Ninh,21.1861,106.0763,27.3,89,13.2,99,1001.3,1
2021-07-21,Bac_Ninh,21.1861,106.0763,28.4,85,12.6,98,1000.1,1
2021-07-22,Bac_Ninh,21.1861,106.0763,27.7,91,7.8,100,998.6,1
2021-07-23,Bac_Ninh,21.1861,106.0763,26.4,94,16.6,99,996.8,1
2021-07-24,Bac_Ninh,21.1861,106.0763,28.7,85,12.9,69,997.2,1
2021-07-25,Bac_Ninh,21.1861,106.0763,28.9,87,15.4,62,998.5,1
2021-07-26,Bac_Ninh,21.1861,106.0763,29.1,84,8.7,60,998.0,1
2021-07-27,Bac_Ninh,21.1861,106.0763,30.0,82,9.7,71,996.4,1
2021-07-28,Bac_Ninh,21.1861,106.0763,29.6,87,9.4,89,996.4,1
2021-07-29,Bac_Ninh,21.1861,106.0763,28.8,89,7.6,99,997.9,1
2021-07-30,Bac_Ninh,21.1861,106.0763,29.7,85,12.7,94,998.5,1
2021-07-31,Bac_Ninh,21.1861,106.0763,30.5,83,12.0,93,997.4,1
2021-08-01,Bac_Ninh,21.1861,106.0763,26.7,94,12.8,100,997.8,1
2021-08-02,Bac_Ninh,21.1861,106.0763,28.9,84,9.4,86,997.4,1
2021-08-03,Bac_Ninh,21.1861,106.0763,29.6,85,15.1,88,998.3,1
2021-08-04,Bac_Ninh,21.1861,106.0763,30.8,80,9.7,70,998.4,1
2021-08-05,Bac_Ninh,21.1861,106.0763,31.6,79,10.7,84,996.9,0
2021-08-06,Bac_Ninh,21.1861,106.0763,31.9,76,10.1,99,997.5,0
2021-08-07,Bac_Ninh,21.1861,106.0763,32.1,70,10.5,99,998.8,0
2021-08-08,Bac_Ninh,21.1861,106.0763,31.4,80,8.6,98,1000.0,0
2021-08-09,Bac_Ninh,21.1861,106.0763,30.0,85,9.9,97,1000.5,1
2021-08-10,Bac_Ninh,21.1861,106.0763,27.8,91,14.0,100,1000.8,1
2021-08-11,Bac_Ninh,21.1861,106.0763,27.6,92,16.6,99,1003.3,1
2021-08-12,Bac_Ninh,21.1861,106.0763,28.7,86,11.6,96,1004.3,1
2021-08-13,Bac_Ninh,21.1861,106.0763,29.9,80,13.0,85,1000.7,1
2021-08-14,Bac_Ninh,21.1861,106.0763,29.3,85,9.2,100,1000.0,1
2021-08-15,Bac_Ninh,21.1861,106.0763,27.2,92,11.2,97,1004.1,1
2021-08-16,Bac_Ninh,21.1861,106.0763,28.5,84,12.6,90,1007.6,1
2021-08-17,Bac_Ninh,21.1861,106.0763,29.3,82,11.2,51,1006.9,1
2021-08-18,Bac_Ninh,21.1861,106.0763,29.3,87,13.5,72,1004.9,1
2021-08-19,Bac_Ninh,21.1861,106.0763,28.3,86,13.4,84,1005.1,1
2021-08-20,Bac_Ninh,21.1861,106.0763,28.8,86,14.2,54,1006.3,1
2021-08-21,Bac_Ninh,21.1861,106.0763,29.5,84,16.2,78,1005.3,1
2021-08-22,Bac_Ninh,21.1861,106.0763,30.5,81,17.7,54,1002.7,1
2021-08-23,Bac_Ninh,21.1861,106.0763,30.2,82,19.2,88,1001.7,1
2021-08-24,Bac_Ninh,21.1861,106.0763,29.2,87,15.7,100,1002.7,1
2021-08-25,Bac_Ninh,21.1861,106.0763,28.7,85,15.3,80,1004.2,1
2021-08-26,Bac_Ninh,21.1861,106.0763,27.7,88,17.3,72,1006.8,1
2021-08-27,Bac_Ninh,21.1861,106.0763,26.9,89,9.0,88,1008.4,1
2021-08-28,Bac_Ninh,21.1861,106.0763,26.2,89,10.6,81,1008.4,1
2021-08-29,Bac_Ninh,21.1861,106.0763,26.9,87,13.0,46,1008.1,1
2021-08-30,Bac_Ninh,21.1861,106.0763,27.6,85,11.7,85,1008.5,1
2021-08-31,Bac_Ninh,21.1861,106.0763,27.8,86,10.7,49,1008.4,1
2021-09-01,Bac_Ninh,21.1861,106.0763,28.1,85,9.7,67,1007.4,1
2021-09-02,Bac_Ninh,21.1861,106.0763,27.0,88,8.7,89,1006.3,1
2021-09-03,Bac_Ninh,21.1861,106.0763,27.5,87,11.9,63,1004.3,1
2021-09-04,Bac_Ninh,21.1861,106.0763,27.8,86,12.8,62,1004.4,1
2021-09-05,Bac_Ninh,21.1861,106.0763,26.9,90,12.0,77,1007.1,1
2021-09-06,Bac_Ninh,21.1861,106.0763,27.8,88,7.9,69,1008.9,1
2021-09-07,Bac_Ninh,21.1861,106.0763,27.6,87,14.9,78,1008.4,1
2021-09-08,Bac_Ninh,21.1861,106.0763,27.0,86,17.1,75,1007.2,1
2021-09-09,Bac_Ninh,21.1861,106.0763,26.7,89,11.6,55,1008.3,1
2021-09-10,Bac_Ninh,21.1861,106.0763,28.2,81,11.4,82,1007.1,0
2021-09-11,Bac_Ninh,21.1861,106.0763,29.4,79,10.1,60,1004.1,1
2021-09-12,Bac_Ninh,21.1861,106.0763,30.4,81,10.2,67,1001.4,0
2021-09-13,Bac_Ninh,21.1861,106.0763,28.8,87,14.6,77,1004.4,1
2021-09-14,Bac_Ninh,21.1861,106.0763,26.6,92,10.0,99,1008.6,1
2021-09-15,Bac_Ninh,21.1861,106.0763,26.7,90,9.3,98,1010.0,1
2021-09-16,Bac_Ninh,21.1861,106.0763,27.0,88,13.2,87,1008.8,1
2021-09-17,Bac_Ninh,21.1861,106.0763,27.5,87,15.1,87,1007.2,1
2021-09-18,Bac_Ninh,21.1861,106.0763,28.1,87,14.0,67,1007.7,1
2021-09-19,Bac_Ninh,21.1861,106.0763,28.4,83,14.8,56,1008.0,1
2021-09-20,Bac_Ninh,21.1861,106.0763,27.8,88,9.1,69,1008.3,1
2021-09-21,Bac_Ninh,21.1861,106.0763,27.8,87,8.2,50,1007.8,1
2021-09-22,Bac_Ninh,21.1861,106.0763,26.2,92,9.7,78,1008.0,1
2021-09-23,Bac_Ninh,21.1861,106.0763,26.8,90,9.6,75,1009.6,1
2021-09-24,Bac_Ninh,21.1861,106.0763,26.0,92,13.0,81,1010.0,1
2021-09-25,Bac_Ninh,21.1861,106.0763,26.4,90,11.0,82,1009.8,1
2021-09-26,Bac_Ninh,21.1861,106.0763,26.0,91,14.8,75,1010.2,1
2021-09-27,Bac_Ninh,21.1861,106.0763,26.2,91,7.9,78,1009.8,1
2021-09-28,Bac_Ninh,21.1861,106.0763,27.5,84,11.1,32,1008.3,0
2021-09-29,Bac_Ninh,21.1861,106.0763,28.2,83,12.2,32,1007.1,1
2021-09-30,Bac_Ninh,21.1861,106.0763,28.6,82,11.3,23,1007.1,0
2021-10-01,Bac_Ninh,21.1861,106.0763,28.3,84,8.7,49,1007.3,1
2021-10-02,Bac_Ninh,21.1861,106.0763,28.0,80,8.7,69,1008.2,1
2021-10-03,Bac_Ninh,21.1861,106.0763,27.5,81,10.1,55,1008.8,1
2021-10-04,Bac_Ninh,21.1861,106.0763,27.3,87,10.4,33,1009.6,1
2021-10-05,Bac_Ninh,21.1861,106.0763,27.1,85,9.8,49,1009.5,1
2021-10-06,Bac_Ninh,21.1861,106.0763,27.6,85,6.1,50,1006.7,1
2021-10-07,Bac_Ninh,21.1861,106.0763,28.7,75,14.8,58,1003.8,1
2021-10-08,Bac_Ninh,21.1861,106.0763,28.7,60,24.1,67,1003.0,0
2021-10-09,Bac_Ninh,21.1861,106.0763,25.0,78,20.0,100,1002.9,1
2021-10-10,Bac_Ninh,21.1861,106.0763,23.4,91,23.2,100,1001.5,1
2021-10-11,Bac_Ninh,21.1861,106.0763,22.8,84,28.1,95,1006.8,1
2021-10-12,Bac_Ninh,21.1861,106.0763,23.7,65,30.2,52,1008.0,0
2021-10-13,Bac_Ninh,21.1861,106.0763,23.1,72,27.2,99,1004.5,1
2021-10-14,Bac_Ninh,21.1861,106.0763,21.7,80,31.5,100,1004.7,1
2021-10-15,Bac_Ninh,21.1861,106.0763,21.7,88,17.2,100,1009.6,1
2021-10-16,Bac_Ninh,21.1861,106.0763,21.4,73,27.6,100,1015.2,1
2021-10-17,Bac_Ninh,21.1861,106.0763,21.2,63,25.4,94,1018.2,1
2021-10-18,Bac_Ninh,21.1861,106.0763,19.1,86,15.8,100,1017.1,1
2021-10-19,Bac_Ninh,21.1861,106.0763,21.9,90,10.2,96,1015.7,1
2021-10-20,Bac_Ninh,21.1861,106.0763,25.9,85,16.4,73,1012.2,0
2021-10-21,Bac_Ninh,21.1861,106.0763,21.7,79,26.4,99,1014.3,1
2021-10-22,Bac_Ninh,21.1861,106.0763,19.4,60,18.0,100,1019.5,0
2021-10-23,Bac_Ninh,21.1861,106.0763,19.5,63,15.6,76,1020.0,0
2021-10-24,Bac_Ninh,21.1861,106.0763,20.1,68,14.1,26,1019.0,0
2021-10-25,Bac_Ninh,21.1861,106.0763,21.1,74,13.5,4,1015.9,0
2021-10-26,Bac_Ninh,21.1861,106.0763,22.1,78,7.9,30,1014.5,0
2021-10-27,Bac_Ninh,21.1861,106.0763,23.1,74,14.2,48,1015.2,0
2021-10-28,Bac_Ninh,21.1861,106.0763,22.1,83,13.7,97,1015.8,1
2021-10-29,Bac_Ninh,21.1861,106.0763,21.7,94,16.1,100,1016.2,1
2021-10-30,Bac_Ninh,21.1861,106.0763,20.4,88,14.7,100,1017.2,1
2021-10-31,Bac_Ninh,21.1861,106.0763,21.4,89,10.1,100,1016.0,1
2021-11-01,Bac_Ninh,21.1861,106.0763,22.0,86,12.8,100,1015.9,1
2021-11-02,Bac_Ninh,21.1861,106.0763,21.7,88,12.6,99,1016.0,1
2021-11-03,Bac_Ninh,21.1861,106.0763,23.4,86,9.7,70,1014.0,1
2021-11-04,Bac_Ninh,21.1861,106.0763,25.0,84,14.6,50,1011.5,1
2021-11-05,Bac_Ninh,21.1861,106.0763,26.1,83,17.7,66,1008.7,1
2021-11-06,Bac_Ninh,21.1861,106.0763,26.0,85,15.1,56,1006.7,1
2021-11-07,Bac_Ninh,21.1861,106.0763,25.5,86,29.1,71,1010.1,1
2021-11-08,Bac_Ninh,21.1861,106.0763,17.5,61,31.8,96,1019.4,1
2021-11-09,Bac_Ninh,21.1861,106.0763,17.8,54,11.6,12,1019.5,0
2021-11-10,Bac_Ninh,21.1861,106.0763,18.1,58,14.7,18,1019.1,0
2021-11-11,Bac_Ninh,21.1861,106.0763,19.1,65,10.9,66,1016.2,0
2021-11-12,Bac_Ninh,21.1861,106.0763,20.7,64,16.6,96,1018.1,0
2021-11-13,Bac_Ninh,21.1861,106.0763,20.0,60,14.9,78,1018.1,0
2021-11-14,Bac_Ninh,21.1861,106.0763,19.6,67,12.8,47,1016.7,0
2021-11-15,Bac_Ninh,21.1861,106.0763,20.8,76,12.5,83,1014.5,0
2021-11-16,Bac_Ninh,21.1861,106.0763,21.2,83,5.4,89,1014.3,1
2021-11-17,Bac_Ninh,21.1861,106.0763,21.0,76,20.0,100,1016.1,1
2021-11-18,Bac_Ninh,21.1861,106.0763,19.5,68,13.6,83,1014.5,0
2021-11-19,Bac_Ninh,21.1861,106.0763,20.5,82,13.9,82,1009.6,1
2021-11-20,Bac_Ninh,21.1861,106.0763,23.4,86,14.7,71,1008.2,1
2021-11-21,Bac_Ninh,21.1861,106.0763,24.4,87,20.1,76,1010.9,1
2021-11-22,Bac_Ninh,21.1861,106.0763,18.9,66,24.3,96,1017.6,1
2021-11-23,Bac_Ninh,21.1861,106.0763,16.7,57,17.1,97,1020.9,0
2021-11-24,Bac_Ninh,21.1861,106.0763,17.4,59,13.7,84,1020.5,1
2021-11-25,Bac_Ninh,21.1861,106.0763,17.7,75,10.2,33,1018.2,1
2021-11-26,Bac_Ninh,21.1861,106.0763,19.1,70,11.8,42,1018.0,0
2021-11-27,Bac_Ninh,21.1861,106.0763,20.2,62,12.4,32,1018.9,0
2021-11-28,Bac_Ninh,21.1861,106.0763,19.3,68,9.0,26,1018.4,0
2021-11-29,Bac_Ninh,21.1861,106.0763,20.3,69,9.7,77,1017.1,0
2021-11-30,Bac_Ninh,21.1861,106.0763,20.5,56,22.3,55,1019.9,0
2021-12-01,Bac_Ninh,21.1861,106.0763,17.3,55,14.5,49,1021.2,0
2021-12-02,Bac_Ninh,21.1861,106.0763,15.8,59,11.8,57,1021.5,0
2021-12-03,Bac_Ninh,21.1861,106.0763,16.2,61,11.6,48,1021.3,0
2021-12-04,Bac_Ninh,21.1861,106.0763,16.2,64,9.7,18,1020.7,0
2021-12-05,Bac_Ninh,21.1861,106.0763,17.0,63,12.1,0,1020.3,0
2021-12-06,Bac_Ninh,21.1861,106.0763,16.8,64,10.5,2,1019.7,0
2021-12-07,Bac_Ninh,21.1861,106.0763,16.5,64,12.7,0,1019.5,0
2021-12-08,Bac_Ninh,21.1861,106.0763,17.9,67,9.0,49,1020.1,0
2021-12-09,Bac_Ninh,21.1861,106.0763,19.7,78,9.7,96,1020.9,1
2021-12-10,Bac_Ninh,21.1861,106.0763,20.4,77,15.3,59,1018.3,0
2021-12-11,Bac_Ninh,21.1861,106.0763,20.2,81,13.0,45,1018.5,0
2021-12-12,Bac_Ninh,21.1861,106.0763,19.5,74,24.8,40,1020.9,1
2021-12-13,Bac_Ninh,21.1861,106.0763,17.4,63,18.0,57,1021.2,0
2021-12-14,Bac_Ninh,21.1861,106.0763,17.4,74,10.5,33,1016.9,0
2021-12-15,Bac_Ninh,21.1861,106.0763,18.2,89,8.4,66,1013.6,1
2021-12-16,Bac_Ninh,21.1861,106.0763,20.0,90,8.7,82,1014.2,1
2021-12-17,Bac_Ninh,21.1861,106.0763,20.9,64,20.9,52,1018.6,0
2021-12-18,Bac_Ninh,21.1861,106.0763,17.8,49,16.9,24,1021.5,0
2021-12-19,Bac_Ninh,21.1861,106.0763,17.0,46,14.8,49,1020.9,0
2021-12-20,Bac_Ninh,21.1861,106.0763,18.2,50,18.2,95,1016.5,0
2021-12-21,Bac_Ninh,21.1861,106.0763,18.8,59,11.0,62,1016.2,0
2021-12-22,Bac_Ninh,21.1861,106.0763,18.1,70,12.2,8,1015.6,0
2021-12-23,Bac_Ninh,21.1861,106.0763,18.6,76,13.0,9,1014.3,0
2021-12-24,Bac_Ninh,21.1861,106.0763,19.7,83,7.6,82,1014.8,1
2021-12-25,Bac_Ninh,21.1861,106.0763,20.1,84,13.4,70,1017.8,1
2021-12-26,Bac_Ninh,21.1861,106.0763,17.3,68,24.0,100,1021.6,1
2021-12-27,Bac_Ninh,21.1861,106.0763,11.6,59,17.7,100,1026.1,1
2021-12-28,Bac_Ninh,21.1861,106.0763,13.2,63,10.3,100,1023.7,0
2021-12-29,Bac_Ninh,21.1861,106.0763,14.8,67,11.7,100,1023.1,1
2021-12-30,Bac_Ninh,21.1861,106.0763,15.9,64,13.7,100,1024.6,0
2021-12-31,Bac_Ninh,21.1861,106.0763,16.2,68,12.1,96,1023.6,1
2022-01-01,Bac_Ninh,21.1861,106.0763,16.7,72,16.2,87,1023.0,0
2022-01-02,Bac_Ninh,21.1861,106.0763,17.3,71,11.3,63,1021.3,0
2022-01-03,Bac_Ninh,21.1861,106.0763,17.8,78,9.6,59,1018.7,0
2022-01-04,Bac_Ninh,21.1861,106.0763,18.1,85,15.0,62,1016.6,1
2022-01-05,Bac_Ninh,21.1861,106.0763,19.6,87,10.0,68,1014.9,1
2022-01-06,Bac_Ninh,21.1861,106.0763,20.6,84,12.7,63,1016.0,1
2022-01-07,Bac_Ninh,21.1861,106.0763,19.9,81,18.3,75,1017.9,1
2022-01-08,Bac_Ninh,21.1861,106.0763,19.5,75,14.9,97,1017.1,0
2022-01-09,Bac_Ninh,21.1861,106.0763,14.6,80,15.8,100,1017.0,1
2022-01-10,Bac_Ninh,21.1861,106.0763,15.8,83,20.9,100,1016.0,1
2022-01-11,Bac_Ninh,21.1861,106.0763,15.6,65,19.0,83,1020.1,1
2022-01-12,Bac_Ninh,21.1861,106.0763,16.1,78,11.4,75,1018.3,0
2022-01-13,Bac_Ninh,21.1861,106.0763,15.7,76,14.2,100,1019.9,1
2022-01-14,Bac_Ninh,21.1861,106.0763,17.2,75,12.0,82,1017.3,0
2022-01-15,Bac_Ninh,21.1861,106.0763,18.4,88,8.3,89,1015.9,1
2022-01-16,Bac_Ninh,21.1861,106.0763,19.0,88,24.0,91,1016.5,1
2022-01-17,Bac_Ninh,21.1861,106.0763,14.3,80,16.4,100,1020.4,1
2022-01-18,Bac_Ninh,21.1861,106.0763,16.2,69,13.7,39,1020.6,0
2022-01-19,Bac_Ninh,21.1861,106.0763,15.6,72,14.7,45,1018.2,0
2022-01-20,Bac_Ninh,21.1861,106.0763,15.8,85,8.7,86,1015.5,1
2022-01-21,Bac_Ninh,21.1861,106.0763,17.2,92,8.9,100,1013.9,1
2022-01-22,Bac_Ninh,21.1861,106.0763,19.2,91,8.7,89,1010.0,1
2022-01-23,Bac_Ninh,21.1861,106.0763,20.9,90,11.0,74,1009.4,1
2022-01-24,Bac_Ninh,21.1861,106.0763,21.8,86,18.5,71,1010.6,1
2022-01-25,Bac_Ninh,21.1861,106.0763,20.7,82,18.1,75,1012.6,1
2022-01-26,Bac_Ninh,21.1861,106.0763,20.8,85,17.4,84,1012.8,1
2022-01-27,Bac_Ninh,21.1861,106.0763,21.6,86,19.5,74,1012.7,1
2022-01-28,Bac_Ninh,21.1861,106.0763,21.8,83,19.2,74,1012.1,1
2022-01-29,Bac_Ninh,21.1861,106.0763,15.4,80,20.0,100,1012.8,1
2022-01-30,Bac_Ninh,21.1861,106.0763,12.3,69,15.4,100,1016.3,1
2022-01-31,Bac_Ninh,21.1861,106.0763,11.6,80,19.8,100,1017.6,1
2022-02-01,Bac_Ninh,21.1861,106.0763,11.9,71,12.2,100,1018.1,0
2022-02-02,Bac_Ninh,21.1861,106.0763,11.5,77,16.2,100,1019.0,1
2022-02-03,Bac_Ninh,21.1861,106.0763,12.3,67,11.3,70,1019.5,0
2022-02-04,Bac_Ninh,21.1861,106.0763,13.1,64,15.9,90,1021.3,0
2022-02-05,Bac_Ninh,21.1861,106.0763,14.1,67,13.4,100,1021.3,1
2022-02-06,Bac_Ninh,21.1861,106.0763,14.0,90,7.7,100,1017.8,1
2022-02-07,Bac_Ninh,21.1861,106.0763,17.6,86,7.4,100,1013.6,1
2022-02-08,Bac_Ninh,21.1861,106.0763,16.1,86,14.8,100,1014.8,1
2022-02-09,Bac_Ninh,21.1861,106.0763,12.5,84,14.2,100,1017.4,1
2022-02-10,Bac_Ninh,21.1861,106.0763,14.4,84,6.8,100,1015.0,1
2022-02-11,Bac_Ninh,21.1861,106.0763,17.3,89,10.5,100,1013.7,1
2022-02-12,Bac_Ninh,21.1861,106.0763,15.7,90,13.2,100,1013.2,1
2022-02-13,Bac_Ninh,21.1861,106.0763,13.2,86,20.8,100,1013.9,1
2022-02-14,Bac_Ninh,21.1861,106.0763,15.3,71,13.5,57,1016.5,1
2022-02-15,Bac_Ninh,21.1861,106.0763,15.6,84,10.0,90,1015.4,1
2022-02-16,Bac_Ninh,21.1861,106.0763,17.0,89,5.5,100,1011.4,1
2022-02-17,Bac_Ninh,21.1861,106.0763,20.2,90,12.7,100,1008.3,1
2022-02-18,Bac_Ninh,21.1861,106.0763,21.3,95,17.7,100,1008.8,1
2022-02-19,Bac_Ninh,21.1861,106.0763,11.6,84,24.9,100,1016.2,1
2022-02-20,Bac_Ninh,21.1861,106.0763,8.1,83,18.2,100,1021.8,1
2022-02-21,Bac_Ninh,21.1861,106.0763,10.1,68,17.1,89,1022.6,0
2022-02-22,Bac_Ninh,21.1861,106.0763,10.9,60,20.0,100,1023.8,0
2022-02-23,Bac_Ninh,21.1861,106.0763,11.8,55,16.3,16,1025.7,0
2022-02-24,Bac_Ninh,21.1861,106.0763,12.2,63,13.3,14,1025.7,0
2022-02-25,Bac_Ninh,21.1861,106.0763,13.4,71,11.0,20,1022.8,0
2022-02-26,Bac_Ninh,21.1861,106.0763,15.9,76,8.4,48,1020.8,0
2022-02-27,Bac_Ninh,21.1861,106.0763,17.9,76,11.8,56,1017.5,0
2022-02-28,Bac_Ninh,21.1861,106.0763,17.7,84,14.5,70,1014.8,1
2022-03-01,Bac_Ninh,21.1861,106.0763,19.7,87,11.8,100,1015.2,1
2022-03-02,Bac_Ninh,21.1861,106.0763,21.3,81,12.9,63,1015.3,0
2022-03-03,Bac_Ninh,21.1861,106.0763,20.7,83,16.6,61,1013.0,0
2022-03-04,Bac_Ninh,21.1861,106.0763,21.0,88,14.5,97,1011.5,1
2022-03-05,Bac_Ninh,21.1861,106.0763,21.6,88,15.5,96,1010.4,1
2022-03-06,Bac_Ninh,21.1861,106.0763,21.7,92,14.2,100,1010.4,1
2022-03-07,Bac_Ninh,21.1861,106.0763,20.9,76,24.8,82,1016.4,1
2022-03-08,Bac_Ninh,21.1861,106.0763,18.5,75,16.7,32,1014.7,0
2022-03-09,Bac_Ninh,21.1861,106.0763,18.8,82,15.1,79,1012.6,1
2022-03-10,Bac_Ninh,21.1861,106.0763,20.5,80,15.3,100,1012.6,1
2022-03-11,Bac_Ninh,21.1861,106.0763,21.6,80,12.7,96,1011.0,1
2022-03-12,Bac_Ninh,21.1861,106.0763,22.0,82,16.1,80,1009.8,1
2022-03-13,Bac_Ninh,21.1861,106.0763,22.4,84,16.1,97,1009.7,1
2022-03-14,Bac_Ninh,21.1861,106.0763,22.2,86,14.3,90,1009.7,1
2022-03-15,Bac_Ninh,21.1861,106.0763,23.8,81,13.0,100,1008.7,1
2022-03-16,Bac_Ninh,21.1861,106.0763,22.5,90,18.6,96,1006.8,1
2022-03-17,Bac_Ninh,21.1861,106.0763,23.7,88,15.4,76,1006.3,1
2022-03-18,Bac_Ninh,21.1861,106.0763,24.2,87,13.8,69,1007.1,1
2022-03-19,Bac_Ninh,21.1861,106.0763,23.5,89,19.2,84,1005.5,1
2022-03-20,Bac_Ninh,21.1861,106.0763,25.2,86,24.7,64,1005.2,1
2022-03-21,Bac_Ninh,21.1861,106.0763,25.7,86,21.3,71,1006.4,1
2022-03-22,Bac_Ninh,21.1861,106.0763,26.6,84,14.6,67,1007.7,1
2022-03-23,Bac_Ninh,21.1861,106.0763,17.6,84,21.7,100,1012.9,1
2022-03-24,Bac_Ninh,21.1861,106.0763,19.1,86,17.1,84,1009.5,1
2022-03-25,Bac_Ninh,21.1861,106.0763,23.7,86,13.7,59,1005.7,0
2022-03-26,Bac_Ninh,21.1861,106.0763,26.3,85,15.3,26,1005.9,0
2022-03-27,Bac_Ninh,21.1861,106.0763,21.4,67,23.1,92,1012.5,1
2022-03-28,Bac_Ninh,21.1861,106.0763,20.1,66,12.6,79,1015.1,1
2022-03-29,Bac_Ninh,21.1861,106.0763,20.2,83,12.7,90,1013.2,1
2022-03-30,Bac_Ninh,21.1861,106.0763,22.4,91,13.3,100,1012.1,1
2022-03-31,Bac_Ninh,21.1861,106.0763,23.8,85,25.5,84,1013.5,1
2022-04-01,Bac_Ninh,21.1861,106.0763,19.2,65,24.6,100,1019.8,1
2022-04-02,Bac_Ninh,21.1861,106.0763,17.4,59,26.6,85,1023.7,1
2022-04-03,Bac_Ninh,21.1861,106.0763,18.0,62,14.3,20,1021.0,0
2022-04-04,Bac_Ninh,21.1861,106.0763,18.7,66,17.1,1,1019.7,0
2022-04-05,Bac_Ninh,21.1861,106.0763,20.1,65,11.7,42,1018.4,0
2022-04-06,Bac_Ninh,21.1861,106.0763,21.7,68,10.4,24,1016.6,0
2022-04-07,Bac_Ninh,21.1861,106.0763,23.2,67,15.5,23,1015.3,0
2022-04-08,Bac_Ninh,21.1861,106.0763,22.6,70,13.9,2,1013.6,0
2022-04-09,Bac_Ninh,21.1861,106.0763,22.3,71,17.9,0,1010.9,0
2022-04-10,Bac_Ninh,21.1861,106.0763,22.9,74,17.1,39,1009.4,0
2022-04-11,Bac_Ninh,21.1861,106.0763,23.2,83,15.6,58,1008.4,1
2022-04-12,Bac_Ninh,21.1861,106.0763,24.2,84,17.8,62,1005.2,1
2022-04-13,Bac_Ninh,21.1861,106.0763,26.0,78,13.5,45,1005.3,1
2022-04-14,Bac_Ninh,21.1861,106.0763,25.6,79,17.5,60,1005.6,0
2022-04-15,Bac_Ninh,21.1861,106.0763,25.3,86,21.2,98,1006.3,1
2022-04-16,Bac_Ninh,21.1861,106.0763,22.4,87,24.7,100,1008.2,1
2022-04-17,Bac_Ninh,21.1861,106.0763,18.4,82,14.4,100,1012.8,1
2022-04-18,Bac_Ninh,21.1861,106.0763,18.3,76,18.5,93,1016.2,1
2022-04-19,Bac_Ninh,21.1861,106.0763,20.1,72,12.5,59,1016.2,0
2022-04-20,Bac_Ninh,21.1861,106.0763,20.5,79,7.0,55,1013.4,0
2022-04-21,Bac_Ninh,21.1861,106.0763,21.9,86,12.6,75,1010.1,1
2022-04-22,Bac_Ninh,21.1861,106.0763,24.9,85,19.8,56,1007.4,1
2022-04-23,Bac_Ninh,21.1861,106.0763,26.2,87,14.3,74,1005.9,1
2022-04-24,Bac_Ninh,21.1861,106.0763,27.1,84,19.0,43,1003.0,1
2022-04-25,Bac_Ninh,21.1861,106.0763,28.2,81,17.2,17,1002.1,0
2022-04-26,Bac_Ninh,21.1861,106.0763,28.5,81,19.8,5,1001.7,0
2022-04-27,Bac_Ninh,21.1861,106.0763,28.0,84,17.7,46,1003.5,1
2022-04-28,Bac_Ninh,21.1861,106.0763,27.8,84,23.2,83,1005.5,1
2022-04-29,Bac_Ninh,21.1861,106.0763,27.5,83,20.8,84,1007.3,1
2022-04-30,Bac_Ninh,21.1861,106.0763,27.5,84,22.8,93,1007.6,1
2022-05-01,Bac_Ninh,21.1861,106.0763,20.6,68,25.8,98,1012.3,1
2022-05-02,Bac_Ninh,21.1861,106.0763,22.2,53,19.4,69,1014.7,0
2022-05-03,Bac_Ninh,21.1861,106.0763,22.7,60,13.8,30,1014.9,0
2022-05-04,Bac_Ninh,21.1861,106.0763,23.2,67,15.7,24,1012.8,0
2022-05-05,Bac_Ninh,21.1861,106.0763,23.9,75,14.6,55,1010.1,0
2022-05-06,Bac_Ninh,21.1861,106.0763,24.4,81,6.8,70,1009.4,1
2022-05-07,Bac_Ninh,21.1861,106.0763,25.5,87,15.2,89,1009.3,1
2022-05-08,Bac_Ninh,21.1861,106.0763,25.8,86,18.4,86,1008.8,1
2022-05-09,Bac_Ninh,21.1861,106.0763,26.0,86,17.1,93,1007.9,1
2022-05-10,Bac_Ninh,21.1861,106.0763,26.4,92,16.5,95,1005.0,1
2022-05-11,Bac_Ninh,21.1861,106.0763,27.7,85,15.1,95,1002.8,1
2022-05-12,Bac_Ninh,21.1861,106.0763,26.9,89,12.3,98,1002.3,1
2022-05-13,Bac_Ninh,21.1861,106.0763,26.6,84,16.9,96,1002.5,1
2022-05-14,Bac_Ninh,21.1861,106.0763,25.8,82,10.5,91,1005.4,1
2022-05-15,Bac_Ninh,21.1861,106.0763,24.4,79,21.7,98,1008.1,1
2022-05-16,Bac_Ninh,21.1861,106.0763,21.5,67,19.4,97,1012.5,1
2022-05-17,Bac_Ninh,21.1861,106.0763,23.0,66,12.1,97,1011.8,0
2022-05-18,Bac_Ninh,21.1861,106.0763,23.9,78,13.4,100,1010.9,1
2022-05-19,Bac_Ninh,21.1861,106.0763,25.3,82,14.0,79,1009.2,1
2022-05-20,Bac_Ninh,21.1861,106.0763,26.1,84,11.1,96,1007.1,1
2022-05-21,Bac_Ninh,21.1861,106.0763,24.9,91,11.5,100,1004.8,1
2022-05-22,Bac_Ninh,21.1861,106.0763,24.9,91,20.2,100,1000.9,1
2022-05-23,Bac_Ninh,21.1861,106.0763,25.6,92,18.6,100,1001.3,1
2022-05-24,Bac_Ninh,21.1861,106.0763,25.2,94,10.9,100,1004.7,1
2022-05-25,Bac_Ninh,21.1861,106.0763,26.8,88,13.8,100,1004.1,1
2022-05-26,Bac_Ninh,21.1861,106.0763,27.6,88,10.2,100,1000.6,1
2022-05-27,Bac_Ninh,21.1861,106.0763,26.7,90,12.1,100,999.3,1
2022-05-28,Bac_Ninh,21.1861,106.0763,27.2,89,14.8,100,999.5,1
2022-05-29,Bac_Ninh,21.1861,106.0763,28.1,87,12.9,100,1000.3,1
2022-05-30,Bac_Ninh,21.1861,106.0763,27.4,89,13.9,100,1001.8,1
2022-05-31,Bac_Ninh,21.1861,106.0763,26.4,89,12.8,100,1003.0,1
2022-06-01,Bac_Ninh,21.1861,106.0763,27.8,87,13.9,100,1002.4,1
2022-06-02,Bac_Ninh,21.1861,106.0763,28.8,85,16.4,100,1000.3,1
2022-06-03,Bac_Ninh,21.1861,106.0763,30.1,77,17.2,100,998.9,1
2022-06-04,Bac_Ninh,21.1861,106.0763,30.8,70,16.7,100,998.9,0
2022-06-05,Bac_Ninh,21.1861,106.0763,29.9,76,11.3,100,999.1,1
2022-06-06,Bac_Ninh,21.1861,106.0763,27.1,86,13.8,100,1001.3,1
2022-06-07,Bac_Ninh,21.1861,106.0763,26.8,88,10.5,100,1002.1,1
2022-06-08,Bac_Ninh,21.1861,106.0763,27.2,88,10.2,98,1001.9,1
2022-06-09,Bac_Ninh,21.1861,106.0763,27.3,89,13.0,100,1001.3,1
2022-06-10,Bac_Ninh,21.1861,106.0763,29.1,84,10.2,100,1000.1,1
2022-06-11,Bac_Ninh,21.1861,106.0763,26.5,93,15.1,100,1002.2,1
2022-06-12,Bac_Ninh,21.1861,106.0763,29.6,83,12.9,100,1002.1,1
2022-06-13,Bac_Ninh,21.1861,106.0763,29.7,79,12.2,100,1002.2,1
2022-06-14,Bac_Ninh,21.1861,106.0763,26.7,88,10.9,100,1005.2,1
2022-06-15,Bac_Ninh,21.1861,106.0763,27.2,84,13.1,99,1005.9,1
2022-06-16,Bac_Ninh,21.1861,106.0763,28.3,84,15.9,97,1004.3,1
2022-06-17,Bac_Ninh,21.1861,106.0763,30.5,74,15.8,98,1001.3,0
2022-06-18,Bac_Ninh,21.1861,106.0763,31.0,68,17.3,100,999.0,0
2022-06-19,Bac_Ninh,21.1861,106.0763,31.2,67,15.5,100,998.1,0
2022-06-20,Bac_Ninh,21.1861,106.0763,31.6,65,17.3,100,997.1,0
2022-06-21,Bac_Ninh,21.1861,106.0763,31.5,67,17.0,100,998.0,1
2022-06-22,Bac_Ninh,21.1861,106.0763,31.0,71,20.4,94,1002.5,1
2022-06-23,Bac_Ninh,21.1861,106.0763,28.4,83,14.5,82,1005.7,1
2022-06-24,Bac_Ninh,21.1861,106.0763,29.5,78,17.0,77,1005.0,1
2022-06-25,Bac_Ninh,21.1861,106.0763,29.5,75,18.2,63,1003.7,1
2022-06-26,Bac_Ninh,21.1861,106.0763,29.9,76,16.2,41,1004.3,1
2022-06-27,Bac_Ninh,21.1861,106.0763,31.3,71,16.3,97,1002.5,0
2022-06-28,Bac_Ninh,21.1861,106.0763,31.7,70,12.6,93,999.8,0
2022-06-29,Bac_Ninh,21.1861,106.0763,28.9,82,8.2,100,998.7,1
2022-06-30,Bac_Ninh,21.1861,106.0763,27.2,88,11.9,100,1000.0,1
2022-07-01,Bac_Ninh,21.1861,106.0763,27.8,86,12.7,92,999.8,1
2022-07-02,Bac_Ninh,21.1861,106.0763,29.0,83,19.4,100,996.1,1
2022-07-03,Bac_Ninh,21.1861,106.0763,29.9,82,14.4,97,996.3,1
2022-07-04,Bac_Ninh,21.1861,106.0763,30.0,83,18.2,100,996.7,1
2022-07-05,Bac_Ninh,21.1861,106.0763,29.6,87,16.4,97,999.0,1
2022-07-06,Bac_Ninh,21.1861,106.0763,28.1,88,13.2,100,1001.6,1
2022-07-07,Bac_Ninh,21.1861,106.0763,27.1,90,14.8,100,1001.8,1
2022-07-08,Bac_Ninh,21.1861,106.0763,26.8,88,8.9,100,1003.0,1
2022-07-09,Bac_Ninh,21.1861,106.0763,27.4,86,11.9,92,1002.8,1
2022-07-10,Bac_Ninh,21.1861,106.0763,27.7,86,12.3,64,1003.4,1
2022-07-11,Bac_Ninh,21.1861,106.0763,28.2,86,12.3,75,1003.5,1
2022-07-12,Bac_Ninh,21.1861,106.0763,28.3,85,12.0,55,1003.4,1
2022-07-13,Bac_Ninh,21.1861,106.0763,27.6,86,13.0,61,1002.8,1
2022-07-14,Bac_Ninh,21.1861,106.0763,27.6,87,17.3,72,1002.8,1
2022-07-15,Bac_Ninh,21.1861,106.0763,28.4,85,12.5,90,1003.3,1
2022-07-16,Bac_Ninh,21.1861,106.0763,29.9,81,17.1,77,1002.7,1
2022-07-17,Bac_Ninh,21.1861,106.0763,31.3,78,16.4,100,1001.3,1
2022-07-18,Bac_Ninh,21.1861,106.0763,31.6,76,15.9,100,999.0,1
2022-07-19,Bac_Ninh,21.1861,106.0763,30.5,81,20.4,100,1000.1,1
2022-07-20,Bac_Ninh,21.1861,106.0763,28.5,85,16.0,100,1004.7,1
2022-07-21,Bac_Ninh,21.1861,106.0763,27.7,85,22.7,78,1007.5,1
2022-07-22,Bac_Ninh,21.1861,106.0763,26.8,87,17.9,65,1009.3,1
2022-07-23,Bac_Ninh,21.1861,106.0763,28.3,83,14.1,22,1007.6,1
2022-07-24,Bac_Ninh,21.1861,106.0763,29.4,81,13.2,12,1005.7,1
2022-07-25,Bac_Ninh,21.1861,106.0763,29.4,79,14.0,4,1006.1,0
2022-07-26,Bac_Ninh,21.1861,106.0763,29.2,80,16.7,7,1005.5,0
2022-07-27,Bac_Ninh,21.1861,106.0763,29.2,79,16.5,44,1004.9,0
2022-07-28,Bac_Ninh,21.1861,106.0763,29.4,79,14.3,72,1004.7,0
2022-07-29,Bac_Ninh,21.1861,106.0763,29.6,78,14.8,100,1003.6,0
2022-07-30,Bac_Ninh,21.1861,106.0763,28.3,85,13.1,90,1002.6,1
2022-07-31,Bac_Ninh,21.1861,106.0763,27.6,87,14.6,99,1002.0,1
2022-08-01,Bac_Ninh,21.1861,106.0763,28.2,85,14.9,53,1003.0,1
2022-08-02,Bac_Ninh,21.1861,106.0763,28.9,84,9.9,36,1004.6,1
2022-08-03,Bac_Ninh,21.1861,106.0763,29.8,79,13.0,55,1004.5,1
2022-08-04,Bac_Ninh,21.1861,106.0763,29.6,83,9.7,91,1002.1,1
2022-08-05,Bac_Ninh,21.1861,106.0763,27.0,89,11.1,100,1001.7,1
2022-08-06,Bac_Ninh,21.1861,106.0763,26.2,90,12.7,100,1002.6,1
2022-08-07,Bac_Ninh,21.1861,106.0763,26.2,91,12.2,99,1004.0,1
2022-08-08,Bac_Ninh,21.1861,106.0763,26.8,89,14.2,83,1003.8,1
2022-08-09,Bac_Ninh,21.1861,106.0763,27.2,88,8.8,73,1002.1,1
2022-08-10,Bac_Ninh,21.1861,106.0763,27.6,84,15.1,90,999.5,1
2022-08-11,Bac_Ninh,21.1861,106.0763,25.7,93,20.7,100,999.3,1
2022-08-12,Bac_Ninh,21.1861,106.0763,25.0,95,13.3,100,1004.8,1
2022-08-13,Bac_Ninh,21.1861,106.0763,27.0,88,8.8,92,1004.9,1
2022-08-14,Bac_Ninh,21.1861,106.0763,27.9,86,13.2,60,1004.1,1
2022-08-15,Bac_Ninh,21.1861,106.0763,28.3,85,12.1,70,1003.2,1
2022-08-16,Bac_Ninh,21.1861,106.0763,29.1,82,12.1,64,1003.0,1
2022-08-17,Bac_Ninh,21.1861,106.0763,28.7,86,11.4,89,1003.0,1
2022-08-18,Bac_Ninh,21.1861,106.0763,29.1,83,15.7,52,1002.3,1
2022-08-19,Bac_Ninh,21.1861,106.0763,29.2,84,13.8,78,1001.6,1
2022-08-20,Bac_Ninh,21.1861,106.0763,27.0,89,12.8,100,1001.4,1
2022-08-21,Bac_Ninh,21.1861,106.0763,26.5,89,19.5,88,1001.7,1
2022-08-22,Bac_Ninh,21.1861,106.0763,28.0,87,11.5,76,1003.6,1
2022-08-23,Bac_Ninh,21.1861,106.0763,29.0,87,10.3,51,1004.1,1
2022-08-24,Bac_Ninh,21.1861,106.0763,29.2,85,9.5,76,1002.4,1
2022-08-25,Bac_Ninh,21.1861,106.0763,28.3,89,16.3,100,998.4,1
2022-08-26,Bac_Ninh,21.1861,106.0763,27.1,89,26.4,99,1001.8,1
2022-08-27,Bac_Ninh,21.1861,106.0763,28.1,83,13.4,97,1006.1,1
2022-08-28,Bac_Ninh,21.1861,106.0763,29.0,84,15.4,84,1006.0,1
2022-08-29,Bac_Ninh,21.1861,106.0763,29.2,83,14.1,65,1007.5,1
2022-08-30,Bac_Ninh,21.1861,106.0763,29.1,81,11.6,75,1007.3,0
2022-08-31,Bac_Ninh,21.1861,106.0763,29.3,81,11.0,95,1005.6,0
2022-09-01,Bac_Ninh,21.1861,106.0763,27.1,86,18.1,87,1007.8,1
2022-09-02,Bac_Ninh,21.1861,106.0763,28.6,80,10.7,96,1006.9,1
2022-09-03,Bac_Ninh,21.1861,106.0763,28.6,84,9.7,97,1004.6,1
2022-09-04,Bac_Ninh,21.1861,106.0763,27.9,80,14.7,87,1005.9,1
2022-09-05,Bac_Ninh,21.1861,106.0763,28.9,69,14.1,58,1006.4,0
2022-09-06,Bac_Ninh,21.1861,106.0763,28.2,72,10.7,66,1006.9,0
2022-09-07,Bac_Ninh,21.1861,106.0763,27.7,81,9.7,88,1009.5,1
2022-09-08,Bac_Ninh,21.1861,106.0763,25.1,94,10.9,100,1011.3,1
2022-09-09,Bac_Ninh,21.1861,106.0763,25.4,91,10.9,99,1011.7,1
2022-09-10,Bac_Ninh,21.1861,106.0763,26.5,87,7.4,99,1010.6,1
2022-09-11,Bac_Ninh,21.1861,106.0763,27.4,84,10.3,84,1008.7,1
2022-09-12,Bac_Ninh,21.1861,106.0763,26.7,87,11.3,76,1007.8,1
2022-09-13,Bac_Ninh,21.1861,106.0763,28.1,80,8.5,47,1007.7,1
2022-09-14,Bac_Ninh,21.1861,106.0763,28.3,81,11.6,41,1007.3,1
2022-09-15,Bac_Ninh,21.1861,106.0763,27.8,85,10.5,58,1004.9,1
2022-09-16,Bac_Ninh,21.1861,106.0763,26.2,93,15.5,99,1003.2,1
2022-09-17,Bac_Ninh,21.1861,106.0763,26.2,91,11.1,88,1005.0,1
2022-09-18,Bac_Ninh,21.1861,106.0763,28.1,84,10.9,69,1005.4,1
2022-09-19,Bac_Ninh,21.1861,106.0763,29.0,81,13.7,34,1005.1,0
2022-09-20,Bac_Ninh,21.1861,106.0763,28.7,82,11.6,48,1005.3,1
2022-09-21,Bac_Ninh,21.1861,106.0763,26.3,90,9.3,98,1007.4,1
2022-09-22,Bac_Ninh,21.1861,106.0763,25.4,91,12.1,73,1008.5,1
2022-09-23,Bac_Ninh,21.1861,106.0763,26.6,82,16.8,61,1008.9,1
2022-09-24,Bac_Ninh,21.1861,106.0763,26.0,84,16.1,82,1008.9,1
2022-09-25,Bac_Ninh,21.1861,106.0763,25.7,87,10.5,72,1009.4,1
2022-09-26,Bac_Ninh,21.1861,106.0763,26.8,83,9.4,21,1008.3,1
2022-09-27,Bac_Ninh,21.1861,106.0763,28.1,75,13.1,51,1005.5,1
2022-09-28,Bac_Ninh,21.1861,106.0763,25.8,80,17.1,100,1004.2,1
2022-09-29,Bac_Ninh,21.1861,106.0763,25.0,90,16.3,99,1005.4,1
2022-09-30,Bac_Ninh,21.1861,106.0763,25.3,92,15.5,99,1007.2,1
2022-10-01,Bac_Ninh,21.1861,106.0763,24.5,96,10.2,100,1008.4,1
2022-10-02,Bac_Ninh,21.1861,106.0763,25.5,91,11.2,87,1009.6,1
2022-10-03,Bac_Ninh,21.1861,106.0763,25.9,89,11.4,50,1011.0,1
2022-10-04,Bac_Ninh,21.1861,106.0763,26.0,90,15.6,55,1012.1,1
2022-10-05,Bac_Ninh,21.1861,106.0763,26.7,87,11.0,39,1011.8,1
2022-10-06,Bac_Ninh,21.1861,106.0763,26.6,84,13.8,20,1011.9,1
2022-10-07,Bac_Ninh,21.1861,106.0763,25.1,90,9.2,55,1012.8,1
2022-10-08,Bac_Ninh,21.1861,106.0763,25.0,82,14.4,69,1013.3,1
2022-10-09,Bac_Ninh,21.1861,106.0763,23.9,80,24.0,100,1015.9,1
2022-10-10,Bac_Ninh,21.1861,106.0763,22.0,59,22.1,73,1019.1,0
2022-10-11,Bac_Ninh,21.1861,106.0763,21.6,64,13.4,6,1016.4,0
2022-10-12,Bac_Ninh,21.1861,106.0763,22.1,67,12.3,4,1014.7,0
2022-10-13,Bac_Ninh,21.1861,106.0763,22.5,65,12.6,22,1013.4,0
2022-10-14,Bac_Ninh,21.1861,106.0763,22.7,60,19.0,60,1011.6,0
2022-10-15,Bac_Ninh,21.1861,106.0763,23.3,55,20.2,75,1011.5,0
2022-10-16,Bac_Ninh,21.1861,106.0763,24.0,60,20.9,41,1013.0,0
2022-10-17,Bac_Ninh,21.1861,106.0763,25.0,52,25.4,42,1013.3,0
2022-10-18,Bac_Ninh,21.1861,106.0763,24.1,45,24.7,76,1013.8,0
2022-10-19,Bac_Ninh,21.1861,106.0763,20.5,55,16.9,99,1015.2,1
2022-10-20,Bac_Ninh,21.1861,106.0763,17.8,87,14.8,99,1016.2,1
2022-10-21,Bac_Ninh,21.1861,106.0763,20.5,88,12.4,87,1016.7,1
2022-10-22,Bac_Ninh,21.1861,106.0763,24.8,80,10.7,34,1015.3,0
2022-10-23,Bac_Ninh,21.1861,106.0763,25.8,80,12.8,6,1013.5,0
2022-10-24,Bac_Ninh,21.1861,106.0763,25.8,78,11.8,11,1012.8,0
2022-10-25,Bac_Ninh,21.1861,106.0763,25.4,80,10.6,80,1014.6,1
2022-10-26,Bac_Ninh,21.1861,106.0763,24.9,83,10.9,59,1013.5,1
2022-10-27,Bac_Ninh,21.1861,106.0763,25.1,79,12.4,25,1013.1,0
2022-10-28,Bac_Ninh,21.1861,106.0763,25.1,78,9.9,32,1013.7,0
2022-10-29,Bac_Ninh,21.1861,106.0763,24.6,73,13.9,31,1013.7,0
2022-10-30,Bac_Ninh,21.1861,106.0763,24.6,68,16.9,32,1012.8,0
2022-10-31,Bac_Ninh,21.1861,106.0763,24.1,55,27.9,66,1013.5,0
2022-11-01,Bac_Ninh,21.1861,106.0763,22.7,55,23.8,78,1013.0,0
2022-11-02,Bac_Ninh,21.1861,106.0763,21.5,64,8.6,41,1011.0,0
2022-11-03,Bac_Ninh,21.1861,106.0763,22.0,69,10.0,49,1012.1,0
2022-11-04,Bac_Ninh,21.1861,106.0763,23.4,69,14.0,39,1015.0,0
2022-11-05,Bac_Ninh,21.1861,106.0763,22.6,70,14.1,1,1017.1,0
2022-11-06,Bac_Ninh,21.1861,106.0763,21.8,73,10.4,0,1016.4,0
2022-11-07,Bac_Ninh,21.1861,106.0763,22.3,78,12.3,11,1015.3,0
2022-11-08,Bac_Ninh,21.1861,106.0763,22.8,78,14.4,5,1015.2,0
2022-11-09,Bac_Ninh,21.1861,106.0763,23.1,78,13.1,13,1015.0,0
2022-11-10,Bac_Ninh,21.1861,106.0763,23.9,82,10.1,52,1014.3,0
2022-11-11,Bac_Ninh,21.1861,106.0763,24.4,85,11.5,42,1013.5,1
2022-11-12,Bac_Ninh,21.1861,106.0763,25.2,82,15.2,54,1012.4,1
2022-11-13,Bac_Ninh,21.1861,106.0763,25.0,82,10.9,62,1013.2,0
2022-11-14,Bac_Ninh,21.1861,106.0763,25.0,81,12.5,40,1013.3,0
2022-11-15,Bac_Ninh,21.1861,106.0763,25.0,84,16.0,38,1012.2,1
2022-11-16,Bac_Ninh,21.1861,106.0763,25.5,84,14.5,62,1010.6,1
2022-11-17,Bac_Ninh,21.1861,106.0763,25.7,85,12.0,45,1010.3,1
2022-11-18,Bac_Ninh,21.1861,106.0763,26.0,83,13.2,56,1011.6,1
2022-11-19,Bac_Ninh,21.1861,106.0763,24.9,85,14.8,81,1012.7,1
2022-11-20,Bac_Ninh,21.1861,106.0763,24.7,72,11.3,31,1011.6,0
2022-11-21,Bac_Ninh,21.1861,106.0763,24.5,78,9.4,49,1010.2,0
2022-11-22,Bac_Ninh,21.1861,106.0763,25.5,77,12.1,75,1009.7,1
2022-11-23,Bac_Ninh,21.1861,106.0763,25.2,78,14.3,97,1010.7,1
2022-11-24,Bac_Ninh,21.1861,106.0763,22.9,85,13.7,98,1012.1,1
2022-11-25,Bac_Ninh,21.1861,106.0763,22.7,89,11.6,98,1013.0,1
2022-11-26,Bac_Ninh,21.1861,106.0763,23.3,91,10.5,100,1011.4,1
2022-11-27,Bac_Ninh,21.1861,106.0763,26.0,84,21.4,70,1007.3,1
2022-11-28,Bac_Ninh,21.1861,106.0763,27.1,84,18.0,41,1006.8,1
2022-11-29,Bac_Ninh,21.1861,106.0763,26.9,86,14.3,25,1008.6,1
2022-11-30,Bac_Ninh,21.1861,106.0763,23.1,82,21.9,89,1013.4,1
2022-12-01,Bac_Ninh,21.1861,106.0763,13.6,74,21.3,100,1019.7,1
2022-12-02,Bac_Ninh,21.1861,106.0763,13.0,65,16.1,93,1019.8,1
2022-12-03,Bac_Ninh,21.1861,106.0763,16.3,70,9.7,99,1016.2,0
2022-12-04,Bac_Ninh,21.1861,106.0763,16.5,75,15.0,100,1017.8,1
2022-12-05,Bac_Ninh,21.1861,106.0763,15.5,65,17.8,82,1020.7,1
2022-12-06,Bac_Ninh,21.1861,106.0763,15.5,67,13.3,22,1018.3,0
2022-12-07,Bac_Ninh,21.1861,106.0763,15.9,69,14.3,100,1017.9,0
2022-12-08,Bac_Ninh,21.1861,106.0763,17.2,71,10.8,100,1017.2,0
2022-12-09,Bac_Ninh,21.1861,106.0763,17.1,75,11.1,100,1015.8,1
2022-12-10,Bac_Ninh,21.1861,106.0763,17.6,77,10.5,98,1015.3,1
2022-12-11,Bac_Ninh,21.1861,106.0763,17.4,62,12.2,92,1016.9,0
2022-12-12,Bac_Ninh,21.1861,106.0763,17.3,56,16.4,42,1019.1,0
2022-12-13,Bac_Ninh,21.1861,106.0763,15.3,59,10.5,4,1018.8,0
2022-12-14,Bac_Ninh,21.1861,106.0763,16.1,50,15.4,36,1020.5,0
2022-12-15,Bac_Ninh,21.1861,106.0763,15.0,64,10.0,6,1015.9,0
2022-12-16,Bac_Ninh,21.1861,106.0763,17.4,66,18.9,16,1016.2,0
2022-12-17,Bac_Ninh,21.1861,106.0763,16.2,38,30.7,90,1025.6,0
2022-12-18,Bac_Ninh,21.1861,106.0763,14.8,33,18.7,82,1025.8,0
2022-12-19,Bac_Ninh,21.1861,106.0763,13.0,50,11.5,28,1019.6,0
2022-12-20,Bac_Ninh,21.1861,106.0763,15.0,63,10.7,63,1016.0,0
2022-12-21,Bac_Ninh,21.1861,106.0763,17.9,46,17.2,56,1017.1,0
2022-12-22,Bac_Ninh,21.1861,106.0763,16.9,54,15.7,42,1015.4,0
2022-12-23,Bac_Ninh,21.1861,106.0763,18.2,48,14.6,65,1016.6,0
2022-12-24,Bac_Ninh,21.1861,106.0763,17.5,47,12.2,41,1018.8,0
2022-12-25,Bac_Ninh,21.1861,106.0763,17.0,67,15.8,3,1018.6,0
2022-12-26,Bac_Ninh,21.1861,106.0763,17.9,76,13.8,72,1019.1,1
2022-12-27,Bac_Ninh,21.1861,106.0763,19.2,70,16.8,66,1018.4,0
2022-12-28,Bac_Ninh,21.1861,106.0763,15.1,67,23.6,100,1021.2,1
2022-12-29,Bac_Ninh,21.1861,106.0763,13.1,56,17.7,98,1025.0,0
2022-12-30,Bac_Ninh,21.1861,106.0763,13.1,57,13.8,81,1025.6,0
2022-12-31,Bac_Ninh,21.1861,106.0763,14.6,60,11.2,25,1023.9,0
2023-01-01,Bac_Ninh,21.1861,106.0763,15.3,64,9.0,22,1022.5,0
2023-01-02,Bac_Ninh,21.1861,106.0763,15.9,70,13.4,88,1023.1,1
2023-01-03,Bac_Ninh,21.1861,106.0763,16.1,65,12.8,88,1023.4,1
2023-01-04,Bac_Ninh,21.1861,106.0763,18.1,65,11.6,81,1021.1,0
2023-01-05,Bac_Ninh,21.1861,106.0763,18.7,75,8.4,94,1021.6,1
2023-01-06,Bac_Ninh,21.1861,106.0763,19.0,59,23.5,39,1023.5,0
2023-01-07,Bac_Ninh,21.1861,106.0763,17.3,55,11.4,33,1019.5,1
2023-01-08,Bac_Ninh,21.1861,106.0763,17.7,67,11.8,70,1017.9,0
2023-01-09,Bac_Ninh,21.1861,106.0763,19.0,71,8.3,88,1017.9,0
2023-01-10,Bac_Ninh,21.1861,106.0763,18.9,87,9.7,97,1016.8,1
2023-01-11,Bac_Ninh,21.1861,106.0763,19.7,86,10.4,87,1013.9,1
2023-01-12,Bac_Ninh,21.1861,106.0763,19.1,87,10.9,63,1010.6,0
2023-01-13,Bac_Ninh,21.1861,106.0763,21.8,83,17.1,45,1007.1,0
2023-01-14,Bac_Ninh,21.1861,106.0763,23.0,75,16.1,2,1005.2,0
2023-01-15,Bac_Ninh,21.1861,106.0763,17.7,61,25.5,78,1013.3,0
2023-01-16,Bac_Ninh,21.1861,106.0763,12.3,45,19.5,99,1021.1,0
2023-01-17,Bac_Ninh,21.1861,106.0763,12.2,49,14.8,99,1023.1,0
2023-01-18,Bac_Ninh,21.1861,106.0763,13.2,46,14.1,73,1024.0,0
2023-01-19,Bac_Ninh,21.1861,106.0763,14.0,53,9.0,22,1021.8,0
2023-01-20,Bac_Ninh,21.1861,106.0763,15.5,55,7.7,61,1020.5,0
2023-01-21,Bac_Ninh,21.1861,106.0763,15.6,71,12.8,27,1016.5,0
2023-01-22,Bac_Ninh,21.1861,106.0763,17.6,85,7.9,79,1013.7,1
2023-01-23,Bac_Ninh,21.1861,106.0763,18.6,80,22.1,96,1014.7,1
2023-01-24,Bac_Ninh,21.1861,106.0763,15.2,44,24.8,58,1024.6,1
2023-01-25,Bac_Ninh,21.1861,106.0763,12.7,53,15.8,20,1020.1,0
2023-01-26,Bac_Ninh,21.1861,106.0763,16.1,72,15.3,68,1015.5,0
2023-01-27,Bac_Ninh,21.1861,106.0763,15.0,52,24.4,78,1023.0,1
2023-01-28,Bac_Ninh,21.1861,106.0763,13.4,37,15.5,18,1023.4,0
2023-01-29,Bac_Ninh,21.1861,106.0763,13.8,41,11.8,0,1023.1,0
2023-01-30,Bac_Ninh,21.1861,106.0763,14.1,57,18.6,0,1020.1,0
2023-01-31,Bac_Ninh,21.1861,106.0763,15.3,75,18.1,2,1014.1,0
2023-02-01,Bac_Ninh,21.1861,106.0763,17.9,83,16.6,57,1011.6,0
2023-02-02,Bac_Ninh,21.1861,106.0763,20.7,88,11.2,95,1014.1,1
2023-02-03,Bac_Ninh,21.1861,106.0763,19.9,96,11.3,96,1014.3,1
2023-02-04,Bac_Ninh,21.1861,106.0763,20.6,91,17.5,100,1012.0,1
2023-02-05,Bac_Ninh,21.1861,106.0763,20.2,92,19.4,100,1010.9,1
2023-02-06,Bac_Ninh,21.1861,106.0763,20.7,89,15.3,100,1010.2,1
2023-02-07,Bac_Ninh,21.1861,106.0763,21.6,88,18.2,100,1010.7,1
2023-02-08,Bac_Ninh,21.1861,106.0763,21.6,89,17.8,100,1010.6,1
2023-02-09,Bac_Ninh,21.1861,106.0763,21.8,91,16.6,100,1011.2,1
2023-02-10,Bac_Ninh,21.1861,106.0763,23.1,86,22.1,89,1010.3,1
2023-02-11,Bac_Ninh,21.1861,106.0763,23.4,88,23.6,80,1007.6,1
2023-02-12,Bac_Ninh,21.1861,106.0763,24.4,84,17.4,35,1006.4,1
2023-02-13,Bac_Ninh,21.1861,106.0763,24.0,81,24.5,40,1009.0,1
2023-02-14,Bac_Ninh,21.1861,106.0763,17.1,61,23.7,99,1017.5,1
2023-02-15,Bac_Ninh,21.1861,106.0763,16.4,56,15.8,100,1021.6,0
2023-02-16,Bac_Ninh,21.1861,106.0763,16.8,63,10.5,90,1022.0,1
2023-02-17,Bac_Ninh,21.1861,106.0763,17.4,75,11.2,88,1018.5,0
2023-02-18,Bac_Ninh,21.1861,106.0763,19.3,79,14.7,82,1015.4,1
2023-02-19,Bac_Ninh,21.1861,106.0763,19.9,76,22.6,83,1017.7,1
2023-02-20,Bac_Ninh,21.1861,106.0763,20.2,61,13.5,58,1017.6,0
2023-02-21,Bac_Ninh,21.1861,106.0763,20.0,71,17.6,33,1018.3,0
2023-02-22,Bac_Ninh,21.1861,106.0763,19.7,73,15.8,71,1018.2,0
2023-02-23,Bac_Ninh,21.1861,106.0763,20.4,72,14.8,98,1015.3,1
2023-02-24,Bac_Ninh,21.1861,106.0763,19.4,66,21.4,100,1018.9,1
2023-02-25,Bac_Ninh,21.1861,106.0763,18.8,47,16.8,37,1025.1,0
2023-02-26,Bac_Ninh,21.1861,106.0763,17.1,50,17.8,0,1027.0,0
2023-02-27,Bac_Ninh,21.1861,106.0763,16.8,64,13.0,17,1024.1,0
2023-02-28,Bac_Ninh,21.1861,106.0763,17.9,74,13.8,41,1020.6,0
2023-03-01,Bac_Ninh,21.1861,106.0763,19.5,77,9.4,69,1020.1,0
2023-03-02,Bac_Ninh,21.1861,106.0763,21.6,65,16.9,37,1021.1,0
2023-03-03,Bac_Ninh,21.1861,106.0763,21.0,69,14.4,35,1021.5,0
2023-03-04,Bac_Ninh,21.1861,106.0763,20.7,65,13.1,65,1022.7,0
2023-03-05,Bac_Ninh,21.1861,106.0763,20.2,71,15.0,32,1020.5,0
2023-03-06,Bac_Ninh,21.1861,106.0763,20.5,76,17.6,46,1018.0,0
2023-03-07,Bac_Ninh,21.1861,106.0763,21.3,71,22.3,74,1016.8,0
2023-03-08,Bac_Ninh,21.1861,106.0763,21.7,76,12.4,80,1017.1,0
2023-03-09,Bac_Ninh,21.1861,106.0763,23.4,71,16.7,51,1016.4,0
2023-03-10,Bac_Ninh,21.1861,106.0763,22.7,74,21.1,34,1013.4,0
2023-03-11,Bac_Ninh,21.1861,106.0763,22.5,77,15.5,93,1014.7,1
2023-03-12,Bac_Ninh,21.1861,106.0763,23.2,72,27.6,97,1017.2,1
2023-03-13,Bac_Ninh,21.1861,106.0763,19.0,52,20.9,98,1020.2,1
2023-03-14,Bac_Ninh,21.1861,106.0763,20.1,66,21.9,36,1013.0,0
2023-03-15,Bac_Ninh,21.1861,106.0763,21.1,85,17.1,81,1012.9,1
2023-03-16,Bac_Ninh,21.1861,106.0763,23.1,77,18.6,80,1014.0,1
2023-03-17,Bac_Ninh,21.1861,106.0763,23.1,83,18.4,88,1012.8,1
2023-03-18,Bac_Ninh,21.1861,106.0763,23.1,80,18.3,94,1011.6,0
2023-03-19,Bac_Ninh,21.1861,106.0763,23.5,80,20.3,96,1009.8,1
2023-03-20,Bac_Ninh,21.1861,106.0763,24.3,83,18.9,87,1006.8,1
2023-03-21,Bac_Ninh,21.1861,106.0763,26.2,80,16.1,90,1003.7,0
2023-03-22,Bac_Ninh,21.1861,106.0763,28.0,72,18.2,33,1001.3,0
2023-03-23,Bac_Ninh,21.1861,106.0763,28.6,71,15.5,8,1001.3,0
2023-03-24,Bac_Ninh,21.1861,106.0763,27.4,76,22.4,14,1004.2,1
2023-03-25,Bac_Ninh,21.1861,106.0763,24.3,86,19.4,97,1008.3,1
2023-03-26,Bac_Ninh,21.1861,106.0763,21.0,74,18.8,98,1010.6,1
2023-03-27,Bac_Ninh,21.1861,106.0763,19.2,74,16.6,99,1013.4,1
2023-03-28,Bac_Ninh,21.1861,106.0763,19.0,74,11.2,100,1014.8,1
2023-03-29,Bac_Ninh,21.1861,106.0763,20.3,75,10.4,94,1012.9,1
2023-03-30,Bac_Ninh,21.1861,106.0763,20.6,76,10.8,97,1010.8,1
2023-03-31,Bac_Ninh,21.1861,106.0763,22.1,81,11.2,100,1009.8,1
2023-04-01,Bac_Ninh,21.1861,106.0763,22.8,88,13.0,100,1008.0,1
2023-04-02,Bac_Ninh,21.1861,106.0763,25.2,88,19.0,72,1005.1,1
2023-04-03,Bac_Ninh,21.1861,106.0763,26.5,82,19.6,52,1003.3,1
2023-04-04,Bac_Ninh,21.1861,106.0763,27.0,82,18.4,55,1002.1,1
2023-04-05,Bac_Ninh,21.1861,106.0763,27.3,80,15.9,24,1002.9,0
2023-04-06,Bac_Ninh,21.1861,106.0763,26.4,73,26.3,49,1007.3,1
2023-04-07,Bac_Ninh,21.1861,106.0763,24.0,59,13.6,96,1013.0,0
2023-04-08,Bac_Ninh,21.1861,106.0763,20.8,75,16.1,100,1017.2,1
2023-04-09,Bac_Ninh,21.1861,106.0763,19.8,80,8.2,100,1015.3,1
2023-04-10,Bac_Ninh,21.1861,106.0763,22.0,86,10.4,100,1010.2,1
2023-04-11,Bac_Ninh,21.1861,106.0763,24.5,90,16.0,97,1007.5,1
2023-04-12,Bac_Ninh,21.1861,106.0763,25.4,87,17.3,98,1008.0,1
2023-04-13,Bac_Ninh,21.1861,106.0763,25.2,91,20.8,100,1007.1,1
2023-04-14,Bac_Ninh,21.1861,106.0763,25.8,88,19.7,100,1006.6,1
2023-04-15,Bac_Ninh,21.1861,106.0763,26.1,82,20.1,79,1009.2,1
2023-04-16,Bac_Ninh,21.1861,106.0763,25.5,81,11.7,95,1007.5,0
2023-04-17,Bac_Ninh,21.1861,106.0763,25.6,85,18.9,73,1005.4,1
2023-04-18,Bac_Ninh,21.1861,106.0763,27.8,83,18.2,63,1003.1,1
2023-04-19,Bac_Ninh,21.1861,106.0763,28.2,81,14.8,22,1000.1,0
2023-04-20,Bac_Ninh,21.1861,106.0763,27.8,82,17.8,35,999.3,1
2023-04-21,Bac_Ninh,21.1861,106.0763,28.2,82,19.3,26,999.9,1
2023-04-22,Bac_Ninh,21.1861,106.0763,28.8,80,18.7,28,1001.9,0
2023-04-23,Bac_Ninh,21.1861,106.0763,28.5,82,20.5,50,1005.5,1
2023-04-24,Bac_Ninh,21.1861,106.0763,27.2,84,18.8,86,1009.0,1
2023-04-25,Bac_Ninh,21.1861,106.0763,22.1,73,20.9,100,1012.8,1
2023-04-26,Bac_Ninh,21.1861,106.0763,22.9,63,9.5,85,1012.6,0
2023-04-27,Bac_Ninh,21.1861,106.0763,24.1,79,19.4,66,1009.7,1
2023-04-28,Bac_Ninh,21.1861,106.0763,26.6,83,22.6,73,1008.3,1
2023-04-29,Bac_Ninh,21.1861,106.0763,25.2,82,24.6,89,1009.9,1
2023-04-30,Bac_Ninh,21.1861,106.0763,21.4,74,9.1,56,1012.0,1
2023-05-01,Bac_Ninh,21.1861,106.0763,23.8,74,19.6,21,1010.2,0
2023-05-02,Bac_Ninh,21.1861,106.0763,25.7,82,23.5,52,1009.5,1
2023-05-03,Bac_Ninh,21.1861,106.0763,27.4,82,23.0,70,1007.8,1
2023-05-04,Bac_Ninh,21.1861,106.0763,28.6,81,25.2,40,1002.5,0
2023-05-05,Bac_Ninh,21.1861,106.0763,30.3,76,18.5,17,997.7,0
2023-05-06,Bac_Ninh,21.1861,106.0763,32.1,69,15.9,9,996.5,0
2023-05-07,Bac_Ninh,21.1861,106.0763,30.9,74,19.3,46,1000.0,1
2023-05-08,Bac_Ninh,21.1861,106.0763,25.2,76,16.0,100,1007.3,1
2023-05-09,Bac_Ninh,21.1861,106.0763,25.3,78,18.9,70,1008.8,1
2023-05-10,Bac_Ninh,21.1861,106.0763,26.9,85,14.8,93,1008.1,1
2023-05-11,Bac_Ninh,21.1861,106.0763,25.4,89,15.1,100,1010.5,1
2023-05-12,Bac_Ninh,21.1861,106.0763,23.6,72,16.1,99,1012.8,1
2023-05-13,Bac_Ninh,21.1861,106.0763,22.1,80,17.2,98,1012.4,1
2023-05-14,Bac_Ninh,21.1861,106.0763,23.5,75,12.5,83,1010.6,1
2023-05-15,Bac_Ninh,21.1861,106.0763,25.5,79,16.3,99,1007.7,0
2023-05-16,Bac_Ninh,21.1861,106.0763,28.8,79,15.6,58,1003.4,0
2023-05-17,Bac_Ninh,21.1861,106.0763,30.6,70,12.4,19,1001.4,0
2023-05-18,Bac_Ninh,21.1861,106.0763,30.8,69,11.2,13,1001.7,0
2023-05-19,Bac_Ninh,21.1861,106.0763,30.5,74,17.5,14,1002.0,0
2023-05-20,Bac_Ninh,21.1861,106.0763,30.7,76,15.8,27,1002.3,0
2023-05-21,Bac_Ninh,21.1861,106.0763,31.6,73,19.6,34,1002.7,0
2023-05-22,Bac_Ninh,21.1861,106.0763,32.2,71,17.4,20,1002.4,0
2023-05-23,Bac_Ninh,21.1861,106.0763,29.3,79,26.1,83,1004.3,1
2023-05-24,Bac_Ninh,21.1861,106.0763,27.6,85,14.8,98,1005.4,1
2023-05-25,Bac_Ninh,21.1861,106.0763,27.6,88,13.3,100,1005.8,1
2023-05-26,Bac_Ninh,21.1861,106.0763,28.4,83,16.1,84,1006.4,1
2023-05-27,Bac_Ninh,21.1861,106.0763,28.5,83,15.5,55,1005.4,1
2023-05-28,Bac_Ninh,21.1861,106.0763,28.6,82,12.9,64,1006.2,1
2023-05-29,Bac_Ninh,21.1861,106.0763,28.9,83,14.0,26,1006.4,1
2023-05-30,Bac_Ninh,21.1861,106.0763,29.9,77,13.7,10,1004.5,0
2023-05-31,Bac_Ninh,21.1861,106.0763,30.3,76,16.2,13,1001.7,0
2023-06-01,Bac_Ninh,21.1861,106.0763,31.1,78,18.6,70,999.6,1
2023-06-02,Bac_Ninh,21.1861,106.0763,31.9,75,20.1,82,1000.4,0
2023-06-03,Bac_Ninh,21.1861,106.0763,29.5,83,12.2,76,1003.4,1
2023-06-04,Bac_Ninh,21.1861,106.0763,29.4,83,12.3,95,1003.8,1
2023-06-05,Bac_Ninh,21.1861,106.0763,29.1,80,12.7,97,1003.8,1
2023-06-06,Bac_Ninh,21.1861,106.0763,27.8,86,12.3,95,1004.2,1
2023-06-07,Bac_Ninh,21.1861,106.0763,29.0,80,11.7,97,1003.7,1
2023-06-08,Bac_Ninh,21.1861,106.0763,28.4,86,14.0,100,1003.0,1
2023-06-09,Bac_Ninh,21.1861,106.0763,29.0,77,15.1,79,1001.6,1
2023-06-10,Bac_Ninh,21.1861,106.0763,30.0,76,13.8,74,999.9,1
2023-06-11,Bac_Ninh,21.1861,106.0763,30.6,75,19.9,99,999.7,1
2023-06-12,Bac_Ninh,21.1861,106.0763,29.6,80,13.8,99,1000.3,1
2023-06-13,Bac_Ninh,21.1861,106.0763,28.2,87,9.6,100,1000.8,1
2023-06-14,Bac_Ninh,21.1861,106.0763,27.5,87,7.9,95,1003.0,1
2023-06-15,Bac_Ninh,21.1861,106.0763,28.6,85,13.4,99,1002.3,1
2023-06-16,Bac_Ninh,21.1861,106.0763,29.0,86,14.5,100,1000.9,1
2023-06-17,Bac_Ninh,21.1861,106.0763,30.5,79,15.0,99,1001.5,1
2023-06-18,Bac_Ninh,21.1861,106.0763,28.6,85,15.4,100,1002.4,1
2023-06-19,Bac_Ninh,21.1861,106.0763,29.6,80,14.1,100,1001.7,1
2023-06-20,Bac_Ninh,21.1861,106.0763,30.1,80,13.3,99,1001.8,1
2023-06-21,Bac_Ninh,21.1861,106.0763,30.0,82,15.1,96,1002.5,1
2023-06-22,Bac_Ninh,21.1861,106.0763,29.4,86,9.8,100,1002.4,1
2023-06-23,Bac_Ninh,21.1861,106.0763,27.6,87,13.1,100,1002.5,1
2023-06-24,Bac_Ninh,21.1861,106.0763,26.0,94,8.4,100,1002.8,1
2023-06-25,Bac_Ninh,21.1861,106.0763,26.1,91,8.4,100,1003.8,1
2023-06-26,Bac_Ninh,21.1861,106.0763,25.4,93,9.4,96,1004.9,1
2023-06-27,Bac_Ninh,21.1861,106.0763,27.1,86,16.1,93,1005.9,1
2023-06-28,Bac_Ninh,21.1861,106.0763,28.6,82,19.9,49,1006.1,1
2023-06-29,Bac_Ninh,21.1861,106.0763,29.8,79,18.3,44,1003.0,1
2023-06-30,Bac_Ninh,21.1861,106.0763,31.2,77,15.9,88,1000.5,0
2023-07-01,Bac_Ninh,21.1861,106.0763,31.9,75,18.2,91,1000.5,0
2023-07-02,Bac_Ninh,21.1861,106.0763,31.6,74,17.1,98,1001.4,0
2023-07-03,Bac_Ninh,21.1861,106.0763,30.1,80,15.0,99,1002.2,1
2023-07-04,Bac_Ninh,21.1861,106.0763,29.8,79,17.1,84,1002.8,1
2023-07-05,Bac_Ninh,21.1861,106.0763,29.7,81,14.2,49,1003.0,1
2023-07-06,Bac_Ninh,21.1861,106.0763,31.1,73,18.6,43,1003.0,1
2023-07-07,Bac_Ninh,21.1861,106.0763,32.0,70,18.2,43,1003.1,1
2023-07-08,Bac_Ninh,21.1861,106.0763,30.8,77,21.4,76,1004.6,1
2023-07-09,Bac_Ninh,21.1861,106.0763,30.6,78,17.1,97,1005.1,1
2023-07-10,Bac_Ninh,21.1861,106.0763,31.2,73,17.1,73,1004.2,1
2023-07-11,Bac_Ninh,21.1861,106.0763,31.2,72,15.9,32,1003.3,1
2023-07-12,Bac_Ninh,21.1861,106.0763,31.9,69,16.2,32,1002.7,1
2023-07-13,Bac_Ninh,21.1861,106.0763,31.7,69,14.0,49,1001.6,1
2023-07-14,Bac_Ninh,21.1861,106.0763,30.9,76,13.8,78,1001.6,1
2023-07-15,Bac_Ninh,21.1861,106.0763,29.5,82,13.1,79,1001.2,1
2023-07-16,Bac_Ninh,21.1861,106.0763,30.1,75,16.0,92,998.9,1
2023-07-17,Bac_Ninh,21.1861,106.0763,31.8,61,21.3,100,996.8,1
2023-07-18,Bac_Ninh,21.1861,106.0763,26.6,79,26.9,100,996.9,1
2023-07-19,Bac_Ninh,21.1861,106.0763,26.5,88,11.7,95,1002.1,1
2023-07-20,Bac_Ninh,21.1861,106.0763,26.7,92,8.6,98,1004.7,1
2023-07-21,Bac_Ninh,21.1861,106.0763,28.4,86,8.7,75,1007.0,1
2023-07-22,Bac_Ninh,21.1861,106.0763,29.2,82,11.9,89,1007.9,1
2023-07-23,Bac_Ninh,21.1861,106.0763,29.8,79,13.6,34,1006.5,1
2023-07-24,Bac_Ninh,21.1861,106.0763,29.9,77,15.2,55,1004.7,1
2023-07-25,Bac_Ninh,21.1861,106.0763,30.2,75,14.4,70,1004.3,0
2023-07-26,Bac_Ninh,21.1861,106.0763,30.7,75,16.6,75,1002.3,0
2023-07-27,Bac_Ninh,21.1861,106.0763,30.8,78,7.8,96,999.1,1
2023-07-28,Bac_Ninh,21.1861,106.0763,29.8,80,12.7,100,997.3,1
2023-07-29,Bac_Ninh,21.1861,106.0763,30.3,79,10.6,89,998.6,1
2023-07-30,Bac_Ninh,21.1861,106.0763,28.9,84,12.0,94,1000.2,1
2023-07-31,Bac_Ninh,21.1861,106.0763,27.8,90,12.6,95,1001.8,1
2023-08-01,Bac_Ninh,21.1861,106.0763,27.9,89,10.3,98,1001.6,1
2023-08-02,Bac_Ninh,21.1861,106.0763,27.7,88,17.6,100,1000.7,1
2023-08-03,Bac_Ninh,21.1861,106.0763,27.4,90,12.6,99,999.8,1
2023-08-04,Bac_Ninh,21.1861,106.0763,27.1,92,13.5,99,1000.7,1
2023-08-05,Bac_Ninh,21.1861,106.0763,27.3,90,12.2,98,1000.1,1
2023-08-06,Bac_Ninh,21.1861,106.0763,27.7,88,11.8,100,997.5,1
2023-08-07,Bac_Ninh,21.1861,106.0763,28.2,84,11.4,81,996.9,1
2023-08-08,Bac_Ninh,21.1861,106.0763,27.9,86,14.3,76,999.2,1
2023-08-09,Bac_Ninh,21.1861,106.0763,29.2,85,6.4,90,1001.2,1
2023-08-10,Bac_Ninh,21.1861,106.0763,28.7,88,7.4,97,1002.2,1
2023-08-11,Bac_Ninh,21.1861,106.0763,27.6,90,10.8,92,1000.9,1
2023-08-12,Bac_Ninh,21.1861,106.0763,27.3,90,13.0,95,1000.4,1
2023-08-13,Bac_Ninh,21.1861,106.0763,28.1,88,8.9,88,1000.8,1
2023-08-14,Bac_Ninh,21.1861,106.0763,27.9,90,8.7,97,1001.5,1
2023-08-15,Bac_Ninh,21.1861,106.0763,27.7,89,8.9,94,1003.0,1
2023-08-16,Bac_Ninh,21.1861,106.0763,28.5,86,9.2,64,1003.9,1
2023-08-17,Bac_Ninh,21.1861,106.0763,30.2,83,14.4,71,1003.3,1
2023-08-18,Bac_Ninh,21.1861,106.0763,30.0,82,12.1,99,1001.9,1
2023-08-19,Bac_Ninh,21.1861,106.0763,27.5,90,9.6,100,1003.5,1
2023-08-20,Bac_Ninh,21.1861,106.0763,26.7,93,12.0,100,1004.4,1
2023-08-21,Bac_Ninh,21.1861,106.0763,28.2,87,11.6,92,1004.7,1
2023-08-22,Bac_Ninh,21.1861,106.0763,29.1,86,11.2,100,1003.2,1
2023-08-23,Bac_Ninh,21.1861,106.0763,28.3,88,12.5,100,1001.7,1
2023-08-24,Bac_Ninh,21.1861,106.0763,26.8,92,12.9,100,1003.3,1
2023-08-25,Bac_Ninh,21.1861,106.0763,27.4,90,10.5,97,1003.6,1
2023-08-26,Bac_Ninh,21.1861,106.0763,28.3,89,11.7,97,1001.2,1
2023-08-27,Bac_Ninh,21.1861,106.0763,29.7,83,11.8,90,998.7,1
2023-08-28,Bac_Ninh,21.1861,106.0763,27.5,86,14.4,100,1001.1,1
2023-08-29,Bac_Ninh,21.1861,106.0763,27.9,73,20.7,61,1003.3,0
2023-08-30,Bac_Ninh,21.1861,106.0763,27.9,68,20.7,50,1005.5,0
2023-08-31,Bac_Ninh,21.1861,106.0763,28.0,68,15.1,18,1005.2,0
2023-09-01,Bac_Ninh,21.1861,106.0763,28.4,71,16.7,28,1004.0,1
2023-09-02,Bac_Ninh,21.1861,106.0763,29.7,70,19.8,52,1001.8,0
2023-09-03,Bac_Ninh,21.1861,106.0763,26.1,76,23.5,100,1001.9,1
2023-09-04,Bac_Ninh,21.1861,106.0763,26.7,78,19.6,75,1003.6,1
2023-09-05,Bac_Ninh,21.1861,106.0763,28.4,77,13.0,59,1004.7,1
2023-09-06,Bac_Ninh,21.1861,106.0763,29.4,80,11.4,95,1005.4,1
2023-09-07,Bac_Ninh,21.1861,106.0763,30.0,78,9.7,70,1005.1,0
2023-09-08,Bac_Ninh,21.1861,106.0763,28.3,83,13.6,92,1005.1,1
2023-09-09,Bac_Ninh,21.1861,106.0763,27.5,89,11.2,92,1003.8,1
2023-09-10,Bac_Ninh,21.1861,106.0763,27.4,89,9.6,93,1002.9,1
2023-09-11,Bac_Ninh,21.1861,106.0763,27.4,90,11.7,100,1002.0,1
2023-09-12,Bac_Ninh,21.1861,106.0763,27.4,90,13.0,100,1002.4,1
2023-09-13,Bac_Ninh,21.1861,106.0763,25.6,88,20.4,100,1003.7,1
2023-09-14,Bac_Ninh,21.1861,106.0763,24.2,91,16.0,100,1005.7,1
2023-09-15,Bac_Ninh,21.1861,106.0763,25.9,83,16.5,95,1006.8,1
2023-09-16,Bac_Ninh,21.1861,106.0763,26.2,88,9.6,80,1007.8,1
2023-09-17,Bac_Ninh,21.1861,106.0763,26.3,91,14.3,100,1007.5,1
2023-09-18,Bac_Ninh,21.1861,106.0763,27.0,89,10.6,97,1007.8,1
2023-09-19,Bac_Ninh,21.1861,106.0763,27.7,86,14.7,74,1008.3,1
2023-09-20,Bac_Ninh,21.1861,106.0763,28.3,86,11.4,31,1007.9,1
2023-09-21,Bac_Ninh,21.1861,106.0763,28.6,86,11.2,21,1008.3,1
2023-09-22,Bac_Ninh,21.1861,106.0763,28.5,85,14.2,58,1008.0,1
2023-09-23,Bac_Ninh,21.1861,106.0763,28.6,83,13.3,26,1008.0,1
2023-09-24,Bac_Ninh,21.1861,106.0763,27.4,87,13.8,40,1007.4,1
2023-09-25,Bac_Ninh,21.1861,106.0763,27.2,86,13.4,54,1007.1,1
2023-09-26,Bac_Ninh,21.1861,106.0763,25.7,92,16.6,94,1007.0,1
2023-09-27,Bac_Ninh,21.1861,106.0763,25.5,92,15.3,100,1007.6,1
2023-09-28,Bac_Ninh,21.1861,106.0763,25.1,94,9.9,100,1009.9,1
2023-09-29,Bac_Ninh,21.1861,106.0763,26.3,90,16.7,92,1010.6,1
2023-09-30,Bac_Ninh,21.1861,106.0763,27.4,87,7.6,56,1009.4,1
2023-10-01,Bac_Ninh,21.1861,106.0763,28.2,82,11.0,13,1007.7,0
2023-10-02,Bac_Ninh,21.1861,106.0763,27.9,83,12.5,32,1008.7,1
2023-10-03,Bac_Ninh,21.1861,106.0763,28.1,81,9.0,37,1008.8,1
2023-10-04,Bac_Ninh,21.1861,106.0763,28.8,80,13.0,16,1008.2,1
2023-10-05,Bac_Ninh,21.1861,106.0763,29.2,79,10.7,16,1006.9,0
2023-10-06,Bac_Ninh,21.1861,106.0763,28.3,84,12.2,60,1007.2,1
2023-10-07,Bac_Ninh,21.1861,106.0763,25.8,82,16.1,97,1009.9,1
2023-10-08,Bac_Ninh,21.1861,106.0763,25.4,65,16.1,55,1012.5,0
2023-10-09,Bac_Ninh,21.1861,106.0763,25.4,64,17.7,74,1013.8,0
2023-10-10,Bac_Ninh,21.1861,106.0763,25.2,66,21.1,93,1015.0,1
2023-10-11,Bac_Ninh,21.1861,106.0763,25.0,66,16.5,92,1015.6,0
2023-10-12,Bac_Ninh,21.1861,106.0763,24.2,77,10.8,74,1016.0,0
2023-10-13,Bac_Ninh,21.1861,106.0763,25.0,78,10.8,38,1014.4,1
2023-10-14,Bac_Ninh,21.1861,106.0763,25.1,74,16.9,50,1012.5,1
2023-10-15,Bac_Ninh,21.1861,106.0763,24.6,68,14.8,55,1012.3,0
2023-10-16,Bac_Ninh,21.1861,106.0763,25.2,69,11.5,58,1012.8,0
2023-10-17,Bac_Ninh,21.1861,106.0763,25.7,70,9.0,47,1012.4,0
2023-10-18,Bac_Ninh,21.1861,106.0763,26.3,76,11.5,90,1011.2,0
2023-10-19,Bac_Ninh,21.1861,106.0763,26.9,77,17.3,100,1009.7,0
2023-10-20,Bac_Ninh,21.1861,106.0763,27.0,56,27.7,82,1013.5,0
2023-10-21,Bac_Ninh,21.1861,106.0763,24.1,51,19.4,79,1017.1,0
2023-10-22,Bac_Ninh,21.1861,106.0763,23.7,67,13.5,82,1016.9,0
2023-10-23,Bac_Ninh,21.1861,106.0763,24.4,75,8.5,62,1015.4,0
2023-10-24,Bac_Ninh,21.1861,106.0763,25.6,79,7.9,56,1014.1,1
2023-10-25,Bac_Ninh,21.1861,106.0763,27.0,73,12.3,40,1013.1,0
2023-10-26,Bac_Ninh,21.1861,106.0763,27.2,68,13.1,42,1012.0,0
2023-10-27,Bac_Ninh,21.1861,106.0763,27.0,73,13.9,44,1011.3,0
2023-10-28,Bac_Ninh,21.1861,106.0763,26.1,80,13.9,90,1012.3,1
2023-10-29,Bac_Ninh,21.1861,106.0763,23.8,86,17.9,100,1013.8,1
2023-10-30,Bac_Ninh,21.1861,106.0763,24.4,70,15.3,93,1016.0,0
2023-10-31,Bac_Ninh,21.1861,106.0763,24.4,73,11.2,54,1016.7,0
2023-11-01,Bac_Ninh,21.1861,106.0763,24.2,75,10.7,9,1015.7,0
2023-11-02,Bac_Ninh,21.1861,106.0763,24.4,79,15.5,40,1012.8,0
2023-11-03,Bac_Ninh,21.1861,106.0763,25.9,82,16.0,51,1009.9,1
2023-11-04,Bac_Ninh,21.1861,106.0763,26.3,84,14.3,62,1010.3,1
2023-11-05,Bac_Ninh,21.1861,106.0763,27.1,82,14.3,69,1010.8,1
2023-11-06,Bac_Ninh,21.1861,106.0763,25.6,84,17.8,91,1013.5,1
2023-11-07,Bac_Ninh,21.1861,106.0763,24.0,79,12.0,81,1014.3,0
2023-11-08,Bac_Ninh,21.1861,106.0763,25.5,81,15.3,70,1011.8,0
2023-11-09,Bac_Ninh,21.1861,106.0763,26.7,83,15.6,35,1011.1,1
2023-11-10,Bac_Ninh,21.1861,106.0763,27.1,84,15.0,40,1012.5,1
2023-11-11,Bac_Ninh,21.1861,106.0763,27.1,83,14.3,28,1013.6,1
2023-11-12,Bac_Ninh,21.1861,106.0763,24.5,89,19.1,78,1016.4,1
2023-11-13,Bac_Ninh,21.1861,106.0763,16.3,80,21.4,100,1022.1,1
2023-11-14,Bac_Ninh,21.1861,106.0763,17.6,69,12.0,80,1021.6,0
2023-11-15,Bac_Ninh,21.1861,106.0763,20.0,75,11.3,84,1019.5,0
2023-11-16,Bac_Ninh,21.1861,106.0763,19.5,60,26.0,68,1025.5,1
2023-11-17,Bac_Ninh,21.1861,106.0763,19.0,53,18.3,54,1024.7,0
2023-11-18,Bac_Ninh,21.1861,106.0763,18.8,59,10.4,29,1021.8,0
2023-11-19,Bac_Ninh,21.1861,106.0763,18.9,65,9.5,23,1019.4,0
2023-11-20,Bac_Ninh,21.1861,106.0763,19.3,72,10.2,4,1017.5,0
2023-11-21,Bac_Ninh,21.1861,106.0763,19.8,75,12.0,2,1014.8,0
2023-11-22,Bac_Ninh,21.1861,106.0763,20.8,81,8.4,44,1013.6,1
2023-11-23,Bac_Ninh,21.1861,106.0763,22.3,80,7.2,51,1014.8,1
2023-11-24,Bac_Ninh,21.1861,106.0763,23.6,74,14.9,44,1016.5,0
2023-11-25,Bac_Ninh,21.1861,106.0763,22.9,74,15.1,38,1017.2,0
2023-11-26,Bac_Ninh,21.1861,106.0763,23.2,71,11.5,86,1018.1,0
2023-11-27,Bac_Ninh,21.1861,106.0763,22.6,76,9.1,23,1017.4,0
2023-11-28,Bac_Ninh,21.1861,106.0763,21.8,73,11.8,19,1016.7,0
2023-11-29,Bac_Ninh,21.1861,106.0763,22.5,78,12.0,78,1015.4,0
2023-11-30,Bac_Ninh,21.1861,106.0763,23.7,75,16.0,100,1017.4,1
2023-12-01,Bac_Ninh,21.1861,106.0763,20.2,64,19.5,99,1019.5,1
2023-12-02,Bac_Ninh,21.1861,106.0763,18.5,65,11.5,100,1019.7,1
2023-12-03,Bac_Ninh,21.1861,106.0763,18.9,75,11.6,93,1018.6,1
2023-12-04,Bac_Ninh,21.1861,106.0763,18.9,72,11.8,96,1016.7,0
2023-12-05,Bac_Ninh,21.1861,106.0763,20.5,74,11.4,95,1013.8,0
2023-12-06,Bac_Ninh,21.1861,106.0763,20.5,72,17.1,98,1017.5,1
2023-12-07,Bac_Ninh,21.1861,106.0763,20.0,61,10.9,80,1017.2,0
2023-12-08,Bac_Ninh,21.1861,106.0763,20.7,72,15.3,52,1013.0,0
2023-12-09,Bac_Ninh,21.1861,106.0763,22.8,82,14.3,53,1010.3,1
2023-12-10,Bac_Ninh,21.1861,106.0763,24.4,87,18.4,86,1008.9,1
2023-12-11,Bac_Ninh,21.1861,106.0763,24.7,88,17.3,83,1011.3,1
2023-12-12,Bac_Ninh,21.1861,106.0763,24.7,84,19.1,60,1013.4,1
2023-12-13,Bac_Ninh,21.1861,106.0763,23.4,81,18.4,42,1014.9,1
2023-12-14,Bac_Ninh,21.1861,106.0763,24.1,84,17.3,80,1014.2,1
2023-12-15,Bac_Ninh,21.1861,106.0763,24.7,85,14.8,83,1012.5,1
2023-12-16,Bac_Ninh,21.1861,106.0763,18.0,66,30.5,99,1019.0,1
2023-12-17,Bac_Ninh,21.1861,106.0763,12.6,61,17.7,73,1023.5,1
2023-12-18,Bac_Ninh,21.1861,106.0763,14.8,64,12.9,100,1020.5,1
2023-12-19,Bac_Ninh,21.1861,106.0763,13.2,65,16.3,100,1021.7,1
2023-12-20,Bac_Ninh,21.1861,106.0763,13.8,52,16.9,78,1024.0,0
2023-12-21,Bac_Ninh,21.1861,106.0763,13.3,46,19.5,76,1026.4,0
2023-12-22,Bac_Ninh,21.1861,106.0763,11.6,44,17.4,57,1029.6,0
2023-12-23,Bac_Ninh,21.1861,106.0763,12.6,44,15.7,69,1029.0,0
2023-12-24,Bac_Ninh,21.1861,106.0763,14.0,39,16.6,82,1028.8,0
2023-12-25,Bac_Ninh,21.1861,106.0763,14.2,43,13.6,19,1025.0,0
2023-12-26,Bac_Ninh,21.1861,106.0763,14.9,64,8.9,2,1022.8,0
2023-12-27,Bac_Ninh,21.1861,106.0763,16.6,73,14.5,1,1021.9,0
2023-12-28,Bac_Ninh,21.1861,106.0763,18.1,76,13.2,8,1019.7,0
2023-12-29,Bac_Ninh,21.1861,106.0763,20.2,75,13.2,70,1018.1,0
2023-12-30,Bac_Ninh,21.1861,106.0763,21.1,78,11.3,79,1016.5,1
2023-12-31,Bac_Ninh,21.1861,106.0763,21.6,78,16.3,51,1015.9,0
2024-01-01,Bac_Ninh,21.1861,106.0763,21.2,79,15.6,36,1015.4,1
2024-01-02,Bac_Ninh,21.1861,106.0763,22.1,84,13.9,58,1014.6,1
2024-01-03,Bac_Ninh,21.1861,106.0763,18.1,72,21.9,84,1018.8,1
2024-01-04,Bac_Ninh,21.1861,106.0763,19.1,64,14.8,67,1017.5,0
2024-01-05,Bac_Ninh,21.1861,106.0763,19.7,83,12.3,77,1016.3,1
2024-01-06,Bac_Ninh,21.1861,106.0763,21.3,82,14.2,49,1017.2,1
2024-01-07,Bac_Ninh,21.1861,106.0763,20.8,82,18.6,74,1016.7,0
2024-01-08,Bac_Ninh,21.1861,106.0763,21.6,84,17.1,62,1014.9,1
2024-01-09,Bac_Ninh,21.1861,106.0763,22.0,87,13.5,82,1013.9,1
2024-01-10,Bac_Ninh,21.1861,106.0763,19.7,90,15.1,99,1015.4,1
2024-01-11,Bac_Ninh,21.1861,106.0763,18.5,91,11.2,100,1015.9,1
2024-01-12,Bac_Ninh,21.1861,106.0763,18.3,93,11.3,100,1015.4,1
2024-01-13,Bac_Ninh,21.1861,106.0763,18.8,94,8.0,100,1016.4,1
2024-01-14,Bac_Ninh,21.1861,106.0763,19.2,93,7.9,90,1017.9,1
2024-01-15,Bac_Ninh,21.1861,106.0763,20.5,84,16.6,47,1017.9,1
2024-01-16,Bac_Ninh,21.1861,106.0763,20.3,82,20.7,65,1017.1,1
2024-01-17,Bac_Ninh,21.1861,106.0763,20.8,86,19.0,61,1015.6,1
2024-01-18,Bac_Ninh,21.1861,106.0763,21.5,84,15.8,75,1013.7,1
2024-01-19,Bac_Ninh,21.1861,106.0763,22.2,85,18.4,78,1012.4,1
2024-01-20,Bac_Ninh,21.1861,106.0763,20.9,85,20.1,90,1014.1,1
2024-01-21,Bac_Ninh,21.1861,106.0763,15.7,79,13.8,100,1017.5,1
2024-01-22,Bac_Ninh,21.1861,106.0763,10.9,82,27.1,100,1022.9,1
2024-01-23,Bac_Ninh,21.1861,106.0763,8.8,65,17.1,100,1028.0,1
2024-01-24,Bac_Ninh,21.1861,106.0763,9.3,55,13.7,100,1028.0,0
2024-01-25,Bac_Ninh,21.1861,106.0763,10.1,53,12.9,100,1027.8,1
2024-01-26,Bac_Ninh,21.1861,106.0763,11.2,61,12.2,100,1026.3,0
2024-01-27,Bac_Ninh,21.1861,106.0763,10.9,73,14.7,100,1025.1,1
2024-01-28,Bac_Ninh,21.1861,106.0763,12.0,72,12.0,100,1024.7,1
2024-01-29,Bac_Ninh,21.1861,106.0763,13.3,82,7.7,97,1021.2,1
2024-01-30,Bac_Ninh,21.1861,106.0763,16.4,81,7.9,100,1017.7,0
2024-01-31,Bac_Ninh,21.1861,106.0763,18.6,90,9.7,100,1015.3,1
2024-02-01,Bac_Ninh,21.1861,106.0763,21.2,91,11.4,90,1014.2,1
2024-02-02,Bac_Ninh,21.1861,106.0763,22.8,86,19.2,81,1012.8,1
2024-02-03,Bac_Ninh,21.1861,106.0763,22.6,87,21.3,97,1012.9,1
2024-02-04,Bac_Ninh,21.1861,106.0763,24.1,84,18.6,72,1011.9,1
2024-02-05,Bac_Ninh,21.1861,106.0763,22.0,85,18.1,100,1013.5,1
2024-02-06,Bac_Ninh,21.1861,106.0763,21.1,87,18.5,96,1014.3,1
2024-02-07,Bac_Ninh,21.1861,106.0763,15.0,78,16.1,100,1014.7,1
2024-02-08,Bac_Ninh,21.1861,106.0763,12.3,71,17.0,100,1017.4,1
2024-02-09,Bac_Ninh,21.1861,106.0763,13.7,61,13.8,95,1023.3,0
2024-02-10,Bac_Ninh,21.1861,106.0763,16.6,57,15.5,87,1026.0,0
2024-02-11,Bac_Ninh,21.1861,106.0763,17.2,60,13.5,26,1025.2,0
2024-02-12,Bac_Ninh,21.1861,106.0763,17.4,74,19.9,18,1021.4,0
2024-02-13,Bac_Ninh,21.1861,106.0763,19.3,84,17.4,83,1018.3,1
2024-02-14,Bac_Ninh,21.1861,106.0763,21.4,82,20.5,96,1015.8,1
2024-02-15,Bac_Ninh,21.1861,106.0763,21.5,82,10.7,91,1017.1,1
2024-02-16,Bac_Ninh,21.1861,106.0763,20.6,73,15.5,83,1017.5,1
2024-02-17,Bac_Ninh,21.1861,106.0763,20.4,84,21.0,71,1012.2,1
2024-02-18,Bac_Ninh,21.1861,106.0763,23.2,85,18.5,85,1009.4,1
2024-02-19,Bac_Ninh,21.1861,106.0763,24.2,86,23.7,57,1009.0,1
2024-02-20,Bac_Ninh,21.1861,106.0763,25.3,82,25.5,55,1007.0,1
2024-02-21,Bac_Ninh,21.1861,106.0763,26.1,80,20.9,54,1007.1,1
2024-02-22,Bac_Ninh,21.1861,106.0763,24.9,85,20.2,90,1010.8,1
2024-02-23,Bac_Ninh,21.1861,106.0763,18.6,70,16.6,100,1015.8,1
2024-02-24,Bac_Ninh,21.1861,106.0763,13.2,81,14.6,100,1019.3,1
2024-02-25,Bac_Ninh,21.1861,106.0763,13.2,76,13.6,100,1019.6,1
2024-02-26,Bac_Ninh,21.1861,106.0763,14.7,72,12.8,100,1019.2,1
2024-02-27,Bac_Ninh,21.1861,106.0763,13.0,72,15.3,100,1019.7,1
2024-02-28,Bac_Ninh,21.1861,106.0763,15.5,77,8.4,100,1015.6,1
2024-02-29,Bac_Ninh,21.1861,106.0763,15.1,78,17.9,100,1017.0,1
2024-03-01,Bac_Ninh,21.1861,106.0763,13.6,64,15.2,100,1020.8,1
2024-03-02,Bac_Ninh,21.1861,106.0763,14.0,63,16.5,79,1020.5,0
2024-03-03,Bac_Ninh,21.1861,106.0763,16.5,78,17.6,92,1013.3,0
2024-03-04,Bac_Ninh,21.1861,106.0763,21.2,83,11.5,51,1005.3,0
2024-03-05,Bac_Ninh,21.1861,106.0763,24.0,83,11.0,24,1002.5,0
2024-03-06,Bac_Ninh,21.1861,106.0763,22.6,71,23.3,10,1007.5,0
2024-03-07,Bac_Ninh,21.1861,106.0763,20.2,64,14.9,92,1013.6,0
2024-03-08,Bac_Ninh,21.1861,106.0763,19.7,68,13.2,100,1015.6,0
2024-03-09,Bac_Ninh,21.1861,106.0763,17.7,81,10.9,100,1015.3,1
2024-03-10,Bac_Ninh,21.1861,106.0763,17.2,85,11.7,100,1017.0,1
2024-03-11,Bac_Ninh,21.1861,106.0763,19.4,74,14.6,53,1018.3,1
2024-03-12,Bac_Ninh,21.1861,106.0763,19.6,81,17.3,44,1015.4,0
2024-03-13,Bac_Ninh,21.1861,106.0763,21.0,86,12.1,94,1012.8,1
2024-03-14,Bac_Ninh,21.1861,106.0763,21.2,93,9.3,100,1012.1,1
2024-03-15,Bac_Ninh,21.1861,106.0763,22.1,93,11.9,99,1011.5,1
2024-03-16,Bac_Ninh,21.1861,106.0763,23.3,91,16.0,100,1012.6,1
2024-03-17,Bac_Ninh,21.1861,106.0763,23.5,90,15.6,100,1012.1,1
2024-03-18,Bac_Ninh,21.1861,106.0763,23.6,90,13.7,100,1011.7,1
2024-03-19,Bac_Ninh,21.1861,106.0763,19.5,81,24.7,100,1018.1,1
2024-03-20,Bac_Ninh,21.1861,106.0763,18.8,75,10.9,96,1020.7,1
2024-03-21,Bac_Ninh,21.1861,106.0763,19.6,78,17.3,38,1013.9,0
2024-03-22,Bac_Ninh,21.1861,106.0763,22.3,86,17.7,76,1007.2,1
2024-03-23,Bac_Ninh,21.1861,106.0763,25.2,85,21.4,66,1005.6,1
2024-03-24,Bac_Ninh,21.1861,106.0763,25.1,87,21.4,54,1008.1,1
2024-03-25,Bac_Ninh,21.1861,106.0763,25.4,88,17.5,74,1010.0,1
2024-03-26,Bac_Ninh,21.1861,106.0763,25.5,86,20.2,92,1013.7,1
2024-03-27,Bac_Ninh,21.1861,106.0763,24.7,88,18.9,100,1013.1,1
2024-03-28,Bac_Ninh,21.1861,106.0763,24.1,89,15.1,97,1011.3,1
2024-03-29,Bac_Ninh,21.1861,106.0763,23.8,87,13.6,76,1011.5,1
2024-03-30,Bac_Ninh,21.1861,106.0763,25.0,86,16.6,63,1009.1,1
2024-03-31,Bac_Ninh,21.1861,106.0763,26.8,84,14.8,44,1005.6,0
2024-04-01,Bac_Ninh,21.1861,106.0763,28.3,78,16.5,48,1001.9,0
2024-04-02,Bac_Ninh,21.1861,106.0763,28.4,75,19.5,8,1000.7,0
2024-04-03,Bac_Ninh,21.1861,106.0763,28.5,78,17.8,1,1001.8,0
2024-04-04,Bac_Ninh,21.1861,106.0763,28.2,81,16.6,1,1002.8,0
2024-04-05,Bac_Ninh,21.1861,106.0763,26.8,84,16.5,91,1006.0,1
2024-04-06,Bac_Ninh,21.1861,106.0763,26.4,80,17.2,94,1007.4,1
2024-04-07,Bac_Ninh,21.1861,106.0763,25.9,84,16.4,96,1006.6,1
2024-04-08,Bac_Ninh,21.1861,106.0763,23.2,82,17.6,100,1010.5,1
2024-04-09,Bac_Ninh,21.1861,106.0763,23.7,80,11.8,100,1013.1,1
2024-04-10,Bac_Ninh,21.1861,106.0763,24.3,84,13.7,93,1012.7,1
2024-04-11,Bac_Ninh,21.1861,106.0763,25.1,90,14.0,94,1011.8,1
2024-04-12,Bac_Ninh,21.1861,106.0763,26.5,84,18.5,91,1009.8,1
2024-04-13,Bac_Ninh,21.1861,106.0763,26.9,85,19.4,79,1007.1,1
2024-04-14,Bac_Ninh,21.1861,106.0763,27.0,85,18.1,76,1006.8,1
2024-04-15,Bac_Ninh,21.1861,106.0763,27.2,84,20.1,90,1008.0,1
2024-04-16,Bac_Ninh,21.1861,106.0763,27.4,82,22.8,66,1006.1,1
2024-04-17,Bac_Ninh,21.1861,106.0763,27.8,83,18.2,68,1004.7,1
2024-04-18,Bac_Ninh,21.1861,106.0763,27.6,84,18.4,67,1003.1,1
2024-04-19,Bac_Ninh,21.1861,106.0763,28.9,80,25.6,54,1000.1,1
2024-04-20,Bac_Ninh,21.1861,106.0763,29.6,75,19.9,34,999.6,1
2024-04-21,Bac_Ninh,21.1861,106.0763,27.9,80,19.2,51,1002.6,1
2024-04-22,Bac_Ninh,21.1861,106.0763,26.6,84,14.4,80,1004.4,1
2024-04-23,Bac_Ninh,21.1861,106.0763,26.6,86,14.2,85,1005.0,1
2024-04-24,Bac_Ninh,21.1861,106.0763,26.9,83,18.1,82,1005.3,1
2024-04-25,Bac_Ninh,21.1861,106.0763,29.0,82,17.0,44,1001.7,1
2024-04-26,Bac_Ninh,21.1861,106.0763,30.5,78,18.9,8,999.1,0
2024-04-27,Bac_Ninh,21.1861,106.0763,31.7,64,15.9,0,997.9,0
2024-04-28,Bac_Ninh,21.1861,106.0763,30.6,74,16.7,0,1000.3,0
2024-04-29,Bac_Ninh,21.1861,106.0763,31.7,71,20.8,13,999.9,0
2024-04-30,Bac_Ninh,21.1861,106.0763,32.5,64,29.5,14,997.6,0
2024-05-01,Bac_Ninh,21.1861,106.0763,27.4,74,22.8,94,1004.0,1
2024-05-02,Bac_Ninh,21.1861,106.0763,25.9,81,14.8,100,1006.6,1
2024-05-03,Bac_Ninh,21.1861,106.0763,26.3,89,20.5,90,1006.0,1
2024-05-04,Bac_Ninh,21.1861,106.0763,28.6,83,15.9,47,1003.0,1
2024-05-05,Bac_Ninh,21.1861,106.0763,26.2,80,14.6,90,1006.8,1
2024-05-06,Bac_Ninh,21.1861,106.0763,25.9,88,13.8,92,1009.2,1
2024-05-07,Bac_Ninh,21.1861,106.0763,26.4,86,12.5,89,1011.0,1
2024-05-08,Bac_Ninh,21.1861,106.0763,26.5,88,16.9,99,1010.6,1
2024-05-09,Bac_Ninh,21.1861,106.0763,25.6,87,14.8,97,1010.9,1
2024-05-10,Bac_Ninh,21.1861,106.0763,26.7,85,16.5,80,1009.6,1
2024-05-11,Bac_Ninh,21.1861,106.0763,27.5,87,22.9,57,1008.9,1
2024-05-12,Bac_Ninh,21.1861,106.0763,27.2,88,17.7,76,1009.1,1
2024-05-13,Bac_Ninh,21.1861,106.0763,27.1,81,15.0,57,1010.1,1
2024-05-14,Bac_Ninh,21.1861,106.0763,27.4,83,15.8,32,1009.3,1
2024-05-15,Bac_Ninh,21.1861,106.0763,26.9,87,12.9,67,1010.6,1
2024-05-16,Bac_Ninh,21.1861,106.0763,26.9,74,15.5,64,1011.4,1
2024-05-17,Bac_Ninh,21.1861,106.0763,27.1,74,17.1,72,1008.4,1
2024-05-18,Bac_Ninh,21.1861,106.0763,27.4,87,19.8,100,1003.6,1
2024-05-19,Bac_Ninh,21.1861,106.0763,27.0,89,18.1,100,1001.5,1
2024-05-20,Bac_Ninh,21.1861,106.0763,27.2,82,11.8,85,1004.7,1
2024-05-21,Bac_Ninh,21.1861,106.0763,27.1,86,14.4,94,1006.6,1
2024-05-22,Bac_Ninh,21.1861,106.0763,26.9,86,11.6,85,1007.4,1
2024-05-23,Bac_Ninh,21.1861,106.0763,27.0,85,9.8,87,1006.6,1
2024-05-24,Bac_Ninh,21.1861,106.0763,27.7,84,13.7,70,1006.4,1
2024-05-25,Bac_Ninh,21.1861,106.0763,27.5,88,19.4,97,1006.0,1
2024-05-26,Bac_Ninh,21.1861,106.0763,29.3,85,18.4,84,1003.2,1
2024-05-27,Bac_Ninh,21.1861,106.0763,31.1,76,14.0,73,999.3,1
2024-05-28,Bac_Ninh,21.1861,106.0763,29.0,85,14.3,98,999.8,1
2024-05-29,Bac_Ninh,21.1861,106.0763,30.3,83,21.2,99,999.3,1
2024-05-30,Bac_Ninh,21.1861,106.0763,28.0,85,19.4,98,1001.3,1
2024-05-31,Bac_Ninh,21.1861,106.0763,26.0,80,14.8,87,1004.8,1
2024-06-01,Bac_Ninh,21.1861,106.0763,28.6,76,12.0,48,1006.0,0
2024-06-02,Bac_Ninh,21.1861,106.0763,28.7,86,11.1,67,1004.9,1
2024-06-03,Bac_Ninh,21.1861,106.0763,29.1,87,10.7,100,1002.2,1
2024-06-04,Bac_Ninh,21.1861,106.0763,28.1,89,10.8,100,1003.0,1
2024-06-05,Bac_Ninh,21.1861,106.0763,26.4,89,18.7,100,1006.0,1
2024-06-06,Bac_Ninh,21.1861,106.0763,26.1,88,10.6,100,1006.7,1
2024-06-07,Bac_Ninh,21.1861,106.0763,27.3,88,10.2,97,1003.7,1
2024-06-08,Bac_Ninh,21.1861,106.0763,27.0,92,12.2,100,1001.9,1
2024-06-09,Bac_Ninh,21.1861,106.0763,26.7,94,9.7,100,1002.5,1
2024-06-10,Bac_Ninh,21.1861,106.0763,26.7,92,11.0,100,1004.0,1
2024-06-11,Bac_Ninh,21.1861,106.0763,28.6,86,12.0,97,1003.5,1
2024-06-12,Bac_Ninh,21.1861,106.0763,29.7,83,16.1,100,1002.3,1
2024-06-13,Bac_Ninh,21.1861,106.0763,31.3,74,14.1,100,999.4,0
2024-06-14,Bac_Ninh,21.1861,106.0763,31.1,72,13.4,100,998.2,0
2024-06-15,Bac_Ninh,21.1861,106.0763,30.1,82,11.8,100,999.7,1
2024-06-16,Bac_Ninh,21.1861,106.0763,30.2,84,16.6,100,1000.9,1
2024-06-17,Bac_Ninh,21.1861,106.0763,30.8,80,14.4,100,1000.2,1
2024-06-18,Bac_Ninh,21.1861,106.0763,30.4,81,13.7,100,999.4,1
2024-06-19,Bac_Ninh,21.1861,106.0763,31.0,77,15.8,100,998.9,1
2024-06-20,Bac_Ninh,21.1861,106.0763,31.3,76,16.8,100,998.9,0
2024-06-21,Bac_Ninh,21.1861,106.0763,31.6,75,18.2,99,999.8,1
2024-06-22,Bac_Ninh,21.1861,106.0763,30.5,80,15.6,95,1001.5,1
2024-06-23,Bac_Ninh,21.1861,106.0763,29.1,84,13.2,99,1001.8,1
2024-06-24,Bac_Ninh,21.1861,106.0763,27.1,91,9.8,100,1001.8,1
2024-06-25,Bac_Ninh,21.1861,106.0763,26.9,91,16.8,100,1003.7,1
2024-06-26,Bac_Ninh,21.1861,106.0763,27.2,88,17.9,99,1006.4,1
2024-06-27,Bac_Ninh,21.1861,106.0763,27.5,85,17.1,98,1007.3,1
2024-06-28,Bac_Ninh,21.1861,106.0763,29.1,81,18.5,80,1004.2,1
2024-06-29,Bac_Ninh,21.1861,106.0763,30.8,76,18.2,99,1001.8,1
2024-06-30,Bac_Ninh,21.1861,106.0763,31.9,69,17.0,100,1000.1,1
2024-07-01,Bac_Ninh,21.1861,106.0763,31.4,68,17.1,97,998.4,0
2024-07-02,Bac_Ninh,21.1861,106.0763,29.7,79,15.5,100,1000.3,1
2024-07-03,Bac_Ninh,21.1861,106.0763,28.3,87,18.3,99,1005.3,1
2024-07-04,Bac_Ninh,21.1861,106.0763,28.4,83,17.1,73,1007.4,1
2024-07-05,Bac_Ninh,21.1861,106.0763,28.7,80,17.4,29,1004.7,1
2024-07-06,Bac_Ninh,21.1861,106.0763,29.1,80,17.8,24,1003.9,1
2024-07-07,Bac_Ninh,21.1861,106.0763,29.7,78,19.1,30,1004.6,1
2024-07-08,Bac_Ninh,21.1861,106.0763,30.0,78,20.5,31,1003.5,1
2024-07-09,Bac_Ninh,21.1861,106.0763,30.4,78,18.7,70,1003.1,1
2024-07-10,Bac_Ninh,21.1861,106.0763,30.5,77,15.3,48,1003.3,1
2024-07-11,Bac_Ninh,21.1861,106.0763,30.1,79,17.1,54,1001.8,1
2024-07-12,Bac_Ninh,21.1861,106.0763,30.3,81,14.3,88,999.7,1
2024-07-13,Bac_Ninh,21.1861,106.0763,30.0,80,16.8,85,999.6,1
2024-07-14,Bac_Ninh,21.1861,106.0763,28.6,82,16.3,93,1002.9,1
2024-07-15,Bac_Ninh,21.1861,106.0763,28.3,86,12.2,96,1004.4,1
2024-07-16,Bac_Ninh,21.1861,106.0763,28.0,86,13.9,84,1004.5,1
2024-07-17,Bac_Ninh,21.1861,106.0763,27.6,88,13.8,97,1003.5,1
2024-07-18,Bac_Ninh,21.1861,106.0763,27.8,85,18.2,97,1002.8,1
2024-07-19,Bac_Ninh,21.1861,106.0763,27.6,87,18.4,86,1002.8,1
2024-07-20,Bac_Ninh,21.1861,106.0763,28.5,85,16.1,71,1003.5,1
2024-07-21,Bac_Ninh,21.1861,106.0763,28.7,85,16.4,44,1003.6,1
2024-07-22,Bac_Ninh,21.1861,106.0763,27.9,89,11.8,98,1001.1,1
2024-07-23,Bac_Ninh,21.1861,106.0763,26.2,93,27.4,100,996.0,1
2024-07-24,Bac_Ninh,21.1861,106.0763,27.8,88,11.2,92,994.2,1
2024-07-25,Bac_Ninh,21.1861,106.0763,28.1,89,10.2,86,993.9,1
2024-07-26,Bac_Ninh,21.1861,106.0763,30.8,82,12.1,87,994.3,0
2024-07-27,Bac_Ninh,21.1861,106.0763,31.8,80,18.0,95,997.5,1
2024-07-28,Bac_Ninh,21.1861,106.0763,28.4,90,11.4,99,1000.3,1
2024-07-29,Bac_Ninh,21.1861,106.0763,26.4,93,14.6,100,1000.5,1
2024-07-30,Bac_Ninh,21.1861,106.0763,27.2,91,13.5,100,1000.3,1
2024-07-31,Bac_Ninh,21.1861,106.0763,27.5,86,15.6,100,1001.3,1
2024-08-01,Bac_Ninh,21.1861,106.0763,28.5,79,19.8,99,1002.0,1
2024-08-02,Bac_Ninh,21.1861,106.0763,26.7,86,18.4,80,1002.0,1
2024-08-03,Bac_Ninh,21.1861,106.0763,28.6,79,14.4,58,1003.6,1
2024-08-04,Bac_Ninh,21.1861,106.0763,29.0,83,10.5,29,1005.2,1
2024-08-05,Bac_Ninh,21.1861,106.0763,28.9,84,12.5,57,1004.7,1
2024-08-06,Bac_Ninh,21.1861,106.0763,29.5,84,14.3,76,1003.7,1
2024-08-07,Bac_Ninh,21.1861,106.0763,29.9,83,14.5,21,1003.9,1
2024-08-08,Bac_Ninh,21.1861,106.0763,30.5,80,15.1,19,1003.5,1
2024-08-09,Bac_Ninh,21.1861,106.0763,31.5,74,17.0,54,1000.8,1
2024-08-10,Bac_Ninh,21.1861,106.0763,31.9,72,18.2,74,999.2,0
2024-08-11,Bac_Ninh,21.1861,106.0763,29.0,82,14.4,100,1000.0,1
2024-08-12,Bac_Ninh,21.1861,106.0763,27.7,88,10.0,100,1000.8,1
2024-08-13,Bac_Ninh,21.1861,106.0763,27.5,90,7.5,100,1003.2,1
2024-08-14,Bac_Ninh,21.1861,106.0763,27.3,91,7.2,99,1004.1,1
2024-08-15,Bac_Ninh,21.1861,106.0763,27.7,91,8.9,97,1003.2,1
2024-08-16,Bac_Ninh,21.1861,106.0763,28.6,86,12.1,81,1002.9,1
2024-08-17,Bac_Ninh,21.1861,106.0763,28.0,88,11.1,91,1004.4,1
2024-08-18,Bac_Ninh,21.1861,106.0763,28.8,89,12.0,89,1004.2,1
2024-08-19,Bac_Ninh,21.1861,106.0763,29.1,87,8.3,100,1002.6,1
2024-08-20,Bac_Ninh,21.1861,106.0763,29.1,87,10.2,98,1002.9,1
2024-08-21,Bac_Ninh,21.1861,106.0763,28.4,89,9.4,100,1004.5,1
2024-08-22,Bac_Ninh,21.1861,106.0763,29.0,86,14.4,100,1005.7,1
2024-08-23,Bac_Ninh,21.1861,106.0763,27.0,94,8.4,100,1007.5,1
2024-08-24,Bac_Ninh,21.1861,106.0763,27.3,89,14.5,100,1006.8,1
2024-08-25,Bac_Ninh,21.1861,106.0763,27.5,86,10.2,99,1005.6,1
2024-08-26,Bac_Ninh,21.1861,106.0763,28.2,86,10.7,74,1005.2,1
2024-08-27,Bac_Ninh,21.1861,106.0763,28.7,84,12.3,43,1004.8,1
2024-08-28,Bac_Ninh,21.1861,106.0763,30.2,79,13.5,34,1002.9,0
2024-08-29,Bac_Ninh,21.1861,106.0763,30.0,83,10.0,79,1002.6,1
2024-08-30,Bac_Ninh,21.1861,106.0763,28.3,86,11.2,80,1004.1,1
2024-08-31,Bac_Ninh,21.1861,106.0763,28.4,85,12.6,63,1005.5,1
2024-09-01,Bac_Ninh,21.1861,106.0763,27.8,88,9.4,100,1006.0,1
2024-09-02,Bac_Ninh,21.1861,106.0763,28.5,88,7.8,96,1006.4,1
2024-09-03,Bac_Ninh,21.1861,106.0763,29.2,84,13.7,79,1005.7,0
2024-09-04,Bac_Ninh,21.1861,106.0763,29.8,80,9.0,48,1002.1,0
2024-09-05,Bac_Ninh,21.1861,106.0763,30.3,82,11.5,35,999.9,1
2024-09-06,Bac_Ninh,21.1861,106.0763,29.1,82,21.4,93,998.8,1
2024-09-07,Bac_Ninh,21.1861,106.0763,26.2,88,66.9,100,991.0,1
2024-09-08,Bac_Ninh,21.1861,106.0763,27.6,89,28.8,100,998.2,1
2024-09-09,Bac_Ninh,21.1861,106.0763,26.3,94,16.9,100,1002.4,1
2024-09-10,Bac_Ninh,21.1861,106.0763,25.3,95,10.9,100,1004.9,1
2024-09-11,Bac_Ninh,21.1861,106.0763,25.0,95,15.1,100,1006.5,1
2024-09-12,Bac_Ninh,21.1861,106.0763,26.1,92,9.9,94,1006.1,1
2024-09-13,Bac_Ninh,21.1861,106.0763,27.4,87,13.0,32,1003.8,1
2024-09-14,Bac_Ninh,21.1861,106.0763,27.6,87,11.0,91,1001.8,1
2024-09-15,Bac_Ninh,21.1861,106.0763,28.2,87,13.1,72,1001.2,1
2024-09-16,Bac_Ninh,21.1861,106.0763,27.1,89,18.7,62,1003.5,1
2024-09-17,Bac_Ninh,21.1861,106.0763,27.9,85,18.0,87,1004.1,1
2024-09-18,Bac_Ninh,21.1861,106.0763,27.9,85,12.4,69,1003.0,1
2024-09-19,Bac_Ninh,21.1861,106.0763,27.2,86,16.1,70,1001.8,1
2024-09-20,Bac_Ninh,21.1861,106.0763,27.5,88,20.0,88,1002.1,1
2024-09-21,Bac_Ninh,21.1861,106.0763,27.6,88,12.3,87,1003.3,1
2024-09-22,Bac_Ninh,21.1861,106.0763,25.7,87,22.9,100,1004.8,1
2024-09-23,Bac_Ninh,21.1861,106.0763,25.6,69,20.5,94,1008.3,1
2024-09-24,Bac_Ninh,21.1861,106.0763,25.9,75,12.5,34,1008.8,0
2024-09-25,Bac_Ninh,21.1861,106.0763,25.6,84,7.4,81,1009.8,0
2024-09-26,Bac_Ninh,21.1861,106.0763,27.0,80,12.4,49,1009.7,1
2024-09-27,Bac_Ninh,21.1861,106.0763,28.0,79,15.7,36,1008.7,1
2024-09-28,Bac_Ninh,21.1861,106.0763,28.7,82,15.7,38,1006.4,1
2024-09-29,Bac_Ninh,21.1861,106.0763,28.1,87,16.6,78,1005.3,1
2024-09-30,Bac_Ninh,21.1861,106.0763,27.1,90,17.8,81,1005.0,1
2024-10-01,Bac_Ninh,21.1861,106.0763,25.9,76,25.3,64,1009.1,1
2024-10-02,Bac_Ninh,21.1861,106.0763,23.7,58,22.9,58,1014.0,0
2024-10-03,Bac_Ninh,21.1861,106.0763,23.1,62,15.7,59,1014.5,0
2024-10-04,Bac_Ninh,21.1861,106.0763,23.5,67,10.4,65,1014.0,0
2024-10-05,Bac_Ninh,21.1861,106.0763,24.1,70,7.9,6,1013.0,0
2024-10-06,Bac_Ninh,21.1861,106.0763,25.3,69,13.4,8,1013.3,0
2024-10-07,Bac_Ninh,21.1861,106.0763,26.5,65,16.7,21,1014.3,0
2024-10-08,Bac_Ninh,21.1861,106.0763,26.2,62,14.2,4,1013.8,0
2024-10-09,Bac_Ninh,21.1861,106.0763,25.8,65,15.7,14,1012.7,0
2024-10-10,Bac_Ninh,21.1861,106.0763,25.8,68,15.4,14,1011.8,0
2024-10-11,Bac_Ninh,21.1861,106.0763,26.0,72,12.7,24,1011.4,0
2024-10-12,Bac_Ninh,21.1861,106.0763,26.1,78,13.6,29,1012.1,0
2024-10-13,Bac_Ninh,21.1861,106.0763,26.6,77,13.8,20,1011.8,1
2024-10-14,Bac_Ninh,21.1861,106.0763,27.1,77,14.0,29,1010.8,1
2024-10-15,Bac_Ninh,21.1861,106.0763,26.0,85,10.3,50,1011.4,1
2024-10-16,Bac_Ninh,21.1861,106.0763,26.7,79,11.3,46,1011.8,1
2024-10-17,Bac_Ninh,21.1861,106.0763,26.9,83,13.8,62,1010.2,1
2024-10-18,Bac_Ninh,21.1861,106.0763,27.5,81,13.0,50,1009.6,1
2024-10-19,Bac_Ninh,21.1861,106.0763,27.2,84,13.3,53,1011.9,1
2024-10-20,Bac_Ninh,21.1861,106.0763,27.9,75,14.4,68,1013.7,1
2024-10-21,Bac_Ninh,21.1861,106.0763,26.3,84,12.5,80,1013.1,1
2024-10-22,Bac_Ninh,21.1861,106.0763,27.4,77,16.4,50,1013.3,1
2024-10-23,Bac_Ninh,21.1861,106.0763,25.8,53,23.1,44,1014.4,0
2024-10-24,Bac_Ninh,21.1861,106.0763,24.2,50,12.3,76,1011.4,0
2024-10-25,Bac_Ninh,21.1861,106.0763,23.9,49,14.9,76,1008.8,0
2024-10-26,Bac_Ninh,21.1861,106.0763,26.0,42,24.7,93,1007.4,0
2024-10-27,Bac_Ninh,21.1861,106.0763,22.5,67,26.5,99,1009.0,1
2024-10-28,Bac_Ninh,21.1861,106.0763,21.5,67,20.0,98,1010.5,1
2024-10-29,Bac_Ninh,21.1861,106.0763,22.1,74,16.1,79,1010.1,1
2024-10-30,Bac_Ninh,21.1861,106.0763,24.2,69,13.0,64,1010.5,0
2024-10-31,Bac_Ninh,21.1861,106.0763,25.2,75,9.7,7,1009.0,0
2024-11-01,Bac_Ninh,21.1861,106.0763,25.8,57,17.9,14,1011.5,0
2024-11-02,Bac_Ninh,21.1861,106.0763,24.1,51,19.6,6,1015.8,0
2024-11-03,Bac_Ninh,21.1861,106.0763,24.5,59,11.1,71,1015.8,0
2024-11-04,Bac_Ninh,21.1861,106.0763,23.9,68,13.5,99,1016.0,1
2024-11-05,Bac_Ninh,21.1861,106.0763,24.1,68,16.2,96,1017.5,0
2024-11-06,Bac_Ninh,21.1861,106.0763,24.2,64,11.3,85,1018.0,0
2024-11-07,Bac_Ninh,21.1861,106.0763,23.8,60,16.1,24,1017.9,0
2024-11-08,Bac_Ninh,21.1861,106.0763,22.6,65,11.0,2,1016.5,0
2024-11-09,Bac_Ninh,21.1861,106.0763,22.6,68,7.7,1,1014.1,0
2024-11-10,Bac_Ninh,21.1861,106.0763,23.4,65,10.1,1,1014.0,0
2024-11-11,Bac_Ninh,21.1861,106.0763,25.0,70,12.6,24,1013.0,0
2024-11-12,Bac_Ninh,21.1861,106.0763,25.9,73,12.7,49,1011.2,0
2024-11-13,Bac_Ninh,21.1861,106.0763,25.7,78,14.5,39,1009.8,0
2024-11-14,Bac_Ninh,21.1861,106.0763,26.2,80,12.8,48,1009.1,1
2024-11-15,Bac_Ninh,21.1861,106.0763,26.9,80,14.3,36,1008.3,0
2024-11-16,Bac_Ninh,21.1861,106.0763,26.8,81,13.1,41,1009.6,1
2024-11-17,Bac_Ninh,21.1861,106.0763,26.4,76,8.8,34,1012.1,0
2024-11-18,Bac_Ninh,21.1861,106.0763,24.2,83,13.0,57,1014.8,1
2024-11-19,Bac_Ninh,21.1861,106.0763,24.7,63,13.0,23,1016.1,0
2024-11-20,Bac_Ninh,21.1861,106.0763,23.1,57,15.5,2,1016.8,0
2024-11-21,Bac_Ninh,21.1861,106.0763,21.9,58,13.2,7,1016.8,0
2024-11-22,Bac_Ninh,21.1861,106.0763,22.0,57,13.5,85,1017.2,0
2024-11-23,Bac_Ninh,21.1861,106.0763,22.0,61,13.0,47,1017.3,0
2024-11-24,Bac_Ninh,21.1861,106.0763,22.0,74,12.1,46,1016.2,0
2024-11-25,Bac_Ninh,21.1861,106.0763,23.3,78,13.2,47,1015.5,1
2024-11-26,Bac_Ninh,21.1861,106.0763,20.5,61,21.9,94,1018.0,1
2024-11-27,Bac_Ninh,21.1861,106.0763,20.1,51,15.4,97,1019.9,0
2024-11-28,Bac_Ninh,21.1861,106.0763,20.1,44,13.5,55,1022.2,0
2024-11-29,Bac_Ninh,21.1861,106.0763,19.1,52,10.8,16,1019.9,0
2024-11-30,Bac_Ninh,21.1861,106.0763,19.4,63,12.7,67,1015.4,0
2024-12-01,Bac_Ninh,21.1861,106.0763,20.2,73,15.8,78,1011.8,0
2024-12-02,Bac_Ninh,21.1861,106.0763,22.3,75,14.2,84,1012.1,0
2024-12-03,Bac_Ninh,21.1861,106.0763,22.8,81,13.5,58,1012.6,1
2024-12-04,Bac_Ninh,21.1861,106.0763,22.9,75,17.4,25,1012.9,0
2024-12-05,Bac_Ninh,21.1861,106.0763,22.6,72,15.3,46,1013.0,0
2024-12-06,Bac_Ninh,21.1861,106.0763,21.0,83,12.7,97,1013.1,1
2024-12-07,Bac_Ninh,21.1861,106.0763,19.3,64,17.7,98,1016.7,1
2024-12-08,Bac_Ninh,21.1861,106.0763,17.0,63,15.4,89,1020.1,1
2024-12-09,Bac_Ninh,21.1861,106.0763,18.1,66,10.5,84,1016.8,0
2024-12-10,Bac_Ninh,21.1861,106.0763,20.6,80,11.6,87,1012.5,1
2024-12-11,Bac_Ninh,21.1861,106.0763,19.3,74,30.4,100,1015.0,1
2024-12-12,Bac_Ninh,21.1861,106.0763,16.6,66,14.3,100,1017.0,1
2024-12-13,Bac_Ninh,21.1861,106.0763,15.9,59,16.8,100,1020.2,1
2024-12-14,Bac_Ninh,21.1861,106.0763,14.6,55,17.6,99,1024.7,1
2024-12-15,Bac_Ninh,21.1861,106.0763,14.4,50,16.6,100,1025.2,1
2024-12-16,Bac_Ninh,21.1861,106.0763,15.7,57,9.0,57,1022.0,1
2024-12-17,Bac_Ninh,21.1861,106.0763,16.5,66,8.9,39,1018.8,0
2024-12-18,Bac_Ninh,21.1861,106.0763,18.7,50,12.9,48,1019.9,0
2024-12-19,Bac_Ninh,21.1861,106.0763,16.9,52,12.8,38,1020.2,0
2024-12-20,Bac_Ninh,21.1861,106.0763,15.9,58,15.0,4,1018.1,0
2024-12-21,Bac_Ninh,21.1861,106.0763,16.1,61,10.6,32,1019.0,0
2024-12-22,Bac_Ninh,21.1861,106.0763,16.1,59,12.5,54,1019.2,0
2024-12-23,Bac_Ninh,21.1861,106.0763,15.9,62,13.1,73,1018.5,0
2024-12-24,Bac_Ninh,21.1861,106.0763,17.3,52,13.7,80,1019.9,0
2024-12-25,Bac_Ninh,21.1861,106.0763,18.3,61,9.4,51,1018.9,0
2024-12-26,Bac_Ninh,21.1861,106.0763,19.6,57,11.8,98,1020.7,0
2024-12-27,Bac_Ninh,21.1861,106.0763,17.3,63,15.0,100,1023.1,1
2024-12-28,Bac_Ninh,21.1861,106.0763,17.5,49,17.1,45,1024.7,0
2024-12-29,Bac_Ninh,21.1861,106.0763,15.9,59,15.7,13,1020.2,0
2024-12-30,Bac_Ninh,21.1861,106.0763,17.4,73,10.2,73,1019.0,0
2024-12-31,Bac_Ninh,21.1861,106.0763,18.2,66,13.0,56,1019.5,0
2025-01-01,Bac_Ninh,21.1861,106.0763,17.0,72,14.8,0,1016.0,0
2025-01-02,Bac_Ninh,21.1861,106.0763,18.1,70,10.7,9,1017.1,0
2025-01-03,Bac_Ninh,21.1861,106.0763,18.7,66,14.7,25,1018.7,0
2025-01-04,Bac_Ninh,21.1861,106.0763,17.6,69,15.8,21,1017.6,0
2025-01-05,Bac_Ninh,21.1861,106.0763,18.2,61,12.5,15,1019.0,0
2025-01-06,Bac_Ninh,21.1861,106.0763,17.5,69,13.5,0,1016.7,0
2025-01-07,Bac_Ninh,21.1861,106.0763,17.4,76,12.3,23,1016.0,0
2025-01-08,Bac_Ninh,21.1861,106.0763,18.5,79,15.2,52,1016.6,0
2025-01-09,Bac_Ninh,21.1861,106.0763,18.2,55,22.2,94,1020.2,0
2025-01-10,Bac_Ninh,21.1861,106.0763,15.4,49,20.5,64,1026.5,0
2025-01-11,Bac_Ninh,21.1861,106.0763,14.9,40,19.7,59,1029.1,0
2025-01-12,Bac_Ninh,21.1861,106.0763,13.5,49,11.3,19,1025.3,0
2025-01-13,Bac_Ninh,21.1861,106.0763,14.0,64,11.8,1,1020.5,0
2025-01-14,Bac_Ninh,21.1861,106.0763,16.4,74,10.2,59,1019.8,0
2025-01-15,Bac_Ninh,21.1861,106.0763,18.6,57,18.7,59,1023.3,1
2025-01-16,Bac_Ninh,21.1861,106.0763,17.3,53,14.5,32,1023.4,0
2025-01-17,Bac_Ninh,21.1861,106.0763,15.9,69,16.4,1,1019.7,0
2025-01-18,Bac_Ninh,21.1861,106.0763,16.5,72,12.7,53,1017.5,0
2025-01-19,Bac_Ninh,21.1861,106.0763,17.1,69,10.7,18,1015.5,0
2025-01-20,Bac_Ninh,21.1861,106.0763,17.4,68,15.4,6,1014.2,0
2025-01-21,Bac_Ninh,21.1861,106.0763,17.8,68,17.1,17,1013.6,0
2025-01-22,Bac_Ninh,21.1861,106.0763,18.4,78,13.9,57,1013.9,1
2025-01-23,Bac_Ninh,21.1861,106.0763,18.7,84,13.7,52,1013.1,0
2025-01-24,Bac_Ninh,21.1861,106.0763,20.6,85,18.5,85,1009.4,1
2025-01-25,Bac_Ninh,21.1861,106.0763,21.0,87,19.6,96,1011.2,1
2025-01-26,Bac_Ninh,21.1861,106.0763,14.4,67,27.9,100,1022.3,1
2025-01-27,Bac_Ninh,21.1861,106.0763,14.6,45,15.0,67,1022.4,0
2025-01-28,Bac_Ninh,21.1861,106.0763,13.5,47,11.2,57,1023.4,1
2025-01-29,Bac_Ninh,21.1861,106.0763,13.1,62,8.0,34,1021.8,0
2025-01-30,Bac_Ninh,21.1861,106.0763,16.4,73,20.6,47,1014.7,0
2025-01-31,Bac_Ninh,21.1861,106.0763,20.2,83,21.1,81,1011.1,1
2025-02-01,Bac_Ninh,21.1861,106.0763,20.7,86,18.7,97,1009.6,1
2025-02-02,Bac_Ninh,21.1861,106.0763,20.6,81,18.1,95,1010.9,1
2025-02-03,Bac_Ninh,21.1861,106.0763,15.4,67,19.5,100,1019.1,1
2025-02-04,Bac_Ninh,21.1861,106.0763,15.4,53,16.3,84,1020.7,0
2025-02-05,Bac_Ninh,21.1861,106.0763,15.8,78,12.0,93,1015.6,0
2025-02-06,Bac_Ninh,21.1861,106.0763,17.1,84,16.0,100,1014.0,1
2025-02-07,Bac_Ninh,21.1861,106.0763,14.0,74,19.2,100,1020.3,1
2025-02-08,Bac_Ninh,21.1861,106.0763,13.4,61,14.5,100,1023.4,1
2025-02-09,Bac_Ninh,21.1861,106.0763,13.5,54,12.0,66,1021.9,0
2025-02-10,Bac_Ninh,21.1861,106.0763,14.7,73,12.5,63,1018.7,0
2025-02-11,Bac_Ninh,21.1861,106.0763,17.3,81,14.6,69,1015.4,1
2025-02-12,Bac_Ninh,21.1861,106.0763,19.9,83,10.1,96,1015.2,1
2025-02-13,Bac_Ninh,21.1861,106.0763,19.5,71,16.7,75,1016.2,1
2025-02-14,Bac_Ninh,21.1861,106.0763,19.4,79,15.9,89,1013.7,1
2025-02-15,Bac_Ninh,21.1861,106.0763,20.8,87,14.5,90,1011.5,1
2025-02-16,Bac_Ninh,21.1861,106.0763,17.4,78,17.2,100,1015.3,1
2025-02-17,Bac_Ninh,21.1861,106.0763,18.8,78,11.6,96,1017.2,1
2025-02-18,Bac_Ninh,21.1861,106.0763,17.2,82,15.0,100,1018.4,1
2025-02-19,Bac_Ninh,21.1861,106.0763,18.0,85,11.4,100,1017.3,1
2025-02-20,Bac_Ninh,21.1861,106.0763,20.1,85,13.5,95,1017.0,1
2025-02-21,Bac_Ninh,21.1861,106.0763,19.5,84,12.0,99,1018.2,1
2025-02-22,Bac_Ninh,21.1861,106.0763,19.5,84,12.7,100,1018.8,1
2025-02-23,Bac_Ninh,21.1861,106.0763,16.7,74,20.2,100,1023.2,1
2025-02-24,Bac_Ninh,21.1861,106.0763,13.8,74,13.4,96,1026.0,1
2025-02-25,Bac_Ninh,21.1861,106.0763,13.9,89,10.1,100,1024.1,1
2025-02-26,Bac_Ninh,21.1861,106.0763,15.6,86,9.3,96,1021.0,1
2025-02-27,Bac_Ninh,21.1861,106.0763,18.3,85,15.3,79,1015.7,0
2025-02-28,Bac_Ninh,21.1861,106.0763,20.7,87,17.2,96,1012.9,1
2025-03-01,Bac_Ninh,21.1861,106.0763,22.5,85,20.0,86,1009.5,1
2025-03-02,Bac_Ninh,21.1861,106.0763,23.5,86,17.8,82,1007.3,1
2025-03-03,Bac_Ninh,21.1861,106.0763,24.1,89,17.2,85,1006.3,1
2025-03-04,Bac_Ninh,21.1861,106.0763,24.2,91,17.6,94,1005.4,1
2025-03-05,Bac_Ninh,21.1861,106.0763,22.2,83,21.7,100,1008.0,1
2025-03-06,Bac_Ninh,21.1861,106.0763,14.8,67,21.1,100,1018.2,1
2025-03-07,Bac_Ninh,21.1861,106.0763,15.2,61,13.7,90,1019.9,0
2025-03-08,Bac_Ninh,21.1861,106.0763,16.2,71,11.6,100,1018.5,0
2025-03-09,Bac_Ninh,21.1861,106.0763,17.9,81,9.2,91,1018.6,1
2025-03-10,Bac_Ninh,21.1861,106.0763,19.9,86,10.8,80,1017.3,1
2025-03-11,Bac_Ninh,21.1861,106.0763,20.9,88,15.5,88,1012.9,1
2025-03-12,Bac_Ninh,21.1861,106.0763,22.8,89,16.4,94,1009.8,1
2025-03-13,Bac_Ninh,21.1861,106.0763,23.2,90,18.2,97,1009.1,1
2025-03-14,Bac_Ninh,21.1861,106.0763,24.2,91,18.2,92,1009.3,1
2025-03-15,Bac_Ninh,21.1861,106.0763,23.3,83,22.4,100,1011.5,1
2025-03-16,Bac_Ninh,21.1861,106.0763,18.2,57,17.6,74,1018.5,1
2025-03-17,Bac_Ninh,21.1861,106.0763,17.7,58,13.3,97,1019.0,0
2025-03-18,Bac_Ninh,21.1861,106.0763,17.7,51,15.2,92,1022.2,0
2025-03-19,Bac_Ninh,21.1861,106.0763,17.9,55,14.6,68,1023.6,0
2025-03-20,Bac_Ninh,21.1861,106.0763,18.3,62,11.8,28,1022.5,0
2025-03-21,Bac_Ninh,21.1861,106.0763,18.9,63,10.8,28,1020.4,0
2025-03-22,Bac_Ninh,21.1861,106.0763,19.5,72,13.3,28,1017.9,0
2025-03-23,Bac_Ninh,21.1861,106.0763,20.7,79,15.4,21,1015.3,0
2025-03-24,Bac_Ninh,21.1861,106.0763,21.9,80,16.5,25,1011.8,0
2025-03-25,Bac_Ninh,21.1861,106.0763,23.2,81,16.3,30,1006.6,0
2025-03-26,Bac_Ninh,21.1861,106.0763,23.8,82,17.8,38,1003.6,0
2025-03-27,Bac_Ninh,21.1861,106.0763,25.1,85,20.3,49,1000.8,0
2025-03-28,Bac_Ninh,21.1861,106.0763,25.5,84,14.5,40,1004.9,1
2025-03-29,Bac_Ninh,21.1861,106.0763,16.4,77,23.7,100,1014.4,1
2025-03-30,Bac_Ninh,21.1861,106.0763,14.6,67,17.1,100,1019.6,1
2025-03-31,Bac_Ninh,21.1861,106.0763,15.4,59,13.3,91,1018.8,0
2025-04-01,Bac_Ninh,21.1861,106.0763,18.0,60,8.7,51,1017.4,0
2025-04-02,Bac_Ninh,21.1861,106.0763,19.0,70,10.2,77,1017.1,0
2025-04-03,Bac_Ninh,21.1861,106.0763,19.9,71,15.2,13,1015.8,0
2025-04-04,Bac_Ninh,21.1861,106.0763,20.8,83,18.7,45,1011.6,1
2025-04-05,Bac_Ninh,21.1861,106.0763,21.8,85,10.1,100,1012.3,1
2025-04-06,Bac_Ninh,21.1861,106.0763,22.5,86,13.8,99,1012.8,1
2025-04-07,Bac_Ninh,21.1861,106.0763,22.0,86,12.5,87,1014.0,1
2025-04-08,Bac_Ninh,21.1861,106.0763,22.8,89,14.5,80,1013.1,1
2025-04-09,Bac_Ninh,21.1861,106.0763,24.4,88,16.8,96,1009.1,1
2025-04-10,Bac_Ninh,21.1861,106.0763,24.4,88,17.9,100,1005.5,1
2025-04-11,Bac_Ninh,21.1861,106.0763,25.8,85,17.3,77,1003.2,1
2025-04-12,Bac_Ninh,21.1861,106.0763,26.1,73,23.6,79,1006.6,1
2025-04-13,Bac_Ninh,21.1861,106.0763,22.0,65,14.6,64,1015.4,1
2025-04-14,Bac_Ninh,21.1861,106.0763,21.0,73,14.3,95,1013.3,0
2025-04-15,Bac_Ninh,21.1861,106.0763,23.0,72,14.2,75,1010.6,0
2025-04-16,Bac_Ninh,21.1861,106.0763,23.2,76,18.9,87,1007.3,0
2025-04-17,Bac_Ninh,21.1861,106.0763,25.1,85,17.7,65,1004.3,1
2025-04-18,Bac_Ninh,21.1861,106.0763,26.6,84,19.8,58,1003.1,1
2025-04-19,Bac_Ninh,21.1861,106.0763,28.3,80,16.3,44,1003.4,0
2025-04-20,Bac_Ninh,21.1861,106.0763,27.9,81,20.0,34,1004.8,1
2025-04-21,Bac_Ninh,21.1861,106.0763,27.9,80,24.0,35,1006.2,0
2025-04-22,Bac_Ninh,21.1861,106.0763,28.6,81,18.9,35,1005.2,0
2025-04-23,Bac_Ninh,21.1861,106.0763,27.6,85,22.0,76,1003.9,1
2025-04-24,Bac_Ninh,21.1861,106.0763,28.0,83,14.7,81,1004.7,1
2025-04-25,Bac_Ninh,21.1861,106.0763,25.7,80,14.9,90,1008.9,1
2025-04-26,Bac_Ninh,21.1861,106.0763,26.1,85,16.6,91,1009.0,1
2025-04-27,Bac_Ninh,21.1861,106.0763,27.2,86,17.3,85,1008.3,1
2025-04-28,Bac_Ninh,21.1861,106.0763,25.7,87,17.2,100,1010.1,1
2025-04-29,Bac_Ninh,21.1861,106.0763,25.5,88,14.0,88,1010.3,1
2025-04-30,Bac_Ninh,21.1861,106.0763,26.2,88,12.8,76,1009.6,1
2025-05-01,Bac_Ninh,21.1861,106.0763,25.4,85,12.7,86,1011.9,1
2025-05-02,Bac_Ninh,21.1861,106.0763,26.6,80,13.6,35,1008.7,0
2025-05-03,Bac_Ninh,21.1861,106.0763,27.2,82,16.4,71,1005.9,1
2025-05-04,Bac_Ninh,21.1861,106.0763,28.5,83,18.6,43,1003.4,1
2025-05-05,Bac_Ninh,21.1861,106.0763,29.4,80,16.4,17,1002.8,0
2025-05-06,Bac_Ninh,21.1861,106.0763,28.8,83,15.6,81,1003.6,1
2025-05-07,Bac_Ninh,21.1861,106.0763,29.1,85,17.4,80,1002.0,1
2025-05-08,Bac_Ninh,21.1861,106.0763,30.4,78,19.5,70,1000.6,0
2025-05-09,Bac_Ninh,21.1861,106.0763,28.8,80,15.6,80,1003.6,1
2025-05-10,Bac_Ninh,21.1861,106.0763,26.6,85,25.5,100,1006.9,1
2025-05-11,Bac_Ninh,21.1861,106.0763,22.4,74,19.6,90,1010.7,1
2025-05-12,Bac_Ninh,21.1861,106.0763,23.3,71,13.5,50,1008.9,0
2025-05-13,Bac_Ninh,21.1861,106.0763,25.0,77,16.7,27,1008.2,0
2025-05-14,Bac_Ninh,21.1861,106.0763,26.5,86,17.4,57,1008.4,1
2025-05-15,Bac_Ninh,21.1861,106.0763,26.2,91,15.4,92,1008.3,1
2025-05-16,Bac_Ninh,21.1861,106.0763,26.7,92,13.5,99,1006.9,1
2025-05-17,Bac_Ninh,21.1861,106.0763,27.4,90,14.6,96,1006.8,1
2025-05-18,Bac_Ninh,21.1861,106.0763,27.5,90,12.0,93,1006.7,1
2025-05-19,Bac_Ninh,21.1861,106.0763,26.7,91,16.6,99,1005.5,1
2025-05-20,Bac_Ninh,21.1861,106.0763,28.6,87,18.7,94,1003.4,1
2025-05-21,Bac_Ninh,21.1861,106.0763,29.2,82,15.6,81,1003.5,1
2025-05-22,Bac_Ninh,21.1861,106.0763,28.4,85,18.1,100,1002.8,1
2025-05-23,Bac_Ninh,21.1861,106.0763,27.0,92,11.8,100,1004.0,1
2025-05-24,Bac_Ninh,21.1861,106.0763,23.6,89,19.2,100,1009.4,1
2025-05-25,Bac_Ninh,21.1861,106.0763,23.9,72,16.4,85,1012.5,1
2025-05-26,Bac_Ninh,21.1861,106.0763,24.3,71,12.4,93,1012.4,0
2025-05-27,Bac_Ninh,21.1861,106.0763,24.8,83,8.7,97,1009.7,1
2025-05-28,Bac_Ninh,21.1861,106.0763,27.1,86,13.0,79,1006.1,1
2025-05-29,Bac_Ninh,21.1861,106.0763,27.0,83,14.7,99,1005.8,1
2025-05-30,Bac_Ninh,21.1861,106.0763,25.9,85,14.3,92,1005.7,1
2025-05-31,Bac_Ninh,21.1861,106.0763,29.1,82,18.4,86,1002.2,1
2025-06-01,Bac_Ninh,21.1861,106.0763,31.6,70,18.1,73,997.5,0
2025-06-02,Bac_Ninh,21.1861,106.0763,32.0,68,22.8,91,997.7,0
2025-06-03,Bac_Ninh,21.1861,106.0763,28.7,79,14.7,100,1002.3,1
2025-06-04,Bac_Ninh,21.1861,106.0763,27.8,86,8.1,97,1005.0,1
2025-06-05,Bac_Ninh,21.1861,106.0763,28.4,84,14.0,51,1005.3,1
2025-06-06,Bac_Ninh,21.1861,106.0763,29.2,85,14.8,21,1004.1,1
2025-06-07,Bac_Ninh,21.1861,106.0763,29.5,85,15.5,70,1003.0,1
2025-06-08,Bac_Ninh,21.1861,106.0763,29.1,87,11.3,93,1002.4,1
2025-06-09,Bac_Ninh,21.1861,106.0763,28.3,86,9.3,94,1002.5,1
2025-06-10,Bac_Ninh,21.1861,106.0763,27.5,84,19.0,77,1003.2,1
2025-06-11,Bac_Ninh,21.1861,106.0763,28.6,78,19.4,54,1002.5,1
2025-06-12,Bac_Ninh,21.1861,106.0763,29.2,72,23.5,99,1001.4,1
2025-06-13,Bac_Ninh,21.1861,106.0763,29.4,74,19.3,100,1000.4,1
2025-06-14,Bac_Ninh,21.1861,106.0763,30.3,73,16.5,82,999.7,1
2025-06-15,Bac_Ninh,21.1861,106.0763,29.5,83,12.5,100,1000.7,1
2025-06-16,Bac_Ninh,21.1861,106.0763,28.2,86,9.4,100,1002.8,1
2025-06-17,Bac_Ninh,21.1861,106.0763,28.3,88,17.3,97,1002.7,1
2025-06-18,Bac_Ninh,21.1861,106.0763,30.0,77,20.0,99,1001.7,1
2025-06-19,Bac_Ninh,21.1861,106.0763,30.4,77,18.1,100,1001.3,1
2025-06-20,Bac_Ninh,21.1861,106.0763,29.8,81,16.2,100,1001.7,1
2025-06-21,Bac_Ninh,21.1861,106.0763,28.0,88,12.6,100,1003.1,1
2025-06-22,Bac_Ninh,21.1861,106.0763,26.8,91,15.4,100,1004.3,1
2025-06-23,Bac_Ninh,21.1861,106.0763,28.8,84,15.6,88,1002.9,1
2025-06-24,Bac_Ninh,21.1861,106.0763,29.0,85,15.2,95,1003.2,1
2025-06-25,Bac_Ninh,21.1861,106.0763,28.8,83,14.7,67,1005.0,1
2025-06-26,Bac_Ninh,21.1861,106.0763,29.3,81,12.2,64,1003.8,1
2025-06-27,Bac_Ninh,21.1861,106.0763,26.4,93,11.8,100,1002.7,1
2025-06-28,Bac_Ninh,21.1861,106.0763,26.9,89,17.5,100,1002.0,1
2025-06-29,Bac_Ninh,21.1861,106.0763,27.4,88,12.7,100,999.8,1
2025-06-30,Bac_Ninh,21.1861,106.0763,27.2,91,13.8,100,1000.1,1
2025-07-01,Bac_Ninh,21.1861,106.0763,26.7,90,14.8,100,1002.6,1
2025-07-02,Bac_Ninh,21.1861,106.0763,26.6,89,14.8,100,1005.0,1
2025-07-03,Bac_Ninh,21.1861,106.0763,26.8,88,17.4,100,1005.4,1
2025-07-04,Bac_Ninh,21.1861,106.0763,27.6,86,13.7,93,1003.9,1
2025-07-05,Bac_Ninh,21.1861,106.0763,29.4,77,13.4,68,1002.2,0
2025-07-06,Bac_Ninh,21.1861,106.0763,29.0,81,14.6,85,1002.0,1
2025-07-07,Bac_Ninh,21.1861,106.0763,28.8,84,12.0,81,1001.1,1
2025-07-08,Bac_Ninh,21.1861,106.0763,30.2,79,9.7,84,999.1,1
2025-07-09,Bac_Ninh,21.1861,106.0763,29.8,84,9.2,90,997.8,1
2025-07-10,Bac_Ninh,21.1861,106.0763,29.2,84,8.9,97,996.7,1
2025-07-11,Bac_Ninh,21.1861,106.0763,27.5,88,12.3,100,998.3,1
2025-07-12,Bac_Ninh,21.1861,106.0763,27.1,89,13.9,100,1002.4,1
2025-07-13,Bac_Ninh,21.1861,106.0763,28.4,85,9.4,97,1003.7,1
2025-07-14,Bac_Ninh,21.1861,106.0763,28.5,87,9.6,94,1002.4,1
2025-07-15,Bac_Ninh,21.1861,106.0763,29.1,82,11.2,84,1000.4,1
2025-07-16,Bac_Ninh,21.1861,106.0763,29.7,83,15.6,99,1000.6,1
2025-07-17,Bac_Ninh,21.1861,106.0763,30.8,77,10.6,37,1001.0,1
2025-07-18,Bac_Ninh,21.1861,106.0763,31.5,75,9.1,94,998.4,0
2025-07-19,Bac_Ninh,21.1861,106.0763,29.4,82,10.8,99,995.8,1
2025-07-20,Bac_Ninh,21.1861,106.0763,28.2,87,15.0,99,994.9,1
2025-07-21,Bac_Ninh,21.1861,106.0763,27.7,90,25.0,100,992.1,1
2025-07-22,Bac_Ninh,21.1861,106.0763,27.9,83,33.5,100,989.9,1
2025-07-23,Bac_Ninh,21.1861,106.0763,27.8,84,18.3,99,996.7,1
2025-07-24,Bac_Ninh,21.1861,106.0763,27.5,88,14.4,100,999.8,1
2025-07-25,Bac_Ninh,21.1861,106.0763,27.7,89,12.9,100,1000.1,1
2025-07-26,Bac_Ninh,21.1861,106.0763,28.3,86,11.0,57,999.8,1
2025-07-27,Bac_Ninh,21.1861,106.0763,28.9,83,13.1,75,999.2,1
2025-07-28,Bac_Ninh,21.1861,106.0763,29.7,83,11.5,47,997.6,1
2025-07-29,Bac_Ninh,21.1861,106.0763,31.1,79,12.0,81,995.9,0
2025-07-30,Bac_Ninh,21.1861,106.0763,31.5,77,12.2,98,995.6,1
2025-07-31,Bac_Ninh,21.1861,106.0763,29.7,86,14.4,99,996.0,1
2025-08-01,Bac_Ninh,21.1861,106.0763,28.2,87,12.1,85,997.4,1
2025-08-02,Bac_Ninh,21.1861,106.0763,30.0,83,13.4,87,999.0,1
2025-08-03,Bac_Ninh,21.1861,106.0763,31.6,77,13.8,94,998.2,1
2025-08-04,Bac_Ninh,21.1861,106.0763,32.1,70,14.9,100,998.0,1
2025-08-05,Bac_Ninh,21.1861,106.0763,29.4,87,9.8,100,999.9,1
2025-08-06,Bac_Ninh,21.1861,106.0763,27.9,91,8.7,100,1001.7,1
2025-08-07,Bac_Ninh,21.1861,106.0763,28.8,85,13.1,94,1004.0,1
2025-08-08,Bac_Ninh,21.1861,106.0763,30.4,78,16.1,57,1004.3,1
2025-08-09,Bac_Ninh,21.1861,106.0763,31.2,75,15.3,75,1003.1,1
2025-08-10,Bac_Ninh,21.1861,106.0763,30.5,82,14.3,92,1002.9,1
2025-08-11,Bac_Ninh,21.1861,106.0763,29.9,81,15.2,96,1003.0,1
2025-08-12,Bac_Ninh,21.1861,106.0763,29.7,82,13.7,94,1003.7,1
2025-08-13,Bac_Ninh,21.1861,106.0763,29.3,82,11.5,95,1004.6,1
2025-08-14,Bac_Ninh,21.1861,106.0763,29.5,85,9.8,99,1002.7,1
2025-08-15,Bac_Ninh,21.1861,106.0763,26.7,89,15.3,95,1003.6,1
2025-08-16,Bac_Ninh,21.1861,106.0763,25.7,90,9.4,96,1006.2,1
2025-08-17,Bac_Ninh,21.1861,106.0763,26.8,87,14.6,93,1006.3,1
2025-08-18,Bac_Ninh,21.1861,106.0763,26.3,88,18.4,99,1004.6,1
2025-08-19,Bac_Ninh,21.1861,106.0763,26.3,91,13.0,100,1004.3,1
2025-08-20,Bac_Ninh,21.1861,106.0763,28.5,84,18.6,100,1005.0,1
2025-08-21,Bac_Ninh,21.1861,106.0763,27.4,90,16.1,100,1006.6,1
2025-08-22,Bac_Ninh,21.1861,106.0763,28.8,82,16.6,98,1006.3,1
2025-08-23,Bac_Ninh,21.1861,106.0763,27.9,85,11.3,91,1006.4,1
2025-08-24,Bac_Ninh,21.1861,106.0763,27.4,88,15.3,61,1005.4,1
2025-08-25,Bac_Ninh,21.1861,106.0763,25.9,87,23.3,99,1003.8,1
2025-08-26,Bac_Ninh,21.1861,106.0763,25.1,94,19.5,100,1005.9,1
2025-08-27,Bac_Ninh,21.1861,106.0763,25.5,94,8.8,95,1006.6,1
2025-08-28,Bac_Ninh,21.1861,106.0763,26.8,90,13.2,63,1006.2,1
2025-08-29,Bac_Ninh,21.1861,106.0763,26.8,87,14.1,84,1007.0,1
2025-08-30,Bac_Ninh,21.1861,106.0763,26.8,86,19.1,96,1006.4,1
2025-08-31,Bac_Ninh,21.1861,106.0763,26.0,92,13.2,97,1006.7,1
2025-09-01,Bac_Ninh,21.1861,106.0763,26.7,90,7.8,99,1005.7,1
2025-09-02,Bac_Ninh,21.1861,106.0763,27.8,87,15.3,79,1005.4,1
2025-09-03,Bac_Ninh,21.1861,106.0763,28.6,83,11.9,37,1005.6,1
2025-09-04,Bac_Ninh,21.1861,106.0763,28.8,83,11.2,16,1005.3,1
2025-09-05,Bac_Ninh,21.1861,106.0763,29.3,81,13.0,66,1005.5,1
2025-09-06,Bac_Ninh,21.1861,106.0763,29.1,82,8.8,74,1006.2,1
2025-09-07,Bac_Ninh,21.1861,106.0763,29.4,78,7.3,52,1004.6,0
2025-09-08,Bac_Ninh,21.1861,106.0763,29.9,76,13.8,84,1003.4,1
2025-09-09,Bac_Ninh,21.1861,106.0763,28.0,88,12.4,97,1004.8,1
2025-09-10,Bac_Ninh,21.1861,106.0763,27.9,89,8.0,99,1006.2,1
2025-09-11,Bac_Ninh,21.1861,106.0763,27.1,89,12.6,97,1007.2,1
2025-09-12,Bac_Ninh,21.1861,106.0763,27.0,90,16.2,68,1008.2,1
2025-09-13,Bac_Ninh,21.1861,106.0763,28.2,83,11.6,86,1008.6,1
2025-09-14,Bac_Ninh,21.1861,106.0763,27.9,85,12.2,89,1008.6,1
2025-09-15,Bac_Ninh,21.1861,106.0763,27.3,85,12.7,88,1009.1,1
2025-09-16,Bac_Ninh,21.1861,106.0763,27.8,82,11.4,59,1008.9,1
2025-09-17,Bac_Ninh,21.1861,106.0763,27.1,87,8.6,80,1007.7,1
2025-09-18,Bac_Ninh,21.1861,106.0763,26.4,90,7.7,99,1007.6,1
2025-09-19,Bac_Ninh,21.1861,106.0763,27.8,85,10.0,66,1007.1,1
2025-09-20,Bac_Ninh,21.1861,106.0763,29.3,78,9.8,42,1005.3,0
2025-09-21,Bac_Ninh,21.1861,106.0763,28.6,82,11.5,67,1004.8,1
2025-09-22,Bac_Ninh,21.1861,106.0763,27.2,85,10.1,75,1006.2,1
2025-09-23,Bac_Ninh,21.1861,106.0763,27.9,78,11.0,41,1004.2,1
2025-09-24,Bac_Ninh,21.1861,106.0763,29.3,67,23.1,78,1001.2,0
2025-09-25,Bac_Ninh,21.1861,106.0763,25.9,81,19.4,100,1001.8,1
2025-09-26,Bac_Ninh,21.1861,106.0763,25.5,91,13.3,100,1008.8,1
2025-09-27,Bac_Ninh,21.1861,106.0763,27.5,83,12.1,95,1010.5,1
2025-09-28,Bac_Ninh,21.1861,106.0763,26.9,83,20.7,85,1007.3,1
2025-09-29,Bac_Ninh,21.1861,106.0763,24.7,94,31.0,100,1005.4,1
2025-09-30,Bac_Ninh,21.1861,106.0763,25.5,93,22.8,100,1009.0,1
2025-10-01,Bac_Ninh,21.1861,106.0763,26.5,90,13.6,97,1010.2,1
2025-10-02,Bac_Ninh,21.1861,106.0763,27.8,81,13.3,54,1010.1,1
2025-10-03,Bac_Ninh,21.1861,106.0763,27.7,81,13.3,8,1009.8,0
2025-10-04,Bac_Ninh,21.1861,106.0763,27.7,86,9.9,45,1009.4,1
2025-10-05,Bac_Ninh,21.1861,106.0763,28.4,83,12.5,95,1005.2,1
2025-10-06,Bac_Ninh,21.1861,106.0763,25.4,91,22.3,100,1003.2,1
2025-10-07,Bac_Ninh,21.1861,106.0763,24.8,95,17.2,100,1010.4,1
2025-10-08,Bac_Ninh,21.1861,106.0763,26.3,84,5.9,79,1011.7,1
2025-10-09,Bac_Ninh,21.1861,106.0763,27.1,82,8.5,32,1010.9,1
2025-10-10,Bac_Ninh,21.1861,106.0763,27.5,81,12.6,19,1010.2,1
2025-10-11,Bac_Ninh,21.1861,106.0763,26.6,88,7.3,80,1009.6,1
2025-10-12,Bac_Ninh,21.1861,106.0763,27.5,84,7.0,35,1009.0,1
2025-10-13,Bac_Ninh,21.1861,106.0763,26.2,90,13.9,79,1009.7,1
2025-10-14,Bac_Ninh,21.1861,106.0763,25.1,93,16.5,100,1010.1,1
2025-10-15,Bac_Ninh,21.1861,106.0763,25.5,90,11.7,99,1010.9,1
2025-10-16,Bac_Ninh,21.1861,106.0763,26.2,87,10.4,51,1012.3,1
2025-10-17,Bac_Ninh,21.1861,106.0763,27.2,80,8.4,27,1012.4,1
2025-10-18,Bac_Ninh,21.1861,106.0763,27.2,79,9.2,6,1011.6,1
2025-10-19,Bac_Ninh,21.1861,106.0763,26.3,84,13.4,43,1011.5,1
2025-10-20,Bac_Ninh,21.1861,106.0763,25.9,67,19.6,6,1012.5,0
2025-10-21,Bac_Ninh,21.1861,106.0763,24.3,57,27.0,23,1014.7,0
2025-10-22,Bac_Ninh,21.1861,106.0763,22.3,54,23.3,99,1016.7,0
2025-10-23,Bac_Ninh,21.1861,106.0763,19.6,63,18.7,99,1018.4,1
2025-10-24,Bac_Ninh,21.1861,106.0763,20.4,72,14.0,96,1017.7,1
2025-10-25,Bac_Ninh,21.1861,106.0763,22.2,71,11.2,65,1015.8,0
2025-10-26,Bac_Ninh,21.1861,106.0763,23.8,68,14.2,75,1015.5,0
2025-10-27,Bac_Ninh,21.1861,106.0763,23.7,64,14.9,85,1016.0,0
2025-10-28,Bac_Ninh,21.1861,106.0763,23.8,63,13.3,95,1015.8,0
2025-10-29,Bac_Ninh,21.1861,106.0763,23.7,68,10.7,82,1014.5,0
2025-10-30,Bac_Ninh,21.1861,106.0763,23.6,86,12.0,100,1014.5,1
2025-10-31,Bac_Ninh,21.1861,106.0763,23.2,85,15.0,100,1015.2,1
2025-11-01,Bac_Ninh,21.1861,106.0763,20.9,84,15.8,100,1016.3,1
2025-11-02,Bac_Ninh,21.1861,106.0763,20.6,77,15.0,100,1016.8,1
2025-11-03,Bac_Ninh,21.1861,106.0763,19.6,76,15.9,100,1016.9,1
2025-11-04,Bac_Ninh,21.1861,106.0763,19.0,79,16.2,100,1016.2,1
2025-11-05,Bac_Ninh,21.1861,106.0763,20.7,79,8.7,100,1013.2,1
2025-11-06,Bac_Ninh,21.1861,106.0763,22.2,85,7.4,68,1011.6,0
2025-11-07,Bac_Ninh,21.1861,106.0763,23.5,87,13.8,100,1010.5,1
2025-11-08,Bac_Ninh,21.1861,106.0763,25.1,88,17.5,66,1011.6,1
2025-11-09,Bac_Ninh,21.1861,106.0763,24.7,92,11.6,77,1011.1,1
2025-11-10,Bac_Ninh,21.1861,106.0763,24.5,79,16.0,74,1009.9,0
2025-11-11,Bac_Ninh,21.1861,106.0763,22.9,70,15.1,98,1011.0,1
2025-11-12,Bac_Ninh,21.1861,106.0763,22.3,64,13.9,72,1014.2,0
2025-11-13,Bac_Ninh,21.1861,106.0763,22.2,61,11.3,27,1016.6,0
2025-11-14,Bac_Ninh,21.1861,106.0763,20.5,67,12.4,7,1016.7,0
2025-11-15,Bac_Ninh,21.1861,106.0763,21.0,73,10.4,2,1018.1,0
2025-11-16,Bac_Ninh,21.1861,106.0763,22.3,78,11.6,76,1018.6,1
2025-11-17,Bac_Ninh,21.1861,106.0763,22.6,85,11.2,95,1018.4,1
2025-11-18,Bac_Ninh,21.1861,106.0763,17.3,90,25.1,100,1022.8,1
2025-11-19,Bac_Ninh,21.1861,106.0763,14.4,67,20.8,86,1026.3,1
2025-11-20,Bac_Ninh,21.1861,106.0763,16.9,60,14.2,5,1023.7,0
2025-11-21,Bac_Ninh,21.1861,106.0763,18.5,56,15.0,20,1022.7,0
2025-11-22,Bac_Ninh,21.1861,106.0763,18.9,59,9.5,21,1020.1,0
2025-11-23,Bac_Ninh,21.1861,106.0763,20.3,64,8.9,25,1018.4,0
2025-11-24,Bac_Ninh,21.1861,106.0763,19.9,66,12.6,20,1018.9,0
2025-11-25,Bac_Ninh,21.1861,106.0763,19.3,55,16.5,11,1020.0,0
2025-11-26,Bac_Ninh,21.1861,106.0763,17.4,62,11.8,27,1019.3,0
2025-11-27,Bac_Ninh,21.1861,106.0763,18.2,51,20.4,58,1022.3,0
2025-11-28,Bac_Ninh,21.1861,106.0763,17.1,60,13.3,51,1017.8,0
2025-11-29,Bac_Ninh,21.1861,106.0763,16.5,71,8.5,0,1014.5,0
2025-11-30,Bac_Ninh,21.1861,106.0763,18.9,73,7.6,30,1012.8,0
2025-12-01,Bac_Ninh,21.1861,106.0763,20.6,84,11.9,61,1013.1,1
2025-12-02,Bac_Ninh,21.1861,106.0763,22.4,85,10.2,59,1012.3,1
2025-12-03,Bac_Ninh,21.1861,106.0763,21.2,75,23.7,89,1017.7,1
2025-12-04,Bac_Ninh,21.1861,106.0763,20.1,70,10.4,60,1018.5,0
2025-12-05,Bac_Ninh,21.1861,106.0763,19.6,75,13.0,99,1019.7,1
2025-12-06,Bac_Ninh,21.1861,106.0763,20.1,72,14.5,89,1017.8,0
2025-12-07,Bac_Ninh,21.1861,106.0763,21.6,79,9.8,58,1017.3,1
2025-12-08,Bac_Ninh,21.1861,106.0763,21.2,73,15.0,39,1018.9,1
2025-12-09,Bac_Ninh,21.1861,106.0763,20.3,74,9.6,38,1017.7,0
2025-12-10,Bac_Ninh,21.1861,106.0763,21.0,72,13.0,48,1016.6,0
2025-12-11,Bac_Ninh,21.1861,106.0763,21.3,75,9.8,96,1016.7,0
2025-12-12,Bac_Ninh,21.1861,106.0763,21.6,83,11.1,92,1014.3,1
2025-12-13,Bac_Ninh,21.1861,106.0763,20.6,82,27.5,99,1017.7,1
2025-12-14,Bac_Ninh,21.1861,106.0763,17.9,56,18.2,56,1021.1,0
2025-12-15,Bac_Ninh,21.1861,106.0763,18.0,72,9.7,29,1018.3,0
2025-12-16,Bac_Ninh,21.1861,106.0763,19.4,77,7.9,94,1017.1,0
2025-12-17,Bac_Ninh,21.1861,106.0763,20.7,80,11.4,57,1019.1,1
2025-12-18,Bac_Ninh,21.1861,106.0763,19.9,75,9.4,12,1017.5,0
2025-12-19,Bac_Ninh,21.1861,106.0763,20.0,81,11.3,21,1013.6,0
2025-12-20,Bac_Ninh,21.1861,106.0763,21.6,84,9.3,53,1014.3,1
2025-12-21,Bac_Ninh,21.1861,106.0763,21.2,84,11.9,40,1016.4,1
2025-12-22,Bac_Ninh,21.1861,106.0763,21.2,84,17.6,34,1014.2,1
2025-12-23,Bac_Ninh,21.1861,106.0763,22.2,85,16.8,72,1012.7,1
2025-12-24,Bac_Ninh,21.1861,106.0763,22.1,84,20.0,87,1012.3,1
2025-12-25,Bac_Ninh,21.1861,106.0763,17.2,58,24.0,97,1019.2,1
2025-12-26,Bac_Ninh,21.1861,106.0763,16.0,51,14.0,17,1019.5,0
2025-12-27,Bac_Ninh,21.1861,106.0763,15.7,63,10.4,24,1018.8,0
2025-12-28,Bac_Ninh,21.1861,106.0763,17.8,67,8.6,74,1017.5,0
2025-12-29,Bac_Ninh,21.1861,106.0763,19.7,74,12.3,92,1014.5,1
2025-12-30,Bac_Ninh,21.1861,106.0763,20.2,79,14.8,85,1013.4,1
2025-12-31,Bac_Ninh,21.1861,106.0763,20.3,82,16.8,80,1010.7,1
