date,destination,latitude,longitude,temp,humidity,wind_speed,cloud_cover,pressure,rain
2020-01-01,Ninh_Binh,20.2506,105.9745,19.4,92,12.5,87,1022.2,1
2020-01-02,Ninh_Binh,20.2506,105.9745,20.9,89,12.6,82,1020.9,1
2020-01-03,Ninh_Binh,20.2506,105.9745,22.0,88,12.0,89,1018.9,1
2020-01-04,Ninh_Binh,20.2506,105.9745,22.0,87,14.5,75,1017.0,1
2020-01-05,Ninh_Binh,20.2506,105.9745,21.7,88,16.6,36,1016.0,1
2020-01-06,Ninh_Binh,20.2506,105.9745,21.9,90,20.3,70,1014.9,1
2020-01-07,Ninh_Binh,20.2506,105.9745,22.6,88,12.8,60,1014.6,1
2020-01-08,Ninh_Binh,20.2506,105.9745,22.8,87,13.7,72,1015.2,1
2020-01-09,Ninh_Binh,20.2506,105.9745,22.9,86,16.3,47,1013.6,1
2020-01-10,Ninh_Binh,20.2506,105.9745,22.8,85,19.0,34,1012.0,0
2020-01-11,Ninh_Binh,20.2506,105.9745,22.4,84,19.1,66,1012.4,1
2020-01-12,Ninh_Binh,20.2506,105.9745,16.1,73,19.1,99,1016.3,1
2020-01-13,Ninh_Binh,20.2506,105.9745,19.0,84,9.9,95,1014.0,1
2020-01-14,Ninh_Binh,20.2506,105.9745,20.9,89,22.3,62,1013.3,1
2020-01-15,Ninh_Binh,20.2506,105.9745,22.3,83,24.6,42,1012.3,1
2020-01-16,Ninh_Binh,20.2506,105.9745,22.6,85,15.1,65,1013.5,1
2020-01-17,Ninh_Binh,20.2506,105.9745,18.4,80,14.2,99,1017.6,1
2020-01-18,Ninh_Binh,20.2506,105.9745,18.5,87,11.4,100,1016.0,1
2020-01-19,Ninh_Binh,20.2506,105.9745,16.3,85,17.7,98,1018.4,1
2020-01-20,Ninh_Binh,20.2506,105.9745,16.8,83,11.4,86,1018.3,1
2020-01-21,Ninh_Binh,20.2506,105.9745,19.3,86,17.3,40,1017.3,1
2020-01-22,Ninh_Binh,20.2506,105.9745,21.7,88,19.8,59,1014.6,1
2020-01-23,Ninh_Binh,20.2506,105.9745,22.5,87,20.2,63,1012.7,1
2020-01-24,Ninh_Binh,20.2506,105.9745,23.2,87,25.3,78,1012.3,1
2020-01-25,Ninh_Binh,20.2506,105.9745,18.6,91,27.6,100,1012.4,1
2020-01-26,Ninh_Binh,20.2506,105.9745,14.2,67,23.8,75,1016.7,1
2020-01-27,Ninh_Binh,20.2506,105.9745,14.7,69,12.4,80,1015.5,1
2020-01-28,Ninh_Binh,20.2506,105.9745,15.3,71,12.7,96,1017.2,0
2020-01-29,Ninh_Binh,20.2506,105.9745,14.5,65,18.8,68,1020.6,1
2020-01-30,Ninh_Binh,20.2506,105.9745,14.8,66,13.4,4,1020.4,0
2020-01-31,Ninh_Binh,20.2506,105.9745,15.8,73,13.9,34,1018.5,0
2020-02-01,Ninh_Binh,20.2506,105.9745,17.4,88,9.5,88,1017.1,1
2020-02-02,Ninh_Binh,20.2506,105.9745,19.3,87,21.0,53,1016.9,1
2020-02-03,Ninh_Binh,20.2506,105.9745,20.5,91,17.3,84,1015.6,1
2020-02-04,Ninh_Binh,20.2506,105.9745,16.3,87,15.2,100,1017.3,1
2020-02-05,Ninh_Binh,20.2506,105.9745,16.6,89,13.4,100,1016.3,1
2020-02-06,Ninh_Binh,20.2506,105.9745,20.4,86,18.1,55,1014.4,0
2020-02-07,Ninh_Binh,20.2506,105.9745,20.6,92,18.6,84,1016.7,1
2020-02-08,Ninh_Binh,20.2506,105.9745,19.0,90,15.8,100,1020.1,1
2020-02-09,Ninh_Binh,20.2506,105.9745,15.4,85,17.3,96,1023.4,1
2020-02-10,Ninh_Binh,20.2506,105.9745,17.0,79,10.7,92,1019.9,1
2020-02-11,Ninh_Binh,20.2506,105.9745,19.6,86,18.8,71,1016.5,1
2020-02-12,Ninh_Binh,20.2506,105.9745,21.9,90,22.0,95,1013.6,1
2020-02-13,Ninh_Binh,20.2506,105.9745,23.1,92,18.2,98,1009.5,1
2020-02-14,Ninh_Binh,20.2506,105.9745,24.0,87,16.5,62,1006.0,0
2020-02-15,Ninh_Binh,20.2506,105.9745,24.7,85,18.7,53,1007.9,1
2020-02-16,Ninh_Binh,20.2506,105.9745,15.9,58,28.6,90,1020.6,1
2020-02-17,Ninh_Binh,20.2506,105.9745,16.9,49,16.2,92,1024.8,0
2020-02-18,Ninh_Binh,20.2506,105.9745,16.9,56,15.5,54,1023.4,0
2020-02-19,Ninh_Binh,20.2506,105.9745,17.1,78,9.4,70,1020.7,0
2020-02-20,Ninh_Binh,20.2506,105.9745,20.0,86,14.0,94,1020.3,1
2020-02-21,Ninh_Binh,20.2506,105.9745,20.5,84,20.1,70,1023.1,1
2020-02-22,Ninh_Binh,20.2506,105.9745,19.1,83,17.5,27,1023.9,0
2020-02-23,Ninh_Binh,20.2506,105.9745,19.2,83,15.3,39,1021.2,1
2020-02-24,Ninh_Binh,20.2506,105.9745,20.2,82,16.5,55,1016.9,0
2020-02-25,Ninh_Binh,20.2506,105.9745,20.9,86,15.2,73,1015.1,1
2020-02-26,Ninh_Binh,20.2506,105.9745,21.2,85,14.3,91,1015.7,1
2020-02-27,Ninh_Binh,20.2506,105.9745,21.5,87,11.8,92,1015.5,1
2020-02-28,Ninh_Binh,20.2506,105.9745,22.4,85,18.1,92,1013.7,1
2020-02-29,Ninh_Binh,20.2506,105.9745,22.6,85,17.6,50,1011.7,1
2020-03-01,Ninh_Binh,20.2506,105.9745,23.6,87,16.2,81,1011.3,1
2020-03-02,Ninh_Binh,20.2506,105.9745,23.6,90,20.0,72,1011.9,1
2020-03-03,Ninh_Binh,20.2506,105.9745,23.6,88,24.7,88,1012.2,1
2020-03-04,Ninh_Binh,20.2506,105.9745,19.1,92,23.0,97,1014.9,1
2020-03-05,Ninh_Binh,20.2506,105.9745,16.4,85,14.8,96,1016.8,1
2020-03-06,Ninh_Binh,20.2506,105.9745,19.2,87,12.0,76,1013.3,0
2020-03-07,Ninh_Binh,20.2506,105.9745,21.9,88,14.3,55,1009.2,0
2020-03-08,Ninh_Binh,20.2506,105.9745,24.6,82,20.5,43,1003.7,0
2020-03-09,Ninh_Binh,20.2506,105.9745,26.2,78,13.3,15,1002.7,0
2020-03-10,Ninh_Binh,20.2506,105.9745,22.9,71,20.2,59,1011.7,1
2020-03-11,Ninh_Binh,20.2506,105.9745,21.2,77,10.1,98,1013.6,1
2020-03-12,Ninh_Binh,20.2506,105.9745,23.3,84,16.4,77,1010.4,0
2020-03-13,Ninh_Binh,20.2506,105.9745,24.8,88,15.9,85,1010.9,1
2020-03-14,Ninh_Binh,20.2506,105.9745,21.7,86,15.3,99,1015.6,1
2020-03-15,Ninh_Binh,20.2506,105.9745,20.3,83,11.0,100,1015.8,1
2020-03-16,Ninh_Binh,20.2506,105.9745,22.8,85,16.3,99,1013.6,1
2020-03-17,Ninh_Binh,20.2506,105.9745,24.0,91,19.8,95,1013.3,1
2020-03-18,Ninh_Binh,20.2506,105.9745,22.0,92,16.0,100,1011.7,1
2020-03-19,Ninh_Binh,20.2506,105.9745,20.8,93,18.0,100,1011.8,1
2020-03-20,Ninh_Binh,20.2506,105.9745,21.3,87,10.1,99,1011.9,1
2020-03-21,Ninh_Binh,20.2506,105.9745,23.9,90,19.9,96,1010.1,1
2020-03-22,Ninh_Binh,20.2506,105.9745,24.6,89,15.9,82,1010.1,1
2020-03-23,Ninh_Binh,20.2506,105.9745,24.6,87,14.6,68,1010.7,1
2020-03-24,Ninh_Binh,20.2506,105.9745,24.3,90,18.7,70,1010.3,1
2020-03-25,Ninh_Binh,20.2506,105.9745,25.0,88,22.8,68,1008.6,1
2020-03-26,Ninh_Binh,20.2506,105.9745,25.2,89,21.6,59,1007.8,1
2020-03-27,Ninh_Binh,20.2506,105.9745,26.0,88,15.1,51,1007.1,0
2020-03-28,Ninh_Binh,20.2506,105.9745,25.1,85,21.0,66,1008.8,1
2020-03-29,Ninh_Binh,20.2506,105.9745,25.3,87,25.3,67,1006.8,1
2020-03-30,Ninh_Binh,20.2506,105.9745,23.8,88,17.3,97,1007.4,1
2020-03-31,Ninh_Binh,20.2506,105.9745,21.4,88,16.0,100,1010.0,1
2020-04-01,Ninh_Binh,20.2506,105.9745,20.7,87,9.2,99,1011.3,1
2020-04-02,Ninh_Binh,20.2506,105.9745,23.4,92,20.7,80,1010.9,1
2020-04-03,Ninh_Binh,20.2506,105.9745,24.7,92,19.7,92,1011.4,1
2020-04-04,Ninh_Binh,20.2506,105.9745,21.2,92,15.9,100,1014.2,1
2020-04-05,Ninh_Binh,20.2506,105.9745,18.1,87,17.5,100,1016.3,1
2020-04-06,Ninh_Binh,20.2506,105.9745,19.0,83,16.1,98,1014.7,1
2020-04-07,Ninh_Binh,20.2506,105.9745,19.7,84,15.1,95,1013.8,1
2020-04-08,Ninh_Binh,20.2506,105.9745,21.2,84,11.6,82,1013.9,1
2020-04-09,Ninh_Binh,20.2506,105.9745,22.2,84,12.8,72,1014.8,1
2020-04-10,Ninh_Binh,20.2506,105.9745,23.3,87,14.8,75,1013.3,0
2020-04-11,Ninh_Binh,20.2506,105.9745,25.1,89,13.6,90,1011.7,1
2020-04-12,Ninh_Binh,20.2506,105.9745,19.5,79,25.5,87,1016.9,1
2020-04-13,Ninh_Binh,20.2506,105.9745,17.7,73,19.5,72,1018.3,1
2020-04-14,Ninh_Binh,20.2506,105.9745,18.1,78,13.8,43,1015.9,0
2020-04-15,Ninh_Binh,20.2506,105.9745,20.2,86,15.7,63,1012.8,0
2020-04-16,Ninh_Binh,20.2506,105.9745,23.5,90,22.8,81,1009.8,1
2020-04-17,Ninh_Binh,20.2506,105.9745,24.7,90,19.8,94,1009.8,1
2020-04-18,Ninh_Binh,20.2506,105.9745,25.5,88,16.7,77,1008.9,0
2020-04-19,Ninh_Binh,20.2506,105.9745,25.9,87,14.4,79,1007.6,0
2020-04-20,Ninh_Binh,20.2506,105.9745,25.8,90,15.8,74,1008.3,0
2020-04-21,Ninh_Binh,20.2506,105.9745,26.4,89,15.5,82,1007.4,0
2020-04-22,Ninh_Binh,20.2506,105.9745,24.5,93,21.7,88,1009.6,1
2020-04-23,Ninh_Binh,20.2506,105.9745,20.9,88,18.8,100,1014.0,1
2020-04-24,Ninh_Binh,20.2506,105.9745,17.5,85,23.5,100,1018.0,1
2020-04-25,Ninh_Binh,20.2506,105.9745,19.1,78,15.5,100,1017.4,0
2020-04-26,Ninh_Binh,20.2506,105.9745,20.2,76,19.2,96,1017.9,0
2020-04-27,Ninh_Binh,20.2506,105.9745,22.0,74,15.1,65,1016.9,0
2020-04-28,Ninh_Binh,20.2506,105.9745,23.4,76,12.2,49,1015.1,0
2020-04-29,Ninh_Binh,20.2506,105.9745,23.5,84,10.2,44,1013.7,1
2020-04-30,Ninh_Binh,20.2506,105.9745,24.5,84,14.6,85,1012.5,0
2020-05-01,Ninh_Binh,20.2506,105.9745,25.0,86,13.8,74,1009.6,1
2020-05-02,Ninh_Binh,20.2506,105.9745,26.1,86,15.5,73,1007.4,1
2020-05-03,Ninh_Binh,20.2506,105.9745,27.2,84,16.1,75,1006.8,0
2020-05-04,Ninh_Binh,20.2506,105.9745,28.2,85,17.1,71,1006.3,0
2020-05-05,Ninh_Binh,20.2506,105.9745,28.7,83,17.2,22,1004.8,0
2020-05-06,Ninh_Binh,20.2506,105.9745,29.1,79,17.3,60,1003.6,0
2020-05-07,Ninh_Binh,20.2506,105.9745,29.8,79,19.7,28,1002.6,0
2020-05-08,Ninh_Binh,20.2506,105.9745,30.1,78,16.9,66,1002.6,1
2020-05-09,Ninh_Binh,20.2506,105.9745,30.5,80,15.6,55,1004.1,0
2020-05-10,Ninh_Binh,20.2506,105.9745,30.4,79,13.3,53,1005.0,0
2020-05-11,Ninh_Binh,20.2506,105.9745,29.4,81,15.8,55,1006.7,0
2020-05-12,Ninh_Binh,20.2506,105.9745,27.0,89,13.3,92,1008.9,1
2020-05-13,Ninh_Binh,20.2506,105.9745,27.6,85,17.8,78,1008.2,1
2020-05-14,Ninh_Binh,20.2506,105.9745,28.2,82,21.6,71,1006.0,1
2020-05-15,Ninh_Binh,20.2506,105.9745,29.1,83,19.4,38,1003.0,1
2020-05-16,Ninh_Binh,20.2506,105.9745,29.5,80,17.4,36,1003.1,0
2020-05-17,Ninh_Binh,20.2506,105.9745,28.9,85,15.4,73,1002.3,1
2020-05-18,Ninh_Binh,20.2506,105.9745,28.9,85,11.7,54,1001.7,1
2020-05-19,Ninh_Binh,20.2506,105.9745,29.0,84,13.2,69,1002.1,1
2020-05-20,Ninh_Binh,20.2506,105.9745,30.8,79,18.3,80,1000.3,0
2020-05-21,Ninh_Binh,20.2506,105.9745,32.7,64,15.8,92,999.3,0
2020-05-22,Ninh_Binh,20.2506,105.9745,30.4,77,17.2,100,1001.9,1
2020-05-23,Ninh_Binh,20.2506,105.9745,28.2,85,13.0,94,1004.9,1
2020-05-24,Ninh_Binh,20.2506,105.9745,29.1,84,15.0,85,1005.1,1
2020-05-25,Ninh_Binh,20.2506,105.9745,30.7,79,15.4,54,1004.2,1
2020-05-26,Ninh_Binh,20.2506,105.9745,28.5,81,19.9,91,1006.3,1
2020-05-27,Ninh_Binh,20.2506,105.9745,26.8,79,15.5,95,1008.5,1
2020-05-28,Ninh_Binh,20.2506,105.9745,27.2,79,11.1,82,1008.1,1
2020-05-29,Ninh_Binh,20.2506,105.9745,28.5,81,17.3,54,1005.9,0
2020-05-30,Ninh_Binh,20.2506,105.9745,29.8,77,14.4,62,1006.0,1
2020-05-31,Ninh_Binh,20.2506,105.9745,30.3,71,19.1,78,1006.1,0
2020-06-01,Ninh_Binh,20.2506,105.9745,30.8,72,17.0,59,1004.9,1
2020-06-02,Ninh_Binh,20.2506,105.9745,31.4,66,20.2,70,1003.3,0
2020-06-03,Ninh_Binh,20.2506,105.9745,31.1,66,19.5,62,1002.8,1
2020-06-04,Ninh_Binh,20.2506,105.9745,31.7,69,23.0,78,1002.2,1
2020-06-05,Ninh_Binh,20.2506,105.9745,31.9,65,19.6,93,1001.9,0
2020-06-06,Ninh_Binh,20.2506,105.9745,32.5,61,18.7,91,1001.2,1
2020-06-07,Ninh_Binh,20.2506,105.9745,33.3,56,22.0,94,999.8,0
2020-06-08,Ninh_Binh,20.2506,105.9745,33.1,57,22.4,95,1000.1,0
2020-06-09,Ninh_Binh,20.2506,105.9745,32.7,60,20.4,98,1002.3,0
2020-06-10,Ninh_Binh,20.2506,105.9745,32.0,71,16.9,98,1003.9,1
2020-06-11,Ninh_Binh,20.2506,105.9745,31.3,75,16.8,98,1002.7,1
2020-06-12,Ninh_Binh,20.2506,105.9745,31.7,72,19.2,76,1000.5,1
2020-06-13,Ninh_Binh,20.2506,105.9745,31.6,75,17.1,59,1000.1,1
2020-06-14,Ninh_Binh,20.2506,105.9745,29.1,86,11.6,94,1002.8,1
2020-06-15,Ninh_Binh,20.2506,105.9745,28.1,85,20.9,99,1004.8,1
2020-06-16,Ninh_Binh,20.2506,105.9745,30.0,76,19.7,86,1003.3,1
2020-06-17,Ninh_Binh,20.2506,105.9745,30.3,69,22.0,53,1001.7,1
2020-06-18,Ninh_Binh,20.2506,105.9745,30.3,70,18.1,13,1002.5,1
2020-06-19,Ninh_Binh,20.2506,105.9745,30.2,76,16.6,46,1003.9,1
2020-06-20,Ninh_Binh,20.2506,105.9745,30.7,75,18.9,46,1003.5,1
2020-06-21,Ninh_Binh,20.2506,105.9745,31.8,72,19.2,28,1000.9,0
2020-06-22,Ninh_Binh,20.2506,105.9745,32.6,66,20.2,69,1000.5,0
2020-06-23,Ninh_Binh,20.2506,105.9745,32.6,68,20.8,89,1001.9,0
2020-06-24,Ninh_Binh,20.2506,105.9745,32.9,65,18.4,96,1001.1,0
2020-06-25,Ninh_Binh,20.2506,105.9745,32.6,64,16.8,100,1000.3,0
2020-06-26,Ninh_Binh,20.2506,105.9745,32.3,65,24.4,90,1001.0,0
2020-06-27,Ninh_Binh,20.2506,105.9745,32.1,68,23.6,69,1002.1,0
2020-06-28,Ninh_Binh,20.2506,105.9745,31.8,70,20.3,48,1002.3,0
2020-06-29,Ninh_Binh,20.2506,105.9745,31.8,70,18.0,69,1001.7,1
2020-06-30,Ninh_Binh,20.2506,105.9745,32.0,71,14.4,93,1000.5,1
2020-07-01,Ninh_Binh,20.2506,105.9745,30.7,78,10.0,96,1000.0,1
2020-07-02,Ninh_Binh,20.2506,105.9745,29.8,80,11.2,98,1000.3,1
2020-07-03,Ninh_Binh,20.2506,105.9745,30.2,78,15.5,99,1002.8,1
2020-07-04,Ninh_Binh,20.2506,105.9745,29.6,79,16.1,98,1004.0,1
2020-07-05,Ninh_Binh,20.2506,105.9745,29.8,80,15.9,50,1002.7,1
2020-07-06,Ninh_Binh,20.2506,105.9745,31.2,74,19.4,62,1002.2,1
2020-07-07,Ninh_Binh,20.2506,105.9745,31.6,72,19.6,93,1004.1,1
2020-07-08,Ninh_Binh,20.2506,105.9745,32.6,64,21.3,97,1002.6,0
2020-07-09,Ninh_Binh,20.2506,105.9745,33.3,56,21.1,99,999.3,0
2020-07-10,Ninh_Binh,20.2506,105.9745,33.8,57,19.7,100,999.1,0
2020-07-11,Ninh_Binh,20.2506,105.9745,32.5,59,19.4,100,1000.7,0
2020-07-12,Ninh_Binh,20.2506,105.9745,32.2,65,18.5,78,1001.6,0
2020-07-13,Ninh_Binh,20.2506,105.9745,32.0,69,16.7,21,1003.6,1
2020-07-14,Ninh_Binh,20.2506,105.9745,31.1,76,15.3,23,1004.7,1
2020-07-15,Ninh_Binh,20.2506,105.9745,31.7,72,19.4,41,1003.2,0
2020-07-16,Ninh_Binh,20.2506,105.9745,32.0,69,21.0,40,1002.3,0
2020-07-17,Ninh_Binh,20.2506,105.9745,32.6,64,22.2,52,1002.8,0
2020-07-18,Ninh_Binh,20.2506,105.9745,32.8,66,22.4,97,1003.0,0
2020-07-19,Ninh_Binh,20.2506,105.9745,33.4,64,18.5,98,1002.0,0
2020-07-20,Ninh_Binh,20.2506,105.9745,31.2,74,19.5,97,1004.1,1
2020-07-21,Ninh_Binh,20.2506,105.9745,29.8,80,19.5,63,1006.2,1
2020-07-22,Ninh_Binh,20.2506,105.9745,29.9,76,18.5,37,1005.8,1
2020-07-23,Ninh_Binh,20.2506,105.9745,30.6,75,17.1,22,1005.6,1
2020-07-24,Ninh_Binh,20.2506,105.9745,30.7,76,16.6,21,1005.7,1
2020-07-25,Ninh_Binh,20.2506,105.9745,31.0,74,18.6,34,1004.9,1
2020-07-26,Ninh_Binh,20.2506,105.9745,32.0,71,18.5,90,1003.3,0
2020-07-27,Ninh_Binh,20.2506,105.9745,31.1,76,13.0,100,1002.5,1
2020-07-28,Ninh_Binh,20.2506,105.9745,30.0,80,10.2,92,1004.0,1
2020-07-29,Ninh_Binh,20.2506,105.9745,30.1,80,11.9,67,1004.3,1
2020-07-30,Ninh_Binh,20.2506,105.9745,30.1,79,13.3,62,1003.8,1
2020-07-31,Ninh_Binh,20.2506,105.9745,29.5,82,11.6,95,1001.8,1
2020-08-01,Ninh_Binh,20.2506,105.9745,27.4,89,20.9,100,997.5,1
2020-08-02,Ninh_Binh,20.2506,105.9745,27.2,88,32.2,100,993.9,1
2020-08-03,Ninh_Binh,20.2506,105.9745,28.5,85,18.7,99,997.7,1
2020-08-04,Ninh_Binh,20.2506,105.9745,26.7,94,10.2,100,999.7,1
2020-08-05,Ninh_Binh,20.2506,105.9745,26.9,94,12.2,100,1002.0,1
2020-08-06,Ninh_Binh,20.2506,105.9745,27.3,92,16.7,98,1004.3,1
2020-08-07,Ninh_Binh,20.2506,105.9745,28.0,88,15.8,61,1004.5,1
2020-08-08,Ninh_Binh,20.2506,105.9745,28.9,85,14.8,70,1003.1,1
2020-08-09,Ninh_Binh,20.2506,105.9745,29.7,85,14.3,74,1001.2,1
2020-08-10,Ninh_Binh,20.2506,105.9745,31.0,81,14.4,91,1000.0,1
2020-08-11,Ninh_Binh,20.2506,105.9745,31.0,79,18.8,86,1000.3,1
2020-08-12,Ninh_Binh,20.2506,105.9745,30.5,77,19.1,73,1002.8,1
2020-08-13,Ninh_Binh,20.2506,105.9745,28.5,87,14.7,84,1004.3,1
2020-08-14,Ninh_Binh,20.2506,105.9745,27.0,89,15.9,98,1004.7,1
2020-08-15,Ninh_Binh,20.2506,105.9745,28.0,82,17.1,88,1004.0,1
2020-08-16,Ninh_Binh,20.2506,105.9745,28.0,83,15.3,79,1003.1,1
2020-08-17,Ninh_Binh,20.2506,105.9745,26.2,91,13.5,99,1003.5,1
2020-08-18,Ninh_Binh,20.2506,105.9745,26.1,92,11.2,100,1003.8,1
2020-08-19,Ninh_Binh,20.2506,105.9745,26.3,91,6.6,92,1003.8,1
2020-08-20,Ninh_Binh,20.2506,105.9745,26.4,92,7.6,99,1005.4,1
2020-08-21,Ninh_Binh,20.2506,105.9745,26.8,92,8.9,96,1006.8,1
2020-08-22,Ninh_Binh,20.2506,105.9745,27.3,90,12.3,92,1006.5,1
2020-08-23,Ninh_Binh,20.2506,105.9745,28.1,86,14.0,52,1005.0,1
2020-08-24,Ninh_Binh,20.2506,105.9745,29.1,85,13.0,78,1002.8,1
2020-08-25,Ninh_Binh,20.2506,105.9745,29.6,84,11.0,89,1001.9,1
2020-08-26,Ninh_Binh,20.2506,105.9745,29.9,82,10.0,92,1000.6,1
2020-08-27,Ninh_Binh,20.2506,105.9745,29.9,85,15.8,66,999.4,1
2020-08-28,Ninh_Binh,20.2506,105.9745,30.1,85,13.5,61,1000.4,1
2020-08-29,Ninh_Binh,20.2506,105.9745,29.0,89,7.8,95,1002.7,1
2020-08-30,Ninh_Binh,20.2506,105.9745,29.0,89,9.5,72,1003.6,1
2020-08-31,Ninh_Binh,20.2506,105.9745,28.9,86,8.0,77,1005.5,1
2020-09-01,Ninh_Binh,20.2506,105.9745,29.5,81,12.1,24,1005.4,0
2020-09-02,Ninh_Binh,20.2506,105.9745,29.9,83,9.1,42,1005.7,1
2020-09-03,Ninh_Binh,20.2506,105.9745,29.4,85,7.5,81,1006.7,1
2020-09-04,Ninh_Binh,20.2506,105.9745,29.0,86,10.1,68,1006.4,1
2020-09-05,Ninh_Binh,20.2506,105.9745,29.6,84,12.4,24,1004.2,1
2020-09-06,Ninh_Binh,20.2506,105.9745,30.4,84,11.2,83,1002.2,1
2020-09-07,Ninh_Binh,20.2506,105.9745,27.8,90,11.4,100,1003.6,1
2020-09-08,Ninh_Binh,20.2506,105.9745,27.3,88,8.5,96,1007.1,1
2020-09-09,Ninh_Binh,20.2506,105.9745,27.3,92,13.0,90,1007.1,1
2020-09-10,Ninh_Binh,20.2506,105.9745,28.5,86,13.7,87,1003.9,1
2020-09-11,Ninh_Binh,20.2506,105.9745,29.1,86,9.8,93,1004.6,1
2020-09-12,Ninh_Binh,20.2506,105.9745,28.3,90,9.1,97,1007.7,1
2020-09-13,Ninh_Binh,20.2506,105.9745,27.6,90,11.2,95,1008.8,1
2020-09-14,Ninh_Binh,20.2506,105.9745,27.6,89,10.5,89,1007.5,1
2020-09-15,Ninh_Binh,20.2506,105.9745,28.6,86,13.1,74,1006.1,1
2020-09-16,Ninh_Binh,20.2506,105.9745,28.9,86,16.0,84,1004.6,1
2020-09-17,Ninh_Binh,20.2506,105.9745,29.0,86,14.1,86,1003.6,1
2020-09-18,Ninh_Binh,20.2506,105.9745,25.4,81,31.3,100,1003.9,1
2020-09-19,Ninh_Binh,20.2506,105.9745,24.1,92,26.8,99,1005.8,1
2020-09-20,Ninh_Binh,20.2506,105.9745,25.0,93,12.1,100,1007.7,1
2020-09-21,Ninh_Binh,20.2506,105.9745,27.0,88,17.2,99,1007.3,1
2020-09-22,Ninh_Binh,20.2506,105.9745,28.1,87,14.8,98,1006.7,1
2020-09-23,Ninh_Binh,20.2506,105.9745,27.1,92,9.3,100,1007.6,1
2020-09-24,Ninh_Binh,20.2506,105.9745,26.2,90,15.9,93,1009.3,1
2020-09-25,Ninh_Binh,20.2506,105.9745,26.9,89,13.2,97,1006.8,1
2020-09-26,Ninh_Binh,20.2506,105.9745,27.8,88,12.3,96,1005.5,1
2020-09-27,Ninh_Binh,20.2506,105.9745,26.6,92,15.4,97,1007.0,1
2020-09-28,Ninh_Binh,20.2506,105.9745,26.6,91,12.2,87,1007.2,1
2020-09-29,Ninh_Binh,20.2506,105.9745,26.8,91,12.2,83,1006.0,1
2020-09-30,Ninh_Binh,20.2506,105.9745,27.6,90,10.3,84,1004.7,1
2020-10-01,Ninh_Binh,20.2506,105.9745,26.7,91,9.8,97,1005.8,1
2020-10-02,Ninh_Binh,20.2506,105.9745,27.0,91,10.2,94,1006.6,1
2020-10-03,Ninh_Binh,20.2506,105.9745,27.2,89,13.5,94,1007.6,1
2020-10-04,Ninh_Binh,20.2506,105.9745,27.0,91,8.8,69,1007.8,1
2020-10-05,Ninh_Binh,20.2506,105.9745,26.9,90,15.0,55,1008.6,1
2020-10-06,Ninh_Binh,20.2506,105.9745,25.6,85,16.2,76,1011.1,1
2020-10-07,Ninh_Binh,20.2506,105.9745,24.2,73,20.2,81,1012.8,0
2020-10-08,Ninh_Binh,20.2506,105.9745,23.6,69,24.2,79,1013.3,0
2020-10-09,Ninh_Binh,20.2506,105.9745,23.2,69,23.1,38,1014.0,0
2020-10-10,Ninh_Binh,20.2506,105.9745,22.8,71,18.8,48,1012.7,0
2020-10-11,Ninh_Binh,20.2506,105.9745,23.1,72,19.2,73,1010.0,0
2020-10-12,Ninh_Binh,20.2506,105.9745,24.4,72,21.7,99,1008.3,0
2020-10-13,Ninh_Binh,20.2506,105.9745,26.2,67,22.0,90,1007.0,1
2020-10-14,Ninh_Binh,20.2506,105.9745,23.0,89,44.2,100,1003.7,1
2020-10-15,Ninh_Binh,20.2506,105.9745,23.4,91,26.0,100,1008.1,1
2020-10-16,Ninh_Binh,20.2506,105.9745,24.1,83,27.2,100,1010.5,1
2020-10-17,Ninh_Binh,20.2506,105.9745,21.8,68,31.0,99,1012.8,1
2020-10-18,Ninh_Binh,20.2506,105.9745,19.7,84,26.3,100,1013.2,1
2020-10-19,Ninh_Binh,20.2506,105.9745,19.3,84,25.7,100,1014.1,1
2020-10-20,Ninh_Binh,20.2506,105.9745,20.9,74,22.8,94,1015.1,1
2020-10-21,Ninh_Binh,20.2506,105.9745,21.7,63,24.5,58,1015.1,0
2020-10-22,Ninh_Binh,20.2506,105.9745,22.2,61,25.6,39,1012.7,0
2020-10-23,Ninh_Binh,20.2506,105.9745,21.7,61,19.1,55,1012.8,0
2020-10-24,Ninh_Binh,20.2506,105.9745,21.3,70,11.9,86,1012.9,0
2020-10-25,Ninh_Binh,20.2506,105.9745,21.6,72,18.7,99,1012.0,1
2020-10-26,Ninh_Binh,20.2506,105.9745,22.5,80,19.6,93,1012.0,1
2020-10-27,Ninh_Binh,20.2506,105.9745,24.2,83,14.2,87,1011.0,1
2020-10-28,Ninh_Binh,20.2506,105.9745,24.5,84,22.6,99,1010.4,1
2020-10-29,Ninh_Binh,20.2506,105.9745,21.8,90,24.5,100,1012.5,1
2020-10-30,Ninh_Binh,20.2506,105.9745,21.2,86,20.3,100,1015.9,1
2020-10-31,Ninh_Binh,20.2506,105.9745,22.1,88,15.3,92,1015.8,1
2020-11-01,Ninh_Binh,20.2506,105.9745,23.5,86,9.1,68,1014.5,1
2020-11-02,Ninh_Binh,20.2506,105.9745,23.2,89,16.0,80,1015.2,1
2020-11-03,Ninh_Binh,20.2506,105.9745,20.5,73,18.8,97,1017.3,1
2020-11-04,Ninh_Binh,20.2506,105.9745,21.6,71,14.8,91,1016.1,0
2020-11-05,Ninh_Binh,20.2506,105.9745,21.7,80,9.4,70,1015.6,0
2020-11-06,Ninh_Binh,20.2506,105.9745,22.6,83,15.6,56,1016.4,0
2020-11-07,Ninh_Binh,20.2506,105.9745,23.3,71,18.4,13,1017.4,0
2020-11-08,Ninh_Binh,20.2506,105.9745,23.2,65,19.5,14,1017.9,0
2020-11-09,Ninh_Binh,20.2506,105.9745,22.1,60,21.2,16,1017.5,0
2020-11-10,Ninh_Binh,20.2506,105.9745,21.4,58,19.8,77,1017.7,0
2020-11-11,Ninh_Binh,20.2506,105.9745,20.7,61,16.3,94,1019.2,0
2020-11-12,Ninh_Binh,20.2506,105.9745,21.8,66,13.7,17,1018.4,0
2020-11-13,Ninh_Binh,20.2506,105.9745,21.4,65,16.6,1,1016.2,0
2020-11-14,Ninh_Binh,20.2506,105.9745,21.6,59,18.7,45,1015.7,1
2020-11-15,Ninh_Binh,20.2506,105.9745,19.4,87,24.6,100,1015.6,1
2020-11-16,Ninh_Binh,20.2506,105.9745,20.6,94,21.8,100,1014.6,1
2020-11-17,Ninh_Binh,20.2506,105.9745,23.0,92,17.2,63,1011.8,1
2020-11-18,Ninh_Binh,20.2506,105.9745,24.5,88,15.1,49,1010.2,0
2020-11-19,Ninh_Binh,20.2506,105.9745,24.8,89,14.3,53,1009.5,1
2020-11-20,Ninh_Binh,20.2506,105.9745,24.8,89,15.2,60,1010.2,1
2020-11-21,Ninh_Binh,20.2506,105.9745,24.8,88,16.5,62,1010.9,0
2020-11-22,Ninh_Binh,20.2506,105.9745,24.5,90,10.0,64,1014.0,1
2020-11-23,Ninh_Binh,20.2506,105.9745,24.0,87,18.8,46,1016.0,1
2020-11-24,Ninh_Binh,20.2506,105.9745,23.4,85,17.3,66,1016.2,1
2020-11-25,Ninh_Binh,20.2506,105.9745,23.4,87,11.6,54,1015.8,1
2020-11-26,Ninh_Binh,20.2506,105.9745,23.1,90,13.2,54,1017.0,1
2020-11-27,Ninh_Binh,20.2506,105.9745,22.5,80,19.7,26,1019.1,1
2020-11-28,Ninh_Binh,20.2506,105.9745,20.0,68,19.1,74,1020.9,1
2020-11-29,Ninh_Binh,20.2506,105.9745,17.5,63,19.4,81,1021.5,0
2020-11-30,Ninh_Binh,20.2506,105.9745,17.8,63,20.5,45,1021.7,0
2020-12-01,Ninh_Binh,20.2506,105.9745,18.9,64,14.8,76,1020.9,0
2020-12-02,Ninh_Binh,20.2506,105.9745,18.8,71,13.3,98,1019.8,0
2020-12-03,Ninh_Binh,20.2506,105.9745,19.2,65,15.9,69,1020.3,0
2020-12-04,Ninh_Binh,20.2506,105.9745,16.6,60,16.7,63,1021.2,0
2020-12-05,Ninh_Binh,20.2506,105.9745,15.5,63,15.8,34,1021.5,0
2020-12-06,Ninh_Binh,20.2506,105.9745,15.8,76,10.8,17,1019.5,0
2020-12-07,Ninh_Binh,20.2506,105.9745,17.3,73,14.6,48,1020.5,0
2020-12-08,Ninh_Binh,20.2506,105.9745,17.2,69,15.1,30,1020.0,0
2020-12-09,Ninh_Binh,20.2506,105.9745,17.1,80,11.8,37,1016.3,0
2020-12-10,Ninh_Binh,20.2506,105.9745,18.4,79,8.9,40,1015.9,0
2020-12-11,Ninh_Binh,20.2506,105.9745,19.4,84,12.5,53,1014.2,0
2020-12-12,Ninh_Binh,20.2506,105.9745,20.6,88,12.5,81,1012.8,1
2020-12-13,Ninh_Binh,20.2506,105.9745,22.5,89,15.8,62,1010.0,1
2020-12-14,Ninh_Binh,20.2506,105.9745,20.9,91,15.7,99,1013.9,1
2020-12-15,Ninh_Binh,20.2506,105.9745,13.4,79,18.4,100,1020.6,1
2020-12-16,Ninh_Binh,20.2506,105.9745,12.5,70,16.6,100,1022.8,1
2020-12-17,Ninh_Binh,20.2506,105.9745,13.3,69,14.6,97,1021.3,0
2020-12-18,Ninh_Binh,20.2506,105.9745,12.8,64,19.6,92,1022.3,0
2020-12-19,Ninh_Binh,20.2506,105.9745,13.3,53,21.7,99,1024.4,0
2020-12-20,Ninh_Binh,20.2506,105.9745,13.9,50,23.4,78,1024.8,0
2020-12-21,Ninh_Binh,20.2506,105.9745,14.0,52,22.7,61,1022.7,0
2020-12-22,Ninh_Binh,20.2506,105.9745,16.0,58,14.5,81,1018.9,0
2020-12-23,Ninh_Binh,20.2506,105.9745,17.5,66,11.2,95,1016.2,0
2020-12-24,Ninh_Binh,20.2506,105.9745,17.3,76,15.7,88,1016.6,1
2020-12-25,Ninh_Binh,20.2506,105.9745,18.3,74,9.3,88,1016.6,1
2020-12-26,Ninh_Binh,20.2506,105.9745,19.0,85,10.5,70,1014.4,0
2020-12-27,Ninh_Binh,20.2506,105.9745,20.4,92,10.1,96,1013.2,1
2020-12-28,Ninh_Binh,20.2506,105.9745,21.8,89,18.7,66,1011.1,1
2020-12-29,Ninh_Binh,20.2506,105.9745,22.3,87,17.0,79,1012.4,1
2020-12-30,Ninh_Binh,20.2506,105.9745,16.1,56,26.0,90,1022.7,1
2020-12-31,Ninh_Binh,20.2506,105.9745,12.8,51,15.5,72,1025.4,0
2021-01-01,Ninh_Binh,20.2506,105.9745,11.7,61,11.7,43,1024.3,0
2021-01-02,Ninh_Binh,20.2506,105.9745,12.8,69,9.4,41,1020.8,0
2021-01-03,Ninh_Binh,20.2506,105.9745,13.9,75,16.0,78,1020.5,0
2021-01-04,Ninh_Binh,20.2506,105.9745,16.2,63,12.6,67,1019.6,0
2021-01-05,Ninh_Binh,20.2506,105.9745,16.2,76,11.9,81,1019.1,1
2021-01-06,Ninh_Binh,20.2506,105.9745,17.3,73,10.9,98,1017.9,1
2021-01-07,Ninh_Binh,20.2506,105.9745,15.0,72,16.8,100,1018.8,1
2021-01-08,Ninh_Binh,20.2506,105.9745,9.8,62,21.7,100,1024.5,1
2021-01-09,Ninh_Binh,20.2506,105.9745,9.9,50,16.4,76,1023.8,0
2021-01-10,Ninh_Binh,20.2506,105.9745,11.0,46,15.8,54,1022.7,0
2021-01-11,Ninh_Binh,20.2506,105.9745,11.6,35,29.5,75,1027.4,0
2021-01-12,Ninh_Binh,20.2506,105.9745,12.4,43,19.9,53,1024.9,0
2021-01-13,Ninh_Binh,20.2506,105.9745,14.1,56,13.4,11,1017.8,0
2021-01-14,Ninh_Binh,20.2506,105.9745,15.2,78,15.0,32,1015.9,0
2021-01-15,Ninh_Binh,20.2506,105.9745,15.9,88,9.8,69,1014.1,1
2021-01-16,Ninh_Binh,20.2506,105.9745,18.1,79,10.2,82,1014.6,0
2021-01-17,Ninh_Binh,20.2506,105.9745,15.1,72,28.5,100,1023.1,1
2021-01-18,Ninh_Binh,20.2506,105.9745,13.8,51,16.7,10,1023.2,0
2021-01-19,Ninh_Binh,20.2506,105.9745,14.2,76,15.5,1,1017.6,0
2021-01-20,Ninh_Binh,20.2506,105.9745,16.2,83,11.6,51,1015.4,0
2021-01-21,Ninh_Binh,20.2506,105.9745,18.5,83,12.7,83,1014.3,0
2021-01-22,Ninh_Binh,20.2506,105.9745,18.1,84,12.0,64,1014.2,1
2021-01-23,Ninh_Binh,20.2506,105.9745,18.2,85,13.0,59,1013.5,0
2021-01-24,Ninh_Binh,20.2506,105.9745,19.1,85,17.9,86,1012.3,1
2021-01-25,Ninh_Binh,20.2506,105.9745,20.3,90,15.4,81,1013.5,1
2021-01-26,Ninh_Binh,20.2506,105.9745,19.5,87,15.3,61,1015.0,1
2021-01-27,Ninh_Binh,20.2506,105.9745,19.4,84,16.7,66,1014.7,0
2021-01-28,Ninh_Binh,20.2506,105.9745,18.0,80,16.2,91,1019.7,1
2021-01-29,Ninh_Binh,20.2506,105.9745,17.6,69,12.2,63,1019.6,0
2021-01-30,Ninh_Binh,20.2506,105.9745,18.1,83,13.8,76,1018.3,1
2021-01-31,Ninh_Binh,20.2506,105.9745,19.2,85,15.2,87,1017.8,1
2021-02-01,Ninh_Binh,20.2506,105.9745,20.0,84,13.2,69,1016.9,1
2021-02-02,Ninh_Binh,20.2506,105.9745,19.5,86,12.1,66,1017.5,1
2021-02-03,Ninh_Binh,20.2506,105.9745,19.7,84,13.7,68,1018.1,0
2021-02-04,Ninh_Binh,20.2506,105.9745,20.0,84,15.1,61,1018.5,1
2021-02-05,Ninh_Binh,20.2506,105.9745,19.7,85,15.8,64,1017.1,1
2021-02-06,Ninh_Binh,20.2506,105.9745,19.7,83,13.2,76,1015.8,0
2021-02-07,Ninh_Binh,20.2506,105.9745,20.6,81,13.7,52,1014.8,0
2021-02-08,Ninh_Binh,20.2506,105.9745,20.2,82,15.2,86,1015.9,1
2021-02-09,Ninh_Binh,20.2506,105.9745,16.7,91,23.5,93,1015.5,1
2021-02-10,Ninh_Binh,20.2506,105.9745,17.1,77,19.2,25,1014.8,0
2021-02-11,Ninh_Binh,20.2506,105.9745,17.4,86,13.7,65,1015.1,0
2021-02-12,Ninh_Binh,20.2506,105.9745,18.1,81,9.4,55,1016.0,0
2021-02-13,Ninh_Binh,20.2506,105.9745,18.5,79,14.5,48,1015.6,0
2021-02-14,Ninh_Binh,20.2506,105.9745,19.5,79,11.8,33,1015.2,0
2021-02-15,Ninh_Binh,20.2506,105.9745,20.2,84,15.7,44,1012.5,1
2021-02-16,Ninh_Binh,20.2506,105.9745,20.5,86,14.3,67,1013.6,1
2021-02-17,Ninh_Binh,20.2506,105.9745,19.7,82,12.3,82,1018.6,1
2021-02-18,Ninh_Binh,20.2506,105.9745,19.3,77,13.6,65,1021.7,0
2021-02-19,Ninh_Binh,20.2506,105.9745,19.4,75,13.4,57,1021.5,0
2021-02-20,Ninh_Binh,20.2506,105.9745,18.7,78,15.3,26,1018.3,0
2021-02-21,Ninh_Binh,20.2506,105.9745,19.6,80,20.3,9,1014.6,0
2021-02-22,Ninh_Binh,20.2506,105.9745,20.8,84,16.3,74,1013.4,1
2021-02-23,Ninh_Binh,20.2506,105.9745,21.0,83,13.7,54,1013.0,1
2021-02-24,Ninh_Binh,20.2506,105.9745,21.5,84,22.2,45,1009.8,1
2021-02-25,Ninh_Binh,20.2506,105.9745,22.6,86,21.5,63,1006.0,1
2021-02-26,Ninh_Binh,20.2506,105.9745,23.2,87,15.7,84,1005.9,1
2021-02-27,Ninh_Binh,20.2506,105.9745,19.3,90,15.6,100,1010.5,1
2021-02-28,Ninh_Binh,20.2506,105.9745,20.3,94,9.2,100,1010.7,1
2021-03-01,Ninh_Binh,20.2506,105.9745,23.4,92,14.7,97,1012.4,1
2021-03-02,Ninh_Binh,20.2506,105.9745,18.3,71,18.7,100,1017.8,1
2021-03-03,Ninh_Binh,20.2506,105.9745,18.4,80,11.2,99,1016.9,1
2021-03-04,Ninh_Binh,20.2506,105.9745,18.6,87,10.7,86,1014.9,1
2021-03-05,Ninh_Binh,20.2506,105.9745,21.3,89,13.4,97,1011.4,1
2021-03-06,Ninh_Binh,20.2506,105.9745,23.7,88,13.0,91,1011.9,1
2021-03-07,Ninh_Binh,20.2506,105.9745,21.1,85,15.6,100,1015.6,1
2021-03-08,Ninh_Binh,20.2506,105.9745,22.2,86,18.2,79,1015.0,1
2021-03-09,Ninh_Binh,20.2506,105.9745,22.9,87,22.7,71,1014.7,1
2021-03-10,Ninh_Binh,20.2506,105.9745,23.1,87,22.7,66,1014.5,1
2021-03-11,Ninh_Binh,20.2506,105.9745,23.2,85,18.7,71,1015.4,1
2021-03-12,Ninh_Binh,20.2506,105.9745,22.6,87,15.2,75,1016.1,1
2021-03-13,Ninh_Binh,20.2506,105.9745,22.4,88,11.1,70,1015.6,1
2021-03-14,Ninh_Binh,20.2506,105.9745,22.2,85,16.7,60,1012.8,1
2021-03-15,Ninh_Binh,20.2506,105.9745,23.1,86,21.1,49,1010.1,1
2021-03-16,Ninh_Binh,20.2506,105.9745,23.5,88,19.8,83,1009.7,1
2021-03-17,Ninh_Binh,20.2506,105.9745,23.6,88,20.0,91,1009.3,1
2021-03-18,Ninh_Binh,20.2506,105.9745,23.9,87,18.1,85,1009.0,1
2021-03-19,Ninh_Binh,20.2506,105.9745,24.5,87,20.2,93,1007.7,1
2021-03-20,Ninh_Binh,20.2506,105.9745,24.9,86,17.7,99,1007.3,1
2021-03-21,Ninh_Binh,20.2506,105.9745,19.7,85,25.5,100,1014.0,1
2021-03-22,Ninh_Binh,20.2506,105.9745,16.3,64,23.4,75,1022.4,1
2021-03-23,Ninh_Binh,20.2506,105.9745,17.6,66,13.3,43,1019.2,0
2021-03-24,Ninh_Binh,20.2506,105.9745,19.4,82,13.0,79,1014.5,1
2021-03-25,Ninh_Binh,20.2506,105.9745,21.5,90,15.3,80,1012.3,1
2021-03-26,Ninh_Binh,20.2506,105.9745,23.1,92,20.9,95,1010.1,1
2021-03-27,Ninh_Binh,20.2506,105.9745,24.3,90,20.9,98,1007.9,1
2021-03-28,Ninh_Binh,20.2506,105.9745,24.5,91,19.2,98,1006.6,1
2021-03-29,Ninh_Binh,20.2506,105.9745,25.3,89,15.4,69,1003.1,0
2021-03-30,Ninh_Binh,20.2506,105.9745,26.8,83,17.7,41,1000.4,0
2021-03-31,Ninh_Binh,20.2506,105.9745,27.3,80,17.4,54,999.9,0
2021-04-01,Ninh_Binh,20.2506,105.9745,26.5,85,16.3,12,1001.5,0
2021-04-02,Ninh_Binh,20.2506,105.9745,26.3,88,16.2,68,1004.6,0
2021-04-03,Ninh_Binh,20.2506,105.9745,25.4,91,17.8,94,1008.1,1
2021-04-04,Ninh_Binh,20.2506,105.9745,25.0,85,16.9,66,1010.9,1
2021-04-05,Ninh_Binh,20.2506,105.9745,23.9,84,18.4,62,1013.5,1
2021-04-06,Ninh_Binh,20.2506,105.9745,24.1,86,15.6,49,1013.6,1
2021-04-07,Ninh_Binh,20.2506,105.9745,24.3,88,15.7,64,1011.9,1
2021-04-08,Ninh_Binh,20.2506,105.9745,25.1,89,15.4,46,1010.2,1
2021-04-09,Ninh_Binh,20.2506,105.9745,21.8,86,16.6,97,1013.1,1
2021-04-10,Ninh_Binh,20.2506,105.9745,22.6,88,14.7,99,1014.5,1
2021-04-11,Ninh_Binh,20.2506,105.9745,24.6,87,20.2,74,1014.0,1
2021-04-12,Ninh_Binh,20.2506,105.9745,25.0,88,18.9,90,1012.3,1
2021-04-13,Ninh_Binh,20.2506,105.9745,25.2,87,17.9,94,1010.6,1
2021-04-14,Ninh_Binh,20.2506,105.9745,25.5,87,16.3,94,1008.9,0
2021-04-15,Ninh_Binh,20.2506,105.9745,25.6,90,20.9,95,1007.7,1
2021-04-16,Ninh_Binh,20.2506,105.9745,25.8,87,19.7,94,1009.2,1
2021-04-17,Ninh_Binh,20.2506,105.9745,23.7,92,16.9,100,1012.6,1
2021-04-18,Ninh_Binh,20.2506,105.9745,23.4,88,10.5,96,1011.4,1
2021-04-19,Ninh_Binh,20.2506,105.9745,25.2,91,16.5,62,1007.3,1
2021-04-20,Ninh_Binh,20.2506,105.9745,26.8,86,17.8,37,1006.2,1
2021-04-21,Ninh_Binh,20.2506,105.9745,26.9,87,23.0,54,1007.0,1
2021-04-22,Ninh_Binh,20.2506,105.9745,27.1,87,16.8,77,1006.5,1
2021-04-23,Ninh_Binh,20.2506,105.9745,27.4,86,20.1,54,1004.3,1
2021-04-24,Ninh_Binh,20.2506,105.9745,28.0,85,18.3,51,1004.1,1
2021-04-25,Ninh_Binh,20.2506,105.9745,27.1,91,17.6,98,1006.7,1
2021-04-26,Ninh_Binh,20.2506,105.9745,24.3,94,15.2,100,1008.9,1
2021-04-27,Ninh_Binh,20.2506,105.9745,22.9,91,13.3,99,1011.8,1
2021-04-28,Ninh_Binh,20.2506,105.9745,24.3,89,14.3,91,1013.1,1
2021-04-29,Ninh_Binh,20.2506,105.9745,21.3,83,20.5,100,1014.2,1
2021-04-30,Ninh_Binh,20.2506,105.9745,22.9,83,12.2,71,1010.9,0
2021-05-01,Ninh_Binh,20.2506,105.9745,25.3,87,14.0,91,1010.1,1
2021-05-02,Ninh_Binh,20.2506,105.9745,26.3,89,16.1,88,1008.8,1
2021-05-03,Ninh_Binh,20.2506,105.9745,27.4,86,22.4,69,1006.4,1
2021-05-04,Ninh_Binh,20.2506,105.9745,28.1,85,16.7,41,1006.1,0
2021-05-05,Ninh_Binh,20.2506,105.9745,26.5,89,14.5,90,1009.7,1
2021-05-06,Ninh_Binh,20.2506,105.9745,26.6,87,16.4,90,1011.5,1
2021-05-07,Ninh_Binh,20.2506,105.9745,27.2,85,19.2,71,1010.3,1
2021-05-08,Ninh_Binh,20.2506,105.9745,27.3,85,17.9,64,1007.6,0
2021-05-09,Ninh_Binh,20.2506,105.9745,28.0,86,15.1,67,1005.5,0
2021-05-10,Ninh_Binh,20.2506,105.9745,29.2,84,18.9,36,1004.0,1
2021-05-11,Ninh_Binh,20.2506,105.9745,29.6,82,18.9,44,1002.9,0
2021-05-12,Ninh_Binh,20.2506,105.9745,30.1,80,18.8,40,1002.6,0
2021-05-13,Ninh_Binh,20.2506,105.9745,29.4,82,20.6,53,1003.3,1
2021-05-14,Ninh_Binh,20.2506,105.9745,29.4,82,22.4,61,1003.2,1
2021-05-15,Ninh_Binh,20.2506,105.9745,29.9,81,21.6,45,1003.7,0
2021-05-16,Ninh_Binh,20.2506,105.9745,30.1,80,19.7,42,1003.8,0
2021-05-17,Ninh_Binh,20.2506,105.9745,29.7,81,21.2,39,1005.0,1
2021-05-18,Ninh_Binh,20.2506,105.9745,29.9,81,17.6,56,1004.6,1
2021-05-19,Ninh_Binh,20.2506,105.9745,30.6,77,22.0,78,1002.4,0
2021-05-20,Ninh_Binh,20.2506,105.9745,31.1,76,22.5,94,1002.5,0
2021-05-21,Ninh_Binh,20.2506,105.9745,30.9,76,21.1,83,1002.0,0
2021-05-22,Ninh_Binh,20.2506,105.9745,31.3,74,21.1,51,1000.7,1
2021-05-23,Ninh_Binh,20.2506,105.9745,30.9,78,17.3,63,1002.3,1
2021-05-24,Ninh_Binh,20.2506,105.9745,27.6,89,12.6,93,1007.0,1
2021-05-25,Ninh_Binh,20.2506,105.9745,25.9,87,17.3,83,1007.2,1
2021-05-26,Ninh_Binh,20.2506,105.9745,27.7,88,16.5,72,1005.4,1
2021-05-27,Ninh_Binh,20.2506,105.9745,28.2,87,17.1,74,1006.4,1
2021-05-28,Ninh_Binh,20.2506,105.9745,28.6,84,15.8,83,1006.5,1
2021-05-29,Ninh_Binh,20.2506,105.9745,30.0,82,18.4,80,1004.1,0
2021-05-30,Ninh_Binh,20.2506,105.9745,31.2,73,16.8,93,1001.6,0
2021-05-31,Ninh_Binh,20.2506,105.9745,32.0,69,17.2,81,999.7,0
2021-06-01,Ninh_Binh,20.2506,105.9745,32.5,69,21.0,86,1000.1,0
2021-06-02,Ninh_Binh,20.2506,105.9745,32.2,72,19.6,95,1000.8,0
2021-06-03,Ninh_Binh,20.2506,105.9745,32.7,71,18.6,86,1000.7,0
2021-06-04,Ninh_Binh,20.2506,105.9745,28.0,73,23.5,98,1004.9,1
2021-06-05,Ninh_Binh,20.2506,105.9745,27.0,75,9.7,92,1004.9,1
2021-06-06,Ninh_Binh,20.2506,105.9745,28.0,87,12.0,84,1002.7,1
2021-06-07,Ninh_Binh,20.2506,105.9745,27.2,91,8.9,98,1003.4,1
2021-06-08,Ninh_Binh,20.2506,105.9745,26.7,91,10.9,97,1004.1,1
2021-06-09,Ninh_Binh,20.2506,105.9745,27.4,90,10.5,98,1003.1,1
2021-06-10,Ninh_Binh,20.2506,105.9745,27.7,89,10.5,98,1001.6,1
2021-06-11,Ninh_Binh,20.2506,105.9745,27.1,90,13.9,98,1002.2,1
2021-06-12,Ninh_Binh,20.2506,105.9745,27.1,90,25.4,100,1000.9,1
2021-06-13,Ninh_Binh,20.2506,105.9745,28.1,80,27.2,90,999.4,1
2021-06-14,Ninh_Binh,20.2506,105.9745,29.6,76,20.4,44,1000.0,1
2021-06-15,Ninh_Binh,20.2506,105.9745,29.7,70,17.5,63,998.9,0
2021-06-16,Ninh_Binh,20.2506,105.9745,30.8,70,18.2,74,1000.5,0
2021-06-17,Ninh_Binh,20.2506,105.9745,31.1,70,17.3,21,1002.2,0
2021-06-18,Ninh_Binh,20.2506,105.9745,31.4,68,18.1,9,1002.4,0
2021-06-19,Ninh_Binh,20.2506,105.9745,31.9,64,16.4,41,1000.4,0
2021-06-20,Ninh_Binh,20.2506,105.9745,32.5,63,17.7,46,998.4,0
2021-06-21,Ninh_Binh,20.2506,105.9745,32.8,63,17.3,80,998.7,0
2021-06-22,Ninh_Binh,20.2506,105.9745,31.6,75,14.0,99,1001.6,1
2021-06-23,Ninh_Binh,20.2506,105.9745,29.4,86,11.7,100,1002.5,1
2021-06-24,Ninh_Binh,20.2506,105.9745,30.9,74,12.5,97,1001.1,0
2021-06-25,Ninh_Binh,20.2506,105.9745,30.4,80,15.5,92,1001.0,1
2021-06-26,Ninh_Binh,20.2506,105.9745,30.9,72,17.3,92,1002.1,1
2021-06-27,Ninh_Binh,20.2506,105.9745,32.2,60,19.4,91,1001.4,0
2021-06-28,Ninh_Binh,20.2506,105.9745,32.6,60,18.8,95,999.1,1
2021-06-29,Ninh_Binh,20.2506,105.9745,32.1,63,18.3,100,999.1,0
2021-06-30,Ninh_Binh,20.2506,105.9745,31.8,63,18.0,100,999.6,0
2021-07-01,Ninh_Binh,20.2506,105.9745,31.9,63,19.0,99,1000.0,1
2021-07-02,Ninh_Binh,20.2506,105.9745,32.4,61,17.7,99,1001.1,0
2021-07-03,Ninh_Binh,20.2506,105.9745,32.9,60,14.0,96,1001.1,0
2021-07-04,Ninh_Binh,20.2506,105.9745,32.3,72,17.4,93,1001.3,0
2021-07-05,Ninh_Binh,20.2506,105.9745,30.5,80,18.1,78,1002.8,1
2021-07-06,Ninh_Binh,20.2506,105.9745,29.8,80,12.2,47,1002.7,1
2021-07-07,Ninh_Binh,20.2506,105.9745,28.1,88,12.9,95,1002.9,1
2021-07-08,Ninh_Binh,20.2506,105.9745,27.4,89,21.9,88,1003.9,1
2021-07-09,Ninh_Binh,20.2506,105.9745,27.7,86,15.0,57,1006.9,1
2021-07-10,Ninh_Binh,20.2506,105.9745,27.7,86,15.1,34,1007.3,1
2021-07-11,Ninh_Binh,20.2506,105.9745,28.6,82,15.6,29,1008.2,1
2021-07-12,Ninh_Binh,20.2506,105.9745,29.1,80,18.6,14,1007.3,1
2021-07-13,Ninh_Binh,20.2506,105.9745,29.6,81,20.1,16,1005.0,1
2021-07-14,Ninh_Binh,20.2506,105.9745,29.8,79,19.2,32,1004.5,1
2021-07-15,Ninh_Binh,20.2506,105.9745,29.4,78,18.1,46,1006.0,1
2021-07-16,Ninh_Binh,20.2506,105.9745,29.6,79,16.1,37,1006.5,1
2021-07-17,Ninh_Binh,20.2506,105.9745,29.8,80,14.7,62,1002.9,1
2021-07-18,Ninh_Binh,20.2506,105.9745,29.8,83,10.9,98,1000.3,1
2021-07-19,Ninh_Binh,20.2506,105.9745,28.7,87,10.6,96,1000.7,1
2021-07-20,Ninh_Binh,20.2506,105.9745,27.7,89,11.3,99,1001.2,1
2021-07-21,Ninh_Binh,20.2506,105.9745,28.1,90,8.7,99,1000.4,1
2021-07-22,Ninh_Binh,20.2506,105.9745,28.5,86,7.9,100,998.7,1
2021-07-23,Ninh_Binh,20.2506,105.9745,26.4,93,16.1,100,997.0,1
2021-07-24,Ninh_Binh,20.2506,105.9745,27.7,87,23.5,96,997.0,1
2021-07-25,Ninh_Binh,20.2506,105.9745,28.8,86,9.8,73,998.6,1
2021-07-26,Ninh_Binh,20.2506,105.9745,28.7,87,12.3,76,998.3,1
2021-07-27,Ninh_Binh,20.2506,105.9745,30.3,81,8.0,75,996.6,1
2021-07-28,Ninh_Binh,20.2506,105.9745,30.1,82,11.6,76,996.4,1
2021-07-29,Ninh_Binh,20.2506,105.9745,29.0,89,6.0,100,998.0,1
2021-07-30,Ninh_Binh,20.2506,105.9745,29.5,87,9.6,97,998.7,1
2021-07-31,Ninh_Binh,20.2506,105.9745,31.3,77,15.9,97,997.5,1
2021-08-01,Ninh_Binh,20.2506,105.9745,27.9,91,8.9,100,997.8,1
2021-08-02,Ninh_Binh,20.2506,105.9745,28.9,85,11.8,98,997.6,1
2021-08-03,Ninh_Binh,20.2506,105.9745,29.5,85,15.1,97,998.5,1
2021-08-04,Ninh_Binh,20.2506,105.9745,30.6,78,11.2,83,998.6,1
2021-08-05,Ninh_Binh,20.2506,105.9745,31.8,70,14.3,80,997.4,1
2021-08-06,Ninh_Binh,20.2506,105.9745,32.2,68,14.6,99,998.0,0
2021-08-07,Ninh_Binh,20.2506,105.9745,32.3,68,13.8,98,999.3,0
2021-08-08,Ninh_Binh,20.2506,105.9745,32.0,72,12.5,98,1000.1,0
2021-08-09,Ninh_Binh,20.2506,105.9745,30.7,83,8.9,100,1000.4,1
2021-08-10,Ninh_Binh,20.2506,105.9745,29.0,92,8.5,100,1000.6,1
2021-08-11,Ninh_Binh,20.2506,105.9745,29.0,89,17.1,98,1003.2,1
2021-08-12,Ninh_Binh,20.2506,105.9745,29.8,84,13.5,97,1004.4,1
2021-08-13,Ninh_Binh,20.2506,105.9745,30.3,75,15.1,96,1001.0,1
2021-08-14,Ninh_Binh,20.2506,105.9745,30.7,73,12.9,100,1000.0,0
2021-08-15,Ninh_Binh,20.2506,105.9745,29.3,84,13.5,94,1003.9,1
2021-08-16,Ninh_Binh,20.2506,105.9745,29.7,76,13.4,94,1007.5,1
2021-08-17,Ninh_Binh,20.2506,105.9745,30.5,78,11.4,45,1006.8,1
2021-08-18,Ninh_Binh,20.2506,105.9745,30.7,79,11.9,68,1004.8,1
2021-08-19,Ninh_Binh,20.2506,105.9745,29.3,86,12.4,78,1005.0,1
2021-08-20,Ninh_Binh,20.2506,105.9745,28.9,85,14.1,47,1006.4,1
2021-08-21,Ninh_Binh,20.2506,105.9745,30.2,81,14.4,62,1005.5,1
2021-08-22,Ninh_Binh,20.2506,105.9745,31.1,78,18.4,64,1003.0,0
2021-08-23,Ninh_Binh,20.2506,105.9745,31.3,75,18.5,78,1001.7,1
2021-08-24,Ninh_Binh,20.2506,105.9745,30.9,78,13.0,99,1002.3,1
2021-08-25,Ninh_Binh,20.2506,105.9745,29.3,82,16.4,74,1004.1,1
2021-08-26,Ninh_Binh,20.2506,105.9745,27.7,87,16.7,77,1006.7,1
2021-08-27,Ninh_Binh,20.2506,105.9745,27.1,87,11.0,91,1008.3,1
2021-08-28,Ninh_Binh,20.2506,105.9745,26.6,88,10.0,91,1008.3,1
2021-08-29,Ninh_Binh,20.2506,105.9745,27.0,88,11.5,58,1008.1,1
2021-08-30,Ninh_Binh,20.2506,105.9745,27.3,87,10.0,87,1008.5,1
2021-08-31,Ninh_Binh,20.2506,105.9745,27.6,87,10.2,73,1008.4,1
2021-09-01,Ninh_Binh,20.2506,105.9745,27.8,87,9.5,59,1007.3,1
2021-09-02,Ninh_Binh,20.2506,105.9745,27.0,89,9.5,92,1006.3,1
2021-09-03,Ninh_Binh,20.2506,105.9745,27.5,88,9.4,78,1004.4,1
2021-09-04,Ninh_Binh,20.2506,105.9745,27.5,89,10.9,60,1004.4,1
2021-09-05,Ninh_Binh,20.2506,105.9745,26.8,90,13.7,81,1006.9,1
2021-09-06,Ninh_Binh,20.2506,105.9745,27.1,90,7.3,78,1009.0,1
2021-09-07,Ninh_Binh,20.2506,105.9745,26.8,90,17.7,74,1008.2,1
2021-09-08,Ninh_Binh,20.2506,105.9745,25.8,92,20.2,96,1006.8,1
2021-09-09,Ninh_Binh,20.2506,105.9745,26.3,90,11.0,69,1008.2,1
2021-09-10,Ninh_Binh,20.2506,105.9745,28.0,83,14.2,64,1007.1,0
2021-09-11,Ninh_Binh,20.2506,105.9745,29.1,80,13.5,86,1004.2,0
2021-09-12,Ninh_Binh,20.2506,105.9745,29.8,82,8.6,87,1001.5,0
2021-09-13,Ninh_Binh,20.2506,105.9745,28.2,89,16.6,96,1004.3,1
2021-09-14,Ninh_Binh,20.2506,105.9745,26.4,93,11.3,100,1008.2,1
2021-09-15,Ninh_Binh,20.2506,105.9745,26.7,91,11.5,96,1009.8,1
2021-09-16,Ninh_Binh,20.2506,105.9745,27.2,89,13.7,94,1008.8,1
2021-09-17,Ninh_Binh,20.2506,105.9745,27.9,87,13.8,70,1007.2,1
2021-09-18,Ninh_Binh,20.2506,105.9745,28.1,88,13.8,57,1007.8,1
2021-09-19,Ninh_Binh,20.2506,105.9745,28.3,84,12.6,61,1008.0,0
2021-09-20,Ninh_Binh,20.2506,105.9745,27.1,89,10.5,78,1008.4,1
2021-09-21,Ninh_Binh,20.2506,105.9745,27.1,88,8.7,68,1007.9,1
2021-09-22,Ninh_Binh,20.2506,105.9745,25.9,92,9.7,71,1007.8,1
2021-09-23,Ninh_Binh,20.2506,105.9745,26.7,91,9.9,78,1009.4,1
2021-09-24,Ninh_Binh,20.2506,105.9745,25.5,95,17.4,100,1009.5,1
2021-09-25,Ninh_Binh,20.2506,105.9745,25.5,93,14.8,96,1009.6,1
2021-09-26,Ninh_Binh,20.2506,105.9745,25.8,92,12.2,87,1009.9,1
2021-09-27,Ninh_Binh,20.2506,105.9745,26.0,91,12.1,75,1009.7,1
2021-09-28,Ninh_Binh,20.2506,105.9745,27.2,85,11.1,14,1008.5,0
2021-09-29,Ninh_Binh,20.2506,105.9745,27.8,84,11.3,8,1007.2,0
2021-09-30,Ninh_Binh,20.2506,105.9745,28.1,85,13.2,19,1007.2,1
2021-10-01,Ninh_Binh,20.2506,105.9745,28.0,85,11.9,46,1007.4,1
2021-10-02,Ninh_Binh,20.2506,105.9745,27.5,85,10.6,53,1008.3,1
2021-10-03,Ninh_Binh,20.2506,105.9745,27.3,82,13.1,21,1008.8,0
2021-10-04,Ninh_Binh,20.2506,105.9745,27.1,87,15.1,32,1009.5,1
2021-10-05,Ninh_Binh,20.2506,105.9745,26.5,90,15.5,83,1009.4,1
2021-10-06,Ninh_Binh,20.2506,105.9745,26.7,89,9.4,83,1006.8,1
2021-10-07,Ninh_Binh,20.2506,105.9745,27.9,80,20.3,68,1003.6,1
2021-10-08,Ninh_Binh,20.2506,105.9745,28.4,66,25.6,84,1002.5,0
2021-10-09,Ninh_Binh,20.2506,105.9745,25.4,77,22.4,100,1002.5,1
2021-10-10,Ninh_Binh,20.2506,105.9745,23.7,90,27.3,100,1000.7,1
2021-10-11,Ninh_Binh,20.2506,105.9745,23.4,91,27.4,100,1005.7,1
2021-10-12,Ninh_Binh,20.2506,105.9745,24.1,65,28.8,67,1007.5,0
2021-10-13,Ninh_Binh,20.2506,105.9745,23.5,71,34.1,100,1003.6,1
2021-10-14,Ninh_Binh,20.2506,105.9745,21.6,90,33.7,100,1003.2,1
2021-10-15,Ninh_Binh,20.2506,105.9745,21.4,92,21.3,100,1008.8,1
2021-10-16,Ninh_Binh,20.2506,105.9745,21.4,78,31.5,100,1014.2,1
2021-10-17,Ninh_Binh,20.2506,105.9745,20.9,66,29.2,100,1017.2,1
2021-10-18,Ninh_Binh,20.2506,105.9745,19.6,83,22.8,100,1016.4,1
2021-10-19,Ninh_Binh,20.2506,105.9745,21.9,89,15.9,92,1015.5,1
2021-10-20,Ninh_Binh,20.2506,105.9745,25.0,87,16.6,76,1012.5,0
2021-10-21,Ninh_Binh,20.2506,105.9745,22.9,86,21.3,96,1013.4,1
2021-10-22,Ninh_Binh,20.2506,105.9745,19.4,65,21.0,100,1018.9,1
2021-10-23,Ninh_Binh,20.2506,105.9745,19.9,65,19.5,75,1019.7,0
2021-10-24,Ninh_Binh,20.2506,105.9745,20.0,72,17.7,55,1018.8,0
2021-10-25,Ninh_Binh,20.2506,105.9745,21.8,74,12.3,45,1015.8,0
2021-10-26,Ninh_Binh,20.2506,105.9745,22.1,80,10.8,37,1014.3,0
2021-10-27,Ninh_Binh,20.2506,105.9745,23.2,77,15.2,72,1014.9,0
2021-10-28,Ninh_Binh,20.2506,105.9745,22.7,82,17.0,100,1015.3,1
2021-10-29,Ninh_Binh,20.2506,105.9745,21.6,93,16.6,100,1015.9,1
2021-10-30,Ninh_Binh,20.2506,105.9745,20.8,92,18.9,100,1016.6,1
2021-10-31,Ninh_Binh,20.2506,105.9745,21.5,90,13.4,100,1015.6,1
2021-11-01,Ninh_Binh,20.2506,105.9745,23.1,92,13.9,100,1015.3,1
2021-11-02,Ninh_Binh,20.2506,105.9745,23.0,90,15.5,99,1015.5,1
2021-11-03,Ninh_Binh,20.2506,105.9745,23.7,89,10.4,70,1013.9,1
2021-11-04,Ninh_Binh,20.2506,105.9745,24.6,88,14.3,56,1011.7,1
2021-11-05,Ninh_Binh,20.2506,105.9745,25.6,87,17.9,52,1009.2,0
2021-11-06,Ninh_Binh,20.2506,105.9745,25.8,87,17.1,49,1007.0,1
2021-11-07,Ninh_Binh,20.2506,105.9745,25.9,87,14.8,56,1009.7,1
2021-11-08,Ninh_Binh,20.2506,105.9745,18.5,67,28.6,97,1018.5,1
2021-11-09,Ninh_Binh,20.2506,105.9745,17.8,59,15.5,25,1019.3,0
2021-11-10,Ninh_Binh,20.2506,105.9745,18.2,61,17.3,34,1018.9,0
2021-11-11,Ninh_Binh,20.2506,105.9745,19.3,71,10.4,60,1016.1,0
2021-11-12,Ninh_Binh,20.2506,105.9745,21.0,68,15.6,96,1017.7,0
2021-11-13,Ninh_Binh,20.2506,105.9745,20.0,65,17.0,91,1017.9,0
2021-11-14,Ninh_Binh,20.2506,105.9745,19.6,77,10.6,69,1016.6,0
2021-11-15,Ninh_Binh,20.2506,105.9745,20.7,82,12.6,89,1014.4,1
2021-11-16,Ninh_Binh,20.2506,105.9745,21.7,88,9.9,100,1014.0,1
2021-11-17,Ninh_Binh,20.2506,105.9745,21.5,86,17.0,90,1015.6,1
2021-11-18,Ninh_Binh,20.2506,105.9745,19.9,71,16.3,63,1014.5,0
2021-11-19,Ninh_Binh,20.2506,105.9745,20.6,85,14.3,58,1009.7,1
2021-11-20,Ninh_Binh,20.2506,105.9745,23.6,88,19.7,77,1008.3,1
2021-11-21,Ninh_Binh,20.2506,105.9745,24.7,90,16.5,54,1010.7,1
2021-11-22,Ninh_Binh,20.2506,105.9745,19.9,78,23.0,100,1016.8,1
2021-11-23,Ninh_Binh,20.2506,105.9745,17.0,59,18.7,99,1020.6,0
2021-11-24,Ninh_Binh,20.2506,105.9745,17.5,60,15.9,96,1020.3,0
2021-11-25,Ninh_Binh,20.2506,105.9745,18.3,73,13.6,57,1018.1,0
2021-11-26,Ninh_Binh,20.2506,105.9745,19.4,73,16.6,27,1017.8,0
2021-11-27,Ninh_Binh,20.2506,105.9745,20.1,66,12.7,39,1018.6,0
2021-11-28,Ninh_Binh,20.2506,105.9745,19.3,72,11.7,40,1018.3,0
2021-11-29,Ninh_Binh,20.2506,105.9745,20.5,73,11.5,78,1016.9,0
2021-11-30,Ninh_Binh,20.2506,105.9745,20.5,62,23.1,50,1019.4,0
2021-12-01,Ninh_Binh,20.2506,105.9745,17.7,61,15.9,45,1020.8,0
2021-12-02,Ninh_Binh,20.2506,105.9745,16.3,64,12.6,68,1021.3,0
2021-12-03,Ninh_Binh,20.2506,105.9745,16.1,67,11.5,61,1021.1,0
2021-12-04,Ninh_Binh,20.2506,105.9745,16.3,69,12.0,22,1020.6,0
2021-12-05,Ninh_Binh,20.2506,105.9745,17.1,67,14.4,18,1020.1,0
2021-12-06,Ninh_Binh,20.2506,105.9745,17.3,65,12.7,0,1019.6,0
2021-12-07,Ninh_Binh,20.2506,105.9745,17.3,67,11.5,2,1019.3,0
2021-12-08,Ninh_Binh,20.2506,105.9745,18.5,70,11.4,56,1019.9,0
2021-12-09,Ninh_Binh,20.2506,105.9745,19.4,81,15.0,95,1020.7,1
2021-12-10,Ninh_Binh,20.2506,105.9745,20.5,79,13.0,58,1018.4,0
2021-12-11,Ninh_Binh,20.2506,105.9745,20.1,87,8.9,66,1018.5,1
2021-12-12,Ninh_Binh,20.2506,105.9745,20.3,81,18.7,78,1020.3,1
2021-12-13,Ninh_Binh,20.2506,105.9745,18.1,63,17.3,52,1020.9,0
2021-12-14,Ninh_Binh,20.2506,105.9745,17.7,79,10.7,42,1016.9,0
2021-12-15,Ninh_Binh,20.2506,105.9745,19.3,86,13.3,45,1013.6,1
2021-12-16,Ninh_Binh,20.2506,105.9745,20.6,90,8.8,80,1014.1,1
2021-12-17,Ninh_Binh,20.2506,105.9745,21.1,76,17.1,63,1018.0,1
2021-12-18,Ninh_Binh,20.2506,105.9745,18.3,58,16.2,33,1020.9,0
2021-12-19,Ninh_Binh,20.2506,105.9745,16.8,52,19.1,70,1020.6,0
2021-12-20,Ninh_Binh,20.2506,105.9745,18.9,51,14.8,88,1016.3,0
2021-12-21,Ninh_Binh,20.2506,105.9745,18.7,63,16.1,68,1016.2,0
2021-12-22,Ninh_Binh,20.2506,105.9745,19.0,73,15.5,54,1015.6,0
2021-12-23,Ninh_Binh,20.2506,105.9745,19.1,79,19.7,19,1014.4,0
2021-12-24,Ninh_Binh,20.2506,105.9745,20.1,85,11.0,66,1014.6,1
2021-12-25,Ninh_Binh,20.2506,105.9745,20.8,83,19.8,78,1017.5,1
2021-12-26,Ninh_Binh,20.2506,105.9745,19.1,77,21.1,100,1020.8,1
2021-12-27,Ninh_Binh,20.2506,105.9745,12.7,64,19.8,99,1025.5,1
2021-12-28,Ninh_Binh,20.2506,105.9745,14.1,64,12.6,100,1023.5,0
2021-12-29,Ninh_Binh,20.2506,105.9745,15.7,71,14.8,100,1022.7,1
2021-12-30,Ninh_Binh,20.2506,105.9745,15.7,72,15.3,100,1024.3,1
2021-12-31,Ninh_Binh,20.2506,105.9745,16.4,72,13.4,100,1023.4,0
2022-01-01,Ninh_Binh,20.2506,105.9745,17.6,77,15.6,97,1022.5,1
2022-01-02,Ninh_Binh,20.2506,105.9745,18.1,72,12.0,81,1021.1,0
2022-01-03,Ninh_Binh,20.2506,105.9745,17.9,82,12.0,58,1018.7,1
2022-01-04,Ninh_Binh,20.2506,105.9745,18.3,86,13.6,54,1016.7,1
2022-01-05,Ninh_Binh,20.2506,105.9745,20.4,85,13.2,65,1014.8,1
2022-01-06,Ninh_Binh,20.2506,105.9745,20.4,88,14.1,56,1015.9,1
2022-01-07,Ninh_Binh,20.2506,105.9745,20.3,84,17.6,74,1017.9,1
2022-01-08,Ninh_Binh,20.2506,105.9745,20.1,82,18.5,91,1016.8,1
2022-01-09,Ninh_Binh,20.2506,105.9745,17.3,80,14.7,100,1016.4,1
2022-01-10,Ninh_Binh,20.2506,105.9745,18.0,81,18.4,97,1015.4,1
2022-01-11,Ninh_Binh,20.2506,105.9745,15.9,71,20.5,75,1020.1,1
2022-01-12,Ninh_Binh,20.2506,105.9745,16.9,81,12.4,78,1018.2,0
2022-01-13,Ninh_Binh,20.2506,105.9745,17.1,85,15.1,100,1019.5,1
2022-01-14,Ninh_Binh,20.2506,105.9745,17.7,78,9.7,75,1017.4,0
2022-01-15,Ninh_Binh,20.2506,105.9745,19.1,88,15.6,80,1015.8,0
2022-01-16,Ninh_Binh,20.2506,105.9745,21.5,86,16.4,62,1016.0,1
2022-01-17,Ninh_Binh,20.2506,105.9745,15.3,85,20.9,100,1019.8,1
2022-01-18,Ninh_Binh,20.2506,105.9745,16.2,71,16.6,72,1020.5,0
2022-01-19,Ninh_Binh,20.2506,105.9745,16.8,76,13.8,29,1018.0,0
2022-01-20,Ninh_Binh,20.2506,105.9745,16.6,84,10.8,71,1015.3,1
2022-01-21,Ninh_Binh,20.2506,105.9745,17.9,95,10.6,100,1013.7,1
2022-01-22,Ninh_Binh,20.2506,105.9745,20.5,88,13.8,90,1009.9,1
2022-01-23,Ninh_Binh,20.2506,105.9745,21.8,90,11.2,75,1009.3,1
2022-01-24,Ninh_Binh,20.2506,105.9745,22.2,89,17.2,87,1010.5,1
2022-01-25,Ninh_Binh,20.2506,105.9745,20.9,85,16.8,93,1012.7,1
2022-01-26,Ninh_Binh,20.2506,105.9745,21.4,87,16.4,85,1012.9,1
2022-01-27,Ninh_Binh,20.2506,105.9745,22.4,87,18.9,83,1012.8,1
2022-01-28,Ninh_Binh,20.2506,105.9745,22.3,85,19.2,71,1012.2,0
2022-01-29,Ninh_Binh,20.2506,105.9745,18.7,85,18.4,100,1011.9,1
2022-01-30,Ninh_Binh,20.2506,105.9745,13.2,76,17.7,100,1015.9,1
2022-01-31,Ninh_Binh,20.2506,105.9745,12.4,82,19.6,100,1017.0,1
2022-02-01,Ninh_Binh,20.2506,105.9745,12.9,73,14.2,100,1017.7,1
2022-02-02,Ninh_Binh,20.2506,105.9745,12.8,76,15.5,100,1018.5,1
2022-02-03,Ninh_Binh,20.2506,105.9745,13.3,69,15.9,98,1019.2,1
2022-02-04,Ninh_Binh,20.2506,105.9745,14.3,65,13.7,98,1020.9,1
2022-02-05,Ninh_Binh,20.2506,105.9745,15.1,68,9.8,100,1021.2,1
2022-02-06,Ninh_Binh,20.2506,105.9745,14.2,88,11.3,100,1017.8,1
2022-02-07,Ninh_Binh,20.2506,105.9745,18.4,84,10.0,100,1013.4,1
2022-02-08,Ninh_Binh,20.2506,105.9745,18.3,88,14.0,100,1014.4,1
2022-02-09,Ninh_Binh,20.2506,105.9745,15.0,87,14.6,100,1016.8,1
2022-02-10,Ninh_Binh,20.2506,105.9745,16.1,83,8.7,100,1014.8,0
2022-02-11,Ninh_Binh,20.2506,105.9745,18.5,87,10.0,97,1013.5,1
2022-02-12,Ninh_Binh,20.2506,105.9745,18.3,92,14.0,100,1012.7,1
2022-02-13,Ninh_Binh,20.2506,105.9745,14.9,92,19.6,100,1013.1,1
2022-02-14,Ninh_Binh,20.2506,105.9745,14.9,77,14.8,82,1016.6,1
2022-02-15,Ninh_Binh,20.2506,105.9745,16.4,82,12.4,100,1015.2,1
2022-02-16,Ninh_Binh,20.2506,105.9745,17.9,88,7.0,100,1011.3,1
2022-02-17,Ninh_Binh,20.2506,105.9745,20.5,89,11.8,93,1008.3,0
2022-02-18,Ninh_Binh,20.2506,105.9745,22.3,94,17.0,100,1008.6,1
2022-02-19,Ninh_Binh,20.2506,105.9745,14.2,85,24.1,100,1015.2,1
2022-02-20,Ninh_Binh,20.2506,105.9745,8.8,83,23.5,100,1021.3,1
2022-02-21,Ninh_Binh,20.2506,105.9745,11.1,68,19.4,95,1022.1,0
2022-02-22,Ninh_Binh,20.2506,105.9745,11.6,63,21.1,100,1023.2,0
2022-02-23,Ninh_Binh,20.2506,105.9745,12.5,55,22.3,38,1025.3,0
2022-02-24,Ninh_Binh,20.2506,105.9745,12.4,68,13.8,6,1025.5,0
2022-02-25,Ninh_Binh,20.2506,105.9745,13.4,78,10.0,43,1022.8,0
2022-02-26,Ninh_Binh,20.2506,105.9745,15.8,78,11.9,29,1020.7,0
2022-02-27,Ninh_Binh,20.2506,105.9745,16.8,80,13.2,49,1017.8,0
2022-02-28,Ninh_Binh,20.2506,105.9745,18.2,85,15.0,62,1014.8,1
2022-03-01,Ninh_Binh,20.2506,105.9745,19.9,89,13.4,90,1015.0,1
2022-03-02,Ninh_Binh,20.2506,105.9745,19.9,86,11.8,62,1015.5,1
2022-03-03,Ninh_Binh,20.2506,105.9745,20.1,87,16.1,47,1013.3,1
2022-03-04,Ninh_Binh,20.2506,105.9745,21.6,88,14.5,65,1011.4,1
2022-03-05,Ninh_Binh,20.2506,105.9745,21.7,90,17.0,92,1010.5,1
2022-03-06,Ninh_Binh,20.2506,105.9745,22.6,91,17.3,95,1010.2,1
2022-03-07,Ninh_Binh,20.2506,105.9745,20.9,80,25.2,86,1016.1,1
2022-03-08,Ninh_Binh,20.2506,105.9745,18.8,78,14.5,52,1014.9,0
2022-03-09,Ninh_Binh,20.2506,105.9745,19.5,85,17.5,64,1012.5,1
2022-03-10,Ninh_Binh,20.2506,105.9745,20.7,83,11.9,80,1012.5,1
2022-03-11,Ninh_Binh,20.2506,105.9745,20.9,85,13.6,80,1011.1,1
2022-03-12,Ninh_Binh,20.2506,105.9745,21.5,87,16.2,61,1009.9,1
2022-03-13,Ninh_Binh,20.2506,105.9745,22.0,89,17.1,77,1009.8,1
2022-03-14,Ninh_Binh,20.2506,105.9745,22.4,87,15.8,99,1009.6,1
2022-03-15,Ninh_Binh,20.2506,105.9745,23.2,86,13.2,100,1008.8,0
2022-03-16,Ninh_Binh,20.2506,105.9745,22.2,92,19.3,95,1007.3,1
2022-03-17,Ninh_Binh,20.2506,105.9745,23.8,88,14.1,79,1006.3,1
2022-03-18,Ninh_Binh,20.2506,105.9745,23.9,89,14.3,82,1007.4,1
2022-03-19,Ninh_Binh,20.2506,105.9745,23.6,91,14.4,81,1005.6,1
2022-03-20,Ninh_Binh,20.2506,105.9745,25.0,87,19.6,49,1005.4,1
2022-03-21,Ninh_Binh,20.2506,105.9745,25.7,85,19.6,73,1006.6,0
2022-03-22,Ninh_Binh,20.2506,105.9745,26.7,84,16.9,66,1007.5,0
2022-03-23,Ninh_Binh,20.2506,105.9745,20.3,88,19.1,100,1012.1,1
2022-03-24,Ninh_Binh,20.2506,105.9745,20.1,87,15.1,78,1009.5,1
2022-03-25,Ninh_Binh,20.2506,105.9745,24.5,86,17.6,48,1005.8,0
2022-03-26,Ninh_Binh,20.2506,105.9745,27.1,83,13.8,27,1005.7,0
2022-03-27,Ninh_Binh,20.2506,105.9745,22.5,78,19.1,84,1011.6,1
2022-03-28,Ninh_Binh,20.2506,105.9745,19.5,75,15.2,81,1015.3,1
2022-03-29,Ninh_Binh,20.2506,105.9745,20.6,85,9.5,85,1013.1,0
2022-03-30,Ninh_Binh,20.2506,105.9745,23.1,89,12.4,93,1012.0,1
2022-03-31,Ninh_Binh,20.2506,105.9745,24.1,88,15.5,83,1013.2,1
2022-04-01,Ninh_Binh,20.2506,105.9745,18.2,84,24.6,100,1019.2,1
2022-04-02,Ninh_Binh,20.2506,105.9745,16.9,66,28.5,91,1023.2,1
2022-04-03,Ninh_Binh,20.2506,105.9745,17.7,65,15.5,66,1021.0,0
2022-04-04,Ninh_Binh,20.2506,105.9745,18.7,72,13.2,9,1019.7,0
2022-04-05,Ninh_Binh,20.2506,105.9745,19.8,77,11.6,49,1018.4,0
2022-04-06,Ninh_Binh,20.2506,105.9745,21.4,73,11.9,36,1016.6,0
2022-04-07,Ninh_Binh,20.2506,105.9745,22.9,74,15.5,56,1015.3,0
2022-04-08,Ninh_Binh,20.2506,105.9745,22.2,75,14.5,9,1013.7,0
2022-04-09,Ninh_Binh,20.2506,105.9745,22.1,81,15.4,0,1011.0,0
2022-04-10,Ninh_Binh,20.2506,105.9745,22.5,83,15.5,48,1009.7,1
2022-04-11,Ninh_Binh,20.2506,105.9745,23.1,86,15.6,60,1008.5,1
2022-04-12,Ninh_Binh,20.2506,105.9745,24.1,87,17.5,60,1005.4,0
2022-04-13,Ninh_Binh,20.2506,105.9745,25.3,86,13.6,66,1005.4,1
2022-04-14,Ninh_Binh,20.2506,105.9745,25.3,85,16.1,67,1005.8,0
2022-04-15,Ninh_Binh,20.2506,105.9745,26.1,88,23.0,93,1006.3,1
2022-04-16,Ninh_Binh,20.2506,105.9745,24.9,92,20.7,100,1007.5,1
2022-04-17,Ninh_Binh,20.2506,105.9745,20.0,86,17.1,100,1012.1,1
2022-04-18,Ninh_Binh,20.2506,105.9745,18.7,83,22.0,98,1015.8,1
2022-04-19,Ninh_Binh,20.2506,105.9745,20.1,75,15.8,82,1016.2,0
2022-04-20,Ninh_Binh,20.2506,105.9745,21.5,81,9.2,74,1013.4,0
2022-04-21,Ninh_Binh,20.2506,105.9745,22.6,86,14.0,81,1010.2,0
2022-04-22,Ninh_Binh,20.2506,105.9745,24.8,87,23.0,55,1007.7,1
2022-04-23,Ninh_Binh,20.2506,105.9745,26.2,86,16.1,41,1005.9,1
2022-04-24,Ninh_Binh,20.2506,105.9745,27.1,84,18.1,28,1003.2,0
2022-04-25,Ninh_Binh,20.2506,105.9745,28.0,81,21.7,9,1002.2,0
2022-04-26,Ninh_Binh,20.2506,105.9745,29.1,79,17.8,4,1001.6,0
2022-04-27,Ninh_Binh,20.2506,105.9745,28.5,82,15.3,39,1003.3,0
2022-04-28,Ninh_Binh,20.2506,105.9745,27.8,84,20.0,85,1005.7,1
2022-04-29,Ninh_Binh,20.2506,105.9745,27.3,85,23.0,97,1007.5,1
2022-04-30,Ninh_Binh,20.2506,105.9745,27.1,86,16.1,97,1007.6,1
2022-05-01,Ninh_Binh,20.2506,105.9745,20.8,76,27.0,100,1011.5,1
2022-05-02,Ninh_Binh,20.2506,105.9745,21.7,56,20.9,73,1014.5,0
2022-05-03,Ninh_Binh,20.2506,105.9745,22.0,67,14.1,59,1015.0,0
2022-05-04,Ninh_Binh,20.2506,105.9745,23.2,70,10.6,38,1012.9,0
2022-05-05,Ninh_Binh,20.2506,105.9745,23.7,78,15.3,34,1010.2,0
2022-05-06,Ninh_Binh,20.2506,105.9745,25.1,82,11.8,63,1009.3,1
2022-05-07,Ninh_Binh,20.2506,105.9745,26.0,86,16.0,88,1009.3,1
2022-05-08,Ninh_Binh,20.2506,105.9745,25.7,88,18.9,86,1009.0,1
2022-05-09,Ninh_Binh,20.2506,105.9745,26.4,86,20.3,87,1008.1,1
2022-05-10,Ninh_Binh,20.2506,105.9745,27.4,87,17.3,89,1005.1,1
2022-05-11,Ninh_Binh,20.2506,105.9745,28.6,83,14.4,95,1002.7,1
2022-05-12,Ninh_Binh,20.2506,105.9745,27.3,87,11.9,99,1002.2,1
2022-05-13,Ninh_Binh,20.2506,105.9745,27.0,89,12.6,93,1002.2,1
2022-05-14,Ninh_Binh,20.2506,105.9745,26.1,87,13.0,96,1005.4,1
2022-05-15,Ninh_Binh,20.2506,105.9745,25.2,88,17.2,100,1007.4,1
2022-05-16,Ninh_Binh,20.2506,105.9745,21.5,72,22.3,100,1012.2,1
2022-05-17,Ninh_Binh,20.2506,105.9745,23.1,71,9.4,99,1011.8,0
2022-05-18,Ninh_Binh,20.2506,105.9745,24.0,79,14.0,99,1011.0,1
2022-05-19,Ninh_Binh,20.2506,105.9745,25.4,83,14.0,76,1009.2,1
2022-05-20,Ninh_Binh,20.2506,105.9745,25.7,88,14.3,90,1007.1,1
2022-05-21,Ninh_Binh,20.2506,105.9745,25.7,87,15.3,100,1004.5,1
2022-05-22,Ninh_Binh,20.2506,105.9745,26.2,87,19.2,100,1000.5,1
2022-05-23,Ninh_Binh,20.2506,105.9745,26.7,88,18.7,100,1000.8,1
2022-05-24,Ninh_Binh,20.2506,105.9745,26.0,92,10.8,100,1004.6,1
2022-05-25,Ninh_Binh,20.2506,105.9745,27.1,89,9.4,96,1004.2,1
2022-05-26,Ninh_Binh,20.2506,105.9745,28.4,87,8.7,100,1000.5,1
2022-05-27,Ninh_Binh,20.2506,105.9745,27.9,90,9.1,98,999.1,1
2022-05-28,Ninh_Binh,20.2506,105.9745,28.4,87,11.5,100,999.3,1
2022-05-29,Ninh_Binh,20.2506,105.9745,29.1,83,13.1,97,1000.1,1
2022-05-30,Ninh_Binh,20.2506,105.9745,28.1,87,13.0,100,1001.6,1
2022-05-31,Ninh_Binh,20.2506,105.9745,26.8,89,9.7,98,1003.0,1
2022-06-01,Ninh_Binh,20.2506,105.9745,28.2,87,15.5,97,1002.6,1
2022-06-02,Ninh_Binh,20.2506,105.9745,30.0,80,20.7,100,1000.6,1
2022-06-03,Ninh_Binh,20.2506,105.9745,30.5,70,19.7,94,999.6,0
2022-06-04,Ninh_Binh,20.2506,105.9745,31.2,65,19.0,100,999.7,0
2022-06-05,Ninh_Binh,20.2506,105.9745,30.1,73,19.1,100,999.6,1
2022-06-06,Ninh_Binh,20.2506,105.9745,28.3,84,16.7,99,1001.2,1
2022-06-07,Ninh_Binh,20.2506,105.9745,27.2,87,8.7,99,1002.4,1
2022-06-08,Ninh_Binh,20.2506,105.9745,27.7,89,10.5,100,1002.0,1
2022-06-09,Ninh_Binh,20.2506,105.9745,29.1,82,9.8,98,1001.2,1
2022-06-10,Ninh_Binh,20.2506,105.9745,30.4,77,13.8,100,1000.1,0
2022-06-11,Ninh_Binh,20.2506,105.9745,29.1,85,8.3,99,1001.9,1
2022-06-12,Ninh_Binh,20.2506,105.9745,30.0,77,15.3,97,1002.4,0
2022-06-13,Ninh_Binh,20.2506,105.9745,30.6,74,18.0,100,1002.3,1
2022-06-14,Ninh_Binh,20.2506,105.9745,27.5,87,13.4,99,1005.1,1
2022-06-15,Ninh_Binh,20.2506,105.9745,27.4,85,9.4,100,1006.1,1
2022-06-16,Ninh_Binh,20.2506,105.9745,29.2,82,14.4,100,1004.6,1
2022-06-17,Ninh_Binh,20.2506,105.9745,30.7,72,16.7,99,1001.9,0
2022-06-18,Ninh_Binh,20.2506,105.9745,31.6,63,18.8,100,999.9,0
2022-06-19,Ninh_Binh,20.2506,105.9745,31.6,64,18.2,100,998.9,1
2022-06-20,Ninh_Binh,20.2506,105.9745,32.1,63,20.3,100,997.8,0
2022-06-21,Ninh_Binh,20.2506,105.9745,32.0,63,21.9,100,998.6,0
2022-06-22,Ninh_Binh,20.2506,105.9745,31.5,70,20.5,94,1002.7,1
2022-06-23,Ninh_Binh,20.2506,105.9745,30.6,74,18.4,55,1005.5,1
2022-06-24,Ninh_Binh,20.2506,105.9745,29.5,79,17.6,38,1005.1,1
2022-06-25,Ninh_Binh,20.2506,105.9745,29.4,76,18.1,63,1004.0,1
2022-06-26,Ninh_Binh,20.2506,105.9745,30.5,73,21.0,41,1004.6,1
2022-06-27,Ninh_Binh,20.2506,105.9745,31.6,70,19.2,91,1002.9,1
2022-06-28,Ninh_Binh,20.2506,105.9745,32.3,66,15.4,89,1000.1,0
2022-06-29,Ninh_Binh,20.2506,105.9745,30.8,75,14.8,99,998.5,1
2022-06-30,Ninh_Binh,20.2506,105.9745,28.0,86,12.7,100,999.9,1
2022-07-01,Ninh_Binh,20.2506,105.9745,27.4,87,13.3,99,999.8,1
2022-07-02,Ninh_Binh,20.2506,105.9745,29.3,81,15.5,100,996.3,1
2022-07-03,Ninh_Binh,20.2506,105.9745,29.3,83,10.9,100,996.7,1
2022-07-04,Ninh_Binh,20.2506,105.9745,30.8,77,13.1,96,996.9,1
2022-07-05,Ninh_Binh,20.2506,105.9745,31.2,75,12.3,100,999.1,1
2022-07-06,Ninh_Binh,20.2506,105.9745,28.9,86,12.6,99,1001.7,1
2022-07-07,Ninh_Binh,20.2506,105.9745,28.3,86,11.9,100,1001.8,1
2022-07-08,Ninh_Binh,20.2506,105.9745,27.8,87,8.0,100,1002.8,1
2022-07-09,Ninh_Binh,20.2506,105.9745,27.3,87,17.0,95,1002.8,1
2022-07-10,Ninh_Binh,20.2506,105.9745,27.4,88,8.7,81,1003.5,1
2022-07-11,Ninh_Binh,20.2506,105.9745,28.0,86,15.1,74,1003.4,1
2022-07-12,Ninh_Binh,20.2506,105.9745,27.8,86,16.5,73,1003.3,1
2022-07-13,Ninh_Binh,20.2506,105.9745,27.3,88,12.0,78,1002.8,1
2022-07-14,Ninh_Binh,20.2506,105.9745,27.4,88,12.2,92,1002.7,1
2022-07-15,Ninh_Binh,20.2506,105.9745,28.3,86,10.5,71,1003.4,1
2022-07-16,Ninh_Binh,20.2506,105.9745,29.7,82,15.4,91,1003.0,1
2022-07-17,Ninh_Binh,20.2506,105.9745,31.2,78,17.4,95,1001.6,0
2022-07-18,Ninh_Binh,20.2506,105.9745,31.5,75,20.3,100,999.3,1
2022-07-19,Ninh_Binh,20.2506,105.9745,31.0,78,17.3,95,1000.1,0
2022-07-20,Ninh_Binh,20.2506,105.9745,29.2,81,17.9,100,1004.4,1
2022-07-21,Ninh_Binh,20.2506,105.9745,27.4,86,20.4,80,1007.2,1
2022-07-22,Ninh_Binh,20.2506,105.9745,27.1,88,16.8,90,1009.1,1
2022-07-23,Ninh_Binh,20.2506,105.9745,28.1,84,14.5,23,1007.7,1
2022-07-24,Ninh_Binh,20.2506,105.9745,29.1,81,14.7,9,1005.9,1
2022-07-25,Ninh_Binh,20.2506,105.9745,29.1,81,14.3,12,1006.4,0
2022-07-26,Ninh_Binh,20.2506,105.9745,29.0,82,14.8,43,1005.7,0
2022-07-27,Ninh_Binh,20.2506,105.9745,29.2,82,14.3,22,1005.0,1
2022-07-28,Ninh_Binh,20.2506,105.9745,29.6,81,13.5,33,1004.8,0
2022-07-29,Ninh_Binh,20.2506,105.9745,29.8,81,11.5,100,1003.7,1
2022-07-30,Ninh_Binh,20.2506,105.9745,28.5,88,7.7,94,1002.6,1
2022-07-31,Ninh_Binh,20.2506,105.9745,27.7,89,14.5,97,1001.9,1
2022-08-01,Ninh_Binh,20.2506,105.9745,28.7,84,13.9,59,1002.9,1
2022-08-02,Ninh_Binh,20.2506,105.9745,29.0,83,12.3,54,1004.7,1
2022-08-03,Ninh_Binh,20.2506,105.9745,29.5,80,10.7,56,1004.6,1
2022-08-04,Ninh_Binh,20.2506,105.9745,30.1,79,9.9,96,1002.2,1
2022-08-05,Ninh_Binh,20.2506,105.9745,27.3,89,7.5,100,1001.7,1
2022-08-06,Ninh_Binh,20.2506,105.9745,26.6,90,9.2,100,1002.4,1
2022-08-07,Ninh_Binh,20.2506,105.9745,26.6,90,8.4,100,1003.7,1
2022-08-08,Ninh_Binh,20.2506,105.9745,26.7,89,13.3,99,1003.8,1
2022-08-09,Ninh_Binh,20.2506,105.9745,26.6,88,12.1,96,1002.2,1
2022-08-10,Ninh_Binh,20.2506,105.9745,27.5,87,18.5,90,999.6,1
2022-08-11,Ninh_Binh,20.2506,105.9745,26.6,90,19.9,100,999.6,1
2022-08-12,Ninh_Binh,20.2506,105.9745,26.0,93,13.6,100,1004.3,1
2022-08-13,Ninh_Binh,20.2506,105.9745,27.0,90,9.2,99,1005.0,1
2022-08-14,Ninh_Binh,20.2506,105.9745,28.3,86,8.9,77,1004.3,1
2022-08-15,Ninh_Binh,20.2506,105.9745,28.7,86,8.4,60,1003.1,1
2022-08-16,Ninh_Binh,20.2506,105.9745,28.9,84,11.6,58,1003.0,1
2022-08-17,Ninh_Binh,20.2506,105.9745,28.3,88,9.7,95,1003.0,1
2022-08-18,Ninh_Binh,20.2506,105.9745,28.8,84,8.0,62,1002.4,1
2022-08-19,Ninh_Binh,20.2506,105.9745,29.0,87,7.3,72,1001.7,1
2022-08-20,Ninh_Binh,20.2506,105.9745,26.8,91,13.8,100,1001.2,1
2022-08-21,Ninh_Binh,20.2506,105.9745,27.3,86,15.2,77,1001.2,1
2022-08-22,Ninh_Binh,20.2506,105.9745,28.9,82,12.7,55,1003.4,1
2022-08-23,Ninh_Binh,20.2506,105.9745,29.1,88,11.1,61,1004.1,1
2022-08-24,Ninh_Binh,20.2506,105.9745,29.0,86,13.7,79,1002.5,1
2022-08-25,Ninh_Binh,20.2506,105.9745,27.8,89,23.5,100,998.9,1
2022-08-26,Ninh_Binh,20.2506,105.9745,28.5,82,23.5,100,1001.8,1
2022-08-27,Ninh_Binh,20.2506,105.9745,29.3,78,16.2,85,1005.9,0
2022-08-28,Ninh_Binh,20.2506,105.9745,29.1,85,17.0,59,1006.2,1
2022-08-29,Ninh_Binh,20.2506,105.9745,28.9,85,15.1,73,1007.7,1
2022-08-30,Ninh_Binh,20.2506,105.9745,28.9,82,11.3,56,1007.4,0
2022-08-31,Ninh_Binh,20.2506,105.9745,29.0,84,8.6,98,1005.7,1
2022-09-01,Ninh_Binh,20.2506,105.9745,26.9,90,16.3,83,1007.6,1
2022-09-02,Ninh_Binh,20.2506,105.9745,27.3,88,13.4,95,1007.2,1
2022-09-03,Ninh_Binh,20.2506,105.9745,28.7,83,17.1,99,1004.6,1
2022-09-04,Ninh_Binh,20.2506,105.9745,27.9,85,12.8,95,1005.6,1
2022-09-05,Ninh_Binh,20.2506,105.9745,28.2,74,16.5,72,1006.5,0
2022-09-06,Ninh_Binh,20.2506,105.9745,28.3,73,14.0,65,1006.9,0
2022-09-07,Ninh_Binh,20.2506,105.9745,27.1,86,15.0,81,1009.4,1
2022-09-08,Ninh_Binh,20.2506,105.9745,25.0,94,14.2,100,1010.7,1
2022-09-09,Ninh_Binh,20.2506,105.9745,24.7,95,12.9,99,1011.6,1
2022-09-10,Ninh_Binh,20.2506,105.9745,25.9,90,10.7,100,1010.7,1
2022-09-11,Ninh_Binh,20.2506,105.9745,27.4,83,11.3,82,1008.6,0
2022-09-12,Ninh_Binh,20.2506,105.9745,27.3,86,11.1,76,1007.7,1
2022-09-13,Ninh_Binh,20.2506,105.9745,27.8,84,9.9,54,1007.8,1
2022-09-14,Ninh_Binh,20.2506,105.9745,28.6,78,13.0,14,1007.4,0
2022-09-15,Ninh_Binh,20.2506,105.9745,28.4,84,15.9,45,1005.0,1
2022-09-16,Ninh_Binh,20.2506,105.9745,27.6,86,12.3,91,1002.9,1
2022-09-17,Ninh_Binh,20.2506,105.9745,26.8,91,10.6,87,1004.9,1
2022-09-18,Ninh_Binh,20.2506,105.9745,27.8,86,8.4,76,1005.6,1
2022-09-19,Ninh_Binh,20.2506,105.9745,28.9,81,10.5,48,1005.2,1
2022-09-20,Ninh_Binh,20.2506,105.9745,28.6,84,9.7,59,1005.2,1
2022-09-21,Ninh_Binh,20.2506,105.9745,25.7,90,12.6,99,1007.4,1
2022-09-22,Ninh_Binh,20.2506,105.9745,24.9,92,14.1,94,1008.3,1
2022-09-23,Ninh_Binh,20.2506,105.9745,25.3,90,15.5,98,1008.8,1
2022-09-24,Ninh_Binh,20.2506,105.9745,25.2,90,14.7,99,1008.6,1
2022-09-25,Ninh_Binh,20.2506,105.9745,25.0,91,15.4,83,1009.2,1
2022-09-26,Ninh_Binh,20.2506,105.9745,26.2,87,14.2,30,1008.4,1
2022-09-27,Ninh_Binh,20.2506,105.9745,27.7,78,17.7,70,1005.2,1
2022-09-28,Ninh_Binh,20.2506,105.9745,25.0,88,21.9,100,1003.5,1
2022-09-29,Ninh_Binh,20.2506,105.9745,24.4,94,21.0,100,1004.7,1
2022-09-30,Ninh_Binh,20.2506,105.9745,25.4,92,15.3,100,1006.9,1
2022-10-01,Ninh_Binh,20.2506,105.9745,25.0,93,11.7,100,1008.2,1
2022-10-02,Ninh_Binh,20.2506,105.9745,25.2,93,10.2,93,1009.5,1
2022-10-03,Ninh_Binh,20.2506,105.9745,26.0,88,9.7,58,1010.9,1
2022-10-04,Ninh_Binh,20.2506,105.9745,26.1,88,10.3,50,1012.1,1
2022-10-05,Ninh_Binh,20.2506,105.9745,26.1,90,12.4,40,1011.9,1
2022-10-06,Ninh_Binh,20.2506,105.9745,26.2,89,10.1,33,1011.8,1
2022-10-07,Ninh_Binh,20.2506,105.9745,25.5,88,14.2,82,1012.6,1
2022-10-08,Ninh_Binh,20.2506,105.9745,24.4,90,16.9,96,1013.0,1
2022-10-09,Ninh_Binh,20.2506,105.9745,23.3,91,23.5,100,1015.2,1
2022-10-10,Ninh_Binh,20.2506,105.9745,21.9,64,24.1,64,1018.7,0
2022-10-11,Ninh_Binh,20.2506,105.9745,22.0,68,14.4,6,1016.2,0
2022-10-12,Ninh_Binh,20.2506,105.9745,22.6,69,11.2,10,1014.5,0
2022-10-13,Ninh_Binh,20.2506,105.9745,22.9,68,15.5,43,1013.2,0
2022-10-14,Ninh_Binh,20.2506,105.9745,23.2,61,20.6,81,1011.2,0
2022-10-15,Ninh_Binh,20.2506,105.9745,24.2,53,23.1,83,1010.9,0
2022-10-16,Ninh_Binh,20.2506,105.9745,24.0,61,23.0,32,1012.7,0
2022-10-17,Ninh_Binh,20.2506,105.9745,24.8,56,28.1,39,1013.0,0
2022-10-18,Ninh_Binh,20.2506,105.9745,24.4,47,28.5,81,1013.4,0
2022-10-19,Ninh_Binh,20.2506,105.9745,20.2,59,18.5,93,1014.9,1
2022-10-20,Ninh_Binh,20.2506,105.9745,18.1,86,23.5,100,1015.6,1
2022-10-21,Ninh_Binh,20.2506,105.9745,20.8,85,19.2,94,1016.3,1
2022-10-22,Ninh_Binh,20.2506,105.9745,24.9,77,16.1,43,1015.2,0
2022-10-23,Ninh_Binh,20.2506,105.9745,26.1,78,13.4,30,1013.5,0
2022-10-24,Ninh_Binh,20.2506,105.9745,25.7,79,13.1,42,1012.8,1
2022-10-25,Ninh_Binh,20.2506,105.9745,24.9,84,16.9,92,1014.6,1
2022-10-26,Ninh_Binh,20.2506,105.9745,25.0,84,12.3,68,1013.5,1
2022-10-27,Ninh_Binh,20.2506,105.9745,25.4,82,16.7,71,1013.0,1
2022-10-28,Ninh_Binh,20.2506,105.9745,24.3,82,14.2,20,1013.6,1
2022-10-29,Ninh_Binh,20.2506,105.9745,24.5,78,15.7,26,1013.5,1
2022-10-30,Ninh_Binh,20.2506,105.9745,24.5,75,18.0,28,1012.5,0
2022-10-31,Ninh_Binh,20.2506,105.9745,24.5,56,26.6,71,1013.1,0
2022-11-01,Ninh_Binh,20.2506,105.9745,22.9,57,27.4,85,1012.8,0
2022-11-02,Ninh_Binh,20.2506,105.9745,21.9,65,13.9,75,1011.0,0
2022-11-03,Ninh_Binh,20.2506,105.9745,22.4,70,12.7,65,1012.0,0
2022-11-04,Ninh_Binh,20.2506,105.9745,24.0,71,12.2,48,1014.9,1
2022-11-05,Ninh_Binh,20.2506,105.9745,23.4,74,15.9,5,1016.9,1
2022-11-06,Ninh_Binh,20.2506,105.9745,22.8,77,10.3,3,1016.4,0
2022-11-07,Ninh_Binh,20.2506,105.9745,22.7,80,11.2,20,1015.2,1
2022-11-08,Ninh_Binh,20.2506,105.9745,23.2,77,12.2,5,1015.1,0
2022-11-09,Ninh_Binh,20.2506,105.9745,23.0,82,9.4,13,1014.9,1
2022-11-10,Ninh_Binh,20.2506,105.9745,23.4,87,11.8,61,1014.3,1
2022-11-11,Ninh_Binh,20.2506,105.9745,24.4,86,14.7,37,1013.5,1
2022-11-12,Ninh_Binh,20.2506,105.9745,25.0,84,15.7,53,1012.4,1
2022-11-13,Ninh_Binh,20.2506,105.9745,24.5,87,10.5,65,1013.2,1
2022-11-14,Ninh_Binh,20.2506,105.9745,24.6,87,10.5,62,1013.3,1
2022-11-15,Ninh_Binh,20.2506,105.9745,25.1,87,15.5,54,1012.2,1
2022-11-16,Ninh_Binh,20.2506,105.9745,25.7,84,15.2,40,1010.7,1
2022-11-17,Ninh_Binh,20.2506,105.9745,25.8,84,14.3,33,1010.4,1
2022-11-18,Ninh_Binh,20.2506,105.9745,25.8,86,11.3,42,1011.6,1
2022-11-19,Ninh_Binh,20.2506,105.9745,25.8,83,15.4,76,1012.3,1
2022-11-20,Ninh_Binh,20.2506,105.9745,24.9,79,14.6,53,1011.5,1
2022-11-21,Ninh_Binh,20.2506,105.9745,24.6,81,13.1,69,1010.1,1
2022-11-22,Ninh_Binh,20.2506,105.9745,25.2,79,19.1,91,1009.6,0
2022-11-23,Ninh_Binh,20.2506,105.9745,24.4,90,13.3,96,1010.6,1
2022-11-24,Ninh_Binh,20.2506,105.9745,23.0,94,14.1,100,1011.9,1
2022-11-25,Ninh_Binh,20.2506,105.9745,23.1,95,11.6,100,1012.7,1
2022-11-26,Ninh_Binh,20.2506,105.9745,24.2,92,10.9,88,1011.3,1
2022-11-27,Ninh_Binh,20.2506,105.9745,25.8,87,22.4,50,1007.8,1
2022-11-28,Ninh_Binh,20.2506,105.9745,26.9,86,17.2,43,1007.2,0
2022-11-29,Ninh_Binh,20.2506,105.9745,26.9,88,17.7,42,1008.7,1
2022-11-30,Ninh_Binh,20.2506,105.9745,25.4,87,21.0,84,1012.7,1
2022-12-01,Ninh_Binh,20.2506,105.9745,16.1,74,22.0,100,1018.6,1
2022-12-02,Ninh_Binh,20.2506,105.9745,13.6,69,21.3,100,1019.3,1
2022-12-03,Ninh_Binh,20.2506,105.9745,17.2,70,10.9,100,1016.0,0
2022-12-04,Ninh_Binh,20.2506,105.9745,17.7,78,15.9,100,1017.2,1
2022-12-05,Ninh_Binh,20.2506,105.9745,15.9,68,22.3,94,1020.3,1
2022-12-06,Ninh_Binh,20.2506,105.9745,16.8,69,12.4,66,1018.0,0
2022-12-07,Ninh_Binh,20.2506,105.9745,17.5,72,14.5,100,1017.3,1
2022-12-08,Ninh_Binh,20.2506,105.9745,18.1,72,13.4,98,1016.9,0
2022-12-09,Ninh_Binh,20.2506,105.9745,18.3,75,13.3,98,1015.5,1
2022-12-10,Ninh_Binh,20.2506,105.9745,17.9,81,13.3,100,1015.0,1
2022-12-11,Ninh_Binh,20.2506,105.9745,17.1,76,16.2,79,1016.7,1
2022-12-12,Ninh_Binh,20.2506,105.9745,17.4,63,16.2,55,1018.8,0
2022-12-13,Ninh_Binh,20.2506,105.9745,16.0,64,10.5,0,1018.6,0
2022-12-14,Ninh_Binh,20.2506,105.9745,15.9,63,15.2,20,1020.2,0
2022-12-15,Ninh_Binh,20.2506,105.9745,15.9,73,10.6,3,1015.9,0
2022-12-16,Ninh_Binh,20.2506,105.9745,17.0,75,14.4,39,1015.9,0
2022-12-17,Ninh_Binh,20.2506,105.9745,16.8,44,26.0,100,1024.8,0
2022-12-18,Ninh_Binh,20.2506,105.9745,14.9,36,21.9,87,1025.4,0
2022-12-19,Ninh_Binh,20.2506,105.9745,13.6,58,10.0,16,1019.5,0
2022-12-20,Ninh_Binh,20.2506,105.9745,16.6,71,12.3,72,1015.7,0
2022-12-21,Ninh_Binh,20.2506,105.9745,17.8,58,17.7,65,1017.0,1
2022-12-22,Ninh_Binh,20.2506,105.9745,16.7,68,12.6,20,1015.4,0
2022-12-23,Ninh_Binh,20.2506,105.9745,18.4,65,16.9,77,1016.3,0
2022-12-24,Ninh_Binh,20.2506,105.9745,17.8,62,15.2,45,1018.8,0
2022-12-25,Ninh_Binh,20.2506,105.9745,17.6,70,13.5,15,1018.5,0
2022-12-26,Ninh_Binh,20.2506,105.9745,18.1,85,13.4,52,1018.9,1
2022-12-27,Ninh_Binh,20.2506,105.9745,18.9,82,15.6,63,1018.4,1
2022-12-28,Ninh_Binh,20.2506,105.9745,16.6,78,25.0,98,1020.3,1
2022-12-29,Ninh_Binh,20.2506,105.9745,13.9,60,19.5,100,1024.3,0
2022-12-30,Ninh_Binh,20.2506,105.9745,13.5,59,17.5,73,1025.3,0
2022-12-31,Ninh_Binh,20.2506,105.9745,14.8,65,12.0,29,1023.8,0
2023-01-01,Ninh_Binh,20.2506,105.9745,15.0,68,12.0,51,1022.5,0
2023-01-02,Ninh_Binh,20.2506,105.9745,15.4,81,14.0,94,1023.0,1
2023-01-03,Ninh_Binh,20.2506,105.9745,15.6,76,14.5,99,1023.4,1
2023-01-04,Ninh_Binh,20.2506,105.9745,17.9,70,11.5,96,1021.2,0
2023-01-05,Ninh_Binh,20.2506,105.9745,18.4,77,12.4,99,1021.6,0
2023-01-06,Ninh_Binh,20.2506,105.9745,19.6,62,23.8,59,1022.9,0
2023-01-07,Ninh_Binh,20.2506,105.9745,17.7,57,15.9,58,1019.5,0
2023-01-08,Ninh_Binh,20.2506,105.9745,18.2,69,13.0,87,1017.9,1
2023-01-09,Ninh_Binh,20.2506,105.9745,19.6,77,9.6,100,1017.9,1
2023-01-10,Ninh_Binh,20.2506,105.9745,19.2,90,13.3,100,1016.7,1
2023-01-11,Ninh_Binh,20.2506,105.9745,19.4,88,8.0,98,1014.0,1
2023-01-12,Ninh_Binh,20.2506,105.9745,19.5,89,12.4,70,1010.8,1
2023-01-13,Ninh_Binh,20.2506,105.9745,21.9,84,14.7,34,1007.4,0
2023-01-14,Ninh_Binh,20.2506,105.9745,23.5,70,18.4,0,1005.2,0
2023-01-15,Ninh_Binh,20.2506,105.9745,19.8,69,21.8,75,1012.3,0
2023-01-16,Ninh_Binh,20.2506,105.9745,13.4,50,22.7,99,1020.7,0
2023-01-17,Ninh_Binh,20.2506,105.9745,13.4,58,15.1,100,1022.6,0
2023-01-18,Ninh_Binh,20.2506,105.9745,14.1,52,14.8,75,1023.8,0
2023-01-19,Ninh_Binh,20.2506,105.9745,14.8,65,9.4,85,1021.6,0
2023-01-20,Ninh_Binh,20.2506,105.9745,15.9,62,10.9,61,1020.4,0
2023-01-21,Ninh_Binh,20.2506,105.9745,15.9,76,14.3,15,1016.6,0
2023-01-22,Ninh_Binh,20.2506,105.9745,18.2,84,13.5,46,1013.5,0
2023-01-23,Ninh_Binh,20.2506,105.9745,19.8,86,13.7,90,1014.1,1
2023-01-24,Ninh_Binh,20.2506,105.9745,15.6,50,29.1,65,1024.0,1
2023-01-25,Ninh_Binh,20.2506,105.9745,13.7,59,14.5,19,1020.0,0
2023-01-26,Ninh_Binh,20.2506,105.9745,16.2,77,15.7,44,1015.3,0
2023-01-27,Ninh_Binh,20.2506,105.9745,15.4,62,24.8,80,1022.3,1
2023-01-28,Ninh_Binh,20.2506,105.9745,13.6,46,19.9,21,1023.2,0
2023-01-29,Ninh_Binh,20.2506,105.9745,13.7,55,11.5,0,1023.0,0
2023-01-30,Ninh_Binh,20.2506,105.9745,14.1,63,16.6,0,1020.3,0
2023-01-31,Ninh_Binh,20.2506,105.9745,15.2,74,17.7,0,1014.2,0
2023-02-01,Ninh_Binh,20.2506,105.9745,18.3,81,16.7,50,1011.5,0
2023-02-02,Ninh_Binh,20.2506,105.9745,21.3,87,17.4,92,1014.0,1
2023-02-03,Ninh_Binh,20.2506,105.9745,20.0,95,9.5,100,1014.2,1
2023-02-04,Ninh_Binh,20.2506,105.9745,21.1,93,15.9,98,1011.9,1
2023-02-05,Ninh_Binh,20.2506,105.9745,21.2,94,14.4,100,1010.9,1
2023-02-06,Ninh_Binh,20.2506,105.9745,21.1,92,13.1,100,1010.1,1
2023-02-07,Ninh_Binh,20.2506,105.9745,21.7,90,17.7,100,1010.8,1
2023-02-08,Ninh_Binh,20.2506,105.9745,22.2,91,22.4,98,1010.6,1
2023-02-09,Ninh_Binh,20.2506,105.9745,22.5,92,18.1,94,1011.1,1
2023-02-10,Ninh_Binh,20.2506,105.9745,22.8,89,22.8,96,1010.6,1
2023-02-11,Ninh_Binh,20.2506,105.9745,23.0,90,23.2,72,1008.1,1
2023-02-12,Ninh_Binh,20.2506,105.9745,24.0,85,19.3,22,1006.6,0
2023-02-13,Ninh_Binh,20.2506,105.9745,24.2,84,18.8,35,1008.6,0
2023-02-14,Ninh_Binh,20.2506,105.9745,18.0,72,21.0,100,1017.0,1
2023-02-15,Ninh_Binh,20.2506,105.9745,16.6,68,14.0,100,1021.3,1
2023-02-16,Ninh_Binh,20.2506,105.9745,17.0,69,15.4,91,1021.9,1
2023-02-17,Ninh_Binh,20.2506,105.9745,17.4,79,12.0,87,1018.5,0
2023-02-18,Ninh_Binh,20.2506,105.9745,19.6,83,15.3,88,1015.4,1
2023-02-19,Ninh_Binh,20.2506,105.9745,20.1,86,12.3,85,1017.5,1
2023-02-20,Ninh_Binh,20.2506,105.9745,19.9,68,13.8,54,1017.6,0
2023-02-21,Ninh_Binh,20.2506,105.9745,19.6,78,17.2,19,1018.3,0
2023-02-22,Ninh_Binh,20.2506,105.9745,20.0,74,16.6,76,1018.1,0
2023-02-23,Ninh_Binh,20.2506,105.9745,19.8,82,14.7,66,1015.4,1
2023-02-24,Ninh_Binh,20.2506,105.9745,19.6,79,18.5,100,1018.3,1
2023-02-25,Ninh_Binh,20.2506,105.9745,18.8,52,21.2,45,1024.8,0
2023-02-26,Ninh_Binh,20.2506,105.9745,17.0,61,16.6,0,1026.8,0
2023-02-27,Ninh_Binh,20.2506,105.9745,16.7,72,13.3,46,1024.1,1
2023-02-28,Ninh_Binh,20.2506,105.9745,17.6,81,13.6,35,1020.7,1
2023-03-01,Ninh_Binh,20.2506,105.9745,19.0,85,10.4,77,1020.0,1
2023-03-02,Ninh_Binh,20.2506,105.9745,20.5,74,15.5,42,1021.2,0
2023-03-03,Ninh_Binh,20.2506,105.9745,19.3,82,13.6,38,1021.5,1
2023-03-04,Ninh_Binh,20.2506,105.9745,20.1,76,14.8,65,1022.6,0
2023-03-05,Ninh_Binh,20.2506,105.9745,19.7,75,16.0,27,1020.7,0
2023-03-06,Ninh_Binh,20.2506,105.9745,20.3,81,17.3,37,1018.1,1
2023-03-07,Ninh_Binh,20.2506,105.9745,21.5,78,18.8,58,1017.0,1
2023-03-08,Ninh_Binh,20.2506,105.9745,21.7,81,13.2,78,1017.1,1
2023-03-09,Ninh_Binh,20.2506,105.9745,22.6,79,13.3,79,1016.7,1
2023-03-10,Ninh_Binh,20.2506,105.9745,22.1,79,17.1,19,1013.7,0
2023-03-11,Ninh_Binh,20.2506,105.9745,22.3,81,14.5,85,1014.6,1
2023-03-12,Ninh_Binh,20.2506,105.9745,23.0,79,14.5,94,1016.9,1
2023-03-13,Ninh_Binh,20.2506,105.9745,19.1,60,22.0,99,1020.0,0
2023-03-14,Ninh_Binh,20.2506,105.9745,20.0,69,18.4,43,1013.3,0
2023-03-15,Ninh_Binh,20.2506,105.9745,21.8,84,19.5,82,1012.8,1
2023-03-16,Ninh_Binh,20.2506,105.9745,23.4,80,19.6,65,1014.3,1
2023-03-17,Ninh_Binh,20.2506,105.9745,23.3,83,17.9,76,1013.0,1
2023-03-18,Ninh_Binh,20.2506,105.9745,23.5,81,18.3,68,1011.8,0
2023-03-19,Ninh_Binh,20.2506,105.9745,23.4,83,21.1,90,1010.1,1
2023-03-20,Ninh_Binh,20.2506,105.9745,24.1,86,19.7,74,1007.2,1
2023-03-21,Ninh_Binh,20.2506,105.9745,26.7,80,15.6,61,1004.0,0
2023-03-22,Ninh_Binh,20.2506,105.9745,28.5,72,16.8,38,1001.5,1
2023-03-23,Ninh_Binh,20.2506,105.9745,29.4,67,19.6,7,1001.1,0
2023-03-24,Ninh_Binh,20.2506,105.9745,28.0,72,15.2,7,1003.8,0
2023-03-25,Ninh_Binh,20.2506,105.9745,25.1,84,17.7,93,1007.9,1
2023-03-26,Ninh_Binh,20.2506,105.9745,22.1,82,16.0,100,1010.3,1
2023-03-27,Ninh_Binh,20.2506,105.9745,19.2,87,18.0,100,1013.1,1
2023-03-28,Ninh_Binh,20.2506,105.9745,19.4,81,12.6,100,1014.5,1
2023-03-29,Ninh_Binh,20.2506,105.9745,20.3,82,12.0,82,1012.9,1
2023-03-30,Ninh_Binh,20.2506,105.9745,21.1,85,8.9,90,1010.7,1
2023-03-31,Ninh_Binh,20.2506,105.9745,22.0,85,11.6,97,1009.8,1
2023-04-01,Ninh_Binh,20.2506,105.9745,23.6,90,14.6,97,1007.9,1
2023-04-02,Ninh_Binh,20.2506,105.9745,25.6,88,18.5,62,1005.2,1
2023-04-03,Ninh_Binh,20.2506,105.9745,26.6,82,23.0,4,1003.2,0
2023-04-04,Ninh_Binh,20.2506,105.9745,27.4,80,16.9,22,1002.0,0
2023-04-05,Ninh_Binh,20.2506,105.9745,27.5,79,15.3,35,1002.8,0
2023-04-06,Ninh_Binh,20.2506,105.9745,27.0,79,23.5,44,1006.6,0
2023-04-07,Ninh_Binh,20.2506,105.9745,23.9,66,14.8,99,1013.0,1
2023-04-08,Ninh_Binh,20.2506,105.9745,20.8,86,16.3,100,1016.8,1
2023-04-09,Ninh_Binh,20.2506,105.9745,20.3,84,11.2,100,1015.2,1
2023-04-10,Ninh_Binh,20.2506,105.9745,22.8,84,14.3,84,1010.1,1
2023-04-11,Ninh_Binh,20.2506,105.9745,25.4,89,14.6,96,1007.4,1
2023-04-12,Ninh_Binh,20.2506,105.9745,25.5,88,16.1,98,1008.1,1
2023-04-13,Ninh_Binh,20.2506,105.9745,25.8,89,23.7,100,1007.2,1
2023-04-14,Ninh_Binh,20.2506,105.9745,26.2,89,16.5,96,1006.4,1
2023-04-15,Ninh_Binh,20.2506,105.9745,24.3,94,13.5,95,1009.3,1
2023-04-16,Ninh_Binh,20.2506,105.9745,25.1,84,12.0,97,1007.8,0
2023-04-17,Ninh_Binh,20.2506,105.9745,25.7,88,19.3,68,1005.6,1
2023-04-18,Ninh_Binh,20.2506,105.9745,27.6,84,17.9,27,1003.1,0
2023-04-19,Ninh_Binh,20.2506,105.9745,28.2,84,14.0,12,1000.0,0
2023-04-20,Ninh_Binh,20.2506,105.9745,27.5,86,16.3,30,999.3,0
2023-04-21,Ninh_Binh,20.2506,105.9745,27.9,86,14.8,35,1000.0,0
2023-04-22,Ninh_Binh,20.2506,105.9745,28.1,82,16.6,6,1001.9,0
2023-04-23,Ninh_Binh,20.2506,105.9745,27.9,84,17.6,38,1005.6,0
2023-04-24,Ninh_Binh,20.2506,105.9745,27.3,86,17.7,76,1008.8,1
2023-04-25,Ninh_Binh,20.2506,105.9745,23.5,82,21.0,97,1012.1,1
2023-04-26,Ninh_Binh,20.2506,105.9745,22.5,74,11.4,96,1012.7,1
2023-04-27,Ninh_Binh,20.2506,105.9745,24.4,81,22.0,63,1009.9,0
2023-04-28,Ninh_Binh,20.2506,105.9745,26.5,85,22.8,51,1008.6,1
2023-04-29,Ninh_Binh,20.2506,105.9745,25.0,88,17.7,91,1009.8,1
2023-04-30,Ninh_Binh,20.2506,105.9745,22.5,77,12.8,86,1011.9,1
2023-05-01,Ninh_Binh,20.2506,105.9745,24.0,76,16.3,20,1010.4,0
2023-05-02,Ninh_Binh,20.2506,105.9745,25.7,83,22.9,51,1009.8,1
2023-05-03,Ninh_Binh,20.2506,105.9745,27.1,84,23.0,52,1008.3,1
2023-05-04,Ninh_Binh,20.2506,105.9745,28.6,81,26.3,41,1002.8,0
2023-05-05,Ninh_Binh,20.2506,105.9745,31.1,73,25.2,2,997.9,0
2023-05-06,Ninh_Binh,20.2506,105.9745,32.5,66,20.0,15,996.8,0
2023-05-07,Ninh_Binh,20.2506,105.9745,30.9,75,19.0,25,999.6,1
2023-05-08,Ninh_Binh,20.2506,105.9745,26.4,83,16.4,100,1006.8,1
2023-05-09,Ninh_Binh,20.2506,105.9745,25.8,83,16.4,84,1008.6,1
2023-05-10,Ninh_Binh,20.2506,105.9745,27.1,87,14.5,81,1008.1,1
2023-05-11,Ninh_Binh,20.2506,105.9745,25.6,92,12.1,98,1010.3,1
2023-05-12,Ninh_Binh,20.2506,105.9745,23.7,82,20.2,100,1012.3,1
2023-05-13,Ninh_Binh,20.2506,105.9745,22.2,81,19.9,99,1012.1,1
2023-05-14,Ninh_Binh,20.2506,105.9745,23.5,76,12.6,83,1010.7,1
2023-05-15,Ninh_Binh,20.2506,105.9745,25.6,81,15.3,74,1007.9,0
2023-05-16,Ninh_Binh,20.2506,105.9745,29.2,79,19.0,65,1003.5,0
2023-05-17,Ninh_Binh,20.2506,105.9745,31.4,63,20.2,37,1002.0,0
2023-05-18,Ninh_Binh,20.2506,105.9745,31.7,61,14.1,28,1001.9,0
2023-05-19,Ninh_Binh,20.2506,105.9745,30.7,73,14.3,12,1001.9,0
2023-05-20,Ninh_Binh,20.2506,105.9745,31.1,75,18.9,8,1002.3,0
2023-05-21,Ninh_Binh,20.2506,105.9745,31.7,73,21.7,14,1003.0,0
2023-05-22,Ninh_Binh,20.2506,105.9745,32.6,70,21.6,30,1002.6,0
2023-05-23,Ninh_Binh,20.2506,105.9745,30.2,79,19.9,69,1003.8,1
2023-05-24,Ninh_Binh,20.2506,105.9745,28.7,84,18.8,93,1005.1,1
2023-05-25,Ninh_Binh,20.2506,105.9745,27.3,90,11.8,97,1005.8,1
2023-05-26,Ninh_Binh,20.2506,105.9745,28.7,82,18.2,74,1006.5,1
2023-05-27,Ninh_Binh,20.2506,105.9745,29.1,79,15.2,28,1005.5,1
2023-05-28,Ninh_Binh,20.2506,105.9745,28.6,81,14.8,55,1006.3,1
2023-05-29,Ninh_Binh,20.2506,105.9745,28.9,82,13.8,29,1006.6,1
2023-05-30,Ninh_Binh,20.2506,105.9745,29.9,78,14.5,8,1004.7,0
2023-05-31,Ninh_Binh,20.2506,105.9745,30.2,79,15.1,18,1001.9,0
2023-06-01,Ninh_Binh,20.2506,105.9745,31.4,74,15.3,48,999.7,0
2023-06-02,Ninh_Binh,20.2506,105.9745,32.5,69,17.3,74,1000.4,0
2023-06-03,Ninh_Binh,20.2506,105.9745,31.3,75,13.6,39,1003.1,1
2023-06-04,Ninh_Binh,20.2506,105.9745,29.6,83,9.3,88,1003.8,1
2023-06-05,Ninh_Binh,20.2506,105.9745,28.9,83,9.2,97,1003.8,1
2023-06-06,Ninh_Binh,20.2506,105.9745,27.6,87,11.8,97,1004.1,1
2023-06-07,Ninh_Binh,20.2506,105.9745,28.5,83,13.1,100,1004.1,1
2023-06-08,Ninh_Binh,20.2506,105.9745,29.4,82,9.6,100,1002.7,1
2023-06-09,Ninh_Binh,20.2506,105.9745,27.7,84,17.8,90,1002.1,1
2023-06-10,Ninh_Binh,20.2506,105.9745,29.9,78,10.5,82,1000.2,1
2023-06-11,Ninh_Binh,20.2506,105.9745,30.0,83,11.5,90,999.9,1
2023-06-12,Ninh_Binh,20.2506,105.9745,29.8,81,13.7,98,1000.4,1
2023-06-13,Ninh_Binh,20.2506,105.9745,28.9,85,7.2,100,1000.8,1
2023-06-14,Ninh_Binh,20.2506,105.9745,27.7,89,7.3,100,1003.1,1
2023-06-15,Ninh_Binh,20.2506,105.9745,28.9,85,12.6,100,1002.4,1
2023-06-16,Ninh_Binh,20.2506,105.9745,30.4,81,15.5,100,1000.8,1
2023-06-17,Ninh_Binh,20.2506,105.9745,30.8,76,15.3,100,1001.7,0
2023-06-18,Ninh_Binh,20.2506,105.9745,29.4,82,15.1,100,1002.4,1
2023-06-19,Ninh_Binh,20.2506,105.9745,30.4,76,15.2,99,1001.8,1
2023-06-20,Ninh_Binh,20.2506,105.9745,30.8,74,13.7,81,1001.8,1
2023-06-21,Ninh_Binh,20.2506,105.9745,31.2,77,12.0,93,1002.5,0
2023-06-22,Ninh_Binh,20.2506,105.9745,31.0,75,11.8,99,1002.4,1
2023-06-23,Ninh_Binh,20.2506,105.9745,29.1,84,12.9,100,1002.3,1
2023-06-24,Ninh_Binh,20.2506,105.9745,27.1,93,8.3,100,1002.7,1
2023-06-25,Ninh_Binh,20.2506,105.9745,25.9,92,8.7,100,1004.1,1
2023-06-26,Ninh_Binh,20.2506,105.9745,25.8,92,7.0,99,1004.9,1
2023-06-27,Ninh_Binh,20.2506,105.9745,27.2,87,13.9,93,1005.8,1
2023-06-28,Ninh_Binh,20.2506,105.9745,28.6,83,18.6,37,1006.3,1
2023-06-29,Ninh_Binh,20.2506,105.9745,29.8,81,15.9,52,1003.3,1
2023-06-30,Ninh_Binh,20.2506,105.9745,31.2,79,17.2,59,1000.7,0
2023-07-01,Ninh_Binh,20.2506,105.9745,31.9,71,18.0,87,1000.6,0
2023-07-02,Ninh_Binh,20.2506,105.9745,31.7,70,19.7,99,1001.5,1
2023-07-03,Ninh_Binh,20.2506,105.9745,31.1,71,19.4,95,1002.3,1
2023-07-04,Ninh_Binh,20.2506,105.9745,30.8,71,16.6,62,1002.8,1
2023-07-05,Ninh_Binh,20.2506,105.9745,30.3,78,15.4,37,1003.1,1
2023-07-06,Ninh_Binh,20.2506,105.9745,31.1,75,19.8,14,1003.6,0
2023-07-07,Ninh_Binh,20.2506,105.9745,31.8,73,19.4,29,1003.7,0
2023-07-08,Ninh_Binh,20.2506,105.9745,31.1,78,21.3,47,1004.9,1
2023-07-09,Ninh_Binh,20.2506,105.9745,30.6,77,20.0,58,1005.3,1
2023-07-10,Ninh_Binh,20.2506,105.9745,31.2,74,18.4,92,1004.5,1
2023-07-11,Ninh_Binh,20.2506,105.9745,31.3,72,18.1,41,1003.7,1
2023-07-12,Ninh_Binh,20.2506,105.9745,32.0,68,16.4,23,1003.1,0
2023-07-13,Ninh_Binh,20.2506,105.9745,32.0,66,14.9,53,1002.0,0
2023-07-14,Ninh_Binh,20.2506,105.9745,31.6,73,10.9,69,1001.5,0
2023-07-15,Ninh_Binh,20.2506,105.9745,29.6,81,17.5,92,1001.2,1
2023-07-16,Ninh_Binh,20.2506,105.9745,30.2,76,18.0,99,999.0,1
2023-07-17,Ninh_Binh,20.2506,105.9745,31.9,60,21.6,100,996.8,0
2023-07-18,Ninh_Binh,20.2506,105.9745,29.7,64,19.3,100,997.3,1
2023-07-19,Ninh_Binh,20.2506,105.9745,27.7,86,15.9,99,1001.8,1
2023-07-20,Ninh_Binh,20.2506,105.9745,27.4,89,8.9,97,1004.5,1
2023-07-21,Ninh_Binh,20.2506,105.9745,28.3,87,13.5,79,1007.0,1
2023-07-22,Ninh_Binh,20.2506,105.9745,28.7,83,13.5,66,1008.2,1
2023-07-23,Ninh_Binh,20.2506,105.9745,29.6,80,15.5,28,1006.7,1
2023-07-24,Ninh_Binh,20.2506,105.9745,29.7,78,15.3,82,1004.9,1
2023-07-25,Ninh_Binh,20.2506,105.9745,29.8,78,14.7,69,1004.5,1
2023-07-26,Ninh_Binh,20.2506,105.9745,30.6,76,16.3,56,1002.5,0
2023-07-27,Ninh_Binh,20.2506,105.9745,31.4,78,10.7,84,999.0,1
2023-07-28,Ninh_Binh,20.2506,105.9745,30.6,81,13.7,99,997.3,1
2023-07-29,Ninh_Binh,20.2506,105.9745,28.9,85,13.3,99,998.9,1
2023-07-30,Ninh_Binh,20.2506,105.9745,28.8,86,13.6,95,1000.1,1
2023-07-31,Ninh_Binh,20.2506,105.9745,28.0,89,7.8,99,1001.7,1
2023-08-01,Ninh_Binh,20.2506,105.9745,27.8,91,6.9,100,1001.8,1
2023-08-02,Ninh_Binh,20.2506,105.9745,27.1,91,10.9,100,1000.8,1
2023-08-03,Ninh_Binh,20.2506,105.9745,26.9,93,10.0,99,1000.0,1
2023-08-04,Ninh_Binh,20.2506,105.9745,27.3,89,16.1,100,1001.2,1
2023-08-05,Ninh_Binh,20.2506,105.9745,27.0,88,20.5,100,1000.6,1
2023-08-06,Ninh_Binh,20.2506,105.9745,28.5,78,19.0,100,998.0,0
2023-08-07,Ninh_Binh,20.2506,105.9745,28.1,79,20.0,86,997.4,1
2023-08-08,Ninh_Binh,20.2506,105.9745,28.7,78,16.6,86,999.5,1
2023-08-09,Ninh_Binh,20.2506,105.9745,29.9,78,11.2,83,1001.4,1
2023-08-10,Ninh_Binh,20.2506,105.9745,29.2,87,6.6,100,1002.2,1
2023-08-11,Ninh_Binh,20.2506,105.9745,28.5,89,11.5,99,1000.9,1
2023-08-12,Ninh_Binh,20.2506,105.9745,27.9,91,8.0,96,1000.4,1
2023-08-13,Ninh_Binh,20.2506,105.9745,28.0,88,13.9,99,1001.0,1
2023-08-14,Ninh_Binh,20.2506,105.9745,28.0,91,13.8,96,1001.4,1
2023-08-15,Ninh_Binh,20.2506,105.9745,27.6,90,10.5,96,1003.0,1
2023-08-16,Ninh_Binh,20.2506,105.9745,29.1,87,9.0,85,1003.8,1
2023-08-17,Ninh_Binh,20.2506,105.9745,30.6,82,10.8,82,1003.3,1
2023-08-18,Ninh_Binh,20.2506,105.9745,30.6,82,10.9,94,1001.8,1
2023-08-19,Ninh_Binh,20.2506,105.9745,28.6,87,11.6,100,1003.4,1
2023-08-20,Ninh_Binh,20.2506,105.9745,27.2,92,14.6,100,1004.3,1
2023-08-21,Ninh_Binh,20.2506,105.9745,28.5,86,13.7,92,1004.7,1
2023-08-22,Ninh_Binh,20.2506,105.9745,28.9,86,11.5,100,1003.4,1
2023-08-23,Ninh_Binh,20.2506,105.9745,29.7,86,9.2,100,1001.5,1
2023-08-24,Ninh_Binh,20.2506,105.9745,27.4,90,14.6,100,1003.1,1
2023-08-25,Ninh_Binh,20.2506,105.9745,27.9,90,10.2,96,1003.5,1
2023-08-26,Ninh_Binh,20.2506,105.9745,29.6,84,11.9,90,1001.2,1
2023-08-27,Ninh_Binh,20.2506,105.9745,30.1,80,10.6,99,998.8,0
2023-08-28,Ninh_Binh,20.2506,105.9745,27.9,83,21.8,100,1000.9,1
2023-08-29,Ninh_Binh,20.2506,105.9745,28.4,74,20.3,96,1003.0,0
2023-08-30,Ninh_Binh,20.2506,105.9745,28.0,70,20.5,85,1005.3,0
2023-08-31,Ninh_Binh,20.2506,105.9745,28.3,69,18.9,36,1005.1,0
2023-09-01,Ninh_Binh,20.2506,105.9745,28.7,70,19.1,16,1003.9,0
2023-09-02,Ninh_Binh,20.2506,105.9745,30.0,67,21.6,47,1001.7,1
2023-09-03,Ninh_Binh,20.2506,105.9745,27.2,74,21.9,96,1001.8,1
2023-09-04,Ninh_Binh,20.2506,105.9745,25.7,83,18.3,85,1003.5,1
2023-09-05,Ninh_Binh,20.2506,105.9745,27.7,80,13.3,91,1004.7,1
2023-09-06,Ninh_Binh,20.2506,105.9745,28.4,85,11.8,97,1005.5,1
2023-09-07,Ninh_Binh,20.2506,105.9745,29.2,81,11.8,84,1005.2,1
2023-09-08,Ninh_Binh,20.2506,105.9745,28.5,84,13.3,92,1005.0,1
2023-09-09,Ninh_Binh,20.2506,105.9745,28.0,87,10.2,100,1003.7,1
2023-09-10,Ninh_Binh,20.2506,105.9745,27.2,90,9.4,100,1003.1,1
2023-09-11,Ninh_Binh,20.2506,105.9745,27.6,90,10.3,100,1002.1,1
2023-09-12,Ninh_Binh,20.2506,105.9745,27.4,91,11.6,100,1002.4,1
2023-09-13,Ninh_Binh,20.2506,105.9745,26.5,83,23.3,100,1003.8,1
2023-09-14,Ninh_Binh,20.2506,105.9745,24.8,87,19.1,100,1005.3,1
2023-09-15,Ninh_Binh,20.2506,105.9745,24.4,92,17.0,98,1006.7,1
2023-09-16,Ninh_Binh,20.2506,105.9745,25.4,93,12.0,99,1007.8,1
2023-09-17,Ninh_Binh,20.2506,105.9745,26.1,92,12.9,99,1007.4,1
2023-09-18,Ninh_Binh,20.2506,105.9745,26.9,90,9.9,94,1007.9,1
2023-09-19,Ninh_Binh,20.2506,105.9745,27.6,88,12.1,77,1008.5,1
2023-09-20,Ninh_Binh,20.2506,105.9745,28.4,86,11.9,19,1008.0,1
2023-09-21,Ninh_Binh,20.2506,105.9745,28.5,85,12.3,14,1008.4,1
2023-09-22,Ninh_Binh,20.2506,105.9745,28.2,87,11.3,48,1008.1,1
2023-09-23,Ninh_Binh,20.2506,105.9745,28.1,86,10.0,41,1008.1,1
2023-09-24,Ninh_Binh,20.2506,105.9745,27.5,87,12.6,78,1007.3,1
2023-09-25,Ninh_Binh,20.2506,105.9745,26.5,89,20.6,87,1007.0,1
2023-09-26,Ninh_Binh,20.2506,105.9745,25.1,94,20.0,100,1006.5,1
2023-09-27,Ninh_Binh,20.2506,105.9745,25.4,93,15.1,100,1007.0,1
2023-09-28,Ninh_Binh,20.2506,105.9745,25.2,93,10.8,97,1009.6,1
2023-09-29,Ninh_Binh,20.2506,105.9745,25.9,91,10.9,100,1010.6,1
2023-09-30,Ninh_Binh,20.2506,105.9745,26.7,89,8.4,72,1009.5,1
2023-10-01,Ninh_Binh,20.2506,105.9745,28.0,84,10.5,15,1007.8,1
2023-10-02,Ninh_Binh,20.2506,105.9745,27.8,85,10.3,41,1008.8,1
2023-10-03,Ninh_Binh,20.2506,105.9745,28.0,82,10.2,44,1008.9,0
2023-10-04,Ninh_Binh,20.2506,105.9745,28.7,79,13.6,16,1008.3,0
2023-10-05,Ninh_Binh,20.2506,105.9745,28.6,83,11.3,14,1007.0,1
2023-10-06,Ninh_Binh,20.2506,105.9745,28.5,84,11.0,45,1007.1,1
2023-10-07,Ninh_Binh,20.2506,105.9745,26.4,84,17.2,96,1009.4,1
2023-10-08,Ninh_Binh,20.2506,105.9745,25.5,70,18.8,58,1012.1,0
2023-10-09,Ninh_Binh,20.2506,105.9745,25.5,67,19.8,80,1013.5,0
2023-10-10,Ninh_Binh,20.2506,105.9745,25.4,67,22.0,87,1014.5,0
2023-10-11,Ninh_Binh,20.2506,105.9745,25.3,69,20.2,96,1015.3,0
2023-10-12,Ninh_Binh,20.2506,105.9745,24.1,80,15.2,91,1015.7,1
2023-10-13,Ninh_Binh,20.2506,105.9745,25.3,79,16.0,51,1014.1,1
2023-10-14,Ninh_Binh,20.2506,105.9745,25.7,77,14.7,44,1012.1,1
2023-10-15,Ninh_Binh,20.2506,105.9745,24.8,69,18.1,63,1012.0,0
2023-10-16,Ninh_Binh,20.2506,105.9745,25.5,72,16.7,71,1012.6,0
2023-10-17,Ninh_Binh,20.2506,105.9745,25.9,75,14.1,79,1012.2,0
2023-10-18,Ninh_Binh,20.2506,105.9745,26.7,72,16.0,91,1011.0,0
2023-10-19,Ninh_Binh,20.2506,105.9745,27.4,75,22.5,96,1009.5,0
2023-10-20,Ninh_Binh,20.2506,105.9745,27.4,61,28.5,68,1013.0,0
2023-10-21,Ninh_Binh,20.2506,105.9745,24.3,53,22.9,88,1016.8,0
2023-10-22,Ninh_Binh,20.2506,105.9745,23.9,68,16.2,80,1016.6,0
2023-10-23,Ninh_Binh,20.2506,105.9745,24.2,79,12.1,74,1015.3,0
2023-10-24,Ninh_Binh,20.2506,105.9745,25.4,78,14.2,42,1014.0,1
2023-10-25,Ninh_Binh,20.2506,105.9745,26.7,74,14.8,79,1013.1,1
2023-10-26,Ninh_Binh,20.2506,105.9745,26.8,77,12.3,71,1012.0,1
2023-10-27,Ninh_Binh,20.2506,105.9745,26.7,81,11.8,71,1011.3,1
2023-10-28,Ninh_Binh,20.2506,105.9745,25.9,87,12.3,96,1012.0,1
2023-10-29,Ninh_Binh,20.2506,105.9745,23.8,93,15.8,100,1013.3,1
2023-10-30,Ninh_Binh,20.2506,105.9745,23.6,81,17.5,97,1015.7,1
2023-10-31,Ninh_Binh,20.2506,105.9745,24.6,77,13.1,65,1016.6,1
2023-11-01,Ninh_Binh,20.2506,105.9745,24.4,81,11.8,21,1015.7,1
2023-11-02,Ninh_Binh,20.2506,105.9745,24.9,81,16.3,53,1012.8,0
2023-11-03,Ninh_Binh,20.2506,105.9745,25.7,84,15.0,38,1009.9,1
2023-11-04,Ninh_Binh,20.2506,105.9745,26.4,86,15.5,59,1010.4,1
2023-11-05,Ninh_Binh,20.2506,105.9745,26.9,84,15.2,53,1011.1,1
2023-11-06,Ninh_Binh,20.2506,105.9745,25.9,88,17.4,92,1013.2,1
2023-11-07,Ninh_Binh,20.2506,105.9745,23.9,84,13.5,78,1014.1,1
2023-11-08,Ninh_Binh,20.2506,105.9745,25.3,83,11.6,68,1011.9,0
2023-11-09,Ninh_Binh,20.2506,105.9745,26.4,85,11.6,18,1011.3,1
2023-11-10,Ninh_Binh,20.2506,105.9745,27.0,85,13.1,21,1012.6,1
2023-11-11,Ninh_Binh,20.2506,105.9745,26.7,86,14.0,37,1013.6,1
2023-11-12,Ninh_Binh,20.2506,105.9745,25.4,88,20.4,80,1015.8,1
2023-11-13,Ninh_Binh,20.2506,105.9745,17.9,83,25.2,100,1021.0,1
2023-11-14,Ninh_Binh,20.2506,105.9745,18.0,72,18.4,83,1021.2,0
2023-11-15,Ninh_Binh,20.2506,105.9745,21.0,77,12.4,89,1019.2,0
2023-11-16,Ninh_Binh,20.2506,105.9745,20.2,63,34.2,99,1024.6,1
2023-11-17,Ninh_Binh,20.2506,105.9745,19.3,56,20.8,34,1024.5,0
2023-11-18,Ninh_Binh,20.2506,105.9745,18.4,65,12.0,25,1021.7,0
2023-11-19,Ninh_Binh,20.2506,105.9745,19.3,67,9.0,13,1019.4,0
2023-11-20,Ninh_Binh,20.2506,105.9745,19.7,73,9.0,20,1017.5,0
2023-11-21,Ninh_Binh,20.2506,105.9745,20.2,78,13.6,14,1014.8,0
2023-11-22,Ninh_Binh,20.2506,105.9745,21.3,84,7.0,63,1013.4,0
2023-11-23,Ninh_Binh,20.2506,105.9745,22.4,83,12.9,65,1014.8,1
2023-11-24,Ninh_Binh,20.2506,105.9745,23.0,82,13.0,60,1016.5,1
2023-11-25,Ninh_Binh,20.2506,105.9745,23.1,79,15.1,46,1017.1,1
2023-11-26,Ninh_Binh,20.2506,105.9745,22.6,82,15.1,79,1018.1,1
2023-11-27,Ninh_Binh,20.2506,105.9745,22.0,82,11.0,37,1017.4,1
2023-11-28,Ninh_Binh,20.2506,105.9745,21.9,79,14.1,29,1016.6,0
2023-11-29,Ninh_Binh,20.2506,105.9745,22.8,81,8.3,80,1015.4,0
2023-11-30,Ninh_Binh,20.2506,105.9745,23.4,85,14.6,100,1017.1,1
2023-12-01,Ninh_Binh,20.2506,105.9745,20.5,78,18.9,99,1018.8,1
2023-12-02,Ninh_Binh,20.2506,105.9745,19.1,69,16.3,100,1019.2,0
2023-12-03,Ninh_Binh,20.2506,105.9745,19.6,78,13.6,98,1018.3,0
2023-12-04,Ninh_Binh,20.2506,105.9745,19.9,77,11.7,96,1016.3,0
2023-12-05,Ninh_Binh,20.2506,105.9745,20.9,77,10.9,85,1013.9,0
2023-12-06,Ninh_Binh,20.2506,105.9745,20.6,82,23.2,97,1017.0,1
2023-12-07,Ninh_Binh,20.2506,105.9745,20.2,66,11.9,82,1017.3,0
2023-12-08,Ninh_Binh,20.2506,105.9745,20.9,75,14.5,68,1013.2,0
2023-12-09,Ninh_Binh,20.2506,105.9745,23.1,84,15.5,27,1010.5,0
2023-12-10,Ninh_Binh,20.2506,105.9745,24.6,89,18.3,75,1009.1,1
2023-12-11,Ninh_Binh,20.2506,105.9745,24.8,89,17.2,78,1011.4,1
2023-12-12,Ninh_Binh,20.2506,105.9745,24.4,88,17.8,52,1013.5,1
2023-12-13,Ninh_Binh,20.2506,105.9745,24.1,84,14.8,51,1015.0,1
2023-12-14,Ninh_Binh,20.2506,105.9745,24.1,87,18.1,84,1014.5,1
2023-12-15,Ninh_Binh,20.2506,105.9745,24.7,87,16.8,81,1012.7,1
2023-12-16,Ninh_Binh,20.2506,105.9745,19.3,77,31.7,100,1017.9,1
2023-12-17,Ninh_Binh,20.2506,105.9745,13.6,65,19.1,96,1023.1,1
2023-12-18,Ninh_Binh,20.2506,105.9745,16.1,68,11.6,100,1020.1,0
2023-12-19,Ninh_Binh,20.2506,105.9745,14.6,71,18.5,100,1021.0,1
2023-12-20,Ninh_Binh,20.2506,105.9745,14.0,57,20.5,100,1023.7,0
2023-12-21,Ninh_Binh,20.2506,105.9745,14.2,48,19.6,77,1025.7,0
2023-12-22,Ninh_Binh,20.2506,105.9745,11.9,49,22.5,33,1029.2,0
2023-12-23,Ninh_Binh,20.2506,105.9745,12.8,48,20.2,97,1028.7,0
2023-12-24,Ninh_Binh,20.2506,105.9745,14.2,45,20.2,93,1028.5,0
2023-12-25,Ninh_Binh,20.2506,105.9745,14.8,51,12.2,51,1025.0,0
2023-12-26,Ninh_Binh,20.2506,105.9745,15.2,74,9.7,25,1022.7,0
2023-12-27,Ninh_Binh,20.2506,105.9745,17.0,81,11.9,20,1021.8,0
2023-12-28,Ninh_Binh,20.2506,105.9745,18.2,84,11.5,83,1019.8,1
2023-12-29,Ninh_Binh,20.2506,105.9745,20.0,86,10.4,85,1018.1,1
2023-12-30,Ninh_Binh,20.2506,105.9745,20.5,87,11.4,90,1016.6,1
2023-12-31,Ninh_Binh,20.2506,105.9745,21.3,85,11.3,67,1016.1,1
2024-01-01,Ninh_Binh,20.2506,105.9745,21.3,87,14.7,75,1015.4,1
2024-01-02,Ninh_Binh,20.2506,105.9745,22.0,89,13.8,55,1014.7,1
2024-01-03,Ninh_Binh,20.2506,105.9745,19.2,83,19.5,100,1018.3,1
2024-01-04,Ninh_Binh,20.2506,105.9745,19.4,72,11.9,87,1017.6,0
2024-01-05,Ninh_Binh,20.2506,105.9745,20.7,83,16.8,64,1016.2,1
2024-01-06,Ninh_Binh,20.2506,105.9745,21.1,87,13.6,86,1017.2,1
2024-01-07,Ninh_Binh,20.2506,105.9745,21.0,87,12.9,62,1016.7,1
2024-01-08,Ninh_Binh,20.2506,105.9745,21.6,86,17.5,43,1015.0,1
2024-01-09,Ninh_Binh,20.2506,105.9745,22.1,87,16.8,57,1013.8,1
2024-01-10,Ninh_Binh,20.2506,105.9745,21.2,88,18.1,99,1014.8,1
2024-01-11,Ninh_Binh,20.2506,105.9745,19.6,94,15.0,100,1015.4,1
2024-01-12,Ninh_Binh,20.2506,105.9745,19.5,93,11.3,99,1015.1,1
2024-01-13,Ninh_Binh,20.2506,105.9745,19.8,94,14.0,100,1016.1,1
2024-01-14,Ninh_Binh,20.2506,105.9745,20.4,90,10.4,92,1017.6,1
2024-01-15,Ninh_Binh,20.2506,105.9745,20.8,85,17.4,38,1017.9,1
2024-01-16,Ninh_Binh,20.2506,105.9745,20.3,89,18.0,64,1017.0,1
2024-01-17,Ninh_Binh,20.2506,105.9745,20.9,87,17.3,50,1015.7,1
2024-01-18,Ninh_Binh,20.2506,105.9745,21.3,87,18.0,72,1014.0,1
2024-01-19,Ninh_Binh,20.2506,105.9745,22.4,86,17.3,73,1012.7,1
2024-01-20,Ninh_Binh,20.2506,105.9745,22.2,84,18.9,59,1013.6,1
2024-01-21,Ninh_Binh,20.2506,105.9745,18.7,89,16.6,100,1016.8,1
2024-01-22,Ninh_Binh,20.2506,105.9745,13.0,85,26.4,100,1021.7,1
2024-01-23,Ninh_Binh,20.2506,105.9745,9.3,68,21.4,100,1027.6,1
2024-01-24,Ninh_Binh,20.2506,105.9745,10.3,59,15.6,100,1027.5,0
2024-01-25,Ninh_Binh,20.2506,105.9745,11.2,59,13.7,100,1027.4,1
2024-01-26,Ninh_Binh,20.2506,105.9745,11.8,71,13.4,100,1026.0,1
2024-01-27,Ninh_Binh,20.2506,105.9745,11.4,79,15.3,100,1024.7,1
2024-01-28,Ninh_Binh,20.2506,105.9745,12.3,75,15.9,100,1024.5,1
2024-01-29,Ninh_Binh,20.2506,105.9745,15.0,74,11.3,98,1020.9,0
2024-01-30,Ninh_Binh,20.2506,105.9745,17.2,83,9.0,100,1017.6,0
2024-01-31,Ninh_Binh,20.2506,105.9745,19.9,90,10.5,99,1015.3,1
2024-02-01,Ninh_Binh,20.2506,105.9745,22.2,90,16.6,94,1014.2,1
2024-02-02,Ninh_Binh,20.2506,105.9745,22.8,89,20.4,96,1013.1,1
2024-02-03,Ninh_Binh,20.2506,105.9745,23.0,89,22.9,82,1013.1,1
2024-02-04,Ninh_Binh,20.2506,105.9745,23.8,88,16.6,93,1012.2,1
2024-02-05,Ninh_Binh,20.2506,105.9745,22.4,92,17.0,100,1013.4,1
2024-02-06,Ninh_Binh,20.2506,105.9745,21.8,91,16.5,100,1014.1,1
2024-02-07,Ninh_Binh,20.2506,105.9745,19.1,88,15.8,100,1013.9,1
2024-02-08,Ninh_Binh,20.2506,105.9745,14.0,79,13.8,100,1016.9,1
2024-02-09,Ninh_Binh,20.2506,105.9745,13.5,66,19.1,100,1023.0,1
2024-02-10,Ninh_Binh,20.2506,105.9745,16.6,59,15.8,63,1025.8,0
2024-02-11,Ninh_Binh,20.2506,105.9745,17.4,67,12.0,44,1025.2,0
2024-02-12,Ninh_Binh,20.2506,105.9745,17.8,76,16.4,25,1021.5,0
2024-02-13,Ninh_Binh,20.2506,105.9745,19.0,87,17.7,69,1018.5,1
2024-02-14,Ninh_Binh,20.2506,105.9745,20.5,87,20.1,80,1016.1,1
2024-02-15,Ninh_Binh,20.2506,105.9745,21.0,88,12.2,84,1017.1,1
2024-02-16,Ninh_Binh,20.2506,105.9745,20.8,80,14.8,62,1017.5,1
2024-02-17,Ninh_Binh,20.2506,105.9745,20.9,86,22.8,86,1012.4,1
2024-02-18,Ninh_Binh,20.2506,105.9745,22.7,88,20.7,76,1009.6,1
2024-02-19,Ninh_Binh,20.2506,105.9745,23.7,87,19.6,26,1009.2,0
2024-02-20,Ninh_Binh,20.2506,105.9745,24.7,85,25.8,18,1007.3,0
2024-02-21,Ninh_Binh,20.2506,105.9745,25.5,82,21.5,53,1007.4,0
2024-02-22,Ninh_Binh,20.2506,105.9745,24.8,88,18.3,93,1010.8,1
2024-02-23,Ninh_Binh,20.2506,105.9745,21.0,84,19.5,100,1015.3,1
2024-02-24,Ninh_Binh,20.2506,105.9745,16.0,87,14.8,100,1018.5,1
2024-02-25,Ninh_Binh,20.2506,105.9745,15.5,79,12.3,100,1019.3,1
2024-02-26,Ninh_Binh,20.2506,105.9745,17.0,81,12.2,100,1018.7,1
2024-02-27,Ninh_Binh,20.2506,105.9745,14.5,78,15.8,100,1019.3,1
2024-02-28,Ninh_Binh,20.2506,105.9745,16.8,78,10.9,100,1015.4,0
2024-02-29,Ninh_Binh,20.2506,105.9745,16.7,81,18.1,100,1016.4,1
2024-03-01,Ninh_Binh,20.2506,105.9745,14.0,71,15.8,100,1020.5,1
2024-03-02,Ninh_Binh,20.2506,105.9745,14.5,67,11.9,86,1020.4,0
2024-03-03,Ninh_Binh,20.2506,105.9745,16.8,80,18.4,74,1013.5,0
2024-03-04,Ninh_Binh,20.2506,105.9745,22.1,82,18.7,43,1005.3,0
2024-03-05,Ninh_Binh,20.2506,105.9745,27.8,66,16.8,2,1002.4,0
2024-03-06,Ninh_Binh,20.2506,105.9745,23.8,74,21.4,27,1006.9,1
2024-03-07,Ninh_Binh,20.2506,105.9745,20.7,72,14.6,91,1013.5,0
2024-03-08,Ninh_Binh,20.2506,105.9745,19.0,77,13.8,100,1015.7,1
2024-03-09,Ninh_Binh,20.2506,105.9745,18.5,82,11.9,100,1015.1,0
2024-03-10,Ninh_Binh,20.2506,105.9745,18.2,84,11.9,100,1016.7,1
2024-03-11,Ninh_Binh,20.2506,105.9745,19.2,78,21.1,63,1018.3,1
2024-03-12,Ninh_Binh,20.2506,105.9745,19.8,82,15.8,42,1015.6,0
2024-03-13,Ninh_Binh,20.2506,105.9745,21.2,86,14.6,95,1012.7,1
2024-03-14,Ninh_Binh,20.2506,105.9745,21.4,93,11.7,100,1011.9,1
2024-03-15,Ninh_Binh,20.2506,105.9745,22.5,93,18.7,96,1011.5,1
2024-03-16,Ninh_Binh,20.2506,105.9745,23.7,90,19.0,88,1012.6,1
2024-03-17,Ninh_Binh,20.2506,105.9745,24.0,90,18.0,100,1012.1,1
2024-03-18,Ninh_Binh,20.2506,105.9745,23.8,92,15.5,100,1011.7,1
2024-03-19,Ninh_Binh,20.2506,105.9745,19.6,90,21.6,100,1017.6,1
2024-03-20,Ninh_Binh,20.2506,105.9745,18.0,86,12.1,100,1020.8,1
2024-03-21,Ninh_Binh,20.2506,105.9745,20.1,77,17.7,49,1014.1,0
2024-03-22,Ninh_Binh,20.2506,105.9745,22.6,88,19.6,78,1007.4,1
2024-03-23,Ninh_Binh,20.2506,105.9745,24.5,87,21.6,39,1005.9,0
2024-03-24,Ninh_Binh,20.2506,105.9745,25.2,86,18.8,28,1008.1,0
2024-03-25,Ninh_Binh,20.2506,105.9745,24.6,91,14.1,75,1010.1,1
2024-03-26,Ninh_Binh,20.2506,105.9745,25.2,87,17.6,79,1013.9,1
2024-03-27,Ninh_Binh,20.2506,105.9745,24.5,90,19.7,99,1013.3,1
2024-03-28,Ninh_Binh,20.2506,105.9745,24.7,89,15.0,97,1011.1,1
2024-03-29,Ninh_Binh,20.2506,105.9745,23.7,87,15.8,78,1011.7,1
2024-03-30,Ninh_Binh,20.2506,105.9745,25.0,88,18.0,61,1009.2,1
2024-03-31,Ninh_Binh,20.2506,105.9745,27.6,82,21.4,14,1005.6,0
2024-04-01,Ninh_Binh,20.2506,105.9745,28.8,73,21.1,14,1002.2,0
2024-04-02,Ninh_Binh,20.2506,105.9745,28.4,73,25.2,7,1001.0,0
2024-04-03,Ninh_Binh,20.2506,105.9745,29.1,73,22.5,5,1001.9,0
2024-04-04,Ninh_Binh,20.2506,105.9745,28.6,76,18.2,3,1002.6,0
2024-04-05,Ninh_Binh,20.2506,105.9745,26.2,88,19.0,82,1005.7,1
2024-04-06,Ninh_Binh,20.2506,105.9745,26.1,86,17.3,93,1007.3,1
2024-04-07,Ninh_Binh,20.2506,105.9745,26.3,88,17.1,94,1006.4,1
2024-04-08,Ninh_Binh,20.2506,105.9745,24.0,88,12.7,100,1010.2,1
2024-04-09,Ninh_Binh,20.2506,105.9745,23.9,85,9.9,100,1013.1,1
2024-04-10,Ninh_Binh,20.2506,105.9745,24.5,86,14.8,78,1012.6,1
2024-04-11,Ninh_Binh,20.2506,105.9745,25.5,90,18.5,75,1011.9,1
2024-04-12,Ninh_Binh,20.2506,105.9745,26.5,86,20.6,72,1010.2,1
2024-04-13,Ninh_Binh,20.2506,105.9745,26.5,87,22.7,78,1007.5,1
2024-04-14,Ninh_Binh,20.2506,105.9745,27.0,86,16.0,64,1007.0,1
2024-04-15,Ninh_Binh,20.2506,105.9745,27.2,85,20.2,82,1008.1,0
2024-04-16,Ninh_Binh,20.2506,105.9745,26.9,85,21.7,70,1006.6,0
2024-04-17,Ninh_Binh,20.2506,105.9745,27.5,85,17.3,63,1004.7,1
2024-04-18,Ninh_Binh,20.2506,105.9745,27.5,85,18.7,48,1003.3,1
2024-04-19,Ninh_Binh,20.2506,105.9745,28.9,78,23.1,38,1000.5,0
2024-04-20,Ninh_Binh,20.2506,105.9745,29.5,76,21.6,57,999.9,1
2024-04-21,Ninh_Binh,20.2506,105.9745,29.2,80,18.9,42,1001.9,0
2024-04-22,Ninh_Binh,20.2506,105.9745,27.5,84,17.0,74,1004.2,1
2024-04-23,Ninh_Binh,20.2506,105.9745,27.8,86,18.8,77,1004.5,1
2024-04-24,Ninh_Binh,20.2506,105.9745,27.5,85,19.2,86,1005.3,1
2024-04-25,Ninh_Binh,20.2506,105.9745,28.9,85,16.8,42,1002.0,0
2024-04-26,Ninh_Binh,20.2506,105.9745,31.7,70,24.1,5,999.2,0
2024-04-27,Ninh_Binh,20.2506,105.9745,32.8,57,21.4,4,998.5,0
2024-04-28,Ninh_Binh,20.2506,105.9745,31.6,65,21.6,10,1000.3,0
2024-04-29,Ninh_Binh,20.2506,105.9745,32.4,65,23.5,12,1000.2,0
2024-04-30,Ninh_Binh,20.2506,105.9745,33.4,58,22.6,16,997.7,0
2024-05-01,Ninh_Binh,20.2506,105.9745,27.9,78,25.5,97,1003.4,1
2024-05-02,Ninh_Binh,20.2506,105.9745,26.6,86,16.6,98,1006.4,1
2024-05-03,Ninh_Binh,20.2506,105.9745,27.3,89,20.2,78,1006.0,1
2024-05-04,Ninh_Binh,20.2506,105.9745,28.9,83,19.5,32,1003.0,1
2024-05-05,Ninh_Binh,20.2506,105.9745,26.9,87,16.0,81,1006.4,1
2024-05-06,Ninh_Binh,20.2506,105.9745,26.2,89,12.1,84,1009.1,1
2024-05-07,Ninh_Binh,20.2506,105.9745,27.1,86,11.8,80,1011.0,1
2024-05-08,Ninh_Binh,20.2506,105.9745,27.3,85,15.0,90,1010.4,1
2024-05-09,Ninh_Binh,20.2506,105.9745,26.3,89,12.3,93,1010.7,1
2024-05-10,Ninh_Binh,20.2506,105.9745,26.9,86,17.4,72,1009.8,1
2024-05-11,Ninh_Binh,20.2506,105.9745,27.9,86,17.7,74,1009.1,1
2024-05-12,Ninh_Binh,20.2506,105.9745,27.3,90,13.2,74,1009.0,1
2024-05-13,Ninh_Binh,20.2506,105.9745,25.8,90,13.4,76,1010.2,1
2024-05-14,Ninh_Binh,20.2506,105.9745,27.1,83,14.0,45,1009.5,1
2024-05-15,Ninh_Binh,20.2506,105.9745,27.0,88,11.7,80,1010.4,1
2024-05-16,Ninh_Binh,20.2506,105.9745,26.5,84,16.9,81,1011.3,1
2024-05-17,Ninh_Binh,20.2506,105.9745,27.0,81,14.0,58,1008.4,1
2024-05-18,Ninh_Binh,20.2506,105.9745,28.4,85,19.0,100,1003.6,1
2024-05-19,Ninh_Binh,20.2506,105.9745,28.7,88,13.8,100,1001.0,1
2024-05-20,Ninh_Binh,20.2506,105.9745,27.2,85,19.4,92,1004.6,1
2024-05-21,Ninh_Binh,20.2506,105.9745,27.2,88,13.0,92,1006.6,1
2024-05-22,Ninh_Binh,20.2506,105.9745,26.9,88,11.4,86,1007.3,1
2024-05-23,Ninh_Binh,20.2506,105.9745,26.6,91,11.3,79,1006.8,1
2024-05-24,Ninh_Binh,20.2506,105.9745,27.3,87,12.2,86,1006.5,1
2024-05-25,Ninh_Binh,20.2506,105.9745,28.1,86,19.5,88,1006.1,1
2024-05-26,Ninh_Binh,20.2506,105.9745,29.7,84,18.0,76,1003.7,1
2024-05-27,Ninh_Binh,20.2506,105.9745,30.9,74,16.3,69,1000.0,0
2024-05-28,Ninh_Binh,20.2506,105.9745,31.4,74,15.3,99,999.6,1
2024-05-29,Ninh_Binh,20.2506,105.9745,31.2,82,15.9,85,999.2,1
2024-05-30,Ninh_Binh,20.2506,105.9745,28.9,88,16.4,99,1000.8,1
2024-05-31,Ninh_Binh,20.2506,105.9745,25.8,84,19.5,86,1004.8,1
2024-06-01,Ninh_Binh,20.2506,105.9745,28.3,80,10.7,71,1006.1,1
2024-06-02,Ninh_Binh,20.2506,105.9745,29.4,84,12.8,57,1004.8,1
2024-06-03,Ninh_Binh,20.2506,105.9745,30.6,81,10.8,98,1002.0,1
2024-06-04,Ninh_Binh,20.2506,105.9745,29.0,88,11.6,97,1002.8,1
2024-06-05,Ninh_Binh,20.2506,105.9745,26.4,92,16.2,100,1005.6,1
2024-06-06,Ninh_Binh,20.2506,105.9745,25.8,90,13.0,100,1006.8,1
2024-06-07,Ninh_Binh,20.2506,105.9745,27.8,87,12.0,97,1003.7,1
2024-06-08,Ninh_Binh,20.2506,105.9745,28.3,86,11.7,100,1001.7,1
2024-06-09,Ninh_Binh,20.2506,105.9745,27.9,89,11.2,100,1002.3,1
2024-06-10,Ninh_Binh,20.2506,105.9745,28.3,89,12.8,97,1003.8,1
2024-06-11,Ninh_Binh,20.2506,105.9745,29.5,84,13.6,97,1003.5,1
2024-06-12,Ninh_Binh,20.2506,105.9745,30.8,76,15.8,100,1002.5,0
2024-06-13,Ninh_Binh,20.2506,105.9745,31.5,69,17.1,100,1000.0,0
2024-06-14,Ninh_Binh,20.2506,105.9745,31.6,69,16.1,99,998.7,0
2024-06-15,Ninh_Binh,20.2506,105.9745,31.6,73,13.2,99,999.6,0
2024-06-16,Ninh_Binh,20.2506,105.9745,31.3,76,17.4,99,1000.9,1
2024-06-17,Ninh_Binh,20.2506,105.9745,32.1,72,18.6,100,1000.2,0
2024-06-18,Ninh_Binh,20.2506,105.9745,31.6,71,16.6,99,999.6,1
2024-06-19,Ninh_Binh,20.2506,105.9745,31.8,70,15.8,100,999.1,1
2024-06-20,Ninh_Binh,20.2506,105.9745,31.9,70,18.5,100,999.2,1
2024-06-21,Ninh_Binh,20.2506,105.9745,32.0,76,18.4,94,999.9,1
2024-06-22,Ninh_Binh,20.2506,105.9745,30.9,78,17.0,89,1001.5,1
2024-06-23,Ninh_Binh,20.2506,105.9745,28.7,85,13.0,99,1001.8,1
2024-06-24,Ninh_Binh,20.2506,105.9745,27.4,90,8.3,100,1001.7,1
2024-06-25,Ninh_Binh,20.2506,105.9745,27.5,88,13.3,100,1003.4,1
2024-06-26,Ninh_Binh,20.2506,105.9745,27.5,87,14.5,100,1006.2,1
2024-06-27,Ninh_Binh,20.2506,105.9745,27.8,85,17.5,90,1007.2,1
2024-06-28,Ninh_Binh,20.2506,105.9745,29.1,82,19.3,87,1004.6,1
2024-06-29,Ninh_Binh,20.2506,105.9745,30.3,79,19.8,99,1002.3,0
2024-06-30,Ninh_Binh,20.2506,105.9745,31.5,67,19.5,99,1001.0,0
2024-07-01,Ninh_Binh,20.2506,105.9745,31.1,70,18.0,95,999.4,0
2024-07-02,Ninh_Binh,20.2506,105.9745,30.3,75,18.7,100,1000.6,1
2024-07-03,Ninh_Binh,20.2506,105.9745,29.3,84,15.1,100,1005.2,1
2024-07-04,Ninh_Binh,20.2506,105.9745,29.0,81,18.6,65,1007.4,1
2024-07-05,Ninh_Binh,20.2506,105.9745,29.0,80,17.2,43,1004.8,1
2024-07-06,Ninh_Binh,20.2506,105.9745,29.2,81,17.4,29,1004.0,1
2024-07-07,Ninh_Binh,20.2506,105.9745,29.4,79,20.9,23,1004.9,1
2024-07-08,Ninh_Binh,20.2506,105.9745,30.1,78,18.2,30,1003.8,1
2024-07-09,Ninh_Binh,20.2506,105.9745,30.8,76,16.5,74,1003.2,1
2024-07-10,Ninh_Binh,20.2506,105.9745,30.8,77,15.7,43,1003.4,1
2024-07-11,Ninh_Binh,20.2506,105.9745,30.4,77,16.1,59,1001.9,1
2024-07-12,Ninh_Binh,20.2506,105.9745,30.7,78,12.8,88,999.8,1
2024-07-13,Ninh_Binh,20.2506,105.9745,30.5,80,14.8,81,999.5,1
2024-07-14,Ninh_Binh,20.2506,105.9745,28.5,84,15.0,91,1002.8,1
2024-07-15,Ninh_Binh,20.2506,105.9745,27.7,87,23.3,96,1004.1,1
2024-07-16,Ninh_Binh,20.2506,105.9745,27.4,88,15.0,89,1004.3,1
2024-07-17,Ninh_Binh,20.2506,105.9745,27.1,89,16.0,94,1003.3,1
2024-07-18,Ninh_Binh,20.2506,105.9745,27.2,89,13.8,93,1002.8,1
2024-07-19,Ninh_Binh,20.2506,105.9745,27.8,87,16.3,93,1002.5,1
2024-07-20,Ninh_Binh,20.2506,105.9745,28.5,86,13.6,58,1003.4,1
2024-07-21,Ninh_Binh,20.2506,105.9745,28.6,86,12.0,43,1003.6,1
2024-07-22,Ninh_Binh,20.2506,105.9745,28.2,88,13.4,100,1001.1,1
2024-07-23,Ninh_Binh,20.2506,105.9745,27.3,93,12.4,100,996.9,1
2024-07-24,Ninh_Binh,20.2506,105.9745,28.2,87,11.5,98,994.6,1
2024-07-25,Ninh_Binh,20.2506,105.9745,28.2,88,15.5,98,994.3,1
2024-07-26,Ninh_Binh,20.2506,105.9745,31.4,79,13.5,60,994.6,0
2024-07-27,Ninh_Binh,20.2506,105.9745,32.0,72,20.1,98,997.6,1
2024-07-28,Ninh_Binh,20.2506,105.9745,29.1,88,11.8,97,1000.0,1
2024-07-29,Ninh_Binh,20.2506,105.9745,27.7,91,12.6,100,1000.3,1
2024-07-30,Ninh_Binh,20.2506,105.9745,28.0,88,16.5,100,1000.4,1
2024-07-31,Ninh_Binh,20.2506,105.9745,27.7,84,18.1,100,1001.8,1
2024-08-01,Ninh_Binh,20.2506,105.9745,28.4,77,20.1,100,1002.7,1
2024-08-02,Ninh_Binh,20.2506,105.9745,27.1,82,18.9,97,1002.5,1
2024-08-03,Ninh_Binh,20.2506,105.9745,28.5,78,17.8,65,1004.0,1
2024-08-04,Ninh_Binh,20.2506,105.9745,28.8,79,12.3,15,1005.2,1
2024-08-05,Ninh_Binh,20.2506,105.9745,29.7,83,10.1,28,1004.5,1
2024-08-06,Ninh_Binh,20.2506,105.9745,30.0,82,11.7,72,1003.7,1
2024-08-07,Ninh_Binh,20.2506,105.9745,30.4,80,14.5,28,1003.9,1
2024-08-08,Ninh_Binh,20.2506,105.9745,31.0,79,13.9,9,1003.7,1
2024-08-09,Ninh_Binh,20.2506,105.9745,31.6,75,18.0,56,1001.3,0
2024-08-10,Ninh_Binh,20.2506,105.9745,32.2,69,15.1,56,999.5,0
2024-08-11,Ninh_Binh,20.2506,105.9745,29.8,80,16.4,99,999.9,1
2024-08-12,Ninh_Binh,20.2506,105.9745,28.2,89,10.6,100,1000.7,1
2024-08-13,Ninh_Binh,20.2506,105.9745,28.0,88,11.2,100,1003.1,1
2024-08-14,Ninh_Binh,20.2506,105.9745,27.8,89,5.9,100,1004.1,1
2024-08-15,Ninh_Binh,20.2506,105.9745,28.0,88,10.9,100,1003.3,1
2024-08-16,Ninh_Binh,20.2506,105.9745,28.7,87,9.4,85,1003.0,1
2024-08-17,Ninh_Binh,20.2506,105.9745,28.1,90,7.9,99,1004.5,1
2024-08-18,Ninh_Binh,20.2506,105.9745,28.9,88,5.8,98,1004.3,1
2024-08-19,Ninh_Binh,20.2506,105.9745,29.2,86,8.8,95,1002.7,1
2024-08-20,Ninh_Binh,20.2506,105.9745,29.6,84,11.3,97,1003.0,1
2024-08-21,Ninh_Binh,20.2506,105.9745,29.3,85,13.1,99,1004.4,1
2024-08-22,Ninh_Binh,20.2506,105.9745,30.0,81,15.1,99,1005.6,1
2024-08-23,Ninh_Binh,20.2506,105.9745,28.3,88,15.8,100,1007.2,1
2024-08-24,Ninh_Binh,20.2506,105.9745,28.7,85,11.2,100,1006.6,1
2024-08-25,Ninh_Binh,20.2506,105.9745,27.3,87,11.0,99,1005.7,1
2024-08-26,Ninh_Binh,20.2506,105.9745,27.8,88,8.7,81,1005.2,1
2024-08-27,Ninh_Binh,20.2506,105.9745,29.2,82,9.2,45,1004.7,1
2024-08-28,Ninh_Binh,20.2506,105.9745,30.3,79,9.7,56,1003.0,0
2024-08-29,Ninh_Binh,20.2506,105.9745,30.4,83,8.4,82,1002.6,1
2024-08-30,Ninh_Binh,20.2506,105.9745,28.6,86,12.0,75,1003.9,1
2024-08-31,Ninh_Binh,20.2506,105.9745,28.3,88,9.8,77,1005.4,1
2024-09-01,Ninh_Binh,20.2506,105.9745,27.6,89,14.3,98,1005.9,1
2024-09-02,Ninh_Binh,20.2506,105.9745,28.1,87,11.7,100,1006.4,1
2024-09-03,Ninh_Binh,20.2506,105.9745,28.9,85,10.3,77,1005.8,1
2024-09-04,Ninh_Binh,20.2506,105.9745,29.7,80,8.1,65,1002.3,0
2024-09-05,Ninh_Binh,20.2506,105.9745,30.1,81,15.7,61,1000.0,1
2024-09-06,Ninh_Binh,20.2506,105.9745,28.7,81,21.5,92,998.7,1
2024-09-07,Ninh_Binh,20.2506,105.9745,26.5,85,41.2,100,993.1,1
2024-09-08,Ninh_Binh,20.2506,105.9745,28.8,83,33.6,100,998.3,1
2024-09-09,Ninh_Binh,20.2506,105.9745,28.4,84,18.8,100,1001.8,1
2024-09-10,Ninh_Binh,20.2506,105.9745,25.6,94,13.4,100,1004.5,1
2024-09-11,Ninh_Binh,20.2506,105.9745,25.2,95,15.1,100,1006.0,1
2024-09-12,Ninh_Binh,20.2506,105.9745,25.8,92,14.5,91,1006.1,1
2024-09-13,Ninh_Binh,20.2506,105.9745,26.4,91,12.1,57,1003.9,1
2024-09-14,Ninh_Binh,20.2506,105.9745,27.5,89,13.0,91,1001.9,1
2024-09-15,Ninh_Binh,20.2506,105.9745,28.6,84,10.6,67,1001.2,1
2024-09-16,Ninh_Binh,20.2506,105.9745,27.4,87,15.5,66,1003.3,1
2024-09-17,Ninh_Binh,20.2506,105.9745,26.4,90,18.1,93,1004.1,1
2024-09-18,Ninh_Binh,20.2506,105.9745,26.8,89,18.0,86,1002.9,1
2024-09-19,Ninh_Binh,20.2506,105.9745,26.1,91,20.8,82,1001.6,1
2024-09-20,Ninh_Binh,20.2506,105.9745,27.0,89,17.5,93,1001.8,1
2024-09-21,Ninh_Binh,20.2506,105.9745,26.7,92,16.9,97,1003.3,1
2024-09-22,Ninh_Binh,20.2506,105.9745,25.2,93,21.0,100,1004.4,1
2024-09-23,Ninh_Binh,20.2506,105.9745,24.4,81,23.1,100,1008.2,1
2024-09-24,Ninh_Binh,20.2506,105.9745,25.8,79,10.2,71,1008.9,0
2024-09-25,Ninh_Binh,20.2506,105.9745,25.8,84,7.7,74,1009.8,1
2024-09-26,Ninh_Binh,20.2506,105.9745,26.8,80,13.7,53,1009.9,1
2024-09-27,Ninh_Binh,20.2506,105.9745,27.9,81,15.1,25,1008.9,1
2024-09-28,Ninh_Binh,20.2506,105.9745,28.5,85,17.0,43,1006.7,1
2024-09-29,Ninh_Binh,20.2506,105.9745,28.9,87,17.1,68,1005.2,1
2024-09-30,Ninh_Binh,20.2506,105.9745,27.5,91,13.6,84,1004.7,1
2024-10-01,Ninh_Binh,20.2506,105.9745,26.3,80,25.8,91,1008.3,1
2024-10-02,Ninh_Binh,20.2506,105.9745,23.8,61,23.5,54,1013.6,0
2024-10-03,Ninh_Binh,20.2506,105.9745,23.6,64,19.3,62,1014.3,0
2024-10-04,Ninh_Binh,20.2506,105.9745,23.9,68,12.0,73,1013.9,0
2024-10-05,Ninh_Binh,20.2506,105.9745,24.1,72,12.2,0,1012.9,0
2024-10-06,Ninh_Binh,20.2506,105.9745,25.1,73,13.9,15,1013.3,0
2024-10-07,Ninh_Binh,20.2506,105.9745,26.4,73,17.0,59,1013.9,0
2024-10-08,Ninh_Binh,20.2506,105.9745,26.6,69,14.0,32,1013.6,0
2024-10-09,Ninh_Binh,20.2506,105.9745,25.9,73,11.5,11,1012.5,0
2024-10-10,Ninh_Binh,20.2506,105.9745,25.5,74,8.8,16,1011.8,1
2024-10-11,Ninh_Binh,20.2506,105.9745,25.8,75,12.6,41,1011.5,0
2024-10-12,Ninh_Binh,20.2506,105.9745,26.1,80,9.9,35,1012.0,1
2024-10-13,Ninh_Binh,20.2506,105.9745,26.4,81,12.3,29,1011.8,1
2024-10-14,Ninh_Binh,20.2506,105.9745,26.7,83,11.4,30,1010.8,1
2024-10-15,Ninh_Binh,20.2506,105.9745,25.6,89,15.1,66,1011.3,1
2024-10-16,Ninh_Binh,20.2506,105.9745,25.8,87,15.0,94,1011.8,1
2024-10-17,Ninh_Binh,20.2506,105.9745,26.8,85,16.3,86,1010.2,1
2024-10-18,Ninh_Binh,20.2506,105.9745,27.1,85,12.9,29,1009.7,1
2024-10-19,Ninh_Binh,20.2506,105.9745,26.8,87,9.9,67,1011.8,1
2024-10-20,Ninh_Binh,20.2506,105.9745,27.5,79,15.3,81,1013.5,1
2024-10-21,Ninh_Binh,20.2506,105.9745,25.8,87,13.6,94,1013.1,1
2024-10-22,Ninh_Binh,20.2506,105.9745,26.4,86,13.5,82,1013.2,1
2024-10-23,Ninh_Binh,20.2506,105.9745,25.1,67,24.3,70,1014.0,1
2024-10-24,Ninh_Binh,20.2506,105.9745,23.5,63,13.7,89,1011.4,0
2024-10-25,Ninh_Binh,20.2506,105.9745,22.9,64,15.0,71,1008.8,0
2024-10-26,Ninh_Binh,20.2506,105.9745,25.0,52,24.8,96,1007.0,0
2024-10-27,Ninh_Binh,20.2506,105.9745,21.9,72,30.2,100,1008.0,1
2024-10-28,Ninh_Binh,20.2506,105.9745,20.7,76,25.2,100,1009.8,1
2024-10-29,Ninh_Binh,20.2506,105.9745,21.2,81,21.0,94,1009.8,1
2024-10-30,Ninh_Binh,20.2506,105.9745,23.2,76,13.6,93,1010.6,0
2024-10-31,Ninh_Binh,20.2506,105.9745,24.9,81,11.2,21,1009.1,1
2024-11-01,Ninh_Binh,20.2506,105.9745,24.9,72,20.6,16,1011.3,0
2024-11-02,Ninh_Binh,20.2506,105.9745,23.3,66,19.2,12,1015.7,0
2024-11-03,Ninh_Binh,20.2506,105.9745,23.7,71,13.5,82,1015.7,0
2024-11-04,Ninh_Binh,20.2506,105.9745,22.7,83,20.3,98,1015.7,1
2024-11-05,Ninh_Binh,20.2506,105.9745,22.2,83,15.9,100,1017.4,1
2024-11-06,Ninh_Binh,20.2506,105.9745,23.1,74,13.9,83,1017.9,1
2024-11-07,Ninh_Binh,20.2506,105.9745,22.6,73,15.0,18,1017.8,0
2024-11-08,Ninh_Binh,20.2506,105.9745,22.1,72,11.5,1,1016.5,0
2024-11-09,Ninh_Binh,20.2506,105.9745,22.3,73,9.1,6,1014.2,0
2024-11-10,Ninh_Binh,20.2506,105.9745,23.1,72,13.6,1,1014.0,0
2024-11-11,Ninh_Binh,20.2506,105.9745,24.5,75,9.9,52,1013.0,0
2024-11-12,Ninh_Binh,20.2506,105.9745,25.0,80,10.2,63,1011.5,0
2024-11-13,Ninh_Binh,20.2506,105.9745,25.3,82,13.7,32,1009.9,1
2024-11-14,Ninh_Binh,20.2506,105.9745,26.1,83,14.9,37,1009.2,0
2024-11-15,Ninh_Binh,20.2506,105.9745,26.6,84,14.1,38,1008.4,0
2024-11-16,Ninh_Binh,20.2506,105.9745,26.4,86,11.2,51,1009.6,1
2024-11-17,Ninh_Binh,20.2506,105.9745,25.8,81,8.9,32,1012.0,1
2024-11-18,Ninh_Binh,20.2506,105.9745,24.3,86,16.6,38,1014.5,1
2024-11-19,Ninh_Binh,20.2506,105.9745,24.3,76,15.3,39,1015.9,1
2024-11-20,Ninh_Binh,20.2506,105.9745,23.3,69,16.0,10,1016.4,0
2024-11-21,Ninh_Binh,20.2506,105.9745,22.1,66,13.0,16,1016.6,0
2024-11-22,Ninh_Binh,20.2506,105.9745,22.3,67,17.1,96,1016.9,0
2024-11-23,Ninh_Binh,20.2506,105.9745,22.2,69,15.8,61,1017.2,0
2024-11-24,Ninh_Binh,20.2506,105.9745,21.4,86,11.6,63,1016.1,1
2024-11-25,Ninh_Binh,20.2506,105.9745,23.1,87,9.8,75,1015.3,1
2024-11-26,Ninh_Binh,20.2506,105.9745,20.8,75,19.4,100,1017.4,1
2024-11-27,Ninh_Binh,20.2506,105.9745,20.1,62,16.0,76,1019.3,0
2024-11-28,Ninh_Binh,20.2506,105.9745,19.2,54,17.7,50,1021.9,0
2024-11-29,Ninh_Binh,20.2506,105.9745,19.1,55,14.4,39,1019.9,0
2024-11-30,Ninh_Binh,20.2506,105.9745,19.8,65,17.1,81,1015.3,0
2024-12-01,Ninh_Binh,20.2506,105.9745,20.5,75,15.2,76,1011.8,0
2024-12-02,Ninh_Binh,20.2506,105.9745,21.8,85,9.3,72,1012.1,1
2024-12-03,Ninh_Binh,20.2506,105.9745,22.4,86,10.9,48,1012.5,1
2024-12-04,Ninh_Binh,20.2506,105.9745,23.0,80,16.0,20,1012.9,1
2024-12-05,Ninh_Binh,20.2506,105.9745,22.3,81,14.3,23,1013.0,1
2024-12-06,Ninh_Binh,20.2506,105.9745,22.5,86,15.0,68,1012.6,1
2024-12-07,Ninh_Binh,20.2506,105.9745,20.5,80,17.5,100,1015.8,1
2024-12-08,Ninh_Binh,20.2506,105.9745,17.5,67,18.5,83,1019.7,1
2024-12-09,Ninh_Binh,20.2506,105.9745,18.6,70,13.2,84,1016.6,0
2024-12-10,Ninh_Binh,20.2506,105.9745,21.3,81,14.1,73,1012.4,0
2024-12-11,Ninh_Binh,20.2506,105.9745,20.5,84,20.9,98,1014.3,1
2024-12-12,Ninh_Binh,20.2506,105.9745,17.6,68,16.9,100,1016.5,0
2024-12-13,Ninh_Binh,20.2506,105.9745,16.1,68,19.8,100,1019.7,1
2024-12-14,Ninh_Binh,20.2506,105.9745,14.3,66,22.3,100,1024.3,1
2024-12-15,Ninh_Binh,20.2506,105.9745,14.3,53,20.6,100,1025.0,1
2024-12-16,Ninh_Binh,20.2506,105.9745,15.4,64,13.0,55,1022.1,1
2024-12-17,Ninh_Binh,20.2506,105.9745,17.1,70,12.4,53,1018.6,0
2024-12-18,Ninh_Binh,20.2506,105.9745,18.6,61,17.3,43,1019.7,0
2024-12-19,Ninh_Binh,20.2506,105.9745,17.2,65,14.3,16,1019.9,0
2024-12-20,Ninh_Binh,20.2506,105.9745,16.6,70,12.3,26,1018.0,0
2024-12-21,Ninh_Binh,20.2506,105.9745,16.8,69,11.8,46,1018.7,0
2024-12-22,Ninh_Binh,20.2506,105.9745,16.2,69,13.9,67,1019.0,0
2024-12-23,Ninh_Binh,20.2506,105.9745,16.5,68,14.2,82,1018.4,0
2024-12-24,Ninh_Binh,20.2506,105.9745,17.6,61,13.5,96,1019.8,0
2024-12-25,Ninh_Binh,20.2506,105.9745,18.5,65,12.3,44,1018.9,0
2024-12-26,Ninh_Binh,20.2506,105.9745,19.6,67,11.9,92,1020.6,0
2024-12-27,Ninh_Binh,20.2506,105.9745,17.6,72,17.1,100,1022.5,1
2024-12-28,Ninh_Binh,20.2506,105.9745,16.9,61,20.5,59,1024.6,1
2024-12-29,Ninh_Binh,20.2506,105.9745,17.5,66,12.5,37,1020.1,0
2024-12-30,Ninh_Binh,20.2506,105.9745,17.9,81,10.3,56,1018.8,0
2024-12-31,Ninh_Binh,20.2506,105.9745,17.8,78,14.2,54,1019.3,1
2025-01-01,Ninh_Binh,20.2506,105.9745,17.4,75,14.8,0,1016.1,0
2025-01-02,Ninh_Binh,20.2506,105.9745,18.0,76,11.6,18,1017.0,0
2025-01-03,Ninh_Binh,20.2506,105.9745,18.6,69,14.5,32,1018.6,0
2025-01-04,Ninh_Binh,20.2506,105.9745,17.9,73,13.1,34,1017.5,1
2025-01-05,Ninh_Binh,20.2506,105.9745,17.9,69,12.2,18,1019.1,0
2025-01-06,Ninh_Binh,20.2506,105.9745,17.9,76,15.5,25,1016.6,0
2025-01-07,Ninh_Binh,20.2506,105.9745,17.8,85,13.9,50,1015.8,1
2025-01-08,Ninh_Binh,20.2506,105.9745,19.0,85,16.5,63,1016.6,1
2025-01-09,Ninh_Binh,20.2506,105.9745,19.4,67,15.9,75,1019.5,1
2025-01-10,Ninh_Binh,20.2506,105.9745,16.0,54,18.8,70,1026.0,0
2025-01-11,Ninh_Binh,20.2506,105.9745,14.7,47,21.0,58,1028.6,0
2025-01-12,Ninh_Binh,20.2506,105.9745,13.9,52,13.8,30,1025.3,0
2025-01-13,Ninh_Binh,20.2506,105.9745,14.4,67,11.3,24,1020.4,0
2025-01-14,Ninh_Binh,20.2506,105.9745,17.1,76,13.5,81,1019.6,0
2025-01-15,Ninh_Binh,20.2506,105.9745,18.4,66,19.2,89,1023.0,1
2025-01-16,Ninh_Binh,20.2506,105.9745,17.3,62,13.3,50,1023.3,0
2025-01-17,Ninh_Binh,20.2506,105.9745,16.4,71,16.7,9,1019.7,0
2025-01-18,Ninh_Binh,20.2506,105.9745,17.0,80,13.5,54,1017.3,1
2025-01-19,Ninh_Binh,20.2506,105.9745,17.9,76,16.2,48,1015.6,0
2025-01-20,Ninh_Binh,20.2506,105.9745,18.0,74,15.5,14,1014.2,0
2025-01-21,Ninh_Binh,20.2506,105.9745,17.9,80,16.3,32,1013.7,0
2025-01-22,Ninh_Binh,20.2506,105.9745,18.7,87,11.3,59,1013.8,1
2025-01-23,Ninh_Binh,20.2506,105.9745,19.9,84,15.7,61,1013.1,1
2025-01-24,Ninh_Binh,20.2506,105.9745,20.7,86,16.3,62,1009.7,1
2025-01-25,Ninh_Binh,20.2506,105.9745,21.8,86,17.6,92,1010.9,1
2025-01-26,Ninh_Binh,20.2506,105.9745,15.4,71,34.2,100,1021.4,1
2025-01-27,Ninh_Binh,20.2506,105.9745,14.6,48,19.0,50,1022.3,0
2025-01-28,Ninh_Binh,20.2506,105.9745,14.2,54,13.4,7,1023.0,0
2025-01-29,Ninh_Binh,20.2506,105.9745,14.4,62,14.2,44,1021.7,0
2025-01-30,Ninh_Binh,20.2506,105.9745,16.5,79,19.9,58,1014.9,0
2025-01-31,Ninh_Binh,20.2506,105.9745,19.6,86,19.7,88,1011.4,1
2025-02-01,Ninh_Binh,20.2506,105.9745,21.4,87,16.4,99,1009.6,1
2025-02-02,Ninh_Binh,20.2506,105.9745,21.0,87,15.3,98,1010.7,1
2025-02-03,Ninh_Binh,20.2506,105.9745,16.2,76,23.9,100,1018.4,1
2025-02-04,Ninh_Binh,20.2506,105.9745,15.9,58,16.5,75,1020.7,0
2025-02-05,Ninh_Binh,20.2506,105.9745,16.3,80,11.3,74,1015.3,0
2025-02-06,Ninh_Binh,20.2506,105.9745,18.5,87,13.3,98,1013.6,1
2025-02-07,Ninh_Binh,20.2506,105.9745,14.7,81,20.9,100,1019.6,1
2025-02-08,Ninh_Binh,20.2506,105.9745,13.5,69,17.7,100,1023.1,1
2025-02-09,Ninh_Binh,20.2506,105.9745,14.1,62,12.6,64,1021.7,0
2025-02-10,Ninh_Binh,20.2506,105.9745,14.9,78,12.4,50,1018.7,0
2025-02-11,Ninh_Binh,20.2506,105.9745,17.3,84,15.5,53,1015.4,1
2025-02-12,Ninh_Binh,20.2506,105.9745,19.9,85,15.0,87,1015.0,1
2025-02-13,Ninh_Binh,20.2506,105.9745,19.6,81,15.7,64,1016.1,1
2025-02-14,Ninh_Binh,20.2506,105.9745,19.9,82,16.9,85,1013.8,1
2025-02-15,Ninh_Binh,20.2506,105.9745,21.5,87,15.5,94,1011.4,1
2025-02-16,Ninh_Binh,20.2506,105.9745,19.3,88,18.1,100,1014.8,1
2025-02-17,Ninh_Binh,20.2506,105.9745,18.9,83,12.6,99,1017.2,1
2025-02-18,Ninh_Binh,20.2506,105.9745,18.9,83,15.9,100,1018.0,1
2025-02-19,Ninh_Binh,20.2506,105.9745,18.7,88,11.5,100,1017.2,1
2025-02-20,Ninh_Binh,20.2506,105.9745,20.5,85,12.0,80,1016.9,1
2025-02-21,Ninh_Binh,20.2506,105.9745,19.5,87,17.3,88,1018.2,0
2025-02-22,Ninh_Binh,20.2506,105.9745,19.7,84,17.3,98,1018.6,1
2025-02-23,Ninh_Binh,20.2506,105.9745,17.9,81,19.9,100,1022.5,1
2025-02-24,Ninh_Binh,20.2506,105.9745,14.8,77,17.1,100,1025.6,1
2025-02-25,Ninh_Binh,20.2506,105.9745,14.0,92,12.2,100,1023.9,1
2025-02-26,Ninh_Binh,20.2506,105.9745,15.9,88,13.9,93,1021.0,1
2025-02-27,Ninh_Binh,20.2506,105.9745,18.7,85,15.5,80,1015.9,0
2025-02-28,Ninh_Binh,20.2506,105.9745,20.6,88,19.5,87,1013.2,1
2025-03-01,Ninh_Binh,20.2506,105.9745,22.3,88,20.3,90,1009.9,1
2025-03-02,Ninh_Binh,20.2506,105.9745,22.8,89,20.8,74,1007.6,1
2025-03-03,Ninh_Binh,20.2506,105.9745,23.0,91,14.7,89,1006.5,1
2025-03-04,Ninh_Binh,20.2506,105.9745,24.0,91,15.1,95,1005.4,1
2025-03-05,Ninh_Binh,20.2506,105.9745,22.2,88,15.8,100,1007.7,1
2025-03-06,Ninh_Binh,20.2506,105.9745,15.4,76,24.0,100,1017.6,1
2025-03-07,Ninh_Binh,20.2506,105.9745,14.8,70,17.5,99,1019.9,1
2025-03-08,Ninh_Binh,20.2506,105.9745,16.3,79,10.5,100,1018.5,0
2025-03-09,Ninh_Binh,20.2506,105.9745,18.0,84,11.7,98,1018.5,1
2025-03-10,Ninh_Binh,20.2506,105.9745,19.8,88,11.5,77,1017.4,1
2025-03-11,Ninh_Binh,20.2506,105.9745,21.4,88,18.9,84,1013.0,1
2025-03-12,Ninh_Binh,20.2506,105.9745,23.1,91,17.4,97,1009.9,1
2025-03-13,Ninh_Binh,20.2506,105.9745,23.6,92,19.6,98,1009.2,1
2025-03-14,Ninh_Binh,20.2506,105.9745,23.8,93,16.5,97,1009.4,1
2025-03-15,Ninh_Binh,20.2506,105.9745,23.4,93,18.0,100,1011.1,1
2025-03-16,Ninh_Binh,20.2506,105.9745,18.0,71,22.0,95,1018.3,1
2025-03-17,Ninh_Binh,20.2506,105.9745,17.6,67,13.4,100,1018.9,0
2025-03-18,Ninh_Binh,20.2506,105.9745,17.0,64,17.4,86,1022.1,1
2025-03-19,Ninh_Binh,20.2506,105.9745,18.1,60,19.1,86,1023.5,0
2025-03-20,Ninh_Binh,20.2506,105.9745,18.0,66,13.5,51,1022.5,0
2025-03-21,Ninh_Binh,20.2506,105.9745,18.4,69,12.3,47,1020.5,0
2025-03-22,Ninh_Binh,20.2506,105.9745,19.5,76,10.4,35,1017.9,0
2025-03-23,Ninh_Binh,20.2506,105.9745,20.4,83,14.4,15,1015.4,1
2025-03-24,Ninh_Binh,20.2506,105.9745,21.5,84,14.7,32,1012.0,0
2025-03-25,Ninh_Binh,20.2506,105.9745,22.6,85,16.0,5,1006.9,0
2025-03-26,Ninh_Binh,20.2506,105.9745,22.8,87,17.6,17,1004.0,0
2025-03-27,Ninh_Binh,20.2506,105.9745,24.4,87,16.5,29,1001.0,0
2025-03-28,Ninh_Binh,20.2506,105.9745,25.4,86,14.8,59,1004.6,0
2025-03-29,Ninh_Binh,20.2506,105.9745,18.1,86,20.6,100,1013.5,1
2025-03-30,Ninh_Binh,20.2506,105.9745,14.4,80,19.8,100,1019.3,1
2025-03-31,Ninh_Binh,20.2506,105.9745,14.9,73,15.2,70,1018.7,1
2025-04-01,Ninh_Binh,20.2506,105.9745,17.2,68,15.0,62,1017.6,0
2025-04-02,Ninh_Binh,20.2506,105.9745,18.6,75,9.7,51,1017.2,0
2025-04-03,Ninh_Binh,20.2506,105.9745,19.5,77,13.4,19,1016.0,0
2025-04-04,Ninh_Binh,20.2506,105.9745,20.7,87,18.1,50,1011.8,1
2025-04-05,Ninh_Binh,20.2506,105.9745,21.5,89,13.0,99,1012.2,1
2025-04-06,Ninh_Binh,20.2506,105.9745,22.3,87,12.7,96,1012.9,0
2025-04-07,Ninh_Binh,20.2506,105.9745,21.9,91,11.2,90,1014.1,1
2025-04-08,Ninh_Binh,20.2506,105.9745,23.0,91,17.6,85,1013.1,0
2025-04-09,Ninh_Binh,20.2506,105.9745,24.0,91,17.8,92,1009.4,1
2025-04-10,Ninh_Binh,20.2506,105.9745,24.0,91,13.1,97,1005.5,1
2025-04-11,Ninh_Binh,20.2506,105.9745,24.9,88,17.0,91,1003.4,0
2025-04-12,Ninh_Binh,20.2506,105.9745,26.0,87,28.0,90,1006.2,1
2025-04-13,Ninh_Binh,20.2506,105.9745,21.5,70,22.9,68,1015.5,1
2025-04-14,Ninh_Binh,20.2506,105.9745,21.4,77,8.4,93,1013.5,0
2025-04-15,Ninh_Binh,20.2506,105.9745,22.4,80,13.8,84,1010.9,0
2025-04-16,Ninh_Binh,20.2506,105.9745,22.8,80,17.0,84,1007.5,0
2025-04-17,Ninh_Binh,20.2506,105.9745,25.3,87,12.6,90,1004.3,0
2025-04-18,Ninh_Binh,20.2506,105.9745,27.0,84,18.0,77,1003.2,0
2025-04-19,Ninh_Binh,20.2506,105.9745,27.7,82,18.0,57,1003.7,0
2025-04-20,Ninh_Binh,20.2506,105.9745,27.1,85,17.5,65,1005.3,1
2025-04-21,Ninh_Binh,20.2506,105.9745,26.9,85,20.4,40,1006.7,0
2025-04-22,Ninh_Binh,20.2506,105.9745,27.7,85,17.9,44,1005.6,1
2025-04-23,Ninh_Binh,20.2506,105.9745,28.5,83,16.7,78,1003.7,0
2025-04-24,Ninh_Binh,20.2506,105.9745,28.0,85,18.1,71,1004.4,1
2025-04-25,Ninh_Binh,20.2506,105.9745,25.0,88,15.2,95,1008.9,1
2025-04-26,Ninh_Binh,20.2506,105.9745,26.0,88,15.0,72,1009.2,1
2025-04-27,Ninh_Binh,20.2506,105.9745,27.0,90,17.0,78,1008.4,1
2025-04-28,Ninh_Binh,20.2506,105.9745,25.4,93,15.2,99,1009.9,1
2025-04-29,Ninh_Binh,20.2506,105.9745,24.9,93,13.1,91,1010.5,1
2025-04-30,Ninh_Binh,20.2506,105.9745,26.4,87,15.4,73,1009.6,1
2025-05-01,Ninh_Binh,20.2506,105.9745,25.2,89,14.4,92,1011.8,1
2025-05-02,Ninh_Binh,20.2506,105.9745,26.2,84,14.7,27,1008.9,1
2025-05-03,Ninh_Binh,20.2506,105.9745,27.1,86,15.7,61,1006.1,0
2025-05-04,Ninh_Binh,20.2506,105.9745,28.5,84,17.1,60,1003.7,0
2025-05-05,Ninh_Binh,20.2506,105.9745,29.1,83,17.7,38,1003.1,0
2025-05-06,Ninh_Binh,20.2506,105.9745,29.0,84,16.6,89,1003.4,1
2025-05-07,Ninh_Binh,20.2506,105.9745,29.4,84,16.2,75,1002.0,1
2025-05-08,Ninh_Binh,20.2506,105.9745,30.1,80,23.2,80,1001.0,0
2025-05-09,Ninh_Binh,20.2506,105.9745,28.8,83,17.2,88,1003.5,1
2025-05-10,Ninh_Binh,20.2506,105.9745,26.5,89,12.8,100,1006.7,1
2025-05-11,Ninh_Binh,20.2506,105.9745,22.3,83,26.1,96,1010.4,1
2025-05-12,Ninh_Binh,20.2506,105.9745,23.8,74,13.1,50,1009.0,0
2025-05-13,Ninh_Binh,20.2506,105.9745,25.3,79,16.9,23,1008.2,0
2025-05-14,Ninh_Binh,20.2506,105.9745,26.8,86,16.4,52,1008.4,1
2025-05-15,Ninh_Binh,20.2506,105.9745,26.4,91,14.6,94,1008.3,1
2025-05-16,Ninh_Binh,20.2506,105.9745,27.8,89,16.6,99,1006.9,1
2025-05-17,Ninh_Binh,20.2506,105.9745,28.1,89,18.0,93,1006.9,1
2025-05-18,Ninh_Binh,20.2506,105.9745,28.2,90,12.4,96,1006.6,1
2025-05-19,Ninh_Binh,20.2506,105.9745,27.3,92,12.0,100,1005.5,1
2025-05-20,Ninh_Binh,20.2506,105.9745,29.1,86,18.5,90,1003.6,1
2025-05-21,Ninh_Binh,20.2506,105.9745,29.5,83,16.5,96,1003.7,1
2025-05-22,Ninh_Binh,20.2506,105.9745,28.9,85,15.9,100,1002.9,1
2025-05-23,Ninh_Binh,20.2506,105.9745,27.5,91,14.0,100,1003.8,1
2025-05-24,Ninh_Binh,20.2506,105.9745,24.1,92,22.7,100,1008.8,1
2025-05-25,Ninh_Binh,20.2506,105.9745,23.8,76,22.1,98,1012.0,1
2025-05-26,Ninh_Binh,20.2506,105.9745,23.8,76,14.6,97,1012.3,1
2025-05-27,Ninh_Binh,20.2506,105.9745,24.9,90,12.7,97,1009.3,1
2025-05-28,Ninh_Binh,20.2506,105.9745,27.0,86,17.4,80,1006.2,1
2025-05-29,Ninh_Binh,20.2506,105.9745,27.3,89,9.9,98,1005.6,1
2025-05-30,Ninh_Binh,20.2506,105.9745,26.8,87,13.6,95,1005.6,1
2025-05-31,Ninh_Binh,20.2506,105.9745,29.4,82,16.9,82,1002.5,1
2025-06-01,Ninh_Binh,20.2506,105.9745,31.7,67,21.8,49,998.5,0
2025-06-02,Ninh_Binh,20.2506,105.9745,32.1,68,16.8,76,998.2,0
2025-06-03,Ninh_Binh,20.2506,105.9745,28.5,86,20.0,99,1002.3,1
2025-06-04,Ninh_Binh,20.2506,105.9745,28.2,86,10.9,94,1004.8,1
2025-06-05,Ninh_Binh,20.2506,105.9745,28.2,86,13.1,96,1005.5,1
2025-06-06,Ninh_Binh,20.2506,105.9745,29.7,83,16.5,38,1004.2,1
2025-06-07,Ninh_Binh,20.2506,105.9745,30.1,84,16.5,68,1003.1,1
2025-06-08,Ninh_Binh,20.2506,105.9745,29.2,87,18.6,91,1002.3,1
2025-06-09,Ninh_Binh,20.2506,105.9745,28.0,88,14.2,99,1002.4,1
2025-06-10,Ninh_Binh,20.2506,105.9745,28.1,83,21.3,70,1002.9,1
2025-06-11,Ninh_Binh,20.2506,105.9745,29.0,73,17.1,72,1002.3,1
2025-06-12,Ninh_Binh,20.2506,105.9745,28.9,75,22.9,100,1001.0,1
2025-06-13,Ninh_Binh,20.2506,105.9745,28.2,82,30.0,100,999.9,1
2025-06-14,Ninh_Binh,20.2506,105.9745,30.2,74,14.8,100,1000.0,1
2025-06-15,Ninh_Binh,20.2506,105.9745,30.1,77,16.2,69,1000.8,1
2025-06-16,Ninh_Binh,20.2506,105.9745,28.5,85,12.5,100,1002.9,1
2025-06-17,Ninh_Binh,20.2506,105.9745,30.1,83,13.7,99,1002.8,1
2025-06-18,Ninh_Binh,20.2506,105.9745,30.1,79,19.1,100,1002.3,1
2025-06-19,Ninh_Binh,20.2506,105.9745,30.6,74,19.3,100,1001.8,0
2025-06-20,Ninh_Binh,20.2506,105.9745,30.4,76,18.9,100,1001.9,0
2025-06-21,Ninh_Binh,20.2506,105.9745,28.8,84,16.9,99,1003.1,1
2025-06-22,Ninh_Binh,20.2506,105.9745,28.5,85,15.8,92,1004.1,1
2025-06-23,Ninh_Binh,20.2506,105.9745,28.9,82,14.9,82,1003.1,1
2025-06-24,Ninh_Binh,20.2506,105.9745,29.5,83,16.4,95,1003.3,1
2025-06-25,Ninh_Binh,20.2506,105.9745,28.5,83,14.8,67,1005.1,1
2025-06-26,Ninh_Binh,20.2506,105.9745,29.2,80,12.2,59,1003.9,1
2025-06-27,Ninh_Binh,20.2506,105.9745,28.4,87,11.8,100,1002.4,1
2025-06-28,Ninh_Binh,20.2506,105.9745,27.6,88,9.7,100,1001.7,1
2025-06-29,Ninh_Binh,20.2506,105.9745,28.6,85,10.8,99,999.7,1
2025-06-30,Ninh_Binh,20.2506,105.9745,29.3,82,12.6,99,999.9,1
2025-07-01,Ninh_Binh,20.2506,105.9745,27.6,85,12.5,99,1002.4,1
2025-07-02,Ninh_Binh,20.2506,105.9745,27.1,87,16.0,99,1004.6,1
2025-07-03,Ninh_Binh,20.2506,105.9745,26.9,89,13.6,100,1005.2,1
2025-07-04,Ninh_Binh,20.2506,105.9745,27.2,88,8.9,99,1004.0,1
2025-07-05,Ninh_Binh,20.2506,105.9745,28.6,82,9.8,88,1002.4,1
2025-07-06,Ninh_Binh,20.2506,105.9745,28.2,85,14.1,99,1002.2,1
2025-07-07,Ninh_Binh,20.2506,105.9745,28.3,87,10.0,96,1001.3,1
2025-07-08,Ninh_Binh,20.2506,105.9745,30.8,77,11.6,92,999.3,1
2025-07-09,Ninh_Binh,20.2506,105.9745,31.2,75,14.4,95,997.8,1
2025-07-10,Ninh_Binh,20.2506,105.9745,30.1,81,9.5,99,996.8,1
2025-07-11,Ninh_Binh,20.2506,105.9745,28.2,86,19.4,100,998.2,1
2025-07-12,Ninh_Binh,20.2506,105.9745,27.1,90,13.0,98,1002.3,1
2025-07-13,Ninh_Binh,20.2506,105.9745,28.1,86,10.4,100,1003.9,1
2025-07-14,Ninh_Binh,20.2506,105.9745,28.8,84,12.1,97,1002.5,1
2025-07-15,Ninh_Binh,20.2506,105.9745,29.9,81,11.0,83,1000.5,0
2025-07-16,Ninh_Binh,20.2506,105.9745,30.8,76,14.4,97,1000.5,1
2025-07-17,Ninh_Binh,20.2506,105.9745,30.7,73,13.6,55,1001.2,1
2025-07-18,Ninh_Binh,20.2506,105.9745,31.9,70,11.7,87,998.6,0
2025-07-19,Ninh_Binh,20.2506,105.9745,30.0,77,14.2,99,995.8,1
2025-07-20,Ninh_Binh,20.2506,105.9745,27.9,89,10.2,100,995.4,1
2025-07-21,Ninh_Binh,20.2506,105.9745,27.2,92,29.9,100,992.8,1
2025-07-22,Ninh_Binh,20.2506,105.9745,27.4,85,39.0,100,987.0,1
2025-07-23,Ninh_Binh,20.2506,105.9745,28.2,84,16.1,99,996.2,1
2025-07-24,Ninh_Binh,20.2506,105.9745,27.2,91,12.0,100,999.6,1
2025-07-25,Ninh_Binh,20.2506,105.9745,27.5,92,8.3,100,1000.2,1
2025-07-26,Ninh_Binh,20.2506,105.9745,27.7,91,16.0,81,1000.0,1
2025-07-27,Ninh_Binh,20.2506,105.9745,27.5,89,16.9,94,999.4,1
2025-07-28,Ninh_Binh,20.2506,105.9745,28.8,85,12.2,54,997.9,1
2025-07-29,Ninh_Binh,20.2506,105.9745,30.8,78,12.8,83,996.1,1
2025-07-30,Ninh_Binh,20.2506,105.9745,31.9,74,11.1,99,995.7,0
2025-07-31,Ninh_Binh,20.2506,105.9745,30.5,81,13.0,100,996.2,1
2025-08-01,Ninh_Binh,20.2506,105.9745,28.2,88,15.3,95,997.6,1
2025-08-02,Ninh_Binh,20.2506,105.9745,29.6,85,10.9,88,999.2,1
2025-08-03,Ninh_Binh,20.2506,105.9745,31.8,73,17.0,84,998.8,0
2025-08-04,Ninh_Binh,20.2506,105.9745,32.2,66,16.6,98,998.5,0
2025-08-05,Ninh_Binh,20.2506,105.9745,31.2,74,13.4,100,999.9,0
2025-08-06,Ninh_Binh,20.2506,105.9745,29.5,84,14.4,100,1001.7,1
2025-08-07,Ninh_Binh,20.2506,105.9745,29.6,78,14.0,95,1004.1,1
2025-08-08,Ninh_Binh,20.2506,105.9745,30.8,78,15.7,40,1004.7,0
2025-08-09,Ninh_Binh,20.2506,105.9745,31.3,76,13.8,65,1003.5,0
2025-08-10,Ninh_Binh,20.2506,105.9745,31.2,79,14.2,78,1002.8,0
2025-08-11,Ninh_Binh,20.2506,105.9745,30.1,82,15.9,84,1002.9,1
2025-08-12,Ninh_Binh,20.2506,105.9745,29.5,82,14.0,89,1003.7,1
2025-08-13,Ninh_Binh,20.2506,105.9745,28.6,84,15.6,93,1004.7,1
2025-08-14,Ninh_Binh,20.2506,105.9745,29.6,82,11.3,93,1002.8,1
2025-08-15,Ninh_Binh,20.2506,105.9745,26.9,89,15.8,98,1003.3,1
2025-08-16,Ninh_Binh,20.2506,105.9745,25.8,90,11.5,98,1005.9,1
2025-08-17,Ninh_Binh,20.2506,105.9745,26.1,92,19.1,100,1006.1,1
2025-08-18,Ninh_Binh,20.2506,105.9745,25.9,91,22.0,100,1004.4,1
2025-08-19,Ninh_Binh,20.2506,105.9745,26.3,92,13.2,100,1004.8,1
2025-08-20,Ninh_Binh,20.2506,105.9745,29.2,84,18.4,100,1005.1,1
2025-08-21,Ninh_Binh,20.2506,105.9745,28.6,87,18.6,100,1006.6,1
2025-08-22,Ninh_Binh,20.2506,105.9745,28.9,81,17.3,100,1006.5,1
2025-08-23,Ninh_Binh,20.2506,105.9745,27.8,86,9.8,72,1006.4,1
2025-08-24,Ninh_Binh,20.2506,105.9745,26.8,90,16.5,85,1005.1,1
2025-08-25,Ninh_Binh,20.2506,105.9745,25.2,92,36.7,100,1001.6,1
2025-08-26,Ninh_Binh,20.2506,105.9745,25.7,92,26.3,100,1004.7,1
2025-08-27,Ninh_Binh,20.2506,105.9745,25.7,91,12.0,99,1006.4,1
2025-08-28,Ninh_Binh,20.2506,105.9745,25.8,93,5.7,74,1006.2,1
2025-08-29,Ninh_Binh,20.2506,105.9745,26.4,90,16.2,92,1006.7,1
2025-08-30,Ninh_Binh,20.2506,105.9745,26.0,91,28.0,100,1005.6,1
2025-08-31,Ninh_Binh,20.2506,105.9745,26.2,92,14.0,100,1006.5,1
2025-09-01,Ninh_Binh,20.2506,105.9745,26.2,91,12.7,90,1005.7,1
2025-09-02,Ninh_Binh,20.2506,105.9745,27.2,89,10.4,74,1005.5,1
2025-09-03,Ninh_Binh,20.2506,105.9745,28.2,85,14.0,33,1005.8,1
2025-09-04,Ninh_Binh,20.2506,105.9745,28.6,83,12.0,21,1005.5,1
2025-09-05,Ninh_Binh,20.2506,105.9745,29.0,82,11.6,51,1005.6,0
2025-09-06,Ninh_Binh,20.2506,105.9745,28.6,86,15.0,59,1006.3,1
2025-09-07,Ninh_Binh,20.2506,105.9745,29.2,79,9.5,49,1004.7,0
2025-09-08,Ninh_Binh,20.2506,105.9745,29.9,76,13.5,94,1003.5,0
2025-09-09,Ninh_Binh,20.2506,105.9745,28.7,86,10.8,99,1004.7,1
2025-09-10,Ninh_Binh,20.2506,105.9745,28.4,85,11.5,99,1006.2,1
2025-09-11,Ninh_Binh,20.2506,105.9745,27.8,88,13.7,100,1007.1,1
2025-09-12,Ninh_Binh,20.2506,105.9745,27.5,89,16.9,86,1008.1,1
2025-09-13,Ninh_Binh,20.2506,105.9745,28.1,85,11.9,59,1008.7,1
2025-09-14,Ninh_Binh,20.2506,105.9745,27.6,86,9.6,84,1008.7,1
2025-09-15,Ninh_Binh,20.2506,105.9745,26.8,89,9.2,90,1009.2,1
2025-09-16,Ninh_Binh,20.2506,105.9745,27.4,85,10.1,72,1008.9,1
2025-09-17,Ninh_Binh,20.2506,105.9745,26.4,89,14.4,80,1007.6,1
2025-09-18,Ninh_Binh,20.2506,105.9745,25.9,93,12.1,100,1007.4,1
2025-09-19,Ninh_Binh,20.2506,105.9745,26.7,92,9.4,83,1007.2,1
2025-09-20,Ninh_Binh,20.2506,105.9745,28.6,82,11.1,51,1005.5,0
2025-09-21,Ninh_Binh,20.2506,105.9745,28.6,84,11.2,64,1004.7,1
2025-09-22,Ninh_Binh,20.2506,105.9745,26.9,89,10.3,83,1006.1,1
2025-09-23,Ninh_Binh,20.2506,105.9745,27.7,84,12.7,45,1004.2,1
2025-09-24,Ninh_Binh,20.2506,105.9745,28.8,72,26.3,81,1001.2,1
2025-09-25,Ninh_Binh,20.2506,105.9745,26.8,77,24.2,98,1001.8,1
2025-09-26,Ninh_Binh,20.2506,105.9745,25.9,88,15.8,99,1008.4,1
2025-09-27,Ninh_Binh,20.2506,105.9745,26.5,89,15.3,99,1010.3,1
2025-09-28,Ninh_Binh,20.2506,105.9745,25.5,91,30.6,93,1006.2,1
2025-09-29,Ninh_Binh,20.2506,105.9745,25.4,93,40.3,100,1003.4,1
2025-09-30,Ninh_Binh,20.2506,105.9745,25.7,93,16.1,100,1008.7,1
2025-10-01,Ninh_Binh,20.2506,105.9745,26.6,89,11.3,99,1010.2,1
2025-10-02,Ninh_Binh,20.2506,105.9745,27.5,83,10.8,46,1010.3,1
2025-10-03,Ninh_Binh,20.2506,105.9745,27.3,82,13.4,3,1009.9,0
2025-10-04,Ninh_Binh,20.2506,105.9745,27.8,86,10.5,35,1009.4,1
2025-10-05,Ninh_Binh,20.2506,105.9745,28.3,85,13.0,95,1005.3,1
2025-10-06,Ninh_Binh,20.2506,105.9745,25.7,93,16.9,100,1004.1,1
2025-10-07,Ninh_Binh,20.2506,105.9745,25.5,93,18.7,100,1010.0,1
2025-10-08,Ninh_Binh,20.2506,105.9745,26.1,88,10.7,72,1011.6,1
2025-10-09,Ninh_Binh,20.2506,105.9745,26.7,87,8.9,46,1010.9,1
2025-10-10,Ninh_Binh,20.2506,105.9745,27.4,84,10.1,20,1010.2,1
2025-10-11,Ninh_Binh,20.2506,105.9745,26.4,88,8.1,89,1009.7,1
2025-10-12,Ninh_Binh,20.2506,105.9745,27.2,87,10.2,60,1009.0,1
2025-10-13,Ninh_Binh,20.2506,105.9745,26.1,91,13.3,97,1009.6,1
2025-10-14,Ninh_Binh,20.2506,105.9745,25.3,92,14.9,100,1009.9,1
2025-10-15,Ninh_Binh,20.2506,105.9745,25.7,89,15.3,97,1010.7,1
2025-10-16,Ninh_Binh,20.2506,105.9745,26.5,85,13.7,64,1012.1,1
2025-10-17,Ninh_Binh,20.2506,105.9745,27.1,82,11.7,44,1012.3,1
2025-10-18,Ninh_Binh,20.2506,105.9745,27.2,82,11.8,22,1011.5,1
2025-10-19,Ninh_Binh,20.2506,105.9745,26.3,86,15.1,35,1011.2,1
2025-10-20,Ninh_Binh,20.2506,105.9745,26.1,73,20.2,12,1011.9,1
2025-10-21,Ninh_Binh,20.2506,105.9745,24.4,61,25.3,26,1014.1,0
2025-10-22,Ninh_Binh,20.2506,105.9745,22.3,57,27.6,100,1016.1,0
2025-10-23,Ninh_Binh,20.2506,105.9745,19.7,68,25.1,100,1017.7,1
2025-10-24,Ninh_Binh,20.2506,105.9745,20.1,76,18.4,98,1017.4,1
2025-10-25,Ninh_Binh,20.2506,105.9745,22.5,71,15.7,74,1015.6,0
2025-10-26,Ninh_Binh,20.2506,105.9745,23.8,71,16.6,75,1015.2,0
2025-10-27,Ninh_Binh,20.2506,105.9745,23.6,67,17.7,93,1015.7,0
2025-10-28,Ninh_Binh,20.2506,105.9745,23.8,70,17.5,97,1015.5,1
2025-10-29,Ninh_Binh,20.2506,105.9745,23.9,70,13.5,95,1014.3,0
2025-10-30,Ninh_Binh,20.2506,105.9745,23.9,84,17.9,100,1014.0,1
2025-10-31,Ninh_Binh,20.2506,105.9745,23.1,89,16.9,100,1014.7,1
2025-11-01,Ninh_Binh,20.2506,105.9745,21.4,85,21.4,100,1015.6,1
2025-11-02,Ninh_Binh,20.2506,105.9745,21.0,80,19.2,100,1016.1,1
2025-11-03,Ninh_Binh,20.2506,105.9745,19.6,81,22.7,100,1016.2,1
2025-11-04,Ninh_Binh,20.2506,105.9745,18.5,87,23.8,100,1015.8,1
2025-11-05,Ninh_Binh,20.2506,105.9745,20.8,81,14.2,100,1013.1,1
2025-11-06,Ninh_Binh,20.2506,105.9745,22.3,84,10.4,81,1011.5,1
2025-11-07,Ninh_Binh,20.2506,105.9745,23.2,91,18.5,100,1010.1,1
2025-11-08,Ninh_Binh,20.2506,105.9745,25.5,89,17.7,66,1011.2,1
2025-11-09,Ninh_Binh,20.2506,105.9745,24.9,92,12.4,77,1010.9,1
2025-11-10,Ninh_Binh,20.2506,105.9745,25.3,82,12.8,86,1009.6,1
2025-11-11,Ninh_Binh,20.2506,105.9745,23.3,78,13.1,99,1010.8,0
2025-11-12,Ninh_Binh,20.2506,105.9745,22.3,67,17.3,90,1013.9,0
2025-11-13,Ninh_Binh,20.2506,105.9745,22.1,65,18.6,45,1016.5,0
2025-11-14,Ninh_Binh,20.2506,105.9745,21.0,70,12.3,4,1016.5,0
2025-11-15,Ninh_Binh,20.2506,105.9745,21.6,73,14.4,16,1017.9,0
2025-11-16,Ninh_Binh,20.2506,105.9745,22.9,74,16.5,92,1018.3,1
2025-11-17,Ninh_Binh,20.2506,105.9745,22.9,85,13.6,91,1018.1,1
2025-11-18,Ninh_Binh,20.2506,105.9745,19.3,87,26.9,100,1021.6,1
2025-11-19,Ninh_Binh,20.2506,105.9745,14.5,71,26.3,90,1025.7,1
2025-11-20,Ninh_Binh,20.2506,105.9745,17.6,58,18.7,37,1023.4,0
2025-11-21,Ninh_Binh,20.2506,105.9745,18.9,56,20.8,12,1022.5,0
2025-11-22,Ninh_Binh,20.2506,105.9745,19.5,58,12.1,43,1019.9,0
2025-11-23,Ninh_Binh,20.2506,105.9745,20.2,67,11.4,2,1018.3,0
2025-11-24,Ninh_Binh,20.2506,105.9745,20.6,67,18.0,16,1018.5,0
2025-11-25,Ninh_Binh,20.2506,105.9745,19.9,57,24.2,41,1019.6,0
2025-11-26,Ninh_Binh,20.2506,105.9745,18.0,64,12.8,38,1019.0,0
2025-11-27,Ninh_Binh,20.2506,105.9745,18.6,50,29.4,59,1021.8,0
2025-11-28,Ninh_Binh,20.2506,105.9745,17.8,56,18.4,60,1017.7,0
2025-11-29,Ninh_Binh,20.2506,105.9745,17.7,68,7.3,15,1014.4,0
2025-11-30,Ninh_Binh,20.2506,105.9745,20.7,74,10.9,43,1012.6,0
2025-12-01,Ninh_Binh,20.2506,105.9745,21.7,84,15.9,66,1013.0,1
2025-12-02,Ninh_Binh,20.2506,105.9745,22.9,86,14.0,60,1012.3,1
2025-12-03,Ninh_Binh,20.2506,105.9745,21.6,86,16.3,98,1017.2,1
2025-12-04,Ninh_Binh,20.2506,105.9745,21.0,72,12.2,84,1018.2,1
2025-12-05,Ninh_Binh,20.2506,105.9745,20.6,80,13.3,92,1019.2,1
2025-12-06,Ninh_Binh,20.2506,105.9745,20.6,76,12.5,63,1017.8,1
2025-12-07,Ninh_Binh,20.2506,105.9745,20.9,86,13.2,55,1017.2,1
2025-12-08,Ninh_Binh,20.2506,105.9745,21.2,77,13.3,47,1018.7,1
2025-12-09,Ninh_Binh,20.2506,105.9745,20.3,77,15.0,51,1017.6,1
2025-12-10,Ninh_Binh,20.2506,105.9745,21.0,81,13.3,67,1016.5,0
2025-12-11,Ninh_Binh,20.2506,105.9745,21.3,81,13.4,99,1016.5,1
2025-12-12,Ninh_Binh,20.2506,105.9745,22.3,82,10.4,82,1014.3,1
2025-12-13,Ninh_Binh,20.2506,105.9745,20.6,94,25.1,100,1017.0,1
2025-12-14,Ninh_Binh,20.2506,105.9745,16.8,71,15.1,83,1021.1,1
2025-12-15,Ninh_Binh,20.2506,105.9745,18.6,71,10.4,67,1018.3,0
2025-12-16,Ninh_Binh,20.2506,105.9745,20.2,80,10.9,89,1016.9,0
2025-12-17,Ninh_Binh,20.2506,105.9745,20.5,85,16.7,75,1018.9,1
2025-12-18,Ninh_Binh,20.2506,105.9745,20.6,76,11.4,25,1017.5,0
2025-12-19,Ninh_Binh,20.2506,105.9745,20.1,84,16.1,22,1013.7,0
2025-12-20,Ninh_Binh,20.2506,105.9745,21.8,85,9.8,57,1014.2,1
2025-12-21,Ninh_Binh,20.2506,105.9745,21.5,84,16.5,41,1016.2,1
2025-12-22,Ninh_Binh,20.2506,105.9745,21.9,84,14.2,40,1014.2,1
2025-12-23,Ninh_Binh,20.2506,105.9745,22.5,86,16.4,49,1012.9,1
2025-12-24,Ninh_Binh,20.2506,105.9745,22.8,85,15.4,45,1012.0,1
2025-12-25,Ninh_Binh,20.2506,105.9745,18.1,68,26.4,97,1018.5,1
2025-12-26,Ninh_Binh,20.2506,105.9745,17.1,53,14.3,31,1019.4,0
2025-12-27,Ninh_Binh,20.2506,105.9745,16.6,68,12.3,40,1018.5,0
2025-12-28,Ninh_Binh,20.2506,105.9745,17.9,70,9.9,76,1017.4,0
2025-12-29,Ninh_Binh,20.2506,105.9745,19.8,77,12.3,63,1014.4,0
2025-12-30,Ninh_Binh,20.2506,105.9745,21.0,79,14.4,69,1013.4,1
2025-12-31,Ninh_Binh,20.2506,105.9745,21.1,84,17.0,82,1010.7,1
