date,destination,latitude,longitude,temp,humidity,wind_speed,cloud_cover,pressure,rain
2020-01-01,Ha_Tinh,18.355,105.8877,21.4,92,18.6,89,1021.4,1
2020-01-02,Ha_Tinh,18.355,105.8877,22.0,90,11.3,68,1021.3,1
2020-01-03,Ha_Tinh,18.355,105.8877,22.0,90,18.4,82,1019.4,1
2020-01-04,Ha_Tinh,18.355,105.8877,22.0,88,17.2,68,1017.5,1
2020-01-05,Ha_Tinh,18.355,105.8877,21.9,88,19.0,26,1016.6,1
2020-01-06,Ha_Tinh,18.355,105.8877,21.5,90,17.6,32,1015.7,1
2020-01-07,Ha_Tinh,18.355,105.8877,22.4,92,12.9,69,1015.3,1
2020-01-08,Ha_Tinh,18.355,105.8877,22.3,91,12.8,80,1015.9,1
2020-01-09,Ha_Tinh,18.355,105.8877,22.5,89,15.7,45,1014.5,1
2020-01-10,Ha_Tinh,18.355,105.8877,21.9,86,18.3,17,1012.9,0
2020-01-11,Ha_Tinh,18.355,105.8877,22.1,87,15.0,36,1012.7,1
2020-01-12,Ha_Tinh,18.355,105.8877,20.2,89,26.2,97,1015.4,1
2020-01-13,Ha_Tinh,18.355,105.8877,20.3,85,13.7,82,1014.3,0
2020-01-14,Ha_Tinh,18.355,105.8877,22.3,82,19.6,61,1013.9,1
2020-01-15,Ha_Tinh,18.355,105.8877,22.0,81,23.0,12,1013.1,0
2020-01-16,Ha_Tinh,18.355,105.8877,22.1,87,18.1,23,1013.8,0
2020-01-17,Ha_Tinh,18.355,105.8877,22.4,88,17.9,58,1016.7,1
2020-01-18,Ha_Tinh,18.355,105.8877,22.2,88,13.2,29,1015.8,1
2020-01-19,Ha_Tinh,18.355,105.8877,21.5,90,20.2,77,1017.2,1
2020-01-20,Ha_Tinh,18.355,105.8877,19.7,85,22.0,79,1018.4,1
2020-01-21,Ha_Tinh,18.355,105.8877,21.3,85,19.3,48,1017.9,0
2020-01-22,Ha_Tinh,18.355,105.8877,22.1,85,22.0,37,1015.3,0
2020-01-23,Ha_Tinh,18.355,105.8877,22.2,89,17.4,53,1013.3,1
2020-01-24,Ha_Tinh,18.355,105.8877,23.6,89,23.1,90,1012.5,1
2020-01-25,Ha_Tinh,18.355,105.8877,23.6,89,37.8,85,1010.9,1
2020-01-26,Ha_Tinh,18.355,105.8877,16.0,79,23.1,100,1017.1,1
2020-01-27,Ha_Tinh,18.355,105.8877,15.6,86,17.7,100,1015.5,1
2020-01-28,Ha_Tinh,18.355,105.8877,16.4,89,19.1,100,1016.8,1
2020-01-29,Ha_Tinh,18.355,105.8877,15.9,85,19.7,100,1020.3,1
2020-01-30,Ha_Tinh,18.355,105.8877,16.2,71,19.1,91,1020.7,1
2020-01-31,Ha_Tinh,18.355,105.8877,17.1,78,14.3,57,1018.9,0
2020-02-01,Ha_Tinh,18.355,105.8877,18.9,82,10.0,77,1017.5,0
2020-02-02,Ha_Tinh,18.355,105.8877,20.4,85,22.9,27,1017.4,0
2020-02-03,Ha_Tinh,18.355,105.8877,21.6,87,23.8,50,1015.7,1
2020-02-04,Ha_Tinh,18.355,105.8877,21.4,91,20.4,80,1016.0,1
2020-02-05,Ha_Tinh,18.355,105.8877,19.4,88,20.6,79,1016.3,1
2020-02-06,Ha_Tinh,18.355,105.8877,21.6,86,15.5,46,1014.8,0
2020-02-07,Ha_Tinh,18.355,105.8877,21.0,90,19.8,66,1016.9,1
2020-02-08,Ha_Tinh,18.355,105.8877,21.2,91,18.0,44,1019.5,1
2020-02-09,Ha_Tinh,18.355,105.8877,19.9,90,24.0,99,1021.9,1
2020-02-10,Ha_Tinh,18.355,105.8877,17.7,87,21.7,88,1020.1,1
2020-02-11,Ha_Tinh,18.355,105.8877,19.6,88,10.0,77,1017.2,0
2020-02-12,Ha_Tinh,18.355,105.8877,22.5,92,20.0,55,1014.1,1
2020-02-13,Ha_Tinh,18.355,105.8877,23.9,90,13.9,58,1010.2,1
2020-02-14,Ha_Tinh,18.355,105.8877,26.5,77,16.5,15,1006.9,1
2020-02-15,Ha_Tinh,18.355,105.8877,26.1,77,18.4,5,1007.8,0
2020-02-16,Ha_Tinh,18.355,105.8877,18.7,82,35.8,90,1019.8,1
2020-02-17,Ha_Tinh,18.355,105.8877,17.8,64,24.5,74,1024.9,1
2020-02-18,Ha_Tinh,18.355,105.8877,17.8,70,19.9,98,1023.3,1
2020-02-19,Ha_Tinh,18.355,105.8877,18.4,80,14.1,94,1021.0,0
2020-02-20,Ha_Tinh,18.355,105.8877,20.2,88,15.2,64,1020.5,1
2020-02-21,Ha_Tinh,18.355,105.8877,20.8,89,17.6,59,1023.1,1
2020-02-22,Ha_Tinh,18.355,105.8877,20.6,90,19.1,54,1023.8,1
2020-02-23,Ha_Tinh,18.355,105.8877,20.0,91,14.4,28,1021.7,1
2020-02-24,Ha_Tinh,18.355,105.8877,19.5,92,11.4,65,1017.8,1
2020-02-25,Ha_Tinh,18.355,105.8877,20.7,88,13.9,56,1015.8,1
2020-02-26,Ha_Tinh,18.355,105.8877,20.6,91,12.5,88,1016.5,1
2020-02-27,Ha_Tinh,18.355,105.8877,21.9,93,11.6,89,1015.9,1
2020-02-28,Ha_Tinh,18.355,105.8877,21.9,91,16.9,84,1014.4,1
2020-02-29,Ha_Tinh,18.355,105.8877,22.6,91,15.5,43,1012.3,0
2020-03-01,Ha_Tinh,18.355,105.8877,23.1,91,18.3,42,1011.9,0
2020-03-02,Ha_Tinh,18.355,105.8877,23.6,92,24.3,59,1012.3,1
2020-03-03,Ha_Tinh,18.355,105.8877,24.0,87,25.9,78,1012.5,1
2020-03-04,Ha_Tinh,18.355,105.8877,22.5,93,20.0,93,1013.7,1
2020-03-05,Ha_Tinh,18.355,105.8877,19.3,91,18.0,100,1016.6,1
2020-03-06,Ha_Tinh,18.355,105.8877,19.3,90,13.5,91,1014.2,1
2020-03-07,Ha_Tinh,18.355,105.8877,21.6,91,11.6,60,1010.2,0
2020-03-08,Ha_Tinh,18.355,105.8877,26.4,77,16.6,7,1005.4,0
2020-03-09,Ha_Tinh,18.355,105.8877,27.1,72,13.9,2,1003.6,0
2020-03-10,Ha_Tinh,18.355,105.8877,22.4,87,20.0,80,1011.5,1
2020-03-11,Ha_Tinh,18.355,105.8877,21.5,87,13.1,87,1014.1,1
2020-03-12,Ha_Tinh,18.355,105.8877,22.7,92,13.6,39,1011.2,0
2020-03-13,Ha_Tinh,18.355,105.8877,23.9,93,16.4,51,1010.9,0
2020-03-14,Ha_Tinh,18.355,105.8877,23.2,91,22.7,99,1015.2,1
2020-03-15,Ha_Tinh,18.355,105.8877,21.8,88,15.2,99,1016.0,1
2020-03-16,Ha_Tinh,18.355,105.8877,22.4,91,12.0,94,1014.3,0
2020-03-17,Ha_Tinh,18.355,105.8877,24.7,90,20.3,85,1013.5,0
2020-03-18,Ha_Tinh,18.355,105.8877,24.7,90,20.2,60,1011.5,1
2020-03-19,Ha_Tinh,18.355,105.8877,23.8,93,22.9,83,1011.3,1
2020-03-20,Ha_Tinh,18.355,105.8877,22.4,89,13.5,99,1012.6,1
2020-03-21,Ha_Tinh,18.355,105.8877,24.4,92,10.7,71,1010.9,1
2020-03-22,Ha_Tinh,18.355,105.8877,24.9,90,13.3,30,1010.3,0
2020-03-23,Ha_Tinh,18.355,105.8877,24.3,91,17.7,31,1011.1,0
2020-03-24,Ha_Tinh,18.355,105.8877,24.1,91,20.2,40,1010.8,1
2020-03-25,Ha_Tinh,18.355,105.8877,25.3,88,19.7,52,1009.0,1
2020-03-26,Ha_Tinh,18.355,105.8877,25.7,88,17.3,14,1008.3,0
2020-03-27,Ha_Tinh,18.355,105.8877,26.4,87,18.5,40,1007.5,0
2020-03-28,Ha_Tinh,18.355,105.8877,25.2,92,17.9,56,1008.6,0
2020-03-29,Ha_Tinh,18.355,105.8877,26.8,87,19.9,23,1007.0,1
2020-03-30,Ha_Tinh,18.355,105.8877,26.1,90,14.6,9,1006.6,0
2020-03-31,Ha_Tinh,18.355,105.8877,25.0,91,22.3,80,1009.3,1
2020-04-01,Ha_Tinh,18.355,105.8877,23.9,89,14.4,97,1011.3,1
2020-04-02,Ha_Tinh,18.355,105.8877,24.8,88,18.0,78,1011.3,1
2020-04-03,Ha_Tinh,18.355,105.8877,25.6,90,18.5,54,1011.5,1
2020-04-04,Ha_Tinh,18.355,105.8877,25.1,92,22.4,78,1013.1,1
2020-04-05,Ha_Tinh,18.355,105.8877,21.8,87,20.4,98,1015.9,1
2020-04-06,Ha_Tinh,18.355,105.8877,20.8,85,18.4,100,1014.9,1
2020-04-07,Ha_Tinh,18.355,105.8877,20.9,89,19.4,98,1014.0,1
2020-04-08,Ha_Tinh,18.355,105.8877,21.6,86,13.7,81,1014.5,1
2020-04-09,Ha_Tinh,18.355,105.8877,22.7,87,16.6,70,1015.4,1
2020-04-10,Ha_Tinh,18.355,105.8877,23.2,90,13.8,74,1014.1,0
2020-04-11,Ha_Tinh,18.355,105.8877,24.9,91,13.8,55,1012.2,0
2020-04-12,Ha_Tinh,18.355,105.8877,21.7,87,31.8,96,1016.1,1
2020-04-13,Ha_Tinh,18.355,105.8877,20.2,72,20.4,91,1018.4,1
2020-04-14,Ha_Tinh,18.355,105.8877,19.6,81,14.8,98,1016.5,1
2020-04-15,Ha_Tinh,18.355,105.8877,21.2,89,14.8,69,1013.5,0
2020-04-16,Ha_Tinh,18.355,105.8877,24.5,87,17.7,87,1010.2,0
2020-04-17,Ha_Tinh,18.355,105.8877,25.0,89,14.2,96,1010.1,1
2020-04-18,Ha_Tinh,18.355,105.8877,25.4,89,17.0,84,1009.9,0
2020-04-19,Ha_Tinh,18.355,105.8877,26.3,86,12.4,31,1008.1,0
2020-04-20,Ha_Tinh,18.355,105.8877,26.0,92,11.5,47,1008.7,0
2020-04-21,Ha_Tinh,18.355,105.8877,27.3,88,17.2,65,1007.5,0
2020-04-22,Ha_Tinh,18.355,105.8877,25.6,92,19.6,74,1009.4,1
2020-04-23,Ha_Tinh,18.355,105.8877,24.7,91,26.8,99,1012.8,1
2020-04-24,Ha_Tinh,18.355,105.8877,21.1,88,24.9,100,1017.3,1
2020-04-25,Ha_Tinh,18.355,105.8877,19.5,83,19.5,100,1017.6,1
2020-04-26,Ha_Tinh,18.355,105.8877,20.9,83,19.4,95,1018.3,1
2020-04-27,Ha_Tinh,18.355,105.8877,21.8,75,14.9,71,1017.8,0
2020-04-28,Ha_Tinh,18.355,105.8877,23.1,75,12.7,53,1015.9,0
2020-04-29,Ha_Tinh,18.355,105.8877,22.9,88,13.7,68,1014.4,1
2020-04-30,Ha_Tinh,18.355,105.8877,23.5,90,11.6,69,1013.5,0
2020-05-01,Ha_Tinh,18.355,105.8877,24.6,91,15.3,61,1010.5,0
2020-05-02,Ha_Tinh,18.355,105.8877,25.6,89,15.4,50,1008.1,0
2020-05-03,Ha_Tinh,18.355,105.8877,26.5,90,15.4,48,1007.3,0
2020-05-04,Ha_Tinh,18.355,105.8877,28.1,89,13.0,74,1007.4,1
2020-05-05,Ha_Tinh,18.355,105.8877,28.6,83,16.3,46,1005.8,0
2020-05-06,Ha_Tinh,18.355,105.8877,29.4,83,17.7,37,1004.3,0
2020-05-07,Ha_Tinh,18.355,105.8877,31.1,77,18.8,57,1003.4,0
2020-05-08,Ha_Tinh,18.355,105.8877,30.1,83,13.4,70,1003.6,0
2020-05-09,Ha_Tinh,18.355,105.8877,30.3,81,17.3,57,1005.2,0
2020-05-10,Ha_Tinh,18.355,105.8877,30.2,81,17.5,47,1005.8,0
2020-05-11,Ha_Tinh,18.355,105.8877,29.6,85,17.9,44,1006.9,0
2020-05-12,Ha_Tinh,18.355,105.8877,27.6,92,10.5,85,1009.2,1
2020-05-13,Ha_Tinh,18.355,105.8877,27.9,86,17.7,54,1008.9,0
2020-05-14,Ha_Tinh,18.355,105.8877,28.5,83,14.9,49,1007.5,0
2020-05-15,Ha_Tinh,18.355,105.8877,29.7,82,17.1,23,1004.0,0
2020-05-16,Ha_Tinh,18.355,105.8877,30.2,79,15.6,25,1003.6,0
2020-05-17,Ha_Tinh,18.355,105.8877,29.9,81,16.5,49,1002.6,1
2020-05-18,Ha_Tinh,18.355,105.8877,28.8,83,17.3,44,1002.5,0
2020-05-19,Ha_Tinh,18.355,105.8877,30.0,77,14.3,56,1002.7,0
2020-05-20,Ha_Tinh,18.355,105.8877,32.4,64,20.5,82,1002.3,0
2020-05-21,Ha_Tinh,18.355,105.8877,33.4,61,10.4,94,1001.6,0
2020-05-22,Ha_Tinh,18.355,105.8877,31.8,70,20.0,97,1002.6,1
2020-05-23,Ha_Tinh,18.355,105.8877,28.9,89,19.1,100,1005.5,1
2020-05-24,Ha_Tinh,18.355,105.8877,29.4,83,16.5,87,1006.0,1
2020-05-25,Ha_Tinh,18.355,105.8877,31.4,68,19.4,69,1005.8,0
2020-05-26,Ha_Tinh,18.355,105.8877,30.1,78,16.1,63,1006.7,1
2020-05-27,Ha_Tinh,18.355,105.8877,27.6,86,18.1,93,1009.0,1
2020-05-28,Ha_Tinh,18.355,105.8877,27.2,88,9.9,82,1008.8,1
2020-05-29,Ha_Tinh,18.355,105.8877,28.6,81,11.1,79,1007.1,1
2020-05-30,Ha_Tinh,18.355,105.8877,29.7,72,15.1,68,1007.8,1
2020-05-31,Ha_Tinh,18.355,105.8877,30.0,70,17.2,46,1008.0,0
2020-06-01,Ha_Tinh,18.355,105.8877,31.2,65,19.0,70,1006.8,0
2020-06-02,Ha_Tinh,18.355,105.8877,31.5,63,22.6,54,1005.4,1
2020-06-03,Ha_Tinh,18.355,105.8877,31.3,62,16.6,29,1004.4,0
2020-06-04,Ha_Tinh,18.355,105.8877,31.8,59,21.9,74,1004.0,0
2020-06-05,Ha_Tinh,18.355,105.8877,32.5,58,22.4,81,1003.7,0
2020-06-06,Ha_Tinh,18.355,105.8877,33.8,51,26.3,86,1003.4,0
2020-06-07,Ha_Tinh,18.355,105.8877,33.3,54,23.5,73,1002.2,0
2020-06-08,Ha_Tinh,18.355,105.8877,33.6,52,21.6,85,1002.4,0
2020-06-09,Ha_Tinh,18.355,105.8877,32.8,57,18.8,95,1003.9,0
2020-06-10,Ha_Tinh,18.355,105.8877,32.5,59,17.1,79,1004.8,1
2020-06-11,Ha_Tinh,18.355,105.8877,32.3,61,21.1,88,1003.7,1
2020-06-12,Ha_Tinh,18.355,105.8877,32.1,62,20.5,50,1001.9,0
2020-06-13,Ha_Tinh,18.355,105.8877,32.5,63,20.4,22,1000.9,1
2020-06-14,Ha_Tinh,18.355,105.8877,31.4,68,17.1,96,1003.2,1
2020-06-15,Ha_Tinh,18.355,105.8877,30.6,67,18.7,95,1005.6,1
2020-06-16,Ha_Tinh,18.355,105.8877,31.1,61,22.4,88,1004.8,0
2020-06-17,Ha_Tinh,18.355,105.8877,31.3,58,20.6,38,1003.6,0
2020-06-18,Ha_Tinh,18.355,105.8877,31.5,58,16.3,27,1003.7,1
2020-06-19,Ha_Tinh,18.355,105.8877,30.6,66,18.0,31,1004.8,1
2020-06-20,Ha_Tinh,18.355,105.8877,31.7,63,26.5,34,1004.5,1
2020-06-21,Ha_Tinh,18.355,105.8877,33.4,58,21.0,20,1002.5,0
2020-06-22,Ha_Tinh,18.355,105.8877,33.2,57,21.7,42,1002.2,0
2020-06-23,Ha_Tinh,18.355,105.8877,33.3,57,21.5,57,1003.6,0
2020-06-24,Ha_Tinh,18.355,105.8877,34.1,55,22.4,85,1002.8,1
2020-06-25,Ha_Tinh,18.355,105.8877,33.8,55,18.1,100,1002.1,0
2020-06-26,Ha_Tinh,18.355,105.8877,34.2,52,24.1,95,1002.8,0
2020-06-27,Ha_Tinh,18.355,105.8877,33.8,52,18.9,54,1003.5,1
2020-06-28,Ha_Tinh,18.355,105.8877,32.6,60,22.3,23,1003.4,0
2020-06-29,Ha_Tinh,18.355,105.8877,32.7,59,17.6,39,1002.7,0
2020-06-30,Ha_Tinh,18.355,105.8877,33.4,53,18.4,90,1001.7,1
2020-07-01,Ha_Tinh,18.355,105.8877,32.6,58,19.6,93,1001.0,0
2020-07-02,Ha_Tinh,18.355,105.8877,31.7,66,16.3,92,1001.0,1
2020-07-03,Ha_Tinh,18.355,105.8877,30.8,69,16.6,97,1003.5,1
2020-07-04,Ha_Tinh,18.355,105.8877,30.8,67,13.8,90,1004.7,1
2020-07-05,Ha_Tinh,18.355,105.8877,30.9,67,21.3,54,1003.6,0
2020-07-06,Ha_Tinh,18.355,105.8877,31.5,66,23.5,42,1003.2,1
2020-07-07,Ha_Tinh,18.355,105.8877,32.9,59,17.0,57,1005.2,1
2020-07-08,Ha_Tinh,18.355,105.8877,33.4,55,27.5,78,1004.5,0
2020-07-09,Ha_Tinh,18.355,105.8877,33.8,53,23.3,99,1001.6,0
2020-07-10,Ha_Tinh,18.355,105.8877,34.8,49,26.4,96,1001.5,0
2020-07-11,Ha_Tinh,18.355,105.8877,33.9,51,19.3,99,1002.6,1
2020-07-12,Ha_Tinh,18.355,105.8877,33.1,54,20.5,69,1002.8,1
2020-07-13,Ha_Tinh,18.355,105.8877,32.1,62,17.7,15,1004.5,1
2020-07-14,Ha_Tinh,18.355,105.8877,31.7,64,17.0,33,1005.4,0
2020-07-15,Ha_Tinh,18.355,105.8877,32.1,63,19.9,41,1004.2,0
2020-07-16,Ha_Tinh,18.355,105.8877,32.6,60,23.7,25,1003.4,1
2020-07-17,Ha_Tinh,18.355,105.8877,33.1,55,24.2,42,1004.3,0
2020-07-18,Ha_Tinh,18.355,105.8877,33.0,58,21.2,92,1004.5,0
2020-07-19,Ha_Tinh,18.355,105.8877,33.5,56,22.7,88,1003.3,0
2020-07-20,Ha_Tinh,18.355,105.8877,32.2,62,19.8,98,1004.7,1
2020-07-21,Ha_Tinh,18.355,105.8877,31.4,67,26.8,54,1006.5,1
2020-07-22,Ha_Tinh,18.355,105.8877,30.5,71,20.3,25,1006.5,1
2020-07-23,Ha_Tinh,18.355,105.8877,30.7,69,17.5,14,1006.5,0
2020-07-24,Ha_Tinh,18.355,105.8877,30.9,69,20.0,27,1006.4,1
2020-07-25,Ha_Tinh,18.355,105.8877,31.4,66,19.4,36,1005.7,1
2020-07-26,Ha_Tinh,18.355,105.8877,32.2,63,23.5,63,1004.4,0
2020-07-27,Ha_Tinh,18.355,105.8877,32.5,62,19.1,95,1003.4,0
2020-07-28,Ha_Tinh,18.355,105.8877,31.3,66,14.9,82,1004.8,1
2020-07-29,Ha_Tinh,18.355,105.8877,31.5,65,16.6,58,1004.9,1
2020-07-30,Ha_Tinh,18.355,105.8877,30.6,72,17.9,54,1004.4,0
2020-07-31,Ha_Tinh,18.355,105.8877,30.0,77,18.6,92,1002.4,1
2020-08-01,Ha_Tinh,18.355,105.8877,26.8,86,32.5,100,997.6,1
2020-08-02,Ha_Tinh,18.355,105.8877,27.2,85,21.0,100,995.0,1
2020-08-03,Ha_Tinh,18.355,105.8877,29.0,77,20.5,100,998.3,1
2020-08-04,Ha_Tinh,18.355,105.8877,28.8,80,11.9,100,1000.4,1
2020-08-05,Ha_Tinh,18.355,105.8877,29.3,80,12.4,98,1002.6,1
2020-08-06,Ha_Tinh,18.355,105.8877,29.2,81,13.6,96,1004.9,0
2020-08-07,Ha_Tinh,18.355,105.8877,29.3,82,19.4,61,1004.9,1
2020-08-08,Ha_Tinh,18.355,105.8877,29.1,85,10.2,19,1003.9,1
2020-08-09,Ha_Tinh,18.355,105.8877,29.7,80,12.9,53,1002.3,0
2020-08-10,Ha_Tinh,18.355,105.8877,30.9,73,15.6,74,1001.7,1
2020-08-11,Ha_Tinh,18.355,105.8877,30.9,72,16.1,89,1002.1,1
2020-08-12,Ha_Tinh,18.355,105.8877,30.6,73,14.5,79,1003.9,1
2020-08-13,Ha_Tinh,18.355,105.8877,29.7,72,15.6,94,1005.0,1
2020-08-14,Ha_Tinh,18.355,105.8877,28.1,78,13.5,99,1005.7,1
2020-08-15,Ha_Tinh,18.355,105.8877,28.1,76,15.2,95,1005.4,1
2020-08-16,Ha_Tinh,18.355,105.8877,28.0,77,10.9,98,1004.6,1
2020-08-17,Ha_Tinh,18.355,105.8877,26.8,85,12.2,97,1004.6,1
2020-08-18,Ha_Tinh,18.355,105.8877,27.4,84,12.7,97,1004.4,1
2020-08-19,Ha_Tinh,18.355,105.8877,27.4,87,10.0,92,1004.3,1
2020-08-20,Ha_Tinh,18.355,105.8877,26.9,90,11.6,96,1005.9,1
2020-08-21,Ha_Tinh,18.355,105.8877,27.2,90,8.0,84,1007.3,1
2020-08-22,Ha_Tinh,18.355,105.8877,27.3,90,9.0,81,1007.2,1
2020-08-23,Ha_Tinh,18.355,105.8877,28.4,83,16.3,79,1006.0,1
2020-08-24,Ha_Tinh,18.355,105.8877,29.9,71,19.2,88,1004.6,1
2020-08-25,Ha_Tinh,18.355,105.8877,30.4,73,6.3,57,1003.4,0
2020-08-26,Ha_Tinh,18.355,105.8877,30.6,73,12.2,78,1002.1,1
2020-08-27,Ha_Tinh,18.355,105.8877,30.6,72,16.9,73,1000.8,1
2020-08-28,Ha_Tinh,18.355,105.8877,31.1,71,14.0,70,1001.3,0
2020-08-29,Ha_Tinh,18.355,105.8877,30.4,73,11.1,45,1003.2,0
2020-08-30,Ha_Tinh,18.355,105.8877,29.9,76,13.6,47,1004.2,1
2020-08-31,Ha_Tinh,18.355,105.8877,29.6,77,15.1,41,1006.1,0
2020-09-01,Ha_Tinh,18.355,105.8877,29.9,75,14.8,32,1006.5,1
2020-09-02,Ha_Tinh,18.355,105.8877,30.1,75,13.7,51,1006.6,0
2020-09-03,Ha_Tinh,18.355,105.8877,30.2,75,15.1,65,1007.4,0
2020-09-04,Ha_Tinh,18.355,105.8877,30.1,76,16.2,69,1007.2,1
2020-09-05,Ha_Tinh,18.355,105.8877,31.5,67,14.5,54,1004.9,1
2020-09-06,Ha_Tinh,18.355,105.8877,32.3,60,14.0,79,1003.2,1
2020-09-07,Ha_Tinh,18.355,105.8877,31.4,66,15.2,99,1004.1,1
2020-09-08,Ha_Tinh,18.355,105.8877,28.4,85,11.9,100,1007.7,1
2020-09-09,Ha_Tinh,18.355,105.8877,28.8,85,11.6,91,1007.8,1
2020-09-10,Ha_Tinh,18.355,105.8877,30.0,75,15.5,72,1004.8,0
2020-09-11,Ha_Tinh,18.355,105.8877,30.8,70,15.5,77,1005.4,0
2020-09-12,Ha_Tinh,18.355,105.8877,31.1,70,14.2,93,1008.0,1
2020-09-13,Ha_Tinh,18.355,105.8877,29.7,79,15.9,96,1009.0,1
2020-09-14,Ha_Tinh,18.355,105.8877,29.4,78,15.1,90,1008.0,1
2020-09-15,Ha_Tinh,18.355,105.8877,30.7,70,17.3,58,1006.8,1
2020-09-16,Ha_Tinh,18.355,105.8877,30.9,67,17.6,60,1005.2,0
2020-09-17,Ha_Tinh,18.355,105.8877,30.0,75,14.1,90,1003.9,1
2020-09-18,Ha_Tinh,18.355,105.8877,26.8,91,42.1,100,1001.4,1
2020-09-19,Ha_Tinh,18.355,105.8877,26.6,86,21.4,99,1005.1,1
2020-09-20,Ha_Tinh,18.355,105.8877,26.2,89,10.6,100,1008.4,1
2020-09-21,Ha_Tinh,18.355,105.8877,28.5,82,17.1,88,1008.1,1
2020-09-22,Ha_Tinh,18.355,105.8877,29.3,81,12.9,88,1007.5,1
2020-09-23,Ha_Tinh,18.355,105.8877,29.0,84,12.6,93,1007.7,1
2020-09-24,Ha_Tinh,18.355,105.8877,28.3,85,11.6,71,1009.3,1
2020-09-25,Ha_Tinh,18.355,105.8877,28.8,84,11.7,83,1007.4,1
2020-09-26,Ha_Tinh,18.355,105.8877,29.6,78,13.0,78,1005.9,0
2020-09-27,Ha_Tinh,18.355,105.8877,29.0,81,19.2,97,1006.8,1
2020-09-28,Ha_Tinh,18.355,105.8877,27.3,87,11.8,96,1007.4,1
2020-09-29,Ha_Tinh,18.355,105.8877,27.5,89,10.4,97,1006.7,1
2020-09-30,Ha_Tinh,18.355,105.8877,28.5,81,10.8,75,1005.2,1
2020-10-01,Ha_Tinh,18.355,105.8877,28.3,84,15.9,86,1005.8,1
2020-10-02,Ha_Tinh,18.355,105.8877,27.5,88,12.6,86,1007.2,1
2020-10-03,Ha_Tinh,18.355,105.8877,27.3,88,13.5,97,1008.3,1
2020-10-04,Ha_Tinh,18.355,105.8877,27.4,89,10.5,90,1008.5,1
2020-10-05,Ha_Tinh,18.355,105.8877,27.3,89,15.1,44,1008.9,1
2020-10-06,Ha_Tinh,18.355,105.8877,26.7,89,20.6,74,1010.3,1
2020-10-07,Ha_Tinh,18.355,105.8877,25.6,90,35.3,99,1011.0,1
2020-10-08,Ha_Tinh,18.355,105.8877,25.3,87,37.8,100,1011.0,1
2020-10-09,Ha_Tinh,18.355,105.8877,24.8,84,40.7,100,1012.2,1
2020-10-10,Ha_Tinh,18.355,105.8877,24.2,82,30.3,97,1012.0,1
2020-10-11,Ha_Tinh,18.355,105.8877,24.0,77,26.0,100,1009.8,1
2020-10-12,Ha_Tinh,18.355,105.8877,23.2,88,25.3,100,1007.9,1
2020-10-13,Ha_Tinh,18.355,105.8877,24.7,83,22.3,100,1007.1,1
2020-10-14,Ha_Tinh,18.355,105.8877,24.6,83,19.7,90,1005.3,1
2020-10-15,Ha_Tinh,18.355,105.8877,24.8,88,22.2,99,1007.6,1
2020-10-16,Ha_Tinh,18.355,105.8877,25.6,91,41.4,100,1008.5,1
2020-10-17,Ha_Tinh,18.355,105.8877,23.5,86,44.5,100,1010.0,1
2020-10-18,Ha_Tinh,18.355,105.8877,22.4,91,42.4,100,1010.5,1
2020-10-19,Ha_Tinh,18.355,105.8877,20.6,90,30.7,100,1012.5,1
2020-10-20,Ha_Tinh,18.355,105.8877,20.5,90,26.5,100,1014.4,1
2020-10-21,Ha_Tinh,18.355,105.8877,21.8,75,24.8,92,1015.2,1
2020-10-22,Ha_Tinh,18.355,105.8877,22.9,63,25.8,82,1013.2,0
2020-10-23,Ha_Tinh,18.355,105.8877,22.7,65,19.9,85,1013.2,0
2020-10-24,Ha_Tinh,18.355,105.8877,22.4,67,17.6,89,1013.2,0
2020-10-25,Ha_Tinh,18.355,105.8877,21.8,74,24.1,100,1011.6,1
2020-10-26,Ha_Tinh,18.355,105.8877,24.5,87,27.7,81,1010.6,1
2020-10-27,Ha_Tinh,18.355,105.8877,24.4,86,20.6,100,1011.3,1
2020-10-28,Ha_Tinh,18.355,105.8877,24.1,87,48.0,100,1008.5,1
2020-10-29,Ha_Tinh,18.355,105.8877,25.3,91,49.1,97,1008.9,1
2020-10-30,Ha_Tinh,18.355,105.8877,24.0,93,25.2,99,1014.1,1
2020-10-31,Ha_Tinh,18.355,105.8877,23.8,89,20.2,86,1015.0,1
2020-11-01,Ha_Tinh,18.355,105.8877,24.5,87,19.1,52,1014.9,1
2020-11-02,Ha_Tinh,18.355,105.8877,24.5,86,19.3,62,1015.3,1
2020-11-03,Ha_Tinh,18.355,105.8877,22.7,84,23.9,94,1017.0,1
2020-11-04,Ha_Tinh,18.355,105.8877,21.6,89,19.1,100,1016.3,1
2020-11-05,Ha_Tinh,18.355,105.8877,22.6,84,15.6,98,1015.7,1
2020-11-06,Ha_Tinh,18.355,105.8877,22.9,89,23.5,89,1016.5,1
2020-11-07,Ha_Tinh,18.355,105.8877,23.3,83,25.2,77,1017.7,1
2020-11-08,Ha_Tinh,18.355,105.8877,23.5,75,24.2,34,1018.0,1
2020-11-09,Ha_Tinh,18.355,105.8877,23.3,72,26.3,47,1017.4,1
2020-11-10,Ha_Tinh,18.355,105.8877,22.8,68,24.0,92,1017.5,1
2020-11-11,Ha_Tinh,18.355,105.8877,20.3,81,22.0,99,1019.2,1
2020-11-12,Ha_Tinh,18.355,105.8877,21.5,72,21.3,48,1018.8,0
2020-11-13,Ha_Tinh,18.355,105.8877,21.8,71,19.1,8,1016.6,0
2020-11-14,Ha_Tinh,18.355,105.8877,21.5,71,24.1,73,1015.7,1
2020-11-15,Ha_Tinh,18.355,105.8877,20.7,90,43.0,99,1012.6,1
2020-11-16,Ha_Tinh,18.355,105.8877,22.1,90,13.9,98,1014.8,1
2020-11-17,Ha_Tinh,18.355,105.8877,23.3,91,9.5,68,1012.7,1
2020-11-18,Ha_Tinh,18.355,105.8877,23.8,91,13.6,22,1011.2,0
2020-11-19,Ha_Tinh,18.355,105.8877,24.3,92,13.8,36,1010.4,1
2020-11-20,Ha_Tinh,18.355,105.8877,24.1,91,13.4,24,1011.2,1
2020-11-21,Ha_Tinh,18.355,105.8877,23.9,91,13.8,30,1011.8,0
2020-11-22,Ha_Tinh,18.355,105.8877,24.1,90,13.3,27,1014.5,1
2020-11-23,Ha_Tinh,18.355,105.8877,24.4,91,11.9,30,1015.8,1
2020-11-24,Ha_Tinh,18.355,105.8877,24.4,89,14.8,49,1016.0,1
2020-11-25,Ha_Tinh,18.355,105.8877,24.0,89,13.0,43,1015.9,1
2020-11-26,Ha_Tinh,18.355,105.8877,23.9,89,18.7,49,1017.0,1
2020-11-27,Ha_Tinh,18.355,105.8877,23.8,86,28.9,53,1018.3,1
2020-11-28,Ha_Tinh,18.355,105.8877,22.0,83,27.3,78,1020.1,1
2020-11-29,Ha_Tinh,18.355,105.8877,20.0,84,25.6,100,1020.9,1
2020-11-30,Ha_Tinh,18.355,105.8877,19.3,84,25.2,99,1021.5,1
2020-12-01,Ha_Tinh,18.355,105.8877,19.0,88,20.3,100,1020.7,1
2020-12-02,Ha_Tinh,18.355,105.8877,18.8,89,20.5,100,1019.4,1
2020-12-03,Ha_Tinh,18.355,105.8877,20.7,78,27.1,89,1019.7,1
2020-12-04,Ha_Tinh,18.355,105.8877,19.6,70,31.4,82,1020.3,1
2020-12-05,Ha_Tinh,18.355,105.8877,17.6,83,17.1,99,1021.1,1
2020-12-06,Ha_Tinh,18.355,105.8877,17.6,81,15.8,97,1019.8,1
2020-12-07,Ha_Tinh,18.355,105.8877,18.9,83,18.6,99,1020.3,1
2020-12-08,Ha_Tinh,18.355,105.8877,19.0,80,22.0,83,1020.2,1
2020-12-09,Ha_Tinh,18.355,105.8877,18.1,80,11.6,70,1017.0,0
2020-12-10,Ha_Tinh,18.355,105.8877,18.8,87,18.3,80,1016.3,1
2020-12-11,Ha_Tinh,18.355,105.8877,20.1,85,11.6,78,1014.9,0
2020-12-12,Ha_Tinh,18.355,105.8877,20.8,90,12.5,92,1013.4,1
2020-12-13,Ha_Tinh,18.355,105.8877,21.8,93,16.4,55,1010.7,0
2020-12-14,Ha_Tinh,18.355,105.8877,23.2,93,27.6,86,1013.4,1
2020-12-15,Ha_Tinh,18.355,105.8877,19.3,90,26.1,100,1019.1,1
2020-12-16,Ha_Tinh,18.355,105.8877,16.7,90,20.5,100,1021.8,1
2020-12-17,Ha_Tinh,18.355,105.8877,15.2,88,20.1,100,1020.8,1
2020-12-18,Ha_Tinh,18.355,105.8877,15.1,86,22.7,100,1021.6,1
2020-12-19,Ha_Tinh,18.355,105.8877,13.9,79,21.8,100,1024.1,1
2020-12-20,Ha_Tinh,18.355,105.8877,14.5,70,23.1,97,1024.9,1
2020-12-21,Ha_Tinh,18.355,105.8877,15.1,63,22.6,77,1022.9,1
2020-12-22,Ha_Tinh,18.355,105.8877,16.0,63,18.0,85,1019.5,0
2020-12-23,Ha_Tinh,18.355,105.8877,17.5,74,14.7,100,1016.7,1
2020-12-24,Ha_Tinh,18.355,105.8877,17.8,86,18.1,100,1016.9,1
2020-12-25,Ha_Tinh,18.355,105.8877,18.7,83,13.1,97,1017.1,1
2020-12-26,Ha_Tinh,18.355,105.8877,19.2,85,10.4,75,1015.2,0
2020-12-27,Ha_Tinh,18.355,105.8877,20.7,91,11.1,95,1013.7,0
2020-12-28,Ha_Tinh,18.355,105.8877,21.6,90,17.4,45,1012.1,1
2020-12-29,Ha_Tinh,18.355,105.8877,21.7,89,15.1,22,1012.7,1
2020-12-30,Ha_Tinh,18.355,105.8877,18.7,75,35.5,95,1021.6,1
2020-12-31,Ha_Tinh,18.355,105.8877,15.6,69,25.3,100,1024.9,1
2021-01-01,Ha_Tinh,18.355,105.8877,14.7,76,18.1,100,1024.0,1
2021-01-02,Ha_Tinh,18.355,105.8877,14.7,72,17.9,89,1021.1,0
2021-01-03,Ha_Tinh,18.355,105.8877,16.0,81,22.1,95,1020.1,1
2021-01-04,Ha_Tinh,18.355,105.8877,16.5,79,17.4,66,1020.2,1
2021-01-05,Ha_Tinh,18.355,105.8877,17.4,80,17.3,95,1019.2,1
2021-01-06,Ha_Tinh,18.355,105.8877,18.0,87,19.0,98,1018.1,1
2021-01-07,Ha_Tinh,18.355,105.8877,17.3,87,23.6,100,1018.2,1
2021-01-08,Ha_Tinh,18.355,105.8877,14.1,83,27.7,100,1023.2,1
2021-01-09,Ha_Tinh,18.355,105.8877,10.6,84,21.3,100,1023.5,1
2021-01-10,Ha_Tinh,18.355,105.8877,11.1,74,23.5,100,1022.5,1
2021-01-11,Ha_Tinh,18.355,105.8877,11.9,63,29.2,89,1027.0,1
2021-01-12,Ha_Tinh,18.355,105.8877,12.4,56,20.4,50,1025.5,0
2021-01-13,Ha_Tinh,18.355,105.8877,12.9,64,11.5,6,1018.8,0
2021-01-14,Ha_Tinh,18.355,105.8877,15.2,81,11.2,51,1016.7,0
2021-01-15,Ha_Tinh,18.355,105.8877,17.1,89,14.2,75,1014.6,0
2021-01-16,Ha_Tinh,18.355,105.8877,18.8,90,13.2,72,1014.7,1
2021-01-17,Ha_Tinh,18.355,105.8877,17.8,81,32.9,90,1022.0,1
2021-01-18,Ha_Tinh,18.355,105.8877,14.1,68,19.2,52,1024.0,1
2021-01-19,Ha_Tinh,18.355,105.8877,14.1,76,10.7,20,1018.5,0
2021-01-20,Ha_Tinh,18.355,105.8877,16.3,87,11.3,43,1015.9,0
2021-01-21,Ha_Tinh,18.355,105.8877,18.2,90,14.2,68,1014.9,0
2021-01-22,Ha_Tinh,18.355,105.8877,18.5,89,12.9,83,1014.9,1
2021-01-23,Ha_Tinh,18.355,105.8877,17.2,91,12.5,43,1014.6,0
2021-01-24,Ha_Tinh,18.355,105.8877,19.3,88,16.1,41,1013.1,0
2021-01-25,Ha_Tinh,18.355,105.8877,20.3,91,15.5,72,1013.8,1
2021-01-26,Ha_Tinh,18.355,105.8877,20.4,91,13.5,58,1015.5,1
2021-01-27,Ha_Tinh,18.355,105.8877,19.7,90,12.2,89,1015.4,0
2021-01-28,Ha_Tinh,18.355,105.8877,20.2,87,26.8,75,1019.2,1
2021-01-29,Ha_Tinh,18.355,105.8877,18.2,87,18.4,92,1020.0,1
2021-01-30,Ha_Tinh,18.355,105.8877,18.9,91,15.1,83,1018.5,1
2021-01-31,Ha_Tinh,18.355,105.8877,19.9,90,10.0,89,1018.2,1
2021-02-01,Ha_Tinh,18.355,105.8877,20.2,92,15.3,52,1017.5,1
2021-02-02,Ha_Tinh,18.355,105.8877,19.8,93,12.7,62,1018.1,1
2021-02-03,Ha_Tinh,18.355,105.8877,19.8,93,16.6,67,1018.6,1
2021-02-04,Ha_Tinh,18.355,105.8877,19.4,91,13.8,41,1019.1,1
2021-02-05,Ha_Tinh,18.355,105.8877,19.5,92,15.4,57,1017.7,1
2021-02-06,Ha_Tinh,18.355,105.8877,19.4,91,15.9,68,1016.5,1
2021-02-07,Ha_Tinh,18.355,105.8877,19.6,92,12.6,81,1015.6,0
2021-02-08,Ha_Tinh,18.355,105.8877,20.6,92,16.8,88,1015.9,1
2021-02-09,Ha_Tinh,18.355,105.8877,18.3,91,24.4,100,1015.6,1
2021-02-10,Ha_Tinh,18.355,105.8877,17.7,82,14.9,44,1015.7,1
2021-02-11,Ha_Tinh,18.355,105.8877,17.3,85,12.9,17,1015.9,1
2021-02-12,Ha_Tinh,18.355,105.8877,17.5,85,11.8,41,1016.8,1
2021-02-13,Ha_Tinh,18.355,105.8877,17.3,86,13.6,23,1016.4,0
2021-02-14,Ha_Tinh,18.355,105.8877,18.6,87,11.4,30,1016.2,0
2021-02-15,Ha_Tinh,18.355,105.8877,20.1,86,21.4,35,1013.1,0
2021-02-16,Ha_Tinh,18.355,105.8877,20.4,89,18.7,54,1013.9,1
2021-02-17,Ha_Tinh,18.355,105.8877,20.5,87,22.8,35,1018.7,1
2021-02-18,Ha_Tinh,18.355,105.8877,20.1,84,19.7,47,1021.9,1
2021-02-19,Ha_Tinh,18.355,105.8877,19.6,82,18.3,60,1022.0,1
2021-02-20,Ha_Tinh,18.355,105.8877,18.2,83,12.5,22,1019.2,0
2021-02-21,Ha_Tinh,18.355,105.8877,18.9,86,20.3,35,1015.5,0
2021-02-22,Ha_Tinh,18.355,105.8877,19.8,87,18.8,20,1014.1,0
2021-02-23,Ha_Tinh,18.355,105.8877,20.0,87,14.1,35,1013.9,0
2021-02-24,Ha_Tinh,18.355,105.8877,21.1,84,18.9,45,1010.6,1
2021-02-25,Ha_Tinh,18.355,105.8877,22.7,87,16.1,39,1006.3,0
2021-02-26,Ha_Tinh,18.355,105.8877,22.2,92,17.9,51,1006.0,1
2021-02-27,Ha_Tinh,18.355,105.8877,22.3,94,20.6,97,1009.8,1
2021-02-28,Ha_Tinh,18.355,105.8877,22.5,92,15.5,85,1010.9,1
2021-03-01,Ha_Tinh,18.355,105.8877,23.5,93,14.8,72,1012.5,0
2021-03-02,Ha_Tinh,18.355,105.8877,20.5,87,25.0,100,1017.4,1
2021-03-03,Ha_Tinh,18.355,105.8877,19.8,87,16.7,100,1017.1,1
2021-03-04,Ha_Tinh,18.355,105.8877,20.5,90,11.3,81,1015.3,1
2021-03-05,Ha_Tinh,18.355,105.8877,22.2,93,10.8,64,1011.8,0
2021-03-06,Ha_Tinh,18.355,105.8877,22.7,94,15.6,63,1012.5,0
2021-03-07,Ha_Tinh,18.355,105.8877,21.9,92,16.2,99,1015.7,1
2021-03-08,Ha_Tinh,18.355,105.8877,22.1,91,11.6,72,1015.7,1
2021-03-09,Ha_Tinh,18.355,105.8877,23.2,91,24.2,50,1015.1,1
2021-03-10,Ha_Tinh,18.355,105.8877,23.5,89,23.8,68,1015.0,1
2021-03-11,Ha_Tinh,18.355,105.8877,23.0,92,20.9,43,1015.8,1
2021-03-12,Ha_Tinh,18.355,105.8877,22.5,93,15.8,79,1016.6,1
2021-03-13,Ha_Tinh,18.355,105.8877,22.6,92,15.5,65,1016.1,1
2021-03-14,Ha_Tinh,18.355,105.8877,22.3,91,14.3,43,1013.5,1
2021-03-15,Ha_Tinh,18.355,105.8877,23.5,87,22.3,32,1010.5,0
2021-03-16,Ha_Tinh,18.355,105.8877,24.1,89,20.9,35,1010.0,1
2021-03-17,Ha_Tinh,18.355,105.8877,24.2,88,20.9,69,1009.7,1
2021-03-18,Ha_Tinh,18.355,105.8877,24.3,87,17.2,65,1009.4,0
2021-03-19,Ha_Tinh,18.355,105.8877,24.8,88,21.3,50,1008.2,0
2021-03-20,Ha_Tinh,18.355,105.8877,25.1,89,17.0,68,1007.3,0
2021-03-21,Ha_Tinh,18.355,105.8877,23.0,92,34.7,98,1012.9,1
2021-03-22,Ha_Tinh,18.355,105.8877,17.9,81,23.0,100,1022.1,1
2021-03-23,Ha_Tinh,18.355,105.8877,18.0,78,19.6,100,1019.6,1
2021-03-24,Ha_Tinh,18.355,105.8877,20.2,85,12.9,94,1015.0,1
2021-03-25,Ha_Tinh,18.355,105.8877,22.2,90,12.3,76,1012.8,1
2021-03-26,Ha_Tinh,18.355,105.8877,24.0,90,21.8,75,1010.6,0
2021-03-27,Ha_Tinh,18.355,105.8877,25.0,90,17.1,80,1008.2,0
2021-03-28,Ha_Tinh,18.355,105.8877,24.7,93,12.6,82,1007.0,0
2021-03-29,Ha_Tinh,18.355,105.8877,25.7,93,12.0,53,1004.1,0
2021-03-30,Ha_Tinh,18.355,105.8877,29.2,77,11.8,41,1001.8,0
2021-03-31,Ha_Tinh,18.355,105.8877,28.7,75,17.1,34,1001.3,0
2021-04-01,Ha_Tinh,18.355,105.8877,27.5,82,13.4,11,1002.1,0
2021-04-02,Ha_Tinh,18.355,105.8877,28.1,86,14.1,46,1004.5,1
2021-04-03,Ha_Tinh,18.355,105.8877,26.0,91,18.4,82,1008.1,1
2021-04-04,Ha_Tinh,18.355,105.8877,25.2,91,17.4,62,1011.3,1
2021-04-05,Ha_Tinh,18.355,105.8877,24.5,92,17.6,64,1013.7,1
2021-04-06,Ha_Tinh,18.355,105.8877,24.6,90,18.8,55,1013.9,1
2021-04-07,Ha_Tinh,18.355,105.8877,24.8,90,15.5,65,1012.6,1
2021-04-08,Ha_Tinh,18.355,105.8877,25.5,89,18.1,40,1010.5,1
2021-04-09,Ha_Tinh,18.355,105.8877,24.6,90,14.8,52,1012.4,1
2021-04-10,Ha_Tinh,18.355,105.8877,24.5,90,11.8,57,1014.3,1
2021-04-11,Ha_Tinh,18.355,105.8877,24.8,89,20.0,71,1014.4,1
2021-04-12,Ha_Tinh,18.355,105.8877,25.1,88,18.0,70,1013.1,1
2021-04-13,Ha_Tinh,18.355,105.8877,25.3,89,18.8,77,1011.2,0
2021-04-14,Ha_Tinh,18.355,105.8877,26.1,89,15.9,88,1009.2,0
2021-04-15,Ha_Tinh,18.355,105.8877,27.1,89,16.3,91,1007.9,0
2021-04-16,Ha_Tinh,18.355,105.8877,26.5,88,17.2,81,1009.2,1
2021-04-17,Ha_Tinh,18.355,105.8877,25.5,92,13.1,96,1012.4,1
2021-04-18,Ha_Tinh,18.355,105.8877,25.4,89,13.4,53,1011.6,1
2021-04-19,Ha_Tinh,18.355,105.8877,26.3,87,12.6,69,1008.0,1
2021-04-20,Ha_Tinh,18.355,105.8877,27.1,85,18.4,30,1007.0,0
2021-04-21,Ha_Tinh,18.355,105.8877,27.8,85,16.1,43,1007.5,0
2021-04-22,Ha_Tinh,18.355,105.8877,27.6,86,16.0,56,1006.8,0
2021-04-23,Ha_Tinh,18.355,105.8877,28.5,82,17.9,24,1004.8,0
2021-04-24,Ha_Tinh,18.355,105.8877,29.3,78,20.9,63,1004.5,0
2021-04-25,Ha_Tinh,18.355,105.8877,28.5,82,13.5,80,1006.7,1
2021-04-26,Ha_Tinh,18.355,105.8877,27.4,90,20.9,99,1008.3,1
2021-04-27,Ha_Tinh,18.355,105.8877,24.9,94,10.5,94,1011.7,1
2021-04-28,Ha_Tinh,18.355,105.8877,25.6,91,12.8,72,1013.1,1
2021-04-29,Ha_Tinh,18.355,105.8877,22.6,88,28.1,94,1014.2,1
2021-04-30,Ha_Tinh,18.355,105.8877,23.1,84,14.2,72,1012.0,1
2021-05-01,Ha_Tinh,18.355,105.8877,25.6,88,10.8,82,1010.8,0
2021-05-02,Ha_Tinh,18.355,105.8877,26.9,90,11.1,88,1009.6,1
2021-05-03,Ha_Tinh,18.355,105.8877,27.8,86,16.6,81,1007.2,1
2021-05-04,Ha_Tinh,18.355,105.8877,28.1,82,14.8,55,1006.9,0
2021-05-05,Ha_Tinh,18.355,105.8877,27.0,88,16.4,82,1009.7,1
2021-05-06,Ha_Tinh,18.355,105.8877,26.5,90,13.3,86,1012.4,1
2021-05-07,Ha_Tinh,18.355,105.8877,26.8,85,20.7,70,1011.2,1
2021-05-08,Ha_Tinh,18.355,105.8877,26.7,85,15.9,36,1008.5,0
2021-05-09,Ha_Tinh,18.355,105.8877,27.6,88,13.0,55,1006.3,1
2021-05-10,Ha_Tinh,18.355,105.8877,29.1,82,17.4,23,1005.2,1
2021-05-11,Ha_Tinh,18.355,105.8877,30.1,76,14.4,29,1004.3,0
2021-05-12,Ha_Tinh,18.355,105.8877,30.7,73,13.0,39,1003.9,0
2021-05-13,Ha_Tinh,18.355,105.8877,29.8,76,15.9,77,1004.3,0
2021-05-14,Ha_Tinh,18.355,105.8877,30.2,76,17.1,48,1004.2,1
2021-05-15,Ha_Tinh,18.355,105.8877,31.1,72,12.5,12,1004.7,0
2021-05-16,Ha_Tinh,18.355,105.8877,30.3,75,18.0,39,1004.9,0
2021-05-17,Ha_Tinh,18.355,105.8877,30.3,76,21.5,51,1005.7,1
2021-05-18,Ha_Tinh,18.355,105.8877,30.2,76,16.9,57,1005.4,0
2021-05-19,Ha_Tinh,18.355,105.8877,31.2,70,18.8,82,1003.8,0
2021-05-20,Ha_Tinh,18.355,105.8877,31.9,66,20.1,94,1003.8,0
2021-05-21,Ha_Tinh,18.355,105.8877,32.0,66,17.6,46,1003.4,0
2021-05-22,Ha_Tinh,18.355,105.8877,32.4,63,20.6,21,1001.9,1
2021-05-23,Ha_Tinh,18.355,105.8877,31.9,65,20.7,18,1002.8,0
2021-05-24,Ha_Tinh,18.355,105.8877,29.0,78,17.4,51,1006.8,1
2021-05-25,Ha_Tinh,18.355,105.8877,27.2,87,12.8,86,1007.2,1
2021-05-26,Ha_Tinh,18.355,105.8877,27.8,87,13.7,62,1006.0,0
2021-05-27,Ha_Tinh,18.355,105.8877,28.1,85,20.2,53,1006.8,1
2021-05-28,Ha_Tinh,18.355,105.8877,29.0,82,13.8,67,1007.3,1
2021-05-29,Ha_Tinh,18.355,105.8877,31.3,68,20.0,50,1005.5,0
2021-05-30,Ha_Tinh,18.355,105.8877,32.6,60,20.9,43,1003.4,0
2021-05-31,Ha_Tinh,18.355,105.8877,32.8,59,18.0,60,1001.6,0
2021-06-01,Ha_Tinh,18.355,105.8877,33.5,59,16.9,71,1001.9,0
2021-06-02,Ha_Tinh,18.355,105.8877,33.7,59,19.2,85,1002.4,0
2021-06-03,Ha_Tinh,18.355,105.8877,34.3,57,20.7,76,1002.6,0
2021-06-04,Ha_Tinh,18.355,105.8877,30.4,74,22.3,97,1004.9,1
2021-06-05,Ha_Tinh,18.355,105.8877,27.7,88,20.4,98,1005.4,1
2021-06-06,Ha_Tinh,18.355,105.8877,29.3,85,12.1,88,1003.3,1
2021-06-07,Ha_Tinh,18.355,105.8877,28.5,84,8.9,99,1003.9,1
2021-06-08,Ha_Tinh,18.355,105.8877,27.7,89,7.4,98,1004.7,1
2021-06-09,Ha_Tinh,18.355,105.8877,28.2,84,10.9,99,1003.9,1
2021-06-10,Ha_Tinh,18.355,105.8877,28.9,78,10.2,96,1002.3,1
2021-06-11,Ha_Tinh,18.355,105.8877,28.2,85,12.8,98,1002.5,1
2021-06-12,Ha_Tinh,18.355,105.8877,26.0,92,17.4,100,1001.5,1
2021-06-13,Ha_Tinh,18.355,105.8877,27.5,77,22.3,100,999.9,1
2021-06-14,Ha_Tinh,18.355,105.8877,29.4,66,25.3,67,1002.0,0
2021-06-15,Ha_Tinh,18.355,105.8877,29.4,71,15.8,36,1001.2,0
2021-06-16,Ha_Tinh,18.355,105.8877,30.6,69,18.0,20,1002.6,0
2021-06-17,Ha_Tinh,18.355,105.8877,30.7,71,15.0,38,1004.4,0
2021-06-18,Ha_Tinh,18.355,105.8877,30.7,72,11.4,10,1004.7,0
2021-06-19,Ha_Tinh,18.355,105.8877,31.2,67,14.2,35,1003.0,0
2021-06-20,Ha_Tinh,18.355,105.8877,31.5,68,12.1,34,1000.8,0
2021-06-21,Ha_Tinh,18.355,105.8877,31.8,67,19.7,69,1000.7,0
2021-06-22,Ha_Tinh,18.355,105.8877,31.8,67,15.5,97,1003.0,0
2021-06-23,Ha_Tinh,18.355,105.8877,31.5,66,17.6,99,1003.7,1
2021-06-24,Ha_Tinh,18.355,105.8877,31.3,67,18.0,97,1002.5,0
2021-06-25,Ha_Tinh,18.355,105.8877,31.0,68,17.7,71,1002.4,1
2021-06-26,Ha_Tinh,18.355,105.8877,31.7,62,20.7,85,1004.0,0
2021-06-27,Ha_Tinh,18.355,105.8877,32.2,60,18.4,85,1004.1,0
2021-06-28,Ha_Tinh,18.355,105.8877,32.3,60,10.1,97,1001.6,0
2021-06-29,Ha_Tinh,18.355,105.8877,32.0,59,21.6,98,1001.4,0
2021-06-30,Ha_Tinh,18.355,105.8877,32.2,60,23.5,98,1001.8,1
2021-07-01,Ha_Tinh,18.355,105.8877,32.3,58,23.1,98,1002.4,0
2021-07-02,Ha_Tinh,18.355,105.8877,32.7,57,21.4,96,1003.4,0
2021-07-03,Ha_Tinh,18.355,105.8877,32.6,61,16.8,86,1002.9,0
2021-07-04,Ha_Tinh,18.355,105.8877,31.7,66,19.8,74,1002.7,0
2021-07-05,Ha_Tinh,18.355,105.8877,31.4,71,15.9,75,1003.0,0
2021-07-06,Ha_Tinh,18.355,105.8877,29.5,80,14.2,69,1003.4,1
2021-07-07,Ha_Tinh,18.355,105.8877,26.9,91,13.4,100,1003.7,1
2021-07-08,Ha_Tinh,18.355,105.8877,28.1,83,20.9,74,1004.3,1
2021-07-09,Ha_Tinh,18.355,105.8877,27.8,85,19.9,33,1006.9,1
2021-07-10,Ha_Tinh,18.355,105.8877,28.2,84,21.4,28,1007.6,1
2021-07-11,Ha_Tinh,18.355,105.8877,28.2,86,15.1,47,1008.9,1
2021-07-12,Ha_Tinh,18.355,105.8877,28.5,85,16.9,36,1008.4,1
2021-07-13,Ha_Tinh,18.355,105.8877,28.9,82,15.6,15,1006.1,1
2021-07-14,Ha_Tinh,18.355,105.8877,28.9,81,16.0,32,1005.3,0
2021-07-15,Ha_Tinh,18.355,105.8877,28.9,83,16.8,35,1006.7,1
2021-07-16,Ha_Tinh,18.355,105.8877,29.1,81,13.7,13,1007.4,1
2021-07-17,Ha_Tinh,18.355,105.8877,29.6,76,14.4,36,1004.0,0
2021-07-18,Ha_Tinh,18.355,105.8877,30.5,72,14.5,90,1001.0,0
2021-07-19,Ha_Tinh,18.355,105.8877,29.9,74,12.2,88,1001.5,1
2021-07-20,Ha_Tinh,18.355,105.8877,30.2,69,12.4,94,1001.9,1
2021-07-21,Ha_Tinh,18.355,105.8877,30.3,69,14.0,98,1001.3,1
2021-07-22,Ha_Tinh,18.355,105.8877,29.9,73,10.2,100,1000.2,1
2021-07-23,Ha_Tinh,18.355,105.8877,29.4,75,13.4,100,998.5,1
2021-07-24,Ha_Tinh,18.355,105.8877,26.5,91,20.4,100,997.6,1
2021-07-25,Ha_Tinh,18.355,105.8877,28.3,86,16.9,94,999.4,1
2021-07-26,Ha_Tinh,18.355,105.8877,28.9,80,9.0,94,999.5,1
2021-07-27,Ha_Tinh,18.355,105.8877,30.3,75,8.2,67,998.4,1
2021-07-28,Ha_Tinh,18.355,105.8877,30.8,74,10.6,88,997.9,1
2021-07-29,Ha_Tinh,18.355,105.8877,30.6,76,7.7,99,999.1,1
2021-07-30,Ha_Tinh,18.355,105.8877,31.0,73,13.5,98,1000.2,1
2021-07-31,Ha_Tinh,18.355,105.8877,31.4,69,10.8,92,999.6,0
2021-08-01,Ha_Tinh,18.355,105.8877,30.6,70,14.4,100,998.8,0
2021-08-02,Ha_Tinh,18.355,105.8877,30.7,73,6.4,98,999.0,1
2021-08-03,Ha_Tinh,18.355,105.8877,31.2,69,10.4,90,999.9,1
2021-08-04,Ha_Tinh,18.355,105.8877,31.3,66,7.6,86,1000.5,1
2021-08-05,Ha_Tinh,18.355,105.8877,31.9,65,10.5,87,999.6,1
2021-08-06,Ha_Tinh,18.355,105.8877,32.6,60,7.3,82,1000.3,0
2021-08-07,Ha_Tinh,18.355,105.8877,33.1,61,9.7,97,1001.3,1
2021-08-08,Ha_Tinh,18.355,105.8877,33.5,58,12.1,97,1001.8,0
2021-08-09,Ha_Tinh,18.355,105.8877,33.4,58,14.6,97,1001.7,1
2021-08-10,Ha_Tinh,18.355,105.8877,32.7,63,14.9,98,1001.4,1
2021-08-11,Ha_Tinh,18.355,105.8877,32.7,59,16.9,98,1004.1,1
2021-08-12,Ha_Tinh,18.355,105.8877,32.5,59,17.6,84,1005.8,1
2021-08-13,Ha_Tinh,18.355,105.8877,32.5,58,17.4,83,1003.0,0
2021-08-14,Ha_Tinh,18.355,105.8877,31.7,57,25.3,95,1001.8,0
2021-08-15,Ha_Tinh,18.355,105.8877,31.8,59,19.2,95,1005.0,1
2021-08-16,Ha_Tinh,18.355,105.8877,31.1,64,15.5,85,1008.8,1
2021-08-17,Ha_Tinh,18.355,105.8877,31.4,63,14.8,32,1008.1,0
2021-08-18,Ha_Tinh,18.355,105.8877,31.6,64,19.1,45,1005.7,0
2021-08-19,Ha_Tinh,18.355,105.8877,31.3,67,15.2,66,1005.7,1
2021-08-20,Ha_Tinh,18.355,105.8877,31.1,68,15.8,35,1007.0,0
2021-08-21,Ha_Tinh,18.355,105.8877,31.7,65,17.3,45,1006.4,0
2021-08-22,Ha_Tinh,18.355,105.8877,32.4,61,17.6,69,1004.3,0
2021-08-23,Ha_Tinh,18.355,105.8877,32.6,59,18.1,40,1002.8,0
2021-08-24,Ha_Tinh,18.355,105.8877,32.0,62,23.2,81,1003.2,0
2021-08-25,Ha_Tinh,18.355,105.8877,31.1,66,18.0,59,1004.6,1
2021-08-26,Ha_Tinh,18.355,105.8877,29.1,77,20.7,59,1006.6,1
2021-08-27,Ha_Tinh,18.355,105.8877,27.5,84,18.4,81,1008.5,1
2021-08-28,Ha_Tinh,18.355,105.8877,26.8,87,13.1,98,1008.6,1
2021-08-29,Ha_Tinh,18.355,105.8877,27.3,84,15.8,65,1008.7,1
2021-08-30,Ha_Tinh,18.355,105.8877,27.4,84,12.5,95,1009.3,1
2021-08-31,Ha_Tinh,18.355,105.8877,27.6,83,10.4,94,1009.2,1
2021-09-01,Ha_Tinh,18.355,105.8877,28.1,81,13.0,60,1008.1,1
2021-09-02,Ha_Tinh,18.355,105.8877,28.0,84,13.0,85,1007.0,1
2021-09-03,Ha_Tinh,18.355,105.8877,28.3,80,11.8,92,1005.2,1
2021-09-04,Ha_Tinh,18.355,105.8877,29.3,73,12.9,77,1005.0,1
2021-09-05,Ha_Tinh,18.355,105.8877,28.2,81,8.9,79,1007.1,1
2021-09-06,Ha_Tinh,18.355,105.8877,27.0,87,14.8,75,1009.6,1
2021-09-07,Ha_Tinh,18.355,105.8877,26.3,90,13.9,99,1008.8,1
2021-09-08,Ha_Tinh,18.355,105.8877,26.3,89,24.7,98,1006.0,1
2021-09-09,Ha_Tinh,18.355,105.8877,26.2,90,17.2,74,1008.3,1
2021-09-10,Ha_Tinh,18.355,105.8877,27.5,86,16.5,75,1007.9,1
2021-09-11,Ha_Tinh,18.355,105.8877,28.4,80,15.1,99,1005.1,1
2021-09-12,Ha_Tinh,18.355,105.8877,29.0,82,13.5,90,1002.5,1
2021-09-13,Ha_Tinh,18.355,105.8877,27.8,85,12.9,87,1004.7,1
2021-09-14,Ha_Tinh,18.355,105.8877,27.2,90,17.7,98,1007.9,1
2021-09-15,Ha_Tinh,18.355,105.8877,27.6,88,16.9,98,1009.8,1
2021-09-16,Ha_Tinh,18.355,105.8877,27.4,89,8.6,97,1009.4,1
2021-09-17,Ha_Tinh,18.355,105.8877,28.0,89,8.7,70,1008.0,1
2021-09-18,Ha_Tinh,18.355,105.8877,28.2,84,12.6,6,1008.5,0
2021-09-19,Ha_Tinh,18.355,105.8877,28.1,82,15.5,27,1008.8,1
2021-09-20,Ha_Tinh,18.355,105.8877,26.8,89,14.8,89,1009.0,1
2021-09-21,Ha_Tinh,18.355,105.8877,26.4,90,12.2,80,1008.7,1
2021-09-22,Ha_Tinh,18.355,105.8877,26.4,89,9.1,83,1008.4,1
2021-09-23,Ha_Tinh,18.355,105.8877,26.8,89,13.4,88,1009.6,1
2021-09-24,Ha_Tinh,18.355,105.8877,26.3,92,28.2,100,1008.1,1
2021-09-25,Ha_Tinh,18.355,105.8877,26.0,91,19.4,97,1008.9,1
2021-09-26,Ha_Tinh,18.355,105.8877,26.0,91,13.8,76,1010.0,1
2021-09-27,Ha_Tinh,18.355,105.8877,26.3,89,11.2,64,1010.1,1
2021-09-28,Ha_Tinh,18.355,105.8877,27.0,86,13.6,21,1009.5,1
2021-09-29,Ha_Tinh,18.355,105.8877,27.5,85,13.3,14,1008.2,1
2021-09-30,Ha_Tinh,18.355,105.8877,27.8,83,15.1,1,1008.1,0
2021-10-01,Ha_Tinh,18.355,105.8877,27.9,84,14.8,15,1008.1,0
2021-10-02,Ha_Tinh,18.355,105.8877,27.9,83,14.4,54,1009.0,1
2021-10-03,Ha_Tinh,18.355,105.8877,27.3,83,15.9,30,1009.5,1
2021-10-04,Ha_Tinh,18.355,105.8877,27.3,84,16.0,25,1009.7,1
2021-10-05,Ha_Tinh,18.355,105.8877,26.4,91,17.5,91,1009.2,1
2021-10-06,Ha_Tinh,18.355,105.8877,26.8,89,19.4,94,1006.8,1
2021-10-07,Ha_Tinh,18.355,105.8877,26.9,84,20.0,98,1004.1,1
2021-10-08,Ha_Tinh,18.355,105.8877,28.3,70,27.4,99,1002.7,0
2021-10-09,Ha_Tinh,18.355,105.8877,27.8,72,23.5,100,1003.3,1
2021-10-10,Ha_Tinh,18.355,105.8877,25.6,89,12.1,100,1003.0,1
2021-10-11,Ha_Tinh,18.355,105.8877,25.2,91,27.2,100,1005.4,1
2021-10-12,Ha_Tinh,18.355,105.8877,24.6,75,30.5,99,1007.5,1
2021-10-13,Ha_Tinh,18.355,105.8877,24.0,75,26.9,100,1004.0,1
2021-10-14,Ha_Tinh,18.355,105.8877,23.9,80,26.1,100,1003.8,1
2021-10-15,Ha_Tinh,18.355,105.8877,23.4,91,22.5,100,1008.3,1
2021-10-16,Ha_Tinh,18.355,105.8877,23.3,90,34.2,100,1012.0,1
2021-10-17,Ha_Tinh,18.355,105.8877,21.5,87,36.0,100,1015.5,1
2021-10-18,Ha_Tinh,18.355,105.8877,20.5,88,32.9,100,1015.5,1
2021-10-19,Ha_Tinh,18.355,105.8877,22.7,84,19.1,99,1016.1,1
2021-10-20,Ha_Tinh,18.355,105.8877,25.5,86,13.5,69,1013.5,0
2021-10-21,Ha_Tinh,18.355,105.8877,25.9,89,28.7,79,1012.6,1
2021-10-22,Ha_Tinh,18.355,105.8877,20.4,84,25.4,100,1018.3,1
2021-10-23,Ha_Tinh,18.355,105.8877,20.5,73,22.2,100,1019.7,1
2021-10-24,Ha_Tinh,18.355,105.8877,20.7,80,21.5,86,1018.8,1
2021-10-25,Ha_Tinh,18.355,105.8877,22.0,74,19.9,87,1016.2,1
2021-10-26,Ha_Tinh,18.355,105.8877,23.3,74,15.8,93,1014.7,1
2021-10-27,Ha_Tinh,18.355,105.8877,22.8,87,22.7,100,1015.1,1
2021-10-28,Ha_Tinh,18.355,105.8877,23.8,94,25.0,100,1014.3,1
2021-10-29,Ha_Tinh,18.355,105.8877,23.5,88,20.1,100,1015.8,1
2021-10-30,Ha_Tinh,18.355,105.8877,23.2,91,24.0,99,1016.0,1
2021-10-31,Ha_Tinh,18.355,105.8877,23.1,89,20.1,92,1015.4,1
2021-11-01,Ha_Tinh,18.355,105.8877,24.4,90,14.5,69,1015.3,1
2021-11-02,Ha_Tinh,18.355,105.8877,24.7,91,12.4,64,1015.3,1
2021-11-03,Ha_Tinh,18.355,105.8877,24.9,89,13.4,67,1014.1,1
2021-11-04,Ha_Tinh,18.355,105.8877,24.6,90,11.9,52,1012.6,1
2021-11-05,Ha_Tinh,18.355,105.8877,25.4,88,17.2,14,1010.3,1
2021-11-06,Ha_Tinh,18.355,105.8877,25.9,87,15.2,42,1007.8,0
2021-11-07,Ha_Tinh,18.355,105.8877,25.8,88,16.2,17,1010.1,1
2021-11-08,Ha_Tinh,18.355,105.8877,21.9,79,39.3,92,1017.2,1
2021-11-09,Ha_Tinh,18.355,105.8877,19.4,70,18.4,100,1019.3,1
2021-11-10,Ha_Tinh,18.355,105.8877,19.5,71,19.8,91,1019.0,1
2021-11-11,Ha_Tinh,18.355,105.8877,20.3,70,16.1,97,1016.5,1
2021-11-12,Ha_Tinh,18.355,105.8877,21.3,81,18.5,100,1017.5,1
2021-11-13,Ha_Tinh,18.355,105.8877,21.7,74,18.4,90,1017.9,1
2021-11-14,Ha_Tinh,18.355,105.8877,20.8,78,17.3,92,1016.8,0
2021-11-15,Ha_Tinh,18.355,105.8877,21.9,81,15.2,100,1014.5,1
2021-11-16,Ha_Tinh,18.355,105.8877,22.7,90,16.0,93,1014.0,1
2021-11-17,Ha_Tinh,18.355,105.8877,23.3,91,25.4,95,1015.0,1
2021-11-18,Ha_Tinh,18.355,105.8877,21.1,85,24.1,96,1014.8,1
2021-11-19,Ha_Tinh,18.355,105.8877,21.7,87,11.2,34,1010.3,1
2021-11-20,Ha_Tinh,18.355,105.8877,23.9,89,20.4,54,1009.0,0
2021-11-21,Ha_Tinh,18.355,105.8877,24.2,90,13.2,29,1011.1,1
2021-11-22,Ha_Tinh,18.355,105.8877,22.2,91,28.0,97,1015.7,1
2021-11-23,Ha_Tinh,18.355,105.8877,18.7,86,22.0,100,1020.1,1
2021-11-24,Ha_Tinh,18.355,105.8877,17.7,82,18.5,97,1020.3,1
2021-11-25,Ha_Tinh,18.355,105.8877,18.5,73,18.4,91,1018.6,1
2021-11-26,Ha_Tinh,18.355,105.8877,19.2,80,19.2,86,1018.2,1
2021-11-27,Ha_Tinh,18.355,105.8877,20.1,74,18.8,80,1018.9,1
2021-11-28,Ha_Tinh,18.355,105.8877,20.3,79,21.0,75,1018.4,1
2021-11-29,Ha_Tinh,18.355,105.8877,21.2,75,20.2,98,1017.2,1
2021-11-30,Ha_Tinh,18.355,105.8877,20.6,77,26.1,48,1019.5,1
2021-12-01,Ha_Tinh,18.355,105.8877,19.6,70,24.5,43,1020.9,1
2021-12-02,Ha_Tinh,18.355,105.8877,18.7,70,21.3,87,1021.1,1
2021-12-03,Ha_Tinh,18.355,105.8877,17.6,72,19.5,64,1021.5,0
2021-12-04,Ha_Tinh,18.355,105.8877,18.3,69,18.8,35,1020.8,0
2021-12-05,Ha_Tinh,18.355,105.8877,18.0,76,21.7,35,1020.5,1
2021-12-06,Ha_Tinh,18.355,105.8877,18.0,70,20.6,50,1019.9,1
2021-12-07,Ha_Tinh,18.355,105.8877,18.3,75,18.4,39,1019.7,0
2021-12-08,Ha_Tinh,18.355,105.8877,19.3,79,17.3,73,1020.1,1
2021-12-09,Ha_Tinh,18.355,105.8877,19.5,93,21.9,100,1020.2,1
2021-12-10,Ha_Tinh,18.355,105.8877,21.0,87,16.8,79,1018.8,1
2021-12-11,Ha_Tinh,18.355,105.8877,20.2,89,17.5,50,1018.8,1
2021-12-12,Ha_Tinh,18.355,105.8877,20.9,88,20.8,89,1020.2,1
2021-12-13,Ha_Tinh,18.355,105.8877,19.9,79,26.3,95,1020.8,1
2021-12-14,Ha_Tinh,18.355,105.8877,19.3,81,15.3,96,1017.5,1
2021-12-15,Ha_Tinh,18.355,105.8877,19.9,87,11.8,72,1014.5,0
2021-12-16,Ha_Tinh,18.355,105.8877,21.3,91,13.8,91,1014.4,1
2021-12-17,Ha_Tinh,18.355,105.8877,21.6,87,24.1,78,1017.9,1
2021-12-18,Ha_Tinh,18.355,105.8877,20.0,77,29.8,94,1020.5,1
2021-12-19,Ha_Tinh,18.355,105.8877,19.0,66,24.5,93,1020.4,1
2021-12-20,Ha_Tinh,18.355,105.8877,18.6,63,18.3,91,1017.0,0
2021-12-21,Ha_Tinh,18.355,105.8877,18.8,76,12.3,82,1017.0,1
2021-12-22,Ha_Tinh,18.355,105.8877,19.1,80,13.1,52,1016.4,0
2021-12-23,Ha_Tinh,18.355,105.8877,19.2,86,13.5,37,1015.2,0
2021-12-24,Ha_Tinh,18.355,105.8877,19.4,90,12.0,81,1015.2,1
2021-12-25,Ha_Tinh,18.355,105.8877,21.6,89,21.1,90,1017.3,1
2021-12-26,Ha_Tinh,18.355,105.8877,21.1,90,27.3,100,1019.6,1
2021-12-27,Ha_Tinh,18.355,105.8877,17.3,86,27.4,100,1024.3,1
2021-12-28,Ha_Tinh,18.355,105.8877,15.3,82,21.4,100,1023.4,1
2021-12-29,Ha_Tinh,18.355,105.8877,17.3,82,21.3,100,1022.4,1
2021-12-30,Ha_Tinh,18.355,105.8877,16.8,88,20.4,100,1024.3,1
2021-12-31,Ha_Tinh,18.355,105.8877,17.6,92,20.0,100,1023.0,1
2022-01-01,Ha_Tinh,18.355,105.8877,18.5,89,23.0,100,1022.0,1
2022-01-02,Ha_Tinh,18.355,105.8877,19.0,88,22.0,98,1021.2,1
2022-01-03,Ha_Tinh,18.355,105.8877,18.6,87,15.5,83,1019.1,1
2022-01-04,Ha_Tinh,18.355,105.8877,19.5,89,14.1,90,1017.5,1
2022-01-05,Ha_Tinh,18.355,105.8877,20.2,91,15.6,67,1015.5,0
2022-01-06,Ha_Tinh,18.355,105.8877,21.1,92,16.1,86,1016.4,1
2022-01-07,Ha_Tinh,18.355,105.8877,20.4,92,11.5,81,1018.1,1
2022-01-08,Ha_Tinh,18.355,105.8877,20.2,91,12.5,82,1017.0,1
2022-01-09,Ha_Tinh,18.355,105.8877,21.2,90,15.1,75,1015.7,1
2022-01-10,Ha_Tinh,18.355,105.8877,20.9,89,14.0,79,1015.1,1
2022-01-11,Ha_Tinh,18.355,105.8877,18.8,84,29.9,100,1020.0,1
2022-01-12,Ha_Tinh,18.355,105.8877,18.5,83,12.0,85,1018.6,0
2022-01-13,Ha_Tinh,18.355,105.8877,19.4,92,21.7,100,1018.9,1
2022-01-14,Ha_Tinh,18.355,105.8877,18.8,88,13.7,74,1017.9,1
2022-01-15,Ha_Tinh,18.355,105.8877,19.9,91,14.8,68,1016.4,0
2022-01-16,Ha_Tinh,18.355,105.8877,20.9,91,16.5,32,1016.3,1
2022-01-17,Ha_Tinh,18.355,105.8877,19.4,90,24.9,99,1018.9,1
2022-01-18,Ha_Tinh,18.355,105.8877,16.7,82,18.6,100,1021.0,1
2022-01-19,Ha_Tinh,18.355,105.8877,17.9,78,15.8,85,1018.4,1
2022-01-20,Ha_Tinh,18.355,105.8877,18.0,81,11.3,94,1015.7,0
2022-01-21,Ha_Tinh,18.355,105.8877,19.2,89,10.5,97,1014.2,1
2022-01-22,Ha_Tinh,18.355,105.8877,20.3,93,16.6,68,1010.6,0
2022-01-23,Ha_Tinh,18.355,105.8877,21.8,93,13.5,66,1009.9,1
2022-01-24,Ha_Tinh,18.355,105.8877,21.1,93,13.0,53,1011.2,1
2022-01-25,Ha_Tinh,18.355,105.8877,21.4,93,14.0,74,1013.0,1
2022-01-26,Ha_Tinh,18.355,105.8877,22.0,93,17.5,56,1013.3,1
2022-01-27,Ha_Tinh,18.355,105.8877,22.5,90,19.2,50,1013.4,1
2022-01-28,Ha_Tinh,18.355,105.8877,22.1,89,17.7,57,1012.8,1
2022-01-29,Ha_Tinh,18.355,105.8877,22.6,89,18.2,78,1011.0,1
2022-01-30,Ha_Tinh,18.355,105.8877,18.3,86,21.8,100,1015.1,1
2022-01-31,Ha_Tinh,18.355,105.8877,16.2,86,20.1,100,1016.4,1
2022-02-01,Ha_Tinh,18.355,105.8877,14.9,84,16.6,100,1017.7,1
2022-02-02,Ha_Tinh,18.355,105.8877,15.6,87,18.0,100,1018.1,1
2022-02-03,Ha_Tinh,18.355,105.8877,15.4,86,19.3,100,1019.2,1
2022-02-04,Ha_Tinh,18.355,105.8877,15.9,81,24.6,100,1020.8,1
2022-02-05,Ha_Tinh,18.355,105.8877,16.7,80,19.8,100,1021.1,1
2022-02-06,Ha_Tinh,18.355,105.8877,16.5,80,16.2,100,1018.1,1
2022-02-07,Ha_Tinh,18.355,105.8877,19.8,90,13.8,85,1013.6,1
2022-02-08,Ha_Tinh,18.355,105.8877,21.3,93,12.6,98,1014.1,1
2022-02-09,Ha_Tinh,18.355,105.8877,19.6,89,21.9,100,1016.1,1
2022-02-10,Ha_Tinh,18.355,105.8877,18.9,87,13.0,99,1015.0,1
2022-02-11,Ha_Tinh,18.355,105.8877,19.9,90,11.8,100,1013.7,1
2022-02-12,Ha_Tinh,18.355,105.8877,20.8,92,9.8,98,1012.5,1
2022-02-13,Ha_Tinh,18.355,105.8877,19.6,93,23.4,100,1012.2,1
2022-02-14,Ha_Tinh,18.355,105.8877,16.1,85,17.7,100,1017.0,1
2022-02-15,Ha_Tinh,18.355,105.8877,17.4,83,14.9,100,1015.5,1
2022-02-16,Ha_Tinh,18.355,105.8877,18.7,89,11.2,97,1012.0,1
2022-02-17,Ha_Tinh,18.355,105.8877,20.2,94,12.1,87,1008.9,1
2022-02-18,Ha_Tinh,18.355,105.8877,22.8,93,12.7,64,1008.8,1
2022-02-19,Ha_Tinh,18.355,105.8877,19.4,90,33.2,90,1013.4,1
2022-02-20,Ha_Tinh,18.355,105.8877,12.7,89,20.9,100,1020.3,1
2022-02-21,Ha_Tinh,18.355,105.8877,11.6,86,22.5,100,1021.7,1
2022-02-22,Ha_Tinh,18.355,105.8877,13.6,80,22.6,100,1022.7,1
2022-02-23,Ha_Tinh,18.355,105.8877,13.7,72,24.1,86,1025.5,1
2022-02-24,Ha_Tinh,18.355,105.8877,14.8,76,19.7,99,1025.5,1
2022-02-25,Ha_Tinh,18.355,105.8877,15.4,77,16.6,89,1023.1,0
2022-02-26,Ha_Tinh,18.355,105.8877,17.5,79,16.9,100,1021.0,1
2022-02-27,Ha_Tinh,18.355,105.8877,17.9,83,11.8,83,1018.6,1
2022-02-28,Ha_Tinh,18.355,105.8877,18.9,88,14.3,82,1015.4,0
2022-03-01,Ha_Tinh,18.355,105.8877,20.3,92,13.9,82,1015.4,1
2022-03-02,Ha_Tinh,18.355,105.8877,21.2,90,13.5,77,1016.2,1
2022-03-03,Ha_Tinh,18.355,105.8877,21.1,91,14.1,79,1014.1,0
2022-03-04,Ha_Tinh,18.355,105.8877,21.4,89,18.4,42,1011.9,0
2022-03-05,Ha_Tinh,18.355,105.8877,22.3,91,20.2,80,1010.9,1
2022-03-06,Ha_Tinh,18.355,105.8877,23.8,91,20.8,79,1010.4,0
2022-03-07,Ha_Tinh,18.355,105.8877,21.0,93,28.5,100,1015.9,1
2022-03-08,Ha_Tinh,18.355,105.8877,20.5,81,15.6,91,1015.5,1
2022-03-09,Ha_Tinh,18.355,105.8877,20.5,83,20.3,33,1012.9,0
2022-03-10,Ha_Tinh,18.355,105.8877,20.6,87,13.6,39,1012.9,0
2022-03-11,Ha_Tinh,18.355,105.8877,20.8,91,13.0,62,1011.8,1
2022-03-12,Ha_Tinh,18.355,105.8877,21.7,90,22.9,59,1010.5,1
2022-03-13,Ha_Tinh,18.355,105.8877,21.8,90,16.2,81,1010.4,1
2022-03-14,Ha_Tinh,18.355,105.8877,22.7,91,17.0,79,1010.1,1
2022-03-15,Ha_Tinh,18.355,105.8877,23.4,92,15.9,88,1009.4,1
2022-03-16,Ha_Tinh,18.355,105.8877,23.2,91,15.8,89,1008.2,1
2022-03-17,Ha_Tinh,18.355,105.8877,23.9,92,12.8,43,1006.5,0
2022-03-18,Ha_Tinh,18.355,105.8877,23.8,94,12.4,86,1008.1,1
2022-03-19,Ha_Tinh,18.355,105.8877,24.7,90,15.6,62,1006.1,1
2022-03-20,Ha_Tinh,18.355,105.8877,26.0,86,22.4,35,1005.9,0
2022-03-21,Ha_Tinh,18.355,105.8877,27.3,85,11.9,65,1007.3,0
2022-03-22,Ha_Tinh,18.355,105.8877,27.6,87,14.8,53,1008.3,0
2022-03-23,Ha_Tinh,18.355,105.8877,23.8,92,24.2,91,1011.0,1
2022-03-24,Ha_Tinh,18.355,105.8877,22.4,87,11.4,94,1010.1,1
2022-03-25,Ha_Tinh,18.355,105.8877,26.5,82,20.0,72,1006.9,1
2022-03-26,Ha_Tinh,18.355,105.8877,28.2,80,16.0,5,1007.4,0
2022-03-27,Ha_Tinh,18.355,105.8877,24.5,87,28.0,63,1010.8,1
2022-03-28,Ha_Tinh,18.355,105.8877,20.5,86,20.6,100,1015.8,1
2022-03-29,Ha_Tinh,18.355,105.8877,21.1,85,12.0,95,1013.7,0
2022-03-30,Ha_Tinh,18.355,105.8877,22.9,88,12.1,88,1012.5,0
2022-03-31,Ha_Tinh,18.355,105.8877,24.4,90,21.8,93,1013.1,1
2022-04-01,Ha_Tinh,18.355,105.8877,20.8,91,36.1,100,1017.5,1
2022-04-02,Ha_Tinh,18.355,105.8877,17.2,86,28.0,100,1023.2,1
2022-04-03,Ha_Tinh,18.355,105.8877,17.9,74,19.6,85,1021.5,1
2022-04-04,Ha_Tinh,18.355,105.8877,18.8,77,19.2,76,1020.0,1
2022-04-05,Ha_Tinh,18.355,105.8877,20.3,82,16.2,77,1018.8,1
2022-04-06,Ha_Tinh,18.355,105.8877,21.4,79,16.1,29,1017.4,0
2022-04-07,Ha_Tinh,18.355,105.8877,22.1,77,13.4,66,1016.1,0
2022-04-08,Ha_Tinh,18.355,105.8877,21.5,83,15.3,64,1014.5,0
2022-04-09,Ha_Tinh,18.355,105.8877,21.4,87,13.7,41,1011.9,0
2022-04-10,Ha_Tinh,18.355,105.8877,22.2,87,16.9,17,1010.2,0
2022-04-11,Ha_Tinh,18.355,105.8877,23.4,88,17.3,59,1009.1,1
2022-04-12,Ha_Tinh,18.355,105.8877,24.5,90,14.5,74,1006.0,0
2022-04-13,Ha_Tinh,18.355,105.8877,24.4,92,17.7,51,1006.0,1
2022-04-14,Ha_Tinh,18.355,105.8877,24.6,92,14.1,46,1006.5,1
2022-04-15,Ha_Tinh,18.355,105.8877,26.1,91,18.7,53,1006.6,1
2022-04-16,Ha_Tinh,18.355,105.8877,26.7,88,18.9,90,1007.4,1
2022-04-17,Ha_Tinh,18.355,105.8877,24.0,94,23.8,100,1011.0,1
2022-04-18,Ha_Tinh,18.355,105.8877,21.5,92,24.7,100,1015.2,1
2022-04-19,Ha_Tinh,18.355,105.8877,20.5,83,17.5,88,1016.7,1
2022-04-20,Ha_Tinh,18.355,105.8877,21.8,79,15.6,95,1014.1,0
2022-04-21,Ha_Tinh,18.355,105.8877,22.9,86,13.7,82,1011.0,0
2022-04-22,Ha_Tinh,18.355,105.8877,25.1,90,16.1,40,1008.6,0
2022-04-23,Ha_Tinh,18.355,105.8877,26.4,88,14.6,24,1006.8,0
2022-04-24,Ha_Tinh,18.355,105.8877,28.2,86,16.3,26,1004.3,0
2022-04-25,Ha_Tinh,18.355,105.8877,29.7,79,8.8,61,1003.5,0
2022-04-26,Ha_Tinh,18.355,105.8877,29.7,79,16.3,40,1002.9,0
2022-04-27,Ha_Tinh,18.355,105.8877,28.9,83,16.9,73,1004.0,1
2022-04-28,Ha_Tinh,18.355,105.8877,28.3,86,23.3,94,1005.8,0
2022-04-29,Ha_Tinh,18.355,105.8877,27.0,88,17.0,99,1007.9,1
2022-04-30,Ha_Tinh,18.355,105.8877,26.2,90,18.4,97,1008.2,1
2022-05-01,Ha_Tinh,18.355,105.8877,22.5,92,31.2,100,1010.4,1
2022-05-02,Ha_Tinh,18.355,105.8877,19.8,81,20.1,100,1015.3,1
2022-05-03,Ha_Tinh,18.355,105.8877,21.6,72,17.7,90,1015.7,1
2022-05-04,Ha_Tinh,18.355,105.8877,22.4,69,13.7,56,1013.8,0
2022-05-05,Ha_Tinh,18.355,105.8877,23.4,79,9.7,42,1011.0,0
2022-05-06,Ha_Tinh,18.355,105.8877,24.4,86,12.4,94,1010.1,0
2022-05-07,Ha_Tinh,18.355,105.8877,25.2,89,13.9,94,1010.0,1
2022-05-08,Ha_Tinh,18.355,105.8877,25.8,92,15.0,98,1009.6,1
2022-05-09,Ha_Tinh,18.355,105.8877,26.2,90,14.5,56,1008.8,1
2022-05-10,Ha_Tinh,18.355,105.8877,28.2,84,16.3,70,1006.1,1
2022-05-11,Ha_Tinh,18.355,105.8877,29.4,79,17.1,79,1004.1,0
2022-05-12,Ha_Tinh,18.355,105.8877,29.2,80,13.7,88,1003.3,0
2022-05-13,Ha_Tinh,18.355,105.8877,29.4,80,13.3,86,1002.5,1
2022-05-14,Ha_Tinh,18.355,105.8877,27.8,90,11.5,100,1005.7,1
2022-05-15,Ha_Tinh,18.355,105.8877,27.3,91,21.0,95,1007.2,1
2022-05-16,Ha_Tinh,18.355,105.8877,22.9,86,23.5,100,1012.3,1
2022-05-17,Ha_Tinh,18.355,105.8877,23.0,80,14.4,100,1012.5,1
2022-05-18,Ha_Tinh,18.355,105.8877,24.2,78,13.3,99,1011.6,0
2022-05-19,Ha_Tinh,18.355,105.8877,25.4,83,14.5,82,1010.0,0
2022-05-20,Ha_Tinh,18.355,105.8877,26.6,87,16.2,92,1007.5,1
2022-05-21,Ha_Tinh,18.355,105.8877,26.4,90,18.1,97,1004.6,1
2022-05-22,Ha_Tinh,18.355,105.8877,27.5,84,21.0,99,1000.4,1
2022-05-23,Ha_Tinh,18.355,105.8877,28.7,79,15.9,100,1000.8,1
2022-05-24,Ha_Tinh,18.355,105.8877,27.4,89,12.3,100,1004.9,1
2022-05-25,Ha_Tinh,18.355,105.8877,27.6,89,11.2,95,1005.1,1
2022-05-26,Ha_Tinh,18.355,105.8877,29.3,82,13.7,91,1001.6,0
2022-05-27,Ha_Tinh,18.355,105.8877,29.6,78,11.2,100,999.9,1
2022-05-28,Ha_Tinh,18.355,105.8877,29.6,76,14.5,97,1000.1,0
2022-05-29,Ha_Tinh,18.355,105.8877,29.7,74,16.4,58,1001.2,0
2022-05-30,Ha_Tinh,18.355,105.8877,29.0,79,13.0,98,1002.2,1
2022-05-31,Ha_Tinh,18.355,105.8877,27.4,90,10.7,97,1003.7,1
2022-06-01,Ha_Tinh,18.355,105.8877,29.0,82,13.0,99,1003.6,1
2022-06-02,Ha_Tinh,18.355,105.8877,30.4,71,21.7,98,1002.4,1
2022-06-03,Ha_Tinh,18.355,105.8877,30.7,66,16.3,97,1002.1,0
2022-06-04,Ha_Tinh,18.355,105.8877,30.4,70,20.3,74,1002.2,0
2022-06-05,Ha_Tinh,18.355,105.8877,30.4,69,12.7,99,1001.7,0
2022-06-06,Ha_Tinh,18.355,105.8877,29.8,74,14.3,95,1002.1,1
2022-06-07,Ha_Tinh,18.355,105.8877,28.4,86,10.0,100,1003.1,1
2022-06-08,Ha_Tinh,18.355,105.8877,28.3,81,10.9,99,1003.3,1
2022-06-09,Ha_Tinh,18.355,105.8877,30.4,69,15.4,99,1002.7,0
2022-06-10,Ha_Tinh,18.355,105.8877,32.0,61,15.5,100,1001.9,0
2022-06-11,Ha_Tinh,18.355,105.8877,31.0,67,14.2,100,1003.3,0
2022-06-12,Ha_Tinh,18.355,105.8877,30.9,65,15.1,100,1004.0,0
2022-06-13,Ha_Tinh,18.355,105.8877,31.6,63,17.6,100,1003.6,0
2022-06-14,Ha_Tinh,18.355,105.8877,28.9,81,11.4,100,1005.5,1
2022-06-15,Ha_Tinh,18.355,105.8877,27.5,85,12.3,99,1007.2,1
2022-06-16,Ha_Tinh,18.355,105.8877,30.0,70,14.3,88,1006.0,0
2022-06-17,Ha_Tinh,18.355,105.8877,31.5,63,19.7,90,1004.1,0
2022-06-18,Ha_Tinh,18.355,105.8877,32.2,61,18.3,89,1002.6,0
2022-06-19,Ha_Tinh,18.355,105.8877,32.9,57,16.6,93,1001.3,1
2022-06-20,Ha_Tinh,18.355,105.8877,33.3,55,26.3,97,1000.0,0
2022-06-21,Ha_Tinh,18.355,105.8877,33.5,52,25.9,100,1000.5,0
2022-06-22,Ha_Tinh,18.355,105.8877,32.4,58,25.6,100,1004.1,0
2022-06-23,Ha_Tinh,18.355,105.8877,30.9,65,18.3,51,1006.4,0
2022-06-24,Ha_Tinh,18.355,105.8877,29.3,74,18.4,42,1005.9,1
2022-06-25,Ha_Tinh,18.355,105.8877,29.2,75,19.0,73,1004.9,1
2022-06-26,Ha_Tinh,18.355,105.8877,30.8,66,18.6,52,1005.7,1
2022-06-27,Ha_Tinh,18.355,105.8877,32.0,62,19.5,48,1004.5,0
2022-06-28,Ha_Tinh,18.355,105.8877,32.6,61,17.3,46,1001.8,0
2022-06-29,Ha_Tinh,18.355,105.8877,31.8,65,20.5,64,999.6,1
2022-06-30,Ha_Tinh,18.355,105.8877,29.3,82,14.5,98,1000.3,1
2022-07-01,Ha_Tinh,18.355,105.8877,27.7,84,14.4,100,1000.7,1
2022-07-02,Ha_Tinh,18.355,105.8877,29.6,75,15.5,100,998.0,1
2022-07-03,Ha_Tinh,18.355,105.8877,31.3,66,15.9,100,998.2,1
2022-07-04,Ha_Tinh,18.355,105.8877,32.1,64,15.9,100,998.8,0
2022-07-05,Ha_Tinh,18.355,105.8877,32.7,60,18.4,100,1000.7,1
2022-07-06,Ha_Tinh,18.355,105.8877,30.9,70,14.2,100,1002.8,1
2022-07-07,Ha_Tinh,18.355,105.8877,29.7,78,13.5,99,1002.8,1
2022-07-08,Ha_Tinh,18.355,105.8877,29.5,76,13.4,100,1003.4,1
2022-07-09,Ha_Tinh,18.355,105.8877,27.9,85,10.3,99,1003.3,1
2022-07-10,Ha_Tinh,18.355,105.8877,27.2,87,12.4,95,1004.1,1
2022-07-11,Ha_Tinh,18.355,105.8877,27.2,88,12.3,87,1003.9,1
2022-07-12,Ha_Tinh,18.355,105.8877,27.3,88,16.2,77,1003.6,1
2022-07-13,Ha_Tinh,18.355,105.8877,26.8,89,15.6,85,1003.3,1
2022-07-14,Ha_Tinh,18.355,105.8877,26.8,88,12.9,89,1003.2,1
2022-07-15,Ha_Tinh,18.355,105.8877,27.7,87,13.0,52,1004.2,1
2022-07-16,Ha_Tinh,18.355,105.8877,29.2,82,16.1,92,1004.1,1
2022-07-17,Ha_Tinh,18.355,105.8877,30.4,75,18.3,77,1003.3,1
2022-07-18,Ha_Tinh,18.355,105.8877,31.8,69,20.0,98,1001.2,0
2022-07-19,Ha_Tinh,18.355,105.8877,30.8,72,18.3,94,1001.3,0
2022-07-20,Ha_Tinh,18.355,105.8877,29.8,74,20.4,99,1004.6,1
2022-07-21,Ha_Tinh,18.355,105.8877,26.9,86,14.8,79,1007.4,1
2022-07-22,Ha_Tinh,18.355,105.8877,27.9,81,18.2,69,1009.1,1
2022-07-23,Ha_Tinh,18.355,105.8877,28.1,84,11.9,41,1008.5,1
2022-07-24,Ha_Tinh,18.355,105.8877,29.0,78,15.1,3,1006.9,0
2022-07-25,Ha_Tinh,18.355,105.8877,28.9,78,18.1,14,1007.3,0
2022-07-26,Ha_Tinh,18.355,105.8877,29.1,76,18.7,12,1006.7,0
2022-07-27,Ha_Tinh,18.355,105.8877,29.9,75,17.8,3,1005.7,0
2022-07-28,Ha_Tinh,18.355,105.8877,30.3,76,18.9,29,1005.5,1
2022-07-29,Ha_Tinh,18.355,105.8877,30.8,73,18.7,91,1004.3,0
2022-07-30,Ha_Tinh,18.355,105.8877,30.7,74,10.9,100,1003.2,1
2022-07-31,Ha_Tinh,18.355,105.8877,30.3,74,13.7,86,1002.4,1
2022-08-01,Ha_Tinh,18.355,105.8877,29.8,74,13.5,28,1003.5,1
2022-08-02,Ha_Tinh,18.355,105.8877,29.8,74,14.5,40,1005.2,1
2022-08-03,Ha_Tinh,18.355,105.8877,30.3,71,18.5,69,1005.6,1
2022-08-04,Ha_Tinh,18.355,105.8877,31.6,64,12.9,96,1003.3,1
2022-08-05,Ha_Tinh,18.355,105.8877,29.9,68,15.9,100,1002.6,1
2022-08-06,Ha_Tinh,18.355,105.8877,29.5,72,12.5,100,1002.9,1
2022-08-07,Ha_Tinh,18.355,105.8877,27.6,86,10.5,100,1004.1,1
2022-08-08,Ha_Tinh,18.355,105.8877,26.0,88,17.3,100,1004.4,1
2022-08-09,Ha_Tinh,18.355,105.8877,25.5,90,18.6,100,1003.1,1
2022-08-10,Ha_Tinh,18.355,105.8877,28.3,78,10.0,94,1000.5,0
2022-08-11,Ha_Tinh,18.355,105.8877,28.7,77,16.6,100,1000.6,1
2022-08-12,Ha_Tinh,18.355,105.8877,28.0,81,14.3,100,1004.5,1
2022-08-13,Ha_Tinh,18.355,105.8877,28.3,81,9.7,97,1005.8,0
2022-08-14,Ha_Tinh,18.355,105.8877,29.2,79,9.6,68,1005.4,1
2022-08-15,Ha_Tinh,18.355,105.8877,29.1,78,16.9,44,1004.1,0
2022-08-16,Ha_Tinh,18.355,105.8877,28.9,76,12.2,50,1003.9,0
2022-08-17,Ha_Tinh,18.355,105.8877,29.4,73,12.0,85,1003.9,0
2022-08-18,Ha_Tinh,18.355,105.8877,29.7,73,12.7,33,1003.4,1
2022-08-19,Ha_Tinh,18.355,105.8877,29.8,77,12.3,83,1002.6,1
2022-08-20,Ha_Tinh,18.355,105.8877,26.6,91,12.9,100,1001.9,1
2022-08-21,Ha_Tinh,18.355,105.8877,28.1,80,16.9,80,1002.1,1
2022-08-22,Ha_Tinh,18.355,105.8877,29.8,74,16.7,39,1004.2,1
2022-08-23,Ha_Tinh,18.355,105.8877,29.8,75,13.8,89,1005.0,0
2022-08-24,Ha_Tinh,18.355,105.8877,29.6,80,16.7,70,1003.3,1
2022-08-25,Ha_Tinh,18.355,105.8877,29.3,79,17.8,100,1000.4,1
2022-08-26,Ha_Tinh,18.355,105.8877,28.9,70,21.6,100,1003.2,1
2022-08-27,Ha_Tinh,18.355,105.8877,29.6,71,18.1,87,1007.0,0
2022-08-28,Ha_Tinh,18.355,105.8877,29.6,76,15.8,56,1007.0,0
2022-08-29,Ha_Tinh,18.355,105.8877,29.6,76,19.8,55,1008.5,0
2022-08-30,Ha_Tinh,18.355,105.8877,29.6,75,15.3,54,1008.3,1
2022-08-31,Ha_Tinh,18.355,105.8877,30.1,72,14.8,88,1006.3,0
2022-09-01,Ha_Tinh,18.355,105.8877,28.5,80,15.6,83,1007.9,1
2022-09-02,Ha_Tinh,18.355,105.8877,27.1,85,16.0,88,1008.1,1
2022-09-03,Ha_Tinh,18.355,105.8877,29.0,79,13.9,88,1005.5,1
2022-09-04,Ha_Tinh,18.355,105.8877,29.3,78,13.0,86,1006.0,1
2022-09-05,Ha_Tinh,18.355,105.8877,28.4,75,16.9,51,1007.5,1
2022-09-06,Ha_Tinh,18.355,105.8877,29.6,67,17.8,26,1007.5,0
2022-09-07,Ha_Tinh,18.355,105.8877,28.1,78,14.5,95,1009.3,1
2022-09-08,Ha_Tinh,18.355,105.8877,26.7,87,17.3,100,1009.8,1
2022-09-09,Ha_Tinh,18.355,105.8877,25.4,92,13.6,99,1011.4,1
2022-09-10,Ha_Tinh,18.355,105.8877,25.5,90,12.0,91,1011.4,1
2022-09-11,Ha_Tinh,18.355,105.8877,27.4,82,14.1,55,1009.4,1
2022-09-12,Ha_Tinh,18.355,105.8877,27.7,82,10.8,26,1008.5,1
2022-09-13,Ha_Tinh,18.355,105.8877,28.1,80,13.8,9,1008.7,0
2022-09-14,Ha_Tinh,18.355,105.8877,28.3,79,12.9,54,1008.4,0
2022-09-15,Ha_Tinh,18.355,105.8877,28.5,78,12.3,6,1005.9,0
2022-09-16,Ha_Tinh,18.355,105.8877,29.5,76,12.6,58,1003.6,1
2022-09-17,Ha_Tinh,18.355,105.8877,28.0,83,14.1,78,1005.3,1
2022-09-18,Ha_Tinh,18.355,105.8877,28.1,83,13.4,52,1006.4,1
2022-09-19,Ha_Tinh,18.355,105.8877,28.9,78,13.4,73,1006.1,0
2022-09-20,Ha_Tinh,18.355,105.8877,29.1,76,12.1,98,1005.8,0
2022-09-21,Ha_Tinh,18.355,105.8877,26.8,84,11.6,91,1007.7,1
2022-09-22,Ha_Tinh,18.355,105.8877,25.7,88,12.7,99,1008.4,1
2022-09-23,Ha_Tinh,18.355,105.8877,25.0,91,16.2,99,1008.5,1
2022-09-24,Ha_Tinh,18.355,105.8877,24.8,92,10.1,100,1007.9,1
2022-09-25,Ha_Tinh,18.355,105.8877,24.6,91,10.9,86,1009.2,1
2022-09-26,Ha_Tinh,18.355,105.8877,25.8,87,15.0,68,1009.2,1
2022-09-27,Ha_Tinh,18.355,105.8877,27.4,77,16.5,96,1005.8,1
2022-09-28,Ha_Tinh,18.355,105.8877,26.0,90,35.4,100,1001.3,1
2022-09-29,Ha_Tinh,18.355,105.8877,26.1,89,27.7,100,1003.1,1
2022-09-30,Ha_Tinh,18.355,105.8877,25.9,90,12.5,100,1006.7,1
2022-10-01,Ha_Tinh,18.355,105.8877,26.5,90,11.8,100,1008.2,1
2022-10-02,Ha_Tinh,18.355,105.8877,25.9,92,13.0,100,1009.5,1
2022-10-03,Ha_Tinh,18.355,105.8877,25.3,89,15.5,72,1011.3,1
2022-10-04,Ha_Tinh,18.355,105.8877,26.0,87,15.5,59,1012.5,1
2022-10-05,Ha_Tinh,18.355,105.8877,26.0,89,13.0,80,1012.4,1
2022-10-06,Ha_Tinh,18.355,105.8877,26.2,88,12.4,61,1012.3,1
2022-10-07,Ha_Tinh,18.355,105.8877,25.7,88,18.0,90,1012.6,1
2022-10-08,Ha_Tinh,18.355,105.8877,25.5,88,13.7,86,1012.8,1
2022-10-09,Ha_Tinh,18.355,105.8877,25.2,89,26.3,99,1014.4,1
2022-10-10,Ha_Tinh,18.355,105.8877,23.0,80,28.7,100,1018.1,1
2022-10-11,Ha_Tinh,18.355,105.8877,23.0,67,21.9,88,1016.5,1
2022-10-12,Ha_Tinh,18.355,105.8877,23.9,65,20.6,32,1014.8,0
2022-10-13,Ha_Tinh,18.355,105.8877,24.3,66,22.3,61,1013.4,1
2022-10-14,Ha_Tinh,18.355,105.8877,24.8,61,27.4,100,1011.1,0
2022-10-15,Ha_Tinh,18.355,105.8877,24.9,67,27.0,100,1010.6,1
2022-10-16,Ha_Tinh,18.355,105.8877,24.7,64,23.8,70,1012.9,0
2022-10-17,Ha_Tinh,18.355,105.8877,24.8,62,28.8,56,1013.4,0
2022-10-18,Ha_Tinh,18.355,105.8877,25.0,59,29.2,90,1013.4,0
2022-10-19,Ha_Tinh,18.355,105.8877,22.2,71,28.0,100,1014.5,1
2022-10-20,Ha_Tinh,18.355,105.8877,19.3,80,23.7,100,1015.5,1
2022-10-21,Ha_Tinh,18.355,105.8877,21.6,88,23.0,100,1015.9,1
2022-10-22,Ha_Tinh,18.355,105.8877,24.7,77,21.7,89,1015.7,1
2022-10-23,Ha_Tinh,18.355,105.8877,25.4,73,10.8,49,1014.3,0
2022-10-24,Ha_Tinh,18.355,105.8877,25.7,83,14.3,41,1013.2,0
2022-10-25,Ha_Tinh,18.355,105.8877,24.7,89,24.9,100,1014.1,1
2022-10-26,Ha_Tinh,18.355,105.8877,25.3,87,14.2,71,1013.5,1
2022-10-27,Ha_Tinh,18.355,105.8877,25.2,87,15.6,80,1013.2,1
2022-10-28,Ha_Tinh,18.355,105.8877,25.4,76,23.2,72,1013.8,1
2022-10-29,Ha_Tinh,18.355,105.8877,25.0,79,20.9,63,1013.7,1
2022-10-30,Ha_Tinh,18.355,105.8877,23.9,81,25.2,65,1012.9,1
2022-10-31,Ha_Tinh,18.355,105.8877,24.5,70,26.3,79,1013.3,1
2022-11-01,Ha_Tinh,18.355,105.8877,23.3,66,29.5,94,1013.3,0
2022-11-02,Ha_Tinh,18.355,105.8877,22.5,65,15.5,88,1011.9,0
2022-11-03,Ha_Tinh,18.355,105.8877,21.9,72,12.4,76,1012.9,0
2022-11-04,Ha_Tinh,18.355,105.8877,23.4,73,13.5,74,1015.6,1
2022-11-05,Ha_Tinh,18.355,105.8877,23.0,82,19.9,41,1017.6,1
2022-11-06,Ha_Tinh,18.355,105.8877,22.5,82,16.8,23,1017.0,1
2022-11-07,Ha_Tinh,18.355,105.8877,22.5,81,12.7,19,1015.9,1
2022-11-08,Ha_Tinh,18.355,105.8877,22.9,81,15.2,33,1015.8,1
2022-11-09,Ha_Tinh,18.355,105.8877,23.4,83,15.1,56,1015.5,1
2022-11-10,Ha_Tinh,18.355,105.8877,23.8,89,17.8,100,1014.8,1
2022-11-11,Ha_Tinh,18.355,105.8877,24.2,91,14.0,49,1014.2,1
2022-11-12,Ha_Tinh,18.355,105.8877,24.1,89,13.4,82,1013.2,1
2022-11-13,Ha_Tinh,18.355,105.8877,24.6,87,13.3,50,1013.5,1
2022-11-14,Ha_Tinh,18.355,105.8877,25.0,88,13.4,41,1013.7,1
2022-11-15,Ha_Tinh,18.355,105.8877,24.9,90,12.5,35,1012.8,1
2022-11-16,Ha_Tinh,18.355,105.8877,25.1,88,16.1,29,1011.4,1
2022-11-17,Ha_Tinh,18.355,105.8877,25.4,88,14.8,46,1011.0,1
2022-11-18,Ha_Tinh,18.355,105.8877,25.7,88,14.8,41,1012.2,1
2022-11-19,Ha_Tinh,18.355,105.8877,25.6,86,17.1,61,1012.5,1
2022-11-20,Ha_Tinh,18.355,105.8877,24.3,89,17.6,94,1011.6,1
2022-11-21,Ha_Tinh,18.355,105.8877,24.8,87,22.0,87,1010.1,1
2022-11-22,Ha_Tinh,18.355,105.8877,24.4,92,25.0,99,1009.6,1
2022-11-23,Ha_Tinh,18.355,105.8877,24.7,92,12.4,97,1010.6,1
2022-11-24,Ha_Tinh,18.355,105.8877,24.6,92,12.9,100,1011.7,1
2022-11-25,Ha_Tinh,18.355,105.8877,24.9,91,12.4,95,1012.8,1
2022-11-26,Ha_Tinh,18.355,105.8877,25.2,90,13.7,81,1011.7,1
2022-11-27,Ha_Tinh,18.355,105.8877,25.8,88,13.8,66,1008.9,1
2022-11-28,Ha_Tinh,18.355,105.8877,26.4,85,15.5,32,1008.4,0
2022-11-29,Ha_Tinh,18.355,105.8877,26.9,87,14.5,51,1009.5,1
2022-11-30,Ha_Tinh,18.355,105.8877,26.4,85,21.0,21,1012.4,1
2022-12-01,Ha_Tinh,18.355,105.8877,22.0,90,29.1,99,1016.4,1
2022-12-02,Ha_Tinh,18.355,105.8877,16.8,85,25.0,100,1018.6,1
2022-12-03,Ha_Tinh,18.355,105.8877,19.0,77,17.8,100,1016.0,1
2022-12-04,Ha_Tinh,18.355,105.8877,20.9,88,22.7,100,1016.1,1
2022-12-05,Ha_Tinh,18.355,105.8877,18.5,87,22.6,100,1019.5,1
2022-12-06,Ha_Tinh,18.355,105.8877,17.9,82,20.3,100,1017.9,1
2022-12-07,Ha_Tinh,18.355,105.8877,18.7,87,21.2,100,1016.8,1
2022-12-08,Ha_Tinh,18.355,105.8877,19.4,84,20.9,100,1016.5,1
2022-12-09,Ha_Tinh,18.355,105.8877,19.9,90,18.8,100,1015.2,1
2022-12-10,Ha_Tinh,18.355,105.8877,20.9,90,15.5,100,1014.6,1
2022-12-11,Ha_Tinh,18.355,105.8877,19.6,89,18.1,100,1016.3,1
2022-12-12,Ha_Tinh,18.355,105.8877,19.1,74,26.4,81,1018.6,1
2022-12-13,Ha_Tinh,18.355,105.8877,18.2,70,17.4,71,1018.7,0
2022-12-14,Ha_Tinh,18.355,105.8877,18.2,69,25.9,30,1020.2,0
2022-12-15,Ha_Tinh,18.355,105.8877,17.3,73,14.1,47,1016.5,0
2022-12-16,Ha_Tinh,18.355,105.8877,18.6,82,18.2,63,1016.0,1
2022-12-17,Ha_Tinh,18.355,105.8877,18.5,71,31.5,100,1023.9,1
2022-12-18,Ha_Tinh,18.355,105.8877,16.8,53,31.8,84,1025.1,1
2022-12-19,Ha_Tinh,18.355,105.8877,15.9,62,20.4,96,1019.5,0
2022-12-20,Ha_Tinh,18.355,105.8877,18.0,71,12.7,99,1016.0,1
2022-12-21,Ha_Tinh,18.355,105.8877,18.7,75,26.8,77,1017.2,1
2022-12-22,Ha_Tinh,18.355,105.8877,17.2,76,15.9,47,1015.9,0
2022-12-23,Ha_Tinh,18.355,105.8877,18.6,78,16.5,71,1016.5,1
2022-12-24,Ha_Tinh,18.355,105.8877,19.4,79,18.5,82,1018.5,1
2022-12-25,Ha_Tinh,18.355,105.8877,18.1,78,15.8,56,1018.9,0
2022-12-26,Ha_Tinh,18.355,105.8877,18.4,84,11.9,41,1019.4,0
2022-12-27,Ha_Tinh,18.355,105.8877,19.6,87,11.8,81,1018.7,1
2022-12-28,Ha_Tinh,18.355,105.8877,19.5,88,25.0,72,1019.4,1
2022-12-29,Ha_Tinh,18.355,105.8877,16.0,75,22.6,100,1024.0,1
2022-12-30,Ha_Tinh,18.355,105.8877,15.7,75,18.9,100,1025.1,1
2022-12-31,Ha_Tinh,18.355,105.8877,16.1,74,19.0,100,1023.9,1
2023-01-01,Ha_Tinh,18.355,105.8877,17.0,76,18.2,92,1022.8,1
2023-01-02,Ha_Tinh,18.355,105.8877,16.8,82,20.2,100,1023.1,1
2023-01-03,Ha_Tinh,18.355,105.8877,16.6,91,22.0,100,1023.5,1
2023-01-04,Ha_Tinh,18.355,105.8877,17.4,86,17.6,100,1021.7,1
2023-01-05,Ha_Tinh,18.355,105.8877,18.4,87,22.9,100,1021.5,1
2023-01-06,Ha_Tinh,18.355,105.8877,19.5,80,28.5,97,1022.9,1
2023-01-07,Ha_Tinh,18.355,105.8877,18.2,72,18.0,50,1020.1,0
2023-01-08,Ha_Tinh,18.355,105.8877,18.3,73,14.2,96,1018.3,0
2023-01-09,Ha_Tinh,18.355,105.8877,19.1,82,14.8,100,1018.4,1
2023-01-10,Ha_Tinh,18.355,105.8877,19.4,91,16.6,100,1017.1,1
2023-01-11,Ha_Tinh,18.355,105.8877,19.6,92,14.6,98,1014.7,1
2023-01-12,Ha_Tinh,18.355,105.8877,19.6,93,11.4,69,1011.8,1
2023-01-13,Ha_Tinh,18.355,105.8877,20.9,92,12.9,46,1009.1,0
2023-01-14,Ha_Tinh,18.355,105.8877,21.8,82,12.1,4,1006.7,0
2023-01-15,Ha_Tinh,18.355,105.8877,19.9,86,24.3,61,1011.5,1
2023-01-16,Ha_Tinh,18.355,105.8877,16.5,81,26.2,100,1020.0,1
2023-01-17,Ha_Tinh,18.355,105.8877,15.1,82,23.3,100,1022.0,1
2023-01-18,Ha_Tinh,18.355,105.8877,15.3,83,17.4,97,1023.8,1
2023-01-19,Ha_Tinh,18.355,105.8877,15.7,84,19.0,100,1021.6,1
2023-01-20,Ha_Tinh,18.355,105.8877,16.6,83,14.3,87,1020.7,1
2023-01-21,Ha_Tinh,18.355,105.8877,16.3,82,13.1,48,1017.4,0
2023-01-22,Ha_Tinh,18.355,105.8877,18.6,89,14.2,86,1014.1,0
2023-01-23,Ha_Tinh,18.355,105.8877,20.7,90,15.5,86,1014.3,1
2023-01-24,Ha_Tinh,18.355,105.8877,17.4,72,36.2,76,1023.4,1
2023-01-25,Ha_Tinh,18.355,105.8877,15.5,69,13.1,73,1020.4,0
2023-01-26,Ha_Tinh,18.355,105.8877,16.2,85,13.3,24,1015.7,0
2023-01-27,Ha_Tinh,18.355,105.8877,17.6,81,33.2,99,1021.4,1
2023-01-28,Ha_Tinh,18.355,105.8877,15.0,65,26.2,72,1023.3,1
2023-01-29,Ha_Tinh,18.355,105.8877,14.0,66,23.9,17,1023.3,0
2023-01-30,Ha_Tinh,18.355,105.8877,14.2,69,13.7,3,1021.2,0
2023-01-31,Ha_Tinh,18.355,105.8877,14.7,80,11.8,5,1015.1,0
2023-02-01,Ha_Tinh,18.355,105.8877,17.1,92,14.8,54,1012.1,0
2023-02-02,Ha_Tinh,18.355,105.8877,19.8,93,11.0,90,1014.4,1
2023-02-03,Ha_Tinh,18.355,105.8877,20.6,95,10.9,99,1014.4,1
2023-02-04,Ha_Tinh,18.355,105.8877,21.7,94,18.1,87,1012.3,1
2023-02-05,Ha_Tinh,18.355,105.8877,22.2,93,17.6,90,1011.1,1
2023-02-06,Ha_Tinh,18.355,105.8877,22.0,93,17.4,60,1010.4,1
2023-02-07,Ha_Tinh,18.355,105.8877,22.0,94,14.9,63,1011.0,1
2023-02-08,Ha_Tinh,18.355,105.8877,23.0,93,21.3,71,1010.9,1
2023-02-09,Ha_Tinh,18.355,105.8877,23.1,92,16.4,78,1011.4,1
2023-02-10,Ha_Tinh,18.355,105.8877,22.7,95,17.8,66,1011.3,1
2023-02-11,Ha_Tinh,18.355,105.8877,23.4,91,18.6,36,1009.0,0
2023-02-12,Ha_Tinh,18.355,105.8877,26.8,81,16.2,16,1007.6,0
2023-02-13,Ha_Tinh,18.355,105.8877,24.5,85,13.5,26,1008.7,0
2023-02-14,Ha_Tinh,18.355,105.8877,19.9,90,27.3,97,1016.3,1
2023-02-15,Ha_Tinh,18.355,105.8877,17.4,82,25.5,100,1021.2,1
2023-02-16,Ha_Tinh,18.355,105.8877,17.5,90,21.6,100,1021.7,1
2023-02-17,Ha_Tinh,18.355,105.8877,17.7,86,15.1,89,1019.1,1
2023-02-18,Ha_Tinh,18.355,105.8877,19.2,88,11.6,97,1016.1,0
2023-02-19,Ha_Tinh,18.355,105.8877,20.5,89,19.7,93,1017.6,1
2023-02-20,Ha_Tinh,18.355,105.8877,19.6,82,16.6,86,1018.2,1
2023-02-21,Ha_Tinh,18.355,105.8877,19.7,87,16.5,74,1018.6,1
2023-02-22,Ha_Tinh,18.355,105.8877,20.4,89,12.5,67,1018.1,1
2023-02-23,Ha_Tinh,18.355,105.8877,20.3,90,12.0,65,1015.9,0
2023-02-24,Ha_Tinh,18.355,105.8877,19.8,90,22.2,70,1018.0,1
2023-02-25,Ha_Tinh,18.355,105.8877,18.7,71,24.5,61,1025.1,1
2023-02-26,Ha_Tinh,18.355,105.8877,17.7,75,28.0,75,1026.8,1
2023-02-27,Ha_Tinh,18.355,105.8877,17.2,75,17.6,90,1024.5,0
2023-02-28,Ha_Tinh,18.355,105.8877,18.5,86,13.0,69,1021.4,1
2023-03-01,Ha_Tinh,18.355,105.8877,18.8,89,13.8,84,1020.4,1
2023-03-02,Ha_Tinh,18.355,105.8877,20.1,86,16.0,48,1021.9,1
2023-03-03,Ha_Tinh,18.355,105.8877,19.0,89,15.0,37,1021.9,0
2023-03-04,Ha_Tinh,18.355,105.8877,19.8,87,20.3,50,1023.0,1
2023-03-05,Ha_Tinh,18.355,105.8877,19.2,86,15.7,46,1021.6,0
2023-03-06,Ha_Tinh,18.355,105.8877,19.4,89,14.2,50,1018.9,1
2023-03-07,Ha_Tinh,18.355,105.8877,20.3,87,17.5,65,1017.7,1
2023-03-08,Ha_Tinh,18.355,105.8877,20.7,88,15.3,35,1017.4,0
2023-03-09,Ha_Tinh,18.355,105.8877,20.6,91,11.4,34,1017.8,1
2023-03-10,Ha_Tinh,18.355,105.8877,20.7,86,19.6,5,1014.7,0
2023-03-11,Ha_Tinh,18.355,105.8877,21.1,86,21.3,69,1015.1,1
2023-03-12,Ha_Tinh,18.355,105.8877,21.7,87,14.5,71,1017.3,1
2023-03-13,Ha_Tinh,18.355,105.8877,19.9,77,30.4,94,1019.9,1
2023-03-14,Ha_Tinh,18.355,105.8877,19.3,77,17.0,67,1014.5,0
2023-03-15,Ha_Tinh,18.355,105.8877,21.5,87,19.9,68,1013.2,1
2023-03-16,Ha_Tinh,18.355,105.8877,22.9,87,21.5,82,1015.1,1
2023-03-17,Ha_Tinh,18.355,105.8877,22.5,89,20.5,52,1013.6,1
2023-03-18,Ha_Tinh,18.355,105.8877,22.5,87,19.8,67,1012.6,0
2023-03-19,Ha_Tinh,18.355,105.8877,23.0,87,26.7,79,1010.8,1
2023-03-20,Ha_Tinh,18.355,105.8877,24.3,88,14.6,66,1007.7,0
2023-03-21,Ha_Tinh,18.355,105.8877,27.5,82,14.8,27,1005.1,0
2023-03-22,Ha_Tinh,18.355,105.8877,30.5,61,20.5,22,1003.2,0
2023-03-23,Ha_Tinh,18.355,105.8877,31.2,56,22.1,16,1003.2,0
2023-03-24,Ha_Tinh,18.355,105.8877,30.2,65,17.3,63,1004.5,0
2023-03-25,Ha_Tinh,18.355,105.8877,26.3,87,17.0,33,1007.2,0
2023-03-26,Ha_Tinh,18.355,105.8877,24.3,92,20.2,100,1009.6,1
2023-03-27,Ha_Tinh,18.355,105.8877,22.4,90,21.4,100,1012.5,1
2023-03-28,Ha_Tinh,18.355,105.8877,21.5,89,18.8,100,1014.5,1
2023-03-29,Ha_Tinh,18.355,105.8877,22.0,87,13.5,100,1013.3,1
2023-03-30,Ha_Tinh,18.355,105.8877,22.8,88,11.8,96,1011.0,1
2023-03-31,Ha_Tinh,18.355,105.8877,24.0,90,13.7,96,1010.1,1
2023-04-01,Ha_Tinh,18.355,105.8877,25.0,93,15.9,58,1008.2,1
2023-04-02,Ha_Tinh,18.355,105.8877,27.0,84,19.7,61,1005.9,0
2023-04-03,Ha_Tinh,18.355,105.8877,29.0,74,20.3,43,1004.4,0
2023-04-04,Ha_Tinh,18.355,105.8877,30.2,61,21.9,13,1003.3,0
2023-04-05,Ha_Tinh,18.355,105.8877,30.3,61,20.5,20,1003.7,0
2023-04-06,Ha_Tinh,18.355,105.8877,27.9,80,16.8,20,1006.5,0
2023-04-07,Ha_Tinh,18.355,105.8877,24.2,89,17.7,100,1013.0,1
2023-04-08,Ha_Tinh,18.355,105.8877,23.1,92,21.4,100,1016.3,1
2023-04-09,Ha_Tinh,18.355,105.8877,21.6,86,14.3,90,1015.6,1
2023-04-10,Ha_Tinh,18.355,105.8877,23.3,91,13.5,82,1010.7,0
2023-04-11,Ha_Tinh,18.355,105.8877,25.3,92,13.6,76,1007.6,0
2023-04-12,Ha_Tinh,18.355,105.8877,25.9,91,18.2,69,1008.2,1
2023-04-13,Ha_Tinh,18.355,105.8877,26.8,89,26.0,90,1007.4,1
2023-04-14,Ha_Tinh,18.355,105.8877,27.0,91,17.3,96,1006.3,0
2023-04-15,Ha_Tinh,18.355,105.8877,25.6,93,23.2,93,1009.4,1
2023-04-16,Ha_Tinh,18.355,105.8877,25.1,89,11.8,99,1008.8,1
2023-04-17,Ha_Tinh,18.355,105.8877,26.8,89,17.7,62,1006.2,0
2023-04-18,Ha_Tinh,18.355,105.8877,31.0,74,13.4,4,1004.1,0
2023-04-19,Ha_Tinh,18.355,105.8877,31.7,73,17.2,16,1000.8,0
2023-04-20,Ha_Tinh,18.355,105.8877,29.4,76,18.4,16,999.8,0
2023-04-21,Ha_Tinh,18.355,105.8877,30.0,72,14.9,14,1000.9,0
2023-04-22,Ha_Tinh,18.355,105.8877,30.6,77,18.0,9,1002.7,0
2023-04-23,Ha_Tinh,18.355,105.8877,29.1,76,20.2,17,1005.9,0
2023-04-24,Ha_Tinh,18.355,105.8877,27.6,83,17.4,52,1009.1,0
2023-04-25,Ha_Tinh,18.355,105.8877,26.0,88,26.4,67,1011.3,1
2023-04-26,Ha_Tinh,18.355,105.8877,23.3,87,22.4,97,1013.0,1
2023-04-27,Ha_Tinh,18.355,105.8877,24.7,84,22.0,64,1010.7,1
2023-04-28,Ha_Tinh,18.355,105.8877,26.8,86,20.9,33,1009.1,1
2023-04-29,Ha_Tinh,18.355,105.8877,26.3,89,18.8,66,1009.6,1
2023-04-30,Ha_Tinh,18.355,105.8877,24.3,82,19.7,92,1012.1,1
2023-05-01,Ha_Tinh,18.355,105.8877,24.4,79,13.1,22,1011.4,0
2023-05-02,Ha_Tinh,18.355,105.8877,25.8,85,24.3,28,1010.5,1
2023-05-03,Ha_Tinh,18.355,105.8877,27.3,85,18.1,49,1009.1,1
2023-05-04,Ha_Tinh,18.355,105.8877,29.4,82,17.7,35,1004.2,0
2023-05-05,Ha_Tinh,18.355,105.8877,32.9,64,17.0,32,1000.0,0
2023-05-06,Ha_Tinh,18.355,105.8877,33.2,66,15.9,16,998.7,0
2023-05-07,Ha_Tinh,18.355,105.8877,32.3,71,17.7,47,1000.0,1
2023-05-08,Ha_Tinh,18.355,105.8877,28.0,88,15.7,90,1006.5,1
2023-05-09,Ha_Tinh,18.355,105.8877,27.4,86,13.9,62,1008.7,1
2023-05-10,Ha_Tinh,18.355,105.8877,27.3,89,16.6,60,1008.8,1
2023-05-11,Ha_Tinh,18.355,105.8877,26.6,89,11.4,99,1010.3,1
2023-05-12,Ha_Tinh,18.355,105.8877,24.6,92,26.2,100,1011.8,1
2023-05-13,Ha_Tinh,18.355,105.8877,24.2,81,18.7,98,1012.3,1
2023-05-14,Ha_Tinh,18.355,105.8877,24.6,78,17.2,77,1011.4,1
2023-05-15,Ha_Tinh,18.355,105.8877,26.0,85,15.3,90,1008.8,0
2023-05-16,Ha_Tinh,18.355,105.8877,30.4,70,23.1,92,1005.4,0
2023-05-17,Ha_Tinh,18.355,105.8877,31.2,63,17.4,64,1004.5,0
2023-05-18,Ha_Tinh,18.355,105.8877,32.0,62,18.0,35,1003.8,0
2023-05-19,Ha_Tinh,18.355,105.8877,31.4,70,14.8,12,1003.0,0
2023-05-20,Ha_Tinh,18.355,105.8877,32.1,64,14.9,36,1003.4,1
2023-05-21,Ha_Tinh,18.355,105.8877,32.2,69,15.3,23,1004.5,0
2023-05-22,Ha_Tinh,18.355,105.8877,32.6,64,19.9,52,1004.5,0
2023-05-23,Ha_Tinh,18.355,105.8877,31.8,65,25.8,68,1004.4,0
2023-05-24,Ha_Tinh,18.355,105.8877,30.1,75,16.4,83,1005.5,0
2023-05-25,Ha_Tinh,18.355,105.8877,29.2,78,14.4,83,1006.5,0
2023-05-26,Ha_Tinh,18.355,105.8877,28.8,78,13.7,46,1007.3,1
2023-05-27,Ha_Tinh,18.355,105.8877,28.9,81,13.3,36,1006.1,1
2023-05-28,Ha_Tinh,18.355,105.8877,28.6,82,18.1,16,1006.8,1
2023-05-29,Ha_Tinh,18.355,105.8877,28.4,83,15.2,26,1007.4,1
2023-05-30,Ha_Tinh,18.355,105.8877,28.8,82,16.6,4,1005.7,1
2023-05-31,Ha_Tinh,18.355,105.8877,30.2,77,15.5,18,1002.7,0
2023-06-01,Ha_Tinh,18.355,105.8877,32.3,66,20.4,58,1000.7,0
2023-06-02,Ha_Tinh,18.355,105.8877,32.4,63,23.1,83,1001.8,0
2023-06-03,Ha_Tinh,18.355,105.8877,32.2,64,17.0,48,1004.0,0
2023-06-04,Ha_Tinh,18.355,105.8877,31.1,69,13.4,50,1004.4,1
2023-06-05,Ha_Tinh,18.355,105.8877,29.8,78,12.8,98,1004.2,1
2023-06-06,Ha_Tinh,18.355,105.8877,28.2,84,15.0,100,1004.6,1
2023-06-07,Ha_Tinh,18.355,105.8877,28.3,81,12.6,93,1005.2,1
2023-06-08,Ha_Tinh,18.355,105.8877,30.6,69,17.4,89,1003.6,1
2023-06-09,Ha_Tinh,18.355,105.8877,29.4,75,14.3,99,1002.9,1
2023-06-10,Ha_Tinh,18.355,105.8877,30.1,74,13.0,78,1001.4,1
2023-06-11,Ha_Tinh,18.355,105.8877,30.4,72,13.5,96,1000.9,1
2023-06-12,Ha_Tinh,18.355,105.8877,30.0,76,16.8,99,1001.5,1
2023-06-13,Ha_Tinh,18.355,105.8877,31.4,64,19.3,100,1001.6,0
2023-06-14,Ha_Tinh,18.355,105.8877,31.5,65,17.8,100,1003.5,1
2023-06-15,Ha_Tinh,18.355,105.8877,31.9,62,15.8,99,1003.2,0
2023-06-16,Ha_Tinh,18.355,105.8877,32.4,62,20.1,100,1002.4,1
2023-06-17,Ha_Tinh,18.355,105.8877,32.4,60,19.1,99,1003.2,1
2023-06-18,Ha_Tinh,18.355,105.8877,29.6,74,18.5,100,1003.9,1
2023-06-19,Ha_Tinh,18.355,105.8877,31.0,65,16.4,96,1003.3,0
2023-06-20,Ha_Tinh,18.355,105.8877,31.6,66,14.7,56,1003.3,0
2023-06-21,Ha_Tinh,18.355,105.8877,32.0,65,13.1,58,1004.0,1
2023-06-22,Ha_Tinh,18.355,105.8877,32.7,60,14.0,71,1003.7,1
2023-06-23,Ha_Tinh,18.355,105.8877,32.7,59,11.2,100,1003.0,1
2023-06-24,Ha_Tinh,18.355,105.8877,30.4,72,12.6,100,1003.1,1
2023-06-25,Ha_Tinh,18.355,105.8877,29.1,78,11.8,99,1004.4,1
2023-06-26,Ha_Tinh,18.355,105.8877,28.1,86,9.7,97,1005.3,1
2023-06-27,Ha_Tinh,18.355,105.8877,28.9,80,11.8,96,1006.1,1
2023-06-28,Ha_Tinh,18.355,105.8877,29.2,82,12.4,46,1007.0,1
2023-06-29,Ha_Tinh,18.355,105.8877,30.4,75,18.4,44,1004.3,0
2023-06-30,Ha_Tinh,18.355,105.8877,32.2,65,21.3,37,1002.2,0
2023-07-01,Ha_Tinh,18.355,105.8877,32.6,62,24.7,85,1002.4,0
2023-07-02,Ha_Tinh,18.355,105.8877,32.9,58,22.6,97,1003.3,0
2023-07-03,Ha_Tinh,18.355,105.8877,32.6,57,27.0,97,1004.0,1
2023-07-04,Ha_Tinh,18.355,105.8877,31.7,61,21.1,58,1004.4,0
2023-07-05,Ha_Tinh,18.355,105.8877,31.5,61,19.1,8,1004.5,1
2023-07-06,Ha_Tinh,18.355,105.8877,32.1,60,18.0,5,1005.2,0
2023-07-07,Ha_Tinh,18.355,105.8877,32.6,61,18.9,15,1005.2,0
2023-07-08,Ha_Tinh,18.355,105.8877,33.2,59,20.5,8,1005.7,1
2023-07-09,Ha_Tinh,18.355,105.8877,32.3,61,13.7,30,1006.2,1
2023-07-10,Ha_Tinh,18.355,105.8877,31.6,63,18.4,52,1005.8,1
2023-07-11,Ha_Tinh,18.355,105.8877,31.9,61,17.9,35,1005.3,1
2023-07-12,Ha_Tinh,18.355,105.8877,32.3,62,18.3,20,1004.8,0
2023-07-13,Ha_Tinh,18.355,105.8877,32.5,60,24.7,35,1003.4,0
2023-07-14,Ha_Tinh,18.355,105.8877,32.9,62,19.5,79,1002.6,0
2023-07-15,Ha_Tinh,18.355,105.8877,30.4,74,17.4,91,1001.8,1
2023-07-16,Ha_Tinh,18.355,105.8877,29.6,76,17.8,98,1000.4,1
2023-07-17,Ha_Tinh,18.355,105.8877,30.1,71,16.1,100,998.6,1
2023-07-18,Ha_Tinh,18.355,105.8877,30.7,70,20.2,100,998.3,1
2023-07-19,Ha_Tinh,18.355,105.8877,29.6,78,15.6,91,1001.9,1
2023-07-20,Ha_Tinh,18.355,105.8877,28.2,85,13.0,95,1004.7,1
2023-07-21,Ha_Tinh,18.355,105.8877,27.9,85,18.8,66,1007.6,1
2023-07-22,Ha_Tinh,18.355,105.8877,28.6,84,16.8,46,1009.0,1
2023-07-23,Ha_Tinh,18.355,105.8877,29.2,79,17.9,27,1007.6,1
2023-07-24,Ha_Tinh,18.355,105.8877,29.4,77,18.7,50,1005.8,1
2023-07-25,Ha_Tinh,18.355,105.8877,29.8,74,17.5,65,1005.4,1
2023-07-26,Ha_Tinh,18.355,105.8877,31.2,67,19.1,50,1003.6,0
2023-07-27,Ha_Tinh,18.355,105.8877,33.5,57,14.7,88,999.9,0
2023-07-28,Ha_Tinh,18.355,105.8877,32.2,67,13.2,93,998.1,1
2023-07-29,Ha_Tinh,18.355,105.8877,29.9,81,13.7,88,999.8,1
2023-07-30,Ha_Tinh,18.355,105.8877,30.7,73,13.5,87,1000.9,1
2023-07-31,Ha_Tinh,18.355,105.8877,31.0,69,12.6,100,1002.5,1
2023-08-01,Ha_Tinh,18.355,105.8877,29.2,78,8.9,100,1002.7,1
2023-08-02,Ha_Tinh,18.355,105.8877,26.9,89,10.0,100,1002.1,1
2023-08-03,Ha_Tinh,18.355,105.8877,26.9,90,8.2,99,1001.3,1
2023-08-04,Ha_Tinh,18.355,105.8877,28.2,81,18.0,100,1002.9,1
2023-08-05,Ha_Tinh,18.355,105.8877,28.3,79,12.6,99,1002.8,1
2023-08-06,Ha_Tinh,18.355,105.8877,28.3,80,11.5,100,1000.7,1
2023-08-07,Ha_Tinh,18.355,105.8877,27.4,82,8.6,100,1000.0,1
2023-08-08,Ha_Tinh,18.355,105.8877,29.3,75,10.7,74,1001.6,1
2023-08-09,Ha_Tinh,18.355,105.8877,30.3,73,10.0,72,1003.3,0
2023-08-10,Ha_Tinh,18.355,105.8877,30.6,72,11.7,95,1003.4,0
2023-08-11,Ha_Tinh,18.355,105.8877,29.1,79,13.6,100,1002.3,1
2023-08-12,Ha_Tinh,18.355,105.8877,30.0,76,17.3,93,1001.4,1
2023-08-13,Ha_Tinh,18.355,105.8877,29.7,78,14.9,99,1002.0,1
2023-08-14,Ha_Tinh,18.355,105.8877,29.6,77,10.7,81,1002.5,1
2023-08-15,Ha_Tinh,18.355,105.8877,29.9,76,12.0,92,1003.7,1
2023-08-16,Ha_Tinh,18.355,105.8877,30.4,73,16.9,99,1004.8,1
2023-08-17,Ha_Tinh,18.355,105.8877,30.5,73,13.4,61,1004.6,0
2023-08-18,Ha_Tinh,18.355,105.8877,31.6,72,15.0,90,1002.8,0
2023-08-19,Ha_Tinh,18.355,105.8877,30.9,75,13.7,94,1003.8,1
2023-08-20,Ha_Tinh,18.355,105.8877,28.8,85,9.7,95,1004.8,1
2023-08-21,Ha_Tinh,18.355,105.8877,29.1,83,10.0,76,1005.4,1
2023-08-22,Ha_Tinh,18.355,105.8877,29.7,79,10.5,99,1004.4,1
2023-08-23,Ha_Tinh,18.355,105.8877,31.3,66,18.9,98,1002.5,1
2023-08-24,Ha_Tinh,18.355,105.8877,30.0,74,17.1,88,1003.6,1
2023-08-25,Ha_Tinh,18.355,105.8877,30.1,73,14.4,99,1004.1,1
2023-08-26,Ha_Tinh,18.355,105.8877,31.3,69,11.3,90,1002.5,0
2023-08-27,Ha_Tinh,18.355,105.8877,31.7,67,7.1,97,1000.5,1
2023-08-28,Ha_Tinh,18.355,105.8877,29.3,78,14.8,100,1001.6,1
2023-08-29,Ha_Tinh,18.355,105.8877,28.2,79,13.4,100,1003.8,1
2023-08-30,Ha_Tinh,18.355,105.8877,28.4,73,22.1,93,1006.0,1
2023-08-31,Ha_Tinh,18.355,105.8877,28.3,72,18.1,64,1006.0,1
2023-09-01,Ha_Tinh,18.355,105.8877,28.9,68,16.5,43,1004.8,1
2023-09-02,Ha_Tinh,18.355,105.8877,30.4,63,20.1,73,1002.8,1
2023-09-03,Ha_Tinh,18.355,105.8877,29.7,68,22.1,54,1002.3,1
2023-09-04,Ha_Tinh,18.355,105.8877,28.0,72,22.1,75,1004.1,1
2023-09-05,Ha_Tinh,18.355,105.8877,26.9,85,16.9,95,1005.6,1
2023-09-06,Ha_Tinh,18.355,105.8877,27.6,87,14.6,98,1006.5,1
2023-09-07,Ha_Tinh,18.355,105.8877,27.8,88,9.0,99,1006.3,1
2023-09-08,Ha_Tinh,18.355,105.8877,28.3,85,10.9,86,1005.8,1
2023-09-09,Ha_Tinh,18.355,105.8877,28.2,87,11.8,90,1004.6,1
2023-09-10,Ha_Tinh,18.355,105.8877,27.8,89,8.1,100,1003.9,1
2023-09-11,Ha_Tinh,18.355,105.8877,27.6,88,8.1,100,1003.3,1
2023-09-12,Ha_Tinh,18.355,105.8877,29.2,79,11.2,98,1003.3,1
2023-09-13,Ha_Tinh,18.355,105.8877,27.8,83,10.7,100,1004.8,1
2023-09-14,Ha_Tinh,18.355,105.8877,27.3,80,21.4,93,1005.9,1
2023-09-15,Ha_Tinh,18.355,105.8877,26.3,84,21.6,100,1006.8,1
2023-09-16,Ha_Tinh,18.355,105.8877,26.2,89,14.3,100,1008.1,1
2023-09-17,Ha_Tinh,18.355,105.8877,26.4,90,8.9,97,1008.0,1
2023-09-18,Ha_Tinh,18.355,105.8877,27.2,88,9.5,90,1008.7,1
2023-09-19,Ha_Tinh,18.355,105.8877,28.1,86,11.4,67,1009.3,1
2023-09-20,Ha_Tinh,18.355,105.8877,28.6,84,11.7,10,1008.7,1
2023-09-21,Ha_Tinh,18.355,105.8877,28.6,84,16.3,13,1009.1,1
2023-09-22,Ha_Tinh,18.355,105.8877,28.3,85,17.1,15,1008.9,1
2023-09-23,Ha_Tinh,18.355,105.8877,28.5,82,13.0,23,1008.8,0
2023-09-24,Ha_Tinh,18.355,105.8877,28.3,81,15.2,69,1007.5,1
2023-09-25,Ha_Tinh,18.355,105.8877,25.7,91,24.5,100,1006.7,1
2023-09-26,Ha_Tinh,18.355,105.8877,26.1,91,25.5,100,1004.7,1
2023-09-27,Ha_Tinh,18.355,105.8877,26.5,89,13.8,100,1006.4,1
2023-09-28,Ha_Tinh,18.355,105.8877,25.7,91,11.7,100,1009.7,1
2023-09-29,Ha_Tinh,18.355,105.8877,26.2,91,10.3,100,1011.1,1
2023-09-30,Ha_Tinh,18.355,105.8877,27.0,88,11.0,77,1010.3,1
2023-10-01,Ha_Tinh,18.355,105.8877,27.6,86,14.5,12,1008.6,1
2023-10-02,Ha_Tinh,18.355,105.8877,27.7,84,13.8,53,1009.5,1
2023-10-03,Ha_Tinh,18.355,105.8877,27.8,83,11.4,22,1009.7,1
2023-10-04,Ha_Tinh,18.355,105.8877,28.2,83,13.0,59,1009.3,0
2023-10-05,Ha_Tinh,18.355,105.8877,28.3,85,14.7,38,1007.9,1
2023-10-06,Ha_Tinh,18.355,105.8877,28.7,86,10.1,46,1007.6,1
2023-10-07,Ha_Tinh,18.355,105.8877,26.7,89,12.6,84,1009.3,1
2023-10-08,Ha_Tinh,18.355,105.8877,25.6,88,18.1,98,1012.3,1
2023-10-09,Ha_Tinh,18.355,105.8877,26.0,79,20.3,88,1013.6,1
2023-10-10,Ha_Tinh,18.355,105.8877,24.8,89,22.1,98,1014.4,1
2023-10-11,Ha_Tinh,18.355,105.8877,24.9,85,18.6,99,1015.3,1
2023-10-12,Ha_Tinh,18.355,105.8877,24.6,92,16.0,100,1015.4,1
2023-10-13,Ha_Tinh,18.355,105.8877,24.8,91,18.4,100,1014.3,1
2023-10-14,Ha_Tinh,18.355,105.8877,25.4,89,16.8,94,1012.2,1
2023-10-15,Ha_Tinh,18.355,105.8877,25.6,80,22.0,84,1012.0,1
2023-10-16,Ha_Tinh,18.355,105.8877,25.0,81,19.7,76,1012.9,1
2023-10-17,Ha_Tinh,18.355,105.8877,25.9,81,24.7,93,1012.4,1
2023-10-18,Ha_Tinh,18.355,105.8877,26.4,80,24.5,100,1011.3,1
2023-10-19,Ha_Tinh,18.355,105.8877,27.0,81,13.0,95,1010.4,1
2023-10-20,Ha_Tinh,18.355,105.8877,27.0,77,27.6,64,1013.1,1
2023-10-21,Ha_Tinh,18.355,105.8877,25.6,65,23.9,100,1016.8,1
2023-10-22,Ha_Tinh,18.355,105.8877,23.8,79,21.4,100,1016.8,1
2023-10-23,Ha_Tinh,18.355,105.8877,23.9,89,22.7,95,1015.4,1
2023-10-24,Ha_Tinh,18.355,105.8877,24.9,90,16.2,100,1014.3,1
2023-10-25,Ha_Tinh,18.355,105.8877,25.3,91,20.2,100,1013.3,1
2023-10-26,Ha_Tinh,18.355,105.8877,25.5,91,12.0,95,1012.7,1
2023-10-27,Ha_Tinh,18.355,105.8877,26.2,89,14.1,91,1012.0,1
2023-10-28,Ha_Tinh,18.355,105.8877,25.7,90,15.5,94,1012.2,1
2023-10-29,Ha_Tinh,18.355,105.8877,25.2,90,14.0,96,1013.1,1
2023-10-30,Ha_Tinh,18.355,105.8877,24.5,91,23.3,98,1015.1,1
2023-10-31,Ha_Tinh,18.355,105.8877,24.6,87,21.9,86,1016.7,1
2023-11-01,Ha_Tinh,18.355,105.8877,24.9,84,16.8,81,1016.2,1
2023-11-02,Ha_Tinh,18.355,105.8877,24.8,82,11.3,26,1013.7,0
2023-11-03,Ha_Tinh,18.355,105.8877,25.4,87,12.6,18,1010.8,0
2023-11-04,Ha_Tinh,18.355,105.8877,26.0,90,14.5,31,1011.1,1
2023-11-05,Ha_Tinh,18.355,105.8877,26.2,90,14.5,60,1012.0,1
2023-11-06,Ha_Tinh,18.355,105.8877,25.8,89,19.1,82,1013.3,1
2023-11-07,Ha_Tinh,18.355,105.8877,25.4,88,16.2,81,1014.1,1
2023-11-08,Ha_Tinh,18.355,105.8877,25.5,87,14.3,69,1012.5,1
2023-11-09,Ha_Tinh,18.355,105.8877,25.9,88,14.3,58,1012.2,1
2023-11-10,Ha_Tinh,18.355,105.8877,26.4,88,11.4,73,1013.5,1
2023-11-11,Ha_Tinh,18.355,105.8877,26.3,89,12.0,47,1014.4,1
2023-11-12,Ha_Tinh,18.355,105.8877,25.6,90,13.9,55,1015.7,1
2023-11-13,Ha_Tinh,18.355,105.8877,23.1,91,37.1,96,1018.4,1
2023-11-14,Ha_Tinh,18.355,105.8877,19.2,82,27.1,100,1020.5,1
2023-11-15,Ha_Tinh,18.355,105.8877,21.8,81,19.1,99,1018.9,1
2023-11-16,Ha_Tinh,18.355,105.8877,21.8,83,38.6,100,1023.0,1
2023-11-17,Ha_Tinh,18.355,105.8877,21.0,61,24.3,78,1024.6,0
2023-11-18,Ha_Tinh,18.355,105.8877,21.3,63,19.2,65,1021.5,0
2023-11-19,Ha_Tinh,18.355,105.8877,20.4,71,20.8,62,1019.5,0
2023-11-20,Ha_Tinh,18.355,105.8877,21.0,74,16.8,69,1017.9,0
2023-11-21,Ha_Tinh,18.355,105.8877,20.9,80,13.8,42,1015.5,0
2023-11-22,Ha_Tinh,18.355,105.8877,21.6,88,11.9,80,1013.9,1
2023-11-23,Ha_Tinh,18.355,105.8877,22.8,90,18.0,98,1014.8,1
2023-11-24,Ha_Tinh,18.355,105.8877,23.1,84,18.7,85,1016.7,1
2023-11-25,Ha_Tinh,18.355,105.8877,23.0,85,18.0,77,1017.2,1
2023-11-26,Ha_Tinh,18.355,105.8877,23.1,91,21.7,96,1017.9,1
2023-11-27,Ha_Tinh,18.355,105.8877,22.7,85,17.6,50,1017.9,1
2023-11-28,Ha_Tinh,18.355,105.8877,22.4,83,16.9,49,1016.9,1
2023-11-29,Ha_Tinh,18.355,105.8877,22.5,86,14.3,75,1016.0,1
2023-11-30,Ha_Tinh,18.355,105.8877,23.3,90,22.3,100,1016.6,1
2023-12-01,Ha_Tinh,18.355,105.8877,23.3,90,33.1,100,1016.9,1
2023-12-02,Ha_Tinh,18.355,105.8877,20.8,91,24.0,100,1018.1,1
2023-12-03,Ha_Tinh,18.355,105.8877,20.5,90,23.4,100,1017.9,1
2023-12-04,Ha_Tinh,18.355,105.8877,21.7,91,18.6,100,1016.1,1
2023-12-05,Ha_Tinh,18.355,105.8877,22.9,88,11.8,96,1014.4,1
2023-12-06,Ha_Tinh,18.355,105.8877,21.7,91,29.0,85,1016.6,1
2023-12-07,Ha_Tinh,18.355,105.8877,20.9,76,17.4,65,1018.0,1
2023-12-08,Ha_Tinh,18.355,105.8877,20.4,80,12.6,79,1014.2,0
2023-12-09,Ha_Tinh,18.355,105.8877,22.6,89,15.4,39,1011.3,0
2023-12-10,Ha_Tinh,18.355,105.8877,24.0,90,18.6,77,1009.9,0
2023-12-11,Ha_Tinh,18.355,105.8877,24.1,90,14.9,70,1012.1,1
2023-12-12,Ha_Tinh,18.355,105.8877,23.4,91,12.6,40,1014.1,0
2023-12-13,Ha_Tinh,18.355,105.8877,23.6,88,11.9,42,1015.7,1
2023-12-14,Ha_Tinh,18.355,105.8877,23.4,90,9.4,74,1015.3,1
2023-12-15,Ha_Tinh,18.355,105.8877,24.1,91,13.4,76,1013.6,1
2023-12-16,Ha_Tinh,18.355,105.8877,22.9,90,30.1,97,1016.7,1
2023-12-17,Ha_Tinh,18.355,105.8877,16.8,88,24.4,100,1022.1,1
2023-12-18,Ha_Tinh,18.355,105.8877,18.3,80,19.4,100,1019.9,1
2023-12-19,Ha_Tinh,18.355,105.8877,19.1,90,22.1,100,1020.1,1
2023-12-20,Ha_Tinh,18.355,105.8877,16.2,82,22.0,100,1023.1,1
2023-12-21,Ha_Tinh,18.355,105.8877,16.2,77,24.2,100,1025.0,1
2023-12-22,Ha_Tinh,18.355,105.8877,15.2,67,28.2,100,1028.4,1
2023-12-23,Ha_Tinh,18.355,105.8877,14.0,68,25.8,100,1028.6,1
2023-12-24,Ha_Tinh,18.355,105.8877,15.4,57,25.6,98,1028.4,1
2023-12-25,Ha_Tinh,18.355,105.8877,15.7,59,22.0,93,1025.1,0
2023-12-26,Ha_Tinh,18.355,105.8877,17.4,70,17.4,93,1023.0,0
2023-12-27,Ha_Tinh,18.355,105.8877,18.8,79,16.9,93,1022.3,1
2023-12-28,Ha_Tinh,18.355,105.8877,19.8,86,13.4,92,1020.2,1
2023-12-29,Ha_Tinh,18.355,105.8877,20.5,88,14.9,98,1018.5,1
2023-12-30,Ha_Tinh,18.355,105.8877,21.0,94,17.4,100,1016.8,1
2023-12-31,Ha_Tinh,18.355,105.8877,21.6,94,13.4,99,1016.6,1
2024-01-01,Ha_Tinh,18.355,105.8877,22.0,92,12.5,79,1016.0,1
2024-01-02,Ha_Tinh,18.355,105.8877,21.1,92,13.8,67,1015.4,1
2024-01-03,Ha_Tinh,18.355,105.8877,20.5,92,25.9,95,1017.6,1
2024-01-04,Ha_Tinh,18.355,105.8877,19.3,88,17.6,100,1018.1,1
2024-01-05,Ha_Tinh,18.355,105.8877,20.3,90,11.2,69,1017.0,1
2024-01-06,Ha_Tinh,18.355,105.8877,20.4,92,13.4,61,1017.5,1
2024-01-07,Ha_Tinh,18.355,105.8877,21.1,91,10.5,42,1017.4,1
2024-01-08,Ha_Tinh,18.355,105.8877,21.6,88,16.7,33,1015.7,0
2024-01-09,Ha_Tinh,18.355,105.8877,21.6,89,17.9,25,1014.4,0
2024-01-10,Ha_Tinh,18.355,105.8877,21.6,91,15.5,42,1014.9,1
2024-01-11,Ha_Tinh,18.355,105.8877,22.4,87,22.0,41,1015.0,1
2024-01-12,Ha_Tinh,18.355,105.8877,22.4,85,21.7,26,1014.8,1
2024-01-13,Ha_Tinh,18.355,105.8877,21.8,88,19.0,63,1015.9,1
2024-01-14,Ha_Tinh,18.355,105.8877,21.8,87,17.1,37,1017.6,1
2024-01-15,Ha_Tinh,18.355,105.8877,21.4,89,15.1,75,1018.0,1
2024-01-16,Ha_Tinh,18.355,105.8877,21.8,85,22.2,29,1017.1,1
2024-01-17,Ha_Tinh,18.355,105.8877,21.9,85,19.9,37,1016.0,1
2024-01-18,Ha_Tinh,18.355,105.8877,21.4,88,14.1,54,1014.8,0
2024-01-19,Ha_Tinh,18.355,105.8877,21.7,88,18.4,73,1013.6,1
2024-01-20,Ha_Tinh,18.355,105.8877,21.7,87,16.6,40,1014.1,0
2024-01-21,Ha_Tinh,18.355,105.8877,22.3,84,17.9,45,1016.1,1
2024-01-22,Ha_Tinh,18.355,105.8877,19.2,87,37.9,93,1019.8,1
2024-01-23,Ha_Tinh,18.355,105.8877,12.4,87,23.8,100,1026.6,1
2024-01-24,Ha_Tinh,18.355,105.8877,12.0,86,23.5,100,1026.7,1
2024-01-25,Ha_Tinh,18.355,105.8877,12.9,82,26.3,100,1026.9,1
2024-01-26,Ha_Tinh,18.355,105.8877,14.1,83,22.4,100,1025.7,1
2024-01-27,Ha_Tinh,18.355,105.8877,14.9,82,18.7,100,1024.3,1
2024-01-28,Ha_Tinh,18.355,105.8877,14.2,85,19.7,100,1024.3,1
2024-01-29,Ha_Tinh,18.355,105.8877,15.1,86,16.9,98,1021.4,1
2024-01-30,Ha_Tinh,18.355,105.8877,17.7,88,10.5,92,1018.2,0
2024-01-31,Ha_Tinh,18.355,105.8877,20.4,92,12.6,68,1015.9,1
2024-02-01,Ha_Tinh,18.355,105.8877,21.3,93,13.7,53,1015.0,0
2024-02-02,Ha_Tinh,18.355,105.8877,22.2,94,17.5,72,1013.6,1
2024-02-03,Ha_Tinh,18.355,105.8877,22.8,93,20.1,61,1013.7,1
2024-02-04,Ha_Tinh,18.355,105.8877,23.0,93,14.8,57,1012.9,0
2024-02-05,Ha_Tinh,18.355,105.8877,23.1,94,14.5,62,1013.4,1
2024-02-06,Ha_Tinh,18.355,105.8877,23.5,94,17.9,74,1014.2,1
2024-02-07,Ha_Tinh,18.355,105.8877,23.6,94,15.6,86,1012.9,1
2024-02-08,Ha_Tinh,18.355,105.8877,19.7,87,20.7,100,1015.9,1
2024-02-09,Ha_Tinh,18.355,105.8877,16.8,83,23.5,100,1022.6,1
2024-02-10,Ha_Tinh,18.355,105.8877,15.7,79,16.4,93,1026.3,1
2024-02-11,Ha_Tinh,18.355,105.8877,17.1,74,18.7,73,1025.8,1
2024-02-12,Ha_Tinh,18.355,105.8877,17.1,80,12.7,38,1022.4,0
2024-02-13,Ha_Tinh,18.355,105.8877,18.5,89,11.3,48,1019.3,0
2024-02-14,Ha_Tinh,18.355,105.8877,19.9,91,17.7,51,1016.9,0
2024-02-15,Ha_Tinh,18.355,105.8877,21.3,92,14.0,73,1017.5,1
2024-02-16,Ha_Tinh,18.355,105.8877,21.4,93,16.4,57,1018.1,1
2024-02-17,Ha_Tinh,18.355,105.8877,21.6,88,21.4,75,1013.0,1
2024-02-18,Ha_Tinh,18.355,105.8877,22.6,90,14.4,59,1010.6,0
2024-02-19,Ha_Tinh,18.355,105.8877,24.9,87,17.0,26,1009.7,0
2024-02-20,Ha_Tinh,18.355,105.8877,25.8,87,21.6,17,1008.5,0
2024-02-21,Ha_Tinh,18.355,105.8877,26.2,85,21.7,45,1008.6,0
2024-02-22,Ha_Tinh,18.355,105.8877,25.5,89,21.3,18,1010.6,0
2024-02-23,Ha_Tinh,18.355,105.8877,23.8,94,21.6,79,1014.4,1
2024-02-24,Ha_Tinh,18.355,105.8877,22.3,95,18.1,100,1017.1,1
2024-02-25,Ha_Tinh,18.355,105.8877,19.4,90,20.6,100,1018.7,1
2024-02-26,Ha_Tinh,18.355,105.8877,19.7,88,18.4,100,1018.4,1
2024-02-27,Ha_Tinh,18.355,105.8877,19.2,87,22.3,100,1018.6,1
2024-02-28,Ha_Tinh,18.355,105.8877,18.8,86,11.2,100,1015.7,1
2024-02-29,Ha_Tinh,18.355,105.8877,19.8,88,21.9,97,1016.0,1
2024-03-01,Ha_Tinh,18.355,105.8877,17.9,80,24.5,100,1020.0,1
2024-03-02,Ha_Tinh,18.355,105.8877,16.7,81,21.7,100,1020.4,1
2024-03-03,Ha_Tinh,18.355,105.8877,17.4,87,14.8,59,1014.3,0
2024-03-04,Ha_Tinh,18.355,105.8877,23.1,85,18.0,32,1007.0,0
2024-03-05,Ha_Tinh,18.355,105.8877,27.9,71,18.4,20,1004.4,0
2024-03-06,Ha_Tinh,18.355,105.8877,23.1,82,25.3,20,1007.3,0
2024-03-07,Ha_Tinh,18.355,105.8877,21.2,87,18.0,98,1013.6,1
2024-03-08,Ha_Tinh,18.355,105.8877,20.6,88,19.1,100,1015.5,1
2024-03-09,Ha_Tinh,18.355,105.8877,20.4,87,16.7,100,1015.1,1
2024-03-10,Ha_Tinh,18.355,105.8877,20.3,87,16.7,100,1016.8,1
2024-03-11,Ha_Tinh,18.355,105.8877,19.5,86,19.9,84,1018.9,1
2024-03-12,Ha_Tinh,18.355,105.8877,19.7,85,9.5,72,1016.5,0
2024-03-13,Ha_Tinh,18.355,105.8877,21.5,91,15.0,51,1013.1,0
2024-03-14,Ha_Tinh,18.355,105.8877,23.2,94,13.7,81,1011.9,1
2024-03-15,Ha_Tinh,18.355,105.8877,24.2,93,14.4,65,1011.7,1
2024-03-16,Ha_Tinh,18.355,105.8877,23.9,92,18.1,54,1012.6,0
2024-03-17,Ha_Tinh,18.355,105.8877,23.8,92,19.4,56,1012.4,0
2024-03-18,Ha_Tinh,18.355,105.8877,24.1,93,15.6,78,1011.8,1
2024-03-19,Ha_Tinh,18.355,105.8877,21.8,92,31.9,99,1016.9,1
2024-03-20,Ha_Tinh,18.355,105.8877,18.9,87,20.4,100,1021.0,1
2024-03-21,Ha_Tinh,18.355,105.8877,20.3,84,15.9,59,1015.3,1
2024-03-22,Ha_Tinh,18.355,105.8877,23.0,88,16.3,37,1008.0,0
2024-03-23,Ha_Tinh,18.355,105.8877,24.7,90,18.8,65,1006.8,0
2024-03-24,Ha_Tinh,18.355,105.8877,27.5,84,17.7,35,1008.6,0
2024-03-25,Ha_Tinh,18.355,105.8877,25.9,91,17.7,17,1009.9,0
2024-03-26,Ha_Tinh,18.355,105.8877,24.5,93,20.6,84,1014.1,1
2024-03-27,Ha_Tinh,18.355,105.8877,24.8,92,16.4,82,1013.9,1
2024-03-28,Ha_Tinh,18.355,105.8877,24.6,93,18.1,97,1011.2,0
2024-03-29,Ha_Tinh,18.355,105.8877,24.3,93,17.7,94,1012.3,1
2024-03-30,Ha_Tinh,18.355,105.8877,26.7,87,22.1,57,1010.5,0
2024-03-31,Ha_Tinh,18.355,105.8877,30.4,68,21.2,2,1007.4,0
2024-04-01,Ha_Tinh,18.355,105.8877,30.5,67,15.7,3,1004.1,0
2024-04-02,Ha_Tinh,18.355,105.8877,31.0,61,16.6,4,1002.9,0
2024-04-03,Ha_Tinh,18.355,105.8877,31.9,60,20.7,14,1003.7,0
2024-04-04,Ha_Tinh,18.355,105.8877,30.2,69,19.9,5,1003.9,0
2024-04-05,Ha_Tinh,18.355,105.8877,28.1,81,15.5,26,1005.0,0
2024-04-06,Ha_Tinh,18.355,105.8877,26.6,90,16.9,60,1007.2,0
2024-04-07,Ha_Tinh,18.355,105.8877,26.6,89,16.9,43,1006.4,0
2024-04-08,Ha_Tinh,18.355,105.8877,25.8,92,18.9,96,1009.7,1
2024-04-09,Ha_Tinh,18.355,105.8877,24.8,92,17.1,100,1013.1,1
2024-04-10,Ha_Tinh,18.355,105.8877,24.7,92,13.3,77,1013.2,0
2024-04-11,Ha_Tinh,18.355,105.8877,25.3,92,20.2,47,1012.6,1
2024-04-12,Ha_Tinh,18.355,105.8877,25.6,90,20.0,39,1010.9,1
2024-04-13,Ha_Tinh,18.355,105.8877,26.7,87,19.5,30,1008.2,0
2024-04-14,Ha_Tinh,18.355,105.8877,27.3,88,16.2,54,1007.5,0
2024-04-15,Ha_Tinh,18.355,105.8877,27.7,86,17.8,49,1008.2,0
2024-04-16,Ha_Tinh,18.355,105.8877,27.5,85,20.2,68,1007.6,1
2024-04-17,Ha_Tinh,18.355,105.8877,29.1,82,12.1,72,1005.2,0
2024-04-18,Ha_Tinh,18.355,105.8877,28.9,83,18.6,49,1004.0,0
2024-04-19,Ha_Tinh,18.355,105.8877,30.4,68,25.4,41,1002.3,1
2024-04-20,Ha_Tinh,18.355,105.8877,32.3,58,21.8,75,1001.5,0
2024-04-21,Ha_Tinh,18.355,105.8877,32.7,60,19.8,30,1002.2,0
2024-04-22,Ha_Tinh,18.355,105.8877,29.0,82,14.4,39,1003.9,0
2024-04-23,Ha_Tinh,18.355,105.8877,28.5,88,16.9,52,1004.3,0
2024-04-24,Ha_Tinh,18.355,105.8877,28.3,88,18.9,44,1005.8,0
2024-04-25,Ha_Tinh,18.355,105.8877,29.1,87,18.0,28,1003.2,0
2024-04-26,Ha_Tinh,18.355,105.8877,33.2,64,17.4,12,1001.1,0
2024-04-27,Ha_Tinh,18.355,105.8877,34.4,51,17.8,8,1000.7,0
2024-04-28,Ha_Tinh,18.355,105.8877,35.4,42,19.8,6,1001.8,0
2024-04-29,Ha_Tinh,18.355,105.8877,34.2,55,19.8,5,1002.3,0
2024-04-30,Ha_Tinh,18.355,105.8877,35.1,47,18.0,9,999.6,0
2024-05-01,Ha_Tinh,18.355,105.8877,31.1,65,22.9,95,1002.6,1
2024-05-02,Ha_Tinh,18.355,105.8877,28.3,87,13.5,80,1006.5,1
2024-05-03,Ha_Tinh,18.355,105.8877,28.0,86,19.9,62,1006.7,1
2024-05-04,Ha_Tinh,18.355,105.8877,30.5,73,21.8,43,1003.9,0
2024-05-05,Ha_Tinh,18.355,105.8877,28.4,84,18.7,64,1006.2,1
2024-05-06,Ha_Tinh,18.355,105.8877,26.9,89,16.7,76,1009.3,1
2024-05-07,Ha_Tinh,18.355,105.8877,27.4,87,16.4,75,1011.4,1
2024-05-08,Ha_Tinh,18.355,105.8877,27.4,86,17.6,68,1010.9,1
2024-05-09,Ha_Tinh,18.355,105.8877,27.7,86,15.6,80,1010.8,1
2024-05-10,Ha_Tinh,18.355,105.8877,27.6,87,19.5,78,1010.4,1
2024-05-11,Ha_Tinh,18.355,105.8877,27.8,88,11.0,77,1010.1,1
2024-05-12,Ha_Tinh,18.355,105.8877,28.3,90,14.2,64,1009.2,1
2024-05-13,Ha_Tinh,18.355,105.8877,27.1,88,14.2,73,1010.4,1
2024-05-14,Ha_Tinh,18.355,105.8877,27.4,84,15.6,62,1010.3,1
2024-05-15,Ha_Tinh,18.355,105.8877,28.1,83,14.6,60,1010.7,1
2024-05-16,Ha_Tinh,18.355,105.8877,27.1,86,14.8,87,1011.4,1
2024-05-17,Ha_Tinh,18.355,105.8877,27.3,87,12.7,71,1009.2,1
2024-05-18,Ha_Tinh,18.355,105.8877,29.2,81,15.4,100,1004.5,0
2024-05-19,Ha_Tinh,18.355,105.8877,31.3,74,14.9,91,1001.4,0
2024-05-20,Ha_Tinh,18.355,105.8877,27.9,86,25.5,99,1005.3,1
2024-05-21,Ha_Tinh,18.355,105.8877,27.8,86,11.6,96,1007.4,1
2024-05-22,Ha_Tinh,18.355,105.8877,27.4,86,13.0,96,1007.9,1
2024-05-23,Ha_Tinh,18.355,105.8877,27.3,88,13.5,86,1007.4,1
2024-05-24,Ha_Tinh,18.355,105.8877,27.9,86,13.6,100,1007.2,1
2024-05-25,Ha_Tinh,18.355,105.8877,28.9,85,13.0,97,1006.7,1
2024-05-26,Ha_Tinh,18.355,105.8877,30.4,81,9.4,80,1005.0,1
2024-05-27,Ha_Tinh,18.355,105.8877,30.9,77,10.0,66,1002.1,0
2024-05-28,Ha_Tinh,18.355,105.8877,31.3,74,11.1,100,1001.3,1
2024-05-29,Ha_Tinh,18.355,105.8877,32.2,71,17.7,87,1000.4,0
2024-05-30,Ha_Tinh,18.355,105.8877,31.3,75,17.9,97,1000.7,1
2024-05-31,Ha_Tinh,18.355,105.8877,26.6,90,20.3,100,1005.5,1
2024-06-01,Ha_Tinh,18.355,105.8877,27.5,86,13.0,95,1007.5,1
2024-06-02,Ha_Tinh,18.355,105.8877,30.0,79,15.6,78,1006.1,0
2024-06-03,Ha_Tinh,18.355,105.8877,30.7,74,15.6,97,1003.8,0
2024-06-04,Ha_Tinh,18.355,105.8877,31.1,73,15.5,100,1003.3,0
2024-06-05,Ha_Tinh,18.355,105.8877,29.3,82,12.2,100,1005.7,1
2024-06-06,Ha_Tinh,18.355,105.8877,27.5,88,14.1,100,1007.4,1
2024-06-07,Ha_Tinh,18.355,105.8877,29.1,87,13.0,99,1004.4,1
2024-06-08,Ha_Tinh,18.355,105.8877,29.8,79,12.3,98,1002.4,1
2024-06-09,Ha_Tinh,18.355,105.8877,30.0,77,13.4,100,1002.8,1
2024-06-10,Ha_Tinh,18.355,105.8877,30.0,75,17.0,100,1004.5,1
2024-06-11,Ha_Tinh,18.355,105.8877,30.7,70,17.0,80,1004.7,1
2024-06-12,Ha_Tinh,18.355,105.8877,31.4,69,16.5,92,1004.5,1
2024-06-13,Ha_Tinh,18.355,105.8877,32.1,64,14.5,94,1002.3,0
2024-06-14,Ha_Tinh,18.355,105.8877,32.1,68,13.2,99,1000.7,0
2024-06-15,Ha_Tinh,18.355,105.8877,32.0,68,13.7,100,1001.2,0
2024-06-16,Ha_Tinh,18.355,105.8877,32.3,66,18.9,100,1002.4,0
2024-06-17,Ha_Tinh,18.355,105.8877,33.2,61,25.8,100,1002.0,0
2024-06-18,Ha_Tinh,18.355,105.8877,32.8,60,19.9,100,1001.3,0
2024-06-19,Ha_Tinh,18.355,105.8877,33.0,59,19.7,94,1000.8,1
2024-06-20,Ha_Tinh,18.355,105.8877,33.2,60,19.2,95,1000.6,0
2024-06-21,Ha_Tinh,18.355,105.8877,32.6,63,18.6,69,1000.9,1
2024-06-22,Ha_Tinh,18.355,105.8877,31.3,70,17.1,78,1001.9,1
2024-06-23,Ha_Tinh,18.355,105.8877,28.8,83,10.5,100,1002.6,1
2024-06-24,Ha_Tinh,18.355,105.8877,28.9,83,7.5,99,1002.3,1
2024-06-25,Ha_Tinh,18.355,105.8877,29.6,75,17.5,100,1003.6,1
2024-06-26,Ha_Tinh,18.355,105.8877,28.5,84,17.3,97,1006.2,1
2024-06-27,Ha_Tinh,18.355,105.8877,28.2,86,14.3,89,1007.7,1
2024-06-28,Ha_Tinh,18.355,105.8877,30.1,77,19.1,63,1005.5,1
2024-06-29,Ha_Tinh,18.355,105.8877,31.9,63,28.6,80,1004.1,0
2024-06-30,Ha_Tinh,18.355,105.8877,32.5,58,20.9,93,1003.5,0
2024-07-01,Ha_Tinh,18.355,105.8877,32.0,62,20.6,92,1002.1,0
2024-07-02,Ha_Tinh,18.355,105.8877,31.6,64,14.7,100,1002.3,1
2024-07-03,Ha_Tinh,18.355,105.8877,30.8,69,20.5,100,1005.9,1
2024-07-04,Ha_Tinh,18.355,105.8877,30.2,74,15.0,95,1007.8,1
2024-07-05,Ha_Tinh,18.355,105.8877,29.7,74,14.0,46,1005.6,1
2024-07-06,Ha_Tinh,18.355,105.8877,30.2,73,19.8,28,1004.8,1
2024-07-07,Ha_Tinh,18.355,105.8877,30.4,72,16.6,45,1005.7,1
2024-07-08,Ha_Tinh,18.355,105.8877,31.0,66,15.9,27,1004.9,1
2024-07-09,Ha_Tinh,18.355,105.8877,31.5,62,22.7,43,1004.6,0
2024-07-10,Ha_Tinh,18.355,105.8877,31.8,62,22.7,59,1004.8,0
2024-07-11,Ha_Tinh,18.355,105.8877,31.4,63,15.5,40,1003.1,0
2024-07-12,Ha_Tinh,18.355,105.8877,31.8,63,16.9,80,1001.0,1
2024-07-13,Ha_Tinh,18.355,105.8877,31.3,67,15.6,87,1000.4,1
2024-07-14,Ha_Tinh,18.355,105.8877,29.0,83,11.3,92,1003.0,1
2024-07-15,Ha_Tinh,18.355,105.8877,27.3,88,25.2,99,1003.6,1
2024-07-16,Ha_Tinh,18.355,105.8877,27.3,88,14.9,99,1004.2,1
2024-07-17,Ha_Tinh,18.355,105.8877,27.1,88,13.0,96,1003.8,1
2024-07-18,Ha_Tinh,18.355,105.8877,26.9,91,15.8,100,1003.5,1
2024-07-19,Ha_Tinh,18.355,105.8877,27.9,89,12.2,89,1002.9,1
2024-07-20,Ha_Tinh,18.355,105.8877,28.4,88,10.8,64,1004.1,1
2024-07-21,Ha_Tinh,18.355,105.8877,27.9,86,12.8,84,1004.2,1
2024-07-22,Ha_Tinh,18.355,105.8877,28.5,83,11.2,100,1002.2,0
2024-07-23,Ha_Tinh,18.355,105.8877,29.3,83,9.9,100,998.7,1
2024-07-24,Ha_Tinh,18.355,105.8877,29.5,77,14.5,100,996.4,1
2024-07-25,Ha_Tinh,18.355,105.8877,28.6,85,13.5,99,995.9,1
2024-07-26,Ha_Tinh,18.355,105.8877,30.4,78,9.2,71,996.7,0
2024-07-27,Ha_Tinh,18.355,105.8877,30.9,76,16.9,88,999.6,0
2024-07-28,Ha_Tinh,18.355,105.8877,30.0,80,10.5,100,1001.0,1
2024-07-29,Ha_Tinh,18.355,105.8877,29.4,78,14.0,99,1001.3,1
2024-07-30,Ha_Tinh,18.355,105.8877,27.9,85,13.2,100,1002.4,1
2024-07-31,Ha_Tinh,18.355,105.8877,28.4,76,22.8,100,1003.8,1
2024-08-01,Ha_Tinh,18.355,105.8877,29.0,74,19.0,99,1004.7,1
2024-08-02,Ha_Tinh,18.355,105.8877,28.5,73,21.1,99,1004.5,1
2024-08-03,Ha_Tinh,18.355,105.8877,29.2,70,22.3,62,1005.7,1
2024-08-04,Ha_Tinh,18.355,105.8877,29.3,76,13.4,15,1006.2,1
2024-08-05,Ha_Tinh,18.355,105.8877,29.7,74,12.1,23,1005.4,0
2024-08-06,Ha_Tinh,18.355,105.8877,30.1,74,14.7,66,1004.8,0
2024-08-07,Ha_Tinh,18.355,105.8877,30.5,72,11.7,18,1005.1,0
2024-08-08,Ha_Tinh,18.355,105.8877,30.9,71,15.2,11,1005.1,0
2024-08-09,Ha_Tinh,18.355,105.8877,31.8,68,22.0,57,1003.3,0
2024-08-10,Ha_Tinh,18.355,105.8877,32.6,66,16.6,53,1001.4,0
2024-08-11,Ha_Tinh,18.355,105.8877,31.0,72,15.1,92,1001.0,1
2024-08-12,Ha_Tinh,18.355,105.8877,30.6,75,14.5,97,1001.3,1
2024-08-13,Ha_Tinh,18.355,105.8877,31.1,67,17.1,84,1003.4,1
2024-08-14,Ha_Tinh,18.355,105.8877,30.5,78,14.0,99,1004.7,1
2024-08-15,Ha_Tinh,18.355,105.8877,30.3,79,10.3,96,1004.0,1
2024-08-16,Ha_Tinh,18.355,105.8877,29.4,83,10.3,90,1003.8,1
2024-08-17,Ha_Tinh,18.355,105.8877,30.1,77,12.2,99,1005.2,1
2024-08-18,Ha_Tinh,18.355,105.8877,31.1,67,12.6,89,1005.2,0
2024-08-19,Ha_Tinh,18.355,105.8877,31.7,67,13.7,90,1004.0,1
2024-08-20,Ha_Tinh,18.355,105.8877,31.9,63,23.7,95,1004.4,1
2024-08-21,Ha_Tinh,18.355,105.8877,32.2,61,17.7,99,1005.6,1
2024-08-22,Ha_Tinh,18.355,105.8877,32.3,59,17.4,75,1006.5,1
2024-08-23,Ha_Tinh,18.355,105.8877,31.3,63,15.7,94,1008.0,1
2024-08-24,Ha_Tinh,18.355,105.8877,30.5,68,15.2,94,1007.4,1
2024-08-25,Ha_Tinh,18.355,105.8877,29.6,75,13.9,99,1006.5,1
2024-08-26,Ha_Tinh,18.355,105.8877,30.5,68,14.2,62,1005.8,1
2024-08-27,Ha_Tinh,18.355,105.8877,31.3,66,11.9,59,1005.6,0
2024-08-28,Ha_Tinh,18.355,105.8877,31.8,61,16.6,70,1004.2,0
2024-08-29,Ha_Tinh,18.355,105.8877,32.4,60,12.8,35,1003.6,1
2024-08-30,Ha_Tinh,18.355,105.8877,31.8,64,14.6,47,1004.4,1
2024-08-31,Ha_Tinh,18.355,105.8877,29.7,76,14.6,76,1005.9,1
2024-09-01,Ha_Tinh,18.355,105.8877,28.8,80,17.1,67,1006.3,1
2024-09-02,Ha_Tinh,18.355,105.8877,29.0,80,16.4,90,1006.9,1
2024-09-03,Ha_Tinh,18.355,105.8877,29.0,80,15.2,49,1006.7,1
2024-09-04,Ha_Tinh,18.355,105.8877,29.7,76,15.6,67,1003.3,1
2024-09-05,Ha_Tinh,18.355,105.8877,31.2,69,18.5,87,1000.9,0
2024-09-06,Ha_Tinh,18.355,105.8877,29.0,78,19.7,100,999.7,1
2024-09-07,Ha_Tinh,18.355,105.8877,28.4,81,26.7,100,997.8,1
2024-09-08,Ha_Tinh,18.355,105.8877,30.5,68,28.8,99,1000.6,1
2024-09-09,Ha_Tinh,18.355,105.8877,30.8,69,21.9,100,1002.4,1
2024-09-10,Ha_Tinh,18.355,105.8877,27.7,86,14.1,100,1004.7,1
2024-09-11,Ha_Tinh,18.355,105.8877,26.6,89,7.4,100,1006.8,1
2024-09-12,Ha_Tinh,18.355,105.8877,26.8,88,9.5,93,1006.7,1
2024-09-13,Ha_Tinh,18.355,105.8877,27.4,85,10.9,72,1004.6,1
2024-09-14,Ha_Tinh,18.355,105.8877,27.1,87,11.5,97,1002.9,1
2024-09-15,Ha_Tinh,18.355,105.8877,28.5,82,12.5,51,1002.0,0
2024-09-16,Ha_Tinh,18.355,105.8877,28.3,83,19.5,53,1003.4,1
2024-09-17,Ha_Tinh,18.355,105.8877,27.0,85,20.5,86,1004.1,1
2024-09-18,Ha_Tinh,18.355,105.8877,25.9,90,18.4,100,1003.1,1
2024-09-19,Ha_Tinh,18.355,105.8877,25.7,91,35.9,100,1001.0,1
2024-09-20,Ha_Tinh,18.355,105.8877,26.6,90,29.5,100,1001.0,1
2024-09-21,Ha_Tinh,18.355,105.8877,26.5,91,12.4,99,1003.8,1
2024-09-22,Ha_Tinh,18.355,105.8877,26.5,89,19.0,100,1004.5,1
2024-09-23,Ha_Tinh,18.355,105.8877,23.9,91,26.0,100,1008.0,1
2024-09-24,Ha_Tinh,18.355,105.8877,23.7,90,12.0,100,1010.4,1
2024-09-25,Ha_Tinh,18.355,105.8877,25.6,85,8.1,70,1010.7,0
2024-09-26,Ha_Tinh,18.355,105.8877,26.7,84,14.2,46,1010.7,1
2024-09-27,Ha_Tinh,18.355,105.8877,27.6,85,15.9,44,1010.0,1
2024-09-28,Ha_Tinh,18.355,105.8877,28.3,86,13.3,41,1007.7,0
2024-09-29,Ha_Tinh,18.355,105.8877,29.0,85,14.4,33,1006.0,0
2024-09-30,Ha_Tinh,18.355,105.8877,29.1,84,14.1,77,1004.9,1
2024-10-01,Ha_Tinh,18.355,105.8877,26.7,89,22.9,64,1007.9,1
2024-10-02,Ha_Tinh,18.355,105.8877,24.7,76,31.9,100,1013.6,1
2024-10-03,Ha_Tinh,18.355,105.8877,24.5,72,18.2,99,1014.5,1
2024-10-04,Ha_Tinh,18.355,105.8877,24.6,71,17.5,53,1014.2,0
2024-10-05,Ha_Tinh,18.355,105.8877,24.8,72,21.3,48,1013.3,1
2024-10-06,Ha_Tinh,18.355,105.8877,25.2,73,18.6,21,1013.7,1
2024-10-07,Ha_Tinh,18.355,105.8877,25.3,84,17.5,91,1014.4,1
2024-10-08,Ha_Tinh,18.355,105.8877,25.7,83,22.1,61,1014.0,1
2024-10-09,Ha_Tinh,18.355,105.8877,26.0,79,17.7,38,1013.0,1
2024-10-10,Ha_Tinh,18.355,105.8877,25.4,80,16.5,23,1012.5,1
2024-10-11,Ha_Tinh,18.355,105.8877,25.6,81,12.8,33,1012.2,1
2024-10-12,Ha_Tinh,18.355,105.8877,26.4,83,11.5,44,1012.5,1
2024-10-13,Ha_Tinh,18.355,105.8877,26.6,85,13.0,19,1012.2,1
2024-10-14,Ha_Tinh,18.355,105.8877,26.8,85,15.8,33,1011.3,1
2024-10-15,Ha_Tinh,18.355,105.8877,26.1,89,17.7,78,1011.4,1
2024-10-16,Ha_Tinh,18.355,105.8877,25.4,90,14.7,90,1012.1,1
2024-10-17,Ha_Tinh,18.355,105.8877,26.1,89,10.0,77,1011.1,1
2024-10-18,Ha_Tinh,18.355,105.8877,26.3,89,10.6,75,1010.6,1
2024-10-19,Ha_Tinh,18.355,105.8877,26.2,89,13.1,84,1012.3,1
2024-10-20,Ha_Tinh,18.355,105.8877,26.6,86,16.5,93,1013.6,1
2024-10-21,Ha_Tinh,18.355,105.8877,25.8,88,16.8,99,1013.1,1
2024-10-22,Ha_Tinh,18.355,105.8877,26.1,87,23.7,72,1013.2,1
2024-10-23,Ha_Tinh,18.355,105.8877,25.2,83,28.4,93,1013.9,1
2024-10-24,Ha_Tinh,18.355,105.8877,24.3,72,17.4,94,1012.1,0
2024-10-25,Ha_Tinh,18.355,105.8877,23.4,67,15.9,74,1009.5,0
2024-10-26,Ha_Tinh,18.355,105.8877,25.1,60,25.6,95,1007.1,0
2024-10-27,Ha_Tinh,18.355,105.8877,22.4,84,38.2,100,1006.2,1
2024-10-28,Ha_Tinh,18.355,105.8877,22.0,87,37.9,100,1008.3,1
2024-10-29,Ha_Tinh,18.355,105.8877,21.5,86,25.4,100,1009.6,1
2024-10-30,Ha_Tinh,18.355,105.8877,23.1,86,22.5,99,1010.9,1
2024-10-31,Ha_Tinh,18.355,105.8877,24.1,83,12.3,22,1010.1,0
2024-11-01,Ha_Tinh,18.355,105.8877,24.8,83,16.6,74,1011.7,1
2024-11-02,Ha_Tinh,18.355,105.8877,24.6,72,23.2,81,1015.9,1
2024-11-03,Ha_Tinh,18.355,105.8877,23.5,81,21.4,96,1016.0,1
2024-11-04,Ha_Tinh,18.355,105.8877,23.4,92,25.0,100,1015.0,1
2024-11-05,Ha_Tinh,18.355,105.8877,23.5,90,33.2,100,1016.6,1
2024-11-06,Ha_Tinh,18.355,105.8877,23.9,84,21.1,90,1017.7,1
2024-11-07,Ha_Tinh,18.355,105.8877,23.8,83,16.8,89,1017.9,1
2024-11-08,Ha_Tinh,18.355,105.8877,22.8,82,19.3,58,1016.9,1
2024-11-09,Ha_Tinh,18.355,105.8877,22.3,75,12.5,7,1015.0,0
2024-11-10,Ha_Tinh,18.355,105.8877,22.7,77,13.8,16,1014.6,0
2024-11-11,Ha_Tinh,18.355,105.8877,24.2,77,16.3,61,1013.7,0
2024-11-12,Ha_Tinh,18.355,105.8877,24.5,82,13.5,65,1012.4,1
2024-11-13,Ha_Tinh,18.355,105.8877,25.1,82,15.7,36,1010.8,0
2024-11-14,Ha_Tinh,18.355,105.8877,25.3,87,14.8,19,1010.3,0
2024-11-15,Ha_Tinh,18.355,105.8877,25.5,88,14.2,44,1009.3,0
2024-11-16,Ha_Tinh,18.355,105.8877,26.2,87,15.4,46,1010.2,1
2024-11-17,Ha_Tinh,18.355,105.8877,25.6,86,13.7,37,1012.5,1
2024-11-18,Ha_Tinh,18.355,105.8877,24.4,88,21.7,72,1014.4,1
2024-11-19,Ha_Tinh,18.355,105.8877,24.1,86,21.9,89,1016.1,1
2024-11-20,Ha_Tinh,18.355,105.8877,24.2,81,24.8,79,1016.2,1
2024-11-21,Ha_Tinh,18.355,105.8877,23.2,81,24.7,82,1016.4,1
2024-11-22,Ha_Tinh,18.355,105.8877,22.0,90,20.8,100,1016.8,1
2024-11-23,Ha_Tinh,18.355,105.8877,22.2,90,17.2,100,1017.1,1
2024-11-24,Ha_Tinh,18.355,105.8877,23.1,89,15.9,88,1016.1,1
2024-11-25,Ha_Tinh,18.355,105.8877,24.1,87,14.6,97,1015.3,1
2024-11-26,Ha_Tinh,18.355,105.8877,23.1,91,30.5,99,1016.0,1
2024-11-27,Ha_Tinh,18.355,105.8877,21.6,86,23.9,100,1018.4,1
2024-11-28,Ha_Tinh,18.355,105.8877,21.0,74,21.5,99,1021.5,1
2024-11-29,Ha_Tinh,18.355,105.8877,20.7,67,20.6,100,1020.0,1
2024-11-30,Ha_Tinh,18.355,105.8877,21.1,66,17.2,76,1015.8,0
2024-12-01,Ha_Tinh,18.355,105.8877,21.5,76,14.3,72,1012.5,0
2024-12-02,Ha_Tinh,18.355,105.8877,22.3,85,13.5,62,1012.5,1
2024-12-03,Ha_Tinh,18.355,105.8877,22.7,88,12.5,45,1013.0,1
2024-12-04,Ha_Tinh,18.355,105.8877,23.1,86,12.3,35,1013.2,1
2024-12-05,Ha_Tinh,18.355,105.8877,23.3,83,11.9,46,1013.3,1
2024-12-06,Ha_Tinh,18.355,105.8877,22.8,88,12.0,75,1013.0,1
2024-12-07,Ha_Tinh,18.355,105.8877,23.3,85,23.3,61,1014.9,1
2024-12-08,Ha_Tinh,18.355,105.8877,20.4,94,23.5,100,1018.6,1
2024-12-09,Ha_Tinh,18.355,105.8877,19.1,83,21.6,100,1016.7,1
2024-12-10,Ha_Tinh,18.355,105.8877,21.8,81,13.3,99,1013.1,0
2024-12-11,Ha_Tinh,18.355,105.8877,22.4,91,23.6,100,1013.7,1
2024-12-12,Ha_Tinh,18.355,105.8877,20.0,90,25.2,100,1015.7,1
2024-12-13,Ha_Tinh,18.355,105.8877,18.4,92,23.1,100,1018.8,1
2024-12-14,Ha_Tinh,18.355,105.8877,16.4,94,27.9,100,1023.1,1
2024-12-15,Ha_Tinh,18.355,105.8877,15.3,83,24.3,100,1024.5,1
2024-12-16,Ha_Tinh,18.355,105.8877,16.3,69,21.6,100,1022.4,1
2024-12-17,Ha_Tinh,18.355,105.8877,19.2,68,15.5,99,1018.9,0
2024-12-18,Ha_Tinh,18.355,105.8877,19.9,76,20.8,85,1019.5,1
2024-12-19,Ha_Tinh,18.355,105.8877,19.3,78,20.8,82,1019.8,1
2024-12-20,Ha_Tinh,18.355,105.8877,18.9,80,16.2,77,1018.0,1
2024-12-21,Ha_Tinh,18.355,105.8877,19.7,76,23.3,66,1018.3,1
2024-12-22,Ha_Tinh,18.355,105.8877,19.9,68,21.0,88,1018.7,1
2024-12-23,Ha_Tinh,18.355,105.8877,18.4,79,21.1,100,1018.3,1
2024-12-24,Ha_Tinh,18.355,105.8877,19.6,67,22.2,90,1019.8,0
2024-12-25,Ha_Tinh,18.355,105.8877,19.2,70,17.2,100,1019.4,0
2024-12-26,Ha_Tinh,18.355,105.8877,19.6,83,21.6,100,1020.8,1
2024-12-27,Ha_Tinh,18.355,105.8877,19.1,90,24.1,100,1022.1,1
2024-12-28,Ha_Tinh,18.355,105.8877,17.8,80,22.4,100,1024.7,1
2024-12-29,Ha_Tinh,18.355,105.8877,18.7,69,12.8,83,1020.6,1
2024-12-30,Ha_Tinh,18.355,105.8877,18.8,81,16.1,79,1018.9,1
2024-12-31,Ha_Tinh,18.355,105.8877,19.2,83,22.0,56,1019.5,1
2025-01-01,Ha_Tinh,18.355,105.8877,17.8,82,14.8,35,1016.9,0
2025-01-02,Ha_Tinh,18.355,105.8877,18.7,82,18.2,75,1017.4,1
2025-01-03,Ha_Tinh,18.355,105.8877,20.0,74,18.0,39,1019.2,0
2025-01-04,Ha_Tinh,18.355,105.8877,19.2,75,15.8,61,1017.9,0
2025-01-05,Ha_Tinh,18.355,105.8877,19.1,77,19.5,90,1019.6,1
2025-01-06,Ha_Tinh,18.355,105.8877,18.1,76,12.1,19,1017.2,0
2025-01-07,Ha_Tinh,18.355,105.8877,18.7,86,14.8,25,1016.2,0
2025-01-08,Ha_Tinh,18.355,105.8877,19.7,88,13.4,76,1016.8,1
2025-01-09,Ha_Tinh,18.355,105.8877,20.2,88,24.1,85,1019.0,1
2025-01-10,Ha_Tinh,18.355,105.8877,17.9,80,28.5,100,1025.4,1
2025-01-11,Ha_Tinh,18.355,105.8877,17.7,62,31.8,91,1027.7,1
2025-01-12,Ha_Tinh,18.355,105.8877,16.1,59,19.7,83,1025.5,1
2025-01-13,Ha_Tinh,18.355,105.8877,15.4,67,16.7,45,1020.9,0
2025-01-14,Ha_Tinh,18.355,105.8877,17.3,78,14.9,82,1020.0,1
2025-01-15,Ha_Tinh,18.355,105.8877,18.5,84,28.4,100,1022.9,1
2025-01-16,Ha_Tinh,18.355,105.8877,18.6,73,22.6,81,1023.6,1
2025-01-17,Ha_Tinh,18.355,105.8877,17.3,74,15.4,30,1020.2,0
2025-01-18,Ha_Tinh,18.355,105.8877,17.8,78,15.8,58,1017.5,0
2025-01-19,Ha_Tinh,18.355,105.8877,18.8,82,18.5,42,1016.2,1
2025-01-20,Ha_Tinh,18.355,105.8877,16.9,87,13.5,65,1015.0,1
2025-01-21,Ha_Tinh,18.355,105.8877,17.4,86,13.3,43,1014.5,0
2025-01-22,Ha_Tinh,18.355,105.8877,18.0,88,14.4,36,1014.4,0
2025-01-23,Ha_Tinh,18.355,105.8877,19.2,88,13.9,40,1013.9,0
2025-01-24,Ha_Tinh,18.355,105.8877,19.6,88,14.2,22,1010.5,0
2025-01-25,Ha_Tinh,18.355,105.8877,20.6,89,15.5,64,1011.2,0
2025-01-26,Ha_Tinh,18.355,105.8877,17.7,90,32.8,92,1020.1,1
2025-01-27,Ha_Tinh,18.355,105.8877,15.5,68,23.4,90,1022.4,1
2025-01-28,Ha_Tinh,18.355,105.8877,15.7,70,20.1,97,1022.9,1
2025-01-29,Ha_Tinh,18.355,105.8877,16.2,69,19.8,87,1022.0,0
2025-01-30,Ha_Tinh,18.355,105.8877,17.6,80,15.4,47,1015.7,0
2025-01-31,Ha_Tinh,18.355,105.8877,19.7,85,19.7,42,1012.0,0
2025-02-01,Ha_Tinh,18.355,105.8877,19.9,89,14.5,43,1010.0,0
2025-02-02,Ha_Tinh,18.355,105.8877,20.5,91,15.4,78,1010.9,0
2025-02-03,Ha_Tinh,18.355,105.8877,18.9,92,30.9,100,1017.4,1
2025-02-04,Ha_Tinh,18.355,105.8877,16.7,78,24.6,99,1021.0,1
2025-02-05,Ha_Tinh,18.355,105.8877,16.9,81,12.4,76,1015.8,0
2025-02-06,Ha_Tinh,18.355,105.8877,19.2,86,11.1,72,1014.0,0
2025-02-07,Ha_Tinh,18.355,105.8877,18.0,93,27.8,100,1018.6,1
2025-02-08,Ha_Tinh,18.355,105.8877,15.8,90,25.2,100,1022.4,1
2025-02-09,Ha_Tinh,18.355,105.8877,15.6,86,19.4,100,1021.6,1
2025-02-10,Ha_Tinh,18.355,105.8877,16.6,80,14.3,95,1019.1,0
2025-02-11,Ha_Tinh,18.355,105.8877,18.2,85,11.6,75,1016.2,0
2025-02-12,Ha_Tinh,18.355,105.8877,19.8,89,15.7,81,1015.5,1
2025-02-13,Ha_Tinh,18.355,105.8877,20.1,89,16.9,91,1016.6,1
2025-02-14,Ha_Tinh,18.355,105.8877,20.4,88,14.2,76,1014.3,1
2025-02-15,Ha_Tinh,18.355,105.8877,22.0,90,18.0,64,1011.8,0
2025-02-16,Ha_Tinh,18.355,105.8877,22.5,92,21.8,72,1014.3,1
2025-02-17,Ha_Tinh,18.355,105.8877,21.5,91,17.8,88,1017.0,1
2025-02-18,Ha_Tinh,18.355,105.8877,21.0,92,18.8,88,1017.8,1
2025-02-19,Ha_Tinh,18.355,105.8877,20.9,90,16.4,77,1017.1,1
2025-02-20,Ha_Tinh,18.355,105.8877,20.8,92,19.1,71,1017.2,1
2025-02-21,Ha_Tinh,18.355,105.8877,21.5,91,14.8,64,1018.0,1
2025-02-22,Ha_Tinh,18.355,105.8877,21.5,92,16.5,85,1018.4,1
2025-02-23,Ha_Tinh,18.355,105.8877,20.5,92,26.9,100,1021.4,1
2025-02-24,Ha_Tinh,18.355,105.8877,17.5,93,22.4,100,1024.8,1
2025-02-25,Ha_Tinh,18.355,105.8877,16.2,90,15.8,100,1024.0,1
2025-02-26,Ha_Tinh,18.355,105.8877,17.3,89,15.9,100,1021.4,1
2025-02-27,Ha_Tinh,18.355,105.8877,19.1,87,14.1,62,1016.6,0
2025-02-28,Ha_Tinh,18.355,105.8877,21.3,89,22.0,56,1013.7,0
2025-03-01,Ha_Tinh,18.355,105.8877,21.8,91,20.0,50,1010.6,0
2025-03-02,Ha_Tinh,18.355,105.8877,22.9,90,14.0,77,1008.1,0
2025-03-03,Ha_Tinh,18.355,105.8877,23.8,90,14.8,70,1006.6,0
2025-03-04,Ha_Tinh,18.355,105.8877,23.3,95,13.0,64,1005.8,0
2025-03-05,Ha_Tinh,18.355,105.8877,23.8,94,16.3,95,1007.1,0
2025-03-06,Ha_Tinh,18.355,105.8877,19.0,89,27.5,100,1016.7,1
2025-03-07,Ha_Tinh,18.355,105.8877,16.7,81,22.7,100,1019.8,1
2025-03-08,Ha_Tinh,18.355,105.8877,16.9,84,16.5,100,1018.9,1
2025-03-09,Ha_Tinh,18.355,105.8877,18.7,85,15.7,100,1018.8,1
2025-03-10,Ha_Tinh,18.355,105.8877,20.0,92,13.9,92,1017.9,1
2025-03-11,Ha_Tinh,18.355,105.8877,21.8,93,16.5,77,1013.7,0
2025-03-12,Ha_Tinh,18.355,105.8877,23.6,93,18.0,74,1010.4,1
2025-03-13,Ha_Tinh,18.355,105.8877,24.1,93,15.0,75,1009.5,1
2025-03-14,Ha_Tinh,18.355,105.8877,24.3,91,14.8,42,1009.8,0
2025-03-15,Ha_Tinh,18.355,105.8877,24.1,94,23.3,76,1010.8,1
2025-03-16,Ha_Tinh,18.355,105.8877,19.5,80,27.7,97,1018.3,1
2025-03-17,Ha_Tinh,18.355,105.8877,18.8,82,19.0,100,1018.8,1
2025-03-18,Ha_Tinh,18.355,105.8877,18.3,75,25.4,97,1022.0,1
2025-03-19,Ha_Tinh,18.355,105.8877,18.1,66,17.7,79,1024.2,0
2025-03-20,Ha_Tinh,18.355,105.8877,18.3,65,14.5,85,1023.2,0
2025-03-21,Ha_Tinh,18.355,105.8877,18.8,71,14.9,88,1021.3,0
2025-03-22,Ha_Tinh,18.355,105.8877,19.5,81,15.3,27,1018.7,0
2025-03-23,Ha_Tinh,18.355,105.8877,20.6,85,16.8,34,1016.1,0
2025-03-24,Ha_Tinh,18.355,105.8877,21.2,88,15.4,22,1013.0,1
2025-03-25,Ha_Tinh,18.355,105.8877,21.6,89,18.3,16,1007.6,0
2025-03-26,Ha_Tinh,18.355,105.8877,22.8,90,14.3,35,1004.5,0
2025-03-27,Ha_Tinh,18.355,105.8877,26.8,83,19.8,54,1001.9,0
2025-03-28,Ha_Tinh,18.355,105.8877,27.7,81,16.0,37,1004.5,0
2025-03-29,Ha_Tinh,18.355,105.8877,22.1,92,31.9,84,1012.2,1
2025-03-30,Ha_Tinh,18.355,105.8877,18.5,85,22.3,100,1018.8,1
2025-03-31,Ha_Tinh,18.355,105.8877,17.8,84,21.5,100,1018.5,1
2025-04-01,Ha_Tinh,18.355,105.8877,17.7,83,16.4,83,1018.1,1
2025-04-02,Ha_Tinh,18.355,105.8877,18.7,75,14.2,54,1017.9,0
2025-04-03,Ha_Tinh,18.355,105.8877,20.0,79,13.8,36,1016.7,0
2025-04-04,Ha_Tinh,18.355,105.8877,21.1,86,22.3,48,1012.4,0
2025-04-05,Ha_Tinh,18.355,105.8877,21.9,91,17.0,83,1012.3,1
2025-04-06,Ha_Tinh,18.355,105.8877,22.3,90,11.5,81,1013.6,1
2025-04-07,Ha_Tinh,18.355,105.8877,22.5,91,12.8,96,1014.7,0
2025-04-08,Ha_Tinh,18.355,105.8877,23.8,92,19.2,94,1013.8,0
2025-04-09,Ha_Tinh,18.355,105.8877,24.1,91,17.9,94,1010.1,1
2025-04-10,Ha_Tinh,18.355,105.8877,25.1,90,11.1,91,1005.9,0
2025-04-11,Ha_Tinh,18.355,105.8877,27.2,84,17.3,76,1004.1,0
2025-04-12,Ha_Tinh,18.355,105.8877,27.5,86,33.2,93,1006.3,1
2025-04-13,Ha_Tinh,18.355,105.8877,22.0,73,21.3,77,1016.4,1
2025-04-14,Ha_Tinh,18.355,105.8877,21.4,73,13.8,84,1014.4,0
2025-04-15,Ha_Tinh,18.355,105.8877,22.3,77,12.1,84,1012.0,0
2025-04-16,Ha_Tinh,18.355,105.8877,23.1,80,17.9,78,1008.3,0
2025-04-17,Ha_Tinh,18.355,105.8877,26.3,86,14.2,75,1005.2,0
2025-04-18,Ha_Tinh,18.355,105.8877,28.0,79,15.6,72,1004.5,0
2025-04-19,Ha_Tinh,18.355,105.8877,29.0,78,15.7,73,1005.1,0
2025-04-20,Ha_Tinh,18.355,105.8877,28.0,85,18.2,50,1006.2,0
2025-04-21,Ha_Tinh,18.355,105.8877,28.4,86,16.8,81,1007.7,0
2025-04-22,Ha_Tinh,18.355,105.8877,28.0,85,16.2,56,1006.9,0
2025-04-23,Ha_Tinh,18.355,105.8877,30.3,75,20.2,63,1004.9,0
2025-04-24,Ha_Tinh,18.355,105.8877,29.6,77,15.7,44,1004.7,0
2025-04-25,Ha_Tinh,18.355,105.8877,26.4,86,26.1,76,1009.0,1
2025-04-26,Ha_Tinh,18.355,105.8877,26.0,90,17.1,80,1009.8,1
2025-04-27,Ha_Tinh,18.355,105.8877,27.1,89,16.8,80,1009.2,0
2025-04-28,Ha_Tinh,18.355,105.8877,26.1,90,17.2,90,1009.8,1
2025-04-29,Ha_Tinh,18.355,105.8877,25.8,90,10.5,84,1011.1,1
2025-04-30,Ha_Tinh,18.355,105.8877,26.2,87,17.9,54,1010.3,1
2025-05-01,Ha_Tinh,18.355,105.8877,25.8,89,14.3,67,1012.3,1
2025-05-02,Ha_Tinh,18.355,105.8877,26.2,86,14.9,57,1010.1,0
2025-05-03,Ha_Tinh,18.355,105.8877,27.1,86,13.7,59,1007.1,0
2025-05-04,Ha_Tinh,18.355,105.8877,28.6,82,16.8,74,1005.0,0
2025-05-05,Ha_Tinh,18.355,105.8877,29.5,77,13.4,67,1004.5,0
2025-05-06,Ha_Tinh,18.355,105.8877,29.7,77,12.8,84,1004.3,0
2025-05-07,Ha_Tinh,18.355,105.8877,30.7,74,16.9,94,1003.0,0
2025-05-08,Ha_Tinh,18.355,105.8877,31.0,72,15.7,96,1002.7,0
2025-05-09,Ha_Tinh,18.355,105.8877,29.7,79,13.5,87,1004.0,1
2025-05-10,Ha_Tinh,18.355,105.8877,27.5,90,10.8,100,1006.9,1
2025-05-11,Ha_Tinh,18.355,105.8877,24.1,86,34.7,100,1010.0,1
2025-05-12,Ha_Tinh,18.355,105.8877,24.2,75,13.6,87,1009.9,1
2025-05-13,Ha_Tinh,18.355,105.8877,25.6,82,19.2,26,1009.0,0
2025-05-14,Ha_Tinh,18.355,105.8877,26.4,88,13.3,57,1009.2,1
2025-05-15,Ha_Tinh,18.355,105.8877,27.3,90,10.7,95,1008.8,1
2025-05-16,Ha_Tinh,18.355,105.8877,28.3,87,12.6,88,1007.9,0
2025-05-17,Ha_Tinh,18.355,105.8877,28.5,86,13.9,75,1007.6,1
2025-05-18,Ha_Tinh,18.355,105.8877,28.7,87,11.9,86,1007.4,0
2025-05-19,Ha_Tinh,18.355,105.8877,28.7,87,13.0,98,1006.0,1
2025-05-20,Ha_Tinh,18.355,105.8877,30.1,75,17.5,90,1004.8,1
2025-05-21,Ha_Tinh,18.355,105.8877,30.1,74,14.0,95,1005.0,0
2025-05-22,Ha_Tinh,18.355,105.8877,29.6,80,15.6,99,1003.8,1
2025-05-23,Ha_Tinh,18.355,105.8877,29.1,82,16.2,91,1003.8,1
2025-05-24,Ha_Tinh,18.355,105.8877,26.5,89,22.8,98,1008.0,1
2025-05-25,Ha_Tinh,18.355,105.8877,24.1,92,29.2,98,1011.6,1
2025-05-26,Ha_Tinh,18.355,105.8877,23.5,91,24.2,100,1012.0,1
2025-05-27,Ha_Tinh,18.355,105.8877,26.0,85,20.3,94,1009.4,1
2025-05-28,Ha_Tinh,18.355,105.8877,27.2,87,17.2,91,1006.8,1
2025-05-29,Ha_Tinh,18.355,105.8877,27.7,88,14.0,97,1005.9,1
2025-05-30,Ha_Tinh,18.355,105.8877,27.7,88,13.3,94,1006.2,1
2025-05-31,Ha_Tinh,18.355,105.8877,29.9,81,14.0,67,1004.0,1
2025-06-01,Ha_Tinh,18.355,105.8877,31.5,69,12.5,28,1001.2,0
2025-06-02,Ha_Tinh,18.355,105.8877,31.9,68,12.0,72,1000.4,0
2025-06-03,Ha_Tinh,18.355,105.8877,29.6,81,16.5,99,1002.7,1
2025-06-04,Ha_Tinh,18.355,105.8877,28.5,89,11.6,96,1005.4,1
2025-06-05,Ha_Tinh,18.355,105.8877,28.6,87,11.1,69,1006.4,1
2025-06-06,Ha_Tinh,18.355,105.8877,29.7,80,16.0,33,1005.1,1
2025-06-07,Ha_Tinh,18.355,105.8877,30.0,82,17.1,31,1004.1,1
2025-06-08,Ha_Tinh,18.355,105.8877,30.2,83,13.6,75,1003.1,1
2025-06-09,Ha_Tinh,18.355,105.8877,29.5,84,9.7,73,1003.0,1
2025-06-10,Ha_Tinh,18.355,105.8877,28.6,88,16.1,94,1003.4,1
2025-06-11,Ha_Tinh,18.355,105.8877,28.6,79,20.2,95,1003.0,1
2025-06-12,Ha_Tinh,18.355,105.8877,25.7,94,24.1,100,1001.6,1
2025-06-13,Ha_Tinh,18.355,105.8877,26.6,90,26.8,100,1000.5,1
2025-06-14,Ha_Tinh,18.355,105.8877,29.2,76,14.6,100,1001.7,1
2025-06-15,Ha_Tinh,18.355,105.8877,31.1,70,14.9,84,1002.3,0
2025-06-16,Ha_Tinh,18.355,105.8877,29.8,78,9.1,100,1004.0,1
2025-06-17,Ha_Tinh,18.355,105.8877,31.8,65,20.8,96,1004.4,0
2025-06-18,Ha_Tinh,18.355,105.8877,31.6,65,20.3,100,1004.0,1
2025-06-19,Ha_Tinh,18.355,105.8877,30.9,70,16.6,99,1003.5,0
2025-06-20,Ha_Tinh,18.355,105.8877,30.7,70,16.1,99,1003.3,0
2025-06-21,Ha_Tinh,18.355,105.8877,30.5,71,14.3,90,1003.8,1
2025-06-22,Ha_Tinh,18.355,105.8877,30.2,74,17.3,89,1004.7,1
2025-06-23,Ha_Tinh,18.355,105.8877,30.3,73,20.0,90,1003.9,1
2025-06-24,Ha_Tinh,18.355,105.8877,30.1,73,12.6,84,1004.1,0
2025-06-25,Ha_Tinh,18.355,105.8877,29.5,78,12.5,70,1005.5,1
2025-06-26,Ha_Tinh,18.355,105.8877,28.9,80,11.9,70,1004.8,1
2025-06-27,Ha_Tinh,18.355,105.8877,29.7,73,14.6,87,1003.2,1
2025-06-28,Ha_Tinh,18.355,105.8877,29.7,72,13.5,93,1002.4,1
2025-06-29,Ha_Tinh,18.355,105.8877,29.5,77,12.8,100,1000.9,1
2025-06-30,Ha_Tinh,18.355,105.8877,30.1,75,13.0,100,1001.0,1
2025-07-01,Ha_Tinh,18.355,105.8877,28.8,82,10.4,100,1002.9,1
2025-07-02,Ha_Tinh,18.355,105.8877,28.2,85,10.5,100,1004.9,1
2025-07-03,Ha_Tinh,18.355,105.8877,27.0,89,8.7,98,1005.7,1
2025-07-04,Ha_Tinh,18.355,105.8877,27.3,87,9.1,96,1004.9,1
2025-07-05,Ha_Tinh,18.355,105.8877,27.8,87,10.1,93,1003.6,1
2025-07-06,Ha_Tinh,18.355,105.8877,28.1,86,9.1,97,1003.3,1
2025-07-07,Ha_Tinh,18.355,105.8877,29.9,78,10.1,80,1002.5,1
2025-07-08,Ha_Tinh,18.355,105.8877,30.8,73,18.4,88,1001.2,1
2025-07-09,Ha_Tinh,18.355,105.8877,31.1,72,9.6,99,999.8,0
2025-07-10,Ha_Tinh,18.355,105.8877,30.7,70,11.8,100,998.0,1
2025-07-11,Ha_Tinh,18.355,105.8877,28.0,85,10.7,100,999.1,1
2025-07-12,Ha_Tinh,18.355,105.8877,27.7,88,10.9,99,1003.0,1
2025-07-13,Ha_Tinh,18.355,105.8877,28.2,88,10.6,90,1004.7,1
2025-07-14,Ha_Tinh,18.355,105.8877,29.4,83,11.8,97,1003.4,1
2025-07-15,Ha_Tinh,18.355,105.8877,29.9,79,14.6,100,1001.7,0
2025-07-16,Ha_Tinh,18.355,105.8877,30.6,68,16.8,96,1002.2,0
2025-07-17,Ha_Tinh,18.355,105.8877,30.8,71,13.9,40,1002.6,0
2025-07-18,Ha_Tinh,18.355,105.8877,31.4,68,11.3,86,1000.5,0
2025-07-19,Ha_Tinh,18.355,105.8877,31.0,72,12.9,100,997.3,1
2025-07-20,Ha_Tinh,18.355,105.8877,29.3,80,12.0,100,996.5,1
2025-07-21,Ha_Tinh,18.355,105.8877,28.0,91,10.5,100,995.4,1
2025-07-22,Ha_Tinh,18.355,105.8877,27.1,87,21.7,100,992.0,1
2025-07-23,Ha_Tinh,18.355,105.8877,29.7,68,24.4,100,996.9,0
2025-07-24,Ha_Tinh,18.355,105.8877,29.2,76,12.8,98,1000.2,1
2025-07-25,Ha_Tinh,18.355,105.8877,27.4,88,9.0,100,1001.3,1
2025-07-26,Ha_Tinh,18.355,105.8877,28.0,86,14.3,100,1001.1,1
2025-07-27,Ha_Tinh,18.355,105.8877,27.9,85,13.1,92,1000.5,1
2025-07-28,Ha_Tinh,18.355,105.8877,28.5,84,9.9,82,999.4,1
2025-07-29,Ha_Tinh,18.355,105.8877,30.4,75,15.5,71,998.0,1
2025-07-30,Ha_Tinh,18.355,105.8877,31.0,72,13.0,89,998.0,0
2025-07-31,Ha_Tinh,18.355,105.8877,31.1,72,9.5,98,998.2,1
2025-08-01,Ha_Tinh,18.355,105.8877,31.3,70,14.7,90,998.7,1
2025-08-02,Ha_Tinh,18.355,105.8877,31.4,71,16.4,92,1000.7,1
2025-08-03,Ha_Tinh,18.355,105.8877,32.1,67,15.5,91,1001.3,0
2025-08-04,Ha_Tinh,18.355,105.8877,32.7,59,26.2,99,1001.0,0
2025-08-05,Ha_Tinh,18.355,105.8877,32.7,63,20.4,100,1001.6,0
2025-08-06,Ha_Tinh,18.355,105.8877,31.7,62,25.5,99,1003.1,0
2025-08-07,Ha_Tinh,18.355,105.8877,30.9,69,19.9,100,1005.5,0
2025-08-08,Ha_Tinh,18.355,105.8877,30.9,70,14.8,34,1006.1,0
2025-08-09,Ha_Tinh,18.355,105.8877,31.2,69,15.0,38,1005.0,0
2025-08-10,Ha_Tinh,18.355,105.8877,31.5,65,16.7,38,1003.8,0
2025-08-11,Ha_Tinh,18.355,105.8877,30.4,71,15.0,42,1003.8,0
2025-08-12,Ha_Tinh,18.355,105.8877,30.9,69,14.6,36,1004.2,0
2025-08-13,Ha_Tinh,18.355,105.8877,30.6,76,11.5,90,1005.3,1
2025-08-14,Ha_Tinh,18.355,105.8877,30.7,72,16.9,97,1003.6,1
2025-08-15,Ha_Tinh,18.355,105.8877,28.7,79,13.9,99,1003.5,1
2025-08-16,Ha_Tinh,18.355,105.8877,26.8,86,14.3,100,1005.9,1
2025-08-17,Ha_Tinh,18.355,105.8877,25.1,94,22.2,100,1006.1,1
2025-08-18,Ha_Tinh,18.355,105.8877,25.7,87,20.6,100,1005.7,1
2025-08-19,Ha_Tinh,18.355,105.8877,28.2,79,13.4,100,1005.9,0
2025-08-20,Ha_Tinh,18.355,105.8877,30.0,74,19.7,97,1006.3,1
2025-08-21,Ha_Tinh,18.355,105.8877,30.0,76,16.2,99,1007.3,1
2025-08-22,Ha_Tinh,18.355,105.8877,28.6,82,16.6,96,1007.3,1
2025-08-23,Ha_Tinh,18.355,105.8877,28.1,84,11.1,88,1006.9,1
2025-08-24,Ha_Tinh,18.355,105.8877,26.7,88,23.3,99,1005.2,1
2025-08-25,Ha_Tinh,18.355,105.8877,24.4,92,67.9,100,995.0,1
2025-08-26,Ha_Tinh,18.355,105.8877,27.5,81,34.8,100,1003.4,1
2025-08-27,Ha_Tinh,18.355,105.8877,27.1,86,11.0,100,1006.6,1
2025-08-28,Ha_Tinh,18.355,105.8877,26.8,88,12.2,92,1006.6,1
2025-08-29,Ha_Tinh,18.355,105.8877,26.5,86,21.6,91,1006.9,1
2025-08-30,Ha_Tinh,18.355,105.8877,26.6,89,43.2,100,1003.3,1
2025-08-31,Ha_Tinh,18.355,105.8877,26.9,87,16.2,99,1006.4,1
2025-09-01,Ha_Tinh,18.355,105.8877,27.0,87,16.5,100,1006.1,1
2025-09-02,Ha_Tinh,18.355,105.8877,27.8,84,13.6,81,1006.4,1
2025-09-03,Ha_Tinh,18.355,105.8877,28.2,83,15.4,12,1006.6,1
2025-09-04,Ha_Tinh,18.355,105.8877,28.4,82,16.1,38,1006.4,1
2025-09-05,Ha_Tinh,18.355,105.8877,28.9,82,13.6,85,1006.4,0
2025-09-06,Ha_Tinh,18.355,105.8877,29.0,82,13.3,53,1006.8,1
2025-09-07,Ha_Tinh,18.355,105.8877,28.6,83,11.2,64,1005.7,1
2025-09-08,Ha_Tinh,18.355,105.8877,30.1,73,19.7,98,1004.7,0
2025-09-09,Ha_Tinh,18.355,105.8877,30.3,71,18.9,94,1005.8,1
2025-09-10,Ha_Tinh,18.355,105.8877,30.0,70,14.7,100,1007.2,1
2025-09-11,Ha_Tinh,18.355,105.8877,29.8,73,16.3,98,1007.7,0
2025-09-12,Ha_Tinh,18.355,105.8877,29.5,76,15.3,47,1008.6,1
2025-09-13,Ha_Tinh,18.355,105.8877,29.0,76,19.0,19,1009.3,0
2025-09-14,Ha_Tinh,18.355,105.8877,27.8,81,13.8,79,1009.6,1
2025-09-15,Ha_Tinh,18.355,105.8877,28.0,80,14.9,88,1009.7,1
2025-09-16,Ha_Tinh,18.355,105.8877,27.8,81,12.9,72,1009.5,1
2025-09-17,Ha_Tinh,18.355,105.8877,26.7,87,13.1,87,1008.2,1
2025-09-18,Ha_Tinh,18.355,105.8877,26.6,87,16.2,97,1007.6,1
2025-09-19,Ha_Tinh,18.355,105.8877,26.8,87,12.3,98,1007.8,1
2025-09-20,Ha_Tinh,18.355,105.8877,28.0,85,12.2,83,1006.6,1
2025-09-21,Ha_Tinh,18.355,105.8877,28.3,86,14.4,84,1005.4,1
2025-09-22,Ha_Tinh,18.355,105.8877,27.3,87,15.2,71,1006.5,1
2025-09-23,Ha_Tinh,18.355,105.8877,27.2,85,12.5,71,1005.1,1
2025-09-24,Ha_Tinh,18.355,105.8877,28.6,77,21.9,100,1002.5,1
2025-09-25,Ha_Tinh,18.355,105.8877,28.7,72,20.3,99,1002.8,1
2025-09-26,Ha_Tinh,18.355,105.8877,26.3,89,14.4,100,1008.7,1
2025-09-27,Ha_Tinh,18.355,105.8877,25.7,91,16.8,98,1010.0,1
2025-09-28,Ha_Tinh,18.355,105.8877,26.1,90,67.1,100,1002.6,1
2025-09-29,Ha_Tinh,18.355,105.8877,25.7,90,79.8,100,998.1,1
2025-09-30,Ha_Tinh,18.355,105.8877,28.0,81,16.8,100,1008.6,1
2025-10-01,Ha_Tinh,18.355,105.8877,27.5,86,12.0,98,1010.5,1
2025-10-02,Ha_Tinh,18.355,105.8877,27.8,82,15.2,36,1011.1,1
2025-10-03,Ha_Tinh,18.355,105.8877,28.1,81,13.2,33,1010.6,0
2025-10-04,Ha_Tinh,18.355,105.8877,28.1,82,12.2,40,1010.1,0
2025-10-05,Ha_Tinh,18.355,105.8877,28.8,76,13.8,94,1006.5,0
2025-10-06,Ha_Tinh,18.355,105.8877,30.1,67,22.5,100,1005.0,0
2025-10-07,Ha_Tinh,18.355,105.8877,28.3,78,21.2,100,1009.9,1
2025-10-08,Ha_Tinh,18.355,105.8877,26.6,86,13.5,63,1012.0,1
2025-10-09,Ha_Tinh,18.355,105.8877,27.4,81,15.1,47,1011.4,1
2025-10-10,Ha_Tinh,18.355,105.8877,27.4,81,15.3,52,1010.9,1
2025-10-11,Ha_Tinh,18.355,105.8877,26.8,85,13.2,84,1010.1,1
2025-10-12,Ha_Tinh,18.355,105.8877,27.4,85,14.4,96,1009.7,1
2025-10-13,Ha_Tinh,18.355,105.8877,26.3,89,12.9,98,1010.1,1
2025-10-14,Ha_Tinh,18.355,105.8877,25.6,90,13.1,98,1010.3,1
2025-10-15,Ha_Tinh,18.355,105.8877,26.1,88,12.3,92,1010.9,1
2025-10-16,Ha_Tinh,18.355,105.8877,26.4,88,16.1,76,1012.1,1
2025-10-17,Ha_Tinh,18.355,105.8877,26.6,86,15.8,83,1012.5,1
2025-10-18,Ha_Tinh,18.355,105.8877,25.9,87,17.1,63,1011.9,1
2025-10-19,Ha_Tinh,18.355,105.8877,25.5,88,20.4,66,1011.3,1
2025-10-20,Ha_Tinh,18.355,105.8877,25.9,82,30.7,66,1011.7,1
2025-10-21,Ha_Tinh,18.355,105.8877,25.4,74,31.7,91,1013.5,1
2025-10-22,Ha_Tinh,18.355,105.8877,23.9,72,34.4,100,1015.0,1
2025-10-23,Ha_Tinh,18.355,105.8877,20.2,91,28.3,100,1016.4,1
2025-10-24,Ha_Tinh,18.355,105.8877,20.1,88,25.3,100,1016.8,1
2025-10-25,Ha_Tinh,18.355,105.8877,21.6,88,17.9,100,1015.6,1
2025-10-26,Ha_Tinh,18.355,105.8877,23.6,83,20.9,99,1015.2,1
2025-10-27,Ha_Tinh,18.355,105.8877,23.9,84,20.3,100,1015.6,1
2025-10-28,Ha_Tinh,18.355,105.8877,24.2,79,23.9,100,1015.4,1
2025-10-29,Ha_Tinh,18.355,105.8877,24.2,85,24.6,100,1014.0,1
2025-10-30,Ha_Tinh,18.355,105.8877,24.8,94,20.2,100,1013.0,1
2025-10-31,Ha_Tinh,18.355,105.8877,24.6,94,14.0,100,1013.9,1
2025-11-01,Ha_Tinh,18.355,105.8877,22.8,94,24.4,100,1014.7,1
2025-11-02,Ha_Tinh,18.355,105.8877,22.6,93,25.3,100,1014.7,1
2025-11-03,Ha_Tinh,18.355,105.8877,20.9,94,27.7,100,1014.8,1
2025-11-04,Ha_Tinh,18.355,105.8877,20.3,85,26.3,100,1015.7,1
2025-11-05,Ha_Tinh,18.355,105.8877,21.8,81,18.3,100,1013.3,1
2025-11-06,Ha_Tinh,18.355,105.8877,23.6,82,20.1,100,1011.5,1
2025-11-07,Ha_Tinh,18.355,105.8877,24.5,93,32.9,98,1008.6,1
2025-11-08,Ha_Tinh,18.355,105.8877,25.9,90,17.4,55,1010.6,1
2025-11-09,Ha_Tinh,18.355,105.8877,25.9,89,13.2,63,1011.1,1
2025-11-10,Ha_Tinh,18.355,105.8877,25.9,89,15.8,74,1009.9,1
2025-11-11,Ha_Tinh,18.355,105.8877,25.4,83,23.5,97,1010.7,1
2025-11-12,Ha_Tinh,18.355,105.8877,23.8,81,20.9,98,1014.0,1
2025-11-13,Ha_Tinh,18.355,105.8877,22.7,77,21.3,60,1016.9,1
2025-11-14,Ha_Tinh,18.355,105.8877,22.7,70,21.9,18,1016.8,0
2025-11-15,Ha_Tinh,18.355,105.8877,22.1,82,21.9,84,1017.9,1
2025-11-16,Ha_Tinh,18.355,105.8877,22.3,91,25.6,100,1017.8,1
2025-11-17,Ha_Tinh,18.355,105.8877,23.9,91,23.0,100,1017.3,1
2025-11-18,Ha_Tinh,18.355,105.8877,23.0,84,41.5,97,1019.6,1
2025-11-19,Ha_Tinh,18.355,105.8877,16.8,88,30.1,100,1024.5,1
2025-11-20,Ha_Tinh,18.355,105.8877,17.4,76,23.7,81,1023.3,1
2025-11-21,Ha_Tinh,18.355,105.8877,19.6,62,22.0,67,1022.6,0
2025-11-22,Ha_Tinh,18.355,105.8877,20.6,65,21.0,89,1020.1,0
2025-11-23,Ha_Tinh,18.355,105.8877,20.8,73,17.9,57,1018.6,0
2025-11-24,Ha_Tinh,18.355,105.8877,22.1,68,22.6,99,1018.6,0
2025-11-25,Ha_Tinh,18.355,105.8877,21.9,66,26.8,72,1019.6,1
2025-11-26,Ha_Tinh,18.355,105.8877,20.0,70,23.9,61,1018.9,1
2025-11-27,Ha_Tinh,18.355,105.8877,20.8,54,31.1,82,1021.6,0
2025-11-28,Ha_Tinh,18.355,105.8877,19.1,61,19.6,72,1018.0,0
2025-11-29,Ha_Tinh,18.355,105.8877,19.2,64,15.0,37,1015.1,0
2025-11-30,Ha_Tinh,18.355,105.8877,20.6,73,11.4,36,1013.3,0
2025-12-01,Ha_Tinh,18.355,105.8877,21.7,85,15.9,99,1013.6,1
2025-12-02,Ha_Tinh,18.355,105.8877,22.6,90,18.9,41,1012.9,0
2025-12-03,Ha_Tinh,18.355,105.8877,22.7,88,24.1,56,1017.0,1
2025-12-04,Ha_Tinh,18.355,105.8877,21.8,86,20.5,95,1018.3,1
2025-12-05,Ha_Tinh,18.355,105.8877,21.6,94,19.8,99,1018.8,1
2025-12-06,Ha_Tinh,18.355,105.8877,21.9,84,17.9,68,1018.0,1
2025-12-07,Ha_Tinh,18.355,105.8877,21.1,89,19.0,74,1017.4,1
2025-12-08,Ha_Tinh,18.355,105.8877,21.4,83,20.5,70,1018.8,1
2025-12-09,Ha_Tinh,18.355,105.8877,20.6,85,14.0,85,1018.1,1
2025-12-10,Ha_Tinh,18.355,105.8877,21.5,83,14.1,95,1017.1,1
2025-12-11,Ha_Tinh,18.355,105.8877,21.5,95,18.2,100,1016.6,1
2025-12-12,Ha_Tinh,18.355,105.8877,21.7,89,14.4,89,1015.0,1
2025-12-13,Ha_Tinh,18.355,105.8877,22.4,93,32.1,95,1016.2,1
2025-12-14,Ha_Tinh,18.355,105.8877,18.8,91,27.9,100,1020.6,1
2025-12-15,Ha_Tinh,18.355,105.8877,19.6,76,15.9,99,1018.8,0
2025-12-16,Ha_Tinh,18.355,105.8877,20.9,86,16.8,100,1017.0,1
2025-12-17,Ha_Tinh,18.355,105.8877,21.7,89,25.3,97,1018.4,1
2025-12-18,Ha_Tinh,18.355,105.8877,21.3,85,19.0,56,1018.0,1
2025-12-19,Ha_Tinh,18.355,105.8877,20.6,85,14.9,29,1014.5,0
2025-12-20,Ha_Tinh,18.355,105.8877,21.0,88,15.6,43,1014.6,1
2025-12-21,Ha_Tinh,18.355,105.8877,21.8,88,19.8,69,1016.5,1
2025-12-22,Ha_Tinh,18.355,105.8877,22.6,86,13.9,59,1014.8,1
2025-12-23,Ha_Tinh,18.355,105.8877,22.7,87,16.6,37,1013.4,1
2025-12-24,Ha_Tinh,18.355,105.8877,22.8,88,17.9,20,1012.5,1
2025-12-25,Ha_Tinh,18.355,105.8877,19.8,88,34.5,92,1017.5,1
2025-12-26,Ha_Tinh,18.355,105.8877,18.1,77,15.9,91,1019.5,1
2025-12-27,Ha_Tinh,18.355,105.8877,18.5,77,20.1,98,1018.6,1
2025-12-28,Ha_Tinh,18.355,105.8877,19.9,82,13.8,81,1017.7,1
2025-12-29,Ha_Tinh,18.355,105.8877,20.5,82,14.1,44,1015.1,0
2025-12-30,Ha_Tinh,18.355,105.8877,20.5,88,12.5,42,1014.0,1
2025-12-31,Ha_Tinh,18.355,105.8877,21.8,83,21.2,74,1011.4,0
2026-01-01,Ha_Tinh,18.355,105.8877,21.7,83,21.1,43,1014.2,1
2026-01-02,Ha_Tinh,18.355,105.8877,20.6,84,27.1,85,1018.9,1
2026-01-03,Ha_Tinh,18.355,105.8877,18.5,91,22.3,96,1020.4,1
2026-01-04,Ha_Tinh,18.355,105.8877,19.4,87,11.4,69,1018.7,1
2026-01-05,Ha_Tinh,18.355,105.8877,20.3,86,21.0,89,1019.2,1
2026-01-06,Ha_Tinh,18.355,105.8877,18.1,87,30.3,99,1023.0,1
2026-01-07,Ha_Tinh,18.355,105.8877,15.9,75,19.8,89,1025.0,1
2026-01-08,Ha_Tinh,18.355,105.8877,16.8,68,23.4,85,1024.9,1
2026-01-09,Ha_Tinh,18.355,105.8877,16.3,69,16.6,44,1021.9,0
2026-01-10,Ha_Tinh,18.355,105.8877,17.5,70,15.4,34,1019.8,0
2026-01-11,Ha_Tinh,18.355,105.8877,18.3,77,17.1,42,1022.1,1
2026-01-12,Ha_Tinh,18.355,105.8877,18.1,82,14.9,61,1019.6,0
2026-01-13,Ha_Tinh,18.355,105.8877,18.7,82,17.0,19,1018.8,1
2026-01-14,Ha_Tinh,18.355,105.8877,19.0,85,15.5,14,1015.4,0
2026-01-15,Ha_Tinh,18.355,105.8877,20.5,87,14.4,50,1015.2,0
2026-01-16,Ha_Tinh,18.355,105.8877,20.4,87,16.3,36,1012.4,0
2026-01-17,Ha_Tinh,18.355,105.8877,21.1,88,17.1,59,1011.3,0
2026-01-18,Ha_Tinh,18.355,105.8877,21.4,86,18.4,35,1011.0,0
2026-01-19,Ha_Tinh,18.355,105.8877,20.9,87,22.0,33,1011.5,0
2026-01-20,Ha_Tinh,18.355,105.8877,21.3,87,22.0,33,1013.5,1
2026-01-21,Ha_Tinh,18.355,105.8877,21.2,86,19.3,50,1016.7,1
2026-01-22,Ha_Tinh,18.355,105.8877,18.3,93,23.7,96,1020.7,1
2026-01-23,Ha_Tinh,18.355,105.8877,16.3,79,21.1,100,1022.6,1
2026-01-24,Ha_Tinh,18.355,105.8877,18.0,87,20.8,87,1020.4,1
2026-01-25,Ha_Tinh,18.355,105.8877,19.6,86,25.3,44,1016.7,0
2026-01-26,Ha_Tinh,18.355,105.8877,20.1,89,14.8,31,1018.0,1
2026-01-27,Ha_Tinh,18.355,105.8877,20.4,88,16.3,48,1018.9,1
2026-01-28,Ha_Tinh,18.355,105.8877,20.1,86,13.6,67,1019.1,1
2026-01-29,Ha_Tinh,18.355,105.8877,20.4,87,24.2,47,1016.5,0
2026-01-30,Ha_Tinh,18.355,105.8877,20.9,87,20.7,40,1016.6,0
2026-01-31,Ha_Tinh,18.355,105.8877,20.4,88,20.2,58,1019.3,1
2026-02-01,Ha_Tinh,18.355,105.8877,20.2,85,21.9,63,1020.7,1
2026-02-02,Ha_Tinh,18.355,105.8877,19.9,86,22.2,92,1021.8,1
2026-02-03,Ha_Tinh,18.355,105.8877,19.2,83,18.6,88,1021.9,1
2026-02-04,Ha_Tinh,18.355,105.8877,19.9,88,17.8,58,1017.4,0
2026-02-05,Ha_Tinh,18.355,105.8877,21.5,89,20.6,39,1013.9,0
2026-02-06,Ha_Tinh,18.355,105.8877,21.8,90,14.8,71,1013.1,0
2026-02-07,Ha_Tinh,18.355,105.8877,22.6,88,17.9,42,1015.0,1
2026-02-08,Ha_Tinh,18.355,105.8877,21.2,88,30.3,80,1018.4,1
2026-02-09,Ha_Tinh,18.355,105.8877,17.4,83,26.1,95,1019.2,1
2026-02-10,Ha_Tinh,18.355,105.8877,19.5,86,12.8,87,1017.4,0
2026-02-11,Ha_Tinh,18.355,105.8877,21.1,90,15.3,73,1018.7,1
2026-02-12,Ha_Tinh,18.355,105.8877,21.7,89,19.5,59,1016.6,1
2026-02-13,Ha_Tinh,18.355,105.8877,21.9,86,22.2,52,1014.7,1
2026-02-14,Ha_Tinh,18.355,105.8877,21.6,87,20.0,47,1014.5,0
2026-02-15,Ha_Tinh,18.355,105.8877,21.7,86,23.3,42,1013.5,1
2026-02-16,Ha_Tinh,18.355,105.8877,21.6,89,15.6,48,1013.4,0
2026-02-17,Ha_Tinh,18.355,105.8877,23.1,90,21.9,60,1015.2,1
2026-02-18,Ha_Tinh,18.355,105.8877,22.2,91,22.6,88,1017.9,1
2026-02-19,Ha_Tinh,18.355,105.8877,21.8,90,16.4,80,1019.4,1
2026-02-20,Ha_Tinh,18.355,105.8877,21.6,85,18.6,70,1018.5,1
2026-02-21,Ha_Tinh,18.355,105.8877,21.9,86,19.1,21,1010.2,0
2026-02-22,Ha_Tinh,18.355,105.8877,22.9,90,16.0,78,1008.4,0
2026-02-23,Ha_Tinh,18.355,105.8877,23.7,88,23.2,57,1009.5,1
2026-02-24,Ha_Tinh,18.355,105.8877,23.6,90,16.9,70,1010.8,1
2026-02-25,Ha_Tinh,18.355,105.8877,22.8,89,17.7,55,1011.9,1
2026-02-26,Ha_Tinh,18.355,105.8877,22.8,88,13.7,47,1009.6,0
2026-02-27,Ha_Tinh,18.355,105.8877,23.9,92,15.7,51,1006.7,1
2026-02-28,Ha_Tinh,18.355,105.8877,25.0,90,19.7,42,1005.3,1
2026-03-01,Ha_Tinh,18.355,105.8877,26.5,83,17.5,65,1005.1,0
2026-03-02,Ha_Tinh,18.355,105.8877,26.9,85,18.9,46,1006.3,0
2026-03-03,Ha_Tinh,18.355,105.8877,23.6,93,24.3,76,1010.4,1
2026-03-04,Ha_Tinh,18.355,105.8877,20.9,84,22.4,100,1015.2,1
2026-03-05,Ha_Tinh,18.355,105.8877,21.2,84,14.8,100,1014.6,1
2026-03-06,Ha_Tinh,18.355,105.8877,21.5,91,16.8,86,1015.8,1
2026-03-07,Ha_Tinh,18.355,105.8877,22.8,86,18.6,70,1015.9,1
2026-03-08,Ha_Tinh,18.355,105.8877,22.8,84,23.4,11,1015.9,0
2026-03-09,Ha_Tinh,18.355,105.8877,22.9,85,30.8,57,1018.2,1
2026-03-10,Ha_Tinh,18.355,105.8877,19.5,84,31.2,100,1021.4,1
2026-03-11,Ha_Tinh,18.355,105.8877,20.2,80,15.2,99,1018.0,1
2026-03-12,Ha_Tinh,18.355,105.8877,21.5,77,19.8,86,1017.3,1
2026-03-13,Ha_Tinh,18.355,105.8877,21.4,78,18.0,76,1018.2,1
2026-03-14,Ha_Tinh,18.355,105.8877,21.4,85,15.4,85,1018.6,1
2026-03-15,Ha_Tinh,18.355,105.8877,21.8,84,21.8,48,1018.0,1
2026-03-16,Ha_Tinh,18.355,105.8877,22.2,81,23.8,19,1015.1,1
2026-03-17,Ha_Tinh,18.355,105.8877,22.8,82,25.4,19,1013.0,1
2026-03-18,Ha_Tinh,18.355,105.8877,22.9,87,22.7,22,1012.8,0
2026-03-19,Ha_Tinh,18.355,105.8877,23.5,86,23.6,31,1011.7,0
2026-03-20,Ha_Tinh,18.355,105.8877,23.9,88,18.4,27,1011.2,0
2026-03-21,Ha_Tinh,18.355,105.8877,24.0,89,22.6,43,1013.1,1
2026-03-22,Ha_Tinh,18.355,105.8877,24.4,87,24.5,49,1012.1,1
2026-03-23,Ha_Tinh,18.355,105.8877,24.6,86,25.3,42,1010.8,0
2026-03-24,Ha_Tinh,18.355,105.8877,24.7,87,19.7,50,1009.6,0
2026-03-25,Ha_Tinh,18.355,105.8877,25.0,87,22.7,41,1010.3,0
2026-03-26,Ha_Tinh,18.355,105.8877,25.1,88,19.4,18,1008.9,0
2026-03-27,Ha_Tinh,18.355,105.8877,25.4,90,16.9,46,1007.2,0
2026-03-28,Ha_Tinh,18.355,105.8877,25.3,90,17.4,35,1007.6,0
2026-03-29,Ha_Tinh,18.355,105.8877,25.7,91,17.0,36,1007.1,0
2026-03-30,Ha_Tinh,18.355,105.8877,27.8,79,17.8,5,1006.1,0
2026-03-31,Ha_Tinh,18.355,105.8877,30.7,57,18.7,50,1005.8,0
2026-04-01,Ha_Tinh,18.355,105.8877,25.2,87,23.7,95,1009.9,1
2026-04-02,Ha_Tinh,18.355,105.8877,26.0,88,20.6,53,1009.0,0
2026-04-03,Ha_Tinh,18.355,105.8877,30.1,71,17.2,28,1004.8,0
2026-04-04,Ha_Tinh,18.355,105.8877,27.6,80,22.4,71,1004.4,0
2026-04-05,Ha_Tinh,18.355,105.8877,29.1,80,17.0,43,1003.0,0
2026-04-06,Ha_Tinh,18.355,105.8877,31.3,71,15.0,6,1003.3,0
2026-04-07,Ha_Tinh,18.355,105.8877,31.7,57,12.8,13,1004.0,0
2026-04-08,Ha_Tinh,18.355,105.8877,32.1,50,24.3,19,1005.0,0
2026-04-09,Ha_Tinh,18.355,105.8877,30.4,64,21.1,9,1005.5,0
2026-04-10,Ha_Tinh,18.355,105.8877,31.3,57,17.0,0,1005.0,0
2026-04-11,Ha_Tinh,18.355,105.8877,33.0,44,17.3,0,1003.6,0
2026-04-12,Ha_Tinh,18.355,105.8877,31.1,56,19.3,0,1003.0,0
2026-04-13,Ha_Tinh,18.355,105.8877,30.1,62,17.6,3,1004.9,0
2026-04-14,Ha_Tinh,18.355,105.8877,29.2,73,18.1,4,1005.4,0
2026-04-15,Ha_Tinh,18.355,105.8877,28.7,77,21.1,8,1004.4,0
2026-04-16,Ha_Tinh,18.355,105.8877,28.5,80,23.3,3,1005.2,0
2026-04-17,Ha_Tinh,18.355,105.8877,26.9,90,19.8,42,1007.8,1
2026-04-18,Ha_Tinh,18.355,105.8877,26.7,86,20.8,63,1009.8,1
2026-04-19,Ha_Tinh,18.355,105.8877,26.3,85,24.0,52,1009.2,1
2026-04-20,Ha_Tinh,18.355,105.8877,26.6,84,19.9,36,1007.7,0
2026-04-21,Ha_Tinh,18.355,105.8877,28.3,81,20.9,43,1005.7,0
2026-04-22,Ha_Tinh,18.355,105.8877,30.1,73,13.8,47,1004.1,0
2026-04-23,Ha_Tinh,18.355,105.8877,27.5,85,33.1,71,1005.6,1
2026-04-24,Ha_Tinh,18.355,105.8877,25.2,91,15.2,100,1010.1,1
2026-04-25,Ha_Tinh,18.355,105.8877,25.6,85,13.8,89,1013.1,1
2026-04-26,Ha_Tinh,18.355,105.8877,25.8,85,14.5,78,1011.0,0
2026-04-27,Ha_Tinh,18.355,105.8877,26.9,84,14.1,60,1007.7,0
2026-04-28,Ha_Tinh,18.355,105.8877,27.2,86,15.6,54,1006.2,0
2026-04-29,Ha_Tinh,18.355,105.8877,26.6,78,26.4,85,1010.2,1
2026-04-30,Ha_Tinh,18.355,105.8877,25.0,75,18.5,69,1014.3,1
2026-05-01,Ha_Tinh,18.355,105.8877,24.7,76,13.8,73,1011.6,0
2026-05-02,Ha_Tinh,18.355,105.8877,27.3,82,16.2,95,1008.2,0
2026-05-03,Ha_Tinh,18.355,105.8877,27.8,83,16.1,47,1008.4,1
2026-05-04,Ha_Tinh,18.355,105.8877,24.6,87,20.0,99,1013.7,1
2026-05-05,Ha_Tinh,18.355,105.8877,25.7,79,13.3,63,1011.7,1
2026-05-06,Ha_Tinh,18.355,105.8877,26.9,83,19.1,14,1008.4,0
2026-05-07,Ha_Tinh,18.355,105.8877,28.2,83,20.0,52,1007.7,0
2026-05-08,Ha_Tinh,18.355,105.8877,27.0,86,16.0,92,1011.0,1
2026-05-09,Ha_Tinh,18.355,105.8877,26.4,86,18.6,73,1012.5,1
2026-05-10,Ha_Tinh,18.355,105.8877,26.5,84,19.0,85,1012.3,1
2026-05-11,Ha_Tinh,18.355,105.8877,27.0,85,16.6,59,1011.0,1
2026-05-12,Ha_Tinh,18.355,105.8877,27.8,86,19.8,87,1007.5,1
2026-05-13,Ha_Tinh,18.355,105.8877,28.9,86,14.2,58,1004.2,1
2026-05-14,Ha_Tinh,18.355,105.8877,30.9,72,14.3,82,1002.7,1
2026-05-15,Ha_Tinh,18.355,105.8877,30.8,76,11.8,85,1002.6,1
2026-05-16,Ha_Tinh,18.355,105.8877,29.8,82,17.2,84,1003.1,1
2026-05-17,Ha_Tinh,18.355,105.8877,29.6,82,11.1,96,1003.9,1
2026-05-18,Ha_Tinh,18.355,105.8877,29.4,83,15.0,94,1004.0,1
2026-05-19,Ha_Tinh,18.355,105.8877,29.7,80,13.0,93,1003.2,1
