date,destination,latitude,longitude,temp,humidity,wind_speed,cloud_cover,pressure,rain
2020-01-01,Khanh_Hoa,12.2388,109.1967,24.7,83,23.2,60,1016.9,1
2020-01-02,Khanh_Hoa,12.2388,109.1967,24.5,84,23.9,65,1017.4,1
2020-01-03,Khanh_Hoa,12.2388,109.1967,24.3,80,24.5,76,1016.1,1
2020-01-04,Khanh_Hoa,12.2388,109.1967,23.8,77,25.9,80,1014.5,1
2020-01-05,Khanh_Hoa,12.2388,109.1967,23.9,73,22.1,80,1014.1,1
2020-01-06,Khanh_Hoa,12.2388,109.1967,23.8,79,17.2,88,1014.0,1
2020-01-07,Khanh_Hoa,12.2388,109.1967,24.6,80,16.1,89,1013.1,0
2020-01-08,Khanh_Hoa,12.2388,109.1967,24.9,77,20.3,83,1013.1,0
2020-01-09,Khanh_Hoa,12.2388,109.1967,24.7,76,21.4,50,1012.3,0
2020-01-10,Khanh_Hoa,12.2388,109.1967,24.2,76,18.3,27,1011.3,0
2020-01-11,Khanh_Hoa,12.2388,109.1967,24.3,79,19.9,93,1010.7,0
2020-01-12,Khanh_Hoa,12.2388,109.1967,24.4,79,20.5,88,1011.3,0
2020-01-13,Khanh_Hoa,12.2388,109.1967,24.2,73,23.6,28,1012.0,0
2020-01-14,Khanh_Hoa,12.2388,109.1967,23.6,70,22.2,33,1013.5,1
2020-01-15,Khanh_Hoa,12.2388,109.1967,23.8,73,17.4,44,1013.2,0
2020-01-16,Khanh_Hoa,12.2388,109.1967,24.2,79,16.6,18,1012.9,1
2020-01-17,Khanh_Hoa,12.2388,109.1967,24.2,80,20.9,34,1014.3,1
2020-01-18,Khanh_Hoa,12.2388,109.1967,24.2,73,22.7,50,1014.2,1
2020-01-19,Khanh_Hoa,12.2388,109.1967,23.6,69,23.8,54,1015.0,1
2020-01-20,Khanh_Hoa,12.2388,109.1967,23.9,68,22.4,49,1015.7,0
2020-01-21,Khanh_Hoa,12.2388,109.1967,24.0,71,20.9,49,1016.6,0
2020-01-22,Khanh_Hoa,12.2388,109.1967,24.2,74,14.8,51,1015.4,0
2020-01-23,Khanh_Hoa,12.2388,109.1967,24.3,77,14.5,27,1013.8,0
2020-01-24,Khanh_Hoa,12.2388,109.1967,23.8,78,14.8,80,1013.5,0
2020-01-25,Khanh_Hoa,12.2388,109.1967,24.6,78,10.4,73,1011.3,1
2020-01-26,Khanh_Hoa,12.2388,109.1967,24.7,82,14.2,78,1010.6,1
2020-01-27,Khanh_Hoa,12.2388,109.1967,24.9,78,15.1,56,1010.9,0
2020-01-28,Khanh_Hoa,12.2388,109.1967,24.6,79,15.3,30,1011.7,1
2020-01-29,Khanh_Hoa,12.2388,109.1967,24.8,77,23.7,61,1013.2,1
2020-01-30,Khanh_Hoa,12.2388,109.1967,23.8,72,27.2,65,1014.4,0
2020-01-31,Khanh_Hoa,12.2388,109.1967,23.3,65,25.7,93,1015.8,0
2020-02-01,Khanh_Hoa,12.2388,109.1967,23.2,65,23.6,55,1015.9,1
2020-02-02,Khanh_Hoa,12.2388,109.1967,23.0,67,20.7,59,1016.0,1
2020-02-03,Khanh_Hoa,12.2388,109.1967,23.5,71,19.9,75,1015.1,1
2020-02-04,Khanh_Hoa,12.2388,109.1967,23.6,76,18.5,49,1014.2,1
2020-02-05,Khanh_Hoa,12.2388,109.1967,23.2,70,22.0,68,1014.2,1
2020-02-06,Khanh_Hoa,12.2388,109.1967,23.2,61,19.1,40,1014.4,1
2020-02-07,Khanh_Hoa,12.2388,109.1967,23.5,68,19.5,56,1014.8,0
2020-02-08,Khanh_Hoa,12.2388,109.1967,24.1,75,23.0,95,1015.5,1
2020-02-09,Khanh_Hoa,12.2388,109.1967,23.9,74,26.3,87,1016.4,1
2020-02-10,Khanh_Hoa,12.2388,109.1967,23.1,84,20.7,89,1016.1,1
2020-02-11,Khanh_Hoa,12.2388,109.1967,24.0,79,15.8,56,1015.7,1
2020-02-12,Khanh_Hoa,12.2388,109.1967,24.5,82,12.9,48,1014.5,0
2020-02-13,Khanh_Hoa,12.2388,109.1967,25.1,82,11.3,34,1012.8,0
2020-02-14,Khanh_Hoa,12.2388,109.1967,25.2,81,13.8,37,1011.0,1
2020-02-15,Khanh_Hoa,12.2388,109.1967,25.4,80,12.2,31,1011.4,0
2020-02-16,Khanh_Hoa,12.2388,109.1967,25.8,83,14.5,46,1012.8,1
2020-02-17,Khanh_Hoa,12.2388,109.1967,24.2,86,29.6,67,1016.3,1
2020-02-18,Khanh_Hoa,12.2388,109.1967,23.5,79,26.1,42,1017.0,1
2020-02-19,Khanh_Hoa,12.2388,109.1967,23.6,74,26.1,39,1017.1,1
2020-02-20,Khanh_Hoa,12.2388,109.1967,23.9,73,25.7,50,1016.8,1
2020-02-21,Khanh_Hoa,12.2388,109.1967,23.7,78,28.7,50,1018.2,1
2020-02-22,Khanh_Hoa,12.2388,109.1967,23.6,75,28.4,71,1018.4,1
2020-02-23,Khanh_Hoa,12.2388,109.1967,23.6,72,29.2,34,1017.3,1
2020-02-24,Khanh_Hoa,12.2388,109.1967,23.4,69,21.5,19,1015.3,0
2020-02-25,Khanh_Hoa,12.2388,109.1967,24.2,74,19.1,69,1013.3,0
2020-02-26,Khanh_Hoa,12.2388,109.1967,24.9,76,20.5,42,1013.7,0
2020-02-27,Khanh_Hoa,12.2388,109.1967,24.7,76,21.3,65,1013.2,1
2020-02-28,Khanh_Hoa,12.2388,109.1967,24.4,75,20.4,60,1012.1,0
2020-02-29,Khanh_Hoa,12.2388,109.1967,24.8,81,13.7,42,1011.3,1
2020-03-01,Khanh_Hoa,12.2388,109.1967,25.4,81,14.7,66,1011.6,1
2020-03-02,Khanh_Hoa,12.2388,109.1967,25.0,83,16.8,66,1012.0,1
2020-03-03,Khanh_Hoa,12.2388,109.1967,25.3,81,17.4,82,1012.2,1
2020-03-04,Khanh_Hoa,12.2388,109.1967,25.2,81,13.5,72,1012.0,1
2020-03-05,Khanh_Hoa,12.2388,109.1967,25.3,83,15.8,75,1012.8,1
2020-03-06,Khanh_Hoa,12.2388,109.1967,25.1,79,15.0,67,1013.2,1
2020-03-07,Khanh_Hoa,12.2388,109.1967,25.2,77,11.2,63,1012.1,0
2020-03-08,Khanh_Hoa,12.2388,109.1967,25.5,80,15.0,22,1009.5,0
2020-03-09,Khanh_Hoa,12.2388,109.1967,26.5,83,16.3,20,1007.5,0
2020-03-10,Khanh_Hoa,12.2388,109.1967,26.8,85,15.6,19,1008.6,0
2020-03-11,Khanh_Hoa,12.2388,109.1967,26.1,82,13.6,38,1012.0,1
2020-03-12,Khanh_Hoa,12.2388,109.1967,25.8,78,14.2,25,1012.9,0
2020-03-13,Khanh_Hoa,12.2388,109.1967,26.0,77,10.9,64,1012.7,0
2020-03-14,Khanh_Hoa,12.2388,109.1967,25.9,77,12.7,79,1012.4,0
2020-03-15,Khanh_Hoa,12.2388,109.1967,25.9,78,18.8,53,1013.2,1
2020-03-16,Khanh_Hoa,12.2388,109.1967,26.2,78,16.6,69,1013.5,1
2020-03-17,Khanh_Hoa,12.2388,109.1967,25.6,85,15.2,50,1013.8,1
2020-03-18,Khanh_Hoa,12.2388,109.1967,25.9,79,14.5,74,1012.0,1
2020-03-19,Khanh_Hoa,12.2388,109.1967,26.3,80,11.9,30,1011.4,1
2020-03-20,Khanh_Hoa,12.2388,109.1967,26.1,77,10.7,62,1012.3,1
2020-03-21,Khanh_Hoa,12.2388,109.1967,26.3,80,10.6,38,1012.4,1
2020-03-22,Khanh_Hoa,12.2388,109.1967,26.6,75,11.8,23,1011.6,0
2020-03-23,Khanh_Hoa,12.2388,109.1967,26.3,74,11.0,16,1011.1,0
2020-03-24,Khanh_Hoa,12.2388,109.1967,26.4,75,13.1,19,1010.7,0
2020-03-25,Khanh_Hoa,12.2388,109.1967,26.5,82,10.2,58,1009.7,1
2020-03-26,Khanh_Hoa,12.2388,109.1967,26.7,78,10.6,29,1010.7,1
2020-03-27,Khanh_Hoa,12.2388,109.1967,26.9,74,12.8,65,1010.7,1
2020-03-28,Khanh_Hoa,12.2388,109.1967,27.1,75,13.3,48,1009.8,0
2020-03-29,Khanh_Hoa,12.2388,109.1967,27.1,74,13.0,33,1009.6,0
2020-03-30,Khanh_Hoa,12.2388,109.1967,27.5,74,13.6,18,1009.4,0
2020-03-31,Khanh_Hoa,12.2388,109.1967,27.7,77,14.9,22,1009.8,0
2020-04-01,Khanh_Hoa,12.2388,109.1967,27.7,76,13.7,39,1010.3,1
2020-04-02,Khanh_Hoa,12.2388,109.1967,27.3,75,12.7,42,1011.5,1
2020-04-03,Khanh_Hoa,12.2388,109.1967,27.5,73,13.5,47,1011.9,1
2020-04-04,Khanh_Hoa,12.2388,109.1967,27.4,79,15.2,29,1012.0,1
2020-04-05,Khanh_Hoa,12.2388,109.1967,27.1,81,15.7,38,1012.1,1
2020-04-06,Khanh_Hoa,12.2388,109.1967,27.0,80,11.9,50,1011.2,1
2020-04-07,Khanh_Hoa,12.2388,109.1967,26.5,81,12.7,68,1010.6,1
2020-04-08,Khanh_Hoa,12.2388,109.1967,26.9,83,20.2,79,1011.1,1
2020-04-09,Khanh_Hoa,12.2388,109.1967,26.7,84,18.4,88,1012.1,1
2020-04-10,Khanh_Hoa,12.2388,109.1967,26.6,85,13.1,85,1012.8,1
2020-04-11,Khanh_Hoa,12.2388,109.1967,26.9,81,11.3,79,1011.9,1
2020-04-12,Khanh_Hoa,12.2388,109.1967,27.0,80,12.0,75,1011.1,1
2020-04-13,Khanh_Hoa,12.2388,109.1967,25.8,86,19.5,93,1012.0,1
2020-04-14,Khanh_Hoa,12.2388,109.1967,25.5,81,22.5,76,1012.7,1
2020-04-15,Khanh_Hoa,12.2388,109.1967,25.8,74,18.8,36,1012.7,0
2020-04-16,Khanh_Hoa,12.2388,109.1967,25.9,75,15.0,58,1011.3,0
2020-04-17,Khanh_Hoa,12.2388,109.1967,26.5,79,12.7,70,1011.2,0
2020-04-18,Khanh_Hoa,12.2388,109.1967,26.8,82,11.5,70,1011.7,1
2020-04-19,Khanh_Hoa,12.2388,109.1967,27.5,81,14.8,54,1010.7,1
2020-04-20,Khanh_Hoa,12.2388,109.1967,27.6,77,12.0,18,1010.6,0
2020-04-21,Khanh_Hoa,12.2388,109.1967,27.3,78,11.7,46,1009.9,0
2020-04-22,Khanh_Hoa,12.2388,109.1967,28.1,77,12.4,78,1009.8,0
2020-04-23,Khanh_Hoa,12.2388,109.1967,28.0,80,14.1,67,1010.7,1
2020-04-24,Khanh_Hoa,12.2388,109.1967,27.3,82,18.7,85,1011.2,1
2020-04-25,Khanh_Hoa,12.2388,109.1967,27.2,80,21.9,69,1011.4,1
2020-04-26,Khanh_Hoa,12.2388,109.1967,27.1,77,24.0,49,1012.1,1
2020-04-27,Khanh_Hoa,12.2388,109.1967,26.7,76,26.8,69,1012.9,1
2020-04-28,Khanh_Hoa,12.2388,109.1967,26.5,74,23.6,89,1012.7,1
2020-04-29,Khanh_Hoa,12.2388,109.1967,26.7,76,22.0,59,1011.7,1
2020-04-30,Khanh_Hoa,12.2388,109.1967,27.0,80,17.8,43,1011.7,1
2020-05-01,Khanh_Hoa,12.2388,109.1967,27.1,80,16.1,26,1009.8,0
2020-05-02,Khanh_Hoa,12.2388,109.1967,27.5,80,14.0,36,1008.8,0
2020-05-03,Khanh_Hoa,12.2388,109.1967,27.7,79,11.6,17,1008.8,0
2020-05-04,Khanh_Hoa,12.2388,109.1967,27.9,79,12.3,8,1009.2,0
2020-05-05,Khanh_Hoa,12.2388,109.1967,28.0,79,13.5,18,1008.4,0
2020-05-06,Khanh_Hoa,12.2388,109.1967,28.6,74,14.7,16,1007.7,0
2020-05-07,Khanh_Hoa,12.2388,109.1967,29.2,76,17.1,39,1007.2,0
2020-05-08,Khanh_Hoa,12.2388,109.1967,29.3,78,17.5,80,1007.2,0
2020-05-09,Khanh_Hoa,12.2388,109.1967,29.3,79,18.5,65,1008.0,0
2020-05-10,Khanh_Hoa,12.2388,109.1967,29.0,77,15.1,35,1008.5,0
2020-05-11,Khanh_Hoa,12.2388,109.1967,29.1,72,13.7,52,1008.9,0
2020-05-12,Khanh_Hoa,12.2388,109.1967,29.0,76,12.5,84,1009.0,0
2020-05-13,Khanh_Hoa,12.2388,109.1967,28.7,79,13.3,48,1009.0,1
2020-05-14,Khanh_Hoa,12.2388,109.1967,28.1,83,14.1,80,1008.5,1
2020-05-15,Khanh_Hoa,12.2388,109.1967,28.5,74,13.4,79,1006.4,0
2020-05-16,Khanh_Hoa,12.2388,109.1967,29.1,76,13.7,86,1005.8,1
2020-05-17,Khanh_Hoa,12.2388,109.1967,29.5,76,17.9,83,1005.2,1
2020-05-18,Khanh_Hoa,12.2388,109.1967,30.2,73,16.3,92,1004.9,1
2020-05-19,Khanh_Hoa,12.2388,109.1967,30.3,76,18.1,81,1005.0,1
2020-05-20,Khanh_Hoa,12.2388,109.1967,30.1,77,17.8,95,1006.0,1
2020-05-21,Khanh_Hoa,12.2388,109.1967,30.8,75,15.1,66,1005.5,0
2020-05-22,Khanh_Hoa,12.2388,109.1967,30.9,75,17.4,89,1005.6,1
2020-05-23,Khanh_Hoa,12.2388,109.1967,31.4,70,23.4,72,1006.5,0
2020-05-24,Khanh_Hoa,12.2388,109.1967,30.3,73,12.5,86,1008.4,1
2020-05-25,Khanh_Hoa,12.2388,109.1967,30.2,76,16.8,52,1009.1,1
2020-05-26,Khanh_Hoa,12.2388,109.1967,30.4,77,16.0,30,1008.5,1
2020-05-27,Khanh_Hoa,12.2388,109.1967,30.0,75,11.5,36,1008.4,0
2020-05-28,Khanh_Hoa,12.2388,109.1967,29.5,76,9.0,36,1008.9,1
2020-05-29,Khanh_Hoa,12.2388,109.1967,29.6,75,18.4,51,1009.2,1
2020-05-30,Khanh_Hoa,12.2388,109.1967,28.8,79,13.5,51,1010.8,1
2020-05-31,Khanh_Hoa,12.2388,109.1967,29.1,77,15.0,22,1010.4,1
2020-06-01,Khanh_Hoa,12.2388,109.1967,29.4,75,12.8,14,1009.8,0
2020-06-02,Khanh_Hoa,12.2388,109.1967,29.2,73,18.0,20,1008.7,1
2020-06-03,Khanh_Hoa,12.2388,109.1967,29.5,73,14.8,74,1007.8,1
2020-06-04,Khanh_Hoa,12.2388,109.1967,29.6,76,14.5,76,1007.5,1
2020-06-05,Khanh_Hoa,12.2388,109.1967,30.0,73,11.9,33,1007.4,1
2020-06-06,Khanh_Hoa,12.2388,109.1967,30.1,74,12.6,36,1007.1,1
2020-06-07,Khanh_Hoa,12.2388,109.1967,30.2,70,13.2,30,1006.3,0
2020-06-08,Khanh_Hoa,12.2388,109.1967,30.6,67,13.8,15,1005.9,0
2020-06-09,Khanh_Hoa,12.2388,109.1967,30.1,74,15.0,51,1006.7,0
2020-06-10,Khanh_Hoa,12.2388,109.1967,29.3,74,18.0,50,1007.2,1
2020-06-11,Khanh_Hoa,12.2388,109.1967,29.3,71,11.9,61,1006.1,1
2020-06-12,Khanh_Hoa,12.2388,109.1967,29.8,69,14.1,60,1004.3,1
2020-06-13,Khanh_Hoa,12.2388,109.1967,30.4,66,15.5,92,1003.8,1
2020-06-14,Khanh_Hoa,12.2388,109.1967,29.1,79,19.1,95,1006.2,1
2020-06-15,Khanh_Hoa,12.2388,109.1967,28.2,82,16.3,97,1009.0,1
2020-06-16,Khanh_Hoa,12.2388,109.1967,28.3,79,10.6,76,1008.9,1
2020-06-17,Khanh_Hoa,12.2388,109.1967,28.7,77,10.4,88,1007.9,0
2020-06-18,Khanh_Hoa,12.2388,109.1967,29.2,73,11.9,24,1007.8,1
2020-06-19,Khanh_Hoa,12.2388,109.1967,29.2,76,13.8,59,1007.7,1
2020-06-20,Khanh_Hoa,12.2388,109.1967,28.5,80,15.6,86,1007.5,1
2020-06-21,Khanh_Hoa,12.2388,109.1967,28.7,78,12.4,82,1006.1,1
2020-06-22,Khanh_Hoa,12.2388,109.1967,29.2,76,24.0,19,1005.8,0
2020-06-23,Khanh_Hoa,12.2388,109.1967,29.6,75,16.1,36,1006.9,0
2020-06-24,Khanh_Hoa,12.2388,109.1967,30.0,74,17.9,71,1006.7,1
2020-06-25,Khanh_Hoa,12.2388,109.1967,29.8,72,17.4,76,1006.2,0
2020-06-26,Khanh_Hoa,12.2388,109.1967,29.5,72,17.4,82,1006.9,1
2020-06-27,Khanh_Hoa,12.2388,109.1967,28.9,71,9.7,94,1007.0,1
2020-06-28,Khanh_Hoa,12.2388,109.1967,28.3,77,7.9,99,1006.6,1
2020-06-29,Khanh_Hoa,12.2388,109.1967,27.8,81,10.8,100,1006.3,1
2020-06-30,Khanh_Hoa,12.2388,109.1967,27.5,82,10.8,98,1006.0,1
2020-07-01,Khanh_Hoa,12.2388,109.1967,28.3,76,10.7,89,1005.2,1
2020-07-02,Khanh_Hoa,12.2388,109.1967,29.7,68,11.6,92,1004.3,1
2020-07-03,Khanh_Hoa,12.2388,109.1967,27.9,81,12.2,97,1006.4,1
2020-07-04,Khanh_Hoa,12.2388,109.1967,28.4,78,12.0,47,1007.4,1
2020-07-05,Khanh_Hoa,12.2388,109.1967,28.5,75,13.5,24,1006.1,1
2020-07-06,Khanh_Hoa,12.2388,109.1967,28.6,77,23.1,47,1006.1,1
2020-07-07,Khanh_Hoa,12.2388,109.1967,28.8,76,18.7,16,1008.2,1
2020-07-08,Khanh_Hoa,12.2388,109.1967,29.0,73,15.0,83,1008.0,0
2020-07-09,Khanh_Hoa,12.2388,109.1967,29.4,70,17.1,90,1006.1,1
2020-07-10,Khanh_Hoa,12.2388,109.1967,30.0,70,20.2,59,1006.1,0
2020-07-11,Khanh_Hoa,12.2388,109.1967,29.8,70,21.1,89,1006.5,0
2020-07-12,Khanh_Hoa,12.2388,109.1967,29.8,69,22.4,64,1005.9,0
2020-07-13,Khanh_Hoa,12.2388,109.1967,29.4,71,17.4,29,1006.3,1
2020-07-14,Khanh_Hoa,12.2388,109.1967,29.1,74,15.1,38,1006.8,1
2020-07-15,Khanh_Hoa,12.2388,109.1967,28.6,77,15.4,54,1006.3,1
2020-07-16,Khanh_Hoa,12.2388,109.1967,29.7,71,23.5,8,1006.1,0
2020-07-17,Khanh_Hoa,12.2388,109.1967,28.9,74,17.1,80,1007.5,0
2020-07-18,Khanh_Hoa,12.2388,109.1967,29.4,72,16.0,43,1007.8,0
2020-07-19,Khanh_Hoa,12.2388,109.1967,29.6,69,15.8,60,1006.9,0
2020-07-20,Khanh_Hoa,12.2388,109.1967,29.6,70,16.1,32,1007.1,1
2020-07-21,Khanh_Hoa,12.2388,109.1967,27.0,86,5.8,87,1008.3,1
2020-07-22,Khanh_Hoa,12.2388,109.1967,28.7,75,11.3,50,1007.5,1
2020-07-23,Khanh_Hoa,12.2388,109.1967,28.5,75,15.3,80,1007.7,1
2020-07-24,Khanh_Hoa,12.2388,109.1967,28.0,77,9.5,96,1007.9,1
2020-07-25,Khanh_Hoa,12.2388,109.1967,29.3,69,15.8,69,1007.1,1
2020-07-26,Khanh_Hoa,12.2388,109.1967,29.4,74,17.8,29,1006.8,1
2020-07-27,Khanh_Hoa,12.2388,109.1967,29.5,73,17.2,38,1006.0,1
2020-07-28,Khanh_Hoa,12.2388,109.1967,30.1,70,16.7,33,1006.0,1
2020-07-29,Khanh_Hoa,12.2388,109.1967,29.3,73,13.4,53,1005.8,1
2020-07-30,Khanh_Hoa,12.2388,109.1967,28.6,80,14.5,84,1004.5,1
2020-07-31,Khanh_Hoa,12.2388,109.1967,27.3,88,6.9,100,1002.4,1
2020-08-01,Khanh_Hoa,12.2388,109.1967,28.0,85,9.7,100,1001.3,1
2020-08-02,Khanh_Hoa,12.2388,109.1967,29.3,72,14.9,94,1002.0,1
2020-08-03,Khanh_Hoa,12.2388,109.1967,29.4,73,10.7,88,1003.3,1
2020-08-04,Khanh_Hoa,12.2388,109.1967,30.4,70,13.5,75,1003.3,0
2020-08-05,Khanh_Hoa,12.2388,109.1967,28.7,78,10.7,83,1005.1,1
2020-08-06,Khanh_Hoa,12.2388,109.1967,27.3,85,10.4,78,1006.4,1
2020-08-07,Khanh_Hoa,12.2388,109.1967,27.1,83,6.8,97,1005.7,1
2020-08-08,Khanh_Hoa,12.2388,109.1967,27.8,82,11.6,89,1005.0,1
2020-08-09,Khanh_Hoa,12.2388,109.1967,28.0,81,6.4,90,1005.0,1
2020-08-10,Khanh_Hoa,12.2388,109.1967,29.5,75,10.2,89,1005.4,1
2020-08-11,Khanh_Hoa,12.2388,109.1967,29.0,74,12.0,93,1006.2,1
2020-08-12,Khanh_Hoa,12.2388,109.1967,28.2,84,9.2,97,1007.7,1
2020-08-13,Khanh_Hoa,12.2388,109.1967,26.9,90,6.9,99,1008.4,1
2020-08-14,Khanh_Hoa,12.2388,109.1967,27.2,85,10.2,96,1008.0,1
2020-08-15,Khanh_Hoa,12.2388,109.1967,27.7,81,9.4,33,1007.4,1
2020-08-16,Khanh_Hoa,12.2388,109.1967,28.1,80,12.1,33,1007.0,1
2020-08-17,Khanh_Hoa,12.2388,109.1967,28.4,79,11.9,45,1005.7,1
2020-08-18,Khanh_Hoa,12.2388,109.1967,28.6,75,13.0,59,1005.5,1
2020-08-19,Khanh_Hoa,12.2388,109.1967,27.4,82,14.8,88,1005.4,1
2020-08-20,Khanh_Hoa,12.2388,109.1967,26.2,88,7.8,99,1006.8,1
2020-08-21,Khanh_Hoa,12.2388,109.1967,27.9,80,12.0,51,1007.5,1
2020-08-22,Khanh_Hoa,12.2388,109.1967,28.7,78,11.5,40,1007.3,1
2020-08-23,Khanh_Hoa,12.2388,109.1967,29.2,77,7.7,85,1007.7,0
2020-08-24,Khanh_Hoa,12.2388,109.1967,29.5,73,11.0,70,1007.7,0
2020-08-25,Khanh_Hoa,12.2388,109.1967,30.0,74,12.7,28,1006.5,1
2020-08-26,Khanh_Hoa,12.2388,109.1967,30.6,73,13.8,24,1005.2,1
2020-08-27,Khanh_Hoa,12.2388,109.1967,30.6,70,11.0,89,1003.9,1
2020-08-28,Khanh_Hoa,12.2388,109.1967,30.0,70,14.3,84,1003.8,1
2020-08-29,Khanh_Hoa,12.2388,109.1967,29.1,76,13.0,77,1004.4,1
2020-08-30,Khanh_Hoa,12.2388,109.1967,29.4,74,12.0,58,1004.7,1
2020-08-31,Khanh_Hoa,12.2388,109.1967,28.9,80,14.2,70,1005.6,1
2020-09-01,Khanh_Hoa,12.2388,109.1967,28.0,83,14.2,55,1006.2,1
2020-09-02,Khanh_Hoa,12.2388,109.1967,28.3,77,10.5,66,1006.9,1
2020-09-03,Khanh_Hoa,12.2388,109.1967,28.2,78,11.5,54,1007.5,1
2020-09-04,Khanh_Hoa,12.2388,109.1967,29.2,77,21.0,69,1007.2,1
2020-09-05,Khanh_Hoa,12.2388,109.1967,29.7,72,18.3,35,1006.5,0
2020-09-06,Khanh_Hoa,12.2388,109.1967,29.6,69,14.3,69,1005.8,0
2020-09-07,Khanh_Hoa,12.2388,109.1967,30.0,67,12.0,66,1006.4,0
2020-09-08,Khanh_Hoa,12.2388,109.1967,29.5,73,19.5,61,1008.3,1
2020-09-09,Khanh_Hoa,12.2388,109.1967,28.3,81,11.0,82,1008.3,1
2020-09-10,Khanh_Hoa,12.2388,109.1967,28.8,75,12.6,69,1006.2,1
2020-09-11,Khanh_Hoa,12.2388,109.1967,29.0,74,15.5,40,1007.3,0
2020-09-12,Khanh_Hoa,12.2388,109.1967,28.9,74,12.7,49,1009.1,1
2020-09-13,Khanh_Hoa,12.2388,109.1967,28.2,80,12.1,63,1009.0,1
2020-09-14,Khanh_Hoa,12.2388,109.1967,27.8,79,11.6,73,1008.1,1
2020-09-15,Khanh_Hoa,12.2388,109.1967,28.9,70,13.3,46,1007.3,0
2020-09-16,Khanh_Hoa,12.2388,109.1967,29.4,69,9.0,100,1006.0,1
2020-09-17,Khanh_Hoa,12.2388,109.1967,27.5,82,7.7,100,1002.7,1
2020-09-18,Khanh_Hoa,12.2388,109.1967,28.2,82,22.3,100,1001.1,1
2020-09-19,Khanh_Hoa,12.2388,109.1967,26.8,88,15.2,100,1006.8,1
2020-09-20,Khanh_Hoa,12.2388,109.1967,27.5,82,7.3,93,1009.1,1
2020-09-21,Khanh_Hoa,12.2388,109.1967,28.2,78,10.8,57,1008.4,1
2020-09-22,Khanh_Hoa,12.2388,109.1967,28.2,78,10.7,37,1008.1,1
2020-09-23,Khanh_Hoa,12.2388,109.1967,27.8,80,11.6,45,1008.7,1
2020-09-24,Khanh_Hoa,12.2388,109.1967,28.0,78,11.3,64,1009.0,1
2020-09-25,Khanh_Hoa,12.2388,109.1967,28.1,81,13.2,83,1007.8,1
2020-09-26,Khanh_Hoa,12.2388,109.1967,26.4,89,7.5,89,1007.2,1
2020-09-27,Khanh_Hoa,12.2388,109.1967,26.2,92,6.6,89,1006.7,1
2020-09-28,Khanh_Hoa,12.2388,109.1967,27.5,84,12.8,88,1006.6,1
2020-09-29,Khanh_Hoa,12.2388,109.1967,28.1,82,6.9,99,1006.8,1
2020-09-30,Khanh_Hoa,12.2388,109.1967,28.3,78,10.2,79,1005.5,1
2020-10-01,Khanh_Hoa,12.2388,109.1967,27.3,85,8.7,61,1005.4,1
2020-10-02,Khanh_Hoa,12.2388,109.1967,27.6,84,9.7,60,1006.3,1
2020-10-03,Khanh_Hoa,12.2388,109.1967,27.8,83,9.4,86,1007.3,1
2020-10-04,Khanh_Hoa,12.2388,109.1967,27.1,85,9.0,97,1007.6,1
2020-10-05,Khanh_Hoa,12.2388,109.1967,26.4,90,8.5,99,1007.0,1
2020-10-06,Khanh_Hoa,12.2388,109.1967,25.8,93,15.6,99,1005.8,1
2020-10-07,Khanh_Hoa,12.2388,109.1967,25.3,95,8.0,99,1003.8,1
2020-10-08,Khanh_Hoa,12.2388,109.1967,26.9,84,8.7,99,1005.6,1
2020-10-09,Khanh_Hoa,12.2388,109.1967,25.3,96,7.6,100,1007.0,1
2020-10-10,Khanh_Hoa,12.2388,109.1967,26.2,88,8.4,97,1006.0,1
2020-10-11,Khanh_Hoa,12.2388,109.1967,26.4,88,9.0,99,1003.6,1
2020-10-12,Khanh_Hoa,12.2388,109.1967,26.7,87,9.0,98,1003.0,1
2020-10-13,Khanh_Hoa,12.2388,109.1967,26.6,88,8.4,100,1003.6,1
2020-10-14,Khanh_Hoa,12.2388,109.1967,26.5,89,10.1,100,1004.8,1
2020-10-15,Khanh_Hoa,12.2388,109.1967,26.6,89,9.4,98,1004.6,1
2020-10-16,Khanh_Hoa,12.2388,109.1967,25.4,96,6.3,100,1003.7,1
2020-10-17,Khanh_Hoa,12.2388,109.1967,25.3,97,6.3,100,1004.3,1
2020-10-18,Khanh_Hoa,12.2388,109.1967,26.3,91,8.9,99,1006.9,1
2020-10-19,Khanh_Hoa,12.2388,109.1967,26.4,88,8.8,84,1007.5,1
2020-10-20,Khanh_Hoa,12.2388,109.1967,26.5,88,12.5,80,1007.8,1
2020-10-21,Khanh_Hoa,12.2388,109.1967,25.6,89,19.1,100,1008.2,1
2020-10-22,Khanh_Hoa,12.2388,109.1967,26.1,74,21.9,100,1007.6,0
2020-10-23,Khanh_Hoa,12.2388,109.1967,26.1,76,18.2,100,1008.4,0
2020-10-24,Khanh_Hoa,12.2388,109.1967,26.2,75,14.0,92,1009.4,1
2020-10-25,Khanh_Hoa,12.2388,109.1967,26.2,84,9.7,59,1009.0,1
2020-10-26,Khanh_Hoa,12.2388,109.1967,25.9,87,10.4,83,1008.2,1
2020-10-27,Khanh_Hoa,12.2388,109.1967,25.8,89,9.4,100,1004.4,1
2020-10-28,Khanh_Hoa,12.2388,109.1967,26.1,86,22.8,94,999.9,1
2020-10-29,Khanh_Hoa,12.2388,109.1967,26.0,79,8.4,88,1008.1,1
2020-10-30,Khanh_Hoa,12.2388,109.1967,26.5,83,15.1,33,1010.7,1
2020-10-31,Khanh_Hoa,12.2388,109.1967,25.8,88,16.2,73,1010.7,1
2020-11-01,Khanh_Hoa,12.2388,109.1967,25.8,84,21.9,76,1010.6,1
2020-11-02,Khanh_Hoa,12.2388,109.1967,25.7,74,24.4,77,1011.1,1
2020-11-03,Khanh_Hoa,12.2388,109.1967,26.0,71,20.8,91,1011.2,0
2020-11-04,Khanh_Hoa,12.2388,109.1967,26.5,74,13.8,88,1010.3,1
2020-11-05,Khanh_Hoa,12.2388,109.1967,26.8,76,15.3,65,1009.0,1
2020-11-06,Khanh_Hoa,12.2388,109.1967,26.9,82,9.2,54,1009.7,1
2020-11-07,Khanh_Hoa,12.2388,109.1967,25.9,85,21.9,54,1012.2,1
2020-11-08,Khanh_Hoa,12.2388,109.1967,26.2,73,25.1,70,1011.5,0
2020-11-09,Khanh_Hoa,12.2388,109.1967,24.7,84,23.3,98,1007.7,1
2020-11-10,Khanh_Hoa,12.2388,109.1967,23.8,95,25.9,94,1003.7,1
2020-11-11,Khanh_Hoa,12.2388,109.1967,25.6,89,9.4,50,1010.4,1
2020-11-12,Khanh_Hoa,12.2388,109.1967,25.4,86,24.8,76,1011.9,1
2020-11-13,Khanh_Hoa,12.2388,109.1967,25.6,75,22.2,85,1009.4,0
2020-11-14,Khanh_Hoa,12.2388,109.1967,26.8,77,15.1,98,1007.4,1
2020-11-15,Khanh_Hoa,12.2388,109.1967,26.4,89,10.1,51,1010.7,1
2020-11-16,Khanh_Hoa,12.2388,109.1967,26.0,88,16.4,48,1011.6,1
2020-11-17,Khanh_Hoa,12.2388,109.1967,26.1,84,18.0,20,1010.2,1
2020-11-18,Khanh_Hoa,12.2388,109.1967,26.0,85,16.2,35,1009.4,1
2020-11-19,Khanh_Hoa,12.2388,109.1967,26.0,83,14.4,32,1009.4,0
2020-11-20,Khanh_Hoa,12.2388,109.1967,26.0,83,15.4,32,1010.0,1
2020-11-21,Khanh_Hoa,12.2388,109.1967,26.0,83,15.6,21,1010.4,1
2020-11-22,Khanh_Hoa,12.2388,109.1967,26.1,79,18.0,21,1011.6,1
2020-11-23,Khanh_Hoa,12.2388,109.1967,26.0,79,21.3,24,1011.9,1
2020-11-24,Khanh_Hoa,12.2388,109.1967,25.2,85,18.7,53,1011.9,1
2020-11-25,Khanh_Hoa,12.2388,109.1967,25.6,80,24.0,79,1011.5,1
2020-11-26,Khanh_Hoa,12.2388,109.1967,25.9,78,22.2,73,1012.0,1
2020-11-27,Khanh_Hoa,12.2388,109.1967,25.2,83,26.7,73,1012.6,1
2020-11-28,Khanh_Hoa,12.2388,109.1967,24.0,94,27.3,97,1012.1,1
2020-11-29,Khanh_Hoa,12.2388,109.1967,23.3,98,21.3,100,1011.7,1
2020-11-30,Khanh_Hoa,12.2388,109.1967,23.5,98,22.5,100,1012.0,1
2020-12-01,Khanh_Hoa,12.2388,109.1967,24.6,89,24.7,73,1012.7,1
2020-12-02,Khanh_Hoa,12.2388,109.1967,24.4,83,27.8,40,1013.0,1
2020-12-03,Khanh_Hoa,12.2388,109.1967,24.5,69,28.9,35,1012.8,0
2020-12-04,Khanh_Hoa,12.2388,109.1967,23.5,71,28.8,68,1012.6,0
2020-12-05,Khanh_Hoa,12.2388,109.1967,24.2,73,27.9,87,1012.9,1
2020-12-06,Khanh_Hoa,12.2388,109.1967,24.1,72,21.3,98,1012.7,0
2020-12-07,Khanh_Hoa,12.2388,109.1967,23.5,86,17.6,94,1013.0,1
2020-12-08,Khanh_Hoa,12.2388,109.1967,24.2,79,17.1,99,1012.2,1
2020-12-09,Khanh_Hoa,12.2388,109.1967,23.5,83,19.8,97,1010.8,1
2020-12-10,Khanh_Hoa,12.2388,109.1967,24.9,79,18.1,84,1010.3,1
2020-12-11,Khanh_Hoa,12.2388,109.1967,25.5,83,16.4,97,1010.6,1
2020-12-12,Khanh_Hoa,12.2388,109.1967,25.2,85,16.3,53,1010.0,1
2020-12-13,Khanh_Hoa,12.2388,109.1967,25.3,86,14.3,53,1009.3,0
2020-12-14,Khanh_Hoa,12.2388,109.1967,25.2,88,12.0,79,1010.6,1
2020-12-15,Khanh_Hoa,12.2388,109.1967,24.9,88,21.3,72,1012.5,1
2020-12-16,Khanh_Hoa,12.2388,109.1967,24.5,88,26.5,72,1013.1,1
2020-12-17,Khanh_Hoa,12.2388,109.1967,24.4,87,28.3,81,1012.3,1
2020-12-18,Khanh_Hoa,12.2388,109.1967,24.6,85,26.4,88,1011.9,1
2020-12-19,Khanh_Hoa,12.2388,109.1967,24.3,81,28.5,98,1012.7,1
2020-12-20,Khanh_Hoa,12.2388,109.1967,23.4,74,24.1,100,1012.5,1
2020-12-21,Khanh_Hoa,12.2388,109.1967,22.7,69,20.1,100,1010.9,0
2020-12-22,Khanh_Hoa,12.2388,109.1967,22.8,79,19.4,100,1009.5,1
2020-12-23,Khanh_Hoa,12.2388,109.1967,23.1,91,15.1,99,1009.5,1
2020-12-24,Khanh_Hoa,12.2388,109.1967,24.0,89,16.9,97,1010.2,1
2020-12-25,Khanh_Hoa,12.2388,109.1967,24.3,89,18.5,92,1011.7,1
2020-12-26,Khanh_Hoa,12.2388,109.1967,24.5,85,17.7,74,1011.8,1
2020-12-27,Khanh_Hoa,12.2388,109.1967,24.4,81,18.9,65,1011.1,0
2020-12-28,Khanh_Hoa,12.2388,109.1967,24.1,78,19.8,85,1010.0,0
2020-12-29,Khanh_Hoa,12.2388,109.1967,24.4,75,17.7,91,1009.8,0
2020-12-30,Khanh_Hoa,12.2388,109.1967,23.8,76,29.5,99,1011.9,1
2020-12-31,Khanh_Hoa,12.2388,109.1967,22.0,81,31.7,100,1014.7,1
2021-01-01,Khanh_Hoa,12.2388,109.1967,21.7,77,24.9,100,1014.7,1
2021-01-02,Khanh_Hoa,12.2388,109.1967,22.4,77,21.4,98,1013.8,1
2021-01-03,Khanh_Hoa,12.2388,109.1967,23.2,76,24.0,89,1013.3,0
2021-01-04,Khanh_Hoa,12.2388,109.1967,23.6,87,22.0,99,1012.7,1
2021-01-05,Khanh_Hoa,12.2388,109.1967,24.0,87,24.2,74,1012.9,1
2021-01-06,Khanh_Hoa,12.2388,109.1967,23.5,87,25.4,93,1012.3,1
2021-01-07,Khanh_Hoa,12.2388,109.1967,23.8,82,21.1,60,1011.7,1
2021-01-08,Khanh_Hoa,12.2388,109.1967,23.6,78,26.7,64,1012.7,1
2021-01-09,Khanh_Hoa,12.2388,109.1967,22.5,79,29.7,80,1013.7,1
2021-01-10,Khanh_Hoa,12.2388,109.1967,22.2,79,26.5,43,1013.7,1
2021-01-11,Khanh_Hoa,12.2388,109.1967,22.2,74,28.2,79,1015.1,1
2021-01-12,Khanh_Hoa,12.2388,109.1967,20.4,69,29.7,96,1016.0,0
2021-01-13,Khanh_Hoa,12.2388,109.1967,20.2,70,20.3,48,1014.2,0
2021-01-14,Khanh_Hoa,12.2388,109.1967,20.7,73,19.8,43,1013.5,0
2021-01-15,Khanh_Hoa,12.2388,109.1967,21.5,77,17.6,40,1011.8,0
2021-01-16,Khanh_Hoa,12.2388,109.1967,22.1,77,21.9,55,1011.8,1
2021-01-17,Khanh_Hoa,12.2388,109.1967,22.6,74,24.3,68,1014.4,1
2021-01-18,Khanh_Hoa,12.2388,109.1967,22.1,70,30.0,60,1015.2,1
2021-01-19,Khanh_Hoa,12.2388,109.1967,21.8,70,21.2,79,1013.5,0
2021-01-20,Khanh_Hoa,12.2388,109.1967,23.0,76,17.1,67,1012.1,0
2021-01-21,Khanh_Hoa,12.2388,109.1967,23.5,80,17.4,90,1011.1,0
2021-01-22,Khanh_Hoa,12.2388,109.1967,23.8,79,19.7,70,1010.8,0
2021-01-23,Khanh_Hoa,12.2388,109.1967,23.6,78,19.7,49,1011.8,0
2021-01-24,Khanh_Hoa,12.2388,109.1967,23.1,78,21.2,33,1012.5,0
2021-01-25,Khanh_Hoa,12.2388,109.1967,23.1,78,19.6,80,1012.2,0
2021-01-26,Khanh_Hoa,12.2388,109.1967,23.7,74,19.2,65,1012.0,0
2021-01-27,Khanh_Hoa,12.2388,109.1967,23.4,82,15.6,93,1012.3,1
2021-01-28,Khanh_Hoa,12.2388,109.1967,23.6,73,27.5,78,1014.3,1
2021-01-29,Khanh_Hoa,12.2388,109.1967,23.1,71,29.9,88,1015.0,1
2021-01-30,Khanh_Hoa,12.2388,109.1967,23.0,71,22.0,87,1014.6,0
2021-01-31,Khanh_Hoa,12.2388,109.1967,23.0,76,20.8,98,1014.7,1
2021-02-01,Khanh_Hoa,12.2388,109.1967,23.1,74,21.8,63,1014.7,1
2021-02-02,Khanh_Hoa,12.2388,109.1967,22.9,74,21.6,91,1014.7,1
2021-02-03,Khanh_Hoa,12.2388,109.1967,23.4,76,25.8,49,1014.7,1
2021-02-04,Khanh_Hoa,12.2388,109.1967,23.8,72,22.5,82,1014.9,0
2021-02-05,Khanh_Hoa,12.2388,109.1967,24.0,72,22.9,62,1014.3,1
2021-02-06,Khanh_Hoa,12.2388,109.1967,23.6,70,24.2,49,1013.0,1
2021-02-07,Khanh_Hoa,12.2388,109.1967,24.3,74,20.4,84,1012.8,0
2021-02-08,Khanh_Hoa,12.2388,109.1967,24.6,75,20.1,82,1012.3,0
2021-02-09,Khanh_Hoa,12.2388,109.1967,24.6,78,18.2,36,1010.6,1
2021-02-10,Khanh_Hoa,12.2388,109.1967,24.3,79,19.7,52,1010.6,1
2021-02-11,Khanh_Hoa,12.2388,109.1967,23.2,69,22.8,78,1012.2,1
2021-02-12,Khanh_Hoa,12.2388,109.1967,22.3,69,27.0,56,1013.6,0
2021-02-13,Khanh_Hoa,12.2388,109.1967,22.2,64,24.9,46,1014.1,0
2021-02-14,Khanh_Hoa,12.2388,109.1967,22.0,67,24.9,64,1014.3,0
2021-02-15,Khanh_Hoa,12.2388,109.1967,22.2,70,23.4,53,1012.8,0
2021-02-16,Khanh_Hoa,12.2388,109.1967,22.6,68,15.3,73,1012.5,0
2021-02-17,Khanh_Hoa,12.2388,109.1967,23.3,68,24.0,21,1014.4,0
2021-02-18,Khanh_Hoa,12.2388,109.1967,23.4,72,27.0,57,1016.7,1
2021-02-19,Khanh_Hoa,12.2388,109.1967,22.9,78,28.0,48,1016.9,1
2021-02-20,Khanh_Hoa,12.2388,109.1967,22.6,74,26.0,39,1015.8,1
2021-02-21,Khanh_Hoa,12.2388,109.1967,22.8,68,19.5,64,1014.4,1
2021-02-22,Khanh_Hoa,12.2388,109.1967,22.2,69,21.1,63,1013.1,0
2021-02-23,Khanh_Hoa,12.2388,109.1967,23.0,71,24.3,32,1011.7,0
2021-02-24,Khanh_Hoa,12.2388,109.1967,23.2,74,20.0,25,1010.4,0
2021-02-25,Khanh_Hoa,12.2388,109.1967,22.9,78,14.8,51,1008.5,0
2021-02-26,Khanh_Hoa,12.2388,109.1967,24.1,82,12.4,45,1007.4,0
2021-02-27,Khanh_Hoa,12.2388,109.1967,24.3,81,10.8,17,1008.8,0
2021-02-28,Khanh_Hoa,12.2388,109.1967,24.9,83,11.1,60,1010.9,1
2021-03-01,Khanh_Hoa,12.2388,109.1967,25.4,81,13.5,52,1012.7,0
2021-03-02,Khanh_Hoa,12.2388,109.1967,25.7,79,18.0,53,1013.2,1
2021-03-03,Khanh_Hoa,12.2388,109.1967,25.8,77,19.9,66,1013.5,1
2021-03-04,Khanh_Hoa,12.2388,109.1967,25.3,83,16.7,28,1013.9,1
2021-03-05,Khanh_Hoa,12.2388,109.1967,25.3,78,11.5,11,1013.3,0
2021-03-06,Khanh_Hoa,12.2388,109.1967,25.3,73,13.2,5,1013.3,0
2021-03-07,Khanh_Hoa,12.2388,109.1967,25.6,78,14.1,41,1013.3,1
2021-03-08,Khanh_Hoa,12.2388,109.1967,25.3,80,19.2,30,1014.0,1
2021-03-09,Khanh_Hoa,12.2388,109.1967,25.3,75,20.2,24,1013.8,1
2021-03-10,Khanh_Hoa,12.2388,109.1967,25.3,77,20.1,25,1013.6,1
2021-03-11,Khanh_Hoa,12.2388,109.1967,25.1,82,19.8,37,1013.8,1
2021-03-12,Khanh_Hoa,12.2388,109.1967,25.5,75,20.8,32,1013.6,1
2021-03-13,Khanh_Hoa,12.2388,109.1967,25.6,72,23.2,27,1013.1,0
2021-03-14,Khanh_Hoa,12.2388,109.1967,25.4,71,23.1,26,1011.5,0
2021-03-15,Khanh_Hoa,12.2388,109.1967,25.0,74,15.8,56,1010.7,0
2021-03-16,Khanh_Hoa,12.2388,109.1967,24.8,76,15.3,40,1010.4,1
2021-03-17,Khanh_Hoa,12.2388,109.1967,25.3,78,14.8,83,1010.1,0
2021-03-18,Khanh_Hoa,12.2388,109.1967,26.1,79,15.8,64,1009.6,0
2021-03-19,Khanh_Hoa,12.2388,109.1967,26.4,80,14.8,30,1008.8,1
2021-03-20,Khanh_Hoa,12.2388,109.1967,26.8,80,14.2,54,1007.7,1
2021-03-21,Khanh_Hoa,12.2388,109.1967,26.7,81,20.1,65,1009.0,1
2021-03-22,Khanh_Hoa,12.2388,109.1967,26.3,78,28.8,44,1012.5,1
2021-03-23,Khanh_Hoa,12.2388,109.1967,25.8,77,27.5,82,1012.8,1
2021-03-24,Khanh_Hoa,12.2388,109.1967,25.5,80,21.6,94,1011.2,1
2021-03-25,Khanh_Hoa,12.2388,109.1967,25.6,85,20.3,70,1011.1,1
2021-03-26,Khanh_Hoa,12.2388,109.1967,25.8,86,16.3,52,1010.5,1
2021-03-27,Khanh_Hoa,12.2388,109.1967,26.2,83,12.2,62,1009.4,1
2021-03-28,Khanh_Hoa,12.2388,109.1967,26.3,80,12.6,76,1008.4,0
2021-03-29,Khanh_Hoa,12.2388,109.1967,26.3,79,12.5,39,1007.4,0
2021-03-30,Khanh_Hoa,12.2388,109.1967,26.5,77,17.1,19,1005.7,0
2021-03-31,Khanh_Hoa,12.2388,109.1967,26.7,83,17.9,39,1005.1,0
2021-04-01,Khanh_Hoa,12.2388,109.1967,27.2,83,16.0,52,1005.5,0
2021-04-02,Khanh_Hoa,12.2388,109.1967,27.2,84,14.8,38,1006.9,0
2021-04-03,Khanh_Hoa,12.2388,109.1967,26.9,81,13.0,25,1008.3,1
2021-04-04,Khanh_Hoa,12.2388,109.1967,26.6,84,16.9,64,1009.4,1
2021-04-05,Khanh_Hoa,12.2388,109.1967,26.4,77,18.2,79,1011.4,1
2021-04-06,Khanh_Hoa,12.2388,109.1967,26.3,81,18.1,54,1011.9,1
2021-04-07,Khanh_Hoa,12.2388,109.1967,26.4,77,17.8,54,1011.4,1
2021-04-08,Khanh_Hoa,12.2388,109.1967,26.5,79,13.9,43,1009.9,1
2021-04-09,Khanh_Hoa,12.2388,109.1967,26.7,77,21.4,65,1010.1,1
2021-04-10,Khanh_Hoa,12.2388,109.1967,26.0,84,15.4,48,1012.1,1
2021-04-11,Khanh_Hoa,12.2388,109.1967,25.7,88,16.5,61,1013.0,1
2021-04-12,Khanh_Hoa,12.2388,109.1967,26.0,87,11.0,62,1012.7,1
2021-04-13,Khanh_Hoa,12.2388,109.1967,26.7,83,12.2,42,1011.3,1
2021-04-14,Khanh_Hoa,12.2388,109.1967,26.6,81,11.9,55,1010.4,1
2021-04-15,Khanh_Hoa,12.2388,109.1967,26.7,82,13.5,53,1009.7,1
2021-04-16,Khanh_Hoa,12.2388,109.1967,27.1,80,13.5,43,1009.9,1
2021-04-17,Khanh_Hoa,12.2388,109.1967,26.5,76,13.7,91,1011.4,1
2021-04-18,Khanh_Hoa,12.2388,109.1967,26.4,71,14.8,74,1011.0,0
2021-04-19,Khanh_Hoa,12.2388,109.1967,26.7,76,11.5,88,1009.2,1
2021-04-20,Khanh_Hoa,12.2388,109.1967,27.4,82,12.3,69,1008.6,1
2021-04-21,Khanh_Hoa,12.2388,109.1967,26.5,89,10.3,82,1009.2,1
2021-04-22,Khanh_Hoa,12.2388,109.1967,27.1,84,11.5,68,1008.4,1
2021-04-23,Khanh_Hoa,12.2388,109.1967,27.8,80,9.8,52,1007.1,1
2021-04-24,Khanh_Hoa,12.2388,109.1967,28.6,77,10.3,47,1007.2,0
2021-04-25,Khanh_Hoa,12.2388,109.1967,29.0,75,10.6,53,1007.8,1
2021-04-26,Khanh_Hoa,12.2388,109.1967,28.7,77,13.3,69,1008.4,1
2021-04-27,Khanh_Hoa,12.2388,109.1967,27.0,86,13.2,93,1010.6,1
2021-04-28,Khanh_Hoa,12.2388,109.1967,27.0,81,12.4,78,1011.6,1
2021-04-29,Khanh_Hoa,12.2388,109.1967,26.8,81,13.8,35,1011.1,1
2021-04-30,Khanh_Hoa,12.2388,109.1967,26.9,82,12.2,66,1010.7,1
2021-05-01,Khanh_Hoa,12.2388,109.1967,27.4,81,10.6,36,1010.8,1
2021-05-02,Khanh_Hoa,12.2388,109.1967,27.6,82,10.3,44,1010.4,1
2021-05-03,Khanh_Hoa,12.2388,109.1967,27.9,77,12.9,61,1009.2,1
2021-05-04,Khanh_Hoa,12.2388,109.1967,28.0,76,13.9,43,1008.6,1
2021-05-05,Khanh_Hoa,12.2388,109.1967,27.4,85,13.2,76,1009.1,1
2021-05-06,Khanh_Hoa,12.2388,109.1967,26.5,89,15.5,76,1011.0,1
2021-05-07,Khanh_Hoa,12.2388,109.1967,27.7,79,18.3,74,1010.7,1
2021-05-08,Khanh_Hoa,12.2388,109.1967,27.6,83,13.1,75,1009.1,1
2021-05-09,Khanh_Hoa,12.2388,109.1967,28.0,82,11.2,43,1008.1,1
2021-05-10,Khanh_Hoa,12.2388,109.1967,28.3,81,11.9,14,1007.6,1
2021-05-11,Khanh_Hoa,12.2388,109.1967,28.6,80,12.3,19,1007.2,1
2021-05-12,Khanh_Hoa,12.2388,109.1967,29.0,78,13.0,49,1006.7,1
2021-05-13,Khanh_Hoa,12.2388,109.1967,28.3,83,11.8,27,1006.5,1
2021-05-14,Khanh_Hoa,12.2388,109.1967,27.9,85,12.3,73,1006.9,1
2021-05-15,Khanh_Hoa,12.2388,109.1967,28.2,83,11.5,46,1007.5,1
2021-05-16,Khanh_Hoa,12.2388,109.1967,28.5,79,10.7,39,1007.2,1
2021-05-17,Khanh_Hoa,12.2388,109.1967,27.9,86,10.5,71,1008.0,1
2021-05-18,Khanh_Hoa,12.2388,109.1967,28.5,81,12.4,61,1008.0,1
2021-05-19,Khanh_Hoa,12.2388,109.1967,28.5,81,14.5,76,1007.3,1
2021-05-20,Khanh_Hoa,12.2388,109.1967,28.8,77,17.9,52,1007.3,0
2021-05-21,Khanh_Hoa,12.2388,109.1967,28.9,81,18.6,63,1006.7,1
2021-05-22,Khanh_Hoa,12.2388,109.1967,28.8,79,14.3,83,1005.2,1
2021-05-23,Khanh_Hoa,12.2388,109.1967,28.0,82,11.7,96,1005.2,1
2021-05-24,Khanh_Hoa,12.2388,109.1967,27.6,87,12.0,81,1005.9,1
2021-05-25,Khanh_Hoa,12.2388,109.1967,26.0,92,7.2,82,1006.8,1
2021-05-26,Khanh_Hoa,12.2388,109.1967,26.8,84,9.7,67,1006.4,1
2021-05-27,Khanh_Hoa,12.2388,109.1967,27.8,81,20.8,19,1007.1,1
2021-05-28,Khanh_Hoa,12.2388,109.1967,28.1,82,13.5,50,1008.7,1
2021-05-29,Khanh_Hoa,12.2388,109.1967,28.7,84,14.3,27,1008.1,1
2021-05-30,Khanh_Hoa,12.2388,109.1967,29.3,80,11.0,10,1006.4,0
2021-05-31,Khanh_Hoa,12.2388,109.1967,29.9,78,12.7,24,1004.8,1
2021-06-01,Khanh_Hoa,12.2388,109.1967,30.0,76,13.5,63,1005.3,1
2021-06-02,Khanh_Hoa,12.2388,109.1967,30.1,74,10.5,94,1005.6,1
2021-06-03,Khanh_Hoa,12.2388,109.1967,30.5,73,14.3,88,1006.0,1
2021-06-04,Khanh_Hoa,12.2388,109.1967,31.0,70,16.3,60,1005.8,1
2021-06-05,Khanh_Hoa,12.2388,109.1967,30.4,72,13.9,42,1005.8,1
2021-06-06,Khanh_Hoa,12.2388,109.1967,30.4,70,11.8,90,1005.4,1
2021-06-07,Khanh_Hoa,12.2388,109.1967,30.4,67,11.6,93,1005.7,1
2021-06-08,Khanh_Hoa,12.2388,109.1967,29.9,68,12.7,100,1006.8,1
2021-06-09,Khanh_Hoa,12.2388,109.1967,28.9,72,12.6,94,1006.2,1
2021-06-10,Khanh_Hoa,12.2388,109.1967,28.9,73,9.4,100,1004.4,1
2021-06-11,Khanh_Hoa,12.2388,109.1967,29.4,69,12.3,99,1003.3,1
2021-06-12,Khanh_Hoa,12.2388,109.1967,29.3,72,11.2,98,1004.1,1
2021-06-13,Khanh_Hoa,12.2388,109.1967,29.5,68,16.5,76,1005.8,1
2021-06-14,Khanh_Hoa,12.2388,109.1967,29.8,67,14.4,78,1006.0,0
2021-06-15,Khanh_Hoa,12.2388,109.1967,30.0,68,15.0,30,1005.4,1
2021-06-16,Khanh_Hoa,12.2388,109.1967,30.1,70,13.4,33,1006.7,1
2021-06-17,Khanh_Hoa,12.2388,109.1967,30.0,70,14.5,25,1007.9,0
2021-06-18,Khanh_Hoa,12.2388,109.1967,29.8,72,15.3,34,1008.4,1
2021-06-19,Khanh_Hoa,12.2388,109.1967,29.9,76,17.2,38,1007.2,1
2021-06-20,Khanh_Hoa,12.2388,109.1967,30.3,66,15.6,54,1005.4,1
2021-06-21,Khanh_Hoa,12.2388,109.1967,30.3,67,13.4,48,1005.0,1
2021-06-22,Khanh_Hoa,12.2388,109.1967,29.8,72,13.3,40,1006.1,1
2021-06-23,Khanh_Hoa,12.2388,109.1967,29.6,73,14.8,45,1006.7,1
2021-06-24,Khanh_Hoa,12.2388,109.1967,30.2,66,15.5,28,1005.9,0
2021-06-25,Khanh_Hoa,12.2388,109.1967,30.5,67,15.3,58,1005.5,1
2021-06-26,Khanh_Hoa,12.2388,109.1967,29.6,72,21.0,46,1007.1,0
2021-06-27,Khanh_Hoa,12.2388,109.1967,29.8,72,14.8,42,1008.1,0
2021-06-28,Khanh_Hoa,12.2388,109.1967,30.1,71,14.7,52,1006.6,1
2021-06-29,Khanh_Hoa,12.2388,109.1967,30.3,71,16.0,51,1006.0,0
2021-06-30,Khanh_Hoa,12.2388,109.1967,30.1,71,12.1,68,1006.2,0
2021-07-01,Khanh_Hoa,12.2388,109.1967,30.6,67,15.0,18,1006.5,0
2021-07-02,Khanh_Hoa,12.2388,109.1967,30.5,69,13.9,11,1006.7,1
2021-07-03,Khanh_Hoa,12.2388,109.1967,30.4,66,17.8,40,1005.7,0
2021-07-04,Khanh_Hoa,12.2388,109.1967,30.8,65,14.6,53,1004.5,0
2021-07-05,Khanh_Hoa,12.2388,109.1967,28.5,77,11.2,100,1003.9,1
2021-07-06,Khanh_Hoa,12.2388,109.1967,29.0,75,13.2,100,1003.3,0
2021-07-07,Khanh_Hoa,12.2388,109.1967,28.9,71,12.8,87,1005.1,1
2021-07-08,Khanh_Hoa,12.2388,109.1967,27.2,84,9.5,98,1006.8,1
2021-07-09,Khanh_Hoa,12.2388,109.1967,26.9,85,16.8,60,1007.0,1
2021-07-10,Khanh_Hoa,12.2388,109.1967,27.5,81,10.8,40,1007.5,1
2021-07-11,Khanh_Hoa,12.2388,109.1967,26.4,85,8.9,70,1008.9,1
2021-07-12,Khanh_Hoa,12.2388,109.1967,27.3,84,12.8,51,1008.8,1
2021-07-13,Khanh_Hoa,12.2388,109.1967,27.2,84,11.8,62,1007.4,1
2021-07-14,Khanh_Hoa,12.2388,109.1967,27.5,82,12.1,65,1006.3,1
2021-07-15,Khanh_Hoa,12.2388,109.1967,27.2,83,10.9,94,1007.4,1
2021-07-16,Khanh_Hoa,12.2388,109.1967,28.1,82,11.4,84,1007.6,1
2021-07-17,Khanh_Hoa,12.2388,109.1967,28.7,77,16.6,76,1005.3,1
2021-07-18,Khanh_Hoa,12.2388,109.1967,29.0,76,12.3,90,1003.8,1
2021-07-19,Khanh_Hoa,12.2388,109.1967,30.0,62,14.0,83,1004.2,0
2021-07-20,Khanh_Hoa,12.2388,109.1967,29.3,64,12.5,77,1005.0,0
2021-07-21,Khanh_Hoa,12.2388,109.1967,30.1,63,13.9,68,1004.5,1
2021-07-22,Khanh_Hoa,12.2388,109.1967,30.6,61,9.0,89,1003.6,0
2021-07-23,Khanh_Hoa,12.2388,109.1967,30.8,58,7.0,96,1002.8,0
2021-07-24,Khanh_Hoa,12.2388,109.1967,30.1,61,10.9,92,1002.7,0
2021-07-25,Khanh_Hoa,12.2388,109.1967,30.5,61,18.0,50,1003.1,1
2021-07-26,Khanh_Hoa,12.2388,109.1967,31.4,57,9.4,27,1002.7,0
2021-07-27,Khanh_Hoa,12.2388,109.1967,31.6,57,12.9,32,1001.5,0
2021-07-28,Khanh_Hoa,12.2388,109.1967,31.9,58,16.3,91,1001.5,1
2021-07-29,Khanh_Hoa,12.2388,109.1967,31.1,66,20.5,87,1002.7,1
2021-07-30,Khanh_Hoa,12.2388,109.1967,31.4,65,17.7,67,1004.0,0
2021-07-31,Khanh_Hoa,12.2388,109.1967,31.2,63,17.7,68,1004.1,1
2021-08-01,Khanh_Hoa,12.2388,109.1967,31.0,64,22.4,48,1002.7,1
2021-08-02,Khanh_Hoa,12.2388,109.1967,31.9,56,18.7,48,1002.7,1
2021-08-03,Khanh_Hoa,12.2388,109.1967,31.8,60,11.5,77,1003.4,1
2021-08-04,Khanh_Hoa,12.2388,109.1967,31.8,57,7.1,99,1004.3,0
2021-08-05,Khanh_Hoa,12.2388,109.1967,31.7,63,14.3,88,1003.9,1
2021-08-06,Khanh_Hoa,12.2388,109.1967,31.7,62,14.9,90,1004.3,0
2021-08-07,Khanh_Hoa,12.2388,109.1967,31.8,60,18.2,85,1005.1,0
2021-08-08,Khanh_Hoa,12.2388,109.1967,31.2,66,15.0,98,1005.7,1
2021-08-09,Khanh_Hoa,12.2388,109.1967,31.4,66,15.2,51,1004.9,0
2021-08-10,Khanh_Hoa,12.2388,109.1967,30.9,70,15.8,61,1004.3,1
2021-08-11,Khanh_Hoa,12.2388,109.1967,30.3,69,17.6,50,1006.9,1
2021-08-12,Khanh_Hoa,12.2388,109.1967,29.2,77,13.3,70,1009.0,1
2021-08-13,Khanh_Hoa,12.2388,109.1967,29.1,79,16.0,78,1007.0,1
2021-08-14,Khanh_Hoa,12.2388,109.1967,29.4,77,10.2,85,1005.9,0
2021-08-15,Khanh_Hoa,12.2388,109.1967,28.6,81,14.5,57,1008.5,1
2021-08-16,Khanh_Hoa,12.2388,109.1967,28.3,77,12.9,49,1011.2,1
2021-08-17,Khanh_Hoa,12.2388,109.1967,28.2,74,12.6,20,1010.1,0
2021-08-18,Khanh_Hoa,12.2388,109.1967,28.5,70,15.8,5,1008.1,0
2021-08-19,Khanh_Hoa,12.2388,109.1967,28.6,73,17.6,47,1007.3,0
2021-08-20,Khanh_Hoa,12.2388,109.1967,28.9,72,17.0,26,1008.2,1
2021-08-21,Khanh_Hoa,12.2388,109.1967,29.2,70,16.2,32,1008.0,1
2021-08-22,Khanh_Hoa,12.2388,109.1967,28.9,77,14.5,48,1007.0,1
2021-08-23,Khanh_Hoa,12.2388,109.1967,28.5,80,13.2,68,1006.2,1
2021-08-24,Khanh_Hoa,12.2388,109.1967,29.1,73,13.8,68,1005.8,0
2021-08-25,Khanh_Hoa,12.2388,109.1967,28.2,80,10.6,92,1006.2,1
2021-08-26,Khanh_Hoa,12.2388,109.1967,27.6,83,10.4,98,1007.0,1
2021-08-27,Khanh_Hoa,12.2388,109.1967,26.8,85,10.4,96,1007.5,1
2021-08-28,Khanh_Hoa,12.2388,109.1967,26.1,88,11.8,77,1007.4,1
2021-08-29,Khanh_Hoa,12.2388,109.1967,26.4,87,12.6,79,1007.1,1
2021-08-30,Khanh_Hoa,12.2388,109.1967,26.5,89,8.3,74,1008.0,1
2021-08-31,Khanh_Hoa,12.2388,109.1967,27.2,85,9.4,92,1008.5,1
2021-09-01,Khanh_Hoa,12.2388,109.1967,27.5,83,9.8,65,1008.1,1
2021-09-02,Khanh_Hoa,12.2388,109.1967,27.9,83,16.7,85,1007.4,1
2021-09-03,Khanh_Hoa,12.2388,109.1967,27.7,81,9.5,81,1006.7,1
2021-09-04,Khanh_Hoa,12.2388,109.1967,27.1,84,14.1,92,1006.5,1
2021-09-05,Khanh_Hoa,12.2388,109.1967,26.8,86,12.0,78,1007.4,1
2021-09-06,Khanh_Hoa,12.2388,109.1967,26.6,87,7.4,70,1008.0,1
2021-09-07,Khanh_Hoa,12.2388,109.1967,26.7,87,9.4,96,1007.3,1
2021-09-08,Khanh_Hoa,12.2388,109.1967,26.5,89,10.5,84,1006.1,1
2021-09-09,Khanh_Hoa,12.2388,109.1967,26.7,90,9.0,92,1006.9,1
2021-09-10,Khanh_Hoa,12.2388,109.1967,26.8,87,8.3,100,1005.8,1
2021-09-11,Khanh_Hoa,12.2388,109.1967,27.0,88,7.3,99,1002.6,1
2021-09-12,Khanh_Hoa,12.2388,109.1967,28.4,75,8.5,88,1000.9,1
2021-09-13,Khanh_Hoa,12.2388,109.1967,28.8,77,11.2,78,1003.5,1
2021-09-14,Khanh_Hoa,12.2388,109.1967,27.6,85,16.1,85,1007.8,1
2021-09-15,Khanh_Hoa,12.2388,109.1967,27.3,85,13.9,90,1010.2,1
2021-09-16,Khanh_Hoa,12.2388,109.1967,27.2,83,10.4,89,1009.6,1
2021-09-17,Khanh_Hoa,12.2388,109.1967,27.6,81,10.5,44,1008.4,0
2021-09-18,Khanh_Hoa,12.2388,109.1967,26.3,89,8.3,92,1008.6,1
2021-09-19,Khanh_Hoa,12.2388,109.1967,25.1,97,6.2,98,1007.8,1
2021-09-20,Khanh_Hoa,12.2388,109.1967,26.1,87,10.9,99,1007.6,1
2021-09-21,Khanh_Hoa,12.2388,109.1967,26.7,86,10.0,57,1007.2,1
2021-09-22,Khanh_Hoa,12.2388,109.1967,26.5,86,9.0,88,1007.6,1
2021-09-23,Khanh_Hoa,12.2388,109.1967,26.1,88,9.4,100,1006.9,1
2021-09-24,Khanh_Hoa,12.2388,109.1967,26.8,84,7.9,97,1007.6,1
2021-09-25,Khanh_Hoa,12.2388,109.1967,26.5,89,11.5,98,1008.0,1
2021-09-26,Khanh_Hoa,12.2388,109.1967,26.2,90,7.6,70,1008.1,1
2021-09-27,Khanh_Hoa,12.2388,109.1967,27.3,82,13.6,45,1008.2,1
2021-09-28,Khanh_Hoa,12.2388,109.1967,27.5,80,14.8,77,1007.8,1
2021-09-29,Khanh_Hoa,12.2388,109.1967,27.4,86,14.8,49,1007.4,1
2021-09-30,Khanh_Hoa,12.2388,109.1967,27.2,86,11.4,42,1008.1,1
2021-10-01,Khanh_Hoa,12.2388,109.1967,27.3,86,9.0,78,1008.6,1
2021-10-02,Khanh_Hoa,12.2388,109.1967,27.2,82,10.0,75,1009.0,1
2021-10-03,Khanh_Hoa,12.2388,109.1967,27.0,82,9.5,94,1008.5,1
2021-10-04,Khanh_Hoa,12.2388,109.1967,26.8,82,18.1,87,1006.9,1
2021-10-05,Khanh_Hoa,12.2388,109.1967,26.1,91,15.6,95,1005.8,1
2021-10-06,Khanh_Hoa,12.2388,109.1967,25.2,95,9.4,100,1002.5,1
2021-10-07,Khanh_Hoa,12.2388,109.1967,27.3,85,7.6,100,1000.8,1
2021-10-08,Khanh_Hoa,12.2388,109.1967,28.4,76,8.9,100,1001.0,0
2021-10-09,Khanh_Hoa,12.2388,109.1967,28.3,76,9.2,99,1003.3,1
2021-10-10,Khanh_Hoa,12.2388,109.1967,28.5,79,11.8,94,1004.0,1
2021-10-11,Khanh_Hoa,12.2388,109.1967,27.4,81,11.5,87,1003.8,1
2021-10-12,Khanh_Hoa,12.2388,109.1967,26.9,86,10.3,100,1002.9,1
2021-10-13,Khanh_Hoa,12.2388,109.1967,26.8,87,7.2,100,1001.4,1
2021-10-14,Khanh_Hoa,12.2388,109.1967,27.4,84,10.0,100,1003.8,1
2021-10-15,Khanh_Hoa,12.2388,109.1967,26.3,89,9.7,100,1005.7,1
2021-10-16,Khanh_Hoa,12.2388,109.1967,25.8,91,11.0,100,1006.7,1
2021-10-17,Khanh_Hoa,12.2388,109.1967,25.8,92,8.7,100,1007.5,1
2021-10-18,Khanh_Hoa,12.2388,109.1967,26.5,87,10.1,96,1010.7,1
2021-10-19,Khanh_Hoa,12.2388,109.1967,26.6,87,15.1,97,1012.8,1
2021-10-20,Khanh_Hoa,12.2388,109.1967,25.5,91,10.4,98,1012.8,1
2021-10-21,Khanh_Hoa,12.2388,109.1967,26.3,85,10.5,100,1011.5,1
2021-10-22,Khanh_Hoa,12.2388,109.1967,26.3,86,17.6,62,1012.0,1
2021-10-23,Khanh_Hoa,12.2388,109.1967,25.6,89,15.1,98,1012.3,1
2021-10-24,Khanh_Hoa,12.2388,109.1967,25.1,88,14.8,98,1011.3,1
2021-10-25,Khanh_Hoa,12.2388,109.1967,24.8,91,18.2,100,1009.7,1
2021-10-26,Khanh_Hoa,12.2388,109.1967,24.3,93,14.8,100,1007.3,1
2021-10-27,Khanh_Hoa,12.2388,109.1967,25.4,89,20.0,100,1006.9,1
2021-10-28,Khanh_Hoa,12.2388,109.1967,25.6,90,8.8,90,1011.4,1
2021-10-29,Khanh_Hoa,12.2388,109.1967,26.0,86,18.0,72,1012.3,1
2021-10-30,Khanh_Hoa,12.2388,109.1967,25.4,90,12.2,83,1012.9,1
2021-10-31,Khanh_Hoa,12.2388,109.1967,24.7,92,9.7,97,1013.0,1
2021-11-01,Khanh_Hoa,12.2388,109.1967,25.9,86,16.8,74,1012.3,1
2021-11-02,Khanh_Hoa,12.2388,109.1967,26.0,82,18.6,87,1012.0,1
2021-11-03,Khanh_Hoa,12.2388,109.1967,25.7,84,21.1,92,1011.4,1
2021-11-04,Khanh_Hoa,12.2388,109.1967,26.0,84,17.9,98,1010.7,1
2021-11-05,Khanh_Hoa,12.2388,109.1967,26.3,83,14.0,97,1009.4,1
2021-11-06,Khanh_Hoa,12.2388,109.1967,26.4,82,13.0,63,1007.4,0
2021-11-07,Khanh_Hoa,12.2388,109.1967,25.2,89,16.1,97,1008.1,1
2021-11-08,Khanh_Hoa,12.2388,109.1967,25.2,89,15.3,91,1009.8,1
2021-11-09,Khanh_Hoa,12.2388,109.1967,24.5,93,20.3,98,1011.0,1
2021-11-10,Khanh_Hoa,12.2388,109.1967,24.0,96,15.7,100,1011.1,1
2021-11-11,Khanh_Hoa,12.2388,109.1967,24.2,97,22.7,100,1010.9,1
2021-11-12,Khanh_Hoa,12.2388,109.1967,24.7,92,14.4,100,1011.6,1
2021-11-13,Khanh_Hoa,12.2388,109.1967,24.6,93,12.5,99,1010.8,1
2021-11-14,Khanh_Hoa,12.2388,109.1967,23.9,97,19.9,100,1010.9,1
2021-11-15,Khanh_Hoa,12.2388,109.1967,24.2,96,14.9,100,1010.0,1
2021-11-16,Khanh_Hoa,12.2388,109.1967,24.3,93,10.9,100,1010.1,1
2021-11-17,Khanh_Hoa,12.2388,109.1967,24.5,95,15.8,100,1010.3,1
2021-11-18,Khanh_Hoa,12.2388,109.1967,24.3,91,16.5,98,1009.4,1
2021-11-19,Khanh_Hoa,12.2388,109.1967,25.6,85,20.6,87,1008.2,1
2021-11-20,Khanh_Hoa,12.2388,109.1967,25.0,91,11.8,92,1008.2,1
2021-11-21,Khanh_Hoa,12.2388,109.1967,24.9,93,13.0,99,1009.7,1
2021-11-22,Khanh_Hoa,12.2388,109.1967,24.9,93,18.7,98,1010.6,1
2021-11-23,Khanh_Hoa,12.2388,109.1967,24.3,93,23.6,100,1011.4,1
2021-11-24,Khanh_Hoa,12.2388,109.1967,25.0,87,23.3,98,1011.8,1
2021-11-25,Khanh_Hoa,12.2388,109.1967,24.9,83,20.5,100,1011.7,1
2021-11-26,Khanh_Hoa,12.2388,109.1967,24.2,83,15.8,100,1010.9,1
2021-11-27,Khanh_Hoa,12.2388,109.1967,22.6,98,17.6,100,1010.6,1
2021-11-28,Khanh_Hoa,12.2388,109.1967,23.6,97,18.4,100,1009.6,1
2021-11-29,Khanh_Hoa,12.2388,109.1967,24.0,98,14.3,100,1009.6,1
2021-11-30,Khanh_Hoa,12.2388,109.1967,23.9,95,24.8,100,1011.0,1
2021-12-01,Khanh_Hoa,12.2388,109.1967,24.6,75,28.8,93,1013.3,1
2021-12-02,Khanh_Hoa,12.2388,109.1967,23.9,74,26.1,93,1013.9,1
2021-12-03,Khanh_Hoa,12.2388,109.1967,23.4,68,22.9,81,1015.1,0
2021-12-04,Khanh_Hoa,12.2388,109.1967,22.6,65,25.3,97,1014.8,0
2021-12-05,Khanh_Hoa,12.2388,109.1967,23.9,73,21.0,88,1012.7,0
2021-12-06,Khanh_Hoa,12.2388,109.1967,23.8,79,24.1,68,1013.0,1
2021-12-07,Khanh_Hoa,12.2388,109.1967,23.7,73,25.2,91,1013.9,1
2021-12-08,Khanh_Hoa,12.2388,109.1967,23.8,78,15.0,98,1013.2,1
2021-12-09,Khanh_Hoa,12.2388,109.1967,24.4,82,24.7,88,1014.4,1
2021-12-10,Khanh_Hoa,12.2388,109.1967,24.2,74,25.7,62,1014.3,0
2021-12-11,Khanh_Hoa,12.2388,109.1967,24.3,75,20.5,81,1013.9,0
2021-12-12,Khanh_Hoa,12.2388,109.1967,24.6,77,24.8,87,1013.5,1
2021-12-13,Khanh_Hoa,12.2388,109.1967,23.7,81,27.6,100,1013.2,1
2021-12-14,Khanh_Hoa,12.2388,109.1967,24.0,85,23.9,93,1011.8,1
2021-12-15,Khanh_Hoa,12.2388,109.1967,24.8,82,19.9,56,1011.0,0
2021-12-16,Khanh_Hoa,12.2388,109.1967,25.0,80,17.6,68,1011.3,0
2021-12-17,Khanh_Hoa,12.2388,109.1967,24.8,79,22.9,94,1011.6,1
2021-12-18,Khanh_Hoa,12.2388,109.1967,24.5,73,23.4,100,1011.1,1
2021-12-19,Khanh_Hoa,12.2388,109.1967,24.4,73,21.1,100,1008.3,1
2021-12-20,Khanh_Hoa,12.2388,109.1967,24.6,84,10.4,100,1011.4,1
2021-12-21,Khanh_Hoa,12.2388,109.1967,24.3,86,18.9,84,1013.2,1
2021-12-22,Khanh_Hoa,12.2388,109.1967,24.3,82,21.9,92,1013.1,1
2021-12-23,Khanh_Hoa,12.2388,109.1967,24.2,81,19.6,67,1012.6,1
2021-12-24,Khanh_Hoa,12.2388,109.1967,24.1,80,17.6,39,1012.6,0
2021-12-25,Khanh_Hoa,12.2388,109.1967,24.6,81,17.5,49,1013.2,1
2021-12-26,Khanh_Hoa,12.2388,109.1967,24.5,84,20.6,77,1014.2,1
2021-12-27,Khanh_Hoa,12.2388,109.1967,24.3,85,18.3,62,1014.4,1
2021-12-28,Khanh_Hoa,12.2388,109.1967,23.9,89,23.4,99,1014.8,1
2021-12-29,Khanh_Hoa,12.2388,109.1967,24.3,85,27.0,86,1015.0,1
2021-12-30,Khanh_Hoa,12.2388,109.1967,24.2,79,28.6,93,1016.4,1
2021-12-31,Khanh_Hoa,12.2388,109.1967,23.9,75,29.4,75,1016.6,1
2022-01-01,Khanh_Hoa,12.2388,109.1967,23.5,80,26.4,82,1015.9,1
2022-01-02,Khanh_Hoa,12.2388,109.1967,23.8,80,26.3,86,1015.0,1
2022-01-03,Khanh_Hoa,12.2388,109.1967,23.7,81,22.0,100,1014.0,1
2022-01-04,Khanh_Hoa,12.2388,109.1967,24.0,80,18.7,99,1013.4,1
2022-01-05,Khanh_Hoa,12.2388,109.1967,24.2,84,15.6,55,1012.7,1
2022-01-06,Khanh_Hoa,12.2388,109.1967,24.3,82,19.5,70,1013.5,1
2022-01-07,Khanh_Hoa,12.2388,109.1967,24.3,77,19.3,58,1014.5,0
2022-01-08,Khanh_Hoa,12.2388,109.1967,23.8,78,19.1,23,1013.6,0
2022-01-09,Khanh_Hoa,12.2388,109.1967,23.9,85,21.8,56,1012.7,1
2022-01-10,Khanh_Hoa,12.2388,109.1967,24.0,85,16.9,62,1013.6,1
2022-01-11,Khanh_Hoa,12.2388,109.1967,23.5,81,18.7,41,1014.9,1
2022-01-12,Khanh_Hoa,12.2388,109.1967,23.7,80,20.1,79,1015.1,1
2022-01-13,Khanh_Hoa,12.2388,109.1967,23.3,78,24.7,69,1015.4,1
2022-01-14,Khanh_Hoa,12.2388,109.1967,23.4,72,21.4,69,1015.2,1
2022-01-15,Khanh_Hoa,12.2388,109.1967,23.4,72,19.2,52,1014.9,1
2022-01-16,Khanh_Hoa,12.2388,109.1967,23.5,75,18.8,42,1014.4,1
2022-01-17,Khanh_Hoa,12.2388,109.1967,23.8,83,16.9,79,1014.3,1
2022-01-18,Khanh_Hoa,12.2388,109.1967,23.6,79,22.7,46,1013.9,1
2022-01-19,Khanh_Hoa,12.2388,109.1967,23.6,76,23.7,62,1012.8,1
2022-01-20,Khanh_Hoa,12.2388,109.1967,23.6,74,21.3,42,1012.1,0
2022-01-21,Khanh_Hoa,12.2388,109.1967,23.9,77,17.1,15,1012.1,0
2022-01-22,Khanh_Hoa,12.2388,109.1967,23.5,79,15.2,6,1010.5,0
2022-01-23,Khanh_Hoa,12.2388,109.1967,24.3,80,12.1,20,1010.2,0
2022-01-24,Khanh_Hoa,12.2388,109.1967,24.5,82,14.7,19,1010.2,0
2022-01-25,Khanh_Hoa,12.2388,109.1967,24.5,82,17.1,56,1011.0,1
2022-01-26,Khanh_Hoa,12.2388,109.1967,24.7,80,19.6,43,1011.4,1
2022-01-27,Khanh_Hoa,12.2388,109.1967,24.6,77,22.7,75,1011.0,1
2022-01-28,Khanh_Hoa,12.2388,109.1967,25.3,72,18.3,76,1010.4,0
2022-01-29,Khanh_Hoa,12.2388,109.1967,24.6,81,19.2,43,1010.1,0
2022-01-30,Khanh_Hoa,12.2388,109.1967,24.9,77,13.7,45,1011.2,1
2022-01-31,Khanh_Hoa,12.2388,109.1967,25.0,82,13.9,74,1011.5,1
2022-02-01,Khanh_Hoa,12.2388,109.1967,25.2,79,17.7,50,1012.2,1
2022-02-02,Khanh_Hoa,12.2388,109.1967,25.0,77,21.2,53,1012.8,1
2022-02-03,Khanh_Hoa,12.2388,109.1967,25.3,77,23.4,44,1012.6,1
2022-02-04,Khanh_Hoa,12.2388,109.1967,24.9,76,27.0,65,1013.1,1
2022-02-05,Khanh_Hoa,12.2388,109.1967,24.2,79,30.3,93,1013.8,1
2022-02-06,Khanh_Hoa,12.2388,109.1967,23.9,82,22.5,100,1013.7,1
2022-02-07,Khanh_Hoa,12.2388,109.1967,24.7,82,17.5,40,1012.4,1
2022-02-08,Khanh_Hoa,12.2388,109.1967,25.0,82,16.6,66,1012.1,1
2022-02-09,Khanh_Hoa,12.2388,109.1967,25.2,84,18.4,80,1012.4,1
2022-02-10,Khanh_Hoa,12.2388,109.1967,25.1,85,19.3,62,1011.8,1
2022-02-11,Khanh_Hoa,12.2388,109.1967,24.9,82,19.7,93,1011.0,1
2022-02-12,Khanh_Hoa,12.2388,109.1967,24.8,84,19.6,85,1010.2,1
2022-02-13,Khanh_Hoa,12.2388,109.1967,24.6,86,13.8,91,1009.0,1
2022-02-14,Khanh_Hoa,12.2388,109.1967,24.9,85,23.9,77,1010.3,1
2022-02-15,Khanh_Hoa,12.2388,109.1967,23.9,93,15.4,97,1010.6,1
2022-02-16,Khanh_Hoa,12.2388,109.1967,24.5,90,13.7,82,1009.5,1
2022-02-17,Khanh_Hoa,12.2388,109.1967,24.9,87,9.6,84,1008.9,1
2022-02-18,Khanh_Hoa,12.2388,109.1967,25.2,85,9.8,52,1009.9,1
2022-02-19,Khanh_Hoa,12.2388,109.1967,25.4,84,10.4,60,1010.3,0
2022-02-20,Khanh_Hoa,12.2388,109.1967,24.6,82,20.4,100,1011.1,1
2022-02-21,Khanh_Hoa,12.2388,109.1967,24.1,71,24.4,76,1012.5,1
2022-02-22,Khanh_Hoa,12.2388,109.1967,23.7,70,25.1,72,1013.9,0
2022-02-23,Khanh_Hoa,12.2388,109.1967,23.1,68,24.8,97,1015.7,0
2022-02-24,Khanh_Hoa,12.2388,109.1967,23.0,66,23.9,100,1016.3,0
2022-02-25,Khanh_Hoa,12.2388,109.1967,23.0,79,21.7,100,1016.0,1
2022-02-26,Khanh_Hoa,12.2388,109.1967,24.2,80,24.9,93,1015.0,1
2022-02-27,Khanh_Hoa,12.2388,109.1967,24.3,80,23.5,73,1014.5,1
2022-02-28,Khanh_Hoa,12.2388,109.1967,24.4,80,18.9,65,1013.6,1
2022-03-01,Khanh_Hoa,12.2388,109.1967,24.8,82,15.8,59,1013.0,0
2022-03-02,Khanh_Hoa,12.2388,109.1967,24.8,80,21.4,69,1012.8,1
2022-03-03,Khanh_Hoa,12.2388,109.1967,25.1,78,18.3,62,1012.1,0
2022-03-04,Khanh_Hoa,12.2388,109.1967,24.9,80,15.8,49,1011.1,0
2022-03-05,Khanh_Hoa,12.2388,109.1967,25.1,82,17.0,51,1010.4,1
2022-03-06,Khanh_Hoa,12.2388,109.1967,25.6,84,14.0,88,1010.4,0
2022-03-07,Khanh_Hoa,12.2388,109.1967,25.7,78,21.2,55,1011.5,1
2022-03-08,Khanh_Hoa,12.2388,109.1967,25.1,74,26.4,69,1011.5,1
2022-03-09,Khanh_Hoa,12.2388,109.1967,24.1,65,22.9,42,1011.4,0
2022-03-10,Khanh_Hoa,12.2388,109.1967,24.3,65,22.3,87,1010.2,0
2022-03-11,Khanh_Hoa,12.2388,109.1967,25.1,69,23.3,75,1009.1,0
2022-03-12,Khanh_Hoa,12.2388,109.1967,25.2,75,14.8,100,1008.8,1
2022-03-13,Khanh_Hoa,12.2388,109.1967,25.9,78,15.6,86,1008.9,0
2022-03-14,Khanh_Hoa,12.2388,109.1967,25.9,83,16.6,54,1009.0,1
2022-03-15,Khanh_Hoa,12.2388,109.1967,25.8,83,18.7,85,1008.1,0
2022-03-16,Khanh_Hoa,12.2388,109.1967,25.3,79,16.8,91,1008.1,0
2022-03-17,Khanh_Hoa,12.2388,109.1967,25.7,78,13.2,70,1007.5,0
2022-03-18,Khanh_Hoa,12.2388,109.1967,26.4,78,13.4,59,1007.4,0
2022-03-19,Khanh_Hoa,12.2388,109.1967,26.4,80,13.8,98,1007.1,0
2022-03-20,Khanh_Hoa,12.2388,109.1967,26.6,80,13.7,88,1008.5,1
2022-03-21,Khanh_Hoa,12.2388,109.1967,26.3,84,13.0,100,1010.1,1
2022-03-22,Khanh_Hoa,12.2388,109.1967,26.6,84,14.1,93,1010.6,1
2022-03-23,Khanh_Hoa,12.2388,109.1967,27.0,81,10.9,83,1009.9,1
2022-03-24,Khanh_Hoa,12.2388,109.1967,27.1,84,12.4,60,1009.5,1
2022-03-25,Khanh_Hoa,12.2388,109.1967,27.3,81,12.5,10,1010.0,0
2022-03-26,Khanh_Hoa,12.2388,109.1967,27.6,79,12.7,37,1010.2,0
2022-03-27,Khanh_Hoa,12.2388,109.1967,28.3,75,17.7,10,1009.7,0
2022-03-28,Khanh_Hoa,12.2388,109.1967,27.5,77,21.5,42,1010.3,1
2022-03-29,Khanh_Hoa,12.2388,109.1967,26.8,76,21.0,67,1010.2,1
2022-03-30,Khanh_Hoa,12.2388,109.1967,25.8,85,16.8,97,1008.3,1
2022-03-31,Khanh_Hoa,12.2388,109.1967,24.3,96,17.7,100,1008.2,1
2022-04-01,Khanh_Hoa,12.2388,109.1967,25.1,88,10.5,91,1010.8,1
2022-04-02,Khanh_Hoa,12.2388,109.1967,25.8,81,20.0,93,1011.6,1
2022-04-03,Khanh_Hoa,12.2388,109.1967,24.0,78,20.2,97,1012.8,1
2022-04-04,Khanh_Hoa,12.2388,109.1967,23.9,88,20.5,99,1013.5,1
2022-04-05,Khanh_Hoa,12.2388,109.1967,24.8,86,20.1,96,1013.3,1
2022-04-06,Khanh_Hoa,12.2388,109.1967,25.6,79,23.2,99,1012.2,1
2022-04-07,Khanh_Hoa,12.2388,109.1967,25.3,70,22.7,94,1011.9,0
2022-04-08,Khanh_Hoa,12.2388,109.1967,25.1,68,22.5,79,1011.0,0
2022-04-09,Khanh_Hoa,12.2388,109.1967,24.7,74,19.7,92,1009.8,0
2022-04-10,Khanh_Hoa,12.2388,109.1967,24.6,81,16.7,70,1009.3,0
2022-04-11,Khanh_Hoa,12.2388,109.1967,25.4,81,14.9,54,1008.8,0
2022-04-12,Khanh_Hoa,12.2388,109.1967,25.8,82,12.9,47,1007.7,1
2022-04-13,Khanh_Hoa,12.2388,109.1967,26.6,86,12.8,57,1005.9,1
2022-04-14,Khanh_Hoa,12.2388,109.1967,26.8,87,13.1,88,1006.5,1
2022-04-15,Khanh_Hoa,12.2388,109.1967,26.4,88,10.0,95,1007.5,1
2022-04-16,Khanh_Hoa,12.2388,109.1967,26.1,88,10.9,80,1008.1,1
2022-04-17,Khanh_Hoa,12.2388,109.1967,25.9,85,17.1,50,1009.2,1
2022-04-18,Khanh_Hoa,12.2388,109.1967,26.5,79,20.3,51,1010.7,1
2022-04-19,Khanh_Hoa,12.2388,109.1967,26.4,77,24.4,50,1011.3,1
2022-04-20,Khanh_Hoa,12.2388,109.1967,25.9,84,17.5,71,1010.6,1
2022-04-21,Khanh_Hoa,12.2388,109.1967,26.6,82,15.9,73,1009.8,1
2022-04-22,Khanh_Hoa,12.2388,109.1967,26.9,80,12.2,26,1009.8,0
2022-04-23,Khanh_Hoa,12.2388,109.1967,27.2,82,11.9,36,1008.8,1
2022-04-24,Khanh_Hoa,12.2388,109.1967,27.5,83,11.4,67,1007.4,1
2022-04-25,Khanh_Hoa,12.2388,109.1967,27.6,81,12.1,92,1007.3,1
2022-04-26,Khanh_Hoa,12.2388,109.1967,27.7,81,16.0,92,1006.8,0
2022-04-27,Khanh_Hoa,12.2388,109.1967,28.1,82,15.2,59,1006.7,1
2022-04-28,Khanh_Hoa,12.2388,109.1967,27.9,81,10.7,92,1007.6,1
2022-04-29,Khanh_Hoa,12.2388,109.1967,25.1,94,19.8,93,1007.7,1
2022-04-30,Khanh_Hoa,12.2388,109.1967,26.0,89,15.8,88,1007.2,1
2022-05-01,Khanh_Hoa,12.2388,109.1967,26.7,88,12.5,85,1006.5,1
2022-05-02,Khanh_Hoa,12.2388,109.1967,26.2,86,16.6,88,1007.5,1
2022-05-03,Khanh_Hoa,12.2388,109.1967,27.3,76,20.0,96,1009.0,1
2022-05-04,Khanh_Hoa,12.2388,109.1967,27.5,73,24.3,91,1008.8,1
2022-05-05,Khanh_Hoa,12.2388,109.1967,27.0,81,21.9,71,1008.2,1
2022-05-06,Khanh_Hoa,12.2388,109.1967,26.6,85,15.3,87,1008.1,1
2022-05-07,Khanh_Hoa,12.2388,109.1967,26.8,82,14.3,98,1008.6,1
2022-05-08,Khanh_Hoa,12.2388,109.1967,26.1,87,10.6,100,1008.8,1
2022-05-09,Khanh_Hoa,12.2388,109.1967,26.9,86,11.7,69,1008.9,1
2022-05-10,Khanh_Hoa,12.2388,109.1967,27.3,84,11.2,78,1008.2,1
2022-05-11,Khanh_Hoa,12.2388,109.1967,27.6,84,10.4,74,1007.5,1
2022-05-12,Khanh_Hoa,12.2388,109.1967,27.7,86,10.6,79,1006.9,1
2022-05-13,Khanh_Hoa,12.2388,109.1967,28.7,82,11.6,61,1005.9,0
2022-05-14,Khanh_Hoa,12.2388,109.1967,29.0,82,13.6,24,1006.9,1
2022-05-15,Khanh_Hoa,12.2388,109.1967,29.1,82,14.4,65,1007.4,1
2022-05-16,Khanh_Hoa,12.2388,109.1967,27.2,86,11.3,100,1008.0,1
2022-05-17,Khanh_Hoa,12.2388,109.1967,27.0,83,15.3,95,1008.9,1
2022-05-18,Khanh_Hoa,12.2388,109.1967,27.0,83,13.0,97,1009.5,1
2022-05-19,Khanh_Hoa,12.2388,109.1967,27.0,84,10.7,96,1009.4,1
2022-05-20,Khanh_Hoa,12.2388,109.1967,27.2,84,8.6,86,1007.8,1
2022-05-21,Khanh_Hoa,12.2388,109.1967,27.0,85,11.0,100,1005.6,1
2022-05-22,Khanh_Hoa,12.2388,109.1967,27.2,87,10.3,99,1003.3,1
2022-05-23,Khanh_Hoa,12.2388,109.1967,27.7,83,12.0,82,1003.7,1
2022-05-24,Khanh_Hoa,12.2388,109.1967,28.7,80,8.0,95,1006.4,1
2022-05-25,Khanh_Hoa,12.2388,109.1967,28.5,79,10.8,98,1006.9,1
2022-05-26,Khanh_Hoa,12.2388,109.1967,28.1,84,9.5,98,1005.0,1
2022-05-27,Khanh_Hoa,12.2388,109.1967,28.3,82,16.9,86,1003.6,1
2022-05-28,Khanh_Hoa,12.2388,109.1967,28.0,80,10.7,78,1003.6,1
2022-05-29,Khanh_Hoa,12.2388,109.1967,28.5,77,9.8,98,1004.1,1
2022-05-30,Khanh_Hoa,12.2388,109.1967,28.9,78,11.7,68,1004.6,1
2022-05-31,Khanh_Hoa,12.2388,109.1967,28.7,82,9.5,51,1004.9,1
2022-06-01,Khanh_Hoa,12.2388,109.1967,28.7,82,16.8,48,1005.6,1
2022-06-02,Khanh_Hoa,12.2388,109.1967,28.4,81,17.1,90,1006.3,1
2022-06-03,Khanh_Hoa,12.2388,109.1967,28.2,79,12.8,78,1006.2,1
2022-06-04,Khanh_Hoa,12.2388,109.1967,28.7,76,10.5,56,1006.9,1
2022-06-05,Khanh_Hoa,12.2388,109.1967,29.2,72,14.6,44,1005.8,0
2022-06-06,Khanh_Hoa,12.2388,109.1967,29.8,70,15.2,53,1004.8,1
2022-06-07,Khanh_Hoa,12.2388,109.1967,29.8,71,13.4,95,1005.3,0
2022-06-08,Khanh_Hoa,12.2388,109.1967,29.1,71,10.9,94,1006.0,0
2022-06-09,Khanh_Hoa,12.2388,109.1967,29.8,72,15.1,85,1006.0,0
2022-06-10,Khanh_Hoa,12.2388,109.1967,29.5,76,13.6,99,1006.2,0
2022-06-11,Khanh_Hoa,12.2388,109.1967,29.6,70,15.0,76,1006.7,0
2022-06-12,Khanh_Hoa,12.2388,109.1967,29.4,71,19.7,90,1007.0,1
2022-06-13,Khanh_Hoa,12.2388,109.1967,29.8,71,13.7,88,1006.7,1
2022-06-14,Khanh_Hoa,12.2388,109.1967,29.8,73,18.5,94,1006.9,0
2022-06-15,Khanh_Hoa,12.2388,109.1967,29.5,74,16.6,100,1007.9,1
2022-06-16,Khanh_Hoa,12.2388,109.1967,29.2,72,13.8,85,1008.7,1
2022-06-17,Khanh_Hoa,12.2388,109.1967,29.8,68,17.2,58,1007.9,0
2022-06-18,Khanh_Hoa,12.2388,109.1967,30.0,68,13.2,38,1007.2,0
2022-06-19,Khanh_Hoa,12.2388,109.1967,30.0,69,18.0,30,1006.0,0
2022-06-20,Khanh_Hoa,12.2388,109.1967,30.2,67,15.5,43,1004.5,0
2022-06-21,Khanh_Hoa,12.2388,109.1967,29.6,69,13.4,80,1004.7,1
2022-06-22,Khanh_Hoa,12.2388,109.1967,28.7,72,14.5,84,1007.5,0
2022-06-23,Khanh_Hoa,12.2388,109.1967,27.3,79,11.5,95,1008.3,1
2022-06-24,Khanh_Hoa,12.2388,109.1967,28.0,76,13.4,72,1007.3,1
2022-06-25,Khanh_Hoa,12.2388,109.1967,28.3,74,12.3,87,1006.7,1
2022-06-26,Khanh_Hoa,12.2388,109.1967,29.1,73,13.8,57,1007.5,0
2022-06-27,Khanh_Hoa,12.2388,109.1967,29.7,72,14.1,34,1007.0,0
2022-06-28,Khanh_Hoa,12.2388,109.1967,30.4,66,14.8,97,1004.3,0
2022-06-29,Khanh_Hoa,12.2388,109.1967,30.9,64,15.3,100,1001.4,1
2022-06-30,Khanh_Hoa,12.2388,109.1967,30.5,68,10.7,100,1001.0,1
2022-07-01,Khanh_Hoa,12.2388,109.1967,30.2,64,11.4,100,1001.2,0
2022-07-02,Khanh_Hoa,12.2388,109.1967,31.6,60,12.7,100,1001.5,1
2022-07-03,Khanh_Hoa,12.2388,109.1967,30.9,63,17.9,98,1003.1,1
2022-07-04,Khanh_Hoa,12.2388,109.1967,31.2,65,15.2,95,1003.3,1
2022-07-05,Khanh_Hoa,12.2388,109.1967,30.6,69,15.8,95,1004.1,1
2022-07-06,Khanh_Hoa,12.2388,109.1967,29.7,79,10.7,98,1005.2,0
2022-07-07,Khanh_Hoa,12.2388,109.1967,29.0,75,14.0,98,1005.3,0
2022-07-08,Khanh_Hoa,12.2388,109.1967,27.9,80,13.3,100,1004.9,1
2022-07-09,Khanh_Hoa,12.2388,109.1967,26.2,93,7.9,100,1003.6,1
2022-07-10,Khanh_Hoa,12.2388,109.1967,26.8,87,9.3,98,1003.5,1
2022-07-11,Khanh_Hoa,12.2388,109.1967,26.8,88,6.7,96,1003.9,1
2022-07-12,Khanh_Hoa,12.2388,109.1967,26.9,86,9.3,95,1003.4,1
2022-07-13,Khanh_Hoa,12.2388,109.1967,26.7,85,12.7,93,1002.5,1
2022-07-14,Khanh_Hoa,12.2388,109.1967,26.7,87,12.8,92,1003.1,1
2022-07-15,Khanh_Hoa,12.2388,109.1967,28.2,79,9.5,87,1004.6,1
2022-07-16,Khanh_Hoa,12.2388,109.1967,28.8,82,12.9,55,1005.3,1
2022-07-17,Khanh_Hoa,12.2388,109.1967,28.5,83,7.3,70,1006.3,1
2022-07-18,Khanh_Hoa,12.2388,109.1967,28.7,79,12.2,82,1005.0,1
2022-07-19,Khanh_Hoa,12.2388,109.1967,27.8,83,8.4,100,1004.3,1
2022-07-20,Khanh_Hoa,12.2388,109.1967,26.5,88,15.5,100,1006.1,1
2022-07-21,Khanh_Hoa,12.2388,109.1967,27.2,86,13.0,76,1008.6,1
2022-07-22,Khanh_Hoa,12.2388,109.1967,27.6,80,10.5,85,1009.4,1
2022-07-23,Khanh_Hoa,12.2388,109.1967,27.8,77,11.6,80,1008.5,1
2022-07-24,Khanh_Hoa,12.2388,109.1967,27.9,78,13.7,51,1007.2,1
2022-07-25,Khanh_Hoa,12.2388,109.1967,27.8,81,12.4,55,1007.6,1
2022-07-26,Khanh_Hoa,12.2388,109.1967,27.7,82,8.3,92,1007.6,1
2022-07-27,Khanh_Hoa,12.2388,109.1967,27.9,78,10.8,93,1007.0,1
2022-07-28,Khanh_Hoa,12.2388,109.1967,28.6,78,11.0,50,1006.4,1
2022-07-29,Khanh_Hoa,12.2388,109.1967,28.9,76,11.3,46,1005.3,1
2022-07-30,Khanh_Hoa,12.2388,109.1967,28.3,85,10.1,95,1004.9,1
2022-07-31,Khanh_Hoa,12.2388,109.1967,28.3,79,13.8,99,1004.2,1
2022-08-01,Khanh_Hoa,12.2388,109.1967,27.9,81,12.1,96,1004.8,1
2022-08-02,Khanh_Hoa,12.2388,109.1967,28.7,78,11.2,93,1006.0,1
2022-08-03,Khanh_Hoa,12.2388,109.1967,28.4,78,8.8,95,1006.9,1
2022-08-04,Khanh_Hoa,12.2388,109.1967,28.9,76,8.5,98,1006.1,0
2022-08-05,Khanh_Hoa,12.2388,109.1967,28.5,75,13.7,93,1005.5,1
2022-08-06,Khanh_Hoa,12.2388,109.1967,28.2,78,13.8,98,1004.8,1
2022-08-07,Khanh_Hoa,12.2388,109.1967,26.8,85,9.9,100,1004.1,1
2022-08-08,Khanh_Hoa,12.2388,109.1967,25.6,95,6.8,100,1003.3,1
2022-08-09,Khanh_Hoa,12.2388,109.1967,27.0,83,7.5,100,1002.8,1
2022-08-10,Khanh_Hoa,12.2388,109.1967,28.5,74,10.7,99,1003.2,1
2022-08-11,Khanh_Hoa,12.2388,109.1967,28.6,78,11.4,99,1004.7,1
2022-08-12,Khanh_Hoa,12.2388,109.1967,28.6,75,11.0,85,1006.6,1
2022-08-13,Khanh_Hoa,12.2388,109.1967,28.8,74,11.2,34,1007.0,0
2022-08-14,Khanh_Hoa,12.2388,109.1967,28.5,79,11.7,53,1007.0,1
2022-08-15,Khanh_Hoa,12.2388,109.1967,27.2,88,10.8,94,1006.3,1
2022-08-16,Khanh_Hoa,12.2388,109.1967,28.1,83,10.1,90,1005.5,1
2022-08-17,Khanh_Hoa,12.2388,109.1967,28.4,80,10.0,89,1005.9,1
2022-08-18,Khanh_Hoa,12.2388,109.1967,28.8,78,12.0,73,1005.5,1
2022-08-19,Khanh_Hoa,12.2388,109.1967,28.8,78,7.4,97,1004.8,1
2022-08-20,Khanh_Hoa,12.2388,109.1967,28.1,80,13.5,100,1004.6,1
2022-08-21,Khanh_Hoa,12.2388,109.1967,28.3,81,8.7,97,1005.2,1
2022-08-22,Khanh_Hoa,12.2388,109.1967,28.8,77,13.0,87,1005.8,1
2022-08-23,Khanh_Hoa,12.2388,109.1967,28.4,74,12.9,81,1005.9,1
2022-08-24,Khanh_Hoa,12.2388,109.1967,28.2,75,14.0,95,1004.3,1
2022-08-25,Khanh_Hoa,12.2388,109.1967,29.0,75,19.9,100,1004.2,0
2022-08-26,Khanh_Hoa,12.2388,109.1967,28.2,79,10.9,81,1007.2,1
2022-08-27,Khanh_Hoa,12.2388,109.1967,28.5,74,11.0,49,1007.9,1
2022-08-28,Khanh_Hoa,12.2388,109.1967,26.9,81,16.9,94,1007.6,1
2022-08-29,Khanh_Hoa,12.2388,109.1967,27.1,82,8.7,76,1008.6,1
2022-08-30,Khanh_Hoa,12.2388,109.1967,28.1,79,12.0,39,1008.1,1
2022-08-31,Khanh_Hoa,12.2388,109.1967,28.1,78,10.2,61,1006.8,0
2022-09-01,Khanh_Hoa,12.2388,109.1967,28.4,77,11.6,39,1006.9,1
2022-09-02,Khanh_Hoa,12.2388,109.1967,28.6,76,12.0,87,1006.9,1
2022-09-03,Khanh_Hoa,12.2388,109.1967,28.5,77,11.2,95,1005.7,1
2022-09-04,Khanh_Hoa,12.2388,109.1967,28.8,77,14.0,86,1005.9,1
2022-09-05,Khanh_Hoa,12.2388,109.1967,27.3,86,13.7,100,1006.7,1
2022-09-06,Khanh_Hoa,12.2388,109.1967,26.2,90,8.5,100,1007.1,1
2022-09-07,Khanh_Hoa,12.2388,109.1967,25.4,93,7.8,100,1008.1,1
2022-09-08,Khanh_Hoa,12.2388,109.1967,26.9,85,9.0,81,1008.9,1
2022-09-09,Khanh_Hoa,12.2388,109.1967,27.5,83,10.5,82,1009.2,1
2022-09-10,Khanh_Hoa,12.2388,109.1967,27.4,82,9.8,94,1009.5,1
2022-09-11,Khanh_Hoa,12.2388,109.1967,26.4,86,9.7,86,1008.9,1
2022-09-12,Khanh_Hoa,12.2388,109.1967,27.0,84,10.7,62,1008.0,1
2022-09-13,Khanh_Hoa,12.2388,109.1967,27.2,84,8.8,67,1008.5,1
2022-09-14,Khanh_Hoa,12.2388,109.1967,27.6,83,10.1,97,1008.6,1
2022-09-15,Khanh_Hoa,12.2388,109.1967,27.3,83,9.6,100,1007.7,1
2022-09-16,Khanh_Hoa,12.2388,109.1967,27.7,81,7.4,87,1005.4,1
2022-09-17,Khanh_Hoa,12.2388,109.1967,27.8,85,9.5,88,1006.0,1
2022-09-18,Khanh_Hoa,12.2388,109.1967,27.5,82,11.4,96,1006.9,1
2022-09-19,Khanh_Hoa,12.2388,109.1967,27.1,83,11.5,94,1006.6,1
2022-09-20,Khanh_Hoa,12.2388,109.1967,26.8,86,7.4,100,1006.2,1
2022-09-21,Khanh_Hoa,12.2388,109.1967,26.5,87,10.3,100,1006.3,1
2022-09-22,Khanh_Hoa,12.2388,109.1967,26.5,86,8.4,100,1006.7,1
2022-09-23,Khanh_Hoa,12.2388,109.1967,26.6,86,7.9,99,1007.4,1
2022-09-24,Khanh_Hoa,12.2388,109.1967,26.7,84,8.3,93,1006.9,1
2022-09-25,Khanh_Hoa,12.2388,109.1967,26.2,87,7.6,98,1007.4,1
2022-09-26,Khanh_Hoa,12.2388,109.1967,26.4,86,12.5,100,1006.1,1
2022-09-27,Khanh_Hoa,12.2388,109.1967,27.1,80,8.1,100,1001.4,0
2022-09-28,Khanh_Hoa,12.2388,109.1967,27.3,80,10.5,100,999.7,1
2022-09-29,Khanh_Hoa,12.2388,109.1967,26.7,90,9.9,99,1003.9,1
2022-09-30,Khanh_Hoa,12.2388,109.1967,27.3,85,9.4,100,1006.9,1
2022-10-01,Khanh_Hoa,12.2388,109.1967,26.9,86,8.1,100,1008.2,1
2022-10-02,Khanh_Hoa,12.2388,109.1967,26.2,87,13.4,95,1008.6,1
2022-10-03,Khanh_Hoa,12.2388,109.1967,25.8,86,18.8,62,1009.1,1
2022-10-04,Khanh_Hoa,12.2388,109.1967,25.4,92,17.3,99,1010.0,1
2022-10-05,Khanh_Hoa,12.2388,109.1967,25.4,92,9.5,98,1010.3,1
2022-10-06,Khanh_Hoa,12.2388,109.1967,26.1,87,13.5,100,1010.2,1
2022-10-07,Khanh_Hoa,12.2388,109.1967,26.4,86,16.5,88,1009.9,1
2022-10-08,Khanh_Hoa,12.2388,109.1967,24.4,96,12.7,100,1010.6,1
2022-10-09,Khanh_Hoa,12.2388,109.1967,25.7,88,11.8,95,1010.7,1
2022-10-10,Khanh_Hoa,12.2388,109.1967,25.7,88,13.8,100,1011.1,1
2022-10-11,Khanh_Hoa,12.2388,109.1967,24.4,93,16.1,99,1010.4,1
2022-10-12,Khanh_Hoa,12.2388,109.1967,25.5,84,23.0,99,1009.7,1
2022-10-13,Khanh_Hoa,12.2388,109.1967,23.8,90,14.2,99,1007.2,1
2022-10-14,Khanh_Hoa,12.2388,109.1967,24.4,92,10.1,100,1004.1,1
2022-10-15,Khanh_Hoa,12.2388,109.1967,25.8,82,10.5,87,1005.1,1
2022-10-16,Khanh_Hoa,12.2388,109.1967,26.1,83,13.9,81,1008.2,1
2022-10-17,Khanh_Hoa,12.2388,109.1967,26.3,78,17.6,91,1008.8,1
2022-10-18,Khanh_Hoa,12.2388,109.1967,26.6,74,16.1,59,1007.9,1
2022-10-19,Khanh_Hoa,12.2388,109.1967,26.2,79,8.5,87,1008.4,1
2022-10-20,Khanh_Hoa,12.2388,109.1967,26.0,82,14.6,95,1010.9,1
2022-10-21,Khanh_Hoa,12.2388,109.1967,26.2,82,18.9,89,1011.5,1
2022-10-22,Khanh_Hoa,12.2388,109.1967,26.4,82,15.0,98,1011.0,1
2022-10-23,Khanh_Hoa,12.2388,109.1967,26.0,85,18.2,98,1011.1,1
2022-10-24,Khanh_Hoa,12.2388,109.1967,26.6,78,20.7,76,1009.6,0
2022-10-25,Khanh_Hoa,12.2388,109.1967,26.4,83,19.3,91,1009.7,1
2022-10-26,Khanh_Hoa,12.2388,109.1967,25.8,88,16.1,98,1009.7,1
2022-10-27,Khanh_Hoa,12.2388,109.1967,24.7,92,14.5,100,1009.6,1
2022-10-28,Khanh_Hoa,12.2388,109.1967,25.8,81,26.3,94,1008.4,1
2022-10-29,Khanh_Hoa,12.2388,109.1967,25.8,81,18.4,97,1007.6,1
2022-10-30,Khanh_Hoa,12.2388,109.1967,26.2,77,21.0,100,1007.2,0
2022-10-31,Khanh_Hoa,12.2388,109.1967,25.9,77,17.8,100,1007.2,0
2022-11-01,Khanh_Hoa,12.2388,109.1967,25.2,79,18.4,100,1008.9,1
2022-11-02,Khanh_Hoa,12.2388,109.1967,25.2,77,14.4,99,1009.9,1
2022-11-03,Khanh_Hoa,12.2388,109.1967,24.8,84,12.5,94,1011.3,1
2022-11-04,Khanh_Hoa,12.2388,109.1967,24.8,85,17.6,89,1013.0,1
2022-11-05,Khanh_Hoa,12.2388,109.1967,25.7,76,20.9,63,1013.8,1
2022-11-06,Khanh_Hoa,12.2388,109.1967,25.7,78,22.9,90,1012.9,1
2022-11-07,Khanh_Hoa,12.2388,109.1967,26.0,77,21.8,70,1011.8,0
2022-11-08,Khanh_Hoa,12.2388,109.1967,26.2,75,23.0,87,1011.2,0
2022-11-09,Khanh_Hoa,12.2388,109.1967,26.3,76,20.7,97,1011.2,1
2022-11-10,Khanh_Hoa,12.2388,109.1967,26.4,79,19.1,67,1011.1,1
2022-11-11,Khanh_Hoa,12.2388,109.1967,26.3,83,18.8,82,1010.8,1
2022-11-12,Khanh_Hoa,12.2388,109.1967,25.0,90,16.4,100,1010.2,1
2022-11-13,Khanh_Hoa,12.2388,109.1967,24.4,94,12.5,99,1010.7,1
2022-11-14,Khanh_Hoa,12.2388,109.1967,25.8,88,18.3,97,1010.5,1
2022-11-15,Khanh_Hoa,12.2388,109.1967,25.9,88,16.7,85,1010.1,1
2022-11-16,Khanh_Hoa,12.2388,109.1967,26.1,85,18.7,63,1009.4,1
2022-11-17,Khanh_Hoa,12.2388,109.1967,26.4,83,15.6,59,1009.0,1
2022-11-18,Khanh_Hoa,12.2388,109.1967,26.0,85,16.7,95,1009.7,1
2022-11-19,Khanh_Hoa,12.2388,109.1967,23.9,97,18.3,100,1008.2,1
2022-11-20,Khanh_Hoa,12.2388,109.1967,23.7,98,16.3,100,1006.4,1
2022-11-21,Khanh_Hoa,12.2388,109.1967,24.3,97,9.2,100,1005.9,1
2022-11-22,Khanh_Hoa,12.2388,109.1967,24.4,95,7.9,98,1006.8,1
2022-11-23,Khanh_Hoa,12.2388,109.1967,25.4,90,10.7,77,1008.6,1
2022-11-24,Khanh_Hoa,12.2388,109.1967,25.5,89,9.7,60,1010.2,1
2022-11-25,Khanh_Hoa,12.2388,109.1967,25.5,87,14.3,84,1011.2,1
2022-11-26,Khanh_Hoa,12.2388,109.1967,24.8,92,12.9,95,1010.7,1
2022-11-27,Khanh_Hoa,12.2388,109.1967,25.4,90,8.5,69,1009.7,1
2022-11-28,Khanh_Hoa,12.2388,109.1967,25.8,87,9.7,36,1009.9,1
2022-11-29,Khanh_Hoa,12.2388,109.1967,26.2,83,10.3,25,1010.4,1
2022-11-30,Khanh_Hoa,12.2388,109.1967,26.0,82,18.1,68,1010.6,1
2022-12-01,Khanh_Hoa,12.2388,109.1967,25.9,85,22.5,83,1010.1,1
2022-12-02,Khanh_Hoa,12.2388,109.1967,24.3,91,16.1,100,1009.7,1
2022-12-03,Khanh_Hoa,12.2388,109.1967,23.4,96,12.6,100,1009.9,1
2022-12-04,Khanh_Hoa,12.2388,109.1967,24.7,88,21.0,100,1010.8,1
2022-12-05,Khanh_Hoa,12.2388,109.1967,25.2,88,17.4,67,1011.0,1
2022-12-06,Khanh_Hoa,12.2388,109.1967,24.7,88,23.2,84,1010.4,1
2022-12-07,Khanh_Hoa,12.2388,109.1967,24.0,95,23.1,99,1010.2,1
2022-12-08,Khanh_Hoa,12.2388,109.1967,24.5,89,23.1,80,1010.4,1
2022-12-09,Khanh_Hoa,12.2388,109.1967,24.6,84,24.8,78,1010.1,1
2022-12-10,Khanh_Hoa,12.2388,109.1967,25.0,75,23.5,97,1010.3,1
2022-12-11,Khanh_Hoa,12.2388,109.1967,24.3,76,20.9,59,1011.7,1
2022-12-12,Khanh_Hoa,12.2388,109.1967,23.1,77,27.0,63,1012.4,1
2022-12-13,Khanh_Hoa,12.2388,109.1967,23.0,69,24.7,83,1012.3,0
2022-12-14,Khanh_Hoa,12.2388,109.1967,23.4,69,23.1,93,1012.7,0
2022-12-15,Khanh_Hoa,12.2388,109.1967,24.4,71,18.4,84,1010.7,0
2022-12-16,Khanh_Hoa,12.2388,109.1967,25.2,77,19.2,95,1009.8,0
2022-12-17,Khanh_Hoa,12.2388,109.1967,24.6,84,28.7,97,1011.6,1
2022-12-18,Khanh_Hoa,12.2388,109.1967,22.9,80,31.7,100,1012.8,1
2022-12-19,Khanh_Hoa,12.2388,109.1967,22.8,74,24.5,100,1011.8,1
2022-12-20,Khanh_Hoa,12.2388,109.1967,24.2,73,19.2,84,1010.0,0
2022-12-21,Khanh_Hoa,12.2388,109.1967,24.6,76,24.4,86,1010.0,0
2022-12-22,Khanh_Hoa,12.2388,109.1967,23.3,77,27.7,81,1010.6,1
2022-12-23,Khanh_Hoa,12.2388,109.1967,22.4,72,25.1,93,1012.0,1
2022-12-24,Khanh_Hoa,12.2388,109.1967,22.6,68,28.1,100,1013.1,0
2022-12-25,Khanh_Hoa,12.2388,109.1967,22.8,65,24.4,96,1014.4,0
2022-12-26,Khanh_Hoa,12.2388,109.1967,22.4,71,20.4,100,1015.4,0
2022-12-27,Khanh_Hoa,12.2388,109.1967,22.8,74,22.4,87,1015.0,1
2022-12-28,Khanh_Hoa,12.2388,109.1967,23.1,74,20.3,78,1014.7,0
2022-12-29,Khanh_Hoa,12.2388,109.1967,23.8,75,23.3,98,1014.9,1
2022-12-30,Khanh_Hoa,12.2388,109.1967,23.1,79,21.0,100,1016.2,1
2022-12-31,Khanh_Hoa,12.2388,109.1967,22.5,74,19.9,100,1015.8,1
2023-01-01,Khanh_Hoa,12.2388,109.1967,23.3,72,14.8,100,1014.3,1
2023-01-02,Khanh_Hoa,12.2388,109.1967,24.8,72,19.8,98,1014.2,1
2023-01-03,Khanh_Hoa,12.2388,109.1967,24.1,83,25.7,98,1014.3,1
2023-01-04,Khanh_Hoa,12.2388,109.1967,23.8,84,26.8,100,1013.3,1
2023-01-05,Khanh_Hoa,12.2388,109.1967,22.3,92,27.0,100,1013.0,1
2023-01-06,Khanh_Hoa,12.2388,109.1967,22.1,90,24.3,100,1012.9,1
2023-01-07,Khanh_Hoa,12.2388,109.1967,21.3,94,25.6,100,1011.8,1
2023-01-08,Khanh_Hoa,12.2388,109.1967,22.0,94,19.5,100,1011.5,1
2023-01-09,Khanh_Hoa,12.2388,109.1967,22.9,95,20.7,100,1013.1,1
2023-01-10,Khanh_Hoa,12.2388,109.1967,23.5,91,14.8,90,1012.9,1
2023-01-11,Khanh_Hoa,12.2388,109.1967,24.0,87,15.9,62,1011.8,1
2023-01-12,Khanh_Hoa,12.2388,109.1967,24.2,90,12.4,79,1011.2,1
2023-01-13,Khanh_Hoa,12.2388,109.1967,24.5,90,10.8,40,1010.5,1
2023-01-14,Khanh_Hoa,12.2388,109.1967,24.8,90,13.0,29,1008.5,0
2023-01-15,Khanh_Hoa,12.2388,109.1967,23.8,90,12.1,39,1008.8,1
2023-01-16,Khanh_Hoa,12.2388,109.1967,24.0,78,21.7,40,1012.2,0
2023-01-17,Khanh_Hoa,12.2388,109.1967,23.6,77,24.9,100,1014.1,1
2023-01-18,Khanh_Hoa,12.2388,109.1967,23.2,72,23.8,100,1015.1,0
2023-01-19,Khanh_Hoa,12.2388,109.1967,23.2,71,23.2,100,1014.6,0
2023-01-20,Khanh_Hoa,12.2388,109.1967,23.4,73,19.6,100,1013.8,0
2023-01-21,Khanh_Hoa,12.2388,109.1967,24.1,73,20.2,96,1012.4,0
2023-01-22,Khanh_Hoa,12.2388,109.1967,24.6,79,17.8,94,1011.1,1
2023-01-23,Khanh_Hoa,12.2388,109.1967,24.5,82,22.2,69,1010.6,1
2023-01-24,Khanh_Hoa,12.2388,109.1967,23.5,83,30.1,92,1012.9,1
2023-01-25,Khanh_Hoa,12.2388,109.1967,22.5,75,29.7,94,1013.1,1
2023-01-26,Khanh_Hoa,12.2388,109.1967,23.3,72,16.5,93,1011.8,0
2023-01-27,Khanh_Hoa,12.2388,109.1967,23.9,77,24.8,81,1012.1,1
2023-01-28,Khanh_Hoa,12.2388,109.1967,22.4,76,30.8,90,1013.6,1
2023-01-29,Khanh_Hoa,12.2388,109.1967,21.8,70,29.9,95,1014.7,1
2023-01-30,Khanh_Hoa,12.2388,109.1967,21.1,66,27.6,97,1015.1,0
2023-01-31,Khanh_Hoa,12.2388,109.1967,23.0,72,15.5,93,1012.0,0
2023-02-01,Khanh_Hoa,12.2388,109.1967,22.8,89,6.5,83,1011.0,1
2023-02-02,Khanh_Hoa,12.2388,109.1967,24.1,91,16.0,90,1011.6,1
2023-02-03,Khanh_Hoa,12.2388,109.1967,24.6,86,17.2,72,1011.9,1
2023-02-04,Khanh_Hoa,12.2388,109.1967,24.5,84,14.3,62,1011.2,1
2023-02-05,Khanh_Hoa,12.2388,109.1967,24.0,85,14.6,56,1010.9,1
2023-02-06,Khanh_Hoa,12.2388,109.1967,23.6,86,12.0,72,1010.8,0
2023-02-07,Khanh_Hoa,12.2388,109.1967,24.2,86,13.7,61,1011.0,0
2023-02-08,Khanh_Hoa,12.2388,109.1967,24.4,86,12.2,67,1011.3,1
2023-02-09,Khanh_Hoa,12.2388,109.1967,24.4,87,12.8,52,1011.3,1
2023-02-10,Khanh_Hoa,12.2388,109.1967,24.3,85,13.7,50,1011.6,1
2023-02-11,Khanh_Hoa,12.2388,109.1967,24.6,85,14.4,68,1011.1,0
2023-02-12,Khanh_Hoa,12.2388,109.1967,24.7,84,11.3,72,1010.9,0
2023-02-13,Khanh_Hoa,12.2388,109.1967,24.6,87,10.1,94,1010.9,0
2023-02-14,Khanh_Hoa,12.2388,109.1967,24.6,84,12.3,74,1011.5,1
2023-02-15,Khanh_Hoa,12.2388,109.1967,24.6,79,27.2,47,1013.3,1
2023-02-16,Khanh_Hoa,12.2388,109.1967,23.9,78,29.1,67,1014.8,1
2023-02-17,Khanh_Hoa,12.2388,109.1967,23.5,81,18.9,100,1014.0,1
2023-02-18,Khanh_Hoa,12.2388,109.1967,24.0,83,19.3,78,1012.7,1
2023-02-19,Khanh_Hoa,12.2388,109.1967,24.4,76,22.2,72,1012.2,1
2023-02-20,Khanh_Hoa,12.2388,109.1967,24.0,72,24.2,62,1012.8,1
2023-02-21,Khanh_Hoa,12.2388,109.1967,23.7,73,25.0,89,1014.1,1
2023-02-22,Khanh_Hoa,12.2388,109.1967,23.5,77,22.9,80,1014.2,1
2023-02-23,Khanh_Hoa,12.2388,109.1967,24.0,73,24.7,74,1013.0,0
2023-02-24,Khanh_Hoa,12.2388,109.1967,23.4,69,25.4,57,1013.7,1
2023-02-25,Khanh_Hoa,12.2388,109.1967,23.9,68,32.9,66,1016.9,1
2023-02-26,Khanh_Hoa,12.2388,109.1967,23.6,70,33.9,93,1018.1,1
2023-02-27,Khanh_Hoa,12.2388,109.1967,23.5,78,25.6,100,1017.4,1
2023-02-28,Khanh_Hoa,12.2388,109.1967,24.2,79,27.6,95,1016.3,1
2023-03-01,Khanh_Hoa,12.2388,109.1967,24.1,75,25.5,96,1016.4,1
2023-03-02,Khanh_Hoa,12.2388,109.1967,23.9,72,29.1,85,1017.0,1
2023-03-03,Khanh_Hoa,12.2388,109.1967,23.8,69,24.4,68,1017.7,1
2023-03-04,Khanh_Hoa,12.2388,109.1967,23.7,72,25.3,76,1018.3,1
2023-03-05,Khanh_Hoa,12.2388,109.1967,23.5,69,26.3,56,1017.5,1
2023-03-06,Khanh_Hoa,12.2388,109.1967,23.3,71,22.9,18,1016.2,0
2023-03-07,Khanh_Hoa,12.2388,109.1967,23.3,72,23.7,33,1015.7,1
2023-03-08,Khanh_Hoa,12.2388,109.1967,23.5,65,21.4,37,1015.3,0
2023-03-09,Khanh_Hoa,12.2388,109.1967,23.7,70,25.2,29,1014.6,1
2023-03-10,Khanh_Hoa,12.2388,109.1967,23.8,72,21.2,35,1013.6,1
2023-03-11,Khanh_Hoa,12.2388,109.1967,23.9,72,22.5,23,1013.7,0
2023-03-12,Khanh_Hoa,12.2388,109.1967,24.2,72,23.7,51,1013.7,0
2023-03-13,Khanh_Hoa,12.2388,109.1967,24.1,71,27.0,58,1014.0,1
2023-03-14,Khanh_Hoa,12.2388,109.1967,23.8,75,22.1,53,1012.4,1
2023-03-15,Khanh_Hoa,12.2388,109.1967,24.3,73,18.0,55,1012.6,0
2023-03-16,Khanh_Hoa,12.2388,109.1967,24.6,79,17.9,75,1013.7,1
2023-03-17,Khanh_Hoa,12.2388,109.1967,24.8,79,18.2,65,1012.9,1
2023-03-18,Khanh_Hoa,12.2388,109.1967,25.0,76,18.4,69,1012.0,0
2023-03-19,Khanh_Hoa,12.2388,109.1967,25.4,78,16.8,51,1010.9,1
2023-03-20,Khanh_Hoa,12.2388,109.1967,25.4,81,12.3,37,1009.8,0
2023-03-21,Khanh_Hoa,12.2388,109.1967,25.6,83,14.5,38,1009.2,0
2023-03-22,Khanh_Hoa,12.2388,109.1967,26.0,82,15.3,46,1007.7,0
2023-03-23,Khanh_Hoa,12.2388,109.1967,26.3,81,17.2,61,1007.7,0
2023-03-24,Khanh_Hoa,12.2388,109.1967,26.2,81,17.3,76,1008.7,0
2023-03-25,Khanh_Hoa,12.2388,109.1967,26.1,79,14.0,74,1009.4,0
2023-03-26,Khanh_Hoa,12.2388,109.1967,26.1,76,15.0,49,1008.7,0
2023-03-27,Khanh_Hoa,12.2388,109.1967,26.7,77,13.9,36,1010.0,1
2023-03-28,Khanh_Hoa,12.2388,109.1967,26.6,82,14.1,84,1011.4,1
2023-03-29,Khanh_Hoa,12.2388,109.1967,26.5,78,15.9,66,1011.0,1
2023-03-30,Khanh_Hoa,12.2388,109.1967,26.4,77,15.1,28,1009.8,0
2023-03-31,Khanh_Hoa,12.2388,109.1967,26.7,76,13.8,28,1009.8,0
2023-04-01,Khanh_Hoa,12.2388,109.1967,26.3,78,13.0,75,1009.5,0
2023-04-02,Khanh_Hoa,12.2388,109.1967,26.4,78,13.2,56,1008.8,0
2023-04-03,Khanh_Hoa,12.2388,109.1967,27.3,79,15.0,23,1008.4,1
2023-04-04,Khanh_Hoa,12.2388,109.1967,27.4,78,16.0,43,1007.9,0
2023-04-05,Khanh_Hoa,12.2388,109.1967,27.6,79,18.9,50,1008.1,0
2023-04-06,Khanh_Hoa,12.2388,109.1967,27.8,79,16.4,4,1008.7,0
2023-04-07,Khanh_Hoa,12.2388,109.1967,27.6,77,14.7,43,1010.8,0
2023-04-08,Khanh_Hoa,12.2388,109.1967,27.2,76,16.8,27,1013.1,1
2023-04-09,Khanh_Hoa,12.2388,109.1967,26.6,80,18.3,48,1012.7,1
2023-04-10,Khanh_Hoa,12.2388,109.1967,27.1,77,18.3,56,1011.0,1
2023-04-11,Khanh_Hoa,12.2388,109.1967,27.6,77,12.6,32,1009.7,0
2023-04-12,Khanh_Hoa,12.2388,109.1967,27.7,79,16.3,44,1008.6,0
2023-04-13,Khanh_Hoa,12.2388,109.1967,28.1,77,13.5,47,1008.7,1
2023-04-14,Khanh_Hoa,12.2388,109.1967,28.4,79,15.7,47,1008.3,0
2023-04-15,Khanh_Hoa,12.2388,109.1967,27.7,83,15.5,44,1007.7,1
2023-04-16,Khanh_Hoa,12.2388,109.1967,27.3,83,12.6,99,1008.1,1
2023-04-17,Khanh_Hoa,12.2388,109.1967,28.2,76,15.9,54,1009.2,1
2023-04-18,Khanh_Hoa,12.2388,109.1967,28.4,70,21.1,24,1009.1,0
2023-04-19,Khanh_Hoa,12.2388,109.1967,28.2,71,18.7,36,1006.0,0
2023-04-20,Khanh_Hoa,12.2388,109.1967,29.1,77,20.5,10,1003.6,0
2023-04-21,Khanh_Hoa,12.2388,109.1967,29.6,77,19.2,22,1004.3,0
2023-04-22,Khanh_Hoa,12.2388,109.1967,29.2,81,19.2,51,1005.9,0
2023-04-23,Khanh_Hoa,12.2388,109.1967,28.7,78,15.3,17,1008.6,0
2023-04-24,Khanh_Hoa,12.2388,109.1967,28.2,75,13.6,31,1010.0,1
2023-04-25,Khanh_Hoa,12.2388,109.1967,28.2,76,18.4,54,1009.0,1
2023-04-26,Khanh_Hoa,12.2388,109.1967,27.9,75,21.5,77,1009.3,1
2023-04-27,Khanh_Hoa,12.2388,109.1967,27.8,76,18.6,54,1009.8,1
2023-04-28,Khanh_Hoa,12.2388,109.1967,28.1,76,14.9,70,1009.6,1
2023-04-29,Khanh_Hoa,12.2388,109.1967,28.2,77,14.2,67,1008.4,1
2023-04-30,Khanh_Hoa,12.2388,109.1967,27.5,80,16.9,74,1009.0,1
2023-05-01,Khanh_Hoa,12.2388,109.1967,27.5,78,18.1,36,1009.5,1
2023-05-02,Khanh_Hoa,12.2388,109.1967,28.0,77,17.4,35,1010.0,1
2023-05-03,Khanh_Hoa,12.2388,109.1967,27.5,84,13.4,81,1010.2,1
2023-05-04,Khanh_Hoa,12.2388,109.1967,28.6,77,12.7,59,1007.6,1
2023-05-05,Khanh_Hoa,12.2388,109.1967,29.1,77,15.1,46,1004.8,0
2023-05-06,Khanh_Hoa,12.2388,109.1967,30.1,77,15.1,66,1003.1,0
2023-05-07,Khanh_Hoa,12.2388,109.1967,31.2,71,16.9,75,1002.7,0
2023-05-08,Khanh_Hoa,12.2388,109.1967,30.1,69,13.8,100,1005.1,1
2023-05-09,Khanh_Hoa,12.2388,109.1967,26.9,86,9.4,100,1007.5,1
2023-05-10,Khanh_Hoa,12.2388,109.1967,27.8,83,12.3,75,1008.4,1
2023-05-11,Khanh_Hoa,12.2388,109.1967,28.2,82,13.0,84,1009.5,1
2023-05-12,Khanh_Hoa,12.2388,109.1967,28.3,82,13.6,76,1009.9,1
2023-05-13,Khanh_Hoa,12.2388,109.1967,28.0,84,9.4,80,1010.2,1
2023-05-14,Khanh_Hoa,12.2388,109.1967,27.9,83,11.0,68,1010.0,1
2023-05-15,Khanh_Hoa,12.2388,109.1967,28.4,82,10.8,24,1009.7,0
2023-05-16,Khanh_Hoa,12.2388,109.1967,29.6,77,11.5,36,1008.9,1
2023-05-17,Khanh_Hoa,12.2388,109.1967,30.6,70,13.7,80,1008.3,0
2023-05-18,Khanh_Hoa,12.2388,109.1967,31.0,68,14.0,35,1007.2,0
2023-05-19,Khanh_Hoa,12.2388,109.1967,31.1,70,13.6,84,1005.9,0
2023-05-20,Khanh_Hoa,12.2388,109.1967,31.0,69,17.3,84,1006.2,1
2023-05-21,Khanh_Hoa,12.2388,109.1967,30.6,72,21.3,88,1007.5,0
2023-05-22,Khanh_Hoa,12.2388,109.1967,30.7,66,15.9,67,1007.9,0
2023-05-23,Khanh_Hoa,12.2388,109.1967,30.9,64,15.1,82,1006.8,1
2023-05-24,Khanh_Hoa,12.2388,109.1967,30.4,67,13.1,48,1007.0,1
2023-05-25,Khanh_Hoa,12.2388,109.1967,29.6,72,10.2,91,1008.1,1
2023-05-26,Khanh_Hoa,12.2388,109.1967,29.2,73,13.7,54,1007.9,0
2023-05-27,Khanh_Hoa,12.2388,109.1967,27.9,78,10.6,61,1006.4,1
2023-05-28,Khanh_Hoa,12.2388,109.1967,27.8,78,12.9,23,1005.8,1
2023-05-29,Khanh_Hoa,12.2388,109.1967,27.6,80,11.6,49,1006.5,1
2023-05-30,Khanh_Hoa,12.2388,109.1967,28.5,79,13.1,80,1005.9,1
2023-05-31,Khanh_Hoa,12.2388,109.1967,29.6,73,8.3,97,1004.9,1
2023-06-01,Khanh_Hoa,12.2388,109.1967,29.9,73,12.6,89,1004.0,1
2023-06-02,Khanh_Hoa,12.2388,109.1967,30.5,71,11.2,79,1005.0,1
2023-06-03,Khanh_Hoa,12.2388,109.1967,30.2,72,11.2,64,1005.9,1
2023-06-04,Khanh_Hoa,12.2388,109.1967,30.1,72,11.6,98,1005.4,1
2023-06-05,Khanh_Hoa,12.2388,109.1967,28.9,75,12.0,82,1004.8,1
2023-06-06,Khanh_Hoa,12.2388,109.1967,28.0,83,10.6,91,1005.2,1
2023-06-07,Khanh_Hoa,12.2388,109.1967,29.1,80,10.2,100,1006.2,1
2023-06-08,Khanh_Hoa,12.2388,109.1967,29.3,76,12.0,99,1005.9,0
2023-06-09,Khanh_Hoa,12.2388,109.1967,29.5,75,11.8,99,1004.5,0
2023-06-10,Khanh_Hoa,12.2388,109.1967,29.9,73,14.0,97,1003.3,1
2023-06-11,Khanh_Hoa,12.2388,109.1967,30.1,72,11.7,87,1003.2,0
2023-06-12,Khanh_Hoa,12.2388,109.1967,30.2,69,13.5,94,1004.4,1
2023-06-13,Khanh_Hoa,12.2388,109.1967,29.4,71,9.2,97,1005.3,0
2023-06-14,Khanh_Hoa,12.2388,109.1967,30.5,70,13.6,70,1006.6,0
2023-06-15,Khanh_Hoa,12.2388,109.1967,30.4,70,14.0,85,1006.3,1
2023-06-16,Khanh_Hoa,12.2388,109.1967,29.9,73,12.1,88,1006.1,1
2023-06-17,Khanh_Hoa,12.2388,109.1967,29.0,75,10.3,85,1007.3,1
2023-06-18,Khanh_Hoa,12.2388,109.1967,29.5,74,14.5,73,1007.2,1
2023-06-19,Khanh_Hoa,12.2388,109.1967,29.6,71,12.2,47,1006.8,1
2023-06-20,Khanh_Hoa,12.2388,109.1967,30.0,70,12.0,37,1006.3,1
2023-06-21,Khanh_Hoa,12.2388,109.1967,30.1,69,11.8,41,1006.9,0
2023-06-22,Khanh_Hoa,12.2388,109.1967,30.0,70,11.1,39,1007.1,1
2023-06-23,Khanh_Hoa,12.2388,109.1967,30.4,66,14.7,67,1005.7,0
2023-06-24,Khanh_Hoa,12.2388,109.1967,29.8,70,16.8,80,1005.3,0
2023-06-25,Khanh_Hoa,12.2388,109.1967,30.0,66,16.5,94,1005.5,0
2023-06-26,Khanh_Hoa,12.2388,109.1967,29.0,72,12.4,92,1005.9,1
2023-06-27,Khanh_Hoa,12.2388,109.1967,29.1,74,11.5,74,1006.9,1
2023-06-28,Khanh_Hoa,12.2388,109.1967,29.1,77,13.8,21,1007.6,1
2023-06-29,Khanh_Hoa,12.2388,109.1967,29.5,77,11.5,69,1006.4,1
2023-06-30,Khanh_Hoa,12.2388,109.1967,28.7,81,13.1,83,1006.1,1
2023-07-01,Khanh_Hoa,12.2388,109.1967,28.7,85,10.0,94,1006.3,1
2023-07-02,Khanh_Hoa,12.2388,109.1967,29.1,81,8.8,94,1007.5,1
2023-07-03,Khanh_Hoa,12.2388,109.1967,28.8,81,13.1,100,1008.1,1
2023-07-04,Khanh_Hoa,12.2388,109.1967,28.4,79,10.8,88,1008.1,0
2023-07-05,Khanh_Hoa,12.2388,109.1967,28.3,80,13.5,51,1007.9,1
2023-07-06,Khanh_Hoa,12.2388,109.1967,28.3,79,12.7,76,1008.5,1
2023-07-07,Khanh_Hoa,12.2388,109.1967,28.4,78,15.3,57,1008.8,1
2023-07-08,Khanh_Hoa,12.2388,109.1967,28.8,77,20.9,39,1008.8,1
2023-07-09,Khanh_Hoa,12.2388,109.1967,28.9,79,18.8,31,1008.5,1
2023-07-10,Khanh_Hoa,12.2388,109.1967,28.9,76,13.6,66,1007.7,0
2023-07-11,Khanh_Hoa,12.2388,109.1967,29.3,74,13.0,55,1007.5,1
2023-07-12,Khanh_Hoa,12.2388,109.1967,28.7,79,13.9,87,1007.2,1
2023-07-13,Khanh_Hoa,12.2388,109.1967,29.0,76,13.7,56,1006.1,1
2023-07-14,Khanh_Hoa,12.2388,109.1967,29.5,73,14.7,91,1004.9,1
2023-07-15,Khanh_Hoa,12.2388,109.1967,29.9,69,12.4,99,1003.1,1
2023-07-16,Khanh_Hoa,12.2388,109.1967,30.4,67,11.3,100,1001.2,0
2023-07-17,Khanh_Hoa,12.2388,109.1967,29.8,70,13.8,100,1000.6,1
2023-07-18,Khanh_Hoa,12.2388,109.1967,30.2,71,13.4,92,1002.3,1
2023-07-19,Khanh_Hoa,12.2388,109.1967,29.7,71,13.8,76,1003.2,1
2023-07-20,Khanh_Hoa,12.2388,109.1967,28.5,79,13.6,66,1004.0,1
2023-07-21,Khanh_Hoa,12.2388,109.1967,28.1,81,12.6,90,1006.4,1
2023-07-22,Khanh_Hoa,12.2388,109.1967,26.1,94,7.5,93,1008.4,1
2023-07-23,Khanh_Hoa,12.2388,109.1967,26.8,89,9.7,81,1007.9,1
2023-07-24,Khanh_Hoa,12.2388,109.1967,27.2,87,10.8,76,1006.2,1
2023-07-25,Khanh_Hoa,12.2388,109.1967,27.5,85,10.7,80,1006.0,1
2023-07-26,Khanh_Hoa,12.2388,109.1967,28.4,81,9.3,92,1005.1,1
2023-07-27,Khanh_Hoa,12.2388,109.1967,28.4,82,12.0,97,1003.5,1
2023-07-28,Khanh_Hoa,12.2388,109.1967,28.8,83,8.7,80,1002.0,1
2023-07-29,Khanh_Hoa,12.2388,109.1967,28.5,83,14.4,53,1002.9,1
2023-07-30,Khanh_Hoa,12.2388,109.1967,28.9,82,11.2,73,1004.4,1
2023-07-31,Khanh_Hoa,12.2388,109.1967,29.7,75,8.0,94,1005.5,1
2023-08-01,Khanh_Hoa,12.2388,109.1967,29.4,77,10.9,100,1005.2,1
2023-08-02,Khanh_Hoa,12.2388,109.1967,28.8,76,10.2,100,1005.5,0
2023-08-03,Khanh_Hoa,12.2388,109.1967,29.2,78,14.8,76,1005.9,1
2023-08-04,Khanh_Hoa,12.2388,109.1967,29.4,79,13.9,67,1007.7,1
2023-08-05,Khanh_Hoa,12.2388,109.1967,29.1,79,12.5,36,1008.1,1
2023-08-06,Khanh_Hoa,12.2388,109.1967,29.8,72,15.7,38,1006.0,1
2023-08-07,Khanh_Hoa,12.2388,109.1967,30.0,72,22.3,31,1004.9,1
2023-08-08,Khanh_Hoa,12.2388,109.1967,30.0,71,20.4,27,1005.9,1
2023-08-09,Khanh_Hoa,12.2388,109.1967,30.2,71,16.4,19,1007.1,0
2023-08-10,Khanh_Hoa,12.2388,109.1967,30.6,69,15.5,25,1006.4,0
2023-08-11,Khanh_Hoa,12.2388,109.1967,30.6,71,17.0,12,1005.3,1
2023-08-12,Khanh_Hoa,12.2388,109.1967,30.6,71,14.2,33,1004.9,0
2023-08-13,Khanh_Hoa,12.2388,109.1967,30.6,72,14.3,13,1005.0,0
2023-08-14,Khanh_Hoa,12.2388,109.1967,29.7,76,14.7,33,1005.7,1
2023-08-15,Khanh_Hoa,12.2388,109.1967,28.8,82,15.6,37,1006.4,1
2023-08-16,Khanh_Hoa,12.2388,109.1967,29.1,80,13.0,62,1007.0,1
2023-08-17,Khanh_Hoa,12.2388,109.1967,29.1,80,15.0,13,1006.0,0
2023-08-18,Khanh_Hoa,12.2388,109.1967,28.7,78,13.7,11,1005.2,0
2023-08-19,Khanh_Hoa,12.2388,109.1967,27.7,83,13.5,76,1005.3,1
2023-08-20,Khanh_Hoa,12.2388,109.1967,28.1,84,11.3,70,1005.2,1
2023-08-21,Khanh_Hoa,12.2388,109.1967,28.2,83,9.7,69,1006.4,1
2023-08-22,Khanh_Hoa,12.2388,109.1967,29.0,77,12.1,27,1006.1,0
2023-08-23,Khanh_Hoa,12.2388,109.1967,29.5,76,13.7,40,1005.5,1
2023-08-24,Khanh_Hoa,12.2388,109.1967,29.4,78,13.4,62,1005.6,1
2023-08-25,Khanh_Hoa,12.2388,109.1967,29.6,73,12.2,19,1006.0,1
2023-08-26,Khanh_Hoa,12.2388,109.1967,29.5,76,17.2,55,1005.4,1
2023-08-27,Khanh_Hoa,12.2388,109.1967,29.8,74,14.1,41,1003.9,1
2023-08-28,Khanh_Hoa,12.2388,109.1967,29.5,73,15.6,83,1003.0,1
2023-08-29,Khanh_Hoa,12.2388,109.1967,29.2,79,11.2,89,1003.3,1
2023-08-30,Khanh_Hoa,12.2388,109.1967,28.9,81,14.9,75,1004.6,1
2023-08-31,Khanh_Hoa,12.2388,109.1967,28.7,80,10.5,93,1004.9,1
2023-09-01,Khanh_Hoa,12.2388,109.1967,28.2,84,14.2,99,1004.7,1
2023-09-02,Khanh_Hoa,12.2388,109.1967,28.2,84,12.5,80,1003.4,1
2023-09-03,Khanh_Hoa,12.2388,109.1967,28.1,85,11.0,79,1002.8,1
2023-09-04,Khanh_Hoa,12.2388,109.1967,28.2,86,10.2,67,1003.1,1
2023-09-05,Khanh_Hoa,12.2388,109.1967,28.2,85,10.1,84,1005.2,1
2023-09-06,Khanh_Hoa,12.2388,109.1967,28.6,83,13.0,98,1006.6,1
2023-09-07,Khanh_Hoa,12.2388,109.1967,29.0,80,8.4,72,1007.0,1
2023-09-08,Khanh_Hoa,12.2388,109.1967,28.6,81,10.6,90,1007.2,1
2023-09-09,Khanh_Hoa,12.2388,109.1967,28.8,78,20.8,82,1006.0,1
2023-09-10,Khanh_Hoa,12.2388,109.1967,29.2,74,11.2,90,1006.0,1
2023-09-11,Khanh_Hoa,12.2388,109.1967,29.1,80,12.6,95,1006.4,1
2023-09-12,Khanh_Hoa,12.2388,109.1967,29.9,70,14.9,92,1006.5,0
2023-09-13,Khanh_Hoa,12.2388,109.1967,30.0,70,15.2,82,1006.5,1
2023-09-14,Khanh_Hoa,12.2388,109.1967,29.0,76,14.6,91,1006.2,1
2023-09-15,Khanh_Hoa,12.2388,109.1967,28.7,75,13.3,97,1006.5,1
2023-09-16,Khanh_Hoa,12.2388,109.1967,28.4,78,10.2,95,1007.5,1
2023-09-17,Khanh_Hoa,12.2388,109.1967,28.5,80,8.4,91,1007.5,1
2023-09-18,Khanh_Hoa,12.2388,109.1967,28.0,86,8.2,81,1008.6,1
2023-09-19,Khanh_Hoa,12.2388,109.1967,28.0,85,11.6,78,1009.4,1
2023-09-20,Khanh_Hoa,12.2388,109.1967,28.2,80,10.8,38,1008.5,1
2023-09-21,Khanh_Hoa,12.2388,109.1967,27.4,85,11.5,69,1008.8,1
2023-09-22,Khanh_Hoa,12.2388,109.1967,27.5,83,10.4,87,1008.4,1
2023-09-23,Khanh_Hoa,12.2388,109.1967,27.8,79,13.6,81,1007.8,1
2023-09-24,Khanh_Hoa,12.2388,109.1967,26.7,88,9.6,100,1005.9,1
2023-09-25,Khanh_Hoa,12.2388,109.1967,27.3,84,9.1,99,1003.8,1
2023-09-26,Khanh_Hoa,12.2388,109.1967,28.1,82,9.6,96,1004.4,1
2023-09-27,Khanh_Hoa,12.2388,109.1967,28.1,81,11.8,94,1006.3,1
2023-09-28,Khanh_Hoa,12.2388,109.1967,28.3,80,11.4,97,1008.4,0
2023-09-29,Khanh_Hoa,12.2388,109.1967,27.9,83,14.3,99,1009.3,1
2023-09-30,Khanh_Hoa,12.2388,109.1967,27.3,85,13.4,54,1008.8,1
2023-10-01,Khanh_Hoa,12.2388,109.1967,26.8,87,14.1,92,1007.8,1
2023-10-02,Khanh_Hoa,12.2388,109.1967,25.9,91,10.8,86,1008.6,1
2023-10-03,Khanh_Hoa,12.2388,109.1967,27.2,86,11.6,66,1008.6,1
2023-10-04,Khanh_Hoa,12.2388,109.1967,28.0,83,9.8,39,1008.5,1
2023-10-05,Khanh_Hoa,12.2388,109.1967,28.3,84,8.4,68,1007.9,1
2023-10-06,Khanh_Hoa,12.2388,109.1967,27.8,86,9.9,92,1008.1,1
2023-10-07,Khanh_Hoa,12.2388,109.1967,28.0,84,8.0,93,1008.7,1
2023-10-08,Khanh_Hoa,12.2388,109.1967,27.9,84,8.1,97,1009.8,1
2023-10-09,Khanh_Hoa,12.2388,109.1967,27.0,85,11.6,92,1010.4,1
2023-10-10,Khanh_Hoa,12.2388,109.1967,26.3,88,13.7,79,1010.6,1
2023-10-11,Khanh_Hoa,12.2388,109.1967,26.5,87,16.5,47,1010.9,1
2023-10-12,Khanh_Hoa,12.2388,109.1967,26.7,88,15.9,90,1011.1,1
2023-10-13,Khanh_Hoa,12.2388,109.1967,26.6,87,12.2,84,1010.3,1
2023-10-14,Khanh_Hoa,12.2388,109.1967,26.4,88,9.7,82,1008.8,1
2023-10-15,Khanh_Hoa,12.2388,109.1967,26.2,91,9.1,98,1007.7,1
2023-10-16,Khanh_Hoa,12.2388,109.1967,26.9,87,13.7,89,1008.1,1
2023-10-17,Khanh_Hoa,12.2388,109.1967,27.4,86,8.4,81,1008.0,1
2023-10-18,Khanh_Hoa,12.2388,109.1967,27.6,85,11.1,84,1009.1,1
2023-10-19,Khanh_Hoa,12.2388,109.1967,27.7,85,10.6,86,1010.1,1
2023-10-20,Khanh_Hoa,12.2388,109.1967,27.4,84,11.9,63,1011.0,1
2023-10-21,Khanh_Hoa,12.2388,109.1967,26.1,87,19.2,88,1012.5,1
2023-10-22,Khanh_Hoa,12.2388,109.1967,26.8,85,19.4,92,1012.2,1
2023-10-23,Khanh_Hoa,12.2388,109.1967,26.3,90,14.0,95,1011.3,1
2023-10-24,Khanh_Hoa,12.2388,109.1967,26.4,88,11.0,81,1010.7,1
2023-10-25,Khanh_Hoa,12.2388,109.1967,26.2,88,9.6,72,1011.1,1
2023-10-26,Khanh_Hoa,12.2388,109.1967,26.8,84,12.9,40,1011.1,0
2023-10-27,Khanh_Hoa,12.2388,109.1967,27.0,83,12.0,73,1010.7,1
2023-10-28,Khanh_Hoa,12.2388,109.1967,26.9,85,15.4,79,1010.4,1
2023-10-29,Khanh_Hoa,12.2388,109.1967,26.6,87,15.8,83,1010.4,1
2023-10-30,Khanh_Hoa,12.2388,109.1967,25.9,88,16.4,94,1011.0,1
2023-10-31,Khanh_Hoa,12.2388,109.1967,25.9,86,19.7,87,1011.6,1
2023-11-01,Khanh_Hoa,12.2388,109.1967,26.5,85,18.6,76,1011.3,1
2023-11-02,Khanh_Hoa,12.2388,109.1967,26.9,85,19.1,68,1010.3,1
2023-11-03,Khanh_Hoa,12.2388,109.1967,26.2,90,7.6,85,1009.2,1
2023-11-04,Khanh_Hoa,12.2388,109.1967,26.7,86,13.0,68,1009.6,1
2023-11-05,Khanh_Hoa,12.2388,109.1967,27.0,84,14.8,40,1010.5,1
2023-11-06,Khanh_Hoa,12.2388,109.1967,26.3,86,16.4,98,1011.1,1
2023-11-07,Khanh_Hoa,12.2388,109.1967,26.1,88,11.5,97,1010.6,1
2023-11-08,Khanh_Hoa,12.2388,109.1967,25.9,89,15.4,89,1010.7,1
2023-11-09,Khanh_Hoa,12.2388,109.1967,26.3,89,16.8,72,1010.8,1
2023-11-10,Khanh_Hoa,12.2388,109.1967,25.9,89,13.0,72,1012.4,1
2023-11-11,Khanh_Hoa,12.2388,109.1967,25.8,90,17.1,60,1012.6,1
2023-11-12,Khanh_Hoa,12.2388,109.1967,25.8,89,16.3,65,1012.7,1
2023-11-13,Khanh_Hoa,12.2388,109.1967,25.5,91,15.6,94,1012.9,1
2023-11-14,Khanh_Hoa,12.2388,109.1967,25.0,91,13.3,97,1013.2,1
2023-11-15,Khanh_Hoa,12.2388,109.1967,24.8,92,12.5,94,1013.4,1
2023-11-16,Khanh_Hoa,12.2388,109.1967,24.6,94,20.9,95,1014.7,1
2023-11-17,Khanh_Hoa,12.2388,109.1967,24.9,84,32.8,81,1015.2,1
2023-11-18,Khanh_Hoa,12.2388,109.1967,24.9,72,28.0,83,1014.3,0
2023-11-19,Khanh_Hoa,12.2388,109.1967,24.9,73,23.4,93,1013.7,0
2023-11-20,Khanh_Hoa,12.2388,109.1967,25.3,74,23.8,74,1012.8,0
2023-11-21,Khanh_Hoa,12.2388,109.1967,25.4,76,22.9,76,1011.8,1
2023-11-22,Khanh_Hoa,12.2388,109.1967,25.5,78,20.0,90,1010.6,1
2023-11-23,Khanh_Hoa,12.2388,109.1967,25.8,78,25.3,86,1010.8,1
2023-11-24,Khanh_Hoa,12.2388,109.1967,25.0,78,17.7,99,1011.9,1
2023-11-25,Khanh_Hoa,12.2388,109.1967,24.9,86,18.8,100,1011.8,1
2023-11-26,Khanh_Hoa,12.2388,109.1967,25.5,86,27.0,92,1012.2,1
2023-11-27,Khanh_Hoa,12.2388,109.1967,25.3,77,30.2,100,1012.3,1
2023-11-28,Khanh_Hoa,12.2388,109.1967,24.8,77,15.0,96,1011.7,1
2023-11-29,Khanh_Hoa,12.2388,109.1967,25.8,85,22.5,54,1011.5,1
2023-11-30,Khanh_Hoa,12.2388,109.1967,25.3,89,18.6,97,1012.6,1
2023-12-01,Khanh_Hoa,12.2388,109.1967,25.8,86,23.3,85,1011.5,1
2023-12-02,Khanh_Hoa,12.2388,109.1967,25.0,91,20.8,97,1012.2,1
2023-12-03,Khanh_Hoa,12.2388,109.1967,24.6,93,17.1,94,1012.6,1
2023-12-04,Khanh_Hoa,12.2388,109.1967,25.8,86,13.8,61,1011.7,1
2023-12-05,Khanh_Hoa,12.2388,109.1967,25.5,85,17.8,59,1011.4,1
2023-12-06,Khanh_Hoa,12.2388,109.1967,25.5,84,19.8,82,1012.5,1
2023-12-07,Khanh_Hoa,12.2388,109.1967,25.5,80,22.3,74,1012.8,1
2023-12-08,Khanh_Hoa,12.2388,109.1967,25.2,82,22.3,91,1012.3,1
2023-12-09,Khanh_Hoa,12.2388,109.1967,24.9,84,14.6,47,1011.5,0
2023-12-10,Khanh_Hoa,12.2388,109.1967,25.2,85,14.5,36,1010.5,0
2023-12-11,Khanh_Hoa,12.2388,109.1967,25.6,83,15.3,54,1011.3,0
2023-12-12,Khanh_Hoa,12.2388,109.1967,25.7,80,18.9,58,1011.5,1
2023-12-13,Khanh_Hoa,12.2388,109.1967,25.9,80,20.9,50,1012.7,1
2023-12-14,Khanh_Hoa,12.2388,109.1967,25.9,82,19.2,48,1013.1,1
2023-12-15,Khanh_Hoa,12.2388,109.1967,25.8,83,17.7,47,1012.3,1
2023-12-16,Khanh_Hoa,12.2388,109.1967,25.7,80,19.8,23,1012.4,1
2023-12-17,Khanh_Hoa,12.2388,109.1967,25.5,84,22.9,43,1013.5,1
2023-12-18,Khanh_Hoa,12.2388,109.1967,25.5,84,22.9,68,1013.2,1
2023-12-19,Khanh_Hoa,12.2388,109.1967,25.9,77,24.7,80,1012.8,1
2023-12-20,Khanh_Hoa,12.2388,109.1967,25.1,80,31.5,92,1012.7,1
2023-12-21,Khanh_Hoa,12.2388,109.1967,24.6,79,27.1,100,1013.8,1
2023-12-22,Khanh_Hoa,12.2388,109.1967,23.8,78,28.8,100,1015.7,1
2023-12-23,Khanh_Hoa,12.2388,109.1967,22.3,86,20.7,100,1016.2,1
2023-12-24,Khanh_Hoa,12.2388,109.1967,23.3,87,27.2,95,1017.2,1
2023-12-25,Khanh_Hoa,12.2388,109.1967,23.3,76,27.5,93,1017.1,1
2023-12-26,Khanh_Hoa,12.2388,109.1967,23.9,75,28.6,83,1016.7,1
2023-12-27,Khanh_Hoa,12.2388,109.1967,24.7,82,20.3,84,1016.1,1
2023-12-28,Khanh_Hoa,12.2388,109.1967,25.1,86,19.9,76,1014.7,1
2023-12-29,Khanh_Hoa,12.2388,109.1967,25.3,84,18.9,49,1013.4,1
2023-12-30,Khanh_Hoa,12.2388,109.1967,25.3,83,19.5,40,1012.4,1
2023-12-31,Khanh_Hoa,12.2388,109.1967,24.9,82,19.6,73,1012.9,1
2024-01-01,Khanh_Hoa,12.2388,109.1967,25.0,83,19.1,99,1012.6,1
2024-01-02,Khanh_Hoa,12.2388,109.1967,25.0,83,20.2,57,1012.4,1
2024-01-03,Khanh_Hoa,12.2388,109.1967,24.7,79,24.8,58,1013.5,1
2024-01-04,Khanh_Hoa,12.2388,109.1967,24.2,73,25.6,29,1014.2,1
2024-01-05,Khanh_Hoa,12.2388,109.1967,24.1,73,20.1,79,1014.3,0
2024-01-06,Khanh_Hoa,12.2388,109.1967,24.5,78,23.1,92,1014.1,0
2024-01-07,Khanh_Hoa,12.2388,109.1967,24.7,75,23.5,66,1014.6,1
2024-01-08,Khanh_Hoa,12.2388,109.1967,24.6,77,20.2,77,1013.8,1
2024-01-09,Khanh_Hoa,12.2388,109.1967,24.5,79,19.7,44,1012.8,0
2024-01-10,Khanh_Hoa,12.2388,109.1967,24.6,79,19.9,65,1012.6,1
2024-01-11,Khanh_Hoa,12.2388,109.1967,24.7,76,24.3,36,1013.4,1
2024-01-12,Khanh_Hoa,12.2388,109.1967,24.0,73,23.2,72,1013.1,1
2024-01-13,Khanh_Hoa,12.2388,109.1967,24.1,71,24.3,91,1013.4,1
2024-01-14,Khanh_Hoa,12.2388,109.1967,24.0,70,24.8,98,1014.1,0
2024-01-15,Khanh_Hoa,12.2388,109.1967,24.3,71,26.8,98,1013.9,0
2024-01-16,Khanh_Hoa,12.2388,109.1967,24.7,72,27.7,81,1013.8,0
2024-01-17,Khanh_Hoa,12.2388,109.1967,24.2,76,22.3,72,1013.4,1
2024-01-18,Khanh_Hoa,12.2388,109.1967,24.5,79,23.9,88,1013.0,0
2024-01-19,Khanh_Hoa,12.2388,109.1967,24.3,80,19.6,83,1012.3,1
2024-01-20,Khanh_Hoa,12.2388,109.1967,24.1,78,22.5,84,1012.9,1
2024-01-21,Khanh_Hoa,12.2388,109.1967,24.2,75,22.7,94,1014.5,0
2024-01-22,Khanh_Hoa,12.2388,109.1967,24.5,75,21.7,49,1014.7,0
2024-01-23,Khanh_Hoa,12.2388,109.1967,24.6,75,27.1,37,1016.3,1
2024-01-24,Khanh_Hoa,12.2388,109.1967,24.0,77,28.7,88,1017.9,1
2024-01-25,Khanh_Hoa,12.2388,109.1967,24.0,74,28.7,69,1019.1,1
2024-01-26,Khanh_Hoa,12.2388,109.1967,23.8,76,29.0,62,1019.3,1
2024-01-27,Khanh_Hoa,12.2388,109.1967,23.6,78,26.6,74,1018.2,1
2024-01-28,Khanh_Hoa,12.2388,109.1967,23.7,74,25.6,87,1017.9,1
2024-01-29,Khanh_Hoa,12.2388,109.1967,23.7,80,22.3,78,1016.9,1
2024-01-30,Khanh_Hoa,12.2388,109.1967,23.6,80,18.9,65,1016.3,0
2024-01-31,Khanh_Hoa,12.2388,109.1967,24.0,83,16.1,80,1015.6,1
2024-02-01,Khanh_Hoa,12.2388,109.1967,24.4,82,13.5,91,1015.2,0
2024-02-02,Khanh_Hoa,12.2388,109.1967,24.3,84,14.6,70,1014.3,0
2024-02-03,Khanh_Hoa,12.2388,109.1967,24.5,82,13.8,32,1014.3,0
2024-02-04,Khanh_Hoa,12.2388,109.1967,24.6,83,10.3,36,1014.1,0
2024-02-05,Khanh_Hoa,12.2388,109.1967,25.0,84,13.1,40,1014.4,0
2024-02-06,Khanh_Hoa,12.2388,109.1967,25.3,83,15.6,55,1014.6,0
2024-02-07,Khanh_Hoa,12.2388,109.1967,25.3,82,10.2,67,1013.2,1
2024-02-08,Khanh_Hoa,12.2388,109.1967,25.0,84,11.4,47,1012.5,0
2024-02-09,Khanh_Hoa,12.2388,109.1967,25.6,79,21.6,51,1015.2,1
2024-02-10,Khanh_Hoa,12.2388,109.1967,25.0,76,28.7,69,1017.7,1
2024-02-11,Khanh_Hoa,12.2388,109.1967,24.2,75,29.3,48,1019.0,1
2024-02-12,Khanh_Hoa,12.2388,109.1967,24.2,71,26.3,59,1018.1,1
2024-02-13,Khanh_Hoa,12.2388,109.1967,24.6,73,22.9,66,1016.9,1
2024-02-14,Khanh_Hoa,12.2388,109.1967,25.1,79,23.2,64,1015.3,1
2024-02-15,Khanh_Hoa,12.2388,109.1967,24.9,81,19.6,57,1015.2,0
2024-02-16,Khanh_Hoa,12.2388,109.1967,24.8,79,24.0,33,1015.5,1
2024-02-17,Khanh_Hoa,12.2388,109.1967,24.3,80,19.0,68,1013.6,1
2024-02-18,Khanh_Hoa,12.2388,109.1967,24.8,78,14.1,42,1013.0,0
2024-02-19,Khanh_Hoa,12.2388,109.1967,26.1,79,13.0,11,1012.8,0
2024-02-20,Khanh_Hoa,12.2388,109.1967,25.4,81,13.0,75,1012.3,0
2024-02-21,Khanh_Hoa,12.2388,109.1967,25.8,82,13.8,59,1012.0,1
2024-02-22,Khanh_Hoa,12.2388,109.1967,26.0,79,10.9,15,1012.9,0
2024-02-23,Khanh_Hoa,12.2388,109.1967,26.0,81,14.2,45,1013.6,1
2024-02-24,Khanh_Hoa,12.2388,109.1967,25.9,80,22.4,33,1014.1,1
2024-02-25,Khanh_Hoa,12.2388,109.1967,25.5,73,23.2,38,1013.9,1
2024-02-26,Khanh_Hoa,12.2388,109.1967,25.8,73,23.3,73,1013.8,1
2024-02-27,Khanh_Hoa,12.2388,109.1967,25.2,85,23.3,67,1013.4,1
2024-02-28,Khanh_Hoa,12.2388,109.1967,24.9,84,19.9,78,1012.8,1
2024-02-29,Khanh_Hoa,12.2388,109.1967,25.4,80,16.3,63,1012.8,1
2024-03-01,Khanh_Hoa,12.2388,109.1967,25.2,80,23.8,30,1013.5,1
2024-03-02,Khanh_Hoa,12.2388,109.1967,25.2,77,25.1,49,1013.8,1
2024-03-03,Khanh_Hoa,12.2388,109.1967,25.1,80,21.0,37,1013.1,1
2024-03-04,Khanh_Hoa,12.2388,109.1967,25.5,81,11.4,52,1011.0,0
2024-03-05,Khanh_Hoa,12.2388,109.1967,25.9,82,18.7,21,1009.3,0
2024-03-06,Khanh_Hoa,12.2388,109.1967,26.5,83,16.9,18,1008.1,0
2024-03-07,Khanh_Hoa,12.2388,109.1967,25.8,87,12.8,87,1009.7,1
2024-03-08,Khanh_Hoa,12.2388,109.1967,25.9,78,20.9,40,1012.0,1
2024-03-09,Khanh_Hoa,12.2388,109.1967,25.9,75,18.9,57,1012.3,0
2024-03-10,Khanh_Hoa,12.2388,109.1967,25.9,80,16.2,91,1014.0,1
2024-03-11,Khanh_Hoa,12.2388,109.1967,25.6,82,18.9,59,1014.3,1
2024-03-12,Khanh_Hoa,12.2388,109.1967,25.9,78,24.0,72,1013.7,1
2024-03-13,Khanh_Hoa,12.2388,109.1967,25.4,81,15.0,97,1013.2,1
2024-03-14,Khanh_Hoa,12.2388,109.1967,25.6,82,13.5,72,1012.6,0
2024-03-15,Khanh_Hoa,12.2388,109.1967,25.6,82,14.2,92,1012.8,0
2024-03-16,Khanh_Hoa,12.2388,109.1967,26.3,79,12.9,66,1013.5,0
2024-03-17,Khanh_Hoa,12.2388,109.1967,26.1,78,13.2,20,1012.8,0
2024-03-18,Khanh_Hoa,12.2388,109.1967,26.3,79,14.7,80,1011.9,0
2024-03-19,Khanh_Hoa,12.2388,109.1967,26.3,77,18.7,46,1013.1,1
2024-03-20,Khanh_Hoa,12.2388,109.1967,25.7,78,26.0,50,1014.5,1
2024-03-21,Khanh_Hoa,12.2388,109.1967,25.3,81,25.0,37,1012.7,1
2024-03-22,Khanh_Hoa,12.2388,109.1967,25.6,79,13.5,28,1010.2,1
2024-03-23,Khanh_Hoa,12.2388,109.1967,26.1,80,12.9,23,1010.4,1
2024-03-24,Khanh_Hoa,12.2388,109.1967,26.9,80,12.6,24,1011.6,1
2024-03-25,Khanh_Hoa,12.2388,109.1967,26.7,82,14.6,70,1011.8,0
2024-03-26,Khanh_Hoa,12.2388,109.1967,26.9,78,15.3,28,1013.4,1
2024-03-27,Khanh_Hoa,12.2388,109.1967,27.3,78,18.6,34,1013.9,1
2024-03-28,Khanh_Hoa,12.2388,109.1967,27.0,80,13.7,79,1011.6,0
2024-03-29,Khanh_Hoa,12.2388,109.1967,27.5,80,12.2,98,1011.3,0
2024-03-30,Khanh_Hoa,12.2388,109.1967,28.0,80,13.0,48,1012.5,0
2024-03-31,Khanh_Hoa,12.2388,109.1967,28.1,79,14.7,83,1011.5,0
2024-04-01,Khanh_Hoa,12.2388,109.1967,28.4,77,17.8,41,1009.1,0
2024-04-02,Khanh_Hoa,12.2388,109.1967,28.6,75,19.9,27,1008.1,0
2024-04-03,Khanh_Hoa,12.2388,109.1967,28.7,75,22.7,65,1008.7,0
2024-04-04,Khanh_Hoa,12.2388,109.1967,28.8,76,17.9,39,1008.5,0
2024-04-05,Khanh_Hoa,12.2388,109.1967,28.7,73,16.3,84,1008.7,1
2024-04-06,Khanh_Hoa,12.2388,109.1967,27.9,71,13.0,13,1009.2,0
2024-04-07,Khanh_Hoa,12.2388,109.1967,27.9,75,14.2,81,1008.5,0
2024-04-08,Khanh_Hoa,12.2388,109.1967,28.2,75,13.1,46,1009.3,0
2024-04-09,Khanh_Hoa,12.2388,109.1967,27.8,77,18.7,50,1010.8,1
2024-04-10,Khanh_Hoa,12.2388,109.1967,27.6,78,21.1,82,1012.0,1
2024-04-11,Khanh_Hoa,12.2388,109.1967,27.7,74,21.3,62,1011.5,1
2024-04-12,Khanh_Hoa,12.2388,109.1967,27.8,78,17.7,75,1010.6,1
2024-04-13,Khanh_Hoa,12.2388,109.1967,27.8,81,11.3,70,1009.9,1
2024-04-14,Khanh_Hoa,12.2388,109.1967,27.9,75,13.4,59,1010.3,0
2024-04-15,Khanh_Hoa,12.2388,109.1967,28.4,75,14.5,37,1010.9,0
2024-04-16,Khanh_Hoa,12.2388,109.1967,28.2,77,13.0,27,1009.8,0
2024-04-17,Khanh_Hoa,12.2388,109.1967,28.7,74,14.7,57,1008.7,0
2024-04-18,Khanh_Hoa,12.2388,109.1967,28.7,76,17.6,40,1007.4,0
2024-04-19,Khanh_Hoa,12.2388,109.1967,29.1,75,20.5,29,1006.3,0
2024-04-20,Khanh_Hoa,12.2388,109.1967,29.2,75,21.4,36,1006.3,1
2024-04-21,Khanh_Hoa,12.2388,109.1967,29.9,68,21.2,70,1007.0,0
2024-04-22,Khanh_Hoa,12.2388,109.1967,29.5,70,22.1,59,1006.8,0
2024-04-23,Khanh_Hoa,12.2388,109.1967,29.9,71,20.4,61,1006.6,0
2024-04-24,Khanh_Hoa,12.2388,109.1967,30.0,74,18.1,63,1006.7,0
2024-04-25,Khanh_Hoa,12.2388,109.1967,29.7,76,18.6,69,1006.9,0
2024-04-26,Khanh_Hoa,12.2388,109.1967,30.2,74,25.2,51,1005.9,0
2024-04-27,Khanh_Hoa,12.2388,109.1967,30.3,74,18.6,36,1005.6,0
2024-04-28,Khanh_Hoa,12.2388,109.1967,30.4,72,20.4,22,1007.1,0
2024-04-29,Khanh_Hoa,12.2388,109.1967,29.9,74,19.1,76,1007.5,0
2024-04-30,Khanh_Hoa,12.2388,109.1967,30.1,73,20.9,72,1005.3,0
2024-05-01,Khanh_Hoa,12.2388,109.1967,30.5,72,20.6,84,1004.9,0
2024-05-02,Khanh_Hoa,12.2388,109.1967,30.6,72,18.4,55,1006.7,1
2024-05-03,Khanh_Hoa,12.2388,109.1967,29.8,76,15.9,40,1008.0,1
2024-05-04,Khanh_Hoa,12.2388,109.1967,30.0,73,16.2,66,1007.2,1
2024-05-05,Khanh_Hoa,12.2388,109.1967,30.2,70,14.5,75,1007.3,1
2024-05-06,Khanh_Hoa,12.2388,109.1967,29.9,71,12.2,55,1009.0,1
2024-05-07,Khanh_Hoa,12.2388,109.1967,29.1,75,11.5,53,1010.5,1
2024-05-08,Khanh_Hoa,12.2388,109.1967,28.3,79,17.5,66,1009.8,1
2024-05-09,Khanh_Hoa,12.2388,109.1967,29.2,75,16.6,67,1009.3,1
2024-05-10,Khanh_Hoa,12.2388,109.1967,29.6,73,14.7,52,1009.5,1
2024-05-11,Khanh_Hoa,12.2388,109.1967,29.8,75,12.8,90,1010.0,1
2024-05-12,Khanh_Hoa,12.2388,109.1967,29.9,77,11.2,36,1009.2,1
2024-05-13,Khanh_Hoa,12.2388,109.1967,30.1,74,13.2,35,1008.3,1
2024-05-14,Khanh_Hoa,12.2388,109.1967,29.3,78,14.0,74,1009.0,1
2024-05-15,Khanh_Hoa,12.2388,109.1967,29.3,78,14.2,90,1009.4,1
2024-05-16,Khanh_Hoa,12.2388,109.1967,28.3,83,11.0,100,1009.5,1
2024-05-17,Khanh_Hoa,12.2388,109.1967,28.7,82,13.0,98,1008.3,1
2024-05-18,Khanh_Hoa,12.2388,109.1967,29.4,77,14.8,99,1006.4,1
2024-05-19,Khanh_Hoa,12.2388,109.1967,29.7,79,12.9,89,1004.7,1
2024-05-20,Khanh_Hoa,12.2388,109.1967,29.6,82,10.6,99,1004.9,1
2024-05-21,Khanh_Hoa,12.2388,109.1967,29.7,81,10.5,98,1006.2,1
2024-05-22,Khanh_Hoa,12.2388,109.1967,29.8,75,10.8,93,1007.1,1
2024-05-23,Khanh_Hoa,12.2388,109.1967,29.9,75,14.3,100,1006.9,1
2024-05-24,Khanh_Hoa,12.2388,109.1967,29.9,74,14.8,77,1007.3,1
2024-05-25,Khanh_Hoa,12.2388,109.1967,30.4,71,14.0,95,1007.6,1
2024-05-26,Khanh_Hoa,12.2388,109.1967,30.7,70,15.6,86,1007.5,1
2024-05-27,Khanh_Hoa,12.2388,109.1967,31.7,69,16.3,68,1005.1,0
2024-05-28,Khanh_Hoa,12.2388,109.1967,32.1,68,13.1,99,1004.4,1
2024-05-29,Khanh_Hoa,12.2388,109.1967,31.8,67,15.1,98,1004.0,1
2024-05-30,Khanh_Hoa,12.2388,109.1967,29.0,86,8.3,100,1004.6,1
2024-05-31,Khanh_Hoa,12.2388,109.1967,30.1,78,14.6,100,1005.7,0
2024-06-01,Khanh_Hoa,12.2388,109.1967,29.8,77,13.1,100,1008.2,0
2024-06-02,Khanh_Hoa,12.2388,109.1967,30.0,76,12.8,89,1008.7,0
2024-06-03,Khanh_Hoa,12.2388,109.1967,30.5,75,16.3,81,1007.1,0
2024-06-04,Khanh_Hoa,12.2388,109.1967,31.1,71,13.0,70,1006.6,1
2024-06-05,Khanh_Hoa,12.2388,109.1967,30.5,77,10.5,83,1007.1,1
2024-06-06,Khanh_Hoa,12.2388,109.1967,30.1,75,14.1,99,1008.1,1
2024-06-07,Khanh_Hoa,12.2388,109.1967,30.1,74,14.6,88,1006.3,1
2024-06-08,Khanh_Hoa,12.2388,109.1967,29.4,78,15.0,96,1005.5,1
2024-06-09,Khanh_Hoa,12.2388,109.1967,29.5,77,11.8,100,1005.4,1
2024-06-10,Khanh_Hoa,12.2388,109.1967,29.7,76,11.5,99,1007.0,1
2024-06-11,Khanh_Hoa,12.2388,109.1967,30.5,68,15.3,67,1007.8,0
2024-06-12,Khanh_Hoa,12.2388,109.1967,30.9,69,14.9,40,1008.0,0
2024-06-13,Khanh_Hoa,12.2388,109.1967,31.3,66,15.6,61,1006.3,0
2024-06-14,Khanh_Hoa,12.2388,109.1967,31.3,68,16.9,57,1004.8,0
2024-06-15,Khanh_Hoa,12.2388,109.1967,30.7,70,19.0,52,1004.7,0
2024-06-16,Khanh_Hoa,12.2388,109.1967,30.2,70,17.3,60,1005.6,0
2024-06-17,Khanh_Hoa,12.2388,109.1967,30.6,71,15.5,79,1005.9,0
2024-06-18,Khanh_Hoa,12.2388,109.1967,30.8,72,14.1,47,1004.9,1
2024-06-19,Khanh_Hoa,12.2388,109.1967,30.1,78,13.7,99,1004.1,1
2024-06-20,Khanh_Hoa,12.2388,109.1967,27.5,93,9.9,100,1004.2,1
2024-06-21,Khanh_Hoa,12.2388,109.1967,27.3,90,10.5,100,1003.6,1
2024-06-22,Khanh_Hoa,12.2388,109.1967,28.0,83,11.0,99,1003.2,1
2024-06-23,Khanh_Hoa,12.2388,109.1967,27.7,85,10.5,100,1004.7,1
2024-06-24,Khanh_Hoa,12.2388,109.1967,28.5,81,8.9,100,1005.4,1
2024-06-25,Khanh_Hoa,12.2388,109.1967,28.5,82,13.6,91,1005.8,1
2024-06-26,Khanh_Hoa,12.2388,109.1967,27.6,85,9.7,95,1007.1,1
2024-06-27,Khanh_Hoa,12.2388,109.1967,28.0,82,10.8,93,1008.6,1
2024-06-28,Khanh_Hoa,12.2388,109.1967,28.6,77,19.8,77,1008.4,0
2024-06-29,Khanh_Hoa,12.2388,109.1967,29.1,75,24.2,71,1008.2,0
2024-06-30,Khanh_Hoa,12.2388,109.1967,29.5,74,11.8,77,1008.1,1
2024-07-01,Khanh_Hoa,12.2388,109.1967,29.8,73,13.5,29,1006.5,0
2024-07-02,Khanh_Hoa,12.2388,109.1967,28.9,76,17.0,67,1005.8,1
2024-07-03,Khanh_Hoa,12.2388,109.1967,27.2,83,15.6,99,1008.0,1
2024-07-04,Khanh_Hoa,12.2388,109.1967,27.3,84,11.9,85,1008.9,1
2024-07-05,Khanh_Hoa,12.2388,109.1967,28.2,79,8.2,55,1006.8,1
2024-07-06,Khanh_Hoa,12.2388,109.1967,28.3,79,9.0,86,1006.1,1
2024-07-07,Khanh_Hoa,12.2388,109.1967,27.6,84,14.1,86,1006.9,1
2024-07-08,Khanh_Hoa,12.2388,109.1967,28.3,80,10.1,81,1006.3,1
2024-07-09,Khanh_Hoa,12.2388,109.1967,28.3,81,8.8,96,1007.2,1
2024-07-10,Khanh_Hoa,12.2388,109.1967,29.1,77,15.8,71,1007.6,1
2024-07-11,Khanh_Hoa,12.2388,109.1967,29.0,74,12.0,98,1006.1,1
2024-07-12,Khanh_Hoa,12.2388,109.1967,29.2,75,11.8,100,1003.6,1
2024-07-13,Khanh_Hoa,12.2388,109.1967,29.4,71,13.4,100,1002.1,1
2024-07-14,Khanh_Hoa,12.2388,109.1967,28.5,79,11.6,100,1002.4,1
2024-07-15,Khanh_Hoa,12.2388,109.1967,28.8,78,12.0,99,1002.8,1
2024-07-16,Khanh_Hoa,12.2388,109.1967,28.3,77,14.6,100,1003.5,1
2024-07-17,Khanh_Hoa,12.2388,109.1967,28.1,82,10.6,97,1004.0,1
2024-07-18,Khanh_Hoa,12.2388,109.1967,28.1,86,7.9,90,1005.1,1
2024-07-19,Khanh_Hoa,12.2388,109.1967,28.1,84,12.4,96,1004.5,1
2024-07-20,Khanh_Hoa,12.2388,109.1967,26.1,95,8.1,100,1005.4,1
2024-07-21,Khanh_Hoa,12.2388,109.1967,28.2,84,11.5,100,1004.5,1
2024-07-22,Khanh_Hoa,12.2388,109.1967,29.2,80,8.9,79,1004.6,1
2024-07-23,Khanh_Hoa,12.2388,109.1967,28.7,82,9.4,97,1004.1,1
2024-07-24,Khanh_Hoa,12.2388,109.1967,29.7,77,9.4,94,1002.1,1
2024-07-25,Khanh_Hoa,12.2388,109.1967,29.3,77,11.2,91,1000.8,1
2024-07-26,Khanh_Hoa,12.2388,109.1967,28.4,78,14.2,100,1002.5,1
2024-07-27,Khanh_Hoa,12.2388,109.1967,29.5,75,11.5,99,1004.4,1
2024-07-28,Khanh_Hoa,12.2388,109.1967,28.3,86,11.2,100,1005.0,1
2024-07-29,Khanh_Hoa,12.2388,109.1967,28.8,81,12.6,100,1004.9,1
2024-07-30,Khanh_Hoa,12.2388,109.1967,28.8,78,11.9,92,1006.7,1
2024-07-31,Khanh_Hoa,12.2388,109.1967,28.9,79,12.7,98,1008.0,1
2024-08-01,Khanh_Hoa,12.2388,109.1967,28.7,84,12.8,66,1008.4,1
2024-08-02,Khanh_Hoa,12.2388,109.1967,28.9,79,13.2,54,1007.8,1
2024-08-03,Khanh_Hoa,12.2388,109.1967,28.8,80,11.4,32,1007.8,0
2024-08-04,Khanh_Hoa,12.2388,109.1967,28.3,79,12.7,61,1008.0,1
2024-08-05,Khanh_Hoa,12.2388,109.1967,28.4,79,12.1,41,1007.1,0
2024-08-06,Khanh_Hoa,12.2388,109.1967,28.9,76,13.8,41,1006.3,1
2024-08-07,Khanh_Hoa,12.2388,109.1967,29.6,73,14.2,60,1006.9,1
2024-08-08,Khanh_Hoa,12.2388,109.1967,29.6,74,14.1,52,1007.5,1
2024-08-09,Khanh_Hoa,12.2388,109.1967,30.4,73,13.6,39,1006.5,1
2024-08-10,Khanh_Hoa,12.2388,109.1967,30.3,73,13.7,38,1005.2,1
2024-08-11,Khanh_Hoa,12.2388,109.1967,30.1,73,14.5,68,1003.6,1
2024-08-12,Khanh_Hoa,12.2388,109.1967,30.0,76,14.5,75,1004.0,1
2024-08-13,Khanh_Hoa,12.2388,109.1967,30.3,73,16.3,43,1005.6,0
2024-08-14,Khanh_Hoa,12.2388,109.1967,30.5,73,13.7,34,1006.1,0
2024-08-15,Khanh_Hoa,12.2388,109.1967,30.6,72,13.7,14,1005.4,0
2024-08-16,Khanh_Hoa,12.2388,109.1967,30.4,72,17.1,79,1005.5,0
2024-08-17,Khanh_Hoa,12.2388,109.1967,29.9,74,18.5,82,1007.3,1
2024-08-18,Khanh_Hoa,12.2388,109.1967,30.0,74,17.8,80,1007.5,1
2024-08-19,Khanh_Hoa,12.2388,109.1967,30.2,72,17.1,92,1006.8,0
2024-08-20,Khanh_Hoa,12.2388,109.1967,30.1,70,19.6,92,1007.7,0
2024-08-21,Khanh_Hoa,12.2388,109.1967,30.0,70,18.7,88,1008.8,0
2024-08-22,Khanh_Hoa,12.2388,109.1967,29.7,70,16.1,99,1009.0,0
2024-08-23,Khanh_Hoa,12.2388,109.1967,29.6,69,16.1,97,1009.4,0
2024-08-24,Khanh_Hoa,12.2388,109.1967,29.2,71,15.1,85,1008.7,0
2024-08-25,Khanh_Hoa,12.2388,109.1967,29.2,70,15.8,50,1007.2,1
2024-08-26,Khanh_Hoa,12.2388,109.1967,29.2,69,15.8,93,1006.5,0
2024-08-27,Khanh_Hoa,12.2388,109.1967,29.2,72,15.2,83,1006.5,1
2024-08-28,Khanh_Hoa,12.2388,109.1967,29.7,71,16.8,71,1006.0,1
2024-08-29,Khanh_Hoa,12.2388,109.1967,29.5,75,19.8,72,1005.8,1
2024-08-30,Khanh_Hoa,12.2388,109.1967,29.6,69,16.5,94,1005.7,1
2024-08-31,Khanh_Hoa,12.2388,109.1967,28.8,73,18.0,97,1005.9,1
2024-09-01,Khanh_Hoa,12.2388,109.1967,27.7,79,11.9,90,1005.8,1
2024-09-02,Khanh_Hoa,12.2388,109.1967,27.2,83,11.5,90,1006.2,1
2024-09-03,Khanh_Hoa,12.2388,109.1967,28.3,81,8.6,86,1006.3,1
2024-09-04,Khanh_Hoa,12.2388,109.1967,28.8,80,14.5,98,1004.0,1
2024-09-05,Khanh_Hoa,12.2388,109.1967,29.8,72,14.7,98,1001.5,0
2024-09-06,Khanh_Hoa,12.2388,109.1967,30.1,71,8.0,100,1001.1,0
2024-09-07,Khanh_Hoa,12.2388,109.1967,30.7,70,15.5,98,1003.7,1
2024-09-08,Khanh_Hoa,12.2388,109.1967,30.9,70,16.1,86,1006.0,0
2024-09-09,Khanh_Hoa,12.2388,109.1967,30.3,70,13.9,92,1005.1,0
2024-09-10,Khanh_Hoa,12.2388,109.1967,29.5,73,14.8,100,1005.1,1
2024-09-11,Khanh_Hoa,12.2388,109.1967,28.2,80,15.5,98,1007.0,1
2024-09-12,Khanh_Hoa,12.2388,109.1967,29.3,76,15.6,76,1006.3,1
2024-09-13,Khanh_Hoa,12.2388,109.1967,29.2,77,16.0,85,1004.6,1
2024-09-14,Khanh_Hoa,12.2388,109.1967,28.1,82,11.9,100,1003.0,1
2024-09-15,Khanh_Hoa,12.2388,109.1967,27.9,86,12.4,96,1002.4,1
2024-09-16,Khanh_Hoa,12.2388,109.1967,27.5,84,12.7,96,1002.3,1
2024-09-17,Khanh_Hoa,12.2388,109.1967,26.5,91,7.1,100,1001.4,1
2024-09-18,Khanh_Hoa,12.2388,109.1967,27.6,86,9.9,100,998.8,1
2024-09-19,Khanh_Hoa,12.2388,109.1967,28.5,83,11.4,70,998.9,1
2024-09-20,Khanh_Hoa,12.2388,109.1967,28.7,80,14.5,81,1001.5,1
2024-09-21,Khanh_Hoa,12.2388,109.1967,27.6,88,8.9,98,1004.0,1
2024-09-22,Khanh_Hoa,12.2388,109.1967,27.5,90,6.3,100,1005.6,1
2024-09-23,Khanh_Hoa,12.2388,109.1967,28.0,84,12.3,100,1008.3,1
2024-09-24,Khanh_Hoa,12.2388,109.1967,27.9,82,10.5,86,1009.1,1
2024-09-25,Khanh_Hoa,12.2388,109.1967,28.0,80,12.7,54,1010.1,1
2024-09-26,Khanh_Hoa,12.2388,109.1967,27.3,81,15.3,95,1010.2,1
2024-09-27,Khanh_Hoa,12.2388,109.1967,27.1,83,11.7,65,1010.0,1
2024-09-28,Khanh_Hoa,12.2388,109.1967,28.2,80,13.8,62,1008.6,0
2024-09-29,Khanh_Hoa,12.2388,109.1967,28.1,85,10.3,92,1007.8,1
2024-09-30,Khanh_Hoa,12.2388,109.1967,29.0,77,6.9,81,1006.6,0
2024-10-01,Khanh_Hoa,12.2388,109.1967,29.3,75,11.0,65,1006.6,0
2024-10-02,Khanh_Hoa,12.2388,109.1967,28.3,80,16.5,84,1008.9,1
2024-10-03,Khanh_Hoa,12.2388,109.1967,26.9,88,17.9,96,1010.3,1
2024-10-04,Khanh_Hoa,12.2388,109.1967,27.2,81,24.4,64,1010.1,1
2024-10-05,Khanh_Hoa,12.2388,109.1967,27.3,77,19.5,80,1009.2,1
2024-10-06,Khanh_Hoa,12.2388,109.1967,26.2,87,12.0,99,1010.1,1
2024-10-07,Khanh_Hoa,12.2388,109.1967,27.0,83,13.4,96,1010.3,1
2024-10-08,Khanh_Hoa,12.2388,109.1967,25.7,90,13.5,81,1010.1,1
2024-10-09,Khanh_Hoa,12.2388,109.1967,26.7,84,21.3,68,1009.2,1
2024-10-10,Khanh_Hoa,12.2388,109.1967,27.6,79,22.6,41,1008.8,1
2024-10-11,Khanh_Hoa,12.2388,109.1967,27.0,84,17.7,82,1008.8,1
2024-10-12,Khanh_Hoa,12.2388,109.1967,26.2,89,14.7,89,1010.0,1
2024-10-13,Khanh_Hoa,12.2388,109.1967,27.4,84,19.3,79,1009.2,1
2024-10-14,Khanh_Hoa,12.2388,109.1967,27.4,82,22.5,95,1008.1,1
2024-10-15,Khanh_Hoa,12.2388,109.1967,26.2,88,14.1,100,1009.3,1
2024-10-16,Khanh_Hoa,12.2388,109.1967,25.5,90,17.3,97,1010.0,1
2024-10-17,Khanh_Hoa,12.2388,109.1967,25.7,92,10.0,99,1009.9,1
2024-10-18,Khanh_Hoa,12.2388,109.1967,26.5,86,11.3,90,1009.6,1
2024-10-19,Khanh_Hoa,12.2388,109.1967,26.2,87,11.8,90,1010.5,1
2024-10-20,Khanh_Hoa,12.2388,109.1967,26.3,87,14.1,67,1010.5,1
2024-10-21,Khanh_Hoa,12.2388,109.1967,26.3,89,14.1,87,1009.1,1
2024-10-22,Khanh_Hoa,12.2388,109.1967,25.9,89,14.9,100,1008.5,1
2024-10-23,Khanh_Hoa,12.2388,109.1967,26.4,82,23.3,99,1008.5,1
2024-10-24,Khanh_Hoa,12.2388,109.1967,27.0,77,23.8,90,1007.7,0
2024-10-25,Khanh_Hoa,12.2388,109.1967,26.0,87,11.4,100,1006.5,1
2024-10-26,Khanh_Hoa,12.2388,109.1967,26.2,83,8.8,100,1003.1,0
2024-10-27,Khanh_Hoa,12.2388,109.1967,24.5,81,12.6,100,1002.8,1
2024-10-28,Khanh_Hoa,12.2388,109.1967,25.0,92,6.7,98,1003.4,1
2024-10-29,Khanh_Hoa,12.2388,109.1967,26.5,84,10.9,81,1004.7,1
2024-10-30,Khanh_Hoa,12.2388,109.1967,27.2,81,13.3,76,1006.5,1
2024-10-31,Khanh_Hoa,12.2388,109.1967,26.6,83,10.3,91,1007.0,1
2024-11-01,Khanh_Hoa,12.2388,109.1967,25.3,89,13.9,97,1009.2,1
2024-11-02,Khanh_Hoa,12.2388,109.1967,25.2,84,20.1,100,1011.0,1
2024-11-03,Khanh_Hoa,12.2388,109.1967,26.1,85,17.4,88,1010.5,1
2024-11-04,Khanh_Hoa,12.2388,109.1967,25.8,88,11.4,70,1010.6,1
2024-11-05,Khanh_Hoa,12.2388,109.1967,26.2,85,17.3,76,1010.7,1
2024-11-06,Khanh_Hoa,12.2388,109.1967,25.2,89,20.4,88,1011.5,1
2024-11-07,Khanh_Hoa,12.2388,109.1967,24.9,88,21.6,99,1012.3,1
2024-11-08,Khanh_Hoa,12.2388,109.1967,25.5,79,19.3,99,1011.6,1
2024-11-09,Khanh_Hoa,12.2388,109.1967,25.8,76,21.7,92,1011.3,0
2024-11-10,Khanh_Hoa,12.2388,109.1967,25.8,83,18.3,51,1011.1,1
2024-11-11,Khanh_Hoa,12.2388,109.1967,26.1,82,13.2,67,1009.5,0
2024-11-12,Khanh_Hoa,12.2388,109.1967,26.6,84,14.2,91,1007.8,1
2024-11-13,Khanh_Hoa,12.2388,109.1967,26.4,88,11.3,74,1008.9,1
2024-11-14,Khanh_Hoa,12.2388,109.1967,26.3,87,13.6,44,1009.5,1
2024-11-15,Khanh_Hoa,12.2388,109.1967,26.0,85,12.8,77,1009.2,0
2024-11-16,Khanh_Hoa,12.2388,109.1967,26.3,85,12.9,82,1009.4,0
2024-11-17,Khanh_Hoa,12.2388,109.1967,26.4,77,21.0,59,1009.4,0
2024-11-18,Khanh_Hoa,12.2388,109.1967,26.4,77,21.2,67,1009.8,1
2024-11-19,Khanh_Hoa,12.2388,109.1967,26.4,82,20.3,64,1010.6,1
2024-11-20,Khanh_Hoa,12.2388,109.1967,27.2,75,23.7,90,1010.3,1
2024-11-21,Khanh_Hoa,12.2388,109.1967,27.0,78,20.9,74,1009.7,1
2024-11-22,Khanh_Hoa,12.2388,109.1967,26.2,81,20.4,63,1010.3,1
2024-11-23,Khanh_Hoa,12.2388,109.1967,26.1,84,20.1,96,1010.9,1
2024-11-24,Khanh_Hoa,12.2388,109.1967,26.3,85,18.8,99,1010.8,1
2024-11-25,Khanh_Hoa,12.2388,109.1967,26.7,80,20.7,95,1010.5,1
2024-11-26,Khanh_Hoa,12.2388,109.1967,26.2,83,23.2,93,1010.6,1
2024-11-27,Khanh_Hoa,12.2388,109.1967,25.6,85,27.0,93,1011.1,1
2024-11-28,Khanh_Hoa,12.2388,109.1967,25.4,77,34.3,93,1012.5,1
2024-11-29,Khanh_Hoa,12.2388,109.1967,24.8,71,34.1,86,1013.0,1
2024-11-30,Khanh_Hoa,12.2388,109.1967,25.0,71,25.2,98,1011.0,1
2024-12-01,Khanh_Hoa,12.2388,109.1967,25.7,75,24.1,96,1009.2,0
2024-12-02,Khanh_Hoa,12.2388,109.1967,25.6,82,20.3,99,1009.1,1
2024-12-03,Khanh_Hoa,12.2388,109.1967,26.0,80,23.7,100,1009.4,1
2024-12-04,Khanh_Hoa,12.2388,109.1967,25.7,83,22.2,100,1009.2,1
2024-12-05,Khanh_Hoa,12.2388,109.1967,25.9,82,19.2,100,1009.4,1
2024-12-06,Khanh_Hoa,12.2388,109.1967,25.4,88,17.2,99,1009.5,1
2024-12-07,Khanh_Hoa,12.2388,109.1967,25.8,84,22.9,81,1010.6,1
2024-12-08,Khanh_Hoa,12.2388,109.1967,25.8,78,27.1,100,1011.2,1
2024-12-09,Khanh_Hoa,12.2388,109.1967,25.8,79,27.1,99,1010.2,1
2024-12-10,Khanh_Hoa,12.2388,109.1967,24.6,90,15.1,100,1008.7,1
2024-12-11,Khanh_Hoa,12.2388,109.1967,24.5,95,22.9,100,1008.1,1
2024-12-12,Khanh_Hoa,12.2388,109.1967,25.3,91,19.6,100,1008.6,1
2024-12-13,Khanh_Hoa,12.2388,109.1967,25.0,91,23.1,100,1010.1,1
2024-12-14,Khanh_Hoa,12.2388,109.1967,24.5,91,26.6,100,1012.5,1
2024-12-15,Khanh_Hoa,12.2388,109.1967,24.0,90,32.7,100,1013.7,1
2024-12-16,Khanh_Hoa,12.2388,109.1967,24.1,79,28.0,88,1014.2,1
2024-12-17,Khanh_Hoa,12.2388,109.1967,24.7,75,25.5,63,1013.0,0
2024-12-18,Khanh_Hoa,12.2388,109.1967,24.9,76,25.4,58,1012.2,1
2024-12-19,Khanh_Hoa,12.2388,109.1967,24.5,75,29.1,68,1012.9,1
2024-12-20,Khanh_Hoa,12.2388,109.1967,23.8,70,27.0,86,1012.6,1
2024-12-21,Khanh_Hoa,12.2388,109.1967,23.1,71,27.8,100,1012.8,0
2024-12-22,Khanh_Hoa,12.2388,109.1967,22.6,73,16.9,100,1011.7,1
2024-12-23,Khanh_Hoa,12.2388,109.1967,24.7,74,17.3,99,1009.0,1
2024-12-24,Khanh_Hoa,12.2388,109.1967,24.0,78,19.1,100,1009.7,1
2024-12-25,Khanh_Hoa,12.2388,109.1967,23.8,89,19.0,100,1010.9,1
2024-12-26,Khanh_Hoa,12.2388,109.1967,24.4,90,20.0,99,1013.5,1
2024-12-27,Khanh_Hoa,12.2388,109.1967,24.5,90,20.5,99,1014.1,1
2024-12-28,Khanh_Hoa,12.2388,109.1967,24.3,86,31.3,74,1014.9,1
2024-12-29,Khanh_Hoa,12.2388,109.1967,24.1,75,28.6,71,1014.6,1
2024-12-30,Khanh_Hoa,12.2388,109.1967,24.4,73,23.6,73,1013.5,1
2024-12-31,Khanh_Hoa,12.2388,109.1967,23.9,80,14.7,100,1012.1,1
2025-01-01,Khanh_Hoa,12.2388,109.1967,23.8,74,19.2,100,1011.1,1
2025-01-02,Khanh_Hoa,12.2388,109.1967,24.6,77,17.3,100,1010.6,1
2025-01-03,Khanh_Hoa,12.2388,109.1967,24.4,76,18.9,100,1011.8,1
2025-01-04,Khanh_Hoa,12.2388,109.1967,23.6,67,27.5,96,1012.3,0
2025-01-05,Khanh_Hoa,12.2388,109.1967,23.4,68,26.1,73,1013.3,0
2025-01-06,Khanh_Hoa,12.2388,109.1967,23.8,71,22.1,69,1012.9,0
2025-01-07,Khanh_Hoa,12.2388,109.1967,23.5,77,21.6,53,1012.9,0
2025-01-08,Khanh_Hoa,12.2388,109.1967,23.3,77,21.4,36,1012.9,0
2025-01-09,Khanh_Hoa,12.2388,109.1967,23.8,74,26.7,65,1014.1,0
2025-01-10,Khanh_Hoa,12.2388,109.1967,23.8,69,34.8,82,1017.0,1
2025-01-11,Khanh_Hoa,12.2388,109.1967,22.8,72,33.6,85,1018.0,1
2025-01-12,Khanh_Hoa,12.2388,109.1967,22.0,64,33.3,86,1017.1,0
2025-01-13,Khanh_Hoa,12.2388,109.1967,22.0,67,24.0,93,1014.9,1
2025-01-14,Khanh_Hoa,12.2388,109.1967,23.4,81,14.0,99,1013.4,1
2025-01-15,Khanh_Hoa,12.2388,109.1967,24.3,84,21.0,88,1013.9,1
2025-01-16,Khanh_Hoa,12.2388,109.1967,23.6,79,30.4,95,1015.0,1
2025-01-17,Khanh_Hoa,12.2388,109.1967,23.2,68,32.6,97,1014.9,1
2025-01-18,Khanh_Hoa,12.2388,109.1967,22.5,70,23.8,68,1013.1,0
2025-01-19,Khanh_Hoa,12.2388,109.1967,22.2,73,24.9,52,1012.2,0
2025-01-20,Khanh_Hoa,12.2388,109.1967,21.4,73,25.1,48,1011.8,0
2025-01-21,Khanh_Hoa,12.2388,109.1967,21.4,69,22.4,54,1012.1,0
2025-01-22,Khanh_Hoa,12.2388,109.1967,21.1,78,21.0,61,1012.4,0
2025-01-23,Khanh_Hoa,12.2388,109.1967,21.8,80,16.7,90,1012.0,0
2025-01-24,Khanh_Hoa,12.2388,109.1967,22.3,86,16.0,72,1010.7,0
2025-01-25,Khanh_Hoa,12.2388,109.1967,22.9,86,14.0,81,1010.7,0
2025-01-26,Khanh_Hoa,12.2388,109.1967,23.5,77,27.3,50,1012.6,0
2025-01-27,Khanh_Hoa,12.2388,109.1967,22.6,74,29.5,85,1013.9,1
2025-01-28,Khanh_Hoa,12.2388,109.1967,22.3,70,27.0,93,1016.0,0
2025-01-29,Khanh_Hoa,12.2388,109.1967,22.3,71,26.6,67,1016.3,0
2025-01-30,Khanh_Hoa,12.2388,109.1967,22.5,74,22.8,92,1012.9,0
2025-01-31,Khanh_Hoa,12.2388,109.1967,22.5,79,21.7,97,1011.0,0
2025-02-01,Khanh_Hoa,12.2388,109.1967,22.0,83,19.3,83,1010.0,0
2025-02-02,Khanh_Hoa,12.2388,109.1967,22.6,81,14.3,18,1010.0,0
2025-02-03,Khanh_Hoa,12.2388,109.1967,23.9,76,25.7,20,1011.6,0
2025-02-04,Khanh_Hoa,12.2388,109.1967,23.3,73,27.6,46,1014.0,1
2025-02-05,Khanh_Hoa,12.2388,109.1967,22.8,74,24.9,26,1012.8,1
2025-02-06,Khanh_Hoa,12.2388,109.1967,22.6,74,26.0,35,1012.1,0
2025-02-07,Khanh_Hoa,12.2388,109.1967,23.2,71,25.8,92,1012.4,0
2025-02-08,Khanh_Hoa,12.2388,109.1967,23.8,68,31.6,94,1013.6,0
2025-02-09,Khanh_Hoa,12.2388,109.1967,22.8,69,29.2,100,1013.8,0
2025-02-10,Khanh_Hoa,12.2388,109.1967,23.6,67,22.7,100,1013.1,0
2025-02-11,Khanh_Hoa,12.2388,109.1967,24.8,69,20.1,99,1011.8,0
2025-02-12,Khanh_Hoa,12.2388,109.1967,25.5,76,20.1,68,1010.9,1
2025-02-13,Khanh_Hoa,12.2388,109.1967,25.3,81,19.2,34,1011.2,1
2025-02-14,Khanh_Hoa,12.2388,109.1967,25.8,74,21.0,26,1010.7,0
2025-02-15,Khanh_Hoa,12.2388,109.1967,25.3,81,19.0,54,1010.8,1
2025-02-16,Khanh_Hoa,12.2388,109.1967,25.1,81,22.3,46,1012.3,1
2025-02-17,Khanh_Hoa,12.2388,109.1967,24.8,76,23.9,48,1013.7,1
2025-02-18,Khanh_Hoa,12.2388,109.1967,24.9,76,23.9,92,1013.8,1
2025-02-19,Khanh_Hoa,12.2388,109.1967,24.5,81,21.8,76,1013.6,1
2025-02-20,Khanh_Hoa,12.2388,109.1967,24.8,76,22.4,100,1013.5,0
2025-02-21,Khanh_Hoa,12.2388,109.1967,25.4,78,24.4,90,1014.0,1
2025-02-22,Khanh_Hoa,12.2388,109.1967,24.3,86,20.3,100,1014.4,1
2025-02-23,Khanh_Hoa,12.2388,109.1967,24.2,88,22.5,100,1015.5,1
2025-02-24,Khanh_Hoa,12.2388,109.1967,24.3,86,27.9,77,1016.8,1
2025-02-25,Khanh_Hoa,12.2388,109.1967,24.5,83,26.1,86,1017.1,1
2025-02-26,Khanh_Hoa,12.2388,109.1967,24.7,80,24.2,96,1016.7,1
2025-02-27,Khanh_Hoa,12.2388,109.1967,24.7,82,20.2,29,1014.3,1
2025-02-28,Khanh_Hoa,12.2388,109.1967,24.3,83,17.5,23,1013.3,1
2025-03-01,Khanh_Hoa,12.2388,109.1967,24.4,84,12.9,54,1011.6,1
2025-03-02,Khanh_Hoa,12.2388,109.1967,25.0,80,12.8,58,1010.2,0
2025-03-03,Khanh_Hoa,12.2388,109.1967,25.2,85,9.7,62,1009.0,0
2025-03-04,Khanh_Hoa,12.2388,109.1967,25.9,85,10.0,65,1008.1,0
2025-03-05,Khanh_Hoa,12.2388,109.1967,25.8,87,12.1,85,1008.2,0
2025-03-06,Khanh_Hoa,12.2388,109.1967,25.9,84,12.8,63,1010.6,1
2025-03-07,Khanh_Hoa,12.2388,109.1967,26.0,79,26.2,89,1011.3,1
2025-03-08,Khanh_Hoa,12.2388,109.1967,26.1,71,26.4,84,1012.1,1
2025-03-09,Khanh_Hoa,12.2388,109.1967,24.8,84,21.3,100,1013.5,1
2025-03-10,Khanh_Hoa,12.2388,109.1967,25.7,83,21.8,76,1013.9,1
2025-03-11,Khanh_Hoa,12.2388,109.1967,25.9,85,16.1,59,1012.1,1
2025-03-12,Khanh_Hoa,12.2388,109.1967,25.8,86,13.2,66,1010.7,1
2025-03-13,Khanh_Hoa,12.2388,109.1967,25.7,84,10.7,99,1010.6,1
2025-03-14,Khanh_Hoa,12.2388,109.1967,25.9,82,10.7,54,1011.5,0
2025-03-15,Khanh_Hoa,12.2388,109.1967,26.1,84,10.8,60,1010.9,0
2025-03-16,Khanh_Hoa,12.2388,109.1967,26.5,83,18.5,50,1011.2,1
2025-03-17,Khanh_Hoa,12.2388,109.1967,25.5,80,24.8,84,1012.2,1
2025-03-18,Khanh_Hoa,12.2388,109.1967,25.5,75,28.1,88,1013.8,1
2025-03-19,Khanh_Hoa,12.2388,109.1967,25.0,69,33.0,82,1016.2,1
2025-03-20,Khanh_Hoa,12.2388,109.1967,24.3,67,26.9,99,1016.8,1
2025-03-21,Khanh_Hoa,12.2388,109.1967,24.8,64,28.1,79,1016.4,0
2025-03-22,Khanh_Hoa,12.2388,109.1967,25.0,69,26.6,75,1015.2,1
2025-03-23,Khanh_Hoa,12.2388,109.1967,24.7,75,24.0,55,1014.0,1
2025-03-24,Khanh_Hoa,12.2388,109.1967,24.6,72,25.7,6,1011.7,0
2025-03-25,Khanh_Hoa,12.2388,109.1967,24.2,72,13.5,37,1008.7,0
2025-03-26,Khanh_Hoa,12.2388,109.1967,25.2,77,13.8,26,1007.0,0
2025-03-27,Khanh_Hoa,12.2388,109.1967,26.4,76,17.9,31,1005.7,0
2025-03-28,Khanh_Hoa,12.2388,109.1967,27.0,76,17.4,4,1006.6,0
2025-03-29,Khanh_Hoa,12.2388,109.1967,26.5,83,14.9,79,1009.1,1
2025-03-30,Khanh_Hoa,12.2388,109.1967,26.9,80,24.6,80,1011.0,1
2025-03-31,Khanh_Hoa,12.2388,109.1967,26.6,74,28.6,99,1010.8,1
2025-04-01,Khanh_Hoa,12.2388,109.1967,25.0,83,21.6,100,1011.0,1
2025-04-02,Khanh_Hoa,12.2388,109.1967,25.2,78,23.1,97,1012.7,1
2025-04-03,Khanh_Hoa,12.2388,109.1967,25.6,76,23.6,64,1013.2,1
2025-04-04,Khanh_Hoa,12.2388,109.1967,25.0,81,17.8,74,1012.0,0
2025-04-05,Khanh_Hoa,12.2388,109.1967,25.2,85,13.3,56,1010.8,0
2025-04-06,Khanh_Hoa,12.2388,109.1967,25.9,84,19.2,68,1011.5,0
2025-04-07,Khanh_Hoa,12.2388,109.1967,26.2,81,21.3,48,1012.7,1
2025-04-08,Khanh_Hoa,12.2388,109.1967,26.6,79,19.6,57,1012.9,1
2025-04-09,Khanh_Hoa,12.2388,109.1967,26.4,80,14.1,44,1010.6,0
2025-04-10,Khanh_Hoa,12.2388,109.1967,27.0,81,15.2,96,1008.1,0
2025-04-11,Khanh_Hoa,12.2388,109.1967,27.9,80,17.0,42,1007.6,0
2025-04-12,Khanh_Hoa,12.2388,109.1967,27.9,81,18.4,38,1008.3,0
2025-04-13,Khanh_Hoa,12.2388,109.1967,27.5,78,22.0,28,1010.0,1
2025-04-14,Khanh_Hoa,12.2388,109.1967,27.3,71,24.6,70,1011.0,0
2025-04-15,Khanh_Hoa,12.2388,109.1967,26.7,75,21.4,83,1010.7,0
2025-04-16,Khanh_Hoa,12.2388,109.1967,26.6,78,14.4,66,1009.7,0
2025-04-17,Khanh_Hoa,12.2388,109.1967,27.6,80,16.7,69,1008.8,0
2025-04-18,Khanh_Hoa,12.2388,109.1967,28.2,82,17.1,54,1008.0,0
2025-04-19,Khanh_Hoa,12.2388,109.1967,27.9,81,17.6,42,1008.2,0
2025-04-20,Khanh_Hoa,12.2388,109.1967,28.1,79,12.8,43,1009.1,0
2025-04-21,Khanh_Hoa,12.2388,109.1967,28.4,75,12.2,71,1010.5,0
2025-04-22,Khanh_Hoa,12.2388,109.1967,28.5,75,16.0,81,1010.1,0
2025-04-23,Khanh_Hoa,12.2388,109.1967,28.0,76,20.7,70,1008.8,0
2025-04-24,Khanh_Hoa,12.2388,109.1967,28.6,73,19.8,31,1007.8,0
2025-04-25,Khanh_Hoa,12.2388,109.1967,29.3,75,13.6,20,1008.5,0
2025-04-26,Khanh_Hoa,12.2388,109.1967,28.5,81,17.5,52,1009.7,1
2025-04-27,Khanh_Hoa,12.2388,109.1967,27.9,75,13.7,84,1010.1,0
2025-04-28,Khanh_Hoa,12.2388,109.1967,27.7,77,13.7,62,1009.2,0
2025-04-29,Khanh_Hoa,12.2388,109.1967,28.0,70,20.3,97,1009.6,0
2025-04-30,Khanh_Hoa,12.2388,109.1967,28.1,70,17.8,48,1009.5,0
2025-05-01,Khanh_Hoa,12.2388,109.1967,27.3,81,9.4,88,1010.3,1
2025-05-02,Khanh_Hoa,12.2388,109.1967,27.0,85,13.0,88,1009.5,1
2025-05-03,Khanh_Hoa,12.2388,109.1967,27.4,82,9.8,69,1008.6,1
2025-05-04,Khanh_Hoa,12.2388,109.1967,28.0,80,14.9,92,1007.3,1
2025-05-05,Khanh_Hoa,12.2388,109.1967,28.3,76,15.5,45,1007.2,0
2025-05-06,Khanh_Hoa,12.2388,109.1967,29.4,76,14.7,35,1006.5,1
2025-05-07,Khanh_Hoa,12.2388,109.1967,30.2,75,11.1,43,1005.6,1
2025-05-08,Khanh_Hoa,12.2388,109.1967,30.6,72,13.5,63,1005.5,0
2025-05-09,Khanh_Hoa,12.2388,109.1967,31.1,70,16.8,8,1005.7,0
2025-05-10,Khanh_Hoa,12.2388,109.1967,30.1,76,17.5,87,1006.0,0
2025-05-11,Khanh_Hoa,12.2388,109.1967,29.1,77,13.1,96,1006.0,1
2025-05-12,Khanh_Hoa,12.2388,109.1967,27.6,81,16.2,84,1007.1,1
2025-05-13,Khanh_Hoa,12.2388,109.1967,27.9,79,12.7,99,1008.7,1
2025-05-14,Khanh_Hoa,12.2388,109.1967,28.7,78,13.7,94,1009.2,1
2025-05-15,Khanh_Hoa,12.2388,109.1967,28.7,79,9.7,82,1009.3,1
2025-05-16,Khanh_Hoa,12.2388,109.1967,28.9,78,12.3,72,1008.7,1
2025-05-17,Khanh_Hoa,12.2388,109.1967,27.7,82,10.0,93,1009.0,1
2025-05-18,Khanh_Hoa,12.2388,109.1967,28.9,76,13.9,78,1008.6,1
2025-05-19,Khanh_Hoa,12.2388,109.1967,28.4,82,10.0,95,1007.8,1
2025-05-20,Khanh_Hoa,12.2388,109.1967,29.1,75,14.1,85,1007.5,1
2025-05-21,Khanh_Hoa,12.2388,109.1967,28.2,81,11.5,69,1007.1,1
2025-05-22,Khanh_Hoa,12.2388,109.1967,28.3,81,11.4,98,1005.7,1
2025-05-23,Khanh_Hoa,12.2388,109.1967,28.9,78,17.1,93,1004.7,1
2025-05-24,Khanh_Hoa,12.2388,109.1967,28.1,82,16.4,83,1006.6,1
2025-05-25,Khanh_Hoa,12.2388,109.1967,27.6,85,11.2,45,1008.6,1
2025-05-26,Khanh_Hoa,12.2388,109.1967,27.9,82,16.0,77,1008.9,1
2025-05-27,Khanh_Hoa,12.2388,109.1967,28.0,82,15.4,84,1007.9,1
2025-05-28,Khanh_Hoa,12.2388,109.1967,27.2,88,11.6,100,1006.6,1
2025-05-29,Khanh_Hoa,12.2388,109.1967,28.1,82,12.6,97,1006.7,1
2025-05-30,Khanh_Hoa,12.2388,109.1967,28.6,80,12.8,88,1007.8,1
2025-05-31,Khanh_Hoa,12.2388,109.1967,29.0,78,14.9,84,1007.4,1
2025-06-01,Khanh_Hoa,12.2388,109.1967,29.7,76,15.4,86,1006.4,0
2025-06-02,Khanh_Hoa,12.2388,109.1967,30.3,72,11.8,90,1005.1,0
2025-06-03,Khanh_Hoa,12.2388,109.1967,30.6,68,12.3,85,1004.8,1
2025-06-04,Khanh_Hoa,12.2388,109.1967,30.1,70,15.4,60,1005.8,1
2025-06-05,Khanh_Hoa,12.2388,109.1967,29.8,73,12.1,80,1006.6,1
2025-06-06,Khanh_Hoa,12.2388,109.1967,29.3,77,13.0,92,1006.7,1
2025-06-07,Khanh_Hoa,12.2388,109.1967,29.6,75,11.2,82,1005.9,1
2025-06-08,Khanh_Hoa,12.2388,109.1967,30.0,71,11.6,100,1004.8,1
2025-06-09,Khanh_Hoa,12.2388,109.1967,29.3,73,12.1,100,1004.0,1
2025-06-10,Khanh_Hoa,12.2388,109.1967,29.2,73,9.3,100,1002.6,1
2025-06-11,Khanh_Hoa,12.2388,109.1967,27.5,85,5.9,100,1000.9,1
2025-06-12,Khanh_Hoa,12.2388,109.1967,29.4,71,15.3,100,1000.9,1
2025-06-13,Khanh_Hoa,12.2388,109.1967,31.0,63,24.6,100,1004.1,1
2025-06-14,Khanh_Hoa,12.2388,109.1967,29.9,70,18.4,97,1006.5,1
2025-06-15,Khanh_Hoa,12.2388,109.1967,30.1,73,13.5,73,1006.3,1
2025-06-16,Khanh_Hoa,12.2388,109.1967,28.5,82,17.1,88,1007.5,1
2025-06-17,Khanh_Hoa,12.2388,109.1967,28.7,80,18.4,83,1008.1,1
2025-06-18,Khanh_Hoa,12.2388,109.1967,28.7,78,18.0,87,1007.9,1
2025-06-19,Khanh_Hoa,12.2388,109.1967,28.9,78,12.5,99,1006.9,1
2025-06-20,Khanh_Hoa,12.2388,109.1967,29.0,78,16.6,98,1007.1,1
2025-06-21,Khanh_Hoa,12.2388,109.1967,28.2,78,18.5,68,1007.1,1
2025-06-22,Khanh_Hoa,12.2388,109.1967,28.6,75,12.6,87,1006.7,1
2025-06-23,Khanh_Hoa,12.2388,109.1967,29.5,71,14.7,92,1005.8,1
2025-06-24,Khanh_Hoa,12.2388,109.1967,29.5,70,13.4,90,1005.5,1
2025-06-25,Khanh_Hoa,12.2388,109.1967,28.7,78,12.8,99,1006.4,1
2025-06-26,Khanh_Hoa,12.2388,109.1967,29.1,72,10.9,93,1006.6,1
2025-06-27,Khanh_Hoa,12.2388,109.1967,29.4,71,12.8,66,1006.0,1
2025-06-28,Khanh_Hoa,12.2388,109.1967,29.6,70,12.2,37,1005.3,1
2025-06-29,Khanh_Hoa,12.2388,109.1967,30.3,65,12.7,86,1003.6,0
2025-06-30,Khanh_Hoa,12.2388,109.1967,29.9,67,16.1,80,1003.7,1
2025-07-01,Khanh_Hoa,12.2388,109.1967,29.1,74,12.0,92,1004.7,1
2025-07-02,Khanh_Hoa,12.2388,109.1967,28.3,78,17.3,100,1005.8,1
2025-07-03,Khanh_Hoa,12.2388,109.1967,28.9,75,12.3,100,1006.1,1
2025-07-04,Khanh_Hoa,12.2388,109.1967,29.5,70,16.3,59,1005.3,1
2025-07-05,Khanh_Hoa,12.2388,109.1967,29.5,71,15.4,82,1004.6,1
2025-07-06,Khanh_Hoa,12.2388,109.1967,30.0,72,11.8,100,1004.9,1
2025-07-07,Khanh_Hoa,12.2388,109.1967,30.5,69,13.9,71,1005.6,1
2025-07-08,Khanh_Hoa,12.2388,109.1967,30.7,72,7.4,76,1005.0,1
2025-07-09,Khanh_Hoa,12.2388,109.1967,30.8,67,10.7,38,1003.9,1
2025-07-10,Khanh_Hoa,12.2388,109.1967,31.3,62,15.0,72,1001.5,1
2025-07-11,Khanh_Hoa,12.2388,109.1967,31.4,63,16.6,79,1001.2,0
2025-07-12,Khanh_Hoa,12.2388,109.1967,30.7,68,14.2,45,1004.0,1
2025-07-13,Khanh_Hoa,12.2388,109.1967,30.3,70,11.8,37,1005.2,0
2025-07-14,Khanh_Hoa,12.2388,109.1967,30.3,69,14.0,46,1005.0,1
2025-07-15,Khanh_Hoa,12.2388,109.1967,30.6,68,15.3,66,1004.3,1
2025-07-16,Khanh_Hoa,12.2388,109.1967,30.4,71,12.7,71,1004.8,1
2025-07-17,Khanh_Hoa,12.2388,109.1967,30.5,66,16.3,90,1004.7,1
2025-07-18,Khanh_Hoa,12.2388,109.1967,30.6,63,14.3,94,1002.9,0
2025-07-19,Khanh_Hoa,12.2388,109.1967,31.5,56,14.2,87,999.7,0
2025-07-20,Khanh_Hoa,12.2388,109.1967,31.8,53,11.0,98,999.9,0
2025-07-21,Khanh_Hoa,12.2388,109.1967,31.4,56,14.6,100,1001.3,1
2025-07-22,Khanh_Hoa,12.2388,109.1967,31.7,56,15.9,97,1001.6,1
2025-07-23,Khanh_Hoa,12.2388,109.1967,31.3,64,11.3,87,1001.7,1
2025-07-24,Khanh_Hoa,12.2388,109.1967,30.0,70,15.4,98,1002.7,1
2025-07-25,Khanh_Hoa,12.2388,109.1967,29.7,72,14.3,98,1003.0,1
2025-07-26,Khanh_Hoa,12.2388,109.1967,29.3,74,15.5,99,1003.7,1
2025-07-27,Khanh_Hoa,12.2388,109.1967,30.5,71,13.2,95,1003.4,1
2025-07-28,Khanh_Hoa,12.2388,109.1967,31.3,65,21.3,66,1002.7,1
2025-07-29,Khanh_Hoa,12.2388,109.1967,32.1,61,17.5,36,1002.3,1
2025-07-30,Khanh_Hoa,12.2388,109.1967,32.8,58,12.1,75,1002.8,1
2025-07-31,Khanh_Hoa,12.2388,109.1967,32.6,58,20.4,42,1003.1,1
2025-08-01,Khanh_Hoa,12.2388,109.1967,32.0,63,19.1,81,1002.9,0
2025-08-02,Khanh_Hoa,12.2388,109.1967,31.6,68,18.6,94,1004.8,1
2025-08-03,Khanh_Hoa,12.2388,109.1967,31.4,68,18.8,92,1006.0,1
2025-08-04,Khanh_Hoa,12.2388,109.1967,31.5,66,17.5,61,1006.1,0
2025-08-05,Khanh_Hoa,12.2388,109.1967,31.2,70,19.1,83,1005.8,0
2025-08-06,Khanh_Hoa,12.2388,109.1967,30.2,73,17.5,100,1006.5,1
2025-08-07,Khanh_Hoa,12.2388,109.1967,30.1,72,13.9,40,1007.6,0
2025-08-08,Khanh_Hoa,12.2388,109.1967,29.9,69,16.5,74,1008.2,1
2025-08-09,Khanh_Hoa,12.2388,109.1967,29.3,72,20.0,73,1007.5,1
2025-08-10,Khanh_Hoa,12.2388,109.1967,29.2,73,17.9,92,1006.3,0
2025-08-11,Khanh_Hoa,12.2388,109.1967,29.5,73,15.6,28,1005.4,0
2025-08-12,Khanh_Hoa,12.2388,109.1967,29.8,69,15.0,68,1005.6,1
2025-08-13,Khanh_Hoa,12.2388,109.1967,28.7,74,16.2,87,1006.3,1
2025-08-14,Khanh_Hoa,12.2388,109.1967,28.7,71,17.1,88,1005.3,1
2025-08-15,Khanh_Hoa,12.2388,109.1967,28.1,74,12.2,99,1004.1,1
2025-08-16,Khanh_Hoa,12.2388,109.1967,27.4,82,10.2,79,1004.1,1
2025-08-17,Khanh_Hoa,12.2388,109.1967,27.1,86,11.5,99,1005.3,1
2025-08-18,Khanh_Hoa,12.2388,109.1967,27.9,80,13.3,93,1007.3,1
2025-08-19,Khanh_Hoa,12.2388,109.1967,28.6,79,11.1,46,1008.3,1
2025-08-20,Khanh_Hoa,12.2388,109.1967,28.4,79,15.8,93,1008.4,1
2025-08-21,Khanh_Hoa,12.2388,109.1967,26.2,85,6.8,84,1009.5,1
2025-08-22,Khanh_Hoa,12.2388,109.1967,27.2,81,9.7,84,1008.3,1
2025-08-23,Khanh_Hoa,12.2388,109.1967,28.1,79,9.6,92,1006.4,1
2025-08-24,Khanh_Hoa,12.2388,109.1967,28.3,78,12.4,100,1004.3,1
2025-08-25,Khanh_Hoa,12.2388,109.1967,29.0,77,9.0,97,1004.1,1
2025-08-26,Khanh_Hoa,12.2388,109.1967,28.0,82,12.3,89,1006.3,1
2025-08-27,Khanh_Hoa,12.2388,109.1967,28.4,80,12.2,98,1006.6,0
2025-08-28,Khanh_Hoa,12.2388,109.1967,28.1,78,13.8,95,1005.4,1
2025-08-29,Khanh_Hoa,12.2388,109.1967,27.1,86,14.3,94,1004.7,1
2025-08-30,Khanh_Hoa,12.2388,109.1967,27.7,84,9.7,85,1004.4,1
2025-08-31,Khanh_Hoa,12.2388,109.1967,28.0,83,11.4,71,1005.2,1
2025-09-01,Khanh_Hoa,12.2388,109.1967,27.5,84,7.9,65,1005.0,1
2025-09-02,Khanh_Hoa,12.2388,109.1967,27.1,86,8.0,89,1006.0,1
2025-09-03,Khanh_Hoa,12.2388,109.1967,27.4,86,7.6,79,1006.2,1
2025-09-04,Khanh_Hoa,12.2388,109.1967,27.8,84,10.8,33,1006.0,1
2025-09-05,Khanh_Hoa,12.2388,109.1967,27.6,84,10.9,80,1006.3,1
2025-09-06,Khanh_Hoa,12.2388,109.1967,27.3,86,9.9,97,1006.7,1
2025-09-07,Khanh_Hoa,12.2388,109.1967,26.3,90,9.2,100,1006.8,1
2025-09-08,Khanh_Hoa,12.2388,109.1967,27.7,84,7.6,93,1007.8,1
2025-09-09,Khanh_Hoa,12.2388,109.1967,27.6,84,11.7,97,1009.0,1
2025-09-10,Khanh_Hoa,12.2388,109.1967,27.8,81,12.0,95,1008.9,1
2025-09-11,Khanh_Hoa,12.2388,109.1967,27.7,81,11.4,69,1008.6,1
2025-09-12,Khanh_Hoa,12.2388,109.1967,26.9,82,9.3,92,1008.9,1
2025-09-13,Khanh_Hoa,12.2388,109.1967,27.7,80,11.4,68,1009.4,1
2025-09-14,Khanh_Hoa,12.2388,109.1967,27.3,82,12.1,94,1009.6,1
2025-09-15,Khanh_Hoa,12.2388,109.1967,27.4,79,10.0,85,1009.4,0
2025-09-16,Khanh_Hoa,12.2388,109.1967,27.4,80,11.1,86,1008.1,1
2025-09-17,Khanh_Hoa,12.2388,109.1967,27.2,83,10.6,93,1006.6,1
2025-09-18,Khanh_Hoa,12.2388,109.1967,27.1,84,13.1,97,1006.2,1
2025-09-19,Khanh_Hoa,12.2388,109.1967,27.5,84,11.0,88,1007.0,1
2025-09-20,Khanh_Hoa,12.2388,109.1967,28.5,80,10.5,74,1006.7,1
2025-09-21,Khanh_Hoa,12.2388,109.1967,28.0,82,9.7,97,1006.1,1
2025-09-22,Khanh_Hoa,12.2388,109.1967,27.3,86,11.2,100,1006.0,1
2025-09-23,Khanh_Hoa,12.2388,109.1967,28.1,80,13.4,96,1004.4,1
2025-09-24,Khanh_Hoa,12.2388,109.1967,29.1,74,12.0,98,1002.7,0
2025-09-25,Khanh_Hoa,12.2388,109.1967,29.3,76,10.6,100,1004.0,1
2025-09-26,Khanh_Hoa,12.2388,109.1967,28.1,78,10.5,99,1006.3,1
2025-09-27,Khanh_Hoa,12.2388,109.1967,27.0,85,11.7,100,1004.8,1
2025-09-28,Khanh_Hoa,12.2388,109.1967,27.7,82,22.7,100,1003.3,1
2025-09-29,Khanh_Hoa,12.2388,109.1967,28.3,77,24.2,98,1007.3,1
2025-09-30,Khanh_Hoa,12.2388,109.1967,27.0,84,8.9,96,1009.6,1
2025-10-01,Khanh_Hoa,12.2388,109.1967,27.3,78,11.2,49,1010.0,1
2025-10-02,Khanh_Hoa,12.2388,109.1967,27.3,79,13.5,22,1010.1,1
2025-10-03,Khanh_Hoa,12.2388,109.1967,27.6,77,12.0,86,1010.3,1
2025-10-04,Khanh_Hoa,12.2388,109.1967,27.8,78,13.1,93,1010.0,1
2025-10-05,Khanh_Hoa,12.2388,109.1967,28.5,75,11.4,100,1009.1,1
2025-10-06,Khanh_Hoa,12.2388,109.1967,28.9,74,9.5,100,1009.0,0
2025-10-07,Khanh_Hoa,12.2388,109.1967,28.7,72,14.1,72,1009.8,1
2025-10-08,Khanh_Hoa,12.2388,109.1967,28.2,73,20.0,84,1009.4,1
2025-10-09,Khanh_Hoa,12.2388,109.1967,26.5,80,15.6,90,1008.9,1
2025-10-10,Khanh_Hoa,12.2388,109.1967,26.0,88,9.5,69,1008.7,1
2025-10-11,Khanh_Hoa,12.2388,109.1967,25.8,90,8.9,93,1008.4,1
2025-10-12,Khanh_Hoa,12.2388,109.1967,26.7,86,8.6,78,1008.5,1
2025-10-13,Khanh_Hoa,12.2388,109.1967,27.0,86,9.5,95,1008.9,1
2025-10-14,Khanh_Hoa,12.2388,109.1967,27.4,84,10.4,62,1009.0,1
2025-10-15,Khanh_Hoa,12.2388,109.1967,27.4,79,17.6,73,1008.3,1
2025-10-16,Khanh_Hoa,12.2388,109.1967,26.0,86,13.8,99,1008.8,1
2025-10-17,Khanh_Hoa,12.2388,109.1967,26.5,84,15.2,86,1009.0,1
2025-10-18,Khanh_Hoa,12.2388,109.1967,26.8,83,14.3,88,1008.0,1
2025-10-19,Khanh_Hoa,12.2388,109.1967,27.7,77,20.5,77,1006.3,1
2025-10-20,Khanh_Hoa,12.2388,109.1967,27.7,80,16.1,97,1005.8,1
2025-10-21,Khanh_Hoa,12.2388,109.1967,26.3,88,13.5,98,1006.8,1
2025-10-22,Khanh_Hoa,12.2388,109.1967,27.5,79,22.6,99,1007.7,1
2025-10-23,Khanh_Hoa,12.2388,109.1967,27.1,79,19.9,94,1009.1,1
2025-10-24,Khanh_Hoa,12.2388,109.1967,25.9,88,19.7,99,1009.2,1
2025-10-25,Khanh_Hoa,12.2388,109.1967,25.0,92,16.7,100,1008.5,1
2025-10-26,Khanh_Hoa,12.2388,109.1967,25.6,91,6.7,100,1008.6,1
2025-10-27,Khanh_Hoa,12.2388,109.1967,25.8,90,13.3,98,1008.5,1
2025-10-28,Khanh_Hoa,12.2388,109.1967,25.8,89,14.9,100,1008.0,1
2025-10-29,Khanh_Hoa,12.2388,109.1967,26.1,89,9.9,100,1007.6,1
2025-10-30,Khanh_Hoa,12.2388,109.1967,26.9,87,17.6,81,1009.1,1
2025-10-31,Khanh_Hoa,12.2388,109.1967,26.4,91,8.5,89,1011.0,1
2025-11-01,Khanh_Hoa,12.2388,109.1967,26.3,89,10.9,98,1010.7,1
2025-11-02,Khanh_Hoa,12.2388,109.1967,26.1,91,11.2,100,1009.1,1
2025-11-03,Khanh_Hoa,12.2388,109.1967,26.7,86,9.5,91,1008.9,1
2025-11-04,Khanh_Hoa,12.2388,109.1967,25.9,90,12.2,85,1008.9,1
2025-11-05,Khanh_Hoa,12.2388,109.1967,26.6,84,16.1,93,1007.1,1
2025-11-06,Khanh_Hoa,12.2388,109.1967,25.0,90,24.6,100,1001.4,1
2025-11-07,Khanh_Hoa,12.2388,109.1967,26.9,88,18.0,77,1006.2,1
2025-11-08,Khanh_Hoa,12.2388,109.1967,26.8,87,11.5,46,1009.6,1
2025-11-09,Khanh_Hoa,12.2388,109.1967,27.0,85,14.4,91,1008.6,1
2025-11-10,Khanh_Hoa,12.2388,109.1967,26.7,84,15.7,91,1007.7,1
2025-11-11,Khanh_Hoa,12.2388,109.1967,26.6,85,10.8,100,1008.9,1
2025-11-12,Khanh_Hoa,12.2388,109.1967,26.6,84,22.1,92,1010.4,1
2025-11-13,Khanh_Hoa,12.2388,109.1967,26.2,79,27.1,24,1012.0,1
2025-11-14,Khanh_Hoa,12.2388,109.1967,25.2,72,24.8,53,1011.9,1
2025-11-15,Khanh_Hoa,12.2388,109.1967,25.8,72,22.8,70,1011.6,1
2025-11-16,Khanh_Hoa,12.2388,109.1967,24.3,94,22.9,100,1011.6,1
2025-11-17,Khanh_Hoa,12.2388,109.1967,24.8,90,15.6,100,1012.4,1
2025-11-18,Khanh_Hoa,12.2388,109.1967,24.2,93,22.0,100,1011.5,1
2025-11-19,Khanh_Hoa,12.2388,109.1967,24.2,93,33.3,100,1012.0,1
2025-11-20,Khanh_Hoa,12.2388,109.1967,24.2,91,27.4,100,1012.6,1
2025-11-21,Khanh_Hoa,12.2388,109.1967,23.9,90,21.9,100,1013.3,1
2025-11-22,Khanh_Hoa,12.2388,109.1967,24.0,88,19.7,98,1012.3,1
2025-11-23,Khanh_Hoa,12.2388,109.1967,25.0,89,21.1,92,1011.5,1
2025-11-24,Khanh_Hoa,12.2388,109.1967,25.8,82,24.7,78,1011.1,1
2025-11-25,Khanh_Hoa,12.2388,109.1967,25.1,75,34.4,92,1011.3,1
2025-11-26,Khanh_Hoa,12.2388,109.1967,25.0,70,25.0,94,1010.8,0
2025-11-27,Khanh_Hoa,12.2388,109.1967,24.3,63,23.1,100,1010.8,0
2025-11-28,Khanh_Hoa,12.2388,109.1967,22.9,66,21.4,100,1009.6,1
2025-11-29,Khanh_Hoa,12.2388,109.1967,24.5,81,15.2,100,1008.9,1
2025-11-30,Khanh_Hoa,12.2388,109.1967,24.9,90,12.8,75,1009.6,1
2025-12-01,Khanh_Hoa,12.2388,109.1967,25.6,88,8.4,64,1009.7,1
2025-12-02,Khanh_Hoa,12.2388,109.1967,25.8,89,6.9,82,1009.8,1
2025-12-03,Khanh_Hoa,12.2388,109.1967,24.8,94,17.0,91,1010.5,1
2025-12-04,Khanh_Hoa,12.2388,109.1967,25.1,86,18.8,63,1013.0,1
2025-12-05,Khanh_Hoa,12.2388,109.1967,25.0,80,26.5,80,1014.3,1
2025-12-06,Khanh_Hoa,12.2388,109.1967,24.8,73,27.5,31,1014.0,1
2025-12-07,Khanh_Hoa,12.2388,109.1967,24.3,69,28.7,60,1013.3,1
2025-12-08,Khanh_Hoa,12.2388,109.1967,24.2,74,21.3,100,1012.7,1
2025-12-09,Khanh_Hoa,12.2388,109.1967,24.3,80,22.8,100,1012.0,1
2025-12-10,Khanh_Hoa,12.2388,109.1967,24.2,93,16.1,100,1011.4,1
2025-12-11,Khanh_Hoa,12.2388,109.1967,25.2,87,18.5,72,1012.2,1
2025-12-12,Khanh_Hoa,12.2388,109.1967,25.3,82,18.7,44,1011.7,1
2025-12-13,Khanh_Hoa,12.2388,109.1967,25.8,76,22.1,100,1012.0,1
2025-12-14,Khanh_Hoa,12.2388,109.1967,25.2,78,28.7,75,1012.8,1
2025-12-15,Khanh_Hoa,12.2388,109.1967,24.9,79,23.6,84,1013.1,1
2025-12-16,Khanh_Hoa,12.2388,109.1967,25.0,80,22.6,88,1012.6,1
2025-12-17,Khanh_Hoa,12.2388,109.1967,24.8,82,21.6,58,1012.7,1
2025-12-18,Khanh_Hoa,12.2388,109.1967,24.8,80,23.3,79,1012.1,1
2025-12-19,Khanh_Hoa,12.2388,109.1967,25.1,81,22.3,80,1010.3,1
2025-12-20,Khanh_Hoa,12.2388,109.1967,25.4,80,21.5,87,1009.7,1
2025-12-21,Khanh_Hoa,12.2388,109.1967,25.7,80,19.5,72,1010.1,1
2025-12-22,Khanh_Hoa,12.2388,109.1967,25.2,82,27.0,97,1010.4,1
2025-12-23,Khanh_Hoa,12.2388,109.1967,25.4,79,21.0,98,1010.0,1
2025-12-24,Khanh_Hoa,12.2388,109.1967,25.7,84,18.4,91,1009.3,1
2025-12-25,Khanh_Hoa,12.2388,109.1967,24.9,88,26.7,99,1010.7,1
2025-12-26,Khanh_Hoa,12.2388,109.1967,24.4,76,23.8,99,1012.9,1
2025-12-27,Khanh_Hoa,12.2388,109.1967,24.4,72,24.5,64,1013.4,0
2025-12-28,Khanh_Hoa,12.2388,109.1967,23.8,76,25.5,47,1013.6,1
2025-12-29,Khanh_Hoa,12.2388,109.1967,23.8,76,22.9,69,1012.8,1
2025-12-30,Khanh_Hoa,12.2388,109.1967,23.6,70,23.8,81,1011.7,0
2025-12-31,Khanh_Hoa,12.2388,109.1967,23.4,65,21.7,71,1010.4,0
2026-01-01,Khanh_Hoa,12.2388,109.1967,23.4,70,21.9,48,1011.5,0
2026-01-02,Khanh_Hoa,12.2388,109.1967,23.6,71,28.1,76,1014.3,0
2026-01-03,Khanh_Hoa,12.2388,109.1967,23.6,68,29.4,59,1015.1,1
2026-01-04,Khanh_Hoa,12.2388,109.1967,23.5,74,21.3,98,1014.3,0
2026-01-05,Khanh_Hoa,12.2388,109.1967,24.3,75,24.8,99,1014.5,1
2026-01-06,Khanh_Hoa,12.2388,109.1967,23.9,69,32.9,66,1016.0,1
2026-01-07,Khanh_Hoa,12.2388,109.1967,23.5,62,32.6,90,1017.5,1
2026-01-08,Khanh_Hoa,12.2388,109.1967,22.4,65,33.4,80,1017.9,1
2026-01-09,Khanh_Hoa,12.2388,109.1967,21.7,64,28.7,61,1016.5,0
2026-01-10,Khanh_Hoa,12.2388,109.1967,22.2,65,23.9,60,1015.1,0
2026-01-11,Khanh_Hoa,12.2388,109.1967,23.1,63,26.5,86,1016.7,0
2026-01-12,Khanh_Hoa,12.2388,109.1967,22.8,67,22.8,69,1016.1,1
2026-01-13,Khanh_Hoa,12.2388,109.1967,23.3,65,23.2,61,1015.3,0
2026-01-14,Khanh_Hoa,12.2388,109.1967,23.0,74,22.4,48,1013.7,1
2026-01-15,Khanh_Hoa,12.2388,109.1967,23.3,74,27.8,15,1013.0,0
2026-01-16,Khanh_Hoa,12.2388,109.1967,23.0,77,17.1,82,1011.7,0
2026-01-17,Khanh_Hoa,12.2388,109.1967,22.9,81,16.2,87,1009.9,0
2026-01-18,Khanh_Hoa,12.2388,109.1967,23.2,78,21.6,86,1009.4,0
2026-01-19,Khanh_Hoa,12.2388,109.1967,23.3,79,21.2,43,1010.6,0
2026-01-20,Khanh_Hoa,12.2388,109.1967,23.4,72,25.0,19,1012.0,0
2026-01-21,Khanh_Hoa,12.2388,109.1967,23.6,68,26.9,29,1013.7,0
2026-01-22,Khanh_Hoa,12.2388,109.1967,23.6,71,25.6,65,1015.4,1
2026-01-23,Khanh_Hoa,12.2388,109.1967,23.5,72,24.5,61,1017.0,1
2026-01-24,Khanh_Hoa,12.2388,109.1967,23.5,69,23.4,64,1016.9,1
2026-01-25,Khanh_Hoa,12.2388,109.1967,22.9,72,22.3,56,1015.6,0
2026-01-26,Khanh_Hoa,12.2388,109.1967,23.4,73,21.7,30,1015.7,1
2026-01-27,Khanh_Hoa,12.2388,109.1967,23.6,70,26.9,24,1015.8,0
2026-01-28,Khanh_Hoa,12.2388,109.1967,23.7,71,21.8,20,1015.5,1
2026-01-29,Khanh_Hoa,12.2388,109.1967,23.8,69,24.6,31,1015.3,0
2026-01-30,Khanh_Hoa,12.2388,109.1967,23.4,73,21.4,76,1015.7,0
2026-01-31,Khanh_Hoa,12.2388,109.1967,23.5,72,22.0,66,1015.8,0
2026-02-01,Khanh_Hoa,12.2388,109.1967,23.7,72,24.5,85,1015.8,1
2026-02-02,Khanh_Hoa,12.2388,109.1967,24.0,74,27.0,66,1016.2,1
2026-02-03,Khanh_Hoa,12.2388,109.1967,23.5,82,26.3,95,1016.5,1
2026-02-04,Khanh_Hoa,12.2388,109.1967,24.4,74,23.2,75,1015.3,0
2026-02-05,Khanh_Hoa,12.2388,109.1967,23.6,81,18.8,48,1014.2,0
2026-02-06,Khanh_Hoa,12.2388,109.1967,23.3,83,14.7,71,1012.9,0
2026-02-07,Khanh_Hoa,12.2388,109.1967,24.1,79,25.0,50,1013.0,0
2026-02-08,Khanh_Hoa,12.2388,109.1967,24.5,70,28.6,45,1014.5,1
2026-02-09,Khanh_Hoa,12.2388,109.1967,24.5,70,27.7,90,1014.2,1
2026-02-10,Khanh_Hoa,12.2388,109.1967,24.6,72,22.5,96,1014.3,1
2026-02-11,Khanh_Hoa,12.2388,109.1967,24.1,87,19.7,94,1015.4,1
2026-02-12,Khanh_Hoa,12.2388,109.1967,24.6,77,24.5,67,1014.2,1
2026-02-13,Khanh_Hoa,12.2388,109.1967,24.3,74,22.2,93,1012.8,0
2026-02-14,Khanh_Hoa,12.2388,109.1967,24.1,78,21.4,85,1012.4,0
2026-02-15,Khanh_Hoa,12.2388,109.1967,24.2,80,19.5,68,1011.8,0
2026-02-16,Khanh_Hoa,12.2388,109.1967,24.7,82,18.3,42,1011.4,0
2026-02-17,Khanh_Hoa,12.2388,109.1967,25.0,79,20.7,91,1012.2,1
2026-02-18,Khanh_Hoa,12.2388,109.1967,24.9,80,27.9,50,1013.8,1
2026-02-19,Khanh_Hoa,12.2388,109.1967,24.9,77,25.6,84,1015.1,1
2026-02-20,Khanh_Hoa,12.2388,109.1967,24.8,74,26.2,56,1015.0,0
2026-02-21,Khanh_Hoa,12.2388,109.1967,24.0,77,18.0,22,1011.1,0
2026-02-22,Khanh_Hoa,12.2388,109.1967,24.0,83,13.6,33,1009.1,0
2026-02-23,Khanh_Hoa,12.2388,109.1967,24.6,82,15.7,30,1009.8,1
2026-02-24,Khanh_Hoa,12.2388,109.1967,24.6,80,16.2,54,1010.5,0
2026-02-25,Khanh_Hoa,12.2388,109.1967,25.1,80,18.4,91,1010.6,1
2026-02-26,Khanh_Hoa,12.2388,109.1967,25.2,85,14.3,88,1009.1,1
2026-02-27,Khanh_Hoa,12.2388,109.1967,25.0,90,13.4,69,1007.9,1
2026-02-28,Khanh_Hoa,12.2388,109.1967,25.7,85,13.6,21,1007.6,1
2026-03-01,Khanh_Hoa,12.2388,109.1967,26.0,82,13.3,13,1007.9,0
2026-03-02,Khanh_Hoa,12.2388,109.1967,26.5,80,14.9,29,1009.1,0
2026-03-03,Khanh_Hoa,12.2388,109.1967,26.7,82,16.3,49,1009.5,1
2026-03-04,Khanh_Hoa,12.2388,109.1967,26.7,77,12.9,44,1010.3,1
2026-03-05,Khanh_Hoa,12.2388,109.1967,26.1,80,21.3,37,1010.5,1
2026-03-06,Khanh_Hoa,12.2388,109.1967,25.7,77,20.1,52,1011.5,1
2026-03-07,Khanh_Hoa,12.2388,109.1967,25.8,71,26.9,51,1012.9,1
2026-03-08,Khanh_Hoa,12.2388,109.1967,25.7,70,27.0,31,1012.5,1
2026-03-09,Khanh_Hoa,12.2388,109.1967,25.8,76,22.0,39,1013.1,1
2026-03-10,Khanh_Hoa,12.2388,109.1967,25.1,78,27.3,48,1014.2,1
2026-03-11,Khanh_Hoa,12.2388,109.1967,25.4,70,25.1,23,1013.5,0
2026-03-12,Khanh_Hoa,12.2388,109.1967,25.2,70,26.1,48,1013.0,1
2026-03-13,Khanh_Hoa,12.2388,109.1967,25.2,70,24.2,56,1013.4,1
2026-03-14,Khanh_Hoa,12.2388,109.1967,23.9,80,24.2,82,1014.6,1
2026-03-15,Khanh_Hoa,12.2388,109.1967,24.4,77,21.2,85,1014.8,1
2026-03-16,Khanh_Hoa,12.2388,109.1967,25.0,72,23.7,39,1013.2,1
2026-03-17,Khanh_Hoa,12.2388,109.1967,25.3,67,21.5,13,1012.6,0
2026-03-18,Khanh_Hoa,12.2388,109.1967,24.7,72,16.1,55,1012.9,0
2026-03-19,Khanh_Hoa,12.2388,109.1967,25.3,72,14.4,10,1012.1,0
2026-03-20,Khanh_Hoa,12.2388,109.1967,25.3,74,11.5,28,1012.0,0
2026-03-21,Khanh_Hoa,12.2388,109.1967,25.4,77,15.0,20,1012.6,1
2026-03-22,Khanh_Hoa,12.2388,109.1967,25.8,77,15.9,30,1012.1,0
2026-03-23,Khanh_Hoa,12.2388,109.1967,25.8,77,14.8,42,1011.6,1
2026-03-24,Khanh_Hoa,12.2388,109.1967,25.5,75,12.3,14,1010.4,0
2026-03-25,Khanh_Hoa,12.2388,109.1967,25.8,74,16.2,12,1010.5,1
2026-03-26,Khanh_Hoa,12.2388,109.1967,26.3,74,14.1,23,1010.4,1
2026-03-27,Khanh_Hoa,12.2388,109.1967,26.2,73,16.1,10,1009.8,0
2026-03-28,Khanh_Hoa,12.2388,109.1967,26.7,73,14.3,16,1009.3,0
2026-03-29,Khanh_Hoa,12.2388,109.1967,27.0,75,15.8,51,1009.5,0
2026-03-30,Khanh_Hoa,12.2388,109.1967,27.1,76,15.8,16,1010.3,0
2026-03-31,Khanh_Hoa,12.2388,109.1967,26.9,72,17.0,46,1010.2,0
2026-04-01,Khanh_Hoa,12.2388,109.1967,26.9,76,16.8,37,1010.2,0
2026-04-02,Khanh_Hoa,12.2388,109.1967,26.7,71,11.2,4,1011.2,0
2026-04-03,Khanh_Hoa,12.2388,109.1967,26.7,66,15.8,6,1009.5,0
2026-04-04,Khanh_Hoa,12.2388,109.1967,27.5,70,19.4,49,1007.2,0
2026-04-05,Khanh_Hoa,12.2388,109.1967,28.0,76,20.0,16,1006.7,0
2026-04-06,Khanh_Hoa,12.2388,109.1967,28.1,75,21.6,2,1007.8,0
2026-04-07,Khanh_Hoa,12.2388,109.1967,28.5,76,20.0,25,1008.2,0
2026-04-08,Khanh_Hoa,12.2388,109.1967,27.8,83,19.9,25,1009.4,0
2026-04-09,Khanh_Hoa,12.2388,109.1967,27.6,73,20.9,10,1010.1,0
2026-04-10,Khanh_Hoa,12.2388,109.1967,28.0,71,17.9,4,1009.6,0
2026-04-11,Khanh_Hoa,12.2388,109.1967,28.3,74,22.9,4,1008.2,0
2026-04-12,Khanh_Hoa,12.2388,109.1967,28.4,76,21.0,3,1007.6,0
2026-04-13,Khanh_Hoa,12.2388,109.1967,28.6,75,23.6,5,1008.7,0
2026-04-14,Khanh_Hoa,12.2388,109.1967,28.2,76,18.8,2,1008.9,0
2026-04-15,Khanh_Hoa,12.2388,109.1967,28.0,76,18.0,7,1008.1,0
2026-04-16,Khanh_Hoa,12.2388,109.1967,28.3,74,18.5,16,1008.5,0
2026-04-17,Khanh_Hoa,12.2388,109.1967,28.1,73,17.5,41,1009.2,0
2026-04-18,Khanh_Hoa,12.2388,109.1967,27.6,76,14.5,63,1009.5,1
2026-04-19,Khanh_Hoa,12.2388,109.1967,28.3,61,13.7,15,1009.7,0
2026-04-20,Khanh_Hoa,12.2388,109.1967,27.5,65,16.0,6,1009.9,0
2026-04-21,Khanh_Hoa,12.2388,109.1967,28.0,62,16.7,1,1008.9,0
2026-04-22,Khanh_Hoa,12.2388,109.1967,28.5,64,20.8,10,1008.1,0
2026-04-23,Khanh_Hoa,12.2388,109.1967,29.0,67,24.0,12,1007.0,0
2026-04-24,Khanh_Hoa,12.2388,109.1967,29.1,70,18.6,63,1008.3,1
2026-04-25,Khanh_Hoa,12.2388,109.1967,28.0,74,15.8,49,1010.9,1
2026-04-26,Khanh_Hoa,12.2388,109.1967,28.2,72,16.6,76,1010.3,0
2026-04-27,Khanh_Hoa,12.2388,109.1967,28.5,74,12.6,40,1009.1,1
2026-04-28,Khanh_Hoa,12.2388,109.1967,29.0,74,12.2,76,1008.8,1
2026-04-29,Khanh_Hoa,12.2388,109.1967,29.4,72,15.3,77,1009.1,0
2026-04-30,Khanh_Hoa,12.2388,109.1967,28.9,74,20.2,26,1010.6,1
2026-05-01,Khanh_Hoa,12.2388,109.1967,28.6,72,22.1,58,1010.4,1
2026-05-02,Khanh_Hoa,12.2388,109.1967,28.7,75,15.8,93,1009.3,1
2026-05-03,Khanh_Hoa,12.2388,109.1967,29.0,74,13.4,61,1009.1,1
2026-05-04,Khanh_Hoa,12.2388,109.1967,29.1,74,18.8,98,1010.5,1
2026-05-05,Khanh_Hoa,12.2388,109.1967,28.2,76,19.0,83,1009.8,1
2026-05-06,Khanh_Hoa,12.2388,109.1967,28.8,72,12.0,98,1009.0,1
2026-05-07,Khanh_Hoa,12.2388,109.1967,29.0,75,15.1,44,1008.4,1
2026-05-08,Khanh_Hoa,12.2388,109.1967,29.2,70,17.6,46,1009.3,1
2026-05-09,Khanh_Hoa,12.2388,109.1967,29.0,69,21.9,70,1009.9,1
2026-05-10,Khanh_Hoa,12.2388,109.1967,29.1,72,20.3,32,1009.6,1
2026-05-11,Khanh_Hoa,12.2388,109.1967,28.7,74,16.4,72,1009.8,1
2026-05-12,Khanh_Hoa,12.2388,109.1967,29.3,72,12.6,85,1008.1,1
2026-05-13,Khanh_Hoa,12.2388,109.1967,29.8,72,15.5,86,1006.6,0
2026-05-14,Khanh_Hoa,12.2388,109.1967,30.5,73,17.1,90,1005.7,1
2026-05-15,Khanh_Hoa,12.2388,109.1967,30.5,76,14.9,82,1005.5,1
2026-05-16,Khanh_Hoa,12.2388,109.1967,29.7,75,13.4,99,1005.9,1
2026-05-17,Khanh_Hoa,12.2388,109.1967,29.5,81,17.1,93,1005.9,1
2026-05-18,Khanh_Hoa,12.2388,109.1967,29.3,79,22.5,94,1006.2,1
2026-05-19,Khanh_Hoa,12.2388,109.1967,30.1,74,26.2,81,1005.7,1
