date,destination,latitude,longitude,temp,humidity,wind_speed,cloud_cover,pressure,rain
2020-01-01,Gia_Lai,13.9833,108.0,21.4,72,33.8,59,933.6,0
2020-01-02,Gia_Lai,13.9833,108.0,21.7,74,32.3,16,933.8,0
2020-01-03,Gia_Lai,13.9833,108.0,21.3,69,25.4,41,932.5,0
2020-01-04,Gia_Lai,13.9833,108.0,20.4,67,23.2,69,930.7,0
2020-01-05,Gia_Lai,13.9833,108.0,19.8,69,28.3,32,930.2,0
2020-01-06,Gia_Lai,13.9833,108.0,21.2,70,20.9,28,930.6,0
2020-01-07,Gia_Lai,13.9833,108.0,21.8,74,22.1,46,929.9,0
2020-01-08,Gia_Lai,13.9833,108.0,22.2,71,26.0,87,930.0,0
2020-01-09,Gia_Lai,13.9833,108.0,22.2,71,22.7,49,929.0,0
2020-01-10,Gia_Lai,13.9833,108.0,21.9,70,19.2,11,928.1,0
2020-01-11,Gia_Lai,13.9833,108.0,22.1,74,17.8,93,927.8,1
2020-01-12,Gia_Lai,13.9833,108.0,21.7,66,20.6,84,928.2,0
2020-01-13,Gia_Lai,13.9833,108.0,20.1,69,23.2,27,928.5,0
2020-01-14,Gia_Lai,13.9833,108.0,19.2,68,22.9,55,929.3,0
2020-01-15,Gia_Lai,13.9833,108.0,19.7,70,20.4,34,929.4,0
2020-01-16,Gia_Lai,13.9833,108.0,20.9,73,19.2,2,929.6,0
2020-01-17,Gia_Lai,13.9833,108.0,21.3,70,22.3,2,930.7,0
2020-01-18,Gia_Lai,13.9833,108.0,20.6,68,23.8,4,930.2,0
2020-01-19,Gia_Lai,13.9833,108.0,19.9,70,27.4,44,930.9,0
2020-01-20,Gia_Lai,13.9833,108.0,20.0,67,22.9,21,931.5,0
2020-01-21,Gia_Lai,13.9833,108.0,20.6,67,21.6,1,932.4,0
2020-01-22,Gia_Lai,13.9833,108.0,21.3,64,21.6,44,931.2,0
2020-01-23,Gia_Lai,13.9833,108.0,21.6,63,20.0,34,930.1,0
2020-01-24,Gia_Lai,13.9833,108.0,21.5,64,19.2,88,929.8,0
2020-01-25,Gia_Lai,13.9833,108.0,22.2,69,17.2,90,928.1,0
2020-01-26,Gia_Lai,13.9833,108.0,22.2,76,15.9,74,927.8,1
2020-01-27,Gia_Lai,13.9833,108.0,22.1,68,16.5,46,927.5,1
2020-01-28,Gia_Lai,13.9833,108.0,22.0,71,16.3,37,928.3,0
2020-01-29,Gia_Lai,13.9833,108.0,20.6,74,21.0,54,929.9,1
2020-01-30,Gia_Lai,13.9833,108.0,19.1,71,22.0,63,930.1,1
2020-01-31,Gia_Lai,13.9833,108.0,18.4,68,22.7,44,930.7,0
2020-02-01,Gia_Lai,13.9833,108.0,18.6,69,23.5,51,930.9,0
2020-02-02,Gia_Lai,13.9833,108.0,19.2,66,21.6,20,931.6,0
2020-02-03,Gia_Lai,13.9833,108.0,19.9,63,21.2,48,930.9,0
2020-02-04,Gia_Lai,13.9833,108.0,20.4,66,20.5,41,930.2,0
2020-02-05,Gia_Lai,13.9833,108.0,19.8,62,22.0,40,929.9,0
2020-02-06,Gia_Lai,13.9833,108.0,20.3,55,19.5,38,930.2,0
2020-02-07,Gia_Lai,13.9833,108.0,21.5,50,22.3,48,931.0,0
2020-02-08,Gia_Lai,13.9833,108.0,21.3,61,25.6,38,931.8,0
2020-02-09,Gia_Lai,13.9833,108.0,20.7,66,32.5,48,932.2,0
2020-02-10,Gia_Lai,13.9833,108.0,20.6,67,29.6,68,931.7,0
2020-02-11,Gia_Lai,13.9833,108.0,22.1,70,21.1,14,931.9,0
2020-02-12,Gia_Lai,13.9833,108.0,23.0,71,18.1,19,931.2,1
2020-02-13,Gia_Lai,13.9833,108.0,24.4,68,17.3,57,929.9,1
2020-02-14,Gia_Lai,13.9833,108.0,24.6,68,12.0,24,928.2,1
2020-02-15,Gia_Lai,13.9833,108.0,25.7,62,13.0,23,928.8,0
2020-02-16,Gia_Lai,13.9833,108.0,25.3,65,23.5,29,930.7,0
2020-02-17,Gia_Lai,13.9833,108.0,22.2,65,26.6,24,932.5,0
2020-02-18,Gia_Lai,13.9833,108.0,20.8,66,29.8,15,932.6,0
2020-02-19,Gia_Lai,13.9833,108.0,20.5,65,26.1,11,932.7,0
2020-02-20,Gia_Lai,13.9833,108.0,20.3,67,25.8,5,932.6,0
2020-02-21,Gia_Lai,13.9833,108.0,20.5,66,30.4,22,934.3,0
2020-02-22,Gia_Lai,13.9833,108.0,20.3,63,31.1,2,934.3,0
2020-02-23,Gia_Lai,13.9833,108.0,20.1,59,25.5,5,933.3,0
2020-02-24,Gia_Lai,13.9833,108.0,20.4,58,22.7,68,931.2,0
2020-02-25,Gia_Lai,13.9833,108.0,21.6,64,24.2,15,929.8,0
2020-02-26,Gia_Lai,13.9833,108.0,22.3,67,27.8,12,930.5,0
2020-02-27,Gia_Lai,13.9833,108.0,22.2,61,25.4,49,929.9,0
2020-02-28,Gia_Lai,13.9833,108.0,22.4,59,24.0,40,928.7,0
2020-02-29,Gia_Lai,13.9833,108.0,22.9,69,22.7,11,928.3,0
2020-03-01,Gia_Lai,13.9833,108.0,23.8,66,20.3,54,928.7,0
2020-03-02,Gia_Lai,13.9833,108.0,23.3,69,26.7,66,928.8,0
2020-03-03,Gia_Lai,13.9833,108.0,23.1,70,23.2,46,929.0,0
2020-03-04,Gia_Lai,13.9833,108.0,23.6,67,22.5,52,928.8,0
2020-03-05,Gia_Lai,13.9833,108.0,23.3,70,23.1,46,929.6,0
2020-03-06,Gia_Lai,13.9833,108.0,24.2,64,17.7,36,930.1,0
2020-03-07,Gia_Lai,13.9833,108.0,25.6,66,11.8,45,929.7,1
2020-03-08,Gia_Lai,13.9833,108.0,26.6,62,16.2,26,927.7,1
2020-03-09,Gia_Lai,13.9833,108.0,26.5,60,16.4,23,926.4,1
2020-03-10,Gia_Lai,13.9833,108.0,27.6,59,18.8,27,927.5,1
2020-03-11,Gia_Lai,13.9833,108.0,25.4,66,22.7,26,929.4,0
2020-03-12,Gia_Lai,13.9833,108.0,25.5,61,18.8,21,930.2,0
2020-03-13,Gia_Lai,13.9833,108.0,26.7,51,18.4,31,930.4,0
2020-03-14,Gia_Lai,13.9833,108.0,25.7,51,22.8,41,929.8,0
2020-03-15,Gia_Lai,13.9833,108.0,23.9,65,25.4,61,930.3,0
2020-03-16,Gia_Lai,13.9833,108.0,24.1,68,25.2,54,930.7,0
2020-03-17,Gia_Lai,13.9833,108.0,24.1,68,21.5,35,930.8,0
2020-03-18,Gia_Lai,13.9833,108.0,24.5,59,22.7,50,929.0,0
2020-03-19,Gia_Lai,13.9833,108.0,25.3,63,18.0,49,929.0,0
2020-03-20,Gia_Lai,13.9833,108.0,25.0,56,20.6,51,929.5,0
2020-03-21,Gia_Lai,13.9833,108.0,24.8,62,19.7,31,929.7,0
2020-03-22,Gia_Lai,13.9833,108.0,25.2,58,18.4,10,929.0,0
2020-03-23,Gia_Lai,13.9833,108.0,25.2,58,18.5,16,928.6,0
2020-03-24,Gia_Lai,13.9833,108.0,24.8,63,21.0,21,928.2,0
2020-03-25,Gia_Lai,13.9833,108.0,24.8,65,19.5,35,927.3,1
2020-03-26,Gia_Lai,13.9833,108.0,25.4,63,18.0,25,928.2,0
2020-03-27,Gia_Lai,13.9833,108.0,26.1,60,15.9,40,928.5,1
2020-03-28,Gia_Lai,13.9833,108.0,26.3,63,16.7,49,927.9,1
2020-03-29,Gia_Lai,13.9833,108.0,26.7,53,19.1,53,927.5,0
2020-03-30,Gia_Lai,13.9833,108.0,25.7,65,13.1,28,927.6,1
2020-03-31,Gia_Lai,13.9833,108.0,26.7,64,15.3,39,928.3,1
2020-04-01,Gia_Lai,13.9833,108.0,26.4,61,22.8,24,928.3,0
2020-04-02,Gia_Lai,13.9833,108.0,25.3,62,23.1,27,929.1,0
2020-04-03,Gia_Lai,13.9833,108.0,25.6,64,22.0,18,929.5,0
2020-04-04,Gia_Lai,13.9833,108.0,25.4,66,24.9,14,929.8,0
2020-04-05,Gia_Lai,13.9833,108.0,25.4,64,23.5,5,929.8,0
2020-04-06,Gia_Lai,13.9833,108.0,24.9,66,20.3,45,929.0,1
2020-04-07,Gia_Lai,13.9833,108.0,23.9,78,13.7,74,928.5,1
2020-04-08,Gia_Lai,13.9833,108.0,24.2,78,16.2,71,929.0,1
2020-04-09,Gia_Lai,13.9833,108.0,24.3,74,15.2,93,929.8,1
2020-04-10,Gia_Lai,13.9833,108.0,24.1,74,20.2,90,930.5,1
2020-04-11,Gia_Lai,13.9833,108.0,24.6,75,15.1,88,929.9,1
2020-04-12,Gia_Lai,13.9833,108.0,24.3,74,20.9,89,929.2,1
2020-04-13,Gia_Lai,13.9833,108.0,22.9,72,25.8,92,929.5,1
2020-04-14,Gia_Lai,13.9833,108.0,22.9,69,19.1,64,929.7,0
2020-04-15,Gia_Lai,13.9833,108.0,23.0,74,19.5,89,929.7,1
2020-04-16,Gia_Lai,13.9833,108.0,24.0,71,16.7,86,928.8,1
2020-04-17,Gia_Lai,13.9833,108.0,24.5,74,17.8,91,929.0,1
2020-04-18,Gia_Lai,13.9833,108.0,24.8,77,11.6,90,929.7,1
2020-04-19,Gia_Lai,13.9833,108.0,25.4,76,10.2,71,928.8,1
2020-04-20,Gia_Lai,13.9833,108.0,26.7,72,11.9,52,928.9,1
2020-04-21,Gia_Lai,13.9833,108.0,27.4,55,18.0,58,928.1,0
2020-04-22,Gia_Lai,13.9833,108.0,27.1,56,15.8,59,928.2,1
2020-04-23,Gia_Lai,13.9833,108.0,26.1,64,22.8,67,928.9,0
2020-04-24,Gia_Lai,13.9833,108.0,25.3,68,21.7,74,929.3,1
2020-04-25,Gia_Lai,13.9833,108.0,24.9,68,27.7,49,929.5,1
2020-04-26,Gia_Lai,13.9833,108.0,24.7,69,23.5,51,930.0,1
2020-04-27,Gia_Lai,13.9833,108.0,24.4,63,24.0,70,930.5,0
2020-04-28,Gia_Lai,13.9833,108.0,24.3,63,25.0,42,929.9,0
2020-04-29,Gia_Lai,13.9833,108.0,24.6,62,25.8,63,929.3,0
2020-04-30,Gia_Lai,13.9833,108.0,25.5,62,24.1,28,929.4,0
2020-05-01,Gia_Lai,13.9833,108.0,26.2,64,18.3,27,927.9,0
2020-05-02,Gia_Lai,13.9833,108.0,26.6,65,18.0,15,927.2,1
2020-05-03,Gia_Lai,13.9833,108.0,27.6,57,15.9,37,927.3,1
2020-05-04,Gia_Lai,13.9833,108.0,28.5,50,15.4,30,928.0,0
2020-05-05,Gia_Lai,13.9833,108.0,27.7,62,11.6,38,927.4,1
2020-05-06,Gia_Lai,13.9833,108.0,28.9,52,16.9,42,927.0,1
2020-05-07,Gia_Lai,13.9833,108.0,28.8,66,10.5,36,926.6,1
2020-05-08,Gia_Lai,13.9833,108.0,28.8,65,18.0,79,926.9,1
2020-05-09,Gia_Lai,13.9833,108.0,27.6,70,15.5,64,927.8,1
2020-05-10,Gia_Lai,13.9833,108.0,29.4,59,13.0,44,927.7,1
2020-05-11,Gia_Lai,13.9833,108.0,28.8,44,14.1,62,927.9,0
2020-05-12,Gia_Lai,13.9833,108.0,28.3,53,18.8,82,927.8,0
2020-05-13,Gia_Lai,13.9833,108.0,27.4,60,21.7,28,927.7,0
2020-05-14,Gia_Lai,13.9833,108.0,27.2,60,20.5,62,927.4,0
2020-05-15,Gia_Lai,13.9833,108.0,27.7,50,18.0,84,925.6,1
2020-05-16,Gia_Lai,13.9833,108.0,26.0,71,11.7,69,925.2,1
2020-05-17,Gia_Lai,13.9833,108.0,25.1,82,14.8,82,924.9,1
2020-05-18,Gia_Lai,13.9833,108.0,25.9,78,14.8,90,925.0,1
2020-05-19,Gia_Lai,13.9833,108.0,25.0,84,18.5,81,925.3,1
2020-05-20,Gia_Lai,13.9833,108.0,25.5,83,18.2,92,925.9,1
2020-05-21,Gia_Lai,13.9833,108.0,24.7,83,19.0,96,926.0,1
2020-05-22,Gia_Lai,13.9833,108.0,25.7,80,20.0,94,925.9,1
2020-05-23,Gia_Lai,13.9833,108.0,24.3,89,13.7,99,926.9,1
2020-05-24,Gia_Lai,13.9833,108.0,25.5,80,16.2,93,928.1,1
2020-05-25,Gia_Lai,13.9833,108.0,24.2,90,15.3,70,929.0,1
2020-05-26,Gia_Lai,13.9833,108.0,24.5,89,18.3,81,928.6,1
2020-05-27,Gia_Lai,13.9833,108.0,24.3,88,14.2,86,928.2,1
2020-05-28,Gia_Lai,13.9833,108.0,23.9,88,10.0,91,928.2,1
2020-05-29,Gia_Lai,13.9833,108.0,24.3,87,11.6,87,928.4,1
2020-05-30,Gia_Lai,13.9833,108.0,23.9,86,14.0,71,929.8,1
2020-05-31,Gia_Lai,13.9833,108.0,24.3,87,8.9,39,929.4,1
2020-06-01,Gia_Lai,13.9833,108.0,24.3,85,12.8,35,928.8,1
2020-06-02,Gia_Lai,13.9833,108.0,24.3,85,11.2,74,928.0,1
2020-06-03,Gia_Lai,13.9833,108.0,24.4,83,9.2,81,926.9,1
2020-06-04,Gia_Lai,13.9833,108.0,23.8,88,15.3,89,926.9,1
2020-06-05,Gia_Lai,13.9833,108.0,24.6,82,15.3,81,927.0,1
2020-06-06,Gia_Lai,13.9833,108.0,23.8,89,17.1,92,926.9,1
2020-06-07,Gia_Lai,13.9833,108.0,24.1,87,18.2,80,926.2,1
2020-06-08,Gia_Lai,13.9833,108.0,24.4,85,16.6,74,925.9,1
2020-06-09,Gia_Lai,13.9833,108.0,25.1,81,15.7,85,926.3,1
2020-06-10,Gia_Lai,13.9833,108.0,24.0,87,10.5,93,926.5,1
2020-06-11,Gia_Lai,13.9833,108.0,23.6,90,12.1,88,925.4,1
2020-06-12,Gia_Lai,13.9833,108.0,24.2,89,14.1,69,923.9,1
2020-06-13,Gia_Lai,13.9833,108.0,24.0,91,13.3,96,923.6,1
2020-06-14,Gia_Lai,13.9833,108.0,23.7,90,16.5,99,925.5,1
2020-06-15,Gia_Lai,13.9833,108.0,23.0,90,15.0,89,927.7,1
2020-06-16,Gia_Lai,13.9833,108.0,23.4,90,13.4,90,927.6,1
2020-06-17,Gia_Lai,13.9833,108.0,22.5,92,12.8,91,926.9,1
2020-06-18,Gia_Lai,13.9833,108.0,23.9,84,18.0,44,926.6,1
2020-06-19,Gia_Lai,13.9833,108.0,24.6,82,13.7,59,926.6,1
2020-06-20,Gia_Lai,13.9833,108.0,24.4,86,11.6,51,926.2,1
2020-06-21,Gia_Lai,13.9833,108.0,24.0,87,14.2,62,925.4,1
2020-06-22,Gia_Lai,13.9833,108.0,24.5,86,10.8,52,925.3,1
2020-06-23,Gia_Lai,13.9833,108.0,24.8,85,12.9,64,926.4,1
2020-06-24,Gia_Lai,13.9833,108.0,25.3,83,13.0,83,926.2,1
2020-06-25,Gia_Lai,13.9833,108.0,24.2,88,14.6,91,925.9,1
2020-06-26,Gia_Lai,13.9833,108.0,23.9,87,12.3,83,926.1,1
2020-06-27,Gia_Lai,13.9833,108.0,23.4,89,15.5,85,926.1,1
2020-06-28,Gia_Lai,13.9833,108.0,23.0,90,14.1,90,925.8,1
2020-06-29,Gia_Lai,13.9833,108.0,21.6,97,19.2,100,925.4,1
2020-06-30,Gia_Lai,13.9833,108.0,21.5,95,21.8,100,925.2,1
2020-07-01,Gia_Lai,13.9833,108.0,21.3,98,20.7,98,924.4,1
2020-07-02,Gia_Lai,13.9833,108.0,21.9,95,20.8,90,923.7,1
2020-07-03,Gia_Lai,13.9833,108.0,22.1,97,17.7,96,925.5,1
2020-07-04,Gia_Lai,13.9833,108.0,22.6,93,18.8,77,926.5,1
2020-07-05,Gia_Lai,13.9833,108.0,23.7,86,10.0,46,925.1,1
2020-07-06,Gia_Lai,13.9833,108.0,23.8,88,8.9,54,924.9,1
2020-07-07,Gia_Lai,13.9833,108.0,24.7,82,11.3,24,927.1,1
2020-07-08,Gia_Lai,13.9833,108.0,24.2,87,11.4,84,927.1,1
2020-07-09,Gia_Lai,13.9833,108.0,24.4,88,13.7,90,925.3,1
2020-07-10,Gia_Lai,13.9833,108.0,24.1,89,16.2,78,925.7,1
2020-07-11,Gia_Lai,13.9833,108.0,24.4,85,12.2,96,926.0,1
2020-07-12,Gia_Lai,13.9833,108.0,23.9,86,12.2,88,925.3,1
2020-07-13,Gia_Lai,13.9833,108.0,23.8,87,9.4,66,925.7,1
2020-07-14,Gia_Lai,13.9833,108.0,23.3,91,14.0,81,926.0,1
2020-07-15,Gia_Lai,13.9833,108.0,23.6,89,9.8,53,925.4,1
2020-07-16,Gia_Lai,13.9833,108.0,24.0,87,8.2,36,925.3,1
2020-07-17,Gia_Lai,13.9833,108.0,24.5,82,12.0,60,926.3,1
2020-07-18,Gia_Lai,13.9833,108.0,24.0,86,13.0,65,926.7,1
2020-07-19,Gia_Lai,13.9833,108.0,24.3,85,11.7,72,926.1,1
2020-07-20,Gia_Lai,13.9833,108.0,23.9,86,9.6,87,926.1,1
2020-07-21,Gia_Lai,13.9833,108.0,23.8,83,16.4,76,926.5,1
2020-07-22,Gia_Lai,13.9833,108.0,23.9,82,9.1,44,926.3,1
2020-07-23,Gia_Lai,13.9833,108.0,23.7,88,9.7,76,926.5,1
2020-07-24,Gia_Lai,13.9833,108.0,23.1,88,9.8,70,926.6,1
2020-07-25,Gia_Lai,13.9833,108.0,24.0,85,7.1,62,926.2,1
2020-07-26,Gia_Lai,13.9833,108.0,23.7,89,13.3,59,926.1,1
2020-07-27,Gia_Lai,13.9833,108.0,23.5,88,12.0,67,925.3,1
2020-07-28,Gia_Lai,13.9833,108.0,24.0,87,14.3,71,925.7,1
2020-07-29,Gia_Lai,13.9833,108.0,23.7,89,12.4,85,925.5,1
2020-07-30,Gia_Lai,13.9833,108.0,23.2,92,13.8,89,924.3,1
2020-07-31,Gia_Lai,13.9833,108.0,21.7,98,21.6,100,921.8,1
2020-08-01,Gia_Lai,13.9833,108.0,21.4,98,37.3,100,920.0,1
2020-08-02,Gia_Lai,13.9833,108.0,22.1,97,31.4,98,921.3,1
2020-08-03,Gia_Lai,13.9833,108.0,22.2,96,27.6,97,922.7,1
2020-08-04,Gia_Lai,13.9833,108.0,22.6,96,26.6,96,923.4,1
2020-08-05,Gia_Lai,13.9833,108.0,23.1,95,16.2,96,924.7,1
2020-08-06,Gia_Lai,13.9833,108.0,23.2,92,10.8,84,925.0,1
2020-08-07,Gia_Lai,13.9833,108.0,23.3,88,10.1,84,924.5,1
2020-08-08,Gia_Lai,13.9833,108.0,22.5,94,14.7,92,924.3,1
2020-08-09,Gia_Lai,13.9833,108.0,22.0,95,21.8,98,924.3,1
2020-08-10,Gia_Lai,13.9833,108.0,22.4,95,21.9,93,925.2,1
2020-08-11,Gia_Lai,13.9833,108.0,22.6,94,19.6,84,925.6,1
2020-08-12,Gia_Lai,13.9833,108.0,22.4,94,16.1,98,926.5,1
2020-08-13,Gia_Lai,13.9833,108.0,22.2,94,15.5,100,926.8,1
2020-08-14,Gia_Lai,13.9833,108.0,22.5,90,15.2,100,926.7,1
2020-08-15,Gia_Lai,13.9833,108.0,22.8,88,11.9,97,926.4,1
2020-08-16,Gia_Lai,13.9833,108.0,23.8,81,15.1,69,925.9,1
2020-08-17,Gia_Lai,13.9833,108.0,23.0,90,15.1,93,925.1,1
2020-08-18,Gia_Lai,13.9833,108.0,23.2,89,12.3,79,924.7,1
2020-08-19,Gia_Lai,13.9833,108.0,22.2,92,17.3,97,924.7,1
2020-08-20,Gia_Lai,13.9833,108.0,21.7,96,14.4,100,925.5,1
2020-08-21,Gia_Lai,13.9833,108.0,22.4,88,16.2,96,926.5,1
2020-08-22,Gia_Lai,13.9833,108.0,23.2,86,15.5,89,926.5,1
2020-08-23,Gia_Lai,13.9833,108.0,23.0,92,14.7,97,927.1,1
2020-08-24,Gia_Lai,13.9833,108.0,23.2,90,17.7,80,927.3,1
2020-08-25,Gia_Lai,13.9833,108.0,24.7,85,17.7,58,926.4,1
2020-08-26,Gia_Lai,13.9833,108.0,24.5,86,21.6,59,925.3,1
2020-08-27,Gia_Lai,13.9833,108.0,23.1,93,23.1,96,924.1,1
2020-08-28,Gia_Lai,13.9833,108.0,22.3,94,15.1,98,923.7,1
2020-08-29,Gia_Lai,13.9833,108.0,23.3,89,12.7,74,924.3,1
2020-08-30,Gia_Lai,13.9833,108.0,23.6,89,13.2,74,924.5,1
2020-08-31,Gia_Lai,13.9833,108.0,23.5,89,13.1,68,925.1,1
2020-09-01,Gia_Lai,13.9833,108.0,23.2,90,9.7,74,925.3,1
2020-09-02,Gia_Lai,13.9833,108.0,23.2,90,13.0,87,925.9,1
2020-09-03,Gia_Lai,13.9833,108.0,24.0,86,14.0,89,926.4,1
2020-09-04,Gia_Lai,13.9833,108.0,24.3,87,11.6,77,926.4,1
2020-09-05,Gia_Lai,13.9833,108.0,23.7,89,10.5,74,926.0,1
2020-09-06,Gia_Lai,13.9833,108.0,23.3,91,15.5,89,925.5,1
2020-09-07,Gia_Lai,13.9833,108.0,23.5,92,13.6,94,926.1,1
2020-09-08,Gia_Lai,13.9833,108.0,24.6,85,7.6,86,927.4,1
2020-09-09,Gia_Lai,13.9833,108.0,23.4,90,9.8,83,927.0,1
2020-09-10,Gia_Lai,13.9833,108.0,23.3,88,8.8,80,925.1,1
2020-09-11,Gia_Lai,13.9833,108.0,23.5,89,9.4,68,926.2,1
2020-09-12,Gia_Lai,13.9833,108.0,23.4,89,14.8,37,927.7,1
2020-09-13,Gia_Lai,13.9833,108.0,23.7,84,12.0,34,927.6,1
2020-09-14,Gia_Lai,13.9833,108.0,23.4,87,10.8,70,926.6,1
2020-09-15,Gia_Lai,13.9833,108.0,23.9,85,6.0,73,926.5,1
2020-09-16,Gia_Lai,13.9833,108.0,23.2,92,13.5,98,925.6,1
2020-09-17,Gia_Lai,13.9833,108.0,21.9,96,21.5,100,922.6,1
2020-09-18,Gia_Lai,13.9833,108.0,21.3,98,33.4,100,919.7,1
2020-09-19,Gia_Lai,13.9833,108.0,21.9,95,19.5,100,925.2,1
2020-09-20,Gia_Lai,13.9833,108.0,22.5,90,15.5,99,927.9,1
2020-09-21,Gia_Lai,13.9833,108.0,23.4,88,9.8,91,927.2,1
2020-09-22,Gia_Lai,13.9833,108.0,23.6,87,12.4,43,926.8,1
2020-09-23,Gia_Lai,13.9833,108.0,23.7,83,9.4,63,927.3,1
2020-09-24,Gia_Lai,13.9833,108.0,23.2,89,13.6,68,927.9,1
2020-09-25,Gia_Lai,13.9833,108.0,23.1,90,15.8,72,927.1,1
2020-09-26,Gia_Lai,13.9833,108.0,22.7,91,13.8,78,926.1,1
2020-09-27,Gia_Lai,13.9833,108.0,22.8,89,18.4,94,924.9,1
2020-09-28,Gia_Lai,13.9833,108.0,23.4,87,17.1,95,925.2,1
2020-09-29,Gia_Lai,13.9833,108.0,22.2,92,19.1,99,926.1,1
2020-09-30,Gia_Lai,13.9833,108.0,22.6,93,11.6,91,924.9,1
2020-10-01,Gia_Lai,13.9833,108.0,22.8,92,10.5,77,924.2,1
2020-10-02,Gia_Lai,13.9833,108.0,23.3,88,15.5,66,924.9,1
2020-10-03,Gia_Lai,13.9833,108.0,23.3,87,11.8,95,926.1,1
2020-10-04,Gia_Lai,13.9833,108.0,22.9,92,6.6,97,926.5,1
2020-10-05,Gia_Lai,13.9833,108.0,22.9,89,12.4,69,925.8,1
2020-10-06,Gia_Lai,13.9833,108.0,22.6,87,14.8,86,925.0,1
2020-10-07,Gia_Lai,13.9833,108.0,21.9,94,22.6,100,922.5,1
2020-10-08,Gia_Lai,13.9833,108.0,22.9,90,22.3,100,924.2,1
2020-10-09,Gia_Lai,13.9833,108.0,22.3,90,16.2,100,925.1,1
2020-10-10,Gia_Lai,13.9833,108.0,22.6,89,17.9,99,924.7,1
2020-10-11,Gia_Lai,13.9833,108.0,20.7,98,27.7,100,922.1,1
2020-10-12,Gia_Lai,13.9833,108.0,22.0,90,13.7,98,921.9,1
2020-10-13,Gia_Lai,13.9833,108.0,22.0,89,13.7,100,922.6,1
2020-10-14,Gia_Lai,13.9833,108.0,22.3,89,15.2,99,923.4,1
2020-10-15,Gia_Lai,13.9833,108.0,23.1,90,11.8,95,923.6,1
2020-10-16,Gia_Lai,13.9833,108.0,22.4,94,14.5,99,922.4,1
2020-10-17,Gia_Lai,13.9833,108.0,21.1,97,25.0,100,922.8,1
2020-10-18,Gia_Lai,13.9833,108.0,21.6,95,16.0,100,925.5,1
2020-10-19,Gia_Lai,13.9833,108.0,22.1,94,12.6,98,926.2,1
2020-10-20,Gia_Lai,13.9833,108.0,22.7,90,14.2,84,926.4,1
2020-10-21,Gia_Lai,13.9833,108.0,22.7,82,21.4,99,926.2,1
2020-10-22,Gia_Lai,13.9833,108.0,21.6,80,13.7,100,925.5,1
2020-10-23,Gia_Lai,13.9833,108.0,21.8,82,10.0,100,926.1,1
2020-10-24,Gia_Lai,13.9833,108.0,22.1,83,9.8,89,926.8,1
2020-10-25,Gia_Lai,13.9833,108.0,21.8,90,14.5,71,926.8,1
2020-10-26,Gia_Lai,13.9833,108.0,22.2,85,6.9,90,926.4,0
2020-10-27,Gia_Lai,13.9833,108.0,22.4,81,15.5,100,924.1,1
2020-10-28,Gia_Lai,13.9833,108.0,18.6,98,49.0,100,917.7,1
2020-10-29,Gia_Lai,13.9833,108.0,21.6,89,26.9,94,926.0,1
2020-10-30,Gia_Lai,13.9833,108.0,22.6,84,17.9,30,928.7,1
2020-10-31,Gia_Lai,13.9833,108.0,22.5,85,24.7,24,928.6,1
2020-11-01,Gia_Lai,13.9833,108.0,22.2,82,20.7,84,928.4,1
2020-11-02,Gia_Lai,13.9833,108.0,21.2,76,19.2,78,928.8,0
2020-11-03,Gia_Lai,13.9833,108.0,21.6,75,22.5,95,929.1,0
2020-11-04,Gia_Lai,13.9833,108.0,21.9,78,19.7,98,928.5,1
2020-11-05,Gia_Lai,13.9833,108.0,21.5,82,16.3,99,927.9,1
2020-11-06,Gia_Lai,13.9833,108.0,20.9,94,18.9,80,927.7,1
2020-11-07,Gia_Lai,13.9833,108.0,22.2,84,24.1,23,929.6,1
2020-11-08,Gia_Lai,13.9833,108.0,21.2,74,21.2,48,929.2,0
2020-11-09,Gia_Lai,13.9833,108.0,21.0,80,23.1,91,926.8,1
2020-11-10,Gia_Lai,13.9833,108.0,20.4,88,29.8,100,924.5,1
2020-11-11,Gia_Lai,13.9833,108.0,22.3,89,28.5,48,927.8,1
2020-11-12,Gia_Lai,13.9833,108.0,22.1,82,27.7,42,929.3,1
2020-11-13,Gia_Lai,13.9833,108.0,20.8,73,22.1,66,927.6,0
2020-11-14,Gia_Lai,13.9833,108.0,21.4,79,15.2,98,925.8,1
2020-11-15,Gia_Lai,13.9833,108.0,21.9,87,18.7,78,928.5,1
2020-11-16,Gia_Lai,13.9833,108.0,22.5,85,24.4,37,929.3,1
2020-11-17,Gia_Lai,13.9833,108.0,22.1,82,22.4,21,927.9,0
2020-11-18,Gia_Lai,13.9833,108.0,22.5,81,14.5,17,927.3,0
2020-11-19,Gia_Lai,13.9833,108.0,22.6,85,16.2,21,927.2,0
2020-11-20,Gia_Lai,13.9833,108.0,22.4,81,15.7,6,927.6,1
2020-11-21,Gia_Lai,13.9833,108.0,22.1,81,19.1,1,928.0,0
2020-11-22,Gia_Lai,13.9833,108.0,21.9,77,18.1,1,929.3,0
2020-11-23,Gia_Lai,13.9833,108.0,22.0,74,20.6,5,929.4,0
2020-11-24,Gia_Lai,13.9833,108.0,21.8,77,27.1,25,929.5,0
2020-11-25,Gia_Lai,13.9833,108.0,21.6,75,25.2,63,929.1,0
2020-11-26,Gia_Lai,13.9833,108.0,21.6,76,25.9,42,929.6,0
2020-11-27,Gia_Lai,13.9833,108.0,21.7,73,31.1,8,930.0,0
2020-11-28,Gia_Lai,13.9833,108.0,21.6,80,31.9,56,929.5,1
2020-11-29,Gia_Lai,13.9833,108.0,21.2,86,29.2,98,929.0,1
2020-11-30,Gia_Lai,13.9833,108.0,20.8,86,30.6,100,929.1,1
2020-12-01,Gia_Lai,13.9833,108.0,21.1,81,32.0,62,929.6,1
2020-12-02,Gia_Lai,13.9833,108.0,20.5,77,27.9,28,929.7,0
2020-12-03,Gia_Lai,13.9833,108.0,19.1,71,30.5,24,929.2,0
2020-12-04,Gia_Lai,13.9833,108.0,18.4,70,25.0,39,928.9,0
2020-12-05,Gia_Lai,13.9833,108.0,19.0,73,26.5,64,929.4,0
2020-12-06,Gia_Lai,13.9833,108.0,19.8,74,21.4,65,929.6,0
2020-12-07,Gia_Lai,13.9833,108.0,20.7,74,27.1,87,930.0,0
2020-12-08,Gia_Lai,13.9833,108.0,20.7,71,27.3,69,929.6,0
2020-12-09,Gia_Lai,13.9833,108.0,20.5,73,22.8,77,928.1,1
2020-12-10,Gia_Lai,13.9833,108.0,22.3,75,19.4,70,927.9,1
2020-12-11,Gia_Lai,13.9833,108.0,22.3,80,15.6,55,928.3,1
2020-12-12,Gia_Lai,13.9833,108.0,22.2,81,17.7,51,927.6,1
2020-12-13,Gia_Lai,13.9833,108.0,22.3,80,14.8,64,927.1,0
2020-12-14,Gia_Lai,13.9833,108.0,22.1,85,19.2,74,928.2,1
2020-12-15,Gia_Lai,13.9833,108.0,21.9,78,29.4,38,929.7,0
2020-12-16,Gia_Lai,13.9833,108.0,21.9,74,31.3,39,930.1,0
2020-12-17,Gia_Lai,13.9833,108.0,21.4,73,32.1,52,929.4,0
2020-12-18,Gia_Lai,13.9833,108.0,21.2,72,32.4,60,929.1,0
2020-12-19,Gia_Lai,13.9833,108.0,20.3,69,31.6,88,929.5,0
2020-12-20,Gia_Lai,13.9833,108.0,18.7,70,30.1,99,929.5,0
2020-12-21,Gia_Lai,13.9833,108.0,18.4,68,29.3,97,928.0,1
2020-12-22,Gia_Lai,13.9833,108.0,19.9,69,27.3,100,927.0,0
2020-12-23,Gia_Lai,13.9833,108.0,21.8,73,30.7,89,926.9,0
2020-12-24,Gia_Lai,13.9833,108.0,22.1,76,26.1,54,927.3,0
2020-12-25,Gia_Lai,13.9833,108.0,21.8,75,26.9,60,928.7,0
2020-12-26,Gia_Lai,13.9833,108.0,21.4,76,20.5,23,928.8,0
2020-12-27,Gia_Lai,13.9833,108.0,21.5,77,20.0,29,928.2,0
2020-12-28,Gia_Lai,13.9833,108.0,21.7,68,17.3,55,927.2,0
2020-12-29,Gia_Lai,13.9833,108.0,22.0,64,18.0,47,927.4,0
2020-12-30,Gia_Lai,13.9833,108.0,20.4,66,31.9,78,928.8,0
2020-12-31,Gia_Lai,13.9833,108.0,17.8,66,34.5,81,930.0,0
2021-01-01,Gia_Lai,13.9833,108.0,16.3,70,28.3,85,929.9,0
2021-01-02,Gia_Lai,13.9833,108.0,18.4,69,24.7,61,929.5,0
2021-01-03,Gia_Lai,13.9833,108.0,19.3,72,28.5,40,929.4,0
2021-01-04,Gia_Lai,13.9833,108.0,21.1,72,30.8,85,929.1,0
2021-01-05,Gia_Lai,13.9833,108.0,21.2,73,29.6,72,929.7,0
2021-01-06,Gia_Lai,13.9833,108.0,20.5,75,30.9,39,928.8,0
2021-01-07,Gia_Lai,13.9833,108.0,20.5,75,22.8,46,928.3,0
2021-01-08,Gia_Lai,13.9833,108.0,19.8,72,30.1,47,928.9,0
2021-01-09,Gia_Lai,13.9833,108.0,18.3,68,30.0,57,928.9,0
2021-01-10,Gia_Lai,13.9833,108.0,18.2,71,28.7,30,929.1,0
2021-01-11,Gia_Lai,13.9833,108.0,17.6,70,25.6,48,930.1,0
2021-01-12,Gia_Lai,13.9833,108.0,16.1,64,29.0,35,930.1,0
2021-01-13,Gia_Lai,13.9833,108.0,15.9,68,18.8,6,928.7,0
2021-01-14,Gia_Lai,13.9833,108.0,16.8,74,17.7,37,928.3,0
2021-01-15,Gia_Lai,13.9833,108.0,18.0,71,19.1,20,927.2,0
2021-01-16,Gia_Lai,13.9833,108.0,19.2,65,21.2,9,927.6,0
2021-01-17,Gia_Lai,13.9833,108.0,18.7,67,26.2,63,930.2,0
2021-01-18,Gia_Lai,13.9833,108.0,17.4,65,30.7,32,930.4,0
2021-01-19,Gia_Lai,13.9833,108.0,17.4,69,23.0,44,928.8,0
2021-01-20,Gia_Lai,13.9833,108.0,19.6,73,18.1,51,928.7,0
2021-01-21,Gia_Lai,13.9833,108.0,20.1,74,15.3,57,927.9,0
2021-01-22,Gia_Lai,13.9833,108.0,21.1,73,15.9,64,927.5,0
2021-01-23,Gia_Lai,13.9833,108.0,21.0,74,16.8,58,928.0,0
2021-01-24,Gia_Lai,13.9833,108.0,20.9,78,17.7,34,928.7,0
2021-01-25,Gia_Lai,13.9833,108.0,21.7,72,19.8,44,928.4,0
2021-01-26,Gia_Lai,13.9833,108.0,21.3,61,21.5,44,928.4,0
2021-01-27,Gia_Lai,13.9833,108.0,21.6,69,20.9,81,928.7,0
2021-01-28,Gia_Lai,13.9833,108.0,20.6,70,24.8,65,930.1,0
2021-01-29,Gia_Lai,13.9833,108.0,18.9,67,27.1,53,930.3,0
2021-01-30,Gia_Lai,13.9833,108.0,19.3,66,24.1,86,930.4,0
2021-01-31,Gia_Lai,13.9833,108.0,19.8,70,23.1,69,930.6,0
2021-02-01,Gia_Lai,13.9833,108.0,20.4,66,20.0,20,930.5,0
2021-02-02,Gia_Lai,13.9833,108.0,20.3,65,22.5,63,930.6,0
2021-02-03,Gia_Lai,13.9833,108.0,20.3,65,25.1,16,930.7,0
2021-02-04,Gia_Lai,13.9833,108.0,20.2,65,24.7,53,931.1,0
2021-02-05,Gia_Lai,13.9833,108.0,20.3,70,23.8,15,930.3,0
2021-02-06,Gia_Lai,13.9833,108.0,20.4,68,24.1,29,929.1,0
2021-02-07,Gia_Lai,13.9833,108.0,21.7,70,20.7,52,929.4,0
2021-02-08,Gia_Lai,13.9833,108.0,21.3,71,24.5,40,929.0,0
2021-02-09,Gia_Lai,13.9833,108.0,21.8,73,20.0,61,927.7,0
2021-02-10,Gia_Lai,13.9833,108.0,20.7,85,14.8,59,927.5,1
2021-02-11,Gia_Lai,13.9833,108.0,19.5,79,17.7,66,927.8,0
2021-02-12,Gia_Lai,13.9833,108.0,19.0,72,22.0,59,928.6,0
2021-02-13,Gia_Lai,13.9833,108.0,19.0,66,21.3,36,929.2,0
2021-02-14,Gia_Lai,13.9833,108.0,19.8,65,21.5,45,929.5,0
2021-02-15,Gia_Lai,13.9833,108.0,20.0,67,19.2,23,928.2,0
2021-02-16,Gia_Lai,13.9833,108.0,20.5,65,18.6,0,928.1,0
2021-02-17,Gia_Lai,13.9833,108.0,20.0,59,25.7,3,930.3,0
2021-02-18,Gia_Lai,13.9833,108.0,19.2,64,33.7,24,932.2,0
2021-02-19,Gia_Lai,13.9833,108.0,19.1,66,28.4,13,932.5,0
2021-02-20,Gia_Lai,13.9833,108.0,18.5,65,22.9,26,931.0,0
2021-02-21,Gia_Lai,13.9833,108.0,19.1,66,19.9,34,929.8,0
2021-02-22,Gia_Lai,13.9833,108.0,20.3,63,19.4,17,928.5,0
2021-02-23,Gia_Lai,13.9833,108.0,21.6,57,18.7,5,927.7,0
2021-02-24,Gia_Lai,13.9833,108.0,22.3,57,17.6,19,926.8,0
2021-02-25,Gia_Lai,13.9833,108.0,23.3,61,10.2,30,925.6,0
2021-02-26,Gia_Lai,13.9833,108.0,24.4,63,13.6,24,924.9,0
2021-02-27,Gia_Lai,13.9833,108.0,24.5,59,22.0,16,926.0,0
2021-02-28,Gia_Lai,13.9833,108.0,23.6,71,21.8,30,927.9,0
2021-03-01,Gia_Lai,13.9833,108.0,24.0,75,18.0,37,930.1,1
2021-03-02,Gia_Lai,13.9833,108.0,24.0,73,22.9,19,930.6,1
2021-03-03,Gia_Lai,13.9833,108.0,22.8,70,26.3,5,930.4,0
2021-03-04,Gia_Lai,13.9833,108.0,23.6,66,19.2,2,930.8,0
2021-03-05,Gia_Lai,13.9833,108.0,24.1,61,18.2,5,930.1,0
2021-03-06,Gia_Lai,13.9833,108.0,25.1,51,18.4,2,930.7,0
2021-03-07,Gia_Lai,13.9833,108.0,24.1,60,21.3,18,930.5,0
2021-03-08,Gia_Lai,13.9833,108.0,23.0,67,23.3,7,930.9,0
2021-03-09,Gia_Lai,13.9833,108.0,22.7,66,20.9,11,930.7,0
2021-03-10,Gia_Lai,13.9833,108.0,22.6,67,22.3,42,930.4,0
2021-03-11,Gia_Lai,13.9833,108.0,22.7,67,22.8,20,930.6,1
2021-03-12,Gia_Lai,13.9833,108.0,23.0,63,24.1,18,930.7,0
2021-03-13,Gia_Lai,13.9833,108.0,23.1,59,21.2,10,930.1,0
2021-03-14,Gia_Lai,13.9833,108.0,22.7,62,24.5,14,928.5,0
2021-03-15,Gia_Lai,13.9833,108.0,23.7,60,19.9,55,927.6,0
2021-03-16,Gia_Lai,13.9833,108.0,24.1,61,18.7,33,927.4,0
2021-03-17,Gia_Lai,13.9833,108.0,24.4,56,19.6,58,927.3,0
2021-03-18,Gia_Lai,13.9833,108.0,24.9,63,22.8,65,927.2,0
2021-03-19,Gia_Lai,13.9833,108.0,25.4,67,17.3,40,926.7,1
2021-03-20,Gia_Lai,13.9833,108.0,25.6,70,15.3,76,925.9,1
2021-03-21,Gia_Lai,13.9833,108.0,25.3,69,22.1,57,927.1,1
2021-03-22,Gia_Lai,13.9833,108.0,23.5,65,34.3,55,929.8,0
2021-03-23,Gia_Lai,13.9833,108.0,23.0,65,34.4,40,930.0,0
2021-03-24,Gia_Lai,13.9833,108.0,23.1,68,24.5,79,928.3,1
2021-03-25,Gia_Lai,13.9833,108.0,23.8,68,23.4,57,928.3,0
2021-03-26,Gia_Lai,13.9833,108.0,24.0,71,21.8,30,927.9,0
2021-03-27,Gia_Lai,13.9833,108.0,25.5,65,19.6,54,926.9,0
2021-03-28,Gia_Lai,13.9833,108.0,26.5,56,18.4,82,926.4,0
2021-03-29,Gia_Lai,13.9833,108.0,27.3,50,14.1,62,925.6,0
2021-03-30,Gia_Lai,13.9833,108.0,27.1,53,19.2,17,924.5,1
2021-03-31,Gia_Lai,13.9833,108.0,26.4,60,17.0,27,924.0,1
2021-04-01,Gia_Lai,13.9833,108.0,26.3,67,17.3,41,924.6,1
2021-04-02,Gia_Lai,13.9833,108.0,25.5,78,15.2,63,925.8,1
2021-04-03,Gia_Lai,13.9833,108.0,25.9,66,24.3,36,926.2,0
2021-04-04,Gia_Lai,13.9833,108.0,24.8,67,23.9,21,927.3,0
2021-04-05,Gia_Lai,13.9833,108.0,24.3,59,23.0,56,929.1,0
2021-04-06,Gia_Lai,13.9833,108.0,24.6,59,25.2,30,929.4,0
2021-04-07,Gia_Lai,13.9833,108.0,24.8,65,19.4,27,929.1,0
2021-04-08,Gia_Lai,13.9833,108.0,23.9,73,15.5,47,927.9,1
2021-04-09,Gia_Lai,13.9833,108.0,24.7,64,21.3,44,928.1,0
2021-04-10,Gia_Lai,13.9833,108.0,23.9,71,23.4,47,929.4,1
2021-04-11,Gia_Lai,13.9833,108.0,24.3,69,23.8,13,930.3,0
2021-04-12,Gia_Lai,13.9833,108.0,24.9,69,20.8,31,930.3,0
2021-04-13,Gia_Lai,13.9833,108.0,25.6,69,13.4,39,929.4,1
2021-04-14,Gia_Lai,13.9833,108.0,25.2,72,12.8,52,928.6,1
2021-04-15,Gia_Lai,13.9833,108.0,26.3,66,14.4,40,927.8,1
2021-04-16,Gia_Lai,13.9833,108.0,26.3,62,15.2,69,928.0,1
2021-04-17,Gia_Lai,13.9833,108.0,25.6,55,19.4,90,929.1,0
2021-04-18,Gia_Lai,13.9833,108.0,25.7,51,14.5,70,928.9,0
2021-04-19,Gia_Lai,13.9833,108.0,24.1,75,17.4,72,927.6,1
2021-04-20,Gia_Lai,13.9833,108.0,23.2,87,10.6,97,927.2,1
2021-04-21,Gia_Lai,13.9833,108.0,23.5,87,12.4,95,927.5,1
2021-04-22,Gia_Lai,13.9833,108.0,22.9,91,12.5,94,926.8,1
2021-04-23,Gia_Lai,13.9833,108.0,23.2,91,10.2,81,925.9,1
2021-04-24,Gia_Lai,13.9833,108.0,24.1,86,10.2,86,926.5,1
2021-04-25,Gia_Lai,13.9833,108.0,24.0,84,12.6,79,927.3,1
2021-04-26,Gia_Lai,13.9833,108.0,24.4,81,19.2,57,927.1,1
2021-04-27,Gia_Lai,13.9833,108.0,23.8,80,16.6,77,928.7,1
2021-04-28,Gia_Lai,13.9833,108.0,23.8,74,21.3,69,929.5,0
2021-04-29,Gia_Lai,13.9833,108.0,23.6,72,20.5,32,928.9,0
2021-04-30,Gia_Lai,13.9833,108.0,23.6,77,16.4,37,928.6,1
2021-05-01,Gia_Lai,13.9833,108.0,24.2,76,14.6,46,929.2,1
2021-05-02,Gia_Lai,13.9833,108.0,25.1,75,17.7,52,928.7,1
2021-05-03,Gia_Lai,13.9833,108.0,25.3,67,18.1,66,927.4,0
2021-05-04,Gia_Lai,13.9833,108.0,25.8,65,22.4,54,927.0,0
2021-05-05,Gia_Lai,13.9833,108.0,25.7,71,24.1,71,927.6,1
2021-05-06,Gia_Lai,13.9833,108.0,25.5,70,25.0,64,929.3,0
2021-05-07,Gia_Lai,13.9833,108.0,25.6,64,20.2,88,929.2,0
2021-05-08,Gia_Lai,13.9833,108.0,26.5,55,19.7,42,927.5,0
2021-05-09,Gia_Lai,13.9833,108.0,26.8,59,15.7,51,926.9,0
2021-05-10,Gia_Lai,13.9833,108.0,25.6,76,12.1,35,926.8,1
2021-05-11,Gia_Lai,13.9833,108.0,25.9,75,8.7,57,926.3,1
2021-05-12,Gia_Lai,13.9833,108.0,25.3,80,11.7,83,925.9,1
2021-05-13,Gia_Lai,13.9833,108.0,25.9,76,12.6,48,925.5,1
2021-05-14,Gia_Lai,13.9833,108.0,25.2,79,14.2,74,925.8,1
2021-05-15,Gia_Lai,13.9833,108.0,26.1,73,13.7,57,926.5,1
2021-05-16,Gia_Lai,13.9833,108.0,26.5,70,14.4,28,926.3,1
2021-05-17,Gia_Lai,13.9833,108.0,25.7,78,13.4,30,926.8,1
2021-05-18,Gia_Lai,13.9833,108.0,25.5,77,10.5,70,926.9,1
2021-05-19,Gia_Lai,13.9833,108.0,24.8,84,11.4,93,926.3,1
2021-05-20,Gia_Lai,13.9833,108.0,25.1,80,14.1,75,926.5,1
2021-05-21,Gia_Lai,13.9833,108.0,24.8,86,15.5,60,926.1,1
2021-05-22,Gia_Lai,13.9833,108.0,23.8,90,16.6,72,925.0,1
2021-05-23,Gia_Lai,13.9833,108.0,23.2,94,14.1,96,924.5,1
2021-05-24,Gia_Lai,13.9833,108.0,22.8,94,11.3,84,924.7,1
2021-05-25,Gia_Lai,13.9833,108.0,23.3,92,12.0,68,925.3,1
2021-05-26,Gia_Lai,13.9833,108.0,22.8,91,12.0,82,925.1,1
2021-05-27,Gia_Lai,13.9833,108.0,23.8,91,14.5,78,925.9,1
2021-05-28,Gia_Lai,13.9833,108.0,24.5,84,12.4,75,927.7,1
2021-05-29,Gia_Lai,13.9833,108.0,24.3,88,17.4,56,927.5,1
2021-05-30,Gia_Lai,13.9833,108.0,24.1,90,14.6,58,926.3,1
2021-05-31,Gia_Lai,13.9833,108.0,24.6,88,16.6,44,925.0,1
2021-06-01,Gia_Lai,13.9833,108.0,25.1,89,14.8,69,925.3,1
2021-06-02,Gia_Lai,13.9833,108.0,24.9,91,14.4,91,925.8,1
2021-06-03,Gia_Lai,13.9833,108.0,24.3,94,17.9,93,926.4,1
2021-06-04,Gia_Lai,13.9833,108.0,24.5,90,18.9,88,926.3,1
2021-06-05,Gia_Lai,13.9833,108.0,23.2,94,15.5,95,926.0,1
2021-06-06,Gia_Lai,13.9833,108.0,23.0,92,16.9,97,925.4,1
2021-06-07,Gia_Lai,13.9833,108.0,22.3,96,19.3,100,925.8,1
2021-06-08,Gia_Lai,13.9833,108.0,22.0,96,22.5,100,926.3,1
2021-06-09,Gia_Lai,13.9833,108.0,21.8,96,22.7,100,925.6,1
2021-06-10,Gia_Lai,13.9833,108.0,21.7,95,27.2,99,924.1,1
2021-06-11,Gia_Lai,13.9833,108.0,21.8,95,25.4,100,922.7,1
2021-06-12,Gia_Lai,13.9833,108.0,21.0,98,31.8,100,923.3,1
2021-06-13,Gia_Lai,13.9833,108.0,22.1,95,25.4,92,925.1,1
2021-06-14,Gia_Lai,13.9833,108.0,22.6,91,20.6,85,925.7,1
2021-06-15,Gia_Lai,13.9833,108.0,22.5,94,20.7,86,925.1,1
2021-06-16,Gia_Lai,13.9833,108.0,22.8,94,18.6,82,926.5,1
2021-06-17,Gia_Lai,13.9833,108.0,23.5,90,16.6,49,927.6,1
2021-06-18,Gia_Lai,13.9833,108.0,24.0,88,17.3,56,927.9,1
2021-06-19,Gia_Lai,13.9833,108.0,24.0,90,18.4,54,927.0,1
2021-06-20,Gia_Lai,13.9833,108.0,24.0,90,20.5,70,925.6,1
2021-06-21,Gia_Lai,13.9833,108.0,23.2,95,20.5,77,925.1,1
2021-06-22,Gia_Lai,13.9833,108.0,23.4,93,20.0,78,926.2,1
2021-06-23,Gia_Lai,13.9833,108.0,23.2,92,22.5,86,926.7,1
2021-06-24,Gia_Lai,13.9833,108.0,23.4,91,18.0,78,925.8,1
2021-06-25,Gia_Lai,13.9833,108.0,23.1,93,15.5,89,925.3,1
2021-06-26,Gia_Lai,13.9833,108.0,24.0,87,15.9,65,926.7,1
2021-06-27,Gia_Lai,13.9833,108.0,24.3,84,18.2,55,927.6,1
2021-06-28,Gia_Lai,13.9833,108.0,23.6,90,21.9,76,926.6,1
2021-06-29,Gia_Lai,13.9833,108.0,24.1,86,17.3,72,926.0,1
2021-06-30,Gia_Lai,13.9833,108.0,23.6,91,18.0,77,926.1,1
2021-07-01,Gia_Lai,13.9833,108.0,24.0,86,17.0,57,926.4,1
2021-07-02,Gia_Lai,13.9833,108.0,23.9,89,17.9,48,926.8,1
2021-07-03,Gia_Lai,13.9833,108.0,25.1,82,13.0,35,925.8,1
2021-07-04,Gia_Lai,13.9833,108.0,24.1,89,13.8,57,924.7,1
2021-07-05,Gia_Lai,13.9833,108.0,23.2,90,11.5,92,923.7,1
2021-07-06,Gia_Lai,13.9833,108.0,22.4,92,16.8,100,923.2,1
2021-07-07,Gia_Lai,13.9833,108.0,21.8,95,19.2,100,924.2,1
2021-07-08,Gia_Lai,13.9833,108.0,22.0,96,13.8,98,925.1,1
2021-07-09,Gia_Lai,13.9833,108.0,22.3,89,15.6,84,925.2,1
2021-07-10,Gia_Lai,13.9833,108.0,23.5,83,16.1,27,925.8,1
2021-07-11,Gia_Lai,13.9833,108.0,23.3,83,15.3,39,927.0,1
2021-07-12,Gia_Lai,13.9833,108.0,24.0,84,13.9,51,927.1,1
2021-07-13,Gia_Lai,13.9833,108.0,23.5,86,10.8,62,926.0,1
2021-07-14,Gia_Lai,13.9833,108.0,23.2,88,15.6,82,924.9,1
2021-07-15,Gia_Lai,13.9833,108.0,23.0,88,10.5,99,926.0,1
2021-07-16,Gia_Lai,13.9833,108.0,22.1,94,15.8,97,926.8,1
2021-07-17,Gia_Lai,13.9833,108.0,22.8,93,16.1,69,924.9,1
2021-07-18,Gia_Lai,13.9833,108.0,22.0,95,19.5,85,923.5,1
2021-07-19,Gia_Lai,13.9833,108.0,21.5,97,25.8,98,924.0,1
2021-07-20,Gia_Lai,13.9833,108.0,22.1,94,28.5,98,924.9,1
2021-07-21,Gia_Lai,13.9833,108.0,22.2,95,27.4,91,924.5,1
2021-07-22,Gia_Lai,13.9833,108.0,22.1,95,28.9,99,924.0,1
2021-07-23,Gia_Lai,13.9833,108.0,21.5,97,28.8,100,923.2,1
2021-07-24,Gia_Lai,13.9833,108.0,21.0,97,32.7,99,922.5,1
2021-07-25,Gia_Lai,13.9833,108.0,21.6,96,35.7,92,922.7,1
2021-07-26,Gia_Lai,13.9833,108.0,22.6,92,31.8,72,922.9,1
2021-07-27,Gia_Lai,13.9833,108.0,22.9,93,27.0,89,922.6,1
2021-07-28,Gia_Lai,13.9833,108.0,23.0,94,27.0,90,922.4,1
2021-07-29,Gia_Lai,13.9833,108.0,22.6,94,26.3,93,923.2,1
2021-07-30,Gia_Lai,13.9833,108.0,22.7,96,29.0,95,924.4,1
2021-07-31,Gia_Lai,13.9833,108.0,22.7,95,27.6,93,924.5,1
2021-08-01,Gia_Lai,13.9833,108.0,22.9,94,26.9,97,923.3,1
2021-08-02,Gia_Lai,13.9833,108.0,22.8,95,30.1,96,923.3,1
2021-08-03,Gia_Lai,13.9833,108.0,22.4,96,28.5,99,923.9,1
2021-08-04,Gia_Lai,13.9833,108.0,22.6,92,27.1,100,924.5,1
2021-08-05,Gia_Lai,13.9833,108.0,22.6,96,28.1,99,924.3,1
2021-08-06,Gia_Lai,13.9833,108.0,22.6,94,28.5,99,925.1,1
2021-08-07,Gia_Lai,13.9833,108.0,23.1,93,23.5,96,925.8,1
2021-08-08,Gia_Lai,13.9833,108.0,23.8,93,19.2,98,926.0,1
2021-08-09,Gia_Lai,13.9833,108.0,23.6,93,19.1,88,925.3,1
2021-08-10,Gia_Lai,13.9833,108.0,23.8,91,16.4,81,924.7,1
2021-08-11,Gia_Lai,13.9833,108.0,23.4,91,19.9,79,926.7,1
2021-08-12,Gia_Lai,13.9833,108.0,23.2,90,18.3,82,928.3,1
2021-08-13,Gia_Lai,13.9833,108.0,22.5,96,16.8,97,926.5,1
2021-08-14,Gia_Lai,13.9833,108.0,22.1,96,20.0,96,925.6,1
2021-08-15,Gia_Lai,13.9833,108.0,23.2,89,13.5,78,927.5,1
2021-08-16,Gia_Lai,13.9833,108.0,23.9,83,8.6,37,929.7,1
2021-08-17,Gia_Lai,13.9833,108.0,24.3,81,10.5,16,928.6,1
2021-08-18,Gia_Lai,13.9833,108.0,24.1,77,7.4,22,926.9,1
2021-08-19,Gia_Lai,13.9833,108.0,23.5,86,10.7,74,926.3,1
2021-08-20,Gia_Lai,13.9833,108.0,23.7,86,10.6,71,927.0,1
2021-08-21,Gia_Lai,13.9833,108.0,23.5,86,12.5,78,927.3,1
2021-08-22,Gia_Lai,13.9833,108.0,23.3,87,13.0,92,926.2,1
2021-08-23,Gia_Lai,13.9833,108.0,22.9,88,13.8,88,925.6,1
2021-08-24,Gia_Lai,13.9833,108.0,23.3,87,9.8,88,925.0,1
2021-08-25,Gia_Lai,13.9833,108.0,23.0,90,10.7,92,925.3,1
2021-08-26,Gia_Lai,13.9833,108.0,22.4,90,11.9,99,925.8,1
2021-08-27,Gia_Lai,13.9833,108.0,22.4,90,11.9,90,926.0,1
2021-08-28,Gia_Lai,13.9833,108.0,22.9,86,16.6,93,925.7,1
2021-08-29,Gia_Lai,13.9833,108.0,22.6,87,16.8,66,925.5,1
2021-08-30,Gia_Lai,13.9833,108.0,23.0,87,15.6,93,926.4,1
2021-08-31,Gia_Lai,13.9833,108.0,23.1,88,11.9,94,927.0,1
2021-09-01,Gia_Lai,13.9833,108.0,23.2,90,9.9,92,926.7,1
2021-09-02,Gia_Lai,13.9833,108.0,23.0,91,9.5,90,926.1,1
2021-09-03,Gia_Lai,13.9833,108.0,22.5,92,11.2,98,925.5,1
2021-09-04,Gia_Lai,13.9833,108.0,22.0,93,14.3,100,925.5,1
2021-09-05,Gia_Lai,13.9833,108.0,22.1,95,11.9,99,926.2,1
2021-09-06,Gia_Lai,13.9833,108.0,22.4,91,11.5,91,926.5,1
2021-09-07,Gia_Lai,13.9833,108.0,22.2,94,11.8,99,925.6,1
2021-09-08,Gia_Lai,13.9833,108.0,22.7,91,11.3,99,924.7,1
2021-09-09,Gia_Lai,13.9833,108.0,22.5,91,12.4,98,926.0,1
2021-09-10,Gia_Lai,13.9833,108.0,21.7,96,24.4,100,925.3,1
2021-09-11,Gia_Lai,13.9833,108.0,21.2,98,36.0,100,921.9,1
2021-09-12,Gia_Lai,13.9833,108.0,21.8,97,33.7,99,919.8,1
2021-09-13,Gia_Lai,13.9833,108.0,22.7,95,24.6,87,922.5,1
2021-09-14,Gia_Lai,13.9833,108.0,23.5,90,14.3,92,926.2,1
2021-09-15,Gia_Lai,13.9833,108.0,23.8,87,21.0,79,927.9,1
2021-09-16,Gia_Lai,13.9833,108.0,23.6,84,13.1,96,927.9,1
2021-09-17,Gia_Lai,13.9833,108.0,23.0,91,7.6,70,927.2,1
2021-09-18,Gia_Lai,13.9833,108.0,23.2,86,13.9,88,927.0,1
2021-09-19,Gia_Lai,13.9833,108.0,22.1,90,11.8,97,926.1,1
2021-09-20,Gia_Lai,13.9833,108.0,22.7,88,10.5,93,926.0,1
2021-09-21,Gia_Lai,13.9833,108.0,22.9,89,11.8,99,926.0,1
2021-09-22,Gia_Lai,13.9833,108.0,22.7,89,9.3,88,926.2,1
2021-09-23,Gia_Lai,13.9833,108.0,21.4,96,25.2,99,925.3,1
2021-09-24,Gia_Lai,13.9833,108.0,21.2,98,23.4,100,925.5,1
2021-09-25,Gia_Lai,13.9833,108.0,22.3,92,12.7,98,926.2,1
2021-09-26,Gia_Lai,13.9833,108.0,22.8,87,16.6,87,926.3,1
2021-09-27,Gia_Lai,13.9833,108.0,23.5,82,16.4,16,926.5,1
2021-09-28,Gia_Lai,13.9833,108.0,23.1,83,10.7,71,926.7,1
2021-09-29,Gia_Lai,13.9833,108.0,23.8,82,13.4,40,926.2,1
2021-09-30,Gia_Lai,13.9833,108.0,23.3,85,12.2,26,926.7,1
2021-10-01,Gia_Lai,13.9833,108.0,23.3,89,8.7,71,927.1,1
2021-10-02,Gia_Lai,13.9833,108.0,23.3,86,8.5,92,927.4,1
2021-10-03,Gia_Lai,13.9833,108.0,23.1,84,13.8,87,926.9,1
2021-10-04,Gia_Lai,13.9833,108.0,23.3,81,12.8,88,925.6,1
2021-10-05,Gia_Lai,13.9833,108.0,23.4,85,18.4,80,924.5,1
2021-10-06,Gia_Lai,13.9833,108.0,21.2,95,20.0,100,921.9,1
2021-10-07,Gia_Lai,13.9833,108.0,21.3,98,21.2,100,920.4,1
2021-10-08,Gia_Lai,13.9833,108.0,21.2,97,26.0,100,920.8,1
2021-10-09,Gia_Lai,13.9833,108.0,21.5,95,23.4,96,923.0,1
2021-10-10,Gia_Lai,13.9833,108.0,22.2,94,22.4,90,923.2,1
2021-10-11,Gia_Lai,13.9833,108.0,22.9,93,13.4,92,923.2,1
2021-10-12,Gia_Lai,13.9833,108.0,22.5,92,15.0,89,922.2,1
2021-10-13,Gia_Lai,13.9833,108.0,21.0,96,23.1,100,920.5,1
2021-10-14,Gia_Lai,13.9833,108.0,21.4,96,20.1,100,922.8,1
2021-10-15,Gia_Lai,13.9833,108.0,21.9,95,12.9,100,924.6,1
2021-10-16,Gia_Lai,13.9833,108.0,22.4,91,10.1,100,925.4,1
2021-10-17,Gia_Lai,13.9833,108.0,21.0,96,18.1,100,925.2,1
2021-10-18,Gia_Lai,13.9833,108.0,22.7,89,21.6,99,928.5,1
2021-10-19,Gia_Lai,13.9833,108.0,22.8,88,18.5,95,930.7,1
2021-10-20,Gia_Lai,13.9833,108.0,22.8,88,14.3,64,930.5,1
2021-10-21,Gia_Lai,13.9833,108.0,22.8,89,10.8,96,929.4,1
2021-10-22,Gia_Lai,13.9833,108.0,22.3,89,13.4,86,929.9,1
2021-10-23,Gia_Lai,13.9833,108.0,21.8,90,16.6,92,930.0,1
2021-10-24,Gia_Lai,13.9833,108.0,21.6,90,18.7,98,929.0,1
2021-10-25,Gia_Lai,13.9833,108.0,22.6,75,24.5,97,927.8,0
2021-10-26,Gia_Lai,13.9833,108.0,22.1,79,22.2,99,926.7,1
2021-10-27,Gia_Lai,13.9833,108.0,21.7,90,24.7,100,925.9,1
2021-10-28,Gia_Lai,13.9833,108.0,22.4,90,19.1,71,929.1,1
2021-10-29,Gia_Lai,13.9833,108.0,22.3,88,18.5,79,930.1,1
2021-10-30,Gia_Lai,13.9833,108.0,22.7,86,21.7,64,930.3,1
2021-10-31,Gia_Lai,13.9833,108.0,22.4,86,19.6,49,930.3,1
2021-11-01,Gia_Lai,13.9833,108.0,22.4,82,21.8,60,929.8,0
2021-11-02,Gia_Lai,13.9833,108.0,22.3,81,22.7,57,929.7,0
2021-11-03,Gia_Lai,13.9833,108.0,22.6,79,20.5,58,929.0,0
2021-11-04,Gia_Lai,13.9833,108.0,22.9,82,19.0,93,928.6,0
2021-11-05,Gia_Lai,13.9833,108.0,22.9,81,14.4,54,927.4,1
2021-11-06,Gia_Lai,13.9833,108.0,23.3,83,14.6,25,925.8,0
2021-11-07,Gia_Lai,13.9833,108.0,23.1,79,20.7,31,926.2,0
2021-11-08,Gia_Lai,13.9833,108.0,23.4,80,21.8,37,927.6,1
2021-11-09,Gia_Lai,13.9833,108.0,22.4,77,27.9,81,928.5,1
2021-11-10,Gia_Lai,13.9833,108.0,21.9,76,28.7,94,928.5,1
2021-11-11,Gia_Lai,13.9833,108.0,20.8,81,23.2,100,927.9,1
2021-11-12,Gia_Lai,13.9833,108.0,21.4,80,23.6,100,928.7,1
2021-11-13,Gia_Lai,13.9833,108.0,21.7,80,22.1,93,928.4,1
2021-11-14,Gia_Lai,13.9833,108.0,21.1,86,20.8,100,928.2,1
2021-11-15,Gia_Lai,13.9833,108.0,21.9,86,29.3,96,927.4,1
2021-11-16,Gia_Lai,13.9833,108.0,22.3,83,30.3,97,927.5,1
2021-11-17,Gia_Lai,13.9833,108.0,22.7,85,23.5,92,927.9,1
2021-11-18,Gia_Lai,13.9833,108.0,22.7,82,25.6,43,927.0,1
2021-11-19,Gia_Lai,13.9833,108.0,22.4,81,16.2,37,926.2,1
2021-11-20,Gia_Lai,13.9833,108.0,22.1,82,17.3,45,926.1,0
2021-11-21,Gia_Lai,13.9833,108.0,22.5,82,19.8,55,927.2,1
2021-11-22,Gia_Lai,13.9833,108.0,22.6,81,22.7,29,928.1,1
2021-11-23,Gia_Lai,13.9833,108.0,22.0,77,31.4,73,928.6,0
2021-11-24,Gia_Lai,13.9833,108.0,22.3,74,33.9,87,929.2,0
2021-11-25,Gia_Lai,13.9833,108.0,21.9,73,26.8,79,929.0,0
2021-11-26,Gia_Lai,13.9833,108.0,21.6,70,24.4,82,928.5,1
2021-11-27,Gia_Lai,13.9833,108.0,20.6,77,26.5,98,928.0,1
2021-11-28,Gia_Lai,13.9833,108.0,22.0,84,28.1,100,927.1,1
2021-11-29,Gia_Lai,13.9833,108.0,21.5,90,27.7,100,927.1,1
2021-11-30,Gia_Lai,13.9833,108.0,20.5,86,29.1,100,927.6,1
2021-12-01,Gia_Lai,13.9833,108.0,19.3,73,27.7,61,929.2,0
2021-12-02,Gia_Lai,13.9833,108.0,18.9,75,29.1,66,930.1,0
2021-12-03,Gia_Lai,13.9833,108.0,17.8,72,23.2,63,930.9,0
2021-12-04,Gia_Lai,13.9833,108.0,16.7,68,22.7,59,930.5,0
2021-12-05,Gia_Lai,13.9833,108.0,19.5,74,27.8,54,929.5,0
2021-12-06,Gia_Lai,13.9833,108.0,19.1,75,24.4,52,929.7,0
2021-12-07,Gia_Lai,13.9833,108.0,18.6,74,23.0,27,930.1,0
2021-12-08,Gia_Lai,13.9833,108.0,20.1,76,25.3,55,930.3,1
2021-12-09,Gia_Lai,13.9833,108.0,20.6,74,32.2,50,931.0,0
2021-12-10,Gia_Lai,13.9833,108.0,19.1,69,24.3,6,930.5,0
2021-12-11,Gia_Lai,13.9833,108.0,19.6,74,25.4,47,930.6,0
2021-12-12,Gia_Lai,13.9833,108.0,20.5,75,31.9,50,930.3,0
2021-12-13,Gia_Lai,13.9833,108.0,20.1,71,30.1,68,929.8,0
2021-12-14,Gia_Lai,13.9833,108.0,20.7,75,25.5,88,928.7,0
2021-12-15,Gia_Lai,13.9833,108.0,21.4,80,19.4,41,928.2,0
2021-12-16,Gia_Lai,13.9833,108.0,21.7,80,18.6,44,928.5,0
2021-12-17,Gia_Lai,13.9833,108.0,21.7,74,23.3,98,928.9,0
2021-12-18,Gia_Lai,13.9833,108.0,20.8,70,30.7,97,928.7,1
2021-12-19,Gia_Lai,13.9833,108.0,17.7,88,25.6,100,926.9,1
2021-12-20,Gia_Lai,13.9833,108.0,20.3,81,14.4,91,928.4,0
2021-12-21,Gia_Lai,13.9833,108.0,20.5,87,15.9,69,929.7,1
2021-12-22,Gia_Lai,13.9833,108.0,20.3,84,18.4,83,929.4,1
2021-12-23,Gia_Lai,13.9833,108.0,20.4,80,20.2,56,929.1,0
2021-12-24,Gia_Lai,13.9833,108.0,20.9,79,17.4,62,929.4,0
2021-12-25,Gia_Lai,13.9833,108.0,20.6,79,21.8,67,930.1,1
2021-12-26,Gia_Lai,13.9833,108.0,21.3,79,26.6,46,931.2,1
2021-12-27,Gia_Lai,13.9833,108.0,21.4,80,21.4,54,931.5,1
2021-12-28,Gia_Lai,13.9833,108.0,20.8,76,30.8,65,931.5,0
2021-12-29,Gia_Lai,13.9833,108.0,21.4,73,30.4,54,931.7,0
2021-12-30,Gia_Lai,13.9833,108.0,20.6,71,31.6,61,932.7,0
2021-12-31,Gia_Lai,13.9833,108.0,19.5,69,32.1,48,932.4,0
2022-01-01,Gia_Lai,13.9833,108.0,20.2,72,33.5,61,932.0,0
2022-01-02,Gia_Lai,13.9833,108.0,20.3,73,30.6,71,931.4,0
2022-01-03,Gia_Lai,13.9833,108.0,20.3,72,26.6,91,930.4,0
2022-01-04,Gia_Lai,13.9833,108.0,20.8,72,18.8,61,930.1,1
2022-01-05,Gia_Lai,13.9833,108.0,21.1,77,17.2,61,929.5,1
2022-01-06,Gia_Lai,13.9833,108.0,21.1,75,20.2,49,930.3,0
2022-01-07,Gia_Lai,13.9833,108.0,20.7,68,19.4,4,931.0,0
2022-01-08,Gia_Lai,13.9833,108.0,21.2,69,17.9,20,930.3,1
2022-01-09,Gia_Lai,13.9833,108.0,21.3,77,20.7,33,929.6,1
2022-01-10,Gia_Lai,13.9833,108.0,21.1,78,19.3,24,930.0,0
2022-01-11,Gia_Lai,13.9833,108.0,20.4,76,23.5,28,931.1,0
2022-01-12,Gia_Lai,13.9833,108.0,20.0,76,23.4,28,931.3,0
2022-01-13,Gia_Lai,13.9833,108.0,19.7,74,23.5,48,931.3,0
2022-01-14,Gia_Lai,13.9833,108.0,19.2,72,20.7,26,931.1,0
2022-01-15,Gia_Lai,13.9833,108.0,19.4,74,19.2,53,930.9,0
2022-01-16,Gia_Lai,13.9833,108.0,19.9,72,24.4,52,930.6,0
2022-01-17,Gia_Lai,13.9833,108.0,20.8,71,19.8,40,930.6,0
2022-01-18,Gia_Lai,13.9833,108.0,20.7,69,22.0,42,930.2,0
2022-01-19,Gia_Lai,13.9833,108.0,19.8,71,26.7,63,929.1,0
2022-01-20,Gia_Lai,13.9833,108.0,19.8,70,22.0,16,928.4,0
2022-01-21,Gia_Lai,13.9833,108.0,20.3,73,19.2,39,928.5,0
2022-01-22,Gia_Lai,13.9833,108.0,21.6,70,15.5,9,927.0,0
2022-01-23,Gia_Lai,13.9833,108.0,21.9,74,12.6,38,927.2,1
2022-01-24,Gia_Lai,13.9833,108.0,22.2,77,14.8,39,927.5,1
2022-01-25,Gia_Lai,13.9833,108.0,22.0,77,19.1,39,928.2,1
2022-01-26,Gia_Lai,13.9833,108.0,22.1,70,20.9,42,928.6,0
2022-01-27,Gia_Lai,13.9833,108.0,21.9,60,21.0,23,928.1,0
2022-01-28,Gia_Lai,13.9833,108.0,22.3,60,19.8,43,927.9,0
2022-01-29,Gia_Lai,13.9833,108.0,22.6,69,17.7,23,927.2,0
2022-01-30,Gia_Lai,13.9833,108.0,21.6,78,17.3,63,927.9,1
2022-01-31,Gia_Lai,13.9833,108.0,21.6,81,17.7,59,928.4,1
2022-02-01,Gia_Lai,13.9833,108.0,21.7,78,22.4,45,928.9,0
2022-02-02,Gia_Lai,13.9833,108.0,21.9,72,20.9,50,929.6,0
2022-02-03,Gia_Lai,13.9833,108.0,21.9,73,21.2,15,929.6,1
2022-02-04,Gia_Lai,13.9833,108.0,21.5,70,26.5,18,929.7,0
2022-02-05,Gia_Lai,13.9833,108.0,21.2,70,35.9,67,930.0,0
2022-02-06,Gia_Lai,13.9833,108.0,21.0,71,27.5,79,930.1,0
2022-02-07,Gia_Lai,13.9833,108.0,22.2,74,17.8,41,929.4,1
2022-02-08,Gia_Lai,13.9833,108.0,22.7,74,20.9,24,929.3,1
2022-02-09,Gia_Lai,13.9833,108.0,22.8,76,21.8,56,929.6,1
2022-02-10,Gia_Lai,13.9833,108.0,22.6,76,24.2,39,928.9,1
2022-02-11,Gia_Lai,13.9833,108.0,22.3,74,24.2,83,928.2,0
2022-02-12,Gia_Lai,13.9833,108.0,22.2,74,20.9,94,927.3,0
2022-02-13,Gia_Lai,13.9833,108.0,22.7,74,21.7,32,926.2,1
2022-02-14,Gia_Lai,13.9833,108.0,22.2,74,26.9,39,927.3,1
2022-02-15,Gia_Lai,13.9833,108.0,22.6,72,24.5,46,927.5,0
2022-02-16,Gia_Lai,13.9833,108.0,22.3,78,22.7,54,926.7,1
2022-02-17,Gia_Lai,13.9833,108.0,22.1,84,17.2,92,926.3,1
2022-02-18,Gia_Lai,13.9833,108.0,23.3,80,15.9,67,927.4,1
2022-02-19,Gia_Lai,13.9833,108.0,23.7,74,16.6,55,928.2,1
2022-02-20,Gia_Lai,13.9833,108.0,22.1,80,21.1,96,928.1,1
2022-02-21,Gia_Lai,13.9833,108.0,21.5,69,18.8,45,929.0,0
2022-02-22,Gia_Lai,13.9833,108.0,21.1,67,19.5,28,930.1,1
2022-02-23,Gia_Lai,13.9833,108.0,20.2,66,22.8,31,931.3,0
2022-02-24,Gia_Lai,13.9833,108.0,19.9,65,27.2,71,931.9,0
2022-02-25,Gia_Lai,13.9833,108.0,20.0,67,26.1,84,931.8,0
2022-02-26,Gia_Lai,13.9833,108.0,21.4,67,24.5,56,931.4,0
2022-02-27,Gia_Lai,13.9833,108.0,21.5,69,26.0,83,930.8,0
2022-02-28,Gia_Lai,13.9833,108.0,22.1,69,21.3,47,930.2,0
2022-03-01,Gia_Lai,13.9833,108.0,22.5,70,22.1,36,929.9,0
2022-03-02,Gia_Lai,13.9833,108.0,22.9,68,23.8,40,929.8,0
2022-03-03,Gia_Lai,13.9833,108.0,23.0,65,22.1,51,929.0,0
2022-03-04,Gia_Lai,13.9833,108.0,24.1,65,19.5,52,928.2,0
2022-03-05,Gia_Lai,13.9833,108.0,24.1,67,20.2,46,927.7,0
2022-03-06,Gia_Lai,13.9833,108.0,24.5,71,18.7,52,928.0,0
2022-03-07,Gia_Lai,13.9833,108.0,24.1,66,24.4,35,928.7,0
2022-03-08,Gia_Lai,13.9833,108.0,22.6,66,25.9,26,928.2,0
2022-03-09,Gia_Lai,13.9833,108.0,22.2,65,22.3,76,927.5,0
2022-03-10,Gia_Lai,13.9833,108.0,22.3,61,25.9,62,926.7,0
2022-03-11,Gia_Lai,13.9833,108.0,23.1,57,25.0,65,926.2,0
2022-03-12,Gia_Lai,13.9833,108.0,22.9,64,19.4,73,926.2,0
2022-03-13,Gia_Lai,13.9833,108.0,23.9,64,20.6,47,926.3,0
2022-03-14,Gia_Lai,13.9833,108.0,24.9,67,19.9,75,926.5,0
2022-03-15,Gia_Lai,13.9833,108.0,25.0,70,17.8,69,926.0,1
2022-03-16,Gia_Lai,13.9833,108.0,25.0,67,16.3,79,925.8,1
2022-03-17,Gia_Lai,13.9833,108.0,25.4,68,17.4,62,925.6,1
2022-03-18,Gia_Lai,13.9833,108.0,24.9,75,18.1,71,925.9,1
2022-03-19,Gia_Lai,13.9833,108.0,24.6,75,19.9,94,925.4,1
2022-03-20,Gia_Lai,13.9833,108.0,24.7,69,15.5,80,926.7,1
2022-03-21,Gia_Lai,13.9833,108.0,24.6,76,21.2,75,927.9,1
2022-03-22,Gia_Lai,13.9833,108.0,24.0,81,12.4,94,928.5,1
2022-03-23,Gia_Lai,13.9833,108.0,23.8,80,12.6,80,928.1,1
2022-03-24,Gia_Lai,13.9833,108.0,23.8,84,15.9,82,927.7,1
2022-03-25,Gia_Lai,13.9833,108.0,24.1,82,13.7,58,928.4,1
2022-03-26,Gia_Lai,13.9833,108.0,25.0,76,15.9,62,929.0,1
2022-03-27,Gia_Lai,13.9833,108.0,25.1,77,12.8,50,928.4,1
2022-03-28,Gia_Lai,13.9833,108.0,24.5,72,18.0,84,928.7,1
2022-03-29,Gia_Lai,13.9833,108.0,23.9,70,21.5,42,928.1,0
2022-03-30,Gia_Lai,13.9833,108.0,23.7,73,18.9,88,927.1,1
2022-03-31,Gia_Lai,13.9833,108.0,21.2,90,24.1,99,925.9,1
2022-04-01,Gia_Lai,13.9833,108.0,21.7,90,20.3,100,927.9,1
2022-04-02,Gia_Lai,13.9833,108.0,21.8,78,31.7,83,929.1,1
2022-04-03,Gia_Lai,13.9833,108.0,20.4,71,25.8,82,929.4,0
2022-04-04,Gia_Lai,13.9833,108.0,20.4,75,29.3,83,930.5,0
2022-04-05,Gia_Lai,13.9833,108.0,22.4,73,28.7,61,930.5,0
2022-04-06,Gia_Lai,13.9833,108.0,22.9,71,21.0,70,929.7,1
2022-04-07,Gia_Lai,13.9833,108.0,21.7,67,19.8,89,928.9,0
2022-04-08,Gia_Lai,13.9833,108.0,21.6,60,19.9,74,927.9,0
2022-04-09,Gia_Lai,13.9833,108.0,22.0,65,20.3,73,926.9,0
2022-04-10,Gia_Lai,13.9833,108.0,23.1,64,17.1,65,926.5,0
2022-04-11,Gia_Lai,13.9833,108.0,23.6,72,16.3,55,926.5,1
2022-04-12,Gia_Lai,13.9833,108.0,23.9,75,13.3,58,925.8,1
2022-04-13,Gia_Lai,13.9833,108.0,24.6,74,15.4,51,924.9,1
2022-04-14,Gia_Lai,13.9833,108.0,24.9,74,12.8,62,925.5,1
2022-04-15,Gia_Lai,13.9833,108.0,24.0,81,15.9,81,926.0,1
2022-04-16,Gia_Lai,13.9833,108.0,23.6,83,12.1,95,926.3,1
2022-04-17,Gia_Lai,13.9833,108.0,23.7,77,20.5,54,927.1,0
2022-04-18,Gia_Lai,13.9833,108.0,23.0,69,21.3,65,928.4,0
2022-04-19,Gia_Lai,13.9833,108.0,23.5,68,21.2,62,928.8,1
2022-04-20,Gia_Lai,13.9833,108.0,23.1,76,20.7,58,928.2,1
2022-04-21,Gia_Lai,13.9833,108.0,24.2,75,19.1,40,927.8,1
2022-04-22,Gia_Lai,13.9833,108.0,24.4,73,11.9,90,928.0,0
2022-04-23,Gia_Lai,13.9833,108.0,26.1,67,11.3,47,927.3,1
2022-04-24,Gia_Lai,13.9833,108.0,25.3,78,11.7,89,926.2,1
2022-04-25,Gia_Lai,13.9833,108.0,25.3,77,12.4,77,925.8,1
2022-04-26,Gia_Lai,13.9833,108.0,24.7,82,17.7,97,925.8,1
2022-04-27,Gia_Lai,13.9833,108.0,25.7,76,15.5,68,925.9,1
2022-04-28,Gia_Lai,13.9833,108.0,26.1,69,20.5,77,926.2,0
2022-04-29,Gia_Lai,13.9833,108.0,24.8,75,20.5,95,926.3,1
2022-04-30,Gia_Lai,13.9833,108.0,23.8,83,23.6,96,925.2,1
2022-05-01,Gia_Lai,13.9833,108.0,22.8,89,11.8,100,925.0,1
2022-05-02,Gia_Lai,13.9833,108.0,22.2,88,15.3,99,925.9,1
2022-05-03,Gia_Lai,13.9833,108.0,22.3,75,20.2,97,927.3,1
2022-05-04,Gia_Lai,13.9833,108.0,22.8,77,14.0,85,927.1,1
2022-05-05,Gia_Lai,13.9833,108.0,23.7,79,22.0,82,926.3,1
2022-05-06,Gia_Lai,13.9833,108.0,24.0,78,19.4,94,926.2,1
2022-05-07,Gia_Lai,13.9833,108.0,23.5,77,22.3,99,926.5,1
2022-05-08,Gia_Lai,13.9833,108.0,23.4,84,21.1,98,926.8,1
2022-05-09,Gia_Lai,13.9833,108.0,24.1,82,17.7,96,927.1,1
2022-05-10,Gia_Lai,13.9833,108.0,24.5,81,10.5,93,926.8,1
2022-05-11,Gia_Lai,13.9833,108.0,24.3,83,13.1,94,926.5,1
2022-05-12,Gia_Lai,13.9833,108.0,23.5,88,17.1,87,925.9,1
2022-05-13,Gia_Lai,13.9833,108.0,24.3,85,19.2,99,925.5,1
2022-05-14,Gia_Lai,13.9833,108.0,24.5,83,13.1,88,926.5,1
2022-05-15,Gia_Lai,13.9833,108.0,24.7,84,15.4,98,927.1,1
2022-05-16,Gia_Lai,13.9833,108.0,23.0,89,10.0,100,926.8,1
2022-05-17,Gia_Lai,13.9833,108.0,23.4,83,16.2,96,927.1,1
2022-05-18,Gia_Lai,13.9833,108.0,23.1,86,9.5,96,927.9,1
2022-05-19,Gia_Lai,13.9833,108.0,22.8,90,10.8,95,927.8,1
2022-05-20,Gia_Lai,13.9833,108.0,22.9,89,11.4,100,926.3,1
2022-05-21,Gia_Lai,13.9833,108.0,22.3,92,15.3,100,924.4,1
2022-05-22,Gia_Lai,13.9833,108.0,22.8,90,20.4,100,922.5,1
2022-05-23,Gia_Lai,13.9833,108.0,21.9,95,21.9,99,923.0,1
2022-05-24,Gia_Lai,13.9833,108.0,22.9,90,18.4,100,925.9,1
2022-05-25,Gia_Lai,13.9833,108.0,23.4,88,18.1,99,926.2,1
2022-05-26,Gia_Lai,13.9833,108.0,22.7,91,17.6,100,924.4,1
2022-05-27,Gia_Lai,13.9833,108.0,22.1,94,19.6,99,922.9,1
2022-05-28,Gia_Lai,13.9833,108.0,21.8,93,21.0,95,923.0,1
2022-05-29,Gia_Lai,13.9833,108.0,22.3,92,18.1,92,923.6,1
2022-05-30,Gia_Lai,13.9833,108.0,23.1,90,13.3,80,924.0,1
2022-05-31,Gia_Lai,13.9833,108.0,23.7,88,13.6,81,924.3,1
2022-06-01,Gia_Lai,13.9833,108.0,23.8,87,14.2,92,925.0,1
2022-06-02,Gia_Lai,13.9833,108.0,23.1,90,15.8,98,925.4,1
2022-06-03,Gia_Lai,13.9833,108.0,23.0,87,18.5,96,925.7,1
2022-06-04,Gia_Lai,13.9833,108.0,22.5,91,20.3,95,926.4,1
2022-06-05,Gia_Lai,13.9833,108.0,23.7,85,19.9,75,925.5,1
2022-06-06,Gia_Lai,13.9833,108.0,23.6,87,20.3,83,924.8,1
2022-06-07,Gia_Lai,13.9833,108.0,23.8,86,18.9,99,925.0,1
2022-06-08,Gia_Lai,13.9833,108.0,23.5,85,19.4,98,925.6,1
2022-06-09,Gia_Lai,13.9833,108.0,24.3,83,13.4,92,925.4,1
2022-06-10,Gia_Lai,13.9833,108.0,23.9,87,18.4,100,925.6,1
2022-06-11,Gia_Lai,13.9833,108.0,24.4,84,15.5,100,926.1,1
2022-06-12,Gia_Lai,13.9833,108.0,24.7,80,10.2,93,926.4,1
2022-06-13,Gia_Lai,13.9833,108.0,24.1,85,15.3,99,926.3,1
2022-06-14,Gia_Lai,13.9833,108.0,24.6,83,14.3,99,926.4,1
2022-06-15,Gia_Lai,13.9833,108.0,23.5,85,13.6,100,927.2,1
2022-06-16,Gia_Lai,13.9833,108.0,23.9,83,11.2,95,927.5,1
2022-06-17,Gia_Lai,13.9833,108.0,24.1,84,14.8,65,927.1,1
2022-06-18,Gia_Lai,13.9833,108.0,24.4,82,19.1,71,926.7,1
2022-06-19,Gia_Lai,13.9833,108.0,24.5,82,18.8,80,925.9,1
2022-06-20,Gia_Lai,13.9833,108.0,24.4,81,18.1,80,924.3,1
2022-06-21,Gia_Lai,13.9833,108.0,24.3,81,18.1,78,924.4,1
2022-06-22,Gia_Lai,13.9833,108.0,23.5,84,13.9,99,926.6,1
2022-06-23,Gia_Lai,13.9833,108.0,23.1,85,10.7,98,926.7,1
2022-06-24,Gia_Lai,13.9833,108.0,22.9,86,13.5,94,925.9,1
2022-06-25,Gia_Lai,13.9833,108.0,23.4,86,12.7,97,925.2,1
2022-06-26,Gia_Lai,13.9833,108.0,23.8,85,11.5,85,926.5,1
2022-06-27,Gia_Lai,13.9833,108.0,24.5,81,11.5,45,926.4,1
2022-06-28,Gia_Lai,13.9833,108.0,24.0,87,16.3,93,924.5,1
2022-06-29,Gia_Lai,13.9833,108.0,23.5,88,17.8,97,922.2,1
2022-06-30,Gia_Lai,13.9833,108.0,22.9,92,21.7,100,921.5,1
2022-07-01,Gia_Lai,13.9833,108.0,21.2,97,23.4,100,921.2,1
2022-07-02,Gia_Lai,13.9833,108.0,21.7,96,26.2,100,921.8,1
2022-07-03,Gia_Lai,13.9833,108.0,22.5,94,24.0,100,923.1,1
2022-07-04,Gia_Lai,13.9833,108.0,23.3,91,21.3,99,923.4,1
2022-07-05,Gia_Lai,13.9833,108.0,23.3,90,18.9,97,924.3,1
2022-07-06,Gia_Lai,13.9833,108.0,23.8,89,15.0,100,925.0,1
2022-07-07,Gia_Lai,13.9833,108.0,23.1,91,17.7,100,925.0,1
2022-07-08,Gia_Lai,13.9833,108.0,22.7,90,17.4,100,924.4,1
2022-07-09,Gia_Lai,13.9833,108.0,22.0,91,19.6,99,923.1,1
2022-07-10,Gia_Lai,13.9833,108.0,21.5,96,14.1,100,922.5,1
2022-07-11,Gia_Lai,13.9833,108.0,21.8,95,13.9,100,922.6,1
2022-07-12,Gia_Lai,13.9833,108.0,22.4,92,11.8,98,922.2,1
2022-07-13,Gia_Lai,13.9833,108.0,22.0,94,15.8,98,921.4,1
2022-07-14,Gia_Lai,13.9833,108.0,22.8,92,11.2,96,922.1,1
2022-07-15,Gia_Lai,13.9833,108.0,23.3,89,13.9,75,924.0,1
2022-07-16,Gia_Lai,13.9833,108.0,23.5,90,13.5,88,924.9,1
2022-07-17,Gia_Lai,13.9833,108.0,22.8,92,16.0,90,925.7,1
2022-07-18,Gia_Lai,13.9833,108.0,23.0,89,16.9,83,924.7,1
2022-07-19,Gia_Lai,13.9833,108.0,22.9,90,15.0,100,923.9,1
2022-07-20,Gia_Lai,13.9833,108.0,22.1,93,11.3,100,924.3,1
2022-07-21,Gia_Lai,13.9833,108.0,21.9,92,13.3,99,927.1,1
2022-07-22,Gia_Lai,13.9833,108.0,23.0,87,10.4,88,928.1,1
2022-07-23,Gia_Lai,13.9833,108.0,23.7,82,9.8,90,927.1,1
2022-07-24,Gia_Lai,13.9833,108.0,24.1,80,13.7,66,925.9,0
2022-07-25,Gia_Lai,13.9833,108.0,24.5,78,13.3,35,926.3,0
2022-07-26,Gia_Lai,13.9833,108.0,23.8,82,14.0,58,926.3,1
2022-07-27,Gia_Lai,13.9833,108.0,23.2,87,7.3,86,925.8,1
2022-07-28,Gia_Lai,13.9833,108.0,23.6,87,11.6,57,925.6,1
2022-07-29,Gia_Lai,13.9833,108.0,23.8,88,14.5,81,925.0,1
2022-07-30,Gia_Lai,13.9833,108.0,22.8,91,16.4,99,924.4,1
2022-07-31,Gia_Lai,13.9833,108.0,23.0,90,13.7,94,923.6,1
2022-08-01,Gia_Lai,13.9833,108.0,23.2,88,11.4,99,924.1,1
2022-08-02,Gia_Lai,13.9833,108.0,22.8,92,14.2,95,925.2,1
2022-08-03,Gia_Lai,13.9833,108.0,22.5,92,13.7,97,926.1,1
2022-08-04,Gia_Lai,13.9833,108.0,22.7,90,16.7,98,925.3,1
2022-08-05,Gia_Lai,13.9833,108.0,22.0,92,19.9,100,924.8,1
2022-08-06,Gia_Lai,13.9833,108.0,22.2,92,18.4,100,924.1,1
2022-08-07,Gia_Lai,13.9833,108.0,21.6,94,19.5,100,923.5,1
2022-08-08,Gia_Lai,13.9833,108.0,20.6,98,28.8,100,922.4,1
2022-08-09,Gia_Lai,13.9833,108.0,20.3,99,26.8,100,921.7,1
2022-08-10,Gia_Lai,13.9833,108.0,21.1,96,22.9,100,922.3,1
2022-08-11,Gia_Lai,13.9833,108.0,21.7,95,22.9,99,923.9,1
2022-08-12,Gia_Lai,13.9833,108.0,22.7,88,21.4,99,925.8,1
2022-08-13,Gia_Lai,13.9833,108.0,23.3,87,13.1,75,926.3,1
2022-08-14,Gia_Lai,13.9833,108.0,23.0,88,14.6,82,926.2,1
2022-08-15,Gia_Lai,13.9833,108.0,22.5,90,14.4,92,925.1,1
2022-08-16,Gia_Lai,13.9833,108.0,22.7,89,16.9,99,925.0,1
2022-08-17,Gia_Lai,13.9833,108.0,22.6,89,20.1,87,925.4,1
2022-08-18,Gia_Lai,13.9833,108.0,22.7,91,18.8,96,925.2,1
2022-08-19,Gia_Lai,13.9833,108.0,22.0,95,19.4,100,924.2,1
2022-08-20,Gia_Lai,13.9833,108.0,21.2,97,23.2,100,923.4,1
2022-08-21,Gia_Lai,13.9833,108.0,22.7,90,18.7,89,924.4,1
2022-08-22,Gia_Lai,13.9833,108.0,23.3,89,16.2,94,925.4,1
2022-08-23,Gia_Lai,13.9833,108.0,22.9,89,12.4,100,925.6,1
2022-08-24,Gia_Lai,13.9833,108.0,22.3,88,16.6,89,923.7,1
2022-08-25,Gia_Lai,13.9833,108.0,21.5,95,21.3,100,923.6,1
2022-08-26,Gia_Lai,13.9833,108.0,22.4,90,20.6,98,926.4,1
2022-08-27,Gia_Lai,13.9833,108.0,23.6,86,11.6,55,927.0,1
2022-08-28,Gia_Lai,13.9833,108.0,23.2,85,17.5,85,925.9,1
2022-08-29,Gia_Lai,13.9833,108.0,23.3,86,20.1,88,926.8,1
2022-08-30,Gia_Lai,13.9833,108.0,23.7,84,16.8,69,926.9,1
2022-08-31,Gia_Lai,13.9833,108.0,23.1,86,9.4,97,925.8,1
2022-09-01,Gia_Lai,13.9833,108.0,23.5,84,11.6,40,925.9,1
2022-09-02,Gia_Lai,13.9833,108.0,23.0,89,9.4,93,926.1,1
2022-09-03,Gia_Lai,13.9833,108.0,22.9,88,14.3,100,925.2,1
2022-09-04,Gia_Lai,13.9833,108.0,22.8,90,16.6,97,925.6,1
2022-09-05,Gia_Lai,13.9833,108.0,22.2,91,14.2,99,926.0,1
2022-09-06,Gia_Lai,13.9833,108.0,22.2,90,11.9,100,925.7,1
2022-09-07,Gia_Lai,13.9833,108.0,21.4,94,10.5,100,926.1,1
2022-09-08,Gia_Lai,13.9833,108.0,22.5,89,12.4,100,927.4,1
2022-09-09,Gia_Lai,13.9833,108.0,23.1,87,16.9,82,928.0,1
2022-09-10,Gia_Lai,13.9833,108.0,23.7,85,17.2,88,927.8,1
2022-09-11,Gia_Lai,13.9833,108.0,22.8,86,12.2,46,926.9,1
2022-09-12,Gia_Lai,13.9833,108.0,22.6,89,10.2,70,926.5,1
2022-09-13,Gia_Lai,13.9833,108.0,22.8,88,8.6,67,926.9,1
2022-09-14,Gia_Lai,13.9833,108.0,22.6,88,19.7,99,927.6,1
2022-09-15,Gia_Lai,13.9833,108.0,21.8,93,17.3,98,926.7,1
2022-09-16,Gia_Lai,13.9833,108.0,22.0,92,18.8,86,924.8,1
2022-09-17,Gia_Lai,13.9833,108.0,22.4,88,15.1,80,925.3,1
2022-09-18,Gia_Lai,13.9833,108.0,22.1,90,14.2,86,926.0,1
2022-09-19,Gia_Lai,13.9833,108.0,21.8,92,15.5,98,925.7,1
2022-09-20,Gia_Lai,13.9833,108.0,21.9,93,10.5,100,924.8,1
2022-09-21,Gia_Lai,13.9833,108.0,22.2,91,12.6,100,924.7,1
2022-09-22,Gia_Lai,13.9833,108.0,22.2,91,10.7,100,925.3,1
2022-09-23,Gia_Lai,13.9833,108.0,21.9,94,13.4,99,926.0,1
2022-09-24,Gia_Lai,13.9833,108.0,22.0,93,12.4,100,925.6,1
2022-09-25,Gia_Lai,13.9833,108.0,21.5,93,11.9,99,925.8,1
2022-09-26,Gia_Lai,13.9833,108.0,22.1,91,13.4,97,925.2,1
2022-09-27,Gia_Lai,13.9833,108.0,20.7,97,37.4,100,921.2,1
2022-09-28,Gia_Lai,13.9833,108.0,20.3,97,39.8,100,917.7,1
2022-09-29,Gia_Lai,13.9833,108.0,21.9,92,21.5,97,922.7,1
2022-09-30,Gia_Lai,13.9833,108.0,22.2,93,16.8,99,925.8,1
2022-10-01,Gia_Lai,13.9833,108.0,22.4,91,10.5,100,926.8,1
2022-10-02,Gia_Lai,13.9833,108.0,22.8,88,17.5,99,926.7,1
2022-10-03,Gia_Lai,13.9833,108.0,22.5,85,21.4,85,926.9,1
2022-10-04,Gia_Lai,13.9833,108.0,22.7,84,18.4,96,928.0,1
2022-10-05,Gia_Lai,13.9833,108.0,22.6,86,20.9,92,928.0,1
2022-10-06,Gia_Lai,13.9833,108.0,22.8,86,16.1,97,928.2,1
2022-10-07,Gia_Lai,13.9833,108.0,23.3,81,18.9,72,927.9,1
2022-10-08,Gia_Lai,13.9833,108.0,22.8,86,16.2,95,928.2,1
2022-10-09,Gia_Lai,13.9833,108.0,22.4,88,17.3,95,928.7,1
2022-10-10,Gia_Lai,13.9833,108.0,22.0,87,19.5,99,929.2,1
2022-10-11,Gia_Lai,13.9833,108.0,21.9,87,19.7,90,928.4,1
2022-10-12,Gia_Lai,13.9833,108.0,22.5,77,20.2,55,927.7,1
2022-10-13,Gia_Lai,13.9833,108.0,21.3,83,16.4,94,926.1,1
2022-10-14,Gia_Lai,13.9833,108.0,18.6,95,19.8,100,922.6,1
2022-10-15,Gia_Lai,13.9833,108.0,20.9,89,15.5,100,923.4,1
2022-10-16,Gia_Lai,13.9833,108.0,21.8,89,14.0,87,926.6,1
2022-10-17,Gia_Lai,13.9833,108.0,22.3,82,8.7,94,927.1,1
2022-10-18,Gia_Lai,13.9833,108.0,21.6,81,11.7,73,926.1,1
2022-10-19,Gia_Lai,13.9833,108.0,21.5,78,10.6,71,925.9,1
2022-10-20,Gia_Lai,13.9833,108.0,21.7,86,14.8,84,928.3,1
2022-10-21,Gia_Lai,13.9833,108.0,22.2,83,14.9,66,929.1,1
2022-10-22,Gia_Lai,13.9833,108.0,22.6,81,12.6,88,929.1,0
2022-10-23,Gia_Lai,13.9833,108.0,23.0,84,15.8,95,929.0,1
2022-10-24,Gia_Lai,13.9833,108.0,23.1,77,15.3,69,927.8,1
2022-10-25,Gia_Lai,13.9833,108.0,22.8,82,16.9,99,928.0,1
2022-10-26,Gia_Lai,13.9833,108.0,23.0,85,22.9,100,927.7,1
2022-10-27,Gia_Lai,13.9833,108.0,22.4,82,19.7,100,927.5,1
2022-10-28,Gia_Lai,13.9833,108.0,21.8,75,29.1,98,926.4,0
2022-10-29,Gia_Lai,13.9833,108.0,22.0,76,25.9,99,926.1,0
2022-10-30,Gia_Lai,13.9833,108.0,21.9,75,25.6,100,925.6,0
2022-10-31,Gia_Lai,13.9833,108.0,21.5,74,13.9,100,925.5,0
2022-11-01,Gia_Lai,13.9833,108.0,20.8,72,14.8,100,926.2,0
2022-11-02,Gia_Lai,13.9833,108.0,20.4,78,12.4,77,926.6,0
2022-11-03,Gia_Lai,13.9833,108.0,20.5,78,14.6,68,928.2,1
2022-11-04,Gia_Lai,13.9833,108.0,21.0,79,16.0,36,929.8,1
2022-11-05,Gia_Lai,13.9833,108.0,21.8,76,14.4,53,930.9,1
2022-11-06,Gia_Lai,13.9833,108.0,21.7,82,14.3,60,930.3,1
2022-11-07,Gia_Lai,13.9833,108.0,22.2,79,14.6,76,929.3,1
2022-11-08,Gia_Lai,13.9833,108.0,22.3,72,15.8,50,928.9,0
2022-11-09,Gia_Lai,13.9833,108.0,22.5,70,17.8,85,929.0,0
2022-11-10,Gia_Lai,13.9833,108.0,23.1,73,21.7,56,928.9,0
2022-11-11,Gia_Lai,13.9833,108.0,23.0,75,22.1,48,928.7,0
2022-11-12,Gia_Lai,13.9833,108.0,23.0,74,21.0,96,927.8,1
2022-11-13,Gia_Lai,13.9833,108.0,23.2,79,25.9,56,928.2,1
2022-11-14,Gia_Lai,13.9833,108.0,23.8,76,22.7,53,928.5,0
2022-11-15,Gia_Lai,13.9833,108.0,23.5,76,20.5,60,928.1,1
2022-11-16,Gia_Lai,13.9833,108.0,23.3,77,20.9,45,927.5,1
2022-11-17,Gia_Lai,13.9833,108.0,23.3,76,22.8,33,927.1,1
2022-11-18,Gia_Lai,13.9833,108.0,23.6,72,23.5,61,927.6,0
2022-11-19,Gia_Lai,13.9833,108.0,21.6,83,20.8,100,926.5,1
2022-11-20,Gia_Lai,13.9833,108.0,21.1,90,22.3,100,924.4,1
2022-11-21,Gia_Lai,13.9833,108.0,21.9,89,19.3,100,923.9,1
2022-11-22,Gia_Lai,13.9833,108.0,21.9,90,22.7,100,924.6,1
2022-11-23,Gia_Lai,13.9833,108.0,22.4,90,18.5,92,926.3,1
2022-11-24,Gia_Lai,13.9833,108.0,22.5,87,18.4,75,927.8,1
2022-11-25,Gia_Lai,13.9833,108.0,22.4,86,19.5,57,928.9,1
2022-11-26,Gia_Lai,13.9833,108.0,21.9,89,17.7,60,928.3,1
2022-11-27,Gia_Lai,13.9833,108.0,22.1,89,15.0,57,927.4,1
2022-11-28,Gia_Lai,13.9833,108.0,22.6,85,14.2,30,927.8,1
2022-11-29,Gia_Lai,13.9833,108.0,22.5,82,16.8,5,928.2,0
2022-11-30,Gia_Lai,13.9833,108.0,22.4,78,20.0,25,928.4,0
2022-12-01,Gia_Lai,13.9833,108.0,22.7,77,24.7,80,928.2,0
2022-12-02,Gia_Lai,13.9833,108.0,22.6,79,30.6,84,927.4,1
2022-12-03,Gia_Lai,13.9833,108.0,22.1,81,26.3,94,927.3,1
2022-12-04,Gia_Lai,13.9833,108.0,22.6,78,26.3,84,928.3,0
2022-12-05,Gia_Lai,13.9833,108.0,22.9,78,25.4,67,928.6,1
2022-12-06,Gia_Lai,13.9833,108.0,22.2,74,31.0,66,928.0,0
2022-12-07,Gia_Lai,13.9833,108.0,22.5,73,29.7,66,927.8,0
2022-12-08,Gia_Lai,13.9833,108.0,22.3,77,29.8,71,928.0,1
2022-12-09,Gia_Lai,13.9833,108.0,21.4,76,22.8,84,927.5,0
2022-12-10,Gia_Lai,13.9833,108.0,21.2,77,18.0,73,927.4,0
2022-12-11,Gia_Lai,13.9833,108.0,20.0,78,17.7,74,928.2,0
2022-12-12,Gia_Lai,13.9833,108.0,19.7,71,20.7,40,928.6,0
2022-12-13,Gia_Lai,13.9833,108.0,18.7,67,22.7,48,928.6,0
2022-12-14,Gia_Lai,13.9833,108.0,18.9,67,19.0,42,928.9,0
2022-12-15,Gia_Lai,13.9833,108.0,20.2,70,20.5,18,927.7,0
2022-12-16,Gia_Lai,13.9833,108.0,22.3,74,21.0,78,927.5,1
2022-12-17,Gia_Lai,13.9833,108.0,21.6,71,33.5,95,928.8,1
2022-12-18,Gia_Lai,13.9833,108.0,17.1,67,38.2,73,928.6,0
2022-12-19,Gia_Lai,13.9833,108.0,18.1,68,31.3,50,927.8,0
2022-12-20,Gia_Lai,13.9833,108.0,20.0,72,22.0,32,927.1,0
2022-12-21,Gia_Lai,13.9833,108.0,21.0,72,23.8,78,927.1,0
2022-12-22,Gia_Lai,13.9833,108.0,19.6,71,20.6,86,926.9,0
2022-12-23,Gia_Lai,13.9833,108.0,18.0,68,19.6,61,927.9,0
2022-12-24,Gia_Lai,13.9833,108.0,17.6,67,27.2,88,929.1,0
2022-12-25,Gia_Lai,13.9833,108.0,17.9,67,22.3,88,930.3,0
2022-12-26,Gia_Lai,13.9833,108.0,18.2,69,21.4,91,931.3,0
2022-12-27,Gia_Lai,13.9833,108.0,19.0,69,23.0,80,931.0,0
2022-12-28,Gia_Lai,13.9833,108.0,19.5,67,18.6,60,930.9,0
2022-12-29,Gia_Lai,13.9833,108.0,20.4,71,24.8,46,931.7,0
2022-12-30,Gia_Lai,13.9833,108.0,19.9,67,30.9,99,932.5,0
2022-12-31,Gia_Lai,13.9833,108.0,18.6,66,24.4,96,932.0,0
2023-01-01,Gia_Lai,13.9833,108.0,19.0,72,22.5,99,930.8,1
2023-01-02,Gia_Lai,13.9833,108.0,21.3,70,23.2,62,931.4,0
2023-01-03,Gia_Lai,13.9833,108.0,21.3,68,28.4,68,931.3,0
2023-01-04,Gia_Lai,13.9833,108.0,21.2,69,29.5,98,930.6,0
2023-01-05,Gia_Lai,13.9833,108.0,20.1,74,29.3,100,930.3,1
2023-01-06,Gia_Lai,13.9833,108.0,18.6,76,32.7,100,929.5,1
2023-01-07,Gia_Lai,13.9833,108.0,17.2,79,27.4,100,928.2,1
2023-01-08,Gia_Lai,13.9833,108.0,19.5,83,22.4,99,928.2,1
2023-01-09,Gia_Lai,13.9833,108.0,21.0,84,24.5,91,929.8,1
2023-01-10,Gia_Lai,13.9833,108.0,21.1,79,24.1,70,929.4,0
2023-01-11,Gia_Lai,13.9833,108.0,21.0,79,18.3,51,928.4,1
2023-01-12,Gia_Lai,13.9833,108.0,21.7,80,16.6,69,928.2,1
2023-01-13,Gia_Lai,13.9833,108.0,21.7,87,16.9,68,928.3,1
2023-01-14,Gia_Lai,13.9833,108.0,22.4,72,12.3,26,926.6,0
2023-01-15,Gia_Lai,13.9833,108.0,22.3,63,18.3,20,926.6,0
2023-01-16,Gia_Lai,13.9833,108.0,21.0,64,20.9,28,929.2,0
2023-01-17,Gia_Lai,13.9833,108.0,20.1,70,23.8,73,930.5,0
2023-01-18,Gia_Lai,13.9833,108.0,19.7,69,25.5,99,931.5,0
2023-01-19,Gia_Lai,13.9833,108.0,19.3,70,23.3,92,930.8,0
2023-01-20,Gia_Lai,13.9833,108.0,20.1,67,23.3,63,930.2,0
2023-01-21,Gia_Lai,13.9833,108.0,20.8,71,24.5,82,929.2,0
2023-01-22,Gia_Lai,13.9833,108.0,21.5,75,20.2,81,928.3,0
2023-01-23,Gia_Lai,13.9833,108.0,22.1,73,21.5,57,927.9,0
2023-01-24,Gia_Lai,13.9833,108.0,20.9,71,36.7,49,929.4,0
2023-01-25,Gia_Lai,13.9833,108.0,18.4,66,33.6,71,928.9,0
2023-01-26,Gia_Lai,13.9833,108.0,19.6,71,18.9,35,928.4,0
2023-01-27,Gia_Lai,13.9833,108.0,20.3,70,30.6,64,929.0,0
2023-01-28,Gia_Lai,13.9833,108.0,18.6,66,35.1,65,929.0,0
2023-01-29,Gia_Lai,13.9833,108.0,16.9,66,30.0,36,929.5,0
2023-01-30,Gia_Lai,13.9833,108.0,17.2,62,25.5,54,929.7,0
2023-01-31,Gia_Lai,13.9833,108.0,20.0,71,21.6,42,928.3,0
2023-02-01,Gia_Lai,13.9833,108.0,21.9,73,20.3,31,927.7,0
2023-02-02,Gia_Lai,13.9833,108.0,22.6,77,25.9,68,928.9,1
2023-02-03,Gia_Lai,13.9833,108.0,22.2,73,29.8,60,929.2,0
2023-02-04,Gia_Lai,13.9833,108.0,22.5,71,21.3,24,928.4,1
2023-02-05,Gia_Lai,13.9833,108.0,22.1,71,18.2,27,927.8,0
2023-02-06,Gia_Lai,13.9833,108.0,22.7,67,17.0,78,927.6,0
2023-02-07,Gia_Lai,13.9833,108.0,23.2,67,19.6,42,928.2,0
2023-02-08,Gia_Lai,13.9833,108.0,23.0,74,20.3,38,928.4,0
2023-02-09,Gia_Lai,13.9833,108.0,23.1,70,18.8,32,928.4,0
2023-02-10,Gia_Lai,13.9833,108.0,23.0,69,19.5,57,928.6,0
2023-02-11,Gia_Lai,13.9833,108.0,23.8,67,16.6,16,928.3,0
2023-02-12,Gia_Lai,13.9833,108.0,24.8,61,15.5,77,928.3,0
2023-02-13,Gia_Lai,13.9833,108.0,25.4,60,15.1,61,928.5,0
2023-02-14,Gia_Lai,13.9833,108.0,23.9,69,22.8,75,929.0,1
2023-02-15,Gia_Lai,13.9833,108.0,21.4,74,32.3,49,929.9,1
2023-02-16,Gia_Lai,13.9833,108.0,20.7,68,34.9,64,931.0,0
2023-02-17,Gia_Lai,13.9833,108.0,21.2,67,23.6,70,930.4,0
2023-02-18,Gia_Lai,13.9833,108.0,21.8,69,19.1,69,929.5,0
2023-02-19,Gia_Lai,13.9833,108.0,22.1,64,22.0,82,929.3,1
2023-02-20,Gia_Lai,13.9833,108.0,21.0,62,22.8,89,929.3,0
2023-02-21,Gia_Lai,13.9833,108.0,21.0,64,23.9,95,930.5,0
2023-02-22,Gia_Lai,13.9833,108.0,20.6,66,23.2,89,930.5,0
2023-02-23,Gia_Lai,13.9833,108.0,20.5,70,22.1,60,929.4,0
2023-02-24,Gia_Lai,13.9833,108.0,20.3,63,24.4,15,929.7,0
2023-02-25,Gia_Lai,13.9833,108.0,20.0,62,30.8,41,932.6,0
2023-02-26,Gia_Lai,13.9833,108.0,19.7,64,38.0,68,934.0,0
2023-02-27,Gia_Lai,13.9833,108.0,20.3,66,31.2,82,933.5,0
2023-02-28,Gia_Lai,13.9833,108.0,21.5,68,27.8,57,932.6,0
2023-03-01,Gia_Lai,13.9833,108.0,21.5,72,22.7,59,932.6,0
2023-03-02,Gia_Lai,13.9833,108.0,20.9,65,27.3,40,932.7,0
2023-03-03,Gia_Lai,13.9833,108.0,20.1,62,24.8,46,933.3,0
2023-03-04,Gia_Lai,13.9833,108.0,20.3,65,30.6,49,933.9,0
2023-03-05,Gia_Lai,13.9833,108.0,19.7,66,28.8,33,932.8,0
2023-03-06,Gia_Lai,13.9833,108.0,19.9,65,21.0,7,931.8,0
2023-03-07,Gia_Lai,13.9833,108.0,20.0,65,23.9,14,931.4,0
2023-03-08,Gia_Lai,13.9833,108.0,20.7,63,22.2,22,931.0,0
2023-03-09,Gia_Lai,13.9833,108.0,21.0,67,22.5,5,930.5,0
2023-03-10,Gia_Lai,13.9833,108.0,21.1,65,23.0,5,929.5,0
2023-03-11,Gia_Lai,13.9833,108.0,21.6,66,23.4,4,929.6,0
2023-03-12,Gia_Lai,13.9833,108.0,21.2,66,22.7,27,930.1,0
2023-03-13,Gia_Lai,13.9833,108.0,21.1,63,28.6,44,930.4,0
2023-03-14,Gia_Lai,13.9833,108.0,21.0,68,23.1,64,928.6,0
2023-03-15,Gia_Lai,13.9833,108.0,21.6,71,22.9,67,929.0,0
2023-03-16,Gia_Lai,13.9833,108.0,22.4,67,20.7,90,930.2,0
2023-03-17,Gia_Lai,13.9833,108.0,23.3,68,20.4,74,929.6,0
2023-03-18,Gia_Lai,13.9833,108.0,23.6,65,22.0,43,928.6,0
2023-03-19,Gia_Lai,13.9833,108.0,24.1,63,18.1,18,927.9,0
2023-03-20,Gia_Lai,13.9833,108.0,25.2,63,17.0,46,927.2,0
2023-03-21,Gia_Lai,13.9833,108.0,26.8,57,14.3,29,927.3,0
2023-03-22,Gia_Lai,13.9833,108.0,27.4,55,14.2,20,926.1,0
2023-03-23,Gia_Lai,13.9833,108.0,27.5,56,14.1,47,926.4,0
2023-03-24,Gia_Lai,13.9833,108.0,27.5,54,17.6,69,927.0,1
2023-03-25,Gia_Lai,13.9833,108.0,27.8,48,12.3,74,927.4,0
2023-03-26,Gia_Lai,13.9833,108.0,27.2,59,18.0,51,927.5,1
2023-03-27,Gia_Lai,13.9833,108.0,26.0,64,18.8,26,928.0,1
2023-03-28,Gia_Lai,13.9833,108.0,24.8,72,19.3,44,929.1,1
2023-03-29,Gia_Lai,13.9833,108.0,24.3,70,16.9,62,928.8,1
2023-03-30,Gia_Lai,13.9833,108.0,24.1,78,24.1,33,927.4,1
2023-03-31,Gia_Lai,13.9833,108.0,24.1,75,16.6,46,927.6,1
2023-04-01,Gia_Lai,13.9833,108.0,24.7,76,13.1,53,927.2,1
2023-04-02,Gia_Lai,13.9833,108.0,24.9,70,12.2,35,926.8,1
2023-04-03,Gia_Lai,13.9833,108.0,25.5,69,14.1,32,926.7,1
2023-04-04,Gia_Lai,13.9833,108.0,26.1,64,13.0,37,926.3,1
2023-04-05,Gia_Lai,13.9833,108.0,25.3,73,15.9,42,926.7,1
2023-04-06,Gia_Lai,13.9833,108.0,25.5,72,14.9,36,927.5,1
2023-04-07,Gia_Lai,13.9833,108.0,25.8,65,18.8,22,928.8,0
2023-04-08,Gia_Lai,13.9833,108.0,24.5,65,20.2,6,930.7,0
2023-04-09,Gia_Lai,13.9833,108.0,24.4,68,16.9,31,930.4,1
2023-04-10,Gia_Lai,13.9833,108.0,25.2,72,15.5,67,928.9,0
2023-04-11,Gia_Lai,13.9833,108.0,24.9,79,19.2,89,927.9,1
2023-04-12,Gia_Lai,13.9833,108.0,25.2,79,16.8,48,927.3,1
2023-04-13,Gia_Lai,13.9833,108.0,26.0,71,14.1,42,927.3,1
2023-04-14,Gia_Lai,13.9833,108.0,25.8,78,11.1,68,927.0,1
2023-04-15,Gia_Lai,13.9833,108.0,25.7,79,16.1,65,926.5,1
2023-04-16,Gia_Lai,13.9833,108.0,24.7,79,18.0,95,926.5,1
2023-04-17,Gia_Lai,13.9833,108.0,25.2,79,10.7,96,927.7,1
2023-04-18,Gia_Lai,13.9833,108.0,25.9,75,12.3,49,927.8,1
2023-04-19,Gia_Lai,13.9833,108.0,26.7,72,19.9,31,925.5,1
2023-04-20,Gia_Lai,13.9833,108.0,26.2,76,17.9,52,923.9,1
2023-04-21,Gia_Lai,13.9833,108.0,25.8,76,16.6,59,924.7,1
2023-04-22,Gia_Lai,13.9833,108.0,27.3,67,10.1,24,925.6,0
2023-04-23,Gia_Lai,13.9833,108.0,25.8,73,15.0,96,927.3,1
2023-04-24,Gia_Lai,13.9833,108.0,25.6,65,15.2,54,928.6,0
2023-04-25,Gia_Lai,13.9833,108.0,25.4,70,20.9,85,927.4,1
2023-04-26,Gia_Lai,13.9833,108.0,24.6,69,19.4,84,927.6,1
2023-04-27,Gia_Lai,13.9833,108.0,25.0,69,20.2,47,928.0,0
2023-04-28,Gia_Lai,13.9833,108.0,25.5,70,20.2,39,927.9,1
2023-04-29,Gia_Lai,13.9833,108.0,26.3,66,20.7,51,927.1,1
2023-04-30,Gia_Lai,13.9833,108.0,25.4,67,21.6,55,927.3,0
2023-05-01,Gia_Lai,13.9833,108.0,25.5,64,23.4,38,927.7,0
2023-05-02,Gia_Lai,13.9833,108.0,25.8,65,22.8,30,928.3,0
2023-05-03,Gia_Lai,13.9833,108.0,26.8,64,18.6,55,928.6,1
2023-05-04,Gia_Lai,13.9833,108.0,27.9,57,17.0,69,926.6,0
2023-05-05,Gia_Lai,13.9833,108.0,28.0,60,17.0,74,924.5,1
2023-05-06,Gia_Lai,13.9833,108.0,28.4,62,19.2,58,923.8,1
2023-05-07,Gia_Lai,13.9833,108.0,26.9,73,19.9,74,924.0,1
2023-05-08,Gia_Lai,13.9833,108.0,25.6,77,15.0,100,925.4,1
2023-05-09,Gia_Lai,13.9833,108.0,23.3,87,10.9,95,926.4,1
2023-05-10,Gia_Lai,13.9833,108.0,23.8,85,11.0,92,926.9,1
2023-05-11,Gia_Lai,13.9833,108.0,23.6,88,9.7,99,928.3,1
2023-05-12,Gia_Lai,13.9833,108.0,23.9,87,11.2,97,928.6,1
2023-05-13,Gia_Lai,13.9833,108.0,24.1,86,9.3,90,928.8,1
2023-05-14,Gia_Lai,13.9833,108.0,23.5,89,11.8,75,928.7,1
2023-05-15,Gia_Lai,13.9833,108.0,24.1,85,14.0,77,928.7,1
2023-05-16,Gia_Lai,13.9833,108.0,24.2,85,17.0,64,928.5,1
2023-05-17,Gia_Lai,13.9833,108.0,24.7,86,19.5,98,928.3,1
2023-05-18,Gia_Lai,13.9833,108.0,25.1,84,17.7,66,927.5,1
2023-05-19,Gia_Lai,13.9833,108.0,25.9,77,15.0,78,926.2,1
2023-05-20,Gia_Lai,13.9833,108.0,25.6,79,12.3,77,926.3,1
2023-05-21,Gia_Lai,13.9833,108.0,25.6,77,12.6,66,927.4,1
2023-05-22,Gia_Lai,13.9833,108.0,24.7,82,16.1,100,927.9,1
2023-05-23,Gia_Lai,13.9833,108.0,24.7,83,14.6,84,927.3,1
2023-05-24,Gia_Lai,13.9833,108.0,24.5,83,15.0,59,927.2,1
2023-05-25,Gia_Lai,13.9833,108.0,23.6,84,18.4,92,927.5,1
2023-05-26,Gia_Lai,13.9833,108.0,23.8,83,12.7,58,927.2,1
2023-05-27,Gia_Lai,13.9833,108.0,23.1,88,10.2,76,925.5,1
2023-05-28,Gia_Lai,13.9833,108.0,23.8,84,17.7,66,924.7,1
2023-05-29,Gia_Lai,13.9833,108.0,23.9,85,11.0,56,925.5,1
2023-05-30,Gia_Lai,13.9833,108.0,23.3,89,13.9,91,925.4,1
2023-05-31,Gia_Lai,13.9833,108.0,23.1,91,16.4,96,924.9,1
2023-06-01,Gia_Lai,13.9833,108.0,23.4,90,19.8,97,924.3,1
2023-06-02,Gia_Lai,13.9833,108.0,23.8,88,19.7,97,925.4,1
2023-06-03,Gia_Lai,13.9833,108.0,23.7,89,16.4,81,926.2,1
2023-06-04,Gia_Lai,13.9833,108.0,23.5,90,15.6,99,925.8,1
2023-06-05,Gia_Lai,13.9833,108.0,23.3,87,15.9,92,924.4,1
2023-06-06,Gia_Lai,13.9833,108.0,22.3,91,16.7,99,924.5,1
2023-06-07,Gia_Lai,13.9833,108.0,22.2,93,17.4,100,925.8,1
2023-06-08,Gia_Lai,13.9833,108.0,22.2,93,19.1,100,925.6,1
2023-06-09,Gia_Lai,13.9833,108.0,22.5,90,25.2,100,924.6,1
2023-06-10,Gia_Lai,13.9833,108.0,22.4,93,25.9,100,923.4,1
2023-06-11,Gia_Lai,13.9833,108.0,22.0,95,25.1,99,923.5,1
2023-06-12,Gia_Lai,13.9833,108.0,22.4,93,25.6,100,924.4,1
2023-06-13,Gia_Lai,13.9833,108.0,22.0,95,26.0,100,925.1,1
2023-06-14,Gia_Lai,13.9833,108.0,23.0,91,26.8,100,926.7,1
2023-06-15,Gia_Lai,13.9833,108.0,23.7,88,20.2,93,926.4,1
2023-06-16,Gia_Lai,13.9833,108.0,23.4,90,16.9,97,925.8,1
2023-06-17,Gia_Lai,13.9833,108.0,23.1,90,16.4,98,926.5,1
2023-06-18,Gia_Lai,13.9833,108.0,23.1,88,18.4,91,926.7,1
2023-06-19,Gia_Lai,13.9833,108.0,23.7,85,16.7,69,926.3,1
2023-06-20,Gia_Lai,13.9833,108.0,24.0,87,16.7,63,926.1,1
2023-06-21,Gia_Lai,13.9833,108.0,23.7,88,17.3,61,926.8,1
2023-06-22,Gia_Lai,13.9833,108.0,23.9,87,17.7,56,926.8,1
2023-06-23,Gia_Lai,13.9833,108.0,24.2,85,15.2,54,925.5,1
2023-06-24,Gia_Lai,13.9833,108.0,23.7,86,14.8,95,925.0,1
2023-06-25,Gia_Lai,13.9833,108.0,23.9,86,13.5,100,925.2,1
2023-06-26,Gia_Lai,13.9833,108.0,23.4,88,12.0,100,925.2,1
2023-06-27,Gia_Lai,13.9833,108.0,23.5,87,9.8,100,926.2,1
2023-06-28,Gia_Lai,13.9833,108.0,23.9,86,11.3,67,926.9,1
2023-06-29,Gia_Lai,13.9833,108.0,23.4,89,15.3,87,926.0,1
2023-06-30,Gia_Lai,13.9833,108.0,23.2,91,18.9,99,925.8,1
2023-07-01,Gia_Lai,13.9833,108.0,23.2,89,23.7,99,926.2,1
2023-07-02,Gia_Lai,13.9833,108.0,22.8,90,20.7,99,927.2,1
2023-07-03,Gia_Lai,13.9833,108.0,23.7,84,18.5,100,927.6,1
2023-07-04,Gia_Lai,13.9833,108.0,23.4,87,16.3,98,927.1,1
2023-07-05,Gia_Lai,13.9833,108.0,23.8,84,9.0,59,926.7,1
2023-07-06,Gia_Lai,13.9833,108.0,24.0,86,8.9,76,927.2,1
2023-07-07,Gia_Lai,13.9833,108.0,23.7,88,9.4,76,927.5,1
2023-07-08,Gia_Lai,13.9833,108.0,24.2,84,9.3,63,927.7,1
2023-07-09,Gia_Lai,13.9833,108.0,23.6,87,11.6,78,927.7,1
2023-07-10,Gia_Lai,13.9833,108.0,24.3,84,11.1,93,927.1,0
2023-07-11,Gia_Lai,13.9833,108.0,24.4,83,13.2,71,926.9,1
2023-07-12,Gia_Lai,13.9833,108.0,23.7,87,15.9,96,926.9,1
2023-07-13,Gia_Lai,13.9833,108.0,23.7,88,13.4,88,926.0,1
2023-07-14,Gia_Lai,13.9833,108.0,23.8,89,18.1,90,925.2,1
2023-07-15,Gia_Lai,13.9833,108.0,22.2,92,23.4,92,923.6,1
2023-07-16,Gia_Lai,13.9833,108.0,21.7,95,27.0,100,921.5,1
2023-07-17,Gia_Lai,13.9833,108.0,21.5,98,31.0,100,920.5,1
2023-07-18,Gia_Lai,13.9833,108.0,22.0,95,23.8,100,922.1,1
2023-07-19,Gia_Lai,13.9833,108.0,23.1,91,16.5,94,923.0,1
2023-07-20,Gia_Lai,13.9833,108.0,23.3,90,12.2,92,923.6,1
2023-07-21,Gia_Lai,13.9833,108.0,23.6,87,15.4,94,925.3,1
2023-07-22,Gia_Lai,13.9833,108.0,23.0,90,14.1,95,927.0,1
2023-07-23,Gia_Lai,13.9833,108.0,23.1,88,13.4,80,926.7,1
2023-07-24,Gia_Lai,13.9833,108.0,22.2,93,15.1,97,925.2,1
2023-07-25,Gia_Lai,13.9833,108.0,22.3,92,20.0,88,925.0,1
2023-07-26,Gia_Lai,13.9833,108.0,22.2,94,26.5,96,924.6,1
2023-07-27,Gia_Lai,13.9833,108.0,22.6,93,24.6,96,923.2,1
2023-07-28,Gia_Lai,13.9833,108.0,22.5,95,26.5,92,922.2,1
2023-07-29,Gia_Lai,13.9833,108.0,22.2,94,23.2,99,922.9,1
2023-07-30,Gia_Lai,13.9833,108.0,21.7,95,25.4,97,924.1,1
2023-07-31,Gia_Lai,13.9833,108.0,21.8,96,24.9,100,925.2,1
2023-08-01,Gia_Lai,13.9833,108.0,21.9,94,24.9,100,925.0,1
2023-08-02,Gia_Lai,13.9833,108.0,21.2,96,24.9,99,925.2,1
2023-08-03,Gia_Lai,13.9833,108.0,21.8,96,26.1,99,925.4,1
2023-08-04,Gia_Lai,13.9833,108.0,22.1,93,26.9,97,927.7,1
2023-08-05,Gia_Lai,13.9833,108.0,22.8,92,29.5,74,927.7,1
2023-08-06,Gia_Lai,13.9833,108.0,22.5,93,28.6,96,925.9,1
2023-08-07,Gia_Lai,13.9833,108.0,22.9,90,29.8,78,924.9,1
2023-08-08,Gia_Lai,13.9833,108.0,23.3,88,26.3,72,926.0,1
2023-08-09,Gia_Lai,13.9833,108.0,23.7,87,22.0,98,927.3,1
2023-08-10,Gia_Lai,13.9833,108.0,24.4,85,19.8,54,926.8,1
2023-08-11,Gia_Lai,13.9833,108.0,23.6,88,21.7,62,925.8,1
2023-08-12,Gia_Lai,13.9833,108.0,22.9,90,23.3,81,925.3,1
2023-08-13,Gia_Lai,13.9833,108.0,23.1,91,21.3,79,925.1,1
2023-08-14,Gia_Lai,13.9833,108.0,23.3,91,21.7,92,925.5,1
2023-08-15,Gia_Lai,13.9833,108.0,23.1,91,18.2,89,926.2,1
2023-08-16,Gia_Lai,13.9833,108.0,23.4,90,14.9,92,926.6,1
2023-08-17,Gia_Lai,13.9833,108.0,23.2,90,15.2,59,926.1,1
2023-08-18,Gia_Lai,13.9833,108.0,23.2,89,14.8,71,924.9,1
2023-08-19,Gia_Lai,13.9833,108.0,23.5,89,14.6,85,924.7,1
2023-08-20,Gia_Lai,13.9833,108.0,23.9,86,10.5,97,924.6,1
2023-08-21,Gia_Lai,13.9833,108.0,23.1,90,15.5,89,925.9,1
2023-08-22,Gia_Lai,13.9833,108.0,22.9,89,20.0,91,926.0,1
2023-08-23,Gia_Lai,13.9833,108.0,22.9,89,23.4,95,925.4,1
2023-08-24,Gia_Lai,13.9833,108.0,22.7,90,22.2,98,925.6,1
2023-08-25,Gia_Lai,13.9833,108.0,23.8,86,18.7,75,925.9,1
2023-08-26,Gia_Lai,13.9833,108.0,23.2,89,21.6,94,925.5,1
2023-08-27,Gia_Lai,13.9833,108.0,22.9,90,23.4,97,924.3,1
2023-08-28,Gia_Lai,13.9833,108.0,23.1,89,24.1,99,923.3,1
2023-08-29,Gia_Lai,13.9833,108.0,22.4,93,24.1,100,923.5,1
2023-08-30,Gia_Lai,13.9833,108.0,22.4,93,21.3,98,924.6,1
2023-08-31,Gia_Lai,13.9833,108.0,22.0,95,21.0,100,924.5,1
2023-09-01,Gia_Lai,13.9833,108.0,22.3,94,18.4,99,924.0,1
2023-09-02,Gia_Lai,13.9833,108.0,22.5,92,18.8,82,923.0,1
2023-09-03,Gia_Lai,13.9833,108.0,23.0,90,16.2,94,922.6,1
2023-09-04,Gia_Lai,13.9833,108.0,23.1,91,12.3,94,922.8,1
2023-09-05,Gia_Lai,13.9833,108.0,23.1,93,15.1,99,924.6,1
2023-09-06,Gia_Lai,13.9833,108.0,23.3,91,16.3,99,926.0,1
2023-09-07,Gia_Lai,13.9833,108.0,23.4,89,14.7,98,926.4,1
2023-09-08,Gia_Lai,13.9833,108.0,23.4,91,16.8,96,926.3,1
2023-09-09,Gia_Lai,13.9833,108.0,23.2,90,15.6,97,925.3,1
2023-09-10,Gia_Lai,13.9833,108.0,22.2,93,23.4,99,925.6,1
2023-09-11,Gia_Lai,13.9833,108.0,21.9,95,25.0,100,926.0,1
2023-09-12,Gia_Lai,13.9833,108.0,22.1,94,24.1,100,926.4,1
2023-09-13,Gia_Lai,13.9833,108.0,21.2,96,26.4,100,926.3,1
2023-09-14,Gia_Lai,13.9833,108.0,21.8,94,19.3,100,925.8,1
2023-09-15,Gia_Lai,13.9833,108.0,22.0,94,17.4,100,925.7,1
2023-09-16,Gia_Lai,13.9833,108.0,22.5,92,12.7,100,926.6,1
2023-09-17,Gia_Lai,13.9833,108.0,22.7,91,11.6,100,926.6,1
2023-09-18,Gia_Lai,13.9833,108.0,23.2,89,9.4,94,927.5,1
2023-09-19,Gia_Lai,13.9833,108.0,23.3,86,13.7,90,928.3,1
2023-09-20,Gia_Lai,13.9833,108.0,23.9,83,12.3,41,927.3,1
2023-09-21,Gia_Lai,13.9833,108.0,23.5,85,14.0,49,927.2,1
2023-09-22,Gia_Lai,13.9833,108.0,23.6,85,13.8,81,927.0,1
2023-09-23,Gia_Lai,13.9833,108.0,23.2,86,13.0,83,926.6,1
2023-09-24,Gia_Lai,13.9833,108.0,21.8,90,13.1,100,924.8,1
2023-09-25,Gia_Lai,13.9833,108.0,20.7,98,21.4,100,922.5,1
2023-09-26,Gia_Lai,13.9833,108.0,22.0,92,24.6,98,923.6,1
2023-09-27,Gia_Lai,13.9833,108.0,22.6,91,13.7,99,925.7,1
2023-09-28,Gia_Lai,13.9833,108.0,22.3,90,15.0,100,927.8,1
2023-09-29,Gia_Lai,13.9833,108.0,22.7,90,10.6,95,928.4,1
2023-09-30,Gia_Lai,13.9833,108.0,22.5,90,11.8,67,928.0,1
2023-10-01,Gia_Lai,13.9833,108.0,23.0,89,11.9,72,926.5,1
2023-10-02,Gia_Lai,13.9833,108.0,23.1,90,12.0,94,927.0,1
2023-10-03,Gia_Lai,13.9833,108.0,22.9,91,11.7,99,927.2,1
2023-10-04,Gia_Lai,13.9833,108.0,23.1,92,10.7,93,927.6,1
2023-10-05,Gia_Lai,13.9833,108.0,23.2,89,9.0,90,927.0,1
2023-10-06,Gia_Lai,13.9833,108.0,22.9,93,13.6,98,927.4,1
2023-10-07,Gia_Lai,13.9833,108.0,22.6,92,16.2,100,928.0,1
2023-10-08,Gia_Lai,13.9833,108.0,23.1,89,11.6,100,928.7,1
2023-10-09,Gia_Lai,13.9833,108.0,22.4,93,9.4,100,928.9,1
2023-10-10,Gia_Lai,13.9833,108.0,22.9,88,13.0,69,928.8,1
2023-10-11,Gia_Lai,13.9833,108.0,23.0,89,15.8,38,929.2,1
2023-10-12,Gia_Lai,13.9833,108.0,23.0,89,12.5,75,929.5,1
2023-10-13,Gia_Lai,13.9833,108.0,22.5,90,7.7,85,928.7,1
2023-10-14,Gia_Lai,13.9833,108.0,22.2,92,11.5,99,927.0,1
2023-10-15,Gia_Lai,13.9833,108.0,22.3,91,9.7,100,926.1,1
2023-10-16,Gia_Lai,13.9833,108.0,21.8,93,15.4,100,926.8,1
2023-10-17,Gia_Lai,13.9833,108.0,21.1,98,19.5,100,926.8,1
2023-10-18,Gia_Lai,13.9833,108.0,22.4,94,16.4,100,927.8,1
2023-10-19,Gia_Lai,13.9833,108.0,22.9,91,10.6,98,928.8,1
2023-10-20,Gia_Lai,13.9833,108.0,23.1,86,16.6,34,929.2,1
2023-10-21,Gia_Lai,13.9833,108.0,22.3,88,15.9,53,930.1,1
2023-10-22,Gia_Lai,13.9833,108.0,22.7,85,13.0,52,930.2,1
2023-10-23,Gia_Lai,13.9833,108.0,22.3,89,10.6,84,929.4,1
2023-10-24,Gia_Lai,13.9833,108.0,22.4,90,13.0,78,928.8,1
2023-10-25,Gia_Lai,13.9833,108.0,22.3,90,13.2,95,929.2,1
2023-10-26,Gia_Lai,13.9833,108.0,22.8,87,8.7,74,929.2,1
2023-10-27,Gia_Lai,13.9833,108.0,22.9,89,14.3,87,929.1,1
2023-10-28,Gia_Lai,13.9833,108.0,23.0,87,15.7,72,928.6,1
2023-10-29,Gia_Lai,13.9833,108.0,23.1,86,16.1,74,928.5,1
2023-10-30,Gia_Lai,13.9833,108.0,22.9,84,22.9,94,928.8,1
2023-10-31,Gia_Lai,13.9833,108.0,22.9,82,25.9,84,929.5,1
2023-11-01,Gia_Lai,13.9833,108.0,23.3,81,26.0,78,929.4,1
2023-11-02,Gia_Lai,13.9833,108.0,22.8,87,15.5,89,928.7,1
2023-11-03,Gia_Lai,13.9833,108.0,23.2,84,15.7,74,927.5,1
2023-11-04,Gia_Lai,13.9833,108.0,23.4,82,15.6,28,927.8,0
2023-11-05,Gia_Lai,13.9833,108.0,22.8,87,12.3,30,928.7,1
2023-11-06,Gia_Lai,13.9833,108.0,23.2,83,19.1,69,929.1,0
2023-11-07,Gia_Lai,13.9833,108.0,22.8,86,18.8,93,928.9,1
2023-11-08,Gia_Lai,13.9833,108.0,22.8,88,19.1,80,928.4,1
2023-11-09,Gia_Lai,13.9833,108.0,23.5,84,15.7,51,929.0,1
2023-11-10,Gia_Lai,13.9833,108.0,23.2,85,22.5,72,930.2,1
2023-11-11,Gia_Lai,13.9833,108.0,23.3,83,20.6,33,930.5,1
2023-11-12,Gia_Lai,13.9833,108.0,23.0,80,20.3,32,930.4,1
2023-11-13,Gia_Lai,13.9833,108.0,22.9,83,27.2,84,930.6,0
2023-11-14,Gia_Lai,13.9833,108.0,23.3,80,26.9,68,930.9,1
2023-11-15,Gia_Lai,13.9833,108.0,23.1,82,25.0,34,931.1,1
2023-11-16,Gia_Lai,13.9833,108.0,23.4,77,29.2,78,932.1,1
2023-11-17,Gia_Lai,13.9833,108.0,21.6,71,31.8,65,932.2,0
2023-11-18,Gia_Lai,13.9833,108.0,19.6,69,30.4,45,931.2,0
2023-11-19,Gia_Lai,13.9833,108.0,20.2,70,25.3,55,930.8,0
2023-11-20,Gia_Lai,13.9833,108.0,21.0,73,23.7,46,930.1,0
2023-11-21,Gia_Lai,13.9833,108.0,20.8,72,19.7,78,929.1,0
2023-11-22,Gia_Lai,13.9833,108.0,21.6,77,18.0,96,928.0,1
2023-11-23,Gia_Lai,13.9833,108.0,21.9,73,25.8,67,928.4,0
2023-11-24,Gia_Lai,13.9833,108.0,21.1,62,22.4,94,929.1,0
2023-11-25,Gia_Lai,13.9833,108.0,22.2,70,28.4,91,929.2,1
2023-11-26,Gia_Lai,13.9833,108.0,22.9,77,27.5,93,929.9,1
2023-11-27,Gia_Lai,13.9833,108.0,21.5,68,26.5,78,929.4,0
2023-11-28,Gia_Lai,13.9833,108.0,21.0,69,26.0,85,928.9,0
2023-11-29,Gia_Lai,13.9833,108.0,22.9,75,27.9,80,929.2,0
2023-11-30,Gia_Lai,13.9833,108.0,23.4,77,25.4,77,930.1,1
2023-12-01,Gia_Lai,13.9833,108.0,23.5,76,29.1,95,929.5,0
2023-12-02,Gia_Lai,13.9833,108.0,23.3,76,30.6,100,929.7,0
2023-12-03,Gia_Lai,13.9833,108.0,23.3,76,29.5,90,930.0,0
2023-12-04,Gia_Lai,13.9833,108.0,23.4,78,21.0,63,929.6,1
2023-12-05,Gia_Lai,13.9833,108.0,22.7,78,23.2,48,929.0,0
2023-12-06,Gia_Lai,13.9833,108.0,22.5,77,22.6,58,929.9,1
2023-12-07,Gia_Lai,13.9833,108.0,22.2,74,24.8,61,929.9,1
2023-12-08,Gia_Lai,13.9833,108.0,21.9,78,18.5,88,929.6,0
2023-12-09,Gia_Lai,13.9833,108.0,21.7,79,12.6,61,928.5,0
2023-12-10,Gia_Lai,13.9833,108.0,22.1,75,14.6,47,927.7,0
2023-12-11,Gia_Lai,13.9833,108.0,22.1,75,15.5,49,928.6,0
2023-12-12,Gia_Lai,13.9833,108.0,21.9,76,19.3,62,929.0,0
2023-12-13,Gia_Lai,13.9833,108.0,21.9,74,24.8,48,930.1,0
2023-12-14,Gia_Lai,13.9833,108.0,23.0,75,22.0,51,930.8,0
2023-12-15,Gia_Lai,13.9833,108.0,23.1,75,19.5,82,930.1,0
2023-12-16,Gia_Lai,13.9833,108.0,22.9,73,20.2,62,930.0,1
2023-12-17,Gia_Lai,13.9833,108.0,22.5,74,29.1,46,930.7,0
2023-12-18,Gia_Lai,13.9833,108.0,22.8,71,28.7,41,930.8,0
2023-12-19,Gia_Lai,13.9833,108.0,22.6,68,22.0,76,930.8,0
2023-12-20,Gia_Lai,13.9833,108.0,21.9,69,27.2,48,930.3,0
2023-12-21,Gia_Lai,13.9833,108.0,21.0,67,33.2,64,930.7,0
2023-12-22,Gia_Lai,13.9833,108.0,18.9,68,35.5,96,931.7,0
2023-12-23,Gia_Lai,13.9833,108.0,19.4,67,33.1,93,932.1,0
2023-12-24,Gia_Lai,13.9833,108.0,19.7,67,32.4,94,933.3,1
2023-12-25,Gia_Lai,13.9833,108.0,19.0,66,30.2,40,932.7,0
2023-12-26,Gia_Lai,13.9833,108.0,20.5,70,23.2,42,933.0,0
2023-12-27,Gia_Lai,13.9833,108.0,21.7,72,25.1,41,932.8,0
2023-12-28,Gia_Lai,13.9833,108.0,22.3,76,22.6,45,931.8,1
2023-12-29,Gia_Lai,13.9833,108.0,22.8,75,23.5,33,930.7,1
2023-12-30,Gia_Lai,13.9833,108.0,22.8,76,20.1,48,929.9,1
2023-12-31,Gia_Lai,13.9833,108.0,22.6,74,18.8,58,930.2,0
2024-01-01,Gia_Lai,13.9833,108.0,22.0,74,20.5,78,929.9,0
2024-01-02,Gia_Lai,13.9833,108.0,21.9,76,19.2,82,929.7,1
2024-01-03,Gia_Lai,13.9833,108.0,21.1,74,24.6,62,930.2,0
2024-01-04,Gia_Lai,13.9833,108.0,20.2,73,22.4,26,930.3,0
2024-01-05,Gia_Lai,13.9833,108.0,19.6,70,21.2,49,930.6,0
2024-01-06,Gia_Lai,13.9833,108.0,20.8,74,22.0,45,930.8,0
2024-01-07,Gia_Lai,13.9833,108.0,20.5,76,20.6,29,931.0,0
2024-01-08,Gia_Lai,13.9833,108.0,21.0,77,19.1,50,930.5,0
2024-01-09,Gia_Lai,13.9833,108.0,21.4,76,16.2,33,929.3,0
2024-01-10,Gia_Lai,13.9833,108.0,21.4,77,22.7,31,929.3,0
2024-01-11,Gia_Lai,13.9833,108.0,21.1,76,23.1,45,929.9,0
2024-01-12,Gia_Lai,13.9833,108.0,20.5,73,21.4,62,929.5,0
2024-01-13,Gia_Lai,13.9833,108.0,20.4,71,24.0,46,929.6,0
2024-01-14,Gia_Lai,13.9833,108.0,20.2,70,22.3,91,930.5,0
2024-01-15,Gia_Lai,13.9833,108.0,20.4,68,24.0,27,930.5,0
2024-01-16,Gia_Lai,13.9833,108.0,20.4,67,21.7,41,930.2,0
2024-01-17,Gia_Lai,13.9833,108.0,20.6,72,21.6,64,929.8,0
2024-01-18,Gia_Lai,13.9833,108.0,21.3,72,18.9,46,929.5,0
2024-01-19,Gia_Lai,13.9833,108.0,21.7,72,18.1,58,929.0,0
2024-01-20,Gia_Lai,13.9833,108.0,21.7,73,18.5,83,929.2,0
2024-01-21,Gia_Lai,13.9833,108.0,21.0,69,24.5,85,930.6,0
2024-01-22,Gia_Lai,13.9833,108.0,21.0,68,22.0,74,931.1,0
2024-01-23,Gia_Lai,13.9833,108.0,21.0,67,25.2,38,932.4,0
2024-01-24,Gia_Lai,13.9833,108.0,20.3,68,34.1,78,933.4,0
2024-01-25,Gia_Lai,13.9833,108.0,20.1,71,33.1,67,934.6,0
2024-01-26,Gia_Lai,13.9833,108.0,20.2,71,31.6,56,934.7,0
2024-01-27,Gia_Lai,13.9833,108.0,20.0,71,24.7,67,933.8,0
2024-01-28,Gia_Lai,13.9833,108.0,20.1,69,26.5,88,933.6,0
2024-01-29,Gia_Lai,13.9833,108.0,20.6,71,24.7,96,932.8,0
2024-01-30,Gia_Lai,13.9833,108.0,20.9,70,20.2,91,932.2,0
2024-01-31,Gia_Lai,13.9833,108.0,21.7,70,17.4,79,931.8,0
2024-02-01,Gia_Lai,13.9833,108.0,22.9,69,16.3,60,931.6,0
2024-02-02,Gia_Lai,13.9833,108.0,23.4,72,17.7,62,930.8,1
2024-02-03,Gia_Lai,13.9833,108.0,23.5,68,18.6,12,931.0,0
2024-02-04,Gia_Lai,13.9833,108.0,24.0,63,14.2,4,931.1,0
2024-02-05,Gia_Lai,13.9833,108.0,24.5,69,15.1,45,931.5,1
2024-02-06,Gia_Lai,13.9833,108.0,24.3,66,17.5,24,931.6,0
2024-02-07,Gia_Lai,13.9833,108.0,24.6,68,12.3,42,930.5,1
2024-02-08,Gia_Lai,13.9833,108.0,24.1,75,17.4,21,929.6,1
2024-02-09,Gia_Lai,13.9833,108.0,22.6,74,25.2,38,932.0,0
2024-02-10,Gia_Lai,13.9833,108.0,21.6,67,31.2,27,934.2,0
2024-02-11,Gia_Lai,13.9833,108.0,20.9,65,27.0,77,935.0,0
2024-02-12,Gia_Lai,13.9833,108.0,20.2,66,23.9,56,934.1,0
2024-02-13,Gia_Lai,13.9833,108.0,20.7,69,24.1,14,932.8,0
2024-02-14,Gia_Lai,13.9833,108.0,22.1,71,22.5,12,931.8,0
2024-02-15,Gia_Lai,13.9833,108.0,22.6,73,24.2,16,931.8,0
2024-02-16,Gia_Lai,13.9833,108.0,22.0,71,22.3,33,931.7,0
2024-02-17,Gia_Lai,13.9833,108.0,21.9,69,19.2,2,929.9,0
2024-02-18,Gia_Lai,13.9833,108.0,23.4,66,13.8,73,929.8,0
2024-02-19,Gia_Lai,13.9833,108.0,25.0,63,15.4,73,929.9,0
2024-02-20,Gia_Lai,13.9833,108.0,25.6,57,12.5,75,929.6,0
2024-02-21,Gia_Lai,13.9833,108.0,25.4,64,14.5,79,929.3,0
2024-02-22,Gia_Lai,13.9833,108.0,25.4,65,19.1,12,930.3,0
2024-02-23,Gia_Lai,13.9833,108.0,24.6,62,23.5,1,930.8,0
2024-02-24,Gia_Lai,13.9833,108.0,23.0,66,24.1,10,931.0,0
2024-02-25,Gia_Lai,13.9833,108.0,22.3,62,23.7,10,930.7,0
2024-02-26,Gia_Lai,13.9833,108.0,22.3,66,22.3,52,931.0,0
2024-02-27,Gia_Lai,13.9833,108.0,23.2,70,25.4,25,930.4,1
2024-02-28,Gia_Lai,13.9833,108.0,22.6,65,23.2,37,929.4,0
2024-02-29,Gia_Lai,13.9833,108.0,23.0,69,22.0,21,929.7,0
2024-03-01,Gia_Lai,13.9833,108.0,23.1,67,27.0,26,930.3,0
2024-03-02,Gia_Lai,13.9833,108.0,22.6,68,24.7,23,930.4,0
2024-03-03,Gia_Lai,13.9833,108.0,22.8,71,23.5,13,929.7,0
2024-03-04,Gia_Lai,13.9833,108.0,24.9,63,14.5,47,928.3,0
2024-03-05,Gia_Lai,13.9833,108.0,26.4,60,15.9,13,927.6,0
2024-03-06,Gia_Lai,13.9833,108.0,27.6,58,14.2,40,927.1,0
2024-03-07,Gia_Lai,13.9833,108.0,26.9,56,26.1,31,927.6,0
2024-03-08,Gia_Lai,13.9833,108.0,23.8,66,26.1,33,928.9,0
2024-03-09,Gia_Lai,13.9833,108.0,23.9,65,24.3,89,929.4,0
2024-03-10,Gia_Lai,13.9833,108.0,24.0,68,24.6,77,931.1,0
2024-03-11,Gia_Lai,13.9833,108.0,24.1,67,25.2,31,931.4,0
2024-03-12,Gia_Lai,13.9833,108.0,23.8,66,20.6,19,930.9,0
2024-03-13,Gia_Lai,13.9833,108.0,24.5,65,18.4,64,930.3,0
2024-03-14,Gia_Lai,13.9833,108.0,24.9,65,18.0,48,929.9,1
2024-03-15,Gia_Lai,13.9833,108.0,25.1,57,20.5,27,929.8,0
2024-03-16,Gia_Lai,13.9833,108.0,24.7,62,19.4,76,930.8,0
2024-03-17,Gia_Lai,13.9833,108.0,25.3,55,20.4,36,930.3,0
2024-03-18,Gia_Lai,13.9833,108.0,25.8,53,24.2,66,929.3,0
2024-03-19,Gia_Lai,13.9833,108.0,24.0,66,23.8,44,930.4,0
2024-03-20,Gia_Lai,13.9833,108.0,23.7,68,26.6,20,931.7,1
2024-03-21,Gia_Lai,13.9833,108.0,23.5,69,24.3,36,929.8,1
2024-03-22,Gia_Lai,13.9833,108.0,24.5,66,18.7,31,927.4,0
2024-03-23,Gia_Lai,13.9833,108.0,25.1,65,19.1,34,927.7,0
2024-03-24,Gia_Lai,13.9833,108.0,26.1,64,15.3,18,929.5,1
2024-03-25,Gia_Lai,13.9833,108.0,25.9,67,19.4,30,929.6,1
2024-03-26,Gia_Lai,13.9833,108.0,25.3,61,25.2,49,930.8,0
2024-03-27,Gia_Lai,13.9833,108.0,25.6,68,25.1,26,931.7,1
2024-03-28,Gia_Lai,13.9833,108.0,25.2,70,16.2,68,930.0,1
2024-03-29,Gia_Lai,13.9833,108.0,26.4,66,21.3,98,929.8,1
2024-03-30,Gia_Lai,13.9833,108.0,27.2,59,16.2,88,931.0,0
2024-03-31,Gia_Lai,13.9833,108.0,26.5,68,14.7,64,930.1,1
2024-04-01,Gia_Lai,13.9833,108.0,26.5,68,18.4,57,928.0,1
2024-04-02,Gia_Lai,13.9833,108.0,26.3,72,14.4,41,927.1,1
2024-04-03,Gia_Lai,13.9833,108.0,27.3,65,17.3,42,927.6,0
2024-04-04,Gia_Lai,13.9833,108.0,27.9,63,16.6,38,927.4,1
2024-04-05,Gia_Lai,13.9833,108.0,28.0,66,15.8,49,926.9,1
2024-04-06,Gia_Lai,13.9833,108.0,27.6,53,19.2,12,927.1,0
2024-04-07,Gia_Lai,13.9833,108.0,27.0,65,14.2,65,926.9,1
2024-04-08,Gia_Lai,13.9833,108.0,28.0,65,19.8,20,927.8,1
2024-04-09,Gia_Lai,13.9833,108.0,25.8,67,23.0,70,929.0,0
2024-04-10,Gia_Lai,13.9833,108.0,25.5,58,22.7,46,929.9,0
2024-04-11,Gia_Lai,13.9833,108.0,25.6,60,22.3,13,929.6,0
2024-04-12,Gia_Lai,13.9833,108.0,26.0,65,23.2,82,928.8,0
2024-04-13,Gia_Lai,13.9833,108.0,27.0,59,19.6,31,928.0,0
2024-04-14,Gia_Lai,13.9833,108.0,28.1,49,15.9,43,928.7,0
2024-04-15,Gia_Lai,13.9833,108.0,28.1,53,16.6,45,929.1,0
2024-04-16,Gia_Lai,13.9833,108.0,27.8,51,20.3,20,928.0,0
2024-04-17,Gia_Lai,13.9833,108.0,28.2,52,12.1,90,927.3,0
2024-04-18,Gia_Lai,13.9833,108.0,27.6,60,19.1,77,926.7,1
2024-04-19,Gia_Lai,13.9833,108.0,28.2,59,17.0,39,925.7,1
2024-04-20,Gia_Lai,13.9833,108.0,28.1,61,14.8,48,925.7,0
2024-04-21,Gia_Lai,13.9833,108.0,28.5,58,16.0,54,926.4,1
2024-04-22,Gia_Lai,13.9833,108.0,29.0,56,11.5,54,926.2,1
2024-04-23,Gia_Lai,13.9833,108.0,29.5,54,14.8,35,926.2,1
2024-04-24,Gia_Lai,13.9833,108.0,29.7,54,10.8,66,926.4,1
2024-04-25,Gia_Lai,13.9833,108.0,29.6,56,14.4,53,926.6,0
2024-04-26,Gia_Lai,13.9833,108.0,28.4,63,16.9,40,925.9,1
2024-04-27,Gia_Lai,13.9833,108.0,29.5,57,15.1,19,925.9,0
2024-04-28,Gia_Lai,13.9833,108.0,29.5,57,19.1,35,927.0,1
2024-04-29,Gia_Lai,13.9833,108.0,29.7,57,15.5,29,927.3,1
2024-04-30,Gia_Lai,13.9833,108.0,30.0,52,18.4,67,925.3,1
2024-05-01,Gia_Lai,13.9833,108.0,29.5,56,20.2,71,925.1,1
2024-05-02,Gia_Lai,13.9833,108.0,27.5,70,13.1,66,926.3,1
2024-05-03,Gia_Lai,13.9833,108.0,25.9,75,14.3,50,927.0,1
2024-05-04,Gia_Lai,13.9833,108.0,25.2,82,14.5,99,926.4,1
2024-05-05,Gia_Lai,13.9833,108.0,25.4,80,14.7,94,926.6,1
2024-05-06,Gia_Lai,13.9833,108.0,26.3,71,19.3,61,927.9,1
2024-05-07,Gia_Lai,13.9833,108.0,25.7,72,19.8,88,929.1,0
2024-05-08,Gia_Lai,13.9833,108.0,25.9,65,20.9,60,928.4,1
2024-05-09,Gia_Lai,13.9833,108.0,26.5,58,22.0,88,928.1,0
2024-05-10,Gia_Lai,13.9833,108.0,26.6,64,19.8,39,928.4,1
2024-05-11,Gia_Lai,13.9833,108.0,27.9,60,16.9,72,929.1,0
2024-05-12,Gia_Lai,13.9833,108.0,27.8,65,16.9,77,928.6,1
2024-05-13,Gia_Lai,13.9833,108.0,27.3,65,17.0,82,927.7,1
2024-05-14,Gia_Lai,13.9833,108.0,26.8,70,21.5,88,928.2,1
2024-05-15,Gia_Lai,13.9833,108.0,26.7,69,16.7,94,928.5,1
2024-05-16,Gia_Lai,13.9833,108.0,26.4,70,19.5,67,928.3,1
2024-05-17,Gia_Lai,13.9833,108.0,24.9,79,12.2,97,927.6,1
2024-05-18,Gia_Lai,13.9833,108.0,24.9,83,12.6,98,925.8,1
2024-05-19,Gia_Lai,13.9833,108.0,24.8,83,17.7,99,924.6,1
2024-05-20,Gia_Lai,13.9833,108.0,25.1,82,16.8,94,924.9,1
2024-05-21,Gia_Lai,13.9833,108.0,24.9,81,10.1,99,925.8,1
2024-05-22,Gia_Lai,13.9833,108.0,25.7,77,11.8,96,926.4,1
2024-05-23,Gia_Lai,13.9833,108.0,24.3,86,14.7,100,926.3,1
2024-05-24,Gia_Lai,13.9833,108.0,25.2,82,13.3,95,926.7,1
2024-05-25,Gia_Lai,13.9833,108.0,26.5,73,10.5,85,927.1,0
2024-05-26,Gia_Lai,13.9833,108.0,25.8,76,13.8,100,927.4,1
2024-05-27,Gia_Lai,13.9833,108.0,26.5,76,19.2,64,925.7,1
2024-05-28,Gia_Lai,13.9833,108.0,24.9,86,21.1,99,925.4,1
2024-05-29,Gia_Lai,13.9833,108.0,24.3,90,22.0,100,924.8,1
2024-05-30,Gia_Lai,13.9833,108.0,23.0,94,22.0,100,924.6,1
2024-05-31,Gia_Lai,13.9833,108.0,23.3,90,21.1,100,925.8,1
2024-06-01,Gia_Lai,13.9833,108.0,24.3,83,17.7,98,928.2,1
2024-06-02,Gia_Lai,13.9833,108.0,25.2,79,18.1,90,928.6,0
2024-06-03,Gia_Lai,13.9833,108.0,25.1,83,19.1,62,927.3,1
2024-06-04,Gia_Lai,13.9833,108.0,25.8,80,18.4,95,926.7,1
2024-06-05,Gia_Lai,13.9833,108.0,24.8,85,18.6,90,927.6,1
2024-06-06,Gia_Lai,13.9833,108.0,25.5,79,17.7,100,928.2,1
2024-06-07,Gia_Lai,13.9833,108.0,25.0,82,18.9,91,926.4,1
2024-06-08,Gia_Lai,13.9833,108.0,24.2,84,18.4,96,925.0,1
2024-06-09,Gia_Lai,13.9833,108.0,23.8,86,17.8,98,925.3,1
2024-06-10,Gia_Lai,13.9833,108.0,23.6,86,21.4,100,926.8,1
2024-06-11,Gia_Lai,13.9833,108.0,24.6,80,20.8,73,927.9,1
2024-06-12,Gia_Lai,13.9833,108.0,25.2,78,20.4,67,928.2,1
2024-06-13,Gia_Lai,13.9833,108.0,25.6,78,21.2,70,926.7,1
2024-06-14,Gia_Lai,13.9833,108.0,26.2,77,18.3,61,925.1,1
2024-06-15,Gia_Lai,13.9833,108.0,26.1,78,10.9,66,924.8,1
2024-06-16,Gia_Lai,13.9833,108.0,25.6,75,14.8,95,925.6,1
2024-06-17,Gia_Lai,13.9833,108.0,25.6,77,19.4,87,926.1,1
2024-06-18,Gia_Lai,13.9833,108.0,24.7,83,21.4,94,925.3,1
2024-06-19,Gia_Lai,13.9833,108.0,24.8,84,20.7,84,924.5,1
2024-06-20,Gia_Lai,13.9833,108.0,23.8,89,16.4,100,923.9,1
2024-06-21,Gia_Lai,13.9833,108.0,23.3,91,11.4,99,923.2,1
2024-06-22,Gia_Lai,13.9833,108.0,22.9,91,19.3,96,922.8,1
2024-06-23,Gia_Lai,13.9833,108.0,21.7,96,25.3,100,923.8,1
2024-06-24,Gia_Lai,13.9833,108.0,21.6,96,20.3,100,924.5,1
2024-06-25,Gia_Lai,13.9833,108.0,22.9,91,17.7,99,925.0,1
2024-06-26,Gia_Lai,13.9833,108.0,23.4,88,13.2,92,926.1,1
2024-06-27,Gia_Lai,13.9833,108.0,24.3,85,10.6,91,927.2,1
2024-06-28,Gia_Lai,13.9833,108.0,24.0,85,10.0,83,927.1,1
2024-06-29,Gia_Lai,13.9833,108.0,24.3,84,18.0,90,927.5,1
2024-06-30,Gia_Lai,13.9833,108.0,23.8,88,21.0,98,927.8,1
2024-07-01,Gia_Lai,13.9833,108.0,23.5,89,22.8,76,926.4,1
2024-07-02,Gia_Lai,13.9833,108.0,23.9,86,11.4,94,925.1,1
2024-07-03,Gia_Lai,13.9833,108.0,23.2,89,10.7,99,926.5,1
2024-07-04,Gia_Lai,13.9833,108.0,22.7,90,14.9,98,927.7,1
2024-07-05,Gia_Lai,13.9833,108.0,23.7,86,13.4,81,926.0,1
2024-07-06,Gia_Lai,13.9833,108.0,23.7,85,11.4,78,925.1,1
2024-07-07,Gia_Lai,13.9833,108.0,23.8,84,10.1,65,925.6,1
2024-07-08,Gia_Lai,13.9833,108.0,23.5,89,10.8,90,925.5,1
2024-07-09,Gia_Lai,13.9833,108.0,22.9,91,14.5,100,926.6,1
2024-07-10,Gia_Lai,13.9833,108.0,23.6,87,15.1,84,927.3,1
2024-07-11,Gia_Lai,13.9833,108.0,22.8,91,21.4,90,925.9,1
2024-07-12,Gia_Lai,13.9833,108.0,22.6,91,26.7,95,923.7,1
2024-07-13,Gia_Lai,13.9833,108.0,22.2,93,22.0,100,922.5,1
2024-07-14,Gia_Lai,13.9833,108.0,21.6,96,18.5,100,922.1,1
2024-07-15,Gia_Lai,13.9833,108.0,21.2,97,21.3,100,921.8,1
2024-07-16,Gia_Lai,13.9833,108.0,22.3,94,15.5,100,922.7,1
2024-07-17,Gia_Lai,13.9833,108.0,21.9,95,18.9,100,923.0,1
2024-07-18,Gia_Lai,13.9833,108.0,21.9,96,26.8,100,924.1,1
2024-07-19,Gia_Lai,13.9833,108.0,22.0,96,21.7,99,924.1,1
2024-07-20,Gia_Lai,13.9833,108.0,22.0,96,18.1,100,924.6,1
2024-07-21,Gia_Lai,13.9833,108.0,21.8,96,25.4,100,924.0,1
2024-07-22,Gia_Lai,13.9833,108.0,22.0,97,22.7,99,924.3,1
2024-07-23,Gia_Lai,13.9833,108.0,21.9,97,28.1,97,923.9,1
2024-07-24,Gia_Lai,13.9833,108.0,22.1,94,30.5,100,922.2,1
2024-07-25,Gia_Lai,13.9833,108.0,22.1,95,29.7,96,921.0,1
2024-07-26,Gia_Lai,13.9833,108.0,21.6,97,28.2,100,922.3,1
2024-07-27,Gia_Lai,13.9833,108.0,22.3,94,24.2,100,924.4,1
2024-07-28,Gia_Lai,13.9833,108.0,21.9,97,28.6,100,924.5,1
2024-07-29,Gia_Lai,13.9833,108.0,21.9,94,23.8,100,924.7,1
2024-07-30,Gia_Lai,13.9833,108.0,22.1,94,22.6,100,926.1,1
2024-07-31,Gia_Lai,13.9833,108.0,22.8,92,20.8,100,927.6,1
2024-08-01,Gia_Lai,13.9833,108.0,23.5,88,18.8,96,928.0,1
2024-08-02,Gia_Lai,13.9833,108.0,24.2,85,15.6,76,927.5,1
2024-08-03,Gia_Lai,13.9833,108.0,23.7,87,13.3,48,927.3,1
2024-08-04,Gia_Lai,13.9833,108.0,23.0,88,12.1,50,927.2,1
2024-08-05,Gia_Lai,13.9833,108.0,23.2,89,11.0,78,926.4,1
2024-08-06,Gia_Lai,13.9833,108.0,23.3,88,14.8,76,925.9,1
2024-08-07,Gia_Lai,13.9833,108.0,23.7,88,12.6,67,926.4,1
2024-08-08,Gia_Lai,13.9833,108.0,23.8,87,15.6,50,927.3,1
2024-08-09,Gia_Lai,13.9833,108.0,24.4,87,16.8,56,926.6,1
2024-08-10,Gia_Lai,13.9833,108.0,23.8,91,20.7,79,925.5,1
2024-08-11,Gia_Lai,13.9833,108.0,23.9,90,20.4,90,923.9,1
2024-08-12,Gia_Lai,13.9833,108.0,23.0,91,21.5,82,924.3,1
2024-08-13,Gia_Lai,13.9833,108.0,23.6,90,16.8,96,925.7,1
2024-08-14,Gia_Lai,13.9833,108.0,24.6,86,14.7,68,925.9,1
2024-08-15,Gia_Lai,13.9833,108.0,24.1,88,13.5,69,925.4,1
2024-08-16,Gia_Lai,13.9833,108.0,24.3,87,15.3,94,925.2,1
2024-08-17,Gia_Lai,13.9833,108.0,24.0,88,16.4,80,926.8,1
2024-08-18,Gia_Lai,13.9833,108.0,24.6,85,16.6,97,926.9,1
2024-08-19,Gia_Lai,13.9833,108.0,24.1,86,16.2,96,926.5,1
2024-08-20,Gia_Lai,13.9833,108.0,24.2,86,15.5,99,927.3,1
2024-08-21,Gia_Lai,13.9833,108.0,24.1,85,14.1,91,928.0,1
2024-08-22,Gia_Lai,13.9833,108.0,24.7,82,9.1,84,927.8,1
2024-08-23,Gia_Lai,13.9833,108.0,23.6,87,14.8,99,928.6,1
2024-08-24,Gia_Lai,13.9833,108.0,23.3,88,11.1,99,927.6,1
2024-08-25,Gia_Lai,13.9833,108.0,23.4,87,12.8,100,926.4,1
2024-08-26,Gia_Lai,13.9833,108.0,22.9,89,10.7,93,926.1,1
2024-08-27,Gia_Lai,13.9833,108.0,23.0,88,13.4,82,926.1,1
2024-08-28,Gia_Lai,13.9833,108.0,22.9,89,16.9,80,925.8,1
2024-08-29,Gia_Lai,13.9833,108.0,21.9,94,21.3,91,925.7,1
2024-08-30,Gia_Lai,13.9833,108.0,22.3,93,16.9,90,925.4,1
2024-08-31,Gia_Lai,13.9833,108.0,22.5,90,12.7,90,925.4,1
2024-09-01,Gia_Lai,13.9833,108.0,23.1,88,17.1,63,924.6,1
2024-09-02,Gia_Lai,13.9833,108.0,23.1,89,10.0,64,925.0,1
2024-09-03,Gia_Lai,13.9833,108.0,22.7,91,16.7,86,925.9,1
2024-09-04,Gia_Lai,13.9833,108.0,22.1,95,22.6,99,923.8,1
2024-09-05,Gia_Lai,13.9833,108.0,22.1,96,20.9,100,921.7,1
2024-09-06,Gia_Lai,13.9833,108.0,21.9,97,26.3,100,921.2,1
2024-09-07,Gia_Lai,13.9833,108.0,22.2,96,29.0,100,923.6,1
2024-09-08,Gia_Lai,13.9833,108.0,23.2,93,25.9,98,926.1,1
2024-09-09,Gia_Lai,13.9833,108.0,23.2,93,17.9,100,925.2,1
2024-09-10,Gia_Lai,13.9833,108.0,23.4,92,11.9,100,924.8,1
2024-09-11,Gia_Lai,13.9833,108.0,23.3,89,10.3,100,926.1,1
2024-09-12,Gia_Lai,13.9833,108.0,23.4,90,13.7,98,925.9,1
2024-09-13,Gia_Lai,13.9833,108.0,22.5,93,17.7,94,924.2,1
2024-09-14,Gia_Lai,13.9833,108.0,21.6,96,21.2,100,922.7,1
2024-09-15,Gia_Lai,13.9833,108.0,22.0,95,18.4,97,922.0,1
2024-09-16,Gia_Lai,13.9833,108.0,22.6,94,12.6,100,921.7,1
2024-09-17,Gia_Lai,13.9833,108.0,23.1,92,10.0,97,920.8,1
2024-09-18,Gia_Lai,13.9833,108.0,21.9,95,22.1,100,918.7,1
2024-09-19,Gia_Lai,13.9833,108.0,22.0,96,22.9,100,918.6,1
2024-09-20,Gia_Lai,13.9833,108.0,22.3,95,22.4,99,921.1,1
2024-09-21,Gia_Lai,13.9833,108.0,22.3,94,19.2,100,923.2,1
2024-09-22,Gia_Lai,13.9833,108.0,21.4,97,23.3,100,924.6,1
2024-09-23,Gia_Lai,13.9833,108.0,22.0,95,18.2,100,927.2,1
2024-09-24,Gia_Lai,13.9833,108.0,22.7,92,8.0,100,928.0,1
2024-09-25,Gia_Lai,13.9833,108.0,23.2,87,11.2,40,928.5,1
2024-09-26,Gia_Lai,13.9833,108.0,23.4,83,16.0,64,928.4,1
2024-09-27,Gia_Lai,13.9833,108.0,23.2,86,12.7,76,928.2,1
2024-09-28,Gia_Lai,13.9833,108.0,23.9,85,8.3,69,927.4,1
2024-09-29,Gia_Lai,13.9833,108.0,23.5,91,12.5,95,927.1,1
2024-09-30,Gia_Lai,13.9833,108.0,23.1,90,16.3,82,926.0,1
2024-10-01,Gia_Lai,13.9833,108.0,23.5,88,11.4,92,925.9,1
2024-10-02,Gia_Lai,13.9833,108.0,23.2,89,11.0,99,927.7,1
2024-10-03,Gia_Lai,13.9833,108.0,22.9,86,20.9,88,928.4,1
2024-10-04,Gia_Lai,13.9833,108.0,22.5,82,17.1,72,928.3,1
2024-10-05,Gia_Lai,13.9833,108.0,22.8,80,18.1,81,927.7,1
2024-10-06,Gia_Lai,13.9833,108.0,22.5,86,17.8,100,928.4,1
2024-10-07,Gia_Lai,13.9833,108.0,22.5,89,17.4,98,928.7,1
2024-10-08,Gia_Lai,13.9833,108.0,23.0,86,18.5,84,928.3,1
2024-10-09,Gia_Lai,13.9833,108.0,23.3,82,16.8,78,927.6,1
2024-10-10,Gia_Lai,13.9833,108.0,23.5,78,16.3,62,927.3,1
2024-10-11,Gia_Lai,13.9833,108.0,23.0,84,15.4,68,927.3,1
2024-10-12,Gia_Lai,13.9833,108.0,23.4,80,21.9,55,928.2,0
2024-10-13,Gia_Lai,13.9833,108.0,23.6,79,16.6,59,927.9,1
2024-10-14,Gia_Lai,13.9833,108.0,23.1,83,13.7,84,926.9,1
2024-10-15,Gia_Lai,13.9833,108.0,22.9,88,14.6,94,927.4,1
2024-10-16,Gia_Lai,13.9833,108.0,22.4,89,15.7,91,928.0,1
2024-10-17,Gia_Lai,13.9833,108.0,22.6,89,11.8,85,927.8,1
2024-10-18,Gia_Lai,13.9833,108.0,22.4,91,12.4,99,927.9,1
2024-10-19,Gia_Lai,13.9833,108.0,23.0,87,16.4,87,928.3,1
2024-10-20,Gia_Lai,13.9833,108.0,22.7,87,10.3,82,928.9,1
2024-10-21,Gia_Lai,13.9833,108.0,22.4,90,12.9,91,927.9,1
2024-10-22,Gia_Lai,13.9833,108.0,23.2,82,25.6,83,927.2,1
2024-10-23,Gia_Lai,13.9833,108.0,23.1,76,21.3,92,927.2,0
2024-10-24,Gia_Lai,13.9833,108.0,22.9,81,10.2,74,926.5,1
2024-10-25,Gia_Lai,13.9833,108.0,22.6,79,12.9,98,924.7,0
2024-10-26,Gia_Lai,13.9833,108.0,19.3,84,19.6,100,921.9,1
2024-10-27,Gia_Lai,13.9833,108.0,16.5,98,35.2,100,920.2,1
2024-10-28,Gia_Lai,13.9833,108.0,18.4,97,25.5,100,921.6,1
2024-10-29,Gia_Lai,13.9833,108.0,20.4,94,20.2,100,923.7,1
2024-10-30,Gia_Lai,13.9833,108.0,20.9,94,25.0,93,925.5,1
2024-10-31,Gia_Lai,13.9833,108.0,21.7,92,12.5,94,925.9,1
2024-11-01,Gia_Lai,13.9833,108.0,22.2,86,13.0,86,927.0,1
2024-11-02,Gia_Lai,13.9833,108.0,21.7,74,21.7,72,928.4,1
2024-11-03,Gia_Lai,13.9833,108.0,21.7,83,18.4,98,928.6,1
2024-11-04,Gia_Lai,13.9833,108.0,22.4,84,20.1,70,928.4,1
2024-11-05,Gia_Lai,13.9833,108.0,22.2,86,19.9,66,928.8,1
2024-11-06,Gia_Lai,13.9833,108.0,22.2,83,25.8,58,929.2,1
2024-11-07,Gia_Lai,13.9833,108.0,22.2,79,29.3,64,929.6,0
2024-11-08,Gia_Lai,13.9833,108.0,21.4,74,24.3,52,929.1,0
2024-11-09,Gia_Lai,13.9833,108.0,20.9,74,18.5,71,928.4,0
2024-11-10,Gia_Lai,13.9833,108.0,21.8,78,10.2,60,928.6,1
2024-11-11,Gia_Lai,13.9833,108.0,22.3,83,9.9,40,927.6,1
2024-11-12,Gia_Lai,13.9833,108.0,21.5,92,27.9,100,925.7,1
2024-11-13,Gia_Lai,13.9833,108.0,22.8,89,18.5,64,926.9,1
2024-11-14,Gia_Lai,13.9833,108.0,23.2,84,15.6,20,927.5,1
2024-11-15,Gia_Lai,13.9833,108.0,22.9,87,9.2,75,927.2,1
2024-11-16,Gia_Lai,13.9833,108.0,22.9,85,15.7,73,927.3,1
2024-11-17,Gia_Lai,13.9833,108.0,22.0,71,16.9,31,927.3,0
2024-11-18,Gia_Lai,13.9833,108.0,22.4,77,22.3,41,927.8,0
2024-11-19,Gia_Lai,13.9833,108.0,22.7,80,21.4,35,928.6,1
2024-11-20,Gia_Lai,13.9833,108.0,22.9,76,20.6,80,928.3,1
2024-11-21,Gia_Lai,13.9833,108.0,23.1,76,23.5,45,927.8,1
2024-11-22,Gia_Lai,13.9833,108.0,22.7,79,27.9,34,928.2,1
2024-11-23,Gia_Lai,13.9833,108.0,22.7,81,26.6,60,928.7,1
2024-11-24,Gia_Lai,13.9833,108.0,22.9,81,23.4,72,928.7,1
2024-11-25,Gia_Lai,13.9833,108.0,22.8,80,22.3,78,928.7,0
2024-11-26,Gia_Lai,13.9833,108.0,22.6,78,23.5,86,928.6,0
2024-11-27,Gia_Lai,13.9833,108.0,22.2,76,28.5,89,928.6,0
2024-11-28,Gia_Lai,13.9833,108.0,20.8,72,33.9,90,929.7,0
2024-11-29,Gia_Lai,13.9833,108.0,18.9,71,29.6,68,929.2,0
2024-11-30,Gia_Lai,13.9833,108.0,19.8,75,21.9,52,928.0,0
2024-12-01,Gia_Lai,13.9833,108.0,20.9,76,14.8,41,926.7,0
2024-12-02,Gia_Lai,13.9833,108.0,21.3,78,19.0,53,926.7,0
2024-12-03,Gia_Lai,13.9833,108.0,21.8,76,19.0,79,927.3,0
2024-12-04,Gia_Lai,13.9833,108.0,22.2,73,20.6,81,927.1,0
2024-12-05,Gia_Lai,13.9833,108.0,22.5,75,19.0,93,927.1,0
2024-12-06,Gia_Lai,13.9833,108.0,22.6,78,20.8,55,927.3,1
2024-12-07,Gia_Lai,13.9833,108.0,22.7,76,22.5,32,928.3,1
2024-12-08,Gia_Lai,13.9833,108.0,21.7,72,26.7,78,928.9,0
2024-12-09,Gia_Lai,13.9833,108.0,21.5,75,26.7,83,927.9,0
2024-12-10,Gia_Lai,13.9833,108.0,21.4,80,21.8,90,926.8,1
2024-12-11,Gia_Lai,13.9833,108.0,20.4,93,20.7,100,925.6,1
2024-12-12,Gia_Lai,13.9833,108.0,22.0,85,27.7,98,926.4,1
2024-12-13,Gia_Lai,13.9833,108.0,22.6,81,27.7,94,927.6,1
2024-12-14,Gia_Lai,13.9833,108.0,22.3,78,32.8,97,929.5,0
2024-12-15,Gia_Lai,13.9833,108.0,20.4,75,35.5,99,930.2,1
2024-12-16,Gia_Lai,13.9833,108.0,19.0,76,29.3,75,930.3,0
2024-12-17,Gia_Lai,13.9833,108.0,19.8,76,20.1,43,929.8,0
2024-12-18,Gia_Lai,13.9833,108.0,20.2,75,20.6,25,929.4,0
2024-12-19,Gia_Lai,13.9833,108.0,19.7,75,22.2,43,929.5,0
2024-12-20,Gia_Lai,13.9833,108.0,18.6,75,19.9,63,928.7,0
2024-12-21,Gia_Lai,13.9833,108.0,18.3,74,18.9,98,928.9,0
2024-12-22,Gia_Lai,13.9833,108.0,18.2,70,21.9,96,928.3,0
2024-12-23,Gia_Lai,13.9833,108.0,19.9,73,24.0,83,927.2,0
2024-12-24,Gia_Lai,13.9833,108.0,19.6,72,28.7,100,928.0,1
2024-12-25,Gia_Lai,13.9833,108.0,20.3,76,27.9,96,928.9,1
2024-12-26,Gia_Lai,13.9833,108.0,22.3,74,26.3,66,930.6,1
2024-12-27,Gia_Lai,13.9833,108.0,22.5,75,26.0,76,931.3,0
2024-12-28,Gia_Lai,13.9833,108.0,21.3,74,30.5,67,931.6,0
2024-12-29,Gia_Lai,13.9833,108.0,19.5,73,25.6,54,930.9,0
2024-12-30,Gia_Lai,13.9833,108.0,19.8,76,18.8,49,930.4,0
2024-12-31,Gia_Lai,13.9833,108.0,19.2,74,22.5,99,929.4,0
2025-01-01,Gia_Lai,13.9833,108.0,20.2,70,21.2,70,928.2,0
2025-01-02,Gia_Lai,13.9833,108.0,20.6,74,17.6,86,928.3,0
2025-01-03,Gia_Lai,13.9833,108.0,20.3,72,23.7,86,928.8,0
2025-01-04,Gia_Lai,13.9833,108.0,18.9,69,21.0,88,928.6,0
2025-01-05,Gia_Lai,13.9833,108.0,18.5,67,21.3,70,929.4,0
2025-01-06,Gia_Lai,13.9833,108.0,18.2,72,17.4,46,929.1,0
2025-01-07,Gia_Lai,13.9833,108.0,18.9,73,17.5,34,929.1,0
2025-01-08,Gia_Lai,13.9833,108.0,19.5,71,17.5,16,929.3,0
2025-01-09,Gia_Lai,13.9833,108.0,20.1,71,21.8,50,930.5,0
2025-01-10,Gia_Lai,13.9833,108.0,19.0,69,29.2,33,932.7,0
2025-01-11,Gia_Lai,13.9833,108.0,17.8,67,29.4,53,933.0,0
2025-01-12,Gia_Lai,13.9833,108.0,16.5,66,28.5,61,931.8,0
2025-01-13,Gia_Lai,13.9833,108.0,17.0,70,22.4,42,930.1,0
2025-01-14,Gia_Lai,13.9833,108.0,21.1,73,19.9,88,930.3,1
2025-01-15,Gia_Lai,13.9833,108.0,22.4,71,25.8,52,930.9,1
2025-01-16,Gia_Lai,13.9833,108.0,19.9,70,30.8,46,931.2,0
2025-01-17,Gia_Lai,13.9833,108.0,18.3,71,23.3,62,930.1,0
2025-01-18,Gia_Lai,13.9833,108.0,18.0,73,19.3,60,928.8,0
2025-01-19,Gia_Lai,13.9833,108.0,18.2,70,17.5,36,927.8,0
2025-01-20,Gia_Lai,13.9833,108.0,17.9,72,15.9,58,927.0,0
2025-01-21,Gia_Lai,13.9833,108.0,18.4,74,15.0,60,927.6,0
2025-01-22,Gia_Lai,13.9833,108.0,18.8,71,13.5,61,927.7,0
2025-01-23,Gia_Lai,13.9833,108.0,20.3,70,13.1,97,927.9,0
2025-01-24,Gia_Lai,13.9833,108.0,21.4,68,12.4,77,927.1,0
2025-01-25,Gia_Lai,13.9833,108.0,21.7,65,15.8,91,927.0,0
2025-01-26,Gia_Lai,13.9833,108.0,20.6,69,21.4,39,928.7,0
2025-01-27,Gia_Lai,13.9833,108.0,18.6,66,26.7,26,929.2,0
2025-01-28,Gia_Lai,13.9833,108.0,17.5,68,19.3,40,931.1,0
2025-01-29,Gia_Lai,13.9833,108.0,18.2,67,21.0,34,931.8,0
2025-01-30,Gia_Lai,13.9833,108.0,18.6,66,18.6,81,928.8,0
2025-01-31,Gia_Lai,13.9833,108.0,20.1,63,13.5,55,927.4,0
2025-02-01,Gia_Lai,13.9833,108.0,21.5,64,13.9,79,926.4,0
2025-02-02,Gia_Lai,13.9833,108.0,22.3,60,14.2,34,926.6,0
2025-02-03,Gia_Lai,13.9833,108.0,21.8,62,22.6,3,928.1,0
2025-02-04,Gia_Lai,13.9833,108.0,20.0,70,30.0,48,929.8,0
2025-02-05,Gia_Lai,13.9833,108.0,19.2,70,19.1,12,928.6,0
2025-02-06,Gia_Lai,13.9833,108.0,19.5,66,18.0,18,927.9,0
2025-02-07,Gia_Lai,13.9833,108.0,20.0,62,20.0,78,928.9,0
2025-02-08,Gia_Lai,13.9833,108.0,20.0,66,27.9,76,929.7,0
2025-02-09,Gia_Lai,13.9833,108.0,18.9,66,27.3,86,929.7,0
2025-02-10,Gia_Lai,13.9833,108.0,19.5,66,19.5,95,929.5,0
2025-02-11,Gia_Lai,13.9833,108.0,21.6,68,16.2,78,929.1,1
2025-02-12,Gia_Lai,13.9833,108.0,22.9,70,13.5,37,928.8,1
2025-02-13,Gia_Lai,13.9833,108.0,23.4,67,14.4,30,929.0,1
2025-02-14,Gia_Lai,13.9833,108.0,23.1,68,15.9,17,928.5,0
2025-02-15,Gia_Lai,13.9833,108.0,23.0,73,16.2,16,928.0,0
2025-02-16,Gia_Lai,13.9833,108.0,22.5,73,21.2,78,929.1,0
2025-02-17,Gia_Lai,13.9833,108.0,21.9,68,21.3,18,930.2,0
2025-02-18,Gia_Lai,13.9833,108.0,21.8,68,20.9,27,930.5,0
2025-02-19,Gia_Lai,13.9833,108.0,21.6,72,21.3,36,930.3,0
2025-02-20,Gia_Lai,13.9833,108.0,21.8,69,21.4,56,930.4,0
2025-02-21,Gia_Lai,13.9833,108.0,22.2,70,21.6,66,930.7,1
2025-02-22,Gia_Lai,13.9833,108.0,22.5,72,22.1,93,931.2,0
2025-02-23,Gia_Lai,13.9833,108.0,22.2,74,28.7,86,932.2,1
2025-02-24,Gia_Lai,13.9833,108.0,21.3,76,35.1,85,933.1,1
2025-02-25,Gia_Lai,13.9833,108.0,22.1,70,29.0,77,933.6,0
2025-02-26,Gia_Lai,13.9833,108.0,21.9,74,22.1,77,933.1,0
2025-02-27,Gia_Lai,13.9833,108.0,22.1,74,17.7,34,930.8,0
2025-02-28,Gia_Lai,13.9833,108.0,22.9,71,17.7,22,929.9,1
2025-03-01,Gia_Lai,13.9833,108.0,24.0,66,15.6,54,928.4,0
2025-03-02,Gia_Lai,13.9833,108.0,24.3,63,17.7,37,927.4,0
2025-03-03,Gia_Lai,13.9833,108.0,25.4,62,12.8,58,926.8,0
2025-03-04,Gia_Lai,13.9833,108.0,25.5,68,13.3,76,926.4,1
2025-03-05,Gia_Lai,13.9833,108.0,25.8,72,13.9,67,926.6,1
2025-03-06,Gia_Lai,13.9833,108.0,25.0,71,19.6,18,928.4,1
2025-03-07,Gia_Lai,13.9833,108.0,23.5,67,23.3,58,928.7,0
2025-03-08,Gia_Lai,13.9833,108.0,22.7,66,22.4,36,929.3,0
2025-03-09,Gia_Lai,13.9833,108.0,23.0,66,24.9,78,930.6,0
2025-03-10,Gia_Lai,13.9833,108.0,22.6,75,21.3,77,931.1,1
2025-03-11,Gia_Lai,13.9833,108.0,23.7,74,19.5,50,929.6,0
2025-03-12,Gia_Lai,13.9833,108.0,24.0,73,17.7,56,928.2,0
2025-03-13,Gia_Lai,13.9833,108.0,24.5,70,17.1,59,928.2,0
2025-03-14,Gia_Lai,13.9833,108.0,24.9,67,16.6,62,929.1,0
2025-03-15,Gia_Lai,13.9833,108.0,26.1,62,14.8,49,929.0,0
2025-03-16,Gia_Lai,13.9833,108.0,24.2,76,18.7,45,928.9,1
2025-03-17,Gia_Lai,13.9833,108.0,22.8,68,21.3,58,929.4,1
2025-03-18,Gia_Lai,13.9833,108.0,21.9,68,22.6,74,930.7,0
2025-03-19,Gia_Lai,13.9833,108.0,21.2,64,23.3,54,932.3,0
2025-03-20,Gia_Lai,13.9833,108.0,20.3,65,21.8,76,932.8,0
2025-03-21,Gia_Lai,13.9833,108.0,20.5,65,20.9,73,932.7,0
2025-03-22,Gia_Lai,13.9833,108.0,20.7,67,20.8,81,931.5,0
2025-03-23,Gia_Lai,13.9833,108.0,21.4,69,20.4,47,930.4,0
2025-03-24,Gia_Lai,13.9833,108.0,22.8,65,20.0,4,928.1,0
2025-03-25,Gia_Lai,13.9833,108.0,23.2,61,14.8,14,925.2,0
2025-03-26,Gia_Lai,13.9833,108.0,24.9,60,11.8,63,924.4,0
2025-03-27,Gia_Lai,13.9833,108.0,25.8,64,14.4,63,924.3,0
2025-03-28,Gia_Lai,13.9833,108.0,25.8,69,12.7,29,925.3,1
2025-03-29,Gia_Lai,13.9833,108.0,25.4,67,21.6,59,927.1,1
2025-03-30,Gia_Lai,13.9833,108.0,24.6,71,21.4,90,928.8,1
2025-03-31,Gia_Lai,13.9833,108.0,24.1,65,22.0,88,928.8,0
2025-04-01,Gia_Lai,13.9833,108.0,23.9,63,23.0,83,928.3,0
2025-04-02,Gia_Lai,13.9833,108.0,23.5,64,20.8,60,929.6,0
2025-04-03,Gia_Lai,13.9833,108.0,23.2,66,22.1,49,930.0,0
2025-04-04,Gia_Lai,13.9833,108.0,23.9,63,16.2,46,928.8,0
2025-04-05,Gia_Lai,13.9833,108.0,25.6,64,17.1,51,928.3,1
2025-04-06,Gia_Lai,13.9833,108.0,25.0,70,18.9,62,929.0,1
2025-04-07,Gia_Lai,13.9833,108.0,24.5,69,19.8,48,930.0,0
2025-04-08,Gia_Lai,13.9833,108.0,25.0,66,17.9,44,930.3,0
2025-04-09,Gia_Lai,13.9833,108.0,25.9,62,16.0,40,928.4,0
2025-04-10,Gia_Lai,13.9833,108.0,24.2,78,14.0,91,927.0,1
2025-04-11,Gia_Lai,13.9833,108.0,25.7,71,16.8,44,926.2,1
2025-04-12,Gia_Lai,13.9833,108.0,25.6,75,14.3,79,927.4,1
2025-04-13,Gia_Lai,13.9833,108.0,25.5,70,19.6,65,928.2,1
2025-04-14,Gia_Lai,13.9833,108.0,24.2,72,15.3,69,928.7,1
2025-04-15,Gia_Lai,13.9833,108.0,24.7,69,19.0,83,928.1,1
2025-04-16,Gia_Lai,13.9833,108.0,25.0,71,13.0,89,927.5,1
2025-04-17,Gia_Lai,13.9833,108.0,24.8,80,12.7,94,927.5,1
2025-04-18,Gia_Lai,13.9833,108.0,25.4,78,14.2,64,927.0,1
2025-04-19,Gia_Lai,13.9833,108.0,25.6,76,12.6,81,926.8,1
2025-04-20,Gia_Lai,13.9833,108.0,26.6,64,12.5,15,927.4,0
2025-04-21,Gia_Lai,13.9833,108.0,26.8,57,17.3,63,928.9,0
2025-04-22,Gia_Lai,13.9833,108.0,26.8,57,11.2,54,928.6,1
2025-04-23,Gia_Lai,13.9833,108.0,25.5,71,18.9,55,927.7,1
2025-04-24,Gia_Lai,13.9833,108.0,24.9,76,16.1,77,927.3,1
2025-04-25,Gia_Lai,13.9833,108.0,24.4,80,15.7,91,928.0,1
2025-04-26,Gia_Lai,13.9833,108.0,25.6,72,15.9,62,928.3,1
2025-04-27,Gia_Lai,13.9833,108.0,25.4,64,12.5,73,928.6,0
2025-04-28,Gia_Lai,13.9833,108.0,26.3,55,18.2,67,927.5,0
2025-04-29,Gia_Lai,13.9833,108.0,25.1,61,21.5,77,927.8,0
2025-04-30,Gia_Lai,13.9833,108.0,25.3,61,20.4,53,927.8,0
2025-05-01,Gia_Lai,13.9833,108.0,25.5,68,18.4,64,928.6,1
2025-05-02,Gia_Lai,13.9833,108.0,25.3,71,16.5,69,927.7,1
2025-05-03,Gia_Lai,13.9833,108.0,24.8,76,12.3,70,927.1,1
2025-05-04,Gia_Lai,13.9833,108.0,24.9,76,12.0,99,926.2,1
2025-05-05,Gia_Lai,13.9833,108.0,24.8,79,11.6,83,926.1,1
2025-05-06,Gia_Lai,13.9833,108.0,25.1,80,14.6,79,926.2,1
2025-05-07,Gia_Lai,13.9833,108.0,24.1,86,15.1,94,925.5,1
2025-05-08,Gia_Lai,13.9833,108.0,25.2,81,12.2,88,925.4,1
2025-05-09,Gia_Lai,13.9833,108.0,25.3,80,12.1,81,925.8,1
2025-05-10,Gia_Lai,13.9833,108.0,24.6,83,13.7,94,925.8,1
2025-05-11,Gia_Lai,13.9833,108.0,23.7,84,12.8,99,924.9,1
2025-05-12,Gia_Lai,13.9833,108.0,23.3,86,12.3,79,925.5,1
2025-05-13,Gia_Lai,13.9833,108.0,23.4,87,10.3,96,927.1,1
2025-05-14,Gia_Lai,13.9833,108.0,23.7,88,12.2,99,927.9,1
2025-05-15,Gia_Lai,13.9833,108.0,24.1,84,10.4,98,928.1,1
2025-05-16,Gia_Lai,13.9833,108.0,24.1,84,12.6,82,927.5,1
2025-05-17,Gia_Lai,13.9833,108.0,24.5,82,12.0,54,927.5,1
2025-05-18,Gia_Lai,13.9833,108.0,25.1,76,13.8,70,927.3,1
2025-05-19,Gia_Lai,13.9833,108.0,24.4,83,13.0,67,926.6,1
2025-05-20,Gia_Lai,13.9833,108.0,24.2,85,10.1,93,926.5,1
2025-05-21,Gia_Lai,13.9833,108.0,24.5,83,14.2,83,926.1,1
2025-05-22,Gia_Lai,13.9833,108.0,23.7,88,8.1,100,924.7,1
2025-05-23,Gia_Lai,13.9833,108.0,24.0,86,12.4,93,923.8,1
2025-05-24,Gia_Lai,13.9833,108.0,24.2,84,15.8,90,925.2,1
2025-05-25,Gia_Lai,13.9833,108.0,24.0,85,17.5,66,927.0,1
2025-05-26,Gia_Lai,13.9833,108.0,24.2,83,16.2,85,927.6,1
2025-05-27,Gia_Lai,13.9833,108.0,24.5,82,14.8,91,926.6,1
2025-05-28,Gia_Lai,13.9833,108.0,23.5,90,9.4,100,925.7,1
2025-05-29,Gia_Lai,13.9833,108.0,22.9,91,15.8,100,925.7,1
2025-05-30,Gia_Lai,13.9833,108.0,22.0,93,19.9,100,927.1,1
2025-05-31,Gia_Lai,13.9833,108.0,22.6,86,23.7,96,927.3,1
2025-06-01,Gia_Lai,13.9833,108.0,22.8,88,25.4,84,926.6,1
2025-06-02,Gia_Lai,13.9833,108.0,22.8,93,24.9,99,926.0,1
2025-06-03,Gia_Lai,13.9833,108.0,22.5,93,21.9,97,925.6,1
2025-06-04,Gia_Lai,13.9833,108.0,23.4,88,15.1,100,925.8,1
2025-06-05,Gia_Lai,13.9833,108.0,23.6,88,16.7,82,926.2,1
2025-06-06,Gia_Lai,13.9833,108.0,23.5,90,13.7,87,926.3,1
2025-06-07,Gia_Lai,13.9833,108.0,23.3,91,15.1,76,925.5,1
2025-06-08,Gia_Lai,13.9833,108.0,23.0,92,16.7,94,925.0,1
2025-06-09,Gia_Lai,13.9833,108.0,22.9,91,16.3,96,924.1,1
2025-06-10,Gia_Lai,13.9833,108.0,22.6,93,15.4,100,922.9,1
2025-06-11,Gia_Lai,13.9833,108.0,21.2,98,32.5,100,921.0,1
2025-06-12,Gia_Lai,13.9833,108.0,20.9,99,38.3,100,920.5,1
2025-06-13,Gia_Lai,13.9833,108.0,21.7,97,33.2,100,923.3,1
2025-06-14,Gia_Lai,13.9833,108.0,22.8,92,26.2,100,926.0,1
2025-06-15,Gia_Lai,13.9833,108.0,23.9,88,17.9,93,926.0,1
2025-06-16,Gia_Lai,13.9833,108.0,24.6,85,13.4,92,926.4,1
2025-06-17,Gia_Lai,13.9833,108.0,24.1,86,11.5,95,927.0,1
2025-06-18,Gia_Lai,13.9833,108.0,23.6,87,11.0,97,926.8,1
2025-06-19,Gia_Lai,13.9833,108.0,23.4,87,16.0,97,926.0,1
2025-06-20,Gia_Lai,13.9833,108.0,23.6,87,11.7,99,925.8,1
2025-06-21,Gia_Lai,13.9833,108.0,23.2,89,11.9,89,925.7,1
2025-06-22,Gia_Lai,13.9833,108.0,22.3,93,16.6,95,925.9,1
2025-06-23,Gia_Lai,13.9833,108.0,22.6,91,15.5,96,925.4,1
2025-06-24,Gia_Lai,13.9833,108.0,22.9,90,15.3,96,925.2,1
2025-06-25,Gia_Lai,13.9833,108.0,22.4,93,15.3,95,925.6,1
2025-06-26,Gia_Lai,13.9833,108.0,22.4,91,17.9,98,925.8,1
2025-06-27,Gia_Lai,13.9833,108.0,22.2,92,19.1,93,925.4,1
2025-06-28,Gia_Lai,13.9833,108.0,22.0,94,21.7,98,924.8,1
2025-06-29,Gia_Lai,13.9833,108.0,22.1,94,25.1,100,923.6,1
2025-06-30,Gia_Lai,13.9833,108.0,22.5,92,18.2,100,923.7,1
2025-07-01,Gia_Lai,13.9833,108.0,22.8,91,18.2,99,924.3,1
2025-07-02,Gia_Lai,13.9833,108.0,22.8,93,15.6,100,925.0,1
2025-07-03,Gia_Lai,13.9833,108.0,22.2,90,21.1,100,925.4,1
2025-07-04,Gia_Lai,13.9833,108.0,22.1,92,20.2,95,924.8,1
2025-07-05,Gia_Lai,13.9833,108.0,22.2,95,19.8,100,924.1,1
2025-07-06,Gia_Lai,13.9833,108.0,22.2,93,21.3,100,924.6,1
2025-07-07,Gia_Lai,13.9833,108.0,22.9,93,22.0,90,925.3,1
2025-07-08,Gia_Lai,13.9833,108.0,22.4,95,23.6,99,925.4,1
2025-07-09,Gia_Lai,13.9833,108.0,22.4,92,26.0,93,924.5,1
2025-07-10,Gia_Lai,13.9833,108.0,22.5,94,27.4,89,922.0,1
2025-07-11,Gia_Lai,13.9833,108.0,22.0,94,29.0,99,921.6,1
2025-07-12,Gia_Lai,13.9833,108.0,23.6,87,17.8,74,923.9,1
2025-07-13,Gia_Lai,13.9833,108.0,23.5,90,14.0,82,925.2,1
2025-07-14,Gia_Lai,13.9833,108.0,23.2,91,13.7,96,925.0,1
2025-07-15,Gia_Lai,13.9833,108.0,23.1,93,18.1,96,924.3,1
2025-07-16,Gia_Lai,13.9833,108.0,22.5,94,21.7,87,925.2,1
2025-07-17,Gia_Lai,13.9833,108.0,22.7,93,19.2,88,925.3,1
2025-07-18,Gia_Lai,13.9833,108.0,22.4,92,25.4,99,923.8,1
2025-07-19,Gia_Lai,13.9833,108.0,21.8,95,27.2,100,921.0,1
2025-07-20,Gia_Lai,13.9833,108.0,21.2,97,30.8,100,920.4,1
2025-07-21,Gia_Lai,13.9833,108.0,21.5,97,36.1,100,920.8,1
2025-07-22,Gia_Lai,13.9833,108.0,21.4,97,35.0,100,920.7,1
2025-07-23,Gia_Lai,13.9833,108.0,21.9,96,27.6,100,921.8,1
2025-07-24,Gia_Lai,13.9833,108.0,21.9,94,27.6,100,923.1,1
2025-07-25,Gia_Lai,13.9833,108.0,22.2,95,23.4,100,923.1,1
2025-07-26,Gia_Lai,13.9833,108.0,21.5,97,30.3,100,923.3,1
2025-07-27,Gia_Lai,13.9833,108.0,21.5,98,26.6,100,923.3,1
2025-07-28,Gia_Lai,13.9833,108.0,22.0,97,26.7,100,922.8,1
2025-07-29,Gia_Lai,13.9833,108.0,22.3,97,26.9,100,922.8,1
2025-07-30,Gia_Lai,13.9833,108.0,22.2,97,29.7,100,923.5,1
2025-07-31,Gia_Lai,13.9833,108.0,22.4,95,28.0,97,923.8,1
2025-08-01,Gia_Lai,13.9833,108.0,23.2,92,23.2,98,923.8,1
2025-08-02,Gia_Lai,13.9833,108.0,24.0,90,22.5,93,925.2,1
2025-08-03,Gia_Lai,13.9833,108.0,23.6,92,21.9,100,926.5,1
2025-08-04,Gia_Lai,13.9833,108.0,24.4,87,21.3,94,926.4,1
2025-08-05,Gia_Lai,13.9833,108.0,24.4,85,18.6,98,926.2,1
2025-08-06,Gia_Lai,13.9833,108.0,24.2,88,16.9,100,926.4,1
2025-08-07,Gia_Lai,13.9833,108.0,23.2,90,13.9,82,927.4,1
2025-08-08,Gia_Lai,13.9833,108.0,23.0,87,13.0,66,927.5,1
2025-08-09,Gia_Lai,13.9833,108.0,22.8,90,12.5,96,927.1,1
2025-08-10,Gia_Lai,13.9833,108.0,23.1,88,14.0,94,925.7,1
2025-08-11,Gia_Lai,13.9833,108.0,23.2,88,13.9,85,924.8,1
2025-08-12,Gia_Lai,13.9833,108.0,23.3,90,14.5,89,925.1,1
2025-08-13,Gia_Lai,13.9833,108.0,22.7,89,14.4,89,925.8,1
2025-08-14,Gia_Lai,13.9833,108.0,22.5,90,13.9,97,924.8,1
2025-08-15,Gia_Lai,13.9833,108.0,22.4,90,10.6,100,923.2,1
2025-08-16,Gia_Lai,13.9833,108.0,22.2,92,15.1,99,923.2,1
2025-08-17,Gia_Lai,13.9833,108.0,21.3,94,24.1,100,924.1,1
2025-08-18,Gia_Lai,13.9833,108.0,21.6,95,22.8,99,926.1,1
2025-08-19,Gia_Lai,13.9833,108.0,22.8,90,17.7,68,927.4,1
2025-08-20,Gia_Lai,13.9833,108.0,23.7,83,13.6,98,927.1,1
2025-08-21,Gia_Lai,13.9833,108.0,22.4,87,14.1,97,927.3,1
2025-08-22,Gia_Lai,13.9833,108.0,22.7,87,14.1,85,926.9,1
2025-08-23,Gia_Lai,13.9833,108.0,22.5,90,16.6,97,926.0,1
2025-08-24,Gia_Lai,13.9833,108.0,21.3,96,23.3,100,923.5,1
2025-08-25,Gia_Lai,13.9833,108.0,21.4,96,24.9,100,923.2,1
2025-08-26,Gia_Lai,13.9833,108.0,21.7,94,21.8,100,925.9,1
2025-08-27,Gia_Lai,13.9833,108.0,21.8,93,19.6,99,926.2,1
2025-08-28,Gia_Lai,13.9833,108.0,21.8,92,18.0,99,924.9,1
2025-08-29,Gia_Lai,13.9833,108.0,22.0,93,15.6,100,923.8,1
2025-08-30,Gia_Lai,13.9833,108.0,21.5,96,22.3,100,923.3,1
2025-08-31,Gia_Lai,13.9833,108.0,23.2,88,11.2,89,924.4,1
2025-09-01,Gia_Lai,13.9833,108.0,22.6,92,13.0,93,924.1,1
2025-09-02,Gia_Lai,13.9833,108.0,22.0,95,13.6,100,924.7,1
2025-09-03,Gia_Lai,13.9833,108.0,22.6,91,9.0,88,925.0,1
2025-09-04,Gia_Lai,13.9833,108.0,23.3,87,8.9,69,925.0,1
2025-09-05,Gia_Lai,13.9833,108.0,23.0,91,11.0,93,925.4,1
2025-09-06,Gia_Lai,13.9833,108.0,22.8,90,13.9,100,925.5,1
2025-09-07,Gia_Lai,13.9833,108.0,21.6,96,16.2,100,925.4,1
2025-09-08,Gia_Lai,13.9833,108.0,22.0,93,19.0,96,926.6,1
2025-09-09,Gia_Lai,13.9833,108.0,22.5,91,15.5,99,927.9,1
2025-09-10,Gia_Lai,13.9833,108.0,23.1,88,12.1,100,928.0,1
2025-09-11,Gia_Lai,13.9833,108.0,23.3,86,13.0,90,927.2,1
2025-09-12,Gia_Lai,13.9833,108.0,23.1,83,15.5,63,927.1,1
2025-09-13,Gia_Lai,13.9833,108.0,23.1,87,14.2,92,927.4,1
2025-09-14,Gia_Lai,13.9833,108.0,23.0,86,11.2,99,928.1,1
2025-09-15,Gia_Lai,13.9833,108.0,22.3,90,11.3,81,927.9,1
2025-09-16,Gia_Lai,13.9833,108.0,22.3,90,10.8,99,926.8,1
2025-09-17,Gia_Lai,13.9833,108.0,22.0,92,12.8,100,925.2,1
2025-09-18,Gia_Lai,13.9833,108.0,22.3,92,11.0,99,924.7,1
2025-09-19,Gia_Lai,13.9833,108.0,22.2,94,17.7,97,926.2,1
2025-09-20,Gia_Lai,13.9833,108.0,22.9,90,16.6,81,926.3,1
2025-09-21,Gia_Lai,13.9833,108.0,22.4,93,18.4,100,925.4,1
2025-09-22,Gia_Lai,13.9833,108.0,22.0,94,14.4,100,925.0,1
2025-09-23,Gia_Lai,13.9833,108.0,21.3,98,25.3,100,924.0,1
2025-09-24,Gia_Lai,13.9833,108.0,21.4,96,25.1,100,922.6,1
2025-09-25,Gia_Lai,13.9833,108.0,21.4,97,20.3,100,923.5,1
2025-09-26,Gia_Lai,13.9833,108.0,21.6,95,14.1,100,925.8,1
2025-09-27,Gia_Lai,13.9833,108.0,21.9,94,16.8,100,924.3,1
2025-09-28,Gia_Lai,13.9833,108.0,21.1,99,25.8,100,921.4,1
2025-09-29,Gia_Lai,13.9833,108.0,22.2,93,23.2,100,925.7,1
2025-09-30,Gia_Lai,13.9833,108.0,22.6,88,10.7,97,928.2,1
2025-10-01,Gia_Lai,13.9833,108.0,23.2,84,12.3,48,928.2,1
2025-10-02,Gia_Lai,13.9833,108.0,23.2,79,12.4,55,928.3,1
2025-10-03,Gia_Lai,13.9833,108.0,23.4,81,12.9,80,928.4,1
2025-10-04,Gia_Lai,13.9833,108.0,21.8,91,15.9,100,928.9,1
2025-10-05,Gia_Lai,13.9833,108.0,21.4,93,21.0,100,928.1,1
2025-10-06,Gia_Lai,13.9833,108.0,22.4,89,16.8,100,928.3,1
2025-10-07,Gia_Lai,13.9833,108.0,23.0,84,9.6,82,928.8,1
2025-10-08,Gia_Lai,13.9833,108.0,23.1,82,15.8,72,927.9,1
2025-10-09,Gia_Lai,13.9833,108.0,22.4,84,14.5,55,927.3,1
2025-10-10,Gia_Lai,13.9833,108.0,22.1,90,13.1,54,926.8,1
2025-10-11,Gia_Lai,13.9833,108.0,22.4,88,14.0,79,926.5,1
2025-10-12,Gia_Lai,13.9833,108.0,22.9,88,12.0,98,926.8,1
2025-10-13,Gia_Lai,13.9833,108.0,22.6,89,11.6,99,927.1,1
2025-10-14,Gia_Lai,13.9833,108.0,22.7,89,12.3,86,927.4,1
2025-10-15,Gia_Lai,13.9833,108.0,23.2,81,21.5,18,926.8,0
2025-10-16,Gia_Lai,13.9833,108.0,23.3,81,22.8,89,926.9,1
2025-10-17,Gia_Lai,13.9833,108.0,23.7,82,19.0,65,927.3,1
2025-10-18,Gia_Lai,13.9833,108.0,23.1,83,16.4,82,926.6,1
2025-10-19,Gia_Lai,13.9833,108.0,23.4,77,20.9,77,925.4,1
2025-10-20,Gia_Lai,13.9833,108.0,23.0,82,18.0,86,925.2,1
2025-10-21,Gia_Lai,13.9833,108.0,23.3,82,10.7,89,925.6,1
2025-10-22,Gia_Lai,13.9833,108.0,22.9,83,9.6,98,926.1,1
2025-10-23,Gia_Lai,13.9833,108.0,23.1,81,13.7,91,927.1,1
2025-10-24,Gia_Lai,13.9833,108.0,22.8,82,21.0,95,927.5,1
2025-10-25,Gia_Lai,13.9833,108.0,22.1,84,23.4,98,926.8,1
2025-10-26,Gia_Lai,13.9833,108.0,22.1,90,12.4,96,926.9,1
2025-10-27,Gia_Lai,13.9833,108.0,21.6,95,15.1,99,926.7,1
2025-10-28,Gia_Lai,13.9833,108.0,21.7,94,16.5,100,926.3,1
2025-10-29,Gia_Lai,13.9833,108.0,21.8,94,19.5,100,925.8,1
2025-10-30,Gia_Lai,13.9833,108.0,23.0,89,17.4,99,927.6,1
2025-10-31,Gia_Lai,13.9833,108.0,22.7,90,14.1,74,929.3,1
2025-11-01,Gia_Lai,13.9833,108.0,21.9,92,10.5,96,929.0,1
2025-11-02,Gia_Lai,13.9833,108.0,21.2,95,9.3,98,927.6,1
2025-11-03,Gia_Lai,13.9833,108.0,22.2,91,10.6,96,927.0,1
2025-11-04,Gia_Lai,13.9833,108.0,22.5,88,13.5,81,927.1,1
2025-11-05,Gia_Lai,13.9833,108.0,22.8,84,14.9,95,925.8,1
2025-11-06,Gia_Lai,13.9833,108.0,21.2,88,33.9,100,920.7,1
2025-11-07,Gia_Lai,13.9833,108.0,21.7,86,39.1,87,923.8,1
2025-11-08,Gia_Lai,13.9833,108.0,23.2,84,14.2,39,928.0,1
2025-11-09,Gia_Lai,13.9833,108.0,23.4,83,12.8,80,927.4,1
2025-11-10,Gia_Lai,13.9833,108.0,23.0,84,10.6,81,926.3,1
2025-11-11,Gia_Lai,13.9833,108.0,23.2,86,8.8,100,927.1,1
2025-11-12,Gia_Lai,13.9833,108.0,22.8,87,11.2,87,928.3,1
2025-11-13,Gia_Lai,13.9833,108.0,22.2,77,12.7,17,929.4,0
2025-11-14,Gia_Lai,13.9833,108.0,19.9,68,19.1,21,928.9,0
2025-11-15,Gia_Lai,13.9833,108.0,21.4,71,20.9,58,929.1,0
2025-11-16,Gia_Lai,13.9833,108.0,20.8,92,26.9,94,929.0,1
2025-11-17,Gia_Lai,13.9833,108.0,22.2,86,27.1,87,929.8,1
2025-11-18,Gia_Lai,13.9833,108.0,21.5,85,27.5,99,928.7,1
2025-11-19,Gia_Lai,13.9833,108.0,19.5,86,31.7,99,928.9,1
2025-11-20,Gia_Lai,13.9833,108.0,19.5,75,31.3,82,929.4,1
2025-11-21,Gia_Lai,13.9833,108.0,20.1,74,31.2,73,929.9,0
2025-11-22,Gia_Lai,13.9833,108.0,20.8,76,28.6,86,929.4,0
2025-11-23,Gia_Lai,13.9833,108.0,22.4,78,29.0,79,929.0,1
2025-11-24,Gia_Lai,13.9833,108.0,22.4,76,27.9,42,928.7,1
2025-11-25,Gia_Lai,13.9833,108.0,20.6,73,30.6,88,928.4,0
2025-11-26,Gia_Lai,13.9833,108.0,19.6,71,24.7,72,928.2,0
2025-11-27,Gia_Lai,13.9833,108.0,18.7,67,27.9,100,928.1,0
2025-11-28,Gia_Lai,13.9833,108.0,18.7,66,22.3,94,927.2,0
2025-11-29,Gia_Lai,13.9833,108.0,21.1,77,14.9,82,927.1,1
2025-11-30,Gia_Lai,13.9833,108.0,22.1,84,9.2,90,927.5,1
2025-12-01,Gia_Lai,13.9833,108.0,22.9,84,11.0,71,927.8,1
2025-12-02,Gia_Lai,13.9833,108.0,23.1,80,8.3,49,927.9,0
2025-12-03,Gia_Lai,13.9833,108.0,21.8,86,17.5,75,928.9,1
2025-12-04,Gia_Lai,13.9833,108.0,21.9,83,28.6,61,930.1,0
2025-12-05,Gia_Lai,13.9833,108.0,21.1,78,27.1,24,931.1,0
2025-12-06,Gia_Lai,13.9833,108.0,20.0,76,24.3,35,930.4,0
2025-12-07,Gia_Lai,13.9833,108.0,18.8,73,20.5,19,930.0,0
2025-12-08,Gia_Lai,13.9833,108.0,19.3,73,29.1,89,929.8,0
2025-12-09,Gia_Lai,13.9833,108.0,19.9,72,22.9,95,929.2,0
2025-12-10,Gia_Lai,13.9833,108.0,21.8,78,25.2,79,928.8,1
2025-12-11,Gia_Lai,13.9833,108.0,22.2,80,28.0,46,929.3,0
2025-12-12,Gia_Lai,13.9833,108.0,21.6,75,25.0,57,929.1,0
2025-12-13,Gia_Lai,13.9833,108.0,21.7,72,25.4,99,929.2,0
2025-12-14,Gia_Lai,13.9833,108.0,21.4,75,30.1,85,929.6,1
2025-12-15,Gia_Lai,13.9833,108.0,21.3,74,23.4,60,929.9,0
2025-12-16,Gia_Lai,13.9833,108.0,21.5,77,21.4,78,929.6,0
2025-12-17,Gia_Lai,13.9833,108.0,21.4,75,24.0,56,929.8,1
2025-12-18,Gia_Lai,13.9833,108.0,21.1,69,22.2,51,929.3,0
2025-12-19,Gia_Lai,13.9833,108.0,21.7,75,18.2,61,927.9,1
2025-12-20,Gia_Lai,13.9833,108.0,22.0,74,15.4,93,927.6,1
2025-12-21,Gia_Lai,13.9833,108.0,22.4,76,22.3,76,928.1,1
2025-12-22,Gia_Lai,13.9833,108.0,21.9,74,24.4,93,928.1,0
2025-12-23,Gia_Lai,13.9833,108.0,21.5,72,17.7,84,927.6,0
2025-12-24,Gia_Lai,13.9833,108.0,22.4,70,16.0,86,927.2,0
2025-12-25,Gia_Lai,13.9833,108.0,22.0,74,22.2,82,928.1,0
2025-12-26,Gia_Lai,13.9833,108.0,20.7,71,24.9,55,929.3,0
2025-12-27,Gia_Lai,13.9833,108.0,20.0,73,20.5,40,929.8,0
2025-12-28,Gia_Lai,13.9833,108.0,20.0,75,20.0,31,930.0,0
2025-12-29,Gia_Lai,13.9833,108.0,19.9,73,18.1,16,929.0,0
2025-12-30,Gia_Lai,13.9833,108.0,19.3,78,20.5,65,928.0,0
2025-12-31,Gia_Lai,13.9833,108.0,19.5,75,17.5,55,926.8,0
