date,destination,latitude,longitude,temp,humidity,wind_speed,cloud_cover,pressure,rain
2020-01-01,Tay_Ninh,11.3352,106.1099,28.2,54,19.0,71,1013.6,0
2020-01-02,Tay_Ninh,11.3352,106.1099,28.1,59,14.8,66,1014.0,0
2020-01-03,Tay_Ninh,11.3352,106.1099,27.9,59,12.0,91,1012.8,0
2020-01-04,Tay_Ninh,11.3352,106.1099,27.4,59,11.8,68,1011.1,0
2020-01-05,Tay_Ninh,11.3352,106.1099,25.9,58,14.8,38,1011.1,0
2020-01-06,Tay_Ninh,11.3352,106.1099,26.7,64,12.5,49,1011.3,0
2020-01-07,Tay_Ninh,11.3352,106.1099,27.8,66,13.8,52,1010.2,0
2020-01-08,Tay_Ninh,11.3352,106.1099,28.6,67,9.6,85,1009.9,1
2020-01-09,Tay_Ninh,11.3352,106.1099,28.6,59,11.2,63,1008.9,0
2020-01-10,Tay_Ninh,11.3352,106.1099,27.9,62,11.7,25,1008.7,0
2020-01-11,Tay_Ninh,11.3352,106.1099,27.9,64,11.4,92,1009.0,0
2020-01-12,Tay_Ninh,11.3352,106.1099,27.0,74,13.7,86,1009.1,1
2020-01-13,Tay_Ninh,11.3352,106.1099,26.9,62,10.7,39,1009.0,0
2020-01-14,Tay_Ninh,11.3352,106.1099,26.5,59,14.3,23,1010.0,0
2020-01-15,Tay_Ninh,11.3352,106.1099,26.0,65,10.6,37,1010.7,0
2020-01-16,Tay_Ninh,11.3352,106.1099,26.6,68,12.7,22,1010.9,0
2020-01-17,Tay_Ninh,11.3352,106.1099,27.1,69,11.3,31,1011.3,0
2020-01-18,Tay_Ninh,11.3352,106.1099,27.2,68,14.0,34,1010.9,0
2020-01-19,Tay_Ninh,11.3352,106.1099,27.2,67,10.8,52,1011.4,0
2020-01-20,Tay_Ninh,11.3352,106.1099,27.6,65,14.9,16,1011.9,0
2020-01-21,Tay_Ninh,11.3352,106.1099,28.0,64,12.7,24,1013.2,0
2020-01-22,Tay_Ninh,11.3352,106.1099,27.8,65,13.9,28,1012.2,0
2020-01-23,Tay_Ninh,11.3352,106.1099,27.4,64,16.9,15,1011.3,0
2020-01-24,Tay_Ninh,11.3352,106.1099,27.1,59,14.1,79,1011.1,0
2020-01-25,Tay_Ninh,11.3352,106.1099,27.1,66,15.8,62,1009.8,0
2020-01-26,Tay_Ninh,11.3352,106.1099,27.3,71,13.6,58,1009.4,0
2020-01-27,Tay_Ninh,11.3352,106.1099,27.1,70,16.6,46,1009.3,1
2020-01-28,Tay_Ninh,11.3352,106.1099,27.0,67,12.7,37,1010.1,0
2020-01-29,Tay_Ninh,11.3352,106.1099,26.3,71,14.5,47,1011.5,0
2020-01-30,Tay_Ninh,11.3352,106.1099,26.8,73,12.4,64,1011.1,1
2020-01-31,Tay_Ninh,11.3352,106.1099,26.7,65,10.8,84,1011.8,1
2020-02-01,Tay_Ninh,11.3352,106.1099,26.5,62,13.7,27,1011.9,0
2020-02-02,Tay_Ninh,11.3352,106.1099,25.7,63,13.7,51,1013.1,0
2020-02-03,Tay_Ninh,11.3352,106.1099,25.7,66,18.9,62,1012.4,0
2020-02-04,Tay_Ninh,11.3352,106.1099,26.3,65,15.6,73,1011.4,0
2020-02-05,Tay_Ninh,11.3352,106.1099,26.4,61,15.1,45,1010.9,0
2020-02-06,Tay_Ninh,11.3352,106.1099,25.8,62,13.7,52,1011.8,0
2020-02-07,Tay_Ninh,11.3352,106.1099,25.9,58,14.8,71,1012.1,0
2020-02-08,Tay_Ninh,11.3352,106.1099,26.7,64,15.6,73,1012.3,0
2020-02-09,Tay_Ninh,11.3352,106.1099,28.2,49,23.6,89,1011.9,0
2020-02-10,Tay_Ninh,11.3352,106.1099,27.8,52,14.8,77,1012.2,0
2020-02-11,Tay_Ninh,11.3352,106.1099,28.3,59,15.0,23,1012.4,0
2020-02-12,Tay_Ninh,11.3352,106.1099,29.2,58,19.0,21,1011.9,0
2020-02-13,Tay_Ninh,11.3352,106.1099,28.5,65,18.3,43,1011.0,0
2020-02-14,Tay_Ninh,11.3352,106.1099,28.2,67,14.5,42,1009.6,0
2020-02-15,Tay_Ninh,11.3352,106.1099,27.8,68,15.0,39,1010.4,0
2020-02-16,Tay_Ninh,11.3352,106.1099,28.1,67,13.3,53,1011.6,0
2020-02-17,Tay_Ninh,11.3352,106.1099,28.8,69,15.1,47,1012.3,1
2020-02-18,Tay_Ninh,11.3352,106.1099,28.1,58,14.7,44,1012.5,1
2020-02-19,Tay_Ninh,11.3352,106.1099,27.7,52,13.0,2,1012.7,0
2020-02-20,Tay_Ninh,11.3352,106.1099,27.4,54,10.8,16,1012.7,0
2020-02-21,Tay_Ninh,11.3352,106.1099,28.8,50,18.6,30,1013.8,0
2020-02-22,Tay_Ninh,11.3352,106.1099,28.2,49,17.6,14,1014.2,0
2020-02-23,Tay_Ninh,11.3352,106.1099,28.3,46,17.1,12,1013.4,0
2020-02-24,Tay_Ninh,11.3352,106.1099,27.6,50,14.6,39,1011.6,0
2020-02-25,Tay_Ninh,11.3352,106.1099,27.8,57,13.9,16,1010.4,0
2020-02-26,Tay_Ninh,11.3352,106.1099,29.0,58,17.0,16,1010.4,0
2020-02-27,Tay_Ninh,11.3352,106.1099,28.7,56,16.6,30,1009.7,0
2020-02-28,Tay_Ninh,11.3352,106.1099,28.6,54,15.3,23,1009.2,0
2020-02-29,Tay_Ninh,11.3352,106.1099,28.1,60,16.2,10,1008.9,0
2020-03-01,Tay_Ninh,11.3352,106.1099,28.3,64,20.6,68,1009.4,0
2020-03-02,Tay_Ninh,11.3352,106.1099,28.6,64,17.8,73,1009.4,0
2020-03-03,Tay_Ninh,11.3352,106.1099,28.6,63,20.8,82,1009.6,1
2020-03-04,Tay_Ninh,11.3352,106.1099,28.4,63,16.8,51,1009.8,1
2020-03-05,Tay_Ninh,11.3352,106.1099,28.3,64,17.2,47,1010.3,1
2020-03-06,Tay_Ninh,11.3352,106.1099,28.6,63,15.4,53,1011.4,1
2020-03-07,Tay_Ninh,11.3352,106.1099,29.4,61,15.5,65,1011.0,0
2020-03-08,Tay_Ninh,11.3352,106.1099,29.8,64,13.0,51,1008.8,0
2020-03-09,Tay_Ninh,11.3352,106.1099,30.0,68,12.3,41,1007.4,1
2020-03-10,Tay_Ninh,11.3352,106.1099,30.5,66,15.9,32,1007.6,0
2020-03-11,Tay_Ninh,11.3352,106.1099,29.5,69,15.9,32,1009.8,1
2020-03-12,Tay_Ninh,11.3352,106.1099,29.4,61,18.7,23,1010.9,0
2020-03-13,Tay_Ninh,11.3352,106.1099,29.7,64,18.6,69,1011.0,0
2020-03-14,Tay_Ninh,11.3352,106.1099,29.6,63,17.9,75,1010.1,0
2020-03-15,Tay_Ninh,11.3352,106.1099,29.3,58,17.7,50,1010.3,0
2020-03-16,Tay_Ninh,11.3352,106.1099,29.4,63,18.4,48,1010.6,1
2020-03-17,Tay_Ninh,11.3352,106.1099,29.8,58,19.1,46,1011.2,0
2020-03-18,Tay_Ninh,11.3352,106.1099,29.2,62,17.2,62,1010.0,0
2020-03-19,Tay_Ninh,11.3352,106.1099,29.5,64,19.7,27,1009.9,1
2020-03-20,Tay_Ninh,11.3352,106.1099,29.4,58,18.6,59,1010.7,0
2020-03-21,Tay_Ninh,11.3352,106.1099,29.4,63,18.2,17,1010.7,0
2020-03-22,Tay_Ninh,11.3352,106.1099,29.2,64,17.9,16,1010.0,0
2020-03-23,Tay_Ninh,11.3352,106.1099,29.4,64,16.5,18,1009.4,1
2020-03-24,Tay_Ninh,11.3352,106.1099,28.9,61,16.7,29,1008.9,1
2020-03-25,Tay_Ninh,11.3352,106.1099,29.6,63,17.7,29,1007.6,1
2020-03-26,Tay_Ninh,11.3352,106.1099,29.8,63,17.3,28,1008.8,0
2020-03-27,Tay_Ninh,11.3352,106.1099,29.9,65,18.9,61,1009.3,0
2020-03-28,Tay_Ninh,11.3352,106.1099,30.0,65,14.0,45,1008.6,0
2020-03-29,Tay_Ninh,11.3352,106.1099,30.1,61,17.7,33,1008.0,0
2020-03-30,Tay_Ninh,11.3352,106.1099,29.9,66,11.8,37,1008.4,1
2020-03-31,Tay_Ninh,11.3352,106.1099,30.3,68,14.5,28,1008.7,1
2020-04-01,Tay_Ninh,11.3352,106.1099,30.3,65,18.7,24,1008.6,1
2020-04-02,Tay_Ninh,11.3352,106.1099,30.3,61,16.8,30,1009.3,0
2020-04-03,Tay_Ninh,11.3352,106.1099,30.2,59,17.1,16,1009.7,1
2020-04-04,Tay_Ninh,11.3352,106.1099,30.5,62,21.3,9,1009.5,0
2020-04-05,Tay_Ninh,11.3352,106.1099,30.7,58,19.0,21,1009.9,1
2020-04-06,Tay_Ninh,11.3352,106.1099,30.3,63,19.3,68,1009.3,1
2020-04-07,Tay_Ninh,11.3352,106.1099,30.2,65,10.9,46,1009.3,1
2020-04-08,Tay_Ninh,11.3352,106.1099,28.6,73,13.0,79,1010.0,1
2020-04-09,Tay_Ninh,11.3352,106.1099,27.5,83,14.7,84,1010.9,1
2020-04-10,Tay_Ninh,11.3352,106.1099,27.8,80,12.6,89,1011.6,1
2020-04-11,Tay_Ninh,11.3352,106.1099,28.5,74,12.5,42,1010.9,1
2020-04-12,Tay_Ninh,11.3352,106.1099,28.2,79,12.3,61,1009.9,1
2020-04-13,Tay_Ninh,11.3352,106.1099,26.3,89,8.4,100,1010.4,1
2020-04-14,Tay_Ninh,11.3352,106.1099,27.0,86,6.9,74,1010.6,1
2020-04-15,Tay_Ninh,11.3352,106.1099,27.1,86,10.4,61,1010.5,1
2020-04-16,Tay_Ninh,11.3352,106.1099,27.6,79,12.7,73,1009.6,1
2020-04-17,Tay_Ninh,11.3352,106.1099,28.2,75,11.2,87,1009.9,1
2020-04-18,Tay_Ninh,11.3352,106.1099,28.1,78,12.6,73,1010.8,1
2020-04-19,Tay_Ninh,11.3352,106.1099,28.9,77,14.8,40,1009.7,1
2020-04-20,Tay_Ninh,11.3352,106.1099,29.4,72,13.8,26,1009.4,0
2020-04-21,Tay_Ninh,11.3352,106.1099,29.3,73,16.0,56,1008.6,0
2020-04-22,Tay_Ninh,11.3352,106.1099,29.5,74,13.4,87,1008.5,1
2020-04-23,Tay_Ninh,11.3352,106.1099,29.8,72,15.5,49,1008.7,1
2020-04-24,Tay_Ninh,11.3352,106.1099,28.6,80,13.2,90,1009.0,1
2020-04-25,Tay_Ninh,11.3352,106.1099,29.5,73,13.7,43,1008.8,1
2020-04-26,Tay_Ninh,11.3352,106.1099,29.4,72,13.6,79,1009.4,1
2020-04-27,Tay_Ninh,11.3352,106.1099,29.9,63,10.8,86,1009.9,0
2020-04-28,Tay_Ninh,11.3352,106.1099,30.2,60,15.1,82,1009.5,0
2020-04-29,Tay_Ninh,11.3352,106.1099,30.4,61,13.9,60,1008.7,1
2020-04-30,Tay_Ninh,11.3352,106.1099,30.7,60,15.8,38,1009.0,1
2020-05-01,Tay_Ninh,11.3352,106.1099,30.4,61,17.3,37,1007.9,1
2020-05-02,Tay_Ninh,11.3352,106.1099,30.4,62,16.1,47,1007.6,0
2020-05-03,Tay_Ninh,11.3352,106.1099,30.6,68,14.5,59,1007.7,1
2020-05-04,Tay_Ninh,11.3352,106.1099,30.4,70,13.8,31,1008.5,1
2020-05-05,Tay_Ninh,11.3352,106.1099,31.0,69,13.8,29,1007.5,1
2020-05-06,Tay_Ninh,11.3352,106.1099,30.7,66,12.1,48,1007.3,1
2020-05-07,Tay_Ninh,11.3352,106.1099,31.2,68,13.4,54,1006.7,1
2020-05-08,Tay_Ninh,11.3352,106.1099,31.4,67,16.0,82,1006.7,1
2020-05-09,Tay_Ninh,11.3352,106.1099,31.8,64,14.7,74,1007.5,0
2020-05-10,Tay_Ninh,11.3352,106.1099,31.7,64,14.2,87,1007.5,1
2020-05-11,Tay_Ninh,11.3352,106.1099,31.7,62,12.3,72,1008.0,1
2020-05-12,Tay_Ninh,11.3352,106.1099,32.0,61,14.5,84,1007.6,0
2020-05-13,Tay_Ninh,11.3352,106.1099,30.8,69,17.4,48,1007.7,1
2020-05-14,Tay_Ninh,11.3352,106.1099,30.8,68,17.6,76,1007.4,0
2020-05-15,Tay_Ninh,11.3352,106.1099,30.2,73,15.3,77,1005.7,1
2020-05-16,Tay_Ninh,11.3352,106.1099,30.1,74,13.8,87,1005.4,1
2020-05-17,Tay_Ninh,11.3352,106.1099,29.0,80,11.9,92,1005.6,1
2020-05-18,Tay_Ninh,11.3352,106.1099,29.7,77,12.1,89,1005.2,1
2020-05-19,Tay_Ninh,11.3352,106.1099,29.7,79,10.6,88,1005.6,1
2020-05-20,Tay_Ninh,11.3352,106.1099,28.0,88,10.7,97,1006.7,1
2020-05-21,Tay_Ninh,11.3352,106.1099,29.5,81,12.4,88,1006.6,1
2020-05-22,Tay_Ninh,11.3352,106.1099,30.2,76,11.2,92,1006.4,0
2020-05-23,Tay_Ninh,11.3352,106.1099,28.8,83,15.6,98,1007.6,1
2020-05-24,Tay_Ninh,11.3352,106.1099,28.3,85,12.7,99,1009.1,1
2020-05-25,Tay_Ninh,11.3352,106.1099,28.6,84,8.7,89,1010.0,1
2020-05-26,Tay_Ninh,11.3352,106.1099,29.5,78,11.8,46,1009.5,1
2020-05-27,Tay_Ninh,11.3352,106.1099,28.6,85,9.8,86,1009.3,1
2020-05-28,Tay_Ninh,11.3352,106.1099,26.9,88,12.2,99,1009.4,1
2020-05-29,Tay_Ninh,11.3352,106.1099,27.8,88,15.9,96,1009.4,1
2020-05-30,Tay_Ninh,11.3352,106.1099,27.6,86,12.4,91,1010.6,1
2020-05-31,Tay_Ninh,11.3352,106.1099,27.9,87,8.2,89,1010.4,1
2020-06-01,Tay_Ninh,11.3352,106.1099,27.7,88,11.2,92,1010.0,1
2020-06-02,Tay_Ninh,11.3352,106.1099,26.8,88,11.6,92,1009.4,1
2020-06-03,Tay_Ninh,11.3352,106.1099,27.5,88,12.4,87,1008.1,1
2020-06-04,Tay_Ninh,11.3352,106.1099,27.3,88,15.0,92,1008.1,1
2020-06-05,Tay_Ninh,11.3352,106.1099,27.6,88,10.1,95,1008.1,1
2020-06-06,Tay_Ninh,11.3352,106.1099,27.8,84,13.0,93,1008.1,1
2020-06-07,Tay_Ninh,11.3352,106.1099,28.1,83,10.7,70,1007.3,1
2020-06-08,Tay_Ninh,11.3352,106.1099,28.2,84,8.7,58,1006.8,1
2020-06-09,Tay_Ninh,11.3352,106.1099,28.6,82,11.3,70,1007.0,1
2020-06-10,Tay_Ninh,11.3352,106.1099,27.0,89,10.5,97,1007.7,1
2020-06-11,Tay_Ninh,11.3352,106.1099,27.0,89,12.7,96,1006.8,1
2020-06-12,Tay_Ninh,11.3352,106.1099,27.8,84,9.7,67,1004.9,1
2020-06-13,Tay_Ninh,11.3352,106.1099,27.0,89,14.9,96,1005.0,1
2020-06-14,Tay_Ninh,11.3352,106.1099,26.4,92,17.9,99,1006.8,1
2020-06-15,Tay_Ninh,11.3352,106.1099,26.6,90,12.6,99,1008.8,1
2020-06-16,Tay_Ninh,11.3352,106.1099,26.8,90,10.7,97,1008.8,1
2020-06-17,Tay_Ninh,11.3352,106.1099,27.4,88,7.2,82,1008.2,1
2020-06-18,Tay_Ninh,11.3352,106.1099,27.8,83,7.4,88,1007.9,1
2020-06-19,Tay_Ninh,11.3352,106.1099,27.7,88,9.4,83,1007.6,1
2020-06-20,Tay_Ninh,11.3352,106.1099,27.5,89,10.1,94,1007.3,1
2020-06-21,Tay_Ninh,11.3352,106.1099,27.0,89,9.7,99,1006.2,1
2020-06-22,Tay_Ninh,11.3352,106.1099,27.0,88,12.7,79,1006.4,1
2020-06-23,Tay_Ninh,11.3352,106.1099,28.1,82,8.5,58,1007.1,1
2020-06-24,Tay_Ninh,11.3352,106.1099,27.7,87,11.7,82,1007.2,1
2020-06-25,Tay_Ninh,11.3352,106.1099,26.9,88,15.1,91,1007.0,1
2020-06-26,Tay_Ninh,11.3352,106.1099,26.8,88,14.9,93,1007.4,1
2020-06-27,Tay_Ninh,11.3352,106.1099,26.8,87,10.4,88,1007.5,1
2020-06-28,Tay_Ninh,11.3352,106.1099,26.1,91,11.7,97,1007.6,1
2020-06-29,Tay_Ninh,11.3352,106.1099,25.9,92,14.9,99,1007.6,1
2020-06-30,Tay_Ninh,11.3352,106.1099,25.6,93,10.9,97,1007.6,1
2020-07-01,Tay_Ninh,11.3352,106.1099,26.2,90,11.5,85,1006.7,1
2020-07-02,Tay_Ninh,11.3352,106.1099,26.6,89,12.4,89,1005.8,1
2020-07-03,Tay_Ninh,11.3352,106.1099,25.8,93,14.5,98,1007.6,1
2020-07-04,Tay_Ninh,11.3352,106.1099,26.8,82,15.1,91,1008.3,1
2020-07-05,Tay_Ninh,11.3352,106.1099,27.4,84,9.5,76,1006.2,1
2020-07-06,Tay_Ninh,11.3352,106.1099,26.4,90,16.7,73,1006.1,1
2020-07-07,Tay_Ninh,11.3352,106.1099,27.0,87,14.3,31,1008.0,1
2020-07-08,Tay_Ninh,11.3352,106.1099,26.9,87,9.8,87,1008.2,1
2020-07-09,Tay_Ninh,11.3352,106.1099,27.8,83,11.0,96,1006.4,1
2020-07-10,Tay_Ninh,11.3352,106.1099,27.5,85,12.5,94,1007.1,1
2020-07-11,Tay_Ninh,11.3352,106.1099,27.0,86,13.8,98,1007.0,1
2020-07-12,Tay_Ninh,11.3352,106.1099,26.9,87,12.1,97,1006.5,1
2020-07-13,Tay_Ninh,11.3352,106.1099,26.5,90,11.2,95,1006.9,1
2020-07-14,Tay_Ninh,11.3352,106.1099,27.3,86,10.8,84,1006.9,1
2020-07-15,Tay_Ninh,11.3352,106.1099,27.3,86,13.4,92,1006.4,1
2020-07-16,Tay_Ninh,11.3352,106.1099,27.3,87,11.6,80,1006.2,1
2020-07-17,Tay_Ninh,11.3352,106.1099,27.5,88,11.4,72,1007.2,1
2020-07-18,Tay_Ninh,11.3352,106.1099,27.3,87,13.4,78,1007.8,1
2020-07-19,Tay_Ninh,11.3352,106.1099,27.6,87,9.6,87,1006.9,1
2020-07-20,Tay_Ninh,11.3352,106.1099,27.3,87,11.2,92,1007.1,1
2020-07-21,Tay_Ninh,11.3352,106.1099,27.1,88,12.5,91,1007.5,1
2020-07-22,Tay_Ninh,11.3352,106.1099,27.8,83,8.7,50,1007.3,1
2020-07-23,Tay_Ninh,11.3352,106.1099,27.5,87,12.6,88,1007.6,1
2020-07-24,Tay_Ninh,11.3352,106.1099,25.9,91,9.3,99,1008.1,1
2020-07-25,Tay_Ninh,11.3352,106.1099,26.9,88,12.0,80,1007.3,1
2020-07-26,Tay_Ninh,11.3352,106.1099,27.3,86,9.5,78,1007.3,1
2020-07-27,Tay_Ninh,11.3352,106.1099,27.1,89,9.5,89,1006.5,1
2020-07-28,Tay_Ninh,11.3352,106.1099,27.2,88,10.3,81,1006.9,1
2020-07-29,Tay_Ninh,11.3352,106.1099,27.1,90,13.6,92,1006.9,1
2020-07-30,Tay_Ninh,11.3352,106.1099,27.3,86,16.5,86,1006.2,1
2020-07-31,Tay_Ninh,11.3352,106.1099,26.7,87,16.3,100,1004.5,1
2020-08-01,Tay_Ninh,11.3352,106.1099,25.9,92,22.7,100,1003.8,1
2020-08-02,Tay_Ninh,11.3352,106.1099,26.6,88,23.2,99,1004.3,1
2020-08-03,Tay_Ninh,11.3352,106.1099,26.4,91,17.4,95,1005.0,1
2020-08-04,Tay_Ninh,11.3352,106.1099,26.8,87,18.9,83,1005.3,1
2020-08-05,Tay_Ninh,11.3352,106.1099,26.5,91,10.9,96,1006.3,1
2020-08-06,Tay_Ninh,11.3352,106.1099,26.7,89,10.7,96,1006.6,1
2020-08-07,Tay_Ninh,11.3352,106.1099,26.5,89,9.7,88,1005.8,1
2020-08-08,Tay_Ninh,11.3352,106.1099,26.2,92,19.1,77,1006.1,1
2020-08-09,Tay_Ninh,11.3352,106.1099,26.9,88,13.3,90,1006.3,1
2020-08-10,Tay_Ninh,11.3352,106.1099,26.5,90,18.6,86,1007.5,1
2020-08-11,Tay_Ninh,11.3352,106.1099,27.7,85,13.7,91,1007.3,1
2020-08-12,Tay_Ninh,11.3352,106.1099,27.3,87,15.6,99,1008.3,1
2020-08-13,Tay_Ninh,11.3352,106.1099,26.2,92,15.3,100,1008.6,1
2020-08-14,Tay_Ninh,11.3352,106.1099,26.2,90,9.3,99,1008.5,1
2020-08-15,Tay_Ninh,11.3352,106.1099,27.0,83,13.5,94,1007.7,1
2020-08-16,Tay_Ninh,11.3352,106.1099,27.1,83,12.9,63,1007.6,1
2020-08-17,Tay_Ninh,11.3352,106.1099,27.2,87,9.1,84,1006.7,1
2020-08-18,Tay_Ninh,11.3352,106.1099,27.7,85,9.5,82,1006.2,1
2020-08-19,Tay_Ninh,11.3352,106.1099,26.3,89,13.4,97,1006.6,1
2020-08-20,Tay_Ninh,11.3352,106.1099,26.8,88,8.9,97,1007.0,1
2020-08-21,Tay_Ninh,11.3352,106.1099,28.0,83,8.6,76,1007.8,1
2020-08-22,Tay_Ninh,11.3352,106.1099,28.4,79,11.6,53,1007.8,1
2020-08-23,Tay_Ninh,11.3352,106.1099,28.1,85,17.3,83,1008.5,1
2020-08-24,Tay_Ninh,11.3352,106.1099,27.9,82,9.2,76,1008.7,1
2020-08-25,Tay_Ninh,11.3352,106.1099,28.7,80,10.2,44,1007.5,1
2020-08-26,Tay_Ninh,11.3352,106.1099,28.8,81,9.8,41,1006.7,1
2020-08-27,Tay_Ninh,11.3352,106.1099,29.0,78,12.1,87,1005.6,1
2020-08-28,Tay_Ninh,11.3352,106.1099,28.5,78,14.7,96,1004.9,1
2020-08-29,Tay_Ninh,11.3352,106.1099,28.2,82,13.8,81,1005.3,1
2020-08-30,Tay_Ninh,11.3352,106.1099,28.0,84,16.5,76,1005.4,1
2020-08-31,Tay_Ninh,11.3352,106.1099,28.0,86,10.4,77,1006.1,1
2020-09-01,Tay_Ninh,11.3352,106.1099,27.4,87,9.2,87,1006.5,1
2020-09-02,Tay_Ninh,11.3352,106.1099,27.4,89,13.8,96,1007.3,1
2020-09-03,Tay_Ninh,11.3352,106.1099,27.8,86,13.1,90,1007.3,1
2020-09-04,Tay_Ninh,11.3352,106.1099,27.3,87,13.2,75,1007.3,1
2020-09-05,Tay_Ninh,11.3352,106.1099,28.0,85,14.5,64,1006.8,1
2020-09-06,Tay_Ninh,11.3352,106.1099,27.2,87,11.4,92,1007.1,1
2020-09-07,Tay_Ninh,11.3352,106.1099,27.4,86,9.5,84,1007.3,1
2020-09-08,Tay_Ninh,11.3352,106.1099,27.6,86,10.8,91,1008.2,1
2020-09-09,Tay_Ninh,11.3352,106.1099,27.6,87,9.5,96,1007.9,1
2020-09-10,Tay_Ninh,11.3352,106.1099,27.4,88,11.8,97,1006.2,1
2020-09-11,Tay_Ninh,11.3352,106.1099,26.9,89,15.3,88,1007.4,1
2020-09-12,Tay_Ninh,11.3352,106.1099,26.9,89,10.7,76,1008.9,1
2020-09-13,Tay_Ninh,11.3352,106.1099,26.5,88,13.4,90,1009.2,1
2020-09-14,Tay_Ninh,11.3352,106.1099,25.9,91,10.3,99,1008.4,1
2020-09-15,Tay_Ninh,11.3352,106.1099,26.7,86,13.2,81,1007.9,1
2020-09-16,Tay_Ninh,11.3352,106.1099,26.8,85,10.7,80,1007.2,1
2020-09-17,Tay_Ninh,11.3352,106.1099,26.8,87,13.2,100,1004.9,1
2020-09-18,Tay_Ninh,11.3352,106.1099,25.8,92,21.2,100,1002.7,1
2020-09-19,Tay_Ninh,11.3352,106.1099,25.6,93,22.4,100,1006.8,1
2020-09-20,Tay_Ninh,11.3352,106.1099,26.3,90,15.2,95,1009.1,1
2020-09-21,Tay_Ninh,11.3352,106.1099,27.3,86,8.0,85,1008.2,1
2020-09-22,Tay_Ninh,11.3352,106.1099,26.8,89,10.9,84,1008.1,1
2020-09-23,Tay_Ninh,11.3352,106.1099,26.8,88,11.2,87,1008.3,1
2020-09-24,Tay_Ninh,11.3352,106.1099,26.9,87,9.2,81,1009.5,1
2020-09-25,Tay_Ninh,11.3352,106.1099,26.9,87,10.4,98,1008.6,1
2020-09-26,Tay_Ninh,11.3352,106.1099,26.7,87,12.4,99,1007.4,1
2020-09-27,Tay_Ninh,11.3352,106.1099,25.9,93,10.3,96,1006.1,1
2020-09-28,Tay_Ninh,11.3352,106.1099,25.3,92,17.9,97,1006.5,1
2020-09-29,Tay_Ninh,11.3352,106.1099,26.1,89,13.2,98,1007.8,1
2020-09-30,Tay_Ninh,11.3352,106.1099,26.6,88,10.6,92,1006.3,1
2020-10-01,Tay_Ninh,11.3352,106.1099,26.8,90,15.0,89,1005.4,1
2020-10-02,Tay_Ninh,11.3352,106.1099,26.3,91,11.9,94,1006.0,1
2020-10-03,Tay_Ninh,11.3352,106.1099,26.3,89,17.9,94,1007.3,1
2020-10-04,Tay_Ninh,11.3352,106.1099,26.4,89,10.4,98,1008.1,1
2020-10-05,Tay_Ninh,11.3352,106.1099,26.0,93,12.1,99,1007.3,1
2020-10-06,Tay_Ninh,11.3352,106.1099,26.0,92,10.5,99,1006.7,1
2020-10-07,Tay_Ninh,11.3352,106.1099,25.6,94,10.9,98,1004.7,1
2020-10-08,Tay_Ninh,11.3352,106.1099,26.1,92,11.0,100,1004.7,1
2020-10-09,Tay_Ninh,11.3352,106.1099,25.7,93,13.4,100,1006.3,1
2020-10-10,Tay_Ninh,11.3352,106.1099,25.4,93,10.1,100,1006.2,1
2020-10-11,Tay_Ninh,11.3352,106.1099,24.9,94,10.5,100,1004.9,1
2020-10-12,Tay_Ninh,11.3352,106.1099,25.5,89,12.8,97,1003.9,1
2020-10-13,Tay_Ninh,11.3352,106.1099,25.7,84,9.4,100,1004.5,1
2020-10-14,Tay_Ninh,11.3352,106.1099,25.4,91,12.0,100,1005.0,1
2020-10-15,Tay_Ninh,11.3352,106.1099,25.8,92,15.4,99,1005.2,1
2020-10-16,Tay_Ninh,11.3352,106.1099,25.0,95,11.2,100,1004.7,1
2020-10-17,Tay_Ninh,11.3352,106.1099,25.4,93,16.3,100,1004.9,1
2020-10-18,Tay_Ninh,11.3352,106.1099,25.4,94,17.1,100,1007.2,1
2020-10-19,Tay_Ninh,11.3352,106.1099,26.2,91,10.1,96,1007.6,1
2020-10-20,Tay_Ninh,11.3352,106.1099,26.1,90,11.3,94,1007.7,1
2020-10-21,Tay_Ninh,11.3352,106.1099,26.1,91,14.5,98,1007.4,1
2020-10-22,Tay_Ninh,11.3352,106.1099,26.6,83,11.2,91,1007.2,1
2020-10-23,Tay_Ninh,11.3352,106.1099,26.6,81,9.5,97,1007.8,1
2020-10-24,Tay_Ninh,11.3352,106.1099,26.4,83,6.4,86,1008.6,1
2020-10-25,Tay_Ninh,11.3352,106.1099,26.2,87,9.7,77,1009.0,1
2020-10-26,Tay_Ninh,11.3352,106.1099,26.4,86,9.7,80,1008.1,1
2020-10-27,Tay_Ninh,11.3352,106.1099,26.3,83,11.8,100,1006.2,0
2020-10-28,Tay_Ninh,11.3352,106.1099,26.4,78,20.2,100,1005.0,1
2020-10-29,Tay_Ninh,11.3352,106.1099,25.7,89,14.0,95,1007.7,1
2020-10-30,Tay_Ninh,11.3352,106.1099,26.7,89,10.0,75,1009.6,1
2020-10-31,Tay_Ninh,11.3352,106.1099,26.7,88,9.0,86,1009.6,1
2020-11-01,Tay_Ninh,11.3352,106.1099,27.2,81,12.7,82,1009.1,1
2020-11-02,Tay_Ninh,11.3352,106.1099,27.0,81,12.2,72,1009.6,0
2020-11-03,Tay_Ninh,11.3352,106.1099,27.0,78,12.0,83,1010.1,0
2020-11-04,Tay_Ninh,11.3352,106.1099,26.7,76,11.2,82,1010.1,0
2020-11-05,Tay_Ninh,11.3352,106.1099,27.3,79,7.2,88,1009.5,0
2020-11-06,Tay_Ninh,11.3352,106.1099,26.8,83,8.9,76,1009.8,1
2020-11-07,Tay_Ninh,11.3352,106.1099,26.4,91,10.2,65,1010.6,1
2020-11-08,Tay_Ninh,11.3352,106.1099,26.9,77,17.1,70,1010.3,1
2020-11-09,Tay_Ninh,11.3352,106.1099,25.5,76,15.6,92,1008.8,1
2020-11-10,Tay_Ninh,11.3352,106.1099,24.4,83,19.6,100,1007.4,1
2020-11-11,Tay_Ninh,11.3352,106.1099,24.2,86,13.6,95,1008.9,1
2020-11-12,Tay_Ninh,11.3352,106.1099,26.3,86,7.6,83,1010.2,1
2020-11-13,Tay_Ninh,11.3352,106.1099,26.2,78,12.7,79,1008.8,0
2020-11-14,Tay_Ninh,11.3352,106.1099,25.6,78,11.1,86,1008.2,0
2020-11-15,Tay_Ninh,11.3352,106.1099,25.9,83,7.3,85,1009.7,1
2020-11-16,Tay_Ninh,11.3352,106.1099,26.9,84,9.2,38,1009.7,1
2020-11-17,Tay_Ninh,11.3352,106.1099,27.3,83,7.6,48,1008.4,0
2020-11-18,Tay_Ninh,11.3352,106.1099,27.3,83,8.7,48,1007.9,1
2020-11-19,Tay_Ninh,11.3352,106.1099,27.4,81,12.3,67,1007.9,1
2020-11-20,Tay_Ninh,11.3352,106.1099,27.1,84,7.9,68,1008.5,1
2020-11-21,Tay_Ninh,11.3352,106.1099,27.0,87,8.7,72,1008.7,1
2020-11-22,Tay_Ninh,11.3352,106.1099,26.8,83,9.4,64,1009.9,1
2020-11-23,Tay_Ninh,11.3352,106.1099,27.3,77,8.9,50,1009.9,1
2020-11-24,Tay_Ninh,11.3352,106.1099,27.3,74,11.5,53,1009.7,0
2020-11-25,Tay_Ninh,11.3352,106.1099,27.8,68,15.0,70,1009.3,0
2020-11-26,Tay_Ninh,11.3352,106.1099,27.4,69,12.5,68,1010.0,0
2020-11-27,Tay_Ninh,11.3352,106.1099,27.5,68,14.6,75,1010.2,1
2020-11-28,Tay_Ninh,11.3352,106.1099,27.3,69,18.9,63,1010.0,1
2020-11-29,Tay_Ninh,11.3352,106.1099,24.8,87,19.2,100,1010.2,1
2020-11-30,Tay_Ninh,11.3352,106.1099,25.9,79,17.7,95,1009.6,1
2020-12-01,Tay_Ninh,11.3352,106.1099,25.6,79,13.4,89,1010.4,1
2020-12-02,Tay_Ninh,11.3352,106.1099,27.2,65,18.1,59,1009.9,0
2020-12-03,Tay_Ninh,11.3352,106.1099,26.5,58,17.6,31,1010.0,0
2020-12-04,Tay_Ninh,11.3352,106.1099,25.7,57,18.9,39,1010.1,0
2020-12-05,Tay_Ninh,11.3352,106.1099,26.0,62,16.1,65,1010.7,0
2020-12-06,Tay_Ninh,11.3352,106.1099,26.7,61,15.5,79,1010.8,0
2020-12-07,Tay_Ninh,11.3352,106.1099,27.1,63,15.0,78,1010.8,0
2020-12-08,Tay_Ninh,11.3352,106.1099,27.7,59,20.4,81,1010.5,0
2020-12-09,Tay_Ninh,11.3352,106.1099,27.5,59,16.4,83,1009.2,1
2020-12-10,Tay_Ninh,11.3352,106.1099,28.1,62,10.5,80,1008.7,1
2020-12-11,Tay_Ninh,11.3352,106.1099,27.9,77,8.9,82,1009.0,1
2020-12-12,Tay_Ninh,11.3352,106.1099,26.8,85,8.9,87,1008.5,1
2020-12-13,Tay_Ninh,11.3352,106.1099,26.5,85,11.7,77,1008.3,1
2020-12-14,Tay_Ninh,11.3352,106.1099,27.3,79,9.9,91,1008.9,1
2020-12-15,Tay_Ninh,11.3352,106.1099,27.1,85,9.5,76,1010.2,1
2020-12-16,Tay_Ninh,11.3352,106.1099,27.8,67,18.7,59,1010.2,1
2020-12-17,Tay_Ninh,11.3352,106.1099,28.4,62,19.9,69,1009.5,1
2020-12-18,Tay_Ninh,11.3352,106.1099,28.4,61,17.6,85,1009.4,1
2020-12-19,Tay_Ninh,11.3352,106.1099,28.0,57,20.6,98,1010.1,0
2020-12-20,Tay_Ninh,11.3352,106.1099,26.9,52,25.8,94,1010.4,0
2020-12-21,Tay_Ninh,11.3352,106.1099,26.5,51,25.7,97,1009.5,0
2020-12-22,Tay_Ninh,11.3352,106.1099,25.6,56,19.6,100,1008.6,1
2020-12-23,Tay_Ninh,11.3352,106.1099,26.5,63,19.2,96,1007.5,0
2020-12-24,Tay_Ninh,11.3352,106.1099,26.7,77,12.8,59,1007.8,1
2020-12-25,Tay_Ninh,11.3352,106.1099,27.3,74,10.7,71,1009.1,1
2020-12-26,Tay_Ninh,11.3352,106.1099,27.8,70,8.9,58,1009.3,1
2020-12-27,Tay_Ninh,11.3352,106.1099,27.9,71,11.8,74,1008.9,1
2020-12-28,Tay_Ninh,11.3352,106.1099,27.8,70,8.6,73,1008.1,1
2020-12-29,Tay_Ninh,11.3352,106.1099,28.6,68,12.5,82,1008.1,0
2020-12-30,Tay_Ninh,11.3352,106.1099,28.7,60,20.7,86,1008.9,1
2020-12-31,Tay_Ninh,11.3352,106.1099,26.2,54,21.1,99,1010.7,1
2021-01-01,Tay_Ninh,11.3352,106.1099,24.7,55,19.2,98,1011.5,0
2021-01-02,Tay_Ninh,11.3352,106.1099,26.0,55,18.9,80,1010.7,0
2021-01-03,Tay_Ninh,11.3352,106.1099,26.9,55,15.6,78,1009.9,0
2021-01-04,Tay_Ninh,11.3352,106.1099,28.4,57,19.5,70,1009.5,1
2021-01-05,Tay_Ninh,11.3352,106.1099,28.5,59,17.2,70,1009.8,1
2021-01-06,Tay_Ninh,11.3352,106.1099,28.6,55,17.4,56,1008.8,1
2021-01-07,Tay_Ninh,11.3352,106.1099,28.7,54,12.8,51,1008.3,0
2021-01-08,Tay_Ninh,11.3352,106.1099,28.4,52,18.9,58,1008.4,0
2021-01-09,Tay_Ninh,11.3352,106.1099,27.1,52,20.6,67,1009.5,0
2021-01-10,Tay_Ninh,11.3352,106.1099,26.3,54,20.6,52,1009.8,0
2021-01-11,Tay_Ninh,11.3352,106.1099,26.5,54,21.1,73,1010.8,0
2021-01-12,Tay_Ninh,11.3352,106.1099,25.2,49,17.8,57,1011.5,0
2021-01-13,Tay_Ninh,11.3352,106.1099,23.7,53,11.2,21,1011.3,0
2021-01-14,Tay_Ninh,11.3352,106.1099,24.7,55,12.2,36,1010.7,0
2021-01-15,Tay_Ninh,11.3352,106.1099,25.2,66,17.5,45,1009.3,0
2021-01-16,Tay_Ninh,11.3352,106.1099,25.9,65,11.2,47,1009.5,0
2021-01-17,Tay_Ninh,11.3352,106.1099,26.7,58,20.5,55,1011.1,0
2021-01-18,Tay_Ninh,11.3352,106.1099,26.0,46,21.1,46,1011.8,0
2021-01-19,Tay_Ninh,11.3352,106.1099,24.7,53,10.1,95,1011.1,0
2021-01-20,Tay_Ninh,11.3352,106.1099,26.5,58,9.9,81,1010.3,0
2021-01-21,Tay_Ninh,11.3352,106.1099,27.5,60,12.4,97,1009.4,0
2021-01-22,Tay_Ninh,11.3352,106.1099,27.2,73,10.9,81,1009.1,1
2021-01-23,Tay_Ninh,11.3352,106.1099,25.5,83,11.5,77,1009.8,1
2021-01-24,Tay_Ninh,11.3352,106.1099,26.7,73,11.4,43,1010.2,1
2021-01-25,Tay_Ninh,11.3352,106.1099,27.2,72,15.5,63,1009.7,0
2021-01-26,Tay_Ninh,11.3352,106.1099,27.5,67,14.2,67,1009.1,1
2021-01-27,Tay_Ninh,11.3352,106.1099,27.7,64,12.7,86,1009.2,0
2021-01-28,Tay_Ninh,11.3352,106.1099,28.2,62,16.7,83,1010.4,1
2021-01-29,Tay_Ninh,11.3352,106.1099,26.6,50,19.7,84,1011.2,0
2021-01-30,Tay_Ninh,11.3352,106.1099,25.5,58,11.1,92,1011.5,0
2021-01-31,Tay_Ninh,11.3352,106.1099,26.7,60,9.7,74,1011.5,0
2021-02-01,Tay_Ninh,11.3352,106.1099,27.4,64,13.4,43,1011.6,0
2021-02-02,Tay_Ninh,11.3352,106.1099,27.2,62,13.9,36,1011.8,0
2021-02-03,Tay_Ninh,11.3352,106.1099,26.9,61,13.6,80,1011.5,0
2021-02-04,Tay_Ninh,11.3352,106.1099,26.9,55,9.6,87,1011.9,0
2021-02-05,Tay_Ninh,11.3352,106.1099,28.0,62,14.8,34,1011.0,1
2021-02-06,Tay_Ninh,11.3352,106.1099,28.1,63,14.8,57,1009.8,1
2021-02-07,Tay_Ninh,11.3352,106.1099,28.0,63,9.2,72,1010.2,1
2021-02-08,Tay_Ninh,11.3352,106.1099,27.0,77,12.5,57,1009.7,1
2021-02-09,Tay_Ninh,11.3352,106.1099,27.4,75,10.6,41,1008.9,1
2021-02-10,Tay_Ninh,11.3352,106.1099,26.6,77,12.4,70,1009.3,1
2021-02-11,Tay_Ninh,11.3352,106.1099,25.5,87,11.4,78,1009.9,1
2021-02-12,Tay_Ninh,11.3352,106.1099,25.9,75,14.4,32,1010.8,1
2021-02-13,Tay_Ninh,11.3352,106.1099,25.6,72,14.8,48,1011.5,0
2021-02-14,Tay_Ninh,11.3352,106.1099,25.3,71,16.0,50,1012.2,1
2021-02-15,Tay_Ninh,11.3352,106.1099,25.1,71,15.0,36,1010.9,0
2021-02-16,Tay_Ninh,11.3352,106.1099,25.0,71,15.6,52,1010.5,0
2021-02-17,Tay_Ninh,11.3352,106.1099,25.5,66,13.5,22,1011.6,0
2021-02-18,Tay_Ninh,11.3352,106.1099,25.7,54,15.9,35,1013.2,0
2021-02-19,Tay_Ninh,11.3352,106.1099,26.5,53,18.6,23,1013.1,0
2021-02-20,Tay_Ninh,11.3352,106.1099,25.6,58,11.0,19,1012.5,0
2021-02-21,Tay_Ninh,11.3352,106.1099,25.4,65,14.5,44,1011.7,0
2021-02-22,Tay_Ninh,11.3352,106.1099,25.6,62,17.3,29,1010.9,0
2021-02-23,Tay_Ninh,11.3352,106.1099,26.1,65,17.1,53,1009.9,0
2021-02-24,Tay_Ninh,11.3352,106.1099,27.2,65,13.0,56,1009.0,0
2021-02-25,Tay_Ninh,11.3352,106.1099,27.4,68,12.4,64,1007.5,0
2021-02-26,Tay_Ninh,11.3352,106.1099,28.5,68,12.8,68,1006.4,1
2021-02-27,Tay_Ninh,11.3352,106.1099,28.5,68,13.6,36,1007.0,1
2021-02-28,Tay_Ninh,11.3352,106.1099,28.1,67,17.3,29,1008.8,1
2021-03-01,Tay_Ninh,11.3352,106.1099,28.8,67,16.1,62,1011.0,1
2021-03-02,Tay_Ninh,11.3352,106.1099,28.8,68,14.6,72,1011.0,0
2021-03-03,Tay_Ninh,11.3352,106.1099,28.9,64,13.7,36,1010.7,1
2021-03-04,Tay_Ninh,11.3352,106.1099,28.8,61,15.6,8,1011.4,0
2021-03-05,Tay_Ninh,11.3352,106.1099,28.2,58,18.3,4,1011.1,0
2021-03-06,Tay_Ninh,11.3352,106.1099,28.0,59,13.5,18,1011.7,0
2021-03-07,Tay_Ninh,11.3352,106.1099,28.6,64,19.6,33,1010.9,0
2021-03-08,Tay_Ninh,11.3352,106.1099,28.2,63,14.6,22,1011.5,1
2021-03-09,Tay_Ninh,11.3352,106.1099,28.3,62,17.7,18,1011.3,1
2021-03-10,Tay_Ninh,11.3352,106.1099,28.5,59,14.8,28,1011.0,1
2021-03-11,Tay_Ninh,11.3352,106.1099,29.1,61,15.5,21,1010.9,1
2021-03-12,Tay_Ninh,11.3352,106.1099,29.1,56,17.7,15,1011.0,0
2021-03-13,Tay_Ninh,11.3352,106.1099,29.0,55,19.6,37,1010.7,0
2021-03-14,Tay_Ninh,11.3352,106.1099,28.3,61,16.5,15,1009.2,0
2021-03-15,Tay_Ninh,11.3352,106.1099,28.0,64,16.5,32,1009.0,0
2021-03-16,Tay_Ninh,11.3352,106.1099,28.1,67,17.7,42,1008.7,0
2021-03-17,Tay_Ninh,11.3352,106.1099,28.2,64,14.6,71,1008.7,1
2021-03-18,Tay_Ninh,11.3352,106.1099,28.3,67,17.1,76,1008.1,0
2021-03-19,Tay_Ninh,11.3352,106.1099,29.2,68,16.9,40,1007.4,0
2021-03-20,Tay_Ninh,11.3352,106.1099,29.8,67,16.1,74,1006.4,1
2021-03-21,Tay_Ninh,11.3352,106.1099,29.2,71,22.7,48,1007.1,1
2021-03-22,Tay_Ninh,11.3352,106.1099,29.9,59,17.8,49,1009.3,0
2021-03-23,Tay_Ninh,11.3352,106.1099,29.9,55,17.6,61,1009.1,0
2021-03-24,Tay_Ninh,11.3352,106.1099,29.4,61,12.5,92,1008.2,1
2021-03-25,Tay_Ninh,11.3352,106.1099,29.1,72,15.7,72,1008.4,1
2021-03-26,Tay_Ninh,11.3352,106.1099,29.3,65,14.5,68,1007.9,1
2021-03-27,Tay_Ninh,11.3352,106.1099,29.4,65,18.7,72,1007.3,0
2021-03-28,Tay_Ninh,11.3352,106.1099,29.7,64,15.9,54,1007.0,0
2021-03-29,Tay_Ninh,11.3352,106.1099,29.4,67,15.3,47,1006.5,1
2021-03-30,Tay_Ninh,11.3352,106.1099,29.7,67,14.0,31,1005.5,1
2021-03-31,Tay_Ninh,11.3352,106.1099,30.5,61,12.2,37,1004.4,0
2021-04-01,Tay_Ninh,11.3352,106.1099,30.5,61,13.6,39,1005.0,0
2021-04-02,Tay_Ninh,11.3352,106.1099,30.5,65,13.7,62,1005.9,1
2021-04-03,Tay_Ninh,11.3352,106.1099,28.6,76,14.1,67,1006.7,1
2021-04-04,Tay_Ninh,11.3352,106.1099,27.7,80,13.7,72,1007.8,1
2021-04-05,Tay_Ninh,11.3352,106.1099,28.0,78,13.3,78,1008.9,1
2021-04-06,Tay_Ninh,11.3352,106.1099,28.2,69,14.1,57,1009.5,1
2021-04-07,Tay_Ninh,11.3352,106.1099,28.7,67,14.7,34,1009.6,1
2021-04-08,Tay_Ninh,11.3352,106.1099,28.1,74,12.4,56,1008.9,1
2021-04-09,Tay_Ninh,11.3352,106.1099,27.7,78,14.5,75,1008.9,1
2021-04-10,Tay_Ninh,11.3352,106.1099,27.8,77,12.3,80,1010.1,1
2021-04-11,Tay_Ninh,11.3352,106.1099,27.6,84,11.2,82,1010.9,1
2021-04-12,Tay_Ninh,11.3352,106.1099,27.5,81,11.7,58,1011.1,1
2021-04-13,Tay_Ninh,11.3352,106.1099,27.9,79,13.3,70,1010.5,1
2021-04-14,Tay_Ninh,11.3352,106.1099,27.0,86,11.6,73,1010.1,1
2021-04-15,Tay_Ninh,11.3352,106.1099,27.4,85,12.1,85,1009.1,1
2021-04-16,Tay_Ninh,11.3352,106.1099,26.4,88,12.7,87,1009.4,1
2021-04-17,Tay_Ninh,11.3352,106.1099,26.8,86,13.5,97,1010.4,1
2021-04-18,Tay_Ninh,11.3352,106.1099,26.2,88,10.0,88,1010.4,1
2021-04-19,Tay_Ninh,11.3352,106.1099,26.4,88,11.1,61,1008.9,1
2021-04-20,Tay_Ninh,11.3352,106.1099,27.3,87,9.6,67,1008.2,1
2021-04-21,Tay_Ninh,11.3352,106.1099,27.8,84,10.9,86,1008.3,1
2021-04-22,Tay_Ninh,11.3352,106.1099,26.3,90,12.1,97,1008.3,1
2021-04-23,Tay_Ninh,11.3352,106.1099,26.7,89,11.7,97,1007.4,1
2021-04-24,Tay_Ninh,11.3352,106.1099,27.9,81,11.8,68,1007.4,1
2021-04-25,Tay_Ninh,11.3352,106.1099,27.3,86,18.9,86,1008.2,1
2021-04-26,Tay_Ninh,11.3352,106.1099,28.0,84,13.9,65,1007.9,1
2021-04-27,Tay_Ninh,11.3352,106.1099,26.9,88,11.8,98,1009.6,1
2021-04-28,Tay_Ninh,11.3352,106.1099,27.3,85,10.8,95,1010.4,1
2021-04-29,Tay_Ninh,11.3352,106.1099,27.4,83,10.8,42,1009.8,1
2021-04-30,Tay_Ninh,11.3352,106.1099,27.6,83,8.4,53,1009.5,1
2021-05-01,Tay_Ninh,11.3352,106.1099,27.4,86,10.2,60,1009.9,1
2021-05-02,Tay_Ninh,11.3352,106.1099,28.5,79,10.1,54,1009.2,1
2021-05-03,Tay_Ninh,11.3352,106.1099,28.8,76,13.1,59,1007.6,1
2021-05-04,Tay_Ninh,11.3352,106.1099,28.9,73,13.0,35,1006.8,1
2021-05-05,Tay_Ninh,11.3352,106.1099,29.3,76,13.9,83,1007.2,1
2021-05-06,Tay_Ninh,11.3352,106.1099,28.3,82,9.5,97,1009.1,1
2021-05-07,Tay_Ninh,11.3352,106.1099,28.5,79,10.2,97,1009.4,0
2021-05-08,Tay_Ninh,11.3352,106.1099,28.8,78,13.0,98,1007.9,1
2021-05-09,Tay_Ninh,11.3352,106.1099,28.4,81,10.2,80,1007.7,1
2021-05-10,Tay_Ninh,11.3352,106.1099,28.7,82,11.0,51,1007.3,1
2021-05-11,Tay_Ninh,11.3352,106.1099,29.1,78,11.2,46,1006.8,1
2021-05-12,Tay_Ninh,11.3352,106.1099,29.2,79,9.5,78,1006.2,1
2021-05-13,Tay_Ninh,11.3352,106.1099,29.4,77,9.4,57,1005.7,1
2021-05-14,Tay_Ninh,11.3352,106.1099,28.1,84,8.5,89,1006.2,1
2021-05-15,Tay_Ninh,11.3352,106.1099,28.4,83,11.7,95,1006.8,1
2021-05-16,Tay_Ninh,11.3352,106.1099,28.9,80,10.5,32,1006.4,1
2021-05-17,Tay_Ninh,11.3352,106.1099,28.1,84,12.6,92,1007.4,1
2021-05-18,Tay_Ninh,11.3352,106.1099,28.0,84,10.0,91,1007.7,1
2021-05-19,Tay_Ninh,11.3352,106.1099,28.2,84,13.7,92,1007.1,1
2021-05-20,Tay_Ninh,11.3352,106.1099,28.7,81,10.9,76,1007.1,1
2021-05-21,Tay_Ninh,11.3352,106.1099,27.8,86,9.6,91,1007.1,1
2021-05-22,Tay_Ninh,11.3352,106.1099,27.0,89,13.6,97,1006.4,1
2021-05-23,Tay_Ninh,11.3352,106.1099,27.4,88,12.7,94,1005.8,1
2021-05-24,Tay_Ninh,11.3352,106.1099,26.8,88,13.7,99,1006.6,1
2021-05-25,Tay_Ninh,11.3352,106.1099,26.4,93,8.6,96,1006.9,1
2021-05-26,Tay_Ninh,11.3352,106.1099,26.1,92,13.0,97,1006.9,1
2021-05-27,Tay_Ninh,11.3352,106.1099,26.4,91,11.5,83,1007.2,1
2021-05-28,Tay_Ninh,11.3352,106.1099,27.3,87,9.8,52,1008.7,1
2021-05-29,Tay_Ninh,11.3352,106.1099,28.2,82,10.4,47,1008.6,1
2021-05-30,Tay_Ninh,11.3352,106.1099,28.5,82,11.7,35,1007.3,1
2021-05-31,Tay_Ninh,11.3352,106.1099,28.6,83,14.0,50,1005.8,1
2021-06-01,Tay_Ninh,11.3352,106.1099,29.1,82,9.8,84,1006.1,1
2021-06-02,Tay_Ninh,11.3352,106.1099,28.7,84,9.8,85,1006.6,1
2021-06-03,Tay_Ninh,11.3352,106.1099,28.7,84,11.5,74,1007.4,1
2021-06-04,Tay_Ninh,11.3352,106.1099,29.4,82,11.1,78,1007.1,1
2021-06-05,Tay_Ninh,11.3352,106.1099,28.5,84,11.5,89,1007.1,1
2021-06-06,Tay_Ninh,11.3352,106.1099,28.2,83,13.2,99,1006.8,1
2021-06-07,Tay_Ninh,11.3352,106.1099,27.4,86,17.2,99,1007.6,1
2021-06-08,Tay_Ninh,11.3352,106.1099,26.3,91,21.6,89,1008.4,1
2021-06-09,Tay_Ninh,11.3352,106.1099,26.8,88,11.9,94,1007.7,1
2021-06-10,Tay_Ninh,11.3352,106.1099,26.4,89,15.7,99,1006.5,1
2021-06-11,Tay_Ninh,11.3352,106.1099,26.9,87,15.7,97,1005.3,1
2021-06-12,Tay_Ninh,11.3352,106.1099,26.6,85,15.0,100,1006.4,1
2021-06-13,Tay_Ninh,11.3352,106.1099,27.5,81,21.3,84,1007.4,1
2021-06-14,Tay_Ninh,11.3352,106.1099,27.5,83,17.1,52,1007.6,1
2021-06-15,Tay_Ninh,11.3352,106.1099,27.3,85,13.3,75,1006.9,1
2021-06-16,Tay_Ninh,11.3352,106.1099,27.3,87,15.5,88,1008.3,1
2021-06-17,Tay_Ninh,11.3352,106.1099,28.0,82,8.7,57,1009.0,1
2021-06-18,Tay_Ninh,11.3352,106.1099,28.5,77,10.5,61,1009.4,0
2021-06-19,Tay_Ninh,11.3352,106.1099,28.0,83,17.7,74,1008.7,1
2021-06-20,Tay_Ninh,11.3352,106.1099,27.9,82,14.7,60,1007.4,1
2021-06-21,Tay_Ninh,11.3352,106.1099,27.7,84,18.5,52,1007.0,1
2021-06-22,Tay_Ninh,11.3352,106.1099,27.4,85,17.1,53,1008.0,1
2021-06-23,Tay_Ninh,11.3352,106.1099,27.1,86,15.4,55,1008.6,1
2021-06-24,Tay_Ninh,11.3352,106.1099,27.2,86,11.4,43,1007.3,1
2021-06-25,Tay_Ninh,11.3352,106.1099,28.2,80,13.9,65,1006.5,1
2021-06-26,Tay_Ninh,11.3352,106.1099,28.2,80,13.8,48,1007.9,1
2021-06-27,Tay_Ninh,11.3352,106.1099,28.3,80,12.0,31,1009.0,1
2021-06-28,Tay_Ninh,11.3352,106.1099,28.7,79,12.3,54,1008.1,1
2021-06-29,Tay_Ninh,11.3352,106.1099,28.7,80,14.6,59,1007.3,1
2021-06-30,Tay_Ninh,11.3352,106.1099,28.3,82,15.8,74,1007.5,1
2021-07-01,Tay_Ninh,11.3352,106.1099,28.9,78,13.0,58,1007.7,1
2021-07-02,Tay_Ninh,11.3352,106.1099,29.0,76,15.8,23,1007.9,1
2021-07-03,Tay_Ninh,11.3352,106.1099,29.5,74,7.3,45,1006.4,0
2021-07-04,Tay_Ninh,11.3352,106.1099,28.8,79,10.1,75,1005.5,1
2021-07-05,Tay_Ninh,11.3352,106.1099,27.7,84,15.6,92,1005.0,1
2021-07-06,Tay_Ninh,11.3352,106.1099,26.4,91,16.5,99,1005.0,1
2021-07-07,Tay_Ninh,11.3352,106.1099,26.4,89,14.3,98,1006.1,1
2021-07-08,Tay_Ninh,11.3352,106.1099,25.7,91,14.5,99,1006.8,1
2021-07-09,Tay_Ninh,11.3352,106.1099,25.1,92,17.1,99,1006.6,1
2021-07-10,Tay_Ninh,11.3352,106.1099,26.4,89,11.6,81,1006.8,1
2021-07-11,Tay_Ninh,11.3352,106.1099,26.8,86,9.2,66,1008.1,1
2021-07-12,Tay_Ninh,11.3352,106.1099,26.9,85,10.1,87,1008.2,1
2021-07-13,Tay_Ninh,11.3352,106.1099,26.7,89,10.0,97,1007.2,1
2021-07-14,Tay_Ninh,11.3352,106.1099,26.4,87,11.1,97,1006.4,1
2021-07-15,Tay_Ninh,11.3352,106.1099,25.7,91,10.4,100,1007.7,1
2021-07-16,Tay_Ninh,11.3352,106.1099,27.5,81,13.1,92,1008.6,1
2021-07-17,Tay_Ninh,11.3352,106.1099,27.8,79,12.9,68,1006.6,1
2021-07-18,Tay_Ninh,11.3352,106.1099,26.8,89,18.0,94,1005.8,1
2021-07-19,Tay_Ninh,11.3352,106.1099,26.9,83,13.3,97,1006.8,1
2021-07-20,Tay_Ninh,11.3352,106.1099,28.0,77,18.9,76,1007.5,1
2021-07-21,Tay_Ninh,11.3352,106.1099,27.2,83,21.2,75,1007.2,1
2021-07-22,Tay_Ninh,11.3352,106.1099,27.5,82,17.8,88,1006.6,1
2021-07-23,Tay_Ninh,11.3352,106.1099,27.4,83,16.6,96,1006.2,1
2021-07-24,Tay_Ninh,11.3352,106.1099,28.2,77,21.6,98,1005.8,1
2021-07-25,Tay_Ninh,11.3352,106.1099,27.4,84,20.6,80,1006.3,1
2021-07-26,Tay_Ninh,11.3352,106.1099,27.9,80,16.7,48,1005.7,1
2021-07-27,Tay_Ninh,11.3352,106.1099,28.1,80,17.8,40,1005.1,1
2021-07-28,Tay_Ninh,11.3352,106.1099,27.3,84,16.9,90,1005.0,1
2021-07-29,Tay_Ninh,11.3352,106.1099,26.9,87,21.4,91,1005.9,1
2021-07-30,Tay_Ninh,11.3352,106.1099,27.1,87,14.5,87,1006.9,1
2021-07-31,Tay_Ninh,11.3352,106.1099,27.8,83,16.6,90,1006.9,1
2021-08-01,Tay_Ninh,11.3352,106.1099,28.1,81,19.1,61,1005.9,1
2021-08-02,Tay_Ninh,11.3352,106.1099,28.0,81,17.3,72,1006.0,1
2021-08-03,Tay_Ninh,11.3352,106.1099,28.2,79,20.2,87,1006.7,1
2021-08-04,Tay_Ninh,11.3352,106.1099,27.9,80,17.7,97,1007.3,1
2021-08-05,Tay_Ninh,11.3352,106.1099,27.9,81,19.6,95,1007.1,1
2021-08-06,Tay_Ninh,11.3352,106.1099,28.2,81,16.4,94,1007.5,1
2021-08-07,Tay_Ninh,11.3352,106.1099,28.0,84,14.5,91,1007.9,1
2021-08-08,Tay_Ninh,11.3352,106.1099,27.9,83,13.6,99,1007.6,1
2021-08-09,Tay_Ninh,11.3352,106.1099,28.3,83,13.0,73,1006.6,1
2021-08-10,Tay_Ninh,11.3352,106.1099,27.4,88,16.0,79,1006.0,1
2021-08-11,Tay_Ninh,11.3352,106.1099,27.4,86,18.5,83,1008.1,1
2021-08-12,Tay_Ninh,11.3352,106.1099,27.0,85,15.3,77,1010.0,1
2021-08-13,Tay_Ninh,11.3352,106.1099,26.6,87,14.5,93,1008.4,1
2021-08-14,Tay_Ninh,11.3352,106.1099,26.8,87,13.6,98,1007.3,1
2021-08-15,Tay_Ninh,11.3352,106.1099,26.1,89,6.8,96,1009.2,1
2021-08-16,Tay_Ninh,11.3352,106.1099,27.7,82,10.8,45,1010.9,1
2021-08-17,Tay_Ninh,11.3352,106.1099,27.0,89,8.3,94,1010.2,1
2021-08-18,Tay_Ninh,11.3352,106.1099,26.8,87,12.4,88,1008.4,1
2021-08-19,Tay_Ninh,11.3352,106.1099,26.8,86,10.9,86,1007.8,1
2021-08-20,Tay_Ninh,11.3352,106.1099,27.0,87,11.3,85,1008.4,1
2021-08-21,Tay_Ninh,11.3352,106.1099,27.1,85,12.5,49,1008.6,1
2021-08-22,Tay_Ninh,11.3352,106.1099,27.6,83,13.6,85,1007.8,1
2021-08-23,Tay_Ninh,11.3352,106.1099,27.1,86,13.7,87,1007.2,1
2021-08-24,Tay_Ninh,11.3352,106.1099,26.4,89,13.9,75,1006.5,1
2021-08-25,Tay_Ninh,11.3352,106.1099,25.2,94,17.7,96,1007.0,1
2021-08-26,Tay_Ninh,11.3352,106.1099,25.2,93,13.2,99,1007.4,1
2021-08-27,Tay_Ninh,11.3352,106.1099,26.3,89,10.7,97,1007.2,1
2021-08-28,Tay_Ninh,11.3352,106.1099,26.3,88,7.6,93,1007.0,1
2021-08-29,Tay_Ninh,11.3352,106.1099,26.3,89,12.7,95,1006.9,1
2021-08-30,Tay_Ninh,11.3352,106.1099,25.8,91,10.0,96,1007.7,1
2021-08-31,Tay_Ninh,11.3352,106.1099,26.2,89,8.0,97,1008.2,1
2021-09-01,Tay_Ninh,11.3352,106.1099,26.6,89,8.9,88,1007.8,1
2021-09-02,Tay_Ninh,11.3352,106.1099,26.3,89,14.5,97,1007.6,1
2021-09-03,Tay_Ninh,11.3352,106.1099,26.2,89,14.3,97,1007.2,1
2021-09-04,Tay_Ninh,11.3352,106.1099,25.9,89,16.0,98,1007.7,1
2021-09-05,Tay_Ninh,11.3352,106.1099,26.2,91,11.3,98,1008.1,1
2021-09-06,Tay_Ninh,11.3352,106.1099,26.4,90,8.7,93,1008.3,1
2021-09-07,Tay_Ninh,11.3352,106.1099,26.0,90,13.3,95,1007.3,1
2021-09-08,Tay_Ninh,11.3352,106.1099,26.3,88,14.9,94,1005.8,1
2021-09-09,Tay_Ninh,11.3352,106.1099,26.1,89,16.1,99,1007.2,1
2021-09-10,Tay_Ninh,11.3352,106.1099,26.8,87,15.8,100,1007.5,1
2021-09-11,Tay_Ninh,11.3352,106.1099,26.9,84,22.4,100,1006.3,1
2021-09-12,Tay_Ninh,11.3352,106.1099,27.3,82,19.6,93,1004.1,1
2021-09-13,Tay_Ninh,11.3352,106.1099,26.9,85,12.2,81,1005.1,1
2021-09-14,Tay_Ninh,11.3352,106.1099,26.5,91,11.8,98,1007.4,1
2021-09-15,Tay_Ninh,11.3352,106.1099,25.9,88,12.2,94,1009.0,1
2021-09-16,Tay_Ninh,11.3352,106.1099,26.6,85,8.9,95,1009.1,1
2021-09-17,Tay_Ninh,11.3352,106.1099,27.1,86,8.4,74,1008.5,1
2021-09-18,Tay_Ninh,11.3352,106.1099,26.9,87,9.8,73,1008.1,1
2021-09-19,Tay_Ninh,11.3352,106.1099,25.2,93,11.5,98,1008.1,1
2021-09-20,Tay_Ninh,11.3352,106.1099,25.4,91,13.2,97,1007.7,1
2021-09-21,Tay_Ninh,11.3352,106.1099,26.3,87,15.6,78,1007.3,1
2021-09-22,Tay_Ninh,11.3352,106.1099,25.8,91,12.4,74,1007.6,1
2021-09-23,Tay_Ninh,11.3352,106.1099,26.1,91,12.4,99,1008.0,1
2021-09-24,Tay_Ninh,11.3352,106.1099,26.0,92,16.3,98,1007.8,1
2021-09-25,Tay_Ninh,11.3352,106.1099,26.3,90,12.4,97,1007.5,1
2021-09-26,Tay_Ninh,11.3352,106.1099,26.5,89,7.9,94,1007.1,1
2021-09-27,Tay_Ninh,11.3352,106.1099,27.2,86,10.5,55,1007.4,1
2021-09-28,Tay_Ninh,11.3352,106.1099,27.0,88,7.9,76,1007.9,1
2021-09-29,Tay_Ninh,11.3352,106.1099,26.9,89,10.4,65,1007.3,1
2021-09-30,Tay_Ninh,11.3352,106.1099,26.0,91,9.5,87,1008.1,1
2021-10-01,Tay_Ninh,11.3352,106.1099,26.8,90,10.8,88,1008.5,1
2021-10-02,Tay_Ninh,11.3352,106.1099,26.0,90,12.6,93,1009.1,1
2021-10-03,Tay_Ninh,11.3352,106.1099,26.0,89,6.4,92,1008.1,1
2021-10-04,Tay_Ninh,11.3352,106.1099,27.2,84,9.0,95,1006.6,1
2021-10-05,Tay_Ninh,11.3352,106.1099,26.4,90,10.0,92,1005.4,1
2021-10-06,Tay_Ninh,11.3352,106.1099,25.5,93,9.9,100,1004.2,1
2021-10-07,Tay_Ninh,11.3352,106.1099,25.6,94,9.8,100,1003.5,1
2021-10-08,Tay_Ninh,11.3352,106.1099,26.3,84,16.1,100,1004.1,1
2021-10-09,Tay_Ninh,11.3352,106.1099,26.5,89,20.5,99,1005.6,1
2021-10-10,Tay_Ninh,11.3352,106.1099,27.3,86,17.5,81,1004.9,1
2021-10-11,Tay_Ninh,11.3352,106.1099,26.6,89,17.3,97,1004.8,1
2021-10-12,Tay_Ninh,11.3352,106.1099,26.1,90,18.7,97,1004.6,1
2021-10-13,Tay_Ninh,11.3352,106.1099,25.7,90,17.0,100,1003.6,1
2021-10-14,Tay_Ninh,11.3352,106.1099,26.4,90,16.8,100,1004.6,1
2021-10-15,Tay_Ninh,11.3352,106.1099,26.7,88,15.0,90,1005.8,1
2021-10-16,Tay_Ninh,11.3352,106.1099,25.8,90,9.7,100,1007.3,1
2021-10-17,Tay_Ninh,11.3352,106.1099,24.8,94,11.9,100,1007.8,1
2021-10-18,Tay_Ninh,11.3352,106.1099,26.2,86,13.0,100,1009.3,1
2021-10-19,Tay_Ninh,11.3352,106.1099,26.9,87,12.0,97,1011.8,1
2021-10-20,Tay_Ninh,11.3352,106.1099,25.7,91,12.4,97,1012.1,1
2021-10-21,Tay_Ninh,11.3352,106.1099,26.3,87,9.6,99,1010.9,1
2021-10-22,Tay_Ninh,11.3352,106.1099,25.7,90,9.7,90,1011.3,1
2021-10-23,Tay_Ninh,11.3352,106.1099,25.8,89,12.6,94,1011.7,1
2021-10-24,Tay_Ninh,11.3352,106.1099,25.9,89,12.6,85,1010.2,1
2021-10-25,Tay_Ninh,11.3352,106.1099,26.7,81,14.3,95,1008.8,1
2021-10-26,Tay_Ninh,11.3352,106.1099,27.3,74,13.7,96,1007.9,0
2021-10-27,Tay_Ninh,11.3352,106.1099,25.1,89,12.6,100,1007.9,1
2021-10-28,Tay_Ninh,11.3352,106.1099,26.3,85,15.9,42,1009.6,1
2021-10-29,Tay_Ninh,11.3352,106.1099,26.7,85,8.4,80,1011.1,1
2021-10-30,Tay_Ninh,11.3352,106.1099,26.9,84,13.4,86,1011.0,1
2021-10-31,Tay_Ninh,11.3352,106.1099,26.1,90,10.2,80,1011.4,1
2021-11-01,Tay_Ninh,11.3352,106.1099,26.6,88,14.1,91,1010.6,1
2021-11-02,Tay_Ninh,11.3352,106.1099,26.5,83,10.9,95,1010.4,1
2021-11-03,Tay_Ninh,11.3352,106.1099,27.2,80,9.4,94,1009.5,1
2021-11-04,Tay_Ninh,11.3352,106.1099,26.9,84,8.7,93,1009.4,1
2021-11-05,Tay_Ninh,11.3352,106.1099,26.9,85,15.4,75,1008.2,1
2021-11-06,Tay_Ninh,11.3352,106.1099,26.7,86,11.9,91,1006.7,1
2021-11-07,Tay_Ninh,11.3352,106.1099,27.2,85,12.2,73,1006.7,1
2021-11-08,Tay_Ninh,11.3352,106.1099,26.6,88,14.8,77,1007.9,1
2021-11-09,Tay_Ninh,11.3352,106.1099,26.2,88,13.0,92,1008.9,1
2021-11-10,Tay_Ninh,11.3352,106.1099,27.4,73,17.3,92,1008.7,1
2021-11-11,Tay_Ninh,11.3352,106.1099,25.7,87,13.8,98,1008.9,1
2021-11-12,Tay_Ninh,11.3352,106.1099,26.0,86,11.8,92,1009.4,1
2021-11-13,Tay_Ninh,11.3352,106.1099,25.9,88,12.0,93,1009.3,1
2021-11-14,Tay_Ninh,11.3352,106.1099,25.7,91,11.4,100,1009.6,1
2021-11-15,Tay_Ninh,11.3352,106.1099,25.6,91,13.2,86,1008.4,1
2021-11-16,Tay_Ninh,11.3352,106.1099,25.6,90,11.2,100,1008.3,1
2021-11-17,Tay_Ninh,11.3352,106.1099,26.4,88,8.1,93,1008.7,1
2021-11-18,Tay_Ninh,11.3352,106.1099,25.8,90,10.2,80,1007.9,1
2021-11-19,Tay_Ninh,11.3352,106.1099,26.5,84,8.1,82,1007.0,1
2021-11-20,Tay_Ninh,11.3352,106.1099,26.3,89,12.3,81,1006.8,1
2021-11-21,Tay_Ninh,11.3352,106.1099,26.7,86,9.4,79,1007.7,1
2021-11-22,Tay_Ninh,11.3352,106.1099,25.7,92,10.8,86,1008.9,1
2021-11-23,Tay_Ninh,11.3352,106.1099,26.2,86,15.0,71,1008.6,1
2021-11-24,Tay_Ninh,11.3352,106.1099,26.9,79,17.6,87,1009.3,1
2021-11-25,Tay_Ninh,11.3352,106.1099,26.5,78,13.8,91,1009.5,0
2021-11-26,Tay_Ninh,11.3352,106.1099,26.2,74,15.4,94,1009.1,1
2021-11-27,Tay_Ninh,11.3352,106.1099,24.8,76,19.7,100,1009.3,1
2021-11-28,Tay_Ninh,11.3352,106.1099,25.1,85,21.1,97,1008.2,1
2021-11-29,Tay_Ninh,11.3352,106.1099,24.8,93,14.6,100,1007.8,1
2021-11-30,Tay_Ninh,11.3352,106.1099,24.7,92,14.9,97,1008.9,1
2021-12-01,Tay_Ninh,11.3352,106.1099,25.3,77,16.3,73,1010.2,0
2021-12-02,Tay_Ninh,11.3352,106.1099,25.2,69,16.4,63,1011.1,0
2021-12-03,Tay_Ninh,11.3352,106.1099,24.2,68,14.5,91,1012.6,0
2021-12-04,Tay_Ninh,11.3352,106.1099,22.9,66,13.1,99,1012.8,0
2021-12-05,Tay_Ninh,11.3352,106.1099,23.3,70,16.0,74,1011.7,0
2021-12-06,Tay_Ninh,11.3352,106.1099,25.0,72,16.0,58,1011.1,0
2021-12-07,Tay_Ninh,11.3352,106.1099,24.7,72,14.5,89,1011.6,0
2021-12-08,Tay_Ninh,11.3352,106.1099,24.9,73,11.0,52,1011.8,0
2021-12-09,Tay_Ninh,11.3352,106.1099,26.4,71,15.8,54,1011.8,0
2021-12-10,Tay_Ninh,11.3352,106.1099,25.1,69,14.8,76,1011.7,0
2021-12-11,Tay_Ninh,11.3352,106.1099,24.6,71,11.5,84,1011.9,0
2021-12-12,Tay_Ninh,11.3352,106.1099,25.9,69,14.3,77,1011.0,0
2021-12-13,Tay_Ninh,11.3352,106.1099,26.5,62,20.5,79,1010.6,0
2021-12-14,Tay_Ninh,11.3352,106.1099,26.8,66,15.8,59,1009.2,0
2021-12-15,Tay_Ninh,11.3352,106.1099,27.2,69,10.2,60,1008.6,0
2021-12-16,Tay_Ninh,11.3352,106.1099,27.6,79,10.9,21,1008.9,0
2021-12-17,Tay_Ninh,11.3352,106.1099,27.7,71,11.7,95,1009.0,1
2021-12-18,Tay_Ninh,11.3352,106.1099,27.3,60,19.5,86,1009.3,0
2021-12-19,Tay_Ninh,11.3352,106.1099,26.2,56,19.1,100,1009.7,0
2021-12-20,Tay_Ninh,11.3352,106.1099,24.9,69,11.6,92,1011.1,0
2021-12-21,Tay_Ninh,11.3352,106.1099,26.5,70,10.5,44,1011.3,0
2021-12-22,Tay_Ninh,11.3352,106.1099,25.8,82,11.5,89,1010.7,1
2021-12-23,Tay_Ninh,11.3352,106.1099,25.0,87,8.8,79,1010.7,1
2021-12-24,Tay_Ninh,11.3352,106.1099,25.4,86,13.7,63,1010.6,1
2021-12-25,Tay_Ninh,11.3352,106.1099,25.5,87,6.0,38,1011.1,1
2021-12-26,Tay_Ninh,11.3352,106.1099,26.1,82,7.3,34,1012.0,1
2021-12-27,Tay_Ninh,11.3352,106.1099,25.7,84,12.1,53,1012.5,1
2021-12-28,Tay_Ninh,11.3352,106.1099,25.5,85,11.3,66,1012.2,1
2021-12-29,Tay_Ninh,11.3352,106.1099,26.7,70,17.1,69,1011.9,1
2021-12-30,Tay_Ninh,11.3352,106.1099,26.9,61,19.6,61,1012.8,0
2021-12-31,Tay_Ninh,11.3352,106.1099,26.2,62,18.0,69,1012.9,0
2022-01-01,Tay_Ninh,11.3352,106.1099,26.3,63,17.3,26,1012.5,0
2022-01-02,Tay_Ninh,11.3352,106.1099,26.8,63,14.9,60,1011.8,0
2022-01-03,Tay_Ninh,11.3352,106.1099,26.6,65,12.6,79,1011.0,0
2022-01-04,Tay_Ninh,11.3352,106.1099,26.6,68,7.9,53,1010.9,0
2022-01-05,Tay_Ninh,11.3352,106.1099,26.4,77,9.3,60,1010.7,1
2022-01-06,Tay_Ninh,11.3352,106.1099,26.7,77,13.0,73,1011.1,1
2022-01-07,Tay_Ninh,11.3352,106.1099,26.8,74,13.4,12,1011.8,0
2022-01-08,Tay_Ninh,11.3352,106.1099,26.5,73,10.1,23,1011.5,0
2022-01-09,Tay_Ninh,11.3352,106.1099,25.9,76,8.9,21,1010.7,0
2022-01-10,Tay_Ninh,11.3352,106.1099,26.6,77,13.7,25,1011.2,1
2022-01-11,Tay_Ninh,11.3352,106.1099,26.7,70,15.5,40,1012.1,1
2022-01-12,Tay_Ninh,11.3352,106.1099,25.6,68,10.6,51,1012.6,0
2022-01-13,Tay_Ninh,11.3352,106.1099,25.6,67,10.2,79,1012.5,0
2022-01-14,Tay_Ninh,11.3352,106.1099,25.4,59,12.5,66,1012.6,0
2022-01-15,Tay_Ninh,11.3352,106.1099,25.4,67,13.7,49,1012.0,0
2022-01-16,Tay_Ninh,11.3352,106.1099,25.9,67,14.3,31,1011.8,0
2022-01-17,Tay_Ninh,11.3352,106.1099,26.7,67,10.1,56,1011.6,1
2022-01-18,Tay_Ninh,11.3352,106.1099,27.1,62,10.2,42,1010.9,0
2022-01-19,Tay_Ninh,11.3352,106.1099,26.9,61,12.8,65,1009.9,0
2022-01-20,Tay_Ninh,11.3352,106.1099,27.0,62,13.7,17,1009.4,0
2022-01-21,Tay_Ninh,11.3352,106.1099,27.2,67,12.7,26,1009.8,0
2022-01-22,Tay_Ninh,11.3352,106.1099,27.6,66,14.2,34,1008.9,0
2022-01-23,Tay_Ninh,11.3352,106.1099,27.0,71,13.0,40,1009.1,1
2022-01-24,Tay_Ninh,11.3352,106.1099,27.4,69,13.8,73,1009.1,1
2022-01-25,Tay_Ninh,11.3352,106.1099,27.5,73,13.2,58,1009.3,1
2022-01-26,Tay_Ninh,11.3352,106.1099,28.1,67,13.6,30,1009.4,1
2022-01-27,Tay_Ninh,11.3352,106.1099,27.8,67,11.2,52,1008.9,0
2022-01-28,Tay_Ninh,11.3352,106.1099,27.7,67,11.7,65,1009.4,1
2022-01-29,Tay_Ninh,11.3352,106.1099,27.9,69,10.8,35,1008.9,1
2022-01-30,Tay_Ninh,11.3352,106.1099,28.1,70,14.5,62,1009.3,1
2022-01-31,Tay_Ninh,11.3352,106.1099,27.9,67,13.9,24,1009.4,1
2022-02-01,Tay_Ninh,11.3352,106.1099,28.1,64,18.5,26,1009.4,0
2022-02-02,Tay_Ninh,11.3352,106.1099,28.1,61,12.9,30,1010.3,0
2022-02-03,Tay_Ninh,11.3352,106.1099,28.6,63,14.8,43,1009.8,1
2022-02-04,Tay_Ninh,11.3352,106.1099,29.1,61,13.8,70,1009.3,1
2022-02-05,Tay_Ninh,11.3352,106.1099,29.0,54,16.1,66,1009.7,0
2022-02-06,Tay_Ninh,11.3352,106.1099,28.6,53,12.8,98,1010.4,1
2022-02-07,Tay_Ninh,11.3352,106.1099,29.1,59,14.1,52,1009.9,0
2022-02-08,Tay_Ninh,11.3352,106.1099,28.7,63,17.2,52,1009.7,1
2022-02-09,Tay_Ninh,11.3352,106.1099,29.2,60,10.5,91,1009.6,1
2022-02-10,Tay_Ninh,11.3352,106.1099,29.2,62,13.9,82,1009.0,0
2022-02-11,Tay_Ninh,11.3352,106.1099,28.9,63,12.8,96,1008.2,0
2022-02-12,Tay_Ninh,11.3352,106.1099,28.5,63,10.7,100,1007.6,1
2022-02-13,Tay_Ninh,11.3352,106.1099,27.4,74,11.9,56,1006.7,1
2022-02-14,Tay_Ninh,11.3352,106.1099,28.2,73,14.3,36,1007.3,1
2022-02-15,Tay_Ninh,11.3352,106.1099,27.5,76,16.7,34,1008.0,1
2022-02-16,Tay_Ninh,11.3352,106.1099,28.2,71,15.4,35,1007.3,1
2022-02-17,Tay_Ninh,11.3352,106.1099,28.1,68,17.6,35,1007.2,0
2022-02-18,Tay_Ninh,11.3352,106.1099,28.6,69,17.3,39,1008.0,1
2022-02-19,Tay_Ninh,11.3352,106.1099,28.7,69,15.6,61,1009.3,1
2022-02-20,Tay_Ninh,11.3352,106.1099,28.5,69,16.4,98,1009.0,1
2022-02-21,Tay_Ninh,11.3352,106.1099,26.8,78,11.0,79,1010.3,1
2022-02-22,Tay_Ninh,11.3352,106.1099,27.0,74,14.8,47,1011.1,1
2022-02-23,Tay_Ninh,11.3352,106.1099,27.3,72,13.7,79,1011.8,0
2022-02-24,Tay_Ninh,11.3352,106.1099,27.9,55,19.5,81,1012.4,0
2022-02-25,Tay_Ninh,11.3352,106.1099,28.2,50,23.0,94,1012.1,1
2022-02-26,Tay_Ninh,11.3352,106.1099,28.6,55,15.4,82,1011.4,1
2022-02-27,Tay_Ninh,11.3352,106.1099,29.2,56,15.1,63,1010.8,1
2022-02-28,Tay_Ninh,11.3352,106.1099,29.6,58,13.4,31,1010.3,0
2022-03-01,Tay_Ninh,11.3352,106.1099,29.2,61,12.7,31,1010.2,1
2022-03-02,Tay_Ninh,11.3352,106.1099,29.4,56,13.5,68,1009.8,1
2022-03-03,Tay_Ninh,11.3352,106.1099,29.6,61,17.1,50,1009.4,1
2022-03-04,Tay_Ninh,11.3352,106.1099,29.9,56,18.8,64,1008.6,0
2022-03-05,Tay_Ninh,11.3352,106.1099,28.8,68,21.1,77,1008.5,1
2022-03-06,Tay_Ninh,11.3352,106.1099,29.0,66,17.7,56,1008.5,0
2022-03-07,Tay_Ninh,11.3352,106.1099,29.6,63,17.1,99,1008.9,0
2022-03-08,Tay_Ninh,11.3352,106.1099,29.1,57,19.1,41,1008.6,0
2022-03-09,Tay_Ninh,11.3352,106.1099,29.0,65,14.2,76,1008.1,1
2022-03-10,Tay_Ninh,11.3352,106.1099,28.6,63,16.1,78,1007.6,0
2022-03-11,Tay_Ninh,11.3352,106.1099,28.7,63,17.0,22,1006.7,0
2022-03-12,Tay_Ninh,11.3352,106.1099,29.1,62,13.2,82,1006.3,0
2022-03-13,Tay_Ninh,11.3352,106.1099,29.4,66,17.1,84,1006.4,1
2022-03-14,Tay_Ninh,11.3352,106.1099,29.8,66,18.2,56,1007.0,1
2022-03-15,Tay_Ninh,11.3352,106.1099,29.6,67,16.8,62,1006.3,1
2022-03-16,Tay_Ninh,11.3352,106.1099,29.3,67,13.8,93,1006.5,1
2022-03-17,Tay_Ninh,11.3352,106.1099,29.4,65,8.5,58,1006.4,1
2022-03-18,Tay_Ninh,11.3352,106.1099,28.6,74,21.7,79,1006.7,1
2022-03-19,Tay_Ninh,11.3352,106.1099,27.7,79,13.2,100,1006.2,1
2022-03-20,Tay_Ninh,11.3352,106.1099,28.1,77,15.6,84,1007.3,1
2022-03-21,Tay_Ninh,11.3352,106.1099,27.9,77,15.0,94,1008.8,1
2022-03-22,Tay_Ninh,11.3352,106.1099,26.9,82,13.7,98,1009.7,1
2022-03-23,Tay_Ninh,11.3352,106.1099,27.2,82,12.9,64,1009.0,1
2022-03-24,Tay_Ninh,11.3352,106.1099,28.0,79,11.6,73,1008.5,1
2022-03-25,Tay_Ninh,11.3352,106.1099,29.2,71,12.2,23,1009.2,1
2022-03-26,Tay_Ninh,11.3352,106.1099,29.1,72,13.0,12,1009.7,1
2022-03-27,Tay_Ninh,11.3352,106.1099,28.1,76,12.0,48,1009.7,1
2022-03-28,Tay_Ninh,11.3352,106.1099,27.1,82,10.7,69,1009.5,1
2022-03-29,Tay_Ninh,11.3352,106.1099,26.6,84,14.8,72,1009.1,1
2022-03-30,Tay_Ninh,11.3352,106.1099,27.7,77,14.4,79,1007.8,1
2022-03-31,Tay_Ninh,11.3352,106.1099,26.9,84,12.2,98,1007.6,1
2022-04-01,Tay_Ninh,11.3352,106.1099,25.3,89,12.9,100,1009.0,1
2022-04-02,Tay_Ninh,11.3352,106.1099,26.2,86,13.2,95,1010.1,1
2022-04-03,Tay_Ninh,11.3352,106.1099,26.5,76,14.6,64,1010.3,1
2022-04-04,Tay_Ninh,11.3352,106.1099,26.2,78,13.5,95,1011.3,1
2022-04-05,Tay_Ninh,11.3352,106.1099,26.5,78,12.0,85,1011.3,1
2022-04-06,Tay_Ninh,11.3352,106.1099,27.4,77,12.5,92,1010.2,0
2022-04-07,Tay_Ninh,11.3352,106.1099,27.7,74,12.6,99,1009.2,0
2022-04-08,Tay_Ninh,11.3352,106.1099,27.7,69,13.9,83,1009.0,1
2022-04-09,Tay_Ninh,11.3352,106.1099,27.3,77,11.5,87,1008.3,1
2022-04-10,Tay_Ninh,11.3352,106.1099,27.3,79,14.1,71,1008.2,1
2022-04-11,Tay_Ninh,11.3352,106.1099,26.9,79,14.0,66,1008.0,1
2022-04-12,Tay_Ninh,11.3352,106.1099,27.6,79,9.9,64,1007.1,1
2022-04-13,Tay_Ninh,11.3352,106.1099,28.7,76,10.1,27,1005.7,1
2022-04-14,Tay_Ninh,11.3352,106.1099,28.5,79,16.0,74,1006.0,1
2022-04-15,Tay_Ninh,11.3352,106.1099,27.2,85,13.3,99,1006.8,1
2022-04-16,Tay_Ninh,11.3352,106.1099,26.8,86,13.6,88,1007.1,1
2022-04-17,Tay_Ninh,11.3352,106.1099,28.0,77,13.5,59,1007.5,1
2022-04-18,Tay_Ninh,11.3352,106.1099,28.3,75,15.5,81,1008.5,1
2022-04-19,Tay_Ninh,11.3352,106.1099,28.4,70,13.0,92,1008.9,1
2022-04-20,Tay_Ninh,11.3352,106.1099,27.5,82,16.3,66,1008.7,1
2022-04-21,Tay_Ninh,11.3352,106.1099,27.8,79,14.5,57,1008.4,1
2022-04-22,Tay_Ninh,11.3352,106.1099,28.6,75,8.3,65,1008.7,1
2022-04-23,Tay_Ninh,11.3352,106.1099,28.2,79,11.0,57,1007.9,1
2022-04-24,Tay_Ninh,11.3352,106.1099,27.9,83,8.9,81,1006.8,1
2022-04-25,Tay_Ninh,11.3352,106.1099,28.6,80,11.8,88,1006.6,1
2022-04-26,Tay_Ninh,11.3352,106.1099,28.6,77,18.1,97,1006.8,1
2022-04-27,Tay_Ninh,11.3352,106.1099,29.6,72,14.3,57,1006.0,0
2022-04-28,Tay_Ninh,11.3352,106.1099,28.5,80,19.6,83,1006.6,1
2022-04-29,Tay_Ninh,11.3352,106.1099,25.8,89,14.0,99,1007.3,1
2022-04-30,Tay_Ninh,11.3352,106.1099,26.0,89,12.8,100,1005.9,1
2022-05-01,Tay_Ninh,11.3352,106.1099,26.5,87,13.0,100,1005.7,1
2022-05-02,Tay_Ninh,11.3352,106.1099,26.2,89,11.9,100,1006.7,1
2022-05-03,Tay_Ninh,11.3352,106.1099,25.6,91,11.6,97,1008.7,1
2022-05-04,Tay_Ninh,11.3352,106.1099,26.4,86,16.0,92,1008.3,1
2022-05-05,Tay_Ninh,11.3352,106.1099,26.8,86,9.9,98,1006.8,1
2022-05-06,Tay_Ninh,11.3352,106.1099,27.4,85,16.5,96,1006.6,1
2022-05-07,Tay_Ninh,11.3352,106.1099,27.2,85,13.8,97,1006.7,1
2022-05-08,Tay_Ninh,11.3352,106.1099,26.2,91,15.9,100,1007.1,1
2022-05-09,Tay_Ninh,11.3352,106.1099,27.2,87,12.9,99,1007.4,1
2022-05-10,Tay_Ninh,11.3352,106.1099,27.5,87,8.7,97,1007.5,1
2022-05-11,Tay_Ninh,11.3352,106.1099,27.8,87,12.6,93,1007.3,1
2022-05-12,Tay_Ninh,11.3352,106.1099,27.0,89,12.9,100,1007.3,1
2022-05-13,Tay_Ninh,11.3352,106.1099,28.1,85,14.1,100,1006.6,1
2022-05-14,Tay_Ninh,11.3352,106.1099,28.3,85,10.0,82,1007.2,1
2022-05-15,Tay_Ninh,11.3352,106.1099,28.4,84,14.8,88,1007.9,1
2022-05-16,Tay_Ninh,11.3352,106.1099,26.3,90,13.9,96,1008.3,1
2022-05-17,Tay_Ninh,11.3352,106.1099,26.0,92,14.1,100,1008.3,1
2022-05-18,Tay_Ninh,11.3352,106.1099,25.9,91,9.7,100,1009.2,1
2022-05-19,Tay_Ninh,11.3352,106.1099,25.9,91,9.9,100,1009.5,1
2022-05-20,Tay_Ninh,11.3352,106.1099,27.2,87,17.4,99,1007.6,1
2022-05-21,Tay_Ninh,11.3352,106.1099,27.0,88,16.8,99,1005.8,1
2022-05-22,Tay_Ninh,11.3352,106.1099,26.3,91,19.9,100,1004.3,1
2022-05-23,Tay_Ninh,11.3352,106.1099,26.4,89,19.6,100,1004.9,1
2022-05-24,Tay_Ninh,11.3352,106.1099,27.8,85,12.8,92,1007.4,1
2022-05-25,Tay_Ninh,11.3352,106.1099,27.6,86,11.6,99,1007.7,1
2022-05-26,Tay_Ninh,11.3352,106.1099,27.2,86,16.5,100,1006.1,1
2022-05-27,Tay_Ninh,11.3352,106.1099,26.5,91,11.8,99,1004.8,1
2022-05-28,Tay_Ninh,11.3352,106.1099,26.1,90,15.9,100,1005.0,1
2022-05-29,Tay_Ninh,11.3352,106.1099,26.4,88,17.7,96,1005.4,1
2022-05-30,Tay_Ninh,11.3352,106.1099,26.6,88,15.7,85,1005.4,1
2022-05-31,Tay_Ninh,11.3352,106.1099,27.4,86,11.8,89,1005.2,1
2022-06-01,Tay_Ninh,11.3352,106.1099,26.3,90,15.1,100,1006.1,1
2022-06-02,Tay_Ninh,11.3352,106.1099,26.3,90,17.6,98,1006.9,1
2022-06-03,Tay_Ninh,11.3352,106.1099,25.9,90,17.5,100,1007.5,1
2022-06-04,Tay_Ninh,11.3352,106.1099,25.8,91,15.8,97,1008.4,1
2022-06-05,Tay_Ninh,11.3352,106.1099,27.2,83,13.0,51,1007.0,0
2022-06-06,Tay_Ninh,11.3352,106.1099,27.0,86,10.8,67,1006.3,1
2022-06-07,Tay_Ninh,11.3352,106.1099,26.7,89,11.8,100,1006.5,1
2022-06-08,Tay_Ninh,11.3352,106.1099,27.2,86,9.0,100,1006.9,1
2022-06-09,Tay_Ninh,11.3352,106.1099,28.1,84,11.3,92,1006.3,1
2022-06-10,Tay_Ninh,11.3352,106.1099,27.0,88,14.1,100,1007.0,1
2022-06-11,Tay_Ninh,11.3352,106.1099,27.4,84,14.2,94,1007.2,1
2022-06-12,Tay_Ninh,11.3352,106.1099,26.4,88,11.6,99,1007.8,1
2022-06-13,Tay_Ninh,11.3352,106.1099,27.1,88,10.7,97,1007.5,1
2022-06-14,Tay_Ninh,11.3352,106.1099,27.8,86,11.0,96,1007.3,1
2022-06-15,Tay_Ninh,11.3352,106.1099,27.2,85,10.0,100,1008.2,1
2022-06-16,Tay_Ninh,11.3352,106.1099,27.4,86,9.7,100,1008.8,1
2022-06-17,Tay_Ninh,11.3352,106.1099,27.1,86,16.8,97,1008.5,1
2022-06-18,Tay_Ninh,11.3352,106.1099,27.3,83,18.9,67,1008.1,1
2022-06-19,Tay_Ninh,11.3352,106.1099,26.7,87,15.3,87,1007.2,1
2022-06-20,Tay_Ninh,11.3352,106.1099,27.0,87,10.1,74,1005.6,1
2022-06-21,Tay_Ninh,11.3352,106.1099,26.1,89,15.0,99,1005.7,1
2022-06-22,Tay_Ninh,11.3352,106.1099,26.0,91,11.9,98,1007.9,1
2022-06-23,Tay_Ninh,11.3352,106.1099,26.3,90,10.2,87,1008.1,1
2022-06-24,Tay_Ninh,11.3352,106.1099,26.5,89,11.8,74,1007.3,1
2022-06-25,Tay_Ninh,11.3352,106.1099,26.4,88,14.9,94,1006.3,1
2022-06-26,Tay_Ninh,11.3352,106.1099,26.8,86,12.6,93,1007.5,1
2022-06-27,Tay_Ninh,11.3352,106.1099,27.4,84,11.2,67,1007.6,1
2022-06-28,Tay_Ninh,11.3352,106.1099,26.9,88,11.0,96,1006.2,1
2022-06-29,Tay_Ninh,11.3352,106.1099,27.6,85,21.2,99,1003.6,1
2022-06-30,Tay_Ninh,11.3352,106.1099,27.1,88,13.8,100,1003.1,1
2022-07-01,Tay_Ninh,11.3352,106.1099,27.1,86,13.1,100,1003.7,1
2022-07-02,Tay_Ninh,11.3352,106.1099,26.6,88,15.9,100,1004.3,1
2022-07-03,Tay_Ninh,11.3352,106.1099,26.7,89,14.3,99,1005.3,1
2022-07-04,Tay_Ninh,11.3352,106.1099,27.0,88,17.2,99,1005.3,1
2022-07-05,Tay_Ninh,11.3352,106.1099,27.0,86,15.3,98,1005.8,1
2022-07-06,Tay_Ninh,11.3352,106.1099,27.0,88,17.9,100,1006.7,1
2022-07-07,Tay_Ninh,11.3352,106.1099,27.3,85,14.8,100,1006.6,1
2022-07-08,Tay_Ninh,11.3352,106.1099,26.5,90,13.2,100,1006.1,1
2022-07-09,Tay_Ninh,11.3352,106.1099,26.3,90,16.9,100,1005.1,1
2022-07-10,Tay_Ninh,11.3352,106.1099,26.2,88,16.9,100,1005.1,1
2022-07-11,Tay_Ninh,11.3352,106.1099,25.8,89,14.0,100,1005.4,1
2022-07-12,Tay_Ninh,11.3352,106.1099,25.9,90,13.5,99,1004.2,1
2022-07-13,Tay_Ninh,11.3352,106.1099,26.0,88,23.4,100,1003.6,1
2022-07-14,Tay_Ninh,11.3352,106.1099,26.6,85,20.5,98,1004.1,1
2022-07-15,Tay_Ninh,11.3352,106.1099,26.3,89,12.2,92,1005.4,1
2022-07-16,Tay_Ninh,11.3352,106.1099,26.5,89,21.0,80,1006.5,1
2022-07-17,Tay_Ninh,11.3352,106.1099,26.3,89,15.2,90,1007.7,1
2022-07-18,Tay_Ninh,11.3352,106.1099,27.1,85,13.4,57,1006.4,1
2022-07-19,Tay_Ninh,11.3352,106.1099,26.7,89,13.5,94,1005.3,1
2022-07-20,Tay_Ninh,11.3352,106.1099,25.8,92,13.3,100,1006.0,1
2022-07-21,Tay_Ninh,11.3352,106.1099,25.2,93,17.1,100,1008.6,1
2022-07-22,Tay_Ninh,11.3352,106.1099,27.3,83,11.2,85,1009.0,1
2022-07-23,Tay_Ninh,11.3352,106.1099,26.6,87,10.6,98,1008.3,1
2022-07-24,Tay_Ninh,11.3352,106.1099,27.6,82,7.7,66,1006.7,1
2022-07-25,Tay_Ninh,11.3352,106.1099,27.0,85,14.0,58,1007.2,1
2022-07-26,Tay_Ninh,11.3352,106.1099,26.6,88,12.1,93,1007.5,1
2022-07-27,Tay_Ninh,11.3352,106.1099,26.4,87,11.6,99,1007.1,1
2022-07-28,Tay_Ninh,11.3352,106.1099,26.7,88,14.8,62,1006.9,1
2022-07-29,Tay_Ninh,11.3352,106.1099,27.5,84,10.3,56,1006.1,1
2022-07-30,Tay_Ninh,11.3352,106.1099,27.3,86,16.1,90,1005.7,1
2022-07-31,Tay_Ninh,11.3352,106.1099,27.1,87,10.1,98,1004.8,1
2022-08-01,Tay_Ninh,11.3352,106.1099,26.1,90,10.0,100,1005.7,1
2022-08-02,Tay_Ninh,11.3352,106.1099,26.5,89,9.4,97,1006.5,1
2022-08-03,Tay_Ninh,11.3352,106.1099,26.4,89,13.3,90,1007.8,1
2022-08-04,Tay_Ninh,11.3352,106.1099,26.6,89,11.0,100,1007.4,1
2022-08-05,Tay_Ninh,11.3352,106.1099,26.5,88,20.1,100,1006.9,1
2022-08-06,Tay_Ninh,11.3352,106.1099,25.6,89,13.0,100,1006.3,1
2022-08-07,Tay_Ninh,11.3352,106.1099,25.7,90,18.0,100,1006.0,1
2022-08-08,Tay_Ninh,11.3352,106.1099,24.6,92,12.3,100,1006.4,1
2022-08-09,Tay_Ninh,11.3352,106.1099,26.0,85,21.3,98,1005.7,1
2022-08-10,Tay_Ninh,11.3352,106.1099,26.5,85,20.5,97,1005.2,1
2022-08-11,Tay_Ninh,11.3352,106.1099,25.7,90,22.3,100,1006.5,1
2022-08-12,Tay_Ninh,11.3352,106.1099,26.3,89,12.9,89,1007.5,1
2022-08-13,Tay_Ninh,11.3352,106.1099,27.9,78,9.2,51,1007.5,0
2022-08-14,Tay_Ninh,11.3352,106.1099,27.4,85,12.0,67,1007.4,1
2022-08-15,Tay_Ninh,11.3352,106.1099,26.4,90,7.8,100,1007.0,1
2022-08-16,Tay_Ninh,11.3352,106.1099,26.2,89,16.1,99,1006.9,1
2022-08-17,Tay_Ninh,11.3352,106.1099,26.6,87,14.3,99,1007.2,1
2022-08-18,Tay_Ninh,11.3352,106.1099,27.0,86,13.7,62,1006.8,1
2022-08-19,Tay_Ninh,11.3352,106.1099,26.8,87,15.5,96,1006.2,1
2022-08-20,Tay_Ninh,11.3352,106.1099,26.5,89,13.4,99,1005.7,1
2022-08-21,Tay_Ninh,11.3352,106.1099,26.4,88,18.7,91,1005.9,1
2022-08-22,Tay_Ninh,11.3352,106.1099,26.7,87,11.9,98,1006.9,1
2022-08-23,Tay_Ninh,11.3352,106.1099,26.6,90,14.3,100,1006.9,1
2022-08-24,Tay_Ninh,11.3352,106.1099,26.8,89,10.5,94,1005.7,1
2022-08-25,Tay_Ninh,11.3352,106.1099,26.2,89,16.4,100,1005.6,1
2022-08-26,Tay_Ninh,11.3352,106.1099,25.5,93,16.6,100,1007.9,1
2022-08-27,Tay_Ninh,11.3352,106.1099,26.7,88,12.7,87,1007.9,1
2022-08-28,Tay_Ninh,11.3352,106.1099,26.2,88,14.8,96,1007.0,1
2022-08-29,Tay_Ninh,11.3352,106.1099,26.5,87,15.5,96,1007.6,1
2022-08-30,Tay_Ninh,11.3352,106.1099,26.7,88,9.4,70,1007.9,1
2022-08-31,Tay_Ninh,11.3352,106.1099,26.6,87,9.8,100,1007.3,1
2022-09-01,Tay_Ninh,11.3352,106.1099,27.0,86,9.4,61,1007.1,1
2022-09-02,Tay_Ninh,11.3352,106.1099,26.4,90,15.5,76,1007.4,1
2022-09-03,Tay_Ninh,11.3352,106.1099,26.6,89,10.0,100,1006.8,1
2022-09-04,Tay_Ninh,11.3352,106.1099,26.1,89,14.0,97,1007.6,1
2022-09-05,Tay_Ninh,11.3352,106.1099,26.1,90,21.9,100,1008.0,1
2022-09-06,Tay_Ninh,11.3352,106.1099,26.3,89,14.4,100,1007.5,1
2022-09-07,Tay_Ninh,11.3352,106.1099,24.8,95,14.1,100,1007.9,1
2022-09-08,Tay_Ninh,11.3352,106.1099,26.6,83,16.5,99,1008.9,1
2022-09-09,Tay_Ninh,11.3352,106.1099,26.5,85,13.7,96,1009.2,1
2022-09-10,Tay_Ninh,11.3352,106.1099,26.0,88,12.5,93,1009.0,1
2022-09-11,Tay_Ninh,11.3352,106.1099,25.9,88,10.5,99,1008.3,1
2022-09-12,Tay_Ninh,11.3352,106.1099,25.6,91,12.1,100,1007.8,1
2022-09-13,Tay_Ninh,11.3352,106.1099,26.6,88,14.4,98,1008.5,1
2022-09-14,Tay_Ninh,11.3352,106.1099,26.2,88,21.4,92,1009.4,1
2022-09-15,Tay_Ninh,11.3352,106.1099,25.8,90,15.5,99,1008.8,1
2022-09-16,Tay_Ninh,11.3352,106.1099,26.2,89,20.0,95,1006.6,1
2022-09-17,Tay_Ninh,11.3352,106.1099,26.3,88,13.1,96,1007.0,1
2022-09-18,Tay_Ninh,11.3352,106.1099,26.1,89,15.4,94,1007.9,1
2022-09-19,Tay_Ninh,11.3352,106.1099,25.8,90,13.8,98,1007.9,1
2022-09-20,Tay_Ninh,11.3352,106.1099,25.9,89,16.0,100,1006.9,1
2022-09-21,Tay_Ninh,11.3352,106.1099,25.4,90,13.3,99,1006.3,1
2022-09-22,Tay_Ninh,11.3352,106.1099,25.6,90,18.2,100,1006.7,1
2022-09-23,Tay_Ninh,11.3352,106.1099,26.2,88,14.0,96,1007.4,1
2022-09-24,Tay_Ninh,11.3352,106.1099,26.2,89,12.2,92,1006.8,1
2022-09-25,Tay_Ninh,11.3352,106.1099,26.0,90,10.4,94,1007.3,1
2022-09-26,Tay_Ninh,11.3352,106.1099,25.4,92,10.3,100,1007.4,1
2022-09-27,Tay_Ninh,11.3352,106.1099,24.9,92,13.4,100,1005.3,1
2022-09-28,Tay_Ninh,11.3352,106.1099,25.6,89,23.3,100,1002.3,1
2022-09-29,Tay_Ninh,11.3352,106.1099,25.9,89,17.9,100,1004.3,1
2022-09-30,Tay_Ninh,11.3352,106.1099,25.9,89,19.6,100,1007.4,1
2022-10-01,Tay_Ninh,11.3352,106.1099,25.7,92,14.1,94,1008.0,1
2022-10-02,Tay_Ninh,11.3352,106.1099,25.8,90,10.4,100,1007.7,1
2022-10-03,Tay_Ninh,11.3352,106.1099,25.8,90,14.8,100,1007.8,1
2022-10-04,Tay_Ninh,11.3352,106.1099,26.6,88,7.2,97,1008.7,1
2022-10-05,Tay_Ninh,11.3352,106.1099,26.0,91,16.3,92,1009.3,1
2022-10-06,Tay_Ninh,11.3352,106.1099,26.1,90,14.1,100,1009.6,1
2022-10-07,Tay_Ninh,11.3352,106.1099,26.4,87,12.1,60,1009.0,1
2022-10-08,Tay_Ninh,11.3352,106.1099,25.3,91,9.3,100,1009.8,1
2022-10-09,Tay_Ninh,11.3352,106.1099,25.7,89,9.5,100,1010.1,1
2022-10-10,Tay_Ninh,11.3352,106.1099,25.7,88,8.9,100,1010.7,1
2022-10-11,Tay_Ninh,11.3352,106.1099,25.4,90,12.1,90,1010.1,1
2022-10-12,Tay_Ninh,11.3352,106.1099,27.0,79,16.1,90,1008.8,1
2022-10-13,Tay_Ninh,11.3352,106.1099,26.7,80,12.4,100,1007.5,1
2022-10-14,Tay_Ninh,11.3352,106.1099,25.5,86,16.3,100,1006.0,1
2022-10-15,Tay_Ninh,11.3352,106.1099,24.6,80,11.1,91,1006.0,0
2022-10-16,Tay_Ninh,11.3352,106.1099,25.1,80,9.2,72,1008.5,0
2022-10-17,Tay_Ninh,11.3352,106.1099,26.5,80,9.9,91,1008.7,1
2022-10-18,Tay_Ninh,11.3352,106.1099,26.1,85,16.4,79,1008.0,1
2022-10-19,Tay_Ninh,11.3352,106.1099,25.7,89,11.3,85,1008.1,1
2022-10-20,Tay_Ninh,11.3352,106.1099,25.2,91,11.2,87,1009.6,1
2022-10-21,Tay_Ninh,11.3352,106.1099,25.8,88,10.3,93,1010.7,1
2022-10-22,Tay_Ninh,11.3352,106.1099,26.3,87,12.1,90,1010.6,1
2022-10-23,Tay_Ninh,11.3352,106.1099,25.9,89,9.5,99,1010.5,1
2022-10-24,Tay_Ninh,11.3352,106.1099,26.3,90,9.6,96,1009.3,1
2022-10-25,Tay_Ninh,11.3352,106.1099,27.1,86,11.2,98,1009.0,1
2022-10-26,Tay_Ninh,11.3352,106.1099,26.2,88,9.4,96,1008.8,1
2022-10-27,Tay_Ninh,11.3352,106.1099,25.8,91,11.5,100,1008.4,1
2022-10-28,Tay_Ninh,11.3352,106.1099,26.6,83,10.5,98,1006.8,1
2022-10-29,Tay_Ninh,11.3352,106.1099,26.9,72,15.2,98,1006.7,1
2022-10-30,Tay_Ninh,11.3352,106.1099,27.1,72,17.1,77,1006.7,0
2022-10-31,Tay_Ninh,11.3352,106.1099,26.2,78,11.3,96,1007.3,0
2022-11-01,Tay_Ninh,11.3352,106.1099,26.1,78,8.9,100,1008.3,0
2022-11-02,Tay_Ninh,11.3352,106.1099,25.6,80,9.9,85,1008.9,1
2022-11-03,Tay_Ninh,11.3352,106.1099,25.2,86,11.0,96,1009.9,1
2022-11-04,Tay_Ninh,11.3352,106.1099,24.8,92,9.2,98,1011.4,1
2022-11-05,Tay_Ninh,11.3352,106.1099,25.6,87,9.6,86,1012.4,1
2022-11-06,Tay_Ninh,11.3352,106.1099,25.6,86,16.8,100,1011.7,1
2022-11-07,Tay_Ninh,11.3352,106.1099,26.2,84,13.5,88,1010.5,1
2022-11-08,Tay_Ninh,11.3352,106.1099,27.2,79,9.9,96,1009.8,1
2022-11-09,Tay_Ninh,11.3352,106.1099,27.0,76,10.6,98,1009.7,0
2022-11-10,Tay_Ninh,11.3352,106.1099,27.1,79,13.1,87,1009.3,1
2022-11-11,Tay_Ninh,11.3352,106.1099,27.2,82,14.9,90,1009.0,1
2022-11-12,Tay_Ninh,11.3352,106.1099,26.8,82,8.0,87,1008.5,1
2022-11-13,Tay_Ninh,11.3352,106.1099,26.1,88,18.5,84,1008.5,1
2022-11-14,Tay_Ninh,11.3352,106.1099,26.3,88,14.0,66,1008.9,1
2022-11-15,Tay_Ninh,11.3352,106.1099,26.5,86,9.9,77,1008.8,1
2022-11-16,Tay_Ninh,11.3352,106.1099,27.1,84,8.6,73,1007.9,1
2022-11-17,Tay_Ninh,11.3352,106.1099,26.8,87,8.8,65,1007.7,1
2022-11-18,Tay_Ninh,11.3352,106.1099,26.6,86,16.2,74,1008.2,1
2022-11-19,Tay_Ninh,11.3352,106.1099,25.2,88,12.6,100,1007.3,1
2022-11-20,Tay_Ninh,11.3352,106.1099,24.8,91,15.2,100,1005.4,1
2022-11-21,Tay_Ninh,11.3352,106.1099,25.6,88,12.6,96,1004.8,1
2022-11-22,Tay_Ninh,11.3352,106.1099,25.4,92,12.4,98,1005.6,1
2022-11-23,Tay_Ninh,11.3352,106.1099,25.4,91,18.6,98,1007.2,1
2022-11-24,Tay_Ninh,11.3352,106.1099,25.7,89,17.8,96,1008.9,1
2022-11-25,Tay_Ninh,11.3352,106.1099,25.8,88,12.0,55,1010.2,1
2022-11-26,Tay_Ninh,11.3352,106.1099,25.7,89,12.9,81,1009.7,1
2022-11-27,Tay_Ninh,11.3352,106.1099,26.1,87,10.6,69,1008.6,1
2022-11-28,Tay_Ninh,11.3352,106.1099,26.5,85,11.8,47,1008.9,1
2022-11-29,Tay_Ninh,11.3352,106.1099,26.7,86,6.2,33,1009.2,1
2022-11-30,Tay_Ninh,11.3352,106.1099,26.7,82,7.1,54,1009.0,0
2022-12-01,Tay_Ninh,11.3352,106.1099,27.2,81,11.5,91,1008.2,0
2022-12-02,Tay_Ninh,11.3352,106.1099,27.1,78,12.2,83,1007.3,1
2022-12-03,Tay_Ninh,11.3352,106.1099,26.0,83,13.4,99,1007.9,1
2022-12-04,Tay_Ninh,11.3352,106.1099,26.6,83,9.8,98,1008.6,1
2022-12-05,Tay_Ninh,11.3352,106.1099,26.8,82,8.8,66,1009.0,1
2022-12-06,Tay_Ninh,11.3352,106.1099,26.5,84,14.2,55,1008.4,1
2022-12-07,Tay_Ninh,11.3352,106.1099,26.5,79,16.1,84,1008.2,1
2022-12-08,Tay_Ninh,11.3352,106.1099,27.2,76,13.4,62,1008.1,1
2022-12-09,Tay_Ninh,11.3352,106.1099,27.1,71,11.0,96,1007.9,1
2022-12-10,Tay_Ninh,11.3352,106.1099,26.5,73,11.2,66,1008.1,0
2022-12-11,Tay_Ninh,11.3352,106.1099,26.4,76,9.0,54,1009.2,1
2022-12-12,Tay_Ninh,11.3352,106.1099,25.6,72,14.3,57,1009.9,0
2022-12-13,Tay_Ninh,11.3352,106.1099,24.6,65,13.5,68,1010.3,0
2022-12-14,Tay_Ninh,11.3352,106.1099,24.7,70,10.5,70,1010.4,0
2022-12-15,Tay_Ninh,11.3352,106.1099,25.4,69,11.0,59,1008.9,0
2022-12-16,Tay_Ninh,11.3352,106.1099,27.0,68,9.4,92,1007.7,0
2022-12-17,Tay_Ninh,11.3352,106.1099,27.7,67,22.3,83,1008.2,0
2022-12-18,Tay_Ninh,11.3352,106.1099,26.4,53,28.0,76,1009.4,0
2022-12-19,Tay_Ninh,11.3352,106.1099,25.0,58,18.2,73,1009.0,0
2022-12-20,Tay_Ninh,11.3352,106.1099,25.7,64,11.3,81,1007.9,0
2022-12-21,Tay_Ninh,11.3352,106.1099,26.9,64,16.1,94,1007.6,0
2022-12-22,Tay_Ninh,11.3352,106.1099,26.3,62,12.6,64,1007.9,0
2022-12-23,Tay_Ninh,11.3352,106.1099,25.2,57,14.8,55,1009.7,0
2022-12-24,Tay_Ninh,11.3352,106.1099,24.6,56,15.5,96,1011.0,0
2022-12-25,Tay_Ninh,11.3352,106.1099,24.4,59,12.4,89,1012.3,0
2022-12-26,Tay_Ninh,11.3352,106.1099,24.2,58,9.9,100,1013.4,0
2022-12-27,Tay_Ninh,11.3352,106.1099,24.5,59,10.1,98,1013.1,0
2022-12-28,Tay_Ninh,11.3352,106.1099,25.3,63,9.2,63,1012.9,0
2022-12-29,Tay_Ninh,11.3352,106.1099,26.0,65,12.6,78,1013.1,0
2022-12-30,Tay_Ninh,11.3352,106.1099,26.8,56,19.3,93,1013.8,1
2022-12-31,Tay_Ninh,11.3352,106.1099,25.9,52,15.5,98,1013.5,0
2023-01-01,Tay_Ninh,11.3352,106.1099,25.1,61,20.1,86,1012.7,1
2023-01-02,Tay_Ninh,11.3352,106.1099,26.8,64,14.4,85,1012.7,1
2023-01-03,Tay_Ninh,11.3352,106.1099,27.8,63,21.8,72,1012.0,1
2023-01-04,Tay_Ninh,11.3352,106.1099,27.7,57,20.4,100,1011.4,0
2023-01-05,Tay_Ninh,11.3352,106.1099,25.4,65,25.0,100,1011.4,1
2023-01-06,Tay_Ninh,11.3352,106.1099,25.5,60,24.2,100,1011.1,1
2023-01-07,Tay_Ninh,11.3352,106.1099,23.6,70,20.9,100,1010.5,1
2023-01-08,Tay_Ninh,11.3352,106.1099,24.4,74,14.8,100,1010.3,1
2023-01-09,Tay_Ninh,11.3352,106.1099,24.9,86,9.3,99,1011.4,1
2023-01-10,Tay_Ninh,11.3352,106.1099,24.1,93,12.2,100,1010.9,1
2023-01-11,Tay_Ninh,11.3352,106.1099,24.5,88,12.6,78,1010.3,1
2023-01-12,Tay_Ninh,11.3352,106.1099,24.8,87,11.0,59,1010.2,1
2023-01-13,Tay_Ninh,11.3352,106.1099,26.0,83,9.7,79,1010.3,1
2023-01-14,Tay_Ninh,11.3352,106.1099,26.6,80,8.7,43,1008.6,1
2023-01-15,Tay_Ninh,11.3352,106.1099,26.4,76,8.9,44,1008.0,0
2023-01-16,Tay_Ninh,11.3352,106.1099,26.4,77,9.5,26,1010.0,1
2023-01-17,Tay_Ninh,11.3352,106.1099,26.0,74,15.5,86,1011.3,0
2023-01-18,Tay_Ninh,11.3352,106.1099,25.7,65,15.9,96,1012.3,0
2023-01-19,Tay_Ninh,11.3352,106.1099,26.3,58,14.8,97,1011.5,0
2023-01-20,Tay_Ninh,11.3352,106.1099,26.7,59,11.5,96,1010.8,0
2023-01-21,Tay_Ninh,11.3352,106.1099,27.4,61,12.7,75,1009.6,1
2023-01-22,Tay_Ninh,11.3352,106.1099,27.8,65,9.7,100,1008.7,0
2023-01-23,Tay_Ninh,11.3352,106.1099,28.3,68,10.2,89,1008.0,1
2023-01-24,Tay_Ninh,11.3352,106.1099,28.6,59,24.5,93,1009.0,0
2023-01-25,Tay_Ninh,11.3352,106.1099,26.5,52,18.2,99,1009.7,0
2023-01-26,Tay_Ninh,11.3352,106.1099,26.3,56,9.3,84,1009.4,0
2023-01-27,Tay_Ninh,11.3352,106.1099,27.5,61,17.9,82,1008.9,0
2023-01-28,Tay_Ninh,11.3352,106.1099,27.2,52,22.5,77,1009.1,0
2023-01-29,Tay_Ninh,11.3352,106.1099,25.9,52,18.7,90,1010.2,0
2023-01-30,Tay_Ninh,11.3352,106.1099,25.0,51,11.8,76,1011.3,0
2023-01-31,Tay_Ninh,11.3352,106.1099,26.4,58,8.4,63,1009.5,0
2023-02-01,Tay_Ninh,11.3352,106.1099,27.0,66,11.2,87,1008.8,0
2023-02-02,Tay_Ninh,11.3352,106.1099,27.4,74,12.0,42,1009.2,1
2023-02-03,Tay_Ninh,11.3352,106.1099,27.6,73,11.3,74,1009.2,1
2023-02-04,Tay_Ninh,11.3352,106.1099,28.2,62,14.1,63,1008.7,0
2023-02-05,Tay_Ninh,11.3352,106.1099,27.6,65,10.0,48,1008.4,1
2023-02-06,Tay_Ninh,11.3352,106.1099,27.4,66,13.4,62,1008.8,1
2023-02-07,Tay_Ninh,11.3352,106.1099,27.7,66,12.2,91,1009.3,0
2023-02-08,Tay_Ninh,11.3352,106.1099,27.9,69,15.5,37,1009.2,1
2023-02-09,Tay_Ninh,11.3352,106.1099,28.6,62,14.4,13,1009.0,0
2023-02-10,Tay_Ninh,11.3352,106.1099,27.9,59,14.5,32,1009.4,0
2023-02-11,Tay_Ninh,11.3352,106.1099,27.8,69,13.7,65,1009.5,0
2023-02-12,Tay_Ninh,11.3352,106.1099,28.3,69,13.6,85,1009.6,1
2023-02-13,Tay_Ninh,11.3352,106.1099,28.2,68,14.0,94,1009.8,0
2023-02-14,Tay_Ninh,11.3352,106.1099,27.6,73,15.6,100,1009.8,0
2023-02-15,Tay_Ninh,11.3352,106.1099,27.8,66,11.1,55,1010.3,1
2023-02-16,Tay_Ninh,11.3352,106.1099,27.5,54,20.4,56,1011.2,1
2023-02-17,Tay_Ninh,11.3352,106.1099,28.0,55,16.1,60,1011.1,0
2023-02-18,Tay_Ninh,11.3352,106.1099,27.3,63,9.1,85,1010.8,0
2023-02-19,Tay_Ninh,11.3352,106.1099,27.2,72,13.5,87,1010.2,1
2023-02-20,Tay_Ninh,11.3352,106.1099,26.7,70,13.1,85,1010.4,0
2023-02-21,Tay_Ninh,11.3352,106.1099,27.3,60,13.5,63,1011.3,0
2023-02-22,Tay_Ninh,11.3352,106.1099,27.4,59,13.0,80,1011.2,0
2023-02-23,Tay_Ninh,11.3352,106.1099,27.7,60,11.2,65,1010.1,0
2023-02-24,Tay_Ninh,11.3352,106.1099,27.7,64,14.5,42,1010.3,0
2023-02-25,Tay_Ninh,11.3352,106.1099,27.2,49,21.2,49,1013.0,0
2023-02-26,Tay_Ninh,11.3352,106.1099,27.6,47,20.5,87,1014.2,0
2023-02-27,Tay_Ninh,11.3352,106.1099,27.8,50,19.8,93,1013.9,0
2023-02-28,Tay_Ninh,11.3352,106.1099,28.7,54,17.8,78,1012.8,1
2023-03-01,Tay_Ninh,11.3352,106.1099,28.6,56,12.5,78,1012.8,0
2023-03-02,Tay_Ninh,11.3352,106.1099,28.8,56,21.1,60,1012.5,0
2023-03-03,Tay_Ninh,11.3352,106.1099,27.3,51,12.6,70,1013.8,0
2023-03-04,Tay_Ninh,11.3352,106.1099,26.8,54,15.3,83,1014.8,0
2023-03-05,Tay_Ninh,11.3352,106.1099,26.4,51,16.1,38,1014.2,0
2023-03-06,Tay_Ninh,11.3352,106.1099,26.4,53,13.2,21,1013.0,0
2023-03-07,Tay_Ninh,11.3352,106.1099,26.5,61,15.3,8,1012.7,0
2023-03-08,Tay_Ninh,11.3352,106.1099,26.9,63,16.3,18,1012.4,0
2023-03-09,Tay_Ninh,11.3352,106.1099,26.5,60,14.9,4,1011.6,0
2023-03-10,Tay_Ninh,11.3352,106.1099,26.8,63,16.7,1,1010.8,0
2023-03-11,Tay_Ninh,11.3352,106.1099,26.7,67,18.5,32,1011.2,0
2023-03-12,Tay_Ninh,11.3352,106.1099,26.4,68,16.9,50,1011.3,1
2023-03-13,Tay_Ninh,11.3352,106.1099,27.3,57,16.4,30,1011.0,0
2023-03-14,Tay_Ninh,11.3352,106.1099,26.9,55,17.1,52,1009.7,0
2023-03-15,Tay_Ninh,11.3352,106.1099,26.9,64,17.8,31,1010.2,0
2023-03-16,Tay_Ninh,11.3352,106.1099,27.7,62,16.7,50,1011.2,0
2023-03-17,Tay_Ninh,11.3352,106.1099,28.0,64,16.5,55,1010.5,0
2023-03-18,Tay_Ninh,11.3352,106.1099,28.3,62,19.4,42,1009.6,0
2023-03-19,Tay_Ninh,11.3352,106.1099,28.7,64,18.4,7,1008.6,0
2023-03-20,Tay_Ninh,11.3352,106.1099,29.2,64,16.9,41,1008.4,0
2023-03-21,Tay_Ninh,11.3352,106.1099,29.4,66,14.4,64,1008.4,0
2023-03-22,Tay_Ninh,11.3352,106.1099,29.7,65,14.7,56,1007.0,0
2023-03-23,Tay_Ninh,11.3352,106.1099,29.4,66,12.7,39,1007.4,0
2023-03-24,Tay_Ninh,11.3352,106.1099,29.6,65,14.9,71,1007.8,0
2023-03-25,Tay_Ninh,11.3352,106.1099,29.0,67,17.5,66,1008.7,1
2023-03-26,Tay_Ninh,11.3352,106.1099,28.9,66,12.5,76,1008.0,0
2023-03-27,Tay_Ninh,11.3352,106.1099,29.8,64,17.9,66,1008.3,0
2023-03-28,Tay_Ninh,11.3352,106.1099,30.0,66,18.6,57,1009.3,0
2023-03-29,Tay_Ninh,11.3352,106.1099,29.4,66,10.7,43,1009.7,1
2023-03-30,Tay_Ninh,11.3352,106.1099,29.6,64,15.8,47,1008.4,1
2023-03-31,Tay_Ninh,11.3352,106.1099,29.3,65,12.3,40,1008.6,1
2023-04-01,Tay_Ninh,11.3352,106.1099,29.5,65,17.7,81,1008.3,0
2023-04-02,Tay_Ninh,11.3352,106.1099,29.5,65,16.3,32,1007.9,0
2023-04-03,Tay_Ninh,11.3352,106.1099,28.2,76,13.0,71,1008.1,1
2023-04-04,Tay_Ninh,11.3352,106.1099,28.5,76,16.1,68,1007.3,1
2023-04-05,Tay_Ninh,11.3352,106.1099,29.7,68,13.8,78,1007.7,1
2023-04-06,Tay_Ninh,11.3352,106.1099,30.3,66,17.3,29,1008.0,1
2023-04-07,Tay_Ninh,11.3352,106.1099,30.6,63,16.1,26,1009.5,1
2023-04-08,Tay_Ninh,11.3352,106.1099,30.4,61,17.9,13,1011.1,1
2023-04-09,Tay_Ninh,11.3352,106.1099,29.9,64,15.7,53,1010.8,1
2023-04-10,Tay_Ninh,11.3352,106.1099,29.9,67,18.4,91,1009.5,1
2023-04-11,Tay_Ninh,11.3352,106.1099,29.3,71,13.5,89,1009.1,1
2023-04-12,Tay_Ninh,11.3352,106.1099,30.1,70,17.9,37,1007.9,1
2023-04-13,Tay_Ninh,11.3352,106.1099,29.9,70,10.4,58,1008.0,1
2023-04-14,Tay_Ninh,11.3352,106.1099,30.7,69,15.0,65,1007.4,1
2023-04-15,Tay_Ninh,11.3352,106.1099,28.4,79,14.6,81,1007.3,1
2023-04-16,Tay_Ninh,11.3352,106.1099,27.5,82,13.9,99,1007.3,1
2023-04-17,Tay_Ninh,11.3352,106.1099,28.0,81,14.0,85,1008.6,1
2023-04-18,Tay_Ninh,11.3352,106.1099,29.1,75,12.9,35,1008.8,1
2023-04-19,Tay_Ninh,11.3352,106.1099,29.8,71,12.3,24,1006.1,1
2023-04-20,Tay_Ninh,11.3352,106.1099,29.7,73,18.7,43,1004.5,1
2023-04-21,Tay_Ninh,11.3352,106.1099,30.1,72,12.8,58,1005.0,1
2023-04-22,Tay_Ninh,11.3352,106.1099,31.0,66,12.6,37,1005.6,0
2023-04-23,Tay_Ninh,11.3352,106.1099,30.8,66,13.1,50,1007.4,1
2023-04-24,Tay_Ninh,11.3352,106.1099,30.5,66,14.5,36,1008.6,0
2023-04-25,Tay_Ninh,11.3352,106.1099,30.9,63,19.0,87,1007.0,0
2023-04-26,Tay_Ninh,11.3352,106.1099,30.0,67,10.9,88,1007.5,1
2023-04-27,Tay_Ninh,11.3352,106.1099,30.8,63,14.6,56,1007.7,1
2023-04-28,Tay_Ninh,11.3352,106.1099,30.2,68,10.5,74,1008.0,1
2023-04-29,Tay_Ninh,11.3352,106.1099,30.5,67,11.8,79,1007.2,1
2023-04-30,Tay_Ninh,11.3352,106.1099,30.0,69,16.3,99,1007.4,1
2023-05-01,Tay_Ninh,11.3352,106.1099,30.4,66,13.6,72,1007.4,1
2023-05-02,Tay_Ninh,11.3352,106.1099,30.9,63,13.9,38,1007.9,0
2023-05-03,Tay_Ninh,11.3352,106.1099,31.2,62,13.3,69,1008.5,1
2023-05-04,Tay_Ninh,11.3352,106.1099,31.4,63,12.8,55,1006.9,0
2023-05-05,Tay_Ninh,11.3352,106.1099,31.2,65,12.9,52,1004.8,1
2023-05-06,Tay_Ninh,11.3352,106.1099,32.3,63,14.4,64,1003.4,0
2023-05-07,Tay_Ninh,11.3352,106.1099,30.9,71,15.5,85,1004.1,1
2023-05-08,Tay_Ninh,11.3352,106.1099,28.6,81,22.1,99,1005.9,1
2023-05-09,Tay_Ninh,11.3352,106.1099,27.2,87,15.0,100,1007.2,1
2023-05-10,Tay_Ninh,11.3352,106.1099,27.9,84,11.1,80,1007.8,1
2023-05-11,Tay_Ninh,11.3352,106.1099,28.3,83,14.4,97,1009.0,1
2023-05-12,Tay_Ninh,11.3352,106.1099,27.5,86,12.2,91,1009.5,1
2023-05-13,Tay_Ninh,11.3352,106.1099,27.9,85,8.3,84,1009.5,1
2023-05-14,Tay_Ninh,11.3352,106.1099,27.4,86,18.6,70,1009.8,1
2023-05-15,Tay_Ninh,11.3352,106.1099,28.9,76,12.8,29,1009.6,1
2023-05-16,Tay_Ninh,11.3352,106.1099,28.7,81,11.4,60,1009.6,1
2023-05-17,Tay_Ninh,11.3352,106.1099,28.7,81,13.8,81,1009.5,1
2023-05-18,Tay_Ninh,11.3352,106.1099,28.0,84,11.1,56,1008.7,1
2023-05-19,Tay_Ninh,11.3352,106.1099,29.3,77,11.8,84,1006.7,0
2023-05-20,Tay_Ninh,11.3352,106.1099,28.6,83,14.1,97,1006.9,1
2023-05-21,Tay_Ninh,11.3352,106.1099,27.8,86,15.3,100,1008.5,1
2023-05-22,Tay_Ninh,11.3352,106.1099,27.2,87,15.0,100,1009.3,1
2023-05-23,Tay_Ninh,11.3352,106.1099,27.3,86,19.9,80,1008.6,1
2023-05-24,Tay_Ninh,11.3352,106.1099,28.2,83,14.8,89,1008.2,1
2023-05-25,Tay_Ninh,11.3352,106.1099,27.4,86,14.0,100,1008.9,1
2023-05-26,Tay_Ninh,11.3352,106.1099,27.7,83,13.8,84,1008.5,1
2023-05-27,Tay_Ninh,11.3352,106.1099,26.3,89,14.5,81,1006.7,1
2023-05-28,Tay_Ninh,11.3352,106.1099,26.6,89,15.7,90,1005.8,1
2023-05-29,Tay_Ninh,11.3352,106.1099,27.0,86,13.0,90,1006.6,1
2023-05-30,Tay_Ninh,11.3352,106.1099,26.8,90,12.5,95,1006.9,1
2023-05-31,Tay_Ninh,11.3352,106.1099,27.3,88,18.3,94,1006.4,1
2023-06-01,Tay_Ninh,11.3352,106.1099,27.2,88,17.9,94,1005.9,1
2023-06-02,Tay_Ninh,11.3352,106.1099,27.4,89,15.1,99,1006.9,1
2023-06-03,Tay_Ninh,11.3352,106.1099,27.5,89,13.5,71,1007.6,1
2023-06-04,Tay_Ninh,11.3352,106.1099,27.2,88,11.5,79,1007.2,1
2023-06-05,Tay_Ninh,11.3352,106.1099,26.5,91,14.1,100,1006.2,1
2023-06-06,Tay_Ninh,11.3352,106.1099,26.6,89,14.2,100,1006.4,1
2023-06-07,Tay_Ninh,11.3352,106.1099,26.1,91,18.4,100,1007.8,1
2023-06-08,Tay_Ninh,11.3352,106.1099,26.7,89,12.1,100,1007.8,1
2023-06-09,Tay_Ninh,11.3352,106.1099,26.9,88,13.9,100,1006.9,1
2023-06-10,Tay_Ninh,11.3352,106.1099,26.7,91,14.5,100,1005.8,1
2023-06-11,Tay_Ninh,11.3352,106.1099,27.9,80,19.7,99,1005.7,1
2023-06-12,Tay_Ninh,11.3352,106.1099,26.7,88,19.6,96,1006.7,1
2023-06-13,Tay_Ninh,11.3352,106.1099,27.5,84,15.3,92,1007.2,1
2023-06-14,Tay_Ninh,11.3352,106.1099,27.6,86,14.9,84,1008.5,1
2023-06-15,Tay_Ninh,11.3352,106.1099,27.4,86,13.1,85,1007.8,1
2023-06-16,Tay_Ninh,11.3352,106.1099,27.3,89,14.0,79,1007.2,1
2023-06-17,Tay_Ninh,11.3352,106.1099,26.4,91,13.7,99,1008.2,1
2023-06-18,Tay_Ninh,11.3352,106.1099,26.2,88,24.1,97,1008.9,1
2023-06-19,Tay_Ninh,11.3352,106.1099,26.8,85,12.4,88,1007.8,1
2023-06-20,Tay_Ninh,11.3352,106.1099,28.0,83,14.8,64,1007.4,1
2023-06-21,Tay_Ninh,11.3352,106.1099,27.6,84,10.2,90,1008.2,1
2023-06-22,Tay_Ninh,11.3352,106.1099,27.8,83,9.4,49,1008.1,1
2023-06-23,Tay_Ninh,11.3352,106.1099,28.3,81,11.0,82,1006.3,1
2023-06-24,Tay_Ninh,11.3352,106.1099,27.3,87,16.3,80,1006.2,1
2023-06-25,Tay_Ninh,11.3352,106.1099,27.0,88,10.8,100,1006.3,1
2023-06-26,Tay_Ninh,11.3352,106.1099,27.0,86,11.8,100,1006.5,1
2023-06-27,Tay_Ninh,11.3352,106.1099,26.8,89,13.3,100,1007.2,1
2023-06-28,Tay_Ninh,11.3352,106.1099,26.7,88,7.6,86,1008.1,1
2023-06-29,Tay_Ninh,11.3352,106.1099,27.1,88,18.3,89,1007.4,1
2023-06-30,Tay_Ninh,11.3352,106.1099,27.0,89,17.1,89,1007.2,1
2023-07-01,Tay_Ninh,11.3352,106.1099,26.5,91,18.5,95,1007.8,1
2023-07-02,Tay_Ninh,11.3352,106.1099,26.2,90,18.2,100,1008.9,1
2023-07-03,Tay_Ninh,11.3352,106.1099,26.7,87,18.2,100,1009.2,1
2023-07-04,Tay_Ninh,11.3352,106.1099,27.3,82,9.2,99,1008.4,1
2023-07-05,Tay_Ninh,11.3352,106.1099,27.1,85,9.8,89,1007.7,1
2023-07-06,Tay_Ninh,11.3352,106.1099,26.6,89,9.4,95,1008.8,1
2023-07-07,Tay_Ninh,11.3352,106.1099,27.1,87,11.5,96,1008.8,1
2023-07-08,Tay_Ninh,11.3352,106.1099,26.9,87,12.4,88,1008.9,1
2023-07-09,Tay_Ninh,11.3352,106.1099,26.2,90,10.5,82,1009.0,1
2023-07-10,Tay_Ninh,11.3352,106.1099,27.2,83,13.7,81,1008.3,1
2023-07-11,Tay_Ninh,11.3352,106.1099,27.2,85,16.6,68,1008.2,1
2023-07-12,Tay_Ninh,11.3352,106.1099,27.3,87,8.7,98,1008.2,1
2023-07-13,Tay_Ninh,11.3352,106.1099,27.3,89,10.2,92,1007.6,1
2023-07-14,Tay_Ninh,11.3352,106.1099,26.9,89,11.2,96,1007.3,1
2023-07-15,Tay_Ninh,11.3352,106.1099,26.7,90,17.3,95,1005.9,1
2023-07-16,Tay_Ninh,11.3352,106.1099,27.0,85,18.1,100,1004.1,1
2023-07-17,Tay_Ninh,11.3352,106.1099,26.8,85,21.1,98,1003.7,1
2023-07-18,Tay_Ninh,11.3352,106.1099,26.8,85,21.8,98,1004.7,1
2023-07-19,Tay_Ninh,11.3352,106.1099,26.7,89,13.1,94,1004.7,1
2023-07-20,Tay_Ninh,11.3352,106.1099,26.1,91,14.4,97,1005.3,1
2023-07-21,Tay_Ninh,11.3352,106.1099,26.6,88,11.9,99,1006.7,1
2023-07-22,Tay_Ninh,11.3352,106.1099,26.2,89,15.9,92,1008.5,1
2023-07-23,Tay_Ninh,11.3352,106.1099,26.2,90,20.5,85,1008.2,1
2023-07-24,Tay_Ninh,11.3352,106.1099,25.8,93,19.4,100,1007.1,1
2023-07-25,Tay_Ninh,11.3352,106.1099,26.4,89,22.5,85,1007.3,1
2023-07-26,Tay_Ninh,11.3352,106.1099,27.0,88,16.3,84,1007.2,1
2023-07-27,Tay_Ninh,11.3352,106.1099,26.4,91,17.9,100,1006.1,1
2023-07-28,Tay_Ninh,11.3352,106.1099,26.8,88,16.8,89,1004.7,1
2023-07-29,Tay_Ninh,11.3352,106.1099,26.8,88,20.2,98,1005.2,1
2023-07-30,Tay_Ninh,11.3352,106.1099,26.7,88,17.8,94,1006.6,1
2023-07-31,Tay_Ninh,11.3352,106.1099,27.4,85,15.1,87,1007.5,1
2023-08-01,Tay_Ninh,11.3352,106.1099,26.7,91,16.6,100,1007.4,1
2023-08-02,Tay_Ninh,11.3352,106.1099,26.8,88,16.8,90,1007.8,1
2023-08-03,Tay_Ninh,11.3352,106.1099,27.0,86,24.0,100,1008.3,1
2023-08-04,Tay_Ninh,11.3352,106.1099,27.4,84,15.1,98,1010.3,1
2023-08-05,Tay_Ninh,11.3352,106.1099,27.1,86,22.1,49,1010.5,1
2023-08-06,Tay_Ninh,11.3352,106.1099,27.9,82,18.9,85,1008.6,1
2023-08-07,Tay_Ninh,11.3352,106.1099,28.1,81,16.2,68,1007.5,1
2023-08-08,Tay_Ninh,11.3352,106.1099,28.0,82,15.5,78,1008.2,1
2023-08-09,Tay_Ninh,11.3352,106.1099,27.9,83,12.7,25,1009.3,1
2023-08-10,Tay_Ninh,11.3352,106.1099,28.1,84,15.3,42,1008.5,1
2023-08-11,Tay_Ninh,11.3352,106.1099,28.0,83,15.5,42,1007.6,1
2023-08-12,Tay_Ninh,11.3352,106.1099,27.5,85,17.3,74,1007.2,1
2023-08-13,Tay_Ninh,11.3352,106.1099,27.2,87,13.5,74,1007.1,1
2023-08-14,Tay_Ninh,11.3352,106.1099,27.3,86,14.1,60,1007.2,1
2023-08-15,Tay_Ninh,11.3352,106.1099,27.5,84,17.3,95,1008.0,1
2023-08-16,Tay_Ninh,11.3352,106.1099,26.8,88,17.7,96,1008.4,1
2023-08-17,Tay_Ninh,11.3352,106.1099,26.9,88,13.7,84,1007.6,1
2023-08-18,Tay_Ninh,11.3352,106.1099,26.5,89,11.0,72,1006.7,1
2023-08-19,Tay_Ninh,11.3352,106.1099,26.6,90,15.9,77,1006.2,1
2023-08-20,Tay_Ninh,11.3352,106.1099,25.7,92,12.3,90,1006.4,1
2023-08-21,Tay_Ninh,11.3352,106.1099,26.3,89,13.4,95,1007.6,1
2023-08-22,Tay_Ninh,11.3352,106.1099,26.9,88,10.7,71,1007.8,1
2023-08-23,Tay_Ninh,11.3352,106.1099,27.3,85,12.5,76,1007.3,1
2023-08-24,Tay_Ninh,11.3352,106.1099,27.6,82,17.1,72,1007.4,1
2023-08-25,Tay_Ninh,11.3352,106.1099,27.7,85,17.8,64,1007.3,1
2023-08-26,Tay_Ninh,11.3352,106.1099,27.0,89,10.8,83,1007.5,1
2023-08-27,Tay_Ninh,11.3352,106.1099,27.1,89,11.7,100,1006.6,1
2023-08-28,Tay_Ninh,11.3352,106.1099,26.8,89,11.3,95,1005.4,1
2023-08-29,Tay_Ninh,11.3352,106.1099,26.8,88,15.6,100,1005.4,1
2023-08-30,Tay_Ninh,11.3352,106.1099,26.4,91,12.9,97,1006.7,1
2023-08-31,Tay_Ninh,11.3352,106.1099,26.2,93,15.0,98,1006.8,1
2023-09-01,Tay_Ninh,11.3352,106.1099,26.0,92,15.6,100,1006.6,1
2023-09-02,Tay_Ninh,11.3352,106.1099,26.2,91,17.3,89,1005.2,1
2023-09-03,Tay_Ninh,11.3352,106.1099,26.7,89,14.3,76,1004.4,1
2023-09-04,Tay_Ninh,11.3352,106.1099,26.4,90,15.8,95,1004.2,1
2023-09-05,Tay_Ninh,11.3352,106.1099,26.6,89,15.1,100,1006.3,1
2023-09-06,Tay_Ninh,11.3352,106.1099,26.8,89,8.4,97,1007.9,1
2023-09-07,Tay_Ninh,11.3352,106.1099,27.1,89,15.0,89,1007.9,1
2023-09-08,Tay_Ninh,11.3352,106.1099,26.7,90,15.1,100,1007.9,1
2023-09-09,Tay_Ninh,11.3352,106.1099,26.5,90,14.4,95,1006.9,1
2023-09-10,Tay_Ninh,11.3352,106.1099,26.0,89,19.7,100,1007.8,1
2023-09-11,Tay_Ninh,11.3352,106.1099,26.4,86,14.7,100,1008.4,1
2023-09-12,Tay_Ninh,11.3352,106.1099,26.6,86,18.0,99,1008.9,1
2023-09-13,Tay_Ninh,11.3352,106.1099,26.2,90,12.2,100,1009.0,1
2023-09-14,Tay_Ninh,11.3352,106.1099,26.1,91,22.5,92,1008.3,1
2023-09-15,Tay_Ninh,11.3352,106.1099,26.1,88,19.0,100,1008.0,1
2023-09-16,Tay_Ninh,11.3352,106.1099,26.1,88,17.8,98,1008.1,1
2023-09-17,Tay_Ninh,11.3352,106.1099,26.0,91,13.3,100,1008.1,1
2023-09-18,Tay_Ninh,11.3352,106.1099,26.7,87,15.5,98,1008.8,1
2023-09-19,Tay_Ninh,11.3352,106.1099,27.0,88,14.0,97,1009.3,1
2023-09-20,Tay_Ninh,11.3352,106.1099,26.9,88,12.1,79,1008.4,1
2023-09-21,Tay_Ninh,11.3352,106.1099,26.0,91,9.9,96,1008.8,1
2023-09-22,Tay_Ninh,11.3352,106.1099,26.4,90,13.6,99,1008.3,1
2023-09-23,Tay_Ninh,11.3352,106.1099,26.3,90,11.8,95,1008.3,1
2023-09-24,Tay_Ninh,11.3352,106.1099,26.1,90,12.0,98,1006.9,1
2023-09-25,Tay_Ninh,11.3352,106.1099,25.9,91,13.7,100,1005.5,1
2023-09-26,Tay_Ninh,11.3352,106.1099,26.1,90,16.9,100,1005.9,1
2023-09-27,Tay_Ninh,11.3352,106.1099,25.8,91,15.6,100,1007.2,1
2023-09-28,Tay_Ninh,11.3352,106.1099,26.4,89,17.8,100,1009.1,1
2023-09-29,Tay_Ninh,11.3352,106.1099,27.2,86,12.8,96,1009.9,1
2023-09-30,Tay_Ninh,11.3352,106.1099,25.9,89,16.8,88,1010.2,1
2023-10-01,Tay_Ninh,11.3352,106.1099,26.7,89,14.9,86,1008.1,1
2023-10-02,Tay_Ninh,11.3352,106.1099,25.8,92,13.3,100,1008.9,1
2023-10-03,Tay_Ninh,11.3352,106.1099,26.2,89,11.8,89,1009.0,1
2023-10-04,Tay_Ninh,11.3352,106.1099,26.7,87,18.5,79,1009.0,1
2023-10-05,Tay_Ninh,11.3352,106.1099,26.9,89,14.3,77,1008.3,1
2023-10-06,Tay_Ninh,11.3352,106.1099,27.0,89,11.0,99,1008.7,1
2023-10-07,Tay_Ninh,11.3352,106.1099,26.3,91,11.0,97,1009.6,1
2023-10-08,Tay_Ninh,11.3352,106.1099,26.9,88,15.9,98,1010.4,1
2023-10-09,Tay_Ninh,11.3352,106.1099,27.0,85,10.7,100,1010.3,0
2023-10-10,Tay_Ninh,11.3352,106.1099,27.1,86,12.3,83,1009.7,1
2023-10-11,Tay_Ninh,11.3352,106.1099,26.8,89,9.1,74,1010.2,1
2023-10-12,Tay_Ninh,11.3352,106.1099,26.6,89,8.0,90,1011.0,1
2023-10-13,Tay_Ninh,11.3352,106.1099,26.4,87,9.2,87,1010.3,1
2023-10-14,Tay_Ninh,11.3352,106.1099,26.2,90,17.1,88,1008.8,1
2023-10-15,Tay_Ninh,11.3352,106.1099,26.0,92,10.5,100,1007.6,1
2023-10-16,Tay_Ninh,11.3352,106.1099,25.7,92,13.6,100,1008.3,1
2023-10-17,Tay_Ninh,11.3352,106.1099,25.6,93,9.1,100,1009.2,1
2023-10-18,Tay_Ninh,11.3352,106.1099,26.0,91,8.5,100,1010.1,1
2023-10-19,Tay_Ninh,11.3352,106.1099,26.9,89,10.5,95,1010.0,1
2023-10-20,Tay_Ninh,11.3352,106.1099,26.7,88,15.6,79,1010.2,1
2023-10-21,Tay_Ninh,11.3352,106.1099,26.4,88,13.1,63,1011.3,1
2023-10-22,Tay_Ninh,11.3352,106.1099,26.6,87,12.0,80,1011.6,1
2023-10-23,Tay_Ninh,11.3352,106.1099,25.9,90,11.7,92,1011.2,1
2023-10-24,Tay_Ninh,11.3352,106.1099,26.6,87,7.0,84,1010.2,1
2023-10-25,Tay_Ninh,11.3352,106.1099,25.9,91,7.5,71,1010.7,1
2023-10-26,Tay_Ninh,11.3352,106.1099,26.4,88,12.6,52,1010.6,1
2023-10-27,Tay_Ninh,11.3352,106.1099,27.0,87,7.7,61,1010.3,1
2023-10-28,Tay_Ninh,11.3352,106.1099,26.3,90,10.9,100,1009.9,1
2023-10-29,Tay_Ninh,11.3352,106.1099,26.0,92,10.2,99,1009.6,1
2023-10-30,Tay_Ninh,11.3352,106.1099,27.0,88,10.4,87,1009.2,1
2023-10-31,Tay_Ninh,11.3352,106.1099,26.9,88,11.0,84,1009.9,1
2023-11-01,Tay_Ninh,11.3352,106.1099,26.7,86,11.0,61,1010.2,1
2023-11-02,Tay_Ninh,11.3352,106.1099,26.3,89,8.6,85,1009.8,1
2023-11-03,Tay_Ninh,11.3352,106.1099,26.5,89,13.9,89,1008.6,1
2023-11-04,Tay_Ninh,11.3352,106.1099,26.8,86,9.7,65,1008.7,1
2023-11-05,Tay_Ninh,11.3352,106.1099,26.8,90,9.5,86,1009.9,1
2023-11-06,Tay_Ninh,11.3352,106.1099,26.8,86,10.2,90,1010.0,1
2023-11-07,Tay_Ninh,11.3352,106.1099,26.7,88,8.9,80,1010.0,1
2023-11-08,Tay_Ninh,11.3352,106.1099,26.4,89,8.8,70,1009.6,1
2023-11-09,Tay_Ninh,11.3352,106.1099,26.5,87,10.2,89,1010.1,1
2023-11-10,Tay_Ninh,11.3352,106.1099,26.3,89,7.9,87,1011.1,1
2023-11-11,Tay_Ninh,11.3352,106.1099,26.4,89,17.1,69,1011.2,1
2023-11-12,Tay_Ninh,11.3352,106.1099,26.3,89,11.8,59,1011.3,1
2023-11-13,Tay_Ninh,11.3352,106.1099,27.1,85,9.0,68,1010.6,1
2023-11-14,Tay_Ninh,11.3352,106.1099,26.6,88,14.8,82,1011.1,1
2023-11-15,Tay_Ninh,11.3352,106.1099,26.5,89,8.9,82,1011.6,1
2023-11-16,Tay_Ninh,11.3352,106.1099,27.1,84,13.7,84,1012.2,1
2023-11-17,Tay_Ninh,11.3352,106.1099,27.2,76,20.2,65,1012.5,1
2023-11-18,Tay_Ninh,11.3352,106.1099,25.4,69,17.6,75,1012.2,0
2023-11-19,Tay_Ninh,11.3352,106.1099,25.2,72,13.9,82,1011.7,0
2023-11-20,Tay_Ninh,11.3352,106.1099,25.8,73,11.9,84,1010.9,0
2023-11-21,Tay_Ninh,11.3352,106.1099,25.9,75,11.2,97,1009.8,0
2023-11-22,Tay_Ninh,11.3352,106.1099,25.7,77,9.1,77,1008.7,0
2023-11-23,Tay_Ninh,11.3352,106.1099,26.0,82,10.0,90,1008.7,1
2023-11-24,Tay_Ninh,11.3352,106.1099,25.6,81,13.3,100,1009.6,1
2023-11-25,Tay_Ninh,11.3352,106.1099,26.4,75,11.0,96,1009.4,1
2023-11-26,Tay_Ninh,11.3352,106.1099,26.8,82,12.3,98,1010.1,1
2023-11-27,Tay_Ninh,11.3352,106.1099,27.7,66,18.1,70,1009.5,0
2023-11-28,Tay_Ninh,11.3352,106.1099,26.5,66,12.0,61,1009.4,0
2023-11-29,Tay_Ninh,11.3352,106.1099,27.9,70,13.4,81,1009.1,1
2023-11-30,Tay_Ninh,11.3352,106.1099,27.3,83,10.8,97,1009.9,1
2023-12-01,Tay_Ninh,11.3352,106.1099,28.0,74,12.8,74,1009.2,0
2023-12-02,Tay_Ninh,11.3352,106.1099,26.9,78,12.6,100,1009.8,1
2023-12-03,Tay_Ninh,11.3352,106.1099,26.9,81,13.9,95,1010.0,1
2023-12-04,Tay_Ninh,11.3352,106.1099,27.7,77,10.7,66,1009.9,0
2023-12-05,Tay_Ninh,11.3352,106.1099,27.6,80,7.0,67,1009.6,1
2023-12-06,Tay_Ninh,11.3352,106.1099,27.9,78,11.4,80,1010.3,1
2023-12-07,Tay_Ninh,11.3352,106.1099,27.6,77,10.4,47,1010.4,1
2023-12-08,Tay_Ninh,11.3352,106.1099,27.1,81,8.5,88,1010.5,1
2023-12-09,Tay_Ninh,11.3352,106.1099,27.7,74,10.1,71,1009.7,0
2023-12-10,Tay_Ninh,11.3352,106.1099,27.8,74,12.1,64,1008.8,1
2023-12-11,Tay_Ninh,11.3352,106.1099,27.8,73,13.8,56,1009.4,0
2023-12-12,Tay_Ninh,11.3352,106.1099,27.6,71,9.0,62,1009.2,0
2023-12-13,Tay_Ninh,11.3352,106.1099,27.7,70,8.8,62,1010.2,0
2023-12-14,Tay_Ninh,11.3352,106.1099,28.8,64,10.7,79,1010.8,0
2023-12-15,Tay_Ninh,11.3352,106.1099,28.1,72,12.0,90,1010.3,1
2023-12-16,Tay_Ninh,11.3352,106.1099,27.7,75,10.5,80,1010.4,1
2023-12-17,Tay_Ninh,11.3352,106.1099,28.4,67,10.6,40,1010.6,1
2023-12-18,Tay_Ninh,11.3352,106.1099,27.7,68,13.0,40,1011.1,1
2023-12-19,Tay_Ninh,11.3352,106.1099,28.3,65,14.4,73,1010.9,1
2023-12-20,Tay_Ninh,11.3352,106.1099,27.9,62,18.9,77,1010.4,1
2023-12-21,Tay_Ninh,11.3352,106.1099,28.2,55,21.0,57,1010.8,0
2023-12-22,Tay_Ninh,11.3352,106.1099,27.1,55,24.6,99,1012.6,0
2023-12-23,Tay_Ninh,11.3352,106.1099,26.5,57,24.7,91,1013.6,0
2023-12-24,Tay_Ninh,11.3352,106.1099,26.9,59,25.8,96,1014.5,0
2023-12-25,Tay_Ninh,11.3352,106.1099,26.4,56,20.0,60,1013.7,0
2023-12-26,Tay_Ninh,11.3352,106.1099,26.7,59,13.9,46,1013.7,0
2023-12-27,Tay_Ninh,11.3352,106.1099,27.0,65,13.0,35,1013.5,0
2023-12-28,Tay_Ninh,11.3352,106.1099,27.7,72,10.5,57,1012.2,1
2023-12-29,Tay_Ninh,11.3352,106.1099,28.2,72,10.0,37,1010.9,1
2023-12-30,Tay_Ninh,11.3352,106.1099,28.4,74,6.6,62,1010.2,1
2023-12-31,Tay_Ninh,11.3352,106.1099,28.2,71,9.5,59,1010.6,0
2024-01-01,Tay_Ninh,11.3352,106.1099,28.0,68,9.7,99,1010.4,0
2024-01-02,Tay_Ninh,11.3352,106.1099,28.2,69,12.7,67,1010.1,0
2024-01-03,Tay_Ninh,11.3352,106.1099,28.5,67,13.8,81,1010.2,0
2024-01-04,Tay_Ninh,11.3352,106.1099,27.6,60,10.7,35,1010.7,0
2024-01-05,Tay_Ninh,11.3352,106.1099,26.9,62,11.0,97,1011.5,0
2024-01-06,Tay_Ninh,11.3352,106.1099,27.4,62,8.2,80,1011.1,0
2024-01-07,Tay_Ninh,11.3352,106.1099,27.8,70,9.4,55,1011.4,0
2024-01-08,Tay_Ninh,11.3352,106.1099,27.6,72,7.8,96,1011.2,0
2024-01-09,Tay_Ninh,11.3352,106.1099,27.8,75,7.7,45,1010.4,1
2024-01-10,Tay_Ninh,11.3352,106.1099,27.8,71,12.9,41,1009.9,0
2024-01-11,Tay_Ninh,11.3352,106.1099,27.7,70,9.3,43,1010.3,0
2024-01-12,Tay_Ninh,11.3352,106.1099,27.0,67,7.4,82,1010.2,0
2024-01-13,Tay_Ninh,11.3352,106.1099,26.2,67,8.9,85,1010.6,0
2024-01-14,Tay_Ninh,11.3352,106.1099,26.2,62,8.9,83,1011.3,0
2024-01-15,Tay_Ninh,11.3352,106.1099,27.1,57,12.4,88,1010.8,0
2024-01-16,Tay_Ninh,11.3352,106.1099,27.5,59,13.3,60,1010.5,0
2024-01-17,Tay_Ninh,11.3352,106.1099,27.5,60,9.4,56,1010.4,1
2024-01-18,Tay_Ninh,11.3352,106.1099,27.6,68,11.2,75,1010.1,0
2024-01-19,Tay_Ninh,11.3352,106.1099,27.3,70,6.9,76,1010.1,0
2024-01-20,Tay_Ninh,11.3352,106.1099,26.8,71,12.5,85,1010.6,0
2024-01-21,Tay_Ninh,11.3352,106.1099,27.1,73,9.8,100,1011.6,1
2024-01-22,Tay_Ninh,11.3352,106.1099,27.4,69,9.4,62,1011.9,0
2024-01-23,Tay_Ninh,11.3352,106.1099,27.7,62,11.3,37,1012.7,0
2024-01-24,Tay_Ninh,11.3352,106.1099,28.0,61,15.2,66,1013.3,1
2024-01-25,Tay_Ninh,11.3352,106.1099,27.3,59,13.9,65,1014.8,0
2024-01-26,Tay_Ninh,11.3352,106.1099,27.0,60,9.7,47,1015.3,0
2024-01-27,Tay_Ninh,11.3352,106.1099,26.7,65,11.2,32,1014.6,0
2024-01-28,Tay_Ninh,11.3352,106.1099,26.8,63,11.0,87,1014.4,0
2024-01-29,Tay_Ninh,11.3352,106.1099,27.1,60,12.2,73,1013.9,0
2024-01-30,Tay_Ninh,11.3352,106.1099,27.1,63,12.7,78,1013.5,0
2024-01-31,Tay_Ninh,11.3352,106.1099,27.3,67,16.1,80,1013.3,1
2024-02-01,Tay_Ninh,11.3352,106.1099,27.7,68,13.2,61,1013.3,1
2024-02-02,Tay_Ninh,11.3352,106.1099,27.6,69,15.1,43,1012.4,1
2024-02-03,Tay_Ninh,11.3352,106.1099,27.6,69,17.9,12,1012.5,0
2024-02-04,Tay_Ninh,11.3352,106.1099,27.8,69,14.4,34,1012.9,0
2024-02-05,Tay_Ninh,11.3352,106.1099,27.9,73,14.0,52,1013.0,0
2024-02-06,Tay_Ninh,11.3352,106.1099,28.2,70,15.5,24,1013.0,0
2024-02-07,Tay_Ninh,11.3352,106.1099,27.9,74,12.4,56,1012.0,1
2024-02-08,Tay_Ninh,11.3352,106.1099,27.5,74,13.4,52,1011.1,1
2024-02-09,Tay_Ninh,11.3352,106.1099,27.6,73,15.3,33,1012.6,1
2024-02-10,Tay_Ninh,11.3352,106.1099,28.1,65,14.3,58,1014.0,0
2024-02-11,Tay_Ninh,11.3352,106.1099,27.7,56,17.5,33,1015.5,0
2024-02-12,Tay_Ninh,11.3352,106.1099,26.9,54,17.4,48,1014.8,0
2024-02-13,Tay_Ninh,11.3352,106.1099,27.7,58,14.3,16,1013.2,0
2024-02-14,Tay_Ninh,11.3352,106.1099,28.5,64,14.8,44,1012.3,1
2024-02-15,Tay_Ninh,11.3352,106.1099,29.0,63,16.1,52,1012.1,0
2024-02-16,Tay_Ninh,11.3352,106.1099,28.7,60,13.2,23,1011.9,0
2024-02-17,Tay_Ninh,11.3352,106.1099,27.7,63,19.1,50,1011.1,0
2024-02-18,Tay_Ninh,11.3352,106.1099,28.2,63,16.4,62,1011.1,0
2024-02-19,Tay_Ninh,11.3352,106.1099,29.0,65,16.6,62,1011.2,0
2024-02-20,Tay_Ninh,11.3352,106.1099,28.6,67,14.8,73,1010.8,1
2024-02-21,Tay_Ninh,11.3352,106.1099,28.3,70,14.5,52,1010.6,0
2024-02-22,Tay_Ninh,11.3352,106.1099,28.3,68,15.2,2,1011.5,0
2024-02-23,Tay_Ninh,11.3352,106.1099,28.2,71,15.5,28,1011.8,1
2024-02-24,Tay_Ninh,11.3352,106.1099,28.3,72,13.9,14,1011.6,1
2024-02-25,Tay_Ninh,11.3352,106.1099,28.4,64,14.6,4,1010.8,0
2024-02-26,Tay_Ninh,11.3352,106.1099,28.3,62,9.5,22,1011.2,0
2024-02-27,Tay_Ninh,11.3352,106.1099,28.5,67,13.4,35,1010.5,1
2024-02-28,Tay_Ninh,11.3352,106.1099,28.3,67,16.5,62,1009.7,0
2024-02-29,Tay_Ninh,11.3352,106.1099,28.6,62,16.7,25,1009.9,1
2024-03-01,Tay_Ninh,11.3352,106.1099,28.9,62,17.0,17,1010.2,0
2024-03-02,Tay_Ninh,11.3352,106.1099,29.3,63,13.6,61,1010.1,0
2024-03-03,Tay_Ninh,11.3352,106.1099,29.0,63,18.2,27,1010.0,0
2024-03-04,Tay_Ninh,11.3352,106.1099,29.0,64,15.9,57,1009.5,0
2024-03-05,Tay_Ninh,11.3352,106.1099,28.9,69,13.7,26,1008.9,0
2024-03-06,Tay_Ninh,11.3352,106.1099,29.4,71,12.7,43,1007.6,0
2024-03-07,Tay_Ninh,11.3352,106.1099,29.3,72,18.4,59,1007.7,1
2024-03-08,Tay_Ninh,11.3352,106.1099,29.1,64,15.5,41,1009.0,1
2024-03-09,Tay_Ninh,11.3352,106.1099,28.7,65,13.8,56,1009.7,0
2024-03-10,Tay_Ninh,11.3352,106.1099,28.8,64,17.8,89,1011.5,0
2024-03-11,Tay_Ninh,11.3352,106.1099,29.0,61,15.2,29,1011.7,0
2024-03-12,Tay_Ninh,11.3352,106.1099,29.2,64,18.3,49,1011.3,1
2024-03-13,Tay_Ninh,11.3352,106.1099,29.1,65,16.8,95,1011.2,1
2024-03-14,Tay_Ninh,11.3352,106.1099,29.3,65,19.4,30,1010.9,0
2024-03-15,Tay_Ninh,11.3352,106.1099,29.1,62,17.9,61,1011.0,0
2024-03-16,Tay_Ninh,11.3352,106.1099,28.7,67,18.4,63,1011.7,0
2024-03-17,Tay_Ninh,11.3352,106.1099,28.8,65,14.1,49,1011.2,1
2024-03-18,Tay_Ninh,11.3352,106.1099,28.8,66,16.6,52,1010.0,1
2024-03-19,Tay_Ninh,11.3352,106.1099,29.0,63,19.8,37,1010.7,0
2024-03-20,Tay_Ninh,11.3352,106.1099,29.0,61,19.1,21,1011.5,0
2024-03-21,Tay_Ninh,11.3352,106.1099,29.0,64,19.9,18,1010.2,0
2024-03-22,Tay_Ninh,11.3352,106.1099,29.3,62,20.1,22,1008.2,0
2024-03-23,Tay_Ninh,11.3352,106.1099,29.4,65,16.7,15,1008.9,1
2024-03-24,Tay_Ninh,11.3352,106.1099,29.5,65,15.6,18,1010.4,1
2024-03-25,Tay_Ninh,11.3352,106.1099,29.9,66,15.6,37,1010.0,0
2024-03-26,Tay_Ninh,11.3352,106.1099,30.1,63,18.2,32,1011.0,1
2024-03-27,Tay_Ninh,11.3352,106.1099,30.1,62,16.1,34,1012.0,1
2024-03-28,Tay_Ninh,11.3352,106.1099,30.0,67,13.4,90,1010.5,1
2024-03-29,Tay_Ninh,11.3352,106.1099,30.0,67,14.5,98,1010.1,0
2024-03-30,Tay_Ninh,11.3352,106.1099,30.3,65,14.2,74,1011.3,0
2024-03-31,Tay_Ninh,11.3352,106.1099,30.7,65,13.4,66,1010.7,0
2024-04-01,Tay_Ninh,11.3352,106.1099,30.8,67,14.2,25,1008.6,1
2024-04-02,Tay_Ninh,11.3352,106.1099,30.7,68,14.8,36,1007.7,1
2024-04-03,Tay_Ninh,11.3352,106.1099,30.7,62,15.3,63,1008.3,0
2024-04-04,Tay_Ninh,11.3352,106.1099,30.6,65,16.5,43,1007.8,0
2024-04-05,Tay_Ninh,11.3352,106.1099,30.9,65,19.4,64,1007.3,1
2024-04-06,Tay_Ninh,11.3352,106.1099,30.3,63,17.9,32,1007.7,1
2024-04-07,Tay_Ninh,11.3352,106.1099,30.7,63,19.1,58,1007.3,1
2024-04-08,Tay_Ninh,11.3352,106.1099,30.8,66,19.0,17,1007.9,0
2024-04-09,Tay_Ninh,11.3352,106.1099,31.0,62,18.4,81,1008.3,0
2024-04-10,Tay_Ninh,11.3352,106.1099,30.6,61,15.6,78,1009.6,0
2024-04-11,Tay_Ninh,11.3352,106.1099,30.7,58,16.5,41,1008.9,0
2024-04-12,Tay_Ninh,11.3352,106.1099,30.8,60,18.5,94,1008.5,0
2024-04-13,Tay_Ninh,11.3352,106.1099,30.9,63,17.7,85,1008.4,1
2024-04-14,Tay_Ninh,11.3352,106.1099,30.7,63,18.0,58,1009.2,0
2024-04-15,Tay_Ninh,11.3352,106.1099,31.0,63,17.1,57,1009.6,0
2024-04-16,Tay_Ninh,11.3352,106.1099,31.2,63,19.5,25,1008.1,0
2024-04-17,Tay_Ninh,11.3352,106.1099,30.7,64,17.3,98,1008.1,1
2024-04-18,Tay_Ninh,11.3352,106.1099,30.8,59,16.6,50,1007.1,0
2024-04-19,Tay_Ninh,11.3352,106.1099,30.9,62,15.0,53,1006.0,0
2024-04-20,Tay_Ninh,11.3352,106.1099,30.9,60,16.4,61,1006.0,1
2024-04-21,Tay_Ninh,11.3352,106.1099,31.1,59,15.2,58,1006.7,0
2024-04-22,Tay_Ninh,11.3352,106.1099,31.4,61,14.7,43,1006.5,0
2024-04-23,Tay_Ninh,11.3352,106.1099,31.9,57,14.7,89,1006.2,0
2024-04-24,Tay_Ninh,11.3352,106.1099,32.0,59,19.1,70,1006.0,0
2024-04-25,Tay_Ninh,11.3352,106.1099,32.4,62,15.7,71,1006.2,0
2024-04-26,Tay_Ninh,11.3352,106.1099,32.2,63,13.0,76,1005.9,1
2024-04-27,Tay_Ninh,11.3352,106.1099,32.8,61,15.1,32,1005.5,0
2024-04-28,Tay_Ninh,11.3352,106.1099,32.9,59,16.5,45,1006.7,1
2024-04-29,Tay_Ninh,11.3352,106.1099,33.0,57,15.1,87,1007.0,0
2024-04-30,Tay_Ninh,11.3352,106.1099,32.7,59,14.7,69,1005.2,0
2024-05-01,Tay_Ninh,11.3352,106.1099,33.1,57,17.3,78,1004.4,0
2024-05-02,Tay_Ninh,11.3352,106.1099,33.0,58,16.4,70,1005.7,1
2024-05-03,Tay_Ninh,11.3352,106.1099,32.1,62,14.6,68,1006.7,1
2024-05-04,Tay_Ninh,11.3352,106.1099,29.3,77,14.8,93,1007.1,1
2024-05-05,Tay_Ninh,11.3352,106.1099,29.0,79,9.7,77,1007.0,1
2024-05-06,Tay_Ninh,11.3352,106.1099,30.2,70,15.4,58,1007.7,1
2024-05-07,Tay_Ninh,11.3352,106.1099,30.1,70,14.7,72,1009.2,1
2024-05-08,Tay_Ninh,11.3352,106.1099,29.7,74,13.4,58,1008.2,1
2024-05-09,Tay_Ninh,11.3352,106.1099,29.1,80,15.7,92,1007.9,1
2024-05-10,Tay_Ninh,11.3352,106.1099,30.1,76,20.4,49,1008.1,1
2024-05-11,Tay_Ninh,11.3352,106.1099,30.2,74,12.7,59,1008.9,1
2024-05-12,Tay_Ninh,11.3352,106.1099,30.0,76,14.5,89,1008.5,1
2024-05-13,Tay_Ninh,11.3352,106.1099,29.0,79,11.2,75,1007.9,1
2024-05-14,Tay_Ninh,11.3352,106.1099,30.1,76,10.2,60,1007.8,1
2024-05-15,Tay_Ninh,11.3352,106.1099,29.5,76,16.5,97,1008.5,1
2024-05-16,Tay_Ninh,11.3352,106.1099,29.6,77,15.0,99,1008.3,1
2024-05-17,Tay_Ninh,11.3352,106.1099,28.5,83,19.5,100,1008.0,1
2024-05-18,Tay_Ninh,11.3352,106.1099,29.4,80,12.0,81,1006.3,1
2024-05-19,Tay_Ninh,11.3352,106.1099,28.7,84,12.9,100,1005.2,1
2024-05-20,Tay_Ninh,11.3352,106.1099,28.3,86,11.2,98,1005.5,1
2024-05-21,Tay_Ninh,11.3352,106.1099,27.2,87,13.0,99,1006.6,1
2024-05-22,Tay_Ninh,11.3352,106.1099,28.5,83,12.1,88,1006.7,1
2024-05-23,Tay_Ninh,11.3352,106.1099,28.9,83,10.6,97,1006.6,1
2024-05-24,Tay_Ninh,11.3352,106.1099,29.3,81,11.8,94,1006.7,1
2024-05-25,Tay_Ninh,11.3352,106.1099,29.6,78,13.9,94,1007.1,1
2024-05-26,Tay_Ninh,11.3352,106.1099,28.9,80,16.6,90,1008.0,1
2024-05-27,Tay_Ninh,11.3352,106.1099,30.1,77,12.5,82,1006.3,1
2024-05-28,Tay_Ninh,11.3352,106.1099,29.0,82,11.4,100,1006.5,1
2024-05-29,Tay_Ninh,11.3352,106.1099,28.3,86,15.5,100,1006.0,1
2024-05-30,Tay_Ninh,11.3352,106.1099,27.9,88,18.4,100,1006.3,1
2024-05-31,Tay_Ninh,11.3352,106.1099,27.0,90,16.1,100,1007.4,1
2024-06-01,Tay_Ninh,11.3352,106.1099,27.4,88,10.2,97,1009.4,1
2024-06-02,Tay_Ninh,11.3352,106.1099,28.7,82,8.9,100,1009.6,1
2024-06-03,Tay_Ninh,11.3352,106.1099,29.4,77,21.0,98,1008.2,1
2024-06-04,Tay_Ninh,11.3352,106.1099,29.9,76,8.5,88,1007.4,1
2024-06-05,Tay_Ninh,11.3352,106.1099,29.2,80,11.8,94,1008.3,1
2024-06-06,Tay_Ninh,11.3352,106.1099,29.0,82,7.1,99,1008.7,1
2024-06-07,Tay_Ninh,11.3352,106.1099,28.8,82,12.7,99,1007.2,1
2024-06-08,Tay_Ninh,11.3352,106.1099,28.0,85,9.8,97,1006.1,1
2024-06-09,Tay_Ninh,11.3352,106.1099,26.9,88,23.2,100,1006.5,1
2024-06-10,Tay_Ninh,11.3352,106.1099,27.4,80,18.4,99,1008.5,1
2024-06-11,Tay_Ninh,11.3352,106.1099,28.1,80,15.2,79,1009.3,1
2024-06-12,Tay_Ninh,11.3352,106.1099,28.0,83,19.9,70,1009.6,1
2024-06-13,Tay_Ninh,11.3352,106.1099,28.7,81,17.7,68,1007.8,1
2024-06-14,Tay_Ninh,11.3352,106.1099,28.7,81,13.4,79,1005.8,1
2024-06-15,Tay_Ninh,11.3352,106.1099,28.0,84,16.3,71,1005.7,1
2024-06-16,Tay_Ninh,11.3352,106.1099,27.8,82,14.9,100,1006.7,1
2024-06-17,Tay_Ninh,11.3352,106.1099,28.0,82,20.0,66,1007.2,1
2024-06-18,Tay_Ninh,11.3352,106.1099,28.4,81,17.3,67,1006.6,1
2024-06-19,Tay_Ninh,11.3352,106.1099,28.9,80,15.3,100,1005.5,1
2024-06-20,Tay_Ninh,11.3352,106.1099,27.3,88,10.7,100,1005.2,1
2024-06-21,Tay_Ninh,11.3352,106.1099,26.9,89,11.0,100,1004.6,1
2024-06-22,Tay_Ninh,11.3352,106.1099,25.9,91,18.5,100,1004.9,1
2024-06-23,Tay_Ninh,11.3352,106.1099,26.5,87,20.0,100,1006.3,1
2024-06-24,Tay_Ninh,11.3352,106.1099,26.5,86,17.6,98,1006.8,1
2024-06-25,Tay_Ninh,11.3352,106.1099,26.8,87,15.0,96,1006.6,1
2024-06-26,Tay_Ninh,11.3352,106.1099,27.2,87,8.4,98,1007.1,1
2024-06-27,Tay_Ninh,11.3352,106.1099,26.8,89,10.7,99,1008.4,1
2024-06-28,Tay_Ninh,11.3352,106.1099,26.9,88,12.7,95,1008.4,1
2024-06-29,Tay_Ninh,11.3352,106.1099,27.4,87,14.7,90,1008.7,1
2024-06-30,Tay_Ninh,11.3352,106.1099,27.6,83,16.5,93,1009.3,1
2024-07-01,Tay_Ninh,11.3352,106.1099,27.3,86,13.0,74,1007.9,1
2024-07-02,Tay_Ninh,11.3352,106.1099,27.2,88,11.4,59,1006.4,1
2024-07-03,Tay_Ninh,11.3352,106.1099,27.1,87,12.0,100,1007.7,1
2024-07-04,Tay_Ninh,11.3352,106.1099,26.5,86,14.5,98,1009.4,1
2024-07-05,Tay_Ninh,11.3352,106.1099,27.3,83,13.4,73,1007.4,1
2024-07-06,Tay_Ninh,11.3352,106.1099,27.6,83,10.0,60,1005.7,1
2024-07-07,Tay_Ninh,11.3352,106.1099,26.8,88,14.9,92,1006.6,1
2024-07-08,Tay_Ninh,11.3352,106.1099,27.0,87,13.5,99,1006.5,1
2024-07-09,Tay_Ninh,11.3352,106.1099,26.6,89,18.3,100,1008.1,1
2024-07-10,Tay_Ninh,11.3352,106.1099,26.7,87,19.5,99,1009.1,1
2024-07-11,Tay_Ninh,11.3352,106.1099,26.2,89,16.1,100,1007.8,1
2024-07-12,Tay_Ninh,11.3352,106.1099,26.7,86,16.6,100,1006.1,1
2024-07-13,Tay_Ninh,11.3352,106.1099,26.2,89,16.0,100,1004.6,1
2024-07-14,Tay_Ninh,11.3352,106.1099,26.3,87,20.5,99,1004.8,1
2024-07-15,Tay_Ninh,11.3352,106.1099,26.9,85,16.8,100,1004.7,1
2024-07-16,Tay_Ninh,11.3352,106.1099,26.1,91,13.8,86,1004.8,1
2024-07-17,Tay_Ninh,11.3352,106.1099,25.8,91,20.7,99,1005.4,1
2024-07-18,Tay_Ninh,11.3352,106.1099,26.0,92,17.1,100,1006.6,1
2024-07-19,Tay_Ninh,11.3352,106.1099,26.0,90,16.1,100,1006.6,1
2024-07-20,Tay_Ninh,11.3352,106.1099,26.0,92,16.2,99,1007.1,1
2024-07-21,Tay_Ninh,11.3352,106.1099,26.2,92,15.5,100,1007.0,1
2024-07-22,Tay_Ninh,11.3352,106.1099,26.7,90,21.1,100,1007.2,1
2024-07-23,Tay_Ninh,11.3352,106.1099,27.3,86,15.8,97,1006.8,1
2024-07-24,Tay_Ninh,11.3352,106.1099,28.1,80,20.6,84,1005.0,1
2024-07-25,Tay_Ninh,11.3352,106.1099,26.8,87,23.0,96,1004.1,1
2024-07-26,Tay_Ninh,11.3352,106.1099,26.5,90,17.1,97,1005.4,1
2024-07-27,Tay_Ninh,11.3352,106.1099,26.5,90,15.5,100,1006.9,1
2024-07-28,Tay_Ninh,11.3352,106.1099,26.3,89,14.5,100,1007.2,1
2024-07-29,Tay_Ninh,11.3352,106.1099,26.3,89,16.1,100,1006.8,1
2024-07-30,Tay_Ninh,11.3352,106.1099,26.7,90,22.2,100,1008.1,1
2024-07-31,Tay_Ninh,11.3352,106.1099,27.2,87,14.0,93,1009.6,1
2024-08-01,Tay_Ninh,11.3352,106.1099,27.3,86,15.9,92,1009.7,1
2024-08-02,Tay_Ninh,11.3352,106.1099,27.4,86,13.9,96,1008.9,1
2024-08-03,Tay_Ninh,11.3352,106.1099,26.6,89,12.9,77,1009.0,1
2024-08-04,Tay_Ninh,11.3352,106.1099,26.2,88,9.0,90,1009.1,1
2024-08-05,Tay_Ninh,11.3352,106.1099,26.3,89,10.5,78,1008.2,1
2024-08-06,Tay_Ninh,11.3352,106.1099,26.8,88,13.9,78,1007.4,1
2024-08-07,Tay_Ninh,11.3352,106.1099,26.8,89,10.4,86,1008.0,1
2024-08-08,Tay_Ninh,11.3352,106.1099,28.0,82,10.7,62,1008.6,1
2024-08-09,Tay_Ninh,11.3352,106.1099,27.9,84,12.7,61,1008.1,1
2024-08-10,Tay_Ninh,11.3352,106.1099,28.0,85,13.9,50,1006.8,1
2024-08-11,Tay_Ninh,11.3352,106.1099,27.9,85,11.5,59,1005.1,1
2024-08-12,Tay_Ninh,11.3352,106.1099,27.3,86,22.3,89,1005.9,1
2024-08-13,Tay_Ninh,11.3352,106.1099,27.8,85,12.9,60,1007.0,1
2024-08-14,Tay_Ninh,11.3352,106.1099,28.2,85,13.7,61,1006.9,1
2024-08-15,Tay_Ninh,11.3352,106.1099,27.9,86,11.6,55,1006.2,1
2024-08-16,Tay_Ninh,11.3352,106.1099,27.9,85,16.6,80,1006.2,1
2024-08-17,Tay_Ninh,11.3352,106.1099,27.7,85,13.3,93,1007.8,1
2024-08-18,Tay_Ninh,11.3352,106.1099,28.3,81,9.7,76,1007.9,1
2024-08-19,Tay_Ninh,11.3352,106.1099,28.3,82,10.7,93,1007.6,1
2024-08-20,Tay_Ninh,11.3352,106.1099,28.1,82,10.3,96,1008.3,1
2024-08-21,Tay_Ninh,11.3352,106.1099,27.9,84,15.6,90,1009.1,1
2024-08-22,Tay_Ninh,11.3352,106.1099,27.7,83,22.1,98,1008.9,1
2024-08-23,Tay_Ninh,11.3352,106.1099,27.4,84,13.8,96,1009.8,1
2024-08-24,Tay_Ninh,11.3352,106.1099,26.9,86,13.9,100,1009.3,1
2024-08-25,Tay_Ninh,11.3352,106.1099,26.5,87,9.3,98,1008.1,1
2024-08-26,Tay_Ninh,11.3352,106.1099,26.3,89,10.1,99,1007.7,1
2024-08-27,Tay_Ninh,11.3352,106.1099,26.5,90,10.9,90,1007.9,1
2024-08-28,Tay_Ninh,11.3352,106.1099,26.6,90,14.8,96,1007.6,1
2024-08-29,Tay_Ninh,11.3352,106.1099,26.5,88,20.1,98,1007.8,1
2024-08-30,Tay_Ninh,11.3352,106.1099,26.8,86,14.7,95,1007.6,1
2024-08-31,Tay_Ninh,11.3352,106.1099,26.6,87,14.5,96,1007.4,1
2024-09-01,Tay_Ninh,11.3352,106.1099,26.0,91,12.7,95,1006.2,1
2024-09-02,Tay_Ninh,11.3352,106.1099,25.8,90,16.4,90,1006.5,1
2024-09-03,Tay_Ninh,11.3352,106.1099,26.0,91,19.5,99,1007.7,1
2024-09-04,Tay_Ninh,11.3352,106.1099,26.8,87,21.4,100,1006.3,1
2024-09-05,Tay_Ninh,11.3352,106.1099,26.9,87,24.8,98,1004.1,1
2024-09-06,Tay_Ninh,11.3352,106.1099,26.7,89,23.4,100,1004.3,1
2024-09-07,Tay_Ninh,11.3352,106.1099,27.8,83,19.3,100,1006.4,1
2024-09-08,Tay_Ninh,11.3352,106.1099,27.3,86,15.7,100,1008.1,1
2024-09-09,Tay_Ninh,11.3352,106.1099,27.7,84,12.3,98,1006.5,1
2024-09-10,Tay_Ninh,11.3352,106.1099,27.5,86,8.0,100,1005.9,1
2024-09-11,Tay_Ninh,11.3352,106.1099,26.8,90,10.8,98,1007.3,1
2024-09-12,Tay_Ninh,11.3352,106.1099,26.4,92,8.9,94,1007.7,1
2024-09-13,Tay_Ninh,11.3352,106.1099,26.8,90,12.9,91,1006.3,1
2024-09-14,Tay_Ninh,11.3352,106.1099,26.5,90,15.3,100,1004.9,1
2024-09-15,Tay_Ninh,11.3352,106.1099,26.7,90,16.5,100,1004.2,1
2024-09-16,Tay_Ninh,11.3352,106.1099,26.5,90,15.1,100,1003.4,1
2024-09-17,Tay_Ninh,11.3352,106.1099,25.3,93,13.2,100,1002.1,1
2024-09-18,Tay_Ninh,11.3352,106.1099,25.2,95,14.9,100,1001.4,1
2024-09-19,Tay_Ninh,11.3352,106.1099,26.2,89,15.7,92,1001.5,1
2024-09-20,Tay_Ninh,11.3352,106.1099,26.3,90,19.1,95,1003.1,1
2024-09-21,Tay_Ninh,11.3352,106.1099,25.9,92,20.6,100,1005.3,1
2024-09-22,Tay_Ninh,11.3352,106.1099,25.8,93,16.1,100,1006.8,1
2024-09-23,Tay_Ninh,11.3352,106.1099,26.1,91,15.5,100,1009.0,1
2024-09-24,Tay_Ninh,11.3352,106.1099,26.5,90,8.3,100,1009.2,1
2024-09-25,Tay_Ninh,11.3352,106.1099,26.5,88,9.7,90,1009.8,1
2024-09-26,Tay_Ninh,11.3352,106.1099,26.5,87,10.6,84,1009.6,1
2024-09-27,Tay_Ninh,11.3352,106.1099,26.3,90,10.8,76,1009.5,1
2024-09-28,Tay_Ninh,11.3352,106.1099,27.9,81,9.5,56,1008.5,1
2024-09-29,Tay_Ninh,11.3352,106.1099,28.6,78,9.7,93,1008.0,1
2024-09-30,Tay_Ninh,11.3352,106.1099,27.5,88,7.5,94,1007.2,1
2024-10-01,Tay_Ninh,11.3352,106.1099,27.6,86,15.7,94,1006.9,1
2024-10-02,Tay_Ninh,11.3352,106.1099,27.5,87,9.6,99,1008.5,1
2024-10-03,Tay_Ninh,11.3352,106.1099,26.3,90,8.1,95,1009.5,1
2024-10-04,Tay_Ninh,11.3352,106.1099,26.5,88,8.4,87,1009.4,1
2024-10-05,Tay_Ninh,11.3352,106.1099,27.2,82,13.2,75,1008.6,1
2024-10-06,Tay_Ninh,11.3352,106.1099,26.0,88,9.6,96,1009.9,1
2024-10-07,Tay_Ninh,11.3352,106.1099,26.5,86,10.1,94,1010.2,1
2024-10-08,Tay_Ninh,11.3352,106.1099,26.2,89,13.1,91,1009.7,1
2024-10-09,Tay_Ninh,11.3352,106.1099,26.0,90,13.9,97,1008.7,1
2024-10-10,Tay_Ninh,11.3352,106.1099,26.5,89,10.6,89,1008.4,1
2024-10-11,Tay_Ninh,11.3352,106.1099,27.0,86,12.2,79,1008.2,1
2024-10-12,Tay_Ninh,11.3352,106.1099,26.5,90,10.7,95,1009.0,1
2024-10-13,Tay_Ninh,11.3352,106.1099,27.3,85,11.2,77,1008.6,1
2024-10-14,Tay_Ninh,11.3352,106.1099,27.3,84,9.8,84,1007.9,1
2024-10-15,Tay_Ninh,11.3352,106.1099,26.2,90,10.5,93,1008.9,1
2024-10-16,Tay_Ninh,11.3352,106.1099,26.3,88,11.0,99,1009.6,1
2024-10-17,Tay_Ninh,11.3352,106.1099,26.1,89,12.9,84,1009.4,1
2024-10-18,Tay_Ninh,11.3352,106.1099,25.7,90,14.0,79,1009.3,1
2024-10-19,Tay_Ninh,11.3352,106.1099,26.0,90,19.8,100,1009.7,1
2024-10-20,Tay_Ninh,11.3352,106.1099,26.0,90,13.1,88,1010.7,1
2024-10-21,Tay_Ninh,11.3352,106.1099,26.0,91,12.7,88,1009.5,1
2024-10-22,Tay_Ninh,11.3352,106.1099,25.7,91,12.0,99,1008.6,1
2024-10-23,Tay_Ninh,11.3352,106.1099,26.4,86,14.5,99,1008.5,1
2024-10-24,Tay_Ninh,11.3352,106.1099,27.1,83,13.0,72,1008.1,1
2024-10-25,Tay_Ninh,11.3352,106.1099,26.8,80,13.1,81,1007.0,0
2024-10-26,Tay_Ninh,11.3352,106.1099,27.3,79,15.7,99,1005.1,0
2024-10-27,Tay_Ninh,11.3352,106.1099,24.1,94,13.5,100,1004.8,1
2024-10-28,Tay_Ninh,11.3352,106.1099,23.8,95,9.1,99,1005.3,1
2024-10-29,Tay_Ninh,11.3352,106.1099,25.8,84,11.4,92,1006.9,1
2024-10-30,Tay_Ninh,11.3352,106.1099,26.1,87,13.6,65,1008.6,1
2024-10-31,Tay_Ninh,11.3352,106.1099,26.6,85,13.0,87,1008.0,1
2024-11-01,Tay_Ninh,11.3352,106.1099,26.9,85,11.7,92,1008.3,1
2024-11-02,Tay_Ninh,11.3352,106.1099,25.4,91,11.7,97,1009.8,1
2024-11-03,Tay_Ninh,11.3352,106.1099,26.1,87,14.5,83,1009.8,1
2024-11-04,Tay_Ninh,11.3352,106.1099,25.7,89,18.9,84,1009.6,1
2024-11-05,Tay_Ninh,11.3352,106.1099,26.2,85,9.7,95,1009.9,1
2024-11-06,Tay_Ninh,11.3352,106.1099,26.4,86,10.8,78,1010.1,1
2024-11-07,Tay_Ninh,11.3352,106.1099,26.6,84,14.8,43,1010.1,1
2024-11-08,Tay_Ninh,11.3352,106.1099,27.0,76,14.0,77,1009.9,1
2024-11-09,Tay_Ninh,11.3352,106.1099,26.6,78,12.2,89,1009.7,1
2024-11-10,Tay_Ninh,11.3352,106.1099,26.7,83,10.1,53,1010.0,1
2024-11-11,Tay_Ninh,11.3352,106.1099,27.3,81,8.8,65,1009.0,0
2024-11-12,Tay_Ninh,11.3352,106.1099,27.4,82,8.7,91,1008.0,1
2024-11-13,Tay_Ninh,11.3352,106.1099,27.3,84,10.9,63,1007.8,1
2024-11-14,Tay_Ninh,11.3352,106.1099,28.3,77,10.3,41,1008.2,0
2024-11-15,Tay_Ninh,11.3352,106.1099,28.1,80,7.7,90,1008.2,1
2024-11-16,Tay_Ninh,11.3352,106.1099,28.3,74,12.1,72,1008.0,1
2024-11-17,Tay_Ninh,11.3352,106.1099,28.1,72,8.1,67,1007.8,1
2024-11-18,Tay_Ninh,11.3352,106.1099,27.8,73,10.8,25,1008.1,0
2024-11-19,Tay_Ninh,11.3352,106.1099,27.9,73,11.9,70,1008.9,1
2024-11-20,Tay_Ninh,11.3352,106.1099,27.5,79,20.1,61,1008.5,1
2024-11-21,Tay_Ninh,11.3352,106.1099,27.4,80,12.4,61,1007.9,1
2024-11-22,Tay_Ninh,11.3352,106.1099,28.2,73,12.2,58,1008.2,1
2024-11-23,Tay_Ninh,11.3352,106.1099,27.6,77,11.4,100,1008.7,0
2024-11-24,Tay_Ninh,11.3352,106.1099,27.4,80,13.0,97,1008.9,1
2024-11-25,Tay_Ninh,11.3352,106.1099,27.9,79,9.6,95,1008.6,0
2024-11-26,Tay_Ninh,11.3352,106.1099,28.4,70,13.4,100,1007.9,0
2024-11-27,Tay_Ninh,11.3352,106.1099,28.3,66,18.3,83,1008.3,1
2024-11-28,Tay_Ninh,11.3352,106.1099,28.3,60,25.0,93,1009.6,0
2024-11-29,Tay_Ninh,11.3352,106.1099,26.2,61,16.5,95,1010.0,1
2024-11-30,Tay_Ninh,11.3352,106.1099,26.5,64,14.5,88,1008.7,0
2024-12-01,Tay_Ninh,11.3352,106.1099,26.9,69,10.4,49,1007.5,0
2024-12-02,Tay_Ninh,11.3352,106.1099,27.8,76,10.3,93,1006.9,0
2024-12-03,Tay_Ninh,11.3352,106.1099,27.3,80,14.4,100,1007.5,0
2024-12-04,Tay_Ninh,11.3352,106.1099,27.0,80,16.0,97,1007.5,1
2024-12-05,Tay_Ninh,11.3352,106.1099,27.8,76,15.4,99,1007.1,0
2024-12-06,Tay_Ninh,11.3352,106.1099,27.9,73,13.4,67,1007.6,0
2024-12-07,Tay_Ninh,11.3352,106.1099,26.3,90,9.9,89,1008.6,1
2024-12-08,Tay_Ninh,11.3352,106.1099,28.5,63,15.7,77,1008.8,0
2024-12-09,Tay_Ninh,11.3352,106.1099,28.6,60,17.7,99,1007.7,0
2024-12-10,Tay_Ninh,11.3352,106.1099,27.0,69,17.8,99,1007.2,1
2024-12-11,Tay_Ninh,11.3352,106.1099,26.5,77,25.3,100,1006.3,1
2024-12-12,Tay_Ninh,11.3352,106.1099,26.4,85,12.2,100,1006.6,1
2024-12-13,Tay_Ninh,11.3352,106.1099,26.1,88,12.8,100,1007.7,1
2024-12-14,Tay_Ninh,11.3352,106.1099,25.5,89,13.0,100,1009.5,1
2024-12-15,Tay_Ninh,11.3352,106.1099,25.5,82,17.3,93,1010.9,1
2024-12-16,Tay_Ninh,11.3352,106.1099,25.5,71,16.9,98,1011.3,1
2024-12-17,Tay_Ninh,11.3352,106.1099,25.6,70,17.9,38,1010.5,0
2024-12-18,Tay_Ninh,11.3352,106.1099,26.2,68,17.5,42,1009.9,0
2024-12-19,Tay_Ninh,11.3352,106.1099,26.2,67,18.3,59,1010.2,0
2024-12-20,Tay_Ninh,11.3352,106.1099,25.3,65,15.0,73,1010.0,0
2024-12-21,Tay_Ninh,11.3352,106.1099,24.6,65,11.5,100,1010.6,0
2024-12-22,Tay_Ninh,11.3352,106.1099,24.1,62,13.5,97,1010.2,0
2024-12-23,Tay_Ninh,11.3352,106.1099,25.3,65,21.7,85,1009.0,0
2024-12-24,Tay_Ninh,11.3352,106.1099,26.5,63,24.9,87,1009.9,0
2024-12-25,Tay_Ninh,11.3352,106.1099,27.2,60,23.7,88,1010.3,0
2024-12-26,Tay_Ninh,11.3352,106.1099,27.7,69,12.8,88,1011.4,1
2024-12-27,Tay_Ninh,11.3352,106.1099,26.7,81,16.4,88,1012.1,1
2024-12-28,Tay_Ninh,11.3352,106.1099,27.1,75,19.0,70,1012.0,1
2024-12-29,Tay_Ninh,11.3352,106.1099,26.2,63,18.9,36,1011.8,0
2024-12-30,Tay_Ninh,11.3352,106.1099,26.0,64,13.0,65,1011.4,0
2024-12-31,Tay_Ninh,11.3352,106.1099,26.7,63,20.9,76,1010.6,0
2025-01-01,Tay_Ninh,11.3352,106.1099,26.6,61,14.8,98,1009.3,0
2025-01-02,Tay_Ninh,11.3352,106.1099,27.0,63,16.0,81,1009.3,0
2025-01-03,Tay_Ninh,11.3352,106.1099,28.4,58,20.4,95,1009.4,0
2025-01-04,Tay_Ninh,11.3352,106.1099,27.3,56,15.6,94,1009.5,0
2025-01-05,Tay_Ninh,11.3352,106.1099,26.6,52,15.5,70,1010.6,0
2025-01-06,Tay_Ninh,11.3352,106.1099,26.0,60,12.2,43,1010.5,0
2025-01-07,Tay_Ninh,11.3352,106.1099,26.4,57,11.6,28,1010.5,0
2025-01-08,Tay_Ninh,11.3352,106.1099,27.0,62,14.1,43,1010.4,0
2025-01-09,Tay_Ninh,11.3352,106.1099,27.0,52,10.2,81,1011.2,0
2025-01-10,Tay_Ninh,11.3352,106.1099,27.4,52,19.2,83,1012.8,0
2025-01-11,Tay_Ninh,11.3352,106.1099,26.3,51,23.4,87,1013.8,0
2025-01-12,Tay_Ninh,11.3352,106.1099,25.4,49,20.1,67,1013.0,0
2025-01-13,Tay_Ninh,11.3352,106.1099,24.4,54,14.8,47,1011.9,0
2025-01-14,Tay_Ninh,11.3352,106.1099,26.4,61,16.6,69,1011.4,0
2025-01-15,Tay_Ninh,11.3352,106.1099,27.8,68,18.4,73,1011.0,1
2025-01-16,Tay_Ninh,11.3352,106.1099,28.4,56,21.0,54,1011.4,0
2025-01-17,Tay_Ninh,11.3352,106.1099,26.7,53,18.0,88,1010.7,0
2025-01-18,Tay_Ninh,11.3352,106.1099,26.2,55,12.1,25,1010.1,0
2025-01-19,Tay_Ninh,11.3352,106.1099,27.2,60,14.1,52,1008.9,0
2025-01-20,Tay_Ninh,11.3352,106.1099,26.8,53,12.3,82,1008.7,0
2025-01-21,Tay_Ninh,11.3352,106.1099,26.1,63,10.1,73,1009.4,0
2025-01-22,Tay_Ninh,11.3352,106.1099,26.3,62,7.4,95,1009.7,0
2025-01-23,Tay_Ninh,11.3352,106.1099,27.5,63,9.7,99,1009.7,0
2025-01-24,Tay_Ninh,11.3352,106.1099,28.2,64,12.5,93,1008.5,0
2025-01-25,Tay_Ninh,11.3352,106.1099,28.2,64,13.5,67,1008.5,0
2025-01-26,Tay_Ninh,11.3352,106.1099,28.3,62,19.8,39,1009.0,1
2025-01-27,Tay_Ninh,11.3352,106.1099,26.8,52,19.4,50,1009.5,0
2025-01-28,Tay_Ninh,11.3352,106.1099,25.9,53,13.4,49,1012.1,0
2025-01-29,Tay_Ninh,11.3352,106.1099,25.2,51,17.1,88,1013.4,0
2025-01-30,Tay_Ninh,11.3352,106.1099,25.1,53,9.4,98,1010.8,0
2025-01-31,Tay_Ninh,11.3352,106.1099,26.2,58,8.6,93,1009.3,0
2025-02-01,Tay_Ninh,11.3352,106.1099,26.8,59,15.2,81,1008.3,0
2025-02-02,Tay_Ninh,11.3352,106.1099,27.5,64,14.3,60,1008.4,0
2025-02-03,Tay_Ninh,11.3352,106.1099,27.8,65,13.6,29,1009.0,0
2025-02-04,Tay_Ninh,11.3352,106.1099,27.9,51,16.9,41,1010.1,0
2025-02-05,Tay_Ninh,11.3352,106.1099,27.0,53,12.6,41,1009.6,0
2025-02-06,Tay_Ninh,11.3352,106.1099,26.7,65,11.6,39,1009.3,0
2025-02-07,Tay_Ninh,11.3352,106.1099,27.4,57,16.9,81,1009.8,0
2025-02-08,Tay_Ninh,11.3352,106.1099,27.9,47,21.3,55,1010.0,0
2025-02-09,Tay_Ninh,11.3352,106.1099,26.9,49,22.5,58,1010.4,0
2025-02-10,Tay_Ninh,11.3352,106.1099,27.6,50,14.3,99,1010.4,0
2025-02-11,Tay_Ninh,11.3352,106.1099,28.3,56,12.3,95,1010.2,0
2025-02-12,Tay_Ninh,11.3352,106.1099,29.0,64,11.9,40,1010.0,1
2025-02-13,Tay_Ninh,11.3352,106.1099,28.1,74,12.0,59,1010.5,1
2025-02-14,Tay_Ninh,11.3352,106.1099,27.9,75,10.8,37,1009.8,1
2025-02-15,Tay_Ninh,11.3352,106.1099,27.7,75,18.2,38,1008.9,1
2025-02-16,Tay_Ninh,11.3352,106.1099,27.7,76,16.7,43,1009.9,1
2025-02-17,Tay_Ninh,11.3352,106.1099,28.2,68,14.4,51,1010.8,1
2025-02-18,Tay_Ninh,11.3352,106.1099,27.4,76,13.1,73,1011.1,1
2025-02-19,Tay_Ninh,11.3352,106.1099,26.7,79,12.6,68,1010.9,1
2025-02-20,Tay_Ninh,11.3352,106.1099,27.2,74,9.7,94,1010.7,0
2025-02-21,Tay_Ninh,11.3352,106.1099,27.3,77,12.7,81,1011.4,1
2025-02-22,Tay_Ninh,11.3352,106.1099,27.0,80,16.7,68,1011.6,1
2025-02-23,Tay_Ninh,11.3352,106.1099,26.4,82,12.0,93,1012.7,1
2025-02-24,Tay_Ninh,11.3352,106.1099,27.4,73,14.7,53,1013.1,1
2025-02-25,Tay_Ninh,11.3352,106.1099,27.7,69,16.6,45,1013.9,0
2025-02-26,Tay_Ninh,11.3352,106.1099,27.2,70,13.9,85,1013.7,1
2025-02-27,Tay_Ninh,11.3352,106.1099,27.7,72,11.8,53,1011.3,0
2025-02-28,Tay_Ninh,11.3352,106.1099,28.1,68,15.9,28,1010.7,0
2025-03-01,Tay_Ninh,11.3352,106.1099,27.9,69,18.3,57,1009.6,0
2025-03-02,Tay_Ninh,11.3352,106.1099,27.7,67,14.7,58,1008.6,0
2025-03-03,Tay_Ninh,11.3352,106.1099,27.9,69,16.7,69,1007.9,0
2025-03-04,Tay_Ninh,11.3352,106.1099,28.1,73,13.2,57,1007.6,1
2025-03-05,Tay_Ninh,11.3352,106.1099,28.8,74,16.0,54,1007.1,0
2025-03-06,Tay_Ninh,11.3352,106.1099,28.9,70,15.2,53,1008.7,0
2025-03-07,Tay_Ninh,11.3352,106.1099,28.5,72,15.2,61,1008.7,1
2025-03-08,Tay_Ninh,11.3352,106.1099,27.8,75,14.6,50,1009.4,1
2025-03-09,Tay_Ninh,11.3352,106.1099,27.4,70,16.7,84,1010.9,1
2025-03-10,Tay_Ninh,11.3352,106.1099,27.4,78,15.7,66,1011.2,1
2025-03-11,Tay_Ninh,11.3352,106.1099,28.2,76,11.6,48,1009.8,1
2025-03-12,Tay_Ninh,11.3352,106.1099,28.9,69,12.7,91,1008.5,1
2025-03-13,Tay_Ninh,11.3352,106.1099,28.7,67,15.6,76,1008.7,0
2025-03-14,Tay_Ninh,11.3352,106.1099,28.5,72,12.8,42,1009.7,0
2025-03-15,Tay_Ninh,11.3352,106.1099,28.9,72,16.3,69,1009.7,1
2025-03-16,Tay_Ninh,11.3352,106.1099,28.2,77,14.3,39,1009.4,1
2025-03-17,Tay_Ninh,11.3352,106.1099,27.3,80,20.5,75,1010.1,1
2025-03-18,Tay_Ninh,11.3352,106.1099,27.8,74,14.7,39,1010.6,0
2025-03-19,Tay_Ninh,11.3352,106.1099,27.9,61,17.3,76,1012.5,0
2025-03-20,Tay_Ninh,11.3352,106.1099,26.7,60,16.2,98,1013.5,0
2025-03-21,Tay_Ninh,11.3352,106.1099,26.9,62,11.4,69,1013.3,0
2025-03-22,Tay_Ninh,11.3352,106.1099,27.1,67,14.6,59,1011.8,0
2025-03-23,Tay_Ninh,11.3352,106.1099,27.3,71,14.8,55,1011.2,0
2025-03-24,Tay_Ninh,11.3352,106.1099,27.5,72,16.2,23,1009.4,0
2025-03-25,Tay_Ninh,11.3352,106.1099,27.4,70,13.9,53,1007.3,1
2025-03-26,Tay_Ninh,11.3352,106.1099,27.7,70,13.3,58,1006.0,0
2025-03-27,Tay_Ninh,11.3352,106.1099,28.1,68,14.9,48,1005.4,0
2025-03-28,Tay_Ninh,11.3352,106.1099,28.2,69,13.7,27,1006.1,0
2025-03-29,Tay_Ninh,11.3352,106.1099,29.1,68,17.6,68,1007.4,0
2025-03-30,Tay_Ninh,11.3352,106.1099,28.9,73,15.4,62,1009.0,1
2025-03-31,Tay_Ninh,11.3352,106.1099,28.4,75,12.5,90,1008.9,1
2025-04-01,Tay_Ninh,11.3352,106.1099,27.7,81,14.6,80,1008.9,1
2025-04-02,Tay_Ninh,11.3352,106.1099,27.1,82,9.8,81,1009.6,1
2025-04-03,Tay_Ninh,11.3352,106.1099,28.1,73,13.0,35,1010.5,0
2025-04-04,Tay_Ninh,11.3352,106.1099,28.3,72,16.6,50,1009.7,1
2025-04-05,Tay_Ninh,11.3352,106.1099,29.1,66,16.1,47,1009.2,1
2025-04-06,Tay_Ninh,11.3352,106.1099,29.2,69,15.3,55,1009.3,0
2025-04-07,Tay_Ninh,11.3352,106.1099,29.3,66,12.9,49,1010.3,1
2025-04-08,Tay_Ninh,11.3352,106.1099,29.1,65,15.9,85,1010.9,0
2025-04-09,Tay_Ninh,11.3352,106.1099,29.4,67,14.1,58,1009.3,1
2025-04-10,Tay_Ninh,11.3352,106.1099,28.4,76,12.1,100,1007.8,1
2025-04-11,Tay_Ninh,11.3352,106.1099,28.8,78,10.8,87,1007.2,1
2025-04-12,Tay_Ninh,11.3352,106.1099,29.5,71,11.4,50,1007.9,1
2025-04-13,Tay_Ninh,11.3352,106.1099,29.5,74,13.6,31,1008.3,1
2025-04-14,Tay_Ninh,11.3352,106.1099,28.4,79,13.3,71,1009.3,1
2025-04-15,Tay_Ninh,11.3352,106.1099,28.5,78,14.8,87,1008.8,1
2025-04-16,Tay_Ninh,11.3352,106.1099,28.3,77,12.4,96,1008.9,1
2025-04-17,Tay_Ninh,11.3352,106.1099,28.3,79,10.8,95,1008.5,1
2025-04-18,Tay_Ninh,11.3352,106.1099,29.0,77,12.7,56,1007.9,1
2025-04-19,Tay_Ninh,11.3352,106.1099,29.1,73,12.6,35,1007.5,1
2025-04-20,Tay_Ninh,11.3352,106.1099,29.8,68,16.3,36,1008.0,0
2025-04-21,Tay_Ninh,11.3352,106.1099,29.3,75,12.4,51,1009.5,1
2025-04-22,Tay_Ninh,11.3352,106.1099,29.2,74,15.5,83,1009.6,1
2025-04-23,Tay_Ninh,11.3352,106.1099,28.0,80,24.0,71,1008.8,1
2025-04-24,Tay_Ninh,11.3352,106.1099,28.1,80,15.0,63,1008.4,1
2025-04-25,Tay_Ninh,11.3352,106.1099,28.4,80,10.3,71,1008.8,1
2025-04-26,Tay_Ninh,11.3352,106.1099,27.6,84,12.2,94,1009.2,1
2025-04-27,Tay_Ninh,11.3352,106.1099,28.3,77,12.4,64,1009.1,1
2025-04-28,Tay_Ninh,11.3352,106.1099,29.1,74,15.7,48,1008.0,1
2025-04-29,Tay_Ninh,11.3352,106.1099,28.9,70,14.4,74,1008.2,1
2025-04-30,Tay_Ninh,11.3352,106.1099,29.7,65,14.5,47,1007.9,0
2025-05-01,Tay_Ninh,11.3352,106.1099,29.9,68,11.6,72,1008.5,1
2025-05-02,Tay_Ninh,11.3352,106.1099,29.4,74,13.9,91,1008.0,1
2025-05-03,Tay_Ninh,11.3352,106.1099,28.3,78,11.7,95,1008.0,1
2025-05-04,Tay_Ninh,11.3352,106.1099,28.0,82,10.8,89,1006.9,1
2025-05-05,Tay_Ninh,11.3352,106.1099,28.9,77,22.2,61,1007.0,1
2025-05-06,Tay_Ninh,11.3352,106.1099,29.3,75,13.4,65,1006.8,1
2025-05-07,Tay_Ninh,11.3352,106.1099,30.6,70,17.1,62,1006.0,1
2025-05-08,Tay_Ninh,11.3352,106.1099,30.7,69,21.8,86,1006.0,1
2025-05-09,Tay_Ninh,11.3352,106.1099,30.6,70,15.8,61,1006.1,1
2025-05-10,Tay_Ninh,11.3352,106.1099,27.5,86,14.9,81,1006.6,1
2025-05-11,Tay_Ninh,11.3352,106.1099,27.6,85,16.2,86,1005.7,1
2025-05-12,Tay_Ninh,11.3352,106.1099,27.2,86,14.8,84,1006.1,1
2025-05-13,Tay_Ninh,11.3352,106.1099,27.5,84,12.6,97,1007.7,1
2025-05-14,Tay_Ninh,11.3352,106.1099,27.7,85,13.8,98,1008.5,1
2025-05-15,Tay_Ninh,11.3352,106.1099,27.7,86,16.3,97,1008.7,1
2025-05-16,Tay_Ninh,11.3352,106.1099,28.3,82,15.4,91,1008.0,1
2025-05-17,Tay_Ninh,11.3352,106.1099,28.9,79,12.2,71,1007.9,1
2025-05-18,Tay_Ninh,11.3352,106.1099,28.6,81,10.2,99,1007.7,1
2025-05-19,Tay_Ninh,11.3352,106.1099,27.4,85,11.8,82,1007.4,1
2025-05-20,Tay_Ninh,11.3352,106.1099,27.8,84,12.5,96,1007.3,1
2025-05-21,Tay_Ninh,11.3352,106.1099,28.1,83,16.0,84,1006.8,1
2025-05-22,Tay_Ninh,11.3352,106.1099,27.5,86,11.1,100,1005.7,1
2025-05-23,Tay_Ninh,11.3352,106.1099,27.4,88,17.0,100,1004.6,1
2025-05-24,Tay_Ninh,11.3352,106.1099,26.5,90,14.1,98,1005.8,1
2025-05-25,Tay_Ninh,11.3352,106.1099,26.1,92,11.2,91,1007.9,1
2025-05-26,Tay_Ninh,11.3352,106.1099,27.6,84,13.1,83,1008.0,1
2025-05-27,Tay_Ninh,11.3352,106.1099,27.0,89,15.1,97,1007.6,1
2025-05-28,Tay_Ninh,11.3352,106.1099,27.4,87,10.4,99,1006.3,1
2025-05-29,Tay_Ninh,11.3352,106.1099,25.9,94,11.7,100,1007.6,1
2025-05-30,Tay_Ninh,11.3352,106.1099,27.3,86,12.1,92,1009.1,1
2025-05-31,Tay_Ninh,11.3352,106.1099,27.4,85,22.4,87,1009.5,1
2025-06-01,Tay_Ninh,11.3352,106.1099,28.0,84,14.3,88,1008.7,1
2025-06-02,Tay_Ninh,11.3352,106.1099,27.9,85,20.9,100,1008.1,1
2025-06-03,Tay_Ninh,11.3352,106.1099,27.1,89,15.5,89,1007.5,1
2025-06-04,Tay_Ninh,11.3352,106.1099,27.8,86,12.4,73,1007.2,1
2025-06-05,Tay_Ninh,11.3352,106.1099,27.9,86,9.7,78,1007.4,1
2025-06-06,Tay_Ninh,11.3352,106.1099,27.3,88,15.1,98,1007.4,1
2025-06-07,Tay_Ninh,11.3352,106.1099,27.7,87,11.3,98,1006.8,1
2025-06-08,Tay_Ninh,11.3352,106.1099,26.8,89,17.2,96,1006.4,1
2025-06-09,Tay_Ninh,11.3352,106.1099,26.9,89,18.0,93,1005.5,1
2025-06-10,Tay_Ninh,11.3352,106.1099,26.5,91,19.0,98,1004.6,1
2025-06-11,Tay_Ninh,11.3352,106.1099,26.0,92,23.2,100,1004.5,1
2025-06-12,Tay_Ninh,11.3352,106.1099,26.8,88,19.7,100,1004.9,1
2025-06-13,Tay_Ninh,11.3352,106.1099,26.7,89,21.2,100,1006.9,1
2025-06-14,Tay_Ninh,11.3352,106.1099,27.0,89,20.7,100,1008.2,1
2025-06-15,Tay_Ninh,11.3352,106.1099,27.6,87,12.8,99,1007.4,1
2025-06-16,Tay_Ninh,11.3352,106.1099,27.8,87,15.7,90,1007.6,1
2025-06-17,Tay_Ninh,11.3352,106.1099,27.3,87,13.2,100,1008.1,1
2025-06-18,Tay_Ninh,11.3352,106.1099,26.5,90,9.4,94,1008.0,1
2025-06-19,Tay_Ninh,11.3352,106.1099,26.6,90,11.1,99,1007.3,1
2025-06-20,Tay_Ninh,11.3352,106.1099,26.9,89,10.1,96,1007.4,1
2025-06-21,Tay_Ninh,11.3352,106.1099,26.7,88,12.5,100,1007.0,1
2025-06-22,Tay_Ninh,11.3352,106.1099,26.4,87,19.6,100,1007.7,1
2025-06-23,Tay_Ninh,11.3352,106.1099,26.8,84,16.9,99,1007.2,1
2025-06-24,Tay_Ninh,11.3352,106.1099,26.8,88,12.5,100,1006.9,1
2025-06-25,Tay_Ninh,11.3352,106.1099,26.7,89,12.0,99,1007.4,1
2025-06-26,Tay_Ninh,11.3352,106.1099,26.0,93,20.6,88,1007.9,1
2025-06-27,Tay_Ninh,11.3352,106.1099,26.0,92,16.2,99,1007.5,1
2025-06-28,Tay_Ninh,11.3352,106.1099,26.6,88,17.4,55,1007.0,1
2025-06-29,Tay_Ninh,11.3352,106.1099,27.0,84,22.1,99,1005.8,1
2025-06-30,Tay_Ninh,11.3352,106.1099,27.5,81,14.3,84,1005.4,1
2025-07-01,Tay_Ninh,11.3352,106.1099,27.0,88,12.6,94,1005.8,1
2025-07-02,Tay_Ninh,11.3352,106.1099,26.6,86,15.6,100,1007.0,1
2025-07-03,Tay_Ninh,11.3352,106.1099,26.3,88,14.3,98,1007.8,1
2025-07-04,Tay_Ninh,11.3352,106.1099,26.7,88,25.8,87,1007.1,1
2025-07-05,Tay_Ninh,11.3352,106.1099,27.4,87,13.4,88,1006.1,1
2025-07-06,Tay_Ninh,11.3352,106.1099,27.4,85,16.5,100,1006.6,1
2025-07-07,Tay_Ninh,11.3352,106.1099,26.5,91,18.0,89,1007.6,1
2025-07-08,Tay_Ninh,11.3352,106.1099,27.3,84,14.5,98,1007.7,1
2025-07-09,Tay_Ninh,11.3352,106.1099,27.1,84,17.1,88,1007.0,1
2025-07-10,Tay_Ninh,11.3352,106.1099,27.1,86,14.6,63,1004.6,1
2025-07-11,Tay_Ninh,11.3352,106.1099,27.9,83,18.7,92,1003.7,1
2025-07-12,Tay_Ninh,11.3352,106.1099,27.3,86,18.8,69,1005.3,1
2025-07-13,Tay_Ninh,11.3352,106.1099,27.2,88,13.1,56,1006.4,1
2025-07-14,Tay_Ninh,11.3352,106.1099,27.2,89,12.5,85,1006.4,1
2025-07-15,Tay_Ninh,11.3352,106.1099,26.6,90,18.5,91,1006.1,1
2025-07-16,Tay_Ninh,11.3352,106.1099,26.3,91,15.0,99,1006.9,1
2025-07-17,Tay_Ninh,11.3352,106.1099,26.1,92,11.9,95,1007.2,1
2025-07-18,Tay_Ninh,11.3352,106.1099,26.4,89,20.7,98,1006.2,1
2025-07-19,Tay_Ninh,11.3352,106.1099,26.9,86,21.5,97,1003.7,1
2025-07-20,Tay_Ninh,11.3352,106.1099,27.0,84,26.0,100,1003.9,1
2025-07-21,Tay_Ninh,11.3352,106.1099,27.0,85,21.8,100,1004.9,1
2025-07-22,Tay_Ninh,11.3352,106.1099,28.5,76,27.2,100,1004.1,1
2025-07-23,Tay_Ninh,11.3352,106.1099,28.0,80,20.8,94,1003.9,1
2025-07-24,Tay_Ninh,11.3352,106.1099,28.6,76,16.8,99,1005.0,0
2025-07-25,Tay_Ninh,11.3352,106.1099,28.6,76,17.0,96,1005.2,1
2025-07-26,Tay_Ninh,11.3352,106.1099,28.0,79,21.2,99,1005.8,1
2025-07-27,Tay_Ninh,11.3352,106.1099,27.3,85,20.0,100,1006.0,1
2025-07-28,Tay_Ninh,11.3352,106.1099,27.1,87,25.9,91,1005.5,1
2025-07-29,Tay_Ninh,11.3352,106.1099,28.2,82,21.8,78,1005.4,1
2025-07-30,Tay_Ninh,11.3352,106.1099,28.7,78,18.9,92,1006.2,1
2025-07-31,Tay_Ninh,11.3352,106.1099,28.0,81,24.0,88,1006.3,1
2025-08-01,Tay_Ninh,11.3352,106.1099,28.6,81,15.4,94,1005.6,1
2025-08-02,Tay_Ninh,11.3352,106.1099,28.8,80,15.2,98,1006.7,1
2025-08-03,Tay_Ninh,11.3352,106.1099,28.4,83,18.8,95,1008.2,1
2025-08-04,Tay_Ninh,11.3352,106.1099,28.2,84,12.1,78,1007.9,1
2025-08-05,Tay_Ninh,11.3352,106.1099,27.7,85,19.8,81,1007.6,1
2025-08-06,Tay_Ninh,11.3352,106.1099,27.7,84,15.2,100,1007.6,1
2025-08-07,Tay_Ninh,11.3352,106.1099,27.9,82,11.8,83,1008.4,1
2025-08-08,Tay_Ninh,11.3352,106.1099,28.0,84,7.9,60,1008.9,1
2025-08-09,Tay_Ninh,11.3352,106.1099,27.1,88,13.0,99,1008.9,1
2025-08-10,Tay_Ninh,11.3352,106.1099,27.0,85,16.9,96,1007.3,1
2025-08-11,Tay_Ninh,11.3352,106.1099,26.9,87,16.0,83,1006.6,1
2025-08-12,Tay_Ninh,11.3352,106.1099,26.8,85,13.7,95,1006.6,1
2025-08-13,Tay_Ninh,11.3352,106.1099,26.5,87,18.6,99,1007.5,1
2025-08-14,Tay_Ninh,11.3352,106.1099,26.0,90,10.4,98,1006.5,1
2025-08-15,Tay_Ninh,11.3352,106.1099,25.7,92,11.2,100,1004.8,1
2025-08-16,Tay_Ninh,11.3352,106.1099,25.0,94,15.8,100,1005.3,1
2025-08-17,Tay_Ninh,11.3352,106.1099,25.7,89,18.6,100,1007.3,1
2025-08-18,Tay_Ninh,11.3352,106.1099,27.0,82,11.7,97,1008.6,1
2025-08-19,Tay_Ninh,11.3352,106.1099,27.3,85,17.0,53,1008.9,1
2025-08-20,Tay_Ninh,11.3352,106.1099,27.2,85,12.4,93,1008.2,1
2025-08-21,Tay_Ninh,11.3352,106.1099,24.8,91,13.2,95,1009.3,1
2025-08-22,Tay_Ninh,11.3352,106.1099,26.4,84,19.5,73,1008.8,1
2025-08-23,Tay_Ninh,11.3352,106.1099,26.4,87,14.2,78,1007.8,1
2025-08-24,Tay_Ninh,11.3352,106.1099,26.1,89,17.1,100,1006.4,1
2025-08-25,Tay_Ninh,11.3352,106.1099,26.5,85,25.6,100,1005.7,1
2025-08-26,Tay_Ninh,11.3352,106.1099,26.7,84,19.5,100,1007.8,1
2025-08-27,Tay_Ninh,11.3352,106.1099,26.7,85,16.2,99,1008.3,1
2025-08-28,Tay_Ninh,11.3352,106.1099,26.2,88,15.7,89,1007.2,1
2025-08-29,Tay_Ninh,11.3352,106.1099,26.3,90,17.3,94,1006.7,1
2025-08-30,Tay_Ninh,11.3352,106.1099,26.6,89,17.4,100,1005.8,1
2025-08-31,Tay_Ninh,11.3352,106.1099,26.6,90,16.0,75,1005.8,1
2025-09-01,Tay_Ninh,11.3352,106.1099,26.6,90,14.6,96,1005.6,1
2025-09-02,Tay_Ninh,11.3352,106.1099,25.5,95,16.4,100,1006.6,1
2025-09-03,Tay_Ninh,11.3352,106.1099,26.0,91,10.6,100,1006.8,1
2025-09-04,Tay_Ninh,11.3352,106.1099,26.6,90,12.9,93,1006.3,1
2025-09-05,Tay_Ninh,11.3352,106.1099,27.2,88,16.0,99,1006.5,1
2025-09-06,Tay_Ninh,11.3352,106.1099,26.9,88,11.3,97,1007.0,1
2025-09-07,Tay_Ninh,11.3352,106.1099,25.4,95,19.4,100,1007.8,1
2025-09-08,Tay_Ninh,11.3352,106.1099,25.8,92,16.2,89,1008.5,1
2025-09-09,Tay_Ninh,11.3352,106.1099,26.0,91,12.4,100,1009.6,1
2025-09-10,Tay_Ninh,11.3352,106.1099,26.6,89,9.6,99,1009.2,1
2025-09-11,Tay_Ninh,11.3352,106.1099,26.6,90,12.3,99,1008.5,1
2025-09-12,Tay_Ninh,11.3352,106.1099,26.8,86,9.4,81,1008.3,1
2025-09-13,Tay_Ninh,11.3352,106.1099,26.4,88,10.4,99,1008.8,1
2025-09-14,Tay_Ninh,11.3352,106.1099,26.1,90,8.7,99,1009.5,1
2025-09-15,Tay_Ninh,11.3352,106.1099,26.6,89,23.1,94,1009.4,1
2025-09-16,Tay_Ninh,11.3352,106.1099,26.2,90,16.4,93,1008.7,1
2025-09-17,Tay_Ninh,11.3352,106.1099,26.4,87,22.8,94,1007.2,1
2025-09-18,Tay_Ninh,11.3352,106.1099,26.4,90,15.7,98,1006.7,1
2025-09-19,Tay_Ninh,11.3352,106.1099,26.5,88,16.2,91,1008.2,1
2025-09-20,Tay_Ninh,11.3352,106.1099,27.1,86,13.3,72,1007.9,1
2025-09-21,Tay_Ninh,11.3352,106.1099,26.7,88,14.6,93,1007.2,1
2025-09-22,Tay_Ninh,11.3352,106.1099,25.4,94,15.3,100,1007.7,1
2025-09-23,Tay_Ninh,11.3352,106.1099,25.9,88,13.8,100,1007.2,1
2025-09-24,Tay_Ninh,11.3352,106.1099,27.1,87,17.0,100,1005.2,1
2025-09-25,Tay_Ninh,11.3352,106.1099,26.8,88,17.7,100,1005.9,1
2025-09-26,Tay_Ninh,11.3352,106.1099,26.0,90,13.7,99,1007.7,1
2025-09-27,Tay_Ninh,11.3352,106.1099,25.2,95,12.1,100,1007.1,1
2025-09-28,Tay_Ninh,11.3352,106.1099,25.9,91,20.6,100,1005.1,1
2025-09-29,Tay_Ninh,11.3352,106.1099,25.9,90,23.3,99,1007.2,1
2025-09-30,Tay_Ninh,11.3352,106.1099,26.1,89,14.1,98,1009.3,1
2025-10-01,Tay_Ninh,11.3352,106.1099,26.3,88,10.3,85,1009.5,1
2025-10-02,Tay_Ninh,11.3352,106.1099,27.2,85,9.4,43,1009.5,0
2025-10-03,Tay_Ninh,11.3352,106.1099,26.2,89,11.7,98,1010.2,1
2025-10-04,Tay_Ninh,11.3352,106.1099,27.1,85,8.7,96,1010.4,1
2025-10-05,Tay_Ninh,11.3352,106.1099,27.2,84,13.8,100,1010.3,0
2025-10-06,Tay_Ninh,11.3352,106.1099,27.3,83,13.9,97,1009.9,1
2025-10-07,Tay_Ninh,11.3352,106.1099,27.5,84,11.0,82,1010.0,1
2025-10-08,Tay_Ninh,11.3352,106.1099,26.4,88,9.7,76,1009.3,1
2025-10-09,Tay_Ninh,11.3352,106.1099,26.2,88,7.8,94,1008.8,1
2025-10-10,Tay_Ninh,11.3352,106.1099,26.5,88,11.5,91,1008.1,1
2025-10-11,Tay_Ninh,11.3352,106.1099,26.0,90,11.2,99,1008.0,1
2025-10-12,Tay_Ninh,11.3352,106.1099,25.9,92,9.8,93,1008.2,1
2025-10-13,Tay_Ninh,11.3352,106.1099,26.4,89,13.2,100,1008.3,1
2025-10-14,Tay_Ninh,11.3352,106.1099,26.2,89,13.2,97,1008.4,1
2025-10-15,Tay_Ninh,11.3352,106.1099,27.7,84,9.3,74,1007.1,1
2025-10-16,Tay_Ninh,11.3352,106.1099,26.9,87,15.1,96,1007.0,1
2025-10-17,Tay_Ninh,11.3352,106.1099,27.7,83,12.1,100,1007.7,1
2025-10-18,Tay_Ninh,11.3352,106.1099,26.5,89,10.6,97,1007.4,1
2025-10-19,Tay_Ninh,11.3352,106.1099,27.2,85,13.5,97,1005.9,1
2025-10-20,Tay_Ninh,11.3352,106.1099,27.4,86,18.0,99,1005.9,1
2025-10-21,Tay_Ninh,11.3352,106.1099,27.4,87,11.5,100,1006.7,1
2025-10-22,Tay_Ninh,11.3352,106.1099,27.3,88,15.3,99,1007.1,1
2025-10-23,Tay_Ninh,11.3352,106.1099,26.5,88,9.1,99,1008.1,1
2025-10-24,Tay_Ninh,11.3352,106.1099,26.5,89,11.0,100,1008.1,1
2025-10-25,Tay_Ninh,11.3352,106.1099,25.8,90,14.1,100,1008.0,1
2025-10-26,Tay_Ninh,11.3352,106.1099,26.4,86,11.0,99,1008.3,1
2025-10-27,Tay_Ninh,11.3352,106.1099,26.0,88,14.4,100,1008.5,1
2025-10-28,Tay_Ninh,11.3352,106.1099,25.7,91,12.8,100,1007.6,1
2025-10-29,Tay_Ninh,11.3352,106.1099,25.6,90,9.2,100,1007.3,1
2025-10-30,Tay_Ninh,11.3352,106.1099,26.2,90,12.0,100,1008.0,1
2025-10-31,Tay_Ninh,11.3352,106.1099,26.6,89,13.7,82,1010.3,1
2025-11-01,Tay_Ninh,11.3352,106.1099,26.5,87,9.3,94,1010.5,1
2025-11-02,Tay_Ninh,11.3352,106.1099,26.5,85,8.9,99,1009.5,1
2025-11-03,Tay_Ninh,11.3352,106.1099,25.9,91,7.2,97,1008.7,1
2025-11-04,Tay_Ninh,11.3352,106.1099,26.3,89,10.6,98,1008.3,1
2025-11-05,Tay_Ninh,11.3352,106.1099,25.9,91,7.0,100,1007.1,1
2025-11-06,Tay_Ninh,11.3352,106.1099,26.0,90,12.7,100,1005.5,1
2025-11-07,Tay_Ninh,11.3352,106.1099,26.2,91,14.1,100,1006.6,1
2025-11-08,Tay_Ninh,11.3352,106.1099,26.6,89,8.7,88,1009.0,1
2025-11-09,Tay_Ninh,11.3352,106.1099,26.7,88,11.1,94,1008.6,1
2025-11-10,Tay_Ninh,11.3352,106.1099,27.2,84,9.1,99,1007.9,1
2025-11-11,Tay_Ninh,11.3352,106.1099,26.6,86,11.9,100,1008.5,1
2025-11-12,Tay_Ninh,11.3352,106.1099,26.2,90,11.0,100,1009.7,1
2025-11-13,Tay_Ninh,11.3352,106.1099,27.0,82,11.5,68,1010.6,1
2025-11-14,Tay_Ninh,11.3352,106.1099,26.6,73,17.8,69,1010.3,0
2025-11-15,Tay_Ninh,11.3352,106.1099,25.7,67,17.4,42,1010.4,0
2025-11-16,Tay_Ninh,11.3352,106.1099,25.1,84,15.7,95,1010.5,1
2025-11-17,Tay_Ninh,11.3352,106.1099,25.9,87,9.6,98,1010.5,1
2025-11-18,Tay_Ninh,11.3352,106.1099,26.2,85,9.6,90,1009.5,1
2025-11-19,Tay_Ninh,11.3352,106.1099,25.7,81,25.9,90,1010.1,1
2025-11-20,Tay_Ninh,11.3352,106.1099,24.5,77,26.7,98,1011.0,1
2025-11-21,Tay_Ninh,11.3352,106.1099,25.9,69,23.9,98,1011.2,0
2025-11-22,Tay_Ninh,11.3352,106.1099,25.6,74,18.2,100,1010.6,1
2025-11-23,Tay_Ninh,11.3352,106.1099,25.9,81,16.3,89,1009.6,1
2025-11-24,Tay_Ninh,11.3352,106.1099,27.6,74,18.5,71,1008.7,1
2025-11-25,Tay_Ninh,11.3352,106.1099,26.9,68,19.2,59,1008.7,0
2025-11-26,Tay_Ninh,11.3352,106.1099,25.6,65,18.8,86,1009.2,0
2025-11-27,Tay_Ninh,11.3352,106.1099,25.0,63,21.2,100,1009.9,0
2025-11-28,Tay_Ninh,11.3352,106.1099,23.6,60,20.8,100,1009.8,0
2025-11-29,Tay_Ninh,11.3352,106.1099,25.0,68,13.2,85,1009.1,0
2025-11-30,Tay_Ninh,11.3352,106.1099,26.3,70,8.7,20,1009.2,0
2025-12-01,Tay_Ninh,11.3352,106.1099,27.5,71,8.2,27,1009.2,0
2025-12-02,Tay_Ninh,11.3352,106.1099,27.6,79,12.2,57,1009.4,1
2025-12-03,Tay_Ninh,11.3352,106.1099,26.9,86,16.4,86,1010.0,1
2025-12-04,Tay_Ninh,11.3352,106.1099,25.6,87,18.6,79,1010.8,1
2025-12-05,Tay_Ninh,11.3352,106.1099,26.6,77,13.7,40,1011.8,1
2025-12-06,Tay_Ninh,11.3352,106.1099,26.0,67,18.9,38,1011.6,0
2025-12-07,Tay_Ninh,11.3352,106.1099,25.6,64,16.8,76,1011.4,0
2025-12-08,Tay_Ninh,11.3352,106.1099,25.3,61,17.5,98,1011.5,0
2025-12-09,Tay_Ninh,11.3352,106.1099,25.7,66,14.8,96,1010.6,0
2025-12-10,Tay_Ninh,11.3352,106.1099,25.9,72,19.7,90,1010.1,1
2025-12-11,Tay_Ninh,11.3352,106.1099,26.5,81,11.2,97,1009.8,1
2025-12-12,Tay_Ninh,11.3352,106.1099,27.1,76,8.0,94,1009.5,1
2025-12-13,Tay_Ninh,11.3352,106.1099,27.0,73,11.0,98,1009.3,1
2025-12-14,Tay_Ninh,11.3352,106.1099,27.9,63,22.1,77,1009.7,1
2025-12-15,Tay_Ninh,11.3352,106.1099,27.5,63,17.7,98,1010.4,0
2025-12-16,Tay_Ninh,11.3352,106.1099,27.1,67,14.0,83,1010.2,0
2025-12-17,Tay_Ninh,11.3352,106.1099,26.8,73,10.2,58,1010.3,1
2025-12-18,Tay_Ninh,11.3352,106.1099,27.1,64,14.0,80,1010.0,0
2025-12-19,Tay_Ninh,11.3352,106.1099,27.3,66,12.1,87,1008.5,0
2025-12-20,Tay_Ninh,11.3352,106.1099,27.4,66,15.8,94,1008.0,0
2025-12-21,Tay_Ninh,11.3352,106.1099,27.4,70,15.9,57,1008.5,1
2025-12-22,Tay_Ninh,11.3352,106.1099,27.8,68,14.6,83,1008.3,0
2025-12-23,Tay_Ninh,11.3352,106.1099,27.4,70,11.5,94,1008.1,0
2025-12-24,Tay_Ninh,11.3352,106.1099,27.7,73,13.6,80,1007.6,1
2025-12-25,Tay_Ninh,11.3352,106.1099,26.6,84,16.8,92,1008.5,1
2025-12-26,Tay_Ninh,11.3352,106.1099,26.9,71,17.7,92,1009.7,0
2025-12-27,Tay_Ninh,11.3352,106.1099,26.1,67,13.7,78,1010.5,0
2025-12-28,Tay_Ninh,11.3352,106.1099,26.2,68,8.9,65,1011.1,0
2025-12-29,Tay_Ninh,11.3352,106.1099,25.9,69,10.1,46,1010.6,0
2025-12-30,Tay_Ninh,11.3352,106.1099,25.0,73,6.8,57,1009.7,0
2025-12-31,Tay_Ninh,11.3352,106.1099,25.2,72,11.9,49,1008.6,0
2026-01-01,Tay_Ninh,11.3352,106.1099,25.1,71,11.3,55,1009.7,0
2026-01-02,Tay_Ninh,11.3352,106.1099,25.6,63,13.6,59,1011.3,0
2026-01-03,Tay_Ninh,11.3352,106.1099,25.3,57,16.9,48,1012.3,0
2026-01-04,Tay_Ninh,11.3352,106.1099,25.3,56,11.3,77,1012.1,0
2026-01-05,Tay_Ninh,11.3352,106.1099,26.5,67,15.9,89,1011.9,1
2026-01-06,Tay_Ninh,11.3352,106.1099,26.7,63,12.6,96,1012.4,0
2026-01-07,Tay_Ninh,11.3352,106.1099,26.2,54,19.2,72,1013.1,0
2026-01-08,Tay_Ninh,11.3352,106.1099,24.8,53,19.0,54,1014.3,0
2026-01-09,Tay_Ninh,11.3352,106.1099,23.5,49,16.3,84,1014.1,0
2026-01-10,Tay_Ninh,11.3352,106.1099,22.9,56,9.4,26,1013.5,0
2026-01-11,Tay_Ninh,11.3352,106.1099,24.8,57,10.5,84,1014.3,0
2026-01-12,Tay_Ninh,11.3352,106.1099,26.8,60,6.8,44,1013.5,0
2026-01-13,Tay_Ninh,11.3352,106.1099,26.5,67,10.6,52,1012.9,1
2026-01-14,Tay_Ninh,11.3352,106.1099,26.5,69,10.9,13,1011.7,0
2026-01-15,Tay_Ninh,11.3352,106.1099,26.8,69,14.4,20,1011.0,1
2026-01-16,Tay_Ninh,11.3352,106.1099,26.5,71,13.2,72,1010.0,0
2026-01-17,Tay_Ninh,11.3352,106.1099,26.4,69,17.2,57,1008.5,0
2026-01-18,Tay_Ninh,11.3352,106.1099,26.2,71,15.3,51,1007.9,0
2026-01-19,Tay_Ninh,11.3352,106.1099,25.6,74,12.6,62,1009.1,1
2026-01-20,Tay_Ninh,11.3352,106.1099,25.6,72,17.2,59,1010.1,1
2026-01-21,Tay_Ninh,11.3352,106.1099,26.3,60,15.2,32,1011.3,0
2026-01-22,Tay_Ninh,11.3352,106.1099,26.2,56,13.7,83,1012.6,0
2026-01-23,Tay_Ninh,11.3352,106.1099,26.7,52,16.8,55,1013.7,0
2026-01-24,Tay_Ninh,11.3352,106.1099,25.9,57,12.5,16,1013.8,0
2026-01-25,Tay_Ninh,11.3352,106.1099,25.6,69,11.0,56,1013.1,1
2026-01-26,Tay_Ninh,11.3352,106.1099,25.9,66,13.9,31,1013.1,0
2026-01-27,Tay_Ninh,11.3352,106.1099,25.9,65,11.5,32,1013.6,0
2026-01-28,Tay_Ninh,11.3352,106.1099,26.0,67,13.9,46,1013.0,0
2026-01-29,Tay_Ninh,11.3352,106.1099,26.4,67,13.1,71,1012.8,0
2026-01-30,Tay_Ninh,11.3352,106.1099,26.3,67,13.2,71,1013.4,0
2026-01-31,Tay_Ninh,11.3352,106.1099,26.7,68,11.3,36,1013.3,0
2026-02-01,Tay_Ninh,11.3352,106.1099,26.6,57,13.4,66,1013.2,0
2026-02-02,Tay_Ninh,11.3352,106.1099,26.6,55,15.3,80,1013.2,0
2026-02-03,Tay_Ninh,11.3352,106.1099,27.5,59,12.2,75,1013.5,1
2026-02-04,Tay_Ninh,11.3352,106.1099,28.0,57,13.6,59,1012.8,1
2026-02-05,Tay_Ninh,11.3352,106.1099,27.7,70,13.5,84,1012.1,1
2026-02-06,Tay_Ninh,11.3352,106.1099,27.0,73,13.5,76,1011.4,1
2026-02-07,Tay_Ninh,11.3352,106.1099,27.1,70,15.6,59,1010.9,1
2026-02-08,Tay_Ninh,11.3352,106.1099,27.2,65,19.3,50,1011.4,1
2026-02-09,Tay_Ninh,11.3352,106.1099,27.0,55,12.8,66,1010.8,0
2026-02-10,Tay_Ninh,11.3352,106.1099,26.8,63,10.4,53,1011.3,0
2026-02-11,Tay_Ninh,11.3352,106.1099,27.0,74,8.5,90,1012.8,1
2026-02-12,Tay_Ninh,11.3352,106.1099,27.8,72,11.2,88,1011.4,1
2026-02-13,Tay_Ninh,11.3352,106.1099,28.5,69,14.1,97,1009.9,1
2026-02-14,Tay_Ninh,11.3352,106.1099,28.1,67,12.8,91,1009.5,1
2026-02-15,Tay_Ninh,11.3352,106.1099,28.4,72,15.5,55,1009.0,1
2026-02-16,Tay_Ninh,11.3352,106.1099,28.9,61,11.2,66,1008.3,0
2026-02-17,Tay_Ninh,11.3352,106.1099,28.7,62,12.6,90,1008.9,0
2026-02-18,Tay_Ninh,11.3352,106.1099,29.0,57,12.1,89,1010.1,0
2026-02-19,Tay_Ninh,11.3352,106.1099,28.8,56,14.1,75,1011.5,0
2026-02-20,Tay_Ninh,11.3352,106.1099,28.5,57,11.8,36,1011.4,0
2026-02-21,Tay_Ninh,11.3352,106.1099,27.9,67,13.2,23,1008.7,0
2026-02-22,Tay_Ninh,11.3352,106.1099,27.7,69,15.1,48,1007.3,0
2026-02-23,Tay_Ninh,11.3352,106.1099,28.0,68,14.4,37,1007.7,0
2026-02-24,Tay_Ninh,11.3352,106.1099,27.7,67,16.5,91,1008.4,1
2026-02-25,Tay_Ninh,11.3352,106.1099,28.1,67,14.8,74,1008.7,0
2026-02-26,Tay_Ninh,11.3352,106.1099,25.7,83,12.2,90,1007.8,1
2026-02-27,Tay_Ninh,11.3352,106.1099,25.9,87,10.5,93,1007.1,1
2026-02-28,Tay_Ninh,11.3352,106.1099,26.6,84,11.4,60,1006.9,1
2026-03-01,Tay_Ninh,11.3352,106.1099,27.6,81,11.4,30,1007.2,1
2026-03-02,Tay_Ninh,11.3352,106.1099,28.2,77,12.6,36,1008.2,0
2026-03-03,Tay_Ninh,11.3352,106.1099,28.5,78,12.4,38,1008.6,1
2026-03-04,Tay_Ninh,11.3352,106.1099,28.0,78,10.5,37,1008.9,1
2026-03-05,Tay_Ninh,11.3352,106.1099,26.9,81,11.1,42,1009.0,1
2026-03-06,Tay_Ninh,11.3352,106.1099,25.6,84,10.6,76,1010.0,1
2026-03-07,Tay_Ninh,11.3352,106.1099,26.7,81,13.6,56,1010.4,1
2026-03-08,Tay_Ninh,11.3352,106.1099,26.8,71,11.0,21,1010.3,0
2026-03-09,Tay_Ninh,11.3352,106.1099,27.3,71,11.0,13,1010.9,1
2026-03-10,Tay_Ninh,11.3352,106.1099,28.3,69,16.7,19,1011.4,1
2026-03-11,Tay_Ninh,11.3352,106.1099,28.6,56,18.0,56,1010.5,1
2026-03-12,Tay_Ninh,11.3352,106.1099,28.7,60,13.5,38,1009.6,0
2026-03-13,Tay_Ninh,11.3352,106.1099,28.0,63,10.2,52,1010.3,1
2026-03-14,Tay_Ninh,11.3352,106.1099,28.2,62,15.9,50,1011.4,0
2026-03-15,Tay_Ninh,11.3352,106.1099,28.4,60,16.2,10,1011.8,1
2026-03-16,Tay_Ninh,11.3352,106.1099,28.3,64,15.0,16,1010.5,1
2026-03-17,Tay_Ninh,11.3352,106.1099,28.2,64,17.4,50,1010.4,1
2026-03-18,Tay_Ninh,11.3352,106.1099,28.3,60,18.6,25,1010.8,0
2026-03-19,Tay_Ninh,11.3352,106.1099,28.1,65,15.5,25,1010.5,1
2026-03-20,Tay_Ninh,11.3352,106.1099,28.2,66,14.2,51,1010.5,0
2026-03-21,Tay_Ninh,11.3352,106.1099,28.2,66,16.5,22,1010.8,0
2026-03-22,Tay_Ninh,11.3352,106.1099,28.4,65,16.4,23,1010.1,0
2026-03-23,Tay_Ninh,11.3352,106.1099,28.5,63,20.4,25,1009.7,0
2026-03-24,Tay_Ninh,11.3352,106.1099,28.1,65,18.2,6,1008.8,0
2026-03-25,Tay_Ninh,11.3352,106.1099,28.2,66,17.6,6,1008.9,0
2026-03-26,Tay_Ninh,11.3352,106.1099,28.0,68,16.3,17,1008.9,0
2026-03-27,Tay_Ninh,11.3352,106.1099,27.9,67,15.2,34,1008.7,0
2026-03-28,Tay_Ninh,11.3352,106.1099,28.2,67,20.0,13,1008.0,0
2026-03-29,Tay_Ninh,11.3352,106.1099,28.7,66,16.3,47,1008.5,0
2026-03-30,Tay_Ninh,11.3352,106.1099,28.8,69,16.6,39,1009.2,1
2026-03-31,Tay_Ninh,11.3352,106.1099,29.0,66,14.3,57,1009.5,0
2026-04-01,Tay_Ninh,11.3352,106.1099,29.5,62,19.5,31,1009.1,0
2026-04-02,Tay_Ninh,11.3352,106.1099,29.3,64,17.0,19,1009.8,0
2026-04-03,Tay_Ninh,11.3352,106.1099,29.3,60,17.3,3,1008.9,0
2026-04-04,Tay_Ninh,11.3352,106.1099,28.9,61,12.8,46,1007.7,0
2026-04-05,Tay_Ninh,11.3352,106.1099,29.7,63,16.8,32,1007.1,0
2026-04-06,Tay_Ninh,11.3352,106.1099,30.0,61,18.5,13,1008.3,0
2026-04-07,Tay_Ninh,11.3352,106.1099,30.6,56,16.0,34,1008.9,0
2026-04-08,Tay_Ninh,11.3352,106.1099,30.7,58,16.7,32,1008.8,0
2026-04-09,Tay_Ninh,11.3352,106.1099,30.6,62,16.3,30,1009.6,0
2026-04-10,Tay_Ninh,11.3352,106.1099,30.6,60,14.1,21,1009.7,0
2026-04-11,Tay_Ninh,11.3352,106.1099,30.9,58,13.9,25,1008.5,0
2026-04-12,Tay_Ninh,11.3352,106.1099,31.5,57,17.6,3,1007.3,0
2026-04-13,Tay_Ninh,11.3352,106.1099,30.9,61,14.4,10,1008.7,1
2026-04-14,Tay_Ninh,11.3352,106.1099,30.7,63,14.7,15,1008.4,1
2026-04-15,Tay_Ninh,11.3352,106.1099,30.3,62,14.2,27,1007.6,1
2026-04-16,Tay_Ninh,11.3352,106.1099,30.5,60,14.8,36,1007.6,1
2026-04-17,Tay_Ninh,11.3352,106.1099,30.8,61,14.1,24,1008.2,1
2026-04-18,Tay_Ninh,11.3352,106.1099,30.8,59,16.7,28,1008.0,0
2026-04-19,Tay_Ninh,11.3352,106.1099,29.6,68,14.0,46,1008.2,1
2026-04-20,Tay_Ninh,11.3352,106.1099,29.8,62,14.7,58,1008.4,1
2026-04-21,Tay_Ninh,11.3352,106.1099,29.5,59,15.5,34,1007.8,1
2026-04-22,Tay_Ninh,11.3352,106.1099,29.4,62,13.4,26,1007.3,1
2026-04-23,Tay_Ninh,11.3352,106.1099,29.4,66,14.2,24,1007.0,0
2026-04-24,Tay_Ninh,11.3352,106.1099,29.8,63,14.4,84,1007.6,0
2026-04-25,Tay_Ninh,11.3352,106.1099,29.4,70,12.7,53,1009.1,1
2026-04-26,Tay_Ninh,11.3352,106.1099,29.4,68,12.7,89,1009.0,1
2026-04-27,Tay_Ninh,11.3352,106.1099,30.8,62,14.2,55,1007.7,0
2026-04-28,Tay_Ninh,11.3352,106.1099,30.1,71,12.5,64,1007.9,1
2026-04-29,Tay_Ninh,11.3352,106.1099,29.4,73,10.2,67,1008.6,1
2026-04-30,Tay_Ninh,11.3352,106.1099,30.4,66,14.6,44,1009.0,1
2026-05-01,Tay_Ninh,11.3352,106.1099,31.0,61,17.2,91,1008.6,0
2026-05-02,Tay_Ninh,11.3352,106.1099,30.0,71,10.6,73,1008.2,1
2026-05-03,Tay_Ninh,11.3352,106.1099,29.7,75,12.1,99,1008.1,1
2026-05-04,Tay_Ninh,11.3352,106.1099,28.8,77,9.5,96,1009.3,1
2026-05-05,Tay_Ninh,11.3352,106.1099,28.9,76,11.9,86,1008.5,1
2026-05-06,Tay_Ninh,11.3352,106.1099,29.1,74,12.6,100,1007.9,1
2026-05-07,Tay_Ninh,11.3352,106.1099,30.4,67,13.8,73,1007.0,0
2026-05-08,Tay_Ninh,11.3352,106.1099,29.9,71,11.5,93,1007.8,1
2026-05-09,Tay_Ninh,11.3352,106.1099,30.7,63,15.1,67,1008.1,0
2026-05-10,Tay_Ninh,11.3352,106.1099,30.3,71,15.0,83,1007.6,1
2026-05-11,Tay_Ninh,11.3352,106.1099,30.2,69,15.0,72,1008.1,1
2026-05-12,Tay_Ninh,11.3352,106.1099,31.0,64,14.5,92,1007.0,1
2026-05-13,Tay_Ninh,11.3352,106.1099,30.5,69,16.0,84,1006.3,1
2026-05-14,Tay_Ninh,11.3352,106.1099,30.6,69,10.9,86,1006.1,1
2026-05-15,Tay_Ninh,11.3352,106.1099,30.6,71,14.5,88,1005.7,1
2026-05-16,Tay_Ninh,11.3352,106.1099,29.6,76,11.0,99,1006.1,1
2026-05-17,Tay_Ninh,11.3352,106.1099,28.0,85,15.7,94,1006.0,1
2026-05-18,Tay_Ninh,11.3352,106.1099,28.5,86,18.4,88,1005.6,1
2026-05-19,Tay_Ninh,11.3352,106.1099,28.4,84,17.5,98,1005.3,1
