date,destination,latitude,longitude,temp,humidity,wind_speed,cloud_cover,pressure,rain
2020-01-01,Quang_Ngai,15.1214,108.8044,23.6,90,14.2,80,1018.6,1
2020-01-02,Quang_Ngai,15.1214,108.8044,23.2,90,12.5,90,1019.0,1
2020-01-03,Quang_Ngai,15.1214,108.8044,23.3,86,13.4,79,1017.7,1
2020-01-04,Quang_Ngai,15.1214,108.8044,22.9,83,14.3,87,1016.0,1
2020-01-05,Quang_Ngai,15.1214,108.8044,22.4,83,11.8,52,1015.2,1
2020-01-06,Quang_Ngai,15.1214,108.8044,22.7,84,10.3,49,1014.6,1
2020-01-07,Quang_Ngai,15.1214,108.8044,23.4,87,11.1,59,1013.6,1
2020-01-08,Quang_Ngai,15.1214,108.8044,23.4,89,13.6,88,1014.2,1
2020-01-09,Quang_Ngai,15.1214,108.8044,23.2,87,12.4,72,1013.2,1
2020-01-10,Quang_Ngai,15.1214,108.8044,22.9,86,10.7,63,1011.8,1
2020-01-11,Quang_Ngai,15.1214,108.8044,23.6,86,10.7,99,1011.2,1
2020-01-12,Quang_Ngai,15.1214,108.8044,23.0,85,12.6,71,1012.2,1
2020-01-13,Quang_Ngai,15.1214,108.8044,22.3,86,10.6,51,1013.0,1
2020-01-14,Quang_Ngai,15.1214,108.8044,22.1,82,11.4,66,1013.9,1
2020-01-15,Quang_Ngai,15.1214,108.8044,22.1,82,13.7,29,1013.2,0
2020-01-16,Quang_Ngai,15.1214,108.8044,22.6,87,11.9,44,1013.2,1
2020-01-17,Quang_Ngai,15.1214,108.8044,23.0,87,12.0,53,1015.0,1
2020-01-18,Quang_Ngai,15.1214,108.8044,22.6,83,11.9,45,1014.8,1
2020-01-19,Quang_Ngai,15.1214,108.8044,22.0,84,11.3,78,1015.8,1
2020-01-20,Quang_Ngai,15.1214,108.8044,21.6,82,12.3,57,1016.7,1
2020-01-21,Quang_Ngai,15.1214,108.8044,21.8,82,9.5,42,1017.1,1
2020-01-22,Quang_Ngai,15.1214,108.8044,22.0,84,13.1,43,1015.1,0
2020-01-23,Quang_Ngai,15.1214,108.8044,22.6,86,18.8,51,1013.2,0
2020-01-24,Quang_Ngai,15.1214,108.8044,23.4,85,15.5,90,1012.8,0
2020-01-25,Quang_Ngai,15.1214,108.8044,23.9,84,17.6,95,1010.4,0
2020-01-26,Quang_Ngai,15.1214,108.8044,22.9,81,26.3,98,1011.0,1
2020-01-27,Quang_Ngai,15.1214,108.8044,22.5,78,13.2,95,1011.2,0
2020-01-28,Quang_Ngai,15.1214,108.8044,21.8,86,21.1,95,1012.5,1
2020-01-29,Quang_Ngai,15.1214,108.8044,20.9,93,14.3,99,1015.1,1
2020-01-30,Quang_Ngai,15.1214,108.8044,19.3,91,15.5,100,1016.5,1
2020-01-31,Quang_Ngai,15.1214,108.8044,20.4,80,11.7,72,1016.8,1
2020-02-01,Quang_Ngai,15.1214,108.8044,21.0,78,10.1,83,1016.5,1
2020-02-02,Quang_Ngai,15.1214,108.8044,21.1,82,10.8,44,1016.6,1
2020-02-03,Quang_Ngai,15.1214,108.8044,21.6,83,11.0,50,1015.4,1
2020-02-04,Quang_Ngai,15.1214,108.8044,21.8,83,12.3,50,1014.6,1
2020-02-05,Quang_Ngai,15.1214,108.8044,21.7,84,11.2,45,1014.8,1
2020-02-06,Quang_Ngai,15.1214,108.8044,21.3,80,12.2,43,1014.5,0
2020-02-07,Quang_Ngai,15.1214,108.8044,21.3,83,11.1,54,1015.6,0
2020-02-08,Quang_Ngai,15.1214,108.8044,22.6,82,14.8,71,1017.4,1
2020-02-09,Quang_Ngai,15.1214,108.8044,22.1,83,17.0,63,1018.8,1
2020-02-10,Quang_Ngai,15.1214,108.8044,21.7,87,11.8,94,1017.5,1
2020-02-11,Quang_Ngai,15.1214,108.8044,22.8,86,11.4,65,1015.8,1
2020-02-12,Quang_Ngai,15.1214,108.8044,23.6,87,14.7,30,1013.9,0
2020-02-13,Quang_Ngai,15.1214,108.8044,25.0,84,19.4,39,1010.9,0
2020-02-14,Quang_Ngai,15.1214,108.8044,25.4,81,22.8,23,1008.3,0
2020-02-15,Quang_Ngai,15.1214,108.8044,25.3,84,16.1,7,1009.1,0
2020-02-16,Quang_Ngai,15.1214,108.8044,24.5,81,29.7,53,1013.1,1
2020-02-17,Quang_Ngai,15.1214,108.8044,21.1,87,17.2,100,1019.1,1
2020-02-18,Quang_Ngai,15.1214,108.8044,20.7,91,14.5,85,1019.0,1
2020-02-19,Quang_Ngai,15.1214,108.8044,21.5,85,13.0,58,1018.4,1
2020-02-20,Quang_Ngai,15.1214,108.8044,21.8,85,14.3,54,1018.3,1
2020-02-21,Quang_Ngai,15.1214,108.8044,21.9,85,17.6,66,1020.5,1
2020-02-22,Quang_Ngai,15.1214,108.8044,21.9,84,19.5,54,1020.8,1
2020-02-23,Quang_Ngai,15.1214,108.8044,21.7,81,17.5,42,1019.3,1
2020-02-24,Quang_Ngai,15.1214,108.8044,21.3,82,11.5,81,1016.2,0
2020-02-25,Quang_Ngai,15.1214,108.8044,21.7,86,12.0,49,1014.2,1
2020-02-26,Quang_Ngai,15.1214,108.8044,23.4,85,11.4,52,1014.5,1
2020-02-27,Quang_Ngai,15.1214,108.8044,23.3,85,12.7,57,1014.1,1
2020-02-28,Quang_Ngai,15.1214,108.8044,22.8,87,12.1,64,1012.8,1
2020-02-29,Quang_Ngai,15.1214,108.8044,23.9,86,11.2,36,1011.1,1
2020-03-01,Quang_Ngai,15.1214,108.8044,24.2,87,14.0,73,1011.2,0
2020-03-02,Quang_Ngai,15.1214,108.8044,24.4,85,16.3,75,1011.8,1
2020-03-03,Quang_Ngai,15.1214,108.8044,24.4,85,16.7,61,1012.0,1
2020-03-04,Quang_Ngai,15.1214,108.8044,24.5,85,15.0,71,1011.9,1
2020-03-05,Quang_Ngai,15.1214,108.8044,24.7,85,12.0,77,1012.8,1
2020-03-06,Quang_Ngai,15.1214,108.8044,24.3,87,12.6,62,1012.8,1
2020-03-07,Quang_Ngai,15.1214,108.8044,25.1,84,13.4,46,1010.6,0
2020-03-08,Quang_Ngai,15.1214,108.8044,25.6,87,14.3,42,1007.2,0
2020-03-09,Quang_Ngai,15.1214,108.8044,27.2,83,13.8,13,1005.0,0
2020-03-10,Quang_Ngai,15.1214,108.8044,27.0,87,13.4,35,1007.4,1
2020-03-11,Quang_Ngai,15.1214,108.8044,25.6,86,12.0,53,1011.8,1
2020-03-12,Quang_Ngai,15.1214,108.8044,25.4,82,16.9,21,1011.6,0
2020-03-13,Quang_Ngai,15.1214,108.8044,25.6,82,18.4,56,1011.1,0
2020-03-14,Quang_Ngai,15.1214,108.8044,25.7,84,15.8,44,1012.0,0
2020-03-15,Quang_Ngai,15.1214,108.8044,25.0,86,11.3,63,1013.4,1
2020-03-16,Quang_Ngai,15.1214,108.8044,25.6,85,17.3,62,1013.5,1
2020-03-17,Quang_Ngai,15.1214,108.8044,25.4,84,15.9,62,1013.3,1
2020-03-18,Quang_Ngai,15.1214,108.8044,25.0,82,17.1,55,1011.2,0
2020-03-19,Quang_Ngai,15.1214,108.8044,26.2,81,19.8,46,1009.9,0
2020-03-20,Quang_Ngai,15.1214,108.8044,25.7,83,21.1,52,1011.1,0
2020-03-21,Quang_Ngai,15.1214,108.8044,25.9,80,21.2,39,1011.2,0
2020-03-22,Quang_Ngai,15.1214,108.8044,25.8,80,17.5,10,1010.5,0
2020-03-23,Quang_Ngai,15.1214,108.8044,25.4,79,17.6,20,1010.4,0
2020-03-24,Quang_Ngai,15.1214,108.8044,26.2,79,19.0,31,1010.0,0
2020-03-25,Quang_Ngai,15.1214,108.8044,26.4,80,19.3,30,1009.0,0
2020-03-26,Quang_Ngai,15.1214,108.8044,26.9,80,20.8,25,1009.3,0
2020-03-27,Quang_Ngai,15.1214,108.8044,27.2,77,20.3,38,1008.9,0
2020-03-28,Quang_Ngai,15.1214,108.8044,27.4,75,19.2,7,1008.3,0
2020-03-29,Quang_Ngai,15.1214,108.8044,27.5,75,23.3,13,1008.0,0
2020-03-30,Quang_Ngai,15.1214,108.8044,27.8,76,22.1,12,1007.3,0
2020-03-31,Quang_Ngai,15.1214,108.8044,28.1,78,16.8,3,1008.2,0
2020-04-01,Quang_Ngai,15.1214,108.8044,27.6,81,20.0,16,1009.5,0
2020-04-02,Quang_Ngai,15.1214,108.8044,27.0,80,21.1,29,1010.8,0
2020-04-03,Quang_Ngai,15.1214,108.8044,27.4,78,20.4,29,1011.1,0
2020-04-04,Quang_Ngai,15.1214,108.8044,27.1,81,16.4,20,1011.7,1
2020-04-05,Quang_Ngai,15.1214,108.8044,27.4,78,15.9,38,1012.0,1
2020-04-06,Quang_Ngai,15.1214,108.8044,27.3,78,13.2,70,1011.0,1
2020-04-07,Quang_Ngai,15.1214,108.8044,26.4,77,17.7,88,1010.4,1
2020-04-08,Quang_Ngai,15.1214,108.8044,26.6,74,20.5,68,1011.0,0
2020-04-09,Quang_Ngai,15.1214,108.8044,26.4,79,18.4,93,1012.1,1
2020-04-10,Quang_Ngai,15.1214,108.8044,26.2,85,12.8,90,1012.6,1
2020-04-11,Quang_Ngai,15.1214,108.8044,27.1,82,14.4,85,1011.2,0
2020-04-12,Quang_Ngai,15.1214,108.8044,26.6,85,12.9,93,1011.4,1
2020-04-13,Quang_Ngai,15.1214,108.8044,23.4,89,18.2,97,1013.8,1
2020-04-14,Quang_Ngai,15.1214,108.8044,23.8,85,14.3,95,1013.5,1
2020-04-15,Quang_Ngai,15.1214,108.8044,24.6,83,10.1,85,1012.5,1
2020-04-16,Quang_Ngai,15.1214,108.8044,25.7,79,15.0,82,1010.5,0
2020-04-17,Quang_Ngai,15.1214,108.8044,26.4,79,17.1,91,1010.3,0
2020-04-18,Quang_Ngai,15.1214,108.8044,27.1,82,15.6,89,1010.6,0
2020-04-19,Quang_Ngai,15.1214,108.8044,27.5,82,16.7,63,1009.1,0
2020-04-20,Quang_Ngai,15.1214,108.8044,27.8,82,17.7,78,1009.1,0
2020-04-21,Quang_Ngai,15.1214,108.8044,27.8,80,20.1,47,1008.3,0
2020-04-22,Quang_Ngai,15.1214,108.8044,27.6,81,20.6,71,1008.8,0
2020-04-23,Quang_Ngai,15.1214,108.8044,27.9,81,16.2,83,1010.6,1
2020-04-24,Quang_Ngai,15.1214,108.8044,26.3,86,13.2,98,1012.0,1
2020-04-25,Quang_Ngai,15.1214,108.8044,25.3,86,15.1,76,1012.7,1
2020-04-26,Quang_Ngai,15.1214,108.8044,25.4,85,15.7,85,1013.5,1
2020-04-27,Quang_Ngai,15.1214,108.8044,25.3,82,16.8,78,1014.3,1
2020-04-28,Quang_Ngai,15.1214,108.8044,24.9,83,14.2,64,1013.7,1
2020-04-29,Quang_Ngai,15.1214,108.8044,25.6,81,14.3,88,1012.4,1
2020-04-30,Quang_Ngai,15.1214,108.8044,26.7,83,11.8,49,1011.8,1
2020-05-01,Quang_Ngai,15.1214,108.8044,27.2,83,16.0,44,1009.4,1
2020-05-02,Quang_Ngai,15.1214,108.8044,27.3,81,15.2,20,1007.8,0
2020-05-03,Quang_Ngai,15.1214,108.8044,27.8,81,17.3,25,1007.3,0
2020-05-04,Quang_Ngai,15.1214,108.8044,27.9,80,15.6,27,1007.7,0
2020-05-05,Quang_Ngai,15.1214,108.8044,28.3,79,19.3,10,1006.7,0
2020-05-06,Quang_Ngai,15.1214,108.8044,29.3,71,19.4,18,1005.7,0
2020-05-07,Quang_Ngai,15.1214,108.8044,30.0,71,19.0,47,1005.0,0
2020-05-08,Quang_Ngai,15.1214,108.8044,30.8,71,16.6,39,1004.8,0
2020-05-09,Quang_Ngai,15.1214,108.8044,30.7,73,17.6,39,1006.2,0
2020-05-10,Quang_Ngai,15.1214,108.8044,29.7,77,17.7,5,1006.7,0
2020-05-11,Quang_Ngai,15.1214,108.8044,29.2,73,17.9,37,1007.2,0
2020-05-12,Quang_Ngai,15.1214,108.8044,29.0,73,17.4,60,1008.1,0
2020-05-13,Quang_Ngai,15.1214,108.8044,29.0,76,18.5,16,1008.2,0
2020-05-14,Quang_Ngai,15.1214,108.8044,29.2,73,15.9,41,1007.6,0
2020-05-15,Quang_Ngai,15.1214,108.8044,29.0,70,19.0,59,1005.1,0
2020-05-16,Quang_Ngai,15.1214,108.8044,29.7,74,16.6,37,1004.3,0
2020-05-17,Quang_Ngai,15.1214,108.8044,30.3,74,20.1,48,1003.3,0
2020-05-18,Quang_Ngai,15.1214,108.8044,31.3,69,11.6,75,1002.9,1
2020-05-19,Quang_Ngai,15.1214,108.8044,31.4,72,14.2,47,1003.2,1
2020-05-20,Quang_Ngai,15.1214,108.8044,31.4,71,14.9,93,1003.7,0
2020-05-21,Quang_Ngai,15.1214,108.8044,31.6,73,15.5,96,1003.0,0
2020-05-22,Quang_Ngai,15.1214,108.8044,32.3,63,12.1,88,1003.0,0
2020-05-23,Quang_Ngai,15.1214,108.8044,31.3,72,10.7,99,1004.7,1
2020-05-24,Quang_Ngai,15.1214,108.8044,30.5,76,13.7,97,1006.7,0
2020-05-25,Quang_Ngai,15.1214,108.8044,31.6,72,11.8,40,1006.9,1
2020-05-26,Quang_Ngai,15.1214,108.8044,32.4,63,13.4,35,1006.5,1
2020-05-27,Quang_Ngai,15.1214,108.8044,31.0,66,12.0,80,1007.4,1
2020-05-28,Quang_Ngai,15.1214,108.8044,29.3,78,10.0,85,1008.1,1
2020-05-29,Quang_Ngai,15.1214,108.8044,29.0,82,9.2,84,1007.6,1
2020-05-30,Quang_Ngai,15.1214,108.8044,30.0,75,11.1,52,1008.6,1
2020-05-31,Quang_Ngai,15.1214,108.8044,30.9,74,17.8,24,1008.4,1
2020-06-01,Quang_Ngai,15.1214,108.8044,30.8,72,12.4,10,1007.8,1
2020-06-02,Quang_Ngai,15.1214,108.8044,30.8,70,18.5,72,1006.6,1
2020-06-03,Quang_Ngai,15.1214,108.8044,30.7,71,17.6,56,1005.7,0
2020-06-04,Quang_Ngai,15.1214,108.8044,31.3,70,10.1,47,1005.1,1
2020-06-05,Quang_Ngai,15.1214,108.8044,31.7,67,10.5,64,1005.0,1
2020-06-06,Quang_Ngai,15.1214,108.8044,31.5,68,9.7,85,1004.9,1
2020-06-07,Quang_Ngai,15.1214,108.8044,31.5,68,15.0,84,1003.8,1
2020-06-08,Quang_Ngai,15.1214,108.8044,32.0,63,13.3,83,1003.9,1
2020-06-09,Quang_Ngai,15.1214,108.8044,31.5,69,19.0,85,1004.9,1
2020-06-10,Quang_Ngai,15.1214,108.8044,30.9,71,19.9,82,1005.5,1
2020-06-11,Quang_Ngai,15.1214,108.8044,30.4,72,17.9,54,1004.6,0
2020-06-12,Quang_Ngai,15.1214,108.8044,30.8,71,15.0,54,1002.9,1
2020-06-13,Quang_Ngai,15.1214,108.8044,31.5,66,12.5,96,1001.9,1
2020-06-14,Quang_Ngai,15.1214,108.8044,30.6,72,13.0,100,1003.9,1
2020-06-15,Quang_Ngai,15.1214,108.8044,29.0,77,18.9,97,1006.8,1
2020-06-16,Quang_Ngai,15.1214,108.8044,28.9,78,8.1,98,1006.7,1
2020-06-17,Quang_Ngai,15.1214,108.8044,29.4,79,7.6,74,1005.7,1
2020-06-18,Quang_Ngai,15.1214,108.8044,30.3,71,14.6,17,1005.2,1
2020-06-19,Quang_Ngai,15.1214,108.8044,30.5,72,15.5,41,1005.5,0
2020-06-20,Quang_Ngai,15.1214,108.8044,30.5,73,20.2,26,1005.5,1
2020-06-21,Quang_Ngai,15.1214,108.8044,31.4,66,14.4,9,1004.0,1
2020-06-22,Quang_Ngai,15.1214,108.8044,31.1,68,18.8,10,1003.5,0
2020-06-23,Quang_Ngai,15.1214,108.8044,31.8,66,14.8,53,1004.7,0
2020-06-24,Quang_Ngai,15.1214,108.8044,32.3,64,17.1,88,1004.3,1
2020-06-25,Quang_Ngai,15.1214,108.8044,32.3,63,17.3,93,1003.7,1
2020-06-26,Quang_Ngai,15.1214,108.8044,31.4,65,14.5,70,1004.6,1
2020-06-27,Quang_Ngai,15.1214,108.8044,30.8,67,15.0,61,1005.1,1
2020-06-28,Quang_Ngai,15.1214,108.8044,30.5,70,15.8,83,1004.6,1
2020-06-29,Quang_Ngai,15.1214,108.8044,29.4,76,13.2,94,1003.9,1
2020-06-30,Quang_Ngai,15.1214,108.8044,29.3,74,8.2,98,1003.2,1
2020-07-01,Quang_Ngai,15.1214,108.8044,28.5,80,11.5,89,1002.6,1
2020-07-02,Quang_Ngai,15.1214,108.8044,29.6,75,8.4,82,1002.1,1
2020-07-03,Quang_Ngai,15.1214,108.8044,29.7,78,12.5,85,1004.1,1
2020-07-04,Quang_Ngai,15.1214,108.8044,29.5,77,10.3,66,1005.5,1
2020-07-05,Quang_Ngai,15.1214,108.8044,29.2,76,13.6,14,1004.5,1
2020-07-06,Quang_Ngai,15.1214,108.8044,29.8,72,21.0,18,1004.3,0
2020-07-07,Quang_Ngai,15.1214,108.8044,30.3,72,16.1,11,1006.1,0
2020-07-08,Quang_Ngai,15.1214,108.8044,31.1,67,13.9,69,1005.9,0
2020-07-09,Quang_Ngai,15.1214,108.8044,31.1,67,17.9,92,1003.5,0
2020-07-10,Quang_Ngai,15.1214,108.8044,31.7,66,16.6,74,1003.3,0
2020-07-11,Quang_Ngai,15.1214,108.8044,31.3,66,17.2,95,1004.4,1
2020-07-12,Quang_Ngai,15.1214,108.8044,30.8,70,17.6,38,1004.0,1
2020-07-13,Quang_Ngai,15.1214,108.8044,30.8,71,15.9,28,1004.8,0
2020-07-14,Quang_Ngai,15.1214,108.8044,30.1,74,12.0,52,1005.4,1
2020-07-15,Quang_Ngai,15.1214,108.8044,29.8,76,13.4,50,1004.8,1
2020-07-16,Quang_Ngai,15.1214,108.8044,30.2,74,15.3,13,1004.5,1
2020-07-17,Quang_Ngai,15.1214,108.8044,30.6,71,15.4,17,1005.4,1
2020-07-18,Quang_Ngai,15.1214,108.8044,30.5,72,15.6,44,1006.0,1
2020-07-19,Quang_Ngai,15.1214,108.8044,31.0,67,16.7,58,1004.9,0
2020-07-20,Quang_Ngai,15.1214,108.8044,30.4,70,19.7,87,1005.7,1
2020-07-21,Quang_Ngai,15.1214,108.8044,29.2,74,18.1,53,1007.0,1
2020-07-22,Quang_Ngai,15.1214,108.8044,29.6,73,16.3,34,1006.4,1
2020-07-23,Quang_Ngai,15.1214,108.8044,29.3,78,14.6,40,1006.5,1
2020-07-24,Quang_Ngai,15.1214,108.8044,29.4,73,16.5,42,1006.6,1
2020-07-25,Quang_Ngai,15.1214,108.8044,30.0,70,18.7,34,1006.0,0
2020-07-26,Quang_Ngai,15.1214,108.8044,30.4,73,13.0,25,1005.0,1
2020-07-27,Quang_Ngai,15.1214,108.8044,31.0,71,13.8,22,1004.0,1
2020-07-28,Quang_Ngai,15.1214,108.8044,30.1,75,13.0,65,1004.7,1
2020-07-29,Quang_Ngai,15.1214,108.8044,29.7,77,10.1,44,1004.7,1
2020-07-30,Quang_Ngai,15.1214,108.8044,29.8,74,16.7,82,1003.4,1
2020-07-31,Quang_Ngai,15.1214,108.8044,27.5,87,7.8,100,1000.3,1
2020-08-01,Quang_Ngai,15.1214,108.8044,27.7,84,12.7,100,997.1,1
2020-08-02,Quang_Ngai,15.1214,108.8044,29.5,74,13.6,99,997.8,1
2020-08-03,Quang_Ngai,15.1214,108.8044,30.0,71,15.6,96,1000.1,1
2020-08-04,Quang_Ngai,15.1214,108.8044,29.8,73,7.9,84,1001.1,0
2020-08-05,Quang_Ngai,15.1214,108.8044,29.2,78,9.7,86,1003.8,1
2020-08-06,Quang_Ngai,15.1214,108.8044,28.8,81,14.7,71,1005.2,1
2020-08-07,Quang_Ngai,15.1214,108.8044,28.5,80,16.1,79,1004.7,1
2020-08-08,Quang_Ngai,15.1214,108.8044,28.8,80,10.5,61,1003.5,1
2020-08-09,Quang_Ngai,15.1214,108.8044,28.7,80,11.4,36,1003.1,1
2020-08-10,Quang_Ngai,15.1214,108.8044,29.8,75,9.2,52,1003.1,1
2020-08-11,Quang_Ngai,15.1214,108.8044,30.2,72,10.2,64,1003.7,1
2020-08-12,Quang_Ngai,15.1214,108.8044,29.0,81,9.8,98,1005.3,1
2020-08-13,Quang_Ngai,15.1214,108.8044,28.2,85,9.0,100,1006.1,1
2020-08-14,Quang_Ngai,15.1214,108.8044,28.5,80,9.2,99,1006.2,1
2020-08-15,Quang_Ngai,15.1214,108.8044,28.5,79,9.2,74,1006.0,1
2020-08-16,Quang_Ngai,15.1214,108.8044,28.5,80,8.1,63,1005.6,1
2020-08-17,Quang_Ngai,15.1214,108.8044,27.7,82,11.6,71,1005.0,1
2020-08-18,Quang_Ngai,15.1214,108.8044,28.2,79,10.4,50,1004.3,1
2020-08-19,Quang_Ngai,15.1214,108.8044,28.0,82,11.4,83,1004.1,1
2020-08-20,Quang_Ngai,15.1214,108.8044,26.7,90,4.5,97,1005.5,1
2020-08-21,Quang_Ngai,15.1214,108.8044,27.2,87,5.9,95,1006.5,1
2020-08-22,Quang_Ngai,15.1214,108.8044,27.3,86,8.7,81,1006.5,1
2020-08-23,Quang_Ngai,15.1214,108.8044,27.5,87,8.9,96,1006.6,1
2020-08-24,Quang_Ngai,15.1214,108.8044,29.0,83,7.4,90,1005.7,1
2020-08-25,Quang_Ngai,15.1214,108.8044,29.9,75,12.3,49,1004.3,0
2020-08-26,Quang_Ngai,15.1214,108.8044,30.4,75,11.1,44,1002.6,1
2020-08-27,Quang_Ngai,15.1214,108.8044,30.3,73,8.0,97,1001.4,1
2020-08-28,Quang_Ngai,15.1214,108.8044,29.7,77,7.9,92,1001.9,1
2020-08-29,Quang_Ngai,15.1214,108.8044,29.6,74,8.7,76,1003.0,1
2020-08-30,Quang_Ngai,15.1214,108.8044,29.3,78,12.3,62,1003.8,1
2020-08-31,Quang_Ngai,15.1214,108.8044,29.7,73,13.0,35,1004.7,1
2020-09-01,Quang_Ngai,15.1214,108.8044,29.2,77,11.1,38,1005.1,1
2020-09-02,Quang_Ngai,15.1214,108.8044,29.1,77,13.6,43,1005.8,1
2020-09-03,Quang_Ngai,15.1214,108.8044,29.1,79,12.7,80,1006.7,1
2020-09-04,Quang_Ngai,15.1214,108.8044,29.3,79,14.7,90,1006.2,1
2020-09-05,Quang_Ngai,15.1214,108.8044,29.5,79,11.9,79,1005.1,1
2020-09-06,Quang_Ngai,15.1214,108.8044,30.5,73,9.8,89,1003.9,1
2020-09-07,Quang_Ngai,15.1214,108.8044,31.1,68,11.5,94,1004.5,1
2020-09-08,Quang_Ngai,15.1214,108.8044,30.6,73,18.4,92,1006.8,1
2020-09-09,Quang_Ngai,15.1214,108.8044,29.8,74,16.5,79,1007.0,1
2020-09-10,Quang_Ngai,15.1214,108.8044,29.7,74,17.4,49,1004.8,1
2020-09-11,Quang_Ngai,15.1214,108.8044,30.0,74,18.0,27,1005.7,1
2020-09-12,Quang_Ngai,15.1214,108.8044,29.9,75,15.5,24,1007.9,1
2020-09-13,Quang_Ngai,15.1214,108.8044,29.9,73,16.2,48,1008.0,1
2020-09-14,Quang_Ngai,15.1214,108.8044,29.9,72,16.2,42,1006.9,1
2020-09-15,Quang_Ngai,15.1214,108.8044,30.6,66,14.1,50,1006.2,1
2020-09-16,Quang_Ngai,15.1214,108.8044,30.9,65,11.9,98,1004.9,1
2020-09-17,Quang_Ngai,15.1214,108.8044,27.2,88,16.5,100,1001.3,1
2020-09-18,Quang_Ngai,15.1214,108.8044,28.4,76,49.9,99,995.5,1
2020-09-19,Quang_Ngai,15.1214,108.8044,28.1,80,10.2,94,1004.1,1
2020-09-20,Quang_Ngai,15.1214,108.8044,27.9,84,8.5,99,1007.7,1
2020-09-21,Quang_Ngai,15.1214,108.8044,28.1,86,12.4,68,1007.8,1
2020-09-22,Quang_Ngai,15.1214,108.8044,28.1,82,10.5,13,1007.3,1
2020-09-23,Quang_Ngai,15.1214,108.8044,28.2,80,13.4,52,1007.6,0
2020-09-24,Quang_Ngai,15.1214,108.8044,28.3,80,11.2,55,1008.1,1
2020-09-25,Quang_Ngai,15.1214,108.8044,28.8,78,10.9,54,1007.0,1
2020-09-26,Quang_Ngai,15.1214,108.8044,28.7,80,9.3,62,1006.1,1
2020-09-27,Quang_Ngai,15.1214,108.8044,27.6,87,11.0,88,1006.1,1
2020-09-28,Quang_Ngai,15.1214,108.8044,28.0,84,16.2,95,1005.7,1
2020-09-29,Quang_Ngai,15.1214,108.8044,28.2,83,6.9,98,1005.4,1
2020-09-30,Quang_Ngai,15.1214,108.8044,28.5,81,12.2,65,1004.6,1
2020-10-01,Quang_Ngai,15.1214,108.8044,27.8,86,11.3,75,1004.7,1
2020-10-02,Quang_Ngai,15.1214,108.8044,27.9,85,11.9,89,1005.8,1
2020-10-03,Quang_Ngai,15.1214,108.8044,27.6,87,7.5,96,1006.8,1
2020-10-04,Quang_Ngai,15.1214,108.8044,27.3,88,10.8,97,1007.2,1
2020-10-05,Quang_Ngai,15.1214,108.8044,27.0,87,14.1,55,1007.0,1
2020-10-06,Quang_Ngai,15.1214,108.8044,25.7,93,16.9,92,1007.0,1
2020-10-07,Quang_Ngai,15.1214,108.8044,25.5,96,17.6,100,1005.3,1
2020-10-08,Quang_Ngai,15.1214,108.8044,25.7,94,12.9,100,1006.2,1
2020-10-09,Quang_Ngai,15.1214,108.8044,25.3,95,13.1,100,1007.0,1
2020-10-10,Quang_Ngai,15.1214,108.8044,25.1,95,14.8,100,1006.9,1
2020-10-11,Quang_Ngai,15.1214,108.8044,25.7,92,36.1,100,1000.9,1
2020-10-12,Quang_Ngai,15.1214,108.8044,26.2,88,10.5,98,1002.3,1
2020-10-13,Quang_Ngai,15.1214,108.8044,26.1,88,14.0,100,1002.7,1
2020-10-14,Quang_Ngai,15.1214,108.8044,26.2,92,13.7,100,1004.4,1
2020-10-15,Quang_Ngai,15.1214,108.8044,25.9,93,10.6,95,1005.0,1
2020-10-16,Quang_Ngai,15.1214,108.8044,25.4,95,13.4,100,1003.4,1
2020-10-17,Quang_Ngai,15.1214,108.8044,26.6,89,23.0,100,1002.5,1
2020-10-18,Quang_Ngai,15.1214,108.8044,26.4,91,7.3,100,1005.5,1
2020-10-19,Quang_Ngai,15.1214,108.8044,25.5,93,11.4,100,1007.3,1
2020-10-20,Quang_Ngai,15.1214,108.8044,24.9,95,14.9,98,1008.5,1
2020-10-21,Quang_Ngai,15.1214,108.8044,25.4,82,28.1,99,1009.5,1
2020-10-22,Quang_Ngai,15.1214,108.8044,24.4,71,25.7,100,1008.7,0
2020-10-23,Quang_Ngai,15.1214,108.8044,24.3,73,20.3,100,1009.1,0
2020-10-24,Quang_Ngai,15.1214,108.8044,24.5,73,21.4,94,1009.0,0
2020-10-25,Quang_Ngai,15.1214,108.8044,24.8,79,13.8,74,1008.0,1
2020-10-26,Quang_Ngai,15.1214,108.8044,25.5,87,13.3,97,1008.2,1
2020-10-27,Quang_Ngai,15.1214,108.8044,24.8,84,23.9,100,1005.8,1
2020-10-28,Quang_Ngai,15.1214,108.8044,24.6,87,65.9,99,990.3,1
2020-10-29,Quang_Ngai,15.1214,108.8044,26.7,79,25.3,75,1006.5,1
2020-10-30,Quang_Ngai,15.1214,108.8044,26.1,89,11.1,67,1011.2,1
2020-10-31,Quang_Ngai,15.1214,108.8044,25.3,93,15.4,81,1011.9,1
2020-11-01,Quang_Ngai,15.1214,108.8044,25.1,88,20.5,87,1011.8,1
2020-11-02,Quang_Ngai,15.1214,108.8044,25.0,80,18.0,89,1012.4,1
2020-11-03,Quang_Ngai,15.1214,108.8044,24.3,84,22.9,94,1012.8,1
2020-11-04,Quang_Ngai,15.1214,108.8044,24.0,87,21.6,99,1012.1,1
2020-11-05,Quang_Ngai,15.1214,108.8044,23.1,91,21.1,100,1010.9,1
2020-11-06,Quang_Ngai,15.1214,108.8044,24.9,94,22.0,94,1010.8,1
2020-11-07,Quang_Ngai,15.1214,108.8044,24.5,86,20.0,75,1013.7,1
2020-11-08,Quang_Ngai,15.1214,108.8044,24.5,81,21.7,76,1013.4,1
2020-11-09,Quang_Ngai,15.1214,108.8044,23.2,91,26.6,98,1011.4,1
2020-11-10,Quang_Ngai,15.1214,108.8044,23.9,94,27.9,100,1009.8,1
2020-11-11,Quang_Ngai,15.1214,108.8044,24.8,93,20.8,97,1011.5,1
2020-11-12,Quang_Ngai,15.1214,108.8044,24.6,85,25.1,76,1013.6,1
2020-11-13,Quang_Ngai,15.1214,108.8044,24.2,75,25.9,87,1011.4,1
2020-11-14,Quang_Ngai,15.1214,108.8044,23.6,78,32.3,100,1005.7,1
2020-11-15,Quang_Ngai,15.1214,108.8044,25.6,86,20.2,94,1009.6,1
2020-11-16,Quang_Ngai,15.1214,108.8044,25.5,90,12.7,62,1012.4,1
2020-11-17,Quang_Ngai,15.1214,108.8044,25.1,88,10.2,53,1011.1,1
2020-11-18,Quang_Ngai,15.1214,108.8044,25.4,89,11.1,64,1009.6,1
2020-11-19,Quang_Ngai,15.1214,108.8044,25.5,90,11.2,48,1009.2,1
2020-11-20,Quang_Ngai,15.1214,108.8044,25.2,89,11.2,46,1009.9,1
2020-11-21,Quang_Ngai,15.1214,108.8044,25.1,87,11.4,42,1010.5,1
2020-11-22,Quang_Ngai,15.1214,108.8044,25.0,87,15.0,37,1012.5,1
2020-11-23,Quang_Ngai,15.1214,108.8044,25.1,85,16.2,49,1013.2,1
2020-11-24,Quang_Ngai,15.1214,108.8044,24.8,89,15.3,74,1013.2,1
2020-11-25,Quang_Ngai,15.1214,108.8044,24.6,88,14.7,83,1013.2,1
2020-11-26,Quang_Ngai,15.1214,108.8044,23.8,91,14.3,93,1014.0,1
2020-11-27,Quang_Ngai,15.1214,108.8044,24.1,87,21.2,79,1014.8,1
2020-11-28,Quang_Ngai,15.1214,108.8044,23.6,94,22.0,99,1014.6,1
2020-11-29,Quang_Ngai,15.1214,108.8044,23.3,93,22.6,99,1014.0,1
2020-11-30,Quang_Ngai,15.1214,108.8044,23.2,94,22.4,100,1014.3,1
2020-12-01,Quang_Ngai,15.1214,108.8044,23.6,93,19.3,90,1014.8,1
2020-12-02,Quang_Ngai,15.1214,108.8044,23.4,82,21.4,66,1015.1,1
2020-12-03,Quang_Ngai,15.1214,108.8044,22.8,75,21.3,79,1015.5,1
2020-12-04,Quang_Ngai,15.1214,108.8044,21.1,79,20.9,76,1015.6,1
2020-12-05,Quang_Ngai,15.1214,108.8044,20.8,83,20.2,98,1016.2,1
2020-12-06,Quang_Ngai,15.1214,108.8044,21.1,79,16.3,100,1015.8,1
2020-12-07,Quang_Ngai,15.1214,108.8044,21.6,89,18.9,97,1015.7,1
2020-12-08,Quang_Ngai,15.1214,108.8044,21.8,87,17.5,97,1015.5,1
2020-12-09,Quang_Ngai,15.1214,108.8044,21.7,83,19.6,93,1013.3,1
2020-12-10,Quang_Ngai,15.1214,108.8044,22.4,87,14.0,100,1012.1,1
2020-12-11,Quang_Ngai,15.1214,108.8044,23.3,87,15.6,99,1011.6,1
2020-12-12,Quang_Ngai,15.1214,108.8044,23.9,91,10.0,75,1010.7,1
2020-12-13,Quang_Ngai,15.1214,108.8044,24.2,91,10.2,96,1009.7,1
2020-12-14,Quang_Ngai,15.1214,108.8044,24.7,93,11.7,90,1011.0,1
2020-12-15,Quang_Ngai,15.1214,108.8044,24.2,90,15.5,83,1014.2,1
2020-12-16,Quang_Ngai,15.1214,108.8044,23.1,91,20.7,84,1015.6,1
2020-12-17,Quang_Ngai,15.1214,108.8044,22.8,88,20.1,84,1015.0,1
2020-12-18,Quang_Ngai,15.1214,108.8044,21.9,92,21.4,99,1015.0,1
2020-12-19,Quang_Ngai,15.1214,108.8044,20.7,92,21.3,100,1016.7,1
2020-12-20,Quang_Ngai,15.1214,108.8044,20.0,85,22.7,100,1017.4,1
2020-12-21,Quang_Ngai,15.1214,108.8044,18.7,91,18.7,100,1016.1,1
2020-12-22,Quang_Ngai,15.1214,108.8044,19.6,83,16.3,100,1014.0,1
2020-12-23,Quang_Ngai,15.1214,108.8044,21.7,79,18.7,94,1011.9,0
2020-12-24,Quang_Ngai,15.1214,108.8044,22.2,85,15.5,99,1011.9,1
2020-12-25,Quang_Ngai,15.1214,108.8044,22.3,92,12.5,90,1013.2,1
2020-12-26,Quang_Ngai,15.1214,108.8044,23.0,90,11.3,69,1012.9,1
2020-12-27,Quang_Ngai,15.1214,108.8044,23.5,89,11.2,74,1011.9,1
2020-12-28,Quang_Ngai,15.1214,108.8044,22.7,86,13.7,52,1011.0,0
2020-12-29,Quang_Ngai,15.1214,108.8044,22.4,86,13.3,47,1011.1,1
2020-12-30,Quang_Ngai,15.1214,108.8044,22.3,84,27.4,89,1015.2,1
2020-12-31,Quang_Ngai,15.1214,108.8044,20.4,78,25.0,88,1018.5,1
2021-01-01,Quang_Ngai,15.1214,108.8044,19.4,76,25.6,98,1018.6,1
2021-01-02,Quang_Ngai,15.1214,108.8044,18.6,88,16.5,100,1017.1,1
2021-01-03,Quang_Ngai,15.1214,108.8044,20.3,87,18.9,100,1015.9,1
2021-01-04,Quang_Ngai,15.1214,108.8044,20.6,92,17.6,100,1015.2,1
2021-01-05,Quang_Ngai,15.1214,108.8044,21.6,88,15.5,97,1015.0,1
2021-01-06,Quang_Ngai,15.1214,108.8044,22.0,91,12.8,96,1014.0,1
2021-01-07,Quang_Ngai,15.1214,108.8044,22.1,90,11.7,90,1013.3,1
2021-01-08,Quang_Ngai,15.1214,108.8044,21.0,90,21.7,94,1015.4,1
2021-01-09,Quang_Ngai,15.1214,108.8044,18.5,92,19.4,100,1017.0,1
2021-01-10,Quang_Ngai,15.1214,108.8044,18.3,88,16.3,100,1016.3,1
2021-01-11,Quang_Ngai,15.1214,108.8044,17.9,80,23.5,100,1018.8,1
2021-01-12,Quang_Ngai,15.1214,108.8044,16.3,73,22.1,100,1019.6,1
2021-01-13,Quang_Ngai,15.1214,108.8044,16.9,76,12.5,82,1016.3,0
2021-01-14,Quang_Ngai,15.1214,108.8044,18.6,82,8.7,84,1014.4,1
2021-01-15,Quang_Ngai,15.1214,108.8044,19.1,86,9.3,42,1012.5,1
2021-01-16,Quang_Ngai,15.1214,108.8044,20.0,86,12.6,42,1012.6,1
2021-01-17,Quang_Ngai,15.1214,108.8044,20.6,87,20.5,85,1016.6,1
2021-01-18,Quang_Ngai,15.1214,108.8044,19.2,78,25.6,67,1018.3,1
2021-01-19,Quang_Ngai,15.1214,108.8044,18.6,80,14.0,99,1015.7,1
2021-01-20,Quang_Ngai,15.1214,108.8044,20.3,84,14.8,69,1013.6,0
2021-01-21,Quang_Ngai,15.1214,108.8044,21.5,87,14.5,76,1012.2,0
2021-01-22,Quang_Ngai,15.1214,108.8044,21.9,85,17.2,78,1011.8,1
2021-01-23,Quang_Ngai,15.1214,108.8044,21.2,86,15.3,74,1012.4,1
2021-01-24,Quang_Ngai,15.1214,108.8044,21.6,86,10.1,47,1012.8,1
2021-01-25,Quang_Ngai,15.1214,108.8044,21.7,85,12.7,23,1012.7,0
2021-01-26,Quang_Ngai,15.1214,108.8044,21.8,85,14.8,49,1013.3,1
2021-01-27,Quang_Ngai,15.1214,108.8044,22.1,88,12.2,91,1013.3,1
2021-01-28,Quang_Ngai,15.1214,108.8044,21.6,85,20.3,75,1016.1,1
2021-01-29,Quang_Ngai,15.1214,108.8044,20.7,82,17.1,65,1017.0,1
2021-01-30,Quang_Ngai,15.1214,108.8044,20.9,87,13.0,78,1016.1,1
2021-01-31,Quang_Ngai,15.1214,108.8044,21.7,86,11.0,81,1015.9,1
2021-02-01,Quang_Ngai,15.1214,108.8044,21.5,85,14.1,61,1015.6,1
2021-02-02,Quang_Ngai,15.1214,108.8044,22.0,85,14.9,65,1015.9,1
2021-02-03,Quang_Ngai,15.1214,108.8044,22.1,85,15.0,52,1016.3,1
2021-02-04,Quang_Ngai,15.1214,108.8044,21.5,87,14.6,81,1016.7,1
2021-02-05,Quang_Ngai,15.1214,108.8044,22.1,85,14.8,57,1015.5,1
2021-02-06,Quang_Ngai,15.1214,108.8044,21.9,84,13.5,80,1014.2,1
2021-02-07,Quang_Ngai,15.1214,108.8044,22.4,85,11.9,73,1013.7,1
2021-02-08,Quang_Ngai,15.1214,108.8044,22.8,86,8.7,76,1013.4,1
2021-02-09,Quang_Ngai,15.1214,108.8044,23.0,90,21.3,90,1011.1,1
2021-02-10,Quang_Ngai,15.1214,108.8044,20.9,81,18.6,81,1012.0,1
2021-02-11,Quang_Ngai,15.1214,108.8044,20.4,75,20.5,45,1013.2,0
2021-02-12,Quang_Ngai,15.1214,108.8044,19.8,76,15.9,72,1014.4,0
2021-02-13,Quang_Ngai,15.1214,108.8044,19.5,81,11.1,57,1014.6,0
2021-02-14,Quang_Ngai,15.1214,108.8044,20.0,82,13.1,49,1014.6,0
2021-02-15,Quang_Ngai,15.1214,108.8044,20.2,82,11.5,20,1012.8,0
2021-02-16,Quang_Ngai,15.1214,108.8044,20.5,82,10.4,18,1012.5,0
2021-02-17,Quang_Ngai,15.1214,108.8044,21.7,79,17.0,35,1015.7,1
2021-02-18,Quang_Ngai,15.1214,108.8044,22.0,79,23.4,44,1018.5,1
2021-02-19,Quang_Ngai,15.1214,108.8044,21.5,78,20.0,55,1018.7,1
2021-02-20,Quang_Ngai,15.1214,108.8044,20.8,77,13.7,72,1017.1,1
2021-02-21,Quang_Ngai,15.1214,108.8044,20.8,78,11.6,62,1014.7,1
2021-02-22,Quang_Ngai,15.1214,108.8044,21.0,81,12.6,16,1013.1,0
2021-02-23,Quang_Ngai,15.1214,108.8044,21.2,80,14.7,19,1012.4,0
2021-02-24,Quang_Ngai,15.1214,108.8044,22.0,82,10.1,21,1010.4,0
2021-02-25,Quang_Ngai,15.1214,108.8044,22.8,83,13.9,35,1007.6,0
2021-02-26,Quang_Ngai,15.1214,108.8044,24.0,85,16.5,25,1005.9,0
2021-02-27,Quang_Ngai,15.1214,108.8044,24.3,84,19.7,35,1007.7,0
2021-02-28,Quang_Ngai,15.1214,108.8044,25.0,84,18.8,57,1010.3,1
2021-03-01,Quang_Ngai,15.1214,108.8044,25.5,86,15.5,39,1011.9,0
2021-03-02,Quang_Ngai,15.1214,108.8044,25.5,85,12.9,66,1013.6,1
2021-03-03,Quang_Ngai,15.1214,108.8044,24.5,84,12.2,40,1014.2,1
2021-03-04,Quang_Ngai,15.1214,108.8044,25.0,82,13.8,56,1013.6,1
2021-03-05,Quang_Ngai,15.1214,108.8044,25.0,82,20.4,9,1011.9,0
2021-03-06,Quang_Ngai,15.1214,108.8044,25.1,80,15.8,4,1011.9,0
2021-03-07,Quang_Ngai,15.1214,108.8044,25.5,84,14.0,42,1013.2,1
2021-03-08,Quang_Ngai,15.1214,108.8044,24.8,85,14.4,32,1014.2,1
2021-03-09,Quang_Ngai,15.1214,108.8044,24.6,83,12.3,22,1014.2,1
2021-03-10,Quang_Ngai,15.1214,108.8044,24.4,83,12.2,52,1014.1,1
2021-03-11,Quang_Ngai,15.1214,108.8044,24.8,82,12.7,55,1014.2,1
2021-03-12,Quang_Ngai,15.1214,108.8044,24.6,82,14.5,43,1014.5,1
2021-03-13,Quang_Ngai,15.1214,108.8044,24.4,81,14.5,40,1014.1,1
2021-03-14,Quang_Ngai,15.1214,108.8044,24.3,82,13.1,42,1012.2,1
2021-03-15,Quang_Ngai,15.1214,108.8044,24.5,80,14.5,51,1010.4,0
2021-03-16,Quang_Ngai,15.1214,108.8044,24.4,81,13.8,26,1009.9,0
2021-03-17,Quang_Ngai,15.1214,108.8044,24.9,80,15.5,36,1009.6,0
2021-03-18,Quang_Ngai,15.1214,108.8044,25.9,80,15.7,88,1009.1,0
2021-03-19,Quang_Ngai,15.1214,108.8044,26.0,81,17.1,51,1008.2,0
2021-03-20,Quang_Ngai,15.1214,108.8044,26.5,81,17.8,61,1007.0,0
2021-03-21,Quang_Ngai,15.1214,108.8044,26.8,81,16.0,58,1009.4,1
2021-03-22,Quang_Ngai,15.1214,108.8044,24.4,88,22.9,89,1014.9,1
2021-03-23,Quang_Ngai,15.1214,108.8044,23.7,85,17.3,65,1015.0,1
2021-03-24,Quang_Ngai,15.1214,108.8044,23.1,89,12.2,80,1012.5,1
2021-03-25,Quang_Ngai,15.1214,108.8044,24.7,85,12.1,69,1011.4,1
2021-03-26,Quang_Ngai,15.1214,108.8044,25.2,87,15.3,65,1010.3,1
2021-03-27,Quang_Ngai,15.1214,108.8044,26.0,84,17.3,60,1008.2,0
2021-03-28,Quang_Ngai,15.1214,108.8044,26.3,82,14.7,81,1006.9,0
2021-03-29,Quang_Ngai,15.1214,108.8044,26.7,81,16.9,62,1005.2,0
2021-03-30,Quang_Ngai,15.1214,108.8044,26.7,82,14.6,21,1003.6,0
2021-03-31,Quang_Ngai,15.1214,108.8044,27.1,83,17.0,6,1003.0,0
2021-04-01,Quang_Ngai,15.1214,108.8044,27.8,83,15.8,11,1003.6,0
2021-04-02,Quang_Ngai,15.1214,108.8044,27.8,82,15.4,17,1005.5,0
2021-04-03,Quang_Ngai,15.1214,108.8044,27.2,81,18.8,18,1007.4,0
2021-04-04,Quang_Ngai,15.1214,108.8044,27.1,78,14.9,27,1009.5,1
2021-04-05,Quang_Ngai,15.1214,108.8044,26.4,79,13.4,68,1011.8,1
2021-04-06,Quang_Ngai,15.1214,108.8044,26.3,82,12.3,51,1012.2,1
2021-04-07,Quang_Ngai,15.1214,108.8044,26.5,81,12.4,43,1011.4,1
2021-04-08,Quang_Ngai,15.1214,108.8044,26.7,81,13.0,36,1009.6,1
2021-04-09,Quang_Ngai,15.1214,108.8044,26.4,80,14.9,45,1010.4,1
2021-04-10,Quang_Ngai,15.1214,108.8044,25.9,84,12.1,65,1012.3,1
2021-04-11,Quang_Ngai,15.1214,108.8044,26.4,80,13.4,44,1013.0,1
2021-04-12,Quang_Ngai,15.1214,108.8044,26.7,80,14.3,73,1012.2,1
2021-04-13,Quang_Ngai,15.1214,108.8044,26.8,81,15.8,39,1010.6,0
2021-04-14,Quang_Ngai,15.1214,108.8044,27.4,79,16.7,67,1009.3,0
2021-04-15,Quang_Ngai,15.1214,108.8044,27.2,78,15.8,37,1008.6,0
2021-04-16,Quang_Ngai,15.1214,108.8044,27.2,78,19.7,49,1008.8,0
2021-04-17,Quang_Ngai,15.1214,108.8044,26.8,74,15.7,68,1010.9,0
2021-04-18,Quang_Ngai,15.1214,108.8044,27.4,73,16.1,56,1010.3,0
2021-04-19,Quang_Ngai,15.1214,108.8044,27.8,75,16.3,52,1008.1,1
2021-04-20,Quang_Ngai,15.1214,108.8044,28.1,79,15.6,78,1007.7,1
2021-04-21,Quang_Ngai,15.1214,108.8044,27.5,83,14.3,95,1008.4,1
2021-04-22,Quang_Ngai,15.1214,108.8044,27.9,79,15.3,86,1007.3,1
2021-04-23,Quang_Ngai,15.1214,108.8044,28.4,79,18.0,44,1005.8,0
2021-04-24,Quang_Ngai,15.1214,108.8044,29.0,78,14.2,45,1005.8,0
2021-04-25,Quang_Ngai,15.1214,108.8044,30.1,76,15.5,52,1006.6,1
2021-04-26,Quang_Ngai,15.1214,108.8044,29.2,80,23.6,59,1007.4,0
2021-04-27,Quang_Ngai,15.1214,108.8044,28.1,79,16.5,91,1009.9,1
2021-04-28,Quang_Ngai,15.1214,108.8044,28.3,74,15.6,55,1011.1,0
2021-04-29,Quang_Ngai,15.1214,108.8044,28.3,72,11.9,49,1010.8,1
2021-04-30,Quang_Ngai,15.1214,108.8044,28.0,75,12.6,35,1010.2,1
2021-05-01,Quang_Ngai,15.1214,108.8044,28.6,74,18.7,46,1009.9,1
2021-05-02,Quang_Ngai,15.1214,108.8044,29.0,75,19.5,55,1009.5,1
2021-05-03,Quang_Ngai,15.1214,108.8044,29.0,71,20.0,62,1008.1,0
2021-05-04,Quang_Ngai,15.1214,108.8044,28.8,71,20.3,32,1007.6,0
2021-05-05,Quang_Ngai,15.1214,108.8044,29.0,75,19.7,64,1008.7,1
2021-05-06,Quang_Ngai,15.1214,108.8044,28.7,76,15.5,71,1011.1,1
2021-05-07,Quang_Ngai,15.1214,108.8044,28.9,72,14.8,72,1010.6,1
2021-05-08,Quang_Ngai,15.1214,108.8044,28.7,73,16.2,52,1008.2,0
2021-05-09,Quang_Ngai,15.1214,108.8044,29.0,74,20.0,41,1006.6,0
2021-05-10,Quang_Ngai,15.1214,108.8044,30.0,73,22.3,47,1005.9,0
2021-05-11,Quang_Ngai,15.1214,108.8044,30.2,73,20.2,58,1005.4,1
2021-05-12,Quang_Ngai,15.1214,108.8044,30.4,72,21.4,70,1005.0,1
2021-05-13,Quang_Ngai,15.1214,108.8044,30.2,73,22.4,43,1005.0,1
2021-05-14,Quang_Ngai,15.1214,108.8044,30.2,73,22.6,72,1005.4,1
2021-05-15,Quang_Ngai,15.1214,108.8044,30.3,71,23.8,40,1006.0,0
2021-05-16,Quang_Ngai,15.1214,108.8044,29.9,71,19.2,27,1006.1,1
2021-05-17,Quang_Ngai,15.1214,108.8044,30.2,74,23.6,19,1006.5,0
2021-05-18,Quang_Ngai,15.1214,108.8044,30.4,71,21.3,69,1006.5,1
2021-05-19,Quang_Ngai,15.1214,108.8044,30.4,71,24.2,70,1005.5,0
2021-05-20,Quang_Ngai,15.1214,108.8044,30.9,66,18.7,77,1005.3,0
2021-05-21,Quang_Ngai,15.1214,108.8044,31.3,67,19.3,56,1004.8,0
2021-05-22,Quang_Ngai,15.1214,108.8044,31.3,68,13.5,29,1003.4,1
2021-05-23,Quang_Ngai,15.1214,108.8044,31.1,70,13.4,35,1003.4,1
2021-05-24,Quang_Ngai,15.1214,108.8044,29.3,77,15.2,41,1005.0,1
2021-05-25,Quang_Ngai,15.1214,108.8044,29.6,75,19.6,33,1005.2,1
2021-05-26,Quang_Ngai,15.1214,108.8044,29.4,74,18.1,33,1004.9,1
2021-05-27,Quang_Ngai,15.1214,108.8044,29.4,76,20.9,34,1005.5,1
2021-05-28,Quang_Ngai,15.1214,108.8044,30.8,71,16.7,69,1006.7,1
2021-05-29,Quang_Ngai,15.1214,108.8044,30.9,75,13.4,46,1006.0,1
2021-05-30,Quang_Ngai,15.1214,108.8044,32.0,68,14.8,32,1004.4,1
2021-05-31,Quang_Ngai,15.1214,108.8044,32.5,66,14.2,33,1002.9,1
2021-06-01,Quang_Ngai,15.1214,108.8044,32.5,66,14.0,46,1003.3,0
2021-06-02,Quang_Ngai,15.1214,108.8044,32.5,69,16.1,70,1003.7,0
2021-06-03,Quang_Ngai,15.1214,108.8044,33.0,64,12.4,86,1003.9,1
2021-06-04,Quang_Ngai,15.1214,108.8044,33.4,57,14.7,72,1003.8,1
2021-06-05,Quang_Ngai,15.1214,108.8044,30.4,76,13.0,81,1004.4,1
2021-06-06,Quang_Ngai,15.1214,108.8044,30.8,69,9.2,92,1003.5,1
2021-06-07,Quang_Ngai,15.1214,108.8044,30.7,72,8.6,98,1003.9,1
2021-06-08,Quang_Ngai,15.1214,108.8044,29.4,78,7.7,97,1004.8,1
2021-06-09,Quang_Ngai,15.1214,108.8044,28.9,80,10.5,99,1004.3,1
2021-06-10,Quang_Ngai,15.1214,108.8044,28.9,81,9.7,91,1002.5,1
2021-06-11,Quang_Ngai,15.1214,108.8044,28.0,84,7.2,100,1001.5,1
2021-06-12,Quang_Ngai,15.1214,108.8044,27.5,87,6.6,100,1001.0,1
2021-06-13,Quang_Ngai,15.1214,108.8044,29.6,70,13.2,82,1003.0,1
2021-06-14,Quang_Ngai,15.1214,108.8044,30.2,66,12.8,64,1003.9,1
2021-06-15,Quang_Ngai,15.1214,108.8044,30.8,66,8.8,40,1002.9,1
2021-06-16,Quang_Ngai,15.1214,108.8044,31.5,65,10.7,19,1004.3,1
2021-06-17,Quang_Ngai,15.1214,108.8044,31.0,66,11.7,15,1005.9,1
2021-06-18,Quang_Ngai,15.1214,108.8044,31.1,68,12.1,18,1006.1,0
2021-06-19,Quang_Ngai,15.1214,108.8044,31.6,65,18.0,40,1004.6,0
2021-06-20,Quang_Ngai,15.1214,108.8044,32.1,60,16.2,61,1002.4,0
2021-06-21,Quang_Ngai,15.1214,108.8044,32.6,57,16.6,44,1002.0,1
2021-06-22,Quang_Ngai,15.1214,108.8044,32.0,60,15.3,74,1003.8,1
2021-06-23,Quang_Ngai,15.1214,108.8044,31.9,62,12.3,88,1004.4,1
2021-06-24,Quang_Ngai,15.1214,108.8044,31.7,62,12.6,79,1003.8,1
2021-06-25,Quang_Ngai,15.1214,108.8044,31.3,66,11.8,80,1003.4,1
2021-06-26,Quang_Ngai,15.1214,108.8044,30.9,69,12.2,89,1004.9,1
2021-06-27,Quang_Ngai,15.1214,108.8044,31.6,65,16.8,19,1005.5,0
2021-06-28,Quang_Ngai,15.1214,108.8044,31.7,64,14.3,79,1003.7,1
2021-06-29,Quang_Ngai,15.1214,108.8044,32.1,61,17.7,73,1003.1,1
2021-06-30,Quang_Ngai,15.1214,108.8044,32.0,59,21.6,67,1003.3,1
2021-07-01,Quang_Ngai,15.1214,108.8044,31.8,59,14.8,52,1003.9,0
2021-07-02,Quang_Ngai,15.1214,108.8044,32.3,59,15.9,48,1004.7,1
2021-07-03,Quang_Ngai,15.1214,108.8044,32.2,62,16.8,40,1004.1,0
2021-07-04,Quang_Ngai,15.1214,108.8044,31.5,64,15.3,75,1003.3,0
2021-07-05,Quang_Ngai,15.1214,108.8044,31.1,67,13.0,98,1002.7,0
2021-07-06,Quang_Ngai,15.1214,108.8044,27.8,85,14.5,100,1002.3,1
2021-07-07,Quang_Ngai,15.1214,108.8044,29.1,79,11.0,97,1002.8,1
2021-07-08,Quang_Ngai,15.1214,108.8044,28.4,78,17.3,83,1004.8,1
2021-07-09,Quang_Ngai,15.1214,108.8044,28.6,75,24.5,47,1006.0,1
2021-07-10,Quang_Ngai,15.1214,108.8044,28.7,75,20.6,19,1006.6,1
2021-07-11,Quang_Ngai,15.1214,108.8044,29.1,75,18.8,28,1007.9,1
2021-07-12,Quang_Ngai,15.1214,108.8044,29.5,73,18.3,53,1007.8,1
2021-07-13,Quang_Ngai,15.1214,108.8044,29.3,73,18.2,67,1006.3,1
2021-07-14,Quang_Ngai,15.1214,108.8044,29.6,72,19.0,50,1005.2,1
2021-07-15,Quang_Ngai,15.1214,108.8044,29.6,71,17.4,57,1006.2,1
2021-07-16,Quang_Ngai,15.1214,108.8044,28.9,77,11.9,69,1006.7,1
2021-07-17,Quang_Ngai,15.1214,108.8044,29.4,74,10.7,21,1004.0,1
2021-07-18,Quang_Ngai,15.1214,108.8044,29.3,78,12.9,62,1001.9,1
2021-07-19,Quang_Ngai,15.1214,108.8044,29.8,75,12.9,69,1001.7,1
2021-07-20,Quang_Ngai,15.1214,108.8044,30.1,72,11.6,97,1002.1,1
2021-07-21,Quang_Ngai,15.1214,108.8044,30.6,66,8.1,88,1001.7,1
2021-07-22,Quang_Ngai,15.1214,108.8044,31.1,63,8.5,98,1000.6,0
2021-07-23,Quang_Ngai,15.1214,108.8044,30.5,65,8.8,94,999.6,1
2021-07-24,Quang_Ngai,15.1214,108.8044,30.2,66,16.6,76,998.6,1
2021-07-25,Quang_Ngai,15.1214,108.8044,31.5,55,14.4,67,998.7,1
2021-07-26,Quang_Ngai,15.1214,108.8044,32.1,56,12.4,45,999.5,1
2021-07-27,Quang_Ngai,15.1214,108.8044,32.5,59,14.1,57,998.9,1
2021-07-28,Quang_Ngai,15.1214,108.8044,32.7,57,12.2,66,998.6,1
2021-07-29,Quang_Ngai,15.1214,108.8044,32.6,60,10.2,77,999.6,1
2021-07-30,Quang_Ngai,15.1214,108.8044,32.8,61,11.2,58,1000.9,1
2021-07-31,Quang_Ngai,15.1214,108.8044,33.3,53,12.4,92,1000.8,1
2021-08-01,Quang_Ngai,15.1214,108.8044,33.8,50,11.8,95,999.3,1
2021-08-02,Quang_Ngai,15.1214,108.8044,33.4,52,14.4,99,999.4,1
2021-08-03,Quang_Ngai,15.1214,108.8044,33.5,49,13.3,99,999.9,1
2021-08-04,Quang_Ngai,15.1214,108.8044,33.3,49,13.7,98,1000.5,0
2021-08-05,Quang_Ngai,15.1214,108.8044,33.9,49,12.4,98,1000.1,1
2021-08-06,Quang_Ngai,15.1214,108.8044,34.0,50,12.0,99,1001.0,1
2021-08-07,Quang_Ngai,15.1214,108.8044,34.0,53,13.7,98,1002.2,1
2021-08-08,Quang_Ngai,15.1214,108.8044,33.4,56,16.1,96,1003.0,1
2021-08-09,Quang_Ngai,15.1214,108.8044,33.4,57,14.8,77,1002.7,1
2021-08-10,Quang_Ngai,15.1214,108.8044,32.5,63,12.2,79,1002.3,1
2021-08-11,Quang_Ngai,15.1214,108.8044,30.9,72,11.0,80,1004.7,1
2021-08-12,Quang_Ngai,15.1214,108.8044,30.8,71,15.4,92,1006.9,1
2021-08-13,Quang_Ngai,15.1214,108.8044,30.0,77,16.3,80,1004.5,1
2021-08-14,Quang_Ngai,15.1214,108.8044,30.9,70,7.8,78,1003.3,1
2021-08-15,Quang_Ngai,15.1214,108.8044,31.1,68,19.6,49,1006.0,0
2021-08-16,Quang_Ngai,15.1214,108.8044,30.3,74,14.5,13,1009.6,1
2021-08-17,Quang_Ngai,15.1214,108.8044,29.7,73,15.3,9,1008.8,1
2021-08-18,Quang_Ngai,15.1214,108.8044,30.2,67,15.5,2,1006.4,0
2021-08-19,Quang_Ngai,15.1214,108.8044,29.9,69,18.0,58,1005.9,0
2021-08-20,Quang_Ngai,15.1214,108.8044,29.9,72,17.7,48,1007.0,0
2021-08-21,Quang_Ngai,15.1214,108.8044,30.5,69,16.2,23,1006.7,0
2021-08-22,Quang_Ngai,15.1214,108.8044,30.6,67,14.1,54,1005.5,1
2021-08-23,Quang_Ngai,15.1214,108.8044,30.3,69,12.3,54,1004.3,1
2021-08-24,Quang_Ngai,15.1214,108.8044,30.3,69,13.2,49,1004.1,1
2021-08-25,Quang_Ngai,15.1214,108.8044,30.1,70,15.8,50,1004.5,1
2021-08-26,Quang_Ngai,15.1214,108.8044,28.8,77,17.6,73,1005.9,1
2021-08-27,Quang_Ngai,15.1214,108.8044,27.6,81,15.3,80,1007.2,1
2021-08-28,Quang_Ngai,15.1214,108.8044,27.9,78,14.3,69,1006.9,1
2021-08-29,Quang_Ngai,15.1214,108.8044,26.6,87,14.5,88,1007.1,1
2021-08-30,Quang_Ngai,15.1214,108.8044,27.3,85,9.5,96,1007.6,1
2021-08-31,Quang_Ngai,15.1214,108.8044,27.3,87,9.8,95,1007.9,1
2021-09-01,Quang_Ngai,15.1214,108.8044,27.7,83,9.3,73,1007.1,1
2021-09-02,Quang_Ngai,15.1214,108.8044,27.8,85,11.6,98,1006.2,1
2021-09-03,Quang_Ngai,15.1214,108.8044,26.7,86,8.9,100,1005.5,1
2021-09-04,Quang_Ngai,15.1214,108.8044,26.9,87,8.3,99,1005.5,1
2021-09-05,Quang_Ngai,15.1214,108.8044,27.5,85,10.0,60,1006.6,1
2021-09-06,Quang_Ngai,15.1214,108.8044,27.0,88,13.4,75,1007.7,1
2021-09-07,Quang_Ngai,15.1214,108.8044,25.6,93,6.8,99,1006.8,1
2021-09-08,Quang_Ngai,15.1214,108.8044,27.0,85,14.8,92,1005.3,1
2021-09-09,Quang_Ngai,15.1214,108.8044,27.3,86,9.7,86,1006.3,1
2021-09-10,Quang_Ngai,15.1214,108.8044,26.0,89,17.3,100,1004.8,1
2021-09-11,Quang_Ngai,15.1214,108.8044,25.1,88,33.2,100,997.8,1
2021-09-12,Quang_Ngai,15.1214,108.8044,25.6,91,30.3,99,996.8,1
2021-09-13,Quang_Ngai,15.1214,108.8044,27.3,86,12.0,74,1001.8,1
2021-09-14,Quang_Ngai,15.1214,108.8044,27.9,86,20.1,73,1006.2,1
2021-09-15,Quang_Ngai,15.1214,108.8044,27.9,83,21.8,84,1008.9,1
2021-09-16,Quang_Ngai,15.1214,108.8044,27.5,84,18.1,96,1008.5,1
2021-09-17,Quang_Ngai,15.1214,108.8044,27.7,86,11.3,32,1007.5,1
2021-09-18,Quang_Ngai,15.1214,108.8044,27.4,87,11.4,88,1008.0,1
2021-09-19,Quang_Ngai,15.1214,108.8044,26.3,90,13.6,88,1007.8,1
2021-09-20,Quang_Ngai,15.1214,108.8044,26.3,91,9.2,86,1007.1,1
2021-09-21,Quang_Ngai,15.1214,108.8044,26.5,90,8.9,88,1006.7,1
2021-09-22,Quang_Ngai,15.1214,108.8044,26.9,88,9.3,68,1006.8,1
2021-09-23,Quang_Ngai,15.1214,108.8044,25.0,95,17.2,98,1004.9,1
2021-09-24,Quang_Ngai,15.1214,108.8044,26.5,87,21.9,98,1005.6,1
2021-09-25,Quang_Ngai,15.1214,108.8044,26.2,90,15.1,92,1007.4,1
2021-09-26,Quang_Ngai,15.1214,108.8044,26.8,88,11.0,53,1007.8,1
2021-09-27,Quang_Ngai,15.1214,108.8044,26.9,84,12.2,17,1008.0,1
2021-09-28,Quang_Ngai,15.1214,108.8044,26.9,86,12.0,62,1007.9,1
2021-09-29,Quang_Ngai,15.1214,108.8044,27.4,86,11.7,37,1007.2,1
2021-09-30,Quang_Ngai,15.1214,108.8044,27.3,85,12.8,33,1007.5,1
2021-10-01,Quang_Ngai,15.1214,108.8044,27.2,86,12.5,39,1007.7,1
2021-10-02,Quang_Ngai,15.1214,108.8044,27.0,86,10.8,83,1008.2,1
2021-10-03,Quang_Ngai,15.1214,108.8044,27.3,82,9.9,63,1008.3,1
2021-10-04,Quang_Ngai,15.1214,108.8044,26.2,89,18.8,80,1007.3,1
2021-10-05,Quang_Ngai,15.1214,108.8044,26.4,91,14.4,83,1006.3,1
2021-10-06,Quang_Ngai,15.1214,108.8044,24.8,96,17.5,100,1002.7,1
2021-10-07,Quang_Ngai,15.1214,108.8044,25.0,93,13.9,100,999.0,1
2021-10-08,Quang_Ngai,15.1214,108.8044,26.8,87,11.4,100,998.8,1
2021-10-09,Quang_Ngai,15.1214,108.8044,28.1,82,12.6,93,1001.0,1
2021-10-10,Quang_Ngai,15.1214,108.8044,27.7,86,10.8,70,1002.4,1
2021-10-11,Quang_Ngai,15.1214,108.8044,27.1,89,12.9,81,1003.4,1
2021-10-12,Quang_Ngai,15.1214,108.8044,26.5,84,27.1,99,1002.5,1
2021-10-13,Quang_Ngai,15.1214,108.8044,25.3,81,11.8,100,999.8,1
2021-10-14,Quang_Ngai,15.1214,108.8044,25.5,91,5.7,100,1002.8,1
2021-10-15,Quang_Ngai,15.1214,108.8044,26.0,91,9.3,100,1005.3,1
2021-10-16,Quang_Ngai,15.1214,108.8044,25.3,91,18.9,100,1006.8,1
2021-10-17,Quang_Ngai,15.1214,108.8044,25.8,90,27.9,100,1006.6,1
2021-10-18,Quang_Ngai,15.1214,108.8044,26.2,89,11.5,100,1010.9,1
2021-10-19,Quang_Ngai,15.1214,108.8044,25.6,92,11.1,97,1013.3,1
2021-10-20,Quang_Ngai,15.1214,108.8044,26.3,89,9.0,82,1012.4,1
2021-10-21,Quang_Ngai,15.1214,108.8044,26.2,87,11.7,61,1010.8,1
2021-10-22,Quang_Ngai,15.1214,108.8044,25.1,90,15.7,92,1012.7,1
2021-10-23,Quang_Ngai,15.1214,108.8044,24.1,95,17.9,100,1013.8,1
2021-10-24,Quang_Ngai,15.1214,108.8044,23.9,93,15.9,99,1013.4,1
2021-10-25,Quang_Ngai,15.1214,108.8044,24.8,83,23.9,85,1011.8,1
2021-10-26,Quang_Ngai,15.1214,108.8044,23.9,89,22.8,100,1010.2,1
2021-10-27,Quang_Ngai,15.1214,108.8044,24.5,95,17.3,100,1009.7,1
2021-10-28,Quang_Ngai,15.1214,108.8044,24.7,93,13.4,97,1011.6,1
2021-10-29,Quang_Ngai,15.1214,108.8044,25.1,91,13.5,95,1013.0,1
2021-10-30,Quang_Ngai,15.1214,108.8044,25.2,89,9.8,96,1013.2,1
2021-10-31,Quang_Ngai,15.1214,108.8044,25.4,89,11.5,73,1013.0,1
2021-11-01,Quang_Ngai,15.1214,108.8044,25.7,88,11.8,59,1012.9,1
2021-11-02,Quang_Ngai,15.1214,108.8044,25.7,87,12.0,70,1012.7,1
2021-11-03,Quang_Ngai,15.1214,108.8044,25.7,87,14.7,84,1011.9,1
2021-11-04,Quang_Ngai,15.1214,108.8044,25.6,87,11.3,67,1011.1,1
2021-11-05,Quang_Ngai,15.1214,108.8044,25.9,87,9.8,51,1009.3,1
2021-11-06,Quang_Ngai,15.1214,108.8044,26.1,85,11.5,36,1007.2,0
2021-11-07,Quang_Ngai,15.1214,108.8044,26.4,83,10.8,59,1008.4,1
2021-11-08,Quang_Ngai,15.1214,108.8044,24.4,93,16.8,97,1011.1,1
2021-11-09,Quang_Ngai,15.1214,108.8044,23.6,90,22.3,100,1013.3,1
2021-11-10,Quang_Ngai,15.1214,108.8044,22.7,93,19.5,100,1013.5,1
2021-11-11,Quang_Ngai,15.1214,108.8044,22.9,90,14.0,99,1012.8,1
2021-11-12,Quang_Ngai,15.1214,108.8044,24.0,87,17.0,100,1013.3,1
2021-11-13,Quang_Ngai,15.1214,108.8044,22.7,93,25.2,100,1012.6,1
2021-11-14,Quang_Ngai,15.1214,108.8044,22.5,93,11.3,100,1012.7,1
2021-11-15,Quang_Ngai,15.1214,108.8044,23.7,95,11.3,95,1010.9,1
2021-11-16,Quang_Ngai,15.1214,108.8044,24.2,93,11.4,100,1011.1,1
2021-11-17,Quang_Ngai,15.1214,108.8044,24.5,93,14.6,100,1011.3,1
2021-11-18,Quang_Ngai,15.1214,108.8044,24.2,92,15.8,89,1010.4,1
2021-11-19,Quang_Ngai,15.1214,108.8044,24.7,86,11.2,53,1008.9,1
2021-11-20,Quang_Ngai,15.1214,108.8044,25.0,86,11.9,69,1008.4,1
2021-11-21,Quang_Ngai,15.1214,108.8044,25.2,88,11.3,68,1009.8,1
2021-11-22,Quang_Ngai,15.1214,108.8044,24.8,90,15.4,90,1011.5,1
2021-11-23,Quang_Ngai,15.1214,108.8044,23.6,90,19.3,97,1013.7,1
2021-11-24,Quang_Ngai,15.1214,108.8044,23.1,93,20.3,100,1014.2,1
2021-11-25,Quang_Ngai,15.1214,108.8044,23.2,87,18.3,87,1014.0,1
2021-11-26,Quang_Ngai,15.1214,108.8044,23.5,78,22.9,86,1013.6,1
2021-11-27,Quang_Ngai,15.1214,108.8044,22.7,90,18.7,100,1013.4,1
2021-11-28,Quang_Ngai,15.1214,108.8044,23.9,93,21.4,100,1011.8,1
2021-11-29,Quang_Ngai,15.1214,108.8044,24.1,93,20.6,100,1011.2,1
2021-11-30,Quang_Ngai,15.1214,108.8044,23.0,89,21.7,99,1013.4,1
2021-12-01,Quang_Ngai,15.1214,108.8044,22.4,78,24.9,78,1016.0,1
2021-12-02,Quang_Ngai,15.1214,108.8044,21.5,80,20.3,92,1016.4,1
2021-12-03,Quang_Ngai,15.1214,108.8044,20.9,77,20.7,72,1017.3,1
2021-12-04,Quang_Ngai,15.1214,108.8044,20.8,68,19.5,90,1016.9,1
2021-12-05,Quang_Ngai,15.1214,108.8044,20.2,84,14.3,99,1015.4,1
2021-12-06,Quang_Ngai,15.1214,108.8044,20.2,86,16.0,100,1015.7,1
2021-12-07,Quang_Ngai,15.1214,108.8044,21.1,78,17.4,73,1016.0,1
2021-12-08,Quang_Ngai,15.1214,108.8044,21.3,85,14.3,91,1015.3,1
2021-12-09,Quang_Ngai,15.1214,108.8044,22.7,86,16.6,66,1016.7,1
2021-12-10,Quang_Ngai,15.1214,108.8044,22.3,82,16.3,36,1016.1,1
2021-12-11,Quang_Ngai,15.1214,108.8044,22.1,85,17.7,76,1015.7,1
2021-12-12,Quang_Ngai,15.1214,108.8044,22.5,86,19.0,84,1016.0,1
2021-12-13,Quang_Ngai,15.1214,108.8044,21.6,88,17.4,91,1015.9,1
2021-12-14,Quang_Ngai,15.1214,108.8044,21.9,90,17.3,100,1013.9,1
2021-12-15,Quang_Ngai,15.1214,108.8044,23.0,90,11.5,93,1012.1,1
2021-12-16,Quang_Ngai,15.1214,108.8044,23.8,88,13.4,66,1012.0,1
2021-12-17,Quang_Ngai,15.1214,108.8044,23.1,88,23.4,97,1013.7,1
2021-12-18,Quang_Ngai,15.1214,108.8044,22.7,84,24.2,97,1014.6,1
2021-12-19,Quang_Ngai,15.1214,108.8044,20.4,90,27.4,100,1012.6,1
2021-12-20,Quang_Ngai,15.1214,108.8044,22.1,76,20.3,97,1011.3,1
2021-12-21,Quang_Ngai,15.1214,108.8044,21.9,80,15.2,100,1013.6,0
2021-12-22,Quang_Ngai,15.1214,108.8044,22.4,84,15.9,92,1013.6,1
2021-12-23,Quang_Ngai,15.1214,108.8044,22.7,87,11.2,84,1012.9,1
2021-12-24,Quang_Ngai,15.1214,108.8044,23.3,86,12.2,63,1012.9,1
2021-12-25,Quang_Ngai,15.1214,108.8044,22.4,92,10.5,89,1014.3,1
2021-12-26,Quang_Ngai,15.1214,108.8044,22.8,91,13.4,95,1015.6,1
2021-12-27,Quang_Ngai,15.1214,108.8044,22.4,94,15.8,99,1016.2,1
2021-12-28,Quang_Ngai,15.1214,108.8044,21.9,90,14.5,99,1016.9,1
2021-12-29,Quang_Ngai,15.1214,108.8044,23.0,86,17.4,70,1017.2,1
2021-12-30,Quang_Ngai,15.1214,108.8044,22.2,87,19.0,85,1019.0,1
2021-12-31,Quang_Ngai,15.1214,108.8044,22.2,81,16.6,73,1018.9,1
2022-01-01,Quang_Ngai,15.1214,108.8044,21.5,89,15.7,94,1018.1,1
2022-01-02,Quang_Ngai,15.1214,108.8044,21.6,89,15.4,99,1017.1,1
2022-01-03,Quang_Ngai,15.1214,108.8044,21.8,86,13.0,91,1015.8,1
2022-01-04,Quang_Ngai,15.1214,108.8044,22.0,88,13.6,90,1014.8,1
2022-01-05,Quang_Ngai,15.1214,108.8044,22.8,88,13.1,75,1013.4,1
2022-01-06,Quang_Ngai,15.1214,108.8044,23.0,87,11.0,78,1014.5,1
2022-01-07,Quang_Ngai,15.1214,108.8044,22.7,85,14.4,61,1015.8,1
2022-01-08,Quang_Ngai,15.1214,108.8044,22.2,92,14.0,96,1014.8,1
2022-01-09,Quang_Ngai,15.1214,108.8044,22.5,92,9.0,88,1013.6,1
2022-01-10,Quang_Ngai,15.1214,108.8044,22.6,89,11.3,37,1013.6,1
2022-01-11,Quang_Ngai,15.1214,108.8044,22.5,88,12.3,75,1015.4,1
2022-01-12,Quang_Ngai,15.1214,108.8044,22.0,89,11.3,92,1015.9,1
2022-01-13,Quang_Ngai,15.1214,108.8044,21.9,88,13.7,72,1016.4,1
2022-01-14,Quang_Ngai,15.1214,108.8044,21.6,88,9.7,49,1015.8,1
2022-01-15,Quang_Ngai,15.1214,108.8044,22.0,84,9.7,57,1015.3,1
2022-01-16,Quang_Ngai,15.1214,108.8044,21.9,86,10.3,52,1014.9,1
2022-01-17,Quang_Ngai,15.1214,108.8044,22.5,87,11.5,83,1015.1,1
2022-01-18,Quang_Ngai,15.1214,108.8044,21.3,91,15.9,85,1015.6,1
2022-01-19,Quang_Ngai,15.1214,108.8044,21.4,88,14.2,84,1014.3,1
2022-01-20,Quang_Ngai,15.1214,108.8044,21.5,87,10.0,53,1013.1,1
2022-01-21,Quang_Ngai,15.1214,108.8044,22.4,85,9.4,71,1012.5,1
2022-01-22,Quang_Ngai,15.1214,108.8044,22.8,86,12.8,25,1009.8,0
2022-01-23,Quang_Ngai,15.1214,108.8044,23.5,87,12.4,24,1009.3,1
2022-01-24,Quang_Ngai,15.1214,108.8044,23.9,88,8.6,34,1009.8,1
2022-01-25,Quang_Ngai,15.1214,108.8044,23.3,90,8.9,53,1011.3,1
2022-01-26,Quang_Ngai,15.1214,108.8044,23.6,88,11.4,49,1012.0,1
2022-01-27,Quang_Ngai,15.1214,108.8044,23.0,87,13.3,43,1012.0,1
2022-01-28,Quang_Ngai,15.1214,108.8044,23.3,85,13.3,50,1011.5,1
2022-01-29,Quang_Ngai,15.1214,108.8044,23.7,86,14.1,47,1010.0,1
2022-01-30,Quang_Ngai,15.1214,108.8044,23.4,88,16.7,87,1010.8,1
2022-01-31,Quang_Ngai,15.1214,108.8044,23.2,91,12.8,88,1011.5,1
2022-02-01,Quang_Ngai,15.1214,108.8044,22.6,85,14.7,81,1012.8,1
2022-02-02,Quang_Ngai,15.1214,108.8044,22.6,85,12.6,65,1013.6,1
2022-02-03,Quang_Ngai,15.1214,108.8044,22.8,82,21.2,86,1013.9,0
2022-02-04,Quang_Ngai,15.1214,108.8044,21.5,84,18.5,100,1015.5,1
2022-02-05,Quang_Ngai,15.1214,108.8044,22.0,88,17.2,91,1016.0,1
2022-02-06,Quang_Ngai,15.1214,108.8044,22.0,87,12.5,92,1015.2,1
2022-02-07,Quang_Ngai,15.1214,108.8044,23.5,87,13.2,57,1012.4,1
2022-02-08,Quang_Ngai,15.1214,108.8044,23.7,89,13.3,64,1012.1,1
2022-02-09,Quang_Ngai,15.1214,108.8044,24.4,90,12.0,80,1012.9,1
2022-02-10,Quang_Ngai,15.1214,108.8044,24.0,90,11.9,76,1012.4,1
2022-02-11,Quang_Ngai,15.1214,108.8044,23.8,88,13.1,88,1011.7,1
2022-02-12,Quang_Ngai,15.1214,108.8044,23.6,87,12.3,100,1010.9,1
2022-02-13,Quang_Ngai,15.1214,108.8044,24.0,88,13.1,81,1009.2,1
2022-02-14,Quang_Ngai,15.1214,108.8044,22.9,91,16.9,91,1011.6,1
2022-02-15,Quang_Ngai,15.1214,108.8044,23.0,90,14.4,98,1011.6,1
2022-02-16,Quang_Ngai,15.1214,108.8044,23.1,93,9.8,100,1009.7,1
2022-02-17,Quang_Ngai,15.1214,108.8044,24.5,89,15.3,68,1008.2,1
2022-02-18,Quang_Ngai,15.1214,108.8044,25.2,88,18.2,67,1008.9,1
2022-02-19,Quang_Ngai,15.1214,108.8044,25.6,86,16.8,50,1009.4,1
2022-02-20,Quang_Ngai,15.1214,108.8044,20.9,78,21.9,100,1013.4,1
2022-02-21,Quang_Ngai,15.1214,108.8044,20.6,71,21.4,90,1015.3,1
2022-02-22,Quang_Ngai,15.1214,108.8044,20.5,74,22.7,90,1016.7,0
2022-02-23,Quang_Ngai,15.1214,108.8044,19.5,75,25.3,99,1019.4,0
2022-02-24,Quang_Ngai,15.1214,108.8044,19.3,79,22.3,100,1020.1,1
2022-02-25,Quang_Ngai,15.1214,108.8044,19.6,90,17.7,100,1019.2,1
2022-02-26,Quang_Ngai,15.1214,108.8044,20.5,93,16.6,100,1017.4,1
2022-02-27,Quang_Ngai,15.1214,108.8044,21.6,88,14.5,98,1016.1,1
2022-02-28,Quang_Ngai,15.1214,108.8044,21.9,86,11.4,57,1014.1,0
2022-03-01,Quang_Ngai,15.1214,108.8044,23.6,87,10.8,68,1013.4,1
2022-03-02,Quang_Ngai,15.1214,108.8044,23.7,87,14.0,75,1013.9,1
2022-03-03,Quang_Ngai,15.1214,108.8044,23.0,87,12.2,68,1012.7,1
2022-03-04,Quang_Ngai,15.1214,108.8044,23.0,87,11.4,40,1011.0,0
2022-03-05,Quang_Ngai,15.1214,108.8044,23.9,88,14.0,68,1009.9,0
2022-03-06,Quang_Ngai,15.1214,108.8044,24.4,89,15.3,82,1009.9,1
2022-03-07,Quang_Ngai,15.1214,108.8044,24.7,86,16.4,65,1012.3,1
2022-03-08,Quang_Ngai,15.1214,108.8044,23.3,77,15.8,68,1013.0,1
2022-03-09,Quang_Ngai,15.1214,108.8044,22.2,76,11.1,87,1012.0,1
2022-03-10,Quang_Ngai,15.1214,108.8044,22.6,77,12.2,48,1011.0,0
2022-03-11,Quang_Ngai,15.1214,108.8044,23.2,81,13.5,74,1010.1,1
2022-03-12,Quang_Ngai,15.1214,108.8044,23.5,86,10.8,65,1009.5,1
2022-03-13,Quang_Ngai,15.1214,108.8044,23.5,86,12.4,73,1009.2,0
2022-03-14,Quang_Ngai,15.1214,108.8044,24.5,87,14.2,77,1008.7,1
2022-03-15,Quang_Ngai,15.1214,108.8044,25.5,85,11.4,79,1007.9,1
2022-03-16,Quang_Ngai,15.1214,108.8044,24.7,86,11.9,82,1007.7,1
2022-03-17,Quang_Ngai,15.1214,108.8044,25.2,84,14.1,40,1006.3,0
2022-03-18,Quang_Ngai,15.1214,108.8044,25.7,86,11.0,73,1006.9,1
2022-03-19,Quang_Ngai,15.1214,108.8044,26.0,88,15.7,91,1006.3,1
2022-03-20,Quang_Ngai,15.1214,108.8044,26.5,84,17.1,85,1007.0,0
2022-03-21,Quang_Ngai,15.1214,108.8044,26.9,83,19.2,64,1008.4,0
2022-03-22,Quang_Ngai,15.1214,108.8044,27.1,84,18.2,92,1009.0,1
2022-03-23,Quang_Ngai,15.1214,108.8044,27.2,82,16.0,57,1008.8,1
2022-03-24,Quang_Ngai,15.1214,108.8044,26.4,88,11.5,75,1008.9,1
2022-03-25,Quang_Ngai,15.1214,108.8044,27.6,83,18.4,39,1008.0,0
2022-03-26,Quang_Ngai,15.1214,108.8044,29.0,78,10.1,19,1008.3,0
2022-03-27,Quang_Ngai,15.1214,108.8044,28.6,80,13.6,39,1008.4,1
2022-03-28,Quang_Ngai,15.1214,108.8044,26.4,79,26.1,76,1011.3,1
2022-03-29,Quang_Ngai,15.1214,108.8044,26.1,78,16.8,76,1010.9,1
2022-03-30,Quang_Ngai,15.1214,108.8044,25.2,87,18.7,96,1009.9,1
2022-03-31,Quang_Ngai,15.1214,108.8044,23.9,94,15.5,100,1009.7,1
2022-04-01,Quang_Ngai,15.1214,108.8044,23.7,95,19.0,100,1010.8,1
2022-04-02,Quang_Ngai,15.1214,108.8044,22.7,85,30.0,98,1014.5,1
2022-04-03,Quang_Ngai,15.1214,108.8044,21.2,85,22.4,100,1016.2,1
2022-04-04,Quang_Ngai,15.1214,108.8044,21.3,91,16.9,100,1016.2,1
2022-04-05,Quang_Ngai,15.1214,108.8044,23.5,88,18.6,96,1015.2,1
2022-04-06,Quang_Ngai,15.1214,108.8044,23.8,84,19.6,82,1014.1,1
2022-04-07,Quang_Ngai,15.1214,108.8044,23.4,79,19.8,89,1013.5,1
2022-04-08,Quang_Ngai,15.1214,108.8044,23.1,80,17.3,77,1012.4,1
2022-04-09,Quang_Ngai,15.1214,108.8044,22.9,80,15.3,63,1010.6,0
2022-04-10,Quang_Ngai,15.1214,108.8044,24.1,83,14.8,60,1009.2,0
2022-04-11,Quang_Ngai,15.1214,108.8044,24.9,85,12.7,61,1008.2,0
2022-04-12,Quang_Ngai,15.1214,108.8044,25.2,86,13.1,40,1006.5,0
2022-04-13,Quang_Ngai,15.1214,108.8044,26.6,87,8.3,67,1004.9,1
2022-04-14,Quang_Ngai,15.1214,108.8044,27.0,88,9.1,74,1005.7,1
2022-04-15,Quang_Ngai,15.1214,108.8044,26.6,88,14.8,67,1006.7,1
2022-04-16,Quang_Ngai,15.1214,108.8044,26.2,88,17.7,80,1007.3,1
2022-04-17,Quang_Ngai,15.1214,108.8044,25.6,87,14.2,78,1009.2,1
2022-04-18,Quang_Ngai,15.1214,108.8044,25.7,83,11.8,76,1011.3,1
2022-04-19,Quang_Ngai,15.1214,108.8044,24.9,84,16.4,64,1012.4,1
2022-04-20,Quang_Ngai,15.1214,108.8044,24.6,86,17.2,79,1011.1,1
2022-04-21,Quang_Ngai,15.1214,108.8044,25.9,85,10.9,58,1009.6,1
2022-04-22,Quang_Ngai,15.1214,108.8044,26.3,86,15.0,67,1008.8,1
2022-04-23,Quang_Ngai,15.1214,108.8044,27.2,84,15.6,85,1007.6,0
2022-04-24,Quang_Ngai,15.1214,108.8044,27.7,83,16.3,64,1005.9,0
2022-04-25,Quang_Ngai,15.1214,108.8044,28.1,81,18.0,42,1005.4,0
2022-04-26,Quang_Ngai,15.1214,108.8044,28.6,82,16.5,86,1004.7,0
2022-04-27,Quang_Ngai,15.1214,108.8044,28.5,85,15.1,38,1005.3,0
2022-04-28,Quang_Ngai,15.1214,108.8044,28.0,82,19.3,73,1006.6,0
2022-04-29,Quang_Ngai,15.1214,108.8044,27.2,85,11.9,92,1007.5,1
2022-04-30,Quang_Ngai,15.1214,108.8044,26.2,87,17.1,90,1006.7,1
2022-05-01,Quang_Ngai,15.1214,108.8044,26.5,88,12.9,96,1005.7,1
2022-05-02,Quang_Ngai,15.1214,108.8044,24.6,81,25.6,96,1008.7,1
2022-05-03,Quang_Ngai,15.1214,108.8044,23.6,80,19.7,100,1011.4,1
2022-05-04,Quang_Ngai,15.1214,108.8044,24.7,76,20.9,100,1010.4,1
2022-05-05,Quang_Ngai,15.1214,108.8044,25.5,80,15.2,100,1008.8,1
2022-05-06,Quang_Ngai,15.1214,108.8044,26.3,86,10.5,100,1008.0,1
2022-05-07,Quang_Ngai,15.1214,108.8044,26.6,85,12.6,85,1008.4,1
2022-05-08,Quang_Ngai,15.1214,108.8044,26.2,89,9.6,100,1008.6,1
2022-05-09,Quang_Ngai,15.1214,108.8044,27.4,84,14.0,93,1008.3,1
2022-05-10,Quang_Ngai,15.1214,108.8044,27.7,85,17.4,76,1006.8,1
2022-05-11,Quang_Ngai,15.1214,108.8044,28.4,83,8.5,68,1005.6,1
2022-05-12,Quang_Ngai,15.1214,108.8044,29.5,82,11.0,55,1004.3,1
2022-05-13,Quang_Ngai,15.1214,108.8044,29.5,82,10.9,82,1003.5,1
2022-05-14,Quang_Ngai,15.1214,108.8044,29.4,81,15.6,88,1005.3,1
2022-05-15,Quang_Ngai,15.1214,108.8044,29.0,84,7.1,82,1006.2,1
2022-05-16,Quang_Ngai,15.1214,108.8044,26.1,90,18.7,100,1007.7,1
2022-05-17,Quang_Ngai,15.1214,108.8044,25.2,87,17.9,100,1009.3,1
2022-05-18,Quang_Ngai,15.1214,108.8044,25.8,87,17.0,98,1009.6,1
2022-05-19,Quang_Ngai,15.1214,108.8044,26.5,87,11.8,97,1008.7,1
2022-05-20,Quang_Ngai,15.1214,108.8044,26.4,89,9.1,96,1006.8,1
2022-05-21,Quang_Ngai,15.1214,108.8044,27.2,84,9.7,94,1004.2,1
2022-05-22,Quang_Ngai,15.1214,108.8044,27.7,87,8.4,96,1001.0,1
2022-05-23,Quang_Ngai,15.1214,108.8044,28.3,84,10.2,88,1001.4,1
2022-05-24,Quang_Ngai,15.1214,108.8044,28.2,85,6.9,88,1004.8,1
2022-05-25,Quang_Ngai,15.1214,108.8044,28.0,87,12.1,89,1005.2,1
2022-05-26,Quang_Ngai,15.1214,108.8044,28.9,82,10.0,91,1002.5,1
2022-05-27,Quang_Ngai,15.1214,108.8044,28.3,83,10.1,95,1001.2,1
2022-05-28,Quang_Ngai,15.1214,108.8044,28.4,80,10.9,42,1001.2,1
2022-05-29,Quang_Ngai,15.1214,108.8044,28.5,80,8.4,21,1002.1,1
2022-05-30,Quang_Ngai,15.1214,108.8044,28.9,80,12.5,53,1002.7,1
2022-05-31,Quang_Ngai,15.1214,108.8044,28.6,84,9.7,44,1003.4,1
2022-06-01,Quang_Ngai,15.1214,108.8044,28.4,86,8.7,78,1004.1,1
2022-06-02,Quang_Ngai,15.1214,108.8044,28.8,84,9.5,75,1003.9,1
2022-06-03,Quang_Ngai,15.1214,108.8044,28.8,80,16.1,87,1003.7,1
2022-06-04,Quang_Ngai,15.1214,108.8044,29.3,78,8.7,66,1004.1,0
2022-06-05,Quang_Ngai,15.1214,108.8044,29.9,72,12.1,74,1003.2,0
2022-06-06,Quang_Ngai,15.1214,108.8044,29.7,76,12.3,94,1002.6,1
2022-06-07,Quang_Ngai,15.1214,108.8044,29.4,79,10.6,96,1003.4,1
2022-06-08,Quang_Ngai,15.1214,108.8044,29.3,79,9.7,99,1004.0,1
2022-06-09,Quang_Ngai,15.1214,108.8044,30.0,75,9.0,99,1003.7,0
2022-06-10,Quang_Ngai,15.1214,108.8044,30.8,74,9.7,100,1003.5,1
2022-06-11,Quang_Ngai,15.1214,108.8044,30.5,73,9.9,100,1004.5,0
2022-06-12,Quang_Ngai,15.1214,108.8044,29.9,77,10.6,97,1005.1,1
2022-06-13,Quang_Ngai,15.1214,108.8044,30.3,74,9.8,91,1004.7,1
2022-06-14,Quang_Ngai,15.1214,108.8044,30.4,72,10.2,99,1005.0,1
2022-06-15,Quang_Ngai,15.1214,108.8044,29.2,79,8.9,100,1006.6,1
2022-06-16,Quang_Ngai,15.1214,108.8044,29.5,76,15.5,64,1006.9,1
2022-06-17,Quang_Ngai,15.1214,108.8044,30.5,72,11.6,44,1005.7,1
2022-06-18,Quang_Ngai,15.1214,108.8044,31.1,68,11.6,75,1004.5,1
2022-06-19,Quang_Ngai,15.1214,108.8044,31.0,68,16.6,57,1003.3,0
2022-06-20,Quang_Ngai,15.1214,108.8044,31.2,67,15.3,75,1001.9,0
2022-06-21,Quang_Ngai,15.1214,108.8044,30.9,69,12.9,83,1002.3,1
2022-06-22,Quang_Ngai,15.1214,108.8044,30.2,69,16.8,99,1005.5,1
2022-06-23,Quang_Ngai,15.1214,108.8044,29.1,75,20.4,80,1006.7,1
2022-06-24,Quang_Ngai,15.1214,108.8044,28.2,79,15.3,71,1005.9,1
2022-06-25,Quang_Ngai,15.1214,108.8044,28.0,80,14.8,92,1005.1,1
2022-06-26,Quang_Ngai,15.1214,108.8044,28.6,79,11.0,59,1006.3,1
2022-06-27,Quang_Ngai,15.1214,108.8044,29.6,75,10.5,39,1005.5,1
2022-06-28,Quang_Ngai,15.1214,108.8044,30.4,74,11.7,84,1002.8,1
2022-06-29,Quang_Ngai,15.1214,108.8044,30.7,69,8.1,94,999.9,1
2022-06-30,Quang_Ngai,15.1214,108.8044,29.3,79,11.7,100,999.4,1
2022-07-01,Quang_Ngai,15.1214,108.8044,27.0,89,7.4,100,999.1,1
2022-07-02,Quang_Ngai,15.1214,108.8044,28.5,80,6.9,100,998.5,1
2022-07-03,Quang_Ngai,15.1214,108.8044,30.1,70,19.5,100,1000.0,1
2022-07-04,Quang_Ngai,15.1214,108.8044,30.9,67,11.3,98,1000.5,1
2022-07-05,Quang_Ngai,15.1214,108.8044,31.0,68,16.3,93,1001.8,1
2022-07-06,Quang_Ngai,15.1214,108.8044,30.2,74,10.2,100,1003.4,1
2022-07-07,Quang_Ngai,15.1214,108.8044,29.5,79,12.9,99,1003.6,1
2022-07-08,Quang_Ngai,15.1214,108.8044,28.4,81,9.7,100,1003.7,1
2022-07-09,Quang_Ngai,15.1214,108.8044,27.0,87,13.6,100,1002.8,1
2022-07-10,Quang_Ngai,15.1214,108.8044,26.0,91,11.9,100,1002.3,1
2022-07-11,Quang_Ngai,15.1214,108.8044,27.6,84,13.7,72,1002.3,1
2022-07-12,Quang_Ngai,15.1214,108.8044,27.4,85,12.6,56,1002.2,1
2022-07-13,Quang_Ngai,15.1214,108.8044,27.4,86,12.5,78,1001.2,1
2022-07-14,Quang_Ngai,15.1214,108.8044,27.2,87,11.7,74,1001.8,1
2022-07-15,Quang_Ngai,15.1214,108.8044,28.4,82,8.1,31,1003.3,1
2022-07-16,Quang_Ngai,15.1214,108.8044,28.4,83,9.8,86,1004.1,1
2022-07-17,Quang_Ngai,15.1214,108.8044,28.7,82,7.1,94,1004.4,1
2022-07-18,Quang_Ngai,15.1214,108.8044,29.4,77,10.6,82,1003.0,1
2022-07-19,Quang_Ngai,15.1214,108.8044,28.6,82,8.2,100,1002.6,1
2022-07-20,Quang_Ngai,15.1214,108.8044,27.1,88,9.5,91,1004.4,1
2022-07-21,Quang_Ngai,15.1214,108.8044,27.6,83,19.1,76,1006.9,1
2022-07-22,Quang_Ngai,15.1214,108.8044,27.7,83,13.5,98,1008.6,1
2022-07-23,Quang_Ngai,15.1214,108.8044,28.1,80,12.7,37,1007.8,1
2022-07-24,Quang_Ngai,15.1214,108.8044,28.3,79,12.3,18,1006.4,0
2022-07-25,Quang_Ngai,15.1214,108.8044,28.5,78,13.2,29,1006.7,0
2022-07-26,Quang_Ngai,15.1214,108.8044,28.5,78,15.6,26,1006.4,0
2022-07-27,Quang_Ngai,15.1214,108.8044,28.5,81,11.4,77,1005.8,1
2022-07-28,Quang_Ngai,15.1214,108.8044,28.9,79,13.4,31,1005.2,1
2022-07-29,Quang_Ngai,15.1214,108.8044,29.7,75,9.7,41,1004.1,1
2022-07-30,Quang_Ngai,15.1214,108.8044,29.7,75,9.2,59,1003.1,1
2022-07-31,Quang_Ngai,15.1214,108.8044,29.1,77,12.2,30,1002.7,1
2022-08-01,Quang_Ngai,15.1214,108.8044,28.8,79,13.2,70,1003.5,1
2022-08-02,Quang_Ngai,15.1214,108.8044,28.5,81,11.1,79,1004.8,1
2022-08-03,Quang_Ngai,15.1214,108.8044,28.0,81,11.9,97,1005.5,1
2022-08-04,Quang_Ngai,15.1214,108.8044,28.4,80,12.9,80,1004.1,1
2022-08-05,Quang_Ngai,15.1214,108.8044,28.4,81,12.0,86,1003.3,1
2022-08-06,Quang_Ngai,15.1214,108.8044,27.9,82,12.6,100,1003.0,1
2022-08-07,Quang_Ngai,15.1214,108.8044,27.1,86,14.4,100,1002.8,1
2022-08-08,Quang_Ngai,15.1214,108.8044,25.0,93,7.6,100,1001.3,1
2022-08-09,Quang_Ngai,15.1214,108.8044,25.8,94,6.0,100,1000.5,1
2022-08-10,Quang_Ngai,15.1214,108.8044,27.8,85,9.4,100,1000.4,1
2022-08-11,Quang_Ngai,15.1214,108.8044,27.5,84,10.8,100,1002.2,1
2022-08-12,Quang_Ngai,15.1214,108.8044,28.3,83,9.3,97,1004.8,1
2022-08-13,Quang_Ngai,15.1214,108.8044,28.2,83,8.7,64,1005.8,1
2022-08-14,Quang_Ngai,15.1214,108.8044,28.1,83,9.2,48,1005.8,1
2022-08-15,Quang_Ngai,15.1214,108.8044,28.1,82,11.8,79,1004.5,1
2022-08-16,Quang_Ngai,15.1214,108.8044,28.2,81,12.0,77,1003.9,1
2022-08-17,Quang_Ngai,15.1214,108.8044,28.4,81,9.4,78,1004.1,1
2022-08-18,Quang_Ngai,15.1214,108.8044,28.5,81,10.7,63,1003.8,1
2022-08-19,Quang_Ngai,15.1214,108.8044,27.9,85,9.4,100,1003.0,1
2022-08-20,Quang_Ngai,15.1214,108.8044,27.2,87,8.2,100,1002.0,1
2022-08-21,Quang_Ngai,15.1214,108.8044,28.9,79,14.3,65,1002.7,1
2022-08-22,Quang_Ngai,15.1214,108.8044,28.9,80,9.5,57,1004.4,1
2022-08-23,Quang_Ngai,15.1214,108.8044,28.5,80,11.2,97,1004.8,1
2022-08-24,Quang_Ngai,15.1214,108.8044,28.2,79,11.9,98,1003.0,1
2022-08-25,Quang_Ngai,15.1214,108.8044,28.4,80,8.3,100,1001.4,1
2022-08-26,Quang_Ngai,15.1214,108.8044,29.0,76,13.9,93,1004.7,1
2022-08-27,Quang_Ngai,15.1214,108.8044,28.8,79,13.8,72,1007.0,1
2022-08-28,Quang_Ngai,15.1214,108.8044,28.4,80,13.6,64,1006.8,1
2022-08-29,Quang_Ngai,15.1214,108.8044,28.1,81,15.0,86,1007.8,1
2022-08-30,Quang_Ngai,15.1214,108.8044,28.3,83,9.3,73,1007.4,1
2022-08-31,Quang_Ngai,15.1214,108.8044,28.0,81,10.0,79,1005.7,1
2022-09-01,Quang_Ngai,15.1214,108.8044,28.1,78,12.7,35,1006.1,1
2022-09-02,Quang_Ngai,15.1214,108.8044,28.1,80,10.1,93,1006.2,1
2022-09-03,Quang_Ngai,15.1214,108.8044,28.4,80,8.3,100,1004.6,1
2022-09-04,Quang_Ngai,15.1214,108.8044,28.6,80,12.5,57,1004.8,1
2022-09-05,Quang_Ngai,15.1214,108.8044,28.4,78,12.0,56,1005.5,1
2022-09-06,Quang_Ngai,15.1214,108.8044,27.8,80,14.5,96,1006.2,1
2022-09-07,Quang_Ngai,15.1214,108.8044,25.0,93,7.9,100,1007.6,1
2022-09-08,Quang_Ngai,15.1214,108.8044,26.6,88,15.0,100,1008.4,1
2022-09-09,Quang_Ngai,15.1214,108.8044,27.2,87,11.5,83,1009.2,1
2022-09-10,Quang_Ngai,15.1214,108.8044,27.1,87,10.8,80,1009.2,1
2022-09-11,Quang_Ngai,15.1214,108.8044,26.9,84,11.2,40,1008.0,1
2022-09-12,Quang_Ngai,15.1214,108.8044,26.5,87,12.0,46,1007.3,1
2022-09-13,Quang_Ngai,15.1214,108.8044,27.0,85,10.9,44,1007.7,1
2022-09-14,Quang_Ngai,15.1214,108.8044,27.2,85,12.2,83,1007.7,1
2022-09-15,Quang_Ngai,15.1214,108.8044,27.0,84,11.5,68,1006.1,1
2022-09-16,Quang_Ngai,15.1214,108.8044,27.5,83,8.4,44,1004.1,1
2022-09-17,Quang_Ngai,15.1214,108.8044,27.5,83,9.8,36,1005.0,1
2022-09-18,Quang_Ngai,15.1214,108.8044,27.0,85,12.9,54,1005.9,1
2022-09-19,Quang_Ngai,15.1214,108.8044,27.2,83,11.6,92,1005.5,1
2022-09-20,Quang_Ngai,15.1214,108.8044,27.2,84,11.6,99,1005.0,1
2022-09-21,Quang_Ngai,15.1214,108.8044,25.4,92,7.1,100,1005.9,1
2022-09-22,Quang_Ngai,15.1214,108.8044,25.8,91,9.8,100,1006.2,1
2022-09-23,Quang_Ngai,15.1214,108.8044,26.0,91,5.7,100,1006.6,1
2022-09-24,Quang_Ngai,15.1214,108.8044,25.6,93,8.2,100,1006.3,1
2022-09-25,Quang_Ngai,15.1214,108.8044,25.9,89,13.4,96,1007.0,1
2022-09-26,Quang_Ngai,15.1214,108.8044,24.8,93,17.0,99,1006.2,1
2022-09-27,Quang_Ngai,15.1214,108.8044,24.4,89,27.7,100,998.7,1
2022-09-28,Quang_Ngai,15.1214,108.8044,26.3,81,29.8,100,993.8,1
2022-09-29,Quang_Ngai,15.1214,108.8044,27.9,77,13.2,96,1001.7,1
2022-09-30,Quang_Ngai,15.1214,108.8044,27.2,88,8.7,95,1005.5,1
2022-10-01,Quang_Ngai,15.1214,108.8044,26.5,89,12.1,100,1007.3,1
2022-10-02,Quang_Ngai,15.1214,108.8044,26.6,86,12.4,91,1008.2,1
2022-10-03,Quang_Ngai,15.1214,108.8044,25.5,88,12.3,69,1009.2,1
2022-10-04,Quang_Ngai,15.1214,108.8044,25.3,89,11.8,94,1010.4,1
2022-10-05,Quang_Ngai,15.1214,108.8044,25.6,90,13.8,95,1010.4,1
2022-10-06,Quang_Ngai,15.1214,108.8044,26.1,88,12.7,89,1010.2,1
2022-10-07,Quang_Ngai,15.1214,108.8044,26.4,86,15.6,70,1010.0,1
2022-10-08,Quang_Ngai,15.1214,108.8044,25.9,89,13.3,96,1010.3,1
2022-10-09,Quang_Ngai,15.1214,108.8044,25.0,91,16.3,100,1011.4,1
2022-10-10,Quang_Ngai,15.1214,108.8044,23.8,95,17.7,100,1012.8,1
2022-10-11,Quang_Ngai,15.1214,108.8044,24.0,92,18.1,97,1012.0,1
2022-10-12,Quang_Ngai,15.1214,108.8044,24.7,82,23.1,73,1011.2,1
2022-10-13,Quang_Ngai,15.1214,108.8044,23.8,81,18.1,99,1009.0,1
2022-10-14,Quang_Ngai,15.1214,108.8044,22.8,86,22.6,100,1003.4,1
2022-10-15,Quang_Ngai,15.1214,108.8044,25.2,86,14.6,99,1004.4,1
2022-10-16,Quang_Ngai,15.1214,108.8044,24.6,90,18.7,99,1008.8,1
2022-10-17,Quang_Ngai,15.1214,108.8044,25.2,72,26.3,100,1009.2,0
2022-10-18,Quang_Ngai,15.1214,108.8044,25.5,67,28.3,98,1008.4,1
2022-10-19,Quang_Ngai,15.1214,108.8044,25.1,72,25.1,67,1007.8,0
2022-10-20,Quang_Ngai,15.1214,108.8044,25.3,78,14.6,77,1010.3,0
2022-10-21,Quang_Ngai,15.1214,108.8044,25.1,84,14.6,62,1011.7,1
2022-10-22,Quang_Ngai,15.1214,108.8044,25.5,88,13.4,94,1011.5,1
2022-10-23,Quang_Ngai,15.1214,108.8044,25.7,81,19.1,99,1011.8,1
2022-10-24,Quang_Ngai,15.1214,108.8044,26.3,79,21.3,89,1010.1,1
2022-10-25,Quang_Ngai,15.1214,108.8044,24.8,91,12.3,100,1010.8,1
2022-10-26,Quang_Ngai,15.1214,108.8044,24.9,93,12.9,100,1010.8,1
2022-10-27,Quang_Ngai,15.1214,108.8044,25.3,84,15.6,88,1010.8,1
2022-10-28,Quang_Ngai,15.1214,108.8044,25.0,83,23.3,100,1010.5,1
2022-10-29,Quang_Ngai,15.1214,108.8044,24.3,86,21.6,100,1009.7,1
2022-10-30,Quang_Ngai,15.1214,108.8044,24.2,81,23.5,99,1008.9,1
2022-10-31,Quang_Ngai,15.1214,108.8044,24.7,75,29.7,100,1008.3,1
2022-11-01,Quang_Ngai,15.1214,108.8044,24.1,71,24.5,100,1009.4,1
2022-11-02,Quang_Ngai,15.1214,108.8044,23.2,73,17.6,84,1009.6,0
2022-11-03,Quang_Ngai,15.1214,108.8044,23.1,76,13.0,26,1011.0,0
2022-11-04,Quang_Ngai,15.1214,108.8044,24.0,80,16.6,26,1013.0,1
2022-11-05,Quang_Ngai,15.1214,108.8044,24.1,84,14.5,53,1014.4,1
2022-11-06,Quang_Ngai,15.1214,108.8044,24.4,84,19.5,53,1014.0,1
2022-11-07,Quang_Ngai,15.1214,108.8044,24.1,84,16.2,47,1012.9,1
2022-11-08,Quang_Ngai,15.1214,108.8044,24.4,80,19.5,73,1012.6,0
2022-11-09,Quang_Ngai,15.1214,108.8044,25.0,82,15.9,90,1012.1,1
2022-11-10,Quang_Ngai,15.1214,108.8044,25.5,86,15.3,64,1012.2,1
2022-11-11,Quang_Ngai,15.1214,108.8044,25.2,88,15.4,74,1012.0,1
2022-11-12,Quang_Ngai,15.1214,108.8044,25.4,87,13.6,84,1011.0,1
2022-11-13,Quang_Ngai,15.1214,108.8044,25.1,90,11.4,95,1011.2,1
2022-11-14,Quang_Ngai,15.1214,108.8044,25.1,90,11.8,87,1011.5,1
2022-11-15,Quang_Ngai,15.1214,108.8044,25.4,88,12.4,81,1010.8,1
2022-11-16,Quang_Ngai,15.1214,108.8044,25.7,89,11.9,59,1009.9,1
2022-11-17,Quang_Ngai,15.1214,108.8044,25.8,89,10.1,44,1009.4,1
2022-11-18,Quang_Ngai,15.1214,108.8044,26.0,88,13.6,94,1010.4,1
2022-11-19,Quang_Ngai,15.1214,108.8044,23.9,93,13.4,100,1009.8,1
2022-11-20,Quang_Ngai,15.1214,108.8044,24.3,92,14.4,100,1007.8,1
2022-11-21,Quang_Ngai,15.1214,108.8044,24.8,92,10.5,100,1006.2,1
2022-11-22,Quang_Ngai,15.1214,108.8044,25.0,92,11.8,97,1006.9,1
2022-11-23,Quang_Ngai,15.1214,108.8044,25.3,92,10.8,88,1008.4,1
2022-11-24,Quang_Ngai,15.1214,108.8044,25.8,88,14.8,66,1009.7,1
2022-11-25,Quang_Ngai,15.1214,108.8044,25.6,90,11.9,72,1011.2,1
2022-11-26,Quang_Ngai,15.1214,108.8044,24.6,92,10.1,83,1010.6,1
2022-11-27,Quang_Ngai,15.1214,108.8044,25.8,89,13.1,78,1009.0,1
2022-11-28,Quang_Ngai,15.1214,108.8044,26.0,88,16.0,22,1008.9,0
2022-11-29,Quang_Ngai,15.1214,108.8044,25.8,88,14.7,29,1009.9,0
2022-11-30,Quang_Ngai,15.1214,108.8044,25.5,88,11.0,44,1011.1,1
2022-12-01,Quang_Ngai,15.1214,108.8044,24.6,90,16.4,88,1011.8,1
2022-12-02,Quang_Ngai,15.1214,108.8044,22.8,96,10.5,100,1011.5,1
2022-12-03,Quang_Ngai,15.1214,108.8044,23.4,94,13.3,99,1010.9,1
2022-12-04,Quang_Ngai,15.1214,108.8044,24.3,90,13.7,100,1012.0,1
2022-12-05,Quang_Ngai,15.1214,108.8044,23.8,92,20.0,99,1012.7,1
2022-12-06,Quang_Ngai,15.1214,108.8044,23.3,89,19.5,97,1012.7,1
2022-12-07,Quang_Ngai,15.1214,108.8044,23.4,90,14.5,94,1012.3,1
2022-12-08,Quang_Ngai,15.1214,108.8044,24.4,87,17.3,82,1012.0,1
2022-12-09,Quang_Ngai,15.1214,108.8044,23.6,86,15.7,95,1011.7,1
2022-12-10,Quang_Ngai,15.1214,108.8044,22.9,86,14.9,90,1011.4,1
2022-12-11,Quang_Ngai,15.1214,108.8044,21.7,89,12.0,98,1012.7,1
2022-12-12,Quang_Ngai,15.1214,108.8044,21.0,87,20.9,88,1013.9,1
2022-12-13,Quang_Ngai,15.1214,108.8044,20.1,79,18.9,60,1014.7,1
2022-12-14,Quang_Ngai,15.1214,108.8044,20.1,77,20.1,82,1015.3,1
2022-12-15,Quang_Ngai,15.1214,108.8044,22.1,72,18.7,91,1013.0,0
2022-12-16,Quang_Ngai,15.1214,108.8044,22.7,81,17.4,100,1011.8,1
2022-12-17,Quang_Ngai,15.1214,108.8044,21.7,91,25.6,100,1015.3,1
2022-12-18,Quang_Ngai,15.1214,108.8044,18.0,90,26.4,100,1018.6,1
2022-12-19,Quang_Ngai,15.1214,108.8044,18.3,87,16.4,100,1015.5,1
2022-12-20,Quang_Ngai,15.1214,108.8044,21.1,78,16.5,96,1012.3,0
2022-12-21,Quang_Ngai,15.1214,108.8044,21.5,87,17.2,97,1012.1,1
2022-12-22,Quang_Ngai,15.1214,108.8044,20.5,84,23.3,99,1012.3,1
2022-12-23,Quang_Ngai,15.1214,108.8044,20.9,76,19.1,71,1013.5,1
2022-12-24,Quang_Ngai,15.1214,108.8044,20.7,75,20.9,87,1015.2,1
2022-12-25,Quang_Ngai,15.1214,108.8044,20.6,77,15.9,70,1016.2,1
2022-12-26,Quang_Ngai,15.1214,108.8044,20.3,84,18.0,93,1017.0,1
2022-12-27,Quang_Ngai,15.1214,108.8044,20.9,85,14.4,90,1016.5,1
2022-12-28,Quang_Ngai,15.1214,108.8044,20.5,89,14.1,79,1016.4,1
2022-12-29,Quang_Ngai,15.1214,108.8044,21.1,91,17.2,100,1017.3,1
2022-12-30,Quang_Ngai,15.1214,108.8044,21.1,84,22.4,89,1019.2,1
2022-12-31,Quang_Ngai,15.1214,108.8044,20.3,81,21.6,89,1018.9,1
2023-01-01,Quang_Ngai,15.1214,108.8044,20.0,82,16.5,100,1017.5,1
2023-01-02,Quang_Ngai,15.1214,108.8044,20.8,85,15.5,100,1017.2,1
2023-01-03,Quang_Ngai,15.1214,108.8044,20.8,91,21.0,100,1017.6,1
2023-01-04,Quang_Ngai,15.1214,108.8044,21.5,92,21.1,100,1016.5,1
2023-01-05,Quang_Ngai,15.1214,108.8044,21.9,88,20.5,100,1016.8,1
2023-01-06,Quang_Ngai,15.1214,108.8044,20.5,90,24.2,100,1017.2,1
2023-01-07,Quang_Ngai,15.1214,108.8044,19.9,85,19.1,100,1015.7,1
2023-01-08,Quang_Ngai,15.1214,108.8044,20.5,87,12.5,100,1013.9,1
2023-01-09,Quang_Ngai,15.1214,108.8044,22.3,88,13.3,93,1014.2,1
2023-01-10,Quang_Ngai,15.1214,108.8044,22.4,89,14.6,76,1013.5,1
2023-01-11,Quang_Ngai,15.1214,108.8044,21.9,90,9.2,77,1012.0,0
2023-01-12,Quang_Ngai,15.1214,108.8044,23.2,87,10.8,51,1010.7,1
2023-01-13,Quang_Ngai,15.1214,108.8044,24.0,90,9.8,49,1009.4,1
2023-01-14,Quang_Ngai,15.1214,108.8044,24.0,88,7.8,17,1007.3,0
2023-01-15,Quang_Ngai,15.1214,108.8044,23.0,87,8.0,26,1008.8,0
2023-01-16,Quang_Ngai,15.1214,108.8044,21.4,90,14.5,93,1014.2,1
2023-01-17,Quang_Ngai,15.1214,108.8044,19.9,91,12.6,99,1016.5,1
2023-01-18,Quang_Ngai,15.1214,108.8044,20.4,87,20.0,98,1018.2,1
2023-01-19,Quang_Ngai,15.1214,108.8044,20.2,82,18.5,96,1017.5,1
2023-01-20,Quang_Ngai,15.1214,108.8044,20.6,80,20.9,100,1016.6,1
2023-01-21,Quang_Ngai,15.1214,108.8044,21.3,83,16.3,100,1014.4,0
2023-01-22,Quang_Ngai,15.1214,108.8044,22.1,88,10.7,91,1012.3,1
2023-01-23,Quang_Ngai,15.1214,108.8044,22.5,91,11.2,74,1011.7,1
2023-01-24,Quang_Ngai,15.1214,108.8044,21.2,91,27.2,99,1015.9,1
2023-01-25,Quang_Ngai,15.1214,108.8044,19.0,87,18.8,100,1016.1,1
2023-01-26,Quang_Ngai,15.1214,108.8044,20.6,84,10.2,90,1013.5,1
2023-01-27,Quang_Ngai,15.1214,108.8044,20.6,90,21.3,100,1015.1,1
2023-01-28,Quang_Ngai,15.1214,108.8044,18.8,90,23.1,99,1016.9,1
2023-01-29,Quang_Ngai,15.1214,108.8044,18.1,79,22.0,99,1018.1,1
2023-01-30,Quang_Ngai,15.1214,108.8044,17.6,77,16.6,85,1017.9,1
2023-01-31,Quang_Ngai,15.1214,108.8044,19.3,83,10.3,82,1013.3,0
2023-02-01,Quang_Ngai,15.1214,108.8044,21.1,88,10.4,44,1011.2,0
2023-02-02,Quang_Ngai,15.1214,108.8044,23.0,90,10.5,94,1012.2,1
2023-02-03,Quang_Ngai,15.1214,108.8044,23.7,89,9.7,52,1012.6,1
2023-02-04,Quang_Ngai,15.1214,108.8044,23.6,89,14.1,50,1011.4,1
2023-02-05,Quang_Ngai,15.1214,108.8044,23.2,89,13.1,48,1010.7,1
2023-02-06,Quang_Ngai,15.1214,108.8044,23.0,89,13.7,84,1010.1,1
2023-02-07,Quang_Ngai,15.1214,108.8044,23.8,89,14.9,71,1010.4,0
2023-02-08,Quang_Ngai,15.1214,108.8044,24.2,88,15.0,71,1010.9,1
2023-02-09,Quang_Ngai,15.1214,108.8044,23.8,89,14.5,48,1010.9,1
2023-02-10,Quang_Ngai,15.1214,108.8044,23.9,88,14.8,66,1010.9,0
2023-02-11,Quang_Ngai,15.1214,108.8044,23.7,88,16.8,32,1010.1,0
2023-02-12,Quang_Ngai,15.1214,108.8044,24.2,89,14.7,57,1009.5,0
2023-02-13,Quang_Ngai,15.1214,108.8044,25.2,88,12.2,50,1009.2,0
2023-02-14,Quang_Ngai,15.1214,108.8044,24.6,89,10.5,90,1011.4,1
2023-02-15,Quang_Ngai,15.1214,108.8044,22.6,91,17.1,94,1014.9,1
2023-02-16,Quang_Ngai,15.1214,108.8044,22.0,85,18.0,82,1017.1,1
2023-02-17,Quang_Ngai,15.1214,108.8044,21.9,84,16.1,93,1015.7,1
2023-02-18,Quang_Ngai,15.1214,108.8044,22.5,86,13.0,77,1013.7,1
2023-02-19,Quang_Ngai,15.1214,108.8044,22.7,84,21.3,91,1014.0,1
2023-02-20,Quang_Ngai,15.1214,108.8044,22.2,83,17.4,94,1014.5,1
2023-02-21,Quang_Ngai,15.1214,108.8044,21.8,84,15.5,98,1016.0,1
2023-02-22,Quang_Ngai,15.1214,108.8044,21.0,90,14.2,95,1015.9,1
2023-02-23,Quang_Ngai,15.1214,108.8044,21.8,85,14.9,69,1014.1,1
2023-02-24,Quang_Ngai,15.1214,108.8044,21.3,84,19.7,44,1015.3,1
2023-02-25,Quang_Ngai,15.1214,108.8044,21.1,83,21.8,76,1019.7,1
2023-02-26,Quang_Ngai,15.1214,108.8044,20.7,84,21.1,87,1021.7,1
2023-02-27,Quang_Ngai,15.1214,108.8044,20.1,92,15.1,100,1020.5,1
2023-02-28,Quang_Ngai,15.1214,108.8044,21.4,92,13.0,100,1018.3,1
2023-03-01,Quang_Ngai,15.1214,108.8044,21.9,88,15.1,98,1017.8,1
2023-03-02,Quang_Ngai,15.1214,108.8044,21.7,81,21.8,56,1019.0,1
2023-03-03,Quang_Ngai,15.1214,108.8044,21.4,83,14.7,61,1019.4,1
2023-03-04,Quang_Ngai,15.1214,108.8044,21.4,86,15.3,60,1020.0,1
2023-03-05,Quang_Ngai,15.1214,108.8044,20.9,85,14.7,60,1019.0,1
2023-03-06,Quang_Ngai,15.1214,108.8044,21.4,84,12.9,51,1017.3,1
2023-03-07,Quang_Ngai,15.1214,108.8044,21.6,83,13.8,33,1016.4,1
2023-03-08,Quang_Ngai,15.1214,108.8044,21.4,83,10.4,52,1015.8,1
2023-03-09,Quang_Ngai,15.1214,108.8044,21.5,83,15.7,44,1015.6,1
2023-03-10,Quang_Ngai,15.1214,108.8044,22.0,82,11.0,45,1014.0,1
2023-03-11,Quang_Ngai,15.1214,108.8044,22.2,84,9.8,45,1013.8,1
2023-03-12,Quang_Ngai,15.1214,108.8044,22.5,85,15.1,58,1014.9,1
2023-03-13,Quang_Ngai,15.1214,108.8044,22.2,84,18.1,60,1015.7,1
2023-03-14,Quang_Ngai,15.1214,108.8044,22.3,85,14.1,77,1012.9,1
2023-03-15,Quang_Ngai,15.1214,108.8044,22.9,84,13.9,86,1012.5,1
2023-03-16,Quang_Ngai,15.1214,108.8044,23.6,85,10.9,96,1013.8,1
2023-03-17,Quang_Ngai,15.1214,108.8044,24.1,84,11.6,85,1012.7,1
2023-03-18,Quang_Ngai,15.1214,108.8044,23.9,83,13.0,65,1011.6,0
2023-03-19,Quang_Ngai,15.1214,108.8044,24.4,81,14.9,54,1010.3,0
2023-03-20,Quang_Ngai,15.1214,108.8044,25.0,85,15.3,64,1008.5,0
2023-03-21,Quang_Ngai,15.1214,108.8044,26.1,87,13.0,51,1006.7,0
2023-03-22,Quang_Ngai,15.1214,108.8044,26.6,87,15.0,32,1005.2,0
2023-03-23,Quang_Ngai,15.1214,108.8044,27.1,86,14.7,58,1005.1,0
2023-03-24,Quang_Ngai,15.1214,108.8044,26.4,88,14.7,68,1006.4,0
2023-03-25,Quang_Ngai,15.1214,108.8044,26.3,84,17.1,69,1007.5,0
2023-03-26,Quang_Ngai,15.1214,108.8044,26.2,84,9.5,61,1007.7,0
2023-03-27,Quang_Ngai,15.1214,108.8044,26.8,82,15.6,43,1009.5,1
2023-03-28,Quang_Ngai,15.1214,108.8044,26.1,86,11.8,54,1011.3,1
2023-03-29,Quang_Ngai,15.1214,108.8044,26.3,83,12.0,51,1010.8,1
2023-03-30,Quang_Ngai,15.1214,108.8044,26.4,83,11.9,47,1009.1,1
2023-03-31,Quang_Ngai,15.1214,108.8044,26.6,83,14.0,68,1008.9,1
2023-04-01,Quang_Ngai,15.1214,108.8044,27.1,81,17.6,60,1008.1,0
2023-04-02,Quang_Ngai,15.1214,108.8044,26.7,80,16.6,33,1007.2,0
2023-04-03,Quang_Ngai,15.1214,108.8044,27.6,80,17.3,22,1006.4,0
2023-04-04,Quang_Ngai,15.1214,108.8044,28.2,79,16.9,21,1005.4,0
2023-04-05,Quang_Ngai,15.1214,108.8044,29.0,76,16.4,19,1005.6,0
2023-04-06,Quang_Ngai,15.1214,108.8044,28.6,82,13.2,8,1006.8,0
2023-04-07,Quang_Ngai,15.1214,108.8044,27.7,82,17.9,9,1009.9,0
2023-04-08,Quang_Ngai,15.1214,108.8044,26.8,81,13.8,29,1013.3,1
2023-04-09,Quang_Ngai,15.1214,108.8044,26.4,81,11.4,43,1013.0,1
2023-04-10,Quang_Ngai,15.1214,108.8044,26.6,82,15.7,70,1010.5,1
2023-04-11,Quang_Ngai,15.1214,108.8044,27.5,79,17.4,54,1008.2,0
2023-04-12,Quang_Ngai,15.1214,108.8044,27.6,82,17.1,53,1007.8,1
2023-04-13,Quang_Ngai,15.1214,108.8044,27.6,83,16.7,53,1007.9,0
2023-04-14,Quang_Ngai,15.1214,108.8044,28.3,81,15.4,57,1006.9,0
2023-04-15,Quang_Ngai,15.1214,108.8044,28.1,84,11.0,79,1007.0,1
2023-04-16,Quang_Ngai,15.1214,108.8044,27.6,83,10.4,100,1007.4,1
2023-04-17,Quang_Ngai,15.1214,108.8044,28.3,80,18.6,87,1007.5,1
2023-04-18,Quang_Ngai,15.1214,108.8044,29.4,73,18.3,29,1006.3,0
2023-04-19,Quang_Ngai,15.1214,108.8044,30.1,71,15.5,4,1002.7,0
2023-04-20,Quang_Ngai,15.1214,108.8044,30.6,73,17.1,9,1000.9,0
2023-04-21,Quang_Ngai,15.1214,108.8044,30.8,73,26.7,37,1002.2,1
2023-04-22,Quang_Ngai,15.1214,108.8044,29.5,78,16.9,49,1004.2,0
2023-04-23,Quang_Ngai,15.1214,108.8044,29.2,77,20.3,50,1006.9,0
2023-04-24,Quang_Ngai,15.1214,108.8044,28.5,77,16.0,56,1009.3,0
2023-04-25,Quang_Ngai,15.1214,108.8044,28.2,79,16.2,54,1009.0,1
2023-04-26,Quang_Ngai,15.1214,108.8044,27.2,79,14.3,84,1009.9,1
2023-04-27,Quang_Ngai,15.1214,108.8044,27.1,80,13.4,61,1010.0,1
2023-04-28,Quang_Ngai,15.1214,108.8044,27.8,79,15.8,70,1009.1,1
2023-04-29,Quang_Ngai,15.1214,108.8044,28.0,78,15.9,49,1008.1,1
2023-04-30,Quang_Ngai,15.1214,108.8044,27.2,79,17.7,75,1009.2,1
2023-05-01,Quang_Ngai,15.1214,108.8044,26.9,79,13.0,43,1009.8,1
2023-05-02,Quang_Ngai,15.1214,108.8044,27.5,80,14.9,45,1010.0,1
2023-05-03,Quang_Ngai,15.1214,108.8044,28.3,79,15.5,37,1009.3,0
2023-05-04,Quang_Ngai,15.1214,108.8044,28.9,77,17.2,78,1005.9,0
2023-05-05,Quang_Ngai,15.1214,108.8044,30.1,74,16.2,64,1002.4,0
2023-05-06,Quang_Ngai,15.1214,108.8044,31.6,73,17.5,66,1001.0,0
2023-05-07,Quang_Ngai,15.1214,108.8044,32.0,71,15.5,35,1001.2,1
2023-05-08,Quang_Ngai,15.1214,108.8044,29.9,73,24.2,85,1004.6,0
2023-05-09,Quang_Ngai,15.1214,108.8044,28.8,77,12.0,100,1006.9,1
2023-05-10,Quang_Ngai,15.1214,108.8044,27.4,87,13.0,90,1007.6,1
2023-05-11,Quang_Ngai,15.1214,108.8044,27.3,87,10.9,85,1008.8,1
2023-05-12,Quang_Ngai,15.1214,108.8044,27.1,89,16.0,94,1009.1,1
2023-05-13,Quang_Ngai,15.1214,108.8044,26.6,87,10.1,91,1009.8,1
2023-05-14,Quang_Ngai,15.1214,108.8044,26.9,87,7.2,61,1009.4,1
2023-05-15,Quang_Ngai,15.1214,108.8044,27.3,87,11.1,72,1008.9,1
2023-05-16,Quang_Ngai,15.1214,108.8044,28.7,85,12.5,58,1007.1,1
2023-05-17,Quang_Ngai,15.1214,108.8044,30.1,78,12.6,83,1006.0,0
2023-05-18,Quang_Ngai,15.1214,108.8044,30.6,75,11.2,71,1005.1,1
2023-05-19,Quang_Ngai,15.1214,108.8044,30.6,76,10.6,82,1004.3,1
2023-05-20,Quang_Ngai,15.1214,108.8044,30.2,77,17.7,43,1004.6,1
2023-05-21,Quang_Ngai,15.1214,108.8044,29.9,78,15.1,58,1005.7,0
2023-05-22,Quang_Ngai,15.1214,108.8044,30.7,74,11.0,67,1005.7,0
2023-05-23,Quang_Ngai,15.1214,108.8044,30.9,67,11.8,10,1005.2,1
2023-05-24,Quang_Ngai,15.1214,108.8044,29.5,75,10.0,44,1005.7,1
2023-05-25,Quang_Ngai,15.1214,108.8044,28.7,80,13.9,64,1006.7,1
2023-05-26,Quang_Ngai,15.1214,108.8044,29.0,79,13.3,32,1006.8,1
2023-05-27,Quang_Ngai,15.1214,108.8044,28.7,79,13.2,29,1005.7,1
2023-05-28,Quang_Ngai,15.1214,108.8044,27.9,83,13.2,62,1005.5,1
2023-05-29,Quang_Ngai,15.1214,108.8044,28.2,81,14.4,41,1005.8,1
2023-05-30,Quang_Ngai,15.1214,108.8044,28.6,80,8.6,59,1004.9,1
2023-05-31,Quang_Ngai,15.1214,108.8044,29.7,77,7.0,53,1003.2,1
2023-06-01,Quang_Ngai,15.1214,108.8044,30.5,71,14.4,35,1001.9,1
2023-06-02,Quang_Ngai,15.1214,108.8044,30.8,69,10.8,60,1003.0,1
2023-06-03,Quang_Ngai,15.1214,108.8044,30.6,73,14.3,47,1004.5,1
2023-06-04,Quang_Ngai,15.1214,108.8044,29.9,74,10.8,53,1004.5,1
2023-06-05,Quang_Ngai,15.1214,108.8044,28.7,78,12.7,98,1003.5,1
2023-06-06,Quang_Ngai,15.1214,108.8044,27.0,87,12.7,100,1003.7,1
2023-06-07,Quang_Ngai,15.1214,108.8044,27.9,86,9.1,100,1004.8,1
2023-06-08,Quang_Ngai,15.1214,108.8044,28.5,83,7.6,100,1004.3,1
2023-06-09,Quang_Ngai,15.1214,108.8044,29.5,78,7.6,95,1002.6,1
2023-06-10,Quang_Ngai,15.1214,108.8044,29.1,79,15.2,99,1001.2,1
2023-06-11,Quang_Ngai,15.1214,108.8044,29.7,78,8.0,94,1000.6,1
2023-06-12,Quang_Ngai,15.1214,108.8044,30.2,75,11.7,100,1001.7,1
2023-06-13,Quang_Ngai,15.1214,108.8044,30.6,71,13.7,95,1002.3,0
2023-06-14,Quang_Ngai,15.1214,108.8044,31.0,69,11.4,100,1004.0,1
2023-06-15,Quang_Ngai,15.1214,108.8044,30.8,70,10.6,97,1004.2,1
2023-06-16,Quang_Ngai,15.1214,108.8044,30.1,75,10.7,85,1003.9,1
2023-06-17,Quang_Ngai,15.1214,108.8044,29.5,77,12.3,93,1005.1,1
2023-06-18,Quang_Ngai,15.1214,108.8044,29.7,78,9.4,99,1004.9,1
2023-06-19,Quang_Ngai,15.1214,108.8044,30.1,73,11.8,62,1004.6,1
2023-06-20,Quang_Ngai,15.1214,108.8044,30.2,73,10.7,14,1004.4,1
2023-06-21,Quang_Ngai,15.1214,108.8044,30.6,73,9.4,26,1005.1,1
2023-06-22,Quang_Ngai,15.1214,108.8044,30.9,72,12.6,15,1005.0,1
2023-06-23,Quang_Ngai,15.1214,108.8044,31.0,69,12.0,52,1003.8,1
2023-06-24,Quang_Ngai,15.1214,108.8044,30.5,73,9.6,96,1003.5,1
2023-06-25,Quang_Ngai,15.1214,108.8044,30.3,73,11.9,100,1004.2,1
2023-06-26,Quang_Ngai,15.1214,108.8044,29.0,78,11.4,99,1004.9,1
2023-06-27,Quang_Ngai,15.1214,108.8044,29.3,77,15.9,86,1006.0,1
2023-06-28,Quang_Ngai,15.1214,108.8044,29.8,73,15.1,54,1006.8,1
2023-06-29,Quang_Ngai,15.1214,108.8044,29.9,75,8.0,60,1005.2,1
2023-06-30,Quang_Ngai,15.1214,108.8044,30.6,74,9.8,68,1003.7,1
2023-07-01,Quang_Ngai,15.1214,108.8044,30.6,71,9.7,84,1003.8,1
2023-07-02,Quang_Ngai,15.1214,108.8044,30.2,72,10.2,96,1005.1,1
2023-07-03,Quang_Ngai,15.1214,108.8044,30.0,75,11.3,100,1005.7,0
2023-07-04,Quang_Ngai,15.1214,108.8044,29.4,79,6.3,54,1006.1,1
2023-07-05,Quang_Ngai,15.1214,108.8044,29.2,77,14.3,19,1006.2,1
2023-07-06,Quang_Ngai,15.1214,108.8044,29.4,75,18.9,20,1006.5,0
2023-07-07,Quang_Ngai,15.1214,108.8044,29.9,74,15.5,41,1006.7,1
2023-07-08,Quang_Ngai,15.1214,108.8044,30.3,73,16.5,22,1006.9,1
2023-07-09,Quang_Ngai,15.1214,108.8044,29.6,78,10.8,23,1007.0,1
2023-07-10,Quang_Ngai,15.1214,108.8044,29.4,77,10.5,57,1006.4,1
2023-07-11,Quang_Ngai,15.1214,108.8044,30.0,74,12.6,45,1006.1,1
2023-07-12,Quang_Ngai,15.1214,108.8044,30.5,71,12.9,26,1005.8,1
2023-07-13,Quang_Ngai,15.1214,108.8044,31.0,69,11.9,50,1004.5,1
2023-07-14,Quang_Ngai,15.1214,108.8044,31.7,65,12.9,74,1003.0,1
2023-07-15,Quang_Ngai,15.1214,108.8044,30.2,74,10.8,76,1001.2,1
2023-07-16,Quang_Ngai,15.1214,108.8044,28.5,83,10.1,100,998.9,1
2023-07-17,Quang_Ngai,15.1214,108.8044,29.0,79,7.7,100,997.7,1
2023-07-18,Quang_Ngai,15.1214,108.8044,29.9,77,9.5,100,999.3,1
2023-07-19,Quang_Ngai,15.1214,108.8044,29.6,76,8.6,77,1001.5,1
2023-07-20,Quang_Ngai,15.1214,108.8044,28.7,84,10.6,56,1003.1,1
2023-07-21,Quang_Ngai,15.1214,108.8044,28.6,82,15.7,72,1005.8,1
2023-07-22,Quang_Ngai,15.1214,108.8044,27.4,85,11.9,65,1007.9,1
2023-07-23,Quang_Ngai,15.1214,108.8044,27.9,83,10.6,67,1006.8,1
2023-07-24,Quang_Ngai,15.1214,108.8044,27.8,82,9.6,57,1005.0,1
2023-07-25,Quang_Ngai,15.1214,108.8044,27.8,84,11.1,60,1004.6,1
2023-07-26,Quang_Ngai,15.1214,108.8044,28.1,82,11.5,76,1003.5,1
2023-07-27,Quang_Ngai,15.1214,108.8044,29.5,78,15.0,85,1000.6,1
2023-07-28,Quang_Ngai,15.1214,108.8044,29.9,75,10.3,68,998.7,1
2023-07-29,Quang_Ngai,15.1214,108.8044,29.5,79,12.0,51,1000.1,1
2023-07-30,Quang_Ngai,15.1214,108.8044,29.3,82,9.4,64,1002.0,1
2023-07-31,Quang_Ngai,15.1214,108.8044,29.4,82,7.6,98,1003.1,1
2023-08-01,Quang_Ngai,15.1214,108.8044,29.1,79,8.8,100,1002.8,1
2023-08-02,Quang_Ngai,15.1214,108.8044,28.2,82,7.1,100,1002.7,0
2023-08-03,Quang_Ngai,15.1214,108.8044,29.4,75,7.5,100,1002.5,0
2023-08-04,Quang_Ngai,15.1214,108.8044,30.3,71,15.1,92,1004.6,0
2023-08-05,Quang_Ngai,15.1214,108.8044,31.3,62,13.9,52,1004.7,0
2023-08-06,Quang_Ngai,15.1214,108.8044,32.0,54,22.0,54,1002.4,0
2023-08-07,Quang_Ngai,15.1214,108.8044,31.9,59,10.0,47,1001.6,0
2023-08-08,Quang_Ngai,15.1214,108.8044,31.8,61,14.7,41,1002.9,1
2023-08-09,Quang_Ngai,15.1214,108.8044,31.5,63,16.2,94,1004.6,0
2023-08-10,Quang_Ngai,15.1214,108.8044,31.9,62,15.1,46,1004.1,1
2023-08-11,Quang_Ngai,15.1214,108.8044,31.9,63,11.6,53,1002.9,1
2023-08-12,Quang_Ngai,15.1214,108.8044,32.0,63,10.2,66,1002.3,1
2023-08-13,Quang_Ngai,15.1214,108.8044,31.9,62,10.5,40,1002.3,1
2023-08-14,Quang_Ngai,15.1214,108.8044,31.6,64,11.2,41,1003.2,1
2023-08-15,Quang_Ngai,15.1214,108.8044,30.7,71,10.9,50,1004.4,1
2023-08-16,Quang_Ngai,15.1214,108.8044,30.6,72,9.4,73,1005.3,1
2023-08-17,Quang_Ngai,15.1214,108.8044,30.6,72,12.1,32,1004.9,1
2023-08-18,Quang_Ngai,15.1214,108.8044,31.1,69,14.1,42,1003.4,1
2023-08-19,Quang_Ngai,15.1214,108.8044,30.8,70,14.7,88,1003.7,1
2023-08-20,Quang_Ngai,15.1214,108.8044,30.1,72,14.3,79,1003.9,1
2023-08-21,Quang_Ngai,15.1214,108.8044,30.2,72,12.3,65,1004.6,1
2023-08-22,Quang_Ngai,15.1214,108.8044,29.6,77,8.2,84,1004.4,1
2023-08-23,Quang_Ngai,15.1214,108.8044,30.2,74,12.0,92,1003.5,1
2023-08-24,Quang_Ngai,15.1214,108.8044,29.4,80,15.3,95,1004.0,1
2023-08-25,Quang_Ngai,15.1214,108.8044,30.1,76,10.7,80,1004.3,1
2023-08-26,Quang_Ngai,15.1214,108.8044,30.5,76,11.4,92,1003.3,1
2023-08-27,Quang_Ngai,15.1214,108.8044,30.8,73,13.1,93,1001.6,1
2023-08-28,Quang_Ngai,15.1214,108.8044,30.5,72,12.0,99,1000.8,1
2023-08-29,Quang_Ngai,15.1214,108.8044,27.9,88,7.4,100,1002.2,1
2023-08-30,Quang_Ngai,15.1214,108.8044,27.2,88,10.3,96,1003.7,1
2023-08-31,Quang_Ngai,15.1214,108.8044,26.8,91,5.0,99,1003.9,1
2023-09-01,Quang_Ngai,15.1214,108.8044,28.0,82,9.9,93,1003.2,1
2023-09-02,Quang_Ngai,15.1214,108.8044,28.4,80,15.2,66,1001.7,1
2023-09-03,Quang_Ngai,15.1214,108.8044,28.9,79,11.7,58,1001.1,1
2023-09-04,Quang_Ngai,15.1214,108.8044,28.1,84,12.0,68,1002.2,1
2023-09-05,Quang_Ngai,15.1214,108.8044,27.4,88,7.6,89,1004.3,1
2023-09-06,Quang_Ngai,15.1214,108.8044,27.6,88,4.9,99,1005.5,1
2023-09-07,Quang_Ngai,15.1214,108.8044,28.4,86,8.2,83,1005.5,1
2023-09-08,Quang_Ngai,15.1214,108.8044,28.0,87,7.7,89,1005.4,1
2023-09-09,Quang_Ngai,15.1214,108.8044,28.3,86,7.7,87,1004.1,1
2023-09-10,Quang_Ngai,15.1214,108.8044,28.5,84,12.9,100,1003.7,1
2023-09-11,Quang_Ngai,15.1214,108.8044,29.1,81,5.1,100,1003.9,1
2023-09-12,Quang_Ngai,15.1214,108.8044,29.7,76,6.8,99,1004.1,1
2023-09-13,Quang_Ngai,15.1214,108.8044,29.0,79,9.8,94,1004.3,1
2023-09-14,Quang_Ngai,15.1214,108.8044,27.5,85,12.0,99,1004.8,1
2023-09-15,Quang_Ngai,15.1214,108.8044,26.8,89,8.7,99,1005.7,1
2023-09-16,Quang_Ngai,15.1214,108.8044,26.7,88,8.0,99,1006.7,1
2023-09-17,Quang_Ngai,15.1214,108.8044,27.2,88,6.8,99,1006.7,1
2023-09-18,Quang_Ngai,15.1214,108.8044,27.5,87,8.7,89,1007.9,1
2023-09-19,Quang_Ngai,15.1214,108.8044,27.8,86,12.1,76,1008.9,1
2023-09-20,Quang_Ngai,15.1214,108.8044,28.2,83,12.1,55,1008.0,1
2023-09-21,Quang_Ngai,15.1214,108.8044,28.1,86,10.7,41,1008.1,1
2023-09-22,Quang_Ngai,15.1214,108.8044,27.9,84,10.7,67,1007.7,1
2023-09-23,Quang_Ngai,15.1214,108.8044,27.6,85,14.8,83,1007.2,1
2023-09-24,Quang_Ngai,15.1214,108.8044,25.7,90,10.6,100,1005.4,1
2023-09-25,Quang_Ngai,15.1214,108.8044,25.6,93,8.9,100,1001.9,1
2023-09-26,Quang_Ngai,15.1214,108.8044,28.7,80,13.4,99,1001.7,1
2023-09-27,Quang_Ngai,15.1214,108.8044,27.9,84,10.6,98,1005.0,1
2023-09-28,Quang_Ngai,15.1214,108.8044,26.8,89,8.3,100,1008.0,1
2023-09-29,Quang_Ngai,15.1214,108.8044,27.4,86,13.8,94,1009.3,1
2023-09-30,Quang_Ngai,15.1214,108.8044,26.9,88,18.8,62,1008.7,1
2023-10-01,Quang_Ngai,15.1214,108.8044,26.8,90,11.1,71,1007.5,1
2023-10-02,Quang_Ngai,15.1214,108.8044,27.3,88,14.2,76,1008.1,1
2023-10-03,Quang_Ngai,15.1214,108.8044,26.7,90,14.4,98,1008.1,1
2023-10-04,Quang_Ngai,15.1214,108.8044,27.4,89,11.0,75,1007.9,1
2023-10-05,Quang_Ngai,15.1214,108.8044,27.5,88,8.7,68,1007.1,1
2023-10-06,Quang_Ngai,15.1214,108.8044,27.3,88,9.2,89,1007.1,1
2023-10-07,Quang_Ngai,15.1214,108.8044,26.9,89,12.0,98,1007.8,1
2023-10-08,Quang_Ngai,15.1214,108.8044,26.7,88,10.3,93,1009.3,1
2023-10-09,Quang_Ngai,15.1214,108.8044,25.4,91,11.0,100,1010.6,1
2023-10-10,Quang_Ngai,15.1214,108.8044,25.7,90,13.7,94,1011.0,1
2023-10-11,Quang_Ngai,15.1214,108.8044,25.8,89,17.6,71,1011.5,1
2023-10-12,Quang_Ngai,15.1214,108.8044,25.4,91,18.0,97,1011.9,1
2023-10-13,Quang_Ngai,15.1214,108.8044,25.8,89,10.3,98,1010.2,1
2023-10-14,Quang_Ngai,15.1214,108.8044,25.6,88,13.7,98,1008.5,1
2023-10-15,Quang_Ngai,15.1214,108.8044,24.7,93,16.1,100,1007.4,1
2023-10-16,Quang_Ngai,15.1214,108.8044,24.6,92,22.7,100,1007.8,1
2023-10-17,Quang_Ngai,15.1214,108.8044,24.5,93,14.8,100,1006.3,1
2023-10-18,Quang_Ngai,15.1214,108.8044,26.4,88,9.4,100,1007.7,1
2023-10-19,Quang_Ngai,15.1214,108.8044,26.3,89,10.1,80,1009.7,1
2023-10-20,Quang_Ngai,15.1214,108.8044,26.9,86,9.5,65,1010.9,1
2023-10-21,Quang_Ngai,15.1214,108.8044,26.3,83,21.6,43,1012.6,1
2023-10-22,Quang_Ngai,15.1214,108.8044,26.2,82,19.4,46,1012.4,1
2023-10-23,Quang_Ngai,15.1214,108.8044,25.5,90,15.9,98,1011.3,1
2023-10-24,Quang_Ngai,15.1214,108.8044,25.6,92,12.1,89,1010.6,1
2023-10-25,Quang_Ngai,15.1214,108.8044,25.6,92,10.2,97,1010.9,1
2023-10-26,Quang_Ngai,15.1214,108.8044,26.4,89,9.7,82,1010.7,1
2023-10-27,Quang_Ngai,15.1214,108.8044,26.6,87,13.1,73,1010.4,1
2023-10-28,Quang_Ngai,15.1214,108.8044,26.7,87,10.7,65,1010.2,1
2023-10-29,Quang_Ngai,15.1214,108.8044,26.0,89,10.2,82,1010.8,1
2023-10-30,Quang_Ngai,15.1214,108.8044,24.5,93,10.5,100,1012.0,1
2023-10-31,Quang_Ngai,15.1214,108.8044,24.1,93,16.6,99,1013.2,1
2023-11-01,Quang_Ngai,15.1214,108.8044,24.8,92,15.1,100,1012.7,1
2023-11-02,Quang_Ngai,15.1214,108.8044,25.0,92,13.3,91,1011.3,1
2023-11-03,Quang_Ngai,15.1214,108.8044,25.8,88,12.6,75,1009.4,1
2023-11-04,Quang_Ngai,15.1214,108.8044,26.2,88,10.9,42,1009.8,1
2023-11-05,Quang_Ngai,15.1214,108.8044,26.5,89,10.7,66,1010.5,1
2023-11-06,Quang_Ngai,15.1214,108.8044,25.8,89,11.5,61,1011.3,1
2023-11-07,Quang_Ngai,15.1214,108.8044,25.3,90,14.1,94,1011.2,1
2023-11-08,Quang_Ngai,15.1214,108.8044,26.0,89,15.8,91,1010.4,1
2023-11-09,Quang_Ngai,15.1214,108.8044,26.4,88,12.7,61,1010.8,1
2023-11-10,Quang_Ngai,15.1214,108.8044,26.2,90,8.8,69,1012.3,1
2023-11-11,Quang_Ngai,15.1214,108.8044,26.4,89,10.5,56,1012.8,1
2023-11-12,Quang_Ngai,15.1214,108.8044,25.8,90,12.4,65,1013.4,1
2023-11-13,Quang_Ngai,15.1214,108.8044,23.9,94,10.3,99,1014.5,1
2023-11-14,Quang_Ngai,15.1214,108.8044,24.1,95,13.8,100,1014.8,1
2023-11-15,Quang_Ngai,15.1214,108.8044,24.4,93,10.4,95,1014.6,1
2023-11-16,Quang_Ngai,15.1214,108.8044,24.2,93,19.0,96,1016.7,1
2023-11-17,Quang_Ngai,15.1214,108.8044,23.3,82,26.3,96,1018.6,1
2023-11-18,Quang_Ngai,15.1214,108.8044,21.6,79,22.7,92,1017.7,1
2023-11-19,Quang_Ngai,15.1214,108.8044,21.7,83,17.1,82,1016.0,1
2023-11-20,Quang_Ngai,15.1214,108.8044,22.5,86,15.5,91,1014.7,1
2023-11-21,Quang_Ngai,15.1214,108.8044,23.6,81,12.8,82,1013.0,1
2023-11-22,Quang_Ngai,15.1214,108.8044,23.5,88,7.2,96,1011.5,1
2023-11-23,Quang_Ngai,15.1214,108.8044,24.3,84,15.1,70,1012.2,1
2023-11-24,Quang_Ngai,15.1214,108.8044,23.6,77,16.3,87,1013.9,1
2023-11-25,Quang_Ngai,15.1214,108.8044,23.2,86,11.6,100,1013.5,1
2023-11-26,Quang_Ngai,15.1214,108.8044,24.5,87,18.7,98,1014.1,1
2023-11-27,Quang_Ngai,15.1214,108.8044,24.1,75,21.7,59,1014.6,1
2023-11-28,Quang_Ngai,15.1214,108.8044,23.0,81,18.4,87,1013.9,1
2023-11-29,Quang_Ngai,15.1214,108.8044,24.5,86,15.3,85,1012.8,1
2023-11-30,Quang_Ngai,15.1214,108.8044,24.2,92,14.0,93,1013.7,1
2023-12-01,Quang_Ngai,15.1214,108.8044,24.0,94,12.0,97,1013.4,1
2023-12-02,Quang_Ngai,15.1214,108.8044,24.8,91,15.9,99,1013.7,1
2023-12-03,Quang_Ngai,15.1214,108.8044,24.6,91,14.5,100,1013.9,1
2023-12-04,Quang_Ngai,15.1214,108.8044,24.7,92,12.2,94,1012.6,1
2023-12-05,Quang_Ngai,15.1214,108.8044,24.7,88,11.2,75,1012.0,1
2023-12-06,Quang_Ngai,15.1214,108.8044,24.4,88,15.3,88,1013.4,1
2023-12-07,Quang_Ngai,15.1214,108.8044,23.5,91,14.2,86,1013.8,1
2023-12-08,Quang_Ngai,15.1214,108.8044,23.9,86,11.0,92,1012.9,1
2023-12-09,Quang_Ngai,15.1214,108.8044,23.4,88,9.4,64,1011.1,1
2023-12-10,Quang_Ngai,15.1214,108.8044,23.7,89,12.3,44,1010.0,0
2023-12-11,Quang_Ngai,15.1214,108.8044,24.2,87,9.7,54,1011.3,0
2023-12-12,Quang_Ngai,15.1214,108.8044,23.8,91,11.3,76,1012.4,1
2023-12-13,Quang_Ngai,15.1214,108.8044,24.3,88,12.1,60,1013.7,1
2023-12-14,Quang_Ngai,15.1214,108.8044,24.8,89,10.2,59,1013.8,1
2023-12-15,Quang_Ngai,15.1214,108.8044,25.3,89,9.9,94,1012.5,1
2023-12-16,Quang_Ngai,15.1214,108.8044,24.8,88,15.3,79,1013.4,1
2023-12-17,Quang_Ngai,15.1214,108.8044,23.2,93,15.3,99,1015.3,1
2023-12-18,Quang_Ngai,15.1214,108.8044,24.3,87,14.3,68,1015.1,1
2023-12-19,Quang_Ngai,15.1214,108.8044,24.1,87,15.9,90,1015.1,1
2023-12-20,Quang_Ngai,15.1214,108.8044,23.3,85,24.0,80,1016.0,1
2023-12-21,Quang_Ngai,15.1214,108.8044,21.1,92,24.0,100,1017.8,1
2023-12-22,Quang_Ngai,15.1214,108.8044,19.5,90,21.7,100,1020.8,1
2023-12-23,Quang_Ngai,15.1214,108.8044,19.7,87,23.1,100,1021.2,1
2023-12-24,Quang_Ngai,15.1214,108.8044,19.4,91,21.1,100,1021.8,1
2023-12-25,Quang_Ngai,15.1214,108.8044,19.7,83,19.4,99,1020.4,1
2023-12-26,Quang_Ngai,15.1214,108.8044,20.9,89,15.7,96,1018.9,1
2023-12-27,Quang_Ngai,15.1214,108.8044,21.9,92,10.2,100,1017.8,1
2023-12-28,Quang_Ngai,15.1214,108.8044,23.0,89,13.2,97,1016.0,1
2023-12-29,Quang_Ngai,15.1214,108.8044,23.5,91,11.2,90,1014.7,1
2023-12-30,Quang_Ngai,15.1214,108.8044,24.1,89,11.5,76,1013.5,1
2023-12-31,Quang_Ngai,15.1214,108.8044,23.6,90,13.2,98,1014.0,1
2024-01-01,Quang_Ngai,15.1214,108.8044,23.3,90,13.2,96,1013.9,1
2024-01-02,Quang_Ngai,15.1214,108.8044,23.5,91,10.7,95,1013.5,1
2024-01-03,Quang_Ngai,15.1214,108.8044,22.9,88,13.7,80,1014.9,1
2024-01-04,Quang_Ngai,15.1214,108.8044,22.3,84,13.0,48,1015.3,1
2024-01-05,Quang_Ngai,15.1214,108.8044,22.0,86,10.7,66,1015.3,1
2024-01-06,Quang_Ngai,15.1214,108.8044,22.7,88,12.0,85,1015.4,1
2024-01-07,Quang_Ngai,15.1214,108.8044,22.9,85,9.9,88,1015.5,1
2024-01-08,Quang_Ngai,15.1214,108.8044,23.0,86,7.4,83,1014.5,1
2024-01-09,Quang_Ngai,15.1214,108.8044,23.3,86,9.8,81,1013.2,1
2024-01-10,Quang_Ngai,15.1214,108.8044,23.3,87,10.5,71,1013.4,1
2024-01-11,Quang_Ngai,15.1214,108.8044,23.8,82,13.1,94,1014.2,1
2024-01-12,Quang_Ngai,15.1214,108.8044,22.8,86,10.5,55,1013.9,1
2024-01-13,Quang_Ngai,15.1214,108.8044,22.3,85,13.4,72,1014.4,1
2024-01-14,Quang_Ngai,15.1214,108.8044,22.5,83,14.7,87,1015.6,1
2024-01-15,Quang_Ngai,15.1214,108.8044,22.1,85,15.1,68,1015.9,1
2024-01-16,Quang_Ngai,15.1214,108.8044,22.0,86,10.8,70,1015.4,1
2024-01-17,Quang_Ngai,15.1214,108.8044,22.1,86,9.5,81,1014.6,1
2024-01-18,Quang_Ngai,15.1214,108.8044,22.6,86,9.8,62,1013.5,1
2024-01-19,Quang_Ngai,15.1214,108.8044,22.8,85,11.6,80,1012.7,1
2024-01-20,Quang_Ngai,15.1214,108.8044,22.6,84,12.9,81,1013.1,1
2024-01-21,Quang_Ngai,15.1214,108.8044,22.1,84,12.6,83,1015.2,1
2024-01-22,Quang_Ngai,15.1214,108.8044,22.7,84,12.2,67,1015.6,1
2024-01-23,Quang_Ngai,15.1214,108.8044,20.7,92,21.5,96,1019.0,1
2024-01-24,Quang_Ngai,15.1214,108.8044,20.6,94,15.5,100,1020.3,1
2024-01-25,Quang_Ngai,15.1214,108.8044,21.5,87,14.1,96,1021.0,1
2024-01-26,Quang_Ngai,15.1214,108.8044,22.0,83,14.3,85,1020.8,1
2024-01-27,Quang_Ngai,15.1214,108.8044,21.9,85,12.9,97,1019.6,1
2024-01-28,Quang_Ngai,15.1214,108.8044,21.9,85,11.3,98,1019.3,1
2024-01-29,Quang_Ngai,15.1214,108.8044,21.8,89,11.3,98,1018.0,1
2024-01-30,Quang_Ngai,15.1214,108.8044,22.0,88,10.0,96,1016.5,1
2024-01-31,Quang_Ngai,15.1214,108.8044,22.8,87,14.2,78,1015.2,0
2024-02-01,Quang_Ngai,15.1214,108.8044,22.7,89,12.4,78,1014.6,0
2024-02-02,Quang_Ngai,15.1214,108.8044,23.5,88,14.1,64,1013.7,0
2024-02-03,Quang_Ngai,15.1214,108.8044,23.2,88,14.7,42,1013.8,0
2024-02-04,Quang_Ngai,15.1214,108.8044,23.8,89,15.9,45,1013.2,0
2024-02-05,Quang_Ngai,15.1214,108.8044,24.5,88,15.8,52,1013.5,0
2024-02-06,Quang_Ngai,15.1214,108.8044,24.5,88,14.1,44,1014.0,0
2024-02-07,Quang_Ngai,15.1214,108.8044,24.9,87,15.1,37,1012.1,0
2024-02-08,Quang_Ngai,15.1214,108.8044,24.9,87,14.5,53,1011.8,1
2024-02-09,Quang_Ngai,15.1214,108.8044,23.8,84,20.3,75,1016.1,1
2024-02-10,Quang_Ngai,15.1214,108.8044,20.9,88,18.0,100,1020.5,1
2024-02-11,Quang_Ngai,15.1214,108.8044,21.1,87,18.1,95,1021.4,1
2024-02-12,Quang_Ngai,15.1214,108.8044,22.0,79,16.6,92,1019.9,1
2024-02-13,Quang_Ngai,15.1214,108.8044,22.3,83,10.5,65,1017.8,1
2024-02-14,Quang_Ngai,15.1214,108.8044,23.2,85,12.5,88,1015.7,1
2024-02-15,Quang_Ngai,15.1214,108.8044,23.4,86,11.4,84,1015.6,1
2024-02-16,Quang_Ngai,15.1214,108.8044,23.3,87,12.5,73,1016.2,1
2024-02-17,Quang_Ngai,15.1214,108.8044,22.5,87,13.2,20,1013.2,0
2024-02-18,Quang_Ngai,15.1214,108.8044,23.3,88,16.3,76,1011.7,0
2024-02-19,Quang_Ngai,15.1214,108.8044,24.4,89,16.6,76,1011.2,0
2024-02-20,Quang_Ngai,15.1214,108.8044,25.5,85,19.0,75,1010.3,0
2024-02-21,Quang_Ngai,15.1214,108.8044,25.5,87,20.0,66,1010.1,0
2024-02-22,Quang_Ngai,15.1214,108.8044,25.6,85,16.3,9,1011.3,0
2024-02-23,Quang_Ngai,15.1214,108.8044,25.0,89,17.3,69,1013.3,1
2024-02-24,Quang_Ngai,15.1214,108.8044,24.3,85,12.0,31,1014.9,1
2024-02-25,Quang_Ngai,15.1214,108.8044,23.3,85,16.3,48,1015.1,1
2024-02-26,Quang_Ngai,15.1214,108.8044,23.5,84,12.7,88,1015.3,1
2024-02-27,Quang_Ngai,15.1214,108.8044,23.6,90,12.5,82,1014.6,1
2024-02-28,Quang_Ngai,15.1214,108.8044,23.6,85,13.8,44,1013.1,1
2024-02-29,Quang_Ngai,15.1214,108.8044,23.6,88,13.7,66,1012.8,1
2024-03-01,Quang_Ngai,15.1214,108.8044,23.8,87,14.5,70,1014.6,1
2024-03-02,Quang_Ngai,15.1214,108.8044,22.0,89,17.1,100,1015.3,1
2024-03-03,Quang_Ngai,15.1214,108.8044,22.9,89,12.3,72,1013.1,1
2024-03-04,Quang_Ngai,15.1214,108.8044,24.0,87,18.5,53,1009.3,0
2024-03-05,Quang_Ngai,15.1214,108.8044,25.8,86,11.9,37,1006.7,0
2024-03-06,Quang_Ngai,15.1214,108.8044,27.2,85,11.4,77,1006.0,0
2024-03-07,Quang_Ngai,15.1214,108.8044,25.1,90,15.1,75,1009.7,1
2024-03-08,Quang_Ngai,15.1214,108.8044,24.4,88,12.5,49,1012.2,1
2024-03-09,Quang_Ngai,15.1214,108.8044,24.2,87,13.2,95,1012.4,1
2024-03-10,Quang_Ngai,15.1214,108.8044,25.2,88,11.8,78,1014.0,1
2024-03-11,Quang_Ngai,15.1214,108.8044,24.3,88,15.9,54,1014.8,1
2024-03-12,Quang_Ngai,15.1214,108.8044,23.6,85,16.3,43,1014.3,0
2024-03-13,Quang_Ngai,15.1214,108.8044,24.5,87,16.3,80,1012.7,1
2024-03-14,Quang_Ngai,15.1214,108.8044,25.1,85,18.7,31,1011.5,0
2024-03-15,Quang_Ngai,15.1214,108.8044,24.9,84,17.3,29,1011.7,0
2024-03-16,Quang_Ngai,15.1214,108.8044,24.9,85,18.1,64,1012.5,0
2024-03-17,Quang_Ngai,15.1214,108.8044,24.7,87,17.9,37,1012.0,0
2024-03-18,Quang_Ngai,15.1214,108.8044,25.3,86,18.5,72,1011.1,0
2024-03-19,Quang_Ngai,15.1214,108.8044,25.2,85,13.7,66,1013.3,1
2024-03-20,Quang_Ngai,15.1214,108.8044,23.9,90,15.8,93,1016.0,1
2024-03-21,Quang_Ngai,15.1214,108.8044,23.9,87,14.1,69,1013.4,1
2024-03-22,Quang_Ngai,15.1214,108.8044,24.9,83,19.1,16,1009.0,0
2024-03-23,Quang_Ngai,15.1214,108.8044,26.2,80,21.2,16,1008.4,0
2024-03-24,Quang_Ngai,15.1214,108.8044,26.3,84,20.0,14,1010.0,0
2024-03-25,Quang_Ngai,15.1214,108.8044,26.6,84,17.6,24,1010.6,0
2024-03-26,Quang_Ngai,15.1214,108.8044,26.1,84,16.7,67,1012.9,1
2024-03-27,Quang_Ngai,15.1214,108.8044,26.7,83,14.3,41,1013.5,1
2024-03-28,Quang_Ngai,15.1214,108.8044,26.6,84,12.1,74,1010.5,1
2024-03-29,Quang_Ngai,15.1214,108.8044,26.8,86,9.1,98,1010.8,1
2024-03-30,Quang_Ngai,15.1214,108.8044,27.5,83,17.9,98,1011.1,0
2024-03-31,Quang_Ngai,15.1214,108.8044,28.5,82,13.1,52,1009.1,0
2024-04-01,Quang_Ngai,15.1214,108.8044,28.7,80,15.8,26,1006.7,0
2024-04-02,Quang_Ngai,15.1214,108.8044,28.9,79,17.7,25,1005.5,0
2024-04-03,Quang_Ngai,15.1214,108.8044,29.3,77,17.6,32,1005.9,0
2024-04-04,Quang_Ngai,15.1214,108.8044,29.0,79,18.2,12,1006.0,0
2024-04-05,Quang_Ngai,15.1214,108.8044,28.4,76,22.7,45,1006.4,0
2024-04-06,Quang_Ngai,15.1214,108.8044,27.8,73,21.9,28,1007.2,0
2024-04-07,Quang_Ngai,15.1214,108.8044,27.8,79,19.8,53,1006.5,0
2024-04-08,Quang_Ngai,15.1214,108.8044,28.1,80,18.0,30,1008.0,0
2024-04-09,Quang_Ngai,15.1214,108.8044,27.8,80,15.5,35,1010.8,1
2024-04-10,Quang_Ngai,15.1214,108.8044,27.6,79,13.7,52,1012.0,1
2024-04-11,Quang_Ngai,15.1214,108.8044,27.6,78,15.5,22,1011.5,1
2024-04-12,Quang_Ngai,15.1214,108.8044,27.7,80,15.7,70,1010.2,0
2024-04-13,Quang_Ngai,15.1214,108.8044,27.8,80,18.4,44,1008.6,0
2024-04-14,Quang_Ngai,15.1214,108.8044,28.3,77,20.9,50,1008.3,0
2024-04-15,Quang_Ngai,15.1214,108.8044,28.6,76,22.6,34,1008.8,0
2024-04-16,Quang_Ngai,15.1214,108.8044,28.1,76,22.4,48,1007.9,0
2024-04-17,Quang_Ngai,15.1214,108.8044,29.2,72,22.4,51,1006.4,0
2024-04-18,Quang_Ngai,15.1214,108.8044,29.6,74,17.6,24,1005.3,0
2024-04-19,Quang_Ngai,15.1214,108.8044,29.9,74,20.1,26,1004.0,0
2024-04-20,Quang_Ngai,15.1214,108.8044,30.2,72,20.7,51,1003.6,0
2024-04-21,Quang_Ngai,15.1214,108.8044,30.7,71,18.3,73,1004.3,0
2024-04-22,Quang_Ngai,15.1214,108.8044,30.3,71,20.1,38,1004.5,0
2024-04-23,Quang_Ngai,15.1214,108.8044,30.7,72,18.5,31,1004.2,1
2024-04-24,Quang_Ngai,15.1214,108.8044,30.5,76,15.9,74,1004.9,0
2024-04-25,Quang_Ngai,15.1214,108.8044,31.2,72,17.6,32,1004.2,0
2024-04-26,Quang_Ngai,15.1214,108.8044,32.0,69,18.8,18,1002.9,0
2024-04-27,Quang_Ngai,15.1214,108.8044,31.9,66,14.7,13,1002.6,0
2024-04-28,Quang_Ngai,15.1214,108.8044,32.1,69,16.5,10,1004.0,0
2024-04-29,Quang_Ngai,15.1214,108.8044,32.1,67,18.0,16,1004.5,0
2024-04-30,Quang_Ngai,15.1214,108.8044,31.9,67,18.9,52,1002.1,0
2024-05-01,Quang_Ngai,15.1214,108.8044,32.0,68,18.8,65,1002.1,0
2024-05-02,Quang_Ngai,15.1214,108.8044,30.3,76,21.8,70,1005.2,1
2024-05-03,Quang_Ngai,15.1214,108.8044,29.5,79,21.3,50,1006.8,1
2024-05-04,Quang_Ngai,15.1214,108.8044,29.2,78,10.7,81,1005.2,1
2024-05-05,Quang_Ngai,15.1214,108.8044,30.4,74,20.1,83,1005.3,0
2024-05-06,Quang_Ngai,15.1214,108.8044,30.1,73,19.1,48,1008.1,1
2024-05-07,Quang_Ngai,15.1214,108.8044,29.1,76,16.2,94,1010.0,0
2024-05-08,Quang_Ngai,15.1214,108.8044,28.9,76,14.2,82,1009.6,1
2024-05-09,Quang_Ngai,15.1214,108.8044,29.4,73,16.2,50,1009.3,1
2024-05-10,Quang_Ngai,15.1214,108.8044,29.7,73,15.6,45,1009.2,1
2024-05-11,Quang_Ngai,15.1214,108.8044,30.1,73,17.7,32,1009.2,1
2024-05-12,Quang_Ngai,15.1214,108.8044,30.4,73,18.4,89,1008.3,1
2024-05-13,Quang_Ngai,15.1214,108.8044,30.3,73,15.5,91,1007.9,1
2024-05-14,Quang_Ngai,15.1214,108.8044,28.6,82,12.0,100,1008.9,1
2024-05-15,Quang_Ngai,15.1214,108.8044,29.0,80,13.4,83,1009.2,1
2024-05-16,Quang_Ngai,15.1214,108.8044,28.7,80,12.8,79,1009.2,1
2024-05-17,Quang_Ngai,15.1214,108.8044,28.5,83,12.5,95,1007.7,1
2024-05-18,Quang_Ngai,15.1214,108.8044,28.8,82,10.2,100,1005.2,1
2024-05-19,Quang_Ngai,15.1214,108.8044,30.4,77,10.5,86,1002.6,1
2024-05-20,Quang_Ngai,15.1214,108.8044,30.5,78,10.7,99,1003.3,1
2024-05-21,Quang_Ngai,15.1214,108.8044,27.4,90,10.1,98,1006.0,1
2024-05-22,Quang_Ngai,15.1214,108.8044,27.9,86,10.5,99,1006.5,1
2024-05-23,Quang_Ngai,15.1214,108.8044,27.2,91,10.0,99,1006.3,1
2024-05-24,Quang_Ngai,15.1214,108.8044,28.4,85,10.2,96,1006.7,1
2024-05-25,Quang_Ngai,15.1214,108.8044,28.7,82,15.5,78,1006.8,0
2024-05-26,Quang_Ngai,15.1214,108.8044,29.6,80,10.0,97,1005.9,0
2024-05-27,Quang_Ngai,15.1214,108.8044,30.9,75,13.8,47,1003.1,0
2024-05-28,Quang_Ngai,15.1214,108.8044,31.1,73,7.7,100,1002.3,1
2024-05-29,Quang_Ngai,15.1214,108.8044,31.1,75,10.1,100,1001.5,1
2024-05-30,Quang_Ngai,15.1214,108.8044,29.7,82,7.9,100,1001.4,1
2024-05-31,Quang_Ngai,15.1214,108.8044,28.4,84,4.7,100,1003.6,1
2024-06-01,Quang_Ngai,15.1214,108.8044,29.2,84,7.6,99,1006.8,1
2024-06-02,Quang_Ngai,15.1214,108.8044,29.6,81,9.2,96,1007.1,0
2024-06-03,Quang_Ngai,15.1214,108.8044,30.6,78,7.8,91,1005.0,1
2024-06-04,Quang_Ngai,15.1214,108.8044,30.8,75,12.9,83,1004.3,0
2024-06-05,Quang_Ngai,15.1214,108.8044,30.7,77,11.9,99,1005.3,1
2024-06-06,Quang_Ngai,15.1214,108.8044,30.4,76,8.8,100,1006.5,0
2024-06-07,Quang_Ngai,15.1214,108.8044,30.4,77,10.8,94,1004.8,1
2024-06-08,Quang_Ngai,15.1214,108.8044,30.2,76,13.0,100,1003.4,1
2024-06-09,Quang_Ngai,15.1214,108.8044,30.0,77,11.7,97,1003.4,1
2024-06-10,Quang_Ngai,15.1214,108.8044,29.4,81,9.4,100,1004.9,1
2024-06-11,Quang_Ngai,15.1214,108.8044,30.8,71,11.7,76,1005.6,1
2024-06-12,Quang_Ngai,15.1214,108.8044,31.4,70,9.3,71,1005.6,1
2024-06-13,Quang_Ngai,15.1214,108.8044,32.2,64,12.9,65,1003.8,1
2024-06-14,Quang_Ngai,15.1214,108.8044,32.6,64,17.6,54,1002.1,0
2024-06-15,Quang_Ngai,15.1214,108.8044,32.6,64,15.0,75,1002.3,1
2024-06-16,Quang_Ngai,15.1214,108.8044,32.4,67,14.2,91,1003.2,1
2024-06-17,Quang_Ngai,15.1214,108.8044,32.6,64,15.7,92,1003.5,0
2024-06-18,Quang_Ngai,15.1214,108.8044,32.2,65,10.5,97,1002.8,1
2024-06-19,Quang_Ngai,15.1214,108.8044,32.1,65,16.2,74,1002.3,1
2024-06-20,Quang_Ngai,15.1214,108.8044,31.3,70,13.4,91,1002.1,1
2024-06-21,Quang_Ngai,15.1214,108.8044,30.7,75,13.0,75,1001.9,1
2024-06-22,Quang_Ngai,15.1214,108.8044,29.3,80,12.6,81,1001.7,1
2024-06-23,Quang_Ngai,15.1214,108.8044,27.8,84,6.8,100,1002.1,1
2024-06-24,Quang_Ngai,15.1214,108.8044,29.5,78,8.4,100,1002.7,1
2024-06-25,Quang_Ngai,15.1214,108.8044,29.6,77,8.2,86,1003.6,1
2024-06-26,Quang_Ngai,15.1214,108.8044,28.9,81,13.2,78,1005.8,1
2024-06-27,Quang_Ngai,15.1214,108.8044,28.8,80,18.5,90,1007.3,0
2024-06-28,Quang_Ngai,15.1214,108.8044,29.5,76,21.4,81,1006.4,1
2024-06-29,Quang_Ngai,15.1214,108.8044,30.8,72,12.9,51,1005.4,1
2024-06-30,Quang_Ngai,15.1214,108.8044,31.1,71,12.6,90,1005.5,1
2024-07-01,Quang_Ngai,15.1214,108.8044,31.8,65,10.7,57,1003.9,1
2024-07-02,Quang_Ngai,15.1214,108.8044,31.4,67,18.5,84,1003.4,1
2024-07-03,Quang_Ngai,15.1214,108.8044,29.8,72,19.7,100,1006.3,1
2024-07-04,Quang_Ngai,15.1214,108.8044,29.2,72,16.8,79,1007.6,1
2024-07-05,Quang_Ngai,15.1214,108.8044,29.6,74,9.3,39,1005.5,1
2024-07-06,Quang_Ngai,15.1214,108.8044,29.6,75,12.1,52,1004.9,1
2024-07-07,Quang_Ngai,15.1214,108.8044,29.6,74,20.5,19,1005.6,1
2024-07-08,Quang_Ngai,15.1214,108.8044,29.6,75,14.5,71,1005.2,1
2024-07-09,Quang_Ngai,15.1214,108.8044,29.9,74,9.7,95,1005.6,1
2024-07-10,Quang_Ngai,15.1214,108.8044,30.2,73,14.5,75,1005.7,0
2024-07-11,Quang_Ngai,15.1214,108.8044,30.0,71,14.1,71,1004.3,1
2024-07-12,Quang_Ngai,15.1214,108.8044,29.9,75,13.7,67,1001.9,1
2024-07-13,Quang_Ngai,15.1214,108.8044,28.6,81,12.0,80,1001.3,1
2024-07-14,Quang_Ngai,15.1214,108.8044,25.9,94,6.4,100,1001.4,1
2024-07-15,Quang_Ngai,15.1214,108.8044,27.8,87,10.1,85,1000.4,1
2024-07-16,Quang_Ngai,15.1214,108.8044,27.6,86,10.8,83,1002.0,1
2024-07-17,Quang_Ngai,15.1214,108.8044,26.7,90,8.7,100,1002.4,1
2024-07-18,Quang_Ngai,15.1214,108.8044,27.5,88,13.7,95,1002.8,1
2024-07-19,Quang_Ngai,15.1214,108.8044,28.2,85,6.9,80,1002.9,1
2024-07-20,Quang_Ngai,15.1214,108.8044,27.9,86,10.6,98,1003.6,1
2024-07-21,Quang_Ngai,15.1214,108.8044,26.9,87,7.1,100,1002.3,1
2024-07-22,Quang_Ngai,15.1214,108.8044,28.9,84,11.9,97,1001.7,1
2024-07-23,Quang_Ngai,15.1214,108.8044,29.8,77,7.1,93,1000.3,1
2024-07-24,Quang_Ngai,15.1214,108.8044,30.0,71,8.3,100,998.0,0
2024-07-25,Quang_Ngai,15.1214,108.8044,30.3,67,11.2,94,996.7,0
2024-07-26,Quang_Ngai,15.1214,108.8044,30.6,71,8.2,97,997.8,0
2024-07-27,Quang_Ngai,15.1214,108.8044,30.5,74,14.3,100,1001.0,1
2024-07-28,Quang_Ngai,15.1214,108.8044,27.8,86,13.2,100,1002.3,1
2024-07-29,Quang_Ngai,15.1214,108.8044,29.0,82,9.0,100,1002.4,0
2024-07-30,Quang_Ngai,15.1214,108.8044,29.2,79,8.3,100,1003.9,1
2024-07-31,Quang_Ngai,15.1214,108.8044,29.8,75,7.6,98,1005.4,1
2024-08-01,Quang_Ngai,15.1214,108.8044,29.8,77,8.5,60,1006.2,1
2024-08-02,Quang_Ngai,15.1214,108.8044,30.2,74,9.7,37,1005.9,0
2024-08-03,Quang_Ngai,15.1214,108.8044,30.0,75,10.6,6,1006.4,1
2024-08-04,Quang_Ngai,15.1214,108.8044,29.3,79,11.9,36,1006.7,1
2024-08-05,Quang_Ngai,15.1214,108.8044,29.4,76,10.5,38,1005.7,1
2024-08-06,Quang_Ngai,15.1214,108.8044,29.8,75,14.3,39,1005.1,0
2024-08-07,Quang_Ngai,15.1214,108.8044,30.0,74,9.0,23,1005.5,1
2024-08-08,Quang_Ngai,15.1214,108.8044,31.2,71,8.6,6,1005.7,1
2024-08-09,Quang_Ngai,15.1214,108.8044,31.6,69,10.5,72,1004.4,1
2024-08-10,Quang_Ngai,15.1214,108.8044,31.7,68,12.3,48,1002.7,1
2024-08-11,Quang_Ngai,15.1214,108.8044,32.0,67,11.5,67,1001.2,1
2024-08-12,Quang_Ngai,15.1214,108.8044,31.2,70,13.9,78,1001.7,1
2024-08-13,Quang_Ngai,15.1214,108.8044,30.6,74,9.4,85,1004.0,1
2024-08-14,Quang_Ngai,15.1214,108.8044,30.8,74,13.6,50,1004.5,1
2024-08-15,Quang_Ngai,15.1214,108.8044,30.4,76,10.0,48,1003.9,1
2024-08-16,Quang_Ngai,15.1214,108.8044,29.9,78,11.7,93,1003.6,1
2024-08-17,Quang_Ngai,15.1214,108.8044,29.9,78,8.8,90,1005.3,1
2024-08-18,Quang_Ngai,15.1214,108.8044,30.5,75,11.7,79,1005.5,1
2024-08-19,Quang_Ngai,15.1214,108.8044,30.7,74,15.1,97,1004.5,0
2024-08-20,Quang_Ngai,15.1214,108.8044,30.7,73,11.8,99,1005.5,0
2024-08-21,Quang_Ngai,15.1214,108.8044,30.8,71,13.9,72,1006.7,1
2024-08-22,Quang_Ngai,15.1214,108.8044,30.3,73,18.0,73,1007.2,0
2024-08-23,Quang_Ngai,15.1214,108.8044,30.3,70,12.6,96,1008.1,1
2024-08-24,Quang_Ngai,15.1214,108.8044,30.0,71,14.7,88,1007.4,0
2024-08-25,Quang_Ngai,15.1214,108.8044,29.7,71,14.3,84,1006.3,1
2024-08-26,Quang_Ngai,15.1214,108.8044,30.0,71,15.2,57,1005.5,1
2024-08-27,Quang_Ngai,15.1214,108.8044,30.2,68,13.6,50,1005.4,1
2024-08-28,Quang_Ngai,15.1214,108.8044,30.5,68,12.4,80,1004.4,1
2024-08-29,Quang_Ngai,15.1214,108.8044,30.0,72,13.5,37,1004.1,1
2024-08-30,Quang_Ngai,15.1214,108.8044,29.4,73,10.3,59,1004.4,1
2024-08-31,Quang_Ngai,15.1214,108.8044,29.1,76,11.5,72,1005.0,1
2024-09-01,Quang_Ngai,15.1214,108.8044,28.9,77,16.2,60,1005.0,1
2024-09-02,Quang_Ngai,15.1214,108.8044,28.5,80,11.5,75,1005.5,1
2024-09-03,Quang_Ngai,15.1214,108.8044,27.7,85,11.3,67,1005.4,1
2024-09-04,Quang_Ngai,15.1214,108.8044,27.7,86,10.4,91,1002.6,1
2024-09-05,Quang_Ngai,15.1214,108.8044,29.1,78,12.4,100,999.5,1
2024-09-06,Quang_Ngai,15.1214,108.8044,29.5,76,8.9,100,997.5,0
2024-09-07,Quang_Ngai,15.1214,108.8044,31.1,64,11.8,100,999.6,0
2024-09-08,Quang_Ngai,15.1214,108.8044,30.6,71,11.6,96,1003.3,1
2024-09-09,Quang_Ngai,15.1214,108.8044,29.4,80,11.8,99,1003.6,1
2024-09-10,Quang_Ngai,15.1214,108.8044,28.3,86,7.9,100,1004.3,1
2024-09-11,Quang_Ngai,15.1214,108.8044,28.0,85,9.8,97,1006.0,1
2024-09-12,Quang_Ngai,15.1214,108.8044,28.5,81,12.0,80,1005.4,1
2024-09-13,Quang_Ngai,15.1214,108.8044,27.7,84,10.0,67,1003.6,1
2024-09-14,Quang_Ngai,15.1214,108.8044,27.0,87,9.4,100,1001.9,1
2024-09-15,Quang_Ngai,15.1214,108.8044,26.6,91,10.8,98,1001.3,1
2024-09-16,Quang_Ngai,15.1214,108.8044,26.9,88,13.0,68,1001.8,1
2024-09-17,Quang_Ngai,15.1214,108.8044,26.8,87,19.9,78,1001.2,1
2024-09-18,Quang_Ngai,15.1214,108.8044,25.4,94,14.8,100,998.0,1
2024-09-19,Quang_Ngai,15.1214,108.8044,27.4,87,12.3,84,996.0,1
2024-09-20,Quang_Ngai,15.1214,108.8044,28.3,84,8.3,75,999.1,1
2024-09-21,Quang_Ngai,15.1214,108.8044,27.4,91,7.3,100,1002.4,1
2024-09-22,Quang_Ngai,15.1214,108.8044,26.3,94,6.2,100,1003.7,1
2024-09-23,Quang_Ngai,15.1214,108.8044,27.0,90,4.5,100,1006.3,1
2024-09-24,Quang_Ngai,15.1214,108.8044,26.6,92,6.9,88,1008.5,1
2024-09-25,Quang_Ngai,15.1214,108.8044,26.8,88,8.7,53,1009.8,1
2024-09-26,Quang_Ngai,15.1214,108.8044,27.1,85,11.9,37,1009.7,1
2024-09-27,Quang_Ngai,15.1214,108.8044,27.3,86,11.7,77,1009.2,1
2024-09-28,Quang_Ngai,15.1214,108.8044,27.9,84,13.5,58,1007.6,1
2024-09-29,Quang_Ngai,15.1214,108.8044,28.3,86,9.0,52,1006.5,1
2024-09-30,Quang_Ngai,15.1214,108.8044,28.7,84,13.1,48,1005.2,0
2024-10-01,Quang_Ngai,15.1214,108.8044,28.4,84,12.5,75,1005.6,1
2024-10-02,Quang_Ngai,15.1214,108.8044,27.0,87,14.7,95,1009.0,1
2024-10-03,Quang_Ngai,15.1214,108.8044,25.1,90,14.7,93,1011.0,1
2024-10-04,Quang_Ngai,15.1214,108.8044,25.0,86,16.6,83,1011.2,1
2024-10-05,Quang_Ngai,15.1214,108.8044,25.0,86,14.1,88,1010.4,1
2024-10-06,Quang_Ngai,15.1214,108.8044,26.3,83,19.6,97,1010.5,1
2024-10-07,Quang_Ngai,15.1214,108.8044,25.4,89,16.0,99,1010.9,1
2024-10-08,Quang_Ngai,15.1214,108.8044,25.0,91,15.8,97,1011.0,1
2024-10-09,Quang_Ngai,15.1214,108.8044,25.3,89,17.3,82,1010.2,1
2024-10-10,Quang_Ngai,15.1214,108.8044,26.3,83,18.5,32,1009.5,1
2024-10-11,Quang_Ngai,15.1214,108.8044,25.3,91,10.0,91,1009.8,1
2024-10-12,Quang_Ngai,15.1214,108.8044,26.6,85,15.3,50,1010.6,1
2024-10-13,Quang_Ngai,15.1214,108.8044,26.3,86,16.3,62,1010.2,1
2024-10-14,Quang_Ngai,15.1214,108.8044,25.4,90,17.5,97,1008.9,1
2024-10-15,Quang_Ngai,15.1214,108.8044,25.8,90,12.8,94,1009.4,1
2024-10-16,Quang_Ngai,15.1214,108.8044,25.9,89,11.1,95,1009.9,1
2024-10-17,Quang_Ngai,15.1214,108.8044,26.0,89,10.4,87,1009.5,1
2024-10-18,Quang_Ngai,15.1214,108.8044,26.6,87,9.0,93,1009.2,1
2024-10-19,Quang_Ngai,15.1214,108.8044,26.3,86,15.1,88,1010.2,1
2024-10-20,Quang_Ngai,15.1214,108.8044,24.7,94,12.3,100,1010.9,1
2024-10-21,Quang_Ngai,15.1214,108.8044,24.6,94,12.6,100,1010.3,1
2024-10-22,Quang_Ngai,15.1214,108.8044,24.3,92,15.5,99,1010.0,1
2024-10-23,Quang_Ngai,15.1214,108.8044,25.2,87,18.1,94,1009.9,1
2024-10-24,Quang_Ngai,15.1214,108.8044,25.0,82,23.1,93,1008.4,1
2024-10-25,Quang_Ngai,15.1214,108.8044,24.1,76,18.5,91,1006.2,0
2024-10-26,Quang_Ngai,15.1214,108.8044,22.1,83,13.7,100,1001.9,1
2024-10-27,Quang_Ngai,15.1214,108.8044,22.7,87,18.1,99,997.2,1
2024-10-28,Quang_Ngai,15.1214,108.8044,23.3,87,9.4,89,1002.2,1
2024-10-29,Quang_Ngai,15.1214,108.8044,24.3,89,6.9,86,1003.7,1
2024-10-30,Quang_Ngai,15.1214,108.8044,25.6,90,9.4,90,1005.7,1
2024-10-31,Quang_Ngai,15.1214,108.8044,24.6,90,16.5,86,1007.2,1
2024-11-01,Quang_Ngai,15.1214,108.8044,25.0,79,19.9,75,1009.1,0
2024-11-02,Quang_Ngai,15.1214,108.8044,24.1,83,16.4,90,1012.1,1
2024-11-03,Quang_Ngai,15.1214,108.8044,23.5,92,11.5,100,1011.8,1
2024-11-04,Quang_Ngai,15.1214,108.8044,24.5,90,14.9,95,1011.4,1
2024-11-05,Quang_Ngai,15.1214,108.8044,23.2,96,9.3,100,1012.3,1
2024-11-06,Quang_Ngai,15.1214,108.8044,23.9,93,17.2,98,1013.4,1
2024-11-07,Quang_Ngai,15.1214,108.8044,24.8,83,21.0,86,1014.1,1
2024-11-08,Quang_Ngai,15.1214,108.8044,24.3,75,18.9,50,1013.6,1
2024-11-09,Quang_Ngai,15.1214,108.8044,23.6,78,13.3,60,1012.1,0
2024-11-10,Quang_Ngai,15.1214,108.8044,24.2,81,15.4,78,1011.2,0
2024-11-11,Quang_Ngai,15.1214,108.8044,25.7,81,22.3,52,1009.4,1
2024-11-12,Quang_Ngai,15.1214,108.8044,24.8,93,27.1,100,1007.8,1
2024-11-13,Quang_Ngai,15.1214,108.8044,25.5,90,10.5,95,1009.0,1
2024-11-14,Quang_Ngai,15.1214,108.8044,25.9,88,12.1,49,1009.2,1
2024-11-15,Quang_Ngai,15.1214,108.8044,25.6,87,13.4,86,1008.6,0
2024-11-16,Quang_Ngai,15.1214,108.8044,25.6,87,10.9,49,1009.1,0
2024-11-17,Quang_Ngai,15.1214,108.8044,25.2,84,18.4,58,1010.2,1
2024-11-18,Quang_Ngai,15.1214,108.8044,24.6,89,19.8,90,1011.3,1
2024-11-19,Quang_Ngai,15.1214,108.8044,24.4,91,20.5,92,1012.3,1
2024-11-20,Quang_Ngai,15.1214,108.8044,24.7,86,24.7,79,1012.2,1
2024-11-21,Quang_Ngai,15.1214,108.8044,24.0,93,20.3,98,1011.8,1
2024-11-22,Quang_Ngai,15.1214,108.8044,23.7,94,20.9,98,1012.3,1
2024-11-23,Quang_Ngai,15.1214,108.8044,23.8,94,20.4,99,1012.8,1
2024-11-24,Quang_Ngai,15.1214,108.8044,24.0,95,14.0,99,1012.4,1
2024-11-25,Quang_Ngai,15.1214,108.8044,25.1,90,12.4,93,1011.8,1
2024-11-26,Quang_Ngai,15.1214,108.8044,24.2,92,15.5,97,1012.6,1
2024-11-27,Quang_Ngai,15.1214,108.8044,24.4,85,22.3,98,1013.8,1
2024-11-28,Quang_Ngai,15.1214,108.8044,23.4,79,28.7,92,1016.4,1
2024-11-29,Quang_Ngai,15.1214,108.8044,22.4,72,22.3,97,1016.3,1
2024-11-30,Quang_Ngai,15.1214,108.8044,22.2,78,17.4,97,1013.4,1
2024-12-01,Quang_Ngai,15.1214,108.8044,23.2,80,15.0,81,1010.6,0
2024-12-02,Quang_Ngai,15.1214,108.8044,23.9,85,15.8,82,1010.4,1
2024-12-03,Quang_Ngai,15.1214,108.8044,24.2,85,16.7,83,1011.1,1
2024-12-04,Quang_Ngai,15.1214,108.8044,24.1,85,18.1,97,1011.0,1
2024-12-05,Quang_Ngai,15.1214,108.8044,24.1,87,19.5,91,1011.0,1
2024-12-06,Quang_Ngai,15.1214,108.8044,24.0,93,11.4,100,1010.9,1
2024-12-07,Quang_Ngai,15.1214,108.8044,24.4,86,15.6,95,1012.4,1
2024-12-08,Quang_Ngai,15.1214,108.8044,23.4,86,20.3,90,1014.2,1
2024-12-09,Quang_Ngai,15.1214,108.8044,23.0,89,18.0,97,1013.0,1
2024-12-10,Quang_Ngai,15.1214,108.8044,23.7,88,14.0,100,1010.9,1
2024-12-11,Quang_Ngai,15.1214,108.8044,23.6,95,14.3,100,1010.1,1
2024-12-12,Quang_Ngai,15.1214,108.8044,24.8,90,21.0,98,1010.3,1
2024-12-13,Quang_Ngai,15.1214,108.8044,24.4,91,22.2,98,1012.1,1
2024-12-14,Quang_Ngai,15.1214,108.8044,23.6,89,26.8,98,1015.2,1
2024-12-15,Quang_Ngai,15.1214,108.8044,21.3,93,26.7,100,1017.4,1
2024-12-16,Quang_Ngai,15.1214,108.8044,19.9,91,19.0,100,1017.5,1
2024-12-17,Quang_Ngai,15.1214,108.8044,20.8,91,13.0,99,1015.5,1
2024-12-18,Quang_Ngai,15.1214,108.8044,21.2,91,18.9,91,1015.0,1
2024-12-19,Quang_Ngai,15.1214,108.8044,21.2,89,18.6,94,1015.4,1
2024-12-20,Quang_Ngai,15.1214,108.8044,20.8,83,18.1,91,1014.6,1
2024-12-21,Quang_Ngai,15.1214,108.8044,20.7,82,20.1,99,1014.9,1
2024-12-22,Quang_Ngai,15.1214,108.8044,20.6,81,20.0,96,1014.5,1
2024-12-23,Quang_Ngai,15.1214,108.8044,20.1,91,18.9,100,1013.2,1
2024-12-24,Quang_Ngai,15.1214,108.8044,20.2,91,22.9,100,1014.5,1
2024-12-25,Quang_Ngai,15.1214,108.8044,20.8,89,14.8,100,1014.6,1
2024-12-26,Quang_Ngai,15.1214,108.8044,21.7,92,13.6,99,1015.5,1
2024-12-27,Quang_Ngai,15.1214,108.8044,22.7,95,21.8,100,1016.2,1
2024-12-28,Quang_Ngai,15.1214,108.8044,21.8,93,26.5,100,1017.8,1
2024-12-29,Quang_Ngai,15.1214,108.8044,21.1,85,18.6,96,1017.2,1
2024-12-30,Quang_Ngai,15.1214,108.8044,22.0,82,16.4,99,1015.8,1
2024-12-31,Quang_Ngai,15.1214,108.8044,20.8,89,19.0,97,1015.5,1
2025-01-01,Quang_Ngai,15.1214,108.8044,21.5,78,21.3,99,1013.8,1
2025-01-02,Quang_Ngai,15.1214,108.8044,21.6,84,14.4,100,1013.6,1
2025-01-03,Quang_Ngai,15.1214,108.8044,21.2,87,22.2,100,1015.0,1
2025-01-04,Quang_Ngai,15.1214,108.8044,20.7,79,21.1,86,1014.8,1
2025-01-05,Quang_Ngai,15.1214,108.8044,20.5,77,21.7,89,1015.8,0
2025-01-06,Quang_Ngai,15.1214,108.8044,20.9,79,16.5,76,1014.7,1
2025-01-07,Quang_Ngai,15.1214,108.8044,20.8,87,10.9,76,1014.1,1
2025-01-08,Quang_Ngai,15.1214,108.8044,21.5,85,13.9,35,1014.2,1
2025-01-09,Quang_Ngai,15.1214,108.8044,21.8,89,14.6,96,1015.9,1
2025-01-10,Quang_Ngai,15.1214,108.8044,21.4,79,21.6,82,1020.1,1
2025-01-11,Quang_Ngai,15.1214,108.8044,19.8,80,28.0,80,1022.0,1
2025-01-12,Quang_Ngai,15.1214,108.8044,19.2,70,24.8,81,1020.8,1
2025-01-13,Quang_Ngai,15.1214,108.8044,19.0,77,18.3,99,1017.6,1
2025-01-14,Quang_Ngai,15.1214,108.8044,21.2,80,17.3,100,1015.8,1
2025-01-15,Quang_Ngai,15.1214,108.8044,21.4,92,21.1,100,1016.5,1
2025-01-16,Quang_Ngai,15.1214,108.8044,20.7,89,23.8,100,1018.8,1
2025-01-17,Quang_Ngai,15.1214,108.8044,20.8,76,19.4,84,1017.0,1
2025-01-18,Quang_Ngai,15.1214,108.8044,20.6,77,16.8,93,1014.9,0
2025-01-19,Quang_Ngai,15.1214,108.8044,20.2,78,16.0,22,1013.6,1
2025-01-20,Quang_Ngai,15.1214,108.8044,19.1,82,14.1,74,1012.7,1
2025-01-21,Quang_Ngai,15.1214,108.8044,19.6,78,12.5,65,1012.8,0
2025-01-22,Quang_Ngai,15.1214,108.8044,19.1,83,10.4,52,1012.9,1
2025-01-23,Quang_Ngai,15.1214,108.8044,19.9,82,11.8,84,1012.5,0
2025-01-24,Quang_Ngai,15.1214,108.8044,20.3,87,12.8,47,1010.5,0
2025-01-25,Quang_Ngai,15.1214,108.8044,21.1,88,13.5,42,1010.7,0
2025-01-26,Quang_Ngai,15.1214,108.8044,21.5,85,16.4,48,1014.2,1
2025-01-27,Quang_Ngai,15.1214,108.8044,18.9,87,21.3,93,1016.8,1
2025-01-28,Quang_Ngai,15.1214,108.8044,19.2,80,19.5,94,1018.5,1
2025-01-29,Quang_Ngai,15.1214,108.8044,19.6,84,17.8,79,1018.5,1
2025-01-30,Quang_Ngai,15.1214,108.8044,20.1,84,11.5,67,1014.2,1
2025-01-31,Quang_Ngai,15.1214,108.8044,20.5,84,12.6,58,1011.4,0
2025-02-01,Quang_Ngai,15.1214,108.8044,20.6,86,9.2,52,1009.9,0
2025-02-02,Quang_Ngai,15.1214,108.8044,21.0,88,13.3,51,1010.0,0
2025-02-03,Quang_Ngai,15.1214,108.8044,22.1,86,17.1,66,1013.2,1
2025-02-04,Quang_Ngai,15.1214,108.8044,20.9,88,17.4,98,1015.9,1
2025-02-05,Quang_Ngai,15.1214,108.8044,20.9,85,9.9,84,1013.9,1
2025-02-06,Quang_Ngai,15.1214,108.8044,21.0,83,11.7,51,1012.7,1
2025-02-07,Quang_Ngai,15.1214,108.8044,21.0,85,18.9,74,1014.3,1
2025-02-08,Quang_Ngai,15.1214,108.8044,21.5,81,26.0,92,1016.4,1
2025-02-09,Quang_Ngai,15.1214,108.8044,20.7,79,23.8,80,1016.8,1
2025-02-10,Quang_Ngai,15.1214,108.8044,20.4,79,16.4,100,1016.0,1
2025-02-11,Quang_Ngai,15.1214,108.8044,21.7,82,18.9,100,1014.0,1
2025-02-12,Quang_Ngai,15.1214,108.8044,23.0,87,18.6,98,1012.6,1
2025-02-13,Quang_Ngai,15.1214,108.8044,22.5,90,18.5,100,1013.4,1
2025-02-14,Quang_Ngai,15.1214,108.8044,22.7,89,15.8,93,1012.5,1
2025-02-15,Quang_Ngai,15.1214,108.8044,23.9,88,12.6,68,1010.9,1
2025-02-16,Quang_Ngai,15.1214,108.8044,23.4,89,14.2,76,1012.9,1
2025-02-17,Quang_Ngai,15.1214,108.8044,23.0,84,15.1,59,1015.0,1
2025-02-18,Quang_Ngai,15.1214,108.8044,22.2,89,16.1,86,1015.5,1
2025-02-19,Quang_Ngai,15.1214,108.8044,22.3,90,15.2,94,1015.1,1
2025-02-20,Quang_Ngai,15.1214,108.8044,22.7,88,14.3,77,1015.2,1
2025-02-21,Quang_Ngai,15.1214,108.8044,22.9,90,16.0,96,1015.5,1
2025-02-22,Quang_Ngai,15.1214,108.8044,23.2,91,14.6,99,1016.0,1
2025-02-23,Quang_Ngai,15.1214,108.8044,23.0,93,20.3,100,1017.5,1
2025-02-24,Quang_Ngai,15.1214,108.8044,22.1,92,23.6,100,1019.3,1
2025-02-25,Quang_Ngai,15.1214,108.8044,22.8,86,17.3,98,1019.2,1
2025-02-26,Quang_Ngai,15.1214,108.8044,23.1,87,13.8,86,1018.0,1
2025-02-27,Quang_Ngai,15.1214,108.8044,23.1,85,11.7,82,1015.0,1
2025-02-28,Quang_Ngai,15.1214,108.8044,23.1,85,15.3,59,1013.3,0
2025-03-01,Quang_Ngai,15.1214,108.8044,23.5,88,18.2,51,1010.7,0
2025-03-02,Quang_Ngai,15.1214,108.8044,24.2,86,19.2,46,1008.7,0
2025-03-03,Quang_Ngai,15.1214,108.8044,25.0,87,17.2,82,1007.3,0
2025-03-04,Quang_Ngai,15.1214,108.8044,26.0,87,12.2,69,1006.3,0
2025-03-05,Quang_Ngai,15.1214,108.8044,26.2,89,19.0,83,1006.7,0
2025-03-06,Quang_Ngai,15.1214,108.8044,25.9,88,19.2,68,1010.7,1
2025-03-07,Quang_Ngai,15.1214,108.8044,22.4,86,26.9,100,1013.7,1
2025-03-08,Quang_Ngai,15.1214,108.8044,22.7,81,20.1,98,1014.4,1
2025-03-09,Quang_Ngai,15.1214,108.8044,23.1,87,15.9,91,1015.4,1
2025-03-10,Quang_Ngai,15.1214,108.8044,22.9,95,10.5,100,1015.3,1
2025-03-11,Quang_Ngai,15.1214,108.8044,24.8,90,13.8,60,1012.3,1
2025-03-12,Quang_Ngai,15.1214,108.8044,25.3,88,16.3,66,1010.0,0
2025-03-13,Quang_Ngai,15.1214,108.8044,25.6,87,18.9,57,1009.6,0
2025-03-14,Quang_Ngai,15.1214,108.8044,25.3,87,19.7,87,1010.4,0
2025-03-15,Quang_Ngai,15.1214,108.8044,25.8,88,12.6,62,1009.8,0
2025-03-16,Quang_Ngai,15.1214,108.8044,24.4,90,17.6,83,1012.1,1
2025-03-17,Quang_Ngai,15.1214,108.8044,21.8,89,18.7,99,1014.6,1
2025-03-18,Quang_Ngai,15.1214,108.8044,21.7,90,19.3,100,1016.5,1
2025-03-19,Quang_Ngai,15.1214,108.8044,20.7,84,21.8,100,1019.4,1
2025-03-20,Quang_Ngai,15.1214,108.8044,21.0,78,22.9,94,1019.6,1
2025-03-21,Quang_Ngai,15.1214,108.8044,21.5,74,21.1,87,1018.6,0
2025-03-22,Quang_Ngai,15.1214,108.8044,21.7,80,17.1,83,1016.6,1
2025-03-23,Quang_Ngai,15.1214,108.8044,22.8,81,15.5,58,1014.6,0
2025-03-24,Quang_Ngai,15.1214,108.8044,22.2,83,13.2,29,1011.9,0
2025-03-25,Quang_Ngai,15.1214,108.8044,21.9,84,16.8,28,1007.7,0
2025-03-26,Quang_Ngai,15.1214,108.8044,23.6,85,16.3,72,1005.2,0
2025-03-27,Quang_Ngai,15.1214,108.8044,26.3,83,12.7,67,1003.4,0
2025-03-28,Quang_Ngai,15.1214,108.8044,26.7,84,14.5,20,1004.9,0
2025-03-29,Quang_Ngai,15.1214,108.8044,26.1,87,18.1,83,1008.9,1
2025-03-30,Quang_Ngai,15.1214,108.8044,24.4,90,20.7,100,1012.5,1
2025-03-31,Quang_Ngai,15.1214,108.8044,22.9,78,20.1,100,1013.6,1
2025-04-01,Quang_Ngai,15.1214,108.8044,22.0,85,18.3,86,1013.7,1
2025-04-02,Quang_Ngai,15.1214,108.8044,22.1,80,17.3,96,1014.7,0
2025-04-03,Quang_Ngai,15.1214,108.8044,22.9,82,14.2,76,1014.6,1
2025-04-04,Quang_Ngai,15.1214,108.8044,22.7,86,11.8,44,1011.8,1
2025-04-05,Quang_Ngai,15.1214,108.8044,24.4,85,16.3,28,1010.2,0
2025-04-06,Quang_Ngai,15.1214,108.8044,25.0,86,15.2,72,1011.6,1
2025-04-07,Quang_Ngai,15.1214,108.8044,25.0,88,14.2,64,1012.8,1
2025-04-08,Quang_Ngai,15.1214,108.8044,25.6,86,14.6,63,1012.9,1
2025-04-09,Quang_Ngai,15.1214,108.8044,26.1,83,15.6,72,1009.7,0
2025-04-10,Quang_Ngai,15.1214,108.8044,26.7,85,9.5,89,1006.5,0
2025-04-11,Quang_Ngai,15.1214,108.8044,27.4,84,16.7,63,1005.4,0
2025-04-12,Quang_Ngai,15.1214,108.8044,28.6,80,13.1,89,1006.1,0
2025-04-13,Quang_Ngai,15.1214,108.8044,25.3,80,30.4,99,1011.1,1
2025-04-14,Quang_Ngai,15.1214,108.8044,24.4,75,17.0,83,1012.0,0
2025-04-15,Quang_Ngai,15.1214,108.8044,24.1,79,13.0,61,1011.0,0
2025-04-16,Quang_Ngai,15.1214,108.8044,25.3,80,17.7,72,1008.5,0
2025-04-17,Quang_Ngai,15.1214,108.8044,27.4,82,13.6,88,1006.5,0
2025-04-18,Quang_Ngai,15.1214,108.8044,28.6,82,13.0,74,1005.9,1
2025-04-19,Quang_Ngai,15.1214,108.8044,27.9,84,19.5,72,1006.3,0
2025-04-20,Quang_Ngai,15.1214,108.8044,27.4,80,23.2,77,1007.3,0
2025-04-21,Quang_Ngai,15.1214,108.8044,27.6,76,20.8,65,1008.9,0
2025-04-22,Quang_Ngai,15.1214,108.8044,27.9,76,20.2,92,1008.0,0
2025-04-23,Quang_Ngai,15.1214,108.8044,28.3,76,17.9,32,1006.6,0
2025-04-24,Quang_Ngai,15.1214,108.8044,28.9,77,14.1,73,1006.1,0
2025-04-25,Quang_Ngai,15.1214,108.8044,28.8,79,10.2,72,1007.2,1
2025-04-26,Quang_Ngai,15.1214,108.8044,28.3,82,19.0,55,1009.0,0
2025-04-27,Quang_Ngai,15.1214,108.8044,27.9,79,19.5,85,1009.2,0
2025-04-28,Quang_Ngai,15.1214,108.8044,27.8,79,19.5,61,1008.5,0
2025-04-29,Quang_Ngai,15.1214,108.8044,27.5,78,14.8,79,1009.5,0
2025-04-30,Quang_Ngai,15.1214,108.8044,27.7,78,13.8,75,1009.2,1
2025-05-01,Quang_Ngai,15.1214,108.8044,28.3,78,15.9,58,1010.0,1
2025-05-02,Quang_Ngai,15.1214,108.8044,28.3,77,15.3,45,1008.9,1
2025-05-03,Quang_Ngai,15.1214,108.8044,28.8,76,19.0,78,1007.1,0
2025-05-04,Quang_Ngai,15.1214,108.8044,29.2,77,22.4,76,1005.8,1
2025-05-05,Quang_Ngai,15.1214,108.8044,29.5,73,19.0,91,1005.4,1
2025-05-06,Quang_Ngai,15.1214,108.8044,30.4,71,14.3,40,1005.0,0
2025-05-07,Quang_Ngai,15.1214,108.8044,30.5,74,10.9,84,1004.1,1
2025-05-08,Quang_Ngai,15.1214,108.8044,30.7,77,15.6,78,1004.1,1
2025-05-09,Quang_Ngai,15.1214,108.8044,30.7,77,8.5,77,1004.3,1
2025-05-10,Quang_Ngai,15.1214,108.8044,29.1,80,11.4,92,1005.3,1
2025-05-11,Quang_Ngai,15.1214,108.8044,27.2,86,11.1,100,1005.9,1
2025-05-12,Quang_Ngai,15.1214,108.8044,27.2,82,18.0,85,1006.6,1
2025-05-13,Quang_Ngai,15.1214,108.8044,27.1,85,11.8,99,1008.0,1
2025-05-14,Quang_Ngai,15.1214,108.8044,27.3,87,13.8,98,1008.5,1
2025-05-15,Quang_Ngai,15.1214,108.8044,28.1,85,12.2,95,1008.6,1
2025-05-16,Quang_Ngai,15.1214,108.8044,28.7,81,14.4,78,1007.9,1
2025-05-17,Quang_Ngai,15.1214,108.8044,29.0,79,20.0,32,1007.7,1
2025-05-18,Quang_Ngai,15.1214,108.8044,29.6,75,20.6,62,1007.4,0
2025-05-19,Quang_Ngai,15.1214,108.8044,29.8,76,19.0,39,1006.2,1
2025-05-20,Quang_Ngai,15.1214,108.8044,29.6,75,21.0,75,1006.2,1
2025-05-21,Quang_Ngai,15.1214,108.8044,29.9,74,18.8,60,1006.0,1
2025-05-22,Quang_Ngai,15.1214,108.8044,29.7,76,18.7,97,1004.6,1
2025-05-23,Quang_Ngai,15.1214,108.8044,29.9,74,21.7,92,1003.5,1
2025-05-24,Quang_Ngai,15.1214,108.8044,30.1,71,24.0,93,1005.5,1
2025-05-25,Quang_Ngai,15.1214,108.8044,29.0,76,20.0,79,1008.2,1
2025-05-26,Quang_Ngai,15.1214,108.8044,27.4,84,16.3,90,1009.1,1
2025-05-27,Quang_Ngai,15.1214,108.8044,28.0,83,12.7,85,1007.5,1
2025-05-28,Quang_Ngai,15.1214,108.8044,28.1,84,13.8,97,1005.9,1
2025-05-29,Quang_Ngai,15.1214,108.8044,27.5,85,11.4,100,1005.2,1
2025-05-30,Quang_Ngai,15.1214,108.8044,28.5,81,9.0,100,1005.8,1
2025-05-31,Quang_Ngai,15.1214,108.8044,30.0,76,8.3,97,1005.1,1
2025-06-01,Quang_Ngai,15.1214,108.8044,31.0,66,13.4,89,1003.0,0
2025-06-02,Quang_Ngai,15.1214,108.8044,32.1,60,11.2,81,1001.7,0
2025-06-03,Quang_Ngai,15.1214,108.8044,31.7,64,15.1,78,1002.5,1
2025-06-04,Quang_Ngai,15.1214,108.8044,30.7,71,10.8,99,1004.5,1
2025-06-05,Quang_Ngai,15.1214,108.8044,30.0,74,11.9,79,1005.6,1
2025-06-06,Quang_Ngai,15.1214,108.8044,29.6,78,9.3,72,1005.3,1
2025-06-07,Quang_Ngai,15.1214,108.8044,29.9,77,14.0,40,1004.5,1
2025-06-08,Quang_Ngai,15.1214,108.8044,29.4,80,12.1,54,1003.6,1
2025-06-09,Quang_Ngai,15.1214,108.8044,29.1,79,12.3,82,1002.6,1
2025-06-10,Quang_Ngai,15.1214,108.8044,28.1,82,8.2,100,1001.5,1
2025-06-11,Quang_Ngai,15.1214,108.8044,25.8,95,14.4,100,998.4,1
2025-06-12,Quang_Ngai,15.1214,108.8044,24.7,95,22.1,100,995.9,1
2025-06-13,Quang_Ngai,15.1214,108.8044,27.1,81,14.3,100,999.4,1
2025-06-14,Quang_Ngai,15.1214,108.8044,29.8,73,13.3,100,1002.9,1
2025-06-15,Quang_Ngai,15.1214,108.8044,29.7,78,12.0,96,1003.7,0
2025-06-16,Quang_Ngai,15.1214,108.8044,29.9,80,15.0,85,1004.8,0
2025-06-17,Quang_Ngai,15.1214,108.8044,29.3,84,16.2,85,1005.9,1
2025-06-18,Quang_Ngai,15.1214,108.8044,28.7,85,13.5,91,1006.0,1
2025-06-19,Quang_Ngai,15.1214,108.8044,28.7,83,9.9,96,1005.1,0
2025-06-20,Quang_Ngai,15.1214,108.8044,28.6,86,12.1,98,1005.1,1
2025-06-21,Quang_Ngai,15.1214,108.8044,28.4,83,20.4,72,1005.2,1
2025-06-22,Quang_Ngai,15.1214,108.8044,27.8,85,13.5,46,1005.4,1
2025-06-23,Quang_Ngai,15.1214,108.8044,28.0,84,7.4,86,1004.5,1
2025-06-24,Quang_Ngai,15.1214,108.8044,28.2,84,8.3,77,1004.6,1
2025-06-25,Quang_Ngai,15.1214,108.8044,27.6,84,7.9,48,1005.3,1
2025-06-26,Quang_Ngai,15.1214,108.8044,28.2,81,11.4,73,1004.8,1
2025-06-27,Quang_Ngai,15.1214,108.8044,28.4,82,8.1,81,1004.1,1
2025-06-28,Quang_Ngai,15.1214,108.8044,28.6,80,10.4,99,1003.1,1
2025-06-29,Quang_Ngai,15.1214,108.8044,28.9,78,9.9,99,1001.7,1
2025-06-30,Quang_Ngai,15.1214,108.8044,29.0,78,9.3,100,1002.2,1
2025-07-01,Quang_Ngai,15.1214,108.8044,27.9,85,10.0,93,1003.4,1
2025-07-02,Quang_Ngai,15.1214,108.8044,27.4,87,8.7,98,1004.9,1
2025-07-03,Quang_Ngai,15.1214,108.8044,27.0,88,11.5,100,1004.6,1
2025-07-04,Quang_Ngai,15.1214,108.8044,27.7,85,9.2,97,1003.9,1
2025-07-05,Quang_Ngai,15.1214,108.8044,27.8,85,15.2,93,1003.0,1
2025-07-06,Quang_Ngai,15.1214,108.8044,28.3,86,11.6,99,1003.2,1
2025-07-07,Quang_Ngai,15.1214,108.8044,29.4,80,11.5,84,1003.4,1
2025-07-08,Quang_Ngai,15.1214,108.8044,30.5,75,8.4,78,1002.3,0
2025-07-09,Quang_Ngai,15.1214,108.8044,30.8,70,11.0,74,1001.0,1
2025-07-10,Quang_Ngai,15.1214,108.8044,30.6,69,9.9,94,998.3,0
2025-07-11,Quang_Ngai,15.1214,108.8044,30.1,71,15.1,100,998.5,1
2025-07-12,Quang_Ngai,15.1214,108.8044,29.6,79,8.6,71,1002.3,1
2025-07-13,Quang_Ngai,15.1214,108.8044,29.2,82,14.1,63,1004.0,1
2025-07-14,Quang_Ngai,15.1214,108.8044,29.4,80,8.5,74,1003.6,1
2025-07-15,Quang_Ngai,15.1214,108.8044,29.8,78,10.3,87,1002.4,1
2025-07-16,Quang_Ngai,15.1214,108.8044,30.3,76,13.9,55,1002.9,1
2025-07-17,Quang_Ngai,15.1214,108.8044,29.4,82,12.6,65,1003.4,1
2025-07-18,Quang_Ngai,15.1214,108.8044,30.2,76,7.1,91,1000.7,1
2025-07-19,Quang_Ngai,15.1214,108.8044,30.5,70,10.5,97,996.7,1
2025-07-20,Quang_Ngai,15.1214,108.8044,30.6,67,8.3,100,996.0,1
2025-07-21,Quang_Ngai,15.1214,108.8044,31.9,56,16.9,100,996.1,0
2025-07-22,Quang_Ngai,15.1214,108.8044,31.5,57,16.6,100,996.9,0
2025-07-23,Quang_Ngai,15.1214,108.8044,31.4,65,14.0,100,999.1,1
2025-07-24,Quang_Ngai,15.1214,108.8044,29.2,75,11.1,100,1000.7,1
2025-07-25,Quang_Ngai,15.1214,108.8044,29.2,78,13.0,100,1001.1,1
2025-07-26,Quang_Ngai,15.1214,108.8044,27.3,87,10.9,90,1001.5,1
2025-07-27,Quang_Ngai,15.1214,108.8044,29.5,77,9.2,99,1000.7,1
2025-07-28,Quang_Ngai,15.1214,108.8044,30.3,70,12.2,95,999.9,0
2025-07-29,Quang_Ngai,15.1214,108.8044,31.6,63,13.5,91,999.1,1
2025-07-30,Quang_Ngai,15.1214,108.8044,30.6,69,16.9,99,999.6,1
2025-07-31,Quang_Ngai,15.1214,108.8044,30.9,67,12.9,93,999.8,0
2025-08-01,Quang_Ngai,15.1214,108.8044,32.0,64,15.4,93,999.8,0
2025-08-02,Quang_Ngai,15.1214,108.8044,32.5,61,13.2,80,1001.8,1
2025-08-03,Quang_Ngai,15.1214,108.8044,32.4,62,12.1,100,1003.1,1
2025-08-04,Quang_Ngai,15.1214,108.8044,32.5,59,15.5,100,1003.0,1
2025-08-05,Quang_Ngai,15.1214,108.8044,32.0,64,17.2,98,1003.1,0
2025-08-06,Quang_Ngai,15.1214,108.8044,31.6,65,18.1,100,1004.2,1
2025-08-07,Quang_Ngai,15.1214,108.8044,31.4,66,14.1,60,1006.0,1
2025-08-08,Quang_Ngai,15.1214,108.8044,30.3,68,12.9,59,1007.0,1
2025-08-09,Quang_Ngai,15.1214,108.8044,30.7,66,14.6,83,1006.0,1
2025-08-10,Quang_Ngai,15.1214,108.8044,30.5,68,13.3,73,1004.7,1
2025-08-11,Quang_Ngai,15.1214,108.8044,30.2,71,14.1,59,1003.9,1
2025-08-12,Quang_Ngai,15.1214,108.8044,30.0,74,12.8,67,1004.3,1
2025-08-13,Quang_Ngai,15.1214,108.8044,29.9,73,11.7,81,1005.1,1
2025-08-14,Quang_Ngai,15.1214,108.8044,30.3,67,13.9,100,1003.7,1
2025-08-15,Quang_Ngai,15.1214,108.8044,29.6,70,17.5,100,1003.0,1
2025-08-16,Quang_Ngai,15.1214,108.8044,28.2,79,19.6,99,1003.1,1
2025-08-17,Quang_Ngai,15.1214,108.8044,26.7,87,11.4,100,1003.3,1
2025-08-18,Quang_Ngai,15.1214,108.8044,27.8,84,9.7,100,1004.8,1
2025-08-19,Quang_Ngai,15.1214,108.8044,28.6,82,8.9,49,1006.5,1
2025-08-20,Quang_Ngai,15.1214,108.8044,29.2,79,17.9,99,1007.0,0
2025-08-21,Quang_Ngai,15.1214,108.8044,28.2,77,19.0,96,1008.2,1
2025-08-22,Quang_Ngai,15.1214,108.8044,28.3,77,13.3,78,1006.8,1
2025-08-23,Quang_Ngai,15.1214,108.8044,28.0,81,12.6,87,1005.5,1
2025-08-24,Quang_Ngai,15.1214,108.8044,28.3,75,8.5,100,1001.3,0
2025-08-25,Quang_Ngai,15.1214,108.8044,29.6,69,15.4,100,1000.7,1
2025-08-26,Quang_Ngai,15.1214,108.8044,29.5,71,19.0,100,1004.4,1
2025-08-27,Quang_Ngai,15.1214,108.8044,26.7,86,12.0,93,1006.0,1
2025-08-28,Quang_Ngai,15.1214,108.8044,27.6,81,17.6,78,1004.6,1
2025-08-29,Quang_Ngai,15.1214,108.8044,26.6,87,16.6,100,1003.3,1
2025-08-30,Quang_Ngai,15.1214,108.8044,27.3,87,19.9,94,1001.9,1
2025-08-31,Quang_Ngai,15.1214,108.8044,27.3,87,15.0,74,1004.3,1
2025-09-01,Quang_Ngai,15.1214,108.8044,27.1,89,11.2,91,1004.2,1
2025-09-02,Quang_Ngai,15.1214,108.8044,27.0,88,10.0,81,1005.1,1
2025-09-03,Quang_Ngai,15.1214,108.8044,27.4,87,12.2,56,1005.4,1
2025-09-04,Quang_Ngai,15.1214,108.8044,27.3,86,10.9,94,1005.5,1
2025-09-05,Quang_Ngai,15.1214,108.8044,26.9,87,10.9,98,1005.5,1
2025-09-06,Quang_Ngai,15.1214,108.8044,26.5,90,10.6,100,1005.8,1
2025-09-07,Quang_Ngai,15.1214,108.8044,26.9,89,9.4,100,1005.0,1
2025-09-08,Quang_Ngai,15.1214,108.8044,27.5,88,9.2,100,1005.4,1
2025-09-09,Quang_Ngai,15.1214,108.8044,28.5,83,6.7,97,1006.9,1
2025-09-10,Quang_Ngai,15.1214,108.8044,28.2,83,10.7,95,1008.0,1
2025-09-11,Quang_Ngai,15.1214,108.8044,27.6,84,14.7,49,1008.1,1
2025-09-12,Quang_Ngai,15.1214,108.8044,27.4,82,11.8,45,1008.2,1
2025-09-13,Quang_Ngai,15.1214,108.8044,27.2,85,8.5,94,1008.5,1
2025-09-14,Quang_Ngai,15.1214,108.8044,27.2,87,14.2,100,1008.8,1
2025-09-15,Quang_Ngai,15.1214,108.8044,27.0,86,12.6,71,1008.7,1
2025-09-16,Quang_Ngai,15.1214,108.8044,26.8,84,17.9,100,1007.6,1
2025-09-17,Quang_Ngai,15.1214,108.8044,25.5,93,11.5,99,1006.3,1
2025-09-18,Quang_Ngai,15.1214,108.8044,26.0,91,13.7,100,1005.5,1
2025-09-19,Quang_Ngai,15.1214,108.8044,26.8,88,9.5,86,1006.1,1
2025-09-20,Quang_Ngai,15.1214,108.8044,27.2,88,9.3,59,1005.8,1
2025-09-21,Quang_Ngai,15.1214,108.8044,27.3,89,10.1,99,1004.9,1
2025-09-22,Quang_Ngai,15.1214,108.8044,26.8,90,9.4,95,1004.9,1
2025-09-23,Quang_Ngai,15.1214,108.8044,26.5,90,7.3,99,1003.2,1
2025-09-24,Quang_Ngai,15.1214,108.8044,27.4,88,7.3,99,1000.7,1
2025-09-25,Quang_Ngai,15.1214,108.8044,27.5,90,9.2,100,1002.5,1
2025-09-26,Quang_Ngai,15.1214,108.8044,26.5,90,10.8,100,1006.4,1
2025-09-27,Quang_Ngai,15.1214,108.8044,25.0,93,19.9,100,1005.0,1
2025-09-28,Quang_Ngai,15.1214,108.8044,25.9,87,21.7,100,998.3,1
2025-09-29,Quang_Ngai,15.1214,108.8044,28.3,77,25.7,100,1004.6,1
2025-09-30,Quang_Ngai,15.1214,108.8044,27.6,84,18.0,91,1008.5,1
2025-10-01,Quang_Ngai,15.1214,108.8044,26.9,85,13.9,46,1009.4,1
2025-10-02,Quang_Ngai,15.1214,108.8044,27.1,81,13.9,31,1009.7,1
2025-10-03,Quang_Ngai,15.1214,108.8044,27.4,84,11.6,64,1009.5,1
2025-10-04,Quang_Ngai,15.1214,108.8044,26.6,86,9.8,96,1009.1,1
2025-10-05,Quang_Ngai,15.1214,108.8044,27.2,84,15.2,100,1006.5,0
2025-10-06,Quang_Ngai,15.1214,108.8044,27.9,83,12.2,100,1007.1,1
2025-10-07,Quang_Ngai,15.1214,108.8044,27.1,86,13.2,68,1009.6,1
2025-10-08,Quang_Ngai,15.1214,108.8044,26.8,82,18.0,96,1009.9,1
2025-10-09,Quang_Ngai,15.1214,108.8044,25.2,90,14.1,87,1009.5,1
2025-10-10,Quang_Ngai,15.1214,108.8044,25.5,89,14.3,76,1008.7,1
2025-10-11,Quang_Ngai,15.1214,108.8044,26.4,88,11.0,91,1008.0,1
2025-10-12,Quang_Ngai,15.1214,108.8044,26.3,89,12.1,99,1008.0,1
2025-10-13,Quang_Ngai,15.1214,108.8044,26.2,90,8.4,82,1008.4,1
2025-10-14,Quang_Ngai,15.1214,108.8044,26.8,88,13.2,84,1008.6,1
2025-10-15,Quang_Ngai,15.1214,108.8044,26.2,88,13.3,57,1008.9,1
2025-10-16,Quang_Ngai,15.1214,108.8044,25.9,88,12.9,99,1009.5,1
2025-10-17,Quang_Ngai,15.1214,108.8044,25.5,90,10.7,96,1009.6,1
2025-10-18,Quang_Ngai,15.1214,108.8044,25.3,88,17.0,98,1009.0,1
2025-10-19,Quang_Ngai,15.1214,108.8044,24.4,93,19.3,97,1008.1,1
2025-10-20,Quang_Ngai,15.1214,108.8044,24.7,93,19.3,99,1007.2,1
2025-10-21,Quang_Ngai,15.1214,108.8044,26.4,81,30.8,87,1007.1,1
2025-10-22,Quang_Ngai,15.1214,108.8044,25.6,79,31.2,97,1008.1,0
2025-10-23,Quang_Ngai,15.1214,108.8044,25.5,83,22.2,100,1009.1,1
2025-10-24,Quang_Ngai,15.1214,108.8044,24.7,92,18.5,100,1010.8,1
2025-10-25,Quang_Ngai,15.1214,108.8044,24.1,93,20.5,100,1010.4,1
2025-10-26,Quang_Ngai,15.1214,108.8044,24.7,94,15.6,100,1009.4,1
2025-10-27,Quang_Ngai,15.1214,108.8044,24.9,95,16.4,100,1009.3,1
2025-10-28,Quang_Ngai,15.1214,108.8044,24.6,95,16.2,100,1009.2,1
2025-10-29,Quang_Ngai,15.1214,108.8044,25.1,94,16.2,100,1008.3,1
2025-10-30,Quang_Ngai,15.1214,108.8044,26.0,90,16.5,98,1009.7,1
2025-10-31,Quang_Ngai,15.1214,108.8044,25.4,93,10.6,98,1011.4,1
2025-11-01,Quang_Ngai,15.1214,108.8044,24.4,95,13.6,100,1011.8,1
2025-11-02,Quang_Ngai,15.1214,108.8044,24.3,96,15.3,100,1009.8,1
2025-11-03,Quang_Ngai,15.1214,108.8044,25.5,91,11.7,100,1008.5,1
2025-11-04,Quang_Ngai,15.1214,108.8044,25.7,88,18.0,87,1009.3,1
2025-11-05,Quang_Ngai,15.1214,108.8044,25.2,87,19.6,91,1008.4,1
2025-11-06,Quang_Ngai,15.1214,108.8044,24.4,92,39.4,100,1004.2,1
2025-11-07,Quang_Ngai,15.1214,108.8044,27.6,79,38.0,78,1004.3,1
2025-11-08,Quang_Ngai,15.1214,108.8044,26.8,87,15.4,49,1009.4,1
2025-11-09,Quang_Ngai,15.1214,108.8044,26.6,88,13.7,88,1009.1,1
2025-11-10,Quang_Ngai,15.1214,108.8044,26.5,83,14.2,97,1007.8,0
2025-11-11,Quang_Ngai,15.1214,108.8044,26.5,83,15.7,100,1008.1,0
2025-11-12,Quang_Ngai,15.1214,108.8044,26.0,81,22.9,68,1010.6,0
2025-11-13,Quang_Ngai,15.1214,108.8044,24.9,74,26.1,14,1013.1,0
2025-11-14,Quang_Ngai,15.1214,108.8044,23.6,73,24.9,54,1013.1,1
2025-11-15,Quang_Ngai,15.1214,108.8044,24.1,80,20.2,80,1013.1,1
2025-11-16,Quang_Ngai,15.1214,108.8044,24.0,94,13.9,99,1012.8,1
2025-11-17,Quang_Ngai,15.1214,108.8044,24.2,93,16.3,100,1013.5,1
2025-11-18,Quang_Ngai,15.1214,108.8044,24.0,90,22.6,100,1014.0,1
2025-11-19,Quang_Ngai,15.1214,108.8044,22.0,93,30.1,100,1015.7,1
2025-11-20,Quang_Ngai,15.1214,108.8044,20.7,92,21.7,100,1016.8,1
2025-11-21,Quang_Ngai,15.1214,108.8044,20.6,86,19.4,100,1016.9,1
2025-11-22,Quang_Ngai,15.1214,108.8044,21.2,90,16.1,100,1015.2,1
2025-11-23,Quang_Ngai,15.1214,108.8044,22.4,94,19.7,100,1013.6,1
2025-11-24,Quang_Ngai,15.1214,108.8044,23.4,90,20.1,87,1013.7,1
2025-11-25,Quang_Ngai,15.1214,108.8044,22.8,83,25.6,100,1014.4,1
2025-11-26,Quang_Ngai,15.1214,108.8044,21.9,82,24.2,90,1014.1,1
2025-11-27,Quang_Ngai,15.1214,108.8044,21.7,69,37.1,100,1014.9,1
2025-11-28,Quang_Ngai,15.1214,108.8044,21.3,62,25.5,99,1013.1,1
2025-11-29,Quang_Ngai,15.1214,108.8044,22.1,72,22.3,99,1010.8,1
2025-11-30,Quang_Ngai,15.1214,108.8044,23.9,80,16.4,93,1009.5,1
2025-12-01,Quang_Ngai,15.1214,108.8044,24.8,85,23.4,58,1009.9,1
2025-12-02,Quang_Ngai,15.1214,108.8044,25.0,86,19.8,77,1010.1,1
2025-12-03,Quang_Ngai,15.1214,108.8044,23.8,95,17.5,100,1012.3,1
2025-12-04,Quang_Ngai,15.1214,108.8044,24.3,90,20.8,80,1014.0,1
2025-12-05,Quang_Ngai,15.1214,108.8044,23.9,85,15.4,60,1015.8,1
2025-12-06,Quang_Ngai,15.1214,108.8044,22.8,81,18.3,42,1015.5,1
2025-12-07,Quang_Ngai,15.1214,108.8044,22.5,76,17.8,46,1015.0,1
2025-12-08,Quang_Ngai,15.1214,108.8044,21.3,87,18.9,96,1015.0,1
2025-12-09,Quang_Ngai,15.1214,108.8044,22.1,85,16.2,100,1014.5,1
2025-12-10,Quang_Ngai,15.1214,108.8044,22.3,93,12.7,100,1013.0,1
2025-12-11,Quang_Ngai,15.1214,108.8044,23.9,89,11.3,79,1013.1,1
2025-12-12,Quang_Ngai,15.1214,108.8044,24.6,85,10.9,68,1012.9,1
2025-12-13,Quang_Ngai,15.1214,108.8044,24.2,86,15.9,77,1013.7,1
2025-12-14,Quang_Ngai,15.1214,108.8044,23.6,85,23.5,90,1015.1,1
2025-12-15,Quang_Ngai,15.1214,108.8044,23.0,87,18.5,95,1014.9,1
2025-12-16,Quang_Ngai,15.1214,108.8044,23.5,87,16.7,74,1013.9,1
2025-12-17,Quang_Ngai,15.1214,108.8044,22.8,91,16.6,98,1014.7,1
2025-12-18,Quang_Ngai,15.1214,108.8044,23.2,84,20.0,67,1014.2,1
2025-12-19,Quang_Ngai,15.1214,108.8044,23.1,87,18.6,98,1011.9,1
2025-12-20,Quang_Ngai,15.1214,108.8044,23.3,87,19.0,98,1011.4,1
2025-12-21,Quang_Ngai,15.1214,108.8044,23.3,93,16.6,95,1012.2,1
2025-12-22,Quang_Ngai,15.1214,108.8044,23.2,90,15.2,89,1012.4,1
2025-12-23,Quang_Ngai,15.1214,108.8044,23.8,85,12.8,85,1011.5,1
2025-12-24,Quang_Ngai,15.1214,108.8044,23.7,89,13.2,90,1010.6,1
2025-12-25,Quang_Ngai,15.1214,108.8044,23.7,86,17.6,100,1012.6,1
2025-12-26,Quang_Ngai,15.1214,108.8044,21.2,92,17.1,93,1015.1,1
2025-12-27,Quang_Ngai,15.1214,108.8044,21.3,88,19.0,87,1015.0,1
2025-12-28,Quang_Ngai,15.1214,108.8044,21.8,87,16.1,53,1014.9,1
2025-12-29,Quang_Ngai,15.1214,108.8044,22.1,87,13.1,67,1013.4,1
2025-12-30,Quang_Ngai,15.1214,108.8044,22.6,81,13.0,94,1012.2,1
2025-12-31,Quang_Ngai,15.1214,108.8044,22.5,77,10.4,77,1010.6,1
